class,name,n,A_nnz,density_pct,cu_cnnz,man_cnnz,merge_cnnz,merge2_cnnz,cnnz_gap_pct,buf2,cu_we,cu_compute,cu_copy,cu_d2h,cu_kernel,cu_time,cu_write,man_count,man_fill,man_kernel,man_time,merge_time,merge2_time,man_write,phases
Dense,bcsstk02,66,4356,100.0,4356,4356,4356,4356,0.0,,0.09199999999998454,0.20199999999999818,0.03899999999998727,0.9069999999999823,0.33299999999997,1.407,,,,,1.829,2.738,1.756,,"{('cu', 'start'): 494.415, ('cu', 'h2dmalloc'): 494.476, ('cu', 'h2d'): 494.494, ('cu', 'workest'): 494.586, ('cu', 'compute'): 494.788, ('cu', 'copy'): 494.827, ('cu', 'pack'): 494.843, ('cu', 'd2h'): 495.75, ('gust', 'start'): 496.088, ('gust', 'h2d'): 496.169, ('gust', 'count'): 496.195, ('gust', 'scan'): 496.236, ('gust', 'expand'): 496.355, ('gust', 'sort'): 496.601, ('gust', 'reduce'): 496.736, ('gust', 'final'): 496.894, ('gust', 'pack'): 496.911, ('gust', 'd2h'): 497.775, ('merge', 'start'): 498.186, ('merge', 'h2d'): 498.27, ('merge', 'count'): 498.296, ('merge', 'scan'): 498.335, ('merge', 'expand'): 498.811, ('merge', 'merge'): 499.669, ('merge', 'final'): 499.768, ('merge', 'compact'): 499.89, ('merge', 'pack'): 499.907, ('merge', 'd2h'): 500.831, ('mrg2', 'start'): 501.191, ('mrg2', 'h2d'): 501.274, ('mrg2', 'count'): 501.3, ('mrg2', 'scan'): 501.34, ('mrg2', 'merge'): 501.521, ('mrg2', 'final'): 501.554, ('mrg2', 'compact'): 501.643, ('mrg2', 'pack'): 501.668, ('mrg2', 'd2h'): 502.829}"
Dense,can_24,24,160,27.77777777777778,336,336,336,336,0.0,,0.05700000000001637,0.14999999999997726,0.04199999999997317,0.61099999999999,0.2489999999999668,1.009,,,,,0.977,0.938,0.924,,"{('cu', 'start'): 469.477, ('cu', 'h2dmalloc'): 469.535, ('cu', 'h2d'): 469.543, ('cu', 'workest'): 469.6, ('cu', 'compute'): 469.75, ('cu', 'copy'): 469.792, ('cu', 'pack'): 469.807, ('cu', 'd2h'): 470.418, ('gust', 'start'): 470.745, ('gust', 'h2d'): 470.81, ('gust', 'count'): 470.829, ('gust', 'scan'): 470.865, ('gust', 'expand'): 470.885, ('gust', 'sort'): 470.926, ('gust', 'reduce'): 470.962, ('gust', 'final'): 471.008, ('gust', 'pack'): 471.021, ('gust', 'd2h'): 471.635, ('merge', 'start'): 471.972, ('merge', 'h2d'): 472.037, ('merge', 'count'): 472.057, ('merge', 'scan'): 472.091, ('merge', 'expand'): 472.116, ('merge', 'merge'): 472.159, ('merge', 'final'): 472.194, ('merge', 'compact'): 472.214, ('merge', 'pack'): 472.228, ('merge', 'd2h'): 472.824, ('mrg2', 'start'): 473.155, ('mrg2', 'h2d'): 473.22, ('mrg2', 'count'): 473.24, ('mrg2', 'scan'): 473.276, ('mrg2', 'merge'): 473.307, ('mrg2', 'final'): 473.336, ('mrg2', 'compact'): 473.357, ('mrg2', 'pack'): 473.372, ('mrg2', 'd2h'): 473.996}"
Dense,bcsstk04,132,3648,20.9366391184573,11968,11968,11968,11968,0.0,,0.055999999999983174,0.22500000000002274,0.04800000000000182,0.6940000000000168,0.32900000000000773,1.176,,,,,1.394,1.899,1.034,,"{('cu', 'start'): 476.846, ('cu', 'h2dmalloc'): 476.904, ('cu', 'h2d'): 476.916, ('cu', 'workest'): 476.972, ('cu', 'compute'): 477.197, ('cu', 'copy'): 477.245, ('cu', 'pack'): 477.26, ('cu', 'd2h'): 477.954, ('gust', 'start'): 478.27, ('gust', 'h2d'): 478.347, ('gust', 'count'): 478.368, ('gust', 'scan'): 478.405, ('gust', 'expand'): 478.44, ('gust', 'sort'): 478.683, ('gust', 'reduce'): 478.772, ('gust', 'final'): 478.875, ('gust', 'pack'): 478.89, ('gust', 'd2h'): 479.573, ('merge', 'start'): 479.948, ('merge', 'h2d'): 480.027, ('merge', 'count'): 480.055, ('merge', 'scan'): 480.099, ('merge', 'expand'): 480.266, ('merge', 'merge'): 480.989, ('merge', 'final'): 481.029, ('merge', 'compact'): 481.108, ('merge', 'pack'): 481.127, ('merge', 'd2h'): 481.762, ('mrg2', 'start'): 482.095, ('mrg2', 'h2d'): 482.165, ('mrg2', 'count'): 482.186, ('mrg2', 'scan'): 482.222, ('mrg2', 'merge'): 482.366, ('mrg2', 'final'): 482.397, ('mrg2', 'compact'): 482.419, ('mrg2', 'pack'): 482.434, ('mrg2', 'd2h'): 483.046}"
Dense,bcsstk01,48,400,17.36111111111111,1292,1292,1292,1292,0.0,,0.051999999999964075,0.1490000000000009,0.045000000000015916,0.6050000000000182,0.2459999999999809,1.003,,,,,1.05,0.981,0.926,,"{('cu', 'start'): 468.674, ('cu', 'h2dmalloc'): 468.731, ('cu', 'h2d'): 468.74, ('cu', 'workest'): 468.792, ('cu', 'compute'): 468.941, ('cu', 'copy'): 468.986, ('cu', 'pack'): 469.0, ('cu', 'd2h'): 469.605, ('gust', 'start'): 469.936, ('gust', 'h2d'): 470.001, ('gust', 'count'): 470.022, ('gust', 'scan'): 470.058, ('gust', 'expand'): 470.078, ('gust', 'sort'): 470.182, ('gust', 'reduce'): 470.217, ('gust', 'final'): 470.267, ('gust', 'pack'): 470.281, ('gust', 'd2h'): 470.893, ('merge', 'start'): 471.234, ('merge', 'h2d'): 471.299, ('merge', 'count'): 471.318, ('merge', 'scan'): 471.353, ('merge', 'expand'): 471.384, ('merge', 'merge'): 471.451, ('merge', 'final'): 471.485, ('merge', 'compact'): 471.506, ('merge', 'pack'): 471.522, ('merge', 'd2h'): 472.129, ('mrg2', 'start'): 472.468, ('mrg2', 'h2d'): 472.535, ('mrg2', 'count'): 472.553, ('mrg2', 'scan'): 472.588, ('mrg2', 'merge'): 472.631, ('mrg2', 'final'): 472.66, ('mrg2', 'compact'): 472.68, ('mrg2', 'pack'): 472.694, ('mrg2', 'd2h'): 473.311}"
Dense,can_61,61,557,14.969094329481322,1793,1793,1793,1793,0.0,,0.08900000000005548,0.16199999999997772,0.057999999999992724,0.7869999999999777,0.3090000000000259,1.3,,,,,1.35,1.342,1.203,,"{('cu', 'start'): 510.066, ('cu', 'h2dmalloc'): 510.142, ('cu', 'h2d'): 510.155, ('cu', 'workest'): 510.244, ('cu', 'compute'): 510.406, ('cu', 'copy'): 510.464, ('cu', 'pack'): 510.493, ('cu', 'd2h'): 511.28, ('gust', 'start'): 511.694, ('gust', 'h2d'): 511.778, ('gust', 'count'): 511.806, ('gust', 'scan'): 511.856, ('gust', 'expand'): 511.886, ('gust', 'sort'): 512.005, ('gust', 'reduce'): 512.053, ('gust', 'final'): 512.119, ('gust', 'pack'): 512.14, ('gust', 'd2h'): 512.934, ('merge', 'start'): 513.364, ('merge', 'h2d'): 513.447, ('merge', 'count'): 513.474, ('merge', 'scan'): 513.538, ('merge', 'expand'): 513.587, ('merge', 'merge'): 513.738, ('merge', 'final'): 513.783, ('merge', 'compact'): 513.81, ('merge', 'pack'): 513.831, ('merge', 'd2h'): 514.601, ('mrg2', 'start'): 515.023, ('mrg2', 'h2d'): 515.105, ('mrg2', 'count'): 515.13, ('mrg2', 'scan'): 515.176, ('mrg2', 'merge'): 515.233, ('mrg2', 'final'): 515.27, ('mrg2', 'compact'): 515.296, ('mrg2', 'pack'): 515.316, ('mrg2', 'd2h'): 516.121}"
Dense,bcsstk05,153,2423,10.350719808620616,7245,7245,7245,7245,0.0,,0.06599999999997408,0.1490000000000009,0.05200000000002092,0.7110000000000127,0.2669999999999959,1.153,,,,,1.197,1.238,1.08,,"{('cu', 'start'): 482.034, ('cu', 'h2dmalloc'): 482.109, ('cu', 'h2d'): 482.124, ('cu', 'workest'): 482.19, ('cu', 'compute'): 482.339, ('cu', 'copy'): 482.391, ('cu', 'pack'): 482.406, ('cu', 'd2h'): 483.117, ('gust', 'start'): 483.459, ('gust', 'h2d'): 483.542, ('gust', 'count'): 483.565, ('gust', 'scan'): 483.603, ('gust', 'expand'): 483.628, ('gust', 'sort'): 483.749, ('gust', 'reduce'): 483.785, ('gust', 'final'): 483.836, ('gust', 'pack'): 483.851, ('gust', 'd2h'): 484.566, ('merge', 'start'): 484.92, ('merge', 'h2d'): 485.006, ('merge', 'count'): 485.029, ('merge', 'scan'): 485.069, ('merge', 'expand'): 485.131, ('merge', 'merge'): 485.298, ('merge', 'final'): 485.332, ('merge', 'compact'): 485.354, ('merge', 'pack'): 485.369, ('merge', 'd2h'): 486.072, ('mrg2', 'start'): 486.461, ('mrg2', 'h2d'): 486.547, ('mrg2', 'count'): 486.568, ('mrg2', 'scan'): 486.606, ('mrg2', 'merge'): 486.667, ('mrg2', 'final'): 486.697, ('mrg2', 'compact'): 486.719, ('mrg2', 'pack'): 486.734, ('mrg2', 'd2h'): 487.452}"
Mildly sparse,bcspwr01,39,131,8.61275476660092,275,275,275,275,0.0,,0.07200000000000273,0.1519999999999868,0.05299999999999727,0.7869999999999777,0.2769999999999868,1.237,,,,,1.236,1.206,1.618,,"{('cu', 'start'): 498.604, ('cu', 'h2dmalloc'): 498.673, ('cu', 'h2d'): 498.685, ('cu', 'workest'): 498.757, ('cu', 'compute'): 498.909, ('cu', 'copy'): 498.962, ('cu', 'pack'): 498.981, ('cu', 'd2h'): 499.768, ('gust', 'start'): 500.1, ('gust', 'h2d'): 500.174, ('gust', 'count'): 500.197, ('gust', 'scan'): 500.24, ('gust', 'expand'): 500.264, ('gust', 'sort'): 500.309, ('gust', 'reduce'): 500.353, ('gust', 'final'): 500.404, ('gust', 'pack'): 500.452, ('gust', 'd2h'): 501.244, ('merge', 'start'): 501.602, ('merge', 'h2d'): 501.679, ('merge', 'count'): 501.703, ('merge', 'scan'): 501.746, ('merge', 'expand'): 501.771, ('merge', 'merge'): 501.808, ('merge', 'final'): 501.847, ('merge', 'compact'): 501.874, ('merge', 'pack'): 501.893, ('merge', 'd2h'): 502.7, ('mrg2', 'start'): 503.233, ('mrg2', 'h2d'): 503.335, ('mrg2', 'count'): 503.36, ('mrg2', 'scan'): 503.416, ('mrg2', 'merge'): 503.448, ('mrg2', 'final'): 503.483, ('mrg2', 'compact'): 503.512, ('mrg2', 'pack'): 503.533, ('mrg2', 'd2h'): 504.732}"
Mildly sparse,can_96,96,768,8.333333333333332,1920,1920,1920,1920,0.0,,0.06099999999997863,0.15500000000002956,0.05099999999998772,0.6160000000000423,0.2669999999999959,1.047,,,,,1.098,1.004,0.957,,"{('cu', 'start'): 465.558, ('cu', 'h2dmalloc'): 465.619, ('cu', 'h2d'): 465.632, ('cu', 'workest'): 465.693, ('cu', 'compute'): 465.848, ('cu', 'copy'): 465.899, ('cu', 'pack'): 465.917, ('cu', 'd2h'): 466.533, ('gust', 'start'): 466.862, ('gust', 'h2d'): 466.937, ('gust', 'count'): 466.96, ('gust', 'scan'): 467.001, ('gust', 'expand'): 467.024, ('gust', 'sort'): 467.134, ('gust', 'reduce'): 467.178, ('gust', 'final'): 467.229, ('gust', 'pack'): 467.247, ('gust', 'd2h'): 467.867, ('merge', 'start'): 468.209, ('merge', 'h2d'): 468.284, ('merge', 'count'): 468.308, ('merge', 'scan'): 468.349, ('merge', 'expand'): 468.379, ('merge', 'merge'): 468.435, ('merge', 'final'): 468.473, ('merge', 'compact'): 468.498, ('merge', 'pack'): 468.515, ('merge', 'd2h'): 469.12, ('mrg2', 'start'): 469.459, ('mrg2', 'h2d'): 469.53, ('mrg2', 'count'): 469.553, ('mrg2', 'scan'): 469.592, ('mrg2', 'merge'): 469.633, ('mrg2', 'final'): 469.669, ('mrg2', 'compact'): 469.693, ('mrg2', 'pack'): 469.716, ('mrg2', 'd2h'): 470.324}"
Mildly sparse,arc130,130,1282,7.585798816568047,15631,15631,15631,15631,0.0,,0.07200000000000273,0.15800000000001546,0.053999999999973625,0.8369999999999891,0.2839999999999918,1.297,,,,,1.367,2.63,1.393,,"{('cu', 'start'): 505.142, ('cu', 'h2dmalloc'): 505.21, ('cu', 'h2d'): 505.226, ('cu', 'workest'): 505.298, ('cu', 'compute'): 505.456, ('cu', 'copy'): 505.51, ('cu', 'pack'): 505.529, ('cu', 'd2h'): 506.366, ('gust', 'start'): 506.702, ('gust', 'h2d'): 506.779, ('gust', 'count'): 506.807, ('gust', 'scan'): 506.85, ('gust', 'expand'): 506.894, ('gust', 'sort'): 507.021, ('gust', 'reduce'): 507.067, ('gust', 'final'): 507.124, ('gust', 'pack'): 507.142, ('gust', 'd2h'): 507.976, ('merge', 'start'): 508.325, ('merge', 'h2d'): 508.401, ('merge', 'count'): 508.429, ('merge', 'scan'): 508.47, ('merge', 'expand'): 508.609, ('merge', 'merge'): 509.846, ('merge', 'final'): 509.886, ('merge', 'compact'): 509.913, ('merge', 'pack'): 509.931, ('merge', 'd2h'): 510.858, ('mrg2', 'start'): 511.219, ('mrg2', 'h2d'): 511.299, ('mrg2', 'count'): 511.326, ('mrg2', 'scan'): 511.367, ('mrg2', 'merge'): 511.573, ('mrg2', 'final'): 511.609, ('mrg2', 'compact'): 511.635, ('mrg2', 'pack'): 511.654, ('mrg2', 'd2h'): 512.512}"
Mildly sparse,ash85,85,523,7.2387543252595155,1317,1317,1317,1317,0.0,,0.06200000000001182,0.146000000000015,0.045000000000015916,0.7769999999999868,0.25300000000004275,1.178,,,,,1.209,1.12,1.06,,"{('cu', 'start'): 485.336, ('cu', 'h2dmalloc'): 485.396, ('cu', 'h2d'): 485.405, ('cu', 'workest'): 485.467, ('cu', 'compute'): 485.613, ('cu', 'copy'): 485.658, ('cu', 'pack'): 485.672, ('cu', 'd2h'): 486.449, ('gust', 'start'): 486.773, ('gust', 'h2d'): 486.841, ('gust', 'count'): 486.862, ('gust', 'scan'): 486.899, ('gust', 'expand'): 486.92, ('gust', 'sort'): 487.024, ('gust', 'reduce'): 487.062, ('gust', 'final'): 487.113, ('gust', 'pack'): 487.128, ('gust', 'd2h'): 487.902, ('merge', 'start'): 488.238, ('merge', 'h2d'): 488.306, ('merge', 'count'): 488.326, ('merge', 'scan'): 488.361, ('merge', 'expand'): 488.388, ('merge', 'merge'): 488.438, ('merge', 'final'): 488.471, ('merge', 'compact'): 488.493, ('merge', 'pack'): 488.507, ('merge', 'd2h'): 489.28, ('mrg2', 'start'): 489.611, ('mrg2', 'h2d'): 489.677, ('mrg2', 'count'): 489.695, ('mrg2', 'scan'): 489.73, ('mrg2', 'merge'): 489.764, ('mrg2', 'final'): 489.792, ('mrg2', 'compact'): 489.813, ('mrg2', 'pack'): 489.827, ('mrg2', 'd2h'): 490.592}"
Mildly sparse,can_73,73,377,7.0744980296490905,1377,1377,1377,1377,0.0,,0.06099999999997863,0.1490000000000009,0.05299999999999727,0.6220000000000141,0.2629999999999768,1.06,,,,,1.053,1.003,0.973,,"{('cu', 'start'): 463.053, ('cu', 'h2dmalloc'): 463.117, ('cu', 'h2d'): 463.129, ('cu', 'workest'): 463.19, ('cu', 'compute'): 463.339, ('cu', 'copy'): 463.392, ('cu', 'pack'): 463.411, ('cu', 'd2h'): 464.033, ('gust', 'start'): 464.363, ('gust', 'h2d'): 464.435, ('gust', 'count'): 464.459, ('gust', 'scan'): 464.5, ('gust', 'expand'): 464.524, ('gust', 'sort'): 464.573, ('gust', 'reduce'): 464.616, ('gust', 'final'): 464.669, ('gust', 'pack'): 464.687, ('gust', 'd2h'): 465.319, ('merge', 'start'): 465.665, ('merge', 'h2d'): 465.738, ('merge', 'count'): 465.761, ('merge', 'scan'): 465.801, ('merge', 'expand'): 465.83, ('merge', 'merge'): 465.884, ('merge', 'final'): 465.922, ('merge', 'compact'): 465.948, ('merge', 'pack'): 465.967, ('merge', 'd2h'): 466.576, ('mrg2', 'start'): 466.918, ('mrg2', 'h2d'): 466.989, ('mrg2', 'count'): 467.016, ('mrg2', 'scan'): 467.058, ('mrg2', 'merge'): 467.103, ('mrg2', 'final'): 467.139, ('mrg2', 'compact'): 467.165, ('mrg2', 'pack'): 467.183, ('mrg2', 'd2h'): 467.8}"
Mildly sparse,bcspwr02,49,167,6.9554352353186175,403,403,403,403,0.0,,0.06499999999999773,0.1490000000000009,0.05700000000001637,0.7300000000000182,0.271000000000015,1.175,,,,,1.155,1.101,1.077,,"{('cu', 'start'): 498.471, ('cu', 'h2dmalloc'): 498.545, ('cu', 'h2d'): 498.558, ('cu', 'workest'): 498.623, ('cu', 'compute'): 498.772, ('cu', 'copy'): 498.829, ('cu', 'pack'): 498.844, ('cu', 'd2h'): 499.574, ('gust', 'start'): 499.921, ('gust', 'h2d'): 500.001, ('gust', 'count'): 500.023, ('gust', 'scan'): 500.068, ('gust', 'expand'): 500.086, ('gust', 'sort'): 500.128, ('gust', 'reduce'): 500.165, ('gust', 'final'): 500.214, ('gust', 'pack'): 500.227, ('gust', 'd2h'): 500.971, ('merge', 'start'): 501.35, ('merge', 'h2d'): 501.433, ('merge', 'count'): 501.454, ('merge', 'scan'): 501.493, ('merge', 'expand'): 501.514, ('merge', 'merge'): 501.548, ('merge', 'final'): 501.582, ('merge', 'compact'): 501.605, ('merge', 'pack'): 501.62, ('merge', 'd2h'): 502.361, ('mrg2', 'start'): 502.715, ('mrg2', 'h2d'): 502.797, ('mrg2', 'count'): 502.817, ('mrg2', 'scan'): 502.856, ('mrg2', 'merge'): 502.885, ('mrg2', 'final'): 502.914, ('mrg2', 'compact'): 502.936, ('mrg2', 'pack'): 502.951, ('mrg2', 'd2h'): 503.705}"
Mildly sparse,can_144,144,1296,6.25,3456,3456,3456,3456,0.0,,0.060000000000002274,0.146000000000015,0.04599999999999227,0.6089999999999804,0.25200000000000955,1.012,,,,,1.055,0.975,0.961,,"{('cu', 'start'): 463.943, ('cu', 'h2dmalloc'): 464.002, ('cu', 'h2d'): 464.012, ('cu', 'workest'): 464.072, ('cu', 'compute'): 464.218, ('cu', 'copy'): 464.264, ('cu', 'pack'): 464.278, ('cu', 'd2h'): 464.887, ('gust', 'start'): 465.208, ('gust', 'h2d'): 465.275, ('gust', 'count'): 465.295, ('gust', 'scan'): 465.332, ('gust', 'expand'): 465.351, ('gust', 'sort'): 465.46, ('gust', 'reduce'): 465.495, ('gust', 'final'): 465.544, ('gust', 'pack'): 465.558, ('gust', 'd2h'): 466.178, ('merge', 'start'): 466.509, ('merge', 'h2d'): 466.575, ('merge', 'count'): 466.595, ('merge', 'scan'): 466.63, ('merge', 'expand'): 466.661, ('merge', 'merge'): 466.736, ('merge', 'final'): 466.77, ('merge', 'compact'): 466.792, ('merge', 'pack'): 466.806, ('merge', 'd2h'): 467.401, ('mrg2', 'start'): 467.733, ('mrg2', 'h2d'): 467.801, ('mrg2', 'count'): 467.819, ('mrg2', 'scan'): 467.855, ('mrg2', 'merge'): 467.891, ('mrg2', 'final'): 467.92, ('mrg2', 'compact'): 467.94, ('mrg2', 'pack'): 467.954, ('mrg2', 'd2h'): 468.61}"
Mildly sparse,can_62,62,218,5.6711758584807495,482,482,482,482,0.0,,0.05200000000002092,0.1439999999999486,0.043000000000006366,0.6260000000000332,0.2389999999999759,1.015,,,,,0.968,0.932,0.909,,"{('cu', 'start'): 488.373, ('cu', 'h2dmalloc'): 488.433, ('cu', 'h2d'): 488.442, ('cu', 'workest'): 488.494, ('cu', 'compute'): 488.638, ('cu', 'copy'): 488.681, ('cu', 'pack'): 488.695, ('cu', 'd2h'): 489.321, ('gust', 'start'): 489.641, ('gust', 'h2d'): 489.704, ('gust', 'count'): 489.724, ('gust', 'scan'): 489.759, ('gust', 'expand'): 489.777, ('gust', 'sort'): 489.819, ('gust', 'reduce'): 489.853, ('gust', 'final'): 489.901, ('gust', 'pack'): 489.915, ('gust', 'd2h'): 490.523, ('merge', 'start'): 490.854, ('merge', 'h2d'): 490.917, ('merge', 'count'): 490.936, ('merge', 'scan'): 490.97, ('merge', 'expand'): 490.99, ('merge', 'merge'): 491.023, ('merge', 'final'): 491.058, ('merge', 'compact'): 491.079, ('merge', 'pack'): 491.094, ('merge', 'd2h'): 491.703, ('mrg2', 'start'): 492.032, ('mrg2', 'h2d'): 492.096, ('mrg2', 'count'): 492.114, ('mrg2', 'scan'): 492.158, ('mrg2', 'merge'): 492.185, ('mrg2', 'final'): 492.214, ('mrg2', 'compact'): 492.234, ('mrg2', 'pack'): 492.249, ('mrg2', 'd2h'): 492.856}"
Mildly sparse,can_161,161,1377,5.31229505034528,3761,3761,3761,3761,0.0,,0.06099999999997863,0.15300000000002,0.045000000000015916,0.6270000000000095,0.25900000000001455,1.039,,,,,1.067,0.991,0.924,,"{('cu', 'start'): 485.821, ('cu', 'h2dmalloc'): 485.879, ('cu', 'h2d'): 485.889, ('cu', 'workest'): 485.95, ('cu', 'compute'): 486.103, ('cu', 'copy'): 486.148, ('cu', 'pack'): 486.163, ('cu', 'd2h'): 486.79, ('gust', 'start'): 487.112, ('gust', 'h2d'): 487.178, ('gust', 'count'): 487.199, ('gust', 'scan'): 487.237, ('gust', 'expand'): 487.257, ('gust', 'sort'): 487.365, ('gust', 'reduce'): 487.402, ('gust', 'final'): 487.452, ('gust', 'pack'): 487.466, ('gust', 'd2h'): 488.091, ('merge', 'start'): 488.429, ('merge', 'h2d'): 488.496, ('merge', 'count'): 488.516, ('merge', 'scan'): 488.553, ('merge', 'expand'): 488.583, ('merge', 'merge'): 488.67, ('merge', 'final'): 488.705, ('merge', 'compact'): 488.727, ('merge', 'pack'): 488.741, ('merge', 'd2h'): 489.335, ('mrg2', 'start'): 489.685, ('mrg2', 'h2d'): 489.753, ('mrg2', 'count'): 489.772, ('mrg2', 'scan'): 489.807, ('mrg2', 'merge'): 489.846, ('mrg2', 'final'): 489.875, ('mrg2', 'compact'): 489.895, ('mrg2', 'pack'): 489.91, ('mrg2', 'd2h'): 490.522}"
Mildly sparse,bcsstk03,112,640,5.1020408163265305,1072,1072,1072,1072,0.0,,0.06499999999999773,0.14500000000003865,0.04399999999998272,0.7069999999999936,0.2540000000000191,1.109,,,,,1.133,0.995,0.967,,"{('cu', 'start'): 487.873, ('cu', 'h2dmalloc'): 487.933, ('cu', 'h2d'): 487.943, ('cu', 'workest'): 488.008, ('cu', 'compute'): 488.153, ('cu', 'copy'): 488.197, ('cu', 'pack'): 488.211, ('cu', 'd2h'): 488.918, ('gust', 'start'): 489.232, ('gust', 'h2d'): 489.296, ('gust', 'count'): 489.316, ('gust', 'scan'): 489.352, ('gust', 'expand'): 489.371, ('gust', 'sort'): 489.477, ('gust', 'reduce'): 489.514, ('gust', 'final'): 489.562, ('gust', 'pack'): 489.575, ('gust', 'd2h'): 490.286, ('merge', 'start'): 490.613, ('merge', 'h2d'): 490.679, ('merge', 'count'): 490.698, ('merge', 'scan'): 490.735, ('merge', 'expand'): 490.757, ('merge', 'merge'): 490.792, ('merge', 'final'): 490.826, ('merge', 'compact'): 490.848, ('merge', 'pack'): 490.863, ('merge', 'd2h'): 491.529, ('mrg2', 'start'): 491.876, ('mrg2', 'h2d'): 491.943, ('mrg2', 'count'): 491.962, ('mrg2', 'scan'): 491.996, ('mrg2', 'merge'): 492.024, ('mrg2', 'final'): 492.051, ('mrg2', 'compact'): 492.072, ('mrg2', 'pack'): 492.087, ('mrg2', 'd2h'): 492.76}"
Mildly sparse,bcsstk06,420,7860,4.45578231292517,23660,23660,23660,23660,0.0,,0.06800000000004047,0.2669999999999959,0.049999999999954525,0.853999999999985,0.3849999999999909,1.411,,,,,1.579,1.608,1.169,,"{('cu', 'start'): 481.217, ('cu', 'h2dmalloc'): 481.276, ('cu', 'h2d'): 481.301, ('cu', 'workest'): 481.369, ('cu', 'compute'): 481.636, ('cu', 'copy'): 481.686, ('cu', 'pack'): 481.702, ('cu', 'd2h'): 482.556, ('gust', 'start'): 482.882, ('gust', 'h2d'): 482.962, ('gust', 'count'): 482.985, ('gust', 'scan'): 483.025, ('gust', 'expand'): 483.054, ('gust', 'sort'): 483.328, ('gust', 'reduce'): 483.425, ('gust', 'final'): 483.481, ('gust', 'pack'): 483.497, ('gust', 'd2h'): 484.313, ('merge', 'start'): 484.716, ('merge', 'h2d'): 484.797, ('merge', 'count'): 484.82, ('merge', 'scan'): 484.858, ('merge', 'expand'): 484.942, ('merge', 'merge'): 485.292, ('merge', 'final'): 485.33, ('merge', 'compact'): 485.353, ('merge', 'pack'): 485.369, ('merge', 'd2h'): 486.186, ('mrg2', 'start'): 486.579, ('mrg2', 'h2d'): 486.662, ('mrg2', 'count'): 486.683, ('mrg2', 'scan'): 486.721, ('mrg2', 'merge'): 486.797, ('mrg2', 'final'): 486.827, ('mrg2', 'compact'): 486.851, ('mrg2', 'pack'): 486.866, ('mrg2', 'd2h'): 487.661}"
Mildly sparse,bcsstk07,420,7860,4.45578231292517,23660,23660,23660,23660,0.0,,0.07500000000004547,0.25499999999999545,0.060000000000002274,0.8500000000000227,0.3900000000000432,1.427,,,,,1.572,1.645,1.216,,"{('cu', 'start'): 500.847, ('cu', 'h2dmalloc'): 500.918, ('cu', 'h2d'): 500.948, ('cu', 'workest'): 501.023, ('cu', 'compute'): 501.278, ('cu', 'copy'): 501.338, ('cu', 'pack'): 501.356, ('cu', 'd2h'): 502.206, ('gust', 'start'): 502.527, ('gust', 'h2d'): 502.611, ('gust', 'count'): 502.637, ('gust', 'scan'): 502.677, ('gust', 'expand'): 502.712, ('gust', 'sort'): 502.975, ('gust', 'reduce'): 503.081, ('gust', 'final'): 503.141, ('gust', 'pack'): 503.16, ('gust', 'd2h'): 503.966, ('merge', 'start'): 504.358, ('merge', 'h2d'): 504.45, ('merge', 'count'): 504.476, ('merge', 'scan'): 504.518, ('merge', 'expand'): 504.606, ('merge', 'merge'): 504.96, ('merge', 'final'): 505.005, ('merge', 'compact'): 505.032, ('merge', 'pack'): 505.051, ('merge', 'd2h'): 505.864, ('mrg2', 'start'): 506.265, ('mrg2', 'h2d'): 506.352, ('mrg2', 'count'): 506.378, ('mrg2', 'scan'): 506.419, ('mrg2', 'merge'): 506.499, ('mrg2', 'final'): 506.533, ('mrg2', 'compact'): 506.56, ('mrg2', 'pack'): 506.579, ('mrg2', 'd2h'): 507.391}"
Mildly sparse,can_256,256,2916,4.449462890625,18568,18568,18568,18568,0.0,,0.055999999999983174,0.15699999999998226,0.04599999999999227,0.6299999999999955,0.2589999999999577,1.044,,,,,1.099,2.907,1.147,,"{('cu', 'start'): 487.201, ('cu', 'h2dmalloc'): 487.259, ('cu', 'h2d'): 487.271, ('cu', 'workest'): 487.327, ('cu', 'compute'): 487.484, ('cu', 'copy'): 487.53, ('cu', 'pack'): 487.545, ('cu', 'd2h'): 488.175, ('gust', 'start'): 488.505, ('gust', 'h2d'): 488.573, ('gust', 'count'): 488.597, ('gust', 'scan'): 488.634, ('gust', 'expand'): 488.665, ('gust', 'sort'): 488.786, ('gust', 'reduce'): 488.822, ('gust', 'final'): 488.874, ('gust', 'pack'): 488.889, ('gust', 'd2h'): 489.517, ('merge', 'start'): 489.852, ('merge', 'h2d'): 489.923, ('merge', 'count'): 489.947, ('merge', 'scan'): 489.982, ('merge', 'expand'): 490.103, ('merge', 'merge'): 491.675, ('merge', 'final'): 491.715, ('merge', 'compact'): 491.75, ('merge', 'pack'): 491.776, ('merge', 'd2h'): 492.643, ('mrg2', 'start'): 493.018, ('mrg2', 'h2d'): 493.093, ('mrg2', 'count'): 493.117, ('mrg2', 'scan'): 493.154, ('mrg2', 'merge'): 493.382, ('mrg2', 'final'): 493.413, ('mrg2', 'compact'): 493.434, ('mrg2', 'pack'): 493.449, ('mrg2', 'd2h'): 494.077}"
Mildly sparse,can_268,268,3082,4.291044776119403,15590,15590,15590,15590,0.0,,0.055999999999983174,0.15899999999999181,0.04699999999996862,0.6430000000000291,0.2619999999999436,1.057,,,,,1.086,1.437,1.017,,"{('cu', 'start'): 476.174, ('cu', 'h2dmalloc'): 476.232, ('cu', 'h2d'): 476.244, ('cu', 'workest'): 476.3, ('cu', 'compute'): 476.459, ('cu', 'copy'): 476.506, ('cu', 'pack'): 476.52, ('cu', 'd2h'): 477.163, ('gust', 'start'): 477.482, ('gust', 'h2d'): 477.55, ('gust', 'count'): 477.571, ('gust', 'scan'): 477.609, ('gust', 'expand'): 477.634, ('gust', 'sort'): 477.758, ('gust', 'reduce'): 477.794, ('gust', 'final'): 477.852, ('gust', 'pack'): 477.867, ('gust', 'd2h'): 478.485, ('merge', 'start'): 478.816, ('merge', 'h2d'): 478.892, ('merge', 'count'): 478.914, ('merge', 'scan'): 478.949, ('merge', 'expand'): 479.019, ('merge', 'merge'): 479.48, ('merge', 'final'): 479.513, ('merge', 'compact'): 479.535, ('merge', 'pack'): 479.552, ('merge', 'd2h'): 480.17, ('mrg2', 'start'): 480.498, ('mrg2', 'h2d'): 480.567, ('mrg2', 'count'): 480.586, ('mrg2', 'scan'): 480.621, ('mrg2', 'merge'): 480.742, ('mrg2', 'final'): 480.771, ('mrg2', 'compact'): 480.792, ('mrg2', 'pack'): 480.806, ('mrg2', 'd2h'): 481.432}"
Mildly sparse,can_187,187,1491,4.26377648774629,3719,3719,3719,3719,0.0,,0.06099999999997863,0.14999999999997726,0.04599999999999227,0.6260000000000332,0.25699999999994816,1.036,,,,,1.06,0.947,0.922,,"{('cu', 'start'): 461.804, ('cu', 'h2dmalloc'): 461.862, ('cu', 'h2d'): 461.874, ('cu', 'workest'): 461.935, ('cu', 'compute'): 462.085, ('cu', 'copy'): 462.131, ('cu', 'pack'): 462.145, ('cu', 'd2h'): 462.771, ('gust', 'start'): 463.098, ('gust', 'h2d'): 463.167, ('gust', 'count'): 463.186, ('gust', 'scan'): 463.223, ('gust', 'expand'): 463.242, ('gust', 'sort'): 463.349, ('gust', 'reduce'): 463.385, ('gust', 'final'): 463.435, ('gust', 'pack'): 463.448, ('gust', 'd2h'): 464.07, ('merge', 'start'): 464.406, ('merge', 'h2d'): 464.473, ('merge', 'count'): 464.493, ('merge', 'scan'): 464.528, ('merge', 'expand'): 464.554, ('merge', 'merge'): 464.604, ('merge', 'final'): 464.639, ('merge', 'compact'): 464.66, ('merge', 'pack'): 464.675, ('merge', 'd2h'): 465.27, ('mrg2', 'start'): 465.598, ('mrg2', 'h2d'): 465.664, ('mrg2', 'count'): 465.683, ('mrg2', 'scan'): 465.719, ('mrg2', 'merge'): 465.755, ('mrg2', 'final'): 465.784, ('mrg2', 'compact'): 465.804, ('mrg2', 'pack'): 465.819, ('mrg2', 'd2h'): 466.435}"
Mildly sparse,bcsstm07,420,7252,4.111111111111112,22972,22972,22972,22972,0.0,,0.06999999999999318,0.23900000000003274,0.04899999999997817,0.853999999999985,0.3580000000000041,1.376,,,,,1.485,1.56,1.13,,"{('cu', 'start'): 476.506, ('cu', 'h2dmalloc'): 476.567, ('cu', 'h2d'): 476.587, ('cu', 'workest'): 476.657, ('cu', 'compute'): 476.896, ('cu', 'copy'): 476.945, ('cu', 'pack'): 476.961, ('cu', 'd2h'): 477.815, ('gust', 'start'): 478.14, ('gust', 'h2d'): 478.225, ('gust', 'count'): 478.246, ('gust', 'scan'): 478.284, ('gust', 'expand'): 478.309, ('gust', 'sort'): 478.554, ('gust', 'reduce'): 478.645, ('gust', 'final'): 478.699, ('gust', 'pack'): 478.714, ('gust', 'd2h'): 479.497, ('merge', 'start'): 479.884, ('merge', 'h2d'): 479.97, ('merge', 'count'): 479.992, ('merge', 'scan'): 480.03, ('merge', 'expand'): 480.105, ('merge', 'merge'): 480.43, ('merge', 'final'): 480.474, ('merge', 'compact'): 480.546, ('merge', 'pack'): 480.563, ('merge', 'd2h'): 481.362, ('mrg2', 'start'): 481.705, ('mrg2', 'h2d'): 481.789, ('mrg2', 'count'): 481.81, ('mrg2', 'scan'): 481.847, ('mrg2', 'merge'): 481.918, ('mrg2', 'final'): 481.947, ('mrg2', 'compact'): 481.968, ('mrg2', 'pack'): 481.982, ('mrg2', 'd2h'): 482.754}"
Mildly sparse,bcsstk27,1224,56126,3.7462888205391085,138106,138106,138106,138106,0.0,,0.05699999999995953,0.4759999999999991,0.10700000000002774,0.8369999999999891,0.6399999999999864,1.711,,,,,2.295,2.931,1.583,,"{('cu', 'start'): 488.287, ('cu', 'h2dmalloc'): 488.344, ('cu', 'h2d'): 488.379, ('cu', 'workest'): 488.436, ('cu', 'compute'): 488.912, ('cu', 'copy'): 489.019, ('cu', 'pack'): 489.036, ('cu', 'd2h'): 489.873, ('gust', 'start'): 490.257, ('gust', 'h2d'): 490.348, ('gust', 'count'): 490.379, ('gust', 'scan'): 490.418, ('gust', 'expand'): 490.589, ('gust', 'sort'): 491.122, ('gust', 'reduce'): 491.273, ('gust', 'final'): 491.562, ('gust', 'pack'): 491.672, ('gust', 'd2h'): 492.417, ('merge', 'start'): 492.817, ('merge', 'h2d'): 492.908, ('merge', 'count'): 492.94, ('merge', 'scan'): 492.977, ('merge', 'expand'): 493.379, ('merge', 'merge'): 494.523, ('merge', 'final'): 494.683, ('merge', 'compact'): 494.814, ('merge', 'pack'): 494.88, ('merge', 'd2h'): 495.612, ('mrg2', 'start'): 496.0, ('mrg2', 'h2d'): 496.091, ('mrg2', 'count'): 496.129, ('mrg2', 'scan'): 496.166, ('mrg2', 'merge'): 496.458, ('mrg2', 'final'): 496.492, ('mrg2', 'compact'): 496.63, ('mrg2', 'pack'): 496.692, ('mrg2', 'd2h'): 497.444}"
Mildly sparse,bcsstm27,1224,56126,3.7462888205391085,138106,138106,138106,138106,0.0,,0.11099999999999,0.6000000000000227,0.18399999999996908,1.5190000000000055,0.8949999999999818,2.85,,,,,3.726,4.348,2.702,,"{('cu', 'start'): 573.435, ('cu', 'h2dmalloc'): 573.54, ('cu', 'h2d'): 573.655, ('cu', 'workest'): 573.766, ('cu', 'compute'): 574.366, ('cu', 'copy'): 574.55, ('cu', 'pack'): 574.58, ('cu', 'd2h'): 576.099, ('gust', 'start'): 576.732, ('gust', 'h2d'): 576.995, ('gust', 'count'): 577.04, ('gust', 'scan'): 577.1, ('gust', 'expand'): 577.386, ('gust', 'sort'): 578.039, ('gust', 'reduce'): 578.317, ('gust', 'final'): 578.728, ('gust', 'pack'): 578.852, ('gust', 'd2h'): 580.245, ('merge', 'start'): 580.905, ('merge', 'h2d'): 581.148, ('merge', 'count'): 581.195, ('merge', 'scan'): 581.255, ('merge', 'expand'): 581.807, ('merge', 'merge'): 583.036, ('merge', 'final'): 583.315, ('merge', 'compact'): 583.512, ('merge', 'pack'): 583.637, ('merge', 'd2h'): 585.05, ('mrg2', 'start'): 585.712, ('mrg2', 'h2d'): 585.946, ('mrg2', 'count'): 585.99, ('mrg2', 'scan'): 586.05, ('mrg2', 'merge'): 586.483, ('mrg2', 'final'): 586.541, ('mrg2', 'compact'): 586.73, ('mrg2', 'pack'): 586.838, ('mrg2', 'd2h'): 588.203}"
Mildly sparse,bcsstk22,138,696,3.6546943919344677,1552,1552,1552,1552,0.0,,0.06999999999999318,0.1519999999999868,0.04400000000003956,0.6879999999999882,0.26600000000001955,1.099,,,,,1.175,1.18,1.055,,"{('cu', 'start'): 491.728, ('cu', 'h2dmalloc'): 491.786, ('cu', 'h2d'): 491.796, ('cu', 'workest'): 491.866, ('cu', 'compute'): 492.018, ('cu', 'copy'): 492.062, ('cu', 'pack'): 492.076, ('cu', 'd2h'): 492.764, ('gust', 'start'): 493.084, ('gust', 'h2d'): 493.151, ('gust', 'count'): 493.172, ('gust', 'scan'): 493.208, ('gust', 'expand'): 493.226, ('gust', 'sort'): 493.333, ('gust', 'reduce'): 493.372, ('gust', 'final'): 493.42, ('gust', 'pack'): 493.434, ('gust', 'd2h'): 494.166, ('merge', 'start'): 494.647, ('merge', 'h2d'): 494.736, ('merge', 'count'): 494.762, ('merge', 'scan'): 494.809, ('merge', 'expand'): 494.84, ('merge', 'merge'): 494.89, ('merge', 'final'): 494.935, ('merge', 'compact'): 494.964, ('merge', 'pack'): 494.986, ('merge', 'd2h'): 495.744, ('mrg2', 'start'): 496.116, ('mrg2', 'h2d'): 496.188, ('mrg2', 'count'): 496.209, ('mrg2', 'scan'): 496.247, ('mrg2', 'merge'): 496.28, ('mrg2', 'final'): 496.308, ('mrg2', 'compact'): 496.329, ('mrg2', 'pack'): 496.343, ('mrg2', 'd2h'): 497.09}"
Mildly sparse,bcspwr03,118,476,3.418557885665039,1270,1270,1270,1270,0.0,,0.05900000000002592,0.1449999999999818,0.05099999999998772,0.6259999999999764,0.25499999999999545,1.048,,,,,1.047,1.024,0.985,,"{('cu', 'start'): 471.964, ('cu', 'h2dmalloc'): 472.025, ('cu', 'h2d'): 472.036, ('cu', 'workest'): 472.095, ('cu', 'compute'): 472.24, ('cu', 'copy'): 472.291, ('cu', 'pack'): 472.309, ('cu', 'd2h'): 472.935, ('gust', 'start'): 473.267, ('gust', 'h2d'): 473.34, ('gust', 'count'): 473.362, ('gust', 'scan'): 473.405, ('gust', 'expand'): 473.431, ('gust', 'sort'): 473.481, ('gust', 'reduce'): 473.526, ('gust', 'final'): 473.582, ('gust', 'pack'): 473.599, ('gust', 'd2h'): 474.221, ('merge', 'start'): 474.576, ('merge', 'h2d'): 474.648, ('merge', 'count'): 474.67, ('merge', 'scan'): 474.709, ('merge', 'expand'): 474.739, ('merge', 'merge'): 474.798, ('merge', 'final'): 474.836, ('merge', 'compact'): 474.861, ('merge', 'pack'): 474.879, ('merge', 'd2h'): 475.505, ('mrg2', 'start'): 475.867, ('mrg2', 'h2d'): 475.943, ('mrg2', 'count'): 475.965, ('mrg2', 'scan'): 476.005, ('mrg2', 'merge'): 476.047, ('mrg2', 'final'): 476.084, ('mrg2', 'compact'): 476.11, ('mrg2', 'pack'): 476.127, ('mrg2', 'd2h'): 476.758}"
Mildly sparse,can_229,229,1777,3.388570012013501,5017,5017,5017,5017,0.0,,0.07499999999998863,0.1490000000000009,0.04699999999996862,0.6309999999999718,0.27099999999995816,1.077,,,,,1.063,1.009,0.954,,"{('cu', 'start'): 497.944, ('cu', 'h2dmalloc'): 498.019, ('cu', 'h2d'): 498.033, ('cu', 'workest'): 498.108, ('cu', 'compute'): 498.257, ('cu', 'copy'): 498.304, ('cu', 'pack'): 498.319, ('cu', 'd2h'): 498.95, ('gust', 'start'): 499.273, ('gust', 'h2d'): 499.34, ('gust', 'count'): 499.362, ('gust', 'scan'): 499.4, ('gust', 'expand'): 499.418, ('gust', 'sort'): 499.533, ('gust', 'reduce'): 499.57, ('gust', 'final'): 499.618, ('gust', 'pack'): 499.633, ('gust', 'd2h'): 500.253, ('merge', 'start'): 500.601, ('merge', 'h2d'): 500.672, ('merge', 'count'): 500.692, ('merge', 'scan'): 500.729, ('merge', 'expand'): 500.758, ('merge', 'merge'): 500.853, ('merge', 'final'): 500.887, ('merge', 'compact'): 500.908, ('merge', 'pack'): 500.924, ('merge', 'd2h'): 501.524, ('mrg2', 'start'): 501.856, ('mrg2', 'h2d'): 501.923, ('mrg2', 'count'): 501.943, ('mrg2', 'scan'): 501.98, ('mrg2', 'merge'): 502.029, ('mrg2', 'final'): 502.057, ('mrg2', 'compact'): 502.078, ('mrg2', 'pack'): 502.092, ('mrg2', 'd2h'): 502.726}"
Mildly sparse,can_292,292,2540,2.9789829236254457,11670,11670,11670,11670,0.0,,0.055999999999983174,0.16599999999999682,0.047000000000025466,0.6239999999999668,0.26900000000000546,1.049,,,,,1.097,1.251,1.014,,"{('cu', 'start'): 467.288, ('cu', 'h2dmalloc'): 467.346, ('cu', 'h2d'): 467.358, ('cu', 'workest'): 467.414, ('cu', 'compute'): 467.58, ('cu', 'copy'): 467.627, ('cu', 'pack'): 467.641, ('cu', 'd2h'): 468.265, ('gust', 'start'): 468.594, ('gust', 'h2d'): 468.668, ('gust', 'count'): 468.69, ('gust', 'scan'): 468.728, ('gust', 'expand'): 468.752, ('gust', 'sort'): 468.873, ('gust', 'reduce'): 468.909, ('gust', 'final'): 468.961, ('gust', 'pack'): 468.976, ('gust', 'd2h'): 469.603, ('merge', 'start'): 469.939, ('merge', 'h2d'): 470.007, ('merge', 'count'): 470.029, ('merge', 'scan'): 470.067, ('merge', 'expand'): 470.124, ('merge', 'merge'): 470.426, ('merge', 'final'): 470.459, ('merge', 'compact'): 470.48, ('merge', 'pack'): 470.494, ('merge', 'd2h'): 471.104, ('mrg2', 'start'): 471.432, ('mrg2', 'h2d'): 471.499, ('mrg2', 'count'): 471.569, ('mrg2', 'scan'): 471.607, ('mrg2', 'merge'): 471.686, ('mrg2', 'final'): 471.716, ('mrg2', 'compact'): 471.737, ('mrg2', 'pack'): 471.751, ('mrg2', 'd2h'): 472.362}"
Mildly sparse,ash292,292,2208,2.589604053293301,6042,6042,6042,6042,0.0,,0.10800000000006094,0.17899999999997362,0.06799999999998363,1.141999999999939,0.3550000000000182,1.753,,,,,1.588,1.512,1.379,,"{('cu', 'start'): 517.957, ('cu', 'h2dmalloc'): 518.066, ('cu', 'h2d'): 518.093, ('cu', 'workest'): 518.201, ('cu', 'compute'): 518.38, ('cu', 'copy'): 518.448, ('cu', 'pack'): 518.474, ('cu', 'd2h'): 519.616, ('gust', 'start'): 520.048, ('gust', 'h2d'): 520.156, ('gust', 'count'): 520.186, ('gust', 'scan'): 520.235, ('gust', 'expand'): 520.26, ('gust', 'sort'): 520.377, ('gust', 'reduce'): 520.423, ('gust', 'final'): 520.486, ('gust', 'pack'): 520.507, ('gust', 'd2h'): 521.517, ('merge', 'start'): 521.976, ('merge', 'h2d'): 522.079, ('merge', 'count'): 522.109, ('merge', 'scan'): 522.166, ('merge', 'expand'): 522.202, ('merge', 'merge'): 522.278, ('merge', 'final'): 522.321, ('merge', 'compact'): 522.348, ('merge', 'pack'): 522.37, ('merge', 'd2h'): 523.375, ('mrg2', 'start'): 523.835, ('mrg2', 'h2d'): 523.939, ('mrg2', 'count'): 523.968, ('mrg2', 'scan'): 524.017, ('mrg2', 'merge'): 524.063, ('mrg2', 'final'): 524.1, ('mrg2', 'compact'): 524.133, ('mrg2', 'pack'): 524.154, ('mrg2', 'd2h'): 525.095}"
Mildly sparse,bcspwr04,274,1612,2.1471575470190207,4982,4982,4982,4982,0.0,,0.06499999999999773,0.1430000000000291,0.05299999999999727,0.8070000000000164,0.2610000000000241,1.226,,,,,1.231,1.196,1.168,,"{('cu', 'start'): 483.877, ('cu', 'h2dmalloc'): 483.939, ('cu', 'h2d'): 483.95, ('cu', 'workest'): 484.015, ('cu', 'compute'): 484.158, ('cu', 'copy'): 484.211, ('cu', 'pack'): 484.231, ('cu', 'd2h'): 485.038, ('gust', 'start'): 485.358, ('gust', 'h2d'): 485.427, ('gust', 'count'): 485.448, ('gust', 'scan'): 485.485, ('gust', 'expand'): 485.508, ('gust', 'sort'): 485.614, ('gust', 'reduce'): 485.652, ('gust', 'final'): 485.7, ('gust', 'pack'): 485.714, ('gust', 'd2h'): 486.509, ('merge', 'start'): 486.867, ('merge', 'h2d'): 486.939, ('merge', 'count'): 486.96, ('merge', 'scan'): 486.998, ('merge', 'expand'): 487.035, ('merge', 'merge'): 487.133, ('merge', 'final'): 487.166, ('merge', 'compact'): 487.189, ('merge', 'pack'): 487.204, ('merge', 'd2h'): 487.98, ('mrg2', 'start'): 488.319, ('mrg2', 'h2d'): 488.387, ('mrg2', 'count'): 488.407, ('mrg2', 'scan'): 488.444, ('mrg2', 'merge'): 488.494, ('mrg2', 'final'): 488.522, ('mrg2', 'compact'): 488.544, ('mrg2', 'pack'): 488.558, ('mrg2', 'd2h'): 489.404}"
Mildly sparse,bcsstk13,2003,83883,2.0907979019987244,396773,396773,396773,396773,0.0,,0.09000000000003183,0.5879999999999654,0.17700000000002092,1.73599999999999,0.8550000000000182,3.027,,,,,3.829,7.919,3.134,,"{('cu', 'start'): 535.454, ('cu', 'h2dmalloc'): 535.538, ('cu', 'h2d'): 535.655, ('cu', 'workest'): 535.745, ('cu', 'compute'): 536.333, ('cu', 'copy'): 536.51, ('cu', 'pack'): 536.589, ('cu', 'd2h'): 538.325, ('gust', 'start'): 538.875, ('gust', 'h2d'): 539.06, ('gust', 'count'): 539.101, ('gust', 'scan'): 539.149, ('gust', 'expand'): 539.38, ('gust', 'sort'): 540.149, ('gust', 'reduce'): 540.345, ('gust', 'final'): 540.778, ('gust', 'pack'): 540.849, ('gust', 'd2h'): 542.445, ('merge', 'start'): 543.096, ('merge', 'h2d'): 543.288, ('merge', 'count'): 543.329, ('merge', 'scan'): 543.375, ('merge', 'expand'): 544.195, ('merge', 'merge'): 548.661, ('merge', 'final'): 548.851, ('merge', 'compact'): 549.088, ('merge', 'pack'): 549.162, ('merge', 'd2h'): 550.752, ('mrg2', 'start'): 551.42, ('mrg2', 'h2d'): 551.61, ('mrg2', 'count'): 551.651, ('mrg2', 'scan'): 551.699, ('mrg2', 'merge'): 552.394, ('mrg2', 'final'): 552.431, ('mrg2', 'compact'): 552.68, ('mrg2', 'pack'): 552.754, ('mrg2', 'd2h'): 554.298}"
Mildly sparse,bcsstm01,48,48,2.083333333333333,48,48,48,48,0.0,,0.06800000000004047,0.14599999999995816,0.043000000000006366,0.6850000000000023,0.257000000000005,1.085,,,,,1.043,0.956,0.977,,"{('cu', 'start'): 476.971, ('cu', 'h2dmalloc'): 477.029, ('cu', 'h2d'): 477.037, ('cu', 'workest'): 477.105, ('cu', 'compute'): 477.251, ('cu', 'copy'): 477.294, ('cu', 'pack'): 477.308, ('cu', 'd2h'): 477.993, ('gust', 'start'): 478.322, ('gust', 'h2d'): 478.386, ('gust', 'count'): 478.405, ('gust', 'scan'): 478.441, ('gust', 'expand'): 478.458, ('gust', 'sort'): 478.501, ('gust', 'reduce'): 478.536, ('gust', 'final'): 478.584, ('gust', 'pack'): 478.597, ('gust', 'd2h'): 479.285, ('merge', 'start'): 479.609, ('merge', 'h2d'): 479.672, ('merge', 'count'): 479.69, ('merge', 'scan'): 479.726, ('merge', 'expand'): 479.743, ('merge', 'merge'): 479.76, ('merge', 'final'): 479.793, ('merge', 'compact'): 479.813, ('merge', 'pack'): 479.827, ('merge', 'd2h'): 480.488, ('mrg2', 'start'): 480.808, ('mrg2', 'h2d'): 480.872, ('mrg2', 'count'): 480.89, ('mrg2', 'scan'): 480.924, ('mrg2', 'merge'): 480.943, ('mrg2', 'final'): 480.97, ('mrg2', 'compact'): 480.991, ('mrg2', 'pack'): 481.005, ('mrg2', 'd2h'): 481.706}"
Mildly sparse,bcsstk14,1806,63454,1.945465404477998,195654,195654,195654,195654,0.0,,0.060000000000002274,0.507000000000005,0.103999999999985,1.0509999999999877,0.6709999999999923,2.025,,,,,2.414,2.977,1.79,,"{('cu', 'start'): 492.391, ('cu', 'h2dmalloc'): 492.449, ('cu', 'h2d'): 492.508, ('cu', 'workest'): 492.568, ('cu', 'compute'): 493.075, ('cu', 'copy'): 493.179, ('cu', 'pack'): 493.24, ('cu', 'd2h'): 494.291, ('gust', 'start'): 494.68, ('gust', 'h2d'): 494.786, ('gust', 'count'): 494.826, ('gust', 'scan'): 494.865, ('gust', 'expand'): 495.046, ('gust', 'sort'): 495.591, ('gust', 'reduce'): 495.744, ('gust', 'final'): 496.078, ('gust', 'pack'): 496.096, ('gust', 'd2h'): 496.954, ('merge', 'start'): 497.346, ('merge', 'h2d'): 497.453, ('merge', 'count'): 497.501, ('merge', 'scan'): 497.539, ('merge', 'expand'): 497.888, ('merge', 'merge'): 498.875, ('merge', 'final'): 499.026, ('merge', 'compact'): 499.205, ('merge', 'pack'): 499.266, ('merge', 'd2h'): 500.141, ('mrg2', 'start'): 500.592, ('mrg2', 'h2d'): 500.7, ('mrg2', 'count'): 500.74, ('mrg2', 'scan'): 500.776, ('mrg2', 'merge'): 501.075, ('mrg2', 'final'): 501.108, ('mrg2', 'compact'): 501.283, ('mrg2', 'pack'): 501.344, ('mrg2', 'd2h'): 502.202}"
Mildly sparse,can_445,445,3809,1.923494508269158,11193,11193,11193,11193,0.0,,0.07100000000002638,0.15999999999996817,0.05500000000000682,0.632000000000005,0.28600000000000136,1.106,,,,,1.159,1.058,1.047,,"{('cu', 'start'): 479.837, ('cu', 'h2dmalloc'): 479.903, ('cu', 'h2d'): 479.921, ('cu', 'workest'): 479.992, ('cu', 'compute'): 480.152, ('cu', 'copy'): 480.207, ('cu', 'pack'): 480.226, ('cu', 'd2h'): 480.858, ('gust', 'start'): 481.197, ('gust', 'h2d'): 481.277, ('gust', 'count'): 481.302, ('gust', 'scan'): 481.345, ('gust', 'expand'): 481.371, ('gust', 'sort'): 481.499, ('gust', 'reduce'): 481.542, ('gust', 'final'): 481.597, ('gust', 'pack'): 481.615, ('gust', 'd2h'): 482.259, ('merge', 'start'): 482.603, ('merge', 'h2d'): 482.679, ('merge', 'count'): 482.702, ('merge', 'scan'): 482.741, ('merge', 'expand'): 482.776, ('merge', 'merge'): 482.875, ('merge', 'final'): 482.913, ('merge', 'compact'): 482.946, ('merge', 'pack'): 482.964, ('merge', 'd2h'): 483.569, ('mrg2', 'start'): 483.914, ('mrg2', 'h2d'): 484.036, ('mrg2', 'count'): 484.059, ('mrg2', 'scan'): 484.099, ('mrg2', 'merge'): 484.162, ('mrg2', 'final'): 484.196, ('mrg2', 'compact'): 484.222, ('mrg2', 'pack'): 484.239, ('mrg2', 'd2h'): 484.86}"
Mildly sparse,bcsstm10,1086,22092,1.8731621948861958,54504,54504,54504,54504,0.0,,0.07800000000003138,0.2839999999999918,0.10300000000000864,1.0109999999999673,0.46500000000003183,1.679,,,,,2.107,2.219,1.621,,"{('cu', 'start'): 498.771, ('cu', 'h2dmalloc'): 498.838, ('cu', 'h2d'): 498.878, ('cu', 'workest'): 498.956, ('cu', 'compute'): 499.24, ('cu', 'copy'): 499.343, ('cu', 'pack'): 499.365, ('cu', 'd2h'): 500.376, ('gust', 'start'): 500.714, ('gust', 'h2d'): 500.815, ('gust', 'count'): 500.842, ('gust', 'scan'): 500.887, ('gust', 'expand'): 501.058, ('gust', 'sort'): 501.321, ('gust', 'reduce'): 501.475, ('gust', 'final'): 501.673, ('gust', 'pack'): 501.696, ('gust', 'd2h'): 502.681, ('merge', 'start'): 503.091, ('merge', 'h2d'): 503.196, ('merge', 'count'): 503.228, ('merge', 'scan'): 503.281, ('merge', 'expand'): 503.522, ('merge', 'merge'): 503.896, ('merge', 'final'): 503.996, ('merge', 'compact'): 504.125, ('merge', 'pack'): 504.148, ('merge', 'd2h'): 505.15, ('mrg2', 'start'): 505.586, ('mrg2', 'h2d'): 505.691, ('mrg2', 'count'): 505.718, ('mrg2', 'scan'): 505.759, ('mrg2', 'merge'): 505.983, ('mrg2', 'final'): 506.021, ('mrg2', 'compact'): 506.099, ('mrg2', 'pack'): 506.122, ('mrg2', 'd2h'): 507.077}"
Mildly sparse,bcsstk10,1086,22070,1.8712968332943305,54504,54504,54504,54504,0.0,,0.07100000000002638,0.2759999999999536,0.05299999999999727,0.9869999999999663,0.39999999999997726,1.594,,,,,1.975,1.99,1.507,,"{('cu', 'start'): 495.754, ('cu', 'h2dmalloc'): 495.832, ('cu', 'h2d'): 495.868, ('cu', 'workest'): 495.939, ('cu', 'compute'): 496.215, ('cu', 'copy'): 496.268, ('cu', 'pack'): 496.285, ('cu', 'd2h'): 497.272, ('gust', 'start'): 497.631, ('gust', 'h2d'): 497.735, ('gust', 'count'): 497.762, ('gust', 'scan'): 497.802, ('gust', 'expand'): 497.959, ('gust', 'sort'): 498.221, ('gust', 'reduce'): 498.358, ('gust', 'final'): 498.564, ('gust', 'pack'): 498.582, ('gust', 'd2h'): 499.461, ('merge', 'start'): 499.884, ('merge', 'h2d'): 499.992, ('merge', 'count'): 500.019, ('merge', 'scan'): 500.059, ('merge', 'expand'): 500.271, ('merge', 'merge'): 500.636, ('merge', 'final'): 500.73, ('merge', 'compact'): 500.85, ('merge', 'pack'): 500.868, ('merge', 'd2h'): 501.731, ('mrg2', 'start'): 502.153, ('mrg2', 'h2d'): 502.255, ('mrg2', 'count'): 502.28, ('mrg2', 'scan'): 502.32, ('mrg2', 'merge'): 502.525, ('mrg2', 'final'): 502.559, ('mrg2', 'compact'): 502.638, ('mrg2', 'pack'): 502.655, ('mrg2', 'd2h'): 503.522}"
Mildly sparse,can_634,634,7228,1.7982067689000787,25446,25446,25446,25446,0.0,,0.06100000000003547,0.23399999999998045,0.04899999999997817,0.7860000000000014,0.3439999999999941,1.287,,,,,1.529,1.363,1.045,,"{('cu', 'start'): 487.471, ('cu', 'h2dmalloc'): 487.529, ('cu', 'h2d'): 487.546, ('cu', 'workest'): 487.607, ('cu', 'compute'): 487.841, ('cu', 'copy'): 487.89, ('cu', 'pack'): 487.905, ('cu', 'd2h'): 488.691, ('gust', 'start'): 489.032, ('gust', 'h2d'): 489.117, ('gust', 'count'): 489.139, ('gust', 'scan'): 489.179, ('gust', 'expand'): 489.205, ('gust', 'sort'): 489.465, ('gust', 'reduce'): 489.576, ('gust', 'final'): 489.691, ('gust', 'pack'): 489.714, ('gust', 'd2h'): 490.461, ('merge', 'start'): 490.819, ('merge', 'h2d'): 490.9, ('merge', 'count'): 490.927, ('merge', 'scan'): 490.975, ('merge', 'expand'): 491.037, ('merge', 'merge'): 491.29, ('merge', 'final'): 491.33, ('merge', 'compact'): 491.356, ('merge', 'pack'): 491.375, ('merge', 'd2h'): 492.085, ('mrg2', 'start'): 492.432, ('mrg2', 'h2d'): 492.512, ('mrg2', 'count'): 492.538, ('mrg2', 'scan'): 492.578, ('mrg2', 'merge'): 492.659, ('mrg2', 'final'): 492.694, ('mrg2', 'compact'): 492.719, ('mrg2', 'pack'): 492.737, ('mrg2', 'd2h'): 493.38}"
Mildly sparse,bcsstk11,1473,34241,1.578123350888521,94187,94187,94187,94187,0.0,,0.05900000000002592,0.29199999999997317,0.051000000000044565,0.7680000000000291,0.40200000000004366,1.452,,,,,1.874,1.802,1.277,,"{('cu', 'start'): 482.686, ('cu', 'h2dmalloc'): 482.744, ('cu', 'h2d'): 482.77, ('cu', 'workest'): 482.829, ('cu', 'compute'): 483.121, ('cu', 'copy'): 483.172, ('cu', 'pack'): 483.243, ('cu', 'd2h'): 484.011, ('gust', 'start'): 484.388, ('gust', 'h2d'): 484.47, ('gust', 'count'): 484.494, ('gust', 'scan'): 484.532, ('gust', 'expand'): 484.68, ('gust', 'sort'): 485.011, ('gust', 'reduce'): 485.182, ('gust', 'final'): 485.453, ('gust', 'pack'): 485.47, ('gust', 'd2h'): 486.175, ('merge', 'start'): 486.512, ('merge', 'h2d'): 486.592, ('merge', 'count'): 486.616, ('merge', 'scan'): 486.651, ('merge', 'expand'): 486.857, ('merge', 'merge'): 487.26, ('merge', 'final'): 487.403, ('merge', 'compact'): 487.522, ('merge', 'pack'): 487.539, ('merge', 'd2h'): 488.228, ('mrg2', 'start'): 488.56, ('mrg2', 'h2d'): 488.641, ('mrg2', 'count'): 488.664, ('mrg2', 'scan'): 488.699, ('mrg2', 'merge'): 488.896, ('mrg2', 'final'): 488.929, ('mrg2', 'compact'): 489.052, ('mrg2', 'pack'): 489.069, ('mrg2', 'd2h'): 489.752}"
Mildly sparse,bcsstk12,1473,34241,1.578123350888521,94187,94187,94187,94187,0.0,,0.05700000000001637,0.2969999999999686,0.05099999999998772,0.7590000000000146,0.4049999999999727,1.436,,,,,1.811,1.822,1.346,,"{('cu', 'start'): 498.712, ('cu', 'h2dmalloc'): 498.769, ('cu', 'h2d'): 498.8, ('cu', 'workest'): 498.857, ('cu', 'compute'): 499.154, ('cu', 'copy'): 499.205, ('cu', 'pack'): 499.272, ('cu', 'd2h'): 500.031, ('gust', 'start'): 500.402, ('gust', 'h2d'): 500.484, ('gust', 'count'): 500.509, ('gust', 'scan'): 500.55, ('gust', 'expand'): 500.698, ('gust', 'sort'): 501.001, ('gust', 'reduce'): 501.144, ('gust', 'final'): 501.406, ('gust', 'pack'): 501.424, ('gust', 'd2h'): 502.125, ('merge', 'start'): 502.467, ('merge', 'h2d'): 502.55, ('merge', 'count'): 502.574, ('merge', 'scan'): 502.611, ('merge', 'expand'): 502.817, ('merge', 'merge'): 503.223, ('merge', 'final'): 503.365, ('merge', 'compact'): 503.484, ('merge', 'pack'): 503.502, ('merge', 'd2h'): 504.203, ('mrg2', 'start'): 504.538, ('mrg2', 'h2d'): 504.618, ('mrg2', 'count'): 504.641, ('mrg2', 'scan'): 504.678, ('mrg2', 'merge'): 504.94, ('mrg2', 'final'): 504.974, ('mrg2', 'compact'): 505.097, ('mrg2', 'pack'): 505.114, ('mrg2', 'd2h'): 505.799}"
Mildly sparse,bcsstk09,1083,18437,1.5719305066378828,71289,71289,71289,71289,0.0,,0.07299999999997908,0.285000000000025,0.060000000000002274,0.9819999999999709,0.41800000000000637,1.583,,,,,1.98,1.949,1.511,,"{('cu', 'start'): 493.468, ('cu', 'h2dmalloc'): 493.532, ('cu', 'h2d'): 493.557, ('cu', 'workest'): 493.63, ('cu', 'compute'): 493.915, ('cu', 'copy'): 493.975, ('cu', 'pack'): 493.995, ('cu', 'd2h'): 494.977, ('gust', 'start'): 495.314, ('gust', 'h2d'): 495.398, ('gust', 'count'): 495.424, ('gust', 'scan'): 495.467, ('gust', 'expand'): 495.604, ('gust', 'sort'): 495.857, ('gust', 'reduce'): 496.01, ('gust', 'final'): 496.167, ('gust', 'pack'): 496.189, ('gust', 'd2h'): 497.155, ('merge', 'start'): 497.557, ('merge', 'h2d'): 497.645, ('merge', 'count'): 497.671, ('merge', 'scan'): 497.713, ('merge', 'expand'): 497.917, ('merge', 'merge'): 498.25, ('merge', 'final'): 498.346, ('merge', 'compact'): 498.461, ('merge', 'pack'): 498.482, ('merge', 'd2h'): 499.413, ('mrg2', 'start'): 499.767, ('mrg2', 'h2d'): 499.858, ('mrg2', 'count'): 499.885, ('mrg2', 'scan'): 499.925, ('mrg2', 'merge'): 500.107, ('mrg2', 'final'): 500.146, ('mrg2', 'compact'): 500.225, ('mrg2', 'pack'): 500.246, ('mrg2', 'd2h'): 501.187}"
Mildly sparse,bcsstm02,66,66,1.5151515151515151,66,66,66,66,0.0,,0.06700000000000728,0.1449999999999818,0.043000000000006366,0.7120000000000459,0.25499999999999545,1.115,,,,,1.057,0.964,0.941,,"{('cu', 'start'): 476.858, ('cu', 'h2dmalloc'): 476.919, ('cu', 'h2d'): 476.928, ('cu', 'workest'): 476.995, ('cu', 'compute'): 477.14, ('cu', 'copy'): 477.183, ('cu', 'pack'): 477.198, ('cu', 'd2h'): 477.91, ('gust', 'start'): 478.222, ('gust', 'h2d'): 478.285, ('gust', 'count'): 478.304, ('gust', 'scan'): 478.341, ('gust', 'expand'): 478.358, ('gust', 'sort'): 478.4, ('gust', 'reduce'): 478.435, ('gust', 'final'): 478.482, ('gust', 'pack'): 478.501, ('gust', 'd2h'): 479.197, ('merge', 'start'): 479.53, ('merge', 'h2d'): 479.596, ('merge', 'count'): 479.614, ('merge', 'scan'): 479.649, ('merge', 'expand'): 479.665, ('merge', 'merge'): 479.685, ('merge', 'final'): 479.718, ('merge', 'compact'): 479.739, ('merge', 'pack'): 479.753, ('merge', 'd2h'): 480.416, ('mrg2', 'start'): 480.747, ('mrg2', 'h2d'): 480.812, ('mrg2', 'count'): 480.83, ('mrg2', 'scan'): 480.864, ('mrg2', 'merge'): 480.883, ('mrg2', 'final'): 480.91, ('mrg2', 'compact'): 480.93, ('mrg2', 'pack'): 480.944, ('mrg2', 'd2h'): 481.612}"
Mildly sparse,can_838,838,10010,1.4254304771560882,51156,51156,51156,51156,0.0,,0.07200000000000273,0.26799999999997226,0.057999999999992724,0.9519999999999982,0.3979999999999677,1.55,,,,,1.631,1.886,1.248,,"{('cu', 'start'): 500.395, ('cu', 'h2dmalloc'): 500.475, ('cu', 'h2d'): 500.497, ('cu', 'workest'): 500.569, ('cu', 'compute'): 500.837, ('cu', 'copy'): 500.895, ('cu', 'pack'): 500.912, ('cu', 'd2h'): 501.864, ('gust', 'start'): 502.228, ('gust', 'h2d'): 502.32, ('gust', 'count'): 502.348, ('gust', 'scan'): 502.39, ('gust', 'expand'): 502.418, ('gust', 'sort'): 502.694, ('gust', 'reduce'): 502.787, ('gust', 'final'): 502.847, ('gust', 'pack'): 502.863, ('gust', 'd2h'): 503.716, ('merge', 'start'): 504.137, ('merge', 'h2d'): 504.227, ('merge', 'count'): 504.253, ('merge', 'scan'): 504.291, ('merge', 'expand'): 504.364, ('merge', 'merge'): 504.935, ('merge', 'final'): 504.975, ('merge', 'compact'): 504.999, ('merge', 'pack'): 505.014, ('merge', 'd2h'): 505.878, ('mrg2', 'start'): 506.297, ('mrg2', 'h2d'): 506.387, ('mrg2', 'count'): 506.412, ('mrg2', 'scan'): 506.45, ('mrg2', 'merge'): 506.563, ('mrg2', 'final'): 506.592, ('mrg2', 'compact'): 506.615, ('mrg2', 'pack'): 506.63, ('mrg2', 'd2h'): 507.453}"
Mildly sparse,bcsstk20,485,3135,1.3327665001594218,5545,5545,5545,5545,0.0,,0.06400000000002137,0.1439999999999486,0.049000000000035016,0.8039999999999736,0.257000000000005,1.213,,,,,1.23,1.158,1.132,,"{('cu', 'start'): 483.411, ('cu', 'h2dmalloc'): 483.47, ('cu', 'h2d'): 483.483, ('cu', 'workest'): 483.547, ('cu', 'compute'): 483.691, ('cu', 'copy'): 483.74, ('cu', 'pack'): 483.754, ('cu', 'd2h'): 484.558, ('gust', 'start'): 484.881, ('gust', 'h2d'): 484.95, ('gust', 'count'): 484.97, ('gust', 'scan'): 485.007, ('gust', 'expand'): 485.027, ('gust', 'sort'): 485.14, ('gust', 'reduce'): 485.178, ('gust', 'final'): 485.227, ('gust', 'pack'): 485.241, ('gust', 'd2h'): 486.023, ('merge', 'start'): 486.367, ('merge', 'h2d'): 486.437, ('merge', 'count'): 486.457, ('merge', 'scan'): 486.494, ('merge', 'expand'): 486.521, ('merge', 'merge'): 486.571, ('merge', 'final'): 486.604, ('merge', 'compact'): 486.627, ('merge', 'pack'): 486.641, ('merge', 'd2h'): 487.446, ('mrg2', 'start'): 487.778, ('mrg2', 'h2d'): 487.847, ('mrg2', 'count'): 487.865, ('mrg2', 'scan'): 487.901, ('mrg2', 'merge'): 487.934, ('mrg2', 'final'): 487.962, ('mrg2', 'compact'): 487.984, ('mrg2', 'pack'): 487.998, ('mrg2', 'd2h'): 488.83}"
Mildly sparse,can_715,715,6665,1.3037312338011637,39785,39785,39785,39785,0.0,,0.05700000000001637,0.3380000000000223,0.051999999999964075,0.75,0.44700000000000273,1.362,,,,,1.729,2.572,1.207,,"{('cu', 'start'): 473.941, ('cu', 'h2dmalloc'): 474.001, ('cu', 'h2d'): 474.018, ('cu', 'workest'): 474.075, ('cu', 'compute'): 474.413, ('cu', 'copy'): 474.465, ('cu', 'pack'): 474.481, ('cu', 'd2h'): 475.231, ('gust', 'start'): 475.597, ('gust', 'h2d'): 475.678, ('gust', 'count'): 475.704, ('gust', 'scan'): 475.743, ('gust', 'expand'): 475.776, ('gust', 'sort'): 476.145, ('gust', 'reduce'): 476.433, ('gust', 'final'): 476.55, ('gust', 'pack'): 476.567, ('gust', 'd2h'): 477.236, ('merge', 'start'): 477.577, ('merge', 'h2d'): 477.649, ('merge', 'count'): 477.674, ('merge', 'scan'): 477.711, ('merge', 'expand'): 477.833, ('merge', 'merge'): 479.316, ('merge', 'final'): 479.353, ('merge', 'compact'): 479.375, ('merge', 'pack'): 479.391, ('merge', 'd2h'): 480.06, ('mrg2', 'start'): 480.402, ('mrg2', 'h2d'): 480.477, ('mrg2', 'count'): 480.501, ('mrg2', 'scan'): 480.537, ('mrg2', 'merge'): 480.811, ('mrg2', 'final'): 480.841, ('mrg2', 'compact'): 480.863, ('mrg2', 'pack'): 480.879, ('mrg2', 'd2h'): 481.521}"
Mildly sparse,bcsstk24,3562,159910,1.2603402122535554,446474,446474,446474,446474,0.0,,0.1710000000000491,0.8079999999999927,0.19399999999995998,1.8069999999999027,1.1730000000000018,3.369,,,,,4.255,5.142,2.808,,"{('cu', 'start'): 533.55, ('cu', 'h2dmalloc'): 533.617, ('cu', 'h2d'): 533.707, ('cu', 'workest'): 533.878, ('cu', 'compute'): 534.686, ('cu', 'copy'): 534.88, ('cu', 'pack'): 534.955, ('cu', 'd2h'): 536.762, ('gust', 'start'): 537.313, ('gust', 'h2d'): 537.46, ('gust', 'count'): 537.511, ('gust', 'scan'): 537.556, ('gust', 'expand'): 537.811, ('gust', 'sort'): 538.979, ('gust', 'reduce'): 539.225, ('gust', 'final'): 539.686, ('gust', 'pack'): 539.764, ('gust', 'd2h'): 541.318, ('merge', 'start'): 541.972, ('merge', 'h2d'): 542.125, ('merge', 'count'): 542.18, ('merge', 'scan'): 542.228, ('merge', 'expand'): 542.795, ('merge', 'merge'): 544.781, ('merge', 'final'): 544.987, ('merge', 'compact'): 545.243, ('merge', 'pack'): 545.318, ('merge', 'd2h'): 546.864, ('mrg2', 'start'): 547.511, ('mrg2', 'h2d'): 547.663, ('mrg2', 'count'): 547.716, ('mrg2', 'scan'): 547.763, ('mrg2', 'merge'): 548.18, ('mrg2', 'final'): 548.22, ('mrg2', 'compact'): 548.47, ('mrg2', 'pack'): 548.543, ('mrg2', 'd2h'): 550.069}"
Mildly sparse,bcsstk16,4884,290378,1.2173414200441228,1038782,1038782,1038782,1038782,0.0,,0.40300000000002,1.2439999999999145,0.1610000000000582,4.157000000000039,1.8079999999999927,6.694,,,,,8.911,13.533,6.22,,"{('cu', 'start'): 622.163, ('cu', 'h2dmalloc'): 622.239, ('cu', 'h2d'): 622.615, ('cu', 'workest'): 623.018, ('cu', 'compute'): 624.262, ('cu', 'copy'): 624.423, ('cu', 'pack'): 624.495, ('cu', 'd2h'): 628.652, ('gust', 'start'): 629.715, ('gust', 'h2d'): 630.166, ('gust', 'count'): 630.398, ('gust', 'scan'): 630.449, ('gust', 'expand'): 630.848, ('gust', 'sort'): 633.417, ('gust', 'reduce'): 633.783, ('gust', 'final'): 634.365, ('gust', 'pack'): 634.448, ('gust', 'd2h'): 638.262, ('merge', 'start'): 639.477, ('merge', 'h2d'): 639.947, ('merge', 'count'): 640.19, ('merge', 'scan'): 640.242, ('merge', 'expand'): 641.498, ('merge', 'merge'): 648.121, ('merge', 'final'): 648.388, ('merge', 'compact'): 648.681, ('merge', 'pack'): 648.793, ('merge', 'd2h'): 652.671, ('mrg2', 'start'): 653.852, ('mrg2', 'h2d'): 654.305, ('mrg2', 'count'): 654.543, ('mrg2', 'scan'): 654.592, ('mrg2', 'merge'): 655.635, ('mrg2', 'final'): 655.677, ('mrg2', 'compact'): 655.955, ('mrg2', 'pack'): 656.04, ('mrg2', 'd2h'): 659.751}"
Mildly sparse,bcsstk28,4410,219024,1.1261974177426073,596072,596072,596072,596072,0.0,,0.3550000000000182,1.0259999999999536,0.22199999999998,3.645999999999958,1.6029999999999518,6.122,,,,,7.638,12.469,9.175,,"{('cu', 'start'): 580.683, ('cu', 'h2dmalloc'): 580.792, ('cu', 'h2d'): 581.187, ('cu', 'workest'): 581.542, ('cu', 'compute'): 582.568, ('cu', 'copy'): 582.79, ('cu', 'pack'): 582.89, ('cu', 'd2h'): 586.536, ('gust', 'start'): 587.721, ('gust', 'h2d'): 588.22, ('gust', 'count'): 588.28, ('gust', 'scan'): 588.345, ('gust', 'expand'): 588.797, ('gust', 'sort'): 590.522, ('gust', 'reduce'): 590.873, ('gust', 'final'): 591.614, ('gust', 'pack'): 591.719, ('gust', 'd2h'): 594.951, ('merge', 'start'): 596.27, ('merge', 'h2d'): 596.774, ('merge', 'count'): 596.834, ('merge', 'scan'): 596.897, ('merge', 'expand'): 598.027, ('merge', 'merge'): 601.539, ('merge', 'final'): 601.878, ('merge', 'compact'): 602.296, ('merge', 'pack'): 602.402, ('merge', 'd2h'): 607.901, ('mrg2', 'start'): 610.881, ('mrg2', 'h2d'): 611.631, ('mrg2', 'count'): 611.737, ('mrg2', 'scan'): 611.867, ('mrg2', 'merge'): 612.956, ('mrg2', 'final'): 613.058, ('mrg2', 'compact'): 613.847, ('mrg2', 'pack'): 614.066, ('mrg2', 'd2h'): 619.44}"
Mildly sparse,bcsstk08,1074,12960,1.1235604381885709,305612,305612,305612,305612,0.0,,0.08400000000006003,0.36099999999999,0.1229999999999336,1.2129999999999654,0.5679999999999836,2.101,,,,,2.506,22.241,3.477,,"{('cu', 'start'): 570.12, ('cu', 'h2dmalloc'): 570.186, ('cu', 'h2d'): 570.218, ('cu', 'workest'): 570.302, ('cu', 'compute'): 570.663, ('cu', 'copy'): 570.786, ('cu', 'pack'): 570.884, ('cu', 'd2h'): 572.097, ('gust', 'start'): 572.532, ('gust', 'h2d'): 572.63, ('gust', 'count'): 572.674, ('gust', 'scan'): 572.722, ('gust', 'expand'): 572.931, ('gust', 'sort'): 573.195, ('gust', 'reduce'): 573.346, ('gust', 'final'): 573.675, ('gust', 'pack'): 573.752, ('gust', 'd2h'): 574.851, ('merge', 'start'): 575.35, ('merge', 'h2d'): 575.446, ('merge', 'count'): 575.488, ('merge', 'scan'): 575.533, ('merge', 'expand'): 576.147, ('merge', 'merge'): 595.712, ('merge', 'final'): 595.908, ('merge', 'compact'): 596.084, ('merge', 'pack'): 596.162, ('merge', 'd2h'): 597.386, ('mrg2', 'start'): 597.911, ('mrg2', 'h2d'): 598.009, ('mrg2', 'count'): 598.053, ('mrg2', 'scan'): 598.1, ('mrg2', 'merge'): 599.708, ('mrg2', 'final'): 599.751, ('mrg2', 'compact'): 599.934, ('mrg2', 'pack'): 600.011, ('mrg2', 'd2h'): 601.19}"
Mildly sparse,can_1054,1054,12196,1.097832779436069,60248,60248,60248,60248,0.0,,0.07099999999996953,0.25900000000001455,0.060000000000002274,0.7590000000000146,0.38999999999998636,1.331,,,,,1.617,1.812,1.156,,"{('cu', 'start'): 471.07, ('cu', 'h2dmalloc'): 471.136, ('cu', 'h2d'): 471.156, ('cu', 'workest'): 471.227, ('cu', 'compute'): 471.486, ('cu', 'copy'): 471.546, ('cu', 'pack'): 471.565, ('cu', 'd2h'): 472.324, ('gust', 'start'): 472.65, ('gust', 'h2d'): 472.728, ('gust', 'count'): 472.754, ('gust', 'scan'): 472.795, ('gust', 'expand'): 472.931, ('gust', 'sort'): 473.177, ('gust', 'reduce'): 473.28, ('gust', 'final'): 473.397, ('gust', 'pack'): 473.419, ('gust', 'd2h'): 474.123, ('merge', 'start'): 474.564, ('merge', 'h2d'): 474.654, ('merge', 'count'): 474.682, ('merge', 'scan'): 474.726, ('merge', 'expand'): 474.881, ('merge', 'merge'): 475.42, ('merge', 'final'): 475.465, ('merge', 'compact'): 475.493, ('merge', 'pack'): 475.514, ('merge', 'd2h'): 476.233, ('mrg2', 'start'): 476.629, ('mrg2', 'h2d'): 476.711, ('mrg2', 'count'): 476.739, ('mrg2', 'scan'): 476.78, ('mrg2', 'merge'): 476.927, ('mrg2', 'final'): 476.964, ('mrg2', 'compact'): 476.991, ('mrg2', 'pack'): 477.01, ('mrg2', 'd2h'): 477.691}"
Mildly sparse,can_1072,1072,12444,1.0828553129873024,62316,62316,62316,62316,0.0,,0.07200000000000273,0.26099999999996726,0.06400000000002137,0.8029999999999973,0.39699999999999136,1.392,,,,,1.673,1.938,1.201,,"{('cu', 'start'): 499.015, ('cu', 'h2dmalloc'): 499.083, ('cu', 'h2d'): 499.105, ('cu', 'workest'): 499.177, ('cu', 'compute'): 499.438, ('cu', 'copy'): 499.502, ('cu', 'pack'): 499.523, ('cu', 'd2h'): 500.326, ('gust', 'start'): 500.674, ('gust', 'h2d'): 500.759, ('gust', 'count'): 500.787, ('gust', 'scan'): 500.852, ('gust', 'expand'): 500.946, ('gust', 'sort'): 501.21, ('gust', 'reduce'): 501.316, ('gust', 'final'): 501.436, ('gust', 'pack'): 501.459, ('gust', 'd2h'): 502.202, ('merge', 'start'): 502.605, ('merge', 'h2d'): 502.685, ('merge', 'count'): 502.712, ('merge', 'scan'): 502.753, ('merge', 'expand'): 502.917, ('merge', 'merge'): 503.513, ('merge', 'final'): 503.558, ('merge', 'compact'): 503.687, ('merge', 'pack'): 503.71, ('merge', 'd2h'): 504.445, ('mrg2', 'start'): 504.799, ('mrg2', 'h2d'): 504.888, ('mrg2', 'count'): 504.917, ('mrg2', 'scan'): 504.957, ('mrg2', 'merge'): 505.106, ('mrg2', 'final'): 505.141, ('mrg2', 'compact'): 505.169, ('mrg2', 'pack'): 505.188, ('mrg2', 'd2h'): 505.901}"
Mildly sparse,bcsstk19,817,6853,1.0266835857969194,18305,18305,18305,18305,0.0,,0.07499999999998863,0.15699999999998226,0.06300000000004502,0.7820000000000391,0.2950000000000159,1.26,,,,,1.361,1.22,1.156,,"{('cu', 'start'): 476.11, ('cu', 'h2dmalloc'): 476.171, ('cu', 'h2d'): 476.192, ('cu', 'workest'): 476.267, ('cu', 'compute'): 476.424, ('cu', 'copy'): 476.487, ('cu', 'pack'): 476.508, ('cu', 'd2h'): 477.29, ('gust', 'start'): 477.648, ('gust', 'h2d'): 477.745, ('gust', 'count'): 477.771, ('gust', 'scan'): 477.817, ('gust', 'expand'): 477.844, ('gust', 'sort'): 477.975, ('gust', 'reduce'): 478.021, ('gust', 'final'): 478.077, ('gust', 'pack'): 478.096, ('gust', 'd2h'): 478.905, ('merge', 'start'): 479.268, ('merge', 'h2d'): 479.356, ('merge', 'count'): 479.381, ('merge', 'scan'): 479.425, ('merge', 'expand'): 479.464, ('merge', 'merge'): 479.536, ('merge', 'final'): 479.576, ('merge', 'compact'): 479.602, ('merge', 'pack'): 479.621, ('merge', 'd2h'): 480.381, ('mrg2', 'start'): 480.742, ('mrg2', 'h2d'): 480.83, ('mrg2', 'count'): 480.855, ('mrg2', 'scan'): 480.898, ('mrg2', 'merge'): 480.945, ('mrg2', 'final'): 480.98, ('mrg2', 'compact'): 481.007, ('mrg2', 'pack'): 481.025, ('mrg2', 'd2h'): 481.8}"
Highly sparse,bcsstm12,1473,19659,0.9060578533079476,53615,53615,53615,53615,0.0,,0.06999999999999318,0.25200000000000955,0.05299999999999727,1.0419999999999732,0.375,1.601,,,,,1.908,1.92,1.468,,"{('cu', 'start'): 488.435, ('cu', 'h2dmalloc'): 488.498, ('cu', 'h2d'): 488.535, ('cu', 'workest'): 488.605, ('cu', 'compute'): 488.857, ('cu', 'copy'): 488.91, ('cu', 'pack'): 488.925, ('cu', 'd2h'): 489.967, ('gust', 'start'): 490.296, ('gust', 'h2d'): 490.394, ('gust', 'count'): 490.417, ('gust', 'scan'): 490.458, ('gust', 'expand'): 490.561, ('gust', 'sort'): 490.807, ('gust', 'reduce'): 490.943, ('gust', 'final'): 491.088, ('gust', 'pack'): 491.108, ('gust', 'd2h'): 492.069, ('merge', 'start'): 492.473, ('merge', 'h2d'): 492.574, ('merge', 'count'): 492.6, ('merge', 'scan'): 492.652, ('merge', 'expand'): 492.806, ('merge', 'merge'): 493.056, ('merge', 'final'): 493.144, ('merge', 'compact'): 493.252, ('merge', 'pack'): 493.27, ('merge', 'd2h'): 494.303, ('mrg2', 'start'): 494.659, ('mrg2', 'h2d'): 494.759, ('mrg2', 'count'): 494.783, ('mrg2', 'scan'): 494.822, ('mrg2', 'merge'): 494.976, ('mrg2', 'final'): 495.009, ('mrg2', 'compact'): 495.081, ('mrg2', 'pack'): 495.098, ('mrg2', 'd2h'): 496.044}"
Highly sparse,bcsstm03,112,112,0.8928571428571428,112,112,112,112,0.0,,0.06500000000005457,0.14599999999995816,0.04200000000003001,0.7459999999999809,0.25300000000004275,1.146,,,,,1.085,0.983,0.987,,"{('cu', 'start'): 490.438, ('cu', 'h2dmalloc'): 490.497, ('cu', 'h2d'): 490.506, ('cu', 'workest'): 490.571, ('cu', 'compute'): 490.717, ('cu', 'copy'): 490.759, ('cu', 'pack'): 490.773, ('cu', 'd2h'): 491.519, ('gust', 'start'): 491.838, ('gust', 'h2d'): 491.904, ('gust', 'count'): 491.924, ('gust', 'scan'): 491.962, ('gust', 'expand'): 491.979, ('gust', 'sort'): 492.021, ('gust', 'reduce'): 492.056, ('gust', 'final'): 492.103, ('gust', 'pack'): 492.117, ('gust', 'd2h'): 492.842, ('merge', 'start'): 493.17, ('merge', 'h2d'): 493.234, ('merge', 'count'): 493.253, ('merge', 'scan'): 493.289, ('merge', 'expand'): 493.305, ('merge', 'merge'): 493.322, ('merge', 'final'): 493.355, ('merge', 'compact'): 493.384, ('merge', 'pack'): 493.399, ('merge', 'd2h'): 494.077, ('mrg2', 'start'): 494.419, ('mrg2', 'h2d'): 494.485, ('mrg2', 'count'): 494.503, ('mrg2', 'scan'): 494.538, ('mrg2', 'merge'): 494.557, ('mrg2', 'final'): 494.583, ('mrg2', 'compact'): 494.605, ('mrg2', 'pack'): 494.618, ('mrg2', 'd2h'): 495.321}"
Highly sparse,bcspwr05,443,1623,0.8270105834934192,4249,4249,4249,4249,0.0,,0.05299999999999727,0.160000000000025,0.04499999999995907,0.6120000000000232,0.25799999999998136,1.02,,,,,1.077,0.936,0.908,,"{('cu', 'start'): 475.896, ('cu', 'h2dmalloc'): 475.953, ('cu', 'h2d'): 475.964, ('cu', 'workest'): 476.017, ('cu', 'compute'): 476.177, ('cu', 'copy'): 476.222, ('cu', 'pack'): 476.236, ('cu', 'd2h'): 476.848, ('gust', 'start'): 477.173, ('gust', 'h2d'): 477.242, ('gust', 'count'): 477.263, ('gust', 'scan'): 477.301, ('gust', 'expand'): 477.321, ('gust', 'sort'): 477.43, ('gust', 'reduce'): 477.465, ('gust', 'final'): 477.515, ('gust', 'pack'): 477.529, ('gust', 'd2h'): 478.164, ('merge', 'start'): 478.497, ('merge', 'h2d'): 478.563, ('merge', 'count'): 478.583, ('merge', 'scan'): 478.62, ('merge', 'expand'): 478.643, ('merge', 'merge'): 478.693, ('merge', 'final'): 478.727, ('merge', 'compact'): 478.748, ('merge', 'pack'): 478.763, ('merge', 'd2h'): 479.35, ('mrg2', 'start'): 479.677, ('mrg2', 'h2d'): 479.744, ('mrg2', 'count'): 479.763, ('mrg2', 'scan'): 479.798, ('mrg2', 'merge'): 479.833, ('mrg2', 'final'): 479.862, ('mrg2', 'compact'): 479.883, ('mrg2', 'pack'): 479.897, ('mrg2', 'd2h'): 480.502}"
Highly sparse,bcsstk26,1922,30336,0.8212049319939666,92530,92530,92530,92530,0.0,,0.060000000000002274,0.28799999999995407,0.06200000000001182,0.8629999999999995,0.40999999999996817,1.554,,,,,1.826,1.923,1.363,,"{('cu', 'start'): 490.355, ('cu', 'h2dmalloc'): 490.414, ('cu', 'h2d'): 490.439, ('cu', 'workest'): 490.499, ('cu', 'compute'): 490.787, ('cu', 'copy'): 490.849, ('cu', 'pack'): 490.916, ('cu', 'd2h'): 491.779, ('gust', 'start'): 492.165, ('gust', 'h2d'): 492.245, ('gust', 'count'): 492.269, ('gust', 'scan'): 492.307, ('gust', 'expand'): 492.466, ('gust', 'sort'): 492.719, ('gust', 'reduce'): 492.857, ('gust', 'final'): 493.112, ('gust', 'pack'): 493.129, ('gust', 'd2h'): 493.902, ('merge', 'start'): 494.244, ('merge', 'h2d'): 494.324, ('merge', 'count'): 494.348, ('merge', 'scan'): 494.384, ('merge', 'expand'): 494.597, ('merge', 'merge'): 495.031, ('merge', 'final'): 495.174, ('merge', 'compact'): 495.295, ('merge', 'pack'): 495.312, ('merge', 'd2h'): 496.08, ('mrg2', 'start'): 496.419, ('mrg2', 'h2d'): 496.498, ('mrg2', 'count'): 496.523, ('mrg2', 'scan'): 496.559, ('mrg2', 'merge'): 496.781, ('mrg2', 'final'): 496.821, ('mrg2', 'compact'): 496.945, ('mrg2', 'pack'): 496.962, ('mrg2', 'd2h'): 497.695}"
Highly sparse,bcsstk33,8738,591904,0.775223972597465,2569536,2569536,2569536,2569536,0.0,,0.3300000000000409,2.326000000000022,0.23299999999994725,9.347999999999956,2.88900000000001,13.256,,,,,17.944,30.016,12.829,,"{('cu', 'start'): 751.156, ('cu', 'h2dmalloc'): 751.253, ('cu', 'h2d'): 751.781, ('cu', 'workest'): 752.111, ('cu', 'compute'): 754.437, ('cu', 'copy'): 754.67, ('cu', 'pack'): 754.745, ('cu', 'd2h'): 764.093, ('gust', 'start'): 766.399, ('gust', 'h2d'): 767.032, ('gust', 'count'): 767.226, ('gust', 'scan'): 767.279, ('gust', 'expand'): 768.062, ('gust', 'sort'): 773.561, ('gust', 'reduce'): 774.141, ('gust', 'final'): 775.106, ('gust', 'pack'): 775.182, ('gust', 'd2h'): 783.877, ('merge', 'start'): 786.325, ('merge', 'h2d'): 786.962, ('merge', 'count'): 787.155, ('merge', 'scan'): 787.205, ('merge', 'expand'): 789.57, ('merge', 'merge'): 806.443, ('merge', 'final'): 806.799, ('merge', 'compact'): 807.156, ('merge', 'pack'): 807.228, ('merge', 'd2h'): 815.898, ('mrg2', 'start'): 818.302, ('mrg2', 'h2d'): 818.924, ('mrg2', 'count'): 819.115, ('mrg2', 'scan'): 819.164, ('mrg2', 'merge'): 821.589, ('mrg2', 'final'): 821.634, ('mrg2', 'compact'): 822.002, ('mrg2', 'pack'): 822.075, ('mrg2', 'd2h'): 830.753}"
Highly sparse,bcsstm04,132,132,0.7575757575757576,132,132,132,132,0.0,,0.06499999999999773,0.146000000000015,0.047000000000025466,0.742999999999995,0.2580000000000382,1.153,,,,,1.099,1.016,1.021,,"{('cu', 'start'): 483.721, ('cu', 'h2dmalloc'): 483.779, ('cu', 'h2d'): 483.789, ('cu', 'workest'): 483.854, ('cu', 'compute'): 484.0, ('cu', 'copy'): 484.047, ('cu', 'pack'): 484.062, ('cu', 'd2h'): 484.805, ('gust', 'start'): 485.129, ('gust', 'h2d'): 485.197, ('gust', 'count'): 485.217, ('gust', 'scan'): 485.254, ('gust', 'expand'): 485.278, ('gust', 'sort'): 485.32, ('gust', 'reduce'): 485.355, ('gust', 'final'): 485.403, ('gust', 'pack'): 485.417, ('gust', 'd2h'): 486.145, ('merge', 'start'): 486.486, ('merge', 'h2d'): 486.553, ('merge', 'count'): 486.572, ('merge', 'scan'): 486.609, ('merge', 'expand'): 486.626, ('merge', 'merge'): 486.644, ('merge', 'final'): 486.678, ('merge', 'compact'): 486.7, ('merge', 'pack'): 486.714, ('merge', 'd2h'): 487.419, ('mrg2', 'start'): 487.751, ('mrg2', 'h2d'): 487.817, ('mrg2', 'count'): 487.836, ('mrg2', 'scan'): 487.871, ('mrg2', 'merge'): 487.891, ('mrg2', 'final'): 487.918, ('mrg2', 'compact'): 487.94, ('mrg2', 'pack'): 487.954, ('mrg2', 'd2h'): 488.692}"
Highly sparse,bcsstk15,3948,117816,0.7558750073139261,527688,527688,527688,527688,0.0,,0.2540000000000191,0.7269999999999754,0.1550000000000864,2.26400000000001,1.136000000000081,3.84,,,,,4.155,5.863,3.409,,"{('cu', 'start'): 551.273, ('cu', 'h2dmalloc'): 551.342, ('cu', 'h2d'): 551.497, ('cu', 'workest'): 551.751, ('cu', 'compute'): 552.478, ('cu', 'copy'): 552.633, ('cu', 'pack'): 552.702, ('cu', 'd2h'): 554.966, ('gust', 'start'): 555.588, ('gust', 'h2d'): 555.809, ('gust', 'count'): 555.863, ('gust', 'scan'): 555.909, ('gust', 'expand'): 556.182, ('gust', 'sort'): 556.901, ('gust', 'reduce'): 557.083, ('gust', 'final'): 557.473, ('gust', 'pack'): 557.546, ('gust', 'd2h'): 559.5, ('merge', 'start'): 560.229, ('merge', 'h2d'): 560.443, ('merge', 'count'): 560.496, ('merge', 'scan'): 560.541, ('merge', 'expand'): 560.956, ('merge', 'merge'): 562.317, ('merge', 'final'): 562.55, ('merge', 'compact'): 562.879, ('merge', 'pack'): 562.979, ('merge', 'd2h'): 565.747, ('mrg2', 'start'): 566.699, ('mrg2', 'h2d'): 566.967, ('mrg2', 'count'): 567.023, ('mrg2', 'scan'): 567.073, ('mrg2', 'merge'): 567.55, ('mrg2', 'final'): 567.586, ('mrg2', 'compact'): 567.823, ('mrg2', 'pack'): 567.897, ('mrg2', 'd2h'): 569.869}"
Highly sparse,bcsstm22,138,138,0.7246376811594203,138,138,138,138,0.0,,0.06999999999999318,0.14699999999999136,0.04599999999999227,0.83299999999997,0.2629999999999768,1.254,,,,,1.224,1.179,1.155,,"{('cu', 'start'): 499.577, ('cu', 'h2dmalloc'): 499.639, ('cu', 'h2d'): 499.648, ('cu', 'workest'): 499.718, ('cu', 'compute'): 499.865, ('cu', 'copy'): 499.911, ('cu', 'pack'): 499.927, ('cu', 'd2h'): 500.76, ('gust', 'start'): 501.088, ('gust', 'h2d'): 501.161, ('gust', 'count'): 501.181, ('gust', 'scan'): 501.221, ('gust', 'expand'): 501.24, ('gust', 'sort'): 501.282, ('gust', 'reduce'): 501.317, ('gust', 'final'): 501.367, ('gust', 'pack'): 501.38, ('gust', 'd2h'): 502.227, ('merge', 'start'): 502.57, ('merge', 'h2d'): 502.64, ('merge', 'count'): 502.659, ('merge', 'scan'): 502.697, ('merge', 'expand'): 502.715, ('merge', 'merge'): 502.734, ('merge', 'final'): 502.768, ('merge', 'compact'): 502.791, ('merge', 'pack'): 502.806, ('merge', 'd2h'): 503.663, ('mrg2', 'start'): 503.999, ('mrg2', 'h2d'): 504.084, ('mrg2', 'count'): 504.108, ('mrg2', 'scan'): 504.155, ('mrg2', 'merge'): 504.18, ('mrg2', 'final'): 504.211, ('mrg2', 'compact'): 504.233, ('mrg2', 'pack'): 504.248, ('mrg2', 'd2h'): 505.069}"
Highly sparse,bp_1600,822,4841,0.7164591732229859,23625,23625,23625,23625,0.0,,0.06700000000000728,0.16499999999996362,0.051000000000044565,0.6639999999999873,0.28300000000001546,1.12,,,,,1.175,17.96,2.305,,"{('cu', 'start'): 519.531, ('cu', 'h2dmalloc'): 519.592, ('cu', 'h2d'): 519.609, ('cu', 'workest'): 519.676, ('cu', 'compute'): 519.841, ('cu', 'copy'): 519.892, ('cu', 'pack'): 519.915, ('cu', 'd2h'): 520.579, ('gust', 'start'): 520.911, ('gust', 'h2d'): 520.99, ('gust', 'count'): 521.023, ('gust', 'scan'): 521.062, ('gust', 'expand'): 521.112, ('gust', 'sort'): 521.238, ('gust', 'reduce'): 521.278, ('gust', 'final'): 521.33, ('gust', 'pack'): 521.345, ('gust', 'd2h'): 521.997, ('merge', 'start'): 522.339, ('merge', 'h2d'): 522.412, ('merge', 'count'): 522.444, ('merge', 'scan'): 522.481, ('merge', 'expand'): 522.726, ('merge', 'merge'): 539.331, ('merge', 'final'): 539.375, ('merge', 'compact'): 539.397, ('merge', 'pack'): 539.412, ('merge', 'd2h'): 540.201, ('mrg2', 'start'): 540.563, ('mrg2', 'h2d'): 540.645, ('mrg2', 'count'): 540.677, ('mrg2', 'scan'): 540.714, ('mrg2', 'merge'): 541.961, ('mrg2', 'final'): 541.995, ('mrg2', 'compact'): 542.017, ('mrg2', 'pack'): 542.033, ('mrg2', 'd2h'): 542.776}"
Highly sparse,bp_1400,822,4790,0.7089112662132002,23154,23154,23154,23154,0.0,,0.06499999999994088,0.1650000000000773,0.04899999999997817,0.6829999999999927,0.27899999999999636,1.13,,,,,1.176,18.325,2.323,,"{('cu', 'start'): 523.878, ('cu', 'h2dmalloc'): 523.943, ('cu', 'h2d'): 523.96, ('cu', 'workest'): 524.025, ('cu', 'compute'): 524.19, ('cu', 'copy'): 524.239, ('cu', 'pack'): 524.254, ('cu', 'd2h'): 524.937, ('gust', 'start'): 525.262, ('gust', 'h2d'): 525.337, ('gust', 'count'): 525.369, ('gust', 'scan'): 525.419, ('gust', 'expand'): 525.469, ('gust', 'sort'): 525.594, ('gust', 'reduce'): 525.632, ('gust', 'final'): 525.685, ('gust', 'pack'): 525.699, ('gust', 'd2h'): 526.344, ('merge', 'start'): 526.69, ('merge', 'h2d'): 526.765, ('merge', 'count'): 526.798, ('merge', 'scan'): 526.835, ('merge', 'expand'): 527.08, ('merge', 'merge'): 544.037, ('merge', 'final'): 544.086, ('merge', 'compact'): 544.109, ('merge', 'pack'): 544.125, ('merge', 'd2h'): 544.919, ('mrg2', 'start'): 545.282, ('mrg2', 'h2d'): 545.362, ('mrg2', 'count'): 545.394, ('mrg2', 'scan'): 545.44, ('mrg2', 'merge'): 546.664, ('mrg2', 'final'): 546.695, ('mrg2', 'compact'): 546.718, ('mrg2', 'pack'): 546.733, ('mrg2', 'd2h'): 547.513}"
Highly sparse,bp_1200,822,4726,0.6994393829068026,22313,22313,22313,22313,0.0,,0.06399999999996453,0.1650000000000773,0.04899999999997817,0.69399999999996,0.27800000000002,1.139,,,,,1.193,18.48,2.289,,"{('cu', 'start'): 523.825, ('cu', 'h2dmalloc'): 523.888, ('cu', 'h2d'): 523.904, ('cu', 'workest'): 523.968, ('cu', 'compute'): 524.133, ('cu', 'copy'): 524.182, ('cu', 'pack'): 524.197, ('cu', 'd2h'): 524.891, ('gust', 'start'): 525.227, ('gust', 'h2d'): 525.302, ('gust', 'count'): 525.334, ('gust', 'scan'): 525.373, ('gust', 'expand'): 525.425, ('gust', 'sort'): 525.549, ('gust', 'reduce'): 525.587, ('gust', 'final'): 525.637, ('gust', 'pack'): 525.652, ('gust', 'd2h'): 526.331, ('merge', 'start'): 526.671, ('merge', 'h2d'): 526.749, ('merge', 'count'): 526.781, ('merge', 'scan'): 526.819, ('merge', 'expand'): 527.065, ('merge', 'merge'): 544.198, ('merge', 'final'): 544.243, ('merge', 'compact'): 544.265, ('merge', 'pack'): 544.282, ('merge', 'd2h'): 545.048, ('mrg2', 'start'): 545.419, ('mrg2', 'h2d'): 545.503, ('mrg2', 'count'): 545.535, ('mrg2', 'scan'): 545.574, ('mrg2', 'merge'): 546.812, ('mrg2', 'final'): 546.845, ('mrg2', 'compact'): 546.869, ('mrg2', 'pack'): 546.885, ('mrg2', 'd2h'): 547.615}"
Highly sparse,685_bus,685,3249,0.6924183494059353,9337,9337,9337,9337,0.0,,0.07099999999996953,0.15300000000002,0.049000000000035016,0.6910000000000309,0.27300000000002456,1.122,,,,,1.146,1.058,1.05,,"{('cu', 'start'): 487.137, ('cu', 'h2dmalloc'): 487.196, ('cu', 'h2d'): 487.209, ('cu', 'workest'): 487.28, ('cu', 'compute'): 487.433, ('cu', 'copy'): 487.482, ('cu', 'pack'): 487.496, ('cu', 'd2h'): 488.187, ('gust', 'start'): 488.512, ('gust', 'h2d'): 488.582, ('gust', 'count'): 488.603, ('gust', 'scan'): 488.639, ('gust', 'expand'): 488.659, ('gust', 'sort'): 488.769, ('gust', 'reduce'): 488.806, ('gust', 'final'): 488.857, ('gust', 'pack'): 488.871, ('gust', 'd2h'): 489.575, ('merge', 'start'): 489.908, ('merge', 'h2d'): 489.978, ('merge', 'count'): 489.998, ('merge', 'scan'): 490.034, ('merge', 'expand'): 490.062, ('merge', 'merge'): 490.135, ('merge', 'final'): 490.168, ('merge', 'compact'): 490.19, ('merge', 'pack'): 490.204, ('merge', 'd2h'): 490.886, ('mrg2', 'start'): 491.213, ('mrg2', 'h2d'): 491.309, ('mrg2', 'count'): 491.331, ('mrg2', 'scan'): 491.367, ('mrg2', 'merge'): 491.412, ('mrg2', 'final'): 491.441, ('mrg2', 'compact'): 491.463, ('mrg2', 'pack'): 491.477, ('mrg2', 'd2h'): 492.174}"
Highly sparse,bp_1000,822,4661,0.6898195014237425,21373,21373,21373,21373,0.0,,0.10900000000003729,0.19099999999991724,0.06400000000007822,1.294999999999959,0.36400000000003274,1.956,,,,,1.974,19.306,3.267,,"{('cu', 'start'): 600.75, ('cu', 'h2dmalloc'): 600.873, ('cu', 'h2d'): 600.904, ('cu', 'workest'): 601.013, ('cu', 'compute'): 601.204, ('cu', 'copy'): 601.268, ('cu', 'pack'): 601.292, ('cu', 'd2h'): 602.587, ('gust', 'start'): 603.191, ('gust', 'h2d'): 603.316, ('gust', 'count'): 603.36, ('gust', 'scan'): 603.425, ('gust', 'expand'): 603.485, ('gust', 'sort'): 603.626, ('gust', 'reduce'): 603.681, ('gust', 'final'): 603.754, ('gust', 'pack'): 603.779, ('gust', 'd2h'): 605.019, ('merge', 'start'): 605.605, ('merge', 'h2d'): 605.746, ('merge', 'count'): 605.793, ('merge', 'scan'): 605.848, ('merge', 'expand'): 606.095, ('merge', 'merge'): 622.944, ('merge', 'final'): 623.109, ('merge', 'compact'): 623.154, ('merge', 'pack'): 623.183, ('merge', 'd2h'): 624.704, ('mrg2', 'start'): 625.419, ('mrg2', 'h2d'): 625.605, ('mrg2', 'count'): 625.658, ('mrg2', 'scan'): 625.721, ('mrg2', 'merge'): 626.949, ('mrg2', 'final'): 627.037, ('mrg2', 'compact'): 627.076, ('mrg2', 'pack'): 627.103, ('mrg2', 'd2h'): 628.507}"
Highly sparse,494_bus,494,1666,0.6826861610582045,4062,4062,4062,4062,0.0,,0.06299999999998818,0.15100000000001046,0.04499999999995907,0.7130000000000223,0.2589999999999577,1.12,,,,,1.16,1.048,1.016,,"{('cu', 'start'): 490.317, ('cu', 'h2dmalloc'): 490.374, ('cu', 'h2d'): 490.386, ('cu', 'workest'): 490.449, ('cu', 'compute'): 490.6, ('cu', 'copy'): 490.645, ('cu', 'pack'): 490.659, ('cu', 'd2h'): 491.372, ('gust', 'start'): 491.69, ('gust', 'h2d'): 491.76, ('gust', 'count'): 491.781, ('gust', 'scan'): 491.819, ('gust', 'expand'): 491.839, ('gust', 'sort'): 491.946, ('gust', 'reduce'): 491.984, ('gust', 'final'): 492.033, ('gust', 'pack'): 492.048, ('gust', 'd2h'): 492.769, ('merge', 'start'): 493.099, ('merge', 'h2d'): 493.167, ('merge', 'count'): 493.189, ('merge', 'scan'): 493.235, ('merge', 'expand'): 493.26, ('merge', 'merge'): 493.306, ('merge', 'final'): 493.339, ('merge', 'compact'): 493.361, ('merge', 'pack'): 493.375, ('merge', 'd2h'): 494.069, ('mrg2', 'start'): 494.447, ('mrg2', 'h2d'): 494.519, ('mrg2', 'count'): 494.539, ('mrg2', 'scan'): 494.576, ('mrg2', 'merge'): 494.615, ('mrg2', 'final'): 494.643, ('mrg2', 'compact'): 494.663, ('mrg2', 'pack'): 494.677, ('mrg2', 'd2h'): 495.383}"
Highly sparse,bp_800,822,4534,0.6710237329876096,20224,20224,20224,20224,0.0,,0.07299999999997908,0.17300000000000182,0.055000000000063665,0.7160000000000082,0.30100000000004457,1.214,,,,,1.257,17.656,2.34,,"{('cu', 'start'): 528.629, ('cu', 'h2dmalloc'): 528.703, ('cu', 'h2d'): 528.722, ('cu', 'workest'): 528.795, ('cu', 'compute'): 528.968, ('cu', 'copy'): 529.023, ('cu', 'pack'): 529.043, ('cu', 'd2h'): 529.759, ('gust', 'start'): 530.099, ('gust', 'h2d'): 530.182, ('gust', 'count'): 530.218, ('gust', 'scan'): 530.26, ('gust', 'expand'): 530.316, ('gust', 'sort'): 530.443, ('gust', 'reduce'): 530.491, ('gust', 'final'): 530.546, ('gust', 'pack'): 530.565, ('gust', 'd2h'): 531.254, ('merge', 'start'): 531.608, ('merge', 'h2d'): 531.69, ('merge', 'count'): 531.726, ('merge', 'scan'): 531.768, ('merge', 'expand'): 532.007, ('merge', 'merge'): 548.258, ('merge', 'final'): 548.308, ('merge', 'compact'): 548.335, ('merge', 'pack'): 548.355, ('merge', 'd2h'): 549.157, ('mrg2', 'start'): 549.528, ('mrg2', 'h2d'): 549.615, ('mrg2', 'count'): 549.65, ('mrg2', 'scan'): 549.709, ('mrg2', 'merge'): 550.911, ('mrg2', 'final'): 550.952, ('mrg2', 'compact'): 550.977, ('mrg2', 'pack'): 550.998, ('mrg2', 'd2h'): 551.761}"
Highly sparse,bcsstm05,153,153,0.6535947712418301,153,153,153,153,0.0,,0.06799999999998363,0.15300000000002,0.04499999999995907,0.75,0.2659999999999627,1.166,,,,,1.114,1.07,1.085,,"{('cu', 'start'): 481.453, ('cu', 'h2dmalloc'): 481.514, ('cu', 'h2d'): 481.523, ('cu', 'workest'): 481.591, ('cu', 'compute'): 481.744, ('cu', 'copy'): 481.789, ('cu', 'pack'): 481.804, ('cu', 'd2h'): 482.554, ('gust', 'start'): 482.872, ('gust', 'h2d'): 482.939, ('gust', 'count'): 482.961, ('gust', 'scan'): 482.998, ('gust', 'expand'): 483.021, ('gust', 'sort'): 483.063, ('gust', 'reduce'): 483.098, ('gust', 'final'): 483.145, ('gust', 'pack'): 483.159, ('gust', 'd2h'): 483.899, ('merge', 'start'): 484.246, ('merge', 'h2d'): 484.315, ('merge', 'count'): 484.335, ('merge', 'scan'): 484.373, ('merge', 'expand'): 484.391, ('merge', 'merge'): 484.409, ('merge', 'final'): 484.442, ('merge', 'compact'): 484.464, ('merge', 'pack'): 484.478, ('merge', 'd2h'): 485.235, ('mrg2', 'start'): 485.567, ('mrg2', 'h2d'): 485.636, ('mrg2', 'count'): 485.655, ('mrg2', 'scan'): 485.692, ('mrg2', 'merge'): 485.711, ('mrg2', 'final'): 485.739, ('mrg2', 'compact'): 485.761, ('mrg2', 'pack'): 485.775, ('mrg2', 'd2h'): 486.57}"
Highly sparse,bp_600,822,4172,0.6174483930357978,16464,16464,16464,16464,0.0,,0.06900000000007367,0.17099999999993543,0.051000000000044565,0.6870000000000118,0.29100000000005366,1.146,,,,,1.288,17.172,2.301,,"{('cu', 'start'): 528.553, ('cu', 'h2dmalloc'): 528.616, ('cu', 'h2d'): 528.631, ('cu', 'workest'): 528.7, ('cu', 'compute'): 528.871, ('cu', 'copy'): 528.922, ('cu', 'pack'): 528.937, ('cu', 'd2h'): 529.624, ('gust', 'start'): 529.963, ('gust', 'h2d'): 530.036, ('gust', 'count'): 530.069, ('gust', 'scan'): 530.107, ('gust', 'expand'): 530.151, ('gust', 'sort'): 530.266, ('gust', 'reduce'): 530.305, ('gust', 'final'): 530.356, ('gust', 'pack'): 530.37, ('gust', 'd2h'): 531.135, ('merge', 'start'): 531.632, ('merge', 'h2d'): 531.725, ('merge', 'count'): 531.761, ('merge', 'scan'): 531.805, ('merge', 'expand'): 532.053, ('merge', 'merge'): 547.788, ('merge', 'final'): 547.845, ('merge', 'compact'): 547.872, ('merge', 'pack'): 547.893, ('merge', 'd2h'): 548.69, ('mrg2', 'start'): 549.09, ('mrg2', 'h2d'): 549.18, ('mrg2', 'count'): 549.218, ('mrg2', 'scan'): 549.26, ('mrg2', 'merge'): 550.434, ('mrg2', 'final'): 550.474, ('mrg2', 'compact'): 550.5, ('mrg2', 'pack'): 550.52, ('mrg2', 'd2h'): 551.284}"
Highly sparse,bp_400,822,4028,0.596136655596403,15238,15238,15238,15238,0.0,,0.06299999999998818,0.16400000000010095,0.04899999999997817,0.6730000000000018,0.2760000000000673,1.113,,,,,1.143,15.883,2.154,,"{('cu', 'start'): 522.874, ('cu', 'h2dmalloc'): 522.936, ('cu', 'h2d'): 522.949, ('cu', 'workest'): 523.012, ('cu', 'compute'): 523.176, ('cu', 'copy'): 523.225, ('cu', 'pack'): 523.24, ('cu', 'd2h'): 523.913, ('gust', 'start'): 524.242, ('gust', 'h2d'): 524.314, ('gust', 'count'): 524.346, ('gust', 'scan'): 524.384, ('gust', 'expand'): 524.427, ('gust', 'sort'): 524.541, ('gust', 'reduce'): 524.58, ('gust', 'final'): 524.632, ('gust', 'pack'): 524.646, ('gust', 'd2h'): 525.297, ('merge', 'start'): 525.639, ('merge', 'h2d'): 525.711, ('merge', 'count'): 525.743, ('merge', 'scan'): 525.779, ('merge', 'expand'): 525.988, ('merge', 'merge'): 540.61, ('merge', 'final'): 540.654, ('merge', 'compact'): 540.675, ('merge', 'pack'): 540.691, ('merge', 'd2h'): 541.428, ('mrg2', 'start'): 541.789, ('mrg2', 'h2d'): 541.871, ('mrg2', 'count'): 541.903, ('mrg2', 'scan'): 541.939, ('mrg2', 'merge'): 543.051, ('mrg2', 'final'): 543.082, ('mrg2', 'compact'): 543.104, ('mrg2', 'pack'): 543.119, ('mrg2', 'd2h'): 543.814}"
Highly sparse,662_bus,662,2474,0.5645256980129791,6480,6480,6480,6480,0.0,,0.06200000000001182,0.14400000000000546,0.04599999999999227,0.7849999999999682,0.25200000000000955,1.189,,,,,1.242,1.141,1.081,,"{('cu', 'start'): 495.956, ('cu', 'h2dmalloc'): 496.016, ('cu', 'h2d'): 496.029, ('cu', 'workest'): 496.091, ('cu', 'compute'): 496.235, ('cu', 'copy'): 496.281, ('cu', 'pack'): 496.295, ('cu', 'd2h'): 497.08, ('gust', 'start'): 497.395, ('gust', 'h2d'): 497.471, ('gust', 'count'): 497.493, ('gust', 'scan'): 497.53, ('gust', 'expand'): 497.549, ('gust', 'sort'): 497.661, ('gust', 'reduce'): 497.7, ('gust', 'final'): 497.748, ('gust', 'pack'): 497.761, ('gust', 'd2h'): 498.555, ('merge', 'start'): 498.887, ('merge', 'h2d'): 498.96, ('merge', 'count'): 498.981, ('merge', 'scan'): 499.018, ('merge', 'expand'): 499.043, ('merge', 'merge'): 499.096, ('merge', 'final'): 499.129, ('merge', 'compact'): 499.152, ('merge', 'pack'): 499.166, ('merge', 'd2h'): 499.948, ('mrg2', 'start'): 500.276, ('mrg2', 'h2d'): 500.345, ('mrg2', 'count'): 500.367, ('mrg2', 'scan'): 500.403, ('mrg2', 'merge'): 500.438, ('mrg2', 'final'): 500.468, ('mrg2', 'compact'): 500.488, ('mrg2', 'pack'): 500.502, ('mrg2', 'd2h'): 501.278}"
Highly sparse,bp_200,822,3802,0.5626890676706863,13197,13197,13197,13197,0.0,,0.07100000000002638,0.16899999999998272,0.051000000000044565,0.84699999999998,0.29100000000005366,1.338,,,,,1.619,15.222,2.564,,"{('cu', 'start'): 562.27, ('cu', 'h2dmalloc'): 562.339, ('cu', 'h2d'): 562.357, ('cu', 'workest'): 562.428, ('cu', 'compute'): 562.597, ('cu', 'copy'): 562.648, ('cu', 'pack'): 562.664, ('cu', 'd2h'): 563.511, ('gust', 'start'): 564.002, ('gust', 'h2d'): 564.114, ('gust', 'count'): 564.154, ('gust', 'scan'): 564.204, ('gust', 'expand'): 564.252, ('gust', 'sort'): 564.377, ('gust', 'reduce'): 564.427, ('gust', 'final'): 564.489, ('gust', 'pack'): 564.51, ('gust', 'd2h'): 565.495, ('merge', 'start'): 566.01, ('merge', 'h2d'): 566.12, ('merge', 'count'): 566.16, ('merge', 'scan'): 566.211, ('merge', 'expand'): 566.405, ('merge', 'merge'): 579.717, ('merge', 'final'): 579.856, ('merge', 'compact'): 579.888, ('merge', 'pack'): 579.915, ('merge', 'd2h'): 581.077, ('mrg2', 'start'): 581.645, ('mrg2', 'h2d'): 581.776, ('mrg2', 'count'): 581.821, ('mrg2', 'scan'): 581.874, ('mrg2', 'merge'): 582.831, ('mrg2', 'final'): 582.892, ('mrg2', 'compact'): 582.925, ('mrg2', 'pack'): 582.949, ('mrg2', 'd2h'): 584.055}"
Highly sparse,bcsstm13,2003,21943,0.5469329704893483,90811,90811,90811,90811,0.0,,0.07799999999997453,0.35199999999997544,0.053999999999973625,1.0950000000000273,0.4839999999999236,1.765,,,,,2.18,3.857,1.857,,"{('cu', 'start'): 525.776, ('cu', 'h2dmalloc'): 525.839, ('cu', 'h2d'): 525.874, ('cu', 'workest'): 525.952, ('cu', 'compute'): 526.304, ('cu', 'copy'): 526.358, ('cu', 'pack'): 526.374, ('cu', 'd2h'): 527.469, ('gust', 'start'): 527.813, ('gust', 'h2d'): 527.911, ('gust', 'count'): 527.939, ('gust', 'scan'): 527.982, ('gust', 'expand'): 528.184, ('gust', 'sort'): 528.488, ('gust', 'reduce'): 528.647, ('gust', 'final'): 528.892, ('gust', 'pack'): 528.91, ('gust', 'd2h'): 529.901, ('merge', 'start'): 530.262, ('merge', 'h2d'): 530.362, ('merge', 'count'): 530.39, ('merge', 'scan'): 530.43, ('merge', 'expand'): 530.868, ('merge', 'merge'): 532.72, ('merge', 'final'): 532.862, ('merge', 'compact'): 532.972, ('merge', 'pack'): 532.99, ('merge', 'd2h'): 534.028, ('mrg2', 'start'): 534.396, ('mrg2', 'h2d'): 534.5, ('mrg2', 'count'): 534.528, ('mrg2', 'scan'): 534.568, ('mrg2', 'merge'): 534.993, ('mrg2', 'final'): 535.035, ('mrg2', 'compact'): 535.162, ('mrg2', 'pack'): 535.181, ('mrg2', 'd2h'): 536.164}"
Highly sparse,bp_0,822,3276,0.4848420267462305,9384,9384,9384,9384,0.0,,0.10700000000008458,0.19799999999997908,0.06899999999995998,1.23599999999999,0.37400000000002365,1.902,,,,,1.934,12.97,2.751,,"{('cu', 'start'): 567.221, ('cu', 'h2dmalloc'): 567.34, ('cu', 'h2d'): 567.367, ('cu', 'workest'): 567.474, ('cu', 'compute'): 567.672, ('cu', 'copy'): 567.741, ('cu', 'pack'): 567.768, ('cu', 'd2h'): 569.004, ('gust', 'start'): 569.58, ('gust', 'h2d'): 569.716, ('gust', 'count'): 569.761, ('gust', 'scan'): 569.821, ('gust', 'expand'): 569.868, ('gust', 'sort'): 569.997, ('gust', 'reduce'): 570.055, ('gust', 'final'): 570.13, ('gust', 'pack'): 570.156, ('gust', 'd2h'): 571.367, ('merge', 'start'): 571.974, ('merge', 'h2d'): 572.1, ('merge', 'count'): 572.144, ('merge', 'scan'): 572.202, ('merge', 'expand'): 572.363, ('merge', 'merge'): 583.085, ('merge', 'final'): 583.21, ('merge', 'compact'): 583.248, ('merge', 'pack'): 583.278, ('merge', 'd2h'): 584.763, ('mrg2', 'start'): 585.43, ('mrg2', 'h2d'): 585.584, ('mrg2', 'count'): 585.631, ('mrg2', 'scan'): 585.693, ('mrg2', 'merge'): 586.537, ('mrg2', 'final'): 586.592, ('mrg2', 'compact'): 586.627, ('mrg2', 'pack'): 586.655, ('mrg2', 'd2h'): 588.019}"
Highly sparse,bcsstk23,3134,45178,0.45996948062076437,220632,220632,220632,220632,0.0,,0.07299999999997908,0.32600000000002183,0.1490000000000009,1.05499999999995,0.5480000000000018,1.896,,,,,2.354,2.539,1.821,,"{('cu', 'start'): 514.867, ('cu', 'h2dmalloc'): 514.925, ('cu', 'h2d'): 514.981, ('cu', 'workest'): 515.054, ('cu', 'compute'): 515.38, ('cu', 'copy'): 515.529, ('cu', 'pack'): 515.595, ('cu', 'd2h'): 516.65, ('gust', 'start'): 517.026, ('gust', 'h2d'): 517.142, ('gust', 'count'): 517.169, ('gust', 'scan'): 517.21, ('gust', 'expand'): 517.384, ('gust', 'sort'): 517.683, ('gust', 'reduce'): 517.83, ('gust', 'final'): 518.126, ('gust', 'pack'): 518.194, ('gust', 'd2h'): 519.206, ('merge', 'start'): 519.664, ('merge', 'h2d'): 519.783, ('merge', 'count'): 519.811, ('merge', 'scan'): 519.85, ('merge', 'expand'): 520.105, ('merge', 'merge'): 520.722, ('merge', 'final'): 520.862, ('merge', 'compact'): 521.021, ('merge', 'pack'): 521.082, ('merge', 'd2h'): 522.035, ('mrg2', 'start'): 522.501, ('mrg2', 'h2d'): 522.62, ('mrg2', 'count'): 522.647, ('mrg2', 'scan'): 522.686, ('mrg2', 'merge'): 522.95, ('mrg2', 'final'): 522.983, ('mrg2', 'compact'): 523.145, ('mrg2', 'pack'): 523.207, ('mrg2', 'd2h'): 524.157}"
Highly sparse,bcsstk17,10974,428650,0.35593682023042417,1406936,1406936,1406936,1406936,0.0,,0.34199999999998454,1.8090000000000828,0.16699999999991633,5.3279999999999745,2.3179999999999836,8.338,,,,,10.009,15.332,7.24,,"{('cu', 'start'): 658.264, ('cu', 'h2dmalloc'): 658.36, ('cu', 'h2d'): 658.664, ('cu', 'workest'): 659.006, ('cu', 'compute'): 660.815, ('cu', 'copy'): 660.982, ('cu', 'pack'): 661.052, ('cu', 'd2h'): 666.38, ('gust', 'start'): 667.741, ('gust', 'h2d'): 668.183, ('gust', 'count'): 668.363, ('gust', 'scan'): 668.411, ('gust', 'expand'): 668.768, ('gust', 'sort'): 671.411, ('gust', 'reduce'): 671.773, ('gust', 'final'): 672.37, ('gust', 'pack'): 672.442, ('gust', 'd2h'): 677.379, ('merge', 'start'): 678.928, ('merge', 'h2d'): 679.33, ('merge', 'count'): 679.498, ('merge', 'scan'): 679.547, ('merge', 'expand'): 680.769, ('merge', 'merge'): 688.416, ('merge', 'final'): 688.662, ('merge', 'compact'): 688.938, ('merge', 'pack'): 689.009, ('merge', 'd2h'): 693.894, ('mrg2', 'start'): 695.345, ('mrg2', 'h2d'): 695.743, ('mrg2', 'count'): 695.916, ('mrg2', 'scan'): 695.964, ('mrg2', 'merge'): 696.896, ('mrg2', 'final'): 696.933, ('mrg2', 'compact'): 697.209, ('mrg2', 'pack'): 697.276, ('mrg2', 'd2h'): 702.259}"
Highly sparse,blckhole,2132,14872,0.3271861986912552,41546,41546,41546,41546,0.0,,0.10500000000001819,0.3650000000000091,0.07699999999999818,1.469000000000051,0.5470000000000255,2.337,,,,,2.501,2.31,1.874,,"{('cu', 'start'): 553.516, ('cu', 'h2dmalloc'): 553.644, ('cu', 'h2d'): 553.693, ('cu', 'workest'): 553.798, ('cu', 'compute'): 554.163, ('cu', 'copy'): 554.24, ('cu', 'pack'): 554.266, ('cu', 'd2h'): 555.735, ('gust', 'start'): 556.304, ('gust', 'h2d'): 556.465, ('gust', 'count'): 556.502, ('gust', 'scan'): 556.563, ('gust', 'expand'): 556.626, ('gust', 'sort'): 556.962, ('gust', 'reduce'): 557.175, ('gust', 'final'): 557.255, ('gust', 'pack'): 557.282, ('gust', 'd2h'): 558.591, ('merge', 'start'): 559.247, ('merge', 'h2d'): 559.411, ('merge', 'count'): 559.45, ('merge', 'scan'): 559.509, ('merge', 'expand'): 559.554, ('merge', 'merge'): 559.885, ('merge', 'final'): 559.952, ('merge', 'compact'): 560.075, ('merge', 'pack'): 560.107, ('merge', 'd2h'): 561.421, ('mrg2', 'start'): 562.02, ('mrg2', 'h2d'): 562.18, ('mrg2', 'count'): 562.215, ('mrg2', 'scan'): 562.275, ('mrg2', 'merge'): 562.34, ('mrg2', 'final'): 562.385, ('mrg2', 'compact'): 562.417, ('mrg2', 'pack'): 562.442, ('mrg2', 'd2h'): 563.754}"
Highly sparse,bcsstk29,13992,619488,0.31642683346621986,1965686,1965686,1965686,1965686,0.0,,0.32200000000000273,2.4160000000000537,0.19099999999991724,7.039999999999964,2.9289999999999736,10.9,,,,,13.719,16.869,9.281,,"{('cu', 'start'): 663.353, ('cu', 'h2dmalloc'): 663.445, ('cu', 'h2d'): 663.943, ('cu', 'workest'): 664.265, ('cu', 'compute'): 666.681, ('cu', 'copy'): 666.872, ('cu', 'pack'): 666.951, ('cu', 'd2h'): 673.991, ('gust', 'start'): 675.82, ('gust', 'h2d'): 676.416, ('gust', 'count'): 676.588, ('gust', 'scan'): 676.653, ('gust', 'expand'): 677.167, ('gust', 'sort'): 681.212, ('gust', 'reduce'): 681.691, ('gust', 'final'): 682.435, ('gust', 'pack'): 682.534, ('gust', 'd2h'): 689.104, ('merge', 'start'): 691.056, ('merge', 'h2d'): 691.637, ('merge', 'count'): 691.811, ('merge', 'scan'): 691.864, ('merge', 'expand'): 693.461, ('merge', 'merge'): 700.209, ('merge', 'final'): 700.507, ('merge', 'compact'): 700.855, ('merge', 'pack'): 700.958, ('merge', 'd2h'): 707.451, ('mrg2', 'start'): 709.437, ('mrg2', 'h2d'): 710.026, ('mrg2', 'count'): 710.205, ('mrg2', 'scan'): 710.259, ('mrg2', 'merge'): 711.383, ('mrg2', 'final'): 711.429, ('mrg2', 'compact'): 711.765, ('mrg2', 'pack'): 711.862, ('mrg2', 'd2h'): 718.341}"
Highly sparse,1138_bus,1138,4054,0.31303955695713814,11142,11142,11142,11142,0.0,,0.06399999999996453,0.15499999999997272,0.04900000000009186,0.7740000000000009,0.2680000000000291,1.209,,,,,1.23,1.158,1.127,,"{('cu', 'start'): 576.449, ('cu', 'h2dmalloc'): 576.509, ('cu', 'h2d'): 576.528, ('cu', 'workest'): 576.592, ('cu', 'compute'): 576.747, ('cu', 'copy'): 576.796, ('cu', 'pack'): 576.811, ('cu', 'd2h'): 577.585, ('gust', 'start'): 577.914, ('gust', 'h2d'): 577.991, ('gust', 'count'): 578.013, ('gust', 'scan'): 578.052, ('gust', 'expand'): 578.073, ('gust', 'sort'): 578.187, ('gust', 'reduce'): 578.225, ('gust', 'final'): 578.275, ('gust', 'pack'): 578.29, ('gust', 'd2h'): 579.056, ('merge', 'start'): 579.387, ('merge', 'h2d'): 579.46, ('merge', 'count'): 579.481, ('merge', 'scan'): 579.518, ('merge', 'expand'): 579.548, ('merge', 'merge'): 579.644, ('merge', 'final'): 579.678, ('merge', 'compact'): 579.701, ('merge', 'pack'): 579.715, ('merge', 'd2h'): 580.458, ('mrg2', 'start'): 580.79, ('mrg2', 'h2d'): 580.875, ('mrg2', 'count'): 580.897, ('mrg2', 'scan'): 580.934, ('mrg2', 'merge'): 580.987, ('mrg2', 'final'): 581.017, ('mrg2', 'compact'): 581.04, ('mrg2', 'pack'): 581.055, ('mrg2', 'd2h'): 581.78}"
Highly sparse,bcspwr06,1454,5300,0.25069579909522466,14110,14110,14110,14110,0.0,,0.055999999999983174,0.1519999999999868,0.04899999999997817,0.6120000000000232,0.25699999999994816,1.025,,,,,1.07,0.985,0.985,,"{('cu', 'start'): 466.409, ('cu', 'h2dmalloc'): 466.467, ('cu', 'h2d'): 466.482, ('cu', 'workest'): 466.538, ('cu', 'compute'): 466.69, ('cu', 'copy'): 466.739, ('cu', 'pack'): 466.753, ('cu', 'd2h'): 467.365, ('gust', 'start'): 467.683, ('gust', 'h2d'): 467.753, ('gust', 'count'): 467.773, ('gust', 'scan'): 467.81, ('gust', 'expand'): 467.832, ('gust', 'sort'): 467.946, ('gust', 'reduce'): 467.983, ('gust', 'final'): 468.033, ('gust', 'pack'): 468.048, ('gust', 'd2h'): 468.668, ('merge', 'start'): 469.002, ('merge', 'h2d'): 469.073, ('merge', 'count'): 469.093, ('merge', 'scan'): 469.128, ('merge', 'expand'): 469.158, ('merge', 'merge'): 469.235, ('merge', 'final'): 469.269, ('merge', 'compact'): 469.291, ('merge', 'pack'): 469.306, ('merge', 'd2h'): 469.904, ('mrg2', 'start'): 470.231, ('mrg2', 'h2d'): 470.301, ('mrg2', 'count'): 470.367, ('mrg2', 'scan'): 470.402, ('mrg2', 'merge'): 470.45, ('mrg2', 'final'): 470.479, ('mrg2', 'compact'): 470.501, ('mrg2', 'pack'): 470.515, ('mrg2', 'd2h'): 471.134}"
Highly sparse,bcsstk30,28924,2043492,0.24426218412514641,8946070,8946070,8946070,8946070,0.0,,0.3949999999999818,7.75,0.2829999999999018,31.593000000000075,8.427999999999884,43.56,,,,,62.353,119.866,43.995,,"{('cu', 'start'): 1503.064, ('cu', 'h2dmalloc'): 1503.21, ('cu', 'h2d'): 1505.594, ('cu', 'workest'): 1505.989, ('cu', 'compute'): 1513.739, ('cu', 'copy'): 1514.022, ('cu', 'pack'): 1514.119, ('cu', 'd2h'): 1545.712, ('gust', 'start'): 1554.206, ('gust', 'h2d'): 1556.746, ('gust', 'count'): 1556.982, ('gust', 'scan'): 1557.042, ('gust', 'expand'): 1559.235, ('gust', 'sort'): 1580.804, ('gust', 'reduce'): 1582.784, ('gust', 'final'): 1585.509, ('gust', 'pack'): 1585.611, ('gust', 'd2h'): 1615.233, ('merge', 'start'): 1623.254, ('merge', 'h2d'): 1625.773, ('merge', 'count'): 1626.028, ('merge', 'scan'): 1626.084, ('merge', 'expand'): 1634.445, ('merge', 'merge'): 1710.561, ('merge', 'final'): 1711.437, ('merge', 'compact'): 1712.246, ('merge', 'pack'): 1712.324, ('merge', 'd2h'): 1742.284, ('mrg2', 'start'): 1749.905, ('mrg2', 'h2d'): 1752.453, ('mrg2', 'count'): 1752.703, ('mrg2', 'scan'): 1752.759, ('mrg2', 'merge'): 1762.537, ('mrg2', 'final'): 1762.596, ('mrg2', 'compact'): 1763.547, ('mrg2', 'pack'): 1763.65, ('mrg2', 'd2h'): 1793.32}"
Highly sparse,bcsstm06,420,420,0.2380952380952381,420,420,420,420,0.0,,0.06499999999999773,0.15500000000002956,0.04699999999996862,0.728999999999985,0.2669999999999959,1.143,,,,,1.077,0.992,0.989,,"{('cu', 'start'): 477.63, ('cu', 'h2dmalloc'): 477.69, ('cu', 'h2d'): 477.7, ('cu', 'workest'): 477.765, ('cu', 'compute'): 477.92, ('cu', 'copy'): 477.967, ('cu', 'pack'): 477.981, ('cu', 'd2h'): 478.71, ('gust', 'start'): 479.025, ('gust', 'h2d'): 479.092, ('gust', 'count'): 479.111, ('gust', 'scan'): 479.15, ('gust', 'expand'): 479.168, ('gust', 'sort'): 479.209, ('gust', 'reduce'): 479.246, ('gust', 'final'): 479.296, ('gust', 'pack'): 479.31, ('gust', 'd2h'): 480.02, ('merge', 'start'): 480.354, ('merge', 'h2d'): 480.42, ('merge', 'count'): 480.445, ('merge', 'scan'): 480.483, ('merge', 'expand'): 480.499, ('merge', 'merge'): 480.518, ('merge', 'final'): 480.551, ('merge', 'compact'): 480.573, ('merge', 'pack'): 480.586, ('merge', 'd2h'): 481.266, ('mrg2', 'start'): 481.616, ('mrg2', 'h2d'): 481.684, ('mrg2', 'count'): 481.704, ('mrg2', 'scan'): 481.741, ('mrg2', 'merge'): 481.763, ('mrg2', 'final'): 481.79, ('mrg2', 'compact'): 481.812, ('mrg2', 'pack'): 481.826, ('mrg2', 'd2h'): 482.528}"
Highly sparse,bcspwr08,1624,6050,0.22939467106699993,16916,16916,16916,16916,0.0,,0.05700000000001637,0.1519999999999868,0.04699999999996862,0.6170000000000186,0.2559999999999718,1.03,,,,,1.089,0.994,0.956,,"{('cu', 'start'): 470.189, ('cu', 'h2dmalloc'): 470.248, ('cu', 'h2d'): 470.264, ('cu', 'workest'): 470.321, ('cu', 'compute'): 470.473, ('cu', 'copy'): 470.52, ('cu', 'pack'): 470.534, ('cu', 'd2h'): 471.151, ('gust', 'start'): 471.469, ('gust', 'h2d'): 471.541, ('gust', 'count'): 471.562, ('gust', 'scan'): 471.598, ('gust', 'expand'): 471.619, ('gust', 'sort'): 471.743, ('gust', 'reduce'): 471.778, ('gust', 'final'): 471.828, ('gust', 'pack'): 471.842, ('gust', 'd2h'): 472.472, ('merge', 'start'): 472.802, ('merge', 'h2d'): 472.875, ('merge', 'count'): 472.896, ('merge', 'scan'): 472.931, ('merge', 'expand'): 472.958, ('merge', 'merge'): 473.037, ('merge', 'final'): 473.07, ('merge', 'compact'): 473.098, ('merge', 'pack'): 473.112, ('merge', 'd2h'): 473.715, ('mrg2', 'start'): 474.044, ('mrg2', 'h2d'): 474.12, ('mrg2', 'count'): 474.141, ('mrg2', 'scan'): 474.176, ('mrg2', 'merge'): 474.222, ('mrg2', 'final'): 474.251, ('mrg2', 'compact'): 474.278, ('mrg2', 'pack'): 474.293, ('mrg2', 'd2h'): 474.916}"
Highly sparse,bcspwr07,1612,5824,0.22412551028576003,15684,15684,15684,15684,0.0,,0.06799999999998363,0.160000000000025,0.04899999999997817,0.7749999999999773,0.2769999999999868,1.249,,,,,1.32,1.212,1.116,,"{('cu', 'start'): 479.597, ('cu', 'h2dmalloc'): 479.677, ('cu', 'h2d'): 479.7, ('cu', 'workest'): 479.768, ('cu', 'compute'): 479.928, ('cu', 'copy'): 479.977, ('cu', 'pack'): 479.994, ('cu', 'd2h'): 480.769, ('gust', 'start'): 481.12, ('gust', 'h2d'): 481.208, ('gust', 'count'): 481.232, ('gust', 'scan'): 481.274, ('gust', 'expand'): 481.296, ('gust', 'sort'): 481.467, ('gust', 'reduce'): 481.505, ('gust', 'final'): 481.558, ('gust', 'pack'): 481.573, ('gust', 'd2h'): 482.345, ('merge', 'start'): 482.711, ('merge', 'h2d'): 482.805, ('merge', 'count'): 482.828, ('merge', 'scan'): 482.869, ('merge', 'expand'): 482.898, ('merge', 'merge'): 482.977, ('merge', 'final'): 483.014, ('merge', 'compact'): 483.038, ('merge', 'pack'): 483.054, ('merge', 'd2h'): 483.829, ('mrg2', 'start'): 484.186, ('mrg2', 'h2d'): 484.274, ('mrg2', 'count'): 484.296, ('mrg2', 'scan'): 484.339, ('mrg2', 'merge'): 484.387, ('mrg2', 'final'): 484.417, ('mrg2', 'compact'): 484.44, ('mrg2', 'pack'): 484.455, ('mrg2', 'd2h'): 485.212}"
Highly sparse,bcspwr09,1723,6511,0.21931944613334525,18485,18485,18485,18485,0.0,,0.05700000000001637,0.15099999999995362,0.04800000000000182,0.6200000000000045,0.2559999999999718,1.047,,,,,1.113,1.007,0.963,,"{('cu', 'start'): 482.075, ('cu', 'h2dmalloc'): 482.133, ('cu', 'h2d'): 482.163, ('cu', 'workest'): 482.22, ('cu', 'compute'): 482.371, ('cu', 'copy'): 482.419, ('cu', 'pack'): 482.433, ('cu', 'd2h'): 483.053, ('gust', 'start'): 483.38, ('gust', 'h2d'): 483.452, ('gust', 'count'): 483.472, ('gust', 'scan'): 483.51, ('gust', 'expand'): 483.531, ('gust', 'sort'): 483.652, ('gust', 'reduce'): 483.687, ('gust', 'final'): 483.739, ('gust', 'pack'): 483.753, ('gust', 'd2h'): 484.407, ('merge', 'start'): 484.74, ('merge', 'h2d'): 484.813, ('merge', 'count'): 484.834, ('merge', 'scan'): 484.87, ('merge', 'expand'): 484.897, ('merge', 'merge'): 484.983, ('merge', 'final'): 485.017, ('merge', 'compact'): 485.042, ('merge', 'pack'): 485.057, ('merge', 'd2h'): 485.665, ('mrg2', 'start'): 485.991, ('mrg2', 'h2d'): 486.069, ('mrg2', 'count'): 486.089, ('mrg2', 'scan'): 486.124, ('mrg2', 'merge'): 486.173, ('mrg2', 'final'): 486.204, ('mrg2', 'compact'): 486.226, ('mrg2', 'pack'): 486.24, ('mrg2', 'd2h'): 486.871}"
Highly sparse,bcsstm20,485,485,0.2061855670103093,485,485,485,485,0.0,,0.06700000000000728,0.15300000000002,0.04699999999996862,0.8110000000000355,0.2669999999999959,1.229,,,,,1.163,1.132,1.086,,"{('cu', 'start'): 505.563, ('cu', 'h2dmalloc'): 505.623, ('cu', 'h2d'): 505.633, ('cu', 'workest'): 505.7, ('cu', 'compute'): 505.853, ('cu', 'copy'): 505.9, ('cu', 'pack'): 505.914, ('cu', 'd2h'): 506.725, ('gust', 'start'): 507.05, ('gust', 'h2d'): 507.12, ('gust', 'count'): 507.14, ('gust', 'scan'): 507.178, ('gust', 'expand'): 507.195, ('gust', 'sort'): 507.237, ('gust', 'reduce'): 507.272, ('gust', 'final'): 507.318, ('gust', 'pack'): 507.331, ('gust', 'd2h'): 508.13, ('merge', 'start'): 508.465, ('merge', 'h2d'): 508.535, ('merge', 'count'): 508.555, ('merge', 'scan'): 508.592, ('merge', 'expand'): 508.609, ('merge', 'merge'): 508.627, ('merge', 'final'): 508.66, ('merge', 'compact'): 508.682, ('merge', 'pack'): 508.696, ('merge', 'd2h'): 509.516, ('mrg2', 'start'): 509.847, ('mrg2', 'h2d'): 509.915, ('mrg2', 'count'): 509.934, ('mrg2', 'scan'): 509.969, ('mrg2', 'merge'): 509.989, ('mrg2', 'final'): 510.023, ('mrg2', 'compact'): 510.044, ('mrg2', 'pack'): 510.058, ('mrg2', 'd2h'): 510.852}"
Highly sparse,bcsstk21,3600,26600,0.2052469135802469,93072,93072,93072,93072,0.0,,0.07100000000002638,0.23500000000001364,0.07499999999998863,0.8640000000000327,0.38100000000002865,1.427,,,,,1.683,1.478,1.288,,"{('cu', 'start'): 488.886, ('cu', 'h2dmalloc'): 488.945, ('cu', 'h2d'): 488.979, ('cu', 'workest'): 489.05, ('cu', 'compute'): 489.285, ('cu', 'copy'): 489.36, ('cu', 'pack'): 489.376, ('cu', 'd2h'): 490.24, ('gust', 'start'): 490.568, ('gust', 'h2d'): 490.661, ('gust', 'count'): 490.686, ('gust', 'scan'): 490.727, ('gust', 'expand'): 490.832, ('gust', 'sort'): 491.068, ('gust', 'reduce'): 491.155, ('gust', 'final'): 491.214, ('gust', 'pack'): 491.23, ('gust', 'd2h'): 492.083, ('merge', 'start'): 492.516, ('merge', 'h2d'): 492.61, ('merge', 'count'): 492.634, ('merge', 'scan'): 492.674, ('merge', 'expand'): 492.815, ('merge', 'merge'): 492.932, ('merge', 'final'): 492.97, ('merge', 'compact'): 493.045, ('merge', 'pack'): 493.062, ('merge', 'd2h'): 493.872, ('mrg2', 'start'): 494.245, ('mrg2', 'h2d'): 494.387, ('mrg2', 'count'): 494.409, ('mrg2', 'scan'): 494.448, ('mrg2', 'merge'): 494.494, ('mrg2', 'final'): 494.523, ('mrg2', 'compact'): 494.606, ('mrg2', 'pack'): 494.622, ('mrg2', 'd2h'): 495.413}"
Highly sparse,bcsstm19,817,817,0.12239902080783352,817,817,817,817,0.0,,0.06900000000001683,0.15800000000001546,0.04800000000000182,0.8310000000000173,0.2750000000000341,1.263,,,,,1.26,1.155,1.112,,"{('cu', 'start'): 480.601, ('cu', 'h2dmalloc'): 480.663, ('cu', 'h2d'): 480.674, ('cu', 'workest'): 480.743, ('cu', 'compute'): 480.901, ('cu', 'copy'): 480.949, ('cu', 'pack'): 480.964, ('cu', 'd2h'): 481.795, ('gust', 'start'): 482.12, ('gust', 'h2d'): 482.192, ('gust', 'count'): 482.212, ('gust', 'scan'): 482.252, ('gust', 'expand'): 482.271, ('gust', 'sort'): 482.314, ('gust', 'reduce'): 482.395, ('gust', 'final'): 482.445, ('gust', 'pack'): 482.459, ('gust', 'd2h'): 483.287, ('merge', 'start'): 483.646, ('merge', 'h2d'): 483.719, ('merge', 'count'): 483.739, ('merge', 'scan'): 483.777, ('merge', 'expand'): 483.797, ('merge', 'merge'): 483.817, ('merge', 'final'): 483.85, ('merge', 'compact'): 483.872, ('merge', 'pack'): 483.887, ('merge', 'd2h'): 484.717, ('mrg2', 'start'): 485.052, ('mrg2', 'h2d'): 485.121, ('mrg2', 'count'): 485.141, ('mrg2', 'scan'): 485.177, ('mrg2', 'merge'): 485.197, ('mrg2', 'final'): 485.225, ('mrg2', 'compact'): 485.246, ('mrg2', 'pack'): 485.261, ('mrg2', 'd2h'): 486.081}"
Highly sparse,bcsstk25,15439,252241,0.10582233620331932,1168919,1168919,1168919,1168919,0.0,,0.3410000000000082,0.6510000000000673,0.16799999999989268,4.80600000000004,1.1599999999999682,6.687,,,,,7.334,9.078,6.587,,"{('cu', 'start'): 619.852, ('cu', 'h2dmalloc'): 619.965, ('cu', 'h2d'): 620.299, ('cu', 'workest'): 620.64, ('cu', 'compute'): 621.291, ('cu', 'copy'): 621.459, ('cu', 'pack'): 621.555, ('cu', 'd2h'): 626.361, ('gust', 'start'): 627.524, ('gust', 'h2d'): 627.958, ('gust', 'count'): 628.154, ('gust', 'scan'): 628.21, ('gust', 'expand'): 628.422, ('gust', 'sort'): 629.273, ('gust', 'reduce'): 629.477, ('gust', 'final'): 629.917, ('gust', 'pack'): 629.991, ('gust', 'd2h'): 634.501, ('merge', 'start'): 635.832, ('merge', 'h2d'): 636.261, ('merge', 'count'): 636.502, ('merge', 'scan'): 636.556, ('merge', 'expand'): 637.049, ('merge', 'merge'): 639.483, ('merge', 'final'): 639.701, ('merge', 'compact'): 640.006, ('merge', 'pack'): 640.082, ('merge', 'd2h'): 644.556, ('mrg2', 'start'): 645.875, ('mrg2', 'h2d'): 646.305, ('mrg2', 'count'): 646.554, ('mrg2', 'scan'): 646.609, ('mrg2', 'merge'): 647.236, ('mrg2', 'final'): 647.273, ('mrg2', 'compact'): 647.533, ('mrg2', 'pack'): 647.609, ('mrg2', 'd2h'): 652.122}"
Highly sparse,bcsstk18,11948,149090,0.10443788948628972,713208,713208,713208,713208,0.0,,0.17999999999994998,0.47199999999998,0.1510000000000673,2.675999999999931,0.8029999999999973,3.873,,,,,4.376,5.098,3.712,,"{('cu', 'start'): 535.469, ('cu', 'h2dmalloc'): 535.534, ('cu', 'h2d'): 535.619, ('cu', 'workest'): 535.799, ('cu', 'compute'): 536.271, ('cu', 'copy'): 536.422, ('cu', 'pack'): 536.528, ('cu', 'd2h'): 539.204, ('gust', 'start'): 539.932, ('gust', 'h2d'): 540.077, ('gust', 'count'): 540.131, ('gust', 'scan'): 540.174, ('gust', 'expand'): 540.39, ('gust', 'sort'): 540.898, ('gust', 'reduce'): 541.046, ('gust', 'final'): 541.424, ('gust', 'pack'): 541.516, ('gust', 'd2h'): 544.069, ('merge', 'start'): 544.911, ('merge', 'h2d'): 545.06, ('merge', 'count'): 545.108, ('merge', 'scan'): 545.148, ('merge', 'expand'): 545.492, ('merge', 'merge'): 546.867, ('merge', 'final'): 547.026, ('merge', 'compact'): 547.255, ('merge', 'pack'): 547.32, ('merge', 'd2h'): 549.768, ('mrg2', 'start'): 550.589, ('mrg2', 'h2d'): 550.743, ('mrg2', 'count'): 550.795, ('mrg2', 'scan'): 550.836, ('mrg2', 'merge'): 551.303, ('mrg2', 'final'): 551.338, ('mrg2', 'compact'): 551.572, ('mrg2', 'pack'): 551.641, ('mrg2', 'd2h'): 554.062}"
Highly sparse,bcsstk32,44609,2014701,0.10124314474587429,6819653,6819653,6819653,6819653,0.0,,0.5799999999999272,7.802000000000135,0.31899999999996,26.521999999999935,8.701000000000022,39.633,,,,,47.722,66.834,36.101,,"{('cu', 'start'): 1291.201, ('cu', 'h2dmalloc'): 1291.448, ('cu', 'h2d'): 1294.914, ('cu', 'workest'): 1295.494, ('cu', 'compute'): 1303.296, ('cu', 'copy'): 1303.615, ('cu', 'pack'): 1303.701, ('cu', 'd2h'): 1330.223, ('gust', 'start'): 1336.414, ('gust', 'h2d'): 1340.063, ('gust', 'count'): 1340.406, ('gust', 'scan'): 1340.477, ('gust', 'expand'): 1341.921, ('gust', 'sort'): 1354.644, ('gust', 'reduce'): 1355.939, ('gust', 'final'): 1357.561, ('gust', 'pack'): 1357.67, ('gust', 'd2h'): 1382.893, ('merge', 'start'): 1389.712, ('merge', 'h2d'): 1393.318, ('merge', 'count'): 1393.713, ('merge', 'scan'): 1393.78, ('merge', 'expand'): 1398.97, ('merge', 'merge'): 1428.923, ('merge', 'final'): 1429.612, ('merge', 'compact'): 1430.246, ('merge', 'pack'): 1430.332, ('merge', 'd2h'): 1455.824, ('mrg2', 'start'): 1462.231, ('mrg2', 'h2d'): 1465.923, ('mrg2', 'count'): 1466.328, ('mrg2', 'scan'): 1466.398, ('mrg2', 'merge'): 1471.109, ('mrg2', 'final'): 1471.179, ('mrg2', 'compact'): 1471.976, ('mrg2', 'pack'): 1472.068, ('mrg2', 'd2h'): 1497.797}"
Extremely sparse,bcsstk31,35588,1181416,0.09328153508950845,4713580,4713580,4713580,4713580,0.0,,0.52800000000002,4.48599999999999,0.2559999999999718,18.301000000000045,5.269999999999982,25.668,,,,,29.195,39.827,23.302,,"{('cu', 'start'): 946.099, ('cu', 'h2dmalloc'): 946.265, ('cu', 'h2d'): 947.751, ('cu', 'workest'): 948.279, ('cu', 'compute'): 952.765, ('cu', 'copy'): 953.021, ('cu', 'pack'): 953.106, ('cu', 'd2h'): 971.407, ('gust', 'start'): 975.565, ('gust', 'h2d'): 977.22, ('gust', 'count'): 977.514, ('gust', 'scan'): 977.573, ('gust', 'expand'): 978.404, ('gust', 'sort'): 984.467, ('gust', 'reduce'): 985.159, ('gust', 'final'): 986.268, ('gust', 'pack'): 986.366, ('gust', 'd2h'): 1004.144, ('merge', 'start'): 1008.621, ('merge', 'h2d'): 1010.271, ('merge', 'count'): 1010.611, ('merge', 'scan'): 1010.673, ('merge', 'expand'): 1013.343, ('merge', 'merge'): 1029.249, ('merge', 'final'): 1029.785, ('merge', 'compact'): 1030.306, ('merge', 'pack'): 1030.406, ('merge', 'd2h'): 1047.89, ('mrg2', 'start'): 1052.261, ('mrg2', 'h2d'): 1053.909, ('mrg2', 'count'): 1054.261, ('mrg2', 'scan'): 1054.325, ('mrg2', 'merge'): 1056.912, ('mrg2', 'final'): 1056.98, ('mrg2', 'compact'): 1057.554, ('mrg2', 'pack'): 1057.645, ('mrg2', 'd2h'): 1075.09}"
Extremely sparse,bcsstm08,1074,1074,0.0931098696461825,1074,1074,1074,1074,0.0,,0.07299999999997908,0.1560000000000059,0.04800000000000182,0.8300000000000409,0.2769999999999868,1.267,,,,,1.191,1.125,1.068,,"{('cu', 'start'): 500.243, ('cu', 'h2dmalloc'): 500.308, ('cu', 'h2d'): 500.322, ('cu', 'workest'): 500.395, ('cu', 'compute'): 500.551, ('cu', 'copy'): 500.599, ('cu', 'pack'): 500.614, ('cu', 'd2h'): 501.444, ('gust', 'start'): 501.763, ('gust', 'h2d'): 501.839, ('gust', 'count'): 501.862, ('gust', 'scan'): 501.901, ('gust', 'expand'): 501.921, ('gust', 'sort'): 501.964, ('gust', 'reduce'): 501.999, ('gust', 'final'): 502.05, ('gust', 'pack'): 502.064, ('gust', 'd2h'): 502.868, ('merge', 'start'): 503.206, ('merge', 'h2d'): 503.277, ('merge', 'count'): 503.299, ('merge', 'scan'): 503.337, ('merge', 'expand'): 503.356, ('merge', 'merge'): 503.375, ('merge', 'final'): 503.408, ('merge', 'compact'): 503.429, ('merge', 'pack'): 503.444, ('merge', 'd2h'): 504.249, ('mrg2', 'start'): 504.58, ('mrg2', 'h2d'): 504.648, ('mrg2', 'count'): 504.667, ('mrg2', 'scan'): 504.703, ('mrg2', 'merge'): 504.724, ('mrg2', 'final'): 504.75, ('mrg2', 'compact'): 504.771, ('mrg2', 'pack'): 504.785, ('mrg2', 'd2h'): 505.568}"
Extremely sparse,bcsstm09,1083,1083,0.09233610341643582,1083,1083,1083,1083,0.0,,0.07699999999999818,0.15199999999992997,0.055000000000063665,0.84800000000007,0.2839999999999918,1.294,,,,,1.232,1.182,1.127,,"{('cu', 'start'): 532.695, ('cu', 'h2dmalloc'): 532.756, ('cu', 'h2d'): 532.773, ('cu', 'workest'): 532.85, ('cu', 'compute'): 533.002, ('cu', 'copy'): 533.057, ('cu', 'pack'): 533.074, ('cu', 'd2h'): 533.922, ('gust', 'start'): 534.256, ('gust', 'h2d'): 534.332, ('gust', 'count'): 534.353, ('gust', 'scan'): 534.395, ('gust', 'expand'): 534.417, ('gust', 'sort'): 534.462, ('gust', 'reduce'): 534.498, ('gust', 'final'): 534.553, ('gust', 'pack'): 534.568, ('gust', 'd2h'): 535.401, ('merge', 'start'): 535.748, ('merge', 'h2d'): 535.822, ('merge', 'count'): 535.845, ('merge', 'scan'): 535.887, ('merge', 'expand'): 535.909, ('merge', 'merge'): 535.928, ('merge', 'final'): 535.964, ('merge', 'compact'): 535.986, ('merge', 'pack'): 536.003, ('merge', 'd2h'): 536.845, ('mrg2', 'start'): 537.2, ('mrg2', 'h2d'): 537.279, ('mrg2', 'count'): 537.299, ('mrg2', 'scan'): 537.342, ('mrg2', 'merge'): 537.364, ('mrg2', 'final'): 537.393, ('mrg2', 'compact'): 537.415, ('mrg2', 'pack'): 537.432, ('mrg2', 'd2h'): 538.244}"
Extremely sparse,bcspwr10,5300,21842,0.07775720897116412,60498,60498,60498,60498,0.0,,0.06299999999998818,0.23500000000001364,0.05099999999998772,0.7349999999999568,0.34899999999998954,1.248,,,,,1.405,1.239,1.081,,"{('cu', 'start'): 471.263, ('cu', 'h2dmalloc'): 471.321, ('cu', 'h2d'): 471.342, ('cu', 'workest'): 471.405, ('cu', 'compute'): 471.64, ('cu', 'copy'): 471.691, ('cu', 'pack'): 471.706, ('cu', 'd2h'): 472.441, ('gust', 'start'): 472.76, ('gust', 'h2d'): 472.836, ('gust', 'count'): 472.859, ('gust', 'scan'): 472.896, ('gust', 'expand'): 472.922, ('gust', 'sort'): 473.174, ('gust', 'reduce'): 473.263, ('gust', 'final'): 473.366, ('gust', 'pack'): 473.383, ('gust', 'd2h'): 474.076, ('merge', 'start'): 474.415, ('merge', 'h2d'): 474.498, ('merge', 'count'): 474.522, ('merge', 'scan'): 474.56, ('merge', 'expand'): 474.592, ('merge', 'merge'): 474.754, ('merge', 'final'): 474.792, ('merge', 'compact'): 474.872, ('merge', 'pack'): 474.89, ('merge', 'd2h'): 475.569, ('mrg2', 'start'): 475.898, ('mrg2', 'h2d'): 475.979, ('mrg2', 'count'): 476.007, ('mrg2', 'scan'): 476.051, ('mrg2', 'merge'): 476.102, ('mrg2', 'final'): 476.133, ('mrg2', 'compact'): 476.16, ('mrg2', 'pack'): 476.174, ('mrg2', 'd2h'): 476.896}"
Extremely sparse,bcsstm11,1473,1473,0.0678886625933469,1473,1473,1473,1473,0.0,,0.08000000000004093,0.1560000000000059,0.055999999999983174,0.8979999999999677,0.29200000000003,1.376,,,,,1.302,1.227,1.352,,"{('cu', 'start'): 494.998, ('cu', 'h2dmalloc'): 495.061, ('cu', 'h2d'): 495.085, ('cu', 'workest'): 495.165, ('cu', 'compute'): 495.321, ('cu', 'copy'): 495.377, ('cu', 'pack'): 495.398, ('cu', 'd2h'): 496.296, ('gust', 'start'): 496.634, ('gust', 'h2d'): 496.714, ('gust', 'count'): 496.739, ('gust', 'scan'): 496.783, ('gust', 'expand'): 496.807, ('gust', 'sort'): 496.855, ('gust', 'reduce'): 496.899, ('gust', 'final'): 496.953, ('gust', 'pack'): 496.97, ('gust', 'd2h'): 497.841, ('merge', 'start'): 498.211, ('merge', 'h2d'): 498.297, ('merge', 'count'): 498.322, ('merge', 'scan'): 498.365, ('merge', 'expand'): 498.387, ('merge', 'merge'): 498.411, ('merge', 'final'): 498.448, ('merge', 'compact'): 498.475, ('merge', 'pack'): 498.494, ('merge', 'd2h'): 499.345, ('mrg2', 'start'): 499.696, ('mrg2', 'h2d'): 499.776, ('mrg2', 'count'): 499.8, ('mrg2', 'scan'): 499.841, ('mrg2', 'merge'): 499.867, ('mrg2', 'final'): 499.899, ('mrg2', 'compact'): 499.925, ('mrg2', 'pack'): 499.943, ('mrg2', 'd2h'): 500.947}"
Extremely sparse,bcsstm26,1922,1922,0.052029136316337155,1922,1922,1922,1922,0.0,,0.06300000000004502,0.15899999999999181,0.04899999999997817,0.6350000000000477,0.271000000000015,1.068,,,,,1.009,0.919,0.922,,"{('cu', 'start'): 478.489, ('cu', 'h2dmalloc'): 478.548, ('cu', 'h2d'): 478.561, ('cu', 'workest'): 478.624, ('cu', 'compute'): 478.783, ('cu', 'copy'): 478.832, ('cu', 'pack'): 478.847, ('cu', 'd2h'): 479.482, ('gust', 'start'): 479.804, ('gust', 'h2d'): 479.872, ('gust', 'count'): 479.892, ('gust', 'scan'): 479.931, ('gust', 'expand'): 479.95, ('gust', 'sort'): 480.002, ('gust', 'reduce'): 480.038, ('gust', 'final'): 480.091, ('gust', 'pack'): 480.104, ('gust', 'd2h'): 480.725, ('merge', 'start'): 481.07, ('merge', 'h2d'): 481.14, ('merge', 'count'): 481.16, ('merge', 'scan'): 481.198, ('merge', 'expand'): 481.216, ('merge', 'merge'): 481.235, ('merge', 'final'): 481.269, ('merge', 'compact'): 481.291, ('merge', 'pack'): 481.305, ('merge', 'd2h'): 481.898, ('mrg2', 'start'): 482.236, ('mrg2', 'h2d'): 482.304, ('mrg2', 'count'): 482.324, ('mrg2', 'scan'): 482.36, ('mrg2', 'merge'): 482.38, ('mrg2', 'final'): 482.408, ('mrg2', 'compact'): 482.431, ('mrg2', 'pack'): 482.445, ('mrg2', 'd2h'): 483.075}"
Extremely sparse,bcsstm23,3134,3134,0.031908104658583285,3134,3134,3134,3134,0.0,,0.07400000000001228,0.15999999999996817,0.05200000000002092,0.8380000000000223,0.28600000000000136,1.33,,,,,1.335,1.197,1.164,,"{('cu', 'start'): 479.327, ('cu', 'h2dmalloc'): 479.395, ('cu', 'h2d'): 479.416, ('cu', 'workest'): 479.49, ('cu', 'compute'): 479.65, ('cu', 'copy'): 479.702, ('cu', 'pack'): 479.741, ('cu', 'd2h'): 480.579, ('gust', 'start'): 480.922, ('gust', 'h2d'): 481.012, ('gust', 'count'): 481.036, ('gust', 'scan'): 481.078, ('gust', 'expand'): 481.102, ('gust', 'sort'): 481.212, ('gust', 'reduce'): 481.252, ('gust', 'final'): 481.304, ('gust', 'pack'): 481.32, ('gust', 'd2h'): 482.159, ('merge', 'start'): 482.521, ('merge', 'h2d'): 482.609, ('merge', 'count'): 482.632, ('merge', 'scan'): 482.673, ('merge', 'expand'): 482.696, ('merge', 'merge'): 482.739, ('merge', 'final'): 482.774, ('merge', 'compact'): 482.798, ('merge', 'pack'): 482.814, ('merge', 'd2h'): 483.619, ('mrg2', 'start'): 483.983, ('mrg2', 'h2d'): 484.069, ('mrg2', 'count'): 484.093, ('mrg2', 'scan'): 484.133, ('mrg2', 'merge'): 484.155, ('mrg2', 'final'): 484.184, ('mrg2', 'compact'): 484.208, ('mrg2', 'pack'): 484.223, ('mrg2', 'd2h'): 485.053}"
Extremely sparse,bcsstm24,3562,3562,0.028074115665356544,3562,3562,3562,3562,0.0,,0.07600000000002183,0.16500000000002046,0.057999999999992724,0.8809999999999718,0.299000000000035,1.377,,,,,1.436,1.295,1.319,,"{('cu', 'start'): 486.232, ('cu', 'h2dmalloc'): 486.302, ('cu', 'h2d'): 486.323, ('cu', 'workest'): 486.399, ('cu', 'compute'): 486.564, ('cu', 'copy'): 486.622, ('cu', 'pack'): 486.641, ('cu', 'd2h'): 487.522, ('gust', 'start'): 487.876, ('gust', 'h2d'): 487.968, ('gust', 'count'): 487.993, ('gust', 'scan'): 488.04, ('gust', 'expand'): 488.068, ('gust', 'sort'): 488.184, ('gust', 'reduce'): 488.23, ('gust', 'final'): 488.284, ('gust', 'pack'): 488.303, ('gust', 'd2h'): 489.201, ('merge', 'start'): 489.575, ('merge', 'h2d'): 489.664, ('merge', 'count'): 489.699, ('merge', 'scan'): 489.746, ('merge', 'expand'): 489.771, ('merge', 'merge'): 489.799, ('merge', 'final'): 489.839, ('merge', 'compact'): 489.871, ('merge', 'pack'): 489.89, ('merge', 'd2h'): 490.758, ('mrg2', 'start'): 491.137, ('mrg2', 'h2d'): 491.23, ('mrg2', 'count'): 491.258, ('mrg2', 'scan'): 491.304, ('mrg2', 'merge'): 491.334, ('mrg2', 'final'): 491.369, ('mrg2', 'compact'): 491.397, ('mrg2', 'pack'): 491.417, ('mrg2', 'd2h'): 492.344}"
Extremely sparse,bcsstm21,3600,3600,0.027777777777777776,3600,3600,3600,3600,0.0,,0.06900000000001683,0.15799999999995862,0.05000000000001137,0.811999999999955,0.2769999999999868,1.259,,,,,1.307,1.306,1.134,,"{('cu', 'start'): 487.697, ('cu', 'h2dmalloc'): 487.761, ('cu', 'h2d'): 487.779, ('cu', 'workest'): 487.848, ('cu', 'compute'): 488.006, ('cu', 'copy'): 488.056, ('cu', 'pack'): 488.071, ('cu', 'd2h'): 488.883, ('gust', 'start'): 489.215, ('gust', 'h2d'): 489.3, ('gust', 'count'): 489.321, ('gust', 'scan'): 489.363, ('gust', 'expand'): 489.409, ('gust', 'sort'): 489.52, ('gust', 'reduce'): 489.558, ('gust', 'final'): 489.608, ('gust', 'pack'): 489.623, ('gust', 'd2h'): 490.425, ('merge', 'start'): 490.781, ('merge', 'h2d'): 490.863, ('merge', 'count'): 490.887, ('merge', 'scan'): 490.928, ('merge', 'expand'): 490.947, ('merge', 'merge'): 490.97, ('merge', 'final'): 491.005, ('merge', 'compact'): 491.03, ('merge', 'pack'): 491.045, ('merge', 'd2h'): 491.995, ('mrg2', 'start'): 492.476, ('mrg2', 'h2d'): 492.561, ('mrg2', 'count'): 492.584, ('mrg2', 'scan'): 492.627, ('mrg2', 'merge'): 492.649, ('mrg2', 'final'): 492.679, ('mrg2', 'compact'): 492.703, ('mrg2', 'pack'): 492.718, ('mrg2', 'd2h'): 493.519}"
Extremely sparse,bcsstm25,15439,15439,0.006477103439341926,15439,15439,15439,15439,0.0,,0.07100000000002638,0.15499999999997272,0.05200000000002092,0.9089999999999918,0.27800000000002,1.375,,,,,1.406,1.262,1.234,,"{('cu', 'start'): 513.558, ('cu', 'h2dmalloc'): 513.62, ('cu', 'h2d'): 513.66, ('cu', 'workest'): 513.731, ('cu', 'compute'): 513.886, ('cu', 'copy'): 513.938, ('cu', 'pack'): 513.953, ('cu', 'd2h'): 514.862, ('gust', 'start'): 515.19, ('gust', 'h2d'): 515.284, ('gust', 'count'): 515.307, ('gust', 'scan'): 515.349, ('gust', 'expand'): 515.385, ('gust', 'sort'): 515.508, ('gust', 'reduce'): 515.544, ('gust', 'final'): 515.595, ('gust', 'pack'): 515.609, ('gust', 'd2h'): 516.509, ('merge', 'start'): 516.865, ('merge', 'h2d'): 516.959, ('merge', 'count'): 516.984, ('merge', 'scan'): 517.025, ('merge', 'expand'): 517.052, ('merge', 'merge'): 517.083, ('merge', 'final'): 517.118, ('merge', 'compact'): 517.152, ('merge', 'pack'): 517.168, ('merge', 'd2h'): 518.041, ('mrg2', 'start'): 518.38, ('mrg2', 'h2d'): 518.475, ('mrg2', 'count'): 518.5, ('mrg2', 'scan'): 518.54, ('mrg2', 'merge'): 518.57, ('mrg2', 'final'): 518.6, ('mrg2', 'compact'): 518.634, ('mrg2', 'pack'): 518.656, ('mrg2', 'd2h'): 519.527}"
