class,name,n,A_nnz,density_pct,cu_cnnz,man_cnnz,merge_cnnz,merge2_cnnz,merge3_cnnz,cnnz_gap_pct,buf2,cu_we,cu_compute,cu_copy,cu_d2h,cu_kernel,cu_time,cu_write,man_count,man_fill,man_kernel,man_time,merge_time,merge2_time,merge3_time,man_write,cu_compute_t,man_compute_t,merge_compute_t,merge2_compute_t,merge3_compute_t,phases,cublas_ms,ocean_ms
Dense,bcsstk02,66,4356,100.0,4356,4356,4356,4356,4356,0.0,,0.05899999999996908,0.21600000000000819,0.04899999999997817,0.10200000000008913,0.32399999999995543,0.601,,,,,1.046,1.866,0.558,0.317,,0.34399999999993724,0.8079999999999927,1.6870000000000118,0.38900000000001,0.14400000000000546,"{('cu', 'start'): 690.694, ('cu', 'h2dmalloc'): 690.761, ('cu', 'h2d'): 690.778, ('cu', 'workest'): 690.837, ('cu', 'compute'): 691.053, ('cu', 'copy'): 691.102, ('cu', 'pack'): 691.122, ('cu', 'd2h'): 691.224, ('gust', 'start'): 691.306, ('gust', 'h2d'): 691.383, ('gust', 'count'): 691.413, ('gust', 'scan'): 691.457, ('gust', 'expand'): 691.564, ('gust', 'sort'): 691.825, ('gust', 'reduce'): 691.986, ('gust', 'final'): 692.167, ('gust', 'pack'): 692.191, ('gust', 'd2h'): 692.21, ('merge', 'start'): 692.357, ('merge', 'h2d'): 692.444, ('merge', 'count'): 692.47, ('merge', 'scan'): 692.509, ('merge', 'expand'): 692.977, ('merge', 'merge'): 693.857, ('merge', 'final'): 693.969, ('merge', 'compact'): 694.107, ('merge', 'pack'): 694.131, ('merge', 'd2h'): 694.144, ('mrg2', 'start'): 694.231, ('mrg2', 'h2d'): 694.307, ('mrg2', 'count'): 694.331, ('mrg2', 'scan'): 694.368, ('mrg2', 'merge'): 694.548, ('mrg2', 'final'): 694.585, ('mrg2', 'compact'): 694.673, ('mrg2', 'pack'): 694.696, ('mrg2', 'd2h'): 694.709, ('mrg3', 'start'): 694.795, ('mrg3', 'h2d'): 694.87, ('mrg3', 'count'): 694.904, ('mrg3', 'scan'): 694.955, ('mrg3', 'merge'): 694.995, ('mrg3', 'pack'): 695.014, ('mrg3', 'd2h'): 695.027}",0.048649962991476,0.8049151991959662
Dense,can_24,24,160,27.77777777777778,336,336,336,336,336,0.0,,0.05600000000004002,0.15099999999995362,0.05299999999999727,0.025999999999953616,0.2599999999999909,0.465,,,,,0.436,0.392,0.346,0.285,,0.28100000000006276,0.24500000000000455,0.22199999999998,0.17599999999993088,0.11799999999993815,"{('cu', 'start'): 674.224, ('cu', 'h2dmalloc'): 674.286, ('cu', 'h2d'): 674.3, ('cu', 'workest'): 674.356, ('cu', 'compute'): 674.507, ('cu', 'copy'): 674.56, ('cu', 'pack'): 674.581, ('cu', 'd2h'): 674.607, ('gust', 'start'): 674.696, ('gust', 'h2d'): 674.781, ('gust', 'count'): 674.804, ('gust', 'scan'): 674.843, ('gust', 'expand'): 674.867, ('gust', 'sort'): 674.914, ('gust', 'reduce'): 674.954, ('gust', 'final'): 675.007, ('gust', 'pack'): 675.026, ('gust', 'd2h'): 675.036, ('merge', 'start'): 675.138, ('merge', 'h2d'): 675.214, ('merge', 'count'): 675.236, ('merge', 'scan'): 675.271, ('merge', 'expand'): 675.305, ('merge', 'merge'): 675.352, ('merge', 'final'): 675.392, ('merge', 'compact'): 675.417, ('merge', 'pack'): 675.436, ('merge', 'd2h'): 675.446, ('mrg2', 'start'): 675.537, ('mrg2', 'h2d'): 675.61, ('mrg2', 'count'): 675.631, ('mrg2', 'scan'): 675.666, ('mrg2', 'merge'): 675.702, ('mrg2', 'final'): 675.736, ('mrg2', 'compact'): 675.767, ('mrg2', 'pack'): 675.786, ('mrg2', 'd2h'): 675.796, ('mrg3', 'start'): 675.889, ('mrg3', 'h2d'): 675.961, ('mrg3', 'count'): 675.987, ('mrg3', 'scan'): 676.037, ('mrg3', 'merge'): 676.062, ('mrg3', 'pack'): 676.079, ('mrg3', 'd2h'): 676.089}",0.0485549680888652,0.1892544001108035
Dense,bcsstk04,132,3648,20.9366391184573,11968,11968,11968,11968,11968,0.0,,0.06099999999992178,0.24700000000007094,0.06299999999998818,0.10599999999999454,0.3709999999999809,0.649,,,,,0.81,1.263,0.471,0.346,,0.39800000000002456,0.6200000000000045,1.08299999999997,0.28700000000003456,0.1570000000000391,"{('cu', 'start'): 672.773, ('cu', 'h2dmalloc'): 672.833, ('cu', 'h2d'): 672.85, ('cu', 'workest'): 672.911, ('cu', 'compute'): 673.158, ('cu', 'copy'): 673.221, ('cu', 'pack'): 673.248, ('cu', 'd2h'): 673.354, ('gust', 'start'): 673.431, ('gust', 'h2d'): 673.508, ('gust', 'count'): 673.532, ('gust', 'scan'): 673.571, ('gust', 'expand'): 673.609, ('gust', 'sort'): 673.869, ('gust', 'reduce'): 673.975, ('gust', 'final'): 674.103, ('gust', 'pack'): 674.128, ('gust', 'd2h'): 674.153, ('merge', 'start'): 674.247, ('merge', 'h2d'): 674.323, ('merge', 'count'): 674.345, ('merge', 'scan'): 674.383, ('merge', 'expand'): 674.554, ('merge', 'merge'): 675.255, ('merge', 'final'): 675.298, ('merge', 'compact'): 675.385, ('merge', 'pack'): 675.406, ('merge', 'd2h'): 675.424, ('mrg2', 'start'): 675.517, ('mrg2', 'h2d'): 675.591, ('mrg2', 'count'): 675.615, ('mrg2', 'scan'): 675.652, ('mrg2', 'merge'): 675.801, ('mrg2', 'final'): 675.836, ('mrg2', 'compact'): 675.859, ('mrg2', 'pack'): 675.878, ('mrg2', 'd2h'): 675.895, ('mrg3', 'start'): 675.995, ('mrg3', 'h2d'): 676.078, ('mrg3', 'count'): 676.117, ('mrg3', 'scan'): 676.169, ('mrg3', 'merge'): 676.217, ('mrg3', 'pack'): 676.235, ('mrg3', 'd2h'): 676.253}",0.032111071050167,0.4644383989507332
Dense,bcsstk01,48,400,17.36111111111111,1292,1292,1292,1292,1292,0.0,,0.05600000000004002,0.15999999999996817,0.05600000000004002,0.026000000000067303,0.2720000000000482,0.475,,,,,0.501,0.419,0.358,0.287,,0.29200000000003,0.3149999999999409,0.2480000000000473,0.18800000000010186,0.12100000000009459,"{('cu', 'start'): 671.903, ('cu', 'h2dmalloc'): 671.963, ('cu', 'h2d'): 671.978, ('cu', 'workest'): 672.034, ('cu', 'compute'): 672.194, ('cu', 'copy'): 672.25, ('cu', 'pack'): 672.27, ('cu', 'd2h'): 672.296, ('gust', 'start'): 672.385, ('gust', 'h2d'): 672.461, ('gust', 'count'): 672.482, ('gust', 'scan'): 672.521, ('gust', 'expand'): 672.546, ('gust', 'sort'): 672.656, ('gust', 'reduce'): 672.699, ('gust', 'final'): 672.755, ('gust', 'pack'): 672.776, ('gust', 'd2h'): 672.786, ('merge', 'start'): 672.893, ('merge', 'h2d'): 672.971, ('merge', 'count'): 672.993, ('merge', 'scan'): 673.029, ('merge', 'expand'): 673.065, ('merge', 'merge'): 673.14, ('merge', 'final'): 673.179, ('merge', 'compact'): 673.202, ('merge', 'pack'): 673.219, ('merge', 'd2h'): 673.229, ('mrg2', 'start'): 673.317, ('mrg2', 'h2d'): 673.387, ('mrg2', 'count'): 673.407, ('mrg2', 'scan'): 673.442, ('mrg2', 'merge'): 673.498, ('mrg2', 'final'): 673.533, ('mrg2', 'compact'): 673.557, ('mrg2', 'pack'): 673.575, ('mrg2', 'd2h'): 673.586, ('mrg3', 'start'): 673.681, ('mrg3', 'h2d'): 673.752, ('mrg3', 'count'): 673.777, ('mrg3', 'scan'): 673.826, ('mrg3', 'merge'): 673.855, ('mrg3', 'pack'): 673.873, ('mrg3', 'd2h'): 673.884}",0.0481798779219388,0.2980447991052642
Dense,can_61,61,557,14.969094329481322,1793,1793,1793,1793,1793,0.0,,0.057999999999992724,0.15300000000002,0.055000000000063665,0.026000000000067303,0.2660000000000764,0.483,,,,,0.504,0.53,0.36,0.301,,0.2899999999999636,0.31999999999993634,0.35000000000002274,0.19300000000009732,0.13599999999996726,"{('cu', 'start'): 639.637, ('cu', 'h2dmalloc'): 639.706, ('cu', 'h2d'): 639.722, ('cu', 'workest'): 639.78, ('cu', 'compute'): 639.933, ('cu', 'copy'): 639.988, ('cu', 'pack'): 640.012, ('cu', 'd2h'): 640.038, ('gust', 'start'): 640.129, ('gust', 'h2d'): 640.205, ('gust', 'count'): 640.228, ('gust', 'scan'): 640.268, ('gust', 'expand'): 640.296, ('gust', 'sort'): 640.406, ('gust', 'reduce'): 640.449, ('gust', 'final'): 640.504, ('gust', 'pack'): 640.525, ('gust', 'd2h'): 640.535, ('merge', 'start'): 640.639, ('merge', 'h2d'): 640.723, ('merge', 'count'): 640.747, ('merge', 'scan'): 640.784, ('merge', 'expand'): 640.832, ('merge', 'merge'): 640.984, ('merge', 'final'): 641.023, ('merge', 'compact'): 641.052, ('merge', 'pack'): 641.073, ('merge', 'd2h'): 641.085, ('mrg2', 'start'): 641.174, ('mrg2', 'h2d'): 641.247, ('mrg2', 'count'): 641.269, ('mrg2', 'scan'): 641.305, ('mrg2', 'merge'): 641.361, ('mrg2', 'final'): 641.396, ('mrg2', 'compact'): 641.423, ('mrg2', 'pack'): 641.44, ('mrg2', 'd2h'): 641.451, ('mrg3', 'start'): 641.54, ('mrg3', 'h2d'): 641.61, ('mrg3', 'count'): 641.638, ('mrg3', 'scan'): 641.696, ('mrg3', 'merge'): 641.727, ('mrg3', 'pack'): 641.746, ('mrg3', 'd2h'): 641.757}",0.0485938508063554,0.2547328001121059
Dense,bcsstk05,153,2423,10.350719808620616,7245,7245,7245,7245,7245,0.0,,0.06000000000005912,0.17399999999997817,0.05600000000004002,0.028999999999996362,0.2900000000000773,0.523,,,,,0.55,0.551,0.405,0.326,,0.3120000000000118,0.3420000000000982,0.37199999999995725,0.21400000000005548,0.14400000000000546,"{('cu', 'start'): 676.265, ('cu', 'h2dmalloc'): 676.334, ('cu', 'h2d'): 676.362, ('cu', 'workest'): 676.422, ('cu', 'compute'): 676.596, ('cu', 'copy'): 676.652, ('cu', 'pack'): 676.674, ('cu', 'd2h'): 676.703, ('gust', 'start'): 676.797, ('gust', 'h2d'): 676.882, ('gust', 'count'): 676.904, ('gust', 'scan'): 676.944, ('gust', 'expand'): 676.975, ('gust', 'sort'): 677.105, ('gust', 'reduce'): 677.147, ('gust', 'final'): 677.203, ('gust', 'pack'): 677.224, ('gust', 'd2h'): 677.246, ('merge', 'start'): 677.353, ('merge', 'h2d'): 677.436, ('merge', 'count'): 677.458, ('merge', 'scan'): 677.495, ('merge', 'expand'): 677.558, ('merge', 'merge'): 677.728, ('merge', 'final'): 677.767, ('merge', 'compact'): 677.79, ('merge', 'pack'): 677.808, ('merge', 'd2h'): 677.822, ('mrg2', 'start'): 677.913, ('mrg2', 'h2d'): 677.992, ('mrg2', 'count'): 678.015, ('mrg2', 'scan'): 678.05, ('mrg2', 'merge'): 678.114, ('mrg2', 'final'): 678.162, ('mrg2', 'compact'): 678.187, ('mrg2', 'pack'): 678.206, ('mrg2', 'd2h'): 678.22, ('mrg3', 'start'): 678.322, ('mrg3', 'h2d'): 678.405, ('mrg3', 'count'): 678.439, ('mrg3', 'scan'): 678.491, ('mrg3', 'merge'): 678.531, ('mrg3', 'pack'): 678.549, ('mrg3', 'd2h'): 678.564}",0.0504700001329183,0.2715679998742416
Mildly sparse,bcspwr01,39,131,8.61275476660092,275,275,275,275,275,0.0,,0.07299999999997908,0.16800000000000637,0.07000000000005002,0.03499999999996817,0.31100000000003547,0.576,,,,,0.536,0.482,0.429,0.375,,0.34000000000003183,0.30700000000001637,0.2599999999999909,0.21699999999998454,0.16399999999998727,"{('cu', 'start'): 668.234, ('cu', 'h2dmalloc'): 668.313, ('cu', 'h2d'): 668.331, ('cu', 'workest'): 668.404, ('cu', 'compute'): 668.572, ('cu', 'copy'): 668.642, ('cu', 'pack'): 668.671, ('cu', 'd2h'): 668.706, ('gust', 'start'): 668.823, ('gust', 'h2d'): 668.919, ('gust', 'count'): 668.947, ('gust', 'scan'): 668.999, ('gust', 'expand'): 669.03, ('gust', 'sort'): 669.086, ('gust', 'reduce'): 669.137, ('gust', 'final'): 669.198, ('gust', 'pack'): 669.226, ('gust', 'd2h'): 669.239, ('merge', 'start'): 669.368, ('merge', 'h2d'): 669.471, ('merge', 'count'): 669.502, ('merge', 'scan'): 669.551, ('merge', 'expand'): 669.584, ('merge', 'merge'): 669.625, ('merge', 'final'): 669.673, ('merge', 'compact'): 669.703, ('merge', 'pack'): 669.731, ('merge', 'd2h'): 669.743, ('mrg2', 'start'): 669.859, ('mrg2', 'h2d'): 669.952, ('mrg2', 'count'): 669.979, ('mrg2', 'scan'): 670.028, ('mrg2', 'merge'): 670.068, ('mrg2', 'final'): 670.112, ('mrg2', 'compact'): 670.142, ('mrg2', 'pack'): 670.169, ('mrg2', 'd2h'): 670.181, ('mrg3', 'start'): 670.296, ('mrg3', 'h2d'): 670.385, ('mrg3', 'count'): 670.415, ('mrg3', 'scan'): 670.49, ('mrg3', 'merge'): 670.521, ('mrg3', 'pack'): 670.549, ('mrg3', 'd2h'): 670.562}",0.048565911129117,0.1949023998808115
Mildly sparse,can_96,96,768,8.333333333333332,1920,1920,1920,1920,1920,0.0,,0.07299999999997908,0.16400000000010095,0.06899999999995998,0.03499999999996817,0.30600000000004,0.565,,,,,0.621,0.498,0.451,0.354,,0.33400000000006,0.39200000000005275,0.28099999999994907,0.22899999999992815,0.15099999999995362,"{('cu', 'start'): 665.783, ('cu', 'h2dmalloc'): 665.86, ('cu', 'h2d'): 665.881, ('cu', 'workest'): 665.954, ('cu', 'compute'): 666.118, ('cu', 'copy'): 666.187, ('cu', 'pack'): 666.215, ('cu', 'd2h'): 666.25, ('gust', 'start'): 666.361, ('gust', 'h2d'): 666.454, ('gust', 'count'): 666.483, ('gust', 'scan'): 666.54, ('gust', 'expand'): 666.571, ('gust', 'sort'): 666.698, ('gust', 'reduce'): 666.75, ('gust', 'final'): 666.815, ('gust', 'pack'): 666.846, ('gust', 'd2h'): 666.859, ('merge', 'start'): 666.993, ('merge', 'h2d'): 667.091, ('merge', 'count'): 667.12, ('merge', 'scan'): 667.171, ('merge', 'expand'): 667.209, ('merge', 'merge'): 667.27, ('merge', 'final'): 667.316, ('merge', 'compact'): 667.346, ('merge', 'pack'): 667.372, ('merge', 'd2h'): 667.385, ('mrg2', 'start'): 667.501, ('mrg2', 'h2d'): 667.604, ('mrg2', 'count'): 667.633, ('mrg2', 'scan'): 667.684, ('mrg2', 'merge'): 667.733, ('mrg2', 'final'): 667.776, ('mrg2', 'compact'): 667.806, ('mrg2', 'pack'): 667.833, ('mrg2', 'd2h'): 667.846, ('mrg3', 'start'): 667.963, ('mrg3', 'h2d'): 668.051, ('mrg3', 'count'): 668.085, ('mrg3', 'scan'): 668.144, ('mrg3', 'merge'): 668.176, ('mrg3', 'pack'): 668.202, ('mrg3', 'd2h'): 668.215}",0.0494441483169794,0.2976672001881525
Mildly sparse,arc130,130,1282,7.585798816568047,15631,15631,15631,15631,15631,0.0,,0.05600000000004002,0.17799999999999727,0.053999999999973625,0.03300000000001546,0.2880000000000109,0.499,,,,,0.573,1.743,0.544,0.38,,0.30600000000004,0.3709999999999809,1.5289999999999964,0.34199999999998454,0.18999999999994088,"{('cu', 'start'): 690.58, ('cu', 'h2dmalloc'): 690.643, ('cu', 'h2d'): 690.66, ('cu', 'workest'): 690.716, ('cu', 'compute'): 690.894, ('cu', 'copy'): 690.948, ('cu', 'pack'): 690.966, ('cu', 'd2h'): 690.999, ('gust', 'start'): 691.085, ('gust', 'h2d'): 691.163, ('gust', 'count'): 691.189, ('gust', 'scan'): 691.229, ('gust', 'expand'): 691.272, ('gust', 'sort'): 691.415, ('gust', 'reduce'): 691.458, ('gust', 'final'): 691.515, ('gust', 'pack'): 691.534, ('gust', 'd2h'): 691.561, ('merge', 'start'): 691.665, ('merge', 'h2d'): 691.748, ('merge', 'count'): 691.771, ('merge', 'scan'): 691.808, ('merge', 'expand'): 691.945, ('merge', 'merge'): 693.187, ('merge', 'final'): 693.232, ('merge', 'compact'): 693.259, ('merge', 'pack'): 693.277, ('merge', 'd2h'): 693.301, ('mrg2', 'start'): 693.421, ('mrg2', 'h2d'): 693.514, ('mrg2', 'count'): 693.54, ('mrg2', 'scan'): 693.579, ('mrg2', 'merge'): 693.779, ('mrg2', 'final'): 693.814, ('mrg2', 'compact'): 693.838, ('mrg2', 'pack'): 693.856, ('mrg2', 'd2h'): 693.875, ('mrg3', 'start'): 693.968, ('mrg3', 'h2d'): 694.043, ('mrg3', 'count'): 694.102, ('mrg3', 'scan'): 694.155, ('mrg3', 'merge'): 694.213, ('mrg3', 'pack'): 694.233, ('mrg3', 'd2h'): 694.252}",0.0415011309087276,0.3447871992597356
Mildly sparse,ash85,85,523,7.2387543252595155,1317,1317,1317,1317,1317,0.0,,0.05600000000004002,0.14999999999997726,0.06299999999998818,0.024999999999977263,0.26900000000000546,0.478,,,,,0.5,0.404,0.347,0.29,,0.29500000000007276,0.3120000000000118,0.22200000000009368,0.17499999999995453,0.1229999999999336,"{('cu', 'start'): 672.497, ('cu', 'h2dmalloc'): 672.559, ('cu', 'h2d'): 672.573, ('cu', 'workest'): 672.629, ('cu', 'compute'): 672.779, ('cu', 'copy'): 672.842, ('cu', 'pack'): 672.868, ('cu', 'd2h'): 672.893, ('gust', 'start'): 672.985, ('gust', 'h2d'): 673.064, ('gust', 'count'): 673.086, ('gust', 'scan'): 673.124, ('gust', 'expand'): 673.148, ('gust', 'sort'): 673.26, ('gust', 'reduce'): 673.301, ('gust', 'final'): 673.355, ('gust', 'pack'): 673.376, ('gust', 'd2h'): 673.386, ('merge', 'start'): 673.491, ('merge', 'h2d'): 673.569, ('merge', 'count'): 673.591, ('merge', 'scan'): 673.627, ('merge', 'expand'): 673.656, ('merge', 'merge'): 673.71, ('merge', 'final'): 673.749, ('merge', 'compact'): 673.774, ('merge', 'pack'): 673.791, ('merge', 'd2h'): 673.802, ('mrg2', 'start'): 673.903, ('mrg2', 'h2d'): 673.979, ('mrg2', 'count'): 674.004, ('mrg2', 'scan'): 674.04, ('mrg2', 'merge'): 674.079, ('mrg2', 'final'): 674.111, ('mrg2', 'compact'): 674.136, ('mrg2', 'pack'): 674.154, ('mrg2', 'd2h'): 674.164, ('mrg3', 'start'): 674.255, ('mrg3', 'h2d'): 674.326, ('mrg3', 'count'): 674.354, ('mrg3', 'scan'): 674.403, ('mrg3', 'merge'): 674.432, ('mrg3', 'pack'): 674.449, ('mrg3', 'd2h'): 674.46}",0.031420961022377,0.1955200002528727
Mildly sparse,can_73,73,377,7.0744980296490905,1377,1377,1377,1377,1377,0.0,,0.05600000000004002,0.1710000000000491,0.053999999999973625,0.023000000000024556,0.28100000000006276,0.486,,,,,0.447,0.397,0.354,0.296,,0.3020000000000209,0.25900000000001455,0.22400000000004638,0.17700000000002092,0.1269999999999527,"{('cu', 'start'): 672.344, ('cu', 'h2dmalloc'): 672.405, ('cu', 'h2d'): 672.42, ('cu', 'workest'): 672.476, ('cu', 'compute'): 672.647, ('cu', 'copy'): 672.701, ('cu', 'pack'): 672.722, ('cu', 'd2h'): 672.745, ('gust', 'start'): 672.839, ('gust', 'h2d'): 672.915, ('gust', 'count'): 672.937, ('gust', 'scan'): 672.976, ('gust', 'expand'): 673.001, ('gust', 'sort'): 673.057, ('gust', 'reduce'): 673.102, ('gust', 'final'): 673.154, ('gust', 'pack'): 673.174, ('gust', 'd2h'): 673.185, ('merge', 'start'): 673.294, ('merge', 'h2d'): 673.371, ('merge', 'count'): 673.391, ('merge', 'scan'): 673.428, ('merge', 'expand'): 673.462, ('merge', 'merge'): 673.514, ('merge', 'final'): 673.552, ('merge', 'compact'): 673.577, ('merge', 'pack'): 673.595, ('merge', 'd2h'): 673.606, ('mrg2', 'start'): 673.697, ('mrg2', 'h2d'): 673.769, ('mrg2', 'count'): 673.791, ('mrg2', 'scan'): 673.827, ('mrg2', 'merge'): 673.868, ('mrg2', 'final'): 673.903, ('mrg2', 'compact'): 673.927, ('mrg2', 'pack'): 673.946, ('mrg2', 'd2h'): 673.956, ('mrg3', 'start'): 674.057, ('mrg3', 'h2d'): 674.13, ('mrg3', 'count'): 674.158, ('mrg3', 'scan'): 674.208, ('mrg3', 'merge'): 674.239, ('mrg3', 'pack'): 674.257, ('mrg3', 'd2h'): 674.267}",0.035623088479042,0.1993248006794601
Mildly sparse,bcspwr02,49,167,6.9554352353186175,403,403,403,403,403,0.0,,0.05499999999994998,0.16099999999994452,0.05400000000008731,0.02400000000000091,0.2699999999999818,0.48,,,,,0.423,0.383,0.33,0.278,,0.2899999999999636,0.2440000000000282,0.21699999999998454,0.16600000000005366,0.11599999999998545,"{('cu', 'start'): 671.431, ('cu', 'h2dmalloc'): 671.502, ('cu', 'h2d'): 671.517, ('cu', 'workest'): 671.572, ('cu', 'compute'): 671.733, ('cu', 'copy'): 671.787, ('cu', 'pack'): 671.807, ('cu', 'd2h'): 671.831, ('gust', 'start'): 671.919, ('gust', 'h2d'): 671.994, ('gust', 'count'): 672.015, ('gust', 'scan'): 672.054, ('gust', 'expand'): 672.077, ('gust', 'sort'): 672.123, ('gust', 'reduce'): 672.163, ('gust', 'final'): 672.217, ('gust', 'pack'): 672.238, ('gust', 'd2h'): 672.248, ('merge', 'start'): 672.347, ('merge', 'h2d'): 672.419, ('merge', 'count'): 672.44, ('merge', 'scan'): 672.486, ('merge', 'expand'): 672.512, ('merge', 'merge'): 672.55, ('merge', 'final'): 672.588, ('merge', 'compact'): 672.617, ('merge', 'pack'): 672.636, ('merge', 'd2h'): 672.646, ('mrg2', 'start'): 672.737, ('mrg2', 'h2d'): 672.808, ('mrg2', 'count'): 672.829, ('mrg2', 'scan'): 672.864, ('mrg2', 'merge'): 672.897, ('mrg2', 'final'): 672.93, ('mrg2', 'compact'): 672.955, ('mrg2', 'pack'): 672.974, ('mrg2', 'd2h'): 672.984, ('mrg3', 'start'): 673.073, ('mrg3', 'h2d'): 673.142, ('mrg3', 'count'): 673.166, ('mrg3', 'scan'): 673.214, ('mrg3', 'merge'): 673.241, ('mrg3', 'pack'): 673.258, ('mrg3', 'd2h'): 673.268}",0.0405199825763702,0.1859168004477397
Mildly sparse,can_144,144,1296,6.25,3456,3456,3456,3456,3456,0.0,,0.05700000000001637,0.16300000000001091,0.05599999999992633,0.02500000000009095,0.2759999999999536,0.479,,,,,0.517,0.44,0.36,0.303,,0.2949999999999591,0.31899999999996,0.2620000000000573,0.17499999999995453,0.13199999999994816,"{('cu', 'start'): 673.73, ('cu', 'h2dmalloc'): 673.791, ('cu', 'h2d'): 673.808, ('cu', 'workest'): 673.865, ('cu', 'compute'): 674.028, ('cu', 'copy'): 674.084, ('cu', 'pack'): 674.103, ('cu', 'd2h'): 674.128, ('gust', 'start'): 674.218, ('gust', 'h2d'): 674.306, ('gust', 'count'): 674.328, ('gust', 'scan'): 674.367, ('gust', 'expand'): 674.392, ('gust', 'sort'): 674.507, ('gust', 'reduce'): 674.548, ('gust', 'final'): 674.605, ('gust', 'pack'): 674.625, ('gust', 'd2h'): 674.637, ('merge', 'start'): 674.741, ('merge', 'h2d'): 674.823, ('merge', 'count'): 674.845, ('merge', 'scan'): 674.882, ('merge', 'expand'): 674.92, ('merge', 'merge'): 674.999, ('merge', 'final'): 675.038, ('merge', 'compact'): 675.069, ('merge', 'pack'): 675.085, ('merge', 'd2h'): 675.097, ('mrg2', 'start'): 675.187, ('mrg2', 'h2d'): 675.273, ('mrg2', 'count'): 675.295, ('mrg2', 'scan'): 675.332, ('mrg2', 'merge'): 675.372, ('mrg2', 'final'): 675.407, ('mrg2', 'compact'): 675.429, ('mrg2', 'pack'): 675.448, ('mrg2', 'd2h'): 675.46, ('mrg3', 'start'): 675.553, ('mrg3', 'h2d'): 675.628, ('mrg3', 'count'): 675.658, ('mrg3', 'scan'): 675.709, ('mrg3', 'merge'): 675.742, ('mrg3', 'pack'): 675.76, ('mrg3', 'd2h'): 675.772}",0.0420529395341873,0.3003712000790983
Mildly sparse,can_62,62,218,5.6711758584807495,482,482,482,482,482,0.0,,0.05600000000004002,0.15499999999997272,0.06399999999996453,0.025999999999953616,0.27499999999997726,0.482,,,,,0.434,0.38,0.345,0.285,,0.2960000000000491,0.2480000000000473,0.20299999999997453,0.17399999999997817,0.1209999999999809,"{('cu', 'start'): 670.19, ('cu', 'h2dmalloc'): 670.252, ('cu', 'h2d'): 670.265, ('cu', 'workest'): 670.321, ('cu', 'compute'): 670.476, ('cu', 'copy'): 670.54, ('cu', 'pack'): 670.561, ('cu', 'd2h'): 670.587, ('gust', 'start'): 670.68, ('gust', 'h2d'): 670.757, ('gust', 'count'): 670.78, ('gust', 'scan'): 670.819, ('gust', 'expand'): 670.843, ('gust', 'sort'): 670.889, ('gust', 'reduce'): 670.93, ('gust', 'final'): 670.986, ('gust', 'pack'): 671.005, ('gust', 'd2h'): 671.015, ('merge', 'start'): 671.119, ('merge', 'h2d'): 671.192, ('merge', 'count'): 671.214, ('merge', 'scan'): 671.251, ('merge', 'expand'): 671.277, ('merge', 'merge'): 671.313, ('merge', 'final'): 671.351, ('merge', 'compact'): 671.377, ('merge', 'pack'): 671.395, ('merge', 'd2h'): 671.405, ('mrg2', 'start'): 671.507, ('mrg2', 'h2d'): 671.58, ('mrg2', 'count'): 671.601, ('mrg2', 'scan'): 671.639, ('mrg2', 'merge'): 671.676, ('mrg2', 'final'): 671.711, ('mrg2', 'compact'): 671.735, ('mrg2', 'pack'): 671.754, ('mrg2', 'd2h'): 671.764, ('mrg3', 'start'): 671.857, ('mrg3', 'h2d'): 671.927, ('mrg3', 'count'): 671.952, ('mrg3', 'scan'): 672.002, ('mrg3', 'merge'): 672.03, ('mrg3', 'pack'): 672.048, ('mrg3', 'd2h'): 672.058}",0.0373909715563058,0.1962399991927668
Mildly sparse,can_161,161,1377,5.31229505034528,3761,3761,3761,3761,3761,0.0,,0.05600000000004002,0.16200000000003456,0.05599999999992633,0.025999999999953616,0.2740000000000009,0.478,,,,,0.513,0.447,0.349,0.319,,0.2960000000000491,0.32399999999995543,0.2719999999999345,0.17400000000009186,0.13999999999998636,"{('cu', 'start'): 666.351, ('cu', 'h2dmalloc'): 666.412, ('cu', 'h2d'): 666.429, ('cu', 'workest'): 666.485, ('cu', 'compute'): 666.647, ('cu', 'copy'): 666.703, ('cu', 'pack'): 666.725, ('cu', 'd2h'): 666.751, ('gust', 'start'): 666.837, ('gust', 'h2d'): 666.913, ('gust', 'count'): 666.935, ('gust', 'scan'): 666.973, ('gust', 'expand'): 666.998, ('gust', 'sort'): 667.112, ('gust', 'reduce'): 667.155, ('gust', 'final'): 667.209, ('gust', 'pack'): 667.237, ('gust', 'd2h'): 667.249, ('merge', 'start'): 667.356, ('merge', 'h2d'): 667.436, ('merge', 'count'): 667.457, ('merge', 'scan'): 667.494, ('merge', 'expand'): 667.534, ('merge', 'merge'): 667.629, ('merge', 'final'): 667.668, ('merge', 'compact'): 667.69, ('merge', 'pack'): 667.708, ('merge', 'd2h'): 667.721, ('mrg2', 'start'): 667.809, ('mrg2', 'h2d'): 667.887, ('mrg2', 'count'): 667.907, ('mrg2', 'scan'): 667.942, ('mrg2', 'merge'): 667.983, ('mrg2', 'final'): 668.019, ('mrg2', 'compact'): 668.043, ('mrg2', 'pack'): 668.061, ('mrg2', 'd2h'): 668.073, ('mrg3', 'start'): 668.163, ('mrg3', 'h2d'): 668.245, ('mrg3', 'count'): 668.278, ('mrg3', 'scan'): 668.329, ('mrg3', 'merge'): 668.367, ('mrg3', 'pack'): 668.385, ('mrg3', 'd2h'): 668.398}",0.0426000915467739,0.3235039994586259
Mildly sparse,bcsstk03,112,640,5.1020408163265305,1072,1072,1072,1072,1072,0.0,,0.05999999999994543,0.1610000000000582,0.057999999999992724,0.03200000000003911,0.27899999999999636,0.511,,,,,0.538,0.424,0.381,0.311,,0.2999999999999545,0.3369999999999891,0.21800000000007458,0.18399999999996908,0.12200000000007094,"{('cu', 'start'): 667.531, ('cu', 'h2dmalloc'): 667.599, ('cu', 'h2d'): 667.615, ('cu', 'workest'): 667.675, ('cu', 'compute'): 667.836, ('cu', 'copy'): 667.894, ('cu', 'pack'): 667.915, ('cu', 'd2h'): 667.947, ('gust', 'start'): 668.048, ('gust', 'h2d'): 668.13, ('gust', 'count'): 668.152, ('gust', 'scan'): 668.192, ('gust', 'expand'): 668.219, ('gust', 'sort'): 668.336, ('gust', 'reduce'): 668.382, ('gust', 'final'): 668.445, ('gust', 'pack'): 668.467, ('gust', 'd2h'): 668.478, ('merge', 'start'): 668.593, ('merge', 'h2d'): 668.679, ('merge', 'count'): 668.703, ('merge', 'scan'): 668.743, ('merge', 'expand'): 668.773, ('merge', 'merge'): 668.806, ('merge', 'final'): 668.851, ('merge', 'compact'): 668.878, ('merge', 'pack'): 668.897, ('merge', 'd2h'): 668.907, ('mrg2', 'start'): 669.024, ('mrg2', 'h2d'): 669.11, ('mrg2', 'count'): 669.134, ('mrg2', 'scan'): 669.172, ('mrg2', 'merge'): 669.209, ('mrg2', 'final'): 669.245, ('mrg2', 'compact'): 669.276, ('mrg2', 'pack'): 669.294, ('mrg2', 'd2h'): 669.305, ('mrg3', 'start'): 669.41, ('mrg3', 'h2d'): 669.491, ('mrg3', 'count'): 669.517, ('mrg3', 'scan'): 669.566, ('mrg3', 'merge'): 669.595, ('mrg3', 'pack'): 669.613, ('mrg3', 'd2h'): 669.624}",0.0386829487979412,0.1783808002946898
Mildly sparse,bcsstk06,420,7860,4.45578231292517,23660,23660,23660,23660,23660,0.0,,0.05600000000004002,0.2620000000000573,0.06199999999989814,0.12199999999995725,0.37999999999999545,0.673,,,,,0.822,0.82,0.413,0.358,,0.40000000000009095,0.5529999999999973,0.5729999999999791,0.22300000000007003,0.16999999999995907,"{('cu', 'start'): 674.272, ('cu', 'h2dmalloc'): 674.332, ('cu', 'h2d'): 674.353, ('cu', 'workest'): 674.409, ('cu', 'compute'): 674.671, ('cu', 'copy'): 674.733, ('cu', 'pack'): 674.753, ('cu', 'd2h'): 674.875, ('gust', 'start'): 674.953, ('gust', 'h2d'): 675.033, ('gust', 'count'): 675.056, ('gust', 'scan'): 675.096, ('gust', 'expand'): 675.127, ('gust', 'sort'): 675.387, ('gust', 'reduce'): 675.502, ('gust', 'final'): 675.564, ('gust', 'pack'): 675.586, ('gust', 'd2h'): 675.62, ('merge', 'start'): 675.782, ('merge', 'h2d'): 675.859, ('merge', 'count'): 675.883, ('merge', 'scan'): 675.92, ('merge', 'expand'): 676.005, ('merge', 'merge'): 676.336, ('merge', 'final'): 676.38, ('merge', 'compact'): 676.406, ('merge', 'pack'): 676.432, ('merge', 'd2h'): 676.459, ('mrg2', 'start'): 676.608, ('mrg2', 'h2d'): 676.685, ('mrg2', 'count'): 676.708, ('mrg2', 'scan'): 676.744, ('mrg2', 'merge'): 676.822, ('mrg2', 'final'): 676.858, ('mrg2', 'compact'): 676.883, ('mrg2', 'pack'): 676.908, ('mrg2', 'd2h'): 676.935, ('mrg3', 'start'): 677.027, ('mrg3', 'h2d'): 677.104, ('mrg3', 'count'): 677.148, ('mrg3', 'scan'): 677.201, ('mrg3', 'merge'): 677.255, ('mrg3', 'pack'): 677.274, ('mrg3', 'd2h'): 677.301}",0.0599350314587354,0.3209856007480993
Mildly sparse,bcsstk07,420,7860,4.45578231292517,23660,23660,23660,23660,23660,0.0,,0.05700000000001637,0.2440000000000282,0.06100000000003547,0.12399999999990996,0.36200000000008004,0.661,,,,,0.821,0.809,0.401,0.358,,0.3810000000000855,0.5480000000000018,0.5650000000000546,0.21699999999998454,0.16399999999998727,"{('cu', 'start'): 668.488, ('cu', 'h2dmalloc'): 668.549, ('cu', 'h2d'): 668.569, ('cu', 'workest'): 668.626, ('cu', 'compute'): 668.87, ('cu', 'copy'): 668.931, ('cu', 'pack'): 668.95, ('cu', 'd2h'): 669.074, ('gust', 'start'): 669.157, ('gust', 'h2d'): 669.236, ('gust', 'count'): 669.26, ('gust', 'scan'): 669.299, ('gust', 'expand'): 669.332, ('gust', 'sort'): 669.593, ('gust', 'reduce'): 669.699, ('gust', 'final'): 669.76, ('gust', 'pack'): 669.784, ('gust', 'd2h'): 669.82, ('merge', 'start'): 669.983, ('merge', 'h2d'): 670.059, ('merge', 'count'): 670.081, ('merge', 'scan'): 670.119, ('merge', 'expand'): 670.205, ('merge', 'merge'): 670.538, ('merge', 'final'): 670.58, ('merge', 'compact'): 670.605, ('merge', 'pack'): 670.624, ('merge', 'd2h'): 670.65, ('mrg2', 'start'): 670.799, ('mrg2', 'h2d'): 670.874, ('mrg2', 'count'): 670.896, ('mrg2', 'scan'): 670.932, ('mrg2', 'merge'): 671.011, ('mrg2', 'final'): 671.046, ('mrg2', 'compact'): 671.072, ('mrg2', 'pack'): 671.091, ('mrg2', 'd2h'): 671.117, ('mrg3', 'start'): 671.206, ('mrg3', 'h2d'): 671.28, ('mrg3', 'count'): 671.321, ('mrg3', 'scan'): 671.372, ('mrg3', 'merge'): 671.426, ('mrg3', 'pack'): 671.444, ('mrg3', 'd2h'): 671.47}",0.0599808990955352,0.3164447986753657
Mildly sparse,can_256,256,2916,4.449462890625,18568,18568,18568,18568,18568,0.0,,0.06100000000003547,0.18299999999999272,0.05700000000001637,0.036999999999920874,0.30100000000004457,0.53,,,,,0.619,2.06,0.555,0.395,,0.32000000000005,0.3949999999999818,1.86099999999999,0.3650000000000091,0.20500000000004093,"{('cu', 'start'): 655.395, ('cu', 'h2dmalloc'): 655.456, ('cu', 'h2d'): 655.486, ('cu', 'workest'): 655.547, ('cu', 'compute'): 655.73, ('cu', 'copy'): 655.787, ('cu', 'pack'): 655.806, ('cu', 'd2h'): 655.843, ('gust', 'start'): 655.934, ('gust', 'h2d'): 656.019, ('gust', 'count'): 656.045, ('gust', 'scan'): 656.084, ('gust', 'expand'): 656.12, ('gust', 'sort'): 656.251, ('gust', 'reduce'): 656.292, ('gust', 'final'): 656.391, ('gust', 'pack'): 656.414, ('gust', 'd2h'): 656.445, ('merge', 'start'): 656.56, ('merge', 'h2d'): 656.649, ('merge', 'count'): 656.675, ('merge', 'scan'): 656.713, ('merge', 'expand'): 656.839, ('merge', 'merge'): 658.429, ('merge', 'final'): 658.469, ('merge', 'compact'): 658.492, ('merge', 'pack'): 658.51, ('merge', 'd2h'): 658.532, ('mrg2', 'start'): 658.627, ('mrg2', 'h2d'): 658.711, ('mrg2', 'count'): 658.737, ('mrg2', 'scan'): 658.771, ('mrg2', 'merge'): 659.003, ('mrg2', 'final'): 659.036, ('mrg2', 'compact'): 659.058, ('mrg2', 'pack'): 659.076, ('mrg2', 'd2h'): 659.098, ('mrg3', 'start'): 659.188, ('mrg3', 'h2d'): 659.27, ('mrg3', 'count'): 659.327, ('mrg3', 'scan'): 659.384, ('mrg3', 'merge'): 659.455, ('mrg3', 'pack'): 659.475, ('mrg3', 'd2h'): 659.498}",0.0364130828529596,0.3244767998578027
Mildly sparse,can_268,268,3082,4.291044776119403,15590,15590,15590,15590,15590,0.0,,0.05700000000001637,0.16899999999998272,0.05700000000001637,0.035000000000081855,0.28300000000001546,0.508,,,,,0.541,0.877,0.443,0.356,,0.30299999999999727,0.34600000000000364,0.6910000000000309,0.2620000000000573,0.1710000000000491,"{('cu', 'start'): 646.93, ('cu', 'h2dmalloc'): 646.991, ('cu', 'h2d'): 647.007, ('cu', 'workest'): 647.064, ('cu', 'compute'): 647.233, ('cu', 'copy'): 647.29, ('cu', 'pack'): 647.31, ('cu', 'd2h'): 647.345, ('gust', 'start'): 647.446, ('gust', 'h2d'): 647.526, ('gust', 'count'): 647.55, ('gust', 'scan'): 647.589, ('gust', 'expand'): 647.619, ('gust', 'sort'): 647.751, ('gust', 'reduce'): 647.794, ('gust', 'final'): 647.851, ('gust', 'pack'): 647.872, ('gust', 'd2h'): 647.898, ('merge', 'start'): 647.993, ('merge', 'h2d'): 648.069, ('merge', 'count'): 648.093, ('merge', 'scan'): 648.131, ('merge', 'expand'): 648.204, ('merge', 'merge'): 648.674, ('merge', 'final'): 648.715, ('merge', 'compact'): 648.741, ('merge', 'pack'): 648.76, ('merge', 'd2h'): 648.781, ('mrg2', 'start'): 648.877, ('mrg2', 'h2d'): 648.952, ('mrg2', 'count'): 648.975, ('mrg2', 'scan'): 649.011, ('mrg2', 'merge'): 649.136, ('mrg2', 'final'): 649.171, ('mrg2', 'compact'): 649.194, ('mrg2', 'pack'): 649.214, ('mrg2', 'd2h'): 649.235, ('mrg3', 'start'): 649.326, ('mrg3', 'h2d'): 649.405, ('mrg3', 'count'): 649.45, ('mrg3', 'scan'): 649.503, ('mrg3', 'merge'): 649.556, ('mrg3', 'pack'): 649.576, ('mrg3', 'd2h'): 649.596}",0.0430559739470481,0.3148543988587335
Mildly sparse,can_187,187,1491,4.26377648774629,3719,3719,3719,3719,3719,0.0,,0.05700000000001637,0.16200000000003456,0.05700000000001637,0.027000000000043656,0.2760000000000673,0.498,,,,,0.512,0.404,0.352,0.292,,0.29899999999997817,0.3180000000000973,0.22500000000002274,0.17599999999993088,0.1209999999999809,"{('cu', 'start'): 678.421, ('cu', 'h2dmalloc'): 678.484, ('cu', 'h2d'): 678.506, ('cu', 'workest'): 678.563, ('cu', 'compute'): 678.725, ('cu', 'copy'): 678.782, ('cu', 'pack'): 678.805, ('cu', 'd2h'): 678.832, ('gust', 'start'): 678.928, ('gust', 'h2d'): 679.012, ('gust', 'count'): 679.037, ('gust', 'scan'): 679.075, ('gust', 'expand'): 679.099, ('gust', 'sort'): 679.214, ('gust', 'reduce'): 679.256, ('gust', 'final'): 679.31, ('gust', 'pack'): 679.33, ('gust', 'd2h'): 679.341, ('merge', 'start'): 679.445, ('merge', 'h2d'): 679.525, ('merge', 'count'): 679.547, ('merge', 'scan'): 679.585, ('merge', 'expand'): 679.616, ('merge', 'merge'): 679.667, ('merge', 'final'): 679.706, ('merge', 'compact'): 679.732, ('merge', 'pack'): 679.75, ('merge', 'd2h'): 679.763, ('mrg2', 'start'): 679.854, ('mrg2', 'h2d'): 679.932, ('mrg2', 'count'): 679.953, ('mrg2', 'scan'): 679.99, ('mrg2', 'merge'): 680.03, ('mrg2', 'final'): 680.065, ('mrg2', 'compact'): 680.09, ('mrg2', 'pack'): 680.108, ('mrg2', 'd2h'): 680.12, ('mrg3', 'start'): 680.212, ('mrg3', 'h2d'): 680.288, ('mrg3', 'count'): 680.314, ('mrg3', 'scan'): 680.364, ('mrg3', 'merge'): 680.391, ('mrg3', 'pack'): 680.409, ('mrg3', 'd2h'): 680.42}",0.050670001655817,0.3320768002420664
Mildly sparse,bcsstm07,420,7252,4.111111111111112,22972,22972,22972,22972,22972,0.0,,0.06600000000003092,0.26499999999998636,0.06200000000001182,0.12999999999999545,0.3930000000000291,0.725,,,,,0.872,0.836,0.442,0.393,,0.4149999999999636,0.5869999999999891,0.6349999999999909,0.22900000000004184,0.18100000000004002,"{('cu', 'start'): 682.94, ('cu', 'h2dmalloc'): 683.016, ('cu', 'h2d'): 683.039, ('cu', 'workest'): 683.105, ('cu', 'compute'): 683.37, ('cu', 'copy'): 683.432, ('cu', 'pack'): 683.454, ('cu', 'd2h'): 683.584, ('gust', 'start'): 683.674, ('gust', 'h2d'): 683.761, ('gust', 'count'): 683.789, ('gust', 'scan'): 683.831, ('gust', 'expand'): 683.864, ('gust', 'sort'): 684.141, ('gust', 'reduce'): 684.256, ('gust', 'final'): 684.319, ('gust', 'pack'): 684.348, ('gust', 'd2h'): 684.388, ('merge', 'start'): 684.553, ('merge', 'h2d'): 684.635, ('merge', 'count'): 684.659, ('merge', 'scan'): 684.697, ('merge', 'expand'): 684.777, ('merge', 'merge'): 685.102, ('merge', 'final'): 685.149, ('merge', 'compact'): 685.247, ('merge', 'pack'): 685.27, ('merge', 'd2h'): 685.296, ('mrg2', 'start'): 685.396, ('mrg2', 'h2d'): 685.482, ('mrg2', 'count'): 685.509, ('mrg2', 'scan'): 685.548, ('mrg2', 'merge'): 685.631, ('mrg2', 'final'): 685.669, ('mrg2', 'compact'): 685.693, ('mrg2', 'pack'): 685.711, ('mrg2', 'd2h'): 685.737, ('mrg3', 'start'): 685.846, ('mrg3', 'h2d'): 685.928, ('mrg3', 'count'): 685.971, ('mrg3', 'scan'): 686.03, ('mrg3', 'merge'): 686.084, ('mrg3', 'pack'): 686.109, ('mrg3', 'd2h'): 686.137}",0.0596509780734777,0.3166464000707492
Mildly sparse,bcsstk27,1224,56126,3.7462888205391085,138106,138106,138106,138106,138106,0.0,,0.06399999999996453,0.4840000000000373,0.1229999999999336,0.22400000000004638,0.6709999999999354,1.19,,,,,1.818,2.432,1.028,0.833,,0.69399999999996,1.4399999999999409,2.0510000000000446,0.6619999999999209,0.46100000000001273,"{('cu', 'start'): 696.027, ('cu', 'h2dmalloc'): 696.094, ('cu', 'h2d'): 696.152, ('cu', 'workest'): 696.216, ('cu', 'compute'): 696.7, ('cu', 'copy'): 696.823, ('cu', 'pack'): 696.846, ('cu', 'd2h'): 697.07, ('gust', 'start'): 697.224, ('gust', 'h2d'): 697.345, ('gust', 'count'): 697.372, ('gust', 'scan'): 697.415, ('gust', 'expand'): 697.577, ('gust', 'sort'): 698.156, ('gust', 'reduce'): 698.343, ('gust', 'final'): 698.692, ('gust', 'pack'): 698.785, ('gust', 'd2h'): 698.899, ('merge', 'start'): 699.049, ('merge', 'h2d'): 699.175, ('merge', 'count'): 699.205, ('merge', 'scan'): 699.246, ('merge', 'expand'): 699.646, ('merge', 'merge'): 700.798, ('merge', 'final'): 700.98, ('merge', 'compact'): 701.142, ('merge', 'pack'): 701.226, ('merge', 'd2h'): 701.341, ('mrg2', 'start'): 701.488, ('mrg2', 'h2d'): 701.599, ('mrg2', 'count'): 701.633, ('mrg2', 'scan'): 701.673, ('mrg2', 'merge'): 701.964, ('mrg2', 'final'): 702.013, ('mrg2', 'compact'): 702.18, ('mrg2', 'pack'): 702.261, ('mrg2', 'd2h'): 702.373, ('mrg3', 'start'): 702.522, ('mrg3', 'h2d'): 702.633, ('mrg3', 'count'): 702.76, ('mrg3', 'scan'): 702.827, ('mrg3', 'merge'): 703.01, ('mrg3', 'pack'): 703.094, ('mrg3', 'd2h'): 703.208}",0.1383968628942966,0.4983007987961173
Mildly sparse,bcsstm27,1224,56126,3.7462888205391085,138106,138106,138106,138106,138106,0.0,,0.05899999999996908,0.5049999999999955,0.125,0.22500000000002274,0.6889999999999645,1.202,,,,,1.838,2.418,0.996,0.805,,0.7099999999999227,1.4560000000000173,2.0359999999999445,0.6229999999999336,0.4410000000000309,"{('cu', 'start'): 692.466, ('cu', 'h2dmalloc'): 692.523, ('cu', 'h2d'): 692.58, ('cu', 'workest'): 692.639, ('cu', 'compute'): 693.144, ('cu', 'copy'): 693.269, ('cu', 'pack'): 693.29, ('cu', 'd2h'): 693.515, ('gust', 'start'): 693.676, ('gust', 'h2d'): 693.802, ('gust', 'count'): 693.832, ('gust', 'scan'): 693.873, ('gust', 'expand'): 694.038, ('gust', 'sort'): 694.629, ('gust', 'reduce'): 694.822, ('gust', 'final'): 695.169, ('gust', 'pack'): 695.258, ('gust', 'd2h'): 695.376, ('merge', 'start'): 695.522, ('merge', 'h2d'): 695.634, ('merge', 'count'): 695.66, ('merge', 'scan'): 695.699, ('merge', 'expand'): 696.105, ('merge', 'merge'): 697.255, ('merge', 'final'): 697.432, ('merge', 'compact'): 697.591, ('merge', 'pack'): 697.67, ('merge', 'd2h'): 697.785, ('mrg2', 'start'): 697.947, ('mrg2', 'h2d'): 698.062, ('mrg2', 'count'): 698.089, ('mrg2', 'scan'): 698.129, ('mrg2', 'merge'): 698.415, ('mrg2', 'final'): 698.455, ('mrg2', 'compact'): 698.61, ('mrg2', 'pack'): 698.685, ('mrg2', 'd2h'): 698.803, ('mrg3', 'start'): 698.949, ('mrg3', 'h2d'): 699.06, ('mrg3', 'count'): 699.189, ('mrg3', 'scan'): 699.245, ('mrg3', 'merge'): 699.426, ('mrg3', 'pack'): 699.501, ('mrg3', 'd2h'): 699.614}",0.159173971042037,0.5379712000023573
Mildly sparse,bcsstk22,138,696,3.6546943919344677,1552,1552,1552,1552,1552,0.0,,0.06400000000007822,0.14999999999997726,0.05499999999994998,0.02500000000009095,0.26900000000000546,0.481,,,,,0.511,0.39,0.338,0.289,,0.28899999999998727,0.31599999999991724,0.21699999999998454,0.16600000000005366,0.1190000000000282,"{('cu', 'start'): 679.454, ('cu', 'h2dmalloc'): 679.518, ('cu', 'h2d'): 679.535, ('cu', 'workest'): 679.599, ('cu', 'compute'): 679.749, ('cu', 'copy'): 679.804, ('cu', 'pack'): 679.824, ('cu', 'd2h'): 679.849, ('gust', 'start'): 679.944, ('gust', 'h2d'): 680.027, ('gust', 'count'): 680.049, ('gust', 'scan'): 680.087, ('gust', 'expand'): 680.111, ('gust', 'sort'): 680.223, ('gust', 'reduce'): 680.265, ('gust', 'final'): 680.318, ('gust', 'pack'): 680.343, ('gust', 'd2h'): 680.353, ('merge', 'start'): 680.459, ('merge', 'h2d'): 680.538, ('merge', 'count'): 680.57, ('merge', 'scan'): 680.606, ('merge', 'expand'): 680.633, ('merge', 'merge'): 680.674, ('merge', 'final'): 680.712, ('merge', 'compact'): 680.736, ('merge', 'pack'): 680.755, ('merge', 'd2h'): 680.765, ('mrg2', 'start'): 680.856, ('mrg2', 'h2d'): 680.934, ('mrg2', 'count'): 680.956, ('mrg2', 'scan'): 680.99, ('mrg2', 'merge'): 681.026, ('mrg2', 'final'): 681.058, ('mrg2', 'compact'): 681.082, ('mrg2', 'pack'): 681.1, ('mrg2', 'd2h'): 681.11, ('mrg3', 'start'): 681.2, ('mrg3', 'h2d'): 681.274, ('mrg3', 'count'): 681.3, ('mrg3', 'scan'): 681.346, ('mrg3', 'merge'): 681.375, ('mrg3', 'pack'): 681.393, ('mrg3', 'd2h'): 681.404}",0.0204341486096382,0.2030496000545099
Mildly sparse,bcspwr03,118,476,3.418557885665039,1270,1270,1270,1270,1270,0.0,,0.05499999999994998,0.1610000000000582,0.053999999999973625,0.024999999999977263,0.2699999999999818,0.477,,,,,0.442,0.395,0.357,0.292,,0.28899999999998727,0.25,0.22699999999997544,0.19200000000000728,0.12800000000004275,"{('cu', 'start'): 668.617, ('cu', 'h2dmalloc'): 668.677, ('cu', 'h2d'): 668.692, ('cu', 'workest'): 668.747, ('cu', 'compute'): 668.908, ('cu', 'copy'): 668.962, ('cu', 'pack'): 668.981, ('cu', 'd2h'): 669.006, ('gust', 'start'): 669.104, ('gust', 'h2d'): 669.182, ('gust', 'count'): 669.204, ('gust', 'scan'): 669.244, ('gust', 'expand'): 669.267, ('gust', 'sort'): 669.315, ('gust', 'reduce'): 669.356, ('gust', 'final'): 669.412, ('gust', 'pack'): 669.432, ('gust', 'd2h'): 669.442, ('merge', 'start'): 669.554, ('merge', 'h2d'): 669.629, ('merge', 'count'): 669.65, ('merge', 'scan'): 669.688, ('merge', 'expand'): 669.717, ('merge', 'merge'): 669.774, ('merge', 'final'): 669.812, ('merge', 'compact'): 669.837, ('merge', 'pack'): 669.856, ('merge', 'd2h'): 669.867, ('mrg2', 'start'): 669.955, ('mrg2', 'h2d'): 670.025, ('mrg2', 'count'): 670.047, ('mrg2', 'scan'): 670.096, ('mrg2', 'merge'): 670.138, ('mrg2', 'final'): 670.173, ('mrg2', 'compact'): 670.197, ('mrg2', 'pack'): 670.217, ('mrg2', 'd2h'): 670.227, ('mrg3', 'start'): 670.318, ('mrg3', 'h2d'): 670.39, ('mrg3', 'count'): 670.418, ('mrg3', 'scan'): 670.468, ('mrg3', 'merge'): 670.499, ('mrg3', 'pack'): 670.518, ('mrg3', 'd2h'): 670.529}",0.0394429080188274,0.1987743991427123
Mildly sparse,can_229,229,1777,3.388570012013501,5017,5017,5017,5017,5017,0.0,,0.05700000000001637,0.16199999999992087,0.06700000000000728,0.02800000000002001,0.2859999999999445,0.503,,,,,0.531,0.474,0.369,0.335,,0.3079999999999927,0.33199999999999363,0.28700000000003456,0.19200000000000728,0.15899999999999181,"{('cu', 'start'): 668.201, ('cu', 'h2dmalloc'): 668.263, ('cu', 'h2d'): 668.282, ('cu', 'workest'): 668.339, ('cu', 'compute'): 668.501, ('cu', 'copy'): 668.568, ('cu', 'pack'): 668.59, ('cu', 'd2h'): 668.618, ('gust', 'start'): 668.712, ('gust', 'h2d'): 668.798, ('gust', 'count'): 668.821, ('gust', 'scan'): 668.86, ('gust', 'expand'): 668.883, ('gust', 'sort'): 669.011, ('gust', 'reduce'): 669.053, ('gust', 'final'): 669.109, ('gust', 'pack'): 669.13, ('gust', 'd2h'): 669.143, ('merge', 'start'): 669.249, ('merge', 'h2d'): 669.336, ('merge', 'count'): 669.358, ('merge', 'scan'): 669.395, ('merge', 'expand'): 669.428, ('merge', 'merge'): 669.528, ('merge', 'final'): 669.576, ('merge', 'compact'): 669.602, ('merge', 'pack'): 669.623, ('merge', 'd2h'): 669.637, ('mrg2', 'start'): 669.73, ('mrg2', 'h2d'): 669.808, ('mrg2', 'count'): 669.829, ('mrg2', 'scan'): 669.865, ('mrg2', 'merge'): 669.92, ('mrg2', 'final'): 669.955, ('mrg2', 'compact'): 669.98, ('mrg2', 'pack'): 670.0, ('mrg2', 'd2h'): 670.013, ('mrg3', 'start'): 670.104, ('mrg3', 'h2d'): 670.182, ('mrg3', 'count'): 670.22, ('mrg3', 'scan'): 670.275, ('mrg3', 'merge'): 670.321, ('mrg3', 'pack'): 670.341, ('mrg3', 'd2h'): 670.354}",0.0335208605974912,0.326668799878098
Mildly sparse,can_292,292,2540,2.9789829236254457,11670,11670,11670,11670,11670,0.0,,0.05700000000001637,0.17700000000002092,0.057999999999992724,0.03099999999994907,0.29200000000003,0.522,,,,,0.545,0.687,0.403,0.325,,0.3160000000000309,0.3369999999999891,0.5049999999999955,0.22000000000002728,0.13900000000001,"{('cu', 'start'): 693.087, ('cu', 'h2dmalloc'): 693.15, ('cu', 'h2d'): 693.173, ('cu', 'workest'): 693.23, ('cu', 'compute'): 693.407, ('cu', 'copy'): 693.465, ('cu', 'pack'): 693.489, ('cu', 'd2h'): 693.52, ('gust', 'start'): 693.618, ('gust', 'h2d'): 693.71, ('gust', 'count'): 693.734, ('gust', 'scan'): 693.773, ('gust', 'expand'): 693.801, ('gust', 'sort'): 693.928, ('gust', 'reduce'): 693.97, ('gust', 'final'): 694.026, ('gust', 'pack'): 694.047, ('gust', 'd2h'): 694.071, ('merge', 'start'): 694.169, ('merge', 'h2d'): 694.25, ('merge', 'count'): 694.273, ('merge', 'scan'): 694.309, ('merge', 'expand'): 694.369, ('merge', 'merge'): 694.676, ('merge', 'final'): 694.715, ('merge', 'compact'): 694.738, ('merge', 'pack'): 694.755, ('merge', 'd2h'): 694.771, ('mrg2', 'start'): 694.862, ('mrg2', 'h2d'): 694.944, ('mrg2', 'count'): 694.968, ('mrg2', 'scan'): 695.003, ('mrg2', 'merge'): 695.089, ('mrg2', 'final'): 695.123, ('mrg2', 'compact'): 695.146, ('mrg2', 'pack'): 695.164, ('mrg2', 'd2h'): 695.181, ('mrg3', 'start'): 695.272, ('mrg3', 'h2d'): 695.355, ('mrg3', 'count'): 695.388, ('mrg3', 'scan'): 695.439, ('mrg3', 'merge'): 695.476, ('mrg3', 'pack'): 695.494, ('mrg3', 'd2h'): 695.512}",0.0597399193793535,0.3161376013653352
Mildly sparse,ash292,292,2208,2.589604053293301,6042,6042,6042,6042,6042,0.0,,0.05700000000001637,0.15699999999992542,0.057999999999992724,0.028999999999996362,0.2719999999999345,0.493,,,,,0.536,0.439,0.366,0.326,,0.2959999999999354,0.33299999999997,0.2520000000000664,0.18200000000001637,0.14800000000002456,"{('cu', 'start'): 682.595, ('cu', 'h2dmalloc'): 682.658, ('cu', 'h2d'): 682.681, ('cu', 'workest'): 682.738, ('cu', 'compute'): 682.895, ('cu', 'copy'): 682.953, ('cu', 'pack'): 682.977, ('cu', 'd2h'): 683.006, ('gust', 'start'): 683.095, ('gust', 'h2d'): 683.183, ('gust', 'count'): 683.207, ('gust', 'scan'): 683.245, ('gust', 'expand'): 683.271, ('gust', 'sort'): 683.394, ('gust', 'reduce'): 683.438, ('gust', 'final'): 683.496, ('gust', 'pack'): 683.516, ('gust', 'd2h'): 683.53, ('merge', 'start'): 683.639, ('merge', 'h2d'): 683.727, ('merge', 'count'): 683.75, ('merge', 'scan'): 683.787, ('merge', 'expand'): 683.821, ('merge', 'merge'): 683.894, ('merge', 'final'): 683.934, ('merge', 'compact'): 683.961, ('merge', 'pack'): 683.979, ('merge', 'd2h'): 683.993, ('mrg2', 'start'): 684.084, ('mrg2', 'h2d'): 684.162, ('mrg2', 'count'): 684.185, ('mrg2', 'scan'): 684.22, ('mrg2', 'merge'): 684.266, ('mrg2', 'final'): 684.301, ('mrg2', 'compact'): 684.325, ('mrg2', 'pack'): 684.344, ('mrg2', 'd2h'): 684.357, ('mrg3', 'start'): 684.456, ('mrg3', 'h2d'): 684.535, ('mrg3', 'count'): 684.569, ('mrg3', 'scan'): 684.621, ('mrg3', 'merge'): 684.659, ('mrg3', 'pack'): 684.683, ('mrg3', 'd2h'): 684.697}",0.0522730406373739,0.3254432003013789
Mildly sparse,bcspwr04,274,1612,2.1471575470190207,4982,4982,4982,4982,4982,0.0,,0.05700000000001637,0.16300000000001091,0.05700000000001637,0.02800000000002001,0.27700000000004366,0.489,,,,,0.524,0.469,0.371,0.309,,0.29700000000002547,0.3310000000000173,0.29200000000003,0.19499999999993634,0.12999999999999545,"{('cu', 'start'): 667.014, ('cu', 'h2dmalloc'): 667.077, ('cu', 'h2d'): 667.097, ('cu', 'workest'): 667.154, ('cu', 'compute'): 667.317, ('cu', 'copy'): 667.374, ('cu', 'pack'): 667.394, ('cu', 'd2h'): 667.422, ('gust', 'start'): 667.51, ('gust', 'h2d'): 667.588, ('gust', 'count'): 667.611, ('gust', 'scan'): 667.65, ('gust', 'expand'): 667.677, ('gust', 'sort'): 667.799, ('gust', 'reduce'): 667.841, ('gust', 'final'): 667.898, ('gust', 'pack'): 667.919, ('gust', 'd2h'): 667.932, ('merge', 'start'): 668.04, ('merge', 'h2d'): 668.12, ('merge', 'count'): 668.145, ('merge', 'scan'): 668.181, ('merge', 'expand'): 668.226, ('merge', 'merge'): 668.327, ('merge', 'final'): 668.367, ('merge', 'compact'): 668.393, ('merge', 'pack'): 668.412, ('merge', 'd2h'): 668.425, ('mrg2', 'start'): 668.515, ('mrg2', 'h2d'): 668.59, ('mrg2', 'count'): 668.613, ('mrg2', 'scan'): 668.648, ('mrg2', 'merge'): 668.704, ('mrg2', 'final'): 668.74, ('mrg2', 'compact'): 668.766, ('mrg2', 'pack'): 668.785, ('mrg2', 'd2h'): 668.798, ('mrg3', 'start'): 668.892, ('mrg3', 'h2d'): 668.974, ('mrg3', 'count'): 669.003, ('mrg3', 'scan'): 669.054, ('mrg3', 'merge'): 669.085, ('mrg3', 'pack'): 669.104, ('mrg3', 'd2h'): 669.118}",0.0338419340550899,0.2079008006257936
Mildly sparse,bcsstk13,2003,83883,2.0907979019987244,396773,396773,396773,396773,396773,0.0,,0.06399999999996453,0.5900000000000318,0.18299999999999272,0.5489999999999782,0.8369999999999891,1.769,,,,,2.688,6.684,1.891,1.683,,0.9260000000000446,1.97199999999998,5.986999999999966,1.197999999999979,0.9869999999999663,"{('cu', 'start'): 730.821, ('cu', 'h2dmalloc'): 730.882, ('cu', 'h2d'): 730.942, ('cu', 'workest'): 731.006, ('cu', 'compute'): 731.596, ('cu', 'copy'): 731.779, ('cu', 'pack'): 731.868, ('cu', 'd2h'): 732.417, ('gust', 'start'): 732.599, ('gust', 'h2d'): 732.721, ('gust', 'count'): 732.755, ('gust', 'scan'): 732.8, ('gust', 'expand'): 733.0, ('gust', 'sort'): 733.802, ('gust', 'reduce'): 734.018, ('gust', 'final'): 734.593, ('gust', 'pack'): 734.693, ('gust', 'd2h'): 734.959, ('merge', 'start'): 735.294, ('merge', 'h2d'): 735.416, ('merge', 'count'): 735.448, ('merge', 'scan'): 735.494, ('merge', 'expand'): 736.274, ('merge', 'merge'): 740.771, ('merge', 'final'): 740.994, ('merge', 'compact'): 741.308, ('merge', 'pack'): 741.403, ('merge', 'd2h'): 741.665, ('mrg2', 'start'): 741.986, ('mrg2', 'h2d'): 742.105, ('mrg2', 'count'): 742.138, ('mrg2', 'scan'): 742.181, ('mrg2', 'merge'): 742.852, ('mrg2', 'final'): 742.898, ('mrg2', 'compact'): 743.208, ('mrg2', 'pack'): 743.303, ('mrg2', 'd2h'): 743.564, ('mrg3', 'start'): 743.884, ('mrg3', 'h2d'): 744.003, ('mrg3', 'count'): 744.292, ('mrg3', 'scan'): 744.357, ('mrg3', 'merge'): 744.906, ('mrg3', 'pack'): 744.99, ('mrg3', 'd2h'): 745.252}",0.5329828709363937,0.6656608018791302
Mildly sparse,bcsstm01,48,48,2.083333333333333,48,48,48,48,48,0.0,,0.05600000000004002,0.1490000000000009,0.05299999999999727,0.02400000000000091,0.2580000000000382,0.458,,,,,0.426,0.372,0.32,0.285,,0.27899999999999636,0.2440000000000282,0.18400000000008276,0.15399999999999636,0.11099999999999,"{('cu', 'start'): 687.193, ('cu', 'h2dmalloc'): 687.255, ('cu', 'h2d'): 687.269, ('cu', 'workest'): 687.325, ('cu', 'compute'): 687.474, ('cu', 'copy'): 687.527, ('cu', 'pack'): 687.548, ('cu', 'd2h'): 687.572, ('gust', 'start'): 687.659, ('gust', 'h2d'): 687.735, ('gust', 'count'): 687.757, ('gust', 'scan'): 687.797, ('gust', 'expand'): 687.819, ('gust', 'sort'): 687.864, ('gust', 'reduce'): 687.904, ('gust', 'final'): 687.959, ('gust', 'pack'): 687.979, ('gust', 'd2h'): 687.988, ('merge', 'start'): 688.107, ('merge', 'h2d'): 688.184, ('merge', 'count'): 688.207, ('merge', 'scan'): 688.244, ('merge', 'expand'): 688.267, ('merge', 'merge'): 688.287, ('merge', 'final'): 688.325, ('merge', 'compact'): 688.349, ('merge', 'pack'): 688.368, ('merge', 'd2h'): 688.378, ('mrg2', 'start'): 688.471, ('mrg2', 'h2d'): 688.543, ('mrg2', 'count'): 688.562, ('mrg2', 'scan'): 688.598, ('mrg2', 'merge'): 688.623, ('mrg2', 'final'): 688.655, ('mrg2', 'compact'): 688.679, ('mrg2', 'pack'): 688.697, ('mrg2', 'd2h'): 688.707, ('mrg3', 'start'): 688.797, ('mrg3', 'h2d'): 688.867, ('mrg3', 'count'): 688.888, ('mrg3', 'scan'): 688.937, ('mrg3', 'merge'): 688.96, ('mrg3', 'pack'): 688.978, ('mrg3', 'd2h'): 688.989}",0.0166050158441066,0.1557855993742123
Mildly sparse,bcsstk14,1806,63454,1.945465404477998,195654,195654,195654,195654,195654,0.0,,0.06600000000003092,0.5180000000000291,0.12599999999997635,0.30499999999995,0.7100000000000364,1.35,,,,,1.786,2.325,1.123,0.971,,0.7860000000000582,1.3909999999999627,1.8759999999999764,0.6820000000000164,0.5240000000000009,"{('cu', 'start'): 710.751, ('cu', 'h2dmalloc'): 710.811, ('cu', 'h2d'): 710.862, ('cu', 'workest'): 710.928, ('cu', 'compute'): 711.446, ('cu', 'copy'): 711.572, ('cu', 'pack'): 711.648, ('cu', 'd2h'): 711.953, ('gust', 'start'): 712.108, ('gust', 'h2d'): 712.216, ('gust', 'count'): 712.242, ('gust', 'scan'): 712.283, ('gust', 'expand'): 712.45, ('gust', 'sort'): 712.977, ('gust', 'reduce'): 713.178, ('gust', 'final'): 713.58, ('gust', 'pack'): 713.607, ('gust', 'd2h'): 713.746, ('merge', 'start'): 713.901, ('merge', 'h2d'): 714.01, ('merge', 'count'): 714.041, ('merge', 'scan'): 714.081, ('merge', 'expand'): 714.409, ('merge', 'merge'): 715.415, ('merge', 'final'): 715.592, ('merge', 'compact'): 715.806, ('merge', 'pack'): 715.886, ('merge', 'd2h'): 716.028, ('mrg2', 'start'): 716.235, ('mrg2', 'h2d'): 716.342, ('mrg2', 'count'): 716.371, ('mrg2', 'scan'): 716.409, ('mrg2', 'merge'): 716.693, ('mrg2', 'final'): 716.732, ('mrg2', 'compact'): 716.938, ('mrg2', 'pack'): 717.024, ('mrg2', 'd2h'): 717.163, ('mrg3', 'start'): 717.363, ('mrg3', 'h2d'): 717.469, ('mrg3', 'count'): 717.603, ('mrg3', 'scan'): 717.659, ('mrg3', 'merge'): 717.912, ('mrg3', 'pack'): 717.993, ('mrg3', 'd2h'): 718.136}",0.3842159640043974,0.5994176001753658
Mildly sparse,can_445,445,3809,1.923494508269158,11193,11193,11193,11193,11193,0.0,,0.057999999999992724,0.17999999999994998,0.057999999999992724,0.03300000000001546,0.2959999999999354,0.513,,,,,0.536,0.462,0.381,0.323,,0.31599999999991724,0.3390000000000555,0.2799999999999727,0.20299999999997453,0.14699999999993452,"{('cu', 'start'): 643.944, ('cu', 'h2dmalloc'): 644.005, ('cu', 'h2d'): 644.022, ('cu', 'workest'): 644.08, ('cu', 'compute'): 644.26, ('cu', 'copy'): 644.318, ('cu', 'pack'): 644.338, ('cu', 'd2h'): 644.371, ('gust', 'start'): 644.466, ('gust', 'h2d'): 644.545, ('gust', 'count'): 644.568, ('gust', 'scan'): 644.606, ('gust', 'expand'): 644.632, ('gust', 'sort'): 644.764, ('gust', 'reduce'): 644.805, ('gust', 'final'): 644.863, ('gust', 'pack'): 644.884, ('gust', 'd2h'): 644.909, ('merge', 'start'): 645.007, ('merge', 'h2d'): 645.085, ('merge', 'count'): 645.107, ('merge', 'scan'): 645.143, ('merge', 'expand'): 645.18, ('merge', 'merge'): 645.28, ('merge', 'final'): 645.32, ('merge', 'compact'): 645.346, ('merge', 'pack'): 645.365, ('merge', 'd2h'): 645.383, ('mrg2', 'start'): 645.475, ('mrg2', 'h2d'): 645.551, ('mrg2', 'count'): 645.572, ('mrg2', 'scan'): 645.608, ('mrg2', 'merge'): 645.673, ('mrg2', 'final'): 645.71, ('mrg2', 'compact'): 645.735, ('mrg2', 'pack'): 645.754, ('mrg2', 'd2h'): 645.771, ('mrg3', 'start'): 645.862, ('mrg3', 'h2d'): 645.936, ('mrg3', 'count'): 645.969, ('mrg3', 'scan'): 646.022, ('mrg3', 'merge'): 646.061, ('mrg3', 'pack'): 646.083, ('mrg3', 'd2h'): 646.1}",0.0606849789619445,0.304684800421819
Mildly sparse,bcsstm10,1086,22092,1.8731621948861958,54504,54504,54504,54504,54504,0.0,,0.05999999999994543,0.27100000000007185,0.06299999999998818,0.13600000000008095,0.39400000000000546,0.719,,,,,1.227,1.225,0.684,0.431,,0.4149999999999636,0.9339999999999691,0.9470000000000027,0.40300000000002,0.2099999999999227,"{('cu', 'start'): 682.248, ('cu', 'h2dmalloc'): 682.31, ('cu', 'h2d'): 682.341, ('cu', 'workest'): 682.401, ('cu', 'compute'): 682.672, ('cu', 'copy'): 682.735, ('cu', 'pack'): 682.756, ('cu', 'd2h'): 682.892, ('gust', 'start'): 682.976, ('gust', 'h2d'): 683.067, ('gust', 'count'): 683.101, ('gust', 'scan'): 683.142, ('gust', 'expand'): 683.29, ('gust', 'sort'): 683.563, ('gust', 'reduce'): 683.724, ('gust', 'final'): 683.968, ('gust', 'pack'): 684.001, ('gust', 'd2h'): 684.048, ('merge', 'start'): 684.211, ('merge', 'h2d'): 684.305, ('merge', 'count'): 684.332, ('merge', 'scan'): 684.369, ('merge', 'expand'): 684.575, ('merge', 'merge'): 684.964, ('merge', 'final'): 685.085, ('merge', 'compact'): 685.229, ('merge', 'pack'): 685.252, ('merge', 'd2h'): 685.3, ('mrg2', 'start'): 685.441, ('mrg2', 'h2d'): 685.531, ('mrg2', 'count'): 685.554, ('mrg2', 'scan'): 685.591, ('mrg2', 'merge'): 685.785, ('mrg2', 'final'): 685.824, ('mrg2', 'compact'): 685.91, ('mrg2', 'pack'): 685.934, ('mrg2', 'd2h'): 685.982, ('mrg3', 'start'): 686.132, ('mrg3', 'h2d'): 686.22, ('mrg3', 'count'): 686.279, ('mrg3', 'scan'): 686.332, ('mrg3', 'merge'): 686.409, ('mrg3', 'pack'): 686.43, ('mrg3', 'd2h'): 686.478}",0.1173790078610181,0.4567903985269367
Mildly sparse,bcsstk10,1086,22070,1.8712968332943305,54504,54504,54504,54504,54504,0.0,,0.07100000000002638,0.2939999999999827,0.06600000000003092,0.15399999999999636,0.43100000000004,0.797,,,,,1.322,1.321,0.747,0.465,,0.4550000000000409,1.0190000000000055,1.0170000000000528,0.4499999999999318,0.22199999999998,"{('cu', 'start'): 676.14, ('cu', 'h2dmalloc'): 676.209, ('cu', 'h2d'): 676.242, ('cu', 'workest'): 676.313, ('cu', 'compute'): 676.607, ('cu', 'copy'): 676.673, ('cu', 'pack'): 676.697, ('cu', 'd2h'): 676.851, ('gust', 'start'): 676.946, ('gust', 'h2d'): 677.047, ('gust', 'count'): 677.079, ('gust', 'scan'): 677.124, ('gust', 'expand'): 677.288, ('gust', 'sort'): 677.592, ('gust', 'reduce'): 677.769, ('gust', 'final'): 678.031, ('gust', 'pack'): 678.066, ('gust', 'd2h'): 678.115, ('merge', 'start'): 678.276, ('merge', 'h2d'): 678.387, ('merge', 'count'): 678.42, ('merge', 'scan'): 678.47, ('merge', 'expand'): 678.693, ('merge', 'merge'): 679.09, ('merge', 'final'): 679.218, ('merge', 'compact'): 679.378, ('merge', 'pack'): 679.404, ('merge', 'd2h'): 679.452, ('mrg2', 'start'): 679.603, ('mrg2', 'h2d'): 679.701, ('mrg2', 'count'): 679.725, ('mrg2', 'scan'): 679.766, ('mrg2', 'merge'): 679.975, ('mrg2', 'final'): 680.021, ('mrg2', 'compact'): 680.127, ('mrg2', 'pack'): 680.151, ('mrg2', 'd2h'): 680.2, ('mrg3', 'start'): 680.357, ('mrg3', 'h2d'): 680.455, ('mrg3', 'count'): 680.518, ('mrg3', 'scan'): 680.578, ('mrg3', 'merge'): 680.655, ('mrg3', 'pack'): 680.677, ('mrg3', 'd2h'): 680.725}",0.1465240493416786,0.4601856012595817
Mildly sparse,can_634,634,7228,1.7982067689000787,25446,25446,25446,25446,25446,0.0,,0.06799999999998363,0.2519999999999527,0.06200000000001182,0.11799999999993815,0.38199999999994816,0.68,,,,,0.843,0.675,0.421,0.354,,0.4070000000000391,0.6290000000000191,0.4759999999999991,0.22800000000006548,0.1650000000000773,"{('cu', 'start'): 687.729, ('cu', 'h2dmalloc'): 687.79, ('cu', 'h2d'): 687.812, ('cu', 'workest'): 687.88, ('cu', 'compute'): 688.132, ('cu', 'copy'): 688.194, ('cu', 'pack'): 688.219, ('cu', 'd2h'): 688.337, ('gust', 'start'): 688.42, ('gust', 'h2d'): 688.502, ('gust', 'count'): 688.526, ('gust', 'scan'): 688.567, ('gust', 'expand'): 688.597, ('gust', 'sort'): 688.864, ('gust', 'reduce'): 688.977, ('gust', 'final'): 689.106, ('gust', 'pack'): 689.131, ('gust', 'd2h'): 689.167, ('merge', 'start'): 689.27, ('merge', 'h2d'): 689.35, ('merge', 'count'): 689.377, ('merge', 'scan'): 689.415, ('merge', 'expand'): 689.479, ('merge', 'merge'): 689.737, ('merge', 'final'): 689.777, ('merge', 'compact'): 689.807, ('merge', 'pack'): 689.826, ('merge', 'd2h'): 689.854, ('mrg2', 'start'): 689.95, ('mrg2', 'h2d'): 690.03, ('mrg2', 'count'): 690.054, ('mrg2', 'scan'): 690.091, ('mrg2', 'merge'): 690.179, ('mrg2', 'final'): 690.214, ('mrg2', 'compact'): 690.239, ('mrg2', 'pack'): 690.258, ('mrg2', 'd2h'): 690.286, ('mrg3', 'start'): 690.378, ('mrg3', 'h2d'): 690.453, ('mrg3', 'count'): 690.496, ('mrg3', 'scan'): 690.547, ('mrg3', 'merge'): 690.599, ('mrg3', 'pack'): 690.618, ('mrg3', 'd2h'): 690.646}",0.0726208090782165,0.3333951997337863
Mildly sparse,bcsstk11,1473,34241,1.578123350888521,94187,94187,94187,94187,94187,0.0,,0.05999999999994543,0.31100000000003547,0.06299999999998818,0.19500000000005002,0.4339999999999691,0.975,,,,,1.333,1.31,0.744,0.503,,0.5359999999999445,1.07000000000005,1.0459999999999354,0.47500000000002274,0.23599999999999,"{('cu', 'start'): 665.574, ('cu', 'h2dmalloc'): 665.638, ('cu', 'h2d'): 665.681, ('cu', 'workest'): 665.741, ('cu', 'compute'): 666.052, ('cu', 'copy'): 666.115, ('cu', 'pack'): 666.217, ('cu', 'd2h'): 666.412, ('gust', 'start'): 666.555, ('gust', 'h2d'): 666.656, ('gust', 'count'): 666.682, ('gust', 'scan'): 666.724, ('gust', 'expand'): 666.874, ('gust', 'sort'): 667.198, ('gust', 'reduce'): 667.386, ('gust', 'final'): 667.694, ('gust', 'pack'): 667.726, ('gust', 'd2h'): 667.804, ('merge', 'start'): 667.896, ('merge', 'h2d'): 667.999, ('merge', 'count'): 668.027, ('merge', 'scan'): 668.065, ('merge', 'expand'): 668.273, ('merge', 'merge'): 668.713, ('merge', 'final'): 668.88, ('merge', 'compact'): 669.02, ('merge', 'pack'): 669.045, ('merge', 'd2h'): 669.123, ('mrg2', 'start'): 669.216, ('mrg2', 'h2d'): 669.324, ('mrg2', 'count'): 669.35, ('mrg2', 'scan'): 669.389, ('mrg2', 'merge'): 669.591, ('mrg2', 'final'): 669.631, ('mrg2', 'compact'): 669.776, ('mrg2', 'pack'): 669.799, ('mrg2', 'd2h'): 669.877, ('mrg3', 'start'): 669.966, ('mrg3', 'h2d'): 670.064, ('mrg3', 'count'): 670.135, ('mrg3', 'scan'): 670.189, ('mrg3', 'merge'): 670.279, ('mrg3', 'pack'): 670.3, ('mrg3', 'd2h'): 670.378}",0.2499658148735761,0.4926912002498284
Mildly sparse,bcsstk12,1473,34241,1.578123350888521,94187,94187,94187,94187,94187,0.0,,0.057999999999992724,0.30599999999992633,0.06299999999998818,0.18600000000003547,0.42699999999990723,0.961,,,,,1.341,1.327,0.737,0.504,,0.5329999999999018,1.0760000000000218,1.0640000000000782,0.4720000000000937,0.24299999999993815,"{('cu', 'start'): 681.768, ('cu', 'h2dmalloc'): 681.831, ('cu', 'h2d'): 681.873, ('cu', 'workest'): 681.931, ('cu', 'compute'): 682.237, ('cu', 'copy'): 682.3, ('cu', 'pack'): 682.406, ('cu', 'd2h'): 682.592, ('gust', 'start'): 682.736, ('gust', 'h2d'): 682.838, ('gust', 'count'): 682.865, ('gust', 'scan'): 682.908, ('gust', 'expand'): 683.057, ('gust', 'sort'): 683.383, ('gust', 'reduce'): 683.571, ('gust', 'final'): 683.882, ('gust', 'pack'): 683.914, ('gust', 'd2h'): 683.99, ('merge', 'start'): 684.085, ('merge', 'h2d'): 684.189, ('merge', 'count'): 684.217, ('merge', 'scan'): 684.257, ('merge', 'expand'): 684.481, ('merge', 'merge'): 684.914, ('merge', 'final'): 685.08, ('merge', 'compact'): 685.229, ('merge', 'pack'): 685.253, ('merge', 'd2h'): 685.331, ('mrg2', 'start'): 685.419, ('mrg2', 'h2d'): 685.526, ('mrg2', 'count'): 685.553, ('mrg2', 'scan'): 685.591, ('mrg2', 'merge'): 685.795, ('mrg2', 'final'): 685.832, ('mrg2', 'compact'): 685.975, ('mrg2', 'pack'): 685.998, ('mrg2', 'd2h'): 686.075, ('mrg3', 'start'): 686.161, ('mrg3', 'h2d'): 686.258, ('mrg3', 'count'): 686.328, ('mrg3', 'scan'): 686.383, ('mrg3', 'merge'): 686.469, ('mrg3', 'pack'): 686.501, ('mrg3', 'd2h'): 686.578}",0.2321570646017789,0.5532640028046444
Mildly sparse,bcsstk09,1083,18437,1.5719305066378828,71289,71289,71289,71289,71289,0.0,,0.05999999999994543,0.26099999999996726,0.06400000000007822,0.14800000000002456,0.3849999999999909,0.735,,,,,1.104,1.038,0.584,0.432,,0.4069999999999254,0.7990000000000919,0.8039999999999736,0.3530000000000655,0.19600000000002638,"{('cu', 'start'): 677.579, ('cu', 'h2dmalloc'): 677.642, ('cu', 'h2d'): 677.671, ('cu', 'workest'): 677.731, ('cu', 'compute'): 677.992, ('cu', 'copy'): 678.056, ('cu', 'pack'): 678.078, ('cu', 'd2h'): 678.226, ('gust', 'start'): 678.323, ('gust', 'h2d'): 678.415, ('gust', 'count'): 678.44, ('gust', 'scan'): 678.481, ('gust', 'expand'): 678.58, ('gust', 'sort'): 678.841, ('gust', 'reduce'): 678.997, ('gust', 'final'): 679.18, ('gust', 'pack'): 679.214, ('gust', 'd2h'): 679.274, ('merge', 'start'): 679.434, ('merge', 'h2d'): 679.525, ('merge', 'count'): 679.551, ('merge', 'scan'): 679.589, ('merge', 'expand'): 679.715, ('merge', 'merge'): 680.047, ('merge', 'final'): 680.156, ('merge', 'compact'): 680.305, ('merge', 'pack'): 680.329, ('merge', 'd2h'): 680.39, ('mrg2', 'start'): 680.48, ('mrg2', 'h2d'): 680.568, ('mrg2', 'count'): 680.592, ('mrg2', 'scan'): 680.63, ('mrg2', 'merge'): 680.77, ('mrg2', 'final'): 680.81, ('mrg2', 'compact'): 680.898, ('mrg2', 'pack'): 680.921, ('mrg2', 'd2h'): 680.982, ('mrg3', 'start'): 681.07, ('mrg3', 'h2d'): 681.156, ('mrg3', 'count'): 681.211, ('mrg3', 'scan'): 681.265, ('mrg3', 'merge'): 681.331, ('mrg3', 'pack'): 681.352, ('mrg3', 'd2h'): 681.412}",0.1308119390159845,0.3140192004153505
Mildly sparse,bcsstm02,66,66,1.5151515151515151,66,66,66,66,66,0.0,,0.05600000000004002,0.1449999999999818,0.05200000000002092,0.02400000000000091,0.25300000000004275,0.462,,,,,0.437,0.361,0.321,0.279,,0.27800000000002,0.26099999999996726,0.18099999999992633,0.15499999999997272,0.1150000000000091,"{('cu', 'start'): 675.428, ('cu', 'h2dmalloc'): 675.491, ('cu', 'h2d'): 675.505, ('cu', 'workest'): 675.561, ('cu', 'compute'): 675.706, ('cu', 'copy'): 675.758, ('cu', 'pack'): 675.783, ('cu', 'd2h'): 675.807, ('gust', 'start'): 675.897, ('gust', 'h2d'): 675.972, ('gust', 'count'): 675.995, ('gust', 'scan'): 676.031, ('gust', 'expand'): 676.053, ('gust', 'sort'): 676.097, ('gust', 'reduce'): 676.137, ('gust', 'final'): 676.213, ('gust', 'pack'): 676.233, ('gust', 'd2h'): 676.243, ('merge', 'start'): 676.349, ('merge', 'h2d'): 676.426, ('merge', 'count'): 676.448, ('merge', 'scan'): 676.484, ('merge', 'expand'): 676.507, ('merge', 'merge'): 676.528, ('merge', 'final'): 676.565, ('merge', 'compact'): 676.59, ('merge', 'pack'): 676.607, ('merge', 'd2h'): 676.617, ('mrg2', 'start'): 676.707, ('mrg2', 'h2d'): 676.779, ('mrg2', 'count'): 676.799, ('mrg2', 'scan'): 676.834, ('mrg2', 'merge'): 676.857, ('mrg2', 'final'): 676.889, ('mrg2', 'compact'): 676.916, ('mrg2', 'pack'): 676.934, ('mrg2', 'd2h'): 676.944, ('mrg3', 'start'): 677.033, ('mrg3', 'h2d'): 677.103, ('mrg3', 'count'): 677.125, ('mrg3', 'scan'): 677.177, ('mrg3', 'merge'): 677.2, ('mrg3', 'pack'): 677.218, ('mrg3', 'd2h'): 677.228}",0.0471249222755432,0.1347775993286632
Mildly sparse,can_838,838,10010,1.4254304771560882,51156,51156,51156,51156,51156,0.0,,0.05899999999996908,0.24699999999995725,0.06200000000001182,0.13400000000001455,0.36799999999993815,0.681,,,,,0.848,1.06,0.474,0.376,,0.38799999999991996,0.5620000000000118,0.7880000000000109,0.2559999999999718,0.16499999999996362,"{('cu', 'start'): 675.636, ('cu', 'h2dmalloc'): 675.699, ('cu', 'h2d'): 675.72, ('cu', 'workest'): 675.779, ('cu', 'compute'): 676.026, ('cu', 'copy'): 676.088, ('cu', 'pack'): 676.108, ('cu', 'd2h'): 676.242, ('gust', 'start'): 676.324, ('gust', 'h2d'): 676.407, ('gust', 'count'): 676.431, ('gust', 'scan'): 676.47, ('gust', 'expand'): 676.512, ('gust', 'sort'): 676.774, ('gust', 'reduce'): 676.881, ('gust', 'final'): 676.947, ('gust', 'pack'): 676.969, ('gust', 'd2h'): 677.023, ('merge', 'start'): 677.179, ('merge', 'h2d'): 677.257, ('merge', 'count'): 677.283, ('merge', 'scan'): 677.32, ('merge', 'expand'): 677.403, ('merge', 'merge'): 677.958, ('merge', 'final'): 678.002, ('merge', 'compact'): 678.027, ('merge', 'pack'): 678.045, ('merge', 'd2h'): 678.091, ('mrg2', 'start'): 678.244, ('mrg2', 'h2d'): 678.322, ('mrg2', 'count'): 678.346, ('mrg2', 'scan'): 678.383, ('mrg2', 'merge'): 678.499, ('mrg2', 'final'): 678.534, ('mrg2', 'compact'): 678.559, ('mrg2', 'pack'): 678.578, ('mrg2', 'd2h'): 678.622, ('mrg3', 'start'): 678.724, ('mrg3', 'h2d'): 678.803, ('mrg3', 'count'): 678.846, ('mrg3', 'scan'): 678.899, ('mrg3', 'merge'): 678.95, ('mrg3', 'pack'): 678.968, ('mrg3', 'd2h'): 679.013}",0.0951960682868957,0.3564800012623891
Mildly sparse,bcsstk20,485,3135,1.3327665001594218,5545,5545,5545,5545,5545,0.0,,0.05999999999994543,0.16499999999996362,0.057999999999992724,0.028999999999996362,0.2829999999999018,0.495,,,,,0.52,0.403,0.334,0.307,,0.3039999999999736,0.3280000000000882,0.22900000000004184,0.16399999999998727,0.13900000000001,"{('cu', 'start'): 645.617, ('cu', 'h2dmalloc'): 645.678, ('cu', 'h2d'): 645.695, ('cu', 'workest'): 645.755, ('cu', 'compute'): 645.92, ('cu', 'copy'): 645.978, ('cu', 'pack'): 645.999, ('cu', 'd2h'): 646.028, ('gust', 'start'): 646.12, ('gust', 'h2d'): 646.199, ('gust', 'count'): 646.224, ('gust', 'scan'): 646.261, ('gust', 'expand'): 646.285, ('gust', 'sort'): 646.407, ('gust', 'reduce'): 646.449, ('gust', 'final'): 646.506, ('gust', 'pack'): 646.527, ('gust', 'd2h'): 646.539, ('merge', 'start'): 646.646, ('merge', 'h2d'): 646.723, ('merge', 'count'): 646.745, ('merge', 'scan'): 646.782, ('merge', 'expand'): 646.815, ('merge', 'merge'): 646.869, ('merge', 'final'): 646.909, ('merge', 'compact'): 646.934, ('merge', 'pack'): 646.952, ('merge', 'd2h'): 646.965, ('mrg2', 'start'): 647.055, ('mrg2', 'h2d'): 647.129, ('mrg2', 'count'): 647.149, ('mrg2', 'scan'): 647.183, ('mrg2', 'merge'): 647.218, ('mrg2', 'final'): 647.253, ('mrg2', 'compact'): 647.274, ('mrg2', 'pack'): 647.293, ('mrg2', 'd2h'): 647.307, ('mrg3', 'start'): 647.396, ('mrg3', 'h2d'): 647.467, ('mrg3', 'count'): 647.499, ('mrg3', 'scan'): 647.548, ('mrg3', 'merge'): 647.582, ('mrg3', 'pack'): 647.606, ('mrg3', 'd2h'): 647.619}",0.0639951322227716,0.208889600704424
Mildly sparse,can_715,715,6665,1.3037312338011637,39785,39785,39785,39785,39785,0.0,,0.057999999999992724,0.24699999999995725,0.06200000000001182,0.12400000000002365,0.3669999999999618,0.67,,,,,0.832,1.995,0.623,0.609,,0.38599999999996726,0.6140000000000327,1.780999999999949,0.4209999999999354,0.4089999999999918,"{('cu', 'start'): 678.699, ('cu', 'h2dmalloc'): 678.759, ('cu', 'h2d'): 678.778, ('cu', 'workest'): 678.836, ('cu', 'compute'): 679.083, ('cu', 'copy'): 679.145, ('cu', 'pack'): 679.164, ('cu', 'd2h'): 679.288, ('gust', 'start'): 679.377, ('gust', 'h2d'): 679.456, ('gust', 'count'): 679.489, ('gust', 'scan'): 679.528, ('gust', 'expand'): 679.563, ('gust', 'sort'): 679.816, ('gust', 'reduce'): 679.923, ('gust', 'final'): 680.046, ('gust', 'pack'): 680.07, ('gust', 'd2h'): 680.117, ('merge', 'start'): 680.216, ('merge', 'h2d'): 680.293, ('merge', 'count'): 680.33, ('merge', 'scan'): 680.367, ('merge', 'expand'): 680.495, ('merge', 'merge'): 681.994, ('merge', 'final'): 682.033, ('merge', 'compact'): 682.056, ('merge', 'pack'): 682.074, ('merge', 'd2h'): 682.111, ('mrg2', 'start'): 682.219, ('mrg2', 'h2d'): 682.296, ('mrg2', 'count'): 682.328, ('mrg2', 'scan'): 682.365, ('mrg2', 'merge'): 682.643, ('mrg2', 'final'): 682.677, ('mrg2', 'compact'): 682.699, ('mrg2', 'pack'): 682.717, ('mrg2', 'd2h'): 682.756, ('mrg3', 'start'): 682.847, ('mrg3', 'h2d'): 682.921, ('mrg3', 'count'): 683.069, ('mrg3', 'scan'): 683.12, ('mrg3', 'merge'): 683.299, ('mrg3', 'pack'): 683.33, ('mrg3', 'd2h'): 683.368}",0.0805750023573637,0.35141760003753
Mildly sparse,bcsstk24,3562,159910,1.2603402122535554,446474,446474,446474,446474,446474,0.0,,0.13600000000008095,0.8289999999999509,0.20100000000002183,0.68100000000004,1.1660000000000537,2.304,,,,,3.241,3.991,1.682,1.587,,1.259999999999991,2.3869999999999436,3.1580000000000155,0.8619999999999663,0.7580000000000382,"{('cu', 'start'): 728.83, ('cu', 'h2dmalloc'): 728.889, ('cu', 'h2d'): 729.026, ('cu', 'workest'): 729.162, ('cu', 'compute'): 729.991, ('cu', 'copy'): 730.192, ('cu', 'pack'): 730.286, ('cu', 'd2h'): 730.967, ('gust', 'start'): 731.146, ('gust', 'h2d'): 731.346, ('gust', 'count'): 731.376, ('gust', 'scan'): 731.418, ('gust', 'expand'): 731.627, ('gust', 'sort'): 732.825, ('gust', 'reduce'): 733.099, ('gust', 'final'): 733.641, ('gust', 'pack'): 733.733, ('gust', 'd2h'): 734.099, ('merge', 'start'): 734.392, ('merge', 'h2d'): 734.591, ('merge', 'count'): 734.625, ('merge', 'scan'): 734.668, ('merge', 'expand'): 735.189, ('merge', 'merge'): 737.166, ('merge', 'final'): 737.37, ('merge', 'compact'): 737.662, ('merge', 'pack'): 737.749, ('merge', 'd2h'): 738.116, ('mrg2', 'start'): 738.391, ('mrg2', 'h2d'): 738.587, ('mrg2', 'count'): 738.618, ('mrg2', 'scan'): 738.66, ('mrg2', 'merge'): 739.031, ('mrg2', 'final'): 739.072, ('mrg2', 'compact'): 739.361, ('mrg2', 'pack'): 739.449, ('mrg2', 'd2h'): 739.813, ('mrg3', 'start'): 740.08, ('mrg3', 'h2d'): 740.284, ('mrg3', 'count'): 740.5, ('mrg3', 'scan'): 740.557, ('mrg3', 'merge'): 740.963, ('mrg3', 'pack'): 741.042, ('mrg3', 'd2h'): 741.407}",2.6039909571409225,0.5947423990350216
Mildly sparse,bcsstk16,4884,290378,1.2173414200441228,1038782,1038782,1038782,1038782,1038782,0.0,,0.14999999999997726,1.225999999999999,0.15399999999999636,0.68100000000004,1.5299999999999727,2.531,,,,,5.15,9.483,2.138,2.492,,1.5979999999999563,3.9600000000000364,8.423999999999978,1.3980000000000246,1.7930000000000064,"{('cu', 'start'): 761.484, ('cu', 'h2dmalloc'): 761.533, ('cu', 'h2d'): 761.634, ('cu', 'workest'): 761.784, ('cu', 'compute'): 763.01, ('cu', 'copy'): 763.164, ('cu', 'pack'): 763.232, ('cu', 'd2h'): 763.913, ('gust', 'start'): 764.023, ('gust', 'h2d'): 764.617, ('gust', 'count'): 764.695, ('gust', 'scan'): 764.733, ('gust', 'expand'): 765.043, ('gust', 'sort'): 767.593, ('gust', 'reduce'): 767.941, ('gust', 'final'): 768.507, ('gust', 'pack'): 768.577, ('gust', 'd2h'): 768.889, ('merge', 'start'): 769.179, ('merge', 'h2d'): 769.612, ('merge', 'count'): 769.72, ('merge', 'scan'): 769.758, ('merge', 'expand'): 770.956, ('merge', 'merge'): 777.467, ('merge', 'final'): 777.67, ('merge', 'compact'): 777.95, ('merge', 'pack'): 778.036, ('merge', 'd2h'): 778.367, ('mrg2', 'start'): 778.668, ('mrg2', 'h2d'): 778.829, ('mrg2', 'count'): 778.903, ('mrg2', 'scan'): 778.943, ('mrg2', 'merge'): 779.854, ('mrg2', 'final'): 779.89, ('mrg2', 'compact'): 780.143, ('mrg2', 'pack'): 780.227, ('mrg2', 'd2h'): 780.531, ('mrg3', 'start'): 780.812, ('mrg3', 'h2d'): 780.963, ('mrg3', 'count'): 781.633, ('mrg3', 'scan'): 781.683, ('mrg3', 'merge'): 782.675, ('mrg3', 'pack'): 782.756, ('mrg3', 'd2h'): 783.06}",6.905617192387581,0.7866944015491755
Mildly sparse,bcsstk28,4410,219024,1.1261974177426073,596072,596072,596072,596072,596072,0.0,,0.12000000000000455,1.0209999999999582,0.17799999999999727,0.84699999999998,1.31899999999996,2.618,,,,,4.041,6.152,1.691,1.525,,1.4039999999999964,2.9729999999999563,5.139999999999986,1.058999999999969,1.0249999999999773,"{('cu', 'start'): 757.581, ('cu', 'h2dmalloc'): 757.642, ('cu', 'h2d'): 757.822, ('cu', 'workest'): 757.942, ('cu', 'compute'): 758.963, ('cu', 'copy'): 759.141, ('cu', 'pack'): 759.226, ('cu', 'd2h'): 760.073, ('gust', 'start'): 760.208, ('gust', 'h2d'): 760.49, ('gust', 'count'): 760.522, ('gust', 'scan'): 760.566, ('gust', 'expand'): 760.843, ('gust', 'sort'): 762.473, ('gust', 'reduce'): 762.78, ('gust', 'final'): 763.37, ('gust', 'pack'): 763.463, ('gust', 'd2h'): 763.951, ('merge', 'start'): 764.256, ('merge', 'h2d'): 764.511, ('merge', 'count'): 764.548, ('merge', 'scan'): 764.59, ('merge', 'expand'): 765.487, ('merge', 'merge'): 769.028, ('merge', 'final'): 769.251, ('merge', 'compact'): 769.564, ('merge', 'pack'): 769.651, ('merge', 'd2h'): 770.138, ('mrg2', 'start'): 770.415, ('mrg2', 'h2d'): 770.654, ('mrg2', 'count'): 770.687, ('mrg2', 'scan'): 770.728, ('mrg2', 'merge'): 771.363, ('mrg2', 'final'): 771.398, ('mrg2', 'compact'): 771.643, ('mrg2', 'pack'): 771.713, ('mrg2', 'd2h'): 771.892, ('mrg3', 'start'): 772.111, ('mrg3', 'h2d'): 772.239, ('mrg3', 'count'): 772.569, ('mrg3', 'scan'): 772.616, ('mrg3', 'merge'): 773.2, ('mrg3', 'pack'): 773.264, ('mrg3', 'd2h'): 773.442}",5.049543222412467,0.6021919993916527
Mildly sparse,bcsstk08,1074,12960,1.1235604381885709,305612,305612,305612,305612,305612,0.0,,0.06399999999996453,0.3509999999999991,0.12800000000004275,0.3709999999999809,0.5430000000000064,1.236,,,,,1.787,21.448,2.512,1.445,,0.6469999999999345,1.2659999999999627,20.932000000000016,2.01400000000001,0.9379999999999882,"{('cu', 'start'): 771.091, ('cu', 'h2dmalloc'): 771.152, ('cu', 'h2d'): 771.176, ('cu', 'workest'): 771.24, ('cu', 'compute'): 771.591, ('cu', 'copy'): 771.719, ('cu', 'pack'): 771.823, ('cu', 'd2h'): 772.194, ('gust', 'start'): 772.335, ('gust', 'h2d'): 772.427, ('gust', 'count'): 772.466, ('gust', 'scan'): 772.508, ('gust', 'expand'): 772.703, ('gust', 'sort'): 773.01, ('gust', 'reduce'): 773.188, ('gust', 'final'): 773.59, ('gust', 'pack'): 773.693, ('gust', 'd2h'): 773.912, ('merge', 'start'): 774.132, ('merge', 'h2d'): 774.212, ('merge', 'count'): 774.255, ('merge', 'scan'): 774.297, ('merge', 'expand'): 774.906, ('merge', 'merge'): 794.661, ('merge', 'final'): 794.843, ('merge', 'compact'): 795.055, ('merge', 'pack'): 795.144, ('merge', 'd2h'): 795.364, ('mrg2', 'start'): 795.585, ('mrg2', 'h2d'): 795.667, ('mrg2', 'count'): 795.706, ('mrg2', 'scan'): 795.746, ('mrg2', 'merge'): 797.34, ('mrg2', 'final'): 797.38, ('mrg2', 'compact'): 797.594, ('mrg2', 'pack'): 797.681, ('mrg2', 'd2h'): 797.898, ('mrg3', 'start'): 798.106, ('mrg3', 'h2d'): 798.183, ('mrg3', 'count'): 798.505, ('mrg3', 'scan'): 798.563, ('mrg3', 'merge'): 799.039, ('mrg3', 'pack'): 799.121, ('mrg3', 'd2h'): 799.339}",0.137491850182414,0.3547615981427953
Mildly sparse,can_1054,1054,12196,1.097832779436069,60248,60248,60248,60248,60248,0.0,,0.057999999999992724,0.2559999999999718,0.06200000000001182,0.1430000000000291,0.37599999999997635,0.7,,,,,0.989,1.12,0.511,0.42,,0.3990000000000009,0.7060000000000173,0.8360000000000127,0.2839999999999918,0.19799999999997908,"{('cu', 'start'): 672.961, ('cu', 'h2dmalloc'): 673.023, ('cu', 'h2d'): 673.047, ('cu', 'workest'): 673.105, ('cu', 'compute'): 673.361, ('cu', 'copy'): 673.423, ('cu', 'pack'): 673.446, ('cu', 'd2h'): 673.589, ('gust', 'start'): 673.67, ('gust', 'h2d'): 673.754, ('gust', 'count'): 673.78, ('gust', 'scan'): 673.818, ('gust', 'expand'): 673.919, ('gust', 'sort'): 674.175, ('gust', 'reduce'): 674.296, ('gust', 'final'): 674.428, ('gust', 'pack'): 674.46, ('gust', 'd2h'): 674.513, ('merge', 'start'): 674.668, ('merge', 'h2d'): 674.753, ('merge', 'count'): 674.78, ('merge', 'scan'): 674.819, ('merge', 'expand'): 674.961, ('merge', 'merge'): 675.502, ('merge', 'final'): 675.544, ('merge', 'compact'): 675.571, ('merge', 'pack'): 675.589, ('merge', 'd2h'): 675.642, ('mrg2', 'start'): 675.793, ('mrg2', 'h2d'): 675.873, ('mrg2', 'count'): 675.895, ('mrg2', 'scan'): 675.931, ('mrg2', 'merge'): 676.077, ('mrg2', 'final'): 676.114, ('mrg2', 'compact'): 676.139, ('mrg2', 'pack'): 676.157, ('mrg2', 'd2h'): 676.215, ('mrg3', 'start'): 676.31, ('mrg3', 'h2d'): 676.392, ('mrg3', 'count'): 676.443, ('mrg3', 'scan'): 676.504, ('mrg3', 'merge'): 676.57, ('mrg3', 'pack'): 676.59, ('mrg3', 'd2h'): 676.642}",0.1100669614970684,0.3306176007259637
Mildly sparse,can_1072,1072,12444,1.0828553129873024,62316,62316,62316,62316,62316,0.0,,0.06100000000003547,0.25699999999994816,0.06299999999998818,0.14199999999993906,0.3809999999999718,0.717,,,,,0.989,1.276,0.518,0.447,,0.4070000000000391,0.6960000000000264,1.0470000000000255,0.29100000000005366,0.22299999999995634,"{('cu', 'start'): 649.992, ('cu', 'h2dmalloc'): 650.054, ('cu', 'h2d'): 650.078, ('cu', 'workest'): 650.139, ('cu', 'compute'): 650.396, ('cu', 'copy'): 650.459, ('cu', 'pack'): 650.485, ('cu', 'd2h'): 650.627, ('gust', 'start'): 650.718, ('gust', 'h2d'): 650.802, ('gust', 'count'): 650.828, ('gust', 'scan'): 650.867, ('gust', 'expand'): 650.966, ('gust', 'sort'): 651.222, ('gust', 'reduce'): 651.329, ('gust', 'final'): 651.463, ('gust', 'pack'): 651.498, ('gust', 'd2h'): 651.553, ('merge', 'start'): 651.716, ('merge', 'h2d'): 651.804, ('merge', 'count'): 651.834, ('merge', 'scan'): 651.874, ('merge', 'expand'): 652.015, ('merge', 'merge'): 652.615, ('merge', 'final'): 652.67, ('merge', 'compact'): 652.826, ('merge', 'pack'): 652.851, ('merge', 'd2h'): 652.905, ('mrg2', 'start'): 653.0, ('mrg2', 'h2d'): 653.083, ('mrg2', 'count'): 653.107, ('mrg2', 'scan'): 653.146, ('mrg2', 'merge'): 653.293, ('mrg2', 'final'): 653.329, ('mrg2', 'compact'): 653.354, ('mrg2', 'pack'): 653.374, ('mrg2', 'd2h'): 653.429, ('mrg3', 'start'): 653.523, ('mrg3', 'h2d'): 653.604, ('mrg3', 'count'): 653.67, ('mrg3', 'scan'): 653.725, ('mrg3', 'merge'): 653.807, ('mrg3', 'pack'): 653.827, ('mrg3', 'd2h'): 653.88}",0.1363488845527172,0.3332575989654287
Mildly sparse,bcsstk19,817,6853,1.0266835857969194,18305,18305,18305,18305,18305,0.0,,0.05600000000004002,0.17399999999997817,0.057999999999992724,0.038000000000010914,0.2880000000000109,0.515,,,,,0.543,0.437,0.372,0.331,,0.3100000000000591,0.34000000000003183,0.24899999999990996,0.18499999999994543,0.14600000000007185,"{('cu', 'start'): 676.265, ('cu', 'h2dmalloc'): 676.328, ('cu', 'h2d'): 676.348, ('cu', 'workest'): 676.404, ('cu', 'compute'): 676.578, ('cu', 'copy'): 676.636, ('cu', 'pack'): 676.658, ('cu', 'd2h'): 676.696, ('gust', 'start'): 676.786, ('gust', 'h2d'): 676.867, ('gust', 'count'): 676.889, ('gust', 'scan'): 676.927, ('gust', 'expand'): 676.952, ('gust', 'sort'): 677.091, ('gust', 'reduce'): 677.133, ('gust', 'final'): 677.189, ('gust', 'pack'): 677.207, ('gust', 'd2h'): 677.236, ('merge', 'start'): 677.335, ('merge', 'h2d'): 677.416, ('merge', 'count'): 677.438, ('merge', 'scan'): 677.475, ('merge', 'expand'): 677.506, ('merge', 'merge'): 677.574, ('merge', 'final'): 677.613, ('merge', 'compact'): 677.647, ('merge', 'pack'): 677.665, ('merge', 'd2h'): 677.688, ('mrg2', 'start'): 677.777, ('mrg2', 'h2d'): 677.854, ('mrg2', 'count'): 677.874, ('mrg2', 'scan'): 677.908, ('mrg2', 'merge'): 677.95, ('mrg2', 'final'): 677.984, ('mrg2', 'compact'): 678.018, ('mrg2', 'pack'): 678.039, ('mrg2', 'd2h'): 678.062, ('mrg3', 'start'): 678.155, ('mrg3', 'h2d'): 678.233, ('mrg3', 'count'): 678.268, ('mrg3', 'scan'): 678.321, ('mrg3', 'merge'): 678.36, ('mrg3', 'pack'): 678.379, ('mrg3', 'd2h'): 678.401}",0.0575080048292875,0.3207039998611435
Highly sparse,bcsstm12,1473,19659,0.9060578533079476,53615,53615,53615,53615,53615,0.0,,0.05999999999994543,0.25300000000004275,0.06399999999996453,0.1370000000000573,0.3769999999999527,0.701,,,,,1.122,0.962,0.569,0.414,,0.3969999999999345,0.83299999999997,0.7369999999999663,0.34199999999998454,0.19400000000007367,"{('cu', 'start'): 675.795, ('cu', 'h2dmalloc'): 675.858, ('cu', 'h2d'): 675.888, ('cu', 'workest'): 675.948, ('cu', 'compute'): 676.201, ('cu', 'copy'): 676.265, ('cu', 'pack'): 676.285, ('cu', 'd2h'): 676.422, ('gust', 'start'): 676.504, ('gust', 'h2d'): 676.6, ('gust', 'count'): 676.632, ('gust', 'scan'): 676.673, ('gust', 'expand'): 676.787, ('gust', 'sort'): 677.055, ('gust', 'reduce'): 677.214, ('gust', 'final'): 677.4, ('gust', 'pack'): 677.433, ('gust', 'd2h'): 677.481, ('merge', 'start'): 677.631, ('merge', 'h2d'): 677.725, ('merge', 'count'): 677.753, ('merge', 'scan'): 677.792, ('merge', 'expand'): 677.915, ('merge', 'merge'): 678.187, ('merge', 'final'): 678.297, ('merge', 'compact'): 678.438, ('merge', 'pack'): 678.462, ('merge', 'd2h'): 678.51, ('mrg2', 'start'): 678.602, ('mrg2', 'h2d'): 678.698, ('mrg2', 'count'): 678.723, ('mrg2', 'scan'): 678.76, ('mrg2', 'merge'): 678.889, ('mrg2', 'final'): 678.927, ('mrg2', 'compact'): 679.017, ('mrg2', 'pack'): 679.04, ('mrg2', 'd2h'): 679.088, ('mrg3', 'start'): 679.176, ('mrg3', 'h2d'): 679.262, ('mrg3', 'count'): 679.316, ('mrg3', 'scan'): 679.37, ('mrg3', 'merge'): 679.436, ('mrg3', 'pack'): 679.456, ('mrg3', 'd2h'): 679.504}",0.2329139970242977,0.3376991994446143
Highly sparse,bcsstm03,112,112,0.8928571428571428,112,112,112,112,112,0.0,,0.07200000000000273,0.16399999999998727,0.06700000000000728,0.033999999999991815,0.30299999999999727,0.569,,,,,0.527,0.456,0.41,0.348,,0.3300000000000409,0.2999999999999545,0.2379999999999427,0.20600000000001728,0.14400000000000546,"{('cu', 'start'): 668.354, ('cu', 'h2dmalloc'): 668.43, ('cu', 'h2d'): 668.447, ('cu', 'workest'): 668.519, ('cu', 'compute'): 668.683, ('cu', 'copy'): 668.75, ('cu', 'pack'): 668.777, ('cu', 'd2h'): 668.811, ('gust', 'start'): 668.933, ('gust', 'h2d'): 669.027, ('gust', 'count'): 669.055, ('gust', 'scan'): 669.106, ('gust', 'expand'): 669.134, ('gust', 'sort'): 669.188, ('gust', 'reduce'): 669.238, ('gust', 'final'): 669.299, ('gust', 'pack'): 669.327, ('gust', 'd2h'): 669.339, ('merge', 'start'): 669.47, ('merge', 'h2d'): 669.561, ('merge', 'count'): 669.588, ('merge', 'scan'): 669.636, ('merge', 'expand'): 669.663, ('merge', 'merge'): 669.693, ('merge', 'final'): 669.742, ('merge', 'compact'): 669.772, ('merge', 'pack'): 669.799, ('merge', 'd2h'): 669.811, ('mrg2', 'start'): 669.934, ('mrg2', 'h2d'): 670.025, ('mrg2', 'count'): 670.053, ('mrg2', 'scan'): 670.102, ('mrg2', 'merge'): 670.134, ('mrg2', 'final'): 670.175, ('mrg2', 'compact'): 670.204, ('mrg2', 'pack'): 670.231, ('mrg2', 'd2h'): 670.243, ('mrg3', 'start'): 670.353, ('mrg3', 'h2d'): 670.443, ('mrg3', 'count'): 670.471, ('mrg3', 'scan'): 670.53, ('mrg3', 'merge'): 670.559, ('mrg3', 'pack'): 670.587, ('mrg3', 'd2h'): 670.599}",0.0374051742255687,0.1369663996156305
Highly sparse,bcspwr05,443,1623,0.8270105834934192,4249,4249,4249,4249,4249,0.0,,0.07200000000000273,0.18000000000006366,0.06999999999993634,0.03899999999998727,0.32200000000000273,0.594,,,,,0.639,0.507,0.453,0.376,,0.3490000000000464,0.3970000000000482,0.2880000000000109,0.2259999999999991,0.15899999999999181,"{('cu', 'start'): 670.713, ('cu', 'h2dmalloc'): 670.792, ('cu', 'h2d'): 670.818, ('cu', 'workest'): 670.89, ('cu', 'compute'): 671.07, ('cu', 'copy'): 671.14, ('cu', 'pack'): 671.167, ('cu', 'd2h'): 671.206, ('gust', 'start'): 671.318, ('gust', 'h2d'): 671.415, ('gust', 'count'): 671.447, ('gust', 'scan'): 671.495, ('gust', 'expand'): 671.526, ('gust', 'sort'): 671.666, ('gust', 'reduce'): 671.719, ('gust', 'final'): 671.784, ('gust', 'pack'): 671.812, ('gust', 'd2h'): 671.828, ('merge', 'start'): 671.967, ('merge', 'h2d'): 672.067, ('merge', 'count'): 672.098, ('merge', 'scan'): 672.148, ('merge', 'expand'): 672.184, ('merge', 'merge'): 672.247, ('merge', 'final'): 672.295, ('merge', 'compact'): 672.326, ('merge', 'pack'): 672.355, ('merge', 'd2h'): 672.369, ('mrg2', 'start'): 672.483, ('mrg2', 'h2d'): 672.586, ('mrg2', 'count'): 672.616, ('mrg2', 'scan'): 672.664, ('mrg2', 'merge'): 672.714, ('mrg2', 'final'): 672.757, ('mrg2', 'compact'): 672.786, ('mrg2', 'pack'): 672.812, ('mrg2', 'd2h'): 672.827, ('mrg3', 'start'): 672.945, ('mrg3', 'h2d'): 673.042, ('mrg3', 'count'): 673.077, ('mrg3', 'scan'): 673.138, ('mrg3', 'merge'): 673.174, ('mrg3', 'pack'): 673.201, ('mrg3', 'd2h'): 673.216}",0.0619099009782075,0.208918399666436
Highly sparse,bcsstk26,1922,30336,0.8212049319939666,92530,92530,92530,92530,92530,0.0,,0.06100000000003547,0.28499999999996817,0.06399999999996453,0.17499999999995453,0.40999999999996817,0.899,,,,,1.311,1.364,0.737,0.505,,0.4940000000000282,1.04200000000003,1.0960000000000036,0.4819999999999709,0.2319999999999709,"{('cu', 'start'): 685.55, ('cu', 'h2dmalloc'): 685.61, ('cu', 'h2d'): 685.65, ('cu', 'workest'): 685.711, ('cu', 'compute'): 685.996, ('cu', 'copy'): 686.06, ('cu', 'pack'): 686.144, ('cu', 'd2h'): 686.319, ('gust', 'start'): 686.456, ('gust', 'h2d'): 686.55, ('gust', 'count'): 686.576, ('gust', 'scan'): 686.617, ('gust', 'expand'): 686.762, ('gust', 'sort'): 687.043, ('gust', 'reduce'): 687.238, ('gust', 'final'): 687.556, ('gust', 'pack'): 687.592, ('gust', 'd2h'): 687.671, ('merge', 'start'): 687.776, ('merge', 'h2d'): 687.879, ('merge', 'count'): 687.908, ('merge', 'scan'): 687.96, ('merge', 'expand'): 688.168, ('merge', 'merge'): 688.627, ('merge', 'final'): 688.795, ('merge', 'compact'): 688.949, ('merge', 'pack'): 688.975, ('merge', 'd2h'): 689.052, ('mrg2', 'start'): 689.147, ('mrg2', 'h2d'): 689.245, ('mrg2', 'count'): 689.272, ('mrg2', 'scan'): 689.311, ('mrg2', 'merge'): 689.522, ('mrg2', 'final'): 689.56, ('mrg2', 'compact'): 689.704, ('mrg2', 'pack'): 689.727, ('mrg2', 'd2h'): 689.804, ('mrg3', 'start'): 689.889, ('mrg3', 'h2d'): 689.991, ('mrg3', 'count'): 690.063, ('mrg3', 'scan'): 690.116, ('mrg3', 'merge'): 690.203, ('mrg3', 'pack'): 690.223, ('mrg3', 'd2h'): 690.299}",0.5081109702587128,0.3770591989858076
Highly sparse,bcsstk33,8738,591904,0.775223972597465,2569536,2569536,2569536,2569536,2569536,0.0,,0.15999999999996817,2.3090000000000828,0.17999999999994998,1.4909999999999854,2.649000000000001,4.601,,,,,10.438,21.59,4.652,5.346,,2.733000000000061,8.073999999999955,19.96199999999999,2.9689999999999372,3.9120000000000346,"{('cu', 'start'): 847.341, ('cu', 'h2dmalloc'): 847.396, ('cu', 'h2d'): 847.587, ('cu', 'workest'): 847.747, ('cu', 'compute'): 850.056, ('cu', 'copy'): 850.236, ('cu', 'pack'): 850.32, ('cu', 'd2h'): 851.811, ('gust', 'start'): 851.951, ('gust', 'h2d'): 853.048, ('gust', 'count'): 853.132, ('gust', 'scan'): 853.174, ('gust', 'expand'): 853.854, ('gust', 'sort'): 859.443, ('gust', 'reduce'): 860.027, ('gust', 'final'): 861.047, ('gust', 'pack'): 861.122, ('gust', 'd2h'): 862.024, ('merge', 'start'): 862.396, ('merge', 'h2d'): 862.766, ('merge', 'count'): 862.851, ('merge', 'scan'): 862.892, ('merge', 'expand'): 865.19, ('merge', 'merge'): 881.978, ('merge', 'final'): 882.298, ('merge', 'compact'): 882.656, ('merge', 'pack'): 882.728, ('merge', 'd2h'): 883.63, ('mrg2', 'start'): 883.994, ('mrg2', 'h2d'): 884.427, ('mrg2', 'count'): 884.536, ('mrg2', 'scan'): 884.576, ('mrg2', 'merge'): 886.91, ('mrg2', 'final'): 886.95, ('mrg2', 'compact'): 887.319, ('mrg2', 'pack'): 887.396, ('mrg2', 'd2h'): 888.299, ('mrg3', 'start'): 888.653, ('mrg3', 'h2d'): 888.89, ('mrg3', 'count'): 890.406, ('mrg3', 'scan'): 890.462, ('mrg3', 'merge'): 892.734, ('mrg3', 'pack'): 892.802, ('mrg3', 'd2h'): 893.701}",32.81728201545775,1.522217608313076
Highly sparse,bcsstm04,132,132,0.7575757575757576,132,132,132,132,132,0.0,,0.06500000000005457,0.15399999999999636,0.053999999999973625,0.024999999999977263,0.27300000000002456,0.48,,,,,0.432,0.37,0.323,0.276,,0.2940000000000964,0.2459999999999809,0.19700000000000273,0.15399999999999636,0.11000000000001364,"{('cu', 'start'): 669.85, ('cu', 'h2dmalloc'): 669.911, ('cu', 'h2d'): 669.925, ('cu', 'workest'): 669.99, ('cu', 'compute'): 670.144, ('cu', 'copy'): 670.198, ('cu', 'pack'): 670.219, ('cu', 'd2h'): 670.244, ('gust', 'start'): 670.339, ('gust', 'h2d'): 670.416, ('gust', 'count'): 670.439, ('gust', 'scan'): 670.476, ('gust', 'expand'): 670.497, ('gust', 'sort'): 670.543, ('gust', 'reduce'): 670.583, ('gust', 'final'): 670.642, ('gust', 'pack'): 670.662, ('gust', 'd2h'): 670.672, ('merge', 'start'): 670.777, ('merge', 'h2d'): 670.851, ('merge', 'count'): 670.872, ('merge', 'scan'): 670.909, ('merge', 'expand'): 670.93, ('merge', 'merge'): 670.961, ('merge', 'final'): 671.003, ('merge', 'compact'): 671.029, ('merge', 'pack'): 671.048, ('merge', 'd2h'): 671.058, ('mrg2', 'start'): 671.154, ('mrg2', 'h2d'): 671.227, ('mrg2', 'count'): 671.248, ('mrg2', 'scan'): 671.283, ('mrg2', 'merge'): 671.305, ('mrg2', 'final'): 671.339, ('mrg2', 'compact'): 671.363, ('mrg2', 'pack'): 671.381, ('mrg2', 'd2h'): 671.391, ('mrg3', 'start'): 671.483, ('mrg3', 'h2d'): 671.553, ('mrg3', 'count'): 671.575, ('mrg3', 'scan'): 671.623, ('mrg3', 'merge'): 671.645, ('mrg3', 'pack'): 671.663, ('mrg3', 'd2h'): 671.673}",0.0482748728245496,0.1580992005299777
Highly sparse,bcsstk15,3948,117816,0.7558750073139261,527688,527688,527688,527688,527688,0.0,,0.12599999999997635,0.7669999999999391,0.18900000000007822,0.6779999999999973,1.0819999999999936,2.162,,,,,2.674,3.273,1.691,1.545,,1.1730000000000018,1.86099999999999,2.4710000000000036,0.8840000000000146,0.7479999999999336,"{('cu', 'start'): 720.901, ('cu', 'h2dmalloc'): 720.961, ('cu', 'h2d'): 721.042, ('cu', 'workest'): 721.168, ('cu', 'compute'): 721.935, ('cu', 'copy'): 722.124, ('cu', 'pack'): 722.215, ('cu', 'd2h'): 722.893, ('gust', 'start'): 723.074, ('gust', 'h2d'): 723.216, ('gust', 'count'): 723.247, ('gust', 'scan'): 723.291, ('gust', 'expand'): 723.471, ('gust', 'sort'): 724.209, ('gust', 'reduce'): 724.417, ('gust', 'final'): 724.977, ('gust', 'pack'): 725.077, ('gust', 'd2h'): 725.422, ('merge', 'start'): 725.757, ('merge', 'h2d'): 725.899, ('merge', 'count'): 725.931, ('merge', 'scan'): 725.976, ('merge', 'expand'): 726.337, ('merge', 'merge'): 727.757, ('merge', 'final'): 727.973, ('merge', 'compact'): 728.278, ('merge', 'pack'): 728.37, ('merge', 'd2h'): 728.715, ('mrg2', 'start'): 729.038, ('mrg2', 'h2d'): 729.179, ('mrg2', 'count'): 729.21, ('mrg2', 'scan'): 729.254, ('mrg2', 'merge'): 729.632, ('mrg2', 'final'): 729.68, ('mrg2', 'compact'): 729.972, ('mrg2', 'pack'): 730.063, ('mrg2', 'd2h'): 730.407, ('mrg3', 'start'): 730.737, ('mrg3', 'h2d'): 730.874, ('mrg3', 'count'): 731.074, ('mrg3', 'scan'): 731.138, ('mrg3', 'merge'): 731.527, ('mrg3', 'pack'): 731.622, ('mrg3', 'd2h'): 731.967}",3.4469510428607464,0.4096991995349526
Highly sparse,bcsstm22,138,138,0.7246376811594203,138,138,138,138,138,0.0,,0.05599999999992633,0.1470000000000482,0.05899999999996908,0.026000000000067303,0.2619999999999436,0.468,,,,,0.428,0.365,0.324,0.274,,0.2819999999999254,0.2459999999999809,0.18499999999994543,0.16000000000008185,0.11099999999999,"{('cu', 'start'): 665.555, ('cu', 'h2dmalloc'): 665.618, ('cu', 'h2d'): 665.633, ('cu', 'workest'): 665.689, ('cu', 'compute'): 665.836, ('cu', 'copy'): 665.895, ('cu', 'pack'): 665.915, ('cu', 'd2h'): 665.941, ('gust', 'start'): 666.03, ('gust', 'h2d'): 666.105, ('gust', 'count'): 666.126, ('gust', 'scan'): 666.165, ('gust', 'expand'): 666.187, ('gust', 'sort'): 666.234, ('gust', 'reduce'): 666.273, ('gust', 'final'): 666.33, ('gust', 'pack'): 666.351, ('gust', 'd2h'): 666.361, ('merge', 'start'): 666.464, ('merge', 'h2d'): 666.547, ('merge', 'count'): 666.569, ('merge', 'scan'): 666.605, ('merge', 'expand'): 666.628, ('merge', 'merge'): 666.65, ('merge', 'final'): 666.688, ('merge', 'compact'): 666.713, ('merge', 'pack'): 666.732, ('merge', 'd2h'): 666.742, ('mrg2', 'start'): 666.836, ('mrg2', 'h2d'): 666.906, ('mrg2', 'count'): 666.927, ('mrg2', 'scan'): 666.963, ('mrg2', 'merge'): 666.989, ('mrg2', 'final'): 667.023, ('mrg2', 'compact'): 667.046, ('mrg2', 'pack'): 667.066, ('mrg2', 'd2h'): 667.076, ('mrg3', 'start'): 667.166, ('mrg3', 'h2d'): 667.235, ('mrg3', 'count'): 667.257, ('mrg3', 'scan'): 667.306, ('mrg3', 'merge'): 667.329, ('mrg3', 'pack'): 667.346, ('mrg3', 'd2h'): 667.356}",0.0497139990329742,0.1608736003749072
Highly sparse,bp_1600,822,4841,0.7164591732229859,23625,23625,23625,23625,23625,0.0,,0.057999999999992724,0.18600000000003547,0.05599999999992633,0.03999999999996362,0.2999999999999545,0.527,,,,,0.578,17.421,1.616,0.766,,0.31899999999996,0.375,17.230999999999995,1.419999999999959,0.5760000000000218,"{('cu', 'start'): 724.445, ('cu', 'h2dmalloc'): 724.504, ('cu', 'h2d'): 724.523, ('cu', 'workest'): 724.581, ('cu', 'compute'): 724.767, ('cu', 'copy'): 724.823, ('cu', 'pack'): 724.842, ('cu', 'd2h'): 724.882, ('gust', 'start'): 724.98, ('gust', 'h2d'): 725.061, ('gust', 'count'): 725.095, ('gust', 'scan'): 725.132, ('gust', 'expand'): 725.187, ('gust', 'sort'): 725.318, ('gust', 'reduce'): 725.361, ('gust', 'final'): 725.418, ('gust', 'pack'): 725.436, ('gust', 'd2h'): 725.469, ('merge', 'start'): 725.565, ('merge', 'h2d'): 725.643, ('merge', 'count'): 725.686, ('merge', 'scan'): 725.723, ('merge', 'expand'): 725.974, ('merge', 'merge'): 742.792, ('merge', 'final'): 742.831, ('merge', 'compact'): 742.856, ('merge', 'pack'): 742.874, ('merge', 'd2h'): 742.901, ('mrg2', 'start'): 742.992, ('mrg2', 'h2d'): 743.067, ('mrg2', 'count'): 743.101, ('mrg2', 'scan'): 743.145, ('mrg2', 'merge'): 744.411, ('mrg2', 'final'): 744.446, ('mrg2', 'compact'): 744.47, ('mrg2', 'pack'): 744.487, ('mrg2', 'd2h'): 744.513, ('mrg3', 'start'): 744.615, ('mrg3', 'h2d'): 744.697, ('mrg3', 'count'): 744.931, ('mrg3', 'scan'): 744.983, ('mrg3', 'merge'): 745.255, ('mrg3', 'pack'): 745.273, ('mrg3', 'd2h'): 745.299}",0.0767370220273733,0.2283680005697533
Highly sparse,bp_1400,822,4790,0.7089112662132002,23154,23154,23154,23154,23154,0.0,,0.05600000000004002,0.18200000000001637,0.05599999999992633,0.03899999999998727,0.2939999999999827,0.53,,,,,0.581,17.7,1.569,0.747,,0.3120000000000118,0.37999999999999545,17.504999999999995,1.3840000000000146,0.5660000000000309,"{('cu', 'start'): 691.274, ('cu', 'h2dmalloc'): 691.342, ('cu', 'h2d'): 691.361, ('cu', 'workest'): 691.417, ('cu', 'compute'): 691.599, ('cu', 'copy'): 691.655, ('cu', 'pack'): 691.673, ('cu', 'd2h'): 691.712, ('gust', 'start'): 691.813, ('gust', 'h2d'): 691.89, ('gust', 'count'): 691.924, ('gust', 'scan'): 691.964, ('gust', 'expand'): 692.018, ('gust', 'sort'): 692.15, ('gust', 'reduce'): 692.192, ('gust', 'final'): 692.249, ('gust', 'pack'): 692.27, ('gust', 'd2h'): 692.303, ('merge', 'start'): 692.401, ('merge', 'h2d'): 692.478, ('merge', 'count'): 692.511, ('merge', 'scan'): 692.548, ('merge', 'expand'): 692.8, ('merge', 'merge'): 709.903, ('merge', 'final'): 709.943, ('merge', 'compact'): 709.966, ('merge', 'pack'): 709.983, ('merge', 'd2h'): 710.008, ('mrg2', 'start'): 710.107, ('mrg2', 'h2d'): 710.182, ('mrg2', 'count'): 710.217, ('mrg2', 'scan'): 710.253, ('mrg2', 'merge'): 711.491, ('mrg2', 'final'): 711.525, ('mrg2', 'compact'): 711.548, ('mrg2', 'pack'): 711.566, ('mrg2', 'd2h'): 711.591, ('mrg3', 'start'): 711.681, ('mrg3', 'h2d'): 711.755, ('mrg3', 'count'): 711.981, ('mrg3', 'scan'): 712.034, ('mrg3', 'merge'): 712.302, ('mrg3', 'pack'): 712.321, ('mrg3', 'd2h'): 712.347}",0.0865249894559383,0.2599039996042848
Highly sparse,bp_1200,822,4726,0.6994393829068026,22313,22313,22313,22313,22313,0.0,,0.06100000000003547,0.17999999999994998,0.05700000000001637,0.038000000000010914,0.2980000000000018,0.515,,,,,0.596,17.994,1.615,0.771,,0.3170000000000073,0.3910000000000764,17.781999999999925,1.405999999999949,0.5720000000000027,"{('cu', 'start'): 741.431, ('cu', 'h2dmalloc'): 741.492, ('cu', 'h2d'): 741.51, ('cu', 'workest'): 741.571, ('cu', 'compute'): 741.751, ('cu', 'copy'): 741.808, ('cu', 'pack'): 741.827, ('cu', 'd2h'): 741.865, ('gust', 'start'): 741.954, ('gust', 'h2d'): 742.031, ('gust', 'count'): 742.072, ('gust', 'scan'): 742.112, ('gust', 'expand'): 742.167, ('gust', 'sort'): 742.298, ('gust', 'reduce'): 742.348, ('gust', 'final'): 742.404, ('gust', 'pack'): 742.422, ('gust', 'd2h'): 742.455, ('merge', 'start'): 742.555, ('merge', 'h2d'): 742.633, ('merge', 'count'): 742.669, ('merge', 'scan'): 742.705, ('merge', 'expand'): 742.958, ('merge', 'merge'): 760.312, ('merge', 'final'): 760.371, ('merge', 'compact'): 760.398, ('merge', 'pack'): 760.415, ('merge', 'd2h'): 760.439, ('mrg2', 'start'): 760.557, ('mrg2', 'h2d'): 760.644, ('mrg2', 'count'): 760.678, ('mrg2', 'scan'): 760.716, ('mrg2', 'merge'): 761.975, ('mrg2', 'final'): 762.009, ('mrg2', 'compact'): 762.032, ('mrg2', 'pack'): 762.05, ('mrg2', 'd2h'): 762.073, ('mrg3', 'start'): 762.179, ('mrg3', 'h2d'): 762.262, ('mrg3', 'count'): 762.489, ('mrg3', 'scan'): 762.548, ('mrg3', 'merge'): 762.815, ('mrg3', 'pack'): 762.834, ('mrg3', 'd2h'): 762.858}",0.0705299898982048,0.2494080004282295
Highly sparse,685_bus,685,3249,0.6924183494059353,9337,9337,9337,9337,9337,0.0,,0.06799999999998363,0.16099999999994452,0.06100000000003547,0.033999999999991815,0.2899999999999636,0.535,,,,,0.574,0.477,0.387,0.348,,0.31899999999996,0.3590000000000373,0.27899999999999636,0.19000000000005457,0.15999999999996817,"{('cu', 'start'): 687.833, ('cu', 'h2dmalloc'): 687.9, ('cu', 'h2d'): 687.917, ('cu', 'workest'): 687.985, ('cu', 'compute'): 688.146, ('cu', 'copy'): 688.207, ('cu', 'pack'): 688.236, ('cu', 'd2h'): 688.27, ('gust', 'start'): 688.377, ('gust', 'h2d'): 688.463, ('gust', 'count'): 688.491, ('gust', 'scan'): 688.541, ('gust', 'expand'): 688.569, ('gust', 'sort'): 688.69, ('gust', 'reduce'): 688.735, ('gust', 'final'): 688.8, ('gust', 'pack'): 688.822, ('gust', 'd2h'): 688.838, ('merge', 'start'): 688.959, ('merge', 'h2d'): 689.045, ('merge', 'count'): 689.073, ('merge', 'scan'): 689.113, ('merge', 'expand'): 689.153, ('merge', 'merge'): 689.231, ('merge', 'final'): 689.275, ('merge', 'compact'): 689.305, ('merge', 'pack'): 689.324, ('merge', 'd2h'): 689.341, ('mrg2', 'start'): 689.441, ('mrg2', 'h2d'): 689.524, ('mrg2', 'count'): 689.547, ('mrg2', 'scan'): 689.583, ('mrg2', 'merge'): 689.628, ('mrg2', 'final'): 689.663, ('mrg2', 'compact'): 689.69, ('mrg2', 'pack'): 689.714, ('mrg2', 'd2h'): 689.73, ('mrg3', 'start'): 689.834, ('mrg3', 'h2d'): 689.914, ('mrg3', 'count'): 689.951, ('mrg3', 'scan'): 690.012, ('mrg3', 'merge'): 690.055, ('mrg3', 'pack'): 690.074, ('mrg3', 'd2h'): 690.09}",0.0866700429469347,0.2071808009408414
Highly sparse,bp_1000,822,4661,0.6898195014237425,21373,21373,21373,21373,21373,0.0,,0.05700000000001637,0.17899999999997362,0.05599999999992633,0.03700000000003456,0.2919999999999163,0.508,,,,,0.595,17.552,1.571,0.737,,0.30999999999994543,0.39800000000002456,17.365999999999985,1.3780000000000427,0.5499999999999545,"{('cu', 'start'): 740.415, ('cu', 'h2dmalloc'): 740.477, ('cu', 'h2d'): 740.494, ('cu', 'workest'): 740.551, ('cu', 'compute'): 740.73, ('cu', 'copy'): 740.786, ('cu', 'pack'): 740.804, ('cu', 'd2h'): 740.841, ('gust', 'start'): 740.933, ('gust', 'h2d'): 741.01, ('gust', 'count'): 741.052, ('gust', 'scan'): 741.094, ('gust', 'expand'): 741.149, ('gust', 'sort'): 741.28, ('gust', 'reduce'): 741.323, ('gust', 'final'): 741.389, ('gust', 'pack'): 741.408, ('gust', 'd2h'): 741.438, ('merge', 'start'): 741.534, ('merge', 'h2d'): 741.612, ('merge', 'count'): 741.644, ('merge', 'scan'): 741.681, ('merge', 'expand'): 741.923, ('merge', 'merge'): 758.897, ('merge', 'final'): 758.937, ('merge', 'compact'): 758.96, ('merge', 'pack'): 758.978, ('merge', 'd2h'): 759.001, ('mrg2', 'start'): 759.093, ('mrg2', 'h2d'): 759.168, ('mrg2', 'count'): 759.2, ('mrg2', 'scan'): 759.242, ('mrg2', 'merge'): 760.472, ('mrg2', 'final'): 760.506, ('mrg2', 'compact'): 760.529, ('mrg2', 'pack'): 760.546, ('mrg2', 'd2h'): 760.569, ('mrg3', 'start'): 760.669, ('mrg3', 'h2d'): 760.745, ('mrg3', 'count'): 760.963, ('mrg3', 'scan'): 761.017, ('mrg3', 'merge'): 761.276, ('mrg3', 'pack'): 761.295, ('mrg3', 'd2h'): 761.318}",0.0828828196972608,0.2223936001770198
Highly sparse,494_bus,494,1666,0.6826861610582045,4062,4062,4062,4062,4062,0.0,,0.05999999999994543,0.16300000000001091,0.08000000000004093,0.02800000000002001,0.30299999999999727,0.522,,,,,0.516,0.414,0.354,0.3,,0.32399999999995543,0.32000000000005,0.2340000000000373,0.17799999999999727,0.12800000000004275,"{('cu', 'start'): 679.823, ('cu', 'h2dmalloc'): 679.886, ('cu', 'h2d'): 679.903, ('cu', 'workest'): 679.963, ('cu', 'compute'): 680.126, ('cu', 'copy'): 680.206, ('cu', 'pack'): 680.227, ('cu', 'd2h'): 680.255, ('gust', 'start'): 680.352, ('gust', 'h2d'): 680.438, ('gust', 'count'): 680.464, ('gust', 'scan'): 680.502, ('gust', 'expand'): 680.526, ('gust', 'sort'): 680.64, ('gust', 'reduce'): 680.683, ('gust', 'final'): 680.738, ('gust', 'pack'): 680.758, ('gust', 'd2h'): 680.77, ('merge', 'start'): 680.875, ('merge', 'h2d'): 680.957, ('merge', 'count'): 680.981, ('merge', 'scan'): 681.018, ('merge', 'expand'): 681.046, ('merge', 'merge'): 681.095, ('merge', 'final'): 681.137, ('merge', 'compact'): 681.174, ('merge', 'pack'): 681.191, ('merge', 'd2h'): 681.204, ('mrg2', 'start'): 681.296, ('mrg2', 'h2d'): 681.375, ('mrg2', 'count'): 681.397, ('mrg2', 'scan'): 681.435, ('mrg2', 'merge'): 681.477, ('mrg2', 'final'): 681.511, ('mrg2', 'compact'): 681.535, ('mrg2', 'pack'): 681.553, ('mrg2', 'd2h'): 681.565, ('mrg3', 'start'): 681.657, ('mrg3', 'h2d'): 681.732, ('mrg3', 'count'): 681.761, ('mrg3', 'scan'): 681.812, ('mrg3', 'merge'): 681.842, ('mrg3', 'pack'): 681.86, ('mrg3', 'd2h'): 681.872}",0.0658698845654726,0.2190015998668968
Highly sparse,bp_800,822,4534,0.6710237329876096,20224,20224,20224,20224,20224,0.0,,0.05700000000001637,0.19299999999998363,0.05600000000004002,0.03700000000003456,0.30600000000004,0.514,,,,,0.583,16.97,1.536,0.741,,0.32200000000000273,0.3870000000000573,16.774,1.3540000000000418,0.5550000000000637,"{('cu', 'start'): 716.235, ('cu', 'h2dmalloc'): 716.296, ('cu', 'h2d'): 716.313, ('cu', 'workest'): 716.37, ('cu', 'compute'): 716.563, ('cu', 'copy'): 716.619, ('cu', 'pack'): 716.635, ('cu', 'd2h'): 716.672, ('gust', 'start'): 716.757, ('gust', 'h2d'): 716.834, ('gust', 'count'): 716.867, ('gust', 'scan'): 716.92, ('gust', 'expand'): 716.974, ('gust', 'sort'): 717.106, ('gust', 'reduce'): 717.148, ('gust', 'final'): 717.202, ('gust', 'pack'): 717.221, ('gust', 'd2h'): 717.251, ('merge', 'start'): 717.347, ('merge', 'h2d'): 717.425, ('merge', 'count'): 717.46, ('merge', 'scan'): 717.496, ('merge', 'expand'): 717.735, ('merge', 'merge'): 734.119, ('merge', 'final'): 734.159, ('merge', 'compact'): 734.181, ('merge', 'pack'): 734.199, ('merge', 'd2h'): 734.222, ('mrg2', 'start'): 734.324, ('mrg2', 'h2d'): 734.399, ('mrg2', 'count'): 734.431, ('mrg2', 'scan'): 734.475, ('mrg2', 'merge'): 735.678, ('mrg2', 'final'): 735.713, ('mrg2', 'compact'): 735.736, ('mrg2', 'pack'): 735.753, ('mrg2', 'd2h'): 735.776, ('mrg3', 'start'): 735.867, ('mrg3', 'h2d'): 735.948, ('mrg3', 'count'): 736.172, ('mrg3', 'scan'): 736.225, ('mrg3', 'merge'): 736.485, ('mrg3', 'pack'): 736.503, ('mrg3', 'd2h'): 736.527}",0.0919150188565254,0.2189887996064499
Highly sparse,bcsstm05,153,153,0.6535947712418301,153,153,153,153,153,0.0,,0.06200000000001182,0.16899999999998272,0.06100000000003547,0.02800000000002001,0.29200000000003,0.537,,,,,0.484,0.398,0.389,0.313,,0.3160000000000309,0.27099999999995816,0.20299999999997453,0.17999999999994998,0.12599999999997635,"{('cu', 'start'): 695.067, ('cu', 'h2dmalloc'): 695.132, ('cu', 'h2d'): 695.149, ('cu', 'workest'): 695.211, ('cu', 'compute'): 695.38, ('cu', 'copy'): 695.441, ('cu', 'pack'): 695.465, ('cu', 'd2h'): 695.493, ('gust', 'start'): 695.613, ('gust', 'h2d'): 695.702, ('gust', 'count'): 695.727, ('gust', 'scan'): 695.77, ('gust', 'expand'): 695.795, ('gust', 'sort'): 695.843, ('gust', 'reduce'): 695.886, ('gust', 'final'): 695.95, ('gust', 'pack'): 695.973, ('gust', 'd2h'): 695.984, ('merge', 'start'): 696.104, ('merge', 'h2d'): 696.183, ('merge', 'count'): 696.208, ('merge', 'scan'): 696.247, ('merge', 'expand'): 696.273, ('merge', 'merge'): 696.296, ('merge', 'final'): 696.338, ('merge', 'compact'): 696.366, ('merge', 'pack'): 696.386, ('merge', 'd2h'): 696.398, ('mrg2', 'start'): 696.51, ('mrg2', 'h2d'): 696.604, ('mrg2', 'count'): 696.63, ('mrg2', 'scan'): 696.67, ('mrg2', 'merge'): 696.697, ('mrg2', 'final'): 696.733, ('mrg2', 'compact'): 696.761, ('mrg2', 'pack'): 696.784, ('mrg2', 'd2h'): 696.798, ('mrg3', 'start'): 696.906, ('mrg3', 'h2d'): 696.979, ('mrg3', 'count'): 697.005, ('mrg3', 'scan'): 697.059, ('mrg3', 'merge'): 697.085, ('mrg3', 'pack'): 697.105, ('mrg3', 'd2h'): 697.117}",0.0309250317513942,0.1379135997733101
Highly sparse,bp_600,822,4172,0.6174483930357978,16464,16464,16464,16464,16464,0.0,,0.057999999999992724,0.17899999999997362,0.05700000000001637,0.033999999999991815,0.2939999999999827,0.504,,,,,0.56,16.489,1.514,0.721,,0.31100000000003547,0.36099999999999,16.302999999999997,1.3259999999999081,0.5430000000000064,"{('cu', 'start'): 743.161, ('cu', 'h2dmalloc'): 743.224, ('cu', 'h2d'): 743.24, ('cu', 'workest'): 743.298, ('cu', 'compute'): 743.477, ('cu', 'copy'): 743.534, ('cu', 'pack'): 743.551, ('cu', 'd2h'): 743.585, ('gust', 'start'): 743.675, ('gust', 'h2d'): 743.755, ('gust', 'count'): 743.788, ('gust', 'scan'): 743.825, ('gust', 'expand'): 743.872, ('gust', 'sort'): 743.992, ('gust', 'reduce'): 744.043, ('gust', 'final'): 744.098, ('gust', 'pack'): 744.116, ('gust', 'd2h'): 744.142, ('merge', 'start'): 744.24, ('merge', 'h2d'): 744.318, ('merge', 'count'): 744.352, ('merge', 'scan'): 744.387, ('merge', 'expand'): 744.606, ('merge', 'merge'): 760.538, ('merge', 'final'): 760.58, ('merge', 'compact'): 760.603, ('merge', 'pack'): 760.621, ('merge', 'd2h'): 760.64, ('mrg2', 'start'): 760.74, ('mrg2', 'h2d'): 760.82, ('mrg2', 'count'): 760.851, ('mrg2', 'scan'): 760.888, ('mrg2', 'merge'): 762.072, ('mrg2', 'final'): 762.107, ('mrg2', 'compact'): 762.129, ('mrg2', 'pack'): 762.146, ('mrg2', 'd2h'): 762.166, ('mrg3', 'start'): 762.26, ('mrg3', 'h2d'): 762.336, ('mrg3', 'count'): 762.555, ('mrg3', 'scan'): 762.606, ('mrg3', 'merge'): 762.861, ('mrg3', 'pack'): 762.879, ('mrg3', 'd2h'): 762.899}",0.0918600708246231,0.245164800575003
Highly sparse,bp_400,822,4028,0.596136655596403,15238,15238,15238,15238,15238,0.0,,0.05700000000001637,0.19299999999998363,0.06700000000000728,0.035000000000081855,0.3170000000000073,0.536,,,,,0.561,15.307,1.452,0.709,,0.33600000000001273,0.36099999999999,15.115999999999985,1.2659999999999627,0.52800000000002,"{('cu', 'start'): 719.474, ('cu', 'h2dmalloc'): 719.537, ('cu', 'h2d'): 719.555, ('cu', 'workest'): 719.612, ('cu', 'compute'): 719.805, ('cu', 'copy'): 719.872, ('cu', 'pack'): 719.891, ('cu', 'd2h'): 719.926, ('gust', 'start'): 720.019, ('gust', 'h2d'): 720.1, ('gust', 'count'): 720.134, ('gust', 'scan'): 720.171, ('gust', 'expand'): 720.22, ('gust', 'sort'): 720.342, ('gust', 'reduce'): 720.384, ('gust', 'final'): 720.44, ('gust', 'pack'): 720.461, ('gust', 'd2h'): 720.49, ('merge', 'start'): 720.586, ('merge', 'h2d'): 720.663, ('merge', 'count'): 720.699, ('merge', 'scan'): 720.734, ('merge', 'expand'): 720.949, ('merge', 'merge'): 735.697, ('merge', 'final'): 735.737, ('merge', 'compact'): 735.762, ('merge', 'pack'): 735.779, ('merge', 'd2h'): 735.799, ('mrg2', 'start'): 735.901, ('mrg2', 'h2d'): 735.979, ('mrg2', 'count'): 736.011, ('mrg2', 'scan'): 736.047, ('mrg2', 'merge'): 737.169, ('mrg2', 'final'): 737.204, ('mrg2', 'compact'): 737.227, ('mrg2', 'pack'): 737.245, ('mrg2', 'd2h'): 737.265, ('mrg3', 'start'): 737.359, ('mrg3', 'h2d'): 737.435, ('mrg3', 'count'): 737.646, ('mrg3', 'scan'): 737.697, ('mrg3', 'merge'): 737.944, ('mrg3', 'pack'): 737.963, ('mrg3', 'd2h'): 737.983}",0.0724690034985542,0.243827200261876
Highly sparse,662_bus,662,2474,0.5645256980129791,6480,6480,6480,6480,6480,0.0,,0.059000000000082764,0.16399999999998727,0.05700000000001637,0.02800000000002001,0.2800000000000864,0.493,,,,,0.537,0.419,0.375,0.325,,0.30100000000004457,0.33600000000001273,0.22900000000004184,0.19299999999998363,0.1450000000000955,"{('cu', 'start'): 671.394, ('cu', 'h2dmalloc'): 671.456, ('cu', 'h2d'): 671.478, ('cu', 'workest'): 671.537, ('cu', 'compute'): 671.701, ('cu', 'copy'): 671.758, ('cu', 'pack'): 671.779, ('cu', 'd2h'): 671.807, ('gust', 'start'): 671.896, ('gust', 'h2d'): 671.982, ('gust', 'count'): 672.015, ('gust', 'scan'): 672.055, ('gust', 'expand'): 672.082, ('gust', 'sort'): 672.201, ('gust', 'reduce'): 672.243, ('gust', 'final'): 672.297, ('gust', 'pack'): 672.318, ('gust', 'd2h'): 672.332, ('merge', 'start'): 672.441, ('merge', 'h2d'): 672.531, ('merge', 'count'): 672.555, ('merge', 'scan'): 672.592, ('merge', 'expand'): 672.621, ('merge', 'merge'): 672.675, ('merge', 'final'): 672.716, ('merge', 'compact'): 672.741, ('merge', 'pack'): 672.76, ('merge', 'd2h'): 672.774, ('mrg2', 'start'): 672.867, ('mrg2', 'h2d'): 672.945, ('mrg2', 'count'): 672.97, ('mrg2', 'scan'): 673.015, ('mrg2', 'merge'): 673.056, ('mrg2', 'final'): 673.094, ('mrg2', 'compact'): 673.12, ('mrg2', 'pack'): 673.138, ('mrg2', 'd2h'): 673.153, ('mrg3', 'start'): 673.247, ('mrg3', 'h2d'): 673.329, ('mrg3', 'count'): 673.361, ('mrg3', 'scan'): 673.414, ('mrg3', 'merge'): 673.452, ('mrg3', 'pack'): 673.474, ('mrg3', 'd2h'): 673.488}",0.0783491414040327,0.2042016010498628
Highly sparse,bp_200,822,3802,0.5626890676706863,13197,13197,13197,13197,13197,0.0,,0.05600000000004002,0.18600000000003547,0.05700000000001637,0.03300000000001546,0.29900000000009186,0.507,,,,,0.56,13.95,1.278,0.663,,0.3180000000000973,0.36599999999998545,13.753999999999905,1.0990000000000464,0.4900000000000091,"{('cu', 'start'): 694.684, ('cu', 'h2dmalloc'): 694.745, ('cu', 'h2d'): 694.762, ('cu', 'workest'): 694.818, ('cu', 'compute'): 695.004, ('cu', 'copy'): 695.061, ('cu', 'pack'): 695.08, ('cu', 'd2h'): 695.113, ('gust', 'start'): 695.201, ('gust', 'h2d'): 695.278, ('gust', 'count'): 695.31, ('gust', 'scan'): 695.356, ('gust', 'expand'): 695.402, ('gust', 'sort'): 695.526, ('gust', 'reduce'): 695.569, ('gust', 'final'): 695.622, ('gust', 'pack'): 695.644, ('gust', 'd2h'): 695.669, ('merge', 'start'): 695.767, ('merge', 'h2d'): 695.844, ('merge', 'count'): 695.875, ('merge', 'scan'): 695.91, ('merge', 'expand'): 696.098, ('merge', 'merge'): 709.516, ('merge', 'final'): 709.556, ('merge', 'compact'): 709.58, ('merge', 'pack'): 709.598, ('merge', 'd2h'): 709.617, ('mrg2', 'start'): 709.724, ('mrg2', 'h2d'): 709.8, ('mrg2', 'count'): 709.831, ('mrg2', 'scan'): 709.868, ('mrg2', 'merge'): 710.824, ('mrg2', 'final'): 710.858, ('mrg2', 'compact'): 710.881, ('mrg2', 'pack'): 710.899, ('mrg2', 'd2h'): 710.917, ('mrg3', 'start'): 711.007, ('mrg3', 'h2d'): 711.08, ('mrg3', 'count'): 711.268, ('mrg3', 'scan'): 711.323, ('mrg3', 'merge'): 711.551, ('mrg3', 'pack'): 711.57, ('mrg3', 'd2h'): 711.589}",0.0915199052542448,0.2367583992891013
Highly sparse,bcsstm13,2003,21943,0.5469329704893483,90811,90811,90811,90811,90811,0.0,,0.05800000000010641,0.3529999999999518,0.06399999999996453,0.17099999999993543,0.47500000000002274,0.845,,,,,1.37,2.961,0.936,0.584,,0.49700000000007094,1.1079999999999472,2.7029999999999745,0.6800000000000637,0.3350000000000364,"{('cu', 'start'): 697.435, ('cu', 'h2dmalloc'): 697.503, ('cu', 'h2d'): 697.536, ('cu', 'workest'): 697.594, ('cu', 'compute'): 697.947, ('cu', 'copy'): 698.011, ('cu', 'pack'): 698.033, ('cu', 'd2h'): 698.204, ('gust', 'start'): 698.291, ('gust', 'h2d'): 698.384, ('gust', 'count'): 698.416, ('gust', 'scan'): 698.457, ('gust', 'expand'): 698.629, ('gust', 'sort'): 698.957, ('gust', 'reduce'): 699.133, ('gust', 'final'): 699.447, ('gust', 'pack'): 699.492, ('gust', 'd2h'): 699.568, ('merge', 'start'): 699.669, ('merge', 'h2d'): 699.765, ('merge', 'count'): 699.798, ('merge', 'scan'): 699.839, ('merge', 'expand'): 700.254, ('merge', 'merge'): 702.129, ('merge', 'final'): 702.3, ('merge', 'compact'): 702.445, ('merge', 'pack'): 702.468, ('merge', 'd2h'): 702.546, ('mrg2', 'start'): 702.639, ('mrg2', 'h2d'): 702.733, ('mrg2', 'count'): 702.759, ('mrg2', 'scan'): 702.799, ('mrg2', 'merge'): 703.204, ('mrg2', 'final'): 703.243, ('mrg2', 'compact'): 703.388, ('mrg2', 'pack'): 703.413, ('mrg2', 'd2h'): 703.49, ('mrg3', 'start'): 703.58, ('mrg3', 'h2d'): 703.669, ('mrg3', 'count'): 703.784, ('mrg3', 'scan'): 703.838, ('mrg3', 'merge'): 703.984, ('mrg3', 'pack'): 704.004, ('mrg3', 'd2h'): 704.08}",0.5536598619073629,0.3696928007295355
Highly sparse,bp_0,822,3276,0.4848420267462305,9384,9384,9384,9384,9384,0.0,,0.055000000000063665,0.18200000000001637,0.05700000000001637,0.031000000000062755,0.2940000000000964,0.503,,,,,0.547,11.356,1.164,0.666,,0.3129999999999882,0.35599999999999454,11.17100000000005,0.9869999999999663,0.4840000000000373,"{('cu', 'start'): 703.021, ('cu', 'h2dmalloc'): 703.081, ('cu', 'h2d'): 703.098, ('cu', 'workest'): 703.153, ('cu', 'compute'): 703.335, ('cu', 'copy'): 703.392, ('cu', 'pack'): 703.411, ('cu', 'd2h'): 703.442, ('gust', 'start'): 703.533, ('gust', 'h2d'): 703.611, ('gust', 'count'): 703.642, ('gust', 'scan'): 703.691, ('gust', 'expand'): 703.734, ('gust', 'sort'): 703.852, ('gust', 'reduce'): 703.895, ('gust', 'final'): 703.948, ('gust', 'pack'): 703.967, ('gust', 'd2h'): 703.982, ('merge', 'start'): 704.085, ('merge', 'h2d'): 704.161, ('merge', 'count'): 704.194, ('merge', 'scan'): 704.23, ('merge', 'expand'): 704.401, ('merge', 'merge'): 715.247, ('merge', 'final'): 715.29, ('merge', 'compact'): 715.314, ('merge', 'pack'): 715.332, ('merge', 'd2h'): 715.347, ('mrg2', 'start'): 715.448, ('mrg2', 'h2d'): 715.523, ('mrg2', 'count'): 715.555, ('mrg2', 'scan'): 715.591, ('mrg2', 'merge'): 716.435, ('mrg2', 'final'): 716.471, ('mrg2', 'compact'): 716.493, ('mrg2', 'pack'): 716.51, ('mrg2', 'd2h'): 716.526, ('mrg3', 'start'): 716.618, ('mrg3', 'h2d'): 716.692, ('mrg3', 'count'): 716.884, ('mrg3', 'scan'): 716.936, ('mrg3', 'merge'): 717.157, ('mrg3', 'pack'): 717.176, ('mrg3', 'd2h'): 717.192}",0.0745928846299648,0.2355391990160569
Highly sparse,bcsstk23,3134,45178,0.45996948062076437,220632,220632,220632,220632,220632,0.0,,0.06299999999998818,0.33600000000001273,0.12999999999999545,0.33400000000006,0.5289999999999964,1.205,,,,,1.757,1.894,1.149,0.902,,0.6269999999999527,1.25100000000009,1.4060000000000628,0.6649999999999636,0.4089999999999918,"{('cu', 'start'): 701.508, ('cu', 'h2dmalloc'): 701.566, ('cu', 'h2d'): 701.615, ('cu', 'workest'): 701.678, ('cu', 'compute'): 702.014, ('cu', 'copy'): 702.144, ('cu', 'pack'): 702.242, ('cu', 'd2h'): 702.576, ('gust', 'start'): 702.722, ('gust', 'h2d'): 702.829, ('gust', 'count'): 702.853, ('gust', 'scan'): 702.896, ('gust', 'expand'): 703.071, ('gust', 'sort'): 703.4, ('gust', 'reduce'): 703.581, ('gust', 'final'): 703.98, ('gust', 'pack'): 704.08, ('gust', 'd2h'): 704.262, ('merge', 'start'): 704.487, ('merge', 'h2d'): 704.593, ('merge', 'count'): 704.625, ('merge', 'scan'): 704.667, ('merge', 'expand'): 704.879, ('merge', 'merge'): 705.531, ('merge', 'final'): 705.705, ('merge', 'compact'): 705.911, ('merge', 'pack'): 705.999, ('merge', 'd2h'): 706.182, ('mrg2', 'start'): 706.388, ('mrg2', 'h2d'): 706.493, ('mrg2', 'count'): 706.521, ('mrg2', 'scan'): 706.562, ('mrg2', 'merge'): 706.799, ('mrg2', 'final'): 706.84, ('mrg2', 'compact'): 707.069, ('mrg2', 'pack'): 707.158, ('mrg2', 'd2h'): 707.338, ('mrg3', 'start'): 707.544, ('mrg3', 'h2d'): 707.649, ('mrg3', 'count'): 707.744, ('mrg3', 'scan'): 707.804, ('mrg3', 'merge'): 707.982, ('mrg3', 'pack'): 708.058, ('mrg3', 'd2h'): 708.241}",1.8119048327207563,0.2884863997576758
Highly sparse,bcsstk17,10974,428650,0.35593682023042417,1406936,1406936,1406936,1406936,1406936,0.0,,0.14800000000002456,1.7849999999999682,0.16099999999994452,0.8100000000000591,2.0939999999999372,3.297,,,,,5.335,10.77,2.291,2.679,,2.1609999999999445,4.1030000000000655,9.589999999999918,1.3740000000000236,1.8029999999999973,"{('cu', 'start'): 808.849, ('cu', 'h2dmalloc'): 808.921, ('cu', 'h2d'): 809.067, ('cu', 'workest'): 809.215, ('cu', 'compute'): 811.0, ('cu', 'copy'): 811.161, ('cu', 'pack'): 811.228, ('cu', 'd2h'): 812.038, ('gust', 'start'): 812.153, ('gust', 'h2d'): 812.674, ('gust', 'count'): 812.758, ('gust', 'scan'): 812.799, ('gust', 'expand'): 813.118, ('gust', 'sort'): 815.779, ('gust', 'reduce'): 816.134, ('gust', 'final'): 816.707, ('gust', 'pack'): 816.777, ('gust', 'd2h'): 817.192, ('merge', 'start'): 817.493, ('merge', 'h2d'): 817.94, ('merge', 'count'): 818.055, ('merge', 'scan'): 818.094, ('merge', 'expand'): 819.281, ('merge', 'merge'): 826.989, ('merge', 'final'): 827.193, ('merge', 'compact'): 827.46, ('merge', 'pack'): 827.53, ('merge', 'd2h'): 827.964, ('mrg2', 'start'): 828.269, ('mrg2', 'h2d'): 828.496, ('mrg2', 'count'): 828.577, ('mrg2', 'scan'): 828.617, ('mrg2', 'merge'): 829.51, ('mrg2', 'final'): 829.547, ('mrg2', 'compact'): 829.802, ('mrg2', 'pack'): 829.87, ('mrg2', 'd2h'): 830.291, ('mrg3', 'start'): 830.567, ('mrg3', 'h2d'): 830.773, ('mrg3', 'count'): 831.447, ('mrg3', 'scan'): 831.499, ('mrg3', 'merge'): 832.512, ('mrg3', 'pack'): 832.576, ('mrg3', 'd2h'): 832.993}",63.72947292402387,0.7703167994040996
Highly sparse,blckhole,2132,14872,0.3271861986912552,41546,41546,41546,41546,41546,0.0,,0.057999999999992724,0.24700000000007094,0.06299999999998818,0.125,0.36800000000005184,0.675,,,,,0.838,0.702,0.416,0.405,,0.38900000000001,0.55600000000004,0.4920000000000755,0.20699999999999363,0.18799999999998818,"{('cu', 'start'): 677.172, ('cu', 'h2dmalloc'): 677.233, ('cu', 'h2d'): 677.26, ('cu', 'workest'): 677.318, ('cu', 'compute'): 677.565, ('cu', 'copy'): 677.628, ('cu', 'pack'): 677.649, ('cu', 'd2h'): 677.774, ('gust', 'start'): 677.856, ('gust', 'h2d'): 677.949, ('gust', 'count'): 677.975, ('gust', 'scan'): 678.016, ('gust', 'expand'): 678.046, ('gust', 'sort'): 678.307, ('gust', 'reduce'): 678.413, ('gust', 'final'): 678.475, ('gust', 'pack'): 678.505, ('gust', 'd2h'): 678.546, ('merge', 'start'): 678.701, ('merge', 'h2d'): 678.786, ('merge', 'count'): 678.815, ('merge', 'scan'): 678.854, ('merge', 'expand'): 678.898, ('merge', 'merge'): 679.12, ('merge', 'final'): 679.164, ('merge', 'compact'): 679.255, ('merge', 'pack'): 679.278, ('merge', 'd2h'): 679.318, ('mrg2', 'start'): 679.409, ('mrg2', 'h2d'): 679.492, ('mrg2', 'count'): 679.516, ('mrg2', 'scan'): 679.553, ('mrg2', 'merge'): 679.615, ('mrg2', 'final'): 679.651, ('mrg2', 'compact'): 679.681, ('mrg2', 'pack'): 679.699, ('mrg2', 'd2h'): 679.739, ('mrg3', 'start'): 679.832, ('mrg3', 'h2d'): 679.922, ('mrg3', 'count'): 679.974, ('mrg3', 'scan'): 680.029, ('mrg3', 'merge'): 680.09, ('mrg3', 'pack'): 680.11, ('mrg3', 'd2h'): 680.149}",0.5955719389021397,0.215507199941203
Highly sparse,bcsstk29,13992,619488,0.31642683346621986,1965686,1965686,1965686,1965686,1965686,0.0,,0.1510000000000673,2.405999999999949,0.17000000000007276,1.0439999999999827,2.727000000000089,4.211,,,,,7.368,11.223,3.111,3.094,,2.8040000000000873,6.072000000000003,9.149000000000001,1.6119999999999663,2.0190000000000055,"{('cu', 'start'): 814.08, ('cu', 'h2dmalloc'): 814.13, ('cu', 'h2d'): 814.329, ('cu', 'workest'): 814.48, ('cu', 'compute'): 816.886, ('cu', 'copy'): 817.056, ('cu', 'pack'): 817.133, ('cu', 'd2h'): 818.177, ('gust', 'start'): 818.299, ('gust', 'h2d'): 818.713, ('gust', 'count'): 818.789, ('gust', 'scan'): 818.827, ('gust', 'expand'): 819.323, ('gust', 'sort'): 823.508, ('gust', 'reduce'): 823.974, ('gust', 'final'): 824.697, ('gust', 'pack'): 824.785, ('gust', 'd2h'): 825.362, ('merge', 'start'): 825.673, ('merge', 'h2d'): 826.841, ('merge', 'count'): 826.974, ('merge', 'scan'): 827.01, ('merge', 'expand'): 828.528, ('merge', 'merge'): 835.331, ('merge', 'final'): 835.597, ('merge', 'compact'): 835.904, ('merge', 'pack'): 835.99, ('merge', 'd2h'): 836.597, ('mrg2', 'start'): 836.902, ('mrg2', 'h2d'): 837.543, ('mrg2', 'count'): 837.642, ('mrg2', 'scan'): 837.68, ('mrg2', 'merge'): 838.738, ('mrg2', 'final'): 838.775, ('mrg2', 'compact'): 839.071, ('mrg2', 'pack'): 839.155, ('mrg2', 'd2h'): 839.73, ('mrg3', 'start'): 840.019, ('mrg3', 'h2d'): 840.265, ('mrg3', 'count'): 841.027, ('mrg3', 'scan'): 841.078, ('mrg3', 'merge'): 842.203, ('mrg3', 'pack'): 842.284, ('mrg3', 'd2h'): 842.857}",137.12710910476744,0.9241728026885538
Highly sparse,1138_bus,1138,4054,0.31303955695713814,11142,11142,11142,11142,11142,0.0,,0.05599999999992633,0.18200000000001637,0.06000000000005912,0.033999999999991815,0.2980000000000018,0.518,,,,,0.517,0.464,0.372,0.335,,0.31899999999996,0.32200000000000273,0.28300000000001546,0.19399999999995998,0.15999999999996817,"{('cu', 'start'): 742.204, ('cu', 'h2dmalloc'): 742.264, ('cu', 'h2d'): 742.282, ('cu', 'workest'): 742.338, ('cu', 'compute'): 742.52, ('cu', 'copy'): 742.58, ('cu', 'pack'): 742.601, ('cu', 'd2h'): 742.635, ('gust', 'start'): 742.728, ('gust', 'h2d'): 742.81, ('gust', 'count'): 742.833, ('gust', 'scan'): 742.871, ('gust', 'expand'): 742.896, ('gust', 'sort'): 743.016, ('gust', 'reduce'): 743.059, ('gust', 'final'): 743.112, ('gust', 'pack'): 743.132, ('gust', 'd2h'): 743.156, ('merge', 'start'): 743.251, ('merge', 'h2d'): 743.329, ('merge', 'count'): 743.355, ('merge', 'scan'): 743.391, ('merge', 'expand'): 743.425, ('merge', 'merge'): 743.524, ('merge', 'final'): 743.565, ('merge', 'compact'): 743.592, ('merge', 'pack'): 743.612, ('merge', 'd2h'): 743.629, ('mrg2', 'start'): 743.722, ('mrg2', 'h2d'): 743.798, ('mrg2', 'count'): 743.821, ('mrg2', 'scan'): 743.856, ('mrg2', 'merge'): 743.914, ('mrg2', 'final'): 743.949, ('mrg2', 'compact'): 743.973, ('mrg2', 'pack'): 743.992, ('mrg2', 'd2h'): 744.01, ('mrg3', 'start'): 744.101, ('mrg3', 'h2d'): 744.174, ('mrg3', 'count'): 744.213, ('mrg3', 'scan'): 744.269, ('mrg3', 'merge'): 744.313, ('mrg3', 'pack'): 744.334, ('mrg3', 'd2h'): 744.352}",0.1128239091485738,0.2113856004318222
Highly sparse,bcspwr06,1454,5300,0.25069579909522466,14110,14110,14110,14110,14110,0.0,,0.07399999999995543,0.18000000000006366,0.06499999999994088,0.03600000000005821,0.31899999999996,0.57,,,,,0.591,0.481,0.406,0.381,,0.3429999999999609,0.36099999999999,0.27699999999992997,0.20600000000001728,0.17000000000007276,"{('cu', 'start'): 681.652, ('cu', 'h2dmalloc'): 681.718, ('cu', 'h2d'): 681.739, ('cu', 'workest'): 681.813, ('cu', 'compute'): 681.993, ('cu', 'copy'): 682.058, ('cu', 'pack'): 682.082, ('cu', 'd2h'): 682.118, ('gust', 'start'): 682.23, ('gust', 'h2d'): 682.315, ('gust', 'count'): 682.349, ('gust', 'scan'): 682.392, ('gust', 'expand'): 682.419, ('gust', 'sort'): 682.546, ('gust', 'reduce'): 682.592, ('gust', 'final'): 682.653, ('gust', 'pack'): 682.676, ('gust', 'd2h'): 682.703, ('merge', 'start'): 682.828, ('merge', 'h2d'): 682.912, ('merge', 'count'): 682.939, ('merge', 'scan'): 682.978, ('merge', 'expand'): 683.013, ('merge', 'merge'): 683.097, ('merge', 'final'): 683.141, ('merge', 'compact'): 683.17, ('merge', 'pack'): 683.189, ('merge', 'd2h'): 683.209, ('mrg2', 'start'): 683.317, ('mrg2', 'h2d'): 683.395, ('mrg2', 'count'): 683.421, ('mrg2', 'scan'): 683.459, ('mrg2', 'merge'): 683.516, ('mrg2', 'final'): 683.556, ('mrg2', 'compact'): 683.581, ('mrg2', 'pack'): 683.601, ('mrg2', 'd2h'): 683.621, ('mrg3', 'start'): 683.732, ('mrg3', 'h2d'): 683.819, ('mrg3', 'count'): 683.862, ('mrg3', 'scan'): 683.92, ('mrg3', 'merge'): 683.966, ('mrg3', 'pack'): 683.989, ('mrg3', 'd2h'): 684.008}",0.2413289621472358,0.208902399521321
Highly sparse,bcsstk30,28924,2043492,0.24426218412514641,8946070,8946070,8946070,8946070,8946070,0.0,,0.20299999999997453,7.704999999999927,0.2460000000000946,4.231999999999971,8.153999999999996,13.46,,,,,34.562,94.611,15.09,20.535,,8.222999999999956,30.238000000000056,89.96299999999997,11.076999999999998,16.138999999999896,"{('cu', 'start'): 1346.63, ('cu', 'h2dmalloc'): 1346.689, ('cu', 'h2d'): 1347.505, ('cu', 'workest'): 1347.708, ('cu', 'compute'): 1355.413, ('cu', 'copy'): 1355.659, ('cu', 'pack'): 1355.728, ('cu', 'd2h'): 1359.96, ('gust', 'start'): 1360.097, ('gust', 'h2d'): 1361.039, ('gust', 'count'): 1361.134, ('gust', 'scan'): 1361.173, ('gust', 'expand'): 1363.463, ('gust', 'sort'): 1386.712, ('gust', 'reduce'): 1388.649, ('gust', 'final'): 1391.2, ('gust', 'pack'): 1391.277, ('gust', 'd2h'): 1394.076, ('merge', 'start'): 1394.665, ('merge', 'h2d'): 1395.72, ('merge', 'count'): 1395.836, ('merge', 'scan'): 1395.876, ('merge', 'expand'): 1404.335, ('merge', 'merge'): 1483.797, ('merge', 'final'): 1484.779, ('merge', 'compact'): 1485.597, ('merge', 'pack'): 1485.683, ('merge', 'd2h'): 1488.789, ('mrg2', 'start'): 1489.284, ('mrg2', 'h2d'): 1490.289, ('mrg2', 'count'): 1490.404, ('mrg2', 'scan'): 1490.447, ('mrg2', 'merge'): 1500.151, ('mrg2', 'final'): 1500.194, ('mrg2', 'compact'): 1501.277, ('mrg2', 'pack'): 1501.366, ('mrg2', 'd2h'): 1503.987, ('mrg3', 'start'): 1504.381, ('mrg3', 'h2d'): 1505.833, ('mrg3', 'count'): 1512.203, ('mrg3', 'scan'): 1512.258, ('mrg3', 'merge'): 1521.903, ('mrg3', 'pack'): 1521.972, ('mrg3', 'd2h'): 1524.62}",1181.0736348852515,2.373577618901618
Highly sparse,bcsstm06,420,420,0.2380952380952381,420,420,420,420,420,0.0,,0.05700000000001637,0.16499999999996362,0.057999999999992724,0.02500000000009095,0.2799999999999727,0.49,,,,,0.448,0.375,0.333,0.285,,0.3009999999999309,0.2560000000000855,0.19500000000005002,0.15899999999999181,0.1169999999999618,"{('cu', 'start'): 679.959, ('cu', 'h2dmalloc'): 680.021, ('cu', 'h2d'): 680.037, ('cu', 'workest'): 680.094, ('cu', 'compute'): 680.259, ('cu', 'copy'): 680.317, ('cu', 'pack'): 680.338, ('cu', 'd2h'): 680.363, ('gust', 'start'): 680.458, ('gust', 'h2d'): 680.536, ('gust', 'count'): 680.557, ('gust', 'scan'): 680.597, ('gust', 'expand'): 680.62, ('gust', 'sort'): 680.666, ('gust', 'reduce'): 680.707, ('gust', 'final'): 680.762, ('gust', 'pack'): 680.792, ('gust', 'd2h'): 680.802, ('merge', 'start'): 680.912, ('merge', 'h2d'): 680.992, ('merge', 'count'): 681.015, ('merge', 'scan'): 681.051, ('merge', 'expand'): 681.074, ('merge', 'merge'): 681.096, ('merge', 'final'): 681.135, ('merge', 'compact'): 681.161, ('merge', 'pack'): 681.187, ('merge', 'd2h'): 681.198, ('mrg2', 'start'): 681.294, ('mrg2', 'h2d'): 681.372, ('mrg2', 'count'): 681.394, ('mrg2', 'scan'): 681.429, ('mrg2', 'merge'): 681.454, ('mrg2', 'final'): 681.487, ('mrg2', 'compact'): 681.511, ('mrg2', 'pack'): 681.531, ('mrg2', 'd2h'): 681.541, ('mrg3', 'start'): 681.633, ('mrg3', 'h2d'): 681.705, ('mrg3', 'count'): 681.729, ('mrg3', 'scan'): 681.78, ('mrg3', 'merge'): 681.804, ('mrg3', 'pack'): 681.822, ('mrg3', 'd2h'): 681.832}",0.0377290416508913,0.1614272002596408
Highly sparse,bcspwr08,1624,6050,0.22939467106699993,16916,16916,16916,16916,16916,0.0,,0.057999999999992724,0.16399999999998727,0.057999999999992724,0.03599999999994452,0.2799999999999727,0.512,,,,,0.533,0.458,0.367,0.344,,0.30299999999999727,0.33299999999997,0.2599999999999909,0.18499999999994543,0.15899999999999181,"{('cu', 'start'): 686.217, ('cu', 'h2dmalloc'): 686.28, ('cu', 'h2d'): 686.306, ('cu', 'workest'): 686.364, ('cu', 'compute'): 686.528, ('cu', 'copy'): 686.586, ('cu', 'pack'): 686.609, ('cu', 'd2h'): 686.645, ('gust', 'start'): 686.741, ('gust', 'h2d'): 686.822, ('gust', 'count'): 686.846, ('gust', 'scan'): 686.884, ('gust', 'expand'): 686.909, ('gust', 'sort'): 687.038, ('gust', 'reduce'): 687.08, ('gust', 'final'): 687.136, ('gust', 'pack'): 687.155, ('gust', 'd2h'): 687.183, ('merge', 'start'): 687.28, ('merge', 'h2d'): 687.372, ('merge', 'count'): 687.4, ('merge', 'scan'): 687.436, ('merge', 'expand'): 687.468, ('merge', 'merge'): 687.549, ('merge', 'final'): 687.587, ('merge', 'compact'): 687.614, ('merge', 'pack'): 687.632, ('merge', 'd2h'): 687.653, ('mrg2', 'start'): 687.744, ('mrg2', 'h2d'): 687.82, ('mrg2', 'count'): 687.842, ('mrg2', 'scan'): 687.878, ('mrg2', 'merge'): 687.928, ('mrg2', 'final'): 687.963, ('mrg2', 'compact'): 687.987, ('mrg2', 'pack'): 688.005, ('mrg2', 'd2h'): 688.026, ('mrg3', 'start'): 688.118, ('mrg3', 'h2d'): 688.194, ('mrg3', 'count'): 688.232, ('mrg3', 'scan'): 688.29, ('mrg3', 'merge'): 688.333, ('mrg3', 'pack'): 688.353, ('mrg3', 'd2h'): 688.373}",0.289177056401968,0.2115743995411321
Highly sparse,bcspwr07,1612,5824,0.22412551028576003,15684,15684,15684,15684,15684,0.0,,0.05700000000001637,0.16899999999998272,0.05999999999994543,0.03599999999994452,0.2859999999999445,0.504,,,,,0.534,0.451,0.384,0.344,,0.30600000000004,0.33400000000006,0.2620000000000573,0.20199999999999818,0.16399999999998727,"{('cu', 'start'): 668.726, ('cu', 'h2dmalloc'): 668.788, ('cu', 'h2d'): 668.807, ('cu', 'workest'): 668.864, ('cu', 'compute'): 669.033, ('cu', 'copy'): 669.093, ('cu', 'pack'): 669.113, ('cu', 'd2h'): 669.149, ('gust', 'start'): 669.239, ('gust', 'h2d'): 669.318, ('gust', 'count'): 669.34, ('gust', 'scan'): 669.377, ('gust', 'expand'): 669.403, ('gust', 'sort'): 669.532, ('gust', 'reduce'): 669.575, ('gust', 'final'): 669.632, ('gust', 'pack'): 669.652, ('gust', 'd2h'): 669.68, ('merge', 'start'): 669.779, ('merge', 'h2d'): 669.861, ('merge', 'count'): 669.888, ('merge', 'scan'): 669.923, ('merge', 'expand'): 669.957, ('merge', 'merge'): 670.039, ('merge', 'final'): 670.079, ('merge', 'compact'): 670.105, ('merge', 'pack'): 670.123, ('merge', 'd2h'): 670.145, ('mrg2', 'start'): 670.236, ('mrg2', 'h2d'): 670.312, ('mrg2', 'count'): 670.335, ('mrg2', 'scan'): 670.372, ('mrg2', 'merge'): 670.423, ('mrg2', 'final'): 670.469, ('mrg2', 'compact'): 670.496, ('mrg2', 'pack'): 670.514, ('mrg2', 'd2h'): 670.535, ('mrg3', 'start'): 670.626, ('mrg3', 'h2d'): 670.702, ('mrg3', 'count'): 670.746, ('mrg3', 'scan'): 670.799, ('mrg3', 'merge'): 670.847, ('mrg3', 'pack'): 670.866, ('mrg3', 'd2h'): 670.887}",0.2732500433921814,0.2060608003055676
Highly sparse,bcspwr09,1723,6511,0.21931944613334525,18485,18485,18485,18485,18485,0.0,,0.05600000000004002,0.16499999999996362,0.05700000000001637,0.036999999999920874,0.27800000000002,0.499,,,,,0.549,0.464,0.397,0.337,,0.3000000000000682,0.3450000000000273,0.2720000000000482,0.2099999999999227,0.15300000000002,"{('cu', 'start'): 670.433, ('cu', 'h2dmalloc'): 670.495, ('cu', 'h2d'): 670.515, ('cu', 'workest'): 670.571, ('cu', 'compute'): 670.736, ('cu', 'copy'): 670.793, ('cu', 'pack'): 670.815, ('cu', 'd2h'): 670.852, ('gust', 'start'): 670.939, ('gust', 'h2d'): 671.021, ('gust', 'count'): 671.046, ('gust', 'scan'): 671.084, ('gust', 'expand'): 671.118, ('gust', 'sort'): 671.247, ('gust', 'reduce'): 671.29, ('gust', 'final'): 671.346, ('gust', 'pack'): 671.366, ('gust', 'd2h'): 671.396, ('merge', 'start'): 671.495, ('merge', 'h2d'): 671.578, ('merge', 'count'): 671.605, ('merge', 'scan'): 671.642, ('merge', 'expand'): 671.674, ('merge', 'merge'): 671.763, ('merge', 'final'): 671.802, ('merge', 'compact'): 671.832, ('merge', 'pack'): 671.85, ('merge', 'd2h'): 671.874, ('mrg2', 'start'): 671.966, ('mrg2', 'h2d'): 672.042, ('mrg2', 'count'): 672.065, ('mrg2', 'scan'): 672.117, ('mrg2', 'merge'): 672.17, ('mrg2', 'final'): 672.207, ('mrg2', 'compact'): 672.232, ('mrg2', 'pack'): 672.252, ('mrg2', 'd2h'): 672.276, ('mrg3', 'start'): 672.369, ('mrg3', 'h2d'): 672.446, ('mrg3', 'count'): 672.485, ('mrg3', 'scan'): 672.538, ('mrg3', 'merge'): 672.58, ('mrg3', 'pack'): 672.599, ('mrg3', 'd2h'): 672.622}",0.3371860366314649,0.2140767998760566
Highly sparse,bcsstm20,485,485,0.2061855670103093,485,485,485,485,485,0.0,,0.056999999999902684,0.1550000000000864,0.05599999999992633,0.03499999999996817,0.2679999999999154,0.485,,,,,0.429,0.354,0.338,0.284,,0.29099999999994,0.2440000000000282,0.18299999999999272,0.16599999999993997,0.11199999999996635,"{('cu', 'start'): 672.004, ('cu', 'h2dmalloc'): 672.065, ('cu', 'h2d'): 672.08, ('cu', 'workest'): 672.137, ('cu', 'compute'): 672.292, ('cu', 'copy'): 672.348, ('cu', 'pack'): 672.371, ('cu', 'd2h'): 672.406, ('gust', 'start'): 672.498, ('gust', 'h2d'): 672.578, ('gust', 'count'): 672.599, ('gust', 'scan'): 672.638, ('gust', 'expand'): 672.661, ('gust', 'sort'): 672.708, ('gust', 'reduce'): 672.748, ('gust', 'final'): 672.803, ('gust', 'pack'): 672.822, ('gust', 'd2h'): 672.832, ('merge', 'start'): 672.934, ('merge', 'h2d'): 673.011, ('merge', 'count'): 673.032, ('merge', 'scan'): 673.068, ('merge', 'expand'): 673.091, ('merge', 'merge'): 673.113, ('merge', 'final'): 673.15, ('merge', 'compact'): 673.176, ('merge', 'pack'): 673.194, ('merge', 'd2h'): 673.204, ('mrg2', 'start'): 673.294, ('mrg2', 'h2d'): 673.369, ('mrg2', 'count'): 673.399, ('mrg2', 'scan'): 673.436, ('mrg2', 'merge'): 673.459, ('mrg2', 'final'): 673.492, ('mrg2', 'compact'): 673.516, ('mrg2', 'pack'): 673.535, ('mrg2', 'd2h'): 673.544, ('mrg3', 'start'): 673.639, ('mrg3', 'h2d'): 673.715, ('mrg3', 'count'): 673.737, ('mrg3', 'scan'): 673.786, ('mrg3', 'merge'): 673.809, ('mrg3', 'pack'): 673.827, ('mrg3', 'd2h'): 673.837}",0.0646100379526615,0.1631999998586252
Highly sparse,bcsstk21,3600,26600,0.2052469135802469,93072,93072,93072,93072,93072,0.0,,0.07600000000002183,0.28300000000001546,0.07899999999995089,0.19500000000005002,0.4379999999999882,0.877,,,,,1.208,0.938,0.712,0.552,,0.46899999999993724,0.7690000000000055,0.5799999999999272,0.3450000000000273,0.23599999999999,"{('cu', 'start'): 686.731, ('cu', 'h2dmalloc'): 686.814, ('cu', 'h2d'): 686.855, ('cu', 'workest'): 686.931, ('cu', 'compute'): 687.214, ('cu', 'copy'): 687.293, ('cu', 'pack'): 687.324, ('cu', 'd2h'): 687.519, ('gust', 'start'): 687.62, ('gust', 'h2d'): 687.74, ('gust', 'count'): 687.772, ('gust', 'scan'): 687.827, ('gust', 'expand'): 687.944, ('gust', 'sort'): 688.247, ('gust', 'reduce'): 688.39, ('gust', 'final'): 688.469, ('gust', 'pack'): 688.509, ('gust', 'd2h'): 688.591, ('merge', 'start'): 688.838, ('merge', 'h2d'): 688.955, ('merge', 'count'): 688.993, ('merge', 'scan'): 689.056, ('merge', 'expand'): 689.18, ('merge', 'merge'): 689.332, ('merge', 'final'): 689.389, ('merge', 'compact'): 689.502, ('merge', 'pack'): 689.535, ('merge', 'd2h'): 689.618, ('mrg2', 'start'): 689.786, ('mrg2', 'h2d'): 689.899, ('mrg2', 'count'): 689.931, ('mrg2', 'scan'): 689.984, ('mrg2', 'merge'): 690.045, ('mrg2', 'final'): 690.094, ('mrg2', 'compact'): 690.212, ('mrg2', 'pack'): 690.244, ('mrg2', 'd2h'): 690.329, ('mrg3', 'start'): 690.509, ('mrg3', 'h2d'): 690.62, ('mrg3', 'count'): 690.688, ('mrg3', 'scan'): 690.753, ('mrg3', 'merge'): 690.828, ('mrg3', 'pack'): 690.856, ('mrg3', 'd2h'): 690.937}",2.685170155018568,0.2282431996427476
Highly sparse,bcsstm19,817,817,0.12239902080783352,817,817,817,817,817,0.0,,0.05800000000010641,0.16099999999994452,0.05600000000004002,0.02500000000009095,0.27500000000009095,0.491,,,,,0.431,0.363,0.342,0.287,,0.2980000000000018,0.2420000000000755,0.18399999999996908,0.16800000000000637,0.1169999999999618,"{('cu', 'start'): 685.053, ('cu', 'h2dmalloc'): 685.115, ('cu', 'h2d'): 685.132, ('cu', 'workest'): 685.19, ('cu', 'compute'): 685.351, ('cu', 'copy'): 685.407, ('cu', 'pack'): 685.43, ('cu', 'd2h'): 685.455, ('gust', 'start'): 685.553, ('gust', 'h2d'): 685.636, ('gust', 'count'): 685.657, ('gust', 'scan'): 685.695, ('gust', 'expand'): 685.718, ('gust', 'sort'): 685.765, ('gust', 'reduce'): 685.805, ('gust', 'final'): 685.859, ('gust', 'pack'): 685.878, ('gust', 'd2h'): 685.888, ('merge', 'start'): 685.991, ('merge', 'h2d'): 686.071, ('merge', 'count'): 686.093, ('merge', 'scan'): 686.129, ('merge', 'expand'): 686.152, ('merge', 'merge'): 686.173, ('merge', 'final'): 686.211, ('merge', 'compact'): 686.236, ('merge', 'pack'): 686.255, ('merge', 'd2h'): 686.265, ('mrg2', 'start'): 686.359, ('mrg2', 'h2d'): 686.434, ('mrg2', 'count'): 686.455, ('mrg2', 'scan'): 686.5, ('mrg2', 'merge'): 686.524, ('mrg2', 'final'): 686.559, ('mrg2', 'compact'): 686.582, ('mrg2', 'pack'): 686.602, ('mrg2', 'd2h'): 686.613, ('mrg3', 'start'): 686.707, ('mrg3', 'h2d'): 686.782, ('mrg3', 'count'): 686.807, ('mrg3', 'scan'): 686.856, ('mrg3', 'merge'): 686.882, ('mrg3', 'pack'): 686.899, ('mrg3', 'd2h'): 686.909}",0.0757249072194099,0.1582719998201355
Highly sparse,bcsstk25,15439,252241,0.10582233620331932,1168919,1168919,1168919,1168919,1168919,0.0,,0.16800000000000637,0.6470000000000482,0.18299999999999272,0.6340000000000146,0.9980000000000473,2.022,,,,,2.673,4.218,1.821,1.945,,1.0880000000000791,1.893000000000029,3.45900000000006,1.0590000000000828,1.1819999999999027,"{('cu', 'start'): 753.102, ('cu', 'h2dmalloc'): 753.171, ('cu', 'h2d'): 753.266, ('cu', 'workest'): 753.434, ('cu', 'compute'): 754.081, ('cu', 'copy'): 754.264, ('cu', 'pack'): 754.354, ('cu', 'd2h'): 754.988, ('gust', 'start'): 755.133, ('gust', 'h2d'): 755.293, ('gust', 'count'): 755.377, ('gust', 'scan'): 755.427, ('gust', 'expand'): 755.619, ('gust', 'sort'): 756.454, ('gust', 'reduce'): 756.678, ('gust', 'final'): 757.101, ('gust', 'pack'): 757.186, ('gust', 'd2h'): 757.532, ('merge', 'start'): 757.815, ('merge', 'h2d'): 757.972, ('merge', 'count'): 758.065, ('merge', 'scan'): 758.113, ('merge', 'expand'): 758.53, ('merge', 'merge'): 760.929, ('merge', 'final'): 761.091, ('merge', 'compact'): 761.346, ('merge', 'pack'): 761.431, ('merge', 'd2h'): 761.775, ('mrg2', 'start'): 762.042, ('mrg2', 'h2d'): 762.199, ('mrg2', 'count'): 762.286, ('mrg2', 'scan'): 762.333, ('mrg2', 'merge'): 762.887, ('mrg2', 'final'): 762.932, ('mrg2', 'compact'): 763.171, ('mrg2', 'pack'): 763.258, ('mrg2', 'd2h'): 763.602, ('mrg3', 'start'): 763.871, ('mrg3', 'h2d'): 764.027, ('mrg3', 'count'): 764.464, ('mrg3', 'scan'): 764.523, ('mrg3', 'merge'): 765.131, ('mrg3', 'pack'): 765.209, ('mrg3', 'd2h'): 765.554}",177.74690710939467,0.4501632001716644
Highly sparse,bcsstk18,11948,149090,0.10443788948628972,713208,713208,713208,713208,713208,0.0,,0.12000000000000455,0.5109999999999673,0.18600000000003547,0.8679999999999382,0.8170000000000073,2.1,,,,,2.56,3.372,1.916,1.882,,0.9020000000000437,1.5230000000000246,2.3339999999999463,0.88900000000001,0.84699999999998,"{('cu', 'start'): 729.5, ('cu', 'h2dmalloc'): 729.561, ('cu', 'h2d'): 729.693, ('cu', 'workest'): 729.813, ('cu', 'compute'): 730.324, ('cu', 'copy'): 730.51, ('cu', 'pack'): 730.595, ('cu', 'd2h'): 731.463, ('gust', 'start'): 731.608, ('gust', 'h2d'): 731.8, ('gust', 'count'): 731.828, ('gust', 'scan'): 731.871, ('gust', 'expand'): 732.041, ('gust', 'sort'): 732.59, ('gust', 'reduce'): 732.768, ('gust', 'final'): 733.23, ('gust', 'pack'): 733.323, ('gust', 'd2h'): 733.904, ('merge', 'start'): 734.175, ('merge', 'h2d'): 734.365, ('merge', 'count'): 734.414, ('merge', 'scan'): 734.457, ('merge', 'expand'): 734.76, ('merge', 'merge'): 736.167, ('merge', 'final'): 736.344, ('merge', 'compact'): 736.613, ('merge', 'pack'): 736.699, ('merge', 'd2h'): 737.289, ('mrg2', 'start'): 737.554, ('mrg2', 'h2d'): 737.742, ('mrg2', 'count'): 737.776, ('mrg2', 'scan'): 737.819, ('mrg2', 'merge'): 738.241, ('mrg2', 'final'): 738.282, ('mrg2', 'compact'): 738.547, ('mrg2', 'pack'): 738.631, ('mrg2', 'd2h'): 739.214, ('mrg3', 'start'): 739.477, ('mrg3', 'h2d'): 739.666, ('mrg3', 'count'): 739.927, ('mrg3', 'scan'): 739.984, ('mrg3', 'merge'): 740.432, ('mrg3', 'pack'): 740.513, ('mrg3', 'd2h'): 741.099}",86.1555258743465,0.4583615999436005
Highly sparse,bcsstk32,44609,2014701,0.10124314474587429,6819653,6819653,6819653,6819653,6819653,0.0,,0.1850000000001728,7.630999999999858,0.22800000000006548,3.0440000000000964,8.044000000000096,12.067,,,,,21.753,40.725,9.291,10.486,,8.114000000000033,17.642000000000053,36.66399999999999,5.498000000000047,7.304000000000087,"{('cu', 'start'): 1103.105, ('cu', 'h2dmalloc'): 1103.173, ('cu', 'h2d'): 1103.889, ('cu', 'workest'): 1104.074, ('cu', 'compute'): 1111.705, ('cu', 'copy'): 1111.933, ('cu', 'pack'): 1112.003, ('cu', 'd2h'): 1115.047, ('gust', 'start'): 1115.178, ('gust', 'h2d'): 1116.72, ('gust', 'count'): 1116.813, ('gust', 'scan'): 1116.854, ('gust', 'expand'): 1118.218, ('gust', 'sort'): 1131.541, ('gust', 'reduce'): 1132.779, ('gust', 'final'): 1134.271, ('gust', 'pack'): 1134.362, ('gust', 'd2h'): 1136.46, ('merge', 'start'): 1136.937, ('merge', 'h2d'): 1138.443, ('merge', 'count'): 1138.676, ('merge', 'scan'): 1138.717, ('merge', 'expand'): 1143.72, ('merge', 'merge'): 1173.954, ('merge', 'final'): 1174.461, ('merge', 'compact'): 1175.036, ('merge', 'pack'): 1175.107, ('merge', 'd2h'): 1177.265, ('mrg2', 'start'): 1177.668, ('mrg2', 'h2d'): 1179.065, ('mrg2', 'count'): 1179.229, ('mrg2', 'scan'): 1179.275, ('mrg2', 'merge'): 1183.772, ('mrg2', 'final'): 1183.812, ('mrg2', 'compact'): 1184.493, ('mrg2', 'pack'): 1184.563, ('mrg2', 'd2h'): 1186.566, ('mrg3', 'start'): 1186.965, ('mrg3', 'h2d'): 1187.831, ('mrg3', 'count'): 1190.52, ('mrg3', 'scan'): 1190.623, ('mrg3', 'merge'): 1195.068, ('mrg3', 'pack'): 1195.135, ('mrg3', 'd2h'): 1197.122}",4421.557090012357,1.7622527963947503
Extremely sparse,bcsstk31,35588,1181416,0.09328153508950845,4713580,4713580,4713580,4713580,4713580,0.0,,0.16700000000003,4.505999999999972,0.23500000000001364,2.022999999999911,4.9080000000000155,7.581,,,,,11.459,22.555,5.698,6.513,,4.98700000000008,8.889999999999986,19.712999999999965,3.0650000000000546,4.40300000000002,"{('cu', 'start'): 920.693, ('cu', 'h2dmalloc'): 920.75, ('cu', 'h2d'): 921.141, ('cu', 'workest'): 921.308, ('cu', 'compute'): 925.814, ('cu', 'copy'): 926.049, ('cu', 'pack'): 926.128, ('cu', 'd2h'): 928.151, ('gust', 'start'): 928.283, ('gust', 'h2d'): 929.116, ('gust', 'count'): 929.205, ('gust', 'scan'): 929.248, ('gust', 'expand'): 929.976, ('gust', 'sort'): 936.222, ('gust', 'reduce'): 936.907, ('gust', 'final'): 937.855, ('gust', 'pack'): 938.006, ('gust', 'd2h'): 939.387, ('merge', 'start'): 939.749, ('merge', 'h2d'): 940.774, ('merge', 'count'): 940.889, ('merge', 'scan'): 940.93, ('merge', 'expand'): 943.499, ('merge', 'merge'): 959.657, ('merge', 'final'): 959.979, ('merge', 'compact'): 960.408, ('merge', 'pack'): 960.487, ('merge', 'd2h'): 961.93, ('mrg2', 'start'): 962.311, ('mrg2', 'h2d'): 963.242, ('mrg2', 'count'): 963.381, ('mrg2', 'scan'): 963.424, ('mrg2', 'merge'): 965.781, ('mrg2', 'final'): 965.82, ('mrg2', 'compact'): 966.23, ('mrg2', 'pack'): 966.307, ('mrg2', 'd2h'): 967.684, ('mrg3', 'start'): 968.014, ('mrg3', 'h2d'): 968.463, ('mrg3', 'count'): 970.119, ('mrg3', 'scan'): 970.176, ('mrg3', 'merge'): 972.793, ('mrg3', 'pack'): 972.866, ('mrg3', 'd2h'): 974.241}",2316.7010678444058,1.2437248015077786
Extremely sparse,bcsstm08,1074,1074,0.0931098696461825,1074,1074,1074,1074,1074,0.0,,0.06200000000001182,0.16899999999998272,0.05999999999994543,0.027000000000043656,0.29099999999994,0.519,,,,,0.453,0.383,0.337,0.295,,0.3109999999999218,0.25499999999999545,0.19100000000003092,0.16200000000003456,0.1229999999999336,"{('cu', 'start'): 669.496, ('cu', 'h2dmalloc'): 669.568, ('cu', 'h2d'): 669.59, ('cu', 'workest'): 669.652, ('cu', 'compute'): 669.821, ('cu', 'copy'): 669.881, ('cu', 'pack'): 669.901, ('cu', 'd2h'): 669.928, ('gust', 'start'): 670.023, ('gust', 'h2d'): 670.105, ('gust', 'count'): 670.131, ('gust', 'scan'): 670.17, ('gust', 'expand'): 670.194, ('gust', 'sort'): 670.242, ('gust', 'reduce'): 670.283, ('gust', 'final'): 670.34, ('gust', 'pack'): 670.36, ('gust', 'd2h'): 670.371, ('merge', 'start'): 670.481, ('merge', 'h2d'): 670.574, ('merge', 'count'): 670.598, ('merge', 'scan'): 670.636, ('merge', 'expand'): 670.659, ('merge', 'merge'): 670.681, ('merge', 'final'): 670.719, ('merge', 'compact'): 670.746, ('merge', 'pack'): 670.765, ('merge', 'd2h'): 670.776, ('mrg2', 'start'): 670.871, ('mrg2', 'h2d'): 670.948, ('mrg2', 'count'): 670.971, ('mrg2', 'scan'): 671.008, ('mrg2', 'merge'): 671.032, ('mrg2', 'final'): 671.065, ('mrg2', 'compact'): 671.091, ('mrg2', 'pack'): 671.11, ('mrg2', 'd2h'): 671.121, ('mrg3', 'start'): 671.213, ('mrg3', 'h2d'): 671.288, ('mrg3', 'count'): 671.315, ('mrg3', 'scan'): 671.366, ('mrg3', 'merge'): 671.393, ('mrg3', 'pack'): 671.411, ('mrg3', 'd2h'): 671.421}",0.1300980802625417,0.1571455998811871
Extremely sparse,bcsstm09,1083,1083,0.09233610341643582,1083,1083,1083,1083,1083,0.0,,0.07200000000000273,0.18000000000006366,0.07200000000000273,0.035000000000081855,0.3240000000000691,0.602,,,,,0.55,0.456,0.427,0.372,,0.35199999999997544,0.30599999999992633,0.24500000000000455,0.20500000000004093,0.15299999999990632,"{('cu', 'start'): 669.667, ('cu', 'h2dmalloc'): 669.755, ('cu', 'h2d'): 669.78, ('cu', 'workest'): 669.852, ('cu', 'compute'): 670.032, ('cu', 'copy'): 670.104, ('cu', 'pack'): 670.132, ('cu', 'd2h'): 670.167, ('gust', 'start'): 670.281, ('gust', 'h2d'): 670.379, ('gust', 'count'): 670.408, ('gust', 'scan'): 670.458, ('gust', 'expand'): 670.487, ('gust', 'sort'): 670.542, ('gust', 'reduce'): 670.593, ('gust', 'final'): 670.658, ('gust', 'pack'): 670.685, ('gust', 'd2h'): 670.698, ('merge', 'start'): 670.841, ('merge', 'h2d'): 670.936, ('merge', 'count'): 670.964, ('merge', 'scan'): 671.012, ('merge', 'expand'): 671.04, ('merge', 'merge'): 671.074, ('merge', 'final'): 671.121, ('merge', 'compact'): 671.154, ('merge', 'pack'): 671.181, ('merge', 'd2h'): 671.194, ('mrg2', 'start'): 671.307, ('mrg2', 'h2d'): 671.399, ('mrg2', 'count'): 671.427, ('mrg2', 'scan'): 671.474, ('mrg2', 'merge'): 671.506, ('mrg2', 'final'): 671.549, ('mrg2', 'compact'): 671.578, ('mrg2', 'pack'): 671.604, ('mrg2', 'd2h'): 671.617, ('mrg3', 'start'): 671.742, ('mrg3', 'h2d'): 671.844, ('mrg3', 'count'): 671.878, ('mrg3', 'scan'): 671.94, ('mrg3', 'merge'): 671.971, ('mrg3', 'pack'): 671.997, ('mrg3', 'd2h'): 672.01}",0.1266489271074533,0.1393983999965712
Extremely sparse,bcspwr10,5300,21842,0.07775720897116412,60498,60498,60498,60498,60498,0.0,,0.06600000000003092,0.2580000000000382,0.06999999999993634,0.15499999999997272,0.39400000000000546,0.76,,,,,0.909,0.708,0.455,0.446,,0.4210000000000491,0.66700000000003,0.45799999999997,0.21499999999991815,0.19499999999993634,"{('cu', 'start'): 671.699, ('cu', 'h2dmalloc'): 671.761, ('cu', 'h2d'): 671.794, ('cu', 'workest'): 671.86, ('cu', 'compute'): 672.118, ('cu', 'copy'): 672.188, ('cu', 'pack'): 672.215, ('cu', 'd2h'): 672.37, ('gust', 'start'): 672.469, ('gust', 'h2d'): 672.559, ('gust', 'count'): 672.583, ('gust', 'scan'): 672.625, ('gust', 'expand'): 672.658, ('gust', 'sort'): 672.941, ('gust', 'reduce'): 673.054, ('gust', 'final'): 673.188, ('gust', 'pack'): 673.226, ('gust', 'd2h'): 673.277, ('merge', 'start'): 673.388, ('merge', 'h2d'): 673.476, ('merge', 'count'): 673.505, ('merge', 'scan'): 673.545, ('merge', 'expand'): 673.582, ('merge', 'merge'): 673.75, ('merge', 'final'): 673.793, ('merge', 'compact'): 673.898, ('merge', 'pack'): 673.934, ('merge', 'd2h'): 673.987, ('mrg2', 'start'): 674.104, ('mrg2', 'h2d'): 674.191, ('mrg2', 'count'): 674.219, ('mrg2', 'scan'): 674.258, ('mrg2', 'merge'): 674.314, ('mrg2', 'final'): 674.351, ('mrg2', 'compact'): 674.382, ('mrg2', 'pack'): 674.406, ('mrg2', 'd2h'): 674.458, ('mrg3', 'start'): 674.566, ('mrg3', 'h2d'): 674.653, ('mrg3', 'count'): 674.708, ('mrg3', 'scan'): 674.762, ('mrg3', 'merge'): 674.825, ('mrg3', 'pack'): 674.848, ('mrg3', 'd2h'): 674.899}",7.620363961905241,0.222806400177069
Extremely sparse,bcsstm11,1473,1473,0.0678886625933469,1473,1473,1473,1473,1473,0.0,,0.057999999999992724,0.17899999999997362,0.05899999999996908,0.02400000000000091,0.2959999999999354,0.505,,,,,0.453,0.355,0.325,0.301,,0.3170000000000073,0.2579999999999245,0.18100000000004002,0.1570000000000391,0.1229999999999336,"{('cu', 'start'): 668.146, ('cu', 'h2dmalloc'): 668.205, ('cu', 'h2d'): 668.23, ('cu', 'workest'): 668.288, ('cu', 'compute'): 668.467, ('cu', 'copy'): 668.526, ('cu', 'pack'): 668.547, ('cu', 'd2h'): 668.571, ('gust', 'start'): 668.66, ('gust', 'h2d'): 668.744, ('gust', 'count'): 668.766, ('gust', 'scan'): 668.802, ('gust', 'expand'): 668.835, ('gust', 'sort'): 668.883, ('gust', 'reduce'): 668.929, ('gust', 'final'): 668.983, ('gust', 'pack'): 669.002, ('gust', 'd2h'): 669.013, ('merge', 'start'): 669.119, ('merge', 'h2d'): 669.199, ('merge', 'count'): 669.22, ('merge', 'scan'): 669.255, ('merge', 'expand'): 669.277, ('merge', 'merge'): 669.298, ('merge', 'final'): 669.336, ('merge', 'compact'): 669.362, ('merge', 'pack'): 669.38, ('merge', 'd2h'): 669.392, ('mrg2', 'start'): 669.482, ('mrg2', 'h2d'): 669.558, ('mrg2', 'count'): 669.58, ('mrg2', 'scan'): 669.615, ('mrg2', 'merge'): 669.639, ('mrg2', 'final'): 669.671, ('mrg2', 'compact'): 669.696, ('mrg2', 'pack'): 669.715, ('mrg2', 'd2h'): 669.725, ('mrg3', 'start'): 669.813, ('mrg3', 'h2d'): 669.898, ('mrg3', 'count'): 669.926, ('mrg3', 'scan'): 669.976, ('mrg3', 'merge'): 670.003, ('mrg3', 'pack'): 670.021, ('mrg3', 'd2h'): 670.031}",0.2223190385848283,0.1714016000507399
Extremely sparse,bcsstm26,1922,1922,0.052029136316337155,1922,1922,1922,1922,1922,0.0,,0.06000000000005912,0.17999999999994998,0.06100000000003547,0.02699999999992997,0.30100000000004457,0.514,,,,,0.458,0.36,0.345,0.305,,0.3210000000000264,0.2540000000000191,0.18200000000001637,0.16999999999995907,0.1269999999999527,"{('cu', 'start'): 643.72, ('cu', 'h2dmalloc'): 643.78, ('cu', 'h2d'): 643.803, ('cu', 'workest'): 643.863, ('cu', 'compute'): 644.043, ('cu', 'copy'): 644.104, ('cu', 'pack'): 644.124, ('cu', 'd2h'): 644.151, ('gust', 'start'): 644.241, ('gust', 'h2d'): 644.333, ('gust', 'count'): 644.355, ('gust', 'scan'): 644.396, ('gust', 'expand'): 644.42, ('gust', 'sort'): 644.467, ('gust', 'reduce'): 644.509, ('gust', 'final'): 644.566, ('gust', 'pack'): 644.587, ('gust', 'd2h'): 644.599, ('merge', 'start'): 644.705, ('merge', 'h2d'): 644.788, ('merge', 'count'): 644.809, ('merge', 'scan'): 644.846, ('merge', 'expand'): 644.868, ('merge', 'merge'): 644.888, ('merge', 'final'): 644.927, ('merge', 'compact'): 644.952, ('merge', 'pack'): 644.97, ('merge', 'd2h'): 644.981, ('mrg2', 'start'): 645.071, ('mrg2', 'h2d'): 645.148, ('mrg2', 'count'): 645.169, ('mrg2', 'scan'): 645.206, ('mrg2', 'merge'): 645.231, ('mrg2', 'final'): 645.264, ('mrg2', 'compact'): 645.298, ('mrg2', 'pack'): 645.318, ('mrg2', 'd2h'): 645.329, ('mrg3', 'start'): 645.422, ('mrg3', 'h2d'): 645.503, ('mrg3', 'count'): 645.532, ('mrg3', 'scan'): 645.583, ('mrg3', 'merge'): 645.612, ('mrg3', 'pack'): 645.63, ('mrg3', 'd2h'): 645.642}",0.505893025547266,0.1662175997858866
Extremely sparse,bcsstm23,3134,3134,0.031908104658583285,3134,3134,3134,3134,3134,0.0,,0.06499999999994088,0.17899999999997362,0.06600000000003092,0.029999999999972715,0.30999999999994543,0.553,,,,,0.574,0.406,0.38,0.351,,0.33399999999994634,0.35599999999999454,0.20699999999999363,0.17699999999990723,0.15399999999999636,"{('cu', 'start'): 673.853, ('cu', 'h2dmalloc'): 673.922, ('cu', 'h2d'): 673.941, ('cu', 'workest'): 674.006, ('cu', 'compute'): 674.185, ('cu', 'copy'): 674.251, ('cu', 'pack'): 674.275, ('cu', 'd2h'): 674.305, ('gust', 'start'): 674.41, ('gust', 'h2d'): 674.493, ('gust', 'count'): 674.519, ('gust', 'scan'): 674.561, ('gust', 'expand'): 674.589, ('gust', 'sort'): 674.706, ('gust', 'reduce'): 674.763, ('gust', 'final'): 674.825, ('gust', 'pack'): 674.849, ('gust', 'd2h'): 674.862, ('merge', 'start'): 674.992, ('merge', 'h2d'): 675.077, ('merge', 'count'): 675.102, ('merge', 'scan'): 675.142, ('merge', 'expand'): 675.17, ('merge', 'merge'): 675.193, ('merge', 'final'): 675.234, ('merge', 'compact'): 675.264, ('merge', 'pack'): 675.284, ('merge', 'd2h'): 675.299, ('mrg2', 'start'): 675.407, ('mrg2', 'h2d'): 675.484, ('mrg2', 'count'): 675.509, ('mrg2', 'scan'): 675.547, ('mrg2', 'merge'): 675.576, ('mrg2', 'final'): 675.613, ('mrg2', 'compact'): 675.642, ('mrg2', 'pack'): 675.661, ('mrg2', 'd2h'): 675.675, ('mrg3', 'start'): 675.794, ('mrg3', 'h2d'): 675.874, ('mrg3', 'count'): 675.913, ('mrg3', 'scan'): 675.97, ('mrg3', 'merge'): 676.008, ('mrg3', 'pack'): 676.028, ('mrg3', 'd2h'): 676.041}",1.799254911020398,0.1639199991710484
Extremely sparse,bcsstm24,3562,3562,0.028074115665356544,3562,3562,3562,3562,3562,0.0,,0.057999999999992724,0.15999999999996817,0.06100000000003547,0.028999999999996362,0.27899999999999636,0.497,,,,,0.534,0.387,0.345,0.334,,0.29899999999997817,0.33799999999996544,0.20600000000001728,0.16700000000003,0.15999999999996817,"{('cu', 'start'): 686.263, ('cu', 'h2dmalloc'): 686.332, ('cu', 'h2d'): 686.351, ('cu', 'workest'): 686.409, ('cu', 'compute'): 686.569, ('cu', 'copy'): 686.63, ('cu', 'pack'): 686.65, ('cu', 'd2h'): 686.679, ('gust', 'start'): 686.766, ('gust', 'h2d'): 686.845, ('gust', 'count'): 686.867, ('gust', 'scan'): 686.907, ('gust', 'expand'): 686.932, ('gust', 'sort'): 687.045, ('gust', 'reduce'): 687.086, ('gust', 'final'): 687.153, ('gust', 'pack'): 687.183, ('gust', 'd2h'): 687.196, ('merge', 'start'): 687.309, ('merge', 'h2d'): 687.393, ('merge', 'count'): 687.423, ('merge', 'scan'): 687.461, ('merge', 'expand'): 687.489, ('merge', 'merge'): 687.514, ('merge', 'final'): 687.552, ('merge', 'compact'): 687.58, ('merge', 'pack'): 687.599, ('merge', 'd2h'): 687.612, ('mrg2', 'start'): 687.703, ('mrg2', 'h2d'): 687.781, ('mrg2', 'count'): 687.807, ('mrg2', 'scan'): 687.842, ('mrg2', 'merge'): 687.87, ('mrg2', 'final'): 687.903, ('mrg2', 'compact'): 687.93, ('mrg2', 'pack'): 687.948, ('mrg2', 'd2h'): 687.961, ('mrg3', 'start'): 688.053, ('mrg3', 'h2d'): 688.129, ('mrg3', 'count'): 688.168, ('mrg3', 'scan'): 688.233, ('mrg3', 'merge'): 688.27, ('mrg3', 'pack'): 688.289, ('mrg3', 'd2h'): 688.301}",2.6030661538243294,0.1710112007101997
Extremely sparse,bcsstm21,3600,3600,0.027777777777777776,3600,3600,3600,3600,3600,0.0,,0.07399999999995543,0.19000000000005457,0.07099999999991269,0.031000000000062755,0.3349999999999227,0.579,,,,,0.612,0.448,0.395,0.373,,0.3629999999999427,0.3770000000000664,0.23099999999999454,0.19600000000002638,0.16899999999998272,"{('cu', 'start'): 688.566, ('cu', 'h2dmalloc'): 688.629, ('cu', 'h2d'): 688.652, ('cu', 'workest'): 688.726, ('cu', 'compute'): 688.916, ('cu', 'copy'): 688.987, ('cu', 'pack'): 689.015, ('cu', 'd2h'): 689.046, ('gust', 'start'): 689.156, ('gust', 'h2d'): 689.256, ('gust', 'count'): 689.284, ('gust', 'scan'): 689.33, ('gust', 'expand'): 689.359, ('gust', 'sort'): 689.488, ('gust', 'reduce'): 689.538, ('gust', 'final'): 689.606, ('gust', 'pack'): 689.633, ('gust', 'd2h'): 689.648, ('merge', 'start'): 689.775, ('merge', 'h2d'): 689.864, ('merge', 'count'): 689.894, ('merge', 'scan'): 689.94, ('merge', 'expand'): 689.967, ('merge', 'merge'): 689.994, ('merge', 'final'): 690.04, ('merge', 'compact'): 690.072, ('merge', 'pack'): 690.095, ('merge', 'd2h'): 690.113, ('mrg2', 'start'): 690.23, ('mrg2', 'h2d'): 690.312, ('mrg2', 'count'): 690.341, ('mrg2', 'scan'): 690.383, ('mrg2', 'merge'): 690.413, ('mrg2', 'final'): 690.455, ('mrg2', 'compact'): 690.483, ('mrg2', 'pack'): 690.508, ('mrg2', 'd2h'): 690.525, ('mrg3', 'start'): 690.632, ('mrg3', 'h2d'): 690.71, ('mrg3', 'count'): 690.752, ('mrg3', 'scan'): 690.816, ('mrg3', 'merge'): 690.855, ('mrg3', 'pack'): 690.879, ('mrg3', 'd2h'): 690.897}",2.703153993934393,0.168041600077413
Extremely sparse,bcsstm25,15439,15439,0.006477103439341926,15439,15439,15439,15439,15439,0.0,,0.059000000000082764,0.17199999999991178,0.06300000000010186,0.04100000000005366,0.2940000000000964,0.538,,,,,0.584,0.472,0.394,0.46,,0.3160000000000309,0.36599999999998545,0.25900000000001455,0.19200000000000728,0.25900000000001455,"{('cu', 'start'): 679.076, ('cu', 'h2dmalloc'): 679.138, ('cu', 'h2d'): 679.17, ('cu', 'workest'): 679.229, ('cu', 'compute'): 679.401, ('cu', 'copy'): 679.464, ('cu', 'pack'): 679.486, ('cu', 'd2h'): 679.527, ('gust', 'start'): 679.622, ('gust', 'h2d'): 679.718, ('gust', 'count'): 679.741, ('gust', 'scan'): 679.781, ('gust', 'expand'): 679.822, ('gust', 'sort'): 679.953, ('gust', 'reduce'): 679.998, ('gust', 'final'): 680.055, ('gust', 'pack'): 680.084, ('gust', 'd2h'): 680.11, ('merge', 'start'): 680.213, ('merge', 'h2d'): 680.311, ('merge', 'count'): 680.37, ('merge', 'scan'): 680.408, ('merge', 'expand'): 680.439, ('merge', 'merge'): 680.47, ('merge', 'final'): 680.509, ('merge', 'compact'): 680.548, ('merge', 'pack'): 680.57, ('merge', 'd2h'): 680.597, ('mrg2', 'start'): 680.691, ('mrg2', 'h2d'): 680.782, ('mrg2', 'count'): 680.813, ('mrg2', 'scan'): 680.851, ('mrg2', 'merge'): 680.885, ('mrg2', 'final'): 680.919, ('mrg2', 'compact'): 680.955, ('mrg2', 'pack'): 680.974, ('mrg2', 'd2h'): 681.0, ('mrg3', 'start'): 681.091, ('mrg3', 'h2d'): 681.178, ('mrg3', 'count'): 681.269, ('mrg3', 'scan'): 681.334, ('mrg3', 'merge'): 681.417, ('mrg3', 'pack'): 681.437, ('mrg3', 'd2h'): 681.462}",177.74743493646383,0.1755136003252118
