class,name,n,A_nnz,density_pct,cu_cnnz,man_cnnz,merge_cnnz,merge2_cnnz,merge3_cnnz,cnnz_gap_pct,buf2,cu_we,cu_compute,cu_copy,cu_d2h,cu_kernel,cu_time,cu_write,man_count,man_fill,man_kernel,man_time,merge_time,merge2_time,merge3_time,man_write,cu_compute_t,man_compute_t,merge_compute_t,merge2_compute_t,merge3_compute_t,phases,cublas_ms,ocean_ms
Dense,bcsstk02,66,4356,100.0,4356,4356,4356,4356,4356,0.0,,0.06099999999992178,0.21500000000003183,0.05200000000002092,0.10800000000006094,0.32799999999997453,0.623,,,,,1.075,1.898,0.565,0.339,,0.3529999999999518,0.8289999999999509,1.7189999999999372,0.3930000000000291,0.16399999999998727,"{('cu', 'start'): 687.061, ('cu', 'h2dmalloc'): 687.124, ('cu', 'h2d'): 687.143, ('cu', 'workest'): 687.204, ('cu', 'compute'): 687.419, ('cu', 'copy'): 687.471, ('cu', 'pack'): 687.496, ('cu', 'd2h'): 687.604, ('gust', 'start'): 687.691, ('gust', 'h2d'): 687.769, ('gust', 'count'): 687.798, ('gust', 'scan'): 687.837, ('gust', 'expand'): 687.941, ('gust', 'sort'): 688.216, ('gust', 'reduce'): 688.383, ('gust', 'final'): 688.57, ('gust', 'pack'): 688.598, ('gust', 'd2h'): 688.618, ('merge', 'start'): 688.775, ('merge', 'h2d'): 688.855, ('merge', 'count'): 688.883, ('merge', 'scan'): 688.922, ('merge', 'expand'): 689.402, ('merge', 'merge'): 690.291, ('merge', 'final'): 690.406, ('merge', 'compact'): 690.547, ('merge', 'pack'): 690.574, ('merge', 'd2h'): 690.588, ('mrg2', 'start'): 690.68, ('mrg2', 'h2d'): 690.756, ('mrg2', 'count'): 690.781, ('mrg2', 'scan'): 690.819, ('mrg2', 'merge'): 690.994, ('mrg2', 'final'): 691.036, ('mrg2', 'compact'): 691.124, ('mrg2', 'pack'): 691.149, ('mrg2', 'd2h'): 691.162, ('mrg3', 'start'): 691.254, ('mrg3', 'h2d'): 691.328, ('mrg3', 'count'): 691.369, ('mrg3', 'scan'): 691.419, ('mrg3', 'merge'): 691.469, ('mrg3', 'pack'): 691.492, ('mrg3', 'd2h'): 691.504}",0.0416319817304611,0.8477952011395247
Dense,can_24,24,160,27.77777777777778,336,336,336,336,336,0.0,,0.05899999999996908,0.16000000000008185,0.05999999999994543,0.028999999999996362,0.27899999999999636,0.497,,,,,0.464,0.414,0.359,0.309,,0.3020000000000209,0.26299999999991996,0.23500000000001364,0.18099999999992633,0.13400000000001455,"{('cu', 'start'): 675.733, ('cu', 'h2dmalloc'): 675.798, ('cu', 'h2d'): 675.813, ('cu', 'workest'): 675.872, ('cu', 'compute'): 676.032, ('cu', 'copy'): 676.092, ('cu', 'pack'): 676.115, ('cu', 'd2h'): 676.144, ('gust', 'start'): 676.239, ('gust', 'h2d'): 676.32, ('gust', 'count'): 676.343, ('gust', 'scan'): 676.383, ('gust', 'expand'): 676.409, ('gust', 'sort'): 676.457, ('gust', 'reduce'): 676.5, ('gust', 'final'): 676.56, ('gust', 'pack'): 676.583, ('gust', 'd2h'): 676.601, ('merge', 'start'): 676.71, ('merge', 'h2d'): 676.786, ('merge', 'count'): 676.811, ('merge', 'scan'): 676.848, ('merge', 'expand'): 676.881, ('merge', 'merge'): 676.929, ('merge', 'final'): 676.971, ('merge', 'compact'): 677.002, ('merge', 'pack'): 677.021, ('merge', 'd2h'): 677.032, ('mrg2', 'start'): 677.133, ('mrg2', 'h2d'): 677.205, ('mrg2', 'count'): 677.227, ('mrg2', 'scan'): 677.264, ('mrg2', 'merge'): 677.301, ('mrg2', 'final'): 677.335, ('mrg2', 'compact'): 677.368, ('mrg2', 'pack'): 677.386, ('mrg2', 'd2h'): 677.398, ('mrg3', 'start'): 677.498, ('mrg3', 'h2d'): 677.569, ('mrg3', 'count'): 677.604, ('mrg3', 'scan'): 677.655, ('mrg3', 'merge'): 677.684, ('mrg3', 'pack'): 677.703, ('mrg3', 'd2h'): 677.714}",0.0400461722165346,0.2016512000700459
Dense,bcsstk04,132,3648,20.9366391184573,11968,11968,11968,11968,11968,0.0,,0.05600000000004002,0.24500000000000455,0.05999999999994543,0.10700000000008458,0.36099999999999,0.646,,,,,0.825,1.29,0.482,0.372,,0.3849999999999909,0.6219999999999573,1.1100000000000136,0.2939999999999827,0.18200000000001637,"{('cu', 'start'): 674.907, ('cu', 'h2dmalloc'): 674.97, ('cu', 'h2d'): 674.987, ('cu', 'workest'): 675.043, ('cu', 'compute'): 675.288, ('cu', 'copy'): 675.348, ('cu', 'pack'): 675.372, ('cu', 'd2h'): 675.479, ('gust', 'start'): 675.561, ('gust', 'h2d'): 675.648, ('gust', 'count'): 675.675, ('gust', 'scan'): 675.714, ('gust', 'expand'): 675.754, ('gust', 'sort'): 676.01, ('gust', 'reduce'): 676.124, ('gust', 'final'): 676.246, ('gust', 'pack'): 676.27, ('gust', 'd2h'): 676.296, ('merge', 'start'): 676.395, ('merge', 'h2d'): 676.47, ('merge', 'count'): 676.496, ('merge', 'scan'): 676.533, ('merge', 'expand'): 676.706, ('merge', 'merge'): 677.419, ('merge', 'final'): 677.463, ('merge', 'compact'): 677.556, ('merge', 'pack'): 677.58, ('merge', 'd2h'): 677.598, ('mrg2', 'start'): 677.692, ('mrg2', 'h2d'): 677.767, ('mrg2', 'count'): 677.793, ('mrg2', 'scan'): 677.829, ('mrg2', 'merge'): 677.981, ('mrg2', 'final'): 678.017, ('mrg2', 'compact'): 678.041, ('mrg2', 'pack'): 678.061, ('mrg2', 'd2h'): 678.079, ('mrg3', 'start'): 678.184, ('mrg3', 'h2d'): 678.262, ('mrg3', 'count'): 678.311, ('mrg3', 'scan'): 678.363, ('mrg3', 'merge'): 678.423, ('mrg3', 'pack'): 678.444, ('mrg3', 'd2h'): 678.461}",0.0400228891521692,0.5173631981946527
Dense,bcsstk01,48,400,17.36111111111111,1292,1292,1292,1292,1292,0.0,,0.05899999999996908,0.1550000000000864,0.05599999999992633,0.024999999999977263,0.2699999999999818,0.489,,,,,0.515,0.442,0.363,0.313,,0.29200000000003,0.3229999999999791,0.26400000000001,0.18500000000005912,0.1430000000000291,"{('cu', 'start'): 670.86, ('cu', 'h2dmalloc'): 670.934, ('cu', 'h2d'): 670.948, ('cu', 'workest'): 671.007, ('cu', 'compute'): 671.162, ('cu', 'copy'): 671.218, ('cu', 'pack'): 671.24, ('cu', 'd2h'): 671.265, ('gust', 'start'): 671.36, ('gust', 'h2d'): 671.441, ('gust', 'count'): 671.465, ('gust', 'scan'): 671.502, ('gust', 'expand'): 671.531, ('gust', 'sort'): 671.642, ('gust', 'reduce'): 671.685, ('gust', 'final'): 671.742, ('gust', 'pack'): 671.764, ('gust', 'd2h'): 671.774, ('merge', 'start'): 671.89, ('merge', 'h2d'): 671.97, ('merge', 'count'): 671.995, ('merge', 'scan'): 672.033, ('merge', 'expand'): 672.072, ('merge', 'merge'): 672.146, ('merge', 'final'): 672.187, ('merge', 'compact'): 672.214, ('merge', 'pack'): 672.234, ('merge', 'd2h'): 672.245, ('mrg2', 'start'): 672.339, ('mrg2', 'h2d'): 672.411, ('mrg2', 'count'): 672.434, ('mrg2', 'scan'): 672.469, ('mrg2', 'merge'): 672.518, ('mrg2', 'final'): 672.553, ('mrg2', 'compact'): 672.576, ('mrg2', 'pack'): 672.596, ('mrg2', 'd2h'): 672.607, ('mrg3', 'start'): 672.707, ('mrg3', 'h2d'): 672.778, ('mrg3', 'count'): 672.813, ('mrg3', 'scan'): 672.862, ('mrg3', 'merge'): 672.902, ('mrg3', 'pack'): 672.921, ('mrg3', 'd2h'): 672.932}",0.0493749976158142,0.313392000226304
Dense,can_61,61,557,14.969094329481322,1793,1793,1793,1793,1793,0.0,,0.053999999999973625,0.1470000000000482,0.05200000000002092,0.02500000000009095,0.25300000000004275,0.448,,,,,0.487,0.498,0.346,0.32,,0.27099999999995816,0.29899999999997817,0.3290000000000646,0.18299999999999272,0.13199999999994816,"{('cu', 'start'): 683.934, ('cu', 'h2dmalloc'): 683.997, ('cu', 'h2d'): 684.01, ('cu', 'workest'): 684.064, ('cu', 'compute'): 684.211, ('cu', 'copy'): 684.263, ('cu', 'pack'): 684.281, ('cu', 'd2h'): 684.306, ('gust', 'start'): 684.388, ('gust', 'h2d'): 684.462, ('gust', 'count'): 684.482, ('gust', 'scan'): 684.518, ('gust', 'expand'): 684.542, ('gust', 'sort'): 684.651, ('gust', 'reduce'): 684.69, ('gust', 'final'): 684.744, ('gust', 'pack'): 684.761, ('gust', 'd2h'): 684.771, ('merge', 'start'): 684.881, ('merge', 'h2d'): 684.958, ('merge', 'count'): 684.98, ('merge', 'scan'): 685.015, ('merge', 'expand'): 685.062, ('merge', 'merge'): 685.211, ('merge', 'final'): 685.247, ('merge', 'compact'): 685.27, ('merge', 'pack'): 685.287, ('merge', 'd2h'): 685.297, ('mrg2', 'start'): 685.384, ('mrg2', 'h2d'): 685.456, ('mrg2', 'count'): 685.475, ('mrg2', 'scan'): 685.51, ('mrg2', 'merge'): 685.563, ('mrg2', 'final'): 685.594, ('mrg2', 'compact'): 685.62, ('mrg2', 'pack'): 685.639, ('mrg2', 'd2h'): 685.649, ('mrg3', 'start'): 685.735, ('mrg3', 'h2d'): 685.827, ('mrg3', 'count'): 685.859, ('mrg3', 'scan'): 685.909, ('mrg3', 'merge'): 685.94, ('mrg3', 'pack'): 685.959, ('mrg3', 'd2h'): 685.969}",0.04958501085639,0.3201151992194354
Dense,bcsstk05,153,2423,10.350719808620616,7245,7245,7245,7245,7245,0.0,,0.06799999999998363,0.18700000000001182,0.06200000000001182,0.031000000000062755,0.3170000000000073,0.58,,,,,0.61,0.648,0.451,0.387,,0.34399999999993724,0.37400000000002365,0.40999999999996817,0.22300000000007003,0.17999999999994998,"{('cu', 'start'): 685.99, ('cu', 'h2dmalloc'): 686.061, ('cu', 'h2d'): 686.086, ('cu', 'workest'): 686.154, ('cu', 'compute'): 686.341, ('cu', 'copy'): 686.403, ('cu', 'pack'): 686.43, ('cu', 'd2h'): 686.461, ('gust', 'start'): 686.581, ('gust', 'h2d'): 686.677, ('gust', 'count'): 686.703, ('gust', 'scan'): 686.748, ('gust', 'expand'): 686.78, ('gust', 'sort'): 686.915, ('gust', 'reduce'): 686.963, ('gust', 'final'): 687.029, ('gust', 'pack'): 687.051, ('gust', 'd2h'): 687.076, ('merge', 'start'): 687.199, ('merge', 'h2d'): 687.312, ('merge', 'count'): 687.342, ('merge', 'scan'): 687.386, ('merge', 'expand'): 687.455, ('merge', 'merge'): 687.629, ('merge', 'final'): 687.675, ('merge', 'compact'): 687.703, ('merge', 'pack'): 687.722, ('merge', 'd2h'): 687.738, ('mrg2', 'start'): 687.854, ('mrg2', 'h2d'): 687.953, ('mrg2', 'count'): 687.979, ('mrg2', 'scan'): 688.02, ('mrg2', 'merge'): 688.088, ('mrg2', 'final'): 688.127, ('mrg2', 'compact'): 688.155, ('mrg2', 'pack'): 688.176, ('mrg2', 'd2h'): 688.192, ('mrg3', 'start'): 688.311, ('mrg3', 'h2d'): 688.399, ('mrg3', 'count'): 688.448, ('mrg3', 'scan'): 688.506, ('mrg3', 'merge'): 688.557, ('mrg3', 'pack'): 688.579, ('mrg3', 'd2h'): 688.594}",0.0506399665027856,0.340307199023664
Mildly sparse,bcspwr01,39,131,8.61275476660092,275,275,275,275,275,0.0,,0.05999999999994543,0.16700000000003,0.05899999999996908,0.026000000000067303,0.2859999999999445,0.505,,,,,0.472,0.395,0.385,0.317,,0.3069999999999027,0.2599999999999909,0.20800000000008367,0.19099999999991724,0.1269999999999527,"{('cu', 'start'): 674.242, ('cu', 'h2dmalloc'): 674.305, ('cu', 'h2d'): 674.32, ('cu', 'workest'): 674.38, ('cu', 'compute'): 674.547, ('cu', 'copy'): 674.606, ('cu', 'pack'): 674.627, ('cu', 'd2h'): 674.653, ('gust', 'start'): 674.757, ('gust', 'h2d'): 674.848, ('gust', 'count'): 674.873, ('gust', 'scan'): 674.914, ('gust', 'expand'): 674.943, ('gust', 'sort'): 674.99, ('gust', 'reduce'): 675.031, ('gust', 'final'): 675.088, ('gust', 'pack'): 675.108, ('gust', 'd2h'): 675.119, ('merge', 'start'): 675.234, ('merge', 'h2d'): 675.31, ('merge', 'count'): 675.333, ('merge', 'scan'): 675.371, ('merge', 'expand'): 675.396, ('merge', 'merge'): 675.427, ('merge', 'final'): 675.473, ('merge', 'compact'): 675.5, ('merge', 'pack'): 675.518, ('merge', 'd2h'): 675.529, ('mrg2', 'start'): 675.636, ('mrg2', 'h2d'): 675.714, ('mrg2', 'count'): 675.738, ('mrg2', 'scan'): 675.786, ('mrg2', 'merge'): 675.822, ('mrg2', 'final'): 675.858, ('mrg2', 'compact'): 675.884, ('mrg2', 'pack'): 675.905, ('mrg2', 'd2h'): 675.915, ('mrg3', 'start'): 676.027, ('mrg3', 'h2d'): 676.104, ('mrg3', 'count'): 676.131, ('mrg3', 'scan'): 676.185, ('mrg3', 'merge'): 676.212, ('mrg3', 'pack'): 676.231, ('mrg3', 'd2h'): 676.242}",0.0360808335244655,0.1972831996856257
Mildly sparse,can_96,96,768,8.333333333333332,1920,1920,1920,1920,1920,0.0,,0.06200000000001182,0.17399999999997817,0.059000000000082764,0.024999999999977263,0.29500000000007276,0.515,,,,,0.52,0.431,0.36,0.306,,0.3160000000000309,0.31799999999998363,0.24099999999998545,0.17799999999999727,0.125,"{('cu', 'start'): 665.364, ('cu', 'h2dmalloc'): 665.425, ('cu', 'h2d'): 665.443, ('cu', 'workest'): 665.505, ('cu', 'compute'): 665.679, ('cu', 'copy'): 665.738, ('cu', 'pack'): 665.759, ('cu', 'd2h'): 665.784, ('gust', 'start'): 665.889, ('gust', 'h2d'): 665.969, ('gust', 'count'): 665.992, ('gust', 'scan'): 666.032, ('gust', 'expand'): 666.056, ('gust', 'sort'): 666.17, ('gust', 'reduce'): 666.212, ('gust', 'final'): 666.267, ('gust', 'pack'): 666.287, ('gust', 'd2h'): 666.299, ('merge', 'start'): 666.415, ('merge', 'h2d'): 666.496, ('merge', 'count'): 666.519, ('merge', 'scan'): 666.567, ('merge', 'expand'): 666.6, ('merge', 'merge'): 666.653, ('merge', 'final'): 666.693, ('merge', 'compact'): 666.719, ('merge', 'pack'): 666.737, ('merge', 'd2h'): 666.748, ('mrg2', 'start'): 666.853, ('mrg2', 'h2d'): 666.927, ('mrg2', 'count'): 666.949, ('mrg2', 'scan'): 666.986, ('mrg2', 'merge'): 667.028, ('mrg2', 'final'): 667.063, ('mrg2', 'compact'): 667.086, ('mrg2', 'pack'): 667.105, ('mrg2', 'd2h'): 667.116, ('mrg3', 'start'): 667.217, ('mrg3', 'h2d'): 667.292, ('mrg3', 'count'): 667.319, ('mrg3', 'scan'): 667.37, ('mrg3', 'merge'): 667.4, ('mrg3', 'pack'): 667.417, ('mrg3', 'd2h'): 667.429}",0.022991094738245,0.3198911995394155
Mildly sparse,arc130,130,1282,7.585798816568047,15631,15631,15631,15631,15631,0.0,,0.05600000000004002,0.17700000000002092,0.05899999999996908,0.033999999999991815,0.29200000000003,0.525,,,,,0.567,1.742,0.515,0.402,,0.3160000000000309,0.36000000000001364,1.552000000000021,0.33299999999997,0.20600000000001728,"{('cu', 'start'): 685.065, ('cu', 'h2dmalloc'): 685.125, ('cu', 'h2d'): 685.14, ('cu', 'workest'): 685.196, ('cu', 'compute'): 685.373, ('cu', 'copy'): 685.432, ('cu', 'pack'): 685.456, ('cu', 'd2h'): 685.49, ('gust', 'start'): 685.598, ('gust', 'h2d'): 685.679, ('gust', 'count'): 685.703, ('gust', 'scan'): 685.744, ('gust', 'expand'): 685.787, ('gust', 'sort'): 685.917, ('gust', 'reduce'): 685.962, ('gust', 'final'): 686.019, ('gust', 'pack'): 686.039, ('gust', 'd2h'): 686.068, ('merge', 'start'): 686.173, ('merge', 'h2d'): 686.251, ('merge', 'count'): 686.278, ('merge', 'scan'): 686.315, ('merge', 'expand'): 686.457, ('merge', 'merge'): 687.705, ('merge', 'final'): 687.749, ('merge', 'compact'): 687.784, ('merge', 'pack'): 687.803, ('merge', 'd2h'): 687.824, ('mrg2', 'start'): 687.921, ('mrg2', 'h2d'): 687.996, ('mrg2', 'count'): 688.019, ('mrg2', 'scan'): 688.055, ('mrg2', 'merge'): 688.253, ('mrg2', 'final'): 688.289, ('mrg2', 'compact'): 688.312, ('mrg2', 'pack'): 688.329, ('mrg2', 'd2h'): 688.35, ('mrg3', 'start'): 688.448, ('mrg3', 'h2d'): 688.529, ('mrg3', 'count'): 688.587, ('mrg3', 'scan'): 688.642, ('mrg3', 'merge'): 688.713, ('mrg3', 'pack'): 688.735, ('mrg3', 'd2h'): 688.755}",0.0207379925996065,0.3685951991239562
Mildly sparse,ash85,85,523,7.2387543252595155,1317,1317,1317,1317,1317,0.0,,0.05700000000001637,0.15499999999997272,0.057999999999992724,0.028999999999996362,0.2699999999999818,0.488,,,,,0.528,0.408,0.355,0.315,,0.29300000000000637,0.3310000000000173,0.2319999999999709,0.18000000000006366,0.1449999999999818,"{('cu', 'start'): 696.471, ('cu', 'h2dmalloc'): 696.536, ('cu', 'h2d'): 696.553, ('cu', 'workest'): 696.61, ('cu', 'compute'): 696.765, ('cu', 'copy'): 696.823, ('cu', 'pack'): 696.846, ('cu', 'd2h'): 696.875, ('gust', 'start'): 696.97, ('gust', 'h2d'): 697.047, ('gust', 'count'): 697.07, ('gust', 'scan'): 697.11, ('gust', 'expand'): 697.144, ('gust', 'sort'): 697.255, ('gust', 'reduce'): 697.299, ('gust', 'final'): 697.355, ('gust', 'pack'): 697.378, ('gust', 'd2h'): 697.39, ('merge', 'start'): 697.504, ('merge', 'h2d'): 697.581, ('merge', 'count'): 697.61, ('merge', 'scan'): 697.648, ('merge', 'expand'): 697.678, ('merge', 'merge'): 697.731, ('merge', 'final'): 697.772, ('merge', 'compact'): 697.795, ('merge', 'pack'): 697.813, ('merge', 'd2h'): 697.823, ('mrg2', 'start'): 697.919, ('mrg2', 'h2d'): 697.991, ('mrg2', 'count'): 698.015, ('mrg2', 'scan'): 698.052, ('mrg2', 'merge'): 698.091, ('mrg2', 'final'): 698.126, ('mrg2', 'compact'): 698.152, ('mrg2', 'pack'): 698.171, ('mrg2', 'd2h'): 698.182, ('mrg3', 'start'): 698.281, ('mrg3', 'h2d'): 698.35, ('mrg3', 'count'): 698.382, ('mrg3', 'scan'): 698.43, ('mrg3', 'merge'): 698.475, ('mrg3', 'pack'): 698.495, ('mrg3', 'd2h'): 698.506}",0.0397278927266597,0.2039135986473411
Mildly sparse,can_73,73,377,7.0744980296490905,1377,1377,1377,1377,1377,0.0,,0.07200000000000273,0.17599999999993088,0.057999999999992724,0.026000000000067303,0.30599999999992633,0.532,,,,,0.461,0.425,0.361,0.316,,0.3289999999999509,0.25900000000001455,0.2379999999999427,0.17899999999997362,0.1349999999999909,"{('cu', 'start'): 673.731, ('cu', 'h2dmalloc'): 673.793, ('cu', 'h2d'): 673.811, ('cu', 'workest'): 673.883, ('cu', 'compute'): 674.059, ('cu', 'copy'): 674.117, ('cu', 'pack'): 674.14, ('cu', 'd2h'): 674.166, ('gust', 'start'): 674.271, ('gust', 'h2d'): 674.355, ('gust', 'count'): 674.379, ('gust', 'scan'): 674.418, ('gust', 'expand'): 674.444, ('gust', 'sort'): 674.492, ('gust', 'reduce'): 674.536, ('gust', 'final'): 674.594, ('gust', 'pack'): 674.614, ('gust', 'd2h'): 674.625, ('merge', 'start'): 674.739, ('merge', 'h2d'): 674.817, ('merge', 'count'): 674.837, ('merge', 'scan'): 674.881, ('merge', 'expand'): 674.91, ('merge', 'merge'): 674.963, ('merge', 'final'): 675.004, ('merge', 'compact'): 675.036, ('merge', 'pack'): 675.055, ('merge', 'd2h'): 675.067, ('mrg2', 'start'): 675.171, ('mrg2', 'h2d'): 675.246, ('mrg2', 'count'): 675.266, ('mrg2', 'scan'): 675.303, ('mrg2', 'merge'): 675.345, ('mrg2', 'final'): 675.379, ('mrg2', 'compact'): 675.404, ('mrg2', 'pack'): 675.425, ('mrg2', 'd2h'): 675.436, ('mrg3', 'start'): 675.538, ('mrg3', 'h2d'): 675.61, ('mrg3', 'count'): 675.639, ('mrg3', 'scan'): 675.69, ('mrg3', 'merge'): 675.725, ('mrg3', 'pack'): 675.745, ('mrg3', 'd2h'): 675.756}",0.0328361056745052,0.2018720013089478
Mildly sparse,bcspwr02,49,167,6.9554352353186175,403,403,403,403,403,0.0,,0.05600000000004002,0.16699999999991633,0.05700000000001637,0.02800000000002001,0.2799999999999727,0.492,,,,,0.466,0.381,0.354,0.299,,0.3039999999999736,0.26499999999998636,0.21199999999998909,0.18299999999999272,0.12399999999990996,"{('cu', 'start'): 679.284, ('cu', 'h2dmalloc'): 679.346, ('cu', 'h2d'): 679.361, ('cu', 'workest'): 679.417, ('cu', 'compute'): 679.584, ('cu', 'copy'): 679.641, ('cu', 'pack'): 679.665, ('cu', 'd2h'): 679.693, ('gust', 'start'): 679.791, ('gust', 'h2d'): 679.879, ('gust', 'count'): 679.902, ('gust', 'scan'): 679.945, ('gust', 'expand'): 679.972, ('gust', 'sort'): 680.02, ('gust', 'reduce'): 680.063, ('gust', 'final'): 680.122, ('gust', 'pack'): 680.144, ('gust', 'd2h'): 680.154, ('merge', 'start'): 680.262, ('merge', 'h2d'): 680.336, ('merge', 'count'): 680.359, ('merge', 'scan'): 680.396, ('merge', 'expand'): 680.426, ('merge', 'merge'): 680.463, ('merge', 'final'): 680.502, ('merge', 'compact'): 680.53, ('merge', 'pack'): 680.548, ('merge', 'd2h'): 680.559, ('mrg2', 'start'): 680.652, ('mrg2', 'h2d'): 680.724, ('mrg2', 'count'): 680.746, ('mrg2', 'scan'): 680.782, ('mrg2', 'merge'): 680.817, ('mrg2', 'final'): 680.86, ('mrg2', 'compact'): 680.886, ('mrg2', 'pack'): 680.907, ('mrg2', 'd2h'): 680.917, ('mrg3', 'start'): 681.014, ('mrg3', 'h2d'): 681.085, ('mrg3', 'count'): 681.113, ('mrg3', 'scan'): 681.162, ('mrg3', 'merge'): 681.192, ('mrg3', 'pack'): 681.209, ('mrg3', 'd2h'): 681.22}",0.0358140096068382,0.1971423999406397
Mildly sparse,can_144,144,1296,6.25,3456,3456,3456,3456,3456,0.0,,0.05700000000001637,0.16499999999996362,0.057999999999992724,0.028999999999996362,0.2799999999999727,0.497,,,,,0.529,0.443,0.356,0.314,,0.3020000000000209,0.3300000000000409,0.26099999999996726,0.18200000000001637,0.1349999999999909,"{('cu', 'start'): 691.273, ('cu', 'h2dmalloc'): 691.336, ('cu', 'h2d'): 691.352, ('cu', 'workest'): 691.409, ('cu', 'compute'): 691.574, ('cu', 'copy'): 691.632, ('cu', 'pack'): 691.654, ('cu', 'd2h'): 691.683, ('gust', 'start'): 691.783, ('gust', 'h2d'): 691.867, ('gust', 'count'): 691.89, ('gust', 'scan'): 691.93, ('gust', 'expand'): 691.957, ('gust', 'sort'): 692.073, ('gust', 'reduce'): 692.116, ('gust', 'final'): 692.175, ('gust', 'pack'): 692.197, ('gust', 'd2h'): 692.209, ('merge', 'start'): 692.317, ('merge', 'h2d'): 692.397, ('merge', 'count'): 692.421, ('merge', 'scan'): 692.458, ('merge', 'expand'): 692.493, ('merge', 'merge'): 692.572, ('merge', 'final'): 692.611, ('merge', 'compact'): 692.639, ('merge', 'pack'): 692.658, ('merge', 'd2h'): 692.67, ('mrg2', 'start'): 692.769, ('mrg2', 'h2d'): 692.845, ('mrg2', 'count'): 692.868, ('mrg2', 'scan'): 692.904, ('mrg2', 'merge'): 692.948, ('mrg2', 'final'): 692.983, ('mrg2', 'compact'): 693.009, ('mrg2', 'pack'): 693.027, ('mrg2', 'd2h'): 693.039, ('mrg3', 'start'): 693.13, ('mrg3', 'h2d'): 693.202, ('mrg3', 'count'): 693.234, ('mrg3', 'scan'): 693.286, ('mrg3', 'merge'): 693.32, ('mrg3', 'pack'): 693.337, ('mrg3', 'd2h'): 693.35}",0.0506001524627208,0.3268159992527216
Mildly sparse,can_62,62,218,5.6711758584807495,482,482,482,482,482,0.0,,0.06500000000005457,0.17200000000002547,0.05899999999996908,0.027999999999906322,0.2960000000000491,0.524,,,,,0.479,0.404,0.362,0.356,,0.31900000000007367,0.27700000000004366,0.21699999999998454,0.17799999999999727,0.14999999999997726,"{('cu', 'start'): 687.926, ('cu', 'h2dmalloc'): 687.99, ('cu', 'h2d'): 688.006, ('cu', 'workest'): 688.071, ('cu', 'compute'): 688.243, ('cu', 'copy'): 688.302, ('cu', 'pack'): 688.325, ('cu', 'd2h'): 688.353, ('gust', 'start'): 688.461, ('gust', 'h2d'): 688.538, ('gust', 'count'): 688.565, ('gust', 'scan'): 688.604, ('gust', 'expand'): 688.63, ('gust', 'sort'): 688.679, ('gust', 'reduce'): 688.725, ('gust', 'final'): 688.794, ('gust', 'pack'): 688.815, ('gust', 'd2h'): 688.826, ('merge', 'start'): 688.946, ('merge', 'h2d'): 689.024, ('merge', 'count'): 689.048, ('merge', 'scan'): 689.087, ('merge', 'expand'): 689.112, ('merge', 'merge'): 689.151, ('merge', 'final'): 689.193, ('merge', 'compact'): 689.222, ('merge', 'pack'): 689.241, ('merge', 'd2h'): 689.252, ('mrg2', 'start'): 689.357, ('mrg2', 'h2d'): 689.431, ('mrg2', 'count'): 689.455, ('mrg2', 'scan'): 689.492, ('mrg2', 'merge'): 689.526, ('mrg2', 'final'): 689.564, ('mrg2', 'compact'): 689.59, ('mrg2', 'pack'): 689.609, ('mrg2', 'd2h'): 689.62, ('mrg3', 'start'): 689.724, ('mrg3', 'h2d'): 689.807, ('mrg3', 'count'): 689.836, ('mrg3', 'scan'): 689.893, ('mrg3', 'merge'): 689.934, ('mrg3', 'pack'): 689.957, ('mrg3', 'd2h'): 689.968}",0.0414859969168901,0.1976704007713124
Mildly sparse,can_161,161,1377,5.31229505034528,3761,3761,3761,3761,3761,0.0,,0.05899999999996908,0.15499999999997272,0.057999999999992724,0.028999999999996362,0.2719999999999345,0.503,,,,,0.529,0.499,0.363,0.344,,0.2939999999999827,0.3229999999999791,0.30599999999992633,0.18600000000003547,0.16300000000001091,"{('cu', 'start'): 684.764, ('cu', 'h2dmalloc'): 684.837, ('cu', 'h2d'): 684.855, ('cu', 'workest'): 684.914, ('cu', 'compute'): 685.069, ('cu', 'copy'): 685.127, ('cu', 'pack'): 685.149, ('cu', 'd2h'): 685.178, ('gust', 'start'): 685.276, ('gust', 'h2d'): 685.364, ('gust', 'count'): 685.389, ('gust', 'scan'): 685.427, ('gust', 'expand'): 685.452, ('gust', 'sort'): 685.565, ('gust', 'reduce'): 685.609, ('gust', 'final'): 685.665, ('gust', 'pack'): 685.687, ('gust', 'd2h'): 685.699, ('merge', 'start'): 685.813, ('merge', 'h2d'): 685.907, ('merge', 'count'): 685.932, ('merge', 'scan'): 685.969, ('merge', 'expand'): 686.012, ('merge', 'merge'): 686.104, ('merge', 'final'): 686.144, ('merge', 'compact'): 686.191, ('merge', 'pack'): 686.213, ('merge', 'd2h'): 686.225, ('mrg2', 'start'): 686.319, ('mrg2', 'h2d'): 686.396, ('mrg2', 'count'): 686.419, ('mrg2', 'scan'): 686.455, ('mrg2', 'merge'): 686.501, ('mrg2', 'final'): 686.539, ('mrg2', 'compact'): 686.562, ('mrg2', 'pack'): 686.582, ('mrg2', 'd2h'): 686.594, ('mrg3', 'start'): 686.691, ('mrg3', 'h2d'): 686.768, ('mrg3', 'count'): 686.804, ('mrg3', 'scan'): 686.868, ('mrg3', 'merge'): 686.91, ('mrg3', 'pack'): 686.931, ('mrg3', 'd2h'): 686.943}",0.0438881106674671,0.3298784007085488
Mildly sparse,bcsstk03,112,640,5.1020408163265305,1072,1072,1072,1072,1072,0.0,,0.05700000000001637,0.15399999999999636,0.06299999999998818,0.02400000000000091,0.2740000000000009,0.485,,,,,0.517,0.399,0.352,0.296,,0.2960000000000491,0.3240000000000691,0.21500000000003183,0.16599999999993997,0.12599999999997635,"{('cu', 'start'): 670.494, ('cu', 'h2dmalloc'): 670.557, ('cu', 'h2d'): 670.573, ('cu', 'workest'): 670.63, ('cu', 'compute'): 670.784, ('cu', 'copy'): 670.847, ('cu', 'pack'): 670.869, ('cu', 'd2h'): 670.893, ('gust', 'start'): 670.988, ('gust', 'h2d'): 671.068, ('gust', 'count'): 671.092, ('gust', 'scan'): 671.129, ('gust', 'expand'): 671.158, ('gust', 'sort'): 671.272, ('gust', 'reduce'): 671.316, ('gust', 'final'): 671.369, ('gust', 'pack'): 671.392, ('gust', 'd2h'): 671.405, ('merge', 'start'): 671.514, ('merge', 'h2d'): 671.598, ('merge', 'count'): 671.63, ('merge', 'scan'): 671.667, ('merge', 'expand'): 671.696, ('merge', 'merge'): 671.729, ('merge', 'final'): 671.768, ('merge', 'compact'): 671.795, ('merge', 'pack'): 671.813, ('merge', 'd2h'): 671.823, ('mrg2', 'start'): 671.92, ('mrg2', 'h2d'): 671.993, ('mrg2', 'count'): 672.016, ('mrg2', 'scan'): 672.052, ('mrg2', 'merge'): 672.084, ('mrg2', 'final'): 672.115, ('mrg2', 'compact'): 672.141, ('mrg2', 'pack'): 672.159, ('mrg2', 'd2h'): 672.174, ('mrg3', 'start'): 672.278, ('mrg3', 'h2d'): 672.351, ('mrg3', 'count'): 672.379, ('mrg3', 'scan'): 672.429, ('mrg3', 'merge'): 672.459, ('mrg3', 'pack'): 672.477, ('mrg3', 'd2h'): 672.488}",0.0501861795783042,0.1770592000102624
Mildly sparse,bcsstk06,420,7860,4.45578231292517,23660,23660,23660,23660,23660,0.0,,0.06200000000001182,0.25499999999999545,0.06100000000003547,0.11300000000005639,0.37800000000004275,0.671,,,,,0.854,0.842,0.421,0.396,,0.4009999999999536,0.5900000000000318,0.5900000000000318,0.2259999999999991,0.19799999999997908,"{('cu', 'start'): 675.374, ('cu', 'h2dmalloc'): 675.438, ('cu', 'h2d'): 675.457, ('cu', 'workest'): 675.519, ('cu', 'compute'): 675.774, ('cu', 'copy'): 675.835, ('cu', 'pack'): 675.858, ('cu', 'd2h'): 675.971, ('gust', 'start'): 676.056, ('gust', 'h2d'): 676.14, ('gust', 'count'): 676.176, ('gust', 'scan'): 676.214, ('gust', 'expand'): 676.252, ('gust', 'sort'): 676.524, ('gust', 'reduce'): 676.638, ('gust', 'final'): 676.706, ('gust', 'pack'): 676.73, ('gust', 'd2h'): 676.762, ('merge', 'start'): 676.919, ('merge', 'h2d'): 676.996, ('merge', 'count'): 677.023, ('merge', 'scan'): 677.06, ('merge', 'expand'): 677.149, ('merge', 'merge'): 677.489, ('merge', 'final'): 677.533, ('merge', 'compact'): 677.568, ('merge', 'pack'): 677.586, ('merge', 'd2h'): 677.613, ('mrg2', 'start'): 677.768, ('mrg2', 'h2d'): 677.846, ('mrg2', 'count'): 677.873, ('mrg2', 'scan'): 677.911, ('mrg2', 'merge'): 677.991, ('mrg2', 'final'): 678.028, ('mrg2', 'compact'): 678.053, ('mrg2', 'pack'): 678.072, ('mrg2', 'd2h'): 678.1, ('mrg3', 'start'): 678.197, ('mrg3', 'h2d'): 678.278, ('mrg3', 'count'): 678.329, ('mrg3', 'scan'): 678.39, ('mrg3', 'merge'): 678.455, ('mrg3', 'pack'): 678.476, ('mrg3', 'd2h'): 678.5}",0.0637101475149393,0.3355519992299378
Mildly sparse,bcsstk07,420,7860,4.45578231292517,23660,23660,23660,23660,23660,0.0,,0.06200000000001182,0.2520000000000664,0.06199999999989814,0.1330000000000382,0.37599999999997635,0.707,,,,,0.88,0.851,0.432,0.394,,0.40200000000004366,0.5800000000000409,0.5740000000000691,0.2239999999999327,0.19100000000003092,"{('cu', 'start'): 685.822, ('cu', 'h2dmalloc'): 685.887, ('cu', 'h2d'): 685.905, ('cu', 'workest'): 685.967, ('cu', 'compute'): 686.219, ('cu', 'copy'): 686.281, ('cu', 'pack'): 686.307, ('cu', 'd2h'): 686.44, ('gust', 'start'): 686.538, ('gust', 'h2d'): 686.621, ('gust', 'count'): 686.645, ('gust', 'scan'): 686.688, ('gust', 'expand'): 686.721, ('gust', 'sort'): 686.998, ('gust', 'reduce'): 687.111, ('gust', 'final'): 687.178, ('gust', 'pack'): 687.201, ('gust', 'd2h'): 687.236, ('merge', 'start'): 687.424, ('merge', 'h2d'): 687.506, ('merge', 'count'): 687.529, ('merge', 'scan'): 687.569, ('merge', 'expand'): 687.653, ('merge', 'merge'): 687.992, ('merge', 'final'): 688.036, ('merge', 'compact'): 688.062, ('merge', 'pack'): 688.08, ('merge', 'd2h'): 688.105, ('mrg2', 'start'): 688.281, ('mrg2', 'h2d'): 688.364, ('mrg2', 'count'): 688.387, ('mrg2', 'scan'): 688.428, ('mrg2', 'merge'): 688.504, ('mrg2', 'final'): 688.542, ('mrg2', 'compact'): 688.569, ('mrg2', 'pack'): 688.588, ('mrg2', 'd2h'): 688.614, ('mrg3', 'start'): 688.719, ('mrg3', 'h2d'): 688.798, ('mrg3', 'count'): 688.845, ('mrg3', 'scan'): 688.903, ('mrg3', 'merge'): 688.968, ('mrg3', 'pack'): 688.989, ('mrg3', 'd2h'): 689.014}",0.063320156186819,0.3094751984113827
Mildly sparse,can_256,256,2916,4.449462890625,18568,18568,18568,18568,18568,0.0,,0.06399999999996453,0.19200000000000728,0.06100000000003547,0.03700000000003456,0.3170000000000073,0.568,,,,,0.598,2.096,0.588,0.452,,0.3410000000000082,0.3690000000000282,1.8819999999999482,0.37800000000004275,0.2379999999999427,"{('cu', 'start'): 678.074, ('cu', 'h2dmalloc'): 678.138, ('cu', 'h2d'): 678.163, ('cu', 'workest'): 678.227, ('cu', 'compute'): 678.419, ('cu', 'copy'): 678.48, ('cu', 'pack'): 678.504, ('cu', 'd2h'): 678.541, ('gust', 'start'): 678.652, ('gust', 'h2d'): 678.746, ('gust', 'count'): 678.774, ('gust', 'scan'): 678.816, ('gust', 'expand'): 678.854, ('gust', 'sort'): 678.987, ('gust', 'reduce'): 679.031, ('gust', 'final'): 679.093, ('gust', 'pack'): 679.115, ('gust', 'd2h'): 679.145, ('merge', 'start'): 679.255, ('merge', 'h2d'): 679.35, ('merge', 'count'): 679.377, ('merge', 'scan'): 679.424, ('merge', 'expand'): 679.55, ('merge', 'merge'): 681.145, ('merge', 'final'): 681.19, ('merge', 'compact'): 681.213, ('merge', 'pack'): 681.232, ('merge', 'd2h'): 681.253, ('mrg2', 'start'): 681.357, ('mrg2', 'h2d'): 681.449, ('mrg2', 'count'): 681.479, ('mrg2', 'scan'): 681.517, ('mrg2', 'merge'): 681.75, ('mrg2', 'final'): 681.785, ('mrg2', 'compact'): 681.808, ('mrg2', 'pack'): 681.827, ('mrg2', 'd2h'): 681.848, ('mrg3', 'start'): 681.952, ('mrg3', 'h2d'): 682.042, ('mrg3', 'count'): 682.116, ('mrg3', 'scan'): 682.169, ('mrg3', 'merge'): 682.26, ('mrg3', 'pack'): 682.28, ('mrg3', 'd2h'): 682.301}",0.0501149334013462,0.345513599156402
Mildly sparse,can_268,268,3082,4.291044776119403,15590,15590,15590,15590,15590,0.0,,0.07799999999997453,0.19100000000003092,0.06999999999993634,0.047000000000025466,0.3389999999999418,0.589,,,,,0.611,0.937,0.498,0.404,,0.36399999999991905,0.38999999999998636,0.7290000000000418,0.2969999999999118,0.20400000000006457,"{('cu', 'start'): 687.755, ('cu', 'h2dmalloc'): 687.818, ('cu', 'h2d'): 687.835, ('cu', 'workest'): 687.913, ('cu', 'compute'): 688.104, ('cu', 'copy'): 688.174, ('cu', 'pack'): 688.199, ('cu', 'd2h'): 688.246, ('gust', 'start'): 688.353, ('gust', 'h2d'): 688.437, ('gust', 'count'): 688.464, ('gust', 'scan'): 688.507, ('gust', 'expand'): 688.541, ('gust', 'sort'): 688.687, ('gust', 'reduce'): 688.735, ('gust', 'final'): 688.801, ('gust', 'pack'): 688.827, ('gust', 'd2h'): 688.857, ('merge', 'start'): 688.97, ('merge', 'h2d'): 689.054, ('merge', 'count'): 689.08, ('merge', 'scan'): 689.126, ('merge', 'expand'): 689.212, ('merge', 'merge'): 689.686, ('merge', 'final'): 689.731, ('merge', 'compact'): 689.761, ('merge', 'pack'): 689.783, ('merge', 'd2h'): 689.807, ('mrg2', 'start'): 689.914, ('mrg2', 'h2d'): 689.993, ('mrg2', 'count'): 690.018, ('mrg2', 'scan'): 690.062, ('mrg2', 'merge'): 690.19, ('mrg2', 'final'): 690.238, ('mrg2', 'compact'): 690.267, ('mrg2', 'pack'): 690.29, ('mrg2', 'd2h'): 690.312, ('mrg3', 'start'): 690.418, ('mrg3', 'h2d'): 690.496, ('mrg3', 'count'): 690.549, ('mrg3', 'scan'): 690.612, ('mrg3', 'merge'): 690.677, ('mrg3', 'pack'): 690.7, ('mrg3', 'd2h'): 690.723}",0.0461200252175331,0.34315840031486
Mildly sparse,can_187,187,1491,4.26377648774629,3719,3719,3719,3719,3719,0.0,,0.07200000000000273,0.16700000000003,0.05899999999996908,0.027000000000043656,0.2980000000000018,0.524,,,,,0.552,0.442,0.373,0.322,,0.31899999999996,0.3369999999999891,0.23699999999996635,0.18299999999999272,0.12999999999999545,"{('cu', 'start'): 681.9, ('cu', 'h2dmalloc'): 681.962, ('cu', 'h2d'): 681.98, ('cu', 'workest'): 682.052, ('cu', 'compute'): 682.219, ('cu', 'copy'): 682.278, ('cu', 'pack'): 682.299, ('cu', 'd2h'): 682.326, ('gust', 'start'): 682.432, ('gust', 'h2d'): 682.52, ('gust', 'count'): 682.546, ('gust', 'scan'): 682.588, ('gust', 'expand'): 682.614, ('gust', 'sort'): 682.732, ('gust', 'reduce'): 682.777, ('gust', 'final'): 682.836, ('gust', 'pack'): 682.857, ('gust', 'd2h'): 682.87, ('merge', 'start'): 682.991, ('merge', 'h2d'): 683.085, ('merge', 'count'): 683.109, ('merge', 'scan'): 683.149, ('merge', 'expand'): 683.181, ('merge', 'merge'): 683.235, ('merge', 'final'): 683.276, ('merge', 'compact'): 683.303, ('merge', 'pack'): 683.322, ('merge', 'd2h'): 683.334, ('mrg2', 'start'): 683.44, ('mrg2', 'h2d'): 683.52, ('mrg2', 'count'): 683.543, ('mrg2', 'scan'): 683.581, ('mrg2', 'merge'): 683.623, ('mrg2', 'final'): 683.659, ('mrg2', 'compact'): 683.684, ('mrg2', 'pack'): 683.703, ('mrg2', 'd2h'): 683.715, ('mrg3', 'start'): 683.82, ('mrg3', 'h2d'): 683.898, ('mrg3', 'count'): 683.925, ('mrg3', 'scan'): 683.98, ('mrg3', 'merge'): 684.01, ('mrg3', 'pack'): 684.028, ('mrg3', 'd2h'): 684.043}",0.0508599914610385,0.32642880033236
Mildly sparse,bcsstm07,420,7252,4.111111111111112,22972,22972,22972,22972,22972,0.0,,0.06899999999995998,0.28300000000001546,0.07100000000002638,0.14200000000005275,0.4230000000000018,0.767,,,,,0.924,0.896,0.472,0.431,,0.44700000000000273,0.6029999999999518,0.6730000000000018,0.2400000000000091,0.20100000000002183,"{('cu', 'start'): 688.148, ('cu', 'h2dmalloc'): 688.218, ('cu', 'h2d'): 688.236, ('cu', 'workest'): 688.305, ('cu', 'compute'): 688.588, ('cu', 'copy'): 688.659, ('cu', 'pack'): 688.683, ('cu', 'd2h'): 688.825, ('gust', 'start'): 688.924, ('gust', 'h2d'): 689.014, ('gust', 'count'): 689.04, ('gust', 'scan'): 689.082, ('gust', 'expand'): 689.114, ('gust', 'sort'): 689.406, ('gust', 'reduce'): 689.526, ('gust', 'final'): 689.588, ('gust', 'pack'): 689.617, ('gust', 'd2h'): 689.657, ('merge', 'start'): 689.856, ('merge', 'h2d'): 689.944, ('merge', 'count'): 689.969, ('merge', 'scan'): 690.013, ('merge', 'expand'): 690.094, ('merge', 'merge'): 690.426, ('merge', 'final'): 690.477, ('merge', 'compact'): 690.586, ('merge', 'pack'): 690.617, ('merge', 'd2h'): 690.644, ('mrg2', 'start'): 690.76, ('mrg2', 'h2d'): 690.849, ('mrg2', 'count'): 690.873, ('mrg2', 'scan'): 690.915, ('mrg2', 'merge'): 690.989, ('mrg2', 'final'): 691.028, ('mrg2', 'compact'): 691.068, ('mrg2', 'pack'): 691.089, ('mrg2', 'd2h'): 691.114, ('mrg3', 'start'): 691.238, ('mrg3', 'h2d'): 691.332, ('mrg3', 'count'): 691.382, ('mrg3', 'scan'): 691.44, ('mrg3', 'merge'): 691.505, ('mrg3', 'pack'): 691.533, ('mrg3', 'd2h'): 691.559}",0.0598998740315437,0.3123072006274014
Mildly sparse,bcsstk27,1224,56126,3.7462888205391085,138106,138106,138106,138106,138106,0.0,,0.05999999999994543,0.4780000000000655,0.1289999999999054,0.23500000000001364,0.6669999999999163,1.181,,,,,1.804,2.416,1.005,0.817,,0.6879999999999882,1.4239999999999782,2.0459999999999354,0.63900000000001,0.4500000000000455,"{('cu', 'start'): 702.542, ('cu', 'h2dmalloc'): 702.6, ('cu', 'h2d'): 702.657, ('cu', 'workest'): 702.717, ('cu', 'compute'): 703.195, ('cu', 'copy'): 703.324, ('cu', 'pack'): 703.345, ('cu', 'd2h'): 703.58, ('gust', 'start'): 703.732, ('gust', 'h2d'): 703.851, ('gust', 'count'): 703.879, ('gust', 'scan'): 703.92, ('gust', 'expand'): 704.09, ('gust', 'sort'): 704.654, ('gust', 'reduce'): 704.842, ('gust', 'final'): 705.187, ('gust', 'pack'): 705.275, ('gust', 'd2h'): 705.386, ('merge', 'start'): 705.543, ('merge', 'h2d'): 705.657, ('merge', 'count'): 705.685, ('merge', 'scan'): 705.726, ('merge', 'expand'): 706.13, ('merge', 'merge'): 707.283, ('merge', 'final'): 707.465, ('merge', 'compact'): 707.621, ('merge', 'pack'): 707.703, ('merge', 'd2h'): 707.813, ('mrg2', 'start'): 707.966, ('mrg2', 'h2d'): 708.078, ('mrg2', 'count'): 708.103, ('mrg2', 'scan'): 708.143, ('mrg2', 'merge'): 708.432, ('mrg2', 'final'): 708.473, ('mrg2', 'compact'): 708.638, ('mrg2', 'pack'): 708.717, ('mrg2', 'd2h'): 708.827, ('mrg3', 'start'): 708.977, ('mrg3', 'h2d'): 709.087, ('mrg3', 'count'): 709.21, ('mrg3', 'scan'): 709.267, ('mrg3', 'merge'): 709.454, ('mrg3', 'pack'): 709.537, ('mrg3', 'd2h'): 709.647}",0.1710201613605022,0.5414048017002643
Mildly sparse,bcsstm27,1224,56126,3.7462888205391085,138106,138106,138106,138106,138106,0.0,,0.08000000000004093,0.5529999999999973,0.1449999999999818,0.22400000000004638,0.77800000000002,1.31,,,,,1.958,2.524,1.059,0.843,,0.8039999999999736,1.5629999999999882,2.147000000000048,0.6879999999999882,0.4680000000000746,"{('cu', 'start'): 716.689, ('cu', 'h2dmalloc'): 716.75, ('cu', 'h2d'): 716.798, ('cu', 'workest'): 716.878, ('cu', 'compute'): 717.431, ('cu', 'copy'): 717.576, ('cu', 'pack'): 717.602, ('cu', 'd2h'): 717.826, ('gust', 'start'): 718.008, ('gust', 'h2d'): 718.129, ('gust', 'count'): 718.16, ('gust', 'scan'): 718.211, ('gust', 'expand'): 718.386, ('gust', 'sort'): 718.976, ('gust', 'reduce'): 719.182, ('gust', 'final'): 719.597, ('gust', 'pack'): 719.692, ('gust', 'd2h'): 719.795, ('merge', 'start'): 719.976, ('merge', 'h2d'): 720.083, ('merge', 'count'): 720.112, ('merge', 'scan'): 720.158, ('merge', 'expand'): 720.565, ('merge', 'merge'): 721.741, ('merge', 'final'): 721.953, ('merge', 'compact'): 722.14, ('merge', 'pack'): 722.23, ('merge', 'd2h'): 722.331, ('mrg2', 'start'): 722.507, ('mrg2', 'h2d'): 722.611, ('mrg2', 'count'): 722.638, ('mrg2', 'scan'): 722.682, ('mrg2', 'merge'): 722.979, ('mrg2', 'final'): 723.025, ('mrg2', 'compact'): 723.212, ('mrg2', 'pack'): 723.299, ('mrg2', 'd2h'): 723.398, ('mrg3', 'start'): 723.572, ('mrg3', 'h2d'): 723.675, ('mrg3', 'count'): 723.8, ('mrg3', 'scan'): 723.866, ('mrg3', 'merge'): 724.046, ('mrg3', 'pack'): 724.143, ('mrg3', 'd2h'): 724.243}",0.1454139128327369,0.5418335996568203
Mildly sparse,bcsstk22,138,696,3.6546943919344677,1552,1552,1552,1552,1552,0.0,,0.05700000000001637,0.15499999999997272,0.05700000000001637,0.028999999999996362,0.26900000000000546,0.494,,,,,0.521,0.422,0.351,0.314,,0.29200000000003,0.31900000000007367,0.22699999999997544,0.17600000000004457,0.1309999999999718,"{('cu', 'start'): 660.321, ('cu', 'h2dmalloc'): 660.391, ('cu', 'h2d'): 660.409, ('cu', 'workest'): 660.466, ('cu', 'compute'): 660.621, ('cu', 'copy'): 660.678, ('cu', 'pack'): 660.701, ('cu', 'd2h'): 660.73, ('gust', 'start'): 660.83, ('gust', 'h2d'): 660.915, ('gust', 'count'): 660.937, ('gust', 'scan'): 660.977, ('gust', 'expand'): 661.003, ('gust', 'sort'): 661.113, ('gust', 'reduce'): 661.157, ('gust', 'final'): 661.213, ('gust', 'pack'): 661.234, ('gust', 'd2h'): 661.244, ('merge', 'start'): 661.354, ('merge', 'h2d'): 661.45, ('merge', 'count'): 661.475, ('merge', 'scan'): 661.513, ('merge', 'expand'): 661.542, ('merge', 'merge'): 661.586, ('merge', 'final'): 661.625, ('merge', 'compact'): 661.659, ('merge', 'pack'): 661.677, ('merge', 'd2h'): 661.688, ('mrg2', 'start'): 661.784, ('mrg2', 'h2d'): 661.858, ('mrg2', 'count'): 661.881, ('mrg2', 'scan'): 661.918, ('mrg2', 'merge'): 661.956, ('mrg2', 'final'): 661.99, ('mrg2', 'compact'): 662.015, ('mrg2', 'pack'): 662.034, ('mrg2', 'd2h'): 662.045, ('mrg3', 'start'): 662.14, ('mrg3', 'h2d'): 662.212, ('mrg3', 'count'): 662.242, ('mrg3', 'scan'): 662.291, ('mrg3', 'merge'): 662.325, ('mrg3', 'pack'): 662.343, ('mrg3', 'd2h'): 662.354}",0.0209119170904159,0.4052128002047538
Mildly sparse,bcspwr03,118,476,3.418557885665039,1270,1270,1270,1270,1270,0.0,,0.05700000000001637,0.16399999999998727,0.05700000000001637,0.024999999999977263,0.27800000000002,0.511,,,,,0.469,0.429,0.381,0.331,,0.30299999999999727,0.2599999999999909,0.23900000000003274,0.18600000000003547,0.1449999999999818,"{('cu', 'start'): 675.657, ('cu', 'h2dmalloc'): 675.719, ('cu', 'h2d'): 675.736, ('cu', 'workest'): 675.793, ('cu', 'compute'): 675.957, ('cu', 'copy'): 676.014, ('cu', 'pack'): 676.039, ('cu', 'd2h'): 676.064, ('gust', 'start'): 676.175, ('gust', 'h2d'): 676.255, ('gust', 'count'): 676.279, ('gust', 'scan'): 676.32, ('gust', 'expand'): 676.343, ('gust', 'sort'): 676.393, ('gust', 'reduce'): 676.436, ('gust', 'final'): 676.495, ('gust', 'pack'): 676.515, ('gust', 'd2h'): 676.526, ('merge', 'start'): 676.651, ('merge', 'h2d'): 676.73, ('merge', 'count'): 676.755, ('merge', 'scan'): 676.794, ('merge', 'expand'): 676.824, ('merge', 'merge'): 676.883, ('merge', 'final'): 676.923, ('merge', 'compact'): 676.95, ('merge', 'pack'): 676.969, ('merge', 'd2h'): 676.98, ('mrg2', 'start'): 677.086, ('mrg2', 'h2d'): 677.169, ('mrg2', 'count'): 677.191, ('mrg2', 'scan'): 677.23, ('mrg2', 'merge'): 677.273, ('mrg2', 'final'): 677.31, ('mrg2', 'compact'): 677.336, ('mrg2', 'pack'): 677.355, ('mrg2', 'd2h'): 677.366, ('mrg3', 'start'): 677.472, ('mrg3', 'h2d'): 677.549, ('mrg3', 'count'): 677.583, ('mrg3', 'scan'): 677.638, ('mrg3', 'merge'): 677.673, ('mrg3', 'pack'): 677.694, ('mrg3', 'd2h'): 677.705}",0.0455530826002359,0.2096288006752729
Mildly sparse,can_229,229,1777,3.388570012013501,5017,5017,5017,5017,5017,0.0,,0.07599999999990814,0.18700000000001182,0.07000000000005002,0.031000000000062755,0.33299999999997,0.578,,,,,0.61,0.521,0.413,0.379,,0.3589999999999236,0.3669999999999618,0.30299999999999727,0.21199999999998909,0.18199999999990268,"{('cu', 'start'): 696.608, ('cu', 'h2dmalloc'): 696.672, ('cu', 'h2d'): 696.695, ('cu', 'workest'): 696.771, ('cu', 'compute'): 696.958, ('cu', 'copy'): 697.028, ('cu', 'pack'): 697.054, ('cu', 'd2h'): 697.085, ('gust', 'start'): 697.197, ('gust', 'h2d'): 697.301, ('gust', 'count'): 697.327, ('gust', 'scan'): 697.373, ('gust', 'expand'): 697.4, ('gust', 'sort'): 697.53, ('gust', 'reduce'): 697.58, ('gust', 'final'): 697.643, ('gust', 'pack'): 697.668, ('gust', 'd2h'): 697.682, ('merge', 'start'): 697.815, ('merge', 'h2d'): 697.908, ('merge', 'count'): 697.933, ('merge', 'scan'): 697.978, ('merge', 'expand'): 698.013, ('merge', 'merge'): 698.114, ('merge', 'final'): 698.161, ('merge', 'compact'): 698.188, ('merge', 'pack'): 698.211, ('merge', 'd2h'): 698.234, ('mrg2', 'start'): 698.344, ('mrg2', 'h2d'): 698.432, ('mrg2', 'count'): 698.456, ('mrg2', 'scan'): 698.5, ('mrg2', 'merge'): 698.555, ('mrg2', 'final'): 698.596, ('mrg2', 'compact'): 698.621, ('mrg2', 'pack'): 698.644, ('mrg2', 'd2h'): 698.659, ('mrg3', 'start'): 698.763, ('mrg3', 'h2d'): 698.849, ('mrg3', 'count'): 698.894, ('mrg3', 'scan'): 698.954, ('mrg3', 'merge'): 699.007, ('mrg3', 'pack'): 699.031, ('mrg3', 'd2h'): 699.044}",0.0497500877827405,0.3233664004132152
Mildly sparse,can_292,292,2540,2.9789829236254457,11670,11670,11670,11670,11670,0.0,,0.05599999999992633,0.18100000000004002,0.057999999999992724,0.03300000000001546,0.2949999999999591,0.529,,,,,0.566,0.725,0.427,0.347,,0.31899999999996,0.3450000000000273,0.5300000000000864,0.23699999999996635,0.15899999999999181,"{('cu', 'start'): 670.638, ('cu', 'h2dmalloc'): 670.701, ('cu', 'h2d'): 670.73, ('cu', 'workest'): 670.786, ('cu', 'compute'): 670.967, ('cu', 'copy'): 671.025, ('cu', 'pack'): 671.049, ('cu', 'd2h'): 671.082, ('gust', 'start'): 671.174, ('gust', 'h2d'): 671.271, ('gust', 'count'): 671.295, ('gust', 'scan'): 671.336, ('gust', 'expand'): 671.365, ('gust', 'sort'): 671.492, ('gust', 'reduce'): 671.536, ('gust', 'final'): 671.592, ('gust', 'pack'): 671.616, ('gust', 'd2h'): 671.641, ('merge', 'start'): 671.75, ('merge', 'h2d'): 671.838, ('merge', 'count'): 671.864, ('merge', 'scan'): 671.9, ('merge', 'expand'): 671.966, ('merge', 'merge'): 672.275, ('merge', 'final'): 672.316, ('merge', 'compact'): 672.339, ('merge', 'pack'): 672.368, ('merge', 'd2h'): 672.385, ('mrg2', 'start'): 672.482, ('mrg2', 'h2d'): 672.563, ('mrg2', 'count'): 672.588, ('mrg2', 'scan'): 672.623, ('mrg2', 'merge'): 672.716, ('mrg2', 'final'): 672.753, ('mrg2', 'compact'): 672.777, ('mrg2', 'pack'): 672.8, ('mrg2', 'd2h'): 672.819, ('mrg3', 'start'): 672.914, ('mrg3', 'h2d'): 672.998, ('mrg3', 'count'): 673.037, ('mrg3', 'scan'): 673.087, ('mrg3', 'merge'): 673.135, ('mrg3', 'pack'): 673.157, ('mrg3', 'd2h'): 673.173}",0.052920076996088,0.306358400802128
Mildly sparse,ash292,292,2208,2.589604053293301,6042,6042,6042,6042,6042,0.0,,0.07299999999997908,0.17099999999993543,0.06299999999998818,0.029999999999972715,0.3069999999999027,0.547,,,,,0.555,0.472,0.388,0.358,,0.32799999999997453,0.3389999999999418,0.26700000000005275,0.19299999999998363,0.16099999999994452,"{('cu', 'start'): 671.702, ('cu', 'h2dmalloc'): 671.765, ('cu', 'h2d'): 671.791, ('cu', 'workest'): 671.864, ('cu', 'compute'): 672.035, ('cu', 'copy'): 672.098, ('cu', 'pack'): 672.119, ('cu', 'd2h'): 672.149, ('gust', 'start'): 672.26, ('gust', 'h2d'): 672.346, ('gust', 'count'): 672.37, ('gust', 'scan'): 672.412, ('gust', 'expand'): 672.44, ('gust', 'sort'): 672.557, ('gust', 'reduce'): 672.602, ('gust', 'final'): 672.661, ('gust', 'pack'): 672.685, ('gust', 'd2h'): 672.699, ('merge', 'start'): 672.821, ('merge', 'h2d'): 672.914, ('merge', 'count'): 672.939, ('merge', 'scan'): 672.979, ('merge', 'expand'): 673.015, ('merge', 'merge'): 673.09, ('merge', 'final'): 673.133, ('merge', 'compact'): 673.161, ('merge', 'pack'): 673.181, ('merge', 'd2h'): 673.195, ('mrg2', 'start'): 673.301, ('mrg2', 'h2d'): 673.383, ('mrg2', 'count'): 673.406, ('mrg2', 'scan'): 673.444, ('mrg2', 'merge'): 673.492, ('mrg2', 'final'): 673.531, ('mrg2', 'compact'): 673.556, ('mrg2', 'pack'): 673.576, ('mrg2', 'd2h'): 673.59, ('mrg3', 'start'): 673.696, ('mrg3', 'h2d'): 673.777, ('mrg3', 'count'): 673.812, ('mrg3', 'scan'): 673.874, ('mrg3', 'merge'): 673.916, ('mrg3', 'pack'): 673.938, ('mrg3', 'd2h'): 673.952}",0.0636549666523933,0.2204159997869283
Mildly sparse,bcspwr04,274,1612,2.1471575470190207,4982,4982,4982,4982,4982,0.0,,0.06600000000003092,0.16099999999994452,0.06100000000003547,0.03200000000003911,0.2880000000000109,0.524,,,,,0.557,0.495,0.392,0.331,,0.30999999999994543,0.3389999999999418,0.30299999999999727,0.19899999999995543,0.1409999999999627,"{('cu', 'start'): 678.456, ('cu', 'h2dmalloc'): 678.518, ('cu', 'h2d'): 678.538, ('cu', 'workest'): 678.604, ('cu', 'compute'): 678.765, ('cu', 'copy'): 678.826, ('cu', 'pack'): 678.848, ('cu', 'd2h'): 678.88, ('gust', 'start'): 678.988, ('gust', 'h2d'): 679.08, ('gust', 'count'): 679.106, ('gust', 'scan'): 679.148, ('gust', 'expand'): 679.176, ('gust', 'sort'): 679.292, ('gust', 'reduce'): 679.335, ('gust', 'final'): 679.397, ('gust', 'pack'): 679.419, ('gust', 'd2h'): 679.432, ('merge', 'start'): 679.552, ('merge', 'h2d'): 679.633, ('merge', 'count'): 679.657, ('merge', 'scan'): 679.696, ('merge', 'expand'): 679.738, ('merge', 'merge'): 679.839, ('merge', 'final'): 679.89, ('merge', 'compact'): 679.917, ('merge', 'pack'): 679.936, ('merge', 'd2h'): 679.949, ('mrg2', 'start'): 680.054, ('mrg2', 'h2d'): 680.135, ('mrg2', 'count'): 680.158, ('mrg2', 'scan'): 680.196, ('mrg2', 'merge'): 680.252, ('mrg2', 'final'): 680.29, ('mrg2', 'compact'): 680.316, ('mrg2', 'pack'): 680.334, ('mrg2', 'd2h'): 680.348, ('mrg3', 'start'): 680.454, ('mrg3', 'h2d'): 680.534, ('mrg3', 'count'): 680.566, ('mrg3', 'scan'): 680.62, ('mrg3', 'merge'): 680.654, ('mrg3', 'pack'): 680.675, ('mrg3', 'd2h'): 680.688}",0.0393029768019914,0.3558783979155123
Mildly sparse,bcsstk13,2003,83883,2.0907979019987244,396773,396773,396773,396773,396773,0.0,,0.06200000000001182,0.5769999999999982,0.17699999999990723,0.5580000000001064,0.8159999999999172,1.748,,,,,2.611,6.667,1.846,1.76,,0.9029999999999063,1.8819999999999482,5.951000000000022,1.1259999999999764,1.0339999999999918,"{('cu', 'start'): 723.919, ('cu', 'h2dmalloc'): 723.978, ('cu', 'h2d'): 724.056, ('cu', 'workest'): 724.118, ('cu', 'compute'): 724.695, ('cu', 'copy'): 724.872, ('cu', 'pack'): 724.959, ('cu', 'd2h'): 725.517, ('gust', 'start'): 725.681, ('gust', 'h2d'): 725.817, ('gust', 'count'): 725.849, ('gust', 'scan'): 725.891, ('gust', 'expand'): 726.084, ('gust', 'sort'): 726.869, ('gust', 'reduce'): 727.08, ('gust', 'final'): 727.601, ('gust', 'pack'): 727.699, ('gust', 'd2h'): 728.029, ('merge', 'start'): 728.297, ('merge', 'h2d'): 728.43, ('merge', 'count'): 728.46, ('merge', 'scan'): 728.503, ('merge', 'expand'): 729.309, ('merge', 'merge'): 733.829, ('merge', 'final'): 734.018, ('merge', 'compact'): 734.292, ('merge', 'pack'): 734.381, ('merge', 'd2h'): 734.708, ('mrg2', 'start'): 734.971, ('mrg2', 'h2d'): 735.107, ('mrg2', 'count'): 735.136, ('mrg2', 'scan'): 735.179, ('mrg2', 'merge'): 735.845, ('mrg2', 'final'): 735.888, ('mrg2', 'compact'): 736.145, ('mrg2', 'pack'): 736.233, ('mrg2', 'd2h'): 736.56, ('mrg3', 'start'): 736.824, ('mrg3', 'h2d'): 736.957, ('mrg3', 'count'): 737.268, ('mrg3', 'scan'): 737.326, ('mrg3', 'merge'): 737.908, ('mrg3', 'pack'): 737.991, ('mrg3', 'd2h'): 738.317}",0.5197490099817514,0.7070303978631274
Mildly sparse,bcsstm01,48,48,2.083333333333333,48,48,48,48,48,0.0,,0.06199999999989814,0.15800000000001546,0.055000000000063665,0.027999999999906322,0.27499999999997726,0.494,,,,,0.444,0.384,0.327,0.296,,0.2980000000000018,0.25499999999999545,0.20000000000004547,0.1610000000000582,0.11700000000007549,"{('cu', 'start'): 675.917, ('cu', 'h2dmalloc'): 675.982, ('cu', 'h2d'): 675.998, ('cu', 'workest'): 676.06, ('cu', 'compute'): 676.218, ('cu', 'copy'): 676.273, ('cu', 'pack'): 676.296, ('cu', 'd2h'): 676.324, ('gust', 'start'): 676.417, ('gust', 'h2d'): 676.495, ('gust', 'count'): 676.52, ('gust', 'scan'): 676.559, ('gust', 'expand'): 676.583, ('gust', 'sort'): 676.629, ('gust', 'reduce'): 676.671, ('gust', 'final'): 676.728, ('gust', 'pack'): 676.75, ('gust', 'd2h'): 676.76, ('merge', 'start'): 676.875, ('merge', 'h2d'): 676.952, ('merge', 'count'): 676.976, ('merge', 'scan'): 677.013, ('merge', 'expand'): 677.042, ('merge', 'merge'): 677.063, ('merge', 'final'): 677.105, ('merge', 'compact'): 677.13, ('merge', 'pack'): 677.152, ('merge', 'd2h'): 677.163, ('mrg2', 'start'): 677.257, ('mrg2', 'h2d'): 677.328, ('mrg2', 'count'): 677.351, ('mrg2', 'scan'): 677.386, ('mrg2', 'merge'): 677.413, ('mrg2', 'final'): 677.445, ('mrg2', 'compact'): 677.47, ('mrg2', 'pack'): 677.489, ('mrg2', 'd2h'): 677.5, ('mrg3', 'start'): 677.592, ('mrg3', 'h2d'): 677.661, ('mrg3', 'count'): 677.684, ('mrg3', 'scan'): 677.733, ('mrg3', 'merge'): 677.76, ('mrg3', 'pack'): 677.778, ('mrg3', 'd2h'): 677.79}",0.048189889639616,0.1727328007807955
Mildly sparse,bcsstk14,1806,63454,1.945465404477998,195654,195654,195654,195654,195654,0.0,,0.06200000000001182,0.5049999999999955,0.1229999999999336,0.31899999999996,0.6899999999999409,1.329,,,,,1.822,2.356,1.152,0.952,,0.7659999999999627,1.4220000000000255,1.90199999999993,0.6989999999999554,0.5049999999999955,"{('cu', 'start'): 687.049, ('cu', 'h2dmalloc'): 687.109, ('cu', 'h2d'): 687.157, ('cu', 'workest'): 687.219, ('cu', 'compute'): 687.724, ('cu', 'copy'): 687.847, ('cu', 'pack'): 687.923, ('cu', 'd2h'): 688.242, ('gust', 'start'): 688.387, ('gust', 'h2d'): 688.494, ('gust', 'count'): 688.52, ('gust', 'scan'): 688.56, ('gust', 'expand'): 688.73, ('gust', 'sort'): 689.275, ('gust', 'reduce'): 689.467, ('gust', 'final'): 689.886, ('gust', 'pack'): 689.916, ('gust', 'd2h'): 690.055, ('merge', 'start'): 690.219, ('merge', 'h2d'): 690.33, ('merge', 'count'): 690.358, ('merge', 'scan'): 690.4, ('merge', 'expand'): 690.731, ('merge', 'merge'): 691.748, ('merge', 'final'): 691.927, ('merge', 'compact'): 692.15, ('merge', 'pack'): 692.232, ('merge', 'd2h'): 692.37, ('mrg2', 'start'): 692.586, ('mrg2', 'h2d'): 692.692, ('mrg2', 'count'): 692.724, ('mrg2', 'scan'): 692.764, ('mrg2', 'merge'): 693.054, ('mrg2', 'final'): 693.096, ('mrg2', 'compact'): 693.309, ('mrg2', 'pack'): 693.391, ('mrg2', 'd2h'): 693.532, ('mrg3', 'start'): 693.744, ('mrg3', 'h2d'): 693.85, ('mrg3', 'count'): 693.978, ('mrg3', 'scan'): 694.037, ('mrg3', 'merge'): 694.28, ('mrg3', 'pack'): 694.355, ('mrg3', 'd2h'): 694.492}",0.3838250413537025,0.5921887962613255
Mildly sparse,can_445,445,3809,1.923494508269158,11193,11193,11193,11193,11193,0.0,,0.06400000000007822,0.16799999999989268,0.06000000000005912,0.03099999999994907,0.29200000000003,0.523,,,,,0.561,0.471,0.407,0.347,,0.3140000000000782,0.34600000000000364,0.2760000000000673,0.21299999999996544,0.15499999999997272,"{('cu', 'start'): 674.947, ('cu', 'h2dmalloc'): 675.012, ('cu', 'h2d'): 675.03, ('cu', 'workest'): 675.094, ('cu', 'compute'): 675.262, ('cu', 'copy'): 675.322, ('cu', 'pack'): 675.344, ('cu', 'd2h'): 675.375, ('gust', 'start'): 675.477, ('gust', 'h2d'): 675.557, ('gust', 'count'): 675.58, ('gust', 'scan'): 675.622, ('gust', 'expand'): 675.648, ('gust', 'sort'): 675.783, ('gust', 'reduce'): 675.828, ('gust', 'final'): 675.884, ('gust', 'pack'): 675.903, ('gust', 'd2h'): 675.933, ('merge', 'start'): 676.043, ('merge', 'h2d'): 676.122, ('merge', 'count'): 676.143, ('merge', 'scan'): 676.181, ('merge', 'expand'): 676.215, ('merge', 'merge'): 676.316, ('merge', 'final'): 676.357, ('merge', 'compact'): 676.38, ('merge', 'pack'): 676.398, ('merge', 'd2h'): 676.415, ('mrg2', 'start'): 676.521, ('mrg2', 'h2d'): 676.596, ('mrg2', 'count'): 676.619, ('mrg2', 'scan'): 676.656, ('mrg2', 'merge'): 676.72, ('mrg2', 'final'): 676.765, ('mrg2', 'compact'): 676.788, ('mrg2', 'pack'): 676.809, ('mrg2', 'd2h'): 676.826, ('mrg3', 'start'): 676.933, ('mrg3', 'h2d'): 677.009, ('mrg3', 'count'): 677.044, ('mrg3', 'scan'): 677.1, ('mrg3', 'merge'): 677.142, ('mrg3', 'pack'): 677.164, ('mrg3', 'd2h'): 677.181}",0.0505209900438785,0.3319999992148951
Mildly sparse,bcsstm10,1086,22092,1.8731621948861958,54504,54504,54504,54504,54504,0.0,,0.06400000000007822,0.2759999999999536,0.06600000000003092,0.1350000000001046,0.40600000000006276,0.748,,,,,1.311,1.227,0.719,0.435,,0.4289999999999736,1.024000000000001,0.9529999999999745,0.44399999999996,0.2139999999999418,"{('cu', 'start'): 700.863, ('cu', 'h2dmalloc'): 700.93, ('cu', 'h2d'): 700.958, ('cu', 'workest'): 701.022, ('cu', 'compute'): 701.298, ('cu', 'copy'): 701.364, ('cu', 'pack'): 701.387, ('cu', 'd2h'): 701.522, ('gust', 'start'): 701.625, ('gust', 'h2d'): 701.719, ('gust', 'count'): 701.749, ('gust', 'scan'): 701.79, ('gust', 'expand'): 701.94, ('gust', 'sort'): 702.228, ('gust', 'reduce'): 702.415, ('gust', 'final'): 702.703, ('gust', 'pack'): 702.743, ('gust', 'd2h'): 702.787, ('merge', 'start'): 702.941, ('merge', 'h2d'): 703.034, ('merge', 'count'): 703.061, ('merge', 'scan'): 703.1, ('merge', 'expand'): 703.317, ('merge', 'merge'): 703.704, ('merge', 'final'): 703.823, ('merge', 'compact'): 703.963, ('merge', 'pack'): 703.987, ('merge', 'd2h'): 704.032, ('mrg2', 'start'): 704.176, ('mrg2', 'h2d'): 704.264, ('mrg2', 'count'): 704.29, ('mrg2', 'scan'): 704.331, ('mrg2', 'merge'): 704.529, ('mrg2', 'final'): 704.58, ('mrg2', 'compact'): 704.681, ('mrg2', 'pack'): 704.708, ('mrg2', 'd2h'): 704.755, ('mrg3', 'start'): 704.902, ('mrg3', 'h2d'): 704.99, ('mrg3', 'count'): 705.048, ('mrg3', 'scan'): 705.102, ('mrg3', 'merge'): 705.182, ('mrg3', 'pack'): 705.204, ('mrg3', 'd2h'): 705.248}",0.1321190502494573,0.4453279982320964
Mildly sparse,bcsstk10,1086,22070,1.8712968332943305,54504,54504,54504,54504,54504,0.0,,0.06000000000005912,0.27299999999991087,0.06300000000010186,0.13600000000008095,0.39600000000007185,0.733,,,,,1.249,1.228,0.708,0.446,,0.4189999999999827,0.9569999999999936,0.9560000000000173,0.4289999999999736,0.22299999999995634,"{('cu', 'start'): 675.524, ('cu', 'h2dmalloc'): 675.593, ('cu', 'h2d'): 675.621, ('cu', 'workest'): 675.681, ('cu', 'compute'): 675.954, ('cu', 'copy'): 676.017, ('cu', 'pack'): 676.04, ('cu', 'd2h'): 676.176, ('gust', 'start'): 676.266, ('gust', 'h2d'): 676.357, ('gust', 'count'): 676.384, ('gust', 'scan'): 676.423, ('gust', 'expand'): 676.594, ('gust', 'sort'): 676.869, ('gust', 'reduce'): 677.037, ('gust', 'final'): 677.277, ('gust', 'pack'): 677.314, ('gust', 'd2h'): 677.358, ('merge', 'start'): 677.521, ('merge', 'h2d'): 677.611, ('merge', 'count'): 677.635, ('merge', 'scan'): 677.677, ('merge', 'expand'): 677.889, ('merge', 'merge'): 678.279, ('merge', 'final'): 678.393, ('merge', 'compact'): 678.541, ('merge', 'pack'): 678.567, ('merge', 'd2h'): 678.61, ('mrg2', 'start'): 678.757, ('mrg2', 'h2d'): 678.845, ('mrg2', 'count'): 678.871, ('mrg2', 'scan'): 678.91, ('mrg2', 'merge'): 679.122, ('mrg2', 'final'): 679.161, ('mrg2', 'compact'): 679.248, ('mrg2', 'pack'): 679.274, ('mrg2', 'd2h'): 679.318, ('mrg3', 'start'): 679.472, ('mrg3', 'h2d'): 679.558, ('mrg3', 'count'): 679.615, ('mrg3', 'scan'): 679.668, ('mrg3', 'merge'): 679.749, ('mrg3', 'pack'): 679.781, ('mrg3', 'd2h'): 679.825}",0.1340890303254127,0.4985343997133896
Mildly sparse,can_634,634,7228,1.7982067689000787,25446,25446,25446,25446,25446,0.0,,0.07499999999993179,0.26400000000001,0.07500000000004547,0.1290000000000191,0.41399999999998727,0.748,,,,,0.899,0.698,0.447,0.418,,0.44099999999991724,0.6860000000000355,0.48900000000003274,0.2380000000000564,0.21000000000003638,"{('cu', 'start'): 693.616, ('cu', 'h2dmalloc'): 693.688, ('cu', 'h2d'): 693.71, ('cu', 'workest'): 693.785, ('cu', 'compute'): 694.049, ('cu', 'copy'): 694.124, ('cu', 'pack'): 694.151, ('cu', 'd2h'): 694.28, ('gust', 'start'): 694.376, ('gust', 'h2d'): 694.457, ('gust', 'count'): 694.484, ('gust', 'scan'): 694.529, ('gust', 'expand'): 694.563, ('gust', 'sort'): 694.858, ('gust', 'reduce'): 694.975, ('gust', 'final'): 695.116, ('gust', 'pack'): 695.143, ('gust', 'd2h'): 695.178, ('merge', 'start'): 695.285, ('merge', 'h2d'): 695.366, ('merge', 'count'): 695.398, ('merge', 'scan'): 695.443, ('merge', 'expand'): 695.508, ('merge', 'merge'): 695.764, ('merge', 'final'): 695.809, ('merge', 'compact'): 695.833, ('merge', 'pack'): 695.855, ('merge', 'd2h'): 695.882, ('mrg2', 'start'): 695.99, ('mrg2', 'h2d'): 696.069, ('mrg2', 'count'): 696.095, ('mrg2', 'scan'): 696.138, ('mrg2', 'merge'): 696.222, ('mrg2', 'final'): 696.261, ('mrg2', 'compact'): 696.286, ('mrg2', 'pack'): 696.307, ('mrg2', 'd2h'): 696.334, ('mrg3', 'start'): 696.443, ('mrg3', 'h2d'): 696.521, ('mrg3', 'count'): 696.57, ('mrg3', 'scan'): 696.637, ('mrg3', 'merge'): 696.707, ('mrg3', 'pack'): 696.731, ('mrg3', 'd2h'): 696.758}",0.0732149928808212,0.3561311989091336
Mildly sparse,bcsstk11,1473,34241,1.578123350888521,94187,94187,94187,94187,94187,0.0,,0.06499999999994088,0.32200000000000273,0.06700000000000728,0.18100000000004002,0.4539999999999509,0.986,,,,,1.375,1.337,0.747,0.492,,0.5589999999999691,1.0989999999999327,1.0649999999999409,0.48699999999996635,0.22900000000004184,"{('cu', 'start'): 689.88, ('cu', 'h2dmalloc'): 689.942, ('cu', 'h2d'): 689.985, ('cu', 'workest'): 690.05, ('cu', 'compute'): 690.372, ('cu', 'copy'): 690.439, ('cu', 'pack'): 690.544, ('cu', 'd2h'): 690.725, ('gust', 'start'): 690.878, ('gust', 'h2d'): 690.98, ('gust', 'count'): 691.009, ('gust', 'scan'): 691.051, ('gust', 'expand'): 691.216, ('gust', 'sort'): 691.551, ('gust', 'reduce'): 691.733, ('gust', 'final'): 692.042, ('gust', 'pack'): 692.079, ('gust', 'd2h'): 692.156, ('merge', 'start'): 692.26, ('merge', 'h2d'): 692.369, ('merge', 'count'): 692.401, ('merge', 'scan'): 692.441, ('merge', 'expand'): 692.654, ('merge', 'merge'): 693.087, ('merge', 'final'): 693.265, ('merge', 'compact'): 693.408, ('merge', 'pack'): 693.434, ('merge', 'd2h'): 693.51, ('mrg2', 'start'): 693.603, ('mrg2', 'h2d'): 693.701, ('mrg2', 'count'): 693.729, ('mrg2', 'scan'): 693.767, ('mrg2', 'merge'): 693.966, ('mrg2', 'final'): 694.004, ('mrg2', 'compact'): 694.162, ('mrg2', 'pack'): 694.188, ('mrg2', 'd2h'): 694.264, ('mrg3', 'start'): 694.358, ('mrg3', 'h2d'): 694.457, ('mrg3', 'count'): 694.526, ('mrg3', 'scan'): 694.583, ('mrg3', 'merge'): 694.665, ('mrg3', 'pack'): 694.686, ('mrg3', 'd2h'): 694.762}",0.2199099399149418,0.5406303984578699
Mildly sparse,bcsstk12,1473,34241,1.578123350888521,94187,94187,94187,94187,94187,0.0,,0.06200000000001182,0.31399999999996453,0.06399999999996453,0.18599999999992178,0.4399999999999409,0.979,,,,,1.364,1.33,0.732,0.483,,0.54200000000003,1.108000000000061,1.0649999999999409,0.49100000000009913,0.23099999999999454,"{('cu', 'start'): 679.58, ('cu', 'h2dmalloc'): 679.646, ('cu', 'h2d'): 679.682, ('cu', 'workest'): 679.744, ('cu', 'compute'): 680.058, ('cu', 'copy'): 680.122, ('cu', 'pack'): 680.224, ('cu', 'd2h'): 680.41, ('gust', 'start'): 680.569, ('gust', 'h2d'): 680.665, ('gust', 'count'): 680.694, ('gust', 'scan'): 680.736, ('gust', 'expand'): 680.894, ('gust', 'sort'): 681.23, ('gust', 'reduce'): 681.416, ('gust', 'final'): 681.738, ('gust', 'pack'): 681.773, ('gust', 'd2h'): 681.843, ('merge', 'start'): 681.942, ('merge', 'h2d'): 682.046, ('merge', 'count'): 682.077, ('merge', 'scan'): 682.116, ('merge', 'expand'): 682.332, ('merge', 'merge'): 682.768, ('merge', 'final'): 682.941, ('merge', 'compact'): 683.085, ('merge', 'pack'): 683.111, ('merge', 'd2h'): 683.181, ('mrg2', 'start'): 683.279, ('mrg2', 'h2d'): 683.372, ('mrg2', 'count'): 683.4, ('mrg2', 'scan'): 683.438, ('mrg2', 'merge'): 683.656, ('mrg2', 'final'): 683.694, ('mrg2', 'compact'): 683.838, ('mrg2', 'pack'): 683.863, ('mrg2', 'd2h'): 683.932, ('mrg3', 'start'): 684.023, ('mrg3', 'h2d'): 684.117, ('mrg3', 'count'): 684.186, ('mrg3', 'scan'): 684.241, ('mrg3', 'merge'): 684.326, ('mrg3', 'pack'): 684.348, ('mrg3', 'd2h'): 684.418}",0.2160079311579466,0.5015808009076863
Mildly sparse,bcsstk09,1083,18437,1.5719305066378828,71289,71289,71289,71289,71289,0.0,,0.06099999999992178,0.26300000000003365,0.07600000000002183,0.15499999999997272,0.39999999999997726,0.751,,,,,1.147,1.062,0.624,0.466,,0.42399999999997817,0.8449999999999136,0.8269999999999982,0.37999999999999545,0.22199999999998,"{('cu', 'start'): 684.048, ('cu', 'h2dmalloc'): 684.112, ('cu', 'h2d'): 684.142, ('cu', 'workest'): 684.203, ('cu', 'compute'): 684.466, ('cu', 'copy'): 684.542, ('cu', 'pack'): 684.566, ('cu', 'd2h'): 684.721, ('gust', 'start'): 684.809, ('gust', 'h2d'): 684.902, ('gust', 'count'): 684.93, ('gust', 'scan'): 684.97, ('gust', 'expand'): 685.073, ('gust', 'sort'): 685.343, ('gust', 'reduce'): 685.517, ('gust', 'final'): 685.713, ('gust', 'pack'): 685.747, ('gust', 'd2h'): 685.807, ('merge', 'start'): 685.966, ('merge', 'h2d'): 686.057, ('merge', 'count'): 686.086, ('merge', 'scan'): 686.126, ('merge', 'expand'): 686.255, ('merge', 'merge'): 686.595, ('merge', 'final'): 686.709, ('merge', 'compact'): 686.858, ('merge', 'pack'): 686.884, ('merge', 'd2h'): 686.943, ('mrg2', 'start'): 687.039, ('mrg2', 'h2d'): 687.132, ('mrg2', 'count'): 687.158, ('mrg2', 'scan'): 687.196, ('mrg2', 'merge'): 687.342, ('mrg2', 'final'): 687.38, ('mrg2', 'compact'): 687.472, ('mrg2', 'pack'): 687.512, ('mrg2', 'd2h'): 687.571, ('mrg3', 'start'): 687.668, ('mrg3', 'h2d'): 687.756, ('mrg3', 'count'): 687.821, ('mrg3', 'scan'): 687.879, ('mrg3', 'merge'): 687.958, ('mrg3', 'pack'): 687.978, ('mrg3', 'd2h'): 688.038}",0.1488591078668832,0.3360863997600973
Mildly sparse,bcsstm02,66,66,1.5151515151515151,66,66,66,66,66,0.0,,0.06700000000000728,0.1750000000000682,0.06099999999992178,0.027000000000043656,0.30299999999999727,0.55,,,,,0.489,0.435,0.398,0.348,,0.32600000000002183,0.2779999999999063,0.21400000000005548,0.18100000000004002,0.125,"{('cu', 'start'): 679.861, ('cu', 'h2dmalloc'): 679.929, ('cu', 'h2d'): 679.948, ('cu', 'workest'): 680.015, ('cu', 'compute'): 680.19, ('cu', 'copy'): 680.251, ('cu', 'pack'): 680.274, ('cu', 'd2h'): 680.301, ('gust', 'start'): 680.421, ('gust', 'h2d'): 680.508, ('gust', 'count'): 680.533, ('gust', 'scan'): 680.577, ('gust', 'expand'): 680.605, ('gust', 'sort'): 680.655, ('gust', 'reduce'): 680.7, ('gust', 'final'): 680.763, ('gust', 'pack'): 680.786, ('gust', 'd2h'): 680.796, ('merge', 'start'): 680.925, ('merge', 'h2d'): 681.016, ('merge', 'count'): 681.045, ('merge', 'scan'): 681.091, ('merge', 'expand'): 681.118, ('merge', 'merge'): 681.14, ('merge', 'final'): 681.183, ('merge', 'compact'): 681.21, ('merge', 'pack'): 681.23, ('merge', 'd2h'): 681.241, ('mrg2', 'start'): 681.358, ('mrg2', 'h2d'): 681.443, ('mrg2', 'count'): 681.469, ('mrg2', 'scan'): 681.51, ('mrg2', 'merge'): 681.537, ('mrg2', 'final'): 681.572, ('mrg2', 'compact'): 681.603, ('mrg2', 'pack'): 681.624, ('mrg2', 'd2h'): 681.637, ('mrg3', 'start'): 681.766, ('mrg3', 'h2d'): 681.859, ('mrg3', 'count'): 681.885, ('mrg3', 'scan'): 681.941, ('mrg3', 'merge'): 681.964, ('mrg3', 'pack'): 681.984, ('mrg3', 'd2h'): 681.995}",0.0203941017389297,0.1687008019769564
Mildly sparse,can_838,838,10010,1.4254304771560882,51156,51156,51156,51156,51156,0.0,,0.059000000000082764,0.24299999999993815,0.06500000000005457,0.13400000000001455,0.3670000000000755,0.68,,,,,0.854,1.083,0.494,0.4,,0.3910000000000764,0.5620000000000118,0.80600000000004,0.27299999999991087,0.18200000000001637,"{('cu', 'start'): 693.829, ('cu', 'h2dmalloc'): 693.89, ('cu', 'h2d'): 693.911, ('cu', 'workest'): 693.97, ('cu', 'compute'): 694.213, ('cu', 'copy'): 694.278, ('cu', 'pack'): 694.302, ('cu', 'd2h'): 694.436, ('gust', 'start'): 694.518, ('gust', 'h2d'): 694.608, ('gust', 'count'): 694.634, ('gust', 'scan'): 694.672, ('gust', 'expand'): 694.706, ('gust', 'sort'): 694.967, ('gust', 'reduce'): 695.079, ('gust', 'final'): 695.146, ('gust', 'pack'): 695.17, ('gust', 'd2h'): 695.223, ('merge', 'start'): 695.383, ('merge', 'h2d'): 695.462, ('merge', 'count'): 695.491, ('merge', 'scan'): 695.53, ('merge', 'expand'): 695.622, ('merge', 'merge'): 696.174, ('merge', 'final'): 696.219, ('merge', 'compact'): 696.249, ('merge', 'pack'): 696.268, ('merge', 'd2h'): 696.315, ('mrg2', 'start'): 696.473, ('mrg2', 'h2d'): 696.551, ('mrg2', 'count'): 696.58, ('mrg2', 'scan'): 696.618, ('mrg2', 'merge'): 696.738, ('mrg2', 'final'): 696.775, ('mrg2', 'compact'): 696.801, ('mrg2', 'pack'): 696.824, ('mrg2', 'd2h'): 696.872, ('mrg3', 'start'): 696.974, ('mrg3', 'h2d'): 697.053, ('mrg3', 'count'): 697.1, ('mrg3', 'scan'): 697.156, ('mrg3', 'merge'): 697.213, ('mrg3', 'pack'): 697.235, ('mrg3', 'd2h'): 697.281}",0.073648989200592,0.3583104017190635
Mildly sparse,bcsstk20,485,3135,1.3327665001594218,5545,5545,5545,5545,5545,0.0,,0.06100000000003547,0.15599999999994907,0.059000000000082764,0.033999999999991815,0.2760000000000673,0.502,,,,,0.553,0.431,0.356,0.318,,0.2980000000000018,0.35199999999997544,0.24500000000000455,0.18000000000006366,0.1430000000000291,"{('cu', 'start'): 687.984, ('cu', 'h2dmalloc'): 688.05, ('cu', 'h2d'): 688.069, ('cu', 'workest'): 688.13, ('cu', 'compute'): 688.286, ('cu', 'copy'): 688.345, ('cu', 'pack'): 688.367, ('cu', 'd2h'): 688.401, ('gust', 'start'): 688.496, ('gust', 'h2d'): 688.576, ('gust', 'count'): 688.601, ('gust', 'scan'): 688.641, ('gust', 'expand'): 688.668, ('gust', 'sort'): 688.79, ('gust', 'reduce'): 688.834, ('gust', 'final'): 688.904, ('gust', 'pack'): 688.928, ('gust', 'd2h'): 688.941, ('merge', 'start'): 689.056, ('merge', 'h2d'): 689.137, ('merge', 'count'): 689.163, ('merge', 'scan'): 689.201, ('merge', 'expand'): 689.237, ('merge', 'merge'): 689.296, ('merge', 'final'): 689.336, ('merge', 'compact'): 689.363, ('merge', 'pack'): 689.382, ('merge', 'd2h'): 689.397, ('mrg2', 'start'): 689.494, ('mrg2', 'h2d'): 689.568, ('mrg2', 'count'): 689.592, ('mrg2', 'scan'): 689.627, ('mrg2', 'merge'): 689.665, ('mrg2', 'final'): 689.7, ('mrg2', 'compact'): 689.73, ('mrg2', 'pack'): 689.748, ('mrg2', 'd2h'): 689.763, ('mrg3', 'start'): 689.864, ('mrg3', 'h2d'): 689.938, ('mrg3', 'count'): 689.973, ('mrg3', 'scan'): 690.023, ('mrg3', 'merge'): 690.059, ('mrg3', 'pack'): 690.081, ('mrg3', 'd2h'): 690.095}",0.033410033211112,0.2179775999160483
Mildly sparse,can_715,715,6665,1.3037312338011637,39785,39785,39785,39785,39785,0.0,,0.06200000000001182,0.25,0.06200000000001182,0.12400000000002365,0.37400000000002365,0.683,,,,,0.842,1.987,0.627,0.609,,0.3930000000000291,0.6309999999999718,1.7760000000000673,0.42399999999997817,0.4109999999999445,"{('cu', 'start'): 696.542, ('cu', 'h2dmalloc'): 696.601, ('cu', 'h2d'): 696.622, ('cu', 'workest'): 696.684, ('cu', 'compute'): 696.934, ('cu', 'copy'): 696.996, ('cu', 'pack'): 697.015, ('cu', 'd2h'): 697.139, ('gust', 'start'): 697.234, ('gust', 'h2d'): 697.312, ('gust', 'count'): 697.34, ('gust', 'scan'): 697.38, ('gust', 'expand'): 697.418, ('gust', 'sort'): 697.685, ('gust', 'reduce'): 697.794, ('gust', 'final'): 697.918, ('gust', 'pack'): 697.943, ('gust', 'd2h'): 697.988, ('merge', 'start'): 698.083, ('merge', 'h2d'): 698.16, ('merge', 'count'): 698.188, ('merge', 'scan'): 698.224, ('merge', 'expand'): 698.352, ('merge', 'merge'): 699.853, ('merge', 'final'): 699.895, ('merge', 'compact'): 699.917, ('merge', 'pack'): 699.936, ('merge', 'd2h'): 699.973, ('mrg2', 'start'): 700.079, ('mrg2', 'h2d'): 700.157, ('mrg2', 'count'): 700.186, ('mrg2', 'scan'): 700.222, ('mrg2', 'merge'): 700.506, ('mrg2', 'final'): 700.542, ('mrg2', 'compact'): 700.563, ('mrg2', 'pack'): 700.581, ('mrg2', 'd2h'): 700.618, ('mrg3', 'start'): 700.715, ('mrg3', 'h2d'): 700.791, ('mrg3', 'count'): 700.944, ('mrg3', 'scan'): 700.997, ('mrg3', 'merge'): 701.18, ('mrg3', 'pack'): 701.202, ('mrg3', 'd2h'): 701.239}",0.0678780488669872,0.3781760000856593
Mildly sparse,bcsstk24,3562,159910,1.2603402122535554,446474,446474,446474,446474,446474,0.0,,0.12400000000002365,0.84699999999998,0.18899999999996453,0.6900000000000546,1.1599999999999682,2.308,,,,,3.263,4.036,1.724,1.617,,1.2469999999999573,2.4009999999999536,3.199000000000069,0.8930000000000291,0.7970000000000255,"{('cu', 'start'): 738.67, ('cu', 'h2dmalloc'): 738.728, ('cu', 'h2d'): 738.869, ('cu', 'workest'): 738.993, ('cu', 'compute'): 739.84, ('cu', 'copy'): 740.029, ('cu', 'pack'): 740.116, ('cu', 'd2h'): 740.806, ('gust', 'start'): 740.993, ('gust', 'h2d'): 741.19, ('gust', 'count'): 741.223, ('gust', 'scan'): 741.266, ('gust', 'expand'): 741.499, ('gust', 'sort'): 742.692, ('gust', 'reduce'): 742.968, ('gust', 'final'): 743.498, ('gust', 'pack'): 743.591, ('gust', 'd2h'): 743.959, ('merge', 'start'): 744.262, ('merge', 'h2d'): 744.463, ('merge', 'count'): 744.504, ('merge', 'scan'): 744.551, ('merge', 'expand'): 745.102, ('merge', 'merge'): 747.074, ('merge', 'final'): 747.276, ('merge', 'compact'): 747.574, ('merge', 'pack'): 747.662, ('merge', 'd2h'): 748.031, ('mrg2', 'start'): 748.306, ('mrg2', 'h2d'): 748.501, ('mrg2', 'count'): 748.542, ('mrg2', 'scan'): 748.585, ('mrg2', 'merge'): 748.981, ('mrg2', 'final'): 749.026, ('mrg2', 'compact'): 749.303, ('mrg2', 'pack'): 749.394, ('mrg2', 'd2h'): 749.761, ('mrg3', 'start'): 750.038, ('mrg3', 'h2d'): 750.232, ('mrg3', 'count'): 750.453, ('mrg3', 'scan'): 750.513, ('mrg3', 'merge'): 750.945, ('mrg3', 'pack'): 751.029, ('mrg3', 'd2h'): 751.395}",2.5845090858638287,0.6389344015857205
Mildly sparse,bcsstk16,4884,290378,1.2173414200441228,1038782,1038782,1038782,1038782,1038782,0.0,,0.17799999999999727,1.2760000000000673,0.18899999999996453,1.1960000000000264,1.643000000000029,3.3,,,,,5.821,9.957,2.925,3.107,,1.731999999999971,4.27800000000002,8.625,1.5950000000000273,1.7990000000000919,"{('cu', 'start'): 780.412, ('cu', 'h2dmalloc'): 780.474, ('cu', 'h2d'): 780.65, ('cu', 'workest'): 780.828, ('cu', 'compute'): 782.104, ('cu', 'copy'): 782.293, ('cu', 'pack'): 782.382, ('cu', 'd2h'): 783.578, ('gust', 'start'): 783.722, ('gust', 'h2d'): 784.139, ('gust', 'count'): 784.292, ('gust', 'scan'): 784.341, ('gust', 'expand'): 784.676, ('gust', 'sort'): 787.229, ('gust', 'reduce'): 787.628, ('gust', 'final'): 788.321, ('gust', 'pack'): 788.417, ('gust', 'd2h'): 789.164, ('merge', 'start'): 789.552, ('merge', 'h2d'): 789.789, ('merge', 'count'): 789.883, ('merge', 'scan'): 789.933, ('merge', 'expand'): 791.178, ('merge', 'merge'): 797.713, ('merge', 'final'): 797.956, ('merge', 'compact'): 798.302, ('merge', 'pack'): 798.414, ('merge', 'd2h'): 799.152, ('mrg2', 'start'): 799.518, ('mrg2', 'h2d'): 799.754, ('mrg2', 'count'): 799.842, ('mrg2', 'scan'): 799.891, ('mrg2', 'merge'): 800.852, ('mrg2', 'final'): 800.903, ('mrg2', 'compact'): 801.238, ('mrg2', 'pack'): 801.349, ('mrg2', 'd2h'): 802.084, ('mrg3', 'start'): 802.452, ('mrg3', 'h2d'): 802.689, ('mrg3', 'count'): 803.351, ('mrg3', 'scan'): 803.417, ('mrg3', 'merge'): 804.381, ('mrg3', 'pack'): 804.488, ('mrg3', 'd2h'): 805.225}",6.859229877591133,0.7808191983262077
Mildly sparse,bcsstk28,4410,219024,1.1261974177426073,596072,596072,596072,596072,596072,0.0,,0.1069999999999709,0.9729999999999563,0.1490000000000009,0.45699999999999363,1.2289999999999281,1.982,,,,,3.645,5.421,1.546,1.466,,1.294999999999959,2.740000000000009,4.899000000000001,1.0330000000000155,0.9689999999999372,"{('cu', 'start'): 752.966, ('cu', 'h2dmalloc'): 753.014, ('cu', 'h2d'): 753.094, ('cu', 'workest'): 753.201, ('cu', 'compute'): 754.174, ('cu', 'copy'): 754.323, ('cu', 'pack'): 754.389, ('cu', 'd2h'): 754.846, ('gust', 'start'): 754.954, ('gust', 'h2d'): 755.452, ('gust', 'count'): 755.48, ('gust', 'scan'): 755.516, ('gust', 'expand'): 755.774, ('gust', 'sort'): 757.37, ('gust', 'reduce'): 757.638, ('gust', 'final'): 758.109, ('gust', 'pack'): 758.192, ('gust', 'd2h'): 758.372, ('merge', 'start'): 758.604, ('merge', 'h2d'): 758.731, ('merge', 'count'): 758.762, ('merge', 'scan'): 758.798, ('merge', 'expand'): 759.694, ('merge', 'merge'): 763.137, ('merge', 'final'): 763.316, ('merge', 'compact'): 763.563, ('merge', 'pack'): 763.63, ('merge', 'd2h'): 763.809, ('mrg2', 'start'): 764.031, ('mrg2', 'h2d'): 764.156, ('mrg2', 'count'): 764.183, ('mrg2', 'scan'): 764.219, ('mrg2', 'merge'): 764.858, ('mrg2', 'final'): 764.893, ('mrg2', 'compact'): 765.116, ('mrg2', 'pack'): 765.189, ('mrg2', 'd2h'): 765.367, ('mrg3', 'start'): 765.582, ('mrg3', 'h2d'): 765.706, ('mrg3', 'count'): 765.998, ('mrg3', 'scan'): 766.047, ('mrg3', 'merge'): 766.611, ('mrg3', 'pack'): 766.675, ('mrg3', 'd2h'): 766.853}",5.008299136534333,0.6779423984698951
Mildly sparse,bcsstk08,1074,12960,1.1235604381885709,305612,305612,305612,305612,305612,0.0,,0.06299999999998818,0.34799999999995634,0.12999999999999545,0.39000000000010004,0.54099999999994,1.264,,,,,1.802,21.478,2.573,1.787,,0.65199999999993,1.2749999999999773,20.960000000000036,2.066000000000031,1.2539999999999054,"{('cu', 'start'): 757.892, ('cu', 'h2dmalloc'): 757.951, ('cu', 'h2d'): 757.975, ('cu', 'workest'): 758.038, ('cu', 'compute'): 758.386, ('cu', 'copy'): 758.516, ('cu', 'pack'): 758.627, ('cu', 'd2h'): 759.017, ('gust', 'start'): 759.165, ('gust', 'h2d'): 759.249, ('gust', 'count'): 759.291, ('gust', 'scan'): 759.333, ('gust', 'expand'): 759.528, ('gust', 'sort'): 759.841, ('gust', 'reduce'): 760.021, ('gust', 'final'): 760.422, ('gust', 'pack'): 760.524, ('gust', 'd2h'): 760.746, ('merge', 'start'): 760.976, ('merge', 'h2d'): 761.058, ('merge', 'count'): 761.103, ('merge', 'scan'): 761.146, ('merge', 'expand'): 761.745, ('merge', 'merge'): 781.505, ('merge', 'final'): 781.683, ('merge', 'compact'): 781.922, ('merge', 'pack'): 782.018, ('merge', 'd2h'): 782.242, ('mrg2', 'start'): 782.463, ('mrg2', 'h2d'): 782.544, ('mrg2', 'count'): 782.583, ('mrg2', 'scan'): 782.628, ('mrg2', 'merge'): 784.253, ('mrg2', 'final'): 784.301, ('mrg2', 'compact'): 784.52, ('mrg2', 'pack'): 784.61, ('mrg2', 'd2h'): 784.829, ('mrg3', 'start'): 785.047, ('mrg3', 'h2d'): 785.128, ('mrg3', 'count'): 785.579, ('mrg3', 'scan'): 785.639, ('mrg3', 'merge'): 786.285, ('mrg3', 'pack'): 786.382, ('mrg3', 'd2h'): 786.605}",0.1331828534603119,0.4191264003515243
Mildly sparse,can_1054,1054,12196,1.097832779436069,60248,60248,60248,60248,60248,0.0,,0.06999999999993634,0.28100000000006276,0.06899999999995998,0.1690000000000964,0.4199999999999591,0.816,,,,,1.148,1.188,0.557,0.482,,0.4459999999999127,0.8169999999998936,0.8619999999999663,0.3020000000000209,0.22900000000004184,"{('cu', 'start'): 687.278, ('cu', 'h2dmalloc'): 687.35, ('cu', 'h2d'): 687.378, ('cu', 'workest'): 687.448, ('cu', 'compute'): 687.729, ('cu', 'copy'): 687.798, ('cu', 'pack'): 687.824, ('cu', 'd2h'): 687.993, ('gust', 'start'): 688.101, ('gust', 'h2d'): 688.195, ('gust', 'count'): 688.229, ('gust', 'scan'): 688.275, ('gust', 'expand'): 688.385, ('gust', 'sort'): 688.68, ('gust', 'reduce'): 688.808, ('gust', 'final'): 688.976, ('gust', 'pack'): 689.012, ('gust', 'd2h'): 689.063, ('merge', 'start'): 689.257, ('merge', 'h2d'): 689.349, ('merge', 'count'): 689.375, ('merge', 'scan'): 689.417, ('merge', 'expand'): 689.568, ('merge', 'merge'): 690.112, ('merge', 'final'): 690.163, ('merge', 'compact'): 690.191, ('merge', 'pack'): 690.211, ('merge', 'd2h'): 690.26, ('mrg2', 'start'): 690.453, ('mrg2', 'h2d'): 690.544, ('mrg2', 'count'): 690.572, ('mrg2', 'scan'): 690.614, ('mrg2', 'merge'): 690.761, ('mrg2', 'final'): 690.8, ('mrg2', 'compact'): 690.825, ('mrg2', 'pack'): 690.846, ('mrg2', 'd2h'): 690.895, ('mrg3', 'start'): 691.015, ('mrg3', 'h2d'): 691.107, ('mrg3', 'count'): 691.169, ('mrg3', 'scan'): 691.236, ('mrg3', 'merge'): 691.309, ('mrg3', 'pack'): 691.336, ('mrg3', 'd2h'): 691.386}",0.1175489742308855,0.3622848003637045
Mildly sparse,can_1072,1072,12444,1.0828553129873024,62316,62316,62316,62316,62316,0.0,,0.06299999999998818,0.2699999999999818,0.06799999999998363,0.15399999999999636,0.4009999999999536,0.749,,,,,1.064,1.294,0.54,0.437,,0.4219999999999118,0.7559999999999718,1.0629999999999882,0.3089999999999691,0.20600000000001728,"{('cu', 'start'): 689.893, ('cu', 'h2dmalloc'): 689.957, ('cu', 'h2d'): 689.979, ('cu', 'workest'): 690.042, ('cu', 'compute'): 690.312, ('cu', 'copy'): 690.38, ('cu', 'pack'): 690.401, ('cu', 'd2h'): 690.555, ('gust', 'start'): 690.653, ('gust', 'h2d'): 690.739, ('gust', 'count'): 690.766, ('gust', 'scan'): 690.81, ('gust', 'expand'): 690.91, ('gust', 'sort'): 691.192, ('gust', 'reduce'): 691.311, ('gust', 'final'): 691.46, ('gust', 'pack'): 691.495, ('gust', 'd2h'): 691.545, ('merge', 'start'): 691.723, ('merge', 'h2d'): 691.809, ('merge', 'count'): 691.836, ('merge', 'scan'): 691.876, ('merge', 'expand'): 692.024, ('merge', 'merge'): 692.622, ('merge', 'final'): 692.672, ('merge', 'compact'): 692.848, ('merge', 'pack'): 692.872, ('merge', 'd2h'): 692.922, ('mrg2', 'start'): 693.024, ('mrg2', 'h2d'): 693.106, ('mrg2', 'count'): 693.131, ('mrg2', 'scan'): 693.181, ('mrg2', 'merge'): 693.333, ('mrg2', 'final'): 693.371, ('mrg2', 'compact'): 693.395, ('mrg2', 'pack'): 693.415, ('mrg2', 'd2h'): 693.464, ('mrg3', 'start'): 693.57, ('mrg3', 'h2d'): 693.654, ('mrg3', 'count'): 693.713, ('mrg3', 'scan'): 693.768, ('mrg3', 'merge'): 693.839, ('mrg3', 'pack'): 693.86, ('mrg3', 'd2h'): 693.909}",0.1434448640793562,0.3604544003726914
Mildly sparse,bcsstk19,817,6853,1.0266835857969194,18305,18305,18305,18305,18305,0.0,,0.05599999999992633,0.1710000000000491,0.05899999999996908,0.03499999999996817,0.2859999999999445,0.508,,,,,0.572,0.459,0.395,0.349,,0.30700000000001637,0.36099999999999,0.26400000000001,0.20199999999999818,0.15699999999992542,"{('cu', 'start'): 662.74, ('cu', 'h2dmalloc'): 662.802, ('cu', 'h2d'): 662.821, ('cu', 'workest'): 662.877, ('cu', 'compute'): 663.048, ('cu', 'copy'): 663.107, ('cu', 'pack'): 663.128, ('cu', 'd2h'): 663.163, ('gust', 'start'): 663.258, ('gust', 'h2d'): 663.339, ('gust', 'count'): 663.364, ('gust', 'scan'): 663.401, ('gust', 'expand'): 663.427, ('gust', 'sort'): 663.571, ('gust', 'reduce'): 663.616, ('gust', 'final'): 663.678, ('gust', 'pack'): 663.7, ('gust', 'd2h'): 663.728, ('merge', 'start'): 663.838, ('merge', 'h2d'): 663.919, ('merge', 'count'): 663.945, ('merge', 'scan'): 663.982, ('merge', 'expand'): 664.018, ('merge', 'merge'): 664.089, ('merge', 'final'): 664.13, ('merge', 'compact'): 664.165, ('merge', 'pack'): 664.183, ('merge', 'd2h'): 664.205, ('mrg2', 'start'): 664.304, ('mrg2', 'h2d'): 664.382, ('mrg2', 'count'): 664.407, ('mrg2', 'scan'): 664.451, ('mrg2', 'merge'): 664.496, ('mrg2', 'final'): 664.532, ('mrg2', 'compact'): 664.566, ('mrg2', 'pack'): 664.584, ('mrg2', 'd2h'): 664.606, ('mrg3', 'start'): 664.706, ('mrg3', 'h2d'): 664.787, ('mrg3', 'count'): 664.825, ('mrg3', 'scan'): 664.877, ('mrg3', 'merge'): 664.918, ('mrg3', 'pack'): 664.944, ('mrg3', 'd2h'): 664.965}",0.0576470047235488,0.3424736011307687
Highly sparse,bcsstm12,1473,19659,0.9060578533079476,53615,53615,53615,53615,53615,0.0,,0.0809999999999036,0.26100000000008095,0.07200000000000273,0.1470000000000482,0.41399999999998727,0.777,,,,,1.2,1.05,0.61,0.449,,0.44099999999991724,0.8969999999999345,0.7989999999999782,0.3790000000000191,0.20600000000001728,"{('cu', 'start'): 687.944, ('cu', 'h2dmalloc'): 688.017, ('cu', 'h2d'): 688.046, ('cu', 'workest'): 688.127, ('cu', 'compute'): 688.388, ('cu', 'copy'): 688.46, ('cu', 'pack'): 688.487, ('cu', 'd2h'): 688.634, ('gust', 'start'): 688.731, ('gust', 'h2d'): 688.82, ('gust', 'count'): 688.845, ('gust', 'scan'): 688.892, ('gust', 'expand'): 689.0, ('gust', 'sort'): 689.29, ('gust', 'reduce'): 689.46, ('gust', 'final'): 689.677, ('gust', 'pack'): 689.717, ('gust', 'd2h'): 689.762, ('merge', 'start'): 689.94, ('merge', 'h2d'): 690.041, ('merge', 'count'): 690.07, ('merge', 'scan'): 690.115, ('merge', 'expand'): 690.242, ('merge', 'merge'): 690.515, ('merge', 'final'): 690.645, ('merge', 'compact'): 690.812, ('merge', 'pack'): 690.84, ('merge', 'd2h'): 690.886, ('mrg2', 'start'): 690.996, ('mrg2', 'h2d'): 691.086, ('mrg2', 'count'): 691.112, ('mrg2', 'scan'): 691.155, ('mrg2', 'merge'): 691.286, ('mrg2', 'final'): 691.329, ('mrg2', 'compact'): 691.431, ('mrg2', 'pack'): 691.465, ('mrg2', 'd2h'): 691.511, ('mrg3', 'start'): 691.613, ('mrg3', 'h2d'): 691.699, ('mrg3', 'count'): 691.751, ('mrg3', 'scan'): 691.815, ('mrg3', 'merge'): 691.881, ('mrg3', 'pack'): 691.905, ('mrg3', 'd2h'): 691.951}",0.2150340005755424,0.3633791998960077
Highly sparse,bcsstm03,112,112,0.8928571428571428,112,112,112,112,112,0.0,,0.05599999999992633,0.15899999999999181,0.05700000000001637,0.02800000000002001,0.2719999999999345,0.482,,,,,0.456,0.364,0.337,0.28,,0.2949999999999591,0.2599999999999909,0.19200000000000728,0.16399999999998727,0.1150000000000091,"{('cu', 'start'): 676.464, ('cu', 'h2dmalloc'): 676.526, ('cu', 'h2d'): 676.541, ('cu', 'workest'): 676.597, ('cu', 'compute'): 676.756, ('cu', 'copy'): 676.813, ('cu', 'pack'): 676.836, ('cu', 'd2h'): 676.864, ('gust', 'start'): 676.962, ('gust', 'h2d'): 677.046, ('gust', 'count'): 677.071, ('gust', 'scan'): 677.11, ('gust', 'expand'): 677.135, ('gust', 'sort'): 677.18, ('gust', 'reduce'): 677.223, ('gust', 'final'): 677.284, ('gust', 'pack'): 677.306, ('gust', 'd2h'): 677.315, ('merge', 'start'): 677.423, ('merge', 'h2d'): 677.498, ('merge', 'count'): 677.521, ('merge', 'scan'): 677.558, ('merge', 'expand'): 677.581, ('merge', 'merge'): 677.605, ('merge', 'final'): 677.645, ('merge', 'compact'): 677.671, ('merge', 'pack'): 677.69, ('merge', 'd2h'): 677.7, ('mrg2', 'start'): 677.796, ('mrg2', 'h2d'): 677.864, ('mrg2', 'count'): 677.887, ('mrg2', 'scan'): 677.922, ('mrg2', 'merge'): 677.947, ('mrg2', 'final'): 677.982, ('mrg2', 'compact'): 678.006, ('mrg2', 'pack'): 678.028, ('mrg2', 'd2h'): 678.045, ('mrg3', 'start'): 678.14, ('mrg3', 'h2d'): 678.209, ('mrg3', 'count'): 678.234, ('mrg3', 'scan'): 678.283, ('mrg3', 'merge'): 678.306, ('mrg3', 'pack'): 678.324, ('mrg3', 'd2h'): 678.335}",0.0211198348551988,0.1707232000539079
Highly sparse,bcspwr05,443,1623,0.8270105834934192,4249,4249,4249,4249,4249,0.0,,0.057999999999992724,0.17200000000002547,0.05899999999996908,0.031000000000062755,0.28899999999998727,0.511,,,,,0.545,0.425,0.381,0.312,,0.3120000000000118,0.3410000000000082,0.2379999999999427,0.18100000000004002,0.1310000000000855,"{('cu', 'start'): 668.011, ('cu', 'h2dmalloc'): 668.074, ('cu', 'h2d'): 668.093, ('cu', 'workest'): 668.151, ('cu', 'compute'): 668.323, ('cu', 'copy'): 668.382, ('cu', 'pack'): 668.405, ('cu', 'd2h'): 668.436, ('gust', 'start'): 668.535, ('gust', 'h2d'): 668.619, ('gust', 'count'): 668.643, ('gust', 'scan'): 668.683, ('gust', 'expand'): 668.709, ('gust', 'sort'): 668.824, ('gust', 'reduce'): 668.869, ('gust', 'final'): 668.926, ('gust', 'pack'): 668.96, ('gust', 'd2h'): 668.972, ('merge', 'start'): 669.085, ('merge', 'h2d'): 669.168, ('merge', 'count'): 669.193, ('merge', 'scan'): 669.229, ('merge', 'expand'): 669.259, ('merge', 'merge'): 669.314, ('merge', 'final'): 669.355, ('merge', 'compact'): 669.388, ('merge', 'pack'): 669.406, ('merge', 'd2h'): 669.42, ('mrg2', 'start'): 669.518, ('mrg2', 'h2d'): 669.596, ('mrg2', 'count'): 669.621, ('mrg2', 'scan'): 669.656, ('mrg2', 'merge'): 669.698, ('mrg2', 'final'): 669.733, ('mrg2', 'compact'): 669.759, ('mrg2', 'pack'): 669.777, ('mrg2', 'd2h'): 669.791, ('mrg3', 'start'): 669.906, ('mrg3', 'h2d'): 669.983, ('mrg3', 'count'): 670.013, ('mrg3', 'scan'): 670.064, ('mrg3', 'merge'): 670.096, ('mrg3', 'pack'): 670.114, ('mrg3', 'd2h'): 670.127}",0.0628989655524492,0.2146208010613918
Highly sparse,bcsstk26,1922,30336,0.8212049319939666,92530,92530,92530,92530,92530,0.0,,0.07000000000005002,0.2949999999999591,0.06799999999998363,0.1710000000000491,0.4329999999999927,0.926,,,,,1.324,1.407,0.749,0.487,,0.5240000000000009,1.0670000000000073,1.134999999999991,0.4900000000000091,0.2419999999999618,"{('cu', 'start'): 678.282, ('cu', 'h2dmalloc'): 678.344, ('cu', 'h2d'): 678.376, ('cu', 'workest'): 678.446, ('cu', 'compute'): 678.741, ('cu', 'copy'): 678.809, ('cu', 'pack'): 678.9, ('cu', 'd2h'): 679.071, ('gust', 'start'): 679.227, ('gust', 'h2d'): 679.317, ('gust', 'count'): 679.346, ('gust', 'scan'): 679.386, ('gust', 'expand'): 679.54, ('gust', 'sort'): 679.824, ('gust', 'reduce'): 680.026, ('gust', 'final'): 680.349, ('gust', 'pack'): 680.384, ('gust', 'd2h'): 680.454, ('merge', 'start'): 680.555, ('merge', 'h2d'): 680.658, ('merge', 'count'): 680.69, ('merge', 'scan'): 680.734, ('merge', 'expand'): 680.963, ('merge', 'merge'): 681.429, ('merge', 'final'): 681.599, ('merge', 'compact'): 681.766, ('merge', 'pack'): 681.793, ('merge', 'd2h'): 681.863, ('mrg2', 'start'): 681.972, ('mrg2', 'h2d'): 682.067, ('mrg2', 'count'): 682.094, ('mrg2', 'scan'): 682.133, ('mrg2', 'merge'): 682.348, ('mrg2', 'final'): 682.387, ('mrg2', 'compact'): 682.532, ('mrg2', 'pack'): 682.557, ('mrg2', 'd2h'): 682.625, ('mrg3', 'start'): 682.735, ('mrg3', 'h2d'): 682.825, ('mrg3', 'count'): 682.899, ('mrg3', 'scan'): 682.957, ('mrg3', 'merge'): 683.045, ('mrg3', 'pack'): 683.067, ('mrg3', 'd2h'): 683.136}",0.5065230652689934,0.385401598457247
Highly sparse,bcsstk33,8738,591904,0.775223972597465,2569536,2569536,2569536,2569536,2569536,0.0,,0.15499999999997272,2.27800000000002,0.17300000000000182,1.3010000000000446,2.6059999999999945,4.342,,,,,10.344,21.933,4.646,5.165,,2.6779999999999973,8.0,20.134000000000015,3.0030000000000427,3.919999999999959,"{('cu', 'start'): 849.261, ('cu', 'h2dmalloc'): 849.31, ('cu', 'h2d'): 849.505, ('cu', 'workest'): 849.66, ('cu', 'compute'): 851.938, ('cu', 'copy'): 852.111, ('cu', 'pack'): 852.183, ('cu', 'd2h'): 853.484, ('gust', 'start'): 853.611, ('gust', 'h2d'): 854.898, ('gust', 'count'): 854.98, ('gust', 'scan'): 855.02, ('gust', 'expand'): 855.692, ('gust', 'sort'): 861.267, ('gust', 'reduce'): 861.851, ('gust', 'final'): 862.827, ('gust', 'pack'): 862.898, ('gust', 'd2h'): 863.654, ('merge', 'start'): 863.962, ('merge', 'h2d'): 864.595, ('merge', 'count'): 864.701, ('merge', 'scan'): 864.74, ('merge', 'expand'): 867.024, ('merge', 'merge'): 884.014, ('merge', 'final'): 884.318, ('merge', 'compact'): 884.659, ('merge', 'pack'): 884.729, ('merge', 'd2h'): 885.572, ('mrg2', 'start'): 885.902, ('mrg2', 'h2d'): 886.481, ('mrg2', 'count'): 886.586, ('mrg2', 'scan'): 886.623, ('mrg2', 'merge'): 889.001, ('mrg2', 'final'): 889.039, ('mrg2', 'compact'): 889.399, ('mrg2', 'pack'): 889.484, ('mrg2', 'd2h'): 890.239, ('mrg3', 'start'): 890.554, ('mrg3', 'h2d'): 890.793, ('mrg3', 'count'): 892.31, ('mrg3', 'scan'): 892.361, ('mrg3', 'merge'): 894.647, ('mrg3', 'pack'): 894.713, ('mrg3', 'd2h'): 895.459}",32.54354605451226,1.5800352056743576
Highly sparse,bcsstm04,132,132,0.7575757575757576,132,132,132,132,132,0.0,,0.06200000000001182,0.1570000000000391,0.05899999999996908,0.027999999999906322,0.27800000000002,0.517,,,,,0.47,0.385,0.382,0.308,,0.3000000000000682,0.2599999999999909,0.19500000000005002,0.19200000000000728,0.12000000000000455,"{('cu', 'start'): 688.199, ('cu', 'h2dmalloc'): 688.263, ('cu', 'h2d'): 688.28, ('cu', 'workest'): 688.342, ('cu', 'compute'): 688.499, ('cu', 'copy'): 688.558, ('cu', 'pack'): 688.58, ('cu', 'd2h'): 688.608, ('gust', 'start'): 688.727, ('gust', 'h2d'): 688.811, ('gust', 'count'): 688.834, ('gust', 'scan'): 688.878, ('gust', 'expand'): 688.901, ('gust', 'sort'): 688.948, ('gust', 'reduce'): 688.991, ('gust', 'final'): 689.049, ('gust', 'pack'): 689.071, ('gust', 'd2h'): 689.081, ('merge', 'start'): 689.201, ('merge', 'h2d'): 689.28, ('merge', 'count'): 689.303, ('merge', 'scan'): 689.342, ('merge', 'expand'): 689.365, ('merge', 'merge'): 689.386, ('merge', 'final'): 689.429, ('merge', 'compact'): 689.455, ('merge', 'pack'): 689.475, ('merge', 'd2h'): 689.486, ('mrg2', 'start'): 689.593, ('mrg2', 'h2d'): 689.669, ('mrg2', 'count'): 689.706, ('mrg2', 'scan'): 689.753, ('mrg2', 'merge'): 689.778, ('mrg2', 'final'): 689.815, ('mrg2', 'compact'): 689.841, ('mrg2', 'pack'): 689.861, ('mrg2', 'd2h'): 689.873, ('mrg3', 'start'): 689.981, ('mrg3', 'h2d'): 690.058, ('mrg3', 'count'): 690.082, ('mrg3', 'scan'): 690.134, ('mrg3', 'merge'): 690.159, ('mrg3', 'pack'): 690.178, ('mrg3', 'd2h'): 690.189}",0.0257568899542093,0.1745759997749701
Highly sparse,bcsstk15,3948,117816,0.7558750073139261,527688,527688,527688,527688,527688,0.0,,0.1230000000000473,0.7519999999999527,0.19200000000000728,0.7289999999999281,1.0670000000000073,2.204,,,,,2.654,3.247,1.707,1.581,,1.1560000000000628,1.7860000000000582,2.393000000000029,0.84699999999998,0.7180000000000746,"{('cu', 'start'): 741.096, ('cu', 'h2dmalloc'): 741.156, ('cu', 'h2d'): 741.26, ('cu', 'workest'): 741.383, ('cu', 'compute'): 742.135, ('cu', 'copy'): 742.327, ('cu', 'pack'): 742.416, ('cu', 'd2h'): 743.145, ('gust', 'start'): 743.308, ('gust', 'h2d'): 743.477, ('gust', 'count'): 743.509, ('gust', 'scan'): 743.552, ('gust', 'expand'): 743.73, ('gust', 'sort'): 744.455, ('gust', 'reduce'): 744.661, ('gust', 'final'): 745.153, ('gust', 'pack'): 745.263, ('gust', 'd2h'): 745.694, ('merge', 'start'): 745.97, ('merge', 'h2d'): 746.132, ('merge', 'count'): 746.167, ('merge', 'scan'): 746.211, ('merge', 'expand'): 746.59, ('merge', 'merge'): 747.958, ('merge', 'final'): 748.143, ('merge', 'compact'): 748.434, ('merge', 'pack'): 748.525, ('merge', 'd2h'): 748.956, ('mrg2', 'start'): 749.225, ('mrg2', 'h2d'): 749.393, ('mrg2', 'count'): 749.422, ('mrg2', 'scan'): 749.468, ('mrg2', 'merge'): 749.846, ('mrg2', 'final'): 749.89, ('mrg2', 'compact'): 750.15, ('mrg2', 'pack'): 750.24, ('mrg2', 'd2h'): 750.669, ('mrg3', 'start'): 750.94, ('mrg3', 'h2d'): 751.102, ('mrg3', 'count'): 751.293, ('mrg3', 'scan'): 751.352, ('mrg3', 'merge'): 751.738, ('mrg3', 'pack'): 751.82, ('mrg3', 'd2h'): 752.256}",3.416860941797495,0.4372832000022755
Highly sparse,bcsstm22,138,138,0.7246376811594203,138,138,138,138,138,0.0,,0.06099999999992178,0.1570000000000391,0.05899999999996908,0.025999999999953616,0.27699999999992997,0.502,,,,,0.46,0.386,0.338,0.297,,0.29899999999997817,0.25,0.19299999999998363,0.15800000000001546,0.11199999999996635,"{('cu', 'start'): 698.138, ('cu', 'h2dmalloc'): 698.204, ('cu', 'h2d'): 698.219, ('cu', 'workest'): 698.28, ('cu', 'compute'): 698.437, ('cu', 'copy'): 698.496, ('cu', 'pack'): 698.518, ('cu', 'd2h'): 698.544, ('gust', 'start'): 698.649, ('gust', 'h2d'): 698.728, ('gust', 'count'): 698.749, ('gust', 'scan'): 698.79, ('gust', 'expand'): 698.812, ('gust', 'sort'): 698.861, ('gust', 'reduce'): 698.901, ('gust', 'final'): 698.957, ('gust', 'pack'): 698.978, ('gust', 'd2h'): 698.989, ('merge', 'start'): 699.114, ('merge', 'h2d'): 699.195, ('merge', 'count'): 699.216, ('merge', 'scan'): 699.256, ('merge', 'expand'): 699.279, ('merge', 'merge'): 699.3, ('merge', 'final'): 699.341, ('merge', 'compact'): 699.368, ('merge', 'pack'): 699.388, ('merge', 'd2h'): 699.398, ('mrg2', 'start'): 699.507, ('mrg2', 'h2d'): 699.58, ('mrg2', 'count'): 699.599, ('mrg2', 'scan'): 699.637, ('mrg2', 'merge'): 699.659, ('mrg2', 'final'): 699.694, ('mrg2', 'compact'): 699.719, ('mrg2', 'pack'): 699.738, ('mrg2', 'd2h'): 699.749, ('mrg3', 'start'): 699.85, ('mrg3', 'h2d'): 699.921, ('mrg3', 'count'): 699.942, ('mrg3', 'scan'): 699.993, ('mrg3', 'merge'): 700.014, ('mrg3', 'pack'): 700.033, ('mrg3', 'd2h'): 700.044}",0.0331620685756206,0.1715871995082125
Highly sparse,bp_1600,822,4841,0.7164591732229859,23625,23625,23625,23625,23625,0.0,,0.05600000000004002,0.18200000000001637,0.057999999999992724,0.047000000000025466,0.2960000000000491,0.527,,,,,0.599,17.442,1.616,0.97,,0.3129999999999882,0.38400000000001455,17.239000000000033,1.4200000000000728,0.7819999999999254,"{('cu', 'start'): 732.063, ('cu', 'h2dmalloc'): 732.126, ('cu', 'h2d'): 732.145, ('cu', 'workest'): 732.201, ('cu', 'compute'): 732.383, ('cu', 'copy'): 732.441, ('cu', 'pack'): 732.458, ('cu', 'd2h'): 732.505, ('gust', 'start'): 732.604, ('gust', 'h2d'): 732.684, ('gust', 'count'): 732.719, ('gust', 'scan'): 732.758, ('gust', 'expand'): 732.815, ('gust', 'sort'): 732.946, ('gust', 'reduce'): 732.991, ('gust', 'final'): 733.046, ('gust', 'pack'): 733.068, ('gust', 'd2h'): 733.1, ('merge', 'start'): 733.211, ('merge', 'h2d'): 733.29, ('merge', 'count'): 733.327, ('merge', 'scan'): 733.364, ('merge', 'expand'): 733.618, ('merge', 'merge'): 750.437, ('merge', 'final'): 750.483, ('merge', 'compact'): 750.51, ('merge', 'pack'): 750.529, ('merge', 'd2h'): 750.553, ('mrg2', 'start'): 750.66, ('mrg2', 'h2d'): 750.742, ('mrg2', 'count'): 750.779, ('mrg2', 'scan'): 750.815, ('mrg2', 'merge'): 752.085, ('mrg2', 'final'): 752.122, ('mrg2', 'compact'): 752.145, ('mrg2', 'pack'): 752.162, ('mrg2', 'd2h'): 752.187, ('mrg3', 'start'): 752.284, ('mrg3', 'h2d'): 752.364, ('mrg3', 'count'): 752.693, ('mrg3', 'scan'): 752.747, ('mrg3', 'merge'): 753.124, ('mrg3', 'pack'): 753.146, ('mrg3', 'd2h'): 753.17}",0.0924151390790939,0.2646560000488534
Highly sparse,bp_1400,822,4790,0.7089112662132002,23154,23154,23154,23154,23154,0.0,,0.06700000000000728,0.18799999999998818,0.07699999999999818,0.04099999999993997,0.33199999999999363,0.604,,,,,0.673,17.767,1.628,0.993,,0.3550000000000182,0.4230000000000018,17.537000000000035,1.4080000000000155,0.7799999999999727,"{('cu', 'start'): 744.714, ('cu', 'h2dmalloc'): 744.781, ('cu', 'h2d'): 744.798, ('cu', 'workest'): 744.865, ('cu', 'compute'): 745.053, ('cu', 'copy'): 745.13, ('cu', 'pack'): 745.153, ('cu', 'd2h'): 745.194, ('gust', 'start'): 745.33, ('gust', 'h2d'): 745.425, ('gust', 'count'): 745.463, ('gust', 'scan'): 745.514, ('gust', 'expand'): 745.569, ('gust', 'sort'): 745.703, ('gust', 'reduce'): 745.749, ('gust', 'final'): 745.817, ('gust', 'pack'): 745.848, ('gust', 'd2h'): 745.883, ('merge', 'start'): 746.008, ('merge', 'h2d'): 746.097, ('merge', 'count'): 746.134, ('merge', 'scan'): 746.179, ('merge', 'expand'): 746.432, ('merge', 'merge'): 763.54, ('merge', 'final'): 763.589, ('merge', 'compact'): 763.615, ('merge', 'pack'): 763.634, ('merge', 'd2h'): 763.659, ('mrg2', 'start'): 763.782, ('mrg2', 'h2d'): 763.871, ('mrg2', 'count'): 763.906, ('mrg2', 'scan'): 763.947, ('mrg2', 'merge'): 765.189, ('mrg2', 'final'): 765.228, ('mrg2', 'compact'): 765.253, ('mrg2', 'pack'): 765.279, ('mrg2', 'd2h'): 765.304, ('mrg3', 'start'): 765.415, ('mrg3', 'h2d'): 765.496, ('mrg3', 'count'): 765.817, ('mrg3', 'scan'): 765.872, ('mrg3', 'merge'): 766.254, ('mrg3', 'pack'): 766.276, ('mrg3', 'd2h'): 766.301}",0.0924400519579649,0.2610623992281034
Highly sparse,bp_1200,822,4726,0.6994393829068026,22313,22313,22313,22313,22313,0.0,,0.05499999999994998,0.18200000000001637,0.057999999999992724,0.038000000000010914,0.2949999999999591,0.514,,,,,0.621,17.977,1.614,0.959,,0.3129999999999882,0.3970000000000482,17.774,1.4089999999999918,0.7759999999999536,"{('cu', 'start'): 735.225, ('cu', 'h2dmalloc'): 735.288, ('cu', 'h2d'): 735.306, ('cu', 'workest'): 735.361, ('cu', 'compute'): 735.543, ('cu', 'copy'): 735.601, ('cu', 'pack'): 735.619, ('cu', 'd2h'): 735.657, ('gust', 'start'): 735.749, ('gust', 'h2d'): 735.838, ('gust', 'count'): 735.886, ('gust', 'scan'): 735.924, ('gust', 'expand'): 735.982, ('gust', 'sort'): 736.114, ('gust', 'reduce'): 736.158, ('gust', 'final'): 736.213, ('gust', 'pack'): 736.235, ('gust', 'd2h'): 736.266, ('merge', 'start'): 736.379, ('merge', 'h2d'): 736.461, ('merge', 'count'): 736.498, ('merge', 'scan'): 736.535, ('merge', 'expand'): 736.791, ('merge', 'merge'): 754.148, ('merge', 'final'): 754.194, ('merge', 'compact'): 754.217, ('merge', 'pack'): 754.235, ('merge', 'd2h'): 754.259, ('mrg2', 'start'): 754.37, ('mrg2', 'h2d'): 754.455, ('mrg2', 'count'): 754.489, ('mrg2', 'scan'): 754.526, ('mrg2', 'merge'): 755.787, ('mrg2', 'final'): 755.824, ('mrg2', 'compact'): 755.846, ('mrg2', 'pack'): 755.864, ('mrg2', 'd2h'): 755.887, ('mrg3', 'start'): 755.986, ('mrg3', 'h2d'): 756.062, ('mrg3', 'count'): 756.382, ('mrg3', 'scan'): 756.437, ('mrg3', 'merge'): 756.817, ('mrg3', 'pack'): 756.838, ('mrg3', 'd2h'): 756.861}",0.0927147921174764,0.2639839987503364
Highly sparse,685_bus,685,3249,0.6924183494059353,9337,9337,9337,9337,9337,0.0,,0.08600000000001273,0.17399999999997817,0.07499999999993179,0.04200000000003001,0.3349999999999227,0.635,,,,,0.673,0.571,0.486,0.42,,0.36399999999991905,0.40800000000001546,0.31999999999993634,0.24299999999993815,0.18700000000001182,"{('cu', 'start'): 678.635, ('cu', 'h2dmalloc'): 678.722, ('cu', 'h2d'): 678.744, ('cu', 'workest'): 678.83, ('cu', 'compute'): 679.004, ('cu', 'copy'): 679.079, ('cu', 'pack'): 679.108, ('cu', 'd2h'): 679.15, ('gust', 'start'): 679.281, ('gust', 'h2d'): 679.383, ('gust', 'count'): 679.413, ('gust', 'scan'): 679.468, ('gust', 'expand'): 679.506, ('gust', 'sort'): 679.637, ('gust', 'reduce'): 679.694, ('gust', 'final'): 679.762, ('gust', 'pack'): 679.791, ('gust', 'd2h'): 679.809, ('merge', 'start'): 679.965, ('merge', 'h2d'): 680.065, ('merge', 'count'): 680.098, ('merge', 'scan'): 680.148, ('merge', 'expand'): 680.188, ('merge', 'merge'): 680.276, ('merge', 'final'): 680.326, ('merge', 'compact'): 680.357, ('merge', 'pack'): 680.385, ('merge', 'd2h'): 680.403, ('mrg2', 'start'): 680.548, ('mrg2', 'h2d'): 680.648, ('mrg2', 'count'): 680.679, ('mrg2', 'scan'): 680.73, ('mrg2', 'merge'): 680.785, ('mrg2', 'final'): 680.831, ('mrg2', 'compact'): 680.862, ('mrg2', 'pack'): 680.891, ('mrg2', 'd2h'): 680.91, ('mrg3', 'start'): 681.044, ('mrg3', 'h2d'): 681.139, ('mrg3', 'count'): 681.183, ('mrg3', 'scan'): 681.247, ('mrg3', 'merge'): 681.296, ('mrg3', 'pack'): 681.326, ('mrg3', 'd2h'): 681.344}",0.0497710425406694,0.2061695996904745
Highly sparse,bp_1000,822,4661,0.6898195014237425,21373,21373,21373,21373,21373,0.0,,0.057999999999992724,0.18999999999994088,0.057999999999992724,0.03700000000003456,0.30599999999992633,0.526,,,,,0.599,17.644,1.576,0.971,,0.32399999999995543,0.39400000000000546,17.451999999999998,1.3869999999999436,0.7820000000000391,"{('cu', 'start'): 721.407, ('cu', 'h2dmalloc'): 721.47, ('cu', 'h2d'): 721.489, ('cu', 'workest'): 721.547, ('cu', 'compute'): 721.737, ('cu', 'copy'): 721.795, ('cu', 'pack'): 721.813, ('cu', 'd2h'): 721.85, ('gust', 'start'): 721.943, ('gust', 'h2d'): 722.021, ('gust', 'count'): 722.056, ('gust', 'scan'): 722.096, ('gust', 'expand'): 722.154, ('gust', 'sort'): 722.288, ('gust', 'reduce'): 722.331, ('gust', 'final'): 722.397, ('gust', 'pack'): 722.415, ('gust', 'd2h'): 722.447, ('merge', 'start'): 722.549, ('merge', 'h2d'): 722.628, ('merge', 'count'): 722.663, ('merge', 'scan'): 722.699, ('merge', 'expand'): 722.947, ('merge', 'merge'): 739.993, ('merge', 'final'): 740.037, ('merge', 'compact'): 740.063, ('merge', 'pack'): 740.08, ('merge', 'd2h'): 740.103, ('mrg2', 'start'): 740.206, ('mrg2', 'h2d'): 740.283, ('mrg2', 'count'): 740.316, ('mrg2', 'scan'): 740.359, ('mrg2', 'merge'): 741.593, ('mrg2', 'final'): 741.63, ('mrg2', 'compact'): 741.652, ('mrg2', 'pack'): 741.67, ('mrg2', 'd2h'): 741.693, ('mrg3', 'start'): 741.788, ('mrg3', 'h2d'): 741.866, ('mrg3', 'count'): 742.19, ('mrg3', 'scan'): 742.242, ('mrg3', 'merge'): 742.624, ('mrg3', 'pack'): 742.648, ('mrg3', 'd2h'): 742.671}",0.0927650835365057,0.2619359996868297
Highly sparse,494_bus,494,1666,0.6826861610582045,4062,4062,4062,4062,4062,0.0,,0.05899999999996908,0.1650000000000773,0.056999999999902684,0.04100000000005366,0.28099999999994907,0.527,,,,,0.536,0.434,0.377,0.31,,0.3039999999999736,0.3289999999999509,0.2380000000000564,0.19600000000002638,0.13200000000006185,"{('cu', 'start'): 687.906, ('cu', 'h2dmalloc'): 687.97, ('cu', 'h2d'): 687.995, ('cu', 'workest'): 688.054, ('cu', 'compute'): 688.219, ('cu', 'copy'): 688.276, ('cu', 'pack'): 688.299, ('cu', 'd2h'): 688.34, ('gust', 'start'): 688.443, ('gust', 'h2d'): 688.532, ('gust', 'count'): 688.556, ('gust', 'scan'): 688.596, ('gust', 'expand'): 688.623, ('gust', 'sort'): 688.737, ('gust', 'reduce'): 688.783, ('gust', 'final'): 688.84, ('gust', 'pack'): 688.861, ('gust', 'd2h'): 688.875, ('merge', 'start'): 688.984, ('merge', 'h2d'): 689.069, ('merge', 'count'): 689.096, ('merge', 'scan'): 689.134, ('merge', 'expand'): 689.167, ('merge', 'merge'): 689.216, ('merge', 'final'): 689.257, ('merge', 'compact'): 689.289, ('merge', 'pack'): 689.307, ('merge', 'd2h'): 689.32, ('mrg2', 'start'): 689.426, ('mrg2', 'h2d'): 689.506, ('mrg2', 'count'): 689.531, ('mrg2', 'scan'): 689.568, ('mrg2', 'merge'): 689.62, ('mrg2', 'final'): 689.657, ('mrg2', 'compact'): 689.68, ('mrg2', 'pack'): 689.702, ('mrg2', 'd2h'): 689.716, ('mrg3', 'start'): 689.809, ('mrg3', 'h2d'): 689.886, ('mrg3', 'count'): 689.917, ('mrg3', 'scan'): 689.967, ('mrg3', 'merge'): 690.0, ('mrg3', 'pack'): 690.018, ('mrg3', 'd2h'): 690.031}",0.0334340147674083,0.1969184002839029
Highly sparse,bp_800,822,4534,0.6710237329876096,20224,20224,20224,20224,20224,0.0,,0.07500000000004547,0.21699999999998454,0.06700000000000728,0.03700000000003456,0.3590000000000373,0.62,,,,,0.647,17.114,1.61,1.012,,0.38200000000006185,0.43099999999992633,16.887000000000057,1.393000000000029,0.8089999999999691,"{('cu', 'start'): 757.289, ('cu', 'h2dmalloc'): 757.372, ('cu', 'h2d'): 757.396, ('cu', 'workest'): 757.471, ('cu', 'compute'): 757.688, ('cu', 'copy'): 757.755, ('cu', 'pack'): 757.778, ('cu', 'd2h'): 757.815, ('gust', 'start'): 757.918, ('gust', 'h2d'): 758.004, ('gust', 'count'): 758.047, ('gust', 'scan'): 758.09, ('gust', 'expand'): 758.148, ('gust', 'sort'): 758.291, ('gust', 'reduce'): 758.348, ('gust', 'final'): 758.411, ('gust', 'pack'): 758.435, ('gust', 'd2h'): 758.466, ('merge', 'start'): 758.572, ('merge', 'h2d'): 758.656, ('merge', 'count'): 758.694, ('merge', 'scan'): 758.735, ('merge', 'expand'): 758.978, ('merge', 'merge'): 775.434, ('merge', 'final'): 775.496, ('merge', 'compact'): 775.522, ('merge', 'pack'): 775.543, ('merge', 'd2h'): 775.566, ('mrg2', 'start'): 775.695, ('mrg2', 'h2d'): 775.786, ('mrg2', 'count'): 775.825, ('mrg2', 'scan'): 775.868, ('mrg2', 'merge'): 777.084, ('mrg2', 'final'): 777.132, ('mrg2', 'compact'): 777.157, ('mrg2', 'pack'): 777.179, ('mrg2', 'd2h'): 777.201, ('mrg3', 'start'): 777.313, ('mrg3', 'h2d'): 777.407, ('mrg3', 'count'): 777.746, ('mrg3', 'scan'): 777.806, ('mrg3', 'merge'): 778.193, ('mrg3', 'pack'): 778.216, ('mrg3', 'd2h'): 778.239}",0.0839799176901578,0.2578751999419182
Highly sparse,bcsstm05,153,153,0.6535947712418301,153,153,153,153,153,0.0,,0.07800000000008822,0.17799999999999727,0.07299999999997908,0.03700000000003456,0.3290000000000646,0.624,,,,,0.57,0.503,0.448,0.393,,0.35800000000006094,0.3160000000000309,0.26300000000003365,0.21899999999993724,0.15399999999999636,"{('cu', 'start'): 694.948, ('cu', 'h2dmalloc'): 695.03, ('cu', 'h2d'): 695.05, ('cu', 'workest'): 695.128, ('cu', 'compute'): 695.306, ('cu', 'copy'): 695.379, ('cu', 'pack'): 695.408, ('cu', 'd2h'): 695.445, ('gust', 'start'): 695.581, ('gust', 'h2d'): 695.685, ('gust', 'count'): 695.715, ('gust', 'scan'): 695.768, ('gust', 'expand'): 695.797, ('gust', 'sort'): 695.853, ('gust', 'reduce'): 695.907, ('gust', 'final'): 695.973, ('gust', 'pack'): 696.001, ('gust', 'd2h'): 696.015, ('merge', 'start'): 696.164, ('merge', 'h2d'): 696.264, ('merge', 'count'): 696.293, ('merge', 'scan'): 696.344, ('merge', 'expand'): 696.373, ('merge', 'merge'): 696.407, ('merge', 'final'): 696.456, ('merge', 'compact'): 696.498, ('merge', 'pack'): 696.527, ('merge', 'd2h'): 696.54, ('mrg2', 'start'): 696.676, ('mrg2', 'h2d'): 696.772, ('mrg2', 'count'): 696.8, ('mrg2', 'scan'): 696.851, ('mrg2', 'merge'): 696.884, ('mrg2', 'final'): 696.93, ('mrg2', 'compact'): 696.961, ('mrg2', 'pack'): 696.991, ('mrg2', 'd2h'): 697.004, ('mrg3', 'start'): 697.133, ('mrg3', 'h2d'): 697.227, ('mrg3', 'count'): 697.257, ('mrg3', 'scan'): 697.325, ('mrg3', 'merge'): 697.353, ('mrg3', 'pack'): 697.381, ('mrg3', 'd2h'): 697.394}",0.0491051468998193,0.1588191994233057
Highly sparse,bp_600,822,4172,0.6174483930357978,16464,16464,16464,16464,16464,0.0,,0.05600000000004002,0.19200000000000728,0.06700000000000728,0.03499999999996817,0.31500000000005457,0.532,,,,,0.568,16.507,1.532,0.966,,0.3350000000000364,0.3690000000000282,16.309000000000083,1.3439999999999372,0.7849999999999682,"{('cu', 'start'): 709.007, ('cu', 'h2dmalloc'): 709.068, ('cu', 'h2d'): 709.087, ('cu', 'workest'): 709.143, ('cu', 'compute'): 709.335, ('cu', 'copy'): 709.402, ('cu', 'pack'): 709.422, ('cu', 'd2h'): 709.457, ('gust', 'start'): 709.548, ('gust', 'h2d'): 709.627, ('gust', 'count'): 709.663, ('gust', 'scan'): 709.701, ('gust', 'expand'): 709.753, ('gust', 'sort'): 709.876, ('gust', 'reduce'): 709.92, ('gust', 'final'): 709.975, ('gust', 'pack'): 709.996, ('gust', 'd2h'): 710.024, ('merge', 'start'): 710.123, ('merge', 'h2d'): 710.199, ('merge', 'count'): 710.236, ('merge', 'scan'): 710.274, ('merge', 'expand'): 710.496, ('merge', 'merge'): 726.425, ('merge', 'final'): 726.468, ('merge', 'compact'): 726.491, ('merge', 'pack'): 726.508, ('merge', 'd2h'): 726.529, ('mrg2', 'start'): 726.638, ('mrg2', 'h2d'): 726.716, ('mrg2', 'count'): 726.751, ('mrg2', 'scan'): 726.787, ('mrg2', 'merge'): 727.982, ('mrg2', 'final'): 728.018, ('mrg2', 'compact'): 728.041, ('mrg2', 'pack'): 728.06, ('mrg2', 'd2h'): 728.08, ('mrg3', 'start'): 728.178, ('mrg3', 'h2d'): 728.253, ('mrg3', 'count'): 728.582, ('mrg3', 'scan'): 728.637, ('mrg3', 'merge'): 729.017, ('mrg3', 'pack'): 729.038, ('mrg3', 'd2h'): 729.059}",0.0924798659980297,0.2620992000680416
Highly sparse,bp_400,822,4028,0.596136655596403,15238,15238,15238,15238,15238,0.0,,0.05600000000004002,0.18299999999999272,0.06099999999992178,0.03600000000005821,0.2999999999999545,0.519,,,,,0.58,15.339,1.473,0.966,,0.31899999999996,0.3790000000000191,15.148000000000025,1.2859999999999445,0.7830000000000155,"{('cu', 'start'): 745.495, ('cu', 'h2dmalloc'): 745.558, ('cu', 'h2d'): 745.577, ('cu', 'workest'): 745.633, ('cu', 'compute'): 745.816, ('cu', 'copy'): 745.877, ('cu', 'pack'): 745.896, ('cu', 'd2h'): 745.932, ('gust', 'start'): 746.028, ('gust', 'h2d'): 746.106, ('gust', 'count'): 746.14, ('gust', 'scan'): 746.192, ('gust', 'expand'): 746.243, ('gust', 'sort'): 746.366, ('gust', 'reduce'): 746.411, ('gust', 'final'): 746.466, ('gust', 'pack'): 746.485, ('gust', 'd2h'): 746.512, ('merge', 'start'): 746.614, ('merge', 'h2d'): 746.693, ('merge', 'count'): 746.728, ('merge', 'scan'): 746.769, ('merge', 'expand'): 746.985, ('merge', 'merge'): 761.755, ('merge', 'final'): 761.799, ('merge', 'compact'): 761.823, ('merge', 'pack'): 761.841, ('merge', 'd2h'): 761.861, ('mrg2', 'start'): 761.96, ('mrg2', 'h2d'): 762.037, ('mrg2', 'count'): 762.075, ('mrg2', 'scan'): 762.114, ('mrg2', 'merge'): 763.243, ('mrg2', 'final'): 763.28, ('mrg2', 'compact'): 763.304, ('mrg2', 'pack'): 763.323, ('mrg2', 'd2h'): 763.342, ('mrg3', 'start'): 763.44, ('mrg3', 'h2d'): 763.518, ('mrg3', 'count'): 763.843, ('mrg3', 'scan'): 763.897, ('mrg3', 'merge'): 764.274, ('mrg3', 'pack'): 764.301, ('mrg3', 'd2h'): 764.321}",0.0927450601011514,0.2403072006767616
Highly sparse,662_bus,662,2474,0.5645256980129791,6480,6480,6480,6480,6480,0.0,,0.06399999999996453,0.15899999999999181,0.06000000000005912,0.03300000000001546,0.28300000000001546,0.509,,,,,0.56,0.43,0.385,0.32,,0.30599999999992633,0.33600000000001273,0.24299999999993815,0.18599999999992178,0.13999999999998636,"{('cu', 'start'): 685.404, ('cu', 'h2dmalloc'): 685.47, ('cu', 'h2d'): 685.489, ('cu', 'workest'): 685.553, ('cu', 'compute'): 685.712, ('cu', 'copy'): 685.772, ('cu', 'pack'): 685.795, ('cu', 'd2h'): 685.828, ('gust', 'start'): 685.921, ('gust', 'h2d'): 686.024, ('gust', 'count'): 686.051, ('gust', 'scan'): 686.089, ('gust', 'expand'): 686.118, ('gust', 'sort'): 686.237, ('gust', 'reduce'): 686.282, ('gust', 'final'): 686.338, ('gust', 'pack'): 686.36, ('gust', 'd2h'): 686.374, ('merge', 'start'): 686.491, ('merge', 'h2d'): 686.575, ('merge', 'count'): 686.601, ('merge', 'scan'): 686.639, ('merge', 'expand'): 686.673, ('merge', 'merge'): 686.726, ('merge', 'final'): 686.767, ('merge', 'compact'): 686.799, ('merge', 'pack'): 686.818, ('merge', 'd2h'): 686.832, ('mrg2', 'start'): 686.928, ('mrg2', 'h2d'): 687.023, ('mrg2', 'count'): 687.049, ('mrg2', 'scan'): 687.085, ('mrg2', 'merge'): 687.126, ('mrg2', 'final'): 687.162, ('mrg2', 'compact'): 687.187, ('mrg2', 'pack'): 687.209, ('mrg2', 'd2h'): 687.225, ('mrg3', 'start'): 687.32, ('mrg3', 'h2d'): 687.396, ('mrg3', 'count'): 687.428, ('mrg3', 'scan'): 687.478, ('mrg3', 'merge'): 687.514, ('mrg3', 'pack'): 687.536, ('mrg3', 'd2h'): 687.552}",0.0494900159537792,0.2187456000363454
Highly sparse,bp_200,822,3802,0.5626890676706863,13197,13197,13197,13197,13197,0.0,,0.05700000000001637,0.20000000000004547,0.05999999999994543,0.03200000000003911,0.3170000000000073,0.539,,,,,0.581,13.977,1.326,0.887,,0.33600000000001273,0.3730000000000473,13.783000000000015,1.1330000000000382,0.6989999999999554,"{('cu', 'start'): 708.482, ('cu', 'h2dmalloc'): 708.544, ('cu', 'h2d'): 708.563, ('cu', 'workest'): 708.62, ('cu', 'compute'): 708.82, ('cu', 'copy'): 708.88, ('cu', 'pack'): 708.899, ('cu', 'd2h'): 708.931, ('gust', 'start'): 709.031, ('gust', 'h2d'): 709.115, ('gust', 'count'): 709.15, ('gust', 'scan'): 709.187, ('gust', 'expand'): 709.237, ('gust', 'sort'): 709.361, ('gust', 'reduce'): 709.407, ('gust', 'final'): 709.466, ('gust', 'pack'): 709.488, ('gust', 'd2h'): 709.516, ('merge', 'start'): 709.62, ('merge', 'h2d'): 709.703, ('merge', 'count'): 709.74, ('merge', 'scan'): 709.782, ('merge', 'expand'): 709.985, ('merge', 'merge'): 723.404, ('merge', 'final'): 723.446, ('merge', 'compact'): 723.468, ('merge', 'pack'): 723.486, ('merge', 'd2h'): 723.504, ('mrg2', 'start'): 723.605, ('mrg2', 'h2d'): 723.688, ('mrg2', 'count'): 723.722, ('mrg2', 'scan'): 723.78, ('mrg2', 'merge'): 724.741, ('mrg2', 'final'): 724.78, ('mrg2', 'compact'): 724.804, ('mrg2', 'pack'): 724.821, ('mrg2', 'd2h'): 724.839, ('mrg3', 'start'): 724.935, ('mrg3', 'h2d'): 725.01, ('mrg3', 'count'): 725.296, ('mrg3', 'scan'): 725.349, ('mrg3', 'merge'): 725.688, ('mrg3', 'pack'): 725.709, ('mrg3', 'd2h'): 725.727}",0.0878840219229459,0.2516576005844399
Highly sparse,bcsstm13,2003,21943,0.5469329704893483,90811,90811,90811,90811,90811,0.0,,0.08300000000008367,0.36199999999996635,0.06499999999994088,0.17300000000000182,0.5099999999999909,0.874,,,,,1.363,2.994,0.948,0.683,,0.5300000000000864,1.1050000000000182,2.7350000000000136,0.6920000000000073,0.42799999999999727,"{('cu', 'start'): 706.431, ('cu', 'h2dmalloc'): 706.491, ('cu', 'h2d'): 706.526, ('cu', 'workest'): 706.609, ('cu', 'compute'): 706.971, ('cu', 'copy'): 707.036, ('cu', 'pack'): 707.056, ('cu', 'd2h'): 707.229, ('gust', 'start'): 707.316, ('gust', 'h2d'): 707.406, ('gust', 'count'): 707.435, ('gust', 'scan'): 707.475, ('gust', 'expand'): 707.651, ('gust', 'sort'): 707.979, ('gust', 'reduce'): 708.159, ('gust', 'final'): 708.475, ('gust', 'pack'): 708.511, ('gust', 'd2h'): 708.589, ('merge', 'start'): 708.69, ('merge', 'h2d'): 708.785, ('merge', 'count'): 708.818, ('merge', 'scan'): 708.859, ('merge', 'expand'): 709.277, ('merge', 'merge'): 711.167, ('merge', 'final'): 711.338, ('merge', 'compact'): 711.495, ('merge', 'pack'): 711.52, ('merge', 'd2h'): 711.597, ('mrg2', 'start'): 711.692, ('mrg2', 'h2d'): 711.784, ('mrg2', 'count'): 711.813, ('mrg2', 'scan'): 711.852, ('mrg2', 'merge'): 712.266, ('mrg2', 'final'): 712.308, ('mrg2', 'compact'): 712.449, ('mrg2', 'pack'): 712.476, ('mrg2', 'd2h'): 712.553, ('mrg3', 'start'): 712.648, ('mrg3', 'h2d'): 712.736, ('mrg3', 'count'): 712.883, ('mrg3', 'scan'): 712.94, ('mrg3', 'merge'): 713.141, ('mrg3', 'pack'): 713.164, ('mrg3', 'd2h'): 713.241}",0.5159778520464897,0.448464000574313
Highly sparse,bp_0,822,3276,0.4848420267462305,9384,9384,9384,9384,9384,0.0,,0.07099999999991269,0.18400000000008276,0.07099999999991269,0.03099999999994907,0.32599999999990814,0.543,,,,,0.618,11.363,1.228,0.885,,0.34699999999998,0.41200000000003456,11.163999999999987,1.0359999999999445,0.7069999999999936,"{('cu', 'start'): 720.614, ('cu', 'h2dmalloc'): 720.677, ('cu', 'h2d'): 720.695, ('cu', 'workest'): 720.766, ('cu', 'compute'): 720.95, ('cu', 'copy'): 721.021, ('cu', 'pack'): 721.042, ('cu', 'd2h'): 721.073, ('gust', 'start'): 721.167, ('gust', 'h2d'): 721.247, ('gust', 'count'): 721.301, ('gust', 'scan'): 721.348, ('gust', 'expand'): 721.395, ('gust', 'sort'): 721.523, ('gust', 'reduce'): 721.574, ('gust', 'final'): 721.635, ('gust', 'pack'): 721.659, ('gust', 'd2h'): 721.676, ('merge', 'start'): 721.792, ('merge', 'h2d'): 721.872, ('merge', 'count'): 721.908, ('merge', 'scan'): 721.951, ('merge', 'expand'): 722.114, ('merge', 'merge'): 732.943, ('merge', 'final'): 732.989, ('merge', 'compact'): 733.015, ('merge', 'pack'): 733.036, ('merge', 'd2h'): 733.053, ('mrg2', 'start'): 733.164, ('mrg2', 'h2d'): 733.245, ('mrg2', 'count'): 733.283, ('mrg2', 'scan'): 733.343, ('mrg2', 'merge'): 734.195, ('mrg2', 'final'): 734.235, ('mrg2', 'compact'): 734.26, ('mrg2', 'pack'): 734.281, ('mrg2', 'd2h'): 734.299, ('mrg3', 'start'): 734.403, ('mrg3', 'h2d'): 734.48, ('mrg3', 'count'): 734.767, ('mrg3', 'scan'): 734.828, ('mrg3', 'merge'): 735.161, ('mrg3', 'pack'): 735.187, ('mrg3', 'd2h'): 735.204}",0.0925010535866022,0.2449568016687408
Highly sparse,bcsstk23,3134,45178,0.45996948062076437,220632,220632,220632,220632,220632,0.0,,0.07600000000002183,0.33600000000001273,0.12999999999999545,0.3229999999999791,0.54200000000003,1.226,,,,,1.726,1.901,1.109,0.887,,0.6440000000000055,1.2420000000000755,1.43100000000004,0.65199999999993,0.4189999999999827,"{('cu', 'start'): 681.821, ('cu', 'h2dmalloc'): 681.883, ('cu', 'h2d'): 681.924, ('cu', 'workest'): 682.0, ('cu', 'compute'): 682.336, ('cu', 'copy'): 682.466, ('cu', 'pack'): 682.568, ('cu', 'd2h'): 682.891, ('gust', 'start'): 683.056, ('gust', 'h2d'): 683.16, ('gust', 'count'): 683.189, ('gust', 'scan'): 683.232, ('gust', 'expand'): 683.388, ('gust', 'sort'): 683.714, ('gust', 'reduce'): 683.902, ('gust', 'final'): 684.301, ('gust', 'pack'): 684.402, ('gust', 'd2h'): 684.568, ('merge', 'start'): 684.792, ('merge', 'h2d'): 684.895, ('merge', 'count'): 684.93, ('merge', 'scan'): 684.982, ('merge', 'expand'): 685.201, ('merge', 'merge'): 685.851, ('merge', 'final'): 686.034, ('merge', 'compact'): 686.244, ('merge', 'pack'): 686.326, ('merge', 'd2h'): 686.491, ('mrg2', 'start'): 686.701, ('mrg2', 'h2d'): 686.797, ('mrg2', 'count'): 686.828, ('mrg2', 'scan'): 686.868, ('mrg2', 'merge'): 687.12, ('mrg2', 'final'): 687.159, ('mrg2', 'compact'): 687.366, ('mrg2', 'pack'): 687.449, ('mrg2', 'd2h'): 687.61, ('mrg3', 'start'): 687.818, ('mrg3', 'h2d'): 687.915, ('mrg3', 'count'): 688.01, ('mrg3', 'scan'): 688.069, ('mrg3', 'merge'): 688.257, ('mrg3', 'pack'): 688.334, ('mrg3', 'd2h'): 688.497}",1.796844182536006,0.3401567997410893
Highly sparse,bcsstk17,10974,428650,0.35593682023042417,1406936,1406936,1406936,1406936,1406936,0.0,,0.15099999999995362,1.7980000000000018,0.17000000000007276,0.81899999999996,2.119000000000028,3.324,,,,,5.311,10.631,2.324,2.543,,2.187999999999988,4.097999999999956,9.450999999999908,1.4099999999999682,1.6600000000000819,"{('cu', 'start'): 809.25, ('cu', 'h2dmalloc'): 809.315, ('cu', 'h2d'): 809.456, ('cu', 'workest'): 809.607, ('cu', 'compute'): 811.405, ('cu', 'copy'): 811.575, ('cu', 'pack'): 811.644, ('cu', 'd2h'): 812.463, ('gust', 'start'): 812.582, ('gust', 'h2d'): 813.08, ('gust', 'count'): 813.164, ('gust', 'scan'): 813.205, ('gust', 'expand'): 813.529, ('gust', 'sort'): 816.173, ('gust', 'reduce'): 816.528, ('gust', 'final'): 817.106, ('gust', 'pack'): 817.178, ('gust', 'd2h'): 817.603, ('merge', 'start'): 817.9, ('merge', 'h2d'): 818.33, ('merge', 'count'): 818.431, ('merge', 'scan'): 818.484, ('merge', 'expand'): 819.676, ('merge', 'merge'): 827.226, ('merge', 'final'): 827.438, ('merge', 'compact'): 827.71, ('merge', 'pack'): 827.781, ('merge', 'd2h'): 828.212, ('mrg2', 'start'): 828.538, ('mrg2', 'h2d'): 828.746, ('mrg2', 'count'): 828.828, ('mrg2', 'scan'): 828.872, ('mrg2', 'merge'): 829.788, ('mrg2', 'final'): 829.827, ('mrg2', 'compact'): 830.087, ('mrg2', 'pack'): 830.156, ('mrg2', 'd2h'): 830.585, ('mrg3', 'start'): 830.868, ('mrg3', 'h2d'): 831.074, ('mrg3', 'count'): 831.688, ('mrg3', 'scan'): 831.742, ('mrg3', 'merge'): 832.667, ('mrg3', 'pack'): 832.734, ('mrg3', 'd2h'): 833.157}",64.11718297749758,0.8110879972809926
Highly sparse,blckhole,2132,14872,0.3271861986912552,41546,41546,41546,41546,41546,0.0,,0.057999999999992724,0.23900000000003274,0.06399999999996453,0.1329999999999245,0.36099999999999,0.685,,,,,0.849,0.72,0.431,0.41,,0.3830000000000382,0.5639999999999645,0.5029999999999291,0.2239999999999327,0.1999999999999318,"{('cu', 'start'): 687.4, ('cu', 'h2dmalloc'): 687.466, ('cu', 'h2d'): 687.49, ('cu', 'workest'): 687.548, ('cu', 'compute'): 687.787, ('cu', 'copy'): 687.851, ('cu', 'pack'): 687.873, ('cu', 'd2h'): 688.006, ('gust', 'start'): 688.094, ('gust', 'h2d'): 688.188, ('gust', 'count'): 688.215, ('gust', 'scan'): 688.253, ('gust', 'expand'): 688.288, ('gust', 'sort'): 688.545, ('gust', 'reduce'): 688.655, ('gust', 'final'): 688.719, ('gust', 'pack'): 688.752, ('gust', 'd2h'): 688.789, ('merge', 'start'): 688.95, ('merge', 'h2d'): 689.046, ('merge', 'count'): 689.081, ('merge', 'scan'): 689.119, ('merge', 'expand'): 689.162, ('merge', 'merge'): 689.389, ('merge', 'final'): 689.433, ('merge', 'compact'): 689.524, ('merge', 'pack'): 689.549, ('merge', 'd2h'): 689.586, ('mrg2', 'start'): 689.679, ('mrg2', 'h2d'): 689.758, ('mrg2', 'count'): 689.785, ('mrg2', 'scan'): 689.823, ('mrg2', 'merge'): 689.886, ('mrg2', 'final'): 689.923, ('mrg2', 'compact'): 689.951, ('mrg2', 'pack'): 689.982, ('mrg2', 'd2h'): 690.018, ('mrg3', 'start'): 690.117, ('mrg3', 'h2d'): 690.201, ('mrg3', 'count'): 690.257, ('mrg3', 'scan'): 690.313, ('mrg3', 'merge'): 690.38, ('mrg3', 'pack'): 690.401, ('mrg3', 'd2h'): 690.438}",0.6037089042365551,0.2247616003965958
Highly sparse,bcsstk29,13992,619488,0.31642683346621986,1965686,1965686,1965686,1965686,1965686,0.0,,0.15599999999994907,2.423000000000002,0.1790000000000873,1.0379999999998972,2.758000000000038,4.246,,,,,7.344,11.283,3.127,3.056,,2.8390000000000555,6.044999999999959,9.192000000000007,1.625,1.9739999999999327,"{('cu', 'start'): 823.73, ('cu', 'h2dmalloc'): 823.78, ('cu', 'h2d'): 823.981, ('cu', 'workest'): 824.137, ('cu', 'compute'): 826.56, ('cu', 'copy'): 826.739, ('cu', 'pack'): 826.82, ('cu', 'd2h'): 827.858, ('gust', 'start'): 827.983, ('gust', 'h2d'): 828.399, ('gust', 'count'): 828.476, ('gust', 'scan'): 828.515, ('gust', 'expand'): 829.024, ('gust', 'sort'): 833.183, ('gust', 'reduce'): 833.643, ('gust', 'final'): 834.357, ('gust', 'pack'): 834.444, ('gust', 'd2h'): 835.021, ('merge', 'start'): 835.333, ('merge', 'h2d'): 836.518, ('merge', 'count'): 836.655, ('merge', 'scan'): 836.693, ('merge', 'expand'): 838.211, ('merge', 'merge'): 845.061, ('merge', 'final'): 845.312, ('merge', 'compact'): 845.62, ('merge', 'pack'): 845.71, ('merge', 'd2h'): 846.312, ('mrg2', 'start'): 846.622, ('mrg2', 'h2d'): 847.256, ('mrg2', 'count'): 847.355, ('mrg2', 'scan'): 847.392, ('mrg2', 'merge'): 848.452, ('mrg2', 'final'): 848.49, ('mrg2', 'compact'): 848.796, ('mrg2', 'pack'): 848.881, ('mrg2', 'd2h'): 849.458, ('mrg3', 'start'): 849.755, ('mrg3', 'h2d'): 850.004, ('mrg3', 'count'): 850.745, ('mrg3', 'scan'): 850.799, ('mrg3', 'merge'): 851.897, ('mrg3', 'pack'): 851.978, ('mrg3', 'd2h'): 852.552}",136.1381821334362,0.96355199937243
Highly sparse,1138_bus,1138,4054,0.31303955695713814,11142,11142,11142,11142,11142,0.0,,0.06299999999998818,0.17700000000002092,0.06299999999998818,0.033999999999991815,0.30299999999999727,0.533,,,,,0.558,0.482,0.407,0.344,,0.3249999999999318,0.3380000000000791,0.2859999999999445,0.20000000000004547,0.15200000000004366,"{('cu', 'start'): 762.668, ('cu', 'h2dmalloc'): 762.73, ('cu', 'h2d'): 762.748, ('cu', 'workest'): 762.811, ('cu', 'compute'): 762.988, ('cu', 'copy'): 763.051, ('cu', 'pack'): 763.073, ('cu', 'd2h'): 763.107, ('gust', 'start'): 763.21, ('gust', 'h2d'): 763.3, ('gust', 'count'): 763.324, ('gust', 'scan'): 763.365, ('gust', 'expand'): 763.392, ('gust', 'sort'): 763.513, ('gust', 'reduce'): 763.558, ('gust', 'final'): 763.617, ('gust', 'pack'): 763.638, ('gust', 'd2h'): 763.663, ('merge', 'start'): 763.773, ('merge', 'h2d'): 763.855, ('merge', 'count'): 763.881, ('merge', 'scan'): 763.919, ('merge', 'expand'): 763.954, ('merge', 'merge'): 764.053, ('merge', 'final'): 764.095, ('merge', 'compact'): 764.122, ('merge', 'pack'): 764.141, ('merge', 'd2h'): 764.159, ('mrg2', 'start'): 764.263, ('mrg2', 'h2d'): 764.353, ('mrg2', 'count'): 764.376, ('mrg2', 'scan'): 764.415, ('mrg2', 'merge'): 764.473, ('mrg2', 'final'): 764.51, ('mrg2', 'compact'): 764.533, ('mrg2', 'pack'): 764.553, ('mrg2', 'd2h'): 764.57, ('mrg3', 'start'): 764.677, ('mrg3', 'h2d'): 764.752, ('mrg3', 'count'): 764.788, ('mrg3', 'scan'): 764.844, ('mrg3', 'merge'): 764.884, ('mrg3', 'pack'): 764.904, ('mrg3', 'd2h'): 764.922}",0.1139771193265914,0.1873248002724721
Highly sparse,bcspwr06,1454,5300,0.25069579909522466,14110,14110,14110,14110,14110,0.0,,0.057999999999992724,0.17699999999990723,0.06200000000001182,0.03499999999996817,0.2969999999999118,0.527,,,,,0.551,0.479,0.383,0.366,,0.31899999999996,0.34600000000000364,0.29099999999994,0.19900000000006912,0.17200000000002547,"{('cu', 'start'): 667.041, ('cu', 'h2dmalloc'): 667.105, ('cu', 'h2d'): 667.123, ('cu', 'workest'): 667.181, ('cu', 'compute'): 667.358, ('cu', 'copy'): 667.42, ('cu', 'pack'): 667.442, ('cu', 'd2h'): 667.477, ('gust', 'start'): 667.576, ('gust', 'h2d'): 667.66, ('gust', 'count'): 667.685, ('gust', 'scan'): 667.722, ('gust', 'expand'): 667.759, ('gust', 'sort'): 667.883, ('gust', 'reduce'): 667.926, ('gust', 'final'): 667.985, ('gust', 'pack'): 668.006, ('gust', 'd2h'): 668.033, ('merge', 'start'): 668.134, ('merge', 'h2d'): 668.214, ('merge', 'count'): 668.242, ('merge', 'scan'): 668.278, ('merge', 'expand'): 668.326, ('merge', 'merge'): 668.41, ('merge', 'final'): 668.452, ('merge', 'compact'): 668.487, ('merge', 'pack'): 668.505, ('merge', 'd2h'): 668.524, ('mrg2', 'start'): 668.622, ('mrg2', 'h2d'): 668.698, ('mrg2', 'count'): 668.723, ('mrg2', 'scan'): 668.758, ('mrg2', 'merge'): 668.814, ('mrg2', 'final'): 668.852, ('mrg2', 'compact'): 668.875, ('mrg2', 'pack'): 668.897, ('mrg2', 'd2h'): 668.916, ('mrg3', 'start'): 669.013, ('mrg3', 'h2d'): 669.088, ('mrg3', 'count'): 669.133, ('mrg3', 'scan'): 669.186, ('mrg3', 'merge'): 669.238, ('mrg3', 'pack'): 669.26, ('mrg3', 'd2h'): 669.278}",0.2331940922886133,0.2166208002250641
Highly sparse,bcsstk30,28924,2043492,0.24426218412514641,8946070,8946070,8946070,8946070,8946070,0.0,,0.21700000000009823,7.717999999999847,0.24900000000002365,4.2590000000000146,8.183999999999969,13.515,,,,,34.443,95.93,15.625,20.545,,8.256000000000085,30.27800000000002,91.3599999999999,10.981999999999971,16.200000000000045,"{('cu', 'start'): 1354.376, ('cu', 'h2dmalloc'): 1354.437, ('cu', 'h2d'): 1355.233, ('cu', 'workest'): 1355.45, ('cu', 'compute'): 1363.168, ('cu', 'copy'): 1363.417, ('cu', 'pack'): 1363.489, ('cu', 'd2h'): 1367.748, ('gust', 'start'): 1367.899, ('gust', 'h2d'): 1368.743, ('gust', 'count'): 1368.839, ('gust', 'scan'): 1368.881, ('gust', 'expand'): 1371.176, ('gust', 'sort'): 1394.403, ('gust', 'reduce'): 1396.345, ('gust', 'final'): 1398.943, ('gust', 'pack'): 1399.021, ('gust', 'd2h'): 1401.757, ('merge', 'start'): 1402.349, ('merge', 'h2d'): 1403.391, ('merge', 'count'): 1403.503, ('merge', 'scan'): 1403.544, ('merge', 'expand'): 1412.029, ('merge', 'merge'): 1491.384, ('merge', 'final'): 1493.849, ('merge', 'compact'): 1494.657, ('merge', 'pack'): 1494.751, ('merge', 'd2h'): 1497.713, ('mrg2', 'start'): 1498.287, ('mrg2', 'h2d'): 1499.852, ('mrg2', 'count'): 1499.964, ('mrg2', 'scan'): 1500.008, ('mrg2', 'merge'): 1509.762, ('mrg2', 'final'): 1509.803, ('mrg2', 'compact'): 1510.745, ('mrg2', 'pack'): 1510.834, ('mrg2', 'd2h'): 1513.52, ('mrg3', 'start'): 1513.917, ('mrg3', 'h2d'): 1515.278, ('mrg3', 'count'): 1521.612, ('mrg3', 'scan'): 1521.671, ('mrg3', 'merge'): 1531.407, ('mrg3', 'pack'): 1531.478, ('mrg3', 'd2h'): 1534.162}",1171.8893751967698,2.4232448016759007
Highly sparse,bcsstm06,420,420,0.2380952380952381,420,420,420,420,420,0.0,,0.07899999999995089,0.16899999999998272,0.07200000000000273,0.03599999999994452,0.31999999999993634,0.614,,,,,0.59,0.509,0.457,0.389,,0.35000000000002274,0.32200000000000273,0.25700000000006185,0.22099999999988995,0.15800000000001546,"{('cu', 'start'): 725.695, ('cu', 'h2dmalloc'): 725.784, ('cu', 'h2d'): 725.807, ('cu', 'workest'): 725.886, ('cu', 'compute'): 726.055, ('cu', 'copy'): 726.127, ('cu', 'pack'): 726.157, ('cu', 'd2h'): 726.193, ('gust', 'start'): 726.321, ('gust', 'h2d'): 726.434, ('gust', 'count'): 726.466, ('gust', 'scan'): 726.52, ('gust', 'expand'): 726.549, ('gust', 'sort'): 726.604, ('gust', 'reduce'): 726.659, ('gust', 'final'): 726.727, ('gust', 'pack'): 726.756, ('gust', 'd2h'): 726.769, ('merge', 'start'): 726.921, ('merge', 'h2d'): 727.025, ('merge', 'count'): 727.055, ('merge', 'scan'): 727.109, ('merge', 'expand'): 727.139, ('merge', 'merge'): 727.173, ('merge', 'final'): 727.223, ('merge', 'compact'): 727.254, ('merge', 'pack'): 727.282, ('merge', 'd2h'): 727.295, ('mrg2', 'start'): 727.438, ('mrg2', 'h2d'): 727.541, ('mrg2', 'count'): 727.571, ('mrg2', 'scan'): 727.623, ('mrg2', 'merge'): 727.657, ('mrg2', 'final'): 727.703, ('mrg2', 'compact'): 727.734, ('mrg2', 'pack'): 727.762, ('mrg2', 'd2h'): 727.775, ('mrg3', 'start'): 727.906, ('mrg3', 'h2d'): 728.004, ('mrg3', 'count'): 728.036, ('mrg3', 'scan'): 728.102, ('mrg3', 'merge'): 728.133, ('mrg3', 'pack'): 728.162, ('mrg3', 'd2h'): 728.175}",0.0597902107983827,0.1703359997132792
Highly sparse,bcspwr08,1624,6050,0.22939467106699993,16916,16916,16916,16916,16916,0.0,,0.10099999999999909,0.20600000000001728,0.08899999999994179,0.05700000000001637,0.39599999999995816,0.788,,,,,0.841,0.692,0.5,0.386,,0.4339999999999691,0.47300000000007003,0.37999999999999545,0.22400000000004638,0.18100000000004002,"{('cu', 'start'): 660.276, ('cu', 'h2dmalloc'): 660.39, ('cu', 'h2d'): 660.418, ('cu', 'workest'): 660.519, ('cu', 'compute'): 660.725, ('cu', 'copy'): 660.814, ('cu', 'pack'): 660.852, ('cu', 'd2h'): 660.909, ('gust', 'start'): 661.079, ('gust', 'h2d'): 661.228, ('gust', 'count'): 661.267, ('gust', 'scan'): 661.326, ('gust', 'expand'): 661.375, ('gust', 'sort'): 661.525, ('gust', 'reduce'): 661.587, ('gust', 'final'): 661.666, ('gust', 'pack'): 661.701, ('gust', 'd2h'): 661.759, ('merge', 'start'): 661.936, ('merge', 'h2d'): 662.069, ('merge', 'count'): 662.124, ('merge', 'scan'): 662.183, ('merge', 'expand'): 662.23, ('merge', 'merge'): 662.322, ('merge', 'final'): 662.382, ('merge', 'compact'): 662.42, ('merge', 'pack'): 662.449, ('merge', 'd2h'): 662.477, ('mrg2', 'start'): 662.638, ('mrg2', 'h2d'): 662.771, ('mrg2', 'count'): 662.805, ('mrg2', 'scan'): 662.852, ('mrg2', 'merge'): 662.908, ('mrg2', 'final'): 662.948, ('mrg2', 'compact'): 662.974, ('mrg2', 'pack'): 662.995, ('mrg2', 'd2h'): 663.018, ('mrg3', 'start'): 663.142, ('mrg3', 'h2d'): 663.232, ('mrg3', 'count'): 663.28, ('mrg3', 'scan'): 663.337, ('mrg3', 'merge'): 663.391, ('mrg3', 'pack'): 663.413, ('mrg3', 'd2h'): 663.435}",0.2628799993544817,0.2195712013170123
Highly sparse,bcspwr07,1612,5824,0.22412551028576003,15684,15684,15684,15684,15684,0.0,,0.06200000000001182,0.17899999999997362,0.06399999999996453,0.04699999999991178,0.30499999999995,0.553,,,,,0.569,0.479,0.396,0.366,,0.32600000000002183,0.3509999999999991,0.27700000000004366,0.19899999999995543,0.17099999999993543,"{('cu', 'start'): 678.855, ('cu', 'h2dmalloc'): 678.917, ('cu', 'h2d'): 678.937, ('cu', 'workest'): 678.999, ('cu', 'compute'): 679.178, ('cu', 'copy'): 679.242, ('cu', 'pack'): 679.263, ('cu', 'd2h'): 679.31, ('gust', 'start'): 679.417, ('gust', 'h2d'): 679.503, ('gust', 'count'): 679.528, ('gust', 'scan'): 679.568, ('gust', 'expand'): 679.595, ('gust', 'sort'): 679.726, ('gust', 'reduce'): 679.774, ('gust', 'final'): 679.832, ('gust', 'pack'): 679.854, ('gust', 'd2h'): 679.882, ('merge', 'start'): 679.992, ('merge', 'h2d'): 680.073, ('merge', 'count'): 680.099, ('merge', 'scan'): 680.138, ('merge', 'expand'): 680.17, ('merge', 'merge'): 680.252, ('merge', 'final'): 680.304, ('merge', 'compact'): 680.331, ('merge', 'pack'): 680.35, ('merge', 'd2h'): 680.371, ('mrg2', 'start'): 680.477, ('mrg2', 'h2d'): 680.556, ('mrg2', 'count'): 680.579, ('mrg2', 'scan'): 680.618, ('mrg2', 'merge'): 680.67, ('mrg2', 'final'): 680.709, ('mrg2', 'compact'): 680.736, ('mrg2', 'pack'): 680.755, ('mrg2', 'd2h'): 680.776, ('mrg3', 'start'): 680.88, ('mrg3', 'h2d'): 680.956, ('mrg3', 'count'): 680.999, ('mrg3', 'scan'): 681.054, ('mrg3', 'merge'): 681.106, ('mrg3', 'pack'): 681.127, ('mrg3', 'd2h'): 681.148}",0.2638271544128656,0.2055775997461751
Highly sparse,bcspwr09,1723,6511,0.21931944613334525,18485,18485,18485,18485,18485,0.0,,0.06600000000003092,0.17700000000002092,0.06499999999994088,0.03899999999998727,0.3079999999999927,0.544,,,,,0.576,0.481,0.412,0.358,,0.32799999999997453,0.3550000000000182,0.27700000000004366,0.21199999999998909,0.15899999999999181,"{('cu', 'start'): 697.105, ('cu', 'h2dmalloc'): 697.169, ('cu', 'h2d'): 697.188, ('cu', 'workest'): 697.254, ('cu', 'compute'): 697.431, ('cu', 'copy'): 697.496, ('cu', 'pack'): 697.516, ('cu', 'd2h'): 697.555, ('gust', 'start'): 697.658, ('gust', 'h2d'): 697.74, ('gust', 'count'): 697.764, ('gust', 'scan'): 697.805, ('gust', 'expand'): 697.833, ('gust', 'sort'): 697.966, ('gust', 'reduce'): 698.013, ('gust', 'final'): 698.074, ('gust', 'pack'): 698.095, ('gust', 'd2h'): 698.125, ('merge', 'start'): 698.239, ('merge', 'h2d'): 698.323, ('merge', 'count'): 698.348, ('merge', 'scan'): 698.387, ('merge', 'expand'): 698.421, ('merge', 'merge'): 698.511, ('merge', 'final'): 698.554, ('merge', 'compact'): 698.581, ('merge', 'pack'): 698.6, ('merge', 'd2h'): 698.623, ('mrg2', 'start'): 698.726, ('mrg2', 'h2d'): 698.804, ('mrg2', 'count'): 698.829, ('mrg2', 'scan'): 698.867, ('mrg2', 'merge'): 698.925, ('mrg2', 'final'): 698.972, ('mrg2', 'compact'): 698.996, ('mrg2', 'pack'): 699.016, ('mrg2', 'd2h'): 699.039, ('mrg3', 'start'): 699.144, ('mrg3', 'h2d'): 699.223, ('mrg3', 'count'): 699.26, ('mrg3', 'scan'): 699.313, ('mrg3', 'merge'): 699.355, ('mrg3', 'pack'): 699.382, ('mrg3', 'd2h'): 699.404}",0.3538229502737522,0.2298047987744212
Highly sparse,bcsstm20,485,485,0.2061855670103093,485,485,485,485,485,0.0,,0.05899999999996908,0.15599999999994907,0.05700000000001637,0.02400000000000091,0.2719999999999345,0.479,,,,,0.456,0.376,0.333,0.291,,0.2939999999999827,0.2620000000000573,0.19700000000000273,0.16300000000001091,0.11799999999993815,"{('cu', 'start'): 677.905, ('cu', 'h2dmalloc'): 677.969, ('cu', 'h2d'): 677.984, ('cu', 'workest'): 678.043, ('cu', 'compute'): 678.199, ('cu', 'copy'): 678.256, ('cu', 'pack'): 678.278, ('cu', 'd2h'): 678.302, ('gust', 'start'): 678.397, ('gust', 'h2d'): 678.478, ('gust', 'count'): 678.5, ('gust', 'scan'): 678.539, ('gust', 'expand'): 678.56, ('gust', 'sort'): 678.61, ('gust', 'reduce'): 678.654, ('gust', 'final'): 678.718, ('gust', 'pack'): 678.74, ('gust', 'd2h'): 678.749, ('merge', 'start'): 678.86, ('merge', 'h2d'): 678.942, ('merge', 'count'): 678.968, ('merge', 'scan'): 679.006, ('merge', 'expand'): 679.03, ('merge', 'merge'): 679.051, ('merge', 'final'): 679.09, ('merge', 'compact'): 679.12, ('merge', 'pack'): 679.139, ('merge', 'd2h'): 679.15, ('mrg2', 'start'): 679.242, ('mrg2', 'h2d'): 679.316, ('mrg2', 'count'): 679.338, ('mrg2', 'scan'): 679.374, ('mrg2', 'merge'): 679.4, ('mrg2', 'final'): 679.433, ('mrg2', 'compact'): 679.457, ('mrg2', 'pack'): 679.479, ('mrg2', 'd2h'): 679.489, ('mrg3', 'start'): 679.592, ('mrg3', 'h2d'): 679.668, ('mrg3', 'count'): 679.694, ('mrg3', 'scan'): 679.744, ('mrg3', 'merge'): 679.768, ('mrg3', 'pack'): 679.786, ('mrg3', 'd2h'): 679.797}",0.0638200435787439,0.1737280006054788
Highly sparse,bcsstk21,3600,26600,0.2052469135802469,93072,93072,93072,93072,93072,0.0,,0.06200000000001182,0.2580000000000382,0.06399999999996453,0.16099999999994452,0.38400000000001455,0.744,,,,,1.031,0.791,0.578,0.463,,0.40800000000001546,0.6560000000000628,0.48499999999989996,0.26900000000000546,0.20300000000008822,"{('cu', 'start'): 670.164, ('cu', 'h2dmalloc'): 670.229, ('cu', 'h2d'): 670.26, ('cu', 'workest'): 670.322, ('cu', 'compute'): 670.58, ('cu', 'copy'): 670.644, ('cu', 'pack'): 670.668, ('cu', 'd2h'): 670.829, ('gust', 'start'): 670.917, ('gust', 'h2d'): 671.012, ('gust', 'count'): 671.038, ('gust', 'scan'): 671.078, ('gust', 'expand'): 671.176, ('gust', 'sort'): 671.448, ('gust', 'reduce'): 671.565, ('gust', 'final'): 671.635, ('gust', 'pack'): 671.668, ('gust', 'd2h'): 671.738, ('merge', 'start'): 671.955, ('merge', 'h2d'): 672.046, ('merge', 'count'): 672.08, ('merge', 'scan'): 672.12, ('merge', 'expand'): 672.22, ('merge', 'merge'): 672.352, ('merge', 'final'): 672.398, ('merge', 'compact'): 672.504, ('merge', 'pack'): 672.531, ('merge', 'd2h'): 672.602, ('mrg2', 'start'): 672.756, ('mrg2', 'h2d'): 672.844, ('mrg2', 'count'): 672.869, ('mrg2', 'scan'): 672.909, ('mrg2', 'merge'): 672.962, ('mrg2', 'final'): 673.0, ('mrg2', 'compact'): 673.089, ('mrg2', 'pack'): 673.113, ('mrg2', 'd2h'): 673.183, ('mrg3', 'start'): 673.34, ('mrg3', 'h2d'): 673.435, ('mrg3', 'count'): 673.493, ('mrg3', 'scan'): 673.551, ('mrg3', 'merge'): 673.616, ('mrg3', 'pack'): 673.638, ('mrg3', 'd2h'): 673.707}",2.6678829453885555,0.2268928000470623
Highly sparse,bcsstm19,817,817,0.12239902080783352,817,817,817,817,817,0.0,,0.1169999999999618,0.2419999999999618,0.10300000000006548,0.053999999999973625,0.4619999999999891,0.833,,,,,0.781,0.684,0.608,0.517,,0.5,0.46100000000001273,0.35599999999999454,0.30600000000004,0.21899999999993724,"{('cu', 'start'): 690.331, ('cu', 'h2dmalloc'): 690.439, ('cu', 'h2d'): 690.474, ('cu', 'workest'): 690.591, ('cu', 'compute'): 690.833, ('cu', 'copy'): 690.936, ('cu', 'pack'): 690.974, ('cu', 'd2h'): 691.028, ('gust', 'start'): 691.18, ('gust', 'h2d'): 691.317, ('gust', 'count'): 691.357, ('gust', 'scan'): 691.426, ('gust', 'expand'): 691.472, ('gust', 'sort'): 691.542, ('gust', 'reduce'): 691.629, ('gust', 'final'): 691.736, ('gust', 'pack'): 691.778, ('gust', 'd2h'): 691.793, ('merge', 'start'): 691.974, ('merge', 'h2d'): 692.112, ('merge', 'count'): 692.154, ('merge', 'scan'): 692.219, ('merge', 'expand'): 692.264, ('merge', 'merge'): 692.306, ('merge', 'final'): 692.377, ('merge', 'compact'): 692.425, ('merge', 'pack'): 692.468, ('merge', 'd2h'): 692.488, ('mrg2', 'start'): 692.678, ('mrg2', 'h2d'): 692.808, ('mrg2', 'count'): 692.848, ('mrg2', 'scan'): 692.916, ('mrg2', 'merge'): 692.962, ('mrg2', 'final'): 693.022, ('mrg2', 'compact'): 693.07, ('mrg2', 'pack'): 693.114, ('mrg2', 'd2h'): 693.139, ('mrg3', 'start'): 693.305, ('mrg3', 'h2d'): 693.432, ('mrg3', 'count'): 693.475, ('mrg3', 'scan'): 693.572, ('mrg3', 'merge'): 693.611, ('mrg3', 'pack'): 693.651, ('mrg3', 'd2h'): 693.671}",0.0559350010007619,0.1563679996645078
Highly sparse,bcsstk25,15439,252241,0.10582233620331932,1168919,1168919,1168919,1168919,1168919,0.0,,0.1449999999999818,0.6299999999999955,0.15600000000006276,0.6170000000000755,0.93100000000004,1.887,,,,,2.541,4.086,1.719,1.799,,1.0109999999999673,1.794999999999959,3.354000000000042,0.9780000000000655,1.0739999999999554,"{('cu', 'start'): 753.332, ('cu', 'h2dmalloc'): 753.381, ('cu', 'h2d'): 753.471, ('cu', 'workest'): 753.616, ('cu', 'compute'): 754.246, ('cu', 'copy'): 754.402, ('cu', 'pack'): 754.482, ('cu', 'd2h'): 755.099, ('gust', 'start'): 755.227, ('gust', 'h2d'): 755.365, ('gust', 'count'): 755.441, ('gust', 'scan'): 755.48, ('gust', 'expand'): 755.652, ('gust', 'sort'): 756.469, ('gust', 'reduce'): 756.673, ('gust', 'final'): 757.089, ('gust', 'pack'): 757.16, ('gust', 'd2h'): 757.509, ('merge', 'start'): 757.774, ('merge', 'h2d'): 757.914, ('merge', 'count'): 757.996, ('merge', 'scan'): 758.037, ('merge', 'expand'): 758.442, ('merge', 'merge'): 760.809, ('merge', 'final'): 760.958, ('merge', 'compact'): 761.199, ('merge', 'pack'): 761.268, ('merge', 'd2h'): 761.617, ('mrg2', 'start'): 761.865, ('mrg2', 'h2d'): 762.002, ('mrg2', 'count'): 762.075, ('mrg2', 'scan'): 762.116, ('mrg2', 'merge'): 762.65, ('mrg2', 'final'): 762.688, ('mrg2', 'compact'): 762.907, ('mrg2', 'pack'): 762.98, ('mrg2', 'd2h'): 763.335, ('mrg3', 'start'): 763.59, ('mrg3', 'h2d'): 763.724, ('mrg3', 'count'): 764.121, ('mrg3', 'scan'): 764.172, ('mrg3', 'merge'): 764.733, ('mrg3', 'pack'): 764.798, ('mrg3', 'd2h'): 765.147}",177.7180409990251,0.4727936014998704
Highly sparse,bcsstk18,11948,149090,0.10443788948628972,713208,713208,713208,713208,713208,0.0,,0.16599999999993997,0.5670000000000073,0.20300000000008822,0.9240000000000919,0.9360000000000355,2.34,,,,,2.182,2.88,1.397,1.385,,1.0359999999999445,1.5339999999999918,2.3220000000000027,0.8369999999999891,0.8080000000001064,"{('cu', 'start'): 764.613, ('cu', 'h2dmalloc'): 764.677, ('cu', 'h2d'): 764.807, ('cu', 'workest'): 764.973, ('cu', 'compute'): 765.54, ('cu', 'copy'): 765.743, ('cu', 'pack'): 765.843, ('cu', 'd2h'): 766.767, ('gust', 'start'): 766.965, ('gust', 'h2d'): 767.163, ('gust', 'count'): 767.195, ('gust', 'scan'): 767.246, ('gust', 'expand'): 767.451, ('gust', 'sort'): 768.0, ('gust', 'reduce'): 768.179, ('gust', 'final'): 768.615, ('gust', 'pack'): 768.697, ('gust', 'd2h'): 768.916, ('merge', 'start'): 769.151, ('merge', 'h2d'): 769.261, ('merge', 'count'): 769.294, ('merge', 'scan'): 769.332, ('merge', 'expand'): 769.639, ('merge', 'merge'): 771.076, ('merge', 'final'): 771.235, ('merge', 'compact'): 771.489, ('merge', 'pack'): 771.583, ('merge', 'd2h'): 771.8, ('mrg2', 'start'): 772.038, ('mrg2', 'h2d'): 772.148, ('mrg2', 'count'): 772.176, ('mrg2', 'scan'): 772.215, ('mrg2', 'merge'): 772.64, ('mrg2', 'final'): 772.679, ('mrg2', 'compact'): 772.909, ('mrg2', 'pack'): 772.985, ('mrg2', 'd2h'): 773.202, ('mrg3', 'start'): 773.44, ('mrg3', 'h2d'): 773.56, ('mrg3', 'count'): 773.796, ('mrg3', 'scan'): 773.849, ('mrg3', 'merge'): 774.294, ('mrg3', 'pack'): 774.368, ('mrg3', 'd2h'): 774.588}",85.424484917894,0.4543328016530722
Highly sparse,bcsstk32,44609,2014701,0.10124314474587429,6819653,6819653,6819653,6819653,6819653,0.0,,0.18600000000014916,7.648999999999887,0.2319999999999709,3.144999999999982,8.067000000000007,12.175,,,,,21.717,40.508,9.279,10.099,,8.138000000000147,17.692999999999984,36.444999999999936,5.515999999999849,6.995000000000118,"{('cu', 'start'): 1109.857, ('cu', 'h2dmalloc'): 1109.924, ('cu', 'h2d'): 1110.62, ('cu', 'workest'): 1110.806, ('cu', 'compute'): 1118.455, ('cu', 'copy'): 1118.687, ('cu', 'pack'): 1118.758, ('cu', 'd2h'): 1121.903, ('gust', 'start'): 1122.041, ('gust', 'h2d'): 1123.493, ('gust', 'count'): 1123.595, ('gust', 'scan'): 1123.637, ('gust', 'expand'): 1125.011, ('gust', 'sort'): 1138.321, ('gust', 'reduce'): 1139.567, ('gust', 'final'): 1141.094, ('gust', 'pack'): 1141.186, ('gust', 'd2h'): 1143.252, ('merge', 'start'): 1143.764, ('merge', 'h2d'): 1145.204, ('merge', 'count'): 1145.443, ('merge', 'scan'): 1145.486, ('merge', 'expand'): 1150.484, ('merge', 'merge'): 1180.462, ('merge', 'final'): 1180.983, ('merge', 'compact'): 1181.576, ('merge', 'pack'): 1181.649, ('merge', 'd2h'): 1183.866, ('mrg2', 'start'): 1184.278, ('mrg2', 'h2d'): 1185.563, ('mrg2', 'count'): 1185.732, ('mrg2', 'scan'): 1185.775, ('mrg2', 'merge'): 1190.26, ('mrg2', 'final'): 1190.3, ('mrg2', 'compact'): 1191.008, ('mrg2', 'pack'): 1191.079, ('mrg2', 'd2h'): 1193.146, ('mrg3', 'start'): 1193.563, ('mrg3', 'h2d'): 1194.329, ('mrg3', 'count'): 1196.934, ('mrg3', 'scan'): 1196.989, ('mrg3', 'merge'): 1201.256, ('mrg3', 'pack'): 1201.324, ('mrg3', 'd2h'): 1203.37}",4386.741203023121,1.796780805871822
Extremely sparse,bcsstk31,35588,1181416,0.09328153508950845,4713580,4713580,4713580,4713580,4713580,0.0,,0.17099999999993543,4.485000000000014,0.22300000000007003,1.9809999999999945,4.879000000000019,7.511,,,,,11.454,22.525,5.739,6.299,,4.956000000000017,8.879999999999995,19.664999999999964,3.122000000000071,4.182999999999993,"{('cu', 'start'): 932.423, ('cu', 'h2dmalloc'): 932.477, ('cu', 'h2d'): 932.874, ('cu', 'workest'): 933.045, ('cu', 'compute'): 937.53, ('cu', 'copy'): 937.753, ('cu', 'pack'): 937.83, ('cu', 'd2h'): 939.811, ('gust', 'start'): 939.941, ('gust', 'h2d'): 940.782, ('gust', 'count'): 940.875, ('gust', 'scan'): 940.916, ('gust', 'expand'): 941.636, ('gust', 'sort'): 947.898, ('gust', 'reduce'): 948.559, ('gust', 'final'): 949.513, ('gust', 'pack'): 949.662, ('gust', 'd2h'): 951.041, ('merge', 'start'): 951.402, ('merge', 'h2d'): 952.451, ('merge', 'count'): 952.561, ('merge', 'scan'): 952.601, ('merge', 'expand'): 955.149, ('merge', 'merge'): 971.27, ('merge', 'final'): 971.589, ('merge', 'compact'): 972.038, ('merge', 'pack'): 972.116, ('merge', 'd2h'): 973.548, ('mrg2', 'start'): 973.932, ('mrg2', 'h2d'): 974.838, ('mrg2', 'count'): 974.969, ('mrg2', 'scan'): 975.012, ('mrg2', 'merge'): 977.427, ('mrg2', 'final'): 977.467, ('mrg2', 'compact'): 977.879, ('mrg2', 'pack'): 977.96, ('mrg2', 'd2h'): 979.34, ('mrg3', 'start'): 979.677, ('mrg3', 'h2d'): 980.126, ('mrg3', 'count'): 981.681, ('mrg3', 'scan'): 981.739, ('mrg3', 'merge'): 984.234, ('mrg3', 'pack'): 984.309, ('mrg3', 'd2h'): 985.685}",2297.449097968638,1.287459196988493
Extremely sparse,bcsstm08,1074,1074,0.0931098696461825,1074,1074,1074,1074,1074,0.0,,0.06399999999996453,0.17000000000007276,0.05999999999994543,0.028999999999996362,0.2939999999999827,0.517,,,,,0.471,0.382,0.342,0.311,,0.3170000000000073,0.25899999999990087,0.19900000000006912,0.16899999999998272,0.12999999999999545,"{('cu', 'start'): 686.184, ('cu', 'h2dmalloc'): 686.25, ('cu', 'h2d'): 686.27, ('cu', 'workest'): 686.334, ('cu', 'compute'): 686.504, ('cu', 'copy'): 686.564, ('cu', 'pack'): 686.587, ('cu', 'd2h'): 686.616, ('gust', 'start'): 686.711, ('gust', 'h2d'): 686.796, ('gust', 'count'): 686.821, ('gust', 'scan'): 686.859, ('gust', 'expand'): 686.887, ('gust', 'sort'): 686.933, ('gust', 'reduce'): 686.976, ('gust', 'final'): 687.034, ('gust', 'pack'): 687.055, ('gust', 'd2h'): 687.066, ('merge', 'start'): 687.189, ('merge', 'h2d'): 687.27, ('merge', 'count'): 687.294, ('merge', 'scan'): 687.332, ('merge', 'expand'): 687.361, ('merge', 'merge'): 687.381, ('merge', 'final'): 687.42, ('merge', 'compact'): 687.45, ('merge', 'pack'): 687.469, ('merge', 'd2h'): 687.48, ('mrg2', 'start'): 687.579, ('mrg2', 'h2d'): 687.654, ('mrg2', 'count'): 687.677, ('mrg2', 'scan'): 687.713, ('mrg2', 'merge'): 687.739, ('mrg2', 'final'): 687.776, ('mrg2', 'compact'): 687.803, ('mrg2', 'pack'): 687.823, ('mrg2', 'd2h'): 687.834, ('mrg3', 'start'): 687.928, ('mrg3', 'h2d'): 688.002, ('mrg3', 'count'): 688.029, ('mrg3', 'scan'): 688.079, ('mrg3', 'merge'): 688.106, ('mrg3', 'pack'): 688.132, ('mrg3', 'd2h'): 688.144}",0.1209978945553302,0.1738816005876288
Extremely sparse,bcsstm09,1083,1083,0.09233610341643582,1083,1083,1083,1083,1083,0.0,,0.07100000000002638,0.17600000000004457,0.06299999999998818,0.025999999999953616,0.3100000000000591,0.559,,,,,0.485,0.394,0.36,0.326,,0.3300000000000409,0.2599999999999909,0.19600000000002638,0.16699999999991633,0.13400000000001455,"{('cu', 'start'): 689.113, ('cu', 'h2dmalloc'): 689.192, ('cu', 'h2d'): 689.213, ('cu', 'workest'): 689.284, ('cu', 'compute'): 689.46, ('cu', 'copy'): 689.523, ('cu', 'pack'): 689.543, ('cu', 'd2h'): 689.569, ('gust', 'start'): 689.681, ('gust', 'h2d'): 689.767, ('gust', 'count'): 689.792, ('gust', 'scan'): 689.833, ('gust', 'expand'): 689.857, ('gust', 'sort'): 689.906, ('gust', 'reduce'): 689.949, ('gust', 'final'): 690.005, ('gust', 'pack'): 690.027, ('gust', 'd2h'): 690.038, ('merge', 'start'): 690.173, ('merge', 'h2d'): 690.26, ('merge', 'count'): 690.283, ('merge', 'scan'): 690.325, ('merge', 'expand'): 690.347, ('merge', 'merge'): 690.369, ('merge', 'final'): 690.409, ('merge', 'compact'): 690.437, ('merge', 'pack'): 690.456, ('merge', 'd2h'): 690.468, ('mrg2', 'start'): 690.575, ('mrg2', 'h2d'): 690.657, ('mrg2', 'count'): 690.678, ('mrg2', 'scan'): 690.717, ('mrg2', 'merge'): 690.743, ('mrg2', 'final'): 690.778, ('mrg2', 'compact'): 690.803, ('mrg2', 'pack'): 690.824, ('mrg2', 'd2h'): 690.835, ('mrg3', 'start'): 690.94, ('mrg3', 'h2d'): 691.02, ('mrg3', 'count'): 691.046, ('mrg3', 'scan'): 691.109, ('mrg3', 'merge'): 691.135, ('mrg3', 'pack'): 691.154, ('mrg3', 'd2h'): 691.165}",0.1437847968190908,0.1719264000887051
Extremely sparse,bcspwr10,5300,21842,0.07775720897116412,60498,60498,60498,60498,60498,0.0,,0.05899999999996908,0.2459999999999809,0.06400000000007822,0.15099999999995362,0.3690000000000282,0.717,,,,,0.897,0.666,0.458,0.423,,0.39200000000005275,0.6349999999999909,0.4379999999999882,0.22699999999997544,0.19200000000000728,"{('cu', 'start'): 686.585, ('cu', 'h2dmalloc'): 686.649, ('cu', 'h2d'): 686.678, ('cu', 'workest'): 686.737, ('cu', 'compute'): 686.983, ('cu', 'copy'): 687.047, ('cu', 'pack'): 687.07, ('cu', 'd2h'): 687.221, ('gust', 'start'): 687.311, ('gust', 'h2d'): 687.404, ('gust', 'count'): 687.431, ('gust', 'scan'): 687.469, ('gust', 'expand'): 687.504, ('gust', 'sort'): 687.762, ('gust', 'reduce'): 687.874, ('gust', 'final'): 688.005, ('gust', 'pack'): 688.039, ('gust', 'd2h'): 688.088, ('merge', 'start'): 688.216, ('merge', 'h2d'): 688.306, ('merge', 'count'): 688.345, ('merge', 'scan'): 688.383, ('merge', 'expand'): 688.422, ('merge', 'merge'): 688.578, ('merge', 'final'): 688.623, ('merge', 'compact'): 688.717, ('merge', 'pack'): 688.744, ('merge', 'd2h'): 688.793, ('mrg2', 'start'): 688.888, ('mrg2', 'h2d'): 688.976, ('mrg2', 'count'): 689.003, ('mrg2', 'scan'): 689.04, ('mrg2', 'merge'): 689.106, ('mrg2', 'final'): 689.153, ('mrg2', 'compact'): 689.182, ('mrg2', 'pack'): 689.203, ('mrg2', 'd2h'): 689.252, ('mrg3', 'start'): 689.353, ('mrg3', 'h2d'): 689.439, ('mrg3', 'count'): 689.493, ('mrg3', 'scan'): 689.548, ('mrg3', 'merge'): 689.609, ('mrg3', 'pack'): 689.631, ('mrg3', 'd2h'): 689.682}",7.646878017112613,0.2353343996452168
Extremely sparse,bcsstm11,1473,1473,0.0678886625933469,1473,1473,1473,1473,1473,0.0,,0.06399999999996453,0.18299999999999272,0.06400000000007822,0.026000000000067303,0.31100000000003547,0.552,,,,,0.476,0.382,0.365,0.311,,0.33199999999999363,0.2580000000000382,0.19000000000005457,0.16399999999998727,0.12200000000007094,"{('cu', 'start'): 692.353, ('cu', 'h2dmalloc'): 692.416, ('cu', 'h2d'): 692.438, ('cu', 'workest'): 692.502, ('cu', 'compute'): 692.685, ('cu', 'copy'): 692.749, ('cu', 'pack'): 692.77, ('cu', 'd2h'): 692.796, ('gust', 'start'): 692.913, ('gust', 'h2d'): 693.006, ('gust', 'count'): 693.029, ('gust', 'scan'): 693.07, ('gust', 'expand'): 693.095, ('gust', 'sort'): 693.142, ('gust', 'reduce'): 693.185, ('gust', 'final'): 693.244, ('gust', 'pack'): 693.264, ('gust', 'd2h'): 693.276, ('merge', 'start'): 693.394, ('merge', 'h2d'): 693.478, ('merge', 'count'): 693.5, ('merge', 'scan'): 693.539, ('merge', 'expand'): 693.561, ('merge', 'merge'): 693.582, ('merge', 'final'): 693.622, ('merge', 'compact'): 693.65, ('merge', 'pack'): 693.668, ('merge', 'd2h'): 693.68, ('mrg2', 'start'): 693.782, ('mrg2', 'h2d'): 693.872, ('mrg2', 'count'): 693.894, ('mrg2', 'scan'): 693.932, ('mrg2', 'merge'): 693.956, ('mrg2', 'final'): 693.991, ('mrg2', 'compact'): 694.016, ('mrg2', 'pack'): 694.036, ('mrg2', 'd2h'): 694.047, ('mrg3', 'start'): 694.153, ('mrg3', 'h2d'): 694.233, ('mrg3', 'count'): 694.26, ('mrg3', 'scan'): 694.312, ('mrg3', 'merge'): 694.337, ('mrg3', 'pack'): 694.355, ('mrg3', 'd2h'): 694.367}",0.2347801346331834,0.1719072000822052
Extremely sparse,bcsstm26,1922,1922,0.052029136316337155,1922,1922,1922,1922,1922,0.0,,0.06299999999998818,0.17700000000002092,0.07200000000000273,0.027000000000043656,0.3120000000000118,0.543,,,,,0.478,0.414,0.361,0.315,,0.33299999999997,0.26499999999998636,0.19400000000007367,0.16700000000003,0.12599999999997635,"{('cu', 'start'): 674.613, ('cu', 'h2dmalloc'): 674.676, ('cu', 'h2d'): 674.697, ('cu', 'workest'): 674.76, ('cu', 'compute'): 674.937, ('cu', 'copy'): 675.009, ('cu', 'pack'): 675.03, ('cu', 'd2h'): 675.057, ('gust', 'start'): 675.164, ('gust', 'h2d'): 675.253, ('gust', 'count'): 675.279, ('gust', 'scan'): 675.32, ('gust', 'expand'): 675.343, ('gust', 'sort'): 675.394, ('gust', 'reduce'): 675.438, ('gust', 'final'): 675.497, ('gust', 'pack'): 675.518, ('gust', 'd2h'): 675.53, ('merge', 'start'): 675.649, ('merge', 'h2d'): 675.742, ('merge', 'count'): 675.764, ('merge', 'scan'): 675.804, ('merge', 'expand'): 675.827, ('merge', 'merge'): 675.85, ('merge', 'final'): 675.891, ('merge', 'compact'): 675.918, ('merge', 'pack'): 675.936, ('merge', 'd2h'): 675.948, ('mrg2', 'start'): 676.069, ('mrg2', 'h2d'): 676.154, ('mrg2', 'count'): 676.177, ('mrg2', 'scan'): 676.216, ('mrg2', 'merge'): 676.241, ('mrg2', 'final'): 676.276, ('mrg2', 'compact'): 676.303, ('mrg2', 'pack'): 676.321, ('mrg2', 'd2h'): 676.333, ('mrg3', 'start'): 676.436, ('mrg3', 'h2d'): 676.515, ('mrg3', 'count'): 676.543, ('mrg3', 'scan'): 676.595, ('mrg3', 'merge'): 676.623, ('mrg3', 'pack'): 676.641, ('mrg3', 'd2h'): 676.653}",0.5052168853580952,0.1806688013486564
Extremely sparse,bcsstm23,3134,3134,0.031908104658583285,3134,3134,3134,3134,3134,0.0,,0.05700000000001637,0.17300000000000182,0.06099999999992178,0.027999999999906322,0.29099999999994,0.519,,,,,0.542,0.395,0.35,0.314,,0.3120000000000118,0.33600000000001273,0.2059999999999036,0.17099999999993543,0.1349999999999909,"{('cu', 'start'): 678.093, ('cu', 'h2dmalloc'): 678.153, ('cu', 'h2d'): 678.172, ('cu', 'workest'): 678.229, ('cu', 'compute'): 678.402, ('cu', 'copy'): 678.463, ('cu', 'pack'): 678.484, ('cu', 'd2h'): 678.512, ('gust', 'start'): 678.621, ('gust', 'h2d'): 678.705, ('gust', 'count'): 678.734, ('gust', 'scan'): 678.774, ('gust', 'expand'): 678.803, ('gust', 'sort'): 678.917, ('gust', 'reduce'): 678.962, ('gust', 'final'): 679.019, ('gust', 'pack'): 679.041, ('gust', 'd2h'): 679.053, ('merge', 'start'): 679.17, ('merge', 'h2d'): 679.248, ('merge', 'count'): 679.281, ('merge', 'scan'): 679.317, ('merge', 'expand'): 679.344, ('merge', 'merge'): 679.367, ('merge', 'final'): 679.406, ('merge', 'compact'): 679.435, ('merge', 'pack'): 679.454, ('merge', 'd2h'): 679.468, ('mrg2', 'start'): 679.574, ('mrg2', 'h2d'): 679.653, ('mrg2', 'count'): 679.679, ('mrg2', 'scan'): 679.716, ('mrg2', 'merge'): 679.743, ('mrg2', 'final'): 679.778, ('mrg2', 'compact'): 679.804, ('mrg2', 'pack'): 679.824, ('mrg2', 'd2h'): 679.837, ('mrg3', 'start'): 679.931, ('mrg3', 'h2d'): 680.006, ('mrg3', 'count'): 680.04, ('mrg3', 'scan'): 680.091, ('mrg3', 'merge'): 680.122, ('mrg3', 'pack'): 680.141, ('mrg3', 'd2h'): 680.155}",1.817781012505293,0.1751711994875222
Extremely sparse,bcsstm24,3562,3562,0.028074115665356544,3562,3562,3562,3562,3562,0.0,,0.06100000000003547,0.16399999999998727,0.06200000000001182,0.030000000000086402,0.28700000000003456,0.516,,,,,0.534,0.392,0.357,0.317,,0.30999999999994543,0.3300000000000409,0.2039999999999509,0.16999999999995907,0.13900000000001,"{('cu', 'start'): 669.02, ('cu', 'h2dmalloc'): 669.087, ('cu', 'h2d'): 669.105, ('cu', 'workest'): 669.166, ('cu', 'compute'): 669.33, ('cu', 'copy'): 669.392, ('cu', 'pack'): 669.415, ('cu', 'd2h'): 669.445, ('gust', 'start'): 669.551, ('gust', 'h2d'): 669.635, ('gust', 'count'): 669.659, ('gust', 'scan'): 669.7, ('gust', 'expand'): 669.728, ('gust', 'sort'): 669.841, ('gust', 'reduce'): 669.885, ('gust', 'final'): 669.943, ('gust', 'pack'): 669.965, ('gust', 'd2h'): 669.978, ('merge', 'start'): 670.092, ('merge', 'h2d'): 670.176, ('merge', 'count'): 670.209, ('merge', 'scan'): 670.245, ('merge', 'expand'): 670.27, ('merge', 'merge'): 670.292, ('merge', 'final'): 670.332, ('merge', 'compact'): 670.362, ('merge', 'pack'): 670.38, ('merge', 'd2h'): 670.394, ('mrg2', 'start'): 670.491, ('mrg2', 'h2d'): 670.567, ('mrg2', 'count'): 670.592, ('mrg2', 'scan'): 670.629, ('mrg2', 'merge'): 670.654, ('mrg2', 'final'): 670.691, ('mrg2', 'compact'): 670.717, ('mrg2', 'pack'): 670.737, ('mrg2', 'd2h'): 670.749, ('mrg3', 'start'): 670.854, ('mrg3', 'h2d'): 670.93, ('mrg3', 'count'): 670.967, ('mrg3', 'scan'): 671.018, ('mrg3', 'merge'): 671.051, ('mrg3', 'pack'): 671.069, ('mrg3', 'd2h'): 671.083}",2.585893962532282,0.175932799023576
Extremely sparse,bcsstm21,3600,3600,0.027777777777777776,3600,3600,3600,3600,3600,0.0,,0.06299999999998818,0.16599999999993997,0.06299999999998818,0.03300000000001546,0.2919999999999163,0.517,,,,,0.553,0.398,0.372,0.325,,0.3149999999999409,0.3509999999999991,0.20699999999999363,0.18799999999998818,0.14400000000000546,"{('cu', 'start'): 675.331, ('cu', 'h2dmalloc'): 675.398, ('cu', 'h2d'): 675.416, ('cu', 'workest'): 675.479, ('cu', 'compute'): 675.645, ('cu', 'copy'): 675.708, ('cu', 'pack'): 675.731, ('cu', 'd2h'): 675.764, ('gust', 'start'): 675.857, ('gust', 'h2d'): 675.935, ('gust', 'count'): 675.961, ('gust', 'scan'): 676.013, ('gust', 'expand'): 676.042, ('gust', 'sort'): 676.16, ('gust', 'reduce'): 676.207, ('gust', 'final'): 676.263, ('gust', 'pack'): 676.286, ('gust', 'd2h'): 676.299, ('merge', 'start'): 676.419, ('merge', 'h2d'): 676.503, ('merge', 'count'): 676.536, ('merge', 'scan'): 676.573, ('merge', 'expand'): 676.6, ('merge', 'merge'): 676.622, ('merge', 'final'): 676.662, ('merge', 'compact'): 676.692, ('merge', 'pack'): 676.71, ('merge', 'd2h'): 676.725, ('mrg2', 'start'): 676.824, ('mrg2', 'h2d'): 676.899, ('mrg2', 'count'): 676.924, ('mrg2', 'scan'): 676.96, ('mrg2', 'merge'): 676.999, ('mrg2', 'final'): 677.034, ('mrg2', 'compact'): 677.069, ('mrg2', 'pack'): 677.087, ('mrg2', 'd2h'): 677.102, ('mrg3', 'start'): 677.202, ('mrg3', 'h2d'): 677.279, ('mrg3', 'count'): 677.317, ('mrg3', 'scan'): 677.371, ('mrg3', 'merge'): 677.405, ('mrg3', 'pack'): 677.423, ('mrg3', 'd2h'): 677.437}",2.6916919741779566,0.1752447993028908
Extremely sparse,bcsstm25,15439,15439,0.006477103439341926,15439,15439,15439,15439,15439,0.0,,0.07600000000002183,0.19200000000000728,0.08100000000001728,0.04499999999995907,0.3490000000000464,0.622,,,,,0.755,0.589,0.468,0.446,,0.3790000000000191,0.45799999999997,0.3410000000000082,0.24899999999990996,0.2379999999999427,"{('cu', 'start'): 714.025, ('cu', 'h2dmalloc'): 714.093, ('cu', 'h2d'): 714.125, ('cu', 'workest'): 714.201, ('cu', 'compute'): 714.393, ('cu', 'copy'): 714.474, ('cu', 'pack'): 714.504, ('cu', 'd2h'): 714.549, ('gust', 'start'): 714.664, ('gust', 'h2d'): 714.763, ('gust', 'count'): 714.791, ('gust', 'scan'): 714.839, ('gust', 'expand'): 714.887, ('gust', 'sort'): 715.032, ('gust', 'reduce'): 715.089, ('gust', 'final'): 715.173, ('gust', 'pack'): 715.221, ('gust', 'd2h'): 715.256, ('merge', 'start'): 715.432, ('merge', 'h2d'): 715.545, ('merge', 'count'): 715.638, ('merge', 'scan'): 715.686, ('merge', 'expand'): 715.725, ('merge', 'merge'): 715.762, ('merge', 'final'): 715.811, ('merge', 'compact'): 715.857, ('merge', 'pack'): 715.886, ('merge', 'd2h'): 715.912, ('mrg2', 'start'): 716.025, ('mrg2', 'h2d'): 716.123, ('mrg2', 'count'): 716.165, ('mrg2', 'scan'): 716.213, ('mrg2', 'merge'): 716.253, ('mrg2', 'final'): 716.294, ('mrg2', 'compact'): 716.343, ('mrg2', 'pack'): 716.372, ('mrg2', 'd2h'): 716.397, ('mrg3', 'start'): 716.504, ('mrg3', 'h2d'): 716.594, ('mrg3', 'count'): 716.678, ('mrg3', 'scan'): 716.74, ('mrg3', 'merge'): 716.806, ('mrg3', 'pack'): 716.832, ('mrg3', 'd2h'): 716.857}",177.14808508753777,0.1861983992625027
