Processing 1138_bus (att) ... (max 600s)
[dbg       0.0 ms] main entry, initializing CUDA context...
[dbg     557.0 ms] CUDA context ready
[dbg     557.2 ms] start read_matrix_market: ./data/first100/1138_bus.mtx
[dbg     558.1 ms] read done: 1138 x 1138, nnz=4054
[dbg     558.1 ms] [cut] start
[dbg     566.4 ms] [cut] h2d
[dbg     590.5 ms] [cut] transpose
[dbg     590.6 ms] cusparse: workEstimation begin
[dbg     595.1 ms] [cut] workest (buf1=49711 B)
[dbg     595.1 ms] cusparse: compute begin
[dbg     595.9 ms] [cut] compute (buf2=450415 B)
[dbg     595.9 ms] cusparse: C size = 1138 x 1138, nnz=11142
[dbg     595.9 ms] cusparse: copy begin
[dbg     596.0 ms] [cut] copy
[dbg     596.1 ms] [cut] pack
[dbg     597.5 ms] [cut] d2h
[dbg     598.0 ms] [atto] start
[dbg     600.3 ms] [atto] csc
[dbg     600.3 ms] [atto] h2d
[dbg     600.3 ms] [atto] count
[dbg     600.4 ms] [atto] scan
[dbg     600.4 ms] [atto] expand
[dbg     600.7 ms] [atto] sort
[dbg     600.8 ms] [atto] reduce
[dbg     600.9 ms] [atto] final
[dbg     600.9 ms] [atto] pack
[dbg     602.3 ms] [atto] d2h
[dbg     602.8 ms] [attg] start
[dbg     603.0 ms] [attg] csc
[dbg     603.0 ms] [attg] h2d
[dbg     603.1 ms] [attg] count
[dbg     603.1 ms] [attg] scan
[dbg     603.2 ms] [attg] expand
[dbg     603.3 ms] [attg] compact
[dbg     603.4 ms] [attg] sort
[dbg     603.5 ms] [attg] reduce
[dbg     603.5 ms] [attg] final
[dbg     603.6 ms] [attg] pack
[dbg     604.7 ms] [attg] d2h
[dbg     605.1 ms] [attc] start
[dbg     605.4 ms] [attc] csc
[dbg     605.4 ms] [attc] h2d
[dbg     605.4 ms] [attc] count
[dbg     605.5 ms] [attc] scan
[dbg     605.5 ms] [attc] expand
[dbg     605.6 ms] [attc] compact
[dbg     605.7 ms] [attc] sort
[dbg     605.8 ms] [attc] reduce
[dbg     605.8 ms] [attc] final
[dbg     605.8 ms] [attc] pack
[dbg     606.8 ms] [attc] d2h
[dbg     607.2 ms] [atti] start
[dbg     607.4 ms] [atti] csc
[dbg     607.4 ms] [atti] h2d
[dbg     607.4 ms] [atti] count
[dbg     607.5 ms] [atti] scan
[dbg     607.5 ms] [atti] expand
[dbg     607.6 ms] [atti] compact
[dbg     607.7 ms] [atti] sort
[dbg     607.8 ms] [atti] reduce
[dbg     607.9 ms] [atti] final
[dbg     607.9 ms] [atti] symbolic
[dbg     607.9 ms] [atti] numeric
[dbg     607.9 ms] [atti] pack
[dbg     608.9 ms] [atti] d2h
[dbg     609.3 ms] [cut] start
[dbg     609.4 ms] [cut] h2d
[dbg     609.6 ms] [cut] transpose
[dbg     609.6 ms] cusparse: workEstimation begin
[dbg     609.7 ms] [cut] workest (buf1=49711 B)
[dbg     609.7 ms] cusparse: compute begin
[dbg     609.8 ms] [cut] compute (buf2=450415 B)
[dbg     609.8 ms] cusparse: C size = 1138 x 1138, nnz=11142
[dbg     609.8 ms] cusparse: copy begin
[dbg     609.9 ms] [cut] copy
[dbg     609.9 ms] [cut] pack
[dbg     610.8 ms] [cut] d2h
[dbg     611.2 ms] [atto] start
[dbg     611.5 ms] [atto] csc
[dbg     611.5 ms] [atto] h2d
[dbg     611.5 ms] [atto] count
[dbg     611.5 ms] [atto] scan
[dbg     611.5 ms] [atto] expand
[dbg     611.7 ms] [atto] sort
[dbg     611.7 ms] [atto] reduce
[dbg     611.8 ms] [atto] final
[dbg     611.8 ms] [atto] pack
[dbg     612.6 ms] [atto] d2h
[dbg     613.0 ms] [attg] start
[dbg     613.2 ms] [attg] csc
[dbg     613.2 ms] [attg] h2d
[dbg     613.3 ms] [attg] count
[dbg     613.3 ms] [attg] scan
[dbg     613.3 ms] [attg] expand
[dbg     613.4 ms] [attg] compact
[dbg     613.5 ms] [attg] sort
[dbg     613.6 ms] [attg] reduce
[dbg     613.6 ms] [attg] final
[dbg     613.7 ms] [attg] pack
[dbg     614.5 ms] [attg] d2h
[dbg     614.9 ms] [attc] start
[dbg     615.1 ms] [attc] csc
[dbg     615.2 ms] [attc] h2d
[dbg     615.2 ms] [attc] count
[dbg     615.2 ms] [attc] scan
[dbg     615.2 ms] [attc] expand
[dbg     615.3 ms] [attc] compact
[dbg     615.4 ms] [attc] sort
[dbg     615.5 ms] [attc] reduce
[dbg     615.5 ms] [attc] final
[dbg     615.5 ms] [attc] pack
[dbg     616.4 ms] [attc] d2h
[dbg     616.8 ms] [atti] start
[dbg     617.0 ms] [atti] csc
[dbg     617.0 ms] [atti] h2d
[dbg     617.0 ms] [atti] count
[dbg     617.1 ms] [atti] scan
[dbg     617.1 ms] [atti] expand
[dbg     617.1 ms] [atti] compact
[dbg     617.3 ms] [atti] sort
[dbg     617.3 ms] [atti] reduce
[dbg     617.3 ms] [atti] final
[dbg     617.3 ms] [atti] symbolic
[dbg     617.4 ms] [atti] numeric
[dbg     617.4 ms] [atti] pack
[dbg     618.2 ms] [atti] d2h
Reading matrix from ./data/first100/1138_bus.mtx...
Input A: 1138 x 1138, nnz = 4054, sparsity = 99.69%
===============WARMING UP (att)===============
=== Computing C = A x A^T (cuSPARSE) ===
Result C (A·Aᵀ 全量): 1138 x 1138, nnz = 11142
Time: 1.576 ms

=== Computing C = A x A^T upper (outer) ===
Result C (A·Aᵀ 上三角): 1138 x 1138, nnz = 6140
Time: 1.535 ms

=== Computing C = A x A^T upper (Gustavson) ===
Result C (A·Aᵀ 上三角): 1138 x 1138, nnz = 6140
Time: 1.616 ms

=== Computing C = A x A^T upper (colwise) ===
Result C (A·Aᵀ 上三角): 1138 x 1138, nnz = 6140
Time: 1.554 ms

=== Computing C = A x A^T upper (inner) ===
Result C (A·Aᵀ 上三角): 1138 x 1138, nnz = 6140
Time: 1.573 ms

=== All att tests completed ===
Processing 494_bus (att) ... (max 600s)
[dbg       0.0 ms] main entry, initializing CUDA context...
[dbg     488.1 ms] CUDA context ready
[dbg     488.3 ms] start read_matrix_market: ./data/first100/494_bus.mtx
[dbg     488.7 ms] read done: 494 x 494, nnz=1666
[dbg     488.7 ms] [cut] start
[dbg     499.9 ms] [cut] h2d
[dbg     522.0 ms] [cut] transpose
[dbg     522.1 ms] cusparse: workEstimation begin
[dbg     526.1 ms] [cut] workest (buf1=21055 B)
[dbg     526.1 ms] cusparse: compute begin
[dbg     526.9 ms] [cut] compute (buf2=163831 B)
[dbg     526.9 ms] cusparse: C size = 494 x 494, nnz=4062
[dbg     526.9 ms] cusparse: copy begin
[dbg     527.0 ms] [cut] copy
[dbg     527.0 ms] [cut] pack
[dbg     560.7 ms] [cut] d2h
[dbg     561.5 ms] [atto] start
[dbg     564.3 ms] [atto] csc
[dbg     564.4 ms] [atto] h2d
[dbg     564.4 ms] [atto] count
[dbg     564.5 ms] [atto] scan
[dbg     564.5 ms] [atto] expand
[dbg     564.9 ms] [atto] sort
[dbg     565.2 ms] [atto] reduce
[dbg     565.3 ms] [atto] final
[dbg     565.4 ms] [atto] pack
[dbg     568.4 ms] [atto] d2h
[dbg     570.9 ms] [attg] start
[dbg     572.1 ms] [attg] csc
[dbg     572.1 ms] [attg] h2d
[dbg     572.2 ms] [attg] count
[dbg     572.3 ms] [attg] scan
[dbg     572.3 ms] [attg] expand
[dbg     572.6 ms] [attg] compact
[dbg     572.8 ms] [attg] sort
[dbg     572.8 ms] [attg] reduce
[dbg     573.0 ms] [attg] final
[dbg     573.0 ms] [attg] pack
[dbg     575.8 ms] [attg] d2h
[dbg     578.0 ms] [attc] start
[dbg     579.4 ms] [attc] csc
[dbg     579.4 ms] [attc] h2d
[dbg     579.5 ms] [attc] count
[dbg     579.6 ms] [attc] scan
[dbg     579.6 ms] [attc] expand
[dbg     579.7 ms] [attc] compact
[dbg     579.9 ms] [attc] sort
[dbg     579.9 ms] [attc] reduce
[dbg     580.0 ms] [attc] final
[dbg     580.1 ms] [attc] pack
[dbg     598.8 ms] [attc] d2h
[dbg     604.6 ms] [atti] start
[dbg     608.7 ms] [atti] csc
[dbg     608.7 ms] [atti] h2d
[dbg     608.9 ms] [atti] count
[dbg     609.1 ms] [atti] scan
[dbg     609.1 ms] [atti] expand
[dbg     609.3 ms] [atti] compact
[dbg     609.4 ms] [atti] sort
[dbg     609.5 ms] [atti] reduce
[dbg     609.7 ms] [atti] final
[dbg     609.7 ms] [atti] symbolic
[dbg     609.7 ms] [atti] numeric
[dbg     609.8 ms] [atti] pack
[dbg     613.4 ms] [atti] d2h
[dbg     615.7 ms] [cut] start
[dbg     616.5 ms] [cut] h2d
[dbg     616.7 ms] [cut] transpose
[dbg     616.8 ms] cusparse: workEstimation begin
[dbg     616.9 ms] [cut] workest (buf1=21055 B)
[dbg     616.9 ms] cusparse: compute begin
[dbg     617.1 ms] [cut] compute (buf2=163831 B)
[dbg     617.1 ms] cusparse: C size = 494 x 494, nnz=4062
[dbg     617.2 ms] cusparse: copy begin
[dbg     617.2 ms] [cut] copy
[dbg     617.3 ms] [cut] pack
[dbg     620.7 ms] [cut] d2h
[dbg     625.4 ms] [atto] start
[dbg     626.7 ms] [atto] csc
[dbg     626.7 ms] [atto] h2d
[dbg     626.7 ms] [atto] count
[dbg     626.8 ms] [atto] scan
[dbg     626.8 ms] [atto] expand
[dbg     626.9 ms] [atto] sort
[dbg     627.0 ms] [atto] reduce
[dbg     627.1 ms] [atto] final
[dbg     627.1 ms] [atto] pack
[dbg     628.4 ms] [atto] d2h
[dbg     631.1 ms] [attg] start
[dbg     632.3 ms] [attg] csc
[dbg     632.4 ms] [attg] h2d
[dbg     632.4 ms] [attg] count
[dbg     632.4 ms] [attg] scan
[dbg     632.5 ms] [attg] expand
[dbg     632.6 ms] [attg] compact
[dbg     632.7 ms] [attg] sort
[dbg     632.8 ms] [attg] reduce
[dbg     632.9 ms] [attg] final
[dbg     632.9 ms] [attg] pack
[dbg     636.9 ms] [attg] d2h
[dbg     640.5 ms] [attc] start
[dbg     642.0 ms] [attc] csc
[dbg     642.0 ms] [attc] h2d
[dbg     642.0 ms] [attc] count
[dbg     642.1 ms] [attc] scan
[dbg     642.1 ms] [attc] expand
[dbg     642.2 ms] [attc] compact
[dbg     642.4 ms] [attc] sort
[dbg     642.4 ms] [attc] reduce
[dbg     642.5 ms] [attc] final
[dbg     642.5 ms] [attc] pack
[dbg     644.8 ms] [attc] d2h
[dbg     648.0 ms] [atti] start
[dbg     650.8 ms] [atti] csc
[dbg     650.8 ms] [atti] h2d
[dbg     650.9 ms] [atti] count
[dbg     650.9 ms] [atti] scan
[dbg     650.9 ms] [atti] expand
[dbg     651.0 ms] [atti] compact
[dbg     651.1 ms] [atti] sort
[dbg     651.2 ms] [atti] reduce
[dbg     651.3 ms] [atti] final
[dbg     651.3 ms] [atti] symbolic
[dbg     651.3 ms] [atti] numeric
[dbg     651.3 ms] [atti] pack
[dbg     652.4 ms] [atti] d2h
Reading matrix from ./data/first100/494_bus.mtx...
Input A: 494 x 494, nnz = 1666, sparsity = 99.32%
===============WARMING UP (att)===============
=== Computing C = A x A^T (cuSPARSE) ===
Result C (A·Aᵀ 全量): 494 x 494, nnz = 4062
Time: 8.827 ms

=== Computing C = A x A^T upper (outer) ===
Result C (A·Aᵀ 上三角): 494 x 494, nnz = 2278
Time: 4.287 ms

=== Computing C = A x A^T upper (Gustavson) ===
Result C (A·Aᵀ 上三角): 494 x 494, nnz = 2278
Time: 7.947 ms

=== Computing C = A x A^T upper (colwise) ===
Result C (A·Aᵀ 上三角): 494 x 494, nnz = 2278
Time: 5.648 ms

=== Computing C = A x A^T upper (inner) ===
Result C (A·Aᵀ 上三角): 494 x 494, nnz = 2278
Time: 5.133 ms

=== All att tests completed ===
Processing 662_bus (att) ... (max 600s)
[dbg       0.0 ms] main entry, initializing CUDA context...
[dbg     308.9 ms] CUDA context ready
[dbg     309.1 ms] start read_matrix_market: ./data/first100/662_bus.mtx
[dbg     310.0 ms] read done: 662 x 662, nnz=2474
[dbg     310.1 ms] [cut] start
[dbg     367.3 ms] [cut] h2d
[dbg     401.4 ms] [cut] transpose
[dbg     401.5 ms] cusparse: workEstimation begin
[dbg     406.1 ms] [cut] workest (buf1=30751 B)
[dbg     406.1 ms] cusparse: compute begin
[dbg     408.8 ms] [cut] compute (buf2=268415 B)
[dbg     408.8 ms] cusparse: C size = 662 x 662, nnz=6480
[dbg     408.8 ms] cusparse: copy begin
[dbg     408.9 ms] [cut] copy
[dbg     408.9 ms] [cut] pack
[dbg     412.1 ms] [cut] d2h
[dbg     413.6 ms] [atto] start
[dbg     417.2 ms] [atto] csc
[dbg     417.2 ms] [atto] h2d
[dbg     417.2 ms] [atto] count
[dbg     417.3 ms] [atto] scan
[dbg     417.3 ms] [atto] expand
[dbg     417.6 ms] [atto] sort
[dbg     417.7 ms] [atto] reduce
[dbg     417.8 ms] [atto] final
[dbg     417.8 ms] [atto] pack
[dbg     422.8 ms] [atto] d2h
[dbg     425.4 ms] [attg] start
[dbg     426.4 ms] [attg] csc
[dbg     426.4 ms] [attg] h2d
[dbg     426.5 ms] [attg] count
[dbg     426.5 ms] [attg] scan
[dbg     426.5 ms] [attg] expand
[dbg     426.7 ms] [attg] compact
[dbg     426.8 ms] [attg] sort
[dbg     426.8 ms] [attg] reduce
[dbg     426.9 ms] [attg] final
[dbg     426.9 ms] [attg] pack
[dbg     429.2 ms] [attg] d2h
[dbg     430.8 ms] [attc] start
[dbg     432.1 ms] [attc] csc
[dbg     432.1 ms] [attc] h2d
[dbg     432.1 ms] [attc] count
[dbg     432.2 ms] [attc] scan
[dbg     432.2 ms] [attc] expand
[dbg     432.3 ms] [attc] compact
[dbg     432.4 ms] [attc] sort
[dbg     432.4 ms] [attc] reduce
[dbg     432.5 ms] [attc] final
[dbg     432.5 ms] [attc] pack
[dbg     434.9 ms] [attc] d2h
[dbg     438.6 ms] [atti] start
[dbg     439.6 ms] [atti] csc
[dbg     439.6 ms] [atti] h2d
[dbg     439.6 ms] [atti] count
[dbg     439.7 ms] [atti] scan
[dbg     439.7 ms] [atti] expand
[dbg     439.8 ms] [atti] compact
[dbg     439.9 ms] [atti] sort
[dbg     439.9 ms] [atti] reduce
[dbg     440.0 ms] [atti] final
[dbg     440.0 ms] [atti] symbolic
[dbg     440.0 ms] [atti] numeric
[dbg     440.0 ms] [atti] pack
[dbg     441.0 ms] [atti] d2h
[dbg     441.5 ms] [cut] start
[dbg     441.6 ms] [cut] h2d
[dbg     442.4 ms] [cut] transpose
[dbg     442.5 ms] cusparse: workEstimation begin
[dbg     442.5 ms] [cut] workest (buf1=30751 B)
[dbg     442.5 ms] cusparse: compute begin
[dbg     442.7 ms] [cut] compute (buf2=268415 B)
[dbg     442.7 ms] cusparse: C size = 662 x 662, nnz=6480
[dbg     442.7 ms] cusparse: copy begin
[dbg     442.7 ms] [cut] copy
[dbg     442.8 ms] [cut] pack
[dbg     443.7 ms] [cut] d2h
[dbg     444.1 ms] [atto] start
[dbg     445.8 ms] [atto] csc
[dbg     445.8 ms] [atto] h2d
[dbg     445.8 ms] [atto] count
[dbg     445.9 ms] [atto] scan
[dbg     445.9 ms] [atto] expand
[dbg     446.0 ms] [atto] sort
[dbg     446.0 ms] [atto] reduce
[dbg     446.1 ms] [atto] final
[dbg     446.1 ms] [atto] pack
[dbg     447.0 ms] [atto] d2h
[dbg     447.7 ms] [attg] start
[dbg     447.9 ms] [attg] csc
[dbg     447.9 ms] [attg] h2d
[dbg     447.9 ms] [attg] count
[dbg     448.0 ms] [attg] scan
[dbg     448.0 ms] [attg] expand
[dbg     448.1 ms] [attg] compact
[dbg     448.2 ms] [attg] sort
[dbg     448.2 ms] [attg] reduce
[dbg     448.3 ms] [attg] final
[dbg     448.3 ms] [attg] pack
[dbg     449.2 ms] [attg] d2h
[dbg     449.7 ms] [attc] start
[dbg     449.9 ms] [attc] csc
[dbg     449.9 ms] [attc] h2d
[dbg     449.9 ms] [attc] count
[dbg     449.9 ms] [attc] scan
[dbg     450.0 ms] [attc] expand
[dbg     450.0 ms] [attc] compact
[dbg     450.1 ms] [attc] sort
[dbg     450.2 ms] [attc] reduce
[dbg     450.2 ms] [attc] final
[dbg     450.2 ms] [attc] pack
[dbg     451.1 ms] [attc] d2h
[dbg     451.6 ms] [atti] start
[dbg     451.9 ms] [atti] csc
[dbg     451.9 ms] [atti] h2d
[dbg     451.9 ms] [atti] count
[dbg     451.9 ms] [atti] scan
[dbg     452.0 ms] [atti] expand
[dbg     452.0 ms] [atti] compact
[dbg     452.1 ms] [atti] sort
[dbg     452.2 ms] [atti] reduce
[dbg     452.2 ms] [atti] final
[dbg     452.2 ms] [atti] symbolic
[dbg     452.3 ms] [atti] numeric
[dbg     452.3 ms] [atti] pack
[dbg     453.1 ms] [atti] d2h
Reading matrix from ./data/first100/662_bus.mtx...
Input A: 662 x 662, nnz = 2474, sparsity = 99.44%
===============WARMING UP (att)===============
=== Computing C = A x A^T (cuSPARSE) ===
Result C (A·Aᵀ 全量): 662 x 662, nnz = 6480
Time: 2.324 ms

=== Computing C = A x A^T upper (outer) ===
Result C (A·Aᵀ 上三角): 662 x 662, nnz = 3571
Time: 3.198 ms

=== Computing C = A x A^T upper (Gustavson) ===
Result C (A·Aᵀ 上三角): 662 x 662, nnz = 3571
Time: 1.677 ms

=== Computing C = A x A^T upper (colwise) ===
Result C (A·Aᵀ 上三角): 662 x 662, nnz = 3571
Time: 1.542 ms

=== Computing C = A x A^T upper (inner) ===
Result C (A·Aᵀ 上三角): 662 x 662, nnz = 3571
Time: 1.695 ms

=== All att tests completed ===
Processing 685_bus (att) ... (max 600s)
[dbg       0.0 ms] main entry, initializing CUDA context...
[dbg     787.2 ms] CUDA context ready
[dbg     787.5 ms] start read_matrix_market: ./data/first100/685_bus.mtx
[dbg     790.2 ms] read done: 685 x 685, nnz=3249
[dbg     790.3 ms] [cut] start
[dbg     808.1 ms] [cut] h2d
[dbg     837.0 ms] [cut] transpose
[dbg     837.4 ms] cusparse: workEstimation begin
[dbg     841.8 ms] [cut] workest (buf1=40051 B)
[dbg     841.8 ms] cusparse: compute begin
[dbg     844.0 ms] [cut] compute (buf2=434135 B)
[dbg     844.0 ms] cusparse: C size = 685 x 685, nnz=9337
[dbg     844.0 ms] cusparse: copy begin
[dbg     844.3 ms] [cut] copy
[dbg     844.4 ms] [cut] pack
[dbg     845.9 ms] [cut] d2h
[dbg     846.4 ms] [atto] start
[dbg     848.9 ms] [atto] csc
[dbg     849.0 ms] [atto] h2d
[dbg     849.2 ms] [atto] count
[dbg     849.6 ms] [atto] scan
[dbg     849.8 ms] [atto] expand
[dbg     850.1 ms] [atto] sort
[dbg     850.3 ms] [atto] reduce
[dbg     850.3 ms] [atto] final
[dbg     850.4 ms] [atto] pack
[dbg     851.8 ms] [atto] d2h
[dbg     852.2 ms] [attg] start
[dbg     852.4 ms] [attg] csc
[dbg     852.4 ms] [attg] h2d
[dbg     852.5 ms] [attg] count
[dbg     852.5 ms] [attg] scan
[dbg     852.6 ms] [attg] expand
[dbg     852.7 ms] [attg] compact
[dbg     852.8 ms] [attg] sort
[dbg     852.9 ms] [attg] reduce
[dbg     852.9 ms] [attg] final
[dbg     853.0 ms] [attg] pack
[dbg     854.0 ms] [attg] d2h
[dbg     854.5 ms] [attc] start
[dbg     854.7 ms] [attc] csc
[dbg     854.7 ms] [attc] h2d
[dbg     854.7 ms] [attc] count
[dbg     854.8 ms] [attc] scan
[dbg     854.8 ms] [attc] expand
[dbg     854.9 ms] [attc] compact
[dbg     855.0 ms] [attc] sort
[dbg     855.0 ms] [attc] reduce
[dbg     855.1 ms] [attc] final
[dbg     855.1 ms] [attc] pack
[dbg     856.0 ms] [attc] d2h
[dbg     856.4 ms] [atti] start
[dbg     856.7 ms] [atti] csc
[dbg     856.7 ms] [atti] h2d
[dbg     856.7 ms] [atti] count
[dbg     856.7 ms] [atti] scan
[dbg     856.8 ms] [atti] expand
[dbg     856.8 ms] [atti] compact
[dbg     856.9 ms] [atti] sort
[dbg     857.0 ms] [atti] reduce
[dbg     857.0 ms] [atti] final
[dbg     857.0 ms] [atti] symbolic
[dbg     857.1 ms] [atti] numeric
[dbg     857.1 ms] [atti] pack
[dbg     858.0 ms] [atti] d2h
[dbg     858.4 ms] [cut] start
[dbg     858.5 ms] [cut] h2d
[dbg     858.7 ms] [cut] transpose
[dbg     858.7 ms] cusparse: workEstimation begin
[dbg     858.8 ms] [cut] workest (buf1=40051 B)
[dbg     858.8 ms] cusparse: compute begin
[dbg     858.9 ms] [cut] compute (buf2=434135 B)
[dbg     858.9 ms] cusparse: C size = 685 x 685, nnz=9337
[dbg     859.0 ms] cusparse: copy begin
[dbg     859.0 ms] [cut] copy
[dbg     859.0 ms] [cut] pack
[dbg     859.9 ms] [cut] d2h
[dbg     860.4 ms] [atto] start
[dbg     860.5 ms] [atto] csc
[dbg     860.6 ms] [atto] h2d
[dbg     860.6 ms] [atto] count
[dbg     860.6 ms] [atto] scan
[dbg     860.6 ms] [atto] expand
[dbg     860.8 ms] [atto] sort
[dbg     860.8 ms] [atto] reduce
[dbg     860.9 ms] [atto] final
[dbg     860.9 ms] [atto] pack
[dbg     861.7 ms] [atto] d2h
[dbg     862.2 ms] [attg] start
[dbg     862.4 ms] [attg] csc
[dbg     862.4 ms] [attg] h2d
[dbg     862.4 ms] [attg] count
[dbg     862.4 ms] [attg] scan
[dbg     862.5 ms] [attg] expand
[dbg     862.5 ms] [attg] compact
[dbg     862.7 ms] [attg] sort
[dbg     862.7 ms] [attg] reduce
[dbg     862.8 ms] [attg] final
[dbg     862.8 ms] [attg] pack
[dbg     863.7 ms] [attg] d2h
[dbg     864.1 ms] [attc] start
[dbg     864.3 ms] [attc] csc
[dbg     864.3 ms] [attc] h2d
[dbg     864.3 ms] [attc] count
[dbg     864.4 ms] [attc] scan
[dbg     864.4 ms] [attc] expand
[dbg     864.5 ms] [attc] compact
[dbg     864.6 ms] [attc] sort
[dbg     864.6 ms] [attc] reduce
[dbg     864.7 ms] [attc] final
[dbg     864.7 ms] [attc] pack
[dbg     865.5 ms] [attc] d2h
[dbg     866.0 ms] [atti] start
[dbg     866.2 ms] [atti] csc
[dbg     866.2 ms] [atti] h2d
[dbg     866.2 ms] [atti] count
[dbg     866.2 ms] [atti] scan
[dbg     866.3 ms] [atti] expand
[dbg     866.3 ms] [atti] compact
[dbg     866.5 ms] [atti] sort
[dbg     866.5 ms] [atti] reduce
[dbg     866.5 ms] [atti] final
[dbg     866.5 ms] [atti] symbolic
[dbg     866.6 ms] [atti] numeric
[dbg     866.6 ms] [atti] pack
[dbg     867.4 ms] [atti] d2h
Reading matrix from ./data/first100/685_bus.mtx...
Input A: 685 x 685, nnz = 3249, sparsity = 99.31%
===============WARMING UP (att)===============
=== Computing C = A x A^T (cuSPARSE) ===
Result C (A·Aᵀ 全量): 685 x 685, nnz = 9337
Time: 1.630 ms

=== Computing C = A x A^T upper (outer) ===
Result C (A·Aᵀ 上三角): 685 x 685, nnz = 5011
Time: 1.536 ms

=== Computing C = A x A^T upper (Gustavson) ===
Result C (A·Aᵀ 上三角): 685 x 685, nnz = 5011
Time: 1.637 ms

=== Computing C = A x A^T upper (colwise) ===
Result C (A·Aᵀ 上三角): 685 x 685, nnz = 5011
Time: 1.579 ms

=== Computing C = A x A^T upper (inner) ===
Result C (A·Aᵀ 上三角): 685 x 685, nnz = 5011
Time: 1.610 ms

=== All att tests completed ===
Processing arc130 (att) ... (max 600s)
[dbg       0.0 ms] main entry, initializing CUDA context...
[dbg     578.4 ms] CUDA context ready
[dbg     578.5 ms] start read_matrix_market: ./data/first100/arc130.mtx
[dbg     578.9 ms] read done: 130 x 130, nnz=1282
[dbg     578.9 ms] [cut] start
[dbg     587.2 ms] [cut] h2d
[dbg     610.0 ms] [cut] transpose
[dbg     610.3 ms] cusparse: workEstimation begin
[dbg     614.7 ms] [cut] workest (buf1=16447 B)
[dbg     614.7 ms] cusparse: compute begin
[dbg     617.0 ms] [cut] compute (buf2=1301015 B)
[dbg     617.0 ms] cusparse: C size = 130 x 130, nnz=15654
[dbg     617.0 ms] cusparse: copy begin
[dbg     617.3 ms] [cut] copy
[dbg     617.4 ms] [cut] pack
[dbg     619.1 ms] [cut] d2h
[dbg     619.7 ms] [atto] start
[dbg     622.3 ms] [atto] csc
[dbg     622.3 ms] [atto] h2d
[dbg     622.7 ms] [atto] count
[dbg     623.0 ms] [atto] scan
[dbg     623.3 ms] [atto] expand
[dbg     623.7 ms] [atto] sort
[dbg     624.0 ms] [atto] reduce
[dbg     624.1 ms] [atto] final
[dbg     624.1 ms] [atto] pack
[dbg     625.5 ms] [atto] d2h
[dbg     625.9 ms] [attg] start
[dbg     626.4 ms] [attg] csc
[dbg     626.4 ms] [attg] h2d
[dbg     626.5 ms] [attg] count
[dbg     626.5 ms] [attg] scan
[dbg     626.6 ms] [attg] expand
[dbg     626.7 ms] [attg] compact
[dbg     626.8 ms] [attg] sort
[dbg     627.2 ms] [attg] reduce
[dbg     627.8 ms] [attg] final
[dbg     627.8 ms] [attg] pack
[dbg     628.9 ms] [attg] d2h
[dbg     629.4 ms] [attc] start
[dbg     629.9 ms] [attc] csc
[dbg     629.9 ms] [attc] h2d
[dbg     629.9 ms] [attc] count
[dbg     630.0 ms] [attc] scan
[dbg     630.0 ms] [attc] expand
[dbg     630.1 ms] [attc] compact
[dbg     630.2 ms] [attc] sort
[dbg     630.3 ms] [attc] reduce
[dbg     630.3 ms] [attc] final
[dbg     630.3 ms] [attc] pack
[dbg     631.3 ms] [attc] d2h
[dbg     631.7 ms] [atti] start
[dbg     632.0 ms] [atti] csc
[dbg     632.0 ms] [atti] h2d
[dbg     632.0 ms] [atti] count
[dbg     632.1 ms] [atti] scan
[dbg     632.1 ms] [atti] expand
[dbg     632.2 ms] [atti] compact
[dbg     632.3 ms] [atti] sort
[dbg     632.4 ms] [atti] reduce
[dbg     632.4 ms] [atti] final
[dbg     632.4 ms] [atti] symbolic
[dbg     632.5 ms] [atti] numeric
[dbg     632.5 ms] [atti] pack
[dbg     633.4 ms] [atti] d2h
[dbg     633.8 ms] [cut] start
[dbg     633.9 ms] [cut] h2d
[dbg     634.1 ms] [cut] transpose
[dbg     634.1 ms] cusparse: workEstimation begin
[dbg     634.2 ms] [cut] workest (buf1=16447 B)
[dbg     634.2 ms] cusparse: compute begin
[dbg     634.4 ms] [cut] compute (buf2=1301015 B)
[dbg     634.4 ms] cusparse: C size = 130 x 130, nnz=15654
[dbg     634.4 ms] cusparse: copy begin
[dbg     634.4 ms] [cut] copy
[dbg     634.4 ms] [cut] pack
[dbg     635.3 ms] [cut] d2h
[dbg     635.7 ms] [atto] start
[dbg     635.9 ms] [atto] csc
[dbg     635.9 ms] [atto] h2d
[dbg     635.9 ms] [atto] count
[dbg     636.0 ms] [atto] scan
[dbg     636.0 ms] [atto] expand
[dbg     636.1 ms] [atto] sort
[dbg     636.1 ms] [atto] reduce
[dbg     636.2 ms] [atto] final
[dbg     636.2 ms] [atto] pack
[dbg     637.1 ms] [atto] d2h
[dbg     637.5 ms] [attg] start
[dbg     637.7 ms] [attg] csc
[dbg     637.7 ms] [attg] h2d
[dbg     637.7 ms] [attg] count
[dbg     637.7 ms] [attg] scan
[dbg     637.8 ms] [attg] expand
[dbg     637.9 ms] [attg] compact
[dbg     638.0 ms] [attg] sort
[dbg     638.0 ms] [attg] reduce
[dbg     638.1 ms] [attg] final
[dbg     638.1 ms] [attg] pack
[dbg     639.0 ms] [attg] d2h
[dbg     639.4 ms] [attc] start
[dbg     639.6 ms] [attc] csc
[dbg     639.6 ms] [attc] h2d
[dbg     639.6 ms] [attc] count
[dbg     639.7 ms] [attc] scan
[dbg     639.7 ms] [attc] expand
[dbg     639.8 ms] [attc] compact
[dbg     639.9 ms] [attc] sort
[dbg     640.0 ms] [attc] reduce
[dbg     640.0 ms] [attc] final
[dbg     640.0 ms] [attc] pack
[dbg     640.9 ms] [attc] d2h
[dbg     641.3 ms] [atti] start
[dbg     641.5 ms] [atti] csc
[dbg     641.5 ms] [atti] h2d
[dbg     641.5 ms] [atti] count
[dbg     641.6 ms] [atti] scan
[dbg     641.6 ms] [atti] expand
[dbg     641.7 ms] [atti] compact
[dbg     641.8 ms] [atti] sort
[dbg     641.9 ms] [atti] reduce
[dbg     641.9 ms] [atti] final
[dbg     641.9 ms] [atti] symbolic
[dbg     642.0 ms] [atti] numeric
[dbg     642.0 ms] [atti] pack
[dbg     642.9 ms] [atti] d2h
Reading matrix from ./data/first100/arc130.mtx...
Input A: 130 x 130, nnz = 1282, sparsity = 92.41%
===============WARMING UP (att)===============
=== Computing C = A x A^T (cuSPARSE) ===
Result C (A·Aᵀ 全量): 130 x 130, nnz = 15654
Time: 1.585 ms

=== Computing C = A x A^T upper (outer) ===
Result C (A·Aᵀ 上三角): 130 x 130, nnz = 7892
Time: 1.504 ms

=== Computing C = A x A^T upper (Gustavson) ===
Result C (A·Aᵀ 上三角): 130 x 130, nnz = 7892
Time: 1.627 ms

=== Computing C = A x A^T upper (colwise) ===
Result C (A·Aᵀ 上三角): 130 x 130, nnz = 7892
Time: 1.612 ms

=== Computing C = A x A^T upper (inner) ===
Result C (A·Aᵀ 上三角): 130 x 130, nnz = 7892
Time: 1.707 ms

=== All att tests completed ===
Processing ash292 (att) ... (max 600s)
[dbg       0.0 ms] main entry, initializing CUDA context...
[dbg     564.2 ms] CUDA context ready
[dbg     564.4 ms] start read_matrix_market: ./data/first100/ash292.mtx
[dbg     564.7 ms] read done: 292 x 292, nnz=2208
[dbg     564.7 ms] [cut] start
[dbg     573.0 ms] [cut] h2d
[dbg     596.4 ms] [cut] transpose
[dbg     596.5 ms] cusparse: workEstimation begin
[dbg     601.0 ms] [cut] workest (buf1=27559 B)
[dbg     601.0 ms] cusparse: compute begin
[dbg     602.1 ms] [cut] compute (buf2=427511 B)
[dbg     602.1 ms] cusparse: C size = 292 x 292, nnz=6042
[dbg     602.2 ms] cusparse: copy begin
[dbg     602.3 ms] [cut] copy
[dbg     602.3 ms] [cut] pack
[dbg     603.7 ms] [cut] d2h
[dbg     604.2 ms] [atto] start
[dbg     606.2 ms] [atto] csc
[dbg     606.2 ms] [atto] h2d
[dbg     606.2 ms] [atto] count
[dbg     606.3 ms] [atto] scan
[dbg     606.3 ms] [atto] expand
[dbg     606.6 ms] [atto] sort
[dbg     606.7 ms] [atto] reduce
[dbg     606.8 ms] [atto] final
[dbg     606.8 ms] [atto] pack
[dbg     608.2 ms] [atto] d2h
[dbg     608.7 ms] [attg] start
[dbg     609.0 ms] [attg] csc
[dbg     609.1 ms] [attg] h2d
[dbg     609.4 ms] [attg] count
[dbg     609.7 ms] [attg] scan
[dbg     610.0 ms] [attg] expand
[dbg     611.0 ms] [attg] compact
[dbg     611.4 ms] [attg] sort
[dbg     611.7 ms] [attg] reduce
[dbg     612.3 ms] [attg] final
[dbg     612.3 ms] [attg] pack
[dbg     613.4 ms] [attg] d2h
[dbg     613.8 ms] [attc] start
[dbg     614.0 ms] [attc] csc
[dbg     614.0 ms] [attc] h2d
[dbg     614.1 ms] [attc] count
[dbg     614.1 ms] [attc] scan
[dbg     614.2 ms] [attc] expand
[dbg     614.2 ms] [attc] compact
[dbg     614.3 ms] [attc] sort
[dbg     614.4 ms] [attc] reduce
[dbg     614.4 ms] [attc] final
[dbg     614.5 ms] [attc] pack
[dbg     615.3 ms] [attc] d2h
[dbg     615.7 ms] [atti] start
[dbg     615.9 ms] [atti] csc
[dbg     615.9 ms] [atti] h2d
[dbg     615.9 ms] [atti] count
[dbg     616.0 ms] [atti] scan
[dbg     616.0 ms] [atti] expand
[dbg     616.1 ms] [atti] compact
[dbg     616.2 ms] [atti] sort
[dbg     616.3 ms] [atti] reduce
[dbg     616.3 ms] [atti] final
[dbg     616.3 ms] [atti] symbolic
[dbg     616.4 ms] [atti] numeric
[dbg     616.4 ms] [atti] pack
[dbg     617.2 ms] [atti] d2h
[dbg     617.6 ms] [cut] start
[dbg     617.7 ms] [cut] h2d
[dbg     617.9 ms] [cut] transpose
[dbg     617.9 ms] cusparse: workEstimation begin
[dbg     618.0 ms] [cut] workest (buf1=27559 B)
[dbg     618.0 ms] cusparse: compute begin
[dbg     618.1 ms] [cut] compute (buf2=427511 B)
[dbg     618.1 ms] cusparse: C size = 292 x 292, nnz=6042
[dbg     618.1 ms] cusparse: copy begin
[dbg     618.2 ms] [cut] copy
[dbg     618.2 ms] [cut] pack
[dbg     619.0 ms] [cut] d2h
[dbg     619.6 ms] [atto] start
[dbg     619.8 ms] [atto] csc
[dbg     619.8 ms] [atto] h2d
[dbg     619.8 ms] [atto] count
[dbg     619.8 ms] [atto] scan
[dbg     619.9 ms] [atto] expand
[dbg     620.0 ms] [atto] sort
[dbg     620.0 ms] [atto] reduce
[dbg     620.1 ms] [atto] final
[dbg     620.1 ms] [atto] pack
[dbg     620.9 ms] [atto] d2h
[dbg     621.3 ms] [attg] start
[dbg     621.5 ms] [attg] csc
[dbg     621.5 ms] [attg] h2d
[dbg     621.5 ms] [attg] count
[dbg     621.6 ms] [attg] scan
[dbg     621.6 ms] [attg] expand
[dbg     621.6 ms] [attg] compact
[dbg     621.8 ms] [attg] sort
[dbg     621.8 ms] [attg] reduce
[dbg     621.8 ms] [attg] final
[dbg     621.9 ms] [attg] pack
[dbg     622.7 ms] [attg] d2h
[dbg     623.1 ms] [attc] start
[dbg     623.2 ms] [attc] csc
[dbg     623.3 ms] [attc] h2d
[dbg     623.3 ms] [attc] count
[dbg     623.3 ms] [attc] scan
[dbg     623.3 ms] [attc] expand
[dbg     623.4 ms] [attc] compact
[dbg     623.5 ms] [attc] sort
[dbg     623.5 ms] [attc] reduce
[dbg     623.6 ms] [attc] final
[dbg     623.6 ms] [attc] pack
[dbg     624.4 ms] [attc] d2h
[dbg     624.8 ms] [atti] start
[dbg     625.0 ms] [atti] csc
[dbg     625.0 ms] [atti] h2d
[dbg     625.1 ms] [atti] count
[dbg     625.1 ms] [atti] scan
[dbg     625.1 ms] [atti] expand
[dbg     625.2 ms] [atti] compact
[dbg     625.3 ms] [atti] sort
[dbg     625.3 ms] [atti] reduce
[dbg     625.4 ms] [atti] final
[dbg     625.4 ms] [atti] symbolic
[dbg     625.4 ms] [atti] numeric
[dbg     625.4 ms] [atti] pack
[dbg     626.3 ms] [atti] d2h
Reading matrix from ./data/first100/ash292.mtx...
Input A: 292 x 292, nnz = 2208, sparsity = 97.41%
===============WARMING UP (att)===============
=== Computing C = A x A^T (cuSPARSE) ===
Result C (A·Aᵀ 全量): 292 x 292, nnz = 6042
Time: 1.548 ms

=== Computing C = A x A^T upper (outer) ===
Result C (A·Aᵀ 上三角): 292 x 292, nnz = 3167
Time: 1.444 ms

=== Computing C = A x A^T upper (Gustavson) ===
Result C (A·Aᵀ 上三角): 292 x 292, nnz = 3167
Time: 1.501 ms

=== Computing C = A x A^T upper (colwise) ===
Result C (A·Aᵀ 上三角): 292 x 292, nnz = 3167
Time: 1.487 ms

=== Computing C = A x A^T upper (inner) ===
Result C (A·Aᵀ 上三角): 292 x 292, nnz = 3167
Time: 1.533 ms

=== All att tests completed ===
Processing ash85 (att) ... (max 600s)
[dbg       0.0 ms] main entry, initializing CUDA context...
[dbg     587.0 ms] CUDA context ready
[dbg     587.1 ms] start read_matrix_market: ./data/first100/ash85.mtx
[dbg     587.2 ms] read done: 85 x 85, nnz=523
[dbg     587.2 ms] [cut] start
[dbg     595.8 ms] [cut] h2d
[dbg     620.3 ms] [cut] transpose
[dbg     620.6 ms] cusparse: workEstimation begin
[dbg     625.2 ms] [cut] workest (buf1=7339 B)
[dbg     625.2 ms] cusparse: compute begin
[dbg     627.5 ms] [cut] compute (buf2=86383 B)
[dbg     627.5 ms] cusparse: C size = 85 x 85, nnz=1317
[dbg     627.5 ms] cusparse: copy begin
[dbg     627.8 ms] [cut] copy
[dbg     627.8 ms] [cut] pack
[dbg     629.3 ms] [cut] d2h
[dbg     629.7 ms] [atto] start
[dbg     632.4 ms] [atto] csc
[dbg     632.5 ms] [atto] h2d
[dbg     632.7 ms] [atto] count
[dbg     633.1 ms] [atto] scan
[dbg     633.1 ms] [atto] expand
[dbg     633.2 ms] [atto] sort
[dbg     633.4 ms] [atto] reduce
[dbg     633.4 ms] [atto] final
[dbg     633.4 ms] [atto] pack
[dbg     634.8 ms] [atto] d2h
[dbg     635.2 ms] [attg] start
[dbg     635.5 ms] [attg] csc
[dbg     635.5 ms] [attg] h2d
[dbg     635.5 ms] [attg] count
[dbg     635.6 ms] [attg] scan
[dbg     635.6 ms] [attg] expand
[dbg     635.8 ms] [attg] compact
[dbg     635.8 ms] [attg] sort
[dbg     635.8 ms] [attg] reduce
[dbg     635.9 ms] [attg] final
[dbg     635.9 ms] [attg] pack
[dbg     636.9 ms] [attg] d2h
[dbg     637.3 ms] [attc] start
[dbg     637.6 ms] [attc] csc
[dbg     637.6 ms] [attc] h2d
[dbg     637.7 ms] [attc] count
[dbg     637.7 ms] [attc] scan
[dbg     637.7 ms] [attc] expand
[dbg     637.8 ms] [attc] compact
[dbg     637.9 ms] [attc] sort
[dbg     637.9 ms] [attc] reduce
[dbg     638.0 ms] [attc] final
[dbg     638.0 ms] [attc] pack
[dbg     638.9 ms] [attc] d2h
[dbg     639.3 ms] [atti] start
[dbg     639.6 ms] [atti] csc
[dbg     639.6 ms] [atti] h2d
[dbg     639.6 ms] [atti] count
[dbg     639.7 ms] [atti] scan
[dbg     639.7 ms] [atti] expand
[dbg     639.7 ms] [atti] compact
[dbg     639.8 ms] [atti] sort
[dbg     639.8 ms] [atti] reduce
[dbg     639.9 ms] [atti] final
[dbg     639.9 ms] [atti] symbolic
[dbg     639.9 ms] [atti] numeric
[dbg     639.9 ms] [atti] pack
[dbg     640.8 ms] [atti] d2h
[dbg     641.2 ms] [cut] start
[dbg     641.3 ms] [cut] h2d
[dbg     641.5 ms] [cut] transpose
[dbg     641.6 ms] cusparse: workEstimation begin
[dbg     641.6 ms] [cut] workest (buf1=7339 B)
[dbg     641.6 ms] cusparse: compute begin
[dbg     641.8 ms] [cut] compute (buf2=86383 B)
[dbg     641.8 ms] cusparse: C size = 85 x 85, nnz=1317
[dbg     641.8 ms] cusparse: copy begin
[dbg     641.8 ms] [cut] copy
[dbg     641.9 ms] [cut] pack
[dbg     642.7 ms] [cut] d2h
[dbg     643.1 ms] [atto] start
[dbg     643.4 ms] [atto] csc
[dbg     643.4 ms] [atto] h2d
[dbg     643.5 ms] [atto] count
[dbg     643.5 ms] [atto] scan
[dbg     643.5 ms] [atto] expand
[dbg     643.6 ms] [atto] sort
[dbg     643.6 ms] [atto] reduce
[dbg     643.7 ms] [atto] final
[dbg     643.7 ms] [atto] pack
[dbg     644.5 ms] [atto] d2h
[dbg     645.0 ms] [attg] start
[dbg     645.2 ms] [attg] csc
[dbg     645.3 ms] [attg] h2d
[dbg     645.3 ms] [attg] count
[dbg     645.3 ms] [attg] scan
[dbg     645.3 ms] [attg] expand
[dbg     645.4 ms] [attg] compact
[dbg     645.5 ms] [attg] sort
[dbg     645.5 ms] [attg] reduce
[dbg     645.5 ms] [attg] final
[dbg     645.6 ms] [attg] pack
[dbg     646.4 ms] [attg] d2h
[dbg     646.9 ms] [attc] start
[dbg     647.0 ms] [attc] csc
[dbg     647.0 ms] [attc] h2d
[dbg     647.1 ms] [attc] count
[dbg     647.1 ms] [attc] scan
[dbg     647.1 ms] [attc] expand
[dbg     647.2 ms] [attc] compact
[dbg     647.3 ms] [attc] sort
[dbg     647.3 ms] [attc] reduce
[dbg     647.3 ms] [attc] final
[dbg     647.4 ms] [attc] pack
[dbg     648.2 ms] [attc] d2h
[dbg     648.6 ms] [atti] start
[dbg     648.8 ms] [atti] csc
[dbg     648.8 ms] [atti] h2d
[dbg     648.8 ms] [atti] count
[dbg     648.8 ms] [atti] scan
[dbg     648.9 ms] [atti] expand
[dbg     648.9 ms] [atti] compact
[dbg     649.0 ms] [atti] sort
[dbg     649.0 ms] [atti] reduce
[dbg     649.1 ms] [atti] final
[dbg     649.1 ms] [atti] symbolic
[dbg     649.1 ms] [atti] numeric
[dbg     649.1 ms] [atti] pack
[dbg     649.9 ms] [atti] d2h
Reading matrix from ./data/first100/ash85.mtx...
Input A: 85 x 85, nnz = 523, sparsity = 92.76%
===============WARMING UP (att)===============
=== Computing C = A x A^T (cuSPARSE) ===
Result C (A·Aᵀ 全量): 85 x 85, nnz = 1317
Time: 1.637 ms

=== Computing C = A x A^T upper (outer) ===
Result C (A·Aᵀ 上三角): 85 x 85, nnz = 701
Time: 1.539 ms

=== Computing C = A x A^T upper (Gustavson) ===
Result C (A·Aᵀ 上三角): 85 x 85, nnz = 701
Time: 1.586 ms

=== Computing C = A x A^T upper (colwise) ===
Result C (A·Aᵀ 上三角): 85 x 85, nnz = 701
Time: 1.460 ms

=== Computing C = A x A^T upper (inner) ===
Result C (A·Aᵀ 上三角): 85 x 85, nnz = 701
Time: 1.463 ms

=== All att tests completed ===
Processing bcspwr01 (att) ... (max 600s)
[dbg       0.0 ms] main entry, initializing CUDA context...
[dbg     566.6 ms] CUDA context ready
[dbg     566.7 ms] start read_matrix_market: ./data/first100/bcspwr01.mtx
[dbg     566.8 ms] read done: 39 x 39, nnz=131
[dbg     566.8 ms] [cut] start
[dbg     578.2 ms] [cut] h2d
[dbg     600.9 ms] [cut] transpose
[dbg     601.0 ms] cusparse: workEstimation begin
[dbg     605.3 ms] [cut] workest (buf1=2635 B)
[dbg     605.3 ms] cusparse: compute begin
[dbg     607.5 ms] [cut] compute (buf2=16639 B)
[dbg     607.5 ms] cusparse: C size = 39 x 39, nnz=275
[dbg     607.5 ms] cusparse: copy begin
[dbg     607.8 ms] [cut] copy
[dbg     607.8 ms] [cut] pack
[dbg     609.3 ms] [cut] d2h
[dbg     609.9 ms] [atto] start
[dbg     612.6 ms] [atto] csc
[dbg     612.6 ms] [atto] h2d
[dbg     613.0 ms] [atto] count
[dbg     613.3 ms] [atto] scan
[dbg     613.6 ms] [atto] expand
[dbg     614.2 ms] [atto] sort
[dbg     614.4 ms] [atto] reduce
[dbg     614.4 ms] [atto] final
[dbg     614.4 ms] [atto] pack
[dbg     615.8 ms] [atto] d2h
[dbg     616.2 ms] [attg] start
[dbg     616.5 ms] [attg] csc
[dbg     616.5 ms] [attg] h2d
[dbg     616.6 ms] [attg] count
[dbg     616.6 ms] [attg] scan
[dbg     616.7 ms] [attg] expand
[dbg     616.8 ms] [attg] compact
[dbg     616.9 ms] [attg] sort
[dbg     616.9 ms] [attg] reduce
[dbg     617.0 ms] [attg] final
[dbg     617.0 ms] [attg] pack
[dbg     618.0 ms] [attg] d2h
[dbg     618.5 ms] [attc] start
[dbg     618.8 ms] [attc] csc
[dbg     618.8 ms] [attc] h2d
[dbg     618.8 ms] [attc] count
[dbg     618.8 ms] [attc] scan
[dbg     618.9 ms] [attc] expand
[dbg     619.0 ms] [attc] compact
[dbg     619.0 ms] [attc] sort
[dbg     619.0 ms] [attc] reduce
[dbg     619.1 ms] [attc] final
[dbg     619.1 ms] [attc] pack
[dbg     620.1 ms] [attc] d2h
[dbg     620.5 ms] [atti] start
[dbg     620.8 ms] [atti] csc
[dbg     620.8 ms] [atti] h2d
[dbg     620.8 ms] [atti] count
[dbg     620.8 ms] [atti] scan
[dbg     620.8 ms] [atti] expand
[dbg     620.9 ms] [atti] compact
[dbg     621.0 ms] [atti] sort
[dbg     621.0 ms] [atti] reduce
[dbg     621.1 ms] [atti] final
[dbg     621.1 ms] [atti] symbolic
[dbg     621.1 ms] [atti] numeric
[dbg     621.1 ms] [atti] pack
[dbg     622.0 ms] [atti] d2h
[dbg     622.5 ms] [cut] start
[dbg     622.6 ms] [cut] h2d
[dbg     622.8 ms] [cut] transpose
[dbg     622.9 ms] cusparse: workEstimation begin
[dbg     622.9 ms] [cut] workest (buf1=2635 B)
[dbg     622.9 ms] cusparse: compute begin
[dbg     623.1 ms] [cut] compute (buf2=16639 B)
[dbg     623.1 ms] cusparse: C size = 39 x 39, nnz=275
[dbg     623.1 ms] cusparse: copy begin
[dbg     623.1 ms] [cut] copy
[dbg     623.2 ms] [cut] pack
[dbg     624.1 ms] [cut] d2h
[dbg     624.5 ms] [atto] start
[dbg     624.8 ms] [atto] csc
[dbg     624.8 ms] [atto] h2d
[dbg     624.8 ms] [atto] count
[dbg     624.8 ms] [atto] scan
[dbg     624.8 ms] [atto] expand
[dbg     624.9 ms] [atto] sort
[dbg     624.9 ms] [atto] reduce
[dbg     625.0 ms] [atto] final
[dbg     625.0 ms] [atto] pack
[dbg     625.9 ms] [atto] d2h
[dbg     626.3 ms] [attg] start
[dbg     626.6 ms] [attg] csc
[dbg     626.6 ms] [attg] h2d
[dbg     626.6 ms] [attg] count
[dbg     626.7 ms] [attg] scan
[dbg     626.7 ms] [attg] expand
[dbg     626.7 ms] [attg] compact
[dbg     626.8 ms] [attg] sort
[dbg     626.8 ms] [attg] reduce
[dbg     626.9 ms] [attg] final
[dbg     626.9 ms] [attg] pack
[dbg     627.8 ms] [attg] d2h
[dbg     628.2 ms] [attc] start
[dbg     628.6 ms] [attc] csc
[dbg     628.7 ms] [attc] h2d
[dbg     628.7 ms] [attc] count
[dbg     628.7 ms] [attc] scan
[dbg     628.7 ms] [attc] expand
[dbg     628.8 ms] [attc] compact
[dbg     628.8 ms] [attc] sort
[dbg     628.9 ms] [attc] reduce
[dbg     628.9 ms] [attc] final
[dbg     629.0 ms] [attc] pack
[dbg     629.8 ms] [attc] d2h
[dbg     630.2 ms] [atti] start
[dbg     630.5 ms] [atti] csc
[dbg     630.5 ms] [atti] h2d
[dbg     630.5 ms] [atti] count
[dbg     630.6 ms] [atti] scan
[dbg     630.6 ms] [atti] expand
[dbg     630.7 ms] [atti] compact
[dbg     630.7 ms] [atti] sort
[dbg     630.8 ms] [atti] reduce
[dbg     630.8 ms] [atti] final
[dbg     630.8 ms] [atti] symbolic
[dbg     630.8 ms] [atti] numeric
[dbg     630.8 ms] [atti] pack
[dbg     631.7 ms] [atti] d2h
Reading matrix from ./data/first100/bcspwr01.mtx...
Input A: 39 x 39, nnz = 131, sparsity = 91.39%
===============WARMING UP (att)===============
=== Computing C = A x A^T (cuSPARSE) ===
Result C (A·Aᵀ 全量): 39 x 39, nnz = 275
Time: 1.663 ms

=== Computing C = A x A^T upper (outer) ===
Result C (A·Aᵀ 上三角): 39 x 39, nnz = 157
Time: 1.538 ms

=== Computing C = A x A^T upper (Gustavson) ===
Result C (A·Aᵀ 上三角): 39 x 39, nnz = 157
Time: 1.618 ms

=== Computing C = A x A^T upper (colwise) ===
Result C (A·Aᵀ 上三角): 39 x 39, nnz = 157
Time: 1.737 ms

=== Computing C = A x A^T upper (inner) ===
Result C (A·Aᵀ 上三角): 39 x 39, nnz = 157
Time: 1.639 ms

=== All att tests completed ===
Processing bcspwr02 (att) ... (max 600s)
[dbg       0.0 ms] main entry, initializing CUDA context...
[dbg     560.8 ms] CUDA context ready
[dbg     561.1 ms] start read_matrix_market: ./data/first100/bcspwr02.mtx
[dbg     561.2 ms] read done: 49 x 49, nnz=167
[dbg     561.3 ms] [cut] start
[dbg     577.4 ms] [cut] h2d
[dbg     605.6 ms] [cut] transpose
[dbg     605.7 ms] cusparse: workEstimation begin
[dbg     609.9 ms] [cut] workest (buf1=3067 B)
[dbg     609.9 ms] cusparse: compute begin
[dbg     610.7 ms] [cut] compute (buf2=21103 B)
[dbg     610.7 ms] cusparse: C size = 49 x 49, nnz=403
[dbg     610.8 ms] cusparse: copy begin
[dbg     610.9 ms] [cut] copy
[dbg     610.9 ms] [cut] pack
[dbg     612.4 ms] [cut] d2h
[dbg     612.8 ms] [atto] start
[dbg     614.9 ms] [atto] csc
[dbg     614.9 ms] [atto] h2d
[dbg     614.9 ms] [atto] count
[dbg     615.0 ms] [atto] scan
[dbg     615.0 ms] [atto] expand
[dbg     615.1 ms] [atto] sort
[dbg     615.3 ms] [atto] reduce
[dbg     615.3 ms] [atto] final
[dbg     615.4 ms] [atto] pack
[dbg     616.7 ms] [atto] d2h
[dbg     617.2 ms] [attg] start
[dbg     617.4 ms] [attg] csc
[dbg     617.4 ms] [attg] h2d
[dbg     617.5 ms] [attg] count
[dbg     617.5 ms] [attg] scan
[dbg     617.5 ms] [attg] expand
[dbg     617.7 ms] [attg] compact
[dbg     617.7 ms] [attg] sort
[dbg     617.8 ms] [attg] reduce
[dbg     617.8 ms] [attg] final
[dbg     617.8 ms] [attg] pack
[dbg     618.9 ms] [attg] d2h
[dbg     619.2 ms] [attc] start
[dbg     619.4 ms] [attc] csc
[dbg     619.4 ms] [attc] h2d
[dbg     619.5 ms] [attc] count
[dbg     619.5 ms] [attc] scan
[dbg     619.5 ms] [attc] expand
[dbg     619.6 ms] [attc] compact
[dbg     619.7 ms] [attc] sort
[dbg     619.7 ms] [attc] reduce
[dbg     619.7 ms] [attc] final
[dbg     619.8 ms] [attc] pack
[dbg     620.6 ms] [attc] d2h
[dbg     621.0 ms] [atti] start
[dbg     621.2 ms] [atti] csc
[dbg     621.2 ms] [atti] h2d
[dbg     621.2 ms] [atti] count
[dbg     621.2 ms] [atti] scan
[dbg     621.3 ms] [atti] expand
[dbg     621.3 ms] [atti] compact
[dbg     621.4 ms] [atti] sort
[dbg     621.4 ms] [atti] reduce
[dbg     621.5 ms] [atti] final
[dbg     621.5 ms] [atti] symbolic
[dbg     621.5 ms] [atti] numeric
[dbg     621.5 ms] [atti] pack
[dbg     622.4 ms] [atti] d2h
[dbg     622.7 ms] [cut] start
[dbg     622.8 ms] [cut] h2d
[dbg     623.0 ms] [cut] transpose
[dbg     623.0 ms] cusparse: workEstimation begin
[dbg     623.0 ms] [cut] workest (buf1=3067 B)
[dbg     623.0 ms] cusparse: compute begin
[dbg     623.2 ms] [cut] compute (buf2=21103 B)
[dbg     623.2 ms] cusparse: C size = 49 x 49, nnz=403
[dbg     623.2 ms] cusparse: copy begin
[dbg     623.3 ms] [cut] copy
[dbg     623.3 ms] [cut] pack
[dbg     624.1 ms] [cut] d2h
[dbg     624.5 ms] [atto] start
[dbg     624.7 ms] [atto] csc
[dbg     624.7 ms] [atto] h2d
[dbg     624.7 ms] [atto] count
[dbg     624.8 ms] [atto] scan
[dbg     624.8 ms] [atto] expand
[dbg     624.8 ms] [atto] sort
[dbg     624.9 ms] [atto] reduce
[dbg     624.9 ms] [atto] final
[dbg     624.9 ms] [atto] pack
[dbg     625.7 ms] [atto] d2h
[dbg     626.1 ms] [attg] start
[dbg     626.3 ms] [attg] csc
[dbg     626.3 ms] [attg] h2d
[dbg     626.3 ms] [attg] count
[dbg     626.4 ms] [attg] scan
[dbg     626.4 ms] [attg] expand
[dbg     626.4 ms] [attg] compact
[dbg     626.5 ms] [attg] sort
[dbg     626.5 ms] [attg] reduce
[dbg     626.6 ms] [attg] final
[dbg     626.6 ms] [attg] pack
[dbg     627.4 ms] [attg] d2h
[dbg     627.8 ms] [attc] start
[dbg     628.0 ms] [attc] csc
[dbg     628.0 ms] [attc] h2d
[dbg     628.0 ms] [attc] count
[dbg     628.1 ms] [attc] scan
[dbg     628.1 ms] [attc] expand
[dbg     628.2 ms] [attc] compact
[dbg     628.2 ms] [attc] sort
[dbg     628.3 ms] [attc] reduce
[dbg     628.3 ms] [attc] final
[dbg     628.3 ms] [attc] pack
[dbg     629.1 ms] [attc] d2h
[dbg     630.9 ms] [atti] start
[dbg     633.3 ms] [atti] csc
[dbg     633.3 ms] [atti] h2d
[dbg     633.3 ms] [atti] count
[dbg     633.3 ms] [atti] scan
[dbg     633.3 ms] [atti] expand
[dbg     633.4 ms] [atti] compact
[dbg     633.5 ms] [atti] sort
[dbg     633.5 ms] [atti] reduce
[dbg     633.6 ms] [atti] final
[dbg     633.6 ms] [atti] symbolic
[dbg     633.6 ms] [atti] numeric
[dbg     633.6 ms] [atti] pack
[dbg     635.6 ms] [atti] d2h
Reading matrix from ./data/first100/bcspwr02.mtx...
Input A: 49 x 49, nnz = 167, sparsity = 93.04%
===============WARMING UP (att)===============
=== Computing C = A x A^T (cuSPARSE) ===
Result C (A·Aᵀ 全量): 49 x 49, nnz = 403
Time: 1.466 ms

=== Computing C = A x A^T upper (outer) ===
Result C (A·Aᵀ 上三角): 49 x 49, nnz = 226
Time: 1.365 ms

=== Computing C = A x A^T upper (Gustavson) ===
Result C (A·Aᵀ 上三角): 49 x 49, nnz = 226
Time: 1.441 ms

=== Computing C = A x A^T upper (colwise) ===
Result C (A·Aᵀ 上三角): 49 x 49, nnz = 226
Time: 1.421 ms

=== Computing C = A x A^T upper (inner) ===
Result C (A·Aᵀ 上三角): 49 x 49, nnz = 226
Time: 6.923 ms

=== All att tests completed ===
Processing bcspwr03 (att) ... (max 600s)
[dbg       0.0 ms] main entry, initializing CUDA context...
[dbg     577.7 ms] CUDA context ready
[dbg     577.8 ms] start read_matrix_market: ./data/first100/bcspwr03.mtx
[dbg     577.8 ms] read done: 118 x 118, nnz=476
[dbg     577.8 ms] [cut] start
[dbg     585.3 ms] [cut] h2d
[dbg     602.6 ms] [cut] transpose
[dbg     602.7 ms] cusparse: workEstimation begin
[dbg     606.3 ms] [cut] workest (buf1=6775 B)
[dbg     606.3 ms] cusparse: compute begin
[dbg     607.5 ms] [cut] compute (buf2=58183 B)
[dbg     607.5 ms] cusparse: C size = 118 x 118, nnz=1270
[dbg     607.5 ms] cusparse: copy begin
[dbg     607.8 ms] [cut] copy
[dbg     607.8 ms] [cut] pack
[dbg     609.2 ms] [cut] d2h
[dbg     609.7 ms] [atto] start
[dbg     611.9 ms] [atto] csc
[dbg     611.9 ms] [atto] h2d
[dbg     612.1 ms] [atto] count
[dbg     612.5 ms] [atto] scan
[dbg     612.7 ms] [atto] expand
[dbg     613.4 ms] [atto] sort
[dbg     613.7 ms] [atto] reduce
[dbg     614.3 ms] [atto] final
[dbg     614.3 ms] [atto] pack
[dbg     615.3 ms] [atto] d2h
[dbg     615.7 ms] [attg] start
[dbg     616.0 ms] [attg] csc
[dbg     616.0 ms] [attg] h2d
[dbg     616.1 ms] [attg] count
[dbg     616.1 ms] [attg] scan
[dbg     616.1 ms] [attg] expand
[dbg     616.3 ms] [attg] compact
[dbg     616.3 ms] [attg] sort
[dbg     616.3 ms] [attg] reduce
[dbg     616.4 ms] [attg] final
[dbg     616.4 ms] [attg] pack
[dbg     617.4 ms] [attg] d2h
[dbg     617.7 ms] [attc] start
[dbg     618.1 ms] [attc] csc
[dbg     618.1 ms] [attc] h2d
[dbg     618.2 ms] [attc] count
[dbg     618.2 ms] [attc] scan
[dbg     618.2 ms] [attc] expand
[dbg     618.3 ms] [attc] compact
[dbg     618.4 ms] [attc] sort
[dbg     618.4 ms] [attc] reduce
[dbg     618.4 ms] [attc] final
[dbg     618.5 ms] [attc] pack
[dbg     619.2 ms] [attc] d2h
[dbg     619.6 ms] [atti] start
[dbg     619.7 ms] [atti] csc
[dbg     619.7 ms] [atti] h2d
[dbg     619.7 ms] [atti] count
[dbg     619.8 ms] [atti] scan
[dbg     619.8 ms] [atti] expand
[dbg     619.9 ms] [atti] compact
[dbg     619.9 ms] [atti] sort
[dbg     619.9 ms] [atti] reduce
[dbg     620.0 ms] [atti] final
[dbg     620.0 ms] [atti] symbolic
[dbg     620.0 ms] [atti] numeric
[dbg     620.0 ms] [atti] pack
[dbg     620.8 ms] [atti] d2h
[dbg     621.1 ms] [cut] start
[dbg     621.2 ms] [cut] h2d
[dbg     621.3 ms] [cut] transpose
[dbg     621.4 ms] cusparse: workEstimation begin
[dbg     621.4 ms] [cut] workest (buf1=6775 B)
[dbg     621.4 ms] cusparse: compute begin
[dbg     621.6 ms] [cut] compute (buf2=58183 B)
[dbg     621.6 ms] cusparse: C size = 118 x 118, nnz=1270
[dbg     621.6 ms] cusparse: copy begin
[dbg     621.6 ms] [cut] copy
[dbg     621.7 ms] [cut] pack
[dbg     622.4 ms] [cut] d2h
[dbg     622.8 ms] [atto] start
[dbg     622.9 ms] [atto] csc
[dbg     623.0 ms] [atto] h2d
[dbg     623.0 ms] [atto] count
[dbg     623.0 ms] [atto] scan
[dbg     623.0 ms] [atto] expand
[dbg     623.1 ms] [atto] sort
[dbg     623.1 ms] [atto] reduce
[dbg     623.2 ms] [atto] final
[dbg     623.2 ms] [atto] pack
[dbg     623.9 ms] [atto] d2h
[dbg     624.3 ms] [attg] start
[dbg     624.4 ms] [attg] csc
[dbg     624.4 ms] [attg] h2d
[dbg     624.4 ms] [attg] count
[dbg     624.5 ms] [attg] scan
[dbg     624.5 ms] [attg] expand
[dbg     624.6 ms] [attg] compact
[dbg     624.6 ms] [attg] sort
[dbg     624.6 ms] [attg] reduce
[dbg     624.7 ms] [attg] final
[dbg     624.7 ms] [attg] pack
[dbg     625.4 ms] [attg] d2h
[dbg     625.7 ms] [attc] start
[dbg     625.9 ms] [attc] csc
[dbg     625.9 ms] [attc] h2d
[dbg     625.9 ms] [attc] count
[dbg     626.0 ms] [attc] scan
[dbg     626.0 ms] [attc] expand
[dbg     626.0 ms] [attc] compact
[dbg     626.1 ms] [attc] sort
[dbg     626.1 ms] [attc] reduce
[dbg     626.2 ms] [attc] final
[dbg     626.2 ms] [attc] pack
[dbg     626.9 ms] [attc] d2h
[dbg     627.3 ms] [atti] start
[dbg     627.4 ms] [atti] csc
[dbg     627.4 ms] [atti] h2d
[dbg     627.4 ms] [atti] count
[dbg     627.5 ms] [atti] scan
[dbg     627.5 ms] [atti] expand
[dbg     627.5 ms] [atti] compact
[dbg     627.6 ms] [atti] sort
[dbg     627.6 ms] [atti] reduce
[dbg     627.7 ms] [atti] final
[dbg     627.7 ms] [atti] symbolic
[dbg     627.7 ms] [atti] numeric
[dbg     627.7 ms] [atti] pack
[dbg     628.4 ms] [atti] d2h
Reading matrix from ./data/first100/bcspwr03.mtx...
Input A: 118 x 118, nnz = 476, sparsity = 96.58%
===============WARMING UP (att)===============
=== Computing C = A x A^T (cuSPARSE) ===
Result C (A·Aᵀ 全量): 118 x 118, nnz = 1270
Time: 1.334 ms

=== Computing C = A x A^T upper (outer) ===
Result C (A·Aᵀ 上三角): 118 x 118, nnz = 694
Time: 1.235 ms

=== Computing C = A x A^T upper (Gustavson) ===
Result C (A·Aᵀ 上三角): 118 x 118, nnz = 694
Time: 1.235 ms

=== Computing C = A x A^T upper (colwise) ===
Result C (A·Aᵀ 上三角): 118 x 118, nnz = 694
Time: 1.257 ms

=== Computing C = A x A^T upper (inner) ===
Result C (A·Aᵀ 上三角): 118 x 118, nnz = 694
Time: 1.230 ms

=== All att tests completed ===
Processing bcspwr04 (att) ... (max 600s)
[dbg       0.0 ms] main entry, initializing CUDA context...
[dbg     570.6 ms] CUDA context ready
[dbg     570.8 ms] start read_matrix_market: ./data/first100/bcspwr04.mtx
[dbg     571.0 ms] read done: 274 x 274, nnz=1612
[dbg     571.0 ms] [cut] start
[dbg     579.4 ms] [cut] h2d
[dbg     601.1 ms] [cut] transpose
[dbg     601.1 ms] cusparse: workEstimation begin
[dbg     605.1 ms] [cut] workest (buf1=20407 B)
[dbg     605.1 ms] cusparse: compute begin
[dbg     606.7 ms] [cut] compute (buf2=304583 B)
[dbg     606.7 ms] cusparse: C size = 274 x 274, nnz=4982
[dbg     606.7 ms] cusparse: copy begin
[dbg     607.0 ms] [cut] copy
[dbg     607.0 ms] [cut] pack
[dbg     608.9 ms] [cut] d2h
[dbg     609.5 ms] [atto] start
[dbg     611.5 ms] [atto] csc
[dbg     611.5 ms] [atto] h2d
[dbg     611.6 ms] [atto] count
[dbg     611.6 ms] [atto] scan
[dbg     611.7 ms] [atto] expand
[dbg     612.1 ms] [atto] sort
[dbg     612.4 ms] [atto] reduce
[dbg     613.0 ms] [atto] final
[dbg     613.0 ms] [atto] pack
[dbg     614.4 ms] [atto] d2h
[dbg     614.9 ms] [attg] start
[dbg     615.5 ms] [attg] csc
[dbg     615.5 ms] [attg] h2d
[dbg     615.8 ms] [attg] count
[dbg     616.1 ms] [attg] scan
[dbg     616.4 ms] [attg] expand
[dbg     617.3 ms] [attg] compact
[dbg     617.7 ms] [attg] sort
[dbg     618.0 ms] [attg] reduce
[dbg     618.0 ms] [attg] final
[dbg     618.1 ms] [attg] pack
[dbg     619.1 ms] [attg] d2h
[dbg     619.5 ms] [attc] start
[dbg     619.8 ms] [attc] csc
[dbg     619.8 ms] [attc] h2d
[dbg     619.9 ms] [attc] count
[dbg     619.9 ms] [attc] scan
[dbg     620.0 ms] [attc] expand
[dbg     620.0 ms] [attc] compact
[dbg     620.2 ms] [attc] sort
[dbg     620.2 ms] [attc] reduce
[dbg     620.3 ms] [attc] final
[dbg     620.3 ms] [attc] pack
[dbg     621.2 ms] [attc] d2h
[dbg     621.6 ms] [atti] start
[dbg     622.1 ms] [atti] csc
[dbg     622.1 ms] [atti] h2d
[dbg     622.1 ms] [atti] count
[dbg     622.2 ms] [atti] scan
[dbg     622.2 ms] [atti] expand
[dbg     622.3 ms] [atti] compact
[dbg     622.4 ms] [atti] sort
[dbg     622.4 ms] [atti] reduce
[dbg     623.0 ms] [atti] final
[dbg     623.0 ms] [atti] symbolic
[dbg     623.3 ms] [atti] numeric
[dbg     623.3 ms] [atti] pack
[dbg     624.2 ms] [atti] d2h
[dbg     624.7 ms] [cut] start
[dbg     624.8 ms] [cut] h2d
[dbg     625.0 ms] [cut] transpose
[dbg     625.1 ms] cusparse: workEstimation begin
[dbg     625.1 ms] [cut] workest (buf1=20407 B)
[dbg     625.1 ms] cusparse: compute begin
[dbg     625.3 ms] [cut] compute (buf2=304583 B)
[dbg     625.3 ms] cusparse: C size = 274 x 274, nnz=4982
[dbg     625.3 ms] cusparse: copy begin
[dbg     625.4 ms] [cut] copy
[dbg     625.4 ms] [cut] pack
[dbg     626.3 ms] [cut] d2h
[dbg     626.7 ms] [atto] start
[dbg     626.9 ms] [atto] csc
[dbg     626.9 ms] [atto] h2d
[dbg     626.9 ms] [atto] count
[dbg     626.9 ms] [atto] scan
[dbg     627.0 ms] [atto] expand
[dbg     627.1 ms] [atto] sort
[dbg     627.1 ms] [atto] reduce
[dbg     627.2 ms] [atto] final
[dbg     627.2 ms] [atto] pack
[dbg     628.0 ms] [atto] d2h
[dbg     628.4 ms] [attg] start
[dbg     628.6 ms] [attg] csc
[dbg     628.6 ms] [attg] h2d
[dbg     628.6 ms] [attg] count
[dbg     628.7 ms] [attg] scan
[dbg     628.7 ms] [attg] expand
[dbg     628.8 ms] [attg] compact
[dbg     628.9 ms] [attg] sort
[dbg     628.9 ms] [attg] reduce
[dbg     629.0 ms] [attg] final
[dbg     629.0 ms] [attg] pack
[dbg     629.8 ms] [attg] d2h
[dbg     630.3 ms] [attc] start
[dbg     630.4 ms] [attc] csc
[dbg     630.5 ms] [attc] h2d
[dbg     630.5 ms] [attc] count
[dbg     630.5 ms] [attc] scan
[dbg     630.5 ms] [attc] expand
[dbg     630.6 ms] [attc] compact
[dbg     630.7 ms] [attc] sort
[dbg     630.8 ms] [attc] reduce
[dbg     630.8 ms] [attc] final
[dbg     630.9 ms] [attc] pack
[dbg     631.7 ms] [attc] d2h
[dbg     632.1 ms] [atti] start
[dbg     632.3 ms] [atti] csc
[dbg     632.3 ms] [atti] h2d
[dbg     632.3 ms] [atti] count
[dbg     632.4 ms] [atti] scan
[dbg     632.4 ms] [atti] expand
[dbg     632.5 ms] [atti] compact
[dbg     632.6 ms] [atti] sort
[dbg     632.6 ms] [atti] reduce
[dbg     632.7 ms] [atti] final
[dbg     632.7 ms] [atti] symbolic
[dbg     632.7 ms] [atti] numeric
[dbg     632.7 ms] [atti] pack
[dbg     633.6 ms] [atti] d2h
Reading matrix from ./data/first100/bcspwr04.mtx...
Input A: 274 x 274, nnz = 1612, sparsity = 97.85%
===============WARMING UP (att)===============
=== Computing C = A x A^T (cuSPARSE) ===
Result C (A·Aᵀ 全量): 274 x 274, nnz = 4982
Time: 1.690 ms

=== Computing C = A x A^T upper (outer) ===
Result C (A·Aᵀ 上三角): 274 x 274, nnz = 2628
Time: 1.485 ms

=== Computing C = A x A^T upper (Gustavson) ===
Result C (A·Aᵀ 上三角): 274 x 274, nnz = 2628
Time: 1.576 ms

=== Computing C = A x A^T upper (colwise) ===
Result C (A·Aᵀ 上三角): 274 x 274, nnz = 2628
Time: 1.547 ms

=== Computing C = A x A^T upper (inner) ===
Result C (A·Aᵀ 上三角): 274 x 274, nnz = 2628
Time: 1.600 ms

=== All att tests completed ===
Processing bcspwr05 (att) ... (max 600s)
[dbg       0.0 ms] main entry, initializing CUDA context...
[dbg     569.1 ms] CUDA context ready
[dbg     569.2 ms] start read_matrix_market: ./data/first100/bcspwr05.mtx
[dbg     569.5 ms] read done: 443 x 443, nnz=1623
[dbg     569.5 ms] [cut] start
[dbg     580.9 ms] [cut] h2d
[dbg     602.5 ms] [cut] transpose
[dbg     602.6 ms] cusparse: workEstimation begin
[dbg     606.6 ms] [cut] workest (buf1=20539 B)
[dbg     606.7 ms] cusparse: compute begin
[dbg     607.4 ms] [cut] compute (buf2=174223 B)
[dbg     607.4 ms] cusparse: C size = 443 x 443, nnz=4249
[dbg     607.4 ms] cusparse: copy begin
[dbg     607.5 ms] [cut] copy
[dbg     607.5 ms] [cut] pack
[dbg     609.0 ms] [cut] d2h
[dbg     609.5 ms] [atto] start
[dbg     611.5 ms] [atto] csc
[dbg     611.5 ms] [atto] h2d
[dbg     611.5 ms] [atto] count
[dbg     611.6 ms] [atto] scan
[dbg     611.6 ms] [atto] expand
[dbg     611.9 ms] [atto] sort
[dbg     612.0 ms] [atto] reduce
[dbg     612.1 ms] [atto] final
[dbg     612.1 ms] [atto] pack
[dbg     613.5 ms] [atto] d2h
[dbg     613.9 ms] [attg] start
[dbg     614.1 ms] [attg] csc
[dbg     614.1 ms] [attg] h2d
[dbg     614.2 ms] [attg] count
[dbg     614.2 ms] [attg] scan
[dbg     614.5 ms] [attg] expand
[dbg     614.6 ms] [attg] compact
[dbg     614.8 ms] [attg] sort
[dbg     614.8 ms] [attg] reduce
[dbg     614.9 ms] [attg] final
[dbg     614.9 ms] [attg] pack
[dbg     615.9 ms] [attg] d2h
[dbg     616.4 ms] [attc] start
[dbg     616.7 ms] [attc] csc
[dbg     616.7 ms] [attc] h2d
[dbg     616.7 ms] [attc] count
[dbg     616.8 ms] [attc] scan
[dbg     616.8 ms] [attc] expand
[dbg     616.9 ms] [attc] compact
[dbg     617.0 ms] [attc] sort
[dbg     617.0 ms] [attc] reduce
[dbg     617.1 ms] [attc] final
[dbg     617.1 ms] [attc] pack
[dbg     618.1 ms] [attc] d2h
[dbg     618.6 ms] [atti] start
[dbg     618.9 ms] [atti] csc
[dbg     618.9 ms] [atti] h2d
[dbg     618.9 ms] [atti] count
[dbg     618.9 ms] [atti] scan
[dbg     619.0 ms] [atti] expand
[dbg     619.0 ms] [atti] compact
[dbg     619.1 ms] [atti] sort
[dbg     619.2 ms] [atti] reduce
[dbg     619.2 ms] [atti] final
[dbg     619.2 ms] [atti] symbolic
[dbg     619.3 ms] [atti] numeric
[dbg     619.3 ms] [atti] pack
[dbg     620.2 ms] [atti] d2h
[dbg     620.7 ms] [cut] start
[dbg     620.8 ms] [cut] h2d
[dbg     621.4 ms] [cut] transpose
[dbg     621.7 ms] cusparse: workEstimation begin
[dbg     622.0 ms] [cut] workest (buf1=20539 B)
[dbg     622.0 ms] cusparse: compute begin
[dbg     622.4 ms] [cut] compute (buf2=174223 B)
[dbg     622.4 ms] cusparse: C size = 443 x 443, nnz=4249
[dbg     622.4 ms] cusparse: copy begin
[dbg     622.5 ms] [cut] copy
[dbg     622.5 ms] [cut] pack
[dbg     623.4 ms] [cut] d2h
[dbg     623.9 ms] [atto] start
[dbg     624.2 ms] [atto] csc
[dbg     624.2 ms] [atto] h2d
[dbg     624.3 ms] [atto] count
[dbg     624.3 ms] [atto] scan
[dbg     624.3 ms] [atto] expand
[dbg     624.4 ms] [atto] sort
[dbg     624.5 ms] [atto] reduce
[dbg     624.5 ms] [atto] final
[dbg     624.5 ms] [atto] pack
[dbg     625.4 ms] [atto] d2h
[dbg     625.9 ms] [attg] start
[dbg     626.4 ms] [attg] csc
[dbg     626.4 ms] [attg] h2d
[dbg     626.7 ms] [attg] count
[dbg     627.0 ms] [attg] scan
[dbg     627.1 ms] [attg] expand
[dbg     627.1 ms] [attg] compact
[dbg     627.2 ms] [attg] sort
[dbg     627.3 ms] [attg] reduce
[dbg     627.3 ms] [attg] final
[dbg     627.3 ms] [attg] pack
[dbg     628.2 ms] [attg] d2h
[dbg     628.7 ms] [attc] start
[dbg     629.2 ms] [attc] csc
[dbg     629.3 ms] [attc] h2d
[dbg     629.3 ms] [attc] count
[dbg     629.3 ms] [attc] scan
[dbg     629.4 ms] [attc] expand
[dbg     629.5 ms] [attc] compact
[dbg     629.6 ms] [attc] sort
[dbg     629.6 ms] [attc] reduce
[dbg     629.7 ms] [attc] final
[dbg     629.7 ms] [attc] pack
[dbg     630.6 ms] [attc] d2h
[dbg     631.2 ms] [atti] start
[dbg     631.5 ms] [atti] csc
[dbg     631.5 ms] [atti] h2d
[dbg     631.5 ms] [atti] count
[dbg     631.6 ms] [atti] scan
[dbg     631.6 ms] [atti] expand
[dbg     631.7 ms] [atti] compact
[dbg     631.8 ms] [atti] sort
[dbg     631.9 ms] [atti] reduce
[dbg     631.9 ms] [atti] final
[dbg     631.9 ms] [atti] symbolic
[dbg     632.0 ms] [atti] numeric
[dbg     632.0 ms] [atti] pack
[dbg     632.9 ms] [atti] d2h
Reading matrix from ./data/first100/bcspwr05.mtx...
Input A: 443 x 443, nnz = 1623, sparsity = 99.17%
===============WARMING UP (att)===============
=== Computing C = A x A^T (cuSPARSE) ===
Result C (A·Aᵀ 全量): 443 x 443, nnz = 4249
Time: 2.955 ms

=== Computing C = A x A^T upper (outer) ===
Result C (A·Aᵀ 上三角): 443 x 443, nnz = 2346
Time: 1.602 ms

=== Computing C = A x A^T upper (Gustavson) ===
Result C (A·Aᵀ 上三角): 443 x 443, nnz = 2346
Time: 2.528 ms

=== Computing C = A x A^T upper (colwise) ===
Result C (A·Aᵀ 上三角): 443 x 443, nnz = 2346
Time: 2.077 ms

=== Computing C = A x A^T upper (inner) ===
Result C (A·Aᵀ 上三角): 443 x 443, nnz = 2346
Time: 1.838 ms

=== All att tests completed ===
Processing bcspwr06 (att) ... (max 600s)
[dbg       0.0 ms] main entry, initializing CUDA context...
[dbg     709.6 ms] CUDA context ready
[dbg     709.9 ms] start read_matrix_market: ./data/first100/bcspwr06.mtx
[dbg     710.5 ms] read done: 1454 x 1454, nnz=5300
[dbg     710.5 ms] [cut] start
[dbg     721.6 ms] [cut] h2d
[dbg     744.8 ms] [cut] transpose
[dbg     744.8 ms] cusparse: workEstimation begin
[dbg     748.9 ms] [cut] workest (buf1=64663 B)
[dbg     748.9 ms] cusparse: compute begin
[dbg     749.7 ms] [cut] compute (buf2=567263 B)
[dbg     749.7 ms] cusparse: C size = 1454 x 1454, nnz=14110
[dbg     749.7 ms] cusparse: copy begin
[dbg     749.8 ms] [cut] copy
[dbg     749.8 ms] [cut] pack
[dbg     751.3 ms] [cut] d2h
[dbg     751.9 ms] [atto] start
[dbg     754.5 ms] [atto] csc
[dbg     754.5 ms] [atto] h2d
[dbg     754.8 ms] [atto] count
[dbg     755.1 ms] [atto] scan
[dbg     755.4 ms] [atto] expand
[dbg     755.8 ms] [atto] sort
[dbg     756.2 ms] [atto] reduce
[dbg     756.8 ms] [atto] final
[dbg     756.8 ms] [atto] pack
[dbg     758.2 ms] [atto] d2h
[dbg     758.9 ms] [attg] start
[dbg     759.4 ms] [attg] csc
[dbg     759.4 ms] [attg] h2d
[dbg     759.4 ms] [attg] count
[dbg     759.5 ms] [attg] scan
[dbg     759.5 ms] [attg] expand
[dbg     759.7 ms] [attg] compact
[dbg     759.8 ms] [attg] sort
[dbg     759.8 ms] [attg] reduce
[dbg     759.9 ms] [attg] final
[dbg     759.9 ms] [attg] pack
[dbg     761.0 ms] [attg] d2h
[dbg     761.4 ms] [attc] start
[dbg     762.0 ms] [attc] csc
[dbg     762.0 ms] [attc] h2d
[dbg     762.3 ms] [attc] count
[dbg     762.4 ms] [attc] scan
[dbg     762.4 ms] [attc] expand
[dbg     762.5 ms] [attc] compact
[dbg     762.6 ms] [attc] sort
[dbg     762.7 ms] [attc] reduce
[dbg     762.7 ms] [attc] final
[dbg     762.7 ms] [attc] pack
[dbg     763.7 ms] [attc] d2h
[dbg     764.1 ms] [atti] start
[dbg     764.4 ms] [atti] csc
[dbg     764.4 ms] [atti] h2d
[dbg     764.4 ms] [atti] count
[dbg     764.5 ms] [atti] scan
[dbg     764.5 ms] [atti] expand
[dbg     764.6 ms] [atti] compact
[dbg     764.7 ms] [atti] sort
[dbg     764.7 ms] [atti] reduce
[dbg     764.8 ms] [atti] final
[dbg     764.8 ms] [atti] symbolic
[dbg     764.8 ms] [atti] numeric
[dbg     764.8 ms] [atti] pack
[dbg     765.7 ms] [atti] d2h
[dbg     766.1 ms] [cut] start
[dbg     766.2 ms] [cut] h2d
[dbg     766.5 ms] [cut] transpose
[dbg     766.5 ms] cusparse: workEstimation begin
[dbg     766.5 ms] [cut] workest (buf1=64663 B)
[dbg     766.6 ms] cusparse: compute begin
[dbg     766.7 ms] [cut] compute (buf2=567263 B)
[dbg     766.7 ms] cusparse: C size = 1454 x 1454, nnz=14110
[dbg     766.7 ms] cusparse: copy begin
[dbg     766.8 ms] [cut] copy
[dbg     766.8 ms] [cut] pack
[dbg     767.7 ms] [cut] d2h
[dbg     768.2 ms] [atto] start
[dbg     768.8 ms] [atto] csc
[dbg     768.9 ms] [atto] h2d
[dbg     769.1 ms] [atto] count
[dbg     769.5 ms] [atto] scan
[dbg     769.7 ms] [atto] expand
[dbg     770.1 ms] [atto] sort
[dbg     770.2 ms] [atto] reduce
[dbg     770.2 ms] [atto] final
[dbg     770.2 ms] [atto] pack
[dbg     771.1 ms] [atto] d2h
[dbg     771.5 ms] [attg] start
[dbg     772.1 ms] [attg] csc
[dbg     772.1 ms] [attg] h2d
[dbg     772.2 ms] [attg] count
[dbg     772.2 ms] [attg] scan
[dbg     772.2 ms] [attg] expand
[dbg     772.3 ms] [attg] compact
[dbg     772.4 ms] [attg] sort
[dbg     772.4 ms] [attg] reduce
[dbg     772.5 ms] [attg] final
[dbg     772.5 ms] [attg] pack
[dbg     773.4 ms] [attg] d2h
[dbg     773.8 ms] [attc] start
[dbg     774.1 ms] [attc] csc
[dbg     774.1 ms] [attc] h2d
[dbg     774.1 ms] [attc] count
[dbg     774.2 ms] [attc] scan
[dbg     774.2 ms] [attc] expand
[dbg     774.3 ms] [attc] compact
[dbg     774.4 ms] [attc] sort
[dbg     774.4 ms] [attc] reduce
[dbg     774.5 ms] [attc] final
[dbg     774.5 ms] [attc] pack
[dbg     775.3 ms] [attc] d2h
[dbg     775.7 ms] [atti] start
[dbg     776.0 ms] [atti] csc
[dbg     776.0 ms] [atti] h2d
[dbg     776.1 ms] [atti] count
[dbg     776.1 ms] [atti] scan
[dbg     776.1 ms] [atti] expand
[dbg     776.2 ms] [atti] compact
[dbg     776.3 ms] [atti] sort
[dbg     776.3 ms] [atti] reduce
[dbg     776.4 ms] [atti] final
[dbg     776.4 ms] [atti] symbolic
[dbg     776.4 ms] [atti] numeric
[dbg     776.4 ms] [atti] pack
[dbg     777.2 ms] [atti] d2h
Reading matrix from ./data/first100/bcspwr06.mtx...
Input A: 1454 x 1454, nnz = 5300, sparsity = 99.75%
===============WARMING UP (att)===============
=== Computing C = A x A^T (cuSPARSE) ===
Result C (A·Aᵀ 全量): 1454 x 1454, nnz = 14110
Time: 1.728 ms

=== Computing C = A x A^T upper (outer) ===
Result C (A·Aᵀ 上三角): 1454 x 1454, nnz = 7782
Time: 3.059 ms

=== Computing C = A x A^T upper (Gustavson) ===
Result C (A·Aᵀ 上三角): 1454 x 1454, nnz = 7782
Time: 1.969 ms

=== Computing C = A x A^T upper (colwise) ===
Result C (A·Aᵀ 上三角): 1454 x 1454, nnz = 7782
Time: 1.626 ms

=== Computing C = A x A^T upper (inner) ===
Result C (A·Aᵀ 上三角): 1454 x 1454, nnz = 7782
Time: 1.648 ms

=== All att tests completed ===
Processing bcspwr07 (att) ... (max 600s)
[dbg       0.0 ms] main entry, initializing CUDA context...
[dbg     734.7 ms] CUDA context ready
[dbg     734.9 ms] start read_matrix_market: ./data/first100/bcspwr07.mtx
[dbg     735.6 ms] read done: 1612 x 1612, nnz=5824
[dbg     735.6 ms] [cut] start
[dbg     747.5 ms] [cut] h2d
[dbg     769.1 ms] [cut] transpose
[dbg     769.1 ms] cusparse: workEstimation begin
[dbg     773.2 ms] [cut] workest (buf1=70951 B)
[dbg     773.2 ms] cusparse: compute begin
[dbg     774.0 ms] [cut] compute (buf2=624815 B)
[dbg     774.0 ms] cusparse: C size = 1612 x 1612, nnz=15684
[dbg     774.0 ms] cusparse: copy begin
[dbg     774.1 ms] [cut] copy
[dbg     774.1 ms] [cut] pack
[dbg     775.6 ms] [cut] d2h
[dbg     776.1 ms] [atto] start
[dbg     778.3 ms] [atto] csc
[dbg     778.3 ms] [atto] h2d
[dbg     778.3 ms] [atto] count
[dbg     778.4 ms] [atto] scan
[dbg     778.4 ms] [atto] expand
[dbg     778.7 ms] [atto] sort
[dbg     778.8 ms] [atto] reduce
[dbg     778.9 ms] [atto] final
[dbg     779.0 ms] [atto] pack
[dbg     780.4 ms] [atto] d2h
[dbg     780.9 ms] [attg] start
[dbg     781.5 ms] [attg] csc
[dbg     781.5 ms] [attg] h2d
[dbg     781.8 ms] [attg] count
[dbg     782.1 ms] [attg] scan
[dbg     782.4 ms] [attg] expand
[dbg     783.3 ms] [attg] compact
[dbg     783.7 ms] [attg] sort
[dbg     784.0 ms] [attg] reduce
[dbg     784.7 ms] [attg] final
[dbg     784.7 ms] [attg] pack
[dbg     786.0 ms] [attg] d2h
[dbg     786.5 ms] [attc] start
[dbg     786.7 ms] [attc] csc
[dbg     786.8 ms] [attc] h2d
[dbg     787.1 ms] [attc] count
[dbg     787.1 ms] [attc] scan
[dbg     787.2 ms] [attc] expand
[dbg     787.2 ms] [attc] compact
[dbg     787.4 ms] [attc] sort
[dbg     787.4 ms] [attc] reduce
[dbg     787.5 ms] [attc] final
[dbg     787.5 ms] [attc] pack
[dbg     788.5 ms] [attc] d2h
[dbg     788.9 ms] [atti] start
[dbg     789.5 ms] [atti] csc
[dbg     789.5 ms] [atti] h2d
[dbg     789.8 ms] [atti] count
[dbg     790.1 ms] [atti] scan
[dbg     790.4 ms] [atti] expand
[dbg     790.4 ms] [atti] compact
[dbg     790.6 ms] [atti] sort
[dbg     790.6 ms] [atti] reduce
[dbg     790.7 ms] [atti] final
[dbg     790.7 ms] [atti] symbolic
[dbg     790.7 ms] [atti] numeric
[dbg     790.7 ms] [atti] pack
[dbg     791.8 ms] [atti] d2h
[dbg     792.3 ms] [cut] start
[dbg     792.5 ms] [cut] h2d
[dbg     792.7 ms] [cut] transpose
[dbg     792.8 ms] cusparse: workEstimation begin
[dbg     792.8 ms] [cut] workest (buf1=70951 B)
[dbg     792.8 ms] cusparse: compute begin
[dbg     793.0 ms] [cut] compute (buf2=624815 B)
[dbg     793.0 ms] cusparse: C size = 1612 x 1612, nnz=15684
[dbg     793.0 ms] cusparse: copy begin
[dbg     793.1 ms] [cut] copy
[dbg     793.1 ms] [cut] pack
[dbg     794.0 ms] [cut] d2h
[dbg     794.4 ms] [atto] start
[dbg     794.8 ms] [atto] csc
[dbg     794.8 ms] [atto] h2d
[dbg     794.8 ms] [atto] count
[dbg     794.8 ms] [atto] scan
[dbg     794.9 ms] [atto] expand
[dbg     795.0 ms] [atto] sort
[dbg     795.0 ms] [atto] reduce
[dbg     795.1 ms] [atto] final
[dbg     795.1 ms] [atto] pack
[dbg     796.0 ms] [atto] d2h
[dbg     796.5 ms] [attg] start
[dbg     797.1 ms] [attg] csc
[dbg     797.1 ms] [attg] h2d
[dbg     797.1 ms] [attg] count
[dbg     797.2 ms] [attg] scan
[dbg     797.2 ms] [attg] expand
[dbg     797.3 ms] [attg] compact
[dbg     797.4 ms] [attg] sort
[dbg     797.4 ms] [attg] reduce
[dbg     797.5 ms] [attg] final
[dbg     797.5 ms] [attg] pack
[dbg     798.4 ms] [attg] d2h
[dbg     798.9 ms] [attc] start
[dbg     799.2 ms] [attc] csc
[dbg     799.2 ms] [attc] h2d
[dbg     799.2 ms] [attc] count
[dbg     799.3 ms] [attc] scan
[dbg     799.3 ms] [attc] expand
[dbg     799.4 ms] [attc] compact
[dbg     799.5 ms] [attc] sort
[dbg     799.5 ms] [attc] reduce
[dbg     799.6 ms] [attc] final
[dbg     799.6 ms] [attc] pack
[dbg     800.5 ms] [attc] d2h
[dbg     801.0 ms] [atti] start
[dbg     801.3 ms] [atti] csc
[dbg     801.3 ms] [atti] h2d
[dbg     801.3 ms] [atti] count
[dbg     801.4 ms] [atti] scan
[dbg     801.4 ms] [atti] expand
[dbg     801.5 ms] [atti] compact
[dbg     801.6 ms] [atti] sort
[dbg     801.6 ms] [atti] reduce
[dbg     801.7 ms] [atti] final
[dbg     801.7 ms] [atti] symbolic
[dbg     801.7 ms] [atti] numeric
[dbg     801.7 ms] [atti] pack
[dbg     802.6 ms] [atti] d2h
Reading matrix from ./data/first100/bcspwr07.mtx...
Input A: 1612 x 1612, nnz = 5824, sparsity = 99.78%
===============WARMING UP (att)===============
=== Computing C = A x A^T (cuSPARSE) ===
Result C (A·Aᵀ 全量): 1612 x 1612, nnz = 15684
Time: 1.861 ms

=== Computing C = A x A^T upper (outer) ===
Result C (A·Aᵀ 上三角): 1612 x 1612, nnz = 8648
Time: 1.726 ms

=== Computing C = A x A^T upper (Gustavson) ===
Result C (A·Aᵀ 上三角): 1612 x 1612, nnz = 8648
Time: 2.096 ms

=== Computing C = A x A^T upper (colwise) ===
Result C (A·Aᵀ 上三角): 1612 x 1612, nnz = 8648
Time: 1.811 ms

=== Computing C = A x A^T upper (inner) ===
Result C (A·Aᵀ 上三角): 1612 x 1612, nnz = 8648
Time: 1.804 ms

=== All att tests completed ===
Processing bcspwr08 (att) ... (max 600s)
[dbg       0.0 ms] main entry, initializing CUDA context...
[dbg     719.6 ms] CUDA context ready
[dbg     719.7 ms] start read_matrix_market: ./data/first100/bcspwr08.mtx
[dbg     720.4 ms] read done: 1624 x 1624, nnz=6050
[dbg     720.4 ms] [cut] start
[dbg     728.6 ms] [cut] h2d
[dbg     748.2 ms] [cut] transpose
[dbg     748.6 ms] cusparse: workEstimation begin
[dbg     752.3 ms] [cut] workest (buf1=73663 B)
[dbg     752.3 ms] cusparse: compute begin
[dbg     754.6 ms] [cut] compute (buf2=673871 B)
[dbg     754.6 ms] cusparse: C size = 1624 x 1624, nnz=16916
[dbg     754.7 ms] cusparse: copy begin
[dbg     755.0 ms] [cut] copy
[dbg     755.1 ms] [cut] pack
[dbg     758.2 ms] [cut] d2h
[dbg     759.9 ms] [atto] start
[dbg     765.3 ms] [atto] csc
[dbg     765.4 ms] [atto] h2d
[dbg     765.6 ms] [atto] count
[dbg     766.1 ms] [atto] scan
[dbg     766.3 ms] [atto] expand
[dbg     767.0 ms] [atto] sort
[dbg     767.5 ms] [atto] reduce
[dbg     767.7 ms] [atto] final
[dbg     767.8 ms] [atto] pack
[dbg     770.7 ms] [atto] d2h
[dbg     772.0 ms] [attg] start
[dbg     772.4 ms] [attg] csc
[dbg     772.5 ms] [attg] h2d
[dbg     772.5 ms] [attg] count
[dbg     772.6 ms] [attg] scan
[dbg     772.7 ms] [attg] expand
[dbg     772.9 ms] [attg] compact
[dbg     773.1 ms] [attg] sort
[dbg     773.2 ms] [attg] reduce
[dbg     773.3 ms] [attg] final
[dbg     773.3 ms] [attg] pack
[dbg     775.2 ms] [attg] d2h
[dbg     776.2 ms] [attc] start
[dbg     776.6 ms] [attc] csc
[dbg     776.6 ms] [attc] h2d
[dbg     776.7 ms] [attc] count
[dbg     776.8 ms] [attc] scan
[dbg     776.8 ms] [attc] expand
[dbg     777.0 ms] [attc] compact
[dbg     777.1 ms] [attc] sort
[dbg     777.2 ms] [attc] reduce
[dbg     777.3 ms] [attc] final
[dbg     777.4 ms] [attc] pack
[dbg     779.2 ms] [attc] d2h
[dbg     780.3 ms] [atti] start
[dbg     780.6 ms] [atti] csc
[dbg     780.6 ms] [atti] h2d
[dbg     780.7 ms] [atti] count
[dbg     780.7 ms] [atti] scan
[dbg     780.8 ms] [atti] expand
[dbg     780.9 ms] [atti] compact
[dbg     781.1 ms] [atti] sort
[dbg     781.1 ms] [atti] reduce
[dbg     781.2 ms] [atti] final
[dbg     781.2 ms] [atti] symbolic
[dbg     781.3 ms] [atti] numeric
[dbg     781.3 ms] [atti] pack
[dbg     782.6 ms] [atti] d2h
[dbg     783.3 ms] [cut] start
[dbg     783.5 ms] [cut] h2d
[dbg     783.7 ms] [cut] transpose
[dbg     783.7 ms] cusparse: workEstimation begin
[dbg     783.8 ms] [cut] workest (buf1=73663 B)
[dbg     783.8 ms] cusparse: compute begin
[dbg     784.0 ms] [cut] compute (buf2=673871 B)
[dbg     784.0 ms] cusparse: C size = 1624 x 1624, nnz=16916
[dbg     784.0 ms] cusparse: copy begin
[dbg     784.1 ms] [cut] copy
[dbg     784.1 ms] [cut] pack
[dbg     785.4 ms] [cut] d2h
[dbg     786.0 ms] [atto] start
[dbg     786.3 ms] [atto] csc
[dbg     786.3 ms] [atto] h2d
[dbg     786.3 ms] [atto] count
[dbg     786.4 ms] [atto] scan
[dbg     786.4 ms] [atto] expand
[dbg     786.5 ms] [atto] sort
[dbg     786.6 ms] [atto] reduce
[dbg     786.7 ms] [atto] final
[dbg     786.7 ms] [atto] pack
[dbg     787.9 ms] [atto] d2h
[dbg     788.6 ms] [attg] start
[dbg     788.8 ms] [attg] csc
[dbg     788.9 ms] [attg] h2d
[dbg     788.9 ms] [attg] count
[dbg     788.9 ms] [attg] scan
[dbg     789.0 ms] [attg] expand
[dbg     789.1 ms] [attg] compact
[dbg     789.2 ms] [attg] sort
[dbg     789.3 ms] [attg] reduce
[dbg     789.4 ms] [attg] final
[dbg     789.4 ms] [attg] pack
[dbg     790.6 ms] [attg] d2h
[dbg     791.2 ms] [attc] start
[dbg     791.5 ms] [attc] csc
[dbg     791.5 ms] [attc] h2d
[dbg     791.5 ms] [attc] count
[dbg     791.6 ms] [attc] scan
[dbg     791.6 ms] [attc] expand
[dbg     791.7 ms] [attc] compact
[dbg     791.8 ms] [attc] sort
[dbg     791.8 ms] [attc] reduce
[dbg     791.9 ms] [attc] final
[dbg     791.9 ms] [attc] pack
[dbg     792.8 ms] [attc] d2h
[dbg     793.3 ms] [atti] start
[dbg     793.5 ms] [atti] csc
[dbg     793.5 ms] [atti] h2d
[dbg     793.5 ms] [atti] count
[dbg     793.6 ms] [atti] scan
[dbg     793.6 ms] [atti] expand
[dbg     793.7 ms] [atti] compact
[dbg     793.8 ms] [atti] sort
[dbg     793.9 ms] [atti] reduce
[dbg     794.0 ms] [atti] final
[dbg     794.0 ms] [atti] symbolic
[dbg     794.0 ms] [atti] numeric
[dbg     794.0 ms] [atti] pack
[dbg     794.9 ms] [atti] d2h
Reading matrix from ./data/first100/bcspwr08.mtx...
Input A: 1624 x 1624, nnz = 6050, sparsity = 99.77%
===============WARMING UP (att)===============
=== Computing C = A x A^T (cuSPARSE) ===
Result C (A·Aᵀ 全量): 1624 x 1624, nnz = 16916
Time: 2.219 ms

=== Computing C = A x A^T upper (outer) ===
Result C (A·Aᵀ 上三角): 1624 x 1624, nnz = 9270
Time: 2.084 ms

=== Computing C = A x A^T upper (Gustavson) ===
Result C (A·Aᵀ 上三角): 1624 x 1624, nnz = 9270
Time: 2.209 ms

=== Computing C = A x A^T upper (colwise) ===
Result C (A·Aᵀ 上三角): 1624 x 1624, nnz = 9270
Time: 1.697 ms

=== Computing C = A x A^T upper (inner) ===
Result C (A·Aᵀ 上三角): 1624 x 1624, nnz = 9270
Time: 1.758 ms

=== All att tests completed ===
Processing bcspwr09 (att) ... (max 600s)
[dbg       0.0 ms] main entry, initializing CUDA context...
[dbg     591.4 ms] CUDA context ready
[dbg     591.5 ms] start read_matrix_market: ./data/first100/bcspwr09.mtx
[dbg     592.3 ms] read done: 1723 x 1723, nnz=6511
[dbg     592.3 ms] [cut] start
[dbg     600.4 ms] [cut] h2d
[dbg     624.5 ms] [cut] transpose
[dbg     624.6 ms] cusparse: workEstimation begin
[dbg     628.9 ms] [cut] workest (buf1=79195 B)
[dbg     629.0 ms] cusparse: compute begin
[dbg     630.0 ms] [cut] compute (buf2=734935 B)
[dbg     630.0 ms] cusparse: C size = 1723 x 1723, nnz=18485
[dbg     630.0 ms] cusparse: copy begin
[dbg     630.1 ms] [cut] copy
[dbg     630.1 ms] [cut] pack
[dbg     631.7 ms] [cut] d2h
[dbg     632.4 ms] [atto] start
[dbg     634.7 ms] [atto] csc
[dbg     634.7 ms] [atto] h2d
[dbg     634.7 ms] [atto] count
[dbg     634.8 ms] [atto] scan
[dbg     634.8 ms] [atto] expand
[dbg     635.2 ms] [atto] sort
[dbg     635.6 ms] [atto] reduce
[dbg     636.2 ms] [atto] final
[dbg     636.2 ms] [atto] pack
[dbg     637.5 ms] [atto] d2h
[dbg     638.1 ms] [attg] start
[dbg     638.5 ms] [attg] csc
[dbg     638.5 ms] [attg] h2d
[dbg     638.8 ms] [attg] count
[dbg     639.2 ms] [attg] scan
[dbg     639.5 ms] [attg] expand
[dbg     640.5 ms] [attg] compact
[dbg     640.8 ms] [attg] sort
[dbg     641.2 ms] [attg] reduce
[dbg     641.7 ms] [attg] final
[dbg     641.8 ms] [attg] pack
[dbg     642.9 ms] [attg] d2h
[dbg     643.4 ms] [attc] start
[dbg     643.6 ms] [attc] csc
[dbg     643.6 ms] [attc] h2d
[dbg     643.6 ms] [attc] count
[dbg     643.7 ms] [attc] scan
[dbg     643.7 ms] [attc] expand
[dbg     643.8 ms] [attc] compact
[dbg     643.9 ms] [attc] sort
[dbg     643.9 ms] [attc] reduce
[dbg     644.0 ms] [attc] final
[dbg     644.0 ms] [attc] pack
[dbg     644.9 ms] [attc] d2h
[dbg     645.3 ms] [atti] start
[dbg     645.5 ms] [atti] csc
[dbg     645.5 ms] [atti] h2d
[dbg     645.6 ms] [atti] count
[dbg     645.6 ms] [atti] scan
[dbg     645.6 ms] [atti] expand
[dbg     645.7 ms] [atti] compact
[dbg     645.8 ms] [atti] sort
[dbg     645.8 ms] [atti] reduce
[dbg     645.9 ms] [atti] final
[dbg     645.9 ms] [atti] symbolic
[dbg     645.9 ms] [atti] numeric
[dbg     646.0 ms] [atti] pack
[dbg     646.8 ms] [atti] d2h
[dbg     647.2 ms] [cut] start
[dbg     647.4 ms] [cut] h2d
[dbg     647.5 ms] [cut] transpose
[dbg     647.6 ms] cusparse: workEstimation begin
[dbg     647.6 ms] [cut] workest (buf1=79195 B)
[dbg     647.6 ms] cusparse: compute begin
[dbg     647.8 ms] [cut] compute (buf2=734935 B)
[dbg     647.8 ms] cusparse: C size = 1723 x 1723, nnz=18485
[dbg     647.8 ms] cusparse: copy begin
[dbg     647.8 ms] [cut] copy
[dbg     647.8 ms] [cut] pack
[dbg     648.8 ms] [cut] d2h
[dbg     649.1 ms] [atto] start
[dbg     649.4 ms] [atto] csc
[dbg     649.4 ms] [atto] h2d
[dbg     649.4 ms] [atto] count
[dbg     649.4 ms] [atto] scan
[dbg     649.5 ms] [atto] expand
[dbg     649.6 ms] [atto] sort
[dbg     649.6 ms] [atto] reduce
[dbg     649.7 ms] [atto] final
[dbg     649.7 ms] [atto] pack
[dbg     650.6 ms] [atto] d2h
[dbg     651.0 ms] [attg] start
[dbg     651.2 ms] [attg] csc
[dbg     651.2 ms] [attg] h2d
[dbg     651.2 ms] [attg] count
[dbg     651.3 ms] [attg] scan
[dbg     651.3 ms] [attg] expand
[dbg     651.4 ms] [attg] compact
[dbg     651.5 ms] [attg] sort
[dbg     651.5 ms] [attg] reduce
[dbg     651.6 ms] [attg] final
[dbg     651.6 ms] [attg] pack
[dbg     652.5 ms] [attg] d2h
[dbg     652.9 ms] [attc] start
[dbg     653.1 ms] [attc] csc
[dbg     653.1 ms] [attc] h2d
[dbg     653.1 ms] [attc] count
[dbg     653.1 ms] [attc] scan
[dbg     653.2 ms] [attc] expand
[dbg     653.2 ms] [attc] compact
[dbg     653.4 ms] [attc] sort
[dbg     653.4 ms] [attc] reduce
[dbg     653.5 ms] [attc] final
[dbg     653.5 ms] [attc] pack
[dbg     654.3 ms] [attc] d2h
[dbg     654.8 ms] [atti] start
[dbg     655.0 ms] [atti] csc
[dbg     655.0 ms] [atti] h2d
[dbg     655.0 ms] [atti] count
[dbg     655.1 ms] [atti] scan
[dbg     655.1 ms] [atti] expand
[dbg     655.2 ms] [atti] compact
[dbg     655.3 ms] [atti] sort
[dbg     655.3 ms] [atti] reduce
[dbg     655.4 ms] [atti] final
[dbg     655.4 ms] [atti] symbolic
[dbg     655.4 ms] [atti] numeric
[dbg     655.4 ms] [atti] pack
[dbg     656.3 ms] [atti] d2h
Reading matrix from ./data/first100/bcspwr09.mtx...
Input A: 1723 x 1723, nnz = 6511, sparsity = 99.78%
===============WARMING UP (att)===============
=== Computing C = A x A^T (cuSPARSE) ===
Result C (A·Aᵀ 全量): 1723 x 1723, nnz = 18485
Time: 1.630 ms

=== Computing C = A x A^T upper (outer) ===
Result C (A·Aᵀ 上三角): 1723 x 1723, nnz = 10104
Time: 1.549 ms

=== Computing C = A x A^T upper (Gustavson) ===
Result C (A·Aᵀ 上三角): 1723 x 1723, nnz = 10104
Time: 1.641 ms

=== Computing C = A x A^T upper (colwise) ===
Result C (A·Aᵀ 上三角): 1723 x 1723, nnz = 10104
Time: 1.594 ms

=== Computing C = A x A^T upper (inner) ===
Result C (A·Aᵀ 上三角): 1723 x 1723, nnz = 10104
Time: 1.693 ms

=== All att tests completed ===
Processing bcspwr10 (att) ... (max 600s)
[dbg       0.0 ms] main entry, initializing CUDA context...
[dbg     580.6 ms] CUDA context ready
[dbg     580.8 ms] start read_matrix_market: ./data/first100/bcspwr10.mtx
[dbg     583.3 ms] read done: 5300 x 5300, nnz=21842
[dbg     583.3 ms] [cut] start
[dbg     592.0 ms] [cut] h2d
[dbg     614.9 ms] [cut] transpose
[dbg     615.3 ms] cusparse: workEstimation begin
[dbg     619.7 ms] [cut] workest (buf1=263423 B)
[dbg     619.7 ms] cusparse: compute begin
[dbg     622.0 ms] [cut] compute (buf2=2473295 B)
[dbg     622.0 ms] cusparse: C size = 5300 x 5300, nnz=60498
[dbg     622.1 ms] cusparse: copy begin
[dbg     622.4 ms] [cut] copy
[dbg     622.4 ms] [cut] pack
[dbg     624.3 ms] [cut] d2h
[dbg     624.8 ms] [atto] start
[dbg     627.4 ms] [atto] csc
[dbg     627.4 ms] [atto] h2d
[dbg     627.4 ms] [atto] count
[dbg     627.5 ms] [atto] scan
[dbg     627.5 ms] [atto] expand
[dbg     627.8 ms] [atto] sort
[dbg     628.0 ms] [atto] reduce
[dbg     628.2 ms] [atto] final
[dbg     628.2 ms] [atto] pack
[dbg     629.6 ms] [atto] d2h
[dbg     630.3 ms] [attg] start
[dbg     630.9 ms] [attg] csc
[dbg     631.0 ms] [attg] h2d
[dbg     631.3 ms] [attg] count
[dbg     631.7 ms] [attg] scan
[dbg     632.0 ms] [attg] expand
[dbg     632.7 ms] [attg] compact
[dbg     633.0 ms] [attg] sort
[dbg     633.2 ms] [attg] reduce
[dbg     633.2 ms] [attg] final
[dbg     633.3 ms] [attg] pack
[dbg     634.4 ms] [attg] d2h
[dbg     634.9 ms] [attc] start
[dbg     635.3 ms] [attc] csc
[dbg     635.3 ms] [attc] h2d
[dbg     635.4 ms] [attc] count
[dbg     635.4 ms] [attc] scan
[dbg     635.5 ms] [attc] expand
[dbg     636.7 ms] [attc] compact
[dbg     637.2 ms] [attc] sort
[dbg     637.4 ms] [attc] reduce
[dbg     637.5 ms] [attc] final
[dbg     637.5 ms] [attc] pack
[dbg     638.7 ms] [attc] d2h
[dbg     639.2 ms] [atti] start
[dbg     639.4 ms] [atti] csc
[dbg     639.5 ms] [atti] h2d
[dbg     639.5 ms] [atti] count
[dbg     639.5 ms] [atti] scan
[dbg     639.5 ms] [atti] expand
[dbg     639.9 ms] [atti] compact
[dbg     640.2 ms] [atti] sort
[dbg     640.3 ms] [atti] reduce
[dbg     640.4 ms] [atti] final
[dbg     640.4 ms] [atti] symbolic
[dbg     640.4 ms] [atti] numeric
[dbg     640.4 ms] [atti] pack
[dbg     641.5 ms] [atti] d2h
[dbg     642.0 ms] [cut] start
[dbg     642.2 ms] [cut] h2d
[dbg     642.3 ms] [cut] transpose
[dbg     642.4 ms] cusparse: workEstimation begin
[dbg     642.4 ms] [cut] workest (buf1=263423 B)
[dbg     642.4 ms] cusparse: compute begin
[dbg     642.8 ms] [cut] compute (buf2=2473295 B)
[dbg     642.8 ms] cusparse: C size = 5300 x 5300, nnz=60498
[dbg     642.8 ms] cusparse: copy begin
[dbg     642.9 ms] [cut] copy
[dbg     642.9 ms] [cut] pack
[dbg     644.0 ms] [cut] d2h
[dbg     644.4 ms] [atto] start
[dbg     644.6 ms] [atto] csc
[dbg     644.7 ms] [atto] h2d
[dbg     644.7 ms] [atto] count
[dbg     644.7 ms] [atto] scan
[dbg     644.7 ms] [atto] expand
[dbg     644.9 ms] [atto] sort
[dbg     644.9 ms] [atto] reduce
[dbg     645.1 ms] [atto] final
[dbg     645.1 ms] [atto] pack
[dbg     646.0 ms] [atto] d2h
[dbg     646.5 ms] [attg] start
[dbg     646.7 ms] [attg] csc
[dbg     646.7 ms] [attg] h2d
[dbg     646.8 ms] [attg] count
[dbg     646.8 ms] [attg] scan
[dbg     646.8 ms] [attg] expand
[dbg     647.1 ms] [attg] compact
[dbg     647.5 ms] [attg] sort
[dbg     647.6 ms] [attg] reduce
[dbg     647.7 ms] [attg] final
[dbg     647.7 ms] [attg] pack
[dbg     648.7 ms] [attg] d2h
[dbg     649.2 ms] [attc] start
[dbg     649.4 ms] [attc] csc
[dbg     649.4 ms] [attc] h2d
[dbg     649.4 ms] [attc] count
[dbg     649.5 ms] [attc] scan
[dbg     649.5 ms] [attc] expand
[dbg     649.8 ms] [attc] compact
[dbg     650.1 ms] [attc] sort
[dbg     650.2 ms] [attc] reduce
[dbg     650.3 ms] [attc] final
[dbg     650.3 ms] [attc] pack
[dbg     651.2 ms] [attc] d2h
[dbg     651.7 ms] [atti] start
[dbg     651.9 ms] [atti] csc
[dbg     651.9 ms] [atti] h2d
[dbg     652.0 ms] [atti] count
[dbg     652.0 ms] [atti] scan
[dbg     652.0 ms] [atti] expand
[dbg     652.4 ms] [atti] compact
[dbg     652.6 ms] [atti] sort
[dbg     652.8 ms] [atti] reduce
[dbg     652.9 ms] [atti] final
[dbg     652.9 ms] [atti] symbolic
[dbg     652.9 ms] [atti] numeric
[dbg     652.9 ms] [atti] pack
[dbg     653.9 ms] [atti] d2h
Reading matrix from ./data/first100/bcspwr10.mtx...
Input A: 5300 x 5300, nnz = 21842, sparsity = 99.92%
===============WARMING UP (att)===============
=== Computing C = A x A^T (cuSPARSE) ===
Result C (A·Aᵀ 全量): 5300 x 5300, nnz = 60498
Time: 2.135 ms

=== Computing C = A x A^T upper (outer) ===
Result C (A·Aᵀ 上三角): 5300 x 5300, nnz = 32899
Time: 1.783 ms

=== Computing C = A x A^T upper (Gustavson) ===
Result C (A·Aᵀ 上三角): 5300 x 5300, nnz = 32899
Time: 2.410 ms

=== Computing C = A x A^T upper (colwise) ===
Result C (A·Aᵀ 上三角): 5300 x 5300, nnz = 32899
Time: 2.225 ms

=== Computing C = A x A^T upper (inner) ===
Result C (A·Aᵀ 上三角): 5300 x 5300, nnz = 32899
Time: 2.409 ms

=== All att tests completed ===
Processing bcsstk01 (att) ... (max 600s)
[dbg       0.0 ms] main entry, initializing CUDA context...
[dbg     579.9 ms] CUDA context ready
[dbg     580.0 ms] start read_matrix_market: ./data/first100/bcsstk01.mtx
[dbg     580.1 ms] read done: 48 x 48, nnz=400
[dbg     580.1 ms] [cut] start
[dbg     587.7 ms] [cut] h2d
[dbg     605.0 ms] [cut] transpose
[dbg     605.4 ms] cusparse: workEstimation begin
[dbg     609.2 ms] [cut] workest (buf1=5863 B)
[dbg     609.2 ms] cusparse: compute begin
[dbg     611.4 ms] [cut] compute (buf2=88183 B)
[dbg     611.4 ms] cusparse: C size = 48 x 48, nnz=1292
[dbg     611.4 ms] cusparse: copy begin
[dbg     611.7 ms] [cut] copy
[dbg     611.8 ms] [cut] pack
[dbg     612.8 ms] [cut] d2h
[dbg     613.3 ms] [atto] start
[dbg     615.4 ms] [atto] csc
[dbg     615.5 ms] [atto] h2d
[dbg     615.7 ms] [atto] count
[dbg     616.1 ms] [atto] scan
[dbg     616.1 ms] [atto] expand
[dbg     616.1 ms] [atto] sort
[dbg     616.3 ms] [atto] reduce
[dbg     616.4 ms] [atto] final
[dbg     616.4 ms] [atto] pack
[dbg     617.5 ms] [atto] d2h
[dbg     617.9 ms] [attg] start
[dbg     618.2 ms] [attg] csc
[dbg     618.2 ms] [attg] h2d
[dbg     618.2 ms] [attg] count
[dbg     618.3 ms] [attg] scan
[dbg     618.3 ms] [attg] expand
[dbg     618.4 ms] [attg] compact
[dbg     618.5 ms] [attg] sort
[dbg     618.5 ms] [attg] reduce
[dbg     618.6 ms] [attg] final
[dbg     618.6 ms] [attg] pack
[dbg     619.4 ms] [attg] d2h
[dbg     619.8 ms] [attc] start
[dbg     620.3 ms] [attc] csc
[dbg     620.3 ms] [attc] h2d
[dbg     620.6 ms] [attc] count
[dbg     620.9 ms] [attc] scan
[dbg     621.2 ms] [attc] expand
[dbg     621.6 ms] [attc] compact
[dbg     621.6 ms] [attc] sort
[dbg     621.7 ms] [attc] reduce
[dbg     621.7 ms] [attc] final
[dbg     621.7 ms] [attc] pack
[dbg     622.5 ms] [attc] d2h
[dbg     622.9 ms] [atti] start
[dbg     623.4 ms] [atti] csc
[dbg     623.4 ms] [atti] h2d
[dbg     623.7 ms] [atti] count
[dbg     624.0 ms] [atti] scan
[dbg     624.0 ms] [atti] expand
[dbg     624.1 ms] [atti] compact
[dbg     624.1 ms] [atti] sort
[dbg     624.2 ms] [atti] reduce
[dbg     624.2 ms] [atti] final
[dbg     624.2 ms] [atti] symbolic
[dbg     624.3 ms] [atti] numeric
[dbg     624.3 ms] [atti] pack
[dbg     625.0 ms] [atti] d2h
[dbg     625.4 ms] [cut] start
[dbg     625.5 ms] [cut] h2d
[dbg     625.7 ms] [cut] transpose
[dbg     625.7 ms] cusparse: workEstimation begin
[dbg     625.8 ms] [cut] workest (buf1=5863 B)
[dbg     625.8 ms] cusparse: compute begin
[dbg     625.9 ms] [cut] compute (buf2=88183 B)
[dbg     625.9 ms] cusparse: C size = 48 x 48, nnz=1292
[dbg     625.9 ms] cusparse: copy begin
[dbg     626.0 ms] [cut] copy
[dbg     626.0 ms] [cut] pack
[dbg     626.7 ms] [cut] d2h
[dbg     627.1 ms] [atto] start
[dbg     627.7 ms] [atto] csc
[dbg     627.7 ms] [atto] h2d
[dbg     628.0 ms] [atto] count
[dbg     628.3 ms] [atto] scan
[dbg     628.6 ms] [atto] expand
[dbg     628.6 ms] [atto] sort
[dbg     628.7 ms] [atto] reduce
[dbg     628.7 ms] [atto] final
[dbg     628.7 ms] [atto] pack
[dbg     629.5 ms] [atto] d2h
[dbg     629.8 ms] [attg] start
[dbg     630.4 ms] [attg] csc
[dbg     630.4 ms] [attg] h2d
[dbg     630.7 ms] [attg] count
[dbg     631.0 ms] [attg] scan
[dbg     631.3 ms] [attg] expand
[dbg     631.6 ms] [attg] compact
[dbg     631.7 ms] [attg] sort
[dbg     631.7 ms] [attg] reduce
[dbg     631.8 ms] [attg] final
[dbg     631.8 ms] [attg] pack
[dbg     632.5 ms] [attg] d2h
[dbg     632.9 ms] [attc] start
[dbg     633.0 ms] [attc] csc
[dbg     633.1 ms] [attc] h2d
[dbg     633.1 ms] [attc] count
[dbg     633.1 ms] [attc] scan
[dbg     633.1 ms] [attc] expand
[dbg     633.2 ms] [attc] compact
[dbg     633.3 ms] [attc] sort
[dbg     633.3 ms] [attc] reduce
[dbg     633.4 ms] [attc] final
[dbg     633.4 ms] [attc] pack
[dbg     634.1 ms] [attc] d2h
[dbg     634.4 ms] [atti] start
[dbg     634.6 ms] [atti] csc
[dbg     634.6 ms] [atti] h2d
[dbg     634.6 ms] [atti] count
[dbg     634.7 ms] [atti] scan
[dbg     634.7 ms] [atti] expand
[dbg     634.8 ms] [atti] compact
[dbg     634.8 ms] [atti] sort
[dbg     634.8 ms] [atti] reduce
[dbg     634.9 ms] [atti] final
[dbg     634.9 ms] [atti] symbolic
[dbg     634.9 ms] [atti] numeric
[dbg     634.9 ms] [atti] pack
[dbg     635.6 ms] [atti] d2h
Reading matrix from ./data/first100/bcsstk01.mtx...
Input A: 48 x 48, nnz = 400, sparsity = 82.64%
===============WARMING UP (att)===============
=== Computing C = A x A^T (cuSPARSE) ===
Result C (A·Aᵀ 全量): 48 x 48, nnz = 1292
Time: 1.422 ms

=== Computing C = A x A^T upper (outer) ===
Result C (A·Aᵀ 上三角): 48 x 48, nnz = 670
Time: 2.450 ms

=== Computing C = A x A^T upper (Gustavson) ===
Result C (A·Aᵀ 上三角): 48 x 48, nnz = 670
Time: 2.792 ms

=== Computing C = A x A^T upper (colwise) ===
Result C (A·Aᵀ 上三角): 48 x 48, nnz = 670
Time: 1.264 ms

=== Computing C = A x A^T upper (inner) ===
Result C (A·Aᵀ 上三角): 48 x 48, nnz = 670
Time: 1.303 ms

=== All att tests completed ===
Processing bcsstk02 (att) ... (max 600s)
[dbg       0.0 ms] main entry, initializing CUDA context...
[dbg     575.3 ms] CUDA context ready
[dbg     575.4 ms] start read_matrix_market: ./data/first100/bcsstk02.mtx
[dbg     576.2 ms] read done: 66 x 66, nnz=4356
[dbg     576.2 ms] [cut] start
[dbg     584.0 ms] [cut] h2d
[dbg     606.4 ms] [cut] transpose
[dbg     606.8 ms] cusparse: workEstimation begin
[dbg     611.3 ms] [cut] workest (buf1=53335 B)
[dbg     611.3 ms] cusparse: compute begin
[dbg     613.3 ms] [cut] compute (buf2=6910935 B)
[dbg     613.3 ms] cusparse: C size = 66 x 66, nnz=4356
[dbg     613.3 ms] cusparse: copy begin
[dbg     613.6 ms] [cut] copy
[dbg     613.6 ms] [cut] pack
[dbg     615.5 ms] [cut] d2h
[dbg     616.0 ms] [atto] start
[dbg     618.7 ms] [atto] csc
[dbg     618.7 ms] [atto] h2d
[dbg     619.0 ms] [atto] count
[dbg     619.4 ms] [atto] scan
[dbg     619.7 ms] [atto] expand
[dbg     620.2 ms] [atto] sort
[dbg     620.5 ms] [atto] reduce
[dbg     620.7 ms] [atto] final
[dbg     620.7 ms] [atto] pack
[dbg     622.0 ms] [atto] d2h
[dbg     622.5 ms] [attg] start
[dbg     622.8 ms] [attg] csc
[dbg     622.8 ms] [attg] h2d
[dbg     622.9 ms] [attg] count
[dbg     623.2 ms] [attg] scan
[dbg     623.3 ms] [attg] expand
[dbg     624.3 ms] [attg] compact
[dbg     624.7 ms] [attg] sort
[dbg     624.9 ms] [attg] reduce
[dbg     625.6 ms] [attg] final
[dbg     625.6 ms] [attg] pack
[dbg     626.8 ms] [attg] d2h
[dbg     627.4 ms] [attc] start
[dbg     628.0 ms] [attc] csc
[dbg     628.1 ms] [attc] h2d
[dbg     628.4 ms] [attc] count
[dbg     628.8 ms] [attc] scan
[dbg     629.0 ms] [attc] expand
[dbg     630.1 ms] [attc] compact
[dbg     630.5 ms] [attc] sort
[dbg     630.7 ms] [attc] reduce
[dbg     631.1 ms] [attc] final
[dbg     631.1 ms] [attc] pack
[dbg     632.2 ms] [attc] d2h
[dbg     632.7 ms] [atti] start
[dbg     633.1 ms] [atti] csc
[dbg     633.1 ms] [atti] h2d
[dbg     633.1 ms] [atti] count
[dbg     633.3 ms] [atti] scan
[dbg     633.3 ms] [atti] expand
[dbg     633.9 ms] [atti] compact
[dbg     634.3 ms] [atti] sort
[dbg     634.5 ms] [atti] reduce
[dbg     634.9 ms] [atti] final
[dbg     634.9 ms] [atti] symbolic
[dbg     635.0 ms] [atti] numeric
[dbg     635.0 ms] [atti] pack
[dbg     635.9 ms] [atti] d2h
[dbg     636.4 ms] [cut] start
[dbg     636.5 ms] [cut] h2d
[dbg     636.7 ms] [cut] transpose
[dbg     636.7 ms] cusparse: workEstimation begin
[dbg     636.7 ms] [cut] workest (buf1=53335 B)
[dbg     636.7 ms] cusparse: compute begin
[dbg     637.0 ms] [cut] compute (buf2=6910935 B)
[dbg     637.0 ms] cusparse: C size = 66 x 66, nnz=4356
[dbg     637.0 ms] cusparse: copy begin
[dbg     637.1 ms] [cut] copy
[dbg     637.1 ms] [cut] pack
[dbg     638.1 ms] [cut] d2h
[dbg     638.5 ms] [atto] start
[dbg     638.7 ms] [atto] csc
[dbg     638.8 ms] [atto] h2d
[dbg     638.8 ms] [atto] count
[dbg     638.8 ms] [atto] scan
[dbg     638.8 ms] [atto] expand
[dbg     639.1 ms] [atto] sort
[dbg     639.3 ms] [atto] reduce
[dbg     639.4 ms] [atto] final
[dbg     639.4 ms] [atto] pack
[dbg     640.3 ms] [atto] d2h
[dbg     640.7 ms] [attg] start
[dbg     640.9 ms] [attg] csc
[dbg     640.9 ms] [attg] h2d
[dbg     640.9 ms] [attg] count
[dbg     641.1 ms] [attg] scan
[dbg     641.1 ms] [attg] expand
[dbg     641.4 ms] [attg] compact
[dbg     641.6 ms] [attg] sort
[dbg     641.7 ms] [attg] reduce
[dbg     641.8 ms] [attg] final
[dbg     641.9 ms] [attg] pack
[dbg     642.7 ms] [attg] d2h
[dbg     643.2 ms] [attc] start
[dbg     643.5 ms] [attc] csc
[dbg     643.5 ms] [attc] h2d
[dbg     643.5 ms] [attc] count
[dbg     643.7 ms] [attc] scan
[dbg     643.7 ms] [attc] expand
[dbg     643.9 ms] [attc] compact
[dbg     644.2 ms] [attc] sort
[dbg     644.3 ms] [attc] reduce
[dbg     644.4 ms] [attc] final
[dbg     644.4 ms] [attc] pack
[dbg     645.3 ms] [attc] d2h
[dbg     645.8 ms] [atti] start
[dbg     646.0 ms] [atti] csc
[dbg     646.0 ms] [atti] h2d
[dbg     646.0 ms] [atti] count
[dbg     646.1 ms] [atti] scan
[dbg     646.2 ms] [atti] expand
[dbg     646.4 ms] [atti] compact
[dbg     646.7 ms] [atti] sort
[dbg     646.8 ms] [atti] reduce
[dbg     646.9 ms] [atti] final
[dbg     646.9 ms] [atti] symbolic
[dbg     646.9 ms] [atti] numeric
[dbg     647.0 ms] [atti] pack
[dbg     647.8 ms] [atti] d2h
Reading matrix from ./data/first100/bcsstk02.mtx...
Input A: 66 x 66, nnz = 4356, sparsity = 0.00%
===============WARMING UP (att)===============
=== Computing C = A x A^T (cuSPARSE) ===
Result C (A·Aᵀ 全量): 66 x 66, nnz = 4356
Time: 1.813 ms

=== Computing C = A x A^T upper (outer) ===
Result C (A·Aᵀ 上三角): 66 x 66, nnz = 2211
Time: 1.891 ms

=== Computing C = A x A^T upper (Gustavson) ===
Result C (A·Aᵀ 上三角): 66 x 66, nnz = 2211
Time: 2.246 ms

=== Computing C = A x A^T upper (colwise) ===
Result C (A·Aᵀ 上三角): 66 x 66, nnz = 2211
Time: 2.260 ms

=== Computing C = A x A^T upper (inner) ===
Result C (A·Aᵀ 上三角): 66 x 66, nnz = 2211
Time: 2.229 ms

=== All att tests completed ===
Processing bcsstk03 (att) ... (max 600s)
[dbg       0.0 ms] main entry, initializing CUDA context...
[dbg     604.1 ms] CUDA context ready
[dbg     604.3 ms] start read_matrix_market: ./data/first100/bcsstk03.mtx
[dbg     604.4 ms] read done: 112 x 112, nnz=640
[dbg     604.4 ms] [cut] start
[dbg     613.8 ms] [cut] h2d
[dbg     634.6 ms] [cut] transpose
[dbg     634.7 ms] cusparse: workEstimation begin
[dbg     638.5 ms] [cut] workest (buf1=8743 B)
[dbg     638.5 ms] cusparse: compute begin
[dbg     639.3 ms] [cut] compute (buf2=93847 B)
[dbg     639.3 ms] cusparse: C size = 112 x 112, nnz=1072
[dbg     639.3 ms] cusparse: copy begin
[dbg     639.4 ms] [cut] copy
[dbg     639.4 ms] [cut] pack
[dbg     640.9 ms] [cut] d2h
[dbg     641.4 ms] [atto] start
[dbg     643.5 ms] [atto] csc
[dbg     643.5 ms] [atto] h2d
[dbg     643.5 ms] [atto] count
[dbg     643.6 ms] [atto] scan
[dbg     643.6 ms] [atto] expand
[dbg     643.7 ms] [atto] sort
[dbg     643.9 ms] [atto] reduce
[dbg     644.0 ms] [atto] final
[dbg     644.0 ms] [atto] pack
[dbg     645.5 ms] [atto] d2h
[dbg     646.0 ms] [attg] start
[dbg     646.6 ms] [attg] csc
[dbg     646.7 ms] [attg] h2d
[dbg     647.1 ms] [attg] count
[dbg     647.1 ms] [attg] scan
[dbg     647.1 ms] [attg] expand
[dbg     648.1 ms] [attg] compact
[dbg     648.7 ms] [attg] sort
[dbg     648.8 ms] [attg] reduce
[dbg     648.8 ms] [attg] final
[dbg     648.8 ms] [attg] pack
[dbg     649.9 ms] [attg] d2h
[dbg     650.4 ms] [attc] start
[dbg     650.7 ms] [attc] csc
[dbg     650.7 ms] [attc] h2d
[dbg     650.8 ms] [attc] count
[dbg     650.8 ms] [attc] scan
[dbg     650.9 ms] [attc] expand
[dbg     650.9 ms] [attc] compact
[dbg     651.0 ms] [attc] sort
[dbg     651.0 ms] [attc] reduce
[dbg     651.1 ms] [attc] final
[dbg     651.1 ms] [attc] pack
[dbg     652.0 ms] [attc] d2h
[dbg     652.4 ms] [atti] start
[dbg     653.1 ms] [atti] csc
[dbg     653.2 ms] [atti] h2d
[dbg     653.2 ms] [atti] count
[dbg     653.2 ms] [atti] scan
[dbg     653.2 ms] [atti] expand
[dbg     654.2 ms] [atti] compact
[dbg     654.5 ms] [atti] sort
[dbg     654.5 ms] [atti] reduce
[dbg     654.6 ms] [atti] final
[dbg     654.6 ms] [atti] symbolic
[dbg     654.6 ms] [atti] numeric
[dbg     654.6 ms] [atti] pack
[dbg     655.5 ms] [atti] d2h
[dbg     656.1 ms] [cut] start
[dbg     656.2 ms] [cut] h2d
[dbg     656.7 ms] [cut] transpose
[dbg     657.0 ms] cusparse: workEstimation begin
[dbg     657.1 ms] [cut] workest (buf1=8743 B)
[dbg     657.1 ms] cusparse: compute begin
[dbg     658.2 ms] [cut] compute (buf2=93847 B)
[dbg     658.2 ms] cusparse: C size = 112 x 112, nnz=1072
[dbg     658.2 ms] cusparse: copy begin
[dbg     658.6 ms] [cut] copy
[dbg     658.6 ms] [cut] pack
[dbg     659.8 ms] [cut] d2h
[dbg     660.3 ms] [atto] start
[dbg     660.9 ms] [atto] csc
[dbg     660.9 ms] [atto] h2d
[dbg     661.2 ms] [atto] count
[dbg     661.6 ms] [atto] scan
[dbg     661.8 ms] [atto] expand
[dbg     661.9 ms] [atto] sort
[dbg     662.2 ms] [atto] reduce
[dbg     662.6 ms] [atto] final
[dbg     662.7 ms] [atto] pack
[dbg     663.5 ms] [atto] d2h
[dbg     663.9 ms] [attg] start
[dbg     664.3 ms] [attg] csc
[dbg     664.4 ms] [attg] h2d
[dbg     664.4 ms] [attg] count
[dbg     664.4 ms] [attg] scan
[dbg     664.4 ms] [attg] expand
[dbg     664.5 ms] [attg] compact
[dbg     664.6 ms] [attg] sort
[dbg     664.6 ms] [attg] reduce
[dbg     664.6 ms] [attg] final
[dbg     664.7 ms] [attg] pack
[dbg     665.5 ms] [attg] d2h
[dbg     666.0 ms] [attc] start
[dbg     666.6 ms] [attc] csc
[dbg     666.6 ms] [attc] h2d
[dbg     666.9 ms] [attc] count
[dbg     667.2 ms] [attc] scan
[dbg     667.2 ms] [attc] expand
[dbg     667.3 ms] [attc] compact
[dbg     667.4 ms] [attc] sort
[dbg     667.4 ms] [attc] reduce
[dbg     667.4 ms] [attc] final
[dbg     667.5 ms] [attc] pack
[dbg     668.3 ms] [attc] d2h
[dbg     668.7 ms] [atti] start
[dbg     669.5 ms] [atti] csc
[dbg     669.5 ms] [atti] h2d
[dbg     669.5 ms] [atti] count
[dbg     669.5 ms] [atti] scan
[dbg     669.8 ms] [atti] expand
[dbg     670.8 ms] [atti] compact
[dbg     670.8 ms] [atti] sort
[dbg     670.8 ms] [atti] reduce
[dbg     670.9 ms] [atti] final
[dbg     670.9 ms] [atti] symbolic
[dbg     670.9 ms] [atti] numeric
[dbg     670.9 ms] [atti] pack
[dbg     671.8 ms] [atti] d2h
Reading matrix from ./data/first100/bcsstk03.mtx...
Input A: 112 x 112, nnz = 640, sparsity = 94.90%
===============WARMING UP (att)===============
=== Computing C = A x A^T (cuSPARSE) ===
Result C (A·Aᵀ 全量): 112 x 112, nnz = 1072
Time: 3.850 ms

=== Computing C = A x A^T upper (outer) ===
Result C (A·Aᵀ 上三角): 112 x 112, nnz = 592
Time: 3.326 ms

=== Computing C = A x A^T upper (Gustavson) ===
Result C (A·Aᵀ 上三角): 112 x 112, nnz = 592
Time: 1.739 ms

=== Computing C = A x A^T upper (colwise) ===
Result C (A·Aᵀ 上三角): 112 x 112, nnz = 592
Time: 2.449 ms

=== Computing C = A x A^T upper (inner) ===
Result C (A·Aᵀ 上三角): 112 x 112, nnz = 592
Time: 3.242 ms

=== All att tests completed ===
Processing bcsstk04 (att) ... (max 600s)
[dbg       0.0 ms] main entry, initializing CUDA context...
[dbg     707.5 ms] CUDA context ready
[dbg     707.6 ms] start read_matrix_market: ./data/first100/bcsstk04.mtx
[dbg     708.2 ms] read done: 132 x 132, nnz=3648
[dbg     708.3 ms] [cut] start
[dbg     718.1 ms] [cut] h2d
[dbg     741.3 ms] [cut] transpose
[dbg     741.6 ms] cusparse: workEstimation begin
[dbg     746.2 ms] [cut] workest (buf1=44839 B)
[dbg     746.2 ms] cusparse: compute begin
[dbg     748.4 ms] [cut] compute (buf2=2793175 B)
[dbg     748.4 ms] cusparse: C size = 132 x 132, nnz=11968
[dbg     748.5 ms] cusparse: copy begin
[dbg     748.8 ms] [cut] copy
[dbg     748.8 ms] [cut] pack
[dbg     750.7 ms] [cut] d2h
[dbg     751.3 ms] [atto] start
[dbg     754.0 ms] [atto] csc
[dbg     754.0 ms] [atto] h2d
[dbg     754.4 ms] [atto] count
[dbg     754.7 ms] [atto] scan
[dbg     755.0 ms] [atto] expand
[dbg     755.4 ms] [atto] sort
[dbg     755.7 ms] [atto] reduce
[dbg     755.8 ms] [atto] final
[dbg     755.8 ms] [atto] pack
[dbg     757.2 ms] [atto] d2h
[dbg     757.6 ms] [attg] start
[dbg     757.9 ms] [attg] csc
[dbg     757.9 ms] [attg] h2d
[dbg     758.0 ms] [attg] count
[dbg     758.0 ms] [attg] scan
[dbg     758.1 ms] [attg] expand
[dbg     758.4 ms] [attg] compact
[dbg     758.6 ms] [attg] sort
[dbg     758.9 ms] [attg] reduce
[dbg     759.3 ms] [attg] final
[dbg     759.3 ms] [attg] pack
[dbg     760.3 ms] [attg] d2h
[dbg     760.7 ms] [attc] start
[dbg     761.0 ms] [attc] csc
[dbg     761.0 ms] [attc] h2d
[dbg     761.0 ms] [attc] count
[dbg     761.1 ms] [attc] scan
[dbg     761.1 ms] [attc] expand
[dbg     761.6 ms] [attc] compact
[dbg     762.0 ms] [attc] sort
[dbg     762.3 ms] [attc] reduce
[dbg     762.9 ms] [attc] final
[dbg     763.0 ms] [attc] pack
[dbg     764.2 ms] [attc] d2h
[dbg     764.7 ms] [atti] start
[dbg     765.1 ms] [atti] csc
[dbg     765.2 ms] [atti] h2d
[dbg     765.2 ms] [atti] count
[dbg     765.2 ms] [atti] scan
[dbg     765.2 ms] [atti] expand
[dbg     766.0 ms] [atti] compact
[dbg     766.3 ms] [atti] sort
[dbg     766.6 ms] [atti] reduce
[dbg     767.3 ms] [atti] final
[dbg     767.3 ms] [atti] symbolic
[dbg     767.6 ms] [atti] numeric
[dbg     767.6 ms] [atti] pack
[dbg     768.6 ms] [atti] d2h
[dbg     769.1 ms] [cut] start
[dbg     769.3 ms] [cut] h2d
[dbg     769.5 ms] [cut] transpose
[dbg     769.6 ms] cusparse: workEstimation begin
[dbg     769.6 ms] [cut] workest (buf1=44839 B)
[dbg     769.6 ms] cusparse: compute begin
[dbg     771.7 ms] [cut] compute (buf2=2793175 B)
[dbg     771.7 ms] cusparse: C size = 132 x 132, nnz=11968
[dbg     771.7 ms] cusparse: copy begin
[dbg     772.0 ms] [cut] copy
[dbg     772.0 ms] [cut] pack
[dbg     773.6 ms] [cut] d2h
[dbg     774.0 ms] [atto] start
[dbg     774.3 ms] [atto] csc
[dbg     774.3 ms] [atto] h2d
[dbg     774.3 ms] [atto] count
[dbg     774.4 ms] [atto] scan
[dbg     774.4 ms] [atto] expand
[dbg     774.5 ms] [atto] sort
[dbg     774.5 ms] [atto] reduce
[dbg     774.6 ms] [atto] final
[dbg     774.6 ms] [atto] pack
[dbg     775.6 ms] [atto] d2h
[dbg     776.0 ms] [attg] start
[dbg     776.3 ms] [attg] csc
[dbg     776.3 ms] [attg] h2d
[dbg     776.3 ms] [attg] count
[dbg     776.4 ms] [attg] scan
[dbg     776.4 ms] [attg] expand
[dbg     776.8 ms] [attg] compact
[dbg     777.2 ms] [attg] sort
[dbg     777.6 ms] [attg] reduce
[dbg     778.2 ms] [attg] final
[dbg     778.2 ms] [attg] pack
[dbg     779.1 ms] [attg] d2h
[dbg     779.5 ms] [attc] start
[dbg     779.9 ms] [attc] csc
[dbg     779.9 ms] [attc] h2d
[dbg     779.9 ms] [attc] count
[dbg     780.0 ms] [attc] scan
[dbg     780.0 ms] [attc] expand
[dbg     780.3 ms] [attc] compact
[dbg     780.5 ms] [attc] sort
[dbg     780.6 ms] [attc] reduce
[dbg     780.7 ms] [attc] final
[dbg     780.7 ms] [attc] pack
[dbg     781.6 ms] [attc] d2h
[dbg     782.0 ms] [atti] start
[dbg     782.2 ms] [atti] csc
[dbg     782.3 ms] [atti] h2d
[dbg     782.3 ms] [atti] count
[dbg     782.3 ms] [atti] scan
[dbg     782.3 ms] [atti] expand
[dbg     782.6 ms] [atti] compact
[dbg     782.8 ms] [atti] sort
[dbg     782.9 ms] [atti] reduce
[dbg     783.0 ms] [atti] final
[dbg     783.0 ms] [atti] symbolic
[dbg     783.1 ms] [atti] numeric
[dbg     783.1 ms] [atti] pack
[dbg     783.9 ms] [atti] d2h
Reading matrix from ./data/first100/bcsstk04.mtx...
Input A: 132 x 132, nnz = 3648, sparsity = 79.06%
===============WARMING UP (att)===============
=== Computing C = A x A^T (cuSPARSE) ===
Result C (A·Aᵀ 全量): 132 x 132, nnz = 11968
Time: 4.592 ms

=== Computing C = A x A^T upper (outer) ===
Result C (A·Aᵀ 上三角): 132 x 132, nnz = 6050
Time: 1.753 ms

=== Computing C = A x A^T upper (Gustavson) ===
Result C (A·Aᵀ 上三角): 132 x 132, nnz = 6050
Time: 3.185 ms

=== Computing C = A x A^T upper (colwise) ===
Result C (A·Aᵀ 上三角): 132 x 132, nnz = 6050
Time: 2.294 ms

=== Computing C = A x A^T upper (inner) ===
Result C (A·Aᵀ 上三角): 132 x 132, nnz = 6050
Time: 1.994 ms

=== All att tests completed ===
Processing bcsstk05 (att) ... (max 600s)
[dbg       0.0 ms] main entry, initializing CUDA context...
[dbg     584.9 ms] CUDA context ready
[dbg     585.1 ms] start read_matrix_market: ./data/first100/bcsstk05.mtx
[dbg     585.5 ms] read done: 153 x 153, nnz=2423
[dbg     585.5 ms] [cut] start
[dbg     595.0 ms] [cut] h2d
[dbg     617.9 ms] [cut] transpose
[dbg     618.2 ms] cusparse: workEstimation begin
[dbg     622.8 ms] [cut] workest (buf1=30139 B)
[dbg     622.8 ms] cusparse: compute begin
[dbg     624.5 ms] [cut] compute (buf2=1022815 B)
[dbg     624.6 ms] cusparse: C size = 153 x 153, nnz=7245
[dbg     624.6 ms] cusparse: copy begin
[dbg     624.9 ms] [cut] copy
[dbg     624.9 ms] [cut] pack
[dbg     626.6 ms] [cut] d2h
[dbg     627.3 ms] [atto] start
[dbg     629.7 ms] [atto] csc
[dbg     629.8 ms] [atto] h2d
[dbg     629.8 ms] [atto] count
[dbg     629.8 ms] [atto] scan
[dbg     629.9 ms] [atto] expand
[dbg     630.1 ms] [atto] sort
[dbg     630.5 ms] [atto] reduce
[dbg     631.1 ms] [atto] final
[dbg     631.1 ms] [atto] pack
[dbg     632.6 ms] [atto] d2h
[dbg     633.2 ms] [attg] start
[dbg     633.9 ms] [attg] csc
[dbg     633.9 ms] [attg] h2d
[dbg     634.2 ms] [attg] count
[dbg     634.2 ms] [attg] scan
[dbg     634.3 ms] [attg] expand
[dbg     634.4 ms] [attg] compact
[dbg     634.5 ms] [attg] sort
[dbg     634.6 ms] [attg] reduce
[dbg     634.6 ms] [attg] final
[dbg     634.7 ms] [attg] pack
[dbg     635.6 ms] [attg] d2h
[dbg     636.1 ms] [attc] start
[dbg     636.3 ms] [attc] csc
[dbg     636.3 ms] [attc] h2d
[dbg     636.3 ms] [attc] count
[dbg     636.4 ms] [attc] scan
[dbg     636.4 ms] [attc] expand
[dbg     636.5 ms] [attc] compact
[dbg     636.6 ms] [attc] sort
[dbg     636.6 ms] [attc] reduce
[dbg     636.7 ms] [attc] final
[dbg     636.7 ms] [attc] pack
[dbg     637.6 ms] [attc] d2h
[dbg     638.2 ms] [atti] start
[dbg     638.4 ms] [atti] csc
[dbg     638.4 ms] [atti] h2d
[dbg     638.4 ms] [atti] count
[dbg     638.5 ms] [atti] scan
[dbg     638.5 ms] [atti] expand
[dbg     638.6 ms] [atti] compact
[dbg     638.7 ms] [atti] sort
[dbg     638.7 ms] [atti] reduce
[dbg     638.8 ms] [atti] final
[dbg     638.8 ms] [atti] symbolic
[dbg     638.8 ms] [atti] numeric
[dbg     638.9 ms] [atti] pack
[dbg     639.7 ms] [atti] d2h
[dbg     640.1 ms] [cut] start
[dbg     640.2 ms] [cut] h2d
[dbg     640.8 ms] [cut] transpose
[dbg     640.9 ms] cusparse: workEstimation begin
[dbg     640.9 ms] [cut] workest (buf1=30139 B)
[dbg     640.9 ms] cusparse: compute begin
[dbg     641.6 ms] [cut] compute (buf2=1022815 B)
[dbg     641.6 ms] cusparse: C size = 153 x 153, nnz=7245
[dbg     641.7 ms] cusparse: copy begin
[dbg     642.0 ms] [cut] copy
[dbg     642.0 ms] [cut] pack
[dbg     643.1 ms] [cut] d2h
[dbg     643.5 ms] [atto] start
[dbg     643.7 ms] [atto] csc
[dbg     643.7 ms] [atto] h2d
[dbg     643.7 ms] [atto] count
[dbg     643.7 ms] [atto] scan
[dbg     643.8 ms] [atto] expand
[dbg     643.9 ms] [atto] sort
[dbg     644.0 ms] [atto] reduce
[dbg     644.0 ms] [atto] final
[dbg     644.0 ms] [atto] pack
[dbg     644.9 ms] [atto] d2h
[dbg     645.4 ms] [attg] start
[dbg     645.6 ms] [attg] csc
[dbg     645.6 ms] [attg] h2d
[dbg     645.6 ms] [attg] count
[dbg     645.7 ms] [attg] scan
[dbg     645.7 ms] [attg] expand
[dbg     645.8 ms] [attg] compact
[dbg     645.9 ms] [attg] sort
[dbg     646.2 ms] [attg] reduce
[dbg     646.8 ms] [attg] final
[dbg     646.8 ms] [attg] pack
[dbg     647.6 ms] [attg] d2h
[dbg     648.1 ms] [attc] start
[dbg     648.8 ms] [attc] csc
[dbg     648.8 ms] [attc] h2d
[dbg     648.8 ms] [attc] count
[dbg     649.1 ms] [attc] scan
[dbg     649.4 ms] [attc] expand
[dbg     649.8 ms] [attc] compact
[dbg     649.9 ms] [attc] sort
[dbg     649.9 ms] [attc] reduce
[dbg     650.0 ms] [attc] final
[dbg     650.0 ms] [attc] pack
[dbg     650.8 ms] [attc] d2h
[dbg     651.3 ms] [atti] start
[dbg     651.5 ms] [atti] csc
[dbg     651.6 ms] [atti] h2d
[dbg     651.6 ms] [atti] count
[dbg     651.6 ms] [atti] scan
[dbg     651.6 ms] [atti] expand
[dbg     651.7 ms] [atti] compact
[dbg     651.8 ms] [atti] sort
[dbg     651.9 ms] [atti] reduce
[dbg     651.9 ms] [atti] final
[dbg     651.9 ms] [atti] symbolic
[dbg     652.0 ms] [atti] numeric
[dbg     652.0 ms] [atti] pack
[dbg     652.8 ms] [atti] d2h
Reading matrix from ./data/first100/bcsstk05.mtx...
Input A: 153 x 153, nnz = 2423, sparsity = 89.65%
===============WARMING UP (att)===============
=== Computing C = A x A^T (cuSPARSE) ===
Result C (A·Aᵀ 全量): 153 x 153, nnz = 7245
Time: 3.138 ms

=== Computing C = A x A^T upper (outer) ===
Result C (A·Aᵀ 上三角): 153 x 153, nnz = 3699
Time: 1.668 ms

=== Computing C = A x A^T upper (Gustavson) ===
Result C (A·Aᵀ 上三角): 153 x 153, nnz = 3699
Time: 2.356 ms

=== Computing C = A x A^T upper (colwise) ===
Result C (A·Aᵀ 上三角): 153 x 153, nnz = 3699
Time: 2.852 ms

=== Computing C = A x A^T upper (inner) ===
Result C (A·Aᵀ 上三角): 153 x 153, nnz = 3699
Time: 1.756 ms

=== All att tests completed ===
Processing bcsstk06 (att) ... (max 600s)
[dbg       0.0 ms] main entry, initializing CUDA context...
[dbg     706.3 ms] CUDA context ready
[dbg     706.5 ms] start read_matrix_market: ./data/first100/bcsstk06.mtx
[dbg     707.9 ms] read done: 420 x 420, nnz=7860
[dbg     707.9 ms] [cut] start
[dbg     718.1 ms] [cut] h2d
[dbg     745.5 ms] [cut] transpose
[dbg     745.6 ms] cusparse: workEstimation begin
[dbg     749.9 ms] [cut] workest (buf1=95383 B)
[dbg     750.0 ms] cusparse: compute begin
[dbg     751.2 ms] [cut] compute (buf2=3960119 B)
[dbg     751.2 ms] cusparse: C size = 420 x 420, nnz=23660
[dbg     751.2 ms] cusparse: copy begin
[dbg     751.3 ms] [cut] copy
[dbg     751.3 ms] [cut] pack
[dbg     752.9 ms] [cut] d2h
[dbg     753.4 ms] [atto] start
[dbg     756.2 ms] [atto] csc
[dbg     756.2 ms] [atto] h2d
[dbg     756.5 ms] [atto] count
[dbg     756.8 ms] [atto] scan
[dbg     756.8 ms] [atto] expand
[dbg     757.3 ms] [atto] sort
[dbg     757.8 ms] [atto] reduce
[dbg     758.0 ms] [atto] final
[dbg     758.0 ms] [atto] pack
[dbg     759.5 ms] [atto] d2h
[dbg     759.9 ms] [attg] start
[dbg     760.6 ms] [attg] csc
[dbg     760.6 ms] [attg] h2d
[dbg     760.9 ms] [attg] count
[dbg     761.5 ms] [attg] scan
[dbg     761.7 ms] [attg] expand
[dbg     761.9 ms] [attg] compact
[dbg     762.0 ms] [attg] sort
[dbg     762.1 ms] [attg] reduce
[dbg     762.1 ms] [attg] final
[dbg     762.2 ms] [attg] pack
[dbg     763.4 ms] [attg] d2h
[dbg     763.9 ms] [attc] start
[dbg     764.2 ms] [attc] csc
[dbg     764.3 ms] [attc] h2d
[dbg     764.3 ms] [attc] count
[dbg     764.6 ms] [attc] scan
[dbg     764.6 ms] [attc] expand
[dbg     764.7 ms] [attc] compact
[dbg     764.8 ms] [attc] sort
[dbg     764.9 ms] [attc] reduce
[dbg     764.9 ms] [attc] final
[dbg     765.0 ms] [attc] pack
[dbg     766.0 ms] [attc] d2h
[dbg     766.5 ms] [atti] start
[dbg     766.9 ms] [atti] csc
[dbg     766.9 ms] [atti] h2d
[dbg     766.9 ms] [atti] count
[dbg     767.1 ms] [atti] scan
[dbg     767.1 ms] [atti] expand
[dbg     767.7 ms] [atti] compact
[dbg     768.1 ms] [atti] sort
[dbg     768.5 ms] [atti] reduce
[dbg     769.1 ms] [atti] final
[dbg     769.1 ms] [atti] symbolic
[dbg     769.4 ms] [atti] numeric
[dbg     769.4 ms] [atti] pack
[dbg     770.5 ms] [atti] d2h
[dbg     771.0 ms] [cut] start
[dbg     771.1 ms] [cut] h2d
[dbg     771.6 ms] [cut] transpose
[dbg     771.9 ms] cusparse: workEstimation begin
[dbg     772.2 ms] [cut] workest (buf1=95383 B)
[dbg     772.2 ms] cusparse: compute begin
[dbg     773.8 ms] [cut] compute (buf2=3960119 B)
[dbg     773.9 ms] cusparse: C size = 420 x 420, nnz=23660
[dbg     773.9 ms] cusparse: copy begin
[dbg     773.9 ms] [cut] copy
[dbg     773.9 ms] [cut] pack
[dbg     775.0 ms] [cut] d2h
[dbg     775.4 ms] [atto] start
[dbg     776.0 ms] [atto] csc
[dbg     776.0 ms] [atto] h2d
[dbg     776.3 ms] [atto] count
[dbg     776.4 ms] [atto] scan
[dbg     776.4 ms] [atto] expand
[dbg     776.7 ms] [atto] sort
[dbg     776.9 ms] [atto] reduce
[dbg     777.1 ms] [atto] final
[dbg     777.1 ms] [atto] pack
[dbg     778.1 ms] [atto] d2h
[dbg     778.5 ms] [attg] start
[dbg     778.9 ms] [attg] csc
[dbg     778.9 ms] [attg] h2d
[dbg     778.9 ms] [attg] count
[dbg     779.1 ms] [attg] scan
[dbg     779.1 ms] [attg] expand
[dbg     779.2 ms] [attg] compact
[dbg     779.3 ms] [attg] sort
[dbg     779.4 ms] [attg] reduce
[dbg     779.4 ms] [attg] final
[dbg     779.5 ms] [attg] pack
[dbg     780.4 ms] [attg] d2h
[dbg     780.9 ms] [attc] start
[dbg     781.1 ms] [attc] csc
[dbg     781.1 ms] [attc] h2d
[dbg     781.2 ms] [attc] count
[dbg     781.3 ms] [attc] scan
[dbg     781.4 ms] [attc] expand
[dbg     781.5 ms] [attc] compact
[dbg     781.6 ms] [attc] sort
[dbg     781.6 ms] [attc] reduce
[dbg     781.7 ms] [attc] final
[dbg     781.7 ms] [attc] pack
[dbg     782.6 ms] [attc] d2h
[dbg     783.1 ms] [atti] start
[dbg     783.3 ms] [atti] csc
[dbg     783.3 ms] [atti] h2d
[dbg     783.3 ms] [atti] count
[dbg     783.5 ms] [atti] scan
[dbg     783.5 ms] [atti] expand
[dbg     783.6 ms] [atti] compact
[dbg     783.7 ms] [atti] sort
[dbg     783.8 ms] [atti] reduce
[dbg     783.8 ms] [atti] final
[dbg     783.8 ms] [atti] symbolic
[dbg     783.8 ms] [atti] numeric
[dbg     783.9 ms] [atti] pack
[dbg     784.8 ms] [atti] d2h
Reading matrix from ./data/first100/bcsstk06.mtx...
Input A: 420 x 420, nnz = 7860, sparsity = 95.54%
===============WARMING UP (att)===============
=== Computing C = A x A^T (cuSPARSE) ===
Result C (A·Aᵀ 全量): 420 x 420, nnz = 23660
Time: 4.172 ms

=== Computing C = A x A^T upper (outer) ===
Result C (A·Aᵀ 上三角): 420 x 420, nnz = 12040
Time: 2.793 ms

=== Computing C = A x A^T upper (Gustavson) ===
Result C (A·Aᵀ 上三角): 420 x 420, nnz = 12040
Time: 2.130 ms

=== Computing C = A x A^T upper (colwise) ===
Result C (A·Aᵀ 上三角): 420 x 420, nnz = 12040
Time: 1.908 ms

=== Computing C = A x A^T upper (inner) ===
Result C (A·Aᵀ 上三角): 420 x 420, nnz = 12040
Time: 1.916 ms

=== All att tests completed ===
Processing bcsstk07 (att) ... (max 600s)
[dbg       0.0 ms] main entry, initializing CUDA context...
[dbg     571.7 ms] CUDA context ready
[dbg     571.8 ms] start read_matrix_market: ./data/first100/bcsstk07.mtx
[dbg     573.1 ms] read done: 420 x 420, nnz=7860
[dbg     573.1 ms] [cut] start
[dbg     581.3 ms] [cut] h2d
[dbg     598.0 ms] [cut] transpose
[dbg     598.1 ms] cusparse: workEstimation begin
[dbg     601.5 ms] [cut] workest (buf1=95383 B)
[dbg     601.5 ms] cusparse: compute begin
[dbg     602.7 ms] [cut] compute (buf2=3960119 B)
[dbg     602.8 ms] cusparse: C size = 420 x 420, nnz=23660
[dbg     602.8 ms] cusparse: copy begin
[dbg     603.1 ms] [cut] copy
[dbg     603.1 ms] [cut] pack
[dbg     604.6 ms] [cut] d2h
[dbg     605.0 ms] [atto] start
[dbg     606.8 ms] [atto] csc
[dbg     606.8 ms] [atto] h2d
[dbg     607.1 ms] [atto] count
[dbg     607.5 ms] [atto] scan
[dbg     607.7 ms] [atto] expand
[dbg     608.3 ms] [atto] sort
[dbg     608.5 ms] [atto] reduce
[dbg     609.2 ms] [atto] final
[dbg     609.2 ms] [atto] pack
[dbg     610.3 ms] [atto] d2h
[dbg     610.7 ms] [attg] start
[dbg     611.0 ms] [attg] csc
[dbg     611.0 ms] [attg] h2d
[dbg     611.0 ms] [attg] count
[dbg     611.3 ms] [attg] scan
[dbg     611.6 ms] [attg] expand
[dbg     612.5 ms] [attg] compact
[dbg     612.9 ms] [attg] sort
[dbg     613.3 ms] [attg] reduce
[dbg     613.9 ms] [attg] final
[dbg     613.9 ms] [attg] pack
[dbg     615.0 ms] [attg] d2h
[dbg     615.5 ms] [attc] start
[dbg     616.1 ms] [attc] csc
[dbg     616.1 ms] [attc] h2d
[dbg     616.4 ms] [attc] count
[dbg     616.8 ms] [attc] scan
[dbg     617.0 ms] [attc] expand
[dbg     618.0 ms] [attc] compact
[dbg     618.4 ms] [attc] sort
[dbg     618.7 ms] [attc] reduce
[dbg     619.3 ms] [attc] final
[dbg     619.3 ms] [attc] pack
[dbg     620.2 ms] [attc] d2h
[dbg     620.6 ms] [atti] start
[dbg     621.2 ms] [atti] csc
[dbg     621.2 ms] [atti] h2d
[dbg     621.5 ms] [atti] count
[dbg     621.9 ms] [atti] scan
[dbg     622.1 ms] [atti] expand
[dbg     622.2 ms] [atti] compact
[dbg     622.3 ms] [atti] sort
[dbg     622.4 ms] [atti] reduce
[dbg     622.4 ms] [atti] final
[dbg     622.4 ms] [atti] symbolic
[dbg     622.4 ms] [atti] numeric
[dbg     622.5 ms] [atti] pack
[dbg     623.3 ms] [atti] d2h
[dbg     623.8 ms] [cut] start
[dbg     624.0 ms] [cut] h2d
[dbg     624.5 ms] [cut] transpose
[dbg     624.8 ms] cusparse: workEstimation begin
[dbg     624.8 ms] [cut] workest (buf1=95383 B)
[dbg     624.8 ms] cusparse: compute begin
[dbg     625.1 ms] [cut] compute (buf2=3960119 B)
[dbg     625.1 ms] cusparse: C size = 420 x 420, nnz=23660
[dbg     625.1 ms] cusparse: copy begin
[dbg     625.2 ms] [cut] copy
[dbg     625.2 ms] [cut] pack
[dbg     626.2 ms] [cut] d2h
[dbg     626.6 ms] [atto] start
[dbg     627.2 ms] [atto] csc
[dbg     627.2 ms] [atto] h2d
[dbg     627.5 ms] [atto] count
[dbg     627.6 ms] [atto] scan
[dbg     627.6 ms] [atto] expand
[dbg     628.1 ms] [atto] sort
[dbg     628.2 ms] [atto] reduce
[dbg     628.4 ms] [atto] final
[dbg     628.4 ms] [atto] pack
[dbg     629.3 ms] [atto] d2h
[dbg     629.8 ms] [attg] start
[dbg     630.1 ms] [attg] csc
[dbg     630.1 ms] [attg] h2d
[dbg     630.1 ms] [attg] count
[dbg     630.3 ms] [attg] scan
[dbg     630.4 ms] [attg] expand
[dbg     630.4 ms] [attg] compact
[dbg     630.6 ms] [attg] sort
[dbg     630.6 ms] [attg] reduce
[dbg     630.7 ms] [attg] final
[dbg     630.7 ms] [attg] pack
[dbg     631.5 ms] [attg] d2h
[dbg     632.0 ms] [attc] start
[dbg     632.2 ms] [attc] csc
[dbg     632.2 ms] [attc] h2d
[dbg     632.2 ms] [attc] count
[dbg     632.4 ms] [attc] scan
[dbg     632.4 ms] [attc] expand
[dbg     632.5 ms] [attc] compact
[dbg     632.6 ms] [attc] sort
[dbg     632.7 ms] [attc] reduce
[dbg     632.7 ms] [attc] final
[dbg     632.8 ms] [attc] pack
[dbg     633.5 ms] [attc] d2h
[dbg     634.1 ms] [atti] start
[dbg     634.3 ms] [atti] csc
[dbg     634.3 ms] [atti] h2d
[dbg     634.3 ms] [atti] count
[dbg     634.5 ms] [atti] scan
[dbg     634.5 ms] [atti] expand
[dbg     634.6 ms] [atti] compact
[dbg     634.7 ms] [atti] sort
[dbg     634.8 ms] [atti] reduce
[dbg     634.8 ms] [atti] final
[dbg     634.8 ms] [atti] symbolic
[dbg     634.8 ms] [atti] numeric
[dbg     634.8 ms] [atti] pack
[dbg     635.7 ms] [atti] d2h
Reading matrix from ./data/first100/bcsstk07.mtx...
Input A: 420 x 420, nnz = 7860, sparsity = 95.54%
===============WARMING UP (att)===============
=== Computing C = A x A^T (cuSPARSE) ===
Result C (A·Aᵀ 全量): 420 x 420, nnz = 23660
Time: 2.524 ms

=== Computing C = A x A^T upper (outer) ===
Result C (A·Aᵀ 上三角): 420 x 420, nnz = 12040
Time: 2.770 ms

=== Computing C = A x A^T upper (Gustavson) ===
Result C (A·Aᵀ 上三角): 420 x 420, nnz = 12040
Time: 1.925 ms

=== Computing C = A x A^T upper (colwise) ===
Result C (A·Aᵀ 上三角): 420 x 420, nnz = 12040
Time: 1.738 ms

=== Computing C = A x A^T upper (inner) ===
Result C (A·Aᵀ 上三角): 420 x 420, nnz = 12040
Time: 1.777 ms

=== All att tests completed ===
Processing bcsstk08 (att) ... (max 600s)
[dbg       0.0 ms] main entry, initializing CUDA context...
[dbg     593.0 ms] CUDA context ready
[dbg     593.1 ms] start read_matrix_market: ./data/first100/bcsstk08.mtx
[dbg     595.5 ms] read done: 1074 x 1074, nnz=12960
[dbg     595.5 ms] [cut] start
[dbg     603.5 ms] [cut] h2d
[dbg     625.1 ms] [cut] transpose
[dbg     625.4 ms] cusparse: workEstimation begin
[dbg     629.1 ms] [cut] workest (buf1=156583 B)
[dbg     629.2 ms] cusparse: compute begin
[dbg     631.3 ms] [cut] compute (buf2=15219847 B)
[dbg     631.3 ms] cusparse: C size = 1074 x 1074, nnz=305612
[dbg     631.4 ms] cusparse: copy begin
[dbg     631.6 ms] [cut] copy
[dbg     631.8 ms] [cut] pack
[dbg     634.0 ms] [cut] d2h
[dbg     634.8 ms] [atto] start
[dbg     637.0 ms] [atto] csc
[dbg     637.0 ms] [atto] h2d
[dbg     637.1 ms] [atto] count
[dbg     637.3 ms] [atto] scan
[dbg     637.4 ms] [atto] expand
[dbg     637.9 ms] [atto] sort
[dbg     638.7 ms] [atto] reduce
[dbg     639.4 ms] [atto] final
[dbg     639.5 ms] [atto] pack
[dbg     641.1 ms] [atto] d2h
[dbg     641.9 ms] [attg] start
[dbg     642.7 ms] [attg] csc
[dbg     642.8 ms] [attg] h2d
[dbg     643.0 ms] [attg] count
[dbg     643.6 ms] [attg] scan
[dbg     643.9 ms] [attg] expand
[dbg     644.3 ms] [attg] compact
[dbg     644.6 ms] [attg] sort
[dbg     644.7 ms] [attg] reduce
[dbg     645.0 ms] [attg] final
[dbg     645.1 ms] [attg] pack
[dbg     646.4 ms] [attg] d2h
[dbg     647.2 ms] [attc] start
[dbg     647.7 ms] [attc] csc
[dbg     647.7 ms] [attc] h2d
[dbg     647.7 ms] [attc] count
[dbg     648.1 ms] [attc] scan
[dbg     648.3 ms] [attc] expand
[dbg     648.7 ms] [attc] compact
[dbg     649.1 ms] [attc] sort
[dbg     649.4 ms] [attc] reduce
[dbg     650.0 ms] [attc] final
[dbg     650.0 ms] [attc] pack
[dbg     651.4 ms] [attc] d2h
[dbg     652.0 ms] [atti] start
[dbg     652.5 ms] [atti] csc
[dbg     652.5 ms] [atti] h2d
[dbg     652.6 ms] [atti] count
[dbg     652.9 ms] [atti] scan
[dbg     653.1 ms] [atti] expand
[dbg     653.3 ms] [atti] compact
[dbg     653.7 ms] [atti] sort
[dbg     653.8 ms] [atti] reduce
[dbg     654.0 ms] [atti] final
[dbg     654.0 ms] [atti] symbolic
[dbg     654.2 ms] [atti] numeric
[dbg     654.3 ms] [atti] pack
[dbg     655.5 ms] [atti] d2h
[dbg     656.2 ms] [cut] start
[dbg     656.3 ms] [cut] h2d
[dbg     656.5 ms] [cut] transpose
[dbg     656.6 ms] cusparse: workEstimation begin
[dbg     656.6 ms] [cut] workest (buf1=156583 B)
[dbg     656.6 ms] cusparse: compute begin
[dbg     657.1 ms] [cut] compute (buf2=15219847 B)
[dbg     657.1 ms] cusparse: C size = 1074 x 1074, nnz=305612
[dbg     657.2 ms] cusparse: copy begin
[dbg     657.3 ms] [cut] copy
[dbg     657.4 ms] [cut] pack
[dbg     659.1 ms] [cut] d2h
[dbg     659.7 ms] [atto] start
[dbg     660.1 ms] [atto] csc
[dbg     660.1 ms] [atto] h2d
[dbg     660.1 ms] [atto] count
[dbg     660.3 ms] [atto] scan
[dbg     660.4 ms] [atto] expand
[dbg     660.7 ms] [atto] sort
[dbg     660.9 ms] [atto] reduce
[dbg     661.2 ms] [atto] final
[dbg     661.2 ms] [atto] pack
[dbg     662.5 ms] [atto] d2h
[dbg     663.2 ms] [attg] start
[dbg     663.5 ms] [attg] csc
[dbg     663.6 ms] [attg] h2d
[dbg     663.6 ms] [attg] count
[dbg     663.8 ms] [attg] scan
[dbg     663.9 ms] [attg] expand
[dbg     664.2 ms] [attg] compact
[dbg     664.5 ms] [attg] sort
[dbg     664.6 ms] [attg] reduce
[dbg     664.9 ms] [attg] final
[dbg     664.9 ms] [attg] pack
[dbg     666.1 ms] [attg] d2h
[dbg     666.7 ms] [attc] start
[dbg     667.1 ms] [attc] csc
[dbg     667.1 ms] [attc] h2d
[dbg     667.1 ms] [attc] count
[dbg     667.3 ms] [attc] scan
[dbg     667.4 ms] [attc] expand
[dbg     667.7 ms] [attc] compact
[dbg     668.0 ms] [attc] sort
[dbg     668.1 ms] [attc] reduce
[dbg     668.4 ms] [attc] final
[dbg     668.4 ms] [attc] pack
[dbg     669.6 ms] [attc] d2h
[dbg     670.3 ms] [atti] start
[dbg     670.7 ms] [atti] csc
[dbg     670.7 ms] [atti] h2d
[dbg     670.7 ms] [atti] count
[dbg     671.0 ms] [atti] scan
[dbg     671.1 ms] [atti] expand
[dbg     671.3 ms] [atti] compact
[dbg     671.6 ms] [atti] sort
[dbg     671.7 ms] [atti] reduce
[dbg     672.0 ms] [atti] final
[dbg     672.0 ms] [atti] symbolic
[dbg     672.2 ms] [atti] numeric
[dbg     672.2 ms] [atti] pack
[dbg     673.3 ms] [atti] d2h
Reading matrix from ./data/first100/bcsstk08.mtx...
Input A: 1074 x 1074, nnz = 12960, sparsity = 98.88%
===============WARMING UP (att)===============
=== Computing C = A x A^T (cuSPARSE) ===
Result C (A·Aᵀ 全量): 1074 x 1074, nnz = 305612
Time: 3.119 ms

=== Computing C = A x A^T upper (outer) ===
Result C (A·Aᵀ 上三角): 1074 x 1074, nnz = 153343
Time: 3.150 ms

=== Computing C = A x A^T upper (Gustavson) ===
Result C (A·Aᵀ 上三角): 1074 x 1074, nnz = 153343
Time: 3.268 ms

=== Computing C = A x A^T upper (colwise) ===
Result C (A·Aᵀ 上三角): 1074 x 1074, nnz = 153343
Time: 3.218 ms

=== Computing C = A x A^T upper (inner) ===
Result C (A·Aᵀ 上三角): 1074 x 1074, nnz = 153343
Time: 3.355 ms

=== All att tests completed ===
Processing bcsstk09 (att) ... (max 600s)
[dbg       0.0 ms] main entry, initializing CUDA context...
[dbg     571.5 ms] CUDA context ready
[dbg     571.6 ms] start read_matrix_market: ./data/first100/bcsstk09.mtx
[dbg     574.6 ms] read done: 1083 x 1083, nnz=18437
[dbg     574.6 ms] [cut] start
[dbg     582.7 ms] [cut] h2d
[dbg     605.2 ms] [cut] transpose
[dbg     605.3 ms] cusparse: workEstimation begin
[dbg     609.9 ms] [cut] workest (buf1=222563 B)
[dbg     609.9 ms] cusparse: compute begin
[dbg     612.0 ms] [cut] compute (buf2=7981943 B)
[dbg     612.0 ms] cusparse: C size = 1083 x 1083, nnz=71289
[dbg     612.0 ms] cusparse: copy begin
[dbg     612.3 ms] [cut] copy
[dbg     612.4 ms] [cut] pack
[dbg     614.0 ms] [cut] d2h
[dbg     614.6 ms] [atto] start
[dbg     617.3 ms] [atto] csc
[dbg     617.3 ms] [atto] h2d
[dbg     617.6 ms] [atto] count
[dbg     617.8 ms] [atto] scan
[dbg     617.8 ms] [atto] expand
[dbg     618.3 ms] [atto] sort
[dbg     618.5 ms] [atto] reduce
[dbg     618.7 ms] [atto] final
[dbg     618.7 ms] [atto] pack
[dbg     620.0 ms] [atto] d2h
[dbg     620.7 ms] [attg] start
[dbg     621.0 ms] [attg] csc
[dbg     621.1 ms] [attg] h2d
[dbg     621.4 ms] [attg] count
[dbg     621.9 ms] [attg] scan
[dbg     622.1 ms] [attg] expand
[dbg     623.1 ms] [attg] compact
[dbg     623.3 ms] [attg] sort
[dbg     623.5 ms] [attg] reduce
[dbg     623.7 ms] [attg] final
[dbg     623.9 ms] [attg] pack
[dbg     625.1 ms] [attg] d2h
[dbg     625.9 ms] [attc] start
[dbg     626.6 ms] [attc] csc
[dbg     626.6 ms] [attc] h2d
[dbg     626.7 ms] [attc] count
[dbg     626.9 ms] [attc] scan
[dbg     627.1 ms] [attc] expand
[dbg     627.8 ms] [attc] compact
[dbg     628.1 ms] [attc] sort
[dbg     628.2 ms] [attc] reduce
[dbg     628.4 ms] [attc] final
[dbg     628.6 ms] [attc] pack
[dbg     629.6 ms] [attc] d2h
[dbg     630.2 ms] [atti] start
[dbg     631.0 ms] [atti] csc
[dbg     631.0 ms] [atti] h2d
[dbg     631.0 ms] [atti] count
[dbg     631.2 ms] [atti] scan
[dbg     631.4 ms] [atti] expand
[dbg     632.5 ms] [atti] compact
[dbg     632.8 ms] [atti] sort
[dbg     632.9 ms] [atti] reduce
[dbg     633.1 ms] [atti] final
[dbg     633.1 ms] [atti] symbolic
[dbg     633.1 ms] [atti] numeric
[dbg     633.3 ms] [atti] pack
[dbg     634.4 ms] [atti] d2h
[dbg     635.0 ms] [cut] start
[dbg     635.1 ms] [cut] h2d
[dbg     635.7 ms] [cut] transpose
[dbg     636.2 ms] cusparse: workEstimation begin
[dbg     636.2 ms] [cut] workest (buf1=222563 B)
[dbg     636.2 ms] cusparse: compute begin
[dbg     637.6 ms] [cut] compute (buf2=7981943 B)
[dbg     637.6 ms] cusparse: C size = 1083 x 1083, nnz=71289
[dbg     637.6 ms] cusparse: copy begin
[dbg     637.7 ms] [cut] copy
[dbg     637.7 ms] [cut] pack
[dbg     638.8 ms] [cut] d2h
[dbg     639.3 ms] [atto] start
[dbg     639.7 ms] [atto] csc
[dbg     639.7 ms] [atto] h2d
[dbg     639.7 ms] [atto] count
[dbg     639.9 ms] [atto] scan
[dbg     639.9 ms] [atto] expand
[dbg     640.4 ms] [atto] sort
[dbg     640.8 ms] [atto] reduce
[dbg     641.4 ms] [atto] final
[dbg     641.4 ms] [atto] pack
[dbg     642.3 ms] [atto] d2h
[dbg     643.0 ms] [attg] start
[dbg     643.7 ms] [attg] csc
[dbg     643.7 ms] [attg] h2d
[dbg     643.7 ms] [attg] count
[dbg     643.8 ms] [attg] scan
[dbg     643.9 ms] [attg] expand
[dbg     644.2 ms] [attg] compact
[dbg     644.6 ms] [attg] sort
[dbg     645.0 ms] [attg] reduce
[dbg     645.3 ms] [attg] final
[dbg     645.4 ms] [attg] pack
[dbg     646.4 ms] [attg] d2h
[dbg     646.9 ms] [attc] start
[dbg     647.1 ms] [attc] csc
[dbg     647.1 ms] [attc] h2d
[dbg     647.1 ms] [attc] count
[dbg     647.3 ms] [attc] scan
[dbg     647.3 ms] [attc] expand
[dbg     647.7 ms] [attc] compact
[dbg     647.9 ms] [attc] sort
[dbg     648.1 ms] [attc] reduce
[dbg     648.2 ms] [attc] final
[dbg     648.3 ms] [attc] pack
[dbg     649.2 ms] [attc] d2h
[dbg     649.7 ms] [atti] start
[dbg     649.9 ms] [atti] csc
[dbg     649.9 ms] [atti] h2d
[dbg     649.9 ms] [atti] count
[dbg     650.1 ms] [atti] scan
[dbg     650.1 ms] [atti] expand
[dbg     650.4 ms] [atti] compact
[dbg     650.6 ms] [atti] sort
[dbg     650.8 ms] [atti] reduce
[dbg     651.0 ms] [atti] final
[dbg     651.0 ms] [atti] symbolic
[dbg     651.0 ms] [atti] numeric
[dbg     651.1 ms] [atti] pack
[dbg     651.9 ms] [atti] d2h
Reading matrix from ./data/first100/bcsstk09.mtx...
Input A: 1083 x 1083, nnz = 18437, sparsity = 98.43%
===============WARMING UP (att)===============
=== Computing C = A x A^T (cuSPARSE) ===
Result C (A·Aᵀ 全量): 1083 x 1083, nnz = 71289
Time: 3.972 ms

=== Computing C = A x A^T upper (outer) ===
Result C (A·Aᵀ 上三角): 1083 x 1083, nnz = 36186
Time: 3.380 ms

=== Computing C = A x A^T upper (Gustavson) ===
Result C (A·Aᵀ 上三角): 1083 x 1083, nnz = 36186
Time: 3.610 ms

=== Computing C = A x A^T upper (colwise) ===
Result C (A·Aᵀ 上三角): 1083 x 1083, nnz = 36186
Time: 2.504 ms

=== Computing C = A x A^T upper (inner) ===
Result C (A·Aᵀ 上三角): 1083 x 1083, nnz = 36186
Time: 2.469 ms

=== All att tests completed ===
Processing bcsstk10 (att) ... (max 600s)
[dbg       0.0 ms] main entry, initializing CUDA context...
[dbg     583.5 ms] CUDA context ready
[dbg     583.7 ms] start read_matrix_market: ./data/first100/bcsstk10.mtx
[dbg     587.3 ms] read done: 1086 x 1086, nnz=22070
[dbg     587.4 ms] [cut] start
[dbg     595.6 ms] [cut] h2d
[dbg     617.6 ms] [cut] transpose
[dbg     617.7 ms] cusparse: workEstimation begin
[dbg     621.9 ms] [cut] workest (buf1=266159 B)
[dbg     621.9 ms] cusparse: compute begin
[dbg     623.5 ms] [cut] compute (buf2=11602183 B)
[dbg     623.5 ms] cusparse: C size = 1086 x 1086, nnz=54504
[dbg     623.5 ms] cusparse: copy begin
[dbg     623.6 ms] [cut] copy
[dbg     623.6 ms] [cut] pack
[dbg     625.3 ms] [cut] d2h
[dbg     625.8 ms] [atto] start
[dbg     628.0 ms] [atto] csc
[dbg     628.0 ms] [atto] h2d
[dbg     628.0 ms] [atto] count
[dbg     628.3 ms] [atto] scan
[dbg     628.3 ms] [atto] expand
[dbg     628.9 ms] [atto] sort
[dbg     629.2 ms] [atto] reduce
[dbg     629.7 ms] [atto] final
[dbg     629.7 ms] [atto] pack
[dbg     631.0 ms] [atto] d2h
[dbg     631.5 ms] [attg] start
[dbg     631.9 ms] [attg] csc
[dbg     631.9 ms] [attg] h2d
[dbg     631.9 ms] [attg] count
[dbg     632.4 ms] [attg] scan
[dbg     632.6 ms] [attg] expand
[dbg     633.6 ms] [attg] compact
[dbg     634.1 ms] [attg] sort
[dbg     634.4 ms] [attg] reduce
[dbg     634.8 ms] [attg] final
[dbg     634.8 ms] [attg] pack
[dbg     636.1 ms] [attg] d2h
[dbg     636.9 ms] [attc] start
[dbg     637.3 ms] [attc] csc
[dbg     637.3 ms] [attc] h2d
[dbg     637.6 ms] [attc] count
[dbg     638.2 ms] [attc] scan
[dbg     638.4 ms] [attc] expand
[dbg     639.7 ms] [attc] compact
[dbg     640.2 ms] [attc] sort
[dbg     640.3 ms] [attc] reduce
[dbg     640.4 ms] [attc] final
[dbg     640.4 ms] [attc] pack
[dbg     641.6 ms] [attc] d2h
[dbg     642.4 ms] [atti] start
[dbg     643.1 ms] [atti] csc
[dbg     643.1 ms] [atti] h2d
[dbg     643.4 ms] [atti] count
[dbg     643.6 ms] [atti] scan
[dbg     643.7 ms] [atti] expand
[dbg     644.1 ms] [atti] compact
[dbg     644.6 ms] [atti] sort
[dbg     644.7 ms] [atti] reduce
[dbg     644.9 ms] [atti] final
[dbg     644.9 ms] [atti] symbolic
[dbg     645.2 ms] [atti] numeric
[dbg     645.2 ms] [atti] pack
[dbg     646.4 ms] [atti] d2h
[dbg     647.1 ms] [cut] start
[dbg     647.2 ms] [cut] h2d
[dbg     647.5 ms] [cut] transpose
[dbg     647.6 ms] cusparse: workEstimation begin
[dbg     647.6 ms] [cut] workest (buf1=266159 B)
[dbg     647.6 ms] cusparse: compute begin
[dbg     648.0 ms] [cut] compute (buf2=11602183 B)
[dbg     648.0 ms] cusparse: C size = 1086 x 1086, nnz=54504
[dbg     648.0 ms] cusparse: copy begin
[dbg     648.1 ms] [cut] copy
[dbg     648.1 ms] [cut] pack
[dbg     649.4 ms] [cut] d2h
[dbg     649.9 ms] [atto] start
[dbg     650.3 ms] [atto] csc
[dbg     650.3 ms] [atto] h2d
[dbg     650.3 ms] [atto] count
[dbg     650.5 ms] [atto] scan
[dbg     650.5 ms] [atto] expand
[dbg     650.9 ms] [atto] sort
[dbg     651.2 ms] [atto] reduce
[dbg     651.5 ms] [atto] final
[dbg     651.6 ms] [atto] pack
[dbg     652.6 ms] [atto] d2h
[dbg     653.1 ms] [attg] start
[dbg     653.3 ms] [attg] csc
[dbg     653.4 ms] [attg] h2d
[dbg     653.4 ms] [attg] count
[dbg     653.6 ms] [attg] scan
[dbg     653.7 ms] [attg] expand
[dbg     653.9 ms] [attg] compact
[dbg     654.2 ms] [attg] sort
[dbg     654.3 ms] [attg] reduce
[dbg     654.5 ms] [attg] final
[dbg     654.5 ms] [attg] pack
[dbg     655.5 ms] [attg] d2h
[dbg     656.1 ms] [attc] start
[dbg     656.4 ms] [attc] csc
[dbg     656.4 ms] [attc] h2d
[dbg     656.4 ms] [attc] count
[dbg     656.7 ms] [attc] scan
[dbg     656.7 ms] [attc] expand
[dbg     657.0 ms] [attc] compact
[dbg     657.3 ms] [attc] sort
[dbg     657.4 ms] [attc] reduce
[dbg     657.5 ms] [attc] final
[dbg     657.6 ms] [attc] pack
[dbg     658.5 ms] [attc] d2h
[dbg     659.1 ms] [atti] start
[dbg     659.3 ms] [atti] csc
[dbg     659.4 ms] [atti] h2d
[dbg     659.4 ms] [atti] count
[dbg     659.6 ms] [atti] scan
[dbg     659.7 ms] [atti] expand
[dbg     659.9 ms] [atti] compact
[dbg     660.2 ms] [atti] sort
[dbg     660.3 ms] [atti] reduce
[dbg     660.5 ms] [atti] final
[dbg     660.5 ms] [atti] symbolic
[dbg     660.5 ms] [atti] numeric
[dbg     660.5 ms] [atti] pack
[dbg     661.4 ms] [atti] d2h
Reading matrix from ./data/first100/bcsstk10.mtx...
Input A: 1086 x 1086, nnz = 22070, sparsity = 98.13%
===============WARMING UP (att)===============
=== Computing C = A x A^T (cuSPARSE) ===
Result C (A·Aᵀ 全量): 1086 x 1086, nnz = 54504
Time: 2.423 ms

=== Computing C = A x A^T upper (outer) ===
Result C (A·Aᵀ 上三角): 1086 x 1086, nnz = 27795
Time: 2.885 ms

=== Computing C = A x A^T upper (Gustavson) ===
Result C (A·Aᵀ 上三角): 1086 x 1086, nnz = 27795
Time: 2.705 ms

=== Computing C = A x A^T upper (colwise) ===
Result C (A·Aᵀ 上三角): 1086 x 1086, nnz = 27795
Time: 2.696 ms

=== Computing C = A x A^T upper (inner) ===
Result C (A·Aᵀ 上三角): 1086 x 1086, nnz = 27795
Time: 2.639 ms

=== All att tests completed ===
Processing bcsstk11 (att) ... (max 600s)
[dbg       0.0 ms] main entry, initializing CUDA context...
[dbg     564.9 ms] CUDA context ready
[dbg     565.1 ms] start read_matrix_market: ./data/first100/bcsstk11.mtx
[dbg     570.7 ms] read done: 1473 x 1473, nnz=34241
[dbg     570.7 ms] [cut] start
[dbg     579.3 ms] [cut] h2d
[dbg     602.3 ms] [cut] transpose
[dbg     602.4 ms] cusparse: workEstimation begin
[dbg     606.9 ms] [cut] workest (buf1=412467 B)
[dbg     606.9 ms] cusparse: compute begin
[dbg     609.5 ms] [cut] compute (buf2=20730143 B)
[dbg     609.5 ms] cusparse: C size = 1473 x 1473, nnz=94187
[dbg     609.5 ms] cusparse: copy begin
[dbg     609.8 ms] [cut] copy
[dbg     610.0 ms] [cut] pack
[dbg     611.6 ms] [cut] d2h
[dbg     612.2 ms] [atto] start
[dbg     614.3 ms] [atto] csc
[dbg     614.4 ms] [atto] h2d
[dbg     614.4 ms] [atto] count
[dbg     614.7 ms] [atto] scan
[dbg     614.8 ms] [atto] expand
[dbg     615.4 ms] [atto] sort
[dbg     615.8 ms] [atto] reduce
[dbg     616.5 ms] [atto] final
[dbg     616.6 ms] [atto] pack
[dbg     618.0 ms] [atto] d2h
[dbg     619.1 ms] [attg] start
[dbg     620.0 ms] [attg] csc
[dbg     620.0 ms] [attg] h2d
[dbg     620.0 ms] [attg] count
[dbg     620.7 ms] [attg] scan
[dbg     620.9 ms] [attg] expand
[dbg     621.6 ms] [attg] compact
[dbg     622.0 ms] [attg] sort
[dbg     622.2 ms] [attg] reduce
[dbg     622.6 ms] [attg] final
[dbg     622.6 ms] [attg] pack
[dbg     623.9 ms] [attg] d2h
[dbg     624.6 ms] [attc] start
[dbg     625.0 ms] [attc] csc
[dbg     625.0 ms] [attc] h2d
[dbg     625.1 ms] [attc] count
[dbg     625.5 ms] [attc] scan
[dbg     625.6 ms] [attc] expand
[dbg     626.2 ms] [attc] compact
[dbg     626.8 ms] [attc] sort
[dbg     627.1 ms] [attc] reduce
[dbg     627.6 ms] [attc] final
[dbg     627.6 ms] [attc] pack
[dbg     628.6 ms] [attc] d2h
[dbg     629.2 ms] [atti] start
[dbg     629.6 ms] [atti] csc
[dbg     629.6 ms] [atti] h2d
[dbg     629.6 ms] [atti] count
[dbg     629.9 ms] [atti] scan
[dbg     629.9 ms] [atti] expand
[dbg     630.8 ms] [atti] compact
[dbg     631.3 ms] [atti] sort
[dbg     631.7 ms] [atti] reduce
[dbg     632.2 ms] [atti] final
[dbg     632.2 ms] [atti] symbolic
[dbg     632.6 ms] [atti] numeric
[dbg     632.6 ms] [atti] pack
[dbg     633.6 ms] [atti] d2h
[dbg     634.4 ms] [cut] start
[dbg     634.6 ms] [cut] h2d
[dbg     635.1 ms] [cut] transpose
[dbg     635.5 ms] cusparse: workEstimation begin
[dbg     635.5 ms] [cut] workest (buf1=412467 B)
[dbg     635.5 ms] cusparse: compute begin
[dbg     635.9 ms] [cut] compute (buf2=20730143 B)
[dbg     635.9 ms] cusparse: C size = 1473 x 1473, nnz=94187
[dbg     635.9 ms] cusparse: copy begin
[dbg     635.9 ms] [cut] copy
[dbg     636.1 ms] [cut] pack
[dbg     637.2 ms] [cut] d2h
[dbg     637.6 ms] [atto] start
[dbg     637.9 ms] [atto] csc
[dbg     637.9 ms] [atto] h2d
[dbg     637.9 ms] [atto] count
[dbg     638.4 ms] [atto] scan
[dbg     638.4 ms] [atto] expand
[dbg     638.8 ms] [atto] sort
[dbg     639.1 ms] [atto] reduce
[dbg     639.3 ms] [atto] final
[dbg     639.3 ms] [atto] pack
[dbg     640.4 ms] [atto] d2h
[dbg     641.0 ms] [attg] start
[dbg     641.2 ms] [attg] csc
[dbg     641.2 ms] [attg] h2d
[dbg     641.3 ms] [attg] count
[dbg     641.5 ms] [attg] scan
[dbg     641.5 ms] [attg] expand
[dbg     641.9 ms] [attg] compact
[dbg     642.2 ms] [attg] sort
[dbg     642.4 ms] [attg] reduce
[dbg     642.5 ms] [attg] final
[dbg     642.5 ms] [attg] pack
[dbg     643.5 ms] [attg] d2h
[dbg     644.1 ms] [attc] start
[dbg     644.3 ms] [attc] csc
[dbg     644.4 ms] [attc] h2d
[dbg     644.4 ms] [attc] count
[dbg     644.6 ms] [attc] scan
[dbg     644.6 ms] [attc] expand
[dbg     645.0 ms] [attc] compact
[dbg     645.3 ms] [attc] sort
[dbg     645.5 ms] [attc] reduce
[dbg     645.6 ms] [attc] final
[dbg     645.6 ms] [attc] pack
[dbg     646.5 ms] [attc] d2h
[dbg     647.2 ms] [atti] start
[dbg     647.4 ms] [atti] csc
[dbg     647.4 ms] [atti] h2d
[dbg     647.4 ms] [atti] count
[dbg     647.6 ms] [atti] scan
[dbg     647.7 ms] [atti] expand
[dbg     648.0 ms] [atti] compact
[dbg     648.3 ms] [atti] sort
[dbg     648.5 ms] [atti] reduce
[dbg     648.6 ms] [atti] final
[dbg     648.6 ms] [atti] symbolic
[dbg     648.6 ms] [atti] numeric
[dbg     648.7 ms] [atti] pack
[dbg     649.6 ms] [atti] d2h
Reading matrix from ./data/first100/bcsstk11.mtx...
Input A: 1473 x 1473, nnz = 34241, sparsity = 98.42%
===============WARMING UP (att)===============
=== Computing C = A x A^T (cuSPARSE) ===
Result C (A·Aᵀ 全量): 1473 x 1473, nnz = 94187
Time: 2.939 ms

=== Computing C = A x A^T upper (outer) ===
Result C (A·Aᵀ 上三角): 1473 x 1473, nnz = 47830
Time: 3.092 ms

=== Computing C = A x A^T upper (Gustavson) ===
Result C (A·Aᵀ 上三角): 1473 x 1473, nnz = 47830
Time: 2.835 ms

=== Computing C = A x A^T upper (colwise) ===
Result C (A·Aᵀ 上三角): 1473 x 1473, nnz = 47830
Time: 2.769 ms

=== Computing C = A x A^T upper (inner) ===
Result C (A·Aᵀ 上三角): 1473 x 1473, nnz = 47830
Time: 2.781 ms

=== All att tests completed ===
Processing bcsstk12 (att) ... (max 600s)
[dbg       0.0 ms] main entry, initializing CUDA context...
[dbg     591.0 ms] CUDA context ready
[dbg     591.1 ms] start read_matrix_market: ./data/first100/bcsstk12.mtx
[dbg     597.0 ms] read done: 1473 x 1473, nnz=34241
[dbg     597.0 ms] [cut] start
[dbg     613.4 ms] [cut] h2d
[dbg     636.2 ms] [cut] transpose
[dbg     636.3 ms] cusparse: workEstimation begin
[dbg     640.7 ms] [cut] workest (buf1=412467 B)
[dbg     640.7 ms] cusparse: compute begin
[dbg     642.4 ms] [cut] compute (buf2=20730143 B)
[dbg     642.4 ms] cusparse: C size = 1473 x 1473, nnz=94187
[dbg     642.5 ms] cusparse: copy begin
[dbg     642.6 ms] [cut] copy
[dbg     642.8 ms] [cut] pack
[dbg     644.4 ms] [cut] d2h
[dbg     645.1 ms] [atto] start
[dbg     647.9 ms] [atto] csc
[dbg     647.9 ms] [atto] h2d
[dbg     648.2 ms] [atto] count
[dbg     648.6 ms] [atto] scan
[dbg     648.7 ms] [atto] expand
[dbg     649.3 ms] [atto] sort
[dbg     649.7 ms] [atto] reduce
[dbg     649.9 ms] [atto] final
[dbg     649.9 ms] [atto] pack
[dbg     651.3 ms] [atto] d2h
[dbg     652.0 ms] [attg] start
[dbg     652.7 ms] [attg] csc
[dbg     652.8 ms] [attg] h2d
[dbg     653.0 ms] [attg] count
[dbg     653.6 ms] [attg] scan
[dbg     653.8 ms] [attg] expand
[dbg     654.9 ms] [attg] compact
[dbg     655.4 ms] [attg] sort
[dbg     655.8 ms] [attg] reduce
[dbg     656.4 ms] [attg] final
[dbg     656.4 ms] [attg] pack
[dbg     657.7 ms] [attg] d2h
[dbg     658.6 ms] [attc] start
[dbg     659.3 ms] [attc] csc
[dbg     659.3 ms] [attc] h2d
[dbg     659.6 ms] [attc] count
[dbg     660.0 ms] [attc] scan
[dbg     660.2 ms] [attc] expand
[dbg     661.7 ms] [attc] compact
[dbg     662.2 ms] [attc] sort
[dbg     662.5 ms] [attc] reduce
[dbg     662.7 ms] [attc] final
[dbg     662.7 ms] [attc] pack
[dbg     664.1 ms] [attc] d2h
[dbg     664.9 ms] [atti] start
[dbg     665.5 ms] [atti] csc
[dbg     665.6 ms] [atti] h2d
[dbg     665.8 ms] [atti] count
[dbg     666.2 ms] [atti] scan
[dbg     666.4 ms] [atti] expand
[dbg     667.2 ms] [atti] compact
[dbg     667.5 ms] [atti] sort
[dbg     667.8 ms] [atti] reduce
[dbg     668.1 ms] [atti] final
[dbg     668.1 ms] [atti] symbolic
[dbg     668.1 ms] [atti] numeric
[dbg     668.1 ms] [atti] pack
[dbg     669.4 ms] [atti] d2h
[dbg     670.3 ms] [cut] start
[dbg     670.4 ms] [cut] h2d
[dbg     671.0 ms] [cut] transpose
[dbg     671.3 ms] cusparse: workEstimation begin
[dbg     671.4 ms] [cut] workest (buf1=412467 B)
[dbg     671.4 ms] cusparse: compute begin
[dbg     671.8 ms] [cut] compute (buf2=20730143 B)
[dbg     671.8 ms] cusparse: C size = 1473 x 1473, nnz=94187
[dbg     671.8 ms] cusparse: copy begin
[dbg     671.9 ms] [cut] copy
[dbg     672.1 ms] [cut] pack
[dbg     673.9 ms] [cut] d2h
[dbg     674.6 ms] [atto] start
[dbg     675.3 ms] [atto] csc
[dbg     675.3 ms] [atto] h2d
[dbg     675.6 ms] [atto] count
[dbg     675.9 ms] [atto] scan
[dbg     675.9 ms] [atto] expand
[dbg     676.2 ms] [atto] sort
[dbg     676.4 ms] [atto] reduce
[dbg     676.7 ms] [atto] final
[dbg     676.7 ms] [atto] pack
[dbg     678.1 ms] [atto] d2h
[dbg     678.9 ms] [attg] start
[dbg     679.6 ms] [attg] csc
[dbg     679.6 ms] [attg] h2d
[dbg     679.6 ms] [attg] count
[dbg     680.2 ms] [attg] scan
[dbg     680.4 ms] [attg] expand
[dbg     680.8 ms] [attg] compact
[dbg     681.2 ms] [attg] sort
[dbg     681.4 ms] [attg] reduce
[dbg     681.7 ms] [attg] final
[dbg     681.7 ms] [attg] pack
[dbg     683.1 ms] [attg] d2h
[dbg     683.9 ms] [attc] start
[dbg     684.3 ms] [attc] csc
[dbg     684.3 ms] [attc] h2d
[dbg     684.6 ms] [attc] count
[dbg     684.9 ms] [attc] scan
[dbg     685.1 ms] [attc] expand
[dbg     685.8 ms] [attc] compact
[dbg     686.1 ms] [attc] sort
[dbg     686.2 ms] [attc] reduce
[dbg     686.5 ms] [attc] final
[dbg     686.5 ms] [attc] pack
[dbg     687.7 ms] [attc] d2h
[dbg     688.4 ms] [atti] start
[dbg     688.7 ms] [atti] csc
[dbg     688.7 ms] [atti] h2d
[dbg     688.7 ms] [atti] count
[dbg     689.0 ms] [atti] scan
[dbg     689.0 ms] [atti] expand
[dbg     689.4 ms] [atti] compact
[dbg     689.7 ms] [atti] sort
[dbg     689.9 ms] [atti] reduce
[dbg     690.1 ms] [atti] final
[dbg     690.1 ms] [atti] symbolic
[dbg     690.1 ms] [atti] numeric
[dbg     690.1 ms] [atti] pack
[dbg     691.2 ms] [atti] d2h
Reading matrix from ./data/first100/bcsstk12.mtx...
Input A: 1473 x 1473, nnz = 34241, sparsity = 98.42%
===============WARMING UP (att)===============
=== Computing C = A x A^T (cuSPARSE) ===
Result C (A·Aᵀ 全量): 1473 x 1473, nnz = 94187
Time: 3.951 ms

=== Computing C = A x A^T upper (outer) ===
Result C (A·Aᵀ 上三角): 1473 x 1473, nnz = 47830
Time: 4.025 ms

=== Computing C = A x A^T upper (Gustavson) ===
Result C (A·Aᵀ 上三角): 1473 x 1473, nnz = 47830
Time: 4.658 ms

=== Computing C = A x A^T upper (colwise) ===
Result C (A·Aᵀ 上三角): 1473 x 1473, nnz = 47830
Time: 4.249 ms

=== Computing C = A x A^T upper (inner) ===
Result C (A·Aᵀ 上三角): 1473 x 1473, nnz = 47830
Time: 3.154 ms

=== All att tests completed ===
Processing bcsstk13 (att) ... (max 600s)
[dbg       0.0 ms] main entry, initializing CUDA context...
[dbg     591.0 ms] CUDA context ready
[dbg     591.2 ms] start read_matrix_market: ./data/first100/bcsstk13.mtx
[dbg     605.0 ms] read done: 2003 x 2003, nnz=83883
[dbg     605.1 ms] [cut] start
[dbg     613.5 ms] [cut] h2d
[dbg     637.3 ms] [cut] transpose
[dbg     637.6 ms] cusparse: workEstimation begin
[dbg     642.3 ms] [cut] workest (buf1=1008939 B)
[dbg     642.3 ms] cusparse: compute begin
[dbg     645.0 ms] [cut] compute (buf2=109408847 B)
[dbg     645.0 ms] cusparse: C size = 2003 x 2003, nnz=396773
[dbg     645.3 ms] cusparse: copy begin
[dbg     645.4 ms] [cut] copy
[dbg     645.7 ms] [cut] pack
[dbg     648.8 ms] [cut] d2h
[dbg     649.7 ms] [atto] start
[dbg     652.4 ms] [atto] csc
[dbg     652.5 ms] [atto] h2d
[dbg     652.5 ms] [atto] count
[dbg     652.9 ms] [atto] scan
[dbg     653.0 ms] [atto] expand
[dbg     653.8 ms] [atto] sort
[dbg     654.2 ms] [atto] reduce
[dbg     654.6 ms] [atto] final
[dbg     654.7 ms] [atto] pack
[dbg     656.2 ms] [atto] d2h
[dbg     656.9 ms] [attg] start
[dbg     657.4 ms] [attg] csc
[dbg     657.4 ms] [attg] h2d
[dbg     657.4 ms] [attg] count
[dbg     657.8 ms] [attg] scan
[dbg     658.0 ms] [attg] expand
[dbg     658.6 ms] [attg] compact
[dbg     659.1 ms] [attg] sort
[dbg     659.3 ms] [attg] reduce
[dbg     659.6 ms] [attg] final
[dbg     659.7 ms] [attg] pack
[dbg     661.1 ms] [attg] d2h
[dbg     661.9 ms] [attc] start
[dbg     662.3 ms] [attc] csc
[dbg     662.3 ms] [attc] h2d
[dbg     662.4 ms] [attc] count
[dbg     662.7 ms] [attc] scan
[dbg     662.8 ms] [attc] expand
[dbg     663.3 ms] [attc] compact
[dbg     663.8 ms] [attc] sort
[dbg     664.0 ms] [attc] reduce
[dbg     664.3 ms] [attc] final
[dbg     664.5 ms] [attc] pack
[dbg     665.8 ms] [attc] d2h
[dbg     666.5 ms] [atti] start
[dbg     666.9 ms] [atti] csc
[dbg     666.9 ms] [atti] h2d
[dbg     667.0 ms] [atti] count
[dbg     667.2 ms] [atti] scan
[dbg     667.3 ms] [atti] expand
[dbg     667.8 ms] [atti] compact
[dbg     668.3 ms] [atti] sort
[dbg     668.5 ms] [atti] reduce
[dbg     668.9 ms] [atti] final
[dbg     668.9 ms] [atti] symbolic
[dbg     669.0 ms] [atti] numeric
[dbg     669.1 ms] [atti] pack
[dbg     670.4 ms] [atti] d2h
[dbg     671.1 ms] [cut] start
[dbg     671.3 ms] [cut] h2d
[dbg     671.7 ms] [cut] transpose
[dbg     671.9 ms] cusparse: workEstimation begin
[dbg     672.0 ms] [cut] workest (buf1=1008939 B)
[dbg     672.0 ms] cusparse: compute begin
[dbg     672.7 ms] [cut] compute (buf2=109408847 B)
[dbg     672.7 ms] cusparse: C size = 2003 x 2003, nnz=396773
[dbg     672.8 ms] cusparse: copy begin
[dbg     672.9 ms] [cut] copy
[dbg     673.0 ms] [cut] pack
[dbg     675.4 ms] [cut] d2h
[dbg     676.0 ms] [atto] start
[dbg     676.4 ms] [atto] csc
[dbg     676.4 ms] [atto] h2d
[dbg     676.4 ms] [atto] count
[dbg     676.7 ms] [atto] scan
[dbg     676.7 ms] [atto] expand
[dbg     677.3 ms] [atto] sort
[dbg     677.5 ms] [atto] reduce
[dbg     677.8 ms] [atto] final
[dbg     677.9 ms] [atto] pack
[dbg     679.3 ms] [atto] d2h
[dbg     693.8 ms] [attg] start
[dbg     694.2 ms] [attg] csc
[dbg     694.2 ms] [attg] h2d
[dbg     694.3 ms] [attg] count
[dbg     694.6 ms] [attg] scan
[dbg     694.7 ms] [attg] expand
[dbg     695.1 ms] [attg] compact
[dbg     695.7 ms] [attg] sort
[dbg     695.9 ms] [attg] reduce
[dbg     696.2 ms] [attg] final
[dbg     696.3 ms] [attg] pack
[dbg     698.9 ms] [attg] d2h
[dbg     712.3 ms] [attc] start
[dbg     712.8 ms] [attc] csc
[dbg     712.8 ms] [attc] h2d
[dbg     712.9 ms] [attc] count
[dbg     714.5 ms] [attc] scan
[dbg     714.7 ms] [attc] expand
[dbg     715.2 ms] [attc] compact
[dbg     715.7 ms] [attc] sort
[dbg     763.5 ms] [attc] reduce
[dbg     763.8 ms] [attc] final
[dbg     763.9 ms] [attc] pack
[dbg     765.3 ms] [attc] d2h
[dbg     766.1 ms] [atti] start
[dbg     766.5 ms] [atti] csc
[dbg     766.6 ms] [atti] h2d
[dbg     766.6 ms] [atti] count
[dbg     766.9 ms] [atti] scan
[dbg     767.0 ms] [atti] expand
[dbg     767.5 ms] [atti] compact
[dbg     768.0 ms] [atti] sort
[dbg     768.2 ms] [atti] reduce
[dbg     768.6 ms] [atti] final
[dbg     768.6 ms] [atti] symbolic
[dbg     768.6 ms] [atti] numeric
[dbg     768.8 ms] [atti] pack
[dbg     770.1 ms] [atti] d2h
Reading matrix from ./data/first100/bcsstk13.mtx...
Input A: 2003 x 2003, nnz = 83883, sparsity = 97.91%
===============WARMING UP (att)===============
=== Computing C = A x A^T (cuSPARSE) ===
Result C (A·Aᵀ 全量): 2003 x 2003, nnz = 396773
Time: 4.462 ms

=== Computing C = A x A^T upper (outer) ===
Result C (A·Aᵀ 上三角): 2003 x 2003, nnz = 199388
Time: 17.544 ms

=== Computing C = A x A^T upper (Gustavson) ===
Result C (A·Aᵀ 上三角): 2003 x 2003, nnz = 199388
Time: 17.299 ms

=== Computing C = A x A^T upper (colwise) ===
Result C (A·Aᵀ 上三角): 2003 x 2003, nnz = 199388
Time: 53.481 ms

=== Computing C = A x A^T upper (inner) ===
Result C (A·Aᵀ 上三角): 2003 x 2003, nnz = 199388
Time: 4.366 ms

=== All att tests completed ===
Processing bcsstk14 (att) ... (max 600s)
[dbg       0.0 ms] main entry, initializing CUDA context...
[dbg     596.3 ms] CUDA context ready
[dbg     596.5 ms] start read_matrix_market: ./data/first100/bcsstk14.mtx
[dbg     607.4 ms] read done: 1806 x 1806, nnz=63454
[dbg     607.5 ms] [cut] start
[dbg     615.7 ms] [cut] h2d
[dbg     637.6 ms] [cut] transpose
[dbg     637.7 ms] cusparse: workEstimation begin
[dbg     641.8 ms] [cut] workest (buf1=763535 B)
[dbg     641.8 ms] cusparse: compute begin
[dbg     643.0 ms] [cut] compute (buf2=57514887 B)
[dbg     643.1 ms] cusparse: C size = 1806 x 1806, nnz=195654
[dbg     643.2 ms] cusparse: copy begin
[dbg     643.5 ms] [cut] copy
[dbg     643.6 ms] [cut] pack
[dbg     645.5 ms] [cut] d2h
[dbg     646.3 ms] [atto] start
[dbg     648.5 ms] [atto] csc
[dbg     648.5 ms] [atto] h2d
[dbg     648.5 ms] [atto] count
[dbg     649.3 ms] [atto] scan
[dbg     649.4 ms] [atto] expand
[dbg     650.1 ms] [atto] sort
[dbg     650.5 ms] [atto] reduce
[dbg     650.7 ms] [atto] final
[dbg     650.8 ms] [atto] pack
[dbg     652.2 ms] [atto] d2h
[dbg     653.1 ms] [attg] start
[dbg     653.6 ms] [attg] csc
[dbg     653.7 ms] [attg] h2d
[dbg     653.7 ms] [attg] count
[dbg     654.5 ms] [attg] scan
[dbg     654.8 ms] [attg] expand
[dbg     655.7 ms] [attg] compact
[dbg     656.1 ms] [attg] sort
[dbg     656.2 ms] [attg] reduce
[dbg     656.5 ms] [attg] final
[dbg     657.1 ms] [attg] pack
[dbg     658.4 ms] [attg] d2h
[dbg     659.1 ms] [attc] start
[dbg     659.8 ms] [attc] csc
[dbg     659.9 ms] [attc] h2d
[dbg     660.1 ms] [attc] count
[dbg     660.7 ms] [attc] scan
[dbg     660.9 ms] [attc] expand
[dbg     662.6 ms] [attc] compact
[dbg     663.1 ms] [attc] sort
[dbg     663.5 ms] [attc] reduce
[dbg     664.1 ms] [attc] final
[dbg     664.2 ms] [attc] pack
[dbg     665.5 ms] [attc] d2h
[dbg     666.4 ms] [atti] start
[dbg     666.8 ms] [atti] csc
[dbg     666.8 ms] [atti] h2d
[dbg     666.8 ms] [atti] count
[dbg     667.2 ms] [atti] scan
[dbg     667.2 ms] [atti] expand
[dbg     668.2 ms] [atti] compact
[dbg     668.8 ms] [atti] sort
[dbg     669.2 ms] [atti] reduce
[dbg     670.6 ms] [atti] final
[dbg     670.6 ms] [atti] symbolic
[dbg     671.0 ms] [atti] numeric
[dbg     671.1 ms] [atti] pack
[dbg     672.2 ms] [atti] d2h
[dbg     673.1 ms] [cut] start
[dbg     673.4 ms] [cut] h2d
[dbg     673.7 ms] [cut] transpose
[dbg     673.7 ms] cusparse: workEstimation begin
[dbg     674.0 ms] [cut] workest (buf1=763535 B)
[dbg     674.0 ms] cusparse: compute begin
[dbg     675.5 ms] [cut] compute (buf2=57514887 B)
[dbg     675.5 ms] cusparse: C size = 1806 x 1806, nnz=195654
[dbg     675.6 ms] cusparse: copy begin
[dbg     675.8 ms] [cut] copy
[dbg     676.0 ms] [cut] pack
[dbg     677.5 ms] [cut] d2h
[dbg     678.1 ms] [atto] start
[dbg     679.0 ms] [atto] csc
[dbg     679.0 ms] [atto] h2d
[dbg     679.3 ms] [atto] count
[dbg     679.6 ms] [atto] scan
[dbg     679.6 ms] [atto] expand
[dbg     680.0 ms] [atto] sort
[dbg     680.2 ms] [atto] reduce
[dbg     680.5 ms] [atto] final
[dbg     680.6 ms] [atto] pack
[dbg     681.8 ms] [atto] d2h
[dbg     682.7 ms] [attg] start
[dbg     683.3 ms] [attg] csc
[dbg     683.3 ms] [attg] h2d
[dbg     683.6 ms] [attg] count
[dbg     684.0 ms] [attg] scan
[dbg     684.3 ms] [attg] expand
[dbg     685.2 ms] [attg] compact
[dbg     685.5 ms] [attg] sort
[dbg     685.7 ms] [attg] reduce
[dbg     686.1 ms] [attg] final
[dbg     686.3 ms] [attg] pack
[dbg     687.4 ms] [attg] d2h
[dbg     688.3 ms] [attc] start
[dbg     689.0 ms] [attc] csc
[dbg     689.0 ms] [attc] h2d
[dbg     689.3 ms] [attc] count
[dbg     690.0 ms] [attc] scan
[dbg     690.2 ms] [attc] expand
[dbg     690.9 ms] [attc] compact
[dbg     691.4 ms] [attc] sort
[dbg     691.8 ms] [attc] reduce
[dbg     692.2 ms] [attc] final
[dbg     692.4 ms] [attc] pack
[dbg     693.5 ms] [attc] d2h
[dbg     694.4 ms] [atti] start
[dbg     695.1 ms] [atti] csc
[dbg     695.1 ms] [atti] h2d
[dbg     695.5 ms] [atti] count
[dbg     696.2 ms] [atti] scan
[dbg     696.4 ms] [atti] expand
[dbg     696.8 ms] [atti] compact
[dbg     697.2 ms] [atti] sort
[dbg     697.4 ms] [atti] reduce
[dbg     697.7 ms] [atti] final
[dbg     697.7 ms] [atti] symbolic
[dbg     697.8 ms] [atti] numeric
[dbg     697.9 ms] [atti] pack
[dbg     699.0 ms] [atti] d2h
Reading matrix from ./data/first100/bcsstk14.mtx...
Input A: 1806 x 1806, nnz = 63454, sparsity = 98.05%
===============WARMING UP (att)===============
=== Computing C = A x A^T (cuSPARSE) ===
Result C (A·Aᵀ 全量): 1806 x 1806, nnz = 195654
Time: 4.690 ms

=== Computing C = A x A^T upper (outer) ===
Result C (A·Aᵀ 上三角): 1806 x 1806, nnz = 98730
Time: 4.310 ms

=== Computing C = A x A^T upper (Gustavson) ===
Result C (A·Aᵀ 上三角): 1806 x 1806, nnz = 98730
Time: 5.237 ms

=== Computing C = A x A^T upper (colwise) ===
Result C (A·Aᵀ 上三角): 1806 x 1806, nnz = 98730
Time: 5.746 ms

=== Computing C = A x A^T upper (inner) ===
Result C (A·Aᵀ 上三角): 1806 x 1806, nnz = 98730
Time: 5.071 ms

=== All att tests completed ===
Processing bcsstk15 (att) ... (max 600s)
[dbg       0.0 ms] main entry, initializing CUDA context...
[dbg     710.3 ms] CUDA context ready
[dbg     710.4 ms] start read_matrix_market: ./data/first100/bcsstk15.mtx
[dbg     730.9 ms] read done: 3948 x 3948, nnz=117816
[dbg     730.9 ms] [cut] start
[dbg     750.6 ms] [cut] h2d
[dbg     777.1 ms] [cut] transpose
[dbg     777.8 ms] cusparse: workEstimation begin
[dbg     782.6 ms] [cut] workest (buf1=1416903 B)
[dbg     782.6 ms] cusparse: compute begin
[dbg     786.1 ms] [cut] compute (buf2=90001511 B)
[dbg     786.1 ms] cusparse: C size = 3948 x 3948, nnz=527688
[dbg     786.4 ms] cusparse: copy begin
[dbg     786.5 ms] [cut] copy
[dbg     786.7 ms] [cut] pack
[dbg     790.5 ms] [cut] d2h
[dbg     791.5 ms] [atto] start
[dbg     794.0 ms] [atto] csc
[dbg     794.0 ms] [atto] h2d
[dbg     794.0 ms] [atto] count
[dbg     794.5 ms] [atto] scan
[dbg     794.6 ms] [atto] expand
[dbg     795.4 ms] [atto] sort
[dbg     795.9 ms] [atto] reduce
[dbg     796.5 ms] [atto] final
[dbg     796.6 ms] [atto] pack
[dbg     798.3 ms] [atto] d2h
[dbg     799.6 ms] [attg] start
[dbg     800.2 ms] [attg] csc
[dbg     800.3 ms] [attg] h2d
[dbg     800.3 ms] [attg] count
[dbg     801.0 ms] [attg] scan
[dbg     801.1 ms] [attg] expand
[dbg     801.9 ms] [attg] compact
[dbg     802.6 ms] [attg] sort
[dbg     803.0 ms] [attg] reduce
[dbg     803.9 ms] [attg] final
[dbg     804.0 ms] [attg] pack
[dbg     805.6 ms] [attg] d2h
[dbg     806.6 ms] [attc] start
[dbg     807.2 ms] [attc] csc
[dbg     807.2 ms] [attc] h2d
[dbg     807.2 ms] [attc] count
[dbg     807.9 ms] [attc] scan
[dbg     808.0 ms] [attc] expand
[dbg     808.6 ms] [attc] compact
[dbg     809.2 ms] [attc] sort
[dbg     809.5 ms] [attc] reduce
[dbg     810.6 ms] [attc] final
[dbg     810.8 ms] [attc] pack
[dbg     812.2 ms] [attc] d2h
[dbg     813.1 ms] [atti] start
[dbg     814.1 ms] [atti] csc
[dbg     814.1 ms] [atti] h2d
[dbg     814.4 ms] [atti] count
[dbg     815.1 ms] [atti] scan
[dbg     815.3 ms] [atti] expand
[dbg     816.6 ms] [atti] compact
[dbg     817.2 ms] [atti] sort
[dbg     817.7 ms] [atti] reduce
[dbg     818.3 ms] [atti] final
[dbg     818.3 ms] [atti] symbolic
[dbg     818.4 ms] [atti] numeric
[dbg     818.5 ms] [atti] pack
[dbg     820.1 ms] [atti] d2h
[dbg     821.1 ms] [cut] start
[dbg     821.6 ms] [cut] h2d
[dbg     822.4 ms] [cut] transpose
[dbg     822.9 ms] cusparse: workEstimation begin
[dbg     823.2 ms] [cut] workest (buf1=1416903 B)
[dbg     823.2 ms] cusparse: compute begin
[dbg     824.1 ms] [cut] compute (buf2=90001511 B)
[dbg     824.2 ms] cusparse: C size = 3948 x 3948, nnz=527688
[dbg     824.6 ms] cusparse: copy begin
[dbg     824.7 ms] [cut] copy
[dbg     824.9 ms] [cut] pack
[dbg     828.1 ms] [cut] d2h
[dbg     828.9 ms] [atto] start
[dbg     829.6 ms] [atto] csc
[dbg     829.7 ms] [atto] h2d
[dbg     830.0 ms] [atto] count
[dbg     830.5 ms] [atto] scan
[dbg     830.9 ms] [atto] expand
[dbg     831.6 ms] [atto] sort
[dbg     831.9 ms] [atto] reduce
[dbg     833.1 ms] [atto] final
[dbg     833.5 ms] [atto] pack
[dbg     834.9 ms] [atto] d2h
[dbg     835.7 ms] [attg] start
[dbg     836.2 ms] [attg] csc
[dbg     836.3 ms] [attg] h2d
[dbg     836.3 ms] [attg] count
[dbg     836.5 ms] [attg] scan
[dbg     836.6 ms] [attg] expand
[dbg     837.0 ms] [attg] compact
[dbg     837.6 ms] [attg] sort
[dbg     838.1 ms] [attg] reduce
[dbg     838.7 ms] [attg] final
[dbg     839.1 ms] [attg] pack
[dbg     840.3 ms] [attg] d2h
[dbg     841.1 ms] [attc] start
[dbg     841.6 ms] [attc] csc
[dbg     841.6 ms] [attc] h2d
[dbg     841.6 ms] [attc] count
[dbg     841.9 ms] [attc] scan
[dbg     842.0 ms] [attc] expand
[dbg     842.4 ms] [attc] compact
[dbg     842.9 ms] [attc] sort
[dbg     843.1 ms] [attc] reduce
[dbg     843.4 ms] [attc] final
[dbg     843.5 ms] [attc] pack
[dbg     844.7 ms] [attc] d2h
[dbg     845.5 ms] [atti] start
[dbg     846.0 ms] [atti] csc
[dbg     846.0 ms] [atti] h2d
[dbg     846.0 ms] [atti] count
[dbg     846.3 ms] [atti] scan
[dbg     846.4 ms] [atti] expand
[dbg     846.8 ms] [atti] compact
[dbg     847.2 ms] [atti] sort
[dbg     847.4 ms] [atti] reduce
[dbg     847.8 ms] [atti] final
[dbg     847.8 ms] [atti] symbolic
[dbg     847.8 ms] [atti] numeric
[dbg     848.0 ms] [atti] pack
[dbg     849.2 ms] [atti] d2h
Reading matrix from ./data/first100/bcsstk15.mtx...
Input A: 3948 x 3948, nnz = 117816, sparsity = 99.24%
===============WARMING UP (att)===============
=== Computing C = A x A^T (cuSPARSE) ===
Result C (A·Aᵀ 全量): 3948 x 3948, nnz = 527688
Time: 7.319 ms

=== Computing C = A x A^T upper (outer) ===
Result C (A·Aᵀ 上三角): 3948 x 3948, nnz = 265818
Time: 6.409 ms

=== Computing C = A x A^T upper (Gustavson) ===
Result C (A·Aᵀ 上三角): 3948 x 3948, nnz = 265818
Time: 5.116 ms

=== Computing C = A x A^T upper (colwise) ===
Result C (A·Aᵀ 上三角): 3948 x 3948, nnz = 265818
Time: 4.100 ms

=== Computing C = A x A^T upper (inner) ===
Result C (A·Aᵀ 上三角): 3948 x 3948, nnz = 265818
Time: 4.114 ms

=== All att tests completed ===
Processing bcsstk16 (att) ... (max 600s)
[dbg       0.0 ms] main entry, initializing CUDA context...
[dbg     587.7 ms] CUDA context ready
[dbg     587.9 ms] start read_matrix_market: ./data/first100/bcsstk16.mtx
[dbg     632.8 ms] read done: 4884 x 4884, nnz=290378
[dbg     632.8 ms] [cut] start
[dbg     642.7 ms] [cut] h2d
[dbg     666.0 ms] [cut] transpose
[dbg     666.5 ms] cusparse: workEstimation begin
[dbg     671.6 ms] [cut] workest (buf1=3490719 B)
[dbg     671.6 ms] cusparse: compute begin
[dbg     674.4 ms] [cut] compute (buf2=449881831 B)
[dbg     674.5 ms] cusparse: C size = 4884 x 4884, nnz=1038782
[dbg     674.6 ms] cusparse: copy begin
[dbg     674.8 ms] [cut] copy
[dbg     674.9 ms] [cut] pack
[dbg     681.0 ms] [cut] d2h
[dbg     682.2 ms] [atto] start
[dbg     685.3 ms] [atto] csc
[dbg     685.4 ms] [atto] h2d
[dbg     685.6 ms] [atto] count
[dbg     686.1 ms] [atto] scan
[dbg     686.2 ms] [atto] expand
[dbg     687.7 ms] [atto] sort
[dbg     688.2 ms] [atto] reduce
[dbg     688.6 ms] [atto] final
[dbg     688.7 ms] [atto] pack
[dbg     690.6 ms] [atto] d2h
[dbg     691.7 ms] [attg] start
[dbg     692.6 ms] [attg] csc
[dbg     692.7 ms] [attg] h2d
[dbg     692.7 ms] [attg] count
[dbg     693.1 ms] [attg] scan
[dbg     693.4 ms] [attg] expand
[dbg     694.2 ms] [attg] compact
[dbg     695.8 ms] [attg] sort
[dbg     696.2 ms] [attg] reduce
[dbg     696.9 ms] [attg] final
[dbg     697.0 ms] [attg] pack
[dbg     698.9 ms] [attg] d2h
[dbg     699.9 ms] [attc] start
[dbg     701.1 ms] [attc] csc
[dbg     701.1 ms] [attc] h2d
[dbg     701.2 ms] [attc] count
[dbg     701.4 ms] [attc] scan
[dbg     701.6 ms] [attc] expand
[dbg     702.2 ms] [attc] compact
[dbg     703.6 ms] [attc] sort
[dbg     703.9 ms] [attc] reduce
[dbg     704.2 ms] [attc] final
[dbg     704.3 ms] [attc] pack
[dbg     706.1 ms] [attc] d2h
[dbg     707.0 ms] [atti] start
[dbg     707.7 ms] [atti] csc
[dbg     707.8 ms] [atti] h2d
[dbg     707.8 ms] [atti] count
[dbg     707.9 ms] [atti] scan
[dbg     708.2 ms] [atti] expand
[dbg     708.7 ms] [atti] compact
[dbg     710.2 ms] [atti] sort
[dbg     710.4 ms] [atti] reduce
[dbg     710.7 ms] [atti] final
[dbg     710.7 ms] [atti] symbolic
[dbg     710.9 ms] [atti] numeric
[dbg     711.0 ms] [atti] pack
[dbg     712.7 ms] [atti] d2h
[dbg     713.6 ms] [cut] start
[dbg     714.0 ms] [cut] h2d
[dbg     714.4 ms] [cut] transpose
[dbg     714.7 ms] cusparse: workEstimation begin
[dbg     714.8 ms] [cut] workest (buf1=3490719 B)
[dbg     714.8 ms] cusparse: compute begin
[dbg     716.0 ms] [cut] compute (buf2=449881831 B)
[dbg     716.0 ms] cusparse: C size = 4884 x 4884, nnz=1038782
[dbg     716.1 ms] cusparse: copy begin
[dbg     716.2 ms] [cut] copy
[dbg     716.2 ms] [cut] pack
[dbg     720.2 ms] [cut] d2h
[dbg     721.3 ms] [atto] start
[dbg     722.1 ms] [atto] csc
[dbg     722.1 ms] [atto] h2d
[dbg     722.1 ms] [atto] count
[dbg     722.3 ms] [atto] scan
[dbg     722.4 ms] [atto] expand
[dbg     723.8 ms] [atto] sort
[dbg     724.0 ms] [atto] reduce
[dbg     724.3 ms] [atto] final
[dbg     724.4 ms] [atto] pack
[dbg     726.2 ms] [atto] d2h
[dbg     741.2 ms] [attg] start
[dbg     742.0 ms] [attg] csc
[dbg     742.0 ms] [attg] h2d
[dbg     742.0 ms] [attg] count
[dbg     742.2 ms] [attg] scan
[dbg     742.4 ms] [attg] expand
[dbg     743.0 ms] [attg] compact
[dbg     747.0 ms] [attg] sort
[dbg     752.9 ms] [attg] reduce
[dbg     758.4 ms] [attg] final
[dbg     758.5 ms] [attg] pack
[dbg     760.9 ms] [attg] d2h
[dbg     806.1 ms] [attc] start
[dbg     807.6 ms] [attc] csc
[dbg     807.7 ms] [attc] h2d
[dbg     807.7 ms] [attc] count
[dbg     808.2 ms] [attc] scan
[dbg     808.4 ms] [attc] expand
[dbg     809.4 ms] [attc] compact
[dbg     811.2 ms] [attc] sort
[dbg     811.6 ms] [attc] reduce
[dbg     812.6 ms] [attc] final
[dbg     812.9 ms] [attc] pack
[dbg     818.3 ms] [attc] d2h
[dbg     821.3 ms] [atti] start
[dbg     822.7 ms] [atti] csc
[dbg     822.8 ms] [atti] h2d
[dbg     822.8 ms] [atti] count
[dbg     823.2 ms] [atti] scan
[dbg     823.4 ms] [atti] expand
[dbg     824.3 ms] [atti] compact
[dbg     826.0 ms] [atti] sort
[dbg     826.3 ms] [atti] reduce
[dbg     827.1 ms] [atti] final
[dbg     827.1 ms] [atti] symbolic
[dbg     827.2 ms] [atti] numeric
[dbg     827.4 ms] [atti] pack
[dbg     831.4 ms] [atti] d2h
Reading matrix from ./data/first100/bcsstk16.mtx...
Input A: 4884 x 4884, nnz = 290378, sparsity = 98.78%
===============WARMING UP (att)===============
=== Computing C = A x A^T (cuSPARSE) ===
Result C (A·Aᵀ 全量): 4884 x 4884, nnz = 1038782
Time: 6.865 ms

=== Computing C = A x A^T upper (outer) ===
Result C (A·Aᵀ 上三角): 4884 x 4884, nnz = 521833
Time: 19.462 ms

=== Computing C = A x A^T upper (Gustavson) ===
Result C (A·Aᵀ 上三角): 4884 x 4884, nnz = 521833
Time: 63.373 ms

=== Computing C = A x A^T upper (colwise) ===
Result C (A·Aᵀ 上三角): 4884 x 4884, nnz = 521833
Time: 13.841 ms

=== Computing C = A x A^T upper (inner) ===
Result C (A·Aᵀ 上三角): 4884 x 4884, nnz = 521833
Time: 10.974 ms

=== All att tests completed ===
Processing bcsstk17 (att) ... (max 600s)
[dbg       0.0 ms] main entry, initializing CUDA context...
[dbg     240.9 ms] CUDA context ready
[dbg     241.1 ms] start read_matrix_market: ./data/first100/bcsstk17.mtx
[dbg     314.2 ms] read done: 10974 x 10974, nnz=428650
[dbg     314.2 ms] [cut] start
[dbg     324.8 ms] [cut] h2d
[dbg     348.5 ms] [cut] transpose
[dbg     349.2 ms] cusparse: workEstimation begin
[dbg     353.8 ms] [cut] workest (buf1=5152287 B)
[dbg     353.8 ms] cusparse: compute begin
[dbg     357.5 ms] [cut] compute (buf2=464819271 B)
[dbg     357.6 ms] cusparse: C size = 10974 x 10974, nnz=1406936
[dbg     358.2 ms] cusparse: copy begin
[dbg     358.8 ms] [cut] copy
[dbg     359.1 ms] [cut] pack
[dbg     376.0 ms] [cut] d2h
[dbg     380.4 ms] [atto] start
[dbg     385.6 ms] [atto] csc
[dbg     385.6 ms] [atto] h2d
[dbg     385.7 ms] [atto] count
[dbg     386.0 ms] [atto] scan
[dbg     386.1 ms] [atto] expand
[dbg     387.8 ms] [atto] sort
[dbg     388.4 ms] [atto] reduce
[dbg     389.1 ms] [atto] final
[dbg     389.3 ms] [atto] pack
[dbg     394.1 ms] [atto] d2h
[dbg     395.7 ms] [attg] start
[dbg     397.3 ms] [attg] csc
[dbg     397.3 ms] [attg] h2d
[dbg     397.4 ms] [attg] count
[dbg     397.6 ms] [attg] scan
[dbg     397.9 ms] [attg] expand
[dbg     398.8 ms] [attg] compact
[dbg     400.3 ms] [attg] sort
[dbg     400.6 ms] [attg] reduce
[dbg     401.1 ms] [attg] final
[dbg     401.2 ms] [attg] pack
[dbg     404.8 ms] [attg] d2h
[dbg     406.0 ms] [attc] start
[dbg     407.5 ms] [attc] csc
[dbg     407.6 ms] [attc] h2d
[dbg     407.6 ms] [attc] count
[dbg     407.8 ms] [attc] scan
[dbg     408.1 ms] [attc] expand
[dbg     408.8 ms] [attc] compact
[dbg     410.3 ms] [attc] sort
[dbg     410.5 ms] [attc] reduce
[dbg     410.9 ms] [attc] final
[dbg     411.0 ms] [attc] pack
[dbg     414.4 ms] [attc] d2h
[dbg     415.7 ms] [atti] start
[dbg     422.4 ms] [atti] csc
[dbg     422.4 ms] [atti] h2d
[dbg     422.4 ms] [atti] count
[dbg     428.3 ms] [atti] scan
[dbg     428.7 ms] [atti] expand
[dbg     431.0 ms] [atti] compact
[dbg     432.5 ms] [atti] sort
[dbg     432.8 ms] [atti] reduce
[dbg     433.1 ms] [atti] final
[dbg     433.1 ms] [atti] symbolic
[dbg     433.3 ms] [atti] numeric
[dbg     433.4 ms] [atti] pack
[dbg     437.9 ms] [atti] d2h
[dbg     449.8 ms] [cut] start
[dbg     452.0 ms] [cut] h2d
[dbg     499.3 ms] [cut] transpose
[dbg     500.0 ms] cusparse: workEstimation begin
[dbg     500.2 ms] [cut] workest (buf1=5152287 B)
[dbg     500.2 ms] cusparse: compute begin
[dbg     502.2 ms] [cut] compute (buf2=464819271 B)
[dbg     502.2 ms] cusparse: C size = 10974 x 10974, nnz=1406936
[dbg     502.5 ms] cusparse: copy begin
[dbg     502.6 ms] [cut] copy
[dbg     502.7 ms] [cut] pack
[dbg     516.0 ms] [cut] d2h
[dbg     518.7 ms] [atto] start
[dbg     520.6 ms] [atto] csc
[dbg     520.7 ms] [atto] h2d
[dbg     520.7 ms] [atto] count
[dbg     521.0 ms] [atto] scan
[dbg     521.1 ms] [atto] expand
[dbg     522.6 ms] [atto] sort
[dbg     523.0 ms] [atto] reduce
[dbg     523.6 ms] [atto] final
[dbg     523.8 ms] [atto] pack
[dbg     527.9 ms] [atto] d2h
[dbg     529.5 ms] [attg] start
[dbg     531.1 ms] [attg] csc
[dbg     531.1 ms] [attg] h2d
[dbg     531.2 ms] [attg] count
[dbg     531.4 ms] [attg] scan
[dbg     531.7 ms] [attg] expand
[dbg     532.4 ms] [attg] compact
[dbg     533.9 ms] [attg] sort
[dbg     534.3 ms] [attg] reduce
[dbg     534.7 ms] [attg] final
[dbg     534.8 ms] [attg] pack
[dbg     538.2 ms] [attg] d2h
[dbg     539.4 ms] [attc] start
[dbg     540.9 ms] [attc] csc
[dbg     540.9 ms] [attc] h2d
[dbg     540.9 ms] [attc] count
[dbg     541.1 ms] [attc] scan
[dbg     541.4 ms] [attc] expand
[dbg     542.0 ms] [attc] compact
[dbg     543.5 ms] [attc] sort
[dbg     543.8 ms] [attc] reduce
[dbg     544.9 ms] [attc] final
[dbg     545.8 ms] [attc] pack
[dbg     549.8 ms] [attc] d2h
[dbg     555.9 ms] [atti] start
[dbg     560.6 ms] [atti] csc
[dbg     560.6 ms] [atti] h2d
[dbg     560.7 ms] [atti] count
[dbg     561.2 ms] [atti] scan
[dbg     561.5 ms] [atti] expand
[dbg     566.2 ms] [atti] compact
[dbg     569.1 ms] [atti] sort
[dbg     570.8 ms] [atti] reduce
[dbg     572.4 ms] [atti] final
[dbg     572.4 ms] [atti] symbolic
[dbg     572.6 ms] [atti] numeric
[dbg     574.0 ms] [atti] pack
[dbg     580.5 ms] [atti] d2h
Reading matrix from ./data/first100/bcsstk17.mtx...
Input A: 10974 x 10974, nnz = 428650, sparsity = 99.64%
===============WARMING UP (att)===============
=== Computing C = A x A^T (cuSPARSE) ===
Result C (A·Aᵀ 全量): 10974 x 10974, nnz = 1406936
Time: 66.683 ms

=== Computing C = A x A^T upper (outer) ===
Result C (A·Aᵀ 上三角): 10974 x 10974, nnz = 708955
Time: 9.961 ms

=== Computing C = A x A^T upper (Gustavson) ===
Result C (A·Aᵀ 上三角): 10974 x 10974, nnz = 708955
Time: 9.274 ms

=== Computing C = A x A^T upper (colwise) ===
Result C (A·Aᵀ 上三角): 10974 x 10974, nnz = 708955
Time: 15.424 ms

=== Computing C = A x A^T upper (inner) ===
Result C (A·Aᵀ 上三角): 10974 x 10974, nnz = 708955
Time: 27.231 ms

=== All att tests completed ===
Processing bcsstk18 (att) ... (max 600s)
[dbg       0.0 ms] main entry, initializing CUDA context...
[dbg     218.9 ms] CUDA context ready
[dbg     219.0 ms] start read_matrix_market: ./data/first100/bcsstk18.mtx
[dbg     246.7 ms] read done: 11948 x 11948, nnz=149090
[dbg     246.8 ms] [cut] start
[dbg     255.6 ms] [cut] h2d
[dbg     273.5 ms] [cut] transpose
[dbg     273.7 ms] cusparse: workEstimation begin
[dbg     278.8 ms] [cut] workest (buf1=1792703 B)
[dbg     278.8 ms] cusparse: compute begin
[dbg     281.0 ms] [cut] compute (buf2=61420527 B)
[dbg     281.0 ms] cusparse: C size = 11948 x 11948, nnz=713208
[dbg     281.1 ms] cusparse: copy begin
[dbg     281.2 ms] [cut] copy
[dbg     281.3 ms] [cut] pack
[dbg     284.1 ms] [cut] d2h
[dbg     285.3 ms] [atto] start
[dbg     287.3 ms] [atto] csc
[dbg     287.3 ms] [atto] h2d
[dbg     287.6 ms] [atto] count
[dbg     288.1 ms] [atto] scan
[dbg     288.3 ms] [atto] expand
[dbg     288.9 ms] [atto] sort
[dbg     289.4 ms] [atto] reduce
[dbg     292.5 ms] [atto] final
[dbg     292.6 ms] [atto] pack
[dbg     293.9 ms] [atto] d2h
[dbg     294.6 ms] [attg] start
[dbg     295.3 ms] [attg] csc
[dbg     295.3 ms] [attg] h2d
[dbg     295.3 ms] [attg] count
[dbg     295.5 ms] [attg] scan
[dbg     295.6 ms] [attg] expand
[dbg     296.0 ms] [attg] compact
[dbg     296.3 ms] [attg] sort
[dbg     296.5 ms] [attg] reduce
[dbg     296.7 ms] [attg] final
[dbg     296.8 ms] [attg] pack
[dbg     298.3 ms] [attg] d2h
[dbg     299.0 ms] [attc] start
[dbg     299.5 ms] [attc] csc
[dbg     299.5 ms] [attc] h2d
[dbg     299.6 ms] [attc] count
[dbg     299.7 ms] [attc] scan
[dbg     299.9 ms] [attc] expand
[dbg     300.2 ms] [attc] compact
[dbg     300.5 ms] [attc] sort
[dbg     300.6 ms] [attc] reduce
[dbg     300.9 ms] [attc] final
[dbg     300.9 ms] [attc] pack
[dbg     302.2 ms] [attc] d2h
[dbg     302.9 ms] [atti] start
[dbg     303.3 ms] [atti] csc
[dbg     303.3 ms] [atti] h2d
[dbg     303.3 ms] [atti] count
[dbg     303.5 ms] [atti] scan
[dbg     303.6 ms] [atti] expand
[dbg     303.9 ms] [atti] compact
[dbg     304.2 ms] [atti] sort
[dbg     304.3 ms] [atti] reduce
[dbg     304.6 ms] [atti] final
[dbg     304.6 ms] [atti] symbolic
[dbg     304.6 ms] [atti] numeric
[dbg     304.7 ms] [atti] pack
[dbg     306.0 ms] [atti] d2h
[dbg     306.6 ms] [cut] start
[dbg     306.8 ms] [cut] h2d
[dbg     307.2 ms] [cut] transpose
[dbg     307.3 ms] cusparse: workEstimation begin
[dbg     307.4 ms] [cut] workest (buf1=1792703 B)
[dbg     307.4 ms] cusparse: compute begin
[dbg     307.8 ms] [cut] compute (buf2=61420527 B)
[dbg     307.8 ms] cusparse: C size = 11948 x 11948, nnz=713208
[dbg     307.9 ms] cusparse: copy begin
[dbg     308.0 ms] [cut] copy
[dbg     308.1 ms] [cut] pack
[dbg     310.7 ms] [cut] d2h
[dbg     311.5 ms] [atto] start
[dbg     312.0 ms] [atto] csc
[dbg     312.0 ms] [atto] h2d
[dbg     312.0 ms] [atto] count
[dbg     312.2 ms] [atto] scan
[dbg     312.2 ms] [atto] expand
[dbg     312.5 ms] [atto] sort
[dbg     312.6 ms] [atto] reduce
[dbg     312.9 ms] [atto] final
[dbg     312.9 ms] [atto] pack
[dbg     314.2 ms] [atto] d2h
[dbg     314.8 ms] [attg] start
[dbg     315.3 ms] [attg] csc
[dbg     315.3 ms] [attg] h2d
[dbg     315.3 ms] [attg] count
[dbg     315.4 ms] [attg] scan
[dbg     315.6 ms] [attg] expand
[dbg     315.9 ms] [attg] compact
[dbg     316.2 ms] [attg] sort
[dbg     316.4 ms] [attg] reduce
[dbg     316.6 ms] [attg] final
[dbg     316.7 ms] [attg] pack
[dbg     317.9 ms] [attg] d2h
[dbg     318.6 ms] [attc] start
[dbg     318.9 ms] [attc] csc
[dbg     319.0 ms] [attc] h2d
[dbg     319.0 ms] [attc] count
[dbg     319.1 ms] [attc] scan
[dbg     319.3 ms] [attc] expand
[dbg     319.6 ms] [attc] compact
[dbg     319.9 ms] [attc] sort
[dbg     320.0 ms] [attc] reduce
[dbg     320.2 ms] [attc] final
[dbg     320.3 ms] [attc] pack
[dbg     323.4 ms] [attc] d2h
[dbg     335.7 ms] [atti] start
[dbg     336.1 ms] [atti] csc
[dbg     336.1 ms] [atti] h2d
[dbg     336.1 ms] [atti] count
[dbg     336.4 ms] [atti] scan
[dbg     336.5 ms] [atti] expand
[dbg     336.8 ms] [atti] compact
[dbg     337.2 ms] [atti] sort
[dbg     337.3 ms] [atti] reduce
[dbg     337.5 ms] [atti] final
[dbg     337.5 ms] [atti] symbolic
[dbg     337.6 ms] [atti] numeric
[dbg     337.7 ms] [atti] pack
[dbg     340.8 ms] [atti] d2h
Reading matrix from ./data/first100/bcsstk18.mtx...
Input A: 11948 x 11948, nnz = 149090, sparsity = 99.90%
===============WARMING UP (att)===============
=== Computing C = A x A^T (cuSPARSE) ===
Result C (A·Aᵀ 全量): 11948 x 11948, nnz = 713208
Time: 4.300 ms

=== Computing C = A x A^T upper (outer) ===
Result C (A·Aᵀ 上三角): 11948 x 11948, nnz = 362578
Time: 2.949 ms

=== Computing C = A x A^T upper (Gustavson) ===
Result C (A·Aᵀ 上三角): 11948 x 11948, nnz = 362578
Time: 3.405 ms

=== Computing C = A x A^T upper (colwise) ===
Result C (A·Aᵀ 上三角): 11948 x 11948, nnz = 362578
Time: 16.795 ms

=== Computing C = A x A^T upper (inner) ===
Result C (A·Aᵀ 上三角): 11948 x 11948, nnz = 362578
Time: 15.492 ms

=== All att tests completed ===
Processing bcsstk19 (att) ... (max 600s)
[dbg       0.0 ms] main entry, initializing CUDA context...
[dbg     569.4 ms] CUDA context ready
[dbg     569.5 ms] start read_matrix_market: ./data/first100/bcsstk19.mtx
[dbg     570.7 ms] read done: 817 x 817, nnz=6853
[dbg     570.7 ms] [cut] start
[dbg     579.1 ms] [cut] h2d
[dbg     602.4 ms] [cut] transpose
[dbg     602.5 ms] cusparse: workEstimation begin
[dbg     606.5 ms] [cut] workest (buf1=83299 B)
[dbg     606.5 ms] cusparse: compute begin
[dbg     607.3 ms] [cut] compute (buf2=1496439 B)
[dbg     607.4 ms] cusparse: C size = 817 x 817, nnz=18305
[dbg     607.4 ms] cusparse: copy begin
[dbg     607.5 ms] [cut] copy
[dbg     607.5 ms] [cut] pack
[dbg     609.1 ms] [cut] d2h
[dbg     609.5 ms] [atto] start
[dbg     611.6 ms] [atto] csc
[dbg     611.7 ms] [atto] h2d
[dbg     611.7 ms] [atto] count
[dbg     611.7 ms] [atto] scan
[dbg     611.8 ms] [atto] expand
[dbg     612.1 ms] [atto] sort
[dbg     612.2 ms] [atto] reduce
[dbg     612.3 ms] [atto] final
[dbg     612.3 ms] [atto] pack
[dbg     613.7 ms] [atto] d2h
[dbg     614.1 ms] [attg] start
[dbg     614.4 ms] [attg] csc
[dbg     614.4 ms] [attg] h2d
[dbg     614.4 ms] [attg] count
[dbg     614.5 ms] [attg] scan
[dbg     614.5 ms] [attg] expand
[dbg     614.6 ms] [attg] compact
[dbg     614.8 ms] [attg] sort
[dbg     614.8 ms] [attg] reduce
[dbg     614.9 ms] [attg] final
[dbg     614.9 ms] [attg] pack
[dbg     616.0 ms] [attg] d2h
[dbg     616.4 ms] [attc] start
[dbg     616.7 ms] [attc] csc
[dbg     616.7 ms] [attc] h2d
[dbg     616.7 ms] [attc] count
[dbg     616.8 ms] [attc] scan
[dbg     616.8 ms] [attc] expand
[dbg     616.9 ms] [attc] compact
[dbg     617.0 ms] [attc] sort
[dbg     617.1 ms] [attc] reduce
[dbg     617.1 ms] [attc] final
[dbg     617.1 ms] [attc] pack
[dbg     618.1 ms] [attc] d2h
[dbg     618.5 ms] [atti] start
[dbg     618.7 ms] [atti] csc
[dbg     618.7 ms] [atti] h2d
[dbg     618.8 ms] [atti] count
[dbg     618.8 ms] [atti] scan
[dbg     618.8 ms] [atti] expand
[dbg     618.9 ms] [atti] compact
[dbg     619.0 ms] [atti] sort
[dbg     619.1 ms] [atti] reduce
[dbg     619.1 ms] [atti] final
[dbg     619.1 ms] [atti] symbolic
[dbg     619.2 ms] [atti] numeric
[dbg     619.2 ms] [atti] pack
[dbg     620.1 ms] [atti] d2h
[dbg     620.5 ms] [cut] start
[dbg     620.7 ms] [cut] h2d
[dbg     620.9 ms] [cut] transpose
[dbg     620.9 ms] cusparse: workEstimation begin
[dbg     621.0 ms] [cut] workest (buf1=83299 B)
[dbg     621.0 ms] cusparse: compute begin
[dbg     621.1 ms] [cut] compute (buf2=1496439 B)
[dbg     621.2 ms] cusparse: C size = 817 x 817, nnz=18305
[dbg     621.2 ms] cusparse: copy begin
[dbg     621.2 ms] [cut] copy
[dbg     621.2 ms] [cut] pack
[dbg     622.2 ms] [cut] d2h
[dbg     622.6 ms] [atto] start
[dbg     622.8 ms] [atto] csc
[dbg     622.8 ms] [atto] h2d
[dbg     622.8 ms] [atto] count
[dbg     622.9 ms] [atto] scan
[dbg     622.9 ms] [atto] expand
[dbg     623.0 ms] [atto] sort
[dbg     623.1 ms] [atto] reduce
[dbg     623.1 ms] [atto] final
[dbg     623.1 ms] [atto] pack
[dbg     624.1 ms] [atto] d2h
[dbg     624.5 ms] [attg] start
[dbg     625.2 ms] [attg] csc
[dbg     625.2 ms] [attg] h2d
[dbg     625.4 ms] [attg] count
[dbg     625.8 ms] [attg] scan
[dbg     626.0 ms] [attg] expand
[dbg     626.1 ms] [attg] compact
[dbg     626.3 ms] [attg] sort
[dbg     626.3 ms] [attg] reduce
[dbg     626.4 ms] [attg] final
[dbg     626.4 ms] [attg] pack
[dbg     627.3 ms] [attg] d2h
[dbg     627.7 ms] [attc] start
[dbg     627.9 ms] [attc] csc
[dbg     627.9 ms] [attc] h2d
[dbg     628.0 ms] [attc] count
[dbg     628.0 ms] [attc] scan
[dbg     628.0 ms] [attc] expand
[dbg     628.1 ms] [attc] compact
[dbg     628.2 ms] [attc] sort
[dbg     628.3 ms] [attc] reduce
[dbg     628.3 ms] [attc] final
[dbg     628.4 ms] [attc] pack
[dbg     629.2 ms] [attc] d2h
[dbg     629.7 ms] [atti] start
[dbg     630.4 ms] [atti] csc
[dbg     630.4 ms] [atti] h2d
[dbg     630.7 ms] [atti] count
[dbg     631.1 ms] [atti] scan
[dbg     631.1 ms] [atti] expand
[dbg     631.9 ms] [atti] compact
[dbg     632.3 ms] [atti] sort
[dbg     632.6 ms] [atti] reduce
[dbg     632.7 ms] [atti] final
[dbg     632.7 ms] [atti] symbolic
[dbg     632.7 ms] [atti] numeric
[dbg     632.7 ms] [atti] pack
[dbg     633.7 ms] [atti] d2h
Reading matrix from ./data/first100/bcsstk19.mtx...
Input A: 817 x 817, nnz = 6853, sparsity = 98.97%
===============WARMING UP (att)===============
=== Computing C = A x A^T (cuSPARSE) ===
Result C (A·Aᵀ 全量): 817 x 817, nnz = 18305
Time: 1.738 ms

=== Computing C = A x A^T upper (outer) ===
Result C (A·Aᵀ 上三角): 817 x 817, nnz = 9561
Time: 1.665 ms

=== Computing C = A x A^T upper (Gustavson) ===
Result C (A·Aᵀ 上三角): 817 x 817, nnz = 9561
Time: 2.883 ms

=== Computing C = A x A^T upper (colwise) ===
Result C (A·Aᵀ 上三角): 817 x 817, nnz = 9561
Time: 1.660 ms

=== Computing C = A x A^T upper (inner) ===
Result C (A·Aᵀ 上三角): 817 x 817, nnz = 9561
Time: 4.180 ms

=== All att tests completed ===
Processing bcsstk20 (att) ... (max 600s)
[dbg       0.0 ms] main entry, initializing CUDA context...
[dbg     323.1 ms] CUDA context ready
[dbg     323.3 ms] start read_matrix_market: ./data/first100/bcsstk20.mtx
[dbg     323.9 ms] read done: 485 x 485, nnz=3135
[dbg     323.9 ms] [cut] start
[dbg     352.0 ms] [cut] h2d
[dbg     381.7 ms] [cut] transpose
[dbg     381.8 ms] cusparse: workEstimation begin
[dbg     386.3 ms] [cut] workest (buf1=38683 B)
[dbg     386.3 ms] cusparse: compute begin
[dbg     387.1 ms] [cut] compute (buf2=556559 B)
[dbg     387.1 ms] cusparse: C size = 485 x 485, nnz=5545
[dbg     387.1 ms] cusparse: copy begin
[dbg     387.2 ms] [cut] copy
[dbg     387.2 ms] [cut] pack
[dbg     388.7 ms] [cut] d2h
[dbg     390.3 ms] [atto] start
[dbg     393.2 ms] [atto] csc
[dbg     393.2 ms] [atto] h2d
[dbg     393.2 ms] [atto] count
[dbg     393.3 ms] [atto] scan
[dbg     393.3 ms] [atto] expand
[dbg     393.5 ms] [atto] sort
[dbg     393.7 ms] [atto] reduce
[dbg     393.8 ms] [atto] final
[dbg     393.8 ms] [atto] pack
[dbg     397.8 ms] [atto] d2h
[dbg     398.9 ms] [attg] start
[dbg     399.7 ms] [attg] csc
[dbg     399.7 ms] [attg] h2d
[dbg     399.8 ms] [attg] count
[dbg     399.8 ms] [attg] scan
[dbg     399.8 ms] [attg] expand
[dbg     400.0 ms] [attg] compact
[dbg     400.1 ms] [attg] sort
[dbg     400.2 ms] [attg] reduce
[dbg     401.8 ms] [attg] final
[dbg     401.8 ms] [attg] pack
[dbg     403.0 ms] [attg] d2h
[dbg     403.4 ms] [attc] start
[dbg     403.6 ms] [attc] csc
[dbg     403.6 ms] [attc] h2d
[dbg     403.6 ms] [attc] count
[dbg     403.7 ms] [attc] scan
[dbg     403.7 ms] [attc] expand
[dbg     403.8 ms] [attc] compact
[dbg     403.9 ms] [attc] sort
[dbg     403.9 ms] [attc] reduce
[dbg     404.0 ms] [attc] final
[dbg     404.0 ms] [attc] pack
[dbg     405.9 ms] [attc] d2h
[dbg     406.3 ms] [atti] start
[dbg     406.5 ms] [atti] csc
[dbg     406.5 ms] [atti] h2d
[dbg     406.5 ms] [atti] count
[dbg     406.6 ms] [atti] scan
[dbg     406.6 ms] [atti] expand
[dbg     406.7 ms] [atti] compact
[dbg     406.8 ms] [atti] sort
[dbg     406.8 ms] [atti] reduce
[dbg     406.9 ms] [atti] final
[dbg     406.9 ms] [atti] symbolic
[dbg     406.9 ms] [atti] numeric
[dbg     406.9 ms] [atti] pack
[dbg     407.7 ms] [atti] d2h
[dbg     408.1 ms] [cut] start
[dbg     408.3 ms] [cut] h2d
[dbg     408.4 ms] [cut] transpose
[dbg     408.4 ms] cusparse: workEstimation begin
[dbg     408.5 ms] [cut] workest (buf1=38683 B)
[dbg     408.5 ms] cusparse: compute begin
[dbg     408.6 ms] [cut] compute (buf2=556559 B)
[dbg     408.6 ms] cusparse: C size = 485 x 485, nnz=5545
[dbg     408.6 ms] cusparse: copy begin
[dbg     408.7 ms] [cut] copy
[dbg     408.7 ms] [cut] pack
[dbg     409.5 ms] [cut] d2h
[dbg     409.9 ms] [atto] start
[dbg     410.1 ms] [atto] csc
[dbg     410.1 ms] [atto] h2d
[dbg     410.1 ms] [atto] count
[dbg     410.2 ms] [atto] scan
[dbg     410.2 ms] [atto] expand
[dbg     410.3 ms] [atto] sort
[dbg     410.3 ms] [atto] reduce
[dbg     410.4 ms] [atto] final
[dbg     410.4 ms] [atto] pack
[dbg     412.0 ms] [atto] d2h
[dbg     412.4 ms] [attg] start
[dbg     412.7 ms] [attg] csc
[dbg     412.7 ms] [attg] h2d
[dbg     412.7 ms] [attg] count
[dbg     412.8 ms] [attg] scan
[dbg     412.8 ms] [attg] expand
[dbg     412.9 ms] [attg] compact
[dbg     413.0 ms] [attg] sort
[dbg     413.0 ms] [attg] reduce
[dbg     413.1 ms] [attg] final
[dbg     413.1 ms] [attg] pack
[dbg     413.9 ms] [attg] d2h
[dbg     414.3 ms] [attc] start
[dbg     414.6 ms] [attc] csc
[dbg     414.6 ms] [attc] h2d
[dbg     414.6 ms] [attc] count
[dbg     414.7 ms] [attc] scan
[dbg     414.7 ms] [attc] expand
[dbg     415.1 ms] [attc] compact
[dbg     415.2 ms] [attc] sort
[dbg     415.2 ms] [attc] reduce
[dbg     415.3 ms] [attc] final
[dbg     415.3 ms] [attc] pack
[dbg     416.1 ms] [attc] d2h
[dbg     416.5 ms] [atti] start
[dbg     416.8 ms] [atti] csc
[dbg     416.8 ms] [atti] h2d
[dbg     416.8 ms] [atti] count
[dbg     416.9 ms] [atti] scan
[dbg     416.9 ms] [atti] expand
[dbg     417.0 ms] [atti] compact
[dbg     417.1 ms] [atti] sort
[dbg     417.1 ms] [atti] reduce
[dbg     417.2 ms] [atti] final
[dbg     417.2 ms] [atti] symbolic
[dbg     417.2 ms] [atti] numeric
[dbg     417.2 ms] [atti] pack
[dbg     418.0 ms] [atti] d2h
Reading matrix from ./data/first100/bcsstk20.mtx...
Input A: 485 x 485, nnz = 3135, sparsity = 98.67%
===============WARMING UP (att)===============
=== Computing C = A x A^T (cuSPARSE) ===
Result C (A·Aᵀ 全量): 485 x 485, nnz = 5545
Time: 1.497 ms

=== Computing C = A x A^T upper (outer) ===
Result C (A·Aᵀ 上三角): 485 x 485, nnz = 3015
Time: 2.220 ms

=== Computing C = A x A^T upper (Gustavson) ===
Result C (A·Aᵀ 上三角): 485 x 485, nnz = 3015
Time: 1.604 ms

=== Computing C = A x A^T upper (colwise) ===
Result C (A·Aᵀ 上三角): 485 x 485, nnz = 3015
Time: 1.933 ms

=== Computing C = A x A^T upper (inner) ===
Result C (A·Aᵀ 上三角): 485 x 485, nnz = 3015
Time: 1.669 ms

=== All att tests completed ===
Processing bcsstk21 (att) ... (max 600s)
[dbg       0.0 ms] main entry, initializing CUDA context...
[dbg     372.5 ms] CUDA context ready
[dbg     372.7 ms] start read_matrix_market: ./data/first100/bcsstk21.mtx
[dbg     377.0 ms] read done: 3600 x 3600, nnz=26600
[dbg     377.0 ms] [cut] start
[dbg     389.9 ms] [cut] h2d
[dbg     415.5 ms] [cut] transpose
[dbg     415.6 ms] cusparse: workEstimation begin
[dbg     419.8 ms] [cut] workest (buf1=320519 B)
[dbg     419.8 ms] cusparse: compute begin
[dbg     421.0 ms] [cut] compute (buf2=4862143 B)
[dbg     421.0 ms] cusparse: C size = 3600 x 3600, nnz=93072
[dbg     421.0 ms] cusparse: copy begin
[dbg     421.1 ms] [cut] copy
[dbg     421.2 ms] [cut] pack
[dbg     423.0 ms] [cut] d2h
[dbg     423.7 ms] [atto] start
[dbg     426.3 ms] [atto] csc
[dbg     426.3 ms] [atto] h2d
[dbg     426.3 ms] [atto] count
[dbg     426.4 ms] [atto] scan
[dbg     426.4 ms] [atto] expand
[dbg     426.9 ms] [atto] sort
[dbg     427.2 ms] [atto] reduce
[dbg     427.3 ms] [atto] final
[dbg     427.3 ms] [atto] pack
[dbg     428.7 ms] [atto] d2h
[dbg     429.2 ms] [attg] start
[dbg     429.6 ms] [attg] csc
[dbg     429.6 ms] [attg] h2d
[dbg     429.6 ms] [attg] count
[dbg     429.8 ms] [attg] scan
[dbg     429.9 ms] [attg] expand
[dbg     430.4 ms] [attg] compact
[dbg     430.7 ms] [attg] sort
[dbg     430.8 ms] [attg] reduce
[dbg     430.9 ms] [attg] final
[dbg     430.9 ms] [attg] pack
[dbg     432.2 ms] [attg] d2h
[dbg     432.7 ms] [attc] start
[dbg     433.1 ms] [attc] csc
[dbg     433.1 ms] [attc] h2d
[dbg     433.1 ms] [attc] count
[dbg     433.4 ms] [attc] scan
[dbg     433.4 ms] [attc] expand
[dbg     433.7 ms] [attc] compact
[dbg     434.0 ms] [attc] sort
[dbg     434.1 ms] [attc] reduce
[dbg     434.5 ms] [attc] final
[dbg     434.5 ms] [attc] pack
[dbg     435.6 ms] [attc] d2h
[dbg     436.2 ms] [atti] start
[dbg     436.5 ms] [atti] csc
[dbg     436.5 ms] [atti] h2d
[dbg     436.5 ms] [atti] count
[dbg     436.7 ms] [atti] scan
[dbg     436.7 ms] [atti] expand
[dbg     437.0 ms] [atti] compact
[dbg     437.4 ms] [atti] sort
[dbg     437.5 ms] [atti] reduce
[dbg     437.5 ms] [atti] final
[dbg     437.5 ms] [atti] symbolic
[dbg     437.6 ms] [atti] numeric
[dbg     437.6 ms] [atti] pack
[dbg     438.7 ms] [atti] d2h
[dbg     439.2 ms] [cut] start
[dbg     439.4 ms] [cut] h2d
[dbg     439.7 ms] [cut] transpose
[dbg     439.7 ms] cusparse: workEstimation begin
[dbg     439.8 ms] [cut] workest (buf1=320519 B)
[dbg     439.8 ms] cusparse: compute begin
[dbg     441.3 ms] [cut] compute (buf2=4862143 B)
[dbg     441.3 ms] cusparse: C size = 3600 x 3600, nnz=93072
[dbg     441.3 ms] cusparse: copy begin
[dbg     441.4 ms] [cut] copy
[dbg     444.9 ms] [cut] pack
[dbg     446.1 ms] [cut] d2h
[dbg     446.7 ms] [atto] start
[dbg     447.3 ms] [atto] csc
[dbg     447.3 ms] [atto] h2d
[dbg     447.3 ms] [atto] count
[dbg     447.3 ms] [atto] scan
[dbg     447.3 ms] [atto] expand
[dbg     447.6 ms] [atto] sort
[dbg     447.9 ms] [atto] reduce
[dbg     448.2 ms] [atto] final
[dbg     448.3 ms] [atto] pack
[dbg     449.1 ms] [atto] d2h
[dbg     449.6 ms] [attg] start
[dbg     451.2 ms] [attg] csc
[dbg     451.2 ms] [attg] h2d
[dbg     451.5 ms] [attg] count
[dbg     451.9 ms] [attg] scan
[dbg     452.1 ms] [attg] expand
[dbg     453.2 ms] [attg] compact
[dbg     453.4 ms] [attg] sort
[dbg     453.7 ms] [attg] reduce
[dbg     453.8 ms] [attg] final
[dbg     453.8 ms] [attg] pack
[dbg     454.5 ms] [attg] d2h
[dbg     458.1 ms] [attc] start
[dbg     458.3 ms] [attc] csc
[dbg     458.3 ms] [attc] h2d
[dbg     458.3 ms] [attc] count
[dbg     458.4 ms] [attc] scan
[dbg     458.4 ms] [attc] expand
[dbg     458.6 ms] [attc] compact
[dbg     458.8 ms] [attc] sort
[dbg     458.9 ms] [attc] reduce
[dbg     459.0 ms] [attc] final
[dbg     459.0 ms] [attc] pack
[dbg     459.7 ms] [attc] d2h
[dbg     460.2 ms] [atti] start
[dbg     460.3 ms] [atti] csc
[dbg     460.3 ms] [atti] h2d
[dbg     460.3 ms] [atti] count
[dbg     460.5 ms] [atti] scan
[dbg     460.5 ms] [atti] expand
[dbg     461.9 ms] [atti] compact
[dbg     462.3 ms] [atti] sort
[dbg     462.5 ms] [atti] reduce
[dbg     462.6 ms] [atti] final
[dbg     462.6 ms] [atti] symbolic
[dbg     462.6 ms] [atti] numeric
[dbg     462.6 ms] [atti] pack
[dbg     463.3 ms] [atti] d2h
Reading matrix from ./data/first100/bcsstk21.mtx...
Input A: 3600 x 3600, nnz = 26600, sparsity = 99.79%
===============WARMING UP (att)===============
=== Computing C = A x A^T (cuSPARSE) ===
Result C (A·Aᵀ 全量): 3600 x 3600, nnz = 93072
Time: 7.140 ms

=== Computing C = A x A^T upper (outer) ===
Result C (A·Aᵀ 上三角): 3600 x 3600, nnz = 48336
Time: 2.681 ms

=== Computing C = A x A^T upper (Gustavson) ===
Result C (A·Aᵀ 上三角): 3600 x 3600, nnz = 48336
Time: 8.262 ms

=== Computing C = A x A^T upper (colwise) ===
Result C (A·Aᵀ 上三角): 3600 x 3600, nnz = 48336
Time: 1.770 ms

=== Computing C = A x A^T upper (inner) ===
Result C (A·Aᵀ 上三角): 3600 x 3600, nnz = 48336
Time: 3.341 ms

=== All att tests completed ===
Processing bcsstk22 (att) ... (max 600s)
[dbg       0.0 ms] main entry, initializing CUDA context...
[dbg     406.8 ms] CUDA context ready
[dbg     407.0 ms] start read_matrix_market: ./data/first100/bcsstk22.mtx
[dbg     407.8 ms] read done: 138 x 138, nnz=696
[dbg     407.8 ms] [cut] start
[dbg     424.9 ms] [cut] h2d
[dbg     452.0 ms] [cut] transpose
[dbg     452.1 ms] cusparse: workEstimation begin
[dbg     456.3 ms] [cut] workest (buf1=9415 B)
[dbg     456.3 ms] cusparse: compute begin
[dbg     457.1 ms] [cut] compute (buf2=100663 B)
[dbg     457.1 ms] cusparse: C size = 138 x 138, nnz=1552
[dbg     457.1 ms] cusparse: copy begin
[dbg     457.2 ms] [cut] copy
[dbg     457.2 ms] [cut] pack
[dbg     458.9 ms] [cut] d2h
[dbg     459.4 ms] [atto] start
[dbg     461.5 ms] [atto] csc
[dbg     461.6 ms] [atto] h2d
[dbg     461.6 ms] [atto] count
[dbg     461.6 ms] [atto] scan
[dbg     461.7 ms] [atto] expand
[dbg     461.9 ms] [atto] sort
[dbg     462.1 ms] [atto] reduce
[dbg     462.2 ms] [atto] final
[dbg     462.2 ms] [atto] pack
[dbg     463.7 ms] [atto] d2h
[dbg     464.1 ms] [attg] start
[dbg     464.3 ms] [attg] csc
[dbg     464.3 ms] [attg] h2d
[dbg     464.3 ms] [attg] count
[dbg     464.4 ms] [attg] scan
[dbg     464.4 ms] [attg] expand
[dbg     464.6 ms] [attg] compact
[dbg     464.7 ms] [attg] sort
[dbg     464.7 ms] [attg] reduce
[dbg     464.8 ms] [attg] final
[dbg     464.8 ms] [attg] pack
[dbg     465.9 ms] [attg] d2h
[dbg     466.3 ms] [attc] start
[dbg     466.5 ms] [attc] csc
[dbg     466.5 ms] [attc] h2d
[dbg     466.6 ms] [attc] count
[dbg     466.6 ms] [attc] scan
[dbg     466.7 ms] [attc] expand
[dbg     466.7 ms] [attc] compact
[dbg     466.8 ms] [attc] sort
[dbg     466.9 ms] [attc] reduce
[dbg     466.9 ms] [attc] final
[dbg     467.0 ms] [attc] pack
[dbg     467.8 ms] [attc] d2h
[dbg     468.2 ms] [atti] start
[dbg     468.4 ms] [atti] csc
[dbg     468.4 ms] [atti] h2d
[dbg     468.4 ms] [atti] count
[dbg     468.5 ms] [atti] scan
[dbg     468.5 ms] [atti] expand
[dbg     468.6 ms] [atti] compact
[dbg     468.7 ms] [atti] sort
[dbg     468.7 ms] [atti] reduce
[dbg     468.8 ms] [atti] final
[dbg     468.8 ms] [atti] symbolic
[dbg     468.8 ms] [atti] numeric
[dbg     468.8 ms] [atti] pack
[dbg     469.7 ms] [atti] d2h
[dbg     470.1 ms] [cut] start
[dbg     470.2 ms] [cut] h2d
[dbg     470.4 ms] [cut] transpose
[dbg     470.4 ms] cusparse: workEstimation begin
[dbg     470.5 ms] [cut] workest (buf1=9415 B)
[dbg     470.5 ms] cusparse: compute begin
[dbg     470.7 ms] [cut] compute (buf2=100663 B)
[dbg     470.7 ms] cusparse: C size = 138 x 138, nnz=1552
[dbg     470.7 ms] cusparse: copy begin
[dbg     470.7 ms] [cut] copy
[dbg     470.7 ms] [cut] pack
[dbg     471.6 ms] [cut] d2h
[dbg     472.0 ms] [atto] start
[dbg     472.1 ms] [atto] csc
[dbg     472.2 ms] [atto] h2d
[dbg     472.2 ms] [atto] count
[dbg     472.2 ms] [atto] scan
[dbg     472.2 ms] [atto] expand
[dbg     472.3 ms] [atto] sort
[dbg     472.4 ms] [atto] reduce
[dbg     472.4 ms] [atto] final
[dbg     472.5 ms] [atto] pack
[dbg     473.3 ms] [atto] d2h
[dbg     473.7 ms] [attg] start
[dbg     473.9 ms] [attg] csc
[dbg     473.9 ms] [attg] h2d
[dbg     473.9 ms] [attg] count
[dbg     474.0 ms] [attg] scan
[dbg     474.0 ms] [attg] expand
[dbg     474.1 ms] [attg] compact
[dbg     474.2 ms] [attg] sort
[dbg     474.2 ms] [attg] reduce
[dbg     474.3 ms] [attg] final
[dbg     474.3 ms] [attg] pack
[dbg     475.1 ms] [attg] d2h
[dbg     475.6 ms] [attc] start
[dbg     475.7 ms] [attc] csc
[dbg     475.7 ms] [attc] h2d
[dbg     475.8 ms] [attc] count
[dbg     475.8 ms] [attc] scan
[dbg     475.8 ms] [attc] expand
[dbg     475.9 ms] [attc] compact
[dbg     476.0 ms] [attc] sort
[dbg     476.3 ms] [attc] reduce
[dbg     476.4 ms] [attc] final
[dbg     476.4 ms] [attc] pack
[dbg     477.2 ms] [attc] d2h
[dbg     477.7 ms] [atti] start
[dbg     478.0 ms] [atti] csc
[dbg     478.0 ms] [atti] h2d
[dbg     478.0 ms] [atti] count
[dbg     478.1 ms] [atti] scan
[dbg     478.1 ms] [atti] expand
[dbg     478.1 ms] [atti] compact
[dbg     478.3 ms] [atti] sort
[dbg     478.3 ms] [atti] reduce
[dbg     478.3 ms] [atti] final
[dbg     478.3 ms] [atti] symbolic
[dbg     478.4 ms] [atti] numeric
[dbg     478.4 ms] [atti] pack
[dbg     479.3 ms] [atti] d2h
Reading matrix from ./data/first100/bcsstk22.mtx...
Input A: 138 x 138, nnz = 696, sparsity = 96.35%
===============WARMING UP (att)===============
=== Computing C = A x A^T (cuSPARSE) ===
Result C (A·Aᵀ 全量): 138 x 138, nnz = 1552
Time: 1.552 ms

=== Computing C = A x A^T upper (outer) ===
Result C (A·Aᵀ 上三角): 138 x 138, nnz = 845
Time: 1.477 ms

=== Computing C = A x A^T upper (Gustavson) ===
Result C (A·Aᵀ 上三角): 138 x 138, nnz = 845
Time: 1.520 ms

=== Computing C = A x A^T upper (colwise) ===
Result C (A·Aᵀ 上三角): 138 x 138, nnz = 845
Time: 1.857 ms

=== Computing C = A x A^T upper (inner) ===
Result C (A·Aᵀ 上三角): 138 x 138, nnz = 845
Time: 1.731 ms

=== All att tests completed ===
Processing bcsstk23 (att) ... (max 600s)
[dbg       0.0 ms] main entry, initializing CUDA context...
[dbg     757.2 ms] CUDA context ready
[dbg     757.4 ms] start read_matrix_market: ./data/first100/bcsstk23.mtx
[dbg     765.3 ms] read done: 3134 x 3134, nnz=45178
[dbg     765.3 ms] [cut] start
[dbg     774.7 ms] [cut] h2d
[dbg     797.0 ms] [cut] transpose
[dbg     797.4 ms] cusparse: workEstimation begin
[dbg     801.4 ms] [cut] workest (buf1=543967 B)
[dbg     801.4 ms] cusparse: compute begin
[dbg     804.0 ms] [cut] compute (buf2=17442687 B)
[dbg     804.0 ms] cusparse: C size = 3134 x 3134, nnz=220632
[dbg     804.1 ms] cusparse: copy begin
[dbg     804.3 ms] [cut] copy
[dbg     804.4 ms] [cut] pack
[dbg     806.5 ms] [cut] d2h
[dbg     807.1 ms] [atto] start
[dbg     809.9 ms] [atto] csc
[dbg     809.9 ms] [atto] h2d
[dbg     810.2 ms] [atto] count
[dbg     810.8 ms] [atto] scan
[dbg     810.9 ms] [atto] expand
[dbg     811.5 ms] [atto] sort
[dbg     811.8 ms] [atto] reduce
[dbg     812.0 ms] [atto] final
[dbg     812.0 ms] [atto] pack
[dbg     813.3 ms] [atto] d2h
[dbg     813.9 ms] [attg] start
[dbg     814.4 ms] [attg] csc
[dbg     814.4 ms] [attg] h2d
[dbg     814.4 ms] [attg] count
[dbg     815.0 ms] [attg] scan
[dbg     815.0 ms] [attg] expand
[dbg     815.9 ms] [attg] compact
[dbg     816.3 ms] [attg] sort
[dbg     816.7 ms] [attg] reduce
[dbg     817.2 ms] [attg] final
[dbg     817.3 ms] [attg] pack
[dbg     818.4 ms] [attg] d2h
[dbg     819.3 ms] [attc] start
[dbg     820.0 ms] [attc] csc
[dbg     820.0 ms] [attc] h2d
[dbg     820.3 ms] [attc] count
[dbg     820.8 ms] [attc] scan
[dbg     821.0 ms] [attc] expand
[dbg     821.8 ms] [attc] compact
[dbg     822.1 ms] [attc] sort
[dbg     822.4 ms] [attc] reduce
[dbg     823.0 ms] [attc] final
[dbg     823.0 ms] [attc] pack
[dbg     824.1 ms] [attc] d2h
[dbg     824.8 ms] [atti] start
[dbg     825.5 ms] [atti] csc
[dbg     825.6 ms] [atti] h2d
[dbg     825.8 ms] [atti] count
[dbg     826.3 ms] [atti] scan
[dbg     826.5 ms] [atti] expand
[dbg     827.7 ms] [atti] compact
[dbg     828.1 ms] [atti] sort
[dbg     828.2 ms] [atti] reduce
[dbg     828.3 ms] [atti] final
[dbg     828.4 ms] [atti] symbolic
[dbg     828.4 ms] [atti] numeric
[dbg     828.4 ms] [atti] pack
[dbg     829.4 ms] [atti] d2h
[dbg     830.0 ms] [cut] start
[dbg     830.2 ms] [cut] h2d
[dbg     830.5 ms] [cut] transpose
[dbg     830.5 ms] cusparse: workEstimation begin
[dbg     830.5 ms] [cut] workest (buf1=543967 B)
[dbg     830.5 ms] cusparse: compute begin
[dbg     831.0 ms] [cut] compute (buf2=17442687 B)
[dbg     831.0 ms] cusparse: C size = 3134 x 3134, nnz=220632
[dbg     831.1 ms] cusparse: copy begin
[dbg     831.2 ms] [cut] copy
[dbg     831.2 ms] [cut] pack
[dbg     832.4 ms] [cut] d2h
[dbg     832.9 ms] [atto] start
[dbg     833.1 ms] [atto] csc
[dbg     833.1 ms] [atto] h2d
[dbg     833.1 ms] [atto] count
[dbg     833.4 ms] [atto] scan
[dbg     833.4 ms] [atto] expand
[dbg     833.7 ms] [atto] sort
[dbg     833.9 ms] [atto] reduce
[dbg     834.1 ms] [atto] final
[dbg     834.1 ms] [atto] pack
[dbg     835.0 ms] [atto] d2h
[dbg     835.6 ms] [attg] start
[dbg     835.9 ms] [attg] csc
[dbg     835.9 ms] [attg] h2d
[dbg     836.0 ms] [attg] count
[dbg     836.2 ms] [attg] scan
[dbg     836.2 ms] [attg] expand
[dbg     836.5 ms] [attg] compact
[dbg     836.8 ms] [attg] sort
[dbg     837.0 ms] [attg] reduce
[dbg     837.1 ms] [attg] final
[dbg     837.2 ms] [attg] pack
[dbg     838.1 ms] [attg] d2h
[dbg     838.7 ms] [attc] start
[dbg     839.0 ms] [attc] csc
[dbg     839.0 ms] [attc] h2d
[dbg     839.0 ms] [attc] count
[dbg     839.2 ms] [attc] scan
[dbg     839.2 ms] [attc] expand
[dbg     839.6 ms] [attc] compact
[dbg     839.8 ms] [attc] sort
[dbg     840.0 ms] [attc] reduce
[dbg     840.1 ms] [attc] final
[dbg     840.1 ms] [attc] pack
[dbg     841.1 ms] [attc] d2h
[dbg     841.7 ms] [atti] start
[dbg     841.9 ms] [atti] csc
[dbg     842.0 ms] [atti] h2d
[dbg     842.0 ms] [atti] count
[dbg     842.2 ms] [atti] scan
[dbg     842.2 ms] [atti] expand
[dbg     842.6 ms] [atti] compact
[dbg     842.9 ms] [atti] sort
[dbg     843.0 ms] [atti] reduce
[dbg     843.2 ms] [atti] final
[dbg     843.2 ms] [atti] symbolic
[dbg     843.2 ms] [atti] numeric
[dbg     843.2 ms] [atti] pack
[dbg     844.2 ms] [atti] d2h
Reading matrix from ./data/first100/bcsstk23.mtx...
Input A: 3134 x 3134, nnz = 45178, sparsity = 99.54%
===============WARMING UP (att)===============
=== Computing C = A x A^T (cuSPARSE) ===
Result C (A·Aᵀ 全量): 3134 x 3134, nnz = 220632
Time: 2.552 ms

=== Computing C = A x A^T upper (outer) ===
Result C (A·Aᵀ 上三角): 3134 x 3134, nnz = 111883
Time: 2.498 ms

=== Computing C = A x A^T upper (Gustavson) ===
Result C (A·Aᵀ 上三角): 3134 x 3134, nnz = 111883
Time: 2.752 ms

=== Computing C = A x A^T upper (colwise) ===
Result C (A·Aᵀ 上三角): 3134 x 3134, nnz = 111883
Time: 2.707 ms

=== Computing C = A x A^T upper (inner) ===
Result C (A·Aᵀ 上三角): 3134 x 3134, nnz = 111883
Time: 2.785 ms

=== All att tests completed ===
Processing bcsstk24 (att) ... (max 600s)
[dbg       0.0 ms] main entry, initializing CUDA context...
[dbg     567.0 ms] CUDA context ready
[dbg     567.1 ms] start read_matrix_market: ./data/first100/bcsstk24.mtx
[dbg     594.8 ms] read done: 3562 x 3562, nnz=159910
[dbg     594.8 ms] [cut] start
[dbg     603.4 ms] [cut] h2d
[dbg     627.9 ms] [cut] transpose
[dbg     628.4 ms] cusparse: workEstimation begin
[dbg     633.0 ms] [cut] workest (buf1=1922799 B)
[dbg     633.1 ms] cusparse: compute begin
[dbg     634.8 ms] [cut] compute (buf2=183736775 B)
[dbg     634.8 ms] cusparse: C size = 3562 x 3562, nnz=446474
[dbg     635.1 ms] cusparse: copy begin
[dbg     635.2 ms] [cut] copy
[dbg     635.4 ms] [cut] pack
[dbg     638.8 ms] [cut] d2h
[dbg     639.7 ms] [atto] start
[dbg     642.6 ms] [atto] csc
[dbg     642.6 ms] [atto] h2d
[dbg     642.6 ms] [atto] count
[dbg     643.1 ms] [atto] scan
[dbg     643.1 ms] [atto] expand
[dbg     644.1 ms] [atto] sort
[dbg     644.5 ms] [atto] reduce
[dbg     645.3 ms] [atto] final
[dbg     645.5 ms] [atto] pack
[dbg     647.0 ms] [atto] d2h
[dbg     648.0 ms] [attg] start
[dbg     649.0 ms] [attg] csc
[dbg     649.1 ms] [attg] h2d
[dbg     649.4 ms] [attg] count
[dbg     649.9 ms] [attg] scan
[dbg     650.2 ms] [attg] expand
[dbg     651.2 ms] [attg] compact
[dbg     652.2 ms] [attg] sort
[dbg     652.6 ms] [attg] reduce
[dbg     653.2 ms] [attg] final
[dbg     653.3 ms] [attg] pack
[dbg     654.6 ms] [attg] d2h
[dbg     655.6 ms] [attc] start
[dbg     656.6 ms] [attc] csc
[dbg     656.6 ms] [attc] h2d
[dbg     656.9 ms] [attc] count
[dbg     657.6 ms] [attc] scan
[dbg     657.9 ms] [attc] expand
[dbg     658.8 ms] [attc] compact
[dbg     659.6 ms] [attc] sort
[dbg     659.9 ms] [attc] reduce
[dbg     660.3 ms] [attc] final
[dbg     660.4 ms] [attc] pack
[dbg     661.9 ms] [attc] d2h
[dbg     662.6 ms] [atti] start
[dbg     663.3 ms] [atti] csc
[dbg     663.3 ms] [atti] h2d
[dbg     663.4 ms] [atti] count
[dbg     663.6 ms] [atti] scan
[dbg     663.7 ms] [atti] expand
[dbg     664.2 ms] [atti] compact
[dbg     664.9 ms] [atti] sort
[dbg     665.1 ms] [atti] reduce
[dbg     665.4 ms] [atti] final
[dbg     665.4 ms] [atti] symbolic
[dbg     665.5 ms] [atti] numeric
[dbg     665.6 ms] [atti] pack
[dbg     666.9 ms] [atti] d2h
[dbg     667.7 ms] [cut] start
[dbg     668.1 ms] [cut] h2d
[dbg     668.5 ms] [cut] transpose
[dbg     668.6 ms] cusparse: workEstimation begin
[dbg     668.8 ms] [cut] workest (buf1=1922799 B)
[dbg     668.8 ms] cusparse: compute begin
[dbg     669.6 ms] [cut] compute (buf2=183736775 B)
[dbg     669.6 ms] cusparse: C size = 3562 x 3562, nnz=446474
[dbg     669.8 ms] cusparse: copy begin
[dbg     669.8 ms] [cut] copy
[dbg     669.9 ms] [cut] pack
[dbg     672.3 ms] [cut] d2h
[dbg     673.1 ms] [atto] start
[dbg     673.8 ms] [atto] csc
[dbg     673.8 ms] [atto] h2d
[dbg     673.8 ms] [atto] count
[dbg     674.0 ms] [atto] scan
[dbg     674.0 ms] [atto] expand
[dbg     674.8 ms] [atto] sort
[dbg     675.0 ms] [atto] reduce
[dbg     675.3 ms] [atto] final
[dbg     675.4 ms] [atto] pack
[dbg     676.8 ms] [atto] d2h
[dbg     677.6 ms] [attg] start
[dbg     678.2 ms] [attg] csc
[dbg     678.2 ms] [attg] h2d
[dbg     678.3 ms] [attg] count
[dbg     678.5 ms] [attg] scan
[dbg     678.6 ms] [attg] expand
[dbg     679.1 ms] [attg] compact
[dbg     679.8 ms] [attg] sort
[dbg     680.0 ms] [attg] reduce
[dbg     680.3 ms] [attg] final
[dbg     680.4 ms] [attg] pack
[dbg     681.8 ms] [attg] d2h
[dbg     682.5 ms] [attc] start
[dbg     683.2 ms] [attc] csc
[dbg     683.2 ms] [attc] h2d
[dbg     683.2 ms] [attc] count
[dbg     683.4 ms] [attc] scan
[dbg     683.5 ms] [attc] expand
[dbg     684.0 ms] [attc] compact
[dbg     684.7 ms] [attc] sort
[dbg     684.9 ms] [attc] reduce
[dbg     685.2 ms] [attc] final
[dbg     685.3 ms] [attc] pack
[dbg     686.4 ms] [attc] d2h
[dbg     687.1 ms] [atti] start
[dbg     687.8 ms] [atti] csc
[dbg     687.8 ms] [atti] h2d
[dbg     687.8 ms] [atti] count
[dbg     688.1 ms] [atti] scan
[dbg     688.2 ms] [atti] expand
[dbg     699.9 ms] [atti] compact
[dbg     703.9 ms] [atti] sort
[dbg     704.1 ms] [atti] reduce
[dbg     704.4 ms] [atti] final
[dbg     704.4 ms] [atti] symbolic
[dbg     704.5 ms] [atti] numeric
[dbg     704.6 ms] [atti] pack
[dbg     706.1 ms] [atti] d2h
Reading matrix from ./data/first100/bcsstk24.mtx...
Input A: 3562 x 3562, nnz = 159910, sparsity = 98.74%
===============WARMING UP (att)===============
=== Computing C = A x A^T (cuSPARSE) ===
Result C (A·Aᵀ 全量): 3562 x 3562, nnz = 446474
Time: 4.934 ms

=== Computing C = A x A^T upper (outer) ===
Result C (A·Aᵀ 上三角): 3562 x 3562, nnz = 225018
Time: 4.162 ms

=== Computing C = A x A^T upper (Gustavson) ===
Result C (A·Aᵀ 上三角): 3562 x 3562, nnz = 225018
Time: 4.675 ms

=== Computing C = A x A^T upper (colwise) ===
Result C (A·Aᵀ 上三角): 3562 x 3562, nnz = 225018
Time: 4.319 ms

=== Computing C = A x A^T upper (inner) ===
Result C (A·Aᵀ 上三角): 3562 x 3562, nnz = 225018
Time: 29.593 ms

=== All att tests completed ===
Processing bcsstk25 (att) ... (max 600s)
[dbg       0.0 ms] main entry, initializing CUDA context...
[dbg     564.1 ms] CUDA context ready
[dbg     564.2 ms] start read_matrix_market: ./data/first100/bcsstk25.mtx
[dbg     611.8 ms] read done: 15439 x 15439, nnz=252241
[dbg     611.9 ms] [cut] start
[dbg     621.5 ms] [cut] h2d
[dbg     643.1 ms] [cut] transpose
[dbg     644.0 ms] cusparse: workEstimation begin
[dbg     648.8 ms] [cut] workest (buf1=3032307 B)
[dbg     648.8 ms] cusparse: compute begin
[dbg     650.3 ms] [cut] compute (buf2=117612263 B)
[dbg     650.4 ms] cusparse: C size = 15439 x 15439, nnz=1168919
[dbg     650.5 ms] cusparse: copy begin
[dbg     650.7 ms] [cut] copy
[dbg     650.8 ms] [cut] pack
[dbg     657.8 ms] [cut] d2h
[dbg     659.3 ms] [atto] start
[dbg     663.0 ms] [atto] csc
[dbg     663.0 ms] [atto] h2d
[dbg     663.3 ms] [atto] count
[dbg     663.5 ms] [atto] scan
[dbg     663.6 ms] [atto] expand
[dbg     664.3 ms] [atto] sort
[dbg     664.6 ms] [atto] reduce
[dbg     665.3 ms] [atto] final
[dbg     665.6 ms] [atto] pack
[dbg     669.0 ms] [atto] d2h
[dbg     670.7 ms] [attg] start
[dbg     671.9 ms] [attg] csc
[dbg     671.9 ms] [attg] h2d
[dbg     671.9 ms] [attg] count
[dbg     672.2 ms] [attg] scan
[dbg     672.4 ms] [attg] expand
[dbg     673.4 ms] [attg] compact
[dbg     674.1 ms] [attg] sort
[dbg     674.6 ms] [attg] reduce
[dbg     675.4 ms] [attg] final
[dbg     675.9 ms] [attg] pack
[dbg     679.2 ms] [attg] d2h
[dbg     680.8 ms] [attc] start
[dbg     682.1 ms] [attc] csc
[dbg     682.1 ms] [attc] h2d
[dbg     682.1 ms] [attc] count
[dbg     682.4 ms] [attc] scan
[dbg     682.7 ms] [attc] expand
[dbg     683.6 ms] [attc] compact
[dbg     684.4 ms] [attc] sort
[dbg     684.7 ms] [attc] reduce
[dbg     685.7 ms] [attc] final
[dbg     685.9 ms] [attc] pack
[dbg     689.1 ms] [attc] d2h
[dbg     690.6 ms] [atti] start
[dbg     692.0 ms] [atti] csc
[dbg     692.0 ms] [atti] h2d
[dbg     692.1 ms] [atti] count
[dbg     692.2 ms] [atti] scan
[dbg     692.4 ms] [atti] expand
[dbg     692.9 ms] [atti] compact
[dbg     693.4 ms] [atti] sort
[dbg     693.6 ms] [atti] reduce
[dbg     694.0 ms] [atti] final
[dbg     694.0 ms] [atti] symbolic
[dbg     694.1 ms] [atti] numeric
[dbg     694.2 ms] [atti] pack
[dbg     697.3 ms] [atti] d2h
[dbg     698.5 ms] [cut] start
[dbg     698.9 ms] [cut] h2d
[dbg     699.4 ms] [cut] transpose
[dbg     699.8 ms] cusparse: workEstimation begin
[dbg     699.9 ms] [cut] workest (buf1=3032307 B)
[dbg     699.9 ms] cusparse: compute begin
[dbg     700.6 ms] [cut] compute (buf2=117612263 B)
[dbg     700.6 ms] cusparse: C size = 15439 x 15439, nnz=1168919
[dbg     700.7 ms] cusparse: copy begin
[dbg     700.8 ms] [cut] copy
[dbg     700.9 ms] [cut] pack
[dbg     707.2 ms] [cut] d2h
[dbg     708.5 ms] [atto] start
[dbg     709.5 ms] [atto] csc
[dbg     709.5 ms] [atto] h2d
[dbg     709.5 ms] [atto] count
[dbg     709.7 ms] [atto] scan
[dbg     709.8 ms] [atto] expand
[dbg     710.3 ms] [atto] sort
[dbg     710.5 ms] [atto] reduce
[dbg     711.1 ms] [atto] final
[dbg     711.2 ms] [atto] pack
[dbg     714.6 ms] [atto] d2h
[dbg     715.8 ms] [attg] start
[dbg     716.8 ms] [attg] csc
[dbg     716.8 ms] [attg] h2d
[dbg     716.8 ms] [attg] count
[dbg     717.0 ms] [attg] scan
[dbg     717.2 ms] [attg] expand
[dbg     717.6 ms] [attg] compact
[dbg     718.2 ms] [attg] sort
[dbg     718.3 ms] [attg] reduce
[dbg     718.7 ms] [attg] final
[dbg     718.8 ms] [attg] pack
[dbg     722.0 ms] [attg] d2h
[dbg     723.2 ms] [attc] start
[dbg     724.0 ms] [attc] csc
[dbg     724.0 ms] [attc] h2d
[dbg     724.1 ms] [attc] count
[dbg     724.2 ms] [attc] scan
[dbg     724.5 ms] [attc] expand
[dbg     724.9 ms] [attc] compact
[dbg     728.1 ms] [attc] sort
[dbg     733.3 ms] [attc] reduce
[dbg     740.8 ms] [attc] final
[dbg     741.2 ms] [attc] pack
[dbg     750.8 ms] [attc] d2h
[dbg     765.3 ms] [atti] start
[dbg     808.3 ms] [atti] csc
[dbg     808.3 ms] [atti] h2d
[dbg     808.3 ms] [atti] count
[dbg     808.5 ms] [atti] scan
[dbg     808.7 ms] [atti] expand
[dbg     809.2 ms] [atti] compact
[dbg     809.8 ms] [atti] sort
[dbg     809.9 ms] [atti] reduce
[dbg     810.3 ms] [atti] final
[dbg     810.3 ms] [atti] symbolic
[dbg     810.4 ms] [atti] numeric
[dbg     810.5 ms] [atti] pack
[dbg     814.1 ms] [atti] d2h
Reading matrix from ./data/first100/bcsstk25.mtx...
Input A: 15439 x 15439, nnz = 252241, sparsity = 99.89%
===============WARMING UP (att)===============
=== Computing C = A x A^T (cuSPARSE) ===
Result C (A·Aᵀ 全量): 15439 x 15439, nnz = 1168919
Time: 8.988 ms

=== Computing C = A x A^T upper (outer) ===
Result C (A·Aᵀ 上三角): 15439 x 15439, nnz = 592179
Time: 6.790 ms

=== Computing C = A x A^T upper (Gustavson) ===
Result C (A·Aᵀ 上三角): 15439 x 15439, nnz = 592179
Time: 6.802 ms

=== Computing C = A x A^T upper (colwise) ===
Result C (A·Aᵀ 上三角): 15439 x 15439, nnz = 592179
Time: 38.702 ms

=== Computing C = A x A^T upper (inner) ===
Result C (A·Aᵀ 上三角): 15439 x 15439, nnz = 592179
Time: 49.362 ms

=== All att tests completed ===
Processing bcsstk26 (att) ... (max 600s)
[dbg       0.0 ms] main entry, initializing CUDA context...
[dbg     555.7 ms] CUDA context ready
[dbg     555.9 ms] start read_matrix_market: ./data/first100/bcsstk26.mtx
[dbg     561.2 ms] read done: 1922 x 1922, nnz=30336
[dbg     561.2 ms] [cut] start
[dbg     569.6 ms] [cut] h2d
[dbg     594.0 ms] [cut] transpose
[dbg     594.1 ms] cusparse: workEstimation begin
[dbg     598.7 ms] [cut] workest (buf1=365607 B)
[dbg     598.7 ms] cusparse: compute begin
[dbg     599.8 ms] [cut] compute (buf2=13008639 B)
[dbg     599.8 ms] cusparse: C size = 1922 x 1922, nnz=92530
[dbg     599.8 ms] cusparse: copy begin
[dbg     599.9 ms] [cut] copy
[dbg     600.1 ms] [cut] pack
[dbg     601.7 ms] [cut] d2h
[dbg     602.4 ms] [atto] start
[dbg     604.6 ms] [atto] csc
[dbg     604.6 ms] [atto] h2d
[dbg     604.6 ms] [atto] count
[dbg     604.8 ms] [atto] scan
[dbg     604.9 ms] [atto] expand
[dbg     605.3 ms] [atto] sort
[dbg     605.7 ms] [atto] reduce
[dbg     605.9 ms] [atto] final
[dbg     606.0 ms] [atto] pack
[dbg     607.3 ms] [atto] d2h
[dbg     607.9 ms] [attg] start
[dbg     608.1 ms] [attg] csc
[dbg     608.2 ms] [attg] h2d
[dbg     608.2 ms] [attg] count
[dbg     608.6 ms] [attg] scan
[dbg     608.7 ms] [attg] expand
[dbg     609.0 ms] [attg] compact
[dbg     609.3 ms] [attg] sort
[dbg     609.4 ms] [attg] reduce
[dbg     609.5 ms] [attg] final
[dbg     609.6 ms] [attg] pack
[dbg     610.8 ms] [attg] d2h
[dbg     611.3 ms] [attc] start
[dbg     611.5 ms] [attc] csc
[dbg     611.6 ms] [attc] h2d
[dbg     611.6 ms] [attc] count
[dbg     611.8 ms] [attc] scan
[dbg     611.9 ms] [attc] expand
[dbg     612.1 ms] [attc] compact
[dbg     612.4 ms] [attc] sort
[dbg     612.5 ms] [attc] reduce
[dbg     612.6 ms] [attc] final
[dbg     612.7 ms] [attc] pack
[dbg     613.7 ms] [attc] d2h
[dbg     614.3 ms] [atti] start
[dbg     614.5 ms] [atti] csc
[dbg     614.5 ms] [atti] h2d
[dbg     614.5 ms] [atti] count
[dbg     614.7 ms] [atti] scan
[dbg     614.8 ms] [atti] expand
[dbg     615.0 ms] [atti] compact
[dbg     615.3 ms] [atti] sort
[dbg     615.4 ms] [atti] reduce
[dbg     615.5 ms] [atti] final
[dbg     615.5 ms] [atti] symbolic
[dbg     615.6 ms] [atti] numeric
[dbg     615.6 ms] [atti] pack
[dbg     616.6 ms] [atti] d2h
[dbg     617.1 ms] [cut] start
[dbg     617.2 ms] [cut] h2d
[dbg     617.4 ms] [cut] transpose
[dbg     617.4 ms] cusparse: workEstimation begin
[dbg     617.5 ms] [cut] workest (buf1=365607 B)
[dbg     617.5 ms] cusparse: compute begin
[dbg     617.8 ms] [cut] compute (buf2=13008639 B)
[dbg     617.9 ms] cusparse: C size = 1922 x 1922, nnz=92530
[dbg     617.9 ms] cusparse: copy begin
[dbg     617.9 ms] [cut] copy
[dbg     618.0 ms] [cut] pack
[dbg     619.1 ms] [cut] d2h
[dbg     619.6 ms] [atto] start
[dbg     619.8 ms] [atto] csc
[dbg     619.8 ms] [atto] h2d
[dbg     619.9 ms] [atto] count
[dbg     620.0 ms] [atto] scan
[dbg     620.1 ms] [atto] expand
[dbg     620.3 ms] [atto] sort
[dbg     620.5 ms] [atto] reduce
[dbg     620.7 ms] [atto] final
[dbg     620.8 ms] [atto] pack
[dbg     621.7 ms] [atto] d2h
[dbg     622.2 ms] [attg] start
[dbg     622.4 ms] [attg] csc
[dbg     622.4 ms] [attg] h2d
[dbg     622.5 ms] [attg] count
[dbg     622.7 ms] [attg] scan
[dbg     622.7 ms] [attg] expand
[dbg     622.9 ms] [attg] compact
[dbg     623.2 ms] [attg] sort
[dbg     623.3 ms] [attg] reduce
[dbg     623.4 ms] [attg] final
[dbg     623.5 ms] [attg] pack
[dbg     624.4 ms] [attg] d2h
[dbg     624.9 ms] [attc] start
[dbg     625.3 ms] [attc] csc
[dbg     625.3 ms] [attc] h2d
[dbg     625.4 ms] [attc] count
[dbg     625.6 ms] [attc] scan
[dbg     625.6 ms] [attc] expand
[dbg     625.8 ms] [attc] compact
[dbg     626.1 ms] [attc] sort
[dbg     626.2 ms] [attc] reduce
[dbg     626.3 ms] [attc] final
[dbg     626.4 ms] [attc] pack
[dbg     627.2 ms] [attc] d2h
[dbg     627.8 ms] [atti] start
[dbg     628.0 ms] [atti] csc
[dbg     628.0 ms] [atti] h2d
[dbg     628.0 ms] [atti] count
[dbg     628.2 ms] [atti] scan
[dbg     628.3 ms] [atti] expand
[dbg     628.5 ms] [atti] compact
[dbg     628.8 ms] [atti] sort
[dbg     629.1 ms] [atti] reduce
[dbg     629.5 ms] [atti] final
[dbg     629.5 ms] [atti] symbolic
[dbg     629.8 ms] [atti] numeric
[dbg     629.8 ms] [atti] pack
[dbg     630.7 ms] [atti] d2h
Reading matrix from ./data/first100/bcsstk26.mtx...
Input A: 1922 x 1922, nnz = 30336, sparsity = 99.18%
===============WARMING UP (att)===============
=== Computing C = A x A^T (cuSPARSE) ===
Result C (A·Aᵀ 全量): 1922 x 1922, nnz = 92530
Time: 2.156 ms

=== Computing C = A x A^T upper (outer) ===
Result C (A·Aᵀ 上三角): 1922 x 1922, nnz = 47226
Time: 2.322 ms

=== Computing C = A x A^T upper (Gustavson) ===
Result C (A·Aᵀ 上三角): 1922 x 1922, nnz = 47226
Time: 2.455 ms

=== Computing C = A x A^T upper (colwise) ===
Result C (A·Aᵀ 上三角): 1922 x 1922, nnz = 47226
Time: 2.557 ms

=== Computing C = A x A^T upper (inner) ===
Result C (A·Aᵀ 上三角): 1922 x 1922, nnz = 47226
Time: 3.211 ms

=== All att tests completed ===
Processing bcsstk27 (att) ... (max 600s)
[dbg       0.0 ms] main entry, initializing CUDA context...
[dbg     289.4 ms] CUDA context ready
[dbg     289.5 ms] start read_matrix_market: ./data/first100/bcsstk27.mtx
[dbg     298.6 ms] read done: 1224 x 1224, nnz=56126
[dbg     298.6 ms] [cut] start
[dbg     313.1 ms] [cut] h2d
[dbg     335.3 ms] [cut] transpose
[dbg     335.4 ms] cusparse: workEstimation begin
[dbg     339.5 ms] [cut] workest (buf1=675343 B)
[dbg     339.6 ms] cusparse: compute begin
[dbg     361.6 ms] [cut] compute (buf2=64645575 B)
[dbg     361.6 ms] cusparse: C size = 1224 x 1224, nnz=138106
[dbg     361.9 ms] cusparse: copy begin
[dbg     362.0 ms] [cut] copy
[dbg     362.4 ms] [cut] pack
[dbg     366.4 ms] [cut] d2h
[dbg     368.7 ms] [atto] start
[dbg     370.9 ms] [atto] csc
[dbg     370.9 ms] [atto] h2d
[dbg     371.0 ms] [atto] count
[dbg     372.5 ms] [atto] scan
[dbg     372.6 ms] [atto] expand
[dbg     374.9 ms] [atto] sort
[dbg     375.3 ms] [atto] reduce
[dbg     377.1 ms] [atto] final
[dbg     377.2 ms] [atto] pack
[dbg     379.3 ms] [atto] d2h
[dbg     383.0 ms] [attg] start
[dbg     402.7 ms] [attg] csc
[dbg     402.7 ms] [attg] h2d
[dbg     402.8 ms] [attg] count
[dbg     414.6 ms] [attg] scan
[dbg     414.7 ms] [attg] expand
[dbg     416.9 ms] [attg] compact
[dbg     420.6 ms] [attg] sort
[dbg     421.4 ms] [attg] reduce
[dbg     423.3 ms] [attg] final
[dbg     423.5 ms] [attg] pack
[dbg     429.9 ms] [attg] d2h
[dbg     436.7 ms] [attc] start
[dbg     438.5 ms] [attc] csc
[dbg     438.6 ms] [attc] h2d
[dbg     438.6 ms] [attc] count
[dbg     440.0 ms] [attc] scan
[dbg     440.2 ms] [attc] expand
[dbg     446.2 ms] [attc] compact
[dbg     453.5 ms] [attc] sort
[dbg     455.4 ms] [attc] reduce
[dbg     457.9 ms] [attc] final
[dbg     458.0 ms] [attc] pack
[dbg     464.5 ms] [attc] d2h
[dbg     468.2 ms] [atti] start
[dbg     469.0 ms] [atti] csc
[dbg     469.1 ms] [atti] h2d
[dbg     469.1 ms] [atti] count
[dbg     470.4 ms] [atti] scan
[dbg     470.5 ms] [atti] expand
[dbg     473.2 ms] [atti] compact
[dbg     473.9 ms] [atti] sort
[dbg     474.4 ms] [atti] reduce
[dbg     475.0 ms] [atti] final
[dbg     475.0 ms] [atti] symbolic
[dbg     475.1 ms] [atti] numeric
[dbg     475.2 ms] [atti] pack
[dbg     478.0 ms] [atti] d2h
[dbg     479.3 ms] [cut] start
[dbg     479.7 ms] [cut] h2d
[dbg     480.3 ms] [cut] transpose
[dbg     480.6 ms] cusparse: workEstimation begin
[dbg     480.9 ms] [cut] workest (buf1=675343 B)
[dbg     480.9 ms] cusparse: compute begin
[dbg     481.9 ms] [cut] compute (buf2=64645575 B)
[dbg     481.9 ms] cusparse: C size = 1224 x 1224, nnz=138106
[dbg     482.4 ms] cusparse: copy begin
[dbg     482.4 ms] [cut] copy
[dbg     482.7 ms] [cut] pack
[dbg     485.2 ms] [cut] d2h
[dbg     486.2 ms] [atto] start
[dbg     486.8 ms] [atto] csc
[dbg     486.9 ms] [atto] h2d
[dbg     486.9 ms] [atto] count
[dbg     487.3 ms] [atto] scan
[dbg     487.4 ms] [atto] expand
[dbg     487.9 ms] [atto] sort
[dbg     488.2 ms] [atto] reduce
[dbg     488.6 ms] [atto] final
[dbg     488.6 ms] [atto] pack
[dbg     490.1 ms] [atto] d2h
[dbg     491.0 ms] [attg] start
[dbg     491.5 ms] [attg] csc
[dbg     491.6 ms] [attg] h2d
[dbg     491.9 ms] [attg] count
[dbg     492.2 ms] [attg] scan
[dbg     492.3 ms] [attg] expand
[dbg     492.8 ms] [attg] compact
[dbg     493.3 ms] [attg] sort
[dbg     493.6 ms] [attg] reduce
[dbg     494.0 ms] [attg] final
[dbg     494.0 ms] [attg] pack
[dbg     495.5 ms] [attg] d2h
[dbg     496.3 ms] [attc] start
[dbg     496.9 ms] [attc] csc
[dbg     496.9 ms] [attc] h2d
[dbg     496.9 ms] [attc] count
[dbg     497.2 ms] [attc] scan
[dbg     497.6 ms] [attc] expand
[dbg     498.1 ms] [attc] compact
[dbg     498.8 ms] [attc] sort
[dbg     499.2 ms] [attc] reduce
[dbg     499.5 ms] [attc] final
[dbg     499.5 ms] [attc] pack
[dbg     504.5 ms] [attc] d2h
[dbg     505.4 ms] [atti] start
[dbg     506.7 ms] [atti] csc
[dbg     506.7 ms] [atti] h2d
[dbg     506.8 ms] [atti] count
[dbg     507.1 ms] [atti] scan
[dbg     507.3 ms] [atti] expand
[dbg     508.6 ms] [atti] compact
[dbg     509.3 ms] [atti] sort
[dbg     510.0 ms] [atti] reduce
[dbg     511.5 ms] [atti] final
[dbg     511.5 ms] [atti] symbolic
[dbg     511.6 ms] [atti] numeric
[dbg     511.6 ms] [atti] pack
[dbg     513.0 ms] [atti] d2h
Reading matrix from ./data/first100/bcsstk27.mtx...
Input A: 1224 x 1224, nnz = 56126, sparsity = 96.25%
===============WARMING UP (att)===============
=== Computing C = A x A^T (cuSPARSE) ===
Result C (A·Aᵀ 全量): 1224 x 1224, nnz = 138106
Time: 6.293 ms

=== Computing C = A x A^T upper (outer) ===
Result C (A·Aᵀ 上三角): 1224 x 1224, nnz = 69665
Time: 4.313 ms

=== Computing C = A x A^T upper (Gustavson) ===
Result C (A·Aᵀ 上三角): 1224 x 1224, nnz = 69665
Time: 4.848 ms

=== Computing C = A x A^T upper (colwise) ===
Result C (A·Aᵀ 上三角): 1224 x 1224, nnz = 69665
Time: 8.662 ms

=== Computing C = A x A^T upper (inner) ===
Result C (A·Aᵀ 上三角): 1224 x 1224, nnz = 69665
Time: 7.995 ms

=== All att tests completed ===
Processing bcsstk28 (att) ... (max 600s)
[dbg       0.0 ms] main entry, initializing CUDA context...
[dbg     368.0 ms] CUDA context ready
[dbg     368.2 ms] start read_matrix_market: ./data/first100/bcsstk28.mtx
[dbg     404.4 ms] read done: 4410 x 4410, nnz=219024
[dbg     404.5 ms] [cut] start
[dbg     414.9 ms] [cut] h2d
[dbg     435.7 ms] [cut] transpose
[dbg     436.0 ms] cusparse: workEstimation begin
[dbg     439.0 ms] [cut] workest (buf1=2633191 B)
[dbg     439.0 ms] cusparse: compute begin
[dbg     440.5 ms] [cut] compute (buf2=271230679 B)
[dbg     440.5 ms] cusparse: C size = 4410 x 4410, nnz=596072
[dbg     440.6 ms] cusparse: copy begin
[dbg     440.7 ms] [cut] copy
[dbg     440.8 ms] [cut] pack
[dbg     443.5 ms] [cut] d2h
[dbg     444.3 ms] [atto] start
[dbg     448.9 ms] [atto] csc
[dbg     448.9 ms] [atto] h2d
[dbg     449.0 ms] [atto] count
[dbg     449.1 ms] [atto] scan
[dbg     449.2 ms] [atto] expand
[dbg     451.2 ms] [atto] sort
[dbg     451.5 ms] [atto] reduce
[dbg     452.0 ms] [atto] final
[dbg     452.2 ms] [atto] pack
[dbg     453.4 ms] [atto] d2h
[dbg     454.2 ms] [attg] start
[dbg     455.0 ms] [attg] csc
[dbg     455.0 ms] [attg] h2d
[dbg     455.0 ms] [attg] count
[dbg     455.2 ms] [attg] scan
[dbg     455.4 ms] [attg] expand
[dbg     456.2 ms] [attg] compact
[dbg     457.2 ms] [attg] sort
[dbg     457.4 ms] [attg] reduce
[dbg     457.8 ms] [attg] final
[dbg     457.8 ms] [attg] pack
[dbg     459.1 ms] [attg] d2h
[dbg     459.9 ms] [attc] start
[dbg     460.4 ms] [attc] csc
[dbg     460.4 ms] [attc] h2d
[dbg     460.5 ms] [attc] count
[dbg     460.6 ms] [attc] scan
[dbg     460.8 ms] [attc] expand
[dbg     461.3 ms] [attc] compact
[dbg     462.2 ms] [attc] sort
[dbg     462.4 ms] [attc] reduce
[dbg     462.7 ms] [attc] final
[dbg     462.8 ms] [attc] pack
[dbg     464.0 ms] [attc] d2h
[dbg     464.8 ms] [atti] start
[dbg     465.3 ms] [atti] csc
[dbg     465.3 ms] [atti] h2d
[dbg     465.3 ms] [atti] count
[dbg     465.5 ms] [atti] scan
[dbg     465.6 ms] [atti] expand
[dbg     466.1 ms] [atti] compact
[dbg     467.0 ms] [atti] sort
[dbg     467.2 ms] [atti] reduce
[dbg     467.5 ms] [atti] final
[dbg     467.6 ms] [atti] symbolic
[dbg     467.7 ms] [atti] numeric
[dbg     467.7 ms] [atti] pack
[dbg     469.0 ms] [atti] d2h
[dbg     469.7 ms] [cut] start
[dbg     470.0 ms] [cut] h2d
[dbg     470.3 ms] [cut] transpose
[dbg     470.5 ms] cusparse: workEstimation begin
[dbg     470.6 ms] [cut] workest (buf1=2633191 B)
[dbg     470.6 ms] cusparse: compute begin
[dbg     471.6 ms] [cut] compute (buf2=271230679 B)
[dbg     471.6 ms] cusparse: C size = 4410 x 4410, nnz=596072
[dbg     471.7 ms] cusparse: copy begin
[dbg     471.8 ms] [cut] copy
[dbg     471.8 ms] [cut] pack
[dbg     474.6 ms] [cut] d2h
[dbg     475.4 ms] [atto] start
[dbg     476.2 ms] [atto] csc
[dbg     476.2 ms] [atto] h2d
[dbg     476.2 ms] [atto] count
[dbg     476.4 ms] [atto] scan
[dbg     476.5 ms] [atto] expand
[dbg     477.4 ms] [atto] sort
[dbg     477.6 ms] [atto] reduce
[dbg     478.3 ms] [atto] final
[dbg     478.4 ms] [atto] pack
[dbg     479.7 ms] [atto] d2h
[dbg     480.8 ms] [attg] start
[dbg     481.4 ms] [attg] csc
[dbg     481.5 ms] [attg] h2d
[dbg     481.5 ms] [attg] count
[dbg     481.8 ms] [attg] scan
[dbg     481.9 ms] [attg] expand
[dbg     482.4 ms] [attg] compact
[dbg     483.5 ms] [attg] sort
[dbg     483.8 ms] [attg] reduce
[dbg     484.5 ms] [attg] final
[dbg     484.5 ms] [attg] pack
[dbg     485.9 ms] [attg] d2h
[dbg     486.9 ms] [attc] start
[dbg     487.6 ms] [attc] csc
[dbg     487.6 ms] [attc] h2d
[dbg     487.6 ms] [attc] count
[dbg     487.9 ms] [attc] scan
[dbg     488.1 ms] [attc] expand
[dbg     489.2 ms] [attc] compact
[dbg     490.2 ms] [attc] sort
[dbg     490.6 ms] [attc] reduce
[dbg     491.7 ms] [attc] final
[dbg     491.8 ms] [attc] pack
[dbg     493.1 ms] [attc] d2h
[dbg     494.3 ms] [atti] start
[dbg     495.1 ms] [atti] csc
[dbg     495.1 ms] [atti] h2d
[dbg     495.8 ms] [atti] count
[dbg     496.0 ms] [atti] scan
[dbg     496.3 ms] [atti] expand
[dbg     497.6 ms] [atti] compact
[dbg     498.7 ms] [atti] sort
[dbg     499.1 ms] [atti] reduce
[dbg     499.7 ms] [atti] final
[dbg     499.7 ms] [atti] symbolic
[dbg     499.8 ms] [atti] numeric
[dbg     499.9 ms] [atti] pack
[dbg     501.3 ms] [atti] d2h
Reading matrix from ./data/first100/bcsstk28.mtx...
Input A: 4410 x 4410, nnz = 219024, sparsity = 98.87%
===============WARMING UP (att)===============
=== Computing C = A x A^T (cuSPARSE) ===
Result C (A·Aᵀ 全量): 4410 x 4410, nnz = 596072
Time: 5.170 ms

=== Computing C = A x A^T upper (outer) ===
Result C (A·Aᵀ 上三角): 4410 x 4410, nnz = 300241
Time: 5.043 ms

=== Computing C = A x A^T upper (Gustavson) ===
Result C (A·Aᵀ 上三角): 4410 x 4410, nnz = 300241
Time: 5.852 ms

=== Computing C = A x A^T upper (colwise) ===
Result C (A·Aᵀ 上三角): 4410 x 4410, nnz = 300241
Time: 7.017 ms

=== Computing C = A x A^T upper (inner) ===
Result C (A·Aᵀ 上三角): 4410 x 4410, nnz = 300241
Time: 7.677 ms

=== All att tests completed ===
Processing bcsstk29 (att) ... (max 600s)
[dbg       0.0 ms] main entry, initializing CUDA context...
[dbg     760.8 ms] CUDA context ready
[dbg     760.9 ms] start read_matrix_market: ./data/first100/bcsstk29.mtx
[dbg     808.6 ms] read done: 13992 x 13992, nnz=619488
[dbg     808.6 ms] [cut] start
[dbg     819.6 ms] [cut] h2d
[dbg     841.2 ms] [cut] transpose
[dbg     842.2 ms] cusparse: workEstimation begin
[dbg     846.3 ms] [cut] workest (buf1=7445927 B)
[dbg     846.3 ms] cusparse: compute begin
[dbg     849.8 ms] [cut] compute (buf2=741059847 B)
[dbg     849.8 ms] cusparse: C size = 13992 x 13992, nnz=1965686
[dbg     850.0 ms] cusparse: copy begin
[dbg     850.4 ms] [cut] copy
[dbg     850.6 ms] [cut] pack
[dbg     862.0 ms] [cut] d2h
[dbg     864.4 ms] [atto] start
[dbg     869.1 ms] [atto] csc
[dbg     869.1 ms] [atto] h2d
[dbg     869.2 ms] [atto] count
[dbg     869.7 ms] [atto] scan
[dbg     869.8 ms] [atto] expand
[dbg     872.3 ms] [atto] sort
[dbg     872.9 ms] [atto] reduce
[dbg     873.7 ms] [atto] final
[dbg     873.8 ms] [atto] pack
[dbg     879.0 ms] [atto] d2h
[dbg     881.4 ms] [attg] start
[dbg     885.2 ms] [attg] csc
[dbg     885.2 ms] [attg] h2d
[dbg     885.6 ms] [attg] count
[dbg     886.2 ms] [attg] scan
[dbg     886.8 ms] [attg] expand
[dbg     888.0 ms] [attg] compact
[dbg     890.3 ms] [attg] sort
[dbg     890.7 ms] [attg] reduce
[dbg     891.5 ms] [attg] final
[dbg     891.6 ms] [attg] pack
[dbg     896.6 ms] [attg] d2h
[dbg     898.9 ms] [attc] start
[dbg     902.2 ms] [attc] csc
[dbg     902.2 ms] [attc] h2d
[dbg     902.5 ms] [attc] count
[dbg     902.9 ms] [attc] scan
[dbg     903.5 ms] [attc] expand
[dbg     904.7 ms] [attc] compact
[dbg     907.0 ms] [attc] sort
[dbg     907.5 ms] [attc] reduce
[dbg     908.3 ms] [attc] final
[dbg     908.4 ms] [attc] pack
[dbg     913.3 ms] [attc] d2h
[dbg     915.7 ms] [atti] start
[dbg     917.8 ms] [atti] csc
[dbg     917.8 ms] [atti] h2d
[dbg     919.6 ms] [atti] count
[dbg     919.9 ms] [atti] scan
[dbg     920.6 ms] [atti] expand
[dbg     922.4 ms] [atti] compact
[dbg     924.8 ms] [atti] sort
[dbg     925.4 ms] [atti] reduce
[dbg     926.0 ms] [atti] final
[dbg     926.0 ms] [atti] symbolic
[dbg     926.2 ms] [atti] numeric
[dbg     926.4 ms] [atti] pack
[dbg     931.4 ms] [atti] d2h
[dbg     933.0 ms] [cut] start
[dbg     934.3 ms] [cut] h2d
[dbg     934.9 ms] [cut] transpose
[dbg     935.4 ms] cusparse: workEstimation begin
[dbg     935.5 ms] [cut] workest (buf1=7445927 B)
[dbg     935.5 ms] cusparse: compute begin
[dbg     938.0 ms] [cut] compute (buf2=741059847 B)
[dbg     938.0 ms] cusparse: C size = 13992 x 13992, nnz=1965686
[dbg     938.2 ms] cusparse: copy begin
[dbg     938.3 ms] [cut] copy
[dbg     938.4 ms] [cut] pack
[dbg     949.0 ms] [cut] d2h
[dbg     951.0 ms] [atto] start
[dbg     958.9 ms] [atto] csc
[dbg     959.0 ms] [atto] h2d
[dbg     959.0 ms] [atto] count
[dbg     965.3 ms] [atto] scan
[dbg     965.4 ms] [atto] expand
[dbg     967.6 ms] [atto] sort
[dbg     968.0 ms] [atto] reduce
[dbg     968.5 ms] [atto] final
[dbg     968.6 ms] [atto] pack
[dbg     974.8 ms] [atto] d2h
[dbg     985.8 ms] [attg] start
[dbg    1032.2 ms] [attg] csc
[dbg    1032.2 ms] [attg] h2d
[dbg    1032.3 ms] [attg] count
[dbg    1032.7 ms] [attg] scan
[dbg    1033.1 ms] [attg] expand
[dbg    1034.4 ms] [attg] compact
[dbg    1036.8 ms] [attg] sort
[dbg    1037.3 ms] [attg] reduce
[dbg    1038.1 ms] [attg] final
[dbg    1038.2 ms] [attg] pack
[dbg    1045.3 ms] [attg] d2h
[dbg    1047.9 ms] [attc] start
[dbg    1049.9 ms] [attc] csc
[dbg    1050.0 ms] [attc] h2d
[dbg    1050.0 ms] [attc] count
[dbg    1050.3 ms] [attc] scan
[dbg    1050.7 ms] [attc] expand
[dbg    1051.7 ms] [attc] compact
[dbg    1054.0 ms] [attc] sort
[dbg    1054.4 ms] [attc] reduce
[dbg    1054.9 ms] [attc] final
[dbg    1055.0 ms] [attc] pack
[dbg    1060.5 ms] [attc] d2h
[dbg    1062.4 ms] [atti] start
[dbg    1064.3 ms] [atti] csc
[dbg    1064.3 ms] [atti] h2d
[dbg    1064.3 ms] [atti] count
[dbg    1064.6 ms] [atti] scan
[dbg    1065.0 ms] [atti] expand
[dbg    1065.9 ms] [atti] compact
[dbg    1068.1 ms] [atti] sort
[dbg    1068.5 ms] [atti] reduce
[dbg    1068.9 ms] [atti] final
[dbg    1069.0 ms] [atti] symbolic
[dbg    1069.2 ms] [atti] numeric
[dbg    1069.3 ms] [atti] pack
[dbg    1074.5 ms] [atti] d2h
Reading matrix from ./data/first100/bcsstk29.mtx...
Input A: 13992 x 13992, nnz = 619488, sparsity = 99.68%
===============WARMING UP (att)===============
=== Computing C = A x A^T (cuSPARSE) ===
Result C (A·Aᵀ 全量): 13992 x 13992, nnz = 1965686
Time: 16.356 ms

=== Computing C = A x A^T upper (outer) ===
Result C (A·Aᵀ 上三角): 13992 x 13992, nnz = 989839
Time: 32.565 ms

=== Computing C = A x A^T upper (Gustavson) ===
Result C (A·Aᵀ 上三角): 13992 x 13992, nnz = 989839
Time: 60.646 ms

=== Computing C = A x A^T upper (colwise) ===
Result C (A·Aᵀ 上三角): 13992 x 13992, nnz = 989839
Time: 13.576 ms

=== Computing C = A x A^T upper (inner) ===
Result C (A·Aᵀ 上三角): 13992 x 13992, nnz = 989839
Time: 13.145 ms

=== All att tests completed ===
Processing bcsstk30 (att) ... (max 600s)
[dbg       0.0 ms] main entry, initializing CUDA context...
[dbg     253.3 ms] CUDA context ready
[dbg     253.5 ms] start read_matrix_market: ./data/first100/bcsstk30.mtx
[dbg     432.5 ms] read done: 28924 x 28924, nnz=2043492
[dbg     432.5 ms] [cut] start
[dbg     445.5 ms] [cut] h2d
[dbg     471.7 ms] [cut] transpose
[dbg     472.3 ms] cusparse: workEstimation begin
[dbg     474.5 ms] [cut] workest (buf1=24559319 B)
[dbg     474.5 ms] cusparse: compute begin
[dbg     525.5 ms] [cut] compute (buf2=4167172983 B)
[dbg     525.5 ms] cusparse: C size = 28924 x 28924, nnz=8946070
[dbg     525.7 ms] cusparse: copy begin
[dbg     525.9 ms] [cut] copy
[dbg     526.0 ms] [cut] pack
[dbg     575.3 ms] [cut] d2h
[dbg     594.4 ms] [atto] start
[dbg     622.4 ms] [atto] csc
[dbg     622.4 ms] [atto] h2d
[dbg     622.4 ms] [atto] count
[dbg     625.2 ms] [atto] scan
[dbg     626.0 ms] [atto] expand
[dbg     639.8 ms] [atto] sort
[dbg     643.3 ms] [atto] reduce
[dbg     647.8 ms] [atto] final
[dbg     649.7 ms] [atto] pack
[dbg     673.0 ms] [atto] d2h
[dbg     694.3 ms] [attg] start
[dbg     701.6 ms] [attg] csc
[dbg     701.6 ms] [attg] h2d
[dbg     701.7 ms] [attg] count
[dbg     704.3 ms] [attg] scan
[dbg     706.4 ms] [attg] expand
[dbg     717.7 ms] [attg] compact
[dbg     731.9 ms] [attg] sort
[dbg     740.5 ms] [attg] reduce
[dbg     743.6 ms] [attg] final
[dbg     744.0 ms] [attg] pack
[dbg     761.6 ms] [attg] d2h
[dbg     769.9 ms] [attc] start
[dbg     774.4 ms] [attc] csc
[dbg     774.4 ms] [attc] h2d
[dbg     774.4 ms] [attc] count
[dbg     774.7 ms] [attc] scan
[dbg     776.7 ms] [attc] expand
[dbg     779.8 ms] [attc] compact
[dbg     791.3 ms] [attc] sort
[dbg     792.4 ms] [attc] reduce
[dbg     793.4 ms] [attc] final
[dbg     793.5 ms] [attc] pack
[dbg     814.3 ms] [attc] d2h
[dbg     822.0 ms] [atti] start
[dbg     826.0 ms] [atti] csc
[dbg     826.0 ms] [atti] h2d
[dbg     826.0 ms] [atti] count
[dbg     826.3 ms] [atti] scan
[dbg     828.3 ms] [atti] expand
[dbg     831.4 ms] [atti] compact
[dbg     842.9 ms] [atti] sort
[dbg     844.0 ms] [atti] reduce
[dbg     844.9 ms] [atti] final
[dbg     844.9 ms] [atti] symbolic
[dbg     846.4 ms] [atti] numeric
[dbg     846.6 ms] [atti] pack
[dbg     862.6 ms] [atti] d2h
[dbg     867.3 ms] [cut] start
[dbg     871.0 ms] [cut] h2d
[dbg     871.9 ms] [cut] transpose
[dbg     872.3 ms] cusparse: workEstimation begin
[dbg     872.4 ms] [cut] workest (buf1=24559319 B)
[dbg     872.4 ms] cusparse: compute begin
[dbg     880.2 ms] [cut] compute (buf2=4167172983 B)
[dbg     880.2 ms] cusparse: C size = 28924 x 28924, nnz=8946070
[dbg     880.3 ms] cusparse: copy begin
[dbg     880.4 ms] [cut] copy
[dbg     880.5 ms] [cut] pack
[dbg     914.0 ms] [cut] d2h
[dbg     921.7 ms] [atto] start
[dbg     924.9 ms] [atto] csc
[dbg     924.9 ms] [atto] h2d
[dbg     924.9 ms] [atto] count
[dbg     925.2 ms] [atto] scan
[dbg     925.9 ms] [atto] expand
[dbg     936.9 ms] [atto] sort
[dbg     938.0 ms] [atto] reduce
[dbg     940.3 ms] [atto] final
[dbg     941.2 ms] [atto] pack
[dbg     957.4 ms] [atto] d2h
[dbg     961.6 ms] [attg] start
[dbg     965.1 ms] [attg] csc
[dbg     965.1 ms] [attg] h2d
[dbg     965.2 ms] [attg] count
[dbg     965.4 ms] [attg] scan
[dbg     967.5 ms] [attg] expand
[dbg     971.0 ms] [attg] compact
[dbg     990.1 ms] [attg] sort
[dbg     993.1 ms] [attg] reduce
[dbg     994.4 ms] [attg] final
[dbg     994.5 ms] [attg] pack
[dbg    1010.9 ms] [attg] d2h
[dbg    1016.2 ms] [attc] start
[dbg    1020.7 ms] [attc] csc
[dbg    1020.7 ms] [attc] h2d
[dbg    1020.7 ms] [attc] count
[dbg    1020.9 ms] [attc] scan
[dbg    1022.9 ms] [attc] expand
[dbg    1026.0 ms] [attc] compact
[dbg    1038.9 ms] [attc] sort
[dbg    1040.0 ms] [attc] reduce
[dbg    1040.9 ms] [attc] final
[dbg    1041.0 ms] [attc] pack
[dbg    1059.9 ms] [attc] d2h
[dbg    1066.0 ms] [atti] start
[dbg    1077.1 ms] [atti] csc
[dbg    1077.1 ms] [atti] h2d
[dbg    1077.1 ms] [atti] count
[dbg    1077.8 ms] [atti] scan
[dbg    1080.5 ms] [atti] expand
[dbg    1084.8 ms] [atti] compact
[dbg    1097.5 ms] [atti] sort
[dbg    1098.5 ms] [atti] reduce
[dbg    1099.4 ms] [atti] final
[dbg    1099.4 ms] [atti] symbolic
[dbg    1100.9 ms] [atti] numeric
[dbg    1101.1 ms] [atti] pack
[dbg    1117.1 ms] [atti] d2h
Reading matrix from ./data/first100/bcsstk30.mtx...
Input A: 28924 x 28924, nnz = 2043492, sparsity = 99.76%
===============WARMING UP (att)===============
=== Computing C = A x A^T (cuSPARSE) ===
Result C (A·Aᵀ 全量): 28924 x 28924, nnz = 8946070
Time: 47.441 ms

=== Computing C = A x A^T upper (outer) ===
Result C (A·Aᵀ 上三角): 28924 x 28924, nnz = 4487497
Time: 36.532 ms

=== Computing C = A x A^T upper (Gustavson) ===
Result C (A·Aᵀ 上三角): 28924 x 28924, nnz = 4487497
Time: 51.001 ms

=== Computing C = A x A^T upper (colwise) ===
Result C (A·Aᵀ 上三角): 28924 x 28924, nnz = 4487497
Time: 45.572 ms

=== Computing C = A x A^T upper (inner) ===
Result C (A·Aᵀ 上三角): 28924 x 28924, nnz = 4487497
Time: 52.275 ms

=== All att tests completed ===
Processing bcsstk31 (att) ... (max 600s)
[dbg       0.0 ms] main entry, initializing CUDA context...
[dbg     262.1 ms] CUDA context ready
[dbg     262.2 ms] start read_matrix_market: ./data/first100/bcsstk31.mtx
[dbg     355.5 ms] read done: 35588 x 35588, nnz=1181416
[dbg     355.5 ms] [cut] start
[dbg     367.1 ms] [cut] h2d
[dbg     385.1 ms] [cut] transpose
[dbg     385.8 ms] cusparse: workEstimation begin
[dbg     390.4 ms] [cut] workest (buf1=14199047 B)
[dbg     390.4 ms] cusparse: compute begin
[dbg     414.5 ms] [cut] compute (buf2=1138996039 B)
[dbg     414.5 ms] cusparse: C size = 35588 x 35588, nnz=4713580
[dbg     414.7 ms] cusparse: copy begin
[dbg     417.0 ms] [cut] copy
[dbg     417.1 ms] [cut] pack
[dbg     437.3 ms] [cut] d2h
[dbg     442.0 ms] [atto] start
[dbg     445.5 ms] [atto] csc
[dbg     445.6 ms] [atto] h2d
[dbg     445.6 ms] [atto] count
[dbg     445.8 ms] [atto] scan
[dbg     446.0 ms] [atto] expand
[dbg     449.3 ms] [atto] sort
[dbg     449.9 ms] [atto] reduce
[dbg     450.4 ms] [atto] final
[dbg     450.5 ms] [atto] pack
[dbg     459.7 ms] [atto] d2h
[dbg     463.7 ms] [attg] start
[dbg     466.3 ms] [attg] csc
[dbg     466.4 ms] [attg] h2d
[dbg     466.4 ms] [attg] count
[dbg     466.6 ms] [attg] scan
[dbg     467.6 ms] [attg] expand
[dbg     468.8 ms] [attg] compact
[dbg     472.6 ms] [attg] sort
[dbg     473.3 ms] [attg] reduce
[dbg     474.1 ms] [attg] final
[dbg     474.2 ms] [attg] pack
[dbg     482.9 ms] [attg] d2h
[dbg     486.1 ms] [attc] start
[dbg     492.0 ms] [attc] csc
[dbg     492.0 ms] [attc] h2d
[dbg     494.5 ms] [attc] count
[dbg     497.2 ms] [attc] scan
[dbg     500.4 ms] [attc] expand
[dbg     504.9 ms] [attc] compact
[dbg     510.1 ms] [attc] sort
[dbg     512.7 ms] [attc] reduce
[dbg     513.7 ms] [attc] final
[dbg     514.0 ms] [attc] pack
[dbg     522.8 ms] [attc] d2h
[dbg     525.9 ms] [atti] start
[dbg     528.1 ms] [atti] csc
[dbg     528.1 ms] [atti] h2d
[dbg     528.1 ms] [atti] count
[dbg     528.3 ms] [atti] scan
[dbg     529.2 ms] [atti] expand
[dbg     530.4 ms] [atti] compact
[dbg     533.8 ms] [atti] sort
[dbg     534.3 ms] [atti] reduce
[dbg     534.8 ms] [atti] final
[dbg     534.8 ms] [atti] symbolic
[dbg     535.2 ms] [atti] numeric
[dbg     535.3 ms] [atti] pack
[dbg     545.4 ms] [atti] d2h
[dbg     548.1 ms] [cut] start
[dbg     550.6 ms] [cut] h2d
[dbg     551.3 ms] [cut] transpose
[dbg     551.6 ms] cusparse: workEstimation begin
[dbg     551.8 ms] [cut] workest (buf1=14199047 B)
[dbg     551.8 ms] cusparse: compute begin
[dbg     556.3 ms] [cut] compute (buf2=1138996039 B)
[dbg     556.3 ms] cusparse: C size = 35588 x 35588, nnz=4713580
[dbg     556.4 ms] cusparse: copy begin
[dbg     556.6 ms] [cut] copy
[dbg     556.6 ms] [cut] pack
[dbg     574.8 ms] [cut] d2h
[dbg     579.0 ms] [atto] start
[dbg     581.1 ms] [atto] csc
[dbg     581.1 ms] [atto] h2d
[dbg     581.1 ms] [atto] count
[dbg     581.3 ms] [atto] scan
[dbg     581.5 ms] [atto] expand
[dbg     587.0 ms] [atto] sort
[dbg     592.6 ms] [atto] reduce
[dbg     600.3 ms] [atto] final
[dbg     600.5 ms] [atto] pack
[dbg     612.3 ms] [atto] d2h
[dbg     623.3 ms] [attg] start
[dbg     664.8 ms] [attg] csc
[dbg     664.9 ms] [attg] h2d
[dbg     664.9 ms] [attg] count
[dbg     665.1 ms] [attg] scan
[dbg     666.0 ms] [attg] expand
[dbg     667.2 ms] [attg] compact
[dbg     670.6 ms] [attg] sort
[dbg     671.0 ms] [attg] reduce
[dbg     671.5 ms] [attg] final
[dbg     671.6 ms] [attg] pack
[dbg     681.5 ms] [attg] d2h
[dbg     684.3 ms] [attc] start
[dbg     686.8 ms] [attc] csc
[dbg     686.8 ms] [attc] h2d
[dbg     686.8 ms] [attc] count
[dbg     687.0 ms] [attc] scan
[dbg     688.0 ms] [attc] expand
[dbg     689.1 ms] [attc] compact
[dbg     692.5 ms] [attc] sort
[dbg     692.9 ms] [attc] reduce
[dbg     693.5 ms] [attc] final
[dbg     693.5 ms] [attc] pack
[dbg     703.3 ms] [attc] d2h
[dbg     707.4 ms] [atti] start
[dbg     711.8 ms] [atti] csc
[dbg     711.8 ms] [atti] h2d
[dbg     711.9 ms] [atti] count
[dbg     714.4 ms] [atti] scan
[dbg     715.4 ms] [atti] expand
[dbg     718.9 ms] [atti] compact
[dbg     725.1 ms] [atti] sort
[dbg     726.3 ms] [atti] reduce
[dbg     731.0 ms] [atti] final
[dbg     731.0 ms] [atti] symbolic
[dbg     731.4 ms] [atti] numeric
[dbg     732.5 ms] [atti] pack
[dbg     765.3 ms] [atti] d2h
Reading matrix from ./data/first100/bcsstk31.mtx...
Input A: 35588 x 35588, nnz = 1181416, sparsity = 99.91%
===============WARMING UP (att)===============
=== Computing C = A x A^T (cuSPARSE) ===
Result C (A·Aᵀ 全量): 35588 x 35588, nnz = 4713580
Time: 27.166 ms

=== Computing C = A x A^T upper (outer) ===
Result C (A·Aᵀ 上三角): 35588 x 35588, nnz = 2374584
Time: 41.172 ms

=== Computing C = A x A^T upper (Gustavson) ===
Result C (A·Aᵀ 上三角): 35588 x 35588, nnz = 2374584
Time: 59.069 ms

=== Computing C = A x A^T upper (colwise) ===
Result C (A·Aᵀ 上三角): 35588 x 35588, nnz = 2374584
Time: 20.154 ms

=== Computing C = A x A^T upper (inner) ===
Result C (A·Aᵀ 上三角): 35588 x 35588, nnz = 2374584
Time: 59.263 ms

=== All att tests completed ===
Processing bcsstk32 (att) ... (max 600s)
[dbg       0.0 ms] main entry, initializing CUDA context...
[dbg     217.6 ms] CUDA context ready
[dbg     217.7 ms] start read_matrix_market: ./data/first100/bcsstk32.mtx
[dbg     374.4 ms] read done: 44609 x 44609, nnz=2014701
[dbg     374.4 ms] [cut] start
[dbg     392.0 ms] [cut] h2d
[dbg     408.7 ms] [cut] transpose
[dbg     409.3 ms] cusparse: workEstimation begin
[dbg     411.3 ms] [cut] workest (buf1=24213315 B)
[dbg     411.4 ms] cusparse: compute begin
[dbg     421.9 ms] [cut] compute (buf2=2442628271 B)
[dbg     421.9 ms] cusparse: C size = 44609 x 44609, nnz=6819653
[dbg     422.1 ms] cusparse: copy begin
[dbg     424.6 ms] [cut] copy
[dbg     424.7 ms] [cut] pack
[dbg     453.6 ms] [cut] d2h
[dbg     459.8 ms] [atto] start
[dbg     464.3 ms] [atto] csc
[dbg     464.3 ms] [atto] h2d
[dbg     464.3 ms] [atto] count
[dbg     464.5 ms] [atto] scan
[dbg     465.0 ms] [atto] expand
[dbg     472.5 ms] [atto] sort
[dbg     474.0 ms] [atto] reduce
[dbg     479.0 ms] [atto] final
[dbg     479.2 ms] [atto] pack
[dbg     491.3 ms] [atto] d2h
[dbg     494.9 ms] [attg] start
[dbg     499.6 ms] [attg] csc
[dbg     499.6 ms] [attg] h2d
[dbg     499.6 ms] [attg] count
[dbg     500.8 ms] [attg] scan
[dbg     502.3 ms] [attg] expand
[dbg     504.3 ms] [attg] compact
[dbg     511.2 ms] [attg] sort
[dbg     511.9 ms] [attg] reduce
[dbg     512.5 ms] [attg] final
[dbg     512.5 ms] [attg] pack
[dbg     524.5 ms] [attg] d2h
[dbg     528.2 ms] [attc] start
[dbg     538.6 ms] [attc] csc
[dbg     538.6 ms] [attc] h2d
[dbg     538.7 ms] [attc] count
[dbg     544.3 ms] [attc] scan
[dbg     545.8 ms] [attc] expand
[dbg     558.2 ms] [attc] compact
[dbg     568.0 ms] [attc] sort
[dbg     568.8 ms] [attc] reduce
[dbg     615.6 ms] [attc] final
[dbg     615.7 ms] [attc] pack
[dbg     630.9 ms] [attc] d2h
[dbg     634.6 ms] [atti] start
[dbg     638.0 ms] [atti] csc
[dbg     638.0 ms] [atti] h2d
[dbg     638.1 ms] [atti] count
[dbg     638.4 ms] [atti] scan
[dbg     639.9 ms] [atti] expand
[dbg     641.9 ms] [atti] compact
[dbg     648.7 ms] [atti] sort
[dbg     649.4 ms] [atti] reduce
[dbg     650.0 ms] [atti] final
[dbg     650.0 ms] [atti] symbolic
[dbg     650.8 ms] [atti] numeric
[dbg     650.9 ms] [atti] pack
[dbg     664.7 ms] [atti] d2h
[dbg     691.3 ms] [cut] start
[dbg     715.1 ms] [cut] h2d
[dbg     719.4 ms] [cut] transpose
[dbg     724.5 ms] cusparse: workEstimation begin
[dbg     725.4 ms] [cut] workest (buf1=24213315 B)
[dbg     725.4 ms] cusparse: compute begin
[dbg     735.0 ms] [cut] compute (buf2=2442628271 B)
[dbg     735.0 ms] cusparse: C size = 44609 x 44609, nnz=6819653
[dbg     756.1 ms] cusparse: copy begin
[dbg     756.3 ms] [cut] copy
[dbg     760.7 ms] [cut] pack
[dbg     798.3 ms] [cut] d2h
[dbg     806.1 ms] [atto] start
[dbg     813.4 ms] [atto] csc
[dbg     813.4 ms] [atto] h2d
[dbg     813.4 ms] [atto] count
[dbg     813.7 ms] [atto] scan
[dbg     814.1 ms] [atto] expand
[dbg     820.7 ms] [atto] sort
[dbg     821.6 ms] [atto] reduce
[dbg     822.4 ms] [atto] final
[dbg     822.5 ms] [atto] pack
[dbg     837.8 ms] [atto] d2h
[dbg     841.4 ms] [attg] start
[dbg     845.2 ms] [attg] csc
[dbg     845.2 ms] [attg] h2d
[dbg     845.5 ms] [attg] count
[dbg     846.1 ms] [attg] scan
[dbg     847.7 ms] [attg] expand
[dbg     850.0 ms] [attg] compact
[dbg     856.8 ms] [attg] sort
[dbg     857.5 ms] [attg] reduce
[dbg     858.1 ms] [attg] final
[dbg     858.2 ms] [attg] pack
[dbg     870.4 ms] [attg] d2h
[dbg     874.2 ms] [attc] start
[dbg     877.7 ms] [attc] csc
[dbg     877.7 ms] [attc] h2d
[dbg     877.7 ms] [attc] count
[dbg     878.1 ms] [attc] scan
[dbg     879.6 ms] [attc] expand
[dbg     881.5 ms] [attc] compact
[dbg     888.3 ms] [attc] sort
[dbg     889.0 ms] [attc] reduce
[dbg     889.6 ms] [attc] final
[dbg     889.7 ms] [attc] pack
[dbg     901.6 ms] [attc] d2h
[dbg     905.4 ms] [atti] start
[dbg     908.7 ms] [atti] csc
[dbg     908.8 ms] [atti] h2d
[dbg     908.8 ms] [atti] count
[dbg     909.1 ms] [atti] scan
[dbg     910.6 ms] [atti] expand
[dbg     912.6 ms] [atti] compact
[dbg     919.4 ms] [atti] sort
[dbg     920.1 ms] [atti] reduce
[dbg     920.7 ms] [atti] final
[dbg     920.7 ms] [atti] symbolic
[dbg     921.4 ms] [atti] numeric
[dbg     921.5 ms] [atti] pack
[dbg     933.5 ms] [atti] d2h
Reading matrix from ./data/first100/bcsstk32.mtx...
Input A: 44609 x 44609, nnz = 2014701, sparsity = 99.90%
===============WARMING UP (att)===============
=== Computing C = A x A^T (cuSPARSE) ===
Result C (A·Aᵀ 全量): 44609 x 44609, nnz = 6819653
Time: 109.212 ms

=== Computing C = A x A^T upper (outer) ===
Result C (A·Aᵀ 上三角): 44609 x 44609, nnz = 3432131
Time: 32.620 ms

=== Computing C = A x A^T upper (Gustavson) ===
Result C (A·Aᵀ 上三角): 44609 x 44609, nnz = 3432131
Time: 30.030 ms

=== Computing C = A x A^T upper (colwise) ===
Result C (A·Aᵀ 上三角): 44609 x 44609, nnz = 3432131
Time: 28.432 ms

=== Computing C = A x A^T upper (inner) ===
Result C (A·Aᵀ 上三角): 44609 x 44609, nnz = 3432131
Time: 29.106 ms

=== All att tests completed ===
Processing bcsstk33 (att) ... (max 600s)
[dbg       0.0 ms] main entry, initializing CUDA context...
[dbg     233.2 ms] CUDA context ready
[dbg     233.3 ms] start read_matrix_market: ./data/first100/bcsstk33.mtx
[dbg     274.3 ms] read done: 8738 x 8738, nnz=591904
[dbg     274.4 ms] [cut] start
[dbg     283.2 ms] [cut] h2d
[dbg     299.7 ms] [cut] transpose
[dbg     300.4 ms] cusparse: workEstimation begin
[dbg     303.5 ms] [cut] workest (buf1=7114407 B)
[dbg     303.5 ms] cusparse: compute begin
[dbg     307.1 ms] [cut] compute (buf2=1017574375 B)
[dbg     307.1 ms] cusparse: C size = 8738 x 8738, nnz=2569536
[dbg     307.3 ms] cusparse: copy begin
[dbg     307.5 ms] [cut] copy
[dbg     307.6 ms] [cut] pack
[dbg     317.8 ms] [cut] d2h
[dbg     320.4 ms] [atto] start
[dbg     325.2 ms] [atto] csc
[dbg     325.3 ms] [atto] h2d
[dbg     325.3 ms] [atto] count
[dbg     325.8 ms] [atto] scan
[dbg     327.2 ms] [atto] expand
[dbg     331.0 ms] [atto] sort
[dbg     331.7 ms] [atto] reduce
[dbg     332.2 ms] [atto] final
[dbg     332.3 ms] [atto] pack
[dbg     337.1 ms] [atto] d2h
[dbg     338.9 ms] [attg] start
[dbg     340.2 ms] [attg] csc
[dbg     340.2 ms] [attg] h2d
[dbg     340.2 ms] [attg] count
[dbg     340.4 ms] [attg] scan
[dbg     340.9 ms] [attg] expand
[dbg     341.9 ms] [attg] compact
[dbg     344.9 ms] [attg] sort
[dbg     345.2 ms] [attg] reduce
[dbg     345.7 ms] [attg] final
[dbg     345.8 ms] [attg] pack
[dbg     352.6 ms] [attg] d2h
[dbg     355.6 ms] [attc] start
[dbg     356.9 ms] [attc] csc
[dbg     356.9 ms] [attc] h2d
[dbg     357.0 ms] [attc] count
[dbg     357.2 ms] [attc] scan
[dbg     357.6 ms] [attc] expand
[dbg     358.6 ms] [attc] compact
[dbg     361.5 ms] [attc] sort
[dbg     362.0 ms] [attc] reduce
[dbg     364.0 ms] [attc] final
[dbg     364.1 ms] [attc] pack
[dbg     368.9 ms] [attc] d2h
[dbg     371.2 ms] [atti] start
[dbg     375.8 ms] [atti] csc
[dbg     375.8 ms] [atti] h2d
[dbg     378.1 ms] [atti] count
[dbg     378.6 ms] [atti] scan
[dbg     379.0 ms] [atti] expand
[dbg     382.7 ms] [atti] compact
[dbg     386.9 ms] [atti] sort
[dbg     387.3 ms] [atti] reduce
[dbg     387.8 ms] [atti] final
[dbg     387.8 ms] [atti] symbolic
[dbg     388.2 ms] [atti] numeric
[dbg     388.4 ms] [atti] pack
[dbg     393.3 ms] [atti] d2h
[dbg     395.2 ms] [cut] start
[dbg     396.0 ms] [cut] h2d
[dbg     396.6 ms] [cut] transpose
[dbg     397.0 ms] cusparse: workEstimation begin
[dbg     397.1 ms] [cut] workest (buf1=7114407 B)
[dbg     397.1 ms] cusparse: compute begin
[dbg     399.5 ms] [cut] compute (buf2=1017574375 B)
[dbg     399.5 ms] cusparse: C size = 8738 x 8738, nnz=2569536
[dbg     399.6 ms] cusparse: copy begin
[dbg     399.7 ms] [cut] copy
[dbg     399.8 ms] [cut] pack
[dbg     410.8 ms] [cut] d2h
[dbg     413.5 ms] [atto] start
[dbg     414.8 ms] [atto] csc
[dbg     414.8 ms] [atto] h2d
[dbg     414.8 ms] [atto] count
[dbg     415.0 ms] [atto] scan
[dbg     415.2 ms] [atto] expand
[dbg     418.1 ms] [atto] sort
[dbg     418.5 ms] [atto] reduce
[dbg     419.4 ms] [atto] final
[dbg     419.5 ms] [atto] pack
[dbg     424.9 ms] [atto] d2h
[dbg     427.1 ms] [attg] start
[dbg     432.4 ms] [attg] csc
[dbg     432.4 ms] [attg] h2d
[dbg     434.4 ms] [attg] count
[dbg     435.0 ms] [attg] scan
[dbg     435.5 ms] [attg] expand
[dbg     438.7 ms] [attg] compact
[dbg     442.5 ms] [attg] sort
[dbg     442.9 ms] [attg] reduce
[dbg     443.4 ms] [attg] final
[dbg     443.5 ms] [attg] pack
[dbg     448.5 ms] [attg] d2h
[dbg     450.3 ms] [attc] start
[dbg     451.7 ms] [attc] csc
[dbg     451.7 ms] [attc] h2d
[dbg     451.7 ms] [attc] count
[dbg     451.9 ms] [attc] scan
[dbg     452.4 ms] [attc] expand
[dbg     453.4 ms] [attc] compact
[dbg     456.3 ms] [attc] sort
[dbg     456.7 ms] [attc] reduce
[dbg     457.2 ms] [attc] final
[dbg     457.3 ms] [attc] pack
[dbg     462.4 ms] [attc] d2h
[dbg     464.3 ms] [atti] start
[dbg     465.8 ms] [atti] csc
[dbg     465.8 ms] [atti] h2d
[dbg     465.9 ms] [atti] count
[dbg     466.1 ms] [atti] scan
[dbg     466.5 ms] [atti] expand
[dbg     469.0 ms] [atti] compact
[dbg     472.0 ms] [atti] sort
[dbg     472.9 ms] [atti] reduce
[dbg     473.9 ms] [atti] final
[dbg     473.9 ms] [atti] symbolic
[dbg     474.3 ms] [atti] numeric
[dbg     475.9 ms] [atti] pack
[dbg     480.8 ms] [atti] d2h
Reading matrix from ./data/first100/bcsstk33.mtx...
Input A: 8738 x 8738, nnz = 591904, sparsity = 99.22%
===============WARMING UP (att)===============
=== Computing C = A x A^T (cuSPARSE) ===
Result C (A·Aᵀ 全量): 8738 x 8738, nnz = 2569536
Time: 16.274 ms

=== Computing C = A x A^T upper (outer) ===
Result C (A·Aᵀ 上三角): 8738 x 8738, nnz = 1289137
Time: 12.381 ms

=== Computing C = A x A^T upper (Gustavson) ===
Result C (A·Aᵀ 上三角): 8738 x 8738, nnz = 1289137
Time: 22.121 ms

=== Computing C = A x A^T upper (colwise) ===
Result C (A·Aᵀ 上三角): 8738 x 8738, nnz = 1289137
Time: 12.908 ms

=== Computing C = A x A^T upper (inner) ===
Result C (A·Aᵀ 上三角): 8738 x 8738, nnz = 1289137
Time: 17.198 ms

=== All att tests completed ===
Processing bcsstm01 (att) ... (max 600s)
[dbg       0.0 ms] main entry, initializing CUDA context...
[dbg     302.5 ms] CUDA context ready
[dbg     302.6 ms] start read_matrix_market: ./data/first100/bcsstm01.mtx
[dbg     302.7 ms] read done: 48 x 48, nnz=48
[dbg     302.7 ms] [cut] start
[dbg     313.5 ms] [cut] h2d
[dbg     338.4 ms] [cut] transpose
[dbg     338.5 ms] cusparse: workEstimation begin
[dbg     343.0 ms] [cut] workest (buf1=1639 B)
[dbg     343.0 ms] cusparse: compute begin
[dbg     347.0 ms] [cut] compute (buf2=6495 B)
[dbg     347.0 ms] cusparse: C size = 48 x 48, nnz=48
[dbg     347.0 ms] cusparse: copy begin
[dbg     347.1 ms] [cut] copy
[dbg     347.1 ms] [cut] pack
[dbg     349.8 ms] [cut] d2h
[dbg     353.1 ms] [atto] start
[dbg     355.9 ms] [atto] csc
[dbg     355.9 ms] [atto] h2d
[dbg     356.0 ms] [atto] count
[dbg     356.0 ms] [atto] scan
[dbg     356.0 ms] [atto] expand
[dbg     356.1 ms] [atto] sort
[dbg     356.3 ms] [atto] reduce
[dbg     356.3 ms] [atto] final
[dbg     356.4 ms] [atto] pack
[dbg     358.3 ms] [atto] d2h
[dbg     361.2 ms] [attg] start
[dbg     363.5 ms] [attg] csc
[dbg     363.5 ms] [attg] h2d
[dbg     363.6 ms] [attg] count
[dbg     363.6 ms] [attg] scan
[dbg     363.7 ms] [attg] expand
[dbg     363.8 ms] [attg] compact
[dbg     363.8 ms] [attg] sort
[dbg     363.9 ms] [attg] reduce
[dbg     363.9 ms] [attg] final
[dbg     363.9 ms] [attg] pack
[dbg     365.5 ms] [attg] d2h
[dbg     366.7 ms] [attc] start
[dbg     368.2 ms] [attc] csc
[dbg     368.2 ms] [attc] h2d
[dbg     368.3 ms] [attc] count
[dbg     368.3 ms] [attc] scan
[dbg     368.3 ms] [attc] expand
[dbg     368.4 ms] [attc] compact
[dbg     368.5 ms] [attc] sort
[dbg     368.5 ms] [attc] reduce
[dbg     368.5 ms] [attc] final
[dbg     368.6 ms] [attc] pack
[dbg     369.6 ms] [attc] d2h
[dbg     371.1 ms] [atti] start
[dbg     372.2 ms] [atti] csc
[dbg     372.3 ms] [atti] h2d
[dbg     372.3 ms] [atti] count
[dbg     372.3 ms] [atti] scan
[dbg     372.3 ms] [atti] expand
[dbg     372.4 ms] [atti] compact
[dbg     372.4 ms] [atti] sort
[dbg     372.5 ms] [atti] reduce
[dbg     372.5 ms] [atti] final
[dbg     372.5 ms] [atti] symbolic
[dbg     372.6 ms] [atti] numeric
[dbg     372.6 ms] [atti] pack
[dbg     375.0 ms] [atti] d2h
[dbg     378.4 ms] [cut] start
[dbg     379.3 ms] [cut] h2d
[dbg     379.4 ms] [cut] transpose
[dbg     379.5 ms] cusparse: workEstimation begin
[dbg     379.5 ms] [cut] workest (buf1=1639 B)
[dbg     379.5 ms] cusparse: compute begin
[dbg     379.7 ms] [cut] compute (buf2=6495 B)
[dbg     379.7 ms] cusparse: C size = 48 x 48, nnz=48
[dbg     379.7 ms] cusparse: copy begin
[dbg     379.7 ms] [cut] copy
[dbg     379.7 ms] [cut] pack
[dbg     381.0 ms] [cut] d2h
[dbg     382.4 ms] [atto] start
[dbg     383.6 ms] [atto] csc
[dbg     383.6 ms] [atto] h2d
[dbg     383.7 ms] [atto] count
[dbg     383.7 ms] [atto] scan
[dbg     383.7 ms] [atto] expand
[dbg     383.8 ms] [atto] sort
[dbg     383.8 ms] [atto] reduce
[dbg     383.9 ms] [atto] final
[dbg     383.9 ms] [atto] pack
[dbg     386.3 ms] [atto] d2h
[dbg     390.8 ms] [attg] start
[dbg     391.1 ms] [attg] csc
[dbg     391.1 ms] [attg] h2d
[dbg     391.1 ms] [attg] count
[dbg     391.2 ms] [attg] scan
[dbg     391.2 ms] [attg] expand
[dbg     391.2 ms] [attg] compact
[dbg     391.3 ms] [attg] sort
[dbg     391.3 ms] [attg] reduce
[dbg     391.4 ms] [attg] final
[dbg     391.4 ms] [attg] pack
[dbg     392.5 ms] [attg] d2h
[dbg     392.9 ms] [attc] start
[dbg     394.4 ms] [attc] csc
[dbg     394.4 ms] [attc] h2d
[dbg     394.4 ms] [attc] count
[dbg     394.5 ms] [attc] scan
[dbg     394.5 ms] [attc] expand
[dbg     394.5 ms] [attc] compact
[dbg     394.6 ms] [attc] sort
[dbg     394.6 ms] [attc] reduce
[dbg     394.7 ms] [attc] final
[dbg     394.7 ms] [attc] pack
[dbg     395.5 ms] [attc] d2h
[dbg     395.9 ms] [atti] start
[dbg     396.0 ms] [atti] csc
[dbg     396.1 ms] [atti] h2d
[dbg     396.1 ms] [atti] count
[dbg     396.1 ms] [atti] scan
[dbg     396.1 ms] [atti] expand
[dbg     396.2 ms] [atti] compact
[dbg     396.2 ms] [atti] sort
[dbg     396.3 ms] [atti] reduce
[dbg     396.3 ms] [atti] final
[dbg     396.3 ms] [atti] symbolic
[dbg     396.3 ms] [atti] numeric
[dbg     396.3 ms] [atti] pack
[dbg     397.8 ms] [atti] d2h
Reading matrix from ./data/first100/bcsstm01.mtx...
Input A: 48 x 48, nnz = 48, sparsity = 97.92%
===============WARMING UP (att)===============
=== Computing C = A x A^T (cuSPARSE) ===
Result C (A·Aᵀ 全量): 48 x 48, nnz = 48
Time: 3.397 ms

=== Computing C = A x A^T upper (outer) ===
Result C (A·Aᵀ 上三角): 48 x 48, nnz = 48
Time: 7.728 ms

=== Computing C = A x A^T upper (Gustavson) ===
Result C (A·Aᵀ 上三角): 48 x 48, nnz = 48
Time: 1.749 ms

=== Computing C = A x A^T upper (colwise) ===
Result C (A·Aᵀ 上三角): 48 x 48, nnz = 48
Time: 2.738 ms

=== Computing C = A x A^T upper (inner) ===
Result C (A·Aᵀ 上三角): 48 x 48, nnz = 48
Time: 2.011 ms

=== All att tests completed ===
Processing bcsstm02 (att) ... (max 600s)
[dbg       0.0 ms] main entry, initializing CUDA context...
[dbg     211.4 ms] CUDA context ready
[dbg     211.5 ms] start read_matrix_market: ./data/first100/bcsstm02.mtx
[dbg     211.5 ms] read done: 66 x 66, nnz=66
[dbg     211.5 ms] [cut] start
[dbg     220.2 ms] [cut] h2d
[dbg     238.4 ms] [cut] transpose
[dbg     238.5 ms] cusparse: workEstimation begin
[dbg     241.8 ms] [cut] workest (buf1=1855 B)
[dbg     241.8 ms] cusparse: compute begin
[dbg     242.4 ms] [cut] compute (buf2=6999 B)
[dbg     242.4 ms] cusparse: C size = 66 x 66, nnz=66
[dbg     242.4 ms] cusparse: copy begin
[dbg     242.5 ms] [cut] copy
[dbg     242.5 ms] [cut] pack
[dbg     243.5 ms] [cut] d2h
[dbg     243.9 ms] [atto] start
[dbg     251.4 ms] [atto] csc
[dbg     251.4 ms] [atto] h2d
[dbg     251.4 ms] [atto] count
[dbg     251.4 ms] [atto] scan
[dbg     251.5 ms] [atto] expand
[dbg     251.5 ms] [atto] sort
[dbg     252.3 ms] [atto] reduce
[dbg     252.9 ms] [atto] final
[dbg     252.9 ms] [atto] pack
[dbg     253.9 ms] [atto] d2h
[dbg     254.3 ms] [attg] start
[dbg     254.6 ms] [attg] csc
[dbg     254.6 ms] [attg] h2d
[dbg     254.6 ms] [attg] count
[dbg     254.7 ms] [attg] scan
[dbg     254.7 ms] [attg] expand
[dbg     254.8 ms] [attg] compact
[dbg     254.8 ms] [attg] sort
[dbg     254.9 ms] [attg] reduce
[dbg     254.9 ms] [attg] final
[dbg     254.9 ms] [attg] pack
[dbg     255.7 ms] [attg] d2h
[dbg     256.1 ms] [attc] start
[dbg     256.2 ms] [attc] csc
[dbg     256.2 ms] [attc] h2d
[dbg     256.2 ms] [attc] count
[dbg     256.3 ms] [attc] scan
[dbg     256.3 ms] [attc] expand
[dbg     256.3 ms] [attc] compact
[dbg     256.4 ms] [attc] sort
[dbg     256.4 ms] [attc] reduce
[dbg     256.4 ms] [attc] final
[dbg     256.5 ms] [attc] pack
[dbg     257.1 ms] [attc] d2h
[dbg     257.5 ms] [atti] start
[dbg     257.6 ms] [atti] csc
[dbg     257.6 ms] [atti] h2d
[dbg     257.6 ms] [atti] count
[dbg     257.6 ms] [atti] scan
[dbg     257.6 ms] [atti] expand
[dbg     257.7 ms] [atti] compact
[dbg     257.7 ms] [atti] sort
[dbg     257.8 ms] [atti] reduce
[dbg     257.8 ms] [atti] final
[dbg     257.8 ms] [atti] symbolic
[dbg     257.8 ms] [atti] numeric
[dbg     257.9 ms] [atti] pack
[dbg     258.5 ms] [atti] d2h
[dbg     258.8 ms] [cut] start
[dbg     258.9 ms] [cut] h2d
[dbg     259.0 ms] [cut] transpose
[dbg     259.0 ms] cusparse: workEstimation begin
[dbg     259.1 ms] [cut] workest (buf1=1855 B)
[dbg     259.1 ms] cusparse: compute begin
[dbg     259.2 ms] [cut] compute (buf2=6999 B)
[dbg     259.2 ms] cusparse: C size = 66 x 66, nnz=66
[dbg     259.2 ms] cusparse: copy begin
[dbg     259.2 ms] [cut] copy
[dbg     259.3 ms] [cut] pack
[dbg     259.9 ms] [cut] d2h
[dbg     260.2 ms] [atto] start
[dbg     260.4 ms] [atto] csc
[dbg     260.4 ms] [atto] h2d
[dbg     260.4 ms] [atto] count
[dbg     260.4 ms] [atto] scan
[dbg     260.4 ms] [atto] expand
[dbg     260.5 ms] [atto] sort
[dbg     260.5 ms] [atto] reduce
[dbg     260.6 ms] [atto] final
[dbg     260.6 ms] [atto] pack
[dbg     262.0 ms] [atto] d2h
[dbg     262.4 ms] [attg] start
[dbg     262.5 ms] [attg] csc
[dbg     262.5 ms] [attg] h2d
[dbg     262.5 ms] [attg] count
[dbg     262.6 ms] [attg] scan
[dbg     262.6 ms] [attg] expand
[dbg     262.7 ms] [attg] compact
[dbg     262.7 ms] [attg] sort
[dbg     262.7 ms] [attg] reduce
[dbg     262.8 ms] [attg] final
[dbg     262.8 ms] [attg] pack
[dbg     263.4 ms] [attg] d2h
[dbg     263.8 ms] [attc] start
[dbg     264.0 ms] [attc] csc
[dbg     264.0 ms] [attc] h2d
[dbg     264.0 ms] [attc] count
[dbg     264.0 ms] [attc] scan
[dbg     264.1 ms] [attc] expand
[dbg     264.1 ms] [attc] compact
[dbg     264.1 ms] [attc] sort
[dbg     264.2 ms] [attc] reduce
[dbg     264.2 ms] [attc] final
[dbg     264.2 ms] [attc] pack
[dbg     264.8 ms] [attc] d2h
[dbg     265.2 ms] [atti] start
[dbg     265.3 ms] [atti] csc
[dbg     265.3 ms] [atti] h2d
[dbg     265.3 ms] [atti] count
[dbg     265.4 ms] [atti] scan
[dbg     265.4 ms] [atti] expand
[dbg     265.5 ms] [atti] compact
[dbg     265.5 ms] [atti] sort
[dbg     265.5 ms] [atti] reduce
[dbg     265.6 ms] [atti] final
[dbg     265.6 ms] [atti] symbolic
[dbg     265.6 ms] [atti] numeric
[dbg     265.6 ms] [atti] pack
[dbg     266.2 ms] [atti] d2h
Reading matrix from ./data/first100/bcsstm02.mtx...
Input A: 66 x 66, nnz = 66, sparsity = 98.48%
===============WARMING UP (att)===============
=== Computing C = A x A^T (cuSPARSE) ===
Result C (A·Aᵀ 全量): 66 x 66, nnz = 66
Time: 1.173 ms

=== Computing C = A x A^T upper (outer) ===
Result C (A·Aᵀ 上三角): 66 x 66, nnz = 66
Time: 1.858 ms

=== Computing C = A x A^T upper (Gustavson) ===
Result C (A·Aᵀ 上三角): 66 x 66, nnz = 66
Time: 1.204 ms

=== Computing C = A x A^T upper (colwise) ===
Result C (A·Aᵀ 上三角): 66 x 66, nnz = 66
Time: 1.134 ms

=== Computing C = A x A^T upper (inner) ===
Result C (A·Aᵀ 上三角): 66 x 66, nnz = 66
Time: 1.128 ms

=== All att tests completed ===
Processing bcsstm03 (att) ... (max 600s)
[dbg       0.0 ms] main entry, initializing CUDA context...
[dbg     729.2 ms] CUDA context ready
[dbg     729.4 ms] start read_matrix_market: ./data/first100/bcsstm03.mtx
[dbg     729.5 ms] read done: 112 x 112, nnz=112
[dbg     729.5 ms] [cut] start
[dbg     740.8 ms] [cut] h2d
[dbg     762.7 ms] [cut] transpose
[dbg     762.8 ms] cusparse: workEstimation begin
[dbg     766.9 ms] [cut] workest (buf1=2407 B)
[dbg     766.9 ms] cusparse: compute begin
[dbg     767.7 ms] [cut] compute (buf2=8287 B)
[dbg     767.7 ms] cusparse: C size = 112 x 112, nnz=112
[dbg     767.7 ms] cusparse: copy begin
[dbg     767.8 ms] [cut] copy
[dbg     767.9 ms] [cut] pack
[dbg     769.3 ms] [cut] d2h
[dbg     769.9 ms] [atto] start
[dbg     771.9 ms] [atto] csc
[dbg     771.9 ms] [atto] h2d
[dbg     771.9 ms] [atto] count
[dbg     772.0 ms] [atto] scan
[dbg     772.0 ms] [atto] expand
[dbg     772.1 ms] [atto] sort
[dbg     772.3 ms] [atto] reduce
[dbg     772.4 ms] [atto] final
[dbg     772.4 ms] [atto] pack
[dbg     773.7 ms] [atto] d2h
[dbg     774.2 ms] [attg] start
[dbg     774.4 ms] [attg] csc
[dbg     774.4 ms] [attg] h2d
[dbg     774.5 ms] [attg] count
[dbg     774.5 ms] [attg] scan
[dbg     774.5 ms] [attg] expand
[dbg     774.7 ms] [attg] compact
[dbg     774.8 ms] [attg] sort
[dbg     774.8 ms] [attg] reduce
[dbg     774.9 ms] [attg] final
[dbg     774.9 ms] [attg] pack
[dbg     776.0 ms] [attg] d2h
[dbg     776.4 ms] [attc] start
[dbg     776.6 ms] [attc] csc
[dbg     776.6 ms] [attc] h2d
[dbg     776.6 ms] [attc] count
[dbg     776.7 ms] [attc] scan
[dbg     776.7 ms] [attc] expand
[dbg     776.8 ms] [attc] compact
[dbg     776.8 ms] [attc] sort
[dbg     776.9 ms] [attc] reduce
[dbg     776.9 ms] [attc] final
[dbg     777.0 ms] [attc] pack
[dbg     777.9 ms] [attc] d2h
[dbg     778.3 ms] [atti] start
[dbg     778.8 ms] [atti] csc
[dbg     778.8 ms] [atti] h2d
[dbg     779.1 ms] [atti] count
[dbg     779.5 ms] [atti] scan
[dbg     779.7 ms] [atti] expand
[dbg     780.6 ms] [atti] compact
[dbg     781.2 ms] [atti] sort
[dbg     781.6 ms] [atti] reduce
[dbg     781.9 ms] [atti] final
[dbg     781.9 ms] [atti] symbolic
[dbg     781.9 ms] [atti] numeric
[dbg     781.9 ms] [atti] pack
[dbg     782.8 ms] [atti] d2h
[dbg     783.2 ms] [cut] start
[dbg     783.4 ms] [cut] h2d
[dbg     783.5 ms] [cut] transpose
[dbg     783.6 ms] cusparse: workEstimation begin
[dbg     783.6 ms] [cut] workest (buf1=2407 B)
[dbg     783.6 ms] cusparse: compute begin
[dbg     783.8 ms] [cut] compute (buf2=8287 B)
[dbg     783.8 ms] cusparse: C size = 112 x 112, nnz=112
[dbg     783.8 ms] cusparse: copy begin
[dbg     783.9 ms] [cut] copy
[dbg     783.9 ms] [cut] pack
[dbg     784.8 ms] [cut] d2h
[dbg     785.2 ms] [atto] start
[dbg     785.8 ms] [atto] csc
[dbg     785.8 ms] [atto] h2d
[dbg     786.1 ms] [atto] count
[dbg     786.4 ms] [atto] scan
[dbg     786.7 ms] [atto] expand
[dbg     787.3 ms] [atto] sort
[dbg     787.6 ms] [atto] reduce
[dbg     788.2 ms] [atto] final
[dbg     788.2 ms] [atto] pack
[dbg     789.0 ms] [atto] d2h
[dbg     789.7 ms] [attg] start
[dbg     789.9 ms] [attg] csc
[dbg     789.9 ms] [attg] h2d
[dbg     789.9 ms] [attg] count
[dbg     790.0 ms] [attg] scan
[dbg     790.3 ms] [attg] expand
[dbg     790.3 ms] [attg] compact
[dbg     790.4 ms] [attg] sort
[dbg     790.4 ms] [attg] reduce
[dbg     790.5 ms] [attg] final
[dbg     790.5 ms] [attg] pack
[dbg     791.4 ms] [attg] d2h
[dbg     791.8 ms] [attc] start
[dbg     792.3 ms] [attc] csc
[dbg     792.3 ms] [attc] h2d
[dbg     792.6 ms] [attc] count
[dbg     792.9 ms] [attc] scan
[dbg     793.0 ms] [attc] expand
[dbg     793.0 ms] [attc] compact
[dbg     793.1 ms] [attc] sort
[dbg     793.1 ms] [attc] reduce
[dbg     793.2 ms] [attc] final
[dbg     793.2 ms] [attc] pack
[dbg     794.1 ms] [attc] d2h
[dbg     794.6 ms] [atti] start
[dbg     794.8 ms] [atti] csc
[dbg     794.9 ms] [atti] h2d
[dbg     794.9 ms] [atti] count
[dbg     794.9 ms] [atti] scan
[dbg     794.9 ms] [atti] expand
[dbg     795.0 ms] [atti] compact
[dbg     795.1 ms] [atti] sort
[dbg     795.1 ms] [atti] reduce
[dbg     795.2 ms] [atti] final
[dbg     795.2 ms] [atti] symbolic
[dbg     795.2 ms] [atti] numeric
[dbg     795.2 ms] [atti] pack
[dbg     796.0 ms] [atti] d2h
Reading matrix from ./data/first100/bcsstm03.mtx...
Input A: 112 x 112, nnz = 112, sparsity = 99.11%
===============WARMING UP (att)===============
=== Computing C = A x A^T (cuSPARSE) ===
Result C (A·Aᵀ 全量): 112 x 112, nnz = 112
Time: 1.630 ms

=== Computing C = A x A^T upper (outer) ===
Result C (A·Aᵀ 上三角): 112 x 112, nnz = 112
Time: 4.179 ms

=== Computing C = A x A^T upper (Gustavson) ===
Result C (A·Aᵀ 上三角): 112 x 112, nnz = 112
Time: 1.778 ms

=== Computing C = A x A^T upper (colwise) ===
Result C (A·Aᵀ 上三角): 112 x 112, nnz = 112
Time: 2.488 ms

=== Computing C = A x A^T upper (inner) ===
Result C (A·Aᵀ 上三角): 112 x 112, nnz = 112
Time: 1.625 ms

=== All att tests completed ===
Processing bcsstm04 (att) ... (max 600s)
[dbg       0.0 ms] main entry, initializing CUDA context...
[dbg     715.9 ms] CUDA context ready
[dbg     716.0 ms] start read_matrix_market: ./data/first100/bcsstm04.mtx
[dbg     716.1 ms] read done: 132 x 132, nnz=132
[dbg     716.1 ms] [cut] start
[dbg     730.5 ms] [cut] h2d
[dbg     753.7 ms] [cut] transpose
[dbg     753.8 ms] cusparse: workEstimation begin
[dbg     758.0 ms] [cut] workest (buf1=2647 B)
[dbg     758.0 ms] cusparse: compute begin
[dbg     758.8 ms] [cut] compute (buf2=8847 B)
[dbg     758.8 ms] cusparse: C size = 132 x 132, nnz=132
[dbg     758.8 ms] cusparse: copy begin
[dbg     758.9 ms] [cut] copy
[dbg     758.9 ms] [cut] pack
[dbg     760.4 ms] [cut] d2h
[dbg     760.9 ms] [atto] start
[dbg     763.1 ms] [atto] csc
[dbg     763.1 ms] [atto] h2d
[dbg     763.1 ms] [atto] count
[dbg     763.2 ms] [atto] scan
[dbg     763.2 ms] [atto] expand
[dbg     763.3 ms] [atto] sort
[dbg     763.5 ms] [atto] reduce
[dbg     763.6 ms] [atto] final
[dbg     763.6 ms] [atto] pack
[dbg     764.9 ms] [atto] d2h
[dbg     765.4 ms] [attg] start
[dbg     765.9 ms] [attg] csc
[dbg     766.0 ms] [attg] h2d
[dbg     766.3 ms] [attg] count
[dbg     766.6 ms] [attg] scan
[dbg     766.9 ms] [attg] expand
[dbg     767.8 ms] [attg] compact
[dbg     768.4 ms] [attg] sort
[dbg     768.7 ms] [attg] reduce
[dbg     768.8 ms] [attg] final
[dbg     768.8 ms] [attg] pack
[dbg     770.0 ms] [attg] d2h
[dbg     770.5 ms] [attc] start
[dbg     770.7 ms] [attc] csc
[dbg     770.7 ms] [attc] h2d
[dbg     770.7 ms] [attc] count
[dbg     770.8 ms] [attc] scan
[dbg     771.1 ms] [attc] expand
[dbg     771.2 ms] [attc] compact
[dbg     771.2 ms] [attc] sort
[dbg     771.3 ms] [attc] reduce
[dbg     771.3 ms] [attc] final
[dbg     771.4 ms] [attc] pack
[dbg     772.3 ms] [attc] d2h
[dbg     772.7 ms] [atti] start
[dbg     773.3 ms] [atti] csc
[dbg     773.3 ms] [atti] h2d
[dbg     773.6 ms] [atti] count
[dbg     773.9 ms] [atti] scan
[dbg     774.2 ms] [atti] expand
[dbg     775.1 ms] [atti] compact
[dbg     775.4 ms] [atti] sort
[dbg     775.5 ms] [atti] reduce
[dbg     775.5 ms] [atti] final
[dbg     775.5 ms] [atti] symbolic
[dbg     775.5 ms] [atti] numeric
[dbg     775.6 ms] [atti] pack
[dbg     776.6 ms] [atti] d2h
[dbg     777.2 ms] [cut] start
[dbg     777.3 ms] [cut] h2d
[dbg     777.6 ms] [cut] transpose
[dbg     777.6 ms] cusparse: workEstimation begin
[dbg     777.6 ms] [cut] workest (buf1=2647 B)
[dbg     777.6 ms] cusparse: compute begin
[dbg     777.8 ms] [cut] compute (buf2=8847 B)
[dbg     777.8 ms] cusparse: C size = 132 x 132, nnz=132
[dbg     777.8 ms] cusparse: copy begin
[dbg     777.8 ms] [cut] copy
[dbg     777.9 ms] [cut] pack
[dbg     778.7 ms] [cut] d2h
[dbg     779.1 ms] [atto] start
[dbg     779.7 ms] [atto] csc
[dbg     779.7 ms] [atto] h2d
[dbg     780.0 ms] [atto] count
[dbg     780.3 ms] [atto] scan
[dbg     780.6 ms] [atto] expand
[dbg     781.2 ms] [atto] sort
[dbg     781.5 ms] [atto] reduce
[dbg     781.8 ms] [atto] final
[dbg     781.8 ms] [atto] pack
[dbg     782.7 ms] [atto] d2h
[dbg     783.2 ms] [attg] start
[dbg     783.3 ms] [attg] csc
[dbg     783.4 ms] [attg] h2d
[dbg     783.7 ms] [attg] count
[dbg     784.0 ms] [attg] scan
[dbg     784.3 ms] [attg] expand
[dbg     785.2 ms] [attg] compact
[dbg     785.8 ms] [attg] sort
[dbg     786.1 ms] [attg] reduce
[dbg     786.6 ms] [attg] final
[dbg     786.7 ms] [attg] pack
[dbg     787.5 ms] [attg] d2h
[dbg     788.0 ms] [attc] start
[dbg     788.6 ms] [attc] csc
[dbg     788.6 ms] [attc] h2d
[dbg     788.9 ms] [attc] count
[dbg     789.2 ms] [attc] scan
[dbg     789.5 ms] [attc] expand
[dbg     790.4 ms] [attc] compact
[dbg     791.0 ms] [attc] sort
[dbg     791.3 ms] [attc] reduce
[dbg     791.6 ms] [attc] final
[dbg     791.6 ms] [attc] pack
[dbg     792.6 ms] [attc] d2h
[dbg     793.0 ms] [atti] start
[dbg     793.6 ms] [atti] csc
[dbg     793.6 ms] [atti] h2d
[dbg     793.9 ms] [atti] count
[dbg     794.2 ms] [atti] scan
[dbg     794.2 ms] [atti] expand
[dbg     794.3 ms] [atti] compact
[dbg     794.3 ms] [atti] sort
[dbg     794.4 ms] [atti] reduce
[dbg     794.4 ms] [atti] final
[dbg     794.4 ms] [atti] symbolic
[dbg     794.5 ms] [atti] numeric
[dbg     794.5 ms] [atti] pack
[dbg     795.3 ms] [atti] d2h
Reading matrix from ./data/first100/bcsstm04.mtx...
Input A: 132 x 132, nnz = 132, sparsity = 99.24%
===============WARMING UP (att)===============
=== Computing C = A x A^T (cuSPARSE) ===
Result C (A·Aᵀ 全量): 132 x 132, nnz = 132
Time: 1.658 ms

=== Computing C = A x A^T upper (outer) ===
Result C (A·Aᵀ 上三角): 132 x 132, nnz = 132
Time: 3.738 ms

=== Computing C = A x A^T upper (Gustavson) ===
Result C (A·Aᵀ 上三角): 132 x 132, nnz = 132
Time: 4.565 ms

=== Computing C = A x A^T upper (colwise) ===
Result C (A·Aᵀ 上三角): 132 x 132, nnz = 132
Time: 4.758 ms

=== Computing C = A x A^T upper (inner) ===
Result C (A·Aᵀ 上三角): 132 x 132, nnz = 132
Time: 2.469 ms

=== All att tests completed ===
Processing bcsstm05 (att) ... (max 600s)
[dbg       0.0 ms] main entry, initializing CUDA context...
[dbg     702.2 ms] CUDA context ready
[dbg     702.4 ms] start read_matrix_market: ./data/first100/bcsstm05.mtx
[dbg     702.5 ms] read done: 153 x 153, nnz=153
[dbg     702.5 ms] [cut] start
[dbg     714.0 ms] [cut] h2d
[dbg     731.2 ms] [cut] transpose
[dbg     731.2 ms] cusparse: workEstimation begin
[dbg     734.2 ms] [cut] workest (buf1=2899 B)
[dbg     734.2 ms] cusparse: compute begin
[dbg     734.8 ms] [cut] compute (buf2=9435 B)
[dbg     734.8 ms] cusparse: C size = 153 x 153, nnz=153
[dbg     734.8 ms] cusparse: copy begin
[dbg     734.9 ms] [cut] copy
[dbg     734.9 ms] [cut] pack
[dbg     735.9 ms] [cut] d2h
[dbg     736.3 ms] [atto] start
[dbg     737.9 ms] [atto] csc
[dbg     737.9 ms] [atto] h2d
[dbg     737.9 ms] [atto] count
[dbg     738.0 ms] [atto] scan
[dbg     738.0 ms] [atto] expand
[dbg     738.1 ms] [atto] sort
[dbg     738.2 ms] [atto] reduce
[dbg     738.3 ms] [atto] final
[dbg     738.3 ms] [atto] pack
[dbg     739.3 ms] [atto] d2h
[dbg     739.7 ms] [attg] start
[dbg     739.8 ms] [attg] csc
[dbg     739.8 ms] [attg] h2d
[dbg     739.8 ms] [attg] count
[dbg     739.9 ms] [attg] scan
[dbg     739.9 ms] [attg] expand
[dbg     740.0 ms] [attg] compact
[dbg     740.1 ms] [attg] sort
[dbg     740.1 ms] [attg] reduce
[dbg     740.2 ms] [attg] final
[dbg     740.2 ms] [attg] pack
[dbg     741.0 ms] [attg] d2h
[dbg     741.3 ms] [attc] start
[dbg     741.5 ms] [attc] csc
[dbg     741.5 ms] [attc] h2d
[dbg     741.5 ms] [attc] count
[dbg     741.5 ms] [attc] scan
[dbg     741.6 ms] [attc] expand
[dbg     741.6 ms] [attc] compact
[dbg     742.0 ms] [attc] sort
[dbg     742.0 ms] [attc] reduce
[dbg     742.0 ms] [attc] final
[dbg     742.0 ms] [attc] pack
[dbg     742.7 ms] [attc] d2h
[dbg     743.1 ms] [atti] start
[dbg     743.6 ms] [atti] csc
[dbg     743.6 ms] [atti] h2d
[dbg     743.9 ms] [atti] count
[dbg     744.0 ms] [atti] scan
[dbg     744.0 ms] [atti] expand
[dbg     744.0 ms] [atti] compact
[dbg     744.1 ms] [atti] sort
[dbg     744.1 ms] [atti] reduce
[dbg     744.1 ms] [atti] final
[dbg     744.2 ms] [atti] symbolic
[dbg     744.2 ms] [atti] numeric
[dbg     744.2 ms] [atti] pack
[dbg     744.9 ms] [atti] d2h
[dbg     745.3 ms] [cut] start
[dbg     745.4 ms] [cut] h2d
[dbg     745.5 ms] [cut] transpose
[dbg     745.5 ms] cusparse: workEstimation begin
[dbg     745.8 ms] [cut] workest (buf1=2899 B)
[dbg     745.8 ms] cusparse: compute begin
[dbg     746.0 ms] [cut] compute (buf2=9435 B)
[dbg     746.0 ms] cusparse: C size = 153 x 153, nnz=153
[dbg     746.0 ms] cusparse: copy begin
[dbg     746.0 ms] [cut] copy
[dbg     746.0 ms] [cut] pack
[dbg     746.7 ms] [cut] d2h
[dbg     747.0 ms] [atto] start
[dbg     747.6 ms] [atto] csc
[dbg     747.6 ms] [atto] h2d
[dbg     747.9 ms] [atto] count
[dbg     748.2 ms] [atto] scan
[dbg     748.5 ms] [atto] expand
[dbg     749.1 ms] [atto] sort
[dbg     749.4 ms] [atto] reduce
[dbg     749.4 ms] [atto] final
[dbg     749.5 ms] [atto] pack
[dbg     750.1 ms] [atto] d2h
[dbg     750.5 ms] [attg] start
[dbg     750.8 ms] [attg] csc
[dbg     750.8 ms] [attg] h2d
[dbg     750.8 ms] [attg] count
[dbg     750.8 ms] [attg] scan
[dbg     750.9 ms] [attg] expand
[dbg     750.9 ms] [attg] compact
[dbg     751.0 ms] [attg] sort
[dbg     751.0 ms] [attg] reduce
[dbg     751.1 ms] [attg] final
[dbg     751.1 ms] [attg] pack
[dbg     751.7 ms] [attg] d2h
[dbg     752.1 ms] [attc] start
[dbg     752.3 ms] [attc] csc
[dbg     752.3 ms] [attc] h2d
[dbg     752.4 ms] [attc] count
[dbg     752.4 ms] [attc] scan
[dbg     752.4 ms] [attc] expand
[dbg     752.5 ms] [attc] compact
[dbg     752.5 ms] [attc] sort
[dbg     752.5 ms] [attc] reduce
[dbg     752.6 ms] [attc] final
[dbg     752.6 ms] [attc] pack
[dbg     753.3 ms] [attc] d2h
[dbg     753.7 ms] [atti] start
[dbg     754.2 ms] [atti] csc
[dbg     754.2 ms] [atti] h2d
[dbg     754.5 ms] [atti] count
[dbg     754.8 ms] [atti] scan
[dbg     754.8 ms] [atti] expand
[dbg     754.9 ms] [atti] compact
[dbg     754.9 ms] [atti] sort
[dbg     755.0 ms] [atti] reduce
[dbg     755.0 ms] [atti] final
[dbg     755.0 ms] [atti] symbolic
[dbg     755.0 ms] [atti] numeric
[dbg     755.0 ms] [atti] pack
[dbg     755.7 ms] [atti] d2h
Reading matrix from ./data/first100/bcsstm05.mtx...
Input A: 153 x 153, nnz = 153, sparsity = 99.35%
===============WARMING UP (att)===============
=== Computing C = A x A^T (cuSPARSE) ===
Result C (A·Aᵀ 全量): 153 x 153, nnz = 153
Time: 1.483 ms

=== Computing C = A x A^T upper (outer) ===
Result C (A·Aᵀ 上三角): 153 x 153, nnz = 153
Time: 3.205 ms

=== Computing C = A x A^T upper (Gustavson) ===
Result C (A·Aᵀ 上三角): 153 x 153, nnz = 153
Time: 1.311 ms

=== Computing C = A x A^T upper (colwise) ===
Result C (A·Aᵀ 上三角): 153 x 153, nnz = 153
Time: 1.285 ms

=== Computing C = A x A^T upper (inner) ===
Result C (A·Aᵀ 上三角): 153 x 153, nnz = 153
Time: 2.130 ms

=== All att tests completed ===
Processing bcsstm06 (att) ... (max 600s)
[dbg       0.0 ms] main entry, initializing CUDA context...
[dbg     731.0 ms] CUDA context ready
[dbg     731.2 ms] start read_matrix_market: ./data/first100/bcsstm06.mtx
[dbg     731.4 ms] read done: 420 x 420, nnz=420
[dbg     731.4 ms] [cut] start
[dbg     741.9 ms] [cut] h2d
[dbg     764.8 ms] [cut] transpose
[dbg     764.9 ms] cusparse: workEstimation begin
[dbg     769.0 ms] [cut] workest (buf1=6103 B)
[dbg     769.0 ms] cusparse: compute begin
[dbg     769.7 ms] [cut] compute (buf2=16911 B)
[dbg     769.7 ms] cusparse: C size = 420 x 420, nnz=420
[dbg     769.7 ms] cusparse: copy begin
[dbg     769.8 ms] [cut] copy
[dbg     769.8 ms] [cut] pack
[dbg     771.3 ms] [cut] d2h
[dbg     771.8 ms] [atto] start
[dbg     773.9 ms] [atto] csc
[dbg     773.9 ms] [atto] h2d
[dbg     773.9 ms] [atto] count
[dbg     774.0 ms] [atto] scan
[dbg     774.0 ms] [atto] expand
[dbg     774.1 ms] [atto] sort
[dbg     774.2 ms] [atto] reduce
[dbg     774.3 ms] [atto] final
[dbg     774.3 ms] [atto] pack
[dbg     775.6 ms] [atto] d2h
[dbg     776.0 ms] [attg] start
[dbg     776.2 ms] [attg] csc
[dbg     776.2 ms] [attg] h2d
[dbg     776.2 ms] [attg] count
[dbg     776.3 ms] [attg] scan
[dbg     776.3 ms] [attg] expand
[dbg     776.5 ms] [attg] compact
[dbg     776.5 ms] [attg] sort
[dbg     776.5 ms] [attg] reduce
[dbg     776.6 ms] [attg] final
[dbg     776.6 ms] [attg] pack
[dbg     777.7 ms] [attg] d2h
[dbg     778.1 ms] [attc] start
[dbg     778.7 ms] [attc] csc
[dbg     778.7 ms] [attc] h2d
[dbg     779.0 ms] [attc] count
[dbg     779.3 ms] [attc] scan
[dbg     779.6 ms] [attc] expand
[dbg     780.5 ms] [attc] compact
[dbg     781.1 ms] [attc] sort
[dbg     781.1 ms] [attc] reduce
[dbg     781.2 ms] [attc] final
[dbg     781.2 ms] [attc] pack
[dbg     782.1 ms] [attc] d2h
[dbg     782.6 ms] [atti] start
[dbg     782.9 ms] [atti] csc
[dbg     782.9 ms] [atti] h2d
[dbg     782.9 ms] [atti] count
[dbg     783.0 ms] [atti] scan
[dbg     783.0 ms] [atti] expand
[dbg     783.1 ms] [atti] compact
[dbg     783.1 ms] [atti] sort
[dbg     783.2 ms] [atti] reduce
[dbg     783.2 ms] [atti] final
[dbg     783.2 ms] [atti] symbolic
[dbg     783.2 ms] [atti] numeric
[dbg     783.2 ms] [atti] pack
[dbg     784.1 ms] [atti] d2h
[dbg     784.5 ms] [cut] start
[dbg     784.6 ms] [cut] h2d
[dbg     785.1 ms] [cut] transpose
[dbg     785.4 ms] cusparse: workEstimation begin
[dbg     785.7 ms] [cut] workest (buf1=6103 B)
[dbg     785.7 ms] cusparse: compute begin
[dbg     787.5 ms] [cut] compute (buf2=16911 B)
[dbg     787.5 ms] cusparse: C size = 420 x 420, nnz=420
[dbg     787.5 ms] cusparse: copy begin
[dbg     787.8 ms] [cut] copy
[dbg     787.9 ms] [cut] pack
[dbg     788.8 ms] [cut] d2h
[dbg     789.3 ms] [atto] start
[dbg     789.5 ms] [atto] csc
[dbg     789.5 ms] [atto] h2d
[dbg     789.8 ms] [atto] count
[dbg     789.8 ms] [atto] scan
[dbg     789.8 ms] [atto] expand
[dbg     789.9 ms] [atto] sort
[dbg     789.9 ms] [atto] reduce
[dbg     790.0 ms] [atto] final
[dbg     790.0 ms] [atto] pack
[dbg     790.8 ms] [atto] d2h
[dbg     791.2 ms] [attg] start
[dbg     791.8 ms] [attg] csc
[dbg     791.8 ms] [attg] h2d
[dbg     792.1 ms] [attg] count
[dbg     792.4 ms] [attg] scan
[dbg     792.6 ms] [attg] expand
[dbg     793.5 ms] [attg] compact
[dbg     793.6 ms] [attg] sort
[dbg     793.7 ms] [attg] reduce
[dbg     793.7 ms] [attg] final
[dbg     793.7 ms] [attg] pack
[dbg     794.7 ms] [attg] d2h
[dbg     795.1 ms] [attc] start
[dbg     795.7 ms] [attc] csc
[dbg     795.7 ms] [attc] h2d
[dbg     796.0 ms] [attc] count
[dbg     796.3 ms] [attc] scan
[dbg     796.6 ms] [attc] expand
[dbg     797.2 ms] [attc] compact
[dbg     797.3 ms] [attc] sort
[dbg     797.3 ms] [attc] reduce
[dbg     797.4 ms] [attc] final
[dbg     797.4 ms] [attc] pack
[dbg     798.3 ms] [attc] d2h
[dbg     798.7 ms] [atti] start
[dbg     799.1 ms] [atti] csc
[dbg     799.1 ms] [atti] h2d
[dbg     799.1 ms] [atti] count
[dbg     799.1 ms] [atti] scan
[dbg     799.1 ms] [atti] expand
[dbg     799.2 ms] [atti] compact
[dbg     799.3 ms] [atti] sort
[dbg     799.3 ms] [atti] reduce
[dbg     799.4 ms] [atti] final
[dbg     799.4 ms] [atti] symbolic
[dbg     799.4 ms] [atti] numeric
[dbg     799.4 ms] [atti] pack
[dbg     800.2 ms] [atti] d2h
Reading matrix from ./data/first100/bcsstm06.mtx...
Input A: 420 x 420, nnz = 420, sparsity = 99.76%
===============WARMING UP (att)===============
=== Computing C = A x A^T (cuSPARSE) ===
Result C (A·Aᵀ 全量): 420 x 420, nnz = 420
Time: 4.496 ms

=== Computing C = A x A^T upper (outer) ===
Result C (A·Aᵀ 上三角): 420 x 420, nnz = 420
Time: 1.630 ms

=== Computing C = A x A^T upper (Gustavson) ===
Result C (A·Aᵀ 上三角): 420 x 420, nnz = 420
Time: 3.608 ms

=== Computing C = A x A^T upper (colwise) ===
Result C (A·Aᵀ 上三角): 420 x 420, nnz = 420
Time: 3.284 ms

=== Computing C = A x A^T upper (inner) ===
Result C (A·Aᵀ 上三角): 420 x 420, nnz = 420
Time: 1.630 ms

=== All att tests completed ===
Processing bcsstm07 (att) ... (max 600s)
[dbg       0.0 ms] main entry, initializing CUDA context...
[dbg     724.6 ms] CUDA context ready
[dbg     724.8 ms] start read_matrix_market: ./data/first100/bcsstm07.mtx
[dbg     726.1 ms] read done: 420 x 420, nnz=7252
[dbg     726.2 ms] [cut] start
[dbg     737.2 ms] [cut] h2d
[dbg     761.0 ms] [cut] transpose
[dbg     761.0 ms] cusparse: workEstimation begin
[dbg     765.1 ms] [cut] workest (buf1=88087 B)
[dbg     765.1 ms] cusparse: compute begin
[dbg     765.9 ms] [cut] compute (buf2=3383703 B)
[dbg     765.9 ms] cusparse: C size = 420 x 420, nnz=22972
[dbg     766.0 ms] cusparse: copy begin
[dbg     766.1 ms] [cut] copy
[dbg     766.1 ms] [cut] pack
[dbg     767.7 ms] [cut] d2h
[dbg     768.1 ms] [atto] start
[dbg     770.3 ms] [atto] csc
[dbg     770.3 ms] [atto] h2d
[dbg     770.4 ms] [atto] count
[dbg     770.4 ms] [atto] scan
[dbg     770.4 ms] [atto] expand
[dbg     770.7 ms] [atto] sort
[dbg     771.1 ms] [atto] reduce
[dbg     771.2 ms] [atto] final
[dbg     771.2 ms] [atto] pack
[dbg     772.6 ms] [atto] d2h
[dbg     773.0 ms] [attg] start
[dbg     773.3 ms] [attg] csc
[dbg     773.3 ms] [attg] h2d
[dbg     773.4 ms] [attg] count
[dbg     773.4 ms] [attg] scan
[dbg     773.5 ms] [attg] expand
[dbg     773.7 ms] [attg] compact
[dbg     774.0 ms] [attg] sort
[dbg     774.2 ms] [attg] reduce
[dbg     774.3 ms] [attg] final
[dbg     774.4 ms] [attg] pack
[dbg     775.4 ms] [attg] d2h
[dbg     775.8 ms] [attc] start
[dbg     776.4 ms] [attc] csc
[dbg     776.4 ms] [attc] h2d
[dbg     776.7 ms] [attc] count
[dbg     777.0 ms] [attc] scan
[dbg     777.3 ms] [attc] expand
[dbg     778.3 ms] [attc] compact
[dbg     778.7 ms] [attc] sort
[dbg     779.0 ms] [attc] reduce
[dbg     779.5 ms] [attc] final
[dbg     779.6 ms] [attc] pack
[dbg     780.8 ms] [attc] d2h
[dbg     781.2 ms] [atti] start
[dbg     781.6 ms] [atti] csc
[dbg     781.6 ms] [atti] h2d
[dbg     781.6 ms] [atti] count
[dbg     781.6 ms] [atti] scan
[dbg     781.7 ms] [atti] expand
[dbg     781.9 ms] [atti] compact
[dbg     782.2 ms] [atti] sort
[dbg     782.5 ms] [atti] reduce
[dbg     782.8 ms] [atti] final
[dbg     782.8 ms] [atti] symbolic
[dbg     783.1 ms] [atti] numeric
[dbg     783.1 ms] [atti] pack
[dbg     784.3 ms] [atti] d2h
[dbg     784.7 ms] [cut] start
[dbg     784.8 ms] [cut] h2d
[dbg     785.1 ms] [cut] transpose
[dbg     785.1 ms] cusparse: workEstimation begin
[dbg     785.2 ms] [cut] workest (buf1=88087 B)
[dbg     785.2 ms] cusparse: compute begin
[dbg     786.6 ms] [cut] compute (buf2=3383703 B)
[dbg     786.6 ms] cusparse: C size = 420 x 420, nnz=22972
[dbg     786.6 ms] cusparse: copy begin
[dbg     786.9 ms] [cut] copy
[dbg     786.9 ms] [cut] pack
[dbg     788.3 ms] [cut] d2h
[dbg     788.8 ms] [atto] start
[dbg     789.1 ms] [atto] csc
[dbg     789.1 ms] [atto] h2d
[dbg     789.1 ms] [atto] count
[dbg     789.2 ms] [atto] scan
[dbg     789.5 ms] [atto] expand
[dbg     789.9 ms] [atto] sort
[dbg     790.2 ms] [atto] reduce
[dbg     790.8 ms] [atto] final
[dbg     790.8 ms] [atto] pack
[dbg     791.7 ms] [atto] d2h
[dbg     792.2 ms] [attg] start
[dbg     792.5 ms] [attg] csc
[dbg     792.5 ms] [attg] h2d
[dbg     792.5 ms] [attg] count
[dbg     792.6 ms] [attg] scan
[dbg     792.6 ms] [attg] expand
[dbg     793.4 ms] [attg] compact
[dbg     793.8 ms] [attg] sort
[dbg     794.1 ms] [attg] reduce
[dbg     794.7 ms] [attg] final
[dbg     794.7 ms] [attg] pack
[dbg     795.6 ms] [attg] d2h
[dbg     796.1 ms] [attc] start
[dbg     796.5 ms] [attc] csc
[dbg     796.5 ms] [attc] h2d
[dbg     796.5 ms] [attc] count
[dbg     796.5 ms] [attc] scan
[dbg     796.6 ms] [attc] expand
[dbg     797.3 ms] [attc] compact
[dbg     797.6 ms] [attc] sort
[dbg     797.9 ms] [attc] reduce
[dbg     798.5 ms] [attc] final
[dbg     798.5 ms] [attc] pack
[dbg     799.4 ms] [attc] d2h
[dbg     799.8 ms] [atti] start
[dbg     800.2 ms] [atti] csc
[dbg     800.2 ms] [atti] h2d
[dbg     800.2 ms] [atti] count
[dbg     800.3 ms] [atti] scan
[dbg     800.3 ms] [atti] expand
[dbg     800.5 ms] [atti] compact
[dbg     801.0 ms] [atti] sort
[dbg     801.2 ms] [atti] reduce
[dbg     801.8 ms] [atti] final
[dbg     801.8 ms] [atti] symbolic
[dbg     802.1 ms] [atti] numeric
[dbg     802.1 ms] [atti] pack
[dbg     803.0 ms] [atti] d2h
Reading matrix from ./data/first100/bcsstm07.mtx...
Input A: 420 x 420, nnz = 7252, sparsity = 95.89%
===============WARMING UP (att)===============
=== Computing C = A x A^T (cuSPARSE) ===
Result C (A·Aᵀ 全量): 420 x 420, nnz = 22972
Time: 3.800 ms

=== Computing C = A x A^T upper (outer) ===
Result C (A·Aᵀ 上三角): 420 x 420, nnz = 11696
Time: 3.083 ms

=== Computing C = A x A^T upper (Gustavson) ===
Result C (A·Aᵀ 上三角): 420 x 420, nnz = 11696
Time: 3.606 ms

=== Computing C = A x A^T upper (colwise) ===
Result C (A·Aᵀ 上三角): 420 x 420, nnz = 11696
Time: 3.448 ms

=== Computing C = A x A^T upper (inner) ===
Result C (A·Aᵀ 上三角): 420 x 420, nnz = 11696
Time: 3.321 ms

=== All att tests completed ===
Processing bcsstm08 (att) ... (max 600s)
[dbg       0.0 ms] main entry, initializing CUDA context...
[dbg     716.3 ms] CUDA context ready
[dbg     716.4 ms] start read_matrix_market: ./data/first100/bcsstm08.mtx
[dbg     716.7 ms] read done: 1074 x 1074, nnz=1074
[dbg     716.7 ms] [cut] start
[dbg     723.9 ms] [cut] h2d
[dbg     741.4 ms] [cut] transpose
[dbg     741.7 ms] cusparse: workEstimation begin
[dbg     745.0 ms] [cut] workest (buf1=13951 B)
[dbg     745.0 ms] cusparse: compute begin
[dbg     746.5 ms] [cut] compute (buf2=44671 B)
[dbg     746.6 ms] cusparse: C size = 1074 x 1074, nnz=1074
[dbg     746.6 ms] cusparse: copy begin
[dbg     746.9 ms] [cut] copy
[dbg     746.9 ms] [cut] pack
[dbg     748.3 ms] [cut] d2h
[dbg     748.9 ms] [atto] start
[dbg     751.0 ms] [atto] csc
[dbg     751.0 ms] [atto] h2d
[dbg     751.3 ms] [atto] count
[dbg     751.7 ms] [atto] scan
[dbg     751.9 ms] [atto] expand
[dbg     752.5 ms] [atto] sort
[dbg     752.9 ms] [atto] reduce
[dbg     753.2 ms] [atto] final
[dbg     753.2 ms] [atto] pack
[dbg     754.2 ms] [atto] d2h
[dbg     754.6 ms] [attg] start
[dbg     754.9 ms] [attg] csc
[dbg     754.9 ms] [attg] h2d
[dbg     754.9 ms] [attg] count
[dbg     754.9 ms] [attg] scan
[dbg     755.0 ms] [attg] expand
[dbg     755.1 ms] [attg] compact
[dbg     755.1 ms] [attg] sort
[dbg     755.2 ms] [attg] reduce
[dbg     755.2 ms] [attg] final
[dbg     755.2 ms] [attg] pack
[dbg     756.1 ms] [attg] d2h
[dbg     756.4 ms] [attc] start
[dbg     756.7 ms] [attc] csc
[dbg     756.7 ms] [attc] h2d
[dbg     756.7 ms] [attc] count
[dbg     756.8 ms] [attc] scan
[dbg     756.8 ms] [attc] expand
[dbg     756.8 ms] [attc] compact
[dbg     756.9 ms] [attc] sort
[dbg     756.9 ms] [attc] reduce
[dbg     757.0 ms] [attc] final
[dbg     757.0 ms] [attc] pack
[dbg     757.7 ms] [attc] d2h
[dbg     758.0 ms] [atti] start
[dbg     758.2 ms] [atti] csc
[dbg     758.2 ms] [atti] h2d
[dbg     758.2 ms] [atti] count
[dbg     758.2 ms] [atti] scan
[dbg     758.2 ms] [atti] expand
[dbg     758.3 ms] [atti] compact
[dbg     758.4 ms] [atti] sort
[dbg     758.4 ms] [atti] reduce
[dbg     758.4 ms] [atti] final
[dbg     758.4 ms] [atti] symbolic
[dbg     758.5 ms] [atti] numeric
[dbg     758.5 ms] [atti] pack
[dbg     759.2 ms] [atti] d2h
[dbg     759.5 ms] [cut] start
[dbg     759.6 ms] [cut] h2d
[dbg     759.7 ms] [cut] transpose
[dbg     759.7 ms] cusparse: workEstimation begin
[dbg     759.8 ms] [cut] workest (buf1=13951 B)
[dbg     759.8 ms] cusparse: compute begin
[dbg     759.9 ms] [cut] compute (buf2=44671 B)
[dbg     759.9 ms] cusparse: C size = 1074 x 1074, nnz=1074
[dbg     759.9 ms] cusparse: copy begin
[dbg     760.0 ms] [cut] copy
[dbg     760.0 ms] [cut] pack
[dbg     760.7 ms] [cut] d2h
[dbg     761.0 ms] [atto] start
[dbg     761.1 ms] [atto] csc
[dbg     761.2 ms] [atto] h2d
[dbg     761.2 ms] [atto] count
[dbg     761.2 ms] [atto] scan
[dbg     761.2 ms] [atto] expand
[dbg     761.3 ms] [atto] sort
[dbg     761.3 ms] [atto] reduce
[dbg     761.3 ms] [atto] final
[dbg     761.4 ms] [atto] pack
[dbg     762.0 ms] [atto] d2h
[dbg     762.4 ms] [attg] start
[dbg     762.5 ms] [attg] csc
[dbg     762.5 ms] [attg] h2d
[dbg     762.5 ms] [attg] count
[dbg     762.6 ms] [attg] scan
[dbg     762.6 ms] [attg] expand
[dbg     762.7 ms] [attg] compact
[dbg     762.7 ms] [attg] sort
[dbg     762.7 ms] [attg] reduce
[dbg     762.8 ms] [attg] final
[dbg     762.8 ms] [attg] pack
[dbg     763.5 ms] [attg] d2h
[dbg     763.8 ms] [attc] start
[dbg     763.9 ms] [attc] csc
[dbg     763.9 ms] [attc] h2d
[dbg     764.0 ms] [attc] count
[dbg     764.0 ms] [attc] scan
[dbg     764.0 ms] [attc] expand
[dbg     764.1 ms] [attc] compact
[dbg     764.1 ms] [attc] sort
[dbg     764.1 ms] [attc] reduce
[dbg     764.2 ms] [attc] final
[dbg     764.2 ms] [attc] pack
[dbg     764.8 ms] [attc] d2h
[dbg     765.2 ms] [atti] start
[dbg     765.3 ms] [atti] csc
[dbg     765.3 ms] [atti] h2d
[dbg     765.4 ms] [atti] count
[dbg     765.4 ms] [atti] scan
[dbg     765.4 ms] [atti] expand
[dbg     765.5 ms] [atti] compact
[dbg     765.5 ms] [atti] sort
[dbg     765.5 ms] [atti] reduce
[dbg     765.6 ms] [atti] final
[dbg     765.6 ms] [atti] symbolic
[dbg     765.6 ms] [atti] numeric
[dbg     765.6 ms] [atti] pack
[dbg     766.3 ms] [atti] d2h
Reading matrix from ./data/first100/bcsstm08.mtx...
Input A: 1074 x 1074, nnz = 1074, sparsity = 99.91%
===============WARMING UP (att)===============
=== Computing C = A x A^T (cuSPARSE) ===
Result C (A·Aᵀ 全量): 1074 x 1074, nnz = 1074
Time: 1.254 ms

=== Computing C = A x A^T upper (outer) ===
Result C (A·Aᵀ 上三角): 1074 x 1074, nnz = 1074
Time: 1.114 ms

=== Computing C = A x A^T upper (Gustavson) ===
Result C (A·Aᵀ 上三角): 1074 x 1074, nnz = 1074
Time: 1.171 ms

=== Computing C = A x A^T upper (colwise) ===
Result C (A·Aᵀ 上三角): 1074 x 1074, nnz = 1074
Time: 1.131 ms

=== Computing C = A x A^T upper (inner) ===
Result C (A·Aᵀ 上三角): 1074 x 1074, nnz = 1074
Time: 1.200 ms

=== All att tests completed ===
Processing bcsstm09 (att) ... (max 600s)
[dbg       0.0 ms] main entry, initializing CUDA context...
[dbg     579.5 ms] CUDA context ready
[dbg     579.6 ms] start read_matrix_market: ./data/first100/bcsstm09.mtx
[dbg     580.0 ms] read done: 1083 x 1083, nnz=1083
[dbg     580.1 ms] [cut] start
[dbg     594.5 ms] [cut] h2d
[dbg     616.2 ms] [cut] transpose
[dbg     616.3 ms] cusparse: workEstimation begin
[dbg     620.8 ms] [cut] workest (buf1=14059 B)
[dbg     620.8 ms] cusparse: compute begin
[dbg     621.9 ms] [cut] compute (buf2=44923 B)
[dbg     622.0 ms] cusparse: C size = 1083 x 1083, nnz=1083
[dbg     622.0 ms] cusparse: copy begin
[dbg     622.1 ms] [cut] copy
[dbg     622.1 ms] [cut] pack
[dbg     623.7 ms] [cut] d2h
[dbg     624.2 ms] [atto] start
[dbg     627.0 ms] [atto] csc
[dbg     627.0 ms] [atto] h2d
[dbg     627.3 ms] [atto] count
[dbg     627.6 ms] [atto] scan
[dbg     627.6 ms] [atto] expand
[dbg     627.7 ms] [atto] sort
[dbg     627.9 ms] [atto] reduce
[dbg     628.0 ms] [atto] final
[dbg     628.0 ms] [atto] pack
[dbg     629.3 ms] [atto] d2h
[dbg     629.8 ms] [attg] start
[dbg     630.1 ms] [attg] csc
[dbg     630.1 ms] [attg] h2d
[dbg     630.2 ms] [attg] count
[dbg     630.2 ms] [attg] scan
[dbg     630.2 ms] [attg] expand
[dbg     630.4 ms] [attg] compact
[dbg     630.4 ms] [attg] sort
[dbg     630.5 ms] [attg] reduce
[dbg     630.5 ms] [attg] final
[dbg     630.6 ms] [attg] pack
[dbg     631.9 ms] [attg] d2h
[dbg     632.3 ms] [attc] start
[dbg     632.6 ms] [attc] csc
[dbg     632.7 ms] [attc] h2d
[dbg     632.7 ms] [attc] count
[dbg     632.7 ms] [attc] scan
[dbg     632.8 ms] [attc] expand
[dbg     632.9 ms] [attc] compact
[dbg     632.9 ms] [attc] sort
[dbg     632.9 ms] [attc] reduce
[dbg     633.0 ms] [attc] final
[dbg     633.0 ms] [attc] pack
[dbg     634.1 ms] [attc] d2h
[dbg     634.5 ms] [atti] start
[dbg     635.1 ms] [atti] csc
[dbg     635.1 ms] [atti] h2d
[dbg     635.5 ms] [atti] count
[dbg     635.5 ms] [atti] scan
[dbg     635.8 ms] [atti] expand
[dbg     636.7 ms] [atti] compact
[dbg     636.8 ms] [atti] sort
[dbg     636.8 ms] [atti] reduce
[dbg     636.9 ms] [atti] final
[dbg     636.9 ms] [atti] symbolic
[dbg     636.9 ms] [atti] numeric
[dbg     636.9 ms] [atti] pack
[dbg     637.9 ms] [atti] d2h
[dbg     638.3 ms] [cut] start
[dbg     638.4 ms] [cut] h2d
[dbg     638.9 ms] [cut] transpose
[dbg     639.2 ms] cusparse: workEstimation begin
[dbg     639.5 ms] [cut] workest (buf1=14059 B)
[dbg     639.5 ms] cusparse: compute begin
[dbg     640.3 ms] [cut] compute (buf2=44923 B)
[dbg     640.3 ms] cusparse: C size = 1083 x 1083, nnz=1083
[dbg     640.4 ms] cusparse: copy begin
[dbg     640.4 ms] [cut] copy
[dbg     640.4 ms] [cut] pack
[dbg     641.3 ms] [cut] d2h
[dbg     641.8 ms] [atto] start
[dbg     642.1 ms] [atto] csc
[dbg     642.1 ms] [atto] h2d
[dbg     642.1 ms] [atto] count
[dbg     642.2 ms] [atto] scan
[dbg     642.2 ms] [atto] expand
[dbg     642.2 ms] [atto] sort
[dbg     642.3 ms] [atto] reduce
[dbg     642.4 ms] [atto] final
[dbg     642.4 ms] [atto] pack
[dbg     643.3 ms] [atto] d2h
[dbg     643.7 ms] [attg] start
[dbg     644.1 ms] [attg] csc
[dbg     644.1 ms] [attg] h2d
[dbg     644.1 ms] [attg] count
[dbg     644.1 ms] [attg] scan
[dbg     644.1 ms] [attg] expand
[dbg     644.2 ms] [attg] compact
[dbg     644.3 ms] [attg] sort
[dbg     644.3 ms] [attg] reduce
[dbg     644.4 ms] [attg] final
[dbg     644.4 ms] [attg] pack
[dbg     645.3 ms] [attg] d2h
[dbg     645.8 ms] [attc] start
[dbg     646.4 ms] [attc] csc
[dbg     646.5 ms] [attc] h2d
[dbg     646.7 ms] [attc] count
[dbg     647.1 ms] [attc] scan
[dbg     647.1 ms] [attc] expand
[dbg     647.2 ms] [attc] compact
[dbg     647.2 ms] [attc] sort
[dbg     647.3 ms] [attc] reduce
[dbg     647.3 ms] [attc] final
[dbg     647.3 ms] [attc] pack
[dbg     648.2 ms] [attc] d2h
[dbg     648.7 ms] [atti] start
[dbg     649.4 ms] [atti] csc
[dbg     649.4 ms] [atti] h2d
[dbg     649.4 ms] [atti] count
[dbg     649.7 ms] [atti] scan
[dbg     650.0 ms] [atti] expand
[dbg     650.6 ms] [atti] compact
[dbg     650.7 ms] [atti] sort
[dbg     650.7 ms] [atti] reduce
[dbg     650.8 ms] [atti] final
[dbg     650.8 ms] [atti] symbolic
[dbg     650.8 ms] [atti] numeric
[dbg     650.8 ms] [atti] pack
[dbg     651.7 ms] [atti] d2h
Reading matrix from ./data/first100/bcsstm09.mtx...
Input A: 1083 x 1083, nnz = 1083, sparsity = 99.91%
===============WARMING UP (att)===============
=== Computing C = A x A^T (cuSPARSE) ===
Result C (A·Aᵀ 全量): 1083 x 1083, nnz = 1083
Time: 3.183 ms

=== Computing C = A x A^T upper (outer) ===
Result C (A·Aᵀ 上三角): 1083 x 1083, nnz = 1083
Time: 1.680 ms

=== Computing C = A x A^T upper (Gustavson) ===
Result C (A·Aᵀ 上三角): 1083 x 1083, nnz = 1083
Time: 1.734 ms

=== Computing C = A x A^T upper (colwise) ===
Result C (A·Aᵀ 上三角): 1083 x 1083, nnz = 1083
Time: 2.579 ms

=== Computing C = A x A^T upper (inner) ===
Result C (A·Aᵀ 上三角): 1083 x 1083, nnz = 1083
Time: 3.232 ms

=== All att tests completed ===
Processing bcsstm10 (att) ... (max 600s)
[dbg       0.0 ms] main entry, initializing CUDA context...
[dbg     695.2 ms] CUDA context ready
[dbg     695.3 ms] start read_matrix_market: ./data/first100/bcsstm10.mtx
[dbg     698.9 ms] read done: 1086 x 1086, nnz=22092
[dbg     698.9 ms] [cut] start
[dbg     708.4 ms] [cut] h2d
[dbg     728.0 ms] [cut] transpose
[dbg     728.1 ms] cusparse: workEstimation begin
[dbg     731.7 ms] [cut] workest (buf1=266423 B)
[dbg     731.7 ms] cusparse: compute begin
[dbg     733.9 ms] [cut] compute (buf2=11623735 B)
[dbg     733.9 ms] cusparse: C size = 1086 x 1086, nnz=54504
[dbg     733.9 ms] cusparse: copy begin
[dbg     734.2 ms] [cut] copy
[dbg     734.3 ms] [cut] pack
[dbg     735.8 ms] [cut] d2h
[dbg     736.2 ms] [atto] start
[dbg     738.5 ms] [atto] csc
[dbg     738.5 ms] [atto] h2d
[dbg     738.8 ms] [atto] count
[dbg     739.2 ms] [atto] scan
[dbg     739.4 ms] [atto] expand
[dbg     739.9 ms] [atto] sort
[dbg     740.2 ms] [atto] reduce
[dbg     740.6 ms] [atto] final
[dbg     740.7 ms] [atto] pack
[dbg     741.6 ms] [atto] d2h
[dbg     742.0 ms] [attg] start
[dbg     742.3 ms] [attg] csc
[dbg     742.4 ms] [attg] h2d
[dbg     742.4 ms] [attg] count
[dbg     742.6 ms] [attg] scan
[dbg     742.8 ms] [attg] expand
[dbg     743.8 ms] [attg] compact
[dbg     744.2 ms] [attg] sort
[dbg     744.4 ms] [attg] reduce
[dbg     745.0 ms] [attg] final
[dbg     745.1 ms] [attg] pack
[dbg     746.0 ms] [attg] d2h
[dbg     746.4 ms] [attc] start
[dbg     746.8 ms] [attc] csc
[dbg     746.8 ms] [attc] h2d
[dbg     746.8 ms] [attc] count
[dbg     747.0 ms] [attc] scan
[dbg     747.2 ms] [attc] expand
[dbg     748.1 ms] [attc] compact
[dbg     748.5 ms] [attc] sort
[dbg     748.8 ms] [attc] reduce
[dbg     749.4 ms] [attc] final
[dbg     749.4 ms] [attc] pack
[dbg     750.3 ms] [attc] d2h
[dbg     750.7 ms] [atti] start
[dbg     751.0 ms] [atti] csc
[dbg     751.0 ms] [atti] h2d
[dbg     751.0 ms] [atti] count
[dbg     751.2 ms] [atti] scan
[dbg     751.5 ms] [atti] expand
[dbg     752.4 ms] [atti] compact
[dbg     752.8 ms] [atti] sort
[dbg     753.1 ms] [atti] reduce
[dbg     753.7 ms] [atti] final
[dbg     753.7 ms] [atti] symbolic
[dbg     754.0 ms] [atti] numeric
[dbg     754.0 ms] [atti] pack
[dbg     754.7 ms] [atti] d2h
[dbg     755.2 ms] [cut] start
[dbg     755.3 ms] [cut] h2d
[dbg     755.6 ms] [cut] transpose
[dbg     755.9 ms] cusparse: workEstimation begin
[dbg     756.2 ms] [cut] workest (buf1=266423 B)
[dbg     756.2 ms] cusparse: compute begin
[dbg     758.1 ms] [cut] compute (buf2=11623735 B)
[dbg     758.1 ms] cusparse: C size = 1086 x 1086, nnz=54504
[dbg     758.1 ms] cusparse: copy begin
[dbg     758.4 ms] [cut] copy
[dbg     758.4 ms] [cut] pack
[dbg     759.3 ms] [cut] d2h
[dbg     759.6 ms] [atto] start
[dbg     759.9 ms] [atto] csc
[dbg     759.9 ms] [atto] h2d
[dbg     759.9 ms] [atto] count
[dbg     760.1 ms] [atto] scan
[dbg     760.1 ms] [atto] expand
[dbg     760.4 ms] [atto] sort
[dbg     760.5 ms] [atto] reduce
[dbg     760.9 ms] [atto] final
[dbg     761.0 ms] [atto] pack
[dbg     761.7 ms] [atto] d2h
[dbg     762.1 ms] [attg] start
[dbg     762.5 ms] [attg] csc
[dbg     762.5 ms] [attg] h2d
[dbg     762.5 ms] [attg] count
[dbg     762.7 ms] [attg] scan
[dbg     762.7 ms] [attg] expand
[dbg     763.7 ms] [attg] compact
[dbg     764.1 ms] [attg] sort
[dbg     764.4 ms] [attg] reduce
[dbg     765.0 ms] [attg] final
[dbg     765.0 ms] [attg] pack
[dbg     765.7 ms] [attg] d2h
[dbg     766.2 ms] [attc] start
[dbg     766.5 ms] [attc] csc
[dbg     766.6 ms] [attc] h2d
[dbg     766.6 ms] [attc] count
[dbg     766.8 ms] [attc] scan
[dbg     766.8 ms] [attc] expand
[dbg     767.0 ms] [attc] compact
[dbg     767.2 ms] [attc] sort
[dbg     767.3 ms] [attc] reduce
[dbg     767.4 ms] [attc] final
[dbg     767.4 ms] [attc] pack
[dbg     768.1 ms] [attc] d2h
[dbg     768.6 ms] [atti] start
[dbg     768.7 ms] [atti] csc
[dbg     768.7 ms] [atti] h2d
[dbg     768.7 ms] [atti] count
[dbg     768.9 ms] [atti] scan
[dbg     768.9 ms] [atti] expand
[dbg     769.1 ms] [atti] compact
[dbg     769.4 ms] [atti] sort
[dbg     769.5 ms] [atti] reduce
[dbg     769.6 ms] [atti] final
[dbg     769.6 ms] [atti] symbolic
[dbg     769.7 ms] [atti] numeric
[dbg     769.7 ms] [atti] pack
[dbg     770.4 ms] [atti] d2h
Reading matrix from ./data/first100/bcsstm10.mtx...
Input A: 1086 x 1086, nnz = 22092, sparsity = 98.13%
===============WARMING UP (att)===============
=== Computing C = A x A^T (cuSPARSE) ===
Result C (A·Aᵀ 全量): 1086 x 1086, nnz = 54504
Time: 4.108 ms

=== Computing C = A x A^T upper (outer) ===
Result C (A·Aᵀ 上三角): 1086 x 1086, nnz = 27795
Time: 2.217 ms

=== Computing C = A x A^T upper (Gustavson) ===
Result C (A·Aᵀ 上三角): 1086 x 1086, nnz = 27795
Time: 3.853 ms

=== Computing C = A x A^T upper (colwise) ===
Result C (A·Aᵀ 上三角): 1086 x 1086, nnz = 27795
Time: 2.134 ms

=== Computing C = A x A^T upper (inner) ===
Result C (A·Aᵀ 上三角): 1086 x 1086, nnz = 27795
Time: 2.023 ms

=== All att tests completed ===
Processing bcsstm11 (att) ... (max 600s)
[dbg       0.0 ms] main entry, initializing CUDA context...
[dbg     577.4 ms] CUDA context ready
[dbg     577.5 ms] start read_matrix_market: ./data/first100/bcsstm11.mtx
[dbg     578.0 ms] read done: 1473 x 1473, nnz=1473
[dbg     578.0 ms] [cut] start
[dbg     585.9 ms] [cut] h2d
[dbg     609.8 ms] [cut] transpose
[dbg     610.2 ms] cusparse: workEstimation begin
[dbg     614.6 ms] [cut] workest (buf1=18739 B)
[dbg     614.6 ms] cusparse: compute begin
[dbg     616.7 ms] [cut] compute (buf2=59427 B)
[dbg     616.7 ms] cusparse: C size = 1473 x 1473, nnz=1473
[dbg     616.7 ms] cusparse: copy begin
[dbg     617.0 ms] [cut] copy
[dbg     617.1 ms] [cut] pack
[dbg     618.8 ms] [cut] d2h
[dbg     619.3 ms] [atto] start
[dbg     621.8 ms] [atto] csc
[dbg     621.8 ms] [atto] h2d
[dbg     622.1 ms] [atto] count
[dbg     622.4 ms] [atto] scan
[dbg     622.7 ms] [atto] expand
[dbg     623.3 ms] [atto] sort
[dbg     623.6 ms] [atto] reduce
[dbg     624.2 ms] [atto] final
[dbg     624.2 ms] [atto] pack
[dbg     625.6 ms] [atto] d2h
[dbg     626.0 ms] [attg] start
[dbg     626.3 ms] [attg] csc
[dbg     626.3 ms] [attg] h2d
[dbg     626.4 ms] [attg] count
[dbg     626.4 ms] [attg] scan
[dbg     626.5 ms] [attg] expand
[dbg     626.6 ms] [attg] compact
[dbg     626.6 ms] [attg] sort
[dbg     626.7 ms] [attg] reduce
[dbg     626.7 ms] [attg] final
[dbg     626.7 ms] [attg] pack
[dbg     627.8 ms] [attg] d2h
[dbg     628.2 ms] [attc] start
[dbg     628.5 ms] [attc] csc
[dbg     628.5 ms] [attc] h2d
[dbg     628.5 ms] [attc] count
[dbg     628.6 ms] [attc] scan
[dbg     628.6 ms] [attc] expand
[dbg     628.7 ms] [attc] compact
[dbg     628.7 ms] [attc] sort
[dbg     628.8 ms] [attc] reduce
[dbg     628.8 ms] [attc] final
[dbg     628.8 ms] [attc] pack
[dbg     629.7 ms] [attc] d2h
[dbg     630.1 ms] [atti] start
[dbg     630.3 ms] [atti] csc
[dbg     630.3 ms] [atti] h2d
[dbg     630.3 ms] [atti] count
[dbg     630.4 ms] [atti] scan
[dbg     630.4 ms] [atti] expand
[dbg     630.5 ms] [atti] compact
[dbg     630.5 ms] [atti] sort
[dbg     630.5 ms] [atti] reduce
[dbg     630.6 ms] [atti] final
[dbg     630.6 ms] [atti] symbolic
[dbg     630.6 ms] [atti] numeric
[dbg     630.6 ms] [atti] pack
[dbg     631.5 ms] [atti] d2h
[dbg     631.9 ms] [cut] start
[dbg     632.0 ms] [cut] h2d
[dbg     632.1 ms] [cut] transpose
[dbg     632.1 ms] cusparse: workEstimation begin
[dbg     632.2 ms] [cut] workest (buf1=18739 B)
[dbg     632.2 ms] cusparse: compute begin
[dbg     632.3 ms] [cut] compute (buf2=59427 B)
[dbg     632.3 ms] cusparse: C size = 1473 x 1473, nnz=1473
[dbg     632.3 ms] cusparse: copy begin
[dbg     632.4 ms] [cut] copy
[dbg     632.4 ms] [cut] pack
[dbg     633.2 ms] [cut] d2h
[dbg     633.7 ms] [atto] start
[dbg     633.8 ms] [atto] csc
[dbg     633.8 ms] [atto] h2d
[dbg     633.9 ms] [atto] count
[dbg     633.9 ms] [atto] scan
[dbg     633.9 ms] [atto] expand
[dbg     634.0 ms] [atto] sort
[dbg     634.0 ms] [atto] reduce
[dbg     634.1 ms] [atto] final
[dbg     634.1 ms] [atto] pack
[dbg     634.9 ms] [atto] d2h
[dbg     635.3 ms] [attg] start
[dbg     635.5 ms] [attg] csc
[dbg     635.5 ms] [attg] h2d
[dbg     635.5 ms] [attg] count
[dbg     635.5 ms] [attg] scan
[dbg     635.5 ms] [attg] expand
[dbg     635.6 ms] [attg] compact
[dbg     635.7 ms] [attg] sort
[dbg     635.7 ms] [attg] reduce
[dbg     635.7 ms] [attg] final
[dbg     635.8 ms] [attg] pack
[dbg     636.6 ms] [attg] d2h
[dbg     637.0 ms] [attc] start
[dbg     637.2 ms] [attc] csc
[dbg     637.2 ms] [attc] h2d
[dbg     637.2 ms] [attc] count
[dbg     637.2 ms] [attc] scan
[dbg     637.3 ms] [attc] expand
[dbg     637.3 ms] [attc] compact
[dbg     637.4 ms] [attc] sort
[dbg     637.4 ms] [attc] reduce
[dbg     637.4 ms] [attc] final
[dbg     637.5 ms] [attc] pack
[dbg     638.3 ms] [attc] d2h
[dbg     638.7 ms] [atti] start
[dbg     638.8 ms] [atti] csc
[dbg     638.8 ms] [atti] h2d
[dbg     638.8 ms] [atti] count
[dbg     638.9 ms] [atti] scan
[dbg     638.9 ms] [atti] expand
[dbg     639.0 ms] [atti] compact
[dbg     639.0 ms] [atti] sort
[dbg     639.1 ms] [atti] reduce
[dbg     639.1 ms] [atti] final
[dbg     639.1 ms] [atti] symbolic
[dbg     639.1 ms] [atti] numeric
[dbg     639.1 ms] [atti] pack
[dbg     639.9 ms] [atti] d2h
Reading matrix from ./data/first100/bcsstm11.mtx...
Input A: 1473 x 1473, nnz = 1473, sparsity = 99.93%
===============WARMING UP (att)===============
=== Computing C = A x A^T (cuSPARSE) ===
Result C (A·Aᵀ 全量): 1473 x 1473, nnz = 1473
Time: 1.485 ms

=== Computing C = A x A^T upper (outer) ===
Result C (A·Aᵀ 上三角): 1473 x 1473, nnz = 1473
Time: 1.335 ms

=== Computing C = A x A^T upper (Gustavson) ===
Result C (A·Aᵀ 上三角): 1473 x 1473, nnz = 1473
Time: 1.427 ms

=== Computing C = A x A^T upper (colwise) ===
Result C (A·Aᵀ 上三角): 1473 x 1473, nnz = 1473
Time: 1.391 ms

=== Computing C = A x A^T upper (inner) ===
Result C (A·Aᵀ 上三角): 1473 x 1473, nnz = 1473
Time: 1.421 ms

=== All att tests completed ===
Processing bcsstm12 (att) ... (max 600s)
[dbg       0.0 ms] main entry, initializing CUDA context...
[dbg     584.1 ms] CUDA context ready
[dbg     584.2 ms] start read_matrix_market: ./data/first100/bcsstm12.mtx
[dbg     587.7 ms] read done: 1473 x 1473, nnz=19659
[dbg     587.8 ms] [cut] start
[dbg     596.5 ms] [cut] h2d
[dbg     619.8 ms] [cut] transpose
[dbg     620.1 ms] cusparse: workEstimation begin
[dbg     624.7 ms] [cut] workest (buf1=237227 B)
[dbg     624.7 ms] cusparse: compute begin
[dbg     626.5 ms] [cut] compute (buf2=7257511 B)
[dbg     626.5 ms] cusparse: C size = 1473 x 1473, nnz=53615
[dbg     626.5 ms] cusparse: copy begin
[dbg     626.9 ms] [cut] copy
[dbg     626.9 ms] [cut] pack
[dbg     628.7 ms] [cut] d2h
[dbg     629.2 ms] [atto] start
[dbg     632.0 ms] [atto] csc
[dbg     632.0 ms] [atto] h2d
[dbg     632.3 ms] [atto] count
[dbg     632.7 ms] [atto] scan
[dbg     632.9 ms] [atto] expand
[dbg     633.5 ms] [atto] sort
[dbg     633.9 ms] [atto] reduce
[dbg     634.2 ms] [atto] final
[dbg     634.3 ms] [atto] pack
[dbg     635.6 ms] [atto] d2h
[dbg     636.2 ms] [attg] start
[dbg     636.6 ms] [attg] csc
[dbg     636.7 ms] [attg] h2d
[dbg     636.7 ms] [attg] count
[dbg     637.1 ms] [attg] scan
[dbg     637.3 ms] [attg] expand
[dbg     638.4 ms] [attg] compact
[dbg     639.0 ms] [attg] sort
[dbg     639.3 ms] [attg] reduce
[dbg     639.4 ms] [attg] final
[dbg     639.4 ms] [attg] pack
[dbg     640.7 ms] [attg] d2h
[dbg     641.5 ms] [attc] start
[dbg     641.9 ms] [attc] csc
[dbg     641.9 ms] [attc] h2d
[dbg     642.0 ms] [attc] count
[dbg     642.2 ms] [attc] scan
[dbg     642.4 ms] [attc] expand
[dbg     643.5 ms] [attc] compact
[dbg     643.9 ms] [attc] sort
[dbg     644.3 ms] [attc] reduce
[dbg     644.4 ms] [attc] final
[dbg     644.4 ms] [attc] pack
[dbg     645.3 ms] [attc] d2h
[dbg     645.9 ms] [atti] start
[dbg     646.2 ms] [atti] csc
[dbg     646.2 ms] [atti] h2d
[dbg     646.2 ms] [atti] count
[dbg     646.5 ms] [atti] scan
[dbg     646.5 ms] [atti] expand
[dbg     646.9 ms] [atti] compact
[dbg     647.2 ms] [atti] sort
[dbg     647.5 ms] [atti] reduce
[dbg     647.8 ms] [atti] final
[dbg     647.8 ms] [atti] symbolic
[dbg     647.8 ms] [atti] numeric
[dbg     647.8 ms] [atti] pack
[dbg     648.8 ms] [atti] d2h
[dbg     649.6 ms] [cut] start
[dbg     649.7 ms] [cut] h2d
[dbg     650.0 ms] [cut] transpose
[dbg     650.0 ms] cusparse: workEstimation begin
[dbg     650.1 ms] [cut] workest (buf1=237227 B)
[dbg     650.1 ms] cusparse: compute begin
[dbg     650.6 ms] [cut] compute (buf2=7257511 B)
[dbg     650.6 ms] cusparse: C size = 1473 x 1473, nnz=53615
[dbg     650.6 ms] cusparse: copy begin
[dbg     650.7 ms] [cut] copy
[dbg     650.7 ms] [cut] pack
[dbg     651.7 ms] [cut] d2h
[dbg     652.2 ms] [atto] start
[dbg     652.8 ms] [atto] csc
[dbg     652.8 ms] [atto] h2d
[dbg     653.1 ms] [atto] count
[dbg     653.3 ms] [atto] scan
[dbg     653.3 ms] [atto] expand
[dbg     653.7 ms] [atto] sort
[dbg     653.8 ms] [atto] reduce
[dbg     654.1 ms] [atto] final
[dbg     654.1 ms] [atto] pack
[dbg     655.0 ms] [atto] d2h
[dbg     655.7 ms] [attg] start
[dbg     656.4 ms] [attg] csc
[dbg     656.5 ms] [attg] h2d
[dbg     656.7 ms] [attg] count
[dbg     657.2 ms] [attg] scan
[dbg     657.4 ms] [attg] expand
[dbg     657.7 ms] [attg] compact
[dbg     658.0 ms] [attg] sort
[dbg     658.1 ms] [attg] reduce
[dbg     658.1 ms] [attg] final
[dbg     658.2 ms] [attg] pack
[dbg     659.1 ms] [attg] d2h
[dbg     659.9 ms] [attc] start
[dbg     660.6 ms] [attc] csc
[dbg     660.6 ms] [attc] h2d
[dbg     660.9 ms] [attc] count
[dbg     661.4 ms] [attc] scan
[dbg     661.5 ms] [attc] expand
[dbg     662.0 ms] [attc] compact
[dbg     662.4 ms] [attc] sort
[dbg     662.5 ms] [attc] reduce
[dbg     662.6 ms] [attc] final
[dbg     662.6 ms] [attc] pack
[dbg     663.6 ms] [attc] d2h
[dbg     664.1 ms] [atti] start
[dbg     664.3 ms] [atti] csc
[dbg     664.3 ms] [atti] h2d
[dbg     664.4 ms] [atti] count
[dbg     664.6 ms] [atti] scan
[dbg     664.6 ms] [atti] expand
[dbg     664.8 ms] [atti] compact
[dbg     665.1 ms] [atti] sort
[dbg     665.2 ms] [atti] reduce
[dbg     665.3 ms] [atti] final
[dbg     665.3 ms] [atti] symbolic
[dbg     665.3 ms] [atti] numeric
[dbg     665.3 ms] [atti] pack
[dbg     666.2 ms] [atti] d2h
Reading matrix from ./data/first100/bcsstm12.mtx...
Input A: 1473 x 1473, nnz = 19659, sparsity = 99.09%
===============WARMING UP (att)===============
=== Computing C = A x A^T (cuSPARSE) ===
Result C (A·Aᵀ 全量): 1473 x 1473, nnz = 53615
Time: 2.261 ms

=== Computing C = A x A^T upper (outer) ===
Result C (A·Aᵀ 上三角): 1473 x 1473, nnz = 27544
Time: 3.180 ms

=== Computing C = A x A^T upper (Gustavson) ===
Result C (A·Aᵀ 上三角): 1473 x 1473, nnz = 27544
Time: 3.861 ms

=== Computing C = A x A^T upper (colwise) ===
Result C (A·Aᵀ 上三角): 1473 x 1473, nnz = 27544
Time: 3.931 ms

=== Computing C = A x A^T upper (inner) ===
Result C (A·Aᵀ 上三角): 1473 x 1473, nnz = 27544
Time: 2.303 ms

=== All att tests completed ===
Processing bcsstm13 (att) ... (max 600s)
[dbg       0.0 ms] main entry, initializing CUDA context...
[dbg     599.0 ms] CUDA context ready
[dbg     599.2 ms] start read_matrix_market: ./data/first100/bcsstm13.mtx
[dbg     603.3 ms] read done: 2003 x 2003, nnz=21943
[dbg     603.3 ms] [cut] start
[dbg     613.4 ms] [cut] h2d
[dbg     636.6 ms] [cut] transpose
[dbg     637.0 ms] cusparse: workEstimation begin
[dbg     641.4 ms] [cut] workest (buf1=264635 B)
[dbg     641.5 ms] cusparse: compute begin
[dbg     644.0 ms] [cut] compute (buf2=18053063 B)
[dbg     644.0 ms] cusparse: C size = 2003 x 2003, nnz=90811
[dbg     644.0 ms] cusparse: copy begin
[dbg     644.1 ms] [cut] copy
[dbg     644.3 ms] [cut] pack
[dbg     645.8 ms] [cut] d2h
[dbg     646.4 ms] [atto] start
[dbg     648.5 ms] [atto] csc
[dbg     648.5 ms] [atto] h2d
[dbg     648.5 ms] [atto] count
[dbg     648.7 ms] [atto] scan
[dbg     648.8 ms] [atto] expand
[dbg     649.4 ms] [atto] sort
[dbg     649.8 ms] [atto] reduce
[dbg     650.0 ms] [atto] final
[dbg     650.0 ms] [atto] pack
[dbg     651.4 ms] [atto] d2h
[dbg     652.3 ms] [attg] start
[dbg     653.0 ms] [attg] csc
[dbg     653.0 ms] [attg] h2d
[dbg     653.3 ms] [attg] count
[dbg     654.0 ms] [attg] scan
[dbg     654.2 ms] [attg] expand
[dbg     654.5 ms] [attg] compact
[dbg     654.8 ms] [attg] sort
[dbg     655.0 ms] [attg] reduce
[dbg     655.3 ms] [attg] final
[dbg     655.3 ms] [attg] pack
[dbg     656.6 ms] [attg] d2h
[dbg     657.5 ms] [attc] start
[dbg     658.2 ms] [attc] csc
[dbg     658.2 ms] [attc] h2d
[dbg     658.5 ms] [attc] count
[dbg     659.0 ms] [attc] scan
[dbg     659.2 ms] [attc] expand
[dbg     659.8 ms] [attc] compact
[dbg     660.2 ms] [attc] sort
[dbg     660.4 ms] [attc] reduce
[dbg     660.7 ms] [attc] final
[dbg     660.7 ms] [attc] pack
[dbg     661.8 ms] [attc] d2h
[dbg     662.7 ms] [atti] start
[dbg     663.4 ms] [atti] csc
[dbg     663.4 ms] [atti] h2d
[dbg     663.7 ms] [atti] count
[dbg     664.2 ms] [atti] scan
[dbg     664.4 ms] [atti] expand
[dbg     665.3 ms] [atti] compact
[dbg     665.8 ms] [atti] sort
[dbg     666.0 ms] [atti] reduce
[dbg     666.3 ms] [atti] final
[dbg     666.3 ms] [atti] symbolic
[dbg     666.3 ms] [atti] numeric
[dbg     666.3 ms] [atti] pack
[dbg     667.4 ms] [atti] d2h
[dbg     668.0 ms] [cut] start
[dbg     668.2 ms] [cut] h2d
[dbg     668.3 ms] [cut] transpose
[dbg     668.4 ms] cusparse: workEstimation begin
[dbg     668.4 ms] [cut] workest (buf1=264635 B)
[dbg     668.4 ms] cusparse: compute begin
[dbg     668.9 ms] [cut] compute (buf2=18053063 B)
[dbg     668.9 ms] cusparse: C size = 2003 x 2003, nnz=90811
[dbg     668.9 ms] cusparse: copy begin
[dbg     669.0 ms] [cut] copy
[dbg     669.1 ms] [cut] pack
[dbg     670.2 ms] [cut] d2h
[dbg     670.7 ms] [atto] start
[dbg     671.0 ms] [atto] csc
[dbg     671.0 ms] [atto] h2d
[dbg     671.0 ms] [atto] count
[dbg     671.2 ms] [atto] scan
[dbg     671.2 ms] [atto] expand
[dbg     671.5 ms] [atto] sort
[dbg     671.7 ms] [atto] reduce
[dbg     671.9 ms] [atto] final
[dbg     671.9 ms] [atto] pack
[dbg     672.9 ms] [atto] d2h
[dbg     673.5 ms] [attg] start
[dbg     673.8 ms] [attg] csc
[dbg     673.8 ms] [attg] h2d
[dbg     673.8 ms] [attg] count
[dbg     674.0 ms] [attg] scan
[dbg     674.1 ms] [attg] expand
[dbg     674.3 ms] [attg] compact
[dbg     674.6 ms] [attg] sort
[dbg     674.7 ms] [attg] reduce
[dbg     674.9 ms] [attg] final
[dbg     675.0 ms] [attg] pack
[dbg     676.0 ms] [attg] d2h
[dbg     676.6 ms] [attc] start
[dbg     676.9 ms] [attc] csc
[dbg     676.9 ms] [attc] h2d
[dbg     676.9 ms] [attc] count
[dbg     677.1 ms] [attc] scan
[dbg     677.2 ms] [attc] expand
[dbg     677.4 ms] [attc] compact
[dbg     677.7 ms] [attc] sort
[dbg     677.8 ms] [attc] reduce
[dbg     678.0 ms] [attc] final
[dbg     678.1 ms] [attc] pack
[dbg     679.1 ms] [attc] d2h
[dbg     679.7 ms] [atti] start
[dbg     680.0 ms] [atti] csc
[dbg     680.0 ms] [atti] h2d
[dbg     680.0 ms] [atti] count
[dbg     680.2 ms] [atti] scan
[dbg     680.3 ms] [atti] expand
[dbg     680.5 ms] [atti] compact
[dbg     680.8 ms] [atti] sort
[dbg     680.9 ms] [atti] reduce
[dbg     681.1 ms] [atti] final
[dbg     681.1 ms] [atti] symbolic
[dbg     681.2 ms] [atti] numeric
[dbg     681.2 ms] [atti] pack
[dbg     682.3 ms] [atti] d2h
Reading matrix from ./data/first100/bcsstm13.mtx...
Input A: 2003 x 2003, nnz = 21943, sparsity = 99.45%
===============WARMING UP (att)===============
=== Computing C = A x A^T (cuSPARSE) ===
Result C (A·Aᵀ 全量): 2003 x 2003, nnz = 90811
Time: 2.365 ms

=== Computing C = A x A^T upper (outer) ===
Result C (A·Aᵀ 上三角): 2003 x 2003, nnz = 46407
Time: 2.483 ms

=== Computing C = A x A^T upper (Gustavson) ===
Result C (A·Aᵀ 上三角): 2003 x 2003, nnz = 46407
Time: 2.826 ms

=== Computing C = A x A^T upper (colwise) ===
Result C (A·Aᵀ 上三角): 2003 x 2003, nnz = 46407
Time: 2.815 ms

=== Computing C = A x A^T upper (inner) ===
Result C (A·Aᵀ 上三角): 2003 x 2003, nnz = 46407
Time: 2.920 ms

=== All att tests completed ===
Processing bcsstm19 (att) ... (max 600s)
[dbg       0.0 ms] main entry, initializing CUDA context...
[dbg     584.0 ms] CUDA context ready
[dbg     584.1 ms] start read_matrix_market: ./data/first100/bcsstm19.mtx
[dbg     584.4 ms] read done: 817 x 817, nnz=817
[dbg     584.4 ms] [cut] start
[dbg     596.8 ms] [cut] h2d
[dbg     613.8 ms] [cut] transpose
[dbg     613.9 ms] cusparse: workEstimation begin
[dbg     617.5 ms] [cut] workest (buf1=10867 B)
[dbg     617.6 ms] cusparse: compute begin
[dbg     618.9 ms] [cut] compute (buf2=35427 B)
[dbg     618.9 ms] cusparse: C size = 817 x 817, nnz=817
[dbg     618.9 ms] cusparse: copy begin
[dbg     619.0 ms] [cut] copy
[dbg     619.0 ms] [cut] pack
[dbg     620.2 ms] [cut] d2h
[dbg     620.7 ms] [atto] start
[dbg     622.9 ms] [atto] csc
[dbg     622.9 ms] [atto] h2d
[dbg     623.3 ms] [atto] count
[dbg     623.3 ms] [atto] scan
[dbg     623.4 ms] [atto] expand
[dbg     624.0 ms] [atto] sort
[dbg     624.3 ms] [atto] reduce
[dbg     624.6 ms] [atto] final
[dbg     624.6 ms] [atto] pack
[dbg     625.7 ms] [atto] d2h
[dbg     626.1 ms] [attg] start
[dbg     626.4 ms] [attg] csc
[dbg     626.4 ms] [attg] h2d
[dbg     626.4 ms] [attg] count
[dbg     626.4 ms] [attg] scan
[dbg     626.5 ms] [attg] expand
[dbg     626.6 ms] [attg] compact
[dbg     626.6 ms] [attg] sort
[dbg     626.7 ms] [attg] reduce
[dbg     626.7 ms] [attg] final
[dbg     626.7 ms] [attg] pack
[dbg     627.6 ms] [attg] d2h
[dbg     628.1 ms] [attc] start
[dbg     628.7 ms] [attc] csc
[dbg     628.7 ms] [attc] h2d
[dbg     629.0 ms] [attc] count
[dbg     629.0 ms] [attc] scan
[dbg     629.0 ms] [attc] expand
[dbg     629.1 ms] [attc] compact
[dbg     629.1 ms] [attc] sort
[dbg     629.2 ms] [attc] reduce
[dbg     629.2 ms] [attc] final
[dbg     629.2 ms] [attc] pack
[dbg     630.0 ms] [attc] d2h
[dbg     630.3 ms] [atti] start
[dbg     630.9 ms] [atti] csc
[dbg     630.9 ms] [atti] h2d
[dbg     631.3 ms] [atti] count
[dbg     631.4 ms] [atti] scan
[dbg     631.4 ms] [atti] expand
[dbg     632.0 ms] [atti] compact
[dbg     632.6 ms] [atti] sort
[dbg     632.6 ms] [atti] reduce
[dbg     632.7 ms] [atti] final
[dbg     632.7 ms] [atti] symbolic
[dbg     632.7 ms] [atti] numeric
[dbg     632.7 ms] [atti] pack
[dbg     633.5 ms] [atti] d2h
[dbg     633.9 ms] [cut] start
[dbg     634.0 ms] [cut] h2d
[dbg     634.5 ms] [cut] transpose
[dbg     634.8 ms] cusparse: workEstimation begin
[dbg     635.1 ms] [cut] workest (buf1=10867 B)
[dbg     635.1 ms] cusparse: compute begin
[dbg     637.1 ms] [cut] compute (buf2=35427 B)
[dbg     637.1 ms] cusparse: C size = 817 x 817, nnz=817
[dbg     637.1 ms] cusparse: copy begin
[dbg     637.4 ms] [cut] copy
[dbg     637.4 ms] [cut] pack
[dbg     638.1 ms] [cut] d2h
[dbg     638.5 ms] [atto] start
[dbg     639.2 ms] [atto] csc
[dbg     639.2 ms] [atto] h2d
[dbg     639.2 ms] [atto] count
[dbg     639.6 ms] [atto] scan
[dbg     639.8 ms] [atto] expand
[dbg     640.4 ms] [atto] sort
[dbg     640.5 ms] [atto] reduce
[dbg     640.5 ms] [atto] final
[dbg     640.5 ms] [atto] pack
[dbg     641.2 ms] [atto] d2h
[dbg     641.6 ms] [attg] start
[dbg     642.3 ms] [attg] csc
[dbg     642.3 ms] [attg] h2d
[dbg     642.3 ms] [attg] count
[dbg     642.6 ms] [attg] scan
[dbg     642.9 ms] [attg] expand
[dbg     643.5 ms] [attg] compact
[dbg     643.6 ms] [attg] sort
[dbg     643.6 ms] [attg] reduce
[dbg     643.7 ms] [attg] final
[dbg     643.7 ms] [attg] pack
[dbg     644.4 ms] [attg] d2h
[dbg     644.9 ms] [attc] start
[dbg     645.3 ms] [attc] csc
[dbg     645.3 ms] [attc] h2d
[dbg     645.3 ms] [attc] count
[dbg     645.6 ms] [attc] scan
[dbg     645.9 ms] [attc] expand
[dbg     646.5 ms] [attc] compact
[dbg     646.6 ms] [attc] sort
[dbg     646.6 ms] [attc] reduce
[dbg     646.6 ms] [attc] final
[dbg     646.7 ms] [attc] pack
[dbg     647.4 ms] [attc] d2h
[dbg     647.8 ms] [atti] start
[dbg     648.4 ms] [atti] csc
[dbg     648.4 ms] [atti] h2d
[dbg     648.8 ms] [atti] count
[dbg     648.8 ms] [atti] scan
[dbg     649.1 ms] [atti] expand
[dbg     650.0 ms] [atti] compact
[dbg     650.3 ms] [atti] sort
[dbg     650.4 ms] [atti] reduce
[dbg     650.4 ms] [atti] final
[dbg     650.4 ms] [atti] symbolic
[dbg     650.4 ms] [atti] numeric
[dbg     650.5 ms] [atti] pack
[dbg     651.2 ms] [atti] d2h
Reading matrix from ./data/first100/bcsstm19.mtx...
Input A: 817 x 817, nnz = 817, sparsity = 99.88%
===============WARMING UP (att)===============
=== Computing C = A x A^T (cuSPARSE) ===
Result C (A·Aᵀ 全量): 817 x 817, nnz = 817
Time: 4.386 ms

=== Computing C = A x A^T upper (outer) ===
Result C (A·Aᵀ 上三角): 817 x 817, nnz = 817
Time: 2.798 ms

=== Computing C = A x A^T upper (Gustavson) ===
Result C (A·Aᵀ 上三角): 817 x 817, nnz = 817
Time: 2.949 ms

=== Computing C = A x A^T upper (colwise) ===
Result C (A·Aᵀ 上三角): 817 x 817, nnz = 817
Time: 2.628 ms

=== Computing C = A x A^T upper (inner) ===
Result C (A·Aᵀ 上三角): 817 x 817, nnz = 817
Time: 3.510 ms

=== All att tests completed ===
Processing bcsstm20 (att) ... (max 600s)
[dbg       0.0 ms] main entry, initializing CUDA context...
[dbg     588.8 ms] CUDA context ready
[dbg     589.0 ms] start read_matrix_market: ./data/first100/bcsstm20.mtx
[dbg     589.2 ms] read done: 485 x 485, nnz=485
[dbg     589.2 ms] [cut] start
[dbg     597.9 ms] [cut] h2d
[dbg     621.5 ms] [cut] transpose
[dbg     621.6 ms] cusparse: workEstimation begin
[dbg     626.2 ms] [cut] workest (buf1=6883 B)
[dbg     626.2 ms] cusparse: compute begin
[dbg     627.0 ms] [cut] compute (buf2=18731 B)
[dbg     627.0 ms] cusparse: C size = 485 x 485, nnz=485
[dbg     627.0 ms] cusparse: copy begin
[dbg     627.1 ms] [cut] copy
[dbg     627.1 ms] [cut] pack
[dbg     628.5 ms] [cut] d2h
[dbg     629.2 ms] [atto] start
[dbg     631.4 ms] [atto] csc
[dbg     631.4 ms] [atto] h2d
[dbg     631.4 ms] [atto] count
[dbg     631.5 ms] [atto] scan
[dbg     631.5 ms] [atto] expand
[dbg     631.6 ms] [atto] sort
[dbg     631.8 ms] [atto] reduce
[dbg     631.9 ms] [atto] final
[dbg     631.9 ms] [atto] pack
[dbg     633.3 ms] [atto] d2h
[dbg     633.8 ms] [attg] start
[dbg     633.9 ms] [attg] csc
[dbg     634.0 ms] [attg] h2d
[dbg     634.0 ms] [attg] count
[dbg     634.1 ms] [attg] scan
[dbg     634.1 ms] [attg] expand
[dbg     634.2 ms] [attg] compact
[dbg     634.3 ms] [attg] sort
[dbg     634.3 ms] [attg] reduce
[dbg     634.4 ms] [attg] final
[dbg     634.4 ms] [attg] pack
[dbg     635.5 ms] [attg] d2h
[dbg     635.9 ms] [attc] start
[dbg     636.2 ms] [attc] csc
[dbg     636.2 ms] [attc] h2d
[dbg     636.6 ms] [attc] count
[dbg     637.0 ms] [attc] scan
[dbg     637.3 ms] [attc] expand
[dbg     638.2 ms] [attc] compact
[dbg     638.2 ms] [attc] sort
[dbg     638.3 ms] [attc] reduce
[dbg     638.3 ms] [attc] final
[dbg     638.3 ms] [attc] pack
[dbg     639.3 ms] [attc] d2h
[dbg     639.7 ms] [atti] start
[dbg     640.0 ms] [atti] csc
[dbg     640.0 ms] [atti] h2d
[dbg     640.0 ms] [atti] count
[dbg     640.1 ms] [atti] scan
[dbg     640.1 ms] [atti] expand
[dbg     640.2 ms] [atti] compact
[dbg     640.2 ms] [atti] sort
[dbg     640.2 ms] [atti] reduce
[dbg     640.3 ms] [atti] final
[dbg     640.3 ms] [atti] symbolic
[dbg     640.3 ms] [atti] numeric
[dbg     640.4 ms] [atti] pack
[dbg     641.2 ms] [atti] d2h
[dbg     641.7 ms] [cut] start
[dbg     641.8 ms] [cut] h2d
[dbg     641.9 ms] [cut] transpose
[dbg     642.0 ms] cusparse: workEstimation begin
[dbg     642.0 ms] [cut] workest (buf1=6883 B)
[dbg     642.0 ms] cusparse: compute begin
[dbg     642.8 ms] [cut] compute (buf2=18731 B)
[dbg     642.8 ms] cusparse: C size = 485 x 485, nnz=485
[dbg     642.8 ms] cusparse: copy begin
[dbg     643.1 ms] [cut] copy
[dbg     643.1 ms] [cut] pack
[dbg     644.3 ms] [cut] d2h
[dbg     644.9 ms] [atto] start
[dbg     645.6 ms] [atto] csc
[dbg     645.6 ms] [atto] h2d
[dbg     645.6 ms] [atto] count
[dbg     645.9 ms] [atto] scan
[dbg     646.2 ms] [atto] expand
[dbg     646.3 ms] [atto] sort
[dbg     646.3 ms] [atto] reduce
[dbg     646.4 ms] [atto] final
[dbg     646.4 ms] [atto] pack
[dbg     647.3 ms] [atto] d2h
[dbg     647.9 ms] [attg] start
[dbg     648.3 ms] [attg] csc
[dbg     648.3 ms] [attg] h2d
[dbg     648.3 ms] [attg] count
[dbg     648.4 ms] [attg] scan
[dbg     648.4 ms] [attg] expand
[dbg     648.4 ms] [attg] compact
[dbg     648.5 ms] [attg] sort
[dbg     648.5 ms] [attg] reduce
[dbg     648.6 ms] [attg] final
[dbg     648.6 ms] [attg] pack
[dbg     649.4 ms] [attg] d2h
[dbg     649.9 ms] [attc] start
[dbg     650.5 ms] [attc] csc
[dbg     650.5 ms] [attc] h2d
[dbg     651.0 ms] [attc] count
[dbg     651.0 ms] [attc] scan
[dbg     651.0 ms] [attc] expand
[dbg     651.1 ms] [attc] compact
[dbg     651.7 ms] [attc] sort
[dbg     651.8 ms] [attc] reduce
[dbg     652.4 ms] [attc] final
[dbg     652.4 ms] [attc] pack
[dbg     653.3 ms] [attc] d2h
[dbg     654.0 ms] [atti] start
[dbg     654.2 ms] [atti] csc
[dbg     654.2 ms] [atti] h2d
[dbg     654.2 ms] [atti] count
[dbg     654.3 ms] [atti] scan
[dbg     654.3 ms] [atti] expand
[dbg     654.6 ms] [atti] compact
[dbg     655.3 ms] [atti] sort
[dbg     655.6 ms] [atti] reduce
[dbg     655.7 ms] [atti] final
[dbg     655.7 ms] [atti] symbolic
[dbg     655.7 ms] [atti] numeric
[dbg     655.7 ms] [atti] pack
[dbg     656.6 ms] [atti] d2h
Reading matrix from ./data/first100/bcsstm20.mtx...
Input A: 485 x 485, nnz = 485, sparsity = 99.79%
===============WARMING UP (att)===============
=== Computing C = A x A^T (cuSPARSE) ===
Result C (A·Aᵀ 全量): 485 x 485, nnz = 485
Time: 2.815 ms

=== Computing C = A x A^T upper (outer) ===
Result C (A·Aᵀ 上三角): 485 x 485, nnz = 485
Time: 2.711 ms

=== Computing C = A x A^T upper (Gustavson) ===
Result C (A·Aᵀ 上三角): 485 x 485, nnz = 485
Time: 1.645 ms

=== Computing C = A x A^T upper (colwise) ===
Result C (A·Aᵀ 上三角): 485 x 485, nnz = 485
Time: 3.739 ms

=== Computing C = A x A^T upper (inner) ===
Result C (A·Aᵀ 上三角): 485 x 485, nnz = 485
Time: 2.756 ms

=== All att tests completed ===
Processing bcsstm21 (att) ... (max 600s)
[dbg       0.0 ms] main entry, initializing CUDA context...
[dbg     726.4 ms] CUDA context ready
[dbg     726.6 ms] start read_matrix_market: ./data/first100/bcsstm21.mtx
[dbg     727.8 ms] read done: 3600 x 3600, nnz=3600
[dbg     727.8 ms] [cut] start
[dbg     737.7 ms] [cut] h2d
[dbg     755.1 ms] [cut] transpose
[dbg     755.2 ms] cusparse: workEstimation begin
[dbg     758.6 ms] [cut] workest (buf1=44263 B)
[dbg     758.6 ms] cusparse: compute begin
[dbg     760.8 ms] [cut] compute (buf2=135879 B)
[dbg     760.8 ms] cusparse: C size = 3600 x 3600, nnz=3600
[dbg     760.8 ms] cusparse: copy begin
[dbg     761.1 ms] [cut] copy
[dbg     761.1 ms] [cut] pack
[dbg     762.6 ms] [cut] d2h
[dbg     763.0 ms] [atto] start
[dbg     765.4 ms] [atto] csc
[dbg     765.4 ms] [atto] h2d
[dbg     765.7 ms] [atto] count
[dbg     766.0 ms] [atto] scan
[dbg     766.3 ms] [atto] expand
[dbg     766.7 ms] [atto] sort
[dbg     767.0 ms] [atto] reduce
[dbg     767.6 ms] [atto] final
[dbg     767.6 ms] [atto] pack
[dbg     768.6 ms] [atto] d2h
[dbg     769.0 ms] [attg] start
[dbg     769.3 ms] [attg] csc
[dbg     769.3 ms] [attg] h2d
[dbg     769.3 ms] [attg] count
[dbg     769.4 ms] [attg] scan
[dbg     769.4 ms] [attg] expand
[dbg     769.5 ms] [attg] compact
[dbg     769.6 ms] [attg] sort
[dbg     769.7 ms] [attg] reduce
[dbg     769.7 ms] [attg] final
[dbg     769.8 ms] [attg] pack
[dbg     770.7 ms] [attg] d2h
[dbg     771.1 ms] [attc] start
[dbg     771.4 ms] [attc] csc
[dbg     771.4 ms] [attc] h2d
[dbg     771.4 ms] [attc] count
[dbg     771.5 ms] [attc] scan
[dbg     771.5 ms] [attc] expand
[dbg     771.6 ms] [attc] compact
[dbg     771.7 ms] [attc] sort
[dbg     771.7 ms] [attc] reduce
[dbg     771.8 ms] [attc] final
[dbg     771.8 ms] [attc] pack
[dbg     772.6 ms] [attc] d2h
[dbg     773.0 ms] [atti] start
[dbg     773.3 ms] [atti] csc
[dbg     773.3 ms] [atti] h2d
[dbg     773.3 ms] [atti] count
[dbg     773.3 ms] [atti] scan
[dbg     773.3 ms] [atti] expand
[dbg     773.4 ms] [atti] compact
[dbg     773.5 ms] [atti] sort
[dbg     773.6 ms] [atti] reduce
[dbg     773.6 ms] [atti] final
[dbg     773.6 ms] [atti] symbolic
[dbg     773.6 ms] [atti] numeric
[dbg     773.7 ms] [atti] pack
[dbg     774.4 ms] [atti] d2h
[dbg     774.8 ms] [cut] start
[dbg     774.9 ms] [cut] h2d
[dbg     775.2 ms] [cut] transpose
[dbg     775.2 ms] cusparse: workEstimation begin
[dbg     775.2 ms] [cut] workest (buf1=44263 B)
[dbg     775.3 ms] cusparse: compute begin
[dbg     775.4 ms] [cut] compute (buf2=135879 B)
[dbg     775.4 ms] cusparse: C size = 3600 x 3600, nnz=3600
[dbg     775.4 ms] cusparse: copy begin
[dbg     775.5 ms] [cut] copy
[dbg     775.5 ms] [cut] pack
[dbg     776.3 ms] [cut] d2h
[dbg     776.6 ms] [atto] start
[dbg     776.9 ms] [atto] csc
[dbg     777.0 ms] [atto] h2d
[dbg     777.0 ms] [atto] count
[dbg     777.0 ms] [atto] scan
[dbg     777.0 ms] [atto] expand
[dbg     777.1 ms] [atto] sort
[dbg     777.2 ms] [atto] reduce
[dbg     777.5 ms] [atto] final
[dbg     777.5 ms] [atto] pack
[dbg     778.3 ms] [atto] d2h
[dbg     778.6 ms] [attg] start
[dbg     778.9 ms] [attg] csc
[dbg     778.9 ms] [attg] h2d
[dbg     778.9 ms] [attg] count
[dbg     779.0 ms] [attg] scan
[dbg     779.0 ms] [attg] expand
[dbg     779.1 ms] [attg] compact
[dbg     779.2 ms] [attg] sort
[dbg     779.2 ms] [attg] reduce
[dbg     779.3 ms] [attg] final
[dbg     779.3 ms] [attg] pack
[dbg     780.1 ms] [attg] d2h
[dbg     780.4 ms] [attc] start
[dbg     780.9 ms] [attc] csc
[dbg     780.9 ms] [attc] h2d
[dbg     780.9 ms] [attc] count
[dbg     780.9 ms] [attc] scan
[dbg     780.9 ms] [attc] expand
[dbg     781.0 ms] [attc] compact
[dbg     781.1 ms] [attc] sort
[dbg     781.2 ms] [attc] reduce
[dbg     781.2 ms] [attc] final
[dbg     781.2 ms] [attc] pack
[dbg     782.0 ms] [attc] d2h
[dbg     782.4 ms] [atti] start
[dbg     782.7 ms] [atti] csc
[dbg     782.7 ms] [atti] h2d
[dbg     782.7 ms] [atti] count
[dbg     782.8 ms] [atti] scan
[dbg     782.8 ms] [atti] expand
[dbg     782.9 ms] [atti] compact
[dbg     783.0 ms] [atti] sort
[dbg     783.0 ms] [atti] reduce
[dbg     783.0 ms] [atti] final
[dbg     783.0 ms] [atti] symbolic
[dbg     783.1 ms] [atti] numeric
[dbg     783.1 ms] [atti] pack
[dbg     783.9 ms] [atti] d2h
Reading matrix from ./data/first100/bcsstm21.mtx...
Input A: 3600 x 3600, nnz = 3600, sparsity = 99.97%
===============WARMING UP (att)===============
=== Computing C = A x A^T (cuSPARSE) ===
Result C (A·Aᵀ 全量): 3600 x 3600, nnz = 3600
Time: 1.523 ms

=== Computing C = A x A^T upper (outer) ===
Result C (A·Aᵀ 上三角): 3600 x 3600, nnz = 3600
Time: 1.749 ms

=== Computing C = A x A^T upper (Gustavson) ===
Result C (A·Aᵀ 上三角): 3600 x 3600, nnz = 3600
Time: 1.531 ms

=== Computing C = A x A^T upper (colwise) ===
Result C (A·Aᵀ 上三角): 3600 x 3600, nnz = 3600
Time: 1.721 ms

=== Computing C = A x A^T upper (inner) ===
Result C (A·Aᵀ 上三角): 3600 x 3600, nnz = 3600
Time: 1.583 ms

=== All att tests completed ===
Processing bcsstm22 (att) ... (max 600s)
[dbg       0.0 ms] main entry, initializing CUDA context...
[dbg     723.5 ms] CUDA context ready
[dbg     723.7 ms] start read_matrix_market: ./data/first100/bcsstm22.mtx
[dbg     723.7 ms] read done: 138 x 138, nnz=138
[dbg     723.7 ms] [cut] start
[dbg     737.4 ms] [cut] h2d
[dbg     760.6 ms] [cut] transpose
[dbg     760.7 ms] cusparse: workEstimation begin
[dbg     764.7 ms] [cut] workest (buf1=2719 B)
[dbg     764.7 ms] cusparse: compute begin
[dbg     765.5 ms] [cut] compute (buf2=9015 B)
[dbg     765.5 ms] cusparse: C size = 138 x 138, nnz=138
[dbg     765.5 ms] cusparse: copy begin
[dbg     765.6 ms] [cut] copy
[dbg     765.6 ms] [cut] pack
[dbg     767.0 ms] [cut] d2h
[dbg     767.5 ms] [atto] start
[dbg     770.0 ms] [atto] csc
[dbg     770.0 ms] [atto] h2d
[dbg     770.0 ms] [atto] count
[dbg     770.1 ms] [atto] scan
[dbg     770.1 ms] [atto] expand
[dbg     770.2 ms] [atto] sort
[dbg     770.4 ms] [atto] reduce
[dbg     770.4 ms] [atto] final
[dbg     770.5 ms] [atto] pack
[dbg     771.8 ms] [atto] d2h
[dbg     772.2 ms] [attg] start
[dbg     772.7 ms] [attg] csc
[dbg     772.7 ms] [attg] h2d
[dbg     772.8 ms] [attg] count
[dbg     772.8 ms] [attg] scan
[dbg     772.8 ms] [attg] expand
[dbg     773.0 ms] [attg] compact
[dbg     773.0 ms] [attg] sort
[dbg     773.0 ms] [attg] reduce
[dbg     773.1 ms] [attg] final
[dbg     773.1 ms] [attg] pack
[dbg     774.1 ms] [attg] d2h
[dbg     774.6 ms] [attc] start
[dbg     774.8 ms] [attc] csc
[dbg     774.9 ms] [attc] h2d
[dbg     774.9 ms] [attc] count
[dbg     774.9 ms] [attc] scan
[dbg     775.0 ms] [attc] expand
[dbg     775.0 ms] [attc] compact
[dbg     775.1 ms] [attc] sort
[dbg     775.1 ms] [attc] reduce
[dbg     775.2 ms] [attc] final
[dbg     775.2 ms] [attc] pack
[dbg     776.1 ms] [attc] d2h
[dbg     776.6 ms] [atti] start
[dbg     777.0 ms] [atti] csc
[dbg     777.0 ms] [atti] h2d
[dbg     777.0 ms] [atti] count
[dbg     777.1 ms] [atti] scan
[dbg     777.1 ms] [atti] expand
[dbg     777.2 ms] [atti] compact
[dbg     777.2 ms] [atti] sort
[dbg     777.2 ms] [atti] reduce
[dbg     777.3 ms] [atti] final
[dbg     777.3 ms] [atti] symbolic
[dbg     777.4 ms] [atti] numeric
[dbg     777.4 ms] [atti] pack
[dbg     778.2 ms] [atti] d2h
[dbg     778.6 ms] [cut] start
[dbg     778.8 ms] [cut] h2d
[dbg     779.2 ms] [cut] transpose
[dbg     779.6 ms] cusparse: workEstimation begin
[dbg     779.9 ms] [cut] workest (buf1=2719 B)
[dbg     779.9 ms] cusparse: compute begin
[dbg     780.3 ms] [cut] compute (buf2=9015 B)
[dbg     780.3 ms] cusparse: C size = 138 x 138, nnz=138
[dbg     780.3 ms] cusparse: copy begin
[dbg     780.3 ms] [cut] copy
[dbg     780.4 ms] [cut] pack
[dbg     781.3 ms] [cut] d2h
[dbg     781.8 ms] [atto] start
[dbg     782.1 ms] [atto] csc
[dbg     782.1 ms] [atto] h2d
[dbg     782.1 ms] [atto] count
[dbg     782.2 ms] [atto] scan
[dbg     782.2 ms] [atto] expand
[dbg     782.2 ms] [atto] sort
[dbg     782.3 ms] [atto] reduce
[dbg     782.3 ms] [atto] final
[dbg     782.3 ms] [atto] pack
[dbg     783.1 ms] [atto] d2h
[dbg     783.6 ms] [attg] start
[dbg     784.1 ms] [attg] csc
[dbg     784.1 ms] [attg] h2d
[dbg     784.4 ms] [attg] count
[dbg     784.7 ms] [attg] scan
[dbg     785.0 ms] [attg] expand
[dbg     785.1 ms] [attg] compact
[dbg     785.1 ms] [attg] sort
[dbg     785.2 ms] [attg] reduce
[dbg     785.2 ms] [attg] final
[dbg     785.2 ms] [attg] pack
[dbg     786.2 ms] [attg] d2h
[dbg     786.7 ms] [attc] start
[dbg     787.2 ms] [attc] csc
[dbg     787.3 ms] [attc] h2d
[dbg     787.5 ms] [attc] count
[dbg     787.9 ms] [attc] scan
[dbg     788.1 ms] [attc] expand
[dbg     788.7 ms] [attc] compact
[dbg     788.8 ms] [attc] sort
[dbg     788.8 ms] [attc] reduce
[dbg     788.9 ms] [attc] final
[dbg     788.9 ms] [attc] pack
[dbg     789.7 ms] [attc] d2h
[dbg     790.2 ms] [atti] start
[dbg     790.7 ms] [atti] csc
[dbg     790.7 ms] [atti] h2d
[dbg     790.7 ms] [atti] count
[dbg     790.8 ms] [atti] scan
[dbg     790.8 ms] [atti] expand
[dbg     790.9 ms] [atti] compact
[dbg     790.9 ms] [atti] sort
[dbg     790.9 ms] [atti] reduce
[dbg     791.0 ms] [atti] final
[dbg     791.0 ms] [atti] symbolic
[dbg     791.0 ms] [atti] numeric
[dbg     791.0 ms] [atti] pack
[dbg     791.9 ms] [atti] d2h
Reading matrix from ./data/first100/bcsstm22.mtx...
Input A: 138 x 138, nnz = 138, sparsity = 99.28%
===============WARMING UP (att)===============
=== Computing C = A x A^T (cuSPARSE) ===
Result C (A·Aᵀ 全量): 138 x 138, nnz = 138
Time: 2.857 ms

=== Computing C = A x A^T upper (outer) ===
Result C (A·Aᵀ 上三角): 138 x 138, nnz = 138
Time: 1.488 ms

=== Computing C = A x A^T upper (Gustavson) ===
Result C (A·Aᵀ 上三角): 138 x 138, nnz = 138
Time: 2.753 ms

=== Computing C = A x A^T upper (colwise) ===
Result C (A·Aᵀ 上三角): 138 x 138, nnz = 138
Time: 3.211 ms

=== Computing C = A x A^T upper (inner) ===
Result C (A·Aᵀ 上三角): 138 x 138, nnz = 138
Time: 1.850 ms

=== All att tests completed ===
Processing bcsstm23 (att) ... (max 600s)
[dbg       0.0 ms] main entry, initializing CUDA context...
[dbg     747.4 ms] CUDA context ready
[dbg     747.6 ms] start read_matrix_market: ./data/first100/bcsstm23.mtx
[dbg     748.7 ms] read done: 3134 x 3134, nnz=3134
[dbg     748.7 ms] [cut] start
[dbg     758.1 ms] [cut] h2d
[dbg     783.2 ms] [cut] transpose
[dbg     783.6 ms] cusparse: workEstimation begin
[dbg     788.2 ms] [cut] workest (buf1=38671 B)
[dbg     788.2 ms] cusparse: compute begin
[dbg     790.5 ms] [cut] compute (buf2=118735 B)
[dbg     790.5 ms] cusparse: C size = 3134 x 3134, nnz=3134
[dbg     790.5 ms] cusparse: copy begin
[dbg     790.8 ms] [cut] copy
[dbg     790.8 ms] [cut] pack
[dbg     792.3 ms] [cut] d2h
[dbg     792.8 ms] [atto] start
[dbg     795.5 ms] [atto] csc
[dbg     795.5 ms] [atto] h2d
[dbg     795.8 ms] [atto] count
[dbg     796.1 ms] [atto] scan
[dbg     796.1 ms] [atto] expand
[dbg     796.4 ms] [atto] sort
[dbg     796.5 ms] [atto] reduce
[dbg     796.6 ms] [atto] final
[dbg     796.6 ms] [atto] pack
[dbg     798.0 ms] [atto] d2h
[dbg     798.4 ms] [attg] start
[dbg     798.7 ms] [attg] csc
[dbg     798.7 ms] [attg] h2d
[dbg     798.8 ms] [attg] count
[dbg     798.8 ms] [attg] scan
[dbg     798.9 ms] [attg] expand
[dbg     799.0 ms] [attg] compact
[dbg     799.1 ms] [attg] sort
[dbg     799.2 ms] [attg] reduce
[dbg     799.2 ms] [attg] final
[dbg     799.3 ms] [attg] pack
[dbg     800.3 ms] [attg] d2h
[dbg     800.7 ms] [attc] start
[dbg     801.1 ms] [attc] csc
[dbg     801.1 ms] [attc] h2d
[dbg     801.1 ms] [attc] count
[dbg     801.2 ms] [attc] scan
[dbg     801.2 ms] [attc] expand
[dbg     801.3 ms] [attc] compact
[dbg     801.4 ms] [attc] sort
[dbg     801.7 ms] [attc] reduce
[dbg     802.3 ms] [attc] final
[dbg     802.3 ms] [attc] pack
[dbg     803.3 ms] [attc] d2h
[dbg     803.6 ms] [atti] start
[dbg     804.1 ms] [atti] csc
[dbg     804.1 ms] [atti] h2d
[dbg     804.1 ms] [atti] count
[dbg     804.1 ms] [atti] scan
[dbg     804.2 ms] [atti] expand
[dbg     804.2 ms] [atti] compact
[dbg     804.4 ms] [atti] sort
[dbg     804.4 ms] [atti] reduce
[dbg     804.7 ms] [atti] final
[dbg     804.7 ms] [atti] symbolic
[dbg     805.0 ms] [atti] numeric
[dbg     805.1 ms] [atti] pack
[dbg     805.9 ms] [atti] d2h
[dbg     806.3 ms] [cut] start
[dbg     806.4 ms] [cut] h2d
[dbg     806.6 ms] [cut] transpose
[dbg     806.7 ms] cusparse: workEstimation begin
[dbg     806.7 ms] [cut] workest (buf1=38671 B)
[dbg     806.7 ms] cusparse: compute begin
[dbg     806.9 ms] [cut] compute (buf2=118735 B)
[dbg     806.9 ms] cusparse: C size = 3134 x 3134, nnz=3134
[dbg     806.9 ms] cusparse: copy begin
[dbg     807.0 ms] [cut] copy
[dbg     807.0 ms] [cut] pack
[dbg     807.9 ms] [cut] d2h
[dbg     808.2 ms] [atto] start
[dbg     808.5 ms] [atto] csc
[dbg     808.6 ms] [atto] h2d
[dbg     808.6 ms] [atto] count
[dbg     808.6 ms] [atto] scan
[dbg     808.6 ms] [atto] expand
[dbg     808.7 ms] [atto] sort
[dbg     808.8 ms] [atto] reduce
[dbg     808.8 ms] [atto] final
[dbg     808.9 ms] [atto] pack
[dbg     809.7 ms] [atto] d2h
[dbg     810.1 ms] [attg] start
[dbg     810.4 ms] [attg] csc
[dbg     810.4 ms] [attg] h2d
[dbg     810.4 ms] [attg] count
[dbg     810.4 ms] [attg] scan
[dbg     810.5 ms] [attg] expand
[dbg     810.5 ms] [attg] compact
[dbg     810.6 ms] [attg] sort
[dbg     810.7 ms] [attg] reduce
[dbg     810.7 ms] [attg] final
[dbg     810.8 ms] [attg] pack
[dbg     811.6 ms] [attg] d2h
[dbg     812.0 ms] [attc] start
[dbg     812.2 ms] [attc] csc
[dbg     812.2 ms] [attc] h2d
[dbg     812.2 ms] [attc] count
[dbg     812.2 ms] [attc] scan
[dbg     812.2 ms] [attc] expand
[dbg     812.3 ms] [attc] compact
[dbg     812.4 ms] [attc] sort
[dbg     812.5 ms] [attc] reduce
[dbg     812.5 ms] [attc] final
[dbg     812.5 ms] [attc] pack
[dbg     813.3 ms] [attc] d2h
[dbg     813.7 ms] [atti] start
[dbg     813.9 ms] [atti] csc
[dbg     813.9 ms] [atti] h2d
[dbg     813.9 ms] [atti] count
[dbg     814.0 ms] [atti] scan
[dbg     814.0 ms] [atti] expand
[dbg     814.0 ms] [atti] compact
[dbg     814.2 ms] [atti] sort
[dbg     814.2 ms] [atti] reduce
[dbg     814.2 ms] [atti] final
[dbg     814.2 ms] [atti] symbolic
[dbg     814.3 ms] [atti] numeric
[dbg     814.3 ms] [atti] pack
[dbg     815.1 ms] [atti] d2h
Reading matrix from ./data/first100/bcsstm23.mtx...
Input A: 3134 x 3134, nnz = 3134, sparsity = 99.97%
===============WARMING UP (att)===============
=== Computing C = A x A^T (cuSPARSE) ===
Result C (A·Aᵀ 全量): 3134 x 3134, nnz = 3134
Time: 1.661 ms

=== Computing C = A x A^T upper (outer) ===
Result C (A·Aᵀ 上三角): 3134 x 3134, nnz = 3134
Time: 1.555 ms

=== Computing C = A x A^T upper (Gustavson) ===
Result C (A·Aᵀ 上三角): 3134 x 3134, nnz = 3134
Time: 1.645 ms

=== Computing C = A x A^T upper (colwise) ===
Result C (A·Aᵀ 上三角): 3134 x 3134, nnz = 3134
Time: 1.466 ms

=== Computing C = A x A^T upper (inner) ===
Result C (A·Aᵀ 上三角): 3134 x 3134, nnz = 3134
Time: 1.513 ms

=== All att tests completed ===
Processing bcsstm24 (att) ... (max 600s)
[dbg       0.0 ms] main entry, initializing CUDA context...
[dbg     572.1 ms] CUDA context ready
[dbg     572.2 ms] start read_matrix_market: ./data/first100/bcsstm24.mtx
[dbg     573.5 ms] read done: 3562 x 3562, nnz=3562
[dbg     573.5 ms] [cut] start
[dbg     582.2 ms] [cut] h2d
[dbg     605.7 ms] [cut] transpose
[dbg     606.1 ms] cusparse: workEstimation begin
[dbg     610.7 ms] [cut] workest (buf1=43807 B)
[dbg     610.7 ms] cusparse: compute begin
[dbg     611.8 ms] [cut] compute (buf2=134303 B)
[dbg     611.8 ms] cusparse: C size = 3562 x 3562, nnz=3562
[dbg     611.8 ms] cusparse: copy begin
[dbg     611.9 ms] [cut] copy
[dbg     612.0 ms] [cut] pack
[dbg     613.4 ms] [cut] d2h
[dbg     613.9 ms] [atto] start
[dbg     616.1 ms] [atto] csc
[dbg     616.1 ms] [atto] h2d
[dbg     616.1 ms] [atto] count
[dbg     616.1 ms] [atto] scan
[dbg     616.2 ms] [atto] expand
[dbg     616.4 ms] [atto] sort
[dbg     616.9 ms] [atto] reduce
[dbg     617.4 ms] [atto] final
[dbg     617.5 ms] [atto] pack
[dbg     618.8 ms] [atto] d2h
[dbg     619.3 ms] [attg] start
[dbg     619.9 ms] [attg] csc
[dbg     619.9 ms] [attg] h2d
[dbg     620.2 ms] [attg] count
[dbg     620.5 ms] [attg] scan
[dbg     620.8 ms] [attg] expand
[dbg     621.7 ms] [attg] compact
[dbg     622.1 ms] [attg] sort
[dbg     622.4 ms] [attg] reduce
[dbg     623.0 ms] [attg] final
[dbg     623.0 ms] [attg] pack
[dbg     624.2 ms] [attg] d2h
[dbg     624.6 ms] [attc] start
[dbg     624.9 ms] [attc] csc
[dbg     624.9 ms] [attc] h2d
[dbg     625.0 ms] [attc] count
[dbg     625.0 ms] [attc] scan
[dbg     625.0 ms] [attc] expand
[dbg     625.1 ms] [attc] compact
[dbg     625.2 ms] [attc] sort
[dbg     625.3 ms] [attc] reduce
[dbg     625.3 ms] [attc] final
[dbg     625.3 ms] [attc] pack
[dbg     626.3 ms] [attc] d2h
[dbg     626.7 ms] [atti] start
[dbg     627.0 ms] [atti] csc
[dbg     627.0 ms] [atti] h2d
[dbg     627.0 ms] [atti] count
[dbg     627.1 ms] [atti] scan
[dbg     627.1 ms] [atti] expand
[dbg     627.2 ms] [atti] compact
[dbg     627.3 ms] [atti] sort
[dbg     627.3 ms] [atti] reduce
[dbg     627.4 ms] [atti] final
[dbg     627.4 ms] [atti] symbolic
[dbg     627.4 ms] [atti] numeric
[dbg     627.4 ms] [atti] pack
[dbg     628.3 ms] [atti] d2h
[dbg     628.7 ms] [cut] start
[dbg     628.8 ms] [cut] h2d
[dbg     629.1 ms] [cut] transpose
[dbg     629.1 ms] cusparse: workEstimation begin
[dbg     629.1 ms] [cut] workest (buf1=43807 B)
[dbg     629.1 ms] cusparse: compute begin
[dbg     629.3 ms] [cut] compute (buf2=134303 B)
[dbg     629.3 ms] cusparse: C size = 3562 x 3562, nnz=3562
[dbg     629.3 ms] cusparse: copy begin
[dbg     629.4 ms] [cut] copy
[dbg     629.4 ms] [cut] pack
[dbg     630.3 ms] [cut] d2h
[dbg     630.8 ms] [atto] start
[dbg     631.3 ms] [atto] csc
[dbg     631.3 ms] [atto] h2d
[dbg     631.3 ms] [atto] count
[dbg     631.3 ms] [atto] scan
[dbg     631.3 ms] [atto] expand
[dbg     631.5 ms] [atto] sort
[dbg     631.5 ms] [atto] reduce
[dbg     631.5 ms] [atto] final
[dbg     631.6 ms] [atto] pack
[dbg     632.4 ms] [atto] d2h
[dbg     632.8 ms] [attg] start
[dbg     633.0 ms] [attg] csc
[dbg     633.0 ms] [attg] h2d
[dbg     633.0 ms] [attg] count
[dbg     633.1 ms] [attg] scan
[dbg     633.1 ms] [attg] expand
[dbg     633.2 ms] [attg] compact
[dbg     633.3 ms] [attg] sort
[dbg     633.3 ms] [attg] reduce
[dbg     633.4 ms] [attg] final
[dbg     633.4 ms] [attg] pack
[dbg     634.2 ms] [attg] d2h
[dbg     634.6 ms] [attc] start
[dbg     634.8 ms] [attc] csc
[dbg     634.8 ms] [attc] h2d
[dbg     634.8 ms] [attc] count
[dbg     634.9 ms] [attc] scan
[dbg     634.9 ms] [attc] expand
[dbg     635.0 ms] [attc] compact
[dbg     635.1 ms] [attc] sort
[dbg     635.1 ms] [attc] reduce
[dbg     635.2 ms] [attc] final
[dbg     635.2 ms] [attc] pack
[dbg     636.0 ms] [attc] d2h
[dbg     636.4 ms] [atti] start
[dbg     636.6 ms] [atti] csc
[dbg     636.6 ms] [atti] h2d
[dbg     636.6 ms] [atti] count
[dbg     636.7 ms] [atti] scan
[dbg     636.7 ms] [atti] expand
[dbg     636.8 ms] [atti] compact
[dbg     636.9 ms] [atti] sort
[dbg     636.9 ms] [atti] reduce
[dbg     637.0 ms] [atti] final
[dbg     637.0 ms] [atti] symbolic
[dbg     637.0 ms] [atti] numeric
[dbg     637.0 ms] [atti] pack
[dbg     637.8 ms] [atti] d2h
Reading matrix from ./data/first100/bcsstm24.mtx...
Input A: 3562 x 3562, nnz = 3562, sparsity = 99.97%
===============WARMING UP (att)===============
=== Computing C = A x A^T (cuSPARSE) ===
Result C (A·Aᵀ 全量): 3562 x 3562, nnz = 3562
Time: 1.708 ms

=== Computing C = A x A^T upper (outer) ===
Result C (A·Aᵀ 上三角): 3562 x 3562, nnz = 3562
Time: 1.764 ms

=== Computing C = A x A^T upper (Gustavson) ===
Result C (A·Aᵀ 上三角): 3562 x 3562, nnz = 3562
Time: 1.544 ms

=== Computing C = A x A^T upper (colwise) ===
Result C (A·Aᵀ 上三角): 3562 x 3562, nnz = 3562
Time: 1.524 ms

=== Computing C = A x A^T upper (inner) ===
Result C (A·Aᵀ 上三角): 3562 x 3562, nnz = 3562
Time: 1.520 ms

=== All att tests completed ===
Processing bcsstm25 (att) ... (max 600s)
[dbg       0.0 ms] main entry, initializing CUDA context...
[dbg     573.7 ms] CUDA context ready
[dbg     573.8 ms] start read_matrix_market: ./data/first100/bcsstm25.mtx
[dbg     579.7 ms] read done: 15439 x 15439, nnz=15439
[dbg     579.7 ms] [cut] start
[dbg     590.3 ms] [cut] h2d
[dbg     612.0 ms] [cut] transpose
[dbg     612.1 ms] cusparse: workEstimation begin
[dbg     616.2 ms] [cut] workest (buf1=186587 B)
[dbg     616.2 ms] cusparse: compute begin
[dbg     617.0 ms] [cut] compute (buf2=562091 B)
[dbg     617.1 ms] cusparse: C size = 15439 x 15439, nnz=15439
[dbg     617.1 ms] cusparse: copy begin
[dbg     617.2 ms] [cut] copy
[dbg     617.2 ms] [cut] pack
[dbg     618.7 ms] [cut] d2h
[dbg     619.2 ms] [atto] start
[dbg     621.9 ms] [atto] csc
[dbg     621.9 ms] [atto] h2d
[dbg     621.9 ms] [atto] count
[dbg     622.0 ms] [atto] scan
[dbg     622.0 ms] [atto] expand
[dbg     622.3 ms] [atto] sort
[dbg     622.4 ms] [atto] reduce
[dbg     622.5 ms] [atto] final
[dbg     622.6 ms] [atto] pack
[dbg     624.0 ms] [atto] d2h
[dbg     624.5 ms] [attg] start
[dbg     624.8 ms] [attg] csc
[dbg     624.8 ms] [attg] h2d
[dbg     624.9 ms] [attg] count
[dbg     624.9 ms] [attg] scan
[dbg     625.0 ms] [attg] expand
[dbg     625.2 ms] [attg] compact
[dbg     625.3 ms] [attg] sort
[dbg     625.4 ms] [attg] reduce
[dbg     626.0 ms] [attg] final
[dbg     626.0 ms] [attg] pack
[dbg     627.2 ms] [attg] d2h
[dbg     627.6 ms] [attc] start
[dbg     627.9 ms] [attc] csc
[dbg     628.0 ms] [attc] h2d
[dbg     628.0 ms] [attc] count
[dbg     628.0 ms] [attc] scan
[dbg     628.1 ms] [attc] expand
[dbg     628.2 ms] [attc] compact
[dbg     628.3 ms] [attc] sort
[dbg     628.4 ms] [attc] reduce
[dbg     628.4 ms] [attc] final
[dbg     628.4 ms] [attc] pack
[dbg     629.4 ms] [attc] d2h
[dbg     629.8 ms] [atti] start
[dbg     630.2 ms] [atti] csc
[dbg     630.2 ms] [atti] h2d
[dbg     630.2 ms] [atti] count
[dbg     630.2 ms] [atti] scan
[dbg     630.3 ms] [atti] expand
[dbg     630.4 ms] [atti] compact
[dbg     630.8 ms] [atti] sort
[dbg     631.1 ms] [atti] reduce
[dbg     631.7 ms] [atti] final
[dbg     631.7 ms] [atti] symbolic
[dbg     632.0 ms] [atti] numeric
[dbg     632.0 ms] [atti] pack
[dbg     632.9 ms] [atti] d2h
[dbg     633.4 ms] [cut] start
[dbg     633.5 ms] [cut] h2d
[dbg     633.8 ms] [cut] transpose
[dbg     633.8 ms] cusparse: workEstimation begin
[dbg     633.9 ms] [cut] workest (buf1=186587 B)
[dbg     633.9 ms] cusparse: compute begin
[dbg     634.0 ms] [cut] compute (buf2=562091 B)
[dbg     634.0 ms] cusparse: C size = 15439 x 15439, nnz=15439
[dbg     634.1 ms] cusparse: copy begin
[dbg     634.1 ms] [cut] copy
[dbg     634.1 ms] [cut] pack
[dbg     635.0 ms] [cut] d2h
[dbg     635.5 ms] [atto] start
[dbg     635.8 ms] [atto] csc
[dbg     635.8 ms] [atto] h2d
[dbg     635.8 ms] [atto] count
[dbg     635.9 ms] [atto] scan
[dbg     635.9 ms] [atto] expand
[dbg     636.0 ms] [atto] sort
[dbg     636.1 ms] [atto] reduce
[dbg     636.1 ms] [atto] final
[dbg     636.1 ms] [atto] pack
[dbg     637.0 ms] [atto] d2h
[dbg     637.5 ms] [attg] start
[dbg     637.8 ms] [attg] csc
[dbg     637.8 ms] [attg] h2d
[dbg     637.8 ms] [attg] count
[dbg     637.9 ms] [attg] scan
[dbg     637.9 ms] [attg] expand
[dbg     638.0 ms] [attg] compact
[dbg     638.2 ms] [attg] sort
[dbg     638.2 ms] [attg] reduce
[dbg     638.3 ms] [attg] final
[dbg     638.3 ms] [attg] pack
[dbg     639.2 ms] [attg] d2h
[dbg     639.6 ms] [attc] start
[dbg     640.0 ms] [attc] csc
[dbg     640.0 ms] [attc] h2d
[dbg     640.0 ms] [attc] count
[dbg     640.1 ms] [attc] scan
[dbg     640.1 ms] [attc] expand
[dbg     640.2 ms] [attc] compact
[dbg     640.4 ms] [attc] sort
[dbg     640.4 ms] [attc] reduce
[dbg     640.5 ms] [attc] final
[dbg     640.5 ms] [attc] pack
[dbg     641.4 ms] [attc] d2h
[dbg     641.8 ms] [atti] start
[dbg     642.2 ms] [atti] csc
[dbg     642.2 ms] [atti] h2d
[dbg     642.2 ms] [atti] count
[dbg     642.3 ms] [atti] scan
[dbg     642.3 ms] [atti] expand
[dbg     642.4 ms] [atti] compact
[dbg     642.6 ms] [atti] sort
[dbg     642.9 ms] [atti] reduce
[dbg     643.5 ms] [atti] final
[dbg     643.5 ms] [atti] symbolic
[dbg     643.8 ms] [atti] numeric
[dbg     643.8 ms] [atti] pack
[dbg     644.7 ms] [atti] d2h
Reading matrix from ./data/first100/bcsstm25.mtx...
Input A: 15439 x 15439, nnz = 15439, sparsity = 99.99%
===============WARMING UP (att)===============
=== Computing C = A x A^T (cuSPARSE) ===
Result C (A·Aᵀ 全量): 15439 x 15439, nnz = 15439
Time: 1.813 ms

=== Computing C = A x A^T upper (outer) ===
Result C (A·Aᵀ 上三角): 15439 x 15439, nnz = 15439
Time: 1.716 ms

=== Computing C = A x A^T upper (Gustavson) ===
Result C (A·Aᵀ 上三角): 15439 x 15439, nnz = 15439
Time: 1.860 ms

=== Computing C = A x A^T upper (colwise) ===
Result C (A·Aᵀ 上三角): 15439 x 15439, nnz = 15439
Time: 1.863 ms

=== Computing C = A x A^T upper (inner) ===
Result C (A·Aᵀ 上三角): 15439 x 15439, nnz = 15439
Time: 3.031 ms

=== All att tests completed ===
Processing bcsstm26 (att) ... (max 600s)
[dbg       0.0 ms] main entry, initializing CUDA context...
[dbg     752.1 ms] CUDA context ready
[dbg     752.3 ms] start read_matrix_market: ./data/first100/bcsstm26.mtx
[dbg     753.0 ms] read done: 1922 x 1922, nnz=1922
[dbg     753.1 ms] [cut] start
[dbg     761.3 ms] [cut] h2d
[dbg     783.5 ms] [cut] transpose
[dbg     783.6 ms] cusparse: workEstimation begin
[dbg     787.9 ms] [cut] workest (buf1=24127 B)
[dbg     787.9 ms] cusparse: compute begin
[dbg     789.3 ms] [cut] compute (buf2=75583 B)
[dbg     789.3 ms] cusparse: C size = 1922 x 1922, nnz=1922
[dbg     789.3 ms] cusparse: copy begin
[dbg     789.6 ms] [cut] copy
[dbg     789.6 ms] [cut] pack
[dbg     791.5 ms] [cut] d2h
[dbg     792.3 ms] [atto] start
[dbg     794.8 ms] [atto] csc
[dbg     794.9 ms] [atto] h2d
[dbg     795.1 ms] [atto] count
[dbg     795.5 ms] [atto] scan
[dbg     795.7 ms] [atto] expand
[dbg     796.4 ms] [atto] sort
[dbg     796.8 ms] [atto] reduce
[dbg     797.4 ms] [atto] final
[dbg     797.4 ms] [atto] pack
[dbg     798.8 ms] [atto] d2h
[dbg     799.3 ms] [attg] start
[dbg     799.9 ms] [attg] csc
[dbg     799.9 ms] [attg] h2d
[dbg     800.2 ms] [attg] count
[dbg     800.5 ms] [attg] scan
[dbg     800.8 ms] [attg] expand
[dbg     801.8 ms] [attg] compact
[dbg     802.4 ms] [attg] sort
[dbg     802.4 ms] [attg] reduce
[dbg     802.5 ms] [attg] final
[dbg     802.5 ms] [attg] pack
[dbg     803.6 ms] [attg] d2h
[dbg     804.0 ms] [attc] start
[dbg     804.6 ms] [attc] csc
[dbg     804.6 ms] [attc] h2d
[dbg     804.9 ms] [attc] count
[dbg     805.0 ms] [attc] scan
[dbg     805.0 ms] [attc] expand
[dbg     805.1 ms] [attc] compact
[dbg     805.1 ms] [attc] sort
[dbg     805.2 ms] [attc] reduce
[dbg     805.2 ms] [attc] final
[dbg     805.3 ms] [attc] pack
[dbg     806.2 ms] [attc] d2h
[dbg     806.6 ms] [atti] start
[dbg     806.9 ms] [atti] csc
[dbg     806.9 ms] [atti] h2d
[dbg     806.9 ms] [atti] count
[dbg     807.0 ms] [atti] scan
[dbg     807.0 ms] [atti] expand
[dbg     807.1 ms] [atti] compact
[dbg     807.1 ms] [atti] sort
[dbg     807.2 ms] [atti] reduce
[dbg     807.2 ms] [atti] final
[dbg     807.2 ms] [atti] symbolic
[dbg     807.3 ms] [atti] numeric
[dbg     807.3 ms] [atti] pack
[dbg     808.2 ms] [atti] d2h
[dbg     808.6 ms] [cut] start
[dbg     808.7 ms] [cut] h2d
[dbg     809.0 ms] [cut] transpose
[dbg     809.0 ms] cusparse: workEstimation begin
[dbg     809.1 ms] [cut] workest (buf1=24127 B)
[dbg     809.1 ms] cusparse: compute begin
[dbg     809.3 ms] [cut] compute (buf2=75583 B)
[dbg     809.3 ms] cusparse: C size = 1922 x 1922, nnz=1922
[dbg     809.3 ms] cusparse: copy begin
[dbg     809.3 ms] [cut] copy
[dbg     809.3 ms] [cut] pack
[dbg     810.2 ms] [cut] d2h
[dbg     810.7 ms] [atto] start
[dbg     811.0 ms] [atto] csc
[dbg     811.0 ms] [atto] h2d
[dbg     811.0 ms] [atto] count
[dbg     811.0 ms] [atto] scan
[dbg     811.1 ms] [atto] expand
[dbg     811.1 ms] [atto] sort
[dbg     811.2 ms] [atto] reduce
[dbg     811.2 ms] [atto] final
[dbg     811.2 ms] [atto] pack
[dbg     812.1 ms] [atto] d2h
[dbg     812.6 ms] [attg] start
[dbg     812.9 ms] [attg] csc
[dbg     812.9 ms] [attg] h2d
[dbg     812.9 ms] [attg] count
[dbg     813.0 ms] [attg] scan
[dbg     813.0 ms] [attg] expand
[dbg     813.1 ms] [attg] compact
[dbg     813.1 ms] [attg] sort
[dbg     813.2 ms] [attg] reduce
[dbg     813.2 ms] [attg] final
[dbg     813.3 ms] [attg] pack
[dbg     814.1 ms] [attg] d2h
[dbg     814.6 ms] [attc] start
[dbg     814.8 ms] [attc] csc
[dbg     814.8 ms] [attc] h2d
[dbg     814.8 ms] [attc] count
[dbg     814.9 ms] [attc] scan
[dbg     814.9 ms] [attc] expand
[dbg     815.0 ms] [attc] compact
[dbg     815.0 ms] [attc] sort
[dbg     815.1 ms] [attc] reduce
[dbg     815.1 ms] [attc] final
[dbg     815.1 ms] [attc] pack
[dbg     816.0 ms] [attc] d2h
[dbg     816.4 ms] [atti] start
[dbg     816.6 ms] [atti] csc
[dbg     816.6 ms] [atti] h2d
[dbg     816.6 ms] [atti] count
[dbg     816.7 ms] [atti] scan
[dbg     816.7 ms] [atti] expand
[dbg     816.8 ms] [atti] compact
[dbg     816.8 ms] [atti] sort
[dbg     816.9 ms] [atti] reduce
[dbg     816.9 ms] [atti] final
[dbg     816.9 ms] [atti] symbolic
[dbg     816.9 ms] [atti] numeric
[dbg     817.0 ms] [atti] pack
[dbg     817.8 ms] [atti] d2h
Reading matrix from ./data/first100/bcsstm26.mtx...
Input A: 1922 x 1922, nnz = 1922, sparsity = 99.95%
===============WARMING UP (att)===============
=== Computing C = A x A^T (cuSPARSE) ===
Result C (A·Aᵀ 全量): 1922 x 1922, nnz = 1922
Time: 1.749 ms

=== Computing C = A x A^T upper (outer) ===
Result C (A·Aᵀ 上三角): 1922 x 1922, nnz = 1922
Time: 1.634 ms

=== Computing C = A x A^T upper (Gustavson) ===
Result C (A·Aᵀ 上三角): 1922 x 1922, nnz = 1922
Time: 1.681 ms

=== Computing C = A x A^T upper (colwise) ===
Result C (A·Aᵀ 上三角): 1922 x 1922, nnz = 1922
Time: 1.512 ms

=== Computing C = A x A^T upper (inner) ===
Result C (A·Aᵀ 上三角): 1922 x 1922, nnz = 1922
Time: 1.543 ms

=== All att tests completed ===
Processing bcsstm27 (att) ... (max 600s)
[dbg       0.0 ms] main entry, initializing CUDA context...
[dbg     570.3 ms] CUDA context ready
[dbg     570.5 ms] start read_matrix_market: ./data/first100/bcsstm27.mtx
[dbg     579.6 ms] read done: 1224 x 1224, nnz=56126
[dbg     579.6 ms] [cut] start
[dbg     587.8 ms] [cut] h2d
[dbg     610.9 ms] [cut] transpose
[dbg     611.2 ms] cusparse: workEstimation begin
[dbg     615.7 ms] [cut] workest (buf1=675343 B)
[dbg     615.7 ms] cusparse: compute begin
[dbg     617.6 ms] [cut] compute (buf2=64645575 B)
[dbg     617.6 ms] cusparse: C size = 1224 x 1224, nnz=138106
[dbg     617.8 ms] cusparse: copy begin
[dbg     617.9 ms] [cut] copy
[dbg     618.1 ms] [cut] pack
[dbg     620.0 ms] [cut] d2h
[dbg     620.7 ms] [atto] start
[dbg     623.0 ms] [atto] csc
[dbg     623.0 ms] [atto] h2d
[dbg     623.0 ms] [atto] count
[dbg     623.6 ms] [atto] scan
[dbg     623.8 ms] [atto] expand
[dbg     624.5 ms] [atto] sort
[dbg     624.9 ms] [atto] reduce
[dbg     625.2 ms] [atto] final
[dbg     625.2 ms] [atto] pack
[dbg     626.6 ms] [atto] d2h
[dbg     627.3 ms] [attg] start
[dbg     627.9 ms] [attg] csc
[dbg     627.9 ms] [attg] h2d
[dbg     628.0 ms] [attg] count
[dbg     628.3 ms] [attg] scan
[dbg     628.4 ms] [attg] expand
[dbg     628.9 ms] [attg] compact
[dbg     629.3 ms] [attg] sort
[dbg     629.5 ms] [attg] reduce
[dbg     629.7 ms] [attg] final
[dbg     629.7 ms] [attg] pack
[dbg     631.0 ms] [attg] d2h
[dbg     631.6 ms] [attc] start
[dbg     632.0 ms] [attc] csc
[dbg     632.0 ms] [attc] h2d
[dbg     632.0 ms] [attc] count
[dbg     632.3 ms] [attc] scan
[dbg     632.4 ms] [attc] expand
[dbg     632.8 ms] [attc] compact
[dbg     633.2 ms] [attc] sort
[dbg     633.4 ms] [attc] reduce
[dbg     633.6 ms] [attc] final
[dbg     633.7 ms] [attc] pack
[dbg     634.9 ms] [attc] d2h
[dbg     635.4 ms] [atti] start
[dbg     635.8 ms] [atti] csc
[dbg     635.8 ms] [atti] h2d
[dbg     635.8 ms] [atti] count
[dbg     636.1 ms] [atti] scan
[dbg     636.1 ms] [atti] expand
[dbg     636.5 ms] [atti] compact
[dbg     636.9 ms] [atti] sort
[dbg     637.1 ms] [atti] reduce
[dbg     637.3 ms] [atti] final
[dbg     637.3 ms] [atti] symbolic
[dbg     637.4 ms] [atti] numeric
[dbg     637.4 ms] [atti] pack
[dbg     638.5 ms] [atti] d2h
[dbg     639.1 ms] [cut] start
[dbg     639.3 ms] [cut] h2d
[dbg     639.5 ms] [cut] transpose
[dbg     639.6 ms] cusparse: workEstimation begin
[dbg     639.6 ms] [cut] workest (buf1=675343 B)
[dbg     639.6 ms] cusparse: compute begin
[dbg     640.3 ms] [cut] compute (buf2=64645575 B)
[dbg     640.3 ms] cusparse: C size = 1224 x 1224, nnz=138106
[dbg     640.4 ms] cusparse: copy begin
[dbg     640.4 ms] [cut] copy
[dbg     640.5 ms] [cut] pack
[dbg     641.9 ms] [cut] d2h
[dbg     642.4 ms] [atto] start
[dbg     642.7 ms] [atto] csc
[dbg     642.7 ms] [atto] h2d
[dbg     642.7 ms] [atto] count
[dbg     643.0 ms] [atto] scan
[dbg     643.0 ms] [atto] expand
[dbg     643.4 ms] [atto] sort
[dbg     643.6 ms] [atto] reduce
[dbg     643.8 ms] [atto] final
[dbg     643.9 ms] [atto] pack
[dbg     645.0 ms] [atto] d2h
[dbg     645.5 ms] [attg] start
[dbg     645.9 ms] [attg] csc
[dbg     645.9 ms] [attg] h2d
[dbg     645.9 ms] [attg] count
[dbg     646.2 ms] [attg] scan
[dbg     646.2 ms] [attg] expand
[dbg     646.6 ms] [attg] compact
[dbg     647.0 ms] [attg] sort
[dbg     647.2 ms] [attg] reduce
[dbg     647.4 ms] [attg] final
[dbg     647.4 ms] [attg] pack
[dbg     648.5 ms] [attg] d2h
[dbg     649.1 ms] [attc] start
[dbg     649.4 ms] [attc] csc
[dbg     649.4 ms] [attc] h2d
[dbg     649.4 ms] [attc] count
[dbg     649.7 ms] [attc] scan
[dbg     649.8 ms] [attc] expand
[dbg     650.2 ms] [attc] compact
[dbg     650.6 ms] [attc] sort
[dbg     650.8 ms] [attc] reduce
[dbg     651.0 ms] [attc] final
[dbg     651.0 ms] [attc] pack
[dbg     652.1 ms] [attc] d2h
[dbg     652.7 ms] [atti] start
[dbg     653.0 ms] [atti] csc
[dbg     653.0 ms] [atti] h2d
[dbg     653.0 ms] [atti] count
[dbg     658.0 ms] [atti] scan
[dbg     658.1 ms] [atti] expand
[dbg     667.7 ms] [atti] compact
[dbg     668.1 ms] [atti] sort
[dbg     668.3 ms] [atti] reduce
[dbg     668.5 ms] [atti] final
[dbg     668.5 ms] [atti] symbolic
[dbg     668.6 ms] [atti] numeric
[dbg     668.6 ms] [atti] pack
[dbg     669.6 ms] [atti] d2h
Reading matrix from ./data/first100/bcsstm27.mtx...
Input A: 1224 x 1224, nnz = 56126, sparsity = 96.25%
===============WARMING UP (att)===============
=== Computing C = A x A^T (cuSPARSE) ===
Result C (A·Aᵀ 全量): 1224 x 1224, nnz = 138106
Time: 2.939 ms

=== Computing C = A x A^T upper (outer) ===
Result C (A·Aᵀ 上三角): 1224 x 1224, nnz = 69665
Time: 2.905 ms

=== Computing C = A x A^T upper (Gustavson) ===
Result C (A·Aᵀ 上三角): 1224 x 1224, nnz = 69665
Time: 3.282 ms

=== Computing C = A x A^T upper (colwise) ===
Result C (A·Aᵀ 上三角): 1224 x 1224, nnz = 69665
Time: 3.263 ms

=== Computing C = A x A^T upper (inner) ===
Result C (A·Aᵀ 上三角): 1224 x 1224, nnz = 69665
Time: 20.173 ms

=== All att tests completed ===
Processing blckhole (att) ... (max 600s)
[dbg       0.0 ms] main entry, initializing CUDA context...
[dbg     584.8 ms] CUDA context ready
[dbg     585.0 ms] start read_matrix_market: ./data/first100/blckhole.mtx
[dbg     586.4 ms] read done: 2132 x 2132, nnz=14872
[dbg     586.4 ms] [cut] start
[dbg     594.8 ms] [cut] h2d
[dbg     618.0 ms] [cut] transpose
[dbg     618.3 ms] cusparse: workEstimation begin
[dbg     623.0 ms] [cut] workest (buf1=179783 B)
[dbg     623.0 ms] cusparse: compute begin
[dbg     625.2 ms] [cut] compute (buf2=2559567 B)
[dbg     625.2 ms] cusparse: C size = 2132 x 2132, nnz=41546
[dbg     625.3 ms] cusparse: copy begin
[dbg     625.4 ms] [cut] copy
[dbg     625.4 ms] [cut] pack
[dbg     627.2 ms] [cut] d2h
[dbg     627.7 ms] [atto] start
[dbg     629.9 ms] [atto] csc
[dbg     629.9 ms] [atto] h2d
[dbg     629.9 ms] [atto] count
[dbg     630.0 ms] [atto] scan
[dbg     630.0 ms] [atto] expand
[dbg     630.5 ms] [atto] sort
[dbg     630.9 ms] [atto] reduce
[dbg     631.5 ms] [atto] final
[dbg     631.5 ms] [atto] pack
[dbg     632.9 ms] [atto] d2h
[dbg     633.5 ms] [attg] start
[dbg     634.1 ms] [attg] csc
[dbg     634.1 ms] [attg] h2d
[dbg     634.4 ms] [attg] count
[dbg     634.7 ms] [attg] scan
[dbg     635.0 ms] [attg] expand
[dbg     636.0 ms] [attg] compact
[dbg     636.4 ms] [attg] sort
[dbg     636.6 ms] [attg] reduce
[dbg     637.2 ms] [attg] final
[dbg     637.3 ms] [attg] pack
[dbg     638.5 ms] [attg] d2h
[dbg     638.9 ms] [attc] start
[dbg     639.1 ms] [attc] csc
[dbg     639.2 ms] [attc] h2d
[dbg     639.2 ms] [attc] count
[dbg     639.2 ms] [attc] scan
[dbg     639.3 ms] [attc] expand
[dbg     639.6 ms] [attc] compact
[dbg     639.8 ms] [attc] sort
[dbg     639.9 ms] [attc] reduce
[dbg     640.0 ms] [attc] final
[dbg     640.0 ms] [attc] pack
[dbg     641.1 ms] [attc] d2h
[dbg     641.6 ms] [atti] start
[dbg     641.8 ms] [atti] csc
[dbg     641.8 ms] [atti] h2d
[dbg     641.8 ms] [atti] count
[dbg     641.8 ms] [atti] scan
[dbg     641.9 ms] [atti] expand
[dbg     642.1 ms] [atti] compact
[dbg     642.4 ms] [atti] sort
[dbg     642.5 ms] [atti] reduce
[dbg     642.5 ms] [atti] final
[dbg     642.6 ms] [atti] symbolic
[dbg     642.6 ms] [atti] numeric
[dbg     642.6 ms] [atti] pack
[dbg     643.6 ms] [atti] d2h
[dbg     644.0 ms] [cut] start
[dbg     644.2 ms] [cut] h2d
[dbg     644.3 ms] [cut] transpose
[dbg     644.4 ms] cusparse: workEstimation begin
[dbg     644.4 ms] [cut] workest (buf1=179783 B)
[dbg     644.4 ms] cusparse: compute begin
[dbg     644.7 ms] [cut] compute (buf2=2559567 B)
[dbg     644.7 ms] cusparse: C size = 2132 x 2132, nnz=41546
[dbg     644.7 ms] cusparse: copy begin
[dbg     644.8 ms] [cut] copy
[dbg     644.8 ms] [cut] pack
[dbg     645.9 ms] [cut] d2h
[dbg     646.3 ms] [atto] start
[dbg     646.5 ms] [atto] csc
[dbg     646.5 ms] [atto] h2d
[dbg     646.5 ms] [atto] count
[dbg     646.6 ms] [atto] scan
[dbg     646.6 ms] [atto] expand
[dbg     646.7 ms] [atto] sort
[dbg     646.8 ms] [atto] reduce
[dbg     646.8 ms] [atto] final
[dbg     646.8 ms] [atto] pack
[dbg     647.7 ms] [atto] d2h
[dbg     648.2 ms] [attg] start
[dbg     648.4 ms] [attg] csc
[dbg     648.4 ms] [attg] h2d
[dbg     648.4 ms] [attg] count
[dbg     648.4 ms] [attg] scan
[dbg     648.5 ms] [attg] expand
[dbg     648.7 ms] [attg] compact
[dbg     649.0 ms] [attg] sort
[dbg     649.1 ms] [attg] reduce
[dbg     649.1 ms] [attg] final
[dbg     649.1 ms] [attg] pack
[dbg     650.0 ms] [attg] d2h
[dbg     650.5 ms] [attc] start
[dbg     650.7 ms] [attc] csc
[dbg     650.7 ms] [attc] h2d
[dbg     650.7 ms] [attc] count
[dbg     650.8 ms] [attc] scan
[dbg     650.8 ms] [attc] expand
[dbg     651.1 ms] [attc] compact
[dbg     651.3 ms] [attc] sort
[dbg     651.4 ms] [attc] reduce
[dbg     651.5 ms] [attc] final
[dbg     651.5 ms] [attc] pack
[dbg     652.4 ms] [attc] d2h
[dbg     652.8 ms] [atti] start
[dbg     653.0 ms] [atti] csc
[dbg     653.1 ms] [atti] h2d
[dbg     653.1 ms] [atti] count
[dbg     653.1 ms] [atti] scan
[dbg     653.1 ms] [atti] expand
[dbg     653.4 ms] [atti] compact
[dbg     653.7 ms] [atti] sort
[dbg     653.8 ms] [atti] reduce
[dbg     653.9 ms] [atti] final
[dbg     653.9 ms] [atti] symbolic
[dbg     653.9 ms] [atti] numeric
[dbg     653.9 ms] [atti] pack
[dbg     654.8 ms] [atti] d2h
Reading matrix from ./data/first100/blckhole.mtx...
Input A: 2132 x 2132, nnz = 14872, sparsity = 99.67%
===============WARMING UP (att)===============
=== Computing C = A x A^T (cuSPARSE) ===
Result C (A·Aᵀ 全量): 2132 x 2132, nnz = 41546
Time: 1.972 ms

=== Computing C = A x A^T upper (outer) ===
Result C (A·Aᵀ 上三角): 2132 x 2132, nnz = 21839
Time: 1.587 ms

=== Computing C = A x A^T upper (Gustavson) ===
Result C (A·Aᵀ 上三角): 2132 x 2132, nnz = 21839
Time: 2.014 ms

=== Computing C = A x A^T upper (colwise) ===
Result C (A·Aᵀ 上三角): 2132 x 2132, nnz = 21839
Time: 2.085 ms

=== Computing C = A x A^T upper (inner) ===
Result C (A·Aᵀ 上三角): 2132 x 2132, nnz = 21839
Time: 2.147 ms

=== All att tests completed ===
Processing bp_0 (att) ... (max 600s)
[dbg       0.0 ms] main entry, initializing CUDA context...
[dbg     571.4 ms] CUDA context ready
[dbg     571.5 ms] start read_matrix_market: ./data/first100/bp_0.mtx
[dbg     572.4 ms] read done: 822 x 822, nnz=3276
[dbg     572.4 ms] [cut] start
[dbg     584.6 ms] [cut] h2d
[dbg     602.6 ms] [cut] transpose
[dbg     602.7 ms] cusparse: workEstimation begin
[dbg     606.0 ms] [cut] workest (buf1=40375 B)
[dbg     606.0 ms] cusparse: compute begin
[dbg     606.6 ms] [cut] compute (buf2=531711 B)
[dbg     606.6 ms] cusparse: C size = 822 x 822, nnz=10552
[dbg     606.6 ms] cusparse: copy begin
[dbg     606.7 ms] [cut] copy
[dbg     606.7 ms] [cut] pack
[dbg     607.7 ms] [cut] d2h
[dbg     608.1 ms] [atto] start
[dbg     610.6 ms] [atto] csc
[dbg     610.6 ms] [atto] h2d
[dbg     610.6 ms] [atto] count
[dbg     610.6 ms] [atto] scan
[dbg     610.7 ms] [atto] expand
[dbg     610.9 ms] [atto] sort
[dbg     611.0 ms] [atto] reduce
[dbg     611.1 ms] [atto] final
[dbg     611.1 ms] [atto] pack
[dbg     612.1 ms] [atto] d2h
[dbg     612.5 ms] [attg] start
[dbg     613.2 ms] [attg] csc
[dbg     613.2 ms] [attg] h2d
[dbg     613.5 ms] [attg] count
[dbg     613.8 ms] [attg] scan
[dbg     614.1 ms] [attg] expand
[dbg     614.7 ms] [attg] compact
[dbg     615.2 ms] [attg] sort
[dbg     615.8 ms] [attg] reduce
[dbg     616.2 ms] [attg] final
[dbg     616.2 ms] [attg] pack
[dbg     617.0 ms] [attg] d2h
[dbg     617.4 ms] [attc] start
[dbg     617.8 ms] [attc] csc
[dbg     617.8 ms] [attc] h2d
[dbg     617.8 ms] [attc] count
[dbg     617.9 ms] [attc] scan
[dbg     617.9 ms] [attc] expand
[dbg     618.0 ms] [attc] compact
[dbg     618.1 ms] [attc] sort
[dbg     618.1 ms] [attc] reduce
[dbg     618.2 ms] [attc] final
[dbg     618.2 ms] [attc] pack
[dbg     618.9 ms] [attc] d2h
[dbg     619.3 ms] [atti] start
[dbg     620.1 ms] [atti] csc
[dbg     620.1 ms] [atti] h2d
[dbg     620.4 ms] [atti] count
[dbg     620.7 ms] [atti] scan
[dbg     621.0 ms] [atti] expand
[dbg     621.4 ms] [atti] compact
[dbg     621.5 ms] [atti] sort
[dbg     621.5 ms] [atti] reduce
[dbg     621.6 ms] [atti] final
[dbg     621.6 ms] [atti] symbolic
[dbg     621.7 ms] [atti] numeric
[dbg     621.7 ms] [atti] pack
[dbg     622.4 ms] [atti] d2h
[dbg     622.8 ms] [cut] start
[dbg     622.9 ms] [cut] h2d
[dbg     623.4 ms] [cut] transpose
[dbg     623.7 ms] cusparse: workEstimation begin
[dbg     624.0 ms] [cut] workest (buf1=40375 B)
[dbg     624.0 ms] cusparse: compute begin
[dbg     626.1 ms] [cut] compute (buf2=531711 B)
[dbg     626.1 ms] cusparse: C size = 822 x 822, nnz=10552
[dbg     626.1 ms] cusparse: copy begin
[dbg     626.4 ms] [cut] copy
[dbg     626.5 ms] [cut] pack
[dbg     627.5 ms] [cut] d2h
[dbg     627.9 ms] [atto] start
[dbg     628.6 ms] [atto] csc
[dbg     628.6 ms] [atto] h2d
[dbg     628.9 ms] [atto] count
[dbg     629.6 ms] [atto] scan
[dbg     629.6 ms] [atto] expand
[dbg     630.1 ms] [atto] sort
[dbg     630.4 ms] [atto] reduce
[dbg     631.0 ms] [atto] final
[dbg     631.0 ms] [atto] pack
[dbg     631.7 ms] [atto] d2h
[dbg     632.2 ms] [attg] start
[dbg     632.9 ms] [attg] csc
[dbg     632.9 ms] [attg] h2d
[dbg     633.2 ms] [attg] count
[dbg     633.6 ms] [attg] scan
[dbg     633.6 ms] [attg] expand
[dbg     634.6 ms] [attg] compact
[dbg     635.0 ms] [attg] sort
[dbg     635.3 ms] [attg] reduce
[dbg     635.9 ms] [attg] final
[dbg     636.0 ms] [attg] pack
[dbg     636.7 ms] [attg] d2h
[dbg     637.2 ms] [attc] start
[dbg     638.1 ms] [attc] csc
[dbg     638.1 ms] [attc] h2d
[dbg     638.4 ms] [attc] count
[dbg     638.7 ms] [attc] scan
[dbg     638.7 ms] [attc] expand
[dbg     639.7 ms] [attc] compact
[dbg     640.1 ms] [attc] sort
[dbg     640.5 ms] [attc] reduce
[dbg     641.1 ms] [attc] final
[dbg     641.1 ms] [attc] pack
[dbg     641.8 ms] [attc] d2h
[dbg     642.3 ms] [atti] start
[dbg     642.6 ms] [atti] csc
[dbg     642.6 ms] [atti] h2d
[dbg     642.9 ms] [atti] count
[dbg     643.2 ms] [atti] scan
[dbg     643.5 ms] [atti] expand
[dbg     644.2 ms] [atti] compact
[dbg     644.9 ms] [atti] sort
[dbg     645.3 ms] [atti] reduce
[dbg     645.9 ms] [atti] final
[dbg     645.9 ms] [atti] symbolic
[dbg     646.3 ms] [atti] numeric
[dbg     646.3 ms] [atti] pack
[dbg     647.1 ms] [atti] d2h
Reading matrix from ./data/first100/bp_0.mtx...
Input A: 822 x 822, nnz = 3276, sparsity = 99.52%
===============WARMING UP (att)===============
=== Computing C = A x A^T (cuSPARSE) ===
Result C (A·Aᵀ 全量): 822 x 822, nnz = 10552
Time: 4.834 ms

=== Computing C = A x A^T upper (outer) ===
Result C (A·Aᵀ 上三角): 822 x 822, nnz = 5687
Time: 4.010 ms

=== Computing C = A x A^T upper (Gustavson) ===
Result C (A·Aᵀ 上三角): 822 x 822, nnz = 5687
Time: 4.753 ms

=== Computing C = A x A^T upper (colwise) ===
Result C (A·Aᵀ 上三角): 822 x 822, nnz = 5687
Time: 4.755 ms

=== Computing C = A x A^T upper (inner) ===
Result C (A·Aᵀ 上三角): 822 x 822, nnz = 5687
Time: 5.039 ms

=== All att tests completed ===
Processing bp_1000 (att) ... (max 600s)
[dbg       0.0 ms] main entry, initializing CUDA context...
[dbg     572.3 ms] CUDA context ready
[dbg     572.5 ms] start read_matrix_market: ./data/first100/bp_1000.mtx
[dbg     573.7 ms] read done: 822 x 822, nnz=4661
[dbg     573.7 ms] [cut] start
[dbg     581.5 ms] [cut] h2d
[dbg     601.4 ms] [cut] transpose
[dbg     601.8 ms] cusparse: workEstimation begin
[dbg     605.8 ms] [cut] workest (buf1=56995 B)
[dbg     605.8 ms] cusparse: compute begin
[dbg     607.9 ms] [cut] compute (buf2=985191 B)
[dbg     607.9 ms] cusparse: C size = 822 x 822, nnz=16620
[dbg     607.9 ms] cusparse: copy begin
[dbg     608.3 ms] [cut] copy
[dbg     608.3 ms] [cut] pack
[dbg     610.1 ms] [cut] d2h
[dbg     610.5 ms] [atto] start
[dbg     613.3 ms] [atto] csc
[dbg     613.4 ms] [atto] h2d
[dbg     613.6 ms] [atto] count
[dbg     614.0 ms] [atto] scan
[dbg     614.2 ms] [atto] expand
[dbg     614.7 ms] [atto] sort
[dbg     615.1 ms] [atto] reduce
[dbg     615.7 ms] [atto] final
[dbg     615.7 ms] [atto] pack
[dbg     617.0 ms] [atto] d2h
[dbg     617.5 ms] [attg] start
[dbg     618.3 ms] [attg] csc
[dbg     618.3 ms] [attg] h2d
[dbg     618.6 ms] [attg] count
[dbg     618.9 ms] [attg] scan
[dbg     619.2 ms] [attg] expand
[dbg     619.3 ms] [attg] compact
[dbg     619.5 ms] [attg] sort
[dbg     619.9 ms] [attg] reduce
[dbg     619.9 ms] [attg] final
[dbg     619.9 ms] [attg] pack
[dbg     621.0 ms] [attg] d2h
[dbg     621.4 ms] [attc] start
[dbg     621.9 ms] [attc] csc
[dbg     621.9 ms] [attc] h2d
[dbg     622.0 ms] [attc] count
[dbg     622.0 ms] [attc] scan
[dbg     622.1 ms] [attc] expand
[dbg     622.1 ms] [attc] compact
[dbg     622.3 ms] [attc] sort
[dbg     622.6 ms] [attc] reduce
[dbg     623.2 ms] [attc] final
[dbg     623.2 ms] [attc] pack
[dbg     624.3 ms] [attc] d2h
[dbg     624.9 ms] [atti] start
[dbg     625.6 ms] [atti] csc
[dbg     625.6 ms] [atti] h2d
[dbg     625.9 ms] [atti] count
[dbg     626.0 ms] [atti] scan
[dbg     626.0 ms] [atti] expand
[dbg     626.1 ms] [atti] compact
[dbg     626.2 ms] [atti] sort
[dbg     626.2 ms] [atti] reduce
[dbg     626.3 ms] [atti] final
[dbg     626.3 ms] [atti] symbolic
[dbg     626.4 ms] [atti] numeric
[dbg     626.4 ms] [atti] pack
[dbg     627.4 ms] [atti] d2h
[dbg     627.8 ms] [cut] start
[dbg     628.0 ms] [cut] h2d
[dbg     628.1 ms] [cut] transpose
[dbg     628.1 ms] cusparse: workEstimation begin
[dbg     628.2 ms] [cut] workest (buf1=56995 B)
[dbg     628.2 ms] cusparse: compute begin
[dbg     628.4 ms] [cut] compute (buf2=985191 B)
[dbg     628.4 ms] cusparse: C size = 822 x 822, nnz=16620
[dbg     628.4 ms] cusparse: copy begin
[dbg     628.5 ms] [cut] copy
[dbg     628.5 ms] [cut] pack
[dbg     629.7 ms] [cut] d2h
[dbg     630.1 ms] [atto] start
[dbg     630.4 ms] [atto] csc
[dbg     630.5 ms] [atto] h2d
[dbg     630.5 ms] [atto] count
[dbg     630.5 ms] [atto] scan
[dbg     630.5 ms] [atto] expand
[dbg     630.7 ms] [atto] sort
[dbg     630.7 ms] [atto] reduce
[dbg     630.8 ms] [atto] final
[dbg     630.8 ms] [atto] pack
[dbg     631.7 ms] [atto] d2h
[dbg     632.1 ms] [attg] start
[dbg     632.9 ms] [attg] csc
[dbg     632.9 ms] [attg] h2d
[dbg     633.2 ms] [attg] count
[dbg     633.5 ms] [attg] scan
[dbg     633.8 ms] [attg] expand
[dbg     633.9 ms] [attg] compact
[dbg     634.0 ms] [attg] sort
[dbg     634.1 ms] [attg] reduce
[dbg     634.1 ms] [attg] final
[dbg     634.2 ms] [attg] pack
[dbg     635.0 ms] [attg] d2h
[dbg     635.4 ms] [attc] start
[dbg     635.7 ms] [attc] csc
[dbg     635.7 ms] [attc] h2d
[dbg     635.7 ms] [attc] count
[dbg     635.8 ms] [attc] scan
[dbg     635.8 ms] [attc] expand
[dbg     635.9 ms] [attc] compact
[dbg     636.0 ms] [attc] sort
[dbg     636.1 ms] [attc] reduce
[dbg     636.1 ms] [attc] final
[dbg     636.1 ms] [attc] pack
[dbg     637.0 ms] [attc] d2h
[dbg     637.7 ms] [atti] start
[dbg     638.0 ms] [atti] csc
[dbg     638.0 ms] [atti] h2d
[dbg     638.1 ms] [atti] count
[dbg     638.1 ms] [atti] scan
[dbg     638.2 ms] [atti] expand
[dbg     638.3 ms] [atti] compact
[dbg     638.4 ms] [atti] sort
[dbg     638.5 ms] [atti] reduce
[dbg     638.5 ms] [atti] final
[dbg     638.5 ms] [atti] symbolic
[dbg     638.6 ms] [atti] numeric
[dbg     638.7 ms] [atti] pack
[dbg     639.7 ms] [atti] d2h
Reading matrix from ./data/first100/bp_1000.mtx...
Input A: 822 x 822, nnz = 4661, sparsity = 99.31%
===============WARMING UP (att)===============
=== Computing C = A x A^T (cuSPARSE) ===
Result C (A·Aᵀ 全量): 822 x 822, nnz = 16620
Time: 1.910 ms

=== Computing C = A x A^T upper (outer) ===
Result C (A·Aᵀ 上三角): 822 x 822, nnz = 8721
Time: 1.721 ms

=== Computing C = A x A^T upper (Gustavson) ===
Result C (A·Aᵀ 上三角): 822 x 822, nnz = 8721
Time: 3.009 ms

=== Computing C = A x A^T upper (colwise) ===
Result C (A·Aᵀ 上三角): 822 x 822, nnz = 8721
Time: 1.794 ms

=== Computing C = A x A^T upper (inner) ===
Result C (A·Aᵀ 上三角): 822 x 822, nnz = 8721
Time: 2.180 ms

=== All att tests completed ===
Processing bp_1200 (att) ... (max 600s)
[dbg       0.0 ms] main entry, initializing CUDA context...
[dbg     702.6 ms] CUDA context ready
[dbg     702.7 ms] start read_matrix_market: ./data/first100/bp_1200.mtx
[dbg     703.9 ms] read done: 822 x 822, nnz=4726
[dbg     703.9 ms] [cut] start
[dbg     713.9 ms] [cut] h2d
[dbg     738.4 ms] [cut] transpose
[dbg     738.5 ms] cusparse: workEstimation begin
[dbg     742.6 ms] [cut] workest (buf1=57775 B)
[dbg     742.6 ms] cusparse: compute begin
[dbg     743.4 ms] [cut] compute (buf2=996447 B)
[dbg     743.4 ms] cusparse: C size = 822 x 822, nnz=16546
[dbg     743.4 ms] cusparse: copy begin
[dbg     743.5 ms] [cut] copy
[dbg     743.6 ms] [cut] pack
[dbg     745.0 ms] [cut] d2h
[dbg     745.5 ms] [atto] start
[dbg     748.3 ms] [atto] csc
[dbg     748.3 ms] [atto] h2d
[dbg     748.6 ms] [atto] count
[dbg     748.9 ms] [atto] scan
[dbg     749.2 ms] [atto] expand
[dbg     749.6 ms] [atto] sort
[dbg     750.0 ms] [atto] reduce
[dbg     750.6 ms] [atto] final
[dbg     750.6 ms] [atto] pack
[dbg     752.0 ms] [atto] d2h
[dbg     752.5 ms] [attg] start
[dbg     752.8 ms] [attg] csc
[dbg     752.8 ms] [attg] h2d
[dbg     753.1 ms] [attg] count
[dbg     753.2 ms] [attg] scan
[dbg     753.2 ms] [attg] expand
[dbg     753.3 ms] [attg] compact
[dbg     753.5 ms] [attg] sort
[dbg     753.5 ms] [attg] reduce
[dbg     753.5 ms] [attg] final
[dbg     753.6 ms] [attg] pack
[dbg     754.6 ms] [attg] d2h
[dbg     755.0 ms] [attc] start
[dbg     755.6 ms] [attc] csc
[dbg     755.6 ms] [attc] h2d
[dbg     755.9 ms] [attc] count
[dbg     756.3 ms] [attc] scan
[dbg     756.5 ms] [attc] expand
[dbg     756.6 ms] [attc] compact
[dbg     756.7 ms] [attc] sort
[dbg     756.8 ms] [attc] reduce
[dbg     756.8 ms] [attc] final
[dbg     756.8 ms] [attc] pack
[dbg     757.7 ms] [attc] d2h
[dbg     758.1 ms] [atti] start
[dbg     758.6 ms] [atti] csc
[dbg     758.6 ms] [atti] h2d
[dbg     758.6 ms] [atti] count
[dbg     758.7 ms] [atti] scan
[dbg     758.7 ms] [atti] expand
[dbg     758.8 ms] [atti] compact
[dbg     758.9 ms] [atti] sort
[dbg     758.9 ms] [atti] reduce
[dbg     759.0 ms] [atti] final
[dbg     759.0 ms] [atti] symbolic
[dbg     759.1 ms] [atti] numeric
[dbg     759.2 ms] [atti] pack
[dbg     760.0 ms] [atti] d2h
[dbg     760.4 ms] [cut] start
[dbg     760.5 ms] [cut] h2d
[dbg     760.7 ms] [cut] transpose
[dbg     760.8 ms] cusparse: workEstimation begin
[dbg     760.8 ms] [cut] workest (buf1=57775 B)
[dbg     760.8 ms] cusparse: compute begin
[dbg     761.0 ms] [cut] compute (buf2=996447 B)
[dbg     761.0 ms] cusparse: C size = 822 x 822, nnz=16546
[dbg     761.0 ms] cusparse: copy begin
[dbg     761.0 ms] [cut] copy
[dbg     761.1 ms] [cut] pack
[dbg     762.0 ms] [cut] d2h
[dbg     762.4 ms] [atto] start
[dbg     763.1 ms] [atto] csc
[dbg     763.1 ms] [atto] h2d
[dbg     763.4 ms] [atto] count
[dbg     763.7 ms] [atto] scan
[dbg     764.1 ms] [atto] expand
[dbg     764.5 ms] [atto] sort
[dbg     764.8 ms] [atto] reduce
[dbg     765.4 ms] [atto] final
[dbg     765.4 ms] [atto] pack
[dbg     766.2 ms] [atto] d2h
[dbg     766.7 ms] [attg] start
[dbg     767.4 ms] [attg] csc
[dbg     767.4 ms] [attg] h2d
[dbg     767.7 ms] [attg] count
[dbg     768.0 ms] [attg] scan
[dbg     768.4 ms] [attg] expand
[dbg     769.3 ms] [attg] compact
[dbg     769.7 ms] [attg] sort
[dbg     770.1 ms] [attg] reduce
[dbg     770.1 ms] [attg] final
[dbg     770.1 ms] [attg] pack
[dbg     771.0 ms] [attg] d2h
[dbg     771.3 ms] [attc] start
[dbg     772.0 ms] [attc] csc
[dbg     772.0 ms] [attc] h2d
[dbg     772.3 ms] [attc] count
[dbg     772.4 ms] [attc] scan
[dbg     772.4 ms] [attc] expand
[dbg     772.5 ms] [attc] compact
[dbg     772.6 ms] [attc] sort
[dbg     772.7 ms] [attc] reduce
[dbg     772.7 ms] [attc] final
[dbg     772.7 ms] [attc] pack
[dbg     773.5 ms] [attc] d2h
[dbg     773.9 ms] [atti] start
[dbg     774.3 ms] [atti] csc
[dbg     774.3 ms] [atti] h2d
[dbg     774.3 ms] [atti] count
[dbg     774.4 ms] [atti] scan
[dbg     774.4 ms] [atti] expand
[dbg     774.5 ms] [atti] compact
[dbg     774.6 ms] [atti] sort
[dbg     774.6 ms] [atti] reduce
[dbg     774.7 ms] [atti] final
[dbg     774.7 ms] [atti] symbolic
[dbg     774.8 ms] [atti] numeric
[dbg     774.8 ms] [atti] pack
[dbg     775.7 ms] [atti] d2h
Reading matrix from ./data/first100/bp_1200.mtx...
Input A: 822 x 822, nnz = 4726, sparsity = 99.30%
===============WARMING UP (att)===============
=== Computing C = A x A^T (cuSPARSE) ===
Result C (A·Aᵀ 全量): 822 x 822, nnz = 16546
Time: 1.716 ms

=== Computing C = A x A^T upper (outer) ===
Result C (A·Aᵀ 上三角): 822 x 822, nnz = 8684
Time: 3.998 ms

=== Computing C = A x A^T upper (Gustavson) ===
Result C (A·Aᵀ 上三角): 822 x 822, nnz = 8684
Time: 4.405 ms

=== Computing C = A x A^T upper (colwise) ===
Result C (A·Aᵀ 上三角): 822 x 822, nnz = 8684
Time: 2.295 ms

=== Computing C = A x A^T upper (inner) ===
Result C (A·Aᵀ 上三角): 822 x 822, nnz = 8684
Time: 1.875 ms

=== All att tests completed ===
Processing bp_1400 (att) ... (max 600s)
[dbg       0.0 ms] main entry, initializing CUDA context...
[dbg     583.3 ms] CUDA context ready
[dbg     583.4 ms] start read_matrix_market: ./data/first100/bp_1400.mtx
[dbg     584.7 ms] read done: 822 x 822, nnz=4790
[dbg     584.7 ms] [cut] start
[dbg     593.3 ms] [cut] h2d
[dbg     616.0 ms] [cut] transpose
[dbg     616.4 ms] cusparse: workEstimation begin
[dbg     620.3 ms] [cut] workest (buf1=58543 B)
[dbg     620.3 ms] cusparse: compute begin
[dbg     622.8 ms] [cut] compute (buf2=1033071 B)
[dbg     622.8 ms] cusparse: C size = 822 x 822, nnz=16896
[dbg     622.8 ms] cusparse: copy begin
[dbg     623.1 ms] [cut] copy
[dbg     623.1 ms] [cut] pack
[dbg     625.0 ms] [cut] d2h
[dbg     625.6 ms] [atto] start
[dbg     628.5 ms] [atto] csc
[dbg     628.5 ms] [atto] h2d
[dbg     628.8 ms] [atto] count
[dbg     629.1 ms] [atto] scan
[dbg     629.4 ms] [atto] expand
[dbg     629.9 ms] [atto] sort
[dbg     630.3 ms] [atto] reduce
[dbg     630.8 ms] [atto] final
[dbg     630.9 ms] [atto] pack
[dbg     632.3 ms] [atto] d2h
[dbg     632.9 ms] [attg] start
[dbg     633.6 ms] [attg] csc
[dbg     633.6 ms] [attg] h2d
[dbg     633.9 ms] [attg] count
[dbg     634.2 ms] [attg] scan
[dbg     634.6 ms] [attg] expand
[dbg     635.5 ms] [attg] compact
[dbg     635.9 ms] [attg] sort
[dbg     635.9 ms] [attg] reduce
[dbg     636.0 ms] [attg] final
[dbg     636.0 ms] [attg] pack
[dbg     637.1 ms] [attg] d2h
[dbg     637.6 ms] [attc] start
[dbg     638.4 ms] [attc] csc
[dbg     638.4 ms] [attc] h2d
[dbg     638.4 ms] [attc] count
[dbg     638.5 ms] [attc] scan
[dbg     638.5 ms] [attc] expand
[dbg     638.6 ms] [attc] compact
[dbg     638.7 ms] [attc] sort
[dbg     638.7 ms] [attc] reduce
[dbg     638.8 ms] [attc] final
[dbg     638.8 ms] [attc] pack
[dbg     639.8 ms] [attc] d2h
[dbg     640.2 ms] [atti] start
[dbg     640.7 ms] [atti] csc
[dbg     640.7 ms] [atti] h2d
[dbg     640.7 ms] [atti] count
[dbg     640.7 ms] [atti] scan
[dbg     640.8 ms] [atti] expand
[dbg     640.9 ms] [atti] compact
[dbg     641.0 ms] [atti] sort
[dbg     641.0 ms] [atti] reduce
[dbg     641.1 ms] [atti] final
[dbg     641.1 ms] [atti] symbolic
[dbg     641.5 ms] [atti] numeric
[dbg     641.5 ms] [atti] pack
[dbg     642.5 ms] [atti] d2h
[dbg     642.9 ms] [cut] start
[dbg     643.0 ms] [cut] h2d
[dbg     643.3 ms] [cut] transpose
[dbg     643.3 ms] cusparse: workEstimation begin
[dbg     643.4 ms] [cut] workest (buf1=58543 B)
[dbg     643.4 ms] cusparse: compute begin
[dbg     643.6 ms] [cut] compute (buf2=1033071 B)
[dbg     643.6 ms] cusparse: C size = 822 x 822, nnz=16896
[dbg     643.6 ms] cusparse: copy begin
[dbg     643.6 ms] [cut] copy
[dbg     643.7 ms] [cut] pack
[dbg     644.6 ms] [cut] d2h
[dbg     645.0 ms] [atto] start
[dbg     645.6 ms] [atto] csc
[dbg     645.6 ms] [atto] h2d
[dbg     645.6 ms] [atto] count
[dbg     645.7 ms] [atto] scan
[dbg     645.7 ms] [atto] expand
[dbg     645.9 ms] [atto] sort
[dbg     645.9 ms] [atto] reduce
[dbg     646.6 ms] [atto] final
[dbg     646.6 ms] [atto] pack
[dbg     647.5 ms] [atto] d2h
[dbg     648.0 ms] [attg] start
[dbg     648.4 ms] [attg] csc
[dbg     648.4 ms] [attg] h2d
[dbg     648.5 ms] [attg] count
[dbg     648.5 ms] [attg] scan
[dbg     648.5 ms] [attg] expand
[dbg     648.6 ms] [attg] compact
[dbg     648.7 ms] [attg] sort
[dbg     648.8 ms] [attg] reduce
[dbg     648.8 ms] [attg] final
[dbg     648.9 ms] [attg] pack
[dbg     649.8 ms] [attg] d2h
[dbg     650.2 ms] [attc] start
[dbg     650.5 ms] [attc] csc
[dbg     650.6 ms] [attc] h2d
[dbg     650.6 ms] [attc] count
[dbg     650.6 ms] [attc] scan
[dbg     650.7 ms] [attc] expand
[dbg     650.7 ms] [attc] compact
[dbg     650.9 ms] [attc] sort
[dbg     650.9 ms] [attc] reduce
[dbg     651.0 ms] [attc] final
[dbg     651.0 ms] [attc] pack
[dbg     651.9 ms] [attc] d2h
[dbg     652.3 ms] [atti] start
[dbg     652.6 ms] [atti] csc
[dbg     652.6 ms] [atti] h2d
[dbg     652.7 ms] [atti] count
[dbg     652.7 ms] [atti] scan
[dbg     652.7 ms] [atti] expand
[dbg     652.8 ms] [atti] compact
[dbg     653.0 ms] [atti] sort
[dbg     653.0 ms] [atti] reduce
[dbg     653.0 ms] [atti] final
[dbg     653.0 ms] [atti] symbolic
[dbg     653.2 ms] [atti] numeric
[dbg     653.2 ms] [atti] pack
[dbg     654.1 ms] [atti] d2h
Reading matrix from ./data/first100/bp_1400.mtx...
Input A: 822 x 822, nnz = 4790, sparsity = 99.29%
===============WARMING UP (att)===============
=== Computing C = A x A^T (cuSPARSE) ===
Result C (A·Aᵀ 全量): 822 x 822, nnz = 16896
Time: 1.809 ms

=== Computing C = A x A^T upper (outer) ===
Result C (A·Aᵀ 上三角): 822 x 822, nnz = 8859
Time: 2.648 ms

=== Computing C = A x A^T upper (Gustavson) ===
Result C (A·Aᵀ 上三角): 822 x 822, nnz = 8859
Time: 1.955 ms

=== Computing C = A x A^T upper (colwise) ===
Result C (A·Aᵀ 上三角): 822 x 822, nnz = 8859
Time: 1.791 ms

=== Computing C = A x A^T upper (inner) ===
Result C (A·Aᵀ 上三角): 822 x 822, nnz = 8859
Time: 1.943 ms

=== All att tests completed ===
Processing bp_1600 (att) ... (max 600s)
[dbg       0.0 ms] main entry, initializing CUDA context...
[dbg     567.9 ms] CUDA context ready
[dbg     568.0 ms] start read_matrix_market: ./data/first100/bp_1600.mtx
[dbg     569.2 ms] read done: 822 x 822, nnz=4841
[dbg     569.3 ms] [cut] start
[dbg     577.0 ms] [cut] h2d
[dbg     599.9 ms] [cut] transpose
[dbg     600.3 ms] cusparse: workEstimation begin
[dbg     604.9 ms] [cut] workest (buf1=59155 B)
[dbg     604.9 ms] cusparse: compute begin
[dbg     607.3 ms] [cut] compute (buf2=1047207 B)
[dbg     607.3 ms] cusparse: C size = 822 x 822, nnz=17066
[dbg     607.3 ms] cusparse: copy begin
[dbg     607.6 ms] [cut] copy
[dbg     607.6 ms] [cut] pack
[dbg     609.3 ms] [cut] d2h
[dbg     609.8 ms] [atto] start
[dbg     612.5 ms] [atto] csc
[dbg     612.5 ms] [atto] h2d
[dbg     612.8 ms] [atto] count
[dbg     613.2 ms] [atto] scan
[dbg     613.5 ms] [atto] expand
[dbg     614.0 ms] [atto] sort
[dbg     614.3 ms] [atto] reduce
[dbg     615.0 ms] [atto] final
[dbg     615.0 ms] [atto] pack
[dbg     616.4 ms] [atto] d2h
[dbg     616.8 ms] [attg] start
[dbg     617.2 ms] [attg] csc
[dbg     617.2 ms] [attg] h2d
[dbg     617.3 ms] [attg] count
[dbg     617.3 ms] [attg] scan
[dbg     617.3 ms] [attg] expand
[dbg     617.5 ms] [attg] compact
[dbg     617.6 ms] [attg] sort
[dbg     617.7 ms] [attg] reduce
[dbg     617.7 ms] [attg] final
[dbg     617.7 ms] [attg] pack
[dbg     618.8 ms] [attg] d2h
[dbg     619.2 ms] [attc] start
[dbg     619.6 ms] [attc] csc
[dbg     619.6 ms] [attc] h2d
[dbg     619.7 ms] [attc] count
[dbg     619.7 ms] [attc] scan
[dbg     619.8 ms] [attc] expand
[dbg     619.9 ms] [attc] compact
[dbg     620.0 ms] [attc] sort
[dbg     620.0 ms] [attc] reduce
[dbg     620.1 ms] [attc] final
[dbg     620.1 ms] [attc] pack
[dbg     621.1 ms] [attc] d2h
[dbg     621.4 ms] [atti] start
[dbg     621.8 ms] [atti] csc
[dbg     621.8 ms] [atti] h2d
[dbg     621.9 ms] [atti] count
[dbg     621.9 ms] [atti] scan
[dbg     621.9 ms] [atti] expand
[dbg     622.0 ms] [atti] compact
[dbg     622.1 ms] [atti] sort
[dbg     622.2 ms] [atti] reduce
[dbg     622.2 ms] [atti] final
[dbg     622.2 ms] [atti] symbolic
[dbg     622.4 ms] [atti] numeric
[dbg     622.4 ms] [atti] pack
[dbg     623.3 ms] [atti] d2h
[dbg     623.7 ms] [cut] start
[dbg     623.8 ms] [cut] h2d
[dbg     624.0 ms] [cut] transpose
[dbg     624.0 ms] cusparse: workEstimation begin
[dbg     624.1 ms] [cut] workest (buf1=59155 B)
[dbg     624.1 ms] cusparse: compute begin
[dbg     624.3 ms] [cut] compute (buf2=1047207 B)
[dbg     624.3 ms] cusparse: C size = 822 x 822, nnz=17066
[dbg     624.3 ms] cusparse: copy begin
[dbg     624.3 ms] [cut] copy
[dbg     624.3 ms] [cut] pack
[dbg     625.2 ms] [cut] d2h
[dbg     625.6 ms] [atto] start
[dbg     625.9 ms] [atto] csc
[dbg     625.9 ms] [atto] h2d
[dbg     625.9 ms] [atto] count
[dbg     626.0 ms] [atto] scan
[dbg     626.0 ms] [atto] expand
[dbg     626.1 ms] [atto] sort
[dbg     626.2 ms] [atto] reduce
[dbg     626.2 ms] [atto] final
[dbg     626.2 ms] [atto] pack
[dbg     627.1 ms] [atto] d2h
[dbg     627.5 ms] [attg] start
[dbg     627.8 ms] [attg] csc
[dbg     627.8 ms] [attg] h2d
[dbg     627.8 ms] [attg] count
[dbg     627.9 ms] [attg] scan
[dbg     627.9 ms] [attg] expand
[dbg     628.0 ms] [attg] compact
[dbg     628.1 ms] [attg] sort
[dbg     628.1 ms] [attg] reduce
[dbg     628.2 ms] [attg] final
[dbg     628.2 ms] [attg] pack
[dbg     629.0 ms] [attg] d2h
[dbg     629.5 ms] [attc] start
[dbg     629.8 ms] [attc] csc
[dbg     629.8 ms] [attc] h2d
[dbg     629.8 ms] [attc] count
[dbg     629.8 ms] [attc] scan
[dbg     629.9 ms] [attc] expand
[dbg     629.9 ms] [attc] compact
[dbg     630.1 ms] [attc] sort
[dbg     630.1 ms] [attc] reduce
[dbg     630.1 ms] [attc] final
[dbg     630.2 ms] [attc] pack
[dbg     631.0 ms] [attc] d2h
[dbg     631.4 ms] [atti] start
[dbg     631.7 ms] [atti] csc
[dbg     631.7 ms] [atti] h2d
[dbg     631.7 ms] [atti] count
[dbg     631.7 ms] [atti] scan
[dbg     631.8 ms] [atti] expand
[dbg     631.8 ms] [atti] compact
[dbg     632.0 ms] [atti] sort
[dbg     632.0 ms] [atti] reduce
[dbg     632.0 ms] [atti] final
[dbg     632.0 ms] [atti] symbolic
[dbg     632.2 ms] [atti] numeric
[dbg     632.2 ms] [atti] pack
[dbg     633.0 ms] [atti] d2h
Reading matrix from ./data/first100/bp_1600.mtx...
Input A: 822 x 822, nnz = 4841, sparsity = 99.28%
===============WARMING UP (att)===============
=== Computing C = A x A^T (cuSPARSE) ===
Result C (A·Aᵀ 全量): 822 x 822, nnz = 17066
Time: 1.676 ms

=== Computing C = A x A^T upper (outer) ===
Result C (A·Aᵀ 上三角): 822 x 822, nnz = 8944
Time: 1.598 ms

=== Computing C = A x A^T upper (Gustavson) ===
Result C (A·Aᵀ 上三角): 822 x 822, nnz = 8944
Time: 1.655 ms

=== Computing C = A x A^T upper (colwise) ===
Result C (A·Aᵀ 上三角): 822 x 822, nnz = 8944
Time: 1.628 ms

=== Computing C = A x A^T upper (inner) ===
Result C (A·Aᵀ 上三角): 822 x 822, nnz = 8944
Time: 1.774 ms

=== All att tests completed ===
Processing bp_200 (att) ... (max 600s)
[dbg       0.0 ms] main entry, initializing CUDA context...
[dbg     566.4 ms] CUDA context ready
[dbg     566.6 ms] start read_matrix_market: ./data/first100/bp_200.mtx
[dbg     567.6 ms] read done: 822 x 822, nnz=3802
[dbg     567.6 ms] [cut] start
[dbg     575.2 ms] [cut] h2d
[dbg     596.5 ms] [cut] transpose
[dbg     596.6 ms] cusparse: workEstimation begin
[dbg     600.6 ms] [cut] workest (buf1=46687 B)
[dbg     600.6 ms] cusparse: compute begin
[dbg     601.4 ms] [cut] compute (buf2=692847 B)
[dbg     601.4 ms] cusparse: C size = 822 x 822, nnz=13376
[dbg     601.4 ms] cusparse: copy begin
[dbg     601.8 ms] [cut] copy
[dbg     601.8 ms] [cut] pack
[dbg     603.5 ms] [cut] d2h
[dbg     604.0 ms] [atto] start
[dbg     606.2 ms] [atto] csc
[dbg     606.3 ms] [atto] h2d
[dbg     606.3 ms] [atto] count
[dbg     606.4 ms] [atto] scan
[dbg     606.4 ms] [atto] expand
[dbg     606.7 ms] [atto] sort
[dbg     606.9 ms] [atto] reduce
[dbg     607.0 ms] [atto] final
[dbg     607.0 ms] [atto] pack
[dbg     608.3 ms] [atto] d2h
[dbg     608.7 ms] [attg] start
[dbg     609.3 ms] [attg] csc
[dbg     609.3 ms] [attg] h2d
[dbg     609.4 ms] [attg] count
[dbg     609.4 ms] [attg] scan
[dbg     609.5 ms] [attg] expand
[dbg     610.4 ms] [attg] compact
[dbg     610.9 ms] [attg] sort
[dbg     611.2 ms] [attg] reduce
[dbg     611.8 ms] [attg] final
[dbg     611.8 ms] [attg] pack
[dbg     612.9 ms] [attg] d2h
[dbg     613.3 ms] [attc] start
[dbg     614.1 ms] [attc] csc
[dbg     614.2 ms] [attc] h2d
[dbg     614.4 ms] [attc] count
[dbg     614.8 ms] [attc] scan
[dbg     615.1 ms] [attc] expand
[dbg     616.1 ms] [attc] compact
[dbg     616.5 ms] [attc] sort
[dbg     616.8 ms] [attc] reduce
[dbg     616.8 ms] [attc] final
[dbg     616.9 ms] [attc] pack
[dbg     617.8 ms] [attc] d2h
[dbg     618.2 ms] [atti] start
[dbg     618.9 ms] [atti] csc
[dbg     619.0 ms] [atti] h2d
[dbg     619.2 ms] [atti] count
[dbg     619.6 ms] [atti] scan
[dbg     619.9 ms] [atti] expand
[dbg     619.9 ms] [atti] compact
[dbg     620.0 ms] [atti] sort
[dbg     620.1 ms] [atti] reduce
[dbg     620.1 ms] [atti] final
[dbg     620.1 ms] [atti] symbolic
[dbg     620.2 ms] [atti] numeric
[dbg     620.3 ms] [atti] pack
[dbg     621.1 ms] [atti] d2h
[dbg     621.6 ms] [cut] start
[dbg     621.7 ms] [cut] h2d
[dbg     622.3 ms] [cut] transpose
[dbg     622.3 ms] cusparse: workEstimation begin
[dbg     622.4 ms] [cut] workest (buf1=46687 B)
[dbg     622.4 ms] cusparse: compute begin
[dbg     622.6 ms] [cut] compute (buf2=692847 B)
[dbg     622.6 ms] cusparse: C size = 822 x 822, nnz=13376
[dbg     622.6 ms] cusparse: copy begin
[dbg     622.6 ms] [cut] copy
[dbg     622.7 ms] [cut] pack
[dbg     623.6 ms] [cut] d2h
[dbg     623.9 ms] [atto] start
[dbg     624.3 ms] [atto] csc
[dbg     624.3 ms] [atto] h2d
[dbg     624.3 ms] [atto] count
[dbg     624.4 ms] [atto] scan
[dbg     624.4 ms] [atto] expand
[dbg     624.5 ms] [atto] sort
[dbg     624.5 ms] [atto] reduce
[dbg     624.6 ms] [atto] final
[dbg     624.6 ms] [atto] pack
[dbg     625.4 ms] [atto] d2h
[dbg     625.8 ms] [attg] start
[dbg     626.1 ms] [attg] csc
[dbg     626.2 ms] [attg] h2d
[dbg     626.2 ms] [attg] count
[dbg     626.2 ms] [attg] scan
[dbg     626.3 ms] [attg] expand
[dbg     626.3 ms] [attg] compact
[dbg     626.5 ms] [attg] sort
[dbg     626.5 ms] [attg] reduce
[dbg     626.6 ms] [attg] final
[dbg     626.6 ms] [attg] pack
[dbg     627.4 ms] [attg] d2h
[dbg     627.9 ms] [attc] start
[dbg     628.2 ms] [attc] csc
[dbg     628.2 ms] [attc] h2d
[dbg     628.2 ms] [attc] count
[dbg     628.3 ms] [attc] scan
[dbg     628.3 ms] [attc] expand
[dbg     628.4 ms] [attc] compact
[dbg     628.5 ms] [attc] sort
[dbg     628.6 ms] [attc] reduce
[dbg     628.6 ms] [attc] final
[dbg     628.6 ms] [attc] pack
[dbg     629.5 ms] [attc] d2h
[dbg     629.9 ms] [atti] start
[dbg     630.2 ms] [atti] csc
[dbg     630.2 ms] [atti] h2d
[dbg     630.2 ms] [atti] count
[dbg     630.2 ms] [atti] scan
[dbg     630.3 ms] [atti] expand
[dbg     630.4 ms] [atti] compact
[dbg     630.5 ms] [atti] sort
[dbg     630.5 ms] [atti] reduce
[dbg     630.6 ms] [atti] final
[dbg     630.6 ms] [atti] symbolic
[dbg     630.7 ms] [atti] numeric
[dbg     630.7 ms] [atti] pack
[dbg     631.5 ms] [atti] d2h
Reading matrix from ./data/first100/bp_200.mtx...
Input A: 822 x 822, nnz = 3802, sparsity = 99.44%
===============WARMING UP (att)===============
=== Computing C = A x A^T (cuSPARSE) ===
Result C (A·Aᵀ 全量): 822 x 822, nnz = 13376
Time: 2.108 ms

=== Computing C = A x A^T upper (outer) ===
Result C (A·Aᵀ 上三角): 822 x 822, nnz = 7099
Time: 1.641 ms

=== Computing C = A x A^T upper (Gustavson) ===
Result C (A·Aᵀ 上三角): 822 x 822, nnz = 7099
Time: 1.715 ms

=== Computing C = A x A^T upper (colwise) ===
Result C (A·Aᵀ 上三角): 822 x 822, nnz = 7099
Time: 1.687 ms

=== Computing C = A x A^T upper (inner) ===
Result C (A·Aᵀ 上三角): 822 x 822, nnz = 7099
Time: 1.793 ms

=== All att tests completed ===
Processing bp_400 (att) ... (max 600s)
[dbg       0.0 ms] main entry, initializing CUDA context...
[dbg     573.4 ms] CUDA context ready
[dbg     573.6 ms] start read_matrix_market: ./data/first100/bp_400.mtx
[dbg     578.1 ms] read done: 822 x 822, nnz=4028
[dbg     578.1 ms] [cut] start
[dbg     592.6 ms] [cut] h2d
[dbg     619.1 ms] [cut] transpose
[dbg     619.2 ms] cusparse: workEstimation begin
[dbg     623.6 ms] [cut] workest (buf1=49399 B)
[dbg     623.6 ms] cusparse: compute begin
[dbg     624.3 ms] [cut] compute (buf2=763743 B)
[dbg     624.3 ms] cusparse: C size = 822 x 822, nnz=14428
[dbg     624.3 ms] cusparse: copy begin
[dbg     624.4 ms] [cut] copy
[dbg     624.5 ms] [cut] pack
[dbg     625.9 ms] [cut] d2h
[dbg     626.4 ms] [atto] start
[dbg     628.4 ms] [atto] csc
[dbg     628.5 ms] [atto] h2d
[dbg     628.5 ms] [atto] count
[dbg     628.5 ms] [atto] scan
[dbg     628.6 ms] [atto] expand
[dbg     628.8 ms] [atto] sort
[dbg     629.0 ms] [atto] reduce
[dbg     629.1 ms] [atto] final
[dbg     629.1 ms] [atto] pack
[dbg     630.5 ms] [atto] d2h
[dbg     630.9 ms] [attg] start
[dbg     631.2 ms] [attg] csc
[dbg     631.2 ms] [attg] h2d
[dbg     631.3 ms] [attg] count
[dbg     631.3 ms] [attg] scan
[dbg     631.4 ms] [attg] expand
[dbg     631.5 ms] [attg] compact
[dbg     631.6 ms] [attg] sort
[dbg     631.7 ms] [attg] reduce
[dbg     631.7 ms] [attg] final
[dbg     631.8 ms] [attg] pack
[dbg     632.9 ms] [attg] d2h
[dbg     633.3 ms] [attc] start
[dbg     633.6 ms] [attc] csc
[dbg     633.6 ms] [attc] h2d
[dbg     633.6 ms] [attc] count
[dbg     633.7 ms] [attc] scan
[dbg     633.7 ms] [attc] expand
[dbg     633.8 ms] [attc] compact
[dbg     633.9 ms] [attc] sort
[dbg     634.0 ms] [attc] reduce
[dbg     634.0 ms] [attc] final
[dbg     634.0 ms] [attc] pack
[dbg     634.9 ms] [attc] d2h
[dbg     635.3 ms] [atti] start
[dbg     635.6 ms] [atti] csc
[dbg     635.7 ms] [atti] h2d
[dbg     635.7 ms] [atti] count
[dbg     635.7 ms] [atti] scan
[dbg     635.8 ms] [atti] expand
[dbg     635.8 ms] [atti] compact
[dbg     635.9 ms] [atti] sort
[dbg     636.0 ms] [atti] reduce
[dbg     636.0 ms] [atti] final
[dbg     636.0 ms] [atti] symbolic
[dbg     636.2 ms] [atti] numeric
[dbg     636.2 ms] [atti] pack
[dbg     637.1 ms] [atti] d2h
[dbg     637.5 ms] [cut] start
[dbg     637.6 ms] [cut] h2d
[dbg     637.7 ms] [cut] transpose
[dbg     637.8 ms] cusparse: workEstimation begin
[dbg     637.8 ms] [cut] workest (buf1=49399 B)
[dbg     637.8 ms] cusparse: compute begin
[dbg     638.0 ms] [cut] compute (buf2=763743 B)
[dbg     638.0 ms] cusparse: C size = 822 x 822, nnz=14428
[dbg     638.0 ms] cusparse: copy begin
[dbg     638.0 ms] [cut] copy
[dbg     638.1 ms] [cut] pack
[dbg     638.9 ms] [cut] d2h
[dbg     639.3 ms] [atto] start
[dbg     639.6 ms] [atto] csc
[dbg     639.6 ms] [atto] h2d
[dbg     639.6 ms] [atto] count
[dbg     639.7 ms] [atto] scan
[dbg     639.7 ms] [atto] expand
[dbg     639.8 ms] [atto] sort
[dbg     639.9 ms] [atto] reduce
[dbg     639.9 ms] [atto] final
[dbg     639.9 ms] [atto] pack
[dbg     640.7 ms] [atto] d2h
[dbg     641.2 ms] [attg] start
[dbg     641.5 ms] [attg] csc
[dbg     641.5 ms] [attg] h2d
[dbg     641.5 ms] [attg] count
[dbg     641.5 ms] [attg] scan
[dbg     641.6 ms] [attg] expand
[dbg     641.6 ms] [attg] compact
[dbg     641.8 ms] [attg] sort
[dbg     641.8 ms] [attg] reduce
[dbg     641.8 ms] [attg] final
[dbg     641.9 ms] [attg] pack
[dbg     644.5 ms] [attg] d2h
[dbg     648.0 ms] [attc] start
[dbg     650.6 ms] [attc] csc
[dbg     650.6 ms] [attc] h2d
[dbg     650.6 ms] [attc] count
[dbg     650.7 ms] [attc] scan
[dbg     650.7 ms] [attc] expand
[dbg     650.8 ms] [attc] compact
[dbg     650.9 ms] [attc] sort
[dbg     651.0 ms] [attc] reduce
[dbg     651.0 ms] [attc] final
[dbg     651.0 ms] [attc] pack
[dbg     652.9 ms] [attc] d2h
[dbg     657.0 ms] [atti] start
[dbg     657.3 ms] [atti] csc
[dbg     657.3 ms] [atti] h2d
[dbg     657.4 ms] [atti] count
[dbg     657.4 ms] [atti] scan
[dbg     657.4 ms] [atti] expand
[dbg     657.5 ms] [atti] compact
[dbg     657.6 ms] [atti] sort
[dbg     657.7 ms] [atti] reduce
[dbg     657.7 ms] [atti] final
[dbg     657.7 ms] [atti] symbolic
[dbg     657.9 ms] [atti] numeric
[dbg     657.9 ms] [atti] pack
[dbg     658.7 ms] [atti] d2h
Reading matrix from ./data/first100/bp_400.mtx...
Input A: 822 x 822, nnz = 4028, sparsity = 99.40%
===============WARMING UP (att)===============
=== Computing C = A x A^T (cuSPARSE) ===
Result C (A·Aᵀ 全量): 822 x 822, nnz = 14428
Time: 1.552 ms

=== Computing C = A x A^T upper (outer) ===
Result C (A·Aᵀ 上三角): 822 x 822, nnz = 7625
Time: 1.559 ms

=== Computing C = A x A^T upper (Gustavson) ===
Result C (A·Aᵀ 上三角): 822 x 822, nnz = 7625
Time: 5.164 ms

=== Computing C = A x A^T upper (colwise) ===
Result C (A·Aᵀ 上三角): 822 x 822, nnz = 7625
Time: 7.214 ms

=== Computing C = A x A^T upper (inner) ===
Result C (A·Aᵀ 上三角): 822 x 822, nnz = 7625
Time: 1.842 ms

=== All att tests completed ===
Processing bp_600 (att) ... (max 600s)
[dbg       0.0 ms] main entry, initializing CUDA context...
[dbg     580.2 ms] CUDA context ready
[dbg     580.3 ms] start read_matrix_market: ./data/first100/bp_600.mtx
[dbg     581.4 ms] read done: 822 x 822, nnz=4172
[dbg     581.4 ms] [cut] start
[dbg     589.0 ms] [cut] h2d
[dbg     614.3 ms] [cut] transpose
[dbg     614.6 ms] cusparse: workEstimation begin
[dbg     619.6 ms] [cut] workest (buf1=51127 B)
[dbg     619.6 ms] cusparse: compute begin
[dbg     621.3 ms] [cut] compute (buf2=792351 B)
[dbg     621.3 ms] cusparse: C size = 822 x 822, nnz=14688
[dbg     621.3 ms] cusparse: copy begin
[dbg     621.5 ms] [cut] copy
[dbg     621.5 ms] [cut] pack
[dbg     622.9 ms] [cut] d2h
[dbg     623.4 ms] [atto] start
[dbg     626.0 ms] [atto] csc
[dbg     626.0 ms] [atto] h2d
[dbg     626.3 ms] [atto] count
[dbg     626.6 ms] [atto] scan
[dbg     626.9 ms] [atto] expand
[dbg     627.3 ms] [atto] sort
[dbg     627.5 ms] [atto] reduce
[dbg     627.5 ms] [atto] final
[dbg     627.6 ms] [atto] pack
[dbg     628.9 ms] [atto] d2h
[dbg     629.3 ms] [attg] start
[dbg     629.8 ms] [attg] csc
[dbg     629.8 ms] [attg] h2d
[dbg     629.8 ms] [attg] count
[dbg     629.9 ms] [attg] scan
[dbg     629.9 ms] [attg] expand
[dbg     630.0 ms] [attg] compact
[dbg     630.2 ms] [attg] sort
[dbg     630.2 ms] [attg] reduce
[dbg     630.3 ms] [attg] final
[dbg     630.3 ms] [attg] pack
[dbg     631.3 ms] [attg] d2h
[dbg     631.7 ms] [attc] start
[dbg     632.2 ms] [attc] csc
[dbg     632.2 ms] [attc] h2d
[dbg     632.2 ms] [attc] count
[dbg     632.3 ms] [attc] scan
[dbg     632.3 ms] [attc] expand
[dbg     632.4 ms] [attc] compact
[dbg     632.5 ms] [attc] sort
[dbg     632.6 ms] [attc] reduce
[dbg     632.6 ms] [attc] final
[dbg     632.6 ms] [attc] pack
[dbg     633.6 ms] [attc] d2h
[dbg     634.0 ms] [atti] start
[dbg     634.4 ms] [atti] csc
[dbg     634.4 ms] [atti] h2d
[dbg     634.4 ms] [atti] count
[dbg     634.5 ms] [atti] scan
[dbg     634.5 ms] [atti] expand
[dbg     634.6 ms] [atti] compact
[dbg     634.7 ms] [atti] sort
[dbg     634.7 ms] [atti] reduce
[dbg     634.8 ms] [atti] final
[dbg     634.8 ms] [atti] symbolic
[dbg     635.2 ms] [atti] numeric
[dbg     635.2 ms] [atti] pack
[dbg     636.1 ms] [atti] d2h
[dbg     636.5 ms] [cut] start
[dbg     636.6 ms] [cut] h2d
[dbg     636.8 ms] [cut] transpose
[dbg     636.9 ms] cusparse: workEstimation begin
[dbg     636.9 ms] [cut] workest (buf1=51127 B)
[dbg     636.9 ms] cusparse: compute begin
[dbg     637.1 ms] [cut] compute (buf2=792351 B)
[dbg     637.1 ms] cusparse: C size = 822 x 822, nnz=14688
[dbg     637.1 ms] cusparse: copy begin
[dbg     637.2 ms] [cut] copy
[dbg     637.2 ms] [cut] pack
[dbg     638.1 ms] [cut] d2h
[dbg     638.4 ms] [atto] start
[dbg     638.9 ms] [atto] csc
[dbg     638.9 ms] [atto] h2d
[dbg     638.9 ms] [atto] count
[dbg     639.0 ms] [atto] scan
[dbg     639.0 ms] [atto] expand
[dbg     639.1 ms] [atto] sort
[dbg     639.1 ms] [atto] reduce
[dbg     639.2 ms] [atto] final
[dbg     639.2 ms] [atto] pack
[dbg     640.0 ms] [atto] d2h
[dbg     640.5 ms] [attg] start
[dbg     640.9 ms] [attg] csc
[dbg     640.9 ms] [attg] h2d
[dbg     640.9 ms] [attg] count
[dbg     641.0 ms] [attg] scan
[dbg     641.0 ms] [attg] expand
[dbg     641.1 ms] [attg] compact
[dbg     641.2 ms] [attg] sort
[dbg     641.2 ms] [attg] reduce
[dbg     641.3 ms] [attg] final
[dbg     641.3 ms] [attg] pack
[dbg     642.1 ms] [attg] d2h
[dbg     642.6 ms] [attc] start
[dbg     642.9 ms] [attc] csc
[dbg     642.9 ms] [attc] h2d
[dbg     643.0 ms] [attc] count
[dbg     643.0 ms] [attc] scan
[dbg     643.0 ms] [attc] expand
[dbg     643.1 ms] [attc] compact
[dbg     643.2 ms] [attc] sort
[dbg     643.3 ms] [attc] reduce
[dbg     643.3 ms] [attc] final
[dbg     643.3 ms] [attc] pack
[dbg     644.1 ms] [attc] d2h
[dbg     644.5 ms] [atti] start
[dbg     644.8 ms] [atti] csc
[dbg     644.8 ms] [atti] h2d
[dbg     644.8 ms] [atti] count
[dbg     644.9 ms] [atti] scan
[dbg     644.9 ms] [atti] expand
[dbg     645.0 ms] [atti] compact
[dbg     645.1 ms] [atti] sort
[dbg     645.1 ms] [atti] reduce
[dbg     645.2 ms] [atti] final
[dbg     645.2 ms] [atti] symbolic
[dbg     645.3 ms] [atti] numeric
[dbg     645.3 ms] [atti] pack
[dbg     646.1 ms] [atti] d2h
Reading matrix from ./data/first100/bp_600.mtx...
Input A: 822 x 822, nnz = 4172, sparsity = 99.38%
===============WARMING UP (att)===============
=== Computing C = A x A^T (cuSPARSE) ===
Result C (A·Aᵀ 全量): 822 x 822, nnz = 14688
Time: 1.666 ms

=== Computing C = A x A^T upper (outer) ===
Result C (A·Aᵀ 上三角): 822 x 822, nnz = 7755
Time: 1.708 ms

=== Computing C = A x A^T upper (Gustavson) ===
Result C (A·Aᵀ 上三角): 822 x 822, nnz = 7755
Time: 1.824 ms

=== Computing C = A x A^T upper (colwise) ===
Result C (A·Aᵀ 上三角): 822 x 822, nnz = 7755
Time: 1.623 ms

=== Computing C = A x A^T upper (inner) ===
Result C (A·Aᵀ 上三角): 822 x 822, nnz = 7755
Time: 1.738 ms

=== All att tests completed ===
Processing bp_800 (att) ... (max 600s)
[dbg       0.0 ms] main entry, initializing CUDA context...
[dbg     593.7 ms] CUDA context ready
[dbg     594.0 ms] start read_matrix_market: ./data/first100/bp_800.mtx
[dbg     598.8 ms] read done: 822 x 822, nnz=4534
[dbg     598.9 ms] [cut] start
[dbg     613.2 ms] [cut] h2d
[dbg     638.6 ms] [cut] transpose
[dbg     638.7 ms] cusparse: workEstimation begin
[dbg     643.1 ms] [cut] workest (buf1=55471 B)
[dbg     643.1 ms] cusparse: compute begin
[dbg     644.0 ms] [cut] compute (buf2=949167 B)
[dbg     644.0 ms] cusparse: C size = 822 x 822, nnz=16402
[dbg     644.0 ms] cusparse: copy begin
[dbg     644.1 ms] [cut] copy
[dbg     644.1 ms] [cut] pack
[dbg     645.7 ms] [cut] d2h
[dbg     646.1 ms] [atto] start
[dbg     648.4 ms] [atto] csc
[dbg     648.4 ms] [atto] h2d
[dbg     648.4 ms] [atto] count
[dbg     648.5 ms] [atto] scan
[dbg     648.5 ms] [atto] expand
[dbg     648.8 ms] [atto] sort
[dbg     649.0 ms] [atto] reduce
[dbg     649.1 ms] [atto] final
[dbg     649.1 ms] [atto] pack
[dbg     650.6 ms] [atto] d2h
[dbg     651.1 ms] [attg] start
[dbg     651.4 ms] [attg] csc
[dbg     651.5 ms] [attg] h2d
[dbg     651.5 ms] [attg] count
[dbg     651.6 ms] [attg] scan
[dbg     651.6 ms] [attg] expand
[dbg     651.8 ms] [attg] compact
[dbg     651.9 ms] [attg] sort
[dbg     652.0 ms] [attg] reduce
[dbg     652.1 ms] [attg] final
[dbg     652.1 ms] [attg] pack
[dbg     653.3 ms] [attg] d2h
[dbg     653.9 ms] [attc] start
[dbg     656.6 ms] [attc] csc
[dbg     656.6 ms] [attc] h2d
[dbg     656.7 ms] [attc] count
[dbg     656.7 ms] [attc] scan
[dbg     656.8 ms] [attc] expand
[dbg     656.9 ms] [attc] compact
[dbg     657.0 ms] [attc] sort
[dbg     657.1 ms] [attc] reduce
[dbg     657.1 ms] [attc] final
[dbg     657.2 ms] [attc] pack
[dbg     659.4 ms] [attc] d2h
[dbg     664.4 ms] [atti] start
[dbg     667.9 ms] [atti] csc
[dbg     667.9 ms] [atti] h2d
[dbg     667.9 ms] [atti] count
[dbg     668.0 ms] [atti] scan
[dbg     668.0 ms] [atti] expand
[dbg     668.1 ms] [atti] compact
[dbg     668.3 ms] [atti] sort
[dbg     668.4 ms] [atti] reduce
[dbg     668.4 ms] [atti] final
[dbg     668.4 ms] [atti] symbolic
[dbg     668.6 ms] [atti] numeric
[dbg     668.6 ms] [atti] pack
[dbg     669.6 ms] [atti] d2h
[dbg     670.0 ms] [cut] start
[dbg     670.2 ms] [cut] h2d
[dbg     670.3 ms] [cut] transpose
[dbg     670.4 ms] cusparse: workEstimation begin
[dbg     670.4 ms] [cut] workest (buf1=55471 B)
[dbg     670.4 ms] cusparse: compute begin
[dbg     670.6 ms] [cut] compute (buf2=949167 B)
[dbg     670.6 ms] cusparse: C size = 822 x 822, nnz=16402
[dbg     670.6 ms] cusparse: copy begin
[dbg     670.7 ms] [cut] copy
[dbg     670.7 ms] [cut] pack
[dbg     674.8 ms] [cut] d2h
[dbg     678.8 ms] [atto] start
[dbg     681.4 ms] [atto] csc
[dbg     681.4 ms] [atto] h2d
[dbg     681.4 ms] [atto] count
[dbg     681.5 ms] [atto] scan
[dbg     681.5 ms] [atto] expand
[dbg     681.6 ms] [atto] sort
[dbg     681.7 ms] [atto] reduce
[dbg     681.7 ms] [atto] final
[dbg     681.7 ms] [atto] pack
[dbg     684.7 ms] [atto] d2h
[dbg     686.8 ms] [attg] start
[dbg     687.2 ms] [attg] csc
[dbg     687.2 ms] [attg] h2d
[dbg     687.2 ms] [attg] count
[dbg     687.3 ms] [attg] scan
[dbg     687.3 ms] [attg] expand
[dbg     687.4 ms] [attg] compact
[dbg     687.6 ms] [attg] sort
[dbg     687.6 ms] [attg] reduce
[dbg     687.8 ms] [attg] final
[dbg     687.8 ms] [attg] pack
[dbg     688.8 ms] [attg] d2h
[dbg     689.2 ms] [attc] start
[dbg     689.6 ms] [attc] csc
[dbg     689.6 ms] [attc] h2d
[dbg     689.6 ms] [attc] count
[dbg     689.7 ms] [attc] scan
[dbg     689.7 ms] [attc] expand
[dbg     689.8 ms] [attc] compact
[dbg     689.9 ms] [attc] sort
[dbg     690.0 ms] [attc] reduce
[dbg     690.0 ms] [attc] final
[dbg     690.1 ms] [attc] pack
[dbg     741.5 ms] [attc] d2h
[dbg     743.4 ms] [atti] start
[dbg     744.1 ms] [atti] csc
[dbg     744.2 ms] [atti] h2d
[dbg     744.2 ms] [atti] count
[dbg     744.4 ms] [atti] scan
[dbg     744.4 ms] [atti] expand
[dbg     744.7 ms] [atti] compact
[dbg     744.9 ms] [atti] sort
[dbg     745.0 ms] [atti] reduce
[dbg     745.2 ms] [atti] final
[dbg     745.2 ms] [atti] symbolic
[dbg     745.4 ms] [atti] numeric
[dbg     745.5 ms] [atti] pack
[dbg     748.6 ms] [atti] d2h
Reading matrix from ./data/first100/bp_800.mtx...
Input A: 822 x 822, nnz = 4534, sparsity = 99.33%
===============WARMING UP (att)===============
=== Computing C = A x A^T (cuSPARSE) ===
Result C (A·Aᵀ 全量): 822 x 822, nnz = 16402
Time: 7.288 ms

=== Computing C = A x A^T upper (outer) ===
Result C (A·Aᵀ 上三角): 822 x 822, nnz = 8612
Time: 7.578 ms

=== Computing C = A x A^T upper (Gustavson) ===
Result C (A·Aᵀ 上三角): 822 x 822, nnz = 8612
Time: 2.148 ms

=== Computing C = A x A^T upper (colwise) ===
Result C (A·Aᵀ 上三角): 822 x 822, nnz = 8612
Time: 53.022 ms

=== Computing C = A x A^T upper (inner) ===
Result C (A·Aᵀ 上三角): 822 x 822, nnz = 8612
Time: 5.577 ms

=== All att tests completed ===
Processing can_1054 (att) ... (max 600s)
[dbg       0.0 ms] main entry, initializing CUDA context...
[dbg     302.1 ms] CUDA context ready
[dbg     302.2 ms] start read_matrix_market: ./data/first100/can_1054.mtx
[dbg     303.4 ms] read done: 1054 x 1054, nnz=12196
[dbg     303.4 ms] [cut] start
[dbg     312.4 ms] [cut] h2d
[dbg     334.3 ms] [cut] transpose
[dbg     334.3 ms] cusparse: workEstimation begin
[dbg     338.2 ms] [cut] workest (buf1=147415 B)
[dbg     338.2 ms] cusparse: compute begin
[dbg     339.2 ms] [cut] compute (buf2=4191167 B)
[dbg     339.2 ms] cusparse: C size = 1054 x 1054, nnz=60248
[dbg     339.2 ms] cusparse: copy begin
[dbg     339.3 ms] [cut] copy
[dbg     339.3 ms] [cut] pack
[dbg     340.9 ms] [cut] d2h
[dbg     341.4 ms] [atto] start
[dbg     343.5 ms] [atto] csc
[dbg     343.6 ms] [atto] h2d
[dbg     343.6 ms] [atto] count
[dbg     343.6 ms] [atto] scan
[dbg     343.7 ms] [atto] expand
[dbg     344.2 ms] [atto] sort
[dbg     344.5 ms] [atto] reduce
[dbg     344.6 ms] [atto] final
[dbg     344.6 ms] [atto] pack
[dbg     346.0 ms] [atto] d2h
[dbg     346.5 ms] [attg] start
[dbg     346.8 ms] [attg] csc
[dbg     346.8 ms] [attg] h2d
[dbg     346.8 ms] [attg] count
[dbg     347.0 ms] [attg] scan
[dbg     347.1 ms] [attg] expand
[dbg     347.3 ms] [attg] compact
[dbg     347.4 ms] [attg] sort
[dbg     347.5 ms] [attg] reduce
[dbg     347.5 ms] [attg] final
[dbg     347.6 ms] [attg] pack
[dbg     348.8 ms] [attg] d2h
[dbg     349.3 ms] [attc] start
[dbg     349.5 ms] [attc] csc
[dbg     349.5 ms] [attc] h2d
[dbg     349.5 ms] [attc] count
[dbg     349.7 ms] [attc] scan
[dbg     349.8 ms] [attc] expand
[dbg     349.9 ms] [attc] compact
[dbg     350.0 ms] [attc] sort
[dbg     350.1 ms] [attc] reduce
[dbg     350.1 ms] [attc] final
[dbg     350.2 ms] [attc] pack
[dbg     351.2 ms] [attc] d2h
[dbg     351.7 ms] [atti] start
[dbg     351.9 ms] [atti] csc
[dbg     351.9 ms] [atti] h2d
[dbg     351.9 ms] [atti] count
[dbg     352.1 ms] [atti] scan
[dbg     352.2 ms] [atti] expand
[dbg     352.2 ms] [atti] compact
[dbg     352.4 ms] [atti] sort
[dbg     352.4 ms] [atti] reduce
[dbg     352.5 ms] [atti] final
[dbg     352.5 ms] [atti] symbolic
[dbg     352.5 ms] [atti] numeric
[dbg     352.6 ms] [atti] pack
[dbg     353.5 ms] [atti] d2h
[dbg     354.0 ms] [cut] start
[dbg     354.1 ms] [cut] h2d
[dbg     354.3 ms] [cut] transpose
[dbg     354.4 ms] cusparse: workEstimation begin
[dbg     354.4 ms] [cut] workest (buf1=147415 B)
[dbg     354.4 ms] cusparse: compute begin
[dbg     354.8 ms] [cut] compute (buf2=4191167 B)
[dbg     354.8 ms] cusparse: C size = 1054 x 1054, nnz=60248
[dbg     354.8 ms] cusparse: copy begin
[dbg     354.9 ms] [cut] copy
[dbg     354.9 ms] [cut] pack
[dbg     356.0 ms] [cut] d2h
[dbg     356.4 ms] [atto] start
[dbg     356.7 ms] [atto] csc
[dbg     356.7 ms] [atto] h2d
[dbg     356.7 ms] [atto] count
[dbg     356.8 ms] [atto] scan
[dbg     356.8 ms] [atto] expand
[dbg     357.2 ms] [atto] sort
[dbg     357.3 ms] [atto] reduce
[dbg     357.4 ms] [atto] final
[dbg     357.4 ms] [atto] pack
[dbg     358.4 ms] [atto] d2h
[dbg     360.9 ms] [attg] start
[dbg     363.2 ms] [attg] csc
[dbg     363.2 ms] [attg] h2d
[dbg     363.2 ms] [attg] count
[dbg     365.5 ms] [attg] scan
[dbg     365.5 ms] [attg] expand
[dbg     365.6 ms] [attg] compact
[dbg     365.8 ms] [attg] sort
[dbg     365.8 ms] [attg] reduce
[dbg     365.9 ms] [attg] final
[dbg     365.9 ms] [attg] pack
[dbg     368.5 ms] [attg] d2h
[dbg     372.8 ms] [attc] start
[dbg     373.0 ms] [attc] csc
[dbg     373.0 ms] [attc] h2d
[dbg     373.1 ms] [attc] count
[dbg     373.2 ms] [attc] scan
[dbg     373.3 ms] [attc] expand
[dbg     373.4 ms] [attc] compact
[dbg     373.5 ms] [attc] sort
[dbg     373.6 ms] [attc] reduce
[dbg     373.6 ms] [attc] final
[dbg     373.7 ms] [attc] pack
[dbg     374.6 ms] [attc] d2h
[dbg     375.2 ms] [atti] start
[dbg     376.7 ms] [atti] csc
[dbg     376.7 ms] [atti] h2d
[dbg     376.7 ms] [atti] count
[dbg     379.2 ms] [atti] scan
[dbg     379.2 ms] [atti] expand
[dbg     379.3 ms] [atti] compact
[dbg     379.4 ms] [atti] sort
[dbg     379.5 ms] [atti] reduce
[dbg     379.5 ms] [atti] final
[dbg     379.5 ms] [atti] symbolic
[dbg     379.6 ms] [atti] numeric
[dbg     379.6 ms] [atti] pack
[dbg     381.9 ms] [atti] d2h
Reading matrix from ./data/first100/can_1054.mtx...
Input A: 1054 x 1054, nnz = 12196, sparsity = 98.90%
===============WARMING UP (att)===============
=== Computing C = A x A^T (cuSPARSE) ===
Result C (A·Aᵀ 全量): 1054 x 1054, nnz = 60248
Time: 2.062 ms

=== Computing C = A x A^T upper (outer) ===
Result C (A·Aᵀ 上三角): 1054 x 1054, nnz = 30651
Time: 3.049 ms

=== Computing C = A x A^T upper (Gustavson) ===
Result C (A·Aᵀ 上三角): 1054 x 1054, nnz = 30651
Time: 11.584 ms

=== Computing C = A x A^T upper (colwise) ===
Result C (A·Aᵀ 上三角): 1054 x 1054, nnz = 30651
Time: 2.103 ms

=== Computing C = A x A^T upper (inner) ===
Result C (A·Aᵀ 上三角): 1054 x 1054, nnz = 30651
Time: 12.401 ms

=== All att tests completed ===
Processing can_1072 (att) ... (max 600s)
[dbg       0.0 ms] main entry, initializing CUDA context...
[dbg     554.9 ms] CUDA context ready
[dbg     555.0 ms] start read_matrix_market: ./data/first100/can_1072.mtx
[dbg     556.1 ms] read done: 1072 x 1072, nnz=12444
[dbg     556.1 ms] [cut] start
[dbg     563.9 ms] [cut] h2d
[dbg     585.2 ms] [cut] transpose
[dbg     585.3 ms] cusparse: workEstimation begin
[dbg     589.4 ms] [cut] workest (buf1=150391 B)
[dbg     589.4 ms] cusparse: compute begin
[dbg     590.3 ms] [cut] compute (buf2=4301999 B)
[dbg     590.3 ms] cusparse: C size = 1072 x 1072, nnz=62316
[dbg     590.3 ms] cusparse: copy begin
[dbg     590.4 ms] [cut] copy
[dbg     590.4 ms] [cut] pack
[dbg     592.0 ms] [cut] d2h
[dbg     592.4 ms] [atto] start
[dbg     594.5 ms] [atto] csc
[dbg     594.5 ms] [atto] h2d
[dbg     594.5 ms] [atto] count
[dbg     594.6 ms] [atto] scan
[dbg     594.6 ms] [atto] expand
[dbg     595.2 ms] [atto] sort
[dbg     595.7 ms] [atto] reduce
[dbg     596.4 ms] [atto] final
[dbg     596.5 ms] [atto] pack
[dbg     597.7 ms] [atto] d2h
[dbg     598.1 ms] [attg] start
[dbg     598.5 ms] [attg] csc
[dbg     598.5 ms] [attg] h2d
[dbg     598.6 ms] [attg] count
[dbg     598.8 ms] [attg] scan
[dbg     599.1 ms] [attg] expand
[dbg     600.1 ms] [attg] compact
[dbg     600.5 ms] [attg] sort
[dbg     600.8 ms] [attg] reduce
[dbg     601.4 ms] [attg] final
[dbg     601.4 ms] [attg] pack
[dbg     602.6 ms] [attg] d2h
[dbg     603.0 ms] [attc] start
[dbg     603.4 ms] [attc] csc
[dbg     603.4 ms] [attc] h2d
[dbg     603.4 ms] [attc] count
[dbg     603.7 ms] [attc] scan
[dbg     603.7 ms] [attc] expand
[dbg     603.8 ms] [attc] compact
[dbg     603.9 ms] [attc] sort
[dbg     604.0 ms] [attc] reduce
[dbg     604.0 ms] [attc] final
[dbg     604.1 ms] [attc] pack
[dbg     605.0 ms] [attc] d2h
[dbg     605.5 ms] [atti] start
[dbg     605.8 ms] [atti] csc
[dbg     605.8 ms] [atti] h2d
[dbg     605.8 ms] [atti] count
[dbg     606.0 ms] [atti] scan
[dbg     606.1 ms] [atti] expand
[dbg     606.1 ms] [atti] compact
[dbg     606.3 ms] [atti] sort
[dbg     606.3 ms] [atti] reduce
[dbg     606.4 ms] [atti] final
[dbg     606.4 ms] [atti] symbolic
[dbg     606.4 ms] [atti] numeric
[dbg     606.4 ms] [atti] pack
[dbg     607.3 ms] [atti] d2h
[dbg     607.8 ms] [cut] start
[dbg     608.0 ms] [cut] h2d
[dbg     608.2 ms] [cut] transpose
[dbg     608.3 ms] cusparse: workEstimation begin
[dbg     608.3 ms] [cut] workest (buf1=150391 B)
[dbg     608.3 ms] cusparse: compute begin
[dbg     608.7 ms] [cut] compute (buf2=4301999 B)
[dbg     608.7 ms] cusparse: C size = 1072 x 1072, nnz=62316
[dbg     608.7 ms] cusparse: copy begin
[dbg     608.7 ms] [cut] copy
[dbg     608.8 ms] [cut] pack
[dbg     609.7 ms] [cut] d2h
[dbg     610.1 ms] [atto] start
[dbg     610.3 ms] [atto] csc
[dbg     610.3 ms] [atto] h2d
[dbg     610.3 ms] [atto] count
[dbg     610.4 ms] [atto] scan
[dbg     610.4 ms] [atto] expand
[dbg     610.8 ms] [atto] sort
[dbg     610.9 ms] [atto] reduce
[dbg     611.1 ms] [atto] final
[dbg     611.1 ms] [atto] pack
[dbg     612.0 ms] [atto] d2h
[dbg     612.4 ms] [attg] start
[dbg     612.7 ms] [attg] csc
[dbg     612.7 ms] [attg] h2d
[dbg     612.7 ms] [attg] count
[dbg     612.9 ms] [attg] scan
[dbg     612.9 ms] [attg] expand
[dbg     613.0 ms] [attg] compact
[dbg     613.1 ms] [attg] sort
[dbg     613.2 ms] [attg] reduce
[dbg     613.2 ms] [attg] final
[dbg     613.2 ms] [attg] pack
[dbg     614.2 ms] [attg] d2h
[dbg     614.6 ms] [attc] start
[dbg     614.9 ms] [attc] csc
[dbg     614.9 ms] [attc] h2d
[dbg     614.9 ms] [attc] count
[dbg     615.0 ms] [attc] scan
[dbg     615.1 ms] [attc] expand
[dbg     615.2 ms] [attc] compact
[dbg     615.3 ms] [attc] sort
[dbg     615.3 ms] [attc] reduce
[dbg     615.4 ms] [attc] final
[dbg     615.4 ms] [attc] pack
[dbg     616.4 ms] [attc] d2h
[dbg     616.9 ms] [atti] start
[dbg     617.2 ms] [atti] csc
[dbg     617.2 ms] [atti] h2d
[dbg     617.2 ms] [atti] count
[dbg     617.4 ms] [atti] scan
[dbg     617.4 ms] [atti] expand
[dbg     617.5 ms] [atti] compact
[dbg     617.6 ms] [atti] sort
[dbg     617.7 ms] [atti] reduce
[dbg     617.8 ms] [atti] final
[dbg     617.8 ms] [atti] symbolic
[dbg     617.8 ms] [atti] numeric
[dbg     617.8 ms] [atti] pack
[dbg     619.2 ms] [atti] d2h
Reading matrix from ./data/first100/can_1072.mtx...
Input A: 1072 x 1072, nnz = 12444, sparsity = 98.92%
===============WARMING UP (att)===============
=== Computing C = A x A^T (cuSPARSE) ===
Result C (A·Aᵀ 全量): 1072 x 1072, nnz = 62316
Time: 1.968 ms

=== Computing C = A x A^T upper (outer) ===
Result C (A·Aᵀ 上三角): 1072 x 1072, nnz = 31694
Time: 2.052 ms

=== Computing C = A x A^T upper (Gustavson) ===
Result C (A·Aᵀ 上三角): 1072 x 1072, nnz = 31694
Time: 1.912 ms

=== Computing C = A x A^T upper (colwise) ===
Result C (A·Aᵀ 上三角): 1072 x 1072, nnz = 31694
Time: 2.009 ms

=== Computing C = A x A^T upper (inner) ===
Result C (A·Aᵀ 上三角): 1072 x 1072, nnz = 31694
Time: 2.506 ms

=== All att tests completed ===
Processing can_144 (att) ... (max 600s)
[dbg       0.0 ms] main entry, initializing CUDA context...
[dbg     584.3 ms] CUDA context ready
[dbg     584.4 ms] start read_matrix_market: ./data/first100/can_144.mtx
[dbg     584.6 ms] read done: 144 x 144, nnz=1296
[dbg     584.6 ms] [cut] start
[dbg     592.6 ms] [cut] h2d
[dbg     615.4 ms] [cut] transpose
[dbg     615.7 ms] cusparse: workEstimation begin
[dbg     619.7 ms] [cut] workest (buf1=16615 B)
[dbg     619.7 ms] cusparse: compute begin
[dbg     621.7 ms] [cut] compute (buf2=316439 B)
[dbg     621.7 ms] cusparse: C size = 144 x 144, nnz=3456
[dbg     621.7 ms] cusparse: copy begin
[dbg     622.1 ms] [cut] copy
[dbg     622.1 ms] [cut] pack
[dbg     623.9 ms] [cut] d2h
[dbg     624.5 ms] [atto] start
[dbg     627.2 ms] [atto] csc
[dbg     627.3 ms] [atto] h2d
[dbg     627.6 ms] [atto] count
[dbg     627.9 ms] [atto] scan
[dbg     628.2 ms] [atto] expand
[dbg     628.6 ms] [atto] sort
[dbg     629.0 ms] [atto] reduce
[dbg     629.6 ms] [atto] final
[dbg     629.6 ms] [atto] pack
[dbg     631.0 ms] [atto] d2h
[dbg     631.5 ms] [attg] start
[dbg     631.9 ms] [attg] csc
[dbg     631.9 ms] [attg] h2d
[dbg     632.3 ms] [attg] count
[dbg     632.6 ms] [attg] scan
[dbg     632.9 ms] [attg] expand
[dbg     633.2 ms] [attg] compact
[dbg     633.6 ms] [attg] sort
[dbg     634.0 ms] [attg] reduce
[dbg     634.7 ms] [attg] final
[dbg     634.7 ms] [attg] pack
[dbg     635.7 ms] [attg] d2h
[dbg     636.2 ms] [attc] start
[dbg     636.6 ms] [attc] csc
[dbg     636.6 ms] [attc] h2d
[dbg     636.7 ms] [attc] count
[dbg     636.7 ms] [attc] scan
[dbg     636.8 ms] [attc] expand
[dbg     637.4 ms] [attc] compact
[dbg     637.8 ms] [attc] sort
[dbg     638.1 ms] [attc] reduce
[dbg     638.8 ms] [attc] final
[dbg     638.8 ms] [attc] pack
[dbg     639.7 ms] [attc] d2h
[dbg     640.1 ms] [atti] start
[dbg     640.4 ms] [atti] csc
[dbg     640.4 ms] [atti] h2d
[dbg     640.4 ms] [atti] count
[dbg     640.5 ms] [atti] scan
[dbg     640.5 ms] [atti] expand
[dbg     640.6 ms] [atti] compact
[dbg     640.7 ms] [atti] sort
[dbg     640.7 ms] [atti] reduce
[dbg     640.8 ms] [atti] final
[dbg     640.8 ms] [atti] symbolic
[dbg     640.8 ms] [atti] numeric
[dbg     640.8 ms] [atti] pack
[dbg     641.7 ms] [atti] d2h
[dbg     642.2 ms] [cut] start
[dbg     642.4 ms] [cut] h2d
[dbg     642.6 ms] [cut] transpose
[dbg     642.7 ms] cusparse: workEstimation begin
[dbg     642.7 ms] [cut] workest (buf1=16615 B)
[dbg     642.7 ms] cusparse: compute begin
[dbg     642.9 ms] [cut] compute (buf2=316439 B)
[dbg     642.9 ms] cusparse: C size = 144 x 144, nnz=3456
[dbg     642.9 ms] cusparse: copy begin
[dbg     642.9 ms] [cut] copy
[dbg     642.9 ms] [cut] pack
[dbg     643.9 ms] [cut] d2h
[dbg     644.3 ms] [atto] start
[dbg     644.9 ms] [atto] csc
[dbg     644.9 ms] [atto] h2d
[dbg     645.2 ms] [atto] count
[dbg     645.5 ms] [atto] scan
[dbg     645.9 ms] [atto] expand
[dbg     646.3 ms] [atto] sort
[dbg     646.6 ms] [atto] reduce
[dbg     647.2 ms] [atto] final
[dbg     647.2 ms] [atto] pack
[dbg     648.1 ms] [atto] d2h
[dbg     648.6 ms] [attg] start
[dbg     649.2 ms] [attg] csc
[dbg     649.2 ms] [attg] h2d
[dbg     649.5 ms] [attg] count
[dbg     649.8 ms] [attg] scan
[dbg     650.1 ms] [attg] expand
[dbg     650.9 ms] [attg] compact
[dbg     651.3 ms] [attg] sort
[dbg     651.6 ms] [attg] reduce
[dbg     651.9 ms] [attg] final
[dbg     651.9 ms] [attg] pack
[dbg     652.8 ms] [attg] d2h
[dbg     653.3 ms] [attc] start
[dbg     654.0 ms] [attc] csc
[dbg     654.0 ms] [attc] h2d
[dbg     654.3 ms] [attc] count
[dbg     654.6 ms] [attc] scan
[dbg     654.9 ms] [attc] expand
[dbg     655.9 ms] [attc] compact
[dbg     656.3 ms] [attc] sort
[dbg     656.6 ms] [attc] reduce
[dbg     656.9 ms] [attc] final
[dbg     657.0 ms] [attc] pack
[dbg     657.9 ms] [attc] d2h
[dbg     658.3 ms] [atti] start
[dbg     658.4 ms] [atti] csc
[dbg     658.5 ms] [atti] h2d
[dbg     658.5 ms] [atti] count
[dbg     658.5 ms] [atti] scan
[dbg     658.5 ms] [atti] expand
[dbg     658.6 ms] [atti] compact
[dbg     658.8 ms] [atti] sort
[dbg     658.8 ms] [atti] reduce
[dbg     658.9 ms] [atti] final
[dbg     658.9 ms] [atti] symbolic
[dbg     658.9 ms] [atti] numeric
[dbg     658.9 ms] [atti] pack
[dbg     659.9 ms] [atti] d2h
Reading matrix from ./data/first100/can_144.mtx...
Input A: 144 x 144, nnz = 1296, sparsity = 93.75%
===============WARMING UP (att)===============
=== Computing C = A x A^T (cuSPARSE) ===
Result C (A·Aᵀ 全量): 144 x 144, nnz = 3456
Time: 1.766 ms

=== Computing C = A x A^T upper (outer) ===
Result C (A·Aᵀ 上三角): 144 x 144, nnz = 1800
Time: 4.007 ms

=== Computing C = A x A^T upper (Gustavson) ===
Result C (A·Aᵀ 上三角): 144 x 144, nnz = 1800
Time: 4.474 ms

=== Computing C = A x A^T upper (colwise) ===
Result C (A·Aᵀ 上三角): 144 x 144, nnz = 1800
Time: 4.634 ms

=== Computing C = A x A^T upper (inner) ===
Result C (A·Aᵀ 上三角): 144 x 144, nnz = 1800
Time: 1.738 ms

=== All att tests completed ===
Processing can_161 (att) ... (max 600s)
[dbg       0.0 ms] main entry, initializing CUDA context...
[dbg     575.1 ms] CUDA context ready
[dbg     575.3 ms] start read_matrix_market: ./data/first100/can_161.mtx
[dbg     575.4 ms] read done: 161 x 161, nnz=1377
[dbg     575.4 ms] [cut] start
[dbg     582.9 ms] [cut] h2d
[dbg     603.5 ms] [cut] transpose
[dbg     603.6 ms] cusparse: workEstimation begin
[dbg     607.4 ms] [cut] workest (buf1=17587 B)
[dbg     607.4 ms] cusparse: compute begin
[dbg     608.1 ms] [cut] compute (buf2=293551 B)
[dbg     608.1 ms] cusparse: C size = 161 x 161, nnz=3761
[dbg     608.1 ms] cusparse: copy begin
[dbg     608.2 ms] [cut] copy
[dbg     608.3 ms] [cut] pack
[dbg     609.8 ms] [cut] d2h
[dbg     610.3 ms] [atto] start
[dbg     612.7 ms] [atto] csc
[dbg     612.7 ms] [atto] h2d
[dbg     613.0 ms] [atto] count
[dbg     613.0 ms] [atto] scan
[dbg     613.1 ms] [atto] expand
[dbg     613.3 ms] [atto] sort
[dbg     613.5 ms] [atto] reduce
[dbg     613.5 ms] [atto] final
[dbg     613.5 ms] [atto] pack
[dbg     614.9 ms] [atto] d2h
[dbg     615.4 ms] [attg] start
[dbg     616.0 ms] [attg] csc
[dbg     616.0 ms] [attg] h2d
[dbg     616.3 ms] [attg] count
[dbg     616.6 ms] [attg] scan
[dbg     616.6 ms] [attg] expand
[dbg     616.8 ms] [attg] compact
[dbg     616.9 ms] [attg] sort
[dbg     616.9 ms] [attg] reduce
[dbg     617.0 ms] [attg] final
[dbg     617.0 ms] [attg] pack
[dbg     618.1 ms] [attg] d2h
[dbg     618.6 ms] [attc] start
[dbg     619.3 ms] [attc] csc
[dbg     619.3 ms] [attc] h2d
[dbg     619.5 ms] [attc] count
[dbg     619.9 ms] [attc] scan
[dbg     619.9 ms] [attc] expand
[dbg     620.6 ms] [attc] compact
[dbg     621.0 ms] [attc] sort
[dbg     621.3 ms] [attc] reduce
[dbg     621.9 ms] [attc] final
[dbg     621.9 ms] [attc] pack
[dbg     622.9 ms] [attc] d2h
[dbg     623.3 ms] [atti] start
[dbg     623.6 ms] [atti] csc
[dbg     623.6 ms] [atti] h2d
[dbg     623.6 ms] [atti] count
[dbg     623.7 ms] [atti] scan
[dbg     623.7 ms] [atti] expand
[dbg     623.7 ms] [atti] compact
[dbg     623.9 ms] [atti] sort
[dbg     624.2 ms] [atti] reduce
[dbg     624.5 ms] [atti] final
[dbg     624.5 ms] [atti] symbolic
[dbg     624.5 ms] [atti] numeric
[dbg     624.5 ms] [atti] pack
[dbg     625.4 ms] [atti] d2h
[dbg     625.8 ms] [cut] start
[dbg     625.9 ms] [cut] h2d
[dbg     626.1 ms] [cut] transpose
[dbg     626.2 ms] cusparse: workEstimation begin
[dbg     626.3 ms] [cut] workest (buf1=17587 B)
[dbg     626.3 ms] cusparse: compute begin
[dbg     626.4 ms] [cut] compute (buf2=293551 B)
[dbg     626.4 ms] cusparse: C size = 161 x 161, nnz=3761
[dbg     626.4 ms] cusparse: copy begin
[dbg     626.5 ms] [cut] copy
[dbg     626.5 ms] [cut] pack
[dbg     627.4 ms] [cut] d2h
[dbg     627.7 ms] [atto] start
[dbg     628.4 ms] [atto] csc
[dbg     628.4 ms] [atto] h2d
[dbg     628.7 ms] [atto] count
[dbg     629.0 ms] [atto] scan
[dbg     629.3 ms] [atto] expand
[dbg     629.8 ms] [atto] sort
[dbg     630.1 ms] [atto] reduce
[dbg     630.7 ms] [atto] final
[dbg     630.7 ms] [atto] pack
[dbg     631.5 ms] [atto] d2h
[dbg     632.0 ms] [attg] start
[dbg     632.3 ms] [attg] csc
[dbg     632.3 ms] [attg] h2d
[dbg     632.3 ms] [attg] count
[dbg     632.4 ms] [attg] scan
[dbg     632.4 ms] [attg] expand
[dbg     632.5 ms] [attg] compact
[dbg     632.6 ms] [attg] sort
[dbg     632.9 ms] [attg] reduce
[dbg     633.5 ms] [attg] final
[dbg     633.5 ms] [attg] pack
[dbg     634.4 ms] [attg] d2h
[dbg     634.9 ms] [attc] start
[dbg     635.2 ms] [attc] csc
[dbg     635.2 ms] [attc] h2d
[dbg     635.2 ms] [attc] count
[dbg     635.2 ms] [attc] scan
[dbg     635.3 ms] [attc] expand
[dbg     635.3 ms] [attc] compact
[dbg     635.4 ms] [attc] sort
[dbg     635.5 ms] [attc] reduce
[dbg     635.5 ms] [attc] final
[dbg     635.5 ms] [attc] pack
[dbg     636.3 ms] [attc] d2h
[dbg     636.7 ms] [atti] start
[dbg     637.3 ms] [atti] csc
[dbg     637.3 ms] [atti] h2d
[dbg     637.7 ms] [atti] count
[dbg     637.8 ms] [atti] scan
[dbg     638.1 ms] [atti] expand
[dbg     639.0 ms] [atti] compact
[dbg     639.4 ms] [atti] sort
[dbg     639.4 ms] [atti] reduce
[dbg     639.4 ms] [atti] final
[dbg     639.4 ms] [atti] symbolic
[dbg     639.5 ms] [atti] numeric
[dbg     639.5 ms] [atti] pack
[dbg     640.3 ms] [atti] d2h
Reading matrix from ./data/first100/can_161.mtx...
Input A: 161 x 161, nnz = 1377, sparsity = 94.69%
===============WARMING UP (att)===============
=== Computing C = A x A^T (cuSPARSE) ===
Result C (A·Aᵀ 全量): 161 x 161, nnz = 3761
Time: 1.665 ms

=== Computing C = A x A^T upper (outer) ===
Result C (A·Aᵀ 上三角): 161 x 161, nnz = 1961
Time: 3.987 ms

=== Computing C = A x A^T upper (Gustavson) ===
Result C (A·Aᵀ 上三角): 161 x 161, nnz = 1961
Time: 2.530 ms

=== Computing C = A x A^T upper (colwise) ===
Result C (A·Aᵀ 上三角): 161 x 161, nnz = 1961
Time: 1.584 ms

=== Computing C = A x A^T upper (inner) ===
Result C (A·Aᵀ 上三角): 161 x 161, nnz = 1961
Time: 3.710 ms

=== All att tests completed ===
Processing can_187 (att) ... (max 600s)
[dbg       0.0 ms] main entry, initializing CUDA context...
[dbg     569.6 ms] CUDA context ready
[dbg     569.7 ms] start read_matrix_market: ./data/first100/can_187.mtx
[dbg     569.9 ms] read done: 187 x 187, nnz=1491
[dbg     569.9 ms] [cut] start
[dbg     583.7 ms] [cut] h2d
[dbg     617.3 ms] [cut] transpose
[dbg     617.7 ms] cusparse: workEstimation begin
[dbg     622.7 ms] [cut] workest (buf1=18955 B)
[dbg     622.7 ms] cusparse: compute begin
[dbg     623.5 ms] [cut] compute (buf2=299599 B)
[dbg     623.6 ms] cusparse: C size = 187 x 187, nnz=3719
[dbg     623.6 ms] cusparse: copy begin
[dbg     623.7 ms] [cut] copy
[dbg     623.7 ms] [cut] pack
[dbg     625.5 ms] [cut] d2h
[dbg     626.0 ms] [atto] start
[dbg     628.2 ms] [atto] csc
[dbg     628.2 ms] [atto] h2d
[dbg     628.3 ms] [atto] count
[dbg     628.3 ms] [atto] scan
[dbg     628.4 ms] [atto] expand
[dbg     628.6 ms] [atto] sort
[dbg     628.9 ms] [atto] reduce
[dbg     628.9 ms] [atto] final
[dbg     629.0 ms] [atto] pack
[dbg     630.4 ms] [atto] d2h
[dbg     630.9 ms] [attg] start
[dbg     631.1 ms] [attg] csc
[dbg     631.1 ms] [attg] h2d
[dbg     631.1 ms] [attg] count
[dbg     631.2 ms] [attg] scan
[dbg     631.2 ms] [attg] expand
[dbg     631.4 ms] [attg] compact
[dbg     631.5 ms] [attg] sort
[dbg     631.6 ms] [attg] reduce
[dbg     631.6 ms] [attg] final
[dbg     631.7 ms] [attg] pack
[dbg     632.9 ms] [attg] d2h
[dbg     633.3 ms] [attc] start
[dbg     633.6 ms] [attc] csc
[dbg     633.6 ms] [attc] h2d
[dbg     633.6 ms] [attc] count
[dbg     633.7 ms] [attc] scan
[dbg     633.7 ms] [attc] expand
[dbg     633.8 ms] [attc] compact
[dbg     633.9 ms] [attc] sort
[dbg     634.0 ms] [attc] reduce
[dbg     634.1 ms] [attc] final
[dbg     634.1 ms] [attc] pack
[dbg     635.0 ms] [attc] d2h
[dbg     635.4 ms] [atti] start
[dbg     635.7 ms] [atti] csc
[dbg     635.7 ms] [atti] h2d
[dbg     635.7 ms] [atti] count
[dbg     635.7 ms] [atti] scan
[dbg     635.8 ms] [atti] expand
[dbg     635.8 ms] [atti] compact
[dbg     636.0 ms] [atti] sort
[dbg     636.0 ms] [atti] reduce
[dbg     636.1 ms] [atti] final
[dbg     636.1 ms] [atti] symbolic
[dbg     636.1 ms] [atti] numeric
[dbg     636.1 ms] [atti] pack
[dbg     637.0 ms] [atti] d2h
[dbg     637.5 ms] [cut] start
[dbg     637.6 ms] [cut] h2d
[dbg     637.7 ms] [cut] transpose
[dbg     637.8 ms] cusparse: workEstimation begin
[dbg     637.8 ms] [cut] workest (buf1=18955 B)
[dbg     637.8 ms] cusparse: compute begin
[dbg     638.0 ms] [cut] compute (buf2=299599 B)
[dbg     638.0 ms] cusparse: C size = 187 x 187, nnz=3719
[dbg     638.0 ms] cusparse: copy begin
[dbg     638.1 ms] [cut] copy
[dbg     638.1 ms] [cut] pack
[dbg     639.0 ms] [cut] d2h
[dbg     639.5 ms] [atto] start
[dbg     639.7 ms] [atto] csc
[dbg     639.7 ms] [atto] h2d
[dbg     639.7 ms] [atto] count
[dbg     639.7 ms] [atto] scan
[dbg     639.8 ms] [atto] expand
[dbg     639.9 ms] [atto] sort
[dbg     639.9 ms] [atto] reduce
[dbg     640.0 ms] [atto] final
[dbg     640.0 ms] [atto] pack
[dbg     640.9 ms] [atto] d2h
[dbg     641.4 ms] [attg] start
[dbg     641.6 ms] [attg] csc
[dbg     641.6 ms] [attg] h2d
[dbg     641.6 ms] [attg] count
[dbg     641.7 ms] [attg] scan
[dbg     641.7 ms] [attg] expand
[dbg     641.8 ms] [attg] compact
[dbg     641.9 ms] [attg] sort
[dbg     641.9 ms] [attg] reduce
[dbg     642.0 ms] [attg] final
[dbg     642.0 ms] [attg] pack
[dbg     642.9 ms] [attg] d2h
[dbg     643.3 ms] [attc] start
[dbg     643.5 ms] [attc] csc
[dbg     643.5 ms] [attc] h2d
[dbg     643.6 ms] [attc] count
[dbg     643.6 ms] [attc] scan
[dbg     643.6 ms] [attc] expand
[dbg     643.7 ms] [attc] compact
[dbg     643.8 ms] [attc] sort
[dbg     643.9 ms] [attc] reduce
[dbg     643.9 ms] [attc] final
[dbg     644.0 ms] [attc] pack
[dbg     644.8 ms] [attc] d2h
[dbg     645.2 ms] [atti] start
[dbg     645.5 ms] [atti] csc
[dbg     645.5 ms] [atti] h2d
[dbg     645.5 ms] [atti] count
[dbg     645.5 ms] [atti] scan
[dbg     645.6 ms] [atti] expand
[dbg     645.6 ms] [atti] compact
[dbg     645.8 ms] [atti] sort
[dbg     645.8 ms] [atti] reduce
[dbg     645.9 ms] [atti] final
[dbg     645.9 ms] [atti] symbolic
[dbg     645.9 ms] [atti] numeric
[dbg     645.9 ms] [atti] pack
[dbg     646.8 ms] [atti] d2h
Reading matrix from ./data/first100/can_187.mtx...
Input A: 187 x 187, nnz = 1491, sparsity = 95.74%
===============WARMING UP (att)===============
=== Computing C = A x A^T (cuSPARSE) ===
Result C (A·Aᵀ 全量): 187 x 187, nnz = 3719
Time: 1.631 ms

=== Computing C = A x A^T upper (outer) ===
Result C (A·Aᵀ 上三角): 187 x 187, nnz = 1953
Time: 1.568 ms

=== Computing C = A x A^T upper (Gustavson) ===
Result C (A·Aᵀ 上三角): 187 x 187, nnz = 1953
Time: 1.654 ms

=== Computing C = A x A^T upper (colwise) ===
Result C (A·Aᵀ 上三角): 187 x 187, nnz = 1953
Time: 1.633 ms

=== Computing C = A x A^T upper (inner) ===
Result C (A·Aᵀ 上三角): 187 x 187, nnz = 1953
Time: 1.651 ms

=== All att tests completed ===
Processing can_229 (att) ... (max 600s)
[dbg       0.0 ms] main entry, initializing CUDA context...
[dbg     570.9 ms] CUDA context ready
[dbg     571.0 ms] start read_matrix_market: ./data/first100/can_229.mtx
[dbg     571.2 ms] read done: 229 x 229, nnz=1777
[dbg     571.2 ms] [cut] start
[dbg     578.3 ms] [cut] h2d
[dbg     595.3 ms] [cut] transpose
[dbg     595.4 ms] cusparse: workEstimation begin
[dbg     598.6 ms] [cut] workest (buf1=22387 B)
[dbg     598.6 ms] cusparse: compute begin
[dbg     600.6 ms] [cut] compute (buf2=361103 B)
[dbg     600.6 ms] cusparse: C size = 229 x 229, nnz=5017
[dbg     600.7 ms] cusparse: copy begin
[dbg     601.0 ms] [cut] copy
[dbg     601.0 ms] [cut] pack
[dbg     602.4 ms] [cut] d2h
[dbg     602.9 ms] [atto] start
[dbg     604.4 ms] [atto] csc
[dbg     604.4 ms] [atto] h2d
[dbg     604.4 ms] [atto] count
[dbg     604.5 ms] [atto] scan
[dbg     604.7 ms] [atto] expand
[dbg     605.1 ms] [atto] sort
[dbg     605.5 ms] [atto] reduce
[dbg     606.1 ms] [atto] final
[dbg     606.2 ms] [atto] pack
[dbg     607.3 ms] [atto] d2h
[dbg     607.8 ms] [attg] start
[dbg     608.3 ms] [attg] csc
[dbg     608.3 ms] [attg] h2d
[dbg     608.6 ms] [attg] count
[dbg     609.0 ms] [attg] scan
[dbg     609.3 ms] [attg] expand
[dbg     610.2 ms] [attg] compact
[dbg     610.3 ms] [attg] sort
[dbg     610.4 ms] [attg] reduce
[dbg     610.4 ms] [attg] final
[dbg     610.4 ms] [attg] pack
[dbg     611.2 ms] [attg] d2h
[dbg     611.6 ms] [attc] start
[dbg     611.9 ms] [attc] csc
[dbg     611.9 ms] [attc] h2d
[dbg     611.9 ms] [attc] count
[dbg     612.0 ms] [attc] scan
[dbg     612.0 ms] [attc] expand
[dbg     612.1 ms] [attc] compact
[dbg     612.2 ms] [attc] sort
[dbg     612.2 ms] [attc] reduce
[dbg     612.2 ms] [attc] final
[dbg     612.3 ms] [attc] pack
[dbg     613.0 ms] [attc] d2h
[dbg     613.3 ms] [atti] start
[dbg     613.7 ms] [atti] csc
[dbg     613.7 ms] [atti] h2d
[dbg     613.7 ms] [atti] count
[dbg     613.8 ms] [atti] scan
[dbg     613.8 ms] [atti] expand
[dbg     613.8 ms] [atti] compact
[dbg     614.0 ms] [atti] sort
[dbg     614.0 ms] [atti] reduce
[dbg     614.0 ms] [atti] final
[dbg     614.0 ms] [atti] symbolic
[dbg     614.1 ms] [atti] numeric
[dbg     614.1 ms] [atti] pack
[dbg     614.8 ms] [atti] d2h
[dbg     615.2 ms] [cut] start
[dbg     615.3 ms] [cut] h2d
[dbg     615.4 ms] [cut] transpose
[dbg     615.5 ms] cusparse: workEstimation begin
[dbg     615.5 ms] [cut] workest (buf1=22387 B)
[dbg     615.5 ms] cusparse: compute begin
[dbg     615.7 ms] [cut] compute (buf2=361103 B)
[dbg     615.7 ms] cusparse: C size = 229 x 229, nnz=5017
[dbg     615.7 ms] cusparse: copy begin
[dbg     615.7 ms] [cut] copy
[dbg     615.7 ms] [cut] pack
[dbg     616.4 ms] [cut] d2h
[dbg     616.8 ms] [atto] start
[dbg     616.9 ms] [atto] csc
[dbg     617.0 ms] [atto] h2d
[dbg     617.0 ms] [atto] count
[dbg     617.0 ms] [atto] scan
[dbg     617.0 ms] [atto] expand
[dbg     617.1 ms] [atto] sort
[dbg     617.2 ms] [atto] reduce
[dbg     617.2 ms] [atto] final
[dbg     617.2 ms] [atto] pack
[dbg     617.9 ms] [atto] d2h
[dbg     618.3 ms] [attg] start
[dbg     618.4 ms] [attg] csc
[dbg     618.5 ms] [attg] h2d
[dbg     618.5 ms] [attg] count
[dbg     618.5 ms] [attg] scan
[dbg     618.5 ms] [attg] expand
[dbg     618.6 ms] [attg] compact
[dbg     618.7 ms] [attg] sort
[dbg     618.7 ms] [attg] reduce
[dbg     618.8 ms] [attg] final
[dbg     618.8 ms] [attg] pack
[dbg     619.5 ms] [attg] d2h
[dbg     619.9 ms] [attc] start
[dbg     620.0 ms] [attc] csc
[dbg     620.0 ms] [attc] h2d
[dbg     620.0 ms] [attc] count
[dbg     620.1 ms] [attc] scan
[dbg     620.1 ms] [attc] expand
[dbg     620.2 ms] [attc] compact
[dbg     620.3 ms] [attc] sort
[dbg     620.3 ms] [attc] reduce
[dbg     620.3 ms] [attc] final
[dbg     620.4 ms] [attc] pack
[dbg     621.0 ms] [attc] d2h
[dbg     621.4 ms] [atti] start
[dbg     621.5 ms] [atti] csc
[dbg     621.5 ms] [atti] h2d
[dbg     621.6 ms] [atti] count
[dbg     621.6 ms] [atti] scan
[dbg     621.6 ms] [atti] expand
[dbg     621.7 ms] [atti] compact
[dbg     621.8 ms] [atti] sort
[dbg     621.8 ms] [atti] reduce
[dbg     621.9 ms] [atti] final
[dbg     621.9 ms] [atti] symbolic
[dbg     621.9 ms] [atti] numeric
[dbg     621.9 ms] [atti] pack
[dbg     622.6 ms] [atti] d2h
Reading matrix from ./data/first100/can_229.mtx...
Input A: 229 x 229, nnz = 1777, sparsity = 96.61%
===============WARMING UP (att)===============
=== Computing C = A x A^T (cuSPARSE) ===
Result C (A·Aᵀ 全量): 229 x 229, nnz = 5017
Time: 1.335 ms

=== Computing C = A x A^T upper (outer) ===
Result C (A·Aᵀ 上三角): 229 x 229, nnz = 2623
Time: 1.235 ms

=== Computing C = A x A^T upper (Gustavson) ===
Result C (A·Aᵀ 上三角): 229 x 229, nnz = 2623
Time: 1.307 ms

=== Computing C = A x A^T upper (colwise) ===
Result C (A·Aᵀ 上三角): 229 x 229, nnz = 2623
Time: 1.269 ms

=== Computing C = A x A^T upper (inner) ===
Result C (A·Aᵀ 上三角): 229 x 229, nnz = 2623
Time: 1.332 ms

=== All att tests completed ===
Processing can_24 (att) ... (max 600s)
[dbg       0.0 ms] main entry, initializing CUDA context...
[dbg     582.7 ms] CUDA context ready
[dbg     582.8 ms] start read_matrix_market: ./data/first100/can_24.mtx
[dbg     582.8 ms] read done: 24 x 24, nnz=160
[dbg     582.8 ms] [cut] start
[dbg     590.8 ms] [cut] h2d
[dbg     611.8 ms] [cut] transpose
[dbg     612.2 ms] cusparse: workEstimation begin
[dbg     617.1 ms] [cut] workest (buf1=2983 B)
[dbg     617.1 ms] cusparse: compute begin
[dbg     619.3 ms] [cut] compute (buf2=32599 B)
[dbg     619.3 ms] cusparse: C size = 24 x 24, nnz=336
[dbg     619.4 ms] cusparse: copy begin
[dbg     619.5 ms] [cut] copy
[dbg     619.5 ms] [cut] pack
[dbg     620.9 ms] [cut] d2h
[dbg     621.4 ms] [atto] start
[dbg     623.9 ms] [atto] csc
[dbg     623.9 ms] [atto] h2d
[dbg     624.2 ms] [atto] count
[dbg     624.6 ms] [atto] scan
[dbg     624.9 ms] [atto] expand
[dbg     625.5 ms] [atto] sort
[dbg     625.8 ms] [atto] reduce
[dbg     625.9 ms] [atto] final
[dbg     625.9 ms] [atto] pack
[dbg     627.2 ms] [atto] d2h
[dbg     627.6 ms] [attg] start
[dbg     628.2 ms] [attg] csc
[dbg     628.2 ms] [attg] h2d
[dbg     628.5 ms] [attg] count
[dbg     628.5 ms] [attg] scan
[dbg     628.5 ms] [attg] expand
[dbg     628.7 ms] [attg] compact
[dbg     628.7 ms] [attg] sort
[dbg     628.8 ms] [attg] reduce
[dbg     628.8 ms] [attg] final
[dbg     628.8 ms] [attg] pack
[dbg     629.8 ms] [attg] d2h
[dbg     630.2 ms] [attc] start
[dbg     630.5 ms] [attc] csc
[dbg     630.5 ms] [attc] h2d
[dbg     630.6 ms] [attc] count
[dbg     630.6 ms] [attc] scan
[dbg     630.7 ms] [attc] expand
[dbg     630.7 ms] [attc] compact
[dbg     630.8 ms] [attc] sort
[dbg     630.8 ms] [attc] reduce
[dbg     630.9 ms] [attc] final
[dbg     630.9 ms] [attc] pack
[dbg     631.8 ms] [attc] d2h
[dbg     632.1 ms] [atti] start
[dbg     632.4 ms] [atti] csc
[dbg     632.4 ms] [atti] h2d
[dbg     632.5 ms] [atti] count
[dbg     632.5 ms] [atti] scan
[dbg     632.5 ms] [atti] expand
[dbg     632.6 ms] [atti] compact
[dbg     632.6 ms] [atti] sort
[dbg     632.7 ms] [atti] reduce
[dbg     632.7 ms] [atti] final
[dbg     632.7 ms] [atti] symbolic
[dbg     632.7 ms] [atti] numeric
[dbg     632.8 ms] [atti] pack
[dbg     633.5 ms] [atti] d2h
[dbg     634.0 ms] [cut] start
[dbg     634.1 ms] [cut] h2d
[dbg     634.5 ms] [cut] transpose
[dbg     634.8 ms] cusparse: workEstimation begin
[dbg     635.1 ms] [cut] workest (buf1=2983 B)
[dbg     635.1 ms] cusparse: compute begin
[dbg     635.3 ms] [cut] compute (buf2=32599 B)
[dbg     635.3 ms] cusparse: C size = 24 x 24, nnz=336
[dbg     635.3 ms] cusparse: copy begin
[dbg     635.4 ms] [cut] copy
[dbg     635.4 ms] [cut] pack
[dbg     636.2 ms] [cut] d2h
[dbg     636.6 ms] [atto] start
[dbg     636.9 ms] [atto] csc
[dbg     636.9 ms] [atto] h2d
[dbg     636.9 ms] [atto] count
[dbg     637.0 ms] [atto] scan
[dbg     637.0 ms] [atto] expand
[dbg     637.0 ms] [atto] sort
[dbg     637.1 ms] [atto] reduce
[dbg     637.1 ms] [atto] final
[dbg     637.1 ms] [atto] pack
[dbg     638.0 ms] [atto] d2h
[dbg     638.4 ms] [attg] start
[dbg     639.0 ms] [attg] csc
[dbg     639.0 ms] [attg] h2d
[dbg     639.3 ms] [attg] count
[dbg     639.6 ms] [attg] scan
[dbg     639.9 ms] [attg] expand
[dbg     640.2 ms] [attg] compact
[dbg     640.3 ms] [attg] sort
[dbg     640.3 ms] [attg] reduce
[dbg     640.4 ms] [attg] final
[dbg     640.4 ms] [attg] pack
[dbg     641.2 ms] [attg] d2h
[dbg     641.6 ms] [attc] start
[dbg     641.8 ms] [attc] csc
[dbg     641.8 ms] [attc] h2d
[dbg     641.8 ms] [attc] count
[dbg     641.9 ms] [attc] scan
[dbg     641.9 ms] [attc] expand
[dbg     642.0 ms] [attc] compact
[dbg     642.0 ms] [attc] sort
[dbg     642.0 ms] [attc] reduce
[dbg     642.1 ms] [attc] final
[dbg     642.1 ms] [attc] pack
[dbg     642.9 ms] [attc] d2h
[dbg     643.4 ms] [atti] start
[dbg     643.5 ms] [atti] csc
[dbg     643.5 ms] [atti] h2d
[dbg     643.5 ms] [atti] count
[dbg     643.6 ms] [atti] scan
[dbg     643.6 ms] [atti] expand
[dbg     643.7 ms] [atti] compact
[dbg     643.7 ms] [atti] sort
[dbg     643.7 ms] [atti] reduce
[dbg     643.8 ms] [atti] final
[dbg     643.8 ms] [atti] symbolic
[dbg     643.8 ms] [atti] numeric
[dbg     643.8 ms] [atti] pack
[dbg     644.6 ms] [atti] d2h
Reading matrix from ./data/first100/can_24.mtx...
Input A: 24 x 24, nnz = 160, sparsity = 72.22%
===============WARMING UP (att)===============
=== Computing C = A x A^T (cuSPARSE) ===
Result C (A·Aᵀ 全量): 24 x 24, nnz = 336
Time: 2.377 ms

=== Computing C = A x A^T upper (outer) ===
Result C (A·Aᵀ 上三角): 24 x 24, nnz = 180
Time: 1.521 ms

=== Computing C = A x A^T upper (Gustavson) ===
Result C (A·Aᵀ 上三角): 24 x 24, nnz = 180
Time: 2.925 ms

=== Computing C = A x A^T upper (colwise) ===
Result C (A·Aᵀ 上三角): 24 x 24, nnz = 180
Time: 1.391 ms

=== Computing C = A x A^T upper (inner) ===
Result C (A·Aᵀ 上三角): 24 x 24, nnz = 180
Time: 1.393 ms

=== All att tests completed ===
Processing can_256 (att) ... (max 600s)
[dbg       0.0 ms] main entry, initializing CUDA context...
[dbg     594.2 ms] CUDA context ready
[dbg     594.3 ms] start read_matrix_market: ./data/first100/can_256.mtx
[dbg     594.6 ms] read done: 256 x 256, nnz=2916
[dbg     594.6 ms] [cut] start
[dbg     602.5 ms] [cut] h2d
[dbg     623.8 ms] [cut] transpose
[dbg     623.9 ms] cusparse: workEstimation begin
[dbg     628.2 ms] [cut] workest (buf1=36055 B)
[dbg     628.3 ms] cusparse: compute begin
[dbg     630.4 ms] [cut] compute (buf2=1124503 B)
[dbg     630.4 ms] cusparse: C size = 256 x 256, nnz=18568
[dbg     630.4 ms] cusparse: copy begin
[dbg     630.8 ms] [cut] copy
[dbg     630.8 ms] [cut] pack
[dbg     632.6 ms] [cut] d2h
[dbg     633.1 ms] [atto] start
[dbg     635.1 ms] [atto] csc
[dbg     635.2 ms] [atto] h2d
[dbg     635.2 ms] [atto] count
[dbg     635.2 ms] [atto] scan
[dbg     635.3 ms] [atto] expand
[dbg     635.5 ms] [atto] sort
[dbg     635.7 ms] [atto] reduce
[dbg     635.8 ms] [atto] final
[dbg     635.8 ms] [atto] pack
[dbg     637.2 ms] [atto] d2h
[dbg     637.6 ms] [attg] start
[dbg     638.0 ms] [attg] csc
[dbg     638.0 ms] [attg] h2d
[dbg     638.0 ms] [attg] count
[dbg     638.1 ms] [attg] scan
[dbg     638.1 ms] [attg] expand
[dbg     638.3 ms] [attg] compact
[dbg     638.4 ms] [attg] sort
[dbg     638.5 ms] [attg] reduce
[dbg     638.5 ms] [attg] final
[dbg     638.6 ms] [attg] pack
[dbg     639.7 ms] [attg] d2h
[dbg     640.1 ms] [attc] start
[dbg     640.7 ms] [attc] csc
[dbg     640.7 ms] [attc] h2d
[dbg     641.0 ms] [attc] count
[dbg     641.3 ms] [attc] scan
[dbg     641.6 ms] [attc] expand
[dbg     642.6 ms] [attc] compact
[dbg     643.0 ms] [attc] sort
[dbg     643.3 ms] [attc] reduce
[dbg     643.6 ms] [attc] final
[dbg     643.6 ms] [attc] pack
[dbg     644.6 ms] [attc] d2h
[dbg     645.0 ms] [atti] start
[dbg     645.3 ms] [atti] csc
[dbg     645.3 ms] [atti] h2d
[dbg     645.3 ms] [atti] count
[dbg     645.3 ms] [atti] scan
[dbg     645.4 ms] [atti] expand
[dbg     645.5 ms] [atti] compact
[dbg     645.6 ms] [atti] sort
[dbg     645.6 ms] [atti] reduce
[dbg     645.7 ms] [atti] final
[dbg     645.7 ms] [atti] symbolic
[dbg     645.7 ms] [atti] numeric
[dbg     645.8 ms] [atti] pack
[dbg     646.7 ms] [atti] d2h
[dbg     647.2 ms] [cut] start
[dbg     647.3 ms] [cut] h2d
[dbg     647.8 ms] [cut] transpose
[dbg     648.1 ms] cusparse: workEstimation begin
[dbg     648.4 ms] [cut] workest (buf1=36055 B)
[dbg     648.4 ms] cusparse: compute begin
[dbg     650.1 ms] [cut] compute (buf2=1124503 B)
[dbg     650.1 ms] cusparse: C size = 256 x 256, nnz=18568
[dbg     650.1 ms] cusparse: copy begin
[dbg     650.1 ms] [cut] copy
[dbg     650.1 ms] [cut] pack
[dbg     651.2 ms] [cut] d2h
[dbg     651.7 ms] [atto] start
[dbg     652.0 ms] [atto] csc
[dbg     652.0 ms] [atto] h2d
[dbg     652.0 ms] [atto] count
[dbg     652.0 ms] [atto] scan
[dbg     652.0 ms] [atto] expand
[dbg     652.2 ms] [atto] sort
[dbg     652.2 ms] [atto] reduce
[dbg     652.6 ms] [atto] final
[dbg     652.6 ms] [atto] pack
[dbg     653.5 ms] [atto] d2h
[dbg     653.9 ms] [attg] start
[dbg     654.3 ms] [attg] csc
[dbg     654.3 ms] [attg] h2d
[dbg     654.3 ms] [attg] count
[dbg     654.3 ms] [attg] scan
[dbg     654.4 ms] [attg] expand
[dbg     654.4 ms] [attg] compact
[dbg     654.6 ms] [attg] sort
[dbg     654.6 ms] [attg] reduce
[dbg     654.7 ms] [attg] final
[dbg     654.7 ms] [attg] pack
[dbg     655.6 ms] [attg] d2h
[dbg     656.0 ms] [attc] start
[dbg     656.6 ms] [attc] csc
[dbg     656.6 ms] [attc] h2d
[dbg     656.9 ms] [attc] count
[dbg     657.3 ms] [attc] scan
[dbg     657.6 ms] [attc] expand
[dbg     658.5 ms] [attc] compact
[dbg     658.7 ms] [attc] sort
[dbg     658.7 ms] [attc] reduce
[dbg     658.8 ms] [attc] final
[dbg     658.8 ms] [attc] pack
[dbg     659.8 ms] [attc] d2h
[dbg     660.2 ms] [atti] start
[dbg     660.9 ms] [atti] csc
[dbg     660.9 ms] [atti] h2d
[dbg     661.2 ms] [atti] count
[dbg     661.5 ms] [atti] scan
[dbg     661.8 ms] [atti] expand
[dbg     662.2 ms] [atti] compact
[dbg     662.3 ms] [atti] sort
[dbg     662.4 ms] [atti] reduce
[dbg     662.4 ms] [atti] final
[dbg     662.4 ms] [atti] symbolic
[dbg     662.5 ms] [atti] numeric
[dbg     662.5 ms] [atti] pack
[dbg     663.3 ms] [atti] d2h
Reading matrix from ./data/first100/can_256.mtx...
Input A: 256 x 256, nnz = 2916, sparsity = 95.55%
===============WARMING UP (att)===============
=== Computing C = A x A^T (cuSPARSE) ===
Result C (A·Aᵀ 全量): 256 x 256, nnz = 18568
Time: 4.156 ms

=== Computing C = A x A^T upper (outer) ===
Result C (A·Aᵀ 上三角): 256 x 256, nnz = 9412
Time: 1.945 ms

=== Computing C = A x A^T upper (Gustavson) ===
Result C (A·Aᵀ 上三角): 256 x 256, nnz = 9412
Time: 1.804 ms

=== Computing C = A x A^T upper (colwise) ===
Result C (A·Aᵀ 上三角): 256 x 256, nnz = 9412
Time: 3.896 ms

=== Computing C = A x A^T upper (inner) ===
Result C (A·Aᵀ 上三角): 256 x 256, nnz = 9412
Time: 3.267 ms

=== All att tests completed ===
Processing can_268 (att) ... (max 600s)
[dbg       0.0 ms] main entry, initializing CUDA context...
[dbg     747.3 ms] CUDA context ready
[dbg     747.6 ms] start read_matrix_market: ./data/first100/can_268.mtx
[dbg     747.9 ms] read done: 268 x 268, nnz=3082
[dbg     747.9 ms] [cut] start
[dbg     759.9 ms] [cut] h2d
[dbg     777.3 ms] [cut] transpose
[dbg     777.4 ms] cusparse: workEstimation begin
[dbg     780.7 ms] [cut] workest (buf1=38047 B)
[dbg     780.7 ms] cusparse: compute begin
[dbg     781.3 ms] [cut] compute (buf2=1069831 B)
[dbg     781.3 ms] cusparse: C size = 268 x 268, nnz=15590
[dbg     781.3 ms] cusparse: copy begin
[dbg     781.4 ms] [cut] copy
[dbg     781.4 ms] [cut] pack
[dbg     782.5 ms] [cut] d2h
[dbg     782.9 ms] [atto] start
[dbg     784.5 ms] [atto] csc
[dbg     784.6 ms] [atto] h2d
[dbg     784.6 ms] [atto] count
[dbg     784.6 ms] [atto] scan
[dbg     784.6 ms] [atto] expand
[dbg     784.9 ms] [atto] sort
[dbg     785.0 ms] [atto] reduce
[dbg     785.1 ms] [atto] final
[dbg     785.1 ms] [atto] pack
[dbg     786.1 ms] [atto] d2h
[dbg     786.5 ms] [attg] start
[dbg     787.0 ms] [attg] csc
[dbg     787.1 ms] [attg] h2d
[dbg     787.3 ms] [attg] count
[dbg     787.7 ms] [attg] scan
[dbg     788.0 ms] [attg] expand
[dbg     788.6 ms] [attg] compact
[dbg     788.7 ms] [attg] sort
[dbg     788.7 ms] [attg] reduce
[dbg     788.8 ms] [attg] final
[dbg     788.8 ms] [attg] pack
[dbg     789.7 ms] [attg] d2h
[dbg     790.0 ms] [attc] start
[dbg     790.3 ms] [attc] csc
[dbg     790.3 ms] [attc] h2d
[dbg     790.4 ms] [attc] count
[dbg     790.4 ms] [attc] scan
[dbg     790.5 ms] [attc] expand
[dbg     790.5 ms] [attc] compact
[dbg     790.6 ms] [attc] sort
[dbg     790.7 ms] [attc] reduce
[dbg     790.7 ms] [attc] final
[dbg     790.7 ms] [attc] pack
[dbg     791.5 ms] [attc] d2h
[dbg     791.8 ms] [atti] start
[dbg     792.1 ms] [atti] csc
[dbg     792.1 ms] [atti] h2d
[dbg     792.1 ms] [atti] count
[dbg     792.1 ms] [atti] scan
[dbg     792.2 ms] [atti] expand
[dbg     792.2 ms] [atti] compact
[dbg     792.3 ms] [atti] sort
[dbg     792.4 ms] [atti] reduce
[dbg     792.4 ms] [atti] final
[dbg     792.4 ms] [atti] symbolic
[dbg     792.5 ms] [atti] numeric
[dbg     792.5 ms] [atti] pack
[dbg     793.1 ms] [atti] d2h
[dbg     793.5 ms] [cut] start
[dbg     793.6 ms] [cut] h2d
[dbg     793.8 ms] [cut] transpose
[dbg     793.8 ms] cusparse: workEstimation begin
[dbg     793.9 ms] [cut] workest (buf1=38047 B)
[dbg     793.9 ms] cusparse: compute begin
[dbg     794.0 ms] [cut] compute (buf2=1069831 B)
[dbg     794.0 ms] cusparse: C size = 268 x 268, nnz=15590
[dbg     794.0 ms] cusparse: copy begin
[dbg     794.1 ms] [cut] copy
[dbg     794.1 ms] [cut] pack
[dbg     794.8 ms] [cut] d2h
[dbg     795.2 ms] [atto] start
[dbg     795.4 ms] [atto] csc
[dbg     795.5 ms] [atto] h2d
[dbg     795.5 ms] [atto] count
[dbg     795.5 ms] [atto] scan
[dbg     795.5 ms] [atto] expand
[dbg     795.6 ms] [atto] sort
[dbg     795.7 ms] [atto] reduce
[dbg     795.7 ms] [atto] final
[dbg     795.7 ms] [atto] pack
[dbg     796.4 ms] [atto] d2h
[dbg     796.8 ms] [attg] start
[dbg     797.1 ms] [attg] csc
[dbg     797.1 ms] [attg] h2d
[dbg     797.1 ms] [attg] count
[dbg     797.1 ms] [attg] scan
[dbg     797.1 ms] [attg] expand
[dbg     797.2 ms] [attg] compact
[dbg     797.3 ms] [attg] sort
[dbg     797.4 ms] [attg] reduce
[dbg     797.4 ms] [attg] final
[dbg     797.4 ms] [attg] pack
[dbg     798.1 ms] [attg] d2h
[dbg     798.5 ms] [attc] start
[dbg     798.8 ms] [attc] csc
[dbg     798.8 ms] [attc] h2d
[dbg     798.8 ms] [attc] count
[dbg     798.9 ms] [attc] scan
[dbg     798.9 ms] [attc] expand
[dbg     799.0 ms] [attc] compact
[dbg     799.1 ms] [attc] sort
[dbg     799.1 ms] [attc] reduce
[dbg     799.2 ms] [attc] final
[dbg     799.2 ms] [attc] pack
[dbg     799.9 ms] [attc] d2h
[dbg     800.2 ms] [atti] start
[dbg     800.6 ms] [atti] csc
[dbg     800.6 ms] [atti] h2d
[dbg     800.6 ms] [atti] count
[dbg     800.7 ms] [atti] scan
[dbg     800.7 ms] [atti] expand
[dbg     800.8 ms] [atti] compact
[dbg     800.9 ms] [atti] sort
[dbg     801.2 ms] [atti] reduce
[dbg     801.8 ms] [atti] final
[dbg     801.8 ms] [atti] symbolic
[dbg     802.1 ms] [atti] numeric
[dbg     802.1 ms] [atti] pack
[dbg     802.8 ms] [atti] d2h
Reading matrix from ./data/first100/can_268.mtx...
Input A: 268 x 268, nnz = 3082, sparsity = 95.71%
===============WARMING UP (att)===============
=== Computing C = A x A^T (cuSPARSE) ===
Result C (A·Aᵀ 全量): 268 x 268, nnz = 15590
Time: 1.409 ms

=== Computing C = A x A^T upper (outer) ===
Result C (A·Aᵀ 上三角): 268 x 268, nnz = 7929
Time: 1.354 ms

=== Computing C = A x A^T upper (Gustavson) ===
Result C (A·Aᵀ 上三角): 268 x 268, nnz = 7929
Time: 1.473 ms

=== Computing C = A x A^T upper (colwise) ===
Result C (A·Aᵀ 上三角): 268 x 268, nnz = 7929
Time: 1.479 ms

=== Computing C = A x A^T upper (inner) ===
Result C (A·Aᵀ 上三角): 268 x 268, nnz = 7929
Time: 2.646 ms

=== All att tests completed ===
Processing can_292 (att) ... (max 600s)
[dbg       0.0 ms] main entry, initializing CUDA context...
[dbg     745.5 ms] CUDA context ready
[dbg     745.7 ms] start read_matrix_market: ./data/first100/can_292.mtx
[dbg     745.9 ms] read done: 292 x 292, nnz=2540
[dbg     745.9 ms] [cut] start
[dbg     755.0 ms] [cut] h2d
[dbg     777.1 ms] [cut] transpose
[dbg     777.2 ms] cusparse: workEstimation begin
[dbg     781.4 ms] [cut] workest (buf1=31543 B)
[dbg     781.4 ms] cusparse: compute begin
[dbg     782.3 ms] [cut] compute (buf2=740247 B)
[dbg     782.3 ms] cusparse: C size = 292 x 292, nnz=11670
[dbg     782.3 ms] cusparse: copy begin
[dbg     782.4 ms] [cut] copy
[dbg     782.5 ms] [cut] pack
[dbg     784.0 ms] [cut] d2h
[dbg     784.4 ms] [atto] start
[dbg     786.5 ms] [atto] csc
[dbg     786.5 ms] [atto] h2d
[dbg     786.6 ms] [atto] count
[dbg     786.6 ms] [atto] scan
[dbg     786.6 ms] [atto] expand
[dbg     786.9 ms] [atto] sort
[dbg     787.0 ms] [atto] reduce
[dbg     787.1 ms] [atto] final
[dbg     787.1 ms] [atto] pack
[dbg     788.4 ms] [atto] d2h
[dbg     788.9 ms] [attg] start
[dbg     789.2 ms] [attg] csc
[dbg     789.2 ms] [attg] h2d
[dbg     789.2 ms] [attg] count
[dbg     789.3 ms] [attg] scan
[dbg     789.3 ms] [attg] expand
[dbg     789.5 ms] [attg] compact
[dbg     789.6 ms] [attg] sort
[dbg     789.6 ms] [attg] reduce
[dbg     789.7 ms] [attg] final
[dbg     789.7 ms] [attg] pack
[dbg     790.7 ms] [attg] d2h
[dbg     791.1 ms] [attc] start
[dbg     791.4 ms] [attc] csc
[dbg     791.4 ms] [attc] h2d
[dbg     791.4 ms] [attc] count
[dbg     791.5 ms] [attc] scan
[dbg     791.5 ms] [attc] expand
[dbg     791.6 ms] [attc] compact
[dbg     791.7 ms] [attc] sort
[dbg     791.8 ms] [attc] reduce
[dbg     791.8 ms] [attc] final
[dbg     791.8 ms] [attc] pack
[dbg     792.7 ms] [attc] d2h
[dbg     793.1 ms] [atti] start
[dbg     793.4 ms] [atti] csc
[dbg     793.4 ms] [atti] h2d
[dbg     793.4 ms] [atti] count
[dbg     793.5 ms] [atti] scan
[dbg     793.5 ms] [atti] expand
[dbg     793.5 ms] [atti] compact
[dbg     793.7 ms] [atti] sort
[dbg     793.7 ms] [atti] reduce
[dbg     793.8 ms] [atti] final
[dbg     793.8 ms] [atti] symbolic
[dbg     793.8 ms] [atti] numeric
[dbg     793.8 ms] [atti] pack
[dbg     794.7 ms] [atti] d2h
[dbg     795.0 ms] [cut] start
[dbg     795.1 ms] [cut] h2d
[dbg     795.4 ms] [cut] transpose
[dbg     795.4 ms] cusparse: workEstimation begin
[dbg     795.5 ms] [cut] workest (buf1=31543 B)
[dbg     795.5 ms] cusparse: compute begin
[dbg     795.7 ms] [cut] compute (buf2=740247 B)
[dbg     795.7 ms] cusparse: C size = 292 x 292, nnz=11670
[dbg     795.7 ms] cusparse: copy begin
[dbg     795.7 ms] [cut] copy
[dbg     795.7 ms] [cut] pack
[dbg     796.6 ms] [cut] d2h
[dbg     797.0 ms] [atto] start
[dbg     797.3 ms] [atto] csc
[dbg     797.3 ms] [atto] h2d
[dbg     797.3 ms] [atto] count
[dbg     797.4 ms] [atto] scan
[dbg     797.4 ms] [atto] expand
[dbg     797.5 ms] [atto] sort
[dbg     797.5 ms] [atto] reduce
[dbg     797.6 ms] [atto] final
[dbg     797.6 ms] [atto] pack
[dbg     798.5 ms] [atto] d2h
[dbg     798.9 ms] [attg] start
[dbg     799.4 ms] [attg] csc
[dbg     799.4 ms] [attg] h2d
[dbg     799.7 ms] [attg] count
[dbg     800.1 ms] [attg] scan
[dbg     800.3 ms] [attg] expand
[dbg     800.4 ms] [attg] compact
[dbg     800.5 ms] [attg] sort
[dbg     800.6 ms] [attg] reduce
[dbg     800.6 ms] [attg] final
[dbg     800.6 ms] [attg] pack
[dbg     801.5 ms] [attg] d2h
[dbg     801.9 ms] [attc] start
[dbg     802.5 ms] [attc] csc
[dbg     802.5 ms] [attc] h2d
[dbg     802.8 ms] [attc] count
[dbg     803.1 ms] [attc] scan
[dbg     803.4 ms] [attc] expand
[dbg     803.5 ms] [attc] compact
[dbg     803.6 ms] [attc] sort
[dbg     803.6 ms] [attc] reduce
[dbg     803.7 ms] [attc] final
[dbg     803.7 ms] [attc] pack
[dbg     804.5 ms] [attc] d2h
[dbg     804.9 ms] [atti] start
[dbg     805.1 ms] [atti] csc
[dbg     805.1 ms] [atti] h2d
[dbg     805.1 ms] [atti] count
[dbg     805.1 ms] [atti] scan
[dbg     805.2 ms] [atti] expand
[dbg     805.2 ms] [atti] compact
[dbg     805.4 ms] [atti] sort
[dbg     805.4 ms] [atti] reduce
[dbg     805.4 ms] [atti] final
[dbg     805.4 ms] [atti] symbolic
[dbg     805.5 ms] [atti] numeric
[dbg     805.5 ms] [atti] pack
[dbg     806.3 ms] [atti] d2h
Reading matrix from ./data/first100/can_292.mtx...
Input A: 292 x 292, nnz = 2540, sparsity = 97.02%
===============WARMING UP (att)===============
=== Computing C = A x A^T (cuSPARSE) ===
Result C (A·Aᵀ 全量): 292 x 292, nnz = 11670
Time: 1.651 ms

=== Computing C = A x A^T upper (outer) ===
Result C (A·Aᵀ 上三角): 292 x 292, nnz = 5981
Time: 1.619 ms

=== Computing C = A x A^T upper (Gustavson) ===
Result C (A·Aᵀ 上三角): 292 x 292, nnz = 5981
Time: 2.780 ms

=== Computing C = A x A^T upper (colwise) ===
Result C (A·Aᵀ 上三角): 292 x 292, nnz = 5981
Time: 2.717 ms

=== Computing C = A x A^T upper (inner) ===
Result C (A·Aᵀ 上三角): 292 x 292, nnz = 5981
Time: 1.540 ms

=== All att tests completed ===
Processing can_445 (att) ... (max 600s)
[dbg       0.0 ms] main entry, initializing CUDA context...
[dbg     721.2 ms] CUDA context ready
[dbg     721.4 ms] start read_matrix_market: ./data/first100/can_445.mtx
[dbg     721.8 ms] read done: 445 x 445, nnz=3809
[dbg     721.8 ms] [cut] start
[dbg     732.8 ms] [cut] h2d
[dbg     754.6 ms] [cut] transpose
[dbg     754.7 ms] cusparse: workEstimation begin
[dbg     758.8 ms] [cut] workest (buf1=46771 B)
[dbg     758.8 ms] cusparse: compute begin
[dbg     759.6 ms] [cut] compute (buf2=805023 B)
[dbg     759.6 ms] cusparse: C size = 445 x 445, nnz=11193
[dbg     759.6 ms] cusparse: copy begin
[dbg     759.8 ms] [cut] copy
[dbg     759.8 ms] [cut] pack
[dbg     761.4 ms] [cut] d2h
[dbg     761.9 ms] [atto] start
[dbg     764.0 ms] [atto] csc
[dbg     764.0 ms] [atto] h2d
[dbg     764.0 ms] [atto] count
[dbg     764.1 ms] [atto] scan
[dbg     764.1 ms] [atto] expand
[dbg     764.3 ms] [atto] sort
[dbg     764.5 ms] [atto] reduce
[dbg     764.6 ms] [atto] final
[dbg     764.6 ms] [atto] pack
[dbg     766.1 ms] [atto] d2h
[dbg     766.6 ms] [attg] start
[dbg     766.8 ms] [attg] csc
[dbg     766.8 ms] [attg] h2d
[dbg     766.8 ms] [attg] count
[dbg     766.9 ms] [attg] scan
[dbg     766.9 ms] [attg] expand
[dbg     767.1 ms] [attg] compact
[dbg     767.2 ms] [attg] sort
[dbg     767.3 ms] [attg] reduce
[dbg     767.3 ms] [attg] final
[dbg     767.4 ms] [attg] pack
[dbg     768.6 ms] [attg] d2h
[dbg     769.0 ms] [attc] start
[dbg     769.3 ms] [attc] csc
[dbg     769.4 ms] [attc] h2d
[dbg     769.4 ms] [attc] count
[dbg     769.5 ms] [attc] scan
[dbg     769.8 ms] [attc] expand
[dbg     770.4 ms] [attc] compact
[dbg     770.5 ms] [attc] sort
[dbg     770.6 ms] [attc] reduce
[dbg     770.6 ms] [attc] final
[dbg     770.6 ms] [attc] pack
[dbg     771.6 ms] [attc] d2h
[dbg     772.0 ms] [atti] start
[dbg     772.2 ms] [atti] csc
[dbg     772.2 ms] [atti] h2d
[dbg     772.2 ms] [atti] count
[dbg     772.3 ms] [atti] scan
[dbg     772.3 ms] [atti] expand
[dbg     772.4 ms] [atti] compact
[dbg     772.6 ms] [atti] sort
[dbg     772.6 ms] [atti] reduce
[dbg     772.7 ms] [atti] final
[dbg     772.7 ms] [atti] symbolic
[dbg     772.7 ms] [atti] numeric
[dbg     772.7 ms] [atti] pack
[dbg     773.6 ms] [atti] d2h
[dbg     774.0 ms] [cut] start
[dbg     774.2 ms] [cut] h2d
[dbg     774.7 ms] [cut] transpose
[dbg     775.0 ms] cusparse: workEstimation begin
[dbg     775.3 ms] [cut] workest (buf1=46771 B)
[dbg     775.3 ms] cusparse: compute begin
[dbg     777.2 ms] [cut] compute (buf2=805023 B)
[dbg     777.2 ms] cusparse: C size = 445 x 445, nnz=11193
[dbg     777.2 ms] cusparse: copy begin
[dbg     777.5 ms] [cut] copy
[dbg     777.5 ms] [cut] pack
[dbg     778.4 ms] [cut] d2h
[dbg     779.0 ms] [atto] start
[dbg     779.3 ms] [atto] csc
[dbg     779.3 ms] [atto] h2d
[dbg     779.3 ms] [atto] count
[dbg     779.3 ms] [atto] scan
[dbg     779.4 ms] [atto] expand
[dbg     779.5 ms] [atto] sort
[dbg     779.5 ms] [atto] reduce
[dbg     779.6 ms] [atto] final
[dbg     779.6 ms] [atto] pack
[dbg     780.5 ms] [atto] d2h
[dbg     780.9 ms] [attg] start
[dbg     781.5 ms] [attg] csc
[dbg     781.5 ms] [attg] h2d
[dbg     781.8 ms] [attg] count
[dbg     782.1 ms] [attg] scan
[dbg     782.4 ms] [attg] expand
[dbg     783.4 ms] [attg] compact
[dbg     783.8 ms] [attg] sort
[dbg     784.1 ms] [attg] reduce
[dbg     784.5 ms] [attg] final
[dbg     784.5 ms] [attg] pack
[dbg     785.5 ms] [attg] d2h
[dbg     786.1 ms] [attc] start
[dbg     786.3 ms] [attc] csc
[dbg     786.3 ms] [attc] h2d
[dbg     786.6 ms] [attc] count
[dbg     786.6 ms] [attc] scan
[dbg     786.7 ms] [attc] expand
[dbg     786.7 ms] [attc] compact
[dbg     786.9 ms] [attc] sort
[dbg     786.9 ms] [attc] reduce
[dbg     787.0 ms] [attc] final
[dbg     787.0 ms] [attc] pack
[dbg     787.8 ms] [attc] d2h
[dbg     788.3 ms] [atti] start
[dbg     788.9 ms] [atti] csc
[dbg     788.9 ms] [atti] h2d
[dbg     789.2 ms] [atti] count
[dbg     789.6 ms] [atti] scan
[dbg     789.9 ms] [atti] expand
[dbg     790.8 ms] [atti] compact
[dbg     790.9 ms] [atti] sort
[dbg     790.9 ms] [atti] reduce
[dbg     791.0 ms] [atti] final
[dbg     791.0 ms] [atti] symbolic
[dbg     791.0 ms] [atti] numeric
[dbg     791.0 ms] [atti] pack
[dbg     792.0 ms] [atti] d2h
Reading matrix from ./data/first100/can_445.mtx...
Input A: 445 x 445, nnz = 3809, sparsity = 98.08%
===============WARMING UP (att)===============
=== Computing C = A x A^T (cuSPARSE) ===
Result C (A·Aᵀ 全量): 445 x 445, nnz = 11193
Time: 4.500 ms

=== Computing C = A x A^T upper (outer) ===
Result C (A·Aᵀ 上三角): 445 x 445, nnz = 5819
Time: 1.670 ms

=== Computing C = A x A^T upper (Gustavson) ===
Result C (A·Aᵀ 上三角): 445 x 445, nnz = 5819
Time: 4.817 ms

=== Computing C = A x A^T upper (colwise) ===
Result C (A·Aᵀ 上三角): 445 x 445, nnz = 5819
Time: 1.938 ms

=== Computing C = A x A^T upper (inner) ===
Result C (A·Aᵀ 上三角): 445 x 445, nnz = 5819
Time: 3.878 ms

=== All att tests completed ===
Processing can_61 (att) ... (max 600s)
[dbg       0.0 ms] main entry, initializing CUDA context...
[dbg     726.4 ms] CUDA context ready
[dbg     726.5 ms] start read_matrix_market: ./data/first100/can_61.mtx
[dbg     726.6 ms] read done: 61 x 61, nnz=557
[dbg     726.6 ms] [cut] start
[dbg     739.8 ms] [cut] h2d
[dbg     764.8 ms] [cut] transpose
[dbg     764.9 ms] cusparse: workEstimation begin
[dbg     769.2 ms] [cut] workest (buf1=7747 B)
[dbg     769.2 ms] cusparse: compute begin
[dbg     770.0 ms] [cut] compute (buf2=149167 B)
[dbg     770.0 ms] cusparse: C size = 61 x 61, nnz=1793
[dbg     770.0 ms] cusparse: copy begin
[dbg     770.1 ms] [cut] copy
[dbg     770.1 ms] [cut] pack
[dbg     771.6 ms] [cut] d2h
[dbg     772.1 ms] [atto] start
[dbg     774.2 ms] [atto] csc
[dbg     774.2 ms] [atto] h2d
[dbg     774.2 ms] [atto] count
[dbg     774.3 ms] [atto] scan
[dbg     774.3 ms] [atto] expand
[dbg     774.6 ms] [atto] sort
[dbg     774.7 ms] [atto] reduce
[dbg     774.8 ms] [atto] final
[dbg     774.8 ms] [atto] pack
[dbg     776.1 ms] [atto] d2h
[dbg     776.6 ms] [attg] start
[dbg     777.0 ms] [attg] csc
[dbg     777.0 ms] [attg] h2d
[dbg     777.0 ms] [attg] count
[dbg     777.1 ms] [attg] scan
[dbg     777.1 ms] [attg] expand
[dbg     777.3 ms] [attg] compact
[dbg     777.4 ms] [attg] sort
[dbg     777.4 ms] [attg] reduce
[dbg     778.0 ms] [attg] final
[dbg     778.1 ms] [attg] pack
[dbg     779.1 ms] [attg] d2h
[dbg     779.5 ms] [attc] start
[dbg     779.8 ms] [attc] csc
[dbg     779.8 ms] [attc] h2d
[dbg     779.8 ms] [attc] count
[dbg     779.9 ms] [attc] scan
[dbg     779.9 ms] [attc] expand
[dbg     780.0 ms] [attc] compact
[dbg     780.1 ms] [attc] sort
[dbg     780.1 ms] [attc] reduce
[dbg     780.2 ms] [attc] final
[dbg     780.2 ms] [attc] pack
[dbg     781.2 ms] [attc] d2h
[dbg     781.6 ms] [atti] start
[dbg     781.9 ms] [atti] csc
[dbg     781.9 ms] [atti] h2d
[dbg     782.0 ms] [atti] count
[dbg     782.0 ms] [atti] scan
[dbg     782.0 ms] [atti] expand
[dbg     782.1 ms] [atti] compact
[dbg     782.2 ms] [atti] sort
[dbg     782.2 ms] [atti] reduce
[dbg     782.3 ms] [atti] final
[dbg     782.3 ms] [atti] symbolic
[dbg     782.4 ms] [atti] numeric
[dbg     782.4 ms] [atti] pack
[dbg     783.2 ms] [atti] d2h
[dbg     783.7 ms] [cut] start
[dbg     783.8 ms] [cut] h2d
[dbg     784.4 ms] [cut] transpose
[dbg     784.7 ms] cusparse: workEstimation begin
[dbg     785.0 ms] [cut] workest (buf1=7747 B)
[dbg     785.0 ms] cusparse: compute begin
[dbg     785.7 ms] [cut] compute (buf2=149167 B)
[dbg     785.7 ms] cusparse: C size = 61 x 61, nnz=1793
[dbg     785.7 ms] cusparse: copy begin
[dbg     785.8 ms] [cut] copy
[dbg     785.8 ms] [cut] pack
[dbg     786.7 ms] [cut] d2h
[dbg     787.2 ms] [atto] start
[dbg     787.7 ms] [atto] csc
[dbg     787.7 ms] [atto] h2d
[dbg     787.7 ms] [atto] count
[dbg     787.7 ms] [atto] scan
[dbg     787.7 ms] [atto] expand
[dbg     787.9 ms] [atto] sort
[dbg     787.9 ms] [atto] reduce
[dbg     787.9 ms] [atto] final
[dbg     788.0 ms] [atto] pack
[dbg     788.8 ms] [atto] d2h
[dbg     789.2 ms] [attg] start
[dbg     789.9 ms] [attg] csc
[dbg     789.9 ms] [attg] h2d
[dbg     790.2 ms] [attg] count
[dbg     790.5 ms] [attg] scan
[dbg     790.8 ms] [attg] expand
[dbg     791.1 ms] [attg] compact
[dbg     791.2 ms] [attg] sort
[dbg     791.3 ms] [attg] reduce
[dbg     791.3 ms] [attg] final
[dbg     791.3 ms] [attg] pack
[dbg     792.3 ms] [attg] d2h
[dbg     792.8 ms] [attc] start
[dbg     793.4 ms] [attc] csc
[dbg     793.4 ms] [attc] h2d
[dbg     793.8 ms] [attc] count
[dbg     794.1 ms] [attc] scan
[dbg     794.4 ms] [attc] expand
[dbg     795.0 ms] [attc] compact
[dbg     795.1 ms] [attc] sort
[dbg     795.2 ms] [attc] reduce
[dbg     795.2 ms] [attc] final
[dbg     795.3 ms] [attc] pack
[dbg     796.2 ms] [attc] d2h
[dbg     796.7 ms] [atti] start
[dbg     797.3 ms] [atti] csc
[dbg     797.3 ms] [atti] h2d
[dbg     797.6 ms] [atti] count
[dbg     797.6 ms] [atti] scan
[dbg     797.6 ms] [atti] expand
[dbg     797.7 ms] [atti] compact
[dbg     797.8 ms] [atti] sort
[dbg     797.9 ms] [atti] reduce
[dbg     797.9 ms] [atti] final
[dbg     797.9 ms] [atti] symbolic
[dbg     797.9 ms] [atti] numeric
[dbg     798.0 ms] [atti] pack
[dbg     798.8 ms] [atti] d2h
Reading matrix from ./data/first100/can_61.mtx...
Input A: 61 x 61, nnz = 557, sparsity = 85.03%
===============WARMING UP (att)===============
=== Computing C = A x A^T (cuSPARSE) ===
Result C (A·Aᵀ 全量): 61 x 61, nnz = 1793
Time: 3.214 ms

=== Computing C = A x A^T upper (outer) ===
Result C (A·Aᵀ 上三角): 61 x 61, nnz = 927
Time: 1.693 ms

=== Computing C = A x A^T upper (Gustavson) ===
Result C (A·Aᵀ 上三角): 61 x 61, nnz = 927
Time: 3.325 ms

=== Computing C = A x A^T upper (colwise) ===
Result C (A·Aᵀ 上三角): 61 x 61, nnz = 927
Time: 3.523 ms

=== Computing C = A x A^T upper (inner) ===
Result C (A·Aᵀ 上三角): 61 x 61, nnz = 927
Time: 2.297 ms

=== All att tests completed ===
Processing can_62 (att) ... (max 600s)
[dbg       0.0 ms] main entry, initializing CUDA context...
[dbg     742.1 ms] CUDA context ready
[dbg     742.3 ms] start read_matrix_market: ./data/first100/can_62.mtx
[dbg     742.3 ms] read done: 62 x 62, nnz=218
[dbg     742.4 ms] [cut] start
[dbg     753.1 ms] [cut] h2d
[dbg     789.4 ms] [cut] transpose
[dbg     789.5 ms] cusparse: workEstimation begin
[dbg     794.3 ms] [cut] workest (buf1=3679 B)
[dbg     794.3 ms] cusparse: compute begin
[dbg     795.0 ms] [cut] compute (buf2=25063 B)
[dbg     795.1 ms] cusparse: C size = 62 x 62, nnz=482
[dbg     795.1 ms] cusparse: copy begin
[dbg     795.2 ms] [cut] copy
[dbg     795.2 ms] [cut] pack
[dbg     796.8 ms] [cut] d2h
[dbg     797.3 ms] [atto] start
[dbg     799.4 ms] [atto] csc
[dbg     799.4 ms] [atto] h2d
[dbg     799.5 ms] [atto] count
[dbg     799.5 ms] [atto] scan
[dbg     799.5 ms] [atto] expand
[dbg     799.6 ms] [atto] sort
[dbg     799.8 ms] [atto] reduce
[dbg     799.9 ms] [atto] final
[dbg     799.9 ms] [atto] pack
[dbg     801.3 ms] [atto] d2h
[dbg     801.7 ms] [attg] start
[dbg     802.3 ms] [attg] csc
[dbg     802.3 ms] [attg] h2d
[dbg     802.6 ms] [attg] count
[dbg     802.9 ms] [attg] scan
[dbg     803.2 ms] [attg] expand
[dbg     804.1 ms] [attg] compact
[dbg     804.8 ms] [attg] sort
[dbg     804.8 ms] [attg] reduce
[dbg     804.9 ms] [attg] final
[dbg     804.9 ms] [attg] pack
[dbg     806.1 ms] [attg] d2h
[dbg     806.7 ms] [attc] start
[dbg     806.9 ms] [attc] csc
[dbg     806.9 ms] [attc] h2d
[dbg     807.0 ms] [attc] count
[dbg     807.0 ms] [attc] scan
[dbg     807.0 ms] [attc] expand
[dbg     807.4 ms] [attc] compact
[dbg     807.4 ms] [attc] sort
[dbg     807.5 ms] [attc] reduce
[dbg     807.5 ms] [attc] final
[dbg     807.5 ms] [attc] pack
[dbg     808.5 ms] [attc] d2h
[dbg     808.9 ms] [atti] start
[dbg     809.5 ms] [atti] csc
[dbg     809.5 ms] [atti] h2d
[dbg     809.9 ms] [atti] count
[dbg     810.2 ms] [atti] scan
[dbg     810.5 ms] [atti] expand
[dbg     811.1 ms] [atti] compact
[dbg     811.2 ms] [atti] sort
[dbg     811.2 ms] [atti] reduce
[dbg     811.3 ms] [atti] final
[dbg     811.3 ms] [atti] symbolic
[dbg     811.3 ms] [atti] numeric
[dbg     811.3 ms] [atti] pack
[dbg     812.4 ms] [atti] d2h
[dbg     813.0 ms] [cut] start
[dbg     813.2 ms] [cut] h2d
[dbg     813.5 ms] [cut] transpose
[dbg     813.6 ms] cusparse: workEstimation begin
[dbg     813.6 ms] [cut] workest (buf1=3679 B)
[dbg     813.6 ms] cusparse: compute begin
[dbg     813.8 ms] [cut] compute (buf2=25063 B)
[dbg     813.8 ms] cusparse: C size = 62 x 62, nnz=482
[dbg     813.8 ms] cusparse: copy begin
[dbg     813.8 ms] [cut] copy
[dbg     813.9 ms] [cut] pack
[dbg     814.8 ms] [cut] d2h
[dbg     815.2 ms] [atto] start
[dbg     815.7 ms] [atto] csc
[dbg     815.8 ms] [atto] h2d
[dbg     816.0 ms] [atto] count
[dbg     816.4 ms] [atto] scan
[dbg     816.4 ms] [atto] expand
[dbg     816.4 ms] [atto] sort
[dbg     816.5 ms] [atto] reduce
[dbg     816.5 ms] [atto] final
[dbg     816.5 ms] [atto] pack
[dbg     817.4 ms] [atto] d2h
[dbg     817.9 ms] [attg] start
[dbg     818.4 ms] [attg] csc
[dbg     818.4 ms] [attg] h2d
[dbg     818.7 ms] [attg] count
[dbg     819.1 ms] [attg] scan
[dbg     819.3 ms] [attg] expand
[dbg     819.4 ms] [attg] compact
[dbg     819.4 ms] [attg] sort
[dbg     819.5 ms] [attg] reduce
[dbg     819.5 ms] [attg] final
[dbg     819.6 ms] [attg] pack
[dbg     820.5 ms] [attg] d2h
[dbg     820.9 ms] [attc] start
[dbg     821.5 ms] [attc] csc
[dbg     821.5 ms] [attc] h2d
[dbg     821.8 ms] [attc] count
[dbg     821.8 ms] [attc] scan
[dbg     821.8 ms] [attc] expand
[dbg     821.9 ms] [attc] compact
[dbg     822.0 ms] [attc] sort
[dbg     822.0 ms] [attc] reduce
[dbg     822.1 ms] [attc] final
[dbg     822.1 ms] [attc] pack
[dbg     823.0 ms] [attc] d2h
[dbg     823.4 ms] [atti] start
[dbg     823.7 ms] [atti] csc
[dbg     823.7 ms] [atti] h2d
[dbg     823.7 ms] [atti] count
[dbg     823.8 ms] [atti] scan
[dbg     823.8 ms] [atti] expand
[dbg     823.8 ms] [atti] compact
[dbg     823.9 ms] [atti] sort
[dbg     823.9 ms] [atti] reduce
[dbg     824.0 ms] [atti] final
[dbg     824.0 ms] [atti] symbolic
[dbg     824.0 ms] [atti] numeric
[dbg     824.0 ms] [atti] pack
[dbg     824.9 ms] [atti] d2h
Reading matrix from ./data/first100/can_62.mtx...
Input A: 62 x 62, nnz = 218, sparsity = 94.33%
===============WARMING UP (att)===============
=== Computing C = A x A^T (cuSPARSE) ===
Result C (A·Aᵀ 全量): 62 x 62, nnz = 482
Time: 1.907 ms

=== Computing C = A x A^T upper (outer) ===
Result C (A·Aᵀ 上三角): 62 x 62, nnz = 272
Time: 2.378 ms

=== Computing C = A x A^T upper (Gustavson) ===
Result C (A·Aᵀ 上三角): 62 x 62, nnz = 272
Time: 2.779 ms

=== Computing C = A x A^T upper (colwise) ===
Result C (A·Aᵀ 上三角): 62 x 62, nnz = 272
Time: 2.194 ms

=== Computing C = A x A^T upper (inner) ===
Result C (A·Aᵀ 上三角): 62 x 62, nnz = 272
Time: 1.698 ms

=== All att tests completed ===
Processing can_634 (att) ... (max 600s)
[dbg       0.0 ms] main entry, initializing CUDA context...
[dbg     722.4 ms] CUDA context ready
[dbg     722.6 ms] start read_matrix_market: ./data/first100/can_634.mtx
[dbg     723.2 ms] read done: 634 x 634, nnz=7228
[dbg     723.2 ms] [cut] start
[dbg     735.2 ms] [cut] h2d
[dbg     757.8 ms] [cut] transpose
[dbg     757.9 ms] cusparse: workEstimation begin
[dbg     761.7 ms] [cut] workest (buf1=87799 B)
[dbg     761.7 ms] cusparse: compute begin
[dbg     762.6 ms] [cut] compute (buf2=2213151 B)
[dbg     762.6 ms] cusparse: C size = 634 x 634, nnz=25446
[dbg     762.6 ms] cusparse: copy begin
[dbg     762.7 ms] [cut] copy
[dbg     762.7 ms] [cut] pack
[dbg     764.3 ms] [cut] d2h
[dbg     764.8 ms] [atto] start
[dbg     766.8 ms] [atto] csc
[dbg     766.8 ms] [atto] h2d
[dbg     766.9 ms] [atto] count
[dbg     766.9 ms] [atto] scan
[dbg     766.9 ms] [atto] expand
[dbg     767.2 ms] [atto] sort
[dbg     767.4 ms] [atto] reduce
[dbg     767.5 ms] [atto] final
[dbg     767.5 ms] [atto] pack
[dbg     768.9 ms] [atto] d2h
[dbg     769.3 ms] [attg] start
[dbg     769.6 ms] [attg] csc
[dbg     769.6 ms] [attg] h2d
[dbg     769.6 ms] [attg] count
[dbg     769.7 ms] [attg] scan
[dbg     769.7 ms] [attg] expand
[dbg     769.8 ms] [attg] compact
[dbg     770.0 ms] [attg] sort
[dbg     770.3 ms] [attg] reduce
[dbg     770.4 ms] [attg] final
[dbg     770.4 ms] [attg] pack
[dbg     771.6 ms] [attg] d2h
[dbg     772.0 ms] [attc] start
[dbg     772.4 ms] [attc] csc
[dbg     772.4 ms] [attc] h2d
[dbg     772.4 ms] [attc] count
[dbg     772.5 ms] [attc] scan
[dbg     772.5 ms] [attc] expand
[dbg     772.6 ms] [attc] compact
[dbg     772.7 ms] [attc] sort
[dbg     772.8 ms] [attc] reduce
[dbg     772.8 ms] [attc] final
[dbg     772.8 ms] [attc] pack
[dbg     774.0 ms] [attc] d2h
[dbg     774.4 ms] [atti] start
[dbg     774.7 ms] [atti] csc
[dbg     774.8 ms] [atti] h2d
[dbg     774.8 ms] [atti] count
[dbg     774.8 ms] [atti] scan
[dbg     774.8 ms] [atti] expand
[dbg     774.9 ms] [atti] compact
[dbg     775.1 ms] [atti] sort
[dbg     775.1 ms] [atti] reduce
[dbg     775.2 ms] [atti] final
[dbg     775.2 ms] [atti] symbolic
[dbg     775.3 ms] [atti] numeric
[dbg     775.3 ms] [atti] pack
[dbg     776.2 ms] [atti] d2h
[dbg     776.7 ms] [cut] start
[dbg     776.8 ms] [cut] h2d
[dbg     777.3 ms] [cut] transpose
[dbg     777.6 ms] cusparse: workEstimation begin
[dbg     777.9 ms] [cut] workest (buf1=87799 B)
[dbg     777.9 ms] cusparse: compute begin
[dbg     778.5 ms] [cut] compute (buf2=2213151 B)
[dbg     778.5 ms] cusparse: C size = 634 x 634, nnz=25446
[dbg     778.6 ms] cusparse: copy begin
[dbg     778.6 ms] [cut] copy
[dbg     778.6 ms] [cut] pack
[dbg     779.9 ms] [cut] d2h
[dbg     780.3 ms] [atto] start
[dbg     780.6 ms] [atto] csc
[dbg     780.6 ms] [atto] h2d
[dbg     780.6 ms] [atto] count
[dbg     780.7 ms] [atto] scan
[dbg     780.7 ms] [atto] expand
[dbg     780.8 ms] [atto] sort
[dbg     780.9 ms] [atto] reduce
[dbg     780.9 ms] [atto] final
[dbg     780.9 ms] [atto] pack
[dbg     781.9 ms] [atto] d2h
[dbg     782.4 ms] [attg] start
[dbg     782.7 ms] [attg] csc
[dbg     782.7 ms] [attg] h2d
[dbg     782.7 ms] [attg] count
[dbg     782.8 ms] [attg] scan
[dbg     782.8 ms] [attg] expand
[dbg     782.9 ms] [attg] compact
[dbg     783.0 ms] [attg] sort
[dbg     783.1 ms] [attg] reduce
[dbg     783.1 ms] [attg] final
[dbg     783.2 ms] [attg] pack
[dbg     784.1 ms] [attg] d2h
[dbg     784.6 ms] [attc] start
[dbg     785.2 ms] [attc] csc
[dbg     785.2 ms] [attc] h2d
[dbg     785.5 ms] [attc] count
[dbg     785.5 ms] [attc] scan
[dbg     785.5 ms] [attc] expand
[dbg     785.6 ms] [attc] compact
[dbg     785.8 ms] [attc] sort
[dbg     785.8 ms] [attc] reduce
[dbg     785.9 ms] [attc] final
[dbg     785.9 ms] [attc] pack
[dbg     786.9 ms] [attc] d2h
[dbg     787.3 ms] [atti] start
[dbg     787.9 ms] [atti] csc
[dbg     787.9 ms] [atti] h2d
[dbg     788.0 ms] [atti] count
[dbg     788.0 ms] [atti] scan
[dbg     788.0 ms] [atti] expand
[dbg     788.1 ms] [atti] compact
[dbg     788.3 ms] [atti] sort
[dbg     788.3 ms] [atti] reduce
[dbg     788.4 ms] [atti] final
[dbg     788.4 ms] [atti] symbolic
[dbg     788.4 ms] [atti] numeric
[dbg     788.4 ms] [atti] pack
[dbg     789.3 ms] [atti] d2h
Reading matrix from ./data/first100/can_634.mtx...
Input A: 634 x 634, nnz = 7228, sparsity = 98.20%
===============WARMING UP (att)===============
=== Computing C = A x A^T (cuSPARSE) ===
Result C (A·Aᵀ 全量): 634 x 634, nnz = 25446
Time: 3.323 ms

=== Computing C = A x A^T upper (outer) ===
Result C (A·Aᵀ 上三角): 634 x 634, nnz = 13040
Time: 1.801 ms

=== Computing C = A x A^T upper (Gustavson) ===
Result C (A·Aᵀ 上三角): 634 x 634, nnz = 13040
Time: 1.916 ms

=== Computing C = A x A^T upper (colwise) ===
Result C (A·Aᵀ 上三角): 634 x 634, nnz = 13040
Time: 2.440 ms

=== Computing C = A x A^T upper (inner) ===
Result C (A·Aᵀ 上三角): 634 x 634, nnz = 13040
Time: 2.179 ms

=== All att tests completed ===
Processing can_715 (att) ... (max 600s)
[dbg       0.0 ms] main entry, initializing CUDA context...
[dbg     727.2 ms] CUDA context ready
[dbg     727.4 ms] start read_matrix_market: ./data/first100/can_715.mtx
[dbg     728.0 ms] read done: 715 x 715, nnz=6665
[dbg     728.0 ms] [cut] start
[dbg     739.0 ms] [cut] h2d
[dbg     765.5 ms] [cut] transpose
[dbg     765.6 ms] cusparse: workEstimation begin
[dbg     769.9 ms] [cut] workest (buf1=81043 B)
[dbg     769.9 ms] cusparse: compute begin
[dbg     772.1 ms] [cut] compute (buf2=2097175 B)
[dbg     772.1 ms] cusparse: C size = 715 x 715, nnz=39785
[dbg     772.1 ms] cusparse: copy begin
[dbg     772.4 ms] [cut] copy
[dbg     772.5 ms] [cut] pack
[dbg     774.3 ms] [cut] d2h
[dbg     774.9 ms] [atto] start
[dbg     777.6 ms] [atto] csc
[dbg     777.6 ms] [atto] h2d
[dbg     777.9 ms] [atto] count
[dbg     778.2 ms] [atto] scan
[dbg     778.5 ms] [atto] expand
[dbg     778.9 ms] [atto] sort
[dbg     779.3 ms] [atto] reduce
[dbg     779.9 ms] [atto] final
[dbg     779.9 ms] [atto] pack
[dbg     781.2 ms] [atto] d2h
[dbg     781.6 ms] [attg] start
[dbg     782.0 ms] [attg] csc
[dbg     782.0 ms] [attg] h2d
[dbg     782.0 ms] [attg] count
[dbg     782.1 ms] [attg] scan
[dbg     782.1 ms] [attg] expand
[dbg     782.3 ms] [attg] compact
[dbg     782.4 ms] [attg] sort
[dbg     782.4 ms] [attg] reduce
[dbg     782.8 ms] [attg] final
[dbg     782.8 ms] [attg] pack
[dbg     783.8 ms] [attg] d2h
[dbg     784.2 ms] [attc] start
[dbg     784.7 ms] [attc] csc
[dbg     784.7 ms] [attc] h2d
[dbg     784.7 ms] [attc] count
[dbg     784.7 ms] [attc] scan
[dbg     784.8 ms] [attc] expand
[dbg     784.9 ms] [attc] compact
[dbg     785.0 ms] [attc] sort
[dbg     785.3 ms] [attc] reduce
[dbg     785.9 ms] [attc] final
[dbg     785.9 ms] [attc] pack
[dbg     786.8 ms] [attc] d2h
[dbg     787.2 ms] [atti] start
[dbg     787.6 ms] [atti] csc
[dbg     787.6 ms] [atti] h2d
[dbg     787.6 ms] [atti] count
[dbg     787.7 ms] [atti] scan
[dbg     787.7 ms] [atti] expand
[dbg     787.8 ms] [atti] compact
[dbg     787.9 ms] [atti] sort
[dbg     788.3 ms] [atti] reduce
[dbg     788.8 ms] [atti] final
[dbg     788.8 ms] [atti] symbolic
[dbg     789.2 ms] [atti] numeric
[dbg     789.2 ms] [atti] pack
[dbg     790.0 ms] [atti] d2h
[dbg     790.4 ms] [cut] start
[dbg     790.6 ms] [cut] h2d
[dbg     790.8 ms] [cut] transpose
[dbg     790.9 ms] cusparse: workEstimation begin
[dbg     790.9 ms] [cut] workest (buf1=81043 B)
[dbg     790.9 ms] cusparse: compute begin
[dbg     793.1 ms] [cut] compute (buf2=2097175 B)
[dbg     793.1 ms] cusparse: C size = 715 x 715, nnz=39785
[dbg     793.1 ms] cusparse: copy begin
[dbg     793.4 ms] [cut] copy
[dbg     793.4 ms] [cut] pack
[dbg     794.9 ms] [cut] d2h
[dbg     795.3 ms] [atto] start
[dbg     795.9 ms] [atto] csc
[dbg     795.9 ms] [atto] h2d
[dbg     796.2 ms] [atto] count
[dbg     796.5 ms] [atto] scan
[dbg     796.8 ms] [atto] expand
[dbg     797.2 ms] [atto] sort
[dbg     797.5 ms] [atto] reduce
[dbg     798.1 ms] [atto] final
[dbg     798.1 ms] [atto] pack
[dbg     799.1 ms] [atto] d2h
[dbg     799.5 ms] [attg] start
[dbg     799.9 ms] [attg] csc
[dbg     799.9 ms] [attg] h2d
[dbg     799.9 ms] [attg] count
[dbg     799.9 ms] [attg] scan
[dbg     800.0 ms] [attg] expand
[dbg     800.0 ms] [attg] compact
[dbg     800.2 ms] [attg] sort
[dbg     800.2 ms] [attg] reduce
[dbg     800.2 ms] [attg] final
[dbg     800.3 ms] [attg] pack
[dbg     801.2 ms] [attg] d2h
[dbg     801.6 ms] [attc] start
[dbg     801.9 ms] [attc] csc
[dbg     801.9 ms] [attc] h2d
[dbg     802.0 ms] [attc] count
[dbg     802.0 ms] [attc] scan
[dbg     802.0 ms] [attc] expand
[dbg     802.1 ms] [attc] compact
[dbg     802.2 ms] [attc] sort
[dbg     802.3 ms] [attc] reduce
[dbg     802.3 ms] [attc] final
[dbg     802.3 ms] [attc] pack
[dbg     803.2 ms] [attc] d2h
[dbg     803.6 ms] [atti] start
[dbg     803.8 ms] [atti] csc
[dbg     803.8 ms] [atti] h2d
[dbg     803.8 ms] [atti] count
[dbg     803.9 ms] [atti] scan
[dbg     803.9 ms] [atti] expand
[dbg     804.0 ms] [atti] compact
[dbg     804.1 ms] [atti] sort
[dbg     804.2 ms] [atti] reduce
[dbg     804.2 ms] [atti] final
[dbg     804.2 ms] [atti] symbolic
[dbg     804.2 ms] [atti] numeric
[dbg     804.3 ms] [atti] pack
[dbg     805.1 ms] [atti] d2h
Reading matrix from ./data/first100/can_715.mtx...
Input A: 715 x 715, nnz = 6665, sparsity = 98.70%
===============WARMING UP (att)===============
=== Computing C = A x A^T (cuSPARSE) ===
Result C (A·Aᵀ 全量): 715 x 715, nnz = 39785
Time: 4.558 ms

=== Computing C = A x A^T upper (outer) ===
Result C (A·Aᵀ 上三角): 715 x 715, nnz = 20250
Time: 3.951 ms

=== Computing C = A x A^T upper (Gustavson) ===
Result C (A·Aᵀ 上三角): 715 x 715, nnz = 20250
Time: 1.779 ms

=== Computing C = A x A^T upper (colwise) ===
Result C (A·Aᵀ 上三角): 715 x 715, nnz = 20250
Time: 1.760 ms

=== Computing C = A x A^T upper (inner) ===
Result C (A·Aᵀ 上三角): 715 x 715, nnz = 20250
Time: 1.612 ms

=== All att tests completed ===
Processing can_73 (att) ... (max 600s)
[dbg       0.0 ms] main entry, initializing CUDA context...
[dbg     572.8 ms] CUDA context ready
[dbg     572.9 ms] start read_matrix_market: ./data/first100/can_73.mtx
[dbg     573.0 ms] read done: 73 x 73, nnz=377
[dbg     573.0 ms] [cut] start
[dbg     580.7 ms] [cut] h2d
[dbg     602.2 ms] [cut] transpose
[dbg     602.3 ms] cusparse: workEstimation begin
[dbg     606.0 ms] [cut] workest (buf1=5587 B)
[dbg     606.0 ms] cusparse: compute begin
[dbg     607.8 ms] [cut] compute (buf2=60079 B)
[dbg     607.8 ms] cusparse: C size = 73 x 73, nnz=1377
[dbg     607.9 ms] cusparse: copy begin
[dbg     608.2 ms] [cut] copy
[dbg     608.2 ms] [cut] pack
[dbg     609.9 ms] [cut] d2h
[dbg     610.4 ms] [atto] start
[dbg     613.0 ms] [atto] csc
[dbg     613.0 ms] [atto] h2d
[dbg     613.3 ms] [atto] count
[dbg     613.6 ms] [atto] scan
[dbg     613.6 ms] [atto] expand
[dbg     613.7 ms] [atto] sort
[dbg     613.9 ms] [atto] reduce
[dbg     614.0 ms] [atto] final
[dbg     614.0 ms] [atto] pack
[dbg     615.3 ms] [atto] d2h
[dbg     615.8 ms] [attg] start
[dbg     616.5 ms] [attg] csc
[dbg     616.5 ms] [attg] h2d
[dbg     616.8 ms] [attg] count
[dbg     617.1 ms] [attg] scan
[dbg     617.4 ms] [attg] expand
[dbg     617.7 ms] [attg] compact
[dbg     617.8 ms] [attg] sort
[dbg     617.8 ms] [attg] reduce
[dbg     617.9 ms] [attg] final
[dbg     617.9 ms] [attg] pack
[dbg     619.0 ms] [attg] d2h
[dbg     619.5 ms] [attc] start
[dbg     619.8 ms] [attc] csc
[dbg     619.8 ms] [attc] h2d
[dbg     620.1 ms] [attc] count
[dbg     620.5 ms] [attc] scan
[dbg     620.7 ms] [attc] expand
[dbg     621.1 ms] [attc] compact
[dbg     621.1 ms] [attc] sort
[dbg     621.2 ms] [attc] reduce
[dbg     621.2 ms] [attc] final
[dbg     621.2 ms] [attc] pack
[dbg     622.2 ms] [attc] d2h
[dbg     622.6 ms] [atti] start
[dbg     623.3 ms] [atti] csc
[dbg     623.3 ms] [atti] h2d
[dbg     623.3 ms] [atti] count
[dbg     623.6 ms] [atti] scan
[dbg     623.9 ms] [atti] expand
[dbg     624.5 ms] [atti] compact
[dbg     624.6 ms] [atti] sort
[dbg     624.6 ms] [atti] reduce
[dbg     624.7 ms] [atti] final
[dbg     624.7 ms] [atti] symbolic
[dbg     624.7 ms] [atti] numeric
[dbg     624.7 ms] [atti] pack
[dbg     625.6 ms] [atti] d2h
[dbg     626.1 ms] [cut] start
[dbg     626.2 ms] [cut] h2d
[dbg     626.8 ms] [cut] transpose
[dbg     627.1 ms] cusparse: workEstimation begin
[dbg     627.4 ms] [cut] workest (buf1=5587 B)
[dbg     627.5 ms] cusparse: compute begin
[dbg     628.2 ms] [cut] compute (buf2=60079 B)
[dbg     628.2 ms] cusparse: C size = 73 x 73, nnz=1377
[dbg     628.2 ms] cusparse: copy begin
[dbg     628.2 ms] [cut] copy
[dbg     628.2 ms] [cut] pack
[dbg     629.2 ms] [cut] d2h
[dbg     629.6 ms] [atto] start
[dbg     630.0 ms] [atto] csc
[dbg     630.0 ms] [atto] h2d
[dbg     630.3 ms] [atto] count
[dbg     630.6 ms] [atto] scan
[dbg     630.9 ms] [atto] expand
[dbg     631.5 ms] [atto] sort
[dbg     631.5 ms] [atto] reduce
[dbg     631.6 ms] [atto] final
[dbg     631.6 ms] [atto] pack
[dbg     632.6 ms] [atto] d2h
[dbg     633.0 ms] [attg] start
[dbg     633.2 ms] [attg] csc
[dbg     633.2 ms] [attg] h2d
[dbg     633.2 ms] [attg] count
[dbg     633.3 ms] [attg] scan
[dbg     633.3 ms] [attg] expand
[dbg     633.4 ms] [attg] compact
[dbg     633.4 ms] [attg] sort
[dbg     633.5 ms] [attg] reduce
[dbg     633.5 ms] [attg] final
[dbg     633.5 ms] [attg] pack
[dbg     634.4 ms] [attg] d2h
[dbg     634.8 ms] [attc] start
[dbg     635.0 ms] [attc] csc
[dbg     635.0 ms] [attc] h2d
[dbg     635.0 ms] [attc] count
[dbg     635.0 ms] [attc] scan
[dbg     635.0 ms] [attc] expand
[dbg     635.1 ms] [attc] compact
[dbg     635.2 ms] [attc] sort
[dbg     635.2 ms] [attc] reduce
[dbg     635.2 ms] [attc] final
[dbg     635.3 ms] [attc] pack
[dbg     636.1 ms] [attc] d2h
[dbg     636.5 ms] [atti] start
[dbg     636.7 ms] [atti] csc
[dbg     636.7 ms] [atti] h2d
[dbg     636.7 ms] [atti] count
[dbg     636.7 ms] [atti] scan
[dbg     636.8 ms] [atti] expand
[dbg     636.8 ms] [atti] compact
[dbg     636.9 ms] [atti] sort
[dbg     636.9 ms] [atti] reduce
[dbg     637.0 ms] [atti] final
[dbg     637.0 ms] [atti] symbolic
[dbg     637.0 ms] [atti] numeric
[dbg     637.0 ms] [atti] pack
[dbg     637.8 ms] [atti] d2h
Reading matrix from ./data/first100/can_73.mtx...
Input A: 73 x 73, nnz = 377, sparsity = 92.93%
===============WARMING UP (att)===============
=== Computing C = A x A^T (cuSPARSE) ===
Result C (A·Aᵀ 全量): 73 x 73, nnz = 1377
Time: 3.229 ms

=== Computing C = A x A^T upper (outer) ===
Result C (A·Aᵀ 上三角): 73 x 73, nnz = 725
Time: 3.092 ms

=== Computing C = A x A^T upper (Gustavson) ===
Result C (A·Aᵀ 上三角): 73 x 73, nnz = 725
Time: 1.509 ms

=== Computing C = A x A^T upper (colwise) ===
Result C (A·Aᵀ 上三角): 73 x 73, nnz = 725
Time: 1.420 ms

=== Computing C = A x A^T upper (inner) ===
Result C (A·Aᵀ 上三角): 73 x 73, nnz = 725
Time: 1.464 ms

=== All att tests completed ===
Processing can_838 (att) ... (max 600s)
[dbg       0.0 ms] main entry, initializing CUDA context...
[dbg     579.7 ms] CUDA context ready
[dbg     579.9 ms] start read_matrix_market: ./data/first100/can_838.mtx
[dbg     580.8 ms] read done: 838 x 838, nnz=10010
[dbg     580.8 ms] [cut] start
[dbg     588.9 ms] [cut] h2d
[dbg     612.5 ms] [cut] transpose
[dbg     613.0 ms] cusparse: workEstimation begin
[dbg     617.0 ms] [cut] workest (buf1=121183 B)
[dbg     617.1 ms] cusparse: compute begin
[dbg     618.9 ms] [cut] compute (buf2=3661679 B)
[dbg     618.9 ms] cusparse: C size = 838 x 838, nnz=51156
[dbg     618.9 ms] cusparse: copy begin
[dbg     619.2 ms] [cut] copy
[dbg     619.2 ms] [cut] pack
[dbg     621.2 ms] [cut] d2h
[dbg     621.7 ms] [atto] start
[dbg     623.8 ms] [atto] csc
[dbg     623.8 ms] [atto] h2d
[dbg     623.8 ms] [atto] count
[dbg     623.9 ms] [atto] scan
[dbg     623.9 ms] [atto] expand
[dbg     624.5 ms] [atto] sort
[dbg     624.9 ms] [atto] reduce
[dbg     625.4 ms] [atto] final
[dbg     625.5 ms] [atto] pack
[dbg     626.9 ms] [atto] d2h
[dbg     627.4 ms] [attg] start
[dbg     627.9 ms] [attg] csc
[dbg     627.9 ms] [attg] h2d
[dbg     628.0 ms] [attg] count
[dbg     628.0 ms] [attg] scan
[dbg     628.0 ms] [attg] expand
[dbg     629.2 ms] [attg] compact
[dbg     629.6 ms] [attg] sort
[dbg     629.9 ms] [attg] reduce
[dbg     630.6 ms] [attg] final
[dbg     630.6 ms] [attg] pack
[dbg     631.8 ms] [attg] d2h
[dbg     632.5 ms] [attc] start
[dbg     633.2 ms] [attc] csc
[dbg     633.2 ms] [attc] h2d
[dbg     633.6 ms] [attc] count
[dbg     633.9 ms] [attc] scan
[dbg     634.2 ms] [attc] expand
[dbg     635.4 ms] [attc] compact
[dbg     635.9 ms] [attc] sort
[dbg     636.1 ms] [attc] reduce
[dbg     636.2 ms] [attc] final
[dbg     636.2 ms] [attc] pack
[dbg     637.3 ms] [attc] d2h
[dbg     637.8 ms] [atti] start
[dbg     638.1 ms] [atti] csc
[dbg     638.1 ms] [atti] h2d
[dbg     638.1 ms] [atti] count
[dbg     638.1 ms] [atti] scan
[dbg     638.2 ms] [atti] expand
[dbg     638.5 ms] [atti] compact
[dbg     638.7 ms] [atti] sort
[dbg     638.8 ms] [atti] reduce
[dbg     638.9 ms] [atti] final
[dbg     638.9 ms] [atti] symbolic
[dbg     639.0 ms] [atti] numeric
[dbg     639.0 ms] [atti] pack
[dbg     639.9 ms] [atti] d2h
[dbg     640.4 ms] [cut] start
[dbg     640.5 ms] [cut] h2d
[dbg     640.6 ms] [cut] transpose
[dbg     640.7 ms] cusparse: workEstimation begin
[dbg     640.7 ms] [cut] workest (buf1=121183 B)
[dbg     640.7 ms] cusparse: compute begin
[dbg     641.0 ms] [cut] compute (buf2=3661679 B)
[dbg     641.0 ms] cusparse: C size = 838 x 838, nnz=51156
[dbg     641.0 ms] cusparse: copy begin
[dbg     641.1 ms] [cut] copy
[dbg     641.1 ms] [cut] pack
[dbg     642.1 ms] [cut] d2h
[dbg     642.5 ms] [atto] start
[dbg     642.7 ms] [atto] csc
[dbg     642.7 ms] [atto] h2d
[dbg     642.7 ms] [atto] count
[dbg     642.8 ms] [atto] scan
[dbg     642.8 ms] [atto] expand
[dbg     643.1 ms] [atto] sort
[dbg     643.2 ms] [atto] reduce
[dbg     643.4 ms] [atto] final
[dbg     643.4 ms] [atto] pack
[dbg     644.2 ms] [atto] d2h
[dbg     644.7 ms] [attg] start
[dbg     644.9 ms] [attg] csc
[dbg     644.9 ms] [attg] h2d
[dbg     644.9 ms] [attg] count
[dbg     644.9 ms] [attg] scan
[dbg     645.0 ms] [attg] expand
[dbg     645.2 ms] [attg] compact
[dbg     645.5 ms] [attg] sort
[dbg     645.6 ms] [attg] reduce
[dbg     645.7 ms] [attg] final
[dbg     645.7 ms] [attg] pack
[dbg     646.5 ms] [attg] d2h
[dbg     647.0 ms] [attc] start
[dbg     647.2 ms] [attc] csc
[dbg     647.2 ms] [attc] h2d
[dbg     647.2 ms] [attc] count
[dbg     647.2 ms] [attc] scan
[dbg     647.3 ms] [attc] expand
[dbg     647.5 ms] [attc] compact
[dbg     647.8 ms] [attc] sort
[dbg     647.9 ms] [attc] reduce
[dbg     648.0 ms] [attc] final
[dbg     648.0 ms] [attc] pack
[dbg     648.8 ms] [attc] d2h
[dbg     649.3 ms] [atti] start
[dbg     649.5 ms] [atti] csc
[dbg     649.5 ms] [atti] h2d
[dbg     649.5 ms] [atti] count
[dbg     649.6 ms] [atti] scan
[dbg     649.6 ms] [atti] expand
[dbg     649.9 ms] [atti] compact
[dbg     650.1 ms] [atti] sort
[dbg     650.2 ms] [atti] reduce
[dbg     650.3 ms] [atti] final
[dbg     650.3 ms] [atti] symbolic
[dbg     650.3 ms] [atti] numeric
[dbg     650.3 ms] [atti] pack
[dbg     651.2 ms] [atti] d2h
Reading matrix from ./data/first100/can_838.mtx...
Input A: 838 x 838, nnz = 10010, sparsity = 98.57%
===============WARMING UP (att)===============
=== Computing C = A x A^T (cuSPARSE) ===
Result C (A·Aᵀ 全量): 838 x 838, nnz = 51156
Time: 1.855 ms

=== Computing C = A x A^T upper (outer) ===
Result C (A·Aᵀ 上三角): 838 x 838, nnz = 25997
Time: 1.852 ms

=== Computing C = A x A^T upper (Gustavson) ===
Result C (A·Aᵀ 上三角): 838 x 838, nnz = 25997
Time: 2.029 ms

=== Computing C = A x A^T upper (colwise) ===
Result C (A·Aᵀ 上三角): 838 x 838, nnz = 25997
Time: 2.034 ms

=== Computing C = A x A^T upper (inner) ===
Result C (A·Aᵀ 上三角): 838 x 838, nnz = 25997
Time: 2.048 ms

=== All att tests completed ===
Processing can_96 (att) ... (max 600s)
[dbg       0.0 ms] main entry, initializing CUDA context...
[dbg     581.8 ms] CUDA context ready
[dbg     582.0 ms] start read_matrix_market: ./data/first100/can_96.mtx
[dbg     582.1 ms] read done: 96 x 96, nnz=768
[dbg     582.1 ms] [cut] start
[dbg     590.2 ms] [cut] h2d
[dbg     610.5 ms] [cut] transpose
[dbg     610.6 ms] cusparse: workEstimation begin
[dbg     615.1 ms] [cut] workest (buf1=10279 B)
[dbg     615.1 ms] cusparse: compute begin
[dbg     616.1 ms] [cut] compute (buf2=157207 B)
[dbg     616.1 ms] cusparse: C size = 96 x 96, nnz=1920
[dbg     616.2 ms] cusparse: copy begin
[dbg     616.3 ms] [cut] copy
[dbg     616.3 ms] [cut] pack
[dbg     617.8 ms] [cut] d2h
[dbg     618.3 ms] [atto] start
[dbg     620.3 ms] [atto] csc
[dbg     620.3 ms] [atto] h2d
[dbg     620.3 ms] [atto] count
[dbg     620.4 ms] [atto] scan
[dbg     620.4 ms] [atto] expand
[dbg     620.9 ms] [atto] sort
[dbg     621.2 ms] [atto] reduce
[dbg     621.8 ms] [atto] final
[dbg     621.8 ms] [atto] pack
[dbg     623.1 ms] [atto] d2h
[dbg     623.6 ms] [attg] start
[dbg     624.2 ms] [attg] csc
[dbg     624.2 ms] [attg] h2d
[dbg     624.5 ms] [attg] count
[dbg     624.8 ms] [attg] scan
[dbg     625.1 ms] [attg] expand
[dbg     626.0 ms] [attg] compact
[dbg     626.4 ms] [attg] sort
[dbg     626.7 ms] [attg] reduce
[dbg     627.3 ms] [attg] final
[dbg     627.3 ms] [attg] pack
[dbg     628.4 ms] [attg] d2h
[dbg     628.8 ms] [attc] start
[dbg     629.1 ms] [attc] csc
[dbg     629.1 ms] [attc] h2d
[dbg     629.2 ms] [attc] count
[dbg     629.2 ms] [attc] scan
[dbg     629.3 ms] [attc] expand
[dbg     629.4 ms] [attc] compact
[dbg     629.5 ms] [attc] sort
[dbg     629.5 ms] [attc] reduce
[dbg     629.6 ms] [attc] final
[dbg     629.6 ms] [attc] pack
[dbg     630.5 ms] [attc] d2h
[dbg     630.9 ms] [atti] start
[dbg     631.2 ms] [atti] csc
[dbg     631.2 ms] [atti] h2d
[dbg     631.3 ms] [atti] count
[dbg     631.3 ms] [atti] scan
[dbg     631.3 ms] [atti] expand
[dbg     631.4 ms] [atti] compact
[dbg     631.5 ms] [atti] sort
[dbg     631.6 ms] [atti] reduce
[dbg     631.6 ms] [atti] final
[dbg     631.6 ms] [atti] symbolic
[dbg     631.7 ms] [atti] numeric
[dbg     631.7 ms] [atti] pack
[dbg     632.6 ms] [atti] d2h
[dbg     633.0 ms] [cut] start
[dbg     633.2 ms] [cut] h2d
[dbg     633.4 ms] [cut] transpose
[dbg     633.5 ms] cusparse: workEstimation begin
[dbg     633.5 ms] [cut] workest (buf1=10279 B)
[dbg     633.5 ms] cusparse: compute begin
[dbg     633.7 ms] [cut] compute (buf2=157207 B)
[dbg     633.7 ms] cusparse: C size = 96 x 96, nnz=1920
[dbg     633.7 ms] cusparse: copy begin
[dbg     633.8 ms] [cut] copy
[dbg     633.8 ms] [cut] pack
[dbg     634.7 ms] [cut] d2h
[dbg     635.2 ms] [atto] start
[dbg     635.5 ms] [atto] csc
[dbg     635.5 ms] [atto] h2d
[dbg     635.5 ms] [atto] count
[dbg     635.6 ms] [atto] scan
[dbg     635.6 ms] [atto] expand
[dbg     635.7 ms] [atto] sort
[dbg     635.8 ms] [atto] reduce
[dbg     635.8 ms] [atto] final
[dbg     635.8 ms] [atto] pack
[dbg     636.7 ms] [atto] d2h
[dbg     637.1 ms] [attg] start
[dbg     637.3 ms] [attg] csc
[dbg     637.3 ms] [attg] h2d
[dbg     637.3 ms] [attg] count
[dbg     637.4 ms] [attg] scan
[dbg     637.4 ms] [attg] expand
[dbg     637.5 ms] [attg] compact
[dbg     637.6 ms] [attg] sort
[dbg     637.7 ms] [attg] reduce
[dbg     637.7 ms] [attg] final
[dbg     637.7 ms] [attg] pack
[dbg     638.6 ms] [attg] d2h
[dbg     639.0 ms] [attc] start
[dbg     639.2 ms] [attc] csc
[dbg     639.2 ms] [attc] h2d
[dbg     639.2 ms] [attc] count
[dbg     639.3 ms] [attc] scan
[dbg     639.3 ms] [attc] expand
[dbg     639.4 ms] [attc] compact
[dbg     639.5 ms] [attc] sort
[dbg     639.5 ms] [attc] reduce
[dbg     639.6 ms] [attc] final
[dbg     639.6 ms] [attc] pack
[dbg     640.5 ms] [attc] d2h
[dbg     640.9 ms] [atti] start
[dbg     641.1 ms] [atti] csc
[dbg     641.1 ms] [atti] h2d
[dbg     641.1 ms] [atti] count
[dbg     641.1 ms] [atti] scan
[dbg     641.2 ms] [atti] expand
[dbg     641.2 ms] [atti] compact
[dbg     641.4 ms] [atti] sort
[dbg     641.4 ms] [atti] reduce
[dbg     641.5 ms] [atti] final
[dbg     641.5 ms] [atti] symbolic
[dbg     641.5 ms] [atti] numeric
[dbg     641.5 ms] [atti] pack
[dbg     642.4 ms] [atti] d2h
Reading matrix from ./data/first100/can_96.mtx...
Input A: 96 x 96, nnz = 768, sparsity = 91.67%
===============WARMING UP (att)===============
=== Computing C = A x A^T (cuSPARSE) ===
Result C (A·Aᵀ 全量): 96 x 96, nnz = 1920
Time: 1.797 ms

=== Computing C = A x A^T upper (outer) ===
Result C (A·Aᵀ 上三角): 96 x 96, nnz = 1008
Time: 1.665 ms

=== Computing C = A x A^T upper (Gustavson) ===
Result C (A·Aᵀ 上三角): 96 x 96, nnz = 1008
Time: 1.643 ms

=== Computing C = A x A^T upper (colwise) ===
Result C (A·Aᵀ 上三角): 96 x 96, nnz = 1008
Time: 1.602 ms

=== Computing C = A x A^T upper (inner) ===
Result C (A·Aᵀ 上三角): 96 x 96, nnz = 1008
Time: 1.645 ms

=== All att tests completed ===

=============================
Total:    100
OK:       100
FAIL:     0
TIMEOUT:  0  (>600s 自动跳过)
=============================

Summary: ./results/first100_att/summary.csv
Per-matrix logs: ./results/first100_att/log/<name>.log
Profiling: .venv/bin/python suitesparse_crawl/profile_att.py  # 需把 LOG_DIR 指到 ./results/first100_att/log
