Processing 1138_bus ... (max 600s)
[dbg       0.0 ms] main entry, initializing CUDA context...
[dbg     566.5 ms] CUDA context ready
[dbg     566.6 ms] start read_matrix_market: ./data/first100/1138_bus.mtx
[dbg     567.5 ms] read done: 1138 x 1138, nnz=4054
[dbg     567.5 ms] [cu] start
[dbg     575.5 ms] [cu] h2d (36988 B)
[dbg     575.6 ms] cusparse: workEstimation begin
[dbg     599.6 ms] [cu] workest (buf1=49711 B)
[dbg     599.6 ms] cusparse: compute begin
[dbg     600.3 ms] [cu] compute (buf2=450415 B)
[dbg     600.3 ms] cusparse: C size = 1138 x 1138, nnz=11142
[dbg     600.3 ms] cusparse: copy begin
[dbg     600.4 ms] [cu] copy
[dbg     600.4 ms] [cu] pack
[dbg     602.0 ms] self_product: C D2H begin (93692 B)
[dbg     602.0 ms] [cu] d2h
[dbg     602.4 ms] [gust] start
[dbg     602.6 ms] [gust] h2d
[dbg     602.6 ms] ESC: count intermediates begin
[dbg     604.0 ms] [gust] count
[dbg     604.3 ms] [gust] scan
[dbg     604.3 ms] ESC: expand begin (18138 intermediates)
[dbg     604.3 ms] [gust] expand
[dbg     604.3 ms] ESC: sort_by_key begin
[dbg     604.6 ms] [gust] sort
[dbg     604.6 ms] ESC: reduce_by_key begin
[dbg     604.7 ms] [gust] reduce
[dbg     604.8 ms] [gust] final
[dbg     604.8 ms] [gust] pack
[dbg     606.2 ms] [gust] d2h
[dbg     606.6 ms] [outer] start
[dbg     606.7 ms] [outer] h2d
[dbg     608.6 ms] [outer] csc
[dbg     608.6 ms] [outer] count
[dbg     608.7 ms] [outer] scan
[dbg     608.7 ms] [outer] expand
[dbg     608.8 ms] [outer] sort
[dbg     608.9 ms] [outer] reduce
[dbg     609.0 ms] [outer] final
[dbg     609.0 ms] [outer] pack
[dbg     610.0 ms] [outer] d2h
[dbg     610.5 ms] [colw] start
[dbg     610.6 ms] [colw] h2d
[dbg     610.7 ms] [colw] csc
[dbg     610.7 ms] [colw] count
[dbg     610.8 ms] [colw] scan
[dbg     610.8 ms] [colw] expand
[dbg     610.9 ms] [colw] sort
[dbg     611.0 ms] [colw] reduce
[dbg     611.0 ms] [colw] final
[dbg     611.1 ms] [colw] pack
[dbg     612.0 ms] [colw] d2h
[dbg     612.4 ms] [inner] start
[dbg     612.5 ms] [inner] h2d
[dbg     612.6 ms] [inner] csc
[dbg     612.6 ms] [inner] count
[dbg     612.7 ms] [inner] scan
[dbg     612.7 ms] [inner] expand
[dbg     612.8 ms] [inner] sort
[dbg     612.8 ms] [inner] reduce
[dbg     612.9 ms] [inner] final
[dbg     612.9 ms] [inner] numeric
[dbg     613.0 ms] [inner] pack
[dbg     613.8 ms] [inner] d2h
[dbg     614.2 ms] warmup done
[dbg     614.2 ms] T4 manual self_product: start
[dbg     614.2 ms] [gust] start
[dbg     614.3 ms] [gust] h2d
[dbg     614.3 ms] ESC: count intermediates begin
[dbg     614.3 ms] [gust] count
[dbg     614.4 ms] [gust] scan
[dbg     614.4 ms] ESC: expand begin (18138 intermediates)
[dbg     614.4 ms] [gust] expand
[dbg     614.4 ms] ESC: sort_by_key begin
[dbg     614.5 ms] [gust] sort
[dbg     614.5 ms] ESC: reduce_by_key begin
[dbg     614.6 ms] [gust] reduce
[dbg     614.6 ms] [gust] final
[dbg     614.7 ms] [gust] pack
[dbg     615.5 ms] [gust] d2h
[dbg     615.6 ms] T4 manual self_product: done (C_nnz=11142)
[dbg     615.9 ms] T5 outer self_product: start
[dbg     615.9 ms] [outer] start
[dbg     616.0 ms] [outer] h2d
[dbg     616.1 ms] [outer] csc
[dbg     616.1 ms] [outer] count
[dbg     616.2 ms] [outer] scan
[dbg     616.2 ms] [outer] expand
[dbg     616.3 ms] [outer] sort
[dbg     616.4 ms] [outer] reduce
[dbg     616.4 ms] [outer] final
[dbg     616.4 ms] [outer] pack
[dbg     617.2 ms] [outer] d2h
[dbg     617.3 ms] T5 outer self_product: done (C_nnz=11142)
[dbg     617.6 ms] T6 colwise self_product: start
[dbg     617.6 ms] [colw] start
[dbg     617.7 ms] [colw] h2d
[dbg     617.8 ms] [colw] csc
[dbg     617.8 ms] [colw] count
[dbg     617.9 ms] [colw] scan
[dbg     617.9 ms] [colw] expand
[dbg     618.0 ms] [colw] sort
[dbg     618.0 ms] [colw] reduce
[dbg     618.1 ms] [colw] final
[dbg     618.1 ms] [colw] pack
[dbg     618.9 ms] [colw] d2h
[dbg     619.1 ms] T6 colwise self_product: done (C_nnz=11142)
[dbg     619.4 ms] T7 inner self_product: start
[dbg     619.4 ms] [inner] start
[dbg     619.5 ms] [inner] h2d
[dbg     619.5 ms] [inner] csc
[dbg     619.6 ms] [inner] count
[dbg     619.6 ms] [inner] scan
[dbg     619.6 ms] [inner] expand
[dbg     619.7 ms] [inner] sort
[dbg     619.8 ms] [inner] reduce
[dbg     619.8 ms] [inner] final
[dbg     619.9 ms] [inner] numeric
[dbg     619.9 ms] [inner] pack
[dbg     620.7 ms] [inner] d2h
[dbg     620.8 ms] T7 inner self_product: done (C_nnz=11142)
Reading matrix from ./data/first100/1138_bus.mtx...
Input A: 1138 x 1138, nnz = 4054, sparsity = 99.69%
===============WARMING UP===============
=== Computing C = A x A (Manual) ===
Result C: 1138 x 1138, nnz = 11142, sparsity = 99.14%
Time: 1.412 ms

=== Computing C = A x A (Outer) ===
Result C: 1138 x 1138, nnz = 11142, sparsity = 99.14%
Time: 1.441 ms

=== Computing C = A x A (Colwise) ===
Result C: 1138 x 1138, nnz = 11142, sparsity = 99.14%
Time: 1.460 ms

=== Computing C = A x A (Inner) ===
Result C: 1138 x 1138, nnz = 11142, sparsity = 99.14%
Time: 1.456 ms

=== All tests completed ===
Processing 494_bus ... (max 600s)
[dbg       0.0 ms] main entry, initializing CUDA context...
[dbg     479.1 ms] CUDA context ready
[dbg     479.3 ms] start read_matrix_market: ./data/first100/494_bus.mtx
[dbg     479.7 ms] read done: 494 x 494, nnz=1666
[dbg     479.7 ms] [cu] start
[dbg     487.8 ms] [cu] h2d (15308 B)
[dbg     487.9 ms] cusparse: workEstimation begin
[dbg     512.6 ms] [cu] workest (buf1=21055 B)
[dbg     512.6 ms] cusparse: compute begin
[dbg     513.3 ms] [cu] compute (buf2=163831 B)
[dbg     513.3 ms] cusparse: C size = 494 x 494, nnz=4062
[dbg     513.4 ms] cusparse: copy begin
[dbg     513.5 ms] [cu] copy
[dbg     513.5 ms] [cu] pack
[dbg     515.0 ms] self_product: C D2H begin (34476 B)
[dbg     515.0 ms] [cu] d2h
[dbg     515.5 ms] [gust] start
[dbg     515.6 ms] [gust] h2d
[dbg     515.6 ms] ESC: count intermediates begin
[dbg     517.1 ms] [gust] count
[dbg     517.4 ms] [gust] scan
[dbg     517.5 ms] ESC: expand begin (6612 intermediates)
[dbg     517.5 ms] [gust] expand
[dbg     517.5 ms] ESC: sort_by_key begin
[dbg     517.7 ms] [gust] sort
[dbg     517.7 ms] ESC: reduce_by_key begin
[dbg     517.9 ms] [gust] reduce
[dbg     518.0 ms] [gust] final
[dbg     518.0 ms] [gust] pack
[dbg     519.4 ms] [gust] d2h
[dbg     519.8 ms] [outer] start
[dbg     519.9 ms] [outer] h2d
[dbg     521.7 ms] [outer] csc
[dbg     521.7 ms] [outer] count
[dbg     521.8 ms] [outer] scan
[dbg     521.8 ms] [outer] expand
[dbg     521.9 ms] [outer] sort
[dbg     522.0 ms] [outer] reduce
[dbg     522.0 ms] [outer] final
[dbg     522.1 ms] [outer] pack
[dbg     523.1 ms] [outer] d2h
[dbg     523.6 ms] [colw] start
[dbg     523.7 ms] [colw] h2d
[dbg     523.8 ms] [colw] csc
[dbg     523.8 ms] [colw] count
[dbg     523.9 ms] [colw] scan
[dbg     523.9 ms] [colw] expand
[dbg     524.0 ms] [colw] sort
[dbg     524.1 ms] [colw] reduce
[dbg     524.1 ms] [colw] final
[dbg     524.2 ms] [colw] pack
[dbg     525.1 ms] [colw] d2h
[dbg     525.5 ms] [inner] start
[dbg     525.6 ms] [inner] h2d
[dbg     525.7 ms] [inner] csc
[dbg     525.7 ms] [inner] count
[dbg     525.8 ms] [inner] scan
[dbg     525.8 ms] [inner] expand
[dbg     525.9 ms] [inner] sort
[dbg     526.0 ms] [inner] reduce
[dbg     526.0 ms] [inner] final
[dbg     526.1 ms] [inner] numeric
[dbg     526.1 ms] [inner] pack
[dbg     527.0 ms] [inner] d2h
[dbg     527.4 ms] warmup done
[dbg     527.4 ms] T4 manual self_product: start
[dbg     527.4 ms] [gust] start
[dbg     527.5 ms] [gust] h2d
[dbg     527.5 ms] ESC: count intermediates begin
[dbg     527.5 ms] [gust] count
[dbg     527.6 ms] [gust] scan
[dbg     527.6 ms] ESC: expand begin (6612 intermediates)
[dbg     527.6 ms] [gust] expand
[dbg     527.6 ms] ESC: sort_by_key begin
[dbg     527.7 ms] [gust] sort
[dbg     527.7 ms] ESC: reduce_by_key begin
[dbg     527.7 ms] [gust] reduce
[dbg     527.8 ms] [gust] final
[dbg     527.8 ms] [gust] pack
[dbg     528.7 ms] [gust] d2h
[dbg     528.8 ms] T4 manual self_product: done (C_nnz=4062)
[dbg     529.1 ms] T5 outer self_product: start
[dbg     529.1 ms] [outer] start
[dbg     529.2 ms] [outer] h2d
[dbg     529.3 ms] [outer] csc
[dbg     529.4 ms] [outer] count
[dbg     529.4 ms] [outer] scan
[dbg     529.4 ms] [outer] expand
[dbg     529.5 ms] [outer] sort
[dbg     529.6 ms] [outer] reduce
[dbg     529.6 ms] [outer] final
[dbg     529.6 ms] [outer] pack
[dbg     530.5 ms] [outer] d2h
[dbg     530.6 ms] T5 outer self_product: done (C_nnz=4062)
[dbg     531.0 ms] T6 colwise self_product: start
[dbg     531.0 ms] [colw] start
[dbg     531.1 ms] [colw] h2d
[dbg     531.2 ms] [colw] csc
[dbg     531.2 ms] [colw] count
[dbg     531.2 ms] [colw] scan
[dbg     531.3 ms] [colw] expand
[dbg     531.4 ms] [colw] sort
[dbg     531.4 ms] [colw] reduce
[dbg     531.5 ms] [colw] final
[dbg     531.5 ms] [colw] pack
[dbg     532.4 ms] [colw] d2h
[dbg     532.5 ms] T6 colwise self_product: done (C_nnz=4062)
[dbg     532.8 ms] T7 inner self_product: start
[dbg     532.8 ms] [inner] start
[dbg     532.9 ms] [inner] h2d
[dbg     533.0 ms] [inner] csc
[dbg     533.0 ms] [inner] count
[dbg     533.0 ms] [inner] scan
[dbg     533.1 ms] [inner] expand
[dbg     533.2 ms] [inner] sort
[dbg     533.2 ms] [inner] reduce
[dbg     533.3 ms] [inner] final
[dbg     533.3 ms] [inner] numeric
[dbg     533.3 ms] [inner] pack
[dbg     534.2 ms] [inner] d2h
[dbg     534.3 ms] T7 inner self_product: done (C_nnz=4062)
Reading matrix from ./data/first100/494_bus.mtx...
Input A: 494 x 494, nnz = 1666, sparsity = 99.32%
===============WARMING UP===============
=== Computing C = A x A (Manual) ===
Result C: 494 x 494, nnz = 4062, sparsity = 98.34%
Time: 1.464 ms

=== Computing C = A x A (Outer) ===
Result C: 494 x 494, nnz = 4062, sparsity = 98.34%
Time: 1.518 ms

=== Computing C = A x A (Colwise) ===
Result C: 494 x 494, nnz = 4062, sparsity = 98.34%
Time: 1.536 ms

=== Computing C = A x A (Inner) ===
Result C: 494 x 494, nnz = 4062, sparsity = 98.34%
Time: 1.503 ms

=== All tests completed ===
Processing 662_bus ... (max 600s)
[dbg       0.0 ms] main entry, initializing CUDA context...
[dbg     489.3 ms] CUDA context ready
[dbg     489.5 ms] start read_matrix_market: ./data/first100/662_bus.mtx
[dbg     490.1 ms] read done: 662 x 662, nnz=2474
[dbg     490.1 ms] [cu] start
[dbg     497.9 ms] [cu] h2d (22444 B)
[dbg     498.0 ms] cusparse: workEstimation begin
[dbg     522.7 ms] [cu] workest (buf1=30751 B)
[dbg     522.7 ms] cusparse: compute begin
[dbg     523.4 ms] [cu] compute (buf2=268415 B)
[dbg     523.4 ms] cusparse: C size = 662 x 662, nnz=6480
[dbg     523.4 ms] cusparse: copy begin
[dbg     523.5 ms] [cu] copy
[dbg     523.6 ms] [cu] pack
[dbg     525.0 ms] self_product: C D2H begin (54492 B)
[dbg     525.1 ms] [cu] d2h
[dbg     525.6 ms] [gust] start
[dbg     525.7 ms] [gust] h2d
[dbg     525.7 ms] ESC: count intermediates begin
[dbg     527.2 ms] [gust] count
[dbg     527.5 ms] [gust] scan
[dbg     527.5 ms] ESC: expand begin (10704 intermediates)
[dbg     527.6 ms] [gust] expand
[dbg     527.6 ms] ESC: sort_by_key begin
[dbg     527.8 ms] [gust] sort
[dbg     527.8 ms] ESC: reduce_by_key begin
[dbg     528.0 ms] [gust] reduce
[dbg     528.1 ms] [gust] final
[dbg     528.1 ms] [gust] pack
[dbg     529.4 ms] [gust] d2h
[dbg     529.9 ms] [outer] start
[dbg     530.0 ms] [outer] h2d
[dbg     531.8 ms] [outer] csc
[dbg     531.8 ms] [outer] count
[dbg     531.9 ms] [outer] scan
[dbg     531.9 ms] [outer] expand
[dbg     532.0 ms] [outer] sort
[dbg     532.1 ms] [outer] reduce
[dbg     532.1 ms] [outer] final
[dbg     532.2 ms] [outer] pack
[dbg     533.3 ms] [outer] d2h
[dbg     533.8 ms] [colw] start
[dbg     533.9 ms] [colw] h2d
[dbg     534.0 ms] [colw] csc
[dbg     534.1 ms] [colw] count
[dbg     534.1 ms] [colw] scan
[dbg     534.1 ms] [colw] expand
[dbg     534.3 ms] [colw] sort
[dbg     534.3 ms] [colw] reduce
[dbg     534.4 ms] [colw] final
[dbg     534.4 ms] [colw] pack
[dbg     535.3 ms] [colw] d2h
[dbg     535.8 ms] [inner] start
[dbg     535.9 ms] [inner] h2d
[dbg     536.0 ms] [inner] csc
[dbg     536.0 ms] [inner] count
[dbg     536.1 ms] [inner] scan
[dbg     536.1 ms] [inner] expand
[dbg     536.2 ms] [inner] sort
[dbg     536.3 ms] [inner] reduce
[dbg     536.3 ms] [inner] final
[dbg     536.4 ms] [inner] numeric
[dbg     536.4 ms] [inner] pack
[dbg     537.3 ms] [inner] d2h
[dbg     537.7 ms] warmup done
[dbg     537.7 ms] T4 manual self_product: start
[dbg     537.7 ms] [gust] start
[dbg     537.8 ms] [gust] h2d
[dbg     537.8 ms] ESC: count intermediates begin
[dbg     537.9 ms] [gust] count
[dbg     537.9 ms] [gust] scan
[dbg     537.9 ms] ESC: expand begin (10704 intermediates)
[dbg     538.0 ms] [gust] expand
[dbg     538.0 ms] ESC: sort_by_key begin
[dbg     538.1 ms] [gust] sort
[dbg     538.1 ms] ESC: reduce_by_key begin
[dbg     538.1 ms] [gust] reduce
[dbg     538.2 ms] [gust] final
[dbg     538.2 ms] [gust] pack
[dbg     539.1 ms] [gust] d2h
[dbg     539.2 ms] T4 manual self_product: done (C_nnz=6480)
[dbg     539.5 ms] T5 outer self_product: start
[dbg     539.5 ms] [outer] start
[dbg     539.6 ms] [outer] h2d
[dbg     539.7 ms] [outer] csc
[dbg     539.8 ms] [outer] count
[dbg     539.8 ms] [outer] scan
[dbg     539.8 ms] [outer] expand
[dbg     539.9 ms] [outer] sort
[dbg     540.0 ms] [outer] reduce
[dbg     540.0 ms] [outer] final
[dbg     540.1 ms] [outer] pack
[dbg     540.9 ms] [outer] d2h
[dbg     541.0 ms] T5 outer self_product: done (C_nnz=6480)
[dbg     541.4 ms] T6 colwise self_product: start
[dbg     541.5 ms] [colw] start
[dbg     541.6 ms] [colw] h2d
[dbg     541.7 ms] [colw] csc
[dbg     541.7 ms] [colw] count
[dbg     541.7 ms] [colw] scan
[dbg     541.8 ms] [colw] expand
[dbg     541.9 ms] [colw] sort
[dbg     541.9 ms] [colw] reduce
[dbg     542.0 ms] [colw] final
[dbg     542.0 ms] [colw] pack
[dbg     542.9 ms] [colw] d2h
[dbg     543.0 ms] T6 colwise self_product: done (C_nnz=6480)
[dbg     543.3 ms] T7 inner self_product: start
[dbg     543.3 ms] [inner] start
[dbg     543.4 ms] [inner] h2d
[dbg     543.5 ms] [inner] csc
[dbg     543.6 ms] [inner] count
[dbg     543.6 ms] [inner] scan
[dbg     543.6 ms] [inner] expand
[dbg     543.7 ms] [inner] sort
[dbg     543.8 ms] [inner] reduce
[dbg     543.8 ms] [inner] final
[dbg     543.9 ms] [inner] numeric
[dbg     543.9 ms] [inner] pack
[dbg     544.7 ms] [inner] d2h
[dbg     544.8 ms] T7 inner self_product: done (C_nnz=6480)
Reading matrix from ./data/first100/662_bus.mtx...
Input A: 662 x 662, nnz = 2474, sparsity = 99.44%
===============WARMING UP===============
=== Computing C = A x A (Manual) ===
Result C: 662 x 662, nnz = 6480, sparsity = 98.52%
Time: 1.473 ms

=== Computing C = A x A (Outer) ===
Result C: 662 x 662, nnz = 6480, sparsity = 98.52%
Time: 1.549 ms

=== Computing C = A x A (Colwise) ===
Result C: 662 x 662, nnz = 6480, sparsity = 98.52%
Time: 1.555 ms

=== Computing C = A x A (Inner) ===
Result C: 662 x 662, nnz = 6480, sparsity = 98.52%
Time: 1.545 ms

=== All tests completed ===
Processing 685_bus ... (max 600s)
[dbg       0.0 ms] main entry, initializing CUDA context...
[dbg     481.2 ms] CUDA context ready
[dbg     481.3 ms] start read_matrix_market: ./data/first100/685_bus.mtx
[dbg     482.0 ms] read done: 685 x 685, nnz=3249
[dbg     482.0 ms] [cu] start
[dbg     490.0 ms] [cu] h2d (28736 B)
[dbg     490.0 ms] cusparse: workEstimation begin
[dbg     515.5 ms] [cu] workest (buf1=40051 B)
[dbg     515.5 ms] cusparse: compute begin
[dbg     516.2 ms] [cu] compute (buf2=434135 B)
[dbg     516.2 ms] cusparse: C size = 685 x 685, nnz=9337
[dbg     516.2 ms] cusparse: copy begin
[dbg     516.3 ms] [cu] copy
[dbg     516.4 ms] [cu] pack
[dbg     517.9 ms] self_product: C D2H begin (77440 B)
[dbg     518.0 ms] [cu] d2h
[dbg     518.5 ms] [gust] start
[dbg     518.6 ms] [gust] h2d
[dbg     518.6 ms] ESC: count intermediates begin
[dbg     520.1 ms] [gust] count
[dbg     520.3 ms] [gust] scan
[dbg     520.4 ms] ESC: expand begin (17609 intermediates)
[dbg     520.4 ms] [gust] expand
[dbg     520.4 ms] ESC: sort_by_key begin
[dbg     520.7 ms] [gust] sort
[dbg     520.7 ms] ESC: reduce_by_key begin
[dbg     520.9 ms] [gust] reduce
[dbg     520.9 ms] [gust] final
[dbg     521.0 ms] [gust] pack
[dbg     522.3 ms] [gust] d2h
[dbg     522.7 ms] [outer] start
[dbg     522.8 ms] [outer] h2d
[dbg     524.6 ms] [outer] csc
[dbg     524.6 ms] [outer] count
[dbg     524.6 ms] [outer] scan
[dbg     524.7 ms] [outer] expand
[dbg     524.8 ms] [outer] sort
[dbg     524.9 ms] [outer] reduce
[dbg     524.9 ms] [outer] final
[dbg     525.0 ms] [outer] pack
[dbg     526.0 ms] [outer] d2h
[dbg     526.4 ms] [colw] start
[dbg     526.6 ms] [colw] h2d
[dbg     526.7 ms] [colw] csc
[dbg     526.7 ms] [colw] count
[dbg     526.8 ms] [colw] scan
[dbg     526.8 ms] [colw] expand
[dbg     526.9 ms] [colw] sort
[dbg     527.0 ms] [colw] reduce
[dbg     527.0 ms] [colw] final
[dbg     527.1 ms] [colw] pack
[dbg     528.0 ms] [colw] d2h
[dbg     528.4 ms] [inner] start
[dbg     528.5 ms] [inner] h2d
[dbg     528.6 ms] [inner] csc
[dbg     528.7 ms] [inner] count
[dbg     528.7 ms] [inner] scan
[dbg     528.7 ms] [inner] expand
[dbg     528.8 ms] [inner] sort
[dbg     528.9 ms] [inner] reduce
[dbg     529.0 ms] [inner] final
[dbg     529.0 ms] [inner] numeric
[dbg     529.0 ms] [inner] pack
[dbg     529.9 ms] [inner] d2h
[dbg     530.3 ms] warmup done
[dbg     530.3 ms] T4 manual self_product: start
[dbg     530.3 ms] [gust] start
[dbg     530.4 ms] [gust] h2d
[dbg     530.4 ms] ESC: count intermediates begin
[dbg     530.5 ms] [gust] count
[dbg     530.5 ms] [gust] scan
[dbg     530.5 ms] ESC: expand begin (17609 intermediates)
[dbg     530.5 ms] [gust] expand
[dbg     530.5 ms] ESC: sort_by_key begin
[dbg     530.7 ms] [gust] sort
[dbg     530.7 ms] ESC: reduce_by_key begin
[dbg     530.7 ms] [gust] reduce
[dbg     530.8 ms] [gust] final
[dbg     530.8 ms] [gust] pack
[dbg     531.6 ms] [gust] d2h
[dbg     531.8 ms] T4 manual self_product: done (C_nnz=9337)
[dbg     532.1 ms] T5 outer self_product: start
[dbg     532.1 ms] [outer] start
[dbg     532.2 ms] [outer] h2d
[dbg     532.3 ms] [outer] csc
[dbg     532.3 ms] [outer] count
[dbg     532.3 ms] [outer] scan
[dbg     532.4 ms] [outer] expand
[dbg     532.5 ms] [outer] sort
[dbg     532.5 ms] [outer] reduce
[dbg     532.6 ms] [outer] final
[dbg     532.6 ms] [outer] pack
[dbg     533.5 ms] [outer] d2h
[dbg     533.6 ms] T5 outer self_product: done (C_nnz=9337)
[dbg     533.9 ms] T6 colwise self_product: start
[dbg     533.9 ms] [colw] start
[dbg     534.0 ms] [colw] h2d
[dbg     534.1 ms] [colw] csc
[dbg     534.1 ms] [colw] count
[dbg     534.1 ms] [colw] scan
[dbg     534.2 ms] [colw] expand
[dbg     534.3 ms] [colw] sort
[dbg     534.3 ms] [colw] reduce
[dbg     534.4 ms] [colw] final
[dbg     534.4 ms] [colw] pack
[dbg     535.3 ms] [colw] d2h
[dbg     535.4 ms] T6 colwise self_product: done (C_nnz=9337)
[dbg     535.7 ms] T7 inner self_product: start
[dbg     535.7 ms] [inner] start
[dbg     535.8 ms] [inner] h2d
[dbg     535.9 ms] [inner] csc
[dbg     535.9 ms] [inner] count
[dbg     536.0 ms] [inner] scan
[dbg     536.0 ms] [inner] expand
[dbg     536.1 ms] [inner] sort
[dbg     536.2 ms] [inner] reduce
[dbg     536.2 ms] [inner] final
[dbg     536.2 ms] [inner] numeric
[dbg     536.3 ms] [inner] pack
[dbg     537.1 ms] [inner] d2h
[dbg     537.2 ms] T7 inner self_product: done (C_nnz=9337)
Reading matrix from ./data/first100/685_bus.mtx...
Input A: 685 x 685, nnz = 3249, sparsity = 99.31%
===============WARMING UP===============
=== Computing C = A x A (Manual) ===
Result C: 685 x 685, nnz = 9337, sparsity = 98.01%
Time: 1.463 ms

=== Computing C = A x A (Outer) ===
Result C: 685 x 685, nnz = 9337, sparsity = 98.01%
Time: 1.536 ms

=== Computing C = A x A (Colwise) ===
Result C: 685 x 685, nnz = 9337, sparsity = 98.01%
Time: 1.537 ms

=== Computing C = A x A (Inner) ===
Result C: 685 x 685, nnz = 9337, sparsity = 98.01%
Time: 1.527 ms

=== All tests completed ===
Processing arc130 ... (max 600s)
[dbg       0.0 ms] main entry, initializing CUDA context...
[dbg     474.7 ms] CUDA context ready
[dbg     474.9 ms] start read_matrix_market: ./data/first100/arc130.mtx
[dbg     475.3 ms] read done: 130 x 130, nnz=1282
[dbg     475.3 ms] [cu] start
[dbg     483.2 ms] [cu] h2d (10780 B)
[dbg     483.2 ms] cusparse: workEstimation begin
[dbg     506.7 ms] [cu] workest (buf1=16447 B)
[dbg     506.7 ms] cusparse: compute begin
[dbg     507.4 ms] [cu] compute (buf2=1009279 B)
[dbg     507.4 ms] cusparse: C size = 130 x 130, nnz=15631
[dbg     507.4 ms] cusparse: copy begin
[dbg     507.5 ms] [cu] copy
[dbg     507.5 ms] [cu] pack
[dbg     508.9 ms] self_product: C D2H begin (125572 B)
[dbg     509.0 ms] [cu] d2h
[dbg     509.4 ms] [gust] start
[dbg     509.5 ms] [gust] h2d
[dbg     509.5 ms] ESC: count intermediates begin
[dbg     511.1 ms] [gust] count
[dbg     511.3 ms] [gust] scan
[dbg     511.3 ms] ESC: expand begin (41807 intermediates)
[dbg     511.4 ms] [gust] expand
[dbg     511.4 ms] ESC: sort_by_key begin
[dbg     511.7 ms] [gust] sort
[dbg     511.7 ms] ESC: reduce_by_key begin
[dbg     511.8 ms] [gust] reduce
[dbg     511.9 ms] [gust] final
[dbg     511.9 ms] [gust] pack
[dbg     513.3 ms] [gust] d2h
[dbg     513.7 ms] [outer] start
[dbg     513.8 ms] [outer] h2d
[dbg     515.7 ms] [outer] csc
[dbg     515.7 ms] [outer] count
[dbg     515.7 ms] [outer] scan
[dbg     515.8 ms] [outer] expand
[dbg     515.9 ms] [outer] sort
[dbg     516.0 ms] [outer] reduce
[dbg     516.0 ms] [outer] final
[dbg     516.1 ms] [outer] pack
[dbg     517.2 ms] [outer] d2h
[dbg     517.6 ms] [colw] start
[dbg     517.7 ms] [colw] h2d
[dbg     517.8 ms] [colw] csc
[dbg     517.9 ms] [colw] count
[dbg     517.9 ms] [colw] scan
[dbg     518.0 ms] [colw] expand
[dbg     518.1 ms] [colw] sort
[dbg     518.2 ms] [colw] reduce
[dbg     518.2 ms] [colw] final
[dbg     518.2 ms] [colw] pack
[dbg     519.2 ms] [colw] d2h
[dbg     519.6 ms] [inner] start
[dbg     519.7 ms] [inner] h2d
[dbg     519.8 ms] [inner] csc
[dbg     519.8 ms] [inner] count
[dbg     519.9 ms] [inner] scan
[dbg     519.9 ms] [inner] expand
[dbg     520.1 ms] [inner] sort
[dbg     520.1 ms] [inner] reduce
[dbg     520.2 ms] [inner] final
[dbg     520.3 ms] [inner] numeric
[dbg     520.3 ms] [inner] pack
[dbg     521.2 ms] [inner] d2h
[dbg     521.6 ms] warmup done
[dbg     521.6 ms] T4 manual self_product: start
[dbg     521.6 ms] [gust] start
[dbg     521.7 ms] [gust] h2d
[dbg     521.7 ms] ESC: count intermediates begin
[dbg     521.7 ms] [gust] count
[dbg     521.8 ms] [gust] scan
[dbg     521.8 ms] ESC: expand begin (41807 intermediates)
[dbg     521.8 ms] [gust] expand
[dbg     521.8 ms] ESC: sort_by_key begin
[dbg     521.9 ms] [gust] sort
[dbg     521.9 ms] ESC: reduce_by_key begin
[dbg     522.0 ms] [gust] reduce
[dbg     522.0 ms] [gust] final
[dbg     522.1 ms] [gust] pack
[dbg     522.9 ms] [gust] d2h
[dbg     523.0 ms] T4 manual self_product: done (C_nnz=15631)
[dbg     523.3 ms] T5 outer self_product: start
[dbg     523.3 ms] [outer] start
[dbg     523.4 ms] [outer] h2d
[dbg     523.6 ms] [outer] csc
[dbg     523.6 ms] [outer] count
[dbg     523.6 ms] [outer] scan
[dbg     523.7 ms] [outer] expand
[dbg     523.8 ms] [outer] sort
[dbg     523.8 ms] [outer] reduce
[dbg     523.9 ms] [outer] final
[dbg     523.9 ms] [outer] pack
[dbg     524.7 ms] [outer] d2h
[dbg     524.9 ms] T5 outer self_product: done (C_nnz=15631)
[dbg     525.2 ms] T6 colwise self_product: start
[dbg     525.2 ms] [colw] start
[dbg     525.3 ms] [colw] h2d
[dbg     525.4 ms] [colw] csc
[dbg     525.4 ms] [colw] count
[dbg     525.4 ms] [colw] scan
[dbg     525.5 ms] [colw] expand
[dbg     525.6 ms] [colw] sort
[dbg     525.7 ms] [colw] reduce
[dbg     525.7 ms] [colw] final
[dbg     525.7 ms] [colw] pack
[dbg     526.6 ms] [colw] d2h
[dbg     526.7 ms] T6 colwise self_product: done (C_nnz=15631)
[dbg     527.1 ms] T7 inner self_product: start
[dbg     527.1 ms] [inner] start
[dbg     527.2 ms] [inner] h2d
[dbg     527.3 ms] [inner] csc
[dbg     527.4 ms] [inner] count
[dbg     527.4 ms] [inner] scan
[dbg     527.4 ms] [inner] expand
[dbg     527.6 ms] [inner] sort
[dbg     527.6 ms] [inner] reduce
[dbg     527.7 ms] [inner] final
[dbg     527.7 ms] [inner] numeric
[dbg     527.7 ms] [inner] pack
[dbg     528.6 ms] [inner] d2h
[dbg     528.7 ms] T7 inner self_product: done (C_nnz=15631)
Reading matrix from ./data/first100/arc130.mtx...
Input A: 130 x 130, nnz = 1282, sparsity = 92.41%
===============WARMING UP===============
=== Computing C = A x A (Manual) ===
Result C: 130 x 130, nnz = 15631, sparsity = 7.51%
Time: 1.472 ms

=== Computing C = A x A (Outer) ===
Result C: 130 x 130, nnz = 15631, sparsity = 7.51%
Time: 1.531 ms

=== Computing C = A x A (Colwise) ===
Result C: 130 x 130, nnz = 15631, sparsity = 7.51%
Time: 1.568 ms

=== Computing C = A x A (Inner) ===
Result C: 130 x 130, nnz = 15631, sparsity = 7.51%
Time: 1.626 ms

=== All tests completed ===
Processing ash292 ... (max 600s)
[dbg       0.0 ms] main entry, initializing CUDA context...
[dbg     488.1 ms] CUDA context ready
[dbg     488.2 ms] start read_matrix_market: ./data/first100/ash292.mtx
[dbg     488.4 ms] read done: 292 x 292, nnz=2208
[dbg     488.5 ms] [cu] start
[dbg     496.5 ms] [cu] h2d (18836 B)
[dbg     496.5 ms] cusparse: workEstimation begin
[dbg     521.3 ms] [cu] workest (buf1=27559 B)
[dbg     521.3 ms] cusparse: compute begin
[dbg     521.9 ms] [cu] compute (buf2=427511 B)
[dbg     521.9 ms] cusparse: C size = 292 x 292, nnz=6042
[dbg     522.0 ms] cusparse: copy begin
[dbg     522.0 ms] [cu] copy
[dbg     522.1 ms] [cu] pack
[dbg     523.6 ms] self_product: C D2H begin (49508 B)
[dbg     523.6 ms] [cu] d2h
[dbg     524.1 ms] [gust] start
[dbg     524.2 ms] [gust] h2d
[dbg     524.2 ms] ESC: count intermediates begin
[dbg     525.7 ms] [gust] count
[dbg     526.0 ms] [gust] scan
[dbg     526.0 ms] ESC: expand begin (17588 intermediates)
[dbg     526.0 ms] [gust] expand
[dbg     526.0 ms] ESC: sort_by_key begin
[dbg     526.3 ms] [gust] sort
[dbg     526.3 ms] ESC: reduce_by_key begin
[dbg     526.5 ms] [gust] reduce
[dbg     526.5 ms] [gust] final
[dbg     526.6 ms] [gust] pack
[dbg     527.9 ms] [gust] d2h
[dbg     528.4 ms] [outer] start
[dbg     528.5 ms] [outer] h2d
[dbg     530.3 ms] [outer] csc
[dbg     530.4 ms] [outer] count
[dbg     530.4 ms] [outer] scan
[dbg     530.4 ms] [outer] expand
[dbg     530.6 ms] [outer] sort
[dbg     530.6 ms] [outer] reduce
[dbg     530.7 ms] [outer] final
[dbg     530.7 ms] [outer] pack
[dbg     531.8 ms] [outer] d2h
[dbg     532.2 ms] [colw] start
[dbg     532.3 ms] [colw] h2d
[dbg     532.4 ms] [colw] csc
[dbg     532.5 ms] [colw] count
[dbg     532.5 ms] [colw] scan
[dbg     532.5 ms] [colw] expand
[dbg     532.7 ms] [colw] sort
[dbg     532.7 ms] [colw] reduce
[dbg     532.8 ms] [colw] final
[dbg     532.8 ms] [colw] pack
[dbg     533.7 ms] [colw] d2h
[dbg     534.1 ms] [inner] start
[dbg     534.2 ms] [inner] h2d
[dbg     534.3 ms] [inner] csc
[dbg     534.3 ms] [inner] count
[dbg     534.3 ms] [inner] scan
[dbg     534.4 ms] [inner] expand
[dbg     534.5 ms] [inner] sort
[dbg     534.5 ms] [inner] reduce
[dbg     534.6 ms] [inner] final
[dbg     534.6 ms] [inner] numeric
[dbg     534.6 ms] [inner] pack
[dbg     535.5 ms] [inner] d2h
[dbg     535.9 ms] warmup done
[dbg     535.9 ms] T4 manual self_product: start
[dbg     535.9 ms] [gust] start
[dbg     536.0 ms] [gust] h2d
[dbg     536.0 ms] ESC: count intermediates begin
[dbg     536.0 ms] [gust] count
[dbg     536.1 ms] [gust] scan
[dbg     536.1 ms] ESC: expand begin (17588 intermediates)
[dbg     536.1 ms] [gust] expand
[dbg     536.1 ms] ESC: sort_by_key begin
[dbg     536.2 ms] [gust] sort
[dbg     536.2 ms] ESC: reduce_by_key begin
[dbg     536.3 ms] [gust] reduce
[dbg     536.3 ms] [gust] final
[dbg     536.4 ms] [gust] pack
[dbg     537.2 ms] [gust] d2h
[dbg     537.3 ms] T4 manual self_product: done (C_nnz=6042)
[dbg     537.6 ms] T5 outer self_product: start
[dbg     537.6 ms] [outer] start
[dbg     537.7 ms] [outer] h2d
[dbg     537.8 ms] [outer] csc
[dbg     537.8 ms] [outer] count
[dbg     537.9 ms] [outer] scan
[dbg     537.9 ms] [outer] expand
[dbg     538.0 ms] [outer] sort
[dbg     538.1 ms] [outer] reduce
[dbg     538.1 ms] [outer] final
[dbg     538.2 ms] [outer] pack
[dbg     539.0 ms] [outer] d2h
[dbg     539.1 ms] T5 outer self_product: done (C_nnz=6042)
[dbg     539.4 ms] T6 colwise self_product: start
[dbg     539.4 ms] [colw] start
[dbg     539.5 ms] [colw] h2d
[dbg     539.6 ms] [colw] csc
[dbg     539.6 ms] [colw] count
[dbg     539.7 ms] [colw] scan
[dbg     539.7 ms] [colw] expand
[dbg     539.8 ms] [colw] sort
[dbg     539.9 ms] [colw] reduce
[dbg     539.9 ms] [colw] final
[dbg     539.9 ms] [colw] pack
[dbg     540.8 ms] [colw] d2h
[dbg     540.9 ms] T6 colwise self_product: done (C_nnz=6042)
[dbg     541.2 ms] T7 inner self_product: start
[dbg     541.2 ms] [inner] start
[dbg     541.3 ms] [inner] h2d
[dbg     541.4 ms] [inner] csc
[dbg     541.4 ms] [inner] count
[dbg     541.4 ms] [inner] scan
[dbg     541.5 ms] [inner] expand
[dbg     541.6 ms] [inner] sort
[dbg     541.6 ms] [inner] reduce
[dbg     541.7 ms] [inner] final
[dbg     541.7 ms] [inner] numeric
[dbg     541.7 ms] [inner] pack
[dbg     542.6 ms] [inner] d2h
[dbg     542.7 ms] T7 inner self_product: done (C_nnz=6042)
Reading matrix from ./data/first100/ash292.mtx...
Input A: 292 x 292, nnz = 2208, sparsity = 97.41%
===============WARMING UP===============
=== Computing C = A x A (Manual) ===
Result C: 292 x 292, nnz = 6042, sparsity = 92.91%
Time: 1.430 ms

=== Computing C = A x A (Outer) ===
Result C: 292 x 292, nnz = 6042, sparsity = 92.91%
Time: 1.506 ms

=== Computing C = A x A (Colwise) ===
Result C: 292 x 292, nnz = 6042, sparsity = 92.91%
Time: 1.508 ms

=== Computing C = A x A (Inner) ===
Result C: 292 x 292, nnz = 6042, sparsity = 92.91%
Time: 1.546 ms

=== All tests completed ===
Processing ash85 ... (max 600s)
[dbg       0.0 ms] main entry, initializing CUDA context...
[dbg     487.3 ms] CUDA context ready
[dbg     487.5 ms] start read_matrix_market: ./data/first100/ash85.mtx
[dbg     487.5 ms] read done: 85 x 85, nnz=523
[dbg     487.6 ms] [cu] start
[dbg     495.7 ms] [cu] h2d (4528 B)
[dbg     495.7 ms] cusparse: workEstimation begin
[dbg     520.4 ms] [cu] workest (buf1=7339 B)
[dbg     520.4 ms] cusparse: compute begin
[dbg     521.0 ms] [cu] compute (buf2=86383 B)
[dbg     521.0 ms] cusparse: C size = 85 x 85, nnz=1317
[dbg     521.0 ms] cusparse: copy begin
[dbg     521.1 ms] [cu] copy
[dbg     521.2 ms] [cu] pack
[dbg     522.6 ms] self_product: C D2H begin (10880 B)
[dbg     522.6 ms] [cu] d2h
[dbg     523.1 ms] [gust] start
[dbg     523.2 ms] [gust] h2d
[dbg     523.2 ms] ESC: count intermediates begin
[dbg     524.7 ms] [gust] count
[dbg     525.0 ms] [gust] scan
[dbg     525.0 ms] ESC: expand begin (3385 intermediates)
[dbg     525.0 ms] [gust] expand
[dbg     525.0 ms] ESC: sort_by_key begin
[dbg     525.3 ms] [gust] sort
[dbg     525.3 ms] ESC: reduce_by_key begin
[dbg     525.4 ms] [gust] reduce
[dbg     525.5 ms] [gust] final
[dbg     525.5 ms] [gust] pack
[dbg     526.9 ms] [gust] d2h
[dbg     527.3 ms] [outer] start
[dbg     527.4 ms] [outer] h2d
[dbg     529.2 ms] [outer] csc
[dbg     529.3 ms] [outer] count
[dbg     529.3 ms] [outer] scan
[dbg     529.4 ms] [outer] expand
[dbg     529.5 ms] [outer] sort
[dbg     529.5 ms] [outer] reduce
[dbg     529.6 ms] [outer] final
[dbg     529.6 ms] [outer] pack
[dbg     530.7 ms] [outer] d2h
[dbg     531.1 ms] [colw] start
[dbg     531.2 ms] [colw] h2d
[dbg     531.3 ms] [colw] csc
[dbg     531.3 ms] [colw] count
[dbg     531.4 ms] [colw] scan
[dbg     531.4 ms] [colw] expand
[dbg     531.6 ms] [colw] sort
[dbg     531.6 ms] [colw] reduce
[dbg     531.7 ms] [colw] final
[dbg     531.7 ms] [colw] pack
[dbg     532.6 ms] [colw] d2h
[dbg     533.0 ms] [inner] start
[dbg     533.1 ms] [inner] h2d
[dbg     533.2 ms] [inner] csc
[dbg     533.2 ms] [inner] count
[dbg     533.2 ms] [inner] scan
[dbg     533.3 ms] [inner] expand
[dbg     533.4 ms] [inner] sort
[dbg     533.4 ms] [inner] reduce
[dbg     533.5 ms] [inner] final
[dbg     533.5 ms] [inner] numeric
[dbg     533.5 ms] [inner] pack
[dbg     534.4 ms] [inner] d2h
[dbg     534.8 ms] warmup done
[dbg     534.8 ms] T4 manual self_product: start
[dbg     534.8 ms] [gust] start
[dbg     534.9 ms] [gust] h2d
[dbg     534.9 ms] ESC: count intermediates begin
[dbg     535.0 ms] [gust] count
[dbg     535.0 ms] [gust] scan
[dbg     535.0 ms] ESC: expand begin (3385 intermediates)
[dbg     535.0 ms] [gust] expand
[dbg     535.0 ms] ESC: sort_by_key begin
[dbg     535.2 ms] [gust] sort
[dbg     535.2 ms] ESC: reduce_by_key begin
[dbg     535.2 ms] [gust] reduce
[dbg     535.2 ms] [gust] final
[dbg     535.3 ms] [gust] pack
[dbg     536.1 ms] [gust] d2h
[dbg     536.2 ms] T4 manual self_product: done (C_nnz=1317)
[dbg     536.6 ms] T5 outer self_product: start
[dbg     536.6 ms] [outer] start
[dbg     536.7 ms] [outer] h2d
[dbg     536.7 ms] [outer] csc
[dbg     536.8 ms] [outer] count
[dbg     536.8 ms] [outer] scan
[dbg     536.8 ms] [outer] expand
[dbg     536.9 ms] [outer] sort
[dbg     537.0 ms] [outer] reduce
[dbg     537.0 ms] [outer] final
[dbg     537.1 ms] [outer] pack
[dbg     537.9 ms] [outer] d2h
[dbg     538.0 ms] T5 outer self_product: done (C_nnz=1317)
[dbg     538.3 ms] T6 colwise self_product: start
[dbg     538.3 ms] [colw] start
[dbg     538.4 ms] [colw] h2d
[dbg     538.5 ms] [colw] csc
[dbg     538.5 ms] [colw] count
[dbg     538.5 ms] [colw] scan
[dbg     538.6 ms] [colw] expand
[dbg     538.7 ms] [colw] sort
[dbg     538.7 ms] [colw] reduce
[dbg     538.8 ms] [colw] final
[dbg     538.8 ms] [colw] pack
[dbg     539.6 ms] [colw] d2h
[dbg     539.8 ms] T6 colwise self_product: done (C_nnz=1317)
[dbg     540.1 ms] T7 inner self_product: start
[dbg     540.1 ms] [inner] start
[dbg     540.2 ms] [inner] h2d
[dbg     540.3 ms] [inner] csc
[dbg     540.3 ms] [inner] count
[dbg     540.3 ms] [inner] scan
[dbg     540.3 ms] [inner] expand
[dbg     540.4 ms] [inner] sort
[dbg     540.5 ms] [inner] reduce
[dbg     540.5 ms] [inner] final
[dbg     540.6 ms] [inner] numeric
[dbg     540.6 ms] [inner] pack
[dbg     541.4 ms] [inner] d2h
[dbg     541.5 ms] T7 inner self_product: done (C_nnz=1317)
Reading matrix from ./data/first100/ash85.mtx...
Input A: 85 x 85, nnz = 523, sparsity = 92.76%
===============WARMING UP===============
=== Computing C = A x A (Manual) ===
Result C: 85 x 85, nnz = 1317, sparsity = 81.77%
Time: 1.407 ms

=== Computing C = A x A (Outer) ===
Result C: 85 x 85, nnz = 1317, sparsity = 81.77%
Time: 1.467 ms

=== Computing C = A x A (Colwise) ===
Result C: 85 x 85, nnz = 1317, sparsity = 81.77%
Time: 1.499 ms

=== Computing C = A x A (Inner) ===
Result C: 85 x 85, nnz = 1317, sparsity = 81.77%
Time: 1.458 ms

=== All tests completed ===
Processing bcspwr01 ... (max 600s)
[dbg       0.0 ms] main entry, initializing CUDA context...
[dbg     477.9 ms] CUDA context ready
[dbg     478.1 ms] start read_matrix_market: ./data/first100/bcspwr01.mtx
[dbg     478.1 ms] read done: 39 x 39, nnz=131
[dbg     478.1 ms] [cu] start
[dbg     486.1 ms] [cu] h2d (1208 B)
[dbg     486.1 ms] cusparse: workEstimation begin
[dbg     510.1 ms] [cu] workest (buf1=2635 B)
[dbg     510.1 ms] cusparse: compute begin
[dbg     510.8 ms] [cu] compute (buf2=16639 B)
[dbg     510.8 ms] cusparse: C size = 39 x 39, nnz=275
[dbg     510.8 ms] cusparse: copy begin
[dbg     510.9 ms] [cu] copy
[dbg     511.0 ms] [cu] pack
[dbg     512.4 ms] self_product: C D2H begin (2360 B)
[dbg     512.4 ms] [cu] d2h
[dbg     512.9 ms] [gust] start
[dbg     513.1 ms] [gust] h2d
[dbg     513.1 ms] ESC: count intermediates begin
[dbg     514.6 ms] [gust] count
[dbg     514.9 ms] [gust] scan
[dbg     514.9 ms] ESC: expand begin (479 intermediates)
[dbg     514.9 ms] [gust] expand
[dbg     514.9 ms] ESC: sort_by_key begin
[dbg     515.0 ms] [gust] sort
[dbg     515.0 ms] ESC: reduce_by_key begin
[dbg     515.2 ms] [gust] reduce
[dbg     515.3 ms] [gust] final
[dbg     515.3 ms] [gust] pack
[dbg     516.7 ms] [gust] d2h
[dbg     517.1 ms] [outer] start
[dbg     517.2 ms] [outer] h2d
[dbg     519.1 ms] [outer] csc
[dbg     519.2 ms] [outer] count
[dbg     519.2 ms] [outer] scan
[dbg     519.3 ms] [outer] expand
[dbg     519.3 ms] [outer] sort
[dbg     519.4 ms] [outer] reduce
[dbg     519.4 ms] [outer] final
[dbg     519.5 ms] [outer] pack
[dbg     520.6 ms] [outer] d2h
[dbg     521.0 ms] [colw] start
[dbg     521.1 ms] [colw] h2d
[dbg     521.2 ms] [colw] csc
[dbg     521.3 ms] [colw] count
[dbg     521.4 ms] [colw] scan
[dbg     521.4 ms] [colw] expand
[dbg     521.5 ms] [colw] sort
[dbg     521.5 ms] [colw] reduce
[dbg     521.6 ms] [colw] final
[dbg     521.6 ms] [colw] pack
[dbg     522.6 ms] [colw] d2h
[dbg     523.0 ms] [inner] start
[dbg     523.1 ms] [inner] h2d
[dbg     523.2 ms] [inner] csc
[dbg     523.3 ms] [inner] count
[dbg     523.3 ms] [inner] scan
[dbg     523.3 ms] [inner] expand
[dbg     523.4 ms] [inner] sort
[dbg     523.4 ms] [inner] reduce
[dbg     523.5 ms] [inner] final
[dbg     523.5 ms] [inner] numeric
[dbg     523.5 ms] [inner] pack
[dbg     524.4 ms] [inner] d2h
[dbg     524.8 ms] warmup done
[dbg     524.9 ms] T4 manual self_product: start
[dbg     524.9 ms] [gust] start
[dbg     525.0 ms] [gust] h2d
[dbg     525.0 ms] ESC: count intermediates begin
[dbg     525.0 ms] [gust] count
[dbg     525.1 ms] [gust] scan
[dbg     525.1 ms] ESC: expand begin (479 intermediates)
[dbg     525.1 ms] [gust] expand
[dbg     525.1 ms] ESC: sort_by_key begin
[dbg     525.1 ms] [gust] sort
[dbg     525.1 ms] ESC: reduce_by_key begin
[dbg     525.2 ms] [gust] reduce
[dbg     525.2 ms] [gust] final
[dbg     525.3 ms] [gust] pack
[dbg     526.2 ms] [gust] d2h
[dbg     526.3 ms] T4 manual self_product: done (C_nnz=275)
[dbg     526.6 ms] T5 outer self_product: start
[dbg     526.6 ms] [outer] start
[dbg     526.7 ms] [outer] h2d
[dbg     526.8 ms] [outer] csc
[dbg     526.8 ms] [outer] count
[dbg     526.8 ms] [outer] scan
[dbg     526.9 ms] [outer] expand
[dbg     526.9 ms] [outer] sort
[dbg     527.0 ms] [outer] reduce
[dbg     527.0 ms] [outer] final
[dbg     527.1 ms] [outer] pack
[dbg     527.9 ms] [outer] d2h
[dbg     528.1 ms] T5 outer self_product: done (C_nnz=275)
[dbg     528.4 ms] T6 colwise self_product: start
[dbg     528.4 ms] [colw] start
[dbg     528.5 ms] [colw] h2d
[dbg     528.6 ms] [colw] csc
[dbg     528.6 ms] [colw] count
[dbg     528.7 ms] [colw] scan
[dbg     528.7 ms] [colw] expand
[dbg     528.7 ms] [colw] sort
[dbg     528.8 ms] [colw] reduce
[dbg     528.8 ms] [colw] final
[dbg     528.9 ms] [colw] pack
[dbg     529.7 ms] [colw] d2h
[dbg     529.9 ms] T6 colwise self_product: done (C_nnz=275)
[dbg     530.3 ms] T7 inner self_product: start
[dbg     530.3 ms] [inner] start
[dbg     530.4 ms] [inner] h2d
[dbg     530.5 ms] [inner] csc
[dbg     530.5 ms] [inner] count
[dbg     530.5 ms] [inner] scan
[dbg     530.6 ms] [inner] expand
[dbg     530.6 ms] [inner] sort
[dbg     530.6 ms] [inner] reduce
[dbg     530.7 ms] [inner] final
[dbg     530.7 ms] [inner] numeric
[dbg     530.7 ms] [inner] pack
[dbg     531.6 ms] [inner] d2h
[dbg     531.7 ms] T7 inner self_product: done (C_nnz=275)
Reading matrix from ./data/first100/bcspwr01.mtx...
Input A: 39 x 39, nnz = 131, sparsity = 91.39%
===============WARMING UP===============
=== Computing C = A x A (Manual) ===
Result C: 39 x 39, nnz = 275, sparsity = 81.92%
Time: 1.444 ms

=== Computing C = A x A (Outer) ===
Result C: 39 x 39, nnz = 275, sparsity = 81.92%
Time: 1.508 ms

=== Computing C = A x A (Colwise) ===
Result C: 39 x 39, nnz = 275, sparsity = 81.92%
Time: 1.525 ms

=== Computing C = A x A (Inner) ===
Result C: 39 x 39, nnz = 275, sparsity = 81.92%
Time: 1.445 ms

=== All tests completed ===
Processing bcspwr02 ... (max 600s)
[dbg       0.0 ms] main entry, initializing CUDA context...
[dbg     485.7 ms] CUDA context ready
[dbg     485.8 ms] start read_matrix_market: ./data/first100/bcspwr02.mtx
[dbg     485.9 ms] read done: 49 x 49, nnz=167
[dbg     485.9 ms] [cu] start
[dbg     494.0 ms] [cu] h2d (1536 B)
[dbg     494.1 ms] cusparse: workEstimation begin
[dbg     517.8 ms] [cu] workest (buf1=3067 B)
[dbg     517.8 ms] cusparse: compute begin
[dbg     518.5 ms] [cu] compute (buf2=21103 B)
[dbg     518.5 ms] cusparse: C size = 49 x 49, nnz=403
[dbg     518.5 ms] cusparse: copy begin
[dbg     518.6 ms] [cu] copy
[dbg     518.6 ms] [cu] pack
[dbg     520.1 ms] self_product: C D2H begin (3424 B)
[dbg     520.1 ms] [cu] d2h
[dbg     520.6 ms] [gust] start
[dbg     520.7 ms] [gust] h2d
[dbg     520.7 ms] ESC: count intermediates begin
[dbg     522.3 ms] [gust] count
[dbg     522.6 ms] [gust] scan
[dbg     522.6 ms] ESC: expand begin (665 intermediates)
[dbg     522.6 ms] [gust] expand
[dbg     522.6 ms] ESC: sort_by_key begin
[dbg     522.7 ms] [gust] sort
[dbg     522.7 ms] ESC: reduce_by_key begin
[dbg     522.9 ms] [gust] reduce
[dbg     522.9 ms] [gust] final
[dbg     523.0 ms] [gust] pack
[dbg     524.3 ms] [gust] d2h
[dbg     524.7 ms] [outer] start
[dbg     524.8 ms] [outer] h2d
[dbg     526.6 ms] [outer] csc
[dbg     526.7 ms] [outer] count
[dbg     526.7 ms] [outer] scan
[dbg     526.8 ms] [outer] expand
[dbg     526.8 ms] [outer] sort
[dbg     526.9 ms] [outer] reduce
[dbg     526.9 ms] [outer] final
[dbg     527.0 ms] [outer] pack
[dbg     528.1 ms] [outer] d2h
[dbg     528.5 ms] [colw] start
[dbg     528.6 ms] [colw] h2d
[dbg     528.7 ms] [colw] csc
[dbg     528.8 ms] [colw] count
[dbg     528.8 ms] [colw] scan
[dbg     528.9 ms] [colw] expand
[dbg     528.9 ms] [colw] sort
[dbg     529.0 ms] [colw] reduce
[dbg     529.0 ms] [colw] final
[dbg     529.0 ms] [colw] pack
[dbg     530.0 ms] [colw] d2h
[dbg     530.4 ms] [inner] start
[dbg     530.5 ms] [inner] h2d
[dbg     530.6 ms] [inner] csc
[dbg     530.6 ms] [inner] count
[dbg     530.7 ms] [inner] scan
[dbg     530.7 ms] [inner] expand
[dbg     530.7 ms] [inner] sort
[dbg     530.8 ms] [inner] reduce
[dbg     530.8 ms] [inner] final
[dbg     530.9 ms] [inner] numeric
[dbg     530.9 ms] [inner] pack
[dbg     531.8 ms] [inner] d2h
[dbg     532.2 ms] warmup done
[dbg     532.2 ms] T4 manual self_product: start
[dbg     532.2 ms] [gust] start
[dbg     532.3 ms] [gust] h2d
[dbg     532.3 ms] ESC: count intermediates begin
[dbg     532.4 ms] [gust] count
[dbg     532.4 ms] [gust] scan
[dbg     532.5 ms] ESC: expand begin (665 intermediates)
[dbg     532.5 ms] [gust] expand
[dbg     532.5 ms] ESC: sort_by_key begin
[dbg     532.5 ms] [gust] sort
[dbg     532.5 ms] ESC: reduce_by_key begin
[dbg     532.6 ms] [gust] reduce
[dbg     532.6 ms] [gust] final
[dbg     532.7 ms] [gust] pack
[dbg     533.5 ms] [gust] d2h
[dbg     533.6 ms] T4 manual self_product: done (C_nnz=403)
[dbg     533.9 ms] T5 outer self_product: start
[dbg     533.9 ms] [outer] start
[dbg     534.0 ms] [outer] h2d
[dbg     534.1 ms] [outer] csc
[dbg     534.1 ms] [outer] count
[dbg     534.2 ms] [outer] scan
[dbg     534.2 ms] [outer] expand
[dbg     534.2 ms] [outer] sort
[dbg     534.3 ms] [outer] reduce
[dbg     534.4 ms] [outer] final
[dbg     534.4 ms] [outer] pack
[dbg     535.2 ms] [outer] d2h
[dbg     535.3 ms] T5 outer self_product: done (C_nnz=403)
[dbg     535.6 ms] T6 colwise self_product: start
[dbg     535.6 ms] [colw] start
[dbg     535.7 ms] [colw] h2d
[dbg     535.8 ms] [colw] csc
[dbg     535.8 ms] [colw] count
[dbg     535.9 ms] [colw] scan
[dbg     535.9 ms] [colw] expand
[dbg     535.9 ms] [colw] sort
[dbg     536.0 ms] [colw] reduce
[dbg     536.0 ms] [colw] final
[dbg     536.1 ms] [colw] pack
[dbg     536.9 ms] [colw] d2h
[dbg     537.0 ms] T6 colwise self_product: done (C_nnz=403)
[dbg     537.3 ms] T7 inner self_product: start
[dbg     537.4 ms] [inner] start
[dbg     537.5 ms] [inner] h2d
[dbg     537.5 ms] [inner] csc
[dbg     537.6 ms] [inner] count
[dbg     537.6 ms] [inner] scan
[dbg     537.6 ms] [inner] expand
[dbg     537.7 ms] [inner] sort
[dbg     537.7 ms] [inner] reduce
[dbg     537.8 ms] [inner] final
[dbg     537.8 ms] [inner] numeric
[dbg     537.8 ms] [inner] pack
[dbg     538.6 ms] [inner] d2h
[dbg     538.8 ms] T7 inner self_product: done (C_nnz=403)
Reading matrix from ./data/first100/bcspwr02.mtx...
Input A: 49 x 49, nnz = 167, sparsity = 93.04%
===============WARMING UP===============
=== Computing C = A x A (Manual) ===
Result C: 49 x 49, nnz = 403, sparsity = 83.22%
Time: 1.388 ms

=== Computing C = A x A (Outer) ===
Result C: 49 x 49, nnz = 403, sparsity = 83.22%
Time: 1.414 ms

=== Computing C = A x A (Colwise) ===
Result C: 49 x 49, nnz = 403, sparsity = 83.22%
Time: 1.430 ms

=== Computing C = A x A (Inner) ===
Result C: 49 x 49, nnz = 403, sparsity = 83.22%
Time: 1.417 ms

=== All tests completed ===
Processing bcspwr03 ... (max 600s)
[dbg       0.0 ms] main entry, initializing CUDA context...
[dbg     506.2 ms] CUDA context ready
[dbg     506.4 ms] start read_matrix_market: ./data/first100/bcspwr03.mtx
[dbg     506.5 ms] read done: 118 x 118, nnz=476
[dbg     506.5 ms] [cu] start
[dbg     514.8 ms] [cu] h2d (4284 B)
[dbg     514.8 ms] cusparse: workEstimation begin
[dbg     541.5 ms] [cu] workest (buf1=6775 B)
[dbg     541.5 ms] cusparse: compute begin
[dbg     542.2 ms] [cu] compute (buf2=58183 B)
[dbg     542.2 ms] cusparse: C size = 118 x 118, nnz=1270
[dbg     542.2 ms] cusparse: copy begin
[dbg     542.3 ms] [cu] copy
[dbg     542.4 ms] [cu] pack
[dbg     543.7 ms] self_product: C D2H begin (10636 B)
[dbg     543.7 ms] [cu] d2h
[dbg     544.2 ms] [gust] start
[dbg     544.3 ms] [gust] h2d
[dbg     544.3 ms] ESC: count intermediates begin
[dbg     545.9 ms] [gust] count
[dbg     546.1 ms] [gust] scan
[dbg     546.1 ms] ESC: expand begin (2210 intermediates)
[dbg     546.2 ms] [gust] expand
[dbg     546.2 ms] ESC: sort_by_key begin
[dbg     546.2 ms] [gust] sort
[dbg     546.3 ms] ESC: reduce_by_key begin
[dbg     546.4 ms] [gust] reduce
[dbg     546.5 ms] [gust] final
[dbg     546.5 ms] [gust] pack
[dbg     547.8 ms] [gust] d2h
[dbg     548.2 ms] [outer] start
[dbg     548.3 ms] [outer] h2d
[dbg     550.1 ms] [outer] csc
[dbg     550.2 ms] [outer] count
[dbg     550.2 ms] [outer] scan
[dbg     550.2 ms] [outer] expand
[dbg     550.3 ms] [outer] sort
[dbg     550.3 ms] [outer] reduce
[dbg     550.4 ms] [outer] final
[dbg     550.4 ms] [outer] pack
[dbg     551.4 ms] [outer] d2h
[dbg     551.9 ms] [colw] start
[dbg     552.0 ms] [colw] h2d
[dbg     552.0 ms] [colw] csc
[dbg     552.1 ms] [colw] count
[dbg     552.1 ms] [colw] scan
[dbg     552.2 ms] [colw] expand
[dbg     552.2 ms] [colw] sort
[dbg     552.3 ms] [colw] reduce
[dbg     552.3 ms] [colw] final
[dbg     552.4 ms] [colw] pack
[dbg     553.3 ms] [colw] d2h
[dbg     553.6 ms] [inner] start
[dbg     553.8 ms] [inner] h2d
[dbg     553.8 ms] [inner] csc
[dbg     553.9 ms] [inner] count
[dbg     553.9 ms] [inner] scan
[dbg     553.9 ms] [inner] expand
[dbg     554.0 ms] [inner] sort
[dbg     554.0 ms] [inner] reduce
[dbg     554.1 ms] [inner] final
[dbg     554.1 ms] [inner] numeric
[dbg     554.1 ms] [inner] pack
[dbg     555.0 ms] [inner] d2h
[dbg     555.3 ms] warmup done
[dbg     555.4 ms] T4 manual self_product: start
[dbg     555.4 ms] [gust] start
[dbg     555.5 ms] [gust] h2d
[dbg     555.5 ms] ESC: count intermediates begin
[dbg     555.5 ms] [gust] count
[dbg     555.5 ms] [gust] scan
[dbg     555.6 ms] ESC: expand begin (2210 intermediates)
[dbg     555.6 ms] [gust] expand
[dbg     555.6 ms] ESC: sort_by_key begin
[dbg     555.6 ms] [gust] sort
[dbg     555.6 ms] ESC: reduce_by_key begin
[dbg     555.7 ms] [gust] reduce
[dbg     555.7 ms] [gust] final
[dbg     555.7 ms] [gust] pack
[dbg     556.5 ms] [gust] d2h
[dbg     556.7 ms] T4 manual self_product: done (C_nnz=1270)
[dbg     557.0 ms] T5 outer self_product: start
[dbg     557.0 ms] [outer] start
[dbg     557.1 ms] [outer] h2d
[dbg     557.1 ms] [outer] csc
[dbg     557.2 ms] [outer] count
[dbg     557.2 ms] [outer] scan
[dbg     557.2 ms] [outer] expand
[dbg     557.3 ms] [outer] sort
[dbg     557.3 ms] [outer] reduce
[dbg     557.4 ms] [outer] final
[dbg     557.4 ms] [outer] pack
[dbg     558.2 ms] [outer] d2h
[dbg     558.3 ms] T5 outer self_product: done (C_nnz=1270)
[dbg     558.6 ms] T6 colwise self_product: start
[dbg     558.6 ms] [colw] start
[dbg     558.7 ms] [colw] h2d
[dbg     558.8 ms] [colw] csc
[dbg     558.8 ms] [colw] count
[dbg     558.8 ms] [colw] scan
[dbg     558.9 ms] [colw] expand
[dbg     558.9 ms] [colw] sort
[dbg     558.9 ms] [colw] reduce
[dbg     559.0 ms] [colw] final
[dbg     559.0 ms] [colw] pack
[dbg     559.8 ms] [colw] d2h
[dbg     559.9 ms] T6 colwise self_product: done (C_nnz=1270)
[dbg     560.2 ms] T7 inner self_product: start
[dbg     560.2 ms] [inner] start
[dbg     560.3 ms] [inner] h2d
[dbg     560.4 ms] [inner] csc
[dbg     560.4 ms] [inner] count
[dbg     560.5 ms] [inner] scan
[dbg     560.5 ms] [inner] expand
[dbg     560.5 ms] [inner] sort
[dbg     560.6 ms] [inner] reduce
[dbg     560.6 ms] [inner] final
[dbg     560.7 ms] [inner] numeric
[dbg     560.7 ms] [inner] pack
[dbg     561.5 ms] [inner] d2h
[dbg     561.6 ms] T7 inner self_product: done (C_nnz=1270)
Reading matrix from ./data/first100/bcspwr03.mtx...
Input A: 118 x 118, nnz = 476, sparsity = 96.58%
===============WARMING UP===============
=== Computing C = A x A (Manual) ===
Result C: 118 x 118, nnz = 1270, sparsity = 90.88%
Time: 1.298 ms

=== Computing C = A x A (Outer) ===
Result C: 118 x 118, nnz = 1270, sparsity = 90.88%
Time: 1.345 ms

=== Computing C = A x A (Colwise) ===
Result C: 118 x 118, nnz = 1270, sparsity = 90.88%
Time: 1.385 ms

=== Computing C = A x A (Inner) ===
Result C: 118 x 118, nnz = 1270, sparsity = 90.88%
Time: 1.341 ms

=== All tests completed ===
Processing bcspwr04 ... (max 600s)
[dbg       0.0 ms] main entry, initializing CUDA context...
[dbg     488.3 ms] CUDA context ready
[dbg     488.4 ms] start read_matrix_market: ./data/first100/bcspwr04.mtx
[dbg     488.6 ms] read done: 274 x 274, nnz=1612
[dbg     488.6 ms] [cu] start
[dbg     496.5 ms] [cu] h2d (13996 B)
[dbg     496.5 ms] cusparse: workEstimation begin
[dbg     520.7 ms] [cu] workest (buf1=20407 B)
[dbg     520.8 ms] cusparse: compute begin
[dbg     521.4 ms] [cu] compute (buf2=304583 B)
[dbg     521.4 ms] cusparse: C size = 274 x 274, nnz=4982
[dbg     521.4 ms] cusparse: copy begin
[dbg     521.5 ms] [cu] copy
[dbg     521.5 ms] [cu] pack
[dbg     523.1 ms] self_product: C D2H begin (40956 B)
[dbg     523.2 ms] [cu] d2h
[dbg     523.6 ms] [gust] start
[dbg     523.7 ms] [gust] h2d
[dbg     523.8 ms] ESC: count intermediates begin
[dbg     525.3 ms] [gust] count
[dbg     525.6 ms] [gust] scan
[dbg     525.6 ms] ESC: expand begin (12466 intermediates)
[dbg     525.6 ms] [gust] expand
[dbg     525.7 ms] ESC: sort_by_key begin
[dbg     525.9 ms] [gust] sort
[dbg     525.9 ms] ESC: reduce_by_key begin
[dbg     526.1 ms] [gust] reduce
[dbg     526.2 ms] [gust] final
[dbg     526.2 ms] [gust] pack
[dbg     527.5 ms] [gust] d2h
[dbg     527.9 ms] [outer] start
[dbg     528.0 ms] [outer] h2d
[dbg     529.8 ms] [outer] csc
[dbg     529.8 ms] [outer] count
[dbg     529.8 ms] [outer] scan
[dbg     529.9 ms] [outer] expand
[dbg     530.0 ms] [outer] sort
[dbg     530.0 ms] [outer] reduce
[dbg     530.1 ms] [outer] final
[dbg     530.1 ms] [outer] pack
[dbg     531.2 ms] [outer] d2h
[dbg     531.6 ms] [colw] start
[dbg     531.7 ms] [colw] h2d
[dbg     531.8 ms] [colw] csc
[dbg     531.9 ms] [colw] count
[dbg     531.9 ms] [colw] scan
[dbg     531.9 ms] [colw] expand
[dbg     532.1 ms] [colw] sort
[dbg     532.1 ms] [colw] reduce
[dbg     532.2 ms] [colw] final
[dbg     532.2 ms] [colw] pack
[dbg     533.1 ms] [colw] d2h
[dbg     533.5 ms] [inner] start
[dbg     533.6 ms] [inner] h2d
[dbg     533.7 ms] [inner] csc
[dbg     533.7 ms] [inner] count
[dbg     533.8 ms] [inner] scan
[dbg     533.8 ms] [inner] expand
[dbg     533.9 ms] [inner] sort
[dbg     533.9 ms] [inner] reduce
[dbg     534.0 ms] [inner] final
[dbg     534.1 ms] [inner] numeric
[dbg     534.1 ms] [inner] pack
[dbg     535.0 ms] [inner] d2h
[dbg     535.4 ms] warmup done
[dbg     535.4 ms] T4 manual self_product: start
[dbg     535.4 ms] [gust] start
[dbg     535.5 ms] [gust] h2d
[dbg     535.6 ms] ESC: count intermediates begin
[dbg     535.6 ms] [gust] count
[dbg     535.6 ms] [gust] scan
[dbg     535.6 ms] ESC: expand begin (12466 intermediates)
[dbg     535.6 ms] [gust] expand
[dbg     535.7 ms] ESC: sort_by_key begin
[dbg     535.8 ms] [gust] sort
[dbg     535.8 ms] ESC: reduce_by_key begin
[dbg     535.8 ms] [gust] reduce
[dbg     535.9 ms] [gust] final
[dbg     535.9 ms] [gust] pack
[dbg     536.7 ms] [gust] d2h
[dbg     536.8 ms] T4 manual self_product: done (C_nnz=4982)
[dbg     537.1 ms] T5 outer self_product: start
[dbg     537.2 ms] [outer] start
[dbg     537.2 ms] [outer] h2d
[dbg     537.3 ms] [outer] csc
[dbg     537.4 ms] [outer] count
[dbg     537.4 ms] [outer] scan
[dbg     537.4 ms] [outer] expand
[dbg     537.5 ms] [outer] sort
[dbg     537.6 ms] [outer] reduce
[dbg     537.6 ms] [outer] final
[dbg     537.6 ms] [outer] pack
[dbg     538.5 ms] [outer] d2h
[dbg     538.6 ms] T5 outer self_product: done (C_nnz=4982)
[dbg     538.9 ms] T6 colwise self_product: start
[dbg     538.9 ms] [colw] start
[dbg     539.0 ms] [colw] h2d
[dbg     539.1 ms] [colw] csc
[dbg     539.1 ms] [colw] count
[dbg     539.1 ms] [colw] scan
[dbg     539.2 ms] [colw] expand
[dbg     539.3 ms] [colw] sort
[dbg     539.3 ms] [colw] reduce
[dbg     539.4 ms] [colw] final
[dbg     539.4 ms] [colw] pack
[dbg     540.2 ms] [colw] d2h
[dbg     540.3 ms] T6 colwise self_product: done (C_nnz=4982)
[dbg     540.7 ms] T7 inner self_product: start
[dbg     540.7 ms] [inner] start
[dbg     540.8 ms] [inner] h2d
[dbg     540.9 ms] [inner] csc
[dbg     540.9 ms] [inner] count
[dbg     540.9 ms] [inner] scan
[dbg     540.9 ms] [inner] expand
[dbg     541.1 ms] [inner] sort
[dbg     541.1 ms] [inner] reduce
[dbg     541.2 ms] [inner] final
[dbg     541.2 ms] [inner] numeric
[dbg     541.2 ms] [inner] pack
[dbg     542.0 ms] [inner] d2h
[dbg     542.2 ms] T7 inner self_product: done (C_nnz=4982)
Reading matrix from ./data/first100/bcspwr04.mtx...
Input A: 274 x 274, nnz = 1612, sparsity = 97.85%
===============WARMING UP===============
=== Computing C = A x A (Manual) ===
Result C: 274 x 274, nnz = 4982, sparsity = 93.36%
Time: 1.412 ms

=== Computing C = A x A (Outer) ===
Result C: 274 x 274, nnz = 4982, sparsity = 93.36%
Time: 1.450 ms

=== Computing C = A x A (Colwise) ===
Result C: 274 x 274, nnz = 4982, sparsity = 93.36%
Time: 1.477 ms

=== Computing C = A x A (Inner) ===
Result C: 274 x 274, nnz = 4982, sparsity = 93.36%
Time: 1.471 ms

=== All tests completed ===
Processing bcspwr05 ... (max 600s)
[dbg       0.0 ms] main entry, initializing CUDA context...
[dbg     477.4 ms] CUDA context ready
[dbg     477.6 ms] start read_matrix_market: ./data/first100/bcspwr05.mtx
[dbg     477.8 ms] read done: 443 x 443, nnz=1623
[dbg     477.8 ms] [cu] start
[dbg     486.2 ms] [cu] h2d (14760 B)
[dbg     486.2 ms] cusparse: workEstimation begin
[dbg     511.6 ms] [cu] workest (buf1=20539 B)
[dbg     511.6 ms] cusparse: compute begin
[dbg     512.3 ms] [cu] compute (buf2=174223 B)
[dbg     512.3 ms] cusparse: C size = 443 x 443, nnz=4249
[dbg     512.3 ms] cusparse: copy begin
[dbg     512.4 ms] [cu] copy
[dbg     512.4 ms] [cu] pack
[dbg     514.0 ms] self_product: C D2H begin (35768 B)
[dbg     514.0 ms] [cu] d2h
[dbg     514.5 ms] [gust] start
[dbg     514.6 ms] [gust] h2d
[dbg     514.6 ms] ESC: count intermediates begin
[dbg     516.1 ms] [gust] count
[dbg     516.3 ms] [gust] scan
[dbg     516.4 ms] ESC: expand begin (7045 intermediates)
[dbg     516.4 ms] [gust] expand
[dbg     516.4 ms] ESC: sort_by_key begin
[dbg     516.6 ms] [gust] sort
[dbg     516.7 ms] ESC: reduce_by_key begin
[dbg     516.8 ms] [gust] reduce
[dbg     516.9 ms] [gust] final
[dbg     516.9 ms] [gust] pack
[dbg     518.3 ms] [gust] d2h
[dbg     518.7 ms] [outer] start
[dbg     518.8 ms] [outer] h2d
[dbg     520.5 ms] [outer] csc
[dbg     520.5 ms] [outer] count
[dbg     520.6 ms] [outer] scan
[dbg     520.6 ms] [outer] expand
[dbg     520.7 ms] [outer] sort
[dbg     520.8 ms] [outer] reduce
[dbg     520.9 ms] [outer] final
[dbg     520.9 ms] [outer] pack
[dbg     521.9 ms] [outer] d2h
[dbg     522.3 ms] [colw] start
[dbg     522.4 ms] [colw] h2d
[dbg     522.5 ms] [colw] csc
[dbg     522.6 ms] [colw] count
[dbg     522.6 ms] [colw] scan
[dbg     522.7 ms] [colw] expand
[dbg     522.8 ms] [colw] sort
[dbg     522.8 ms] [colw] reduce
[dbg     522.9 ms] [colw] final
[dbg     522.9 ms] [colw] pack
[dbg     523.8 ms] [colw] d2h
[dbg     524.2 ms] [inner] start
[dbg     524.3 ms] [inner] h2d
[dbg     524.4 ms] [inner] csc
[dbg     524.4 ms] [inner] count
[dbg     524.5 ms] [inner] scan
[dbg     524.5 ms] [inner] expand
[dbg     524.6 ms] [inner] sort
[dbg     524.7 ms] [inner] reduce
[dbg     524.7 ms] [inner] final
[dbg     524.8 ms] [inner] numeric
[dbg     524.8 ms] [inner] pack
[dbg     525.6 ms] [inner] d2h
[dbg     526.0 ms] warmup done
[dbg     526.0 ms] T4 manual self_product: start
[dbg     526.0 ms] [gust] start
[dbg     526.1 ms] [gust] h2d
[dbg     526.1 ms] ESC: count intermediates begin
[dbg     526.2 ms] [gust] count
[dbg     526.2 ms] [gust] scan
[dbg     526.2 ms] ESC: expand begin (7045 intermediates)
[dbg     526.2 ms] [gust] expand
[dbg     526.2 ms] ESC: sort_by_key begin
[dbg     526.4 ms] [gust] sort
[dbg     526.4 ms] ESC: reduce_by_key begin
[dbg     526.4 ms] [gust] reduce
[dbg     526.5 ms] [gust] final
[dbg     526.5 ms] [gust] pack
[dbg     527.3 ms] [gust] d2h
[dbg     527.4 ms] T4 manual self_product: done (C_nnz=4249)
[dbg     527.7 ms] T5 outer self_product: start
[dbg     527.7 ms] [outer] start
[dbg     527.8 ms] [outer] h2d
[dbg     527.9 ms] [outer] csc
[dbg     527.9 ms] [outer] count
[dbg     528.0 ms] [outer] scan
[dbg     528.0 ms] [outer] expand
[dbg     528.1 ms] [outer] sort
[dbg     528.2 ms] [outer] reduce
[dbg     528.2 ms] [outer] final
[dbg     528.3 ms] [outer] pack
[dbg     529.1 ms] [outer] d2h
[dbg     529.3 ms] T5 outer self_product: done (C_nnz=4249)
[dbg     529.7 ms] T6 colwise self_product: start
[dbg     529.7 ms] [colw] start
[dbg     529.8 ms] [colw] h2d
[dbg     529.9 ms] [colw] csc
[dbg     530.0 ms] [colw] count
[dbg     530.0 ms] [colw] scan
[dbg     530.0 ms] [colw] expand
[dbg     530.2 ms] [colw] sort
[dbg     530.2 ms] [colw] reduce
[dbg     530.3 ms] [colw] final
[dbg     530.3 ms] [colw] pack
[dbg     531.2 ms] [colw] d2h
[dbg     531.3 ms] T6 colwise self_product: done (C_nnz=4249)
[dbg     531.6 ms] T7 inner self_product: start
[dbg     531.6 ms] [inner] start
[dbg     531.8 ms] [inner] h2d
[dbg     531.8 ms] [inner] csc
[dbg     531.9 ms] [inner] count
[dbg     531.9 ms] [inner] scan
[dbg     531.9 ms] [inner] expand
[dbg     532.1 ms] [inner] sort
[dbg     532.1 ms] [inner] reduce
[dbg     532.2 ms] [inner] final
[dbg     532.2 ms] [inner] numeric
[dbg     532.2 ms] [inner] pack
[dbg     533.0 ms] [inner] d2h
[dbg     533.2 ms] T7 inner self_product: done (C_nnz=4249)
Reading matrix from ./data/first100/bcspwr05.mtx...
Input A: 443 x 443, nnz = 1623, sparsity = 99.17%
===============WARMING UP===============
=== Computing C = A x A (Manual) ===
Result C: 443 x 443, nnz = 4249, sparsity = 97.83%
Time: 1.398 ms

=== Computing C = A x A (Outer) ===
Result C: 443 x 443, nnz = 4249, sparsity = 97.83%
Time: 1.544 ms

=== Computing C = A x A (Colwise) ===
Result C: 443 x 443, nnz = 4249, sparsity = 97.83%
Time: 1.632 ms

=== Computing C = A x A (Inner) ===
Result C: 443 x 443, nnz = 4249, sparsity = 97.83%
Time: 1.534 ms

=== All tests completed ===
Processing bcspwr06 ... (max 600s)
[dbg       0.0 ms] main entry, initializing CUDA context...
[dbg     483.4 ms] CUDA context ready
[dbg     483.5 ms] start read_matrix_market: ./data/first100/bcspwr06.mtx
[dbg     484.2 ms] read done: 1454 x 1454, nnz=5300
[dbg     484.2 ms] [cu] start
[dbg     492.3 ms] [cu] h2d (48220 B)
[dbg     492.4 ms] cusparse: workEstimation begin
[dbg     519.8 ms] [cu] workest (buf1=64663 B)
[dbg     519.8 ms] cusparse: compute begin
[dbg     520.4 ms] [cu] compute (buf2=567263 B)
[dbg     520.4 ms] cusparse: C size = 1454 x 1454, nnz=14110
[dbg     520.5 ms] cusparse: copy begin
[dbg     520.6 ms] [cu] copy
[dbg     520.6 ms] [cu] pack
[dbg     522.0 ms] self_product: C D2H begin (118700 B)
[dbg     522.0 ms] [cu] d2h
[dbg     522.5 ms] [gust] start
[dbg     522.7 ms] [gust] h2d
[dbg     522.7 ms] ESC: count intermediates begin
[dbg     524.2 ms] [gust] count
[dbg     524.5 ms] [gust] scan
[dbg     524.5 ms] ESC: expand begin (22900 intermediates)
[dbg     524.5 ms] [gust] expand
[dbg     524.5 ms] ESC: sort_by_key begin
[dbg     524.8 ms] [gust] sort
[dbg     524.8 ms] ESC: reduce_by_key begin
[dbg     525.0 ms] [gust] reduce
[dbg     525.1 ms] [gust] final
[dbg     525.1 ms] [gust] pack
[dbg     526.5 ms] [gust] d2h
[dbg     526.9 ms] [outer] start
[dbg     527.1 ms] [outer] h2d
[dbg     528.9 ms] [outer] csc
[dbg     528.9 ms] [outer] count
[dbg     528.9 ms] [outer] scan
[dbg     529.0 ms] [outer] expand
[dbg     529.1 ms] [outer] sort
[dbg     529.2 ms] [outer] reduce
[dbg     529.2 ms] [outer] final
[dbg     529.3 ms] [outer] pack
[dbg     530.3 ms] [outer] d2h
[dbg     530.8 ms] [colw] start
[dbg     530.9 ms] [colw] h2d
[dbg     531.0 ms] [colw] csc
[dbg     531.1 ms] [colw] count
[dbg     531.1 ms] [colw] scan
[dbg     531.2 ms] [colw] expand
[dbg     531.3 ms] [colw] sort
[dbg     531.3 ms] [colw] reduce
[dbg     531.4 ms] [colw] final
[dbg     531.4 ms] [colw] pack
[dbg     532.3 ms] [colw] d2h
[dbg     532.8 ms] [inner] start
[dbg     532.9 ms] [inner] h2d
[dbg     533.0 ms] [inner] csc
[dbg     533.0 ms] [inner] count
[dbg     533.0 ms] [inner] scan
[dbg     533.1 ms] [inner] expand
[dbg     533.2 ms] [inner] sort
[dbg     533.2 ms] [inner] reduce
[dbg     533.3 ms] [inner] final
[dbg     533.3 ms] [inner] numeric
[dbg     533.3 ms] [inner] pack
[dbg     534.2 ms] [inner] d2h
[dbg     534.5 ms] warmup done
[dbg     534.6 ms] T4 manual self_product: start
[dbg     534.6 ms] [gust] start
[dbg     534.7 ms] [gust] h2d
[dbg     534.7 ms] ESC: count intermediates begin
[dbg     534.7 ms] [gust] count
[dbg     534.8 ms] [gust] scan
[dbg     534.8 ms] ESC: expand begin (22900 intermediates)
[dbg     534.8 ms] [gust] expand
[dbg     534.8 ms] ESC: sort_by_key begin
[dbg     534.9 ms] [gust] sort
[dbg     534.9 ms] ESC: reduce_by_key begin
[dbg     535.0 ms] [gust] reduce
[dbg     535.0 ms] [gust] final
[dbg     535.1 ms] [gust] pack
[dbg     535.9 ms] [gust] d2h
[dbg     536.0 ms] T4 manual self_product: done (C_nnz=14110)
[dbg     536.3 ms] T5 outer self_product: start
[dbg     536.3 ms] [outer] start
[dbg     536.4 ms] [outer] h2d
[dbg     536.5 ms] [outer] csc
[dbg     536.5 ms] [outer] count
[dbg     536.6 ms] [outer] scan
[dbg     536.6 ms] [outer] expand
[dbg     536.7 ms] [outer] sort
[dbg     536.8 ms] [outer] reduce
[dbg     536.8 ms] [outer] final
[dbg     536.9 ms] [outer] pack
[dbg     537.6 ms] [outer] d2h
[dbg     537.8 ms] T5 outer self_product: done (C_nnz=14110)
[dbg     538.1 ms] T6 colwise self_product: start
[dbg     538.1 ms] [colw] start
[dbg     538.2 ms] [colw] h2d
[dbg     538.3 ms] [colw] csc
[dbg     538.3 ms] [colw] count
[dbg     538.4 ms] [colw] scan
[dbg     538.4 ms] [colw] expand
[dbg     538.5 ms] [colw] sort
[dbg     538.6 ms] [colw] reduce
[dbg     538.6 ms] [colw] final
[dbg     538.7 ms] [colw] pack
[dbg     539.5 ms] [colw] d2h
[dbg     539.6 ms] T6 colwise self_product: done (C_nnz=14110)
[dbg     539.9 ms] T7 inner self_product: start
[dbg     539.9 ms] [inner] start
[dbg     540.1 ms] [inner] h2d
[dbg     540.1 ms] [inner] csc
[dbg     540.2 ms] [inner] count
[dbg     540.2 ms] [inner] scan
[dbg     540.2 ms] [inner] expand
[dbg     540.3 ms] [inner] sort
[dbg     540.4 ms] [inner] reduce
[dbg     540.4 ms] [inner] final
[dbg     540.5 ms] [inner] numeric
[dbg     540.5 ms] [inner] pack
[dbg     541.3 ms] [inner] d2h
[dbg     541.4 ms] T7 inner self_product: done (C_nnz=14110)
Reading matrix from ./data/first100/bcspwr06.mtx...
Input A: 1454 x 1454, nnz = 5300, sparsity = 99.75%
===============WARMING UP===============
=== Computing C = A x A (Manual) ===
Result C: 1454 x 1454, nnz = 14110, sparsity = 99.33%
Time: 1.443 ms

=== Computing C = A x A (Outer) ===
Result C: 1454 x 1454, nnz = 14110, sparsity = 99.33%
Time: 1.491 ms

=== Computing C = A x A (Colwise) ===
Result C: 1454 x 1454, nnz = 14110, sparsity = 99.33%
Time: 1.505 ms

=== Computing C = A x A (Inner) ===
Result C: 1454 x 1454, nnz = 14110, sparsity = 99.33%
Time: 1.499 ms

=== All tests completed ===
Processing bcspwr07 ... (max 600s)
[dbg       0.0 ms] main entry, initializing CUDA context...
[dbg     485.2 ms] CUDA context ready
[dbg     485.3 ms] start read_matrix_market: ./data/first100/bcspwr07.mtx
[dbg     486.0 ms] read done: 1612 x 1612, nnz=5824
[dbg     486.1 ms] [cu] start
[dbg     494.5 ms] [cu] h2d (53044 B)
[dbg     494.5 ms] cusparse: workEstimation begin
[dbg     518.5 ms] [cu] workest (buf1=70951 B)
[dbg     518.5 ms] cusparse: compute begin
[dbg     519.2 ms] [cu] compute (buf2=624815 B)
[dbg     519.3 ms] cusparse: C size = 1612 x 1612, nnz=15684
[dbg     519.3 ms] cusparse: copy begin
[dbg     519.4 ms] [cu] copy
[dbg     519.4 ms] [cu] pack
[dbg     520.9 ms] self_product: C D2H begin (131924 B)
[dbg     520.9 ms] [cu] d2h
[dbg     521.3 ms] [gust] start
[dbg     521.5 ms] [gust] h2d
[dbg     521.5 ms] ESC: count intermediates begin
[dbg     523.1 ms] [gust] count
[dbg     523.4 ms] [gust] scan
[dbg     523.4 ms] ESC: expand begin (25234 intermediates)
[dbg     523.5 ms] [gust] expand
[dbg     523.5 ms] ESC: sort_by_key begin
[dbg     523.7 ms] [gust] sort
[dbg     523.7 ms] ESC: reduce_by_key begin
[dbg     523.9 ms] [gust] reduce
[dbg     524.0 ms] [gust] final
[dbg     524.0 ms] [gust] pack
[dbg     525.4 ms] [gust] d2h
[dbg     525.8 ms] [outer] start
[dbg     525.9 ms] [outer] h2d
[dbg     527.8 ms] [outer] csc
[dbg     527.8 ms] [outer] count
[dbg     527.9 ms] [outer] scan
[dbg     527.9 ms] [outer] expand
[dbg     528.0 ms] [outer] sort
[dbg     528.1 ms] [outer] reduce
[dbg     528.1 ms] [outer] final
[dbg     528.2 ms] [outer] pack
[dbg     529.2 ms] [outer] d2h
[dbg     529.7 ms] [colw] start
[dbg     529.8 ms] [colw] h2d
[dbg     529.9 ms] [colw] csc
[dbg     530.0 ms] [colw] count
[dbg     530.0 ms] [colw] scan
[dbg     530.0 ms] [colw] expand
[dbg     530.2 ms] [colw] sort
[dbg     530.2 ms] [colw] reduce
[dbg     530.3 ms] [colw] final
[dbg     530.3 ms] [colw] pack
[dbg     531.3 ms] [colw] d2h
[dbg     531.6 ms] [inner] start
[dbg     531.8 ms] [inner] h2d
[dbg     531.9 ms] [inner] csc
[dbg     531.9 ms] [inner] count
[dbg     532.0 ms] [inner] scan
[dbg     532.0 ms] [inner] expand
[dbg     532.1 ms] [inner] sort
[dbg     532.2 ms] [inner] reduce
[dbg     532.2 ms] [inner] final
[dbg     532.3 ms] [inner] numeric
[dbg     532.3 ms] [inner] pack
[dbg     533.2 ms] [inner] d2h
[dbg     533.6 ms] warmup done
[dbg     533.6 ms] T4 manual self_product: start
[dbg     533.6 ms] [gust] start
[dbg     533.7 ms] [gust] h2d
[dbg     533.7 ms] ESC: count intermediates begin
[dbg     533.7 ms] [gust] count
[dbg     533.8 ms] [gust] scan
[dbg     533.8 ms] ESC: expand begin (25234 intermediates)
[dbg     533.8 ms] [gust] expand
[dbg     533.8 ms] ESC: sort_by_key begin
[dbg     534.0 ms] [gust] sort
[dbg     534.0 ms] ESC: reduce_by_key begin
[dbg     534.0 ms] [gust] reduce
[dbg     534.1 ms] [gust] final
[dbg     534.1 ms] [gust] pack
[dbg     535.0 ms] [gust] d2h
[dbg     535.1 ms] T4 manual self_product: done (C_nnz=15684)
[dbg     535.4 ms] T5 outer self_product: start
[dbg     535.4 ms] [outer] start
[dbg     535.5 ms] [outer] h2d
[dbg     535.6 ms] [outer] csc
[dbg     535.6 ms] [outer] count
[dbg     535.7 ms] [outer] scan
[dbg     535.7 ms] [outer] expand
[dbg     535.8 ms] [outer] sort
[dbg     535.8 ms] [outer] reduce
[dbg     535.9 ms] [outer] final
[dbg     535.9 ms] [outer] pack
[dbg     536.8 ms] [outer] d2h
[dbg     536.9 ms] T5 outer self_product: done (C_nnz=15684)
[dbg     537.2 ms] T6 colwise self_product: start
[dbg     537.2 ms] [colw] start
[dbg     537.3 ms] [colw] h2d
[dbg     537.4 ms] [colw] csc
[dbg     537.4 ms] [colw] count
[dbg     537.5 ms] [colw] scan
[dbg     537.5 ms] [colw] expand
[dbg     537.6 ms] [colw] sort
[dbg     537.7 ms] [colw] reduce
[dbg     537.7 ms] [colw] final
[dbg     537.7 ms] [colw] pack
[dbg     538.6 ms] [colw] d2h
[dbg     538.7 ms] T6 colwise self_product: done (C_nnz=15684)
[dbg     539.0 ms] T7 inner self_product: start
[dbg     539.0 ms] [inner] start
[dbg     539.2 ms] [inner] h2d
[dbg     539.2 ms] [inner] csc
[dbg     539.3 ms] [inner] count
[dbg     539.3 ms] [inner] scan
[dbg     539.3 ms] [inner] expand
[dbg     539.5 ms] [inner] sort
[dbg     539.5 ms] [inner] reduce
[dbg     539.6 ms] [inner] final
[dbg     539.6 ms] [inner] numeric
[dbg     539.6 ms] [inner] pack
[dbg     540.4 ms] [inner] d2h
[dbg     540.6 ms] T7 inner self_product: done (C_nnz=15684)
Reading matrix from ./data/first100/bcspwr07.mtx...
Input A: 1612 x 1612, nnz = 5824, sparsity = 99.78%
===============WARMING UP===============
=== Computing C = A x A (Manual) ===
Result C: 1612 x 1612, nnz = 15684, sparsity = 99.40%
Time: 1.504 ms

=== Computing C = A x A (Outer) ===
Result C: 1612 x 1612, nnz = 15684, sparsity = 99.40%
Time: 1.543 ms

=== Computing C = A x A (Colwise) ===
Result C: 1612 x 1612, nnz = 15684, sparsity = 99.40%
Time: 1.521 ms

=== Computing C = A x A (Inner) ===
Result C: 1612 x 1612, nnz = 15684, sparsity = 99.40%
Time: 1.532 ms

=== All tests completed ===
Processing bcspwr08 ... (max 600s)
[dbg       0.0 ms] main entry, initializing CUDA context...
[dbg     477.8 ms] CUDA context ready
[dbg     477.9 ms] start read_matrix_market: ./data/first100/bcspwr08.mtx
[dbg     478.6 ms] read done: 1624 x 1624, nnz=6050
[dbg     478.7 ms] [cu] start
[dbg     486.6 ms] [cu] h2d (54900 B)
[dbg     486.6 ms] cusparse: workEstimation begin
[dbg     511.4 ms] [cu] workest (buf1=73663 B)
[dbg     511.4 ms] cusparse: compute begin
[dbg     512.0 ms] [cu] compute (buf2=673871 B)
[dbg     512.0 ms] cusparse: C size = 1624 x 1624, nnz=16916
[dbg     512.0 ms] cusparse: copy begin
[dbg     512.2 ms] [cu] copy
[dbg     512.2 ms] [cu] pack
[dbg     513.7 ms] self_product: C D2H begin (141828 B)
[dbg     513.7 ms] [cu] d2h
[dbg     514.2 ms] [gust] start
[dbg     514.3 ms] [gust] h2d
[dbg     514.3 ms] ESC: count intermediates begin
[dbg     515.8 ms] [gust] count
[dbg     516.0 ms] [gust] scan
[dbg     516.1 ms] ESC: expand begin (27278 intermediates)
[dbg     516.1 ms] [gust] expand
[dbg     516.1 ms] ESC: sort_by_key begin
[dbg     516.4 ms] [gust] sort
[dbg     516.4 ms] ESC: reduce_by_key begin
[dbg     516.5 ms] [gust] reduce
[dbg     516.6 ms] [gust] final
[dbg     516.6 ms] [gust] pack
[dbg     517.9 ms] [gust] d2h
[dbg     518.3 ms] [outer] start
[dbg     518.4 ms] [outer] h2d
[dbg     520.1 ms] [outer] csc
[dbg     520.2 ms] [outer] count
[dbg     520.2 ms] [outer] scan
[dbg     520.2 ms] [outer] expand
[dbg     520.4 ms] [outer] sort
[dbg     520.4 ms] [outer] reduce
[dbg     520.5 ms] [outer] final
[dbg     520.5 ms] [outer] pack
[dbg     521.6 ms] [outer] d2h
[dbg     522.0 ms] [colw] start
[dbg     522.1 ms] [colw] h2d
[dbg     522.2 ms] [colw] csc
[dbg     522.3 ms] [colw] count
[dbg     522.3 ms] [colw] scan
[dbg     522.3 ms] [colw] expand
[dbg     522.5 ms] [colw] sort
[dbg     522.5 ms] [colw] reduce
[dbg     522.6 ms] [colw] final
[dbg     522.6 ms] [colw] pack
[dbg     523.5 ms] [colw] d2h
[dbg     523.9 ms] [inner] start
[dbg     524.0 ms] [inner] h2d
[dbg     524.1 ms] [inner] csc
[dbg     524.1 ms] [inner] count
[dbg     524.2 ms] [inner] scan
[dbg     524.2 ms] [inner] expand
[dbg     524.3 ms] [inner] sort
[dbg     524.3 ms] [inner] reduce
[dbg     524.4 ms] [inner] final
[dbg     524.5 ms] [inner] numeric
[dbg     524.5 ms] [inner] pack
[dbg     525.3 ms] [inner] d2h
[dbg     525.7 ms] warmup done
[dbg     525.8 ms] T4 manual self_product: start
[dbg     525.8 ms] [gust] start
[dbg     525.9 ms] [gust] h2d
[dbg     525.9 ms] ESC: count intermediates begin
[dbg     525.9 ms] [gust] count
[dbg     525.9 ms] [gust] scan
[dbg     525.9 ms] ESC: expand begin (27278 intermediates)
[dbg     526.0 ms] [gust] expand
[dbg     526.0 ms] ESC: sort_by_key begin
[dbg     526.1 ms] [gust] sort
[dbg     526.1 ms] ESC: reduce_by_key begin
[dbg     526.1 ms] [gust] reduce
[dbg     526.2 ms] [gust] final
[dbg     526.2 ms] [gust] pack
[dbg     527.1 ms] [gust] d2h
[dbg     527.2 ms] T4 manual self_product: done (C_nnz=16916)
[dbg     527.5 ms] T5 outer self_product: start
[dbg     527.5 ms] [outer] start
[dbg     527.6 ms] [outer] h2d
[dbg     527.7 ms] [outer] csc
[dbg     527.7 ms] [outer] count
[dbg     527.8 ms] [outer] scan
[dbg     527.8 ms] [outer] expand
[dbg     527.9 ms] [outer] sort
[dbg     527.9 ms] [outer] reduce
[dbg     528.0 ms] [outer] final
[dbg     528.0 ms] [outer] pack
[dbg     528.8 ms] [outer] d2h
[dbg     529.0 ms] T5 outer self_product: done (C_nnz=16916)
[dbg     529.2 ms] T6 colwise self_product: start
[dbg     529.2 ms] [colw] start
[dbg     529.3 ms] [colw] h2d
[dbg     529.4 ms] [colw] csc
[dbg     529.4 ms] [colw] count
[dbg     529.5 ms] [colw] scan
[dbg     529.5 ms] [colw] expand
[dbg     529.6 ms] [colw] sort
[dbg     529.7 ms] [colw] reduce
[dbg     529.7 ms] [colw] final
[dbg     529.7 ms] [colw] pack
[dbg     530.6 ms] [colw] d2h
[dbg     530.7 ms] T6 colwise self_product: done (C_nnz=16916)
[dbg     531.0 ms] T7 inner self_product: start
[dbg     531.0 ms] [inner] start
[dbg     531.2 ms] [inner] h2d
[dbg     531.2 ms] [inner] csc
[dbg     531.3 ms] [inner] count
[dbg     531.3 ms] [inner] scan
[dbg     531.3 ms] [inner] expand
[dbg     531.4 ms] [inner] sort
[dbg     531.5 ms] [inner] reduce
[dbg     531.5 ms] [inner] final
[dbg     531.6 ms] [inner] numeric
[dbg     531.6 ms] [inner] pack
[dbg     532.4 ms] [inner] d2h
[dbg     532.5 ms] T7 inner self_product: done (C_nnz=16916)
Reading matrix from ./data/first100/bcspwr08.mtx...
Input A: 1624 x 1624, nnz = 6050, sparsity = 99.77%
===============WARMING UP===============
=== Computing C = A x A (Manual) ===
Result C: 1624 x 1624, nnz = 16916, sparsity = 99.36%
Time: 1.452 ms

=== Computing C = A x A (Outer) ===
Result C: 1624 x 1624, nnz = 16916, sparsity = 99.36%
Time: 1.490 ms

=== Computing C = A x A (Colwise) ===
Result C: 1624 x 1624, nnz = 16916, sparsity = 99.36%
Time: 1.478 ms

=== Computing C = A x A (Inner) ===
Result C: 1624 x 1624, nnz = 16916, sparsity = 99.36%
Time: 1.478 ms

=== All tests completed ===
Processing bcspwr09 ... (max 600s)
[dbg       0.0 ms] main entry, initializing CUDA context...
[dbg     470.3 ms] CUDA context ready
[dbg     470.4 ms] start read_matrix_market: ./data/first100/bcspwr09.mtx
[dbg     471.2 ms] read done: 1723 x 1723, nnz=6511
[dbg     471.2 ms] [cu] start
[dbg     479.1 ms] [cu] h2d (58984 B)
[dbg     479.1 ms] cusparse: workEstimation begin
[dbg     502.5 ms] [cu] workest (buf1=79195 B)
[dbg     502.5 ms] cusparse: compute begin
[dbg     503.2 ms] [cu] compute (buf2=734935 B)
[dbg     503.2 ms] cusparse: C size = 1723 x 1723, nnz=18485
[dbg     503.3 ms] cusparse: copy begin
[dbg     503.4 ms] [cu] copy
[dbg     503.4 ms] [cu] pack
[dbg     504.8 ms] self_product: C D2H begin (154776 B)
[dbg     504.9 ms] [cu] d2h
[dbg     505.4 ms] [gust] start
[dbg     505.5 ms] [gust] h2d
[dbg     505.5 ms] ESC: count intermediates begin
[dbg     507.0 ms] [gust] count
[dbg     507.2 ms] [gust] scan
[dbg     507.3 ms] ESC: expand begin (29801 intermediates)
[dbg     507.3 ms] [gust] expand
[dbg     507.3 ms] ESC: sort_by_key begin
[dbg     507.6 ms] [gust] sort
[dbg     507.6 ms] ESC: reduce_by_key begin
[dbg     507.7 ms] [gust] reduce
[dbg     507.8 ms] [gust] final
[dbg     507.8 ms] [gust] pack
[dbg     509.2 ms] [gust] d2h
[dbg     509.6 ms] [outer] start
[dbg     509.7 ms] [outer] h2d
[dbg     511.6 ms] [outer] csc
[dbg     511.6 ms] [outer] count
[dbg     511.7 ms] [outer] scan
[dbg     511.7 ms] [outer] expand
[dbg     511.8 ms] [outer] sort
[dbg     511.9 ms] [outer] reduce
[dbg     512.0 ms] [outer] final
[dbg     512.0 ms] [outer] pack
[dbg     513.1 ms] [outer] d2h
[dbg     513.5 ms] [colw] start
[dbg     513.6 ms] [colw] h2d
[dbg     513.7 ms] [colw] csc
[dbg     513.8 ms] [colw] count
[dbg     513.8 ms] [colw] scan
[dbg     513.9 ms] [colw] expand
[dbg     514.0 ms] [colw] sort
[dbg     514.0 ms] [colw] reduce
[dbg     514.1 ms] [colw] final
[dbg     514.1 ms] [colw] pack
[dbg     515.1 ms] [colw] d2h
[dbg     515.5 ms] [inner] start
[dbg     515.6 ms] [inner] h2d
[dbg     515.7 ms] [inner] csc
[dbg     515.7 ms] [inner] count
[dbg     515.8 ms] [inner] scan
[dbg     515.8 ms] [inner] expand
[dbg     515.9 ms] [inner] sort
[dbg     516.0 ms] [inner] reduce
[dbg     516.0 ms] [inner] final
[dbg     516.1 ms] [inner] numeric
[dbg     516.1 ms] [inner] pack
[dbg     517.0 ms] [inner] d2h
[dbg     517.3 ms] warmup done
[dbg     517.4 ms] T4 manual self_product: start
[dbg     517.4 ms] [gust] start
[dbg     517.5 ms] [gust] h2d
[dbg     517.5 ms] ESC: count intermediates begin
[dbg     517.5 ms] [gust] count
[dbg     517.6 ms] [gust] scan
[dbg     517.6 ms] ESC: expand begin (29801 intermediates)
[dbg     517.6 ms] [gust] expand
[dbg     517.6 ms] ESC: sort_by_key begin
[dbg     517.7 ms] [gust] sort
[dbg     517.7 ms] ESC: reduce_by_key begin
[dbg     517.8 ms] [gust] reduce
[dbg     517.8 ms] [gust] final
[dbg     517.8 ms] [gust] pack
[dbg     518.7 ms] [gust] d2h
[dbg     518.9 ms] T4 manual self_product: done (C_nnz=18485)
[dbg     519.1 ms] T5 outer self_product: start
[dbg     519.1 ms] [outer] start
[dbg     519.3 ms] [outer] h2d
[dbg     519.3 ms] [outer] csc
[dbg     519.4 ms] [outer] count
[dbg     519.4 ms] [outer] scan
[dbg     519.4 ms] [outer] expand
[dbg     519.5 ms] [outer] sort
[dbg     519.6 ms] [outer] reduce
[dbg     519.7 ms] [outer] final
[dbg     519.7 ms] [outer] pack
[dbg     520.5 ms] [outer] d2h
[dbg     520.7 ms] T5 outer self_product: done (C_nnz=18485)
[dbg     521.0 ms] T6 colwise self_product: start
[dbg     521.0 ms] [colw] start
[dbg     521.1 ms] [colw] h2d
[dbg     521.1 ms] [colw] csc
[dbg     521.2 ms] [colw] count
[dbg     521.2 ms] [colw] scan
[dbg     521.2 ms] [colw] expand
[dbg     521.4 ms] [colw] sort
[dbg     521.4 ms] [colw] reduce
[dbg     521.5 ms] [colw] final
[dbg     521.5 ms] [colw] pack
[dbg     522.3 ms] [colw] d2h
[dbg     522.5 ms] T6 colwise self_product: done (C_nnz=18485)
[dbg     522.8 ms] T7 inner self_product: start
[dbg     522.8 ms] [inner] start
[dbg     523.0 ms] [inner] h2d
[dbg     523.0 ms] [inner] csc
[dbg     523.1 ms] [inner] count
[dbg     523.1 ms] [inner] scan
[dbg     523.1 ms] [inner] expand
[dbg     523.2 ms] [inner] sort
[dbg     523.3 ms] [inner] reduce
[dbg     523.3 ms] [inner] final
[dbg     523.4 ms] [inner] numeric
[dbg     523.4 ms] [inner] pack
[dbg     524.2 ms] [inner] d2h
[dbg     524.4 ms] T7 inner self_product: done (C_nnz=18485)
Reading matrix from ./data/first100/bcspwr09.mtx...
Input A: 1723 x 1723, nnz = 6511, sparsity = 99.78%
===============WARMING UP===============
=== Computing C = A x A (Manual) ===
Result C: 1723 x 1723, nnz = 18485, sparsity = 99.38%
Time: 1.480 ms

=== Computing C = A x A (Outer) ===
Result C: 1723 x 1723, nnz = 18485, sparsity = 99.38%
Time: 1.534 ms

=== Computing C = A x A (Colwise) ===
Result C: 1723 x 1723, nnz = 18485, sparsity = 99.38%
Time: 1.529 ms

=== Computing C = A x A (Inner) ===
Result C: 1723 x 1723, nnz = 18485, sparsity = 99.38%
Time: 1.532 ms

=== All tests completed ===
Processing bcspwr10 ... (max 600s)
[dbg       0.0 ms] main entry, initializing CUDA context...
[dbg     481.8 ms] CUDA context ready
[dbg     481.9 ms] start read_matrix_market: ./data/first100/bcspwr10.mtx
[dbg     484.4 ms] read done: 5300 x 5300, nnz=21842
[dbg     484.5 ms] [cu] start
[dbg     492.3 ms] [cu] h2d (195940 B)
[dbg     492.4 ms] cusparse: workEstimation begin
[dbg     517.2 ms] [cu] workest (buf1=263423 B)
[dbg     517.2 ms] cusparse: compute begin
[dbg     518.0 ms] [cu] compute (buf2=2473295 B)
[dbg     518.0 ms] cusparse: C size = 5300 x 5300, nnz=60498
[dbg     518.0 ms] cusparse: copy begin
[dbg     518.1 ms] [cu] copy
[dbg     518.2 ms] [cu] pack
[dbg     519.7 ms] self_product: C D2H begin (505188 B)
[dbg     519.8 ms] [cu] d2h
[dbg     520.2 ms] [gust] start
[dbg     520.4 ms] [gust] h2d
[dbg     520.4 ms] ESC: count intermediates begin
[dbg     521.8 ms] [gust] count
[dbg     522.1 ms] [gust] scan
[dbg     522.1 ms] ESC: expand begin (101038 intermediates)
[dbg     522.1 ms] [gust] expand
[dbg     522.1 ms] ESC: sort_by_key begin
[dbg     522.6 ms] [gust] sort
[dbg     522.7 ms] ESC: reduce_by_key begin
[dbg     522.8 ms] [gust] reduce
[dbg     523.0 ms] [gust] final
[dbg     523.1 ms] [gust] pack
[dbg     524.3 ms] [gust] d2h
[dbg     524.7 ms] [outer] start
[dbg     524.9 ms] [outer] h2d
[dbg     526.6 ms] [outer] csc
[dbg     526.6 ms] [outer] count
[dbg     526.7 ms] [outer] scan
[dbg     526.7 ms] [outer] expand
[dbg     527.1 ms] [outer] sort
[dbg     527.2 ms] [outer] reduce
[dbg     527.3 ms] [outer] final
[dbg     527.3 ms] [outer] pack
[dbg     528.4 ms] [outer] d2h
[dbg     528.9 ms] [colw] start
[dbg     529.0 ms] [colw] h2d
[dbg     529.1 ms] [colw] csc
[dbg     529.2 ms] [colw] count
[dbg     529.2 ms] [colw] scan
[dbg     529.3 ms] [colw] expand
[dbg     529.8 ms] [colw] sort
[dbg     529.9 ms] [colw] reduce
[dbg     530.0 ms] [colw] final
[dbg     530.0 ms] [colw] pack
[dbg     531.3 ms] [colw] d2h
[dbg     531.8 ms] [inner] start
[dbg     531.9 ms] [inner] h2d
[dbg     532.0 ms] [inner] csc
[dbg     532.1 ms] [inner] count
[dbg     532.1 ms] [inner] scan
[dbg     532.1 ms] [inner] expand
[dbg     532.5 ms] [inner] sort
[dbg     532.6 ms] [inner] reduce
[dbg     532.7 ms] [inner] final
[dbg     532.7 ms] [inner] numeric
[dbg     532.7 ms] [inner] pack
[dbg     534.0 ms] [inner] d2h
[dbg     534.5 ms] warmup done
[dbg     534.5 ms] T4 manual self_product: start
[dbg     534.5 ms] [gust] start
[dbg     534.6 ms] [gust] h2d
[dbg     534.6 ms] ESC: count intermediates begin
[dbg     534.7 ms] [gust] count
[dbg     534.7 ms] [gust] scan
[dbg     534.7 ms] ESC: expand begin (101038 intermediates)
[dbg     534.7 ms] [gust] expand
[dbg     534.7 ms] ESC: sort_by_key begin
[dbg     535.1 ms] [gust] sort
[dbg     535.2 ms] ESC: reduce_by_key begin
[dbg     535.2 ms] [gust] reduce
[dbg     535.3 ms] [gust] final
[dbg     535.4 ms] [gust] pack
[dbg     536.7 ms] [gust] d2h
[dbg     536.8 ms] T4 manual self_product: done (C_nnz=60498)
[dbg     537.1 ms] T5 outer self_product: start
[dbg     537.1 ms] [outer] start
[dbg     537.3 ms] [outer] h2d
[dbg     537.3 ms] [outer] csc
[dbg     537.4 ms] [outer] count
[dbg     537.4 ms] [outer] scan
[dbg     537.4 ms] [outer] expand
[dbg     537.8 ms] [outer] sort
[dbg     537.9 ms] [outer] reduce
[dbg     537.9 ms] [outer] final
[dbg     537.9 ms] [outer] pack
[dbg     539.2 ms] [outer] d2h
[dbg     539.5 ms] T5 outer self_product: done (C_nnz=60498)
[dbg     539.7 ms] T6 colwise self_product: start
[dbg     539.7 ms] [colw] start
[dbg     539.8 ms] [colw] h2d
[dbg     539.9 ms] [colw] csc
[dbg     540.0 ms] [colw] count
[dbg     540.0 ms] [colw] scan
[dbg     540.0 ms] [colw] expand
[dbg     540.4 ms] [colw] sort
[dbg     540.5 ms] [colw] reduce
[dbg     540.5 ms] [colw] final
[dbg     540.6 ms] [colw] pack
[dbg     541.7 ms] [colw] d2h
[dbg     541.9 ms] T6 colwise self_product: done (C_nnz=60498)
[dbg     542.2 ms] T7 inner self_product: start
[dbg     542.2 ms] [inner] start
[dbg     542.3 ms] [inner] h2d
[dbg     542.4 ms] [inner] csc
[dbg     542.5 ms] [inner] count
[dbg     542.5 ms] [inner] scan
[dbg     542.5 ms] [inner] expand
[dbg     542.8 ms] [inner] sort
[dbg     542.9 ms] [inner] reduce
[dbg     543.0 ms] [inner] final
[dbg     543.1 ms] [inner] numeric
[dbg     543.1 ms] [inner] pack
[dbg     544.3 ms] [inner] d2h
[dbg     544.5 ms] T7 inner self_product: done (C_nnz=60498)
Reading matrix from ./data/first100/bcspwr10.mtx...
Input A: 5300 x 5300, nnz = 21842, sparsity = 99.92%
===============WARMING UP===============
=== Computing C = A x A (Manual) ===
Result C: 5300 x 5300, nnz = 60498, sparsity = 99.78%
Time: 2.283 ms

=== Computing C = A x A (Outer) ===
Result C: 5300 x 5300, nnz = 60498, sparsity = 99.78%
Time: 2.316 ms

=== Computing C = A x A (Colwise) ===
Result C: 5300 x 5300, nnz = 60498, sparsity = 99.78%
Time: 2.205 ms

=== Computing C = A x A (Inner) ===
Result C: 5300 x 5300, nnz = 60498, sparsity = 99.78%
Time: 2.261 ms

=== All tests completed ===
Processing bcsstk01 ... (max 600s)
[dbg       0.0 ms] main entry, initializing CUDA context...
[dbg     479.5 ms] CUDA context ready
[dbg     479.6 ms] start read_matrix_market: ./data/first100/bcsstk01.mtx
[dbg     479.7 ms] read done: 48 x 48, nnz=400
[dbg     479.7 ms] [cu] start
[dbg     487.7 ms] [cu] h2d (3396 B)
[dbg     487.7 ms] cusparse: workEstimation begin
[dbg     512.5 ms] [cu] workest (buf1=5863 B)
[dbg     512.5 ms] cusparse: compute begin
[dbg     513.2 ms] [cu] compute (buf2=88183 B)
[dbg     513.2 ms] cusparse: C size = 48 x 48, nnz=1292
[dbg     513.2 ms] cusparse: copy begin
[dbg     513.3 ms] [cu] copy
[dbg     513.3 ms] [cu] pack
[dbg     514.7 ms] self_product: C D2H begin (10532 B)
[dbg     514.8 ms] [cu] d2h
[dbg     515.2 ms] [gust] start
[dbg     515.4 ms] [gust] h2d
[dbg     515.4 ms] ESC: count intermediates begin
[dbg     516.8 ms] [gust] count
[dbg     517.1 ms] [gust] scan
[dbg     517.1 ms] ESC: expand begin (3460 intermediates)
[dbg     517.1 ms] [gust] expand
[dbg     517.1 ms] ESC: sort_by_key begin
[dbg     517.4 ms] [gust] sort
[dbg     517.4 ms] ESC: reduce_by_key begin
[dbg     517.6 ms] [gust] reduce
[dbg     517.6 ms] [gust] final
[dbg     517.7 ms] [gust] pack
[dbg     518.9 ms] [gust] d2h
[dbg     519.3 ms] [outer] start
[dbg     519.5 ms] [outer] h2d
[dbg     521.1 ms] [outer] csc
[dbg     521.1 ms] [outer] count
[dbg     521.2 ms] [outer] scan
[dbg     521.2 ms] [outer] expand
[dbg     521.3 ms] [outer] sort
[dbg     521.4 ms] [outer] reduce
[dbg     521.5 ms] [outer] final
[dbg     521.5 ms] [outer] pack
[dbg     522.5 ms] [outer] d2h
[dbg     522.9 ms] [colw] start
[dbg     523.0 ms] [colw] h2d
[dbg     523.1 ms] [colw] csc
[dbg     523.1 ms] [colw] count
[dbg     523.2 ms] [colw] scan
[dbg     523.2 ms] [colw] expand
[dbg     523.3 ms] [colw] sort
[dbg     523.4 ms] [colw] reduce
[dbg     523.4 ms] [colw] final
[dbg     523.4 ms] [colw] pack
[dbg     524.3 ms] [colw] d2h
[dbg     524.7 ms] [inner] start
[dbg     524.8 ms] [inner] h2d
[dbg     524.9 ms] [inner] csc
[dbg     525.0 ms] [inner] count
[dbg     525.0 ms] [inner] scan
[dbg     525.0 ms] [inner] expand
[dbg     525.1 ms] [inner] sort
[dbg     525.2 ms] [inner] reduce
[dbg     525.2 ms] [inner] final
[dbg     525.3 ms] [inner] numeric
[dbg     525.3 ms] [inner] pack
[dbg     526.1 ms] [inner] d2h
[dbg     526.5 ms] warmup done
[dbg     526.5 ms] T4 manual self_product: start
[dbg     526.5 ms] [gust] start
[dbg     526.6 ms] [gust] h2d
[dbg     526.6 ms] ESC: count intermediates begin
[dbg     526.6 ms] [gust] count
[dbg     526.7 ms] [gust] scan
[dbg     526.7 ms] ESC: expand begin (3460 intermediates)
[dbg     526.7 ms] [gust] expand
[dbg     526.7 ms] ESC: sort_by_key begin
[dbg     526.8 ms] [gust] sort
[dbg     526.8 ms] ESC: reduce_by_key begin
[dbg     526.9 ms] [gust] reduce
[dbg     526.9 ms] [gust] final
[dbg     526.9 ms] [gust] pack
[dbg     527.8 ms] [gust] d2h
[dbg     527.9 ms] T4 manual self_product: done (C_nnz=1292)
[dbg     528.2 ms] T5 outer self_product: start
[dbg     528.2 ms] [outer] start
[dbg     528.2 ms] [outer] h2d
[dbg     528.3 ms] [outer] csc
[dbg     528.4 ms] [outer] count
[dbg     528.4 ms] [outer] scan
[dbg     528.4 ms] [outer] expand
[dbg     528.5 ms] [outer] sort
[dbg     528.6 ms] [outer] reduce
[dbg     528.6 ms] [outer] final
[dbg     528.6 ms] [outer] pack
[dbg     529.4 ms] [outer] d2h
[dbg     529.6 ms] T5 outer self_product: done (C_nnz=1292)
[dbg     529.8 ms] T6 colwise self_product: start
[dbg     529.8 ms] [colw] start
[dbg     529.9 ms] [colw] h2d
[dbg     530.0 ms] [colw] csc
[dbg     530.0 ms] [colw] count
[dbg     530.1 ms] [colw] scan
[dbg     530.1 ms] [colw] expand
[dbg     530.2 ms] [colw] sort
[dbg     530.2 ms] [colw] reduce
[dbg     530.3 ms] [colw] final
[dbg     530.3 ms] [colw] pack
[dbg     531.1 ms] [colw] d2h
[dbg     531.2 ms] T6 colwise self_product: done (C_nnz=1292)
[dbg     531.5 ms] T7 inner self_product: start
[dbg     531.5 ms] [inner] start
[dbg     531.6 ms] [inner] h2d
[dbg     531.7 ms] [inner] csc
[dbg     531.7 ms] [inner] count
[dbg     531.8 ms] [inner] scan
[dbg     531.8 ms] [inner] expand
[dbg     531.9 ms] [inner] sort
[dbg     531.9 ms] [inner] reduce
[dbg     532.0 ms] [inner] final
[dbg     532.0 ms] [inner] numeric
[dbg     532.0 ms] [inner] pack
[dbg     532.8 ms] [inner] d2h
[dbg     532.9 ms] T7 inner self_product: done (C_nnz=1292)
Reading matrix from ./data/first100/bcsstk01.mtx...
Input A: 48 x 48, nnz = 400, sparsity = 82.64%
===============WARMING UP===============
=== Computing C = A x A (Manual) ===
Result C: 48 x 48, nnz = 1292, sparsity = 43.92%
Time: 1.367 ms

=== Computing C = A x A (Outer) ===
Result C: 48 x 48, nnz = 1292, sparsity = 43.92%
Time: 1.425 ms

=== Computing C = A x A (Colwise) ===
Result C: 48 x 48, nnz = 1292, sparsity = 43.92%
Time: 1.397 ms

=== Computing C = A x A (Inner) ===
Result C: 48 x 48, nnz = 1292, sparsity = 43.92%
Time: 1.409 ms

=== All tests completed ===
Processing bcsstk02 ... (max 600s)
[dbg       0.0 ms] main entry, initializing CUDA context...
[dbg     495.3 ms] CUDA context ready
[dbg     495.4 ms] start read_matrix_market: ./data/first100/bcsstk02.mtx
[dbg     496.2 ms] read done: 66 x 66, nnz=4356
[dbg     496.2 ms] [cu] start
[dbg     504.3 ms] [cu] h2d (35116 B)
[dbg     504.4 ms] cusparse: workEstimation begin
[dbg     531.2 ms] [cu] workest (buf1=53335 B)
[dbg     531.2 ms] cusparse: compute begin
[dbg     532.0 ms] [cu] compute (buf2=6910935 B)
[dbg     532.0 ms] cusparse: C size = 66 x 66, nnz=4356
[dbg     532.0 ms] cusparse: copy begin
[dbg     532.1 ms] [cu] copy
[dbg     532.1 ms] [cu] pack
[dbg     533.6 ms] self_product: C D2H begin (35116 B)
[dbg     533.6 ms] [cu] d2h
[dbg     534.1 ms] [gust] start
[dbg     534.2 ms] [gust] h2d
[dbg     534.2 ms] ESC: count intermediates begin
[dbg     535.8 ms] [gust] count
[dbg     536.1 ms] [gust] scan
[dbg     536.2 ms] ESC: expand begin (287496 intermediates)
[dbg     536.2 ms] [gust] expand
[dbg     536.2 ms] ESC: sort_by_key begin
[dbg     536.7 ms] [gust] sort
[dbg     536.8 ms] ESC: reduce_by_key begin
[dbg     537.0 ms] [gust] reduce
[dbg     537.2 ms] [gust] final
[dbg     537.2 ms] [gust] pack
[dbg     538.6 ms] [gust] d2h
[dbg     539.0 ms] [outer] start
[dbg     539.1 ms] [outer] h2d
[dbg     540.9 ms] [outer] csc
[dbg     541.0 ms] [outer] count
[dbg     541.0 ms] [outer] scan
[dbg     541.2 ms] [outer] expand
[dbg     541.5 ms] [outer] sort
[dbg     541.6 ms] [outer] reduce
[dbg     541.8 ms] [outer] final
[dbg     541.9 ms] [outer] pack
[dbg     543.0 ms] [outer] d2h
[dbg     543.5 ms] [colw] start
[dbg     543.6 ms] [colw] h2d
[dbg     543.7 ms] [colw] csc
[dbg     543.7 ms] [colw] count
[dbg     543.8 ms] [colw] scan
[dbg     544.1 ms] [colw] expand
[dbg     544.4 ms] [colw] sort
[dbg     544.6 ms] [colw] reduce
[dbg     544.8 ms] [colw] final
[dbg     544.8 ms] [colw] pack
[dbg     546.2 ms] [colw] d2h
[dbg     546.6 ms] [inner] start
[dbg     546.7 ms] [inner] h2d
[dbg     546.8 ms] [inner] csc
[dbg     546.9 ms] [inner] count
[dbg     546.9 ms] [inner] scan
[dbg     547.1 ms] [inner] expand
[dbg     547.3 ms] [inner] sort
[dbg     547.5 ms] [inner] reduce
[dbg     547.7 ms] [inner] final
[dbg     547.8 ms] [inner] numeric
[dbg     547.8 ms] [inner] pack
[dbg     549.2 ms] [inner] d2h
[dbg     549.5 ms] warmup done
[dbg     549.5 ms] T4 manual self_product: start
[dbg     549.5 ms] [gust] start
[dbg     549.7 ms] [gust] h2d
[dbg     549.7 ms] ESC: count intermediates begin
[dbg     549.7 ms] [gust] count
[dbg     549.7 ms] [gust] scan
[dbg     549.8 ms] ESC: expand begin (287496 intermediates)
[dbg     549.9 ms] [gust] expand
[dbg     549.9 ms] ESC: sort_by_key begin
[dbg     550.1 ms] [gust] sort
[dbg     550.2 ms] ESC: reduce_by_key begin
[dbg     550.3 ms] [gust] reduce
[dbg     550.5 ms] [gust] final
[dbg     550.5 ms] [gust] pack
[dbg     551.7 ms] [gust] d2h
[dbg     551.9 ms] T4 manual self_product: done (C_nnz=4356)
[dbg     552.2 ms] T5 outer self_product: start
[dbg     552.2 ms] [outer] start
[dbg     552.3 ms] [outer] h2d
[dbg     552.4 ms] [outer] csc
[dbg     552.4 ms] [outer] count
[dbg     552.5 ms] [outer] scan
[dbg     552.6 ms] [outer] expand
[dbg     552.9 ms] [outer] sort
[dbg     553.0 ms] [outer] reduce
[dbg     553.2 ms] [outer] final
[dbg     553.2 ms] [outer] pack
[dbg     554.5 ms] [outer] d2h
[dbg     554.7 ms] T5 outer self_product: done (C_nnz=4356)
[dbg     555.0 ms] T6 colwise self_product: start
[dbg     555.0 ms] [colw] start
[dbg     555.1 ms] [colw] h2d
[dbg     555.2 ms] [colw] csc
[dbg     555.2 ms] [colw] count
[dbg     555.2 ms] [colw] scan
[dbg     555.4 ms] [colw] expand
[dbg     555.7 ms] [colw] sort
[dbg     555.8 ms] [colw] reduce
[dbg     556.0 ms] [colw] final
[dbg     556.0 ms] [colw] pack
[dbg     557.4 ms] [colw] d2h
[dbg     557.6 ms] T6 colwise self_product: done (C_nnz=4356)
[dbg     557.9 ms] T7 inner self_product: start
[dbg     557.9 ms] [inner] start
[dbg     558.0 ms] [inner] h2d
[dbg     558.1 ms] [inner] csc
[dbg     558.1 ms] [inner] count
[dbg     558.1 ms] [inner] scan
[dbg     558.3 ms] [inner] expand
[dbg     558.5 ms] [inner] sort
[dbg     558.7 ms] [inner] reduce
[dbg     558.9 ms] [inner] final
[dbg     559.0 ms] [inner] numeric
[dbg     559.0 ms] [inner] pack
[dbg     560.3 ms] [inner] d2h
[dbg     560.4 ms] T7 inner self_product: done (C_nnz=4356)
Reading matrix from ./data/first100/bcsstk02.mtx...
Input A: 66 x 66, nnz = 4356, sparsity = 0.00%
===============WARMING UP===============
=== Computing C = A x A (Manual) ===
Result C: 66 x 66, nnz = 4356, sparsity = 0.00%
Time: 2.366 ms

=== Computing C = A x A (Outer) ===
Result C: 66 x 66, nnz = 4356, sparsity = 0.00%
Time: 2.467 ms

=== Computing C = A x A (Colwise) ===
Result C: 66 x 66, nnz = 4356, sparsity = 0.00%
Time: 2.600 ms

=== Computing C = A x A (Inner) ===
Result C: 66 x 66, nnz = 4356, sparsity = 0.00%
Time: 2.537 ms

=== All tests completed ===
Processing bcsstk03 ... (max 600s)
[dbg       0.0 ms] main entry, initializing CUDA context...
[dbg     478.2 ms] CUDA context ready
[dbg     478.4 ms] start read_matrix_market: ./data/first100/bcsstk03.mtx
[dbg     478.5 ms] read done: 112 x 112, nnz=640
[dbg     478.5 ms] [cu] start
[dbg     487.0 ms] [cu] h2d (5572 B)
[dbg     487.1 ms] cusparse: workEstimation begin
[dbg     514.5 ms] [cu] workest (buf1=8743 B)
[dbg     514.5 ms] cusparse: compute begin
[dbg     515.1 ms] [cu] compute (buf2=93847 B)
[dbg     515.1 ms] cusparse: C size = 112 x 112, nnz=1072
[dbg     515.2 ms] cusparse: copy begin
[dbg     515.3 ms] [cu] copy
[dbg     515.3 ms] [cu] pack
[dbg     517.0 ms] self_product: C D2H begin (9028 B)
[dbg     517.0 ms] [cu] d2h
[dbg     517.5 ms] [gust] start
[dbg     517.6 ms] [gust] h2d
[dbg     517.6 ms] ESC: count intermediates begin
[dbg     519.2 ms] [gust] count
[dbg     519.5 ms] [gust] scan
[dbg     519.5 ms] ESC: expand begin (3696 intermediates)
[dbg     519.6 ms] [gust] expand
[dbg     519.6 ms] ESC: sort_by_key begin
[dbg     519.8 ms] [gust] sort
[dbg     519.8 ms] ESC: reduce_by_key begin
[dbg     520.0 ms] [gust] reduce
[dbg     520.1 ms] [gust] final
[dbg     520.1 ms] [gust] pack
[dbg     521.5 ms] [gust] d2h
[dbg     521.9 ms] [outer] start
[dbg     522.0 ms] [outer] h2d
[dbg     523.8 ms] [outer] csc
[dbg     523.8 ms] [outer] count
[dbg     523.9 ms] [outer] scan
[dbg     523.9 ms] [outer] expand
[dbg     524.0 ms] [outer] sort
[dbg     524.0 ms] [outer] reduce
[dbg     524.1 ms] [outer] final
[dbg     524.1 ms] [outer] pack
[dbg     525.1 ms] [outer] d2h
[dbg     525.6 ms] [colw] start
[dbg     525.8 ms] [colw] h2d
[dbg     525.8 ms] [colw] csc
[dbg     525.9 ms] [colw] count
[dbg     525.9 ms] [colw] scan
[dbg     526.0 ms] [colw] expand
[dbg     526.1 ms] [colw] sort
[dbg     526.1 ms] [colw] reduce
[dbg     526.2 ms] [colw] final
[dbg     526.2 ms] [colw] pack
[dbg     527.1 ms] [colw] d2h
[dbg     527.5 ms] [inner] start
[dbg     527.6 ms] [inner] h2d
[dbg     527.7 ms] [inner] csc
[dbg     527.7 ms] [inner] count
[dbg     527.7 ms] [inner] scan
[dbg     527.8 ms] [inner] expand
[dbg     527.9 ms] [inner] sort
[dbg     527.9 ms] [inner] reduce
[dbg     527.9 ms] [inner] final
[dbg     528.0 ms] [inner] numeric
[dbg     528.0 ms] [inner] pack
[dbg     528.8 ms] [inner] d2h
[dbg     529.2 ms] warmup done
[dbg     529.3 ms] T4 manual self_product: start
[dbg     529.3 ms] [gust] start
[dbg     529.4 ms] [gust] h2d
[dbg     529.4 ms] ESC: count intermediates begin
[dbg     529.4 ms] [gust] count
[dbg     529.5 ms] [gust] scan
[dbg     529.5 ms] ESC: expand begin (3696 intermediates)
[dbg     529.5 ms] [gust] expand
[dbg     529.5 ms] ESC: sort_by_key begin
[dbg     529.6 ms] [gust] sort
[dbg     529.6 ms] ESC: reduce_by_key begin
[dbg     529.6 ms] [gust] reduce
[dbg     529.7 ms] [gust] final
[dbg     529.7 ms] [gust] pack
[dbg     530.5 ms] [gust] d2h
[dbg     530.6 ms] T4 manual self_product: done (C_nnz=1072)
[dbg     530.9 ms] T5 outer self_product: start
[dbg     530.9 ms] [outer] start
[dbg     531.1 ms] [outer] h2d
[dbg     531.2 ms] [outer] csc
[dbg     531.2 ms] [outer] count
[dbg     531.2 ms] [outer] scan
[dbg     531.2 ms] [outer] expand
[dbg     531.3 ms] [outer] sort
[dbg     531.4 ms] [outer] reduce
[dbg     531.4 ms] [outer] final
[dbg     531.5 ms] [outer] pack
[dbg     532.3 ms] [outer] d2h
[dbg     532.4 ms] T5 outer self_product: done (C_nnz=1072)
[dbg     532.7 ms] T6 colwise self_product: start
[dbg     532.7 ms] [colw] start
[dbg     532.8 ms] [colw] h2d
[dbg     532.9 ms] [colw] csc
[dbg     532.9 ms] [colw] count
[dbg     533.0 ms] [colw] scan
[dbg     533.0 ms] [colw] expand
[dbg     533.1 ms] [colw] sort
[dbg     533.1 ms] [colw] reduce
[dbg     533.2 ms] [colw] final
[dbg     533.2 ms] [colw] pack
[dbg     534.0 ms] [colw] d2h
[dbg     534.1 ms] T6 colwise self_product: done (C_nnz=1072)
[dbg     534.4 ms] T7 inner self_product: start
[dbg     534.4 ms] [inner] start
[dbg     534.5 ms] [inner] h2d
[dbg     534.6 ms] [inner] csc
[dbg     534.6 ms] [inner] count
[dbg     534.7 ms] [inner] scan
[dbg     534.7 ms] [inner] expand
[dbg     534.8 ms] [inner] sort
[dbg     534.8 ms] [inner] reduce
[dbg     534.9 ms] [inner] final
[dbg     534.9 ms] [inner] numeric
[dbg     534.9 ms] [inner] pack
[dbg     535.7 ms] [inner] d2h
[dbg     535.8 ms] T7 inner self_product: done (C_nnz=1072)
Reading matrix from ./data/first100/bcsstk03.mtx...
Input A: 112 x 112, nnz = 640, sparsity = 94.90%
===============WARMING UP===============
=== Computing C = A x A (Manual) ===
Result C: 112 x 112, nnz = 1072, sparsity = 91.45%
Time: 1.379 ms

=== Computing C = A x A (Outer) ===
Result C: 112 x 112, nnz = 1072, sparsity = 91.45%
Time: 1.510 ms

=== Computing C = A x A (Colwise) ===
Result C: 112 x 112, nnz = 1072, sparsity = 91.45%
Time: 1.426 ms

=== Computing C = A x A (Inner) ===
Result C: 112 x 112, nnz = 1072, sparsity = 91.45%
Time: 1.409 ms

=== All tests completed ===
Processing bcsstk04 ... (max 600s)
[dbg       0.0 ms] main entry, initializing CUDA context...
[dbg     478.0 ms] CUDA context ready
[dbg     478.2 ms] start read_matrix_market: ./data/first100/bcsstk04.mtx
[dbg     478.8 ms] read done: 132 x 132, nnz=3648
[dbg     478.8 ms] [cu] start
[dbg     486.9 ms] [cu] h2d (29716 B)
[dbg     487.0 ms] cusparse: workEstimation begin
[dbg     514.5 ms] [cu] workest (buf1=44839 B)
[dbg     514.5 ms] cusparse: compute begin
[dbg     515.3 ms] [cu] compute (buf2=2793175 B)
[dbg     515.3 ms] cusparse: C size = 132 x 132, nnz=11968
[dbg     515.3 ms] cusparse: copy begin
[dbg     515.4 ms] [cu] copy
[dbg     515.5 ms] [cu] pack
[dbg     517.1 ms] self_product: C D2H begin (96276 B)
[dbg     517.2 ms] [cu] d2h
[dbg     517.6 ms] [gust] start
[dbg     517.7 ms] [gust] h2d
[dbg     517.7 ms] ESC: count intermediates begin
[dbg     519.3 ms] [gust] count
[dbg     519.6 ms] [gust] scan
[dbg     519.6 ms] ESC: expand begin (116072 intermediates)
[dbg     519.6 ms] [gust] expand
[dbg     519.6 ms] ESC: sort_by_key begin
[dbg     520.1 ms] [gust] sort
[dbg     520.2 ms] ESC: reduce_by_key begin
[dbg     520.3 ms] [gust] reduce
[dbg     520.5 ms] [gust] final
[dbg     520.5 ms] [gust] pack
[dbg     521.8 ms] [gust] d2h
[dbg     522.2 ms] [outer] start
[dbg     522.3 ms] [outer] h2d
[dbg     524.2 ms] [outer] csc
[dbg     524.2 ms] [outer] count
[dbg     524.2 ms] [outer] scan
[dbg     524.3 ms] [outer] expand
[dbg     524.6 ms] [outer] sort
[dbg     524.7 ms] [outer] reduce
[dbg     524.9 ms] [outer] final
[dbg     524.9 ms] [outer] pack
[dbg     525.9 ms] [outer] d2h
[dbg     526.4 ms] [colw] start
[dbg     526.5 ms] [colw] h2d
[dbg     526.6 ms] [colw] csc
[dbg     526.7 ms] [colw] count
[dbg     526.7 ms] [colw] scan
[dbg     526.8 ms] [colw] expand
[dbg     527.0 ms] [colw] sort
[dbg     527.2 ms] [colw] reduce
[dbg     527.3 ms] [colw] final
[dbg     527.3 ms] [colw] pack
[dbg     528.2 ms] [colw] d2h
[dbg     528.6 ms] [inner] start
[dbg     528.7 ms] [inner] h2d
[dbg     528.8 ms] [inner] csc
[dbg     528.8 ms] [inner] count
[dbg     528.9 ms] [inner] scan
[dbg     528.9 ms] [inner] expand
[dbg     529.3 ms] [inner] sort
[dbg     529.5 ms] [inner] reduce
[dbg     529.6 ms] [inner] final
[dbg     529.6 ms] [inner] numeric
[dbg     529.7 ms] [inner] pack
[dbg     530.6 ms] [inner] d2h
[dbg     530.9 ms] warmup done
[dbg     531.0 ms] T4 manual self_product: start
[dbg     531.0 ms] [gust] start
[dbg     531.1 ms] [gust] h2d
[dbg     531.1 ms] ESC: count intermediates begin
[dbg     531.1 ms] [gust] count
[dbg     531.1 ms] [gust] scan
[dbg     531.1 ms] ESC: expand begin (116072 intermediates)
[dbg     531.2 ms] [gust] expand
[dbg     531.2 ms] ESC: sort_by_key begin
[dbg     531.5 ms] [gust] sort
[dbg     531.6 ms] ESC: reduce_by_key begin
[dbg     531.6 ms] [gust] reduce
[dbg     531.7 ms] [gust] final
[dbg     531.7 ms] [gust] pack
[dbg     532.6 ms] [gust] d2h
[dbg     532.7 ms] T4 manual self_product: done (C_nnz=11968)
[dbg     533.0 ms] T5 outer self_product: start
[dbg     533.0 ms] [outer] start
[dbg     533.1 ms] [outer] h2d
[dbg     533.2 ms] [outer] csc
[dbg     533.2 ms] [outer] count
[dbg     533.3 ms] [outer] scan
[dbg     533.3 ms] [outer] expand
[dbg     533.6 ms] [outer] sort
[dbg     533.7 ms] [outer] reduce
[dbg     533.8 ms] [outer] final
[dbg     533.9 ms] [outer] pack
[dbg     534.7 ms] [outer] d2h
[dbg     534.8 ms] T5 outer self_product: done (C_nnz=11968)
[dbg     535.2 ms] T6 colwise self_product: start
[dbg     535.2 ms] [colw] start
[dbg     535.3 ms] [colw] h2d
[dbg     535.4 ms] [colw] csc
[dbg     535.4 ms] [colw] count
[dbg     535.5 ms] [colw] scan
[dbg     535.5 ms] [colw] expand
[dbg     535.8 ms] [colw] sort
[dbg     535.9 ms] [colw] reduce
[dbg     536.0 ms] [colw] final
[dbg     536.0 ms] [colw] pack
[dbg     536.9 ms] [colw] d2h
[dbg     537.0 ms] T6 colwise self_product: done (C_nnz=11968)
[dbg     537.3 ms] T7 inner self_product: start
[dbg     537.3 ms] [inner] start
[dbg     537.4 ms] [inner] h2d
[dbg     537.5 ms] [inner] csc
[dbg     537.5 ms] [inner] count
[dbg     537.6 ms] [inner] scan
[dbg     537.6 ms] [inner] expand
[dbg     537.9 ms] [inner] sort
[dbg     538.0 ms] [inner] reduce
[dbg     538.1 ms] [inner] final
[dbg     538.2 ms] [inner] numeric
[dbg     538.2 ms] [inner] pack
[dbg     539.0 ms] [inner] d2h
[dbg     539.2 ms] T7 inner self_product: done (C_nnz=11968)
Reading matrix from ./data/first100/bcsstk04.mtx...
Input A: 132 x 132, nnz = 3648, sparsity = 79.06%
===============WARMING UP===============
=== Computing C = A x A (Manual) ===
Result C: 132 x 132, nnz = 11968, sparsity = 31.31%
Time: 1.764 ms

=== Computing C = A x A (Outer) ===
Result C: 132 x 132, nnz = 11968, sparsity = 31.31%
Time: 1.846 ms

=== Computing C = A x A (Colwise) ===
Result C: 132 x 132, nnz = 11968, sparsity = 31.31%
Time: 1.862 ms

=== Computing C = A x A (Inner) ===
Result C: 132 x 132, nnz = 11968, sparsity = 31.31%
Time: 1.871 ms

=== All tests completed ===
Processing bcsstk05 ... (max 600s)
[dbg       0.0 ms] main entry, initializing CUDA context...
[dbg     482.1 ms] CUDA context ready
[dbg     482.3 ms] start read_matrix_market: ./data/first100/bcsstk05.mtx
[dbg     482.8 ms] read done: 153 x 153, nnz=2423
[dbg     482.8 ms] [cu] start
[dbg     490.7 ms] [cu] h2d (20000 B)
[dbg     490.7 ms] cusparse: workEstimation begin
[dbg     515.4 ms] [cu] workest (buf1=30139 B)
[dbg     515.5 ms] cusparse: compute begin
[dbg     516.2 ms] [cu] compute (buf2=1022815 B)
[dbg     516.2 ms] cusparse: C size = 153 x 153, nnz=7245
[dbg     516.2 ms] cusparse: copy begin
[dbg     516.3 ms] [cu] copy
[dbg     516.3 ms] [cu] pack
[dbg     517.8 ms] self_product: C D2H begin (58576 B)
[dbg     517.8 ms] [cu] d2h
[dbg     518.3 ms] [gust] start
[dbg     518.4 ms] [gust] h2d
[dbg     518.4 ms] ESC: count intermediates begin
[dbg     519.9 ms] [gust] count
[dbg     520.2 ms] [gust] scan
[dbg     520.2 ms] ESC: expand begin (42371 intermediates)
[dbg     520.3 ms] [gust] expand
[dbg     520.3 ms] ESC: sort_by_key begin
[dbg     520.5 ms] [gust] sort
[dbg     520.6 ms] ESC: reduce_by_key begin
[dbg     520.7 ms] [gust] reduce
[dbg     520.8 ms] [gust] final
[dbg     520.8 ms] [gust] pack
[dbg     522.2 ms] [gust] d2h
[dbg     522.6 ms] [outer] start
[dbg     522.7 ms] [outer] h2d
[dbg     524.5 ms] [outer] csc
[dbg     524.5 ms] [outer] count
[dbg     524.5 ms] [outer] scan
[dbg     524.6 ms] [outer] expand
[dbg     524.7 ms] [outer] sort
[dbg     524.8 ms] [outer] reduce
[dbg     524.8 ms] [outer] final
[dbg     524.9 ms] [outer] pack
[dbg     525.9 ms] [outer] d2h
[dbg     526.3 ms] [colw] start
[dbg     526.4 ms] [colw] h2d
[dbg     526.5 ms] [colw] csc
[dbg     526.6 ms] [colw] count
[dbg     526.6 ms] [colw] scan
[dbg     526.7 ms] [colw] expand
[dbg     526.8 ms] [colw] sort
[dbg     526.9 ms] [colw] reduce
[dbg     526.9 ms] [colw] final
[dbg     526.9 ms] [colw] pack
[dbg     527.9 ms] [colw] d2h
[dbg     528.3 ms] [inner] start
[dbg     528.4 ms] [inner] h2d
[dbg     528.4 ms] [inner] csc
[dbg     528.5 ms] [inner] count
[dbg     528.5 ms] [inner] scan
[dbg     528.6 ms] [inner] expand
[dbg     528.7 ms] [inner] sort
[dbg     528.7 ms] [inner] reduce
[dbg     528.8 ms] [inner] final
[dbg     528.8 ms] [inner] numeric
[dbg     528.9 ms] [inner] pack
[dbg     529.7 ms] [inner] d2h
[dbg     530.1 ms] warmup done
[dbg     530.1 ms] T4 manual self_product: start
[dbg     530.1 ms] [gust] start
[dbg     530.2 ms] [gust] h2d
[dbg     530.2 ms] ESC: count intermediates begin
[dbg     530.3 ms] [gust] count
[dbg     530.3 ms] [gust] scan
[dbg     530.3 ms] ESC: expand begin (42371 intermediates)
[dbg     530.3 ms] [gust] expand
[dbg     530.3 ms] ESC: sort_by_key begin
[dbg     530.5 ms] [gust] sort
[dbg     530.5 ms] ESC: reduce_by_key begin
[dbg     530.5 ms] [gust] reduce
[dbg     530.6 ms] [gust] final
[dbg     530.6 ms] [gust] pack
[dbg     531.4 ms] [gust] d2h
[dbg     531.5 ms] T4 manual self_product: done (C_nnz=7245)
[dbg     531.8 ms] T5 outer self_product: start
[dbg     531.8 ms] [outer] start
[dbg     531.9 ms] [outer] h2d
[dbg     532.0 ms] [outer] csc
[dbg     532.1 ms] [outer] count
[dbg     532.1 ms] [outer] scan
[dbg     532.1 ms] [outer] expand
[dbg     532.2 ms] [outer] sort
[dbg     532.3 ms] [outer] reduce
[dbg     532.4 ms] [outer] final
[dbg     532.4 ms] [outer] pack
[dbg     533.2 ms] [outer] d2h
[dbg     533.3 ms] T5 outer self_product: done (C_nnz=7245)
[dbg     533.6 ms] T6 colwise self_product: start
[dbg     533.6 ms] [colw] start
[dbg     533.7 ms] [colw] h2d
[dbg     533.8 ms] [colw] csc
[dbg     533.8 ms] [colw] count
[dbg     533.8 ms] [colw] scan
[dbg     533.9 ms] [colw] expand
[dbg     534.0 ms] [colw] sort
[dbg     534.0 ms] [colw] reduce
[dbg     534.1 ms] [colw] final
[dbg     534.1 ms] [colw] pack
[dbg     534.9 ms] [colw] d2h
[dbg     535.1 ms] T6 colwise self_product: done (C_nnz=7245)
[dbg     535.4 ms] T7 inner self_product: start
[dbg     535.4 ms] [inner] start
[dbg     535.5 ms] [inner] h2d
[dbg     535.6 ms] [inner] csc
[dbg     535.6 ms] [inner] count
[dbg     535.6 ms] [inner] scan
[dbg     535.7 ms] [inner] expand
[dbg     535.8 ms] [inner] sort
[dbg     535.8 ms] [inner] reduce
[dbg     535.9 ms] [inner] final
[dbg     535.9 ms] [inner] numeric
[dbg     535.9 ms] [inner] pack
[dbg     536.7 ms] [inner] d2h
[dbg     536.8 ms] T7 inner self_product: done (C_nnz=7245)
Reading matrix from ./data/first100/bcsstk05.mtx...
Input A: 153 x 153, nnz = 2423, sparsity = 89.65%
===============WARMING UP===============
=== Computing C = A x A (Manual) ===
Result C: 153 x 153, nnz = 7245, sparsity = 69.05%
Time: 1.434 ms

=== Computing C = A x A (Outer) ===
Result C: 153 x 153, nnz = 7245, sparsity = 69.05%
Time: 1.467 ms

=== Computing C = A x A (Colwise) ===
Result C: 153 x 153, nnz = 7245, sparsity = 69.05%
Time: 1.478 ms

=== Computing C = A x A (Inner) ===
Result C: 153 x 153, nnz = 7245, sparsity = 69.05%
Time: 1.493 ms

=== All tests completed ===
Processing bcsstk06 ... (max 600s)
[dbg       0.0 ms] main entry, initializing CUDA context...
[dbg     490.4 ms] CUDA context ready
[dbg     490.6 ms] start read_matrix_market: ./data/first100/bcsstk06.mtx
[dbg     491.9 ms] read done: 420 x 420, nnz=7860
[dbg     491.9 ms] [cu] start
[dbg     500.1 ms] [cu] h2d (64564 B)
[dbg     500.1 ms] cusparse: workEstimation begin
[dbg     527.0 ms] [cu] workest (buf1=95383 B)
[dbg     527.1 ms] cusparse: compute begin
[dbg     527.9 ms] [cu] compute (buf2=3960119 B)
[dbg     527.9 ms] cusparse: C size = 420 x 420, nnz=23660
[dbg     527.9 ms] cusparse: copy begin
[dbg     528.0 ms] [cu] copy
[dbg     528.1 ms] [cu] pack
[dbg     529.6 ms] self_product: C D2H begin (190964 B)
[dbg     529.7 ms] [cu] d2h
[dbg     530.1 ms] [gust] start
[dbg     530.2 ms] [gust] h2d
[dbg     530.3 ms] ESC: count intermediates begin
[dbg     531.8 ms] [gust] count
[dbg     532.0 ms] [gust] scan
[dbg     532.1 ms] ESC: expand begin (164652 intermediates)
[dbg     532.1 ms] [gust] expand
[dbg     532.1 ms] ESC: sort_by_key begin
[dbg     532.5 ms] [gust] sort
[dbg     532.6 ms] ESC: reduce_by_key begin
[dbg     532.8 ms] [gust] reduce
[dbg     532.9 ms] [gust] final
[dbg     532.9 ms] [gust] pack
[dbg     534.3 ms] [gust] d2h
[dbg     534.7 ms] [outer] start
[dbg     534.9 ms] [outer] h2d
[dbg     536.7 ms] [outer] csc
[dbg     536.7 ms] [outer] count
[dbg     536.7 ms] [outer] scan
[dbg     536.9 ms] [outer] expand
[dbg     537.2 ms] [outer] sort
[dbg     537.3 ms] [outer] reduce
[dbg     537.5 ms] [outer] final
[dbg     537.5 ms] [outer] pack
[dbg     538.5 ms] [outer] d2h
[dbg     539.0 ms] [colw] start
[dbg     539.1 ms] [colw] h2d
[dbg     539.2 ms] [colw] csc
[dbg     539.3 ms] [colw] count
[dbg     539.3 ms] [colw] scan
[dbg     539.6 ms] [colw] expand
[dbg     539.9 ms] [colw] sort
[dbg     540.0 ms] [colw] reduce
[dbg     540.2 ms] [colw] final
[dbg     540.2 ms] [colw] pack
[dbg     541.2 ms] [colw] d2h
[dbg     541.6 ms] [inner] start
[dbg     541.8 ms] [inner] h2d
[dbg     541.8 ms] [inner] csc
[dbg     541.9 ms] [inner] count
[dbg     541.9 ms] [inner] scan
[dbg     542.1 ms] [inner] expand
[dbg     542.3 ms] [inner] sort
[dbg     542.5 ms] [inner] reduce
[dbg     542.6 ms] [inner] final
[dbg     542.6 ms] [inner] numeric
[dbg     542.7 ms] [inner] pack
[dbg     543.5 ms] [inner] d2h
[dbg     544.0 ms] warmup done
[dbg     544.1 ms] T4 manual self_product: start
[dbg     544.1 ms] [gust] start
[dbg     544.2 ms] [gust] h2d
[dbg     544.2 ms] ESC: count intermediates begin
[dbg     544.2 ms] [gust] count
[dbg     544.3 ms] [gust] scan
[dbg     544.3 ms] ESC: expand begin (164652 intermediates)
[dbg     544.3 ms] [gust] expand
[dbg     544.3 ms] ESC: sort_by_key begin
[dbg     544.6 ms] [gust] sort
[dbg     544.7 ms] ESC: reduce_by_key begin
[dbg     544.7 ms] [gust] reduce
[dbg     544.8 ms] [gust] final
[dbg     544.8 ms] [gust] pack
[dbg     545.7 ms] [gust] d2h
[dbg     545.8 ms] T4 manual self_product: done (C_nnz=23660)
[dbg     546.1 ms] T5 outer self_product: start
[dbg     546.1 ms] [outer] start
[dbg     546.3 ms] [outer] h2d
[dbg     546.4 ms] [outer] csc
[dbg     546.4 ms] [outer] count
[dbg     546.4 ms] [outer] scan
[dbg     546.6 ms] [outer] expand
[dbg     546.8 ms] [outer] sort
[dbg     546.9 ms] [outer] reduce
[dbg     547.1 ms] [outer] final
[dbg     547.1 ms] [outer] pack
[dbg     548.0 ms] [outer] d2h
[dbg     548.2 ms] T5 outer self_product: done (C_nnz=23660)
[dbg     548.4 ms] T6 colwise self_product: start
[dbg     548.5 ms] [colw] start
[dbg     548.6 ms] [colw] h2d
[dbg     548.7 ms] [colw] csc
[dbg     548.7 ms] [colw] count
[dbg     548.7 ms] [colw] scan
[dbg     548.9 ms] [colw] expand
[dbg     549.2 ms] [colw] sort
[dbg     549.3 ms] [colw] reduce
[dbg     549.4 ms] [colw] final
[dbg     549.5 ms] [colw] pack
[dbg     550.3 ms] [colw] d2h
[dbg     550.5 ms] T6 colwise self_product: done (C_nnz=23660)
[dbg     550.8 ms] T7 inner self_product: start
[dbg     550.8 ms] [inner] start
[dbg     550.9 ms] [inner] h2d
[dbg     551.0 ms] [inner] csc
[dbg     551.0 ms] [inner] count
[dbg     551.0 ms] [inner] scan
[dbg     551.2 ms] [inner] expand
[dbg     551.5 ms] [inner] sort
[dbg     551.6 ms] [inner] reduce
[dbg     551.7 ms] [inner] final
[dbg     551.7 ms] [inner] numeric
[dbg     551.8 ms] [inner] pack
[dbg     552.6 ms] [inner] d2h
[dbg     552.8 ms] T7 inner self_product: done (C_nnz=23660)
Reading matrix from ./data/first100/bcsstk06.mtx...
Input A: 420 x 420, nnz = 7860, sparsity = 95.54%
===============WARMING UP===============
=== Computing C = A x A (Manual) ===
Result C: 420 x 420, nnz = 23660, sparsity = 86.59%
Time: 1.795 ms

=== Computing C = A x A (Outer) ===
Result C: 420 x 420, nnz = 23660, sparsity = 86.59%
Time: 2.019 ms

=== Computing C = A x A (Colwise) ===
Result C: 420 x 420, nnz = 23660, sparsity = 86.59%
Time: 2.021 ms

=== Computing C = A x A (Inner) ===
Result C: 420 x 420, nnz = 23660, sparsity = 86.59%
Time: 2.032 ms

=== All tests completed ===
Processing bcsstk07 ... (max 600s)
[dbg       0.0 ms] main entry, initializing CUDA context...
[dbg     494.2 ms] CUDA context ready
[dbg     494.3 ms] start read_matrix_market: ./data/first100/bcsstk07.mtx
[dbg     495.6 ms] read done: 420 x 420, nnz=7860
[dbg     495.7 ms] [cu] start
[dbg     503.9 ms] [cu] h2d (64564 B)
[dbg     504.0 ms] cusparse: workEstimation begin
[dbg     530.9 ms] [cu] workest (buf1=95383 B)
[dbg     530.9 ms] cusparse: compute begin
[dbg     531.7 ms] [cu] compute (buf2=3960119 B)
[dbg     531.7 ms] cusparse: C size = 420 x 420, nnz=23660
[dbg     531.7 ms] cusparse: copy begin
[dbg     531.9 ms] [cu] copy
[dbg     531.9 ms] [cu] pack
[dbg     533.4 ms] self_product: C D2H begin (190964 B)
[dbg     533.4 ms] [cu] d2h
[dbg     533.9 ms] [gust] start
[dbg     534.0 ms] [gust] h2d
[dbg     534.0 ms] ESC: count intermediates begin
[dbg     535.7 ms] [gust] count
[dbg     535.9 ms] [gust] scan
[dbg     535.9 ms] ESC: expand begin (164652 intermediates)
[dbg     536.0 ms] [gust] expand
[dbg     536.0 ms] ESC: sort_by_key begin
[dbg     536.4 ms] [gust] sort
[dbg     536.5 ms] ESC: reduce_by_key begin
[dbg     536.7 ms] [gust] reduce
[dbg     536.8 ms] [gust] final
[dbg     536.8 ms] [gust] pack
[dbg     538.2 ms] [gust] d2h
[dbg     538.7 ms] [outer] start
[dbg     538.8 ms] [outer] h2d
[dbg     540.7 ms] [outer] csc
[dbg     540.8 ms] [outer] count
[dbg     540.8 ms] [outer] scan
[dbg     541.0 ms] [outer] expand
[dbg     541.3 ms] [outer] sort
[dbg     541.4 ms] [outer] reduce
[dbg     541.6 ms] [outer] final
[dbg     541.6 ms] [outer] pack
[dbg     542.8 ms] [outer] d2h
[dbg     543.3 ms] [colw] start
[dbg     543.5 ms] [colw] h2d
[dbg     543.6 ms] [colw] csc
[dbg     543.6 ms] [colw] count
[dbg     543.7 ms] [colw] scan
[dbg     543.9 ms] [colw] expand
[dbg     544.2 ms] [colw] sort
[dbg     544.4 ms] [colw] reduce
[dbg     544.5 ms] [colw] final
[dbg     544.5 ms] [colw] pack
[dbg     545.6 ms] [colw] d2h
[dbg     546.1 ms] [inner] start
[dbg     546.3 ms] [inner] h2d
[dbg     546.4 ms] [inner] csc
[dbg     546.4 ms] [inner] count
[dbg     546.4 ms] [inner] scan
[dbg     546.6 ms] [inner] expand
[dbg     546.9 ms] [inner] sort
[dbg     547.0 ms] [inner] reduce
[dbg     547.1 ms] [inner] final
[dbg     547.2 ms] [inner] numeric
[dbg     547.2 ms] [inner] pack
[dbg     548.2 ms] [inner] d2h
[dbg     548.6 ms] warmup done
[dbg     548.7 ms] T4 manual self_product: start
[dbg     548.7 ms] [gust] start
[dbg     548.8 ms] [gust] h2d
[dbg     548.8 ms] ESC: count intermediates begin
[dbg     548.8 ms] [gust] count
[dbg     548.9 ms] [gust] scan
[dbg     548.9 ms] ESC: expand begin (164652 intermediates)
[dbg     548.9 ms] [gust] expand
[dbg     548.9 ms] ESC: sort_by_key begin
[dbg     549.2 ms] [gust] sort
[dbg     549.3 ms] ESC: reduce_by_key begin
[dbg     549.3 ms] [gust] reduce
[dbg     549.4 ms] [gust] final
[dbg     549.4 ms] [gust] pack
[dbg     550.3 ms] [gust] d2h
[dbg     550.5 ms] T4 manual self_product: done (C_nnz=23660)
[dbg     550.7 ms] T5 outer self_product: start
[dbg     550.8 ms] [outer] start
[dbg     550.9 ms] [outer] h2d
[dbg     551.0 ms] [outer] csc
[dbg     551.0 ms] [outer] count
[dbg     551.0 ms] [outer] scan
[dbg     551.1 ms] [outer] expand
[dbg     551.4 ms] [outer] sort
[dbg     551.6 ms] [outer] reduce
[dbg     551.7 ms] [outer] final
[dbg     551.7 ms] [outer] pack
[dbg     552.6 ms] [outer] d2h
[dbg     552.8 ms] T5 outer self_product: done (C_nnz=23660)
[dbg     553.2 ms] T6 colwise self_product: start
[dbg     553.2 ms] [colw] start
[dbg     553.3 ms] [colw] h2d
[dbg     553.4 ms] [colw] csc
[dbg     553.4 ms] [colw] count
[dbg     553.5 ms] [colw] scan
[dbg     553.6 ms] [colw] expand
[dbg     553.9 ms] [colw] sort
[dbg     554.0 ms] [colw] reduce
[dbg     554.1 ms] [colw] final
[dbg     554.2 ms] [colw] pack
[dbg     555.1 ms] [colw] d2h
[dbg     555.2 ms] T6 colwise self_product: done (C_nnz=23660)
[dbg     555.5 ms] T7 inner self_product: start
[dbg     555.5 ms] [inner] start
[dbg     555.6 ms] [inner] h2d
[dbg     555.7 ms] [inner] csc
[dbg     555.7 ms] [inner] count
[dbg     555.8 ms] [inner] scan
[dbg     555.9 ms] [inner] expand
[dbg     556.2 ms] [inner] sort
[dbg     556.3 ms] [inner] reduce
[dbg     556.5 ms] [inner] final
[dbg     556.5 ms] [inner] numeric
[dbg     556.5 ms] [inner] pack
[dbg     557.5 ms] [inner] d2h
[dbg     557.6 ms] T7 inner self_product: done (C_nnz=23660)
Reading matrix from ./data/first100/bcsstk07.mtx...
Input A: 420 x 420, nnz = 7860, sparsity = 95.54%
===============WARMING UP===============
=== Computing C = A x A (Manual) ===
Result C: 420 x 420, nnz = 23660, sparsity = 86.59%
Time: 1.809 ms

=== Computing C = A x A (Outer) ===
Result C: 420 x 420, nnz = 23660, sparsity = 86.59%
Time: 2.081 ms

=== Computing C = A x A (Colwise) ===
Result C: 420 x 420, nnz = 23660, sparsity = 86.59%
Time: 2.078 ms

=== Computing C = A x A (Inner) ===
Result C: 420 x 420, nnz = 23660, sparsity = 86.59%
Time: 2.120 ms

=== All tests completed ===
Processing bcsstk08 ... (max 600s)
[dbg       0.0 ms] main entry, initializing CUDA context...
[dbg     498.1 ms] CUDA context ready
[dbg     498.3 ms] start read_matrix_market: ./data/first100/bcsstk08.mtx
[dbg     500.6 ms] read done: 1074 x 1074, nnz=12960
[dbg     500.6 ms] [cu] start
[dbg     508.4 ms] [cu] h2d (107980 B)
[dbg     508.5 ms] cusparse: workEstimation begin
[dbg     532.6 ms] [cu] workest (buf1=156583 B)
[dbg     532.6 ms] cusparse: compute begin
[dbg     533.8 ms] [cu] compute (buf2=15219847 B)
[dbg     533.8 ms] cusparse: C size = 1074 x 1074, nnz=305612
[dbg     533.9 ms] cusparse: copy begin
[dbg     534.0 ms] [cu] copy
[dbg     534.2 ms] [cu] pack
[dbg     535.9 ms] self_product: C D2H begin (2449196 B)
[dbg     536.1 ms] [cu] d2h
[dbg     536.7 ms] [gust] start
[dbg     536.8 ms] [gust] h2d
[dbg     536.8 ms] ESC: count intermediates begin
[dbg     538.4 ms] [gust] count
[dbg     538.6 ms] [gust] scan
[dbg     538.8 ms] ESC: expand begin (633402 intermediates)
[dbg     538.9 ms] [gust] expand
[dbg     538.9 ms] ESC: sort_by_key begin
[dbg     539.4 ms] [gust] sort
[dbg     539.5 ms] ESC: reduce_by_key begin
[dbg     539.7 ms] [gust] reduce
[dbg     540.2 ms] [gust] final
[dbg     540.3 ms] [gust] pack
[dbg     542.0 ms] [gust] d2h
[dbg     542.6 ms] [outer] start
[dbg     542.7 ms] [outer] h2d
[dbg     544.6 ms] [outer] csc
[dbg     544.7 ms] [outer] count
[dbg     544.7 ms] [outer] scan
[dbg     545.0 ms] [outer] expand
[dbg     545.3 ms] [outer] sort
[dbg     545.5 ms] [outer] reduce
[dbg     545.9 ms] [outer] final
[dbg     545.9 ms] [outer] pack
[dbg     547.5 ms] [outer] d2h
[dbg     548.3 ms] [colw] start
[dbg     548.4 ms] [colw] h2d
[dbg     548.7 ms] [colw] csc
[dbg     548.7 ms] [colw] count
[dbg     548.8 ms] [colw] scan
[dbg     549.2 ms] [colw] expand
[dbg     549.5 ms] [colw] sort
[dbg     549.7 ms] [colw] reduce
[dbg     550.0 ms] [colw] final
[dbg     550.1 ms] [colw] pack
[dbg     551.6 ms] [colw] d2h
[dbg     552.3 ms] [inner] start
[dbg     552.4 ms] [inner] h2d
[dbg     552.7 ms] [inner] csc
[dbg     552.7 ms] [inner] count
[dbg     552.7 ms] [inner] scan
[dbg     553.0 ms] [inner] expand
[dbg     553.3 ms] [inner] sort
[dbg     553.5 ms] [inner] reduce
[dbg     553.8 ms] [inner] final
[dbg     554.2 ms] [inner] numeric
[dbg     554.3 ms] [inner] pack
[dbg     555.7 ms] [inner] d2h
[dbg     556.4 ms] warmup done
[dbg     556.4 ms] T4 manual self_product: start
[dbg     556.4 ms] [gust] start
[dbg     556.5 ms] [gust] h2d
[dbg     556.5 ms] ESC: count intermediates begin
[dbg     556.5 ms] [gust] count
[dbg     556.6 ms] [gust] scan
[dbg     556.8 ms] ESC: expand begin (633402 intermediates)
[dbg     556.8 ms] [gust] expand
[dbg     556.8 ms] ESC: sort_by_key begin
[dbg     557.2 ms] [gust] sort
[dbg     557.3 ms] ESC: reduce_by_key begin
[dbg     557.3 ms] [gust] reduce
[dbg     557.8 ms] [gust] final
[dbg     557.9 ms] [gust] pack
[dbg     559.3 ms] [gust] d2h
[dbg     559.6 ms] T4 manual self_product: done (C_nnz=305612)
[dbg     559.9 ms] T5 outer self_product: start
[dbg     559.9 ms] [outer] start
[dbg     560.0 ms] [outer] h2d
[dbg     560.3 ms] [outer] csc
[dbg     560.3 ms] [outer] count
[dbg     560.4 ms] [outer] scan
[dbg     560.6 ms] [outer] expand
[dbg     561.0 ms] [outer] sort
[dbg     561.1 ms] [outer] reduce
[dbg     561.5 ms] [outer] final
[dbg     561.5 ms] [outer] pack
[dbg     563.0 ms] [outer] d2h
[dbg     563.4 ms] T5 outer self_product: done (C_nnz=305612)
[dbg     563.7 ms] T6 colwise self_product: start
[dbg     563.7 ms] [colw] start
[dbg     563.9 ms] [colw] h2d
[dbg     564.1 ms] [colw] csc
[dbg     564.2 ms] [colw] count
[dbg     564.2 ms] [colw] scan
[dbg     564.5 ms] [colw] expand
[dbg     564.8 ms] [colw] sort
[dbg     565.0 ms] [colw] reduce
[dbg     565.3 ms] [colw] final
[dbg     565.4 ms] [colw] pack
[dbg     566.9 ms] [colw] d2h
[dbg     567.4 ms] T6 colwise self_product: done (C_nnz=305612)
[dbg     567.7 ms] T7 inner self_product: start
[dbg     567.7 ms] [inner] start
[dbg     567.8 ms] [inner] h2d
[dbg     568.1 ms] [inner] csc
[dbg     568.1 ms] [inner] count
[dbg     568.2 ms] [inner] scan
[dbg     568.5 ms] [inner] expand
[dbg     568.8 ms] [inner] sort
[dbg     569.0 ms] [inner] reduce
[dbg     569.3 ms] [inner] final
[dbg     569.7 ms] [inner] numeric
[dbg     569.8 ms] [inner] pack
[dbg     571.3 ms] [inner] d2h
[dbg     571.5 ms] T7 inner self_product: done (C_nnz=305612)
Reading matrix from ./data/first100/bcsstk08.mtx...
Input A: 1074 x 1074, nnz = 12960, sparsity = 98.88%
===============WARMING UP===============
=== Computing C = A x A (Manual) ===
Result C: 1074 x 1074, nnz = 305612, sparsity = 73.51%
Time: 3.224 ms

=== Computing C = A x A (Outer) ===
Result C: 1074 x 1074, nnz = 305612, sparsity = 73.51%
Time: 3.496 ms

=== Computing C = A x A (Colwise) ===
Result C: 1074 x 1074, nnz = 305612, sparsity = 73.51%
Time: 3.622 ms

=== Computing C = A x A (Inner) ===
Result C: 1074 x 1074, nnz = 305612, sparsity = 73.51%
Time: 3.844 ms

=== All tests completed ===
Processing bcsstk09 ... (max 600s)
[dbg       0.0 ms] main entry, initializing CUDA context...
[dbg     487.7 ms] CUDA context ready
[dbg     487.8 ms] start read_matrix_market: ./data/first100/bcsstk09.mtx
[dbg     490.7 ms] read done: 1083 x 1083, nnz=18437
[dbg     490.8 ms] [cu] start
[dbg     498.9 ms] [cu] h2d (151832 B)
[dbg     499.0 ms] cusparse: workEstimation begin
[dbg     525.6 ms] [cu] workest (buf1=222563 B)
[dbg     525.6 ms] cusparse: compute begin
[dbg     526.5 ms] [cu] compute (buf2=7981943 B)
[dbg     526.5 ms] cusparse: C size = 1083 x 1083, nnz=71289
[dbg     526.5 ms] cusparse: copy begin
[dbg     526.6 ms] [cu] copy
[dbg     526.6 ms] [cu] pack
[dbg     528.2 ms] self_product: C D2H begin (574648 B)
[dbg     528.2 ms] [cu] d2h
[dbg     528.7 ms] [gust] start
[dbg     528.9 ms] [gust] h2d
[dbg     528.9 ms] ESC: count intermediates begin
[dbg     530.5 ms] [gust] count
[dbg     530.8 ms] [gust] scan
[dbg     530.9 ms] ESC: expand begin (331973 intermediates)
[dbg     530.9 ms] [gust] expand
[dbg     530.9 ms] ESC: sort_by_key begin
[dbg     531.4 ms] [gust] sort
[dbg     531.5 ms] ESC: reduce_by_key begin
[dbg     531.7 ms] [gust] reduce
[dbg     532.0 ms] [gust] final
[dbg     532.0 ms] [gust] pack
[dbg     533.3 ms] [gust] d2h
[dbg     533.8 ms] [outer] start
[dbg     533.9 ms] [outer] h2d
[dbg     535.8 ms] [outer] csc
[dbg     535.9 ms] [outer] count
[dbg     535.9 ms] [outer] scan
[dbg     536.1 ms] [outer] expand
[dbg     536.4 ms] [outer] sort
[dbg     536.6 ms] [outer] reduce
[dbg     536.8 ms] [outer] final
[dbg     536.8 ms] [outer] pack
[dbg     537.9 ms] [outer] d2h
[dbg     538.4 ms] [colw] start
[dbg     538.5 ms] [colw] h2d
[dbg     538.7 ms] [colw] csc
[dbg     538.7 ms] [colw] count
[dbg     538.8 ms] [colw] scan
[dbg     539.0 ms] [colw] expand
[dbg     539.3 ms] [colw] sort
[dbg     539.5 ms] [colw] reduce
[dbg     539.7 ms] [colw] final
[dbg     539.7 ms] [colw] pack
[dbg     541.0 ms] [colw] d2h
[dbg     541.5 ms] [inner] start
[dbg     541.6 ms] [inner] h2d
[dbg     541.7 ms] [inner] csc
[dbg     541.8 ms] [inner] count
[dbg     541.8 ms] [inner] scan
[dbg     542.0 ms] [inner] expand
[dbg     542.3 ms] [inner] sort
[dbg     542.5 ms] [inner] reduce
[dbg     542.6 ms] [inner] final
[dbg     542.7 ms] [inner] numeric
[dbg     542.8 ms] [inner] pack
[dbg     544.0 ms] [inner] d2h
[dbg     544.4 ms] warmup done
[dbg     544.5 ms] T4 manual self_product: start
[dbg     544.5 ms] [gust] start
[dbg     544.6 ms] [gust] h2d
[dbg     544.6 ms] ESC: count intermediates begin
[dbg     544.6 ms] [gust] count
[dbg     544.7 ms] [gust] scan
[dbg     544.8 ms] ESC: expand begin (331973 intermediates)
[dbg     544.9 ms] [gust] expand
[dbg     544.9 ms] ESC: sort_by_key begin
[dbg     545.1 ms] [gust] sort
[dbg     545.3 ms] ESC: reduce_by_key begin
[dbg     545.3 ms] [gust] reduce
[dbg     545.5 ms] [gust] final
[dbg     545.6 ms] [gust] pack
[dbg     546.7 ms] [gust] d2h
[dbg     546.9 ms] T4 manual self_product: done (C_nnz=71289)
[dbg     547.2 ms] T5 outer self_product: start
[dbg     547.2 ms] [outer] start
[dbg     547.3 ms] [outer] h2d
[dbg     547.4 ms] [outer] csc
[dbg     547.4 ms] [outer] count
[dbg     547.5 ms] [outer] scan
[dbg     547.7 ms] [outer] expand
[dbg     547.9 ms] [outer] sort
[dbg     548.1 ms] [outer] reduce
[dbg     548.3 ms] [outer] final
[dbg     548.3 ms] [outer] pack
[dbg     549.5 ms] [outer] d2h
[dbg     549.7 ms] T5 outer self_product: done (C_nnz=71289)
[dbg     550.0 ms] T6 colwise self_product: start
[dbg     550.0 ms] [colw] start
[dbg     550.1 ms] [colw] h2d
[dbg     550.2 ms] [colw] csc
[dbg     550.2 ms] [colw] count
[dbg     550.3 ms] [colw] scan
[dbg     550.4 ms] [colw] expand
[dbg     550.8 ms] [colw] sort
[dbg     550.9 ms] [colw] reduce
[dbg     551.1 ms] [colw] final
[dbg     551.1 ms] [colw] pack
[dbg     552.2 ms] [colw] d2h
[dbg     552.5 ms] T6 colwise self_product: done (C_nnz=71289)
[dbg     552.8 ms] T7 inner self_product: start
[dbg     552.8 ms] [inner] start
[dbg     552.9 ms] [inner] h2d
[dbg     553.0 ms] [inner] csc
[dbg     553.0 ms] [inner] count
[dbg     553.1 ms] [inner] scan
[dbg     553.3 ms] [inner] expand
[dbg     553.6 ms] [inner] sort
[dbg     553.7 ms] [inner] reduce
[dbg     553.9 ms] [inner] final
[dbg     554.0 ms] [inner] numeric
[dbg     554.0 ms] [inner] pack
[dbg     555.1 ms] [inner] d2h
[dbg     555.3 ms] T7 inner self_product: done (C_nnz=71289)
Reading matrix from ./data/first100/bcsstk09.mtx...
Input A: 1083 x 1083, nnz = 18437, sparsity = 98.43%
===============WARMING UP===============
=== Computing C = A x A (Manual) ===
Result C: 1083 x 1083, nnz = 71289, sparsity = 93.92%
Time: 2.425 ms

=== Computing C = A x A (Outer) ===
Result C: 1083 x 1083, nnz = 71289, sparsity = 93.92%
Time: 2.524 ms

=== Computing C = A x A (Colwise) ===
Result C: 1083 x 1083, nnz = 71289, sparsity = 93.92%
Time: 2.527 ms

=== Computing C = A x A (Inner) ===
Result C: 1083 x 1083, nnz = 71289, sparsity = 93.92%
Time: 2.534 ms

=== All tests completed ===
Processing bcsstk10 ... (max 600s)
[dbg       0.0 ms] main entry, initializing CUDA context...
[dbg     484.1 ms] CUDA context ready
[dbg     484.3 ms] start read_matrix_market: ./data/first100/bcsstk10.mtx
[dbg     487.8 ms] read done: 1086 x 1086, nnz=22070
[dbg     487.8 ms] [cu] start
[dbg     495.9 ms] [cu] h2d (180908 B)
[dbg     495.9 ms] cusparse: workEstimation begin
[dbg     520.3 ms] [cu] workest (buf1=266159 B)
[dbg     520.3 ms] cusparse: compute begin
[dbg     521.1 ms] [cu] compute (buf2=11602183 B)
[dbg     521.1 ms] cusparse: C size = 1086 x 1086, nnz=54504
[dbg     521.2 ms] cusparse: copy begin
[dbg     521.3 ms] [cu] copy
[dbg     521.3 ms] [cu] pack
[dbg     522.8 ms] self_product: C D2H begin (440380 B)
[dbg     522.9 ms] [cu] d2h
[dbg     523.3 ms] [gust] start
[dbg     523.5 ms] [gust] h2d
[dbg     523.5 ms] ESC: count intermediates begin
[dbg     525.0 ms] [gust] count
[dbg     525.3 ms] [gust] scan
[dbg     525.5 ms] ESC: expand begin (482794 intermediates)
[dbg     525.5 ms] [gust] expand
[dbg     525.5 ms] ESC: sort_by_key begin
[dbg     526.0 ms] [gust] sort
[dbg     526.1 ms] ESC: reduce_by_key begin
[dbg     526.3 ms] [gust] reduce
[dbg     526.7 ms] [gust] final
[dbg     526.7 ms] [gust] pack
[dbg     527.9 ms] [gust] d2h
[dbg     528.4 ms] [outer] start
[dbg     528.6 ms] [outer] h2d
[dbg     530.4 ms] [outer] csc
[dbg     530.4 ms] [outer] count
[dbg     530.5 ms] [outer] scan
[dbg     530.7 ms] [outer] expand
[dbg     531.0 ms] [outer] sort
[dbg     531.2 ms] [outer] reduce
[dbg     531.4 ms] [outer] final
[dbg     531.4 ms] [outer] pack
[dbg     532.5 ms] [outer] d2h
[dbg     533.1 ms] [colw] start
[dbg     533.3 ms] [colw] h2d
[dbg     533.4 ms] [colw] csc
[dbg     533.4 ms] [colw] count
[dbg     533.5 ms] [colw] scan
[dbg     533.8 ms] [colw] expand
[dbg     534.1 ms] [colw] sort
[dbg     534.3 ms] [colw] reduce
[dbg     534.4 ms] [colw] final
[dbg     534.5 ms] [colw] pack
[dbg     535.7 ms] [colw] d2h
[dbg     536.3 ms] [inner] start
[dbg     536.4 ms] [inner] h2d
[dbg     536.5 ms] [inner] csc
[dbg     536.5 ms] [inner] count
[dbg     536.6 ms] [inner] scan
[dbg     536.8 ms] [inner] expand
[dbg     537.1 ms] [inner] sort
[dbg     537.2 ms] [inner] reduce
[dbg     537.4 ms] [inner] final
[dbg     537.6 ms] [inner] numeric
[dbg     537.6 ms] [inner] pack
[dbg     538.6 ms] [inner] d2h
[dbg     539.1 ms] warmup done
[dbg     539.1 ms] T4 manual self_product: start
[dbg     539.1 ms] [gust] start
[dbg     539.3 ms] [gust] h2d
[dbg     539.3 ms] ESC: count intermediates begin
[dbg     539.3 ms] [gust] count
[dbg     539.3 ms] [gust] scan
[dbg     539.5 ms] ESC: expand begin (482794 intermediates)
[dbg     539.5 ms] [gust] expand
[dbg     539.5 ms] ESC: sort_by_key begin
[dbg     539.8 ms] [gust] sort
[dbg     539.9 ms] ESC: reduce_by_key begin
[dbg     540.0 ms] [gust] reduce
[dbg     540.3 ms] [gust] final
[dbg     540.3 ms] [gust] pack
[dbg     541.4 ms] [gust] d2h
[dbg     541.6 ms] T4 manual self_product: done (C_nnz=54504)
[dbg     541.8 ms] T5 outer self_product: start
[dbg     541.8 ms] [outer] start
[dbg     542.0 ms] [outer] h2d
[dbg     542.1 ms] [outer] csc
[dbg     542.1 ms] [outer] count
[dbg     542.1 ms] [outer] scan
[dbg     542.3 ms] [outer] expand
[dbg     542.6 ms] [outer] sort
[dbg     542.8 ms] [outer] reduce
[dbg     542.9 ms] [outer] final
[dbg     542.9 ms] [outer] pack
[dbg     543.9 ms] [outer] d2h
[dbg     544.3 ms] T5 outer self_product: done (C_nnz=54504)
[dbg     544.6 ms] T6 colwise self_product: start
[dbg     544.6 ms] [colw] start
[dbg     544.7 ms] [colw] h2d
[dbg     544.8 ms] [colw] csc
[dbg     544.8 ms] [colw] count
[dbg     544.8 ms] [colw] scan
[dbg     545.0 ms] [colw] expand
[dbg     545.3 ms] [colw] sort
[dbg     545.5 ms] [colw] reduce
[dbg     545.6 ms] [colw] final
[dbg     545.6 ms] [colw] pack
[dbg     546.7 ms] [colw] d2h
[dbg     547.0 ms] T6 colwise self_product: done (C_nnz=54504)
[dbg     547.3 ms] T7 inner self_product: start
[dbg     547.3 ms] [inner] start
[dbg     547.4 ms] [inner] h2d
[dbg     547.5 ms] [inner] csc
[dbg     547.6 ms] [inner] count
[dbg     547.6 ms] [inner] scan
[dbg     547.8 ms] [inner] expand
[dbg     548.1 ms] [inner] sort
[dbg     548.3 ms] [inner] reduce
[dbg     548.4 ms] [inner] final
[dbg     548.6 ms] [inner] numeric
[dbg     548.6 ms] [inner] pack
[dbg     549.6 ms] [inner] d2h
[dbg     549.7 ms] T7 inner self_product: done (C_nnz=54504)
Reading matrix from ./data/first100/bcsstk10.mtx...
Input A: 1086 x 1086, nnz = 22070, sparsity = 98.13%
===============WARMING UP===============
=== Computing C = A x A (Manual) ===
Result C: 1086 x 1086, nnz = 54504, sparsity = 95.38%
Time: 2.422 ms

=== Computing C = A x A (Outer) ===
Result C: 1086 x 1086, nnz = 54504, sparsity = 95.38%
Time: 2.438 ms

=== Computing C = A x A (Colwise) ===
Result C: 1086 x 1086, nnz = 54504, sparsity = 95.38%
Time: 2.445 ms

=== Computing C = A x A (Inner) ===
Result C: 1086 x 1086, nnz = 54504, sparsity = 95.38%
Time: 2.429 ms

=== All tests completed ===
Processing bcsstk11 ... (max 600s)
[dbg       0.0 ms] main entry, initializing CUDA context...
[dbg     479.8 ms] CUDA context ready
[dbg     480.0 ms] start read_matrix_market: ./data/first100/bcsstk11.mtx
[dbg     485.6 ms] read done: 1473 x 1473, nnz=34241
[dbg     485.6 ms] [cu] start
[dbg     493.4 ms] [cu] h2d (279824 B)
[dbg     493.5 ms] cusparse: workEstimation begin
[dbg     517.5 ms] [cu] workest (buf1=412467 B)
[dbg     517.6 ms] cusparse: compute begin
[dbg     518.7 ms] [cu] compute (buf2=20730143 B)
[dbg     518.7 ms] cusparse: C size = 1473 x 1473, nnz=94187
[dbg     518.7 ms] cusparse: copy begin
[dbg     518.8 ms] [cu] copy
[dbg     518.9 ms] [cu] pack
[dbg     520.5 ms] self_product: C D2H begin (759392 B)
[dbg     520.6 ms] [cu] d2h
[dbg     521.2 ms] [gust] start
[dbg     521.3 ms] [gust] h2d
[dbg     521.3 ms] ESC: count intermediates begin
[dbg     522.8 ms] [gust] count
[dbg     522.9 ms] [gust] scan
[dbg     523.1 ms] ESC: expand begin (862795 intermediates)
[dbg     523.2 ms] [gust] expand
[dbg     523.2 ms] ESC: sort_by_key begin
[dbg     523.7 ms] [gust] sort
[dbg     523.9 ms] ESC: reduce_by_key begin
[dbg     524.1 ms] [gust] reduce
[dbg     524.5 ms] [gust] final
[dbg     524.5 ms] [gust] pack
[dbg     525.8 ms] [gust] d2h
[dbg     526.2 ms] [outer] start
[dbg     526.4 ms] [outer] h2d
[dbg     528.2 ms] [outer] csc
[dbg     528.2 ms] [outer] count
[dbg     528.2 ms] [outer] scan
[dbg     528.5 ms] [outer] expand
[dbg     528.8 ms] [outer] sort
[dbg     529.0 ms] [outer] reduce
[dbg     529.3 ms] [outer] final
[dbg     529.4 ms] [outer] pack
[dbg     530.5 ms] [outer] d2h
[dbg     531.2 ms] [colw] start
[dbg     531.3 ms] [colw] h2d
[dbg     531.4 ms] [colw] csc
[dbg     531.5 ms] [colw] count
[dbg     531.5 ms] [colw] scan
[dbg     531.8 ms] [colw] expand
[dbg     532.2 ms] [colw] sort
[dbg     532.3 ms] [colw] reduce
[dbg     532.6 ms] [colw] final
[dbg     532.6 ms] [colw] pack
[dbg     533.7 ms] [colw] d2h
[dbg     534.4 ms] [inner] start
[dbg     534.5 ms] [inner] h2d
[dbg     534.6 ms] [inner] csc
[dbg     534.6 ms] [inner] count
[dbg     534.7 ms] [inner] scan
[dbg     534.9 ms] [inner] expand
[dbg     535.2 ms] [inner] sort
[dbg     535.4 ms] [inner] reduce
[dbg     535.6 ms] [inner] final
[dbg     535.8 ms] [inner] numeric
[dbg     535.9 ms] [inner] pack
[dbg     536.9 ms] [inner] d2h
[dbg     537.4 ms] warmup done
[dbg     537.4 ms] T4 manual self_product: start
[dbg     537.4 ms] [gust] start
[dbg     537.5 ms] [gust] h2d
[dbg     537.5 ms] ESC: count intermediates begin
[dbg     537.6 ms] [gust] count
[dbg     537.6 ms] [gust] scan
[dbg     537.8 ms] ESC: expand begin (862795 intermediates)
[dbg     537.8 ms] [gust] expand
[dbg     537.8 ms] ESC: sort_by_key begin
[dbg     538.2 ms] [gust] sort
[dbg     538.3 ms] ESC: reduce_by_key begin
[dbg     538.3 ms] [gust] reduce
[dbg     538.7 ms] [gust] final
[dbg     538.7 ms] [gust] pack
[dbg     539.7 ms] [gust] d2h
[dbg     539.8 ms] T4 manual self_product: done (C_nnz=94187)
[dbg     540.1 ms] T5 outer self_product: start
[dbg     540.1 ms] [outer] start
[dbg     540.2 ms] [outer] h2d
[dbg     540.3 ms] [outer] csc
[dbg     540.4 ms] [outer] count
[dbg     540.4 ms] [outer] scan
[dbg     540.6 ms] [outer] expand
[dbg     540.9 ms] [outer] sort
[dbg     541.1 ms] [outer] reduce
[dbg     541.4 ms] [outer] final
[dbg     541.4 ms] [outer] pack
[dbg     542.4 ms] [outer] d2h
[dbg     542.8 ms] T5 outer self_product: done (C_nnz=94187)
[dbg     543.1 ms] T6 colwise self_product: start
[dbg     543.1 ms] [colw] start
[dbg     543.2 ms] [colw] h2d
[dbg     543.3 ms] [colw] csc
[dbg     543.3 ms] [colw] count
[dbg     543.3 ms] [colw] scan
[dbg     543.5 ms] [colw] expand
[dbg     543.9 ms] [colw] sort
[dbg     544.1 ms] [colw] reduce
[dbg     544.3 ms] [colw] final
[dbg     544.4 ms] [colw] pack
[dbg     545.4 ms] [colw] d2h
[dbg     545.8 ms] T6 colwise self_product: done (C_nnz=94187)
[dbg     546.0 ms] T7 inner self_product: start
[dbg     546.1 ms] [inner] start
[dbg     546.2 ms] [inner] h2d
[dbg     546.3 ms] [inner] csc
[dbg     546.3 ms] [inner] count
[dbg     546.3 ms] [inner] scan
[dbg     546.5 ms] [inner] expand
[dbg     546.9 ms] [inner] sort
[dbg     547.0 ms] [inner] reduce
[dbg     547.3 ms] [inner] final
[dbg     547.5 ms] [inner] numeric
[dbg     547.5 ms] [inner] pack
[dbg     548.5 ms] [inner] d2h
[dbg     548.7 ms] T7 inner self_product: done (C_nnz=94187)
Reading matrix from ./data/first100/bcsstk11.mtx...
Input A: 1473 x 1473, nnz = 34241, sparsity = 98.42%
===============WARMING UP===============
=== Computing C = A x A (Manual) ===
Result C: 1473 x 1473, nnz = 94187, sparsity = 95.66%
Time: 2.404 ms

=== Computing C = A x A (Outer) ===
Result C: 1473 x 1473, nnz = 94187, sparsity = 95.66%
Time: 2.671 ms

=== Computing C = A x A (Colwise) ===
Result C: 1473 x 1473, nnz = 94187, sparsity = 95.66%
Time: 2.716 ms

=== Computing C = A x A (Inner) ===
Result C: 1473 x 1473, nnz = 94187, sparsity = 95.66%
Time: 2.659 ms

=== All tests completed ===
Processing bcsstk12 ... (max 600s)
[dbg       0.0 ms] main entry, initializing CUDA context...
[dbg     482.7 ms] CUDA context ready
[dbg     482.8 ms] start read_matrix_market: ./data/first100/bcsstk12.mtx
[dbg     488.2 ms] read done: 1473 x 1473, nnz=34241
[dbg     488.2 ms] [cu] start
[dbg     495.4 ms] [cu] h2d (279824 B)
[dbg     495.5 ms] cusparse: workEstimation begin
[dbg     516.3 ms] [cu] workest (buf1=412467 B)
[dbg     516.3 ms] cusparse: compute begin
[dbg     517.2 ms] [cu] compute (buf2=20730143 B)
[dbg     517.2 ms] cusparse: C size = 1473 x 1473, nnz=94187
[dbg     517.2 ms] cusparse: copy begin
[dbg     517.3 ms] [cu] copy
[dbg     517.4 ms] [cu] pack
[dbg     518.5 ms] self_product: C D2H begin (759392 B)
[dbg     518.5 ms] [cu] d2h
[dbg     519.0 ms] [gust] start
[dbg     519.1 ms] [gust] h2d
[dbg     519.1 ms] ESC: count intermediates begin
[dbg     520.4 ms] [gust] count
[dbg     520.5 ms] [gust] scan
[dbg     520.6 ms] ESC: expand begin (862795 intermediates)
[dbg     520.7 ms] [gust] expand
[dbg     520.7 ms] ESC: sort_by_key begin
[dbg     521.1 ms] [gust] sort
[dbg     521.2 ms] ESC: reduce_by_key begin
[dbg     521.4 ms] [gust] reduce
[dbg     521.7 ms] [gust] final
[dbg     521.7 ms] [gust] pack
[dbg     522.6 ms] [gust] d2h
[dbg     523.0 ms] [outer] start
[dbg     523.1 ms] [outer] h2d
[dbg     524.6 ms] [outer] csc
[dbg     524.6 ms] [outer] count
[dbg     524.7 ms] [outer] scan
[dbg     524.8 ms] [outer] expand
[dbg     525.1 ms] [outer] sort
[dbg     525.3 ms] [outer] reduce
[dbg     525.5 ms] [outer] final
[dbg     525.5 ms] [outer] pack
[dbg     526.3 ms] [outer] d2h
[dbg     526.8 ms] [colw] start
[dbg     526.9 ms] [colw] h2d
[dbg     527.0 ms] [colw] csc
[dbg     527.1 ms] [colw] count
[dbg     527.1 ms] [colw] scan
[dbg     527.4 ms] [colw] expand
[dbg     527.7 ms] [colw] sort
[dbg     527.8 ms] [colw] reduce
[dbg     528.0 ms] [colw] final
[dbg     528.1 ms] [colw] pack
[dbg     529.0 ms] [colw] d2h
[dbg     529.5 ms] [inner] start
[dbg     529.6 ms] [inner] h2d
[dbg     529.7 ms] [inner] csc
[dbg     529.7 ms] [inner] count
[dbg     529.7 ms] [inner] scan
[dbg     529.9 ms] [inner] expand
[dbg     530.2 ms] [inner] sort
[dbg     530.4 ms] [inner] reduce
[dbg     530.5 ms] [inner] final
[dbg     530.7 ms] [inner] numeric
[dbg     530.7 ms] [inner] pack
[dbg     531.5 ms] [inner] d2h
[dbg     531.9 ms] warmup done
[dbg     531.9 ms] T4 manual self_product: start
[dbg     531.9 ms] [gust] start
[dbg     532.0 ms] [gust] h2d
[dbg     532.0 ms] ESC: count intermediates begin
[dbg     532.0 ms] [gust] count
[dbg     532.0 ms] [gust] scan
[dbg     532.2 ms] ESC: expand begin (862795 intermediates)
[dbg     532.2 ms] [gust] expand
[dbg     532.2 ms] ESC: sort_by_key begin
[dbg     532.5 ms] [gust] sort
[dbg     532.6 ms] ESC: reduce_by_key begin
[dbg     532.7 ms] [gust] reduce
[dbg     532.9 ms] [gust] final
[dbg     532.9 ms] [gust] pack
[dbg     533.7 ms] [gust] d2h
[dbg     533.7 ms] T4 manual self_product: done (C_nnz=94187)
[dbg     534.0 ms] T5 outer self_product: start
[dbg     534.0 ms] [outer] start
[dbg     534.1 ms] [outer] h2d
[dbg     534.2 ms] [outer] csc
[dbg     534.2 ms] [outer] count
[dbg     534.2 ms] [outer] scan
[dbg     534.4 ms] [outer] expand
[dbg     534.7 ms] [outer] sort
[dbg     534.8 ms] [outer] reduce
[dbg     535.0 ms] [outer] final
[dbg     535.0 ms] [outer] pack
[dbg     535.8 ms] [outer] d2h
[dbg     536.0 ms] T5 outer self_product: done (C_nnz=94187)
[dbg     536.2 ms] T6 colwise self_product: start
[dbg     536.2 ms] [colw] start
[dbg     536.3 ms] [colw] h2d
[dbg     536.4 ms] [colw] csc
[dbg     536.4 ms] [colw] count
[dbg     536.5 ms] [colw] scan
[dbg     536.6 ms] [colw] expand
[dbg     536.9 ms] [colw] sort
[dbg     537.1 ms] [colw] reduce
[dbg     537.2 ms] [colw] final
[dbg     537.3 ms] [colw] pack
[dbg     538.0 ms] [colw] d2h
[dbg     538.3 ms] T6 colwise self_product: done (C_nnz=94187)
[dbg     538.5 ms] T7 inner self_product: start
[dbg     538.5 ms] [inner] start
[dbg     538.6 ms] [inner] h2d
[dbg     538.7 ms] [inner] csc
[dbg     538.7 ms] [inner] count
[dbg     538.7 ms] [inner] scan
[dbg     538.9 ms] [inner] expand
[dbg     539.2 ms] [inner] sort
[dbg     539.4 ms] [inner] reduce
[dbg     539.5 ms] [inner] final
[dbg     539.7 ms] [inner] numeric
[dbg     539.7 ms] [inner] pack
[dbg     540.4 ms] [inner] d2h
[dbg     540.5 ms] T7 inner self_product: done (C_nnz=94187)
Reading matrix from ./data/first100/bcsstk12.mtx...
Input A: 1473 x 1473, nnz = 34241, sparsity = 98.42%
===============WARMING UP===============
=== Computing C = A x A (Manual) ===
Result C: 1473 x 1473, nnz = 94187, sparsity = 95.66%
Time: 1.851 ms

=== Computing C = A x A (Outer) ===
Result C: 1473 x 1473, nnz = 94187, sparsity = 95.66%
Time: 1.991 ms

=== Computing C = A x A (Colwise) ===
Result C: 1473 x 1473, nnz = 94187, sparsity = 95.66%
Time: 2.025 ms

=== Computing C = A x A (Inner) ===
Result C: 1473 x 1473, nnz = 94187, sparsity = 95.66%
Time: 2.035 ms

=== All tests completed ===
Processing bcsstk13 ... (max 600s)
[dbg       0.0 ms] main entry, initializing CUDA context...
[dbg     479.1 ms] CUDA context ready
[dbg     479.3 ms] start read_matrix_market: ./data/first100/bcsstk13.mtx
[dbg     492.9 ms] read done: 2003 x 2003, nnz=83883
[dbg     493.0 ms] [cu] start
[dbg     501.2 ms] [cu] h2d (679080 B)
[dbg     501.2 ms] cusparse: workEstimation begin
[dbg     528.4 ms] [cu] workest (buf1=1008939 B)
[dbg     528.4 ms] cusparse: compute begin
[dbg     529.7 ms] [cu] compute (buf2=109408847 B)
[dbg     529.7 ms] cusparse: C size = 2003 x 2003, nnz=396773
[dbg     529.9 ms] cusparse: copy begin
[dbg     530.0 ms] [cu] copy
[dbg     530.2 ms] [cu] pack
[dbg     532.5 ms] self_product: C D2H begin (3182200 B)
[dbg     532.8 ms] [cu] d2h
[dbg     533.5 ms] [gust] start
[dbg     533.7 ms] [gust] h2d
[dbg     533.7 ms] ESC: count intermediates begin
[dbg     535.4 ms] [gust] count
[dbg     535.6 ms] [gust] scan
[dbg     535.8 ms] ESC: expand begin (4554541 intermediates)
[dbg     535.9 ms] [gust] expand
[dbg     535.9 ms] ESC: sort_by_key begin
[dbg     536.9 ms] [gust] sort
[dbg     537.0 ms] ESC: reduce_by_key begin
[dbg     537.3 ms] [gust] reduce
[dbg     537.9 ms] [gust] final
[dbg     538.0 ms] [gust] pack
[dbg     540.0 ms] [gust] d2h
[dbg     540.7 ms] [outer] start
[dbg     541.0 ms] [outer] h2d
[dbg     543.1 ms] [outer] csc
[dbg     543.1 ms] [outer] count
[dbg     543.2 ms] [outer] scan
[dbg     543.4 ms] [outer] expand
[dbg     544.3 ms] [outer] sort
[dbg     544.5 ms] [outer] reduce
[dbg     545.0 ms] [outer] final
[dbg     545.1 ms] [outer] pack
[dbg     546.9 ms] [outer] d2h
[dbg     547.7 ms] [colw] start
[dbg     548.0 ms] [colw] h2d
[dbg     548.2 ms] [colw] csc
[dbg     548.3 ms] [colw] count
[dbg     548.3 ms] [colw] scan
[dbg     548.8 ms] [colw] expand
[dbg     549.6 ms] [colw] sort
[dbg     549.8 ms] [colw] reduce
[dbg     550.2 ms] [colw] final
[dbg     550.3 ms] [colw] pack
[dbg     552.1 ms] [colw] d2h
[dbg     552.9 ms] [inner] start
[dbg     553.1 ms] [inner] h2d
[dbg     553.3 ms] [inner] csc
[dbg     553.3 ms] [inner] count
[dbg     553.4 ms] [inner] scan
[dbg     553.7 ms] [inner] expand
[dbg     554.5 ms] [inner] sort
[dbg     554.7 ms] [inner] reduce
[dbg     555.0 ms] [inner] final
[dbg     555.3 ms] [inner] numeric
[dbg     555.4 ms] [inner] pack
[dbg     557.4 ms] [inner] d2h
[dbg     558.1 ms] warmup done
[dbg     558.1 ms] T4 manual self_product: start
[dbg     558.1 ms] [gust] start
[dbg     558.3 ms] [gust] h2d
[dbg     558.3 ms] ESC: count intermediates begin
[dbg     558.4 ms] [gust] count
[dbg     558.5 ms] [gust] scan
[dbg     558.7 ms] ESC: expand begin (4554541 intermediates)
[dbg     558.8 ms] [gust] expand
[dbg     558.8 ms] ESC: sort_by_key begin
[dbg     559.6 ms] [gust] sort
[dbg     559.7 ms] ESC: reduce_by_key begin
[dbg     559.8 ms] [gust] reduce
[dbg     560.3 ms] [gust] final
[dbg     560.4 ms] [gust] pack
[dbg     562.1 ms] [gust] d2h
[dbg     562.4 ms] T4 manual self_product: done (C_nnz=396773)
[dbg     562.7 ms] T5 outer self_product: start
[dbg     562.7 ms] [outer] start
[dbg     563.0 ms] [outer] h2d
[dbg     563.1 ms] [outer] csc
[dbg     563.2 ms] [outer] count
[dbg     563.2 ms] [outer] scan
[dbg     563.5 ms] [outer] expand
[dbg     564.3 ms] [outer] sort
[dbg     564.6 ms] [outer] reduce
[dbg     565.1 ms] [outer] final
[dbg     565.2 ms] [outer] pack
[dbg     566.8 ms] [outer] d2h
[dbg     567.2 ms] T5 outer self_product: done (C_nnz=396773)
[dbg     567.7 ms] T6 colwise self_product: start
[dbg     567.7 ms] [colw] start
[dbg     567.9 ms] [colw] h2d
[dbg     568.1 ms] [colw] csc
[dbg     568.1 ms] [colw] count
[dbg     568.1 ms] [colw] scan
[dbg     568.5 ms] [colw] expand
[dbg     569.3 ms] [colw] sort
[dbg     569.5 ms] [colw] reduce
[dbg     570.0 ms] [colw] final
[dbg     570.1 ms] [colw] pack
[dbg     571.6 ms] [colw] d2h
[dbg     572.1 ms] T6 colwise self_product: done (C_nnz=396773)
[dbg     572.5 ms] T7 inner self_product: start
[dbg     572.5 ms] [inner] start
[dbg     572.7 ms] [inner] h2d
[dbg     572.9 ms] [inner] csc
[dbg     573.0 ms] [inner] count
[dbg     573.0 ms] [inner] scan
[dbg     573.3 ms] [inner] expand
[dbg     574.1 ms] [inner] sort
[dbg     574.4 ms] [inner] reduce
[dbg     574.8 ms] [inner] final
[dbg     575.1 ms] [inner] numeric
[dbg     575.2 ms] [inner] pack
[dbg     576.8 ms] [inner] d2h
[dbg     577.1 ms] T7 inner self_product: done (C_nnz=396773)
Reading matrix from ./data/first100/bcsstk13.mtx...
Input A: 2003 x 2003, nnz = 83883, sparsity = 97.91%
===============WARMING UP===============
=== Computing C = A x A (Manual) ===
Result C: 2003 x 2003, nnz = 396773, sparsity = 90.11%
Time: 4.252 ms

=== Computing C = A x A (Outer) ===
Result C: 2003 x 2003, nnz = 396773, sparsity = 90.11%
Time: 4.512 ms

=== Computing C = A x A (Colwise) ===
Result C: 2003 x 2003, nnz = 396773, sparsity = 90.11%
Time: 4.460 ms

=== Computing C = A x A (Inner) ===
Result C: 2003 x 2003, nnz = 396773, sparsity = 90.11%
Time: 4.552 ms

=== All tests completed ===
Processing bcsstk14 ... (max 600s)
[dbg       0.0 ms] main entry, initializing CUDA context...
[dbg     483.6 ms] CUDA context ready
[dbg     483.8 ms] start read_matrix_market: ./data/first100/bcsstk14.mtx
[dbg     508.6 ms] read done: 1806 x 1806, nnz=63454
[dbg     508.6 ms] [cu] start
[dbg     517.4 ms] [cu] h2d (514860 B)
[dbg     517.4 ms] cusparse: workEstimation begin
[dbg     540.8 ms] [cu] workest (buf1=763535 B)
[dbg     540.8 ms] cusparse: compute begin
[dbg     542.0 ms] [cu] compute (buf2=57514887 B)
[dbg     542.0 ms] cusparse: C size = 1806 x 1806, nnz=195654
[dbg     542.1 ms] cusparse: copy begin
[dbg     542.3 ms] [cu] copy
[dbg     542.4 ms] [cu] pack
[dbg     544.0 ms] self_product: C D2H begin (1572460 B)
[dbg     544.2 ms] [cu] d2h
[dbg     544.7 ms] [gust] start
[dbg     545.0 ms] [gust] h2d
[dbg     545.0 ms] ESC: count intermediates begin
[dbg     546.6 ms] [gust] count
[dbg     546.7 ms] [gust] scan
[dbg     546.9 ms] ESC: expand begin (2394170 intermediates)
[dbg     547.0 ms] [gust] expand
[dbg     547.0 ms] ESC: sort_by_key begin
[dbg     547.7 ms] [gust] sort
[dbg     547.9 ms] ESC: reduce_by_key begin
[dbg     548.1 ms] [gust] reduce
[dbg     548.6 ms] [gust] final
[dbg     548.6 ms] [gust] pack
[dbg     550.0 ms] [gust] d2h
[dbg     550.5 ms] [outer] start
[dbg     550.7 ms] [outer] h2d
[dbg     552.5 ms] [outer] csc
[dbg     552.6 ms] [outer] count
[dbg     552.6 ms] [outer] scan
[dbg     552.9 ms] [outer] expand
[dbg     553.4 ms] [outer] sort
[dbg     553.6 ms] [outer] reduce
[dbg     554.0 ms] [outer] final
[dbg     554.1 ms] [outer] pack
[dbg     555.3 ms] [outer] d2h
[dbg     556.1 ms] [colw] start
[dbg     556.2 ms] [colw] h2d
[dbg     556.4 ms] [colw] csc
[dbg     556.4 ms] [colw] count
[dbg     556.5 ms] [colw] scan
[dbg     556.8 ms] [colw] expand
[dbg     557.3 ms] [colw] sort
[dbg     557.5 ms] [colw] reduce
[dbg     557.8 ms] [colw] final
[dbg     557.9 ms] [colw] pack
[dbg     559.2 ms] [colw] d2h
[dbg     559.9 ms] [inner] start
[dbg     560.1 ms] [inner] h2d
[dbg     560.2 ms] [inner] csc
[dbg     560.3 ms] [inner] count
[dbg     560.3 ms] [inner] scan
[dbg     560.6 ms] [inner] expand
[dbg     561.1 ms] [inner] sort
[dbg     561.3 ms] [inner] reduce
[dbg     561.6 ms] [inner] final
[dbg     561.9 ms] [inner] numeric
[dbg     561.9 ms] [inner] pack
[dbg     563.2 ms] [inner] d2h
[dbg     563.7 ms] warmup done
[dbg     563.8 ms] T4 manual self_product: start
[dbg     563.8 ms] [gust] start
[dbg     563.9 ms] [gust] h2d
[dbg     563.9 ms] ESC: count intermediates begin
[dbg     564.0 ms] [gust] count
[dbg     564.0 ms] [gust] scan
[dbg     564.2 ms] ESC: expand begin (2394170 intermediates)
[dbg     564.2 ms] [gust] expand
[dbg     564.3 ms] ESC: sort_by_key begin
[dbg     564.8 ms] [gust] sort
[dbg     564.9 ms] ESC: reduce_by_key begin
[dbg     565.0 ms] [gust] reduce
[dbg     565.4 ms] [gust] final
[dbg     565.5 ms] [gust] pack
[dbg     566.7 ms] [gust] d2h
[dbg     566.9 ms] T4 manual self_product: done (C_nnz=195654)
[dbg     567.2 ms] T5 outer self_product: start
[dbg     567.2 ms] [outer] start
[dbg     567.4 ms] [outer] h2d
[dbg     567.5 ms] [outer] csc
[dbg     567.5 ms] [outer] count
[dbg     567.6 ms] [outer] scan
[dbg     567.8 ms] [outer] expand
[dbg     568.3 ms] [outer] sort
[dbg     568.5 ms] [outer] reduce
[dbg     568.8 ms] [outer] final
[dbg     568.9 ms] [outer] pack
[dbg     570.2 ms] [outer] d2h
[dbg     570.6 ms] T5 outer self_product: done (C_nnz=195654)
[dbg     570.9 ms] T6 colwise self_product: start
[dbg     570.9 ms] [colw] start
[dbg     571.0 ms] [colw] h2d
[dbg     571.1 ms] [colw] csc
[dbg     571.2 ms] [colw] count
[dbg     571.2 ms] [colw] scan
[dbg     571.4 ms] [colw] expand
[dbg     572.0 ms] [colw] sort
[dbg     572.2 ms] [colw] reduce
[dbg     572.5 ms] [colw] final
[dbg     572.6 ms] [colw] pack
[dbg     573.8 ms] [colw] d2h
[dbg     574.2 ms] T6 colwise self_product: done (C_nnz=195654)
[dbg     574.5 ms] T7 inner self_product: start
[dbg     574.5 ms] [inner] start
[dbg     574.7 ms] [inner] h2d
[dbg     574.8 ms] [inner] csc
[dbg     574.8 ms] [inner] count
[dbg     574.9 ms] [inner] scan
[dbg     575.1 ms] [inner] expand
[dbg     575.6 ms] [inner] sort
[dbg     575.8 ms] [inner] reduce
[dbg     576.1 ms] [inner] final
[dbg     576.3 ms] [inner] numeric
[dbg     576.4 ms] [inner] pack
[dbg     577.6 ms] [inner] d2h
[dbg     577.9 ms] T7 inner self_product: done (C_nnz=195654)
Reading matrix from ./data/first100/bcsstk14.mtx...
Input A: 1806 x 1806, nnz = 63454, sparsity = 98.05%
===============WARMING UP===============
=== Computing C = A x A (Manual) ===
Result C: 1806 x 1806, nnz = 195654, sparsity = 94.00%
Time: 3.160 ms

=== Computing C = A x A (Outer) ===
Result C: 1806 x 1806, nnz = 195654, sparsity = 94.00%
Time: 3.391 ms

=== Computing C = A x A (Colwise) ===
Result C: 1806 x 1806, nnz = 195654, sparsity = 94.00%
Time: 3.338 ms

=== Computing C = A x A (Inner) ===
Result C: 1806 x 1806, nnz = 195654, sparsity = 94.00%
Time: 3.394 ms

=== All tests completed ===
Processing bcsstk15 ... (max 600s)
[dbg       0.0 ms] main entry, initializing CUDA context...
[dbg     488.1 ms] CUDA context ready
[dbg     488.3 ms] start read_matrix_market: ./data/first100/bcsstk15.mtx
[dbg     508.6 ms] read done: 3948 x 3948, nnz=117816
[dbg     508.7 ms] [cu] start
[dbg     516.5 ms] [cu] h2d (958324 B)
[dbg     516.6 ms] cusparse: workEstimation begin
[dbg     543.2 ms] [cu] workest (buf1=1416903 B)
[dbg     543.2 ms] cusparse: compute begin
[dbg     544.7 ms] [cu] compute (buf2=90001511 B)
[dbg     544.7 ms] cusparse: C size = 3948 x 3948, nnz=527688
[dbg     544.8 ms] cusparse: copy begin
[dbg     544.9 ms] [cu] copy
[dbg     545.0 ms] [cu] pack
[dbg     547.9 ms] self_product: C D2H begin (4237300 B)
[dbg     548.3 ms] [cu] d2h
[dbg     549.1 ms] [gust] start
[dbg     549.4 ms] [gust] h2d
[dbg     549.4 ms] ESC: count intermediates begin
[dbg     551.1 ms] [gust] count
[dbg     551.2 ms] [gust] scan
[dbg     551.4 ms] ESC: expand begin (3746606 intermediates)
[dbg     551.5 ms] [gust] expand
[dbg     551.5 ms] ESC: sort_by_key begin
[dbg     552.4 ms] [gust] sort
[dbg     552.6 ms] ESC: reduce_by_key begin
[dbg     552.8 ms] [gust] reduce
[dbg     553.3 ms] [gust] final
[dbg     553.4 ms] [gust] pack
[dbg     556.1 ms] [gust] d2h
[dbg     556.8 ms] [outer] start
[dbg     557.2 ms] [outer] h2d
[dbg     559.1 ms] [outer] csc
[dbg     559.2 ms] [outer] count
[dbg     559.2 ms] [outer] scan
[dbg     559.5 ms] [outer] expand
[dbg     560.2 ms] [outer] sort
[dbg     560.5 ms] [outer] reduce
[dbg     560.9 ms] [outer] final
[dbg     561.0 ms] [outer] pack
[dbg     563.3 ms] [outer] d2h
[dbg     564.3 ms] [colw] start
[dbg     564.6 ms] [colw] h2d
[dbg     564.7 ms] [colw] csc
[dbg     564.8 ms] [colw] count
[dbg     564.8 ms] [colw] scan
[dbg     565.2 ms] [colw] expand
[dbg     565.9 ms] [colw] sort
[dbg     566.1 ms] [colw] reduce
[dbg     566.5 ms] [colw] final
[dbg     566.6 ms] [colw] pack
[dbg     569.2 ms] [colw] d2h
[dbg     570.1 ms] [inner] start
[dbg     570.4 ms] [inner] h2d
[dbg     570.5 ms] [inner] csc
[dbg     570.6 ms] [inner] count
[dbg     570.6 ms] [inner] scan
[dbg     570.9 ms] [inner] expand
[dbg     571.7 ms] [inner] sort
[dbg     571.9 ms] [inner] reduce
[dbg     572.2 ms] [inner] final
[dbg     572.4 ms] [inner] numeric
[dbg     572.6 ms] [inner] pack
[dbg     575.0 ms] [inner] d2h
[dbg     575.8 ms] warmup done
[dbg     575.8 ms] T4 manual self_product: start
[dbg     575.8 ms] [gust] start
[dbg     576.0 ms] [gust] h2d
[dbg     576.0 ms] ESC: count intermediates begin
[dbg     576.1 ms] [gust] count
[dbg     576.1 ms] [gust] scan
[dbg     576.4 ms] ESC: expand begin (3746606 intermediates)
[dbg     576.4 ms] [gust] expand
[dbg     576.4 ms] ESC: sort_by_key begin
[dbg     577.2 ms] [gust] sort
[dbg     577.3 ms] ESC: reduce_by_key begin
[dbg     577.4 ms] [gust] reduce
[dbg     577.9 ms] [gust] final
[dbg     578.0 ms] [gust] pack
[dbg     580.3 ms] [gust] d2h
[dbg     580.6 ms] T4 manual self_product: done (C_nnz=527688)
[dbg     581.1 ms] T5 outer self_product: start
[dbg     581.1 ms] [outer] start
[dbg     581.3 ms] [outer] h2d
[dbg     581.5 ms] [outer] csc
[dbg     581.5 ms] [outer] count
[dbg     581.5 ms] [outer] scan
[dbg     581.8 ms] [outer] expand
[dbg     582.6 ms] [outer] sort
[dbg     582.8 ms] [outer] reduce
[dbg     583.1 ms] [outer] final
[dbg     583.2 ms] [outer] pack
[dbg     585.5 ms] [outer] d2h
[dbg     585.9 ms] T5 outer self_product: done (C_nnz=527688)
[dbg     586.4 ms] T6 colwise self_product: start
[dbg     586.4 ms] [colw] start
[dbg     586.7 ms] [colw] h2d
[dbg     586.8 ms] [colw] csc
[dbg     586.8 ms] [colw] count
[dbg     586.9 ms] [colw] scan
[dbg     587.1 ms] [colw] expand
[dbg     587.9 ms] [colw] sort
[dbg     588.1 ms] [colw] reduce
[dbg     588.4 ms] [colw] final
[dbg     588.5 ms] [colw] pack
[dbg     590.7 ms] [colw] d2h
[dbg     591.1 ms] T6 colwise self_product: done (C_nnz=527688)
[dbg     591.6 ms] T7 inner self_product: start
[dbg     591.6 ms] [inner] start
[dbg     591.8 ms] [inner] h2d
[dbg     592.0 ms] [inner] csc
[dbg     592.0 ms] [inner] count
[dbg     592.0 ms] [inner] scan
[dbg     592.3 ms] [inner] expand
[dbg     593.1 ms] [inner] sort
[dbg     593.2 ms] [inner] reduce
[dbg     593.6 ms] [inner] final
[dbg     593.8 ms] [inner] numeric
[dbg     593.9 ms] [inner] pack
[dbg     596.1 ms] [inner] d2h
[dbg     596.4 ms] T7 inner self_product: done (C_nnz=527688)
Reading matrix from ./data/first100/bcsstk15.mtx...
Input A: 3948 x 3948, nnz = 117816, sparsity = 99.24%
===============WARMING UP===============
=== Computing C = A x A (Manual) ===
Result C: 3948 x 3948, nnz = 527688, sparsity = 96.61%
Time: 4.845 ms

=== Computing C = A x A (Outer) ===
Result C: 3948 x 3948, nnz = 527688, sparsity = 96.61%
Time: 4.855 ms

=== Computing C = A x A (Colwise) ===
Result C: 3948 x 3948, nnz = 527688, sparsity = 96.61%
Time: 4.707 ms

=== Computing C = A x A (Inner) ===
Result C: 3948 x 3948, nnz = 527688, sparsity = 96.61%
Time: 4.818 ms

=== All tests completed ===
Processing bcsstk16 ... (max 600s)
[dbg       0.0 ms] main entry, initializing CUDA context...
[dbg     477.3 ms] CUDA context ready
[dbg     477.4 ms] start read_matrix_market: ./data/first100/bcsstk16.mtx
[dbg     520.2 ms] read done: 4884 x 4884, nnz=290378
[dbg     520.2 ms] [cu] start
[dbg     527.6 ms] [cu] h2d (2342564 B)
[dbg     527.7 ms] cusparse: workEstimation begin
[dbg     547.9 ms] [cu] workest (buf1=3490719 B)
[dbg     547.9 ms] cusparse: compute begin
[dbg     549.7 ms] [cu] compute (buf2=449881831 B)
[dbg     549.7 ms] cusparse: C size = 4884 x 4884, nnz=1038782
[dbg     549.8 ms] cusparse: copy begin
[dbg     549.9 ms] [cu] copy
[dbg     550.0 ms] [cu] pack
[dbg     554.1 ms] self_product: C D2H begin (8329796 B)
[dbg     554.4 ms] [cu] d2h
[dbg     555.5 ms] [gust] start
[dbg     555.9 ms] [gust] h2d
[dbg     555.9 ms] ESC: count intermediates begin
[dbg     557.3 ms] [gust] count
[dbg     557.4 ms] [gust] scan
[dbg     557.5 ms] ESC: expand begin (18728606 intermediates)
[dbg     557.7 ms] [gust] expand
[dbg     557.7 ms] ESC: sort_by_key begin
[dbg     560.3 ms] [gust] sort
[dbg     560.4 ms] ESC: reduce_by_key begin
[dbg     560.7 ms] [gust] reduce
[dbg     561.3 ms] [gust] final
[dbg     561.4 ms] [gust] pack
[dbg     565.0 ms] [gust] d2h
[dbg     566.1 ms] [outer] start
[dbg     566.5 ms] [outer] h2d
[dbg     568.2 ms] [outer] csc
[dbg     568.2 ms] [outer] count
[dbg     568.3 ms] [outer] scan
[dbg     568.6 ms] [outer] expand
[dbg     571.1 ms] [outer] sort
[dbg     571.4 ms] [outer] reduce
[dbg     571.9 ms] [outer] final
[dbg     571.9 ms] [outer] pack
[dbg     575.4 ms] [outer] d2h
[dbg     576.7 ms] [colw] start
[dbg     577.2 ms] [colw] h2d
[dbg     577.5 ms] [colw] csc
[dbg     577.5 ms] [colw] count
[dbg     577.6 ms] [colw] scan
[dbg     577.9 ms] [colw] expand
[dbg     580.4 ms] [colw] sort
[dbg     580.7 ms] [colw] reduce
[dbg     581.1 ms] [colw] final
[dbg     581.2 ms] [colw] pack
[dbg     584.5 ms] [colw] d2h
[dbg     585.8 ms] [inner] start
[dbg     586.3 ms] [inner] h2d
[dbg     586.6 ms] [inner] csc
[dbg     586.6 ms] [inner] count
[dbg     586.6 ms] [inner] scan
[dbg     587.0 ms] [inner] expand
[dbg     589.5 ms] [inner] sort
[dbg     589.8 ms] [inner] reduce
[dbg     590.2 ms] [inner] final
[dbg     590.6 ms] [inner] numeric
[dbg     590.7 ms] [inner] pack
[dbg     594.1 ms] [inner] d2h
[dbg     595.2 ms] warmup done
[dbg     595.2 ms] T4 manual self_product: start
[dbg     595.2 ms] [gust] start
[dbg     595.6 ms] [gust] h2d
[dbg     595.6 ms] ESC: count intermediates begin
[dbg     595.8 ms] [gust] count
[dbg     595.8 ms] [gust] scan
[dbg     596.0 ms] ESC: expand begin (18728606 intermediates)
[dbg     596.2 ms] [gust] expand
[dbg     596.2 ms] ESC: sort_by_key begin
[dbg     598.7 ms] [gust] sort
[dbg     598.8 ms] ESC: reduce_by_key begin
[dbg     599.1 ms] [gust] reduce
[dbg     599.6 ms] [gust] final
[dbg     599.7 ms] [gust] pack
[dbg     603.0 ms] [gust] d2h
[dbg     603.4 ms] T4 manual self_product: done (C_nnz=1038782)
[dbg     604.2 ms] T5 outer self_product: start
[dbg     604.2 ms] [outer] start
[dbg     604.5 ms] [outer] h2d
[dbg     604.9 ms] [outer] csc
[dbg     604.9 ms] [outer] count
[dbg     604.9 ms] [outer] scan
[dbg     605.2 ms] [outer] expand
[dbg     607.7 ms] [outer] sort
[dbg     608.0 ms] [outer] reduce
[dbg     608.5 ms] [outer] final
[dbg     608.5 ms] [outer] pack
[dbg     611.8 ms] [outer] d2h
[dbg     612.3 ms] T5 outer self_product: done (C_nnz=1038782)
[dbg     613.1 ms] T6 colwise self_product: start
[dbg     613.1 ms] [colw] start
[dbg     613.5 ms] [colw] h2d
[dbg     614.0 ms] [colw] csc
[dbg     614.0 ms] [colw] count
[dbg     614.0 ms] [colw] scan
[dbg     614.4 ms] [colw] expand
[dbg     616.8 ms] [colw] sort
[dbg     617.2 ms] [colw] reduce
[dbg     617.6 ms] [colw] final
[dbg     617.6 ms] [colw] pack
[dbg     620.9 ms] [colw] d2h
[dbg     621.4 ms] T6 colwise self_product: done (C_nnz=1038782)
[dbg     622.2 ms] T7 inner self_product: start
[dbg     622.2 ms] [inner] start
[dbg     622.6 ms] [inner] h2d
[dbg     622.9 ms] [inner] csc
[dbg     622.9 ms] [inner] count
[dbg     623.0 ms] [inner] scan
[dbg     623.3 ms] [inner] expand
[dbg     625.8 ms] [inner] sort
[dbg     626.1 ms] [inner] reduce
[dbg     626.6 ms] [inner] final
[dbg     626.9 ms] [inner] numeric
[dbg     627.0 ms] [inner] pack
[dbg     630.3 ms] [inner] d2h
[dbg     630.7 ms] T7 inner self_product: done (C_nnz=1038782)
Reading matrix from ./data/first100/bcsstk16.mtx...
Input A: 4884 x 4884, nnz = 290378, sparsity = 98.78%
===============WARMING UP===============
=== Computing C = A x A (Manual) ===
Result C: 4884 x 4884, nnz = 1038782, sparsity = 95.65%
Time: 8.162 ms

=== Computing C = A x A (Outer) ===
Result C: 4884 x 4884, nnz = 1038782, sparsity = 95.65%
Time: 8.168 ms

=== Computing C = A x A (Colwise) ===
Result C: 4884 x 4884, nnz = 1038782, sparsity = 95.65%
Time: 8.243 ms

=== Computing C = A x A (Inner) ===
Result C: 4884 x 4884, nnz = 1038782, sparsity = 95.65%
Time: 8.470 ms

=== All tests completed ===
Processing bcsstk17 ... (max 600s)
[dbg       0.0 ms] main entry, initializing CUDA context...
[dbg     498.3 ms] CUDA context ready
[dbg     498.5 ms] start read_matrix_market: ./data/first100/bcsstk17.mtx
[dbg     581.3 ms] read done: 10974 x 10974, nnz=428650
[dbg     581.4 ms] [cu] start
[dbg     596.6 ms] [cu] h2d (3473100 B)
[dbg     596.9 ms] cusparse: workEstimation begin
[dbg     623.6 ms] [cu] workest (buf1=5152287 B)
[dbg     623.6 ms] cusparse: compute begin
[dbg     626.3 ms] [cu] compute (buf2=464819271 B)
[dbg     626.4 ms] cusparse: C size = 10974 x 10974, nnz=1406936
[dbg     626.5 ms] cusparse: copy begin
[dbg     626.7 ms] [cu] copy
[dbg     626.9 ms] [cu] pack
[dbg     634.5 ms] self_product: C D2H begin (11299388 B)
[dbg     635.5 ms] [cu] d2h
[dbg     637.5 ms] [gust] start
[dbg     638.4 ms] [gust] h2d
[dbg     638.4 ms] ESC: count intermediates begin
[dbg     640.5 ms] [gust] count
[dbg     640.7 ms] [gust] scan
[dbg     640.9 ms] ESC: expand begin (19350466 intermediates)
[dbg     641.2 ms] [gust] expand
[dbg     641.2 ms] ESC: sort_by_key begin
[dbg     644.0 ms] [gust] sort
[dbg     644.2 ms] ESC: reduce_by_key begin
[dbg     644.6 ms] [gust] reduce
[dbg     645.5 ms] [gust] final
[dbg     645.6 ms] [gust] pack
[dbg     653.1 ms] [gust] d2h
[dbg     654.8 ms] [outer] start
[dbg     655.7 ms] [outer] h2d
[dbg     658.1 ms] [outer] csc
[dbg     658.2 ms] [outer] count
[dbg     658.3 ms] [outer] scan
[dbg     658.6 ms] [outer] expand
[dbg     661.3 ms] [outer] sort
[dbg     661.8 ms] [outer] reduce
[dbg     662.4 ms] [outer] final
[dbg     662.5 ms] [outer] pack
[dbg     669.7 ms] [outer] d2h
[dbg     671.7 ms] [colw] start
[dbg     672.6 ms] [colw] h2d
[dbg     673.3 ms] [colw] csc
[dbg     673.4 ms] [colw] count
[dbg     673.5 ms] [colw] scan
[dbg     673.9 ms] [colw] expand
[dbg     676.6 ms] [colw] sort
[dbg     677.0 ms] [colw] reduce
[dbg     677.5 ms] [colw] final
[dbg     677.6 ms] [colw] pack
[dbg     684.8 ms] [colw] d2h
[dbg     686.8 ms] [inner] start
[dbg     687.7 ms] [inner] h2d
[dbg     688.4 ms] [inner] csc
[dbg     688.4 ms] [inner] count
[dbg     688.5 ms] [inner] scan
[dbg     688.8 ms] [inner] expand
[dbg     691.5 ms] [inner] sort
[dbg     691.9 ms] [inner] reduce
[dbg     692.5 ms] [inner] final
[dbg     692.9 ms] [inner] numeric
[dbg     693.1 ms] [inner] pack
[dbg     700.2 ms] [inner] d2h
[dbg     702.0 ms] warmup done
[dbg     702.0 ms] T4 manual self_product: start
[dbg     702.0 ms] [gust] start
[dbg     702.7 ms] [gust] h2d
[dbg     702.8 ms] ESC: count intermediates begin
[dbg     703.1 ms] [gust] count
[dbg     703.2 ms] [gust] scan
[dbg     703.4 ms] ESC: expand begin (19350466 intermediates)
[dbg     703.6 ms] [gust] expand
[dbg     703.6 ms] ESC: sort_by_key begin
[dbg     706.3 ms] [gust] sort
[dbg     706.5 ms] ESC: reduce_by_key begin
[dbg     706.7 ms] [gust] reduce
[dbg     707.5 ms] [gust] final
[dbg     707.6 ms] [gust] pack
[dbg     714.8 ms] [gust] d2h
[dbg     715.3 ms] T4 manual self_product: done (C_nnz=1406936)
[dbg     716.5 ms] T5 outer self_product: start
[dbg     716.5 ms] [outer] start
[dbg     717.3 ms] [outer] h2d
[dbg     717.9 ms] [outer] csc
[dbg     717.9 ms] [outer] count
[dbg     718.0 ms] [outer] scan
[dbg     718.3 ms] [outer] expand
[dbg     721.0 ms] [outer] sort
[dbg     721.4 ms] [outer] reduce
[dbg     722.0 ms] [outer] final
[dbg     722.1 ms] [outer] pack
[dbg     729.2 ms] [outer] d2h
[dbg     729.9 ms] T5 outer self_product: done (C_nnz=1406936)
[dbg     731.2 ms] T6 colwise self_product: start
[dbg     731.2 ms] [colw] start
[dbg     732.0 ms] [colw] h2d
[dbg     732.6 ms] [colw] csc
[dbg     732.6 ms] [colw] count
[dbg     732.7 ms] [colw] scan
[dbg     733.0 ms] [colw] expand
[dbg     735.7 ms] [colw] sort
[dbg     736.1 ms] [colw] reduce
[dbg     736.6 ms] [colw] final
[dbg     736.7 ms] [colw] pack
[dbg     743.8 ms] [colw] d2h
[dbg     744.6 ms] T6 colwise self_product: done (C_nnz=1406936)
[dbg     745.9 ms] T7 inner self_product: start
[dbg     745.9 ms] [inner] start
[dbg     746.6 ms] [inner] h2d
[dbg     747.3 ms] [inner] csc
[dbg     747.3 ms] [inner] count
[dbg     747.4 ms] [inner] scan
[dbg     747.7 ms] [inner] expand
[dbg     750.4 ms] [inner] sort
[dbg     750.8 ms] [inner] reduce
[dbg     751.3 ms] [inner] final
[dbg     751.7 ms] [inner] numeric
[dbg     751.9 ms] [inner] pack
[dbg     759.0 ms] [inner] d2h
[dbg     759.5 ms] T7 inner self_product: done (C_nnz=1406936)
Reading matrix from ./data/first100/bcsstk17.mtx...
Input A: 10974 x 10974, nnz = 428650, sparsity = 99.64%
===============WARMING UP===============
=== Computing C = A x A (Manual) ===
Result C: 10974 x 10974, nnz = 1406936, sparsity = 98.83%
Time: 13.270 ms

=== Computing C = A x A (Outer) ===
Result C: 10974 x 10974, nnz = 1406936, sparsity = 98.83%
Time: 13.419 ms

=== Computing C = A x A (Colwise) ===
Result C: 10974 x 10974, nnz = 1406936, sparsity = 98.83%
Time: 13.427 ms

=== Computing C = A x A (Inner) ===
Result C: 10974 x 10974, nnz = 1406936, sparsity = 98.83%
Time: 13.634 ms

=== All tests completed ===
Processing bcsstk18 ... (max 600s)
[dbg       0.0 ms] main entry, initializing CUDA context...
[dbg     483.2 ms] CUDA context ready
[dbg     483.3 ms] start read_matrix_market: ./data/first100/bcsstk18.mtx
[dbg     512.5 ms] read done: 11948 x 11948, nnz=149090
[dbg     512.6 ms] [cu] start
[dbg     520.3 ms] [cu] h2d (1240516 B)
[dbg     520.4 ms] cusparse: workEstimation begin
[dbg     546.4 ms] [cu] workest (buf1=1792703 B)
[dbg     546.4 ms] cusparse: compute begin
[dbg     547.7 ms] [cu] compute (buf2=61420527 B)
[dbg     547.7 ms] cusparse: C size = 11948 x 11948, nnz=713208
[dbg     547.9 ms] cusparse: copy begin
[dbg     548.0 ms] [cu] copy
[dbg     548.2 ms] [cu] pack
[dbg     551.9 ms] self_product: C D2H begin (5753460 B)
[dbg     552.4 ms] [cu] d2h
[dbg     553.3 ms] [gust] start
[dbg     553.8 ms] [gust] h2d
[dbg     553.8 ms] ESC: count intermediates begin
[dbg     555.3 ms] [gust] count
[dbg     555.5 ms] [gust] scan
[dbg     555.7 ms] ESC: expand begin (2554954 intermediates)
[dbg     555.8 ms] [gust] expand
[dbg     555.8 ms] ESC: sort_by_key begin
[dbg     556.5 ms] [gust] sort
[dbg     556.7 ms] ESC: reduce_by_key begin
[dbg     556.9 ms] [gust] reduce
[dbg     557.5 ms] [gust] final
[dbg     557.6 ms] [gust] pack
[dbg     561.3 ms] [gust] d2h
[dbg     562.3 ms] [outer] start
[dbg     562.7 ms] [outer] h2d
[dbg     564.7 ms] [outer] csc
[dbg     564.8 ms] [outer] count
[dbg     564.8 ms] [outer] scan
[dbg     565.1 ms] [outer] expand
[dbg     565.7 ms] [outer] sort
[dbg     565.9 ms] [outer] reduce
[dbg     566.3 ms] [outer] final
[dbg     566.5 ms] [outer] pack
[dbg     570.0 ms] [outer] d2h
[dbg     571.2 ms] [colw] start
[dbg     571.6 ms] [colw] h2d
[dbg     571.9 ms] [colw] csc
[dbg     572.0 ms] [colw] count
[dbg     572.1 ms] [colw] scan
[dbg     572.3 ms] [colw] expand
[dbg     572.9 ms] [colw] sort
[dbg     573.1 ms] [colw] reduce
[dbg     573.5 ms] [colw] final
[dbg     573.6 ms] [colw] pack
[dbg     577.1 ms] [colw] d2h
[dbg     578.3 ms] [inner] start
[dbg     578.6 ms] [inner] h2d
[dbg     579.0 ms] [inner] csc
[dbg     579.0 ms] [inner] count
[dbg     579.1 ms] [inner] scan
[dbg     579.4 ms] [inner] expand
[dbg     580.0 ms] [inner] sort
[dbg     580.3 ms] [inner] reduce
[dbg     580.6 ms] [inner] final
[dbg     580.9 ms] [inner] numeric
[dbg     581.0 ms] [inner] pack
[dbg     584.5 ms] [inner] d2h
[dbg     585.5 ms] warmup done
[dbg     585.5 ms] T4 manual self_product: start
[dbg     585.5 ms] [gust] start
[dbg     585.8 ms] [gust] h2d
[dbg     585.8 ms] ESC: count intermediates begin
[dbg     585.8 ms] [gust] count
[dbg     585.9 ms] [gust] scan
[dbg     586.2 ms] ESC: expand begin (2554954 intermediates)
[dbg     586.2 ms] [gust] expand
[dbg     586.2 ms] ESC: sort_by_key begin
[dbg     586.8 ms] [gust] sort
[dbg     586.9 ms] ESC: reduce_by_key begin
[dbg     587.0 ms] [gust] reduce
[dbg     587.5 ms] [gust] final
[dbg     587.6 ms] [gust] pack
[dbg     591.1 ms] [gust] d2h
[dbg     591.5 ms] T4 manual self_product: done (C_nnz=713208)
[dbg     592.1 ms] T5 outer self_product: start
[dbg     592.1 ms] [outer] start
[dbg     592.4 ms] [outer] h2d
[dbg     592.7 ms] [outer] csc
[dbg     592.7 ms] [outer] count
[dbg     592.8 ms] [outer] scan
[dbg     593.0 ms] [outer] expand
[dbg     593.6 ms] [outer] sort
[dbg     593.8 ms] [outer] reduce
[dbg     594.2 ms] [outer] final
[dbg     594.3 ms] [outer] pack
[dbg     597.8 ms] [outer] d2h
[dbg     598.4 ms] T5 outer self_product: done (C_nnz=713208)
[dbg     599.0 ms] T6 colwise self_product: start
[dbg     599.0 ms] [colw] start
[dbg     599.3 ms] [colw] h2d
[dbg     599.6 ms] [colw] csc
[dbg     599.7 ms] [colw] count
[dbg     599.7 ms] [colw] scan
[dbg     599.9 ms] [colw] expand
[dbg     600.5 ms] [colw] sort
[dbg     600.7 ms] [colw] reduce
[dbg     601.1 ms] [colw] final
[dbg     601.2 ms] [colw] pack
[dbg     604.6 ms] [colw] d2h
[dbg     605.2 ms] T6 colwise self_product: done (C_nnz=713208)
[dbg     605.8 ms] T7 inner self_product: start
[dbg     605.8 ms] [inner] start
[dbg     606.1 ms] [inner] h2d
[dbg     606.4 ms] [inner] csc
[dbg     606.5 ms] [inner] count
[dbg     606.5 ms] [inner] scan
[dbg     606.7 ms] [inner] expand
[dbg     607.3 ms] [inner] sort
[dbg     607.5 ms] [inner] reduce
[dbg     607.9 ms] [inner] final
[dbg     608.1 ms] [inner] numeric
[dbg     608.2 ms] [inner] pack
[dbg     611.7 ms] [inner] d2h
[dbg     612.1 ms] T7 inner self_product: done (C_nnz=713208)
Reading matrix from ./data/first100/bcsstk18.mtx...
Input A: 11948 x 11948, nnz = 149090, sparsity = 99.90%
===============WARMING UP===============
=== Computing C = A x A (Manual) ===
Result C: 11948 x 11948, nnz = 713208, sparsity = 99.50%
Time: 5.984 ms

=== Computing C = A x A (Outer) ===
Result C: 11948 x 11948, nnz = 713208, sparsity = 99.50%
Time: 6.327 ms

=== Computing C = A x A (Colwise) ===
Result C: 11948 x 11948, nnz = 713208, sparsity = 99.50%
Time: 6.226 ms

=== Computing C = A x A (Inner) ===
Result C: 11948 x 11948, nnz = 713208, sparsity = 99.50%
Time: 6.291 ms

=== All tests completed ===
Processing bcsstk19 ... (max 600s)
[dbg       0.0 ms] main entry, initializing CUDA context...
[dbg     476.5 ms] CUDA context ready
[dbg     476.7 ms] start read_matrix_market: ./data/first100/bcsstk19.mtx
[dbg     477.8 ms] read done: 817 x 817, nnz=6853
[dbg     477.9 ms] [cu] start
[dbg     486.0 ms] [cu] h2d (58096 B)
[dbg     486.1 ms] cusparse: workEstimation begin
[dbg     510.1 ms] [cu] workest (buf1=83299 B)
[dbg     510.1 ms] cusparse: compute begin
[dbg     510.8 ms] [cu] compute (buf2=1496439 B)
[dbg     510.8 ms] cusparse: C size = 817 x 817, nnz=18305
[dbg     510.8 ms] cusparse: copy begin
[dbg     510.9 ms] [cu] copy
[dbg     510.9 ms] [cu] pack
[dbg     512.3 ms] self_product: C D2H begin (149712 B)
[dbg     512.4 ms] [cu] d2h
[dbg     512.9 ms] [gust] start
[dbg     513.0 ms] [gust] h2d
[dbg     513.0 ms] ESC: count intermediates begin
[dbg     514.5 ms] [gust] count
[dbg     514.8 ms] [gust] scan
[dbg     514.8 ms] ESC: expand begin (61829 intermediates)
[dbg     514.8 ms] [gust] expand
[dbg     514.8 ms] ESC: sort_by_key begin
[dbg     515.1 ms] [gust] sort
[dbg     515.1 ms] ESC: reduce_by_key begin
[dbg     515.3 ms] [gust] reduce
[dbg     515.4 ms] [gust] final
[dbg     515.4 ms] [gust] pack
[dbg     516.8 ms] [gust] d2h
[dbg     517.2 ms] [outer] start
[dbg     517.3 ms] [outer] h2d
[dbg     519.1 ms] [outer] csc
[dbg     519.1 ms] [outer] count
[dbg     519.2 ms] [outer] scan
[dbg     519.2 ms] [outer] expand
[dbg     519.3 ms] [outer] sort
[dbg     519.4 ms] [outer] reduce
[dbg     519.5 ms] [outer] final
[dbg     519.5 ms] [outer] pack
[dbg     520.6 ms] [outer] d2h
[dbg     521.0 ms] [colw] start
[dbg     521.2 ms] [colw] h2d
[dbg     521.3 ms] [colw] csc
[dbg     521.3 ms] [colw] count
[dbg     521.4 ms] [colw] scan
[dbg     521.4 ms] [colw] expand
[dbg     521.6 ms] [colw] sort
[dbg     521.6 ms] [colw] reduce
[dbg     521.7 ms] [colw] final
[dbg     521.7 ms] [colw] pack
[dbg     522.6 ms] [colw] d2h
[dbg     523.0 ms] [inner] start
[dbg     523.2 ms] [inner] h2d
[dbg     523.3 ms] [inner] csc
[dbg     523.3 ms] [inner] count
[dbg     523.3 ms] [inner] scan
[dbg     523.4 ms] [inner] expand
[dbg     523.5 ms] [inner] sort
[dbg     523.6 ms] [inner] reduce
[dbg     523.6 ms] [inner] final
[dbg     523.7 ms] [inner] numeric
[dbg     523.7 ms] [inner] pack
[dbg     524.6 ms] [inner] d2h
[dbg     525.0 ms] warmup done
[dbg     525.0 ms] T4 manual self_product: start
[dbg     525.0 ms] [gust] start
[dbg     525.1 ms] [gust] h2d
[dbg     525.1 ms] ESC: count intermediates begin
[dbg     525.1 ms] [gust] count
[dbg     525.2 ms] [gust] scan
[dbg     525.2 ms] ESC: expand begin (61829 intermediates)
[dbg     525.2 ms] [gust] expand
[dbg     525.2 ms] ESC: sort_by_key begin
[dbg     525.4 ms] [gust] sort
[dbg     525.4 ms] ESC: reduce_by_key begin
[dbg     525.4 ms] [gust] reduce
[dbg     525.5 ms] [gust] final
[dbg     525.5 ms] [gust] pack
[dbg     526.4 ms] [gust] d2h
[dbg     526.5 ms] T4 manual self_product: done (C_nnz=18305)
[dbg     526.8 ms] T5 outer self_product: start
[dbg     526.8 ms] [outer] start
[dbg     526.9 ms] [outer] h2d
[dbg     527.0 ms] [outer] csc
[dbg     527.0 ms] [outer] count
[dbg     527.1 ms] [outer] scan
[dbg     527.1 ms] [outer] expand
[dbg     527.2 ms] [outer] sort
[dbg     527.3 ms] [outer] reduce
[dbg     527.3 ms] [outer] final
[dbg     527.3 ms] [outer] pack
[dbg     528.2 ms] [outer] d2h
[dbg     528.3 ms] T5 outer self_product: done (C_nnz=18305)
[dbg     528.7 ms] T6 colwise self_product: start
[dbg     528.7 ms] [colw] start
[dbg     528.8 ms] [colw] h2d
[dbg     528.9 ms] [colw] csc
[dbg     528.9 ms] [colw] count
[dbg     529.0 ms] [colw] scan
[dbg     529.0 ms] [colw] expand
[dbg     529.1 ms] [colw] sort
[dbg     529.2 ms] [colw] reduce
[dbg     529.2 ms] [colw] final
[dbg     529.3 ms] [colw] pack
[dbg     530.1 ms] [colw] d2h
[dbg     530.2 ms] T6 colwise self_product: done (C_nnz=18305)
[dbg     530.5 ms] T7 inner self_product: start
[dbg     530.5 ms] [inner] start
[dbg     530.7 ms] [inner] h2d
[dbg     530.7 ms] [inner] csc
[dbg     530.8 ms] [inner] count
[dbg     530.8 ms] [inner] scan
[dbg     530.8 ms] [inner] expand
[dbg     531.0 ms] [inner] sort
[dbg     531.0 ms] [inner] reduce
[dbg     531.1 ms] [inner] final
[dbg     531.1 ms] [inner] numeric
[dbg     531.1 ms] [inner] pack
[dbg     532.0 ms] [inner] d2h
[dbg     532.1 ms] T7 inner self_product: done (C_nnz=18305)
Reading matrix from ./data/first100/bcsstk19.mtx...
Input A: 817 x 817, nnz = 6853, sparsity = 98.97%
===============WARMING UP===============
=== Computing C = A x A (Manual) ===
Result C: 817 x 817, nnz = 18305, sparsity = 97.26%
Time: 1.511 ms

=== Computing C = A x A (Outer) ===
Result C: 817 x 817, nnz = 18305, sparsity = 97.26%
Time: 1.546 ms

=== Computing C = A x A (Colwise) ===
Result C: 817 x 817, nnz = 18305, sparsity = 97.26%
Time: 1.576 ms

=== Computing C = A x A (Inner) ===
Result C: 817 x 817, nnz = 18305, sparsity = 97.26%
Time: 1.576 ms

=== All tests completed ===
Processing bcsstk20 ... (max 600s)
[dbg       0.0 ms] main entry, initializing CUDA context...
[dbg     481.2 ms] CUDA context ready
[dbg     481.4 ms] start read_matrix_market: ./data/first100/bcsstk20.mtx
[dbg     482.0 ms] read done: 485 x 485, nnz=3135
[dbg     482.0 ms] [cu] start
[dbg     490.2 ms] [cu] h2d (27024 B)
[dbg     490.3 ms] cusparse: workEstimation begin
[dbg     517.6 ms] [cu] workest (buf1=38683 B)
[dbg     517.6 ms] cusparse: compute begin
[dbg     518.3 ms] [cu] compute (buf2=556559 B)
[dbg     518.4 ms] cusparse: C size = 485 x 485, nnz=5545
[dbg     518.4 ms] cusparse: copy begin
[dbg     518.5 ms] [cu] copy
[dbg     518.5 ms] [cu] pack
[dbg     520.0 ms] self_product: C D2H begin (46304 B)
[dbg     520.0 ms] [cu] d2h
[dbg     520.5 ms] [gust] start
[dbg     520.7 ms] [gust] h2d
[dbg     520.7 ms] ESC: count intermediates begin
[dbg     522.3 ms] [gust] count
[dbg     522.5 ms] [gust] scan
[dbg     522.6 ms] ESC: expand begin (22965 intermediates)
[dbg     522.6 ms] [gust] expand
[dbg     522.6 ms] ESC: sort_by_key begin
[dbg     522.9 ms] [gust] sort
[dbg     522.9 ms] ESC: reduce_by_key begin
[dbg     523.0 ms] [gust] reduce
[dbg     523.1 ms] [gust] final
[dbg     523.1 ms] [gust] pack
[dbg     524.4 ms] [gust] d2h
[dbg     524.8 ms] [outer] start
[dbg     524.9 ms] [outer] h2d
[dbg     526.8 ms] [outer] csc
[dbg     526.8 ms] [outer] count
[dbg     526.8 ms] [outer] scan
[dbg     526.9 ms] [outer] expand
[dbg     527.0 ms] [outer] sort
[dbg     527.1 ms] [outer] reduce
[dbg     527.1 ms] [outer] final
[dbg     527.1 ms] [outer] pack
[dbg     528.2 ms] [outer] d2h
[dbg     528.6 ms] [colw] start
[dbg     528.7 ms] [colw] h2d
[dbg     528.8 ms] [colw] csc
[dbg     528.9 ms] [colw] count
[dbg     528.9 ms] [colw] scan
[dbg     529.0 ms] [colw] expand
[dbg     529.1 ms] [colw] sort
[dbg     529.1 ms] [colw] reduce
[dbg     529.2 ms] [colw] final
[dbg     529.2 ms] [colw] pack
[dbg     530.2 ms] [colw] d2h
[dbg     530.6 ms] [inner] start
[dbg     530.7 ms] [inner] h2d
[dbg     530.8 ms] [inner] csc
[dbg     530.8 ms] [inner] count
[dbg     530.9 ms] [inner] scan
[dbg     530.9 ms] [inner] expand
[dbg     531.0 ms] [inner] sort
[dbg     531.0 ms] [inner] reduce
[dbg     531.1 ms] [inner] final
[dbg     531.1 ms] [inner] numeric
[dbg     531.2 ms] [inner] pack
[dbg     532.0 ms] [inner] d2h
[dbg     532.4 ms] warmup done
[dbg     532.4 ms] T4 manual self_product: start
[dbg     532.4 ms] [gust] start
[dbg     532.5 ms] [gust] h2d
[dbg     532.5 ms] ESC: count intermediates begin
[dbg     532.6 ms] [gust] count
[dbg     532.6 ms] [gust] scan
[dbg     532.6 ms] ESC: expand begin (22965 intermediates)
[dbg     532.6 ms] [gust] expand
[dbg     532.6 ms] ESC: sort_by_key begin
[dbg     532.8 ms] [gust] sort
[dbg     532.8 ms] ESC: reduce_by_key begin
[dbg     532.8 ms] [gust] reduce
[dbg     532.9 ms] [gust] final
[dbg     532.9 ms] [gust] pack
[dbg     533.7 ms] [gust] d2h
[dbg     533.8 ms] T4 manual self_product: done (C_nnz=5545)
[dbg     534.2 ms] T5 outer self_product: start
[dbg     534.2 ms] [outer] start
[dbg     534.3 ms] [outer] h2d
[dbg     534.4 ms] [outer] csc
[dbg     534.4 ms] [outer] count
[dbg     534.5 ms] [outer] scan
[dbg     534.5 ms] [outer] expand
[dbg     534.6 ms] [outer] sort
[dbg     534.6 ms] [outer] reduce
[dbg     534.7 ms] [outer] final
[dbg     534.7 ms] [outer] pack
[dbg     535.5 ms] [outer] d2h
[dbg     535.6 ms] T5 outer self_product: done (C_nnz=5545)
[dbg     535.9 ms] T6 colwise self_product: start
[dbg     535.9 ms] [colw] start
[dbg     536.0 ms] [colw] h2d
[dbg     536.1 ms] [colw] csc
[dbg     536.1 ms] [colw] count
[dbg     536.1 ms] [colw] scan
[dbg     536.2 ms] [colw] expand
[dbg     536.3 ms] [colw] sort
[dbg     536.3 ms] [colw] reduce
[dbg     536.4 ms] [colw] final
[dbg     536.4 ms] [colw] pack
[dbg     537.2 ms] [colw] d2h
[dbg     537.3 ms] T6 colwise self_product: done (C_nnz=5545)
[dbg     537.6 ms] T7 inner self_product: start
[dbg     537.6 ms] [inner] start
[dbg     537.7 ms] [inner] h2d
[dbg     537.8 ms] [inner] csc
[dbg     537.8 ms] [inner] count
[dbg     537.8 ms] [inner] scan
[dbg     537.9 ms] [inner] expand
[dbg     538.0 ms] [inner] sort
[dbg     538.0 ms] [inner] reduce
[dbg     538.1 ms] [inner] final
[dbg     538.1 ms] [inner] numeric
[dbg     538.1 ms] [inner] pack
[dbg     538.9 ms] [inner] d2h
[dbg     539.0 ms] T7 inner self_product: done (C_nnz=5545)
Reading matrix from ./data/first100/bcsstk20.mtx...
Input A: 485 x 485, nnz = 3135, sparsity = 98.67%
===============WARMING UP===============
=== Computing C = A x A (Manual) ===
Result C: 485 x 485, nnz = 5545, sparsity = 97.64%
Time: 1.404 ms

=== Computing C = A x A (Outer) ===
Result C: 485 x 485, nnz = 5545, sparsity = 97.64%
Time: 1.454 ms

=== Computing C = A x A (Colwise) ===
Result C: 485 x 485, nnz = 5545, sparsity = 97.64%
Time: 1.417 ms

=== Computing C = A x A (Inner) ===
Result C: 485 x 485, nnz = 5545, sparsity = 97.64%
Time: 1.392 ms

=== All tests completed ===
Processing bcsstk21 ... (max 600s)
[dbg       0.0 ms] main entry, initializing CUDA context...
[dbg     480.8 ms] CUDA context ready
[dbg     480.9 ms] start read_matrix_market: ./data/first100/bcsstk21.mtx
[dbg     485.2 ms] read done: 3600 x 3600, nnz=26600
[dbg     485.2 ms] [cu] start
[dbg     493.2 ms] [cu] h2d (227204 B)
[dbg     493.3 ms] cusparse: workEstimation begin
[dbg     519.2 ms] [cu] workest (buf1=320519 B)
[dbg     519.2 ms] cusparse: compute begin
[dbg     520.1 ms] [cu] compute (buf2=4862143 B)
[dbg     520.1 ms] cusparse: C size = 3600 x 3600, nnz=93072
[dbg     520.1 ms] cusparse: copy begin
[dbg     520.2 ms] [cu] copy
[dbg     520.2 ms] [cu] pack
[dbg     521.8 ms] self_product: C D2H begin (758980 B)
[dbg     521.9 ms] [cu] d2h
[dbg     522.3 ms] [gust] start
[dbg     522.5 ms] [gust] h2d
[dbg     522.5 ms] ESC: count intermediates begin
[dbg     524.1 ms] [gust] count
[dbg     524.3 ms] [gust] scan
[dbg     524.4 ms] ESC: expand begin (201128 intermediates)
[dbg     524.5 ms] [gust] expand
[dbg     524.5 ms] ESC: sort_by_key begin
[dbg     525.0 ms] [gust] sort
[dbg     525.1 ms] ESC: reduce_by_key begin
[dbg     525.3 ms] [gust] reduce
[dbg     525.4 ms] [gust] final
[dbg     525.4 ms] [gust] pack
[dbg     526.7 ms] [gust] d2h
[dbg     527.2 ms] [outer] start
[dbg     527.4 ms] [outer] h2d
[dbg     530.6 ms] [outer] csc
[dbg     530.7 ms] [outer] count
[dbg     530.7 ms] [outer] scan
[dbg     530.9 ms] [outer] expand
[dbg     531.2 ms] [outer] sort
[dbg     531.4 ms] [outer] reduce
[dbg     531.4 ms] [outer] final
[dbg     531.5 ms] [outer] pack
[dbg     532.9 ms] [outer] d2h
[dbg     533.5 ms] [colw] start
[dbg     533.6 ms] [colw] h2d
[dbg     533.7 ms] [colw] csc
[dbg     533.8 ms] [colw] count
[dbg     533.8 ms] [colw] scan
[dbg     534.1 ms] [colw] expand
[dbg     534.4 ms] [colw] sort
[dbg     534.5 ms] [colw] reduce
[dbg     534.6 ms] [colw] final
[dbg     534.6 ms] [colw] pack
[dbg     535.9 ms] [colw] d2h
[dbg     536.5 ms] [inner] start
[dbg     536.6 ms] [inner] h2d
[dbg     536.7 ms] [inner] csc
[dbg     536.7 ms] [inner] count
[dbg     536.7 ms] [inner] scan
[dbg     536.9 ms] [inner] expand
[dbg     537.2 ms] [inner] sort
[dbg     537.3 ms] [inner] reduce
[dbg     537.4 ms] [inner] final
[dbg     537.4 ms] [inner] numeric
[dbg     537.5 ms] [inner] pack
[dbg     538.5 ms] [inner] d2h
[dbg     539.0 ms] warmup done
[dbg     539.0 ms] T4 manual self_product: start
[dbg     539.0 ms] [gust] start
[dbg     539.2 ms] [gust] h2d
[dbg     539.2 ms] ESC: count intermediates begin
[dbg     539.2 ms] [gust] count
[dbg     539.3 ms] [gust] scan
[dbg     539.4 ms] ESC: expand begin (201128 intermediates)
[dbg     539.4 ms] [gust] expand
[dbg     539.4 ms] ESC: sort_by_key begin
[dbg     539.7 ms] [gust] sort
[dbg     539.7 ms] ESC: reduce_by_key begin
[dbg     539.8 ms] [gust] reduce
[dbg     539.9 ms] [gust] final
[dbg     539.9 ms] [gust] pack
[dbg     540.9 ms] [gust] d2h
[dbg     541.1 ms] T4 manual self_product: done (C_nnz=93072)
[dbg     541.5 ms] T5 outer self_product: start
[dbg     541.5 ms] [outer] start
[dbg     541.6 ms] [outer] h2d
[dbg     541.7 ms] [outer] csc
[dbg     541.7 ms] [outer] count
[dbg     541.8 ms] [outer] scan
[dbg     541.9 ms] [outer] expand
[dbg     542.2 ms] [outer] sort
[dbg     542.4 ms] [outer] reduce
[dbg     542.5 ms] [outer] final
[dbg     542.5 ms] [outer] pack
[dbg     543.6 ms] [outer] d2h
[dbg     543.9 ms] T5 outer self_product: done (C_nnz=93072)
[dbg     544.2 ms] T6 colwise self_product: start
[dbg     544.2 ms] [colw] start
[dbg     544.4 ms] [colw] h2d
[dbg     544.5 ms] [colw] csc
[dbg     544.5 ms] [colw] count
[dbg     544.5 ms] [colw] scan
[dbg     544.7 ms] [colw] expand
[dbg     545.0 ms] [colw] sort
[dbg     545.2 ms] [colw] reduce
[dbg     545.2 ms] [colw] final
[dbg     545.3 ms] [colw] pack
[dbg     546.3 ms] [colw] d2h
[dbg     546.6 ms] T6 colwise self_product: done (C_nnz=93072)
[dbg     547.0 ms] T7 inner self_product: start
[dbg     547.0 ms] [inner] start
[dbg     547.1 ms] [inner] h2d
[dbg     547.2 ms] [inner] csc
[dbg     547.2 ms] [inner] count
[dbg     547.3 ms] [inner] scan
[dbg     547.4 ms] [inner] expand
[dbg     547.7 ms] [inner] sort
[dbg     547.9 ms] [inner] reduce
[dbg     547.9 ms] [inner] final
[dbg     548.0 ms] [inner] numeric
[dbg     548.0 ms] [inner] pack
[dbg     549.2 ms] [inner] d2h
[dbg     549.4 ms] T7 inner self_product: done (C_nnz=93072)
Reading matrix from ./data/first100/bcsstk21.mtx...
Input A: 3600 x 3600, nnz = 26600, sparsity = 99.79%
===============WARMING UP===============
=== Computing C = A x A (Manual) ===
Result C: 3600 x 3600, nnz = 93072, sparsity = 99.28%
Time: 2.107 ms

=== Computing C = A x A (Outer) ===
Result C: 3600 x 3600, nnz = 93072, sparsity = 99.28%
Time: 2.375 ms

=== Computing C = A x A (Colwise) ===
Result C: 3600 x 3600, nnz = 93072, sparsity = 99.28%
Time: 2.382 ms

=== Computing C = A x A (Inner) ===
Result C: 3600 x 3600, nnz = 93072, sparsity = 99.28%
Time: 2.465 ms

=== All tests completed ===
Processing bcsstk22 ... (max 600s)
[dbg       0.0 ms] main entry, initializing CUDA context...
[dbg     478.9 ms] CUDA context ready
[dbg     479.0 ms] start read_matrix_market: ./data/first100/bcsstk22.mtx
[dbg     479.2 ms] read done: 138 x 138, nnz=696
[dbg     479.2 ms] [cu] start
[dbg     487.3 ms] [cu] h2d (6124 B)
[dbg     487.3 ms] cusparse: workEstimation begin
[dbg     512.4 ms] [cu] workest (buf1=9415 B)
[dbg     512.4 ms] cusparse: compute begin
[dbg     513.1 ms] [cu] compute (buf2=100663 B)
[dbg     513.1 ms] cusparse: C size = 138 x 138, nnz=1552
[dbg     513.1 ms] cusparse: copy begin
[dbg     513.2 ms] [cu] copy
[dbg     513.2 ms] [cu] pack
[dbg     514.8 ms] self_product: C D2H begin (12972 B)
[dbg     514.8 ms] [cu] d2h
[dbg     515.3 ms] [gust] start
[dbg     515.4 ms] [gust] h2d
[dbg     515.4 ms] ESC: count intermediates begin
[dbg     517.0 ms] [gust] count
[dbg     517.3 ms] [gust] scan
[dbg     517.3 ms] ESC: expand begin (3980 intermediates)
[dbg     517.3 ms] [gust] expand
[dbg     517.3 ms] ESC: sort_by_key begin
[dbg     517.6 ms] [gust] sort
[dbg     517.6 ms] ESC: reduce_by_key begin
[dbg     517.8 ms] [gust] reduce
[dbg     517.9 ms] [gust] final
[dbg     517.9 ms] [gust] pack
[dbg     519.3 ms] [gust] d2h
[dbg     519.7 ms] [outer] start
[dbg     519.8 ms] [outer] h2d
[dbg     521.5 ms] [outer] csc
[dbg     521.6 ms] [outer] count
[dbg     521.6 ms] [outer] scan
[dbg     521.7 ms] [outer] expand
[dbg     521.8 ms] [outer] sort
[dbg     521.8 ms] [outer] reduce
[dbg     521.9 ms] [outer] final
[dbg     521.9 ms] [outer] pack
[dbg     523.0 ms] [outer] d2h
[dbg     523.4 ms] [colw] start
[dbg     523.5 ms] [colw] h2d
[dbg     523.6 ms] [colw] csc
[dbg     523.7 ms] [colw] count
[dbg     523.7 ms] [colw] scan
[dbg     523.8 ms] [colw] expand
[dbg     523.9 ms] [colw] sort
[dbg     523.9 ms] [colw] reduce
[dbg     524.0 ms] [colw] final
[dbg     524.0 ms] [colw] pack
[dbg     524.9 ms] [colw] d2h
[dbg     525.3 ms] [inner] start
[dbg     525.4 ms] [inner] h2d
[dbg     525.5 ms] [inner] csc
[dbg     525.5 ms] [inner] count
[dbg     525.5 ms] [inner] scan
[dbg     525.6 ms] [inner] expand
[dbg     525.7 ms] [inner] sort
[dbg     525.7 ms] [inner] reduce
[dbg     525.8 ms] [inner] final
[dbg     525.8 ms] [inner] numeric
[dbg     525.8 ms] [inner] pack
[dbg     526.7 ms] [inner] d2h
[dbg     527.1 ms] warmup done
[dbg     527.1 ms] T4 manual self_product: start
[dbg     527.1 ms] [gust] start
[dbg     527.2 ms] [gust] h2d
[dbg     527.2 ms] ESC: count intermediates begin
[dbg     527.3 ms] [gust] count
[dbg     527.3 ms] [gust] scan
[dbg     527.3 ms] ESC: expand begin (3980 intermediates)
[dbg     527.3 ms] [gust] expand
[dbg     527.3 ms] ESC: sort_by_key begin
[dbg     527.4 ms] [gust] sort
[dbg     527.5 ms] ESC: reduce_by_key begin
[dbg     527.5 ms] [gust] reduce
[dbg     527.5 ms] [gust] final
[dbg     527.6 ms] [gust] pack
[dbg     528.4 ms] [gust] d2h
[dbg     528.5 ms] T4 manual self_product: done (C_nnz=1552)
[dbg     528.8 ms] T5 outer self_product: start
[dbg     528.8 ms] [outer] start
[dbg     528.9 ms] [outer] h2d
[dbg     529.0 ms] [outer] csc
[dbg     529.0 ms] [outer] count
[dbg     529.1 ms] [outer] scan
[dbg     529.1 ms] [outer] expand
[dbg     529.2 ms] [outer] sort
[dbg     529.3 ms] [outer] reduce
[dbg     529.3 ms] [outer] final
[dbg     529.3 ms] [outer] pack
[dbg     530.1 ms] [outer] d2h
[dbg     530.3 ms] T5 outer self_product: done (C_nnz=1552)
[dbg     530.6 ms] T6 colwise self_product: start
[dbg     530.6 ms] [colw] start
[dbg     530.7 ms] [colw] h2d
[dbg     530.7 ms] [colw] csc
[dbg     530.8 ms] [colw] count
[dbg     530.8 ms] [colw] scan
[dbg     530.8 ms] [colw] expand
[dbg     530.9 ms] [colw] sort
[dbg     531.0 ms] [colw] reduce
[dbg     531.0 ms] [colw] final
[dbg     531.0 ms] [colw] pack
[dbg     531.9 ms] [colw] d2h
[dbg     532.0 ms] T6 colwise self_product: done (C_nnz=1552)
[dbg     532.3 ms] T7 inner self_product: start
[dbg     532.3 ms] [inner] start
[dbg     532.4 ms] [inner] h2d
[dbg     532.5 ms] [inner] csc
[dbg     532.5 ms] [inner] count
[dbg     532.5 ms] [inner] scan
[dbg     532.6 ms] [inner] expand
[dbg     532.7 ms] [inner] sort
[dbg     532.7 ms] [inner] reduce
[dbg     532.8 ms] [inner] final
[dbg     532.8 ms] [inner] numeric
[dbg     532.8 ms] [inner] pack
[dbg     533.6 ms] [inner] d2h
[dbg     533.7 ms] T7 inner self_product: done (C_nnz=1552)
Reading matrix from ./data/first100/bcsstk22.mtx...
Input A: 138 x 138, nnz = 696, sparsity = 96.35%
===============WARMING UP===============
=== Computing C = A x A (Manual) ===
Result C: 138 x 138, nnz = 1552, sparsity = 91.85%
Time: 1.398 ms

=== Computing C = A x A (Outer) ===
Result C: 138 x 138, nnz = 1552, sparsity = 91.85%
Time: 1.453 ms

=== Computing C = A x A (Colwise) ===
Result C: 138 x 138, nnz = 1552, sparsity = 91.85%
Time: 1.450 ms

=== Computing C = A x A (Inner) ===
Result C: 138 x 138, nnz = 1552, sparsity = 91.85%
Time: 1.438 ms

=== All tests completed ===
Processing bcsstk23 ... (max 600s)
[dbg       0.0 ms] main entry, initializing CUDA context...
[dbg     487.5 ms] CUDA context ready
[dbg     487.7 ms] start read_matrix_market: ./data/first100/bcsstk23.mtx
[dbg     495.5 ms] read done: 3134 x 3134, nnz=45178
[dbg     495.5 ms] [cu] start
[dbg     503.6 ms] [cu] h2d (373964 B)
[dbg     503.7 ms] cusparse: workEstimation begin
[dbg     528.5 ms] [cu] workest (buf1=543967 B)
[dbg     528.5 ms] cusparse: compute begin
[dbg     529.8 ms] [cu] compute (buf2=17442687 B)
[dbg     529.8 ms] cusparse: C size = 3134 x 3134, nnz=220632
[dbg     529.9 ms] cusparse: copy begin
[dbg     530.0 ms] [cu] copy
[dbg     530.1 ms] [cu] pack
[dbg     531.8 ms] self_product: C D2H begin (1777596 B)
[dbg     532.0 ms] [cu] d2h
[dbg     532.5 ms] [gust] start
[dbg     532.7 ms] [gust] h2d
[dbg     532.7 ms] ESC: count intermediates begin
[dbg     534.2 ms] [gust] count
[dbg     534.4 ms] [gust] scan
[dbg     534.6 ms] ESC: expand begin (725488 intermediates)
[dbg     534.6 ms] [gust] expand
[dbg     534.6 ms] ESC: sort_by_key begin
[dbg     535.2 ms] [gust] sort
[dbg     535.3 ms] ESC: reduce_by_key begin
[dbg     535.5 ms] [gust] reduce
[dbg     536.0 ms] [gust] final
[dbg     536.1 ms] [gust] pack
[dbg     537.5 ms] [gust] d2h
[dbg     538.0 ms] [outer] start
[dbg     538.2 ms] [outer] h2d
[dbg     539.9 ms] [outer] csc
[dbg     540.0 ms] [outer] count
[dbg     540.0 ms] [outer] scan
[dbg     540.3 ms] [outer] expand
[dbg     540.6 ms] [outer] sort
[dbg     540.9 ms] [outer] reduce
[dbg     541.2 ms] [outer] final
[dbg     541.3 ms] [outer] pack
[dbg     542.6 ms] [outer] d2h
[dbg     543.3 ms] [colw] start
[dbg     543.5 ms] [colw] h2d
[dbg     543.6 ms] [colw] csc
[dbg     543.7 ms] [colw] count
[dbg     543.7 ms] [colw] scan
[dbg     544.1 ms] [colw] expand
[dbg     544.5 ms] [colw] sort
[dbg     544.7 ms] [colw] reduce
[dbg     545.0 ms] [colw] final
[dbg     545.1 ms] [colw] pack
[dbg     546.4 ms] [colw] d2h
[dbg     547.1 ms] [inner] start
[dbg     547.3 ms] [inner] h2d
[dbg     547.4 ms] [inner] csc
[dbg     547.4 ms] [inner] count
[dbg     547.4 ms] [inner] scan
[dbg     547.7 ms] [inner] expand
[dbg     548.1 ms] [inner] sort
[dbg     548.3 ms] [inner] reduce
[dbg     548.6 ms] [inner] final
[dbg     548.8 ms] [inner] numeric
[dbg     548.9 ms] [inner] pack
[dbg     550.1 ms] [inner] d2h
[dbg     550.7 ms] warmup done
[dbg     550.7 ms] T4 manual self_product: start
[dbg     550.7 ms] [gust] start
[dbg     550.8 ms] [gust] h2d
[dbg     550.8 ms] ESC: count intermediates begin
[dbg     550.9 ms] [gust] count
[dbg     550.9 ms] [gust] scan
[dbg     551.1 ms] ESC: expand begin (725488 intermediates)
[dbg     551.1 ms] [gust] expand
[dbg     551.2 ms] ESC: sort_by_key begin
[dbg     551.5 ms] [gust] sort
[dbg     551.7 ms] ESC: reduce_by_key begin
[dbg     551.7 ms] [gust] reduce
[dbg     552.2 ms] [gust] final
[dbg     552.3 ms] [gust] pack
[dbg     553.4 ms] [gust] d2h
[dbg     553.8 ms] T4 manual self_product: done (C_nnz=220632)
[dbg     554.1 ms] T5 outer self_product: start
[dbg     554.1 ms] [outer] start
[dbg     554.2 ms] [outer] h2d
[dbg     554.3 ms] [outer] csc
[dbg     554.3 ms] [outer] count
[dbg     554.4 ms] [outer] scan
[dbg     554.6 ms] [outer] expand
[dbg     555.0 ms] [outer] sort
[dbg     555.2 ms] [outer] reduce
[dbg     555.5 ms] [outer] final
[dbg     555.6 ms] [outer] pack
[dbg     556.8 ms] [outer] d2h
[dbg     557.2 ms] T5 outer self_product: done (C_nnz=220632)
[dbg     557.5 ms] T6 colwise self_product: start
[dbg     557.5 ms] [colw] start
[dbg     557.6 ms] [colw] h2d
[dbg     557.8 ms] [colw] csc
[dbg     557.8 ms] [colw] count
[dbg     557.8 ms] [colw] scan
[dbg     558.1 ms] [colw] expand
[dbg     558.4 ms] [colw] sort
[dbg     558.6 ms] [colw] reduce
[dbg     558.9 ms] [colw] final
[dbg     559.0 ms] [colw] pack
[dbg     560.2 ms] [colw] d2h
[dbg     560.6 ms] T6 colwise self_product: done (C_nnz=220632)
[dbg     560.9 ms] T7 inner self_product: start
[dbg     560.9 ms] [inner] start
[dbg     561.1 ms] [inner] h2d
[dbg     561.2 ms] [inner] csc
[dbg     561.2 ms] [inner] count
[dbg     561.3 ms] [inner] scan
[dbg     561.5 ms] [inner] expand
[dbg     561.9 ms] [inner] sort
[dbg     562.1 ms] [inner] reduce
[dbg     562.4 ms] [inner] final
[dbg     562.6 ms] [inner] numeric
[dbg     562.7 ms] [inner] pack
[dbg     563.9 ms] [inner] d2h
[dbg     564.1 ms] T7 inner self_product: done (C_nnz=220632)
Reading matrix from ./data/first100/bcsstk23.mtx...
Input A: 3134 x 3134, nnz = 45178, sparsity = 99.54%
===============WARMING UP===============
=== Computing C = A x A (Manual) ===
Result C: 3134 x 3134, nnz = 220632, sparsity = 97.75%
Time: 3.086 ms

=== Computing C = A x A (Outer) ===
Result C: 3134 x 3134, nnz = 220632, sparsity = 97.75%
Time: 3.131 ms

=== Computing C = A x A (Colwise) ===
Result C: 3134 x 3134, nnz = 220632, sparsity = 97.75%
Time: 3.132 ms

=== Computing C = A x A (Inner) ===
Result C: 3134 x 3134, nnz = 220632, sparsity = 97.75%
Time: 3.242 ms

=== All tests completed ===
Processing bcsstk24 ... (max 600s)
[dbg       0.0 ms] main entry, initializing CUDA context...
[dbg     490.7 ms] CUDA context ready
[dbg     490.9 ms] start read_matrix_market: ./data/first100/bcsstk24.mtx
[dbg     517.7 ms] read done: 3562 x 3562, nnz=159910
[dbg     517.8 ms] [cu] start
[dbg     525.8 ms] [cu] h2d (1293532 B)
[dbg     525.8 ms] cusparse: workEstimation begin
[dbg     550.6 ms] [cu] workest (buf1=1922799 B)
[dbg     550.6 ms] cusparse: compute begin
[dbg     552.1 ms] [cu] compute (buf2=183736775 B)
[dbg     552.2 ms] cusparse: C size = 3562 x 3562, nnz=446474
[dbg     552.3 ms] cusparse: copy begin
[dbg     552.4 ms] [cu] copy
[dbg     552.6 ms] [cu] pack
[dbg     555.2 ms] self_product: C D2H begin (3586044 B)
[dbg     555.5 ms] [cu] d2h
[dbg     556.2 ms] [gust] start
[dbg     556.7 ms] [gust] h2d
[dbg     556.7 ms] ESC: count intermediates begin
[dbg     558.3 ms] [gust] count
[dbg     558.5 ms] [gust] scan
[dbg     558.7 ms] ESC: expand begin (7648850 intermediates)
[dbg     558.8 ms] [gust] expand
[dbg     558.8 ms] ESC: sort_by_key begin
[dbg     560.2 ms] [gust] sort
[dbg     560.3 ms] ESC: reduce_by_key begin
[dbg     560.6 ms] [gust] reduce
[dbg     561.3 ms] [gust] final
[dbg     561.4 ms] [gust] pack
[dbg     563.9 ms] [gust] d2h
[dbg     564.7 ms] [outer] start
[dbg     565.1 ms] [outer] h2d
[dbg     567.2 ms] [outer] csc
[dbg     567.2 ms] [outer] count
[dbg     567.3 ms] [outer] scan
[dbg     567.5 ms] [outer] expand
[dbg     568.8 ms] [outer] sort
[dbg     569.1 ms] [outer] reduce
[dbg     569.6 ms] [outer] final
[dbg     569.7 ms] [outer] pack
[dbg     572.3 ms] [outer] d2h
[dbg     573.5 ms] [colw] start
[dbg     573.9 ms] [colw] h2d
[dbg     574.4 ms] [colw] csc
[dbg     574.4 ms] [colw] count
[dbg     574.5 ms] [colw] scan
[dbg     574.8 ms] [colw] expand
[dbg     576.0 ms] [colw] sort
[dbg     576.3 ms] [colw] reduce
[dbg     576.8 ms] [colw] final
[dbg     576.9 ms] [colw] pack
[dbg     579.5 ms] [colw] d2h
[dbg     580.9 ms] [inner] start
[dbg     581.3 ms] [inner] h2d
[dbg     581.7 ms] [inner] csc
[dbg     581.7 ms] [inner] count
[dbg     581.8 ms] [inner] scan
[dbg     582.1 ms] [inner] expand
[dbg     583.4 ms] [inner] sort
[dbg     583.7 ms] [inner] reduce
[dbg     584.2 ms] [inner] final
[dbg     584.7 ms] [inner] numeric
[dbg     584.9 ms] [inner] pack
[dbg     587.6 ms] [inner] d2h
[dbg     588.8 ms] warmup done
[dbg     588.8 ms] T4 manual self_product: start
[dbg     588.8 ms] [gust] start
[dbg     589.2 ms] [gust] h2d
[dbg     589.2 ms] ESC: count intermediates begin
[dbg     589.2 ms] [gust] count
[dbg     589.3 ms] [gust] scan
[dbg     589.7 ms] ESC: expand begin (7648850 intermediates)
[dbg     589.8 ms] [gust] expand
[dbg     589.8 ms] ESC: sort_by_key begin
[dbg     591.1 ms] [gust] sort
[dbg     591.3 ms] ESC: reduce_by_key begin
[dbg     591.4 ms] [gust] reduce
[dbg     592.3 ms] [gust] final
[dbg     592.5 ms] [gust] pack
[dbg     595.5 ms] [gust] d2h
[dbg     596.0 ms] T4 manual self_product: done (C_nnz=446474)
[dbg     596.8 ms] T5 outer self_product: start
[dbg     596.8 ms] [outer] start
[dbg     597.2 ms] [outer] h2d
[dbg     597.5 ms] [outer] csc
[dbg     597.6 ms] [outer] count
[dbg     597.7 ms] [outer] scan
[dbg     598.0 ms] [outer] expand
[dbg     599.3 ms] [outer] sort
[dbg     599.5 ms] [outer] reduce
[dbg     600.0 ms] [outer] final
[dbg     600.1 ms] [outer] pack
[dbg     602.6 ms] [outer] d2h
[dbg     603.3 ms] T5 outer self_product: done (C_nnz=446474)
[dbg     603.8 ms] T6 colwise self_product: start
[dbg     603.8 ms] [colw] start
[dbg     604.1 ms] [colw] h2d
[dbg     604.5 ms] [colw] csc
[dbg     604.5 ms] [colw] count
[dbg     604.6 ms] [colw] scan
[dbg     604.8 ms] [colw] expand
[dbg     606.1 ms] [colw] sort
[dbg     606.4 ms] [colw] reduce
[dbg     606.8 ms] [colw] final
[dbg     607.0 ms] [colw] pack
[dbg     609.4 ms] [colw] d2h
[dbg     610.0 ms] T6 colwise self_product: done (C_nnz=446474)
[dbg     610.4 ms] T7 inner self_product: start
[dbg     610.4 ms] [inner] start
[dbg     610.7 ms] [inner] h2d
[dbg     611.0 ms] [inner] csc
[dbg     611.0 ms] [inner] count
[dbg     611.1 ms] [inner] scan
[dbg     611.3 ms] [inner] expand
[dbg     612.5 ms] [inner] sort
[dbg     612.8 ms] [inner] reduce
[dbg     613.2 ms] [inner] final
[dbg     613.5 ms] [inner] numeric
[dbg     613.6 ms] [inner] pack
[dbg     615.7 ms] [inner] d2h
[dbg     616.1 ms] T7 inner self_product: done (C_nnz=446474)
Reading matrix from ./data/first100/bcsstk24.mtx...
Input A: 3562 x 3562, nnz = 159910, sparsity = 98.74%
===============WARMING UP===============
=== Computing C = A x A (Manual) ===
Result C: 3562 x 3562, nnz = 446474, sparsity = 96.48%
Time: 7.178 ms

=== Computing C = A x A (Outer) ===
Result C: 3562 x 3562, nnz = 446474, sparsity = 96.48%
Time: 6.464 ms

=== Computing C = A x A (Colwise) ===
Result C: 3562 x 3562, nnz = 446474, sparsity = 96.48%
Time: 6.177 ms

=== Computing C = A x A (Inner) ===
Result C: 3562 x 3562, nnz = 446474, sparsity = 96.48%
Time: 5.694 ms

=== All tests completed ===
Processing bcsstk25 ... (max 600s)
[dbg       0.0 ms] main entry, initializing CUDA context...
[dbg     476.9 ms] CUDA context ready
[dbg     477.1 ms] start read_matrix_market: ./data/first100/bcsstk25.mtx
[dbg     523.8 ms] read done: 15439 x 15439, nnz=252241
[dbg     523.9 ms] [cu] start
[dbg     532.1 ms] [cu] h2d (2079688 B)
[dbg     532.3 ms] cusparse: workEstimation begin
[dbg     555.4 ms] [cu] workest (buf1=3032307 B)
[dbg     555.4 ms] cusparse: compute begin
[dbg     556.8 ms] [cu] compute (buf2=117612263 B)
[dbg     556.8 ms] cusparse: C size = 15439 x 15439, nnz=1168919
[dbg     556.9 ms] cusparse: copy begin
[dbg     557.1 ms] [cu] copy
[dbg     557.2 ms] [cu] pack
[dbg     562.9 ms] self_product: C D2H begin (9413112 B)
[dbg     563.8 ms] [cu] d2h
[dbg     565.1 ms] [gust] start
[dbg     565.7 ms] [gust] h2d
[dbg     565.7 ms] ESC: count intermediates begin
[dbg     567.5 ms] [gust] count
[dbg     567.6 ms] [gust] scan
[dbg     567.8 ms] ESC: expand begin (4895103 intermediates)
[dbg     568.0 ms] [gust] expand
[dbg     568.0 ms] ESC: sort_by_key begin
[dbg     569.0 ms] [gust] sort
[dbg     569.2 ms] ESC: reduce_by_key begin
[dbg     569.5 ms] [gust] reduce
[dbg     570.2 ms] [gust] final
[dbg     570.3 ms] [gust] pack
[dbg     576.5 ms] [gust] d2h
[dbg     578.7 ms] [outer] start
[dbg     579.3 ms] [outer] h2d
[dbg     582.0 ms] [outer] csc
[dbg     582.0 ms] [outer] count
[dbg     582.1 ms] [outer] scan
[dbg     582.3 ms] [outer] expand
[dbg     583.3 ms] [outer] sort
[dbg     583.6 ms] [outer] reduce
[dbg     584.1 ms] [outer] final
[dbg     584.3 ms] [outer] pack
[dbg     591.4 ms] [outer] d2h
[dbg     593.9 ms] [colw] start
[dbg     594.5 ms] [colw] h2d
[dbg     595.1 ms] [colw] csc
[dbg     595.1 ms] [colw] count
[dbg     595.2 ms] [colw] scan
[dbg     595.5 ms] [colw] expand
[dbg     596.5 ms] [colw] sort
[dbg     596.8 ms] [colw] reduce
[dbg     597.4 ms] [colw] final
[dbg     597.6 ms] [colw] pack
[dbg     605.3 ms] [colw] d2h
[dbg     607.8 ms] [inner] start
[dbg     608.3 ms] [inner] h2d
[dbg     608.9 ms] [inner] csc
[dbg     608.9 ms] [inner] count
[dbg     609.0 ms] [inner] scan
[dbg     609.2 ms] [inner] expand
[dbg     610.2 ms] [inner] sort
[dbg     610.5 ms] [inner] reduce
[dbg     610.9 ms] [inner] final
[dbg     611.3 ms] [inner] numeric
[dbg     611.4 ms] [inner] pack
[dbg     617.7 ms] [inner] d2h
[dbg     619.1 ms] warmup done
[dbg     619.1 ms] T4 manual self_product: start
[dbg     619.1 ms] [gust] start
[dbg     619.6 ms] [gust] h2d
[dbg     619.6 ms] ESC: count intermediates begin
[dbg     619.9 ms] [gust] count
[dbg     619.9 ms] [gust] scan
[dbg     620.2 ms] ESC: expand begin (4895103 intermediates)
[dbg     620.3 ms] [gust] expand
[dbg     620.3 ms] ESC: sort_by_key begin
[dbg     621.2 ms] [gust] sort
[dbg     621.3 ms] ESC: reduce_by_key begin
[dbg     621.4 ms] [gust] reduce
[dbg     622.0 ms] [gust] final
[dbg     622.1 ms] [gust] pack
[dbg     628.4 ms] [gust] d2h
[dbg     628.8 ms] T4 manual self_product: done (C_nnz=1168919)
[dbg     629.8 ms] T5 outer self_product: start
[dbg     629.8 ms] [outer] start
[dbg     630.2 ms] [outer] h2d
[dbg     630.7 ms] [outer] csc
[dbg     630.7 ms] [outer] count
[dbg     630.8 ms] [outer] scan
[dbg     631.0 ms] [outer] expand
[dbg     631.9 ms] [outer] sort
[dbg     632.1 ms] [outer] reduce
[dbg     632.5 ms] [outer] final
[dbg     632.6 ms] [outer] pack
[dbg     638.3 ms] [outer] d2h
[dbg     639.0 ms] T5 outer self_product: done (C_nnz=1168919)
[dbg     640.0 ms] T6 colwise self_product: start
[dbg     640.0 ms] [colw] start
[dbg     640.4 ms] [colw] h2d
[dbg     641.0 ms] [colw] csc
[dbg     641.0 ms] [colw] count
[dbg     641.0 ms] [colw] scan
[dbg     641.3 ms] [colw] expand
[dbg     642.2 ms] [colw] sort
[dbg     642.4 ms] [colw] reduce
[dbg     642.8 ms] [colw] final
[dbg     642.9 ms] [colw] pack
[dbg     648.5 ms] [colw] d2h
[dbg     649.2 ms] T6 colwise self_product: done (C_nnz=1168919)
[dbg     650.2 ms] T7 inner self_product: start
[dbg     650.2 ms] [inner] start
[dbg     650.6 ms] [inner] h2d
[dbg     651.1 ms] [inner] csc
[dbg     651.2 ms] [inner] count
[dbg     651.2 ms] [inner] scan
[dbg     651.5 ms] [inner] expand
[dbg     652.4 ms] [inner] sort
[dbg     652.6 ms] [inner] reduce
[dbg     653.0 ms] [inner] final
[dbg     653.3 ms] [inner] numeric
[dbg     653.4 ms] [inner] pack
[dbg     659.0 ms] [inner] d2h
[dbg     659.5 ms] T7 inner self_product: done (C_nnz=1168919)
Reading matrix from ./data/first100/bcsstk25.mtx...
Input A: 15439 x 15439, nnz = 252241, sparsity = 99.89%
===============WARMING UP===============
=== Computing C = A x A (Manual) ===
Result C: 15439 x 15439, nnz = 1168919, sparsity = 99.51%
Time: 9.664 ms

=== Computing C = A x A (Outer) ===
Result C: 15439 x 15439, nnz = 1168919, sparsity = 99.51%
Time: 9.158 ms

=== Computing C = A x A (Colwise) ===
Result C: 15439 x 15439, nnz = 1168919, sparsity = 99.51%
Time: 9.236 ms

=== Computing C = A x A (Inner) ===
Result C: 15439 x 15439, nnz = 1168919, sparsity = 99.51%
Time: 9.350 ms

=== All tests completed ===
Processing bcsstk26 ... (max 600s)
[dbg       0.0 ms] main entry, initializing CUDA context...
[dbg     475.7 ms] CUDA context ready
[dbg     475.8 ms] start read_matrix_market: ./data/first100/bcsstk26.mtx
[dbg     481.1 ms] read done: 1922 x 1922, nnz=30336
[dbg     481.1 ms] [cu] start
[dbg     489.2 ms] [cu] h2d (250380 B)
[dbg     489.2 ms] cusparse: workEstimation begin
[dbg     515.5 ms] [cu] workest (buf1=365607 B)
[dbg     515.5 ms] cusparse: compute begin
[dbg     516.6 ms] [cu] compute (buf2=13008639 B)
[dbg     516.6 ms] cusparse: C size = 1922 x 1922, nnz=92530
[dbg     516.7 ms] cusparse: copy begin
[dbg     516.8 ms] [cu] copy
[dbg     516.9 ms] [cu] pack
[dbg     518.3 ms] self_product: C D2H begin (747932 B)
[dbg     518.4 ms] [cu] d2h
[dbg     518.9 ms] [gust] start
[dbg     519.1 ms] [gust] h2d
[dbg     519.1 ms] ESC: count intermediates begin
[dbg     520.7 ms] [gust] count
[dbg     520.8 ms] [gust] scan
[dbg     521.0 ms] ESC: expand begin (541120 intermediates)
[dbg     521.1 ms] [gust] expand
[dbg     521.1 ms] ESC: sort_by_key begin
[dbg     521.5 ms] [gust] sort
[dbg     521.6 ms] ESC: reduce_by_key begin
[dbg     521.8 ms] [gust] reduce
[dbg     522.2 ms] [gust] final
[dbg     522.2 ms] [gust] pack
[dbg     523.4 ms] [gust] d2h
[dbg     523.8 ms] [outer] start
[dbg     524.0 ms] [outer] h2d
[dbg     525.9 ms] [outer] csc
[dbg     525.9 ms] [outer] count
[dbg     525.9 ms] [outer] scan
[dbg     526.2 ms] [outer] expand
[dbg     526.5 ms] [outer] sort
[dbg     526.6 ms] [outer] reduce
[dbg     526.8 ms] [outer] final
[dbg     526.8 ms] [outer] pack
[dbg     527.9 ms] [outer] d2h
[dbg     528.5 ms] [colw] start
[dbg     528.6 ms] [colw] h2d
[dbg     528.7 ms] [colw] csc
[dbg     528.8 ms] [colw] count
[dbg     528.8 ms] [colw] scan
[dbg     529.1 ms] [colw] expand
[dbg     529.3 ms] [colw] sort
[dbg     529.5 ms] [colw] reduce
[dbg     529.7 ms] [colw] final
[dbg     529.7 ms] [colw] pack
[dbg     530.7 ms] [colw] d2h
[dbg     531.2 ms] [inner] start
[dbg     531.3 ms] [inner] h2d
[dbg     531.5 ms] [inner] csc
[dbg     531.5 ms] [inner] count
[dbg     531.5 ms] [inner] scan
[dbg     531.7 ms] [inner] expand
[dbg     532.0 ms] [inner] sort
[dbg     532.2 ms] [inner] reduce
[dbg     532.3 ms] [inner] final
[dbg     532.5 ms] [inner] numeric
[dbg     532.5 ms] [inner] pack
[dbg     533.4 ms] [inner] d2h
[dbg     533.8 ms] warmup done
[dbg     533.8 ms] T4 manual self_product: start
[dbg     533.8 ms] [gust] start
[dbg     534.0 ms] [gust] h2d
[dbg     534.0 ms] ESC: count intermediates begin
[dbg     534.0 ms] [gust] count
[dbg     534.0 ms] [gust] scan
[dbg     534.2 ms] ESC: expand begin (541120 intermediates)
[dbg     534.2 ms] [gust] expand
[dbg     534.2 ms] ESC: sort_by_key begin
[dbg     534.5 ms] [gust] sort
[dbg     534.6 ms] ESC: reduce_by_key begin
[dbg     534.7 ms] [gust] reduce
[dbg     535.0 ms] [gust] final
[dbg     535.0 ms] [gust] pack
[dbg     535.9 ms] [gust] d2h
[dbg     536.0 ms] T4 manual self_product: done (C_nnz=92530)
[dbg     536.2 ms] T5 outer self_product: start
[dbg     536.2 ms] [outer] start
[dbg     536.4 ms] [outer] h2d
[dbg     536.5 ms] [outer] csc
[dbg     536.5 ms] [outer] count
[dbg     536.6 ms] [outer] scan
[dbg     536.7 ms] [outer] expand
[dbg     537.0 ms] [outer] sort
[dbg     537.2 ms] [outer] reduce
[dbg     537.4 ms] [outer] final
[dbg     537.4 ms] [outer] pack
[dbg     538.2 ms] [outer] d2h
[dbg     538.5 ms] T5 outer self_product: done (C_nnz=92530)
[dbg     538.8 ms] T6 colwise self_product: start
[dbg     538.8 ms] [colw] start
[dbg     538.9 ms] [colw] h2d
[dbg     539.0 ms] [colw] csc
[dbg     539.1 ms] [colw] count
[dbg     539.1 ms] [colw] scan
[dbg     539.3 ms] [colw] expand
[dbg     539.6 ms] [colw] sort
[dbg     539.7 ms] [colw] reduce
[dbg     539.9 ms] [colw] final
[dbg     539.9 ms] [colw] pack
[dbg     540.8 ms] [colw] d2h
[dbg     541.0 ms] T6 colwise self_product: done (C_nnz=92530)
[dbg     541.3 ms] T7 inner self_product: start
[dbg     541.3 ms] [inner] start
[dbg     541.5 ms] [inner] h2d
[dbg     541.6 ms] [inner] csc
[dbg     541.6 ms] [inner] count
[dbg     541.6 ms] [inner] scan
[dbg     541.8 ms] [inner] expand
[dbg     542.1 ms] [inner] sort
[dbg     542.3 ms] [inner] reduce
[dbg     542.4 ms] [inner] final
[dbg     542.6 ms] [inner] numeric
[dbg     542.6 ms] [inner] pack
[dbg     543.5 ms] [inner] d2h
[dbg     543.6 ms] T7 inner self_product: done (C_nnz=92530)
Reading matrix from ./data/first100/bcsstk26.mtx...
Input A: 1922 x 1922, nnz = 30336, sparsity = 99.18%
===============WARMING UP===============
=== Computing C = A x A (Manual) ===
Result C: 1922 x 1922, nnz = 92530, sparsity = 97.50%
Time: 2.143 ms

=== Computing C = A x A (Outer) ===
Result C: 1922 x 1922, nnz = 92530, sparsity = 97.50%
Time: 2.294 ms

=== Computing C = A x A (Colwise) ===
Result C: 1922 x 1922, nnz = 92530, sparsity = 97.50%
Time: 2.223 ms

=== Computing C = A x A (Inner) ===
Result C: 1922 x 1922, nnz = 92530, sparsity = 97.50%
Time: 2.317 ms

=== All tests completed ===
Processing bcsstk27 ... (max 600s)
[dbg       0.0 ms] main entry, initializing CUDA context...
[dbg     481.5 ms] CUDA context ready
[dbg     481.6 ms] start read_matrix_market: ./data/first100/bcsstk27.mtx
[dbg     490.8 ms] read done: 1224 x 1224, nnz=56126
[dbg     490.8 ms] [cu] start
[dbg     498.8 ms] [cu] h2d (453908 B)
[dbg     498.8 ms] cusparse: workEstimation begin
[dbg     523.0 ms] [cu] workest (buf1=675343 B)
[dbg     523.0 ms] cusparse: compute begin
[dbg     524.2 ms] [cu] compute (buf2=64645575 B)
[dbg     524.2 ms] cusparse: C size = 1224 x 1224, nnz=138106
[dbg     524.3 ms] cusparse: copy begin
[dbg     524.4 ms] [cu] copy
[dbg     524.4 ms] [cu] pack
[dbg     525.9 ms] self_product: C D2H begin (1109748 B)
[dbg     526.0 ms] [cu] d2h
[dbg     526.6 ms] [gust] start
[dbg     526.8 ms] [gust] h2d
[dbg     526.8 ms] ESC: count intermediates begin
[dbg     528.4 ms] [gust] count
[dbg     528.5 ms] [gust] scan
[dbg     528.7 ms] ESC: expand begin (2691026 intermediates)
[dbg     528.8 ms] [gust] expand
[dbg     528.8 ms] ESC: sort_by_key begin
[dbg     529.6 ms] [gust] sort
[dbg     529.8 ms] ESC: reduce_by_key begin
[dbg     530.0 ms] [gust] reduce
[dbg     530.4 ms] [gust] final
[dbg     530.5 ms] [gust] pack
[dbg     531.8 ms] [gust] d2h
[dbg     532.4 ms] [outer] start
[dbg     532.5 ms] [outer] h2d
[dbg     534.4 ms] [outer] csc
[dbg     534.4 ms] [outer] count
[dbg     534.4 ms] [outer] scan
[dbg     534.7 ms] [outer] expand
[dbg     535.3 ms] [outer] sort
[dbg     535.5 ms] [outer] reduce
[dbg     535.8 ms] [outer] final
[dbg     535.9 ms] [outer] pack
[dbg     537.2 ms] [outer] d2h
[dbg     537.8 ms] [colw] start
[dbg     538.0 ms] [colw] h2d
[dbg     538.1 ms] [colw] csc
[dbg     538.1 ms] [colw] count
[dbg     538.2 ms] [colw] scan
[dbg     538.5 ms] [colw] expand
[dbg     539.1 ms] [colw] sort
[dbg     539.2 ms] [colw] reduce
[dbg     539.5 ms] [colw] final
[dbg     539.6 ms] [colw] pack
[dbg     541.0 ms] [colw] d2h
[dbg     541.6 ms] [inner] start
[dbg     541.8 ms] [inner] h2d
[dbg     541.9 ms] [inner] csc
[dbg     541.9 ms] [inner] count
[dbg     541.9 ms] [inner] scan
[dbg     542.2 ms] [inner] expand
[dbg     542.8 ms] [inner] sort
[dbg     543.0 ms] [inner] reduce
[dbg     543.2 ms] [inner] final
[dbg     543.5 ms] [inner] numeric
[dbg     543.6 ms] [inner] pack
[dbg     544.9 ms] [inner] d2h
[dbg     545.4 ms] warmup done
[dbg     545.4 ms] T4 manual self_product: start
[dbg     545.4 ms] [gust] start
[dbg     545.6 ms] [gust] h2d
[dbg     545.6 ms] ESC: count intermediates begin
[dbg     545.6 ms] [gust] count
[dbg     545.7 ms] [gust] scan
[dbg     545.9 ms] ESC: expand begin (2691026 intermediates)
[dbg     545.9 ms] [gust] expand
[dbg     545.9 ms] ESC: sort_by_key begin
[dbg     546.5 ms] [gust] sort
[dbg     546.7 ms] ESC: reduce_by_key begin
[dbg     546.7 ms] [gust] reduce
[dbg     547.1 ms] [gust] final
[dbg     547.2 ms] [gust] pack
[dbg     548.6 ms] [gust] d2h
[dbg     548.8 ms] T4 manual self_product: done (C_nnz=138106)
[dbg     549.1 ms] T5 outer self_product: start
[dbg     549.1 ms] [outer] start
[dbg     549.2 ms] [outer] h2d
[dbg     549.3 ms] [outer] csc
[dbg     549.4 ms] [outer] count
[dbg     549.4 ms] [outer] scan
[dbg     549.6 ms] [outer] expand
[dbg     550.2 ms] [outer] sort
[dbg     550.4 ms] [outer] reduce
[dbg     550.7 ms] [outer] final
[dbg     550.8 ms] [outer] pack
[dbg     552.2 ms] [outer] d2h
[dbg     552.6 ms] T5 outer self_product: done (C_nnz=138106)
[dbg     553.0 ms] T6 colwise self_product: start
[dbg     553.0 ms] [colw] start
[dbg     553.1 ms] [colw] h2d
[dbg     553.3 ms] [colw] csc
[dbg     553.3 ms] [colw] count
[dbg     553.3 ms] [colw] scan
[dbg     553.6 ms] [colw] expand
[dbg     554.3 ms] [colw] sort
[dbg     554.5 ms] [colw] reduce
[dbg     554.7 ms] [colw] final
[dbg     554.9 ms] [colw] pack
[dbg     556.4 ms] [colw] d2h
[dbg     556.8 ms] T6 colwise self_product: done (C_nnz=138106)
[dbg     557.1 ms] T7 inner self_product: start
[dbg     557.1 ms] [inner] start
[dbg     557.3 ms] [inner] h2d
[dbg     557.4 ms] [inner] csc
[dbg     557.5 ms] [inner] count
[dbg     557.5 ms] [inner] scan
[dbg     557.9 ms] [inner] expand
[dbg     558.5 ms] [inner] sort
[dbg     558.7 ms] [inner] reduce
[dbg     558.9 ms] [inner] final
[dbg     559.2 ms] [inner] numeric
[dbg     559.3 ms] [inner] pack
[dbg     560.6 ms] [inner] d2h
[dbg     560.9 ms] T7 inner self_product: done (C_nnz=138106)
Reading matrix from ./data/first100/bcsstk27.mtx...
Input A: 1224 x 1224, nnz = 56126, sparsity = 96.25%
===============WARMING UP===============
=== Computing C = A x A (Manual) ===
Result C: 1224 x 1224, nnz = 138106, sparsity = 90.78%
Time: 3.370 ms

=== Computing C = A x A (Outer) ===
Result C: 1224 x 1224, nnz = 138106, sparsity = 90.78%
Time: 3.567 ms

=== Computing C = A x A (Colwise) ===
Result C: 1224 x 1224, nnz = 138106, sparsity = 90.78%
Time: 3.848 ms

=== Computing C = A x A (Inner) ===
Result C: 1224 x 1224, nnz = 138106, sparsity = 90.78%
Time: 3.783 ms

=== All tests completed ===
Processing bcsstk28 ... (max 600s)
[dbg       0.0 ms] main entry, initializing CUDA context...
[dbg     481.9 ms] CUDA context ready
[dbg     482.1 ms] start read_matrix_market: ./data/first100/bcsstk28.mtx
[dbg     521.1 ms] read done: 4410 x 4410, nnz=219024
[dbg     521.1 ms] [cu] start
[dbg     529.6 ms] [cu] h2d (1769836 B)
[dbg     529.7 ms] cusparse: workEstimation begin
[dbg     556.9 ms] [cu] workest (buf1=2633191 B)
[dbg     556.9 ms] cusparse: compute begin
[dbg     558.7 ms] [cu] compute (buf2=271230679 B)
[dbg     558.7 ms] cusparse: C size = 4410 x 4410, nnz=596072
[dbg     558.9 ms] cusparse: copy begin
[dbg     559.0 ms] [cu] copy
[dbg     559.1 ms] [cu] pack
[dbg     562.4 ms] self_product: C D2H begin (4786220 B)
[dbg     562.8 ms] [cu] d2h
[dbg     563.7 ms] [gust] start
[dbg     564.3 ms] [gust] h2d
[dbg     564.3 ms] ESC: count intermediates begin
[dbg     565.9 ms] [gust] count
[dbg     566.1 ms] [gust] scan
[dbg     566.3 ms] ESC: expand begin (11291272 intermediates)
[dbg     566.4 ms] [gust] expand
[dbg     566.4 ms] ESC: sort_by_key begin
[dbg     568.2 ms] [gust] sort
[dbg     568.4 ms] ESC: reduce_by_key begin
[dbg     568.7 ms] [gust] reduce
[dbg     569.4 ms] [gust] final
[dbg     569.5 ms] [gust] pack
[dbg     572.5 ms] [gust] d2h
[dbg     573.4 ms] [outer] start
[dbg     573.9 ms] [outer] h2d
[dbg     576.0 ms] [outer] csc
[dbg     576.1 ms] [outer] count
[dbg     576.1 ms] [outer] scan
[dbg     576.4 ms] [outer] expand
[dbg     578.1 ms] [outer] sort
[dbg     578.5 ms] [outer] reduce
[dbg     579.0 ms] [outer] final
[dbg     579.1 ms] [outer] pack
[dbg     581.8 ms] [outer] d2h
[dbg     582.9 ms] [colw] start
[dbg     583.4 ms] [colw] h2d
[dbg     583.9 ms] [colw] csc
[dbg     584.0 ms] [colw] count
[dbg     584.0 ms] [colw] scan
[dbg     584.4 ms] [colw] expand
[dbg     586.0 ms] [colw] sort
[dbg     586.4 ms] [colw] reduce
[dbg     586.8 ms] [colw] final
[dbg     586.9 ms] [colw] pack
[dbg     589.6 ms] [colw] d2h
[dbg     590.7 ms] [inner] start
[dbg     591.1 ms] [inner] h2d
[dbg     591.5 ms] [inner] csc
[dbg     591.6 ms] [inner] count
[dbg     591.6 ms] [inner] scan
[dbg     592.0 ms] [inner] expand
[dbg     593.6 ms] [inner] sort
[dbg     594.0 ms] [inner] reduce
[dbg     594.4 ms] [inner] final
[dbg     594.8 ms] [inner] numeric
[dbg     594.9 ms] [inner] pack
[dbg     597.5 ms] [inner] d2h
[dbg     598.4 ms] warmup done
[dbg     598.4 ms] T4 manual self_product: start
[dbg     598.4 ms] [gust] start
[dbg     598.9 ms] [gust] h2d
[dbg     598.9 ms] ESC: count intermediates begin
[dbg     598.9 ms] [gust] count
[dbg     599.0 ms] [gust] scan
[dbg     599.3 ms] ESC: expand begin (11291272 intermediates)
[dbg     599.4 ms] [gust] expand
[dbg     599.4 ms] ESC: sort_by_key begin
[dbg     601.1 ms] [gust] sort
[dbg     601.3 ms] ESC: reduce_by_key begin
[dbg     601.4 ms] [gust] reduce
[dbg     602.1 ms] [gust] final
[dbg     602.2 ms] [gust] pack
[dbg     604.7 ms] [gust] d2h
[dbg     605.0 ms] T4 manual self_product: done (C_nnz=596072)
[dbg     605.6 ms] T5 outer self_product: start
[dbg     605.6 ms] [outer] start
[dbg     606.0 ms] [outer] h2d
[dbg     606.4 ms] [outer] csc
[dbg     606.4 ms] [outer] count
[dbg     606.5 ms] [outer] scan
[dbg     606.8 ms] [outer] expand
[dbg     608.4 ms] [outer] sort
[dbg     608.8 ms] [outer] reduce
[dbg     609.3 ms] [outer] final
[dbg     609.4 ms] [outer] pack
[dbg     611.8 ms] [outer] d2h
[dbg     612.3 ms] T5 outer self_product: done (C_nnz=596072)
[dbg     612.9 ms] T6 colwise self_product: start
[dbg     612.9 ms] [colw] start
[dbg     613.3 ms] [colw] h2d
[dbg     613.7 ms] [colw] csc
[dbg     613.8 ms] [colw] count
[dbg     613.8 ms] [colw] scan
[dbg     614.1 ms] [colw] expand
[dbg     615.8 ms] [colw] sort
[dbg     616.1 ms] [colw] reduce
[dbg     616.5 ms] [colw] final
[dbg     616.6 ms] [colw] pack
[dbg     619.2 ms] [colw] d2h
[dbg     619.8 ms] T6 colwise self_product: done (C_nnz=596072)
[dbg     620.3 ms] T7 inner self_product: start
[dbg     620.3 ms] [inner] start
[dbg     620.8 ms] [inner] h2d
[dbg     621.2 ms] [inner] csc
[dbg     621.2 ms] [inner] count
[dbg     621.3 ms] [inner] scan
[dbg     621.6 ms] [inner] expand
[dbg     623.2 ms] [inner] sort
[dbg     623.6 ms] [inner] reduce
[dbg     624.0 ms] [inner] final
[dbg     624.3 ms] [inner] numeric
[dbg     624.4 ms] [inner] pack
[dbg     626.9 ms] [inner] d2h
[dbg     627.3 ms] T7 inner self_product: done (C_nnz=596072)
Reading matrix from ./data/first100/bcsstk28.mtx...
Input A: 4410 x 4410, nnz = 219024, sparsity = 98.87%
===============WARMING UP===============
=== Computing C = A x A (Manual) ===
Result C: 4410 x 4410, nnz = 596072, sparsity = 96.94%
Time: 6.618 ms

=== Computing C = A x A (Outer) ===
Result C: 4410 x 4410, nnz = 596072, sparsity = 96.94%
Time: 6.765 ms

=== Computing C = A x A (Colwise) ===
Result C: 4410 x 4410, nnz = 596072, sparsity = 96.94%
Time: 6.889 ms

=== Computing C = A x A (Inner) ===
Result C: 4410 x 4410, nnz = 596072, sparsity = 96.94%
Time: 6.999 ms

=== All tests completed ===
Processing bcsstk29 ... (max 600s)
[dbg       0.0 ms] main entry, initializing CUDA context...
[dbg     473.5 ms] CUDA context ready
[dbg     473.6 ms] start read_matrix_market: ./data/first100/bcsstk29.mtx
[dbg     521.8 ms] read done: 13992 x 13992, nnz=619488
[dbg     521.9 ms] [cu] start
[dbg     531.8 ms] [cu] h2d (5011876 B)
[dbg     532.0 ms] cusparse: workEstimation begin
[dbg     556.4 ms] [cu] workest (buf1=7445927 B)
[dbg     556.4 ms] cusparse: compute begin
[dbg     559.7 ms] [cu] compute (buf2=741059847 B)
[dbg     559.7 ms] cusparse: C size = 13992 x 13992, nnz=1965686
[dbg     559.8 ms] cusparse: copy begin
[dbg     560.0 ms] [cu] copy
[dbg     560.1 ms] [cu] pack
[dbg     570.2 ms] self_product: C D2H begin (15781460 B)
[dbg     571.5 ms] [cu] d2h
[dbg     573.9 ms] [gust] start
[dbg     575.3 ms] [gust] h2d
[dbg     575.3 ms] ESC: count intermediates begin
[dbg     577.2 ms] [gust] count
[dbg     577.3 ms] [gust] scan
[dbg     577.5 ms] ESC: expand begin (30850506 intermediates)
[dbg     577.9 ms] [gust] expand
[dbg     577.9 ms] ESC: sort_by_key begin
[dbg     582.1 ms] [gust] sort
[dbg     582.2 ms] ESC: reduce_by_key begin
[dbg     582.7 ms] [gust] reduce
[dbg     583.7 ms] [gust] final
[dbg     583.8 ms] [gust] pack
[dbg     593.8 ms] [gust] d2h
[dbg     595.9 ms] [outer] start
[dbg     597.3 ms] [outer] h2d
[dbg     599.6 ms] [outer] csc
[dbg     599.7 ms] [outer] count
[dbg     599.7 ms] [outer] scan
[dbg     600.2 ms] [outer] expand
[dbg     604.2 ms] [outer] sort
[dbg     604.8 ms] [outer] reduce
[dbg     605.4 ms] [outer] final
[dbg     605.5 ms] [outer] pack
[dbg     615.4 ms] [outer] d2h
[dbg     618.0 ms] [colw] start
[dbg     619.4 ms] [colw] h2d
[dbg     620.0 ms] [colw] csc
[dbg     620.1 ms] [colw] count
[dbg     620.1 ms] [colw] scan
[dbg     620.6 ms] [colw] expand
[dbg     624.7 ms] [colw] sort
[dbg     625.2 ms] [colw] reduce
[dbg     625.8 ms] [colw] final
[dbg     625.9 ms] [colw] pack
[dbg     635.8 ms] [colw] d2h
[dbg     638.3 ms] [inner] start
[dbg     639.7 ms] [inner] h2d
[dbg     640.3 ms] [inner] csc
[dbg     640.3 ms] [inner] count
[dbg     640.4 ms] [inner] scan
[dbg     640.9 ms] [inner] expand
[dbg     644.9 ms] [inner] sort
[dbg     645.5 ms] [inner] reduce
[dbg     646.0 ms] [inner] final
[dbg     646.7 ms] [inner] numeric
[dbg     646.8 ms] [inner] pack
[dbg     656.8 ms] [inner] d2h
[dbg     659.1 ms] warmup done
[dbg     659.1 ms] T4 manual self_product: start
[dbg     659.1 ms] [gust] start
[dbg     660.3 ms] [gust] h2d
[dbg     660.4 ms] ESC: count intermediates begin
[dbg     660.6 ms] [gust] count
[dbg     660.7 ms] [gust] scan
[dbg     660.9 ms] ESC: expand begin (30850506 intermediates)
[dbg     661.3 ms] [gust] expand
[dbg     661.3 ms] ESC: sort_by_key begin
[dbg     665.3 ms] [gust] sort
[dbg     665.5 ms] ESC: reduce_by_key begin
[dbg     665.8 ms] [gust] reduce
[dbg     666.7 ms] [gust] final
[dbg     666.8 ms] [gust] pack
[dbg     676.6 ms] [gust] d2h
[dbg     677.1 ms] T4 manual self_product: done (C_nnz=1965686)
[dbg     678.6 ms] T5 outer self_product: start
[dbg     678.6 ms] [outer] start
[dbg     679.9 ms] [outer] h2d
[dbg     680.4 ms] [outer] csc
[dbg     680.5 ms] [outer] count
[dbg     680.5 ms] [outer] scan
[dbg     680.9 ms] [outer] expand
[dbg     685.0 ms] [outer] sort
[dbg     685.5 ms] [outer] reduce
[dbg     686.1 ms] [outer] final
[dbg     686.3 ms] [outer] pack
[dbg     696.2 ms] [outer] d2h
[dbg     697.2 ms] T5 outer self_product: done (C_nnz=1965686)
[dbg     698.8 ms] T6 colwise self_product: start
[dbg     698.8 ms] [colw] start
[dbg     700.1 ms] [colw] h2d
[dbg     700.7 ms] [colw] csc
[dbg     700.7 ms] [colw] count
[dbg     700.7 ms] [colw] scan
[dbg     701.2 ms] [colw] expand
[dbg     705.3 ms] [colw] sort
[dbg     705.8 ms] [colw] reduce
[dbg     706.3 ms] [colw] final
[dbg     706.5 ms] [colw] pack
[dbg     716.4 ms] [colw] d2h
[dbg     717.3 ms] T6 colwise self_product: done (C_nnz=1965686)
[dbg     718.8 ms] T7 inner self_product: start
[dbg     718.9 ms] [inner] start
[dbg     720.1 ms] [inner] h2d
[dbg     720.7 ms] [inner] csc
[dbg     720.7 ms] [inner] count
[dbg     720.8 ms] [inner] scan
[dbg     721.2 ms] [inner] expand
[dbg     725.3 ms] [inner] sort
[dbg     725.8 ms] [inner] reduce
[dbg     726.4 ms] [inner] final
[dbg     727.0 ms] [inner] numeric
[dbg     727.2 ms] [inner] pack
[dbg     736.9 ms] [inner] d2h
[dbg     737.6 ms] T7 inner self_product: done (C_nnz=1965686)
Reading matrix from ./data/first100/bcsstk29.mtx...
Input A: 13992 x 13992, nnz = 619488, sparsity = 99.68%
===============WARMING UP===============
=== Computing C = A x A (Manual) ===
Result C: 13992 x 13992, nnz = 1965686, sparsity = 99.00%
Time: 18.008 ms

=== Computing C = A x A (Outer) ===
Result C: 13992 x 13992, nnz = 1965686, sparsity = 99.00%
Time: 18.517 ms

=== Computing C = A x A (Colwise) ===
Result C: 13992 x 13992, nnz = 1965686, sparsity = 99.00%
Time: 18.474 ms

=== Computing C = A x A (Inner) ===
Result C: 13992 x 13992, nnz = 1965686, sparsity = 99.00%
Time: 18.734 ms

=== All tests completed ===
Processing bcsstk30 ... (max 600s)
[dbg       0.0 ms] main entry, initializing CUDA context...
[dbg     482.7 ms] CUDA context ready
[dbg     482.9 ms] start read_matrix_market: ./data/first100/bcsstk30.mtx
[dbg     644.2 ms] read done: 28924 x 28924, nnz=2043492
[dbg     644.2 ms] [cu] start
[dbg     657.1 ms] [cu] h2d (16463636 B)
[dbg     657.4 ms] cusparse: workEstimation begin
[dbg     678.8 ms] [cu] workest (buf1=24559319 B)
[dbg     678.9 ms] cusparse: compute begin
[dbg     687.4 ms] [cu] compute (buf2=4167172983 B)
[dbg     687.4 ms] cusparse: C size = 28924 x 28924, nnz=8946070
[dbg     687.6 ms] cusparse: copy begin
[dbg     687.8 ms] [cu] copy
[dbg     688.0 ms] [cu] pack
[dbg     729.9 ms] self_product: C D2H begin (71684260 B)
[dbg     734.7 ms] [cu] d2h
[dbg     742.4 ms] [gust] start
[dbg     745.0 ms] [gust] h2d
[dbg     745.0 ms] ESC: count intermediates begin
[dbg     745.9 ms] [gust] count
[dbg     746.0 ms] [gust] scan
[dbg     746.4 ms] ESC: expand begin (173481412 intermediates)
[dbg     748.3 ms] [gust] expand
[dbg     748.3 ms] ESC: sort_by_key begin
[dbg     769.9 ms] [gust] sort
[dbg     770.1 ms] ESC: reduce_by_key begin
[dbg     771.9 ms] [gust] reduce
[dbg     774.7 ms] [gust] final
[dbg     774.8 ms] [gust] pack
[dbg     808.1 ms] [gust] d2h
[dbg     816.0 ms] [outer] start
[dbg     818.6 ms] [outer] h2d
[dbg     820.0 ms] [outer] csc
[dbg     820.1 ms] [outer] count
[dbg     820.1 ms] [outer] scan
[dbg     821.7 ms] [outer] expand
[dbg     843.3 ms] [outer] sort
[dbg     845.4 ms] [outer] reduce
[dbg     847.9 ms] [outer] final
[dbg     848.0 ms] [outer] pack
[dbg     888.8 ms] [outer] d2h
[dbg     897.5 ms] [colw] start
[dbg     900.4 ms] [colw] h2d
[dbg     901.1 ms] [colw] csc
[dbg     901.1 ms] [colw] count
[dbg     901.2 ms] [colw] scan
[dbg     903.4 ms] [colw] expand
[dbg     924.8 ms] [colw] sort
[dbg     926.8 ms] [colw] reduce
[dbg     928.6 ms] [colw] final
[dbg     928.7 ms] [colw] pack
[dbg     960.4 ms] [colw] d2h
[dbg     968.9 ms] [inner] start
[dbg     971.8 ms] [inner] h2d
[dbg     972.4 ms] [inner] csc
[dbg     972.5 ms] [inner] count
[dbg     972.5 ms] [inner] scan
[dbg     974.6 ms] [inner] expand
[dbg     996.1 ms] [inner] sort
[dbg     998.1 ms] [inner] reduce
[dbg     999.9 ms] [inner] final
[dbg    1003.0 ms] [inner] numeric
[dbg    1003.4 ms] [inner] pack
[dbg    1034.9 ms] [inner] d2h
[dbg    1042.6 ms] warmup done
[dbg    1042.7 ms] T4 manual self_product: start
[dbg    1042.7 ms] [gust] start
[dbg    1045.3 ms] [gust] h2d
[dbg    1045.3 ms] ESC: count intermediates begin
[dbg    1045.5 ms] [gust] count
[dbg    1045.5 ms] [gust] scan
[dbg    1045.9 ms] ESC: expand begin (173481412 intermediates)
[dbg    1047.8 ms] [gust] expand
[dbg    1047.8 ms] ESC: sort_by_key begin
[dbg    1069.3 ms] [gust] sort
[dbg    1069.5 ms] ESC: reduce_by_key begin
[dbg    1071.2 ms] [gust] reduce
[dbg    1073.9 ms] [gust] final
[dbg    1074.0 ms] [gust] pack
[dbg    1106.3 ms] [gust] d2h
[dbg    1107.5 ms] T4 manual self_product: done (C_nnz=8946070)
[dbg    1114.1 ms] T5 outer self_product: start
[dbg    1114.1 ms] [outer] start
[dbg    1116.7 ms] [outer] h2d
[dbg    1117.4 ms] [outer] csc
[dbg    1117.4 ms] [outer] count
[dbg    1117.4 ms] [outer] scan
[dbg    1119.1 ms] [outer] expand
[dbg    1140.5 ms] [outer] sort
[dbg    1142.4 ms] [outer] reduce
[dbg    1144.3 ms] [outer] final
[dbg    1144.4 ms] [outer] pack
[dbg    1177.2 ms] [outer] d2h
[dbg    1179.0 ms] T5 outer self_product: done (C_nnz=8946070)
[dbg    1185.6 ms] T6 colwise self_product: start
[dbg    1185.6 ms] [colw] start
[dbg    1188.5 ms] [colw] h2d
[dbg    1189.1 ms] [colw] csc
[dbg    1189.1 ms] [colw] count
[dbg    1189.2 ms] [colw] scan
[dbg    1191.3 ms] [colw] expand
[dbg    1212.7 ms] [colw] sort
[dbg    1214.7 ms] [colw] reduce
[dbg    1216.6 ms] [colw] final
[dbg    1216.7 ms] [colw] pack
[dbg    1250.2 ms] [colw] d2h
[dbg    1252.1 ms] T6 colwise self_product: done (C_nnz=8946070)
[dbg    1258.8 ms] T7 inner self_product: start
[dbg    1258.8 ms] [inner] start
[dbg    1261.7 ms] [inner] h2d
[dbg    1262.4 ms] [inner] csc
[dbg    1262.4 ms] [inner] count
[dbg    1262.5 ms] [inner] scan
[dbg    1264.6 ms] [inner] expand
[dbg    1286.1 ms] [inner] sort
[dbg    1288.1 ms] [inner] reduce
[dbg    1289.9 ms] [inner] final
[dbg    1293.0 ms] [inner] numeric
[dbg    1293.4 ms] [inner] pack
[dbg    1326.0 ms] [inner] d2h
[dbg    1327.1 ms] T7 inner self_product: done (C_nnz=8946070)
Reading matrix from ./data/first100/bcsstk30.mtx...
Input A: 28924 x 28924, nnz = 2043492, sparsity = 99.76%
===============WARMING UP===============
=== Computing C = A x A (Manual) ===
Result C: 28924 x 28924, nnz = 8946070, sparsity = 98.93%
Time: 64.849 ms

=== Computing C = A x A (Outer) ===
Result C: 28924 x 28924, nnz = 8946070, sparsity = 98.93%
Time: 64.870 ms

=== Computing C = A x A (Colwise) ===
Result C: 28924 x 28924, nnz = 8946070, sparsity = 98.93%
Time: 66.493 ms

=== Computing C = A x A (Inner) ===
Result C: 28924 x 28924, nnz = 8946070, sparsity = 98.93%
Time: 68.333 ms

=== All tests completed ===
Processing bcsstk31 ... (max 600s)
[dbg       0.0 ms] main entry, initializing CUDA context...
[dbg     480.0 ms] CUDA context ready
[dbg     480.2 ms] start read_matrix_market: ./data/first100/bcsstk31.mtx
[dbg     579.1 ms] read done: 35588 x 35588, nnz=1181416
[dbg     579.2 ms] [cu] start
[dbg     590.2 ms] [cu] h2d (9593684 B)
[dbg     590.4 ms] cusparse: workEstimation begin
[dbg     613.2 ms] [cu] workest (buf1=14199047 B)
[dbg     613.2 ms] cusparse: compute begin
[dbg     618.4 ms] [cu] compute (buf2=1138996039 B)
[dbg     618.4 ms] cusparse: C size = 35588 x 35588, nnz=4713580
[dbg     618.6 ms] cusparse: copy begin
[dbg     618.8 ms] [cu] copy
[dbg     619.0 ms] [cu] pack
[dbg     641.7 ms] self_product: C D2H begin (37850996 B)
[dbg     644.8 ms] [cu] d2h
[dbg     649.2 ms] [gust] start
[dbg     650.8 ms] [gust] h2d
[dbg     650.8 ms] ESC: count intermediates begin
[dbg     652.0 ms] [gust] count
[dbg     652.1 ms] [gust] scan
[dbg     652.4 ms] ESC: expand begin (47416802 intermediates)
[dbg     652.8 ms] [gust] expand
[dbg     652.8 ms] ESC: sort_by_key begin
[dbg     658.9 ms] [gust] sort
[dbg     659.1 ms] ESC: reduce_by_key begin
[dbg     659.7 ms] [gust] reduce
[dbg     660.9 ms] [gust] final
[dbg     661.0 ms] [gust] pack
[dbg     678.3 ms] [gust] d2h
[dbg     682.3 ms] [outer] start
[dbg     683.9 ms] [outer] h2d
[dbg     685.7 ms] [outer] csc
[dbg     685.7 ms] [outer] count
[dbg     685.7 ms] [outer] scan
[dbg     686.3 ms] [outer] expand
[dbg     692.4 ms] [outer] sort
[dbg     693.0 ms] [outer] reduce
[dbg     693.8 ms] [outer] final
[dbg     693.9 ms] [outer] pack
[dbg     710.6 ms] [outer] d2h
[dbg     715.0 ms] [colw] start
[dbg     716.7 ms] [colw] h2d
[dbg     717.2 ms] [colw] csc
[dbg     717.3 ms] [colw] count
[dbg     717.3 ms] [colw] scan
[dbg     718.0 ms] [colw] expand
[dbg     724.0 ms] [colw] sort
[dbg     724.7 ms] [colw] reduce
[dbg     725.4 ms] [colw] final
[dbg     725.5 ms] [colw] pack
[dbg     742.3 ms] [colw] d2h
[dbg     746.7 ms] [inner] start
[dbg     748.4 ms] [inner] h2d
[dbg     749.0 ms] [inner] csc
[dbg     749.0 ms] [inner] count
[dbg     749.0 ms] [inner] scan
[dbg     749.7 ms] [inner] expand
[dbg     755.7 ms] [inner] sort
[dbg     756.4 ms] [inner] reduce
[dbg     757.1 ms] [inner] final
[dbg     758.1 ms] [inner] numeric
[dbg     758.2 ms] [inner] pack
[dbg     774.9 ms] [inner] d2h
[dbg     779.0 ms] warmup done
[dbg     779.0 ms] T4 manual self_product: start
[dbg     779.0 ms] [gust] start
[dbg     780.6 ms] [gust] h2d
[dbg     780.6 ms] ESC: count intermediates begin
[dbg     780.7 ms] [gust] count
[dbg     780.8 ms] [gust] scan
[dbg     781.1 ms] ESC: expand begin (47416802 intermediates)
[dbg     781.5 ms] [gust] expand
[dbg     781.5 ms] ESC: sort_by_key begin
[dbg     787.6 ms] [gust] sort
[dbg     787.7 ms] ESC: reduce_by_key begin
[dbg     788.3 ms] [gust] reduce
[dbg     789.4 ms] [gust] final
[dbg     789.5 ms] [gust] pack
[dbg     806.1 ms] [gust] d2h
[dbg     806.6 ms] T4 manual self_product: done (C_nnz=4713580)
[dbg     810.2 ms] T5 outer self_product: start
[dbg     810.2 ms] [outer] start
[dbg     811.7 ms] [outer] h2d
[dbg     812.2 ms] [outer] csc
[dbg     812.2 ms] [outer] count
[dbg     812.3 ms] [outer] scan
[dbg     812.8 ms] [outer] expand
[dbg     818.8 ms] [outer] sort
[dbg     819.5 ms] [outer] reduce
[dbg     820.2 ms] [outer] final
[dbg     820.3 ms] [outer] pack
[dbg     837.1 ms] [outer] d2h
[dbg     838.0 ms] T5 outer self_product: done (C_nnz=4713580)
[dbg     841.6 ms] T6 colwise self_product: start
[dbg     841.6 ms] [colw] start
[dbg     843.1 ms] [colw] h2d
[dbg     843.7 ms] [colw] csc
[dbg     843.7 ms] [colw] count
[dbg     843.8 ms] [colw] scan
[dbg     844.4 ms] [colw] expand
[dbg     850.4 ms] [colw] sort
[dbg     851.1 ms] [colw] reduce
[dbg     851.8 ms] [colw] final
[dbg     851.9 ms] [colw] pack
[dbg     868.9 ms] [colw] d2h
[dbg     869.8 ms] T6 colwise self_product: done (C_nnz=4713580)
[dbg     873.4 ms] T7 inner self_product: start
[dbg     873.4 ms] [inner] start
[dbg     875.0 ms] [inner] h2d
[dbg     875.5 ms] [inner] csc
[dbg     875.5 ms] [inner] count
[dbg     875.6 ms] [inner] scan
[dbg     876.2 ms] [inner] expand
[dbg     882.2 ms] [inner] sort
[dbg     882.9 ms] [inner] reduce
[dbg     883.6 ms] [inner] final
[dbg     884.6 ms] [inner] numeric
[dbg     884.7 ms] [inner] pack
[dbg     901.4 ms] [inner] d2h
[dbg     902.0 ms] T7 inner self_product: done (C_nnz=4713580)
Reading matrix from ./data/first100/bcsstk31.mtx...
Input A: 35588 x 35588, nnz = 1181416, sparsity = 99.91%
===============WARMING UP===============
=== Computing C = A x A (Manual) ===
Result C: 35588 x 35588, nnz = 4713580, sparsity = 99.63%
Time: 27.605 ms

=== Computing C = A x A (Outer) ===
Result C: 35588 x 35588, nnz = 4713580, sparsity = 99.63%
Time: 27.828 ms

=== Computing C = A x A (Colwise) ===
Result C: 35588 x 35588, nnz = 4713580, sparsity = 99.63%
Time: 28.192 ms

=== Computing C = A x A (Inner) ===
Result C: 35588 x 35588, nnz = 4713580, sparsity = 99.63%
Time: 28.654 ms

=== All tests completed ===
Processing bcsstk32 ... (max 600s)
[dbg       0.0 ms] main entry, initializing CUDA context...
[dbg     487.9 ms] CUDA context ready
[dbg     488.0 ms] start read_matrix_market: ./data/first100/bcsstk32.mtx
[dbg     649.1 ms] read done: 44609 x 44609, nnz=2014701
[dbg     649.2 ms] [cu] start
[dbg     662.3 ms] [cu] h2d (16296048 B)
[dbg     662.6 ms] cusparse: workEstimation begin
[dbg     684.6 ms] [cu] workest (buf1=24213315 B)
[dbg     684.6 ms] cusparse: compute begin
[dbg     693.0 ms] [cu] compute (buf2=2442628271 B)
[dbg     693.0 ms] cusparse: C size = 44609 x 44609, nnz=6819653
[dbg     693.2 ms] cusparse: copy begin
[dbg     693.4 ms] [cu] copy
[dbg     693.5 ms] [cu] pack
[dbg     725.4 ms] self_product: C D2H begin (54735664 B)
[dbg     729.2 ms] [cu] d2h
[dbg     735.0 ms] [gust] start
[dbg     737.6 ms] [gust] h2d
[dbg     737.6 ms] ESC: count intermediates begin
[dbg     738.5 ms] [gust] count
[dbg     738.6 ms] [gust] scan
[dbg     739.0 ms] ESC: expand begin (101687697 intermediates)
[dbg     740.0 ms] [gust] expand
[dbg     740.0 ms] ESC: sort_by_key begin
[dbg     752.7 ms] [gust] sort
[dbg     752.9 ms] ESC: reduce_by_key begin
[dbg     754.0 ms] [gust] reduce
[dbg     755.6 ms] [gust] final
[dbg     755.7 ms] [gust] pack
[dbg     780.4 ms] [gust] d2h
[dbg     786.3 ms] [outer] start
[dbg     788.9 ms] [outer] h2d
[dbg     790.6 ms] [outer] csc
[dbg     790.6 ms] [outer] count
[dbg     790.7 ms] [outer] scan
[dbg     791.7 ms] [outer] expand
[dbg     804.3 ms] [outer] sort
[dbg     805.5 ms] [outer] reduce
[dbg     806.6 ms] [outer] final
[dbg     806.7 ms] [outer] pack
[dbg     831.4 ms] [outer] d2h
[dbg     844.9 ms] [colw] start
[dbg     850.3 ms] [colw] h2d
[dbg     851.9 ms] [colw] csc
[dbg     852.0 ms] [colw] count
[dbg     852.2 ms] [colw] scan
[dbg     853.8 ms] [colw] expand
[dbg     867.0 ms] [colw] sort
[dbg     868.4 ms] [colw] reduce
[dbg     870.1 ms] [colw] final
[dbg     870.2 ms] [colw] pack
[dbg     898.5 ms] [colw] d2h
[dbg     905.0 ms] [inner] start
[dbg     907.9 ms] [inner] h2d
[dbg     908.7 ms] [inner] csc
[dbg     908.7 ms] [inner] count
[dbg     908.7 ms] [inner] scan
[dbg     910.0 ms] [inner] expand
[dbg     922.5 ms] [inner] sort
[dbg     923.8 ms] [inner] reduce
[dbg     924.9 ms] [inner] final
[dbg     926.5 ms] [inner] numeric
[dbg     926.8 ms] [inner] pack
[dbg     951.3 ms] [inner] d2h
[dbg     957.3 ms] warmup done
[dbg     957.3 ms] T4 manual self_product: start
[dbg     957.3 ms] [gust] start
[dbg     960.1 ms] [gust] h2d
[dbg     960.1 ms] ESC: count intermediates begin
[dbg     960.2 ms] [gust] count
[dbg     960.3 ms] [gust] scan
[dbg     960.6 ms] ESC: expand begin (101687697 intermediates)
[dbg     961.7 ms] [gust] expand
[dbg     961.7 ms] ESC: sort_by_key begin
[dbg     974.3 ms] [gust] sort
[dbg     974.5 ms] ESC: reduce_by_key begin
[dbg     975.5 ms] [gust] reduce
[dbg     977.1 ms] [gust] final
[dbg     977.2 ms] [gust] pack
[dbg    1001.5 ms] [gust] d2h
[dbg    1002.3 ms] T4 manual self_product: done (C_nnz=6819653)
[dbg    1007.4 ms] T5 outer self_product: start
[dbg    1007.4 ms] [outer] start
[dbg    1010.1 ms] [outer] h2d
[dbg    1010.8 ms] [outer] csc
[dbg    1010.8 ms] [outer] count
[dbg    1010.9 ms] [outer] scan
[dbg    1011.9 ms] [outer] expand
[dbg    1024.4 ms] [outer] sort
[dbg    1025.7 ms] [outer] reduce
[dbg    1026.8 ms] [outer] final
[dbg    1026.9 ms] [outer] pack
[dbg    1051.5 ms] [outer] d2h
[dbg    1052.8 ms] T5 outer self_product: done (C_nnz=6819653)
[dbg    1057.9 ms] T6 colwise self_product: start
[dbg    1057.9 ms] [colw] start
[dbg    1060.9 ms] [colw] h2d
[dbg    1061.5 ms] [colw] csc
[dbg    1061.5 ms] [colw] count
[dbg    1061.6 ms] [colw] scan
[dbg    1062.8 ms] [colw] expand
[dbg    1075.3 ms] [colw] sort
[dbg    1076.6 ms] [colw] reduce
[dbg    1077.7 ms] [colw] final
[dbg    1077.8 ms] [colw] pack
[dbg    1102.1 ms] [colw] d2h
[dbg    1103.4 ms] T6 colwise self_product: done (C_nnz=6819653)
[dbg    1108.4 ms] T7 inner self_product: start
[dbg    1108.4 ms] [inner] start
[dbg    1111.3 ms] [inner] h2d
[dbg    1112.0 ms] [inner] csc
[dbg    1112.1 ms] [inner] count
[dbg    1112.1 ms] [inner] scan
[dbg    1113.3 ms] [inner] expand
[dbg    1125.9 ms] [inner] sort
[dbg    1127.2 ms] [inner] reduce
[dbg    1128.3 ms] [inner] final
[dbg    1129.8 ms] [inner] numeric
[dbg    1130.1 ms] [inner] pack
[dbg    1154.6 ms] [inner] d2h
[dbg    1155.4 ms] T7 inner self_product: done (C_nnz=6819653)
Reading matrix from ./data/first100/bcsstk32.mtx...
Input A: 44609 x 44609, nnz = 2014701, sparsity = 99.90%
===============WARMING UP===============
=== Computing C = A x A (Manual) ===
Result C: 44609 x 44609, nnz = 6819653, sparsity = 99.66%
Time: 44.996 ms

=== Computing C = A x A (Outer) ===
Result C: 44609 x 44609, nnz = 6819653, sparsity = 99.66%
Time: 45.479 ms

=== Computing C = A x A (Colwise) ===
Result C: 44609 x 44609, nnz = 6819653, sparsity = 99.66%
Time: 45.446 ms

=== Computing C = A x A (Inner) ===
Result C: 44609 x 44609, nnz = 6819653, sparsity = 99.66%
Time: 46.988 ms

=== All tests completed ===
Processing bcsstk33 ... (max 600s)
[dbg       0.0 ms] main entry, initializing CUDA context...
[dbg     482.9 ms] CUDA context ready
[dbg     483.0 ms] start read_matrix_market: ./data/first100/bcsstk33.mtx
[dbg     527.0 ms] read done: 8738 x 8738, nnz=591904
[dbg     527.1 ms] [cu] start
[dbg     537.0 ms] [cu] h2d (4770188 B)
[dbg     537.2 ms] cusparse: workEstimation begin
[dbg     563.0 ms] [cu] workest (buf1=7114407 B)
[dbg     563.0 ms] cusparse: compute begin
[dbg     566.1 ms] [cu] compute (buf2=1017574375 B)
[dbg     566.1 ms] cusparse: C size = 8738 x 8738, nnz=2569536
[dbg     566.3 ms] cusparse: copy begin
[dbg     566.4 ms] [cu] copy
[dbg     566.6 ms] [cu] pack
[dbg     578.7 ms] self_product: C D2H begin (20591244 B)
[dbg     580.2 ms] [cu] d2h
[dbg     582.6 ms] [gust] start
[dbg     583.4 ms] [gust] h2d
[dbg     583.4 ms] ESC: count intermediates begin
[dbg     584.8 ms] [gust] count
[dbg     584.9 ms] [gust] scan
[dbg     585.1 ms] ESC: expand begin (42361950 intermediates)
[dbg     585.6 ms] [gust] expand
[dbg     585.6 ms] ESC: sort_by_key begin
[dbg     591.0 ms] [gust] sort
[dbg     591.2 ms] ESC: reduce_by_key begin
[dbg     591.8 ms] [gust] reduce
[dbg     592.8 ms] [gust] final
[dbg     592.9 ms] [gust] pack
[dbg     602.0 ms] [gust] d2h
[dbg     604.5 ms] [outer] start
[dbg     605.3 ms] [outer] h2d
[dbg     607.0 ms] [outer] csc
[dbg     607.0 ms] [outer] count
[dbg     607.1 ms] [outer] scan
[dbg     607.6 ms] [outer] expand
[dbg     613.0 ms] [outer] sort
[dbg     613.6 ms] [outer] reduce
[dbg     614.4 ms] [outer] final
[dbg     614.4 ms] [outer] pack
[dbg     623.4 ms] [outer] d2h
[dbg     626.2 ms] [colw] start
[dbg     627.1 ms] [colw] h2d
[dbg     627.6 ms] [colw] csc
[dbg     627.7 ms] [colw] count
[dbg     627.8 ms] [colw] scan
[dbg     628.4 ms] [colw] expand
[dbg     633.8 ms] [colw] sort
[dbg     634.4 ms] [colw] reduce
[dbg     635.1 ms] [colw] final
[dbg     635.2 ms] [colw] pack
[dbg     643.9 ms] [colw] d2h
[dbg     646.7 ms] [inner] start
[dbg     647.6 ms] [inner] h2d
[dbg     648.1 ms] [inner] csc
[dbg     648.1 ms] [inner] count
[dbg     648.2 ms] [inner] scan
[dbg     648.8 ms] [inner] expand
[dbg     654.3 ms] [inner] sort
[dbg     654.9 ms] [inner] reduce
[dbg     655.5 ms] [inner] final
[dbg     656.5 ms] [inner] numeric
[dbg     656.6 ms] [inner] pack
[dbg     665.5 ms] [inner] d2h
[dbg     668.1 ms] warmup done
[dbg     668.1 ms] T4 manual self_product: start
[dbg     668.1 ms] [gust] start
[dbg     668.9 ms] [gust] h2d
[dbg     668.9 ms] ESC: count intermediates begin
[dbg     669.1 ms] [gust] count
[dbg     669.1 ms] [gust] scan
[dbg     669.4 ms] ESC: expand begin (42361950 intermediates)
[dbg     669.9 ms] [gust] expand
[dbg     669.9 ms] ESC: sort_by_key begin
[dbg     675.3 ms] [gust] sort
[dbg     675.5 ms] ESC: reduce_by_key begin
[dbg     675.9 ms] [gust] reduce
[dbg     676.9 ms] [gust] final
[dbg     677.0 ms] [gust] pack
[dbg     685.7 ms] [gust] d2h
[dbg     686.1 ms] T4 manual self_product: done (C_nnz=2569536)
[dbg     688.1 ms] T5 outer self_product: start
[dbg     688.1 ms] [outer] start
[dbg     688.9 ms] [outer] h2d
[dbg     689.4 ms] [outer] csc
[dbg     689.4 ms] [outer] count
[dbg     689.5 ms] [outer] scan
[dbg     690.0 ms] [outer] expand
[dbg     695.4 ms] [outer] sort
[dbg     696.0 ms] [outer] reduce
[dbg     696.7 ms] [outer] final
[dbg     696.7 ms] [outer] pack
[dbg     705.3 ms] [outer] d2h
[dbg     706.1 ms] T5 outer self_product: done (C_nnz=2569536)
[dbg     708.1 ms] T6 colwise self_product: start
[dbg     708.1 ms] [colw] start
[dbg     709.0 ms] [colw] h2d
[dbg     709.5 ms] [colw] csc
[dbg     709.5 ms] [colw] count
[dbg     709.6 ms] [colw] scan
[dbg     710.3 ms] [colw] expand
[dbg     715.6 ms] [colw] sort
[dbg     716.2 ms] [colw] reduce
[dbg     716.9 ms] [colw] final
[dbg     717.0 ms] [colw] pack
[dbg     725.7 ms] [colw] d2h
[dbg     726.5 ms] T6 colwise self_product: done (C_nnz=2569536)
[dbg     728.5 ms] T7 inner self_product: start
[dbg     728.5 ms] [inner] start
[dbg     729.4 ms] [inner] h2d
[dbg     729.9 ms] [inner] csc
[dbg     730.0 ms] [inner] count
[dbg     730.0 ms] [inner] scan
[dbg     730.7 ms] [inner] expand
[dbg     736.1 ms] [inner] sort
[dbg     736.7 ms] [inner] reduce
[dbg     737.4 ms] [inner] final
[dbg     738.3 ms] [inner] numeric
[dbg     738.4 ms] [inner] pack
[dbg     746.8 ms] [inner] d2h
[dbg     747.4 ms] T7 inner self_product: done (C_nnz=2569536)
Reading matrix from ./data/first100/bcsstk33.mtx...
Input A: 8738 x 8738, nnz = 591904, sparsity = 99.22%
===============WARMING UP===============
=== Computing C = A x A (Manual) ===
Result C: 8738 x 8738, nnz = 2569536, sparsity = 96.63%
Time: 18.055 ms

=== Computing C = A x A (Outer) ===
Result C: 8738 x 8738, nnz = 2569536, sparsity = 96.63%
Time: 17.963 ms

=== Computing C = A x A (Colwise) ===
Result C: 8738 x 8738, nnz = 2569536, sparsity = 96.63%
Time: 18.361 ms

=== Computing C = A x A (Inner) ===
Result C: 8738 x 8738, nnz = 2569536, sparsity = 96.63%
Time: 18.845 ms

=== All tests completed ===
Processing bcsstm01 ... (max 600s)
[dbg       0.0 ms] main entry, initializing CUDA context...
[dbg     475.1 ms] CUDA context ready
[dbg     475.2 ms] start read_matrix_market: ./data/first100/bcsstm01.mtx
[dbg     475.3 ms] read done: 48 x 48, nnz=48
[dbg     475.3 ms] [cu] start
[dbg     483.3 ms] [cu] h2d (580 B)
[dbg     483.3 ms] cusparse: workEstimation begin
[dbg     508.0 ms] [cu] workest (buf1=1639 B)
[dbg     508.1 ms] cusparse: compute begin
[dbg     508.7 ms] [cu] compute (buf2=6495 B)
[dbg     508.7 ms] cusparse: C size = 48 x 48, nnz=48
[dbg     508.7 ms] cusparse: copy begin
[dbg     508.8 ms] [cu] copy
[dbg     508.9 ms] [cu] pack
[dbg     510.4 ms] self_product: C D2H begin (580 B)
[dbg     510.4 ms] [cu] d2h
[dbg     510.9 ms] [gust] start
[dbg     511.0 ms] [gust] h2d
[dbg     511.0 ms] ESC: count intermediates begin
[dbg     512.5 ms] [gust] count
[dbg     512.8 ms] [gust] scan
[dbg     512.8 ms] ESC: expand begin (48 intermediates)
[dbg     512.8 ms] [gust] expand
[dbg     512.8 ms] ESC: sort_by_key begin
[dbg     512.9 ms] [gust] sort
[dbg     512.9 ms] ESC: reduce_by_key begin
[dbg     513.1 ms] [gust] reduce
[dbg     513.2 ms] [gust] final
[dbg     513.2 ms] [gust] pack
[dbg     514.5 ms] [gust] d2h
[dbg     514.9 ms] [outer] start
[dbg     515.0 ms] [outer] h2d
[dbg     516.7 ms] [outer] csc
[dbg     516.8 ms] [outer] count
[dbg     516.8 ms] [outer] scan
[dbg     516.8 ms] [outer] expand
[dbg     516.9 ms] [outer] sort
[dbg     516.9 ms] [outer] reduce
[dbg     517.0 ms] [outer] final
[dbg     517.0 ms] [outer] pack
[dbg     518.1 ms] [outer] d2h
[dbg     518.5 ms] [colw] start
[dbg     518.6 ms] [colw] h2d
[dbg     518.7 ms] [colw] csc
[dbg     518.7 ms] [colw] count
[dbg     518.7 ms] [colw] scan
[dbg     518.8 ms] [colw] expand
[dbg     518.8 ms] [colw] sort
[dbg     518.9 ms] [colw] reduce
[dbg     518.9 ms] [colw] final
[dbg     518.9 ms] [colw] pack
[dbg     519.8 ms] [colw] d2h
[dbg     520.2 ms] [inner] start
[dbg     520.3 ms] [inner] h2d
[dbg     520.4 ms] [inner] csc
[dbg     520.4 ms] [inner] count
[dbg     520.4 ms] [inner] scan
[dbg     520.5 ms] [inner] expand
[dbg     520.5 ms] [inner] sort
[dbg     520.5 ms] [inner] reduce
[dbg     520.6 ms] [inner] final
[dbg     520.6 ms] [inner] numeric
[dbg     520.7 ms] [inner] pack
[dbg     521.4 ms] [inner] d2h
[dbg     521.9 ms] warmup done
[dbg     521.9 ms] T4 manual self_product: start
[dbg     521.9 ms] [gust] start
[dbg     522.0 ms] [gust] h2d
[dbg     522.0 ms] ESC: count intermediates begin
[dbg     522.0 ms] [gust] count
[dbg     522.1 ms] [gust] scan
[dbg     522.1 ms] ESC: expand begin (48 intermediates)
[dbg     522.1 ms] [gust] expand
[dbg     522.1 ms] ESC: sort_by_key begin
[dbg     522.1 ms] [gust] sort
[dbg     522.1 ms] ESC: reduce_by_key begin
[dbg     522.2 ms] [gust] reduce
[dbg     522.2 ms] [gust] final
[dbg     522.2 ms] [gust] pack
[dbg     523.1 ms] [gust] d2h
[dbg     523.2 ms] T4 manual self_product: done (C_nnz=48)
[dbg     523.4 ms] T5 outer self_product: start
[dbg     523.5 ms] [outer] start
[dbg     523.6 ms] [outer] h2d
[dbg     523.6 ms] [outer] csc
[dbg     523.6 ms] [outer] count
[dbg     523.7 ms] [outer] scan
[dbg     523.7 ms] [outer] expand
[dbg     523.7 ms] [outer] sort
[dbg     523.8 ms] [outer] reduce
[dbg     523.8 ms] [outer] final
[dbg     523.9 ms] [outer] pack
[dbg     524.6 ms] [outer] d2h
[dbg     524.8 ms] T5 outer self_product: done (C_nnz=48)
[dbg     525.0 ms] T6 colwise self_product: start
[dbg     525.0 ms] [colw] start
[dbg     525.1 ms] [colw] h2d
[dbg     525.2 ms] [colw] csc
[dbg     525.2 ms] [colw] count
[dbg     525.3 ms] [colw] scan
[dbg     525.3 ms] [colw] expand
[dbg     525.3 ms] [colw] sort
[dbg     525.4 ms] [colw] reduce
[dbg     525.4 ms] [colw] final
[dbg     525.5 ms] [colw] pack
[dbg     526.3 ms] [colw] d2h
[dbg     526.4 ms] T6 colwise self_product: done (C_nnz=48)
[dbg     526.8 ms] T7 inner self_product: start
[dbg     526.8 ms] [inner] start
[dbg     526.9 ms] [inner] h2d
[dbg     526.9 ms] [inner] csc
[dbg     527.0 ms] [inner] count
[dbg     527.0 ms] [inner] scan
[dbg     527.0 ms] [inner] expand
[dbg     527.1 ms] [inner] sort
[dbg     527.1 ms] [inner] reduce
[dbg     527.2 ms] [inner] final
[dbg     527.2 ms] [inner] numeric
[dbg     527.2 ms] [inner] pack
[dbg     528.0 ms] [inner] d2h
[dbg     528.1 ms] T7 inner self_product: done (C_nnz=48)
Reading matrix from ./data/first100/bcsstm01.mtx...
Input A: 48 x 48, nnz = 48, sparsity = 97.92%
===============WARMING UP===============
=== Computing C = A x A (Manual) ===
Result C: 48 x 48, nnz = 48, sparsity = 97.92%
Time: 1.294 ms

=== Computing C = A x A (Outer) ===
Result C: 48 x 48, nnz = 48, sparsity = 97.92%
Time: 1.324 ms

=== Computing C = A x A (Colwise) ===
Result C: 48 x 48, nnz = 48, sparsity = 97.92%
Time: 1.366 ms

=== Computing C = A x A (Inner) ===
Result C: 48 x 48, nnz = 48, sparsity = 97.92%
Time: 1.338 ms

=== All tests completed ===
Processing bcsstm02 ... (max 600s)
[dbg       0.0 ms] main entry, initializing CUDA context...
[dbg     482.3 ms] CUDA context ready
[dbg     482.5 ms] start read_matrix_market: ./data/first100/bcsstm02.mtx
[dbg     482.5 ms] read done: 66 x 66, nnz=66
[dbg     482.5 ms] [cu] start
[dbg     490.8 ms] [cu] h2d (796 B)
[dbg     490.9 ms] cusparse: workEstimation begin
[dbg     514.9 ms] [cu] workest (buf1=1855 B)
[dbg     514.9 ms] cusparse: compute begin
[dbg     515.6 ms] [cu] compute (buf2=6999 B)
[dbg     515.6 ms] cusparse: C size = 66 x 66, nnz=66
[dbg     515.6 ms] cusparse: copy begin
[dbg     515.7 ms] [cu] copy
[dbg     515.8 ms] [cu] pack
[dbg     517.2 ms] self_product: C D2H begin (796 B)
[dbg     517.2 ms] [cu] d2h
[dbg     517.7 ms] [gust] start
[dbg     517.8 ms] [gust] h2d
[dbg     517.8 ms] ESC: count intermediates begin
[dbg     519.2 ms] [gust] count
[dbg     519.5 ms] [gust] scan
[dbg     519.5 ms] ESC: expand begin (66 intermediates)
[dbg     519.6 ms] [gust] expand
[dbg     519.6 ms] ESC: sort_by_key begin
[dbg     519.7 ms] [gust] sort
[dbg     519.7 ms] ESC: reduce_by_key begin
[dbg     519.8 ms] [gust] reduce
[dbg     519.9 ms] [gust] final
[dbg     519.9 ms] [gust] pack
[dbg     521.2 ms] [gust] d2h
[dbg     521.7 ms] [outer] start
[dbg     521.8 ms] [outer] h2d
[dbg     523.6 ms] [outer] csc
[dbg     523.6 ms] [outer] count
[dbg     523.7 ms] [outer] scan
[dbg     523.7 ms] [outer] expand
[dbg     523.8 ms] [outer] sort
[dbg     523.8 ms] [outer] reduce
[dbg     523.9 ms] [outer] final
[dbg     523.9 ms] [outer] pack
[dbg     524.9 ms] [outer] d2h
[dbg     525.3 ms] [colw] start
[dbg     525.4 ms] [colw] h2d
[dbg     525.5 ms] [colw] csc
[dbg     525.6 ms] [colw] count
[dbg     525.6 ms] [colw] scan
[dbg     525.7 ms] [colw] expand
[dbg     525.7 ms] [colw] sort
[dbg     525.8 ms] [colw] reduce
[dbg     525.8 ms] [colw] final
[dbg     525.9 ms] [colw] pack
[dbg     526.7 ms] [colw] d2h
[dbg     527.1 ms] [inner] start
[dbg     527.2 ms] [inner] h2d
[dbg     527.3 ms] [inner] csc
[dbg     527.3 ms] [inner] count
[dbg     527.4 ms] [inner] scan
[dbg     527.4 ms] [inner] expand
[dbg     527.4 ms] [inner] sort
[dbg     527.5 ms] [inner] reduce
[dbg     527.5 ms] [inner] final
[dbg     527.6 ms] [inner] numeric
[dbg     527.6 ms] [inner] pack
[dbg     528.4 ms] [inner] d2h
[dbg     528.8 ms] warmup done
[dbg     528.9 ms] T4 manual self_product: start
[dbg     528.9 ms] [gust] start
[dbg     529.0 ms] [gust] h2d
[dbg     529.0 ms] ESC: count intermediates begin
[dbg     529.0 ms] [gust] count
[dbg     529.1 ms] [gust] scan
[dbg     529.1 ms] ESC: expand begin (66 intermediates)
[dbg     529.1 ms] [gust] expand
[dbg     529.1 ms] ESC: sort_by_key begin
[dbg     529.1 ms] [gust] sort
[dbg     529.1 ms] ESC: reduce_by_key begin
[dbg     529.2 ms] [gust] reduce
[dbg     529.2 ms] [gust] final
[dbg     529.3 ms] [gust] pack
[dbg     530.1 ms] [gust] d2h
[dbg     530.2 ms] T4 manual self_product: done (C_nnz=66)
[dbg     530.5 ms] T5 outer self_product: start
[dbg     530.5 ms] [outer] start
[dbg     530.6 ms] [outer] h2d
[dbg     530.7 ms] [outer] csc
[dbg     530.7 ms] [outer] count
[dbg     530.8 ms] [outer] scan
[dbg     530.8 ms] [outer] expand
[dbg     530.8 ms] [outer] sort
[dbg     530.9 ms] [outer] reduce
[dbg     530.9 ms] [outer] final
[dbg     530.9 ms] [outer] pack
[dbg     531.7 ms] [outer] d2h
[dbg     531.9 ms] T5 outer self_product: done (C_nnz=66)
[dbg     532.1 ms] T6 colwise self_product: start
[dbg     532.1 ms] [colw] start
[dbg     532.2 ms] [colw] h2d
[dbg     532.3 ms] [colw] csc
[dbg     532.3 ms] [colw] count
[dbg     532.4 ms] [colw] scan
[dbg     532.4 ms] [colw] expand
[dbg     532.4 ms] [colw] sort
[dbg     532.5 ms] [colw] reduce
[dbg     532.5 ms] [colw] final
[dbg     532.6 ms] [colw] pack
[dbg     533.4 ms] [colw] d2h
[dbg     533.5 ms] T6 colwise self_product: done (C_nnz=66)
[dbg     533.9 ms] T7 inner self_product: start
[dbg     533.9 ms] [inner] start
[dbg     533.9 ms] [inner] h2d
[dbg     534.0 ms] [inner] csc
[dbg     534.0 ms] [inner] count
[dbg     534.1 ms] [inner] scan
[dbg     534.1 ms] [inner] expand
[dbg     534.1 ms] [inner] sort
[dbg     534.2 ms] [inner] reduce
[dbg     534.2 ms] [inner] final
[dbg     534.3 ms] [inner] numeric
[dbg     534.3 ms] [inner] pack
[dbg     535.1 ms] [inner] d2h
[dbg     535.2 ms] T7 inner self_product: done (C_nnz=66)
Reading matrix from ./data/first100/bcsstm02.mtx...
Input A: 66 x 66, nnz = 66, sparsity = 98.48%
===============WARMING UP===============
=== Computing C = A x A (Manual) ===
Result C: 66 x 66, nnz = 66, sparsity = 98.48%
Time: 1.359 ms

=== Computing C = A x A (Outer) ===
Result C: 66 x 66, nnz = 66, sparsity = 98.48%
Time: 1.359 ms

=== Computing C = A x A (Colwise) ===
Result C: 66 x 66, nnz = 66, sparsity = 98.48%
Time: 1.361 ms

=== Computing C = A x A (Inner) ===
Result C: 66 x 66, nnz = 66, sparsity = 98.48%
Time: 1.327 ms

=== All tests completed ===
Processing bcsstm03 ... (max 600s)
[dbg       0.0 ms] main entry, initializing CUDA context...
[dbg     480.4 ms] CUDA context ready
[dbg     480.5 ms] start read_matrix_market: ./data/first100/bcsstm03.mtx
[dbg     480.6 ms] read done: 112 x 112, nnz=112
[dbg     480.6 ms] [cu] start
[dbg     488.5 ms] [cu] h2d (1348 B)
[dbg     488.5 ms] cusparse: workEstimation begin
[dbg     512.4 ms] [cu] workest (buf1=2407 B)
[dbg     512.4 ms] cusparse: compute begin
[dbg     513.2 ms] [cu] compute (buf2=8287 B)
[dbg     513.2 ms] cusparse: C size = 112 x 112, nnz=112
[dbg     513.2 ms] cusparse: copy begin
[dbg     513.3 ms] [cu] copy
[dbg     513.3 ms] [cu] pack
[dbg     514.8 ms] self_product: C D2H begin (1348 B)
[dbg     514.8 ms] [cu] d2h
[dbg     515.3 ms] [gust] start
[dbg     515.4 ms] [gust] h2d
[dbg     515.4 ms] ESC: count intermediates begin
[dbg     516.8 ms] [gust] count
[dbg     517.1 ms] [gust] scan
[dbg     517.1 ms] ESC: expand begin (112 intermediates)
[dbg     517.1 ms] [gust] expand
[dbg     517.1 ms] ESC: sort_by_key begin
[dbg     517.2 ms] [gust] sort
[dbg     517.2 ms] ESC: reduce_by_key begin
[dbg     517.4 ms] [gust] reduce
[dbg     517.5 ms] [gust] final
[dbg     517.5 ms] [gust] pack
[dbg     518.8 ms] [gust] d2h
[dbg     519.2 ms] [outer] start
[dbg     519.3 ms] [outer] h2d
[dbg     521.1 ms] [outer] csc
[dbg     521.1 ms] [outer] count
[dbg     521.2 ms] [outer] scan
[dbg     521.2 ms] [outer] expand
[dbg     521.3 ms] [outer] sort
[dbg     521.3 ms] [outer] reduce
[dbg     521.4 ms] [outer] final
[dbg     521.4 ms] [outer] pack
[dbg     522.4 ms] [outer] d2h
[dbg     522.9 ms] [colw] start
[dbg     523.0 ms] [colw] h2d
[dbg     523.1 ms] [colw] csc
[dbg     523.1 ms] [colw] count
[dbg     523.2 ms] [colw] scan
[dbg     523.2 ms] [colw] expand
[dbg     523.3 ms] [colw] sort
[dbg     523.3 ms] [colw] reduce
[dbg     523.4 ms] [colw] final
[dbg     523.4 ms] [colw] pack
[dbg     524.3 ms] [colw] d2h
[dbg     524.7 ms] [inner] start
[dbg     524.8 ms] [inner] h2d
[dbg     524.9 ms] [inner] csc
[dbg     524.9 ms] [inner] count
[dbg     524.9 ms] [inner] scan
[dbg     525.0 ms] [inner] expand
[dbg     525.0 ms] [inner] sort
[dbg     525.0 ms] [inner] reduce
[dbg     525.1 ms] [inner] final
[dbg     525.1 ms] [inner] numeric
[dbg     525.2 ms] [inner] pack
[dbg     526.1 ms] [inner] d2h
[dbg     526.4 ms] warmup done
[dbg     526.5 ms] T4 manual self_product: start
[dbg     526.5 ms] [gust] start
[dbg     526.6 ms] [gust] h2d
[dbg     526.6 ms] ESC: count intermediates begin
[dbg     526.6 ms] [gust] count
[dbg     526.6 ms] [gust] scan
[dbg     526.6 ms] ESC: expand begin (112 intermediates)
[dbg     526.7 ms] [gust] expand
[dbg     526.7 ms] ESC: sort_by_key begin
[dbg     526.7 ms] [gust] sort
[dbg     526.7 ms] ESC: reduce_by_key begin
[dbg     526.8 ms] [gust] reduce
[dbg     526.8 ms] [gust] final
[dbg     526.8 ms] [gust] pack
[dbg     527.6 ms] [gust] d2h
[dbg     527.8 ms] T4 manual self_product: done (C_nnz=112)
[dbg     528.1 ms] T5 outer self_product: start
[dbg     528.1 ms] [outer] start
[dbg     528.2 ms] [outer] h2d
[dbg     528.2 ms] [outer] csc
[dbg     528.3 ms] [outer] count
[dbg     528.3 ms] [outer] scan
[dbg     528.3 ms] [outer] expand
[dbg     528.4 ms] [outer] sort
[dbg     528.4 ms] [outer] reduce
[dbg     528.5 ms] [outer] final
[dbg     528.5 ms] [outer] pack
[dbg     529.3 ms] [outer] d2h
[dbg     529.4 ms] T5 outer self_product: done (C_nnz=112)
[dbg     529.7 ms] T6 colwise self_product: start
[dbg     529.7 ms] [colw] start
[dbg     529.8 ms] [colw] h2d
[dbg     529.9 ms] [colw] csc
[dbg     529.9 ms] [colw] count
[dbg     530.0 ms] [colw] scan
[dbg     530.0 ms] [colw] expand
[dbg     530.0 ms] [colw] sort
[dbg     530.1 ms] [colw] reduce
[dbg     530.1 ms] [colw] final
[dbg     530.1 ms] [colw] pack
[dbg     531.0 ms] [colw] d2h
[dbg     531.1 ms] T6 colwise self_product: done (C_nnz=112)
[dbg     531.4 ms] T7 inner self_product: start
[dbg     531.4 ms] [inner] start
[dbg     531.5 ms] [inner] h2d
[dbg     531.6 ms] [inner] csc
[dbg     531.6 ms] [inner] count
[dbg     531.7 ms] [inner] scan
[dbg     531.7 ms] [inner] expand
[dbg     531.8 ms] [inner] sort
[dbg     531.8 ms] [inner] reduce
[dbg     531.9 ms] [inner] final
[dbg     531.9 ms] [inner] numeric
[dbg     531.9 ms] [inner] pack
[dbg     532.7 ms] [inner] d2h
[dbg     532.8 ms] T7 inner self_product: done (C_nnz=112)
Reading matrix from ./data/first100/bcsstm03.mtx...
Input A: 112 x 112, nnz = 112, sparsity = 99.11%
===============WARMING UP===============
=== Computing C = A x A (Manual) ===
Result C: 112 x 112, nnz = 112, sparsity = 99.11%
Time: 1.326 ms

=== Computing C = A x A (Outer) ===
Result C: 112 x 112, nnz = 112, sparsity = 99.11%
Time: 1.373 ms

=== Computing C = A x A (Colwise) ===
Result C: 112 x 112, nnz = 112, sparsity = 99.11%
Time: 1.400 ms

=== Computing C = A x A (Inner) ===
Result C: 112 x 112, nnz = 112, sparsity = 99.11%
Time: 1.412 ms

=== All tests completed ===
Processing bcsstm04 ... (max 600s)
[dbg       0.0 ms] main entry, initializing CUDA context...
[dbg     482.9 ms] CUDA context ready
[dbg     483.0 ms] start read_matrix_market: ./data/first100/bcsstm04.mtx
[dbg     483.1 ms] read done: 132 x 132, nnz=132
[dbg     483.1 ms] [cu] start
[dbg     491.1 ms] [cu] h2d (1588 B)
[dbg     491.1 ms] cusparse: workEstimation begin
[dbg     515.0 ms] [cu] workest (buf1=2647 B)
[dbg     515.0 ms] cusparse: compute begin
[dbg     515.7 ms] [cu] compute (buf2=8847 B)
[dbg     515.7 ms] cusparse: C size = 132 x 132, nnz=132
[dbg     515.7 ms] cusparse: copy begin
[dbg     515.8 ms] [cu] copy
[dbg     515.8 ms] [cu] pack
[dbg     517.3 ms] self_product: C D2H begin (1588 B)
[dbg     517.3 ms] [cu] d2h
[dbg     517.8 ms] [gust] start
[dbg     517.9 ms] [gust] h2d
[dbg     517.9 ms] ESC: count intermediates begin
[dbg     519.3 ms] [gust] count
[dbg     519.5 ms] [gust] scan
[dbg     519.6 ms] ESC: expand begin (132 intermediates)
[dbg     519.6 ms] [gust] expand
[dbg     519.6 ms] ESC: sort_by_key begin
[dbg     519.7 ms] [gust] sort
[dbg     519.7 ms] ESC: reduce_by_key begin
[dbg     519.8 ms] [gust] reduce
[dbg     519.9 ms] [gust] final
[dbg     519.9 ms] [gust] pack
[dbg     521.2 ms] [gust] d2h
[dbg     521.6 ms] [outer] start
[dbg     521.7 ms] [outer] h2d
[dbg     523.4 ms] [outer] csc
[dbg     523.5 ms] [outer] count
[dbg     523.5 ms] [outer] scan
[dbg     523.6 ms] [outer] expand
[dbg     523.6 ms] [outer] sort
[dbg     523.6 ms] [outer] reduce
[dbg     523.7 ms] [outer] final
[dbg     523.7 ms] [outer] pack
[dbg     524.8 ms] [outer] d2h
[dbg     525.2 ms] [colw] start
[dbg     525.3 ms] [colw] h2d
[dbg     525.4 ms] [colw] csc
[dbg     525.4 ms] [colw] count
[dbg     525.5 ms] [colw] scan
[dbg     525.5 ms] [colw] expand
[dbg     525.6 ms] [colw] sort
[dbg     525.6 ms] [colw] reduce
[dbg     525.6 ms] [colw] final
[dbg     525.7 ms] [colw] pack
[dbg     526.5 ms] [colw] d2h
[dbg     526.9 ms] [inner] start
[dbg     527.0 ms] [inner] h2d
[dbg     527.1 ms] [inner] csc
[dbg     527.1 ms] [inner] count
[dbg     527.2 ms] [inner] scan
[dbg     527.2 ms] [inner] expand
[dbg     527.2 ms] [inner] sort
[dbg     527.3 ms] [inner] reduce
[dbg     527.3 ms] [inner] final
[dbg     527.4 ms] [inner] numeric
[dbg     527.4 ms] [inner] pack
[dbg     528.2 ms] [inner] d2h
[dbg     528.6 ms] warmup done
[dbg     528.6 ms] T4 manual self_product: start
[dbg     528.6 ms] [gust] start
[dbg     528.7 ms] [gust] h2d
[dbg     528.7 ms] ESC: count intermediates begin
[dbg     528.7 ms] [gust] count
[dbg     528.8 ms] [gust] scan
[dbg     528.8 ms] ESC: expand begin (132 intermediates)
[dbg     528.8 ms] [gust] expand
[dbg     528.8 ms] ESC: sort_by_key begin
[dbg     528.8 ms] [gust] sort
[dbg     528.8 ms] ESC: reduce_by_key begin
[dbg     528.9 ms] [gust] reduce
[dbg     528.9 ms] [gust] final
[dbg     528.9 ms] [gust] pack
[dbg     529.7 ms] [gust] d2h
[dbg     529.9 ms] T4 manual self_product: done (C_nnz=132)
[dbg     530.2 ms] T5 outer self_product: start
[dbg     530.2 ms] [outer] start
[dbg     530.3 ms] [outer] h2d
[dbg     530.3 ms] [outer] csc
[dbg     530.3 ms] [outer] count
[dbg     530.4 ms] [outer] scan
[dbg     530.4 ms] [outer] expand
[dbg     530.4 ms] [outer] sort
[dbg     530.5 ms] [outer] reduce
[dbg     530.5 ms] [outer] final
[dbg     530.6 ms] [outer] pack
[dbg     531.3 ms] [outer] d2h
[dbg     531.5 ms] T5 outer self_product: done (C_nnz=132)
[dbg     531.7 ms] T6 colwise self_product: start
[dbg     531.7 ms] [colw] start
[dbg     531.8 ms] [colw] h2d
[dbg     531.9 ms] [colw] csc
[dbg     531.9 ms] [colw] count
[dbg     532.0 ms] [colw] scan
[dbg     532.0 ms] [colw] expand
[dbg     532.0 ms] [colw] sort
[dbg     532.1 ms] [colw] reduce
[dbg     532.1 ms] [colw] final
[dbg     532.1 ms] [colw] pack
[dbg     532.9 ms] [colw] d2h
[dbg     533.0 ms] T6 colwise self_product: done (C_nnz=132)
[dbg     533.3 ms] T7 inner self_product: start
[dbg     533.3 ms] [inner] start
[dbg     533.4 ms] [inner] h2d
[dbg     533.5 ms] [inner] csc
[dbg     533.5 ms] [inner] count
[dbg     533.6 ms] [inner] scan
[dbg     533.6 ms] [inner] expand
[dbg     533.6 ms] [inner] sort
[dbg     533.7 ms] [inner] reduce
[dbg     533.7 ms] [inner] final
[dbg     533.7 ms] [inner] numeric
[dbg     533.8 ms] [inner] pack
[dbg     534.5 ms] [inner] d2h
[dbg     534.6 ms] T7 inner self_product: done (C_nnz=132)
Reading matrix from ./data/first100/bcsstm04.mtx...
Input A: 132 x 132, nnz = 132, sparsity = 99.24%
===============WARMING UP===============
=== Computing C = A x A (Manual) ===
Result C: 132 x 132, nnz = 132, sparsity = 99.24%
Time: 1.271 ms

=== Computing C = A x A (Outer) ===
Result C: 132 x 132, nnz = 132, sparsity = 99.24%
Time: 1.312 ms

=== Computing C = A x A (Colwise) ===
Result C: 132 x 132, nnz = 132, sparsity = 99.24%
Time: 1.315 ms

=== Computing C = A x A (Inner) ===
Result C: 132 x 132, nnz = 132, sparsity = 99.24%
Time: 1.306 ms

=== All tests completed ===
Processing bcsstm05 ... (max 600s)
[dbg       0.0 ms] main entry, initializing CUDA context...
[dbg     485.9 ms] CUDA context ready
[dbg     486.1 ms] start read_matrix_market: ./data/first100/bcsstm05.mtx
[dbg     486.2 ms] read done: 153 x 153, nnz=153
[dbg     486.2 ms] [cu] start
[dbg     494.4 ms] [cu] h2d (1840 B)
[dbg     494.4 ms] cusparse: workEstimation begin
[dbg     521.6 ms] [cu] workest (buf1=2899 B)
[dbg     521.6 ms] cusparse: compute begin
[dbg     522.3 ms] [cu] compute (buf2=9435 B)
[dbg     522.3 ms] cusparse: C size = 153 x 153, nnz=153
[dbg     522.3 ms] cusparse: copy begin
[dbg     522.4 ms] [cu] copy
[dbg     522.4 ms] [cu] pack
[dbg     523.8 ms] self_product: C D2H begin (1840 B)
[dbg     523.8 ms] [cu] d2h
[dbg     524.3 ms] [gust] start
[dbg     524.4 ms] [gust] h2d
[dbg     524.4 ms] ESC: count intermediates begin
[dbg     525.9 ms] [gust] count
[dbg     526.2 ms] [gust] scan
[dbg     526.2 ms] ESC: expand begin (153 intermediates)
[dbg     526.2 ms] [gust] expand
[dbg     526.2 ms] ESC: sort_by_key begin
[dbg     526.3 ms] [gust] sort
[dbg     526.3 ms] ESC: reduce_by_key begin
[dbg     526.5 ms] [gust] reduce
[dbg     526.6 ms] [gust] final
[dbg     526.6 ms] [gust] pack
[dbg     527.9 ms] [gust] d2h
[dbg     528.3 ms] [outer] start
[dbg     528.4 ms] [outer] h2d
[dbg     530.1 ms] [outer] csc
[dbg     530.2 ms] [outer] count
[dbg     530.2 ms] [outer] scan
[dbg     530.2 ms] [outer] expand
[dbg     530.3 ms] [outer] sort
[dbg     530.3 ms] [outer] reduce
[dbg     530.4 ms] [outer] final
[dbg     530.4 ms] [outer] pack
[dbg     531.4 ms] [outer] d2h
[dbg     531.8 ms] [colw] start
[dbg     531.9 ms] [colw] h2d
[dbg     532.0 ms] [colw] csc
[dbg     532.0 ms] [colw] count
[dbg     532.1 ms] [colw] scan
[dbg     532.1 ms] [colw] expand
[dbg     532.2 ms] [colw] sort
[dbg     532.2 ms] [colw] reduce
[dbg     532.2 ms] [colw] final
[dbg     532.3 ms] [colw] pack
[dbg     533.1 ms] [colw] d2h
[dbg     533.5 ms] [inner] start
[dbg     533.6 ms] [inner] h2d
[dbg     533.7 ms] [inner] csc
[dbg     533.7 ms] [inner] count
[dbg     533.8 ms] [inner] scan
[dbg     533.8 ms] [inner] expand
[dbg     533.8 ms] [inner] sort
[dbg     533.9 ms] [inner] reduce
[dbg     533.9 ms] [inner] final
[dbg     534.0 ms] [inner] numeric
[dbg     534.0 ms] [inner] pack
[dbg     534.8 ms] [inner] d2h
[dbg     535.2 ms] warmup done
[dbg     535.3 ms] T4 manual self_product: start
[dbg     535.3 ms] [gust] start
[dbg     535.4 ms] [gust] h2d
[dbg     535.4 ms] ESC: count intermediates begin
[dbg     535.4 ms] [gust] count
[dbg     535.4 ms] [gust] scan
[dbg     535.4 ms] ESC: expand begin (153 intermediates)
[dbg     535.4 ms] [gust] expand
[dbg     535.5 ms] ESC: sort_by_key begin
[dbg     535.5 ms] [gust] sort
[dbg     535.5 ms] ESC: reduce_by_key begin
[dbg     535.5 ms] [gust] reduce
[dbg     535.6 ms] [gust] final
[dbg     535.6 ms] [gust] pack
[dbg     536.4 ms] [gust] d2h
[dbg     536.5 ms] T4 manual self_product: done (C_nnz=153)
[dbg     536.8 ms] T5 outer self_product: start
[dbg     536.8 ms] [outer] start
[dbg     536.9 ms] [outer] h2d
[dbg     537.0 ms] [outer] csc
[dbg     537.0 ms] [outer] count
[dbg     537.0 ms] [outer] scan
[dbg     537.1 ms] [outer] expand
[dbg     537.1 ms] [outer] sort
[dbg     537.1 ms] [outer] reduce
[dbg     537.2 ms] [outer] final
[dbg     537.2 ms] [outer] pack
[dbg     538.0 ms] [outer] d2h
[dbg     538.1 ms] T5 outer self_product: done (C_nnz=153)
[dbg     538.4 ms] T6 colwise self_product: start
[dbg     538.4 ms] [colw] start
[dbg     538.5 ms] [colw] h2d
[dbg     538.6 ms] [colw] csc
[dbg     538.6 ms] [colw] count
[dbg     538.6 ms] [colw] scan
[dbg     538.6 ms] [colw] expand
[dbg     538.7 ms] [colw] sort
[dbg     538.7 ms] [colw] reduce
[dbg     538.8 ms] [colw] final
[dbg     538.8 ms] [colw] pack
[dbg     539.6 ms] [colw] d2h
[dbg     539.7 ms] T6 colwise self_product: done (C_nnz=153)
[dbg     540.0 ms] T7 inner self_product: start
[dbg     540.0 ms] [inner] start
[dbg     540.1 ms] [inner] h2d
[dbg     540.1 ms] [inner] csc
[dbg     540.2 ms] [inner] count
[dbg     540.2 ms] [inner] scan
[dbg     540.2 ms] [inner] expand
[dbg     540.2 ms] [inner] sort
[dbg     540.3 ms] [inner] reduce
[dbg     540.3 ms] [inner] final
[dbg     540.3 ms] [inner] numeric
[dbg     540.4 ms] [inner] pack
[dbg     541.1 ms] [inner] d2h
[dbg     541.3 ms] T7 inner self_product: done (C_nnz=153)
Reading matrix from ./data/first100/bcsstm05.mtx...
Input A: 153 x 153, nnz = 153, sparsity = 99.35%
===============WARMING UP===============
=== Computing C = A x A (Manual) ===
Result C: 153 x 153, nnz = 153, sparsity = 99.35%
Time: 1.273 ms

=== Computing C = A x A (Outer) ===
Result C: 153 x 153, nnz = 153, sparsity = 99.35%
Time: 1.299 ms

=== Computing C = A x A (Colwise) ===
Result C: 153 x 153, nnz = 153, sparsity = 99.35%
Time: 1.314 ms

=== Computing C = A x A (Inner) ===
Result C: 153 x 153, nnz = 153, sparsity = 99.35%
Time: 1.293 ms

=== All tests completed ===
Processing bcsstm06 ... (max 600s)
[dbg       0.0 ms] main entry, initializing CUDA context...
[dbg     486.1 ms] CUDA context ready
[dbg     486.3 ms] start read_matrix_market: ./data/first100/bcsstm06.mtx
[dbg     486.5 ms] read done: 420 x 420, nnz=420
[dbg     486.5 ms] [cu] start
[dbg     494.7 ms] [cu] h2d (5044 B)
[dbg     494.8 ms] cusparse: workEstimation begin
[dbg     521.7 ms] [cu] workest (buf1=6103 B)
[dbg     521.7 ms] cusparse: compute begin
[dbg     522.4 ms] [cu] compute (buf2=16911 B)
[dbg     522.4 ms] cusparse: C size = 420 x 420, nnz=420
[dbg     522.4 ms] cusparse: copy begin
[dbg     522.5 ms] [cu] copy
[dbg     522.5 ms] [cu] pack
[dbg     524.0 ms] self_product: C D2H begin (5044 B)
[dbg     524.0 ms] [cu] d2h
[dbg     524.5 ms] [gust] start
[dbg     524.6 ms] [gust] h2d
[dbg     524.6 ms] ESC: count intermediates begin
[dbg     526.3 ms] [gust] count
[dbg     526.5 ms] [gust] scan
[dbg     526.6 ms] ESC: expand begin (420 intermediates)
[dbg     526.6 ms] [gust] expand
[dbg     526.6 ms] ESC: sort_by_key begin
[dbg     526.7 ms] [gust] sort
[dbg     526.7 ms] ESC: reduce_by_key begin
[dbg     526.9 ms] [gust] reduce
[dbg     526.9 ms] [gust] final
[dbg     527.0 ms] [gust] pack
[dbg     528.3 ms] [gust] d2h
[dbg     528.7 ms] [outer] start
[dbg     528.8 ms] [outer] h2d
[dbg     530.8 ms] [outer] csc
[dbg     530.9 ms] [outer] count
[dbg     530.9 ms] [outer] scan
[dbg     530.9 ms] [outer] expand
[dbg     531.0 ms] [outer] sort
[dbg     531.0 ms] [outer] reduce
[dbg     531.1 ms] [outer] final
[dbg     531.1 ms] [outer] pack
[dbg     532.2 ms] [outer] d2h
[dbg     532.6 ms] [colw] start
[dbg     532.7 ms] [colw] h2d
[dbg     532.8 ms] [colw] csc
[dbg     532.8 ms] [colw] count
[dbg     532.9 ms] [colw] scan
[dbg     532.9 ms] [colw] expand
[dbg     533.0 ms] [colw] sort
[dbg     533.0 ms] [colw] reduce
[dbg     533.1 ms] [colw] final
[dbg     533.1 ms] [colw] pack
[dbg     534.0 ms] [colw] d2h
[dbg     534.4 ms] [inner] start
[dbg     534.5 ms] [inner] h2d
[dbg     534.6 ms] [inner] csc
[dbg     534.6 ms] [inner] count
[dbg     534.7 ms] [inner] scan
[dbg     534.7 ms] [inner] expand
[dbg     534.8 ms] [inner] sort
[dbg     534.8 ms] [inner] reduce
[dbg     534.9 ms] [inner] final
[dbg     534.9 ms] [inner] numeric
[dbg     534.9 ms] [inner] pack
[dbg     535.8 ms] [inner] d2h
[dbg     536.1 ms] warmup done
[dbg     536.2 ms] T4 manual self_product: start
[dbg     536.2 ms] [gust] start
[dbg     536.3 ms] [gust] h2d
[dbg     536.3 ms] ESC: count intermediates begin
[dbg     536.3 ms] [gust] count
[dbg     536.3 ms] [gust] scan
[dbg     536.3 ms] ESC: expand begin (420 intermediates)
[dbg     536.3 ms] [gust] expand
[dbg     536.3 ms] ESC: sort_by_key begin
[dbg     536.4 ms] [gust] sort
[dbg     536.4 ms] ESC: reduce_by_key begin
[dbg     536.4 ms] [gust] reduce
[dbg     536.5 ms] [gust] final
[dbg     536.5 ms] [gust] pack
[dbg     537.4 ms] [gust] d2h
[dbg     537.5 ms] T4 manual self_product: done (C_nnz=420)
[dbg     537.8 ms] T5 outer self_product: start
[dbg     537.8 ms] [outer] start
[dbg     537.9 ms] [outer] h2d
[dbg     538.0 ms] [outer] csc
[dbg     538.0 ms] [outer] count
[dbg     538.0 ms] [outer] scan
[dbg     538.1 ms] [outer] expand
[dbg     538.1 ms] [outer] sort
[dbg     538.2 ms] [outer] reduce
[dbg     538.2 ms] [outer] final
[dbg     538.2 ms] [outer] pack
[dbg     539.0 ms] [outer] d2h
[dbg     539.2 ms] T5 outer self_product: done (C_nnz=420)
[dbg     539.4 ms] T6 colwise self_product: start
[dbg     539.5 ms] [colw] start
[dbg     539.5 ms] [colw] h2d
[dbg     539.6 ms] [colw] csc
[dbg     539.6 ms] [colw] count
[dbg     539.7 ms] [colw] scan
[dbg     539.7 ms] [colw] expand
[dbg     539.8 ms] [colw] sort
[dbg     539.8 ms] [colw] reduce
[dbg     539.9 ms] [colw] final
[dbg     539.9 ms] [colw] pack
[dbg     540.7 ms] [colw] d2h
[dbg     540.8 ms] T6 colwise self_product: done (C_nnz=420)
[dbg     541.1 ms] T7 inner self_product: start
[dbg     541.1 ms] [inner] start
[dbg     541.2 ms] [inner] h2d
[dbg     541.3 ms] [inner] csc
[dbg     541.3 ms] [inner] count
[dbg     541.3 ms] [inner] scan
[dbg     541.4 ms] [inner] expand
[dbg     541.4 ms] [inner] sort
[dbg     541.4 ms] [inner] reduce
[dbg     541.5 ms] [inner] final
[dbg     541.5 ms] [inner] numeric
[dbg     541.5 ms] [inner] pack
[dbg     542.3 ms] [inner] d2h
[dbg     542.4 ms] T7 inner self_product: done (C_nnz=420)
Reading matrix from ./data/first100/bcsstm06.mtx...
Input A: 420 x 420, nnz = 420, sparsity = 99.76%
===============WARMING UP===============
=== Computing C = A x A (Manual) ===
Result C: 420 x 420, nnz = 420, sparsity = 99.76%
Time: 1.304 ms

=== Computing C = A x A (Outer) ===
Result C: 420 x 420, nnz = 420, sparsity = 99.76%
Time: 1.347 ms

=== Computing C = A x A (Colwise) ===
Result C: 420 x 420, nnz = 420, sparsity = 99.76%
Time: 1.401 ms

=== Computing C = A x A (Inner) ===
Result C: 420 x 420, nnz = 420, sparsity = 99.76%
Time: 1.323 ms

=== All tests completed ===
Processing bcsstm07 ... (max 600s)
[dbg       0.0 ms] main entry, initializing CUDA context...
[dbg     488.2 ms] CUDA context ready
[dbg     488.3 ms] start read_matrix_market: ./data/first100/bcsstm07.mtx
[dbg     489.6 ms] read done: 420 x 420, nnz=7252
[dbg     489.6 ms] [cu] start
[dbg     497.6 ms] [cu] h2d (59700 B)
[dbg     497.6 ms] cusparse: workEstimation begin
[dbg     521.8 ms] [cu] workest (buf1=88087 B)
[dbg     521.8 ms] cusparse: compute begin
[dbg     522.6 ms] [cu] compute (buf2=3383703 B)
[dbg     522.6 ms] cusparse: C size = 420 x 420, nnz=22972
[dbg     522.6 ms] cusparse: copy begin
[dbg     522.7 ms] [cu] copy
[dbg     522.7 ms] [cu] pack
[dbg     524.3 ms] self_product: C D2H begin (185460 B)
[dbg     524.3 ms] [cu] d2h
[dbg     524.8 ms] [gust] start
[dbg     524.9 ms] [gust] h2d
[dbg     524.9 ms] ESC: count intermediates begin
[dbg     526.4 ms] [gust] count
[dbg     526.7 ms] [gust] scan
[dbg     526.7 ms] ESC: expand begin (140656 intermediates)
[dbg     526.7 ms] [gust] expand
[dbg     526.7 ms] ESC: sort_by_key begin
[dbg     527.2 ms] [gust] sort
[dbg     527.3 ms] ESC: reduce_by_key begin
[dbg     527.5 ms] [gust] reduce
[dbg     527.6 ms] [gust] final
[dbg     527.6 ms] [gust] pack
[dbg     528.9 ms] [gust] d2h
[dbg     529.3 ms] [outer] start
[dbg     529.5 ms] [outer] h2d
[dbg     531.2 ms] [outer] csc
[dbg     531.3 ms] [outer] count
[dbg     531.3 ms] [outer] scan
[dbg     531.4 ms] [outer] expand
[dbg     531.7 ms] [outer] sort
[dbg     531.8 ms] [outer] reduce
[dbg     532.0 ms] [outer] final
[dbg     532.1 ms] [outer] pack
[dbg     533.1 ms] [outer] d2h
[dbg     533.6 ms] [colw] start
[dbg     533.7 ms] [colw] h2d
[dbg     533.8 ms] [colw] csc
[dbg     533.9 ms] [colw] count
[dbg     533.9 ms] [colw] scan
[dbg     534.0 ms] [colw] expand
[dbg     534.3 ms] [colw] sort
[dbg     534.4 ms] [colw] reduce
[dbg     534.6 ms] [colw] final
[dbg     534.7 ms] [colw] pack
[dbg     535.6 ms] [colw] d2h
[dbg     536.1 ms] [inner] start
[dbg     536.2 ms] [inner] h2d
[dbg     536.3 ms] [inner] csc
[dbg     536.3 ms] [inner] count
[dbg     536.4 ms] [inner] scan
[dbg     536.4 ms] [inner] expand
[dbg     536.8 ms] [inner] sort
[dbg     536.9 ms] [inner] reduce
[dbg     537.0 ms] [inner] final
[dbg     537.1 ms] [inner] numeric
[dbg     537.1 ms] [inner] pack
[dbg     538.1 ms] [inner] d2h
[dbg     538.5 ms] warmup done
[dbg     538.5 ms] T4 manual self_product: start
[dbg     538.5 ms] [gust] start
[dbg     538.6 ms] [gust] h2d
[dbg     538.6 ms] ESC: count intermediates begin
[dbg     538.6 ms] [gust] count
[dbg     538.7 ms] [gust] scan
[dbg     538.7 ms] ESC: expand begin (140656 intermediates)
[dbg     538.7 ms] [gust] expand
[dbg     538.7 ms] ESC: sort_by_key begin
[dbg     539.0 ms] [gust] sort
[dbg     539.1 ms] ESC: reduce_by_key begin
[dbg     539.2 ms] [gust] reduce
[dbg     539.2 ms] [gust] final
[dbg     539.2 ms] [gust] pack
[dbg     540.1 ms] [gust] d2h
[dbg     540.3 ms] T4 manual self_product: done (C_nnz=22972)
[dbg     540.7 ms] T5 outer self_product: start
[dbg     540.7 ms] [outer] start
[dbg     540.8 ms] [outer] h2d
[dbg     540.9 ms] [outer] csc
[dbg     540.9 ms] [outer] count
[dbg     541.0 ms] [outer] scan
[dbg     541.0 ms] [outer] expand
[dbg     541.3 ms] [outer] sort
[dbg     541.4 ms] [outer] reduce
[dbg     541.6 ms] [outer] final
[dbg     541.7 ms] [outer] pack
[dbg     542.6 ms] [outer] d2h
[dbg     542.8 ms] T5 outer self_product: done (C_nnz=22972)
[dbg     543.0 ms] T6 colwise self_product: start
[dbg     543.0 ms] [colw] start
[dbg     543.2 ms] [colw] h2d
[dbg     543.2 ms] [colw] csc
[dbg     543.3 ms] [colw] count
[dbg     543.3 ms] [colw] scan
[dbg     543.3 ms] [colw] expand
[dbg     543.7 ms] [colw] sort
[dbg     543.8 ms] [colw] reduce
[dbg     544.0 ms] [colw] final
[dbg     544.0 ms] [colw] pack
[dbg     545.0 ms] [colw] d2h
[dbg     545.2 ms] T6 colwise self_product: done (C_nnz=22972)
[dbg     545.5 ms] T7 inner self_product: start
[dbg     545.5 ms] [inner] start
[dbg     545.6 ms] [inner] h2d
[dbg     545.7 ms] [inner] csc
[dbg     545.7 ms] [inner] count
[dbg     545.7 ms] [inner] scan
[dbg     545.8 ms] [inner] expand
[dbg     546.1 ms] [inner] sort
[dbg     546.2 ms] [inner] reduce
[dbg     546.3 ms] [inner] final
[dbg     546.4 ms] [inner] numeric
[dbg     546.4 ms] [inner] pack
[dbg     547.3 ms] [inner] d2h
[dbg     547.4 ms] T7 inner self_product: done (C_nnz=22972)
Reading matrix from ./data/first100/bcsstm07.mtx...
Input A: 420 x 420, nnz = 7252, sparsity = 95.89%
===============WARMING UP===============
=== Computing C = A x A (Manual) ===
Result C: 420 x 420, nnz = 22972, sparsity = 86.98%
Time: 1.803 ms

=== Computing C = A x A (Outer) ===
Result C: 420 x 420, nnz = 22972, sparsity = 86.98%
Time: 2.080 ms

=== Computing C = A x A (Colwise) ===
Result C: 420 x 420, nnz = 22972, sparsity = 86.98%
Time: 2.113 ms

=== Computing C = A x A (Inner) ===
Result C: 420 x 420, nnz = 22972, sparsity = 86.98%
Time: 1.958 ms

=== All tests completed ===
Processing bcsstm08 ... (max 600s)
[dbg       0.0 ms] main entry, initializing CUDA context...
[dbg     489.4 ms] CUDA context ready
[dbg     489.6 ms] start read_matrix_market: ./data/first100/bcsstm08.mtx
[dbg     489.9 ms] read done: 1074 x 1074, nnz=1074
[dbg     489.9 ms] [cu] start
[dbg     498.0 ms] [cu] h2d (12892 B)
[dbg     498.0 ms] cusparse: workEstimation begin
[dbg     522.6 ms] [cu] workest (buf1=13951 B)
[dbg     522.6 ms] cusparse: compute begin
[dbg     523.2 ms] [cu] compute (buf2=44671 B)
[dbg     523.3 ms] cusparse: C size = 1074 x 1074, nnz=1074
[dbg     523.3 ms] cusparse: copy begin
[dbg     523.4 ms] [cu] copy
[dbg     523.4 ms] [cu] pack
[dbg     524.9 ms] self_product: C D2H begin (12892 B)
[dbg     525.0 ms] [cu] d2h
[dbg     525.4 ms] [gust] start
[dbg     525.5 ms] [gust] h2d
[dbg     525.5 ms] ESC: count intermediates begin
[dbg     527.0 ms] [gust] count
[dbg     527.3 ms] [gust] scan
[dbg     527.3 ms] ESC: expand begin (1074 intermediates)
[dbg     527.3 ms] [gust] expand
[dbg     527.3 ms] ESC: sort_by_key begin
[dbg     527.4 ms] [gust] sort
[dbg     527.4 ms] ESC: reduce_by_key begin
[dbg     527.6 ms] [gust] reduce
[dbg     527.7 ms] [gust] final
[dbg     527.7 ms] [gust] pack
[dbg     529.0 ms] [gust] d2h
[dbg     529.4 ms] [outer] start
[dbg     529.6 ms] [outer] h2d
[dbg     531.3 ms] [outer] csc
[dbg     531.4 ms] [outer] count
[dbg     531.4 ms] [outer] scan
[dbg     531.4 ms] [outer] expand
[dbg     531.5 ms] [outer] sort
[dbg     531.5 ms] [outer] reduce
[dbg     531.6 ms] [outer] final
[dbg     531.6 ms] [outer] pack
[dbg     532.7 ms] [outer] d2h
[dbg     533.1 ms] [colw] start
[dbg     533.2 ms] [colw] h2d
[dbg     533.3 ms] [colw] csc
[dbg     533.4 ms] [colw] count
[dbg     533.4 ms] [colw] scan
[dbg     533.4 ms] [colw] expand
[dbg     533.5 ms] [colw] sort
[dbg     533.5 ms] [colw] reduce
[dbg     533.6 ms] [colw] final
[dbg     533.6 ms] [colw] pack
[dbg     534.5 ms] [colw] d2h
[dbg     534.9 ms] [inner] start
[dbg     535.0 ms] [inner] h2d
[dbg     535.1 ms] [inner] csc
[dbg     535.1 ms] [inner] count
[dbg     535.2 ms] [inner] scan
[dbg     535.2 ms] [inner] expand
[dbg     535.2 ms] [inner] sort
[dbg     535.3 ms] [inner] reduce
[dbg     535.3 ms] [inner] final
[dbg     535.4 ms] [inner] numeric
[dbg     535.4 ms] [inner] pack
[dbg     536.2 ms] [inner] d2h
[dbg     536.6 ms] warmup done
[dbg     536.7 ms] T4 manual self_product: start
[dbg     536.7 ms] [gust] start
[dbg     536.7 ms] [gust] h2d
[dbg     536.8 ms] ESC: count intermediates begin
[dbg     536.8 ms] [gust] count
[dbg     536.8 ms] [gust] scan
[dbg     536.8 ms] ESC: expand begin (1074 intermediates)
[dbg     536.8 ms] [gust] expand
[dbg     536.8 ms] ESC: sort_by_key begin
[dbg     536.9 ms] [gust] sort
[dbg     536.9 ms] ESC: reduce_by_key begin
[dbg     536.9 ms] [gust] reduce
[dbg     537.0 ms] [gust] final
[dbg     537.0 ms] [gust] pack
[dbg     537.9 ms] [gust] d2h
[dbg     538.0 ms] T4 manual self_product: done (C_nnz=1074)
[dbg     538.3 ms] T5 outer self_product: start
[dbg     538.3 ms] [outer] start
[dbg     538.4 ms] [outer] h2d
[dbg     538.5 ms] [outer] csc
[dbg     538.5 ms] [outer] count
[dbg     538.5 ms] [outer] scan
[dbg     538.5 ms] [outer] expand
[dbg     538.6 ms] [outer] sort
[dbg     538.6 ms] [outer] reduce
[dbg     538.7 ms] [outer] final
[dbg     538.7 ms] [outer] pack
[dbg     539.5 ms] [outer] d2h
[dbg     539.7 ms] T5 outer self_product: done (C_nnz=1074)
[dbg     539.9 ms] T6 colwise self_product: start
[dbg     539.9 ms] [colw] start
[dbg     540.0 ms] [colw] h2d
[dbg     540.1 ms] [colw] csc
[dbg     540.1 ms] [colw] count
[dbg     540.2 ms] [colw] scan
[dbg     540.2 ms] [colw] expand
[dbg     540.2 ms] [colw] sort
[dbg     540.3 ms] [colw] reduce
[dbg     540.3 ms] [colw] final
[dbg     540.3 ms] [colw] pack
[dbg     541.1 ms] [colw] d2h
[dbg     541.3 ms] T6 colwise self_product: done (C_nnz=1074)
[dbg     541.6 ms] T7 inner self_product: start
[dbg     541.6 ms] [inner] start
[dbg     541.7 ms] [inner] h2d
[dbg     541.8 ms] [inner] csc
[dbg     541.8 ms] [inner] count
[dbg     541.9 ms] [inner] scan
[dbg     541.9 ms] [inner] expand
[dbg     541.9 ms] [inner] sort
[dbg     542.0 ms] [inner] reduce
[dbg     542.0 ms] [inner] final
[dbg     542.1 ms] [inner] numeric
[dbg     542.1 ms] [inner] pack
[dbg     542.9 ms] [inner] d2h
[dbg     543.0 ms] T7 inner self_product: done (C_nnz=1074)
Reading matrix from ./data/first100/bcsstm08.mtx...
Input A: 1074 x 1074, nnz = 1074, sparsity = 99.91%
===============WARMING UP===============
=== Computing C = A x A (Manual) ===
Result C: 1074 x 1074, nnz = 1074, sparsity = 99.91%
Time: 1.341 ms

=== Computing C = A x A (Outer) ===
Result C: 1074 x 1074, nnz = 1074, sparsity = 99.91%
Time: 1.378 ms

=== Computing C = A x A (Colwise) ===
Result C: 1074 x 1074, nnz = 1074, sparsity = 99.91%
Time: 1.368 ms

=== Computing C = A x A (Inner) ===
Result C: 1074 x 1074, nnz = 1074, sparsity = 99.91%
Time: 1.377 ms

=== All tests completed ===
Processing bcsstm09 ... (max 600s)
[dbg       0.0 ms] main entry, initializing CUDA context...
[dbg     475.1 ms] CUDA context ready
[dbg     475.3 ms] start read_matrix_market: ./data/first100/bcsstm09.mtx
[dbg     475.7 ms] read done: 1083 x 1083, nnz=1083
[dbg     475.7 ms] [cu] start
[dbg     484.0 ms] [cu] h2d (13000 B)
[dbg     484.0 ms] cusparse: workEstimation begin
[dbg     511.8 ms] [cu] workest (buf1=14059 B)
[dbg     511.8 ms] cusparse: compute begin
[dbg     512.4 ms] [cu] compute (buf2=44923 B)
[dbg     512.4 ms] cusparse: C size = 1083 x 1083, nnz=1083
[dbg     512.5 ms] cusparse: copy begin
[dbg     512.6 ms] [cu] copy
[dbg     512.6 ms] [cu] pack
[dbg     514.1 ms] self_product: C D2H begin (13000 B)
[dbg     514.1 ms] [cu] d2h
[dbg     514.6 ms] [gust] start
[dbg     514.7 ms] [gust] h2d
[dbg     514.7 ms] ESC: count intermediates begin
[dbg     516.4 ms] [gust] count
[dbg     516.6 ms] [gust] scan
[dbg     516.7 ms] ESC: expand begin (1083 intermediates)
[dbg     516.7 ms] [gust] expand
[dbg     516.7 ms] ESC: sort_by_key begin
[dbg     516.8 ms] [gust] sort
[dbg     516.8 ms] ESC: reduce_by_key begin
[dbg     516.9 ms] [gust] reduce
[dbg     517.0 ms] [gust] final
[dbg     517.0 ms] [gust] pack
[dbg     518.4 ms] [gust] d2h
[dbg     518.8 ms] [outer] start
[dbg     518.9 ms] [outer] h2d
[dbg     520.8 ms] [outer] csc
[dbg     520.8 ms] [outer] count
[dbg     520.8 ms] [outer] scan
[dbg     520.9 ms] [outer] expand
[dbg     520.9 ms] [outer] sort
[dbg     521.0 ms] [outer] reduce
[dbg     521.0 ms] [outer] final
[dbg     521.1 ms] [outer] pack
[dbg     522.1 ms] [outer] d2h
[dbg     522.5 ms] [colw] start
[dbg     522.6 ms] [colw] h2d
[dbg     522.7 ms] [colw] csc
[dbg     522.8 ms] [colw] count
[dbg     522.8 ms] [colw] scan
[dbg     522.8 ms] [colw] expand
[dbg     522.9 ms] [colw] sort
[dbg     522.9 ms] [colw] reduce
[dbg     523.0 ms] [colw] final
[dbg     523.0 ms] [colw] pack
[dbg     523.9 ms] [colw] d2h
[dbg     524.4 ms] [inner] start
[dbg     524.5 ms] [inner] h2d
[dbg     524.6 ms] [inner] csc
[dbg     524.6 ms] [inner] count
[dbg     524.7 ms] [inner] scan
[dbg     524.7 ms] [inner] expand
[dbg     524.8 ms] [inner] sort
[dbg     524.8 ms] [inner] reduce
[dbg     524.9 ms] [inner] final
[dbg     524.9 ms] [inner] numeric
[dbg     524.9 ms] [inner] pack
[dbg     525.8 ms] [inner] d2h
[dbg     526.1 ms] warmup done
[dbg     526.2 ms] T4 manual self_product: start
[dbg     526.2 ms] [gust] start
[dbg     526.3 ms] [gust] h2d
[dbg     526.3 ms] ESC: count intermediates begin
[dbg     526.3 ms] [gust] count
[dbg     526.4 ms] [gust] scan
[dbg     526.4 ms] ESC: expand begin (1083 intermediates)
[dbg     526.4 ms] [gust] expand
[dbg     526.4 ms] ESC: sort_by_key begin
[dbg     526.4 ms] [gust] sort
[dbg     526.5 ms] ESC: reduce_by_key begin
[dbg     526.5 ms] [gust] reduce
[dbg     526.6 ms] [gust] final
[dbg     526.6 ms] [gust] pack
[dbg     527.4 ms] [gust] d2h
[dbg     527.5 ms] T4 manual self_product: done (C_nnz=1083)
[dbg     527.8 ms] T5 outer self_product: start
[dbg     527.8 ms] [outer] start
[dbg     527.9 ms] [outer] h2d
[dbg     528.0 ms] [outer] csc
[dbg     528.0 ms] [outer] count
[dbg     528.1 ms] [outer] scan
[dbg     528.1 ms] [outer] expand
[dbg     528.1 ms] [outer] sort
[dbg     528.2 ms] [outer] reduce
[dbg     528.2 ms] [outer] final
[dbg     528.2 ms] [outer] pack
[dbg     529.1 ms] [outer] d2h
[dbg     529.2 ms] T5 outer self_product: done (C_nnz=1083)
[dbg     529.5 ms] T6 colwise self_product: start
[dbg     529.5 ms] [colw] start
[dbg     529.6 ms] [colw] h2d
[dbg     529.7 ms] [colw] csc
[dbg     529.7 ms] [colw] count
[dbg     529.7 ms] [colw] scan
[dbg     529.7 ms] [colw] expand
[dbg     529.8 ms] [colw] sort
[dbg     529.8 ms] [colw] reduce
[dbg     529.9 ms] [colw] final
[dbg     529.9 ms] [colw] pack
[dbg     530.7 ms] [colw] d2h
[dbg     530.9 ms] T6 colwise self_product: done (C_nnz=1083)
[dbg     531.1 ms] T7 inner self_product: start
[dbg     531.1 ms] [inner] start
[dbg     531.2 ms] [inner] h2d
[dbg     531.3 ms] [inner] csc
[dbg     531.3 ms] [inner] count
[dbg     531.4 ms] [inner] scan
[dbg     531.4 ms] [inner] expand
[dbg     531.4 ms] [inner] sort
[dbg     531.5 ms] [inner] reduce
[dbg     531.5 ms] [inner] final
[dbg     531.6 ms] [inner] numeric
[dbg     531.6 ms] [inner] pack
[dbg     532.4 ms] [inner] d2h
[dbg     532.5 ms] T7 inner self_product: done (C_nnz=1083)
Reading matrix from ./data/first100/bcsstm09.mtx...
Input A: 1083 x 1083, nnz = 1083, sparsity = 99.91%
===============WARMING UP===============
=== Computing C = A x A (Manual) ===
Result C: 1083 x 1083, nnz = 1083, sparsity = 99.91%
Time: 1.354 ms

=== Computing C = A x A (Outer) ===
Result C: 1083 x 1083, nnz = 1083, sparsity = 99.91%
Time: 1.370 ms

=== Computing C = A x A (Colwise) ===
Result C: 1083 x 1083, nnz = 1083, sparsity = 99.91%
Time: 1.382 ms

=== Computing C = A x A (Inner) ===
Result C: 1083 x 1083, nnz = 1083, sparsity = 99.91%
Time: 1.414 ms

=== All tests completed ===
Processing bcsstm10 ... (max 600s)
[dbg       0.0 ms] main entry, initializing CUDA context...
[dbg     481.2 ms] CUDA context ready
[dbg     481.3 ms] start read_matrix_market: ./data/first100/bcsstm10.mtx
[dbg     485.0 ms] read done: 1086 x 1086, nnz=22092
[dbg     485.0 ms] [cu] start
[dbg     492.8 ms] [cu] h2d (181084 B)
[dbg     492.8 ms] cusparse: workEstimation begin
[dbg     517.0 ms] [cu] workest (buf1=266423 B)
[dbg     517.1 ms] cusparse: compute begin
[dbg     517.9 ms] [cu] compute (buf2=11623735 B)
[dbg     517.9 ms] cusparse: C size = 1086 x 1086, nnz=54504
[dbg     517.9 ms] cusparse: copy begin
[dbg     518.0 ms] [cu] copy
[dbg     518.1 ms] [cu] pack
[dbg     519.6 ms] self_product: C D2H begin (440380 B)
[dbg     519.7 ms] [cu] d2h
[dbg     520.1 ms] [gust] start
[dbg     520.2 ms] [gust] h2d
[dbg     520.2 ms] ESC: count intermediates begin
[dbg     521.8 ms] [gust] count
[dbg     522.1 ms] [gust] scan
[dbg     522.2 ms] ESC: expand begin (483692 intermediates)
[dbg     522.3 ms] [gust] expand
[dbg     522.3 ms] ESC: sort_by_key begin
[dbg     522.7 ms] [gust] sort
[dbg     522.9 ms] ESC: reduce_by_key begin
[dbg     523.1 ms] [gust] reduce
[dbg     523.4 ms] [gust] final
[dbg     523.4 ms] [gust] pack
[dbg     524.8 ms] [gust] d2h
[dbg     525.2 ms] [outer] start
[dbg     525.4 ms] [outer] h2d
[dbg     527.2 ms] [outer] csc
[dbg     527.3 ms] [outer] count
[dbg     527.3 ms] [outer] scan
[dbg     527.6 ms] [outer] expand
[dbg     527.9 ms] [outer] sort
[dbg     528.1 ms] [outer] reduce
[dbg     528.2 ms] [outer] final
[dbg     528.3 ms] [outer] pack
[dbg     529.5 ms] [outer] d2h
[dbg     530.1 ms] [colw] start
[dbg     530.2 ms] [colw] h2d
[dbg     530.3 ms] [colw] csc
[dbg     530.4 ms] [colw] count
[dbg     530.4 ms] [colw] scan
[dbg     530.9 ms] [colw] expand
[dbg     531.2 ms] [colw] sort
[dbg     531.4 ms] [colw] reduce
[dbg     531.5 ms] [colw] final
[dbg     531.5 ms] [colw] pack
[dbg     532.6 ms] [colw] d2h
[dbg     533.3 ms] [inner] start
[dbg     533.5 ms] [inner] h2d
[dbg     533.6 ms] [inner] csc
[dbg     533.6 ms] [inner] count
[dbg     533.7 ms] [inner] scan
[dbg     533.9 ms] [inner] expand
[dbg     534.2 ms] [inner] sort
[dbg     534.4 ms] [inner] reduce
[dbg     534.5 ms] [inner] final
[dbg     534.7 ms] [inner] numeric
[dbg     534.8 ms] [inner] pack
[dbg     535.7 ms] [inner] d2h
[dbg     536.2 ms] warmup done
[dbg     536.2 ms] T4 manual self_product: start
[dbg     536.2 ms] [gust] start
[dbg     536.3 ms] [gust] h2d
[dbg     536.3 ms] ESC: count intermediates begin
[dbg     536.4 ms] [gust] count
[dbg     536.4 ms] [gust] scan
[dbg     536.6 ms] ESC: expand begin (483692 intermediates)
[dbg     536.6 ms] [gust] expand
[dbg     536.6 ms] ESC: sort_by_key begin
[dbg     536.9 ms] [gust] sort
[dbg     537.0 ms] ESC: reduce_by_key begin
[dbg     537.1 ms] [gust] reduce
[dbg     537.3 ms] [gust] final
[dbg     537.4 ms] [gust] pack
[dbg     538.3 ms] [gust] d2h
[dbg     538.5 ms] T4 manual self_product: done (C_nnz=54504)
[dbg     538.8 ms] T5 outer self_product: start
[dbg     538.8 ms] [outer] start
[dbg     538.9 ms] [outer] h2d
[dbg     539.0 ms] [outer] csc
[dbg     539.1 ms] [outer] count
[dbg     539.1 ms] [outer] scan
[dbg     539.3 ms] [outer] expand
[dbg     539.6 ms] [outer] sort
[dbg     539.8 ms] [outer] reduce
[dbg     540.0 ms] [outer] final
[dbg     540.0 ms] [outer] pack
[dbg     541.0 ms] [outer] d2h
[dbg     541.3 ms] T5 outer self_product: done (C_nnz=54504)
[dbg     541.6 ms] T6 colwise self_product: start
[dbg     541.6 ms] [colw] start
[dbg     541.8 ms] [colw] h2d
[dbg     541.9 ms] [colw] csc
[dbg     541.9 ms] [colw] count
[dbg     541.9 ms] [colw] scan
[dbg     542.1 ms] [colw] expand
[dbg     542.4 ms] [colw] sort
[dbg     542.6 ms] [colw] reduce
[dbg     542.7 ms] [colw] final
[dbg     542.7 ms] [colw] pack
[dbg     543.7 ms] [colw] d2h
[dbg     544.1 ms] T6 colwise self_product: done (C_nnz=54504)
[dbg     544.3 ms] T7 inner self_product: start
[dbg     544.3 ms] [inner] start
[dbg     544.5 ms] [inner] h2d
[dbg     544.6 ms] [inner] csc
[dbg     544.6 ms] [inner] count
[dbg     544.6 ms] [inner] scan
[dbg     544.8 ms] [inner] expand
[dbg     545.1 ms] [inner] sort
[dbg     545.3 ms] [inner] reduce
[dbg     545.4 ms] [inner] final
[dbg     545.6 ms] [inner] numeric
[dbg     545.6 ms] [inner] pack
[dbg     546.5 ms] [inner] d2h
[dbg     546.7 ms] T7 inner self_product: done (C_nnz=54504)
Reading matrix from ./data/first100/bcsstm10.mtx...
Input A: 1086 x 1086, nnz = 22092, sparsity = 98.13%
===============WARMING UP===============
=== Computing C = A x A (Manual) ===
Result C: 1086 x 1086, nnz = 54504, sparsity = 95.38%
Time: 2.261 ms

=== Computing C = A x A (Outer) ===
Result C: 1086 x 1086, nnz = 54504, sparsity = 95.38%
Time: 2.565 ms

=== Computing C = A x A (Colwise) ===
Result C: 1086 x 1086, nnz = 54504, sparsity = 95.38%
Time: 2.420 ms

=== Computing C = A x A (Inner) ===
Result C: 1086 x 1086, nnz = 54504, sparsity = 95.38%
Time: 2.397 ms

=== All tests completed ===
Processing bcsstm11 ... (max 600s)
[dbg       0.0 ms] main entry, initializing CUDA context...
[dbg     481.8 ms] CUDA context ready
[dbg     481.9 ms] start read_matrix_market: ./data/first100/bcsstm11.mtx
[dbg     482.4 ms] read done: 1473 x 1473, nnz=1473
[dbg     482.4 ms] [cu] start
[dbg     490.7 ms] [cu] h2d (17680 B)
[dbg     490.7 ms] cusparse: workEstimation begin
[dbg     518.1 ms] [cu] workest (buf1=18739 B)
[dbg     518.1 ms] cusparse: compute begin
[dbg     518.8 ms] [cu] compute (buf2=59427 B)
[dbg     518.8 ms] cusparse: C size = 1473 x 1473, nnz=1473
[dbg     518.8 ms] cusparse: copy begin
[dbg     518.9 ms] [cu] copy
[dbg     518.9 ms] [cu] pack
[dbg     520.5 ms] self_product: C D2H begin (17680 B)
[dbg     520.5 ms] [cu] d2h
[dbg     521.0 ms] [gust] start
[dbg     521.1 ms] [gust] h2d
[dbg     521.1 ms] ESC: count intermediates begin
[dbg     522.7 ms] [gust] count
[dbg     523.0 ms] [gust] scan
[dbg     523.0 ms] ESC: expand begin (1473 intermediates)
[dbg     523.0 ms] [gust] expand
[dbg     523.0 ms] ESC: sort_by_key begin
[dbg     523.1 ms] [gust] sort
[dbg     523.1 ms] ESC: reduce_by_key begin
[dbg     523.3 ms] [gust] reduce
[dbg     523.3 ms] [gust] final
[dbg     523.4 ms] [gust] pack
[dbg     524.7 ms] [gust] d2h
[dbg     525.1 ms] [outer] start
[dbg     525.2 ms] [outer] h2d
[dbg     527.1 ms] [outer] csc
[dbg     527.2 ms] [outer] count
[dbg     527.2 ms] [outer] scan
[dbg     527.2 ms] [outer] expand
[dbg     527.3 ms] [outer] sort
[dbg     527.3 ms] [outer] reduce
[dbg     527.4 ms] [outer] final
[dbg     527.4 ms] [outer] pack
[dbg     528.5 ms] [outer] d2h
[dbg     528.9 ms] [colw] start
[dbg     529.0 ms] [colw] h2d
[dbg     529.1 ms] [colw] csc
[dbg     529.1 ms] [colw] count
[dbg     529.2 ms] [colw] scan
[dbg     529.2 ms] [colw] expand
[dbg     529.2 ms] [colw] sort
[dbg     529.3 ms] [colw] reduce
[dbg     529.3 ms] [colw] final
[dbg     529.3 ms] [colw] pack
[dbg     530.3 ms] [colw] d2h
[dbg     530.7 ms] [inner] start
[dbg     530.8 ms] [inner] h2d
[dbg     530.9 ms] [inner] csc
[dbg     530.9 ms] [inner] count
[dbg     530.9 ms] [inner] scan
[dbg     530.9 ms] [inner] expand
[dbg     531.0 ms] [inner] sort
[dbg     531.0 ms] [inner] reduce
[dbg     531.1 ms] [inner] final
[dbg     531.1 ms] [inner] numeric
[dbg     531.2 ms] [inner] pack
[dbg     532.1 ms] [inner] d2h
[dbg     532.4 ms] warmup done
[dbg     532.4 ms] T4 manual self_product: start
[dbg     532.4 ms] [gust] start
[dbg     532.5 ms] [gust] h2d
[dbg     532.5 ms] ESC: count intermediates begin
[dbg     532.6 ms] [gust] count
[dbg     532.6 ms] [gust] scan
[dbg     532.6 ms] ESC: expand begin (1473 intermediates)
[dbg     532.6 ms] [gust] expand
[dbg     532.6 ms] ESC: sort_by_key begin
[dbg     532.7 ms] [gust] sort
[dbg     532.7 ms] ESC: reduce_by_key begin
[dbg     532.7 ms] [gust] reduce
[dbg     532.8 ms] [gust] final
[dbg     532.8 ms] [gust] pack
[dbg     533.7 ms] [gust] d2h
[dbg     533.8 ms] T4 manual self_product: done (C_nnz=1473)
[dbg     534.1 ms] T5 outer self_product: start
[dbg     534.1 ms] [outer] start
[dbg     534.2 ms] [outer] h2d
[dbg     534.3 ms] [outer] csc
[dbg     534.3 ms] [outer] count
[dbg     534.3 ms] [outer] scan
[dbg     534.3 ms] [outer] expand
[dbg     534.4 ms] [outer] sort
[dbg     534.4 ms] [outer] reduce
[dbg     534.5 ms] [outer] final
[dbg     534.5 ms] [outer] pack
[dbg     535.3 ms] [outer] d2h
[dbg     535.4 ms] T5 outer self_product: done (C_nnz=1473)
[dbg     535.7 ms] T6 colwise self_product: start
[dbg     535.7 ms] [colw] start
[dbg     535.8 ms] [colw] h2d
[dbg     535.9 ms] [colw] csc
[dbg     535.9 ms] [colw] count
[dbg     535.9 ms] [colw] scan
[dbg     535.9 ms] [colw] expand
[dbg     536.0 ms] [colw] sort
[dbg     536.0 ms] [colw] reduce
[dbg     536.1 ms] [colw] final
[dbg     536.1 ms] [colw] pack
[dbg     536.9 ms] [colw] d2h
[dbg     537.1 ms] T6 colwise self_product: done (C_nnz=1473)
[dbg     537.4 ms] T7 inner self_product: start
[dbg     537.4 ms] [inner] start
[dbg     537.4 ms] [inner] h2d
[dbg     537.5 ms] [inner] csc
[dbg     537.5 ms] [inner] count
[dbg     537.6 ms] [inner] scan
[dbg     537.6 ms] [inner] expand
[dbg     537.6 ms] [inner] sort
[dbg     537.7 ms] [inner] reduce
[dbg     537.7 ms] [inner] final
[dbg     537.8 ms] [inner] numeric
[dbg     537.8 ms] [inner] pack
[dbg     538.6 ms] [inner] d2h
[dbg     538.7 ms] T7 inner self_product: done (C_nnz=1473)
Reading matrix from ./data/first100/bcsstm11.mtx...
Input A: 1473 x 1473, nnz = 1473, sparsity = 99.93%
===============WARMING UP===============
=== Computing C = A x A (Manual) ===
Result C: 1473 x 1473, nnz = 1473, sparsity = 99.93%
Time: 1.322 ms

=== Computing C = A x A (Outer) ===
Result C: 1473 x 1473, nnz = 1473, sparsity = 99.93%
Time: 1.342 ms

=== Computing C = A x A (Colwise) ===
Result C: 1473 x 1473, nnz = 1473, sparsity = 99.93%
Time: 1.376 ms

=== Computing C = A x A (Inner) ===
Result C: 1473 x 1473, nnz = 1473, sparsity = 99.93%
Time: 1.337 ms

=== All tests completed ===
Processing bcsstm12 ... (max 600s)
[dbg       0.0 ms] main entry, initializing CUDA context...
[dbg     486.5 ms] CUDA context ready
[dbg     486.7 ms] start read_matrix_market: ./data/first100/bcsstm12.mtx
[dbg     490.2 ms] read done: 1473 x 1473, nnz=19659
[dbg     490.2 ms] [cu] start
[dbg     498.7 ms] [cu] h2d (163168 B)
[dbg     498.8 ms] cusparse: workEstimation begin
[dbg     525.2 ms] [cu] workest (buf1=237227 B)
[dbg     525.2 ms] cusparse: compute begin
[dbg     526.1 ms] [cu] compute (buf2=7257511 B)
[dbg     526.1 ms] cusparse: C size = 1473 x 1473, nnz=53615
[dbg     526.1 ms] cusparse: copy begin
[dbg     526.3 ms] [cu] copy
[dbg     526.3 ms] [cu] pack
[dbg     528.4 ms] self_product: C D2H begin (434816 B)
[dbg     528.5 ms] [cu] d2h
[dbg     529.1 ms] [gust] start
[dbg     529.3 ms] [gust] h2d
[dbg     529.3 ms] ESC: count intermediates begin
[dbg     531.0 ms] [gust] count
[dbg     531.3 ms] [gust] scan
[dbg     531.4 ms] ESC: expand begin (301639 intermediates)
[dbg     531.4 ms] [gust] expand
[dbg     531.4 ms] ESC: sort_by_key begin
[dbg     531.9 ms] [gust] sort
[dbg     532.0 ms] ESC: reduce_by_key begin
[dbg     532.2 ms] [gust] reduce
[dbg     532.4 ms] [gust] final
[dbg     532.4 ms] [gust] pack
[dbg     533.7 ms] [gust] d2h
[dbg     534.2 ms] [outer] start
[dbg     534.3 ms] [outer] h2d
[dbg     536.2 ms] [outer] csc
[dbg     536.3 ms] [outer] count
[dbg     536.3 ms] [outer] scan
[dbg     536.5 ms] [outer] expand
[dbg     536.8 ms] [outer] sort
[dbg     536.9 ms] [outer] reduce
[dbg     537.1 ms] [outer] final
[dbg     537.2 ms] [outer] pack
[dbg     538.3 ms] [outer] d2h
[dbg     538.9 ms] [colw] start
[dbg     539.0 ms] [colw] h2d
[dbg     539.1 ms] [colw] csc
[dbg     539.2 ms] [colw] count
[dbg     539.2 ms] [colw] scan
[dbg     539.4 ms] [colw] expand
[dbg     539.7 ms] [colw] sort
[dbg     539.9 ms] [colw] reduce
[dbg     540.1 ms] [colw] final
[dbg     540.2 ms] [colw] pack
[dbg     542.0 ms] [colw] d2h
[dbg     542.7 ms] [inner] start
[dbg     542.8 ms] [inner] h2d
[dbg     542.9 ms] [inner] csc
[dbg     543.0 ms] [inner] count
[dbg     543.0 ms] [inner] scan
[dbg     543.3 ms] [inner] expand
[dbg     543.6 ms] [inner] sort
[dbg     543.7 ms] [inner] reduce
[dbg     543.9 ms] [inner] final
[dbg     544.0 ms] [inner] numeric
[dbg     544.1 ms] [inner] pack
[dbg     545.4 ms] [inner] d2h
[dbg     545.8 ms] warmup done
[dbg     545.8 ms] T4 manual self_product: start
[dbg     545.8 ms] [gust] start
[dbg     546.0 ms] [gust] h2d
[dbg     546.0 ms] ESC: count intermediates begin
[dbg     546.0 ms] [gust] count
[dbg     546.0 ms] [gust] scan
[dbg     546.2 ms] ESC: expand begin (301639 intermediates)
[dbg     546.2 ms] [gust] expand
[dbg     546.2 ms] ESC: sort_by_key begin
[dbg     546.5 ms] [gust] sort
[dbg     546.6 ms] ESC: reduce_by_key begin
[dbg     546.7 ms] [gust] reduce
[dbg     546.9 ms] [gust] final
[dbg     546.9 ms] [gust] pack
[dbg     548.0 ms] [gust] d2h
[dbg     548.1 ms] T4 manual self_product: done (C_nnz=53615)
[dbg     548.5 ms] T5 outer self_product: start
[dbg     548.5 ms] [outer] start
[dbg     548.6 ms] [outer] h2d
[dbg     548.7 ms] [outer] csc
[dbg     548.7 ms] [outer] count
[dbg     548.8 ms] [outer] scan
[dbg     548.9 ms] [outer] expand
[dbg     549.2 ms] [outer] sort
[dbg     549.4 ms] [outer] reduce
[dbg     549.6 ms] [outer] final
[dbg     549.7 ms] [outer] pack
[dbg     550.6 ms] [outer] d2h
[dbg     550.9 ms] T5 outer self_product: done (C_nnz=53615)
[dbg     551.2 ms] T6 colwise self_product: start
[dbg     551.2 ms] [colw] start
[dbg     551.3 ms] [colw] h2d
[dbg     551.4 ms] [colw] csc
[dbg     551.4 ms] [colw] count
[dbg     551.5 ms] [colw] scan
[dbg     551.6 ms] [colw] expand
[dbg     551.9 ms] [colw] sort
[dbg     552.1 ms] [colw] reduce
[dbg     552.3 ms] [colw] final
[dbg     552.4 ms] [colw] pack
[dbg     553.4 ms] [colw] d2h
[dbg     553.7 ms] T6 colwise self_product: done (C_nnz=53615)
[dbg     554.1 ms] T7 inner self_product: start
[dbg     554.1 ms] [inner] start
[dbg     554.3 ms] [inner] h2d
[dbg     554.4 ms] [inner] csc
[dbg     554.4 ms] [inner] count
[dbg     554.4 ms] [inner] scan
[dbg     554.7 ms] [inner] expand
[dbg     555.0 ms] [inner] sort
[dbg     555.2 ms] [inner] reduce
[dbg     555.4 ms] [inner] final
[dbg     555.5 ms] [inner] numeric
[dbg     555.5 ms] [inner] pack
[dbg     556.6 ms] [inner] d2h
[dbg     556.7 ms] T7 inner self_product: done (C_nnz=53615)
Reading matrix from ./data/first100/bcsstm12.mtx...
Input A: 1473 x 1473, nnz = 19659, sparsity = 99.09%
===============WARMING UP===============
=== Computing C = A x A (Manual) ===
Result C: 1473 x 1473, nnz = 53615, sparsity = 97.53%
Time: 2.297 ms

=== Computing C = A x A (Outer) ===
Result C: 1473 x 1473, nnz = 53615, sparsity = 97.53%
Time: 2.422 ms

=== Computing C = A x A (Colwise) ===
Result C: 1473 x 1473, nnz = 53615, sparsity = 97.53%
Time: 2.581 ms

=== Computing C = A x A (Inner) ===
Result C: 1473 x 1473, nnz = 53615, sparsity = 97.53%
Time: 2.652 ms

=== All tests completed ===
Processing bcsstm13 ... (max 600s)
[dbg       0.0 ms] main entry, initializing CUDA context...
[dbg     492.1 ms] CUDA context ready
[dbg     492.2 ms] start read_matrix_market: ./data/first100/bcsstm13.mtx
[dbg     496.3 ms] read done: 2003 x 2003, nnz=21943
[dbg     496.4 ms] [cu] start
[dbg     504.2 ms] [cu] h2d (183560 B)
[dbg     504.3 ms] cusparse: workEstimation begin
[dbg     529.1 ms] [cu] workest (buf1=264635 B)
[dbg     529.1 ms] cusparse: compute begin
[dbg     530.3 ms] [cu] compute (buf2=18053063 B)
[dbg     530.4 ms] cusparse: C size = 2003 x 2003, nnz=90811
[dbg     530.4 ms] cusparse: copy begin
[dbg     530.5 ms] [cu] copy
[dbg     530.5 ms] [cu] pack
[dbg     532.1 ms] self_product: C D2H begin (734504 B)
[dbg     532.2 ms] [cu] d2h
[dbg     532.7 ms] [gust] start
[dbg     532.9 ms] [gust] h2d
[dbg     532.9 ms] ESC: count intermediates begin
[dbg     534.4 ms] [gust] count
[dbg     534.5 ms] [gust] scan
[dbg     534.7 ms] ESC: expand begin (751283 intermediates)
[dbg     534.8 ms] [gust] expand
[dbg     534.8 ms] ESC: sort_by_key begin
[dbg     535.4 ms] [gust] sort
[dbg     535.5 ms] ESC: reduce_by_key begin
[dbg     535.7 ms] [gust] reduce
[dbg     536.2 ms] [gust] final
[dbg     536.2 ms] [gust] pack
[dbg     537.5 ms] [gust] d2h
[dbg     538.0 ms] [outer] start
[dbg     538.1 ms] [outer] h2d
[dbg     539.9 ms] [outer] csc
[dbg     539.9 ms] [outer] count
[dbg     540.0 ms] [outer] scan
[dbg     540.2 ms] [outer] expand
[dbg     540.6 ms] [outer] sort
[dbg     540.8 ms] [outer] reduce
[dbg     541.1 ms] [outer] final
[dbg     541.1 ms] [outer] pack
[dbg     542.2 ms] [outer] d2h
[dbg     542.8 ms] [colw] start
[dbg     543.0 ms] [colw] h2d
[dbg     543.1 ms] [colw] csc
[dbg     543.1 ms] [colw] count
[dbg     543.2 ms] [colw] scan
[dbg     543.6 ms] [colw] expand
[dbg     544.0 ms] [colw] sort
[dbg     544.2 ms] [colw] reduce
[dbg     544.4 ms] [colw] final
[dbg     544.5 ms] [colw] pack
[dbg     545.6 ms] [colw] d2h
[dbg     546.2 ms] [inner] start
[dbg     546.3 ms] [inner] h2d
[dbg     546.4 ms] [inner] csc
[dbg     546.5 ms] [inner] count
[dbg     546.5 ms] [inner] scan
[dbg     546.8 ms] [inner] expand
[dbg     547.1 ms] [inner] sort
[dbg     547.3 ms] [inner] reduce
[dbg     547.6 ms] [inner] final
[dbg     547.8 ms] [inner] numeric
[dbg     547.8 ms] [inner] pack
[dbg     548.9 ms] [inner] d2h
[dbg     549.3 ms] warmup done
[dbg     549.3 ms] T4 manual self_product: start
[dbg     549.3 ms] [gust] start
[dbg     549.5 ms] [gust] h2d
[dbg     549.5 ms] ESC: count intermediates begin
[dbg     549.5 ms] [gust] count
[dbg     549.6 ms] [gust] scan
[dbg     549.8 ms] ESC: expand begin (751283 intermediates)
[dbg     549.8 ms] [gust] expand
[dbg     549.8 ms] ESC: sort_by_key begin
[dbg     550.2 ms] [gust] sort
[dbg     550.3 ms] ESC: reduce_by_key begin
[dbg     550.4 ms] [gust] reduce
[dbg     550.8 ms] [gust] final
[dbg     550.8 ms] [gust] pack
[dbg     551.8 ms] [gust] d2h
[dbg     552.0 ms] T4 manual self_product: done (C_nnz=90811)
[dbg     552.3 ms] T5 outer self_product: start
[dbg     552.3 ms] [outer] start
[dbg     552.4 ms] [outer] h2d
[dbg     552.5 ms] [outer] csc
[dbg     552.5 ms] [outer] count
[dbg     552.6 ms] [outer] scan
[dbg     552.8 ms] [outer] expand
[dbg     553.2 ms] [outer] sort
[dbg     553.4 ms] [outer] reduce
[dbg     553.7 ms] [outer] final
[dbg     553.7 ms] [outer] pack
[dbg     554.7 ms] [outer] d2h
[dbg     555.0 ms] T5 outer self_product: done (C_nnz=90811)
[dbg     555.3 ms] T6 colwise self_product: start
[dbg     555.3 ms] [colw] start
[dbg     555.4 ms] [colw] h2d
[dbg     555.5 ms] [colw] csc
[dbg     555.6 ms] [colw] count
[dbg     555.6 ms] [colw] scan
[dbg     555.9 ms] [colw] expand
[dbg     556.2 ms] [colw] sort
[dbg     556.4 ms] [colw] reduce
[dbg     556.7 ms] [colw] final
[dbg     556.7 ms] [colw] pack
[dbg     557.7 ms] [colw] d2h
[dbg     558.0 ms] T6 colwise self_product: done (C_nnz=90811)
[dbg     558.3 ms] T7 inner self_product: start
[dbg     558.3 ms] [inner] start
[dbg     558.4 ms] [inner] h2d
[dbg     558.5 ms] [inner] csc
[dbg     558.6 ms] [inner] count
[dbg     558.6 ms] [inner] scan
[dbg     558.8 ms] [inner] expand
[dbg     559.2 ms] [inner] sort
[dbg     559.4 ms] [inner] reduce
[dbg     559.6 ms] [inner] final
[dbg     559.8 ms] [inner] numeric
[dbg     559.9 ms] [inner] pack
[dbg     560.8 ms] [inner] d2h
[dbg     561.0 ms] T7 inner self_product: done (C_nnz=90811)
Reading matrix from ./data/first100/bcsstm13.mtx...
Input A: 2003 x 2003, nnz = 21943, sparsity = 99.45%
===============WARMING UP===============
=== Computing C = A x A (Manual) ===
Result C: 2003 x 2003, nnz = 90811, sparsity = 97.74%
Time: 2.625 ms

=== Computing C = A x A (Outer) ===
Result C: 2003 x 2003, nnz = 90811, sparsity = 97.74%
Time: 2.727 ms

=== Computing C = A x A (Colwise) ===
Result C: 2003 x 2003, nnz = 90811, sparsity = 97.74%
Time: 2.738 ms

=== Computing C = A x A (Inner) ===
Result C: 2003 x 2003, nnz = 90811, sparsity = 97.74%
Time: 2.659 ms

=== All tests completed ===
Processing bcsstm19 ... (max 600s)
[dbg       0.0 ms] main entry, initializing CUDA context...
[dbg     484.8 ms] CUDA context ready
[dbg     484.9 ms] start read_matrix_market: ./data/first100/bcsstm19.mtx
[dbg     485.3 ms] read done: 817 x 817, nnz=817
[dbg     485.3 ms] [cu] start
[dbg     493.2 ms] [cu] h2d (9808 B)
[dbg     493.2 ms] cusparse: workEstimation begin
[dbg     518.5 ms] [cu] workest (buf1=10867 B)
[dbg     518.6 ms] cusparse: compute begin
[dbg     519.2 ms] [cu] compute (buf2=35427 B)
[dbg     519.2 ms] cusparse: C size = 817 x 817, nnz=817
[dbg     519.3 ms] cusparse: copy begin
[dbg     519.4 ms] [cu] copy
[dbg     519.4 ms] [cu] pack
[dbg     520.9 ms] self_product: C D2H begin (9808 B)
[dbg     521.0 ms] [cu] d2h
[dbg     521.5 ms] [gust] start
[dbg     521.6 ms] [gust] h2d
[dbg     521.6 ms] ESC: count intermediates begin
[dbg     523.1 ms] [gust] count
[dbg     523.4 ms] [gust] scan
[dbg     523.4 ms] ESC: expand begin (817 intermediates)
[dbg     523.4 ms] [gust] expand
[dbg     523.4 ms] ESC: sort_by_key begin
[dbg     523.5 ms] [gust] sort
[dbg     523.6 ms] ESC: reduce_by_key begin
[dbg     523.7 ms] [gust] reduce
[dbg     523.8 ms] [gust] final
[dbg     523.8 ms] [gust] pack
[dbg     525.1 ms] [gust] d2h
[dbg     525.6 ms] [outer] start
[dbg     525.7 ms] [outer] h2d
[dbg     527.4 ms] [outer] csc
[dbg     527.5 ms] [outer] count
[dbg     527.5 ms] [outer] scan
[dbg     527.6 ms] [outer] expand
[dbg     527.6 ms] [outer] sort
[dbg     527.7 ms] [outer] reduce
[dbg     527.7 ms] [outer] final
[dbg     527.8 ms] [outer] pack
[dbg     528.8 ms] [outer] d2h
[dbg     529.2 ms] [colw] start
[dbg     529.3 ms] [colw] h2d
[dbg     529.4 ms] [colw] csc
[dbg     529.5 ms] [colw] count
[dbg     529.5 ms] [colw] scan
[dbg     529.6 ms] [colw] expand
[dbg     529.6 ms] [colw] sort
[dbg     529.7 ms] [colw] reduce
[dbg     529.7 ms] [colw] final
[dbg     529.7 ms] [colw] pack
[dbg     530.6 ms] [colw] d2h
[dbg     531.0 ms] [inner] start
[dbg     531.1 ms] [inner] h2d
[dbg     531.2 ms] [inner] csc
[dbg     531.3 ms] [inner] count
[dbg     531.3 ms] [inner] scan
[dbg     531.3 ms] [inner] expand
[dbg     531.4 ms] [inner] sort
[dbg     531.4 ms] [inner] reduce
[dbg     531.5 ms] [inner] final
[dbg     531.5 ms] [inner] numeric
[dbg     531.6 ms] [inner] pack
[dbg     532.4 ms] [inner] d2h
[dbg     532.8 ms] warmup done
[dbg     532.8 ms] T4 manual self_product: start
[dbg     532.8 ms] [gust] start
[dbg     532.9 ms] [gust] h2d
[dbg     532.9 ms] ESC: count intermediates begin
[dbg     532.9 ms] [gust] count
[dbg     533.0 ms] [gust] scan
[dbg     533.0 ms] ESC: expand begin (817 intermediates)
[dbg     533.0 ms] [gust] expand
[dbg     533.0 ms] ESC: sort_by_key begin
[dbg     533.0 ms] [gust] sort
[dbg     533.1 ms] ESC: reduce_by_key begin
[dbg     533.1 ms] [gust] reduce
[dbg     533.2 ms] [gust] final
[dbg     533.2 ms] [gust] pack
[dbg     534.0 ms] [gust] d2h
[dbg     534.1 ms] T4 manual self_product: done (C_nnz=817)
[dbg     534.5 ms] T5 outer self_product: start
[dbg     534.5 ms] [outer] start
[dbg     534.6 ms] [outer] h2d
[dbg     534.7 ms] [outer] csc
[dbg     534.7 ms] [outer] count
[dbg     534.8 ms] [outer] scan
[dbg     534.8 ms] [outer] expand
[dbg     534.8 ms] [outer] sort
[dbg     534.9 ms] [outer] reduce
[dbg     534.9 ms] [outer] final
[dbg     534.9 ms] [outer] pack
[dbg     535.7 ms] [outer] d2h
[dbg     535.9 ms] T5 outer self_product: done (C_nnz=817)
[dbg     536.2 ms] T6 colwise self_product: start
[dbg     536.2 ms] [colw] start
[dbg     536.3 ms] [colw] h2d
[dbg     536.4 ms] [colw] csc
[dbg     536.4 ms] [colw] count
[dbg     536.4 ms] [colw] scan
[dbg     536.5 ms] [colw] expand
[dbg     536.5 ms] [colw] sort
[dbg     536.5 ms] [colw] reduce
[dbg     536.6 ms] [colw] final
[dbg     536.6 ms] [colw] pack
[dbg     537.5 ms] [colw] d2h
[dbg     537.6 ms] T6 colwise self_product: done (C_nnz=817)
[dbg     537.9 ms] T7 inner self_product: start
[dbg     537.9 ms] [inner] start
[dbg     538.0 ms] [inner] h2d
[dbg     538.1 ms] [inner] csc
[dbg     538.1 ms] [inner] count
[dbg     538.1 ms] [inner] scan
[dbg     538.2 ms] [inner] expand
[dbg     538.2 ms] [inner] sort
[dbg     538.3 ms] [inner] reduce
[dbg     538.3 ms] [inner] final
[dbg     538.4 ms] [inner] numeric
[dbg     538.4 ms] [inner] pack
[dbg     539.2 ms] [inner] d2h
[dbg     539.3 ms] T7 inner self_product: done (C_nnz=817)
Reading matrix from ./data/first100/bcsstm19.mtx...
Input A: 817 x 817, nnz = 817, sparsity = 99.88%
===============WARMING UP===============
=== Computing C = A x A (Manual) ===
Result C: 817 x 817, nnz = 817, sparsity = 99.88%
Time: 1.345 ms

=== Computing C = A x A (Outer) ===
Result C: 817 x 817, nnz = 817, sparsity = 99.88%
Time: 1.386 ms

=== Computing C = A x A (Colwise) ===
Result C: 817 x 817, nnz = 817, sparsity = 99.88%
Time: 1.451 ms

=== Computing C = A x A (Inner) ===
Result C: 817 x 817, nnz = 817, sparsity = 99.88%
Time: 1.433 ms

=== All tests completed ===
Processing bcsstm20 ... (max 600s)
[dbg       0.0 ms] main entry, initializing CUDA context...
[dbg     505.0 ms] CUDA context ready
[dbg     505.2 ms] start read_matrix_market: ./data/first100/bcsstm20.mtx
[dbg     505.4 ms] read done: 485 x 485, nnz=485
[dbg     505.4 ms] [cu] start
[dbg     513.8 ms] [cu] h2d (5824 B)
[dbg     513.9 ms] cusparse: workEstimation begin
[dbg     555.9 ms] [cu] workest (buf1=6883 B)
[dbg     555.9 ms] cusparse: compute begin
[dbg     556.8 ms] [cu] compute (buf2=18731 B)
[dbg     556.8 ms] cusparse: C size = 485 x 485, nnz=485
[dbg     556.9 ms] cusparse: copy begin
[dbg     557.0 ms] [cu] copy
[dbg     557.0 ms] [cu] pack
[dbg     559.3 ms] self_product: C D2H begin (5824 B)
[dbg     559.4 ms] [cu] d2h
[dbg     560.0 ms] [gust] start
[dbg     560.1 ms] [gust] h2d
[dbg     560.1 ms] ESC: count intermediates begin
[dbg     562.0 ms] [gust] count
[dbg     562.3 ms] [gust] scan
[dbg     562.4 ms] ESC: expand begin (485 intermediates)
[dbg     562.4 ms] [gust] expand
[dbg     562.4 ms] ESC: sort_by_key begin
[dbg     562.5 ms] [gust] sort
[dbg     562.5 ms] ESC: reduce_by_key begin
[dbg     562.7 ms] [gust] reduce
[dbg     562.8 ms] [gust] final
[dbg     562.8 ms] [gust] pack
[dbg     564.5 ms] [gust] d2h
[dbg     565.0 ms] [outer] start
[dbg     565.1 ms] [outer] h2d
[dbg     567.5 ms] [outer] csc
[dbg     567.5 ms] [outer] count
[dbg     567.6 ms] [outer] scan
[dbg     567.6 ms] [outer] expand
[dbg     567.7 ms] [outer] sort
[dbg     567.7 ms] [outer] reduce
[dbg     567.8 ms] [outer] final
[dbg     567.8 ms] [outer] pack
[dbg     569.3 ms] [outer] d2h
[dbg     569.7 ms] [colw] start
[dbg     569.8 ms] [colw] h2d
[dbg     569.9 ms] [colw] csc
[dbg     569.9 ms] [colw] count
[dbg     570.0 ms] [colw] scan
[dbg     570.0 ms] [colw] expand
[dbg     570.1 ms] [colw] sort
[dbg     570.1 ms] [colw] reduce
[dbg     570.2 ms] [colw] final
[dbg     570.2 ms] [colw] pack
[dbg     571.2 ms] [colw] d2h
[dbg     571.6 ms] [inner] start
[dbg     571.7 ms] [inner] h2d
[dbg     571.8 ms] [inner] csc
[dbg     571.8 ms] [inner] count
[dbg     571.9 ms] [inner] scan
[dbg     571.9 ms] [inner] expand
[dbg     571.9 ms] [inner] sort
[dbg     572.0 ms] [inner] reduce
[dbg     572.0 ms] [inner] final
[dbg     572.1 ms] [inner] numeric
[dbg     572.1 ms] [inner] pack
[dbg     573.0 ms] [inner] d2h
[dbg     573.4 ms] warmup done
[dbg     573.4 ms] T4 manual self_product: start
[dbg     573.4 ms] [gust] start
[dbg     573.5 ms] [gust] h2d
[dbg     573.5 ms] ESC: count intermediates begin
[dbg     573.5 ms] [gust] count
[dbg     573.5 ms] [gust] scan
[dbg     573.6 ms] ESC: expand begin (485 intermediates)
[dbg     573.6 ms] [gust] expand
[dbg     573.6 ms] ESC: sort_by_key begin
[dbg     573.6 ms] [gust] sort
[dbg     573.6 ms] ESC: reduce_by_key begin
[dbg     573.6 ms] [gust] reduce
[dbg     573.7 ms] [gust] final
[dbg     573.7 ms] [gust] pack
[dbg     574.6 ms] [gust] d2h
[dbg     574.7 ms] T4 manual self_product: done (C_nnz=485)
[dbg     575.0 ms] T5 outer self_product: start
[dbg     575.0 ms] [outer] start
[dbg     575.1 ms] [outer] h2d
[dbg     575.2 ms] [outer] csc
[dbg     575.2 ms] [outer] count
[dbg     575.2 ms] [outer] scan
[dbg     575.2 ms] [outer] expand
[dbg     575.3 ms] [outer] sort
[dbg     575.3 ms] [outer] reduce
[dbg     575.4 ms] [outer] final
[dbg     575.4 ms] [outer] pack
[dbg     576.3 ms] [outer] d2h
[dbg     576.4 ms] T5 outer self_product: done (C_nnz=485)
[dbg     576.7 ms] T6 colwise self_product: start
[dbg     576.7 ms] [colw] start
[dbg     576.7 ms] [colw] h2d
[dbg     576.8 ms] [colw] csc
[dbg     576.9 ms] [colw] count
[dbg     576.9 ms] [colw] scan
[dbg     576.9 ms] [colw] expand
[dbg     576.9 ms] [colw] sort
[dbg     577.0 ms] [colw] reduce
[dbg     577.0 ms] [colw] final
[dbg     577.1 ms] [colw] pack
[dbg     577.9 ms] [colw] d2h
[dbg     578.0 ms] T6 colwise self_product: done (C_nnz=485)
[dbg     578.3 ms] T7 inner self_product: start
[dbg     578.3 ms] [inner] start
[dbg     578.4 ms] [inner] h2d
[dbg     578.5 ms] [inner] csc
[dbg     578.5 ms] [inner] count
[dbg     578.5 ms] [inner] scan
[dbg     578.6 ms] [inner] expand
[dbg     578.6 ms] [inner] sort
[dbg     578.6 ms] [inner] reduce
[dbg     578.7 ms] [inner] final
[dbg     578.7 ms] [inner] numeric
[dbg     578.7 ms] [inner] pack
[dbg     579.6 ms] [inner] d2h
[dbg     579.7 ms] T7 inner self_product: done (C_nnz=485)
Reading matrix from ./data/first100/bcsstm20.mtx...
Input A: 485 x 485, nnz = 485, sparsity = 99.79%
===============WARMING UP===============
=== Computing C = A x A (Manual) ===
Result C: 485 x 485, nnz = 485, sparsity = 99.79%
Time: 1.319 ms

=== Computing C = A x A (Outer) ===
Result C: 485 x 485, nnz = 485, sparsity = 99.79%
Time: 1.385 ms

=== Computing C = A x A (Colwise) ===
Result C: 485 x 485, nnz = 485, sparsity = 99.79%
Time: 1.371 ms

=== Computing C = A x A (Inner) ===
Result C: 485 x 485, nnz = 485, sparsity = 99.79%
Time: 1.393 ms

=== All tests completed ===
Processing bcsstm21 ... (max 600s)
[dbg       0.0 ms] main entry, initializing CUDA context...
[dbg     505.2 ms] CUDA context ready
[dbg     505.4 ms] start read_matrix_market: ./data/first100/bcsstm21.mtx
[dbg     506.7 ms] read done: 3600 x 3600, nnz=3600
[dbg     506.7 ms] [cu] start
[dbg     514.5 ms] [cu] h2d (43204 B)
[dbg     514.6 ms] cusparse: workEstimation begin
[dbg     538.2 ms] [cu] workest (buf1=44263 B)
[dbg     538.3 ms] cusparse: compute begin
[dbg     539.0 ms] [cu] compute (buf2=135879 B)
[dbg     539.0 ms] cusparse: C size = 3600 x 3600, nnz=3600
[dbg     539.0 ms] cusparse: copy begin
[dbg     539.1 ms] [cu] copy
[dbg     539.1 ms] [cu] pack
[dbg     540.6 ms] self_product: C D2H begin (43204 B)
[dbg     540.6 ms] [cu] d2h
[dbg     541.1 ms] [gust] start
[dbg     541.2 ms] [gust] h2d
[dbg     541.2 ms] ESC: count intermediates begin
[dbg     542.7 ms] [gust] count
[dbg     543.0 ms] [gust] scan
[dbg     543.0 ms] ESC: expand begin (3600 intermediates)
[dbg     543.0 ms] [gust] expand
[dbg     543.0 ms] ESC: sort_by_key begin
[dbg     543.3 ms] [gust] sort
[dbg     543.3 ms] ESC: reduce_by_key begin
[dbg     543.5 ms] [gust] reduce
[dbg     543.5 ms] [gust] final
[dbg     543.6 ms] [gust] pack
[dbg     544.9 ms] [gust] d2h
[dbg     545.3 ms] [outer] start
[dbg     545.5 ms] [outer] h2d
[dbg     547.3 ms] [outer] csc
[dbg     547.4 ms] [outer] count
[dbg     547.4 ms] [outer] scan
[dbg     547.4 ms] [outer] expand
[dbg     547.6 ms] [outer] sort
[dbg     547.6 ms] [outer] reduce
[dbg     547.7 ms] [outer] final
[dbg     547.7 ms] [outer] pack
[dbg     548.8 ms] [outer] d2h
[dbg     549.2 ms] [colw] start
[dbg     549.3 ms] [colw] h2d
[dbg     549.4 ms] [colw] csc
[dbg     549.5 ms] [colw] count
[dbg     549.5 ms] [colw] scan
[dbg     549.5 ms] [colw] expand
[dbg     549.7 ms] [colw] sort
[dbg     549.7 ms] [colw] reduce
[dbg     549.8 ms] [colw] final
[dbg     549.8 ms] [colw] pack
[dbg     550.7 ms] [colw] d2h
[dbg     551.1 ms] [inner] start
[dbg     551.3 ms] [inner] h2d
[dbg     551.4 ms] [inner] csc
[dbg     551.4 ms] [inner] count
[dbg     551.4 ms] [inner] scan
[dbg     551.5 ms] [inner] expand
[dbg     551.6 ms] [inner] sort
[dbg     551.6 ms] [inner] reduce
[dbg     551.7 ms] [inner] final
[dbg     551.7 ms] [inner] numeric
[dbg     551.7 ms] [inner] pack
[dbg     552.6 ms] [inner] d2h
[dbg     553.0 ms] warmup done
[dbg     553.0 ms] T4 manual self_product: start
[dbg     553.0 ms] [gust] start
[dbg     553.1 ms] [gust] h2d
[dbg     553.1 ms] ESC: count intermediates begin
[dbg     553.1 ms] [gust] count
[dbg     553.2 ms] [gust] scan
[dbg     553.2 ms] ESC: expand begin (3600 intermediates)
[dbg     553.2 ms] [gust] expand
[dbg     553.2 ms] ESC: sort_by_key begin
[dbg     553.3 ms] [gust] sort
[dbg     553.4 ms] ESC: reduce_by_key begin
[dbg     553.4 ms] [gust] reduce
[dbg     553.5 ms] [gust] final
[dbg     553.5 ms] [gust] pack
[dbg     554.3 ms] [gust] d2h
[dbg     554.4 ms] T4 manual self_product: done (C_nnz=3600)
[dbg     554.7 ms] T5 outer self_product: start
[dbg     554.7 ms] [outer] start
[dbg     554.8 ms] [outer] h2d
[dbg     554.9 ms] [outer] csc
[dbg     554.9 ms] [outer] count
[dbg     555.0 ms] [outer] scan
[dbg     555.0 ms] [outer] expand
[dbg     555.1 ms] [outer] sort
[dbg     555.2 ms] [outer] reduce
[dbg     555.2 ms] [outer] final
[dbg     555.2 ms] [outer] pack
[dbg     556.1 ms] [outer] d2h
[dbg     556.2 ms] T5 outer self_product: done (C_nnz=3600)
[dbg     556.5 ms] T6 colwise self_product: start
[dbg     556.5 ms] [colw] start
[dbg     556.6 ms] [colw] h2d
[dbg     556.7 ms] [colw] csc
[dbg     556.7 ms] [colw] count
[dbg     556.8 ms] [colw] scan
[dbg     556.8 ms] [colw] expand
[dbg     556.9 ms] [colw] sort
[dbg     556.9 ms] [colw] reduce
[dbg     557.0 ms] [colw] final
[dbg     557.0 ms] [colw] pack
[dbg     557.8 ms] [colw] d2h
[dbg     558.0 ms] T6 colwise self_product: done (C_nnz=3600)
[dbg     558.3 ms] T7 inner self_product: start
[dbg     558.3 ms] [inner] start
[dbg     558.4 ms] [inner] h2d
[dbg     558.5 ms] [inner] csc
[dbg     558.5 ms] [inner] count
[dbg     558.5 ms] [inner] scan
[dbg     558.5 ms] [inner] expand
[dbg     558.7 ms] [inner] sort
[dbg     558.7 ms] [inner] reduce
[dbg     558.7 ms] [inner] final
[dbg     558.8 ms] [inner] numeric
[dbg     558.8 ms] [inner] pack
[dbg     559.6 ms] [inner] d2h
[dbg     559.7 ms] T7 inner self_product: done (C_nnz=3600)
Reading matrix from ./data/first100/bcsstm21.mtx...
Input A: 3600 x 3600, nnz = 3600, sparsity = 99.97%
===============WARMING UP===============
=== Computing C = A x A (Manual) ===
Result C: 3600 x 3600, nnz = 3600, sparsity = 99.97%
Time: 1.437 ms

=== Computing C = A x A (Outer) ===
Result C: 3600 x 3600, nnz = 3600, sparsity = 99.97%
Time: 1.493 ms

=== Computing C = A x A (Colwise) ===
Result C: 3600 x 3600, nnz = 3600, sparsity = 99.97%
Time: 1.473 ms

=== Computing C = A x A (Inner) ===
Result C: 3600 x 3600, nnz = 3600, sparsity = 99.97%
Time: 1.462 ms

=== All tests completed ===
Processing bcsstm22 ... (max 600s)
[dbg       0.0 ms] main entry, initializing CUDA context...
[dbg     484.9 ms] CUDA context ready
[dbg     485.0 ms] start read_matrix_market: ./data/first100/bcsstm22.mtx
[dbg     485.1 ms] read done: 138 x 138, nnz=138
[dbg     485.1 ms] [cu] start
[dbg     492.9 ms] [cu] h2d (1660 B)
[dbg     493.0 ms] cusparse: workEstimation begin
[dbg     516.3 ms] [cu] workest (buf1=2719 B)
[dbg     516.3 ms] cusparse: compute begin
[dbg     516.9 ms] [cu] compute (buf2=9015 B)
[dbg     516.9 ms] cusparse: C size = 138 x 138, nnz=138
[dbg     517.0 ms] cusparse: copy begin
[dbg     517.1 ms] [cu] copy
[dbg     517.1 ms] [cu] pack
[dbg     518.4 ms] self_product: C D2H begin (1660 B)
[dbg     518.5 ms] [cu] d2h
[dbg     519.0 ms] [gust] start
[dbg     519.1 ms] [gust] h2d
[dbg     519.1 ms] ESC: count intermediates begin
[dbg     520.5 ms] [gust] count
[dbg     520.8 ms] [gust] scan
[dbg     520.8 ms] ESC: expand begin (138 intermediates)
[dbg     520.9 ms] [gust] expand
[dbg     520.9 ms] ESC: sort_by_key begin
[dbg     520.9 ms] [gust] sort
[dbg     520.9 ms] ESC: reduce_by_key begin
[dbg     521.1 ms] [gust] reduce
[dbg     521.2 ms] [gust] final
[dbg     521.2 ms] [gust] pack
[dbg     522.5 ms] [gust] d2h
[dbg     522.9 ms] [outer] start
[dbg     523.0 ms] [outer] h2d
[dbg     524.9 ms] [outer] csc
[dbg     524.9 ms] [outer] count
[dbg     525.0 ms] [outer] scan
[dbg     525.0 ms] [outer] expand
[dbg     525.0 ms] [outer] sort
[dbg     525.1 ms] [outer] reduce
[dbg     525.2 ms] [outer] final
[dbg     525.2 ms] [outer] pack
[dbg     526.3 ms] [outer] d2h
[dbg     526.7 ms] [colw] start
[dbg     526.8 ms] [colw] h2d
[dbg     526.9 ms] [colw] csc
[dbg     526.9 ms] [colw] count
[dbg     526.9 ms] [colw] scan
[dbg     527.0 ms] [colw] expand
[dbg     527.0 ms] [colw] sort
[dbg     527.1 ms] [colw] reduce
[dbg     527.1 ms] [colw] final
[dbg     527.2 ms] [colw] pack
[dbg     528.0 ms] [colw] d2h
[dbg     528.4 ms] [inner] start
[dbg     528.5 ms] [inner] h2d
[dbg     528.6 ms] [inner] csc
[dbg     528.6 ms] [inner] count
[dbg     528.7 ms] [inner] scan
[dbg     528.7 ms] [inner] expand
[dbg     528.7 ms] [inner] sort
[dbg     528.8 ms] [inner] reduce
[dbg     528.8 ms] [inner] final
[dbg     528.9 ms] [inner] numeric
[dbg     528.9 ms] [inner] pack
[dbg     529.7 ms] [inner] d2h
[dbg     530.1 ms] warmup done
[dbg     530.2 ms] T4 manual self_product: start
[dbg     530.2 ms] [gust] start
[dbg     530.2 ms] [gust] h2d
[dbg     530.3 ms] ESC: count intermediates begin
[dbg     530.3 ms] [gust] count
[dbg     530.3 ms] [gust] scan
[dbg     530.3 ms] ESC: expand begin (138 intermediates)
[dbg     530.3 ms] [gust] expand
[dbg     530.3 ms] ESC: sort_by_key begin
[dbg     530.4 ms] [gust] sort
[dbg     530.4 ms] ESC: reduce_by_key begin
[dbg     530.4 ms] [gust] reduce
[dbg     530.5 ms] [gust] final
[dbg     530.5 ms] [gust] pack
[dbg     531.3 ms] [gust] d2h
[dbg     531.5 ms] T4 manual self_product: done (C_nnz=138)
[dbg     531.7 ms] T5 outer self_product: start
[dbg     531.8 ms] [outer] start
[dbg     531.8 ms] [outer] h2d
[dbg     531.9 ms] [outer] csc
[dbg     531.9 ms] [outer] count
[dbg     532.0 ms] [outer] scan
[dbg     532.0 ms] [outer] expand
[dbg     532.0 ms] [outer] sort
[dbg     532.1 ms] [outer] reduce
[dbg     532.1 ms] [outer] final
[dbg     532.2 ms] [outer] pack
[dbg     533.0 ms] [outer] d2h
[dbg     533.1 ms] T5 outer self_product: done (C_nnz=138)
[dbg     533.4 ms] T6 colwise self_product: start
[dbg     533.4 ms] [colw] start
[dbg     533.5 ms] [colw] h2d
[dbg     533.6 ms] [colw] csc
[dbg     533.6 ms] [colw] count
[dbg     533.6 ms] [colw] scan
[dbg     533.6 ms] [colw] expand
[dbg     533.7 ms] [colw] sort
[dbg     533.7 ms] [colw] reduce
[dbg     533.8 ms] [colw] final
[dbg     533.8 ms] [colw] pack
[dbg     534.6 ms] [colw] d2h
[dbg     534.8 ms] T6 colwise self_product: done (C_nnz=138)
[dbg     535.0 ms] T7 inner self_product: start
[dbg     535.0 ms] [inner] start
[dbg     535.1 ms] [inner] h2d
[dbg     535.2 ms] [inner] csc
[dbg     535.2 ms] [inner] count
[dbg     535.3 ms] [inner] scan
[dbg     535.3 ms] [inner] expand
[dbg     535.3 ms] [inner] sort
[dbg     535.4 ms] [inner] reduce
[dbg     535.4 ms] [inner] final
[dbg     535.4 ms] [inner] numeric
[dbg     535.5 ms] [inner] pack
[dbg     536.3 ms] [inner] d2h
[dbg     536.4 ms] T7 inner self_product: done (C_nnz=138)
Reading matrix from ./data/first100/bcsstm22.mtx...
Input A: 138 x 138, nnz = 138, sparsity = 99.28%
===============WARMING UP===============
=== Computing C = A x A (Manual) ===
Result C: 138 x 138, nnz = 138, sparsity = 99.28%
Time: 1.314 ms

=== Computing C = A x A (Outer) ===
Result C: 138 x 138, nnz = 138, sparsity = 99.28%
Time: 1.351 ms

=== Computing C = A x A (Colwise) ===
Result C: 138 x 138, nnz = 138, sparsity = 99.28%
Time: 1.384 ms

=== Computing C = A x A (Inner) ===
Result C: 138 x 138, nnz = 138, sparsity = 99.28%
Time: 1.365 ms

=== All tests completed ===
Processing bcsstm23 ... (max 600s)
[dbg       0.0 ms] main entry, initializing CUDA context...
[dbg     485.2 ms] CUDA context ready
[dbg     485.4 ms] start read_matrix_market: ./data/first100/bcsstm23.mtx
[dbg     486.5 ms] read done: 3134 x 3134, nnz=3134
[dbg     486.5 ms] [cu] start
[dbg     494.4 ms] [cu] h2d (37612 B)
[dbg     494.4 ms] cusparse: workEstimation begin
[dbg     518.4 ms] [cu] workest (buf1=38671 B)
[dbg     518.4 ms] cusparse: compute begin
[dbg     519.0 ms] [cu] compute (buf2=118735 B)
[dbg     519.0 ms] cusparse: C size = 3134 x 3134, nnz=3134
[dbg     519.0 ms] cusparse: copy begin
[dbg     519.1 ms] [cu] copy
[dbg     519.2 ms] [cu] pack
[dbg     520.6 ms] self_product: C D2H begin (37612 B)
[dbg     520.7 ms] [cu] d2h
[dbg     521.1 ms] [gust] start
[dbg     521.3 ms] [gust] h2d
[dbg     521.3 ms] ESC: count intermediates begin
[dbg     522.7 ms] [gust] count
[dbg     523.0 ms] [gust] scan
[dbg     523.0 ms] ESC: expand begin (3134 intermediates)
[dbg     523.0 ms] [gust] expand
[dbg     523.0 ms] ESC: sort_by_key begin
[dbg     523.3 ms] [gust] sort
[dbg     523.3 ms] ESC: reduce_by_key begin
[dbg     523.4 ms] [gust] reduce
[dbg     523.5 ms] [gust] final
[dbg     523.5 ms] [gust] pack
[dbg     524.8 ms] [gust] d2h
[dbg     525.2 ms] [outer] start
[dbg     525.3 ms] [outer] h2d
[dbg     527.1 ms] [outer] csc
[dbg     527.2 ms] [outer] count
[dbg     527.2 ms] [outer] scan
[dbg     527.3 ms] [outer] expand
[dbg     527.4 ms] [outer] sort
[dbg     527.4 ms] [outer] reduce
[dbg     527.5 ms] [outer] final
[dbg     527.5 ms] [outer] pack
[dbg     528.6 ms] [outer] d2h
[dbg     529.0 ms] [colw] start
[dbg     529.1 ms] [colw] h2d
[dbg     529.1 ms] [colw] csc
[dbg     529.2 ms] [colw] count
[dbg     529.2 ms] [colw] scan
[dbg     529.3 ms] [colw] expand
[dbg     529.4 ms] [colw] sort
[dbg     529.4 ms] [colw] reduce
[dbg     529.5 ms] [colw] final
[dbg     529.5 ms] [colw] pack
[dbg     530.4 ms] [colw] d2h
[dbg     530.8 ms] [inner] start
[dbg     530.9 ms] [inner] h2d
[dbg     531.0 ms] [inner] csc
[dbg     531.0 ms] [inner] count
[dbg     531.0 ms] [inner] scan
[dbg     531.1 ms] [inner] expand
[dbg     531.2 ms] [inner] sort
[dbg     531.2 ms] [inner] reduce
[dbg     531.3 ms] [inner] final
[dbg     531.3 ms] [inner] numeric
[dbg     531.3 ms] [inner] pack
[dbg     532.2 ms] [inner] d2h
[dbg     532.6 ms] warmup done
[dbg     532.6 ms] T4 manual self_product: start
[dbg     532.6 ms] [gust] start
[dbg     532.7 ms] [gust] h2d
[dbg     532.7 ms] ESC: count intermediates begin
[dbg     532.7 ms] [gust] count
[dbg     532.8 ms] [gust] scan
[dbg     532.8 ms] ESC: expand begin (3134 intermediates)
[dbg     532.8 ms] [gust] expand
[dbg     532.8 ms] ESC: sort_by_key begin
[dbg     532.9 ms] [gust] sort
[dbg     532.9 ms] ESC: reduce_by_key begin
[dbg     532.9 ms] [gust] reduce
[dbg     533.0 ms] [gust] final
[dbg     533.0 ms] [gust] pack
[dbg     533.8 ms] [gust] d2h
[dbg     534.0 ms] T4 manual self_product: done (C_nnz=3134)
[dbg     534.2 ms] T5 outer self_product: start
[dbg     534.2 ms] [outer] start
[dbg     534.3 ms] [outer] h2d
[dbg     534.4 ms] [outer] csc
[dbg     534.5 ms] [outer] count
[dbg     534.5 ms] [outer] scan
[dbg     534.5 ms] [outer] expand
[dbg     534.6 ms] [outer] sort
[dbg     534.7 ms] [outer] reduce
[dbg     534.7 ms] [outer] final
[dbg     534.7 ms] [outer] pack
[dbg     535.5 ms] [outer] d2h
[dbg     535.7 ms] T5 outer self_product: done (C_nnz=3134)
[dbg     535.9 ms] T6 colwise self_product: start
[dbg     535.9 ms] [colw] start
[dbg     536.0 ms] [colw] h2d
[dbg     536.1 ms] [colw] csc
[dbg     536.1 ms] [colw] count
[dbg     536.2 ms] [colw] scan
[dbg     536.2 ms] [colw] expand
[dbg     536.3 ms] [colw] sort
[dbg     536.4 ms] [colw] reduce
[dbg     536.4 ms] [colw] final
[dbg     536.4 ms] [colw] pack
[dbg     537.2 ms] [colw] d2h
[dbg     537.4 ms] T6 colwise self_product: done (C_nnz=3134)
[dbg     537.7 ms] T7 inner self_product: start
[dbg     537.7 ms] [inner] start
[dbg     537.8 ms] [inner] h2d
[dbg     537.9 ms] [inner] csc
[dbg     537.9 ms] [inner] count
[dbg     538.0 ms] [inner] scan
[dbg     538.0 ms] [inner] expand
[dbg     538.1 ms] [inner] sort
[dbg     538.1 ms] [inner] reduce
[dbg     538.2 ms] [inner] final
[dbg     538.2 ms] [inner] numeric
[dbg     538.2 ms] [inner] pack
[dbg     539.0 ms] [inner] d2h
[dbg     539.2 ms] T7 inner self_product: done (C_nnz=3134)
Reading matrix from ./data/first100/bcsstm23.mtx...
Input A: 3134 x 3134, nnz = 3134, sparsity = 99.97%
===============WARMING UP===============
=== Computing C = A x A (Manual) ===
Result C: 3134 x 3134, nnz = 3134, sparsity = 99.97%
Time: 1.385 ms

=== Computing C = A x A (Outer) ===
Result C: 3134 x 3134, nnz = 3134, sparsity = 99.97%
Time: 1.424 ms

=== Computing C = A x A (Colwise) ===
Result C: 3134 x 3134, nnz = 3134, sparsity = 99.97%
Time: 1.457 ms

=== Computing C = A x A (Inner) ===
Result C: 3134 x 3134, nnz = 3134, sparsity = 99.97%
Time: 1.446 ms

=== All tests completed ===
Processing bcsstm24 ... (max 600s)
[dbg       0.0 ms] main entry, initializing CUDA context...
[dbg     478.9 ms] CUDA context ready
[dbg     479.0 ms] start read_matrix_market: ./data/first100/bcsstm24.mtx
[dbg     480.4 ms] read done: 3562 x 3562, nnz=3562
[dbg     480.4 ms] [cu] start
[dbg     488.2 ms] [cu] h2d (42748 B)
[dbg     488.3 ms] cusparse: workEstimation begin
[dbg     511.7 ms] [cu] workest (buf1=43807 B)
[dbg     511.7 ms] cusparse: compute begin
[dbg     512.4 ms] [cu] compute (buf2=134303 B)
[dbg     512.4 ms] cusparse: C size = 3562 x 3562, nnz=3562
[dbg     512.4 ms] cusparse: copy begin
[dbg     512.5 ms] [cu] copy
[dbg     512.6 ms] [cu] pack
[dbg     513.9 ms] self_product: C D2H begin (42748 B)
[dbg     514.0 ms] [cu] d2h
[dbg     514.5 ms] [gust] start
[dbg     514.6 ms] [gust] h2d
[dbg     514.6 ms] ESC: count intermediates begin
[dbg     516.1 ms] [gust] count
[dbg     516.4 ms] [gust] scan
[dbg     516.5 ms] ESC: expand begin (3562 intermediates)
[dbg     516.5 ms] [gust] expand
[dbg     516.5 ms] ESC: sort_by_key begin
[dbg     516.8 ms] [gust] sort
[dbg     516.8 ms] ESC: reduce_by_key begin
[dbg     516.9 ms] [gust] reduce
[dbg     517.0 ms] [gust] final
[dbg     517.1 ms] [gust] pack
[dbg     518.4 ms] [gust] d2h
[dbg     518.8 ms] [outer] start
[dbg     518.9 ms] [outer] h2d
[dbg     520.8 ms] [outer] csc
[dbg     520.8 ms] [outer] count
[dbg     520.8 ms] [outer] scan
[dbg     520.9 ms] [outer] expand
[dbg     521.0 ms] [outer] sort
[dbg     521.1 ms] [outer] reduce
[dbg     521.1 ms] [outer] final
[dbg     521.2 ms] [outer] pack
[dbg     522.2 ms] [outer] d2h
[dbg     522.7 ms] [colw] start
[dbg     522.8 ms] [colw] h2d
[dbg     522.9 ms] [colw] csc
[dbg     522.9 ms] [colw] count
[dbg     523.0 ms] [colw] scan
[dbg     523.0 ms] [colw] expand
[dbg     523.2 ms] [colw] sort
[dbg     523.2 ms] [colw] reduce
[dbg     523.3 ms] [colw] final
[dbg     523.3 ms] [colw] pack
[dbg     524.2 ms] [colw] d2h
[dbg     524.6 ms] [inner] start
[dbg     524.8 ms] [inner] h2d
[dbg     524.9 ms] [inner] csc
[dbg     524.9 ms] [inner] count
[dbg     524.9 ms] [inner] scan
[dbg     524.9 ms] [inner] expand
[dbg     525.1 ms] [inner] sort
[dbg     525.1 ms] [inner] reduce
[dbg     525.2 ms] [inner] final
[dbg     525.2 ms] [inner] numeric
[dbg     525.3 ms] [inner] pack
[dbg     526.1 ms] [inner] d2h
[dbg     526.5 ms] warmup done
[dbg     526.5 ms] T4 manual self_product: start
[dbg     526.5 ms] [gust] start
[dbg     526.7 ms] [gust] h2d
[dbg     526.7 ms] ESC: count intermediates begin
[dbg     526.7 ms] [gust] count
[dbg     526.7 ms] [gust] scan
[dbg     526.7 ms] ESC: expand begin (3562 intermediates)
[dbg     526.8 ms] [gust] expand
[dbg     526.8 ms] ESC: sort_by_key begin
[dbg     526.9 ms] [gust] sort
[dbg     526.9 ms] ESC: reduce_by_key begin
[dbg     526.9 ms] [gust] reduce
[dbg     527.0 ms] [gust] final
[dbg     527.0 ms] [gust] pack
[dbg     527.9 ms] [gust] d2h
[dbg     528.0 ms] T4 manual self_product: done (C_nnz=3562)
[dbg     528.4 ms] T5 outer self_product: start
[dbg     528.4 ms] [outer] start
[dbg     528.5 ms] [outer] h2d
[dbg     528.6 ms] [outer] csc
[dbg     528.6 ms] [outer] count
[dbg     528.7 ms] [outer] scan
[dbg     528.7 ms] [outer] expand
[dbg     528.8 ms] [outer] sort
[dbg     528.9 ms] [outer] reduce
[dbg     528.9 ms] [outer] final
[dbg     528.9 ms] [outer] pack
[dbg     529.8 ms] [outer] d2h
[dbg     529.9 ms] T5 outer self_product: done (C_nnz=3562)
[dbg     530.2 ms] T6 colwise self_product: start
[dbg     530.2 ms] [colw] start
[dbg     530.3 ms] [colw] h2d
[dbg     530.4 ms] [colw] csc
[dbg     530.4 ms] [colw] count
[dbg     530.5 ms] [colw] scan
[dbg     530.5 ms] [colw] expand
[dbg     530.6 ms] [colw] sort
[dbg     530.7 ms] [colw] reduce
[dbg     530.7 ms] [colw] final
[dbg     530.7 ms] [colw] pack
[dbg     531.6 ms] [colw] d2h
[dbg     531.7 ms] T6 colwise self_product: done (C_nnz=3562)
[dbg     532.0 ms] T7 inner self_product: start
[dbg     532.0 ms] [inner] start
[dbg     532.1 ms] [inner] h2d
[dbg     532.2 ms] [inner] csc
[dbg     532.3 ms] [inner] count
[dbg     532.3 ms] [inner] scan
[dbg     532.3 ms] [inner] expand
[dbg     532.4 ms] [inner] sort
[dbg     532.5 ms] [inner] reduce
[dbg     532.6 ms] [inner] final
[dbg     532.6 ms] [inner] numeric
[dbg     532.6 ms] [inner] pack
[dbg     533.4 ms] [inner] d2h
[dbg     533.6 ms] T7 inner self_product: done (C_nnz=3562)
Reading matrix from ./data/first100/bcsstm24.mtx...
Input A: 3562 x 3562, nnz = 3562, sparsity = 99.97%
===============WARMING UP===============
=== Computing C = A x A (Manual) ===
Result C: 3562 x 3562, nnz = 3562, sparsity = 99.97%
Time: 1.510 ms

=== Computing C = A x A (Outer) ===
Result C: 3562 x 3562, nnz = 3562, sparsity = 99.97%
Time: 1.537 ms

=== Computing C = A x A (Colwise) ===
Result C: 3562 x 3562, nnz = 3562, sparsity = 99.97%
Time: 1.543 ms

=== Computing C = A x A (Inner) ===
Result C: 3562 x 3562, nnz = 3562, sparsity = 99.97%
Time: 1.531 ms

=== All tests completed ===
Processing bcsstm25 ... (max 600s)
[dbg       0.0 ms] main entry, initializing CUDA context...
[dbg     474.8 ms] CUDA context ready
[dbg     474.9 ms] start read_matrix_market: ./data/first100/bcsstm25.mtx
[dbg     480.7 ms] read done: 15439 x 15439, nnz=15439
[dbg     480.7 ms] [cu] start
[dbg     488.7 ms] [cu] h2d (185272 B)
[dbg     488.8 ms] cusparse: workEstimation begin
[dbg     516.6 ms] [cu] workest (buf1=186587 B)
[dbg     516.6 ms] cusparse: compute begin
[dbg     517.2 ms] [cu] compute (buf2=562091 B)
[dbg     517.2 ms] cusparse: C size = 15439 x 15439, nnz=15439
[dbg     517.3 ms] cusparse: copy begin
[dbg     517.4 ms] [cu] copy
[dbg     517.4 ms] [cu] pack
[dbg     518.8 ms] self_product: C D2H begin (185272 B)
[dbg     518.9 ms] [cu] d2h
[dbg     519.3 ms] [gust] start
[dbg     519.5 ms] [gust] h2d
[dbg     519.5 ms] ESC: count intermediates begin
[dbg     521.1 ms] [gust] count
[dbg     521.3 ms] [gust] scan
[dbg     521.4 ms] ESC: expand begin (15439 intermediates)
[dbg     521.4 ms] [gust] expand
[dbg     521.4 ms] ESC: sort_by_key begin
[dbg     521.7 ms] [gust] sort
[dbg     521.7 ms] ESC: reduce_by_key begin
[dbg     521.8 ms] [gust] reduce
[dbg     521.9 ms] [gust] final
[dbg     521.9 ms] [gust] pack
[dbg     523.2 ms] [gust] d2h
[dbg     523.6 ms] [outer] start
[dbg     523.8 ms] [outer] h2d
[dbg     525.7 ms] [outer] csc
[dbg     525.7 ms] [outer] count
[dbg     525.7 ms] [outer] scan
[dbg     525.8 ms] [outer] expand
[dbg     525.9 ms] [outer] sort
[dbg     526.0 ms] [outer] reduce
[dbg     526.0 ms] [outer] final
[dbg     526.0 ms] [outer] pack
[dbg     527.1 ms] [outer] d2h
[dbg     527.6 ms] [colw] start
[dbg     527.7 ms] [colw] h2d
[dbg     527.8 ms] [colw] csc
[dbg     527.9 ms] [colw] count
[dbg     527.9 ms] [colw] scan
[dbg     528.0 ms] [colw] expand
[dbg     528.1 ms] [colw] sort
[dbg     528.1 ms] [colw] reduce
[dbg     528.2 ms] [colw] final
[dbg     528.2 ms] [colw] pack
[dbg     529.1 ms] [colw] d2h
[dbg     529.5 ms] [inner] start
[dbg     529.7 ms] [inner] h2d
[dbg     529.7 ms] [inner] csc
[dbg     529.8 ms] [inner] count
[dbg     529.8 ms] [inner] scan
[dbg     529.8 ms] [inner] expand
[dbg     530.0 ms] [inner] sort
[dbg     530.0 ms] [inner] reduce
[dbg     530.1 ms] [inner] final
[dbg     530.1 ms] [inner] numeric
[dbg     530.1 ms] [inner] pack
[dbg     531.0 ms] [inner] d2h
[dbg     531.4 ms] warmup done
[dbg     531.4 ms] T4 manual self_product: start
[dbg     531.4 ms] [gust] start
[dbg     531.5 ms] [gust] h2d
[dbg     531.5 ms] ESC: count intermediates begin
[dbg     531.5 ms] [gust] count
[dbg     531.6 ms] [gust] scan
[dbg     531.6 ms] ESC: expand begin (15439 intermediates)
[dbg     531.6 ms] [gust] expand
[dbg     531.6 ms] ESC: sort_by_key begin
[dbg     531.8 ms] [gust] sort
[dbg     531.8 ms] ESC: reduce_by_key begin
[dbg     531.8 ms] [gust] reduce
[dbg     531.9 ms] [gust] final
[dbg     531.9 ms] [gust] pack
[dbg     532.7 ms] [gust] d2h
[dbg     532.8 ms] T4 manual self_product: done (C_nnz=15439)
[dbg     533.1 ms] T5 outer self_product: start
[dbg     533.1 ms] [outer] start
[dbg     533.2 ms] [outer] h2d
[dbg     533.3 ms] [outer] csc
[dbg     533.4 ms] [outer] count
[dbg     533.4 ms] [outer] scan
[dbg     533.4 ms] [outer] expand
[dbg     533.5 ms] [outer] sort
[dbg     533.6 ms] [outer] reduce
[dbg     533.7 ms] [outer] final
[dbg     533.7 ms] [outer] pack
[dbg     534.5 ms] [outer] d2h
[dbg     534.6 ms] T5 outer self_product: done (C_nnz=15439)
[dbg     534.9 ms] T6 colwise self_product: start
[dbg     534.9 ms] [colw] start
[dbg     535.0 ms] [colw] h2d
[dbg     535.1 ms] [colw] csc
[dbg     535.1 ms] [colw] count
[dbg     535.1 ms] [colw] scan
[dbg     535.2 ms] [colw] expand
[dbg     535.3 ms] [colw] sort
[dbg     535.4 ms] [colw] reduce
[dbg     535.4 ms] [colw] final
[dbg     535.4 ms] [colw] pack
[dbg     536.3 ms] [colw] d2h
[dbg     536.4 ms] T6 colwise self_product: done (C_nnz=15439)
[dbg     536.7 ms] T7 inner self_product: start
[dbg     536.7 ms] [inner] start
[dbg     536.8 ms] [inner] h2d
[dbg     536.9 ms] [inner] csc
[dbg     536.9 ms] [inner] count
[dbg     536.9 ms] [inner] scan
[dbg     536.9 ms] [inner] expand
[dbg     537.1 ms] [inner] sort
[dbg     537.1 ms] [inner] reduce
[dbg     537.2 ms] [inner] final
[dbg     537.2 ms] [inner] numeric
[dbg     537.2 ms] [inner] pack
[dbg     538.0 ms] [inner] d2h
[dbg     538.2 ms] T7 inner self_product: done (C_nnz=15439)
Reading matrix from ./data/first100/bcsstm25.mtx...
Input A: 15439 x 15439, nnz = 15439, sparsity = 99.99%
===============WARMING UP===============
=== Computing C = A x A (Manual) ===
Result C: 15439 x 15439, nnz = 15439, sparsity = 99.99%
Time: 1.448 ms

=== Computing C = A x A (Outer) ===
Result C: 15439 x 15439, nnz = 15439, sparsity = 99.99%
Time: 1.502 ms

=== Computing C = A x A (Colwise) ===
Result C: 15439 x 15439, nnz = 15439, sparsity = 99.99%
Time: 1.504 ms

=== Computing C = A x A (Inner) ===
Result C: 15439 x 15439, nnz = 15439, sparsity = 99.99%
Time: 1.515 ms

=== All tests completed ===
Processing bcsstm26 ... (max 600s)
[dbg       0.0 ms] main entry, initializing CUDA context...
[dbg     502.7 ms] CUDA context ready
[dbg     502.9 ms] start read_matrix_market: ./data/first100/bcsstm26.mtx
[dbg     503.6 ms] read done: 1922 x 1922, nnz=1922
[dbg     503.6 ms] [cu] start
[dbg     512.2 ms] [cu] h2d (23068 B)
[dbg     512.3 ms] cusparse: workEstimation begin
[dbg     537.1 ms] [cu] workest (buf1=24127 B)
[dbg     537.1 ms] cusparse: compute begin
[dbg     537.8 ms] [cu] compute (buf2=75583 B)
[dbg     537.8 ms] cusparse: C size = 1922 x 1922, nnz=1922
[dbg     537.8 ms] cusparse: copy begin
[dbg     537.9 ms] [cu] copy
[dbg     537.9 ms] [cu] pack
[dbg     539.4 ms] self_product: C D2H begin (23068 B)
[dbg     539.4 ms] [cu] d2h
[dbg     539.8 ms] [gust] start
[dbg     540.0 ms] [gust] h2d
[dbg     540.0 ms] ESC: count intermediates begin
[dbg     541.6 ms] [gust] count
[dbg     541.8 ms] [gust] scan
[dbg     541.9 ms] ESC: expand begin (1922 intermediates)
[dbg     541.9 ms] [gust] expand
[dbg     541.9 ms] ESC: sort_by_key begin
[dbg     542.0 ms] [gust] sort
[dbg     542.0 ms] ESC: reduce_by_key begin
[dbg     542.2 ms] [gust] reduce
[dbg     542.2 ms] [gust] final
[dbg     542.3 ms] [gust] pack
[dbg     543.6 ms] [gust] d2h
[dbg     544.0 ms] [outer] start
[dbg     544.2 ms] [outer] h2d
[dbg     546.0 ms] [outer] csc
[dbg     546.0 ms] [outer] count
[dbg     546.1 ms] [outer] scan
[dbg     546.1 ms] [outer] expand
[dbg     546.2 ms] [outer] sort
[dbg     546.2 ms] [outer] reduce
[dbg     546.3 ms] [outer] final
[dbg     546.3 ms] [outer] pack
[dbg     547.4 ms] [outer] d2h
[dbg     547.8 ms] [colw] start
[dbg     547.9 ms] [colw] h2d
[dbg     548.0 ms] [colw] csc
[dbg     548.1 ms] [colw] count
[dbg     548.1 ms] [colw] scan
[dbg     548.1 ms] [colw] expand
[dbg     548.2 ms] [colw] sort
[dbg     548.2 ms] [colw] reduce
[dbg     548.3 ms] [colw] final
[dbg     548.3 ms] [colw] pack
[dbg     549.3 ms] [colw] d2h
[dbg     549.7 ms] [inner] start
[dbg     549.8 ms] [inner] h2d
[dbg     549.9 ms] [inner] csc
[dbg     549.9 ms] [inner] count
[dbg     550.0 ms] [inner] scan
[dbg     550.0 ms] [inner] expand
[dbg     550.1 ms] [inner] sort
[dbg     550.1 ms] [inner] reduce
[dbg     550.2 ms] [inner] final
[dbg     550.2 ms] [inner] numeric
[dbg     550.2 ms] [inner] pack
[dbg     551.1 ms] [inner] d2h
[dbg     551.6 ms] warmup done
[dbg     551.6 ms] T4 manual self_product: start
[dbg     551.6 ms] [gust] start
[dbg     551.7 ms] [gust] h2d
[dbg     551.7 ms] ESC: count intermediates begin
[dbg     551.7 ms] [gust] count
[dbg     551.8 ms] [gust] scan
[dbg     551.8 ms] ESC: expand begin (1922 intermediates)
[dbg     551.8 ms] [gust] expand
[dbg     551.8 ms] ESC: sort_by_key begin
[dbg     551.8 ms] [gust] sort
[dbg     551.8 ms] ESC: reduce_by_key begin
[dbg     551.9 ms] [gust] reduce
[dbg     552.0 ms] [gust] final
[dbg     552.0 ms] [gust] pack
[dbg     552.8 ms] [gust] d2h
[dbg     553.0 ms] T4 manual self_product: done (C_nnz=1922)
[dbg     553.3 ms] T5 outer self_product: start
[dbg     553.3 ms] [outer] start
[dbg     553.4 ms] [outer] h2d
[dbg     553.5 ms] [outer] csc
[dbg     553.5 ms] [outer] count
[dbg     553.5 ms] [outer] scan
[dbg     553.5 ms] [outer] expand
[dbg     553.6 ms] [outer] sort
[dbg     553.6 ms] [outer] reduce
[dbg     553.7 ms] [outer] final
[dbg     553.7 ms] [outer] pack
[dbg     554.6 ms] [outer] d2h
[dbg     554.7 ms] T5 outer self_product: done (C_nnz=1922)
[dbg     555.0 ms] T6 colwise self_product: start
[dbg     555.0 ms] [colw] start
[dbg     555.1 ms] [colw] h2d
[dbg     555.2 ms] [colw] csc
[dbg     555.2 ms] [colw] count
[dbg     555.3 ms] [colw] scan
[dbg     555.3 ms] [colw] expand
[dbg     555.3 ms] [colw] sort
[dbg     555.4 ms] [colw] reduce
[dbg     555.4 ms] [colw] final
[dbg     555.4 ms] [colw] pack
[dbg     556.3 ms] [colw] d2h
[dbg     556.5 ms] T6 colwise self_product: done (C_nnz=1922)
[dbg     556.7 ms] T7 inner self_product: start
[dbg     556.7 ms] [inner] start
[dbg     556.9 ms] [inner] h2d
[dbg     557.0 ms] [inner] csc
[dbg     557.0 ms] [inner] count
[dbg     557.0 ms] [inner] scan
[dbg     557.0 ms] [inner] expand
[dbg     557.1 ms] [inner] sort
[dbg     557.1 ms] [inner] reduce
[dbg     557.2 ms] [inner] final
[dbg     557.2 ms] [inner] numeric
[dbg     557.2 ms] [inner] pack
[dbg     558.1 ms] [inner] d2h
[dbg     558.2 ms] T7 inner self_product: done (C_nnz=1922)
Reading matrix from ./data/first100/bcsstm26.mtx...
Input A: 1922 x 1922, nnz = 1922, sparsity = 99.95%
===============WARMING UP===============
=== Computing C = A x A (Manual) ===
Result C: 1922 x 1922, nnz = 1922, sparsity = 99.95%
Time: 1.408 ms

=== Computing C = A x A (Outer) ===
Result C: 1922 x 1922, nnz = 1922, sparsity = 99.95%
Time: 1.438 ms

=== Computing C = A x A (Colwise) ===
Result C: 1922 x 1922, nnz = 1922, sparsity = 99.95%
Time: 1.455 ms

=== Computing C = A x A (Inner) ===
Result C: 1922 x 1922, nnz = 1922, sparsity = 99.95%
Time: 1.457 ms

=== All tests completed ===
Processing bcsstm27 ... (max 600s)
[dbg       0.0 ms] main entry, initializing CUDA context...
[dbg     477.9 ms] CUDA context ready
[dbg     478.1 ms] start read_matrix_market: ./data/first100/bcsstm27.mtx
[dbg     487.2 ms] read done: 1224 x 1224, nnz=56126
[dbg     487.2 ms] [cu] start
[dbg     495.1 ms] [cu] h2d (453908 B)
[dbg     495.2 ms] cusparse: workEstimation begin
[dbg     519.5 ms] [cu] workest (buf1=675343 B)
[dbg     519.6 ms] cusparse: compute begin
[dbg     520.8 ms] [cu] compute (buf2=64645575 B)
[dbg     520.8 ms] cusparse: C size = 1224 x 1224, nnz=138106
[dbg     520.9 ms] cusparse: copy begin
[dbg     521.0 ms] [cu] copy
[dbg     521.1 ms] [cu] pack
[dbg     522.6 ms] self_product: C D2H begin (1109748 B)
[dbg     522.7 ms] [cu] d2h
[dbg     523.3 ms] [gust] start
[dbg     523.4 ms] [gust] h2d
[dbg     523.5 ms] ESC: count intermediates begin
[dbg     525.1 ms] [gust] count
[dbg     525.2 ms] [gust] scan
[dbg     525.4 ms] ESC: expand begin (2691026 intermediates)
[dbg     525.5 ms] [gust] expand
[dbg     525.5 ms] ESC: sort_by_key begin
[dbg     526.3 ms] [gust] sort
[dbg     526.4 ms] ESC: reduce_by_key begin
[dbg     526.6 ms] [gust] reduce
[dbg     527.0 ms] [gust] final
[dbg     527.2 ms] [gust] pack
[dbg     528.5 ms] [gust] d2h
[dbg     529.1 ms] [outer] start
[dbg     529.2 ms] [outer] h2d
[dbg     531.1 ms] [outer] csc
[dbg     531.2 ms] [outer] count
[dbg     531.2 ms] [outer] scan
[dbg     531.5 ms] [outer] expand
[dbg     532.1 ms] [outer] sort
[dbg     532.3 ms] [outer] reduce
[dbg     532.5 ms] [outer] final
[dbg     532.6 ms] [outer] pack
[dbg     533.9 ms] [outer] d2h
[dbg     534.5 ms] [colw] start
[dbg     534.7 ms] [colw] h2d
[dbg     534.9 ms] [colw] csc
[dbg     534.9 ms] [colw] count
[dbg     535.0 ms] [colw] scan
[dbg     535.3 ms] [colw] expand
[dbg     535.9 ms] [colw] sort
[dbg     536.1 ms] [colw] reduce
[dbg     536.3 ms] [colw] final
[dbg     536.4 ms] [colw] pack
[dbg     537.6 ms] [colw] d2h
[dbg     538.3 ms] [inner] start
[dbg     538.4 ms] [inner] h2d
[dbg     538.5 ms] [inner] csc
[dbg     538.6 ms] [inner] count
[dbg     538.6 ms] [inner] scan
[dbg     538.9 ms] [inner] expand
[dbg     539.5 ms] [inner] sort
[dbg     539.7 ms] [inner] reduce
[dbg     539.9 ms] [inner] final
[dbg     540.2 ms] [inner] numeric
[dbg     540.3 ms] [inner] pack
[dbg     541.4 ms] [inner] d2h
[dbg     541.8 ms] warmup done
[dbg     541.9 ms] T4 manual self_product: start
[dbg     541.9 ms] [gust] start
[dbg     542.0 ms] [gust] h2d
[dbg     542.0 ms] ESC: count intermediates begin
[dbg     542.1 ms] [gust] count
[dbg     542.1 ms] [gust] scan
[dbg     542.3 ms] ESC: expand begin (2691026 intermediates)
[dbg     542.4 ms] [gust] expand
[dbg     542.4 ms] ESC: sort_by_key begin
[dbg     542.9 ms] [gust] sort
[dbg     543.1 ms] ESC: reduce_by_key begin
[dbg     543.1 ms] [gust] reduce
[dbg     543.5 ms] [gust] final
[dbg     543.6 ms] [gust] pack
[dbg     544.7 ms] [gust] d2h
[dbg     544.9 ms] T4 manual self_product: done (C_nnz=138106)
[dbg     545.2 ms] T5 outer self_product: start
[dbg     545.2 ms] [outer] start
[dbg     545.3 ms] [outer] h2d
[dbg     545.5 ms] [outer] csc
[dbg     545.5 ms] [outer] count
[dbg     545.5 ms] [outer] scan
[dbg     545.8 ms] [outer] expand
[dbg     546.4 ms] [outer] sort
[dbg     546.5 ms] [outer] reduce
[dbg     546.8 ms] [outer] final
[dbg     546.9 ms] [outer] pack
[dbg     548.0 ms] [outer] d2h
[dbg     548.4 ms] T5 outer self_product: done (C_nnz=138106)
[dbg     548.7 ms] T6 colwise self_product: start
[dbg     548.7 ms] [colw] start
[dbg     548.8 ms] [colw] h2d
[dbg     548.9 ms] [colw] csc
[dbg     549.0 ms] [colw] count
[dbg     549.0 ms] [colw] scan
[dbg     549.3 ms] [colw] expand
[dbg     549.9 ms] [colw] sort
[dbg     550.0 ms] [colw] reduce
[dbg     550.3 ms] [colw] final
[dbg     550.4 ms] [colw] pack
[dbg     551.5 ms] [colw] d2h
[dbg     551.9 ms] T6 colwise self_product: done (C_nnz=138106)
[dbg     552.1 ms] T7 inner self_product: start
[dbg     552.2 ms] [inner] start
[dbg     552.3 ms] [inner] h2d
[dbg     552.4 ms] [inner] csc
[dbg     552.5 ms] [inner] count
[dbg     552.5 ms] [inner] scan
[dbg     552.9 ms] [inner] expand
[dbg     553.5 ms] [inner] sort
[dbg     553.7 ms] [inner] reduce
[dbg     553.9 ms] [inner] final
[dbg     554.1 ms] [inner] numeric
[dbg     554.2 ms] [inner] pack
[dbg     555.3 ms] [inner] d2h
[dbg     555.5 ms] T7 inner self_product: done (C_nnz=138106)
Reading matrix from ./data/first100/bcsstm27.mtx...
Input A: 1224 x 1224, nnz = 56126, sparsity = 96.25%
===============WARMING UP===============
=== Computing C = A x A (Manual) ===
Result C: 1224 x 1224, nnz = 138106, sparsity = 90.78%
Time: 3.037 ms

=== Computing C = A x A (Outer) ===
Result C: 1224 x 1224, nnz = 138106, sparsity = 90.78%
Time: 3.180 ms

=== Computing C = A x A (Colwise) ===
Result C: 1224 x 1224, nnz = 138106, sparsity = 90.78%
Time: 3.217 ms

=== Computing C = A x A (Inner) ===
Result C: 1224 x 1224, nnz = 138106, sparsity = 90.78%
Time: 3.375 ms

=== All tests completed ===
Processing blckhole ... (max 600s)
[dbg       0.0 ms] main entry, initializing CUDA context...
[dbg     476.4 ms] CUDA context ready
[dbg     476.6 ms] start read_matrix_market: ./data/first100/blckhole.mtx
[dbg     477.9 ms] read done: 2132 x 2132, nnz=14872
[dbg     477.9 ms] [cu] start
[dbg     486.0 ms] [cu] h2d (127508 B)
[dbg     486.1 ms] cusparse: workEstimation begin
[dbg     513.4 ms] [cu] workest (buf1=179783 B)
[dbg     513.4 ms] cusparse: compute begin
[dbg     514.3 ms] [cu] compute (buf2=2559567 B)
[dbg     514.3 ms] cusparse: C size = 2132 x 2132, nnz=41546
[dbg     514.3 ms] cusparse: copy begin
[dbg     514.4 ms] [cu] copy
[dbg     514.4 ms] [cu] pack
[dbg     515.9 ms] self_product: C D2H begin (340900 B)
[dbg     516.0 ms] [cu] d2h
[dbg     516.5 ms] [gust] start
[dbg     516.6 ms] [gust] h2d
[dbg     516.6 ms] ESC: count intermediates begin
[dbg     518.2 ms] [gust] count
[dbg     518.4 ms] [gust] scan
[dbg     518.4 ms] ESC: expand begin (105678 intermediates)
[dbg     518.5 ms] [gust] expand
[dbg     518.5 ms] ESC: sort_by_key begin
[dbg     518.9 ms] [gust] sort
[dbg     519.0 ms] ESC: reduce_by_key begin
[dbg     519.1 ms] [gust] reduce
[dbg     519.2 ms] [gust] final
[dbg     519.3 ms] [gust] pack
[dbg     520.5 ms] [gust] d2h
[dbg     521.0 ms] [outer] start
[dbg     521.1 ms] [outer] h2d
[dbg     523.0 ms] [outer] csc
[dbg     523.0 ms] [outer] count
[dbg     523.0 ms] [outer] scan
[dbg     523.1 ms] [outer] expand
[dbg     523.4 ms] [outer] sort
[dbg     523.5 ms] [outer] reduce
[dbg     523.6 ms] [outer] final
[dbg     523.6 ms] [outer] pack
[dbg     524.7 ms] [outer] d2h
[dbg     525.1 ms] [colw] start
[dbg     525.2 ms] [colw] h2d
[dbg     525.3 ms] [colw] csc
[dbg     525.4 ms] [colw] count
[dbg     525.4 ms] [colw] scan
[dbg     525.5 ms] [colw] expand
[dbg     526.0 ms] [colw] sort
[dbg     526.1 ms] [colw] reduce
[dbg     526.2 ms] [colw] final
[dbg     526.2 ms] [colw] pack
[dbg     527.3 ms] [colw] d2h
[dbg     527.8 ms] [inner] start
[dbg     527.9 ms] [inner] h2d
[dbg     528.0 ms] [inner] csc
[dbg     528.0 ms] [inner] count
[dbg     528.0 ms] [inner] scan
[dbg     528.1 ms] [inner] expand
[dbg     528.4 ms] [inner] sort
[dbg     528.5 ms] [inner] reduce
[dbg     528.6 ms] [inner] final
[dbg     528.6 ms] [inner] numeric
[dbg     528.6 ms] [inner] pack
[dbg     529.6 ms] [inner] d2h
[dbg     530.0 ms] warmup done
[dbg     530.0 ms] T4 manual self_product: start
[dbg     530.0 ms] [gust] start
[dbg     530.1 ms] [gust] h2d
[dbg     530.1 ms] ESC: count intermediates begin
[dbg     530.2 ms] [gust] count
[dbg     530.2 ms] [gust] scan
[dbg     530.2 ms] ESC: expand begin (105678 intermediates)
[dbg     530.2 ms] [gust] expand
[dbg     530.2 ms] ESC: sort_by_key begin
[dbg     530.6 ms] [gust] sort
[dbg     530.6 ms] ESC: reduce_by_key begin
[dbg     530.7 ms] [gust] reduce
[dbg     530.7 ms] [gust] final
[dbg     530.8 ms] [gust] pack
[dbg     531.6 ms] [gust] d2h
[dbg     531.8 ms] T4 manual self_product: done (C_nnz=41546)
[dbg     532.1 ms] T5 outer self_product: start
[dbg     532.1 ms] [outer] start
[dbg     532.2 ms] [outer] h2d
[dbg     532.3 ms] [outer] csc
[dbg     532.3 ms] [outer] count
[dbg     532.4 ms] [outer] scan
[dbg     532.4 ms] [outer] expand
[dbg     532.7 ms] [outer] sort
[dbg     532.8 ms] [outer] reduce
[dbg     532.9 ms] [outer] final
[dbg     532.9 ms] [outer] pack
[dbg     533.8 ms] [outer] d2h
[dbg     534.0 ms] T5 outer self_product: done (C_nnz=41546)
[dbg     534.3 ms] T6 colwise self_product: start
[dbg     534.3 ms] [colw] start
[dbg     534.4 ms] [colw] h2d
[dbg     534.5 ms] [colw] csc
[dbg     534.5 ms] [colw] count
[dbg     534.6 ms] [colw] scan
[dbg     534.6 ms] [colw] expand
[dbg     534.9 ms] [colw] sort
[dbg     535.0 ms] [colw] reduce
[dbg     535.1 ms] [colw] final
[dbg     535.1 ms] [colw] pack
[dbg     536.0 ms] [colw] d2h
[dbg     536.1 ms] T6 colwise self_product: done (C_nnz=41546)
[dbg     536.4 ms] T7 inner self_product: start
[dbg     536.4 ms] [inner] start
[dbg     536.6 ms] [inner] h2d
[dbg     536.6 ms] [inner] csc
[dbg     536.7 ms] [inner] count
[dbg     536.7 ms] [inner] scan
[dbg     536.7 ms] [inner] expand
[dbg     537.0 ms] [inner] sort
[dbg     537.1 ms] [inner] reduce
[dbg     537.2 ms] [inner] final
[dbg     537.2 ms] [inner] numeric
[dbg     537.3 ms] [inner] pack
[dbg     538.1 ms] [inner] d2h
[dbg     538.3 ms] T7 inner self_product: done (C_nnz=41546)
Reading matrix from ./data/first100/blckhole.mtx...
Input A: 2132 x 2132, nnz = 14872, sparsity = 99.67%
===============WARMING UP===============
=== Computing C = A x A (Manual) ===
Result C: 2132 x 2132, nnz = 41546, sparsity = 99.09%
Time: 1.795 ms

=== Computing C = A x A (Outer) ===
Result C: 2132 x 2132, nnz = 41546, sparsity = 99.09%
Time: 1.885 ms

=== Computing C = A x A (Colwise) ===
Result C: 2132 x 2132, nnz = 41546, sparsity = 99.09%
Time: 1.860 ms

=== Computing C = A x A (Inner) ===
Result C: 2132 x 2132, nnz = 41546, sparsity = 99.09%
Time: 1.849 ms

=== All tests completed ===
Processing bp_0 ... (max 600s)
[dbg       0.0 ms] main entry, initializing CUDA context...
[dbg     481.8 ms] CUDA context ready
[dbg     482.0 ms] start read_matrix_market: ./data/first100/bp_0.mtx
[dbg     482.8 ms] read done: 822 x 822, nnz=3276
[dbg     482.8 ms] [cu] start
[dbg     490.9 ms] [cu] h2d (29500 B)
[dbg     490.9 ms] cusparse: workEstimation begin
[dbg     514.9 ms] [cu] workest (buf1=40375 B)
[dbg     514.9 ms] cusparse: compute begin
[dbg     515.5 ms] [cu] compute (buf2=292215 B)
[dbg     515.5 ms] cusparse: C size = 822 x 822, nnz=9384
[dbg     515.5 ms] cusparse: copy begin
[dbg     515.7 ms] [cu] copy
[dbg     515.7 ms] [cu] pack
[dbg     517.1 ms] self_product: C D2H begin (78364 B)
[dbg     517.1 ms] [cu] d2h
[dbg     517.6 ms] [gust] start
[dbg     517.7 ms] [gust] h2d
[dbg     517.7 ms] ESC: count intermediates begin
[dbg     519.2 ms] [gust] count
[dbg     519.5 ms] [gust] scan
[dbg     519.5 ms] ESC: expand begin (11653 intermediates)
[dbg     519.5 ms] [gust] expand
[dbg     519.5 ms] ESC: sort_by_key begin
[dbg     519.8 ms] [gust] sort
[dbg     519.8 ms] ESC: reduce_by_key begin
[dbg     520.0 ms] [gust] reduce
[dbg     520.1 ms] [gust] final
[dbg     520.1 ms] [gust] pack
[dbg     521.4 ms] [gust] d2h
[dbg     521.8 ms] [outer] start
[dbg     521.9 ms] [outer] h2d
[dbg     523.8 ms] [outer] csc
[dbg     523.8 ms] [outer] count
[dbg     523.9 ms] [outer] scan
[dbg     523.9 ms] [outer] expand
[dbg     524.1 ms] [outer] sort
[dbg     524.1 ms] [outer] reduce
[dbg     524.2 ms] [outer] final
[dbg     524.2 ms] [outer] pack
[dbg     525.3 ms] [outer] d2h
[dbg     525.7 ms] [colw] start
[dbg     525.8 ms] [colw] h2d
[dbg     526.0 ms] [colw] csc
[dbg     526.0 ms] [colw] count
[dbg     526.1 ms] [colw] scan
[dbg     526.1 ms] [colw] expand
[dbg     526.2 ms] [colw] sort
[dbg     526.3 ms] [colw] reduce
[dbg     526.3 ms] [colw] final
[dbg     526.3 ms] [colw] pack
[dbg     527.2 ms] [colw] d2h
[dbg     527.7 ms] [inner] start
[dbg     527.8 ms] [inner] h2d
[dbg     528.0 ms] [inner] csc
[dbg     528.0 ms] [inner] count
[dbg     528.0 ms] [inner] scan
[dbg     528.1 ms] [inner] expand
[dbg     528.2 ms] [inner] sort
[dbg     528.2 ms] [inner] reduce
[dbg     528.3 ms] [inner] final
[dbg     528.4 ms] [inner] numeric
[dbg     528.4 ms] [inner] pack
[dbg     529.2 ms] [inner] d2h
[dbg     529.6 ms] warmup done
[dbg     529.6 ms] T4 manual self_product: start
[dbg     529.6 ms] [gust] start
[dbg     529.7 ms] [gust] h2d
[dbg     529.7 ms] ESC: count intermediates begin
[dbg     529.8 ms] [gust] count
[dbg     529.8 ms] [gust] scan
[dbg     529.8 ms] ESC: expand begin (11653 intermediates)
[dbg     529.9 ms] [gust] expand
[dbg     529.9 ms] ESC: sort_by_key begin
[dbg     530.0 ms] [gust] sort
[dbg     530.0 ms] ESC: reduce_by_key begin
[dbg     530.0 ms] [gust] reduce
[dbg     530.1 ms] [gust] final
[dbg     530.1 ms] [gust] pack
[dbg     530.9 ms] [gust] d2h
[dbg     531.1 ms] T4 manual self_product: done (C_nnz=9384)
[dbg     531.3 ms] T5 outer self_product: start
[dbg     531.3 ms] [outer] start
[dbg     531.4 ms] [outer] h2d
[dbg     531.6 ms] [outer] csc
[dbg     531.7 ms] [outer] count
[dbg     531.7 ms] [outer] scan
[dbg     531.7 ms] [outer] expand
[dbg     531.9 ms] [outer] sort
[dbg     531.9 ms] [outer] reduce
[dbg     532.0 ms] [outer] final
[dbg     532.0 ms] [outer] pack
[dbg     532.8 ms] [outer] d2h
[dbg     532.9 ms] T5 outer self_product: done (C_nnz=9384)
[dbg     533.2 ms] T6 colwise self_product: start
[dbg     533.2 ms] [colw] start
[dbg     533.3 ms] [colw] h2d
[dbg     533.5 ms] [colw] csc
[dbg     533.5 ms] [colw] count
[dbg     533.6 ms] [colw] scan
[dbg     533.6 ms] [colw] expand
[dbg     533.7 ms] [colw] sort
[dbg     533.8 ms] [colw] reduce
[dbg     533.8 ms] [colw] final
[dbg     533.8 ms] [colw] pack
[dbg     534.6 ms] [colw] d2h
[dbg     534.8 ms] T6 colwise self_product: done (C_nnz=9384)
[dbg     535.0 ms] T7 inner self_product: start
[dbg     535.0 ms] [inner] start
[dbg     535.1 ms] [inner] h2d
[dbg     535.3 ms] [inner] csc
[dbg     535.4 ms] [inner] count
[dbg     535.4 ms] [inner] scan
[dbg     535.4 ms] [inner] expand
[dbg     535.5 ms] [inner] sort
[dbg     535.6 ms] [inner] reduce
[dbg     535.6 ms] [inner] final
[dbg     535.7 ms] [inner] numeric
[dbg     535.7 ms] [inner] pack
[dbg     536.5 ms] [inner] d2h
[dbg     536.7 ms] T7 inner self_product: done (C_nnz=9384)
Reading matrix from ./data/first100/bp_0.mtx...
Input A: 822 x 822, nnz = 3276, sparsity = 99.52%
===============WARMING UP===============
=== Computing C = A x A (Manual) ===
Result C: 822 x 822, nnz = 9384, sparsity = 98.61%
Time: 1.430 ms

=== Computing C = A x A (Outer) ===
Result C: 822 x 822, nnz = 9384, sparsity = 98.61%
Time: 1.573 ms

=== Computing C = A x A (Colwise) ===
Result C: 822 x 822, nnz = 9384, sparsity = 98.61%
Time: 1.559 ms

=== Computing C = A x A (Inner) ===
Result C: 822 x 822, nnz = 9384, sparsity = 98.61%
Time: 1.641 ms

=== All tests completed ===
Processing bp_1000 ... (max 600s)
[dbg       0.0 ms] main entry, initializing CUDA context...
[dbg     473.9 ms] CUDA context ready
[dbg     474.0 ms] start read_matrix_market: ./data/first100/bp_1000.mtx
[dbg     475.3 ms] read done: 822 x 822, nnz=4661
[dbg     475.3 ms] [cu] start
[dbg     483.6 ms] [cu] h2d (40580 B)
[dbg     483.6 ms] cusparse: workEstimation begin
[dbg     511.2 ms] [cu] workest (buf1=56995 B)
[dbg     511.2 ms] cusparse: compute begin
[dbg     511.8 ms] [cu] compute (buf2=603639 B)
[dbg     511.9 ms] cusparse: C size = 822 x 822, nnz=21373
[dbg     511.9 ms] cusparse: copy begin
[dbg     512.0 ms] [cu] copy
[dbg     512.0 ms] [cu] pack
[dbg     513.4 ms] self_product: C D2H begin (174276 B)
[dbg     513.5 ms] [cu] d2h
[dbg     513.9 ms] [gust] start
[dbg     514.1 ms] [gust] h2d
[dbg     514.1 ms] ESC: count intermediates begin
[dbg     515.6 ms] [gust] count
[dbg     515.9 ms] [gust] scan
[dbg     515.9 ms] ESC: expand begin (24629 intermediates)
[dbg     516.0 ms] [gust] expand
[dbg     516.0 ms] ESC: sort_by_key begin
[dbg     516.2 ms] [gust] sort
[dbg     516.2 ms] ESC: reduce_by_key begin
[dbg     516.4 ms] [gust] reduce
[dbg     516.5 ms] [gust] final
[dbg     516.5 ms] [gust] pack
[dbg     517.8 ms] [gust] d2h
[dbg     518.2 ms] [outer] start
[dbg     518.3 ms] [outer] h2d
[dbg     520.2 ms] [outer] csc
[dbg     520.2 ms] [outer] count
[dbg     520.3 ms] [outer] scan
[dbg     520.3 ms] [outer] expand
[dbg     520.5 ms] [outer] sort
[dbg     520.5 ms] [outer] reduce
[dbg     520.6 ms] [outer] final
[dbg     520.6 ms] [outer] pack
[dbg     521.7 ms] [outer] d2h
[dbg     522.1 ms] [colw] start
[dbg     522.2 ms] [colw] h2d
[dbg     522.3 ms] [colw] csc
[dbg     522.4 ms] [colw] count
[dbg     522.4 ms] [colw] scan
[dbg     522.5 ms] [colw] expand
[dbg     522.6 ms] [colw] sort
[dbg     522.6 ms] [colw] reduce
[dbg     522.7 ms] [colw] final
[dbg     522.7 ms] [colw] pack
[dbg     523.6 ms] [colw] d2h
[dbg     524.0 ms] [inner] start
[dbg     524.1 ms] [inner] h2d
[dbg     524.3 ms] [inner] csc
[dbg     524.4 ms] [inner] count
[dbg     524.4 ms] [inner] scan
[dbg     524.4 ms] [inner] expand
[dbg     524.6 ms] [inner] sort
[dbg     524.6 ms] [inner] reduce
[dbg     524.7 ms] [inner] final
[dbg     524.8 ms] [inner] numeric
[dbg     524.9 ms] [inner] pack
[dbg     525.7 ms] [inner] d2h
[dbg     526.1 ms] warmup done
[dbg     526.2 ms] T4 manual self_product: start
[dbg     526.2 ms] [gust] start
[dbg     526.3 ms] [gust] h2d
[dbg     526.3 ms] ESC: count intermediates begin
[dbg     526.3 ms] [gust] count
[dbg     526.4 ms] [gust] scan
[dbg     526.4 ms] ESC: expand begin (24629 intermediates)
[dbg     526.4 ms] [gust] expand
[dbg     526.4 ms] ESC: sort_by_key begin
[dbg     526.6 ms] [gust] sort
[dbg     526.6 ms] ESC: reduce_by_key begin
[dbg     526.6 ms] [gust] reduce
[dbg     526.7 ms] [gust] final
[dbg     526.7 ms] [gust] pack
[dbg     527.5 ms] [gust] d2h
[dbg     527.6 ms] T4 manual self_product: done (C_nnz=21373)
[dbg     527.9 ms] T5 outer self_product: start
[dbg     527.9 ms] [outer] start
[dbg     528.0 ms] [outer] h2d
[dbg     528.2 ms] [outer] csc
[dbg     528.2 ms] [outer] count
[dbg     528.3 ms] [outer] scan
[dbg     528.3 ms] [outer] expand
[dbg     528.4 ms] [outer] sort
[dbg     528.5 ms] [outer] reduce
[dbg     528.5 ms] [outer] final
[dbg     528.6 ms] [outer] pack
[dbg     529.4 ms] [outer] d2h
[dbg     529.5 ms] T5 outer self_product: done (C_nnz=21373)
[dbg     529.8 ms] T6 colwise self_product: start
[dbg     529.8 ms] [colw] start
[dbg     529.9 ms] [colw] h2d
[dbg     530.1 ms] [colw] csc
[dbg     530.1 ms] [colw] count
[dbg     530.2 ms] [colw] scan
[dbg     530.2 ms] [colw] expand
[dbg     530.3 ms] [colw] sort
[dbg     530.3 ms] [colw] reduce
[dbg     530.4 ms] [colw] final
[dbg     530.4 ms] [colw] pack
[dbg     531.2 ms] [colw] d2h
[dbg     531.4 ms] T6 colwise self_product: done (C_nnz=21373)
[dbg     531.6 ms] T7 inner self_product: start
[dbg     531.6 ms] [inner] start
[dbg     531.7 ms] [inner] h2d
[dbg     531.9 ms] [inner] csc
[dbg     531.9 ms] [inner] count
[dbg     532.0 ms] [inner] scan
[dbg     532.0 ms] [inner] expand
[dbg     532.2 ms] [inner] sort
[dbg     532.2 ms] [inner] reduce
[dbg     532.2 ms] [inner] final
[dbg     532.4 ms] [inner] numeric
[dbg     532.4 ms] [inner] pack
[dbg     533.2 ms] [inner] d2h
[dbg     533.3 ms] T7 inner self_product: done (C_nnz=21373)
Reading matrix from ./data/first100/bp_1000.mtx...
Input A: 822 x 822, nnz = 4661, sparsity = 99.31%
===============WARMING UP===============
=== Computing C = A x A (Manual) ===
Result C: 822 x 822, nnz = 21373, sparsity = 96.84%
Time: 1.477 ms

=== Computing C = A x A (Outer) ===
Result C: 822 x 822, nnz = 21373, sparsity = 96.84%
Time: 1.588 ms

=== Computing C = A x A (Colwise) ===
Result C: 822 x 822, nnz = 21373, sparsity = 96.84%
Time: 1.546 ms

=== Computing C = A x A (Inner) ===
Result C: 822 x 822, nnz = 21373, sparsity = 96.84%
Time: 1.692 ms

=== All tests completed ===
Processing bp_1200 ... (max 600s)
[dbg       0.0 ms] main entry, initializing CUDA context...
[dbg     480.7 ms] CUDA context ready
[dbg     480.8 ms] start read_matrix_market: ./data/first100/bp_1200.mtx
[dbg     482.1 ms] read done: 822 x 822, nnz=4726
[dbg     482.1 ms] [cu] start
[dbg     489.9 ms] [cu] h2d (41100 B)
[dbg     490.0 ms] cusparse: workEstimation begin
[dbg     514.7 ms] [cu] workest (buf1=57775 B)
[dbg     514.8 ms] cusparse: compute begin
[dbg     515.4 ms] [cu] compute (buf2=622263 B)
[dbg     515.4 ms] cusparse: C size = 822 x 822, nnz=22313
[dbg     515.4 ms] cusparse: copy begin
[dbg     515.6 ms] [cu] copy
[dbg     515.6 ms] [cu] pack
[dbg     517.1 ms] self_product: C D2H begin (181796 B)
[dbg     517.2 ms] [cu] d2h
[dbg     517.7 ms] [gust] start
[dbg     517.8 ms] [gust] h2d
[dbg     517.8 ms] ESC: count intermediates begin
[dbg     519.3 ms] [gust] count
[dbg     519.6 ms] [gust] scan
[dbg     519.6 ms] ESC: expand begin (25405 intermediates)
[dbg     519.6 ms] [gust] expand
[dbg     519.7 ms] ESC: sort_by_key begin
[dbg     519.9 ms] [gust] sort
[dbg     519.9 ms] ESC: reduce_by_key begin
[dbg     520.1 ms] [gust] reduce
[dbg     520.2 ms] [gust] final
[dbg     520.2 ms] [gust] pack
[dbg     521.5 ms] [gust] d2h
[dbg     521.9 ms] [outer] start
[dbg     522.0 ms] [outer] h2d
[dbg     523.8 ms] [outer] csc
[dbg     523.9 ms] [outer] count
[dbg     523.9 ms] [outer] scan
[dbg     524.0 ms] [outer] expand
[dbg     524.1 ms] [outer] sort
[dbg     524.1 ms] [outer] reduce
[dbg     524.2 ms] [outer] final
[dbg     524.2 ms] [outer] pack
[dbg     525.3 ms] [outer] d2h
[dbg     525.7 ms] [colw] start
[dbg     525.9 ms] [colw] h2d
[dbg     526.0 ms] [colw] csc
[dbg     526.1 ms] [colw] count
[dbg     526.1 ms] [colw] scan
[dbg     526.2 ms] [colw] expand
[dbg     526.3 ms] [colw] sort
[dbg     526.3 ms] [colw] reduce
[dbg     526.4 ms] [colw] final
[dbg     526.4 ms] [colw] pack
[dbg     527.4 ms] [colw] d2h
[dbg     527.8 ms] [inner] start
[dbg     527.9 ms] [inner] h2d
[dbg     528.1 ms] [inner] csc
[dbg     528.1 ms] [inner] count
[dbg     528.2 ms] [inner] scan
[dbg     528.2 ms] [inner] expand
[dbg     528.4 ms] [inner] sort
[dbg     528.4 ms] [inner] reduce
[dbg     528.5 ms] [inner] final
[dbg     528.6 ms] [inner] numeric
[dbg     528.6 ms] [inner] pack
[dbg     529.5 ms] [inner] d2h
[dbg     529.9 ms] warmup done
[dbg     529.9 ms] T4 manual self_product: start
[dbg     529.9 ms] [gust] start
[dbg     530.0 ms] [gust] h2d
[dbg     530.0 ms] ESC: count intermediates begin
[dbg     530.1 ms] [gust] count
[dbg     530.1 ms] [gust] scan
[dbg     530.1 ms] ESC: expand begin (25405 intermediates)
[dbg     530.2 ms] [gust] expand
[dbg     530.2 ms] ESC: sort_by_key begin
[dbg     530.3 ms] [gust] sort
[dbg     530.3 ms] ESC: reduce_by_key begin
[dbg     530.4 ms] [gust] reduce
[dbg     530.4 ms] [gust] final
[dbg     530.4 ms] [gust] pack
[dbg     531.3 ms] [gust] d2h
[dbg     531.4 ms] T4 manual self_product: done (C_nnz=22313)
[dbg     531.7 ms] T5 outer self_product: start
[dbg     531.7 ms] [outer] start
[dbg     531.9 ms] [outer] h2d
[dbg     532.0 ms] [outer] csc
[dbg     532.0 ms] [outer] count
[dbg     532.1 ms] [outer] scan
[dbg     532.1 ms] [outer] expand
[dbg     532.3 ms] [outer] sort
[dbg     532.3 ms] [outer] reduce
[dbg     532.4 ms] [outer] final
[dbg     532.4 ms] [outer] pack
[dbg     533.3 ms] [outer] d2h
[dbg     533.4 ms] T5 outer self_product: done (C_nnz=22313)
[dbg     533.7 ms] T6 colwise self_product: start
[dbg     533.7 ms] [colw] start
[dbg     533.9 ms] [colw] h2d
[dbg     534.1 ms] [colw] csc
[dbg     534.1 ms] [colw] count
[dbg     534.1 ms] [colw] scan
[dbg     534.1 ms] [colw] expand
[dbg     534.3 ms] [colw] sort
[dbg     534.3 ms] [colw] reduce
[dbg     534.4 ms] [colw] final
[dbg     534.4 ms] [colw] pack
[dbg     535.2 ms] [colw] d2h
[dbg     535.4 ms] T6 colwise self_product: done (C_nnz=22313)
[dbg     535.7 ms] T7 inner self_product: start
[dbg     535.7 ms] [inner] start
[dbg     535.8 ms] [inner] h2d
[dbg     536.0 ms] [inner] csc
[dbg     536.0 ms] [inner] count
[dbg     536.0 ms] [inner] scan
[dbg     536.1 ms] [inner] expand
[dbg     536.2 ms] [inner] sort
[dbg     536.3 ms] [inner] reduce
[dbg     536.3 ms] [inner] final
[dbg     536.4 ms] [inner] numeric
[dbg     536.5 ms] [inner] pack
[dbg     537.3 ms] [inner] d2h
[dbg     537.4 ms] T7 inner self_product: done (C_nnz=22313)
Reading matrix from ./data/first100/bp_1200.mtx...
Input A: 822 x 822, nnz = 4726, sparsity = 99.30%
===============WARMING UP===============
=== Computing C = A x A (Manual) ===
Result C: 822 x 822, nnz = 22313, sparsity = 96.70%
Time: 1.510 ms

=== Computing C = A x A (Outer) ===
Result C: 822 x 822, nnz = 22313, sparsity = 96.70%
Time: 1.677 ms

=== Computing C = A x A (Colwise) ===
Result C: 822 x 822, nnz = 22313, sparsity = 96.70%
Time: 1.644 ms

=== Computing C = A x A (Inner) ===
Result C: 822 x 822, nnz = 22313, sparsity = 96.70%
Time: 1.780 ms

=== All tests completed ===
Processing bp_1400 ... (max 600s)
[dbg       0.0 ms] main entry, initializing CUDA context...
[dbg     480.7 ms] CUDA context ready
[dbg     480.9 ms] start read_matrix_market: ./data/first100/bp_1400.mtx
[dbg     482.2 ms] read done: 822 x 822, nnz=4790
[dbg     482.2 ms] [cu] start
[dbg     490.5 ms] [cu] h2d (41612 B)
[dbg     490.6 ms] cusparse: workEstimation begin
[dbg     517.6 ms] [cu] workest (buf1=58543 B)
[dbg     517.6 ms] cusparse: compute begin
[dbg     518.3 ms] [cu] compute (buf2=637887 B)
[dbg     518.3 ms] cusparse: C size = 822 x 822, nnz=23154
[dbg     518.3 ms] cusparse: copy begin
[dbg     518.4 ms] [cu] copy
[dbg     518.5 ms] [cu] pack
[dbg     520.0 ms] self_product: C D2H begin (188524 B)
[dbg     520.0 ms] [cu] d2h
[dbg     520.5 ms] [gust] start
[dbg     520.6 ms] [gust] h2d
[dbg     520.6 ms] ESC: count intermediates begin
[dbg     522.2 ms] [gust] count
[dbg     522.5 ms] [gust] scan
[dbg     522.5 ms] ESC: expand begin (26056 intermediates)
[dbg     522.6 ms] [gust] expand
[dbg     522.6 ms] ESC: sort_by_key begin
[dbg     522.9 ms] [gust] sort
[dbg     522.9 ms] ESC: reduce_by_key begin
[dbg     523.0 ms] [gust] reduce
[dbg     523.1 ms] [gust] final
[dbg     523.1 ms] [gust] pack
[dbg     524.5 ms] [gust] d2h
[dbg     524.9 ms] [outer] start
[dbg     525.0 ms] [outer] h2d
[dbg     527.0 ms] [outer] csc
[dbg     527.0 ms] [outer] count
[dbg     527.1 ms] [outer] scan
[dbg     527.1 ms] [outer] expand
[dbg     527.3 ms] [outer] sort
[dbg     527.3 ms] [outer] reduce
[dbg     527.4 ms] [outer] final
[dbg     527.4 ms] [outer] pack
[dbg     528.5 ms] [outer] d2h
[dbg     528.9 ms] [colw] start
[dbg     529.1 ms] [colw] h2d
[dbg     529.2 ms] [colw] csc
[dbg     529.3 ms] [colw] count
[dbg     529.3 ms] [colw] scan
[dbg     529.4 ms] [colw] expand
[dbg     529.5 ms] [colw] sort
[dbg     529.5 ms] [colw] reduce
[dbg     529.6 ms] [colw] final
[dbg     529.6 ms] [colw] pack
[dbg     530.6 ms] [colw] d2h
[dbg     531.1 ms] [inner] start
[dbg     531.2 ms] [inner] h2d
[dbg     531.4 ms] [inner] csc
[dbg     531.4 ms] [inner] count
[dbg     531.4 ms] [inner] scan
[dbg     531.5 ms] [inner] expand
[dbg     531.6 ms] [inner] sort
[dbg     531.6 ms] [inner] reduce
[dbg     531.7 ms] [inner] final
[dbg     531.9 ms] [inner] numeric
[dbg     531.9 ms] [inner] pack
[dbg     532.8 ms] [inner] d2h
[dbg     533.1 ms] warmup done
[dbg     533.1 ms] T4 manual self_product: start
[dbg     533.1 ms] [gust] start
[dbg     533.3 ms] [gust] h2d
[dbg     533.3 ms] ESC: count intermediates begin
[dbg     533.3 ms] [gust] count
[dbg     533.4 ms] [gust] scan
[dbg     533.4 ms] ESC: expand begin (26056 intermediates)
[dbg     533.4 ms] [gust] expand
[dbg     533.4 ms] ESC: sort_by_key begin
[dbg     533.5 ms] [gust] sort
[dbg     533.6 ms] ESC: reduce_by_key begin
[dbg     533.6 ms] [gust] reduce
[dbg     533.6 ms] [gust] final
[dbg     533.7 ms] [gust] pack
[dbg     534.6 ms] [gust] d2h
[dbg     534.7 ms] T4 manual self_product: done (C_nnz=23154)
[dbg     535.0 ms] T5 outer self_product: start
[dbg     535.0 ms] [outer] start
[dbg     535.1 ms] [outer] h2d
[dbg     535.2 ms] [outer] csc
[dbg     535.3 ms] [outer] count
[dbg     535.3 ms] [outer] scan
[dbg     535.4 ms] [outer] expand
[dbg     535.5 ms] [outer] sort
[dbg     535.5 ms] [outer] reduce
[dbg     535.6 ms] [outer] final
[dbg     535.6 ms] [outer] pack
[dbg     536.5 ms] [outer] d2h
[dbg     536.6 ms] T5 outer self_product: done (C_nnz=23154)
[dbg     536.9 ms] T6 colwise self_product: start
[dbg     536.9 ms] [colw] start
[dbg     537.0 ms] [colw] h2d
[dbg     537.1 ms] [colw] csc
[dbg     537.2 ms] [colw] count
[dbg     537.2 ms] [colw] scan
[dbg     537.2 ms] [colw] expand
[dbg     537.4 ms] [colw] sort
[dbg     537.4 ms] [colw] reduce
[dbg     537.5 ms] [colw] final
[dbg     537.5 ms] [colw] pack
[dbg     538.4 ms] [colw] d2h
[dbg     538.5 ms] T6 colwise self_product: done (C_nnz=23154)
[dbg     538.8 ms] T7 inner self_product: start
[dbg     538.8 ms] [inner] start
[dbg     538.9 ms] [inner] h2d
[dbg     539.1 ms] [inner] csc
[dbg     539.1 ms] [inner] count
[dbg     539.1 ms] [inner] scan
[dbg     539.2 ms] [inner] expand
[dbg     539.3 ms] [inner] sort
[dbg     539.3 ms] [inner] reduce
[dbg     539.4 ms] [inner] final
[dbg     539.5 ms] [inner] numeric
[dbg     539.6 ms] [inner] pack
[dbg     540.4 ms] [inner] d2h
[dbg     540.5 ms] T7 inner self_product: done (C_nnz=23154)
Reading matrix from ./data/first100/bp_1400.mtx...
Input A: 822 x 822, nnz = 4790, sparsity = 99.29%
===============WARMING UP===============
=== Computing C = A x A (Manual) ===
Result C: 822 x 822, nnz = 23154, sparsity = 96.57%
Time: 1.530 ms

=== Computing C = A x A (Outer) ===
Result C: 822 x 822, nnz = 23154, sparsity = 96.57%
Time: 1.634 ms

=== Computing C = A x A (Colwise) ===
Result C: 822 x 822, nnz = 23154, sparsity = 96.57%
Time: 1.641 ms

=== Computing C = A x A (Inner) ===
Result C: 822 x 822, nnz = 23154, sparsity = 96.57%
Time: 1.768 ms

=== All tests completed ===
Processing bp_1600 ... (max 600s)
[dbg       0.0 ms] main entry, initializing CUDA context...
[dbg     495.8 ms] CUDA context ready
[dbg     496.0 ms] start read_matrix_market: ./data/first100/bp_1600.mtx
[dbg     497.2 ms] read done: 822 x 822, nnz=4841
[dbg     497.3 ms] [cu] start
[dbg     505.5 ms] [cu] h2d (42020 B)
[dbg     505.6 ms] cusparse: workEstimation begin
[dbg     532.8 ms] [cu] workest (buf1=59155 B)
[dbg     532.8 ms] cusparse: compute begin
[dbg     533.5 ms] [cu] compute (buf2=654183 B)
[dbg     533.5 ms] cusparse: C size = 822 x 822, nnz=23625
[dbg     533.6 ms] cusparse: copy begin
[dbg     533.7 ms] [cu] copy
[dbg     533.7 ms] [cu] pack
[dbg     535.3 ms] self_product: C D2H begin (192292 B)
[dbg     535.4 ms] [cu] d2h
[dbg     535.8 ms] [gust] start
[dbg     535.9 ms] [gust] h2d
[dbg     535.9 ms] ESC: count intermediates begin
[dbg     537.6 ms] [gust] count
[dbg     537.8 ms] [gust] scan
[dbg     537.9 ms] ESC: expand begin (26735 intermediates)
[dbg     537.9 ms] [gust] expand
[dbg     537.9 ms] ESC: sort_by_key begin
[dbg     538.2 ms] [gust] sort
[dbg     538.2 ms] ESC: reduce_by_key begin
[dbg     538.4 ms] [gust] reduce
[dbg     538.4 ms] [gust] final
[dbg     538.5 ms] [gust] pack
[dbg     539.8 ms] [gust] d2h
[dbg     540.2 ms] [outer] start
[dbg     540.3 ms] [outer] h2d
[dbg     542.2 ms] [outer] csc
[dbg     542.3 ms] [outer] count
[dbg     542.3 ms] [outer] scan
[dbg     542.4 ms] [outer] expand
[dbg     542.5 ms] [outer] sort
[dbg     542.6 ms] [outer] reduce
[dbg     542.7 ms] [outer] final
[dbg     542.7 ms] [outer] pack
[dbg     543.8 ms] [outer] d2h
[dbg     544.2 ms] [colw] start
[dbg     544.3 ms] [colw] h2d
[dbg     544.5 ms] [colw] csc
[dbg     544.6 ms] [colw] count
[dbg     544.6 ms] [colw] scan
[dbg     544.7 ms] [colw] expand
[dbg     544.8 ms] [colw] sort
[dbg     544.8 ms] [colw] reduce
[dbg     544.9 ms] [colw] final
[dbg     544.9 ms] [colw] pack
[dbg     545.9 ms] [colw] d2h
[dbg     546.3 ms] [inner] start
[dbg     546.4 ms] [inner] h2d
[dbg     546.6 ms] [inner] csc
[dbg     546.6 ms] [inner] count
[dbg     546.7 ms] [inner] scan
[dbg     546.7 ms] [inner] expand
[dbg     546.9 ms] [inner] sort
[dbg     546.9 ms] [inner] reduce
[dbg     547.0 ms] [inner] final
[dbg     547.1 ms] [inner] numeric
[dbg     547.1 ms] [inner] pack
[dbg     548.0 ms] [inner] d2h
[dbg     548.4 ms] warmup done
[dbg     548.5 ms] T4 manual self_product: start
[dbg     548.5 ms] [gust] start
[dbg     548.6 ms] [gust] h2d
[dbg     548.6 ms] ESC: count intermediates begin
[dbg     548.6 ms] [gust] count
[dbg     548.7 ms] [gust] scan
[dbg     548.7 ms] ESC: expand begin (26735 intermediates)
[dbg     548.7 ms] [gust] expand
[dbg     548.7 ms] ESC: sort_by_key begin
[dbg     548.9 ms] [gust] sort
[dbg     548.9 ms] ESC: reduce_by_key begin
[dbg     548.9 ms] [gust] reduce
[dbg     549.0 ms] [gust] final
[dbg     549.0 ms] [gust] pack
[dbg     549.9 ms] [gust] d2h
[dbg     550.0 ms] T4 manual self_product: done (C_nnz=23625)
[dbg     550.3 ms] T5 outer self_product: start
[dbg     550.3 ms] [outer] start
[dbg     550.4 ms] [outer] h2d
[dbg     550.6 ms] [outer] csc
[dbg     550.6 ms] [outer] count
[dbg     550.7 ms] [outer] scan
[dbg     550.7 ms] [outer] expand
[dbg     550.8 ms] [outer] sort
[dbg     550.9 ms] [outer] reduce
[dbg     551.0 ms] [outer] final
[dbg     551.0 ms] [outer] pack
[dbg     551.8 ms] [outer] d2h
[dbg     551.9 ms] T5 outer self_product: done (C_nnz=23625)
[dbg     552.2 ms] T6 colwise self_product: start
[dbg     552.2 ms] [colw] start
[dbg     552.3 ms] [colw] h2d
[dbg     552.5 ms] [colw] csc
[dbg     552.5 ms] [colw] count
[dbg     552.6 ms] [colw] scan
[dbg     552.6 ms] [colw] expand
[dbg     552.7 ms] [colw] sort
[dbg     552.8 ms] [colw] reduce
[dbg     552.8 ms] [colw] final
[dbg     552.9 ms] [colw] pack
[dbg     553.7 ms] [colw] d2h
[dbg     553.8 ms] T6 colwise self_product: done (C_nnz=23625)
[dbg     554.1 ms] T7 inner self_product: start
[dbg     554.1 ms] [inner] start
[dbg     554.2 ms] [inner] h2d
[dbg     554.4 ms] [inner] csc
[dbg     554.4 ms] [inner] count
[dbg     554.5 ms] [inner] scan
[dbg     554.5 ms] [inner] expand
[dbg     554.7 ms] [inner] sort
[dbg     554.7 ms] [inner] reduce
[dbg     554.8 ms] [inner] final
[dbg     554.9 ms] [inner] numeric
[dbg     554.9 ms] [inner] pack
[dbg     555.7 ms] [inner] d2h
[dbg     555.9 ms] T7 inner self_product: done (C_nnz=23625)
Reading matrix from ./data/first100/bp_1600.mtx...
Input A: 822 x 822, nnz = 4841, sparsity = 99.28%
===============WARMING UP===============
=== Computing C = A x A (Manual) ===
Result C: 822 x 822, nnz = 23625, sparsity = 96.50%
Time: 1.526 ms

=== Computing C = A x A (Outer) ===
Result C: 822 x 822, nnz = 23625, sparsity = 96.50%
Time: 1.619 ms

=== Computing C = A x A (Colwise) ===
Result C: 822 x 822, nnz = 23625, sparsity = 96.50%
Time: 1.598 ms

=== Computing C = A x A (Inner) ===
Result C: 822 x 822, nnz = 23625, sparsity = 96.50%
Time: 1.761 ms

=== All tests completed ===
Processing bp_200 ... (max 600s)
[dbg       0.0 ms] main entry, initializing CUDA context...
[dbg     480.4 ms] CUDA context ready
[dbg     480.5 ms] start read_matrix_market: ./data/first100/bp_200.mtx
[dbg     481.5 ms] read done: 822 x 822, nnz=3802
[dbg     481.5 ms] [cu] start
[dbg     489.4 ms] [cu] h2d (33708 B)
[dbg     489.5 ms] cusparse: workEstimation begin
[dbg     512.8 ms] [cu] workest (buf1=46687 B)
[dbg     512.8 ms] cusparse: compute begin
[dbg     513.5 ms] [cu] compute (buf2=394551 B)
[dbg     513.5 ms] cusparse: C size = 822 x 822, nnz=13197
[dbg     513.6 ms] cusparse: copy begin
[dbg     513.7 ms] [cu] copy
[dbg     513.7 ms] [cu] pack
[dbg     515.1 ms] self_product: C D2H begin (108868 B)
[dbg     515.1 ms] [cu] d2h
[dbg     515.6 ms] [gust] start
[dbg     515.8 ms] [gust] h2d
[dbg     515.8 ms] ESC: count intermediates begin
[dbg     517.4 ms] [gust] count
[dbg     517.6 ms] [gust] scan
[dbg     517.6 ms] ESC: expand begin (15917 intermediates)
[dbg     517.7 ms] [gust] expand
[dbg     517.7 ms] ESC: sort_by_key begin
[dbg     518.0 ms] [gust] sort
[dbg     518.0 ms] ESC: reduce_by_key begin
[dbg     518.2 ms] [gust] reduce
[dbg     518.3 ms] [gust] final
[dbg     518.3 ms] [gust] pack
[dbg     519.6 ms] [gust] d2h
[dbg     520.0 ms] [outer] start
[dbg     520.2 ms] [outer] h2d
[dbg     522.1 ms] [outer] csc
[dbg     522.2 ms] [outer] count
[dbg     522.2 ms] [outer] scan
[dbg     522.3 ms] [outer] expand
[dbg     522.4 ms] [outer] sort
[dbg     522.5 ms] [outer] reduce
[dbg     522.5 ms] [outer] final
[dbg     522.6 ms] [outer] pack
[dbg     523.7 ms] [outer] d2h
[dbg     524.1 ms] [colw] start
[dbg     524.3 ms] [colw] h2d
[dbg     524.5 ms] [colw] csc
[dbg     524.5 ms] [colw] count
[dbg     524.6 ms] [colw] scan
[dbg     524.6 ms] [colw] expand
[dbg     524.8 ms] [colw] sort
[dbg     524.8 ms] [colw] reduce
[dbg     524.9 ms] [colw] final
[dbg     524.9 ms] [colw] pack
[dbg     525.8 ms] [colw] d2h
[dbg     526.2 ms] [inner] start
[dbg     526.4 ms] [inner] h2d
[dbg     526.6 ms] [inner] csc
[dbg     526.6 ms] [inner] count
[dbg     526.6 ms] [inner] scan
[dbg     526.7 ms] [inner] expand
[dbg     526.8 ms] [inner] sort
[dbg     526.9 ms] [inner] reduce
[dbg     526.9 ms] [inner] final
[dbg     527.1 ms] [inner] numeric
[dbg     527.1 ms] [inner] pack
[dbg     527.9 ms] [inner] d2h
[dbg     528.4 ms] warmup done
[dbg     528.4 ms] T4 manual self_product: start
[dbg     528.4 ms] [gust] start
[dbg     528.5 ms] [gust] h2d
[dbg     528.5 ms] ESC: count intermediates begin
[dbg     528.5 ms] [gust] count
[dbg     528.6 ms] [gust] scan
[dbg     528.6 ms] ESC: expand begin (15917 intermediates)
[dbg     528.6 ms] [gust] expand
[dbg     528.6 ms] ESC: sort_by_key begin
[dbg     528.8 ms] [gust] sort
[dbg     528.8 ms] ESC: reduce_by_key begin
[dbg     528.8 ms] [gust] reduce
[dbg     528.9 ms] [gust] final
[dbg     528.9 ms] [gust] pack
[dbg     529.8 ms] [gust] d2h
[dbg     529.9 ms] T4 manual self_product: done (C_nnz=13197)
[dbg     530.3 ms] T5 outer self_product: start
[dbg     530.3 ms] [outer] start
[dbg     530.4 ms] [outer] h2d
[dbg     530.6 ms] [outer] csc
[dbg     530.6 ms] [outer] count
[dbg     530.7 ms] [outer] scan
[dbg     530.7 ms] [outer] expand
[dbg     530.8 ms] [outer] sort
[dbg     530.9 ms] [outer] reduce
[dbg     531.0 ms] [outer] final
[dbg     531.0 ms] [outer] pack
[dbg     531.8 ms] [outer] d2h
[dbg     532.0 ms] T5 outer self_product: done (C_nnz=13197)
[dbg     532.3 ms] T6 colwise self_product: start
[dbg     532.3 ms] [colw] start
[dbg     532.4 ms] [colw] h2d
[dbg     532.6 ms] [colw] csc
[dbg     532.6 ms] [colw] count
[dbg     532.7 ms] [colw] scan
[dbg     532.7 ms] [colw] expand
[dbg     532.8 ms] [colw] sort
[dbg     532.9 ms] [colw] reduce
[dbg     532.9 ms] [colw] final
[dbg     532.9 ms] [colw] pack
[dbg     533.8 ms] [colw] d2h
[dbg     533.9 ms] T6 colwise self_product: done (C_nnz=13197)
[dbg     534.2 ms] T7 inner self_product: start
[dbg     534.2 ms] [inner] start
[dbg     534.3 ms] [inner] h2d
[dbg     534.5 ms] [inner] csc
[dbg     534.6 ms] [inner] count
[dbg     534.6 ms] [inner] scan
[dbg     534.7 ms] [inner] expand
[dbg     534.8 ms] [inner] sort
[dbg     534.8 ms] [inner] reduce
[dbg     534.9 ms] [inner] final
[dbg     535.0 ms] [inner] numeric
[dbg     535.1 ms] [inner] pack
[dbg     535.9 ms] [inner] d2h
[dbg     536.0 ms] T7 inner self_product: done (C_nnz=13197)
Reading matrix from ./data/first100/bp_200.mtx...
Input A: 822 x 822, nnz = 3802, sparsity = 99.44%
===============WARMING UP===============
=== Computing C = A x A (Manual) ===
Result C: 822 x 822, nnz = 13197, sparsity = 98.05%
Time: 1.542 ms

=== Computing C = A x A (Outer) ===
Result C: 822 x 822, nnz = 13197, sparsity = 98.05%
Time: 1.707 ms

=== Computing C = A x A (Colwise) ===
Result C: 822 x 822, nnz = 13197, sparsity = 98.05%
Time: 1.680 ms

=== Computing C = A x A (Inner) ===
Result C: 822 x 822, nnz = 13197, sparsity = 98.05%
Time: 1.805 ms

=== All tests completed ===
Processing bp_400 ... (max 600s)
[dbg       0.0 ms] main entry, initializing CUDA context...
[dbg     471.7 ms] CUDA context ready
[dbg     471.8 ms] start read_matrix_market: ./data/first100/bp_400.mtx
[dbg     472.9 ms] read done: 822 x 822, nnz=4028
[dbg     472.9 ms] [cu] start
[dbg     481.1 ms] [cu] h2d (35516 B)
[dbg     481.1 ms] cusparse: workEstimation begin
[dbg     507.9 ms] [cu] workest (buf1=49399 B)
[dbg     507.9 ms] cusparse: compute begin
[dbg     508.6 ms] [cu] compute (buf2=445335 B)
[dbg     508.6 ms] cusparse: C size = 822 x 822, nnz=15238
[dbg     508.6 ms] cusparse: copy begin
[dbg     508.7 ms] [cu] copy
[dbg     508.8 ms] [cu] pack
[dbg     510.2 ms] self_product: C D2H begin (125196 B)
[dbg     510.2 ms] [cu] d2h
[dbg     510.7 ms] [gust] start
[dbg     510.8 ms] [gust] h2d
[dbg     510.8 ms] ESC: count intermediates begin
[dbg     512.4 ms] [gust] count
[dbg     512.7 ms] [gust] scan
[dbg     512.7 ms] ESC: expand begin (18033 intermediates)
[dbg     512.8 ms] [gust] expand
[dbg     512.8 ms] ESC: sort_by_key begin
[dbg     513.0 ms] [gust] sort
[dbg     513.0 ms] ESC: reduce_by_key begin
[dbg     513.2 ms] [gust] reduce
[dbg     513.3 ms] [gust] final
[dbg     513.3 ms] [gust] pack
[dbg     514.6 ms] [gust] d2h
[dbg     515.0 ms] [outer] start
[dbg     515.1 ms] [outer] h2d
[dbg     517.2 ms] [outer] csc
[dbg     517.2 ms] [outer] count
[dbg     517.2 ms] [outer] scan
[dbg     517.3 ms] [outer] expand
[dbg     517.4 ms] [outer] sort
[dbg     517.5 ms] [outer] reduce
[dbg     517.5 ms] [outer] final
[dbg     517.6 ms] [outer] pack
[dbg     518.7 ms] [outer] d2h
[dbg     519.1 ms] [colw] start
[dbg     519.2 ms] [colw] h2d
[dbg     519.4 ms] [colw] csc
[dbg     519.4 ms] [colw] count
[dbg     519.5 ms] [colw] scan
[dbg     519.5 ms] [colw] expand
[dbg     519.6 ms] [colw] sort
[dbg     519.7 ms] [colw] reduce
[dbg     519.7 ms] [colw] final
[dbg     519.7 ms] [colw] pack
[dbg     520.7 ms] [colw] d2h
[dbg     521.1 ms] [inner] start
[dbg     521.2 ms] [inner] h2d
[dbg     521.4 ms] [inner] csc
[dbg     521.4 ms] [inner] count
[dbg     521.4 ms] [inner] scan
[dbg     521.5 ms] [inner] expand
[dbg     521.6 ms] [inner] sort
[dbg     521.6 ms] [inner] reduce
[dbg     521.7 ms] [inner] final
[dbg     521.8 ms] [inner] numeric
[dbg     521.9 ms] [inner] pack
[dbg     522.7 ms] [inner] d2h
[dbg     523.2 ms] warmup done
[dbg     523.2 ms] T4 manual self_product: start
[dbg     523.2 ms] [gust] start
[dbg     523.3 ms] [gust] h2d
[dbg     523.3 ms] ESC: count intermediates begin
[dbg     523.3 ms] [gust] count
[dbg     523.4 ms] [gust] scan
[dbg     523.4 ms] ESC: expand begin (18033 intermediates)
[dbg     523.4 ms] [gust] expand
[dbg     523.4 ms] ESC: sort_by_key begin
[dbg     523.6 ms] [gust] sort
[dbg     523.6 ms] ESC: reduce_by_key begin
[dbg     523.6 ms] [gust] reduce
[dbg     523.7 ms] [gust] final
[dbg     523.7 ms] [gust] pack
[dbg     524.5 ms] [gust] d2h
[dbg     524.7 ms] T4 manual self_product: done (C_nnz=15238)
[dbg     525.0 ms] T5 outer self_product: start
[dbg     525.0 ms] [outer] start
[dbg     525.1 ms] [outer] h2d
[dbg     525.2 ms] [outer] csc
[dbg     525.3 ms] [outer] count
[dbg     525.3 ms] [outer] scan
[dbg     525.4 ms] [outer] expand
[dbg     525.5 ms] [outer] sort
[dbg     525.5 ms] [outer] reduce
[dbg     525.6 ms] [outer] final
[dbg     525.6 ms] [outer] pack
[dbg     526.4 ms] [outer] d2h
[dbg     526.6 ms] T5 outer self_product: done (C_nnz=15238)
[dbg     526.9 ms] T6 colwise self_product: start
[dbg     526.9 ms] [colw] start
[dbg     527.0 ms] [colw] h2d
[dbg     527.2 ms] [colw] csc
[dbg     527.2 ms] [colw] count
[dbg     527.2 ms] [colw] scan
[dbg     527.2 ms] [colw] expand
[dbg     527.3 ms] [colw] sort
[dbg     527.4 ms] [colw] reduce
[dbg     527.4 ms] [colw] final
[dbg     527.5 ms] [colw] pack
[dbg     528.3 ms] [colw] d2h
[dbg     528.4 ms] T6 colwise self_product: done (C_nnz=15238)
[dbg     528.7 ms] T7 inner self_product: start
[dbg     528.7 ms] [inner] start
[dbg     528.8 ms] [inner] h2d
[dbg     529.0 ms] [inner] csc
[dbg     529.0 ms] [inner] count
[dbg     529.1 ms] [inner] scan
[dbg     529.1 ms] [inner] expand
[dbg     529.2 ms] [inner] sort
[dbg     529.3 ms] [inner] reduce
[dbg     529.3 ms] [inner] final
[dbg     529.4 ms] [inner] numeric
[dbg     529.5 ms] [inner] pack
[dbg     530.3 ms] [inner] d2h
[dbg     530.4 ms] T7 inner self_product: done (C_nnz=15238)
Reading matrix from ./data/first100/bp_400.mtx...
Input A: 822 x 822, nnz = 4028, sparsity = 99.40%
===============WARMING UP===============
=== Computing C = A x A (Manual) ===
Result C: 822 x 822, nnz = 15238, sparsity = 97.74%
Time: 1.478 ms

=== Computing C = A x A (Outer) ===
Result C: 822 x 822, nnz = 15238, sparsity = 97.74%
Time: 1.619 ms

=== Computing C = A x A (Colwise) ===
Result C: 822 x 822, nnz = 15238, sparsity = 97.74%
Time: 1.566 ms

=== Computing C = A x A (Inner) ===
Result C: 822 x 822, nnz = 15238, sparsity = 97.74%
Time: 1.713 ms

=== All tests completed ===
Processing bp_600 ... (max 600s)
[dbg       0.0 ms] main entry, initializing CUDA context...
[dbg     478.8 ms] CUDA context ready
[dbg     478.9 ms] start read_matrix_market: ./data/first100/bp_600.mtx
[dbg     480.0 ms] read done: 822 x 822, nnz=4172
[dbg     480.0 ms] [cu] start
[dbg     487.2 ms] [cu] h2d (36668 B)
[dbg     487.3 ms] cusparse: workEstimation begin
[dbg     507.2 ms] [cu] workest (buf1=51127 B)
[dbg     507.2 ms] cusparse: compute begin
[dbg     507.7 ms] [cu] compute (buf2=477159 B)
[dbg     507.7 ms] cusparse: C size = 822 x 822, nnz=16464
[dbg     507.7 ms] cusparse: copy begin
[dbg     507.8 ms] [cu] copy
[dbg     507.8 ms] [cu] pack
[dbg     508.9 ms] self_product: C D2H begin (135004 B)
[dbg     508.9 ms] [cu] d2h
[dbg     509.3 ms] [gust] start
[dbg     509.4 ms] [gust] h2d
[dbg     509.4 ms] ESC: count intermediates begin
[dbg     510.6 ms] [gust] count
[dbg     510.8 ms] [gust] scan
[dbg     510.8 ms] ESC: expand begin (19359 intermediates)
[dbg     510.9 ms] [gust] expand
[dbg     510.9 ms] ESC: sort_by_key begin
[dbg     511.1 ms] [gust] sort
[dbg     511.1 ms] ESC: reduce_by_key begin
[dbg     511.2 ms] [gust] reduce
[dbg     511.3 ms] [gust] final
[dbg     511.3 ms] [gust] pack
[dbg     512.3 ms] [gust] d2h
[dbg     512.6 ms] [outer] start
[dbg     512.7 ms] [outer] h2d
[dbg     514.3 ms] [outer] csc
[dbg     514.3 ms] [outer] count
[dbg     514.4 ms] [outer] scan
[dbg     514.4 ms] [outer] expand
[dbg     514.5 ms] [outer] sort
[dbg     514.6 ms] [outer] reduce
[dbg     514.6 ms] [outer] final
[dbg     514.6 ms] [outer] pack
[dbg     515.5 ms] [outer] d2h
[dbg     515.8 ms] [colw] start
[dbg     515.9 ms] [colw] h2d
[dbg     516.1 ms] [colw] csc
[dbg     516.1 ms] [colw] count
[dbg     516.1 ms] [colw] scan
[dbg     516.2 ms] [colw] expand
[dbg     516.3 ms] [colw] sort
[dbg     516.3 ms] [colw] reduce
[dbg     516.4 ms] [colw] final
[dbg     516.4 ms] [colw] pack
[dbg     517.1 ms] [colw] d2h
[dbg     517.4 ms] [inner] start
[dbg     517.5 ms] [inner] h2d
[dbg     517.7 ms] [inner] csc
[dbg     517.7 ms] [inner] count
[dbg     517.7 ms] [inner] scan
[dbg     517.8 ms] [inner] expand
[dbg     517.9 ms] [inner] sort
[dbg     517.9 ms] [inner] reduce
[dbg     518.0 ms] [inner] final
[dbg     518.1 ms] [inner] numeric
[dbg     518.1 ms] [inner] pack
[dbg     518.8 ms] [inner] d2h
[dbg     519.1 ms] warmup done
[dbg     519.2 ms] T4 manual self_product: start
[dbg     519.2 ms] [gust] start
[dbg     519.2 ms] [gust] h2d
[dbg     519.3 ms] ESC: count intermediates begin
[dbg     519.3 ms] [gust] count
[dbg     519.3 ms] [gust] scan
[dbg     519.3 ms] ESC: expand begin (19359 intermediates)
[dbg     519.4 ms] [gust] expand
[dbg     519.4 ms] ESC: sort_by_key begin
[dbg     519.5 ms] [gust] sort
[dbg     519.5 ms] ESC: reduce_by_key begin
[dbg     519.5 ms] [gust] reduce
[dbg     519.6 ms] [gust] final
[dbg     519.6 ms] [gust] pack
[dbg     520.3 ms] [gust] d2h
[dbg     520.3 ms] T4 manual self_product: done (C_nnz=16464)
[dbg     520.6 ms] T5 outer self_product: start
[dbg     520.6 ms] [outer] start
[dbg     520.7 ms] [outer] h2d
[dbg     520.8 ms] [outer] csc
[dbg     520.9 ms] [outer] count
[dbg     520.9 ms] [outer] scan
[dbg     520.9 ms] [outer] expand
[dbg     521.0 ms] [outer] sort
[dbg     521.1 ms] [outer] reduce
[dbg     521.1 ms] [outer] final
[dbg     521.1 ms] [outer] pack
[dbg     521.8 ms] [outer] d2h
[dbg     521.9 ms] T5 outer self_product: done (C_nnz=16464)
[dbg     522.2 ms] T6 colwise self_product: start
[dbg     522.2 ms] [colw] start
[dbg     522.3 ms] [colw] h2d
[dbg     522.4 ms] [colw] csc
[dbg     522.5 ms] [colw] count
[dbg     522.5 ms] [colw] scan
[dbg     522.5 ms] [colw] expand
[dbg     522.6 ms] [colw] sort
[dbg     522.7 ms] [colw] reduce
[dbg     522.7 ms] [colw] final
[dbg     522.7 ms] [colw] pack
[dbg     523.4 ms] [colw] d2h
[dbg     524.8 ms] T6 colwise self_product: done (C_nnz=16464)
[dbg     526.1 ms] T7 inner self_product: start
[dbg     526.2 ms] [inner] start
[dbg     526.5 ms] [inner] h2d
[dbg     526.9 ms] [inner] csc
[dbg     527.0 ms] [inner] count
[dbg     527.1 ms] [inner] scan
[dbg     527.2 ms] [inner] expand
[dbg     527.4 ms] [inner] sort
[dbg     527.5 ms] [inner] reduce
[dbg     527.7 ms] [inner] final
[dbg     527.9 ms] [inner] numeric
[dbg     527.9 ms] [inner] pack
[dbg     531.2 ms] [inner] d2h
[dbg     531.5 ms] T7 inner self_product: done (C_nnz=16464)
Reading matrix from ./data/first100/bp_600.mtx...
Input A: 822 x 822, nnz = 4172, sparsity = 99.38%
===============WARMING UP===============
=== Computing C = A x A (Manual) ===
Result C: 822 x 822, nnz = 16464, sparsity = 97.56%
Time: 1.180 ms

=== Computing C = A x A (Outer) ===
Result C: 822 x 822, nnz = 16464, sparsity = 97.56%
Time: 1.306 ms

=== Computing C = A x A (Colwise) ===
Result C: 822 x 822, nnz = 16464, sparsity = 97.56%
Time: 2.641 ms

=== Computing C = A x A (Inner) ===
Result C: 822 x 822, nnz = 16464, sparsity = 97.56%
Time: 5.369 ms

=== All tests completed ===
Processing bp_800 ... (max 600s)
[dbg       0.0 ms] main entry, initializing CUDA context...
[dbg     482.8 ms] CUDA context ready
[dbg     482.9 ms] start read_matrix_market: ./data/first100/bp_800.mtx
[dbg     484.1 ms] read done: 822 x 822, nnz=4534
[dbg     484.1 ms] [cu] start
[dbg     492.3 ms] [cu] h2d (39564 B)
[dbg     492.3 ms] cusparse: workEstimation begin
[dbg     517.3 ms] [cu] workest (buf1=55471 B)
[dbg     517.3 ms] cusparse: compute begin
[dbg     518.0 ms] [cu] compute (buf2=573567 B)
[dbg     518.0 ms] cusparse: C size = 822 x 822, nnz=20224
[dbg     518.0 ms] cusparse: copy begin
[dbg     518.1 ms] [cu] copy
[dbg     518.1 ms] [cu] pack
[dbg     519.5 ms] self_product: C D2H begin (165084 B)
[dbg     519.6 ms] [cu] d2h
[dbg     520.1 ms] [gust] start
[dbg     520.2 ms] [gust] h2d
[dbg     520.2 ms] ESC: count intermediates begin
[dbg     521.8 ms] [gust] count
[dbg     522.0 ms] [gust] scan
[dbg     522.1 ms] ESC: expand begin (23376 intermediates)
[dbg     522.1 ms] [gust] expand
[dbg     522.1 ms] ESC: sort_by_key begin
[dbg     522.4 ms] [gust] sort
[dbg     522.4 ms] ESC: reduce_by_key begin
[dbg     522.6 ms] [gust] reduce
[dbg     522.7 ms] [gust] final
[dbg     522.7 ms] [gust] pack
[dbg     524.0 ms] [gust] d2h
[dbg     524.5 ms] [outer] start
[dbg     524.6 ms] [outer] h2d
[dbg     526.5 ms] [outer] csc
[dbg     526.5 ms] [outer] count
[dbg     526.6 ms] [outer] scan
[dbg     526.6 ms] [outer] expand
[dbg     526.8 ms] [outer] sort
[dbg     526.8 ms] [outer] reduce
[dbg     526.9 ms] [outer] final
[dbg     526.9 ms] [outer] pack
[dbg     528.0 ms] [outer] d2h
[dbg     528.5 ms] [colw] start
[dbg     528.6 ms] [colw] h2d
[dbg     528.7 ms] [colw] csc
[dbg     528.8 ms] [colw] count
[dbg     528.8 ms] [colw] scan
[dbg     528.9 ms] [colw] expand
[dbg     529.0 ms] [colw] sort
[dbg     529.1 ms] [colw] reduce
[dbg     529.1 ms] [colw] final
[dbg     529.1 ms] [colw] pack
[dbg     530.1 ms] [colw] d2h
[dbg     530.5 ms] [inner] start
[dbg     530.7 ms] [inner] h2d
[dbg     530.8 ms] [inner] csc
[dbg     530.9 ms] [inner] count
[dbg     530.9 ms] [inner] scan
[dbg     531.0 ms] [inner] expand
[dbg     531.1 ms] [inner] sort
[dbg     531.1 ms] [inner] reduce
[dbg     531.2 ms] [inner] final
[dbg     531.3 ms] [inner] numeric
[dbg     531.4 ms] [inner] pack
[dbg     532.2 ms] [inner] d2h
[dbg     532.6 ms] warmup done
[dbg     532.6 ms] T4 manual self_product: start
[dbg     532.6 ms] [gust] start
[dbg     532.7 ms] [gust] h2d
[dbg     532.7 ms] ESC: count intermediates begin
[dbg     532.8 ms] [gust] count
[dbg     532.8 ms] [gust] scan
[dbg     532.8 ms] ESC: expand begin (23376 intermediates)
[dbg     532.9 ms] [gust] expand
[dbg     532.9 ms] ESC: sort_by_key begin
[dbg     533.0 ms] [gust] sort
[dbg     533.0 ms] ESC: reduce_by_key begin
[dbg     533.0 ms] [gust] reduce
[dbg     533.1 ms] [gust] final
[dbg     533.1 ms] [gust] pack
[dbg     534.0 ms] [gust] d2h
[dbg     534.2 ms] T4 manual self_product: done (C_nnz=20224)
[dbg     534.5 ms] T5 outer self_product: start
[dbg     534.5 ms] [outer] start
[dbg     534.6 ms] [outer] h2d
[dbg     534.8 ms] [outer] csc
[dbg     534.8 ms] [outer] count
[dbg     534.9 ms] [outer] scan
[dbg     534.9 ms] [outer] expand
[dbg     535.0 ms] [outer] sort
[dbg     535.1 ms] [outer] reduce
[dbg     535.1 ms] [outer] final
[dbg     535.2 ms] [outer] pack
[dbg     536.0 ms] [outer] d2h
[dbg     536.2 ms] T5 outer self_product: done (C_nnz=20224)
[dbg     536.5 ms] T6 colwise self_product: start
[dbg     536.5 ms] [colw] start
[dbg     536.6 ms] [colw] h2d
[dbg     536.8 ms] [colw] csc
[dbg     536.8 ms] [colw] count
[dbg     536.8 ms] [colw] scan
[dbg     536.8 ms] [colw] expand
[dbg     537.0 ms] [colw] sort
[dbg     537.0 ms] [colw] reduce
[dbg     537.1 ms] [colw] final
[dbg     537.1 ms] [colw] pack
[dbg     538.0 ms] [colw] d2h
[dbg     538.1 ms] T6 colwise self_product: done (C_nnz=20224)
[dbg     538.4 ms] T7 inner self_product: start
[dbg     538.4 ms] [inner] start
[dbg     538.5 ms] [inner] h2d
[dbg     538.7 ms] [inner] csc
[dbg     538.7 ms] [inner] count
[dbg     538.8 ms] [inner] scan
[dbg     538.8 ms] [inner] expand
[dbg     538.9 ms] [inner] sort
[dbg     539.0 ms] [inner] reduce
[dbg     539.0 ms] [inner] final
[dbg     539.2 ms] [inner] numeric
[dbg     539.2 ms] [inner] pack
[dbg     540.0 ms] [inner] d2h
[dbg     540.2 ms] T7 inner self_product: done (C_nnz=20224)
Reading matrix from ./data/first100/bp_800.mtx...
Input A: 822 x 822, nnz = 4534, sparsity = 99.33%
===============WARMING UP===============
=== Computing C = A x A (Manual) ===
Result C: 822 x 822, nnz = 20224, sparsity = 97.01%
Time: 1.532 ms

=== Computing C = A x A (Outer) ===
Result C: 822 x 822, nnz = 20224, sparsity = 97.01%
Time: 1.687 ms

=== Computing C = A x A (Colwise) ===
Result C: 822 x 822, nnz = 20224, sparsity = 97.01%
Time: 1.634 ms

=== Computing C = A x A (Inner) ===
Result C: 822 x 822, nnz = 20224, sparsity = 97.01%
Time: 1.760 ms

=== All tests completed ===
Processing can_1054 ... (max 600s)
[dbg       0.0 ms] main entry, initializing CUDA context...
[dbg     469.4 ms] CUDA context ready
[dbg     469.5 ms] start read_matrix_market: ./data/first100/can_1054.mtx
[dbg     470.6 ms] read done: 1054 x 1054, nnz=12196
[dbg     470.6 ms] [cu] start
[dbg     478.7 ms] [cu] h2d (101788 B)
[dbg     478.7 ms] cusparse: workEstimation begin
[dbg     505.2 ms] [cu] workest (buf1=147415 B)
[dbg     505.2 ms] cusparse: compute begin
[dbg     506.0 ms] [cu] compute (buf2=4191167 B)
[dbg     506.0 ms] cusparse: C size = 1054 x 1054, nnz=60248
[dbg     506.0 ms] cusparse: copy begin
[dbg     506.1 ms] [cu] copy
[dbg     506.1 ms] [cu] pack
[dbg     507.6 ms] self_product: C D2H begin (486204 B)
[dbg     507.7 ms] [cu] d2h
[dbg     508.2 ms] [gust] start
[dbg     508.3 ms] [gust] h2d
[dbg     508.3 ms] ESC: count intermediates begin
[dbg     509.9 ms] [gust] count
[dbg     510.2 ms] [gust] scan
[dbg     510.3 ms] ESC: expand begin (174024 intermediates)
[dbg     510.3 ms] [gust] expand
[dbg     510.3 ms] ESC: sort_by_key begin
[dbg     510.7 ms] [gust] sort
[dbg     510.8 ms] ESC: reduce_by_key begin
[dbg     511.0 ms] [gust] reduce
[dbg     511.2 ms] [gust] final
[dbg     511.2 ms] [gust] pack
[dbg     512.5 ms] [gust] d2h
[dbg     512.9 ms] [outer] start
[dbg     513.0 ms] [outer] h2d
[dbg     515.0 ms] [outer] csc
[dbg     515.0 ms] [outer] count
[dbg     515.1 ms] [outer] scan
[dbg     515.2 ms] [outer] expand
[dbg     515.5 ms] [outer] sort
[dbg     515.6 ms] [outer] reduce
[dbg     515.8 ms] [outer] final
[dbg     515.8 ms] [outer] pack
[dbg     516.9 ms] [outer] d2h
[dbg     517.3 ms] [colw] start
[dbg     517.4 ms] [colw] h2d
[dbg     517.5 ms] [colw] csc
[dbg     517.6 ms] [colw] count
[dbg     517.6 ms] [colw] scan
[dbg     517.8 ms] [colw] expand
[dbg     518.1 ms] [colw] sort
[dbg     518.2 ms] [colw] reduce
[dbg     518.3 ms] [colw] final
[dbg     518.3 ms] [colw] pack
[dbg     519.4 ms] [colw] d2h
[dbg     519.8 ms] [inner] start
[dbg     519.9 ms] [inner] h2d
[dbg     520.0 ms] [inner] csc
[dbg     520.0 ms] [inner] count
[dbg     520.1 ms] [inner] scan
[dbg     520.2 ms] [inner] expand
[dbg     520.5 ms] [inner] sort
[dbg     520.6 ms] [inner] reduce
[dbg     520.7 ms] [inner] final
[dbg     520.8 ms] [inner] numeric
[dbg     520.9 ms] [inner] pack
[dbg     521.8 ms] [inner] d2h
[dbg     522.1 ms] warmup done
[dbg     522.1 ms] T4 manual self_product: start
[dbg     522.1 ms] [gust] start
[dbg     522.2 ms] [gust] h2d
[dbg     522.2 ms] ESC: count intermediates begin
[dbg     522.3 ms] [gust] count
[dbg     522.3 ms] [gust] scan
[dbg     522.4 ms] ESC: expand begin (174024 intermediates)
[dbg     522.5 ms] [gust] expand
[dbg     522.5 ms] ESC: sort_by_key begin
[dbg     522.7 ms] [gust] sort
[dbg     522.8 ms] ESC: reduce_by_key begin
[dbg     522.8 ms] [gust] reduce
[dbg     523.0 ms] [gust] final
[dbg     523.0 ms] [gust] pack
[dbg     523.9 ms] [gust] d2h
[dbg     524.0 ms] T4 manual self_product: done (C_nnz=60248)
[dbg     524.4 ms] T5 outer self_product: start
[dbg     524.4 ms] [outer] start
[dbg     524.5 ms] [outer] h2d
[dbg     524.6 ms] [outer] csc
[dbg     524.6 ms] [outer] count
[dbg     524.6 ms] [outer] scan
[dbg     524.7 ms] [outer] expand
[dbg     525.0 ms] [outer] sort
[dbg     525.1 ms] [outer] reduce
[dbg     525.2 ms] [outer] final
[dbg     525.3 ms] [outer] pack
[dbg     526.1 ms] [outer] d2h
[dbg     526.3 ms] T5 outer self_product: done (C_nnz=60248)
[dbg     526.6 ms] T6 colwise self_product: start
[dbg     526.6 ms] [colw] start
[dbg     526.7 ms] [colw] h2d
[dbg     526.8 ms] [colw] csc
[dbg     526.8 ms] [colw] count
[dbg     526.8 ms] [colw] scan
[dbg     527.0 ms] [colw] expand
[dbg     527.2 ms] [colw] sort
[dbg     527.3 ms] [colw] reduce
[dbg     527.4 ms] [colw] final
[dbg     527.5 ms] [colw] pack
[dbg     528.3 ms] [colw] d2h
[dbg     528.5 ms] T6 colwise self_product: done (C_nnz=60248)
[dbg     528.8 ms] T7 inner self_product: start
[dbg     528.8 ms] [inner] start
[dbg     528.9 ms] [inner] h2d
[dbg     529.0 ms] [inner] csc
[dbg     529.0 ms] [inner] count
[dbg     529.0 ms] [inner] scan
[dbg     529.1 ms] [inner] expand
[dbg     529.4 ms] [inner] sort
[dbg     529.5 ms] [inner] reduce
[dbg     529.6 ms] [inner] final
[dbg     529.7 ms] [inner] numeric
[dbg     529.7 ms] [inner] pack
[dbg     530.6 ms] [inner] d2h
[dbg     530.7 ms] T7 inner self_product: done (C_nnz=60248)
Reading matrix from ./data/first100/can_1054.mtx...
Input A: 1054 x 1054, nnz = 12196, sparsity = 98.90%
===============WARMING UP===============
=== Computing C = A x A (Manual) ===
Result C: 1054 x 1054, nnz = 60248, sparsity = 94.58%
Time: 1.897 ms

=== Computing C = A x A (Outer) ===
Result C: 1054 x 1054, nnz = 60248, sparsity = 94.58%
Time: 1.936 ms

=== Computing C = A x A (Colwise) ===
Result C: 1054 x 1054, nnz = 60248, sparsity = 94.58%
Time: 1.925 ms

=== Computing C = A x A (Inner) ===
Result C: 1054 x 1054, nnz = 60248, sparsity = 94.58%
Time: 1.950 ms

=== All tests completed ===
Processing can_1072 ... (max 600s)
[dbg       0.0 ms] main entry, initializing CUDA context...
[dbg     477.2 ms] CUDA context ready
[dbg     477.4 ms] start read_matrix_market: ./data/first100/can_1072.mtx
[dbg     478.5 ms] read done: 1072 x 1072, nnz=12444
[dbg     478.5 ms] [cu] start
[dbg     486.7 ms] [cu] h2d (103844 B)
[dbg     486.7 ms] cusparse: workEstimation begin
[dbg     513.0 ms] [cu] workest (buf1=150391 B)
[dbg     513.0 ms] cusparse: compute begin
[dbg     513.8 ms] [cu] compute (buf2=4301999 B)
[dbg     513.8 ms] cusparse: C size = 1072 x 1072, nnz=62316
[dbg     513.8 ms] cusparse: copy begin
[dbg     513.9 ms] [cu] copy
[dbg     513.9 ms] [cu] pack
[dbg     515.4 ms] self_product: C D2H begin (502820 B)
[dbg     515.5 ms] [cu] d2h
[dbg     516.0 ms] [gust] start
[dbg     516.1 ms] [gust] h2d
[dbg     516.1 ms] ESC: count intermediates begin
[dbg     517.7 ms] [gust] count
[dbg     517.9 ms] [gust] scan
[dbg     518.0 ms] ESC: expand begin (178642 intermediates)
[dbg     518.1 ms] [gust] expand
[dbg     518.1 ms] ESC: sort_by_key begin
[dbg     518.5 ms] [gust] sort
[dbg     518.6 ms] ESC: reduce_by_key begin
[dbg     518.8 ms] [gust] reduce
[dbg     518.9 ms] [gust] final
[dbg     519.0 ms] [gust] pack
[dbg     520.2 ms] [gust] d2h
[dbg     520.7 ms] [outer] start
[dbg     520.8 ms] [outer] h2d
[dbg     522.7 ms] [outer] csc
[dbg     522.7 ms] [outer] count
[dbg     522.7 ms] [outer] scan
[dbg     522.9 ms] [outer] expand
[dbg     523.2 ms] [outer] sort
[dbg     523.3 ms] [outer] reduce
[dbg     523.4 ms] [outer] final
[dbg     523.4 ms] [outer] pack
[dbg     524.5 ms] [outer] d2h
[dbg     525.0 ms] [colw] start
[dbg     525.1 ms] [colw] h2d
[dbg     525.2 ms] [colw] csc
[dbg     525.2 ms] [colw] count
[dbg     525.3 ms] [colw] scan
[dbg     525.5 ms] [colw] expand
[dbg     525.8 ms] [colw] sort
[dbg     525.9 ms] [colw] reduce
[dbg     526.0 ms] [colw] final
[dbg     526.0 ms] [colw] pack
[dbg     526.9 ms] [colw] d2h
[dbg     527.4 ms] [inner] start
[dbg     527.5 ms] [inner] h2d
[dbg     527.6 ms] [inner] csc
[dbg     527.7 ms] [inner] count
[dbg     527.7 ms] [inner] scan
[dbg     527.8 ms] [inner] expand
[dbg     528.1 ms] [inner] sort
[dbg     528.2 ms] [inner] reduce
[dbg     528.2 ms] [inner] final
[dbg     528.4 ms] [inner] numeric
[dbg     528.4 ms] [inner] pack
[dbg     529.2 ms] [inner] d2h
[dbg     529.7 ms] warmup done
[dbg     529.8 ms] T4 manual self_product: start
[dbg     529.8 ms] [gust] start
[dbg     529.9 ms] [gust] h2d
[dbg     529.9 ms] ESC: count intermediates begin
[dbg     529.9 ms] [gust] count
[dbg     529.9 ms] [gust] scan
[dbg     530.0 ms] ESC: expand begin (178642 intermediates)
[dbg     530.1 ms] [gust] expand
[dbg     530.1 ms] ESC: sort_by_key begin
[dbg     530.3 ms] [gust] sort
[dbg     530.4 ms] ESC: reduce_by_key begin
[dbg     530.4 ms] [gust] reduce
[dbg     530.6 ms] [gust] final
[dbg     530.6 ms] [gust] pack
[dbg     531.4 ms] [gust] d2h
[dbg     531.6 ms] T4 manual self_product: done (C_nnz=62316)
[dbg     531.9 ms] T5 outer self_product: start
[dbg     531.9 ms] [outer] start
[dbg     532.0 ms] [outer] h2d
[dbg     532.1 ms] [outer] csc
[dbg     532.1 ms] [outer] count
[dbg     532.1 ms] [outer] scan
[dbg     532.3 ms] [outer] expand
[dbg     532.5 ms] [outer] sort
[dbg     532.6 ms] [outer] reduce
[dbg     532.7 ms] [outer] final
[dbg     532.7 ms] [outer] pack
[dbg     533.7 ms] [outer] d2h
[dbg     534.0 ms] T5 outer self_product: done (C_nnz=62316)
[dbg     534.3 ms] T6 colwise self_product: start
[dbg     534.3 ms] [colw] start
[dbg     534.4 ms] [colw] h2d
[dbg     534.5 ms] [colw] csc
[dbg     534.5 ms] [colw] count
[dbg     534.5 ms] [colw] scan
[dbg     534.8 ms] [colw] expand
[dbg     535.1 ms] [colw] sort
[dbg     535.2 ms] [colw] reduce
[dbg     535.2 ms] [colw] final
[dbg     535.3 ms] [colw] pack
[dbg     536.1 ms] [colw] d2h
[dbg     536.4 ms] T6 colwise self_product: done (C_nnz=62316)
[dbg     536.6 ms] T7 inner self_product: start
[dbg     536.7 ms] [inner] start
[dbg     536.8 ms] [inner] h2d
[dbg     536.9 ms] [inner] csc
[dbg     536.9 ms] [inner] count
[dbg     536.9 ms] [inner] scan
[dbg     537.0 ms] [inner] expand
[dbg     537.3 ms] [inner] sort
[dbg     537.4 ms] [inner] reduce
[dbg     537.4 ms] [inner] final
[dbg     537.6 ms] [inner] numeric
[dbg     537.6 ms] [inner] pack
[dbg     538.4 ms] [inner] d2h
[dbg     538.6 ms] T7 inner self_product: done (C_nnz=62316)
Reading matrix from ./data/first100/can_1072.mtx...
Input A: 1072 x 1072, nnz = 12444, sparsity = 98.92%
===============WARMING UP===============
=== Computing C = A x A (Manual) ===
Result C: 1072 x 1072, nnz = 62316, sparsity = 94.58%
Time: 1.851 ms

=== Computing C = A x A (Outer) ===
Result C: 1072 x 1072, nnz = 62316, sparsity = 94.58%
Time: 2.093 ms

=== Computing C = A x A (Colwise) ===
Result C: 1072 x 1072, nnz = 62316, sparsity = 94.58%
Time: 2.108 ms

=== Computing C = A x A (Inner) ===
Result C: 1072 x 1072, nnz = 62316, sparsity = 94.58%
Time: 1.967 ms

=== All tests completed ===
Processing can_144 ... (max 600s)
[dbg       0.0 ms] main entry, initializing CUDA context...
[dbg     490.6 ms] CUDA context ready
[dbg     490.7 ms] start read_matrix_market: ./data/first100/can_144.mtx
[dbg     490.9 ms] read done: 144 x 144, nnz=1296
[dbg     490.9 ms] [cu] start
[dbg     499.0 ms] [cu] h2d (10948 B)
[dbg     499.1 ms] cusparse: workEstimation begin
[dbg     525.3 ms] [cu] workest (buf1=16615 B)
[dbg     525.3 ms] cusparse: compute begin
[dbg     525.9 ms] [cu] compute (buf2=316439 B)
[dbg     525.9 ms] cusparse: C size = 144 x 144, nnz=3456
[dbg     525.9 ms] cusparse: copy begin
[dbg     526.0 ms] [cu] copy
[dbg     526.0 ms] [cu] pack
[dbg     527.5 ms] self_product: C D2H begin (28228 B)
[dbg     527.5 ms] [cu] d2h
[dbg     528.0 ms] [gust] start
[dbg     528.1 ms] [gust] h2d
[dbg     528.1 ms] ESC: count intermediates begin
[dbg     529.7 ms] [gust] count
[dbg     530.0 ms] [gust] scan
[dbg     530.0 ms] ESC: expand begin (12960 intermediates)
[dbg     530.0 ms] [gust] expand
[dbg     530.0 ms] ESC: sort_by_key begin
[dbg     530.3 ms] [gust] sort
[dbg     530.3 ms] ESC: reduce_by_key begin
[dbg     530.4 ms] [gust] reduce
[dbg     530.5 ms] [gust] final
[dbg     530.5 ms] [gust] pack
[dbg     531.8 ms] [gust] d2h
[dbg     532.2 ms] [outer] start
[dbg     532.3 ms] [outer] h2d
[dbg     534.3 ms] [outer] csc
[dbg     534.4 ms] [outer] count
[dbg     534.4 ms] [outer] scan
[dbg     534.5 ms] [outer] expand
[dbg     534.6 ms] [outer] sort
[dbg     534.6 ms] [outer] reduce
[dbg     534.7 ms] [outer] final
[dbg     534.7 ms] [outer] pack
[dbg     535.8 ms] [outer] d2h
[dbg     536.2 ms] [colw] start
[dbg     536.3 ms] [colw] h2d
[dbg     536.4 ms] [colw] csc
[dbg     536.5 ms] [colw] count
[dbg     536.5 ms] [colw] scan
[dbg     536.5 ms] [colw] expand
[dbg     536.7 ms] [colw] sort
[dbg     536.7 ms] [colw] reduce
[dbg     536.8 ms] [colw] final
[dbg     536.8 ms] [colw] pack
[dbg     537.7 ms] [colw] d2h
[dbg     538.1 ms] [inner] start
[dbg     538.2 ms] [inner] h2d
[dbg     538.3 ms] [inner] csc
[dbg     538.3 ms] [inner] count
[dbg     538.3 ms] [inner] scan
[dbg     538.4 ms] [inner] expand
[dbg     538.5 ms] [inner] sort
[dbg     538.5 ms] [inner] reduce
[dbg     538.6 ms] [inner] final
[dbg     538.6 ms] [inner] numeric
[dbg     538.6 ms] [inner] pack
[dbg     539.5 ms] [inner] d2h
[dbg     539.9 ms] warmup done
[dbg     539.9 ms] T4 manual self_product: start
[dbg     539.9 ms] [gust] start
[dbg     540.0 ms] [gust] h2d
[dbg     540.0 ms] ESC: count intermediates begin
[dbg     540.0 ms] [gust] count
[dbg     540.1 ms] [gust] scan
[dbg     540.1 ms] ESC: expand begin (12960 intermediates)
[dbg     540.1 ms] [gust] expand
[dbg     540.1 ms] ESC: sort_by_key begin
[dbg     540.2 ms] [gust] sort
[dbg     540.2 ms] ESC: reduce_by_key begin
[dbg     540.2 ms] [gust] reduce
[dbg     540.3 ms] [gust] final
[dbg     540.3 ms] [gust] pack
[dbg     541.1 ms] [gust] d2h
[dbg     541.2 ms] T4 manual self_product: done (C_nnz=3456)
[dbg     541.6 ms] T5 outer self_product: start
[dbg     541.6 ms] [outer] start
[dbg     541.7 ms] [outer] h2d
[dbg     541.8 ms] [outer] csc
[dbg     541.8 ms] [outer] count
[dbg     541.9 ms] [outer] scan
[dbg     541.9 ms] [outer] expand
[dbg     542.0 ms] [outer] sort
[dbg     542.0 ms] [outer] reduce
[dbg     542.1 ms] [outer] final
[dbg     542.1 ms] [outer] pack
[dbg     542.9 ms] [outer] d2h
[dbg     543.0 ms] T5 outer self_product: done (C_nnz=3456)
[dbg     543.3 ms] T6 colwise self_product: start
[dbg     543.3 ms] [colw] start
[dbg     543.4 ms] [colw] h2d
[dbg     543.5 ms] [colw] csc
[dbg     543.5 ms] [colw] count
[dbg     543.5 ms] [colw] scan
[dbg     543.6 ms] [colw] expand
[dbg     543.7 ms] [colw] sort
[dbg     543.7 ms] [colw] reduce
[dbg     543.8 ms] [colw] final
[dbg     543.8 ms] [colw] pack
[dbg     544.6 ms] [colw] d2h
[dbg     544.7 ms] T6 colwise self_product: done (C_nnz=3456)
[dbg     545.0 ms] T7 inner self_product: start
[dbg     545.0 ms] [inner] start
[dbg     545.1 ms] [inner] h2d
[dbg     545.2 ms] [inner] csc
[dbg     545.2 ms] [inner] count
[dbg     545.3 ms] [inner] scan
[dbg     545.3 ms] [inner] expand
[dbg     545.4 ms] [inner] sort
[dbg     545.4 ms] [inner] reduce
[dbg     545.5 ms] [inner] final
[dbg     545.5 ms] [inner] numeric
[dbg     545.5 ms] [inner] pack
[dbg     546.3 ms] [inner] d2h
[dbg     546.4 ms] T7 inner self_product: done (C_nnz=3456)
Reading matrix from ./data/first100/can_144.mtx...
Input A: 144 x 144, nnz = 1296, sparsity = 93.75%
===============WARMING UP===============
=== Computing C = A x A (Manual) ===
Result C: 144 x 144, nnz = 3456, sparsity = 83.33%
Time: 1.376 ms

=== Computing C = A x A (Outer) ===
Result C: 144 x 144, nnz = 3456, sparsity = 83.33%
Time: 1.431 ms

=== Computing C = A x A (Colwise) ===
Result C: 144 x 144, nnz = 3456, sparsity = 83.33%
Time: 1.431 ms

=== Computing C = A x A (Inner) ===
Result C: 144 x 144, nnz = 3456, sparsity = 83.33%
Time: 1.423 ms

=== All tests completed ===
Processing can_161 ... (max 600s)
[dbg       0.0 ms] main entry, initializing CUDA context...
[dbg     471.5 ms] CUDA context ready
[dbg     471.7 ms] start read_matrix_market: ./data/first100/can_161.mtx
[dbg     471.9 ms] read done: 161 x 161, nnz=1377
[dbg     471.9 ms] [cu] start
[dbg     480.3 ms] [cu] h2d (11664 B)
[dbg     480.3 ms] cusparse: workEstimation begin
[dbg     522.6 ms] [cu] workest (buf1=17587 B)
[dbg     522.6 ms] cusparse: compute begin
[dbg     523.5 ms] [cu] compute (buf2=293551 B)
[dbg     523.5 ms] cusparse: C size = 161 x 161, nnz=3761
[dbg     523.5 ms] cusparse: copy begin
[dbg     523.6 ms] [cu] copy
[dbg     523.7 ms] [cu] pack
[dbg     525.6 ms] self_product: C D2H begin (30736 B)
[dbg     525.6 ms] [cu] d2h
[dbg     526.2 ms] [gust] start
[dbg     526.4 ms] [gust] h2d
[dbg     526.4 ms] ESC: count intermediates begin
[dbg     528.2 ms] [gust] count
[dbg     528.6 ms] [gust] scan
[dbg     528.6 ms] ESC: expand begin (12017 intermediates)
[dbg     528.7 ms] [gust] expand
[dbg     528.7 ms] ESC: sort_by_key begin
[dbg     529.1 ms] [gust] sort
[dbg     529.1 ms] ESC: reduce_by_key begin
[dbg     529.4 ms] [gust] reduce
[dbg     529.5 ms] [gust] final
[dbg     529.5 ms] [gust] pack
[dbg     530.9 ms] [gust] d2h
[dbg     531.4 ms] [outer] start
[dbg     531.5 ms] [outer] h2d
[dbg     533.4 ms] [outer] csc
[dbg     533.4 ms] [outer] count
[dbg     533.5 ms] [outer] scan
[dbg     533.5 ms] [outer] expand
[dbg     533.7 ms] [outer] sort
[dbg     533.7 ms] [outer] reduce
[dbg     533.8 ms] [outer] final
[dbg     533.8 ms] [outer] pack
[dbg     535.0 ms] [outer] d2h
[dbg     535.5 ms] [colw] start
[dbg     535.6 ms] [colw] h2d
[dbg     535.7 ms] [colw] csc
[dbg     535.8 ms] [colw] count
[dbg     535.8 ms] [colw] scan
[dbg     535.8 ms] [colw] expand
[dbg     536.0 ms] [colw] sort
[dbg     536.0 ms] [colw] reduce
[dbg     536.1 ms] [colw] final
[dbg     536.1 ms] [colw] pack
[dbg     537.1 ms] [colw] d2h
[dbg     537.5 ms] [inner] start
[dbg     537.6 ms] [inner] h2d
[dbg     537.7 ms] [inner] csc
[dbg     537.7 ms] [inner] count
[dbg     537.8 ms] [inner] scan
[dbg     537.8 ms] [inner] expand
[dbg     537.9 ms] [inner] sort
[dbg     537.9 ms] [inner] reduce
[dbg     538.0 ms] [inner] final
[dbg     538.1 ms] [inner] numeric
[dbg     538.1 ms] [inner] pack
[dbg     539.0 ms] [inner] d2h
[dbg     539.4 ms] warmup done
[dbg     539.5 ms] T4 manual self_product: start
[dbg     539.5 ms] [gust] start
[dbg     539.6 ms] [gust] h2d
[dbg     539.6 ms] ESC: count intermediates begin
[dbg     539.6 ms] [gust] count
[dbg     539.7 ms] [gust] scan
[dbg     539.7 ms] ESC: expand begin (12017 intermediates)
[dbg     539.7 ms] [gust] expand
[dbg     539.7 ms] ESC: sort_by_key begin
[dbg     539.8 ms] [gust] sort
[dbg     539.8 ms] ESC: reduce_by_key begin
[dbg     539.9 ms] [gust] reduce
[dbg     540.0 ms] [gust] final
[dbg     540.0 ms] [gust] pack
[dbg     540.9 ms] [gust] d2h
[dbg     541.0 ms] T4 manual self_product: done (C_nnz=3761)
[dbg     541.3 ms] T5 outer self_product: start
[dbg     541.3 ms] [outer] start
[dbg     541.4 ms] [outer] h2d
[dbg     541.5 ms] [outer] csc
[dbg     541.5 ms] [outer] count
[dbg     541.6 ms] [outer] scan
[dbg     541.6 ms] [outer] expand
[dbg     541.8 ms] [outer] sort
[dbg     541.8 ms] [outer] reduce
[dbg     541.9 ms] [outer] final
[dbg     541.9 ms] [outer] pack
[dbg     542.8 ms] [outer] d2h
[dbg     542.9 ms] T5 outer self_product: done (C_nnz=3761)
[dbg     543.2 ms] T6 colwise self_product: start
[dbg     543.2 ms] [colw] start
[dbg     543.3 ms] [colw] h2d
[dbg     543.4 ms] [colw] csc
[dbg     543.4 ms] [colw] count
[dbg     543.5 ms] [colw] scan
[dbg     543.5 ms] [colw] expand
[dbg     543.6 ms] [colw] sort
[dbg     543.7 ms] [colw] reduce
[dbg     543.7 ms] [colw] final
[dbg     543.8 ms] [colw] pack
[dbg     544.6 ms] [colw] d2h
[dbg     544.8 ms] T6 colwise self_product: done (C_nnz=3761)
[dbg     545.1 ms] T7 inner self_product: start
[dbg     545.1 ms] [inner] start
[dbg     545.2 ms] [inner] h2d
[dbg     545.3 ms] [inner] csc
[dbg     545.3 ms] [inner] count
[dbg     545.4 ms] [inner] scan
[dbg     545.4 ms] [inner] expand
[dbg     545.5 ms] [inner] sort
[dbg     545.6 ms] [inner] reduce
[dbg     545.6 ms] [inner] final
[dbg     545.7 ms] [inner] numeric
[dbg     545.7 ms] [inner] pack
[dbg     546.5 ms] [inner] d2h
[dbg     546.7 ms] T7 inner self_product: done (C_nnz=3761)
Reading matrix from ./data/first100/can_161.mtx...
Input A: 161 x 161, nnz = 1377, sparsity = 94.69%
===============WARMING UP===============
=== Computing C = A x A (Manual) ===
Result C: 161 x 161, nnz = 3761, sparsity = 85.49%
Time: 1.541 ms

=== Computing C = A x A (Outer) ===
Result C: 161 x 161, nnz = 3761, sparsity = 85.49%
Time: 1.620 ms

=== Computing C = A x A (Colwise) ===
Result C: 161 x 161, nnz = 3761, sparsity = 85.49%
Time: 1.571 ms

=== Computing C = A x A (Inner) ===
Result C: 161 x 161, nnz = 3761, sparsity = 85.49%
Time: 1.593 ms

=== All tests completed ===
Processing can_187 ... (max 600s)
[dbg       0.0 ms] main entry, initializing CUDA context...
[dbg     483.5 ms] CUDA context ready
[dbg     483.6 ms] start read_matrix_market: ./data/first100/can_187.mtx
[dbg     483.7 ms] read done: 187 x 187, nnz=1491
[dbg     483.8 ms] [cu] start
[dbg     491.8 ms] [cu] h2d (12680 B)
[dbg     491.9 ms] cusparse: workEstimation begin
[dbg     515.7 ms] [cu] workest (buf1=18955 B)
[dbg     515.7 ms] cusparse: compute begin
[dbg     516.4 ms] [cu] compute (buf2=299599 B)
[dbg     516.4 ms] cusparse: C size = 187 x 187, nnz=3719
[dbg     516.4 ms] cusparse: copy begin
[dbg     516.5 ms] [cu] copy
[dbg     516.5 ms] [cu] pack
[dbg     518.0 ms] self_product: C D2H begin (30504 B)
[dbg     518.0 ms] [cu] d2h
[dbg     518.5 ms] [gust] start
[dbg     518.7 ms] [gust] h2d
[dbg     518.7 ms] ESC: count intermediates begin
[dbg     520.2 ms] [gust] count
[dbg     520.5 ms] [gust] scan
[dbg     520.5 ms] ESC: expand begin (12269 intermediates)
[dbg     520.5 ms] [gust] expand
[dbg     520.5 ms] ESC: sort_by_key begin
[dbg     520.8 ms] [gust] sort
[dbg     520.8 ms] ESC: reduce_by_key begin
[dbg     521.0 ms] [gust] reduce
[dbg     521.1 ms] [gust] final
[dbg     521.1 ms] [gust] pack
[dbg     522.5 ms] [gust] d2h
[dbg     522.9 ms] [outer] start
[dbg     523.0 ms] [outer] h2d
[dbg     524.8 ms] [outer] csc
[dbg     524.9 ms] [outer] count
[dbg     524.9 ms] [outer] scan
[dbg     525.0 ms] [outer] expand
[dbg     525.1 ms] [outer] sort
[dbg     525.1 ms] [outer] reduce
[dbg     525.2 ms] [outer] final
[dbg     525.2 ms] [outer] pack
[dbg     526.3 ms] [outer] d2h
[dbg     526.8 ms] [colw] start
[dbg     526.9 ms] [colw] h2d
[dbg     527.0 ms] [colw] csc
[dbg     527.1 ms] [colw] count
[dbg     527.1 ms] [colw] scan
[dbg     527.1 ms] [colw] expand
[dbg     527.3 ms] [colw] sort
[dbg     527.3 ms] [colw] reduce
[dbg     527.4 ms] [colw] final
[dbg     527.4 ms] [colw] pack
[dbg     528.3 ms] [colw] d2h
[dbg     528.7 ms] [inner] start
[dbg     528.8 ms] [inner] h2d
[dbg     528.9 ms] [inner] csc
[dbg     528.9 ms] [inner] count
[dbg     529.0 ms] [inner] scan
[dbg     529.0 ms] [inner] expand
[dbg     529.2 ms] [inner] sort
[dbg     529.2 ms] [inner] reduce
[dbg     529.3 ms] [inner] final
[dbg     529.3 ms] [inner] numeric
[dbg     529.3 ms] [inner] pack
[dbg     530.2 ms] [inner] d2h
[dbg     530.6 ms] warmup done
[dbg     530.6 ms] T4 manual self_product: start
[dbg     530.6 ms] [gust] start
[dbg     530.7 ms] [gust] h2d
[dbg     530.7 ms] ESC: count intermediates begin
[dbg     530.8 ms] [gust] count
[dbg     530.8 ms] [gust] scan
[dbg     530.8 ms] ESC: expand begin (12269 intermediates)
[dbg     530.8 ms] [gust] expand
[dbg     530.8 ms] ESC: sort_by_key begin
[dbg     530.9 ms] [gust] sort
[dbg     531.0 ms] ESC: reduce_by_key begin
[dbg     531.0 ms] [gust] reduce
[dbg     531.1 ms] [gust] final
[dbg     531.1 ms] [gust] pack
[dbg     531.9 ms] [gust] d2h
[dbg     532.1 ms] T4 manual self_product: done (C_nnz=3719)
[dbg     532.4 ms] T5 outer self_product: start
[dbg     532.4 ms] [outer] start
[dbg     532.5 ms] [outer] h2d
[dbg     532.6 ms] [outer] csc
[dbg     532.6 ms] [outer] count
[dbg     532.6 ms] [outer] scan
[dbg     532.6 ms] [outer] expand
[dbg     532.8 ms] [outer] sort
[dbg     532.8 ms] [outer] reduce
[dbg     532.9 ms] [outer] final
[dbg     532.9 ms] [outer] pack
[dbg     533.7 ms] [outer] d2h
[dbg     533.9 ms] T5 outer self_product: done (C_nnz=3719)
[dbg     534.2 ms] T6 colwise self_product: start
[dbg     534.2 ms] [colw] start
[dbg     534.3 ms] [colw] h2d
[dbg     534.4 ms] [colw] csc
[dbg     534.4 ms] [colw] count
[dbg     534.5 ms] [colw] scan
[dbg     534.5 ms] [colw] expand
[dbg     534.6 ms] [colw] sort
[dbg     534.6 ms] [colw] reduce
[dbg     534.7 ms] [colw] final
[dbg     534.7 ms] [colw] pack
[dbg     535.6 ms] [colw] d2h
[dbg     535.7 ms] T6 colwise self_product: done (C_nnz=3719)
[dbg     536.0 ms] T7 inner self_product: start
[dbg     536.0 ms] [inner] start
[dbg     536.1 ms] [inner] h2d
[dbg     536.2 ms] [inner] csc
[dbg     536.2 ms] [inner] count
[dbg     536.2 ms] [inner] scan
[dbg     536.3 ms] [inner] expand
[dbg     536.4 ms] [inner] sort
[dbg     536.4 ms] [inner] reduce
[dbg     536.5 ms] [inner] final
[dbg     536.5 ms] [inner] numeric
[dbg     536.5 ms] [inner] pack
[dbg     537.3 ms] [inner] d2h
[dbg     537.5 ms] T7 inner self_product: done (C_nnz=3719)
Reading matrix from ./data/first100/can_187.mtx...
Input A: 187 x 187, nnz = 1491, sparsity = 95.74%
===============WARMING UP===============
=== Computing C = A x A (Manual) ===
Result C: 187 x 187, nnz = 3719, sparsity = 89.36%
Time: 1.455 ms

=== Computing C = A x A (Outer) ===
Result C: 187 x 187, nnz = 3719, sparsity = 89.36%
Time: 1.487 ms

=== Computing C = A x A (Colwise) ===
Result C: 187 x 187, nnz = 3719, sparsity = 89.36%
Time: 1.494 ms

=== Computing C = A x A (Inner) ===
Result C: 187 x 187, nnz = 3719, sparsity = 89.36%
Time: 1.489 ms

=== All tests completed ===
Processing can_229 ... (max 600s)
[dbg       0.0 ms] main entry, initializing CUDA context...
[dbg     495.6 ms] CUDA context ready
[dbg     495.7 ms] start read_matrix_market: ./data/first100/can_229.mtx
[dbg     495.9 ms] read done: 229 x 229, nnz=1777
[dbg     495.9 ms] [cu] start
[dbg     503.3 ms] [cu] h2d (15136 B)
[dbg     503.3 ms] cusparse: workEstimation begin
[dbg     523.1 ms] [cu] workest (buf1=22387 B)
[dbg     523.1 ms] cusparse: compute begin
[dbg     523.6 ms] [cu] compute (buf2=361103 B)
[dbg     523.6 ms] cusparse: C size = 229 x 229, nnz=5017
[dbg     523.6 ms] cusparse: copy begin
[dbg     523.7 ms] [cu] copy
[dbg     523.7 ms] [cu] pack
[dbg     524.8 ms] self_product: C D2H begin (41056 B)
[dbg     524.8 ms] [cu] d2h
[dbg     525.3 ms] [gust] start
[dbg     525.3 ms] [gust] h2d
[dbg     525.3 ms] ESC: count intermediates begin
[dbg     526.5 ms] [gust] count
[dbg     526.7 ms] [gust] scan
[dbg     526.7 ms] ESC: expand begin (14821 intermediates)
[dbg     526.8 ms] [gust] expand
[dbg     526.8 ms] ESC: sort_by_key begin
[dbg     527.0 ms] [gust] sort
[dbg     527.0 ms] ESC: reduce_by_key begin
[dbg     527.2 ms] [gust] reduce
[dbg     527.2 ms] [gust] final
[dbg     527.3 ms] [gust] pack
[dbg     528.2 ms] [gust] d2h
[dbg     528.5 ms] [outer] start
[dbg     528.6 ms] [outer] h2d
[dbg     530.1 ms] [outer] csc
[dbg     530.1 ms] [outer] count
[dbg     530.2 ms] [outer] scan
[dbg     530.2 ms] [outer] expand
[dbg     530.3 ms] [outer] sort
[dbg     530.3 ms] [outer] reduce
[dbg     530.4 ms] [outer] final
[dbg     530.4 ms] [outer] pack
[dbg     531.2 ms] [outer] d2h
[dbg     531.6 ms] [colw] start
[dbg     531.6 ms] [colw] h2d
[dbg     531.7 ms] [colw] csc
[dbg     531.8 ms] [colw] count
[dbg     531.8 ms] [colw] scan
[dbg     531.8 ms] [colw] expand
[dbg     532.0 ms] [colw] sort
[dbg     532.0 ms] [colw] reduce
[dbg     532.0 ms] [colw] final
[dbg     532.1 ms] [colw] pack
[dbg     532.7 ms] [colw] d2h
[dbg     533.1 ms] [inner] start
[dbg     533.2 ms] [inner] h2d
[dbg     533.2 ms] [inner] csc
[dbg     533.3 ms] [inner] count
[dbg     533.3 ms] [inner] scan
[dbg     533.3 ms] [inner] expand
[dbg     533.4 ms] [inner] sort
[dbg     533.5 ms] [inner] reduce
[dbg     533.5 ms] [inner] final
[dbg     533.6 ms] [inner] numeric
[dbg     533.6 ms] [inner] pack
[dbg     534.2 ms] [inner] d2h
[dbg     534.5 ms] warmup done
[dbg     534.5 ms] T4 manual self_product: start
[dbg     534.5 ms] [gust] start
[dbg     534.6 ms] [gust] h2d
[dbg     534.6 ms] ESC: count intermediates begin
[dbg     534.6 ms] [gust] count
[dbg     534.7 ms] [gust] scan
[dbg     534.7 ms] ESC: expand begin (14821 intermediates)
[dbg     534.7 ms] [gust] expand
[dbg     534.7 ms] ESC: sort_by_key begin
[dbg     534.8 ms] [gust] sort
[dbg     534.8 ms] ESC: reduce_by_key begin
[dbg     534.9 ms] [gust] reduce
[dbg     534.9 ms] [gust] final
[dbg     534.9 ms] [gust] pack
[dbg     535.6 ms] [gust] d2h
[dbg     535.7 ms] T4 manual self_product: done (C_nnz=5017)
[dbg     535.9 ms] T5 outer self_product: start
[dbg     535.9 ms] [outer] start
[dbg     536.0 ms] [outer] h2d
[dbg     536.1 ms] [outer] csc
[dbg     536.1 ms] [outer] count
[dbg     536.1 ms] [outer] scan
[dbg     536.2 ms] [outer] expand
[dbg     536.3 ms] [outer] sort
[dbg     536.3 ms] [outer] reduce
[dbg     536.4 ms] [outer] final
[dbg     536.4 ms] [outer] pack
[dbg     537.0 ms] [outer] d2h
[dbg     537.1 ms] T5 outer self_product: done (C_nnz=5017)
[dbg     537.4 ms] T6 colwise self_product: start
[dbg     537.4 ms] [colw] start
[dbg     537.5 ms] [colw] h2d
[dbg     537.5 ms] [colw] csc
[dbg     537.6 ms] [colw] count
[dbg     537.6 ms] [colw] scan
[dbg     537.6 ms] [colw] expand
[dbg     537.7 ms] [colw] sort
[dbg     537.8 ms] [colw] reduce
[dbg     537.8 ms] [colw] final
[dbg     537.8 ms] [colw] pack
[dbg     538.5 ms] [colw] d2h
[dbg     538.6 ms] T6 colwise self_product: done (C_nnz=5017)
[dbg     538.8 ms] T7 inner self_product: start
[dbg     538.8 ms] [inner] start
[dbg     538.9 ms] [inner] h2d
[dbg     539.0 ms] [inner] csc
[dbg     539.0 ms] [inner] count
[dbg     539.0 ms] [inner] scan
[dbg     539.1 ms] [inner] expand
[dbg     539.2 ms] [inner] sort
[dbg     539.2 ms] [inner] reduce
[dbg     539.3 ms] [inner] final
[dbg     539.3 ms] [inner] numeric
[dbg     539.3 ms] [inner] pack
[dbg     539.9 ms] [inner] d2h
[dbg     540.0 ms] T7 inner self_product: done (C_nnz=5017)
Reading matrix from ./data/first100/can_229.mtx...
Input A: 229 x 229, nnz = 1777, sparsity = 96.61%
===============WARMING UP===============
=== Computing C = A x A (Manual) ===
Result C: 229 x 229, nnz = 5017, sparsity = 90.43%
Time: 1.130 ms

=== Computing C = A x A (Outer) ===
Result C: 229 x 229, nnz = 5017, sparsity = 90.43%
Time: 1.192 ms

=== Computing C = A x A (Colwise) ===
Result C: 229 x 229, nnz = 5017, sparsity = 90.43%
Time: 1.189 ms

=== Computing C = A x A (Inner) ===
Result C: 229 x 229, nnz = 5017, sparsity = 90.43%
Time: 1.193 ms

=== All tests completed ===
Processing can_24 ... (max 600s)
[dbg       0.0 ms] main entry, initializing CUDA context...
[dbg     484.2 ms] CUDA context ready
[dbg     484.3 ms] start read_matrix_market: ./data/first100/can_24.mtx
[dbg     484.4 ms] read done: 24 x 24, nnz=160
[dbg     484.4 ms] [cu] start
[dbg     493.2 ms] [cu] h2d (1380 B)
[dbg     493.3 ms] cusparse: workEstimation begin
[dbg     518.8 ms] [cu] workest (buf1=2983 B)
[dbg     518.8 ms] cusparse: compute begin
[dbg     519.5 ms] [cu] compute (buf2=32599 B)
[dbg     519.5 ms] cusparse: C size = 24 x 24, nnz=336
[dbg     519.5 ms] cusparse: copy begin
[dbg     519.6 ms] [cu] copy
[dbg     519.6 ms] [cu] pack
[dbg     521.1 ms] self_product: C D2H begin (2788 B)
[dbg     521.2 ms] [cu] d2h
[dbg     521.6 ms] [gust] start
[dbg     521.7 ms] [gust] h2d
[dbg     521.7 ms] ESC: count intermediates begin
[dbg     523.2 ms] [gust] count
[dbg     523.5 ms] [gust] scan
[dbg     523.5 ms] ESC: expand begin (1144 intermediates)
[dbg     523.6 ms] [gust] expand
[dbg     523.6 ms] ESC: sort_by_key begin
[dbg     523.7 ms] [gust] sort
[dbg     523.7 ms] ESC: reduce_by_key begin
[dbg     523.8 ms] [gust] reduce
[dbg     523.9 ms] [gust] final
[dbg     523.9 ms] [gust] pack
[dbg     525.3 ms] [gust] d2h
[dbg     525.7 ms] [outer] start
[dbg     525.8 ms] [outer] h2d
[dbg     527.6 ms] [outer] csc
[dbg     527.6 ms] [outer] count
[dbg     527.6 ms] [outer] scan
[dbg     527.7 ms] [outer] expand
[dbg     527.7 ms] [outer] sort
[dbg     527.8 ms] [outer] reduce
[dbg     527.9 ms] [outer] final
[dbg     527.9 ms] [outer] pack
[dbg     529.1 ms] [outer] d2h
[dbg     529.6 ms] [colw] start
[dbg     529.7 ms] [colw] h2d
[dbg     529.8 ms] [colw] csc
[dbg     529.8 ms] [colw] count
[dbg     529.9 ms] [colw] scan
[dbg     529.9 ms] [colw] expand
[dbg     529.9 ms] [colw] sort
[dbg     530.0 ms] [colw] reduce
[dbg     530.1 ms] [colw] final
[dbg     530.1 ms] [colw] pack
[dbg     531.0 ms] [colw] d2h
[dbg     531.4 ms] [inner] start
[dbg     531.5 ms] [inner] h2d
[dbg     531.6 ms] [inner] csc
[dbg     531.6 ms] [inner] count
[dbg     531.7 ms] [inner] scan
[dbg     531.7 ms] [inner] expand
[dbg     531.8 ms] [inner] sort
[dbg     531.8 ms] [inner] reduce
[dbg     531.9 ms] [inner] final
[dbg     531.9 ms] [inner] numeric
[dbg     532.0 ms] [inner] pack
[dbg     532.9 ms] [inner] d2h
[dbg     533.3 ms] warmup done
[dbg     533.3 ms] T4 manual self_product: start
[dbg     533.3 ms] [gust] start
[dbg     533.4 ms] [gust] h2d
[dbg     533.4 ms] ESC: count intermediates begin
[dbg     533.4 ms] [gust] count
[dbg     533.5 ms] [gust] scan
[dbg     533.5 ms] ESC: expand begin (1144 intermediates)
[dbg     533.5 ms] [gust] expand
[dbg     533.5 ms] ESC: sort_by_key begin
[dbg     533.5 ms] [gust] sort
[dbg     533.5 ms] ESC: reduce_by_key begin
[dbg     533.6 ms] [gust] reduce
[dbg     533.6 ms] [gust] final
[dbg     533.7 ms] [gust] pack
[dbg     534.5 ms] [gust] d2h
[dbg     534.6 ms] T4 manual self_product: done (C_nnz=336)
[dbg     534.9 ms] T5 outer self_product: start
[dbg     534.9 ms] [outer] start
[dbg     535.0 ms] [outer] h2d
[dbg     535.1 ms] [outer] csc
[dbg     535.1 ms] [outer] count
[dbg     535.2 ms] [outer] scan
[dbg     535.2 ms] [outer] expand
[dbg     535.3 ms] [outer] sort
[dbg     535.3 ms] [outer] reduce
[dbg     535.4 ms] [outer] final
[dbg     535.4 ms] [outer] pack
[dbg     536.3 ms] [outer] d2h
[dbg     536.4 ms] T5 outer self_product: done (C_nnz=336)
[dbg     536.7 ms] T6 colwise self_product: start
[dbg     536.7 ms] [colw] start
[dbg     536.8 ms] [colw] h2d
[dbg     536.9 ms] [colw] csc
[dbg     536.9 ms] [colw] count
[dbg     536.9 ms] [colw] scan
[dbg     537.0 ms] [colw] expand
[dbg     537.0 ms] [colw] sort
[dbg     537.1 ms] [colw] reduce
[dbg     537.1 ms] [colw] final
[dbg     537.2 ms] [colw] pack
[dbg     538.0 ms] [colw] d2h
[dbg     538.2 ms] T6 colwise self_product: done (C_nnz=336)
[dbg     538.5 ms] T7 inner self_product: start
[dbg     538.5 ms] [inner] start
[dbg     538.6 ms] [inner] h2d
[dbg     538.7 ms] [inner] csc
[dbg     538.7 ms] [inner] count
[dbg     538.7 ms] [inner] scan
[dbg     538.8 ms] [inner] expand
[dbg     538.8 ms] [inner] sort
[dbg     538.8 ms] [inner] reduce
[dbg     538.9 ms] [inner] final
[dbg     538.9 ms] [inner] numeric
[dbg     539.0 ms] [inner] pack
[dbg     539.8 ms] [inner] d2h
[dbg     539.9 ms] T7 inner self_product: done (C_nnz=336)
Reading matrix from ./data/first100/can_24.mtx...
Input A: 24 x 24, nnz = 160, sparsity = 72.22%
===============WARMING UP===============
=== Computing C = A x A (Manual) ===
Result C: 24 x 24, nnz = 336, sparsity = 41.67%
Time: 1.365 ms

=== Computing C = A x A (Outer) ===
Result C: 24 x 24, nnz = 336, sparsity = 41.67%
Time: 1.463 ms

=== Computing C = A x A (Colwise) ===
Result C: 24 x 24, nnz = 336, sparsity = 41.67%
Time: 1.499 ms

=== Computing C = A x A (Inner) ===
Result C: 24 x 24, nnz = 336, sparsity = 41.67%
Time: 1.440 ms

=== All tests completed ===
Processing can_256 ... (max 600s)
[dbg       0.0 ms] main entry, initializing CUDA context...
[dbg     486.7 ms] CUDA context ready
[dbg     486.8 ms] start read_matrix_market: ./data/first100/can_256.mtx
[dbg     487.1 ms] read done: 256 x 256, nnz=2916
[dbg     487.2 ms] [cu] start
[dbg     495.7 ms] [cu] h2d (24356 B)
[dbg     495.8 ms] cusparse: workEstimation begin
[dbg     523.0 ms] [cu] workest (buf1=36055 B)
[dbg     523.0 ms] cusparse: compute begin
[dbg     523.7 ms] [cu] compute (buf2=1124503 B)
[dbg     523.7 ms] cusparse: C size = 256 x 256, nnz=18568
[dbg     523.7 ms] cusparse: copy begin
[dbg     523.8 ms] [cu] copy
[dbg     523.8 ms] [cu] pack
[dbg     525.3 ms] self_product: C D2H begin (149572 B)
[dbg     525.3 ms] [cu] d2h
[dbg     525.8 ms] [gust] start
[dbg     525.9 ms] [gust] h2d
[dbg     525.9 ms] ESC: count intermediates begin
[dbg     527.6 ms] [gust] count
[dbg     527.9 ms] [gust] scan
[dbg     527.9 ms] ESC: expand begin (46608 intermediates)
[dbg     527.9 ms] [gust] expand
[dbg     527.9 ms] ESC: sort_by_key begin
[dbg     528.2 ms] [gust] sort
[dbg     528.2 ms] ESC: reduce_by_key begin
[dbg     528.4 ms] [gust] reduce
[dbg     528.4 ms] [gust] final
[dbg     528.5 ms] [gust] pack
[dbg     529.8 ms] [gust] d2h
[dbg     530.2 ms] [outer] start
[dbg     530.3 ms] [outer] h2d
[dbg     532.3 ms] [outer] csc
[dbg     532.4 ms] [outer] count
[dbg     532.4 ms] [outer] scan
[dbg     532.5 ms] [outer] expand
[dbg     532.6 ms] [outer] sort
[dbg     532.6 ms] [outer] reduce
[dbg     532.7 ms] [outer] final
[dbg     532.7 ms] [outer] pack
[dbg     533.8 ms] [outer] d2h
[dbg     534.2 ms] [colw] start
[dbg     534.3 ms] [colw] h2d
[dbg     534.4 ms] [colw] csc
[dbg     534.5 ms] [colw] count
[dbg     534.5 ms] [colw] scan
[dbg     534.6 ms] [colw] expand
[dbg     534.7 ms] [colw] sort
[dbg     534.8 ms] [colw] reduce
[dbg     534.8 ms] [colw] final
[dbg     534.8 ms] [colw] pack
[dbg     535.8 ms] [colw] d2h
[dbg     536.2 ms] [inner] start
[dbg     536.3 ms] [inner] h2d
[dbg     536.4 ms] [inner] csc
[dbg     536.5 ms] [inner] count
[dbg     536.5 ms] [inner] scan
[dbg     536.5 ms] [inner] expand
[dbg     536.7 ms] [inner] sort
[dbg     536.7 ms] [inner] reduce
[dbg     536.7 ms] [inner] final
[dbg     536.8 ms] [inner] numeric
[dbg     536.8 ms] [inner] pack
[dbg     537.7 ms] [inner] d2h
[dbg     538.1 ms] warmup done
[dbg     538.1 ms] T4 manual self_product: start
[dbg     538.1 ms] [gust] start
[dbg     538.2 ms] [gust] h2d
[dbg     538.2 ms] ESC: count intermediates begin
[dbg     538.2 ms] [gust] count
[dbg     538.3 ms] [gust] scan
[dbg     538.3 ms] ESC: expand begin (46608 intermediates)
[dbg     538.3 ms] [gust] expand
[dbg     538.3 ms] ESC: sort_by_key begin
[dbg     538.4 ms] [gust] sort
[dbg     538.5 ms] ESC: reduce_by_key begin
[dbg     538.5 ms] [gust] reduce
[dbg     538.6 ms] [gust] final
[dbg     538.6 ms] [gust] pack
[dbg     539.4 ms] [gust] d2h
[dbg     539.5 ms] T4 manual self_product: done (C_nnz=18568)
[dbg     539.8 ms] T5 outer self_product: start
[dbg     539.8 ms] [outer] start
[dbg     539.9 ms] [outer] h2d
[dbg     540.0 ms] [outer] csc
[dbg     540.1 ms] [outer] count
[dbg     540.1 ms] [outer] scan
[dbg     540.1 ms] [outer] expand
[dbg     540.2 ms] [outer] sort
[dbg     540.3 ms] [outer] reduce
[dbg     540.4 ms] [outer] final
[dbg     540.4 ms] [outer] pack
[dbg     541.2 ms] [outer] d2h
[dbg     541.3 ms] T5 outer self_product: done (C_nnz=18568)
[dbg     541.6 ms] T6 colwise self_product: start
[dbg     541.6 ms] [colw] start
[dbg     541.7 ms] [colw] h2d
[dbg     541.8 ms] [colw] csc
[dbg     541.8 ms] [colw] count
[dbg     541.9 ms] [colw] scan
[dbg     541.9 ms] [colw] expand
[dbg     542.0 ms] [colw] sort
[dbg     542.1 ms] [colw] reduce
[dbg     542.1 ms] [colw] final
[dbg     542.1 ms] [colw] pack
[dbg     543.0 ms] [colw] d2h
[dbg     543.1 ms] T6 colwise self_product: done (C_nnz=18568)
[dbg     543.4 ms] T7 inner self_product: start
[dbg     543.4 ms] [inner] start
[dbg     543.5 ms] [inner] h2d
[dbg     543.7 ms] [inner] csc
[dbg     543.7 ms] [inner] count
[dbg     543.7 ms] [inner] scan
[dbg     543.7 ms] [inner] expand
[dbg     543.9 ms] [inner] sort
[dbg     543.9 ms] [inner] reduce
[dbg     544.0 ms] [inner] final
[dbg     544.0 ms] [inner] numeric
[dbg     544.0 ms] [inner] pack
[dbg     544.8 ms] [inner] d2h
[dbg     544.9 ms] T7 inner self_product: done (C_nnz=18568)
Reading matrix from ./data/first100/can_256.mtx...
Input A: 256 x 256, nnz = 2916, sparsity = 95.55%
===============WARMING UP===============
=== Computing C = A x A (Manual) ===
Result C: 256 x 256, nnz = 18568, sparsity = 71.67%
Time: 1.453 ms

=== Computing C = A x A (Outer) ===
Result C: 256 x 256, nnz = 18568, sparsity = 71.67%
Time: 1.489 ms

=== Computing C = A x A (Colwise) ===
Result C: 256 x 256, nnz = 18568, sparsity = 71.67%
Time: 1.504 ms

=== Computing C = A x A (Inner) ===
Result C: 256 x 256, nnz = 18568, sparsity = 71.67%
Time: 1.530 ms

=== All tests completed ===
Processing can_268 ... (max 600s)
[dbg       0.0 ms] main entry, initializing CUDA context...
[dbg     480.4 ms] CUDA context ready
[dbg     480.6 ms] start read_matrix_market: ./data/first100/can_268.mtx
[dbg     480.9 ms] read done: 268 x 268, nnz=3082
[dbg     480.9 ms] [cu] start
[dbg     489.3 ms] [cu] h2d (25732 B)
[dbg     489.4 ms] cusparse: workEstimation begin
[dbg     516.1 ms] [cu] workest (buf1=38047 B)
[dbg     516.1 ms] cusparse: compute begin
[dbg     516.9 ms] [cu] compute (buf2=1069831 B)
[dbg     516.9 ms] cusparse: C size = 268 x 268, nnz=15590
[dbg     516.9 ms] cusparse: copy begin
[dbg     517.0 ms] [cu] copy
[dbg     517.0 ms] [cu] pack
[dbg     518.4 ms] self_product: C D2H begin (125796 B)
[dbg     518.5 ms] [cu] d2h
[dbg     518.9 ms] [gust] start
[dbg     519.1 ms] [gust] h2d
[dbg     519.1 ms] ESC: count intermediates begin
[dbg     520.6 ms] [gust] count
[dbg     520.9 ms] [gust] scan
[dbg     520.9 ms] ESC: expand begin (44330 intermediates)
[dbg     521.0 ms] [gust] expand
[dbg     521.0 ms] ESC: sort_by_key begin
[dbg     521.2 ms] [gust] sort
[dbg     521.3 ms] ESC: reduce_by_key begin
[dbg     521.4 ms] [gust] reduce
[dbg     521.5 ms] [gust] final
[dbg     521.5 ms] [gust] pack
[dbg     522.9 ms] [gust] d2h
[dbg     523.3 ms] [outer] start
[dbg     523.4 ms] [outer] h2d
[dbg     525.4 ms] [outer] csc
[dbg     525.4 ms] [outer] count
[dbg     525.4 ms] [outer] scan
[dbg     525.5 ms] [outer] expand
[dbg     525.6 ms] [outer] sort
[dbg     525.7 ms] [outer] reduce
[dbg     525.7 ms] [outer] final
[dbg     525.8 ms] [outer] pack
[dbg     526.9 ms] [outer] d2h
[dbg     527.3 ms] [colw] start
[dbg     527.4 ms] [colw] h2d
[dbg     527.5 ms] [colw] csc
[dbg     527.6 ms] [colw] count
[dbg     527.6 ms] [colw] scan
[dbg     527.7 ms] [colw] expand
[dbg     527.8 ms] [colw] sort
[dbg     527.8 ms] [colw] reduce
[dbg     527.9 ms] [colw] final
[dbg     527.9 ms] [colw] pack
[dbg     528.9 ms] [colw] d2h
[dbg     529.3 ms] [inner] start
[dbg     529.4 ms] [inner] h2d
[dbg     529.5 ms] [inner] csc
[dbg     529.5 ms] [inner] count
[dbg     529.5 ms] [inner] scan
[dbg     529.6 ms] [inner] expand
[dbg     529.7 ms] [inner] sort
[dbg     529.7 ms] [inner] reduce
[dbg     529.8 ms] [inner] final
[dbg     529.9 ms] [inner] numeric
[dbg     529.9 ms] [inner] pack
[dbg     530.8 ms] [inner] d2h
[dbg     531.1 ms] warmup done
[dbg     531.2 ms] T4 manual self_product: start
[dbg     531.2 ms] [gust] start
[dbg     531.3 ms] [gust] h2d
[dbg     531.3 ms] ESC: count intermediates begin
[dbg     531.3 ms] [gust] count
[dbg     531.3 ms] [gust] scan
[dbg     531.3 ms] ESC: expand begin (44330 intermediates)
[dbg     531.4 ms] [gust] expand
[dbg     531.4 ms] ESC: sort_by_key begin
[dbg     531.5 ms] [gust] sort
[dbg     531.5 ms] ESC: reduce_by_key begin
[dbg     531.5 ms] [gust] reduce
[dbg     531.6 ms] [gust] final
[dbg     531.6 ms] [gust] pack
[dbg     532.5 ms] [gust] d2h
[dbg     532.6 ms] T4 manual self_product: done (C_nnz=15590)
[dbg     533.0 ms] T5 outer self_product: start
[dbg     533.0 ms] [outer] start
[dbg     533.1 ms] [outer] h2d
[dbg     533.2 ms] [outer] csc
[dbg     533.2 ms] [outer] count
[dbg     533.2 ms] [outer] scan
[dbg     533.3 ms] [outer] expand
[dbg     533.4 ms] [outer] sort
[dbg     533.4 ms] [outer] reduce
[dbg     533.5 ms] [outer] final
[dbg     533.5 ms] [outer] pack
[dbg     534.4 ms] [outer] d2h
[dbg     534.5 ms] T5 outer self_product: done (C_nnz=15590)
[dbg     534.8 ms] T6 colwise self_product: start
[dbg     534.8 ms] [colw] start
[dbg     534.9 ms] [colw] h2d
[dbg     535.0 ms] [colw] csc
[dbg     535.0 ms] [colw] count
[dbg     535.0 ms] [colw] scan
[dbg     535.1 ms] [colw] expand
[dbg     535.2 ms] [colw] sort
[dbg     535.2 ms] [colw] reduce
[dbg     535.3 ms] [colw] final
[dbg     535.3 ms] [colw] pack
[dbg     536.2 ms] [colw] d2h
[dbg     536.3 ms] T6 colwise self_product: done (C_nnz=15590)
[dbg     536.6 ms] T7 inner self_product: start
[dbg     536.6 ms] [inner] start
[dbg     536.7 ms] [inner] h2d
[dbg     536.8 ms] [inner] csc
[dbg     536.8 ms] [inner] count
[dbg     536.8 ms] [inner] scan
[dbg     536.9 ms] [inner] expand
[dbg     537.0 ms] [inner] sort
[dbg     537.0 ms] [inner] reduce
[dbg     537.1 ms] [inner] final
[dbg     537.1 ms] [inner] numeric
[dbg     537.1 ms] [inner] pack
[dbg     538.0 ms] [inner] d2h
[dbg     538.1 ms] T7 inner self_product: done (C_nnz=15590)
Reading matrix from ./data/first100/can_268.mtx...
Input A: 268 x 268, nnz = 3082, sparsity = 95.71%
===============WARMING UP===============
=== Computing C = A x A (Manual) ===
Result C: 268 x 268, nnz = 15590, sparsity = 78.29%
Time: 1.463 ms

=== Computing C = A x A (Outer) ===
Result C: 268 x 268, nnz = 15590, sparsity = 78.29%
Time: 1.510 ms

=== Computing C = A x A (Colwise) ===
Result C: 268 x 268, nnz = 15590, sparsity = 78.29%
Time: 1.513 ms

=== Computing C = A x A (Inner) ===
Result C: 268 x 268, nnz = 15590, sparsity = 78.29%
Time: 1.525 ms

=== All tests completed ===
Processing can_292 ... (max 600s)
[dbg       0.0 ms] main entry, initializing CUDA context...
[dbg     491.0 ms] CUDA context ready
[dbg     491.1 ms] start read_matrix_market: ./data/first100/can_292.mtx
[dbg     491.4 ms] read done: 292 x 292, nnz=2540
[dbg     491.4 ms] [cu] start
[dbg     499.6 ms] [cu] h2d (21492 B)
[dbg     499.7 ms] cusparse: workEstimation begin
[dbg     527.7 ms] [cu] workest (buf1=31543 B)
[dbg     527.8 ms] cusparse: compute begin
[dbg     528.4 ms] [cu] compute (buf2=740247 B)
[dbg     528.4 ms] cusparse: C size = 292 x 292, nnz=11670
[dbg     528.4 ms] cusparse: copy begin
[dbg     528.6 ms] [cu] copy
[dbg     528.6 ms] [cu] pack
[dbg     530.2 ms] self_product: C D2H begin (94532 B)
[dbg     530.2 ms] [cu] d2h
[dbg     530.8 ms] [gust] start
[dbg     530.9 ms] [gust] h2d
[dbg     531.0 ms] ESC: count intermediates begin
[dbg     532.6 ms] [gust] count
[dbg     532.9 ms] [gust] scan
[dbg     532.9 ms] ESC: expand begin (30608 intermediates)
[dbg     532.9 ms] [gust] expand
[dbg     532.9 ms] ESC: sort_by_key begin
[dbg     533.2 ms] [gust] sort
[dbg     533.2 ms] ESC: reduce_by_key begin
[dbg     533.4 ms] [gust] reduce
[dbg     533.5 ms] [gust] final
[dbg     533.5 ms] [gust] pack
[dbg     534.9 ms] [gust] d2h
[dbg     535.4 ms] [outer] start
[dbg     535.6 ms] [outer] h2d
[dbg     537.5 ms] [outer] csc
[dbg     537.5 ms] [outer] count
[dbg     537.6 ms] [outer] scan
[dbg     537.6 ms] [outer] expand
[dbg     537.7 ms] [outer] sort
[dbg     537.8 ms] [outer] reduce
[dbg     537.8 ms] [outer] final
[dbg     537.9 ms] [outer] pack
[dbg     538.9 ms] [outer] d2h
[dbg     539.3 ms] [colw] start
[dbg     539.5 ms] [colw] h2d
[dbg     539.6 ms] [colw] csc
[dbg     539.6 ms] [colw] count
[dbg     539.6 ms] [colw] scan
[dbg     539.7 ms] [colw] expand
[dbg     539.8 ms] [colw] sort
[dbg     539.9 ms] [colw] reduce
[dbg     539.9 ms] [colw] final
[dbg     539.9 ms] [colw] pack
[dbg     540.8 ms] [colw] d2h
[dbg     541.2 ms] [inner] start
[dbg     541.3 ms] [inner] h2d
[dbg     541.4 ms] [inner] csc
[dbg     541.5 ms] [inner] count
[dbg     541.5 ms] [inner] scan
[dbg     541.5 ms] [inner] expand
[dbg     541.7 ms] [inner] sort
[dbg     541.7 ms] [inner] reduce
[dbg     541.7 ms] [inner] final
[dbg     541.8 ms] [inner] numeric
[dbg     541.8 ms] [inner] pack
[dbg     542.6 ms] [inner] d2h
[dbg     543.0 ms] warmup done
[dbg     543.0 ms] T4 manual self_product: start
[dbg     543.0 ms] [gust] start
[dbg     543.1 ms] [gust] h2d
[dbg     543.1 ms] ESC: count intermediates begin
[dbg     543.1 ms] [gust] count
[dbg     543.2 ms] [gust] scan
[dbg     543.2 ms] ESC: expand begin (30608 intermediates)
[dbg     543.2 ms] [gust] expand
[dbg     543.2 ms] ESC: sort_by_key begin
[dbg     543.3 ms] [gust] sort
[dbg     543.3 ms] ESC: reduce_by_key begin
[dbg     543.4 ms] [gust] reduce
[dbg     543.4 ms] [gust] final
[dbg     543.5 ms] [gust] pack
[dbg     544.3 ms] [gust] d2h
[dbg     544.4 ms] T4 manual self_product: done (C_nnz=11670)
[dbg     544.7 ms] T5 outer self_product: start
[dbg     544.7 ms] [outer] start
[dbg     544.8 ms] [outer] h2d
[dbg     544.9 ms] [outer] csc
[dbg     544.9 ms] [outer] count
[dbg     544.9 ms] [outer] scan
[dbg     544.9 ms] [outer] expand
[dbg     545.1 ms] [outer] sort
[dbg     545.1 ms] [outer] reduce
[dbg     545.2 ms] [outer] final
[dbg     545.2 ms] [outer] pack
[dbg     546.0 ms] [outer] d2h
[dbg     546.1 ms] T5 outer self_product: done (C_nnz=11670)
[dbg     546.4 ms] T6 colwise self_product: start
[dbg     546.4 ms] [colw] start
[dbg     546.5 ms] [colw] h2d
[dbg     546.6 ms] [colw] csc
[dbg     546.6 ms] [colw] count
[dbg     546.7 ms] [colw] scan
[dbg     546.7 ms] [colw] expand
[dbg     546.8 ms] [colw] sort
[dbg     546.9 ms] [colw] reduce
[dbg     546.9 ms] [colw] final
[dbg     546.9 ms] [colw] pack
[dbg     547.8 ms] [colw] d2h
[dbg     548.0 ms] T6 colwise self_product: done (C_nnz=11670)
[dbg     548.3 ms] T7 inner self_product: start
[dbg     548.4 ms] [inner] start
[dbg     548.5 ms] [inner] h2d
[dbg     548.6 ms] [inner] csc
[dbg     548.6 ms] [inner] count
[dbg     548.7 ms] [inner] scan
[dbg     548.7 ms] [inner] expand
[dbg     548.8 ms] [inner] sort
[dbg     548.9 ms] [inner] reduce
[dbg     549.0 ms] [inner] final
[dbg     549.0 ms] [inner] numeric
[dbg     549.1 ms] [inner] pack
[dbg     550.2 ms] [inner] d2h
[dbg     550.4 ms] T7 inner self_product: done (C_nnz=11670)
Reading matrix from ./data/first100/can_292.mtx...
Input A: 292 x 292, nnz = 2540, sparsity = 97.02%
===============WARMING UP===============
=== Computing C = A x A (Manual) ===
Result C: 292 x 292, nnz = 11670, sparsity = 86.31%
Time: 1.388 ms

=== Computing C = A x A (Outer) ===
Result C: 292 x 292, nnz = 11670, sparsity = 86.31%
Time: 1.452 ms

=== Computing C = A x A (Colwise) ===
Result C: 292 x 292, nnz = 11670, sparsity = 86.31%
Time: 1.579 ms

=== Computing C = A x A (Inner) ===
Result C: 292 x 292, nnz = 11670, sparsity = 86.31%
Time: 2.110 ms

=== All tests completed ===
Processing can_445 ... (max 600s)
[dbg       0.0 ms] main entry, initializing CUDA context...
[dbg     483.1 ms] CUDA context ready
[dbg     483.3 ms] start read_matrix_market: ./data/first100/can_445.mtx
[dbg     483.6 ms] read done: 445 x 445, nnz=3809
[dbg     483.6 ms] [cu] start
[dbg     492.0 ms] [cu] h2d (32256 B)
[dbg     492.0 ms] cusparse: workEstimation begin
[dbg     519.2 ms] [cu] workest (buf1=46771 B)
[dbg     519.2 ms] cusparse: compute begin
[dbg     519.8 ms] [cu] compute (buf2=805023 B)
[dbg     519.8 ms] cusparse: C size = 445 x 445, nnz=11193
[dbg     519.8 ms] cusparse: copy begin
[dbg     520.0 ms] [cu] copy
[dbg     520.0 ms] [cu] pack
[dbg     521.5 ms] self_product: C D2H begin (91328 B)
[dbg     521.5 ms] [cu] d2h
[dbg     522.0 ms] [gust] start
[dbg     522.1 ms] [gust] h2d
[dbg     522.1 ms] ESC: count intermediates begin
[dbg     523.6 ms] [gust] count
[dbg     523.9 ms] [gust] scan
[dbg     523.9 ms] ESC: expand begin (33307 intermediates)
[dbg     524.0 ms] [gust] expand
[dbg     524.0 ms] ESC: sort_by_key begin
[dbg     524.3 ms] [gust] sort
[dbg     524.3 ms] ESC: reduce_by_key begin
[dbg     524.4 ms] [gust] reduce
[dbg     524.5 ms] [gust] final
[dbg     524.5 ms] [gust] pack
[dbg     525.8 ms] [gust] d2h
[dbg     526.2 ms] [outer] start
[dbg     526.4 ms] [outer] h2d
[dbg     528.2 ms] [outer] csc
[dbg     528.2 ms] [outer] count
[dbg     528.3 ms] [outer] scan
[dbg     528.3 ms] [outer] expand
[dbg     528.4 ms] [outer] sort
[dbg     528.5 ms] [outer] reduce
[dbg     528.5 ms] [outer] final
[dbg     528.6 ms] [outer] pack
[dbg     529.7 ms] [outer] d2h
[dbg     530.1 ms] [colw] start
[dbg     530.2 ms] [colw] h2d
[dbg     530.3 ms] [colw] csc
[dbg     530.3 ms] [colw] count
[dbg     530.4 ms] [colw] scan
[dbg     530.4 ms] [colw] expand
[dbg     530.5 ms] [colw] sort
[dbg     530.6 ms] [colw] reduce
[dbg     530.6 ms] [colw] final
[dbg     530.7 ms] [colw] pack
[dbg     531.6 ms] [colw] d2h
[dbg     532.0 ms] [inner] start
[dbg     532.1 ms] [inner] h2d
[dbg     532.2 ms] [inner] csc
[dbg     532.2 ms] [inner] count
[dbg     532.3 ms] [inner] scan
[dbg     532.3 ms] [inner] expand
[dbg     532.4 ms] [inner] sort
[dbg     532.5 ms] [inner] reduce
[dbg     532.5 ms] [inner] final
[dbg     532.6 ms] [inner] numeric
[dbg     532.6 ms] [inner] pack
[dbg     533.5 ms] [inner] d2h
[dbg     533.8 ms] warmup done
[dbg     533.9 ms] T4 manual self_product: start
[dbg     533.9 ms] [gust] start
[dbg     534.0 ms] [gust] h2d
[dbg     534.0 ms] ESC: count intermediates begin
[dbg     534.0 ms] [gust] count
[dbg     534.0 ms] [gust] scan
[dbg     534.1 ms] ESC: expand begin (33307 intermediates)
[dbg     534.1 ms] [gust] expand
[dbg     534.1 ms] ESC: sort_by_key begin
[dbg     534.2 ms] [gust] sort
[dbg     534.2 ms] ESC: reduce_by_key begin
[dbg     534.2 ms] [gust] reduce
[dbg     534.3 ms] [gust] final
[dbg     534.3 ms] [gust] pack
[dbg     535.2 ms] [gust] d2h
[dbg     535.3 ms] T4 manual self_product: done (C_nnz=11193)
[dbg     535.6 ms] T5 outer self_product: start
[dbg     535.6 ms] [outer] start
[dbg     535.7 ms] [outer] h2d
[dbg     535.8 ms] [outer] csc
[dbg     535.8 ms] [outer] count
[dbg     535.8 ms] [outer] scan
[dbg     535.8 ms] [outer] expand
[dbg     536.0 ms] [outer] sort
[dbg     536.0 ms] [outer] reduce
[dbg     536.1 ms] [outer] final
[dbg     536.1 ms] [outer] pack
[dbg     536.9 ms] [outer] d2h
[dbg     537.0 ms] T5 outer self_product: done (C_nnz=11193)
[dbg     537.3 ms] T6 colwise self_product: start
[dbg     537.3 ms] [colw] start
[dbg     537.4 ms] [colw] h2d
[dbg     537.5 ms] [colw] csc
[dbg     537.5 ms] [colw] count
[dbg     537.6 ms] [colw] scan
[dbg     537.6 ms] [colw] expand
[dbg     537.7 ms] [colw] sort
[dbg     537.7 ms] [colw] reduce
[dbg     537.8 ms] [colw] final
[dbg     537.8 ms] [colw] pack
[dbg     538.6 ms] [colw] d2h
[dbg     538.8 ms] T6 colwise self_product: done (C_nnz=11193)
[dbg     539.1 ms] T7 inner self_product: start
[dbg     539.1 ms] [inner] start
[dbg     539.2 ms] [inner] h2d
[dbg     539.3 ms] [inner] csc
[dbg     539.3 ms] [inner] count
[dbg     539.3 ms] [inner] scan
[dbg     539.4 ms] [inner] expand
[dbg     539.5 ms] [inner] sort
[dbg     539.5 ms] [inner] reduce
[dbg     539.6 ms] [inner] final
[dbg     539.6 ms] [inner] numeric
[dbg     539.6 ms] [inner] pack
[dbg     540.4 ms] [inner] d2h
[dbg     540.5 ms] T7 inner self_product: done (C_nnz=11193)
Reading matrix from ./data/first100/can_445.mtx...
Input A: 445 x 445, nnz = 3809, sparsity = 98.08%
===============WARMING UP===============
=== Computing C = A x A (Manual) ===
Result C: 445 x 445, nnz = 11193, sparsity = 94.35%
Time: 1.433 ms

=== Computing C = A x A (Outer) ===
Result C: 445 x 445, nnz = 11193, sparsity = 94.35%
Time: 1.456 ms

=== Computing C = A x A (Colwise) ===
Result C: 445 x 445, nnz = 11193, sparsity = 94.35%
Time: 1.461 ms

=== Computing C = A x A (Inner) ===
Result C: 445 x 445, nnz = 11193, sparsity = 94.35%
Time: 1.488 ms

=== All tests completed ===
Processing can_61 ... (max 600s)
[dbg       0.0 ms] main entry, initializing CUDA context...
[dbg     478.7 ms] CUDA context ready
[dbg     478.9 ms] start read_matrix_market: ./data/first100/can_61.mtx
[dbg     479.0 ms] read done: 61 x 61, nnz=557
[dbg     479.0 ms] [cu] start
[dbg     487.1 ms] [cu] h2d (4704 B)
[dbg     487.1 ms] cusparse: workEstimation begin
[dbg     512.9 ms] [cu] workest (buf1=7747 B)
[dbg     512.9 ms] cusparse: compute begin
[dbg     513.6 ms] [cu] compute (buf2=149167 B)
[dbg     513.6 ms] cusparse: C size = 61 x 61, nnz=1793
[dbg     513.6 ms] cusparse: copy begin
[dbg     513.7 ms] [cu] copy
[dbg     513.7 ms] [cu] pack
[dbg     515.3 ms] self_product: C D2H begin (14592 B)
[dbg     515.3 ms] [cu] d2h
[dbg     515.8 ms] [gust] start
[dbg     515.9 ms] [gust] h2d
[dbg     515.9 ms] ESC: count intermediates begin
[dbg     517.5 ms] [gust] count
[dbg     517.8 ms] [gust] scan
[dbg     517.8 ms] ESC: expand begin (6001 intermediates)
[dbg     517.8 ms] [gust] expand
[dbg     517.9 ms] ESC: sort_by_key begin
[dbg     518.1 ms] [gust] sort
[dbg     518.1 ms] ESC: reduce_by_key begin
[dbg     518.3 ms] [gust] reduce
[dbg     518.4 ms] [gust] final
[dbg     518.4 ms] [gust] pack
[dbg     519.8 ms] [gust] d2h
[dbg     520.2 ms] [outer] start
[dbg     520.3 ms] [outer] h2d
[dbg     522.1 ms] [outer] csc
[dbg     522.1 ms] [outer] count
[dbg     522.1 ms] [outer] scan
[dbg     522.2 ms] [outer] expand
[dbg     522.3 ms] [outer] sort
[dbg     522.3 ms] [outer] reduce
[dbg     522.4 ms] [outer] final
[dbg     522.4 ms] [outer] pack
[dbg     523.5 ms] [outer] d2h
[dbg     523.9 ms] [colw] start
[dbg     524.0 ms] [colw] h2d
[dbg     524.1 ms] [colw] csc
[dbg     524.2 ms] [colw] count
[dbg     524.2 ms] [colw] scan
[dbg     524.3 ms] [colw] expand
[dbg     524.4 ms] [colw] sort
[dbg     524.4 ms] [colw] reduce
[dbg     524.5 ms] [colw] final
[dbg     524.5 ms] [colw] pack
[dbg     525.4 ms] [colw] d2h
[dbg     525.8 ms] [inner] start
[dbg     525.9 ms] [inner] h2d
[dbg     526.0 ms] [inner] csc
[dbg     526.0 ms] [inner] count
[dbg     526.1 ms] [inner] scan
[dbg     526.1 ms] [inner] expand
[dbg     526.2 ms] [inner] sort
[dbg     526.2 ms] [inner] reduce
[dbg     526.3 ms] [inner] final
[dbg     526.3 ms] [inner] numeric
[dbg     526.4 ms] [inner] pack
[dbg     527.2 ms] [inner] d2h
[dbg     527.6 ms] warmup done
[dbg     527.6 ms] T4 manual self_product: start
[dbg     527.6 ms] [gust] start
[dbg     527.7 ms] [gust] h2d
[dbg     527.7 ms] ESC: count intermediates begin
[dbg     527.8 ms] [gust] count
[dbg     527.8 ms] [gust] scan
[dbg     527.8 ms] ESC: expand begin (6001 intermediates)
[dbg     527.8 ms] [gust] expand
[dbg     527.8 ms] ESC: sort_by_key begin
[dbg     528.0 ms] [gust] sort
[dbg     528.0 ms] ESC: reduce_by_key begin
[dbg     528.0 ms] [gust] reduce
[dbg     528.1 ms] [gust] final
[dbg     528.1 ms] [gust] pack
[dbg     528.9 ms] [gust] d2h
[dbg     529.0 ms] T4 manual self_product: done (C_nnz=1793)
[dbg     529.3 ms] T5 outer self_product: start
[dbg     529.3 ms] [outer] start
[dbg     529.5 ms] [outer] h2d
[dbg     529.5 ms] [outer] csc
[dbg     529.6 ms] [outer] count
[dbg     529.6 ms] [outer] scan
[dbg     529.6 ms] [outer] expand
[dbg     529.7 ms] [outer] sort
[dbg     529.8 ms] [outer] reduce
[dbg     529.8 ms] [outer] final
[dbg     529.9 ms] [outer] pack
[dbg     530.7 ms] [outer] d2h
[dbg     530.8 ms] T5 outer self_product: done (C_nnz=1793)
[dbg     531.1 ms] T6 colwise self_product: start
[dbg     531.1 ms] [colw] start
[dbg     531.2 ms] [colw] h2d
[dbg     531.3 ms] [colw] csc
[dbg     531.3 ms] [colw] count
[dbg     531.4 ms] [colw] scan
[dbg     531.4 ms] [colw] expand
[dbg     531.5 ms] [colw] sort
[dbg     531.6 ms] [colw] reduce
[dbg     531.6 ms] [colw] final
[dbg     531.7 ms] [colw] pack
[dbg     532.4 ms] [colw] d2h
[dbg     532.6 ms] T6 colwise self_product: done (C_nnz=1793)
[dbg     532.9 ms] T7 inner self_product: start
[dbg     532.9 ms] [inner] start
[dbg     533.0 ms] [inner] h2d
[dbg     533.0 ms] [inner] csc
[dbg     533.1 ms] [inner] count
[dbg     533.1 ms] [inner] scan
[dbg     533.1 ms] [inner] expand
[dbg     533.2 ms] [inner] sort
[dbg     533.3 ms] [inner] reduce
[dbg     533.3 ms] [inner] final
[dbg     533.3 ms] [inner] numeric
[dbg     533.4 ms] [inner] pack
[dbg     534.2 ms] [inner] d2h
[dbg     534.3 ms] T7 inner self_product: done (C_nnz=1793)
Reading matrix from ./data/first100/can_61.mtx...
Input A: 61 x 61, nnz = 557, sparsity = 85.03%
===============WARMING UP===============
=== Computing C = A x A (Manual) ===
Result C: 61 x 61, nnz = 1793, sparsity = 51.81%
Time: 1.421 ms

=== Computing C = A x A (Outer) ===
Result C: 61 x 61, nnz = 1793, sparsity = 51.81%
Time: 1.464 ms

=== Computing C = A x A (Colwise) ===
Result C: 61 x 61, nnz = 1793, sparsity = 51.81%
Time: 1.459 ms

=== Computing C = A x A (Inner) ===
Result C: 61 x 61, nnz = 1793, sparsity = 51.81%
Time: 1.422 ms

=== All tests completed ===
Processing can_62 ... (max 600s)
[dbg       0.0 ms] main entry, initializing CUDA context...
[dbg     484.1 ms] CUDA context ready
[dbg     484.3 ms] start read_matrix_market: ./data/first100/can_62.mtx
[dbg     484.3 ms] read done: 62 x 62, nnz=218
[dbg     484.3 ms] [cu] start
[dbg     492.6 ms] [cu] h2d (1996 B)
[dbg     492.7 ms] cusparse: workEstimation begin
[dbg     520.0 ms] [cu] workest (buf1=3679 B)
[dbg     520.1 ms] cusparse: compute begin
[dbg     520.7 ms] [cu] compute (buf2=25063 B)
[dbg     520.7 ms] cusparse: C size = 62 x 62, nnz=482
[dbg     520.7 ms] cusparse: copy begin
[dbg     520.8 ms] [cu] copy
[dbg     520.8 ms] [cu] pack
[dbg     522.3 ms] self_product: C D2H begin (4108 B)
[dbg     522.3 ms] [cu] d2h
[dbg     522.8 ms] [gust] start
[dbg     522.9 ms] [gust] h2d
[dbg     522.9 ms] ESC: count intermediates begin
[dbg     524.4 ms] [gust] count
[dbg     524.7 ms] [gust] scan
[dbg     524.7 ms] ESC: expand begin (830 intermediates)
[dbg     524.8 ms] [gust] expand
[dbg     524.8 ms] ESC: sort_by_key begin
[dbg     524.9 ms] [gust] sort
[dbg     524.9 ms] ESC: reduce_by_key begin
[dbg     525.0 ms] [gust] reduce
[dbg     525.1 ms] [gust] final
[dbg     525.1 ms] [gust] pack
[dbg     526.5 ms] [gust] d2h
[dbg     526.9 ms] [outer] start
[dbg     527.0 ms] [outer] h2d
[dbg     528.8 ms] [outer] csc
[dbg     528.8 ms] [outer] count
[dbg     528.8 ms] [outer] scan
[dbg     528.9 ms] [outer] expand
[dbg     529.0 ms] [outer] sort
[dbg     529.0 ms] [outer] reduce
[dbg     529.1 ms] [outer] final
[dbg     529.1 ms] [outer] pack
[dbg     530.1 ms] [outer] d2h
[dbg     530.5 ms] [colw] start
[dbg     530.6 ms] [colw] h2d
[dbg     530.7 ms] [colw] csc
[dbg     530.7 ms] [colw] count
[dbg     530.8 ms] [colw] scan
[dbg     530.8 ms] [colw] expand
[dbg     530.8 ms] [colw] sort
[dbg     530.9 ms] [colw] reduce
[dbg     531.0 ms] [colw] final
[dbg     531.0 ms] [colw] pack
[dbg     531.8 ms] [colw] d2h
[dbg     532.2 ms] [inner] start
[dbg     532.3 ms] [inner] h2d
[dbg     532.4 ms] [inner] csc
[dbg     532.5 ms] [inner] count
[dbg     532.5 ms] [inner] scan
[dbg     532.5 ms] [inner] expand
[dbg     532.6 ms] [inner] sort
[dbg     532.6 ms] [inner] reduce
[dbg     532.7 ms] [inner] final
[dbg     532.7 ms] [inner] numeric
[dbg     532.7 ms] [inner] pack
[dbg     533.6 ms] [inner] d2h
[dbg     534.0 ms] warmup done
[dbg     534.0 ms] T4 manual self_product: start
[dbg     534.0 ms] [gust] start
[dbg     534.1 ms] [gust] h2d
[dbg     534.2 ms] ESC: count intermediates begin
[dbg     534.2 ms] [gust] count
[dbg     534.2 ms] [gust] scan
[dbg     534.2 ms] ESC: expand begin (830 intermediates)
[dbg     534.3 ms] [gust] expand
[dbg     534.3 ms] ESC: sort_by_key begin
[dbg     534.3 ms] [gust] sort
[dbg     534.3 ms] ESC: reduce_by_key begin
[dbg     534.3 ms] [gust] reduce
[dbg     534.4 ms] [gust] final
[dbg     534.4 ms] [gust] pack
[dbg     535.3 ms] [gust] d2h
[dbg     535.4 ms] T4 manual self_product: done (C_nnz=482)
[dbg     535.7 ms] T5 outer self_product: start
[dbg     535.7 ms] [outer] start
[dbg     535.8 ms] [outer] h2d
[dbg     535.8 ms] [outer] csc
[dbg     535.9 ms] [outer] count
[dbg     535.9 ms] [outer] scan
[dbg     536.0 ms] [outer] expand
[dbg     536.0 ms] [outer] sort
[dbg     536.0 ms] [outer] reduce
[dbg     536.1 ms] [outer] final
[dbg     536.1 ms] [outer] pack
[dbg     536.9 ms] [outer] d2h
[dbg     537.1 ms] T5 outer self_product: done (C_nnz=482)
[dbg     537.3 ms] T6 colwise self_product: start
[dbg     537.3 ms] [colw] start
[dbg     537.4 ms] [colw] h2d
[dbg     537.5 ms] [colw] csc
[dbg     537.5 ms] [colw] count
[dbg     537.6 ms] [colw] scan
[dbg     537.6 ms] [colw] expand
[dbg     537.7 ms] [colw] sort
[dbg     537.7 ms] [colw] reduce
[dbg     537.8 ms] [colw] final
[dbg     537.8 ms] [colw] pack
[dbg     538.6 ms] [colw] d2h
[dbg     538.7 ms] T6 colwise self_product: done (C_nnz=482)
[dbg     539.0 ms] T7 inner self_product: start
[dbg     539.0 ms] [inner] start
[dbg     539.1 ms] [inner] h2d
[dbg     539.2 ms] [inner] csc
[dbg     539.2 ms] [inner] count
[dbg     539.3 ms] [inner] scan
[dbg     539.3 ms] [inner] expand
[dbg     539.3 ms] [inner] sort
[dbg     539.4 ms] [inner] reduce
[dbg     539.4 ms] [inner] final
[dbg     539.5 ms] [inner] numeric
[dbg     539.5 ms] [inner] pack
[dbg     540.3 ms] [inner] d2h
[dbg     540.4 ms] T7 inner self_product: done (C_nnz=482)
Reading matrix from ./data/first100/can_62.mtx...
Input A: 62 x 62, nnz = 218, sparsity = 94.33%
===============WARMING UP===============
=== Computing C = A x A (Manual) ===
Result C: 62 x 62, nnz = 482, sparsity = 87.46%
Time: 1.337 ms

=== Computing C = A x A (Outer) ===
Result C: 62 x 62, nnz = 482, sparsity = 87.46%
Time: 1.400 ms

=== Computing C = A x A (Colwise) ===
Result C: 62 x 62, nnz = 482, sparsity = 87.46%
Time: 1.401 ms

=== Computing C = A x A (Inner) ===
Result C: 62 x 62, nnz = 482, sparsity = 87.46%
Time: 1.393 ms

=== All tests completed ===
Processing can_634 ... (max 600s)
[dbg       0.0 ms] main entry, initializing CUDA context...
[dbg     485.5 ms] CUDA context ready
[dbg     485.6 ms] start read_matrix_market: ./data/first100/can_634.mtx
[dbg     486.3 ms] read done: 634 x 634, nnz=7228
[dbg     486.3 ms] [cu] start
[dbg     494.6 ms] [cu] h2d (60364 B)
[dbg     494.7 ms] cusparse: workEstimation begin
[dbg     521.1 ms] [cu] workest (buf1=87799 B)
[dbg     521.1 ms] cusparse: compute begin
[dbg     521.9 ms] [cu] compute (buf2=2213151 B)
[dbg     521.9 ms] cusparse: C size = 634 x 634, nnz=25446
[dbg     521.9 ms] cusparse: copy begin
[dbg     522.0 ms] [cu] copy
[dbg     522.0 ms] [cu] pack
[dbg     523.6 ms] self_product: C D2H begin (206108 B)
[dbg     523.6 ms] [cu] d2h
[dbg     524.1 ms] [gust] start
[dbg     524.2 ms] [gust] h2d
[dbg     524.2 ms] ESC: count intermediates begin
[dbg     525.8 ms] [gust] count
[dbg     526.0 ms] [gust] scan
[dbg     526.1 ms] ESC: expand begin (91756 intermediates)
[dbg     526.1 ms] [gust] expand
[dbg     526.1 ms] ESC: sort_by_key begin
[dbg     526.6 ms] [gust] sort
[dbg     526.7 ms] ESC: reduce_by_key begin
[dbg     526.8 ms] [gust] reduce
[dbg     527.0 ms] [gust] final
[dbg     527.0 ms] [gust] pack
[dbg     528.3 ms] [gust] d2h
[dbg     528.7 ms] [outer] start
[dbg     528.8 ms] [outer] h2d
[dbg     530.7 ms] [outer] csc
[dbg     530.7 ms] [outer] count
[dbg     530.8 ms] [outer] scan
[dbg     530.8 ms] [outer] expand
[dbg     531.2 ms] [outer] sort
[dbg     531.3 ms] [outer] reduce
[dbg     531.4 ms] [outer] final
[dbg     531.4 ms] [outer] pack
[dbg     532.4 ms] [outer] d2h
[dbg     532.9 ms] [colw] start
[dbg     533.0 ms] [colw] h2d
[dbg     533.1 ms] [colw] csc
[dbg     533.2 ms] [colw] count
[dbg     533.2 ms] [colw] scan
[dbg     533.3 ms] [colw] expand
[dbg     533.6 ms] [colw] sort
[dbg     533.7 ms] [colw] reduce
[dbg     533.8 ms] [colw] final
[dbg     533.8 ms] [colw] pack
[dbg     534.8 ms] [colw] d2h
[dbg     535.3 ms] [inner] start
[dbg     535.5 ms] [inner] h2d
[dbg     535.5 ms] [inner] csc
[dbg     535.6 ms] [inner] count
[dbg     535.6 ms] [inner] scan
[dbg     535.6 ms] [inner] expand
[dbg     535.9 ms] [inner] sort
[dbg     536.0 ms] [inner] reduce
[dbg     536.1 ms] [inner] final
[dbg     536.2 ms] [inner] numeric
[dbg     536.2 ms] [inner] pack
[dbg     537.1 ms] [inner] d2h
[dbg     537.5 ms] warmup done
[dbg     537.5 ms] T4 manual self_product: start
[dbg     537.5 ms] [gust] start
[dbg     537.6 ms] [gust] h2d
[dbg     537.6 ms] ESC: count intermediates begin
[dbg     537.7 ms] [gust] count
[dbg     537.7 ms] [gust] scan
[dbg     537.7 ms] ESC: expand begin (91756 intermediates)
[dbg     537.7 ms] [gust] expand
[dbg     537.7 ms] ESC: sort_by_key begin
[dbg     538.1 ms] [gust] sort
[dbg     538.1 ms] ESC: reduce_by_key begin
[dbg     538.2 ms] [gust] reduce
[dbg     538.3 ms] [gust] final
[dbg     538.3 ms] [gust] pack
[dbg     539.2 ms] [gust] d2h
[dbg     539.3 ms] T4 manual self_product: done (C_nnz=25446)
[dbg     539.6 ms] T5 outer self_product: start
[dbg     539.6 ms] [outer] start
[dbg     539.7 ms] [outer] h2d
[dbg     539.8 ms] [outer] csc
[dbg     539.8 ms] [outer] count
[dbg     539.8 ms] [outer] scan
[dbg     539.8 ms] [outer] expand
[dbg     540.1 ms] [outer] sort
[dbg     540.3 ms] [outer] reduce
[dbg     540.3 ms] [outer] final
[dbg     540.4 ms] [outer] pack
[dbg     541.2 ms] [outer] d2h
[dbg     541.4 ms] T5 outer self_product: done (C_nnz=25446)
[dbg     541.7 ms] T6 colwise self_product: start
[dbg     541.7 ms] [colw] start
[dbg     541.8 ms] [colw] h2d
[dbg     541.9 ms] [colw] csc
[dbg     541.9 ms] [colw] count
[dbg     541.9 ms] [colw] scan
[dbg     541.9 ms] [colw] expand
[dbg     542.3 ms] [colw] sort
[dbg     542.4 ms] [colw] reduce
[dbg     542.4 ms] [colw] final
[dbg     542.5 ms] [colw] pack
[dbg     543.3 ms] [colw] d2h
[dbg     543.5 ms] T6 colwise self_product: done (C_nnz=25446)
[dbg     543.8 ms] T7 inner self_product: start
[dbg     543.8 ms] [inner] start
[dbg     543.9 ms] [inner] h2d
[dbg     544.0 ms] [inner] csc
[dbg     544.0 ms] [inner] count
[dbg     544.0 ms] [inner] scan
[dbg     544.1 ms] [inner] expand
[dbg     544.4 ms] [inner] sort
[dbg     544.5 ms] [inner] reduce
[dbg     544.5 ms] [inner] final
[dbg     544.6 ms] [inner] numeric
[dbg     544.6 ms] [inner] pack
[dbg     545.4 ms] [inner] d2h
[dbg     545.6 ms] T7 inner self_product: done (C_nnz=25446)
Reading matrix from ./data/first100/can_634.mtx...
Input A: 634 x 634, nnz = 7228, sparsity = 98.20%
===============WARMING UP===============
=== Computing C = A x A (Manual) ===
Result C: 634 x 634, nnz = 25446, sparsity = 93.67%
Time: 1.784 ms

=== Computing C = A x A (Outer) ===
Result C: 634 x 634, nnz = 25446, sparsity = 93.67%
Time: 1.810 ms

=== Computing C = A x A (Colwise) ===
Result C: 634 x 634, nnz = 25446, sparsity = 93.67%
Time: 1.847 ms

=== Computing C = A x A (Inner) ===
Result C: 634 x 634, nnz = 25446, sparsity = 93.67%
Time: 1.835 ms

=== All tests completed ===
Processing can_715 ... (max 600s)
[dbg       0.0 ms] main entry, initializing CUDA context...
[dbg     480.1 ms] CUDA context ready
[dbg     480.3 ms] start read_matrix_market: ./data/first100/can_715.mtx
[dbg     480.9 ms] read done: 715 x 715, nnz=6665
[dbg     480.9 ms] [cu] start
[dbg     489.0 ms] [cu] h2d (56184 B)
[dbg     489.1 ms] cusparse: workEstimation begin
[dbg     515.0 ms] [cu] workest (buf1=81043 B)
[dbg     515.0 ms] cusparse: compute begin
[dbg     515.8 ms] [cu] compute (buf2=2097175 B)
[dbg     515.8 ms] cusparse: C size = 715 x 715, nnz=39785
[dbg     515.8 ms] cusparse: copy begin
[dbg     515.9 ms] [cu] copy
[dbg     516.0 ms] [cu] pack
[dbg     517.4 ms] self_product: C D2H begin (321144 B)
[dbg     517.5 ms] [cu] d2h
[dbg     518.0 ms] [gust] start
[dbg     518.1 ms] [gust] h2d
[dbg     518.1 ms] ESC: count intermediates begin
[dbg     519.7 ms] [gust] count
[dbg     520.0 ms] [gust] scan
[dbg     520.0 ms] ESC: expand begin (86881 intermediates)
[dbg     520.0 ms] [gust] expand
[dbg     520.0 ms] ESC: sort_by_key begin
[dbg     520.5 ms] [gust] sort
[dbg     520.6 ms] ESC: reduce_by_key begin
[dbg     520.8 ms] [gust] reduce
[dbg     521.0 ms] [gust] final
[dbg     521.0 ms] [gust] pack
[dbg     522.3 ms] [gust] d2h
[dbg     522.7 ms] [outer] start
[dbg     522.9 ms] [outer] h2d
[dbg     524.8 ms] [outer] csc
[dbg     524.8 ms] [outer] count
[dbg     524.8 ms] [outer] scan
[dbg     524.9 ms] [outer] expand
[dbg     525.2 ms] [outer] sort
[dbg     525.3 ms] [outer] reduce
[dbg     525.4 ms] [outer] final
[dbg     525.5 ms] [outer] pack
[dbg     526.6 ms] [outer] d2h
[dbg     527.1 ms] [colw] start
[dbg     527.2 ms] [colw] h2d
[dbg     527.3 ms] [colw] csc
[dbg     527.4 ms] [colw] count
[dbg     527.4 ms] [colw] scan
[dbg     527.5 ms] [colw] expand
[dbg     527.8 ms] [colw] sort
[dbg     527.9 ms] [colw] reduce
[dbg     528.0 ms] [colw] final
[dbg     528.0 ms] [colw] pack
[dbg     529.0 ms] [colw] d2h
[dbg     529.4 ms] [inner] start
[dbg     529.5 ms] [inner] h2d
[dbg     529.7 ms] [inner] csc
[dbg     529.7 ms] [inner] count
[dbg     529.7 ms] [inner] scan
[dbg     529.8 ms] [inner] expand
[dbg     530.1 ms] [inner] sort
[dbg     530.2 ms] [inner] reduce
[dbg     530.3 ms] [inner] final
[dbg     530.3 ms] [inner] numeric
[dbg     530.4 ms] [inner] pack
[dbg     531.3 ms] [inner] d2h
[dbg     531.7 ms] warmup done
[dbg     531.8 ms] T4 manual self_product: start
[dbg     531.8 ms] [gust] start
[dbg     531.9 ms] [gust] h2d
[dbg     531.9 ms] ESC: count intermediates begin
[dbg     531.9 ms] [gust] count
[dbg     532.0 ms] [gust] scan
[dbg     532.0 ms] ESC: expand begin (86881 intermediates)
[dbg     532.0 ms] [gust] expand
[dbg     532.0 ms] ESC: sort_by_key begin
[dbg     532.3 ms] [gust] sort
[dbg     532.4 ms] ESC: reduce_by_key begin
[dbg     532.5 ms] [gust] reduce
[dbg     532.6 ms] [gust] final
[dbg     532.6 ms] [gust] pack
[dbg     533.5 ms] [gust] d2h
[dbg     533.6 ms] T4 manual self_product: done (C_nnz=39785)
[dbg     533.9 ms] T5 outer self_product: start
[dbg     533.9 ms] [outer] start
[dbg     534.0 ms] [outer] h2d
[dbg     534.2 ms] [outer] csc
[dbg     534.2 ms] [outer] count
[dbg     534.2 ms] [outer] scan
[dbg     534.3 ms] [outer] expand
[dbg     534.6 ms] [outer] sort
[dbg     534.7 ms] [outer] reduce
[dbg     534.8 ms] [outer] final
[dbg     534.8 ms] [outer] pack
[dbg     535.6 ms] [outer] d2h
[dbg     535.8 ms] T5 outer self_product: done (C_nnz=39785)
[dbg     536.2 ms] T6 colwise self_product: start
[dbg     536.2 ms] [colw] start
[dbg     536.3 ms] [colw] h2d
[dbg     536.4 ms] [colw] csc
[dbg     536.5 ms] [colw] count
[dbg     536.5 ms] [colw] scan
[dbg     536.5 ms] [colw] expand
[dbg     536.9 ms] [colw] sort
[dbg     537.0 ms] [colw] reduce
[dbg     537.1 ms] [colw] final
[dbg     537.1 ms] [colw] pack
[dbg     537.9 ms] [colw] d2h
[dbg     538.1 ms] T6 colwise self_product: done (C_nnz=39785)
[dbg     538.4 ms] T7 inner self_product: start
[dbg     538.4 ms] [inner] start
[dbg     538.5 ms] [inner] h2d
[dbg     538.7 ms] [inner] csc
[dbg     538.7 ms] [inner] count
[dbg     538.7 ms] [inner] scan
[dbg     538.8 ms] [inner] expand
[dbg     539.1 ms] [inner] sort
[dbg     539.2 ms] [inner] reduce
[dbg     539.3 ms] [inner] final
[dbg     539.3 ms] [inner] numeric
[dbg     539.3 ms] [inner] pack
[dbg     540.2 ms] [inner] d2h
[dbg     540.4 ms] T7 inner self_product: done (C_nnz=39785)
Reading matrix from ./data/first100/can_715.mtx...
Input A: 715 x 715, nnz = 6665, sparsity = 98.70%
===============WARMING UP===============
=== Computing C = A x A (Manual) ===
Result C: 715 x 715, nnz = 39785, sparsity = 92.22%
Time: 1.856 ms

=== Computing C = A x A (Outer) ===
Result C: 715 x 715, nnz = 39785, sparsity = 92.22%
Time: 1.933 ms

=== Computing C = A x A (Colwise) ===
Result C: 715 x 715, nnz = 39785, sparsity = 92.22%
Time: 1.942 ms

=== Computing C = A x A (Inner) ===
Result C: 715 x 715, nnz = 39785, sparsity = 92.22%
Time: 1.974 ms

=== All tests completed ===
Processing can_73 ... (max 600s)
[dbg       0.0 ms] main entry, initializing CUDA context...
[dbg     471.6 ms] CUDA context ready
[dbg     471.8 ms] start read_matrix_market: ./data/first100/can_73.mtx
[dbg     471.9 ms] read done: 73 x 73, nnz=377
[dbg     471.9 ms] [cu] start
[dbg     480.4 ms] [cu] h2d (3312 B)
[dbg     480.4 ms] cusparse: workEstimation begin
[dbg     507.2 ms] [cu] workest (buf1=5587 B)
[dbg     507.2 ms] cusparse: compute begin
[dbg     507.9 ms] [cu] compute (buf2=60079 B)
[dbg     507.9 ms] cusparse: C size = 73 x 73, nnz=1377
[dbg     507.9 ms] cusparse: copy begin
[dbg     508.0 ms] [cu] copy
[dbg     508.0 ms] [cu] pack
[dbg     509.4 ms] self_product: C D2H begin (11312 B)
[dbg     509.4 ms] [cu] d2h
[dbg     509.8 ms] [gust] start
[dbg     510.0 ms] [gust] h2d
[dbg     510.0 ms] ESC: count intermediates begin
[dbg     511.6 ms] [gust] count
[dbg     511.9 ms] [gust] scan
[dbg     511.9 ms] ESC: expand begin (2289 intermediates)
[dbg     511.9 ms] [gust] expand
[dbg     511.9 ms] ESC: sort_by_key begin
[dbg     512.0 ms] [gust] sort
[dbg     512.0 ms] ESC: reduce_by_key begin
[dbg     512.2 ms] [gust] reduce
[dbg     512.2 ms] [gust] final
[dbg     512.3 ms] [gust] pack
[dbg     513.6 ms] [gust] d2h
[dbg     514.0 ms] [outer] start
[dbg     514.1 ms] [outer] h2d
[dbg     516.0 ms] [outer] csc
[dbg     516.1 ms] [outer] count
[dbg     516.1 ms] [outer] scan
[dbg     516.1 ms] [outer] expand
[dbg     516.3 ms] [outer] sort
[dbg     516.3 ms] [outer] reduce
[dbg     516.4 ms] [outer] final
[dbg     516.4 ms] [outer] pack
[dbg     517.4 ms] [outer] d2h
[dbg     517.8 ms] [colw] start
[dbg     517.9 ms] [colw] h2d
[dbg     518.0 ms] [colw] csc
[dbg     518.1 ms] [colw] count
[dbg     518.1 ms] [colw] scan
[dbg     518.1 ms] [colw] expand
[dbg     518.2 ms] [colw] sort
[dbg     518.2 ms] [colw] reduce
[dbg     518.3 ms] [colw] final
[dbg     518.3 ms] [colw] pack
[dbg     519.2 ms] [colw] d2h
[dbg     519.6 ms] [inner] start
[dbg     519.6 ms] [inner] h2d
[dbg     519.8 ms] [inner] csc
[dbg     519.8 ms] [inner] count
[dbg     519.8 ms] [inner] scan
[dbg     519.8 ms] [inner] expand
[dbg     519.9 ms] [inner] sort
[dbg     519.9 ms] [inner] reduce
[dbg     520.0 ms] [inner] final
[dbg     520.0 ms] [inner] numeric
[dbg     520.0 ms] [inner] pack
[dbg     520.9 ms] [inner] d2h
[dbg     521.2 ms] warmup done
[dbg     521.2 ms] T4 manual self_product: start
[dbg     521.2 ms] [gust] start
[dbg     521.3 ms] [gust] h2d
[dbg     521.3 ms] ESC: count intermediates begin
[dbg     521.3 ms] [gust] count
[dbg     521.4 ms] [gust] scan
[dbg     521.4 ms] ESC: expand begin (2289 intermediates)
[dbg     521.4 ms] [gust] expand
[dbg     521.4 ms] ESC: sort_by_key begin
[dbg     521.5 ms] [gust] sort
[dbg     521.5 ms] ESC: reduce_by_key begin
[dbg     521.5 ms] [gust] reduce
[dbg     521.6 ms] [gust] final
[dbg     521.6 ms] [gust] pack
[dbg     522.4 ms] [gust] d2h
[dbg     522.5 ms] T4 manual self_product: done (C_nnz=1377)
[dbg     522.8 ms] T5 outer self_product: start
[dbg     522.8 ms] [outer] start
[dbg     522.9 ms] [outer] h2d
[dbg     522.9 ms] [outer] csc
[dbg     523.0 ms] [outer] count
[dbg     523.0 ms] [outer] scan
[dbg     523.0 ms] [outer] expand
[dbg     523.1 ms] [outer] sort
[dbg     523.1 ms] [outer] reduce
[dbg     523.2 ms] [outer] final
[dbg     523.2 ms] [outer] pack
[dbg     524.0 ms] [outer] d2h
[dbg     524.1 ms] T5 outer self_product: done (C_nnz=1377)
[dbg     524.4 ms] T6 colwise self_product: start
[dbg     524.4 ms] [colw] start
[dbg     524.5 ms] [colw] h2d
[dbg     524.6 ms] [colw] csc
[dbg     524.6 ms] [colw] count
[dbg     524.6 ms] [colw] scan
[dbg     524.7 ms] [colw] expand
[dbg     524.7 ms] [colw] sort
[dbg     524.8 ms] [colw] reduce
[dbg     524.8 ms] [colw] final
[dbg     524.8 ms] [colw] pack
[dbg     525.6 ms] [colw] d2h
[dbg     525.8 ms] T6 colwise self_product: done (C_nnz=1377)
[dbg     526.0 ms] T7 inner self_product: start
[dbg     526.0 ms] [inner] start
[dbg     526.1 ms] [inner] h2d
[dbg     526.2 ms] [inner] csc
[dbg     526.2 ms] [inner] count
[dbg     526.3 ms] [inner] scan
[dbg     526.3 ms] [inner] expand
[dbg     526.3 ms] [inner] sort
[dbg     526.3 ms] [inner] reduce
[dbg     526.4 ms] [inner] final
[dbg     526.4 ms] [inner] numeric
[dbg     526.4 ms] [inner] pack
[dbg     527.2 ms] [inner] d2h
[dbg     527.3 ms] T7 inner self_product: done (C_nnz=1377)
Reading matrix from ./data/first100/can_73.mtx...
Input A: 73 x 73, nnz = 377, sparsity = 92.93%
===============WARMING UP===============
=== Computing C = A x A (Manual) ===
Result C: 73 x 73, nnz = 1377, sparsity = 74.16%
Time: 1.262 ms

=== Computing C = A x A (Outer) ===
Result C: 73 x 73, nnz = 1377, sparsity = 74.16%
Time: 1.314 ms

=== Computing C = A x A (Colwise) ===
Result C: 73 x 73, nnz = 1377, sparsity = 74.16%
Time: 1.343 ms

=== Computing C = A x A (Inner) ===
Result C: 73 x 73, nnz = 1377, sparsity = 74.16%
Time: 1.304 ms

=== All tests completed ===
Processing can_838 ... (max 600s)
[dbg       0.0 ms] main entry, initializing CUDA context...
[dbg     468.7 ms] CUDA context ready
[dbg     468.9 ms] start read_matrix_market: ./data/first100/can_838.mtx
[dbg     469.8 ms] read done: 838 x 838, nnz=10010
[dbg     469.8 ms] [cu] start
[dbg     477.8 ms] [cu] h2d (83436 B)
[dbg     477.9 ms] cusparse: workEstimation begin
[dbg     505.3 ms] [cu] workest (buf1=121183 B)
[dbg     505.3 ms] cusparse: compute begin
[dbg     506.2 ms] [cu] compute (buf2=3661679 B)
[dbg     506.2 ms] cusparse: C size = 838 x 838, nnz=51156
[dbg     506.2 ms] cusparse: copy begin
[dbg     506.3 ms] [cu] copy
[dbg     506.3 ms] [cu] pack
[dbg     507.8 ms] self_product: C D2H begin (412604 B)
[dbg     507.9 ms] [cu] d2h
[dbg     508.3 ms] [gust] start
[dbg     508.4 ms] [gust] h2d
[dbg     508.4 ms] ESC: count intermediates begin
[dbg     510.0 ms] [gust] count
[dbg     510.2 ms] [gust] scan
[dbg     510.3 ms] ESC: expand begin (152026 intermediates)
[dbg     510.3 ms] [gust] expand
[dbg     510.3 ms] ESC: sort_by_key begin
[dbg     510.8 ms] [gust] sort
[dbg     510.8 ms] ESC: reduce_by_key begin
[dbg     511.0 ms] [gust] reduce
[dbg     511.1 ms] [gust] final
[dbg     511.1 ms] [gust] pack
[dbg     512.4 ms] [gust] d2h
[dbg     512.8 ms] [outer] start
[dbg     512.9 ms] [outer] h2d
[dbg     514.8 ms] [outer] csc
[dbg     514.8 ms] [outer] count
[dbg     514.9 ms] [outer] scan
[dbg     514.9 ms] [outer] expand
[dbg     515.2 ms] [outer] sort
[dbg     515.3 ms] [outer] reduce
[dbg     515.5 ms] [outer] final
[dbg     515.5 ms] [outer] pack
[dbg     516.6 ms] [outer] d2h
[dbg     517.1 ms] [colw] start
[dbg     517.2 ms] [colw] h2d
[dbg     517.3 ms] [colw] csc
[dbg     517.3 ms] [colw] count
[dbg     517.4 ms] [colw] scan
[dbg     517.4 ms] [colw] expand
[dbg     517.7 ms] [colw] sort
[dbg     517.8 ms] [colw] reduce
[dbg     517.9 ms] [colw] final
[dbg     517.9 ms] [colw] pack
[dbg     518.9 ms] [colw] d2h
[dbg     519.4 ms] [inner] start
[dbg     519.5 ms] [inner] h2d
[dbg     519.6 ms] [inner] csc
[dbg     519.6 ms] [inner] count
[dbg     519.6 ms] [inner] scan
[dbg     519.7 ms] [inner] expand
[dbg     520.1 ms] [inner] sort
[dbg     520.2 ms] [inner] reduce
[dbg     520.3 ms] [inner] final
[dbg     520.4 ms] [inner] numeric
[dbg     520.4 ms] [inner] pack
[dbg     521.4 ms] [inner] d2h
[dbg     521.9 ms] warmup done
[dbg     521.9 ms] T4 manual self_product: start
[dbg     521.9 ms] [gust] start
[dbg     522.0 ms] [gust] h2d
[dbg     522.0 ms] ESC: count intermediates begin
[dbg     522.1 ms] [gust] count
[dbg     522.1 ms] [gust] scan
[dbg     522.1 ms] ESC: expand begin (152026 intermediates)
[dbg     522.1 ms] [gust] expand
[dbg     522.1 ms] ESC: sort_by_key begin
[dbg     522.5 ms] [gust] sort
[dbg     522.5 ms] ESC: reduce_by_key begin
[dbg     522.6 ms] [gust] reduce
[dbg     522.6 ms] [gust] final
[dbg     522.6 ms] [gust] pack
[dbg     523.6 ms] [gust] d2h
[dbg     523.7 ms] T4 manual self_product: done (C_nnz=51156)
[dbg     524.0 ms] T5 outer self_product: start
[dbg     524.0 ms] [outer] start
[dbg     524.1 ms] [outer] h2d
[dbg     524.2 ms] [outer] csc
[dbg     524.2 ms] [outer] count
[dbg     524.2 ms] [outer] scan
[dbg     524.3 ms] [outer] expand
[dbg     524.6 ms] [outer] sort
[dbg     524.7 ms] [outer] reduce
[dbg     524.8 ms] [outer] final
[dbg     524.8 ms] [outer] pack
[dbg     525.8 ms] [outer] d2h
[dbg     526.0 ms] T5 outer self_product: done (C_nnz=51156)
[dbg     526.3 ms] T6 colwise self_product: start
[dbg     526.3 ms] [colw] start
[dbg     526.4 ms] [colw] h2d
[dbg     526.5 ms] [colw] csc
[dbg     526.5 ms] [colw] count
[dbg     526.6 ms] [colw] scan
[dbg     526.6 ms] [colw] expand
[dbg     526.9 ms] [colw] sort
[dbg     527.0 ms] [colw] reduce
[dbg     527.1 ms] [colw] final
[dbg     527.1 ms] [colw] pack
[dbg     528.0 ms] [colw] d2h
[dbg     528.2 ms] T6 colwise self_product: done (C_nnz=51156)
[dbg     528.5 ms] T7 inner self_product: start
[dbg     528.5 ms] [inner] start
[dbg     528.6 ms] [inner] h2d
[dbg     528.7 ms] [inner] csc
[dbg     528.7 ms] [inner] count
[dbg     528.7 ms] [inner] scan
[dbg     528.8 ms] [inner] expand
[dbg     529.1 ms] [inner] sort
[dbg     529.2 ms] [inner] reduce
[dbg     529.3 ms] [inner] final
[dbg     529.3 ms] [inner] numeric
[dbg     529.4 ms] [inner] pack
[dbg     530.2 ms] [inner] d2h
[dbg     530.4 ms] T7 inner self_product: done (C_nnz=51156)
Reading matrix from ./data/first100/can_838.mtx...
Input A: 838 x 838, nnz = 10010, sparsity = 98.57%
===============WARMING UP===============
=== Computing C = A x A (Manual) ===
Result C: 838 x 838, nnz = 51156, sparsity = 92.72%
Time: 1.785 ms

=== Computing C = A x A (Outer) ===
Result C: 838 x 838, nnz = 51156, sparsity = 92.72%
Time: 2.012 ms

=== Computing C = A x A (Colwise) ===
Result C: 838 x 838, nnz = 51156, sparsity = 92.72%
Time: 1.923 ms

=== Computing C = A x A (Inner) ===
Result C: 838 x 838, nnz = 51156, sparsity = 92.72%
Time: 1.952 ms

=== All tests completed ===
Processing can_96 ... (max 600s)
[dbg       0.0 ms] main entry, initializing CUDA context...
[dbg     480.6 ms] CUDA context ready
[dbg     480.8 ms] start read_matrix_market: ./data/first100/can_96.mtx
[dbg     480.8 ms] read done: 96 x 96, nnz=768
[dbg     480.9 ms] [cu] start
[dbg     489.1 ms] [cu] h2d (6532 B)
[dbg     489.1 ms] cusparse: workEstimation begin
[dbg     515.6 ms] [cu] workest (buf1=10279 B)
[dbg     515.7 ms] cusparse: compute begin
[dbg     516.3 ms] [cu] compute (buf2=157207 B)
[dbg     516.3 ms] cusparse: C size = 96 x 96, nnz=1920
[dbg     516.3 ms] cusparse: copy begin
[dbg     516.4 ms] [cu] copy
[dbg     516.4 ms] [cu] pack
[dbg     517.7 ms] self_product: C D2H begin (15748 B)
[dbg     517.8 ms] [cu] d2h
[dbg     518.3 ms] [gust] start
[dbg     518.4 ms] [gust] h2d
[dbg     518.4 ms] ESC: count intermediates begin
[dbg     520.0 ms] [gust] count
[dbg     520.3 ms] [gust] scan
[dbg     520.3 ms] ESC: expand begin (6336 intermediates)
[dbg     520.3 ms] [gust] expand
[dbg     520.3 ms] ESC: sort_by_key begin
[dbg     520.6 ms] [gust] sort
[dbg     520.6 ms] ESC: reduce_by_key begin
[dbg     520.8 ms] [gust] reduce
[dbg     520.8 ms] [gust] final
[dbg     520.9 ms] [gust] pack
[dbg     522.2 ms] [gust] d2h
[dbg     522.6 ms] [outer] start
[dbg     522.7 ms] [outer] h2d
[dbg     524.6 ms] [outer] csc
[dbg     524.6 ms] [outer] count
[dbg     524.7 ms] [outer] scan
[dbg     524.7 ms] [outer] expand
[dbg     524.8 ms] [outer] sort
[dbg     524.8 ms] [outer] reduce
[dbg     524.9 ms] [outer] final
[dbg     524.9 ms] [outer] pack
[dbg     526.0 ms] [outer] d2h
[dbg     526.5 ms] [colw] start
[dbg     526.6 ms] [colw] h2d
[dbg     526.6 ms] [colw] csc
[dbg     526.7 ms] [colw] count
[dbg     526.7 ms] [colw] scan
[dbg     526.8 ms] [colw] expand
[dbg     526.9 ms] [colw] sort
[dbg     526.9 ms] [colw] reduce
[dbg     527.0 ms] [colw] final
[dbg     527.0 ms] [colw] pack
[dbg     527.9 ms] [colw] d2h
[dbg     528.3 ms] [inner] start
[dbg     528.4 ms] [inner] h2d
[dbg     528.5 ms] [inner] csc
[dbg     528.5 ms] [inner] count
[dbg     528.6 ms] [inner] scan
[dbg     528.6 ms] [inner] expand
[dbg     528.7 ms] [inner] sort
[dbg     528.7 ms] [inner] reduce
[dbg     528.8 ms] [inner] final
[dbg     528.8 ms] [inner] numeric
[dbg     528.8 ms] [inner] pack
[dbg     529.7 ms] [inner] d2h
[dbg     530.1 ms] warmup done
[dbg     530.1 ms] T4 manual self_product: start
[dbg     530.1 ms] [gust] start
[dbg     530.2 ms] [gust] h2d
[dbg     530.2 ms] ESC: count intermediates begin
[dbg     530.2 ms] [gust] count
[dbg     530.3 ms] [gust] scan
[dbg     530.3 ms] ESC: expand begin (6336 intermediates)
[dbg     530.3 ms] [gust] expand
[dbg     530.3 ms] ESC: sort_by_key begin
[dbg     530.4 ms] [gust] sort
[dbg     530.4 ms] ESC: reduce_by_key begin
[dbg     530.4 ms] [gust] reduce
[dbg     530.5 ms] [gust] final
[dbg     530.5 ms] [gust] pack
[dbg     531.3 ms] [gust] d2h
[dbg     531.5 ms] T4 manual self_product: done (C_nnz=1920)
[dbg     531.7 ms] T5 outer self_product: start
[dbg     531.7 ms] [outer] start
[dbg     531.8 ms] [outer] h2d
[dbg     531.9 ms] [outer] csc
[dbg     531.9 ms] [outer] count
[dbg     532.0 ms] [outer] scan
[dbg     532.0 ms] [outer] expand
[dbg     532.1 ms] [outer] sort
[dbg     532.1 ms] [outer] reduce
[dbg     532.2 ms] [outer] final
[dbg     532.2 ms] [outer] pack
[dbg     533.0 ms] [outer] d2h
[dbg     533.1 ms] T5 outer self_product: done (C_nnz=1920)
[dbg     533.5 ms] T6 colwise self_product: start
[dbg     533.5 ms] [colw] start
[dbg     533.6 ms] [colw] h2d
[dbg     533.7 ms] [colw] csc
[dbg     533.7 ms] [colw] count
[dbg     533.7 ms] [colw] scan
[dbg     533.7 ms] [colw] expand
[dbg     533.8 ms] [colw] sort
[dbg     533.9 ms] [colw] reduce
[dbg     533.9 ms] [colw] final
[dbg     533.9 ms] [colw] pack
[dbg     534.8 ms] [colw] d2h
[dbg     534.9 ms] T6 colwise self_product: done (C_nnz=1920)
[dbg     535.2 ms] T7 inner self_product: start
[dbg     535.2 ms] [inner] start
[dbg     535.3 ms] [inner] h2d
[dbg     535.4 ms] [inner] csc
[dbg     535.4 ms] [inner] count
[dbg     535.4 ms] [inner] scan
[dbg     535.5 ms] [inner] expand
[dbg     535.6 ms] [inner] sort
[dbg     535.6 ms] [inner] reduce
[dbg     535.7 ms] [inner] final
[dbg     535.7 ms] [inner] numeric
[dbg     535.7 ms] [inner] pack
[dbg     536.5 ms] [inner] d2h
[dbg     536.6 ms] T7 inner self_product: done (C_nnz=1920)
Reading matrix from ./data/first100/can_96.mtx...
Input A: 96 x 96, nnz = 768, sparsity = 91.67%
===============WARMING UP===============
=== Computing C = A x A (Manual) ===
Result C: 96 x 96, nnz = 1920, sparsity = 79.17%
Time: 1.381 ms

=== Computing C = A x A (Outer) ===
Result C: 96 x 96, nnz = 1920, sparsity = 79.17%
Time: 1.386 ms

=== Computing C = A x A (Colwise) ===
Result C: 96 x 96, nnz = 1920, sparsity = 79.17%
Time: 1.429 ms

=== Computing C = A x A (Inner) ===
Result C: 96 x 96, nnz = 1920, sparsity = 79.17%
Time: 1.437 ms

=== All tests completed ===

=============================
Total:    100
OK:       100
FAIL:     0
TIMEOUT:  0  (>600s 自动跳过)
=============================

Summary: ./results/aa/first100_aa/summary.csv
Per-matrix logs: ./results/aa/first100_aa/log/<name>.log
Matrix outputs:  ./results/aa/first100_aa/matrices/<name>/
