class,name,n,A_nnz,density_pct,cu_cnnz,man_cnnz,merge_cnnz,merge2_cnnz,merge3_cnnz,cnnz_gap_pct,buf2,cu_we,cu_compute,cu_copy,cu_d2h,cu_kernel,cu_time,cu_write,man_count,man_fill,man_kernel,man_time,merge_time,merge2_time,merge3_time,man_write,cu_compute_t,man_compute_t,merge_compute_t,merge2_compute_t,merge3_compute_t,phases,cublas_ms,ocean_ms
Dense,bcsstk02,66,4356,100.0,4356,4356,4356,4356,4356,0.0,,0.07399999999995543,0.23299999999994725,0.05700000000001637,0.10199999999997544,0.36399999999991905,0.646,,,,,1.102,1.913,0.598,0.381,,0.3869999999999436,0.8569999999999709,1.7390000000000327,0.4249999999999545,0.19299999999998363,"{('cu', 'start'): 692.191, ('cu', 'h2dmalloc'): 692.255, ('cu', 'h2d'): 692.272, ('cu', 'workest'): 692.346, ('cu', 'compute'): 692.579, ('cu', 'copy'): 692.636, ('cu', 'pack'): 692.659, ('cu', 'd2h'): 692.761, ('gust', 'start'): 692.845, ('gust', 'h2d'): 692.923, ('gust', 'count'): 692.956, ('gust', 'scan'): 692.999, ('gust', 'expand'): 693.11, ('gust', 'sort'): 693.387, ('gust', 'reduce'): 693.56, ('gust', 'final'): 693.749, ('gust', 'pack'): 693.78, ('gust', 'd2h'): 693.8, ('merge', 'start'): 693.956, ('merge', 'h2d'): 694.035, ('merge', 'count'): 694.067, ('merge', 'scan'): 694.111, ('merge', 'expand'): 694.595, ('merge', 'merge'): 695.481, ('merge', 'final'): 695.603, ('merge', 'compact'): 695.745, ('merge', 'pack'): 695.774, ('merge', 'd2h'): 695.788, ('mrg2', 'start'): 695.876, ('mrg2', 'h2d'): 695.952, ('mrg2', 'count'): 695.98, ('mrg2', 'scan'): 696.021, ('mrg2', 'merge'): 696.207, ('mrg2', 'final'): 696.252, ('mrg2', 'compact'): 696.347, ('mrg2', 'pack'): 696.377, ('mrg2', 'd2h'): 696.39, ('mrg3', 'start'): 696.484, ('mrg3', 'h2d'): 696.561, ('mrg3', 'count'): 696.609, ('mrg3', 'scan'): 696.672, ('mrg3', 'merge'): 696.728, ('mrg3', 'pack'): 696.754, ('mrg3', 'd2h'): 696.768}",0.048649962991476,0.8021311987191437
Dense,can_24,24,160,27.77777777777778,336,336,336,336,336,0.0,,0.053999999999973625,0.15800000000001546,0.05299999999999727,0.02400000000000091,0.26499999999998636,0.475,,,,,0.426,0.394,0.347,0.29,,0.2839999999999918,0.2419999999999618,0.22199999999998,0.17599999999993088,0.11700000000007549,"{('cu', 'start'): 670.602, ('cu', 'h2dmalloc'): 670.664, ('cu', 'h2d'): 670.678, ('cu', 'workest'): 670.732, ('cu', 'compute'): 670.89, ('cu', 'copy'): 670.943, ('cu', 'pack'): 670.962, ('cu', 'd2h'): 670.986, ('gust', 'start'): 671.085, ('gust', 'h2d'): 671.164, ('gust', 'count'): 671.185, ('gust', 'scan'): 671.224, ('gust', 'expand'): 671.248, ('gust', 'sort'): 671.295, ('gust', 'reduce'): 671.335, ('gust', 'final'): 671.388, ('gust', 'pack'): 671.406, ('gust', 'd2h'): 671.416, ('merge', 'start'): 671.516, ('merge', 'h2d'): 671.592, ('merge', 'count'): 671.614, ('merge', 'scan'): 671.648, ('merge', 'expand'): 671.683, ('merge', 'merge'): 671.73, ('merge', 'final'): 671.77, ('merge', 'compact'): 671.794, ('merge', 'pack'): 671.814, ('merge', 'd2h'): 671.823, ('mrg2', 'start'): 671.917, ('mrg2', 'h2d'): 671.989, ('mrg2', 'count'): 672.01, ('mrg2', 'scan'): 672.052, ('mrg2', 'merge'): 672.088, ('mrg2', 'final'): 672.121, ('mrg2', 'compact'): 672.146, ('mrg2', 'pack'): 672.165, ('mrg2', 'd2h'): 672.175, ('mrg3', 'start'): 672.27, ('mrg3', 'h2d'): 672.343, ('mrg3', 'count'): 672.368, ('mrg3', 'scan'): 672.417, ('mrg3', 'merge'): 672.443, ('mrg3', 'pack'): 672.46, ('mrg3', 'd2h'): 672.47}",0.0485549680888652,0.1876352001680061
Dense,bcsstk04,132,3648,20.9366391184573,11968,11968,11968,11968,11968,0.0,,0.05999999999994543,0.2540000000000191,0.06299999999998818,0.11800000000005184,0.3769999999999527,0.686,,,,,0.862,1.317,0.5,0.4,,0.40199999999992997,0.6509999999999536,1.125,0.30299999999999727,0.19700000000000273,"{('cu', 'start'): 672.307, ('cu', 'h2dmalloc'): 672.371, ('cu', 'h2d'): 672.388, ('cu', 'workest'): 672.448, ('cu', 'compute'): 672.702, ('cu', 'copy'): 672.765, ('cu', 'pack'): 672.79, ('cu', 'd2h'): 672.908, ('gust', 'start'): 673.0, ('gust', 'h2d'): 673.086, ('gust', 'count'): 673.111, ('gust', 'scan'): 673.153, ('gust', 'expand'): 673.191, ('gust', 'sort'): 673.463, ('gust', 'reduce'): 673.576, ('gust', 'final'): 673.714, ('gust', 'pack'): 673.737, ('gust', 'd2h'): 673.762, ('merge', 'start'): 673.87, ('merge', 'h2d'): 673.948, ('merge', 'count'): 673.974, ('merge', 'scan'): 674.013, ('merge', 'expand'): 674.185, ('merge', 'merge'): 674.894, ('merge', 'final'): 674.939, ('merge', 'compact'): 675.048, ('merge', 'pack'): 675.073, ('merge', 'd2h'): 675.091, ('mrg2', 'start'): 675.195, ('mrg2', 'h2d'): 675.272, ('mrg2', 'count'): 675.297, ('mrg2', 'scan'): 675.337, ('mrg2', 'merge'): 675.486, ('mrg2', 'final'): 675.524, ('mrg2', 'compact'): 675.557, ('mrg2', 'pack'): 675.575, ('mrg2', 'd2h'): 675.593, ('mrg3', 'start'): 675.701, ('mrg3', 'h2d'): 675.778, ('mrg3', 'count'): 675.831, ('mrg3', 'scan'): 675.886, ('mrg3', 'merge'): 675.953, ('mrg3', 'pack'): 675.975, ('mrg3', 'd2h'): 675.992}",0.032111071050167,0.510015998641029
Dense,bcsstk01,48,400,17.36111111111111,1292,1292,1292,1292,1292,0.0,,0.06800000000009732,0.16099999999994452,0.05899999999996908,0.02699999999992997,0.2880000000000109,0.535,,,,,0.584,0.503,0.408,0.375,,0.31300000000010186,0.3509999999999991,0.28899999999998727,0.20500000000004093,0.15999999999996817,"{('cu', 'start'): 688.864, ('cu', 'h2dmalloc'): 688.931, ('cu', 'h2d'): 688.954, ('cu', 'workest'): 689.022, ('cu', 'compute'): 689.183, ('cu', 'copy'): 689.242, ('cu', 'pack'): 689.267, ('cu', 'd2h'): 689.294, ('gust', 'start'): 689.41, ('gust', 'h2d'): 689.499, ('gust', 'count'): 689.523, ('gust', 'scan'): 689.566, ('gust', 'expand'): 689.599, ('gust', 'sort'): 689.715, ('gust', 'reduce'): 689.76, ('gust', 'final'): 689.827, ('gust', 'pack'): 689.85, ('gust', 'd2h'): 689.861, ('merge', 'start'): 690.001, ('merge', 'h2d'): 690.092, ('merge', 'count'): 690.116, ('merge', 'scan'): 690.161, ('merge', 'expand'): 690.202, ('merge', 'merge'): 690.273, ('merge', 'final'): 690.319, ('merge', 'compact'): 690.354, ('merge', 'pack'): 690.381, ('merge', 'd2h'): 690.394, ('mrg2', 'start'): 690.511, ('mrg2', 'h2d'): 690.597, ('mrg2', 'count'): 690.622, ('mrg2', 'scan'): 690.663, ('mrg2', 'merge'): 690.713, ('mrg2', 'final'): 690.753, ('mrg2', 'compact'): 690.782, ('mrg2', 'pack'): 690.802, ('mrg2', 'd2h'): 690.814, ('mrg3', 'start'): 690.927, ('mrg3', 'h2d'): 691.019, ('mrg3', 'count'): 691.058, ('mrg3', 'scan'): 691.122, ('mrg3', 'merge'): 691.155, ('mrg3', 'pack'): 691.179, ('mrg3', 'd2h'): 691.193}",0.0481798779219388,0.2893504002131521
Dense,can_61,61,557,14.969094329481322,1793,1793,1793,1793,1793,0.0,,0.05400000000008731,0.15799999999990177,0.05600000000004002,0.026000000000067303,0.2680000000000291,0.475,,,,,0.512,0.522,0.367,0.318,,0.2880000000000109,0.3210000000000264,0.3450000000000273,0.19500000000005002,0.1369999999999436,"{('cu', 'start'): 680.292, ('cu', 'h2dmalloc'): 680.353, ('cu', 'h2d'): 680.367, ('cu', 'workest'): 680.421, ('cu', 'compute'): 680.579, ('cu', 'copy'): 680.635, ('cu', 'pack'): 680.655, ('cu', 'd2h'): 680.681, ('gust', 'start'): 680.776, ('gust', 'h2d'): 680.856, ('gust', 'count'): 680.878, ('gust', 'scan'): 680.918, ('gust', 'expand'): 680.946, ('gust', 'sort'): 681.056, ('gust', 'reduce'): 681.1, ('gust', 'final'): 681.156, ('gust', 'pack'): 681.177, ('gust', 'd2h'): 681.188, ('merge', 'start'): 681.294, ('merge', 'h2d'): 681.371, ('merge', 'count'): 681.395, ('merge', 'scan'): 681.43, ('merge', 'expand'): 681.48, ('merge', 'merge'): 681.633, ('merge', 'final'): 681.673, ('merge', 'compact'): 681.698, ('merge', 'pack'): 681.716, ('merge', 'd2h'): 681.727, ('mrg2', 'start'): 681.821, ('mrg2', 'h2d'): 681.896, ('mrg2', 'count'): 681.918, ('mrg2', 'scan'): 681.953, ('mrg2', 'merge'): 682.014, ('mrg2', 'final'): 682.049, ('mrg2', 'compact'): 682.072, ('mrg2', 'pack'): 682.091, ('mrg2', 'd2h'): 682.101, ('mrg3', 'start'): 682.194, ('mrg3', 'h2d'): 682.269, ('mrg3', 'count'): 682.3, ('mrg3', 'scan'): 682.348, ('mrg3', 'merge'): 682.385, ('mrg3', 'pack'): 682.406, ('mrg3', 'd2h'): 682.417}",0.0485938508063554,0.2930880007334053
Dense,bcsstk05,153,2423,10.350719808620616,7245,7245,7245,7245,7245,0.0,,0.05999999999994543,0.16399999999998727,0.057999999999992724,0.03300000000001546,0.2819999999999254,0.505,,,,,0.57,0.589,0.399,0.356,,0.3039999999999736,0.35199999999997544,0.39999999999997726,0.21500000000003183,0.17600000000004457,"{('cu', 'start'): 692.156, ('cu', 'h2dmalloc'): 692.219, ('cu', 'h2d'): 692.239, ('cu', 'workest'): 692.299, ('cu', 'compute'): 692.463, ('cu', 'copy'): 692.521, ('cu', 'pack'): 692.543, ('cu', 'd2h'): 692.576, ('gust', 'start'): 692.669, ('gust', 'h2d'): 692.769, ('gust', 'count'): 692.796, ('gust', 'scan'): 692.835, ('gust', 'expand'): 692.866, ('gust', 'sort'): 692.992, ('gust', 'reduce'): 693.038, ('gust', 'final'): 693.098, ('gust', 'pack'): 693.121, ('gust', 'd2h'): 693.144, ('merge', 'start'): 693.247, ('merge', 'h2d'): 693.333, ('merge', 'count'): 693.359, ('merge', 'scan'): 693.396, ('merge', 'expand'): 693.462, ('merge', 'merge'): 693.639, ('merge', 'final'): 693.679, ('merge', 'compact'): 693.706, ('merge', 'pack'): 693.733, ('merge', 'd2h'): 693.747, ('mrg2', 'start'): 693.845, ('mrg2', 'h2d'): 693.927, ('mrg2', 'count'): 693.952, ('mrg2', 'scan'): 693.991, ('mrg2', 'merge'): 694.058, ('mrg2', 'final'): 694.094, ('mrg2', 'compact'): 694.117, ('mrg2', 'pack'): 694.142, ('mrg2', 'd2h'): 694.157, ('mrg3', 'start'): 694.251, ('mrg3', 'h2d'): 694.329, ('mrg3', 'count'): 694.374, ('mrg3', 'scan'): 694.426, ('mrg3', 'merge'): 694.483, ('mrg3', 'pack'): 694.505, ('mrg3', 'd2h'): 694.519}",0.0504700001329183,0.316899199411273
Mildly sparse,bcspwr01,39,131,8.61275476660092,275,275,275,275,275,0.0,,0.05899999999996908,0.16899999999998272,0.059000000000082764,0.02800000000002001,0.28700000000003456,0.51,,,,,0.505,0.406,0.385,0.316,,0.3079999999999927,0.2919999999999163,0.20799999999997,0.18999999999994088,0.1289999999999054,"{('cu', 'start'): 653.707, ('cu', 'h2dmalloc'): 653.769, ('cu', 'h2d'): 653.784, ('cu', 'workest'): 653.843, ('cu', 'compute'): 654.012, ('cu', 'copy'): 654.071, ('cu', 'pack'): 654.092, ('cu', 'd2h'): 654.12, ('gust', 'start'): 654.226, ('gust', 'h2d'): 654.306, ('gust', 'count'): 654.337, ('gust', 'scan'): 654.376, ('gust', 'expand'): 654.402, ('gust', 'sort'): 654.452, ('gust', 'reduce'): 654.513, ('gust', 'final'): 654.577, ('gust', 'pack'): 654.598, ('gust', 'd2h'): 654.609, ('merge', 'start'): 654.737, ('merge', 'h2d'): 654.822, ('merge', 'count'): 654.845, ('merge', 'scan'): 654.883, ('merge', 'expand'): 654.909, ('merge', 'merge'): 654.943, ('merge', 'final'): 654.985, ('merge', 'compact'): 655.01, ('merge', 'pack'): 655.03, ('merge', 'd2h'): 655.043, ('mrg2', 'start'): 655.149, ('mrg2', 'h2d'): 655.23, ('mrg2', 'count'): 655.258, ('mrg2', 'scan'): 655.297, ('mrg2', 'merge'): 655.335, ('mrg2', 'final'): 655.37, ('mrg2', 'compact'): 655.4, ('mrg2', 'pack'): 655.42, ('mrg2', 'd2h'): 655.431, ('mrg3', 'start'): 655.54, ('mrg3', 'h2d'): 655.618, ('mrg3', 'count'): 655.645, ('mrg3', 'scan'): 655.698, ('mrg3', 'merge'): 655.728, ('mrg3', 'pack'): 655.747, ('mrg3', 'd2h'): 655.758}",0.048565911129117,0.1860063997795805
Mildly sparse,can_96,96,768,8.333333333333332,1920,1920,1920,1920,1920,0.0,,0.055000000000063665,0.15899999999999181,0.053999999999973625,0.02500000000009095,0.2680000000000291,0.49,,,,,0.492,0.41,0.349,0.293,,0.2980000000000018,0.3079999999999927,0.23200000000008458,0.17999999999994998,0.125,"{('cu', 'start'): 668.71, ('cu', 'h2dmalloc'): 668.772, ('cu', 'h2d'): 668.79, ('cu', 'workest'): 668.845, ('cu', 'compute'): 669.004, ('cu', 'copy'): 669.058, ('cu', 'pack'): 669.088, ('cu', 'd2h'): 669.113, ('gust', 'start'): 669.206, ('gust', 'h2d'): 669.287, ('gust', 'count'): 669.308, ('gust', 'scan'): 669.347, ('gust', 'expand'): 669.37, ('gust', 'sort'): 669.482, ('gust', 'reduce'): 669.522, ('gust', 'final'): 669.575, ('gust', 'pack'): 669.595, ('gust', 'd2h'): 669.605, ('merge', 'start'): 669.706, ('merge', 'h2d'): 669.786, ('merge', 'count'): 669.808, ('merge', 'scan'): 669.845, ('merge', 'expand'): 669.882, ('merge', 'merge'): 669.934, ('merge', 'final'): 669.972, ('merge', 'compact'): 670.0, ('merge', 'pack'): 670.018, ('merge', 'd2h'): 670.029, ('mrg2', 'start'): 670.122, ('mrg2', 'h2d'): 670.197, ('mrg2', 'count'): 670.22, ('mrg2', 'scan'): 670.256, ('mrg2', 'merge'): 670.298, ('mrg2', 'final'): 670.332, ('mrg2', 'compact'): 670.359, ('mrg2', 'pack'): 670.377, ('mrg2', 'd2h'): 670.387, ('mrg3', 'start'): 670.478, ('mrg3', 'h2d'): 670.552, ('mrg3', 'count'): 670.578, ('mrg3', 'scan'): 670.629, ('mrg3', 'merge'): 670.658, ('mrg3', 'pack'): 670.677, ('mrg3', 'd2h'): 670.687}",0.0494441483169794,0.2967583992751315
Mildly sparse,arc130,130,1282,7.585798816568047,15631,15631,15631,15631,15631,0.0,,0.06100000000003547,0.17399999999997817,0.05700000000001637,0.033999999999991815,0.29200000000003,0.507,,,,,0.589,1.735,0.524,0.421,,0.31100000000003547,0.37400000000002365,1.54200000000003,0.3409999999998945,0.2319999999999709,"{('cu', 'start'): 648.256, ('cu', 'h2dmalloc'): 648.316, ('cu', 'h2d'): 648.334, ('cu', 'workest'): 648.395, ('cu', 'compute'): 648.569, ('cu', 'copy'): 648.626, ('cu', 'pack'): 648.645, ('cu', 'd2h'): 648.679, ('gust', 'start'): 648.774, ('gust', 'h2d'): 648.865, ('gust', 'count'): 648.893, ('gust', 'scan'): 648.936, ('gust', 'expand'): 648.983, ('gust', 'sort'): 649.116, ('gust', 'reduce'): 649.16, ('gust', 'final'): 649.219, ('gust', 'pack'): 649.239, ('gust', 'd2h'): 649.267, ('merge', 'start'): 649.372, ('merge', 'h2d'): 649.452, ('merge', 'count'): 649.481, ('merge', 'scan'): 649.517, ('merge', 'expand'): 649.666, ('merge', 'merge'): 650.91, ('merge', 'final'): 650.953, ('merge', 'compact'): 650.977, ('merge', 'pack'): 650.994, ('merge', 'd2h'): 651.014, ('mrg2', 'start'): 651.113, ('mrg2', 'h2d'): 651.19, ('mrg2', 'count'): 651.216, ('mrg2', 'scan'): 651.252, ('mrg2', 'merge'): 651.454, ('mrg2', 'final'): 651.489, ('mrg2', 'compact'): 651.513, ('mrg2', 'pack'): 651.531, ('mrg2', 'd2h'): 651.551, ('mrg3', 'start'): 651.651, ('mrg3', 'h2d'): 651.73, ('mrg3', 'count'): 651.8, ('mrg3', 'scan'): 651.853, ('mrg3', 'merge'): 651.94, ('mrg3', 'pack'): 651.962, ('mrg3', 'd2h'): 651.982}",0.0415011309087276,0.3445183989591897
Mildly sparse,ash85,85,523,7.2387543252595155,1317,1317,1317,1317,1317,0.0,,0.053999999999973625,0.16200000000003456,0.05600000000004002,0.027000000000043656,0.2720000000000482,0.486,,,,,0.542,0.412,0.344,0.36,,0.2939999999999827,0.3349999999999227,0.23300000000006094,0.17200000000002547,0.17099999999993543,"{('cu', 'start'): 651.304, ('cu', 'h2dmalloc'): 651.369, ('cu', 'h2d'): 651.385, ('cu', 'workest'): 651.439, ('cu', 'compute'): 651.601, ('cu', 'copy'): 651.657, ('cu', 'pack'): 651.679, ('cu', 'd2h'): 651.706, ('gust', 'start'): 651.801, ('gust', 'h2d'): 651.883, ('gust', 'count'): 651.91, ('gust', 'scan'): 651.948, ('gust', 'expand'): 651.973, ('gust', 'sort'): 652.085, ('gust', 'reduce'): 652.129, ('gust', 'final'): 652.196, ('gust', 'pack'): 652.218, ('gust', 'd2h'): 652.231, ('merge', 'start'): 652.349, ('merge', 'h2d'): 652.429, ('merge', 'count'): 652.453, ('merge', 'scan'): 652.492, ('merge', 'expand'): 652.525, ('merge', 'merge'): 652.579, ('merge', 'final'): 652.619, ('merge', 'compact'): 652.642, ('merge', 'pack'): 652.662, ('merge', 'd2h'): 652.673, ('mrg2', 'start'): 652.767, ('mrg2', 'h2d'): 652.841, ('mrg2', 'count'): 652.863, ('mrg2', 'scan'): 652.897, ('mrg2', 'merge'): 652.938, ('mrg2', 'final'): 652.971, ('mrg2', 'compact'): 652.996, ('mrg2', 'pack'): 653.013, ('mrg2', 'd2h'): 653.025, ('mrg3', 'start'): 653.119, ('mrg3', 'h2d'): 653.19, ('mrg3', 'count'): 653.229, ('mrg3', 'scan'): 653.301, ('mrg3', 'merge'): 653.343, ('mrg3', 'pack'): 653.361, ('mrg3', 'd2h'): 653.373}",0.031420961022377,0.1958367999410256
Mildly sparse,can_73,73,377,7.0744980296490905,1377,1377,1377,1377,1377,0.0,,0.05600000000004002,0.16899999999998272,0.055000000000063665,0.024999999999977263,0.2800000000000864,0.489,,,,,0.431,0.408,0.349,0.3,,0.29900000000009186,0.2479999999999336,0.2340000000000373,0.17999999999994998,0.13400000000001455,"{('cu', 'start'): 661.601, ('cu', 'h2dmalloc'): 661.664, ('cu', 'h2d'): 661.68, ('cu', 'workest'): 661.736, ('cu', 'compute'): 661.905, ('cu', 'copy'): 661.96, ('cu', 'pack'): 661.979, ('cu', 'd2h'): 662.004, ('gust', 'start'): 662.097, ('gust', 'h2d'): 662.176, ('gust', 'count'): 662.201, ('gust', 'scan'): 662.239, ('gust', 'expand'): 662.264, ('gust', 'sort'): 662.311, ('gust', 'reduce'): 662.351, ('gust', 'final'): 662.405, ('gust', 'pack'): 662.424, ('gust', 'd2h'): 662.434, ('merge', 'start'): 662.535, ('merge', 'h2d'): 662.612, ('merge', 'count'): 662.634, ('merge', 'scan'): 662.67, ('merge', 'expand'): 662.702, ('merge', 'merge'): 662.755, ('merge', 'final'): 662.802, ('merge', 'compact'): 662.829, ('merge', 'pack'): 662.846, ('merge', 'd2h'): 662.857, ('mrg2', 'start'): 662.949, ('mrg2', 'h2d'): 663.023, ('mrg2', 'count'): 663.044, ('mrg2', 'scan'): 663.079, ('mrg2', 'merge'): 663.122, ('mrg2', 'final'): 663.157, ('mrg2', 'compact'): 663.185, ('mrg2', 'pack'): 663.203, ('mrg2', 'd2h'): 663.213, ('mrg3', 'start'): 663.304, ('mrg3', 'h2d'): 663.375, ('mrg3', 'count'): 663.406, ('mrg3', 'scan'): 663.453, ('mrg3', 'merge'): 663.49, ('mrg3', 'pack'): 663.509, ('mrg3', 'd2h'): 663.519}",0.035623088479042,0.1968256003223359
Mildly sparse,bcspwr02,49,167,6.9554352353186175,403,403,403,403,403,0.0,,0.09299999999996089,0.19100000000003092,0.0809999999999036,0.043000000000006366,0.3649999999998954,0.693,,,,,0.667,0.576,0.548,0.441,,0.39999999999997726,0.3869999999999436,0.31199999999989814,0.2740000000000009,0.17999999999994998,"{('cu', 'start'): 656.717, ('cu', 'h2dmalloc'): 656.815, ('cu', 'h2d'): 656.839, ('cu', 'workest'): 656.932, ('cu', 'compute'): 657.123, ('cu', 'copy'): 657.204, ('cu', 'pack'): 657.239, ('cu', 'd2h'): 657.282, ('gust', 'start'): 657.429, ('gust', 'h2d'): 657.543, ('gust', 'count'): 657.579, ('gust', 'scan'): 657.636, ('gust', 'expand'): 657.673, ('gust', 'sort'): 657.732, ('gust', 'reduce'): 657.798, ('gust', 'final'): 657.885, ('gust', 'pack'): 657.93, ('gust', 'd2h'): 657.944, ('merge', 'start'): 658.108, ('merge', 'h2d'): 658.224, ('merge', 'count'): 658.259, ('merge', 'scan'): 658.311, ('merge', 'expand'): 658.351, ('merge', 'merge'): 658.402, ('merge', 'final'): 658.461, ('merge', 'compact'): 658.503, ('merge', 'pack'): 658.536, ('merge', 'd2h'): 658.549, ('mrg2', 'start'): 658.7, ('mrg2', 'h2d'): 658.811, ('mrg2', 'count'): 658.846, ('mrg2', 'scan'): 658.897, ('mrg2', 'merge'): 658.959, ('mrg2', 'final'): 659.013, ('mrg2', 'compact'): 659.054, ('mrg2', 'pack'): 659.085, ('mrg2', 'd2h'): 659.108, ('mrg3', 'start'): 659.264, ('mrg3', 'h2d'): 659.375, ('mrg3', 'count'): 659.414, ('mrg3', 'scan'): 659.484, ('mrg3', 'merge'): 659.525, ('mrg3', 'pack'): 659.555, ('mrg3', 'd2h'): 659.571}",0.0405199825763702,0.1864320009713992
Mildly sparse,can_144,144,1296,6.25,3456,3456,3456,3456,3456,0.0,,0.07499999999993179,0.16600000000005366,0.06700000000000728,0.03599999999994452,0.3079999999999927,0.579,,,,,0.624,0.532,0.449,0.374,,0.3350000000000364,0.38900000000001,0.3129999999999882,0.2239999999999327,0.16099999999994452,"{('cu', 'start'): 671.35, ('cu', 'h2dmalloc'): 671.431, ('cu', 'h2d'): 671.456, ('cu', 'workest'): 671.531, ('cu', 'compute'): 671.697, ('cu', 'copy'): 671.764, ('cu', 'pack'): 671.791, ('cu', 'd2h'): 671.827, ('gust', 'start'): 671.939, ('gust', 'h2d'): 672.034, ('gust', 'count'): 672.063, ('gust', 'scan'): 672.113, ('gust', 'expand'): 672.152, ('gust', 'sort'): 672.279, ('gust', 'reduce'): 672.331, ('gust', 'final'): 672.395, ('gust', 'pack'): 672.423, ('gust', 'd2h'): 672.437, ('merge', 'start'): 672.572, ('merge', 'h2d'): 672.672, ('merge', 'count'): 672.7, ('merge', 'scan'): 672.748, ('merge', 'expand'): 672.79, ('merge', 'merge'): 672.879, ('merge', 'final'): 672.928, ('merge', 'compact'): 672.959, ('merge', 'pack'): 672.985, ('merge', 'd2h'): 672.999, ('mrg2', 'start'): 673.113, ('mrg2', 'h2d'): 673.219, ('mrg2', 'count'): 673.247, ('mrg2', 'scan'): 673.296, ('mrg2', 'merge'): 673.345, ('mrg2', 'final'): 673.387, ('mrg2', 'compact'): 673.416, ('mrg2', 'pack'): 673.443, ('mrg2', 'd2h'): 673.457, ('mrg3', 'start'): 673.57, ('mrg3', 'h2d'): 673.667, ('mrg3', 'count'): 673.702, ('mrg3', 'scan'): 673.763, ('mrg3', 'merge'): 673.801, ('mrg3', 'pack'): 673.828, ('mrg3', 'd2h'): 673.842}",0.0420529395341873,0.2571775993565097
Mildly sparse,can_62,62,218,5.6711758584807495,482,482,482,482,482,0.0,,0.05499999999994998,0.14200000000005275,0.05200000000002092,0.024999999999977263,0.24900000000002365,0.45,,,,,0.445,0.378,0.337,0.292,,0.26900000000000546,0.25300000000004275,0.20500000000004093,0.16600000000005366,0.12399999999990996,"{('cu', 'start'): 666.635, ('cu', 'h2dmalloc'): 666.698, ('cu', 'h2d'): 666.711, ('cu', 'workest'): 666.766, ('cu', 'compute'): 666.908, ('cu', 'copy'): 666.96, ('cu', 'pack'): 666.98, ('cu', 'd2h'): 667.005, ('gust', 'start'): 667.095, ('gust', 'h2d'): 667.179, ('gust', 'count'): 667.202, ('gust', 'scan'): 667.241, ('gust', 'expand'): 667.264, ('gust', 'sort'): 667.312, ('gust', 'reduce'): 667.358, ('gust', 'final'): 667.412, ('gust', 'pack'): 667.432, ('gust', 'd2h'): 667.442, ('merge', 'start'): 667.545, ('merge', 'h2d'): 667.621, ('merge', 'count'): 667.644, ('merge', 'scan'): 667.68, ('merge', 'expand'): 667.707, ('merge', 'merge'): 667.743, ('merge', 'final'): 667.782, ('merge', 'compact'): 667.807, ('merge', 'pack'): 667.826, ('merge', 'd2h'): 667.836, ('mrg2', 'start'): 667.929, ('mrg2', 'h2d'): 668.002, ('mrg2', 'count'): 668.022, ('mrg2', 'scan'): 668.057, ('mrg2', 'merge'): 668.089, ('mrg2', 'final'): 668.122, ('mrg2', 'compact'): 668.15, ('mrg2', 'pack'): 668.168, ('mrg2', 'd2h'): 668.179, ('mrg3', 'start'): 668.272, ('mrg3', 'h2d'): 668.344, ('mrg3', 'count'): 668.373, ('mrg3', 'scan'): 668.421, ('mrg3', 'merge'): 668.451, ('mrg3', 'pack'): 668.468, ('mrg3', 'd2h'): 668.479}",0.0373909715563058,0.1867296004202217
Mildly sparse,can_161,161,1377,5.31229505034528,3761,3761,3761,3761,3761,0.0,,0.05600000000004002,0.15999999999996817,0.055000000000063665,0.02699999999992997,0.27100000000007185,0.485,,,,,0.524,0.451,0.36,0.322,,0.29100000000005366,0.3229999999999791,0.27099999999995816,0.18399999999996908,0.1490000000000009,"{('cu', 'start'): 667.937, ('cu', 'h2dmalloc'): 668.001, ('cu', 'h2d'): 668.02, ('cu', 'workest'): 668.076, ('cu', 'compute'): 668.236, ('cu', 'copy'): 668.291, ('cu', 'pack'): 668.311, ('cu', 'd2h'): 668.338, ('gust', 'start'): 668.429, ('gust', 'h2d'): 668.514, ('gust', 'count'): 668.538, ('gust', 'scan'): 668.576, ('gust', 'expand'): 668.603, ('gust', 'sort'): 668.717, ('gust', 'reduce'): 668.76, ('gust', 'final'): 668.816, ('gust', 'pack'): 668.837, ('gust', 'd2h'): 668.848, ('merge', 'start'): 668.959, ('merge', 'h2d'): 669.042, ('merge', 'count'): 669.064, ('merge', 'scan'): 669.1, ('merge', 'expand'): 669.14, ('merge', 'merge'): 669.229, ('merge', 'final'): 669.269, ('merge', 'compact'): 669.295, ('merge', 'pack'): 669.313, ('merge', 'd2h'): 669.325, ('mrg2', 'start'): 669.416, ('mrg2', 'h2d'): 669.491, ('mrg2', 'count'): 669.514, ('mrg2', 'scan'): 669.549, ('mrg2', 'merge'): 669.592, ('mrg2', 'final'): 669.626, ('mrg2', 'compact'): 669.65, ('mrg2', 'pack'): 669.675, ('mrg2', 'd2h'): 669.688, ('mrg3', 'start'): 669.782, ('mrg3', 'h2d'): 669.858, ('mrg3', 'count'): 669.893, ('mrg3', 'scan'): 669.945, ('mrg3', 'merge'): 669.988, ('mrg3', 'pack'): 670.007, ('mrg3', 'd2h'): 670.019}",0.0426000915467739,0.3024575997609645
Mildly sparse,bcsstk03,112,640,5.1020408163265305,1072,1072,1072,1072,1072,0.0,,0.06200000000001182,0.18200000000001637,0.057999999999992724,0.024999999999977263,0.3020000000000209,0.528,,,,,0.529,0.403,0.36,0.31,,0.3240000000000691,0.32799999999997453,0.21500000000003183,0.1750000000000682,0.12599999999997635,"{('cu', 'start'): 680.183, ('cu', 'h2dmalloc'): 680.245, ('cu', 'h2d'): 680.262, ('cu', 'workest'): 680.324, ('cu', 'compute'): 680.506, ('cu', 'copy'): 680.564, ('cu', 'pack'): 680.586, ('cu', 'd2h'): 680.611, ('gust', 'start'): 680.721, ('gust', 'h2d'): 680.802, ('gust', 'count'): 680.828, ('gust', 'scan'): 680.869, ('gust', 'expand'): 680.893, ('gust', 'sort'): 681.007, ('gust', 'reduce'): 681.052, ('gust', 'final'): 681.108, ('gust', 'pack'): 681.13, ('gust', 'd2h'): 681.141, ('merge', 'start'): 681.254, ('merge', 'h2d'): 681.334, ('merge', 'count'): 681.356, ('merge', 'scan'): 681.394, ('merge', 'expand'): 681.429, ('merge', 'merge'): 681.462, ('merge', 'final'): 681.502, ('merge', 'compact'): 681.529, ('merge', 'pack'): 681.549, ('merge', 'd2h'): 681.56, ('mrg2', 'start'): 681.664, ('mrg2', 'h2d'): 681.741, ('mrg2', 'count'): 681.764, ('mrg2', 'scan'): 681.801, ('mrg2', 'merge'): 681.833, ('mrg2', 'final'): 681.868, ('mrg2', 'compact'): 681.898, ('mrg2', 'pack'): 681.916, ('mrg2', 'd2h'): 681.927, ('mrg3', 'start'): 682.03, ('mrg3', 'h2d'): 682.104, ('mrg3', 'count'): 682.132, ('mrg3', 'scan'): 682.183, ('mrg3', 'merge'): 682.212, ('mrg3', 'pack'): 682.23, ('mrg3', 'd2h'): 682.242}",0.0386829487979412,0.1639295999659225
Mildly sparse,bcsstk06,420,7860,4.45578231292517,23660,23660,23660,23660,23660,0.0,,0.06299999999998818,0.25900000000001455,0.06199999999989814,0.13199999999994816,0.38399999999990087,0.708,,,,,0.849,0.842,0.42,0.407,,0.40399999999999636,0.5639999999999645,0.5710000000000264,0.22100000000000364,0.20699999999999363,"{('cu', 'start'): 680.904, ('cu', 'h2dmalloc'): 680.974, ('cu', 'h2d'): 680.993, ('cu', 'workest'): 681.056, ('cu', 'compute'): 681.315, ('cu', 'copy'): 681.377, ('cu', 'pack'): 681.397, ('cu', 'd2h'): 681.529, ('gust', 'start'): 681.621, ('gust', 'h2d'): 681.701, ('gust', 'count'): 681.723, ('gust', 'scan'): 681.765, ('gust', 'expand'): 681.796, ('gust', 'sort'): 682.071, ('gust', 'reduce'): 682.182, ('gust', 'final'): 682.243, ('gust', 'pack'): 682.265, ('gust', 'd2h'): 682.301, ('merge', 'start'): 682.479, ('merge', 'h2d'): 682.557, ('merge', 'count'): 682.579, ('merge', 'scan'): 682.618, ('merge', 'expand'): 682.704, ('merge', 'merge'): 683.04, ('merge', 'final'): 683.085, ('merge', 'compact'): 683.11, ('merge', 'pack'): 683.128, ('merge', 'd2h'): 683.154, ('mrg2', 'start'): 683.328, ('mrg2', 'h2d'): 683.405, ('mrg2', 'count'): 683.427, ('mrg2', 'scan'): 683.466, ('mrg2', 'merge'): 683.543, ('mrg2', 'final'): 683.58, ('mrg2', 'compact'): 683.607, ('mrg2', 'pack'): 683.626, ('mrg2', 'd2h'): 683.652, ('mrg3', 'start'): 683.754, ('mrg3', 'h2d'): 683.83, ('mrg3', 'count'): 683.878, ('mrg3', 'scan'): 683.931, ('mrg3', 'merge'): 684.007, ('mrg3', 'pack'): 684.037, ('mrg3', 'd2h'): 684.062}",0.0599350314587354,0.3140320000005885
Mildly sparse,bcsstk07,420,7860,4.45578231292517,23660,23660,23660,23660,23660,0.0,,0.06099999999992178,0.25300000000004275,0.07100000000002638,0.12799999999992906,0.3849999999999909,0.684,,,,,0.835,0.835,0.431,0.388,,0.40399999999999636,0.5620000000000118,0.5850000000000364,0.23200000000008458,0.19600000000002638,"{('cu', 'start'): 678.611, ('cu', 'h2dmalloc'): 678.673, ('cu', 'h2d'): 678.69, ('cu', 'workest'): 678.751, ('cu', 'compute'): 679.004, ('cu', 'copy'): 679.075, ('cu', 'pack'): 679.094, ('cu', 'd2h'): 679.222, ('gust', 'start'): 679.306, ('gust', 'h2d'): 679.385, ('gust', 'count'): 679.41, ('gust', 'scan'): 679.45, ('gust', 'expand'): 679.485, ('gust', 'sort'): 679.746, ('gust', 'reduce'): 679.86, ('gust', 'final'): 679.924, ('gust', 'pack'): 679.947, ('gust', 'd2h'): 679.979, ('merge', 'start'): 680.15, ('merge', 'h2d'): 680.231, ('merge', 'count'): 680.258, ('merge', 'scan'): 680.296, ('merge', 'expand'): 680.387, ('merge', 'merge'): 680.725, ('merge', 'final'): 680.769, ('merge', 'compact'): 680.798, ('merge', 'pack'): 680.816, ('merge', 'd2h'): 680.842, ('mrg2', 'start'): 680.993, ('mrg2', 'h2d'): 681.074, ('mrg2', 'count'): 681.099, ('mrg2', 'scan'): 681.136, ('mrg2', 'merge'): 681.22, ('mrg2', 'final'): 681.257, ('mrg2', 'compact'): 681.285, ('mrg2', 'pack'): 681.306, ('mrg2', 'd2h'): 681.334, ('mrg3', 'start'): 681.432, ('mrg3', 'h2d'): 681.51, ('mrg3', 'count'): 681.562, ('mrg3', 'scan'): 681.615, ('mrg3', 'merge'): 681.684, ('mrg3', 'pack'): 681.706, ('mrg3', 'd2h'): 681.731}",0.0599808990955352,0.3137312005041167
Mildly sparse,can_256,256,2916,4.449462890625,18568,18568,18568,18568,18568,0.0,,0.07500000000004547,0.18599999999992178,0.06900000000007367,0.04600000000004911,0.3300000000000409,0.624,,,,,0.665,2.183,0.659,0.528,,0.3569999999999709,0.40800000000001546,1.93100000000004,0.4230000000000018,0.2839999999999918,"{('cu', 'start'): 680.768, ('cu', 'h2dmalloc'): 680.854, ('cu', 'h2d'): 680.89, ('cu', 'workest'): 680.965, ('cu', 'compute'): 681.151, ('cu', 'copy'): 681.22, ('cu', 'pack'): 681.247, ('cu', 'd2h'): 681.293, ('gust', 'start'): 681.402, ('gust', 'h2d'): 681.514, ('gust', 'count'): 681.547, ('gust', 'scan'): 681.596, ('gust', 'expand'): 681.639, ('gust', 'sort'): 681.774, ('gust', 'reduce'): 681.828, ('gust', 'final'): 681.894, ('gust', 'pack'): 681.922, ('gust', 'd2h'): 681.955, ('merge', 'start'): 682.077, ('merge', 'h2d'): 682.188, ('merge', 'count'): 682.221, ('merge', 'scan'): 682.269, ('merge', 'expand'): 682.401, ('merge', 'merge'): 684.005, ('merge', 'final'): 684.057, ('merge', 'compact'): 684.09, ('merge', 'pack'): 684.119, ('merge', 'd2h'): 684.143, ('mrg2', 'start'): 684.269, ('mrg2', 'h2d'): 684.374, ('mrg2', 'count'): 684.406, ('mrg2', 'scan'): 684.461, ('mrg2', 'merge'): 684.7, ('mrg2', 'final'): 684.742, ('mrg2', 'compact'): 684.771, ('mrg2', 'pack'): 684.797, ('mrg2', 'd2h'): 684.821, ('mrg3', 'start'): 684.938, ('mrg3', 'h2d'): 685.042, ('mrg3', 'count'): 685.13, ('mrg3', 'scan'): 685.188, ('mrg3', 'merge'): 685.299, ('mrg3', 'pack'): 685.326, ('mrg3', 'd2h'): 685.349}",0.0364130828529596,0.3196416006656364
Mildly sparse,can_268,268,3082,4.291044776119403,15590,15590,15590,15590,15590,0.0,,0.06100000000003547,0.17699999999990723,0.05600000000004002,0.03499999999996817,0.2939999999999827,0.511,,,,,0.557,0.906,0.459,0.392,,0.3129999999999882,0.3589999999999236,0.7029999999999745,0.27300000000002456,0.20600000000001728,"{('cu', 'start'): 670.515, ('cu', 'h2dmalloc'): 670.58, ('cu', 'h2d'): 670.596, ('cu', 'workest'): 670.657, ('cu', 'compute'): 670.834, ('cu', 'copy'): 670.89, ('cu', 'pack'): 670.909, ('cu', 'd2h'): 670.944, ('gust', 'start'): 671.032, ('gust', 'h2d'): 671.109, ('gust', 'count'): 671.133, ('gust', 'scan'): 671.171, ('gust', 'expand'): 671.202, ('gust', 'sort'): 671.334, ('gust', 'reduce'): 671.385, ('gust', 'final'): 671.447, ('gust', 'pack'): 671.468, ('gust', 'd2h'): 671.494, ('merge', 'start'): 671.596, ('merge', 'h2d'): 671.676, ('merge', 'count'): 671.699, ('merge', 'scan'): 671.736, ('merge', 'expand'): 671.81, ('merge', 'merge'): 672.28, ('merge', 'final'): 672.317, ('merge', 'compact'): 672.347, ('merge', 'pack'): 672.379, ('merge', 'd2h'): 672.401, ('mrg2', 'start'): 672.51, ('mrg2', 'h2d'): 672.592, ('mrg2', 'count'): 672.615, ('mrg2', 'scan'): 672.653, ('mrg2', 'merge'): 672.782, ('mrg2', 'final'): 672.817, ('mrg2', 'compact'): 672.842, ('mrg2', 'pack'): 672.865, ('mrg2', 'd2h'): 672.884, ('mrg3', 'start'): 672.976, ('mrg3', 'h2d'): 673.05, ('mrg3', 'count'): 673.11, ('mrg3', 'scan'): 673.161, ('mrg3', 'merge'): 673.237, ('mrg3', 'pack'): 673.256, ('mrg3', 'd2h'): 673.275}",0.0430559739470481,0.3145471992902457
Mildly sparse,can_187,187,1491,4.26377648774629,3719,3719,3719,3719,3719,0.0,,0.05599999999992633,0.16000000000008185,0.053999999999973625,0.027000000000043656,0.2699999999999818,0.478,,,,,0.509,0.403,0.352,0.297,,0.28899999999998727,0.3160000000000309,0.22299999999995634,0.17799999999999727,0.12400000000002365,"{('cu', 'start'): 662.521, ('cu', 'h2dmalloc'): 662.584, ('cu', 'h2d'): 662.605, ('cu', 'workest'): 662.661, ('cu', 'compute'): 662.821, ('cu', 'copy'): 662.875, ('cu', 'pack'): 662.894, ('cu', 'd2h'): 662.921, ('gust', 'start'): 663.011, ('gust', 'h2d'): 663.091, ('gust', 'count'): 663.113, ('gust', 'scan'): 663.15, ('gust', 'expand'): 663.178, ('gust', 'sort'): 663.292, ('gust', 'reduce'): 663.334, ('gust', 'final'): 663.387, ('gust', 'pack'): 663.407, ('gust', 'd2h'): 663.419, ('merge', 'start'): 663.528, ('merge', 'h2d'): 663.611, ('merge', 'count'): 663.633, ('merge', 'scan'): 663.668, ('merge', 'expand'): 663.702, ('merge', 'merge'): 663.753, ('merge', 'final'): 663.792, ('merge', 'compact'): 663.816, ('merge', 'pack'): 663.834, ('merge', 'd2h'): 663.846, ('mrg2', 'start'): 663.938, ('mrg2', 'h2d'): 664.014, ('mrg2', 'count'): 664.034, ('mrg2', 'scan'): 664.069, ('mrg2', 'merge'): 664.108, ('mrg2', 'final'): 664.141, ('mrg2', 'compact'): 664.166, ('mrg2', 'pack'): 664.192, ('mrg2', 'd2h'): 664.204, ('mrg3', 'start'): 664.296, ('mrg3', 'h2d'): 664.372, ('mrg3', 'count'): 664.4, ('mrg3', 'scan'): 664.449, ('mrg3', 'merge'): 664.479, ('mrg3', 'pack'): 664.496, ('mrg3', 'd2h'): 664.508}",0.050670001655817,0.2989152004243806
Mildly sparse,bcsstm07,420,7252,4.111111111111112,22972,22972,22972,22972,22972,0.0,,0.08799999999996544,0.2820000000000391,0.09100000000000819,0.1409999999999627,0.46100000000001273,0.831,,,,,1.014,0.957,0.529,0.487,,0.4959999999999809,0.7010000000000218,0.7290000000000418,0.2900000000000773,0.23900000000003274,"{('cu', 'start'): 699.52, ('cu', 'h2dmalloc'): 699.604, ('cu', 'h2d'): 699.628, ('cu', 'workest'): 699.716, ('cu', 'compute'): 699.998, ('cu', 'copy'): 700.089, ('cu', 'pack'): 700.124, ('cu', 'd2h'): 700.265, ('gust', 'start'): 700.363, ('gust', 'h2d'): 700.463, ('gust', 'count'): 700.499, ('gust', 'scan'): 700.556, ('gust', 'expand'): 700.594, ('gust', 'sort'): 700.893, ('gust', 'reduce'): 701.047, ('gust', 'final'): 701.129, ('gust', 'pack'): 701.164, ('gust', 'd2h'): 701.201, ('merge', 'start'): 701.389, ('merge', 'h2d'): 701.49, ('merge', 'count'): 701.528, ('merge', 'scan'): 701.584, ('merge', 'expand'): 701.673, ('merge', 'merge'): 702.008, ('merge', 'final'): 702.07, ('merge', 'compact'): 702.18, ('merge', 'pack'): 702.219, ('merge', 'd2h'): 702.247, ('mrg2', 'start'): 702.357, ('mrg2', 'h2d'): 702.459, ('mrg2', 'count'): 702.493, ('mrg2', 'scan'): 702.549, ('mrg2', 'merge'): 702.636, ('mrg2', 'final'): 702.684, ('mrg2', 'compact'): 702.716, ('mrg2', 'pack'): 702.749, ('mrg2', 'd2h'): 702.776, ('mrg3', 'start'): 702.895, ('mrg3', 'h2d'): 703.007, ('mrg3', 'count'): 703.069, ('mrg3', 'scan'): 703.14, ('mrg3', 'merge'): 703.213, ('mrg3', 'pack'): 703.246, ('mrg3', 'd2h'): 703.273}",0.0596509780734777,0.339491198444739
Mildly sparse,bcsstk27,1224,56126,3.7462888205391085,138106,138106,138106,138106,138106,0.0,,0.06600000000003092,0.4920000000000755,0.15599999999994907,0.21100000000001273,0.7140000000000555,1.202,,,,,1.832,2.452,1.046,0.815,,0.7390000000000327,1.47199999999998,2.090000000000032,0.6809999999999263,0.4490000000000691,"{('cu', 'start'): 698.05, ('cu', 'h2dmalloc'): 698.11, ('cu', 'h2d'): 698.156, ('cu', 'workest'): 698.222, ('cu', 'compute'): 698.714, ('cu', 'copy'): 698.87, ('cu', 'pack'): 698.895, ('cu', 'd2h'): 699.106, ('gust', 'start'): 699.262, ('gust', 'h2d'): 699.369, ('gust', 'count'): 699.398, ('gust', 'scan'): 699.439, ('gust', 'expand'): 699.608, ('gust', 'sort'): 700.179, ('gust', 'reduce'): 700.376, ('gust', 'final'): 700.737, ('gust', 'pack'): 700.841, ('gust', 'd2h'): 700.941, ('merge', 'start'): 701.102, ('merge', 'h2d'): 701.207, ('merge', 'count'): 701.235, ('merge', 'scan'): 701.276, ('merge', 'expand'): 701.684, ('merge', 'merge'): 702.871, ('merge', 'final'): 703.053, ('merge', 'compact'): 703.211, ('merge', 'pack'): 703.297, ('merge', 'd2h'): 703.401, ('mrg2', 'start'): 703.571, ('mrg2', 'h2d'): 703.686, ('mrg2', 'count'): 703.72, ('mrg2', 'scan'): 703.776, ('mrg2', 'merge'): 704.076, ('mrg2', 'final'): 704.118, ('mrg2', 'compact'): 704.287, ('mrg2', 'pack'): 704.367, ('mrg2', 'd2h'): 704.47, ('mrg3', 'start'): 704.623, ('mrg3', 'h2d'): 704.732, ('mrg3', 'count'): 704.855, ('mrg3', 'scan'): 704.916, ('mrg3', 'merge'): 705.091, ('mrg3', 'pack'): 705.181, ('mrg3', 'd2h'): 705.283}",0.1383968628942966,0.5458943985169753
Mildly sparse,bcsstm27,1224,56126,3.7462888205391085,138106,138106,138106,138106,138106,0.0,,0.06200000000001182,0.48299999999994725,0.13200000000006185,0.22100000000000364,0.6770000000000209,1.181,,,,,1.899,2.491,1.056,0.82,,0.7019999999999982,1.5219999999999345,2.1219999999999573,0.6949999999999363,0.45299999999997453,"{('cu', 'start'): 686.426, ('cu', 'h2dmalloc'): 686.488, ('cu', 'h2d'): 686.534, ('cu', 'workest'): 686.596, ('cu', 'compute'): 687.079, ('cu', 'copy'): 687.211, ('cu', 'pack'): 687.236, ('cu', 'd2h'): 687.457, ('gust', 'start'): 687.618, ('gust', 'h2d'): 687.73, ('gust', 'count'): 687.766, ('gust', 'scan'): 687.814, ('gust', 'expand'): 688.001, ('gust', 'sort'): 688.577, ('gust', 'reduce'): 688.78, ('gust', 'final'): 689.144, ('gust', 'pack'): 689.252, ('gust', 'd2h'): 689.352, ('merge', 'start'): 689.524, ('merge', 'h2d'): 689.635, ('merge', 'count'): 689.663, ('merge', 'scan'): 689.706, ('merge', 'expand'): 690.122, ('merge', 'merge'): 691.303, ('merge', 'final'): 691.497, ('merge', 'compact'): 691.665, ('merge', 'pack'): 691.757, ('merge', 'd2h'): 691.857, ('mrg2', 'start'): 692.024, ('mrg2', 'h2d'): 692.133, ('mrg2', 'count'): 692.16, ('mrg2', 'scan'): 692.203, ('mrg2', 'merge'): 692.521, ('mrg2', 'final'): 692.567, ('mrg2', 'compact'): 692.736, ('mrg2', 'pack'): 692.828, ('mrg2', 'd2h'): 692.931, ('mrg3', 'start'): 693.087, ('mrg3', 'h2d'): 693.195, ('mrg3', 'count'): 693.316, ('mrg3', 'scan'): 693.381, ('mrg3', 'merge'): 693.556, ('mrg3', 'pack'): 693.648, ('mrg3', 'd2h'): 693.748}",0.159173971042037,0.4952704014955088
Mildly sparse,bcsstk22,138,696,3.6546943919344677,1552,1552,1552,1552,1552,0.0,,0.07799999999997453,0.1570000000000391,0.057999999999992724,0.02699999999992997,0.29300000000000637,0.525,,,,,0.537,0.419,0.362,0.325,,0.31500000000005457,0.3249999999999318,0.22199999999998,0.17499999999995453,0.1329999999999245,"{('cu', 'start'): 682.002, ('cu', 'h2dmalloc'): 682.065, ('cu', 'h2d'): 682.082, ('cu', 'workest'): 682.16, ('cu', 'compute'): 682.317, ('cu', 'copy'): 682.375, ('cu', 'pack'): 682.397, ('cu', 'd2h'): 682.424, ('gust', 'start'): 682.536, ('gust', 'h2d'): 682.624, ('gust', 'count'): 682.649, ('gust', 'scan'): 682.69, ('gust', 'expand'): 682.713, ('gust', 'sort'): 682.828, ('gust', 'reduce'): 682.872, ('gust', 'final'): 682.928, ('gust', 'pack'): 682.949, ('gust', 'd2h'): 682.96, ('merge', 'start'): 683.078, ('merge', 'h2d'): 683.166, ('merge', 'count'): 683.188, ('merge', 'scan'): 683.227, ('merge', 'expand'): 683.256, ('merge', 'merge'): 683.3, ('merge', 'final'): 683.341, ('merge', 'compact'): 683.368, ('merge', 'pack'): 683.388, ('merge', 'd2h'): 683.399, ('mrg2', 'start'): 683.503, ('mrg2', 'h2d'): 683.582, ('mrg2', 'count'): 683.604, ('mrg2', 'scan'): 683.641, ('mrg2', 'merge'): 683.678, ('mrg2', 'final'): 683.713, ('mrg2', 'compact'): 683.737, ('mrg2', 'pack'): 683.757, ('mrg2', 'd2h'): 683.769, ('mrg3', 'start'): 683.872, ('mrg3', 'h2d'): 683.945, ('mrg3', 'count'): 683.974, ('mrg3', 'scan'): 684.024, ('mrg3', 'merge'): 684.058, ('mrg3', 'pack'): 684.078, ('mrg3', 'd2h'): 684.089}",0.0204341486096382,0.2006111999507993
Mildly sparse,bcspwr03,118,476,3.418557885665039,1270,1270,1270,1270,1270,0.0,,0.05700000000001637,0.1570000000000391,0.056999999999902684,0.027000000000043656,0.27099999999995816,0.485,,,,,0.458,0.415,0.364,0.312,,0.2939999999999827,0.2659999999999627,0.2400000000000091,0.19000000000005457,0.1370000000000573,"{('cu', 'start'): 630.05, ('cu', 'h2dmalloc'): 630.113, ('cu', 'h2d'): 630.13, ('cu', 'workest'): 630.187, ('cu', 'compute'): 630.344, ('cu', 'copy'): 630.401, ('cu', 'pack'): 630.424, ('cu', 'd2h'): 630.451, ('gust', 'start'): 630.542, ('gust', 'h2d'): 630.618, ('gust', 'count'): 630.642, ('gust', 'scan'): 630.68, ('gust', 'expand'): 630.708, ('gust', 'sort'): 630.756, ('gust', 'reduce'): 630.807, ('gust', 'final'): 630.861, ('gust', 'pack'): 630.884, ('gust', 'd2h'): 630.894, ('merge', 'start'): 631.009, ('merge', 'h2d'): 631.086, ('merge', 'count'): 631.109, ('merge', 'scan'): 631.148, ('merge', 'expand'): 631.183, ('merge', 'merge'): 631.24, ('merge', 'final'): 631.282, ('merge', 'compact'): 631.308, ('merge', 'pack'): 631.326, ('merge', 'd2h'): 631.337, ('mrg2', 'start'): 631.431, ('mrg2', 'h2d'): 631.505, ('mrg2', 'count'): 631.53, ('mrg2', 'scan'): 631.569, ('mrg2', 'merge'): 631.613, ('mrg2', 'final'): 631.651, ('mrg2', 'compact'): 631.674, ('mrg2', 'pack'): 631.695, ('mrg2', 'd2h'): 631.706, ('mrg3', 'start'): 631.81, ('mrg3', 'h2d'): 631.887, ('mrg3', 'count'): 631.92, ('mrg3', 'scan'): 631.971, ('mrg3', 'merge'): 632.006, ('mrg3', 'pack'): 632.024, ('mrg3', 'd2h'): 632.036}",0.0394429080188274,0.2771327996626496
Mildly sparse,can_229,229,1777,3.388570012013501,5017,5017,5017,5017,5017,0.0,,0.057999999999992724,0.15999999999996817,0.05700000000001637,0.027000000000043656,0.27499999999997726,0.49,,,,,0.52,0.454,0.373,0.354,,0.2999999999999545,0.31799999999998363,0.27500000000009095,0.19499999999993634,0.16700000000003,"{('cu', 'start'): 660.56, ('cu', 'h2dmalloc'): 660.624, ('cu', 'h2d'): 660.642, ('cu', 'workest'): 660.7, ('cu', 'compute'): 660.86, ('cu', 'copy'): 660.917, ('cu', 'pack'): 660.942, ('cu', 'd2h'): 660.969, ('gust', 'start'): 661.06, ('gust', 'h2d'): 661.14, ('gust', 'count'): 661.163, ('gust', 'scan'): 661.2, ('gust', 'expand'): 661.224, ('gust', 'sort'): 661.342, ('gust', 'reduce'): 661.383, ('gust', 'final'): 661.438, ('gust', 'pack'): 661.458, ('gust', 'd2h'): 661.478, ('merge', 'start'): 661.588, ('merge', 'h2d'): 661.67, ('merge', 'count'): 661.693, ('merge', 'scan'): 661.73, ('merge', 'expand'): 661.762, ('merge', 'merge'): 661.861, ('merge', 'final'): 661.9, ('merge', 'compact'): 661.926, ('merge', 'pack'): 661.945, ('merge', 'd2h'): 661.958, ('mrg2', 'start'): 662.049, ('mrg2', 'h2d'): 662.128, ('mrg2', 'count'): 662.149, ('mrg2', 'scan'): 662.185, ('mrg2', 'merge'): 662.242, ('mrg2', 'final'): 662.281, ('mrg2', 'compact'): 662.305, ('mrg2', 'pack'): 662.323, ('mrg2', 'd2h'): 662.336, ('mrg3', 'start'): 662.428, ('mrg3', 'h2d'): 662.514, ('mrg3', 'count'): 662.556, ('mrg3', 'scan'): 662.609, ('mrg3', 'merge'): 662.66, ('mrg3', 'pack'): 662.681, ('mrg3', 'd2h'): 662.694}",0.0335208605974912,0.2974880001042038
Mildly sparse,can_292,292,2540,2.9789829236254457,11670,11670,11670,11670,11670,0.0,,0.05700000000001637,0.17599999999993088,0.06700000000000728,0.031000000000062755,0.2999999999999545,0.526,,,,,0.537,0.702,0.411,0.352,,0.3229999999999791,0.33600000000001273,0.5149999999999864,0.22199999999998,0.16399999999998727,"{('cu', 'start'): 667.155, ('cu', 'h2dmalloc'): 667.218, ('cu', 'h2d'): 667.24, ('cu', 'workest'): 667.297, ('cu', 'compute'): 667.473, ('cu', 'copy'): 667.54, ('cu', 'pack'): 667.563, ('cu', 'd2h'): 667.594, ('gust', 'start'): 667.689, ('gust', 'h2d'): 667.777, ('gust', 'count'): 667.802, ('gust', 'scan'): 667.84, ('gust', 'expand'): 667.868, ('gust', 'sort'): 667.994, ('gust', 'reduce'): 668.036, ('gust', 'final'): 668.093, ('gust', 'pack'): 668.113, ('gust', 'd2h'): 668.137, ('merge', 'start'): 668.233, ('merge', 'h2d'): 668.317, ('merge', 'count'): 668.342, ('merge', 'scan'): 668.379, ('merge', 'expand'): 668.441, ('merge', 'merge'): 668.749, ('merge', 'final'): 668.788, ('merge', 'compact'): 668.814, ('merge', 'pack'): 668.832, ('merge', 'd2h'): 668.849, ('mrg2', 'start'): 668.942, ('mrg2', 'h2d'): 669.028, ('mrg2', 'count'): 669.051, ('mrg2', 'scan'): 669.086, ('mrg2', 'merge'): 669.173, ('mrg2', 'final'): 669.207, ('mrg2', 'compact'): 669.23, ('mrg2', 'pack'): 669.25, ('mrg2', 'd2h'): 669.267, ('mrg3', 'start'): 669.359, ('mrg3', 'h2d'): 669.439, ('mrg3', 'count'): 669.477, ('mrg3', 'scan'): 669.537, ('mrg3', 'merge'): 669.583, ('mrg3', 'pack'): 669.603, ('mrg3', 'd2h'): 669.619}",0.0597399193793535,0.4684864003676921
Mildly sparse,ash292,292,2208,2.589604053293301,6042,6042,6042,6042,6042,0.0,,0.05899999999996908,0.1570000000000391,0.06399999999996453,0.03099999999994907,0.2799999999999727,0.504,,,,,0.556,0.444,0.371,0.351,,0.3039999999999736,0.35000000000002274,0.26099999999996726,0.19000000000005457,0.16099999999994452,"{('cu', 'start'): 641.797, ('cu', 'h2dmalloc'): 641.862, ('cu', 'h2d'): 641.883, ('cu', 'workest'): 641.942, ('cu', 'compute'): 642.099, ('cu', 'copy'): 642.163, ('cu', 'pack'): 642.187, ('cu', 'd2h'): 642.218, ('gust', 'start'): 642.311, ('gust', 'h2d'): 642.393, ('gust', 'count'): 642.42, ('gust', 'scan'): 642.458, ('gust', 'expand'): 642.486, ('gust', 'sort'): 642.611, ('gust', 'reduce'): 642.656, ('gust', 'final'): 642.711, ('gust', 'pack'): 642.743, ('gust', 'd2h'): 642.761, ('merge', 'start'): 642.875, ('merge', 'h2d'): 642.957, ('merge', 'count'): 642.983, ('merge', 'scan'): 643.02, ('merge', 'expand'): 643.057, ('merge', 'merge'): 643.132, ('merge', 'final'): 643.174, ('merge', 'compact'): 643.2, ('merge', 'pack'): 643.218, ('merge', 'd2h'): 643.234, ('mrg2', 'start'): 643.327, ('mrg2', 'h2d'): 643.404, ('mrg2', 'count'): 643.43, ('mrg2', 'scan'): 643.465, ('mrg2', 'merge'): 643.514, ('mrg2', 'final'): 643.55, ('mrg2', 'compact'): 643.576, ('mrg2', 'pack'): 643.594, ('mrg2', 'd2h'): 643.611, ('mrg3', 'start'): 643.705, ('mrg3', 'h2d'): 643.792, ('mrg3', 'count'): 643.835, ('mrg3', 'scan'): 643.886, ('mrg3', 'merge'): 643.933, ('mrg3', 'pack'): 643.953, ('mrg3', 'd2h'): 643.968}",0.0522730406373739,0.2052448011003434
Mildly sparse,bcspwr04,274,1612,2.1471575470190207,4982,4982,4982,4982,4982,0.0,,0.06399999999996453,0.1570000000000391,0.057999999999992724,0.029999999999972715,0.27899999999999636,0.512,,,,,0.541,0.496,0.379,0.321,,0.3020000000000209,0.3390000000000555,0.29200000000003,0.20199999999999818,0.13900000000001,"{('cu', 'start'): 665.281, ('cu', 'h2dmalloc'): 665.345, ('cu', 'h2d'): 665.364, ('cu', 'workest'): 665.428, ('cu', 'compute'): 665.585, ('cu', 'copy'): 665.643, ('cu', 'pack'): 665.666, ('cu', 'd2h'): 665.696, ('gust', 'start'): 665.801, ('gust', 'h2d'): 665.886, ('gust', 'count'): 665.913, ('gust', 'scan'): 665.952, ('gust', 'expand'): 665.98, ('gust', 'sort'): 666.094, ('gust', 'reduce'): 666.139, ('gust', 'final'): 666.203, ('gust', 'pack'): 666.225, ('gust', 'd2h'): 666.24, ('merge', 'start'): 666.35, ('merge', 'h2d'): 666.434, ('merge', 'count'): 666.46, ('merge', 'scan'): 666.496, ('merge', 'expand'): 666.54, ('merge', 'merge'): 666.64, ('merge', 'final'): 666.682, ('merge', 'compact'): 666.708, ('merge', 'pack'): 666.726, ('merge', 'd2h'): 666.74, ('mrg2', 'start'): 666.853, ('mrg2', 'h2d'): 666.93, ('mrg2', 'count'): 666.954, ('mrg2', 'scan'): 666.99, ('mrg2', 'merge'): 667.047, ('mrg2', 'final'): 667.084, ('mrg2', 'compact'): 667.108, ('mrg2', 'pack'): 667.132, ('mrg2', 'd2h'): 667.146, ('mrg3', 'start'): 667.24, ('mrg3', 'h2d'): 667.313, ('mrg3', 'count'): 667.346, ('mrg3', 'scan'): 667.396, ('mrg3', 'merge'): 667.434, ('mrg3', 'pack'): 667.452, ('mrg3', 'd2h'): 667.466}",0.0338419340550899,0.2118016003398224
Mildly sparse,bcsstk13,2003,83883,2.0907979019987244,396773,396773,396773,396773,396773,0.0,,0.06200000000001182,0.5789999999999509,0.18200000000001637,0.5330000000000155,0.8229999999999791,1.744,,,,,2.671,6.719,1.88,1.841,,0.9099999999999682,1.9650000000000318,6.019999999999982,1.17999999999995,1.13900000000001,"{('cu', 'start'): 731.426, ('cu', 'h2dmalloc'): 731.489, ('cu', 'h2d'): 731.552, ('cu', 'workest'): 731.614, ('cu', 'compute'): 732.193, ('cu', 'copy'): 732.375, ('cu', 'pack'): 732.462, ('cu', 'd2h'): 732.995, ('gust', 'start'): 733.18, ('gust', 'h2d'): 733.305, ('gust', 'count'): 733.336, ('gust', 'scan'): 733.378, ('gust', 'expand'): 733.575, ('gust', 'sort'): 734.377, ('gust', 'reduce'): 734.591, ('gust', 'final'): 735.168, ('gust', 'pack'): 735.27, ('gust', 'd2h'): 735.533, ('merge', 'start'): 735.857, ('merge', 'h2d'): 735.98, ('merge', 'count'): 736.01, ('merge', 'scan'): 736.054, ('merge', 'expand'): 736.857, ('merge', 'merge'): 741.371, ('merge', 'final'): 741.588, ('merge', 'compact'): 741.907, ('merge', 'pack'): 742.0, ('merge', 'd2h'): 742.263, ('mrg2', 'start'): 742.583, ('mrg2', 'h2d'): 742.707, ('mrg2', 'count'): 742.736, ('mrg2', 'scan'): 742.78, ('mrg2', 'merge'): 743.454, ('mrg2', 'final'): 743.499, ('mrg2', 'compact'): 743.794, ('mrg2', 'pack'): 743.887, ('mrg2', 'd2h'): 744.15, ('mrg3', 'start'): 744.47, ('mrg3', 'h2d'): 744.591, ('mrg3', 'count'): 744.938, ('mrg3', 'scan'): 744.998, ('mrg3', 'merge'): 745.646, ('mrg3', 'pack'): 745.73, ('mrg3', 'd2h'): 745.991}",0.5329828709363937,0.6542912007076666
Mildly sparse,bcsstm01,48,48,2.083333333333333,48,48,48,48,48,0.0,,0.05700000000001637,0.15699999999992542,0.05000000000006821,0.02400000000000091,0.26400000000001,0.463,,,,,0.407,0.371,0.323,0.281,,0.28499999999996817,0.23599999999999,0.18399999999996908,0.15600000000006276,0.11300000000005639,"{('cu', 'start'): 670.474, ('cu', 'h2dmalloc'): 670.538, ('cu', 'h2d'): 670.552, ('cu', 'workest'): 670.609, ('cu', 'compute'): 670.766, ('cu', 'copy'): 670.816, ('cu', 'pack'): 670.837, ('cu', 'd2h'): 670.861, ('gust', 'start'): 670.947, ('gust', 'h2d'): 671.021, ('gust', 'count'): 671.042, ('gust', 'scan'): 671.079, ('gust', 'expand'): 671.101, ('gust', 'sort'): 671.145, ('gust', 'reduce'): 671.185, ('gust', 'final'): 671.238, ('gust', 'pack'): 671.257, ('gust', 'd2h'): 671.267, ('merge', 'start'): 671.366, ('merge', 'h2d'): 671.45, ('merge', 'count'): 671.473, ('merge', 'scan'): 671.509, ('merge', 'expand'): 671.531, ('merge', 'merge'): 671.55, ('merge', 'final'): 671.588, ('merge', 'compact'): 671.616, ('merge', 'pack'): 671.634, ('merge', 'd2h'): 671.644, ('mrg2', 'start'): 671.737, ('mrg2', 'h2d'): 671.808, ('mrg2', 'count'): 671.829, ('mrg2', 'scan'): 671.865, ('mrg2', 'merge'): 671.887, ('mrg2', 'final'): 671.921, ('mrg2', 'compact'): 671.945, ('mrg2', 'pack'): 671.964, ('mrg2', 'd2h'): 671.976, ('mrg3', 'start'): 672.068, ('mrg3', 'h2d'): 672.14, ('mrg3', 'count'): 672.162, ('mrg3', 'scan'): 672.211, ('mrg3', 'merge'): 672.235, ('mrg3', 'pack'): 672.253, ('mrg3', 'd2h'): 672.263}",0.0166050158441066,0.152582399919629
Mildly sparse,bcsstk14,1806,63454,1.945465404477998,195654,195654,195654,195654,195654,0.0,,0.06700000000000728,0.5330000000000155,0.1369999999999436,0.3390000000000555,0.7369999999999663,1.446,,,,,1.986,2.517,1.269,1.024,,0.8229999999999791,1.5480000000000018,2.0159999999999627,0.7740000000000009,0.5259999999999536,"{('cu', 'start'): 697.19, ('cu', 'h2dmalloc'): 697.255, ('cu', 'h2d'): 697.307, ('cu', 'workest'): 697.374, ('cu', 'compute'): 697.907, ('cu', 'copy'): 698.044, ('cu', 'pack'): 698.13, ('cu', 'd2h'): 698.469, ('gust', 'start'): 698.645, ('gust', 'h2d'): 698.76, ('gust', 'count'): 698.788, ('gust', 'scan'): 698.842, ('gust', 'expand'): 699.027, ('gust', 'sort'): 699.592, ('gust', 'reduce'): 699.787, ('gust', 'final'): 700.276, ('gust', 'pack'): 700.308, ('gust', 'd2h'): 700.444, ('merge', 'start'): 700.64, ('merge', 'h2d'): 700.758, ('merge', 'count'): 700.788, ('merge', 'scan'): 700.836, ('merge', 'expand'): 701.189, ('merge', 'merge'): 702.22, ('merge', 'final'): 702.435, ('merge', 'compact'): 702.689, ('merge', 'pack'): 702.774, ('merge', 'd2h'): 702.911, ('mrg2', 'start'): 703.167, ('mrg2', 'h2d'): 703.279, ('mrg2', 'count'): 703.308, ('mrg2', 'scan'): 703.352, ('mrg2', 'merge'): 703.649, ('mrg2', 'final'): 703.705, ('mrg2', 'compact'): 703.967, ('mrg2', 'pack'): 704.053, ('mrg2', 'd2h'): 704.189, ('mrg3', 'start'): 704.444, ('mrg3', 'h2d'): 704.556, ('mrg3', 'count'): 704.687, ('mrg3', 'scan'): 704.746, ('mrg3', 'merge'): 704.997, ('mrg3', 'pack'): 705.082, ('mrg3', 'd2h'): 705.219}",0.3842159640043974,0.4641600011149421
Mildly sparse,can_445,445,3809,1.923494508269158,11193,11193,11193,11193,11193,0.0,,0.05600000000004002,0.16699999999991633,0.05700000000001637,0.03099999999994907,0.2799999999999727,0.509,,,,,0.529,0.499,0.384,0.343,,0.30299999999999727,0.33399999999994634,0.2859999999999445,0.20000000000004547,0.16099999999994452,"{('cu', 'start'): 664.58, ('cu', 'h2dmalloc'): 664.651, ('cu', 'h2d'): 664.668, ('cu', 'workest'): 664.724, ('cu', 'compute'): 664.891, ('cu', 'copy'): 664.948, ('cu', 'pack'): 664.971, ('cu', 'd2h'): 665.002, ('gust', 'start'): 665.097, ('gust', 'h2d'): 665.177, ('gust', 'count'): 665.201, ('gust', 'scan'): 665.238, ('gust', 'expand'): 665.264, ('gust', 'sort'): 665.393, ('gust', 'reduce'): 665.435, ('gust', 'final'): 665.491, ('gust', 'pack'): 665.511, ('gust', 'd2h'): 665.535, ('merge', 'start'): 665.633, ('merge', 'h2d'): 665.74, ('merge', 'count'): 665.765, ('merge', 'scan'): 665.805, ('merge', 'expand'): 665.841, ('merge', 'merge'): 665.941, ('merge', 'final'): 665.982, ('merge', 'compact'): 666.007, ('merge', 'pack'): 666.026, ('merge', 'd2h'): 666.043, ('mrg2', 'start'): 666.139, ('mrg2', 'h2d'): 666.218, ('mrg2', 'count'): 666.24, ('mrg2', 'scan'): 666.275, ('mrg2', 'merge'): 666.339, ('mrg2', 'final'): 666.374, ('mrg2', 'compact'): 666.399, ('mrg2', 'pack'): 666.418, ('mrg2', 'd2h'): 666.435, ('mrg3', 'start'): 666.529, ('mrg3', 'h2d'): 666.604, ('mrg3', 'count'): 666.639, ('mrg3', 'scan'): 666.705, ('mrg3', 'merge'): 666.746, ('mrg3', 'pack'): 666.765, ('mrg3', 'd2h'): 666.782}",0.0606849789619445,0.3086080001667142
Mildly sparse,bcsstm10,1086,22092,1.8731621948861958,54504,54504,54504,54504,54504,0.0,,0.06399999999996453,0.2900000000000773,0.06499999999994088,0.14999999999997726,0.4189999999999827,0.787,,,,,1.317,1.296,0.747,0.452,,0.4479999999999791,1.01400000000001,1.0070000000000618,0.4500000000000455,0.2139999999999418,"{('cu', 'start'): 677.59, ('cu', 'h2dmalloc'): 677.658, ('cu', 'h2d'): 677.688, ('cu', 'workest'): 677.752, ('cu', 'compute'): 678.042, ('cu', 'copy'): 678.107, ('cu', 'pack'): 678.136, ('cu', 'd2h'): 678.286, ('gust', 'start'): 678.387, ('gust', 'h2d'): 678.483, ('gust', 'count'): 678.509, ('gust', 'scan'): 678.553, ('gust', 'expand'): 678.735, ('gust', 'sort'): 679.029, ('gust', 'reduce'): 679.205, ('gust', 'final'): 679.461, ('gust', 'pack'): 679.497, ('gust', 'd2h'): 679.541, ('merge', 'start'): 679.71, ('merge', 'h2d'): 679.81, ('merge', 'count'): 679.84, ('merge', 'scan'): 679.881, ('merge', 'expand'): 680.109, ('merge', 'merge'): 680.507, ('merge', 'final'): 680.629, ('merge', 'compact'): 680.79, ('merge', 'pack'): 680.817, ('merge', 'd2h'): 680.861, ('mrg2', 'start'): 681.013, ('mrg2', 'h2d'): 681.107, ('mrg2', 'count'): 681.133, ('mrg2', 'scan'): 681.172, ('mrg2', 'merge'): 681.384, ('mrg2', 'final'): 681.43, ('mrg2', 'compact'): 681.532, ('mrg2', 'pack'): 681.557, ('mrg2', 'd2h'): 681.602, ('mrg3', 'start'): 681.767, ('mrg3', 'h2d'): 681.86, ('mrg3', 'count'): 681.916, ('mrg3', 'scan'): 681.972, ('mrg3', 'merge'): 682.05, ('mrg3', 'pack'): 682.074, ('mrg3', 'd2h'): 682.119}",0.1173790078610181,0.4541056008310988
Mildly sparse,bcsstk10,1086,22070,1.8712968332943305,54504,54504,54504,54504,54504,0.0,,0.06700000000000728,0.27300000000002456,0.06499999999994088,0.14199999999993906,0.4049999999999727,0.759,,,,,1.232,1.242,0.709,0.45,,0.43100000000004,0.94399999999996,0.9510000000000218,0.43000000000006366,0.21299999999996544,"{('cu', 'start'): 653.028, ('cu', 'h2dmalloc'): 653.101, ('cu', 'h2d'): 653.134, ('cu', 'workest'): 653.201, ('cu', 'compute'): 653.474, ('cu', 'copy'): 653.539, ('cu', 'pack'): 653.565, ('cu', 'd2h'): 653.707, ('gust', 'start'): 653.798, ('gust', 'h2d'): 653.892, ('gust', 'count'): 653.919, ('gust', 'scan'): 653.959, ('gust', 'expand'): 654.118, ('gust', 'sort'): 654.394, ('gust', 'reduce'): 654.556, ('gust', 'final'): 654.799, ('gust', 'pack'): 654.836, ('gust', 'd2h'): 654.883, ('merge', 'start'): 655.035, ('merge', 'h2d'): 655.135, ('merge', 'count'): 655.162, ('merge', 'scan'): 655.202, ('merge', 'expand'): 655.407, ('merge', 'merge'): 655.791, ('merge', 'final'): 655.905, ('merge', 'compact'): 656.049, ('merge', 'pack'): 656.086, ('merge', 'd2h'): 656.135, ('mrg2', 'start'): 656.286, ('mrg2', 'h2d'): 656.376, ('mrg2', 'count'): 656.403, ('mrg2', 'scan'): 656.44, ('mrg2', 'merge'): 656.639, ('mrg2', 'final'): 656.682, ('mrg2', 'compact'): 656.774, ('mrg2', 'pack'): 656.806, ('mrg2', 'd2h'): 656.854, ('mrg3', 'start'): 657.003, ('mrg3', 'h2d'): 657.097, ('mrg3', 'count'): 657.156, ('mrg3', 'scan'): 657.211, ('mrg3', 'merge'): 657.287, ('mrg3', 'pack'): 657.31, ('mrg3', 'd2h'): 657.357}",0.1465240493416786,0.4505983996903523
Mildly sparse,can_634,634,7228,1.7982067689000787,25446,25446,25446,25446,25446,0.0,,0.05499999999994998,0.24900000000002365,0.06100000000003547,0.1150000000000091,0.3650000000000091,0.652,,,,,0.866,0.643,0.416,0.37,,0.3849999999999909,0.6620000000000346,0.4560000000000173,0.22700000000008913,0.18200000000001637,"{('cu', 'start'): 671.863, ('cu', 'h2dmalloc'): 671.924, ('cu', 'h2d'): 671.942, ('cu', 'workest'): 671.997, ('cu', 'compute'): 672.246, ('cu', 'copy'): 672.307, ('cu', 'pack'): 672.327, ('cu', 'd2h'): 672.442, ('gust', 'start'): 672.526, ('gust', 'h2d'): 672.607, ('gust', 'count'): 672.631, ('gust', 'scan'): 672.672, ('gust', 'expand'): 672.702, ('gust', 'sort'): 672.987, ('gust', 'reduce'): 673.112, ('gust', 'final'): 673.243, ('gust', 'pack'): 673.269, ('gust', 'd2h'): 673.301, ('merge', 'start'): 673.399, ('merge', 'h2d'): 673.478, ('merge', 'count'): 673.502, ('merge', 'scan'): 673.54, ('merge', 'expand'): 673.603, ('merge', 'merge'): 673.855, ('merge', 'final'): 673.893, ('merge', 'compact'): 673.917, ('merge', 'pack'): 673.934, ('merge', 'd2h'): 673.96, ('mrg2', 'start'): 674.051, ('mrg2', 'h2d'): 674.127, ('mrg2', 'count'): 674.149, ('mrg2', 'scan'): 674.196, ('mrg2', 'merge'): 674.277, ('mrg2', 'final'): 674.312, ('mrg2', 'compact'): 674.335, ('mrg2', 'pack'): 674.354, ('mrg2', 'd2h'): 674.38, ('mrg3', 'start'): 674.472, ('mrg3', 'h2d'): 674.548, ('mrg3', 'count'): 674.593, ('mrg3', 'scan'): 674.645, ('mrg3', 'merge'): 674.711, ('mrg3', 'pack'): 674.73, ('mrg3', 'd2h'): 674.755}",0.0726208090782165,0.3377055994002148
Mildly sparse,bcsstk11,1473,34241,1.578123350888521,94187,94187,94187,94187,94187,0.0,,0.07799999999997453,0.3269999999999982,0.07799999999997453,0.17999999999994998,0.48299999999994725,1.027,,,,,1.426,1.346,0.763,0.507,,0.6009999999999991,1.1520000000000437,1.0889999999999418,0.5099999999999909,0.2520000000000664,"{('cu', 'start'): 719.383, ('cu', 'h2dmalloc'): 719.445, ('cu', 'h2d'): 719.485, ('cu', 'workest'): 719.563, ('cu', 'compute'): 719.89, ('cu', 'copy'): 719.968, ('cu', 'pack'): 720.086, ('cu', 'd2h'): 720.266, ('gust', 'start'): 720.425, ('gust', 'h2d'): 720.525, ('gust', 'count'): 720.559, ('gust', 'scan'): 720.608, ('gust', 'expand'): 720.778, ('gust', 'sort'): 721.12, ('gust', 'reduce'): 721.305, ('gust', 'final'): 721.626, ('gust', 'pack'): 721.677, ('gust', 'd2h'): 721.748, ('merge', 'start'): 721.857, ('merge', 'h2d'): 721.96, ('merge', 'count'): 721.994, ('merge', 'scan'): 722.038, ('merge', 'expand'): 722.26, ('merge', 'merge'): 722.695, ('merge', 'final'): 722.875, ('merge', 'compact'): 723.019, ('merge', 'pack'): 723.049, ('merge', 'd2h'): 723.121, ('mrg2', 'start'): 723.214, ('mrg2', 'h2d'): 723.314, ('mrg2', 'count'): 723.344, ('mrg2', 'scan'): 723.386, ('mrg2', 'merge'): 723.596, ('mrg2', 'final'): 723.639, ('mrg2', 'compact'): 723.794, ('mrg2', 'pack'): 723.824, ('mrg2', 'd2h'): 723.894, ('mrg3', 'start'): 723.986, ('mrg3', 'h2d'): 724.078, ('mrg3', 'count'): 724.151, ('mrg3', 'scan'): 724.215, ('mrg3', 'merge'): 724.305, ('mrg3', 'pack'): 724.33, ('mrg3', 'd2h'): 724.401}",0.2499658148735761,0.504646399570629
Mildly sparse,bcsstk12,1473,34241,1.578123350888521,94187,94187,94187,94187,94187,0.0,,0.06600000000003092,0.3100000000000591,0.06699999999989359,0.17399999999997817,0.44299999999998363,0.988,,,,,1.356,1.321,0.725,0.485,,0.5520000000000209,1.0900000000000318,1.06899999999996,0.4819999999999709,0.23500000000001364,"{('cu', 'start'): 693.992, ('cu', 'h2dmalloc'): 694.058, ('cu', 'h2d'): 694.093, ('cu', 'workest'): 694.159, ('cu', 'compute'): 694.469, ('cu', 'copy'): 694.536, ('cu', 'pack'): 694.645, ('cu', 'd2h'): 694.819, ('gust', 'start'): 694.986, ('gust', 'h2d'): 695.082, ('gust', 'count'): 695.108, ('gust', 'scan'): 695.149, ('gust', 'expand'): 695.304, ('gust', 'sort'): 695.631, ('gust', 'reduce'): 695.814, ('gust', 'final'): 696.136, ('gust', 'pack'): 696.172, ('gust', 'd2h'): 696.242, ('merge', 'start'): 696.35, ('merge', 'h2d'): 696.45, ('merge', 'count'): 696.48, ('merge', 'scan'): 696.519, ('merge', 'expand'): 696.734, ('merge', 'merge'): 697.167, ('merge', 'final'): 697.339, ('merge', 'compact'): 697.494, ('merge', 'pack'): 697.519, ('merge', 'd2h'): 697.59, ('mrg2', 'start'): 697.68, ('mrg2', 'h2d'): 697.774, ('mrg2', 'count'): 697.801, ('mrg2', 'scan'): 697.839, ('mrg2', 'merge'): 698.05, ('mrg2', 'final'): 698.088, ('mrg2', 'compact'): 698.232, ('mrg2', 'pack'): 698.256, ('mrg2', 'd2h'): 698.325, ('mrg3', 'start'): 698.413, ('mrg3', 'h2d'): 698.502, ('mrg3', 'count'): 698.573, ('mrg3', 'scan'): 698.63, ('mrg3', 'merge'): 698.715, ('mrg3', 'pack'): 698.737, ('mrg3', 'd2h'): 698.807}",0.2321570646017789,0.4960063994862139
Mildly sparse,bcsstk09,1083,18437,1.5719305066378828,71289,71289,71289,71289,71289,0.0,,0.07899999999995089,0.27500000000009095,0.07799999999997453,0.15199999999992997,0.43200000000001637,0.784,,,,,1.19,1.084,0.65,0.465,,0.4600000000000364,0.8880000000000337,0.8569999999999709,0.4149999999999636,0.22400000000004638,"{('cu', 'start'): 697.469, ('cu', 'h2dmalloc'): 697.535, ('cu', 'h2d'): 697.562, ('cu', 'workest'): 697.641, ('cu', 'compute'): 697.916, ('cu', 'copy'): 697.994, ('cu', 'pack'): 698.022, ('cu', 'd2h'): 698.174, ('gust', 'start'): 698.267, ('gust', 'h2d'): 698.361, ('gust', 'count'): 698.392, ('gust', 'scan'): 698.438, ('gust', 'expand'): 698.546, ('gust', 'sort'): 698.825, ('gust', 'reduce'): 699.007, ('gust', 'final'): 699.208, ('gust', 'pack'): 699.249, ('gust', 'd2h'): 699.307, ('merge', 'start'): 699.463, ('merge', 'h2d'): 699.551, ('merge', 'count'): 699.578, ('merge', 'scan'): 699.621, ('merge', 'expand'): 699.756, ('merge', 'merge'): 700.111, ('merge', 'final'): 700.234, ('merge', 'compact'): 700.378, ('merge', 'pack'): 700.408, ('merge', 'd2h'): 700.465, ('mrg2', 'start'): 700.562, ('mrg2', 'h2d'): 700.652, ('mrg2', 'count'): 700.677, ('mrg2', 'scan'): 700.723, ('mrg2', 'merge'): 700.873, ('mrg2', 'final'): 700.938, ('mrg2', 'compact'): 701.038, ('mrg2', 'pack'): 701.067, ('mrg2', 'd2h'): 701.124, ('mrg3', 'start'): 701.223, ('mrg3', 'h2d'): 701.309, ('mrg3', 'count'): 701.367, ('mrg3', 'scan'): 701.431, ('mrg3', 'merge'): 701.508, ('mrg3', 'pack'): 701.533, ('mrg3', 'd2h'): 701.59}",0.1308119390159845,0.3117823994951322
Mildly sparse,bcsstm02,66,66,1.5151515151515151,66,66,66,66,66,0.0,,0.05700000000001637,0.15099999999995362,0.051000000000044565,0.02400000000000091,0.25900000000001455,0.461,,,,,0.416,0.365,0.328,0.293,,0.27899999999999636,0.23900000000003274,0.18299999999999272,0.15300000000002,0.1150000000000091,"{('cu', 'start'): 673.729, ('cu', 'h2dmalloc'): 673.792, ('cu', 'h2d'): 673.806, ('cu', 'workest'): 673.863, ('cu', 'compute'): 674.014, ('cu', 'copy'): 674.065, ('cu', 'pack'): 674.085, ('cu', 'd2h'): 674.109, ('gust', 'start'): 674.199, ('gust', 'h2d'): 674.275, ('gust', 'count'): 674.295, ('gust', 'scan'): 674.331, ('gust', 'expand'): 674.352, ('gust', 'sort'): 674.397, ('gust', 'reduce'): 674.442, ('gust', 'final'): 674.494, ('gust', 'pack'): 674.514, ('gust', 'd2h'): 674.524, ('merge', 'start'): 674.629, ('merge', 'h2d'): 674.708, ('merge', 'count'): 674.729, ('merge', 'scan'): 674.766, ('merge', 'expand'): 674.786, ('merge', 'merge'): 674.807, ('merge', 'final'): 674.846, ('merge', 'compact'): 674.871, ('merge', 'pack'): 674.891, ('merge', 'd2h'): 674.902, ('mrg2', 'start'): 674.993, ('mrg2', 'h2d'): 675.067, ('mrg2', 'count'): 675.086, ('mrg2', 'scan'): 675.121, ('mrg2', 'merge'): 675.146, ('mrg2', 'final'): 675.177, ('mrg2', 'compact'): 675.2, ('mrg2', 'pack'): 675.22, ('mrg2', 'd2h'): 675.229, ('mrg3', 'start'): 675.329, ('mrg3', 'h2d'): 675.412, ('mrg3', 'count'): 675.438, ('mrg3', 'scan'): 675.488, ('mrg3', 'merge'): 675.51, ('mrg3', 'pack'): 675.527, ('mrg3', 'd2h'): 675.537}",0.0471249222755432,0.1741920011816546
Mildly sparse,can_838,838,10010,1.4254304771560882,51156,51156,51156,51156,51156,0.0,,0.057999999999992724,0.2520000000000664,0.06200000000001182,0.1309999999999718,0.37200000000007094,0.7,,,,,0.845,1.046,0.473,0.392,,0.39800000000002456,0.5629999999999882,0.7789999999999964,0.25900000000001455,0.18500000000005912,"{('cu', 'start'): 670.716, ('cu', 'h2dmalloc'): 670.78, ('cu', 'h2d'): 670.8, ('cu', 'workest'): 670.858, ('cu', 'compute'): 671.11, ('cu', 'copy'): 671.172, ('cu', 'pack'): 671.198, ('cu', 'd2h'): 671.329, ('gust', 'start'): 671.425, ('gust', 'h2d'): 671.509, ('gust', 'count'): 671.534, ('gust', 'scan'): 671.574, ('gust', 'expand'): 671.608, ('gust', 'sort'): 671.873, ('gust', 'reduce'): 671.984, ('gust', 'final'): 672.05, ('gust', 'pack'): 672.072, ('gust', 'd2h'): 672.12, ('merge', 'start'): 672.276, ('merge', 'h2d'): 672.354, ('merge', 'count'): 672.381, ('merge', 'scan'): 672.419, ('merge', 'expand'): 672.497, ('merge', 'merge'): 673.045, ('merge', 'final'): 673.088, ('merge', 'compact'): 673.115, ('merge', 'pack'): 673.133, ('merge', 'd2h'): 673.175, ('mrg2', 'start'): 673.329, ('mrg2', 'h2d'): 673.413, ('mrg2', 'count'): 673.439, ('mrg2', 'scan'): 673.476, ('mrg2', 'merge'): 673.592, ('mrg2', 'final'): 673.628, ('mrg2', 'compact'): 673.652, ('mrg2', 'pack'): 673.672, ('mrg2', 'd2h'): 673.714, ('mrg3', 'start'): 673.807, ('mrg3', 'h2d'): 673.885, ('mrg3', 'count'): 673.935, ('mrg3', 'scan'): 673.989, ('mrg3', 'merge'): 674.05, ('mrg3', 'pack'): 674.07, ('mrg3', 'd2h'): 674.111}",0.0951960682868957,0.284998399298638
Mildly sparse,bcsstk20,485,3135,1.3327665001594218,5545,5545,5545,5545,5545,0.0,,0.06200000000001182,0.1610000000000582,0.05999999999994543,0.028999999999996362,0.28300000000001546,0.506,,,,,0.552,0.428,0.38,0.33,,0.30500000000006366,0.34400000000005093,0.2380000000000564,0.18299999999999272,0.14000000000010004,"{('cu', 'start'): 681.964, ('cu', 'h2dmalloc'): 682.027, ('cu', 'h2d'): 682.044, ('cu', 'workest'): 682.106, ('cu', 'compute'): 682.267, ('cu', 'copy'): 682.327, ('cu', 'pack'): 682.349, ('cu', 'd2h'): 682.378, ('gust', 'start'): 682.48, ('gust', 'h2d'): 682.559, ('gust', 'count'): 682.583, ('gust', 'scan'): 682.622, ('gust', 'expand'): 682.647, ('gust', 'sort'): 682.77, ('gust', 'reduce'): 682.823, ('gust', 'final'): 682.882, ('gust', 'pack'): 682.903, ('gust', 'd2h'): 682.917, ('merge', 'start'): 683.037, ('merge', 'h2d'): 683.117, ('merge', 'count'): 683.142, ('merge', 'scan'): 683.179, ('merge', 'expand'): 683.212, ('merge', 'merge'): 683.27, ('merge', 'final'): 683.311, ('merge', 'compact'): 683.337, ('merge', 'pack'): 683.355, ('merge', 'd2h'): 683.369, ('mrg2', 'start'): 683.472, ('mrg2', 'h2d'): 683.547, ('mrg2', 'count'): 683.571, ('mrg2', 'scan'): 683.61, ('mrg2', 'merge'): 683.646, ('mrg2', 'final'): 683.686, ('mrg2', 'compact'): 683.711, ('mrg2', 'pack'): 683.73, ('mrg2', 'd2h'): 683.743, ('mrg3', 'start'): 683.858, ('mrg3', 'h2d'): 683.935, ('mrg3', 'count'): 683.968, ('mrg3', 'scan'): 684.021, ('mrg3', 'merge'): 684.056, ('mrg3', 'pack'): 684.075, ('mrg3', 'd2h'): 684.089}",0.0639951322227716,0.2054783993400633
Mildly sparse,can_715,715,6665,1.3037312338011637,39785,39785,39785,39785,39785,0.0,,0.05599999999992633,0.24500000000000455,0.06200000000001182,0.1330000000000382,0.3629999999999427,0.688,,,,,0.82,1.968,0.612,0.739,,0.3829999999999245,0.6169999999999618,1.7719999999999345,0.4149999999999636,0.5480000000000018,"{('cu', 'start'): 672.64, ('cu', 'h2dmalloc'): 672.715, ('cu', 'h2d'): 672.734, ('cu', 'workest'): 672.79, ('cu', 'compute'): 673.035, ('cu', 'copy'): 673.097, ('cu', 'pack'): 673.117, ('cu', 'd2h'): 673.25, ('gust', 'start'): 673.336, ('gust', 'h2d'): 673.413, ('gust', 'count'): 673.441, ('gust', 'scan'): 673.48, ('gust', 'expand'): 673.516, ('gust', 'sort'): 673.775, ('gust', 'reduce'): 673.883, ('gust', 'final'): 674.006, ('gust', 'pack'): 674.03, ('gust', 'd2h'): 674.071, ('merge', 'start'): 674.163, ('merge', 'h2d'): 674.239, ('merge', 'count'): 674.269, ('merge', 'scan'): 674.306, ('merge', 'expand'): 674.433, ('merge', 'merge'): 675.931, ('merge', 'final'): 675.97, ('merge', 'compact'): 675.993, ('merge', 'pack'): 676.011, ('merge', 'd2h'): 676.045, ('mrg2', 'start'): 676.139, ('mrg2', 'h2d'): 676.216, ('mrg2', 'count'): 676.242, ('mrg2', 'scan'): 676.277, ('mrg2', 'merge'): 676.557, ('mrg2', 'final'): 676.591, ('mrg2', 'compact'): 676.613, ('mrg2', 'pack'): 676.631, ('mrg2', 'd2h'): 676.666, ('mrg3', 'start'): 676.756, ('mrg3', 'h2d'): 676.833, ('mrg3', 'count'): 677.047, ('mrg3', 'scan'): 677.098, ('mrg3', 'merge'): 677.362, ('mrg3', 'pack'): 677.381, ('mrg3', 'd2h'): 677.415}",0.0805750023573637,0.3541727996896952
Mildly sparse,bcsstk24,3562,159910,1.2603402122535554,446474,446474,446474,446474,446474,0.0,,0.125,0.8179999999999836,0.17999999999994998,0.6380000000000337,1.1229999999999336,2.175,,,,,3.17,3.912,1.607,1.521,,1.2149999999999181,2.38900000000001,3.1560000000000628,0.8509999999999991,0.7759999999999536,"{('cu', 'start'): 750.191, ('cu', 'h2dmalloc'): 750.251, ('cu', 'h2d'): 750.354, ('cu', 'workest'): 750.479, ('cu', 'compute'): 751.297, ('cu', 'copy'): 751.477, ('cu', 'pack'): 751.569, ('cu', 'd2h'): 752.207, ('gust', 'start'): 752.377, ('gust', 'h2d'): 752.54, ('gust', 'count'): 752.572, ('gust', 'scan'): 752.616, ('gust', 'expand'): 752.832, ('gust', 'sort'): 754.032, ('gust', 'reduce'): 754.3, ('gust', 'final'): 754.836, ('gust', 'pack'): 754.929, ('gust', 'd2h'): 755.259, ('merge', 'start'): 755.557, ('merge', 'h2d'): 755.723, ('merge', 'count'): 755.76, ('merge', 'scan'): 755.803, ('merge', 'expand'): 756.336, ('merge', 'merge'): 758.301, ('merge', 'final'): 758.5, ('merge', 'compact'): 758.791, ('merge', 'pack'): 758.879, ('merge', 'd2h'): 759.203, ('mrg2', 'start'): 759.476, ('mrg2', 'h2d'): 759.639, ('mrg2', 'count'): 759.668, ('mrg2', 'scan'): 759.712, ('mrg2', 'merge'): 760.088, ('mrg2', 'final'): 760.13, ('mrg2', 'compact'): 760.403, ('mrg2', 'pack'): 760.49, ('mrg2', 'd2h'): 760.813, ('mrg3', 'start'): 761.09, ('mrg3', 'h2d'): 761.248, ('mrg3', 'count'): 761.46, ('mrg3', 'scan'): 761.517, ('mrg3', 'merge'): 761.928, ('mrg3', 'pack'): 762.024, ('mrg3', 'd2h'): 762.349}",2.6039909571409225,0.5950783999171109
Mildly sparse,bcsstk16,4884,290378,1.2173414200441228,1038782,1038782,1038782,1038782,1038782,0.0,,0.19699999999988904,1.2800000000000864,0.1959999999999127,1.2200000000000273,1.6729999999998881,3.367,,,,,5.836,9.931,2.877,3.108,,1.7639999999998963,4.326999999999998,8.593000000000075,1.5600000000000591,1.8019999999999072,"{('cu', 'start'): 796.6, ('cu', 'h2dmalloc'): 796.662, ('cu', 'h2d'): 796.839, ('cu', 'workest'): 797.036, ('cu', 'compute'): 798.316, ('cu', 'copy'): 798.512, ('cu', 'pack'): 798.603, ('cu', 'd2h'): 799.823, ('gust', 'start'): 799.977, ('gust', 'h2d'): 800.364, ('gust', 'count'): 800.517, ('gust', 'scan'): 800.569, ('gust', 'expand'): 800.921, ('gust', 'sort'): 803.492, ('gust', 'reduce'): 803.881, ('gust', 'final'): 804.56, ('gust', 'pack'): 804.691, ('gust', 'd2h'): 805.427, ('merge', 'start'): 805.821, ('merge', 'h2d'): 806.064, ('merge', 'count'): 806.164, ('merge', 'scan'): 806.215, ('merge', 'expand'): 807.453, ('merge', 'merge'): 813.944, ('merge', 'final'): 814.196, ('merge', 'compact'): 814.547, ('merge', 'pack'): 814.657, ('merge', 'd2h'): 815.393, ('mrg2', 'start'): 815.762, ('mrg2', 'h2d'): 815.997, ('mrg2', 'count'): 816.089, ('mrg2', 'scan'): 816.138, ('mrg2', 'merge'): 817.087, ('mrg2', 'final'): 817.133, ('mrg2', 'compact'): 817.447, ('mrg2', 'pack'): 817.557, ('mrg2', 'd2h'): 818.292, ('mrg3', 'start'): 818.646, ('mrg3', 'h2d'): 818.883, ('mrg3', 'count'): 819.539, ('mrg3', 'scan'): 819.601, ('mrg3', 'merge'): 820.577, ('mrg3', 'pack'): 820.685, ('mrg3', 'd2h'): 821.421}",6.905617192387581,0.7818528007483111
Mildly sparse,bcsstk28,4410,219024,1.1261974177426073,596072,596072,596072,596072,596072,0.0,,0.14800000000002456,1.044999999999959,0.19000000000005457,0.8079999999999927,1.3830000000000382,2.67,,,,,4.129,6.184,2.197,2.021,,1.490000000000009,3.1520000000000437,5.240000000000009,1.2649999999999864,1.1000000000000227,"{('cu', 'start'): 756.372, ('cu', 'h2dmalloc'): 756.439, ('cu', 'h2d'): 756.582, ('cu', 'workest'): 756.73, ('cu', 'compute'): 757.775, ('cu', 'copy'): 757.965, ('cu', 'pack'): 758.072, ('cu', 'd2h'): 758.88, ('gust', 'start'): 759.056, ('gust', 'h2d'): 759.27, ('gust', 'count'): 759.303, ('gust', 'scan'): 759.349, ('gust', 'expand'): 759.681, ('gust', 'sort'): 761.359, ('gust', 'reduce'): 761.673, ('gust', 'final'): 762.325, ('gust', 'pack'): 762.422, ('gust', 'd2h'): 762.815, ('merge', 'start'): 763.19, ('merge', 'h2d'): 763.405, ('merge', 'count'): 763.442, ('merge', 'scan'): 763.487, ('merge', 'expand'): 764.436, ('merge', 'merge'): 767.923, ('merge', 'final'): 768.192, ('merge', 'compact'): 768.548, ('merge', 'pack'): 768.645, ('merge', 'd2h'): 769.039, ('mrg2', 'start'): 769.382, ('mrg2', 'h2d'): 769.592, ('mrg2', 'count'): 769.628, ('mrg2', 'scan'): 769.673, ('mrg2', 'merge'): 770.36, ('mrg2', 'final'): 770.407, ('mrg2', 'compact'): 770.757, ('mrg2', 'pack'): 770.857, ('mrg2', 'd2h'): 771.25, ('mrg3', 'start'): 771.587, ('mrg3', 'h2d'): 771.794, ('mrg3', 'count'): 772.126, ('mrg3', 'scan'): 772.186, ('mrg3', 'merge'): 772.804, ('mrg3', 'pack'): 772.894, ('mrg3', 'd2h'): 773.284}",5.049543222412467,0.7356896013952792
Mildly sparse,bcsstk08,1074,12960,1.1235604381885709,305612,305612,305612,305612,305612,0.0,,0.07400000000006912,0.36799999999993815,0.13999999999998636,0.4029999999999063,0.5819999999999936,1.362,,,,,2.023,21.651,2.672,2.177,,0.7030000000000882,1.4540000000000646,21.096000000000004,2.1100000000000136,1.6240000000000236,"{('cu', 'start'): 775.318, ('cu', 'h2dmalloc'): 775.385, ('cu', 'h2d'): 775.41, ('cu', 'workest'): 775.484, ('cu', 'compute'): 775.852, ('cu', 'copy'): 775.992, ('cu', 'pack'): 776.113, ('cu', 'd2h'): 776.516, ('gust', 'start'): 776.692, ('gust', 'h2d'): 776.789, ('gust', 'count'): 776.835, ('gust', 'scan'): 776.888, ('gust', 'expand'): 777.092, ('gust', 'sort'): 777.441, ('gust', 'reduce'): 777.639, ('gust', 'final'): 778.133, ('gust', 'pack'): 778.243, ('gust', 'd2h'): 778.449, ('merge', 'start'): 778.721, ('merge', 'h2d'): 778.813, ('merge', 'count'): 778.854, ('merge', 'scan'): 778.9, ('merge', 'expand'): 779.515, ('merge', 'merge'): 799.287, ('merge', 'final'): 799.546, ('merge', 'compact'): 799.811, ('merge', 'pack'): 799.909, ('merge', 'd2h'): 800.115, ('mrg2', 'start'): 800.381, ('mrg2', 'h2d'): 800.484, ('mrg2', 'count'): 800.524, ('mrg2', 'scan'): 800.572, ('mrg2', 'merge'): 802.175, ('mrg2', 'final'): 802.225, ('mrg2', 'compact'): 802.487, ('mrg2', 'pack'): 802.594, ('mrg2', 'd2h'): 802.802, ('mrg3', 'start'): 803.061, ('mrg3', 'h2d'): 803.15, ('mrg3', 'count'): 803.755, ('mrg3', 'scan'): 803.822, ('mrg3', 'merge'): 804.675, ('mrg3', 'pack'): 804.774, ('mrg3', 'd2h'): 804.98}",0.137491850182414,0.3552447998896241
Mildly sparse,can_1054,1054,12196,1.097832779436069,60248,60248,60248,60248,60248,0.0,,0.06600000000003092,0.26900000000000546,0.06399999999996453,0.1490000000000009,0.3990000000000009,0.75,,,,,1.07,1.139,0.523,0.458,,0.4210000000000491,0.7730000000000246,0.8450000000000273,0.2960000000000491,0.23099999999999454,"{('cu', 'start'): 683.908, ('cu', 'h2dmalloc'): 683.978, ('cu', 'h2d'): 684.0, ('cu', 'workest'): 684.066, ('cu', 'compute'): 684.335, ('cu', 'copy'): 684.399, ('cu', 'pack'): 684.421, ('cu', 'd2h'): 684.57, ('gust', 'start'): 684.666, ('gust', 'h2d'): 684.756, ('gust', 'count'): 684.786, ('gust', 'scan'): 684.829, ('gust', 'expand'): 684.943, ('gust', 'sort'): 685.216, ('gust', 'reduce'): 685.35, ('gust', 'final'): 685.495, ('gust', 'pack'): 685.529, ('gust', 'd2h'): 685.577, ('merge', 'start'): 685.743, ('merge', 'h2d'): 685.831, ('merge', 'count'): 685.856, ('merge', 'scan'): 685.895, ('merge', 'expand'): 686.043, ('merge', 'merge'): 686.587, ('merge', 'final'): 686.632, ('merge', 'compact'): 686.658, ('merge', 'pack'): 686.676, ('merge', 'd2h'): 686.724, ('mrg2', 'start'): 686.888, ('mrg2', 'h2d'): 686.973, ('mrg2', 'count'): 686.997, ('mrg2', 'scan'): 687.044, ('mrg2', 'merge'): 687.189, ('mrg2', 'final'): 687.226, ('mrg2', 'compact'): 687.25, ('mrg2', 'pack'): 687.269, ('mrg2', 'd2h'): 687.316, ('mrg3', 'start'): 687.42, ('mrg3', 'h2d'): 687.51, ('mrg3', 'count'): 687.58, ('mrg3', 'scan'): 687.633, ('mrg3', 'merge'): 687.722, ('mrg3', 'pack'): 687.741, ('mrg3', 'd2h'): 687.789}",0.1100669614970684,0.2896095997421071
Mildly sparse,can_1072,1072,12444,1.0828553129873024,62316,62316,62316,62316,62316,0.0,,0.07400000000006912,0.2719999999999345,0.07699999999999818,0.15399999999999636,0.4230000000000018,0.793,,,,,1.11,1.344,0.559,0.517,,0.4530000000000882,0.7779999999999063,1.1029999999999518,0.31900000000007367,0.26100000000008095,"{('cu', 'start'): 680.767, ('cu', 'h2dmalloc'): 680.834, ('cu', 'h2d'): 680.862, ('cu', 'workest'): 680.936, ('cu', 'compute'): 681.208, ('cu', 'copy'): 681.285, ('cu', 'pack'): 681.315, ('cu', 'd2h'): 681.469, ('gust', 'start'): 681.57, ('gust', 'h2d'): 681.666, ('gust', 'count'): 681.696, ('gust', 'scan'): 681.743, ('gust', 'expand'): 681.848, ('gust', 'sort'): 682.128, ('gust', 'reduce'): 682.249, ('gust', 'final'): 682.403, ('gust', 'pack'): 682.444, ('gust', 'd2h'): 682.497, ('merge', 'start'): 682.689, ('merge', 'h2d'): 682.777, ('merge', 'count'): 682.808, ('merge', 'scan'): 682.851, ('merge', 'expand'): 683.0, ('merge', 'merge'): 683.609, ('merge', 'final'): 683.671, ('merge', 'compact'): 683.849, ('merge', 'pack'): 683.88, ('merge', 'd2h'): 683.931, ('mrg2', 'start'): 684.043, ('mrg2', 'h2d'): 684.127, ('mrg2', 'count'): 684.155, ('mrg2', 'scan'): 684.199, ('mrg2', 'merge'): 684.349, ('mrg2', 'final'): 684.394, ('mrg2', 'compact'): 684.424, ('mrg2', 'pack'): 684.446, ('mrg2', 'd2h'): 684.498, ('mrg3', 'start'): 684.61, ('mrg3', 'h2d'): 684.699, ('mrg3', 'count'): 684.774, ('mrg3', 'scan'): 684.838, ('mrg3', 'merge'): 684.932, ('mrg3', 'pack'): 684.96, ('mrg3', 'd2h'): 685.011}",0.1363488845527172,0.3343423992628231
Mildly sparse,bcsstk19,817,6853,1.0266835857969194,18305,18305,18305,18305,18305,0.0,,0.06299999999998818,0.17399999999997817,0.059000000000082764,0.03899999999998727,0.2960000000000491,0.544,,,,,0.59,0.46,0.388,0.362,,0.31899999999996,0.36000000000001364,0.26299999999991996,0.19499999999993634,0.15899999999999181,"{('cu', 'start'): 683.129, ('cu', 'h2dmalloc'): 683.204, ('cu', 'h2d'): 683.226, ('cu', 'workest'): 683.289, ('cu', 'compute'): 683.463, ('cu', 'copy'): 683.522, ('cu', 'pack'): 683.545, ('cu', 'd2h'): 683.584, ('gust', 'start'): 683.683, ('gust', 'h2d'): 683.769, ('gust', 'count'): 683.796, ('gust', 'scan'): 683.834, ('gust', 'expand'): 683.867, ('gust', 'sort'): 684.001, ('gust', 'reduce'): 684.046, ('gust', 'final'): 684.107, ('gust', 'pack'): 684.129, ('gust', 'd2h'): 684.158, ('merge', 'start'): 684.281, ('merge', 'h2d'): 684.364, ('merge', 'count'): 684.391, ('merge', 'scan'): 684.428, ('merge', 'expand'): 684.465, ('merge', 'merge'): 684.535, ('merge', 'final'): 684.577, ('merge', 'compact'): 684.609, ('merge', 'pack'): 684.627, ('merge', 'd2h'): 684.65, ('mrg2', 'start'): 684.747, ('mrg2', 'h2d'): 684.825, ('mrg2', 'count'): 684.85, ('mrg2', 'scan'): 684.888, ('mrg2', 'merge'): 684.936, ('mrg2', 'final'): 684.974, ('mrg2', 'compact'): 684.998, ('mrg2', 'pack'): 685.02, ('mrg2', 'd2h'): 685.041, ('mrg3', 'start'): 685.142, ('mrg3', 'h2d'): 685.229, ('mrg3', 'count'): 685.27, ('mrg3', 'scan'): 685.323, ('mrg3', 'merge'): 685.366, ('mrg3', 'pack'): 685.388, ('mrg3', 'd2h'): 685.409}",0.0575080048292875,0.3172959999646991
Highly sparse,bcsstm12,1473,19659,0.9060578533079476,53615,53615,53615,53615,53615,0.0,,0.057999999999992724,0.2519999999999527,0.06200000000001182,0.13400000000001455,0.37199999999995725,0.691,,,,,1.073,0.964,0.567,0.406,,0.3929999999999154,0.7980000000000018,0.75,0.35400000000004184,0.18899999999996453,"{('cu', 'start'): 691.682, ('cu', 'h2dmalloc'): 691.744, ('cu', 'h2d'): 691.772, ('cu', 'workest'): 691.83, ('cu', 'compute'): 692.082, ('cu', 'copy'): 692.144, ('cu', 'pack'): 692.165, ('cu', 'd2h'): 692.299, ('gust', 'start'): 692.385, ('gust', 'h2d'): 692.472, ('gust', 'count'): 692.496, ('gust', 'scan'): 692.535, ('gust', 'expand'): 692.629, ('gust', 'sort'): 692.891, ('gust', 'reduce'): 693.054, ('gust', 'final'): 693.239, ('gust', 'pack'): 693.27, ('gust', 'd2h'): 693.314, ('merge', 'start'): 693.464, ('merge', 'h2d'): 693.55, ('merge', 'count'): 693.578, ('merge', 'scan'): 693.616, ('merge', 'expand'): 693.739, ('merge', 'merge'): 694.019, ('merge', 'final'): 694.131, ('merge', 'compact'): 694.275, ('merge', 'pack'): 694.3, ('merge', 'd2h'): 694.344, ('mrg2', 'start'): 694.435, ('mrg2', 'h2d'): 694.521, ('mrg2', 'count'): 694.545, ('mrg2', 'scan'): 694.583, ('mrg2', 'merge'): 694.713, ('mrg2', 'final'): 694.752, ('mrg2', 'compact'): 694.851, ('mrg2', 'pack'): 694.875, ('mrg2', 'd2h'): 694.918, ('mrg3', 'start'): 695.011, ('mrg3', 'h2d'): 695.096, ('mrg3', 'count'): 695.147, ('mrg3', 'scan'): 695.2, ('mrg3', 'merge'): 695.265, ('mrg3', 'pack'): 695.285, ('mrg3', 'd2h'): 695.329}",0.2329139970242977,0.3366399995516986
Highly sparse,bcsstm03,112,112,0.8928571428571428,112,112,112,112,112,0.0,,0.05700000000001637,0.15399999999999636,0.05299999999999727,0.024999999999977263,0.26400000000001,0.466,,,,,0.428,0.35,0.324,0.276,,0.28300000000001546,0.24900000000002365,0.18200000000001637,0.1490000000000009,0.11000000000001364,"{('cu', 'start'): 669.425, ('cu', 'h2dmalloc'): 669.487, ('cu', 'h2d'): 669.501, ('cu', 'workest'): 669.558, ('cu', 'compute'): 669.712, ('cu', 'copy'): 669.765, ('cu', 'pack'): 669.784, ('cu', 'd2h'): 669.809, ('gust', 'start'): 669.9, ('gust', 'h2d'): 669.975, ('gust', 'count'): 670.008, ('gust', 'scan'): 670.046, ('gust', 'expand'): 670.068, ('gust', 'sort'): 670.113, ('gust', 'reduce'): 670.153, ('gust', 'final'): 670.204, ('gust', 'pack'): 670.224, ('gust', 'd2h'): 670.233, ('merge', 'start'): 670.334, ('merge', 'h2d'): 670.409, ('merge', 'count'): 670.431, ('merge', 'scan'): 670.467, ('merge', 'expand'): 670.49, ('merge', 'merge'): 670.512, ('merge', 'final'): 670.548, ('merge', 'compact'): 670.572, ('merge', 'pack'): 670.591, ('merge', 'd2h'): 670.601, ('mrg2', 'start'): 670.69, ('mrg2', 'h2d'): 670.762, ('mrg2', 'count'): 670.782, ('mrg2', 'scan'): 670.815, ('mrg2', 'merge'): 670.838, ('mrg2', 'final'): 670.87, ('mrg2', 'compact'): 670.894, ('mrg2', 'pack'): 670.911, ('mrg2', 'd2h'): 670.921, ('mrg3', 'start'): 671.02, ('mrg3', 'h2d'): 671.093, ('mrg3', 'count'): 671.115, ('mrg3', 'scan'): 671.163, ('mrg3', 'merge'): 671.186, ('mrg3', 'pack'): 671.203, ('mrg3', 'd2h'): 671.213}",0.0374051742255687,0.1359264006838202
Highly sparse,bcspwr05,443,1623,0.8270105834934192,4249,4249,4249,4249,4249,0.0,,0.05599999999992633,0.1610000000000582,0.06299999999998818,0.027000000000043656,0.2799999999999727,0.498,,,,,0.54,0.42,0.372,0.307,,0.2999999999999545,0.33999999999991815,0.2380000000000564,0.19000000000005457,0.1330000000000382,"{('cu', 'start'): 681.198, ('cu', 'h2dmalloc'): 681.259, ('cu', 'h2d'): 681.278, ('cu', 'workest'): 681.334, ('cu', 'compute'): 681.495, ('cu', 'copy'): 681.558, ('cu', 'pack'): 681.578, ('cu', 'd2h'): 681.605, ('gust', 'start'): 681.705, ('gust', 'h2d'): 681.791, ('gust', 'count'): 681.818, ('gust', 'scan'): 681.856, ('gust', 'expand'): 681.883, ('gust', 'sort'): 681.998, ('gust', 'reduce'): 682.042, ('gust', 'final'): 682.109, ('gust', 'pack'): 682.131, ('gust', 'd2h'): 682.145, ('merge', 'start'): 682.254, ('merge', 'h2d'): 682.334, ('merge', 'count'): 682.36, ('merge', 'scan'): 682.396, ('merge', 'expand'): 682.43, ('merge', 'merge'): 682.485, ('merge', 'final'): 682.524, ('merge', 'compact'): 682.551, ('merge', 'pack'): 682.572, ('merge', 'd2h'): 682.584, ('mrg2', 'start'): 682.682, ('mrg2', 'h2d'): 682.762, ('mrg2', 'count'): 682.786, ('mrg2', 'scan'): 682.825, ('mrg2', 'merge'): 682.867, ('mrg2', 'final'): 682.905, ('mrg2', 'compact'): 682.929, ('mrg2', 'pack'): 682.952, ('mrg2', 'd2h'): 682.967, ('mrg3', 'start'): 683.061, ('mrg3', 'h2d'): 683.136, ('mrg3', 'count'): 683.168, ('mrg3', 'scan'): 683.218, ('mrg3', 'merge'): 683.251, ('mrg3', 'pack'): 683.269, ('mrg3', 'd2h'): 683.282}",0.0619099009782075,0.2055775988148525
Highly sparse,bcsstk26,1922,30336,0.8212049319939666,92530,92530,92530,92530,92530,0.0,,0.06700000000000728,0.30299999999999727,0.06700000000000728,0.17700000000002092,0.4370000000000118,0.964,,,,,1.418,1.399,0.803,0.522,,0.5240000000000009,1.1340000000000146,1.134999999999991,0.5439999999999827,0.2599999999999909,"{('cu', 'start'): 682.691, ('cu', 'h2dmalloc'): 682.766, ('cu', 'h2d'): 682.8, ('cu', 'workest'): 682.867, ('cu', 'compute'): 683.17, ('cu', 'copy'): 683.237, ('cu', 'pack'): 683.324, ('cu', 'd2h'): 683.501, ('gust', 'start'): 683.665, ('gust', 'h2d'): 683.766, ('gust', 'count'): 683.794, ('gust', 'scan'): 683.837, ('gust', 'expand'): 683.994, ('gust', 'sort'): 684.293, ('gust', 'reduce'): 684.492, ('gust', 'final'): 684.864, ('gust', 'pack'): 684.9, ('gust', 'd2h'): 684.97, ('merge', 'start'): 685.09, ('merge', 'h2d'): 685.19, ('merge', 'count'): 685.217, ('merge', 'scan'): 685.259, ('merge', 'expand'): 685.474, ('merge', 'merge'): 685.936, ('merge', 'final'): 686.132, ('merge', 'compact'): 686.301, ('merge', 'pack'): 686.325, ('merge', 'd2h'): 686.395, ('mrg2', 'start'): 686.495, ('mrg2', 'h2d'): 686.587, ('mrg2', 'count'): 686.623, ('mrg2', 'scan'): 686.663, ('mrg2', 'merge'): 686.893, ('mrg2', 'final'): 686.935, ('mrg2', 'compact'): 687.106, ('mrg2', 'pack'): 687.131, ('mrg2', 'd2h'): 687.2, ('mrg3', 'start'): 687.305, ('mrg3', 'h2d'): 687.395, ('mrg3', 'count'): 687.475, ('mrg3', 'scan'): 687.533, ('mrg3', 'merge'): 687.633, ('mrg3', 'pack'): 687.655, ('mrg3', 'd2h'): 687.724}",0.5081109702587128,0.3761280013946816
Highly sparse,bcsstk33,8738,591904,0.775223972597465,2569536,2569536,2569536,2569536,2569536,0.0,,0.15999999999996817,2.2789999999999964,0.20100000000002183,1.4769999999999754,2.6399999999999864,4.564,,,,,10.327,21.875,4.61,5.476,,2.713999999999942,7.993000000000052,20.129999999999995,2.9610000000000127,4.039999999999964,"{('cu', 'start'): 850.768, ('cu', 'h2dmalloc'): 850.819, ('cu', 'h2d'): 851.008, ('cu', 'workest'): 851.168, ('cu', 'compute'): 853.447, ('cu', 'copy'): 853.648, ('cu', 'pack'): 853.722, ('cu', 'd2h'): 855.199, ('gust', 'start'): 855.341, ('gust', 'h2d'): 856.443, ('gust', 'count'): 856.529, ('gust', 'scan'): 856.572, ('gust', 'expand'): 857.238, ('gust', 'sort'): 862.811, ('gust', 'reduce'): 863.383, ('gust', 'final'): 864.36, ('gust', 'pack'): 864.436, ('gust', 'd2h'): 865.327, ('merge', 'start'): 865.676, ('merge', 'h2d'): 866.132, ('merge', 'count'): 866.217, ('merge', 'scan'): 866.258, ('merge', 'expand'): 868.538, ('merge', 'merge'): 885.514, ('merge', 'final'): 885.831, ('merge', 'compact'): 886.19, ('merge', 'pack'): 886.262, ('merge', 'd2h'): 887.195, ('mrg2', 'start'): 887.558, ('mrg2', 'h2d'): 887.971, ('mrg2', 'count'): 888.078, ('mrg2', 'scan'): 888.118, ('mrg2', 'merge'): 890.444, ('mrg2', 'final'): 890.485, ('mrg2', 'compact'): 890.859, ('mrg2', 'pack'): 890.932, ('mrg2', 'd2h'): 891.831, ('mrg3', 'start'): 892.175, ('mrg3', 'h2d'): 892.413, ('mrg3', 'count'): 893.981, ('mrg3', 'scan'): 894.038, ('mrg3', 'merge'): 896.384, ('mrg3', 'pack'): 896.453, ('mrg3', 'd2h'): 897.347}",32.81728201545775,1.5318048059241849
Highly sparse,bcsstm04,132,132,0.7575757575757576,132,132,132,132,132,0.0,,0.05599999999992633,0.14600000000007185,0.053999999999973625,0.024999999999977263,0.2559999999999718,0.461,,,,,0.428,0.352,0.334,0.283,,0.2759999999999536,0.2400000000000091,0.18400000000008276,0.15600000000006276,0.1169999999999618,"{('cu', 'start'): 689.072, ('cu', 'h2dmalloc'): 689.134, ('cu', 'h2d'): 689.148, ('cu', 'workest'): 689.204, ('cu', 'compute'): 689.35, ('cu', 'copy'): 689.404, ('cu', 'pack'): 689.424, ('cu', 'd2h'): 689.449, ('gust', 'start'): 689.543, ('gust', 'h2d'): 689.621, ('gust', 'count'): 689.642, ('gust', 'scan'): 689.68, ('gust', 'expand'): 689.704, ('gust', 'sort'): 689.749, ('gust', 'reduce'): 689.788, ('gust', 'final'): 689.841, ('gust', 'pack'): 689.861, ('gust', 'd2h'): 689.871, ('merge', 'start'): 689.976, ('merge', 'h2d'): 690.05, ('merge', 'count'): 690.071, ('merge', 'scan'): 690.108, ('merge', 'expand'): 690.13, ('merge', 'merge'): 690.151, ('merge', 'final'): 690.19, ('merge', 'compact'): 690.215, ('merge', 'pack'): 690.234, ('merge', 'd2h'): 690.244, ('mrg2', 'start'): 690.334, ('mrg2', 'h2d'): 690.415, ('mrg2', 'count'): 690.436, ('mrg2', 'scan'): 690.473, ('mrg2', 'merge'): 690.496, ('mrg2', 'final'): 690.528, ('mrg2', 'compact'): 690.554, ('mrg2', 'pack'): 690.571, ('mrg2', 'd2h'): 690.582, ('mrg3', 'start'): 690.674, ('mrg3', 'h2d'): 690.745, ('mrg3', 'count'): 690.767, ('mrg3', 'scan'): 690.815, ('mrg3', 'merge'): 690.845, ('mrg3', 'pack'): 690.862, ('mrg3', 'd2h'): 690.872}",0.0482748728245496,0.1614176011411473
Highly sparse,bcsstk15,3948,117816,0.7558750073139261,527688,527688,527688,527688,527688,0.0,,0.1209999999999809,0.7770000000000437,0.18299999999999272,0.6879999999999882,1.0810000000000173,2.144,,,,,2.608,3.225,1.668,1.514,,1.16700000000003,1.8149999999999409,2.43100000000004,0.8740000000000236,0.7229999999999563,"{('cu', 'start'): 721.528, ('cu', 'h2dmalloc'): 721.589, ('cu', 'h2d'): 721.673, ('cu', 'workest'): 721.794, ('cu', 'compute'): 722.571, ('cu', 'copy'): 722.754, ('cu', 'pack'): 722.84, ('cu', 'd2h'): 723.528, ('gust', 'start'): 723.681, ('gust', 'h2d'): 723.822, ('gust', 'count'): 723.854, ('gust', 'scan'): 723.904, ('gust', 'expand'): 724.107, ('gust', 'sort'): 724.821, ('gust', 'reduce'): 725.035, ('gust', 'final'): 725.541, ('gust', 'pack'): 725.637, ('gust', 'd2h'): 726.019, ('merge', 'start'): 726.296, ('merge', 'h2d'): 726.435, ('merge', 'count'): 726.468, ('merge', 'scan'): 726.508, ('merge', 'expand'): 726.903, ('merge', 'merge'): 728.279, ('merge', 'final'): 728.47, ('merge', 'compact'): 728.758, ('merge', 'pack'): 728.866, ('merge', 'd2h'): 729.249, ('mrg2', 'start'): 729.529, ('mrg2', 'h2d'): 729.668, ('mrg2', 'count'): 729.699, ('mrg2', 'scan'): 729.74, ('mrg2', 'merge'): 730.145, ('mrg2', 'final'): 730.188, ('mrg2', 'compact'): 730.452, ('mrg2', 'pack'): 730.542, ('mrg2', 'd2h'): 730.924, ('mrg3', 'start'): 731.206, ('mrg3', 'h2d'): 731.345, ('mrg3', 'count'): 731.531, ('mrg3', 'scan'): 731.59, ('mrg3', 'merge'): 731.983, ('mrg3', 'pack'): 732.068, ('mrg3', 'd2h'): 732.446}",3.4469510428607464,0.4121600005310029
Highly sparse,bcsstm22,138,138,0.7246376811594203,138,138,138,138,138,0.0,,0.05400000000008731,0.16599999999993997,0.055000000000063665,0.024999999999977263,0.27500000000009095,0.48,,,,,0.434,0.356,0.323,0.283,,0.2960000000000491,0.24899999999990996,0.18599999999992178,0.15599999999994907,0.11099999999999,"{('cu', 'start'): 660.69, ('cu', 'h2dmalloc'): 660.752, ('cu', 'h2d'): 660.766, ('cu', 'workest'): 660.82, ('cu', 'compute'): 660.986, ('cu', 'copy'): 661.041, ('cu', 'pack'): 661.062, ('cu', 'd2h'): 661.087, ('gust', 'start'): 661.176, ('gust', 'h2d'): 661.253, ('gust', 'count'): 661.274, ('gust', 'scan'): 661.311, ('gust', 'expand'): 661.333, ('gust', 'sort'): 661.388, ('gust', 'reduce'): 661.428, ('gust', 'final'): 661.483, ('gust', 'pack'): 661.502, ('gust', 'd2h'): 661.512, ('merge', 'start'): 661.616, ('merge', 'h2d'): 661.691, ('merge', 'count'): 661.713, ('merge', 'scan'): 661.747, ('merge', 'expand'): 661.772, ('merge', 'merge'): 661.795, ('merge', 'final'): 661.833, ('merge', 'compact'): 661.856, ('merge', 'pack'): 661.877, ('merge', 'd2h'): 661.887, ('mrg2', 'start'): 661.979, ('mrg2', 'h2d'): 662.053, ('mrg2', 'count'): 662.075, ('mrg2', 'scan'): 662.109, ('mrg2', 'merge'): 662.132, ('mrg2', 'final'): 662.166, ('mrg2', 'compact'): 662.19, ('mrg2', 'pack'): 662.209, ('mrg2', 'd2h'): 662.219, ('mrg3', 'start'): 662.309, ('mrg3', 'h2d'): 662.386, ('mrg3', 'count'): 662.41, ('mrg3', 'scan'): 662.458, ('mrg3', 'merge'): 662.48, ('mrg3', 'pack'): 662.497, ('mrg3', 'd2h'): 662.507}",0.0497139990329742,0.1595264010131359
Highly sparse,bp_1600,822,4841,0.7164591732229859,23625,23625,23625,23625,23625,0.0,,0.055000000000063665,0.18299999999999272,0.05899999999996908,0.038000000000010914,0.29700000000002547,0.519,,,,,0.587,17.355,1.605,1.14,,0.3160000000000309,0.38400000000001455,17.158999999999992,1.407000000000039,0.95799999999997,"{('cu', 'start'): 722.387, ('cu', 'h2dmalloc'): 722.451, ('cu', 'h2d'): 722.468, ('cu', 'workest'): 722.523, ('cu', 'compute'): 722.706, ('cu', 'copy'): 722.765, ('cu', 'pack'): 722.784, ('cu', 'd2h'): 722.822, ('gust', 'start'): 722.916, ('gust', 'h2d'): 722.997, ('gust', 'count'): 723.03, ('gust', 'scan'): 723.079, ('gust', 'expand'): 723.134, ('gust', 'sort'): 723.266, ('gust', 'reduce'): 723.309, ('gust', 'final'): 723.363, ('gust', 'pack'): 723.381, ('gust', 'd2h'): 723.414, ('merge', 'start'): 723.509, ('merge', 'h2d'): 723.587, ('merge', 'count'): 723.621, ('merge', 'scan'): 723.668, ('merge', 'expand'): 723.918, ('merge', 'merge'): 740.665, ('merge', 'final'): 740.705, ('merge', 'compact'): 740.73, ('merge', 'pack'): 740.746, ('merge', 'd2h'): 740.771, ('mrg2', 'start'): 740.87, ('mrg2', 'h2d'): 740.947, ('mrg2', 'count'): 740.981, ('mrg2', 'scan'): 741.017, ('mrg2', 'merge'): 742.279, ('mrg2', 'final'): 742.314, ('mrg2', 'compact'): 742.336, ('mrg2', 'pack'): 742.354, ('mrg2', 'd2h'): 742.379, ('mrg3', 'start'): 742.483, ('mrg3', 'h2d'): 742.558, ('mrg3', 'count'): 742.968, ('mrg3', 'scan'): 743.02, ('mrg3', 'merge'): 743.497, ('mrg3', 'pack'): 743.516, ('mrg3', 'd2h'): 743.54}",0.0767370220273733,0.2530751989455893
Highly sparse,bp_1400,822,4790,0.7089112662132002,23154,23154,23154,23154,23154,0.0,,0.06299999999998818,0.18100000000004002,0.05700000000001637,0.03899999999998727,0.30100000000004457,0.539,,,,,0.635,17.736,1.614,1.163,,0.32000000000005,0.40999999999996817,17.521000000000072,1.4020000000000437,0.95799999999997,"{('cu', 'start'): 727.018, ('cu', 'h2dmalloc'): 727.093, ('cu', 'h2d'): 727.112, ('cu', 'workest'): 727.175, ('cu', 'compute'): 727.356, ('cu', 'copy'): 727.413, ('cu', 'pack'): 727.432, ('cu', 'd2h'): 727.471, ('gust', 'start'): 727.569, ('gust', 'h2d'): 727.662, ('gust', 'count'): 727.7, ('gust', 'scan'): 727.742, ('gust', 'expand'): 727.801, ('gust', 'sort'): 727.933, ('gust', 'reduce'): 727.979, ('gust', 'final'): 728.05, ('gust', 'pack'): 728.072, ('gust', 'd2h'): 728.103, ('merge', 'start'): 728.209, ('merge', 'h2d'): 728.294, ('merge', 'count'): 728.328, ('merge', 'scan'): 728.365, ('merge', 'expand'): 728.616, ('merge', 'merge'): 745.721, ('merge', 'final'): 745.775, ('merge', 'compact'): 745.797, ('merge', 'pack'): 745.815, ('merge', 'd2h'): 745.839, ('mrg2', 'start'): 745.955, ('mrg2', 'h2d'): 746.049, ('mrg2', 'count'): 746.086, ('mrg2', 'scan'): 746.126, ('mrg2', 'merge'): 747.373, ('mrg2', 'final'): 747.411, ('mrg2', 'compact'): 747.433, ('mrg2', 'pack'): 747.451, ('mrg2', 'd2h'): 747.475, ('mrg3', 'start'): 747.578, ('mrg3', 'h2d'): 747.668, ('mrg3', 'count'): 748.072, ('mrg3', 'scan'): 748.128, ('mrg3', 'merge'): 748.606, ('mrg3', 'pack'): 748.626, ('mrg3', 'd2h'): 748.65}",0.0865249894559383,0.2228415994206443
Highly sparse,bp_1200,822,4726,0.6994393829068026,22313,22313,22313,22313,22313,0.0,,0.057999999999992724,0.19000000000005457,0.05599999999992633,0.04100000000005366,0.3039999999999736,0.522,,,,,0.594,17.875,1.596,1.159,,0.3229999999999791,0.38999999999998636,17.687000000000012,1.4020000000000437,0.9699999999999136,"{('cu', 'start'): 741.654, ('cu', 'h2dmalloc'): 741.713, ('cu', 'h2d'): 741.731, ('cu', 'workest'): 741.789, ('cu', 'compute'): 741.979, ('cu', 'copy'): 742.035, ('cu', 'pack'): 742.054, ('cu', 'd2h'): 742.095, ('gust', 'start'): 742.184, ('gust', 'h2d'): 742.261, ('gust', 'count'): 742.307, ('gust', 'scan'): 742.348, ('gust', 'expand'): 742.403, ('gust', 'sort'): 742.534, ('gust', 'reduce'): 742.577, ('gust', 'final'): 742.633, ('gust', 'pack'): 742.651, ('gust', 'd2h'): 742.684, ('merge', 'start'): 742.784, ('merge', 'h2d'): 742.862, ('merge', 'count'): 742.896, ('merge', 'scan'): 742.934, ('merge', 'expand'): 743.184, ('merge', 'merge'): 760.466, ('merge', 'final'): 760.508, ('merge', 'compact'): 760.532, ('merge', 'pack'): 760.549, ('merge', 'd2h'): 760.575, ('mrg2', 'start'): 760.666, ('mrg2', 'h2d'): 760.741, ('mrg2', 'count'): 760.772, ('mrg2', 'scan'): 760.81, ('mrg2', 'merge'): 762.066, ('mrg2', 'final'): 762.101, ('mrg2', 'compact'): 762.125, ('mrg2', 'pack'): 762.143, ('mrg2', 'd2h'): 762.168, ('mrg3', 'start'): 762.268, ('mrg3', 'h2d'): 762.349, ('mrg3', 'count'): 762.758, ('mrg3', 'scan'): 762.81, ('mrg3', 'merge'): 763.299, ('mrg3', 'pack'): 763.319, ('mrg3', 'd2h'): 763.344}",0.0705299898982048,0.244748801854439
Highly sparse,685_bus,685,3249,0.6924183494059353,9337,9337,9337,9337,9337,0.0,,0.06700000000000728,0.16300000000001091,0.06200000000001182,0.033999999999991815,0.29200000000003,0.518,,,,,0.54,0.468,0.383,0.34,,0.31500000000005457,0.3429999999999609,0.2699999999999818,0.19900000000006912,0.16399999999998727,"{('cu', 'start'): 644.704, ('cu', 'h2dmalloc'): 644.768, ('cu', 'h2d'): 644.785, ('cu', 'workest'): 644.852, ('cu', 'compute'): 645.015, ('cu', 'copy'): 645.077, ('cu', 'pack'): 645.1, ('cu', 'd2h'): 645.134, ('gust', 'start'): 645.23, ('gust', 'h2d'): 645.311, ('gust', 'count'): 645.336, ('gust', 'scan'): 645.374, ('gust', 'expand'): 645.403, ('gust', 'sort'): 645.523, ('gust', 'reduce'): 645.568, ('gust', 'final'): 645.631, ('gust', 'pack'): 645.654, ('gust', 'd2h'): 645.67, ('merge', 'start'): 645.779, ('merge', 'h2d'): 645.867, ('merge', 'count'): 645.895, ('merge', 'scan'): 645.933, ('merge', 'expand'): 645.971, ('merge', 'merge'): 646.05, ('merge', 'final'): 646.092, ('merge', 'compact'): 646.119, ('merge', 'pack'): 646.137, ('merge', 'd2h'): 646.155, ('mrg2', 'start'): 646.254, ('mrg2', 'h2d'): 646.328, ('mrg2', 'count'): 646.353, ('mrg2', 'scan'): 646.389, ('mrg2', 'merge'): 646.437, ('mrg2', 'final'): 646.477, ('mrg2', 'compact'): 646.506, ('mrg2', 'pack'): 646.527, ('mrg2', 'd2h'): 646.545, ('mrg3', 'start'): 646.643, ('mrg3', 'h2d'): 646.716, ('mrg3', 'count'): 646.756, ('mrg3', 'scan'): 646.804, ('mrg3', 'merge'): 646.86, ('mrg3', 'pack'): 646.88, ('mrg3', 'd2h'): 646.896}",0.0866700429469347,0.2058240006677806
Highly sparse,bp_1000,822,4661,0.6898195014237425,21373,21373,21373,21373,21373,0.0,,0.05999999999994543,0.18700000000001182,0.05700000000001637,0.03999999999996362,0.3039999999999736,0.524,,,,,0.588,17.584,1.566,1.152,,0.32399999999995543,0.3870000000000573,17.381999999999948,1.379000000000019,0.9710000000000036,"{('cu', 'start'): 731.618, ('cu', 'h2dmalloc'): 731.678, ('cu', 'h2d'): 731.696, ('cu', 'workest'): 731.756, ('cu', 'compute'): 731.943, ('cu', 'copy'): 732.0, ('cu', 'pack'): 732.02, ('cu', 'd2h'): 732.06, ('gust', 'start'): 732.15, ('gust', 'h2d'): 732.228, ('gust', 'count'): 732.272, ('gust', 'scan'): 732.312, ('gust', 'expand'): 732.366, ('gust', 'sort'): 732.498, ('gust', 'reduce'): 732.54, ('gust', 'final'): 732.596, ('gust', 'pack'): 732.615, ('gust', 'd2h'): 732.647, ('merge', 'start'): 732.744, ('merge', 'h2d'): 732.83, ('merge', 'count'): 732.865, ('merge', 'scan'): 732.908, ('merge', 'expand'): 733.158, ('merge', 'merge'): 750.132, ('merge', 'final'): 750.171, ('merge', 'compact'): 750.194, ('merge', 'pack'): 750.212, ('merge', 'd2h'): 750.236, ('mrg2', 'start'): 750.334, ('mrg2', 'h2d'): 750.41, ('mrg2', 'count'): 750.449, ('mrg2', 'scan'): 750.485, ('mrg2', 'merge'): 751.712, ('mrg2', 'final'): 751.748, ('mrg2', 'compact'): 751.771, ('mrg2', 'pack'): 751.789, ('mrg2', 'd2h'): 751.814, ('mrg3', 'start'): 751.906, ('mrg3', 'h2d'): 751.98, ('mrg3', 'count'): 752.391, ('mrg3', 'scan'): 752.441, ('mrg3', 'merge'): 752.931, ('mrg3', 'pack'): 752.951, ('mrg3', 'd2h'): 752.975}",0.0828828196972608,0.2477760010864585
Highly sparse,494_bus,494,1666,0.6826861610582045,4062,4062,4062,4062,4062,0.0,,0.057999999999992724,0.16399999999998727,0.057999999999992724,0.025999999999953616,0.2799999999999727,0.518,,,,,0.572,0.431,0.389,0.316,,0.30299999999999727,0.34699999999998,0.2259999999999991,0.19600000000002638,0.13400000000001455,"{('cu', 'start'): 622.313, ('cu', 'h2dmalloc'): 622.378, ('cu', 'h2d'): 622.399, ('cu', 'workest'): 622.457, ('cu', 'compute'): 622.621, ('cu', 'copy'): 622.679, ('cu', 'pack'): 622.702, ('cu', 'd2h'): 622.728, ('gust', 'start'): 622.846, ('gust', 'h2d'): 622.946, ('gust', 'count'): 622.985, ('gust', 'scan'): 623.024, ('gust', 'expand'): 623.05, ('gust', 'sort'): 623.163, ('gust', 'reduce'): 623.209, ('gust', 'final'): 623.271, ('gust', 'pack'): 623.293, ('gust', 'd2h'): 623.308, ('merge', 'start'): 623.421, ('merge', 'h2d'): 623.507, ('merge', 'count'): 623.532, ('merge', 'scan'): 623.568, ('merge', 'expand'): 623.599, ('merge', 'merge'): 623.651, ('merge', 'final'): 623.689, ('merge', 'compact'): 623.715, ('merge', 'pack'): 623.733, ('merge', 'd2h'): 623.746, ('mrg2', 'start'): 623.86, ('mrg2', 'h2d'): 623.948, ('mrg2', 'count'): 623.976, ('mrg2', 'scan'): 624.015, ('mrg2', 'merge'): 624.059, ('mrg2', 'final'): 624.097, ('mrg2', 'compact'): 624.122, ('mrg2', 'pack'): 624.144, ('mrg2', 'd2h'): 624.16, ('mrg3', 'start'): 624.256, ('mrg3', 'h2d'): 624.334, ('mrg3', 'count'): 624.367, ('mrg3', 'scan'): 624.417, ('mrg3', 'merge'): 624.45, ('mrg3', 'pack'): 624.468, ('mrg3', 'd2h'): 624.481}",0.0658698845654726,0.202924799430184
Highly sparse,bp_800,822,4534,0.6710237329876096,20224,20224,20224,20224,20224,0.0,,0.06200000000001182,0.19299999999998363,0.06100000000003547,0.03700000000003456,0.3160000000000309,0.563,,,,,0.643,17.006,1.591,1.173,,0.33399999999994634,0.4149999999999636,16.799000000000092,1.3840000000000146,0.97199999999998,"{('cu', 'start'): 730.144, ('cu', 'h2dmalloc'): 730.214, ('cu', 'h2d'): 730.235, ('cu', 'workest'): 730.297, ('cu', 'compute'): 730.49, ('cu', 'copy'): 730.551, ('cu', 'pack'): 730.569, ('cu', 'd2h'): 730.606, ('gust', 'start'): 730.72, ('gust', 'h2d'): 730.807, ('gust', 'count'): 730.847, ('gust', 'scan'): 730.889, ('gust', 'expand'): 730.947, ('gust', 'sort'): 731.083, ('gust', 'reduce'): 731.131, ('gust', 'final'): 731.198, ('gust', 'pack'): 731.222, ('gust', 'd2h'): 731.253, ('merge', 'start'): 731.367, ('merge', 'h2d'): 731.449, ('merge', 'count'): 731.486, ('merge', 'scan'): 731.526, ('merge', 'expand'): 731.767, ('merge', 'merge'): 748.161, ('merge', 'final'): 748.207, ('merge', 'compact'): 748.23, ('merge', 'pack'): 748.248, ('merge', 'd2h'): 748.27, ('mrg2', 'start'): 748.382, ('mrg2', 'h2d'): 748.462, ('mrg2', 'count'): 748.497, ('mrg2', 'scan'): 748.537, ('mrg2', 'merge'): 749.755, ('mrg2', 'final'): 749.795, ('mrg2', 'compact'): 749.823, ('mrg2', 'pack'): 749.846, ('mrg2', 'd2h'): 749.87, ('mrg3', 'start'): 749.981, ('mrg3', 'h2d'): 750.061, ('mrg3', 'count'): 750.474, ('mrg3', 'scan'): 750.532, ('mrg3', 'merge'): 751.011, ('mrg3', 'pack'): 751.033, ('mrg3', 'd2h'): 751.056}",0.0919150188565254,0.2432544011622667
Highly sparse,bcsstm05,153,153,0.6535947712418301,153,153,153,153,153,0.0,,0.053999999999973625,0.16200000000003456,0.05499999999994998,0.023000000000024556,0.27099999999995816,0.473,,,,,0.442,0.356,0.328,0.29,,0.29099999999994,0.25499999999999545,0.18200000000001637,0.16199999999992087,0.12199999999995725,"{('cu', 'start'): 667.682, ('cu', 'h2dmalloc'): 667.744, ('cu', 'h2d'): 667.758, ('cu', 'workest'): 667.812, ('cu', 'compute'): 667.974, ('cu', 'copy'): 668.029, ('cu', 'pack'): 668.049, ('cu', 'd2h'): 668.072, ('gust', 'start'): 668.164, ('gust', 'h2d'): 668.241, ('gust', 'count'): 668.261, ('gust', 'scan'): 668.3, ('gust', 'expand'): 668.322, ('gust', 'sort'): 668.368, ('gust', 'reduce'): 668.418, ('gust', 'final'): 668.475, ('gust', 'pack'): 668.496, ('gust', 'd2h'): 668.506, ('merge', 'start'): 668.611, ('merge', 'h2d'): 668.688, ('merge', 'count'): 668.709, ('merge', 'scan'): 668.745, ('merge', 'expand'): 668.768, ('merge', 'merge'): 668.787, ('merge', 'final'): 668.827, ('merge', 'compact'): 668.851, ('merge', 'pack'): 668.87, ('merge', 'd2h'): 668.88, ('mrg2', 'start'): 668.975, ('mrg2', 'h2d'): 669.047, ('mrg2', 'count'): 669.069, ('mrg2', 'scan'): 669.103, ('mrg2', 'merge'): 669.128, ('mrg2', 'final'): 669.164, ('mrg2', 'compact'): 669.189, ('mrg2', 'pack'): 669.209, ('mrg2', 'd2h'): 669.219, ('mrg3', 'start'): 669.309, ('mrg3', 'h2d'): 669.378, ('mrg3', 'count'): 669.408, ('mrg3', 'scan'): 669.459, ('mrg3', 'merge'): 669.483, ('mrg3', 'pack'): 669.5, ('mrg3', 'd2h'): 669.512}",0.0309250317513942,0.160585600673221
Highly sparse,bp_600,822,4172,0.6174483930357978,16464,16464,16464,16464,16464,0.0,,0.056999999999902684,0.17799999999999727,0.05600000000004002,0.033999999999991815,0.29099999999994,0.501,,,,,0.559,16.465,1.519,1.11,,0.3089999999999691,0.3629999999999427,16.281000000000063,1.3379999999999654,0.9320000000000164,"{('cu', 'start'): 720.543, ('cu', 'h2dmalloc'): 720.607, ('cu', 'h2d'): 720.623, ('cu', 'workest'): 720.68, ('cu', 'compute'): 720.858, ('cu', 'copy'): 720.914, ('cu', 'pack'): 720.932, ('cu', 'd2h'): 720.966, ('gust', 'start'): 721.055, ('gust', 'h2d'): 721.133, ('gust', 'count'): 721.165, ('gust', 'scan'): 721.212, ('gust', 'expand'): 721.262, ('gust', 'sort'): 721.383, ('gust', 'reduce'): 721.424, ('gust', 'final'): 721.478, ('gust', 'pack'): 721.496, ('gust', 'd2h'): 721.522, ('merge', 'start'): 721.619, ('merge', 'h2d'): 721.698, ('merge', 'count'): 721.732, ('merge', 'scan'): 721.769, ('merge', 'expand'): 721.987, ('merge', 'merge'): 737.899, ('merge', 'final'): 737.938, ('merge', 'compact'): 737.961, ('merge', 'pack'): 737.979, ('merge', 'd2h'): 737.999, ('mrg2', 'start'): 738.091, ('mrg2', 'h2d'): 738.167, ('mrg2', 'count'): 738.201, ('mrg2', 'scan'): 738.241, ('mrg2', 'merge'): 739.429, ('mrg2', 'final'): 739.464, ('mrg2', 'compact'): 739.487, ('mrg2', 'pack'): 739.505, ('mrg2', 'd2h'): 739.524, ('mrg3', 'start'): 739.617, ('mrg3', 'h2d'): 739.692, ('mrg3', 'count'): 740.089, ('mrg3', 'scan'): 740.14, ('mrg3', 'merge'): 740.605, ('mrg3', 'pack'): 740.624, ('mrg3', 'd2h'): 740.645}",0.0918600708246231,0.2456319990567863
Highly sparse,bp_400,822,4028,0.596136655596403,15238,15238,15238,15238,15238,0.0,,0.06000000000005912,0.1919999999998936,0.05700000000001637,0.03499999999996817,0.3089999999999691,0.532,,,,,0.578,15.324,1.482,1.12,,0.3269999999999982,0.36099999999999,15.123000000000047,1.274000000000001,0.9259999999999309,"{('cu', 'start'): 719.094, ('cu', 'h2dmalloc'): 719.161, ('cu', 'h2d'): 719.178, ('cu', 'workest'): 719.238, ('cu', 'compute'): 719.43, ('cu', 'copy'): 719.487, ('cu', 'pack'): 719.505, ('cu', 'd2h'): 719.54, ('gust', 'start'): 719.634, ('gust', 'h2d'): 719.719, ('gust', 'count'): 719.755, ('gust', 'scan'): 719.794, ('gust', 'expand'): 719.843, ('gust', 'sort'): 719.963, ('gust', 'reduce'): 720.006, ('gust', 'final'): 720.062, ('gust', 'pack'): 720.08, ('gust', 'd2h'): 720.107, ('merge', 'start'): 720.218, ('merge', 'h2d'): 720.304, ('merge', 'count'): 720.338, ('merge', 'scan'): 720.377, ('merge', 'expand'): 720.591, ('merge', 'merge'): 735.341, ('merge', 'final'): 735.385, ('merge', 'compact'): 735.409, ('merge', 'pack'): 735.427, ('merge', 'd2h'): 735.446, ('mrg2', 'start'): 735.551, ('mrg2', 'h2d'): 735.637, ('mrg2', 'count'): 735.67, ('mrg2', 'scan'): 735.711, ('mrg2', 'merge'): 736.834, ('mrg2', 'final'): 736.87, ('mrg2', 'compact'): 736.893, ('mrg2', 'pack'): 736.911, ('mrg2', 'd2h'): 736.93, ('mrg3', 'start'): 737.038, ('mrg3', 'h2d'): 737.124, ('mrg3', 'count'): 737.515, ('mrg3', 'scan'): 737.572, ('mrg3', 'merge'): 738.029, ('mrg3', 'pack'): 738.05, ('mrg3', 'd2h'): 738.069}",0.0724690034985542,0.2429663998074829
Highly sparse,662_bus,662,2474,0.5645256980129791,6480,6480,6480,6480,6480,0.0,,0.06499999999994088,0.15800000000001546,0.05899999999996908,0.03200000000003911,0.2819999999999254,0.516,,,,,0.552,0.433,0.373,0.327,,0.3069999999999027,0.3429999999999609,0.2460000000000946,0.18700000000001182,0.14599999999995816,"{('cu', 'start'): 688.9, ('cu', 'h2dmalloc'): 688.963, ('cu', 'h2d'): 688.988, ('cu', 'workest'): 689.053, ('cu', 'compute'): 689.211, ('cu', 'copy'): 689.27, ('cu', 'pack'): 689.295, ('cu', 'd2h'): 689.327, ('gust', 'start'): 689.426, ('gust', 'h2d'): 689.519, ('gust', 'count'): 689.546, ('gust', 'scan'): 689.587, ('gust', 'expand'): 689.612, ('gust', 'sort'): 689.733, ('gust', 'reduce'): 689.778, ('gust', 'final'): 689.84, ('gust', 'pack'): 689.862, ('gust', 'd2h'): 689.876, ('merge', 'start'): 689.984, ('merge', 'h2d'): 690.069, ('merge', 'count'): 690.095, ('merge', 'scan'): 690.132, ('merge', 'expand'): 690.174, ('merge', 'merge'): 690.23, ('merge', 'final'): 690.272, ('merge', 'compact'): 690.295, ('merge', 'pack'): 690.315, ('merge', 'd2h'): 690.33, ('mrg2', 'start'): 690.427, ('mrg2', 'h2d'): 690.509, ('mrg2', 'count'): 690.532, ('mrg2', 'scan'): 690.569, ('mrg2', 'merge'): 690.613, ('mrg2', 'final'): 690.648, ('mrg2', 'compact'): 690.673, ('mrg2', 'pack'): 690.696, ('mrg2', 'd2h'): 690.712, ('mrg3', 'start'): 690.806, ('mrg3', 'h2d'): 690.885, ('mrg3', 'count'): 690.919, ('mrg3', 'scan'): 690.97, ('mrg3', 'merge'): 691.009, ('mrg3', 'pack'): 691.031, ('mrg3', 'd2h'): 691.045}",0.0783491414040327,0.210169601230882
Highly sparse,bp_200,822,3802,0.5626890676706863,13197,13197,13197,13197,13197,0.0,,0.08299999999996999,0.19000000000005457,0.07100000000002638,0.03300000000001546,0.34400000000005093,0.583,,,,,0.636,14.029,1.356,1.032,,0.36800000000005184,0.40599999999994907,13.802999999999997,1.1330000000000382,0.8389999999999418,"{('cu', 'start'): 736.509, ('cu', 'h2dmalloc'): 736.573, ('cu', 'h2d'): 736.592, ('cu', 'workest'): 736.675, ('cu', 'compute'): 736.865, ('cu', 'copy'): 736.936, ('cu', 'pack'): 736.96, ('cu', 'd2h'): 736.993, ('gust', 'start'): 737.102, ('gust', 'h2d'): 737.186, ('gust', 'count'): 737.223, ('gust', 'scan'): 737.268, ('gust', 'expand'): 737.319, ('gust', 'sort'): 737.458, ('gust', 'reduce'): 737.506, ('gust', 'final'): 737.569, ('gust', 'pack'): 737.592, ('gust', 'd2h'): 737.619, ('merge', 'start'): 737.746, ('merge', 'h2d'): 737.827, ('merge', 'count'): 737.865, ('merge', 'scan'): 737.908, ('merge', 'expand'): 738.108, ('merge', 'merge'): 751.525, ('merge', 'final'): 751.581, ('merge', 'compact'): 751.609, ('merge', 'pack'): 751.63, ('merge', 'd2h'): 751.654, ('mrg2', 'start'): 751.788, ('mrg2', 'h2d'): 751.88, ('mrg2', 'count'): 751.916, ('mrg2', 'scan'): 751.959, ('mrg2', 'merge'): 752.924, ('mrg2', 'final'): 752.967, ('mrg2', 'compact'): 752.99, ('mrg2', 'pack'): 753.013, ('mrg2', 'd2h'): 753.033, ('mrg3', 'start'): 753.146, ('mrg3', 'h2d'): 753.224, ('mrg3', 'count'): 753.565, ('mrg3', 'scan'): 753.622, ('mrg3', 'merge'): 754.038, ('mrg3', 'pack'): 754.063, ('mrg3', 'd2h'): 754.082}",0.0915199052542448,0.2409727994585409
Highly sparse,bcsstm13,2003,21943,0.5469329704893483,90811,90811,90811,90811,90811,0.0,,0.06100000000003547,0.3569999999999709,0.06900000000007367,0.16499999999996362,0.48700000000008004,0.847,,,,,1.344,2.96,0.923,0.706,,0.5080000000000382,1.0960000000000036,2.7169999999999845,0.6839999999999691,0.45699999999999363,"{('cu', 'start'): 689.549, ('cu', 'h2dmalloc'): 689.618, ('cu', 'h2d'): 689.646, ('cu', 'workest'): 689.707, ('cu', 'compute'): 690.064, ('cu', 'copy'): 690.133, ('cu', 'pack'): 690.154, ('cu', 'd2h'): 690.319, ('gust', 'start'): 690.405, ('gust', 'h2d'): 690.494, ('gust', 'count'): 690.52, ('gust', 'scan'): 690.56, ('gust', 'expand'): 690.719, ('gust', 'sort'): 691.047, ('gust', 'reduce'): 691.241, ('gust', 'final'): 691.554, ('gust', 'pack'): 691.59, ('gust', 'd2h'): 691.658, ('merge', 'start'): 691.759, ('merge', 'h2d'): 691.851, ('merge', 'count'): 691.884, ('merge', 'scan'): 691.923, ('merge', 'expand'): 692.34, ('merge', 'merge'): 694.226, ('merge', 'final'): 694.4, ('merge', 'compact'): 694.544, ('merge', 'pack'): 694.568, ('merge', 'd2h'): 694.637, ('mrg2', 'start'): 694.726, ('mrg2', 'h2d'): 694.813, ('mrg2', 'count'): 694.841, ('mrg2', 'scan'): 694.879, ('mrg2', 'merge'): 695.284, ('mrg2', 'final'): 695.325, ('mrg2', 'compact'): 695.473, ('mrg2', 'pack'): 695.497, ('mrg2', 'd2h'): 695.566, ('mrg3', 'start'): 695.656, ('mrg3', 'h2d'): 695.74, ('mrg3', 'count'): 695.904, ('mrg3', 'scan'): 695.957, ('mrg3', 'merge'): 696.178, ('mrg3', 'pack'): 696.197, ('mrg3', 'd2h'): 696.265}",0.5536598619073629,0.4233184011187404
Highly sparse,bp_0,822,3276,0.4848420267462305,9384,9384,9384,9384,9384,0.0,,0.05899999999996908,0.17899999999997362,0.055000000000063665,0.03099999999994907,0.29300000000000637,0.502,,,,,0.559,11.303,1.168,0.928,,0.3120000000000118,0.35000000000002274,11.11099999999999,0.9869999999999663,0.7549999999999955,"{('cu', 'start'): 703.184, ('cu', 'h2dmalloc'): 703.247, ('cu', 'h2d'): 703.264, ('cu', 'workest'): 703.323, ('cu', 'compute'): 703.502, ('cu', 'copy'): 703.557, ('cu', 'pack'): 703.576, ('cu', 'd2h'): 703.607, ('gust', 'start'): 703.695, ('gust', 'h2d'): 703.774, ('gust', 'count'): 703.804, ('gust', 'scan'): 703.843, ('gust', 'expand'): 703.895, ('gust', 'sort'): 704.011, ('gust', 'reduce'): 704.053, ('gust', 'final'): 704.106, ('gust', 'pack'): 704.124, ('gust', 'd2h'): 704.14, ('merge', 'start'): 704.26, ('merge', 'h2d'): 704.339, ('merge', 'count'): 704.372, ('merge', 'scan'): 704.409, ('merge', 'expand'): 704.568, ('merge', 'merge'): 715.367, ('merge', 'final'): 715.408, ('merge', 'compact'): 715.433, ('merge', 'pack'): 715.45, ('merge', 'd2h'): 715.465, ('mrg2', 'start'): 715.573, ('mrg2', 'h2d'): 715.652, ('mrg2', 'count'): 715.683, ('mrg2', 'scan'): 715.72, ('mrg2', 'merge'): 716.563, ('mrg2', 'final'): 716.598, ('mrg2', 'compact'): 716.621, ('mrg2', 'pack'): 716.639, ('mrg2', 'd2h'): 716.654, ('mrg3', 'start'): 716.747, ('mrg3', 'h2d'): 716.822, ('mrg3', 'count'): 717.138, ('mrg3', 'scan'): 717.189, ('mrg3', 'merge'): 717.559, ('mrg3', 'pack'): 717.577, ('mrg3', 'd2h'): 717.593}",0.0745928846299648,0.2352896011667326
Highly sparse,bcsstk23,3134,45178,0.45996948062076437,220632,220632,220632,220632,220632,0.0,,0.08199999999999363,0.3569999999999709,0.13600000000008095,0.33199999999999363,0.5750000000000455,1.29,,,,,1.765,1.94,1.168,0.906,,0.6789999999999736,1.2659999999999627,1.4529999999999745,0.6779999999999973,0.4070000000000391,"{('cu', 'start'): 702.894, ('cu', 'h2dmalloc'): 702.954, ('cu', 'h2d'): 702.996, ('cu', 'workest'): 703.078, ('cu', 'compute'): 703.435, ('cu', 'copy'): 703.571, ('cu', 'pack'): 703.675, ('cu', 'd2h'): 704.007, ('gust', 'start'): 704.193, ('gust', 'h2d'): 704.296, ('gust', 'count'): 704.32, ('gust', 'scan'): 704.364, ('gust', 'expand'): 704.516, ('gust', 'sort'): 704.846, ('gust', 'reduce'): 705.026, ('gust', 'final'): 705.465, ('gust', 'pack'): 705.562, ('gust', 'd2h'): 705.715, ('merge', 'start'): 705.967, ('merge', 'h2d'): 706.066, ('merge', 'count'): 706.096, ('merge', 'scan'): 706.14, ('merge', 'expand'): 706.353, ('merge', 'merge'): 706.996, ('merge', 'final'): 707.205, ('merge', 'compact'): 707.437, ('merge', 'pack'): 707.519, ('merge', 'd2h'): 707.672, ('mrg2', 'start'): 707.915, ('mrg2', 'h2d'): 708.015, ('mrg2', 'count'): 708.043, ('mrg2', 'scan'): 708.093, ('mrg2', 'merge'): 708.337, ('mrg2', 'final'): 708.379, ('mrg2', 'compact'): 708.612, ('mrg2', 'pack'): 708.693, ('mrg2', 'd2h'): 708.846, ('mrg3', 'start'): 709.102, ('mrg3', 'h2d'): 709.204, ('mrg3', 'count'): 709.295, ('mrg3', 'scan'): 709.356, ('mrg3', 'merge'): 709.535, ('mrg3', 'pack'): 709.611, ('mrg3', 'd2h'): 709.766}",1.8119048327207563,0.3664959990419447
Highly sparse,bcsstk17,10974,428650,0.35593682023042417,1406936,1406936,1406936,1406936,1406936,0.0,,0.15300000000002,1.76400000000001,0.17099999999993543,0.8029999999999973,2.0879999999999654,3.28,,,,,5.308,10.638,2.379,2.727,,2.1580000000000155,4.086000000000013,9.47300000000007,1.38900000000001,1.7860000000000582,"{('cu', 'start'): 822.926, ('cu', 'h2dmalloc'): 822.991, ('cu', 'h2d'): 823.13, ('cu', 'workest'): 823.283, ('cu', 'compute'): 825.047, ('cu', 'copy'): 825.218, ('cu', 'pack'): 825.288, ('cu', 'd2h'): 826.091, ('gust', 'start'): 826.213, ('gust', 'h2d'): 826.715, ('gust', 'count'): 826.798, ('gust', 'scan'): 826.84, ('gust', 'expand'): 827.165, ('gust', 'sort'): 829.8, ('gust', 'reduce'): 830.154, ('gust', 'final'): 830.729, ('gust', 'pack'): 830.801, ('gust', 'd2h'): 831.229, ('merge', 'start'): 831.528, ('merge', 'h2d'): 831.958, ('merge', 'count'): 832.056, ('merge', 'scan'): 832.096, ('merge', 'expand'): 833.298, ('merge', 'merge'): 840.883, ('merge', 'final'): 841.088, ('merge', 'compact'): 841.36, ('merge', 'pack'): 841.431, ('merge', 'd2h'): 841.858, ('mrg2', 'start'): 842.173, ('mrg2', 'h2d'): 842.38, ('mrg2', 'count'): 842.464, ('mrg2', 'scan'): 842.505, ('mrg2', 'merge'): 843.403, ('mrg2', 'final'): 843.441, ('mrg2', 'compact'): 843.7, ('mrg2', 'pack'): 843.769, ('mrg2', 'd2h'): 844.191, ('mrg3', 'start'): 844.563, ('mrg3', 'h2d'): 844.805, ('mrg3', 'count'): 845.48, ('mrg3', 'scan'): 845.539, ('mrg3', 'merge'): 846.522, ('mrg3', 'pack'): 846.591, ('mrg3', 'd2h'): 847.012}",63.72947292402387,0.824444801453501
Highly sparse,blckhole,2132,14872,0.3271861986912552,41546,41546,41546,41546,41546,0.0,,0.057999999999992724,0.23700000000008004,0.06200000000001182,0.12599999999997635,0.3570000000000846,0.675,,,,,0.833,0.694,0.418,0.394,,0.38600000000008095,0.5509999999999309,0.48500000000001364,0.20900000000006003,0.19299999999998363,"{('cu', 'start'): 673.812, ('cu', 'h2dmalloc'): 673.874, ('cu', 'h2d'): 673.896, ('cu', 'workest'): 673.954, ('cu', 'compute'): 674.191, ('cu', 'copy'): 674.253, ('cu', 'pack'): 674.282, ('cu', 'd2h'): 674.408, ('gust', 'start'): 674.496, ('gust', 'h2d'): 674.58, ('gust', 'count'): 674.605, ('gust', 'scan'): 674.643, ('gust', 'expand'): 674.672, ('gust', 'sort'): 674.928, ('gust', 'reduce'): 675.038, ('gust', 'final'): 675.101, ('gust', 'pack'): 675.131, ('gust', 'd2h'): 675.168, ('merge', 'start'): 675.335, ('merge', 'h2d'): 675.419, ('merge', 'count'): 675.448, ('merge', 'scan'): 675.487, ('merge', 'expand'): 675.529, ('merge', 'merge'): 675.747, ('merge', 'final'): 675.791, ('merge', 'compact'): 675.88, ('merge', 'pack'): 675.904, ('merge', 'd2h'): 675.941, ('mrg2', 'start'): 676.036, ('mrg2', 'h2d'): 676.117, ('mrg2', 'count'): 676.145, ('mrg2', 'scan'): 676.183, ('mrg2', 'merge'): 676.244, ('mrg2', 'final'): 676.279, ('mrg2', 'compact'): 676.306, ('mrg2', 'pack'): 676.326, ('mrg2', 'd2h'): 676.363, ('mrg3', 'start'): 676.46, ('mrg3', 'h2d'): 676.541, ('mrg3', 'count'): 676.594, ('mrg3', 'scan'): 676.647, ('mrg3', 'merge'): 676.715, ('mrg3', 'pack'): 676.734, ('mrg3', 'd2h'): 676.77}",0.5955719389021397,0.21568640016485
Highly sparse,bcsstk29,13992,619488,0.31642683346621986,1965686,1965686,1965686,1965686,1965686,0.0,,0.15799999999990177,2.4020000000000437,0.17200000000002547,1.0830000000000837,2.731999999999971,4.278,,,,,7.383,11.28,3.152,3.02,,2.8309999999999036,6.088000000000079,9.217999999999961,1.6480000000000246,1.927000000000021,"{('cu', 'start'): 805.399, ('cu', 'h2dmalloc'): 805.45, ('cu', 'h2d'): 805.647, ('cu', 'workest'): 805.805, ('cu', 'compute'): 808.207, ('cu', 'copy'): 808.379, ('cu', 'pack'): 808.478, ('cu', 'd2h'): 809.561, ('gust', 'start'): 809.685, ('gust', 'h2d'): 810.078, ('gust', 'count'): 810.155, ('gust', 'scan'): 810.196, ('gust', 'expand'): 810.687, ('gust', 'sort'): 814.895, ('gust', 'reduce'): 815.36, ('gust', 'final'): 816.077, ('gust', 'pack'): 816.166, ('gust', 'd2h'): 816.756, ('merge', 'start'): 817.075, ('merge', 'h2d'): 818.224, ('merge', 'count'): 818.359, ('merge', 'scan'): 818.399, ('merge', 'expand'): 819.921, ('merge', 'merge'): 826.8, ('merge', 'final'): 827.046, ('merge', 'compact'): 827.358, ('merge', 'pack'): 827.442, ('merge', 'd2h'): 828.042, ('mrg2', 'start'): 828.36, ('mrg2', 'h2d'): 828.986, ('mrg2', 'count'): 829.102, ('mrg2', 'scan'): 829.141, ('mrg2', 'merge'): 830.205, ('mrg2', 'final'): 830.242, ('mrg2', 'compact'): 830.549, ('mrg2', 'pack'): 830.634, ('mrg2', 'd2h'): 831.227, ('mrg3', 'start'): 831.519, ('mrg3', 'h2d'): 831.76, ('mrg3', 'count'): 832.486, ('mrg3', 'scan'): 832.537, ('mrg3', 'merge'): 833.605, ('mrg3', 'pack'): 833.687, ('mrg3', 'd2h'): 834.278}",137.12710910476744,0.921548793138936
Highly sparse,1138_bus,1138,4054,0.31303955695713814,11142,11142,11142,11142,11142,0.0,,0.05200000000002092,0.1490000000000009,0.05000000000006821,0.027000000000043656,0.25100000000009004,0.424,,,,,0.453,0.401,0.317,0.278,,0.2680000000000291,0.30299999999999727,0.26099999999996726,0.17899999999997362,0.14200000000005275,"{('cu', 'start'): 716.332, ('cu', 'h2dmalloc'): 716.382, ('cu', 'h2d'): 716.396, ('cu', 'workest'): 716.448, ('cu', 'compute'): 716.597, ('cu', 'copy'): 716.647, ('cu', 'pack'): 716.664, ('cu', 'd2h'): 716.691, ('gust', 'start'): 716.763, ('gust', 'h2d'): 716.825, ('gust', 'count'): 716.85, ('gust', 'scan'): 716.882, ('gust', 'expand'): 716.907, ('gust', 'sort'): 717.021, ('gust', 'reduce'): 717.061, ('gust', 'final'): 717.111, ('gust', 'pack'): 717.128, ('gust', 'd2h'): 717.144, ('merge', 'start'): 717.222, ('merge', 'h2d'): 717.282, ('merge', 'count'): 717.306, ('merge', 'scan'): 717.338, ('merge', 'expand'): 717.371, ('merge', 'merge'): 717.469, ('merge', 'final'): 717.504, ('merge', 'compact'): 717.528, ('merge', 'pack'): 717.543, ('merge', 'd2h'): 717.555, ('mrg2', 'start'): 717.629, ('mrg2', 'h2d'): 717.686, ('mrg2', 'count'): 717.707, ('mrg2', 'scan'): 717.738, ('mrg2', 'merge'): 717.794, ('mrg2', 'final'): 717.823, ('mrg2', 'compact'): 717.85, ('mrg2', 'pack'): 717.865, ('mrg2', 'd2h'): 717.879, ('mrg3', 'start'): 717.953, ('mrg3', 'h2d'): 718.011, ('mrg3', 'count'): 718.047, ('mrg3', 'scan'): 718.092, ('mrg3', 'merge'): 718.135, ('mrg3', 'pack'): 718.153, ('mrg3', 'd2h'): 718.164}",0.1128239091485738,0.2099936001235619
Highly sparse,bcspwr06,1454,5300,0.25069579909522466,14110,14110,14110,14110,14110,0.0,,0.05700000000001637,0.16300000000001091,0.05999999999994543,0.03300000000001546,0.2799999999999727,0.502,,,,,0.562,0.467,0.394,0.351,,0.30299999999999727,0.35800000000006094,0.2740000000000009,0.19899999999995543,0.16999999999995907,"{('cu', 'start'): 683.914, ('cu', 'h2dmalloc'): 683.977, ('cu', 'h2d'): 683.996, ('cu', 'workest'): 684.053, ('cu', 'compute'): 684.216, ('cu', 'copy'): 684.276, ('cu', 'pack'): 684.299, ('cu', 'd2h'): 684.332, ('gust', 'start'): 684.425, ('gust', 'h2d'): 684.506, ('gust', 'count'): 684.532, ('gust', 'scan'): 684.569, ('gust', 'expand'): 684.599, ('gust', 'sort'): 684.724, ('gust', 'reduce'): 684.769, ('gust', 'final'): 684.842, ('gust', 'pack'): 684.864, ('gust', 'd2h'): 684.89, ('merge', 'start'): 684.995, ('merge', 'h2d'): 685.079, ('merge', 'count'): 685.108, ('merge', 'scan'): 685.144, ('merge', 'expand'): 685.185, ('merge', 'merge'): 685.267, ('merge', 'final'): 685.308, ('merge', 'compact'): 685.335, ('merge', 'pack'): 685.353, ('merge', 'd2h'): 685.373, ('mrg2', 'start'): 685.47, ('mrg2', 'h2d'): 685.546, ('mrg2', 'count'): 685.571, ('mrg2', 'scan'): 685.609, ('mrg2', 'merge'): 685.663, ('mrg2', 'final'): 685.701, ('mrg2', 'compact'): 685.724, ('mrg2', 'pack'): 685.745, ('mrg2', 'd2h'): 685.765, ('mrg3', 'start'): 685.871, ('mrg3', 'h2d'): 685.946, ('mrg3', 'count'): 685.991, ('mrg3', 'scan'): 686.044, ('mrg3', 'merge'): 686.094, ('mrg3', 'pack'): 686.116, ('mrg3', 'd2h'): 686.135}",0.2413289621472358,0.2093663995619863
Highly sparse,bcsstk30,28924,2043492,0.24426218412514641,8946070,8946070,8946070,8946070,8946070,0.0,,0.21499999999991815,7.72199999999998,0.2560000000000855,4.313000000000102,8.192999999999984,13.566,,,,,34.451,94.455,15.735,20.585,,8.26299999999992,30.30899999999997,88.23199999999997,11.057999999999993,16.24000000000001,"{('cu', 'start'): 1350.511, ('cu', 'h2dmalloc'): 1350.569, ('cu', 'h2d'): 1351.365, ('cu', 'workest'): 1351.58, ('cu', 'compute'): 1359.302, ('cu', 'copy'): 1359.558, ('cu', 'pack'): 1359.628, ('cu', 'd2h'): 1363.941, ('gust', 'start'): 1364.084, ('gust', 'h2d'): 1364.942, ('gust', 'count'): 1365.038, ('gust', 'scan'): 1365.082, ('gust', 'expand'): 1367.379, ('gust', 'sort'): 1390.648, ('gust', 'reduce'): 1392.593, ('gust', 'final'): 1395.169, ('gust', 'pack'): 1395.251, ('gust', 'd2h'): 1397.943, ('merge', 'start'): 1398.543, ('merge', 'h2d'): 1399.633, ('merge', 'count'): 1399.746, ('merge', 'scan'): 1399.789, ('merge', 'expand'): 1408.217, ('merge', 'merge'): 1486.158, ('merge', 'final'): 1486.989, ('merge', 'compact'): 1487.783, ('merge', 'pack'): 1487.865, ('merge', 'd2h'): 1491.118, ('mrg2', 'start'): 1493.006, ('mrg2', 'h2d'): 1494.621, ('mrg2', 'count'): 1494.743, ('mrg2', 'scan'): 1494.8, ('mrg2', 'merge'): 1504.565, ('mrg2', 'final'): 1504.608, ('mrg2', 'compact'): 1505.579, ('mrg2', 'pack'): 1505.679, ('mrg2', 'd2h'): 1508.351, ('mrg3', 'start'): 1508.748, ('mrg3', 'h2d'): 1510.111, ('mrg3', 'count'): 1516.553, ('mrg3', 'scan'): 1516.614, ('mrg3', 'merge'): 1526.275, ('mrg3', 'pack'): 1526.351, ('mrg3', 'd2h'): 1529.014}",1181.0736348852515,2.4079200068721547
Highly sparse,bcsstm06,420,420,0.2380952380952381,420,420,420,420,420,0.0,,0.05499999999994998,0.16300000000001091,0.05600000000004002,0.02400000000000091,0.2740000000000009,0.482,,,,,0.437,0.368,0.328,0.279,,0.2939999999999827,0.2479999999999336,0.18100000000004002,0.1570000000000391,0.11099999999999,"{('cu', 'start'): 688.754, ('cu', 'h2dmalloc'): 688.818, ('cu', 'h2d'): 688.832, ('cu', 'workest'): 688.887, ('cu', 'compute'): 689.05, ('cu', 'copy'): 689.106, ('cu', 'pack'): 689.126, ('cu', 'd2h'): 689.15, ('gust', 'start'): 689.246, ('gust', 'h2d'): 689.326, ('gust', 'count'): 689.347, ('gust', 'scan'): 689.386, ('gust', 'expand'): 689.413, ('gust', 'sort'): 689.458, ('gust', 'reduce'): 689.5, ('gust', 'final'): 689.553, ('gust', 'pack'): 689.574, ('gust', 'd2h'): 689.584, ('merge', 'start'): 689.688, ('merge', 'h2d'): 689.765, ('merge', 'count'): 689.789, ('merge', 'scan'): 689.825, ('merge', 'expand'): 689.844, ('merge', 'merge'): 689.866, ('merge', 'final'): 689.903, ('merge', 'compact'): 689.928, ('merge', 'pack'): 689.946, ('merge', 'd2h'): 689.957, ('mrg2', 'start'): 690.062, ('mrg2', 'h2d'): 690.137, ('mrg2', 'count'): 690.158, ('mrg2', 'scan'): 690.195, ('mrg2', 'merge'): 690.219, ('mrg2', 'final'): 690.251, ('mrg2', 'compact'): 690.276, ('mrg2', 'pack'): 690.294, ('mrg2', 'd2h'): 690.304, ('mrg3', 'start'): 690.395, ('mrg3', 'h2d'): 690.467, ('mrg3', 'count'): 690.49, ('mrg3', 'scan'): 690.538, ('mrg3', 'merge'): 690.561, ('mrg3', 'pack'): 690.578, ('mrg3', 'd2h'): 690.589}",0.0377290416508913,0.1371455998625606
Highly sparse,bcspwr08,1624,6050,0.22939467106699993,16916,16916,16916,16916,16916,0.0,,0.06000000000005912,0.16300000000001091,0.05899999999996908,0.038000000000010914,0.2820000000000391,0.508,,,,,0.558,0.468,0.391,0.355,,0.3039999999999736,0.35199999999997544,0.27800000000002,0.19399999999995998,0.16899999999998272,"{('cu', 'start'): 676.194, ('cu', 'h2dmalloc'): 676.257, ('cu', 'h2d'): 676.275, ('cu', 'workest'): 676.335, ('cu', 'compute'): 676.498, ('cu', 'copy'): 676.557, ('cu', 'pack'): 676.579, ('cu', 'd2h'): 676.617, ('gust', 'start'): 676.71, ('gust', 'h2d'): 676.791, ('gust', 'count'): 676.817, ('gust', 'scan'): 676.855, ('gust', 'expand'): 676.882, ('gust', 'sort'): 677.01, ('gust', 'reduce'): 677.063, ('gust', 'final'): 677.122, ('gust', 'pack'): 677.143, ('gust', 'd2h'): 677.171, ('merge', 'start'): 677.275, ('merge', 'h2d'): 677.357, ('merge', 'count'): 677.386, ('merge', 'scan'): 677.423, ('merge', 'expand'): 677.458, ('merge', 'merge'): 677.54, ('merge', 'final'): 677.581, ('merge', 'compact'): 677.609, ('merge', 'pack'): 677.635, ('merge', 'd2h'): 677.656, ('mrg2', 'start'): 677.75, ('mrg2', 'h2d'): 677.827, ('mrg2', 'count'): 677.851, ('mrg2', 'scan'): 677.886, ('mrg2', 'merge'): 677.938, ('mrg2', 'final'): 677.975, ('mrg2', 'compact'): 677.999, ('mrg2', 'pack'): 678.021, ('mrg2', 'd2h'): 678.051, ('mrg3', 'start'): 678.147, ('mrg3', 'h2d'): 678.224, ('mrg3', 'count'): 678.268, ('mrg3', 'scan'): 678.322, ('mrg3', 'merge'): 678.371, ('mrg3', 'pack'): 678.393, ('mrg3', 'd2h'): 678.414}",0.289177056401968,0.1846528007183224
Highly sparse,bcspwr07,1612,5824,0.22412551028576003,15684,15684,15684,15684,15684,0.0,,0.07200000000000273,0.18400000000008276,0.06799999999998363,0.045999999999935426,0.3240000000000691,0.58,,,,,0.591,0.504,0.412,0.391,,0.3530000000000655,0.3849999999999909,0.3079999999999927,0.21499999999991815,0.19600000000002638,"{('cu', 'start'): 703.685, ('cu', 'h2dmalloc'): 703.751, ('cu', 'h2d'): 703.771, ('cu', 'workest'): 703.843, ('cu', 'compute'): 704.027, ('cu', 'copy'): 704.095, ('cu', 'pack'): 704.124, ('cu', 'd2h'): 704.17, ('gust', 'start'): 704.27, ('gust', 'h2d'): 704.354, ('gust', 'count'): 704.383, ('gust', 'scan'): 704.429, ('gust', 'expand'): 704.459, ('gust', 'sort'): 704.596, ('gust', 'reduce'): 704.646, ('gust', 'final'): 704.711, ('gust', 'pack'): 704.739, ('gust', 'd2h'): 704.767, ('merge', 'start'): 704.87, ('merge', 'h2d'): 704.953, ('merge', 'count'): 704.986, ('merge', 'scan'): 705.026, ('merge', 'expand'): 705.063, ('merge', 'merge'): 705.151, ('merge', 'final'): 705.209, ('merge', 'compact'): 705.237, ('merge', 'pack'): 705.261, ('merge', 'd2h'): 705.283, ('mrg2', 'start'): 705.385, ('mrg2', 'h2d'): 705.47, ('mrg2', 'count'): 705.502, ('mrg2', 'scan'): 705.542, ('mrg2', 'merge'): 705.595, ('mrg2', 'final'): 705.636, ('mrg2', 'compact'): 705.66, ('mrg2', 'pack'): 705.685, ('mrg2', 'd2h'): 705.706, ('mrg3', 'start'): 705.804, ('mrg3', 'h2d'): 705.882, ('mrg3', 'count'): 705.932, ('mrg3', 'scan'): 705.998, ('mrg3', 'merge'): 706.05, ('mrg3', 'pack'): 706.078, ('mrg3', 'd2h'): 706.1}",0.2732500433921814,0.2111072004074231
Highly sparse,bcspwr09,1723,6511,0.21931944613334525,18485,18485,18485,18485,18485,0.0,,0.06200000000001182,0.17300000000000182,0.06499999999994088,0.03700000000003456,0.2999999999999545,0.535,,,,,0.562,0.484,0.412,0.361,,0.32200000000000273,0.34399999999993724,0.2799999999999727,0.20300000000008822,0.15899999999999181,"{('cu', 'start'): 679.627, ('cu', 'h2dmalloc'): 679.691, ('cu', 'h2d'): 679.711, ('cu', 'workest'): 679.773, ('cu', 'compute'): 679.946, ('cu', 'copy'): 680.011, ('cu', 'pack'): 680.033, ('cu', 'd2h'): 680.07, ('gust', 'start'): 680.172, ('gust', 'h2d'): 680.254, ('gust', 'count'): 680.276, ('gust', 'scan'): 680.317, ('gust', 'expand'): 680.344, ('gust', 'sort'): 680.474, ('gust', 'reduce'): 680.517, ('gust', 'final'): 680.577, ('gust', 'pack'): 680.598, ('gust', 'd2h'): 680.628, ('merge', 'start'): 680.74, ('merge', 'h2d'): 680.823, ('merge', 'count'): 680.849, ('merge', 'scan'): 680.887, ('merge', 'expand'): 680.921, ('merge', 'merge'): 681.012, ('merge', 'final'): 681.055, ('merge', 'compact'): 681.082, ('merge', 'pack'): 681.103, ('merge', 'd2h'): 681.125, ('mrg2', 'start'): 681.231, ('mrg2', 'h2d'): 681.31, ('mrg2', 'count'): 681.335, ('mrg2', 'scan'): 681.374, ('mrg2', 'merge'): 681.428, ('mrg2', 'final'): 681.466, ('mrg2', 'compact'): 681.494, ('mrg2', 'pack'): 681.513, ('mrg2', 'd2h'): 681.535, ('mrg3', 'start'): 681.649, ('mrg3', 'h2d'): 681.729, ('mrg3', 'count'): 681.767, ('mrg3', 'scan'): 681.825, ('mrg3', 'merge'): 681.868, ('mrg3', 'pack'): 681.888, ('mrg3', 'd2h'): 681.911}",0.3371860366314649,0.2128351998748258
Highly sparse,bcsstm20,485,485,0.2061855670103093,485,485,485,485,485,0.0,,0.06599999999991724,0.16899999999998272,0.06100000000003547,0.03999999999996362,0.2959999999999354,0.543,,,,,0.471,0.41,0.366,0.311,,0.31899999999996,0.26500000000010004,0.20100000000002183,0.17599999999993088,0.125,"{('cu', 'start'): 673.322, ('cu', 'h2dmalloc'): 673.386, ('cu', 'h2d'): 673.402, ('cu', 'workest'): 673.468, ('cu', 'compute'): 673.637, ('cu', 'copy'): 673.698, ('cu', 'pack'): 673.721, ('cu', 'd2h'): 673.761, ('gust', 'start'): 673.87, ('gust', 'h2d'): 673.954, ('gust', 'count'): 673.978, ('gust', 'scan'): 674.019, ('gust', 'expand'): 674.044, ('gust', 'sort'): 674.093, ('gust', 'reduce'): 674.137, ('gust', 'final'): 674.196, ('gust', 'pack'): 674.219, ('gust', 'd2h'): 674.23, ('merge', 'start'): 674.353, ('merge', 'h2d'): 674.437, ('merge', 'count'): 674.46, ('merge', 'scan'): 674.501, ('merge', 'expand'): 674.526, ('merge', 'merge'): 674.548, ('merge', 'final'): 674.589, ('merge', 'compact'): 674.618, ('merge', 'pack'): 674.638, ('merge', 'd2h'): 674.649, ('mrg2', 'start'): 674.768, ('mrg2', 'h2d'): 674.844, ('mrg2', 'count'): 674.867, ('mrg2', 'scan'): 674.906, ('mrg2', 'merge'): 674.938, ('mrg2', 'final'): 674.973, ('mrg2', 'compact'): 674.999, ('mrg2', 'pack'): 675.02, ('mrg2', 'd2h'): 675.031, ('mrg3', 'start'): 675.142, ('mrg3', 'h2d'): 675.217, ('mrg3', 'count'): 675.244, ('mrg3', 'scan'): 675.297, ('mrg3', 'merge'): 675.323, ('mrg3', 'pack'): 675.342, ('mrg3', 'd2h'): 675.353}",0.0646100379526615,0.1386783998692408
Highly sparse,bcsstk21,3600,26600,0.2052469135802469,93072,93072,93072,93072,93072,0.0,,0.06399999999996453,0.2480000000000473,0.06499999999994088,0.18299999999999272,0.3769999999999527,0.775,,,,,1.029,0.798,0.592,0.468,,0.4009999999999536,0.6389999999998963,0.4700000000000273,0.2699999999999818,0.19499999999993634,"{('cu', 'start'): 686.257, ('cu', 'h2dmalloc'): 686.324, ('cu', 'h2d'): 686.364, ('cu', 'workest'): 686.428, ('cu', 'compute'): 686.676, ('cu', 'copy'): 686.741, ('cu', 'pack'): 686.765, ('cu', 'd2h'): 686.948, ('gust', 'start'): 687.039, ('gust', 'h2d'): 687.142, ('gust', 'count'): 687.169, ('gust', 'scan'): 687.21, ('gust', 'expand'): 687.307, ('gust', 'sort'): 687.566, ('gust', 'reduce'): 687.679, ('gust', 'final'): 687.748, ('gust', 'pack'): 687.781, ('gust', 'd2h'): 687.858, ('merge', 'start'): 688.075, ('merge', 'h2d'): 688.172, ('merge', 'count'): 688.206, ('merge', 'scan'): 688.245, ('merge', 'expand'): 688.344, ('merge', 'merge'): 688.474, ('merge', 'final'): 688.52, ('merge', 'compact'): 688.616, ('merge', 'pack'): 688.642, ('merge', 'd2h'): 688.72, ('mrg2', 'start'): 688.881, ('mrg2', 'h2d'): 688.977, ('mrg2', 'count'): 689.004, ('mrg2', 'scan'): 689.044, ('mrg2', 'merge'): 689.094, ('mrg2', 'final'): 689.131, ('mrg2', 'compact'): 689.222, ('mrg2', 'pack'): 689.247, ('mrg2', 'd2h'): 689.324, ('mrg3', 'start'): 689.479, ('mrg3', 'h2d'): 689.57, ('mrg3', 'count'): 689.624, ('mrg3', 'scan'): 689.68, ('mrg3', 'merge'): 689.742, ('mrg3', 'pack'): 689.765, ('mrg3', 'd2h'): 689.849}",2.685170155018568,0.2125088007887825
Highly sparse,bcsstm19,817,817,0.12239902080783352,817,817,817,817,817,0.0,,0.07500000000004547,0.17799999999999727,0.06999999999993634,0.02800000000002001,0.3229999999999791,0.568,,,,,0.518,0.415,0.39,0.333,,0.3509999999999991,0.3009999999999309,0.21500000000003183,0.18700000000001182,0.13900000000001,"{('cu', 'start'): 688.695, ('cu', 'h2dmalloc'): 688.763, ('cu', 'h2d'): 688.785, ('cu', 'workest'): 688.86, ('cu', 'compute'): 689.038, ('cu', 'copy'): 689.108, ('cu', 'pack'): 689.136, ('cu', 'd2h'): 689.164, ('gust', 'start'): 689.269, ('gust', 'h2d'): 689.355, ('gust', 'count'): 689.381, ('gust', 'scan'): 689.428, ('gust', 'expand'): 689.456, ('gust', 'sort'): 689.507, ('gust', 'reduce'): 689.553, ('gust', 'final'): 689.628, ('gust', 'pack'): 689.656, ('gust', 'd2h'): 689.668, ('merge', 'start'): 689.795, ('merge', 'h2d'): 689.882, ('merge', 'count'): 689.908, ('merge', 'scan'): 689.95, ('merge', 'expand'): 689.978, ('merge', 'merge'): 690.001, ('merge', 'final'): 690.047, ('merge', 'compact'): 690.075, ('merge', 'pack'): 690.097, ('merge', 'd2h'): 690.11, ('mrg2', 'start'): 690.221, ('mrg2', 'h2d'): 690.299, ('mrg2', 'count'): 690.324, ('mrg2', 'scan'): 690.367, ('mrg2', 'merge'): 690.395, ('mrg2', 'final'): 690.434, ('mrg2', 'compact'): 690.462, ('mrg2', 'pack'): 690.486, ('mrg2', 'd2h'): 690.499, ('mrg3', 'start'): 690.617, ('mrg3', 'h2d'): 690.697, ('mrg3', 'count'): 690.725, ('mrg3', 'scan'): 690.784, ('mrg3', 'merge'): 690.812, ('mrg3', 'pack'): 690.836, ('mrg3', 'd2h'): 690.849}",0.0757249072194099,0.1386720007751136
Highly sparse,bcsstk25,15439,252241,0.10582233620331932,1168919,1168919,1168919,1168919,1168919,0.0,,0.17899999999997362,0.6910000000000309,0.19200000000000728,1.1789999999999736,1.0620000000000118,2.766,,,,,3.538,4.993,2.51,2.452,,1.1750000000000682,2.169999999999959,3.643000000000029,1.1589999999999918,1.1090000000000373,"{('cu', 'start'): 776.004, ('cu', 'h2dmalloc'): 776.067, ('cu', 'h2d'): 776.227, ('cu', 'workest'): 776.406, ('cu', 'compute'): 777.097, ('cu', 'copy'): 777.289, ('cu', 'pack'): 777.402, ('cu', 'd2h'): 778.581, ('gust', 'start'): 778.78, ('gust', 'h2d'): 779.005, ('gust', 'count'): 779.09, ('gust', 'scan'): 779.14, ('gust', 'expand'): 779.334, ('gust', 'sort'): 780.252, ('gust', 'reduce'): 780.501, ('gust', 'final'): 781.076, ('gust', 'pack'): 781.175, ('gust', 'd2h'): 781.926, ('merge', 'start'): 782.325, ('merge', 'h2d'): 782.545, ('merge', 'count'): 782.639, ('merge', 'scan'): 782.689, ('merge', 'expand'): 783.12, ('merge', 'merge'): 785.559, ('merge', 'final'): 785.781, ('merge', 'compact'): 786.098, ('merge', 'pack'): 786.188, ('merge', 'd2h'): 786.94, ('mrg2', 'start'): 787.326, ('mrg2', 'h2d'): 787.542, ('mrg2', 'count'): 787.635, ('mrg2', 'scan'): 787.684, ('mrg2', 'merge'): 788.26, ('mrg2', 'final'): 788.304, ('mrg2', 'compact'): 788.609, ('mrg2', 'pack'): 788.701, ('mrg2', 'd2h'): 789.453, ('mrg3', 'start'): 789.843, ('mrg3', 'h2d'): 790.057, ('mrg3', 'count'): 790.454, ('mrg3', 'scan'): 790.517, ('mrg3', 'merge'): 791.082, ('mrg3', 'pack'): 791.166, ('mrg3', 'd2h'): 791.916}",177.74690710939467,0.4689183995127678
Highly sparse,bcsstk18,11948,149090,0.10443788948628972,713208,713208,713208,713208,713208,0.0,,0.12999999999999545,0.5320000000000391,0.19100000000003092,0.8100000000000591,0.8530000000000655,2.062,,,,,2.521,3.359,1.883,1.769,,0.9470000000000027,1.5789999999999509,2.4149999999999636,0.9379999999999882,0.8319999999999936,"{('cu', 'start'): 744.274, ('cu', 'h2dmalloc'): 744.337, ('cu', 'h2d'): 744.439, ('cu', 'workest'): 744.569, ('cu', 'compute'): 745.101, ('cu', 'copy'): 745.292, ('cu', 'pack'): 745.386, ('cu', 'd2h'): 746.196, ('gust', 'start'): 746.345, ('gust', 'h2d'): 746.509, ('gust', 'count'): 746.541, ('gust', 'scan'): 746.587, ('gust', 'expand'): 746.764, ('gust', 'sort'): 747.305, ('gust', 'reduce'): 747.491, ('gust', 'final'): 747.981, ('gust', 'pack'): 748.088, ('gust', 'd2h'): 748.601, ('merge', 'start'): 748.875, ('merge', 'h2d'): 749.034, ('merge', 'count'): 749.082, ('merge', 'scan'): 749.13, ('merge', 'expand'): 749.443, ('merge', 'merge'): 750.876, ('merge', 'final'): 751.07, ('merge', 'compact'): 751.352, ('merge', 'pack'): 751.449, ('merge', 'd2h'): 751.968, ('mrg2', 'start'): 752.24, ('mrg2', 'h2d'): 752.4, ('mrg2', 'count'): 752.436, ('mrg2', 'scan'): 752.483, ('mrg2', 'merge'): 752.922, ('mrg2', 'final'): 752.974, ('mrg2', 'compact'): 753.245, ('mrg2', 'pack'): 753.338, ('mrg2', 'd2h'): 753.853, ('mrg3', 'start'): 754.131, ('mrg3', 'h2d'): 754.29, ('mrg3', 'count'): 754.533, ('mrg3', 'scan'): 754.597, ('mrg3', 'merge'): 755.029, ('mrg3', 'pack'): 755.122, ('mrg3', 'd2h'): 755.634}",86.1555258743465,0.4533663979033008
Highly sparse,bcsstk32,44609,2014701,0.10124314474587429,6819653,6819653,6819653,6819653,6819653,0.0,,0.18800000000010186,7.641000000000076,0.2319999999999709,3.1289999999999054,8.06100000000015,12.16,,,,,21.857,40.465,9.354,10.284,,8.13000000000011,17.870999999999867,36.47399999999993,5.538999999999987,7.150000000000091,"{('cu', 'start'): 1120.422, ('cu', 'h2dmalloc'): 1120.493, ('cu', 'h2d'): 1121.186, ('cu', 'workest'): 1121.374, ('cu', 'compute'): 1129.015, ('cu', 'copy'): 1129.247, ('cu', 'pack'): 1129.316, ('cu', 'd2h'): 1132.445, ('gust', 'start'): 1132.592, ('gust', 'h2d'): 1134.054, ('gust', 'count'): 1134.152, ('gust', 'scan'): 1134.195, ('gust', 'expand'): 1135.576, ('gust', 'sort'): 1149.028, ('gust', 'reduce'): 1150.281, ('gust', 'final'): 1151.824, ('gust', 'pack'): 1151.925, ('gust', 'd2h'): 1153.974, ('merge', 'start'): 1154.454, ('merge', 'h2d'): 1155.909, ('merge', 'count'): 1156.142, ('merge', 'scan'): 1156.185, ('merge', 'expand'): 1161.224, ('merge', 'merge'): 1191.188, ('merge', 'final'): 1191.718, ('merge', 'compact'): 1192.308, ('merge', 'pack'): 1192.383, ('merge', 'd2h'): 1194.519, ('mrg2', 'start'): 1194.925, ('mrg2', 'h2d'): 1196.299, ('mrg2', 'count'): 1196.494, ('mrg2', 'scan'): 1196.537, ('mrg2', 'merge'): 1201.042, ('mrg2', 'final'): 1201.082, ('mrg2', 'compact'): 1201.767, ('mrg2', 'pack'): 1201.838, ('mrg2', 'd2h'): 1203.875, ('mrg3', 'start'): 1204.285, ('mrg3', 'h2d'): 1205.091, ('mrg3', 'count'): 1207.714, ('mrg3', 'scan'): 1207.768, ('mrg3', 'merge'): 1212.155, ('mrg3', 'pack'): 1212.241, ('mrg3', 'd2h'): 1214.271}",4421.557090012357,1.7901599937351422
Extremely sparse,bcsstk31,35588,1181416,0.09328153508950845,4713580,4713580,4713580,4713580,4713580,0.0,,0.17200000000002547,4.4809999999999945,0.24900000000002365,2.283999999999992,4.902000000000044,7.835,,,,,11.516,22.404,5.695,6.595,,4.977999999999952,8.926000000000045,19.67599999999993,3.086999999999989,4.17999999999995,"{('cu', 'start'): 929.882, ('cu', 'h2dmalloc'): 929.939, ('cu', 'h2d'): 930.322, ('cu', 'workest'): 930.494, ('cu', 'compute'): 934.975, ('cu', 'copy'): 935.224, ('cu', 'pack'): 935.3, ('cu', 'd2h'): 937.584, ('gust', 'start'): 937.727, ('gust', 'h2d'): 938.261, ('gust', 'count'): 938.352, ('gust', 'scan'): 938.394, ('gust', 'expand'): 939.099, ('gust', 'sort'): 945.347, ('gust', 'reduce'): 946.044, ('gust', 'final'): 947.109, ('gust', 'pack'): 947.187, ('gust', 'd2h'): 948.853, ('merge', 'start'): 949.248, ('merge', 'h2d'): 949.892, ('merge', 'count'): 949.998, ('merge', 'scan'): 950.039, ('merge', 'expand'): 952.577, ('merge', 'merge'): 968.68, ('merge', 'final'): 969.035, ('merge', 'compact'): 969.47, ('merge', 'pack'): 969.568, ('merge', 'd2h'): 971.243, ('mrg2', 'start'): 971.658, ('mrg2', 'h2d'): 972.249, ('mrg2', 'count'): 972.359, ('mrg2', 'scan'): 972.4, ('mrg2', 'merge'): 974.796, ('mrg2', 'final'): 974.837, ('mrg2', 'compact'): 975.257, ('mrg2', 'pack'): 975.336, ('mrg2', 'd2h'): 976.989, ('mrg3', 'start'): 977.36, ('mrg3', 'h2d'): 977.798, ('mrg3', 'count'): 979.339, ('mrg3', 'scan'): 979.396, ('mrg3', 'merge'): 981.883, ('mrg3', 'pack'): 981.978, ('mrg3', 'd2h'): 983.63}",2316.7010678444058,1.2874175973236563
Extremely sparse,bcsstm08,1074,1074,0.0931098696461825,1074,1074,1074,1074,1074,0.0,,0.05800000000010641,0.17099999999993543,0.057999999999992724,0.025999999999953616,0.28700000000003456,0.501,,,,,0.445,0.361,0.324,0.296,,0.3080000000001064,0.24700000000007094,0.18399999999996908,0.15499999999997272,0.1150000000000091,"{('cu', 'start'): 666.302, ('cu', 'h2dmalloc'): 666.367, ('cu', 'h2d'): 666.387, ('cu', 'workest'): 666.445, ('cu', 'compute'): 666.616, ('cu', 'copy'): 666.674, ('cu', 'pack'): 666.695, ('cu', 'd2h'): 666.721, ('gust', 'start'): 666.813, ('gust', 'h2d'): 666.891, ('gust', 'count'): 666.914, ('gust', 'scan'): 666.951, ('gust', 'expand'): 666.976, ('gust', 'sort'): 667.023, ('gust', 'reduce'): 667.064, ('gust', 'final'): 667.118, ('gust', 'pack'): 667.138, ('gust', 'd2h'): 667.148, ('merge', 'start'): 667.264, ('merge', 'h2d'): 667.345, ('merge', 'count'): 667.367, ('merge', 'scan'): 667.406, ('merge', 'expand'): 667.428, ('merge', 'merge'): 667.448, ('merge', 'final'): 667.485, ('merge', 'compact'): 667.511, ('merge', 'pack'): 667.529, ('merge', 'd2h'): 667.54, ('mrg2', 'start'): 667.631, ('mrg2', 'h2d'): 667.706, ('mrg2', 'count'): 667.727, ('mrg2', 'scan'): 667.763, ('mrg2', 'merge'): 667.786, ('mrg2', 'final'): 667.819, ('mrg2', 'compact'): 667.843, ('mrg2', 'pack'): 667.861, ('mrg2', 'd2h'): 667.871, ('mrg3', 'start'): 667.962, ('mrg3', 'h2d'): 668.037, ('mrg3', 'count'): 668.061, ('mrg3', 'scan'): 668.11, ('mrg3', 'merge'): 668.135, ('mrg3', 'pack'): 668.152, ('mrg3', 'd2h'): 668.162}",0.1300980802625417,0.1618656007107347
Extremely sparse,bcsstm09,1083,1083,0.09233610341643582,1083,1083,1083,1083,1083,0.0,,0.056999999999902684,0.16800000000000637,0.06800000000009732,0.02500000000009095,0.29300000000000637,0.508,,,,,0.44,0.357,0.344,0.291,,0.31599999999991724,0.2459999999999809,0.18299999999999272,0.15899999999999181,0.11600000000009913,"{('cu', 'start'): 665.272, ('cu', 'h2dmalloc'): 665.335, ('cu', 'h2d'): 665.354, ('cu', 'workest'): 665.411, ('cu', 'compute'): 665.579, ('cu', 'copy'): 665.647, ('cu', 'pack'): 665.67, ('cu', 'd2h'): 665.695, ('gust', 'start'): 665.789, ('gust', 'h2d'): 665.874, ('gust', 'count'): 665.897, ('gust', 'scan'): 665.936, ('gust', 'expand'): 665.959, ('gust', 'sort'): 666.004, ('gust', 'reduce'): 666.043, ('gust', 'final'): 666.099, ('gust', 'pack'): 666.12, ('gust', 'd2h'): 666.13, ('merge', 'start'): 666.234, ('merge', 'h2d'): 666.315, ('merge', 'count'): 666.335, ('merge', 'scan'): 666.376, ('merge', 'expand'): 666.398, ('merge', 'merge'): 666.418, ('merge', 'final'): 666.455, ('merge', 'compact'): 666.48, ('merge', 'pack'): 666.498, ('merge', 'd2h'): 666.508, ('mrg2', 'start'): 666.597, ('mrg2', 'h2d'): 666.686, ('mrg2', 'count'): 666.709, ('mrg2', 'scan'): 666.745, ('mrg2', 'merge'): 666.771, ('mrg2', 'final'): 666.803, ('mrg2', 'compact'): 666.826, ('mrg2', 'pack'): 666.845, ('mrg2', 'd2h'): 666.855, ('mrg3', 'start'): 666.948, ('mrg3', 'h2d'): 667.026, ('mrg3', 'count'): 667.05, ('mrg3', 'scan'): 667.1, ('mrg3', 'merge'): 667.124, ('mrg3', 'pack'): 667.142, ('mrg3', 'd2h'): 667.153}",0.1266489271074533,0.1610655999276787
Extremely sparse,bcspwr10,5300,21842,0.07775720897116412,60498,60498,60498,60498,60498,0.0,,0.057999999999992724,0.25900000000001455,0.06500000000005457,0.1409999999999627,0.38200000000006185,0.713,,,,,0.88,0.69,0.46,0.415,,0.4010000000000673,0.6490000000000009,0.4390000000000782,0.22199999999998,0.18500000000005912,"{('cu', 'start'): 646.647, ('cu', 'h2dmalloc'): 646.708, ('cu', 'h2d'): 646.742, ('cu', 'workest'): 646.8, ('cu', 'compute'): 647.059, ('cu', 'copy'): 647.124, ('cu', 'pack'): 647.143, ('cu', 'd2h'): 647.284, ('gust', 'start'): 647.369, ('gust', 'h2d'): 647.46, ('gust', 'count'): 647.485, ('gust', 'scan'): 647.526, ('gust', 'expand'): 647.565, ('gust', 'sort'): 647.827, ('gust', 'reduce'): 647.95, ('gust', 'final'): 648.076, ('gust', 'pack'): 648.109, ('gust', 'd2h'): 648.162, ('merge', 'start'): 648.262, ('merge', 'h2d'): 648.358, ('merge', 'count'): 648.397, ('merge', 'scan'): 648.436, ('merge', 'expand'): 648.485, ('merge', 'merge'): 648.641, ('merge', 'final'): 648.681, ('merge', 'compact'): 648.772, ('merge', 'pack'): 648.797, ('merge', 'd2h'): 648.851, ('mrg2', 'start'): 648.956, ('mrg2', 'h2d'): 649.048, ('mrg2', 'count'): 649.081, ('mrg2', 'scan'): 649.121, ('mrg2', 'merge'): 649.18, ('mrg2', 'final'): 649.217, ('mrg2', 'compact'): 649.251, ('mrg2', 'pack'): 649.27, ('mrg2', 'd2h'): 649.324, ('mrg3', 'start'): 649.422, ('mrg3', 'h2d'): 649.511, ('mrg3', 'count'): 649.564, ('mrg3', 'scan'): 649.618, ('mrg3', 'merge'): 649.677, ('mrg3', 'pack'): 649.696, ('mrg3', 'd2h'): 649.75}",7.620363961905241,0.225836799107492
Extremely sparse,bcsstm11,1473,1473,0.0678886625933469,1473,1473,1473,1473,1473,0.0,,0.06700000000000728,0.16800000000000637,0.06100000000003547,0.024999999999977263,0.2960000000000491,0.508,,,,,0.442,0.372,0.339,0.284,,0.3170000000000073,0.24699999999995725,0.19399999999995998,0.1610000000000582,0.1150000000000091,"{('cu', 'start'): 678.322, ('cu', 'h2dmalloc'): 678.385, ('cu', 'h2d'): 678.405, ('cu', 'workest'): 678.472, ('cu', 'compute'): 678.64, ('cu', 'copy'): 678.701, ('cu', 'pack'): 678.722, ('cu', 'd2h'): 678.747, ('gust', 'start'): 678.839, ('gust', 'h2d'): 678.928, ('gust', 'count'): 678.95, ('gust', 'scan'): 678.987, ('gust', 'expand'): 679.011, ('gust', 'sort'): 679.057, ('gust', 'reduce'): 679.097, ('gust', 'final'): 679.156, ('gust', 'pack'): 679.175, ('gust', 'd2h'): 679.185, ('merge', 'start'): 679.287, ('merge', 'h2d'): 679.37, ('merge', 'count'): 679.392, ('merge', 'scan'): 679.438, ('merge', 'expand'): 679.46, ('merge', 'merge'): 679.481, ('merge', 'final'): 679.519, ('merge', 'compact'): 679.546, ('merge', 'pack'): 679.564, ('merge', 'd2h'): 679.575, ('mrg2', 'start'): 679.666, ('mrg2', 'h2d'): 679.747, ('mrg2', 'count'): 679.768, ('mrg2', 'scan'): 679.804, ('mrg2', 'merge'): 679.833, ('mrg2', 'final'): 679.865, ('mrg2', 'compact'): 679.89, ('mrg2', 'pack'): 679.908, ('mrg2', 'd2h'): 679.918, ('mrg3', 'start'): 680.011, ('mrg3', 'h2d'): 680.088, ('mrg3', 'count'): 680.114, ('mrg3', 'scan'): 680.161, ('mrg3', 'merge'): 680.186, ('mrg3', 'pack'): 680.203, ('mrg3', 'd2h'): 680.213}",0.2223190385848283,0.1618431998416781
Extremely sparse,bcsstm26,1922,1922,0.052029136316337155,1922,1922,1922,1922,1922,0.0,,0.09100000000000819,0.18799999999998818,0.08000000000004093,0.033999999999991815,0.3590000000000373,0.665,,,,,0.613,0.538,0.476,0.431,,0.39000000000010004,0.35000000000002274,0.27800000000002,0.23500000000001364,0.18600000000003547,"{('cu', 'start'): 697.778, ('cu', 'h2dmalloc'): 697.86, ('cu', 'h2d'): 697.901, ('cu', 'workest'): 697.992, ('cu', 'compute'): 698.18, ('cu', 'copy'): 698.26, ('cu', 'pack'): 698.291, ('cu', 'd2h'): 698.325, ('gust', 'start'): 698.456, ('gust', 'h2d'): 698.571, ('gust', 'count'): 698.601, ('gust', 'scan'): 698.657, ('gust', 'expand'): 698.689, ('gust', 'sort'): 698.749, ('gust', 'reduce'): 698.811, ('gust', 'final'): 698.893, ('gust', 'pack'): 698.921, ('gust', 'd2h'): 698.934, ('merge', 'start'): 699.078, ('merge', 'h2d'): 699.202, ('merge', 'count'): 699.231, ('merge', 'scan'): 699.285, ('merge', 'expand'): 699.313, ('merge', 'merge'): 699.342, ('merge', 'final'): 699.409, ('merge', 'compact'): 699.446, ('merge', 'pack'): 699.48, ('merge', 'd2h'): 699.498, ('mrg2', 'start'): 699.627, ('mrg2', 'h2d'): 699.736, ('mrg2', 'count'): 699.766, ('mrg2', 'scan'): 699.821, ('mrg2', 'merge'): 699.853, ('mrg2', 'final'): 699.901, ('mrg2', 'compact'): 699.936, ('mrg2', 'pack'): 699.971, ('mrg2', 'd2h'): 699.989, ('mrg3', 'start'): 700.111, ('mrg3', 'h2d'): 700.226, ('mrg3', 'count'): 700.262, ('mrg3', 'scan'): 700.34, ('mrg3', 'merge'): 700.385, ('mrg3', 'pack'): 700.412, ('mrg3', 'd2h'): 700.426}",0.505893025547266,0.1637919995933771
Extremely sparse,bcsstm23,3134,3134,0.031908104658583285,3134,3134,3134,3134,3134,0.0,,0.056999999999902684,0.17200000000002547,0.06200000000001182,0.028999999999996362,0.29099999999994,0.499,,,,,0.522,0.37,0.357,0.299,,0.30999999999994543,0.32399999999995543,0.18899999999996453,0.18200000000001637,0.125,"{('cu', 'start'): 666.073, ('cu', 'h2dmalloc'): 666.135, ('cu', 'h2d'): 666.152, ('cu', 'workest'): 666.209, ('cu', 'compute'): 666.381, ('cu', 'copy'): 666.443, ('cu', 'pack'): 666.462, ('cu', 'd2h'): 666.491, ('gust', 'start'): 666.58, ('gust', 'h2d'): 666.667, ('gust', 'count'): 666.69, ('gust', 'scan'): 666.729, ('gust', 'expand'): 666.759, ('gust', 'sort'): 666.872, ('gust', 'reduce'): 666.913, ('gust', 'final'): 666.971, ('gust', 'pack'): 666.991, ('gust', 'd2h'): 667.003, ('merge', 'start'): 667.107, ('merge', 'h2d'): 667.187, ('merge', 'count'): 667.212, ('merge', 'scan'): 667.249, ('merge', 'expand'): 667.27, ('merge', 'merge'): 667.293, ('merge', 'final'): 667.331, ('merge', 'compact'): 667.358, ('merge', 'pack'): 667.376, ('merge', 'd2h'): 667.389, ('mrg2', 'start'): 667.484, ('mrg2', 'h2d'): 667.561, ('mrg2', 'count'): 667.583, ('mrg2', 'scan'): 667.619, ('mrg2', 'merge'): 667.659, ('mrg2', 'final'): 667.695, ('mrg2', 'compact'): 667.723, ('mrg2', 'pack'): 667.743, ('mrg2', 'd2h'): 667.755, ('mrg3', 'start'): 667.847, ('mrg3', 'h2d'): 667.923, ('mrg3', 'count'): 667.951, ('mrg3', 'scan'): 668.003, ('mrg3', 'merge'): 668.031, ('mrg3', 'pack'): 668.048, ('mrg3', 'd2h'): 668.06}",1.799254911020398,0.1670783993322402
Extremely sparse,bcsstm24,3562,3562,0.028074115665356544,3562,3562,3562,3562,3562,0.0,,0.05600000000004002,0.1710000000000491,0.06199999999989814,0.028999999999996362,0.28899999999998727,0.507,,,,,0.507,0.38,0.339,0.294,,0.30900000000008276,0.3170000000000073,0.19700000000000273,0.16999999999995907,0.12600000000009004,"{('cu', 'start'): 681.252, ('cu', 'h2dmalloc'): 681.319, ('cu', 'h2d'): 681.338, ('cu', 'workest'): 681.394, ('cu', 'compute'): 681.565, ('cu', 'copy'): 681.627, ('cu', 'pack'): 681.647, ('cu', 'd2h'): 681.676, ('gust', 'start'): 681.767, ('gust', 'h2d'): 681.846, ('gust', 'count'): 681.867, ('gust', 'scan'): 681.907, ('gust', 'expand'): 681.932, ('gust', 'sort'): 682.045, ('gust', 'reduce'): 682.087, ('gust', 'final'): 682.143, ('gust', 'pack'): 682.163, ('gust', 'd2h'): 682.176, ('merge', 'start'): 682.28, ('merge', 'h2d'): 682.367, ('merge', 'count'): 682.397, ('merge', 'scan'): 682.434, ('merge', 'expand'): 682.458, ('merge', 'merge'): 682.481, ('merge', 'final'): 682.519, ('merge', 'compact'): 682.547, ('merge', 'pack'): 682.564, ('merge', 'd2h'): 682.577, ('mrg2', 'start'): 682.666, ('mrg2', 'h2d'): 682.739, ('mrg2', 'count'): 682.763, ('mrg2', 'scan'): 682.797, ('mrg2', 'merge'): 682.825, ('mrg2', 'final'): 682.86, ('mrg2', 'compact'): 682.889, ('mrg2', 'pack'): 682.909, ('mrg2', 'd2h'): 682.922, ('mrg3', 'start'): 683.011, ('mrg3', 'h2d'): 683.084, ('mrg3', 'count'): 683.115, ('mrg3', 'scan'): 683.165, ('mrg3', 'merge'): 683.193, ('mrg3', 'pack'): 683.21, ('mrg3', 'd2h'): 683.223}",2.6030661538243294,0.1684575994033366
Extremely sparse,bcsstm21,3600,3600,0.027777777777777776,3600,3600,3600,3600,3600,0.0,,0.05599999999992633,0.1710000000000491,0.05999999999994543,0.02800000000002001,0.2869999999999209,0.488,,,,,0.525,0.384,0.35,0.298,,0.30599999999992633,0.3249999999999318,0.20600000000001728,0.17700000000002092,0.1290000000000191,"{('cu', 'start'): 689.427, ('cu', 'h2dmalloc'): 689.487, ('cu', 'h2d'): 689.503, ('cu', 'workest'): 689.559, ('cu', 'compute'): 689.73, ('cu', 'copy'): 689.79, ('cu', 'pack'): 689.809, ('cu', 'd2h'): 689.837, ('gust', 'start'): 689.923, ('gust', 'h2d'): 690.009, ('gust', 'count'): 690.031, ('gust', 'scan'): 690.07, ('gust', 'expand'): 690.096, ('gust', 'sort'): 690.213, ('gust', 'reduce'): 690.255, ('gust', 'final'): 690.313, ('gust', 'pack'): 690.334, ('gust', 'd2h'): 690.348, ('merge', 'start'): 690.454, ('merge', 'h2d'): 690.534, ('merge', 'count'): 690.568, ('merge', 'scan'): 690.606, ('merge', 'expand'): 690.631, ('merge', 'merge'): 690.654, ('merge', 'final'): 690.693, ('merge', 'compact'): 690.721, ('merge', 'pack'): 690.74, ('merge', 'd2h'): 690.754, ('mrg2', 'start'): 690.844, ('mrg2', 'h2d'): 690.919, ('mrg2', 'count'): 690.942, ('mrg2', 'scan'): 690.989, ('mrg2', 'merge'): 691.015, ('mrg2', 'final'): 691.05, ('mrg2', 'compact'): 691.077, ('mrg2', 'pack'): 691.096, ('mrg2', 'd2h'): 691.109, ('mrg3', 'start'): 691.201, ('mrg3', 'h2d'): 691.274, ('mrg3', 'count'): 691.307, ('mrg3', 'scan'): 691.357, ('mrg3', 'merge'): 691.385, ('mrg3', 'pack'): 691.403, ('mrg3', 'd2h'): 691.416}",2.703153993934393,0.1660160015337169
Extremely sparse,bcsstm25,15439,15439,0.006477103439341926,15439,15439,15439,15439,15439,0.0,,0.056999999999902684,0.17400000000009186,0.06099999999992178,0.03899999999998727,0.2919999999999163,0.539,,,,,0.571,0.475,0.395,0.386,,0.3129999999999882,0.36000000000001364,0.2699999999999818,0.19300000000009732,0.18699999999989814,"{('cu', 'start'): 695.947, ('cu', 'h2dmalloc'): 696.009, ('cu', 'h2d'): 696.041, ('cu', 'workest'): 696.098, ('cu', 'compute'): 696.272, ('cu', 'copy'): 696.333, ('cu', 'pack'): 696.354, ('cu', 'd2h'): 696.393, ('gust', 'start'): 696.496, ('gust', 'h2d'): 696.59, ('gust', 'count'): 696.612, ('gust', 'scan'): 696.651, ('gust', 'expand'): 696.693, ('gust', 'sort'): 696.823, ('gust', 'reduce'): 696.865, ('gust', 'final'): 696.921, ('gust', 'pack'): 696.95, ('gust', 'd2h'): 696.976, ('merge', 'start'): 697.072, ('merge', 'h2d'): 697.164, ('merge', 'count'): 697.225, ('merge', 'scan'): 697.262, ('merge', 'expand'): 697.297, ('merge', 'merge'): 697.329, ('merge', 'final'): 697.367, ('merge', 'compact'): 697.412, ('merge', 'pack'): 697.434, ('merge', 'd2h'): 697.459, ('mrg2', 'start'): 697.555, ('mrg2', 'h2d'): 697.646, ('mrg2', 'count'): 697.677, ('mrg2', 'scan'): 697.714, ('mrg2', 'merge'): 697.748, ('mrg2', 'final'): 697.784, ('mrg2', 'compact'): 697.819, ('mrg2', 'pack'): 697.839, ('mrg2', 'd2h'): 697.864, ('mrg3', 'start'): 697.957, ('mrg3', 'h2d'): 698.046, ('mrg3', 'count'): 698.108, ('mrg3', 'scan'): 698.161, ('mrg3', 'merge'): 698.213, ('mrg3', 'pack'): 698.233, ('mrg3', 'd2h'): 698.259}",177.74743493646383,0.1492384002311155
