class,name,n,A_nnz,density_pct,cu_cnnz,man_cnnz,merge_cnnz,merge2_cnnz,cnnz_gap_pct,buf2,cu_we,cu_compute,cu_copy,cu_d2h,cu_kernel,cu_time,cu_write,man_count,man_fill,man_kernel,man_time,merge_time,merge2_time,man_write,phases,cublas_ms
Dense,bcsstk02,66,4356,100.0,4356,4356,4356,4356,0.0,,0.043000000000006366,0.18200000000001637,0.036999999999920874,0.08100000000001728,0.2619999999999436,0.479,,,,,0.846,1.712,0.45,,"{('cu', 'start'): 592.104, ('cu', 'h2dmalloc'): 592.155, ('cu', 'h2d'): 592.168, ('cu', 'workest'): 592.211, ('cu', 'compute'): 592.393, ('cu', 'copy'): 592.43, ('cu', 'pack'): 592.444, ('cu', 'd2h'): 592.525, ('gust', 'start'): 592.593, ('gust', 'h2d'): 592.653, ('gust', 'count'): 592.673, ('gust', 'scan'): 592.708, ('gust', 'expand'): 592.789, ('gust', 'sort'): 593.017, ('gust', 'reduce'): 593.145, ('gust', 'final'): 593.298, ('gust', 'pack'): 593.314, ('gust', 'd2h'): 593.323, ('merge', 'start'): 593.449, ('merge', 'h2d'): 593.51, ('merge', 'count'): 593.529, ('merge', 'scan'): 593.56, ('merge', 'expand'): 594.001, ('merge', 'merge'): 594.85, ('merge', 'final'): 594.946, ('merge', 'compact'): 595.07, ('merge', 'pack'): 595.086, ('merge', 'd2h'): 595.096, ('mrg2', 'start'): 595.17, ('mrg2', 'h2d'): 595.23, ('mrg2', 'count'): 595.249, ('mrg2', 'scan'): 595.28, ('mrg2', 'merge'): 595.426, ('mrg2', 'final'): 595.458, ('mrg2', 'compact'): 595.531, ('mrg2', 'pack'): 595.547, ('mrg2', 'd2h'): 595.556}",0.0500601017847657
Dense,can_24,24,160,27.77777777777778,336,336,336,336,0.0,,0.03999999999996362,0.1449999999999818,0.04000000000007731,0.02299999999991087,0.22500000000002274,0.385,,,,,0.343,0.319,0.278,,"{('cu', 'start'): 567.234, ('cu', 'h2dmalloc'): 567.283, ('cu', 'h2d'): 567.293, ('cu', 'workest'): 567.333, ('cu', 'compute'): 567.478, ('cu', 'copy'): 567.518, ('cu', 'pack'): 567.532, ('cu', 'd2h'): 567.555, ('gust', 'start'): 567.628, ('gust', 'h2d'): 567.688, ('gust', 'count'): 567.704, ('gust', 'scan'): 567.735, ('gust', 'expand'): 567.755, ('gust', 'sort'): 567.796, ('gust', 'reduce'): 567.83, ('gust', 'final'): 567.877, ('gust', 'pack'): 567.89, ('gust', 'd2h'): 567.899, ('merge', 'start'): 567.98, ('merge', 'h2d'): 568.038, ('merge', 'count'): 568.054, ('merge', 'scan'): 568.083, ('merge', 'expand'): 568.108, ('merge', 'merge'): 568.151, ('merge', 'final'): 568.185, ('merge', 'compact'): 568.206, ('merge', 'pack'): 568.221, ('merge', 'd2h'): 568.231, ('mrg2', 'start'): 568.306, ('mrg2', 'h2d'): 568.368, ('mrg2', 'count'): 568.383, ('mrg2', 'scan'): 568.414, ('mrg2', 'merge'): 568.444, ('mrg2', 'final'): 568.473, ('mrg2', 'compact'): 568.493, ('mrg2', 'pack'): 568.506, ('mrg2', 'd2h'): 568.514}",0.0490549718961119
Dense,bcsstk04,132,3648,20.9366391184573,11968,11968,11968,11968,0.0,,0.04899999999997817,0.20899999999994634,0.04600000000004911,0.07499999999993179,0.3039999999999736,0.505,,,,,0.619,1.14,0.385,,"{('cu', 'start'): 572.095, ('cu', 'h2dmalloc'): 572.145, ('cu', 'h2d'): 572.157, ('cu', 'workest'): 572.206, ('cu', 'compute'): 572.415, ('cu', 'copy'): 572.461, ('cu', 'pack'): 572.475, ('cu', 'd2h'): 572.55, ('gust', 'start'): 572.611, ('gust', 'h2d'): 572.669, ('gust', 'count'): 572.687, ('gust', 'scan'): 572.718, ('gust', 'expand'): 572.75, ('gust', 'sort'): 572.96, ('gust', 'reduce'): 573.048, ('gust', 'final'): 573.141, ('gust', 'pack'): 573.156, ('gust', 'd2h'): 573.166, ('merge', 'start'): 573.239, ('merge', 'h2d'): 573.296, ('merge', 'count'): 573.314, ('merge', 'scan'): 573.343, ('merge', 'expand'): 573.506, ('merge', 'merge'): 574.182, ('merge', 'final'): 574.219, ('merge', 'compact'): 574.289, ('merge', 'pack'): 574.304, ('merge', 'd2h'): 574.318, ('mrg2', 'start'): 574.388, ('mrg2', 'h2d'): 574.449, ('mrg2', 'count'): 574.465, ('mrg2', 'scan'): 574.497, ('mrg2', 'merge'): 574.637, ('mrg2', 'final'): 574.665, ('mrg2', 'compact'): 574.685, ('mrg2', 'pack'): 574.699, ('mrg2', 'd2h'): 574.71}",0.0512358965352177
Dense,bcsstk01,48,400,17.36111111111111,1292,1292,1292,1292,0.0,,0.051000000000044565,0.15200000000004366,0.05199999999990723,0.026000000000067303,0.25499999999999545,0.453,,,,,0.449,0.382,0.328,,"{('cu', 'start'): 577.045, ('cu', 'h2dmalloc'): 577.111, ('cu', 'h2d'): 577.127, ('cu', 'workest'): 577.178, ('cu', 'compute'): 577.33, ('cu', 'copy'): 577.382, ('cu', 'pack'): 577.4, ('cu', 'd2h'): 577.426, ('gust', 'start'): 577.512, ('gust', 'h2d'): 577.589, ('gust', 'count'): 577.608, ('gust', 'scan'): 577.643, ('gust', 'expand'): 577.662, ('gust', 'sort'): 577.768, ('gust', 'reduce'): 577.803, ('gust', 'final'): 577.854, ('gust', 'pack'): 577.87, ('gust', 'd2h'): 577.88, ('merge', 'start'): 577.968, ('merge', 'h2d'): 578.043, ('merge', 'count'): 578.061, ('merge', 'scan'): 578.095, ('merge', 'expand'): 578.126, ('merge', 'merge'): 578.193, ('merge', 'final'): 578.23, ('merge', 'compact'): 578.252, ('merge', 'pack'): 578.268, ('merge', 'd2h'): 578.277, ('mrg2', 'start'): 578.364, ('mrg2', 'h2d'): 578.439, ('mrg2', 'count'): 578.458, ('mrg2', 'scan'): 578.495, ('mrg2', 'merge'): 578.537, ('mrg2', 'final'): 578.568, ('mrg2', 'compact'): 578.592, ('mrg2', 'pack'): 578.609, ('mrg2', 'd2h'): 578.618}",0.0188729027286171
Dense,can_61,61,557,14.969094329481322,1793,1793,1793,1793,0.0,,0.04800000000000182,0.13900000000001,0.04200000000003001,0.028999999999996362,0.22900000000004184,0.418,,,,,0.429,0.458,0.318,,"{('cu', 'start'): 576.504, ('cu', 'h2dmalloc'): 576.569, ('cu', 'h2d'): 576.584, ('cu', 'workest'): 576.632, ('cu', 'compute'): 576.771, ('cu', 'copy'): 576.813, ('cu', 'pack'): 576.827, ('cu', 'd2h'): 576.856, ('gust', 'start'): 576.936, ('gust', 'h2d'): 577.008, ('gust', 'count'): 577.027, ('gust', 'scan'): 577.06, ('gust', 'expand'): 577.081, ('gust', 'sort'): 577.183, ('gust', 'reduce'): 577.218, ('gust', 'final'): 577.264, ('gust', 'pack'): 577.278, ('gust', 'd2h'): 577.289, ('merge', 'start'): 577.372, ('merge', 'h2d'): 577.443, ('merge', 'count'): 577.461, ('merge', 'scan'): 577.494, ('merge', 'expand'): 577.535, ('merge', 'merge'): 577.682, ('merge', 'final'): 577.715, ('merge', 'compact'): 577.735, ('merge', 'pack'): 577.749, ('merge', 'd2h'): 577.758, ('mrg2', 'start'): 577.845, ('mrg2', 'h2d'): 577.916, ('mrg2', 'count'): 577.934, ('mrg2', 'scan'): 577.966, ('mrg2', 'merge'): 578.018, ('mrg2', 'final'): 578.047, ('mrg2', 'compact'): 578.067, ('mrg2', 'pack'): 578.081, ('mrg2', 'd2h'): 578.089}",0.0381210120394825
Dense,bcsstk05,153,2423,10.350719808620616,7245,7245,7245,7245,0.0,,0.04800000000000182,0.13900000000001,0.04500000000007276,0.02400000000000091,0.23200000000008458,0.402,,,,,0.434,0.484,0.316,,"{('cu', 'start'): 571.101, ('cu', 'h2dmalloc'): 571.151, ('cu', 'h2d'): 571.165, ('cu', 'workest'): 571.213, ('cu', 'compute'): 571.352, ('cu', 'copy'): 571.397, ('cu', 'pack'): 571.411, ('cu', 'd2h'): 571.435, ('gust', 'start'): 571.512, ('gust', 'h2d'): 571.576, ('gust', 'count'): 571.593, ('gust', 'scan'): 571.625, ('gust', 'expand'): 571.648, ('gust', 'sort'): 571.767, ('gust', 'reduce'): 571.8, ('gust', 'final'): 571.848, ('gust', 'pack'): 571.864, ('gust', 'd2h'): 571.874, ('merge', 'start'): 571.955, ('merge', 'h2d'): 572.018, ('merge', 'count'): 572.036, ('merge', 'scan'): 572.067, ('merge', 'expand'): 572.126, ('merge', 'merge'): 572.29, ('merge', 'final'): 572.323, ('merge', 'compact'): 572.344, ('merge', 'pack'): 572.357, ('merge', 'd2h'): 572.37, ('mrg2', 'start'): 572.446, ('mrg2', 'h2d'): 572.512, ('mrg2', 'count'): 572.529, ('mrg2', 'scan'): 572.56, ('mrg2', 'merge'): 572.618, ('mrg2', 'final'): 572.647, ('mrg2', 'compact'): 572.666, ('mrg2', 'pack'): 572.68, ('mrg2', 'd2h'): 572.691}",0.0390060013160109
Mildly sparse,bcspwr01,39,131,8.61275476660092,275,275,275,275,0.0,,0.07000000000005002,0.15199999999992997,0.05300000000011096,0.026000000000067303,0.27500000000009095,0.518,,,,,0.47,0.412,0.378,,"{('cu', 'start'): 675.362, ('cu', 'h2dmalloc'): 675.446, ('cu', 'h2d'): 675.463, ('cu', 'workest'): 675.533, ('cu', 'compute'): 675.685, ('cu', 'copy'): 675.738, ('cu', 'pack'): 675.756, ('cu', 'd2h'): 675.782, ('gust', 'start'): 675.901, ('gust', 'h2d'): 676.0, ('gust', 'count'): 676.03, ('gust', 'scan'): 676.074, ('gust', 'expand'): 676.094, ('gust', 'sort'): 676.14, ('gust', 'reduce'): 676.178, ('gust', 'final'): 676.233, ('gust', 'pack'): 676.251, ('gust', 'd2h'): 676.261, ('merge', 'start'): 676.382, ('merge', 'h2d'): 676.478, ('merge', 'count'): 676.5, ('merge', 'scan'): 676.541, ('merge', 'expand'): 676.561, ('merge', 'merge'): 676.592, ('merge', 'final'): 676.633, ('merge', 'compact'): 676.664, ('merge', 'pack'): 676.683, ('merge', 'd2h'): 676.693, ('mrg2', 'start'): 676.806, ('mrg2', 'h2d'): 676.897, ('mrg2', 'count'): 676.917, ('mrg2', 'scan'): 676.956, ('mrg2', 'merge'): 676.986, ('mrg2', 'final'): 677.025, ('mrg2', 'compact'): 677.049, ('mrg2', 'pack'): 677.071, ('mrg2', 'd2h'): 677.082}",0.0501099275425076
Mildly sparse,can_96,96,768,8.333333333333332,1920,1920,1920,1920,0.0,,0.045999999999935426,0.14400000000000546,0.05200000000002092,0.024999999999977263,0.2419999999999618,0.401,,,,,0.419,0.333,0.285,,"{('cu', 'start'): 580.144, ('cu', 'h2dmalloc'): 580.193, ('cu', 'h2d'): 580.205, ('cu', 'workest'): 580.251, ('cu', 'compute'): 580.395, ('cu', 'copy'): 580.447, ('cu', 'pack'): 580.462, ('cu', 'd2h'): 580.487, ('gust', 'start'): 580.557, ('gust', 'h2d'): 580.618, ('gust', 'count'): 580.635, ('gust', 'scan'): 580.67, ('gust', 'expand'): 580.689, ('gust', 'sort'): 580.796, ('gust', 'reduce'): 580.831, ('gust', 'final'): 580.878, ('gust', 'pack'): 580.893, ('gust', 'd2h'): 580.902, ('merge', 'start'): 580.984, ('merge', 'h2d'): 581.048, ('merge', 'count'): 581.065, ('merge', 'scan'): 581.099, ('merge', 'expand'): 581.125, ('merge', 'merge'): 581.173, ('merge', 'final'): 581.207, ('merge', 'compact'): 581.229, ('merge', 'pack'): 581.243, ('merge', 'd2h'): 581.254, ('mrg2', 'start'): 581.324, ('mrg2', 'h2d'): 581.382, ('mrg2', 'count'): 581.398, ('mrg2', 'scan'): 581.437, ('mrg2', 'merge'): 581.473, ('mrg2', 'final'): 581.502, ('mrg2', 'compact'): 581.522, ('mrg2', 'pack'): 581.538, ('mrg2', 'd2h'): 581.547}",0.0492900144308805
Mildly sparse,arc130,130,1282,7.585798816568047,15631,15631,15631,15631,0.0,,0.04899999999997817,0.1570000000000391,0.043000000000006366,0.02800000000002001,0.24900000000002365,0.415,,,,,0.455,1.628,0.449,,"{('cu', 'start'): 571.741, ('cu', 'h2dmalloc'): 571.791, ('cu', 'h2d'): 571.804, ('cu', 'workest'): 571.853, ('cu', 'compute'): 572.01, ('cu', 'copy'): 572.053, ('cu', 'pack'): 572.067, ('cu', 'd2h'): 572.095, ('gust', 'start'): 572.165, ('gust', 'h2d'): 572.225, ('gust', 'count'): 572.245, ('gust', 'scan'): 572.278, ('gust', 'expand'): 572.314, ('gust', 'sort'): 572.433, ('gust', 'reduce'): 572.468, ('gust', 'final'): 572.518, ('gust', 'pack'): 572.532, ('gust', 'd2h'): 572.547, ('merge', 'start'): 572.628, ('merge', 'h2d'): 572.687, ('merge', 'count'): 572.707, ('merge', 'scan'): 572.742, ('merge', 'expand'): 572.875, ('merge', 'merge'): 574.102, ('merge', 'final'): 574.136, ('merge', 'compact'): 574.156, ('merge', 'pack'): 574.17, ('merge', 'd2h'): 574.184, ('mrg2', 'start'): 574.264, ('mrg2', 'h2d'): 574.322, ('mrg2', 'count'): 574.342, ('mrg2', 'scan'): 574.372, ('mrg2', 'merge'): 574.564, ('mrg2', 'final'): 574.593, ('mrg2', 'compact'): 574.613, ('mrg2', 'pack'): 574.627, ('mrg2', 'd2h'): 574.641}",0.0406139297410845
Mildly sparse,ash85,85,523,7.2387543252595155,1317,1317,1317,1317,0.0,,0.049999999999954525,0.15200000000004366,0.05099999999993088,0.025999999999953616,0.25299999999992906,0.44,,,,,0.476,0.378,0.328,,"{('cu', 'start'): 586.123, ('cu', 'h2dmalloc'): 586.181, ('cu', 'h2d'): 586.195, ('cu', 'workest'): 586.245, ('cu', 'compute'): 586.397, ('cu', 'copy'): 586.448, ('cu', 'pack'): 586.466, ('cu', 'd2h'): 586.492, ('gust', 'start'): 586.577, ('gust', 'h2d'): 586.646, ('gust', 'count'): 586.666, ('gust', 'scan'): 586.704, ('gust', 'expand'): 586.728, ('gust', 'sort'): 586.838, ('gust', 'reduce'): 586.881, ('gust', 'final'): 586.933, ('gust', 'pack'): 586.957, ('gust', 'd2h'): 586.967, ('merge', 'start'): 587.067, ('merge', 'h2d'): 587.136, ('merge', 'count'): 587.157, ('merge', 'scan'): 587.193, ('merge', 'expand'): 587.222, ('merge', 'merge'): 587.276, ('merge', 'final'): 587.313, ('merge', 'compact'): 587.338, ('merge', 'pack'): 587.356, ('merge', 'd2h'): 587.366, ('mrg2', 'start'): 587.457, ('mrg2', 'h2d'): 587.524, ('mrg2', 'count'): 587.543, ('mrg2', 'scan'): 587.581, ('mrg2', 'merge'): 587.619, ('mrg2', 'final'): 587.653, ('mrg2', 'compact'): 587.676, ('mrg2', 'pack'): 587.695, ('mrg2', 'd2h'): 587.705}",0.0377679243683815
Mildly sparse,can_73,73,377,7.0744980296490905,1377,1377,1377,1377,0.0,,0.04500000000007276,0.15300000000002,0.045999999999935426,0.024999999999977263,0.2440000000000282,0.409,,,,,0.364,0.352,0.318,,"{('cu', 'start'): 581.72, ('cu', 'h2dmalloc'): 581.77, ('cu', 'h2d'): 581.781, ('cu', 'workest'): 581.826, ('cu', 'compute'): 581.979, ('cu', 'copy'): 582.025, ('cu', 'pack'): 582.041, ('cu', 'd2h'): 582.066, ('gust', 'start'): 582.14, ('gust', 'h2d'): 582.2, ('gust', 'count'): 582.217, ('gust', 'scan'): 582.251, ('gust', 'expand'): 582.27, ('gust', 'sort'): 582.314, ('gust', 'reduce'): 582.348, ('gust', 'final'): 582.397, ('gust', 'pack'): 582.413, ('gust', 'd2h'): 582.423, ('merge', 'start'): 582.513, ('merge', 'h2d'): 582.575, ('merge', 'count'): 582.592, ('merge', 'scan'): 582.625, ('merge', 'expand'): 582.648, ('merge', 'merge'): 582.702, ('merge', 'final'): 582.738, ('merge', 'compact'): 582.759, ('merge', 'pack'): 582.78, ('merge', 'd2h'): 582.794, ('mrg2', 'start'): 582.879, ('mrg2', 'h2d'): 582.944, ('mrg2', 'count'): 582.963, ('mrg2', 'scan'): 582.998, ('mrg2', 'merge'): 583.036, ('mrg2', 'final'): 583.069, ('mrg2', 'compact'): 583.088, ('mrg2', 'pack'): 583.105, ('mrg2', 'd2h'): 583.114}",0.0385830644518137
Mildly sparse,bcspwr02,49,167,6.9554352353186175,403,403,403,403,0.0,,0.057999999999992724,0.1550000000000864,0.06199999999989814,0.023000000000024556,0.27499999999997726,0.486,,,,,0.431,0.374,0.345,,"{('cu', 'start'): 679.656, ('cu', 'h2dmalloc'): 679.72, ('cu', 'h2d'): 679.732, ('cu', 'workest'): 679.79, ('cu', 'compute'): 679.945, ('cu', 'copy'): 680.007, ('cu', 'pack'): 680.028, ('cu', 'd2h'): 680.051, ('gust', 'start'): 680.156, ('gust', 'h2d'): 680.235, ('gust', 'count'): 680.253, ('gust', 'scan'): 680.303, ('gust', 'expand'): 680.323, ('gust', 'sort'): 680.369, ('gust', 'reduce'): 680.408, ('gust', 'final'): 680.462, ('gust', 'pack'): 680.481, ('gust', 'd2h'): 680.492, ('merge', 'start'): 680.6, ('merge', 'h2d'): 680.673, ('merge', 'count'): 680.692, ('merge', 'scan'): 680.73, ('merge', 'expand'): 680.753, ('merge', 'merge'): 680.789, ('merge', 'final'): 680.829, ('merge', 'compact'): 680.853, ('merge', 'pack'): 680.871, ('merge', 'd2h'): 680.882, ('mrg2', 'start'): 680.993, ('mrg2', 'h2d'): 681.072, ('mrg2', 'count'): 681.09, ('mrg2', 'scan'): 681.129, ('mrg2', 'merge'): 681.159, ('mrg2', 'final'): 681.194, ('mrg2', 'compact'): 681.217, ('mrg2', 'pack'): 681.235, ('mrg2', 'd2h'): 681.247}",0.049954978749156
Mildly sparse,can_144,144,1296,6.25,3456,3456,3456,3456,0.0,,0.06700000000000728,0.16399999999998727,0.05299999999999727,0.03499999999996817,0.2839999999999918,0.511,,,,,0.509,0.445,0.357,,"{('cu', 'start'): 678.972, ('cu', 'h2dmalloc'): 679.037, ('cu', 'h2d'): 679.053, ('cu', 'workest'): 679.12, ('cu', 'compute'): 679.284, ('cu', 'copy'): 679.337, ('cu', 'pack'): 679.356, ('cu', 'd2h'): 679.391, ('gust', 'start'): 679.5, ('gust', 'h2d'): 679.585, ('gust', 'count'): 679.606, ('gust', 'scan'): 679.649, ('gust', 'expand'): 679.671, ('gust', 'sort'): 679.786, ('gust', 'reduce'): 679.826, ('gust', 'final'): 679.88, ('gust', 'pack'): 679.899, ('gust', 'd2h'): 679.911, ('merge', 'start'): 680.019, ('merge', 'h2d'): 680.101, ('merge', 'count'): 680.12, ('merge', 'scan'): 680.157, ('merge', 'expand'): 680.191, ('merge', 'merge'): 680.267, ('merge', 'final'): 680.307, ('merge', 'compact'): 680.33, ('merge', 'pack'): 680.348, ('merge', 'd2h'): 680.36, ('mrg2', 'start'): 680.474, ('mrg2', 'h2d'): 680.553, ('mrg2', 'count'): 680.57, ('mrg2', 'scan'): 680.608, ('mrg2', 'merge'): 680.646, ('mrg2', 'final'): 680.68, ('mrg2', 'compact'): 680.703, ('mrg2', 'pack'): 680.721, ('mrg2', 'd2h'): 680.734}",0.0502500915899872
Mildly sparse,can_62,62,218,5.6711758584807495,482,482,482,482,0.0,,0.039000000000100954,0.13900000000001,0.03999999999996362,0.024999999999977263,0.21800000000007458,0.379,,,,,0.348,0.301,0.269,,"{('cu', 'start'): 597.327, ('cu', 'h2dmalloc'): 597.376, ('cu', 'h2d'): 597.387, ('cu', 'workest'): 597.426, ('cu', 'compute'): 597.565, ('cu', 'copy'): 597.605, ('cu', 'pack'): 597.619, ('cu', 'd2h'): 597.644, ('gust', 'start'): 597.715, ('gust', 'h2d'): 597.773, ('gust', 'count'): 597.789, ('gust', 'scan'): 597.824, ('gust', 'expand'): 597.841, ('gust', 'sort'): 597.882, ('gust', 'reduce'): 597.921, ('gust', 'final'): 597.967, ('gust', 'pack'): 597.981, ('gust', 'd2h'): 597.992, ('merge', 'start'): 598.071, ('merge', 'h2d'): 598.129, ('merge', 'count'): 598.144, ('merge', 'scan'): 598.177, ('merge', 'expand'): 598.196, ('merge', 'merge'): 598.228, ('merge', 'final'): 598.261, ('merge', 'compact'): 598.281, ('merge', 'pack'): 598.295, ('merge', 'd2h'): 598.305, ('mrg2', 'start'): 598.379, ('mrg2', 'h2d'): 598.436, ('mrg2', 'count'): 598.452, ('mrg2', 'scan'): 598.484, ('mrg2', 'merge'): 598.511, ('mrg2', 'final'): 598.539, ('mrg2', 'compact'): 598.559, ('mrg2', 'pack'): 598.572, ('mrg2', 'd2h'): 598.58}",0.0357490498572588
Mildly sparse,can_161,161,1377,5.31229505034528,3761,3761,3761,3761,0.0,,0.04800000000000182,0.13899999999989632,0.044000000000096406,0.024999999999977263,0.23099999999999454,0.418,,,,,0.441,0.388,0.303,,"{('cu', 'start'): 572.767, ('cu', 'h2dmalloc'): 572.832, ('cu', 'h2d'): 572.849, ('cu', 'workest'): 572.897, ('cu', 'compute'): 573.036, ('cu', 'copy'): 573.08, ('cu', 'pack'): 573.094, ('cu', 'd2h'): 573.119, ('gust', 'start'): 573.197, ('gust', 'h2d'): 573.272, ('gust', 'count'): 573.29, ('gust', 'scan'): 573.324, ('gust', 'expand'): 573.343, ('gust', 'sort'): 573.456, ('gust', 'reduce'): 573.491, ('gust', 'final'): 573.538, ('gust', 'pack'): 573.552, ('gust', 'd2h'): 573.564, ('merge', 'start'): 573.648, ('merge', 'h2d'): 573.721, ('merge', 'count'): 573.738, ('merge', 'scan'): 573.77, ('merge', 'expand'): 573.799, ('merge', 'merge'): 573.886, ('merge', 'final'): 573.918, ('merge', 'compact'): 573.939, ('merge', 'pack'): 573.953, ('merge', 'd2h'): 573.964, ('mrg2', 'start'): 574.045, ('mrg2', 'h2d'): 574.117, ('mrg2', 'count'): 574.133, ('mrg2', 'scan'): 574.165, ('mrg2', 'merge'): 574.203, ('mrg2', 'final'): 574.231, ('mrg2', 'compact'): 574.251, ('mrg2', 'pack'): 574.265, ('mrg2', 'd2h'): 574.277}",0.050939037464559
Mildly sparse,bcsstk03,112,640,5.1020408163265305,1072,1072,1072,1072,0.0,,0.04099999999993997,0.1430000000000291,0.04200000000003001,0.024999999999977263,0.2259999999999991,0.386,,,,,0.403,0.302,0.267,,"{('cu', 'start'): 583.608, ('cu', 'h2dmalloc'): 583.657, ('cu', 'h2d'): 583.668, ('cu', 'workest'): 583.709, ('cu', 'compute'): 583.852, ('cu', 'copy'): 583.894, ('cu', 'pack'): 583.908, ('cu', 'd2h'): 583.933, ('gust', 'start'): 584.004, ('gust', 'h2d'): 584.062, ('gust', 'count'): 584.078, ('gust', 'scan'): 584.112, ('gust', 'expand'): 584.13, ('gust', 'sort'): 584.235, ('gust', 'reduce'): 584.27, ('gust', 'final'): 584.314, ('gust', 'pack'): 584.328, ('gust', 'd2h'): 584.336, ('merge', 'start'): 584.416, ('merge', 'h2d'): 584.475, ('merge', 'count'): 584.491, ('merge', 'scan'): 584.524, ('merge', 'expand'): 584.545, ('merge', 'merge'): 584.573, ('merge', 'final'): 584.605, ('merge', 'compact'): 584.626, ('merge', 'pack'): 584.64, ('merge', 'd2h'): 584.651, ('mrg2', 'start'): 584.725, ('mrg2', 'h2d'): 584.782, ('mrg2', 'count'): 584.797, ('mrg2', 'scan'): 584.829, ('mrg2', 'merge'): 584.855, ('mrg2', 'final'): 584.883, ('mrg2', 'compact'): 584.903, ('mrg2', 'pack'): 584.916, ('mrg2', 'd2h'): 584.925}",0.0510349636897444
Mildly sparse,bcsstk06,420,7860,4.45578231292517,23660,23660,23660,23660,0.0,,0.05299999999999727,0.21899999999993724,0.04800000000000182,0.08500000000003638,0.31999999999993634,0.544,,,,,0.66,0.71,0.335,,"{('cu', 'start'): 581.773, ('cu', 'h2dmalloc'): 581.825, ('cu', 'h2d'): 581.839, ('cu', 'workest'): 581.892, ('cu', 'compute'): 582.111, ('cu', 'copy'): 582.159, ('cu', 'pack'): 582.174, ('cu', 'd2h'): 582.259, ('gust', 'start'): 582.328, ('gust', 'h2d'): 582.391, ('gust', 'count'): 582.409, ('gust', 'scan'): 582.442, ('gust', 'expand'): 582.469, ('gust', 'sort'): 582.699, ('gust', 'reduce'): 582.785, ('gust', 'final'): 582.839, ('gust', 'pack'): 582.854, ('gust', 'd2h'): 582.87, ('merge', 'start'): 582.998, ('merge', 'h2d'): 583.058, ('merge', 'count'): 583.075, ('merge', 'scan'): 583.106, ('merge', 'expand'): 583.185, ('merge', 'merge'): 583.499, ('merge', 'final'): 583.534, ('merge', 'compact'): 583.556, ('merge', 'pack'): 583.569, ('merge', 'd2h'): 583.585, ('mrg2', 'start'): 583.716, ('mrg2', 'h2d'): 583.776, ('mrg2', 'count'): 583.793, ('mrg2', 'scan'): 583.824, ('mrg2', 'merge'): 583.898, ('mrg2', 'final'): 583.927, ('mrg2', 'compact'): 583.949, ('mrg2', 'pack'): 583.963, ('mrg2', 'd2h'): 583.98}",0.0434010289609432
Mildly sparse,bcsstk07,420,7860,4.45578231292517,23660,23660,23660,23660,0.0,,0.05199999999990723,0.21199999999998909,0.047000000000025466,0.08500000000003638,0.3109999999999218,0.528,,,,,0.642,0.699,0.329,,"{('cu', 'start'): 584.252, ('cu', 'h2dmalloc'): 584.302, ('cu', 'h2d'): 584.315, ('cu', 'workest'): 584.367, ('cu', 'compute'): 584.579, ('cu', 'copy'): 584.626, ('cu', 'pack'): 584.64, ('cu', 'd2h'): 584.725, ('gust', 'start'): 584.791, ('gust', 'h2d'): 584.852, ('gust', 'count'): 584.869, ('gust', 'scan'): 584.902, ('gust', 'expand'): 584.928, ('gust', 'sort'): 585.154, ('gust', 'reduce'): 585.236, ('gust', 'final'): 585.288, ('gust', 'pack'): 585.303, ('gust', 'd2h'): 585.316, ('merge', 'start'): 585.442, ('merge', 'h2d'): 585.502, ('merge', 'count'): 585.518, ('merge', 'scan'): 585.549, ('merge', 'expand'): 585.629, ('merge', 'merge'): 585.941, ('merge', 'final'): 585.977, ('merge', 'compact'): 585.997, ('merge', 'pack'): 586.01, ('merge', 'd2h'): 586.024, ('mrg2', 'start'): 586.148, ('mrg2', 'h2d'): 586.209, ('mrg2', 'count'): 586.226, ('mrg2', 'scan'): 586.257, ('mrg2', 'merge'): 586.329, ('mrg2', 'final'): 586.359, ('mrg2', 'compact'): 586.379, ('mrg2', 'pack'): 586.393, ('mrg2', 'd2h'): 586.408}",0.0633259769529104
Mildly sparse,can_256,256,2916,4.449462890625,18568,18568,18568,18568,0.0,,0.05000000000006821,0.15499999999997272,0.043000000000006366,0.02900000000011005,0.2480000000000473,0.416,,,,,0.455,1.959,0.474,,"{('cu', 'start'): 584.959, ('cu', 'h2dmalloc'): 585.011, ('cu', 'h2d'): 585.025, ('cu', 'workest'): 585.075, ('cu', 'compute'): 585.23, ('cu', 'copy'): 585.273, ('cu', 'pack'): 585.286, ('cu', 'd2h'): 585.315, ('gust', 'start'): 585.386, ('gust', 'h2d'): 585.45, ('gust', 'count'): 585.47, ('gust', 'scan'): 585.501, ('gust', 'expand'): 585.529, ('gust', 'sort'): 585.646, ('gust', 'reduce'): 585.686, ('gust', 'final'): 585.734, ('gust', 'pack'): 585.747, ('gust', 'd2h'): 585.76, ('merge', 'start'): 585.85, ('merge', 'h2d'): 585.913, ('merge', 'count'): 585.932, ('merge', 'scan'): 585.962, ('merge', 'expand'): 586.082, ('merge', 'merge'): 587.655, ('merge', 'final'): 587.689, ('merge', 'compact'): 587.714, ('merge', 'pack'): 587.728, ('merge', 'd2h'): 587.741, ('mrg2', 'start'): 587.816, ('mrg2', 'h2d'): 587.879, ('mrg2', 'count'): 587.898, ('mrg2', 'scan'): 587.927, ('mrg2', 'merge'): 588.151, ('mrg2', 'final'): 588.179, ('mrg2', 'compact'): 588.197, ('mrg2', 'pack'): 588.209, ('mrg2', 'd2h'): 588.222}",0.0486910576000809
Mildly sparse,can_268,268,3082,4.291044776119403,15590,15590,15590,15590,0.0,,0.049999999999954525,0.16400000000010095,0.04499999999995907,0.024999999999977263,0.25900000000001455,0.421,,,,,0.44,0.795,0.374,,"{('cu', 'start'): 590.65, ('cu', 'h2dmalloc'): 590.7, ('cu', 'h2d'): 590.712, ('cu', 'workest'): 590.762, ('cu', 'compute'): 590.926, ('cu', 'copy'): 590.971, ('cu', 'pack'): 590.985, ('cu', 'd2h'): 591.01, ('gust', 'start'): 591.081, ('gust', 'h2d'): 591.141, ('gust', 'count'): 591.16, ('gust', 'scan'): 591.192, ('gust', 'expand'): 591.216, ('gust', 'sort'): 591.339, ('gust', 'reduce'): 591.374, ('gust', 'final'): 591.423, ('gust', 'pack'): 591.437, ('gust', 'd2h'): 591.452, ('merge', 'start'): 591.529, ('merge', 'h2d'): 591.593, ('merge', 'count'): 591.611, ('merge', 'scan'): 591.642, ('merge', 'expand'): 591.709, ('merge', 'merge'): 592.171, ('merge', 'final'): 592.204, ('merge', 'compact'): 592.225, ('merge', 'pack'): 592.238, ('merge', 'd2h'): 592.254, ('mrg2', 'start'): 592.332, ('mrg2', 'h2d'): 592.39, ('mrg2', 'count'): 592.407, ('mrg2', 'scan'): 592.437, ('mrg2', 'merge'): 592.558, ('mrg2', 'final'): 592.585, ('mrg2', 'compact'): 592.611, ('mrg2', 'pack'): 592.625, ('mrg2', 'd2h'): 592.638}",0.043091014958918
Mildly sparse,can_187,187,1491,4.26377648774629,3719,3719,3719,3719,0.0,,0.04800000000000182,0.1409999999999627,0.043000000000006366,0.023000000000024556,0.2319999999999709,0.391,,,,,0.399,0.313,0.275,,"{('cu', 'start'): 563.089, ('cu', 'h2dmalloc'): 563.138, ('cu', 'h2d'): 563.149, ('cu', 'workest'): 563.197, ('cu', 'compute'): 563.338, ('cu', 'copy'): 563.381, ('cu', 'pack'): 563.395, ('cu', 'd2h'): 563.418, ('gust', 'start'): 563.49, ('gust', 'h2d'): 563.551, ('gust', 'count'): 563.567, ('gust', 'scan'): 563.599, ('gust', 'expand'): 563.616, ('gust', 'sort'): 563.721, ('gust', 'reduce'): 563.755, ('gust', 'final'): 563.8, ('gust', 'pack'): 563.814, ('gust', 'd2h'): 563.822, ('merge', 'start'): 563.899, ('merge', 'h2d'): 563.957, ('merge', 'count'): 563.974, ('merge', 'scan'): 564.003, ('merge', 'expand'): 564.029, ('merge', 'merge'): 564.076, ('merge', 'final'): 564.107, ('merge', 'compact'): 564.128, ('merge', 'pack'): 564.141, ('merge', 'd2h'): 564.15, ('mrg2', 'start'): 564.221, ('mrg2', 'h2d'): 564.278, ('mrg2', 'count'): 564.294, ('mrg2', 'scan'): 564.325, ('mrg2', 'merge'): 564.36, ('mrg2', 'final'): 564.388, ('mrg2', 'compact'): 564.407, ('mrg2', 'pack'): 564.42, ('mrg2', 'd2h'): 564.429}",0.0389859778806567
Mildly sparse,bcsstm07,420,7252,4.111111111111112,22972,22972,22972,22972,0.0,,0.049999999999954525,0.20699999999999363,0.047000000000025466,0.08399999999994634,0.3039999999999736,0.525,,,,,0.651,0.695,0.33,,"{('cu', 'start'): 592.905, ('cu', 'h2dmalloc'): 592.956, ('cu', 'h2d'): 592.969, ('cu', 'workest'): 593.019, ('cu', 'compute'): 593.226, ('cu', 'copy'): 593.273, ('cu', 'pack'): 593.288, ('cu', 'd2h'): 593.372, ('gust', 'start'): 593.44, ('gust', 'h2d'): 593.501, ('gust', 'count'): 593.521, ('gust', 'scan'): 593.553, ('gust', 'expand'): 593.578, ('gust', 'sort'): 593.804, ('gust', 'reduce'): 593.89, ('gust', 'final'): 593.944, ('gust', 'pack'): 593.959, ('gust', 'd2h'): 593.973, ('merge', 'start'): 594.101, ('merge', 'h2d'): 594.163, ('merge', 'count'): 594.181, ('merge', 'scan'): 594.212, ('merge', 'expand'): 594.285, ('merge', 'merge'): 594.578, ('merge', 'final'): 594.613, ('merge', 'compact'): 594.689, ('merge', 'pack'): 594.706, ('merge', 'd2h'): 594.721, ('mrg2', 'start'): 594.805, ('mrg2', 'h2d'): 594.865, ('mrg2', 'count'): 594.882, ('mrg2', 'scan'): 594.912, ('mrg2', 'merge'): 594.982, ('mrg2', 'final'): 595.012, ('mrg2', 'compact'): 595.032, ('mrg2', 'pack'): 595.049, ('mrg2', 'd2h'): 595.063}",0.0608399277552962
Mildly sparse,bcsstk27,1224,56126,3.7462888205391085,138106,138106,138106,138106,0.0,,0.06100000000003547,0.48899999999991905,0.1310000000000855,0.21000000000003638,0.68100000000004,1.165,,,,,1.826,2.441,0.985,,"{('cu', 'start'): 635.395, ('cu', 'h2dmalloc'): 635.455, ('cu', 'h2d'): 635.5, ('cu', 'workest'): 635.561, ('cu', 'compute'): 636.05, ('cu', 'copy'): 636.181, ('cu', 'pack'): 636.211, ('cu', 'd2h'): 636.421, ('gust', 'start'): 636.578, ('gust', 'h2d'): 636.697, ('gust', 'count'): 636.723, ('gust', 'scan'): 636.763, ('gust', 'expand'): 636.95, ('gust', 'sort'): 637.522, ('gust', 'reduce'): 637.725, ('gust', 'final'): 638.073, ('gust', 'pack'): 638.162, ('gust', 'd2h'): 638.265, ('merge', 'start'): 638.419, ('merge', 'h2d'): 638.523, ('merge', 'count'): 638.548, ('merge', 'scan'): 638.587, ('merge', 'expand'): 638.995, ('merge', 'merge'): 640.168, ('merge', 'final'): 640.366, ('merge', 'compact'): 640.528, ('merge', 'pack'): 640.618, ('merge', 'd2h'): 640.721, ('mrg2', 'start'): 640.875, ('mrg2', 'h2d'): 640.983, ('mrg2', 'count'): 641.007, ('mrg2', 'scan'): 641.047, ('mrg2', 'merge'): 641.332, ('mrg2', 'final'): 641.368, ('mrg2', 'compact'): 641.515, ('mrg2', 'pack'): 641.589, ('mrg2', 'd2h'): 641.69}",0.1455709571018815
Mildly sparse,bcsstm27,1224,56126,3.7462888205391085,138106,138106,138106,138106,0.0,,0.055000000000063665,0.44299999999998363,0.10000000000002274,0.14999999999997726,0.59800000000007,0.948,,,,,1.482,2.135,0.784,,"{('cu', 'start'): 598.607, ('cu', 'h2dmalloc'): 598.657, ('cu', 'h2d'): 598.685, ('cu', 'workest'): 598.74, ('cu', 'compute'): 599.183, ('cu', 'copy'): 599.283, ('cu', 'pack'): 599.299, ('cu', 'd2h'): 599.449, ('gust', 'start'): 599.566, ('gust', 'h2d'): 599.652, ('gust', 'count'): 599.673, ('gust', 'scan'): 599.706, ('gust', 'expand'): 599.844, ('gust', 'sort'): 600.37, ('gust', 'reduce'): 600.521, ('gust', 'final'): 600.809, ('gust', 'pack'): 600.875, ('gust', 'd2h'): 600.929, ('merge', 'start'): 601.06, ('merge', 'h2d'): 601.143, ('merge', 'count'): 601.164, ('merge', 'scan'): 601.195, ('merge', 'expand'): 601.564, ('merge', 'merge'): 602.678, ('merge', 'final'): 602.825, ('merge', 'compact'): 602.954, ('merge', 'pack'): 603.017, ('merge', 'd2h'): 603.072, ('mrg2', 'start'): 603.204, ('mrg2', 'h2d'): 603.28, ('mrg2', 'count'): 603.3, ('mrg2', 'scan'): 603.338, ('mrg2', 'merge'): 603.598, ('mrg2', 'final'): 603.629, ('mrg2', 'compact'): 603.755, ('mrg2', 'pack'): 603.816, ('mrg2', 'd2h'): 603.868}",0.1662400318309664
Mildly sparse,bcsstk22,138,696,3.6546943919344677,1552,1552,1552,1552,0.0,,0.04899999999997817,0.15399999999999636,0.043000000000006366,0.023000000000024556,0.2459999999999809,0.423,,,,,0.437,0.349,0.301,,"{('cu', 'start'): 600.29, ('cu', 'h2dmalloc'): 600.343, ('cu', 'h2d'): 600.356, ('cu', 'workest'): 600.405, ('cu', 'compute'): 600.559, ('cu', 'copy'): 600.602, ('cu', 'pack'): 600.617, ('cu', 'd2h'): 600.64, ('gust', 'start'): 600.724, ('gust', 'h2d'): 600.789, ('gust', 'count'): 600.81, ('gust', 'scan'): 600.846, ('gust', 'expand'): 600.864, ('gust', 'sort'): 600.972, ('gust', 'reduce'): 601.007, ('gust', 'final'): 601.056, ('gust', 'pack'): 601.075, ('gust', 'd2h'): 601.084, ('merge', 'start'): 601.168, ('merge', 'h2d'): 601.23, ('merge', 'count'): 601.251, ('merge', 'scan'): 601.293, ('merge', 'expand'): 601.317, ('merge', 'merge'): 601.357, ('merge', 'final'): 601.39, ('merge', 'compact'): 601.414, ('merge', 'pack'): 601.43, ('merge', 'd2h'): 601.439, ('mrg2', 'start'): 601.526, ('mrg2', 'h2d'): 601.592, ('mrg2', 'count'): 601.61, ('mrg2', 'scan'): 601.642, ('mrg2', 'merge'): 601.673, ('mrg2', 'final'): 601.701, ('mrg2', 'compact'): 601.722, ('mrg2', 'pack'): 601.736, ('mrg2', 'd2h'): 601.744}",0.0238810898736119
Mildly sparse,bcspwr03,118,476,3.418557885665039,1270,1270,1270,1270,0.0,,0.03899999999998727,0.14599999999995816,0.04000000000007731,0.022000000000048203,0.22500000000002274,0.383,,,,,0.342,0.318,0.276,,"{('cu', 'start'): 586.808, ('cu', 'h2dmalloc'): 586.857, ('cu', 'h2d'): 586.869, ('cu', 'workest'): 586.908, ('cu', 'compute'): 587.054, ('cu', 'copy'): 587.094, ('cu', 'pack'): 587.107, ('cu', 'd2h'): 587.129, ('gust', 'start'): 587.199, ('gust', 'h2d'): 587.257, ('gust', 'count'): 587.273, ('gust', 'scan'): 587.307, ('gust', 'expand'): 587.325, ('gust', 'sort'): 587.367, ('gust', 'reduce'): 587.399, ('gust', 'final'): 587.446, ('gust', 'pack'): 587.459, ('gust', 'd2h'): 587.468, ('merge', 'start'): 587.55, ('merge', 'h2d'): 587.607, ('merge', 'count'): 587.622, ('merge', 'scan'): 587.654, ('merge', 'expand'): 587.676, ('merge', 'merge'): 587.728, ('merge', 'final'): 587.76, ('merge', 'compact'): 587.78, ('merge', 'pack'): 587.793, ('merge', 'd2h'): 587.802, ('mrg2', 'start'): 587.875, ('mrg2', 'h2d'): 587.93, ('mrg2', 'count'): 587.946, ('mrg2', 'scan'): 587.979, ('mrg2', 'merge'): 588.014, ('mrg2', 'final'): 588.042, ('mrg2', 'compact'): 588.062, ('mrg2', 'pack'): 588.075, ('mrg2', 'd2h'): 588.084}",0.0509499805048108
Mildly sparse,can_229,229,1777,3.388570012013501,5017,5017,5017,5017,0.0,,0.04899999999997817,0.1409999999999627,0.04399999999998272,0.026000000000067303,0.2339999999999236,0.391,,,,,0.404,0.366,0.284,,"{('cu', 'start'): 563.432, ('cu', 'h2dmalloc'): 563.48, ('cu', 'h2d'): 563.493, ('cu', 'workest'): 563.542, ('cu', 'compute'): 563.683, ('cu', 'copy'): 563.727, ('cu', 'pack'): 563.741, ('cu', 'd2h'): 563.767, ('gust', 'start'): 563.833, ('gust', 'h2d'): 563.893, ('gust', 'count'): 563.91, ('gust', 'scan'): 563.941, ('gust', 'expand'): 563.96, ('gust', 'sort'): 564.066, ('gust', 'reduce'): 564.1, ('gust', 'final'): 564.146, ('gust', 'pack'): 564.16, ('gust', 'd2h'): 564.173, ('merge', 'start'): 564.246, ('merge', 'h2d'): 564.305, ('merge', 'count'): 564.321, ('merge', 'scan'): 564.351, ('merge', 'expand'): 564.378, ('merge', 'merge'): 564.473, ('merge', 'final'): 564.505, ('merge', 'compact'): 564.525, ('merge', 'pack'): 564.539, ('merge', 'd2h'): 564.551, ('mrg2', 'start'): 564.619, ('mrg2', 'h2d'): 564.677, ('mrg2', 'count'): 564.693, ('mrg2', 'scan'): 564.724, ('mrg2', 'merge'): 564.772, ('mrg2', 'final'): 564.799, ('mrg2', 'compact'): 564.819, ('mrg2', 'pack'): 564.832, ('mrg2', 'd2h'): 564.842}",0.0366339227184653
Mildly sparse,can_292,292,2540,2.9789829236254457,11670,11670,11670,11670,0.0,,0.045999999999935426,0.15899999999999181,0.04900000000009186,0.024999999999977263,0.2540000000000191,0.422,,,,,0.441,0.618,0.333,,"{('cu', 'start'): 588.973, ('cu', 'h2dmalloc'): 589.022, ('cu', 'h2d'): 589.037, ('cu', 'workest'): 589.083, ('cu', 'compute'): 589.242, ('cu', 'copy'): 589.291, ('cu', 'pack'): 589.306, ('cu', 'd2h'): 589.331, ('gust', 'start'): 589.408, ('gust', 'h2d'): 589.472, ('gust', 'count'): 589.49, ('gust', 'scan'): 589.523, ('gust', 'expand'): 589.546, ('gust', 'sort'): 589.664, ('gust', 'reduce'): 589.699, ('gust', 'final'): 589.748, ('gust', 'pack'): 589.763, ('gust', 'd2h'): 589.776, ('merge', 'start'): 589.855, ('merge', 'h2d'): 589.916, ('merge', 'count'): 589.934, ('merge', 'scan'): 589.965, ('merge', 'expand'): 590.022, ('merge', 'merge'): 590.323, ('merge', 'final'): 590.356, ('merge', 'compact'): 590.376, ('merge', 'pack'): 590.39, ('merge', 'd2h'): 590.404, ('mrg2', 'start'): 590.48, ('mrg2', 'h2d'): 590.542, ('mrg2', 'count'): 590.56, ('mrg2', 'scan'): 590.591, ('mrg2', 'merge'): 590.669, ('mrg2', 'final'): 590.698, ('mrg2', 'compact'): 590.718, ('mrg2', 'pack'): 590.732, ('mrg2', 'd2h'): 590.744}",0.0596500467509031
Mildly sparse,ash292,292,2208,2.589604053293301,6042,6042,6042,6042,0.0,,0.04399999999998272,0.1490000000000009,0.043000000000006366,0.026000000000067303,0.23599999999999,0.411,,,,,0.413,0.354,0.292,,"{('cu', 'start'): 576.421, ('cu', 'h2dmalloc'): 576.476, ('cu', 'h2d'): 576.492, ('cu', 'workest'): 576.536, ('cu', 'compute'): 576.685, ('cu', 'copy'): 576.728, ('cu', 'pack'): 576.742, ('cu', 'd2h'): 576.768, ('gust', 'start'): 576.84, ('gust', 'h2d'): 576.902, ('gust', 'count'): 576.919, ('gust', 'scan'): 576.952, ('gust', 'expand'): 576.971, ('gust', 'sort'): 577.076, ('gust', 'reduce'): 577.11, ('gust', 'final'): 577.157, ('gust', 'pack'): 577.171, ('gust', 'd2h'): 577.183, ('merge', 'start'): 577.262, ('merge', 'h2d'): 577.321, ('merge', 'count'): 577.337, ('merge', 'scan'): 577.368, ('merge', 'expand'): 577.396, ('merge', 'merge'): 577.467, ('merge', 'final'): 577.5, ('merge', 'compact'): 577.522, ('merge', 'pack'): 577.535, ('merge', 'd2h'): 577.548, ('mrg2', 'start'): 577.624, ('mrg2', 'h2d'): 577.684, ('mrg2', 'count'): 577.699, ('mrg2', 'scan'): 577.732, ('mrg2', 'merge'): 577.772, ('mrg2', 'final'): 577.8, ('mrg2', 'compact'): 577.82, ('mrg2', 'pack'): 577.833, ('mrg2', 'd2h'): 577.844}",0.0631499569863081
Mildly sparse,bcspwr04,274,1612,2.1471575470190207,4982,4982,4982,4982,0.0,,0.04899999999997817,0.15300000000002,0.04399999999998272,0.026000000000067303,0.2459999999999809,0.413,,,,,0.414,0.39,0.298,,"{('cu', 'start'): 565.175, ('cu', 'h2dmalloc'): 565.224, ('cu', 'h2d'): 565.237, ('cu', 'workest'): 565.286, ('cu', 'compute'): 565.439, ('cu', 'copy'): 565.483, ('cu', 'pack'): 565.497, ('cu', 'd2h'): 565.523, ('gust', 'start'): 565.596, ('gust', 'h2d'): 565.658, ('gust', 'count'): 565.675, ('gust', 'scan'): 565.707, ('gust', 'expand'): 565.728, ('gust', 'sort'): 565.834, ('gust', 'reduce'): 565.869, ('gust', 'final'): 565.916, ('gust', 'pack'): 565.931, ('gust', 'd2h'): 565.94, ('merge', 'start'): 566.018, ('merge', 'h2d'): 566.077, ('merge', 'count'): 566.094, ('merge', 'scan'): 566.125, ('merge', 'expand'): 566.16, ('merge', 'merge'): 566.255, ('merge', 'final'): 566.289, ('merge', 'compact'): 566.31, ('merge', 'pack'): 566.324, ('merge', 'd2h'): 566.335, ('mrg2', 'start'): 566.417, ('mrg2', 'h2d'): 566.477, ('mrg2', 'count'): 566.493, ('mrg2', 'scan'): 566.524, ('mrg2', 'merge'): 566.573, ('mrg2', 'final'): 566.602, ('mrg2', 'compact'): 566.621, ('mrg2', 'pack'): 566.635, ('mrg2', 'd2h'): 566.647}",0.034219934605062
Mildly sparse,bcsstk13,2003,83883,2.0907979019987244,396773,396773,396773,396773,0.0,,0.055000000000063665,0.5190000000000055,0.13900000000001,0.3039999999999736,0.7130000000000791,1.269,,,,,2.071,6.08,1.408,,"{('cu', 'start'): 646.974, ('cu', 'h2dmalloc'): 647.027, ('cu', 'h2d'): 647.064, ('cu', 'workest'): 647.119, ('cu', 'compute'): 647.638, ('cu', 'copy'): 647.777, ('cu', 'pack'): 647.84, ('cu', 'd2h'): 648.144, ('gust', 'start'): 648.255, ('gust', 'h2d'): 648.357, ('gust', 'count'): 648.38, ('gust', 'scan'): 648.414, ('gust', 'expand'): 648.576, ('gust', 'sort'): 649.321, ('gust', 'reduce'): 649.5, ('gust', 'final'): 649.93, ('gust', 'pack'): 649.998, ('gust', 'd2h'): 650.131, ('merge', 'start'): 650.337, ('merge', 'h2d'): 650.42, ('merge', 'count'): 650.442, ('merge', 'scan'): 650.474, ('merge', 'expand'): 651.207, ('merge', 'merge'): 655.658, ('merge', 'final'): 655.806, ('merge', 'compact'): 656.036, ('merge', 'pack'): 656.107, ('merge', 'd2h'): 656.23, ('mrg2', 'start'): 656.426, ('mrg2', 'h2d'): 656.517, ('mrg2', 'count'): 656.54, ('mrg2', 'scan'): 656.575, ('mrg2', 'merge'): 657.209, ('mrg2', 'final'): 657.244, ('mrg2', 'compact'): 657.459, ('mrg2', 'pack'): 657.527, ('mrg2', 'd2h'): 657.648}",0.5144570022821426
Mildly sparse,bcsstm01,48,48,2.083333333333333,48,48,48,48,0.0,,0.04099999999993997,0.14000000000010004,0.04099999999993997,0.02400000000000091,0.22199999999998,0.382,,,,,0.343,0.291,0.261,,"{('cu', 'start'): 573.733, ('cu', 'h2dmalloc'): 573.783, ('cu', 'h2d'): 573.793, ('cu', 'workest'): 573.834, ('cu', 'compute'): 573.974, ('cu', 'copy'): 574.015, ('cu', 'pack'): 574.029, ('cu', 'd2h'): 574.053, ('gust', 'start'): 574.125, ('gust', 'h2d'): 574.183, ('gust', 'count'): 574.199, ('gust', 'scan'): 574.233, ('gust', 'expand'): 574.249, ('gust', 'sort'): 574.29, ('gust', 'reduce'): 574.328, ('gust', 'final'): 574.375, ('gust', 'pack'): 574.388, ('gust', 'd2h'): 574.396, ('merge', 'start'): 574.476, ('merge', 'h2d'): 574.534, ('merge', 'count'): 574.549, ('merge', 'scan'): 574.583, ('merge', 'expand'): 574.599, ('merge', 'merge'): 574.617, ('merge', 'final'): 574.654, ('merge', 'compact'): 574.675, ('merge', 'pack'): 574.689, ('merge', 'd2h'): 574.699, ('mrg2', 'start'): 574.774, ('mrg2', 'h2d'): 574.831, ('mrg2', 'count'): 574.847, ('mrg2', 'scan'): 574.878, ('mrg2', 'merge'): 574.897, ('mrg2', 'final'): 574.926, ('mrg2', 'compact'): 574.946, ('mrg2', 'pack'): 574.96, ('mrg2', 'd2h'): 574.967}",0.0188640551641583
Mildly sparse,bcsstk14,1806,63454,1.945465404477998,195654,195654,195654,195654,0.0,,0.049999999999954525,0.4560000000000173,0.10799999999994725,0.20600000000001728,0.613999999999919,1.074,,,,,1.458,2.032,0.894,,"{('cu', 'start'): 595.251, ('cu', 'h2dmalloc'): 595.3, ('cu', 'h2d'): 595.33, ('cu', 'workest'): 595.38, ('cu', 'compute'): 595.836, ('cu', 'copy'): 595.944, ('cu', 'pack'): 596.008, ('cu', 'd2h'): 596.214, ('gust', 'start'): 596.335, ('gust', 'h2d'): 596.414, ('gust', 'count'): 596.434, ('gust', 'scan'): 596.467, ('gust', 'expand'): 596.605, ('gust', 'sort'): 597.094, ('gust', 'reduce'): 597.242, ('gust', 'final'): 597.577, ('gust', 'pack'): 597.594, ('gust', 'd2h'): 597.67, ('merge', 'start'): 597.803, ('merge', 'h2d'): 597.882, ('merge', 'count'): 597.904, ('merge', 'scan'): 597.936, ('merge', 'expand'): 598.233, ('merge', 'merge'): 599.214, ('merge', 'final'): 599.359, ('merge', 'compact'): 599.537, ('merge', 'pack'): 599.597, ('merge', 'd2h'): 599.67, ('mrg2', 'start'): 599.843, ('mrg2', 'h2d'): 599.925, ('mrg2', 'count'): 599.946, ('mrg2', 'scan'): 599.987, ('mrg2', 'merge'): 600.24, ('mrg2', 'final'): 600.272, ('mrg2', 'compact'): 600.443, ('mrg2', 'pack'): 600.502, ('mrg2', 'd2h'): 600.575}",0.3846680046990514
Mildly sparse,can_445,445,3809,1.923494508269158,11193,11193,11193,11193,0.0,,0.06399999999996453,0.16700000000003,0.06399999999996453,0.03700000000003456,0.2949999999999591,0.538,,,,,0.59,0.527,0.435,,"{('cu', 'start'): 577.619, ('cu', 'h2dmalloc'): 577.693, ('cu', 'h2d'): 577.71, ('cu', 'workest'): 577.774, ('cu', 'compute'): 577.941, ('cu', 'copy'): 578.005, ('cu', 'pack'): 578.029, ('cu', 'd2h'): 578.066, ('gust', 'start'): 578.175, ('gust', 'h2d'): 578.263, ('gust', 'count'): 578.288, ('gust', 'scan'): 578.334, ('gust', 'expand'): 578.366, ('gust', 'sort'): 578.504, ('gust', 'reduce'): 578.559, ('gust', 'final'): 578.628, ('gust', 'pack'): 578.652, ('gust', 'd2h'): 578.666, ('merge', 'start'): 578.783, ('merge', 'h2d'): 578.87, ('merge', 'count'): 578.895, ('merge', 'scan'): 578.94, ('merge', 'expand'): 578.981, ('merge', 'merge'): 579.089, ('merge', 'final'): 579.145, ('merge', 'compact'): 579.178, ('merge', 'pack'): 579.202, ('merge', 'd2h'): 579.215, ('mrg2', 'start'): 579.327, ('mrg2', 'h2d'): 579.412, ('mrg2', 'count'): 579.437, ('mrg2', 'scan'): 579.48, ('mrg2', 'merge'): 579.551, ('mrg2', 'final'): 579.593, ('mrg2', 'compact'): 579.627, ('mrg2', 'pack'): 579.651, ('mrg2', 'd2h'): 579.665}",0.0610890565440058
Mildly sparse,bcsstm10,1086,22092,1.8731621948861958,54504,54504,54504,54504,0.0,,0.05200000000002092,0.23500000000001364,0.04800000000000182,0.09799999999995634,0.3350000000000364,0.574,,,,,0.975,1.015,0.555,,"{('cu', 'start'): 578.015, ('cu', 'h2dmalloc'): 578.065, ('cu', 'h2d'): 578.083, ('cu', 'workest'): 578.135, ('cu', 'compute'): 578.37, ('cu', 'copy'): 578.418, ('cu', 'pack'): 578.433, ('cu', 'd2h'): 578.531, ('gust', 'start'): 578.6, ('gust', 'h2d'): 578.666, ('gust', 'count'): 578.684, ('gust', 'scan'): 578.717, ('gust', 'expand'): 578.833, ('gust', 'sort'): 579.078, ('gust', 'reduce'): 579.215, ('gust', 'final'): 579.42, ('gust', 'pack'): 579.436, ('gust', 'd2h'): 579.459, ('merge', 'start'): 579.584, ('merge', 'h2d'): 579.651, ('merge', 'count'): 579.669, ('merge', 'scan'): 579.7, ('merge', 'expand'): 579.876, ('merge', 'merge'): 580.235, ('merge', 'final'): 580.327, ('merge', 'compact'): 580.447, ('merge', 'pack'): 580.463, ('merge', 'd2h'): 580.487, ('mrg2', 'start'): 580.607, ('mrg2', 'h2d'): 580.673, ('mrg2', 'count'): 580.69, ('mrg2', 'scan'): 580.722, ('mrg2', 'merge'): 580.897, ('mrg2', 'final'): 580.929, ('mrg2', 'compact'): 581.003, ('mrg2', 'pack'): 581.019, ('mrg2', 'd2h'): 581.044}",0.1408531097695231
Mildly sparse,bcsstk10,1086,22070,1.8712968332943305,54504,54504,54504,54504,0.0,,0.05400000000008731,0.22699999999997544,0.05099999999993088,0.1049999999999045,0.33199999999999363,0.584,,,,,1.002,1.037,0.558,,"{('cu', 'start'): 589.647, ('cu', 'h2dmalloc'): 589.699, ('cu', 'h2d'): 589.718, ('cu', 'workest'): 589.772, ('cu', 'compute'): 589.999, ('cu', 'copy'): 590.05, ('cu', 'pack'): 590.065, ('cu', 'd2h'): 590.17, ('gust', 'start'): 590.245, ('gust', 'h2d'): 590.315, ('gust', 'count'): 590.333, ('gust', 'scan'): 590.369, ('gust', 'expand'): 590.489, ('gust', 'sort'): 590.737, ('gust', 'reduce'): 590.87, ('gust', 'final'): 591.077, ('gust', 'pack'): 591.1, ('gust', 'd2h'): 591.123, ('merge', 'start'): 591.254, ('merge', 'h2d'): 591.323, ('merge', 'count'): 591.341, ('merge', 'scan'): 591.376, ('merge', 'expand'): 591.555, ('merge', 'merge'): 591.917, ('merge', 'final'): 592.01, ('merge', 'compact'): 592.133, ('merge', 'pack'): 592.151, ('merge', 'd2h'): 592.175, ('mrg2', 'start'): 592.302, ('mrg2', 'h2d'): 592.37, ('mrg2', 'count'): 592.388, ('mrg2', 'scan'): 592.422, ('mrg2', 'merge'): 592.59, ('mrg2', 'final'): 592.623, ('mrg2', 'compact'): 592.7, ('mrg2', 'pack'): 592.717, ('mrg2', 'd2h'): 592.742}",0.1346879871562123
Mildly sparse,can_634,634,7228,1.7982067689000787,25446,25446,25446,25446,0.0,,0.051000000000044565,0.2179999999999609,0.05200000000002092,0.09500000000002728,0.3210000000000264,0.561,,,,,0.661,0.57,0.335,,"{('cu', 'start'): 595.355, ('cu', 'h2dmalloc'): 595.404, ('cu', 'h2d'): 595.418, ('cu', 'workest'): 595.469, ('cu', 'compute'): 595.687, ('cu', 'copy'): 595.739, ('cu', 'pack'): 595.755, ('cu', 'd2h'): 595.85, ('gust', 'start'): 595.926, ('gust', 'h2d'): 595.991, ('gust', 'count'): 596.009, ('gust', 'scan'): 596.042, ('gust', 'expand'): 596.067, ('gust', 'sort'): 596.296, ('gust', 'reduce'): 596.382, ('gust', 'final'): 596.484, ('gust', 'pack'): 596.5, ('gust', 'd2h'): 596.516, ('merge', 'start'): 596.597, ('merge', 'h2d'): 596.657, ('merge', 'count'): 596.674, ('merge', 'scan'): 596.706, ('merge', 'expand'): 596.764, ('merge', 'merge'): 597.009, ('merge', 'final'): 597.043, ('merge', 'compact'): 597.064, ('merge', 'pack'): 597.081, ('merge', 'd2h'): 597.097, ('mrg2', 'start'): 597.174, ('mrg2', 'h2d'): 597.234, ('mrg2', 'count'): 597.252, ('mrg2', 'scan'): 597.282, ('mrg2', 'merge'): 597.362, ('mrg2', 'final'): 597.391, ('mrg2', 'compact'): 597.411, ('mrg2', 'pack'): 597.425, ('mrg2', 'd2h'): 597.441}",0.0615720637142658
Mildly sparse,bcsstk11,1473,34241,1.578123350888521,94187,94187,94187,94187,0.0,,0.05200000000002092,0.27300000000002456,0.049999999999954525,0.1129999999999427,0.375,0.754,,,,,1.089,1.113,0.587,,"{('cu', 'start'): 579.924, ('cu', 'h2dmalloc'): 579.978, ('cu', 'h2d'): 580.001, ('cu', 'workest'): 580.053, ('cu', 'compute'): 580.326, ('cu', 'copy'): 580.376, ('cu', 'pack'): 580.456, ('cu', 'd2h'): 580.569, ('gust', 'start'): 580.689, ('gust', 'h2d'): 580.76, ('gust', 'count'): 580.779, ('gust', 'scan'): 580.819, ('gust', 'expand'): 580.956, ('gust', 'sort'): 581.248, ('gust', 'reduce'): 581.396, ('gust', 'final'): 581.655, ('gust', 'pack'): 581.671, ('gust', 'd2h'): 581.707, ('merge', 'start'): 581.789, ('merge', 'h2d'): 581.861, ('merge', 'count'): 581.88, ('merge', 'scan'): 581.913, ('merge', 'expand'): 582.111, ('merge', 'merge'): 582.515, ('merge', 'final'): 582.655, ('merge', 'compact'): 582.772, ('merge', 'pack'): 582.798, ('merge', 'd2h'): 582.834, ('mrg2', 'start'): 582.91, ('mrg2', 'h2d'): 582.986, ('mrg2', 'count'): 583.005, ('mrg2', 'scan'): 583.038, ('mrg2', 'merge'): 583.22, ('mrg2', 'final'): 583.253, ('mrg2', 'compact'): 583.376, ('mrg2', 'pack'): 583.392, ('mrg2', 'd2h'): 583.431}",0.2251840196549892
Mildly sparse,bcsstk12,1473,34241,1.578123350888521,94187,94187,94187,94187,0.0,,0.049999999999954525,0.28100000000006276,0.05299999999999727,0.11400000000003274,0.38400000000001455,0.76,,,,,1.072,1.099,0.579,,"{('cu', 'start'): 596.969, ('cu', 'h2dmalloc'): 597.02, ('cu', 'h2d'): 597.043, ('cu', 'workest'): 597.093, ('cu', 'compute'): 597.374, ('cu', 'copy'): 597.427, ('cu', 'pack'): 597.505, ('cu', 'd2h'): 597.619, ('gust', 'start'): 597.739, ('gust', 'h2d'): 597.809, ('gust', 'count'): 597.828, ('gust', 'scan'): 597.865, ('gust', 'expand'): 597.987, ('gust', 'sort'): 598.278, ('gust', 'reduce'): 598.426, ('gust', 'final'): 598.686, ('gust', 'pack'): 598.704, ('gust', 'd2h'): 598.741, ('merge', 'start'): 598.821, ('merge', 'h2d'): 598.893, ('merge', 'count'): 598.913, ('merge', 'scan'): 598.946, ('merge', 'expand'): 599.128, ('merge', 'merge'): 599.533, ('merge', 'final'): 599.675, ('merge', 'compact'): 599.794, ('merge', 'pack'): 599.813, ('merge', 'd2h'): 599.851, ('mrg2', 'start'): 599.928, ('mrg2', 'h2d'): 599.998, ('mrg2', 'count'): 600.017, ('mrg2', 'scan'): 600.051, ('mrg2', 'merge'): 600.229, ('mrg2', 'final'): 600.264, ('mrg2', 'compact'): 600.384, ('mrg2', 'pack'): 600.403, ('mrg2', 'd2h'): 600.44}",0.2171420492231845
Mildly sparse,bcsstk09,1083,18437,1.5719305066378828,71289,71289,71289,71289,0.0,,0.051000000000044565,0.21600000000000819,0.04899999999997817,0.1069999999999709,0.3160000000000309,0.563,,,,,0.877,0.848,0.457,,"{('cu', 'start'): 580.356, ('cu', 'h2dmalloc'): 580.406, ('cu', 'h2d'): 580.423, ('cu', 'workest'): 580.474, ('cu', 'compute'): 580.69, ('cu', 'copy'): 580.739, ('cu', 'pack'): 580.754, ('cu', 'd2h'): 580.861, ('gust', 'start'): 580.929, ('gust', 'h2d'): 580.994, ('gust', 'count'): 581.012, ('gust', 'scan'): 581.046, ('gust', 'expand'): 581.123, ('gust', 'sort'): 581.356, ('gust', 'reduce'): 581.483, ('gust', 'final'): 581.64, ('gust', 'pack'): 581.657, ('gust', 'd2h'): 581.685, ('merge', 'start'): 581.815, ('merge', 'h2d'): 581.88, ('merge', 'count'): 581.898, ('merge', 'scan'): 581.929, ('merge', 'expand'): 582.036, ('merge', 'merge'): 582.342, ('merge', 'final'): 582.43, ('merge', 'compact'): 582.548, ('merge', 'pack'): 582.564, ('merge', 'd2h'): 582.596, ('mrg2', 'start'): 582.672, ('mrg2', 'h2d'): 582.736, ('mrg2', 'count'): 582.754, ('mrg2', 'scan'): 582.791, ('mrg2', 'merge'): 582.912, ('mrg2', 'final'): 582.944, ('mrg2', 'compact'): 583.016, ('mrg2', 'pack'): 583.032, ('mrg2', 'd2h'): 583.063}",0.1333419932052493
Mildly sparse,bcsstm02,66,66,1.5151515151515151,66,66,66,66,0.0,,0.03899999999998727,0.1409999999999627,0.038000000000010914,0.027000000000043656,0.2179999999999609,0.401,,,,,0.329,0.268,0.251,,"{('cu', 'start'): 567.998, ('cu', 'h2dmalloc'): 568.051, ('cu', 'h2d'): 568.062, ('cu', 'workest'): 568.101, ('cu', 'compute'): 568.242, ('cu', 'copy'): 568.28, ('cu', 'pack'): 568.299, ('cu', 'd2h'): 568.326, ('gust', 'start'): 568.411, ('gust', 'h2d'): 568.475, ('gust', 'count'): 568.491, ('gust', 'scan'): 568.523, ('gust', 'expand'): 568.539, ('gust', 'sort'): 568.579, ('gust', 'reduce'): 568.61, ('gust', 'final'): 568.654, ('gust', 'pack'): 568.667, ('gust', 'd2h'): 568.675, ('merge', 'start'): 568.751, ('merge', 'h2d'): 568.807, ('merge', 'count'): 568.822, ('merge', 'scan'): 568.852, ('merge', 'expand'): 568.867, ('merge', 'merge'): 568.885, ('merge', 'final'): 568.917, ('merge', 'compact'): 568.937, ('merge', 'pack'): 568.95, ('merge', 'd2h'): 568.958, ('mrg2', 'start'): 569.028, ('mrg2', 'h2d'): 569.091, ('mrg2', 'count'): 569.105, ('mrg2', 'scan'): 569.135, ('mrg2', 'merge'): 569.151, ('mrg2', 'final'): 569.178, ('mrg2', 'compact'): 569.196, ('mrg2', 'pack'): 569.21, ('mrg2', 'd2h'): 569.217}",0.0488000223413109
Mildly sparse,can_838,838,10010,1.4254304771560882,51156,51156,51156,51156,0.0,,0.05200000000002092,0.21199999999998909,0.049999999999954525,0.09500000000002728,0.31399999999996453,0.543,,,,,0.66,0.913,0.392,,"{('cu', 'start'): 590.691, ('cu', 'h2dmalloc'): 590.741, ('cu', 'h2d'): 590.755, ('cu', 'workest'): 590.807, ('cu', 'compute'): 591.019, ('cu', 'copy'): 591.069, ('cu', 'pack'): 591.084, ('cu', 'd2h'): 591.179, ('gust', 'start'): 591.246, ('gust', 'h2d'): 591.309, ('gust', 'count'): 591.327, ('gust', 'scan'): 591.359, ('gust', 'expand'): 591.385, ('gust', 'sort'): 591.612, ('gust', 'reduce'): 591.698, ('gust', 'final'): 591.752, ('gust', 'pack'): 591.766, ('gust', 'd2h'): 591.791, ('merge', 'start'): 591.915, ('merge', 'h2d'): 591.976, ('merge', 'count'): 591.994, ('merge', 'scan'): 592.025, ('merge', 'expand'): 592.097, ('merge', 'merge'): 592.62, ('merge', 'final'): 592.656, ('merge', 'compact'): 592.677, ('merge', 'pack'): 592.69, ('merge', 'd2h'): 592.712, ('mrg2', 'start'): 592.837, ('mrg2', 'h2d'): 592.897, ('mrg2', 'count'): 592.915, ('mrg2', 'scan'): 592.946, ('mrg2', 'merge'): 593.055, ('mrg2', 'final'): 593.088, ('mrg2', 'compact'): 593.109, ('mrg2', 'pack'): 593.125, ('mrg2', 'd2h'): 593.148}",0.0957150477916002
Mildly sparse,bcsstk20,485,3135,1.3327665001594218,5545,5545,5545,5545,0.0,,0.049999999999954525,0.15300000000002,0.04399999999998272,0.024999999999977263,0.24699999999995725,0.416,,,,,0.414,0.337,0.277,,"{('cu', 'start'): 566.0, ('cu', 'h2dmalloc'): 566.05, ('cu', 'h2d'): 566.062, ('cu', 'workest'): 566.112, ('cu', 'compute'): 566.265, ('cu', 'copy'): 566.309, ('cu', 'pack'): 566.323, ('cu', 'd2h'): 566.348, ('gust', 'start'): 566.421, ('gust', 'h2d'): 566.482, ('gust', 'count'): 566.499, ('gust', 'scan'): 566.53, ('gust', 'expand'): 566.549, ('gust', 'sort'): 566.659, ('gust', 'reduce'): 566.693, ('gust', 'final'): 566.739, ('gust', 'pack'): 566.753, ('gust', 'd2h'): 566.765, ('merge', 'start'): 566.844, ('merge', 'h2d'): 566.902, ('merge', 'count'): 566.92, ('merge', 'scan'): 566.95, ('merge', 'expand'): 566.976, ('merge', 'merge'): 567.025, ('merge', 'final'): 567.059, ('merge', 'compact'): 567.079, ('merge', 'pack'): 567.1, ('merge', 'd2h'): 567.11, ('mrg2', 'start'): 567.189, ('mrg2', 'h2d'): 567.248, ('mrg2', 'count'): 567.264, ('mrg2', 'scan'): 567.294, ('mrg2', 'merge'): 567.325, ('mrg2', 'final'): 567.353, ('mrg2', 'compact'): 567.372, ('mrg2', 'pack'): 567.386, ('mrg2', 'd2h'): 567.396}",0.0440599396824836
Mildly sparse,can_715,715,6665,1.3037312338011637,39785,39785,39785,39785,0.0,,0.04899999999997817,0.20100000000002183,0.047000000000025466,0.08100000000001728,0.29700000000002547,0.503,,,,,0.638,1.862,0.52,,"{('cu', 'start'): 566.478, ('cu', 'h2dmalloc'): 566.526, ('cu', 'h2d'): 566.539, ('cu', 'workest'): 566.588, ('cu', 'compute'): 566.789, ('cu', 'copy'): 566.836, ('cu', 'pack'): 566.85, ('cu', 'd2h'): 566.931, ('gust', 'start'): 566.992, ('gust', 'h2d'): 567.051, ('gust', 'count'): 567.072, ('gust', 'scan'): 567.103, ('gust', 'expand'): 567.132, ('gust', 'sort'): 567.346, ('gust', 'reduce'): 567.429, ('gust', 'final'): 567.529, ('gust', 'pack'): 567.545, ('gust', 'd2h'): 567.566, ('merge', 'start'): 567.639, ('merge', 'h2d'): 567.698, ('merge', 'count'): 567.718, ('merge', 'scan'): 567.749, ('merge', 'expand'): 567.869, ('merge', 'merge'): 569.351, ('merge', 'final'): 569.384, ('merge', 'compact'): 569.405, ('merge', 'pack'): 569.42, ('merge', 'd2h'): 569.439, ('mrg2', 'start'): 569.51, ('mrg2', 'h2d'): 569.568, ('mrg2', 'count'): 569.588, ('mrg2', 'scan'): 569.617, ('mrg2', 'merge'): 569.888, ('mrg2', 'final'): 569.915, ('mrg2', 'compact'): 569.935, ('mrg2', 'pack'): 569.949, ('mrg2', 'd2h'): 569.969}",0.0809599878266453
Mildly sparse,bcsstk24,3562,159910,1.2603402122535554,446474,446474,446474,446474,0.0,,0.09799999999995634,0.7820000000000391,0.1449999999999818,0.43499999999994543,1.0249999999999773,1.738,,,,,2.8,3.566,1.242,,"{('cu', 'start'): 618.203, ('cu', 'h2dmalloc'): 618.254, ('cu', 'h2d'): 618.313, ('cu', 'workest'): 618.411, ('cu', 'compute'): 619.193, ('cu', 'copy'): 619.338, ('cu', 'pack'): 619.402, ('cu', 'd2h'): 619.837, ('gust', 'start'): 619.952, ('gust', 'h2d'): 620.171, ('gust', 'count'): 620.193, ('gust', 'scan'): 620.228, ('gust', 'expand'): 620.457, ('gust', 'sort'): 621.605, ('gust', 'reduce'): 621.837, ('gust', 'final'): 622.285, ('gust', 'pack'): 622.353, ('gust', 'd2h'): 622.514, ('merge', 'start'): 622.762, ('merge', 'h2d'): 622.879, ('merge', 'count'): 622.902, ('merge', 'scan'): 622.936, ('merge', 'expand'): 623.476, ('merge', 'merge'): 625.45, ('merge', 'final'): 625.628, ('merge', 'compact'): 625.882, ('merge', 'pack'): 625.948, ('merge', 'd2h'): 626.109, ('mrg2', 'start'): 626.337, ('mrg2', 'h2d'): 626.444, ('mrg2', 'count'): 626.466, ('mrg2', 'scan'): 626.5, ('mrg2', 'merge'): 626.856, ('mrg2', 'final'): 626.89, ('mrg2', 'compact'): 627.127, ('mrg2', 'pack'): 627.191, ('mrg2', 'd2h'): 627.36}",2.590493997558952
Mildly sparse,bcsstk16,4884,290378,1.2173414200441228,1038782,1038782,1038782,1038782,0.0,,0.17300000000000182,1.266999999999939,0.18200000000001637,1.177000000000021,1.6219999999999573,3.274,,,,,5.816,9.952,2.886,,"{('cu', 'start'): 791.333, ('cu', 'h2dmalloc'): 791.397, ('cu', 'h2d'): 791.572, ('cu', 'workest'): 791.745, ('cu', 'compute'): 793.012, ('cu', 'copy'): 793.194, ('cu', 'pack'): 793.281, ('cu', 'd2h'): 794.458, ('gust', 'start'): 794.628, ('gust', 'h2d'): 795.056, ('gust', 'count'): 795.207, ('gust', 'scan'): 795.255, ('gust', 'expand'): 795.583, ('gust', 'sort'): 798.161, ('gust', 'reduce'): 798.533, ('gust', 'final'): 799.238, ('gust', 'pack'): 799.344, ('gust', 'd2h'): 800.009, ('merge', 'start'): 800.462, ('merge', 'h2d'): 800.7, ('merge', 'count'): 800.784, ('merge', 'scan'): 800.83, ('merge', 'expand'): 802.037, ('merge', 'merge'): 808.602, ('merge', 'final'): 808.863, ('merge', 'compact'): 809.225, ('merge', 'pack'): 809.33, ('merge', 'd2h'): 809.995, ('mrg2', 'start'): 810.43, ('mrg2', 'h2d'): 810.667, ('mrg2', 'count'): 810.751, ('mrg2', 'scan'): 810.799, ('mrg2', 'merge'): 811.758, ('mrg2', 'final'): 811.8, ('mrg2', 'compact'): 812.131, ('mrg2', 'pack'): 812.24, ('mrg2', 'd2h'): 812.916}",6.864669034257531
Mildly sparse,bcsstk28,4410,219024,1.1261974177426073,596072,596072,596072,596072,0.0,,0.1490000000000009,1.0209999999999582,0.18799999999998818,0.8239999999999554,1.3579999999999472,2.666,,,,,4.091,6.059,2.105,,"{('cu', 'start'): 778.401, ('cu', 'h2dmalloc'): 778.494, ('cu', 'h2d'): 778.642, ('cu', 'workest'): 778.791, ('cu', 'compute'): 779.812, ('cu', 'copy'): 780.0, ('cu', 'pack'): 780.091, ('cu', 'd2h'): 780.915, ('gust', 'start'): 781.084, ('gust', 'h2d'): 781.283, ('gust', 'count'): 781.313, ('gust', 'scan'): 781.362, ('gust', 'expand'): 781.646, ('gust', 'sort'): 783.353, ('gust', 'reduce'): 783.683, ('gust', 'final'): 784.318, ('gust', 'pack'): 784.416, ('gust', 'd2h'): 784.839, ('merge', 'start'): 785.194, ('merge', 'h2d'): 785.4, ('merge', 'count'): 785.434, ('merge', 'scan'): 785.482, ('merge', 'expand'): 786.379, ('merge', 'merge'): 789.834, ('merge', 'final'): 790.075, ('merge', 'compact'): 790.422, ('merge', 'pack'): 790.517, ('merge', 'd2h'): 790.938, ('mrg2', 'start'): 791.277, ('mrg2', 'h2d'): 791.476, ('mrg2', 'count'): 791.507, ('mrg2', 'scan'): 791.553, ('mrg2', 'merge'): 792.166, ('mrg2', 'final'): 792.208, ('mrg2', 'compact'): 792.524, ('mrg2', 'pack'): 792.617, ('mrg2', 'd2h'): 793.054}",5.005271988920867
Mildly sparse,bcsstk08,1074,12960,1.1235604381885709,305612,305612,305612,305612,0.0,,0.05700000000001637,0.3280000000000882,0.1269999999999527,0.2300000000000182,0.5120000000000573,1.021,,,,,1.477,20.992,2.281,,"{('cu', 'start'): 678.01, ('cu', 'h2dmalloc'): 678.066, ('cu', 'h2d'): 678.084, ('cu', 'workest'): 678.141, ('cu', 'compute'): 678.469, ('cu', 'copy'): 678.596, ('cu', 'pack'): 678.683, ('cu', 'd2h'): 678.913, ('gust', 'start'): 679.044, ('gust', 'h2d'): 679.117, ('gust', 'count'): 679.155, ('gust', 'scan'): 679.196, ('gust', 'expand'): 679.364, ('gust', 'sort'): 679.646, ('gust', 'reduce'): 679.808, ('gust', 'final'): 680.163, ('gust', 'pack'): 680.243, ('gust', 'd2h'): 680.344, ('merge', 'start'): 680.54, ('merge', 'h2d'): 680.615, ('merge', 'count'): 680.65, ('merge', 'scan'): 680.691, ('merge', 'expand'): 681.264, ('merge', 'merge'): 700.837, ('merge', 'final'): 700.995, ('merge', 'compact'): 701.177, ('merge', 'pack'): 701.255, ('merge', 'd2h'): 701.355, ('mrg2', 'start'): 701.552, ('mrg2', 'h2d'): 701.625, ('mrg2', 'count'): 701.661, ('mrg2', 'scan'): 701.703, ('mrg2', 'merge'): 703.258, ('mrg2', 'final'): 703.3, ('mrg2', 'compact'): 703.481, ('mrg2', 'pack'): 703.559, ('mrg2', 'd2h'): 703.66}",0.1202570274472236
Mildly sparse,can_1054,1054,12196,1.097832779436069,60248,60248,60248,60248,0.0,,0.06099999999992178,0.27500000000009095,0.05899999999996908,0.1470000000000482,0.3949999999999818,0.726,,,,,0.975,1.118,0.506,,"{('cu', 'start'): 677.683, ('cu', 'h2dmalloc'): 677.749, ('cu', 'h2d'): 677.768, ('cu', 'workest'): 677.829, ('cu', 'compute'): 678.104, ('cu', 'copy'): 678.163, ('cu', 'pack'): 678.183, ('cu', 'd2h'): 678.33, ('gust', 'start'): 678.426, ('gust', 'h2d'): 678.509, ('gust', 'count'): 678.53, ('gust', 'scan'): 678.57, ('gust', 'expand'): 678.659, ('gust', 'sort'): 678.927, ('gust', 'reduce'): 679.029, ('gust', 'final'): 679.171, ('gust', 'pack'): 679.192, ('gust', 'd2h'): 679.239, ('merge', 'start'): 679.413, ('merge', 'h2d'): 679.498, ('merge', 'count'): 679.52, ('merge', 'scan'): 679.56, ('merge', 'expand'): 679.697, ('merge', 'merge'): 680.231, ('merge', 'final'): 680.275, ('merge', 'compact'): 680.301, ('merge', 'pack'): 680.319, ('merge', 'd2h'): 680.367, ('mrg2', 'start'): 680.543, ('mrg2', 'h2d'): 680.623, ('mrg2', 'count'): 680.643, ('mrg2', 'scan'): 680.687, ('mrg2', 'merge'): 680.829, ('mrg2', 'final'): 680.865, ('mrg2', 'compact'): 680.889, ('mrg2', 'pack'): 680.907, ('mrg2', 'd2h'): 680.955}",0.1321550225839018
Mildly sparse,can_1072,1072,12444,1.0828553129873024,62316,62316,62316,62316,0.0,,0.07200000000000273,0.2599999999999909,0.06399999999996453,0.15099999999995362,0.39599999999995816,0.728,,,,,0.967,1.228,0.489,,"{('cu', 'start'): 683.101, ('cu', 'h2dmalloc'): 683.164, ('cu', 'h2d'): 683.183, ('cu', 'workest'): 683.255, ('cu', 'compute'): 683.515, ('cu', 'copy'): 683.579, ('cu', 'pack'): 683.6, ('cu', 'd2h'): 683.751, ('gust', 'start'): 683.845, ('gust', 'h2d'): 683.927, ('gust', 'count'): 683.948, ('gust', 'scan'): 683.988, ('gust', 'expand'): 684.076, ('gust', 'sort'): 684.34, ('gust', 'reduce'): 684.44, ('gust', 'final'): 684.582, ('gust', 'pack'): 684.604, ('gust', 'd2h'): 684.653, ('merge', 'start'): 684.826, ('merge', 'h2d'): 684.906, ('merge', 'count'): 684.927, ('merge', 'scan'): 684.967, ('merge', 'expand'): 685.1, ('merge', 'merge'): 685.688, ('merge', 'final'): 685.732, ('merge', 'compact'): 685.9, ('merge', 'pack'): 685.92, ('merge', 'd2h'): 685.968, ('mrg2', 'start'): 686.066, ('mrg2', 'h2d'): 686.144, ('mrg2', 'count'): 686.164, ('mrg2', 'scan'): 686.201, ('mrg2', 'merge'): 686.342, ('mrg2', 'final'): 686.376, ('mrg2', 'compact'): 686.399, ('mrg2', 'pack'): 686.417, ('mrg2', 'd2h'): 686.465}",0.1201330451294779
Mildly sparse,bcsstk19,817,6853,1.0266835857969194,18305,18305,18305,18305,0.0,,0.15699999999992542,0.2860000000000582,0.1169999999999618,0.07799999999997453,0.5599999999999454,1.114,,,,,1.144,0.953,0.836,,"{('cu', 'start'): 565.817, ('cu', 'h2dmalloc'): 566.008, ('cu', 'h2d'): 566.041, ('cu', 'workest'): 566.198, ('cu', 'compute'): 566.484, ('cu', 'copy'): 566.601, ('cu', 'pack'): 566.653, ('cu', 'd2h'): 566.731, ('gust', 'start'): 566.965, ('gust', 'h2d'): 567.164, ('gust', 'count'): 567.212, ('gust', 'scan'): 567.302, ('gust', 'expand'): 567.352, ('gust', 'sort'): 567.546, ('gust', 'reduce'): 567.648, ('gust', 'final'): 567.799, ('gust', 'pack'): 567.848, ('gust', 'd2h'): 567.879, ('merge', 'start'): 568.14, ('merge', 'h2d'): 568.334, ('merge', 'count'): 568.38, ('merge', 'scan'): 568.467, ('merge', 'expand'): 568.524, ('merge', 'merge'): 568.621, ('merge', 'final'): 568.722, ('merge', 'compact'): 568.791, ('merge', 'pack'): 568.841, ('merge', 'd2h'): 568.863, ('mrg2', 'start'): 569.123, ('mrg2', 'h2d'): 569.314, ('mrg2', 'count'): 569.361, ('mrg2', 'scan'): 569.444, ('mrg2', 'merge'): 569.52, ('mrg2', 'final'): 569.596, ('mrg2', 'compact'): 569.659, ('mrg2', 'pack'): 569.71, ('mrg2', 'd2h'): 569.731}",0.0808449694886803
Highly sparse,bcsstm12,1473,19659,0.9060578533079476,53615,53615,53615,53615,0.0,,0.051000000000044565,0.20899999999994634,0.04800000000000182,0.0949999999999136,0.3079999999999927,0.55,,,,,0.872,0.77,0.436,,"{('cu', 'start'): 583.764, ('cu', 'h2dmalloc'): 583.823, ('cu', 'h2d'): 583.841, ('cu', 'workest'): 583.892, ('cu', 'compute'): 584.101, ('cu', 'copy'): 584.149, ('cu', 'pack'): 584.162, ('cu', 'd2h'): 584.257, ('gust', 'start'): 584.326, ('gust', 'h2d'): 584.391, ('gust', 'count'): 584.409, ('gust', 'scan'): 584.442, ('gust', 'expand'): 584.517, ('gust', 'sort'): 584.749, ('gust', 'reduce'): 584.884, ('gust', 'final'): 585.039, ('gust', 'pack'): 585.055, ('gust', 'd2h'): 585.078, ('merge', 'start'): 585.205, ('merge', 'h2d'): 585.27, ('merge', 'count'): 585.288, ('merge', 'scan'): 585.319, ('merge', 'expand'): 585.421, ('merge', 'merge'): 585.661, ('merge', 'final'): 585.748, ('merge', 'compact'): 585.87, ('merge', 'pack'): 585.887, ('merge', 'd2h'): 585.91, ('mrg2', 'start'): 585.985, ('mrg2', 'h2d'): 586.049, ('mrg2', 'count'): 586.067, ('mrg2', 'scan'): 586.1, ('mrg2', 'merge'): 586.209, ('mrg2', 'final'): 586.24, ('mrg2', 'compact'): 586.313, ('mrg2', 'pack'): 586.328, ('mrg2', 'd2h'): 586.354}",0.2221219474449753
Highly sparse,bcsstm03,112,112,0.8928571428571428,112,112,112,112,0.0,,0.04099999999993997,0.14000000000010004,0.04499999999995907,0.025999999999953616,0.2259999999999991,0.391,,,,,0.331,0.285,0.263,,"{('cu', 'start'): 581.299, ('cu', 'h2dmalloc'): 581.349, ('cu', 'h2d'): 581.36, ('cu', 'workest'): 581.401, ('cu', 'compute'): 581.541, ('cu', 'copy'): 581.586, ('cu', 'pack'): 581.6, ('cu', 'd2h'): 581.626, ('gust', 'start'): 581.698, ('gust', 'h2d'): 581.757, ('gust', 'count'): 581.773, ('gust', 'scan'): 581.807, ('gust', 'expand'): 581.823, ('gust', 'sort'): 581.863, ('gust', 'reduce'): 581.894, ('gust', 'final'): 581.938, ('gust', 'pack'): 581.951, ('gust', 'd2h'): 581.96, ('merge', 'start'): 582.036, ('merge', 'h2d'): 582.093, ('merge', 'count'): 582.108, ('merge', 'scan'): 582.141, ('merge', 'expand'): 582.156, ('merge', 'merge'): 582.176, ('merge', 'final'): 582.211, ('merge', 'compact'): 582.231, ('merge', 'pack'): 582.245, ('merge', 'd2h'): 582.255, ('mrg2', 'start'): 582.328, ('mrg2', 'h2d'): 582.384, ('mrg2', 'count'): 582.4, ('mrg2', 'scan'): 582.432, ('mrg2', 'merge'): 582.449, ('mrg2', 'final'): 582.482, ('mrg2', 'compact'): 582.502, ('mrg2', 'pack'): 582.516, ('mrg2', 'd2h'): 582.524}",0.0389730557799339
Highly sparse,bcspwr05,443,1623,0.8270105834934192,4249,4249,4249,4249,0.0,,0.04800000000000182,0.16800000000000637,0.045999999999935426,0.025999999999953616,0.2619999999999436,0.433,,,,,0.421,0.339,0.291,,"{('cu', 'start'): 581.908, ('cu', 'h2dmalloc'): 581.958, ('cu', 'h2d'): 581.974, ('cu', 'workest'): 582.022, ('cu', 'compute'): 582.19, ('cu', 'copy'): 582.236, ('cu', 'pack'): 582.253, ('cu', 'd2h'): 582.279, ('gust', 'start'): 582.351, ('gust', 'h2d'): 582.416, ('gust', 'count'): 582.433, ('gust', 'scan'): 582.468, ('gust', 'expand'): 582.486, ('gust', 'sort'): 582.594, ('gust', 'reduce'): 582.629, ('gust', 'final'): 582.678, ('gust', 'pack'): 582.693, ('gust', 'd2h'): 582.702, ('merge', 'start'): 582.78, ('merge', 'h2d'): 582.841, ('merge', 'count'): 582.859, ('merge', 'scan'): 582.892, ('merge', 'expand'): 582.916, ('merge', 'merge'): 582.964, ('merge', 'final'): 582.999, ('merge', 'compact'): 583.019, ('merge', 'pack'): 583.035, ('merge', 'd2h'): 583.045, ('mrg2', 'start'): 583.127, ('mrg2', 'h2d'): 583.189, ('mrg2', 'count'): 583.206, ('mrg2', 'scan'): 583.238, ('mrg2', 'merge'): 583.274, ('mrg2', 'final'): 583.304, ('mrg2', 'compact'): 583.324, ('mrg2', 'pack'): 583.34, ('mrg2', 'd2h'): 583.35}",0.0643749954178929
Highly sparse,bcsstk26,1922,30336,0.8212049319939666,92530,92530,92530,92530,0.0,,0.049999999999954525,0.2400000000000091,0.05200000000002092,0.1129999999999427,0.34199999999998454,0.695,,,,,1.031,1.11,0.574,,"{('cu', 'start'): 586.636, ('cu', 'h2dmalloc'): 586.686, ('cu', 'h2d'): 586.706, ('cu', 'workest'): 586.756, ('cu', 'compute'): 586.996, ('cu', 'copy'): 587.048, ('cu', 'pack'): 587.114, ('cu', 'd2h'): 587.227, ('gust', 'start'): 587.342, ('gust', 'h2d'): 587.411, ('gust', 'count'): 587.43, ('gust', 'scan'): 587.465, ('gust', 'expand'): 587.583, ('gust', 'sort'): 587.83, ('gust', 'reduce'): 587.984, ('gust', 'final'): 588.249, ('gust', 'pack'): 588.265, ('gust', 'd2h'): 588.302, ('merge', 'start'): 588.383, ('merge', 'h2d'): 588.454, ('merge', 'count'): 588.473, ('merge', 'scan'): 588.506, ('merge', 'expand'): 588.683, ('merge', 'merge'): 589.115, ('merge', 'final'): 589.253, ('merge', 'compact'): 589.372, ('merge', 'pack'): 589.389, ('merge', 'd2h'): 589.425, ('mrg2', 'start'): 589.503, ('mrg2', 'h2d'): 589.571, ('mrg2', 'count'): 589.59, ('mrg2', 'scan'): 589.621, ('mrg2', 'merge'): 589.801, ('mrg2', 'final'): 589.833, ('mrg2', 'compact'): 589.952, ('mrg2', 'pack'): 589.968, ('mrg2', 'd2h'): 590.008}",0.4997869255021214
Highly sparse,bcsstk33,8738,591904,0.775223972597465,2569536,2569536,2569536,2569536,0.0,,0.15899999999999181,2.2799999999999727,0.17000000000007276,1.3770000000000664,2.6090000000000373,4.449,,,,,10.342,21.807,4.619,,"{('cu', 'start'): 746.755, ('cu', 'h2dmalloc'): 746.812, ('cu', 'h2d'): 747.0, ('cu', 'workest'): 747.159, ('cu', 'compute'): 749.439, ('cu', 'copy'): 749.609, ('cu', 'pack'): 749.699, ('cu', 'd2h'): 751.076, ('gust', 'start'): 751.214, ('gust', 'h2d'): 752.454, ('gust', 'count'): 752.535, ('gust', 'scan'): 752.577, ('gust', 'expand'): 753.272, ('gust', 'sort'): 758.841, ('gust', 'reduce'): 759.407, ('gust', 'final'): 760.403, ('gust', 'pack'): 760.476, ('gust', 'd2h'): 761.233, ('merge', 'start'): 761.567, ('merge', 'h2d'): 762.163, ('merge', 'count'): 762.266, ('merge', 'scan'): 762.307, ('merge', 'expand'): 764.565, ('merge', 'merge'): 781.559, ('merge', 'final'): 781.864, ('merge', 'compact'): 782.205, ('merge', 'pack'): 782.274, ('merge', 'd2h'): 783.033, ('mrg2', 'start'): 783.384, ('mrg2', 'h2d'): 783.994, ('mrg2', 'count'): 784.095, ('mrg2', 'scan'): 784.137, ('mrg2', 'merge'): 786.44, ('mrg2', 'final'): 786.478, ('mrg2', 'compact'): 786.838, ('mrg2', 'pack'): 786.912, ('mrg2', 'd2h'): 787.674}",32.55811694543809
Highly sparse,bcsstm04,132,132,0.7575757575757576,132,132,132,132,0.0,,0.05700000000001637,0.1490000000000009,0.04899999999997817,0.024999999999977263,0.25499999999999545,0.464,,,,,0.389,0.337,0.302,,"{('cu', 'start'): 613.384, ('cu', 'h2dmalloc'): 613.457, ('cu', 'h2d'): 613.472, ('cu', 'workest'): 613.529, ('cu', 'compute'): 613.678, ('cu', 'copy'): 613.727, ('cu', 'pack'): 613.746, ('cu', 'd2h'): 613.771, ('gust', 'start'): 613.865, ('gust', 'h2d'): 613.94, ('gust', 'count'): 613.959, ('gust', 'scan'): 613.997, ('gust', 'expand'): 614.015, ('gust', 'sort'): 614.059, ('gust', 'reduce'): 614.095, ('gust', 'final'): 614.145, ('gust', 'pack'): 614.162, ('gust', 'd2h'): 614.171, ('merge', 'start'): 614.266, ('merge', 'h2d'): 614.339, ('merge', 'count'): 614.357, ('merge', 'scan'): 614.392, ('merge', 'expand'): 614.418, ('merge', 'merge'): 614.436, ('merge', 'final'): 614.473, ('merge', 'compact'): 614.496, ('merge', 'pack'): 614.514, ('merge', 'd2h'): 614.523, ('mrg2', 'start'): 614.615, ('mrg2', 'h2d'): 614.686, ('mrg2', 'count'): 614.703, ('mrg2', 'scan'): 614.737, ('mrg2', 'merge'): 614.757, ('mrg2', 'final'): 614.792, ('mrg2', 'compact'): 614.813, ('mrg2', 'pack'): 614.83, ('mrg2', 'd2h'): 614.838}",0.0398370902985334
Highly sparse,bcsstk15,3948,117816,0.7558750073139261,527688,527688,527688,527688,0.0,,0.1029999999999518,0.7119999999999891,0.1550000000000864,0.44000000000005457,0.9700000000000273,1.692,,,,,2.056,2.696,1.242,,"{('cu', 'start'): 615.406, ('cu', 'h2dmalloc'): 615.458, ('cu', 'h2d'): 615.504, ('cu', 'workest'): 615.607, ('cu', 'compute'): 616.319, ('cu', 'copy'): 616.474, ('cu', 'pack'): 616.54, ('cu', 'd2h'): 616.98, ('gust', 'start'): 617.109, ('gust', 'h2d'): 617.206, ('gust', 'count'): 617.227, ('gust', 'scan'): 617.262, ('gust', 'expand'): 617.416, ('gust', 'sort'): 618.092, ('gust', 'reduce'): 618.259, ('gust', 'final'): 618.675, ('gust', 'pack'): 618.748, ('gust', 'd2h'): 618.943, ('merge', 'start'): 619.175, ('merge', 'h2d'): 619.271, ('merge', 'count'): 619.301, ('merge', 'scan'): 619.335, ('merge', 'expand'): 619.677, ('merge', 'merge'): 620.998, ('merge', 'final'): 621.154, ('merge', 'compact'): 621.387, ('merge', 'pack'): 621.455, ('merge', 'd2h'): 621.651, ('mrg2', 'start'): 621.881, ('mrg2', 'h2d'): 621.976, ('mrg2', 'count'): 622.008, ('mrg2', 'scan'): 622.041, ('mrg2', 'merge'): 622.383, ('mrg2', 'final'): 622.415, ('mrg2', 'compact'): 622.639, ('mrg2', 'pack'): 622.71, ('mrg2', 'd2h'): 622.905}",3.420804045163095
Highly sparse,bcsstm22,138,138,0.7246376811594203,138,138,138,138,0.0,,0.047000000000025466,0.15200000000004366,0.043000000000006366,0.024999999999977263,0.2420000000000755,0.406,,,,,0.338,0.286,0.273,,"{('cu', 'start'): 569.292, ('cu', 'h2dmalloc'): 569.342, ('cu', 'h2d'): 569.353, ('cu', 'workest'): 569.4, ('cu', 'compute'): 569.552, ('cu', 'copy'): 569.595, ('cu', 'pack'): 569.61, ('cu', 'd2h'): 569.635, ('gust', 'start'): 569.707, ('gust', 'h2d'): 569.767, ('gust', 'count'): 569.782, ('gust', 'scan'): 569.817, ('gust', 'expand'): 569.832, ('gust', 'sort'): 569.873, ('gust', 'reduce'): 569.904, ('gust', 'final'): 569.95, ('gust', 'pack'): 569.963, ('gust', 'd2h'): 569.975, ('merge', 'start'): 570.053, ('merge', 'h2d'): 570.111, ('merge', 'count'): 570.126, ('merge', 'scan'): 570.159, ('merge', 'expand'): 570.175, ('merge', 'merge'): 570.194, ('merge', 'final'): 570.229, ('merge', 'compact'): 570.249, ('merge', 'pack'): 570.263, ('merge', 'd2h'): 570.27, ('mrg2', 'start'): 570.346, ('mrg2', 'h2d'): 570.403, ('mrg2', 'count'): 570.418, ('mrg2', 'scan'): 570.451, ('mrg2', 'merge'): 570.474, ('mrg2', 'final'): 570.504, ('mrg2', 'compact'): 570.524, ('mrg2', 'pack'): 570.541, ('mrg2', 'd2h'): 570.55}",0.050331000238657
Highly sparse,bp_1600,822,4841,0.7164591732229859,23625,23625,23625,23625,0.0,,0.05099999999993088,0.1690000000000964,0.05299999999999727,0.03300000000001546,0.27300000000002456,0.459,,,,,0.528,17.178,1.563,,"{('cu', 'start'): 638.452, ('cu', 'h2dmalloc'): 638.508, ('cu', 'h2d'): 638.523, ('cu', 'workest'): 638.574, ('cu', 'compute'): 638.743, ('cu', 'copy'): 638.796, ('cu', 'pack'): 638.813, ('cu', 'd2h'): 638.846, ('gust', 'start'): 638.929, ('gust', 'h2d'): 638.997, ('gust', 'count'): 639.029, ('gust', 'scan'): 639.067, ('gust', 'expand'): 639.121, ('gust', 'sort'): 639.248, ('gust', 'reduce'): 639.291, ('gust', 'final'): 639.347, ('gust', 'pack'): 639.365, ('gust', 'd2h'): 639.381, ('merge', 'start'): 639.47, ('merge', 'h2d'): 639.538, ('merge', 'count'): 639.57, ('merge', 'scan'): 639.605, ('merge', 'expand'): 639.853, ('merge', 'merge'): 656.462, ('merge', 'final'): 656.508, ('merge', 'compact'): 656.534, ('merge', 'pack'): 656.552, ('merge', 'd2h'): 656.568, ('mrg2', 'start'): 656.661, ('mrg2', 'h2d'): 656.731, ('mrg2', 'count'): 656.762, ('mrg2', 'scan'): 656.797, ('mrg2', 'merge'): 658.049, ('mrg2', 'final'): 658.087, ('mrg2', 'compact'): 658.112, ('mrg2', 'pack'): 658.13, ('mrg2', 'd2h'): 658.147}",0.0710559543222189
Highly sparse,bp_1400,822,4790,0.7089112662132002,23154,23154,23154,23154,0.0,,0.05200000000002092,0.15699999999992542,0.04600000000004911,0.029999999999972715,0.25499999999999545,0.443,,,,,0.5,17.491,1.51,,"{('cu', 'start'): 623.928, ('cu', 'h2dmalloc'): 623.994, ('cu', 'h2d'): 624.009, ('cu', 'workest'): 624.061, ('cu', 'compute'): 624.218, ('cu', 'copy'): 624.264, ('cu', 'pack'): 624.278, ('cu', 'd2h'): 624.308, ('gust', 'start'): 624.383, ('gust', 'h2d'): 624.459, ('gust', 'count'): 624.488, ('gust', 'scan'): 624.521, ('gust', 'expand'): 624.57, ('gust', 'sort'): 624.692, ('gust', 'reduce'): 624.728, ('gust', 'final'): 624.782, ('gust', 'pack'): 624.796, ('gust', 'd2h'): 624.81, ('merge', 'start'): 624.893, ('merge', 'h2d'): 624.966, ('merge', 'count'): 624.995, ('merge', 'scan'): 625.026, ('merge', 'expand'): 625.27, ('merge', 'merge'): 642.228, ('merge', 'final'): 642.263, ('merge', 'compact'): 642.283, ('merge', 'pack'): 642.296, ('merge', 'd2h'): 642.31, ('mrg2', 'start'): 642.392, ('mrg2', 'h2d'): 642.466, ('mrg2', 'count'): 642.495, ('mrg2', 'scan'): 642.526, ('mrg2', 'merge'): 643.75, ('mrg2', 'final'): 643.782, ('mrg2', 'compact'): 643.803, ('mrg2', 'pack'): 643.816, ('mrg2', 'd2h'): 643.83}",0.0921490136533975
Highly sparse,bp_1200,822,4726,0.6994393829068026,22313,22313,22313,22313,0.0,,0.05199999999990723,0.17000000000007276,0.047000000000025466,0.03099999999994907,0.26900000000000546,0.441,,,,,0.482,17.724,1.518,,"{('cu', 'start'): 631.521, ('cu', 'h2dmalloc'): 631.572, ('cu', 'h2d'): 631.585, ('cu', 'workest'): 631.637, ('cu', 'compute'): 631.807, ('cu', 'copy'): 631.854, ('cu', 'pack'): 631.874, ('cu', 'd2h'): 631.905, ('gust', 'start'): 631.972, ('gust', 'h2d'): 632.034, ('gust', 'count'): 632.062, ('gust', 'scan'): 632.096, ('gust', 'expand'): 632.146, ('gust', 'sort'): 632.269, ('gust', 'reduce'): 632.304, ('gust', 'final'): 632.356, ('gust', 'pack'): 632.372, ('gust', 'd2h'): 632.388, ('merge', 'start'): 632.463, ('merge', 'h2d'): 632.523, ('merge', 'count'): 632.552, ('merge', 'scan'): 632.584, ('merge', 'expand'): 632.828, ('merge', 'merge'): 650.034, ('merge', 'final'): 650.07, ('merge', 'compact'): 650.093, ('merge', 'pack'): 650.108, ('merge', 'd2h'): 650.124, ('mrg2', 'start'): 650.196, ('mrg2', 'h2d'): 650.255, ('mrg2', 'count'): 650.283, ('mrg2', 'scan'): 650.315, ('mrg2', 'merge'): 651.565, ('mrg2', 'final'): 651.596, ('mrg2', 'compact'): 651.617, ('mrg2', 'pack'): 651.633, ('mrg2', 'd2h'): 651.649}",0.0800549751147627
Highly sparse,685_bus,685,3249,0.6924183494059353,9337,9337,9337,9337,0.0,,0.04899999999997817,0.14599999999995816,0.04500000000007276,0.028999999999996362,0.2400000000000091,0.411,,,,,0.417,0.354,0.29,,"{('cu', 'start'): 566.725, ('cu', 'h2dmalloc'): 566.779, ('cu', 'h2d'): 566.792, ('cu', 'workest'): 566.841, ('cu', 'compute'): 566.987, ('cu', 'copy'): 567.032, ('cu', 'pack'): 567.046, ('cu', 'd2h'): 567.075, ('gust', 'start'): 567.147, ('gust', 'h2d'): 567.207, ('gust', 'count'): 567.224, ('gust', 'scan'): 567.257, ('gust', 'expand'): 567.276, ('gust', 'sort'): 567.386, ('gust', 'reduce'): 567.421, ('gust', 'final'): 567.467, ('gust', 'pack'): 567.481, ('gust', 'd2h'): 567.494, ('merge', 'start'): 567.572, ('merge', 'h2d'): 567.631, ('merge', 'count'): 567.647, ('merge', 'scan'): 567.677, ('merge', 'expand'): 567.704, ('merge', 'merge'): 567.777, ('merge', 'final'): 567.809, ('merge', 'compact'): 567.831, ('merge', 'pack'): 567.845, ('merge', 'd2h'): 567.858, ('mrg2', 'start'): 567.934, ('mrg2', 'h2d'): 567.992, ('mrg2', 'count'): 568.008, ('mrg2', 'scan'): 568.038, ('mrg2', 'merge'): 568.078, ('mrg2', 'final'): 568.107, ('mrg2', 'compact'): 568.127, ('mrg2', 'pack'): 568.14, ('mrg2', 'd2h'): 568.152}",0.0861149746924638
Highly sparse,bp_1000,822,4661,0.6898195014237425,21373,21373,21373,21373,0.0,,0.049999999999954525,0.16200000000003456,0.04500000000007276,0.027000000000043656,0.25700000000006185,0.421,,,,,0.48,17.416,1.493,,"{('cu', 'start'): 643.097, ('cu', 'h2dmalloc'): 643.147, ('cu', 'h2d'): 643.159, ('cu', 'workest'): 643.209, ('cu', 'compute'): 643.371, ('cu', 'copy'): 643.416, ('cu', 'pack'): 643.43, ('cu', 'd2h'): 643.457, ('gust', 'start'): 643.528, ('gust', 'h2d'): 643.592, ('gust', 'count'): 643.62, ('gust', 'scan'): 643.653, ('gust', 'expand'): 643.707, ('gust', 'sort'): 643.827, ('gust', 'reduce'): 643.862, ('gust', 'final'): 643.91, ('gust', 'pack'): 643.923, ('gust', 'd2h'): 643.938, ('merge', 'start'): 644.017, ('merge', 'h2d'): 644.077, ('merge', 'count'): 644.105, ('merge', 'scan'): 644.135, ('merge', 'expand'): 644.374, ('merge', 'merge'): 661.259, ('merge', 'final'): 661.304, ('merge', 'compact'): 661.325, ('merge', 'pack'): 661.338, ('merge', 'd2h'): 661.352, ('mrg2', 'start'): 661.444, ('mrg2', 'h2d'): 661.511, ('mrg2', 'count'): 661.54, ('mrg2', 'scan'): 661.569, ('mrg2', 'merge'): 662.788, ('mrg2', 'final'): 662.82, ('mrg2', 'compact'): 662.839, ('mrg2', 'pack'): 662.852, ('mrg2', 'd2h'): 662.866}",0.0802139984443783
Highly sparse,494_bus,494,1666,0.6826861610582045,4062,4062,4062,4062,0.0,,0.05400000000008731,0.1409999999999627,0.043000000000006366,0.02299999999991087,0.2380000000000564,0.394,,,,,0.395,0.326,0.272,,"{('cu', 'start'): 583.107, ('cu', 'h2dmalloc'): 583.157, ('cu', 'h2d'): 583.17, ('cu', 'workest'): 583.224, ('cu', 'compute'): 583.365, ('cu', 'copy'): 583.408, ('cu', 'pack'): 583.421, ('cu', 'd2h'): 583.444, ('gust', 'start'): 583.51, ('gust', 'h2d'): 583.571, ('gust', 'count'): 583.588, ('gust', 'scan'): 583.619, ('gust', 'expand'): 583.637, ('gust', 'sort'): 583.74, ('gust', 'reduce'): 583.774, ('gust', 'final'): 583.82, ('gust', 'pack'): 583.832, ('gust', 'd2h'): 583.842, ('merge', 'start'): 583.914, ('merge', 'h2d'): 583.973, ('merge', 'count'): 583.996, ('merge', 'scan'): 584.033, ('merge', 'expand'): 584.058, ('merge', 'merge'): 584.103, ('merge', 'final'): 584.134, ('merge', 'compact'): 584.155, ('merge', 'pack'): 584.168, ('merge', 'd2h'): 584.177, ('mrg2', 'start'): 584.25, ('mrg2', 'h2d'): 584.31, ('mrg2', 'count'): 584.326, ('mrg2', 'scan'): 584.356, ('mrg2', 'merge'): 584.393, ('mrg2', 'final'): 584.42, ('mrg2', 'compact'): 584.439, ('mrg2', 'pack'): 584.452, ('mrg2', 'd2h'): 584.46}",0.0661000376567244
Highly sparse,bp_800,822,4534,0.6710237329876096,20224,20224,20224,20224,0.0,,0.06100000000003547,0.19700000000000273,0.05600000000004002,0.03600000000005821,0.3140000000000782,0.54,,,,,0.583,16.881,1.553,,"{('cu', 'start'): 756.04, ('cu', 'h2dmalloc'): 756.111, ('cu', 'h2d'): 756.127, ('cu', 'workest'): 756.188, ('cu', 'compute'): 756.385, ('cu', 'copy'): 756.441, ('cu', 'pack'): 756.458, ('cu', 'd2h'): 756.494, ('gust', 'start'): 756.595, ('gust', 'h2d'): 756.676, ('gust', 'count'): 756.705, ('gust', 'scan'): 756.747, ('gust', 'expand'): 756.798, ('gust', 'sort'): 756.924, ('gust', 'reduce'): 756.965, ('gust', 'final'): 757.033, ('gust', 'pack'): 757.052, ('gust', 'd2h'): 757.075, ('merge', 'start'): 757.19, ('merge', 'h2d'): 757.271, ('merge', 'count'): 757.301, ('merge', 'scan'): 757.341, ('merge', 'expand'): 757.575, ('merge', 'merge'): 773.82, ('merge', 'final'): 773.875, ('merge', 'compact'): 773.898, ('merge', 'pack'): 773.916, ('merge', 'd2h'): 773.938, ('mrg2', 'start'): 774.086, ('mrg2', 'h2d'): 774.182, ('mrg2', 'count'): 774.211, ('mrg2', 'scan'): 774.252, ('mrg2', 'merge'): 775.443, ('mrg2', 'final'): 775.48, ('mrg2', 'compact'): 775.502, ('mrg2', 'pack'): 775.52, ('mrg2', 'd2h'): 775.542}",0.0803678994998335
Highly sparse,bcsstm05,153,153,0.6535947712418301,153,153,153,153,0.0,,0.05899999999996908,0.15300000000002,0.05200000000002092,0.02400000000000091,0.26400000000001,0.471,,,,,0.421,0.35,0.337,,"{('cu', 'start'): 678.388, ('cu', 'h2dmalloc'): 678.452, ('cu', 'h2d'): 678.465, ('cu', 'workest'): 678.524, ('cu', 'compute'): 678.677, ('cu', 'copy'): 678.729, ('cu', 'pack'): 678.748, ('cu', 'd2h'): 678.772, ('gust', 'start'): 678.886, ('gust', 'h2d'): 678.967, ('gust', 'count'): 678.986, ('gust', 'scan'): 679.026, ('gust', 'expand'): 679.046, ('gust', 'sort'): 679.091, ('gust', 'reduce'): 679.13, ('gust', 'final'): 679.183, ('gust', 'pack'): 679.201, ('gust', 'd2h'): 679.211, ('merge', 'start'): 679.317, ('merge', 'h2d'): 679.392, ('merge', 'count'): 679.408, ('merge', 'scan'): 679.445, ('merge', 'expand'): 679.463, ('merge', 'merge'): 679.485, ('merge', 'final'): 679.524, ('merge', 'compact'): 679.548, ('merge', 'pack'): 679.566, ('merge', 'd2h'): 679.575, ('mrg2', 'start'): 679.677, ('mrg2', 'h2d'): 679.749, ('mrg2', 'count'): 679.767, ('mrg2', 'scan'): 679.805, ('mrg2', 'merge'): 679.825, ('mrg2', 'final'): 679.859, ('mrg2', 'compact'): 679.89, ('mrg2', 'pack'): 679.909, ('mrg2', 'd2h'): 679.92}",0.0512499827891588
Highly sparse,bp_600,822,4172,0.6174483930357978,16464,16464,16464,16464,0.0,,0.07100000000002638,0.20499999999992724,0.06200000000001182,0.03700000000003456,0.33799999999996544,0.6,,,,,0.6,16.427,1.572,,"{('cu', 'start'): 733.606, ('cu', 'h2dmalloc'): 733.679, ('cu', 'h2d'): 733.696, ('cu', 'workest'): 733.767, ('cu', 'compute'): 733.972, ('cu', 'copy'): 734.034, ('cu', 'pack'): 734.058, ('cu', 'd2h'): 734.095, ('gust', 'start'): 734.223, ('gust', 'h2d'): 734.312, ('gust', 'count'): 734.345, ('gust', 'scan'): 734.389, ('gust', 'expand'): 734.438, ('gust', 'sort'): 734.562, ('gust', 'reduce'): 734.612, ('gust', 'final'): 734.673, ('gust', 'pack'): 734.696, ('gust', 'd2h'): 734.717, ('merge', 'start'): 734.838, ('merge', 'h2d'): 734.925, ('merge', 'count'): 734.959, ('merge', 'scan'): 735.003, ('merge', 'expand'): 735.225, ('merge', 'merge'): 751.026, ('merge', 'final'): 751.075, ('merge', 'compact'): 751.108, ('merge', 'pack'): 751.134, ('merge', 'd2h'): 751.155, ('mrg2', 'start'): 751.278, ('mrg2', 'h2d'): 751.369, ('mrg2', 'count'): 751.404, ('mrg2', 'scan'): 751.447, ('mrg2', 'merge'): 752.625, ('mrg2', 'final'): 752.671, ('mrg2', 'compact'): 752.699, ('mrg2', 'pack'): 752.721, ('mrg2', 'd2h'): 752.742}",0.0920599559321999
Highly sparse,bp_400,822,4028,0.596136655596403,15238,15238,15238,15238,0.0,,0.055000000000063665,0.17999999999994998,0.051000000000044565,0.03599999999994452,0.2860000000000582,0.498,,,,,0.566,15.279,1.452,,"{('cu', 'start'): 718.865, ('cu', 'h2dmalloc'): 718.929, ('cu', 'h2d'): 718.944, ('cu', 'workest'): 718.999, ('cu', 'compute'): 719.179, ('cu', 'copy'): 719.23, ('cu', 'pack'): 719.249, ('cu', 'd2h'): 719.285, ('gust', 'start'): 719.379, ('gust', 'h2d'): 719.457, ('gust', 'count'): 719.486, ('gust', 'scan'): 719.523, ('gust', 'expand'): 719.565, ('gust', 'sort'): 719.691, ('gust', 'reduce'): 719.731, ('gust', 'final'): 719.812, ('gust', 'pack'): 719.832, ('gust', 'd2h'): 719.85, ('merge', 'start'): 719.972, ('merge', 'h2d'): 720.087, ('merge', 'count'): 720.127, ('merge', 'scan'): 720.175, ('merge', 'expand'): 720.388, ('merge', 'merge'): 735.013, ('merge', 'final'): 735.067, ('merge', 'compact'): 735.092, ('merge', 'pack'): 735.109, ('merge', 'd2h'): 735.128, ('mrg2', 'start'): 735.268, ('mrg2', 'h2d'): 735.364, ('mrg2', 'count'): 735.394, ('mrg2', 'scan'): 735.432, ('mrg2', 'merge'): 736.537, ('mrg2', 'final'): 736.57, ('mrg2', 'compact'): 736.593, ('mrg2', 'pack'): 736.609, ('mrg2', 'd2h'): 736.627}",0.0714239431545138
Highly sparse,662_bus,662,2474,0.5645256980129791,6480,6480,6480,6480,0.0,,0.05200000000002092,0.15699999999992542,0.04500000000007276,0.027000000000043656,0.2540000000000191,0.428,,,,,0.432,0.336,0.302,,"{('cu', 'start'): 564.306, ('cu', 'h2dmalloc'): 564.355, ('cu', 'h2d'): 564.37, ('cu', 'workest'): 564.422, ('cu', 'compute'): 564.579, ('cu', 'copy'): 564.624, ('cu', 'pack'): 564.639, ('cu', 'd2h'): 564.666, ('gust', 'start'): 564.746, ('gust', 'h2d'): 564.818, ('gust', 'count'): 564.836, ('gust', 'scan'): 564.87, ('gust', 'expand'): 564.888, ('gust', 'sort'): 564.998, ('gust', 'reduce'): 565.033, ('gust', 'final'): 565.077, ('gust', 'pack'): 565.091, ('gust', 'd2h'): 565.104, ('merge', 'start'): 565.187, ('merge', 'h2d'): 565.254, ('merge', 'count'): 565.272, ('merge', 'scan'): 565.303, ('merge', 'expand'): 565.326, ('merge', 'merge'): 565.376, ('merge', 'final'): 565.409, ('merge', 'compact'): 565.429, ('merge', 'pack'): 565.443, ('merge', 'd2h'): 565.454, ('mrg2', 'start'): 565.532, ('mrg2', 'h2d'): 565.606, ('mrg2', 'count'): 565.624, ('mrg2', 'scan'): 565.656, ('mrg2', 'merge'): 565.69, ('mrg2', 'final'): 565.719, ('mrg2', 'compact'): 565.738, ('mrg2', 'pack'): 565.752, ('mrg2', 'd2h'): 565.763}",0.0628259731456637
Highly sparse,bp_200,822,3802,0.5626890676706863,13197,13197,13197,13197,0.0,,0.07200000000000273,0.18200000000001637,0.06100000000003547,0.03200000000003911,0.31500000000005457,0.542,,,,,0.589,13.856,1.304,,"{('cu', 'start'): 734.121, ('cu', 'h2dmalloc'): 734.187, ('cu', 'h2d'): 734.203, ('cu', 'workest'): 734.275, ('cu', 'compute'): 734.457, ('cu', 'copy'): 734.518, ('cu', 'pack'): 734.539, ('cu', 'd2h'): 734.571, ('gust', 'start'): 734.678, ('gust', 'h2d'): 734.756, ('gust', 'count'): 734.786, ('gust', 'scan'): 734.839, ('gust', 'expand'): 734.885, ('gust', 'sort'): 735.014, ('gust', 'reduce'): 735.063, ('gust', 'final'): 735.125, ('gust', 'pack'): 735.147, ('gust', 'd2h'): 735.167, ('merge', 'start'): 735.279, ('merge', 'h2d'): 735.357, ('merge', 'count'): 735.387, ('merge', 'scan'): 735.429, ('merge', 'expand'): 735.62, ('merge', 'merge'): 748.92, ('merge', 'final'): 748.965, ('merge', 'compact'): 748.99, ('merge', 'pack'): 749.01, ('merge', 'd2h'): 749.029, ('mrg2', 'start'): 749.147, ('mrg2', 'h2d'): 749.228, ('mrg2', 'count'): 749.259, ('mrg2', 'scan'): 749.301, ('mrg2', 'merge'): 750.253, ('mrg2', 'final'): 750.291, ('mrg2', 'compact'): 750.315, ('mrg2', 'pack'): 750.337, ('mrg2', 'd2h'): 750.356}",0.0917590223252773
Highly sparse,bcsstm13,2003,21943,0.5469329704893483,90811,90811,90811,90811,0.0,,0.05000000000006821,0.31599999999991724,0.051000000000044565,0.10900000000003729,0.41700000000003,0.666,,,,,1.061,2.732,0.773,,"{('cu', 'start'): 584.351, ('cu', 'h2dmalloc'): 584.401, ('cu', 'h2d'): 584.42, ('cu', 'workest'): 584.47, ('cu', 'compute'): 584.786, ('cu', 'copy'): 584.837, ('cu', 'pack'): 584.851, ('cu', 'd2h'): 584.96, ('gust', 'start'): 585.028, ('gust', 'h2d'): 585.095, ('gust', 'count'): 585.114, ('gust', 'scan'): 585.147, ('gust', 'expand'): 585.276, ('gust', 'sort'): 585.565, ('gust', 'reduce'): 585.709, ('gust', 'final'): 585.969, ('gust', 'pack'): 585.985, ('gust', 'd2h'): 586.019, ('merge', 'start'): 586.099, ('merge', 'h2d'): 586.167, ('merge', 'count'): 586.187, ('merge', 'scan'): 586.219, ('merge', 'expand'): 586.602, ('merge', 'merge'): 588.451, ('merge', 'final'): 588.594, ('merge', 'compact'): 588.713, ('merge', 'pack'): 588.73, ('merge', 'd2h'): 588.764, ('mrg2', 'start'): 588.84, ('mrg2', 'h2d'): 588.909, ('mrg2', 'count'): 588.929, ('mrg2', 'scan'): 588.961, ('mrg2', 'merge'): 589.337, ('mrg2', 'final'): 589.369, ('mrg2', 'compact'): 589.497, ('mrg2', 'pack'): 589.514, ('mrg2', 'd2h'): 589.548}",0.5182409659028053
Highly sparse,bp_0,822,3276,0.4848420267462305,9384,9384,9384,9384,0.0,,0.04900000000009186,0.16499999999996362,0.04800000000000182,0.03200000000003911,0.2620000000000573,0.449,,,,,0.457,11.209,1.126,,"{('cu', 'start'): 617.335, ('cu', 'h2dmalloc'): 617.387, ('cu', 'h2d'): 617.401, ('cu', 'workest'): 617.45, ('cu', 'compute'): 617.615, ('cu', 'copy'): 617.663, ('cu', 'pack'): 617.685, ('cu', 'd2h'): 617.717, ('gust', 'start'): 617.797, ('gust', 'h2d'): 617.861, ('gust', 'count'): 617.888, ('gust', 'scan'): 617.924, ('gust', 'expand'): 617.962, ('gust', 'sort'): 618.07, ('gust', 'reduce'): 618.106, ('gust', 'final'): 618.156, ('gust', 'pack'): 618.172, ('gust', 'd2h'): 618.182, ('merge', 'start'): 618.264, ('merge', 'h2d'): 618.345, ('merge', 'count'): 618.378, ('merge', 'scan'): 618.415, ('merge', 'expand'): 618.568, ('merge', 'merge'): 629.282, ('merge', 'final'): 629.329, ('merge', 'compact'): 629.353, ('merge', 'pack'): 629.372, ('merge', 'd2h'): 629.383, ('mrg2', 'start'): 629.484, ('mrg2', 'h2d'): 629.558, ('mrg2', 'count'): 629.585, ('mrg2', 'scan'): 629.62, ('mrg2', 'merge'): 630.453, ('mrg2', 'final'): 630.485, ('mrg2', 'compact'): 630.509, ('mrg2', 'pack'): 630.525, ('mrg2', 'd2h'): 630.537}",0.0923200277611613
Highly sparse,bcsstk23,3134,45178,0.45996948062076437,220632,220632,220632,220632,0.0,,0.06200000000001182,0.2859999999999445,0.11099999999999,0.2099999999999227,0.45899999999994634,0.949,,,,,1.494,1.676,0.857,,"{('cu', 'start'): 604.665, ('cu', 'h2dmalloc'): 604.722, ('cu', 'h2d'): 604.75, ('cu', 'workest'): 604.812, ('cu', 'compute'): 605.098, ('cu', 'copy'): 605.209, ('cu', 'pack'): 605.287, ('cu', 'd2h'): 605.497, ('gust', 'start'): 605.633, ('gust', 'h2d'): 605.715, ('gust', 'count'): 605.737, ('gust', 'scan'): 605.776, ('gust', 'expand'): 605.905, ('gust', 'sort'): 606.195, ('gust', 'reduce'): 606.351, ('gust', 'final'): 606.726, ('gust', 'pack'): 606.818, ('gust', 'd2h'): 606.903, ('merge', 'start'): 607.139, ('merge', 'h2d'): 607.23, ('merge', 'count'): 607.254, ('merge', 'scan'): 607.297, ('merge', 'expand'): 607.525, ('merge', 'merge'): 608.188, ('merge', 'final'): 608.334, ('merge', 'compact'): 608.506, ('merge', 'pack'): 608.567, ('merge', 'd2h'): 608.651, ('mrg2', 'start'): 608.826, ('mrg2', 'h2d'): 608.9, ('mrg2', 'count'): 608.919, ('mrg2', 'scan'): 608.955, ('mrg2', 'merge'): 609.163, ('mrg2', 'final'): 609.201, ('mrg2', 'compact'): 609.369, ('mrg2', 'pack'): 609.431, ('mrg2', 'd2h'): 609.514}",1.7978629330173137
Highly sparse,bcsstk17,10974,428650,0.35593682023042417,1406936,1406936,1406936,1406936,0.0,,0.18100000000004002,1.8500000000000227,0.18999999999994088,1.44399999999996,2.2210000000000036,4.261,,,,,6.05,11.532,3.163,,"{('cu', 'start'): 826.437, ('cu', 'h2dmalloc'): 826.524, ('cu', 'h2d'): 826.776, ('cu', 'workest'): 826.957, ('cu', 'compute'): 828.807, ('cu', 'copy'): 828.997, ('cu', 'pack'): 829.09, ('cu', 'd2h'): 830.534, ('gust', 'start'): 830.716, ('gust', 'h2d'): 831.113, ('gust', 'count'): 831.207, ('gust', 'scan'): 831.256, ('gust', 'expand'): 831.576, ('gust', 'sort'): 834.237, ('gust', 'reduce'): 834.617, ('gust', 'final'): 835.324, ('gust', 'pack'): 835.435, ('gust', 'd2h'): 836.332, ('merge', 'start'): 836.782, ('merge', 'h2d'): 837.125, ('merge', 'count'): 837.223, ('merge', 'scan'): 837.272, ('merge', 'expand'): 838.505, ('merge', 'merge'): 846.24, ('merge', 'final'): 846.529, ('merge', 'compact'): 846.907, ('merge', 'pack'): 846.993, ('merge', 'd2h'): 847.891, ('mrg2', 'start'): 848.331, ('mrg2', 'h2d'): 848.667, ('mrg2', 'count'): 848.763, ('mrg2', 'scan'): 848.811, ('mrg2', 'merge'): 849.719, ('mrg2', 'final'): 849.763, ('mrg2', 'compact'): 850.103, ('mrg2', 'pack'): 850.19, ('mrg2', 'd2h'): 851.086}",63.18029493559152
Highly sparse,blckhole,2132,14872,0.3271861986912552,41546,41546,41546,41546,0.0,,0.05299999999999727,0.20500000000004093,0.04899999999997817,0.09299999999996089,0.30700000000001637,0.554,,,,,0.677,0.58,0.355,,"{('cu', 'start'): 570.009, ('cu', 'h2dmalloc'): 570.074, ('cu', 'h2d'): 570.092, ('cu', 'workest'): 570.145, ('cu', 'compute'): 570.35, ('cu', 'copy'): 570.399, ('cu', 'pack'): 570.413, ('cu', 'd2h'): 570.506, ('gust', 'start'): 570.575, ('gust', 'h2d'): 570.653, ('gust', 'count'): 570.672, ('gust', 'scan'): 570.706, ('gust', 'expand'): 570.73, ('gust', 'sort'): 570.96, ('gust', 'reduce'): 571.045, ('gust', 'final'): 571.097, ('gust', 'pack'): 571.112, ('gust', 'd2h'): 571.133, ('merge', 'start'): 571.263, ('merge', 'h2d'): 571.339, ('merge', 'count'): 571.359, ('merge', 'scan'): 571.392, ('merge', 'expand'): 571.428, ('merge', 'merge'): 571.627, ('merge', 'final'): 571.663, ('merge', 'compact'): 571.738, ('merge', 'pack'): 571.754, ('merge', 'd2h'): 571.775, ('mrg2', 'start'): 571.858, ('mrg2', 'h2d'): 571.935, ('mrg2', 'count'): 571.955, ('mrg2', 'scan'): 571.988, ('mrg2', 'merge'): 572.045, ('mrg2', 'final'): 572.074, ('mrg2', 'compact'): 572.097, ('mrg2', 'pack'): 572.111, ('mrg2', 'd2h'): 572.134}",0.594555982388556
Highly sparse,bcsstk29,13992,619488,0.31642683346621986,1965686,1965686,1965686,1965686,0.0,,0.16300000000001091,2.391999999999939,0.1710000000000491,1.1680000000000064,2.725999999999999,4.356,,,,,7.702,11.633,2.962,,"{('cu', 'start'): 827.992, ('cu', 'h2dmalloc'): 828.044, ('cu', 'h2d'): 828.239, ('cu', 'workest'): 828.402, ('cu', 'compute'): 830.794, ('cu', 'copy'): 830.965, ('cu', 'pack'): 831.047, ('cu', 'd2h'): 832.215, ('gust', 'start'): 832.364, ('gust', 'h2d'): 832.716, ('gust', 'count'): 832.806, ('gust', 'scan'): 832.852, ('gust', 'expand'): 833.377, ('gust', 'sort'): 837.682, ('gust', 'reduce'): 838.155, ('gust', 'final'): 839.015, ('gust', 'pack'): 839.118, ('gust', 'd2h'): 839.706, ('merge', 'start'): 840.08, ('merge', 'h2d'): 841.008, ('merge', 'count'): 841.218, ('merge', 'scan'): 841.268, ('merge', 'expand'): 842.848, ('merge', 'merge'): 849.655, ('merge', 'final'): 850.058, ('merge', 'compact'): 850.522, ('merge', 'pack'): 850.703, ('merge', 'd2h'): 851.292, ('mrg2', 'start'): 851.727, ('mrg2', 'h2d'): 851.997, ('mrg2', 'count'): 852.095, ('mrg2', 'scan'): 852.142, ('mrg2', 'merge'): 853.21, ('mrg2', 'final'): 853.252, ('mrg2', 'compact'): 853.641, ('mrg2', 'pack'): 853.744, ('mrg2', 'd2h'): 854.331}",135.95101097598672
Highly sparse,1138_bus,1138,4054,0.31303955695713814,11142,11142,11142,11142,0.0,,0.12999999999999545,0.21299999999996544,0.09100000000000819,0.06600000000003092,0.4339999999999691,0.971,,,,,0.925,0.784,0.662,,"{('cu', 'start'): 685.446, ('cu', 'h2dmalloc'): 685.664, ('cu', 'h2d'): 685.701, ('cu', 'workest'): 685.831, ('cu', 'compute'): 686.044, ('cu', 'copy'): 686.135, ('cu', 'pack'): 686.175, ('cu', 'd2h'): 686.241, ('gust', 'start'): 686.43, ('gust', 'h2d'): 686.612, ('gust', 'count'): 686.651, ('gust', 'scan'): 686.728, ('gust', 'expand'): 686.77, ('gust', 'sort'): 686.919, ('gust', 'reduce'): 686.996, ('gust', 'final'): 687.121, ('gust', 'pack'): 687.158, ('gust', 'd2h'): 687.175, ('merge', 'start'): 687.373, ('merge', 'h2d'): 687.539, ('merge', 'count'): 687.578, ('merge', 'scan'): 687.647, ('merge', 'expand'): 687.697, ('merge', 'merge'): 687.813, ('merge', 'final'): 687.891, ('merge', 'compact'): 687.945, ('merge', 'pack'): 687.981, ('merge', 'd2h'): 687.997, ('mrg2', 'start'): 688.173, ('mrg2', 'h2d'): 688.318, ('mrg2', 'count'): 688.354, ('mrg2', 'scan'): 688.419, ('mrg2', 'merge'): 688.495, ('mrg2', 'final'): 688.569, ('mrg2', 'compact'): 688.621, ('mrg2', 'pack'): 688.658, ('mrg2', 'd2h'): 688.674}",0.1148929586634039
Highly sparse,bcspwr06,1454,5300,0.25069579909522466,14110,14110,14110,14110,0.0,,0.051000000000044565,0.15300000000002,0.04699999999991178,0.02800000000002001,0.25099999999997635,0.421,,,,,0.429,0.369,0.304,,"{('cu', 'start'): 588.857, ('cu', 'h2dmalloc'): 588.906, ('cu', 'h2d'): 588.919, ('cu', 'workest'): 588.97, ('cu', 'compute'): 589.123, ('cu', 'copy'): 589.17, ('cu', 'pack'): 589.185, ('cu', 'd2h'): 589.213, ('gust', 'start'): 589.288, ('gust', 'h2d'): 589.35, ('gust', 'count'): 589.367, ('gust', 'scan'): 589.4, ('gust', 'expand'): 589.42, ('gust', 'sort'): 589.533, ('gust', 'reduce'): 589.568, ('gust', 'final'): 589.615, ('gust', 'pack'): 589.629, ('gust', 'd2h'): 589.644, ('merge', 'start'): 589.725, ('merge', 'h2d'): 589.784, ('merge', 'count'): 589.804, ('merge', 'scan'): 589.834, ('merge', 'expand'): 589.861, ('merge', 'merge'): 589.937, ('merge', 'final'): 589.97, ('merge', 'compact'): 589.992, ('merge', 'pack'): 590.007, ('merge', 'd2h'): 590.026, ('mrg2', 'start'): 590.101, ('mrg2', 'h2d'): 590.161, ('mrg2', 'count'): 590.178, ('mrg2', 'scan'): 590.21, ('mrg2', 'merge'): 590.256, ('mrg2', 'final'): 590.285, ('mrg2', 'compact'): 590.306, ('mrg2', 'pack'): 590.32, ('mrg2', 'd2h'): 590.334}",0.2294660080224275
Highly sparse,bcsstk30,28924,2043492,0.24426218412514641,8946070,8946070,8946070,8946070,0.0,,0.30199999999990723,7.682999999999993,0.2720000000001619,4.738000000000056,8.257000000000062,14.146,,,,,35.26,91.655,15.758,,"{('cu', 'start'): 1198.846, ('cu', 'h2dmalloc'): 1198.914, ('cu', 'h2d'): 1199.788, ('cu', 'workest'): 1200.09, ('cu', 'compute'): 1207.773, ('cu', 'copy'): 1208.045, ('cu', 'pack'): 1208.115, ('cu', 'd2h'): 1212.853, ('gust', 'start'): 1213.007, ('gust', 'h2d'): 1214.5, ('gust', 'count'): 1214.595, ('gust', 'scan'): 1214.638, ('gust', 'expand'): 1216.918, ('gust', 'sort'): 1240.031, ('gust', 'reduce'): 1241.946, ('gust', 'final'): 1244.534, ('gust', 'pack'): 1244.608, ('gust', 'd2h'): 1247.665, ('merge', 'start'): 1248.279, ('merge', 'h2d'): 1249.02, ('merge', 'count'): 1249.131, ('merge', 'scan'): 1249.172, ('merge', 'expand'): 1257.54, ('merge', 'merge'): 1334.692, ('merge', 'final'): 1335.493, ('merge', 'compact'): 1336.269, ('merge', 'pack'): 1336.338, ('merge', 'd2h'): 1339.39, ('mrg2', 'start'): 1339.945, ('mrg2', 'h2d'): 1341.034, ('mrg2', 'count'): 1341.141, ('mrg2', 'scan'): 1341.182, ('mrg2', 'merge'): 1351.044, ('mrg2', 'final'): 1351.084, ('mrg2', 'compact'): 1352.132, ('mrg2', 'pack'): 1352.229, ('mrg2', 'd2h'): 1355.287}",1172.3742940230295
Highly sparse,bcsstm06,420,420,0.2380952380952381,420,420,420,420,0.0,,0.06299999999998818,0.16099999999994452,0.05200000000002092,0.02400000000000091,0.2759999999999536,0.504,,,,,0.422,0.372,0.337,,"{('cu', 'start'): 672.08, ('cu', 'h2dmalloc'): 672.156, ('cu', 'h2d'): 672.172, ('cu', 'workest'): 672.235, ('cu', 'compute'): 672.396, ('cu', 'copy'): 672.448, ('cu', 'pack'): 672.468, ('cu', 'd2h'): 672.492, ('gust', 'start'): 672.6, ('gust', 'h2d'): 672.678, ('gust', 'count'): 672.699, ('gust', 'scan'): 672.739, ('gust', 'expand'): 672.759, ('gust', 'sort'): 672.804, ('gust', 'reduce'): 672.842, ('gust', 'final'): 672.896, ('gust', 'pack'): 672.916, ('gust', 'd2h'): 672.926, ('merge', 'start'): 673.033, ('merge', 'h2d'): 673.12, ('merge', 'count'): 673.139, ('merge', 'scan'): 673.177, ('merge', 'expand'): 673.196, ('merge', 'merge'): 673.217, ('merge', 'final'): 673.256, ('merge', 'compact'): 673.28, ('merge', 'pack'): 673.299, ('merge', 'd2h'): 673.31, ('mrg2', 'start'): 673.414, ('mrg2', 'h2d'): 673.49, ('mrg2', 'count'): 673.508, ('mrg2', 'scan'): 673.546, ('mrg2', 'merge'): 673.568, ('mrg2', 'final'): 673.604, ('mrg2', 'compact'): 673.626, ('mrg2', 'pack'): 673.648, ('mrg2', 'd2h'): 673.659}",0.0504340277984738
Highly sparse,bcspwr08,1624,6050,0.22939467106699993,16916,16916,16916,16916,0.0,,0.057999999999992724,0.15399999999999636,0.05200000000002092,0.03099999999994907,0.26400000000001,0.447,,,,,0.481,0.402,0.336,,"{('cu', 'start'): 578.534, ('cu', 'h2dmalloc'): 578.588, ('cu', 'h2d'): 578.602, ('cu', 'workest'): 578.66, ('cu', 'compute'): 578.814, ('cu', 'copy'): 578.866, ('cu', 'pack'): 578.884, ('cu', 'd2h'): 578.915, ('gust', 'start'): 578.993, ('gust', 'h2d'): 579.06, ('gust', 'count'): 579.08, ('gust', 'scan'): 579.117, ('gust', 'expand'): 579.142, ('gust', 'sort'): 579.269, ('gust', 'reduce'): 579.316, ('gust', 'final'): 579.367, ('gust', 'pack'): 579.384, ('gust', 'd2h'): 579.398, ('merge', 'start'): 579.486, ('merge', 'h2d'): 579.552, ('merge', 'count'): 579.574, ('merge', 'scan'): 579.61, ('merge', 'expand'): 579.641, ('merge', 'merge'): 579.723, ('merge', 'final'): 579.759, ('merge', 'compact'): 579.784, ('merge', 'pack'): 579.801, ('merge', 'd2h'): 579.815, ('mrg2', 'start'): 579.9, ('mrg2', 'h2d'): 579.965, ('mrg2', 'count'): 579.985, ('mrg2', 'scan'): 580.02, ('mrg2', 'merge'): 580.071, ('mrg2', 'final'): 580.104, ('mrg2', 'compact'): 580.129, ('mrg2', 'pack'): 580.145, ('mrg2', 'd2h'): 580.16}",0.2624699845910072
Highly sparse,bcspwr07,1612,5824,0.22412551028576003,15684,15684,15684,15684,0.0,,0.05700000000001637,0.15099999999995362,0.047000000000025466,0.028999999999996362,0.25499999999999545,0.425,,,,,0.439,0.367,0.302,,"{('cu', 'start'): 589.388, ('cu', 'h2dmalloc'): 589.437, ('cu', 'h2d'): 589.451, ('cu', 'workest'): 589.508, ('cu', 'compute'): 589.659, ('cu', 'copy'): 589.706, ('cu', 'pack'): 589.72, ('cu', 'd2h'): 589.749, ('gust', 'start'): 589.823, ('gust', 'h2d'): 589.885, ('gust', 'count'): 589.902, ('gust', 'scan'): 589.935, ('gust', 'expand'): 589.956, ('gust', 'sort'): 590.076, ('gust', 'reduce'): 590.112, ('gust', 'final'): 590.159, ('gust', 'pack'): 590.173, ('gust', 'd2h'): 590.191, ('merge', 'start'): 590.27, ('merge', 'h2d'): 590.329, ('merge', 'count'): 590.346, ('merge', 'scan'): 590.378, ('merge', 'expand'): 590.403, ('merge', 'merge'): 590.481, ('merge', 'final'): 590.515, ('merge', 'compact'): 590.537, ('merge', 'pack'): 590.551, ('merge', 'd2h'): 590.566, ('mrg2', 'start'): 590.644, ('mrg2', 'h2d'): 590.705, ('mrg2', 'count'): 590.722, ('mrg2', 'scan'): 590.752, ('mrg2', 'merge'): 590.797, ('mrg2', 'final'): 590.826, ('mrg2', 'compact'): 590.847, ('mrg2', 'pack'): 590.861, ('mrg2', 'd2h'): 590.876}",0.2624389017000794
Highly sparse,bcspwr09,1723,6511,0.21931944613334525,18485,18485,18485,18485,0.0,,0.05200000000002092,0.14999999999997726,0.047000000000025466,0.029999999999972715,0.24900000000002365,0.427,,,,,0.437,0.375,0.307,,"{('cu', 'start'): 582.924, ('cu', 'h2dmalloc'): 582.974, ('cu', 'h2d'): 582.987, ('cu', 'workest'): 583.039, ('cu', 'compute'): 583.189, ('cu', 'copy'): 583.236, ('cu', 'pack'): 583.25, ('cu', 'd2h'): 583.28, ('gust', 'start'): 583.36, ('gust', 'h2d'): 583.421, ('gust', 'count'): 583.438, ('gust', 'scan'): 583.471, ('gust', 'expand'): 583.492, ('gust', 'sort'): 583.613, ('gust', 'reduce'): 583.648, ('gust', 'final'): 583.696, ('gust', 'pack'): 583.71, ('gust', 'd2h'): 583.725, ('merge', 'start'): 583.806, ('merge', 'h2d'): 583.866, ('merge', 'count'): 583.884, ('merge', 'scan'): 583.915, ('merge', 'expand'): 583.941, ('merge', 'merge'): 584.026, ('merge', 'final'): 584.059, ('merge', 'compact'): 584.082, ('merge', 'pack'): 584.096, ('merge', 'd2h'): 584.111, ('mrg2', 'start'): 584.188, ('mrg2', 'h2d'): 584.247, ('mrg2', 'count'): 584.264, ('mrg2', 'scan'): 584.295, ('mrg2', 'merge'): 584.343, ('mrg2', 'final'): 584.373, ('mrg2', 'compact'): 584.394, ('mrg2', 'pack'): 584.408, ('mrg2', 'd2h'): 584.424}",0.3371540224179625
Highly sparse,bcsstm20,485,485,0.2061855670103093,485,485,485,485,0.0,,0.04500000000007276,0.16300000000001091,0.04499999999995907,0.02500000000009095,0.25300000000004275,0.419,,,,,0.36,0.295,0.276,,"{('cu', 'start'): 613.872, ('cu', 'h2dmalloc'): 613.923, ('cu', 'h2d'): 613.935, ('cu', 'workest'): 613.98, ('cu', 'compute'): 614.143, ('cu', 'copy'): 614.188, ('cu', 'pack'): 614.204, ('cu', 'd2h'): 614.229, ('gust', 'start'): 614.301, ('gust', 'h2d'): 614.361, ('gust', 'count'): 614.378, ('gust', 'scan'): 614.413, ('gust', 'expand'): 614.435, ('gust', 'sort'): 614.479, ('gust', 'reduce'): 614.514, ('gust', 'final'): 614.564, ('gust', 'pack'): 614.578, ('gust', 'd2h'): 614.589, ('merge', 'start'): 614.669, ('merge', 'h2d'): 614.728, ('merge', 'count'): 614.745, ('merge', 'scan'): 614.779, ('merge', 'expand'): 614.796, ('merge', 'merge'): 614.814, ('merge', 'final'): 614.851, ('merge', 'compact'): 614.872, ('merge', 'pack'): 614.888, ('merge', 'd2h'): 614.897, ('mrg2', 'start'): 614.971, ('mrg2', 'h2d'): 615.03, ('mrg2', 'count'): 615.046, ('mrg2', 'scan'): 615.082, ('mrg2', 'merge'): 615.101, ('mrg2', 'final'): 615.132, ('mrg2', 'compact'): 615.153, ('mrg2', 'pack'): 615.17, ('mrg2', 'd2h'): 615.179}",0.064269988797605
Highly sparse,bcsstk21,3600,26600,0.2052469135802469,93072,93072,93072,93072,0.0,,0.05700000000001637,0.20799999999997,0.05700000000001637,0.11099999999999,0.32200000000000273,0.588,,,,,0.839,0.673,0.489,,"{('cu', 'start'): 591.238, ('cu', 'h2dmalloc'): 591.292, ('cu', 'h2d'): 591.314, ('cu', 'workest'): 591.371, ('cu', 'compute'): 591.579, ('cu', 'copy'): 591.636, ('cu', 'pack'): 591.654, ('cu', 'd2h'): 591.765, ('gust', 'start'): 591.844, ('gust', 'h2d'): 591.92, ('gust', 'count'): 591.941, ('gust', 'scan'): 591.98, ('gust', 'expand'): 592.061, ('gust', 'sort'): 592.298, ('gust', 'reduce'): 592.395, ('gust', 'final'): 592.455, ('gust', 'pack'): 592.473, ('gust', 'd2h'): 592.511, ('merge', 'start'): 592.696, ('merge', 'h2d'): 592.771, ('merge', 'count'): 592.795, ('merge', 'scan'): 592.84, ('merge', 'expand'): 592.932, ('merge', 'merge'): 593.054, ('merge', 'final'): 593.097, ('merge', 'compact'): 593.187, ('merge', 'pack'): 593.208, ('merge', 'd2h'): 593.247, ('mrg2', 'start'): 593.383, ('mrg2', 'h2d'): 593.457, ('mrg2', 'count'): 593.48, ('mrg2', 'scan'): 593.519, ('mrg2', 'merge'): 593.57, ('mrg2', 'final'): 593.605, ('mrg2', 'compact'): 593.686, ('mrg2', 'pack'): 593.706, ('mrg2', 'd2h'): 593.744}",2.670374931767583
Highly sparse,bcsstm19,817,817,0.12239902080783352,817,817,817,817,0.0,,0.05400000000008731,0.14999999999997726,0.04200000000003001,0.024999999999977263,0.2460000000000946,0.412,,,,,0.343,0.292,0.272,,"{('cu', 'start'): 565.19, ('cu', 'h2dmalloc'): 565.24, ('cu', 'h2d'): 565.252, ('cu', 'workest'): 565.306, ('cu', 'compute'): 565.456, ('cu', 'copy'): 565.498, ('cu', 'pack'): 565.513, ('cu', 'd2h'): 565.538, ('gust', 'start'): 565.61, ('gust', 'h2d'): 565.671, ('gust', 'count'): 565.687, ('gust', 'scan'): 565.721, ('gust', 'expand'): 565.738, ('gust', 'sort'): 565.78, ('gust', 'reduce'): 565.813, ('gust', 'final'): 565.859, ('gust', 'pack'): 565.872, ('gust', 'd2h'): 565.881, ('merge', 'start'): 565.961, ('merge', 'h2d'): 566.02, ('merge', 'count'): 566.035, ('merge', 'scan'): 566.069, ('merge', 'expand'): 566.085, ('merge', 'merge'): 566.104, ('merge', 'final'): 566.14, ('merge', 'compact'): 566.161, ('merge', 'pack'): 566.175, ('merge', 'd2h'): 566.185, ('mrg2', 'start'): 566.26, ('mrg2', 'h2d'): 566.32, ('mrg2', 'count'): 566.337, ('mrg2', 'scan'): 566.37, ('mrg2', 'merge'): 566.389, ('mrg2', 'final'): 566.417, ('mrg2', 'compact'): 566.437, ('mrg2', 'pack'): 566.454, ('mrg2', 'd2h'): 566.463}",0.0578410690650343
Highly sparse,bcsstk25,15439,252241,0.10582233620331932,1168919,1168919,1168919,1168919,0.0,,0.14200000000005275,0.6329999999999245,0.1510000000000673,0.69399999999996,0.9260000000000446,1.963,,,,,2.619,4.147,1.745,,"{('cu', 'start'): 658.46, ('cu', 'h2dmalloc'): 658.51, ('cu', 'h2d'): 658.597, ('cu', 'workest'): 658.739, ('cu', 'compute'): 659.372, ('cu', 'copy'): 659.523, ('cu', 'pack'): 659.6, ('cu', 'd2h'): 660.294, ('gust', 'start'): 660.435, ('gust', 'h2d'): 660.574, ('gust', 'count'): 660.639, ('gust', 'scan'): 660.678, ('gust', 'expand'): 660.844, ('gust', 'sort'): 661.688, ('gust', 'reduce'): 661.888, ('gust', 'final'): 662.311, ('gust', 'pack'): 662.378, ('gust', 'd2h'): 662.781, ('merge', 'start'): 663.065, ('merge', 'h2d'): 663.202, ('merge', 'count'): 663.272, ('merge', 'scan'): 663.31, ('merge', 'expand'): 663.716, ('merge', 'merge'): 666.078, ('merge', 'final'): 666.238, ('merge', 'compact'): 666.481, ('merge', 'pack'): 666.548, ('merge', 'd2h'): 666.948, ('mrg2', 'start'): 667.222, ('mrg2', 'h2d'): 667.356, ('mrg2', 'count'): 667.425, ('mrg2', 'scan'): 667.461, ('mrg2', 'merge'): 667.979, ('mrg2', 'final'): 668.011, ('mrg2', 'compact'): 668.239, ('mrg2', 'pack'): 668.307, ('mrg2', 'd2h'): 668.709}",176.22132902033627
Highly sparse,bcsstk18,11948,149090,0.10443788948628972,713208,713208,713208,713208,0.0,,0.1309999999999718,0.5470000000000255,0.20100000000002183,0.5819999999999936,0.8790000000000191,1.853,,,,,2.359,3.17,1.647,,"{('cu', 'start'): 625.635, ('cu', 'h2dmalloc'): 625.71, ('cu', 'h2d'): 625.77, ('cu', 'workest'): 625.901, ('cu', 'compute'): 626.448, ('cu', 'copy'): 626.649, ('cu', 'pack'): 626.742, ('cu', 'd2h'): 627.324, ('gust', 'start'): 627.503, ('gust', 'h2d'): 627.637, ('gust', 'count'): 627.665, ('gust', 'scan'): 627.71, ('gust', 'expand'): 627.904, ('gust', 'sort'): 628.459, ('gust', 'reduce'): 628.673, ('gust', 'final'): 629.194, ('gust', 'pack'): 629.302, ('gust', 'd2h'): 629.571, ('merge', 'start'): 629.876, ('merge', 'h2d'): 630.009, ('merge', 'count'): 630.04, ('merge', 'scan'): 630.089, ('merge', 'expand'): 630.417, ('merge', 'merge'): 631.876, ('merge', 'final'): 632.081, ('merge', 'compact'): 632.408, ('merge', 'pack'): 632.5, ('merge', 'd2h'): 632.752, ('mrg2', 'start'): 633.059, ('mrg2', 'h2d'): 633.198, ('mrg2', 'count'): 633.229, ('mrg2', 'scan'): 633.276, ('mrg2', 'merge'): 633.714, ('mrg2', 'final'): 633.758, ('mrg2', 'compact'): 634.061, ('mrg2', 'pack'): 634.163, ('mrg2', 'd2h'): 634.415}",85.43294796254486
Highly sparse,bcsstk32,44609,2014701,0.10124314474587429,6819653,6819653,6819653,6819653,0.0,,0.17700000000002092,7.59699999999998,0.22100000000000364,3.4729999999999563,7.9950000000000045,12.409,,,,,21.626,40.343,9.249,,"{('cu', 'start'): 978.47, ('cu', 'h2dmalloc'): 978.543, ('cu', 'h2d'): 979.212, ('cu', 'workest'): 979.389, ('cu', 'compute'): 986.986, ('cu', 'copy'): 987.207, ('cu', 'pack'): 987.272, ('cu', 'd2h'): 990.745, ('gust', 'start'): 990.892, ('gust', 'h2d'): 991.995, ('gust', 'count'): 992.083, ('gust', 'scan'): 992.123, ('gust', 'expand'): 993.494, ('gust', 'sort'): 1006.843, ('gust', 'reduce'): 1008.061, ('gust', 'final'): 1009.569, ('gust', 'pack'): 1009.659, ('gust', 'd2h'): 1012.034, ('merge', 'start'): 1012.529, ('merge', 'h2d'): 1013.725, ('merge', 'count'): 1013.942, ('merge', 'scan'): 1013.981, ('merge', 'expand'): 1018.951, ('merge', 'merge'): 1048.826, ('merge', 'final'): 1049.357, ('merge', 'compact'): 1049.948, ('merge', 'pack'): 1050.016, ('merge', 'd2h'): 1052.403, ('mrg2', 'start'): 1052.884, ('mrg2', 'h2d'): 1053.935, ('mrg2', 'count'): 1054.04, ('mrg2', 'scan'): 1054.08, ('mrg2', 'merge'): 1058.527, ('mrg2', 'final'): 1058.565, ('mrg2', 'compact'): 1059.261, ('mrg2', 'pack'): 1059.327, ('mrg2', 'd2h'): 1061.701}",4387.777211959474
Extremely sparse,bcsstk31,35588,1181416,0.09328153508950845,4713580,4713580,4713580,4713580,0.0,,0.1650000000000773,4.469999999999914,0.22100000000000364,2.269999999999982,4.8559999999999945,7.771,,,,,11.437,22.279,5.711,,"{('cu', 'start'): 817.599, ('cu', 'h2dmalloc'): 817.656, ('cu', 'h2d'): 818.035, ('cu', 'workest'): 818.2, ('cu', 'compute'): 822.67, ('cu', 'copy'): 822.891, ('cu', 'pack'): 822.963, ('cu', 'd2h'): 825.233, ('gust', 'start'): 825.382, ('gust', 'h2d'): 825.924, ('gust', 'count'): 826.008, ('gust', 'scan'): 826.047, ('gust', 'expand'): 826.771, ('gust', 'sort'): 833.005, ('gust', 'reduce'): 833.655, ('gust', 'final'): 834.732, ('gust', 'pack'): 834.804, ('gust', 'd2h'): 836.435, ('merge', 'start'): 836.828, ('merge', 'h2d'): 837.55, ('merge', 'count'): 837.658, ('merge', 'scan'): 837.706, ('merge', 'expand'): 840.315, ('merge', 'merge'): 856.194, ('merge', 'final'): 856.548, ('merge', 'compact'): 857.005, ('merge', 'pack'): 857.079, ('merge', 'd2h'): 858.706, ('mrg2', 'start'): 859.117, ('mrg2', 'h2d'): 859.758, ('mrg2', 'count'): 859.885, ('mrg2', 'scan'): 859.925, ('mrg2', 'merge'): 862.302, ('mrg2', 'final'): 862.341, ('mrg2', 'compact'): 862.774, ('mrg2', 'pack'): 862.849, ('mrg2', 'd2h'): 864.47}",2295.5007900018245
Extremely sparse,bcsstm08,1074,1074,0.0931098696461825,1074,1074,1074,1074,0.0,,0.04899999999997817,0.14599999999995816,0.04499999999995907,0.02500000000009095,0.2399999999998954,0.403,,,,,0.351,0.293,0.265,,"{('cu', 'start'): 575.156, ('cu', 'h2dmalloc'): 575.206, ('cu', 'h2d'): 575.219, ('cu', 'workest'): 575.268, ('cu', 'compute'): 575.414, ('cu', 'copy'): 575.459, ('cu', 'pack'): 575.473, ('cu', 'd2h'): 575.498, ('gust', 'start'): 575.57, ('gust', 'h2d'): 575.631, ('gust', 'count'): 575.647, ('gust', 'scan'): 575.681, ('gust', 'expand'): 575.698, ('gust', 'sort'): 575.74, ('gust', 'reduce'): 575.773, ('gust', 'final'): 575.82, ('gust', 'pack'): 575.834, ('gust', 'd2h'): 575.845, ('merge', 'start'): 575.93, ('merge', 'h2d'): 575.991, ('merge', 'count'): 576.007, ('merge', 'scan'): 576.039, ('merge', 'expand'): 576.057, ('merge', 'merge'): 576.074, ('merge', 'final'): 576.109, ('merge', 'compact'): 576.13, ('merge', 'pack'): 576.144, ('merge', 'd2h'): 576.154, ('mrg2', 'start'): 576.229, ('mrg2', 'h2d'): 576.289, ('mrg2', 'count'): 576.304, ('mrg2', 'scan'): 576.337, ('mrg2', 'merge'): 576.357, ('mrg2', 'final'): 576.385, ('mrg2', 'compact'): 576.404, ('mrg2', 'pack'): 576.418, ('mrg2', 'd2h'): 576.427}",0.13053510338068
Extremely sparse,bcsstm09,1083,1083,0.09233610341643582,1083,1083,1083,1083,0.0,,0.05000000000006821,0.14899999999988722,0.04600000000004911,0.024999999999977263,0.24500000000000455,0.414,,,,,0.358,0.302,0.283,,"{('cu', 'start'): 567.876, ('cu', 'h2dmalloc'): 567.926, ('cu', 'h2d'): 567.938, ('cu', 'workest'): 567.988, ('cu', 'compute'): 568.137, ('cu', 'copy'): 568.183, ('cu', 'pack'): 568.198, ('cu', 'd2h'): 568.223, ('gust', 'start'): 568.301, ('gust', 'h2d'): 568.365, ('gust', 'count'): 568.38, ('gust', 'scan'): 568.42, ('gust', 'expand'): 568.439, ('gust', 'sort'): 568.48, ('gust', 'reduce'): 568.514, ('gust', 'final'): 568.56, ('gust', 'pack'): 568.574, ('gust', 'd2h'): 568.585, ('merge', 'start'): 568.667, ('merge', 'h2d'): 568.73, ('merge', 'count'): 568.746, ('merge', 'scan'): 568.783, ('merge', 'expand'): 568.8, ('merge', 'merge'): 568.818, ('merge', 'final'): 568.853, ('merge', 'compact'): 568.874, ('merge', 'pack'): 568.888, ('merge', 'd2h'): 568.899, ('mrg2', 'start'): 568.977, ('mrg2', 'h2d'): 569.043, ('mrg2', 'count'): 569.059, ('mrg2', 'scan'): 569.097, ('mrg2', 'merge'): 569.117, ('mrg2', 'final'): 569.145, ('mrg2', 'compact'): 569.165, ('mrg2', 'pack'): 569.179, ('mrg2', 'd2h'): 569.19}",0.129444058984518
Extremely sparse,bcspwr10,5300,21842,0.07775720897116412,60498,60498,60498,60498,0.0,,0.04800000000000182,0.19499999999993634,0.04900000000009186,0.09500000000002728,0.29200000000003,0.518,,,,,0.645,0.489,0.321,,"{('cu', 'start'): 572.764, ('cu', 'h2dmalloc'): 572.813, ('cu', 'h2d'): 572.831, ('cu', 'workest'): 572.879, ('cu', 'compute'): 573.074, ('cu', 'copy'): 573.123, ('cu', 'pack'): 573.137, ('cu', 'd2h'): 573.232, ('gust', 'start'): 573.296, ('gust', 'h2d'): 573.362, ('gust', 'count'): 573.38, ('gust', 'scan'): 573.412, ('gust', 'expand'): 573.437, ('gust', 'sort'): 573.657, ('gust', 'reduce'): 573.742, ('gust', 'final'): 573.835, ('gust', 'pack'): 573.85, ('gust', 'd2h'): 573.875, ('merge', 'start'): 573.949, ('merge', 'h2d'): 574.013, ('merge', 'count'): 574.035, ('merge', 'scan'): 574.065, ('merge', 'expand'): 574.096, ('merge', 'merge'): 574.229, ('merge', 'final'): 574.264, ('merge', 'compact'): 574.337, ('merge', 'pack'): 574.352, ('merge', 'd2h'): 574.377, ('mrg2', 'start'): 574.446, ('mrg2', 'h2d'): 574.511, ('mrg2', 'count'): 574.529, ('mrg2', 'scan'): 574.56, ('mrg2', 'merge'): 574.609, ('mrg2', 'final'): 574.638, ('mrg2', 'compact'): 574.663, ('mrg2', 'pack'): 574.676, ('mrg2', 'd2h'): 574.701}",7.622731965966523
Extremely sparse,bcsstm11,1473,1473,0.0678886625933469,1473,1473,1473,1473,0.0,,0.05000000000006821,0.1430000000000291,0.04499999999995907,0.02699999999992997,0.2380000000000564,0.396,,,,,0.328,0.274,0.252,,"{('cu', 'start'): 559.46, ('cu', 'h2dmalloc'): 559.508, ('cu', 'h2d'): 559.521, ('cu', 'workest'): 559.571, ('cu', 'compute'): 559.714, ('cu', 'copy'): 559.759, ('cu', 'pack'): 559.772, ('cu', 'd2h'): 559.799, ('gust', 'start'): 559.866, ('gust', 'h2d'): 559.928, ('gust', 'count'): 559.943, ('gust', 'scan'): 559.977, ('gust', 'expand'): 559.994, ('gust', 'sort'): 560.034, ('gust', 'reduce'): 560.067, ('gust', 'final'): 560.111, ('gust', 'pack'): 560.124, ('gust', 'd2h'): 560.132, ('merge', 'start'): 560.203, ('merge', 'h2d'): 560.262, ('merge', 'count'): 560.278, ('merge', 'scan'): 560.31, ('merge', 'expand'): 560.325, ('merge', 'merge'): 560.343, ('merge', 'final'): 560.374, ('merge', 'compact'): 560.395, ('merge', 'pack'): 560.408, ('merge', 'd2h'): 560.417, ('mrg2', 'start'): 560.485, ('mrg2', 'h2d'): 560.543, ('mrg2', 'count'): 560.558, ('mrg2', 'scan'): 560.59, ('mrg2', 'merge'): 560.608, ('mrg2', 'final'): 560.635, ('mrg2', 'compact'): 560.654, ('mrg2', 'pack'): 560.668, ('mrg2', 'd2h'): 560.677}",0.2318109618499875
Extremely sparse,bcsstm26,1922,1922,0.052029136316337155,1922,1922,1922,1922,0.0,,0.05299999999999727,0.1490000000000009,0.045999999999935426,0.02400000000000091,0.2479999999999336,0.414,,,,,0.348,0.301,0.276,,"{('cu', 'start'): 567.523, ('cu', 'h2dmalloc'): 567.573, ('cu', 'h2d'): 567.589, ('cu', 'workest'): 567.642, ('cu', 'compute'): 567.791, ('cu', 'copy'): 567.837, ('cu', 'pack'): 567.852, ('cu', 'd2h'): 567.876, ('gust', 'start'): 567.947, ('gust', 'h2d'): 568.01, ('gust', 'count'): 568.026, ('gust', 'scan'): 568.06, ('gust', 'expand'): 568.078, ('gust', 'sort'): 568.12, ('gust', 'reduce'): 568.153, ('gust', 'final'): 568.2, ('gust', 'pack'): 568.214, ('gust', 'd2h'): 568.225, ('merge', 'start'): 568.303, ('merge', 'h2d'): 568.365, ('merge', 'count'): 568.383, ('merge', 'scan'): 568.415, ('merge', 'expand'): 568.431, ('merge', 'merge'): 568.45, ('merge', 'final'): 568.487, ('merge', 'compact'): 568.509, ('merge', 'pack'): 568.523, ('merge', 'd2h'): 568.534, ('mrg2', 'start'): 568.611, ('mrg2', 'h2d'): 568.674, ('mrg2', 'count'): 568.69, ('mrg2', 'scan'): 568.723, ('mrg2', 'merge'): 568.743, ('mrg2', 'final'): 568.772, ('mrg2', 'compact'): 568.794, ('mrg2', 'pack'): 568.807, ('mrg2', 'd2h'): 568.819}",0.4991580499336123
Extremely sparse,bcsstm23,3134,3134,0.031908104658583285,3134,3134,3134,3134,0.0,,0.04900000000009186,0.1490000000000009,0.04699999999991178,0.024999999999977263,0.24500000000000455,0.408,,,,,0.427,0.298,0.273,,"{('cu', 'start'): 569.95, ('cu', 'h2dmalloc'): 570.0, ('cu', 'h2d'): 570.012, ('cu', 'workest'): 570.061, ('cu', 'compute'): 570.21, ('cu', 'copy'): 570.257, ('cu', 'pack'): 570.272, ('cu', 'd2h'): 570.297, ('gust', 'start'): 570.368, ('gust', 'h2d'): 570.429, ('gust', 'count'): 570.445, ('gust', 'scan'): 570.478, ('gust', 'expand'): 570.498, ('gust', 'sort'): 570.611, ('gust', 'reduce'): 570.645, ('gust', 'final'): 570.694, ('gust', 'pack'): 570.709, ('gust', 'd2h'): 570.72, ('merge', 'start'): 570.804, ('merge', 'h2d'): 570.865, ('merge', 'count'): 570.883, ('merge', 'scan'): 570.914, ('merge', 'expand'): 570.932, ('merge', 'merge'): 570.951, ('merge', 'final'): 570.984, ('merge', 'compact'): 571.007, ('merge', 'pack'): 571.021, ('merge', 'd2h'): 571.033, ('mrg2', 'start'): 571.109, ('mrg2', 'h2d'): 571.168, ('mrg2', 'count'): 571.184, ('mrg2', 'scan'): 571.215, ('mrg2', 'merge'): 571.236, ('mrg2', 'final'): 571.265, ('mrg2', 'compact'): 571.287, ('mrg2', 'pack'): 571.304, ('mrg2', 'd2h'): 571.314}",1.7959380056709051
Extremely sparse,bcsstm24,3562,3562,0.028074115665356544,3562,3562,3562,3562,0.0,,0.04900000000009186,0.15199999999992997,0.04899999999997817,0.027000000000043656,0.25,0.416,,,,,0.411,0.293,0.278,,"{('cu', 'start'): 567.743, ('cu', 'h2dmalloc'): 567.793, ('cu', 'h2d'): 567.805, ('cu', 'workest'): 567.854, ('cu', 'compute'): 568.006, ('cu', 'copy'): 568.055, ('cu', 'pack'): 568.069, ('cu', 'd2h'): 568.096, ('gust', 'start'): 568.169, ('gust', 'h2d'): 568.23, ('gust', 'count'): 568.246, ('gust', 'scan'): 568.281, ('gust', 'expand'): 568.301, ('gust', 'sort'): 568.408, ('gust', 'reduce'): 568.44, ('gust', 'final'): 568.487, ('gust', 'pack'): 568.5, ('gust', 'd2h'): 568.511, ('merge', 'start'): 568.588, ('merge', 'h2d'): 568.648, ('merge', 'count'): 568.666, ('merge', 'scan'): 568.697, ('merge', 'expand'): 568.715, ('merge', 'merge'): 568.735, ('merge', 'final'): 568.768, ('merge', 'compact'): 568.791, ('merge', 'pack'): 568.804, ('merge', 'd2h'): 568.814, ('mrg2', 'start'): 568.888, ('mrg2', 'h2d'): 568.952, ('mrg2', 'count'): 568.969, ('mrg2', 'scan'): 569.003, ('mrg2', 'merge'): 569.024, ('mrg2', 'final'): 569.052, ('mrg2', 'compact'): 569.074, ('mrg2', 'pack'): 569.088, ('mrg2', 'd2h'): 569.098}",2.5874549755826592
Extremely sparse,bcsstm21,3600,3600,0.027777777777777776,3600,3600,3600,3600,0.0,,0.05599999999992633,0.15300000000002,0.051000000000044565,0.027000000000043656,0.2599999999999909,0.427,,,,,0.427,0.308,0.291,,"{('cu', 'start'): 588.643, ('cu', 'h2dmalloc'): 588.693, ('cu', 'h2d'): 588.706, ('cu', 'workest'): 588.762, ('cu', 'compute'): 588.915, ('cu', 'copy'): 588.966, ('cu', 'pack'): 588.981, ('cu', 'd2h'): 589.008, ('gust', 'start'): 589.079, ('gust', 'h2d'): 589.142, ('gust', 'count'): 589.159, ('gust', 'scan'): 589.194, ('gust', 'expand'): 589.215, ('gust', 'sort'): 589.324, ('gust', 'reduce'): 589.36, ('gust', 'final'): 589.409, ('gust', 'pack'): 589.425, ('gust', 'd2h'): 589.435, ('merge', 'start'): 589.514, ('merge', 'h2d'): 589.575, ('merge', 'count'): 589.594, ('merge', 'scan'): 589.627, ('merge', 'expand'): 589.645, ('merge', 'merge'): 589.665, ('merge', 'final'): 589.705, ('merge', 'compact'): 589.729, ('merge', 'pack'): 589.744, ('merge', 'd2h'): 589.755, ('mrg2', 'start'): 589.83, ('mrg2', 'h2d'): 589.889, ('mrg2', 'count'): 589.911, ('mrg2', 'scan'): 589.947, ('mrg2', 'merge'): 589.968, ('mrg2', 'final'): 589.999, ('mrg2', 'compact'): 590.022, ('mrg2', 'pack'): 590.041, ('mrg2', 'd2h'): 590.051}",2.661542035639286
Extremely sparse,bcsstm25,15439,15439,0.006477103439341926,15439,15439,15439,15439,0.0,,0.051000000000044565,0.1490000000000009,0.04899999999997817,0.029999999999972715,0.24900000000002365,0.427,,,,,0.453,0.34,0.305,,"{('cu', 'start'): 595.52, ('cu', 'h2dmalloc'): 595.57, ('cu', 'h2d'): 595.588, ('cu', 'workest'): 595.639, ('cu', 'compute'): 595.788, ('cu', 'copy'): 595.837, ('cu', 'pack'): 595.851, ('cu', 'd2h'): 595.881, ('gust', 'start'): 595.956, ('gust', 'h2d'): 596.022, ('gust', 'count'): 596.038, ('gust', 'scan'): 596.073, ('gust', 'expand'): 596.108, ('gust', 'sort'): 596.227, ('gust', 'reduce'): 596.261, ('gust', 'final'): 596.308, ('gust', 'pack'): 596.322, ('gust', 'd2h'): 596.338, ('merge', 'start'): 596.417, ('merge', 'h2d'): 596.483, ('merge', 'count'): 596.507, ('merge', 'scan'): 596.538, ('merge', 'expand'): 596.564, ('merge', 'merge'): 596.591, ('merge', 'final'): 596.624, ('merge', 'compact'): 596.659, ('merge', 'pack'): 596.673, ('merge', 'd2h'): 596.69, ('mrg2', 'start'): 596.764, ('mrg2', 'h2d'): 596.828, ('mrg2', 'count'): 596.849, ('mrg2', 'scan'): 596.88, ('mrg2', 'merge'): 596.909, ('mrg2', 'final'): 596.938, ('mrg2', 'compact'): 596.971, ('mrg2', 'pack'): 596.984, ('mrg2', 'd2h'): 597.001}",177.49985994305462
