id,name,group,n,nnz,density_pct,sparsity_pct,class,in_local_data,url_mm
24,bcsstk02,HB,66,4356,100.0,0.0,Dense,False,https://sparse.tamu.edu/MM/HB/bcsstk02.tar.gz
1524,Stranke94,Pajek,10,90,90.0,9.999999999999998,Dense,False,https://sparse.tamu.edu/MM/Pajek/Stranke94.tar.gz
1506,Journals,Pajek,124,12068,78.48595213319459,21.51404786680541,Dense,False,https://sparse.tamu.edu/MM/Pajek/Journals.tar.gz
238,rgg010,HB,10,76,76.0,24.0,Dense,False,https://sparse.tamu.edu/MM/HB/rgg010.tar.gz
904,cage3,vanHeukelum,5,19,76.0,24.0,Dense,False,https://sparse.tamu.edu/MM/vanHeukelum/cage3.tar.gz
186,jgl011,HB,11,76,62.8099173553719,37.1900826446281,Dense,False,https://sparse.tamu.edu/MM/HB/jgl011.tar.gz
185,jgl009,HB,9,50,61.72839506172839,38.27160493827161,Dense,False,https://sparse.tamu.edu/MM/HB/jgl009.tar.gz
905,cage4,vanHeukelum,9,49,60.49382716049383,39.50617283950617,Dense,False,https://sparse.tamu.edu/MM/vanHeukelum/cage4.tar.gz
2758,mycielskian2,Mycielski,2,2,50.0,50.0,Dense,False,https://sparse.tamu.edu/MM/Mycielski/mycielskian2.tar.gz
2203,Trefethen_20b,JGD_Trefethen,19,147,40.7202216066482,59.2797783933518,Dense,False,https://sparse.tamu.edu/MM/JGD_Trefethen/Trefethen_20b.tar.gz
2759,mycielskian3,Mycielski,5,10,40.0,60.0,Dense,False,https://sparse.tamu.edu/MM/Mycielski/mycielskian3.tar.gz
1528,Tina_DisCog,Pajek,11,48,39.6694214876033,60.33057851239669,Dense,False,https://sparse.tamu.edu/MM/Pajek/Tina_DisCog.tar.gz
2204,Trefethen_20,JGD_Trefethen,20,158,39.5,60.5,Dense,True,https://sparse.tamu.edu/MM/JGD_Trefethen/Trefethen_20.tar.gz
436,ex5,FIDAP,27,279,38.271604938271594,61.728395061728406,Dense,False,https://sparse.tamu.edu/MM/FIDAP/ex5.tar.gz
1527,Tina_DisCal,Pajek,11,41,33.88429752066115,66.11570247933885,Dense,False,https://sparse.tamu.edu/MM/Pajek/Tina_DisCal.tar.gz
2760,mycielskian4,Mycielski,11,40,33.057851239669425,66.94214876033058,Dense,False,https://sparse.tamu.edu/MM/Mycielski/mycielskian4.tar.gz
449,b1_ss,Grund,7,15,30.61224489795918,69.38775510204081,Dense,False,https://sparse.tamu.edu/MM/Grund/b1_ss.tar.gz
1526,Tina_AskCog,Pajek,11,36,29.75206611570248,70.24793388429752,Dense,False,https://sparse.tamu.edu/MM/Pajek/Tina_AskCog.tar.gz
97,can_24,HB,24,160,27.77777777777778,72.22222222222221,Dense,False,https://sparse.tamu.edu/MM/HB/can_24.tar.gz
2338,ww_36_pmec_36,Rommes,66,1194,27.41046831955923,72.58953168044077,Dense,False,https://sparse.tamu.edu/MM/Rommes/ww_36_pmec_36.tar.gz
1177,lap_25,HB,25,169,27.04,72.96000000000001,Dense,False,https://sparse.tamu.edu/MM/HB/lap_25.tar.gz
2761,mycielskian5,Mycielski,23,142,26.84310018903592,73.15689981096408,Dense,False,https://sparse.tamu.edu/MM/Mycielski/mycielskian5.tar.gz
327,qc324,Bai,324,26730,25.46296296296296,74.53703703703704,Dense,False,https://sparse.tamu.edu/MM/Bai/qc324.tar.gz
1438,LF10,Oberwolfach,18,82,25.30864197530864,74.69135802469135,Dense,True,https://sparse.tamu.edu/MM/Oberwolfach/LF10.tar.gz
2872,iris_dataset_30NN,ML_Graph,150,5518,24.52444444444444,75.47555555555556,Dense,False,https://sparse.tamu.edu/MM/ML_Graph/iris_dataset_30NN.tar.gz
1525,Tina_AskCal,Pajek,11,29,23.96694214876033,76.03305785123968,Dense,False,https://sparse.tamu.edu/MM/Pajek/Tina_AskCal.tar.gz
1440,LFAT5,Oberwolfach,14,46,23.46938775510204,76.53061224489795,Dense,False,https://sparse.tamu.edu/MM/Oberwolfach/LFAT5.tar.gz
2457,chesapeake,DIMACS10,39,340,22.353714661406972,77.64628533859303,Dense,False,https://sparse.tamu.edu/MM/DIMACS10/chesapeake.tar.gz
1641,tols90,Bai,90,1746,21.55555555555555,78.44444444444446,Dense,False,https://sparse.tamu.edu/MM/Bai/tols90.tar.gz
2762,mycielskian6,Mycielski,47,472,21.36713444997736,78.63286555002263,Dense,False,https://sparse.tamu.edu/MM/Mycielski/mycielskian6.tar.gz
26,bcsstk04,HB,132,3648,20.9366391184573,79.06336088154269,Dense,False,https://sparse.tamu.edu/MM/HB/bcsstk04.tar.gz
209,mbeacxc,HB,496,49920,20.291363163371482,79.70863683662851,Dense,False,https://sparse.tamu.edu/MM/HB/mbeacxc.tar.gz
210,mbeaflw,HB,496,49920,20.291363163371482,79.70863683662851,Dense,False,https://sparse.tamu.edu/MM/HB/mbeaflw.tar.gz
232,pores_1,HB,30,180,20.0,80.0,Dense,False,https://sparse.tamu.edu/MM/HB/pores_1.tar.gz
1943,CAG_mat72,JGD_CAG,72,1012,19.5216049382716,80.47839506172839,Dense,False,https://sparse.tamu.edu/MM/JGD_CAG/CAG_mat72.tar.gz
23,bcsstk01,HB,48,400,17.36111111111111,82.63888888888889,Dense,False,https://sparse.tamu.edu/MM/HB/bcsstk01.tar.gz
906,cage5,vanHeukelum,37,233,17.01972242512783,82.98027757487216,Dense,False,https://sparse.tamu.edu/MM/vanHeukelum/cage5.tar.gz
2763,mycielskian7,Mycielski,95,1510,16.73130193905817,83.26869806094183,Dense,False,https://sparse.tamu.edu/MM/Mycielski/mycielskian7.tar.gz
211,mbeause,HB,496,41063,16.69119081685744,83.30880918314256,Dense,False,https://sparse.tamu.edu/MM/HB/mbeause.tar.gz
1481,GD02_a,Pajek,23,87,16.4461247637051,83.5538752362949,Dense,False,https://sparse.tamu.edu/MM/Pajek/GD02_a.tar.gz
102,can_61,HB,61,557,14.969094329481319,85.03090567051868,Dense,False,https://sparse.tamu.edu/MM/HB/can_61.tar.gz
1515,Ragusa16,Pajek,24,81,14.0625,85.9375,Dense,False,https://sparse.tamu.edu/MM/Pajek/Ragusa16.tar.gz
2406,jazz,Arenas,198,5484,13.98836853382307,86.01163146617692,Dense,False,https://sparse.tamu.edu/MM/Arenas/jazz.tar.gz
416,ex2,FIDAP,441,26839,13.80031982558707,86.19968017441293,Dense,False,https://sparse.tamu.edu/MM/FIDAP/ex2.tar.gz
2399,karate,Newman,34,156,13.494809688581311,86.50519031141867,Dense,False,https://sparse.tamu.edu/MM/Newman/karate.tar.gz
872,mesh1e1,Pothen,48,306,13.28125,86.71875,Dense,False,https://sparse.tamu.edu/MM/Pothen/mesh1e1.tar.gz
873,mesh1em1,Pothen,48,306,13.28125,86.71875,Dense,False,https://sparse.tamu.edu/MM/Pothen/mesh1em1.tar.gz
874,mesh1em6,Pothen,48,306,13.28125,86.71875,Dense,False,https://sparse.tamu.edu/MM/Pothen/mesh1em6.tar.gz
2764,mycielskian8,Mycielski,191,4720,12.93824182451139,87.0617581754886,Dense,False,https://sparse.tamu.edu/MM/Mycielski/mycielskian8.tar.gz
2858,breasttissue_10NN,ML_Graph,106,1412,12.566749733001059,87.43325026699893,Dense,False,https://sparse.tamu.edu/MM/ML_Graph/breasttissue_10NN.tar.gz
891,heart2,Norris,2339,680341,12.43558442902026,87.56441557097973,Dense,False,https://sparse.tamu.edu/MM/Norris/heart2.tar.gz
892,heart3,Norris,2339,680341,12.43558442902026,87.56441557097973,Dense,False,https://sparse.tamu.edu/MM/Norris/heart3.tar.gz
1480,GD01_c,Pajek,33,135,12.39669421487603,87.60330578512396,Dense,False,https://sparse.tamu.edu/MM/Pajek/GD01_c.tar.gz
168,ibm32,HB,32,126,12.3046875,87.6953125,Dense,False,https://sparse.tamu.edu/MM/HB/ibm32.tar.gz
1516,Ragusa18,Pajek,23,64,12.09829867674858,87.90170132325142,Dense,False,https://sparse.tamu.edu/MM/Pajek/Ragusa18.tar.gz
1493,GD97_b,Pajek,47,264,11.95110909913988,88.04889090086012,Dense,False,https://sparse.tamu.edu/MM/Pajek/GD97_b.tar.gz
2850,dendrimer,Negre,730,63024,11.82660911990992,88.17339088009007,Dense,False,https://sparse.tamu.edu/MM/Negre/dendrimer.tar.gz
293,bfwa62,Bai,62,450,11.70655567117585,88.29344432882415,Dense,False,https://sparse.tamu.edu/MM/Bai/bfwa62.tar.gz
1328,tomography,MathWorks,500,28726,11.490400000000001,88.5096,Dense,False,https://sparse.tamu.edu/MM/MathWorks/tomography.tar.gz
1479,GD01_b,Pajek,18,37,11.41975308641975,88.58024691358025,Dense,False,https://sparse.tamu.edu/MM/Pajek/GD01_b.tar.gz
206,lund_a,HB,147,2449,11.333240779304909,88.66675922069508,Dense,False,https://sparse.tamu.edu/MM/HB/lund_a.tar.gz
207,lund_b,HB,147,2441,11.29621916793928,88.70378083206072,Dense,False,https://sparse.tamu.edu/MM/HB/lund_b.tar.gz
890,heart1,Norris,3557,1385317,10.94917591330995,89.05082408669004,Dense,False,https://sparse.tamu.edu/MM/Norris/heart1.tar.gz
27,bcsstk05,HB,153,2423,10.35071980862061,89.64928019137939,Dense,False,https://sparse.tamu.edu/MM/HB/bcsstk05.tar.gz
883,sphere2,Pothen,66,450,10.33057851239669,89.6694214876033,Dense,True,https://sparse.tamu.edu/MM/Pothen/sphere2.tar.gz
1942,CAG_mat364,JGD_CAG,364,13585,10.25313971742543,89.74686028257457,Dense,False,https://sparse.tamu.edu/MM/JGD_CAG/CAG_mat364.tar.gz
519,G55,Gset,5000,24996,0.09998400000000002,99.900016,Extremely sparse,False,https://sparse.tamu.edu/MM/Gset/G55.tar.gz
520,G56,Gset,5000,24996,0.09998400000000002,99.900016,Extremely sparse,False,https://sparse.tamu.edu/MM/Gset/G56.tar.gz
1790,iprob,Meszaros,3001,9000,0.09993336665184999,99.90006663334812,Extremely sparse,False,https://sparse.tamu.edu/MM/Meszaros/iprob.tar.gz
1562,c-43,Schenk_IBMNA,11125,123659,0.09991384926145001,99.90008615073856,Extremely sparse,False,https://sparse.tamu.edu/MM/Schenk_IBMNA/c-43.tar.gz
1239,laser,GHS_indef,3002,9000,0.09986679988158,99.90013320011842,Extremely sparse,False,https://sparse.tamu.edu/MM/GHS_indef/laser.tar.gz
827,av41092,Vavasis,41092,1683902,0.09972458871729999,99.90027541128268,Extremely sparse,False,https://sparse.tamu.edu/MM/Vavasis/av41092.tar.gz
2634,vsp_befref_fxm_2_4_air02,DIMACS10,14109,196448,0.09868590877116,99.90131409122884,Extremely sparse,False,https://sparse.tamu.edu/MM/DIMACS10/vsp_befref_fxm_2_4_air02.tar.gz
368,pct20stif,Boeing,52329,2698463,0.09854431990181,99.90145568009818,Extremely sparse,False,https://sparse.tamu.edu/MM/Boeing/pct20stif.tar.gz
2565,cz10228,CPM,10228,102876,0.09834054958751,99.90165945041248,Extremely sparse,False,https://sparse.tamu.edu/MM/CPM/cz10228.tar.gz
1282,srb1,GHS_psdef,54924,2962152,0.09819356397646,99.90180643602352,Extremely sparse,False,https://sparse.tamu.edu/MM/GHS_psdef/srb1.tar.gz
2643,vsp_p0291_seymourl_iiasa,DIMACS10,10498,107736,0.09775696509302,99.90224303490696,Extremely sparse,False,https://sparse.tamu.edu/MM/DIMACS10/vsp_p0291_seymourl_iiasa.tar.gz
2823,Goodwin_054,Goodwin,32510,1030878,0.0975378846118,99.9024621153882,Extremely sparse,False,https://sparse.tamu.edu/MM/Goodwin/Goodwin_054.tar.gz
1847,Dubcova1,UTEP,16129,253009,0.0972570486278,99.9027429513722,Extremely sparse,False,https://sparse.tamu.edu/MM/UTEP/Dubcova1.tar.gz
355,crystm03,Boeing,24696,583770,0.0957168813196,99.9042831186804,Extremely sparse,True,https://sparse.tamu.edu/MM/Boeing/crystm03.tar.gz
763,shuttle_eddy,Nasa,10429,103599,0.09525115014805,99.90474884985194,Extremely sparse,False,https://sparse.tamu.edu/MM/Nasa/shuttle_eddy.tar.gz
881,shuttle_eddy,Pothen,10429,103599,0.09525115014805,99.90474884985194,Extremely sparse,False,https://sparse.tamu.edu/MM/Pothen/shuttle_eddy.tar.gz
356,ct20stif,Boeing,52329,2600295,0.09495935364653,99.90504064635346,Extremely sparse,False,https://sparse.tamu.edu/MM/Boeing/ct20stif.tar.gz
2331,minnesota,Gleich,2642,6606,0.0946396101868,99.9053603898132,Extremely sparse,False,https://sparse.tamu.edu/MM/Gleich/minnesota.tar.gz
846,bcsstk39,Boeing,46772,2060662,0.09419652476533,99.90580347523466,Extremely sparse,False,https://sparse.tamu.edu/MM/Boeing/bcsstk39.tar.gz
53,bcsstk31,HB,35588,1181416,0.0932815350895,99.9067184649105,Extremely sparse,False,https://sparse.tamu.edu/MM/HB/bcsstk31.tar.gz
63,bcsstm08,HB,1074,1074,0.09310986964618,99.90689013035382,Extremely sparse,False,https://sparse.tamu.edu/MM/HB/bcsstm08.tar.gz
1185,rajat01,Rajat,6833,43250,0.09263247552376,99.90736752447624,Extremely sparse,False,https://sparse.tamu.edu/MM/Rajat/rajat01.tar.gz
887,fv1,Norris,9604,85264,0.09244031146955001,99.90755968853044,Extremely sparse,False,https://sparse.tamu.edu/MM/Norris/fv1.tar.gz
64,bcsstm09,HB,1083,1083,0.09233610341643,99.90766389658356,Extremely sparse,False,https://sparse.tamu.edu/MM/HB/bcsstm09.tar.gz
2569,CurlCurl_0,Bodendiek,11083,113343,0.09227414654392001,99.90772585345609,Extremely sparse,False,https://sparse.tamu.edu/MM/Bodendiek/CurlCurl_0.tar.gz
2229,TSOPF_FS_b39_c7,TSOPF,28216,730080,0.09170215846341,99.90829784153658,Extremely sparse,False,https://sparse.tamu.edu/MM/TSOPF/TSOPF_FS_b39_c7.tar.gz
888,fv2,Norris,9801,87025,0.09059479645349999,99.9094052035465,Extremely sparse,False,https://sparse.tamu.edu/MM/Norris/fv2.tar.gz
889,fv3,Norris,9801,87025,0.09059479645349999,99.9094052035465,Extremely sparse,False,https://sparse.tamu.edu/MM/Norris/fv3.tar.gz
1916,t2d_q4,TKK,9801,87025,0.09059479645349999,99.9094052035465,Extremely sparse,False,https://sparse.tamu.edu/MM/TKK/t2d_q4.tar.gz
1917,t2d_q9,TKK,9801,87025,0.09059479645349999,99.9094052035465,Extremely sparse,False,https://sparse.tamu.edu/MM/TKK/t2d_q9.tar.gz
810,shyy41,Shyy,4720,20042,0.089961577133,99.910038422867,Extremely sparse,False,https://sparse.tamu.edu/MM/Shyy/shyy41.tar.gz
1354,GaAsH6,PARSEC,61349,3381809,0.08985331399442,99.91014668600558,Extremely sparse,False,https://sparse.tamu.edu/MM/PARSEC/GaAsH6.tar.gz
1566,c-47,Schenk_IBMNA,15343,211401,0.08980209474841,99.91019790525158,Extremely sparse,False,https://sparse.tamu.edu/MM/Schenk_IBMNA/c-47.tar.gz
1247,stokes64,GHS_indef,12546,140034,0.08896576714380999,99.9110342328562,Extremely sparse,False,https://sparse.tamu.edu/MM/GHS_indef/stokes64.tar.gz
1248,stokes64s,GHS_indef,12546,140034,0.08896576714380999,99.9110342328562,Extremely sparse,False,https://sparse.tamu.edu/MM/GHS_indef/stokes64s.tar.gz
761,nasasrb,Nasa,54870,2677324,0.0889264613355,99.9110735386645,Extremely sparse,False,https://sparse.tamu.edu/MM/Nasa/nasasrb.tar.gz
2693,hangGlider_3,VDOL,10260,92703,0.08806413369355001,99.91193586630644,Extremely sparse,False,https://sparse.tamu.edu/MM/VDOL/hangGlider_3.tar.gz
1891,eurqsa,Marini,7245,46142,0.08790622599246,99.91209377400752,Extremely sparse,False,https://sparse.tamu.edu/MM/Marini/eurqsa.tar.gz
2708,lowThrust_4,VDOL,13562,160947,0.08750551112859,99.9124944888714,Extremely sparse,False,https://sparse.tamu.edu/MM/VDOL/lowThrust_4.tar.gz
2391,astro-ph,Newman,16706,242502,0.08689011471536,99.91310988528464,Extremely sparse,False,https://sparse.tamu.edu/MM/Newman/astro-ph.tar.gz
2374,consph,Williams,83334,6010480,0.08654952720202,99.91345047279798,Extremely sparse,False,https://sparse.tamu.edu/MM/Williams/consph.tar.gz
1197,rajat13,Rajat,7598,48762,0.0844661951951,99.9155338048049,Extremely sparse,False,https://sparse.tamu.edu/MM/Rajat/rajat13.tar.gz
1399,laminar_duct3D,Raju,67173,3788857,0.08396895047524,99.91603104952476,Extremely sparse,False,https://sparse.tamu.edu/MM/Raju/laminar_duct3D.tar.gz
858,pkustk12,Chen,94653,7512317,0.08385040005906,99.91614959994092,Extremely sparse,False,https://sparse.tamu.edu/MM/Chen/pkustk12.tar.gz
291,af23560,Bai,23560,460598,0.08297962648556,99.91702037351445,Extremely sparse,False,https://sparse.tamu.edu/MM/Bai/af23560.tar.gz
1559,c-40,Schenk_IBMNA,9941,81501,0.08247129040111001,99.91752870959888,Extremely sparse,False,https://sparse.tamu.edu/MM/Schenk_IBMNA/c-40.tar.gz
540,add32,Hamm,4960,19848,0.08067767950051999,99.91932232049948,Extremely sparse,False,https://sparse.tamu.edu/MM/Hamm/add32.tar.gz
837,hydr1,Zitney,5308,22680,0.08049728296825001,99.91950271703176,Extremely sparse,False,https://sparse.tamu.edu/MM/Zitney/hydr1.tar.gz
1536,hydr1c,Zitney,5308,22592,0.08018494783150999,99.91981505216847,Extremely sparse,False,https://sparse.tamu.edu/MM/Zitney/hydr1c.tar.gz
521,G57,Gset,5000,20000,0.08,99.92,Extremely sparse,False,https://sparse.tamu.edu/MM/Gset/G57.tar.gz
322,olm5000,Bai,5000,19996,0.079984,99.920016,Extremely sparse,False,https://sparse.tamu.edu/MM/Bai/olm5000.tar.gz
244,sherman3,HB,5005,20033,0.07997197607587,99.92002802392412,Extremely sparse,False,https://sparse.tamu.edu/MM/HB/sherman3.tar.gz
1879,viscorocks,Mancktelow,37762,1133641,0.07949971444112,99.92050028555887,Extremely sparse,False,https://sparse.tamu.edu/MM/Mancktelow/viscorocks.tar.gz
1598,conf5_4-8x8-05,QCD,49152,1916928,0.079345703125,99.920654296875,Extremely sparse,False,https://sparse.tamu.edu/MM/QCD/conf5_4-8x8-05.tar.gz
1599,conf5_4-8x8-10,QCD,49152,1916928,0.079345703125,99.920654296875,Extremely sparse,False,https://sparse.tamu.edu/MM/QCD/conf5_4-8x8-10.tar.gz
1600,conf5_4-8x8-15,QCD,49152,1916928,0.079345703125,99.920654296875,Extremely sparse,False,https://sparse.tamu.edu/MM/QCD/conf5_4-8x8-15.tar.gz
1601,conf5_4-8x8-20,QCD,49152,1916928,0.079345703125,99.920654296875,Extremely sparse,False,https://sparse.tamu.edu/MM/QCD/conf5_4-8x8-20.tar.gz
1602,conf6_0-8x8-20,QCD,49152,1916928,0.079345703125,99.920654296875,Extremely sparse,False,https://sparse.tamu.edu/MM/QCD/conf6_0-8x8-20.tar.gz
1603,conf6_0-8x8-30,QCD,49152,1916928,0.079345703125,99.920654296875,Extremely sparse,False,https://sparse.tamu.edu/MM/QCD/conf6_0-8x8-30.tar.gz
1604,conf6_0-8x8-80,QCD,49152,1916928,0.079345703125,99.920654296875,Extremely sparse,True,https://sparse.tamu.edu/MM/QCD/conf6_0-8x8-80.tar.gz
849,pkustk03,Chen,63336,3130416,0.07803704050976,99.92196295949024,Extremely sparse,False,https://sparse.tamu.edu/MM/Chen/pkustk03.tar.gz
22,bcspwr10,HB,5300,21842,0.07775720897116001,99.92224279102884,Extremely sparse,False,https://sparse.tamu.edu/MM/HB/bcspwr10.tar.gz
549,g7jac040,Hollinger,11790,107383,0.0772516781879,99.9227483218121,Extremely sparse,False,https://sparse.tamu.edu/MM/Hollinger/g7jac040.tar.gz
550,g7jac040sc,Hollinger,11790,107383,0.0772516781879,99.9227483218121,Extremely sparse,False,https://sparse.tamu.edu/MM/Hollinger/g7jac040sc.tar.gz
336,rw5151,Bai,5151,20199,0.07612841177228,99.92387158822773,Extremely sparse,False,https://sparse.tamu.edu/MM/Bai/rw5151.tar.gz
1183,coupled,IBM_Austin,11341,97193,0.07556701834632,99.92443298165368,Extremely sparse,False,https://sparse.tamu.edu/MM/IBM_Austin/coupled.tar.gz
2709,lowThrust_5,VDOL,16262,198369,0.07501116154467,99.92498883845532,Extremely sparse,False,https://sparse.tamu.edu/MM/VDOL/lowThrust_5.tar.gz
886,tandem_vtx,Pothen,18454,253350,0.07439433672076,99.92560566327924,Extremely sparse,False,https://sparse.tamu.edu/MM/Pothen/tandem_vtx.tar.gz
1290,x104,DNVS,108384,8713602,0.0741766762661,99.9258233237339,Extremely sparse,False,https://sparse.tamu.edu/MM/DNVS/x104.tar.gz
1563,c-44,Schenk_IBMNA,10728,85000,0.07385525398978,99.9261447460102,Extremely sparse,False,https://sparse.tamu.edu/MM/Schenk_IBMNA/c-44.tar.gz
466,meg4,Grund,5860,25258,0.07355356498037001,99.92644643501964,Extremely sparse,False,https://sparse.tamu.edu/MM/Grund/meg4.tar.gz
568,jan99jac020,Hollinger,6774,33744,0.07353704559427,99.92646295440572,Extremely sparse,False,https://sparse.tamu.edu/MM/Hollinger/jan99jac020.tar.gz
569,jan99jac020sc,Hollinger,6774,33744,0.07353704559427,99.92646295440572,Extremely sparse,False,https://sparse.tamu.edu/MM/Hollinger/jan99jac020sc.tar.gz
859,pkustk13,Chen,94893,6616827,0.07348207748909,99.92651792251093,Extremely sparse,False,https://sparse.tamu.edu/MM/Chen/pkustk13.tar.gz
2468,delaunay_n13,DIMACS10,8192,49094,0.07315576076507001,99.92684423923492,Extremely sparse,False,https://sparse.tamu.edu/MM/DIMACS10/delaunay_n13.tar.gz
2710,lowThrust_6,VDOL,16928,207349,0.07235868147001001,99.92764131853,Extremely sparse,False,https://sparse.tamu.edu/MM/VDOL/lowThrust_6.tar.gz
1432,flowmeter0,Oberwolfach,9669,67391,0.07208398379365,99.92791601620634,Extremely sparse,False,https://sparse.tamu.edu/MM/Oberwolfach/flowmeter0.tar.gz
1433,flowmeter5,Oberwolfach,9669,67391,0.07208398379365,99.92791601620634,Extremely sparse,False,https://sparse.tamu.edu/MM/Oberwolfach/flowmeter5.tar.gz
1255,copter1,GHS_psdef,17222,211064,0.07116181144801,99.928838188552,Extremely sparse,False,https://sparse.tamu.edu/MM/GHS_psdef/copter1.tar.gz
1478,GD01_Acap,Pajek,953,645,0.07101889543045,99.92898110456954,Extremely sparse,False,https://sparse.tamu.edu/MM/Pajek/GD01_Acap.tar.gz
2214,case9,QY,14454,147972,0.07082774956672,99.92917225043328,Extremely sparse,False,https://sparse.tamu.edu/MM/QY/case9.tar.gz
2231,TSOPF_FS_b9_c6,TSOPF,14454,147972,0.07082774956672,99.92917225043328,Extremely sparse,False,https://sparse.tamu.edu/MM/TSOPF/TSOPF_FS_b9_c6.tar.gz
2711,lowThrust_7,VDOL,17378,211561,0.07005449800931,99.92994550199067,Extremely sparse,False,https://sparse.tamu.edu/MM/VDOL/lowThrust_7.tar.gz
525,G60,Gset,7000,34296,0.06999183673468999,99.9300081632653,Extremely sparse,False,https://sparse.tamu.edu/MM/Gset/G60.tar.gz
526,G61,Gset,7000,34296,0.06999183673468999,99.9300081632653,Extremely sparse,False,https://sparse.tamu.edu/MM/Gset/G61.tar.gz
1428,chipcool0,Oberwolfach,20082,281150,0.0697146678203,99.9302853321797,Extremely sparse,False,https://sparse.tamu.edu/MM/Oberwolfach/chipcool0.tar.gz
1429,chipcool1,Oberwolfach,20082,281150,0.0697146678203,99.9302853321797,Extremely sparse,False,https://sparse.tamu.edu/MM/Oberwolfach/chipcool1.tar.gz
1208,t3dh_a,Oberwolfach,79171,4352105,0.06943318760478,99.9305668123952,Extremely sparse,False,https://sparse.tamu.edu/MM/Oberwolfach/t3dh_a.tar.gz
1209,t3dh_e,Oberwolfach,79171,4352105,0.06943318760478,99.9305668123952,Extremely sparse,False,https://sparse.tamu.edu/MM/Oberwolfach/t3dh_e.tar.gz
1450,t3dh,Oberwolfach,79171,4352105,0.06943318760478,99.9305668123952,Extremely sparse,False,https://sparse.tamu.edu/MM/Oberwolfach/t3dh.tar.gz
2712,lowThrust_8,VDOL,17702,216445,0.06907213577356,99.93092786422643,Extremely sparse,False,https://sparse.tamu.edu/MM/VDOL/lowThrust_8.tar.gz
970,nmos3,Schenk_ISEI,18588,237130,0.06863113381677,99.93136886618322,Extremely sparse,False,https://sparse.tamu.edu/MM/Schenk_ISEI/nmos3.tar.gz
933,waveguide3D,FEMLAB,21036,303468,0.06857827838013,99.93142172161986,Extremely sparse,False,https://sparse.tamu.edu/MM/FEMLAB/waveguide3D.tar.gz
2350,bips98_606,Rommes,7135,34738,0.06823651777291,99.93176348222708,Extremely sparse,False,https://sparse.tamu.edu/MM/Rommes/bips98_606.tar.gz
66,bcsstm11,HB,1473,1473,0.06788866259334,99.93211133740664,Extremely sparse,False,https://sparse.tamu.edu/MM/HB/bcsstm11.tar.gz
857,pkustk11,Chen,87804,5217912,0.0676812152842,99.9323187847158,Extremely sparse,False,https://sparse.tamu.edu/MM/Chen/pkustk11.tar.gz
2713,lowThrust_9,VDOL,18044,219589,0.06744425226032999,99.93255574773968,Extremely sparse,False,https://sparse.tamu.edu/MM/VDOL/lowThrust_9.tar.gz
1473,foldoc,Pajek,13356,120238,0.06740450488437,99.93259549511563,Extremely sparse,False,https://sparse.tamu.edu/MM/Pajek/foldoc.tar.gz
2887,usps_norm_5NN,ML_Graph,11000,81112,0.06703471074379999,99.9329652892562,Extremely sparse,False,https://sparse.tamu.edu/MM/ML_Graph/usps_norm_5NN.tar.gz
1303,linverse,GHS_indef,11999,95977,0.06666180428222,99.93333819571777,Extremely sparse,False,https://sparse.tamu.edu/MM/GHS_indef/linverse.tar.gz
551,g7jac050sc,Hollinger,14760,145157,0.06662930281064,99.93337069718936,Extremely sparse,False,https://sparse.tamu.edu/MM/Hollinger/g7jac050sc.tar.gz
2714,lowThrust_10,VDOL,18260,222005,0.0665826704208,99.9334173295792,Extremely sparse,False,https://sparse.tamu.edu/MM/VDOL/lowThrust_10.tar.gz
2715,lowThrust_11,VDOL,18368,223801,0.06633431996943,99.93366568003056,Extremely sparse,False,https://sparse.tamu.edu/MM/VDOL/lowThrust_11.tar.gz
1356,Ge99H100,PARSEC,112985,8451395,0.06620439486276,99.93379560513723,Extremely sparse,False,https://sparse.tamu.edu/MM/PARSEC/Ge99H100.tar.gz
856,pkustk10,Chen,80676,4308984,0.06620429525794,99.93379570474204,Extremely sparse,False,https://sparse.tamu.edu/MM/Chen/pkustk10.tar.gz
2716,lowThrust_12,VDOL,18458,224593,0.06592147754746999,99.93407852245252,Extremely sparse,False,https://sparse.tamu.edu/MM/VDOL/lowThrust_12.tar.gz
2717,lowThrust_13,VDOL,18476,224897,0.06588214872153,99.93411785127846,Extremely sparse,False,https://sparse.tamu.edu/MM/VDOL/lowThrust_13.tar.gz
755,barth4,Nasa,6019,23492,0.06484422521902,99.93515577478098,Extremely sparse,False,https://sparse.tamu.edu/MM/Nasa/barth4.tar.gz
2136,case39,QY,40216,1042160,0.06443719925926,99.93556280074073,Extremely sparse,False,https://sparse.tamu.edu/MM/QY/case39.tar.gz
860,pkustk14,Chen,151926,14836504,0.06427874232154,99.93572125767844,Extremely sparse,True,https://sparse.tamu.edu/MM/Chen/pkustk14.tar.gz
454,bayer03,Grund,6747,29195,0.06413381272342,99.93586618727656,Extremely sparse,False,https://sparse.tamu.edu/MM/Grund/bayer03.tar.gz
1472,FA,Pajek,10617,72176,0.06403083643323,99.93596916356675,Extremely sparse,False,https://sparse.tamu.edu/MM/Pajek/FA.tar.gz
1507,Kohonen,Pajek,4470,12731,0.06371584863544,99.93628415136456,Extremely sparse,False,https://sparse.tamu.edu/MM/Pajek/Kohonen.tar.gz
580,mark3jac020,Hollinger,9129,52883,0.06345555838856999,99.93654444161145,Extremely sparse,False,https://sparse.tamu.edu/MM/Hollinger/mark3jac020.tar.gz
581,mark3jac020sc,Hollinger,9129,52883,0.06345555838856999,99.93654444161145,Extremely sparse,True,https://sparse.tamu.edu/MM/Hollinger/mark3jac020sc.tar.gz
862,kim1,Kim,38415,933195,0.06323692276791,99.93676307723209,Extremely sparse,False,https://sparse.tamu.edu/MM/Kim/kim1.tar.gz
896,torso1,Norris,116158,8516500,0.06311940542226,99.93688059457774,Extremely sparse,False,https://sparse.tamu.edu/MM/Norris/torso1.tar.gz
1200,Hamrle2,Hamrle,5952,22162,0.06255803597236,99.93744196402764,Extremely sparse,False,https://sparse.tamu.edu/MM/Hamrle/Hamrle2.tar.gz
312,dw4096,Bai,8192,41746,0.06220638751982999,99.93779361248016,Extremely sparse,False,https://sparse.tamu.edu/MM/Bai/dw4096.tar.gz
1615,dw8192,Bai,8192,41746,0.06220638751982999,99.93779361248016,Extremely sparse,False,https://sparse.tamu.edu/MM/Bai/dw8192.tar.gz
1308,sparsine,GHS_indef,50000,1548988,0.06195952,99.93804048,Extremely sparse,False,https://sparse.tamu.edu/MM/GHS_indef/sparsine.tar.gz
749,lhr34c,Mallya,35152,764014,0.06183028347506,99.93816971652494,Extremely sparse,False,https://sparse.tamu.edu/MM/Mallya/lhr34c.tar.gz
1355,Ge87H76,PARSEC,112985,7892195,0.06182387571683,99.93817612428316,Extremely sparse,False,https://sparse.tamu.edu/MM/PARSEC/Ge87H76.tar.gz
2694,hangGlider_4,VDOL,15561,149532,0.061753152983249994,99.93824684701674,Extremely sparse,False,https://sparse.tamu.edu/MM/VDOL/hangGlider_4.tar.gz
2360,M80PI_n1,Rommes,4028,9927,0.06118417354585,99.93881582645416,Extremely sparse,False,https://sparse.tamu.edu/MM/Rommes/M80PI_n1.tar.gz
2368,S80PI_n1,Rommes,4028,9927,0.06118417354585,99.93881582645416,Extremely sparse,False,https://sparse.tamu.edu/MM/Rommes/S80PI_n1.tar.gz
442,nopoly,Gaertner,10774,70842,0.06102908675806,99.93897091324192,Extremely sparse,False,https://sparse.tamu.edu/MM/Gaertner/nopoly.tar.gz
2695,hangGlider_5,VDOL,16011,155246,0.06055967057904,99.93944032942096,Extremely sparse,False,https://sparse.tamu.edu/MM/VDOL/hangGlider_5.tar.gz
748,lhr34,Mallya,35152,746972,0.06045110496396,99.93954889503604,Extremely sparse,False,https://sparse.tamu.edu/MM/Mallya/lhr34.tar.gz
934,cell1,Lucifora,7055,30082,0.060438359934920007,99.93956164006508,Extremely sparse,False,https://sparse.tamu.edu/MM/Lucifora/cell1.tar.gz
935,cell2,Lucifora,7055,30082,0.060438359934920007,99.93956164006508,Extremely sparse,False,https://sparse.tamu.edu/MM/Lucifora/cell2.tar.gz
1461,EAT_RS,Pajek,23219,325592,0.060393013743320005,99.93960698625668,Extremely sparse,False,https://sparse.tamu.edu/MM/Pajek/EAT_RS.tar.gz
1462,EAT_SR,Pajek,23219,325589,0.06039245728296,99.93960754271704,Extremely sparse,False,https://sparse.tamu.edu/MM/Pajek/EAT_SR.tar.gz
2424,whitaker3,AG-Monien,9800,57978,0.060368596418150004,99.93963140358184,Extremely sparse,False,https://sparse.tamu.edu/MM/AG-Monien/whitaker3.tar.gz
346,bcsstm36,Boeing,23052,320606,0.060332930980809996,99.9396670690192,Extremely sparse,False,https://sparse.tamu.edu/MM/Boeing/bcsstm36.tar.gz
2889,worms20_10NN,ML_Graph,20055,240826,0.05987672519369999,99.9401232748063,Extremely sparse,False,https://sparse.tamu.edu/MM/ML_Graph/worms20_10NN.tar.gz
2490,kron_g500-logn17,DIMACS10,131072,10228360,0.05953689105808,99.94046310894193,Extremely sparse,False,https://sparse.tamu.edu/MM/DIMACS10/kron_g500-logn17.tar.gz
2537,OPF_3754,IPSO,15435,141478,0.059384847310510004,99.94061515268947,Extremely sparse,False,https://sparse.tamu.edu/MM/IPSO/OPF_3754.tar.gz
754,barth,Nasa,6691,26439,0.05905585548333,99.94094414451666,Extremely sparse,False,https://sparse.tamu.edu/MM/Nasa/barth.tar.gz
2531,uk,DIMACS10,4824,13674,0.05875989043174999,99.94124010956824,Extremely sparse,False,https://sparse.tamu.edu/MM/DIMACS10/uk.tar.gz
2364,M80PI_n,Rommes,4182,10261,0.05867074874647,99.94132925125352,Extremely sparse,False,https://sparse.tamu.edu/MM/Rommes/M80PI_n.tar.gz
2372,S80PI_n,Rommes,4182,10261,0.05867074874647,99.94132925125352,Extremely sparse,True,https://sparse.tamu.edu/MM/Rommes/S80PI_n.tar.gz
1565,c-46,Schenk_IBMNA,14913,130397,0.05863238550058,99.94136761449944,Extremely sparse,False,https://sparse.tamu.edu/MM/Schenk_IBMNA/c-46.tar.gz
431,ex35,FIDAP,19716,227872,0.058621016527609995,99.9413789834724,Extremely sparse,False,https://sparse.tamu.edu/MM/FIDAP/ex35.tar.gz
552,g7jac060,Hollinger,17730,183325,0.05831821497431,99.94168178502568,Extremely sparse,False,https://sparse.tamu.edu/MM/Hollinger/g7jac060.tar.gz
553,g7jac060sc,Hollinger,17730,183325,0.05831821497431,99.94168178502568,Extremely sparse,False,https://sparse.tamu.edu/MM/Hollinger/g7jac060sc.tar.gz
1245,sit100,GHS_indef,10262,61046,0.057968650702590004,99.9420313492974,Extremely sparse,False,https://sparse.tamu.edu/MM/GHS_indef/sit100.tar.gz
2414,crack,AG-Monien,10240,60760,0.05794525146484,99.94205474853516,Extremely sparse,False,https://sparse.tamu.edu/MM/AG-Monien/crack.tar.gz
443,pesa,Gaertner,11738,79566,0.05774831477779999,99.9422516852222,Extremely sparse,False,https://sparse.tamu.edu/MM/Gaertner/pesa.tar.gz
2811,TEM27623,Guettel,27623,439469,0.05759523553491999,99.94240476446508,Extremely sparse,False,https://sparse.tamu.edu/MM/Guettel/TEM27623.tar.gz
2824,Goodwin_071,Goodwin,56021,1797934,0.05728910419719999,99.9427108958028,Extremely sparse,False,https://sparse.tamu.edu/MM/Goodwin/Goodwin_071.tar.gz
527,G62,Gset,7000,28000,0.05714285714285,99.94285714285716,Extremely sparse,False,https://sparse.tamu.edu/MM/Gset/G62.tar.gz
1187,rajat03,Rajat,7602,32653,0.05650246016622,99.9434975398338,Extremely sparse,False,https://sparse.tamu.edu/MM/Rajat/rajat03.tar.gz
1404,Kaufhold,MathWorks,8765,42471,0.05528262364347,99.94471737635652,Extremely sparse,False,https://sparse.tamu.edu/MM/MathWorks/Kaufhold.tar.gz
1880,water_tank,Rudnyi,60740,2035281,0.055166420209359995,99.94483357979064,Extremely sparse,False,https://sparse.tamu.edu/MM/Rudnyi/water_tank.tar.gz
1640,tols4000,Bai,4000,8784,0.054900000000000004,99.9451,Extremely sparse,False,https://sparse.tamu.edu/MM/Bai/tols4000.tar.gz
1272,pds10,GHS_psdef,16558,149658,0.05458636572075,99.94541363427923,Extremely sparse,False,https://sparse.tamu.edu/MM/GHS_psdef/pds10.tar.gz
1361,Si34H36,PARSEC,97569,5156379,0.054165296311070005,99.94583470368892,Extremely sparse,False,https://sparse.tamu.edu/MM/PARSEC/Si34H36.tar.gz
1275,s3dkq4m2,GHS_psdef,90449,4427725,0.05412190819125,99.94587809180877,Extremely sparse,False,https://sparse.tamu.edu/MM/GHS_psdef/s3dkq4m2.tar.gz
1530,USpowerGrid,Pajek,4941,13188,0.05401933464547,99.94598066535453,Extremely sparse,False,https://sparse.tamu.edu/MM/Pajek/USpowerGrid.tar.gz
2404,power,Newman,4941,13188,0.05401933464547,99.94598066535453,Extremely sparse,False,https://sparse.tamu.edu/MM/Newman/power.tar.gz
2299,ca-HepTh,SNAP,9877,51971,0.05327346755904,99.94672653244096,Extremely sparse,False,https://sparse.tamu.edu/MM/SNAP/ca-HepTh.tar.gz
1508,Lederberg,Pajek,8843,41601,0.05319912879824,99.94680087120176,Extremely sparse,False,https://sparse.tamu.edu/MM/Pajek/Lederberg.tar.gz
2523,fe_4elt2,DIMACS10,11143,65636,0.05286130072061,99.94713869927938,Extremely sparse,False,https://sparse.tamu.edu/MM/DIMACS10/fe_4elt2.tar.gz
441,big,Gaertner,13209,91465,0.05242217771108,99.9475778222889,Extremely sparse,False,https://sparse.tamu.edu/MM/Gaertner/big.tar.gz
2311,p2p-Gnutella08,SNAP,6301,20777,0.05233158401889,99.9476684159811,Extremely sparse,False,https://sparse.tamu.edu/MM/SNAP/p2p-Gnutella08.tar.gz
76,bcsstm26,HB,1922,1922,0.05202913631633,99.94797086368366,Extremely sparse,False,https://sparse.tamu.edu/MM/HB/bcsstm26.tar.gz
1288,wathen100,GHS_psdef,30401,471601,0.05102687577359,99.9489731242264,Extremely sparse,False,https://sparse.tamu.edu/MM/GHS_psdef/wathen100.tar.gz
467,poli,Grund,4008,8188,0.05097091246648,99.94902908753352,Extremely sparse,False,https://sparse.tamu.edu/MM/Grund/poli.tar.gz
917,fd12,Hohn,7500,28462,0.050599111111110005,99.94940088888887,Extremely sparse,False,https://sparse.tamu.edu/MM/Hohn/fd12.tar.gz
871,commanche_dual,Pothen,7920,31680,0.05050505050505,99.94949494949496,Extremely sparse,False,https://sparse.tamu.edu/MM/Pothen/commanche_dual.tar.gz
1242,ncvxqp1,GHS_indef,12111,73963,0.05042599889043999,99.94957400110955,Extremely sparse,False,https://sparse.tamu.edu/MM/GHS_indef/ncvxqp1.tar.gz
1351,Ga19As19H42,PARSEC,133123,8884839,0.050135271394309996,99.94986472860568,Extremely sparse,False,https://sparse.tamu.edu/MM/PARSEC/Ga19As19H42.tar.gz
801,xenon1,Ronis,48600,1181120,0.05000592728073001,99.94999407271926,Extremely sparse,False,https://sparse.tamu.edu/MM/Ronis/xenon1.tar.gz
530,G65,Gset,8000,32000,0.05,99.95,Extremely sparse,False,https://sparse.tamu.edu/MM/Gset/G65.tar.gz
1425,bloweybq,GHS_indef,10001,49999,0.049989001699770004,99.95001099830024,Extremely sparse,False,https://sparse.tamu.edu/MM/GHS_indef/bloweybq.tar.gz
1612,cryg10000,Bai,10000,49699,0.049699,99.950301,Extremely sparse,False,https://sparse.tamu.edu/MM/Bai/cryg10000.tar.gz
1357,H2O,PARSEC,67024,2216736,0.049346151560079994,99.95065384843991,Extremely sparse,False,https://sparse.tamu.edu/MM/PARSEC/H2O.tar.gz
1567,c-48,Schenk_IBMNA,18354,166080,0.04930101737137,99.95069898262862,Extremely sparse,True,https://sparse.tamu.edu/MM/Schenk_IBMNA/c-48.tar.gz
2566,cz20468,CPM,20468,206076,0.04918997472052,99.95081002527948,Extremely sparse,False,https://sparse.tamu.edu/MM/CPM/cz20468.tar.gz
1458,CSphd,Pajek,1882,1740,0.04912584233879,99.9508741576612,Extremely sparse,False,https://sparse.tamu.edu/MM/Pajek/CSphd.tar.gz
2815,windtunnel_evap3d,Grueninger,40816,803978,0.04825955159973,99.95174044840026,Extremely sparse,False,https://sparse.tamu.edu/MM/Grueninger/windtunnel_evap3d.tar.gz
1254,bmwcra_1,GHS_psdef,148770,10641602,0.048081309375400005,99.9519186906246,Extremely sparse,False,https://sparse.tamu.edu/MM/GHS_psdef/bmwcra_1.tar.gz
1350,Ga10As10H30,PARSEC,113081,6115633,0.047825788028759995,99.95217421197124,Extremely sparse,False,https://sparse.tamu.edu/MM/PARSEC/Ga10As10H30.tar.gz
1873,light_in_tissue,Dehghani,29282,406084,0.04736029574627,99.95263970425373,Extremely sparse,False,https://sparse.tamu.edu/MM/Dehghani/light_in_tissue.tar.gz
2240,TSOPF_RS_b39_c19,TSOPF,38098,684206,0.04713923425075,99.95286076574924,Extremely sparse,False,https://sparse.tamu.edu/MM/TSOPF/TSOPF_RS_b39_c19.tar.gz
1466,Erdos972,Pajek,5488,14170,0.04704805183214,99.95295194816784,Extremely sparse,False,https://sparse.tamu.edu/MM/Pajek/Erdos972.tar.gz
2324,Oregon-2,SNAP,11806,65460,0.04696458003979,99.9530354199602,Extremely sparse,False,https://sparse.tamu.edu/MM/SNAP/Oregon-2.tar.gz
1367,SiO2,PARSEC,155331,11283503,0.04676572508841,99.95323427491158,Extremely sparse,False,https://sparse.tamu.edu/MM/PARSEC/SiO2.tar.gz
554,g7jac080,Hollinger,23670,259648,0.046343461148739995,99.95365653885123,Extremely sparse,False,https://sparse.tamu.edu/MM/Hollinger/g7jac080.tar.gz
555,g7jac080sc,Hollinger,23670,259648,0.046343461148739995,99.95365653885123,Extremely sparse,False,https://sparse.tamu.edu/MM/Hollinger/g7jac080sc.tar.gz
1502,HEP-th,Pajek,27240,342437,0.04614944443366,99.95385055556632,Extremely sparse,False,https://sparse.tamu.edu/MM/Pajek/HEP-th.tar.gz
1906,s4dkt3m2,TKK,90449,3753461,0.0458801013255,99.95411989867448,Extremely sparse,False,https://sparse.tamu.edu/MM/TKK/s4dkt3m2.tar.gz
2837,mosfet2,VLSI,46994,1013062,0.04587237228001,99.95412762771998,Extremely sparse,False,https://sparse.tamu.edu/MM/VLSI/mosfet2.tar.gz
1503,HEP-th-new,Pajek,27770,352807,0.045749403279079996,99.95425059672093,Extremely sparse,False,https://sparse.tamu.edu/MM/Pajek/HEP-th-new.tar.gz
2293,cit-HepTh,SNAP,27770,352807,0.045749403279079996,99.95425059672093,Extremely sparse,False,https://sparse.tamu.edu/MM/SNAP/cit-HepTh.tar.gz
2398,hep-th,Newman,8361,31502,0.04506316388756,99.95493683611242,Extremely sparse,False,https://sparse.tamu.edu/MM/Newman/hep-th.tar.gz
1276,s3dkt3m2,GHS_psdef,90449,3686223,0.0450582235298,99.9549417764702,Extremely sparse,False,https://sparse.tamu.edu/MM/GHS_psdef/s3dkt3m2.tar.gz
2320,as-735,SNAP,7716,26467,0.04445496569374,99.95554503430624,Extremely sparse,False,https://sparse.tamu.edu/MM/SNAP/as-735.tar.gz
531,G66,Gset,9000,36000,0.04444444444444,99.95555555555556,Extremely sparse,False,https://sparse.tamu.edu/MM/Gset/G66.tar.gz
1500,geom,Pajek,7343,23796,0.04413233476352,99.95586766523648,Extremely sparse,False,https://sparse.tamu.edu/MM/Pajek/geom.tar.gz
820,venkat01,Simon,62424,1717792,0.04408261894624,99.95591738105377,Extremely sparse,False,https://sparse.tamu.edu/MM/Simon/venkat01.tar.gz
867,barth5,Pothen,15606,107362,0.04408261894624,99.95591738105377,Extremely sparse,False,https://sparse.tamu.edu/MM/Pothen/barth5.tar.gz
822,venkat50,Simon,62424,1717777,0.04408223401065,99.95591776598934,Extremely sparse,True,https://sparse.tamu.edu/MM/Simon/venkat50.tar.gz
821,venkat25,Simon,62424,1717763,0.04408187473743,99.95591812526256,Extremely sparse,False,https://sparse.tamu.edu/MM/Simon/venkat25.tar.gz
2422,ukerbe1,AG-Monien,5981,15704,0.04389981416099,99.956100185839,Extremely sparse,False,https://sparse.tamu.edu/MM/AG-Monien/ukerbe1.tar.gz
1862,Ill_Stokes,Szczerba,20896,191368,0.04382712665539,99.9561728733446,Extremely sparse,False,https://sparse.tamu.edu/MM/Szczerba/Ill_Stokes.tar.gz
288,epb1,Averous,14734,95053,0.04378491362386,99.95621508637612,Extremely sparse,False,https://sparse.tamu.edu/MM/Averous/epb1.tar.gz
1362,Si41Ge41H72,PARSEC,185639,15011265,0.04355909531051,99.95644090468949,Extremely sparse,False,https://sparse.tamu.edu/MM/PARSEC/Si41Ge41H72.tar.gz
1468,Erdos982,Pajek,5822,14750,0.04351586473369,99.95648413526632,Extremely sparse,False,https://sparse.tamu.edu/MM/Pajek/Erdos982.tar.gz
2351,bips98_1142,Rommes,9735,40983,0.04324459501916,99.95675540498084,Extremely sparse,False,https://sparse.tamu.edu/MM/Rommes/bips98_1142.tar.gz
2405,PGPgiantcompo,Arenas,10680,48632,0.042636311352379996,99.95736368864762,Extremely sparse,False,https://sparse.tamu.edu/MM/Arenas/PGPgiantcompo.tar.gz
1289,wathen120,GHS_psdef,36441,565761,0.04260420190834,99.95739579809164,Extremely sparse,False,https://sparse.tamu.edu/MM/GHS_psdef/wathen120.tar.gz
901,shermanACb,Shen,18510,145149,0.04236441469721,99.95763558530278,Extremely sparse,False,https://sparse.tamu.edu/MM/Shen/shermanACb.tar.gz
2874,k49_norm_10NN,ML_Graph,38547,618158,0.041602394356639996,99.95839760564336,Extremely sparse,False,https://sparse.tamu.edu/MM/ML_Graph/k49_norm_10NN.tar.gz
2310,p2p-Gnutella06,SNAP,8717,31525,0.041487857073409996,99.95851214292658,Extremely sparse,False,https://sparse.tamu.edu/MM/SNAP/p2p-Gnutella06.tar.gz
1237,helm3d01,GHS_indef,32226,428444,0.04125544345973,99.95874455654028,Extremely sparse,False,https://sparse.tamu.edu/MM/GHS_indef/helm3d01.tar.gz
807,struct3,Rothberg,53570,1173694,0.040898896623180005,99.95910110337682,Extremely sparse,False,https://sparse.tamu.edu/MM/Rothberg/struct3.tar.gz
2309,p2p-Gnutella05,SNAP,8846,31839,0.04068792561686,99.95931207438312,Extremely sparse,False,https://sparse.tamu.edu/MM/SNAP/p2p-Gnutella05.tar.gz
1470,Erdos992,Pajek,6100,15030,0.0403923676431,99.95960763235688,Extremely sparse,False,https://sparse.tamu.edu/MM/Pajek/Erdos992.tar.gz
532,G67,Gset,10000,40000,0.04,99.96,Extremely sparse,False,https://sparse.tamu.edu/MM/Gset/G67.tar.gz
2269,ABACUS_shell_ud,Puri,23412,218484,0.03986048763648,99.96013951236353,Extremely sparse,False,https://sparse.tamu.edu/MM/Puri/ABACUS_shell_ud.tar.gz
2270,ABACUS_shell_ld,Puri,23412,218484,0.03986048763648,99.96013951236353,Extremely sparse,False,https://sparse.tamu.edu/MM/Puri/ABACUS_shell_ld.tar.gz
2271,ABACUS_shell_md,Puri,23412,218484,0.03986048763648,99.96013951236353,Extremely sparse,False,https://sparse.tamu.edu/MM/Puri/ABACUS_shell_md.tar.gz
2272,ABACUS_shell_hd,Puri,23412,218484,0.03986048763648,99.96013951236353,Extremely sparse,False,https://sparse.tamu.edu/MM/Puri/ABACUS_shell_hd.tar.gz
461,bayer10,Grund,13436,71594,0.03965853224898,99.960341467751,Extremely sparse,False,https://sparse.tamu.edu/MM/Grund/bayer10.tar.gz
2312,p2p-Gnutella09,SNAP,8114,26013,0.03951121949731,99.96048878050269,Extremely sparse,False,https://sparse.tamu.edu/MM/SNAP/p2p-Gnutella09.tar.gz
1270,oilpan,GHS_psdef,73752,2148558,0.03950021667853,99.96049978332148,Extremely sparse,False,https://sparse.tamu.edu/MM/GHS_psdef/oilpan.tar.gz
868,bodyy4,Pothen,17546,121550,0.03948196081391,99.96051803918608,Extremely sparse,False,https://sparse.tamu.edu/MM/Pothen/bodyy4.tar.gz
1190,rajat06,Rajat,10922,46983,0.03938550332481,99.96061449667518,Extremely sparse,False,https://sparse.tamu.edu/MM/Rajat/rajat06.tar.gz
1463,EPA,Pajek,4772,8965,0.03936855040825,99.96063144959174,Extremely sparse,False,https://sparse.tamu.edu/MM/Pajek/EPA.tar.gz
1221,c-58,GHS_indef,37595,552551,0.03909418744137,99.96090581255862,Extremely sparse,False,https://sparse.tamu.edu/MM/GHS_indef/c-58.tar.gz
2793,sx-mathoverflow,SNAP,24818,239978,0.03896169740661,99.96103830259338,Extremely sparse,True,https://sparse.tamu.edu/MM/SNAP/sx-mathoverflow.tar.gz
1572,c-53,Schenk_IBMNA,30235,355139,0.038848872739299996,99.96115112726068,Extremely sparse,False,https://sparse.tamu.edu/MM/Schenk_IBMNA/c-53.tar.gz
2830,ifiss_mat,Embree,96307,3599932,0.03881312295815,99.96118687704184,Extremely sparse,False,https://sparse.tamu.edu/MM/Embree/ifiss_mat.tar.gz
570,jan99jac040,Hollinger,13694,72734,0.038786163615509996,99.96121383638447,Extremely sparse,False,https://sparse.tamu.edu/MM/Hollinger/jan99jac040.tar.gz
571,jan99jac040sc,Hollinger,13694,72734,0.038786163615509996,99.96121383638447,Extremely sparse,False,https://sparse.tamu.edu/MM/Hollinger/jan99jac040sc.tar.gz
806,gearbox,Rothberg,153746,9080404,0.03841470656776,99.96158529343224,Extremely sparse,False,https://sparse.tamu.edu/MM/Rothberg/gearbox.tar.gz
556,g7jac100,Hollinger,29610,335972,0.03832006789604,99.96167993210396,Extremely sparse,False,https://sparse.tamu.edu/MM/Hollinger/g7jac100.tar.gz
557,g7jac100sc,Hollinger,29610,335972,0.03832006789604,99.96167993210396,Extremely sparse,False,https://sparse.tamu.edu/MM/Hollinger/g7jac100sc.tar.gz
1573,c-54,Schenk_IBMNA,31793,385987,0.03818648268556,99.96181351731444,Extremely sparse,False,https://sparse.tamu.edu/MM/Schenk_IBMNA/c-54.tar.gz
1233,dawson5,GHS_indef,51537,1010777,0.03805546932169,99.96194453067832,Extremely sparse,False,https://sparse.tamu.edu/MM/GHS_indef/dawson5.tar.gz
1434,gas_sensor,Oberwolfach,66917,1703365,0.03803949950085,99.96196050049916,Extremely sparse,False,https://sparse.tamu.edu/MM/Oberwolfach/gas_sensor.tar.gz
844,qa8fk,Cunningham,66127,1660579,0.037975360091559995,99.96202463990844,Extremely sparse,False,https://sparse.tamu.edu/MM/Cunningham/qa8fk.tar.gz
845,qa8fm,Cunningham,66127,1660579,0.037975360091559995,99.96202463990844,Extremely sparse,False,https://sparse.tamu.edu/MM/Cunningham/qa8fm.tar.gz
1570,c-51,Schenk_IBMNA,23196,203048,0.03773744698714,99.96226255301283,Extremely sparse,False,https://sparse.tamu.edu/MM/Schenk_IBMNA/c-51.tar.gz
1220,c-55,GHS_indef,32780,403450,0.037546704209949995,99.96245329579004,Extremely sparse,False,https://sparse.tamu.edu/MM/GHS_indef/c-55.tar.gz
1426,cvxqp3,GHS_indef,17500,114962,0.037538612244889996,99.9624613877551,Extremely sparse,False,https://sparse.tamu.edu/MM/GHS_indef/cvxqp3.tar.gz
1841,wb-cs-stanford,Gleich,9914,36854,0.03749616074883,99.96250383925116,Extremely sparse,False,https://sparse.tamu.edu/MM/Gleich/wb-cs-stanford.tar.gz
869,bodyy5,Pothen,18589,128853,0.03728914963592,99.96271085036408,Extremely sparse,False,https://sparse.tamu.edu/MM/Pothen/bodyy5.tar.gz
912,cage11,vanHeukelum,39082,559722,0.03664534514736,99.96335465485264,Extremely sparse,False,https://sparse.tamu.edu/MM/vanHeukelum/cage11.tar.gz
1253,bmw7st_1,GHS_psdef,141347,7318399,0.03663050389965,99.96336949610034,Extremely sparse,False,https://sparse.tamu.edu/MM/GHS_psdef/bmw7st_1.tar.gz
2527,fe_sphere,DIMACS10,16386,98304,0.0366121546901,99.9633878453099,Extremely sparse,False,https://sparse.tamu.edu/MM/DIMACS10/fe_sphere.tar.gz
2412,airfoil1_dual,AG-Monien,8034,23626,0.03660383127743,99.96339616872255,Extremely sparse,False,https://sparse.tamu.edu/MM/AG-Monien/airfoil1_dual.tar.gz
2469,delaunay_n14,DIMACS10,16384,98244,0.0365987420082,99.9634012579918,Extremely sparse,False,https://sparse.tamu.edu/MM/DIMACS10/delaunay_n14.tar.gz
804,cfd1,Rothberg,70656,1825580,0.036568131874490005,99.9634318681255,Extremely sparse,False,https://sparse.tamu.edu/MM/Rothberg/cfd1.tar.gz
1569,c-50,Schenk_IBMNA,22401,180245,0.03591934545879,99.9640806545412,Extremely sparse,False,https://sparse.tamu.edu/MM/Schenk_IBMNA/c-50.tar.gz
870,bodyy6,Pothen,19366,134208,0.03578479630156,99.96421520369844,Extremely sparse,False,https://sparse.tamu.edu/MM/Pothen/bodyy6.tar.gz
1869,viscoplastic2,Quaglino,32769,381326,0.03551158372064,99.96448841627937,Extremely sparse,False,https://sparse.tamu.edu/MM/Quaglino/viscoplastic2.tar.gz
2323,Oregon-1,SNAP,11492,46818,0.03545043941038,99.96454956058962,Extremely sparse,False,https://sparse.tamu.edu/MM/SNAP/Oregon-1.tar.gz
1571,c-52,Schenk_IBMNA,23948,202708,0.03534535840404,99.96465464159596,Extremely sparse,True,https://sparse.tamu.edu/MM/Schenk_IBMNA/c-52.tar.gz
2292,cit-HepPh,SNAP,34546,421578,0.03532501881331,99.96467498118668,Extremely sparse,False,https://sparse.tamu.edu/MM/SNAP/cit-HepPh.tar.gz
1464,Erdos02,Pajek,6927,16944,0.035312264390820004,99.96468773560916,Extremely sparse,False,https://sparse.tamu.edu/MM/Pajek/Erdos02.tar.gz
1568,c-49,Schenk_IBMNA,21132,157040,0.03516649481124,99.96483350518876,Extremely sparse,False,https://sparse.tamu.edu/MM/Schenk_IBMNA/c-49.tar.gz
2352,bips98_1450,Rommes,11305,44678,0.03495848396389,99.9650415160361,Extremely sparse,False,https://sparse.tamu.edu/MM/Rommes/bips98_1450.tar.gz
2296,ca-CondMat,SNAP,23133,186936,0.0349324486934,99.9650675513066,Extremely sparse,True,https://sparse.tamu.edu/MM/SNAP/ca-CondMat.tar.gz
1443,rail_20209,Oberwolfach,20209,139233,0.03409200418054,99.96590799581946,Extremely sparse,False,https://sparse.tamu.edu/MM/Oberwolfach/rail_20209.tar.gz
1454,boneS01,Oberwolfach,127224,5516602,0.03408266615997,99.96591733384,Extremely sparse,False,https://sparse.tamu.edu/MM/Oberwolfach/boneS01.tar.gz
2227,TSOPF_FS_b39_c19,TSOPF,76216,1977600,0.03404443640697,99.96595556359304,Extremely sparse,False,https://sparse.tamu.edu/MM/TSOPF/TSOPF_FS_b39_c19.tar.gz
2393,cond-mat,Newman,16726,95188,0.03402499084605,99.96597500915396,Extremely sparse,False,https://sparse.tamu.edu/MM/Newman/cond-mat.tar.gz
2521,cti,DIMACS10,16840,96464,0.03401583155139,99.9659841684486,Extremely sparse,False,https://sparse.tamu.edu/MM/DIMACS10/cti.tar.gz
2828,ACTIVSg10K,TAMU_SmartGridCenter,20000,135888,0.033972,99.966028,Extremely sparse,False,https://sparse.tamu.edu/MM/TAMU_SmartGridCenter/ACTIVSg10K.tar.gz
956,3D_28984_Tetra,Schenk_IBMSDS,28984,285092,0.03393660461511,99.96606339538488,Extremely sparse,False,https://sparse.tamu.edu/MM/Schenk_IBMSDS/3D_28984_Tetra.tar.gz
2308,p2p-Gnutella04,SNAP,10879,39994,0.03379223282393,99.96620776717606,Extremely sparse,False,https://sparse.tamu.edu/MM/SNAP/p2p-Gnutella04.tar.gz
918,fd15,Hohn,11532,44206,0.033240837090989996,99.966759162909,Extremely sparse,False,https://sparse.tamu.edu/MM/Hohn/fd15.tar.gz
2348,nopss_11k,Rommes,11685,44941,0.03291435116905,99.96708564883096,Extremely sparse,False,https://sparse.tamu.edu/MM/Rommes/nopss_11k.tar.gz
2410,3elt_dual,AG-Monien,9000,26556,0.032785185185180005,99.96721481481482,Extremely sparse,False,https://sparse.tamu.edu/MM/AG-Monien/3elt_dual.tar.gz
372,circuit_3,Bomhof,12127,48137,0.03273197912184,99.96726802087817,Extremely sparse,False,https://sparse.tamu.edu/MM/Bomhof/circuit_3.tar.gz
558,g7jac120,Hollinger,35550,412306,0.0326242431076,99.9673757568924,Extremely sparse,False,https://sparse.tamu.edu/MM/Hollinger/g7jac120.tar.gz
559,g7jac120sc,Hollinger,35550,412306,0.0326242431076,99.9673757568924,Extremely sparse,True,https://sparse.tamu.edu/MM/Hollinger/g7jac120sc.tar.gz
453,bayer02,Grund,13935,63307,0.032601515390859995,99.96739848460912,Extremely sparse,False,https://sparse.tamu.edu/MM/Grund/bayer02.tar.gz
928,poisson3Db,FEMLAB,85623,2374949,0.032394658602210004,99.9676053413978,Extremely sparse,False,https://sparse.tamu.edu/MM/FEMLAB/poisson3Db.tar.gz
2825,Goodwin_095,Goodwin,100037,3226066,0.03223680035451,99.96776319964547,Extremely sparse,True,https://sparse.tamu.edu/MM/Goodwin/Goodwin_095.tar.gz
949,c-62,Schenk_IBMNA,41731,559341,0.03211878223134,99.96788121776864,Extremely sparse,False,https://sparse.tamu.edu/MM/Schenk_IBMNA/c-62.tar.gz
1223,c-62ghs,GHS_indef,41731,559339,0.03211866738626,99.96788133261374,Extremely sparse,False,https://sparse.tamu.edu/MM/GHS_indef/c-62ghs.tar.gz
1316,rajat15,Rajat,37261,443573,0.031948913291999996,99.968051086708,Extremely sparse,False,https://sparse.tamu.edu/MM/Rajat/rajat15.tar.gz
582,mark3jac040,Hollinger,18289,106803,0.03193033918894,99.96806966081104,Extremely sparse,False,https://sparse.tamu.edu/MM/Hollinger/mark3jac040.tar.gz
583,mark3jac040sc,Hollinger,18289,106803,0.03193033918894,99.96806966081104,Extremely sparse,True,https://sparse.tamu.edu/MM/Hollinger/mark3jac040sc.tar.gz
73,bcsstm23,HB,3134,3134,0.03190810465858,99.96809189534142,Extremely sparse,True,https://sparse.tamu.edu/MM/HB/bcsstm23.tar.gz
1878,fem_filter,Lee,74062,1731206,0.03156151756616,99.96843848243384,Extremely sparse,False,https://sparse.tamu.edu/MM/Lee/fem_filter.tar.gz
2336,PR02R,Fluorem,161070,8185136,0.031549797961489996,99.96845020203853,Extremely sparse,False,https://sparse.tamu.edu/MM/Fluorem/PR02R.tar.gz
543,memplus,Hamm,17758,99147,0.0314406469956,99.9685593530044,Extremely sparse,False,https://sparse.tamu.edu/MM/Hamm/memplus.tar.gz
1390,net4-1,Andrianov,88343,2441727,0.03128620013943,99.96871379986057,Extremely sparse,False,https://sparse.tamu.edu/MM/Andrianov/net4-1.tar.gz
1384,lpl1,Andrianov,32460,328036,0.031133251256860003,99.96886674874314,Extremely sparse,False,https://sparse.tamu.edu/MM/Andrianov/lpl1.tar.gz
751,lhr71c,Mallya,70304,1528092,0.030916436588850002,99.96908356341116,Extremely sparse,False,https://sparse.tamu.edu/MM/Mallya/lhr71c.tar.gz
1939,bibd_81_2,JGD_BIBD,3240,3240,0.03086419753086,99.96913580246914,Extremely sparse,False,https://sparse.tamu.edu/MM/JGD_BIBD/bibd_81_2.tar.gz
2491,kron_g500-logn18,DIMACS10,262144,21165908,0.03080044989474,99.96919955010526,Extremely sparse,False,https://sparse.tamu.edu/MM/DIMACS10/kron_g500-logn18.tar.gz
2538,OPF_6000,IPSO,29902,274697,0.030722279943650004,99.96927772005634,Extremely sparse,False,https://sparse.tamu.edu/MM/IPSO/OPF_6000.tar.gz
1109,mult_dcop_01,Sandia,25187,193276,0.030466673935329997,99.96953332606466,Extremely sparse,False,https://sparse.tamu.edu/MM/Sandia/mult_dcop_01.tar.gz
1110,mult_dcop_02,Sandia,25187,193276,0.030466673935329997,99.96953332606466,Extremely sparse,False,https://sparse.tamu.edu/MM/Sandia/mult_dcop_02.tar.gz
1111,mult_dcop_03,Sandia,25187,193216,0.03045721595588,99.96954278404412,Extremely sparse,False,https://sparse.tamu.edu/MM/Sandia/mult_dcop_03.tar.gz
750,lhr71,Mallya,70304,1494006,0.03022680686919,99.9697731931308,Extremely sparse,False,https://sparse.tamu.edu/MM/Mallya/lhr71.tar.gz
2241,TSOPF_RS_b39_c30,TSOPF,60098,1079986,0.029901851956550003,99.97009814804343,Extremely sparse,False,https://sparse.tamu.edu/MM/TSOPF/TSOPF_RS_b39_c30.tar.gz
2499,rgg_n_2_15_s0,DIMACS10,32768,320480,0.029847025871269996,99.97015297412872,Extremely sparse,False,https://sparse.tamu.edu/MM/DIMACS10/rgg_n_2_15_s0.tar.gz
1264,fullb,DNVS,199187,11708077,0.02950961807135,99.97049038192864,Extremely sparse,False,https://sparse.tamu.edu/MM/DNVS/fullb.tar.gz
1574,c-56,Schenk_IBMNA,35910,380240,0.02948675565891,99.97051324434108,Extremely sparse,False,https://sparse.tamu.edu/MM/Schenk_IBMNA/c-56.tar.gz
1250,tuma2,GHS_indef,12992,49365,0.02924604322629,99.9707539567737,Extremely sparse,False,https://sparse.tamu.edu/MM/GHS_indef/tuma2.tar.gz
1191,rajat07,Rajat,14842,63913,0.02901378234785,99.97098621765215,Extremely sparse,False,https://sparse.tamu.edu/MM/Rajat/rajat07.tar.gz
1262,ford1,GHS_psdef,18728,101576,0.028960650010460002,99.97103934998954,Extremely sparse,False,https://sparse.tamu.edu/MM/GHS_psdef/ford1.tar.gz
2834,nv1,VLSI,75468,1635003,0.028707334668619997,99.97129266533138,Extremely sparse,False,https://sparse.tamu.edu/MM/VLSI/nv1.tar.gz
560,g7jac140,Hollinger,41490,488633,0.02838545919151,99.97161454080847,Extremely sparse,False,https://sparse.tamu.edu/MM/Hollinger/g7jac140.tar.gz
561,g7jac140sc,Hollinger,41490,488633,0.02838545919151,99.97161454080847,Extremely sparse,False,https://sparse.tamu.edu/MM/Hollinger/g7jac140sc.tar.gz
1222,c-59,GHS_indef,41282,480536,0.02819710165087,99.97180289834913,Extremely sparse,False,https://sparse.tamu.edu/MM/GHS_indef/c-59.tar.gz
1575,c-57,Schenk_IBMNA,37833,403373,0.02818157520537,99.97181842479463,Extremely sparse,False,https://sparse.tamu.edu/MM/Schenk_IBMNA/c-57.tar.gz
74,bcsstm24,HB,3562,3562,0.02807411566535,99.97192588433464,Extremely sparse,False,https://sparse.tamu.edu/MM/HB/bcsstm24.tar.gz
2812,TEM152078,Guettel,152078,6459326,0.02792893780761,99.97207106219238,Extremely sparse,False,https://sparse.tamu.edu/MM/Guettel/TEM152078.tar.gz
2353,bips07_1693,Rommes,13275,49044,0.02783023184057,99.97216976815942,Extremely sparse,False,https://sparse.tamu.edu/MM/Rommes/bips07_1693.tar.gz
71,bcsstm21,HB,3600,3600,0.027777777777769998,99.9722222222222,Extremely sparse,False,https://sparse.tamu.edu/MM/HB/bcsstm21.tar.gz
2340,xingo_afonso_itaipu,Rommes,13250,48735,0.027759344962620003,99.97224065503738,Extremely sparse,False,https://sparse.tamu.edu/MM/Rommes/xingo_afonso_itaipu.tar.gz
2343,mimo46x46_system,Rommes,13250,48735,0.027759344962620003,99.97224065503738,Extremely sparse,False,https://sparse.tamu.edu/MM/Rommes/mimo46x46_system.tar.gz
2339,ww_vref_6405,Rommes,13251,48737,0.02775629437062,99.97224370562935,Extremely sparse,False,https://sparse.tamu.edu/MM/Rommes/ww_vref_6405.tar.gz
2342,mimo28x28_system,Rommes,13251,48737,0.02775629437062,99.97224370562935,Extremely sparse,False,https://sparse.tamu.edu/MM/Rommes/mimo28x28_system.tar.gz
1260,fcondp2,DNVS,201822,11294316,0.027728279519010003,99.972271720481,Extremely sparse,False,https://sparse.tamu.edu/MM/DNVS/fcondp2.tar.gz
2346,zeros_nopss_13k,Rommes,13296,48827,0.02761964095134,99.97238035904866,Extremely sparse,False,https://sparse.tamu.edu/MM/Rommes/zeros_nopss_13k.tar.gz
2341,mimo8x8_system,Rommes,13309,48872,0.02759111567655,99.97240888432344,Extremely sparse,False,https://sparse.tamu.edu/MM/Rommes/mimo8x8_system.tar.gz
289,epb2,Averous,25228,175027,0.02750042491815,99.97249957508186,Extremely sparse,False,https://sparse.tamu.edu/MM/Averous/epb2.tar.gz
2354,bips07_1998,Rommes,15066,62198,0.027401888436750003,99.97259811156324,Extremely sparse,True,https://sparse.tamu.edu/MM/Rommes/bips07_1998.tar.gz
2290,email-Enron,SNAP,36692,367662,0.02730901120626,99.97269098879372,Extremely sparse,False,https://sparse.tamu.edu/MM/SNAP/email-Enron.tar.gz
950,c-64,Schenk_IBMNA,51035,707985,0.0271824012031,99.97281759879692,Extremely sparse,False,https://sparse.tamu.edu/MM/Schenk_IBMNA/c-64.tar.gz
1587,c-64b,Schenk_IBMNA,51035,707601,0.027167657893469997,99.97283234210651,Extremely sparse,False,https://sparse.tamu.edu/MM/Schenk_IBMNA/c-64b.tar.gz
954,2D_27628_bjtcai,Schenk_IBMSDS,27628,206670,0.027075628388819998,99.9729243716112,Extremely sparse,False,https://sparse.tamu.edu/MM/Schenk_IBMSDS/2D_27628_bjtcai.tar.gz
572,jan99jac060,Hollinger,20614,111903,0.02633402152633,99.97366597847368,Extremely sparse,False,https://sparse.tamu.edu/MM/Hollinger/jan99jac060.tar.gz
573,jan99jac060sc,Hollinger,20614,111903,0.02633402152633,99.97366597847368,Extremely sparse,False,https://sparse.tamu.edu/MM/Hollinger/jan99jac060sc.tar.gz
1285,troll,DNVS,213453,11985111,0.026304953265779998,99.9736950467342,Extremely sparse,True,https://sparse.tamu.edu/MM/DNVS/troll.tar.gz
832,wang3,Wang,26064,177168,0.02607973346809,99.9739202665319,Extremely sparse,False,https://sparse.tamu.edu/MM/Wang/wang3.tar.gz
833,wang4,Wang,26068,177196,0.026075850911890002,99.9739241490881,Extremely sparse,False,https://sparse.tamu.edu/MM/Wang/wang4.tar.gz
283,onetone1,ATandT,36057,335552,0.02580956303859,99.9741904369614,Extremely sparse,False,https://sparse.tamu.edu/MM/ATandT/onetone1.tar.gz
1353,Ga41As41H72,PARSEC,268096,18488476,0.02572293054999,99.97427706945,Extremely sparse,False,https://sparse.tamu.edu/MM/PARSEC/Ga41As41H72.tar.gz
2337,RM07R,Fluorem,381689,37464962,0.025716153433479997,99.97428384656652,Extremely sparse,False,https://sparse.tamu.edu/MM/Fluorem/RM07R.tar.gz
1212,powersim,LiuWenzhuo,15838,64424,0.02568307433894,99.97431692566106,Extremely sparse,False,https://sparse.tamu.edu/MM/LiuWenzhuo/powersim.tar.gz
1874,hvdc1,HVDC,24842,158426,0.025671623940330002,99.97432837605966,Extremely sparse,False,https://sparse.tamu.edu/MM/HVDC/hvdc1.tar.gz
1309,spmsrtls,GHS_indef,29995,229947,0.02555818535183,99.97444181464816,Extremely sparse,False,https://sparse.tamu.edu/MM/GHS_indef/spmsrtls.tar.gz
1278,ship_003,DNVS,121728,3777036,0.02549001852296,99.97450998147704,Extremely sparse,False,https://sparse.tamu.edu/MM/DNVS/ship_003.tar.gz
756,barth5,Nasa,15606,61484,0.02524520541058,99.97475479458942,Extremely sparse,False,https://sparse.tamu.edu/MM/Nasa/barth5.tar.gz
562,g7jac160,Hollinger,47430,564952,0.02511338768865,99.97488661231134,Extremely sparse,False,https://sparse.tamu.edu/MM/Hollinger/g7jac160.tar.gz
563,g7jac160sc,Hollinger,47430,564952,0.02511338768865,99.97488661231134,Extremely sparse,False,https://sparse.tamu.edu/MM/Hollinger/g7jac160sc.tar.gz
1281,shipsec8,DNVS,114919,3303553,0.025014832681319998,99.97498516731868,Extremely sparse,False,https://sparse.tamu.edu/MM/DNVS/shipsec8.tar.gz
1437,LF10000,Oberwolfach,19998,99982,0.02500049984996,99.97499950015003,Extremely sparse,False,https://sparse.tamu.edu/MM/Oberwolfach/LF10000.tar.gz
2394,cond-mat-2003,Newman,31163,240058,0.024719385145030002,99.97528061485497,Extremely sparse,False,https://sparse.tamu.edu/MM/Newman/cond-mat-2003.tar.gz
1230,copter2,GHS_indef,55476,759952,0.02469311524576,99.97530688475425,Extremely sparse,False,https://sparse.tamu.edu/MM/GHS_indef/copter2.tar.gz
1256,copter2,GHS_psdef,55476,759952,0.02469311524576,99.97530688475425,Extremely sparse,False,https://sparse.tamu.edu/MM/GHS_psdef/copter2.tar.gz
2567,cz40948,CPM,40948,412148,0.024580335565509998,99.97541966443448,Extremely sparse,False,https://sparse.tamu.edu/MM/CPM/cz40948.tar.gz
1265,halfb,DNVS,224617,12387821,0.02455328904036,99.97544671095964,Extremely sparse,False,https://sparse.tamu.edu/MM/DNVS/halfb.tar.gz
762,pwt,Nasa,36519,326107,0.024452449334160003,99.97554755066584,Extremely sparse,False,https://sparse.tamu.edu/MM/Nasa/pwt.tar.gz
880,pwt,Pothen,36519,326107,0.024452449334160003,99.97554755066584,Extremely sparse,False,https://sparse.tamu.edu/MM/Pothen/pwt.tar.gz
1273,pwt,GHS_psdef,36519,326107,0.024452449334160003,99.97554755066584,Extremely sparse,False,https://sparse.tamu.edu/MM/GHS_psdef/pwt.tar.gz
1848,Dubcova2,UTEP,65025,1030225,0.02436527754312,99.97563472245687,Extremely sparse,False,https://sparse.tamu.edu/MM/UTEP/Dubcova2.tar.gz
369,pwtk,Boeing,217918,11524432,0.024267962819389997,99.9757320371806,Extremely sparse,False,https://sparse.tamu.edu/MM/Boeing/pwtk.tar.gz
2645,vsp_south31_slptsk,DIMACS10,39668,379828,0.02413828260495,99.97586171739503,Extremely sparse,False,https://sparse.tamu.edu/MM/DIMACS10/vsp_south31_slptsk.tar.gz
1431,filter3D,Oberwolfach,106437,2707179,0.02389635834053,99.97610364165946,Extremely sparse,False,https://sparse.tamu.edu/MM/Oberwolfach/filter3D.tar.gz
2813,TEM181302,Guettel,181302,7839010,0.02384822324679,99.9761517767532,Extremely sparse,False,https://sparse.tamu.edu/MM/Guettel/TEM181302.tar.gz
2555,Chevron1,Chevron,37365,330633,0.02368188263779,99.9763181173622,Extremely sparse,False,https://sparse.tamu.edu/MM/Chevron/Chevron1.tar.gz
1298,brainpc2,GHS_indef,27607,179395,0.02353812711918,99.9764618728808,Extremely sparse,False,https://sparse.tamu.edu/MM/GHS_indef/brainpc2.tar.gz
919,fd18,Hohn,16428,63406,0.02349421658248,99.97650578341752,Extremely sparse,False,https://sparse.tamu.edu/MM/Hohn/fd18.tar.gz
1207,t2dal_e,Oberwolfach,4257,4257,0.02349072116513,99.97650927883484,Extremely sparse,False,https://sparse.tamu.edu/MM/Oberwolfach/t2dal_e.tar.gz
2355,bips07_2476,Rommes,16861,66498,0.0233906304116,99.9766093695884,Extremely sparse,False,https://sparse.tamu.edu/MM/Rommes/bips07_2476.tar.gz
1376,rajat27,Rajat,20640,97353,0.02285230191995,99.97714769808005,Extremely sparse,False,https://sparse.tamu.edu/MM/Rajat/rajat27.tar.gz
1910,engine,TKK,143571,4706073,0.02283101445094,99.97716898554906,Extremely sparse,False,https://sparse.tamu.edu/MM/TKK/engine.tar.gz
1411,F1,Koutsovasilis,343791,26837113,0.02270632179208,99.97729367820791,Extremely sparse,False,https://sparse.tamu.edu/MM/Koutsovasilis/F1.tar.gz
1246,stokes128,GHS_indef,49666,558594,0.02264529059513,99.97735470940486,Extremely sparse,False,https://sparse.tamu.edu/MM/GHS_indef/stokes128.tar.gz
564,g7jac180,Hollinger,53370,641290,0.02251438364342,99.97748561635656,Extremely sparse,False,https://sparse.tamu.edu/MM/Hollinger/g7jac180.tar.gz
565,g7jac180sc,Hollinger,53370,641290,0.02251438364342,99.97748561635656,Extremely sparse,False,https://sparse.tamu.edu/MM/Hollinger/g7jac180sc.tar.gz
1299,bratu3d,GHS_indef,27792,173796,0.0225009147648,99.9774990852352,Extremely sparse,False,https://sparse.tamu.edu/MM/GHS_indef/bratu3d.tar.gz
1192,rajat08,Rajat,19362,83443,0.02225817118395,99.97774182881604,Extremely sparse,False,https://sparse.tamu.edu/MM/Rajat/rajat08.tar.gz
1224,c-63,GHS_indef,44234,434704,0.02221678484718,99.9777832151528,Extremely sparse,False,https://sparse.tamu.edu/MM/GHS_indef/c-63.tar.gz
2536,OPF_10000,IPSO,43887,426898,0.02216421380538,99.97783578619462,Extremely sparse,False,https://sparse.tamu.edu/MM/IPSO/OPF_10000.tar.gz
2430,L-9,AG-Monien,17983,71192,0.02201440263039,99.9779855973696,Extremely sparse,False,https://sparse.tamu.edu/MM/AG-Monien/L-9.tar.gz
1219,bmw3_2,GHS_indef,227362,11288630,0.02183762866954,99.97816237133044,Extremely sparse,False,https://sparse.tamu.edu/MM/GHS_indef/bmw3_2.tar.gz
1850,BenElechi1,BenElechi,245874,13150496,0.02175288782591,99.97824711217407,Extremely sparse,False,https://sparse.tamu.edu/MM/BenElechi/BenElechi1.tar.gz
2228,TSOPF_FS_b39_c30,TSOPF,120216,3121160,0.02159690339602,99.97840309660396,Extremely sparse,False,https://sparse.tamu.edu/MM/TSOPF/TSOPF_FS_b39_c30.tar.gz
2395,cond-mat-2005,Newman,40421,351382,0.02150628532177,99.97849371467822,Extremely sparse,False,https://sparse.tamu.edu/MM/Newman/cond-mat-2005.tar.gz
1261,finance256,GHS_psdef,37376,298496,0.02136745871645,99.97863254128356,Extremely sparse,False,https://sparse.tamu.edu/MM/GHS_psdef/finance256.tar.gz
1311,gridgena,GHS_psdef,48962,512084,0.021361065290190002,99.9786389347098,Extremely sparse,False,https://sparse.tamu.edu/MM/GHS_psdef/gridgena.tar.gz
584,mark3jac060,Hollinger,27449,160723,0.02133167585731,99.97866832414267,Extremely sparse,False,https://sparse.tamu.edu/MM/Hollinger/mark3jac060.tar.gz
585,mark3jac060sc,Hollinger,27449,160723,0.02133167585731,99.97866832414267,Extremely sparse,True,https://sparse.tamu.edu/MM/Hollinger/mark3jac060sc.tar.gz
924,Andrews,Andrews,60000,760154,0.02111538888888,99.97888461111113,Extremely sparse,False,https://sparse.tamu.edu/MM/Andrews/Andrews.tar.gz
971,ohne2,Schenk_ISEI,181343,6869939,0.02089061804461,99.97910938195538,Extremely sparse,False,https://sparse.tamu.edu/MM/Schenk_ISEI/ohne2.tar.gz
566,g7jac200,Hollinger,59310,717620,0.02040040013917,99.97959959986082,Extremely sparse,False,https://sparse.tamu.edu/MM/Hollinger/g7jac200.tar.gz
567,g7jac200sc,Hollinger,59310,717620,0.02040040013917,99.97959959986082,Extremely sparse,False,https://sparse.tamu.edu/MM/Hollinger/g7jac200sc.tar.gz
1266,hood,GHS_psdef,220542,9895422,0.02034471931388,99.97965528068612,Extremely sparse,False,https://sparse.tamu.edu/MM/GHS_psdef/hood.tar.gz
957,3D_51448_3D,Schenk_IBMSDS,51448,537038,0.0202893448463,99.9797106551537,Extremely sparse,False,https://sparse.tamu.edu/MM/Schenk_IBMSDS/3D_51448_3D.tar.gz
958,ibm_matrix_2,Schenk_IBMSDS,51448,537038,0.0202893448463,99.9797106551537,Extremely sparse,False,https://sparse.tamu.edu/MM/Schenk_IBMSDS/ibm_matrix_2.tar.gz
455,bayer04,Grund,20545,85537,0.02026477206277,99.97973522793724,Extremely sparse,False,https://sparse.tamu.edu/MM/Grund/bayer04.tar.gz
805,cfd2,Rothberg,123440,3085406,0.02024885608033,99.97975114391969,Extremely sparse,False,https://sparse.tamu.edu/MM/Rothberg/cfd2.tar.gz
1439,LFAT5000,Oberwolfach,19994,79966,0.020003500299860002,99.97999649970014,Extremely sparse,False,https://sparse.tamu.edu/MM/Oberwolfach/LFAT5000.tar.gz
1170,Pd,MathWorks,8081,13036,0.01996246364671,99.98003753635328,Extremely sparse,False,https://sparse.tamu.edu/MM/MathWorks/Pd.tar.gz
2589,de2010,DIMACS10,24115,116056,0.0199568992812,99.9800431007188,Extremely sparse,False,https://sparse.tamu.edu/MM/DIMACS10/de2010.tar.gz
574,jan99jac080,Hollinger,27534,151063,0.01992597077715,99.98007402922283,Extremely sparse,False,https://sparse.tamu.edu/MM/Hollinger/jan99jac080.tar.gz
575,jan99jac080sc,Hollinger,27534,151063,0.01992597077715,99.98007402922283,Extremely sparse,False,https://sparse.tamu.edu/MM/Hollinger/jan99jac080sc.tar.gz
2592,hi2010,DIMACS10,25016,124126,0.01983476337855,99.98016523662145,Extremely sparse,False,https://sparse.tamu.edu/MM/DIMACS10/hi2010.tar.gz
2620,ri2010,DIMACS10,25181,125750,0.01983179605792,99.98016820394209,Extremely sparse,False,https://sparse.tamu.edu/MM/DIMACS10/ri2010.tar.gz
1243,ncvxqp9,GHS_indef,16554,54040,0.01972011479004,99.98027988520997,Extremely sparse,False,https://sparse.tamu.edu/MM/GHS_indef/ncvxqp9.tar.gz
2632,vsp_barth5_1Ksep_50in_5Kout,DIMACS10,32212,203610,0.01962292405635,99.98037707594364,Extremely sparse,False,https://sparse.tamu.edu/MM/DIMACS10/vsp_barth5_1Ksep_50in_5Kout.tar.gz
2648,ML_Laplace,Janna,377002,27582698,0.01940659917941,99.98059340082058,Extremely sparse,False,https://sparse.tamu.edu/MM/Janna/ML_Laplace.tar.gz
2635,vsp_bump2_e18_aa01_model1_crew1,DIMACS10,56438,601602,0.01888713310435,99.98111286689564,Extremely sparse,False,https://sparse.tamu.edu/MM/DIMACS10/vsp_bump2_e18_aa01_model1_crew1.tar.gz
2426,brack2,AG-Monien,62631,733118,0.01868939275901,99.981310607241,Extremely sparse,False,https://sparse.tamu.edu/MM/AG-Monien/brack2.tar.gz
2641,vsp_model1_crew1_cr42_south31,DIMACS10,45101,379952,0.01867911914138,99.98132088085862,Extremely sparse,False,https://sparse.tamu.edu/MM/DIMACS10/vsp_model1_crew1_cr42_south31.tar.gz
2387,dielFilterV3clx,Dziekonski,420408,32886208,0.0186068071298,99.9813931928702,Extremely sparse,False,https://sparse.tamu.edu/MM/Dziekonski/dielFilterV3clx.tar.gz
1364,Si87H76,PARSEC,240369,10661631,0.01845298947788,99.98154701052212,Extremely sparse,False,https://sparse.tamu.edu/MM/PARSEC/Si87H76.tar.gz
2390,as-22july06,Newman,22963,96872,0.018371347605380003,99.98162865239462,Extremely sparse,False,https://sparse.tamu.edu/MM/Newman/as-22july06.tar.gz
2470,delaunay_n15,DIMACS10,32768,196548,0.01830495893955,99.98169504106043,Extremely sparse,False,https://sparse.tamu.edu/MM/DIMACS10/delaunay_n15.tar.gz
2826,Goodwin_127,Goodwin,178437,5778545,0.01814883171594,99.98185116828404,Extremely sparse,False,https://sparse.tamu.edu/MM/Goodwin/Goodwin_127.tar.gz
1279,shipsec1,DNVS,140874,3568176,0.01797978836038,99.9820202116396,Extremely sparse,True,https://sparse.tamu.edu/MM/DNVS/shipsec1.tar.gz
2378,cop20k_A,Williams,121192,2624331,0.01786778448083,99.98213221551916,Extremely sparse,False,https://sparse.tamu.edu/MM/Williams/cop20k_A.tar.gz
2433,biplane-9,AG-Monien,21701,84076,0.017853055192400002,99.9821469448076,Extremely sparse,False,https://sparse.tamu.edu/MM/AG-Monien/biplane-9.tar.gz
951,c-66,Schenk_IBMNA,49989,444853,0.01780195199726,99.98219804800272,Extremely sparse,False,https://sparse.tamu.edu/MM/Schenk_IBMNA/c-66.tar.gz
1588,c-66b,Schenk_IBMNA,49989,444851,0.01780187196205,99.98219812803796,Extremely sparse,False,https://sparse.tamu.edu/MM/Schenk_IBMNA/c-66b.tar.gz
1294,blockqp1,GHS_indef,60012,640033,0.01777158509954,99.98222841490043,Extremely sparse,False,https://sparse.tamu.edu/MM/GHS_indef/blockqp1.tar.gz
1193,rajat09,Rajat,24482,105573,0.01761404394804,99.98238595605196,Extremely sparse,False,https://sparse.tamu.edu/MM/Rajat/rajat09.tar.gz
2215,mono_500Hz,FreeFieldTechnologies,169410,5033796,0.01753951282938,99.98246048717064,Extremely sparse,False,https://sparse.tamu.edu/MM/FreeFieldTechnologies/mono_500Hz.tar.gz
2644,vsp_sctap1-2b_and_seymourl,DIMACS10,40174,281662,0.01745171485072,99.98254828514928,Extremely sparse,False,https://sparse.tamu.edu/MM/DIMACS10/vsp_sctap1-2b_and_seymourl.tar.gz
2520,cs4,DIMACS10,22499,87716,0.01732815753039,99.9826718424696,Extremely sparse,False,https://sparse.tamu.edu/MM/DIMACS10/cs4.tar.gz
1456,California,Pajek,9664,16150,0.01729253582627,99.98270746417371,Extremely sparse,False,https://sparse.tamu.edu/MM/Pajek/California.tar.gz
2347,descriptor_xingo6u,Rommes,20738,73916,0.01718718360861,99.9828128163914,Extremely sparse,False,https://sparse.tamu.edu/MM/Rommes/descriptor_xingo6u.tar.gz
284,onetone2,ATandT,36057,222596,0.017121356732,99.982878643268,Extremely sparse,False,https://sparse.tamu.edu/MM/ATandT/onetone2.tar.gz
2463,coPapersCiteseer,DIMACS10,434102,32073440,0.01702009456471,99.98297990543529,Extremely sparse,False,https://sparse.tamu.edu/MM/DIMACS10/coPapersCiteseer.tar.gz
2356,bips07_3078,Rommes,21128,75729,0.01696467115352,99.98303532884648,Extremely sparse,False,https://sparse.tamu.edu/MM/Rommes/bips07_3078.tar.gz
2349,xingo3012,Rommes,20944,74386,0.01695789521447,99.98304210478553,Extremely sparse,False,https://sparse.tamu.edu/MM/Rommes/xingo3012.tar.gz
1849,Dubcova3,UTEP,146689,3636643,0.01690073428119,99.9830992657188,Extremely sparse,False,https://sparse.tamu.edu/MM/UTEP/Dubcova3.tar.gz
1295,bloweya,GHS_indef,30004,150009,0.01666322284433,99.98333677715566,Extremely sparse,False,https://sparse.tamu.edu/MM/GHS_indef/bloweya.tar.gz
955,2D_54019_highK,Schenk_IBMSDS,54019,486129,0.01665936521555,99.98334063478444,Extremely sparse,False,https://sparse.tamu.edu/MM/Schenk_IBMSDS/2D_54019_highK.tar.gz
964,barrier2-1,Schenk_ISEI,113076,2129496,0.016654667024959997,99.98334533297502,Extremely sparse,False,https://sparse.tamu.edu/MM/Schenk_ISEI/barrier2-1.tar.gz
965,barrier2-2,Schenk_ISEI,113076,2129496,0.016654667024959997,99.98334533297502,Extremely sparse,False,https://sparse.tamu.edu/MM/Schenk_ISEI/barrier2-2.tar.gz
966,barrier2-3,Schenk_ISEI,113076,2129496,0.016654667024959997,99.98334533297502,Extremely sparse,False,https://sparse.tamu.edu/MM/Schenk_ISEI/barrier2-3.tar.gz
967,barrier2-4,Schenk_ISEI,113076,2129496,0.016654667024959997,99.98334533297502,Extremely sparse,False,https://sparse.tamu.edu/MM/Schenk_ISEI/barrier2-4.tar.gz
1249,tuma1,GHS_indef,22967,87760,0.01663750020239,99.9833624997976,Extremely sparse,False,https://sparse.tamu.edu/MM/GHS_indef/tuma1.tar.gz
1900,vfem,CEMW,93476,1434636,0.016418802725770003,99.98358119727423,Extremely sparse,True,https://sparse.tamu.edu/MM/CEMW/vfem.tar.gz
1577,c-61,Schenk_IBMNA,43618,310016,0.01629493423936,99.98370506576065,Extremely sparse,False,https://sparse.tamu.edu/MM/Schenk_IBMNA/c-61.tar.gz
348,bcsstm38,Boeing,8032,10485,0.01625253220186,99.98374746779814,Extremely sparse,False,https://sparse.tamu.edu/MM/Boeing/bcsstm38.tar.gz
961,barrier2-10,Schenk_ISEI,115625,2158759,0.01614732809349,99.9838526719065,Extremely sparse,False,https://sparse.tamu.edu/MM/Schenk_ISEI/barrier2-10.tar.gz
962,barrier2-11,Schenk_ISEI,115625,2158759,0.01614732809349,99.9838526719065,Extremely sparse,False,https://sparse.tamu.edu/MM/Schenk_ISEI/barrier2-11.tar.gz
963,barrier2-12,Schenk_ISEI,115625,2158759,0.01614732809349,99.9838526719065,Extremely sparse,False,https://sparse.tamu.edu/MM/Schenk_ISEI/barrier2-12.tar.gz
968,barrier2-9,Schenk_ISEI,115625,2158759,0.01614732809349,99.9838526719065,Extremely sparse,False,https://sparse.tamu.edu/MM/Schenk_ISEI/barrier2-9.tar.gz
2524,fe_body,DIMACS10,45087,327468,0.01610891125753,99.98389108874248,Extremely sparse,False,https://sparse.tamu.edu/MM/DIMACS10/fe_body.tar.gz
2432,stufe-10,AG-Monien,24010,92828,0.01610255063444,99.98389744936556,Extremely sparse,False,https://sparse.tamu.edu/MM/AG-Monien/stufe-10.tar.gz
576,jan99jac100,Hollinger,34454,190224,0.01602455621378,99.9839754437862,Extremely sparse,False,https://sparse.tamu.edu/MM/Hollinger/jan99jac100.tar.gz
577,jan99jac100sc,Hollinger,34454,190224,0.01602455621378,99.9839754437862,Extremely sparse,False,https://sparse.tamu.edu/MM/Hollinger/jan99jac100sc.tar.gz
586,mark3jac080,Hollinger,36609,214643,0.01601551828906,99.98398448171096,Extremely sparse,False,https://sparse.tamu.edu/MM/Hollinger/mark3jac080.tar.gz
587,mark3jac080sc,Hollinger,36609,214643,0.01601551828906,99.98398448171096,Extremely sparse,False,https://sparse.tamu.edu/MM/Hollinger/mark3jac080sc.tar.gz
1919,2cubes_sphere,Um,101492,1647264,0.01599188233574,99.98400811766426,Extremely sparse,False,https://sparse.tamu.edu/MM/Um/2cubes_sphere.tar.gz
1852,FEM_3D_thermal2,Botonakis,147900,3489300,0.01595151594945,99.98404848405052,Extremely sparse,False,https://sparse.tamu.edu/MM/Botonakis/FEM_3D_thermal2.tar.gz
2500,rgg_n_2_16_s0,DIMACS10,65536,684254,0.01593152992427,99.98406847007573,Extremely sparse,False,https://sparse.tamu.edu/MM/DIMACS10/rgg_n_2_16_s0.tar.gz
282,zenios,HB,2873,1314,0.015919305356139998,99.98408069464384,Extremely sparse,False,https://sparse.tamu.edu/MM/HB/zenios.tar.gz
2492,kron_g500-logn19,DIMACS10,524288,43562265,0.01584785968589,99.98415214031412,Extremely sparse,False,https://sparse.tamu.edu/MM/DIMACS10/kron_g500-logn19.tar.gz
1589,c-67b,Schenk_IBMNA,57975,530583,0.01578598974554,99.98421401025446,Extremely sparse,False,https://sparse.tamu.edu/MM/Schenk_IBMNA/c-67b.tar.gz
952,c-67,Schenk_IBMNA,57975,530229,0.01577545748128,99.98422454251872,Extremely sparse,True,https://sparse.tamu.edu/MM/Schenk_IBMNA/c-67.tar.gz
1349,CO,PARSEC,221119,7666057,0.01567905634534,99.98432094365464,Extremely sparse,False,https://sparse.tamu.edu/MM/PARSEC/CO.tar.gz
1576,c-60,Schenk_IBMNA,43640,298570,0.01567749548215,99.98432250451783,Extremely sparse,False,https://sparse.tamu.edu/MM/Schenk_IBMNA/c-60.tar.gz
1578,c-65,Schenk_IBMNA,48066,360428,0.01560064511983,99.98439935488015,Extremely sparse,False,https://sparse.tamu.edu/MM/Schenk_IBMNA/c-65.tar.gz
802,xenon2,Ronis,157464,3866688,0.015594683739089999,99.9844053162609,Extremely sparse,False,https://sparse.tamu.edu/MM/Ronis/xenon2.tar.gz
2425,whitaker3_dual,AG-Monien,19190,57162,0.015522349799499999,99.9844776502005,Extremely sparse,False,https://sparse.tamu.edu/MM/AG-Monien/whitaker3_dual.tar.gz
1857,3Dspectralwave2,Sinclair,292008,12935272,0.015170016943959998,99.98482998305604,Extremely sparse,False,https://sparse.tamu.edu/MM/Sinclair/3Dspectralwave2.tar.gz
2286,soc-Slashdot0811,SNAP,77360,905468,0.01513004377123,99.98486995622876,Extremely sparse,False,https://sparse.tamu.edu/MM/SNAP/soc-Slashdot0811.tar.gz
2528,fe_tooth,DIMACS10,78136,905182,0.01482632650053,99.98517367349947,Extremely sparse,False,https://sparse.tamu.edu/MM/DIMACS10/fe_tooth.tar.gz
2415,crack_dual,AG-Monien,20141,60086,0.014811915798000001,99.985188084202,Extremely sparse,True,https://sparse.tamu.edu/MM/AG-Monien/crack_dual.tar.gz
2627,vt2010,DIMACS10,32580,155598,0.01465891580662,99.98534108419338,Extremely sparse,False,https://sparse.tamu.edu/MM/DIMACS10/vt2010.tar.gz
1228,c-71,GHS_indef,76638,859520,0.014634155367709999,99.98536584463228,Extremely sparse,False,https://sparse.tamu.edu/MM/GHS_indef/c-71.tar.gz
2646,vsp_vibrobox_scagr7-2c_rlfddd,DIMACS10,77328,871172,0.01456902044957,99.98543097955042,Extremely sparse,False,https://sparse.tamu.edu/MM/DIMACS10/vsp_vibrobox_scagr7-2c_rlfddd.tar.gz
834,Zhao1,Zhao,33861,166453,0.014517507777460002,99.98548249222254,Extremely sparse,False,https://sparse.tamu.edu/MM/Zhao/Zhao1.tar.gz
835,Zhao2,Zhao,33861,166453,0.014517507777460002,99.98548249222254,Extremely sparse,False,https://sparse.tamu.edu/MM/Zhao/Zhao2.tar.gz
1267,inline_1,GHS_psdef,503712,36816170,0.014510220503890002,99.9854897794961,Extremely sparse,False,https://sparse.tamu.edu/MM/GHS_psdef/inline_1.tar.gz
1892,denormal,Castrillon,89400,1156224,0.014466615617910001,99.98553338438208,Extremely sparse,False,https://sparse.tamu.edu/MM/Castrillon/denormal.tar.gz
1194,rajat10,Rajat,30202,130303,0.01428509089938,99.9857149091006,Extremely sparse,False,https://sparse.tamu.edu/MM/Rajat/rajat10.tar.gz
1280,shipsec5,DNVS,179860,4598604,0.0142153263527,99.98578467364727,Extremely sparse,False,https://sparse.tamu.edu/MM/DNVS/shipsec5.tar.gz
983,ecl32,Sanghavi,51993,380415,0.014072390536520001,99.98592760946347,Extremely sparse,False,https://sparse.tamu.edu/MM/Sanghavi/ecl32.tar.gz
2287,soc-Slashdot0902,SNAP,82168,948464,0.01404802977277,99.98595197022723,Extremely sparse,False,https://sparse.tamu.edu/MM/SNAP/soc-Slashdot0902.tar.gz
1304,ncvxbqp1,GHS_indef,50000,349968,0.01399872,99.98600128,Extremely sparse,False,https://sparse.tamu.edu/MM/GHS_indef/ncvxbqp1.tar.gz
1310,cvxbqp1,GHS_psdef,50000,349968,0.01399872,99.98600128,Extremely sparse,False,https://sparse.tamu.edu/MM/GHS_psdef/cvxbqp1.tar.gz
1296,boyd1,GHS_indef,93279,1211231,0.01392064038516,99.98607935961483,Extremely sparse,False,https://sparse.tamu.edu/MM/GHS_indef/boyd1.tar.gz
1240,mario001,GHS_indef,38434,204912,0.013871908661680001,99.98612809133832,Extremely sparse,False,https://sparse.tamu.edu/MM/GHS_indef/mario001.tar.gz
1227,c-70,GHS_indef,68924,658986,0.01387187736312,99.98612812263688,Extremely sparse,False,https://sparse.tamu.edu/MM/GHS_indef/c-70.tar.gz
1226,c-69,GHS_indef,67458,623914,0.01371064255862,99.98628935744136,Extremely sparse,False,https://sparse.tamu.edu/MM/GHS_indef/c-69.tar.gz
468,poli_large,Grund,15575,33033,0.013617328259409998,99.9863826717406,Extremely sparse,False,https://sparse.tamu.edu/MM/Grund/poli_large.tar.gz
1413,ckt11752_dc_1,IBM_EDA,49702,333029,0.01348137915942,99.98651862084058,Extremely sparse,False,https://sparse.tamu.edu/MM/IBM_EDA/ckt11752_dc_1.tar.gz
1225,c-68,GHS_indef,64810,565996,0.013475016915900001,99.9865249830841,Extremely sparse,False,https://sparse.tamu.edu/MM/GHS_indef/c-68.tar.gz
1414,ckt11752_tr_0,IBM_EDA,49702,332807,0.013472392355950002,99.98652760764404,Extremely sparse,False,https://sparse.tamu.edu/MM/IBM_EDA/ckt11752_tr_0.tar.gz
578,jan99jac120,Hollinger,41374,229385,0.01340016033434,99.98659983966564,Extremely sparse,False,https://sparse.tamu.edu/MM/Hollinger/jan99jac120.tar.gz
579,jan99jac120sc,Hollinger,41374,229385,0.01340016033434,99.98659983966564,Extremely sparse,False,https://sparse.tamu.edu/MM/Hollinger/jan99jac120sc.tar.gz
2526,fe_rotor,DIMACS10,99617,1324862,0.013350690448889998,99.9866493095511,Extremely sparse,False,https://sparse.tamu.edu/MM/DIMACS10/fe_rotor.tar.gz
2278,poli3,Grund,16955,37849,0.01316615068892,99.98683384931108,Extremely sparse,False,https://sparse.tamu.edu/MM/Grund/poli3.tar.gz
588,mark3jac100,Hollinger,45769,268563,0.012820451857629998,99.98717954814236,Extremely sparse,False,https://sparse.tamu.edu/MM/Hollinger/mark3jac100.tar.gz
589,mark3jac100sc,Hollinger,45769,268563,0.012820451857629998,99.98717954814236,Extremely sparse,False,https://sparse.tamu.edu/MM/Hollinger/mark3jac100sc.tar.gz
2787,loc-Brightkite,SNAP,58228,428156,0.01262810800827,99.98737189199171,Extremely sparse,False,https://sparse.tamu.edu/MM/SNAP/loc-Brightkite.tar.gz
973,para-4,Schenk_ISEI,153226,2930882,0.01248341489838,99.98751658510162,Extremely sparse,False,https://sparse.tamu.edu/MM/Schenk_ISEI/para-4.tar.gz
1312,jnlbrng1,GHS_psdef,40000,199200,0.01245,99.98755,Extremely sparse,False,https://sparse.tamu.edu/MM/GHS_psdef/jnlbrng1.tar.gz
1314,obstclae,GHS_psdef,40000,197608,0.012350499999999999,99.9876495,Extremely sparse,False,https://sparse.tamu.edu/MM/GHS_psdef/obstclae.tar.gz
1315,torsion1,GHS_psdef,40000,197608,0.012350499999999999,99.9876495,Extremely sparse,False,https://sparse.tamu.edu/MM/GHS_psdef/torsion1.tar.gz
1854,chem_master1,Watson,40401,201201,0.01232667385086,99.98767332614914,Extremely sparse,False,https://sparse.tamu.edu/MM/Watson/chem_master1.tar.gz
1371,rajat22,Rajat,39899,195429,0.01227622918876,99.98772377081124,Extremely sparse,False,https://sparse.tamu.edu/MM/Rajat/rajat22.tar.gz
1313,minsurfo,GHS_psdef,40806,203622,0.012228597437560001,99.98777140256244,Extremely sparse,False,https://sparse.tamu.edu/MM/GHS_psdef/minsurfo.tar.gz
1424,bloweybl,GHS_indef,30003,109999,0.012219667055499999,99.9877803329445,Extremely sparse,False,https://sparse.tamu.edu/MM/GHS_indef/bloweybl.tar.gz
1238,k1_san,GHS_indef,67759,559774,0.01219210647754,99.98780789352246,Extremely sparse,False,https://sparse.tamu.edu/MM/GHS_indef/k1_san.tar.gz
2518,598a,DIMACS10,110971,1483868,0.012049700985400001,99.9879502990146,Extremely sparse,True,https://sparse.tamu.edu/MM/DIMACS10/598a.tar.gz
913,cage12,vanHeukelum,130228,2032536,0.01198476450556,99.98801523549444,Extremely sparse,True,https://sparse.tamu.edu/MM/vanHeukelum/cage12.tar.gz
1217,aug3d,GHS_indef,24300,69984,0.011851851851849999,99.98814814814814,Extremely sparse,False,https://sparse.tamu.edu/MM/GHS_indef/aug3d.tar.gz
959,matrix_9,Schenk_IBMSDS,103430,1205518,0.01126887729604,99.98873112270395,Extremely sparse,False,https://sparse.tamu.edu/MM/Schenk_IBMSDS/matrix_9.tar.gz
1427,qpband,GHS_indef,20000,45000,0.01125,99.98875,Extremely sparse,False,https://sparse.tamu.edu/MM/GHS_indef/qpband.tar.gz
1234,dtoc,GHS_indef,24993,69972,0.01120179212536,99.98879820787462,Extremely sparse,False,https://sparse.tamu.edu/MM/GHS_indef/dtoc.tar.gz
2839,radiation,VLSI,223104,5526637,0.01110315050323,99.98889684949675,Extremely sparse,False,https://sparse.tamu.edu/MM/VLSI/radiation.tar.gz
1644,msdoor,INPRO,415863,19173163,0.01108646780154,99.98891353219844,Extremely sparse,False,https://sparse.tamu.edu/MM/INPRO/msdoor.tar.gz
2900,uni_chimera_i1,FlowIPM22,100000,1100592,0.01100592,99.98899408,Extremely sparse,False,https://sparse.tamu.edu/MM/FlowIPM22/uni_chimera_i1.tar.gz
1306,ncvxqp5,GHS_indef,62500,424966,0.0108791296,99.9891208704,Extremely sparse,False,https://sparse.tamu.edu/MM/GHS_indef/ncvxqp5.tar.gz
2322,as-caida,SNAP,31379,106762,0.010842726485900001,99.9891572735141,Extremely sparse,True,https://sparse.tamu.edu/MM/SNAP/as-caida.tar.gz
2434,shock-9,AG-Monien,36476,142580,0.01071628354752,99.98928371645248,Extremely sparse,False,https://sparse.tamu.edu/MM/AG-Monien/shock-9.tar.gz
590,mark3jac120,Hollinger,54929,322483,0.01068817214723,99.98931182785276,Extremely sparse,False,https://sparse.tamu.edu/MM/Hollinger/mark3jac120.tar.gz
591,mark3jac120sc,Hollinger,54929,322483,0.01068817214723,99.98931182785276,Extremely sparse,False,https://sparse.tamu.edu/MM/Hollinger/mark3jac120sc.tar.gz
752,finan512,Mulvey,74752,596992,0.01068372935822,99.98931627064177,Extremely sparse,False,https://sparse.tamu.edu/MM/Mulvey/finan512.tar.gz
753,pfinan512,Mulvey,74752,596992,0.01068372935822,99.98931627064177,Extremely sparse,True,https://sparse.tamu.edu/MM/Mulvey/pfinan512.tar.gz
2314,p2p-Gnutella25,SNAP,22687,54705,0.01062852210896,99.98937147789104,Extremely sparse,False,https://sparse.tamu.edu/MM/SNAP/p2p-Gnutella25.tar.gz
2582,ak2010,DIMACS10,45292,217098,0.01058309818392,99.98941690181609,Extremely sparse,False,https://sparse.tamu.edu/MM/DIMACS10/ak2010.tar.gz
2464,coPapersDBLP,DIMACS10,540486,30491458,0.01043780774383,99.98956219225616,Extremely sparse,False,https://sparse.tamu.edu/MM/DIMACS10/coPapersDBLP.tar.gz
2517,144,DIMACS10,144649,2148786,0.010269807297699999,99.9897301927023,Extremely sparse,False,https://sparse.tamu.edu/MM/DIMACS10/144.tar.gz
2836,imagesensor,VLSI,118758,1446396,0.01025560916999,99.98974439083,Extremely sparse,False,https://sparse.tamu.edu/MM/VLSI/imagesensor.tar.gz
1218,aug3dcqp,GHS_indef,35543,128115,0.01014125767833,99.98985874232169,Extremely sparse,False,https://sparse.tamu.edu/MM/GHS_indef/aug3dcqp.tar.gz
2574,G_n_pin_pout,DIMACS10,100000,1002396,0.01002396,99.98997604,Extremely sparse,False,https://sparse.tamu.edu/MM/DIMACS10/G_n_pin_pout.tar.gz
1229,c-72,GHS_indef,84064,707546,0.01001231668941,99.9899876833106,Extremely sparse,False,https://sparse.tamu.edu/MM/GHS_indef/c-72.tar.gz
2576,smallworld,DIMACS10,100000,999996,0.00999996,99.99000004,Extremely sparse,False,https://sparse.tamu.edu/MM/DIMACS10/smallworld.tar.gz
2575,preferentialAttachment,DIMACS10,100000,999970,0.0099997,99.9900003,Extremely sparse,False,https://sparse.tamu.edu/MM/DIMACS10/preferentialAttachment.tar.gz
2647,CoupCons3D,Janna,416800,17277420,0.009945427827778412,99.99005457217224,Extremely sparse,False,https://sparse.tamu.edu/MM/Janna/CoupCons3D.tar.gz
2556,Chevron2,Chevron,90249,803173,0.009861075948078673,99.99013892405192,Extremely sparse,False,https://sparse.tamu.edu/MM/Chevron/Chevron2.tar.gz
2611,nh2010,DIMACS10,48837,234550,0.009834164791526656,99.99016583520849,Extremely sparse,False,https://sparse.tamu.edu/MM/DIMACS10/nh2010.tar.gz
2413,big_dual,AG-Monien,30269,89858,0.009807551592288547,99.99019244840773,Extremely sparse,False,https://sparse.tamu.edu/MM/AG-Monien/big_dual.tar.gz
1244,olesnik0,GHS_indef,88263,744216,0.009553040815143144,99.99044695918484,Extremely sparse,False,https://sparse.tamu.edu/MM/GHS_indef/olesnik0.tar.gz
1415,ASIC_100k,Sandia,99340,940621,0.009531612082466242,99.99046838791752,Extremely sparse,False,https://sparse.tamu.edu/MM/Sandia/ASIC_100k.tar.gz
1375,rajat26,Rajat,51032,247528,0.009504716214320282,99.99049528378568,Extremely sparse,False,https://sparse.tamu.edu/MM/Rajat/rajat26.tar.gz
1471,EVA,Pajek,8497,6726,0.00931591734174634,99.99068408265823,Extremely sparse,False,https://sparse.tamu.edu/MM/Pajek/EVA.tar.gz
2313,p2p-Gnutella24,SNAP,26518,65369,0.009295875717624283,99.99070412428236,Extremely sparse,False,https://sparse.tamu.edu/MM/SNAP/p2p-Gnutella24.tar.gz
592,mark3jac140,Hollinger,64089,376395,0.009163826441043552,99.99083617355896,Extremely sparse,False,https://sparse.tamu.edu/MM/Hollinger/mark3jac140.tar.gz
593,mark3jac140sc,Hollinger,64089,376395,0.009163826441043552,99.99083617355896,Extremely sparse,False,https://sparse.tamu.edu/MM/Hollinger/mark3jac140sc.tar.gz
2440,se,AG-Monien,32768,98300,0.009154900908470154,99.99084509909152,Extremely sparse,False,https://sparse.tamu.edu/MM/AG-Monien/se.tar.gz
2471,delaunay_n16,DIMACS10,65536,393150,0.009153736755251884,99.99084626324476,Extremely sparse,True,https://sparse.tamu.edu/MM/DIMACS10/delaunay_n16.tar.gz
1215,aug2d,GHS_indef,29008,76832,0.009130752373995616,99.990869247626,Extremely sparse,True,https://sparse.tamu.edu/MM/GHS_indef/aug2d.tar.gz
2344,juba40k,Rommes,40337,144945,0.008908324906849986,99.99109167509314,Extremely sparse,False,https://sparse.tamu.edu/MM/Rommes/juba40k.tar.gz
2345,bauru5727,Rommes,40366,145019,0.008900071063341255,99.99109992893663,Extremely sparse,False,https://sparse.tamu.edu/MM/Rommes/bauru5727.tar.gz
1305,ncvxqp3,GHS_indef,75000,499964,0.00888824888888889,99.9911117511111,Extremely sparse,False,https://sparse.tamu.edu/MM/GHS_indef/ncvxqp3.tar.gz
2284,soc-Epinions1,SNAP,75888,508837,0.008835527213023052,99.99116447278698,Extremely sparse,False,https://sparse.tamu.edu/MM/SNAP/soc-Epinions1.tar.gz
1216,aug2dc,GHS_indef,30200,80000,0.008771545107670716,99.99122845489234,Extremely sparse,False,https://sparse.tamu.edu/MM/GHS_indef/aug2dc.tar.gz
2447,hollywood-2009,LAW,1139905,113891327,0.008765028567315557,99.99123497143268,Extremely sparse,False,https://sparse.tamu.edu/MM/LAW/hollywood-2009.tar.gz
1252,audikw_1,GHS_psdef,943695,77651847,0.00871943776249131,99.9912805622375,Extremely sparse,False,https://sparse.tamu.edu/MM/GHS_psdef/audikw_1.tar.gz
1445,rail_79841,Oberwolfach,79841,553921,0.008689522150578315,99.99131047784942,Extremely sparse,False,https://sparse.tamu.edu/MM/Oberwolfach/rail_79841.tar.gz
2427,wave,AG-Monien,156317,2118662,0.008670602049423671,99.99132939795058,Extremely sparse,False,https://sparse.tamu.edu/MM/AG-Monien/wave.tar.gz
2326,soc-sign-Slashdot081106,SNAP,77357,516575,0.008632451490077344,99.99136754850991,Extremely sparse,True,https://sparse.tamu.edu/MM/SNAP/soc-sign-Slashdot081106.tar.gz
972,para-10,Schenk_ISEI,155924,2094873,0.008616517303143006,99.99138348269686,Extremely sparse,True,https://sparse.tamu.edu/MM/Schenk_ISEI/para-10.tar.gz
974,para-5,Schenk_ISEI,155924,2094873,0.008616517303143006,99.99138348269686,Extremely sparse,False,https://sparse.tamu.edu/MM/Schenk_ISEI/para-5.tar.gz
975,para-6,Schenk_ISEI,155924,2094873,0.008616517303143006,99.99138348269686,Extremely sparse,False,https://sparse.tamu.edu/MM/Schenk_ISEI/para-6.tar.gz
976,para-7,Schenk_ISEI,155924,2094873,0.008616517303143006,99.99138348269686,Extremely sparse,False,https://sparse.tamu.edu/MM/Schenk_ISEI/para-7.tar.gz
977,para-8,Schenk_ISEI,155924,2094873,0.008616517303143006,99.99138348269686,Extremely sparse,False,https://sparse.tamu.edu/MM/Schenk_ISEI/para-8.tar.gz
978,para-9,Schenk_ISEI,155924,2094873,0.008616517303143006,99.99138348269686,Extremely sparse,False,https://sparse.tamu.edu/MM/Schenk_ISEI/para-9.tar.gz
2501,rgg_n_2_17_s0,DIMACS10,131072,1457506,0.008483801502734423,99.99151619849728,Extremely sparse,False,https://sparse.tamu.edu/MM/DIMACS10/rgg_n_2_17_s0.tar.gz
1402,thermal1,Schmid,82654,574458,0.00840873236936603,99.99159126763062,Extremely sparse,False,https://sparse.tamu.edu/MM/Schmid/thermal1.tar.gz
2246,fem_hifreq_circuit,Lee,491100,20239237,0.008391783437718367,99.99160821656228,Extremely sparse,False,https://sparse.tamu.edu/MM/Lee/fem_hifreq_circuit.tar.gz
1302,dixmaanl,GHS_indef,60000,299998,0.008333277777777778,99.99166672222223,Extremely sparse,False,https://sparse.tamu.edu/MM/GHS_indef/dixmaanl.tar.gz
1422,apache1,GHS_psdef,80800,542184,0.008304700519556906,99.99169529948044,Extremely sparse,False,https://sparse.tamu.edu/MM/GHS_psdef/apache1.tar.gz
286,twotone,ATandT,120750,1206265,0.008273103318201887,99.9917268966818,Extremely sparse,False,https://sparse.tamu.edu/MM/ATandT/twotone.tar.gz
452,bayer01,Grund,57735,275094,0.008252827695761826,99.99174717230424,Extremely sparse,False,https://sparse.tamu.edu/MM/Grund/bayer01.tar.gz
2903,uni_chimera_i4,FlowIPM22,100000,814436,0.00814436,99.99185564,Extremely sparse,False,https://sparse.tamu.edu/MM/FlowIPM22/uni_chimera_i4.tar.gz
2327,soc-sign-Slashdot090216,SNAP,81871,545671,0.008140867447881048,99.99185913255212,Extremely sparse,False,https://sparse.tamu.edu/MM/SNAP/soc-sign-Slashdot090216.tar.gz
2328,soc-sign-Slashdot090221,SNAP,82144,549202,0.00813917555860553,99.9918608244414,Extremely sparse,False,https://sparse.tamu.edu/MM/SNAP/soc-sign-Slashdot090221.tar.gz
2435,bfly,AG-Monien,49152,196608,0.008138020833333332,99.99186197916666,Extremely sparse,False,https://sparse.tamu.edu/MM/AG-Monien/bfly.tar.gz
2493,kron_g500-logn20,DIMACS10,1048576,89239674,0.008116301069094334,99.9918836989309,Extremely sparse,False,https://sparse.tamu.edu/MM/DIMACS10/kron_g500-logn20.tar.gz
1369,rajat20,Rajat,86916,604299,0.007999307892858439,99.99200069210714,Extremely sparse,False,https://sparse.tamu.edu/MM/Rajat/rajat20.tar.gz
2901,uni_chimera_i2,FlowIPM22,100000,797974,0.007979739999999999,99.99202026,Extremely sparse,False,https://sparse.tamu.edu/MM/FlowIPM22/uni_chimera_i2.tar.gz
1374,rajat25,Rajat,87190,606489,0.007977918090248821,99.99202208190977,Extremely sparse,False,https://sparse.tamu.edu/MM/Rajat/rajat25.tar.gz
1377,rajat28,Rajat,87190,606489,0.007977918090248821,99.99202208190977,Extremely sparse,False,https://sparse.tamu.edu/MM/Rajat/rajat28.tar.gz
541,bcircuit,Hamm,68902,375558,0.007910671697110006,99.9920893283029,Extremely sparse,False,https://sparse.tamu.edu/MM/Hamm/bcircuit.tar.gz
2838,power9,VLSI,155376,1887730,0.007819374329087882,99.99218062567093,Extremely sparse,False,https://sparse.tamu.edu/MM/VLSI/power9.tar.gz
897,torso2,Norris,115967,1033473,0.007684759672365365,99.99231524032764,Extremely sparse,False,https://sparse.tamu.edu/MM/Norris/torso2.tar.gz
2657,LeGresley_87936,LeGresley,87936,593276,0.007672260966159854,99.99232773903384,Extremely sparse,False,https://sparse.tamu.edu/MM/LeGresley/LeGresley_87936.tar.gz
2664,bundle_adj,Mazaheri,513351,20207907,0.0076681837258174524,99.9923318162742,Extremely sparse,False,https://sparse.tamu.edu/MM/Mazaheri/bundle_adj.tar.gz
2640,vsp_mod2_pgp2_slptsk,DIMACS10,101364,778736,0.0075791896024512695,99.99242081039756,Extremely sparse,False,https://sparse.tamu.edu/MM/DIMACS10/vsp_mod2_pgp2_slptsk.tar.gz
1307,ncvxqp7,GHS_indef,87500,574962,0.007509707755102041,99.9924902922449,Extremely sparse,True,https://sparse.tamu.edu/MM/GHS_indef/ncvxqp7.tar.gz
2588,ct2010,DIMACS10,67578,336352,0.007365179664938298,99.99263482033506,Extremely sparse,False,https://sparse.tamu.edu/MM/DIMACS10/ct2010.tar.gz
2388,dielFilterV3real,Dziekonski,1102824,89306020,0.007342911898685688,99.99265708810132,Extremely sparse,False,https://sparse.tamu.edu/MM/Dziekonski/dielFilterV3real.tar.gz
2529,m14b,DIMACS10,214765,3358036,0.007280451868000151,99.992719548132,Extremely sparse,False,https://sparse.tamu.edu/MM/DIMACS10/m14b.tar.gz
2786,higgs-twitter,SNAP,456626,14855842,0.007124854488951054,99.99287514551104,Extremely sparse,False,https://sparse.tamu.edu/MM/SNAP/higgs-twitter.tar.gz
1293,a5esindl,GHS_indef,60008,255004,0.00708155590364248,99.99291844409636,Extremely sparse,False,https://sparse.tamu.edu/MM/GHS_indef/a5esindl.tar.gz
2384,HV15R,Fluorem,2017169,283073458,0.00695688108083157,99.99304311891916,Extremely sparse,False,https://sparse.tamu.edu/MM/Fluorem/HV15R.tar.gz
2602,me2010,DIMACS10,69518,335476,0.006941717214308456,99.9930582827857,Extremely sparse,False,https://sparse.tamu.edu/MM/DIMACS10/me2010.tar.gz
1580,af_0_k101,Schenk_AFE,503625,17550675,0.006919572488882261,99.99308042751112,Extremely sparse,False,https://sparse.tamu.edu/MM/Schenk_AFE/af_0_k101.tar.gz
1581,af_1_k101,Schenk_AFE,503625,17550675,0.006919572488882261,99.99308042751112,Extremely sparse,False,https://sparse.tamu.edu/MM/Schenk_AFE/af_1_k101.tar.gz
1582,af_2_k101,Schenk_AFE,503625,17550675,0.006919572488882261,99.99308042751112,Extremely sparse,False,https://sparse.tamu.edu/MM/Schenk_AFE/af_2_k101.tar.gz
1583,af_3_k101,Schenk_AFE,503625,17550675,0.006919572488882261,99.99308042751112,Extremely sparse,False,https://sparse.tamu.edu/MM/Schenk_AFE/af_3_k101.tar.gz
1584,af_4_k101,Schenk_AFE,503625,17550675,0.006919572488882261,99.99308042751112,Extremely sparse,False,https://sparse.tamu.edu/MM/Schenk_AFE/af_4_k101.tar.gz
1585,af_5_k101,Schenk_AFE,503625,17550675,0.006919572488882261,99.99308042751112,Extremely sparse,False,https://sparse.tamu.edu/MM/Schenk_AFE/af_5_k101.tar.gz
948,af_shell9,Schenk_AFE,504855,17588845,0.006900872415152854,99.99309912758486,Extremely sparse,False,https://sparse.tamu.edu/MM/Schenk_AFE/af_shell9.tar.gz
944,af_shell5,Schenk_AFE,504855,17579155,0.006897070604760936,99.99310292939523,Extremely sparse,False,https://sparse.tamu.edu/MM/Schenk_AFE/af_shell5.tar.gz
945,af_shell6,Schenk_AFE,504855,17579155,0.006897070604760936,99.99310292939523,Extremely sparse,False,https://sparse.tamu.edu/MM/Schenk_AFE/af_shell6.tar.gz
946,af_shell7,Schenk_AFE,504855,17579155,0.006897070604760936,99.99310292939523,Extremely sparse,False,https://sparse.tamu.edu/MM/Schenk_AFE/af_shell7.tar.gz
947,af_shell8,Schenk_AFE,504855,17579155,0.006897070604760936,99.99310292939523,Extremely sparse,False,https://sparse.tamu.edu/MM/Schenk_AFE/af_shell8.tar.gz
940,af_shell1,Schenk_AFE,504855,17562051,0.006890359958223953,99.99310964004178,Extremely sparse,False,https://sparse.tamu.edu/MM/Schenk_AFE/af_shell1.tar.gz
941,af_shell2,Schenk_AFE,504855,17562051,0.006890359958223953,99.99310964004178,Extremely sparse,False,https://sparse.tamu.edu/MM/Schenk_AFE/af_shell2.tar.gz
942,af_shell3,Schenk_AFE,504855,17562051,0.006890359958223953,99.99310964004178,Extremely sparse,False,https://sparse.tamu.edu/MM/Schenk_AFE/af_shell3.tar.gz
943,af_shell4,Schenk_AFE,504855,17562051,0.006890359958223953,99.99310964004178,Extremely sparse,False,https://sparse.tamu.edu/MM/Schenk_AFE/af_shell4.tar.gz
2385,dielFilterV2clx,Dziekonski,607232,25309272,0.006863890604932715,99.99313610939508,Extremely sparse,False,https://sparse.tamu.edu/MM/Dziekonski/dielFilterV2clx.tar.gz
1858,crashbasis,QLi,160000,1750416,0.006837562500000001,99.9931624375,Extremely sparse,False,https://sparse.tamu.edu/MM/QLi/crashbasis.tar.gz
1859,majorbasis,QLi,160000,1750416,0.006837562500000001,99.9931624375,Extremely sparse,False,https://sparse.tamu.edu/MM/QLi/majorbasis.tar.gz
2257,thermomech_TC,Botonakis,102158,711558,0.00681813414957612,99.99318186585042,Extremely sparse,False,https://sparse.tamu.edu/MM/Botonakis/thermomech_TC.tar.gz
2258,thermomech_TK,Botonakis,102158,711558,0.00681813414957612,99.99318186585042,Extremely sparse,False,https://sparse.tamu.edu/MM/Botonakis/thermomech_TK.tar.gz
2260,thermomech_dK,Botonakis,204316,2846228,0.006818124567596647,99.9931818754324,Extremely sparse,False,https://sparse.tamu.edu/MM/Botonakis/thermomech_dK.tar.gz
1300,cont-201,GHS_indef,80595,438795,0.006755312915744705,99.99324468708426,Extremely sparse,False,https://sparse.tamu.edu/MM/GHS_indef/cont-201.tar.gz
2661,PFlow_742,Janna,742793,37138461,0.006731134957499778,99.9932688650425,Extremely sparse,False,https://sparse.tamu.edu/MM/Janna/PFlow_742.tar.gz
2543,Fault_639,Janna,638802,27245944,0.006676814727011192,99.99332318527298,Extremely sparse,True,https://sparse.tamu.edu/MM/Janna/Fault_639.tar.gz
1877,RFdevice,Rost,74104,365580,0.006657315302655079,99.99334268469734,Extremely sparse,False,https://sparse.tamu.edu/MM/Rost/RFdevice.tar.gz
895,stomach,Norris,213360,3021648,0.006637703751597979,99.9933622962484,Extremely sparse,False,https://sparse.tamu.edu/MM/Norris/stomach.tar.gz
898,torso3,Norris,259156,4429042,0.006594581842023316,99.99340541815798,Extremely sparse,False,https://sparse.tamu.edu/MM/Norris/torso3.tar.gz
2315,p2p-Gnutella30,SNAP,36682,88328,0.0065643598998040035,99.9934356401002,Extremely sparse,False,https://sparse.tamu.edu/MM/SNAP/p2p-Gnutella30.tar.gz
2637,vsp_c-60_data_cti_cs4,DIMACS10,85830,482160,0.006545049770599508,99.9934549502294,Extremely sparse,False,https://sparse.tamu.edu/MM/DIMACS10/vsp_c-60_data_cti_cs4.tar.gz
1856,3Dspectralwave,Sinclair,680943,30290827,0.006532653316650158,99.99346734668336,Extremely sparse,False,https://sparse.tamu.edu/MM/Sinclair/3Dspectralwave.tar.gz
75,bcsstm25,HB,15439,15439,0.006477103439341926,99.99352289656066,Extremely sparse,False,https://sparse.tamu.edu/MM/HB/bcsstm25.tar.gz
290,epb3,Averous,84617,463625,0.006475176317354203,99.99352482368263,Extremely sparse,False,https://sparse.tamu.edu/MM/Averous/epb3.tar.gz
1459,dictionary28,Pajek,52652,178076,0.006423557952001139,99.993576442048,Extremely sparse,False,https://sparse.tamu.edu/MM/Pajek/dictionary28.tar.gz
2279,poli4,Grund,33833,73249,0.0063991263089365515,99.99360087369108,Extremely sparse,False,https://sparse.tamu.edu/MM/Grund/poli4.tar.gz
2532,wing,DIMACS10,62032,243088,0.006317306570916928,99.9936826934291,Extremely sparse,False,https://sparse.tamu.edu/MM/DIMACS10/wing.tar.gz
2283,offshore,Um,259789,4242673,0.006286342568526053,99.99371365743148,Extremely sparse,False,https://sparse.tamu.edu/MM/Um/offshore.tar.gz
2329,gsm_106857,Dziekonski,589446,21758924,0.006262523455226952,99.99373747654478,Extremely sparse,False,https://sparse.tamu.edu/MM/Dziekonski/gsm_106857.tar.gz
2840,test1,VLSI,392908,9447535,0.006119793476862698,99.99388020652312,Extremely sparse,False,https://sparse.tamu.edu/MM/VLSI/test1.tar.gz
2438,ccc,AG-Monien,49152,147456,0.006103515625,99.993896484375,Extremely sparse,True,https://sparse.tamu.edu/MM/AG-Monien/ccc.tar.gz
1855,Baumann,Watson,112211,748331,0.005943234563365045,99.99405676543664,Extremely sparse,False,https://sparse.tamu.edu/MM/Watson/Baumann.tar.gz
1416,ASIC_100ks,Sandia,99190,578890,0.005883832040841431,99.99411616795916,Extremely sparse,False,https://sparse.tamu.edu/MM/Sandia/ASIC_100ks.tar.gz
2614,nv2010,DIMACS10,84538,416998,0.005834854541312382,99.9941651454587,Extremely sparse,False,https://sparse.tamu.edu/MM/DIMACS10/nv2010.tar.gz
2437,cca,AG-Monien,49152,139264,0.005764431423611111,99.9942355685764,Extremely sparse,False,https://sparse.tamu.edu/MM/AG-Monien/cca.tar.gz
2444,enron,LAW,69244,276143,0.005759300555759,99.99424069944423,Extremely sparse,False,https://sparse.tamu.edu/MM/LAW/enron.tar.gz
2631,wy2010,DIMACS10,86204,427586,0.005753983877220532,99.99424601612276,Extremely sparse,False,https://sparse.tamu.edu/MM/DIMACS10/wy2010.tar.gz
879,onera_dual,Pothen,85567,419201,0.005725450949956162,99.99427454905005,Extremely sparse,False,https://sparse.tamu.edu/MM/Pothen/onera_dual.tar.gz
960,matrix-new_3,Schenk_IBMSDS,125329,893984,0.0056914981264416945,99.99430850187356,Extremely sparse,False,https://sparse.tamu.edu/MM/Schenk_IBMSDS/matrix-new_3.tar.gz
2639,vsp_finan512_scagr7-2c_rlfddd,DIMACS10,139752,1104040,0.005652866703570521,99.99434713329644,Extremely sparse,False,https://sparse.tamu.edu/MM/DIMACS10/vsp_finan512_scagr7-2c_rlfddd.tar.gz
809,shyy161,Shyy,76480,329762,0.005637737489277149,99.99436226251072,Extremely sparse,False,https://sparse.tamu.edu/MM/Shyy/shyy161.tar.gz
1320,dc1,IBM_EDA,116835,766396,0.005614451099680581,99.99438554890033,Extremely sparse,False,https://sparse.tamu.edu/MM/IBM_EDA/dc1.tar.gz
1321,dc2,IBM_EDA,116835,766396,0.005614451099680581,99.99438554890033,Extremely sparse,False,https://sparse.tamu.edu/MM/IBM_EDA/dc2.tar.gz
1322,dc3,IBM_EDA,116835,766396,0.005614451099680581,99.99438554890033,Extremely sparse,False,https://sparse.tamu.edu/MM/IBM_EDA/dc3.tar.gz
1291,a0nsdsil,GHS_indef,80016,355034,0.005545187953011277,99.99445481204698,Extremely sparse,False,https://sparse.tamu.edu/MM/GHS_indef/a0nsdsil.tar.gz
2756,iChem_Jacobian,Meng,274087,4137369,0.00550740965224354,99.99449259034776,Extremely sparse,False,https://sparse.tamu.edu/MM/Meng/iChem_Jacobian.tar.gz
1323,trans4,IBM_EDA,116835,749800,0.005492872398264735,99.99450712760174,Extremely sparse,False,https://sparse.tamu.edu/MM/IBM_EDA/trans4.tar.gz
1324,trans5,IBM_EDA,116835,749800,0.005492872398264735,99.99450712760174,Extremely sparse,False,https://sparse.tamu.edu/MM/IBM_EDA/trans5.tar.gz
1263,ford2,GHS_psdef,100196,544688,0.005425590840953687,99.99457440915904,Extremely sparse,False,https://sparse.tamu.edu/MM/GHS_psdef/ford2.tar.gz
863,kim2,Kim,456976,11330020,0.005425551531361291,99.99457444846864,Extremely sparse,False,https://sparse.tamu.edu/MM/Kim/kim2.tar.gz
1292,a2nnsnsl,GHS_indef,80016,347222,0.005423174263367683,99.99457682573664,Extremely sparse,True,https://sparse.tamu.edu/MM/GHS_indef/a2nnsnsl.tar.gz
1344,rajat17,Rajat,94294,479246,0.005390020022807682,99.99460997997718,Extremely sparse,True,https://sparse.tamu.edu/MM/Rajat/rajat17.tar.gz
1345,rajat18,Rajat,94294,479151,0.005388951569649666,99.99461104843034,Extremely sparse,False,https://sparse.tamu.edu/MM/Rajat/rajat18.tar.gz
843,m3plates,Cunningham,11107,6639,0.005381571626266282,99.99461842837374,Extremely sparse,False,https://sparse.tamu.edu/MM/Cunningham/m3plates.tar.gz
1343,rajat16,Rajat,94294,476766,0.00536212777194578,99.99463787222804,Extremely sparse,True,https://sparse.tamu.edu/MM/Rajat/rajat16.tar.gz
2622,sd2010,DIMACS10,88360,410722,0.005260615396785159,99.99473938460322,Extremely sparse,False,https://sparse.tamu.edu/MM/DIMACS10/sd2010.tar.gz
885,tandem_dual,Pothen,94069,460493,0.005203912411992377,99.994796087588,Extremely sparse,False,https://sparse.tamu.edu/MM/Pothen/tandem_dual.tar.gz
2904,uni_chimera_i5,FlowIPM22,100000,499982,0.0049998199999999994,99.99500018,Extremely sparse,False,https://sparse.tamu.edu/MM/FlowIPM22/uni_chimera_i5.tar.gz
2902,uni_chimera_i3,FlowIPM22,100000,499696,0.00499696,99.99500304,Extremely sparse,False,https://sparse.tamu.edu/MM/FlowIPM22/uni_chimera_i3.tar.gz
2530,t60k,DIMACS10,60005,178880,0.004968060844247759,99.99503193915577,Extremely sparse,False,https://sparse.tamu.edu/MM/DIMACS10/t60k.tar.gz
2788,loc-Gowalla,SNAP,196591,1900654,0.004917855913452399,99.99508214408654,Extremely sparse,False,https://sparse.tamu.edu/MM/SNAP/loc-Gowalla.tar.gz
1231,d_pretok,GHS_indef,182730,1641672,0.004916620442847859,99.99508337955714,Extremely sparse,False,https://sparse.tamu.edu/MM/GHS_indef/d_pretok.tar.gz
1453,bone010,Oberwolfach,986703,47851783,0.004915019297611429,99.9950849807024,Extremely sparse,False,https://sparse.tamu.edu/MM/Oberwolfach/bone010.tar.gz
1211,t3dl_e,Oberwolfach,20360,20360,0.004911591355599214,99.9950884086444,Extremely sparse,False,https://sparse.tamu.edu/MM/Oberwolfach/t3dl_e.tar.gz
2650,ML_Geer,Janna,1504002,110686677,0.004893262586167697,99.99510673741383,Extremely sparse,False,https://sparse.tamu.edu/MM/Janna/ML_Geer.tar.gz
1455,boneS10,Oberwolfach,914898,40878708,0.004883731788426388,99.99511626821158,Extremely sparse,False,https://sparse.tamu.edu/MM/Oberwolfach/boneS10.tar.gz
2261,shallow_water1,MaxPlanck,81920,327680,0.0048828125,99.9951171875,Extremely sparse,False,https://sparse.tamu.edu/MM/MaxPlanck/shallow_water1.tar.gz
2262,shallow_water2,MaxPlanck,81920,327680,0.0048828125,99.9951171875,Extremely sparse,False,https://sparse.tamu.edu/MM/MaxPlanck/shallow_water2.tar.gz
2829,ACTIVSg70K,TAMU_SmartGridCenter,69999,238627,0.004870077919599728,99.9951299220804,Extremely sparse,False,https://sparse.tamu.edu/MM/TAMU_SmartGridCenter/ACTIVSg70K.tar.gz
2325,soc-sign-epinions,SNAP,131828,841372,0.004841419648464106,99.99515858035154,Extremely sparse,False,https://sparse.tamu.edu/MM/SNAP/soc-sign-epinions.tar.gz
2570,CurlCurl_1,Bodendiek,226451,2472071,0.004820726071118465,99.99517927392888,Extremely sparse,False,https://sparse.tamu.edu/MM/Bodendiek/CurlCurl_1.tar.gz
373,circuit_4,Bomhof,80209,307604,0.0047812975870047915,99.99521870241298,Extremely sparse,False,https://sparse.tamu.edu/MM/Bomhof/circuit_4.tar.gz
2542,Emilia_923,Janna,923136,40373538,0.004737676837125991,99.99526232316288,Extremely sparse,False,https://sparse.tamu.edu/MM/Janna/Emilia_923.tar.gz
1251,turon_m,GHS_indef,189924,1690876,0.004687616379095736,99.9953123836209,Extremely sparse,False,https://sparse.tamu.edu/MM/GHS_indef/turon_m.tar.gz
1268,ldoor,GHS_psdef,952203,42493817,0.0046866945783877395,99.9953133054216,Extremely sparse,False,https://sparse.tamu.edu/MM/GHS_psdef/ldoor.tar.gz
2544,Flan_1565,Janna,1564794,114165372,0.004662512957056233,99.99533748704296,Extremely sparse,False,https://sparse.tamu.edu/MM/Janna/Flan_1565.tar.gz
542,hcircuit,Hamm,105676,513072,0.004594365922779169,99.99540563407722,Extremely sparse,False,https://sparse.tamu.edu/MM/Hamm/hcircuit.tar.gz
2472,delaunay_n17,DIMACS10,131072,786352,0.004577171057462692,99.99542282894254,Extremely sparse,False,https://sparse.tamu.edu/MM/DIMACS10/delaunay_n17.tar.gz
1372,rajat23,Rajat,110355,555441,0.004560935220448087,99.99543906477956,Extremely sparse,False,https://sparse.tamu.edu/MM/Rajat/rajat23.tar.gz
2502,rgg_n_2_18_s0,DIMACS10,262144,3094566,0.0045031862100586295,99.99549681378994,Extremely sparse,False,https://sparse.tamu.edu/MM/DIMACS10/rgg_n_2_18_s0.tar.gz
953,c-73,Schenk_IBMNA,169422,1279274,0.0044568084096987285,99.9955431915903,Extremely sparse,False,https://sparse.tamu.edu/MM/Schenk_IBMNA/c-73.tar.gz
1590,c-73b,Schenk_IBMNA,169422,1279274,0.0044568084096987285,99.9955431915903,Extremely sparse,False,https://sparse.tamu.edu/MM/Schenk_IBMNA/c-73b.tar.gz
2625,ut2010,DIMACS10,115406,572066,0.004295259032005559,99.995704740968,Extremely sparse,False,https://sparse.tamu.edu/MM/DIMACS10/ut2010.tar.gz
2034,ch7-8-b5,JGD_Homology,141120,846720,0.004251700680272108,99.99574829931971,Extremely sparse,False,https://sparse.tamu.edu/MM/JGD_Homology/ch7-8-b5.tar.gz
2494,kron_g500-logn21,DIMACS10,2097152,182082942,0.004140086775805685,99.9958599132242,Extremely sparse,False,https://sparse.tamu.edu/MM/DIMACS10/kron_g500-logn21.tar.gz
894,lung2,Norris,109460,492564,0.0041110407321906395,99.9958889592678,Extremely sparse,False,https://sparse.tamu.edu/MM/Norris/lung2.tar.gz
2525,fe_ocean,DIMACS10,143437,819186,0.003981622985450269,99.99601837701456,Extremely sparse,False,https://sparse.tamu.edu/MM/DIMACS10/fe_ocean.tar.gz
2550,Long_Coup_dt0,Janna,1470152,84422970,0.0039060351616279953,99.99609396483837,Extremely sparse,False,https://sparse.tamu.edu/MM/Janna/Long_Coup_dt0.tar.gz
2551,Long_Coup_dt6,Janna,1470152,84422970,0.0039060351616279953,99.99609396483837,Extremely sparse,False,https://sparse.tamu.edu/MM/Janna/Long_Coup_dt6.tar.gz
2849,marine1,Martin,400320,6226538,0.003885367175883594,99.99611463282412,Extremely sparse,False,https://sparse.tamu.edu/MM/Martin/marine1.tar.gz
2316,p2p-Gnutella31,SNAP,62586,147892,0.0037756374969070907,99.9962243625031,Extremely sparse,False,https://sparse.tamu.edu/MM/SNAP/p2p-Gnutella31.tar.gz
914,cage13,vanHeukelum,445315,7479343,0.0037716275721267943,99.99622837242788,Extremely sparse,False,https://sparse.tamu.edu/MM/vanHeukelum/cage13.tar.gz
1875,hvdc2,HVDC,189860,1339638,0.003716383344953961,99.99628361665503,Extremely sparse,False,https://sparse.tamu.edu/MM/HVDC/hvdc2.tar.gz
2607,mt2010,DIMACS10,132288,638668,0.003649507457772273,99.99635049254223,Extremely sparse,False,https://sparse.tamu.edu/MM/DIMACS10/mt2010.tar.gz
2630,wv2010,DIMACS10,135218,662922,0.003625712934337635,99.99637428706566,Extremely sparse,False,https://sparse.tamu.edu/MM/DIMACS10/wv2010.tar.gz
2386,dielFilterV2real,Dziekonski,1157456,48538952,0.003623109119606349,99.99637689088038,Extremely sparse,False,https://sparse.tamu.edu/MM/Dziekonski/dielFilterV2real.tar.gz
2609,nd2010,DIMACS10,133769,625946,0.0034980491516752687,99.99650195084833,Extremely sparse,False,https://sparse.tamu.edu/MM/DIMACS10/nd2010.tar.gz
2259,thermomech_dM,Botonakis,204316,1423116,0.00340906707478806,99.99659093292522,Extremely sparse,False,https://sparse.tamu.edu/MM/Botonakis/thermomech_dM.tar.gz
2601,md2010,DIMACS10,145247,700378,0.003319847646729118,99.99668015235326,Extremely sparse,False,https://sparse.tamu.edu/MM/DIMACS10/md2010.tar.gz
2541,Serena,Janna,1391349,64131971,0.0033128549951881954,99.9966871450048,Extremely sparse,False,https://sparse.tamu.edu/MM/Janna/Serena.tar.gz
2456,caidaRouterLevel,DIMACS10,192244,1218132,0.0032960118446950484,99.9967039881553,Extremely sparse,False,https://sparse.tamu.edu/MM/DIMACS10/caidaRouterLevel.tar.gz
2519,auto,DIMACS10,448695,6629222,0.0032927601935525868,99.99670723980644,Extremely sparse,False,https://sparse.tamu.edu/MM/DIMACS10/auto.tar.gz
544,scircuit,Hamm,170998,958936,0.003279499441349471,99.99672050055864,Extremely sparse,False,https://sparse.tamu.edu/MM/Hamm/scircuit.tar.gz
2594,id2010,DIMACS10,149842,728264,0.00324355838645896,99.99675644161354,Extremely sparse,False,https://sparse.tamu.edu/MM/DIMACS10/id2010.tar.gz
1412,G2_circuit,AMD,150102,726674,0.0032252743577288485,99.99677472564228,Extremely sparse,False,https://sparse.tamu.edu/MM/AMD/G2_circuit.tar.gz
2460,citationCiteseer,DIMACS10,268495,2313294,0.0032089165737062926,99.9967910834263,Extremely sparse,False,https://sparse.tamu.edu/MM/DIMACS10/citationCiteseer.tar.gz
2461,coAuthorsCiteseer,DIMACS10,227320,1628268,0.0031510158890645976,99.99684898411093,Extremely sparse,True,https://sparse.tamu.edu/MM/DIMACS10/coAuthorsCiteseer.tar.gz
2600,ma2010,DIMACS10,157508,776610,0.0031303849324112146,99.99686961506758,Extremely sparse,False,https://sparse.tamu.edu/MM/DIMACS10/ma2010.tar.gz
2441,cnr-2000,LAW,325557,3216152,0.0030344674991849745,99.9969655325008,Extremely sparse,False,https://sparse.tamu.edu/MM/LAW/cnr-2000.tar.gz
1301,cont-300,GHS_indef,180895,988195,0.0030198788896074365,99.9969801211104,Extremely sparse,False,https://sparse.tamu.edu/MM/GHS_indef/cont-300.tar.gz
2598,ky2010,DIMACS10,161672,787778,0.0030139373915192506,99.99698606260849,Extremely sparse,False,https://sparse.tamu.edu/MM/DIMACS10/ky2010.tar.gz
2275,transient,Freescale,178866,961368,0.0030049280125505036,99.99699507198744,Extremely sparse,False,https://sparse.tamu.edu/MM/Freescale/transient.tar.gz
2376,mac_econ_fwd500,Williams,206500,1273389,0.0029862143765866014,99.9970137856234,Extremely sparse,True,https://sparse.tamu.edu/MM/Williams/mac_econ_fwd500.tar.gz
2613,nm2010,DIMACS10,168609,830970,0.0029229665117543905,99.99707703348824,Extremely sparse,False,https://sparse.tamu.edu/MM/DIMACS10/nm2010.tar.gz
2842,vas_stokes_1M,VLSI,1090664,34767207,0.002922724273665468,99.99707727572633,Extremely sparse,False,https://sparse.tamu.edu/MM/VLSI/vas_stokes_1M.tar.gz
2545,Geo_1438,Janna,1437960,60236322,0.002913163336136153,99.99708683666388,Extremely sparse,False,https://sparse.tamu.edu/MM/Janna/Geo_1438.tar.gz
979,Stanford,Kamvar,281903,2312497,0.0029099249131415,99.99709007508686,Extremely sparse,False,https://sparse.tamu.edu/MM/Kamvar/Stanford.tar.gz
2303,web-Stanford,SNAP,281903,2312497,0.0029099249131415,99.99709007508686,Extremely sparse,False,https://sparse.tamu.edu/MM/SNAP/web-Stanford.tar.gz
2612,nj2010,DIMACS10,169588,829912,0.0028856377270976294,99.9971143622729,Extremely sparse,False,https://sparse.tamu.edu/MM/DIMACS10/nj2010.tar.gz
1382,ins2,Andrianov,309412,2751484,0.002874039188812364,99.9971259608112,Extremely sparse,False,https://sparse.tamu.edu/MM/Andrianov/ins2.tar.gz
2606,ms2010,DIMACS10,171778,839980,0.0028466486130018756,99.997153351387,Extremely sparse,False,https://sparse.tamu.edu/MM/DIMACS10/ms2010.tar.gz
1893,largebasis,QLi,440020,5240084,0.0027064089159117583,99.99729359108407,Extremely sparse,False,https://sparse.tamu.edu/MM/QLi/largebasis.tar.gz
2621,sc2010,DIMACS10,181908,893160,0.002699141589421934,99.99730085841058,Extremely sparse,False,https://sparse.tamu.edu/MM/DIMACS10/sc2010.tar.gz
1213,Lin,Lin,256000,1766400,0.0026953125,99.9973046875,Extremely sparse,False,https://sparse.tamu.edu/MM/Lin/Lin.tar.gz
2548,Cube_Coup_dt0,Janna,2164760,124406070,0.0026547404174813026,99.99734525958252,Extremely sparse,False,https://sparse.tamu.edu/MM/Janna/Cube_Coup_dt0.tar.gz
2549,Cube_Coup_dt6,Janna,2164760,124406070,0.0026547404174813026,99.99734525958252,Extremely sparse,False,https://sparse.tamu.edu/MM/Janna/Cube_Coup_dt6.tar.gz
2546,Hook_1498,Janna,1498023,59374451,0.002645834311993019,99.997354165688,Extremely sparse,False,https://sparse.tamu.edu/MM/Janna/Hook_1498.tar.gz
2584,ar2010,DIMACS10,186211,904310,0.0026079944845184048,99.99739200551548,Extremely sparse,False,https://sparse.tamu.edu/MM/DIMACS10/ar2010.tar.gz
2443,eu-2005,LAW,862664,19235140,0.002584711065031801,99.99741528893496,Extremely sparse,True,https://sparse.tamu.edu/MM/LAW/eu-2005.tar.gz
2618,or2010,DIMACS10,196621,979512,0.0025336694784643668,99.99746633052152,Extremely sparse,False,https://sparse.tamu.edu/MM/DIMACS10/or2010.tar.gz
1901,nlpkkt80,Schenk,1062400,28192672,0.0024978141103570908,99.99750218588964,Extremely sparse,False,https://sparse.tamu.edu/MM/Schenk/nlpkkt80.tar.gz
2782,com-Orkut,SNAP,3072441,234370166,0.0024827627671031205,99.9975172372329,Extremely sparse,False,https://sparse.tamu.edu/MM/SNAP/com-Orkut.tar.gz
2628,wa2010,DIMACS10,195574,947432,0.0024769988932562344,99.99752300110674,Extremely sparse,False,https://sparse.tamu.edu/MM/DIMACS10/wa2010.tar.gz
2795,sx-superuser,SNAP,194085,924886,0.002455298292135063,99.99754470170788,Extremely sparse,False,https://sparse.tamu.edu/MM/SNAP/sx-superuser.tar.gz
2610,ne2010,DIMACS10,193352,913854,0.002444440551355584,99.99755555944864,Extremely sparse,False,https://sparse.tamu.edu/MM/DIMACS10/ne2010.tar.gz
2587,co2010,DIMACS10,201062,974574,0.002410764704673676,99.99758923529532,Extremely sparse,False,https://sparse.tamu.edu/MM/DIMACS10/co2010.tar.gz
347,bcsstm37,Boeing,25503,15525,0.002386981576833388,99.99761301842317,Extremely sparse,False,https://sparse.tamu.edu/MM/Boeing/bcsstm37.tar.gz
2503,rgg_n_2_19_s0,DIMACS10,524288,6539532,0.0023790678824298084,99.99762093211756,Extremely sparse,False,https://sparse.tamu.edu/MM/DIMACS10/rgg_n_2_19_s0.tar.gz
2792,sx-askubuntu,SNAP,159316,596933,0.0023518347370016486,99.997648165263,Extremely sparse,False,https://sparse.tamu.edu/MM/SNAP/sx-askubuntu.tar.gz
2557,Chevron3,Chevron,381381,3413113,0.0023465648484810612,99.99765343515152,Extremely sparse,True,https://sparse.tamu.edu/MM/Chevron/Chevron3.tar.gz
2599,la2010,DIMACS10,204447,980634,0.00234609428914765,99.99765390571083,Extremely sparse,False,https://sparse.tamu.edu/MM/DIMACS10/la2010.tar.gz
1586,af_shell10,Schenk_AFE,1508065,52259885,0.0022978852015055565,99.99770211479849,Extremely sparse,False,https://sparse.tamu.edu/MM/Schenk_AFE/af_shell10.tar.gz
2473,delaunay_n18,DIMACS10,262144,1572792,0.002288713585585356,99.9977112864144,Extremely sparse,True,https://sparse.tamu.edu/MM/DIMACS10/delaunay_n18.tar.gz
345,bcsstm35,Boeing,30237,20619,0.002255226669918813,99.99774477333008,Extremely sparse,False,https://sparse.tamu.edu/MM/Boeing/bcsstm35.tar.gz
2593,ia2010,DIMACS10,216007,1021170,0.0021885798531225084,99.99781142014687,Extremely sparse,False,https://sparse.tamu.edu/MM/DIMACS10/ia2010.tar.gz
2462,coAuthorsDBLP,DIMACS10,299067,1955352,0.0021861902918978156,99.9978138097081,Extremely sparse,False,https://sparse.tamu.edu/MM/DIMACS10/coAuthorsDBLP.tar.gz
2851,analytics,Precima,303813,2006126,0.002173429213612629,99.9978265707864,Extremely sparse,False,https://sparse.tamu.edu/MM/Precima/analytics.tar.gz
349,bcsstm39,Boeing,46772,46772,0.0021380313007782433,99.99786196869924,Extremely sparse,False,https://sparse.tamu.edu/MM/Boeing/bcsstm39.tar.gz
2779,com-DBLP,SNAP,317080,2099732,0.0020884600298653687,99.99791153997012,Extremely sparse,False,https://sparse.tamu.edu/MM/SNAP/com-DBLP.tar.gz
2307,amazon0601,SNAP,403394,3387388,0.0020816421641779207,99.99791835783584,Extremely sparse,False,https://sparse.tamu.edu/MM/SNAP/amazon0601.tar.gz
2816,power197k,PowerSystem,197156,805839,0.002073138348647064,99.99792686165137,Extremely sparse,False,https://sparse.tamu.edu/MM/PowerSystem/power197k.tar.gz
2623,tn2010,DIMACS10,240116,1193966,0.002070855328296721,99.9979291446717,Extremely sparse,False,https://sparse.tamu.edu/MM/DIMACS10/tn2010.tar.gz
2585,az2010,DIMACS10,241666,1196094,0.0020480200508917108,99.99795197994912,Extremely sparse,False,https://sparse.tamu.edu/MM/DIMACS10/az2010.tar.gz
2332,usroads-48,Gleich,126146,323900,0.002035466598947185,99.99796453340105,Extremely sparse,False,https://sparse.tamu.edu/MM/Gleich/usroads-48.tar.gz
2846,ss1,VLSI,205282,845089,0.00200539860407088,99.99799460139592,Extremely sparse,False,https://sparse.tamu.edu/MM/VLSI/ss1.tar.gz
2056,m133-b3,JGD_Homology,200200,800800,0.001998001998001998,99.998001998002,Extremely sparse,True,https://sparse.tamu.edu/MM/JGD_Homology/m133-b3.tar.gz
2135,shar_te2-b3,JGD_Homology,200200,800800,0.001998001998001998,99.998001998002,Extremely sparse,False,https://sparse.tamu.edu/MM/JGD_Homology/shar_te2-b3.tar.gz
2306,amazon0505,SNAP,410236,3356824,0.001994623969523149,99.99800537603048,Extremely sparse,False,https://sparse.tamu.edu/MM/SNAP/amazon0505.tar.gz
2305,amazon0312,SNAP,400727,3200440,0.0019930237750099464,99.998006976225,Extremely sparse,False,https://sparse.tamu.edu/MM/SNAP/amazon0312.tar.gz
2333,usroads,Gleich,129164,330870,0.0019832361019731454,99.99801676389802,Extremely sparse,False,https://sparse.tamu.edu/MM/Gleich/usroads.tar.gz
2597,ks2010,DIMACS10,238600,1121798,0.001970487946943929,99.99802951205304,Extremely sparse,False,https://sparse.tamu.edu/MM/DIMACS10/ks2010.tar.gz
1579,c-big,Schenk_IBMNA,345241,2340859,0.0019639504357390103,99.99803604956426,Extremely sparse,False,https://sparse.tamu.edu/MM/Schenk_IBMNA/c-big.tar.gz
1531,Wordnet3,Pajek,82670,132964,0.0019455311844883561,99.99805446881552,Extremely sparse,False,https://sparse.tamu.edu/MM/Pajek/Wordnet3.tar.gz
2583,al2010,DIMACS10,252266,1230482,0.0019335607567976154,99.9980664392432,Extremely sparse,True,https://sparse.tamu.edu/MM/DIMACS10/al2010.tar.gz
2629,wi2010,DIMACS10,253096,1209404,0.0018879949906352711,99.99811200500936,Extremely sparse,True,https://sparse.tamu.edu/MM/DIMACS10/wi2010.tar.gz
1863,Raj1,Rajat,263743,1300261,0.0018692554382388489,99.99813074456176,Extremely sparse,False,https://sparse.tamu.edu/MM/Rajat/Raj1.tar.gz
1417,ASIC_320k,Sandia,321821,1931828,0.0018652613721026477,99.9981347386279,Extremely sparse,False,https://sparse.tamu.edu/MM/Sandia/ASIC_320k.tar.gz
2841,dgreen,VLSI,1200611,26606169,0.001845770536819379,99.99815422946318,Extremely sparse,False,https://sparse.tamu.edu/MM/VLSI/dgreen.tar.gz
2660,Queen_4147,Janna,4147110,316548962,0.0018405591708693509,99.99815944082911,Extremely sparse,False,https://sparse.tamu.edu/MM/Janna/Queen_4147.tar.gz
2515,luxembourg_osm,DIMACS10,114599,239332,0.0018223807284644812,99.99817761927152,Extremely sparse,False,https://sparse.tamu.edu/MM/DIMACS10/luxembourg_osm.tar.gz
2604,mn2010,DIMACS10,259777,1227102,0.001818357489784257,99.99818164251022,Extremely sparse,False,https://sparse.tamu.edu/MM/DIMACS10/mn2010.tar.gz
2304,amazon0302,SNAP,262111,1234877,0.0017974350539206115,99.99820256494608,Extremely sparse,False,https://sparse.tamu.edu/MM/SNAP/amazon0302.tar.gz
2596,in2010,DIMACS10,267071,1281716,0.0017969597134333624,99.99820304028655,Extremely sparse,False,https://sparse.tamu.edu/MM/DIMACS10/in2010.tar.gz
1236,helm2d03,GHS_indef,392257,2741935,0.0017820330332848923,99.99821796696672,Extremely sparse,False,https://sparse.tamu.edu/MM/GHS_indef/helm2d03.tar.gz
2835,nv2,VLSI,1453908,37475646,0.001772863404741431,99.99822713659526,Extremely sparse,False,https://sparse.tamu.edu/MM/VLSI/nv2.tar.gz
2617,ok2010,DIMACS10,269118,1274148,0.0017592776429559112,99.99824072235704,Extremely sparse,False,https://sparse.tamu.edu/MM/DIMACS10/ok2010.tar.gz
2626,va2010,DIMACS10,285762,1402128,0.0017170332630038162,99.998282966737,Extremely sparse,False,https://sparse.tamu.edu/MM/DIMACS10/va2010.tar.gz
2608,nc2010,DIMACS10,288987,1416620,0.0016962769308100634,99.9983037230692,Extremely sparse,True,https://sparse.tamu.edu/MM/DIMACS10/nc2010.tar.gz
2591,ga2010,DIMACS10,291086,1418056,0.0016735964475229305,99.99832640355248,Extremely sparse,False,https://sparse.tamu.edu/MM/DIMACS10/ga2010.tar.gz
2778,com-Amazon,SNAP,334863,1851744,0.0016513784721339686,99.99834862152788,Extremely sparse,False,https://sparse.tamu.edu/MM/SNAP/com-Amazon.tar.gz
980,Stanford_Berkeley,Kamvar,683446,7583376,0.0016235070454397361,99.99837649295456,Extremely sparse,False,https://sparse.tamu.edu/MM/Kamvar/Stanford_Berkeley.tar.gz
2300,web-BerkStan,SNAP,685230,7600595,0.0016187316362736568,99.99838126836372,Extremely sparse,True,https://sparse.tamu.edu/MM/SNAP/web-BerkStan.tar.gz
2848,nxp1,Freescale,414604,2655880,0.0015450462099016054,99.99845495379007,Extremely sparse,False,https://sparse.tamu.edu/MM/Freescale/nxp1.tar.gz
2534,HTC_336_4438,IPSO,226340,783496,0.0015293756120315265,99.99847062438796,Extremely sparse,False,https://sparse.tamu.edu/MM/IPSO/HTC_336_4438.tar.gz
2448,dblp-2010,LAW,326186,1615400,0.0015182715161520177,99.99848172848384,Extremely sparse,True,https://sparse.tamu.edu/MM/LAW/dblp-2010.tar.gz
1373,rajat24,Rajat,358172,1946979,0.00151767228491582,99.9984823277151,Extremely sparse,False,https://sparse.tamu.edu/MM/Rajat/rajat24.tar.gz
2659,Bump_2911,Janna,2911419,127729899,0.0015068955312853136,99.99849310446872,Extremely sparse,False,https://sparse.tamu.edu/MM/Janna/Bump_2911.tar.gz
2535,HTC_336_9129,IPSO,226340,762969,0.0014893071328201824,99.9985106928672,Extremely sparse,False,https://sparse.tamu.edu/MM/IPSO/HTC_336_9129.tar.gz
1397,rajat30,Rajat,643994,6175244,0.0014889855397810848,99.99851101446022,Extremely sparse,False,https://sparse.tamu.edu/MM/Rajat/rajat30.tar.gz
2330,flickr,Gleich,820878,9837214,0.0014598723604973645,99.9985401276395,Extremely sparse,False,https://sparse.tamu.edu/MM/Gleich/flickr.tar.gz
2603,mi2010,DIMACS10,329885,1578090,0.001450128977147932,99.99854987102286,Extremely sparse,False,https://sparse.tamu.edu/MM/DIMACS10/mi2010.tar.gz
2843,vas_stokes_2M,VLSI,2146677,65129037,0.0014133224264897032,99.99858667757351,Extremely sparse,False,https://sparse.tamu.edu/MM/VLSI/vas_stokes_2M.tar.gz
2302,web-NotreDame,SNAP,325729,1497134,0.001411067604416271,99.99858893239558,Extremely sparse,False,https://sparse.tamu.edu/MM/SNAP/web-NotreDame.tar.gz
2605,mo2010,DIMACS10,343565,1656568,0.0014034322068212388,99.99859656779316,Extremely sparse,False,https://sparse.tamu.edu/MM/DIMACS10/mo2010.tar.gz
2615,ny2010,DIMACS10,350169,1709544,0.0013941993991131091,99.99860580060088,Extremely sparse,False,https://sparse.tamu.edu/MM/DIMACS10/ny2010.tar.gz
1232,darcy003,GHS_indef,389874,2097566,0.001379961872087535,99.99862003812792,Extremely sparse,False,https://sparse.tamu.edu/MM/GHS_indef/darcy003.tar.gz
1241,mario002,GHS_indef,389874,2097566,0.001379961872087535,99.99862003812792,Extremely sparse,False,https://sparse.tamu.edu/MM/GHS_indef/mario002.tar.gz
2831,Hardesty1,Hardesty,938905,12143314,0.0013775073392290624,99.99862249266076,Extremely sparse,False,https://sparse.tamu.edu/MM/Hardesty/Hardesty1.tar.gz
2571,CurlCurl_2,Bodendiek,806529,8921789,0.0013715510359355002,99.99862844896408,Extremely sparse,False,https://sparse.tamu.edu/MM/Bodendiek/CurlCurl_2.tar.gz
285,pre2,ATandT,659033,5834044,0.0013432454457362603,99.99865675455426,Extremely sparse,False,https://sparse.tamu.edu/MM/ATandT/pre2.tar.gz
1505,internet,Pajek,124651,207214,0.0013336060604301288,99.99866639393956,Extremely sparse,True,https://sparse.tamu.edu/MM/Pajek/internet.tar.gz
1853,parabolic_fem,Wissgott,525825,3674625,0.001329017086210669,99.99867098291378,Extremely sparse,False,https://sparse.tamu.edu/MM/Wissgott/parabolic_fem.tar.gz
2616,oh2010,DIMACS10,365344,1768240,0.0013247601386164377,99.99867523986138,Extremely sparse,False,https://sparse.tamu.edu/MM/DIMACS10/oh2010.tar.gz
2847,ss,VLSI,1652680,34753577,0.0012723950411042536,99.99872760495887,Extremely sparse,False,https://sparse.tamu.edu/MM/VLSI/ss.tar.gz
1418,ASIC_320ks,Sandia,321671,1316085,0.0012719209506707758,99.99872807904931,Extremely sparse,False,https://sparse.tamu.edu/MM/Sandia/ASIC_320ks.tar.gz
2558,Chevron4,Chevron,711450,6376412,0.001259759386587791,99.99874024061342,Extremely sparse,False,https://sparse.tamu.edu/MM/Chevron/Chevron4.tar.gz
2504,rgg_n_2_20_s0,DIMACS10,1048576,13783240,0.0012535783753264695,99.99874642162467,Extremely sparse,False,https://sparse.tamu.edu/MM/DIMACS10/rgg_n_2_20_s0.tar.gz
915,cage14,vanHeukelum,1505785,27130349,0.0011965461324397408,99.99880345386757,Extremely sparse,False,https://sparse.tamu.edu/MM/vanHeukelum/cage14.tar.gz
2619,pa2010,DIMACS10,421545,2058462,0.0011583904521779724,99.9988416095478,Extremely sparse,False,https://sparse.tamu.edu/MM/DIMACS10/pa2010.tar.gz
2654,Linux_call_graph,Sorensen,324085,1208908,0.001151000177128748,99.99884899982288,Extremely sparse,False,https://sparse.tamu.edu/MM/Sorensen/Linux_call_graph.tar.gz
2789,soc-Pokec,SNAP,1632803,30622564,0.0011486136462634698,99.99885138635372,Extremely sparse,False,https://sparse.tamu.edu/MM/SNAP/soc-Pokec.tar.gz
2474,delaunay_n19,DIMACS10,524288,3145646,0.0011443793482612818,99.99885562065174,Extremely sparse,False,https://sparse.tamu.edu/MM/DIMACS10/delaunay_n19.tar.gz
1370,rajat21,Rajat,411676,1876011,0.001106940512466237,99.99889305948754,Extremely sparse,False,https://sparse.tamu.edu/MM/Rajat/rajat21.tar.gz
2595,il2010,DIMACS10,451554,2164464,0.001061526839820627,99.99893847316018,Extremely sparse,False,https://sparse.tamu.edu/MM/DIMACS10/il2010.tar.gz
2590,fl2010,DIMACS10,484481,2346294,0.000999606174861054,99.99900039382514,Extremely sparse,False,https://sparse.tamu.edu/MM/DIMACS10/fl2010.tar.gz
2547,StocF-1465,Janna,1465137,21005389,0.0009785302518634184,99.99902146974814,Extremely sparse,False,https://sparse.tamu.edu/MM/Janna/StocF-1465.tar.gz
1513,patents_main,Pajek,240547,560943,0.0009694353297922595,99.9990305646702,Extremely sparse,False,https://sparse.tamu.edu/MM/Pajek/patents_main.tar.gz
1899,tmt_sym,CEMW,726713,5080961,0.0009620995308920909,99.99903790046912,Extremely sparse,False,https://sparse.tamu.edu/MM/CEMW/tmt_sym.tar.gz
2445,amazon-2008,LAW,735323,5158388,0.0009540204951579245,99.99904597950484,Extremely sparse,False,https://sparse.tamu.edu/MM/LAW/amazon-2008.tar.gz
1423,apache2,GHS_psdef,715176,4817870,0.0009419529563343244,99.99905804704366,Extremely sparse,True,https://sparse.tamu.edu/MM/GHS_psdef/apache2.tar.gz
2649,Transport,Janna,1602111,23487281,0.0009150557179032844,99.9990849442821,Extremely sparse,False,https://sparse.tamu.edu/MM/Janna/Transport.tar.gz
2572,CurlCurl_3,Bodendiek,1219574,13544618,0.0009106478087191435,99.99908935219128,Extremely sparse,False,https://sparse.tamu.edu/MM/Bodendiek/CurlCurl_3.tar.gz
1396,rajat29,Rajat,643994,3760246,0.0009066770349511152,99.99909332296504,Extremely sparse,False,https://sparse.tamu.edu/MM/Rajat/rajat29.tar.gz
2894,Spielman_k100,FlowIPM22,338402,1025404,0.0008954248957449552,99.99910457510424,Extremely sparse,False,https://sparse.tamu.edu/MM/FlowIPM22/Spielman_k100.tar.gz
2799,wiki-topcats,SNAP,1791489,28511807,0.0008883752503004962,99.9991116247497,Extremely sparse,False,https://sparse.tamu.edu/MM/SNAP/wiki-topcats.tar.gz
2442,in-2004,LAW,1382908,16917053,0.0008845820694745882,99.99911541793053,Extremely sparse,False,https://sparse.tamu.edu/MM/LAW/in-2004.tar.gz
1510,NotreDame_www,Barabasi,325729,929849,0.0008763943647655219,99.99912360563523,Extremely sparse,False,https://sparse.tamu.edu/MM/Barabasi/NotreDame_www.tar.gz
2321,as-Skitter,SNAP,1696415,22190596,0.0007710894460355264,99.99922891055397,Extremely sparse,False,https://sparse.tamu.edu/MM/SNAP/as-Skitter.tar.gz
982,language,Tromble,399130,1216334,0.0007635264782228233,99.99923647352178,Extremely sparse,True,https://sparse.tamu.edu/MM/Tromble/language.tar.gz
2377,mc2depi,Williams,525825,2100225,0.0007595972132902821,99.99924040278673,Extremely sparse,False,https://sparse.tamu.edu/MM/Williams/mc2depi.tar.gz
2497,packing-500x100x100-b050,DIMACS10,2145852,34976486,0.0007595854625830758,99.9992404145374,Extremely sparse,False,https://sparse.tamu.edu/MM/DIMACS10/packing-500x100x100-b050.tar.gz
1902,nlpkkt120,Schenk,3542400,95117792,0.0007579953857728882,99.99924200461425,Extremely sparse,False,https://sparse.tamu.edu/MM/Schenk/nlpkkt120.tar.gz
1843,wikipedia-20051105,Gleich,1634989,19753078,0.000738933078709585,99.99926106692128,Extremely sparse,False,https://sparse.tamu.edu/MM/Gleich/wikipedia-20051105.tar.gz
2810,MOLIERE_2016,Sybrandt,30239687,6669254694,0.0007293277191608565,99.99927067228084,Extremely sparse,False,https://sparse.tamu.edu/MM/Sybrandt/MOLIERE_2016.tar.gz
2586,ca2010,DIMACS10,710145,3489366,0.0006919145412585828,99.99930808545874,Extremely sparse,True,https://sparse.tamu.edu/MM/DIMACS10/ca2010.tar.gz
1297,boyd2,GHS_indef,466316,1500397,0.0006899943795024094,99.9993100056205,Extremely sparse,False,https://sparse.tamu.edu/MM/GHS_indef/boyd2.tar.gz
2844,vas_stokes_4M,VLSI,4382246,131577616,0.0006851544878435125,99.99931484551216,Extremely sparse,False,https://sparse.tamu.edu/MM/VLSI/vas_stokes_4M.tar.gz
2505,rgg_n_2_21_s0,DIMACS10,2097152,28975990,0.0006588377345906338,99.9993411622654,Extremely sparse,False,https://sparse.tamu.edu/MM/DIMACS10/rgg_n_2_21_s0.tar.gz
2301,web-Google,SNAP,916428,5105039,0.0006078583186031663,99.9993921416814,Extremely sparse,False,https://sparse.tamu.edu/MM/SNAP/web-Google.tar.gz
2289,email-EuAll,SNAP,265214,420045,0.0005971768011236422,99.99940282319888,Extremely sparse,True,https://sparse.tamu.edu/MM/SNAP/email-EuAll.tar.gz
2580,NACA0015,DIMACS10,1039183,6229636,0.0005768708637352453,99.99942312913626,Extremely sparse,False,https://sparse.tamu.edu/MM/DIMACS10/NACA0015.tar.gz
1383,lp1,Andrianov,534388,1643420,0.0005754865440246553,99.99942451345596,Extremely sparse,False,https://sparse.tamu.edu/MM/Andrianov/lp1.tar.gz
2475,delaunay_n20,DIMACS10,1048576,6291372,0.0005721969500882551,99.99942780304993,Extremely sparse,False,https://sparse.tamu.edu/MM/DIMACS10/delaunay_n20.tar.gz
1403,thermal2,Schmid,1228045,8580313,0.0005689506111645277,99.99943104938885,Extremely sparse,False,https://sparse.tamu.edu/MM/Schmid/thermal2.tar.gz
1419,ASIC_680k,Sandia,682862,2638997,0.0005659434072014098,99.9994340565928,Extremely sparse,False,https://sparse.tamu.edu/MM/Sandia/ASIC_680k.tar.gz
2265,atmosmodd,Bourchtein,1270432,8814880,0.0005461520344538144,99.99945384796554,Extremely sparse,False,https://sparse.tamu.edu/MM/Bourchtein/atmosmodd.tar.gz
2266,atmosmodj,Bourchtein,1270432,8814880,0.0005461520344538144,99.99945384796554,Extremely sparse,False,https://sparse.tamu.edu/MM/Bourchtein/atmosmodj.tar.gz
1898,tmt_unsym,CEMW,917825,4584801,0.000544252865443399,99.99945574713456,Extremely sparse,False,https://sparse.tamu.edu/MM/CEMW/tmt_unsym.tar.gz
1897,t2em,CEMW,921632,4590832,0.0005404758699235828,99.99945952413007,Extremely sparse,False,https://sparse.tamu.edu/MM/CEMW/t2em.tar.gz
2794,sx-stackoverflow,SNAP,2601977,36233450,0.0005351835809074397,99.99946481641908,Extremely sparse,False,https://sparse.tamu.edu/MM/SNAP/sx-stackoverflow.tar.gz
2624,tx2010,DIMACS10,914231,4456272,0.000533162756320495,99.99946683724367,Extremely sparse,False,https://sparse.tamu.edu/MM/DIMACS10/tx2010.tar.gz
1883,ecology2,McRae,999999,4995991,0.0004996000991996988,99.9995003999008,Extremely sparse,False,https://sparse.tamu.edu/MM/McRae/ecology2.tar.gz
1882,ecology1,McRae,1000000,4996000,0.0004996,99.9995004,Extremely sparse,False,https://sparse.tamu.edu/MM/McRae/ecology1.tar.gz
2573,CurlCurl_4,Bodendiek,2380515,26515867,0.0004679117888812288,99.99953208821113,Extremely sparse,False,https://sparse.tamu.edu/MM/Bodendiek/CurlCurl_4.tar.gz
2267,atmosmodl,Bourchtein,1489752,10319760,0.0004649878906590232,99.99953501210936,Extremely sparse,False,https://sparse.tamu.edu/MM/Bourchtein/atmosmodl.tar.gz
2268,atmosmodm,Bourchtein,1489752,10319760,0.0004649878906590232,99.99953501210936,Extremely sparse,False,https://sparse.tamu.edu/MM/Bourchtein/atmosmodm.tar.gz
2783,com-Youtube,SNAP,1134890,5975248,0.00046392566253910264,99.99953607433746,Extremely sparse,False,https://sparse.tamu.edu/MM/SNAP/com-Youtube.tar.gz
2781,com-LiveJournal,SNAP,3997962,69362378,0.0004339569519830771,99.99956604304802,Extremely sparse,False,https://sparse.tamu.edu/MM/SNAP/com-LiveJournal.tar.gz
1844,wikipedia-20060925,Gleich,2983494,37269096,0.00041869571960672026,99.9995813042804,Extremely sparse,False,https://sparse.tamu.edu/MM/Gleich/wikipedia-20060925.tar.gz
1845,wikipedia-20061104,Gleich,3148440,39383235,0.00039730181056392406,99.99960269818943,Extremely sparse,False,https://sparse.tamu.edu/MM/Gleich/wikipedia-20061104.tar.gz
2439,debr,AG-Monien,1048576,4194298,0.0003814691808656789,99.99961853081912,Extremely sparse,False,https://sparse.tamu.edu/MM/AG-Monien/debr.tar.gz
916,cage15,vanHeukelum,5154859,99199551,0.0003733155886314724,99.99962668441135,Extremely sparse,False,https://sparse.tamu.edu/MM/vanHeukelum/cage15.tar.gz
2496,channel-500x100x100-b050,DIMACS10,4802000,85362744,0.0003701894653432096,99.99962981053466,Extremely sparse,False,https://sparse.tamu.edu/MM/DIMACS10/channel-500x100x100-b050.tar.gz
1420,ASIC_680ks,Sandia,682712,1693767,0.00036339470436053735,99.99963660529563,Extremely sparse,True,https://sparse.tamu.edu/MM/Sandia/ASIC_680ks.tar.gz
1846,wikipedia-20070206,Gleich,3566907,45030389,0.00035393387133143806,99.99964606612866,Extremely sparse,False,https://sparse.tamu.edu/MM/Gleich/wikipedia-20070206.tar.gz
2451,indochina-2004,LAW,7414866,194109311,0.0003530528764050133,99.9996469471236,Extremely sparse,False,https://sparse.tamu.edu/MM/LAW/indochina-2004.tar.gz
2506,rgg_n_2_22_s0,DIMACS10,4194304,60718396,0.000345144121638441,99.99965485587836,Extremely sparse,False,https://sparse.tamu.edu/MM/DIMACS10/rgg_n_2_22_s0.tar.gz
1903,nlpkkt160,Schenk,8345600,225422112,0.0003236543017267539,99.99967634569828,Extremely sparse,False,https://sparse.tamu.edu/MM/Schenk/nlpkkt160.tar.gz
2379,webbase-1M,Williams,1000005,3105536,0.0003105504944872913,99.99968944950552,Extremely sparse,False,https://sparse.tamu.edu/MM/Williams/webbase-1M.tar.gz
1421,G3_circuit,AMD,1585478,7660826,0.00030475803031760576,99.99969524196968,Extremely sparse,False,https://sparse.tamu.edu/MM/AMD/G3_circuit.tar.gz
1876,kkt_power,Zaoui,2063494,12771361,0.00029993749508154977,99.99970006250491,Extremely sparse,False,https://sparse.tamu.edu/MM/Zaoui/kkt_power.tar.gz
2380,FullChip,Freescale,2987012,26621983,0.0002983777722492475,99.99970162222776,Extremely sparse,False,https://sparse.tamu.edu/MM/Freescale/FullChip.tar.gz
2285,soc-LiveJournal1,SNAP,4847571,68993773,0.0002936037093337359,99.99970639629066,Extremely sparse,False,https://sparse.tamu.edu/MM/SNAP/soc-LiveJournal1.tar.gz
2476,delaunay_n21,DIMACS10,2097152,12582816,0.00028610011213459074,99.99971389988788,Extremely sparse,False,https://sparse.tamu.edu/MM/DIMACS10/delaunay_n21.tar.gz
2446,ljournal-2008,LAW,5363260,79023142,0.0002747239935813516,99.99972527600644,Extremely sparse,False,https://sparse.tamu.edu/MM/LAW/ljournal-2008.tar.gz
2845,stokes,VLSI,11449533,349321980,0.0002664712546703867,99.99973352874532,Extremely sparse,False,https://sparse.tamu.edu/MM/VLSI/stokes.tar.gz
1201,Hamrle3,Hamrle,1447360,5514242,0.00026322836707820383,99.99973677163293,Extremely sparse,False,https://sparse.tamu.edu/MM/Hamrle/Hamrle3.tar.gz
2318,roadNet-PA,SNAP,1090920,3083796,0.0002591193425872363,99.9997408806574,Extremely sparse,False,https://sparse.tamu.edu/MM/SNAP/roadNet-PA.tar.gz
2798,wiki-talk-temporal,SNAP,1140149,3309592,0.0002545958010635436,99.99974540419892,Extremely sparse,False,https://sparse.tamu.edu/MM/SNAP/wiki-talk-temporal.tar.gz
2319,roadNet-TX,SNAP,1393383,3843320,0.0001979545692335106,99.99980204543076,Extremely sparse,False,https://sparse.tamu.edu/MM/SNAP/roadNet-TX.tar.gz
2276,circuit5M,Freescale,5558326,59524291,0.0001926664970698422,99.99980733350291,Extremely sparse,False,https://sparse.tamu.edu/MM/Freescale/circuit5M.tar.gz
2274,memchip,Freescale,2707524,13343948,0.00018202863438280376,99.99981797136562,Extremely sparse,False,https://sparse.tamu.edu/MM/Freescale/memchip.tar.gz
2507,rgg_n_2_23_s0,DIMACS10,8388608,127002786,0.0001804818140271891,99.99981951818596,Extremely sparse,False,https://sparse.tamu.edu/MM/DIMACS10/rgg_n_2_23_s0.tar.gz
2579,M6,DIMACS10,3501776,21003872,0.0001712863043589436,99.99982871369563,Extremely sparse,False,https://sparse.tamu.edu/MM/DIMACS10/M6.tar.gz
1904,nlpkkt200,Schenk,16240000,440225632,0.0001669180397485986,99.99983308196023,Extremely sparse,False,https://sparse.tamu.edu/MM/Schenk/nlpkkt200.tar.gz
2577,333SP,DIMACS10,3712815,22217266,0.0001611699216330274,99.99983883007836,Extremely sparse,False,https://sparse.tamu.edu/MM/DIMACS10/333SP.tar.gz
2662,Freescale2,Freescale,2999349,14313235,0.0001591049885173662,99.99984089501147,Extremely sparse,False,https://sparse.tamu.edu/MM/Freescale/Freescale2.tar.gz
2578,AS365,DIMACS10,3799275,22736152,0.0001575126739640542,99.99984248732603,Extremely sparse,False,https://sparse.tamu.edu/MM/DIMACS10/AS365.tar.gz
2510,belgium_osm,DIMACS10,1441295,3099940,0.00014922704116983714,99.99985077295884,Extremely sparse,False,https://sparse.tamu.edu/MM/DIMACS10/belgium_osm.tar.gz
2216,Freescale1,Freescale,3428755,17052626,0.0001450502091381768,99.99985494979089,Extremely sparse,False,https://sparse.tamu.edu/MM/Freescale/Freescale1.tar.gz
2581,NLR,DIMACS10,4163763,24975952,0.0001440622016916122,99.99985593779832,Extremely sparse,False,https://sparse.tamu.edu/MM/DIMACS10/NLR.tar.gz
2477,delaunay_n22,DIMACS10,4194304,25165738,0.0001430506586075353,99.9998569493414,Extremely sparse,False,https://sparse.tamu.edu/MM/DIMACS10/delaunay_n22.tar.gz
2317,roadNet-CA,SNAP,1971281,5533214,0.00014239029673035548,99.99985760970328,Extremely sparse,False,https://sparse.tamu.edu/MM/SNAP/roadNet-CA.tar.gz
2453,arabic-2005,LAW,22744080,639999458,0.0001237208393369183,99.99987627916066,Extremely sparse,False,https://sparse.tamu.edu/MM/LAW/arabic-2005.tar.gz
2277,circuit5M_dc,Freescale,3523317,14865409,0.00011974942151076659,99.99988025057849,Extremely sparse,False,https://sparse.tamu.edu/MM/Freescale/circuit5M_dc.tar.gz
2294,cit-Patents,SNAP,3774768,16518948,0.0001159316071795611,99.99988406839282,Extremely sparse,True,https://sparse.tamu.edu/MM/SNAP/cit-Patents.tar.gz
2895,Spielman_k200,FlowIPM22,2686802,8100804,0.00011221652057146099,99.99988778347942,Extremely sparse,False,https://sparse.tamu.edu/MM/FlowIPM22/Spielman_k200.tar.gz
1514,patents,Pajek,3774768,14970767,0.00010506632014464459,99.99989493367984,Extremely sparse,False,https://sparse.tamu.edu/MM/Pajek/patents.tar.gz
2516,netherlands_osm,DIMACS10,2216688,4882476,9.93644371210159e-05,99.99990063556288,Extremely sparse,False,https://sparse.tamu.edu/MM/DIMACS10/netherlands_osm.tar.gz
2498,venturiLevel3,DIMACS10,4026819,16108474,9.934137852486866e-05,99.99990065862148,Extremely sparse,False,https://sparse.tamu.edu/MM/DIMACS10/venturiLevel3.tar.gz
1905,nlpkkt240,Schenk,27993600,760648352,9.706584135424042e-05,99.99990293415864,Extremely sparse,False,https://sparse.tamu.edu/MM/Schenk/nlpkkt240.tar.gz
2508,rgg_n_2_24_s0,DIMACS10,16777216,265114400,9.418755553269877e-05,99.99990581244448,Extremely sparse,False,https://sparse.tamu.edu/MM/DIMACS10/rgg_n_2_24_s0.tar.gz
1398,rajat31,Rajat,4690002,20316253,9.236289920811604e-05,99.9999076371008,Extremely sparse,False,https://sparse.tamu.edu/MM/Rajat/rajat31.tar.gz
2291,wiki-Talk,SNAP,2394385,5021410,8.758660987133842e-05,99.99991241339012,Extremely sparse,False,https://sparse.tamu.edu/MM/SNAP/wiki-Talk.tar.gz
2450,uk-2002,LAW,18520486,298113762,8.691150436642159e-05,99.99991308849565,Extremely sparse,False,https://sparse.tamu.edu/MM/LAW/uk-2002.tar.gz
2796,twitter7,SNAP,41652230,1468365182,8.46364740137601e-05,99.999915363526,Extremely sparse,False,https://sparse.tamu.edu/MM/SNAP/twitter7.tar.gz
2780,com-Friendster,SNAP,65608366,3612134270,8.391612906479184e-05,99.99991608387091,Extremely sparse,False,https://sparse.tamu.edu/MM/SNAP/com-Friendster.tar.gz
2454,sk-2005,LAW,50636154,1949412601,7.602953686476502e-05,99.99992397046312,Extremely sparse,False,https://sparse.tamu.edu/MM/LAW/sk-2005.tar.gz
2853,GAP-web,GAP,50636151,1930292948,7.528385533382749e-05,99.99992471614466,Extremely sparse,False,https://sparse.tamu.edu/MM/GAP/GAP-web.tar.gz
2478,delaunay_n23,DIMACS10,8388608,50331568,7.152546004363103e-05,99.99992847453996,Extremely sparse,False,https://sparse.tamu.edu/MM/DIMACS10/delaunay_n23.tar.gz
2452,it-2004,LAW,41291594,1150725436,6.749139674293326e-05,99.99993250860328,Extremely sparse,False,https://sparse.tamu.edu/MM/LAW/it-2004.tar.gz
2483,hugetrace-00000,DIMACS10,4588484,13758266,6.534694041437605e-05,99.99993465305958,Extremely sparse,False,https://sparse.tamu.edu/MM/DIMACS10/hugetrace-00000.tar.gz
2455,uk-2005,LAW,39459925,936364282,6.0135694099714566e-05,99.9999398643059,Extremely sparse,False,https://sparse.tamu.edu/MM/LAW/uk-2005.tar.gz
1842,wb-edu,Gleich,9845725,57156537,5.896176902491356e-05,99.99994103823096,Extremely sparse,False,https://sparse.tamu.edu/MM/Gleich/wb-edu.tar.gz
2495,adaptive,DIMACS10,6815744,27248640,5.865678984737961e-05,99.99994134321015,Extremely sparse,False,https://sparse.tamu.edu/MM/DIMACS10/adaptive.tar.gz
2486,hugetric-00000,DIMACS10,5824554,17467046,5.148658796945014e-05,99.99994851341202,Extremely sparse,False,https://sparse.tamu.edu/MM/DIMACS10/hugetric-00000.tar.gz
2487,hugetric-00010,DIMACS10,6592765,19771708,4.548927308107333e-05,99.99995451072692,Extremely sparse,False,https://sparse.tamu.edu/MM/DIMACS10/hugetric-00010.tar.gz
2488,hugetric-00020,DIMACS10,7122792,21361554,4.210486884227077e-05,99.99995789513116,Extremely sparse,False,https://sparse.tamu.edu/MM/DIMACS10/hugetric-00020.tar.gz
2852,GAP-twitter,GAP,61578415,1468364884,3.872371163988694e-05,99.99996127628836,Extremely sparse,False,https://sparse.tamu.edu/MM/GAP/GAP-twitter.tar.gz
2479,delaunay_n24,DIMACS10,16777216,100663202,3.57627534697258e-05,99.99996423724652,Extremely sparse,False,https://sparse.tamu.edu/MM/DIMACS10/delaunay_n24.tar.gz
2893,AGATHA_2015,Sybrandt,183964077,11588725964,3.424282936287568e-05,99.99996575717064,Extremely sparse,False,https://sparse.tamu.edu/MM/Sybrandt/AGATHA_2015.tar.gz
2896,Spielman_k300,FlowIPM22,9045202,27226204,3.327748942415056e-05,99.99996672251058,Extremely sparse,False,https://sparse.tamu.edu/MM/FlowIPM22/Spielman_k300.tar.gz
2514,italy_osm,DIMACS10,6686493,14027956,3.1376002175418556e-05,99.99996862399784,Extremely sparse,False,https://sparse.tamu.edu/MM/DIMACS10/italy_osm.tar.gz
2513,great-britain_osm,DIMACS10,7733822,16313034,2.7273846813441527e-05,99.9999727261532,Extremely sparse,False,https://sparse.tamu.edu/MM/DIMACS10/great-britain_osm.tar.gz
2484,hugetrace-00010,DIMACS10,12057441,36164358,2.4875422671106392e-05,99.99997512457732,Extremely sparse,False,https://sparse.tamu.edu/MM/DIMACS10/hugetrace-00010.tar.gz
2856,GAP-urand,GAP,134217728,4294966740,2.384185482373624e-05,99.99997615814516,Extremely sparse,False,https://sparse.tamu.edu/MM/GAP/GAP-urand.tar.gz
2855,GAP-kron,GAP,134217726,4223264644,2.344382893295137e-05,99.99997655617106,Extremely sparse,False,https://sparse.tamu.edu/MM/GAP/GAP-kron.tar.gz
2485,hugetrace-00020,DIMACS10,16002413,47997626,1.8743418746262654e-05,99.99998125658124,Extremely sparse,False,https://sparse.tamu.edu/MM/DIMACS10/hugetrace-00020.tar.gz
2512,germany_osm,DIMACS10,11548845,24738362,1.8547861108037578e-05,99.9999814521389,Extremely sparse,False,https://sparse.tamu.edu/MM/DIMACS10/germany_osm.tar.gz
2509,asia_osm,DIMACS10,11950757,25423206,1.78007985323225e-05,99.99998219920148,Extremely sparse,False,https://sparse.tamu.edu/MM/DIMACS10/asia_osm.tar.gz
2458,road_central,DIMACS10,14081816,33866826,1.707879264800795e-05,99.99998292120736,Extremely sparse,False,https://sparse.tamu.edu/MM/DIMACS10/road_central.tar.gz
2480,hugebubbles-00000,DIMACS10,18318143,54940162,1.637295415084972e-05,99.99998362704584,Extremely sparse,False,https://sparse.tamu.edu/MM/DIMACS10/hugebubbles-00000.tar.gz
2481,hugebubbles-00010,DIMACS10,19458087,58359528,1.5413862802122946e-05,99.9999845861372,Extremely sparse,False,https://sparse.tamu.edu/MM/DIMACS10/hugebubbles-00010.tar.gz
2482,hugebubbles-00020,DIMACS10,21198119,63580358,1.414908375227723e-05,99.99998585091625,Extremely sparse,False,https://sparse.tamu.edu/MM/DIMACS10/hugebubbles-00020.tar.gz
2897,Spielman_k400,FlowIPM22,21413602,64401604,1.4044854071539489e-05,99.99998595514592,Extremely sparse,False,https://sparse.tamu.edu/MM/FlowIPM22/Spielman_k400.tar.gz
2800,mawi_201512012345,MAWI,18571154,38040320,1.1029768032836479e-05,99.99998897023195,Extremely sparse,False,https://sparse.tamu.edu/MM/MAWI/mawi_201512012345.tar.gz
2459,road_usa,DIMACS10,23947347,57708624,1.006296366824387e-05,99.99998993703632,Extremely sparse,False,https://sparse.tamu.edu/MM/DIMACS10/road_usa.tar.gz
2854,GAP-road,GAP,23947347,57708624,1.006296366824387e-05,99.99998993703632,Extremely sparse,False,https://sparse.tamu.edu/MM/GAP/GAP-road.tar.gz
2449,webbase-2001,LAW,118142155,1019903190,7.30716936085347e-06,99.99999269283065,Extremely sparse,False,https://sparse.tamu.edu/MM/LAW/webbase-2001.tar.gz
2898,Spielman_k500,FlowIPM22,41792002,125627004,7.192777905223611e-06,99.9999928072221,Extremely sparse,False,https://sparse.tamu.edu/MM/FlowIPM22/Spielman_k500.tar.gz
2801,mawi_201512020000,MAWI,35991342,74485420,5.75009725431572e-06,99.99999424990274,Extremely sparse,False,https://sparse.tamu.edu/MM/MAWI/mawi_201512020000.tar.gz
2511,europe_osm,DIMACS10,50912018,108109320,4.1708302302209525e-06,99.99999582916978,Extremely sparse,False,https://sparse.tamu.edu/MM/DIMACS10/europe_osm.tar.gz
2899,Spielman_k600,FlowIPM22,72180402,216902404,4.163185598076307e-06,99.9999958368144,Extremely sparse,False,https://sparse.tamu.edu/MM/FlowIPM22/Spielman_k600.tar.gz
2809,kmer_V2a,GenBank,55042369,117217600,3.868998756271871e-06,99.99999613100124,Extremely sparse,False,https://sparse.tamu.edu/MM/GenBank/kmer_V2a.tar.gz
2807,kmer_U1a,GenBank,67716231,138778562,3.026473164694778e-06,99.99999697352683,Extremely sparse,False,https://sparse.tamu.edu/MM/GenBank/kmer_U1a.tar.gz
2802,mawi_201512020030,MAWI,68863315,143414960,3.02425637999387e-06,99.99999697574364,Extremely sparse,False,https://sparse.tamu.edu/MM/MAWI/mawi_201512020030.tar.gz
2803,mawi_201512020130,MAWI,128568730,270234840,1.6348225958698121e-06,99.9999983651774,Extremely sparse,False,https://sparse.tamu.edu/MM/MAWI/mawi_201512020130.tar.gz
2806,kmer_P1a,GenBank,139353211,297829984,1.533678952868086e-06,99.99999846632105,Extremely sparse,False,https://sparse.tamu.edu/MM/GenBank/kmer_P1a.tar.gz
2805,kmer_A2a,GenBank,170728175,360585172,1.237079094427981e-06,99.99999876292092,Extremely sparse,False,https://sparse.tamu.edu/MM/GenBank/kmer_A2a.tar.gz
2808,kmer_V1r,GenBank,214005017,465410904,1.0162221212562177e-06,99.99999898377789,Extremely sparse,False,https://sparse.tamu.edu/MM/GenBank/kmer_V1r.tar.gz
2804,mawi_201512020330,MAWI,226196185,480047894,9.382401570377207e-07,99.99999906175984,Extremely sparse,False,https://sparse.tamu.edu/MM/MAWI/mawi_201512020330.tar.gz
483,G22,Gset,2000,39980,0.9995,99.0005,Highly sparse,False,https://sparse.tamu.edu/MM/Gset/G22.tar.gz
484,G23,Gset,2000,39980,0.9995,99.0005,Highly sparse,False,https://sparse.tamu.edu/MM/Gset/G23.tar.gz
485,G24,Gset,2000,39980,0.9995,99.0005,Highly sparse,False,https://sparse.tamu.edu/MM/Gset/G24.tar.gz
486,G25,Gset,2000,39980,0.9995,99.0005,Highly sparse,False,https://sparse.tamu.edu/MM/Gset/G25.tar.gz
487,G26,Gset,2000,39980,0.9995,99.0005,Highly sparse,False,https://sparse.tamu.edu/MM/Gset/G26.tar.gz
488,G27,Gset,2000,39980,0.9995,99.0005,Highly sparse,False,https://sparse.tamu.edu/MM/Gset/G27.tar.gz
489,G28,Gset,2000,39980,0.9995,99.0005,Highly sparse,False,https://sparse.tamu.edu/MM/Gset/G28.tar.gz
490,G29,Gset,2000,39980,0.9995,99.0005,Highly sparse,False,https://sparse.tamu.edu/MM/Gset/G29.tar.gz
492,G30,Gset,2000,39980,0.9995,99.0005,Highly sparse,False,https://sparse.tamu.edu/MM/Gset/G30.tar.gz
493,G31,Gset,2000,39980,0.9995,99.0005,Highly sparse,False,https://sparse.tamu.edu/MM/Gset/G31.tar.gz
2882,plantsmargin_12NN,ML_Graph,1600,25482,0.995390625,99.004609375,Highly sparse,False,https://sparse.tamu.edu/MM/ML_Graph/plantsmargin_12NN.tar.gz
152,fs_760_1,HB,760,5739,0.99359418282548,99.00640581717452,Highly sparse,False,https://sparse.tamu.edu/MM/HB/fs_760_1.tar.gz
153,fs_760_2,HB,760,5739,0.99359418282548,99.00640581717452,Highly sparse,False,https://sparse.tamu.edu/MM/HB/fs_760_2.tar.gz
2745,spaceStation_12,VDOL,1410,19728,0.99230421004979,99.0076957899502,Highly sparse,False,https://sparse.tamu.edu/MM/VDOL/spaceStation_12.tar.gz
2256,TS,MathWorks,2142,45262,0.98649481579124,99.01350518420875,Highly sparse,False,https://sparse.tamu.edu/MM/MathWorks/TS.tar.gz
2857,Binaryalphadigs_10NN,ML_Graph,1404,19392,0.98375824871551,99.01624175128448,Highly sparse,False,https://sparse.tamu.edu/MM/ML_Graph/Binaryalphadigs_10NN.tar.gz
297,bfwb782,Bai,782,5982,0.97821181180133,99.02178818819868,Highly sparse,False,https://sparse.tamu.edu/MM/Bai/bfwb782.tar.gz
2663,MISKnowledgeMap,Moqri,2427,57022,0.96806137653771,99.0319386234623,Highly sparse,False,https://sparse.tamu.edu/MM/Moqri/MISKnowledgeMap.tar.gz
137,dwt_878,HB,878,7448,0.96616352135989,99.0338364786401,Highly sparse,False,https://sparse.tamu.edu/MM/HB/dwt_878.tar.gz
135,dwt_869,HB,869,7285,0.9646949458459799,99.035305054154,Highly sparse,False,https://sparse.tamu.edu/MM/HB/dwt_869.tar.gz
159,gr_30_30,HB,900,7744,0.9560493827160401,99.04395061728395,Highly sparse,False,https://sparse.tamu.edu/MM/HB/gr_30_30.tar.gz
311,dw256B,Bai,512,2500,0.95367431640625,99.04632568359376,Highly sparse,False,https://sparse.tamu.edu/MM/Bai/dw256B.tar.gz
1617,dwb512,Bai,512,2500,0.95367431640625,99.04632568359376,Highly sparse,False,https://sparse.tamu.edu/MM/Bai/dwb512.tar.gz
439,ex8,FIDAP,3096,90841,0.9477199053208599,99.05228009467912,Highly sparse,False,https://sparse.tamu.edu/MM/FIDAP/ex8.tar.gz
310,dw256A,Bai,512,2480,0.946044921875,99.053955078125,Highly sparse,False,https://sparse.tamu.edu/MM/Bai/dw256A.tar.gz
1616,dwa512,Bai,512,2480,0.946044921875,99.053955078125,Highly sparse,False,https://sparse.tamu.edu/MM/Bai/dwa512.tar.gz
811,appu,Simon,14000,1853104,0.94546122448979,99.0545387755102,Highly sparse,False,https://sparse.tamu.edu/MM/Simon/appu.tar.gz
407,ex10,FIDAP,2410,54840,0.94419861916978,99.05580138083022,Highly sparse,False,https://sparse.tamu.edu/MM/FIDAP/ex10.tar.gz
2721,orbitRaising_4,VDOL,915,7790,0.93045477619516,99.06954522380484,Highly sparse,True,https://sparse.tamu.edu/MM/VDOL/orbitRaising_4.tar.gz
1908,t520,TKK,5563,286341,0.9252634724906301,99.07473652750936,Highly sparse,False,https://sparse.tamu.edu/MM/TKK/t520.tar.gz
421,ex24,FIDAP,2283,47901,0.91903649381274,99.08096350618725,Highly sparse,False,https://sparse.tamu.edu/MM/FIDAP/ex24.tar.gz
216,nnc666,HB,666,4032,0.90901712523334,99.09098287476664,Highly sparse,False,https://sparse.tamu.edu/MM/HB/nnc666.tar.gz
67,bcsstm12,HB,1473,19659,0.90605785330794,99.09394214669204,Highly sparse,False,https://sparse.tamu.edu/MM/HB/bcsstm12.tar.gz
783,nemeth19,Nemeth,9506,818302,0.90556158868335,99.09443841131664,Highly sparse,False,https://sparse.tamu.edu/MM/Nemeth/nemeth19.tar.gz
2746,spaceStation_13,VDOL,1617,23649,0.90446703221683,99.09553296778316,Highly sparse,False,https://sparse.tamu.edu/MM/VDOL/spaceStation_13.tar.gz
2747,spaceStation_14,VDOL,1640,24324,0.9043723973825101,99.09562760261748,Highly sparse,False,https://sparse.tamu.edu/MM/VDOL/spaceStation_14.tar.gz
308,ck656,Bai,656,3884,0.90255056513979,99.0974494348602,Highly sparse,False,https://sparse.tamu.edu/MM/Bai/ck656.tar.gz
1358,Na5,PARSEC,5832,305630,0.89858869564072,99.10141130435927,Highly sparse,False,https://sparse.tamu.edu/MM/PARSEC/Na5.tar.gz
2819,Goodwin_017,Goodwin,3317,97773,0.88864437855834,99.11135562144166,Highly sparse,False,https://sparse.tamu.edu/MM/Goodwin/Goodwin_017.tar.gz
1446,spiral,Oberwolfach,1434,18228,0.88642238989746,99.11357761010254,Highly sparse,False,https://sparse.tamu.edu/MM/Oberwolfach/spiral.tar.gz
408,ex10hs,FIDAP,2548,57308,0.8827066631506999,99.11729333684929,Highly sparse,False,https://sparse.tamu.edu/MM/FIDAP/ex10hs.tar.gz
228,plat1919,HB,1919,32399,0.87979533808129,99.12020466191868,Highly sparse,False,https://sparse.tamu.edu/MM/HB/plat1919.tar.gz
440,ex9,FIDAP,3363,99471,0.87951398476838,99.1204860152316,Highly sparse,False,https://sparse.tamu.edu/MM/FIDAP/ex9.tar.gz
138,dwt_918,HB,918,7384,0.87620620748904,99.12379379251097,Highly sparse,False,https://sparse.tamu.edu/MM/HB/dwt_918.tar.gz
2884,semeion_10NN,ML_Graph,1593,22226,0.87585004860798,99.124149951392,Highly sparse,False,https://sparse.tamu.edu/MM/ML_Graph/semeion_10NN.tar.gz
1606,s2rmq4m1,Cylshell,5489,263351,0.87407462036479,99.1259253796352,Highly sparse,False,https://sparse.tamu.edu/MM/Cylshell/s2rmq4m1.tar.gz
1175,cegb3024,HB,3024,79848,0.87317334341143,99.12682665658856,Highly sparse,False,https://sparse.tamu.edu/MM/HB/cegb3024.tar.gz
1169,oscil_trans_01,Sandia,430,1614,0.8729042725797701,99.12709572742024,Highly sparse,False,https://sparse.tamu.edu/MM/Sandia/oscil_trans_01.tar.gz
1607,s3rmq4m1,Cylshell,5489,262943,0.8727204487645,99.12727955123547,Highly sparse,False,https://sparse.tamu.edu/MM/Cylshell/s3rmq4m1.tar.gz
205,lshp_778,HB,778,5272,0.87099609439535,99.12900390560463,Highly sparse,False,https://sparse.tamu.edu/MM/HB/lshp_778.tar.gz
1605,s1rmq4m1,Cylshell,5489,262411,0.87095471520725,99.12904528479274,Highly sparse,False,https://sparse.tamu.edu/MM/Cylshell/s1rmq4m1.tar.gz
223,nos7,HB,729,4617,0.86877000457247,99.13122999542752,Highly sparse,False,https://sparse.tamu.edu/MM/HB/nos7.tar.gz
2540,TSC_OPF_300,IPSO,9774,820783,0.8591790591786,99.1408209408214,Highly sparse,False,https://sparse.tamu.edu/MM/IPSO/TSC_OPF_300.tar.gz
2402,polblogs,Newman,1490,19025,0.85694338092878,99.14305661907122,Highly sparse,False,https://sparse.tamu.edu/MM/Newman/polblogs.tar.gz
2881,Plants_10NN,ML_Graph,1600,21930,0.856640625,99.143359375,Highly sparse,False,https://sparse.tamu.edu/MM/ML_Graph/Plants_10NN.tar.gz
2732,spaceShuttleEntry_3,VDOL,1834,28757,0.85495826440826,99.14504173559172,Highly sparse,False,https://sparse.tamu.edu/MM/VDOL/spaceShuttleEntry_3.tar.gz
110,dwt_1005,HB,1005,8621,0.8535432291279901,99.146456770872,Highly sparse,False,https://sparse.tamu.edu/MM/HB/dwt_1005.tar.gz
853,pkustk07,Chen,16860,2418804,0.85091374222717,99.14908625777282,Highly sparse,False,https://sparse.tamu.edu/MM/Chen/pkustk07.tar.gz
2408,email,Arenas,1133,10902,0.84927112408067,99.15072887591931,Highly sparse,False,https://sparse.tamu.edu/MM/Arenas/email.tar.gz
111,dwt_1007,HB,1007,8575,0.8456198862185099,99.15438011378149,Highly sparse,False,https://sparse.tamu.edu/MM/HB/dwt_1007.tar.gz
734,lhr01,Mallya,1477,18427,0.84468278899799,99.155317211002,Highly sparse,False,https://sparse.tamu.edu/MM/Mallya/lhr01.tar.gz
444,garon1,Garon,3175,84723,0.8404538409076799,99.15954615909232,Highly sparse,False,https://sparse.tamu.edu/MM/Garon/garon1.tar.gz
1112,oscil_dcop_01,Sandia,430,1544,0.83504597079502,99.16495402920498,Highly sparse,False,https://sparse.tamu.edu/MM/Sandia/oscil_dcop_01.tar.gz
1113,oscil_dcop_02,Sandia,430,1544,0.83504597079502,99.16495402920498,Highly sparse,False,https://sparse.tamu.edu/MM/Sandia/oscil_dcop_02.tar.gz
1114,oscil_dcop_03,Sandia,430,1544,0.83504597079502,99.16495402920498,Highly sparse,False,https://sparse.tamu.edu/MM/Sandia/oscil_dcop_03.tar.gz
1115,oscil_dcop_04,Sandia,430,1544,0.83504597079502,99.16495402920498,Highly sparse,False,https://sparse.tamu.edu/MM/Sandia/oscil_dcop_04.tar.gz
1116,oscil_dcop_05,Sandia,430,1544,0.83504597079502,99.16495402920498,Highly sparse,True,https://sparse.tamu.edu/MM/Sandia/oscil_dcop_05.tar.gz
1117,oscil_dcop_06,Sandia,430,1544,0.83504597079502,99.16495402920498,Highly sparse,False,https://sparse.tamu.edu/MM/Sandia/oscil_dcop_06.tar.gz
1118,oscil_dcop_07,Sandia,430,1544,0.83504597079502,99.16495402920498,Highly sparse,False,https://sparse.tamu.edu/MM/Sandia/oscil_dcop_07.tar.gz
1119,oscil_dcop_08,Sandia,430,1544,0.83504597079502,99.16495402920498,Highly sparse,False,https://sparse.tamu.edu/MM/Sandia/oscil_dcop_08.tar.gz
1120,oscil_dcop_09,Sandia,430,1544,0.83504597079502,99.16495402920498,Highly sparse,False,https://sparse.tamu.edu/MM/Sandia/oscil_dcop_09.tar.gz
1121,oscil_dcop_10,Sandia,430,1544,0.83504597079502,99.16495402920498,Highly sparse,False,https://sparse.tamu.edu/MM/Sandia/oscil_dcop_10.tar.gz
1122,oscil_dcop_11,Sandia,430,1544,0.83504597079502,99.16495402920498,Highly sparse,False,https://sparse.tamu.edu/MM/Sandia/oscil_dcop_11.tar.gz
1123,oscil_dcop_12,Sandia,430,1544,0.83504597079502,99.16495402920498,Highly sparse,False,https://sparse.tamu.edu/MM/Sandia/oscil_dcop_12.tar.gz
1124,oscil_dcop_13,Sandia,430,1544,0.83504597079502,99.16495402920498,Highly sparse,False,https://sparse.tamu.edu/MM/Sandia/oscil_dcop_13.tar.gz
1125,oscil_dcop_14,Sandia,430,1544,0.83504597079502,99.16495402920498,Highly sparse,False,https://sparse.tamu.edu/MM/Sandia/oscil_dcop_14.tar.gz
1126,oscil_dcop_15,Sandia,430,1544,0.83504597079502,99.16495402920498,Highly sparse,False,https://sparse.tamu.edu/MM/Sandia/oscil_dcop_15.tar.gz
1127,oscil_dcop_16,Sandia,430,1544,0.83504597079502,99.16495402920498,Highly sparse,False,https://sparse.tamu.edu/MM/Sandia/oscil_dcop_16.tar.gz
1128,oscil_dcop_17,Sandia,430,1544,0.83504597079502,99.16495402920498,Highly sparse,False,https://sparse.tamu.edu/MM/Sandia/oscil_dcop_17.tar.gz
1129,oscil_dcop_18,Sandia,430,1544,0.83504597079502,99.16495402920498,Highly sparse,False,https://sparse.tamu.edu/MM/Sandia/oscil_dcop_18.tar.gz
1130,oscil_dcop_19,Sandia,430,1544,0.83504597079502,99.16495402920498,Highly sparse,False,https://sparse.tamu.edu/MM/Sandia/oscil_dcop_19.tar.gz
1131,oscil_dcop_20,Sandia,430,1544,0.83504597079502,99.16495402920498,Highly sparse,False,https://sparse.tamu.edu/MM/Sandia/oscil_dcop_20.tar.gz
1132,oscil_dcop_21,Sandia,430,1544,0.83504597079502,99.16495402920498,Highly sparse,False,https://sparse.tamu.edu/MM/Sandia/oscil_dcop_21.tar.gz
1133,oscil_dcop_22,Sandia,430,1544,0.83504597079502,99.16495402920498,Highly sparse,False,https://sparse.tamu.edu/MM/Sandia/oscil_dcop_22.tar.gz
1134,oscil_dcop_23,Sandia,430,1544,0.83504597079502,99.16495402920498,Highly sparse,False,https://sparse.tamu.edu/MM/Sandia/oscil_dcop_23.tar.gz
1135,oscil_dcop_24,Sandia,430,1544,0.83504597079502,99.16495402920498,Highly sparse,False,https://sparse.tamu.edu/MM/Sandia/oscil_dcop_24.tar.gz
1136,oscil_dcop_25,Sandia,430,1544,0.83504597079502,99.16495402920498,Highly sparse,False,https://sparse.tamu.edu/MM/Sandia/oscil_dcop_25.tar.gz
1137,oscil_dcop_26,Sandia,430,1544,0.83504597079502,99.16495402920498,Highly sparse,False,https://sparse.tamu.edu/MM/Sandia/oscil_dcop_26.tar.gz
1138,oscil_dcop_27,Sandia,430,1544,0.83504597079502,99.16495402920498,Highly sparse,False,https://sparse.tamu.edu/MM/Sandia/oscil_dcop_27.tar.gz
1139,oscil_dcop_28,Sandia,430,1544,0.83504597079502,99.16495402920498,Highly sparse,False,https://sparse.tamu.edu/MM/Sandia/oscil_dcop_28.tar.gz
1140,oscil_dcop_29,Sandia,430,1544,0.83504597079502,99.16495402920498,Highly sparse,False,https://sparse.tamu.edu/MM/Sandia/oscil_dcop_29.tar.gz
1141,oscil_dcop_30,Sandia,430,1544,0.83504597079502,99.16495402920498,Highly sparse,False,https://sparse.tamu.edu/MM/Sandia/oscil_dcop_30.tar.gz
1142,oscil_dcop_31,Sandia,430,1544,0.83504597079502,99.16495402920498,Highly sparse,False,https://sparse.tamu.edu/MM/Sandia/oscil_dcop_31.tar.gz
1143,oscil_dcop_32,Sandia,430,1544,0.83504597079502,99.16495402920498,Highly sparse,False,https://sparse.tamu.edu/MM/Sandia/oscil_dcop_32.tar.gz
1144,oscil_dcop_33,Sandia,430,1544,0.83504597079502,99.16495402920498,Highly sparse,False,https://sparse.tamu.edu/MM/Sandia/oscil_dcop_33.tar.gz
1145,oscil_dcop_34,Sandia,430,1544,0.83504597079502,99.16495402920498,Highly sparse,False,https://sparse.tamu.edu/MM/Sandia/oscil_dcop_34.tar.gz
1146,oscil_dcop_35,Sandia,430,1544,0.83504597079502,99.16495402920498,Highly sparse,False,https://sparse.tamu.edu/MM/Sandia/oscil_dcop_35.tar.gz
1147,oscil_dcop_36,Sandia,430,1544,0.83504597079502,99.16495402920498,Highly sparse,False,https://sparse.tamu.edu/MM/Sandia/oscil_dcop_36.tar.gz
1148,oscil_dcop_37,Sandia,430,1544,0.83504597079502,99.16495402920498,Highly sparse,False,https://sparse.tamu.edu/MM/Sandia/oscil_dcop_37.tar.gz
1149,oscil_dcop_38,Sandia,430,1544,0.83504597079502,99.16495402920498,Highly sparse,False,https://sparse.tamu.edu/MM/Sandia/oscil_dcop_38.tar.gz
1150,oscil_dcop_39,Sandia,430,1544,0.83504597079502,99.16495402920498,Highly sparse,False,https://sparse.tamu.edu/MM/Sandia/oscil_dcop_39.tar.gz
1151,oscil_dcop_40,Sandia,430,1544,0.83504597079502,99.16495402920498,Highly sparse,False,https://sparse.tamu.edu/MM/Sandia/oscil_dcop_40.tar.gz
1152,oscil_dcop_41,Sandia,430,1544,0.83504597079502,99.16495402920498,Highly sparse,False,https://sparse.tamu.edu/MM/Sandia/oscil_dcop_41.tar.gz
1153,oscil_dcop_42,Sandia,430,1544,0.83504597079502,99.16495402920498,Highly sparse,False,https://sparse.tamu.edu/MM/Sandia/oscil_dcop_42.tar.gz
1154,oscil_dcop_43,Sandia,430,1544,0.83504597079502,99.16495402920498,Highly sparse,False,https://sparse.tamu.edu/MM/Sandia/oscil_dcop_43.tar.gz
1155,oscil_dcop_44,Sandia,430,1544,0.83504597079502,99.16495402920498,Highly sparse,False,https://sparse.tamu.edu/MM/Sandia/oscil_dcop_44.tar.gz
1156,oscil_dcop_45,Sandia,430,1544,0.83504597079502,99.16495402920498,Highly sparse,False,https://sparse.tamu.edu/MM/Sandia/oscil_dcop_45.tar.gz
1157,oscil_dcop_46,Sandia,430,1544,0.83504597079502,99.16495402920498,Highly sparse,False,https://sparse.tamu.edu/MM/Sandia/oscil_dcop_46.tar.gz
1158,oscil_dcop_47,Sandia,430,1544,0.83504597079502,99.16495402920498,Highly sparse,False,https://sparse.tamu.edu/MM/Sandia/oscil_dcop_47.tar.gz
1159,oscil_dcop_48,Sandia,430,1544,0.83504597079502,99.16495402920498,Highly sparse,False,https://sparse.tamu.edu/MM/Sandia/oscil_dcop_48.tar.gz
1160,oscil_dcop_49,Sandia,430,1544,0.83504597079502,99.16495402920498,Highly sparse,False,https://sparse.tamu.edu/MM/Sandia/oscil_dcop_49.tar.gz
1161,oscil_dcop_50,Sandia,430,1544,0.83504597079502,99.16495402920498,Highly sparse,False,https://sparse.tamu.edu/MM/Sandia/oscil_dcop_50.tar.gz
1162,oscil_dcop_51,Sandia,430,1544,0.83504597079502,99.16495402920498,Highly sparse,False,https://sparse.tamu.edu/MM/Sandia/oscil_dcop_51.tar.gz
1163,oscil_dcop_52,Sandia,430,1544,0.83504597079502,99.16495402920498,Highly sparse,False,https://sparse.tamu.edu/MM/Sandia/oscil_dcop_52.tar.gz
1164,oscil_dcop_53,Sandia,430,1544,0.83504597079502,99.16495402920498,Highly sparse,False,https://sparse.tamu.edu/MM/Sandia/oscil_dcop_53.tar.gz
1165,oscil_dcop_54,Sandia,430,1544,0.83504597079502,99.16495402920498,Highly sparse,False,https://sparse.tamu.edu/MM/Sandia/oscil_dcop_54.tar.gz
1166,oscil_dcop_55,Sandia,430,1544,0.83504597079502,99.16495402920498,Highly sparse,False,https://sparse.tamu.edu/MM/Sandia/oscil_dcop_55.tar.gz
1167,oscil_dcop_56,Sandia,430,1544,0.83504597079502,99.16495402920498,Highly sparse,False,https://sparse.tamu.edu/MM/Sandia/oscil_dcop_56.tar.gz
1168,oscil_dcop_57,Sandia,430,1544,0.83504597079502,99.16495402920498,Highly sparse,False,https://sparse.tamu.edu/MM/Sandia/oscil_dcop_57.tar.gz
2883,plantstexture_10NN,ML_Graph,1599,21204,0.82931757301409,99.1706824269859,Highly sparse,False,https://sparse.tamu.edu/MM/ML_Graph/plantstexture_10NN.tar.gz
17,bcspwr05,HB,443,1623,0.8270105834934101,99.17298941650658,Highly sparse,False,https://sparse.tamu.edu/MM/HB/bcspwr05.tar.gz
2673,freeFlyingRobot_1,VDOL,798,5246,0.82380135803167,99.17619864196833,Highly sparse,False,https://sparse.tamu.edu/MM/VDOL/freeFlyingRobot_1.tar.gz
267,west0479,HB,479,1888,0.82286949586168,99.17713050413832,Highly sparse,False,https://sparse.tamu.edu/MM/HB/west0479.tar.gz
429,ex32,FIDAP,1159,11047,0.8223893585928699,99.17761064140711,Highly sparse,False,https://sparse.tamu.edu/MM/FIDAP/ex32.tar.gz
48,bcsstk26,HB,1922,30336,0.8212049319939599,99.17879506800602,Highly sparse,False,https://sparse.tamu.edu/MM/HB/bcsstk26.tar.gz
1271,opt1,GHS_psdef,15449,1930655,0.80891693519917,99.19108306480082,Highly sparse,False,https://sparse.tamu.edu/MM/GHS_psdef/opt1.tar.gz
1188,rajat04,Rajat,1041,8725,0.80512623179699,99.194873768203,Highly sparse,False,https://sparse.tamu.edu/MM/Rajat/rajat04.tar.gz
765,nemeth01,Nemeth,9506,725054,0.80237009334111,99.19762990665888,Highly sparse,False,https://sparse.tamu.edu/MM/Nemeth/nemeth01.tar.gz
321,olm500,Bai,500,1996,0.7984,99.2016,Highly sparse,False,https://sparse.tamu.edu/MM/Bai/olm500.tar.gz
2562,cz1268,CPM,1268,12786,0.79523629451979,99.2047637054802,Highly sparse,True,https://sparse.tamu.edu/MM/CPM/cz1268.tar.gz
2774,mycielskian18,Mycielski,196607,300933832,0.77852589513019,99.2214741048698,Highly sparse,False,https://sparse.tamu.edu/MM/Mycielski/mycielskian18.tar.gz
55,bcsstk33,HB,8738,591904,0.77522397259746,99.22477602740254,Highly sparse,False,https://sparse.tamu.edu/MM/HB/bcsstk33.tar.gz
782,nemeth18,Nemeth,9506,695234,0.76937023928413,99.23062976071589,Highly sparse,False,https://sparse.tamu.edu/MM/Nemeth/nemeth18.tar.gz
1394,pf2177,Andrianov,9728,725144,0.76626172686547,99.23373827313452,Highly sparse,False,https://sparse.tamu.edu/MM/Andrianov/pf2177.tar.gz
435,ex40,FIDAP,7740,456188,0.76148602180691,99.23851397819308,Highly sparse,False,https://sparse.tamu.edu/MM/FIDAP/ex40.tar.gz
226,orsirr_2,HB,886,5970,0.76051342936779,99.2394865706322,Highly sparse,False,https://sparse.tamu.edu/MM/HB/orsirr_2.tar.gz
37,bcsstk15,HB,3948,117816,0.75587500731392,99.24412499268608,Highly sparse,False,https://sparse.tamu.edu/MM/HB/bcsstk15.tar.gz
335,rw496,Bai,496,1859,0.7556419094693,99.2443580905307,Highly sparse,False,https://sparse.tamu.edu/MM/Bai/rw496.tar.gz
166,gre_512,HB,512,1976,0.7537841796875,99.2462158203125,Highly sparse,False,https://sparse.tamu.edu/MM/HB/gre_512.tar.gz
2723,reorientation_2,VDOL,1544,17910,0.7512785578136301,99.24872144218637,Highly sparse,False,https://sparse.tamu.edu/MM/VDOL/reorientation_2.tar.gz
316,odepa400,Bai,400,1201,0.750625,99.249375,Highly sparse,False,https://sparse.tamu.edu/MM/Bai/odepa400.tar.gz
823,utm1700b,TOKAMAK,1700,21509,0.74425605536332,99.25574394463668,Highly sparse,False,https://sparse.tamu.edu/MM/TOKAMAK/utm1700b.tar.gz
430,ex33,FIDAP,1733,22189,0.73882333668188,99.26117666331812,Highly sparse,False,https://sparse.tamu.edu/MM/FIDAP/ex33.tar.gz
1636,rdb800l,Bai,800,4640,0.7250000000000001,99.275,Highly sparse,False,https://sparse.tamu.edu/MM/Bai/rdb800l.tar.gz
72,bcsstm22,HB,138,138,0.7246376811594201,99.27536231884058,Highly sparse,False,https://sparse.tamu.edu/MM/HB/bcsstm22.tar.gz
1907,g3rmt3m3,TKK,5357,207695,0.72374028785624,99.27625971214376,Highly sparse,False,https://sparse.tamu.edu/MM/TKK/g3rmt3m3.tar.gz
1609,s2rmt3m1,Cylshell,5489,217681,0.7224936963809799,99.277506303619,Highly sparse,False,https://sparse.tamu.edu/MM/Cylshell/s2rmt3m1.tar.gz
1610,s3rmt3m1,Cylshell,5489,217669,0.7224538678045,99.2775461321955,Highly sparse,False,https://sparse.tamu.edu/MM/Cylshell/s3rmt3m1.tar.gz
1608,s1rmt3m1,Cylshell,5489,217651,0.7223941249397801,99.27760587506022,Highly sparse,False,https://sparse.tamu.edu/MM/Cylshell/s1rmt3m1.tar.gz
1611,s3rmt3m3,Cylshell,5357,207123,0.72174707933098,99.278252920669,Highly sparse,False,https://sparse.tamu.edu/MM/Cylshell/s3rmt3m3.tar.gz
86,bp_1600,HB,822,4841,0.71645917322298,99.283540826777,Highly sparse,False,https://sparse.tamu.edu/MM/HB/bp_1600.tar.gz
176,jagmesh1,HB,936,6264,0.71499013806706,99.28500986193292,Highly sparse,False,https://sparse.tamu.edu/MM/HB/jagmesh1.tar.gz
222,nos6,HB,675,3255,0.71440329218107,99.28559670781894,Highly sparse,False,https://sparse.tamu.edu/MM/HB/nos6.tar.gz
2232,TSOPF_RS_b162_c1,TSOPF,5374,205399,0.71121842766914,99.28878157233083,Highly sparse,False,https://sparse.tamu.edu/MM/TSOPF/TSOPF_RS_b162_c1.tar.gz
85,bp_1400,HB,822,4790,0.7089112662132,99.2910887337868,Highly sparse,False,https://sparse.tamu.edu/MM/HB/bp_1400.tar.gz
1491,GD96_d,Pajek,180,229,0.70679012345679,99.29320987654322,Highly sparse,False,https://sparse.tamu.edu/MM/Pajek/GD96_d.tar.gz
84,bp_1200,HB,822,4726,0.6994393829068,99.3005606170932,Highly sparse,False,https://sparse.tamu.edu/MM/HB/bp_1200.tar.gz
2864,dataset20mfeatpixel_10NN,ML_Graph,2000,27932,0.6982999999999999,99.3017,Highly sparse,False,https://sparse.tamu.edu/MM/ML_Graph/dataset20mfeatpixel_10NN.tar.gz
2237,TSOPF_RS_b300_c1,TSOPF,14538,1474325,0.6975637454008,99.3024362545992,Highly sparse,False,https://sparse.tamu.edu/MM/TSOPF/TSOPF_RS_b300_c1.tar.gz
781,nemeth17,Nemeth,9506,629620,0.69675949400932,99.30324050599069,Highly sparse,False,https://sparse.tamu.edu/MM/Nemeth/nemeth17.tar.gz
268,west0497,HB,497,1721,0.69673574647077,99.30326425352922,Highly sparse,False,https://sparse.tamu.edu/MM/HB/west0497.tar.gz
174,impcol_d,HB,425,1255,0.69480968858131,99.30519031141868,Highly sparse,False,https://sparse.tamu.edu/MM/HB/impcol_d.tar.gz
848,pkustk02,Chen,10800,810000,0.69444444444444,99.30555555555556,Highly sparse,False,https://sparse.tamu.edu/MM/Chen/pkustk02.tar.gz
4,685_bus,HB,685,3249,0.69241834940593,99.30758165059407,Highly sparse,False,https://sparse.tamu.edu/MM/HB/685_bus.tar.gz
2862,dataset16mfeatkarhunen_10NN,ML_Graph,2000,27668,0.6917000000000001,99.3083,Highly sparse,False,https://sparse.tamu.edu/MM/ML_Graph/dataset16mfeatkarhunen_10NN.tar.gz
2199,EX5,JGD_SPG,6545,295680,0.69024401204332,99.30975598795668,Highly sparse,False,https://sparse.tamu.edu/MM/JGD_SPG/EX5.tar.gz
2200,EX6,JGD_SPG,6545,295680,0.69024401204332,99.30975598795668,Highly sparse,False,https://sparse.tamu.edu/MM/JGD_SPG/EX6.tar.gz
83,bp_1000,HB,822,4661,0.6898195014237399,99.31018049857626,Highly sparse,False,https://sparse.tamu.edu/MM/HB/bp_1000.tar.gz
465,meg1,Grund,2904,58142,0.68944042225409,99.3105595777459,Highly sparse,False,https://sparse.tamu.edu/MM/Grund/meg1.tar.gz
2244,TSOPF_RS_b678_c2,TSOPF,35696,8781949,0.68921037234892,99.31078962765108,Highly sparse,False,https://sparse.tamu.edu/MM/TSOPF/TSOPF_RS_b678_c2.tar.gz
1347,bundle1,Lourakis,10581,770811,0.68848498762848,99.31151501237152,Highly sparse,False,https://sparse.tamu.edu/MM/Lourakis/bundle1.tar.gz
2861,dataset12mfeatfactors_10NN,ML_Graph,2000,27442,0.68605,99.31395,Highly sparse,False,https://sparse.tamu.edu/MM/ML_Graph/dataset12mfeatfactors_10NN.tar.gz
1176,cegb3306,HB,3306,74916,0.68543911251939,99.3145608874806,Highly sparse,False,https://sparse.tamu.edu/MM/HB/cegb3306.tar.gz
2865,dataset22mfeatzernike_10NN,ML_Graph,2000,27414,0.68535,99.31465,Highly sparse,False,https://sparse.tamu.edu/MM/ML_Graph/dataset22mfeatzernike_10NN.tar.gz
2,494_bus,HB,494,1666,0.6826861610582,99.3173138389418,Highly sparse,False,https://sparse.tamu.edu/MM/HB/494_bus.tar.gz
2335,GT01R,Fluorem,7980,430909,0.67667445556246,99.32332554443754,Highly sparse,False,https://sparse.tamu.edu/MM/Fluorem/GT01R.tar.gz
1365,SiH4,PARSEC,5041,171903,0.67647236717633,99.32352763282366,Highly sparse,False,https://sparse.tamu.edu/MM/PARSEC/SiH4.tar.gz
112,dwt_1242,HB,1242,10426,0.67588767791806,99.32411232208192,Highly sparse,False,https://sparse.tamu.edu/MM/HB/dwt_1242.tar.gz
1330,Kuu,MathWorks,7102,340200,0.67448605233424,99.32551394766575,Highly sparse,False,https://sparse.tamu.edu/MM/MathWorks/Kuu.tar.gz
177,jagmesh2,HB,1009,6865,0.67430783994593,99.32569216005406,Highly sparse,False,https://sparse.tamu.edu/MM/HB/jagmesh2.tar.gz
194,lshp1009,HB,1009,6865,0.67430783994593,99.32569216005406,Highly sparse,False,https://sparse.tamu.edu/MM/HB/lshp1009.tar.gz
90,bp_800,HB,822,4534,0.6710237329876,99.3289762670124,Highly sparse,False,https://sparse.tamu.edu/MM/HB/bp_800.tar.gz
1477,GD01_a,Pajek,311,645,0.6668665543160199,99.33313344568396,Highly sparse,False,https://sparse.tamu.edu/MM/Pajek/GD01_a.tar.gz
2015,ch5-5-b3,JGD_Homology,600,2400,0.6666666666666601,99.33333333333331,Highly sparse,False,https://sparse.tamu.edu/MM/JGD_Homology/ch5-5-b3.tar.gz
1622,mhd3200a,Bai,3200,68026,0.66431640625,99.33568359375,Highly sparse,False,https://sparse.tamu.edu/MM/Bai/mhd3200a.tar.gz
397,cavity18,DRIVCAV,4562,138040,0.66327616140117,99.33672383859884,Highly sparse,False,https://sparse.tamu.edu/MM/DRIVCAV/cavity18.tar.gz
399,cavity20,DRIVCAV,4562,138040,0.66327616140117,99.33672383859884,Highly sparse,False,https://sparse.tamu.edu/MM/DRIVCAV/cavity20.tar.gz
401,cavity22,DRIVCAV,4562,138040,0.66327616140117,99.33672383859884,Highly sparse,False,https://sparse.tamu.edu/MM/DRIVCAV/cavity22.tar.gz
403,cavity24,DRIVCAV,4562,138040,0.66327616140117,99.33672383859884,Highly sparse,False,https://sparse.tamu.edu/MM/DRIVCAV/cavity24.tar.gz
405,cavity26,DRIVCAV,4562,138040,0.66327616140117,99.33672383859884,Highly sparse,False,https://sparse.tamu.edu/MM/DRIVCAV/cavity26.tar.gz
395,cavity16,DRIVCAV,4562,137887,0.6625410030941901,99.3374589969058,Highly sparse,False,https://sparse.tamu.edu/MM/DRIVCAV/cavity16.tar.gz
2733,spaceShuttleEntry_4,VDOL,2450,39669,0.66087463556851,99.3391253644315,Highly sparse,True,https://sparse.tamu.edu/MM/VDOL/spaceShuttleEntry_4.tar.gz
2194,08blocks,JGD_SPG,300,592,0.65777777777777,99.34222222222222,Highly sparse,False,https://sparse.tamu.edu/MM/JGD_SPG/08blocks.tar.gz
269,west0655,HB,655,2808,0.65450731309364,99.34549268690635,Highly sparse,False,https://sparse.tamu.edu/MM/HB/west0655.tar.gz
854,pkustk08,Chen,22209,3226671,0.65417911905591,99.34582088094407,Highly sparse,False,https://sparse.tamu.edu/MM/Chen/pkustk08.tar.gz
60,bcsstm05,HB,153,153,0.65359477124183,99.34640522875816,Highly sparse,False,https://sparse.tamu.edu/MM/HB/bcsstm05.tar.gz
780,nemeth16,Nemeth,9506,587012,0.64960799227692,99.35039200772307,Highly sparse,False,https://sparse.tamu.edu/MM/Nemeth/nemeth16.tar.gz
2674,freeFlyingRobot_2,VDOL,1338,11600,0.64795636795878,99.35204363204122,Highly sparse,False,https://sparse.tamu.edu/MM/VDOL/freeFlyingRobot_2.tar.gz
225,orsirr_1,HB,1030,6858,0.6464322744839199,99.35356772551609,Highly sparse,False,https://sparse.tamu.edu/MM/HB/orsirr_1.tar.gz
233,pores_2,HB,1224,9613,0.6416469093083801,99.3583530906916,Highly sparse,False,https://sparse.tamu.edu/MM/HB/pores_2.tar.gz
1523,SmallW,Pajek,396,994,0.6338638914396401,99.36613610856035,Highly sparse,False,https://sparse.tamu.edu/MM/Pajek/SmallW.tar.gz
396,cavity17,DRIVCAV,4562,131735,0.6329809122151699,99.36701908778484,Highly sparse,False,https://sparse.tamu.edu/MM/DRIVCAV/cavity17.tar.gz
398,cavity19,DRIVCAV,4562,131735,0.6329809122151699,99.36701908778484,Highly sparse,False,https://sparse.tamu.edu/MM/DRIVCAV/cavity19.tar.gz
400,cavity21,DRIVCAV,4562,131735,0.6329809122151699,99.36701908778484,Highly sparse,False,https://sparse.tamu.edu/MM/DRIVCAV/cavity21.tar.gz
402,cavity23,DRIVCAV,4562,131735,0.6329809122151699,99.36701908778484,Highly sparse,False,https://sparse.tamu.edu/MM/DRIVCAV/cavity23.tar.gz
404,cavity25,DRIVCAV,4562,131735,0.6329809122151699,99.36701908778484,Highly sparse,False,https://sparse.tamu.edu/MM/DRIVCAV/cavity25.tar.gz
1182,man_5976,HB,5976,225046,0.63015896697006,99.36984103302994,Highly sparse,False,https://sparse.tamu.edu/MM/HB/man_5976.tar.gz
412,ex14,FIDAP,3251,65875,0.62328502003169,99.37671497996833,Highly sparse,False,https://sparse.tamu.edu/MM/FIDAP/ex14.tar.gz
178,jagmesh3,HB,1089,7361,0.6206990178941,99.37930098210587,Highly sparse,False,https://sparse.tamu.edu/MM/HB/jagmesh3.tar.gz
2421,netz4504_dual,AG-Monien,615,2342,0.61920814330094,99.38079185669906,Highly sparse,False,https://sparse.tamu.edu/MM/AG-Monien/netz4504_dual.tar.gz
89,bp_600,HB,822,4172,0.61744839303579,99.3825516069642,Highly sparse,False,https://sparse.tamu.edu/MM/HB/bp_600.tar.gz
2666,dynamicSoaringProblem_2,VDOL,1591,15588,0.61581468039305,99.38418531960696,Highly sparse,False,https://sparse.tamu.edu/MM/VDOL/dynamicSoaringProblem_2.tar.gz
187,jpwh_991,HB,991,6027,0.61369683356057,99.38630316643945,Highly sparse,False,https://sparse.tamu.edu/MM/HB/jpwh_991.tar.gz
446,goodwin,Goodwin,7320,324772,0.6061169339186,99.3938830660814,Highly sparse,False,https://sparse.tamu.edu/MM/Goodwin/goodwin.tar.gz
1366,SiNa,PARSEC,5743,198787,0.60271270593285,99.39728729406716,Highly sparse,False,https://sparse.tamu.edu/MM/PARSEC/SiNa.tar.gz
333,rdb968,Bai,968,5632,0.60105184072126,99.39894815927872,Highly sparse,False,https://sparse.tamu.edu/MM/Bai/rdb968.tar.gz
779,nemeth15,Nemeth,9506,539802,0.5973637565280899,99.4026362434719,Highly sparse,False,https://sparse.tamu.edu/MM/Nemeth/nemeth15.tar.gz
2891,YaleB_10NN,ML_Graph,2414,34808,0.59731653726638,99.4026834627336,Highly sparse,False,https://sparse.tamu.edu/MM/ML_Graph/YaleB_10NN.tar.gz
428,ex31,FIDAP,3909,91223,0.59699818347581,99.40300181652418,Highly sparse,False,https://sparse.tamu.edu/MM/FIDAP/ex31.tar.gz
88,bp_400,HB,822,4028,0.5961366555964,99.4038633444036,Highly sparse,False,https://sparse.tamu.edu/MM/HB/bp_400.tar.gz
499,G37,Gset,2000,23570,0.58925,99.41075,Highly sparse,False,https://sparse.tamu.edu/MM/Gset/G37.tar.gz
504,G41,Gset,2000,23570,0.58925,99.41075,Highly sparse,False,https://sparse.tamu.edu/MM/Gset/G41.tar.gz
500,G38,Gset,2000,23558,0.58895,99.41105,Highly sparse,False,https://sparse.tamu.edu/MM/Gset/G38.tar.gz
505,G42,Gset,2000,23558,0.58895,99.41105,Highly sparse,False,https://sparse.tamu.edu/MM/Gset/G42.tar.gz
497,G35,Gset,2000,23556,0.5889,99.4111,Highly sparse,False,https://sparse.tamu.edu/MM/Gset/G35.tar.gz
501,G39,Gset,2000,23556,0.5889,99.4111,Highly sparse,False,https://sparse.tamu.edu/MM/Gset/G39.tar.gz
498,G36,Gset,2000,23532,0.5883,99.4117,Highly sparse,False,https://sparse.tamu.edu/MM/Gset/G36.tar.gz
503,G40,Gset,2000,23532,0.5883,99.4117,Highly sparse,False,https://sparse.tamu.edu/MM/Gset/G40.tar.gz
2775,mycielskian19,Mycielski,393215,903194710,0.5841457646543,99.41585423534568,Highly sparse,False,https://sparse.tamu.edu/MM/Mycielski/mycielskian19.tar.gz
2465,delaunay_n10,DIMACS10,1024,6112,0.5828857421875,99.4171142578125,Highly sparse,False,https://sparse.tamu.edu/MM/DIMACS10/delaunay_n10.tar.gz
278,young1c,HB,841,4089,0.5781294846037099,99.42187051539628,Highly sparse,False,https://sparse.tamu.edu/MM/HB/young1c.tar.gz
279,young2c,HB,841,4089,0.5781294846037099,99.42187051539628,Highly sparse,False,https://sparse.tamu.edu/MM/HB/young2c.tar.gz
281,young4c,HB,841,4089,0.5781294846037099,99.42187051539628,Highly sparse,False,https://sparse.tamu.edu/MM/HB/young4c.tar.gz
182,jagmesh7,HB,1138,7450,0.57527002943529,99.42472997056473,Highly sparse,False,https://sparse.tamu.edu/MM/HB/jagmesh7.tar.gz
58,bcsstm03,HB,112,72,0.5739795918367301,99.42602040816328,Highly sparse,False,https://sparse.tamu.edu/MM/HB/bcsstm03.tar.gz
1286,tsyl201,DNVS,20685,2454957,0.5737633969818601,99.42623660301813,Highly sparse,False,https://sparse.tamu.edu/MM/DNVS/tsyl201.tar.gz
183,jagmesh8,HB,1141,7465,0.5734011019440299,99.42659889805596,Highly sparse,False,https://sparse.tamu.edu/MM/HB/jagmesh8.tar.gz
2863,dataset18mfeatmorphological_10NN,ML_Graph,2000,22832,0.5708000000000001,99.4292,Highly sparse,False,https://sparse.tamu.edu/MM/ML_Graph/dataset18mfeatmorphological_10NN.tar.gz
1909,smt,TKK,25710,3749582,0.5672554829841401,99.43274451701586,Highly sparse,False,https://sparse.tamu.edu/MM/TKK/smt.tar.gz
1896,circuit204,YZhou,1020,5883,0.5654555940022999,99.4345444059977,Highly sparse,False,https://sparse.tamu.edu/MM/YZhou/circuit204.tar.gz
3,662_bus,HB,662,2474,0.56452569801297,99.43547430198704,Highly sparse,False,https://sparse.tamu.edu/MM/HB/662_bus.tar.gz
280,young3c,HB,841,3988,0.56384944597691,99.43615055402309,Highly sparse,False,https://sparse.tamu.edu/MM/HB/young3c.tar.gz
2777,CollegeMsg,SNAP,1899,20296,0.5628083404114099,99.4371916595886,Highly sparse,False,https://sparse.tamu.edu/MM/SNAP/CollegeMsg.tar.gz
87,bp_200,HB,822,3802,0.5626890676706799,99.43731093232932,Highly sparse,False,https://sparse.tamu.edu/MM/HB/bp_200.tar.gz
432,ex36,FIDAP,3079,53099,0.56010179488053,99.43989820511948,Highly sparse,False,https://sparse.tamu.edu/MM/FIDAP/ex36.tar.gz
930,sme3Da,FEMLAB,12504,874887,0.5595694982212199,99.44043050177878,Highly sparse,False,https://sparse.tamu.edu/MM/FEMLAB/sme3Da.tar.gz
377,thermal,Brunetiere,3456,66528,0.55700231481481,99.4429976851852,Highly sparse,False,https://sparse.tamu.edu/MM/Brunetiere/thermal.tar.gz
180,jagmesh5,HB,1180,7750,0.55659293306521,99.44340706693478,Highly sparse,False,https://sparse.tamu.edu/MM/HB/jagmesh5.tar.gz
840,rdist2,Zitney,3198,56834,0.55571395662001,99.44428604338,Highly sparse,False,https://sparse.tamu.edu/MM/Zitney/rdist2.tar.gz
939,nd24k,ND,72000,28715634,0.553928125,99.446071875,Highly sparse,False,https://sparse.tamu.edu/MM/ND/nd24k.tar.gz
839,rdist1,Zitney,4134,94408,0.5524180401634701,99.44758195983653,Highly sparse,False,https://sparse.tamu.edu/MM/Zitney/rdist1.tar.gz
343,bcsstk38,Boeing,8032,355460,0.55098951802352,99.44901048197649,Highly sparse,False,https://sparse.tamu.edu/MM/Boeing/bcsstk38.tar.gz
778,nemeth14,Nemeth,9506,496144,0.54905028810355,99.45094971189644,Highly sparse,False,https://sparse.tamu.edu/MM/Nemeth/nemeth14.tar.gz
2692,hangGlider_2,VDOL,1647,14754,0.54390441084579,99.4560955891542,Highly sparse,False,https://sparse.tamu.edu/MM/VDOL/hangGlider_2.tar.gz
325,pde900,Bai,900,4380,0.54074074074074,99.45925925925926,Highly sparse,False,https://sparse.tamu.edu/MM/Bai/pde900.tar.gz
195,lshp1270,HB,1270,8668,0.53741707483414,99.46258292516586,Highly sparse,False,https://sparse.tamu.edu/MM/HB/lshp1270.tar.gz
151,fs_680_3,HB,680,2471,0.53438581314878,99.4656141868512,Highly sparse,False,https://sparse.tamu.edu/MM/HB/fs_680_3.tar.gz
433,ex37,FIDAP,3565,67591,0.53182629153233,99.46817370846766,Highly sparse,False,https://sparse.tamu.edu/MM/FIDAP/ex37.tar.gz
68,bcsstm13,HB,2003,21181,0.5279399921585399,99.47206000784146,Highly sparse,True,https://sparse.tamu.edu/MM/HB/bcsstm13.tar.gz
777,nemeth13,Nemeth,9506,474472,0.52506729557763,99.47493270442236,Highly sparse,False,https://sparse.tamu.edu/MM/Nemeth/nemeth13.tar.gz
150,fs_680_2,HB,680,2424,0.5242214532871899,99.4757785467128,Highly sparse,False,https://sparse.tamu.edu/MM/HB/fs_680_2.tar.gz
2221,TSOPF_FS_b162_c1,TSOPF,10798,608540,0.52191825086389,99.47808174913612,Highly sparse,True,https://sparse.tamu.edu/MM/TSOPF/TSOPF_FS_b162_c1.tar.gz
370,circuit_1,Bomhof,2624,35823,0.52027659782123,99.47972340217876,Highly sparse,False,https://sparse.tamu.edu/MM/Bomhof/circuit_1.tar.gz
2220,TSOPF_FS_b300,TSOPF,29214,4400122,0.51556409943439,99.4844359005656,Highly sparse,False,https://sparse.tamu.edu/MM/TSOPF/TSOPF_FS_b300.tar.gz
2224,TSOPF_FS_b300_c1,TSOPF,29214,4400122,0.51556409943439,99.4844359005656,Highly sparse,False,https://sparse.tamu.edu/MM/TSOPF/TSOPF_FS_b300_c1.tar.gz
2724,reorientation_3,VDOL,2513,32166,0.5093450389055301,99.49065496109448,Highly sparse,False,https://sparse.tamu.edu/MM/VDOL/reorientation_3.tar.gz
300,cdde1,Bai,961,4681,0.50686448927528,99.49313551072473,Highly sparse,False,https://sparse.tamu.edu/MM/Bai/cdde1.tar.gz
301,cdde2,Bai,961,4681,0.50686448927528,99.49313551072473,Highly sparse,False,https://sparse.tamu.edu/MM/Bai/cdde2.tar.gz
302,cdde3,Bai,961,4681,0.50686448927528,99.49313551072473,Highly sparse,False,https://sparse.tamu.edu/MM/Bai/cdde3.tar.gz
303,cdde4,Bai,961,4681,0.50686448927528,99.49313551072473,Highly sparse,False,https://sparse.tamu.edu/MM/Bai/cdde4.tar.gz
304,cdde5,Bai,961,4681,0.50686448927528,99.49313551072473,Highly sparse,False,https://sparse.tamu.edu/MM/Bai/cdde5.tar.gz
305,cdde6,Bai,961,4681,0.50686448927528,99.49313551072473,Highly sparse,False,https://sparse.tamu.edu/MM/Bai/cdde6.tar.gz
2820,Goodwin_023,Goodwin,6005,182168,0.50517990489468,99.49482009510533,Highly sparse,False,https://sparse.tamu.edu/MM/Goodwin/Goodwin_023.tar.gz
920,sinc12,Hohn,7500,283992,0.50487466666666,99.49512533333332,Highly sparse,False,https://sparse.tamu.edu/MM/Hohn/sinc12.tar.gz
2642,vsp_msc10848_300sep_100in_1Kout,DIMACS10,21996,2442056,0.50474055012597,99.495259449874,Highly sparse,False,https://sparse.tamu.edu/MM/DIMACS10/vsp_msc10848_300sep_100in_1Kout.tar.gz
1283,thread,DNVS,29736,4444880,0.50268386371859,99.4973161362814,Highly sparse,False,https://sparse.tamu.edu/MM/DNVS/thread.tar.gz
410,ex12,FIDAP,3973,79077,0.50097154027794,99.49902845972206,Highly sparse,True,https://sparse.tamu.edu/MM/FIDAP/ex12.tar.gz
184,jagmesh9,HB,1349,9101,0.50010962737134,99.49989037262866,Highly sparse,False,https://sparse.tamu.edu/MM/HB/jagmesh9.tar.gz
471,G11,Gset,800,3200,0.5,99.5,Highly sparse,False,https://sparse.tamu.edu/MM/Gset/G11.tar.gz
472,G12,Gset,800,3200,0.5,99.5,Highly sparse,False,https://sparse.tamu.edu/MM/Gset/G12.tar.gz
473,G13,Gset,800,3200,0.5,99.5,Highly sparse,False,https://sparse.tamu.edu/MM/Gset/G13.tar.gz
1627,qh768,Bai,768,2934,0.4974365234375,99.5025634765625,Highly sparse,False,https://sparse.tamu.edu/MM/Bai/qh768.tar.gz
351,crystk02,Boeing,13965,968583,0.49665517176399004,99.503344828236,Highly sparse,False,https://sparse.tamu.edu/MM/Boeing/crystk02.tar.gz
366,pcrystk02,Boeing,13965,968583,0.49665517176399004,99.503344828236,Highly sparse,False,https://sparse.tamu.edu/MM/Boeing/pcrystk02.tar.gz
1106,fpga_trans_01,Sandia,1220,7382,0.49596882558452005,99.50403117441547,Highly sparse,False,https://sparse.tamu.edu/MM/Sandia/fpga_trans_01.tar.gz
1107,fpga_trans_02,Sandia,1220,7382,0.49596882558452005,99.50403117441547,Highly sparse,False,https://sparse.tamu.edu/MM/Sandia/fpga_trans_02.tar.gz
776,nemeth12,Nemeth,9506,446818,0.4944644128113,99.50553558718867,Highly sparse,False,https://sparse.tamu.edu/MM/Nemeth/nemeth12.tar.gz
737,lhr04c,Mallya,4101,82682,0.49162214198771004,99.50837785801228,Highly sparse,False,https://sparse.tamu.edu/MM/Mallya/lhr04c.tar.gz
2706,lowThrust_2,VDOL,2312,26261,0.49128737084086,99.50871262915912,Highly sparse,False,https://sparse.tamu.edu/MM/VDOL/lowThrust_2.tar.gz
2696,kineticBatchReactor_1,VDOL,2052,20600,0.48922935452122995,99.51077064547876,Highly sparse,False,https://sparse.tamu.edu/MM/VDOL/kineticBatchReactor_1.tar.gz
1442,rail_1357,Oberwolfach,1357,8985,0.48793097175105,99.51206902824894,Highly sparse,False,https://sparse.tamu.edu/MM/Oberwolfach/rail_1357.tar.gz
1518,Roget,Pajek,1022,5075,0.48588585368469,99.51411414631532,Highly sparse,False,https://sparse.tamu.edu/MM/Pajek/Roget.tar.gz
208,mahindas,HB,1258,7682,0.48541480786874003,99.51458519213124,Highly sparse,False,https://sparse.tamu.edu/MM/HB/mahindas.tar.gz
82,bp_0,HB,822,3276,0.48484202674622995,99.51515797325376,Highly sparse,False,https://sparse.tamu.edu/MM/HB/bp_0.tar.gz
736,lhr04,Mallya,4101,81057,0.48195999084562996,99.51804000915436,Highly sparse,False,https://sparse.tamu.edu/MM/Mallya/lhr04.tar.gz
360,msc04515,Boeing,4515,97707,0.47930302461708996,99.5206969753829,Highly sparse,False,https://sparse.tamu.edu/MM/Boeing/msc04515.tar.gz
181,jagmesh6,HB,1377,8993,0.47428207679962,99.52571792320038,Highly sparse,False,https://sparse.tamu.edu/MM/HB/jagmesh6.tar.gz
365,nasa4704,Boeing,4704,104756,0.47341747072978,99.5265825292702,Highly sparse,False,https://sparse.tamu.edu/MM/Boeing/nasa4704.tar.gz
760,nasa4704,Nasa,4704,104756,0.47341747072978,99.5265825292702,Highly sparse,False,https://sparse.tamu.edu/MM/Nasa/nasa4704.tar.gz
2357,M10PI_n1,Rommes,528,1317,0.47240874655646997,99.52759125344352,Highly sparse,False,https://sparse.tamu.edu/MM/Rommes/M10PI_n1.tar.gz
2365,S10PI_n1,Rommes,528,1317,0.47240874655646997,99.52759125344352,Highly sparse,False,https://sparse.tamu.edu/MM/Rommes/S10PI_n1.tar.gz
149,fs_680_1,HB,680,2184,0.47231833910034005,99.52768166089966,Highly sparse,False,https://sparse.tamu.edu/MM/HB/fs_680_1.tar.gz
1628,rdb1250,Bai,1250,7300,0.4672,99.5328,Highly sparse,False,https://sparse.tamu.edu/MM/Bai/rdb1250.tar.gz
1629,rdb1250l,Bai,1250,7300,0.4672,99.5328,Highly sparse,False,https://sparse.tamu.edu/MM/Bai/rdb1250l.tar.gz
1407,ted_AB,Bindel,10605,522387,0.46448427425081995,99.53551572574918,Highly sparse,False,https://sparse.tamu.edu/MM/Bindel/ted_AB.tar.gz
1410,ted_AB_unscaled,Bindel,10605,522387,0.46448427425081995,99.53551572574918,Highly sparse,False,https://sparse.tamu.edu/MM/Bindel/ted_AB_unscaled.tar.gz
160,gre_1107,HB,1107,5664,0.46219793724585,99.53780206275414,Highly sparse,False,https://sparse.tamu.edu/MM/HB/gre_1107.tar.gz
45,bcsstk23,HB,3134,45178,0.45996948062076004,99.54003051937924,Highly sparse,False,https://sparse.tamu.edu/MM/HB/bcsstk23.tar.gz
179,jagmesh4,HB,1440,9504,0.45833333333333004,99.54166666666666,Highly sparse,False,https://sparse.tamu.edu/MM/HB/jagmesh4.tar.gz
2725,reorientation_4,VDOL,2717,33630,0.45556210443954,99.54443789556043,Highly sparse,False,https://sparse.tamu.edu/MM/VDOL/reorientation_4.tar.gz
214,nnc1374,HB,1374,8588,0.45490275844388,99.54509724155612,Highly sparse,False,https://sparse.tamu.edu/MM/HB/nnc1374.tar.gz
775,nemeth11,Nemeth,9506,408264,0.45179920914554,99.54820079085444,Highly sparse,False,https://sparse.tamu.edu/MM/Nemeth/nemeth11.tar.gz
218,nos2,HB,957,4137,0.45171201802917005,99.54828798197084,Highly sparse,False,https://sparse.tamu.edu/MM/HB/nos2.tar.gz
825,utm3060,TOKAMAK,3060,42211,0.45079883805374005,99.54920116194626,Highly sparse,False,https://sparse.tamu.edu/MM/TOKAMAK/utm3060.tar.gz
774,nemeth10,Nemeth,9506,401448,0.44425638536108997,99.5557436146389,Highly sparse,False,https://sparse.tamu.edu/MM/Nemeth/nemeth10.tar.gz
1624,mhd4800a,Bai,4800,102252,0.44380208333333,99.55619791666666,Highly sparse,False,https://sparse.tamu.edu/MM/Bai/mhd4800a.tar.gz
353,crystm01,Boeing,4875,105339,0.44324102564101997,99.55675897435896,Highly sparse,False,https://sparse.tamu.edu/MM/Boeing/crystm01.tar.gz
1053,adder_trans_01,Sandia,1814,14579,0.44305043827926,99.55694956172071,Highly sparse,True,https://sparse.tamu.edu/MM/Sandia/adder_trans_01.tar.gz
1054,adder_trans_02,Sandia,1814,14579,0.44305043827926,99.55694956172071,Highly sparse,False,https://sparse.tamu.edu/MM/Sandia/adder_trans_02.tar.gz
1389,net25,Andrianov,9520,401200,0.44267707082833,99.55732292917166,Highly sparse,False,https://sparse.tamu.edu/MM/Andrianov/net25.tar.gz
1522,SmaGri,Pajek,1059,4919,0.43861643665831,99.56138356334168,Highly sparse,False,https://sparse.tamu.edu/MM/Pajek/SmaGri.tar.gz
196,lshp1561,HB,1561,10681,0.43833495915207005,99.56166504084791,Highly sparse,False,https://sparse.tamu.edu/MM/HB/lshp1561.tar.gz
2776,mycielskian20,Mycielski,786431,2710370560,0.43823536589591,99.56176463410408,Highly sparse,False,https://sparse.tamu.edu/MM/Mycielski/mycielskian20.tar.gz
2675,freeFlyingRobot_3,VDOL,1718,12922,0.43780772238341,99.56219227761656,Highly sparse,False,https://sparse.tamu.edu/MM/VDOL/freeFlyingRobot_3.tar.gz
773,nemeth09,Nemeth,9506,395506,0.43768076051848,99.56231923948152,Highly sparse,False,https://sparse.tamu.edu/MM/Nemeth/nemeth09.tar.gz
1865,Chebyshev2,Muite,2053,18447,0.43767107833356,99.56232892166643,Highly sparse,False,https://sparse.tamu.edu/MM/Muite/Chebyshev2.tar.gz
772,nemeth08,Nemeth,9506,394816,0.4369171824065,99.5630828175935,Highly sparse,False,https://sparse.tamu.edu/MM/Nemeth/nemeth08.tar.gz
771,nemeth07,Nemeth,9506,394812,0.43691275586671996,99.56308724413329,Highly sparse,False,https://sparse.tamu.edu/MM/Nemeth/nemeth07.tar.gz
766,nemeth02,Nemeth,9506,394808,0.43690832932694,99.56309167067306,Highly sparse,False,https://sparse.tamu.edu/MM/Nemeth/nemeth02.tar.gz
767,nemeth03,Nemeth,9506,394808,0.43690832932694,99.56309167067306,Highly sparse,False,https://sparse.tamu.edu/MM/Nemeth/nemeth03.tar.gz
768,nemeth04,Nemeth,9506,394808,0.43690832932694,99.56309167067306,Highly sparse,False,https://sparse.tamu.edu/MM/Nemeth/nemeth04.tar.gz
769,nemeth05,Nemeth,9506,394808,0.43690832932694,99.56309167067306,Highly sparse,False,https://sparse.tamu.edu/MM/Nemeth/nemeth05.tar.gz
770,nemeth06,Nemeth,9506,394808,0.43690832932694,99.56309167067306,Highly sparse,False,https://sparse.tamu.edu/MM/Nemeth/nemeth06.tar.gz
328,qh882,Bai,882,3354,0.43114751569562004,99.5688524843044,Highly sparse,False,https://sparse.tamu.edu/MM/Bai/qh882.tar.gz
1214,sts4098,Cannizzo,4098,72356,0.43085450865698005,99.569145491343,Highly sparse,False,https://sparse.tamu.edu/MM/Cannizzo/sts4098.tar.gz
735,lhr02,Mallya,2954,36875,0.42258205139606,99.57741794860394,Highly sparse,False,https://sparse.tamu.edu/MM/Mallya/lhr02.tar.gz
2726,reorientation_5,VDOL,2904,35590,0.42202168188268,99.57797831811732,Highly sparse,False,https://sparse.tamu.edu/MM/VDOL/reorientation_5.tar.gz
818,raefsky5,Simon,6316,167178,0.41907801933306,99.58092198066694,Highly sparse,False,https://sparse.tamu.edu/MM/Simon/raefsky5.tar.gz
2230,TSOPF_FS_b9_c1,TSOPF,2454,25032,0.41566784831111997,99.58433215168888,Highly sparse,False,https://sparse.tamu.edu/MM/TSOPF/TSOPF_FS_b9_c1.tar.gz
921,sinc15,Hohn,11532,551184,0.41446449692715004,99.58553550307283,Highly sparse,False,https://sparse.tamu.edu/MM/Hohn/sinc15.tar.gz
2727,reorientation_6,VDOL,3006,37342,0.41325643235595005,99.58674356764404,Highly sparse,False,https://sparse.tamu.edu/MM/VDOL/reorientation_6.tar.gz
448,graham1,Graham,9035,335472,0.4109603892383,99.58903961076167,Highly sparse,False,https://sparse.tamu.edu/MM/Graham/graham1.tar.gz
925,ns3Da,FEMLAB,20414,1679599,0.40304114739653,99.59695885260346,Highly sparse,False,https://sparse.tamu.edu/MM/FEMLAB/ns3Da.tar.gz
1538,c-19,Schenk_IBMNA,2327,21817,0.40290463642274,99.59709536357724,Highly sparse,False,https://sparse.tamu.edu/MM/Schenk_IBMNA/c-19.tar.gz
378,mplate,Cote,5962,142190,0.40002313657974997,99.59997686342024,Highly sparse,False,https://sparse.tamu.edu/MM/Cote/mplate.tar.gz
319,olm1000,Bai,1000,3996,0.39960000000000007,99.6004,Highly sparse,True,https://sparse.tamu.edu/MM/Bai/olm1000.tar.gz
338,tub1000,Bai,1000,3996,0.39960000000000007,99.6004,Highly sparse,False,https://sparse.tamu.edu/MM/Bai/tub1000.tar.gz
2429,L,AG-Monien,956,3640,0.39827734108296,99.60172265891704,Highly sparse,False,https://sparse.tamu.edu/MM/AG-Monien/L.tar.gz
2728,reorientation_7,VDOL,3057,37150,0.39752819855307997,99.60247180144692,Highly sparse,False,https://sparse.tamu.edu/MM/VDOL/reorientation_7.tar.gz
409,ex11,FIDAP,16614,1096948,0.39740893610953,99.60259106389046,Highly sparse,False,https://sparse.tamu.edu/MM/FIDAP/ex11.tar.gz
1284,trdheim,DNVS,22098,1935324,0.39632160120443,99.60367839879557,Highly sparse,False,https://sparse.tamu.edu/MM/DNVS/trdheim.tar.gz
1055,fpga_dcop_01,Sandia,1220,5892,0.39586132760010007,99.60413867239988,Highly sparse,False,https://sparse.tamu.edu/MM/Sandia/fpga_dcop_01.tar.gz
1056,fpga_dcop_02,Sandia,1220,5892,0.39586132760010007,99.60413867239988,Highly sparse,False,https://sparse.tamu.edu/MM/Sandia/fpga_dcop_02.tar.gz
1057,fpga_dcop_03,Sandia,1220,5892,0.39586132760010007,99.60413867239988,Highly sparse,False,https://sparse.tamu.edu/MM/Sandia/fpga_dcop_03.tar.gz
1065,fpga_dcop_11,Sandia,1220,5892,0.39586132760010007,99.60413867239988,Highly sparse,False,https://sparse.tamu.edu/MM/Sandia/fpga_dcop_11.tar.gz
1066,fpga_dcop_12,Sandia,1220,5892,0.39586132760010007,99.60413867239988,Highly sparse,False,https://sparse.tamu.edu/MM/Sandia/fpga_dcop_12.tar.gz
1067,fpga_dcop_13,Sandia,1220,5892,0.39586132760010007,99.60413867239988,Highly sparse,False,https://sparse.tamu.edu/MM/Sandia/fpga_dcop_13.tar.gz
1068,fpga_dcop_14,Sandia,1220,5892,0.39586132760010007,99.60413867239988,Highly sparse,False,https://sparse.tamu.edu/MM/Sandia/fpga_dcop_14.tar.gz
1069,fpga_dcop_15,Sandia,1220,5892,0.39586132760010007,99.60413867239988,Highly sparse,False,https://sparse.tamu.edu/MM/Sandia/fpga_dcop_15.tar.gz
1070,fpga_dcop_16,Sandia,1220,5892,0.39586132760010007,99.60413867239988,Highly sparse,False,https://sparse.tamu.edu/MM/Sandia/fpga_dcop_16.tar.gz
1071,fpga_dcop_17,Sandia,1220,5892,0.39586132760010007,99.60413867239988,Highly sparse,False,https://sparse.tamu.edu/MM/Sandia/fpga_dcop_17.tar.gz
1072,fpga_dcop_18,Sandia,1220,5892,0.39586132760010007,99.60413867239988,Highly sparse,False,https://sparse.tamu.edu/MM/Sandia/fpga_dcop_18.tar.gz
1073,fpga_dcop_19,Sandia,1220,5892,0.39586132760010007,99.60413867239988,Highly sparse,False,https://sparse.tamu.edu/MM/Sandia/fpga_dcop_19.tar.gz
1074,fpga_dcop_20,Sandia,1220,5892,0.39586132760010007,99.60413867239988,Highly sparse,True,https://sparse.tamu.edu/MM/Sandia/fpga_dcop_20.tar.gz
1075,fpga_dcop_21,Sandia,1220,5892,0.39586132760010007,99.60413867239988,Highly sparse,False,https://sparse.tamu.edu/MM/Sandia/fpga_dcop_21.tar.gz
1076,fpga_dcop_22,Sandia,1220,5892,0.39586132760010007,99.60413867239988,Highly sparse,False,https://sparse.tamu.edu/MM/Sandia/fpga_dcop_22.tar.gz
1077,fpga_dcop_23,Sandia,1220,5892,0.39586132760010007,99.60413867239988,Highly sparse,False,https://sparse.tamu.edu/MM/Sandia/fpga_dcop_23.tar.gz
1078,fpga_dcop_24,Sandia,1220,5892,0.39586132760010007,99.60413867239988,Highly sparse,False,https://sparse.tamu.edu/MM/Sandia/fpga_dcop_24.tar.gz
1079,fpga_dcop_25,Sandia,1220,5892,0.39586132760010007,99.60413867239988,Highly sparse,False,https://sparse.tamu.edu/MM/Sandia/fpga_dcop_25.tar.gz
1080,fpga_dcop_26,Sandia,1220,5892,0.39586132760010007,99.60413867239988,Highly sparse,False,https://sparse.tamu.edu/MM/Sandia/fpga_dcop_26.tar.gz
1081,fpga_dcop_27,Sandia,1220,5892,0.39586132760010007,99.60413867239988,Highly sparse,False,https://sparse.tamu.edu/MM/Sandia/fpga_dcop_27.tar.gz
1082,fpga_dcop_28,Sandia,1220,5892,0.39586132760010007,99.60413867239988,Highly sparse,False,https://sparse.tamu.edu/MM/Sandia/fpga_dcop_28.tar.gz
1083,fpga_dcop_29,Sandia,1220,5892,0.39586132760010007,99.60413867239988,Highly sparse,False,https://sparse.tamu.edu/MM/Sandia/fpga_dcop_29.tar.gz
1084,fpga_dcop_30,Sandia,1220,5892,0.39586132760010007,99.60413867239988,Highly sparse,False,https://sparse.tamu.edu/MM/Sandia/fpga_dcop_30.tar.gz
1085,fpga_dcop_31,Sandia,1220,5892,0.39586132760010007,99.60413867239988,Highly sparse,False,https://sparse.tamu.edu/MM/Sandia/fpga_dcop_31.tar.gz
1086,fpga_dcop_32,Sandia,1220,5892,0.39586132760010007,99.60413867239988,Highly sparse,True,https://sparse.tamu.edu/MM/Sandia/fpga_dcop_32.tar.gz
1087,fpga_dcop_33,Sandia,1220,5892,0.39586132760010007,99.60413867239988,Highly sparse,False,https://sparse.tamu.edu/MM/Sandia/fpga_dcop_33.tar.gz
1088,fpga_dcop_34,Sandia,1220,5892,0.39586132760010007,99.60413867239988,Highly sparse,False,https://sparse.tamu.edu/MM/Sandia/fpga_dcop_34.tar.gz
1089,fpga_dcop_35,Sandia,1220,5892,0.39586132760010007,99.60413867239988,Highly sparse,True,https://sparse.tamu.edu/MM/Sandia/fpga_dcop_35.tar.gz
1090,fpga_dcop_36,Sandia,1220,5892,0.39586132760010007,99.60413867239988,Highly sparse,False,https://sparse.tamu.edu/MM/Sandia/fpga_dcop_36.tar.gz
1091,fpga_dcop_37,Sandia,1220,5892,0.39586132760010007,99.60413867239988,Highly sparse,False,https://sparse.tamu.edu/MM/Sandia/fpga_dcop_37.tar.gz
1092,fpga_dcop_38,Sandia,1220,5892,0.39586132760010007,99.60413867239988,Highly sparse,False,https://sparse.tamu.edu/MM/Sandia/fpga_dcop_38.tar.gz
1093,fpga_dcop_39,Sandia,1220,5892,0.39586132760010007,99.60413867239988,Highly sparse,False,https://sparse.tamu.edu/MM/Sandia/fpga_dcop_39.tar.gz
1094,fpga_dcop_40,Sandia,1220,5892,0.39586132760010007,99.60413867239988,Highly sparse,False,https://sparse.tamu.edu/MM/Sandia/fpga_dcop_40.tar.gz
1095,fpga_dcop_41,Sandia,1220,5892,0.39586132760010007,99.60413867239988,Highly sparse,False,https://sparse.tamu.edu/MM/Sandia/fpga_dcop_41.tar.gz
1096,fpga_dcop_42,Sandia,1220,5892,0.39586132760010007,99.60413867239988,Highly sparse,False,https://sparse.tamu.edu/MM/Sandia/fpga_dcop_42.tar.gz
1097,fpga_dcop_43,Sandia,1220,5892,0.39586132760010007,99.60413867239988,Highly sparse,False,https://sparse.tamu.edu/MM/Sandia/fpga_dcop_43.tar.gz
1098,fpga_dcop_44,Sandia,1220,5892,0.39586132760010007,99.60413867239988,Highly sparse,False,https://sparse.tamu.edu/MM/Sandia/fpga_dcop_44.tar.gz
1099,fpga_dcop_45,Sandia,1220,5892,0.39586132760010007,99.60413867239988,Highly sparse,False,https://sparse.tamu.edu/MM/Sandia/fpga_dcop_45.tar.gz
1100,fpga_dcop_46,Sandia,1220,5892,0.39586132760010007,99.60413867239988,Highly sparse,False,https://sparse.tamu.edu/MM/Sandia/fpga_dcop_46.tar.gz
1101,fpga_dcop_47,Sandia,1220,5892,0.39586132760010007,99.60413867239988,Highly sparse,False,https://sparse.tamu.edu/MM/Sandia/fpga_dcop_47.tar.gz
1102,fpga_dcop_48,Sandia,1220,5892,0.39586132760010007,99.60413867239988,Highly sparse,True,https://sparse.tamu.edu/MM/Sandia/fpga_dcop_48.tar.gz
1103,fpga_dcop_49,Sandia,1220,5892,0.39586132760010007,99.60413867239988,Highly sparse,False,https://sparse.tamu.edu/MM/Sandia/fpga_dcop_49.tar.gz
1104,fpga_dcop_50,Sandia,1220,5892,0.39586132760010007,99.60413867239988,Highly sparse,False,https://sparse.tamu.edu/MM/Sandia/fpga_dcop_50.tar.gz
1105,fpga_dcop_51,Sandia,1220,5892,0.39586132760010007,99.60413867239988,Highly sparse,False,https://sparse.tamu.edu/MM/Sandia/fpga_dcop_51.tar.gz
1062,fpga_dcop_08,Sandia,1220,5888,0.39559258263907,99.60440741736092,Highly sparse,False,https://sparse.tamu.edu/MM/Sandia/fpga_dcop_08.tar.gz
1063,fpga_dcop_09,Sandia,1220,5888,0.39559258263907,99.60440741736092,Highly sparse,False,https://sparse.tamu.edu/MM/Sandia/fpga_dcop_09.tar.gz
2563,cz2548,CPM,2548,25674,0.39545283153715005,99.60454716846284,Highly sparse,False,https://sparse.tamu.edu/MM/CPM/cz2548.tar.gz
1058,fpga_dcop_04,Sandia,1220,5884,0.39532383767803997,99.60467616232197,Highly sparse,False,https://sparse.tamu.edu/MM/Sandia/fpga_dcop_04.tar.gz
1064,fpga_dcop_10,Sandia,1220,5884,0.39532383767803997,99.60467616232197,Highly sparse,True,https://sparse.tamu.edu/MM/Sandia/fpga_dcop_10.tar.gz
1060,fpga_dcop_06,Sandia,1220,5860,0.39371136791185,99.60628863208817,Highly sparse,False,https://sparse.tamu.edu/MM/Sandia/fpga_dcop_06.tar.gz
1061,fpga_dcop_07,Sandia,1220,5855,0.39337543671055997,99.60662456328944,Highly sparse,False,https://sparse.tamu.edu/MM/Sandia/fpga_dcop_07.tar.gz
1059,fpga_dcop_05,Sandia,1220,5852,0.39317387798978,99.60682612201022,Highly sparse,False,https://sparse.tamu.edu/MM/Sandia/fpga_dcop_05.tar.gz
248,shl_200,HB,663,1726,0.39265735299804994,99.60734264700196,Highly sparse,False,https://sparse.tamu.edu/MM/HB/shl_200.tar.gz
2729,reorientation_8,VDOL,3108,37894,0.39229107761925996,99.60770892238074,Highly sparse,False,https://sparse.tamu.edu/MM/VDOL/reorientation_8.tar.gz
249,shl_400,HB,663,1712,0.38947241502471,99.61052758497527,Highly sparse,False,https://sparse.tamu.edu/MM/HB/shl_400.tar.gz
813,olafu,Simon,16146,1015156,0.3894062247457,99.6105937752543,Highly sparse,False,https://sparse.tamu.edu/MM/Simon/olafu.tar.gz
2667,dynamicSoaringProblem_3,VDOL,2871,32022,0.38849198939998997,99.6115080106,Highly sparse,False,https://sparse.tamu.edu/MM/VDOL/dynamicSoaringProblem_3.tar.gz
1430,filter2D,Oberwolfach,1668,10750,0.38638154224821003,99.61361845775178,Highly sparse,False,https://sparse.tamu.edu/MM/Oberwolfach/filter2D.tar.gz
247,shl_0,HB,663,1687,0.38378502578662,99.61621497421338,Highly sparse,False,https://sparse.tamu.edu/MM/HB/shl_0.tar.gz
1913,cyl6,TKK,13681,714241,0.38160063686782997,99.61839936313216,Highly sparse,False,https://sparse.tamu.edu/MM/TKK/cyl6.tar.gz
1257,crankseg_1,GHS_psdef,52804,10614210,0.38067471480058,99.6193252851994,Highly sparse,False,https://sparse.tamu.edu/MM/GHS_psdef/crankseg_1.tar.gz
59,bcsstm04,HB,132,66,0.37878787878787,99.62121212121212,Highly sparse,False,https://sparse.tamu.edu/MM/HB/bcsstm04.tar.gz
1405,ted_A,Bindel,10605,424587,0.37752467911976,99.62247532088024,Highly sparse,False,https://sparse.tamu.edu/MM/Bindel/ted_A.tar.gz
1408,ted_A_unscaled,Bindel,10605,424587,0.37752467911976,99.62247532088024,Highly sparse,False,https://sparse.tamu.edu/MM/Bindel/ted_A_unscaled.tar.gz
240,saylr3,HB,1000,3750,0.375,99.625,Highly sparse,False,https://sparse.tamu.edu/MM/HB/saylr3.tar.gz
242,sherman1,HB,1000,3750,0.375,99.625,Highly sparse,False,https://sparse.tamu.edu/MM/HB/sherman1.tar.gz
1380,fxm3_6,Andrianov,5026,94026,0.37222281778999,99.62777718221,Highly sparse,False,https://sparse.tamu.edu/MM/Andrianov/fxm3_6.tar.gz
2522,data,DIMACS10,2851,30186,0.37137369019294003,99.62862630980706,Highly sparse,False,https://sparse.tamu.edu/MM/DIMACS10/data.tar.gz
1475,GD00_a,Pajek,352,458,0.36964101239669,99.6303589876033,Highly sparse,False,https://sparse.tamu.edu/MM/Pajek/GD00_a.tar.gz
1618,dwg961a,Bai,961,3405,0.36869762571722,99.63130237428275,Highly sparse,False,https://sparse.tamu.edu/MM/Bai/dwg961a.tar.gz
1340,Zd_Jac3,VanVelzen,22835,1915726,0.36739340962855,99.63260659037144,Highly sparse,False,https://sparse.tamu.edu/MM/VanVelzen/Zd_Jac3.tar.gz
2238,TSOPF_RS_b300_c2,TSOPF,28338,2943887,0.36659179787807,99.63340820212191,Highly sparse,False,https://sparse.tamu.edu/MM/TSOPF/TSOPF_RS_b300_c2.tar.gz
197,lshp1882,HB,1882,12904,0.36432176410335,99.63567823589663,Highly sparse,False,https://sparse.tamu.edu/MM/HB/lshp1882.tar.gz
1196,rajat12,Rajat,1879,12818,0.36305022232506,99.63694977767491,Highly sparse,False,https://sparse.tamu.edu/MM/Rajat/rajat12.tar.gz
1912,cbuckle,TKK,13681,676515,0.36144460322306,99.63855539677694,Highly sparse,False,https://sparse.tamu.edu/MM/TKK/cbuckle.tar.gz
270,west0989,HB,989,3518,0.35966920248108,99.64033079751891,Highly sparse,False,https://sparse.tamu.edu/MM/HB/west0989.tar.gz
1348,benzene,PARSEC,8219,242669,0.35923309465435,99.64076690534564,Highly sparse,False,https://sparse.tamu.edu/MM/PARSEC/benzene.tar.gz
2668,dynamicSoaringProblem_4,VDOL,3191,36516,0.35861594045694,99.64138405954304,Highly sparse,False,https://sparse.tamu.edu/MM/VDOL/dynamicSoaringProblem_4.tar.gz
39,bcsstk17,HB,10974,428650,0.35593682023042,99.64406317976956,Highly sparse,False,https://sparse.tamu.edu/MM/HB/bcsstk17.tar.gz
1391,net50,Andrianov,16320,945200,0.35488153594771,99.64511846405227,Highly sparse,False,https://sparse.tamu.edu/MM/Andrianov/net50.tar.gz
922,sinc18,Hohn,16428,948696,0.35152618513919,99.6484738148608,Highly sparse,False,https://sparse.tamu.edu/MM/Hohn/sinc18.tar.gz
2361,M10PI_n,Rommes,682,1633,0.35108917191974,99.64891082808025,Highly sparse,False,https://sparse.tamu.edu/MM/Rommes/M10PI_n.tar.gz
2369,S10PI_n,Rommes,682,1633,0.35108917191974,99.64891082808025,Highly sparse,False,https://sparse.tamu.edu/MM/Rommes/S10PI_n.tar.gz
451,b_dyn,Grund,1089,4144,0.34943305667072,99.65056694332928,Highly sparse,False,https://sparse.tamu.edu/MM/Grund/b_dyn.tar.gz
120,dwt_2680,HB,2680,25026,0.34843506348852,99.65156493651148,Highly sparse,True,https://sparse.tamu.edu/MM/HB/dwt_2680.tar.gz
2431,stufe,AG-Monien,1036,3736,0.34808664152293,99.65191335847706,Highly sparse,False,https://sparse.tamu.edu/MM/AG-Monien/stufe.tar.gz
1258,crankseg_2,GHS_psdef,63838,14148858,0.34718651072352,99.65281348927648,Highly sparse,False,https://sparse.tamu.edu/MM/GHS_psdef/crankseg_2.tar.gz
1544,c-25,Schenk_IBMNA,3797,49635,0.34427606619283,99.65572393380717,Highly sparse,False,https://sparse.tamu.edu/MM/Schenk_IBMNA/c-25.tar.gz
2669,dynamicSoaringProblem_5,VDOL,3271,36789,0.34384039315698,99.656159606843,Highly sparse,False,https://sparse.tamu.edu/MM/VDOL/dynamicSoaringProblem_5.tar.gz
985,adder_dcop_02,Sandia,1813,11246,0.34213891277952,99.65786108722048,Highly sparse,False,https://sparse.tamu.edu/MM/Sandia/adder_dcop_02.tar.gz
995,adder_dcop_12,Sandia,1813,11246,0.34213891277952,99.65786108722048,Highly sparse,False,https://sparse.tamu.edu/MM/Sandia/adder_dcop_12.tar.gz
997,adder_dcop_14,Sandia,1813,11246,0.34213891277952,99.65786108722048,Highly sparse,False,https://sparse.tamu.edu/MM/Sandia/adder_dcop_14.tar.gz
998,adder_dcop_15,Sandia,1813,11246,0.34213891277952,99.65786108722048,Highly sparse,False,https://sparse.tamu.edu/MM/Sandia/adder_dcop_15.tar.gz
999,adder_dcop_16,Sandia,1813,11246,0.34213891277952,99.65786108722048,Highly sparse,False,https://sparse.tamu.edu/MM/Sandia/adder_dcop_16.tar.gz
1000,adder_dcop_17,Sandia,1813,11246,0.34213891277952,99.65786108722048,Highly sparse,False,https://sparse.tamu.edu/MM/Sandia/adder_dcop_17.tar.gz
1001,adder_dcop_18,Sandia,1813,11246,0.34213891277952,99.65786108722048,Highly sparse,False,https://sparse.tamu.edu/MM/Sandia/adder_dcop_18.tar.gz
1003,adder_dcop_20,Sandia,1813,11246,0.34213891277952,99.65786108722048,Highly sparse,False,https://sparse.tamu.edu/MM/Sandia/adder_dcop_20.tar.gz
1004,adder_dcop_21,Sandia,1813,11246,0.34213891277952,99.65786108722048,Highly sparse,False,https://sparse.tamu.edu/MM/Sandia/adder_dcop_21.tar.gz
1005,adder_dcop_22,Sandia,1813,11246,0.34213891277952,99.65786108722048,Highly sparse,False,https://sparse.tamu.edu/MM/Sandia/adder_dcop_22.tar.gz
1006,adder_dcop_23,Sandia,1813,11246,0.34213891277952,99.65786108722048,Highly sparse,False,https://sparse.tamu.edu/MM/Sandia/adder_dcop_23.tar.gz
1007,adder_dcop_24,Sandia,1813,11246,0.34213891277952,99.65786108722048,Highly sparse,False,https://sparse.tamu.edu/MM/Sandia/adder_dcop_24.tar.gz
1008,adder_dcop_25,Sandia,1813,11246,0.34213891277952,99.65786108722048,Highly sparse,False,https://sparse.tamu.edu/MM/Sandia/adder_dcop_25.tar.gz
1009,adder_dcop_26,Sandia,1813,11246,0.34213891277952,99.65786108722048,Highly sparse,False,https://sparse.tamu.edu/MM/Sandia/adder_dcop_26.tar.gz
1010,adder_dcop_27,Sandia,1813,11246,0.34213891277952,99.65786108722048,Highly sparse,True,https://sparse.tamu.edu/MM/Sandia/adder_dcop_27.tar.gz
1011,adder_dcop_28,Sandia,1813,11246,0.34213891277952,99.65786108722048,Highly sparse,False,https://sparse.tamu.edu/MM/Sandia/adder_dcop_28.tar.gz
1012,adder_dcop_29,Sandia,1813,11246,0.34213891277952,99.65786108722048,Highly sparse,False,https://sparse.tamu.edu/MM/Sandia/adder_dcop_29.tar.gz
1013,adder_dcop_30,Sandia,1813,11246,0.34213891277952,99.65786108722048,Highly sparse,False,https://sparse.tamu.edu/MM/Sandia/adder_dcop_30.tar.gz
1014,adder_dcop_31,Sandia,1813,11246,0.34213891277952,99.65786108722048,Highly sparse,False,https://sparse.tamu.edu/MM/Sandia/adder_dcop_31.tar.gz
1015,adder_dcop_32,Sandia,1813,11246,0.34213891277952,99.65786108722048,Highly sparse,False,https://sparse.tamu.edu/MM/Sandia/adder_dcop_32.tar.gz
1016,adder_dcop_33,Sandia,1813,11246,0.34213891277952,99.65786108722048,Highly sparse,False,https://sparse.tamu.edu/MM/Sandia/adder_dcop_33.tar.gz
1017,adder_dcop_34,Sandia,1813,11246,0.34213891277952,99.65786108722048,Highly sparse,False,https://sparse.tamu.edu/MM/Sandia/adder_dcop_34.tar.gz
1018,adder_dcop_35,Sandia,1813,11246,0.34213891277952,99.65786108722048,Highly sparse,False,https://sparse.tamu.edu/MM/Sandia/adder_dcop_35.tar.gz
1019,adder_dcop_36,Sandia,1813,11246,0.34213891277952,99.65786108722048,Highly sparse,False,https://sparse.tamu.edu/MM/Sandia/adder_dcop_36.tar.gz
1020,adder_dcop_37,Sandia,1813,11246,0.34213891277952,99.65786108722048,Highly sparse,False,https://sparse.tamu.edu/MM/Sandia/adder_dcop_37.tar.gz
1021,adder_dcop_38,Sandia,1813,11246,0.34213891277952,99.65786108722048,Highly sparse,False,https://sparse.tamu.edu/MM/Sandia/adder_dcop_38.tar.gz
1022,adder_dcop_39,Sandia,1813,11246,0.34213891277952,99.65786108722048,Highly sparse,False,https://sparse.tamu.edu/MM/Sandia/adder_dcop_39.tar.gz
1023,adder_dcop_40,Sandia,1813,11246,0.34213891277952,99.65786108722048,Highly sparse,False,https://sparse.tamu.edu/MM/Sandia/adder_dcop_40.tar.gz
1024,adder_dcop_41,Sandia,1813,11246,0.34213891277952,99.65786108722048,Highly sparse,False,https://sparse.tamu.edu/MM/Sandia/adder_dcop_41.tar.gz
1025,adder_dcop_42,Sandia,1813,11246,0.34213891277952,99.65786108722048,Highly sparse,False,https://sparse.tamu.edu/MM/Sandia/adder_dcop_42.tar.gz
1026,adder_dcop_43,Sandia,1813,11246,0.34213891277952,99.65786108722048,Highly sparse,False,https://sparse.tamu.edu/MM/Sandia/adder_dcop_43.tar.gz
1028,adder_dcop_45,Sandia,1813,11246,0.34213891277952,99.65786108722048,Highly sparse,False,https://sparse.tamu.edu/MM/Sandia/adder_dcop_45.tar.gz
1029,adder_dcop_46,Sandia,1813,11246,0.34213891277952,99.65786108722048,Highly sparse,False,https://sparse.tamu.edu/MM/Sandia/adder_dcop_46.tar.gz
1030,adder_dcop_47,Sandia,1813,11246,0.34213891277952,99.65786108722048,Highly sparse,False,https://sparse.tamu.edu/MM/Sandia/adder_dcop_47.tar.gz
1031,adder_dcop_48,Sandia,1813,11246,0.34213891277952,99.65786108722048,Highly sparse,False,https://sparse.tamu.edu/MM/Sandia/adder_dcop_48.tar.gz
1032,adder_dcop_49,Sandia,1813,11246,0.34213891277952,99.65786108722048,Highly sparse,False,https://sparse.tamu.edu/MM/Sandia/adder_dcop_49.tar.gz
1033,adder_dcop_50,Sandia,1813,11246,0.34213891277952,99.65786108722048,Highly sparse,False,https://sparse.tamu.edu/MM/Sandia/adder_dcop_50.tar.gz
1034,adder_dcop_51,Sandia,1813,11246,0.34213891277952,99.65786108722048,Highly sparse,False,https://sparse.tamu.edu/MM/Sandia/adder_dcop_51.tar.gz
1035,adder_dcop_52,Sandia,1813,11246,0.34213891277952,99.65786108722048,Highly sparse,False,https://sparse.tamu.edu/MM/Sandia/adder_dcop_52.tar.gz
1036,adder_dcop_53,Sandia,1813,11246,0.34213891277952,99.65786108722048,Highly sparse,False,https://sparse.tamu.edu/MM/Sandia/adder_dcop_53.tar.gz
1037,adder_dcop_54,Sandia,1813,11246,0.34213891277952,99.65786108722048,Highly sparse,False,https://sparse.tamu.edu/MM/Sandia/adder_dcop_54.tar.gz
1038,adder_dcop_55,Sandia,1813,11246,0.34213891277952,99.65786108722048,Highly sparse,False,https://sparse.tamu.edu/MM/Sandia/adder_dcop_55.tar.gz
1039,adder_dcop_56,Sandia,1813,11246,0.34213891277952,99.65786108722048,Highly sparse,False,https://sparse.tamu.edu/MM/Sandia/adder_dcop_56.tar.gz
1040,adder_dcop_57,Sandia,1813,11246,0.34213891277952,99.65786108722048,Highly sparse,False,https://sparse.tamu.edu/MM/Sandia/adder_dcop_57.tar.gz
1041,adder_dcop_58,Sandia,1813,11246,0.34213891277952,99.65786108722048,Highly sparse,False,https://sparse.tamu.edu/MM/Sandia/adder_dcop_58.tar.gz
1042,adder_dcop_59,Sandia,1813,11246,0.34213891277952,99.65786108722048,Highly sparse,False,https://sparse.tamu.edu/MM/Sandia/adder_dcop_59.tar.gz
1043,adder_dcop_60,Sandia,1813,11246,0.34213891277952,99.65786108722048,Highly sparse,False,https://sparse.tamu.edu/MM/Sandia/adder_dcop_60.tar.gz
1044,adder_dcop_61,Sandia,1813,11246,0.34213891277952,99.65786108722048,Highly sparse,False,https://sparse.tamu.edu/MM/Sandia/adder_dcop_61.tar.gz
1045,adder_dcop_62,Sandia,1813,11246,0.34213891277952,99.65786108722048,Highly sparse,False,https://sparse.tamu.edu/MM/Sandia/adder_dcop_62.tar.gz
1046,adder_dcop_63,Sandia,1813,11246,0.34213891277952,99.65786108722048,Highly sparse,False,https://sparse.tamu.edu/MM/Sandia/adder_dcop_63.tar.gz
1047,adder_dcop_64,Sandia,1813,11246,0.34213891277952,99.65786108722048,Highly sparse,False,https://sparse.tamu.edu/MM/Sandia/adder_dcop_64.tar.gz
1048,adder_dcop_65,Sandia,1813,11246,0.34213891277952,99.65786108722048,Highly sparse,False,https://sparse.tamu.edu/MM/Sandia/adder_dcop_65.tar.gz
1049,adder_dcop_66,Sandia,1813,11246,0.34213891277952,99.65786108722048,Highly sparse,False,https://sparse.tamu.edu/MM/Sandia/adder_dcop_66.tar.gz
1050,adder_dcop_67,Sandia,1813,11246,0.34213891277952,99.65786108722048,Highly sparse,False,https://sparse.tamu.edu/MM/Sandia/adder_dcop_67.tar.gz
1051,adder_dcop_68,Sandia,1813,11246,0.34213891277952,99.65786108722048,Highly sparse,False,https://sparse.tamu.edu/MM/Sandia/adder_dcop_68.tar.gz
1052,adder_dcop_69,Sandia,1813,11246,0.34213891277952,99.65786108722048,Highly sparse,False,https://sparse.tamu.edu/MM/Sandia/adder_dcop_69.tar.gz
996,adder_dcop_13,Sandia,1813,11245,0.34210848961459,99.6578915103854,Highly sparse,False,https://sparse.tamu.edu/MM/Sandia/adder_dcop_13.tar.gz
1002,adder_dcop_19,Sandia,1813,11245,0.34210848961459,99.6578915103854,Highly sparse,False,https://sparse.tamu.edu/MM/Sandia/adder_dcop_19.tar.gz
1027,adder_dcop_44,Sandia,1813,11245,0.34210848961459,99.6578915103854,Highly sparse,False,https://sparse.tamu.edu/MM/Sandia/adder_dcop_44.tar.gz
994,adder_dcop_11,Sandia,1813,11243,0.34204764328473997,99.65795235671526,Highly sparse,False,https://sparse.tamu.edu/MM/Sandia/adder_dcop_11.tar.gz
991,adder_dcop_08,Sandia,1813,11242,0.34201722011981,99.6579827798802,Highly sparse,False,https://sparse.tamu.edu/MM/Sandia/adder_dcop_08.tar.gz
992,adder_dcop_09,Sandia,1813,11239,0.34192595062502,99.65807404937496,Highly sparse,False,https://sparse.tamu.edu/MM/Sandia/adder_dcop_09.tar.gz
993,adder_dcop_10,Sandia,1813,11232,0.34171298847053,99.65828701152948,Highly sparse,False,https://sparse.tamu.edu/MM/Sandia/adder_dcop_10.tar.gz
990,adder_dcop_07,Sandia,1813,11226,0.34153044948096,99.65846955051904,Highly sparse,False,https://sparse.tamu.edu/MM/Sandia/adder_dcop_07.tar.gz
989,adder_dcop_06,Sandia,1813,11224,0.3414696031511,99.65853039684887,Highly sparse,False,https://sparse.tamu.edu/MM/Sandia/adder_dcop_06.tar.gz
1483,GD06_Java,Pajek,1538,8032,0.3395557028617,99.6604442971383,Highly sparse,False,https://sparse.tamu.edu/MM/Pajek/GD06_Java.tar.gz
984,adder_dcop_01,Sandia,1813,11156,0.33940082793601,99.660599172064,Highly sparse,False,https://sparse.tamu.edu/MM/Sandia/adder_dcop_01.tar.gz
1108,init_adder1,Sandia,1813,11156,0.33940082793601,99.660599172064,Highly sparse,False,https://sparse.tamu.edu/MM/Sandia/init_adder1.tar.gz
986,adder_dcop_03,Sandia,1813,11148,0.33915744261658004,99.6608425573834,Highly sparse,True,https://sparse.tamu.edu/MM/Sandia/adder_dcop_03.tar.gz
1202,gyro_k,Oberwolfach,17361,1021159,0.33880038501505,99.66119961498497,Highly sparse,False,https://sparse.tamu.edu/MM/Oberwolfach/gyro_k.tar.gz
1435,gyro,Oberwolfach,17361,1021159,0.33880038501505,99.66119961498497,Highly sparse,False,https://sparse.tamu.edu/MM/Oberwolfach/gyro.tar.gz
987,adder_dcop_04,Sandia,1813,11107,0.33791009285454005,99.66208990714546,Highly sparse,False,https://sparse.tamu.edu/MM/Sandia/adder_dcop_04.tar.gz
988,adder_dcop_05,Sandia,1813,11097,0.33760586120526,99.66239413879474,Highly sparse,False,https://sparse.tamu.edu/MM/Sandia/adder_dcop_05.tar.gz
1331,Muu,MathWorks,7102,170134,0.33731043512003,99.66268956487995,Highly sparse,False,https://sparse.tamu.edu/MM/MathWorks/Muu.tar.gz
817,raefsky4,Simon,19779,1316789,0.33659489817101995,99.66340510182896,Highly sparse,False,https://sparse.tamu.edu/MM/Simon/raefsky4.tar.gz
259,watt_2,HB,1856,11550,0.33529419961355,99.66470580038644,Highly sparse,False,https://sparse.tamu.edu/MM/HB/watt_2.tar.gz
910,cage9,vanHeukelum,3534,41594,0.33304091965862,99.66695908034136,Highly sparse,False,https://sparse.tamu.edu/MM/vanHeukelum/cage9.tar.gz
816,raefsky3,Simon,21200,1488768,0.33124955500178,99.66875044499822,Highly sparse,False,https://sparse.tamu.edu/MM/Simon/raefsky3.tar.gz
258,watt_1,HB,1856,11360,0.32977853745541,99.6702214625446,Highly sparse,False,https://sparse.tamu.edu/MM/HB/watt_1.tar.gz
450,b2_ss,Grund,1089,3895,0.3284367171169,99.67156328288308,Highly sparse,False,https://sparse.tamu.edu/MM/Grund/b2_ss.tar.gz
1342,Zd_Jac6,VanVelzen,22835,1711557,0.32823836081131,99.67176163918867,Highly sparse,False,https://sparse.tamu.edu/MM/VanVelzen/Zd_Jac6.tar.gz
2676,freeFlyingRobot_4,VDOL,2358,18218,0.32765220594212,99.67234779405788,Highly sparse,False,https://sparse.tamu.edu/MM/VDOL/freeFlyingRobot_4.tar.gz
2373,pdb1HYS,Williams,36417,4344765,0.32761061045543,99.67238938954456,Highly sparse,False,https://sparse.tamu.edu/MM/Williams/pdb1HYS.tar.gz
81,blckhole,HB,2132,14872,0.32718619869125,99.67281380130876,Highly sparse,False,https://sparse.tamu.edu/MM/HB/blckhole.tar.gz
1868,viscoplastic1,Quaglino,4326,61166,0.32684139103216997,99.67315860896782,Highly sparse,False,https://sparse.tamu.edu/MM/Quaglino/viscoplastic1.tar.gz
1184,Pres_Poisson,ACUSIM,14822,715804,0.32582207344725,99.67417792655274,Highly sparse,False,https://sparse.tamu.edu/MM/ACUSIM/Pres_Poisson.tar.gz
1537,c-18,Schenk_IBMNA,2169,15145,0.32192164157293,99.67807835842709,Highly sparse,False,https://sparse.tamu.edu/MM/Schenk_IBMNA/c-18.tar.gz
1277,ship_001,DNVS,34920,3896496,0.31954039276815,99.68045960723184,Highly sparse,False,https://sparse.tamu.edu/MM/DNVS/ship_001.tar.gz
51,bcsstk29,HB,13992,619488,0.31642683346621003,99.68357316653378,Highly sparse,False,https://sparse.tamu.edu/MM/HB/bcsstk29.tar.gz
1338,Zd_Jac2,VanVelzen,22835,1642407,0.31497693706082996,99.68502306293917,Highly sparse,False,https://sparse.tamu.edu/MM/VanVelzen/Zd_Jac2.tar.gz
1,1138_bus,HB,1138,4054,0.31303955695713,99.68696044304286,Highly sparse,False,https://sparse.tamu.edu/MM/HB/1138_bus.tar.gz
2670,dynamicSoaringProblem_6,VDOL,3431,36741,0.31211133151615,99.68788866848384,Highly sparse,False,https://sparse.tamu.edu/MM/VDOL/dynamicSoaringProblem_6.tar.gz
245,sherman4,HB,1104,3786,0.31062933207309,99.68937066792692,Highly sparse,False,https://sparse.tamu.edu/MM/HB/sherman4.tar.gz
198,lshp2233,HB,2233,15337,0.30758345535125997,99.69241654464874,Highly sparse,False,https://sparse.tamu.edu/MM/HB/lshp2233.tar.gz
842,k3plates,Cunningham,11107,378927,0.30715812496252004,99.69284187503747,Highly sparse,True,https://sparse.tamu.edu/MM/Cunningham/k3plates.tar.gz
2671,dynamicSoaringProblem_7,VDOL,3511,37680,0.30566747904883,99.69433252095116,Highly sparse,False,https://sparse.tamu.edu/MM/VDOL/dynamicSoaringProblem_7.tar.gz
2821,Goodwin_030,Goodwin,10142,312814,0.30411578966566,99.69588421033431,Highly sparse,False,https://sparse.tamu.edu/MM/Goodwin/Goodwin_030.tar.gz
2672,dynamicSoaringProblem_8,VDOL,3543,38136,0.30380354292479,99.6961964570752,Highly sparse,False,https://sparse.tamu.edu/MM/VDOL/dynamicSoaringProblem_8.tar.gz
1336,std1_Jac3,VanVelzen,21982,1455374,0.30118976178895,99.69881023821104,Highly sparse,False,https://sparse.tamu.edu/MM/VanVelzen/std1_Jac3.tar.gz
1359,Si10H16,PARSEC,17077,875923,0.30036046870488,99.69963953129512,Highly sparse,False,https://sparse.tamu.edu/MM/PARSEC/Si10H16.tar.gz
1637,tols1090,Bai,1090,3546,0.29845972561232004,99.70154027438768,Highly sparse,False,https://sparse.tamu.edu/MM/Bai/tols1090.tar.gz
2677,freeFlyingRobot_5,VDOL,2878,24582,0.29678068653382,99.70321931346618,Highly sparse,False,https://sparse.tamu.edu/MM/VDOL/freeFlyingRobot_5.tar.gz
1259,crplat2,DNVS,18010,960946,0.29625900349642004,99.70374099650356,Highly sparse,False,https://sparse.tamu.edu/MM/DNVS/crplat2.tar.gz
2466,delaunay_n11,DIMACS10,2048,12254,0.29215812683105,99.70784187316896,Highly sparse,False,https://sparse.tamu.edu/MM/DIMACS10/delaunay_n11.tar.gz
1186,rajat02,Rajat,1960,11187,0.29120678883797996,99.70879321116202,Highly sparse,False,https://sparse.tamu.edu/MM/Rajat/rajat02.tar.gz
739,lhr07c,Mallya,7337,156508,0.29073646357957,99.70926353642042,Highly sparse,False,https://sparse.tamu.edu/MM/Mallya/lhr07c.tar.gz
227,orsreg_1,HB,2205,14133,0.29068135190584,99.70931864809415,Highly sparse,False,https://sparse.tamu.edu/MM/HB/orsreg_1.tar.gz
426,ex29,FIDAP,2870,23754,0.2883851934587,99.71161480654128,Highly sparse,False,https://sparse.tamu.edu/MM/FIDAP/ex29.tar.gz
1452,windscreen,Oberwolfach,22692,1482390,0.28788360127196,99.71211639872804,Highly sparse,False,https://sparse.tamu.edu/MM/Oberwolfach/windscreen.tar.gz
738,lhr07,Mallya,7337,154660,0.28730353373129003,99.7126964662687,Highly sparse,False,https://sparse.tamu.edu/MM/Mallya/lhr07.tar.gz
352,crystk03,Boeing,24696,1751178,0.28712900079741,99.71287099920258,Highly sparse,False,https://sparse.tamu.edu/MM/Boeing/crystk03.tar.gz
367,pcrystk03,Boeing,24696,1751178,0.28712900079741,99.71287099920258,Highly sparse,False,https://sparse.tamu.edu/MM/Boeing/pcrystk03.tar.gz
331,rdb2048,Bai,2048,12032,0.286865234375,99.713134765625,Highly sparse,False,https://sparse.tamu.edu/MM/Bai/rdb2048.tar.gz
1632,rdb2048_noL,Bai,2048,12032,0.286865234375,99.713134765625,Highly sparse,False,https://sparse.tamu.edu/MM/Bai/rdb2048_noL.tar.gz
1378,Sieber,MathWorks,2290,14873,0.28361396617150003,99.7163860338285,Highly sparse,False,https://sparse.tamu.edu/MM/MathWorks/Sieber.tar.gz
1392,net75,Andrianov,23120,1489200,0.27859759820883,99.72140240179117,Highly sparse,False,https://sparse.tamu.edu/MM/Andrianov/net75.tar.gz
1626,qh1484,Bai,1484,6110,0.27744276777994,99.72255723222004,Highly sparse,False,https://sparse.tamu.edu/MM/Bai/qh1484.tar.gz
1346,rajat19,Rajat,1157,3699,0.27632336781337,99.72367663218662,Highly sparse,False,https://sparse.tamu.edu/MM/Rajat/rajat19.tar.gz
1550,c-31,Schenk_IBMNA,5339,78571,0.27564012543658,99.72435987456342,Highly sparse,False,https://sparse.tamu.edu/MM/Schenk_IBMNA/c-31.tar.gz
893,lung1,Norris,1650,7419,0.27250688705234,99.72749311294766,Highly sparse,False,https://sparse.tamu.edu/MM/Norris/lung1.tar.gz
2225,TSOPF_FS_b300_c2,TSOPF,56814,8767466,0.27162100795701,99.728378992043,Highly sparse,False,https://sparse.tamu.edu/MM/TSOPF/TSOPF_FS_b300_c2.tar.gz
2655,LeGresley_2508,LeGresley,2508,16727,0.26592734191575,99.73407265808424,Highly sparse,False,https://sparse.tamu.edu/MM/LeGresley/LeGresley_2508.tar.gz
199,lshp2614,HB,2614,17980,0.2631349411005,99.7368650588995,Highly sparse,False,https://sparse.tamu.edu/MM/HB/lshp2614.tar.gz
230,plsk1919,HB,1919,9662,0.26237175704625,99.73762824295376,Highly sparse,False,https://sparse.tamu.edu/MM/HB/plsk1919.tar.gz
733,pli,Li,22695,1350309,0.26216383907581,99.7378361609242,Highly sparse,False,https://sparse.tamu.edu/MM/Li/pli.tar.gz
1540,c-21,Schenk_IBMNA,3509,32145,0.26106382310000004,99.7389361769,Highly sparse,False,https://sparse.tamu.edu/MM/Schenk_IBMNA/c-21.tar.gz
1334,std1_Jac2,VanVelzen,21982,1248213,0.25831777682703,99.74168222317296,Highly sparse,False,https://sparse.tamu.edu/MM/VanVelzen/std1_Jac2.tar.gz
2233,TSOPF_RS_b162_c3,TSOPF,15374,610299,0.25820753096011,99.74179246903988,Highly sparse,False,https://sparse.tamu.edu/MM/TSOPF/TSOPF_RS_b162_c3.tar.gz
1476,GD00_c,Pajek,638,1041,0.25574630752449,99.74425369247552,Highly sparse,False,https://sparse.tamu.edu/MM/Pajek/GD00_c.tar.gz
2880,optdigits_10NN,ML_Graph,5620,79650,0.25218145666848,99.74781854333152,Highly sparse,False,https://sparse.tamu.edu/MM/ML_Graph/optdigits_10NN.tar.gz
18,bcspwr06,HB,1454,5300,0.25069579909522,99.74930420090476,Highly sparse,False,https://sparse.tamu.edu/MM/HB/bcspwr06.tar.gz
317,odepb400,Bai,400,399,0.24937499999999999,99.750625,Highly sparse,False,https://sparse.tamu.edu/MM/Bai/odepb400.tar.gz
2239,TSOPF_RS_b300_c3,TSOPF,42138,4413449,0.24855944745971,99.75144055254027,Highly sparse,True,https://sparse.tamu.edu/MM/TSOPF/TSOPF_RS_b300_c3.tar.gz
1533,yeast,Pajek,2361,13828,0.24806608733153,99.75193391266846,Highly sparse,True,https://sparse.tamu.edu/MM/Pajek/yeast.tar.gz
931,sme3Db,FEMLAB,29067,2081063,0.24631156665796003,99.75368843334203,Highly sparse,False,https://sparse.tamu.edu/MM/FEMLAB/sme3Db.tar.gz
52,bcsstk30,HB,28924,2043492,0.24426218412514,99.75573781587484,Highly sparse,False,https://sparse.tamu.edu/MM/HB/bcsstk30.tar.gz
287,epb0,Averous,1794,7764,0.24123518379734,99.75876481620264,Highly sparse,False,https://sparse.tamu.edu/MM/Averous/epb0.tar.gz
309,dw1024,Bai,2048,10114,0.24113655090332,99.75886344909668,Highly sparse,False,https://sparse.tamu.edu/MM/Bai/dw1024.tar.gz
1614,dw2048,Bai,2048,10114,0.24113655090332,99.75886344909668,Highly sparse,False,https://sparse.tamu.edu/MM/Bai/dw2048.tar.gz
1379,ex3sta1,Andrianov,16782,678998,0.24109103509257,99.75890896490742,Highly sparse,False,https://sparse.tamu.edu/MM/Andrianov/ex3sta1.tar.gz
2358,M20PI_n1,Rommes,1028,2547,0.24101424699844,99.75898575300155,Highly sparse,False,https://sparse.tamu.edu/MM/Rommes/M20PI_n1.tar.gz
2366,S20PI_n1,Rommes,1028,2547,0.24101424699844,99.75898575300155,Highly sparse,False,https://sparse.tamu.edu/MM/Rommes/S20PI_n1.tar.gz
2678,freeFlyingRobot_6,VDOL,3358,27030,0.23970917769553002,99.76029082230448,Highly sparse,False,https://sparse.tamu.edu/MM/VDOL/freeFlyingRobot_6.tar.gz
1539,c-20,Schenk_IBMNA,2921,20445,0.23962051704821,99.76037948295178,Highly sparse,False,https://sparse.tamu.edu/MM/Schenk_IBMNA/c-20.tar.gz
271,west1505,HB,1505,5414,0.23902605931501003,99.76097394068498,Highly sparse,False,https://sparse.tamu.edu/MM/HB/west1505.tar.gz
1436,inlet,Oberwolfach,11730,328323,0.2386191438657,99.7613808561343,Highly sparse,False,https://sparse.tamu.edu/MM/Oberwolfach/inlet.tar.gz
61,bcsstm06,HB,420,420,0.23809523809523,99.76190476190476,Highly sparse,False,https://sparse.tamu.edu/MM/HB/bcsstm06.tar.gz
826,utm5940,TOKAMAK,5940,83842,0.23762314503055,99.76237685496945,Highly sparse,False,https://sparse.tamu.edu/MM/TOKAMAK/utm5940.tar.gz
522,G58,Gset,5000,59140,0.23656,99.76344,Highly sparse,False,https://sparse.tamu.edu/MM/Gset/G58.tar.gz
523,G59,Gset,5000,59140,0.23656,99.76344,Highly sparse,False,https://sparse.tamu.edu/MM/Gset/G59.tar.gz
732,li,Li,22695,1215181,0.23592860310638,99.7640713968936,Highly sparse,False,https://sparse.tamu.edu/MM/Li/li.tar.gz
2697,kineticBatchReactor_2,VDOL,4361,44840,0.23577265311696002,99.76422734688305,Highly sparse,False,https://sparse.tamu.edu/MM/VDOL/kineticBatchReactor_2.tar.gz
1385,mip1,Andrianov,66463,10352819,0.23436823002087,99.76563176997912,Highly sparse,False,https://sparse.tamu.edu/MM/Andrianov/mip1.tar.gz
1549,c-30,Schenk_IBMNA,5321,65693,0.23202382252051,99.76797617747948,Highly sparse,False,https://sparse.tamu.edu/MM/Schenk_IBMNA/c-30.tar.gz
20,bcspwr08,HB,1624,6050,0.22939467106699,99.770605328933,Highly sparse,False,https://sparse.tamu.edu/MM/HB/bcspwr08.tar.gz
539,add20,Hamm,2395,13151,0.22927026991688,99.77072973008312,Highly sparse,False,https://sparse.tamu.edu/MM/Hamm/add20.tar.gz
457,bayer06,Grund,3008,20715,0.22894400393277,99.77105599606725,Highly sparse,False,https://sparse.tamu.edu/MM/Grund/bayer06.tar.gz
459,bayer08,Grund,3008,20698,0.22875611843594001,99.77124388156405,Highly sparse,False,https://sparse.tamu.edu/MM/Grund/bayer08.tar.gz
376,coater2,Brethour,9540,207308,0.22778195306971,99.77221804693028,Highly sparse,False,https://sparse.tamu.edu/MM/Brethour/coater2.tar.gz
200,lshp3025,HB,3025,20833,0.22766750904991997,99.77233249095006,Highly sparse,False,https://sparse.tamu.edu/MM/HB/lshp3025.tar.gz
1386,net100,Andrianov,29920,2033200,0.22712080700047999,99.77287919299953,Highly sparse,False,https://sparse.tamu.edu/MM/Andrianov/net100.tar.gz
830,wang1,Wang,2903,19093,0.2265583644985,99.7734416355015,Highly sparse,False,https://sparse.tamu.edu/MM/Wang/wang1.tar.gz
831,wang2,Wang,2903,19093,0.2265583644985,99.7734416355015,Highly sparse,False,https://sparse.tamu.edu/MM/Wang/wang2.tar.gz
1494,GD97_c,Pajek,452,460,0.22515467146996,99.77484532853003,Highly sparse,False,https://sparse.tamu.edu/MM/Pajek/GD97_c.tar.gz
19,bcspwr07,HB,1612,5824,0.22412551028576003,99.77587448971424,Highly sparse,False,https://sparse.tamu.edu/MM/HB/bcspwr07.tar.gz
1643,mixtank_new,POLYFLOW,29957,1990919,0.22184873281372,99.77815126718627,Highly sparse,True,https://sparse.tamu.edu/MM/POLYFLOW/mixtank_new.tar.gz
545,g7jac010,Hollinger,2880,18229,0.21977478780864,99.78022521219135,Highly sparse,False,https://sparse.tamu.edu/MM/Hollinger/g7jac010.tar.gz
546,g7jac010sc,Hollinger,2880,18229,0.21977478780864,99.78022521219135,Highly sparse,False,https://sparse.tamu.edu/MM/Hollinger/g7jac010sc.tar.gz
21,bcspwr09,HB,1723,6511,0.21931944613334,99.78068055386665,Highly sparse,False,https://sparse.tamu.edu/MM/HB/bcspwr09.tar.gz
1866,Chebyshev3,Muite,4101,36879,0.21928029044247,99.78071970955752,Highly sparse,False,https://sparse.tamu.edu/MM/Muite/Chebyshev3.tar.gz
2401,netscience,Newman,1589,5484,0.21719491421710999,99.78280508578288,Highly sparse,True,https://sparse.tamu.edu/MM/Newman/netscience.tar.gz
1512,ODLIS,Pajek,2909,18246,0.21561562420344998,99.78438437579656,Highly sparse,False,https://sparse.tamu.edu/MM/Pajek/ODLIS.tar.gz
414,ex18,FIDAP,5773,71701,0.21514046240871001,99.78485953759127,Highly sparse,False,https://sparse.tamu.edu/MM/FIDAP/ex18.tar.gz
341,bcsstk36,Boeing,23052,1143140,0.21512069868125,99.78487930131874,Highly sparse,False,https://sparse.tamu.edu/MM/Boeing/bcsstk36.tar.gz
362,msc23052,Boeing,23052,1142686,0.215035263129,99.784964736871,Highly sparse,False,https://sparse.tamu.edu/MM/Boeing/msc23052.tar.gz
900,shermanACa,Shen,3432,25220,0.21411669138941,99.78588330861058,Highly sparse,False,https://sparse.tamu.edu/MM/Shen/shermanACa.tar.gz
536,gupta1,Gupta,31802,2164210,0.21398854851535998,99.78601145148464,Highly sparse,False,https://sparse.tamu.edu/MM/Gupta/gupta1.tar.gz
1543,c-24,Schenk_IBMNA,4119,35699,0.21041295081427,99.78958704918573,Highly sparse,False,https://sparse.tamu.edu/MM/Schenk_IBMNA/c-24.tar.gz
413,ex15,FIDAP,6867,98671,0.20924516658,99.79075483342,Highly sparse,False,https://sparse.tamu.edu/MM/FIDAP/ex15.tar.gz
828,swang1,Wang,3169,20841,0.20752674541882002,99.79247325458118,Highly sparse,False,https://sparse.tamu.edu/MM/Wang/swang1.tar.gz
829,swang2,Wang,3169,20841,0.20752674541882002,99.79247325458118,Highly sparse,False,https://sparse.tamu.edu/MM/Wang/swang2.tar.gz
1206,t2dal_a,Oberwolfach,4257,37465,0.20673710792857,99.79326289207144,Highly sparse,False,https://sparse.tamu.edu/MM/Oberwolfach/t2dal_a.tar.gz
1448,t2dal_bci,Oberwolfach,4257,37465,0.20673710792857,99.79326289207144,Highly sparse,False,https://sparse.tamu.edu/MM/Oberwolfach/t2dal_bci.tar.gz
1449,t2dal,Oberwolfach,4257,37465,0.20673710792857,99.79326289207144,Highly sparse,False,https://sparse.tamu.edu/MM/Oberwolfach/t2dal.tar.gz
2362,M20PI_n,Rommes,1182,2881,0.20620932716065,99.79379067283936,Highly sparse,False,https://sparse.tamu.edu/MM/Rommes/M20PI_n.tar.gz
2370,S20PI_n,Rommes,1182,2881,0.20620932716065,99.79379067283936,Highly sparse,False,https://sparse.tamu.edu/MM/Rommes/S20PI_n.tar.gz
70,bcsstm20,HB,485,485,0.2061855670103,99.79381443298968,Highly sparse,False,https://sparse.tamu.edu/MM/HB/bcsstm20.tar.gz
2698,kineticBatchReactor_3,VDOL,5082,53219,0.20606175216028,99.79393824783972,Highly sparse,False,https://sparse.tamu.edu/MM/VDOL/kineticBatchReactor_3.tar.gz
43,bcsstk21,HB,3600,26600,0.20524691358024,99.79475308641976,Highly sparse,False,https://sparse.tamu.edu/MM/HB/bcsstk21.tar.gz
741,lhr10c,Mallya,10672,232633,0.20425828830336998,99.79574171169662,Highly sparse,False,https://sparse.tamu.edu/MM/Mallya/lhr10c.tar.gz
445,garon2,Garon,13535,373235,0.20373509334047998,99.79626490665952,Highly sparse,False,https://sparse.tamu.edu/MM/Garon/garon2.tar.gz
250,sstmodel,HB,3345,22749,0.20331530227164002,99.79668469772837,Highly sparse,False,https://sparse.tamu.edu/MM/HB/sstmodel.tar.gz
2423,ukerbe1_dual,AG-Monien,1866,7076,0.2032191101783,99.7967808898217,Highly sparse,False,https://sparse.tamu.edu/MM/AG-Monien/ukerbe1_dual.tar.gz
2679,freeFlyingRobot_7,VDOL,3918,31046,0.20224453257057998,99.7977554674294,Highly sparse,False,https://sparse.tamu.edu/MM/VDOL/freeFlyingRobot_7.tar.gz
847,pkustk01,Chen,22044,979380,0.20154425646652002,99.79845574353348,Highly sparse,False,https://sparse.tamu.edu/MM/Chen/pkustk01.tar.gz
1541,c-22,Schenk_IBMNA,3792,28870,0.20077522743862003,99.79922477256136,Highly sparse,False,https://sparse.tamu.edu/MM/Schenk_IBMNA/c-22.tar.gz
740,lhr10,Mallya,10672,228395,0.20053720562881,99.79946279437118,Highly sparse,False,https://sparse.tamu.edu/MM/Mallya/lhr10.tar.gz
494,G32,Gset,2000,8000,0.2,99.8,Highly sparse,True,https://sparse.tamu.edu/MM/Gset/G32.tar.gz
495,G33,Gset,2000,8000,0.2,99.8,Highly sparse,False,https://sparse.tamu.edu/MM/Gset/G33.tar.gz
496,G34,Gset,2000,8000,0.2,99.8,Highly sparse,False,https://sparse.tamu.edu/MM/Gset/G34.tar.gz
299,bwm2000,Bai,2000,7996,0.1999,99.8001,Highly sparse,False,https://sparse.tamu.edu/MM/Bai/bwm2000.tar.gz
320,olm2000,Bai,2000,7996,0.1999,99.8001,Highly sparse,False,https://sparse.tamu.edu/MM/Bai/olm2000.tar.gz
447,rim,Goodwin,22560,1014951,0.19941916119661,99.80058083880336,Highly sparse,False,https://sparse.tamu.edu/MM/Goodwin/rim.tar.gz
201,lshp3466,HB,3466,23896,0.19891525590777,99.80108474409222,Highly sparse,False,https://sparse.tamu.edu/MM/HB/lshp3466.tar.gz
379,vibrobox,Cote,12328,301700,0.19851350560348,99.80148649439651,Highly sparse,False,https://sparse.tamu.edu/MM/Cote/vibrobox.tar.gz
1613,cryg2500,Bai,2500,12349,0.197584,99.802416,Highly sparse,False,https://sparse.tamu.edu/MM/Bai/cryg2500.tar.gz
1542,c-23,Schenk_IBMNA,3969,31079,0.19728989362698,99.802710106373,Highly sparse,False,https://sparse.tamu.edu/MM/Schenk_IBMNA/c-23.tar.gz
2564,cz5108,CPM,5108,51412,0.19704377612711002,99.80295622387288,Highly sparse,False,https://sparse.tamu.edu/MM/CPM/cz5108.tar.gz
458,bayer07,Grund,3268,20963,0.19628600621133,99.80371399378866,Highly sparse,False,https://sparse.tamu.edu/MM/Grund/bayer07.tar.gz
2234,TSOPF_RS_b162_c4,TSOPF,20374,812749,0.19579601127127003,99.80420398872872,Highly sparse,False,https://sparse.tamu.edu/MM/TSOPF/TSOPF_RS_b162_c4.tar.gz
743,lhr11c,Mallya,10964,233741,0.19444502861076,99.80555497138924,Highly sparse,False,https://sparse.tamu.edu/MM/Mallya/lhr11c.tar.gz
1914,tube1,TKK,21498,897056,0.19409906272146,99.80590093727854,Highly sparse,True,https://sparse.tamu.edu/MM/TKK/tube1.tar.gz
1915,tube2,TKK,21498,897056,0.19409906272146,99.80590093727854,Highly sparse,False,https://sparse.tamu.edu/MM/TKK/tube2.tar.gz
1642,invextr1_new,POLYFLOW,30412,1793881,0.19395619982137,99.80604380017864,Highly sparse,False,https://sparse.tamu.edu/MM/POLYFLOW/invextr1_new.tar.gz
456,bayer05,Grund,3268,20712,0.1939357802151,99.8060642197849,Highly sparse,False,https://sparse.tamu.edu/MM/Grund/bayer05.tar.gz
927,poisson3Da,FEMLAB,13514,352762,0.19315856353309,99.80684143646693,Highly sparse,False,https://sparse.tamu.edu/MM/FEMLAB/poisson3Da.tar.gz
742,lhr11,Mallya,10964,231806,0.19283533612907,99.80716466387092,Highly sparse,False,https://sparse.tamu.edu/MM/Mallya/lhr11.tar.gz
1387,net125,Andrianov,36720,2577200,0.19113612523197998,99.80886387476802,Highly sparse,True,https://sparse.tamu.edu/MM/Andrianov/net125.tar.gz
792,aft02,Okunbor,8184,127762,0.19075259739577,99.80924740260424,Highly sparse,False,https://sparse.tamu.edu/MM/Okunbor/aft02.tar.gz
2222,TSOPF_FS_b162_c3,TSOPF,30798,1801300,0.18990702035047,99.81009297964953,Highly sparse,False,https://sparse.tamu.edu/MM/TSOPF/TSOPF_FS_b162_c3.tar.gz
246,sherman5,HB,3312,20793,0.18955554680389,99.81044445319613,Highly sparse,False,https://sparse.tamu.edu/MM/HB/sherman5.tar.gz
1363,Si5H12,PARSEC,19896,738598,0.1865849380995,99.81341506190049,Highly sparse,False,https://sparse.tamu.edu/MM/PARSEC/Si5H12.tar.gz
791,aft01,Okunbor,8205,125567,0.18651696825815,99.81348303174184,Highly sparse,False,https://sparse.tamu.edu/MM/Okunbor/aft01.tar.gz
1545,c-26,Schenk_IBMNA,4307,34537,0.18618078927134,99.81381921072864,Highly sparse,False,https://sparse.tamu.edu/MM/Schenk_IBMNA/c-26.tar.gz
899,e40r0100,Shen,17281,553562,0.18536533882473,99.81463466117526,Highly sparse,False,https://sparse.tamu.edu/MM/Shen/e40r0100.tar.gz
1633,rdb3200l,Bai,3200,18880,0.18437499999999998,99.815625,Highly sparse,False,https://sparse.tamu.edu/MM/Bai/rdb3200l.tar.gz
2226,TSOPF_FS_b300_c3,TSOPF,84414,13135930,0.18434521339087,99.81565478660912,Highly sparse,False,https://sparse.tamu.edu/MM/TSOPF/TSOPF_FS_b300_c3.tar.gz
2680,freeFlyingRobot_8,VDOL,4398,34958,0.18073244670104002,99.81926755329896,Highly sparse,False,https://sparse.tamu.edu/MM/VDOL/freeFlyingRobot_8.tar.gz
415,ex19,FIDAP,12005,259577,0.18011168121848,99.81988831878152,Highly sparse,False,https://sparse.tamu.edu/MM/FIDAP/ex19.tar.gz
272,west2021,HB,2021,7310,0.17897185930706,99.82102814069292,Highly sparse,False,https://sparse.tamu.edu/MM/HB/west2021.tar.gz
1623,mhd3200b,Bai,3200,18316,0.1788671875,99.8211328125,Highly sparse,False,https://sparse.tamu.edu/MM/Bai/mhd3200b.tar.gz
2827,ACTIVSg2000,TAMU_SmartGridCenter,4000,28505,0.17815625,99.82184375,Highly sparse,False,https://sparse.tamu.edu/MM/TAMU_SmartGridCenter/ACTIVSg2000.tar.gz
241,saylr4,HB,3564,22316,0.17568754007211998,99.82431245992788,Highly sparse,False,https://sparse.tamu.edu/MM/HB/saylr4.tar.gz
342,bcsstk37,Boeing,25503,1140977,0.17542615643095,99.82457384356904,Highly sparse,False,https://sparse.tamu.edu/MM/Boeing/bcsstk37.tar.gz
2681,freeFlyingRobot_9,VDOL,4778,39964,0.17505586246156002,99.82494413753844,Highly sparse,False,https://sparse.tamu.edu/MM/VDOL/freeFlyingRobot_9.tar.gz
2822,Goodwin_040,Goodwin,17922,561677,0.17486934946971,99.82513065053028,Highly sparse,False,https://sparse.tamu.edu/MM/Goodwin/Goodwin_040.tar.gz
1548,c-29,Schenk_IBMNA,5033,43731,0.17263766275504,99.82736233724496,Highly sparse,False,https://sparse.tamu.edu/MM/Schenk_IBMNA/c-29.tar.gz
932,sme3Dc,FEMLAB,42930,3148656,0.17084545836485002,99.82915454163516,Highly sparse,False,https://sparse.tamu.edu/MM/FEMLAB/sme3Dc.tar.gz
528,G63,Gset,7000,82918,0.16922040816326,99.83077959183674,Highly sparse,False,https://sparse.tamu.edu/MM/Gset/G63.tar.gz
529,G64,Gset,7000,82918,0.16922040816326,99.83077959183674,Highly sparse,False,https://sparse.tamu.edu/MM/Gset/G64.tar.gz
2790,soc-sign-bitcoin-alpha,SNAP,3783,24186,0.16900181390808,99.83099818609192,Highly sparse,False,https://sparse.tamu.edu/MM/SNAP/soc-sign-bitcoin-alpha.tar.gz
1517,Reuters911,Pajek,13332,296076,0.16657606354694002,99.83342393645304,Highly sparse,False,https://sparse.tamu.edu/MM/Pajek/Reuters911.tar.gz
324,pde2961,Bai,2961,14585,0.16635260981981,99.8336473901802,Highly sparse,False,https://sparse.tamu.edu/MM/Bai/pde2961.tar.gz
354,crystm02,Boeing,13965,322905,0.16557428556814,99.83442571443184,Highly sparse,False,https://sparse.tamu.edu/MM/Boeing/crystm02.tar.gz
1388,net150,Andrianov,43520,3121200,0.164794921875,99.835205078125,Highly sparse,False,https://sparse.tamu.edu/MM/Andrianov/net150.tar.gz
2298,ca-HepPh,SNAP,12008,237010,0.16437104333287,99.83562895666714,Highly sparse,False,https://sparse.tamu.edu/MM/SNAP/ca-HepPh.tar.gz
189,lns_3937,HB,3937,25407,0.16391645686517,99.83608354313482,Highly sparse,False,https://sparse.tamu.edu/MM/HB/lns_3937.tar.gz
191,lnsp3937,HB,3937,25407,0.16391645686517,99.83608354313482,Highly sparse,False,https://sparse.tamu.edu/MM/HB/lnsp3937.tar.gz
2707,lowThrust_3,VDOL,7064,80645,0.16161291553427,99.83838708446572,Highly sparse,False,https://sparse.tamu.edu/MM/VDOL/lowThrust_3.tar.gz
2814,windtunnel_evap2d,Grueninger,8256,109368,0.16045413061114,99.83954586938886,Highly sparse,False,https://sparse.tamu.edu/MM/Grueninger/windtunnel_evap2d.tar.gz
851,pkustk05,Chen,37164,2205144,0.15965850272884,99.84034149727115,Highly sparse,False,https://sparse.tamu.edu/MM/Chen/pkustk05.tar.gz
1352,Ga3As3H12,PARSEC,61349,5970947,0.15864567621502,99.84135432378496,Highly sparse,False,https://sparse.tamu.edu/MM/PARSEC/Ga3As3H12.tar.gz
340,bcsstk35,Boeing,30237,1450163,0.15861323407194,99.84138676592804,Highly sparse,False,https://sparse.tamu.edu/MM/Boeing/bcsstk35.tar.gz
2868,Fashion_MNIST_norm_10NN,ML_Graph,10000,158304,0.158304,99.841696,Highly sparse,False,https://sparse.tamu.edu/MM/ML_Graph/Fashion_MNIST_norm_10NN.tar.gz
2875,kmnist_norm_10NN,ML_Graph,10000,156932,0.156932,99.843068,Highly sparse,False,https://sparse.tamu.edu/MM/ML_Graph/kmnist_norm_10NN.tar.gz
803,3dtube,Rothberg,45330,3213618,0.15639498154791,99.84360501845208,Highly sparse,False,https://sparse.tamu.edu/MM/Rothberg/3dtube.tar.gz
1551,c-32,Schenk_IBMNA,5975,54471,0.15257716076399,99.84742283923602,Highly sparse,False,https://sparse.tamu.edu/MM/Schenk_IBMNA/c-32.tar.gz
745,lhr14c,Mallya,14270,307858,0.15118283931525,99.84881716068476,Highly sparse,False,https://sparse.tamu.edu/MM/Mallya/lhr14c.tar.gz
2288,wiki-Vote,SNAP,8297,103689,0.15062272690078,99.84937727309922,Highly sparse,False,https://sparse.tamu.edu/MM/SNAP/wiki-Vote.tar.gz
744,lhr14,Mallya,14270,305750,0.15014764313625,99.84985235686376,Highly sparse,False,https://sparse.tamu.edu/MM/Mallya/lhr14.tar.gz
2871,indianpines_10NN,ML_Graph,9144,124656,0.1490873352117,99.8509126647883,Highly sparse,False,https://sparse.tamu.edu/MM/ML_Graph/indianpines_10NN.tar.gz
1546,c-27,Schenk_IBMNA,4563,30927,0.14853775537536001,99.85146224462464,Highly sparse,False,https://sparse.tamu.edu/MM/Schenk_IBMNA/c-27.tar.gz
2699,kineticBatchReactor_4,VDOL,7105,74869,0.14831117236625,99.85168882763377,Highly sparse,False,https://sparse.tamu.edu/MM/VDOL/kineticBatchReactor_4.tar.gz
2682,freeFlyingRobot_10,VDOL,5218,40080,0.14720398373350999,99.85279601626648,Highly sparse,False,https://sparse.tamu.edu/MM/VDOL/freeFlyingRobot_10.tar.gz
1553,c-34,Schenk_IBMNA,6611,64333,0.14719717994978002,99.8528028200502,Highly sparse,True,https://sparse.tamu.edu/MM/Schenk_IBMNA/c-34.tar.gz
1554,c-35,Schenk_IBMNA,6537,62891,0.14717414800943,99.85282585199056,Highly sparse,False,https://sparse.tamu.edu/MM/Schenk_IBMNA/c-35.tar.gz
2467,delaunay_n12,DIMACS10,4096,24528,0.14619827270507,99.85380172729492,Highly sparse,False,https://sparse.tamu.edu/MM/DIMACS10/delaunay_n12.tar.gz
2878,mnist_test_norm_10NN,ML_Graph,10000,145600,0.1456,99.8544,Highly sparse,False,https://sparse.tamu.edu/MM/ML_Graph/mnist_test_norm_10NN.tar.gz
2797,wiki-RfA,SNAP,11380,188077,0.14522827023637,99.85477172976364,Highly sparse,False,https://sparse.tamu.edu/MM/SNAP/wiki-RfA.tar.gz
1547,c-28,Schenk_IBMNA,4598,30590,0.14469100830759998,99.8553089916924,Highly sparse,False,https://sparse.tamu.edu/MM/Schenk_IBMNA/c-28.tar.gz
2223,TSOPF_FS_b162_c4,TSOPF,40798,2398220,0.14408251254909,99.85591748745092,Highly sparse,False,https://sparse.tamu.edu/MM/TSOPF/TSOPF_FS_b162_c4.tar.gz
2870,har_10NN,ML_Graph,10299,151736,0.14305350890027002,99.85694649109972,Highly sparse,False,https://sparse.tamu.edu/MM/ML_Graph/har_10NN.tar.gz
902,shermanACd,Shen,6136,53329,0.14164222431492002,99.85835777568508,Highly sparse,False,https://sparse.tamu.edu/MM/Shen/shermanACd.tar.gz
1552,c-33,Schenk_IBMNA,6317,56123,0.14064332461443,99.85935667538556,Highly sparse,False,https://sparse.tamu.edu/MM/Schenk_IBMNA/c-33.tar.gz
1488,GD96_a,Pajek,1096,1677,0.13960853002291002,99.86039146997707,Highly sparse,False,https://sparse.tamu.edu/MM/Pajek/GD96_a.tar.gz
1381,fxm4_6,Andrianov,18892,497844,0.13948817865676,99.86051182134324,Highly sparse,False,https://sparse.tamu.edu/MM/Andrianov/fxm4_6.tar.gz
2212,Trefethen_20000b,JGD_Trefethen,19999,554435,0.13862261191463,99.86137738808536,Highly sparse,False,https://sparse.tamu.edu/MM/JGD_Trefethen/Trefethen_20000b.tar.gz
2213,Trefethen_20000,JGD_Trefethen,20000,554466,0.1386165,99.8613835,Highly sparse,False,https://sparse.tamu.edu/MM/JGD_Trefethen/Trefethen_20000.tar.gz
2700,kineticBatchReactor_5,VDOL,7641,80767,0.13833547078737,99.86166452921262,Highly sparse,False,https://sparse.tamu.edu/MM/VDOL/kineticBatchReactor_5.tar.gz
852,pkustk06,Chen,43164,2571768,0.13803474600315999,99.86196525399684,Highly sparse,False,https://sparse.tamu.edu/MM/Chen/pkustk06.tar.gz
855,pkustk09,Chen,33960,1583640,0.13731598596561,99.8626840140344,Highly sparse,False,https://sparse.tamu.edu/MM/Chen/pkustk09.tar.gz
1339,Zd_Jac3_db,VanVelzen,22835,713907,0.13691139906629998,99.86308860093372,Highly sparse,False,https://sparse.tamu.edu/MM/VanVelzen/Zd_Jac3_db.tar.gz
2701,kineticBatchReactor_6,VDOL,7773,82500,0.13654525509459,99.8634547449054,Highly sparse,False,https://sparse.tamu.edu/MM/VDOL/kineticBatchReactor_6.tar.gz
850,pkustk04,Chen,55590,4218660,0.1365152526103,99.86348474738968,Highly sparse,False,https://sparse.tamu.edu/MM/Chen/pkustk04.tar.gz
1535,extr1b,Zitney,2836,10965,0.13633149054767998,99.86366850945232,Highly sparse,False,https://sparse.tamu.edu/MM/Zitney/extr1b.tar.gz
156,gemat11,HB,4929,33108,0.1362747237183,99.86372527628168,Highly sparse,False,https://sparse.tamu.edu/MM/HB/gemat11.tar.gz
836,extr1,Zitney,2837,10967,0.13626024700788,99.86373975299212,Highly sparse,False,https://sparse.tamu.edu/MM/Zitney/extr1.tar.gz
157,gemat12,HB,4929,33044,0.13601129547383,99.86398870452616,Highly sparse,False,https://sparse.tamu.edu/MM/HB/gemat12.tar.gz
2411,airfoil1,AG-Monien,4253,24578,0.13588007392079,99.8641199260792,Highly sparse,False,https://sparse.tamu.edu/MM/AG-Monien/airfoil1.tar.gz
1558,c-39,Schenk_IBMNA,9271,116587,0.13564286839588,99.86435713160412,Highly sparse,False,https://sparse.tamu.edu/MM/Schenk_IBMNA/c-39.tar.gz
2683,freeFlyingRobot_11,VDOL,5438,40054,0.13544640638574,99.86455359361425,Highly sparse,False,https://sparse.tamu.edu/MM/VDOL/freeFlyingRobot_11.tar.gz
2684,freeFlyingRobot_12,VDOL,5578,41940,0.13479426230256,99.86520573769744,Highly sparse,False,https://sparse.tamu.edu/MM/VDOL/freeFlyingRobot_12.tar.gz
1851,FEM_3D_thermal1,Botonakis,17880,430740,0.13473492185036,99.86526507814963,Highly sparse,False,https://sparse.tamu.edu/MM/Botonakis/FEM_3D_thermal1.tar.gz
2685,freeFlyingRobot_13,VDOL,5718,43994,0.13455664451194999,99.86544335548804,Highly sparse,False,https://sparse.tamu.edu/MM/VDOL/freeFlyingRobot_13.tar.gz
1204,t2dah_a,Oberwolfach,11445,176117,0.13445274863866,99.86554725136132,Highly sparse,False,https://sparse.tamu.edu/MM/Oberwolfach/t2dah_a.tar.gz
1205,t2dah_e,Oberwolfach,11445,176117,0.13445274863866,99.86554725136132,Highly sparse,False,https://sparse.tamu.edu/MM/Oberwolfach/t2dah_e.tar.gz
1447,t2dah,Oberwolfach,11445,176117,0.13445274863866,99.86554725136132,Highly sparse,False,https://sparse.tamu.edu/MM/Oberwolfach/t2dah.tar.gz
2420,netz4504,AG-Monien,1961,5156,0.13407806120419,99.8659219387958,Highly sparse,False,https://sparse.tamu.edu/MM/AG-Monien/netz4504.tar.gz
511,G48,Gset,3000,12000,0.13333333333333,99.86666666666667,Highly sparse,False,https://sparse.tamu.edu/MM/Gset/G48.tar.gz
512,G49,Gset,3000,12000,0.13333333333333,99.86666666666667,Highly sparse,False,https://sparse.tamu.edu/MM/Gset/G49.tar.gz
514,G50,Gset,3000,12000,0.13333333333333,99.86666666666667,Highly sparse,False,https://sparse.tamu.edu/MM/Gset/G50.tar.gz
2702,kineticBatchReactor_7,VDOL,7968,84508,0.13310647207303,99.86689352792698,Highly sparse,False,https://sparse.tamu.edu/MM/VDOL/kineticBatchReactor_7.tar.gz
2638,vsp_data_and_seymourl,DIMACS10,9167,111732,0.13296064400875,99.86703935599124,Highly sparse,False,https://sparse.tamu.edu/MM/DIMACS10/vsp_data_and_seymourl.tar.gz
2873,JapaneseVowelsSmall_10NN,ML_Graph,9961,131144,0.13217293857045,99.86782706142957,Highly sparse,False,https://sparse.tamu.edu/MM/ML_Graph/JapaneseVowelsSmall_10NN.tar.gz
2703,kineticBatchReactor_8,VDOL,8052,85194,0.13140184923185,99.86859815076814,Highly sparse,False,https://sparse.tamu.edu/MM/VDOL/kineticBatchReactor_8.tar.gz
1444,rail_5177,Oberwolfach,5177,35185,0.13128080327658,99.86871919672342,Highly sparse,False,https://sparse.tamu.edu/MM/Oberwolfach/rail_5177.tar.gz
2704,kineticBatchReactor_9,VDOL,8115,86183,0.13087134305115,99.86912865694885,Highly sparse,False,https://sparse.tamu.edu/MM/VDOL/kineticBatchReactor_9.tar.gz
1337,Zd_Jac2_db,VanVelzen,22835,676439,0.12972587448085998,99.87027412551912,Highly sparse,False,https://sparse.tamu.edu/MM/VanVelzen/Zd_Jac2_db.tar.gz
1638,tols2000,Bai,2000,5184,0.1296,99.8704,Highly sparse,False,https://sparse.tamu.edu/MM/Bai/tols2000.tar.gz
1406,ted_B,Bindel,10605,144579,0.12855348982059,99.8714465101794,Highly sparse,False,https://sparse.tamu.edu/MM/Bindel/ted_B.tar.gz
1409,ted_B_unscaled,Bindel,10605,144579,0.12855348982059,99.8714465101794,Highly sparse,False,https://sparse.tamu.edu/MM/Bindel/ted_B_unscaled.tar.gz
1319,airfoil_2d,Engwirda,14214,259688,0.12853436591636,99.87146563408363,Highly sparse,False,https://sparse.tamu.edu/MM/Engwirda/airfoil_2d.tar.gz
1341,Zd_Jac6_db,VanVelzen,22835,663643,0.12727188780969,99.8727281121903,Highly sparse,False,https://sparse.tamu.edu/MM/VanVelzen/Zd_Jac6_db.tar.gz
2242,TSOPF_RS_b39_c7,TSOPF,14098,252446,0.12701455214869,99.8729854478513,Highly sparse,False,https://sparse.tamu.edu/MM/TSOPF/TSOPF_RS_b39_c7.tar.gz
2656,LeGresley_4908,LeGresley,4908,30482,0.12654189989033002,99.87345810010966,Highly sparse,False,https://sparse.tamu.edu/MM/LeGresley/LeGresley_4908.tar.gz
2533,wing_nodal,DIMACS10,10937,150976,0.12621515083574,99.87378484916428,Highly sparse,False,https://sparse.tamu.edu/MM/DIMACS10/wing_nodal.tar.gz
2428,diag,AG-Monien,2559,8184,0.12497554776443,99.87502445223556,Highly sparse,False,https://sparse.tamu.edu/MM/AG-Monien/diag.tar.gz
547,g7jac020,Hollinger,5850,42568,0.12438600336036,99.87561399663964,Highly sparse,False,https://sparse.tamu.edu/MM/Hollinger/g7jac020.tar.gz
548,g7jac020sc,Hollinger,5850,42568,0.12438600336036,99.87561399663964,Highly sparse,False,https://sparse.tamu.edu/MM/Hollinger/g7jac020sc.tar.gz
2104,n3c6-b7,JGD_Homology,6435,51480,0.12432012432012,99.87567987567988,Highly sparse,False,https://sparse.tamu.edu/MM/JGD_Homology/n3c6-b7.tar.gz
2419,grid2_dual,AG-Monien,3136,12224,0.12429716784672999,99.87570283215328,Highly sparse,False,https://sparse.tamu.edu/MM/AG-Monien/grid2_dual.tar.gz
764,skirt,Nasa,12598,196520,0.12382363451678,99.87617636548322,Highly sparse,False,https://sparse.tamu.edu/MM/Nasa/skirt.tar.gz
882,skirt,Pothen,12598,196520,0.12382363451678,99.87617636548322,Highly sparse,False,https://sparse.tamu.edu/MM/Pothen/skirt.tar.gz
460,bayer09,Grund,3083,11767,0.12379944678996,99.87620055321004,Highly sparse,False,https://sparse.tamu.edu/MM/Grund/bayer09.tar.gz
747,lhr17c,Mallya,17576,381975,0.12365020813958,99.87634979186042,Highly sparse,False,https://sparse.tamu.edu/MM/Mallya/lhr17c.tar.gz
2409,3elt,AG-Monien,4720,27444,0.12318658431485,99.87681341568516,Highly sparse,False,https://sparse.tamu.edu/MM/AG-Monien/3elt.tar.gz
1210,t3dl_a,Oberwolfach,20360,509866,0.1229986953887,99.8770013046113,Highly sparse,False,https://sparse.tamu.edu/MM/Oberwolfach/t3dl_a.tar.gz
1451,t3dl,Oberwolfach,20360,509866,0.1229986953887,99.8770013046113,Highly sparse,False,https://sparse.tamu.edu/MM/Oberwolfach/t3dl.tar.gz
746,lhr17,Mallya,17576,379761,0.12293350793453,99.87706649206544,Highly sparse,False,https://sparse.tamu.edu/MM/Mallya/lhr17.tar.gz
69,bcsstm19,HB,817,817,0.12239902080783,99.87760097919217,Highly sparse,False,https://sparse.tamu.edu/MM/HB/bcsstm19.tar.gz
2686,freeFlyingRobot_14,VDOL,5958,43298,0.12197387981958,99.87802612018042,Highly sparse,False,https://sparse.tamu.edu/MM/VDOL/freeFlyingRobot_14.tar.gz
2359,M40PI_n1,Rommes,2028,5007,0.12174235262536999,99.87825764737462,Highly sparse,False,https://sparse.tamu.edu/MM/Rommes/M40PI_n1.tar.gz
2367,S40PI_n1,Rommes,2028,5007,0.12174235262536999,99.87825764737462,Highly sparse,False,https://sparse.tamu.edu/MM/Rommes/S40PI_n1.tar.gz
1625,mhd4800b,Bai,4800,27520,0.11944444444444,99.88055555555556,Highly sparse,False,https://sparse.tamu.edu/MM/Bai/mhd4800b.tar.gz
2688,freeFlyingRobot_16,VDOL,6078,44006,0.11912159584716,99.88087840415284,Highly sparse,False,https://sparse.tamu.edu/MM/VDOL/freeFlyingRobot_16.tar.gz
2687,freeFlyingRobot_15,VDOL,6038,43378,0.11898255950142,99.88101744049858,Highly sparse,False,https://sparse.tamu.edu/MM/VDOL/freeFlyingRobot_15.tar.gz
1534,Zewail,Pajek,6752,54233,0.11895939907570999,99.88104060092428,Highly sparse,False,https://sparse.tamu.edu/MM/Pajek/Zewail.tar.gz
2633,vsp_bcsstk30_500sep_10in_1Kout,DIMACS10,58348,4033156,0.11846582194260001,99.8815341780574,Highly sparse,False,https://sparse.tamu.edu/MM/DIMACS10/vsp_bcsstk30_500sep_10in_1Kout.tar.gz
2418,grid2,AG-Monien,3296,12864,0.11841361108491999,99.88158638891508,Highly sparse,False,https://sparse.tamu.edu/MM/AG-Monien/grid2.tar.gz
332,rdb5000,Bai,5000,29600,0.11839999999999999,99.8816,Highly sparse,False,https://sparse.tamu.edu/MM/Bai/rdb5000.tar.gz
1368,SiO,PARSEC,33401,1317655,0.11810894098446001,99.88189105901554,Highly sparse,False,https://sparse.tamu.edu/MM/PARSEC/SiO.tar.gz
812,bbmat,Simon,38744,1771722,0.11802843969227,99.88197156030772,Highly sparse,False,https://sparse.tamu.edu/MM/Simon/bbmat.tar.gz
1555,c-36,Schenk_IBMNA,7479,65941,0.11788769127609,99.88211230872392,Highly sparse,False,https://sparse.tamu.edu/MM/Schenk_IBMNA/c-36.tar.gz
1557,c-38,Schenk_IBMNA,8127,77689,0.11762483082601,99.88237516917398,Highly sparse,False,https://sparse.tamu.edu/MM/Schenk_IBMNA/c-38.tar.gz
911,cage10,vanHeukelum,11397,150645,0.11597746856765001,99.88402253143234,Highly sparse,False,https://sparse.tamu.edu/MM/vanHeukelum/cage10.tar.gz
1867,Chebyshev4,Muite,68121,5377761,0.11588826685994999,99.88411173314005,Highly sparse,False,https://sparse.tamu.edu/MM/Muite/Chebyshev4.tar.gz
2489,kron_g500-logn16,DIMACS10,65536,4912469,0.11437733191996,99.88562266808005,Highly sparse,False,https://sparse.tamu.edu/MM/DIMACS10/kron_g500-logn16.tar.gz
1401,Chem97ZtZ,Bates,2541,7361,0.11400594206218001,99.88599405793782,Highly sparse,True,https://sparse.tamu.edu/MM/Bates/Chem97ZtZ.tar.gz
866,barth4,Pothen,6019,40965,0.11307439494709,99.8869256050529,Highly sparse,False,https://sparse.tamu.edu/MM/Pothen/barth4.tar.gz
1203,gyro_m,Oberwolfach,17361,340431,0.11294828118937,99.88705171881062,Highly sparse,False,https://sparse.tamu.edu/MM/Oberwolfach/gyro_m.tar.gz
2295,ca-AstroPh,SNAP,18772,396160,0.11242154045752,99.88757845954248,Highly sparse,True,https://sparse.tamu.edu/MM/SNAP/ca-AstroPh.tar.gz
2363,M40PI_n,Rommes,2182,5341,0.11217939293326001,99.88782060706671,Highly sparse,False,https://sparse.tamu.edu/MM/Rommes/M40PI_n.tar.gz
2371,S40PI_n,Rommes,2182,5341,0.11217939293326001,99.88782060706671,Highly sparse,False,https://sparse.tamu.edu/MM/Rommes/S40PI_n.tar.gz
1556,c-37,Schenk_IBMNA,8204,74676,0.11095062260480001,99.8890493773952,Highly sparse,False,https://sparse.tamu.edu/MM/Schenk_IBMNA/c-37.tar.gz
537,gupta2,Gupta,62064,4248286,0.11028951370275,99.88971048629725,Highly sparse,False,https://sparse.tamu.edu/MM/Gupta/gupta2.tar.gz
1335,std1_Jac3_db,VanVelzen,21982,531826,0.11006143180596,99.88993856819404,Highly sparse,False,https://sparse.tamu.edu/MM/VanVelzen/std1_Jac3_db.tar.gz
1521,SciMet,Pajek,3084,10413,0.10948311102363,99.89051688897636,Highly sparse,False,https://sparse.tamu.edu/MM/Pajek/SciMet.tar.gz
923,Alemdar,Alemdar,6245,42581,0.10918198129359999,99.8908180187064,Highly sparse,False,https://sparse.tamu.edu/MM/Alemdar/Alemdar.tar.gz
969,igbt3,Schenk_ISEI,10938,130500,0.10907737392235001,99.89092262607764,Highly sparse,False,https://sparse.tamu.edu/MM/Schenk_ISEI/igbt3.tar.gz
1560,c-41,Schenk_IBMNA,9769,101635,0.10649839734765,99.89350160265236,Highly sparse,False,https://sparse.tamu.edu/MM/Schenk_IBMNA/c-41.tar.gz
374,rma10,Bova,46835,2329092,0.10618070254725001,99.89381929745277,Highly sparse,False,https://sparse.tamu.edu/MM/Bova/rma10.tar.gz
47,bcsstk25,HB,15439,252241,0.10582233620331,99.89417766379668,Highly sparse,True,https://sparse.tamu.edu/MM/HB/bcsstk25.tar.gz
2297,ca-GrQc,SNAP,5242,28980,0.10546402643165001,99.89453597356834,Highly sparse,False,https://sparse.tamu.edu/MM/SNAP/ca-GrQc.tar.gz
1287,vanbody,GHS_psdef,47072,2329056,0.10511256372348,99.89488743627652,Highly sparse,False,https://sparse.tamu.edu/MM/GHS_psdef/vanbody.tar.gz
40,bcsstk18,HB,11948,149090,0.10443788948628001,99.89556211051372,Highly sparse,False,https://sparse.tamu.edu/MM/HB/bcsstk18.tar.gz
371,circuit_2,Bomhof,4510,21199,0.10422269310377001,99.89577730689622,Highly sparse,False,https://sparse.tamu.edu/MM/Bomhof/circuit_2.tar.gz
2245,TSOPF_RS_b9_c6,TSOPF,7224,54082,0.10363280881128001,99.89636719118872,Highly sparse,False,https://sparse.tamu.edu/MM/TSOPF/TSOPF_RS_b9_c6.tar.gz
1861,F2,Koutsovasilis,71505,5294285,0.10354627841405,99.89645372158594,Highly sparse,False,https://sparse.tamu.edu/MM/Koutsovasilis/F2.tar.gz
1333,std1_Jac2_db,VanVelzen,21982,498771,0.10322069700106999,99.89677930299892,Highly sparse,False,https://sparse.tamu.edu/MM/VanVelzen/std1_Jac2_db.tar.gz
865,barth,Pothen,6691,46187,0.10316626185592,99.89683373814408,Highly sparse,False,https://sparse.tamu.edu/MM/Pothen/barth.tar.gz
2791,soc-sign-bitcoin-otc,SNAP,5881,35592,0.10290821233382001,99.89709178766616,Highly sparse,False,https://sparse.tamu.edu/MM/SNAP/soc-sign-bitcoin-otc.tar.gz
2375,cant,Williams,62451,4007383,0.1027500537283,99.8972499462717,Highly sparse,False,https://sparse.tamu.edu/MM/Williams/cant.tar.gz
1269,m_t1,DNVS,97578,9753570,0.1024376909391,99.89756230906087,Highly sparse,False,https://sparse.tamu.edu/MM/DNVS/m_t1.tar.gz
2636,vsp_c-30_data_data,DIMACS10,11023,124368,0.10235499361519,99.8976450063848,Highly sparse,False,https://sparse.tamu.edu/MM/DIMACS10/vsp_c-30_data_data.tar.gz
54,bcsstk32,HB,44609,2014701,0.10124314474587,99.89875685525412,Highly sparse,False,https://sparse.tamu.edu/MM/HB/bcsstk32.tar.gz
1561,c-42,Schenk_IBMNA,10471,110285,0.10058659996415001,99.89941340003584,Highly sparse,True,https://sparse.tamu.edu/MM/Schenk_IBMNA/c-42.tar.gz
1511,NotreDame_yeast,Barabasi,2114,4480,0.10024622980195001,99.89975377019805,Highly sparse,False,https://sparse.tamu.edu/MM/Barabasi/NotreDame_yeast.tar.gz
1564,c-45,Schenk_IBMNA,13206,174452,0.10003071357818001,99.8999692864218,Highly sparse,False,https://sparse.tamu.edu/MM/Schenk_IBMNA/c-45.tar.gz
109,curtis54,HB,54,291,9.97942386831275,90.02057613168725,Mildly sparse,False,https://sparse.tamu.edu/MM/HB/curtis54.tar.gz
2765,mycielskian9,Mycielski,383,14542,9.913490445773029,90.08650955422696,Mildly sparse,False,https://sparse.tamu.edu/MM/Mycielski/mycielskian9.tar.gz
1474,football,Pajek,35,118,9.63265306122449,90.36734693877553,Mildly sparse,False,https://sparse.tamu.edu/MM/Pajek/football.tar.gz
1199,Hamrle1,Hamrle,32,98,9.5703125,90.4296875,Mildly sparse,False,https://sparse.tamu.edu/MM/Hamrle/Hamrle1.tar.gz
2734,spaceStation_1,VDOL,99,927,9.45821854912764,90.54178145087236,Mildly sparse,False,https://sparse.tamu.edu/MM/VDOL/spaceStation_1.tar.gz
114,dwt_193,HB,193,3493,9.377432951220161,90.62256704877984,Mildly sparse,False,https://sparse.tamu.edu/MM/HB/dwt_193.tar.gz
2397,football,Newman,115,1226,9.2703213610586,90.7296786389414,Mildly sparse,False,https://sparse.tamu.edu/MM/Newman/football.tar.gz
406,ex1,FIDAP,216,4317,9.252829218106989,90.747170781893,Mildly sparse,False,https://sparse.tamu.edu/MM/FIDAP/ex1.tar.gz
306,ck104,Bai,104,992,9.17159763313609,90.8284023668639,Mildly sparse,False,https://sparse.tamu.edu/MM/Bai/ck104.tar.gz
907,cage6,vanHeukelum,93,785,9.076193779627701,90.9238062203723,Mildly sparse,False,https://sparse.tamu.edu/MM/vanHeukelum/cage6.tar.gz
2205,Trefethen_150,JGD_Trefethen,150,2040,9.066666666666661,90.93333333333334,Mildly sparse,False,https://sparse.tamu.edu/MM/JGD_Trefethen/Trefethen_150.tar.gz
296,bfwb62,Bai,62,342,8.89698231009365,91.10301768990637,Mildly sparse,False,https://sparse.tamu.edu/MM/Bai/bfwb62.tar.gz
2281,human_gene2,Belcastro,14340,18068388,8.78660504309565,91.21339495690437,Mildly sparse,False,https://sparse.tamu.edu/MM/Belcastro/human_gene2.tar.gz
274,will57,HB,57,281,8.648815020006149,91.35118497999385,Mildly sparse,False,https://sparse.tamu.edu/MM/HB/will57.tar.gz
13,bcspwr01,HB,39,131,8.61275476660092,91.38724523339909,Mildly sparse,False,https://sparse.tamu.edu/MM/HB/bcspwr01.tar.gz
2400,lesmis,Newman,77,508,8.56805532130207,91.43194467869792,Mildly sparse,False,https://sparse.tamu.edu/MM/Newman/lesmis.tar.gz
108,can_96,HB,96,768,8.33333333333333,91.66666666666666,Mildly sparse,False,https://sparse.tamu.edu/MM/HB/can_96.tar.gz
2890,YaleA_10NN,ML_Graph,165,2268,8.33057851239669,91.6694214876033,Mildly sparse,False,https://sparse.tamu.edu/MM/ML_Graph/YaleA_10NN.tar.gz
2396,dolphins,Newman,62,318,8.2726326742976,91.7273673257024,Mildly sparse,False,https://sparse.tamu.edu/MM/Newman/dolphins.tar.gz
212,mcca,HB,180,2659,8.206790123456791,91.79320987654322,Mildly sparse,False,https://sparse.tamu.edu/MM/HB/mcca.tar.gz
2403,polbooks,Newman,105,882,8.0,92.0,Mildly sparse,False,https://sparse.tamu.edu/MM/Newman/polbooks.tar.gz
172,impcol_b,HB,59,271,7.78511921861534,92.21488078138464,Mildly sparse,False,https://sparse.tamu.edu/MM/HB/impcol_b.tar.gz
129,dwt_59,HB,59,267,7.67020970985349,92.3297902901465,Mildly sparse,False,https://sparse.tamu.edu/MM/HB/dwt_59.tar.gz
2766,mycielskian10,Mycielski,767,44392,7.545951054668699,92.4540489453313,Mildly sparse,False,https://sparse.tamu.edu/MM/Mycielski/mycielskian10.tar.gz
1487,GD95_c,Pajek,62,287,7.466181061394379,92.53381893860562,Mildly sparse,False,https://sparse.tamu.edu/MM/Pajek/GD95_c.tar.gz
329,rbsa480,Bai,480,17088,7.416666666666661,92.58333333333331,Mildly sparse,False,https://sparse.tamu.edu/MM/Bai/rbsa480.tar.gz
330,rbsb480,Bai,480,17088,7.416666666666661,92.58333333333331,Mildly sparse,False,https://sparse.tamu.edu/MM/Bai/rbsb480.tar.gz
132,dwt_66,HB,66,320,7.34618916437098,92.65381083562902,Mildly sparse,False,https://sparse.tamu.edu/MM/HB/dwt_66.tar.gz
382,cavity03,DRIVCAV,317,7311,7.27542318064663,92.72457681935336,Mildly sparse,False,https://sparse.tamu.edu/MM/DRIVCAV/cavity03.tar.gz
2206,Trefethen_200b,JGD_Trefethen,199,2873,7.254867301330769,92.74513269866922,Mildly sparse,False,https://sparse.tamu.edu/MM/JGD_Trefethen/Trefethen_200b.tar.gz
380,cavity01,DRIVCAV,317,7280,7.24457403297873,92.75542596702128,Mildly sparse,False,https://sparse.tamu.edu/MM/DRIVCAV/cavity01.tar.gz
11,ash85,HB,85,523,7.238754325259509,92.7612456747405,Mildly sparse,False,https://sparse.tamu.edu/MM/HB/ash85.tar.gz
2207,Trefethen_200,JGD_Trefethen,200,2890,7.225,92.775,Mildly sparse,False,https://sparse.tamu.edu/MM/JGD_Trefethen/Trefethen_200.tar.gz
326,qc2534,Bai,2534,463360,7.216146126959069,92.78385387304094,Mildly sparse,False,https://sparse.tamu.edu/MM/Bai/qc2534.tar.gz
136,dwt_87,HB,87,541,7.14757563746862,92.85242436253138,Mildly sparse,False,https://sparse.tamu.edu/MM/HB/dwt_87.tar.gz
1326,rotor1,Morandini,100,708,7.08,92.92,Mildly sparse,False,https://sparse.tamu.edu/MM/Morandini/rotor1.tar.gz
106,can_73,HB,73,377,7.0744980296490905,92.92550197035092,Mildly sparse,False,https://sparse.tamu.edu/MM/HB/can_73.tar.gz
344,bcsstm34,Boeing,588,24270,7.01964459253089,92.9803554074691,Mildly sparse,False,https://sparse.tamu.edu/MM/Boeing/bcsstm34.tar.gz
2559,cz148,CPM,148,1527,6.971329437545649,93.02867056245434,Mildly sparse,False,https://sparse.tamu.edu/MM/CPM/cz148.tar.gz
14,bcspwr02,HB,49,167,6.95543523531861,93.04456476468138,Mildly sparse,False,https://sparse.tamu.edu/MM/HB/bcspwr02.tar.gz
2389,adjnoun,Newman,112,850,6.77614795918367,93.22385204081633,Mildly sparse,False,https://sparse.tamu.edu/MM/Newman/adjnoun.tar.gz
262,west0067,HB,67,294,6.54934283804856,93.45065716195144,Mildly sparse,False,https://sparse.tamu.edu/MM/HB/west0067.tar.gz
357,msc00726,Boeing,726,34518,6.54896068119208,93.45103931880791,Mildly sparse,False,https://sparse.tamu.edu/MM/Boeing/msc00726.tar.gz
2869,Glass_10NN,ML_Graph,214,2986,6.52022010655952,93.47977989344048,Mildly sparse,True,https://sparse.tamu.edu/MM/ML_Graph/Glass_10NN.tar.gz
1235,exdata_1,GHS_indef,6001,2269500,6.30206580300828,93.69793419699172,Mildly sparse,False,https://sparse.tamu.edu/MM/GHS_indef/exdata_1.tar.gz
93,can_144,HB,144,1296,6.25,93.75,Mildly sparse,False,https://sparse.tamu.edu/MM/HB/can_144.tar.gz
339,bcsstk34,Boeing,588,21418,6.19475681429034,93.80524318570966,Mildly sparse,False,https://sparse.tamu.edu/MM/Boeing/bcsstk34.tar.gz
1498,GD99_b,Pajek,64,252,6.15234375,93.84765625,Mildly sparse,False,https://sparse.tamu.edu/MM/Pajek/GD99_b.tar.gz
6,arc130,HB,130,1037,6.13609467455621,93.86390532544378,Mildly sparse,False,https://sparse.tamu.edu/MM/HB/arc130.tar.gz
1325,robot,Morandini,120,870,6.04166666666666,93.95833333333331,Mildly sparse,False,https://sparse.tamu.edu/MM/Morandini/robot.tar.gz
469,G1,Gset,800,38352,5.9925,94.0075,Mildly sparse,False,https://sparse.tamu.edu/MM/Gset/G1.tar.gz
470,G10,Gset,800,38352,5.9925,94.0075,Mildly sparse,False,https://sparse.tamu.edu/MM/Gset/G10.tar.gz
480,G2,Gset,800,38352,5.9925,94.0075,Mildly sparse,False,https://sparse.tamu.edu/MM/Gset/G2.tar.gz
491,G3,Gset,800,38352,5.9925,94.0075,Mildly sparse,False,https://sparse.tamu.edu/MM/Gset/G3.tar.gz
502,G4,Gset,800,38352,5.9925,94.0075,Mildly sparse,False,https://sparse.tamu.edu/MM/Gset/G4.tar.gz
513,G5,Gset,800,38352,5.9925,94.0075,Mildly sparse,False,https://sparse.tamu.edu/MM/Gset/G5.tar.gz
524,G6,Gset,800,38352,5.9925,94.0075,Mildly sparse,False,https://sparse.tamu.edu/MM/Gset/G6.tar.gz
533,G7,Gset,800,38352,5.9925,94.0075,Mildly sparse,False,https://sparse.tamu.edu/MM/Gset/G7.tar.gz
534,G8,Gset,800,38352,5.9925,94.0075,Mildly sparse,False,https://sparse.tamu.edu/MM/Gset/G8.tar.gz
535,G9,Gset,800,38352,5.9925,94.0075,Mildly sparse,False,https://sparse.tamu.edu/MM/Gset/G9.tar.gz
220,nos4,HB,100,594,5.94,94.06,Mildly sparse,False,https://sparse.tamu.edu/MM/HB/nos4.tar.gz
1490,GD96_c,Pajek,65,250,5.9171597633136,94.0828402366864,Mildly sparse,False,https://sparse.tamu.edu/MM/Pajek/GD96_c.tar.gz
381,cavity02,DRIVCAV,317,5923,5.89417747216113,94.10582252783888,Mildly sparse,False,https://sparse.tamu.edu/MM/DRIVCAV/cavity02.tar.gz
383,cavity04,DRIVCAV,317,5923,5.89417747216113,94.10582252783888,Mildly sparse,False,https://sparse.tamu.edu/MM/DRIVCAV/cavity04.tar.gz
2767,mycielskian11,Mycielski,1535,134710,5.71719593841844,94.28280406158156,Mildly sparse,False,https://sparse.tamu.edu/MM/Mycielski/mycielskian11.tar.gz
103,can_62,HB,62,218,5.67117585848074,94.32882414151923,Mildly sparse,False,https://sparse.tamu.edu/MM/HB/can_62.tar.gz
235,psmigr_1,HB,3140,543160,5.508945596170229,94.49105440382976,Mildly sparse,False,https://sparse.tamu.edu/MM/HB/psmigr_1.tar.gz
237,psmigr_3,HB,3140,543160,5.508945596170229,94.49105440382976,Mildly sparse,False,https://sparse.tamu.edu/MM/HB/psmigr_3.tar.gz
236,psmigr_2,HB,3140,540022,5.47711874721084,94.52288125278916,Mildly sparse,False,https://sparse.tamu.edu/MM/HB/psmigr_2.tar.gz
2735,spaceStation_2,VDOL,329,5817,5.3741188643859505,94.62588113561404,Mildly sparse,False,https://sparse.tamu.edu/MM/VDOL/spaceStation_2.tar.gz
1941,CAG_mat1916,JGD_CAG,1916,195985,5.33865459965742,94.66134540034255,Mildly sparse,False,https://sparse.tamu.edu/MM/JGD_CAG/CAG_mat1916.tar.gz
94,can_161,HB,161,1377,5.31229505034527,94.68770494965472,Mildly sparse,False,https://sparse.tamu.edu/MM/HB/can_161.tar.gz
2208,Trefethen_300,JGD_Trefethen,300,4678,5.19777777777777,94.80222222222224,Mildly sparse,False,https://sparse.tamu.edu/MM/JGD_Trefethen/Trefethen_300.tar.gz
158,gent113,HB,113,655,5.12961077609836,94.87038922390164,Mildly sparse,False,https://sparse.tamu.edu/MM/HB/gent113.tar.gz
464,d_ss,Grund,53,144,5.126379494482021,94.87362050551798,Mildly sparse,True,https://sparse.tamu.edu/MM/Grund/d_ss.tar.gz
25,bcsstk03,HB,112,640,5.10204081632653,94.89795918367348,Mildly sparse,False,https://sparse.tamu.edu/MM/HB/bcsstk03.tar.gz
2280,human_gene1,Belcastro,22283,24669643,4.96838845797134,95.03161154202866,Mildly sparse,True,https://sparse.tamu.edu/MM/Belcastro/human_gene1.tar.gz
314,mhda416,Bai,416,8562,4.94753143491124,95.05246856508876,Mildly sparse,False,https://sparse.tamu.edu/MM/Bai/mhda416.tar.gz
253,steam3,HB,80,314,4.90625,95.09375,Mildly sparse,False,https://sparse.tamu.edu/MM/HB/steam3.tar.gz
1492,GD97_a,Pajek,84,332,4.70521541950113,95.29478458049888,Mildly sparse,False,https://sparse.tamu.edu/MM/Pajek/GD97_a.tar.gz
1198,rajat14,Rajat,180,1475,4.55246913580246,95.44753086419752,Mildly sparse,False,https://sparse.tamu.edu/MM/Rajat/rajat14.tar.gz
1181,lock_700,HB,700,22175,4.52551020408163,95.47448979591836,Mildly sparse,False,https://sparse.tamu.edu/MM/HB/lock_700.tar.gz
113,dwt_162,HB,162,1182,4.503886602652029,95.49611339734795,Mildly sparse,False,https://sparse.tamu.edu/MM/HB/dwt_162.tar.gz
1178,lock1074,HB,1074,51588,4.47239474423395,95.52760525576603,Mildly sparse,False,https://sparse.tamu.edu/MM/HB/lock1074.tar.gz
28,bcsstk06,HB,420,7860,4.45578231292517,95.54421768707483,Mildly sparse,False,https://sparse.tamu.edu/MM/HB/bcsstk06.tar.gz
29,bcsstk07,HB,420,7860,4.45578231292517,95.54421768707483,Mildly sparse,False,https://sparse.tamu.edu/MM/HB/bcsstk07.tar.gz
98,can_256,HB,256,2916,4.449462890625,95.550537109375,Mildly sparse,False,https://sparse.tamu.edu/MM/HB/can_256.tar.gz
229,plat362,HB,362,5786,4.41531088794603,95.58468911205397,Mildly sparse,False,https://sparse.tamu.edu/MM/HB/plat362.tar.gz
418,ex21,FIDAP,656,18964,4.40678911362284,95.59321088637716,Mildly sparse,False,https://sparse.tamu.edu/MM/FIDAP/ex21.tar.gz
1485,GD95_a,Pajek,36,57,4.39814814814814,95.60185185185183,Mildly sparse,False,https://sparse.tamu.edu/MM/Pajek/GD95_a.tar.gz
864,comsol,Langemyr,1500,97645,4.33977777777777,95.66022222222225,Mildly sparse,False,https://sparse.tamu.edu/MM/Langemyr/comsol.tar.gz
2768,mycielskian12,Mycielski,3071,407200,4.3176569797544,95.68234302024558,Mildly sparse,False,https://sparse.tamu.edu/MM/Mycielski/mycielskian12.tar.gz
99,can_268,HB,268,3082,4.2910447761194,95.7089552238806,Mildly sparse,False,https://sparse.tamu.edu/MM/HB/can_268.tar.gz
133,dwt_72,HB,72,222,4.2824074074074,95.7175925925926,Mildly sparse,False,https://sparse.tamu.edu/MM/HB/dwt_72.tar.gz
95,can_187,HB,187,1491,4.26377648774628,95.73622351225372,Mildly sparse,False,https://sparse.tamu.edu/MM/HB/can_187.tar.gz
2748,tumorAntiAngiogenesis_1,VDOL,205,1783,4.24271267102914,95.75728732897085,Mildly sparse,False,https://sparse.tamu.edu/MM/VDOL/tumorAntiAngiogenesis_1.tar.gz
213,mcfe,HB,765,24382,4.1662608398479195,95.83373916015208,Mildly sparse,False,https://sparse.tamu.edu/MM/HB/mcfe.tar.gz
62,bcsstm07,HB,420,7252,4.11111111111111,95.88888888888889,Mildly sparse,False,https://sparse.tamu.edu/MM/HB/bcsstm07.tar.gz
936,nd3k,ND,9000,3279690,4.0489999999999995,95.951,Mildly sparse,False,https://sparse.tamu.edu/MM/ND/nd3k.tar.gz
2867,Ecoli_10NN,ML_Graph,336,4560,4.0391156462585,95.96088435374148,Mildly sparse,False,https://sparse.tamu.edu/MM/ML_Graph/Ecoli_10NN.tar.gz
116,dwt_209,HB,209,1743,3.99029326251688,96.00970673748311,Mildly sparse,False,https://sparse.tamu.edu/MM/HB/dwt_209.tar.gz
424,ex27,FIDAP,974,37652,3.9688998140566403,96.03110018594336,Mildly sparse,False,https://sparse.tamu.edu/MM/FIDAP/ex27.tar.gz
318,olm100,Bai,100,396,3.9600000000000004,96.04,Mildly sparse,False,https://sparse.tamu.edu/MM/Bai/olm100.tar.gz
337,tub100,Bai,100,396,3.9600000000000004,96.04,Mildly sparse,False,https://sparse.tamu.edu/MM/Bai/tub100.tar.gz
251,steam1,HB,240,2248,3.90277777777777,96.09722222222224,Mildly sparse,False,https://sparse.tamu.edu/MM/HB/steam1.tar.gz
1529,USAir97,Pajek,332,4252,3.85759907098272,96.14240092901728,Mildly sparse,False,https://sparse.tamu.edu/MM/Pajek/USAir97.tar.gz
2436,cage,AG-Monien,366,5124,3.8251366120218497,96.17486338797814,Mildly sparse,False,https://sparse.tamu.edu/MM/AG-Monien/cage.tar.gz
1174,cegb2919,HB,2919,321543,3.77373039169603,96.22626960830397,Mildly sparse,False,https://sparse.tamu.edu/MM/HB/cegb2919.tar.gz
49,bcsstk27,HB,1224,56126,3.7462888205391,96.2537111794609,Mildly sparse,False,https://sparse.tamu.edu/MM/HB/bcsstk27.tar.gz
77,bcsstm27,HB,1224,56126,3.7462888205391,96.2537111794609,Mildly sparse,True,https://sparse.tamu.edu/MM/HB/bcsstm27.tar.gz
1484,GD06_theory,Pajek,101,380,3.72512498774629,96.2748750122537,Mildly sparse,False,https://sparse.tamu.edu/MM/Pajek/GD06_theory.tar.gz
44,bcsstk22,HB,138,696,3.65469439193446,96.34530560806552,Mildly sparse,False,https://sparse.tamu.edu/MM/HB/bcsstk22.tar.gz
1195,rajat11,Rajat,135,665,3.6488340192043798,96.3511659807956,Mildly sparse,True,https://sparse.tamu.edu/MM/Rajat/rajat11.tar.gz
1482,GD02_b,Pajek,80,232,3.6249999999999996,96.375,Mildly sparse,False,https://sparse.tamu.edu/MM/Pajek/GD02_b.tar.gz
115,dwt_198,HB,198,1392,3.5506580961126395,96.44934190388736,Mildly sparse,False,https://sparse.tamu.edu/MM/HB/dwt_198.tar.gz
2879,Olivetti_norm_10NN,ML_Graph,400,5656,3.535,96.465,Mildly sparse,False,https://sparse.tamu.edu/MM/ML_Graph/Olivetti_norm_10NN.tar.gz
1173,cegb2802,HB,2802,277362,3.5327320497595003,96.4672679502405,Mildly sparse,False,https://sparse.tamu.edu/MM/HB/cegb2802.tar.gz
313,lop163,Bai,163,935,3.5191388460235595,96.48086115397643,Mildly sparse,False,https://sparse.tamu.edu/MM/Bai/lop163.tar.gz
2149,cat_ears_2_1,JGD_Margulies,85,254,3.51557093425605,96.48442906574395,Mildly sparse,False,https://sparse.tamu.edu/MM/JGD_Margulies/cat_ears_2_1.tar.gz
824,utm300,TOKAMAK,300,3155,3.5055555555555498,96.49444444444444,Mildly sparse,False,https://sparse.tamu.edu/MM/TOKAMAK/utm300.tar.gz
1495,GD98_a,Pajek,38,50,3.46260387811634,96.53739612188366,Mildly sparse,False,https://sparse.tamu.edu/MM/Pajek/GD98_a.tar.gz
15,bcspwr03,HB,118,476,3.41855788566503,96.58144211433496,Mildly sparse,False,https://sparse.tamu.edu/MM/HB/bcspwr03.tar.gz
1864,Chebyshev1,Muite,261,2319,3.4042365790284896,96.59576342097152,Mildly sparse,False,https://sparse.tamu.edu/MM/Muite/Chebyshev1.tar.gz
2209,Trefethen_500,JGD_Trefethen,500,8478,3.3911999999999995,96.6088,Mildly sparse,False,https://sparse.tamu.edu/MM/JGD_Trefethen/Trefethen_500.tar.gz
422,ex25,FIDAP,848,24369,3.3888005072979697,96.61119949270204,Mildly sparse,False,https://sparse.tamu.edu/MM/FIDAP/ex25.tar.gz
96,can_229,HB,229,1777,3.3885700120134996,96.6114299879865,Mildly sparse,False,https://sparse.tamu.edu/MM/HB/can_229.tar.gz
2560,cz308,CPM,308,3182,3.35427559453533,96.64572440546466,Mildly sparse,False,https://sparse.tamu.edu/MM/CPM/cz308.tar.gz
1519,Sandi_authors,Pajek,86,248,3.3531638723634396,96.64683612763656,Mildly sparse,False,https://sparse.tamu.edu/MM/Pajek/Sandi_authors.tar.gz
117,dwt_221,HB,221,1629,3.33531254478819,96.6646874552118,Mildly sparse,False,https://sparse.tamu.edu/MM/HB/dwt_221.tar.gz
538,gupta3,Gupta,16783,9323427,3.31006395948545,96.68993604051454,Mildly sparse,False,https://sparse.tamu.edu/MM/Gupta/gupta3.tar.gz
2769,mycielskian13,Mycielski,6143,1227742,3.25346457479345,96.74653542520656,Mildly sparse,False,https://sparse.tamu.edu/MM/Mycielski/mycielskian13.tar.gz
142,fs_183_3,HB,183,1069,3.19209292603541,96.8079070739646,Mildly sparse,True,https://sparse.tamu.edu/MM/HB/fs_183_3.tar.gz
143,fs_183_4,HB,183,1069,3.19209292603541,96.8079070739646,Mildly sparse,False,https://sparse.tamu.edu/MM/HB/fs_183_4.tar.gz
419,ex22,FIDAP,839,22460,3.19069895627492,96.80930104372509,Mildly sparse,False,https://sparse.tamu.edu/MM/FIDAP/ex22.tar.gz
161,gre_115,HB,115,421,3.18336483931947,96.81663516068052,Mildly sparse,False,https://sparse.tamu.edu/MM/HB/gre_115.tar.gz
188,lns_131,HB,131,536,3.12336110949245,96.87663889050756,Mildly sparse,False,https://sparse.tamu.edu/MM/HB/lns_131.tar.gz
192,lnsp_131,HB,131,536,3.12336110949245,96.87663889050756,Mildly sparse,False,https://sparse.tamu.edu/MM/HB/lnsp_131.tar.gz
463,d_dyn1,Grund,87,232,3.06513409961685,96.93486590038314,Mildly sparse,False,https://sparse.tamu.edu/MM/Grund/d_dyn1.tar.gz
462,d_dyn,Grund,87,230,3.03871052979257,96.96128947020742,Mildly sparse,False,https://sparse.tamu.edu/MM/Grund/d_dyn.tar.gz
2539,TSC_OPF_1047,IPSO,8140,2012833,3.0377982963978,96.9622017036022,Mildly sparse,False,https://sparse.tamu.edu/MM/IPSO/TSC_OPF_1047.tar.gz
1360,Si2,PARSEC,769,17801,3.01017483398465,96.98982516601534,Mildly sparse,False,https://sparse.tamu.edu/MM/PARSEC/Si2.tar.gz
144,fs_183_6,HB,183,1000,2.98605512257756,97.01394487742245,Mildly sparse,False,https://sparse.tamu.edu/MM/HB/fs_183_6.tar.gz
141,fs_183_1,HB,183,998,2.9800830123324,97.0199169876676,Mildly sparse,False,https://sparse.tamu.edu/MM/HB/fs_183_1.tar.gz
100,can_292,HB,292,2540,2.97898292362544,97.02101707637456,Mildly sparse,False,https://sparse.tamu.edu/MM/HB/can_292.tar.gz
2877,micromass_10NN,ML_Graph,571,9668,2.96527123889326,97.03472876110672,Mildly sparse,False,https://sparse.tamu.edu/MM/ML_Graph/micromass_10NN.tar.gz
861,pivtol,MathWorks,102,306,2.94117647058823,97.05882352941175,Mildly sparse,False,https://sparse.tamu.edu/MM/MathWorks/pivtol.tar.gz
1620,mhd1280a,Bai,1280,47906,2.9239501953125,97.0760498046875,Mildly sparse,False,https://sparse.tamu.edu/MM/Bai/mhd1280a.tar.gz
2749,tumorAntiAngiogenesis_2,VDOL,305,2699,2.90137059930126,97.09862940069873,Mildly sparse,False,https://sparse.tamu.edu/MM/VDOL/tumorAntiAngiogenesis_2.tar.gz
162,gre_185,HB,185,975,2.84879474068663,97.15120525931336,Mildly sparse,False,https://sparse.tamu.edu/MM/HB/gre_185.tar.gz
2892,yeast_30NN,ML_Graph,1484,62350,2.83118765484121,97.16881234515878,Mildly sparse,True,https://sparse.tamu.edu/MM/ML_Graph/yeast_30NN.tar.gz
1630,rdb200,Bai,200,1120,2.8000000000000003,97.2,Mildly sparse,False,https://sparse.tamu.edu/MM/Bai/rdb200.tar.gz
1631,rdb200l,Bai,200,1120,2.8000000000000003,97.2,Mildly sparse,False,https://sparse.tamu.edu/MM/Bai/rdb200l.tar.gz
815,raefsky2,Simon,3242,293551,2.7929138721766,97.2070861278234,Mildly sparse,False,https://sparse.tamu.edu/MM/Simon/raefsky2.tar.gz
814,raefsky1,Simon,3242,293409,2.79156285048071,97.20843714951928,Mildly sparse,False,https://sparse.tamu.edu/MM/Simon/raefsky1.tar.gz
2195,EX1,JGD_SPG,560,8736,2.78571428571428,97.21428571428572,Mildly sparse,False,https://sparse.tamu.edu/MM/JGD_SPG/EX1.tar.gz
2196,EX2,JGD_SPG,560,8736,2.78571428571428,97.21428571428572,Mildly sparse,False,https://sparse.tamu.edu/MM/JGD_SPG/EX2.tar.gz
884,sphere3,Pothen,258,1794,2.695150531819,97.304849468181,Mildly sparse,False,https://sparse.tamu.edu/MM/Pothen/sphere3.tar.gz
123,dwt_346,HB,346,3226,2.69471081559691,97.3052891844031,Mildly sparse,False,https://sparse.tamu.edu/MM/HB/dwt_346.tar.gz
2691,hangGlider_1,VDOL,360,3477,2.68287037037037,97.31712962962963,Mildly sparse,False,https://sparse.tamu.edu/MM/VDOL/hangGlider_1.tar.gz
1497,GD98_c,Pajek,112,336,2.67857142857142,97.32142857142856,Mildly sparse,False,https://sparse.tamu.edu/MM/Pajek/GD98_c.tar.gz
121,dwt_307,HB,307,2523,2.67695147959129,97.3230485204087,Mildly sparse,False,https://sparse.tamu.edu/MM/HB/dwt_307.tar.gz
908,cage7,vanHeukelum,340,3084,2.66782006920415,97.33217993079585,Mildly sparse,False,https://sparse.tamu.edu/MM/vanHeukelum/cage7.tar.gz
2392,celegansneural,Newman,297,2345,2.6584588874151103,97.34154111258488,Mildly sparse,False,https://sparse.tamu.edu/MM/Newman/celegansneural.tar.gz
2885,Spectro_10NN,ML_Graph,531,7422,2.63227893219275,97.36772106780724,Mildly sparse,False,https://sparse.tamu.edu/MM/ML_Graph/Spectro_10NN.tar.gz
334,rw136,Bai,136,479,2.58974913494809,97.4102508650519,Mildly sparse,False,https://sparse.tamu.edu/MM/Bai/rw136.tar.gz
8,ash292,HB,292,2208,2.5896040532933,97.4103959467067,Mildly sparse,False,https://sparse.tamu.edu/MM/HB/ash292.tar.gz
2210,Trefethen_700,JGD_Trefethen,700,12654,2.5824489795918297,97.41755102040815,Mildly sparse,False,https://sparse.tamu.edu/MM/JGD_Trefethen/Trefethen_700.tar.gz
175,impcol_e,HB,225,1303,2.57382716049382,97.42617283950618,Mildly sparse,False,https://sparse.tamu.edu/MM/HB/impcol_e.tar.gz
122,dwt_310,HB,310,2448,2.5473465140478604,97.45265348595214,Mildly sparse,False,https://sparse.tamu.edu/MM/HB/dwt_310.tar.gz
2784,email-Eu-core,SNAP,1005,25571,2.5317195118932703,97.46828048810671,Mildly sparse,False,https://sparse.tamu.edu/MM/SNAP/email-Eu-core.tar.gz
1393,pattern1,Andrianov,19242,9323432,2.5181139968338098,97.48188600316618,Mildly sparse,False,https://sparse.tamu.edu/MM/Andrianov/pattern1.tar.gz
202,lshp_265,HB,265,1753,2.4962620149519403,97.50373798504806,Mildly sparse,False,https://sparse.tamu.edu/MM/HB/lshp_265.tar.gz
257,str_600,HB,363,3279,2.48844568904674,97.51155431095326,Mildly sparse,False,https://sparse.tamu.edu/MM/HB/str_600.tar.gz
2785,email-Eu-core-temporal,SNAP,1005,24929,2.46815672879384,97.53184327120616,Mildly sparse,False,https://sparse.tamu.edu/MM/SNAP/email-Eu-core-temporal.tar.gz
2770,mycielskian14,Mycielski,12287,3695512,2.44783928427703,97.55216071572296,Mildly sparse,False,https://sparse.tamu.edu/MM/Mycielski/mycielskian14.tar.gz
1441,piston,Oberwolfach,2025,100015,2.43901844231062,97.56098155768936,Mildly sparse,False,https://sparse.tamu.edu/MM/Oberwolfach/piston.tar.gz
119,dwt_245,HB,245,1461,2.43398583923365,97.56601416076634,Mildly sparse,False,https://sparse.tamu.edu/MM/HB/dwt_245.tar.gz
256,str_400,HB,363,3157,2.3958594206528,97.6041405793472,Mildly sparse,False,https://sparse.tamu.edu/MM/HB/str_400.tar.gz
127,dwt_503,HB,503,6027,2.3821286989790798,97.61787130102093,Mildly sparse,False,https://sparse.tamu.edu/MM/HB/dwt_503.tar.gz
358,msc01050,Boeing,1050,26198,2.37623582766439,97.6237641723356,Mildly sparse,False,https://sparse.tamu.edu/MM/Boeing/msc01050.tar.gz
263,west0132,HB,132,413,2.37029384756657,97.62970615243344,Mildly sparse,False,https://sparse.tamu.edu/MM/HB/west0132.tar.gz
221,nos5,HB,468,5172,2.36138505369274,97.63861494630726,Mildly sparse,False,https://sparse.tamu.edu/MM/HB/nos5.tar.gz
1501,GlossGT,Pajek,72,122,2.35339506172839,97.6466049382716,Mildly sparse,False,https://sparse.tamu.edu/MM/Pajek/GlossGT.tar.gz
2750,tumorAntiAngiogenesis_3,VDOL,410,3952,2.35098155859607,97.64901844140392,Mildly sparse,False,https://sparse.tamu.edu/MM/VDOL/tumorAntiAngiogenesis_3.tar.gz
386,cavity07,DRIVCAV,1182,32702,2.34066553863508,97.65933446136492,Mildly sparse,False,https://sparse.tamu.edu/MM/DRIVCAV/cavity07.tar.gz
388,cavity09,DRIVCAV,1182,32702,2.34066553863508,97.65933446136492,Mildly sparse,False,https://sparse.tamu.edu/MM/DRIVCAV/cavity09.tar.gz
2736,spaceStation_3,VDOL,467,5103,2.3398704198744498,97.66012958012554,Mildly sparse,False,https://sparse.tamu.edu/MM/VDOL/spaceStation_3.tar.gz
384,cavity05,DRIVCAV,1182,32632,2.33565524606262,97.66434475393736,Mildly sparse,True,https://sparse.tamu.edu/MM/DRIVCAV/cavity05.tar.gz
255,str_200,HB,363,3068,2.32831697895559,97.6716830210444,Mildly sparse,False,https://sparse.tamu.edu/MM/HB/str_200.tar.gz
292,bfwa398,Bai,398,3678,2.32191106285194,97.67808893714806,Mildly sparse,False,https://sparse.tamu.edu/MM/Bai/bfwa398.tar.gz
2817,Goodwin_010,Goodwin,1182,32282,2.31060378320034,97.68939621679964,Mildly sparse,False,https://sparse.tamu.edu/MM/Goodwin/Goodwin_010.tar.gz
124,dwt_361,HB,361,2953,2.2659433245601197,97.73405667543987,Mildly sparse,False,https://sparse.tamu.edu/MM/HB/dwt_361.tar.gz
167,hor_131,HB,434,4182,2.22026375586655,97.77973624413346,Mildly sparse,False,https://sparse.tamu.edu/MM/HB/hor_131.tar.gz
2751,tumorAntiAngiogenesis_4,VDOL,455,4593,2.21857263615505,97.78142736384494,Mildly sparse,False,https://sparse.tamu.edu/MM/VDOL/tumorAntiAngiogenesis_4.tar.gz
2753,tumorAntiAngiogenesis_6,VDOL,465,4795,2.21759741010521,97.7824025898948,Mildly sparse,False,https://sparse.tamu.edu/MM/VDOL/tumorAntiAngiogenesis_6.tar.gz
2752,tumorAntiAngiogenesis_5,VDOL,460,4690,2.2164461247637,97.7835538752363,Mildly sparse,False,https://sparse.tamu.edu/MM/VDOL/tumorAntiAngiogenesis_5.tar.gz
215,nnc261,HB,261,1500,2.2019641520236,97.7980358479764,Mildly sparse,False,https://sparse.tamu.edu/MM/HB/nnc261.tar.gz
2730,spaceShuttleEntry_1,VDOL,560,6891,2.19738520408163,97.80261479591836,Mildly sparse,False,https://sparse.tamu.edu/MM/VDOL/spaceShuttleEntry_1.tar.gz
359,msc01440,Boeing,1440,44998,2.1700424382716,97.8299575617284,Mildly sparse,False,https://sparse.tamu.edu/MM/Boeing/msc01440.tar.gz
875,mesh2e1,Pothen,306,2018,2.15515400059806,97.84484599940194,Mildly sparse,False,https://sparse.tamu.edu/MM/Pothen/mesh2e1.tar.gz
876,mesh2em5,Pothen,306,2018,2.15515400059806,97.84484599940194,Mildly sparse,False,https://sparse.tamu.edu/MM/Pothen/mesh2em5.tar.gz
420,ex23,FIDAP,1409,42760,2.15385126840986,97.84614873159012,Mildly sparse,False,https://sparse.tamu.edu/MM/FIDAP/ex23.tar.gz
16,bcspwr04,HB,274,1612,2.14715754701902,97.85284245298098,Mildly sparse,False,https://sparse.tamu.edu/MM/HB/bcspwr04.tar.gz
173,impcol_c,HB,137,400,2.13117374393947,97.86882625606052,Mildly sparse,False,https://sparse.tamu.edu/MM/HB/impcol_c.tar.gz
937,nd6k,ND,18000,6897316,2.1288012345679,97.8711987654321,Mildly sparse,False,https://sparse.tamu.edu/MM/ND/nd6k.tar.gz
385,cavity06,DRIVCAV,1182,29675,2.12400617268044,97.87599382731956,Mildly sparse,False,https://sparse.tamu.edu/MM/DRIVCAV/cavity06.tar.gz
387,cavity08,DRIVCAV,1182,29675,2.12400617268044,97.87599382731956,Mildly sparse,False,https://sparse.tamu.edu/MM/DRIVCAV/cavity08.tar.gz
2886,umistfacesnorm_10NN,ML_Graph,575,6990,2.11417769376181,97.8858223062382,Mildly sparse,False,https://sparse.tamu.edu/MM/ML_Graph/umistfacesnorm_10NN.tar.gz
323,pde225,Bai,225,1065,2.1037037037037,97.8962962962963,Mildly sparse,False,https://sparse.tamu.edu/MM/Bai/pde225.tar.gz
35,bcsstk13,HB,2003,83883,2.09079790199872,97.90920209800127,Mildly sparse,False,https://sparse.tamu.edu/MM/HB/bcsstk13.tar.gz
364,nasa2910,Boeing,2910,174296,2.05826572666832,97.94173427333168,Mildly sparse,False,https://sparse.tamu.edu/MM/Boeing/nasa2910.tar.gz
759,nasa2910,Nasa,2910,174296,2.05826572666832,97.94173427333168,Mildly sparse,False,https://sparse.tamu.edu/MM/Nasa/nasa2910.tar.gz
2754,tumorAntiAngiogenesis_7,VDOL,475,4597,2.0374515235457,97.96254847645427,Mildly sparse,False,https://sparse.tamu.edu/MM/VDOL/tumorAntiAngiogenesis_7.tar.gz
125,dwt_419,HB,419,3563,2.02949402202083,97.97050597797916,Mildly sparse,False,https://sparse.tamu.edu/MM/HB/dwt_419.tar.gz
506,G43,Gset,1000,19980,1.9980000000000002,98.002,Mildly sparse,False,https://sparse.tamu.edu/MM/Gset/G43.tar.gz
507,G44,Gset,1000,19980,1.9980000000000002,98.002,Mildly sparse,False,https://sparse.tamu.edu/MM/Gset/G44.tar.gz
508,G45,Gset,1000,19980,1.9980000000000002,98.002,Mildly sparse,False,https://sparse.tamu.edu/MM/Gset/G45.tar.gz
509,G46,Gset,1000,19980,1.9980000000000002,98.002,Mildly sparse,False,https://sparse.tamu.edu/MM/Gset/G46.tar.gz
510,G47,Gset,1000,19980,1.9980000000000002,98.002,Mildly sparse,False,https://sparse.tamu.edu/MM/Gset/G47.tar.gz
239,saylr1,HB,238,1128,1.9913847892098002,98.0086152107902,Mildly sparse,False,https://sparse.tamu.edu/MM/HB/saylr1.tar.gz
298,bwm200,Bai,200,796,1.9900000000000002,98.01,Mildly sparse,False,https://sparse.tamu.edu/MM/Bai/bwm200.tar.gz
2755,tumorAntiAngiogenesis_8,VDOL,490,4776,1.9891711786755502,98.01082882132444,Mildly sparse,False,https://sparse.tamu.edu/MM/VDOL/tumorAntiAngiogenesis_8.tar.gz
2407,celegans_metabolic,Arenas,453,4065,1.98090727014897,98.01909272985102,Mildly sparse,False,https://sparse.tamu.edu/MM/Arenas/celegans_metabolic.tar.gz
243,sherman2,HB,1080,23094,1.97993827160493,98.02006172839506,Mildly sparse,False,https://sparse.tamu.edu/MM/HB/sherman2.tar.gz
36,bcsstk14,HB,1806,63454,1.94546540447799,98.054534595522,Mildly sparse,False,https://sparse.tamu.edu/MM/HB/bcsstk14.tar.gz
101,can_445,HB,445,3809,1.92349450826915,98.07650549173084,Mildly sparse,False,https://sparse.tamu.edu/MM/HB/can_445.tar.gz
2097,n3c6-b1,JGD_Homology,105,210,1.9047619047619,98.09523809523807,Mildly sparse,False,https://sparse.tamu.edu/MM/JGD_Homology/n3c6-b1.tar.gz
1639,tols340,Bai,340,2196,1.89965397923875,98.10034602076124,Mildly sparse,False,https://sparse.tamu.edu/MM/Bai/tols340.tar.gz
65,bcsstm10,HB,1086,22092,1.8731621948861898,98.1268378051138,Mildly sparse,False,https://sparse.tamu.edu/MM/HB/bcsstm10.tar.gz
32,bcsstk10,HB,1086,22070,1.87129683329433,98.12870316670566,Mildly sparse,False,https://sparse.tamu.edu/MM/HB/bcsstk10.tar.gz
1911,plbuckle,TKK,1282,30644,1.8645301194263002,98.1354698805737,Mildly sparse,False,https://sparse.tamu.edu/MM/TKK/plbuckle.tar.gz
254,str_0,HB,363,2454,1.8623500216287499,98.13764997837124,Mildly sparse,False,https://sparse.tamu.edu/MM/HB/str_0.tar.gz
2771,mycielskian15,Mycielski,24575,11111110,1.8397990663248698,98.16020093367511,Mildly sparse,False,https://sparse.tamu.edu/MM/Mycielski/mycielskian15.tar.gz
295,bfwb398,Bai,398,2910,1.8370748213428898,98.1629251786571,Mildly sparse,False,https://sparse.tamu.edu/MM/Bai/bfwb398.tar.gz
2866,dermatology_5NN,ML_Graph,366,2440,1.82149362477231,98.1785063752277,Mildly sparse,False,https://sparse.tamu.edu/MM/ML_Graph/dermatology_5NN.tar.gz
265,west0167,HB,167,506,1.81433540105417,98.18566459894582,Mildly sparse,False,https://sparse.tamu.edu/MM/HB/west0167.tar.gz
217,nos1,HB,237,1017,1.81060727447524,98.18939272552475,Mildly sparse,False,https://sparse.tamu.edu/MM/HB/nos1.tar.gz
1486,GD95_b,Pajek,73,96,1.8014636892475102,98.19853631075247,Mildly sparse,False,https://sparse.tamu.edu/MM/Pajek/GD95_b.tar.gz
437,ex6,FIDAP,1651,49062,1.7999112921302698,98.20008870786972,Mildly sparse,False,https://sparse.tamu.edu/MM/FIDAP/ex6.tar.gz
2705,lowThrust_1,VDOL,584,6133,1.79823841246012,98.20176158753988,Mildly sparse,False,https://sparse.tamu.edu/MM/VDOL/lowThrust_1.tar.gz
104,can_634,HB,634,7228,1.79820676890007,98.20179323109993,Mildly sparse,False,https://sparse.tamu.edu/MM/HB/can_634.tar.gz
926,poisson2D,FEMLAB,367,2417,1.7945043767494,98.2054956232506,Mildly sparse,False,https://sparse.tamu.edu/MM/FEMLAB/poisson2D.tar.gz
307,ck400,Bai,400,2860,1.7874999999999999,98.2125,Mildly sparse,False,https://sparse.tamu.edu/MM/Bai/ck400.tar.gz
273,will199,HB,199,701,1.77015731925961,98.2298426807404,Mildly sparse,False,https://sparse.tamu.edu/MM/HB/will199.tar.gz
438,ex7,FIDAP,1633,46626,1.74846035664451,98.25153964335549,Mildly sparse,False,https://sparse.tamu.edu/MM/FIDAP/ex7.tar.gz
163,gre_216a,HB,216,812,1.7403978052126199,98.25960219478738,Mildly sparse,False,https://sparse.tamu.edu/MM/HB/gre_216a.tar.gz
164,gre_216b,HB,216,812,1.7403978052126199,98.25960219478738,Mildly sparse,False,https://sparse.tamu.edu/MM/HB/gre_216b.tar.gz
219,nos3,HB,960,15844,1.71918402777777,98.28081597222224,Mildly sparse,False,https://sparse.tamu.edu/MM/HB/nos3.tar.gz
1327,rotor2,Morandini,791,10685,1.7077392473161201,98.29226075268387,Mildly sparse,False,https://sparse.tamu.edu/MM/Morandini/rotor2.tar.gz
139,dwt_992,HB,992,16744,1.70151534859521,98.29848465140478,Mildly sparse,False,https://sparse.tamu.edu/MM/HB/dwt_992.tar.gz
2417,grid1_dual,AG-Monien,224,840,1.6741071428571401,98.32589285714286,Mildly sparse,False,https://sparse.tamu.edu/MM/AG-Monien/grid1_dual.tar.gz
790,nemeth26,Nemeth,9506,1511760,1.67296644430534,98.32703355569464,Mildly sparse,False,https://sparse.tamu.edu/MM/Nemeth/nemeth26.tar.gz
789,nemeth25,Nemeth,9506,1511758,1.6729642310354498,98.32703576896456,Mildly sparse,False,https://sparse.tamu.edu/MM/Nemeth/nemeth25.tar.gz
787,nemeth23,Nemeth,9506,1506810,1.6674886013280699,98.33251139867193,Mildly sparse,False,https://sparse.tamu.edu/MM/Nemeth/nemeth23.tar.gz
788,nemeth24,Nemeth,9506,1506550,1.6672008762424002,98.3327991237576,Mildly sparse,False,https://sparse.tamu.edu/MM/Nemeth/nemeth24.tar.gz
2860,collins_15NN,ML_Graph,1000,16492,1.6492,98.3508,Mildly sparse,False,https://sparse.tamu.edu/MM/ML_Graph/collins_15NN.tar.gz
877,mesh3e1,Pothen,289,1377,1.6486871565235002,98.35131284347648,Mildly sparse,False,https://sparse.tamu.edu/MM/Pothen/mesh3e1.tar.gz
878,mesh3em5,Pothen,289,1377,1.6486871565235002,98.35131284347648,Mildly sparse,False,https://sparse.tamu.edu/MM/Pothen/mesh3em5.tar.gz
203,lshp_406,HB,406,2716,1.64769831832852,98.35230168167148,Mildly sparse,False,https://sparse.tamu.edu/MM/HB/lshp_406.tar.gz
929,problem1,FEMLAB,415,2779,1.613586877631,98.386413122369,Mildly sparse,False,https://sparse.tamu.edu/MM/FEMLAB/problem1.tar.gz
1179,lock2232,HB,2232,80352,1.6129032258064497,98.38709677419357,Mildly sparse,False,https://sparse.tamu.edu/MM/HB/lock2232.tar.gz
2561,cz628,CPM,628,6346,1.60909164671994,98.39090835328004,Mildly sparse,False,https://sparse.tamu.edu/MM/CPM/cz628.tar.gz
2722,reorientation_1,VDOL,677,7326,1.5984151122883299,98.40158488771166,Mildly sparse,False,https://sparse.tamu.edu/MM/VDOL/reorientation_1.tar.gz
423,ex26,FIDAP,2163,74464,1.5915977727377701,98.40840222726224,Mildly sparse,False,https://sparse.tamu.edu/MM/FIDAP/ex26.tar.gz
427,ex3,FIDAP,1821,52685,1.58879217717754,98.41120782282246,Mildly sparse,False,https://sparse.tamu.edu/MM/FIDAP/ex3.tar.gz
33,bcsstk11,HB,1473,34241,1.57812335088852,98.42187664911148,Mildly sparse,False,https://sparse.tamu.edu/MM/HB/bcsstk11.tar.gz
34,bcsstk12,HB,1473,34241,1.57812335088852,98.42187664911148,Mildly sparse,False,https://sparse.tamu.edu/MM/HB/bcsstk12.tar.gz
252,steam2,HB,600,5660,1.57222222222222,98.42777777777778,Mildly sparse,False,https://sparse.tamu.edu/MM/HB/steam2.tar.gz
31,bcsstk09,HB,1083,18437,1.5719305066378801,98.42806949336212,Mildly sparse,False,https://sparse.tamu.edu/MM/HB/bcsstk09.tar.gz
758,nasa2146,Nasa,2146,72250,1.5688391415485898,98.4311608584514,Mildly sparse,False,https://sparse.tamu.edu/MM/Nasa/nasa2146.tar.gz
2859,cnae9_10NN,ML_Graph,1080,18278,1.5670438957475898,98.4329561042524,Mildly sparse,False,https://sparse.tamu.edu/MM/ML_Graph/cnae9_10NN.tar.gz
1489,GD96_b,Pajek,111,193,1.56643129616102,98.43356870383896,Mildly sparse,False,https://sparse.tamu.edu/MM/Pajek/GD96_b.tar.gz
118,dwt_234,HB,234,834,1.52312075388998,98.47687924611002,Mildly sparse,False,https://sparse.tamu.edu/MM/HB/dwt_234.tar.gz
2888,Vehicle_10NN,ML_Graph,846,10894,1.52211212268553,98.47788787731446,Mildly sparse,False,https://sparse.tamu.edu/MM/ML_Graph/Vehicle_10NN.tar.gz
57,bcsstm02,HB,66,66,1.51515151515151,98.48484848484848,Mildly sparse,False,https://sparse.tamu.edu/MM/HB/bcsstm02.tar.gz
2737,spaceStation_4,VDOL,950,13626,1.50980609418282,98.49019390581716,Mildly sparse,False,https://sparse.tamu.edu/MM/VDOL/spaceStation_4.tar.gz
786,nemeth22,Nemeth,9506,1358832,1.50373097545134,98.49626902454864,Mildly sparse,False,https://sparse.tamu.edu/MM/Nemeth/nemeth22.tar.gz
2416,grid1,AG-Monien,252,952,1.49911816578483,98.50088183421516,Mildly sparse,False,https://sparse.tamu.edu/MM/AG-Monien/grid1.tar.gz
264,west0156,HB,156,362,1.48750821827744,98.51249178172256,Mildly sparse,False,https://sparse.tamu.edu/MM/HB/west0156.tar.gz
2718,orbitRaising_1,VDOL,442,2906,1.48747978133125,98.51252021866874,Mildly sparse,False,https://sparse.tamu.edu/MM/VDOL/orbitRaising_1.tar.gz
266,west0381,HB,381,2134,1.47009182907254,98.52990817092746,Mildly sparse,False,https://sparse.tamu.edu/MM/HB/west0381.tar.gz
474,G14,Gset,800,9388,1.466875,98.533125,Mildly sparse,False,https://sparse.tamu.edu/MM/Gset/G14.tar.gz
478,G18,Gset,800,9388,1.466875,98.533125,Mildly sparse,False,https://sparse.tamu.edu/MM/Gset/G18.tar.gz
2738,spaceStation_5,VDOL,1019,15219,1.46567523240953,98.53432476759046,Mildly sparse,False,https://sparse.tamu.edu/MM/VDOL/spaceStation_5.tar.gz
1395,fp,MKS,7548,834222,1.4642588440867599,98.53574115591324,Mildly sparse,False,https://sparse.tamu.edu/MM/MKS/fp.tar.gz
145,fs_541_1,HB,541,4282,1.4630262982564601,98.53697370174352,Mildly sparse,False,https://sparse.tamu.edu/MM/HB/fs_541_1.tar.gz
146,fs_541_2,HB,541,4282,1.4630262982564601,98.53697370174352,Mildly sparse,False,https://sparse.tamu.edu/MM/HB/fs_541_2.tar.gz
147,fs_541_3,HB,541,4282,1.4630262982564601,98.53697370174352,Mildly sparse,False,https://sparse.tamu.edu/MM/HB/fs_541_3.tar.gz
476,G16,Gset,800,9344,1.46,98.54,Mildly sparse,False,https://sparse.tamu.edu/MM/Gset/G16.tar.gz
481,G20,Gset,800,9344,1.46,98.54,Mildly sparse,False,https://sparse.tamu.edu/MM/Gset/G20.tar.gz
148,fs_541_4,HB,541,4273,1.4599512780125798,98.54004872198742,Mildly sparse,False,https://sparse.tamu.edu/MM/HB/fs_541_4.tar.gz
477,G17,Gset,800,9334,1.4584375,98.5415625,Mildly sparse,False,https://sparse.tamu.edu/MM/Gset/G17.tar.gz
482,G21,Gset,800,9334,1.4584375,98.5415625,Mildly sparse,True,https://sparse.tamu.edu/MM/Gset/G21.tar.gz
475,G15,Gset,800,9322,1.4565625,98.5434375,Mildly sparse,False,https://sparse.tamu.edu/MM/Gset/G15.tar.gz
479,G19,Gset,800,9322,1.4565625,98.5434375,Mildly sparse,False,https://sparse.tamu.edu/MM/Gset/G19.tar.gz
130,dwt_592,HB,592,5104,1.4563550036522999,98.5436449963477,Mildly sparse,False,https://sparse.tamu.edu/MM/HB/dwt_592.tar.gz
2818,Goodwin_013,Goodwin,1965,56069,1.45210393074736,98.54789606925264,Mildly sparse,False,https://sparse.tamu.edu/MM/Goodwin/Goodwin_013.tar.gz
2334,DK01R,Fluorem,903,11766,1.44295684742258,98.55704315257742,Mildly sparse,False,https://sparse.tamu.edu/MM/Fluorem/DK01R.tar.gz
2739,spaceStation_6,VDOL,1111,17595,1.4254800817615498,98.57451991823844,Mildly sparse,False,https://sparse.tamu.edu/MM/VDOL/spaceStation_6.tar.gz
107,can_838,HB,838,10010,1.42543047715608,98.57456952284392,Mildly sparse,False,https://sparse.tamu.edu/MM/HB/can_838.tar.gz
2282,mouse_gene,Belcastro,45101,28967291,1.42408377845689,98.57591622154312,Mildly sparse,False,https://sparse.tamu.edu/MM/Belcastro/mouse_gene.tar.gz
2740,spaceStation_7,VDOL,1134,18252,1.41933316536491,98.58066683463508,Mildly sparse,False,https://sparse.tamu.edu/MM/VDOL/spaceStation_7.tar.gz
2741,spaceStation_8,VDOL,1157,18945,1.4152328205526599,98.58476717944734,Mildly sparse,False,https://sparse.tamu.edu/MM/VDOL/spaceStation_8.tar.gz
1496,GD98_b,Pajek,121,207,1.41383785260569,98.5861621473943,Mildly sparse,False,https://sparse.tamu.edu/MM/Pajek/GD98_b.tar.gz
2742,spaceStation_9,VDOL,1180,19674,1.4129560471128901,98.5870439528871,Mildly sparse,False,https://sparse.tamu.edu/MM/VDOL/spaceStation_9.tar.gz
224,orani678,HB,2529,90158,1.40963479235959,98.5903652076404,Mildly sparse,False,https://sparse.tamu.edu/MM/HB/orani678.tar.gz
417,ex20,FIDAP,2203,67830,1.39763195856597,98.60236804143403,Mildly sparse,False,https://sparse.tamu.edu/MM/FIDAP/ex20.tar.gz
131,dwt_607,HB,607,5131,1.3925943617705498,98.60740563822944,Mildly sparse,False,https://sparse.tamu.edu/MM/HB/dwt_607.tar.gz
1621,mhd1280b,Bai,1280,22778,1.3902587890625,98.6097412109375,Mildly sparse,False,https://sparse.tamu.edu/MM/Bai/mhd1280b.tar.gz
2772,mycielskian16,Mycielski,49151,33382480,1.38182765816826,98.61817234183177,Mildly sparse,False,https://sparse.tamu.edu/MM/Mycielski/mycielskian16.tar.gz
1189,rajat05,Rajat,301,1250,1.37967572101853,98.62032427898146,Mildly sparse,False,https://sparse.tamu.edu/MM/Rajat/rajat05.tar.gz
1499,GD99_c,Pajek,105,149,1.35147392290249,98.64852607709751,Mildly sparse,False,https://sparse.tamu.edu/MM/Pajek/GD99_c.tar.gz
231,plskz362,HB,362,1760,1.34306034614328,98.65693965385672,Mildly sparse,False,https://sparse.tamu.edu/MM/HB/plskz362.tar.gz
140,eris1176,HB,1176,18552,1.34145494932666,98.65854505067333,Mildly sparse,False,https://sparse.tamu.edu/MM/HB/eris1176.tar.gz
315,mhdb416,Bai,416,2312,1.3359837278106501,98.66401627218934,Mildly sparse,False,https://sparse.tamu.edu/MM/Bai/mhdb416.tar.gz
128,dwt_512,HB,512,3502,1.33590698242187,98.66409301757812,Mildly sparse,False,https://sparse.tamu.edu/MM/HB/dwt_512.tar.gz
171,impcol_a,HB,207,572,1.33492030152395,98.66507969847603,Mildly sparse,False,https://sparse.tamu.edu/MM/HB/impcol_a.tar.gz
42,bcsstk20,HB,485,3135,1.33276650015942,98.66723349984058,Mildly sparse,False,https://sparse.tamu.edu/MM/HB/bcsstk20.tar.gz
350,crystk01,Boeing,4875,315891,1.32919289940828,98.67080710059172,Mildly sparse,False,https://sparse.tamu.edu/MM/Boeing/crystk01.tar.gz
1180,lock3491,HB,3491,160444,1.31650885064274,98.68349114935728,Mildly sparse,False,https://sparse.tamu.edu/MM/HB/lock3491.tar.gz
126,dwt_492,HB,492,3156,1.30378742811818,98.69621257188182,Mildly sparse,False,https://sparse.tamu.edu/MM/HB/dwt_492.tar.gz
105,can_715,HB,715,6665,1.30373123380116,98.69626876619884,Mildly sparse,False,https://sparse.tamu.edu/MM/HB/can_715.tar.gz
785,nemeth21,Nemeth,9506,1173746,1.2989083400391699,98.70109165996082,Mildly sparse,False,https://sparse.tamu.edu/MM/Nemeth/nemeth21.tar.gz
2665,dynamicSoaringProblem_1,VDOL,647,5367,1.28210334703745,98.71789665296257,Mildly sparse,False,https://sparse.tamu.edu/MM/VDOL/dynamicSoaringProblem_1.tar.gz
1634,rdb450,Bai,450,2580,1.27407407407407,98.72592592592594,Mildly sparse,False,https://sparse.tamu.edu/MM/Bai/rdb450.tar.gz
1635,rdb450l,Bai,450,2580,1.27407407407407,98.72592592592594,Mildly sparse,False,https://sparse.tamu.edu/MM/Bai/rdb450l.tar.gz
1591,conf5_0-4x4-10,QCD,3072,119808,1.26953125,98.73046875,Mildly sparse,False,https://sparse.tamu.edu/MM/QCD/conf5_0-4x4-10.tar.gz
1592,conf5_0-4x4-14,QCD,3072,119808,1.26953125,98.73046875,Mildly sparse,False,https://sparse.tamu.edu/MM/QCD/conf5_0-4x4-14.tar.gz
1593,conf5_0-4x4-18,QCD,3072,119808,1.26953125,98.73046875,Mildly sparse,False,https://sparse.tamu.edu/MM/QCD/conf5_0-4x4-18.tar.gz
1594,conf5_0-4x4-22,QCD,3072,119808,1.26953125,98.73046875,Mildly sparse,False,https://sparse.tamu.edu/MM/QCD/conf5_0-4x4-22.tar.gz
1595,conf5_0-4x4-26,QCD,3072,119808,1.26953125,98.73046875,Mildly sparse,False,https://sparse.tamu.edu/MM/QCD/conf5_0-4x4-26.tar.gz
1596,conf6_0-4x4-20,QCD,3072,119808,1.26953125,98.73046875,Mildly sparse,False,https://sparse.tamu.edu/MM/QCD/conf6_0-4x4-20.tar.gz
1597,conf6_0-4x4-30,QCD,3072,119808,1.26953125,98.73046875,Mildly sparse,False,https://sparse.tamu.edu/MM/QCD/conf6_0-4x4-30.tar.gz
46,bcsstk24,HB,3562,159910,1.26034021225355,98.73965978774643,Mildly sparse,False,https://sparse.tamu.edu/MM/HB/bcsstk24.tar.gz
2243,TSOPF_RS_b678_c1,TSOPF,18696,4396289,1.25773409847975,98.74226590152024,Mildly sparse,False,https://sparse.tamu.edu/MM/TSOPF/TSOPF_RS_b678_c1.tar.gz
808,struct4,Rothberg,4350,237798,1.25669441141498,98.74330558858502,Mildly sparse,False,https://sparse.tamu.edu/MM/Rothberg/struct4.tar.gz
434,ex4,FIDAP,1601,31849,1.24254789226439,98.7574521077356,Mildly sparse,False,https://sparse.tamu.edu/MM/FIDAP/ex4.tar.gz
2689,goddardRocketProblem_1,VDOL,831,8498,1.23059367673529,98.7694063232647,Mildly sparse,False,https://sparse.tamu.edu/MM/VDOL/goddardRocketProblem_1.tar.gz
294,bfwa782,Bai,782,7514,1.22873345935727,98.77126654064271,Mildly sparse,False,https://sparse.tamu.edu/MM/Bai/bfwa782.tar.gz
234,pores_3,HB,532,3474,1.22745774209961,98.77254225790038,Mildly sparse,False,https://sparse.tamu.edu/MM/HB/pores_3.tar.gz
38,bcsstk16,HB,4884,290378,1.2173414200441202,98.78265857995588,Mildly sparse,False,https://sparse.tamu.edu/MM/HB/bcsstk16.tar.gz
838,radfr1,Zitney,1048,13299,1.2108669366587,98.7891330633413,Mildly sparse,False,https://sparse.tamu.edu/MM/Zitney/radfr1.tar.gz
2690,goddardRocketProblem_2,VDOL,867,9058,1.20501962912853,98.79498037087149,Mildly sparse,False,https://sparse.tamu.edu/MM/VDOL/goddardRocketProblem_2.tar.gz
2719,orbitRaising_2,VDOL,739,6526,1.1949732751533,98.80502672484668,Mildly sparse,False,https://sparse.tamu.edu/MM/VDOL/orbitRaising_2.tar.gz
516,G52,Gset,1000,11832,1.1832,98.8168,Mildly sparse,False,https://sparse.tamu.edu/MM/Gset/G52.tar.gz
518,G54,Gset,1000,11832,1.1832,98.8168,Mildly sparse,False,https://sparse.tamu.edu/MM/Gset/G54.tar.gz
517,G53,Gset,1000,11828,1.1828,98.8172,Mildly sparse,False,https://sparse.tamu.edu/MM/Gset/G53.tar.gz
515,G51,Gset,1000,11818,1.1818,98.8182,Mildly sparse,False,https://sparse.tamu.edu/MM/Gset/G51.tar.gz
2731,spaceShuttleEntry_2,VDOL,1428,24073,1.18052122809908,98.81947877190092,Mildly sparse,False,https://sparse.tamu.edu/MM/VDOL/spaceShuttleEntry_2.tar.gz
1465,Erdos971,Pajek,472,2628,1.1796179258833601,98.82038207411664,Mildly sparse,False,https://sparse.tamu.edu/MM/Pajek/Erdos971.tar.gz
363,nasa1824,Boeing,1824,39208,1.1784876115727898,98.8215123884272,Mildly sparse,False,https://sparse.tamu.edu/MM/Boeing/nasa1824.tar.gz
757,nasa1824,Nasa,1824,39208,1.1784876115727898,98.8215123884272,Mildly sparse,False,https://sparse.tamu.edu/MM/Nasa/nasa1824.tar.gz
1467,Erdos981,Pajek,485,2762,1.17419491975767,98.82580508024232,Mildly sparse,False,https://sparse.tamu.edu/MM/Pajek/Erdos981.tar.gz
1469,Erdos991,Pajek,492,2834,1.1707647564280501,98.82923524357194,Mildly sparse,False,https://sparse.tamu.edu/MM/Pajek/Erdos991.tar.gz
204,lshp_577,HB,577,3889,1.16811692583103,98.83188307416896,Mildly sparse,False,https://sparse.tamu.edu/MM/HB/lshp_577.tar.gz
2876,mice_10NN,ML_Graph,1077,13484,1.16248494519923,98.83751505480078,Mildly sparse,False,https://sparse.tamu.edu/MM/ML_Graph/mice_10NN.tar.gz
411,ex13,FIDAP,2568,75628,1.14681291912927,98.85318708087073,Mildly sparse,False,https://sparse.tamu.edu/MM/FIDAP/ex13.tar.gz
1619,dwg961b,Bai,961,10591,1.14680662378007,98.85319337621992,Mildly sparse,False,https://sparse.tamu.edu/MM/Bai/dwg961b.tar.gz
425,ex28,FIDAP,2603,77031,1.13688673593768,98.86311326406232,Mildly sparse,False,https://sparse.tamu.edu/MM/FIDAP/ex28.tar.gz
391,cavity12,DRIVCAV,2597,76258,1.13068469008922,98.86931530991076,Mildly sparse,False,https://sparse.tamu.edu/MM/DRIVCAV/cavity12.tar.gz
393,cavity14,DRIVCAV,2597,76258,1.13068469008922,98.86931530991076,Mildly sparse,False,https://sparse.tamu.edu/MM/DRIVCAV/cavity14.tar.gz
389,cavity10,DRIVCAV,2597,76171,1.1293947327334302,98.87060526726655,Mildly sparse,False,https://sparse.tamu.edu/MM/DRIVCAV/cavity10.tar.gz
819,raefsky6,Simon,3402,130371,1.12645119013921,98.87354880986078,Mildly sparse,False,https://sparse.tamu.edu/MM/Simon/raefsky6.tar.gz
50,bcsstk28,HB,4410,219024,1.1261974177426,98.8738025822574,Mildly sparse,False,https://sparse.tamu.edu/MM/HB/bcsstk28.tar.gz
30,bcsstk08,HB,1074,12960,1.12356043818857,98.87643956181142,Mildly sparse,False,https://sparse.tamu.edu/MM/HB/bcsstk08.tar.gz
165,gre_343,HB,343,1310,1.11348162755314,98.88651837244686,Mildly sparse,False,https://sparse.tamu.edu/MM/HB/gre_343.tar.gz
2219,TSOPF_RS_b2383,TSOPF,38120,16171169,1.1128474420535301,98.88715255794646,Mildly sparse,False,https://sparse.tamu.edu/MM/TSOPF/TSOPF_RS_b2383.tar.gz
2236,TSOPF_RS_b2383_c1,TSOPF,38120,16171169,1.1128474420535301,98.88715255794646,Mildly sparse,False,https://sparse.tamu.edu/MM/TSOPF/TSOPF_RS_b2383_c1.tar.gz
91,can_1054,HB,1054,12196,1.0978327794360598,98.90216722056392,Mildly sparse,False,https://sparse.tamu.edu/MM/HB/can_1054.tar.gz
938,nd12k,ND,36000,14220946,1.09729521604938,98.9027047839506,Mildly sparse,False,https://sparse.tamu.edu/MM/ND/nd12k.tar.gz
92,can_1072,HB,1072,12444,1.0828553129873,98.9171446870127,Mildly sparse,False,https://sparse.tamu.edu/MM/HB/can_1072.tar.gz
2743,spaceStation_10,VDOL,1272,17478,1.08023317906728,98.91976682093272,Mildly sparse,False,https://sparse.tamu.edu/MM/VDOL/spaceStation_10.tar.gz
841,rdist3a,Zitney,2398,61896,1.0763765467608801,98.9236234532391,Mildly sparse,False,https://sparse.tamu.edu/MM/Zitney/rdist3a.tar.gz
784,nemeth20,Nemeth,9506,971870,1.07550530390209,98.92449469609792,Mildly sparse,False,https://sparse.tamu.edu/MM/Nemeth/nemeth20.tar.gz
375,coater1,Brethour,1348,19457,1.07076975230916,98.92923024769084,Mildly sparse,False,https://sparse.tamu.edu/MM/Brethour/coater1.tar.gz
190,lns_511,HB,511,2796,1.0707679581496699,98.92923204185034,Mildly sparse,False,https://sparse.tamu.edu/MM/HB/lns_511.tar.gz
193,lnsp_511,HB,511,2796,1.0707679581496699,98.92923204185034,Mildly sparse,False,https://sparse.tamu.edu/MM/HB/lnsp_511.tar.gz
909,cage8,vanHeukelum,1015,11003,1.0680191220364401,98.93198087796355,Mildly sparse,False,https://sparse.tamu.edu/MM/vanHeukelum/cage8.tar.gz
390,cavity11,DRIVCAV,2597,71601,1.0616349038144002,98.9383650961856,Mildly sparse,False,https://sparse.tamu.edu/MM/DRIVCAV/cavity11.tar.gz
392,cavity13,DRIVCAV,2597,71601,1.0616349038144002,98.9383650961856,Mildly sparse,False,https://sparse.tamu.edu/MM/DRIVCAV/cavity13.tar.gz
394,cavity15,DRIVCAV,2597,71601,1.0616349038144002,98.9383650961856,Mildly sparse,False,https://sparse.tamu.edu/MM/DRIVCAV/cavity15.tar.gz
2197,EX3,JGD_SPG,2600,71760,1.06153846153846,98.93846153846154,Mildly sparse,False,https://sparse.tamu.edu/MM/JGD_SPG/EX3.tar.gz
2198,EX4,JGD_SPG,2600,71760,1.06153846153846,98.93846153846154,Mildly sparse,False,https://sparse.tamu.edu/MM/JGD_SPG/EX4.tar.gz
1172,Harvard500,MathWorks,500,2636,1.0544,98.9456,Mildly sparse,False,https://sparse.tamu.edu/MM/MathWorks/Harvard500.tar.gz
2720,orbitRaising_3,VDOL,761,6098,1.05297511228223,98.94702488771776,Mildly sparse,False,https://sparse.tamu.edu/MM/VDOL/orbitRaising_3.tar.gz
2211,Trefethen_2000,JGD_Trefethen,2000,41906,1.04765,98.95235,Mildly sparse,False,https://sparse.tamu.edu/MM/JGD_Trefethen/Trefethen_2000.tar.gz
361,msc10848,Boeing,10848,1229776,1.04502495192349,98.9549750480765,Mildly sparse,False,https://sparse.tamu.edu/MM/Boeing/msc10848.tar.gz
134,dwt_758,HB,758,5994,1.04322581992606,98.95677418007394,Mildly sparse,False,https://sparse.tamu.edu/MM/HB/dwt_758.tar.gz
56,bcsstm01,HB,48,24,1.04166666666666,98.95833333333334,Mildly sparse,False,https://sparse.tamu.edu/MM/HB/bcsstm01.tar.gz
2773,mycielskian17,Mycielski,98303,100245742,1.03736691110625,98.96263308889375,Mildly sparse,True,https://sparse.tamu.edu/MM/Mycielski/mycielskian17.tar.gz
2235,TSOPF_RS_b2052_c1,TSOPF,25626,6761100,1.02956961203521,98.97043038796478,Mildly sparse,False,https://sparse.tamu.edu/MM/TSOPF/TSOPF_RS_b2052_c1.tar.gz
41,bcsstk19,HB,817,6853,1.02668358579691,98.97331641420308,Mildly sparse,False,https://sparse.tamu.edu/MM/HB/bcsstk19.tar.gz
2744,spaceStation_11,VDOL,1364,18954,1.0187605885742201,98.98123941142578,Mildly sparse,False,https://sparse.tamu.edu/MM/VDOL/spaceStation_11.tar.gz
1274,ramage02,GHS_psdef,16830,2866352,1.01195520971131,98.98804479028868,Mildly sparse,False,https://sparse.tamu.edu/MM/GHS_psdef/ramage02.tar.gz
154,fs_760_3,HB,760,5816,1.0069252077562298,98.99307479224376,Mildly sparse,False,https://sparse.tamu.edu/MM/HB/fs_760_3.tar.gz
