name,class,tag,n,A_nnz,h2d,csc,count,scan,expand,workest,compute,copy,sort,reduce,final,numeric,pack,d2h
bcsstk02,Dense,cu,66,4356,0.08700000000010277,,,,,0.07099999999991269,0.2380000000000564,0.04899999999997817,,,,,0.01999999999998181,0.11300000000005639
bcsstk02,Dense,gust,66,4356,0.08000000000004093,,0.02400000000000091,0.04200000000003001,0.0989999999999327,,,,0.26900000000000546,0.15300000000002,0.20199999999999818,,0.020999999999958163,0.01700000000005275
bcsstk02,Dense,outer,66,4356,0.08000000000004093,0.09699999999997999,0.01999999999998181,0.03700000000003456,0.08699999999998909,,,,0.2619999999999436,0.14999999999997726,0.22400000000004638,,0.025999999999953616,0.030000000000086402
bcsstk02,Dense,colw,66,4356,0.08399999999994634,0.09500000000002728,0.023000000000024556,0.03599999999994452,0.09699999999997999,,,,0.26300000000003365,0.4660000000000082,0.20299999999997453,,0.022000000000048203,0.018000000000029104
bcsstk02,Dense,inner,66,4356,0.07800000000008822,0.0949999999999136,0.031000000000062755,0.03999999999996362,0.09699999999997999,,,,0.26300000000003365,0.14599999999995816,0.19600000000002638,0.09900000000004638,0.021999999999934516,0.016000000000076398
can_24,Dense,cu,24,160,0.08200000000010732,,,,,0.06799999999998363,0.15899999999999181,0.053999999999973625,,,,,0.01999999999998181,0.02800000000002001
can_24,Dense,gust,24,160,0.08199999999999363,,0.01999999999998181,0.03899999999998727,0.022000000000048203,,,,0.045999999999935426,0.03899999999998727,0.05400000000008731,,0.016999999999939064,0.012000000000057298
can_24,Dense,outer,24,160,0.07599999999990814,0.06400000000007822,0.01999999999998181,0.03499999999996817,0.019000000000005457,,,,0.043000000000006366,0.03700000000003456,0.05700000000001637,,0.017999999999915417,0.012000000000057298
can_24,Dense,colw,24,160,0.08299999999996999,0.06600000000003092,0.018000000000029104,0.03499999999996817,0.019000000000005457,,,,0.04200000000003001,0.03499999999996817,0.04899999999997817,,0.01700000000005275,0.011999999999943611
can_24,Dense,inner,24,160,0.07600000000002183,0.06200000000001182,0.018000000000029104,0.033999999999991815,0.018000000000029104,,,,0.043000000000006366,0.03199999999992542,0.04800000000000182,0.024999999999977263,0.01700000000005275,0.011999999999943611
bcsstk04,Dense,cu,132,3648,0.08500000000003638,,,,,0.07100000000002638,0.26900000000000546,0.06399999999996453,,,,,0.019000000000005457,0.12400000000002365
bcsstk04,Dense,gust,132,3648,0.07999999999992724,,0.023000000000024556,0.03899999999998727,0.035000000000081855,,,,0.26099999999996726,0.1190000000000282,0.13400000000001455,,0.01999999999998181,0.01999999999998181
bcsstk04,Dense,outer,132,3648,0.08399999999994634,0.09000000000003183,0.01999999999998181,0.03599999999994452,0.023000000000024556,,,,0.2599999999999909,0.10700000000008458,0.13599999999996726,,0.020999999999958163,0.03700000000003456
bcsstk04,Dense,colw,132,3648,0.07899999999995089,0.08600000000001273,0.022000000000048203,0.033999999999991815,0.033999999999991815,,,,0.25699999999994816,0.10000000000002274,0.13800000000003365,,0.024999999999977263,0.020999999999958163
bcsstk04,Dense,inner,132,3648,0.07699999999999818,0.08399999999994634,0.020999999999958163,0.03600000000005821,0.033999999999991815,,,,0.25699999999994816,0.09800000000007003,0.1309999999999718,0.05200000000002092,0.024999999999977263,0.020999999999958163
bcsstk01,Dense,cu,48,400,0.08699999999998909,,,,,0.06899999999995998,0.15999999999996817,0.055000000000063665,,,,,0.019000000000005457,0.028999999999996362
bcsstk01,Dense,gust,48,400,0.08400000000006003,,0.019000000000005457,0.043000000000006366,0.023000000000024556,,,,0.11000000000001364,0.04099999999993997,0.05700000000001637,,0.019000000000005457,0.014000000000010004
bcsstk01,Dense,outer,48,400,0.07799999999997453,0.06700000000000728,0.01999999999998181,0.03600000000005821,0.01999999999998181,,,,0.1069999999999709,0.04899999999997817,0.07200000000000273,,0.019000000000005457,0.014000000000010004
bcsstk01,Dense,colw,48,400,0.08100000000001728,0.06700000000000728,0.019000000000005457,0.03599999999994452,0.01999999999998181,,,,0.11000000000001364,0.03700000000003456,0.049999999999954525,,0.019000000000005457,0.013000000000033651
bcsstk01,Dense,inner,48,400,0.07600000000002183,0.06600000000003092,0.017999999999915417,0.047000000000025466,0.02100000000007185,,,,0.10599999999999454,0.03599999999994452,0.051000000000044565,0.025999999999953616,0.018000000000029104,0.013000000000033651
can_61,Dense,cu,61,557,0.08599999999989905,,,,,0.08700000000010277,0.17599999999993088,0.057999999999992724,,,,,0.019000000000005457,0.029999999999972715
can_61,Dense,gust,61,557,0.08600000000001273,,0.022000000000048203,0.041999999999916326,0.02500000000009095,,,,0.11099999999999,0.041999999999916326,0.057999999999992724,,0.018000000000029104,0.014000000000010004
can_61,Dense,outer,61,557,0.42000000000007276,0.08399999999994634,0.01999999999998181,0.03700000000003456,0.01999999999998181,,,,0.11000000000001364,0.04899999999997817,0.05299999999999727,,0.019000000000005457,0.014999999999986358
can_61,Dense,colw,61,557,0.10200000000008913,0.07799999999997453,0.01999999999998181,0.03700000000003456,0.023000000000024556,,,,0.1089999999999236,0.03700000000003456,0.05299999999999727,,0.016999999999939064,0.014000000000010004
can_61,Dense,inner,61,557,0.08199999999999363,0.07400000000006912,0.019000000000005457,0.03599999999994452,0.023000000000024556,,,,0.10500000000001819,0.03599999999994452,0.06000000000005912,0.02800000000002001,0.019000000000005457,0.014000000000010004
bcsstk05,Dense,cu,153,2423,0.10099999999999909,,,,,0.07100000000002638,0.18299999999999272,0.05599999999992633,,,,,0.019000000000005457,0.03300000000001546
bcsstk05,Dense,gust,153,2423,0.08600000000001273,,0.020999999999958163,0.03999999999996362,0.026000000000067303,,,,0.13999999999998636,0.03899999999998727,0.05700000000001637,,0.018000000000029104,0.01599999999996271
bcsstk05,Dense,outer,153,2423,0.08400000000006003,0.07600000000002183,0.019000000000005457,0.03599999999994452,0.01999999999998181,,,,0.12000000000000455,0.04399999999998272,0.05299999999999727,,0.01700000000005275,0.029999999999972715
bcsstk05,Dense,colw,153,2423,0.08799999999996544,0.07699999999999818,0.02100000000007185,0.03499999999996817,0.024999999999977263,,,,0.12000000000000455,0.03600000000005821,0.05199999999990723,,0.01700000000005275,0.01700000000005275
bcsstk05,Dense,inner,153,2423,0.08899999999994179,0.07400000000006912,0.020999999999958163,0.03499999999996817,0.023000000000024556,,,,0.11800000000005184,0.04399999999998272,0.057999999999992724,0.03099999999994907,0.018000000000029104,0.01599999999996271
bcspwr01,Mildly sparse,cu,39,131,0.08400000000006003,,,,,0.07000000000005002,0.15899999999999181,0.056999999999902684,,,,,0.030000000000086402,0.03099999999994907
bcspwr01,Mildly sparse,gust,39,131,0.08399999999994634,,0.01999999999998181,0.04100000000005366,0.01999999999998181,,,,0.04600000000004911,0.03999999999996362,0.05700000000001637,,0.018000000000029104,0.012999999999919964
bcspwr01,Mildly sparse,outer,39,131,0.07600000000002183,0.06400000000007822,0.01999999999998181,0.03599999999994452,0.018000000000029104,,,,0.043000000000006366,0.04499999999995907,0.05200000000002092,,0.018000000000029104,0.025999999999953616
bcspwr01,Mildly sparse,colw,39,131,0.08199999999999363,0.06700000000000728,0.019000000000005457,0.03600000000005821,0.017999999999915417,,,,0.043000000000006366,0.03499999999996817,0.05200000000002092,,0.018000000000029104,0.013000000000033651
bcspwr01,Mildly sparse,inner,39,131,0.07599999999990814,0.06200000000001182,0.018000000000029104,0.03499999999996817,0.01700000000005275,,,,0.043000000000006366,0.03599999999994452,0.051000000000044565,0.03300000000001546,0.017999999999915417,0.013000000000033651
can_96,Mildly sparse,cu,96,768,0.11199999999996635,,,,,0.07300000000009277,0.15699999999992542,0.05299999999999727,,,,,0.019000000000005457,0.02800000000002001
can_96,Mildly sparse,gust,96,768,0.11099999999999,,0.023000000000024556,0.043000000000006366,0.01999999999998181,,,,0.11099999999999,0.038000000000010914,0.05200000000002092,,0.019000000000005457,0.013000000000033651
can_96,Mildly sparse,outer,96,768,0.0989999999999327,0.06700000000000728,0.020000000000095497,0.032999999999901775,0.016000000000076398,,,,0.10599999999999454,0.043000000000006366,0.04699999999991178,,0.018000000000029104,0.016000000000076398
can_96,Mildly sparse,colw,96,768,0.10099999999999909,0.06999999999993634,0.01999999999998181,0.03200000000003911,0.018000000000029104,,,,0.10399999999992815,0.0340000000001055,0.04699999999991178,,0.01700000000005275,0.013000000000033651
can_96,Mildly sparse,inner,96,768,0.10000000000002274,0.06299999999998818,0.01999999999998181,0.03099999999994907,0.018000000000029104,,,,0.10599999999999454,0.03499999999996817,0.04500000000007276,0.02400000000000091,0.016999999999939064,0.013000000000033651
arc130,Mildly sparse,cu,130,1282,0.08999999999991815,,,,,0.07100000000002638,0.18000000000006366,0.053999999999973625,,,,,0.016999999999939064,0.038000000000010914
arc130,Mildly sparse,gust,130,1282,0.08199999999999363,,0.02299999999991087,0.03899999999998727,0.039000000000100954,,,,0.12199999999995725,0.038000000000010914,0.057999999999992724,,0.018000000000029104,0.021999999999934516
arc130,Mildly sparse,outer,130,1282,0.08000000000004093,0.10500000000001819,0.019000000000005457,0.03499999999996817,0.031000000000062755,,,,0.1169999999999618,0.04200000000003001,0.053999999999973625,,0.016999999999939064,0.035000000000081855
arc130,Mildly sparse,colw,130,1282,0.08000000000004093,0.10400000000004184,0.021999999999934516,0.033999999999991815,0.04900000000009186,,,,0.11799999999993815,0.033999999999991815,0.053999999999973625,,0.018000000000029104,0.02100000000007185
arc130,Mildly sparse,inner,130,1282,0.08000000000004093,0.10199999999997544,0.023000000000024556,0.03300000000001546,0.038000000000010914,,,,0.1169999999999618,0.033999999999991815,0.05700000000001637,0.04899999999997817,0.01700000000005275,0.020999999999958163
ash85,Mildly sparse,cu,85,523,0.08499999999992269,,,,,0.06600000000003092,0.16600000000005366,0.05599999999992633,,,,,0.018000000000029104,0.027000000000043656
ash85,Mildly sparse,gust,85,523,0.07999999999992724,,0.018000000000029104,0.03700000000003456,0.020999999999958163,,,,0.10800000000006094,0.038000000000010914,0.05299999999999727,,0.016999999999939064,0.012000000000057298
ash85,Mildly sparse,outer,85,523,0.07699999999999818,0.05999999999994543,0.019000000000005457,0.04200000000003001,0.01999999999998181,,,,0.10500000000001819,0.043000000000006366,0.04800000000000182,,0.016999999999939064,0.013000000000033651
ash85,Mildly sparse,colw,85,523,0.08100000000001728,0.06299999999998818,0.019000000000005457,0.033999999999991815,0.018000000000029104,,,,0.10400000000004184,0.033999999999991815,0.04899999999997817,,0.01599999999996271,0.013000000000033651
ash85,Mildly sparse,inner,85,523,0.08600000000001273,0.06299999999998818,0.018000000000029104,0.03499999999996817,0.01700000000005275,,,,0.10400000000004184,0.033999999999991815,0.05299999999999727,0.02400000000000091,0.016999999999939064,0.012000000000057298
can_73,Mildly sparse,cu,73,377,0.09800000000007003,,,,,0.07499999999993179,0.1750000000000682,0.05599999999992633,,,,,0.020000000000095497,0.029999999999972715
can_73,Mildly sparse,gust,73,377,0.0809999999999036,,0.02100000000007185,0.04099999999993997,0.022000000000048203,,,,0.045999999999935426,0.043000000000006366,0.05600000000004002,,0.01700000000005275,0.013999999999896318
can_73,Mildly sparse,outer,73,377,0.10000000000002274,0.06700000000000728,0.019000000000005457,0.03599999999994452,0.01999999999998181,,,,0.04600000000004911,0.038000000000010914,0.06099999999992178,,0.01700000000005275,0.014000000000010004
can_73,Mildly sparse,colw,73,377,0.07899999999995089,0.06500000000005457,0.01999999999998181,0.03599999999994452,0.020000000000095497,,,,0.045999999999935426,0.03600000000005821,0.05199999999990723,,0.018000000000029104,0.013000000000033651
can_73,Mildly sparse,inner,73,377,0.07899999999995089,0.06500000000005457,0.019000000000005457,0.03700000000003456,0.019000000000005457,,,,0.04499999999995907,0.03499999999996817,0.051000000000044565,0.024999999999977263,0.018000000000029104,0.012999999999919964
bcspwr02,Mildly sparse,cu,49,167,0.08800000000007913,,,,,0.08299999999996999,0.17499999999995453,0.05700000000001637,,,,,0.01999999999998181,0.02800000000002001
bcspwr02,Mildly sparse,gust,49,167,0.08300000000008367,,0.019000000000005457,0.043000000000006366,0.021999999999934516,,,,0.04899999999997817,0.04100000000005366,0.05599999999992633,,0.018000000000029104,0.013000000000033651
bcspwr02,Mildly sparse,outer,49,167,0.07699999999999818,0.07699999999999818,0.019000000000005457,0.038000000000010914,0.019000000000005457,,,,0.04499999999995907,0.04399999999998272,0.06100000000003547,,0.016999999999939064,0.012000000000057298
bcspwr02,Mildly sparse,colw,49,167,0.07899999999995089,0.06400000000007822,0.019000000000005457,0.036999999999920874,0.01999999999998181,,,,0.044000000000096406,0.03599999999994452,0.051000000000044565,,0.017999999999915417,0.012000000000057298
bcspwr02,Mildly sparse,inner,49,167,0.07399999999995543,0.07699999999999818,0.019000000000005457,0.03600000000005821,0.019000000000005457,,,,0.04200000000003001,0.03599999999994452,0.05299999999999727,0.02400000000000091,0.01999999999998181,0.011000000000080945
can_144,Mildly sparse,cu,144,1296,0.08899999999994179,,,,,0.07699999999999818,0.16800000000000637,0.05600000000004002,,,,,0.018000000000029104,0.029999999999972715
can_144,Mildly sparse,gust,144,1296,0.08600000000001273,,0.020999999999958163,0.04100000000005366,0.02400000000000091,,,,0.11799999999993815,0.04399999999998272,0.055000000000063665,,0.017999999999915417,0.014000000000010004
can_144,Mildly sparse,outer,144,1296,0.08500000000003638,0.07000000000005002,0.01999999999998181,0.038000000000010914,0.02800000000002001,,,,0.11599999999998545,0.03899999999998727,0.06700000000000728,,0.018000000000029104,0.027999999999906322
can_144,Mildly sparse,colw,144,1296,0.09500000000002728,0.07099999999991269,0.019000000000005457,0.03600000000005821,0.01999999999998181,,,,0.1129999999999427,0.038000000000010914,0.051000000000044565,,0.019000000000005457,0.014000000000010004
can_144,Mildly sparse,inner,144,1296,0.08000000000004093,0.06599999999991724,0.018000000000029104,0.03700000000003456,0.01999999999998181,,,,0.11000000000001364,0.038000000000010914,0.049999999999954525,0.026000000000067303,0.017999999999915417,0.014999999999986358
can_62,Mildly sparse,cu,62,218,0.08300000000008367,,,,,0.07200000000000273,0.16099999999994452,0.06700000000000728,,,,,0.022000000000048203,0.027999999999906322
can_62,Mildly sparse,gust,62,218,0.08399999999994634,,0.02100000000007185,0.04099999999993997,0.02100000000007185,,,,0.04799999999988813,0.04000000000007731,0.05700000000001637,,0.017999999999915417,0.013000000000033651
can_62,Mildly sparse,outer,62,218,0.07699999999999818,0.06299999999998818,0.01999999999998181,0.03499999999996817,0.01999999999998181,,,,0.043000000000006366,0.04500000000007276,0.05599999999992633,,0.018000000000029104,0.01700000000005275
can_62,Mildly sparse,colw,62,218,0.08100000000001728,0.06500000000005457,0.01999999999998181,0.03599999999994452,0.019000000000005457,,,,0.04500000000007276,0.03599999999994452,0.05000000000006821,,0.019000000000005457,0.011999999999943611
can_62,Mildly sparse,inner,62,218,0.07600000000002183,0.06299999999998818,0.019000000000005457,0.035000000000081855,0.019000000000005457,,,,0.043000000000006366,0.036999999999920874,0.06400000000007822,0.02299999999991087,0.019000000000005457,0.013000000000033651
can_161,Mildly sparse,cu,161,1377,0.08600000000001273,,,,,0.06899999999995998,0.15399999999999636,0.05200000000002092,,,,,0.018000000000029104,0.029999999999972715
can_161,Mildly sparse,gust,161,1377,0.08199999999999363,,0.022000000000048203,0.03899999999998727,0.023000000000024556,,,,0.1129999999999427,0.03899999999998727,0.06900000000007367,,0.019000000000005457,0.014000000000010004
can_161,Mildly sparse,outer,161,1377,0.08399999999994634,0.06800000000009732,0.019000000000005457,0.033999999999991815,0.019000000000005457,,,,0.10599999999999454,0.036999999999920874,0.057999999999992724,,0.01700000000005275,0.029999999999972715
can_161,Mildly sparse,colw,161,1377,0.08199999999999363,0.06700000000000728,0.019000000000005457,0.03200000000003911,0.019000000000005457,,,,0.11599999999998545,0.03499999999996817,0.04800000000000182,,0.01700000000005275,0.014000000000010004
can_161,Mildly sparse,inner,161,1377,0.08100000000001728,0.06399999999996453,0.018000000000029104,0.03300000000001546,0.019000000000005457,,,,0.10599999999999454,0.03599999999994452,0.047000000000025466,0.026000000000067303,0.017999999999915417,0.014000000000010004
bcsstk03,Mildly sparse,cu,112,640,0.08699999999998909,,,,,0.06700000000000728,0.15499999999997272,0.051000000000044565,,,,,0.018000000000029104,0.02699999999992997
bcsstk03,Mildly sparse,gust,112,640,0.07799999999997453,,0.019000000000005457,0.038000000000010914,0.01999999999998181,,,,0.11000000000001364,0.03899999999998727,0.05200000000002092,,0.018000000000029104,0.012999999999919964
bcsstk03,Mildly sparse,outer,112,640,0.07499999999993179,0.06200000000001182,0.019000000000005457,0.03200000000003911,0.018000000000029104,,,,0.11399999999991905,0.035000000000081855,0.053999999999973625,,0.016999999999939064,0.012000000000057298
bcsstk03,Mildly sparse,colw,112,640,0.07600000000002183,0.06100000000003547,0.019000000000005457,0.04099999999993997,0.018000000000029104,,,,0.10500000000001819,0.03499999999996817,0.047000000000025466,,0.016999999999939064,0.012000000000057298
bcsstk03,Mildly sparse,inner,112,640,0.07500000000004547,0.05899999999996908,0.018000000000029104,0.03199999999992542,0.016000000000076398,,,,0.10399999999992815,0.035000000000081855,0.04699999999991178,0.02100000000007185,0.016999999999939064,0.012000000000057298
bcsstk06,Mildly sparse,cu,420,7860,0.08799999999996544,,,,,0.07100000000002638,0.2599999999999909,0.06200000000001182,,,,,0.019000000000005457,0.1269999999999527
bcsstk06,Mildly sparse,gust,420,7860,0.08300000000008367,,0.021999999999934516,0.04100000000005366,0.03099999999994907,,,,0.27300000000002456,0.10400000000004184,0.06099999999992178,,0.01999999999998181,0.02800000000002001
bcsstk06,Mildly sparse,outer,420,7860,0.07799999999997453,0.09000000000003183,0.020999999999958163,0.03600000000005821,0.08299999999996999,,,,0.26400000000001,0.10400000000004184,0.14199999999993906,,0.020999999999958163,0.04200000000003001
bcsstk06,Mildly sparse,colw,420,7860,0.09299999999996089,0.08199999999999363,0.02100000000007185,0.03499999999996817,0.08899999999994179,,,,0.26499999999998636,0.10099999999999909,0.1330000000000382,,0.01999999999998181,0.02800000000002001
bcsstk06,Mildly sparse,inner,420,7860,0.08299999999996999,0.08100000000001728,0.02100000000007185,0.03499999999996817,0.08899999999994179,,,,0.26499999999998636,0.10000000000002274,0.13600000000008095,0.03499999999996817,0.01999999999998181,0.028999999999996362
bcsstk07,Mildly sparse,cu,420,7860,0.08699999999998909,,,,,0.07300000000009277,0.27299999999991087,0.06600000000003092,,,,,0.020999999999958163,0.1350000000001046
bcsstk07,Mildly sparse,gust,420,7860,0.08499999999992269,,0.022000000000048203,0.04200000000003001,0.029999999999972715,,,,0.27499999999997726,0.10800000000006094,0.07200000000000273,,0.024999999999977263,0.029999999999972715
bcsstk07,Mildly sparse,outer,420,7860,0.08300000000008367,0.08199999999999363,0.019000000000005457,0.036999999999920874,0.08400000000006003,,,,0.3120000000000118,0.16300000000001091,0.21199999999998909,,0.03599999999994452,0.051000000000044565
bcsstk07,Mildly sparse,colw,420,7860,0.125,0.11199999999996635,0.029999999999972715,0.05000000000006821,0.16699999999991633,,,,0.37400000000002365,0.17700000000002092,0.20500000000004093,,0.03799999999989723,0.03700000000003456
bcsstk07,Mildly sparse,inner,420,7860,0.13400000000001455,0.11599999999998545,0.02800000000002001,0.04899999999997817,0.1369999999999436,,,,0.3490000000000464,0.15099999999995362,0.1510000000000673,0.03899999999998727,0.022000000000048203,0.03099999999994907
can_256,Mildly sparse,cu,256,2916,0.11300000000005639,,,,,0.07499999999993179,0.19299999999998363,0.059000000000082764,,,,,0.01999999999998181,0.04099999999993997
can_256,Mildly sparse,gust,256,2916,0.09199999999998454,,0.023000000000024556,0.04000000000007731,0.032999999999901775,,,,0.12400000000002365,0.04100000000005366,0.05999999999994543,,0.018000000000029104,0.03599999999994452
can_256,Mildly sparse,outer,256,2916,0.08600000000001273,0.1029999999999518,0.01700000000005275,0.03700000000003456,0.027999999999906322,,,,0.12100000000009459,0.045999999999935426,0.055000000000063665,,0.017999999999915417,0.04100000000005366
can_256,Mildly sparse,colw,256,2916,0.09100000000000819,0.11000000000001364,0.021999999999934516,0.03700000000003456,0.031000000000062755,,,,0.1229999999999336,0.038000000000010914,0.05499999999994998,,0.018000000000029104,0.02400000000000091
can_256,Mildly sparse,inner,256,2916,0.08699999999998909,0.09900000000004638,0.01999999999998181,0.03600000000005821,0.029999999999972715,,,,0.12199999999995725,0.038000000000010914,0.05299999999999727,0.04399999999998272,0.019000000000005457,0.023000000000024556
can_268,Mildly sparse,cu,268,3082,0.08399999999994634,,,,,0.07200000000000273,0.19399999999995998,0.06600000000003092,,,,,0.01999999999998181,0.038000000000010914
can_268,Mildly sparse,gust,268,3082,0.08600000000001273,,0.022000000000048203,0.04099999999993997,0.02800000000002001,,,,0.12599999999997635,0.04000000000007731,0.056999999999902684,,0.01700000000005275,0.023000000000024556
can_268,Mildly sparse,outer,268,3082,0.07999999999992724,0.08300000000008367,0.017999999999915417,0.059000000000082764,0.02299999999991087,,,,0.1209999999999809,0.04600000000004911,0.053999999999973625,,0.01700000000005275,0.03700000000003456
can_268,Mildly sparse,colw,268,3082,0.08199999999999363,0.07699999999999818,0.01999999999998181,0.033999999999991815,0.024999999999977263,,,,0.1190000000000282,0.03499999999996817,0.055000000000063665,,0.016999999999939064,0.022000000000048203
can_268,Mildly sparse,inner,268,3082,0.08000000000004093,0.07600000000002183,0.01999999999998181,0.03300000000001546,0.025999999999953616,,,,0.1230000000000473,0.03499999999996817,0.05899999999996908,0.03200000000003911,0.017999999999915417,0.02100000000007185
can_187,Mildly sparse,cu,187,1491,0.08799999999996544,,,,,0.09000000000003183,0.17899999999997362,0.057999999999992724,,,,,0.019000000000005457,0.031000000000062755
can_187,Mildly sparse,gust,187,1491,0.09000000000003183,,0.021999999999934516,0.03999999999996362,0.022000000000048203,,,,0.11599999999998545,0.04100000000005366,0.05700000000001637,,0.017999999999915417,0.014999999999986358
can_187,Mildly sparse,outer,187,1491,0.08199999999999363,0.06700000000000728,0.020000000000095497,0.03599999999994452,0.019000000000005457,,,,0.11300000000005639,0.04699999999991178,0.05200000000002092,,0.01700000000005275,0.02699999999992997
can_187,Mildly sparse,colw,187,1491,0.08400000000006003,0.06600000000003092,0.020999999999958163,0.03600000000005821,0.01899999999989177,,,,0.11300000000005639,0.04200000000003001,0.05899999999996908,,0.018000000000029104,0.014000000000010004
can_187,Mildly sparse,inner,187,1491,0.08300000000008367,0.06399999999996453,0.019000000000005457,0.03499999999996817,0.01999999999998181,,,,0.11099999999999,0.03600000000005821,0.049999999999954525,0.027000000000043656,0.018000000000029104,0.012999999999919964
bcsstm07,Mildly sparse,cu,420,7252,0.06799999999998363,,,,,0.04900000000009186,0.21199999999998909,0.04800000000000182,,,,,0.014000000000010004,0.08499999999992269
bcsstm07,Mildly sparse,gust,420,7252,0.07000000000005002,,0.01999999999998181,0.03300000000001546,0.02699999999992997,,,,0.21900000000005093,0.08600000000001273,0.053999999999973625,,0.014999999999986358,0.018000000000029104
bcsstm07,Mildly sparse,outer,420,7252,0.06200000000001182,0.06600000000003092,0.01599999999996271,0.031000000000062755,0.019000000000005457,,,,0.2179999999999609,0.08199999999999363,0.10400000000004184,,0.06200000000001182,0.03199999999992542
bcsstm07,Mildly sparse,colw,420,7252,0.06000000000005912,0.06599999999991724,0.018000000000029104,0.028999999999996362,0.024999999999977263,,,,0.21300000000007913,0.08199999999999363,0.10199999999997544,,0.06100000000003547,0.020999999999958163
bcsstm07,Mildly sparse,inner,420,7252,0.05899999999996908,0.06500000000005457,0.017999999999915417,0.028999999999996362,0.023000000000024556,,,,0.21400000000005548,0.0809999999999036,0.09300000000007458,0.03300000000001546,0.014999999999986358,0.018000000000029104
bcsstk27,Mildly sparse,cu,1224,56126,0.10800000000006094,,,,,0.06999999999993634,0.5200000000000955,0.12999999999999545,,,,,0.021999999999934516,0.21699999999998454
bcsstk27,Mildly sparse,gust,1224,56126,0.12000000000000455,,0.02800000000002001,0.04800000000000182,0.17099999999993543,,,,0.5620000000000118,0.19100000000003092,0.3349999999999227,,0.08600000000001273,0.10900000000003729
bcsstk27,Mildly sparse,outer,1224,56126,0.10400000000004184,0.1069999999999709,0.031000000000062755,0.04099999999993997,0.15999999999996817,,,,0.55600000000004,0.17200000000002547,0.22299999999995634,,0.1150000000000091,0.11000000000001364
bcsstk27,Mildly sparse,colw,1224,56126,0.10500000000001819,0.1129999999999427,0.02400000000000091,0.07100000000002638,0.18999999999994088,,,,0.5680000000000973,0.17499999999995453,0.22199999999998,,0.10400000000004184,0.11199999999996635
bcsstk27,Mildly sparse,inner,1224,56126,0.11000000000001364,0.11000000000001364,0.024999999999977263,0.03700000000003456,0.18799999999998818,,,,0.5650000000000546,0.18299999999999272,0.2339999999999236,0.19800000000009277,0.09199999999998454,0.11000000000001364
bcsstm27,Mildly sparse,cu,1224,56126,0.10900000000003729,,,,,0.07299999999997908,0.5009999999999764,0.13200000000006185,,,,,0.021999999999934516,0.22300000000007003
bcsstm27,Mildly sparse,gust,1224,56126,0.10900000000003729,,0.024999999999977263,0.04100000000005366,0.18700000000001182,,,,0.5699999999999363,0.18100000000004002,0.40300000000002,,0.09299999999996089,0.10500000000001819
bcsstm27,Mildly sparse,outer,1224,56126,0.10400000000004184,0.10599999999999454,0.01999999999998181,0.038000000000010914,0.15599999999994907,,,,0.5690000000000737,0.17799999999999727,0.27699999999992997,,0.11300000000005639,0.10500000000001819
bcsstm27,Mildly sparse,colw,1224,56126,0.1069999999999709,0.10400000000004184,0.023000000000024556,0.03700000000003456,0.17300000000000182,,,,0.56899999999996,0.17499999999995453,0.2459999999999809,,0.09100000000000819,0.10400000000004184
bcsstm27,Mildly sparse,inner,1224,56126,0.10599999999999454,0.10400000000004184,0.024999999999977263,0.038000000000010914,0.17099999999993543,,,,0.5769999999999982,0.17700000000002092,0.25300000000004275,0.22400000000004638,0.08899999999994179,0.10500000000001819
bcsstk22,Mildly sparse,cu,138,696,0.09000000000003183,,,,,0.09199999999998454,0.17200000000002547,0.05899999999996908,,,,,0.01999999999998181,0.03099999999994907
bcsstk22,Mildly sparse,gust,138,696,0.08799999999996544,,0.020999999999958163,0.043000000000006366,0.022000000000048203,,,,0.11400000000003274,0.041999999999916326,0.057999999999992724,,0.019000000000005457,0.013000000000033651
bcsstk22,Mildly sparse,outer,138,696,0.08599999999989905,0.06900000000007367,0.019000000000005457,0.036999999999920874,0.018000000000029104,,,,0.11099999999999,0.04000000000007731,0.06199999999989814,,0.018000000000029104,0.014000000000010004
bcsstk22,Mildly sparse,colw,138,696,0.08199999999999363,0.06700000000000728,0.019000000000005457,0.03599999999994452,0.019000000000005457,,,,0.11199999999996635,0.04100000000005366,0.05200000000002092,,0.017999999999915417,0.013000000000033651
bcsstk22,Mildly sparse,inner,138,696,0.08100000000001728,0.06499999999994088,0.019000000000005457,0.03600000000005821,0.01899999999989177,,,,0.10900000000003729,0.03700000000003456,0.05099999999993088,0.023000000000024556,0.019000000000005457,0.013000000000033651
bcspwr03,Mildly sparse,cu,118,476,0.06700000000000728,,,,,0.05199999999990723,0.14400000000000546,0.044000000000096406,,,,,0.01599999999996271,0.025999999999953616
bcspwr03,Mildly sparse,gust,118,476,0.06299999999998818,,0.01700000000005275,0.03200000000003911,0.01999999999998181,,,,0.043000000000006366,0.032999999999901775,0.04900000000009186,,0.014000000000010004,0.010999999999967258
bcspwr03,Mildly sparse,outer,118,476,0.06100000000003547,0.05299999999999727,0.01700000000005275,0.029999999999972715,0.019000000000005457,,,,0.04099999999993997,0.031000000000062755,0.04800000000000182,,0.014000000000010004,0.011999999999943611
bcspwr03,Mildly sparse,colw,118,476,0.06200000000001182,0.053999999999973625,0.01700000000005275,0.028999999999996362,0.016999999999939064,,,,0.03999999999996362,0.030000000000086402,0.043000000000006366,,0.014000000000010004,0.010999999999967258
bcspwr03,Mildly sparse,inner,118,476,0.05899999999996908,0.05299999999999727,0.01700000000005275,0.029999999999972715,0.016999999999939064,,,,0.04000000000007731,0.028999999999996362,0.041999999999916326,0.022000000000048203,0.014000000000010004,0.010999999999967258
can_229,Mildly sparse,cu,229,1777,0.09199999999998454,,,,,0.07400000000006912,0.17199999999991178,0.05700000000001637,,,,,0.018000000000029104,0.03200000000003911
can_229,Mildly sparse,gust,229,1777,0.08500000000003638,,0.020999999999958163,0.04200000000003001,0.022000000000048203,,,,0.12400000000002365,0.03999999999996362,0.057999999999992724,,0.018000000000029104,0.01599999999996271
can_229,Mildly sparse,outer,229,1777,0.09000000000003183,0.06899999999995998,0.020000000000095497,0.036999999999920874,0.01999999999998181,,,,0.11700000000007549,0.03999999999996362,0.06000000000005912,,0.019000000000005457,0.03099999999994907
can_229,Mildly sparse,colw,229,1777,0.09900000000004638,0.07000000000005002,0.021999999999934516,0.03499999999996817,0.020000000000095497,,,,0.11499999999989541,0.038000000000010914,0.05400000000008731,,0.017999999999915417,0.016000000000076398
can_229,Mildly sparse,inner,229,1777,0.08100000000001728,0.06700000000000728,0.01999999999998181,0.03600000000005821,0.019000000000005457,,,,0.11400000000003274,0.036999999999920874,0.05200000000002092,0.03600000000005821,0.017999999999915417,0.016000000000076398
can_292,Mildly sparse,cu,292,2540,0.09199999999998454,,,,,0.07499999999993179,0.18400000000008276,0.05700000000001637,,,,,0.017999999999915417,0.03600000000005821
can_292,Mildly sparse,gust,292,2540,0.08799999999996544,,0.022000000000048203,0.038000000000010914,0.025999999999953616,,,,0.125,0.038000000000010914,0.057999999999992724,,0.016999999999939064,0.020000000000095497
can_292,Mildly sparse,outer,292,2540,0.08600000000001273,0.08100000000001728,0.01999999999998181,0.03300000000001546,0.022000000000048203,,,,0.12000000000000455,0.04399999999998272,0.05200000000002092,,0.016999999999939064,0.031000000000062755
can_292,Mildly sparse,colw,292,2540,0.09100000000000819,0.09399999999993724,0.020000000000095497,0.03499999999996817,0.023000000000024556,,,,0.11899999999991451,0.035000000000081855,0.05099999999993088,,0.018000000000029104,0.01999999999998181
can_292,Mildly sparse,inner,292,2540,0.09100000000000819,0.07999999999992724,0.020000000000095497,0.03300000000001546,0.02400000000000091,,,,0.12799999999992906,0.033999999999991815,0.05600000000004002,0.04200000000003001,0.016999999999939064,0.020999999999958163
ash292,Mildly sparse,cu,292,2208,0.08999999999991815,,,,,0.07000000000005002,0.16399999999998727,0.053999999999973625,,,,,0.018000000000029104,0.031000000000062755
ash292,Mildly sparse,gust,292,2208,0.09100000000000819,,0.019000000000005457,0.03899999999998727,0.020999999999958163,,,,0.11200000000008004,0.03799999999989723,0.05400000000008731,,0.016999999999939064,0.016000000000076398
ash292,Mildly sparse,outer,292,2208,0.08400000000006003,0.06600000000003092,0.01899999999989177,0.03300000000001546,0.019000000000005457,,,,0.10900000000003729,0.03599999999994452,0.05600000000004002,,0.01700000000005275,0.029999999999972715
ash292,Mildly sparse,colw,292,2208,0.08299999999996999,0.07399999999995543,0.019000000000005457,0.03200000000003911,0.019000000000005457,,,,0.1069999999999709,0.03499999999996817,0.04899999999997817,,0.018000000000029104,0.014999999999986358
ash292,Mildly sparse,inner,292,2208,0.08299999999996999,0.06400000000007822,0.019000000000005457,0.032999999999901775,0.020000000000095497,,,,0.1089999999999236,0.035000000000081855,0.05099999999993088,0.02400000000000091,0.01700000000005275,0.01599999999996271
bcspwr04,Mildly sparse,cu,274,1612,0.08599999999989905,,,,,0.07000000000005002,0.17300000000000182,0.05899999999996908,,,,,0.01999999999998181,0.031000000000062755
bcspwr04,Mildly sparse,gust,274,1612,0.08300000000008367,,0.020999999999958163,0.03999999999996362,0.023000000000024556,,,,0.11199999999996635,0.04200000000003001,0.057999999999992724,,0.01700000000005275,0.014999999999986358
bcspwr04,Mildly sparse,outer,274,1612,0.07900000000006457,0.06799999999998363,0.019000000000005457,0.03599999999994452,0.019000000000005457,,,,0.11700000000007549,0.04699999999991178,0.05299999999999727,,0.01700000000005275,0.028999999999996362
bcspwr04,Mildly sparse,colw,274,1612,0.08299999999996999,0.06799999999998363,0.02100000000007185,0.03599999999994452,0.01999999999998181,,,,0.10800000000006094,0.03599999999994452,0.05200000000002092,,0.01700000000005275,0.013999999999896318
bcspwr04,Mildly sparse,inner,274,1612,0.09000000000003183,0.06799999999998363,0.01999999999998181,0.033999999999991815,0.02100000000007185,,,,0.11000000000001364,0.03499999999996817,0.05600000000004002,0.02699999999992997,0.019000000000005457,0.014000000000010004
bcsstk13,Mildly sparse,cu,2003,83883,0.16399999999998727,,,,,0.08499999999992269,0.8430000000000746,0.19799999999997908,,,,,0.08100000000001728,1.7039999999999509
bcsstk13,Mildly sparse,gust,2003,83883,0.16800000000000637,,0.03199999999992542,0.04600000000004911,0.61099999999999,,,,0.79200000000003,0.20799999999997,0.5009999999999764,,0.09500000000002728,1.467999999999961
bcsstk13,Mildly sparse,outer,2003,83883,0.15799999999990177,0.1470000000000482,0.01999999999998181,0.038000000000010914,0.43899999999996453,,,,0.7880000000000109,0.20900000000006003,0.3569999999999709,,0.11199999999996635,2.4060000000000628
bcsstk13,Mildly sparse,colw,2003,83883,0.17000000000007276,0.15300000000002,0.025999999999953616,0.03700000000003456,0.30700000000001637,,,,0.77699999999993,0.20699999999999363,0.3770000000000664,,0.09999999999990905,2.0650000000000546
bcsstk13,Mildly sparse,inner,2003,83883,0.16700000000003,0.15599999999994907,0.026000000000067303,0.03899999999998727,0.27899999999999636,,,,0.7849999999999682,0.20900000000006003,0.37000000000000455,0.27699999999992997,0.09600000000000364,1.8079999999999927
bcsstm01,Mildly sparse,cu,48,48,0.08199999999999363,,,,,0.06900000000007367,0.16899999999998272,0.05999999999994543,,,,,0.01999999999998181,0.030000000000086402
bcsstm01,Mildly sparse,gust,48,48,0.08299999999996999,,0.019000000000005457,0.04100000000005366,0.01999999999998181,,,,0.04600000000004911,0.03899999999998727,0.05599999999992633,,0.01700000000005275,0.013000000000033651
bcsstm01,Mildly sparse,outer,48,48,0.07600000000002183,0.06299999999998818,0.019000000000005457,0.03499999999996817,0.019000000000005457,,,,0.04399999999998272,0.05700000000001637,0.05600000000004002,,0.018000000000029104,0.012999999999919964
bcsstm01,Mildly sparse,colw,48,48,0.08100000000001728,0.06099999999992178,0.019000000000005457,0.035000000000081855,0.019000000000005457,,,,0.04399999999998272,0.03599999999994452,0.051000000000044565,,0.018000000000029104,0.011999999999943611
bcsstm01,Mildly sparse,inner,48,48,0.07299999999997908,0.05899999999996908,0.018000000000029104,0.03599999999994452,0.01700000000005275,,,,0.053999999999973625,0.03599999999994452,0.05000000000006821,0.020999999999958163,0.018000000000029104,0.011999999999943611
bcsstk14,Mildly sparse,cu,1806,63454,0.11599999999998545,,,,,0.07299999999997908,0.5309999999999491,0.1310000000000855,,,,,0.07799999999997453,0.3250000000000455
bcsstk14,Mildly sparse,gust,1806,63454,0.11000000000001364,,0.02400000000000091,0.04399999999998272,0.17700000000002092,,,,0.5439999999999827,0.17499999999995453,0.4560000000000173,,0.029999999999972715,0.14000000000010004
bcsstk14,Mildly sparse,outer,1806,63454,0.1089999999999236,0.10200000000008913,0.020999999999958163,0.038000000000010914,0.16199999999992087,,,,0.539000000000101,0.17300000000000182,0.32399999999995543,,0.11099999999999,0.14200000000005275
bcsstk14,Mildly sparse,colw,1806,63454,0.11000000000001364,0.10199999999997544,0.03200000000003911,0.04200000000003001,0.16300000000001091,,,,0.5319999999999254,0.17200000000002547,0.31399999999996453,,0.09100000000000819,0.1410000000000764
bcsstk14,Mildly sparse,inner,1806,63454,0.11000000000001364,0.11799999999993815,0.027000000000043656,0.038000000000010914,0.16399999999998727,,,,0.5380000000000109,0.17199999999991178,0.31100000000003547,0.21400000000005548,0.08299999999996999,0.14199999999993906
can_445,Mildly sparse,cu,445,3809,0.08899999999994179,,,,,0.07100000000002638,0.17300000000000182,0.053999999999973625,,,,,0.018000000000029104,0.03300000000001546
can_445,Mildly sparse,gust,445,3809,0.08400000000006003,,0.01999999999998181,0.03700000000003456,0.023000000000024556,,,,0.12599999999997635,0.03899999999998727,0.05499999999994998,,0.018000000000029104,0.01700000000005275
can_445,Mildly sparse,outer,445,3809,0.08900000000005548,0.06600000000003092,0.017999999999915417,0.03300000000001546,0.018000000000029104,,,,0.1230000000000473,0.04399999999998272,0.05099999999993088,,0.01700000000005275,0.03200000000003911
can_445,Mildly sparse,colw,445,3809,0.07899999999995089,0.06400000000007822,0.017999999999915417,0.03300000000001546,0.02100000000007185,,,,0.11899999999991451,0.035000000000081855,0.04800000000000182,,0.025999999999953616,0.018000000000029104
can_445,Mildly sparse,inner,445,3809,0.07699999999999818,0.06200000000001182,0.018000000000029104,0.03200000000003911,0.01999999999998181,,,,0.12199999999995725,0.03499999999996817,0.04800000000000182,0.026000000000067303,0.016999999999939064,0.01700000000005275
bcsstm10,Mildly sparse,cu,1086,22092,0.09500000000002728,,,,,0.07400000000006912,0.2779999999999063,0.06100000000003547,,,,,0.019000000000005457,0.15200000000004366
bcsstm10,Mildly sparse,gust,1086,22092,0.09199999999998454,,0.023000000000024556,0.04099999999993997,0.1490000000000009,,,,0.28700000000003456,0.15899999999999181,0.2899999999999636,,0.02400000000000091,0.04899999999997817
bcsstm10,Mildly sparse,outer,1086,22092,0.09000000000003183,0.08199999999999363,0.019000000000005457,0.03700000000003456,0.13800000000003365,,,,0.29099999999994,0.16899999999998272,0.1430000000000291,,0.023000000000024556,0.06499999999994088
bcsstm10,Mildly sparse,colw,1086,22092,0.08900000000005548,0.08299999999996999,0.01999999999998181,0.038000000000010914,0.15099999999995362,,,,0.2860000000000582,0.15300000000002,0.13900000000001,,0.021999999999934516,0.04899999999997817
bcsstm10,Mildly sparse,inner,1086,22092,0.08899999999994179,0.08200000000010732,0.020999999999958163,0.03599999999994452,0.1410000000000764,,,,0.28300000000001546,0.15299999999990632,0.15200000000004366,0.18200000000001637,0.02400000000000091,0.04899999999997817
bcsstk10,Mildly sparse,cu,1086,22070,0.09600000000000364,,,,,0.06999999999993634,0.27300000000002456,0.06000000000005912,,,,,0.019000000000005457,0.13899999999989632
bcsstk10,Mildly sparse,gust,1086,22070,0.09400000000005093,,0.020999999999958163,0.038000000000010914,0.14200000000005275,,,,0.26900000000000546,0.15099999999995362,0.24699999999995725,,0.02500000000009095,0.05299999999999727
bcsstk10,Mildly sparse,outer,1086,22070,0.09199999999998454,0.08100000000001728,0.017999999999915417,0.035000000000081855,0.1309999999999718,,,,0.26300000000003365,0.15599999999994907,0.13800000000003365,,0.021999999999934516,0.06800000000009732
bcsstk10,Mildly sparse,colw,1086,22070,0.09100000000000819,0.08000000000004093,0.01999999999998181,0.03499999999996817,0.1349999999999909,,,,0.2740000000000009,0.15300000000002,0.12400000000002365,,0.021999999999934516,0.05400000000008731
bcsstk10,Mildly sparse,inner,1086,22070,0.08900000000005548,0.08100000000001728,0.02299999999991087,0.035000000000081855,0.1369999999999436,,,,0.2620000000000573,0.1449999999999818,0.12199999999995725,0.14800000000002456,0.020999999999958163,0.05400000000008731
can_634,Mildly sparse,cu,634,7228,0.08500000000003638,,,,,0.07500000000004547,0.27099999999995816,0.06500000000005457,,,,,0.01999999999998181,0.12999999999999545
can_634,Mildly sparse,gust,634,7228,0.08199999999999363,,0.022000000000048203,0.03999999999996362,0.025999999999953616,,,,0.2680000000000291,0.10199999999997544,0.14400000000000546,,0.024999999999977263,0.030000000000086402
can_634,Mildly sparse,outer,634,7228,0.07899999999995089,0.07699999999999818,0.019000000000005457,0.03700000000003456,0.023000000000024556,,,,0.26499999999998636,0.10000000000002274,0.06899999999995998,,0.019000000000005457,0.043000000000006366
can_634,Mildly sparse,colw,634,7228,0.08299999999996999,0.08100000000001728,0.02100000000007185,0.03599999999994452,0.02400000000000091,,,,0.26499999999998636,0.09800000000007003,0.057999999999992724,,0.019000000000005457,0.029999999999972715
can_634,Mildly sparse,inner,634,7228,0.08100000000001728,0.07899999999995089,0.02100000000007185,0.03599999999994452,0.02400000000000091,,,,0.2659999999999627,0.09900000000004638,0.05700000000001637,0.03200000000003911,0.01999999999998181,0.028999999999996362
bcsstk11,Mildly sparse,cu,1473,34241,0.0989999999999327,,,,,0.07000000000005002,0.3149999999999409,0.06900000000007367,,,,,0.1069999999999709,0.18200000000001637
bcsstk11,Mildly sparse,gust,1473,34241,0.09700000000009368,,0.021999999999934516,0.04200000000003001,0.1490000000000009,,,,0.33799999999996544,0.18900000000007822,0.36399999999991905,,0.02100000000007185,0.07499999999993179
bcsstk11,Mildly sparse,outer,1473,34241,0.09799999999995634,0.09699999999997999,0.020999999999958163,0.038000000000010914,0.1410000000000764,,,,0.3349999999999227,0.17799999999999727,0.22900000000004184,,0.09100000000000819,0.09799999999995634
bcsstk11,Mildly sparse,colw,1473,34241,0.09600000000000364,0.08699999999998909,0.022000000000048203,0.03599999999994452,0.1470000000000482,,,,0.34600000000000364,0.17700000000002092,0.22199999999998,,0.08199999999999363,0.07799999999997453
bcsstk11,Mildly sparse,inner,1473,34241,0.09600000000000364,0.08899999999994179,0.022000000000048203,0.038000000000010914,0.14799999999991087,,,,0.33400000000006,0.18499999999994543,0.22700000000008913,0.18499999999994543,0.08299999999996999,0.07800000000008822
bcsstk12,Mildly sparse,cu,1473,34241,0.10099999999999909,,,,,0.06999999999993634,0.31500000000005457,0.06299999999998818,,,,,0.10300000000006548,0.17399999999997817
bcsstk12,Mildly sparse,gust,1473,34241,0.0989999999999327,,0.022000000000048203,0.04099999999993997,0.14400000000000546,,,,0.33199999999999363,0.18100000000004002,0.3039999999999736,,0.022000000000048203,0.08100000000001728
bcsstk12,Mildly sparse,outer,1473,34241,0.10199999999997544,0.08899999999994179,0.019000000000005457,0.03600000000005821,0.1349999999999909,,,,0.32200000000000273,0.17300000000000182,0.19200000000000728,,0.09699999999997999,0.09900000000004638
bcsstk12,Mildly sparse,colw,1473,34241,0.09900000000004638,0.08500000000003638,0.021999999999934516,0.035000000000081855,0.13999999999998636,,,,0.31899999999996,0.17300000000000182,0.19200000000000728,,0.07899999999995089,0.08199999999999363
bcsstk12,Mildly sparse,inner,1473,34241,0.10599999999999454,0.08699999999998909,0.021999999999934516,0.035000000000081855,0.13999999999998636,,,,0.31999999999993634,0.1650000000000773,0.20699999999999363,0.16200000000003456,0.08199999999999363,0.08299999999996999
bcsstk09,Mildly sparse,cu,1083,18437,0.09500000000002728,,,,,0.06799999999998363,0.26499999999998636,0.059000000000082764,,,,,0.019000000000005457,0.14400000000000546
bcsstk09,Mildly sparse,gust,1083,18437,0.08799999999996544,,0.020999999999958163,0.039000000000100954,0.09199999999998454,,,,0.26099999999996726,0.15200000000004366,0.18299999999999272,,0.01999999999998181,0.057999999999992724
bcsstk09,Mildly sparse,outer,1083,18437,0.08599999999989905,0.07900000000006457,0.019000000000005457,0.033999999999991815,0.08199999999999363,,,,0.25499999999999545,0.1470000000000482,0.13599999999996726,,0.020999999999958163,0.07500000000004547
bcsstk09,Mildly sparse,colw,1083,18437,0.09000000000003183,0.07799999999997453,0.01999999999998181,0.03300000000001546,0.08900000000005548,,,,0.2539999999999054,0.1470000000000482,0.13199999999994816,,0.02400000000000091,0.059000000000082764
bcsstk09,Mildly sparse,inner,1083,18437,0.08600000000001273,0.07499999999993179,0.01999999999998181,0.03300000000001546,0.08800000000007913,,,,0.2519999999999527,0.15599999999994907,0.12999999999999545,0.09400000000005093,0.01999999999998181,0.05899999999996908
bcsstm02,Mildly sparse,cu,66,66,0.08100000000001728,,,,,0.06700000000000728,0.15599999999994907,0.05499999999994998,,,,,0.019000000000005457,0.02800000000002001
bcsstm02,Mildly sparse,gust,66,66,0.07699999999999818,,0.01899999999989177,0.04000000000007731,0.019000000000005457,,,,0.04399999999998272,0.03700000000003456,0.053999999999973625,,0.01599999999996271,0.012000000000057298
bcsstm02,Mildly sparse,outer,66,66,0.07299999999997908,0.06000000000005912,0.019000000000005457,0.03300000000001546,0.017999999999915417,,,,0.04200000000003001,0.03599999999994452,0.07000000000005002,,0.01700000000005275,0.012999999999919964
bcsstm02,Mildly sparse,colw,66,66,0.07800000000008822,0.05899999999996908,0.018000000000029104,0.033999999999991815,0.01599999999996271,,,,0.04200000000003001,0.033999999999991815,0.047000000000025466,,0.016999999999939064,0.012000000000057298
bcsstm02,Mildly sparse,inner,66,66,0.07200000000000273,0.057999999999992724,0.018000000000029104,0.033999999999991815,0.014999999999986358,,,,0.04099999999993997,0.03300000000001546,0.04800000000000182,0.020999999999958163,0.02800000000002001,0.012000000000057298
can_838,Mildly sparse,cu,838,10010,0.06799999999998363,,,,,0.057999999999992724,0.21600000000000819,0.05000000000006821,,,,,0.014999999999986358,0.09600000000000364
can_838,Mildly sparse,gust,838,10010,0.06500000000005457,,0.017999999999915417,0.03300000000001546,0.027000000000043656,,,,0.22000000000002728,0.08499999999992269,0.05600000000004002,,0.022000000000048203,0.028999999999996362
can_838,Mildly sparse,outer,838,10010,0.06399999999996453,0.06799999999998363,0.01700000000005275,0.029999999999972715,0.019000000000005457,,,,0.21600000000000819,0.08199999999999363,0.10799999999994725,,0.016000000000076398,0.03999999999996362
can_838,Mildly sparse,colw,838,10010,0.07799999999997453,0.07200000000000273,0.019000000000005457,0.031000000000062755,0.024999999999977263,,,,0.22100000000000364,0.08299999999996999,0.10200000000008913,,0.016999999999939064,0.02800000000002001
can_838,Mildly sparse,inner,838,10010,0.06400000000007822,0.06899999999995998,0.019000000000005457,0.03700000000003456,0.02400000000000091,,,,0.22199999999998,0.08199999999999363,0.10099999999999909,0.03099999999994907,0.016000000000076398,0.02699999999992997
bcsstk20,Mildly sparse,cu,485,3135,0.08699999999998909,,,,,0.06799999999998363,0.16700000000003,0.053999999999973625,,,,,0.018000000000029104,0.03300000000001546
bcsstk20,Mildly sparse,gust,485,3135,0.08399999999994634,,0.02100000000007185,0.03899999999998727,0.021999999999934516,,,,0.11800000000005184,0.03999999999996362,0.055000000000063665,,0.017999999999915417,0.015000000000100044
bcsstk20,Mildly sparse,outer,485,3135,0.07699999999999818,0.06299999999998818,0.018000000000029104,0.03300000000001546,0.01999999999998181,,,,0.1150000000000091,0.03499999999996817,0.059000000000082764,,0.056999999999902684,0.028999999999996362
bcsstk20,Mildly sparse,colw,485,3135,0.08500000000003638,0.06599999999991724,0.019000000000005457,0.033999999999991815,0.01999999999998181,,,,0.11600000000009913,0.036999999999920874,0.05000000000006821,,0.017999999999915417,0.015000000000100044
bcsstk20,Mildly sparse,inner,485,3135,0.07699999999999818,0.06200000000001182,0.019000000000005457,0.03300000000001546,0.01999999999998181,,,,0.12200000000007094,0.03499999999996817,0.049999999999954525,0.02500000000009095,0.016999999999939064,0.014999999999986358
can_715,Mildly sparse,cu,715,6665,0.08399999999994634,,,,,0.07200000000000273,0.27899999999999636,0.06500000000005457,,,,,0.01999999999998181,0.1330000000000382
can_715,Mildly sparse,gust,715,6665,0.08100000000001728,,0.024999999999977263,0.038000000000010914,0.033999999999991815,,,,0.2660000000000764,0.12399999999990996,0.12999999999999545,,0.02100000000007185,0.03899999999998727
can_715,Mildly sparse,outer,715,6665,0.07799999999997453,0.10199999999997544,0.02100000000007185,0.03599999999994452,0.03099999999994907,,,,0.2560000000000855,0.09799999999995634,0.07200000000000273,,0.02400000000000091,0.05600000000004002
can_715,Mildly sparse,colw,715,6665,0.07899999999995089,0.09900000000004638,0.02800000000002001,0.03499999999996817,0.03199999999992542,,,,0.2540000000000191,0.09699999999997999,0.06100000000003547,,0.018000000000029104,0.05200000000002092
can_715,Mildly sparse,inner,715,6665,0.07699999999999818,0.09900000000004638,0.025999999999953616,0.035000000000081855,0.029999999999972715,,,,0.2519999999999527,0.09699999999997999,0.059000000000082764,0.038000000000010914,0.01999999999998181,0.036999999999920874
bcsstk24,Mildly sparse,cu,3562,159910,0.19500000000005002,,,,,0.17200000000002547,0.9089999999999918,0.19799999999997908,,,,,0.09000000000003183,2.5720000000000027
bcsstk24,Mildly sparse,gust,3562,159910,0.19299999999998363,,0.03200000000003911,0.05099999999993088,0.2700000000000955,,,,1.225999999999999,0.2719999999999345,0.5679999999999836,,0.10599999999999454,2.1480000000000246
bcsstk24,Mildly sparse,outer,3562,159910,0.19700000000000273,0.22400000000004638,0.023000000000024556,0.041999999999916326,0.21900000000005093,,,,1.2029999999999745,0.27700000000004366,0.4189999999999827,,0.1069999999999709,2.1370000000000573
bcsstk24,Mildly sparse,colw,3562,159910,0.22699999999997544,0.23300000000006094,0.027999999999906322,0.04399999999998272,0.2400000000000091,,,,1.2000000000000455,0.2949999999999591,0.4110000000000582,,0.09299999999996089,2.129000000000019
bcsstk24,Mildly sparse,inner,3562,159910,0.19399999999995998,0.25,0.027000000000043656,0.04600000000004911,0.2419999999999618,,,,1.2029999999999745,0.29300000000000637,0.40300000000002,0.28700000000003456,0.08899999999994179,2.1259999999999764
bcsstk16,Mildly sparse,cu,4884,290378,0.2800000000000864,,,,,0.34999999999990905,1.2860000000000582,0.20600000000001728,,,,,0.09199999999998454,4.831999999999994
bcsstk16,Mildly sparse,gust,4884,290378,0.27100000000007185,,0.15899999999999181,0.053999999999973625,0.35599999999999454,,,,2.594000000000051,0.37599999999997635,0.6669999999999163,,0.10800000000006094,4.231999999999971
bcsstk16,Mildly sparse,outer,4884,290378,0.27500000000009095,0.4679999999999609,0.029999999999972715,0.04399999999998272,0.39400000000000546,,,,2.552000000000021,0.38200000000006185,0.5169999999999391,,0.11300000000005639,4.0639999999999645
bcsstk16,Mildly sparse,colw,4884,290378,0.30999999999994543,0.3730000000000473,0.029999999999972715,0.043000000000006366,0.34199999999998454,,,,2.548000000000002,0.37999999999999545,0.4840000000000373,,0.09299999999996089,4.23599999999999
bcsstk16,Mildly sparse,inner,4884,290378,0.3129999999999882,0.3690000000000282,0.03099999999994907,0.04499999999995907,0.3550000000000182,,,,2.576000000000022,0.40599999999994907,0.48900000000003274,0.41700000000003,0.12400000000002365,4.166999999999916
bcsstk28,Mildly sparse,cu,4410,219024,0.2419999999999618,,,,,0.19700000000000273,1.0090000000000146,0.18400000000008276,,,,,0.08299999999996999,2.6269999999999527
bcsstk28,Mildly sparse,gust,4410,219024,0.22300000000007003,,0.033999999999991815,0.045999999999935426,0.3269999999999982,,,,1.6730000000000018,0.30700000000001637,0.5670000000000073,,0.09100000000000819,2.155999999999949
bcsstk28,Mildly sparse,outer,4410,219024,0.22299999999995634,0.26900000000000546,0.022000000000048203,0.03999999999996362,0.2319999999999709,,,,1.6689999999999827,0.3140000000000782,0.43499999999994543,,0.10400000000004184,2.105000000000018
bcsstk28,Mildly sparse,colw,4410,219024,0.24099999999998545,0.2380000000000564,0.02800000000002001,0.03799999999989723,0.3080000000001064,,,,1.6509999999999536,0.3020000000000209,0.39599999999995816,,0.11099999999999,2.0470000000000255
bcsstk28,Mildly sparse,inner,4410,219024,0.2519999999999527,0.26900000000000546,0.02800000000002001,0.03999999999996362,0.2580000000000382,,,,1.6739999999999782,0.2960000000000491,0.4109999999999445,0.2940000000000964,0.10599999999999454,2.1200000000000045
bcsstk08,Mildly sparse,cu,1074,12960,0.11199999999996635,,,,,0.08800000000007913,0.40800000000001546,0.15099999999995362,,,,,0.1150000000000091,1.6739999999999782
bcsstk08,Mildly sparse,gust,1074,12960,0.10700000000008458,,0.041999999999916326,0.04800000000000182,0.22700000000008913,,,,0.3249999999999318,0.18299999999999272,0.4460000000000264,,0.08799999999996544,1.5249999999999773
bcsstk08,Mildly sparse,outer,1074,12960,0.12000000000000455,0.22700000000008913,0.020999999999958163,0.03999999999996362,0.2580000000000382,,,,0.32600000000002183,0.19200000000000728,0.33999999999991815,,0.10300000000006548,1.4499999999999318
bcsstk08,Mildly sparse,colw,1074,12960,0.1069999999999709,0.22500000000002274,0.03200000000003911,0.03999999999996362,0.24300000000005184,,,,0.32399999999995543,0.17200000000002547,0.3269999999999982,,0.09600000000000364,1.4499999999999318
bcsstk08,Mildly sparse,inner,1074,12960,0.10900000000003729,0.2239999999999327,0.031000000000062755,0.05299999999999727,0.21000000000003638,,,,0.31999999999993634,0.17200000000002547,0.3210000000000264,0.36199999999996635,0.09299999999996089,1.4420000000000073
can_1054,Mildly sparse,cu,1054,12196,0.11199999999996635,,,,,0.07600000000002183,0.26699999999993906,0.06400000000007822,,,,,0.01999999999998181,0.15099999999995362
can_1054,Mildly sparse,gust,1054,12196,0.08400000000006003,,0.022000000000048203,0.04099999999993997,0.09100000000000819,,,,0.2759999999999536,0.10200000000008913,0.13999999999998636,,0.020999999999958163,0.051000000000044565
can_1054,Mildly sparse,outer,1054,12196,0.08100000000001728,0.08600000000001273,0.01999999999998181,0.04800000000000182,0.08899999999994179,,,,0.26400000000001,0.10000000000002274,0.14599999999995816,,0.02100000000007185,0.06499999999994088
can_1054,Mildly sparse,colw,1054,12196,0.08500000000003638,0.10000000000002274,0.02400000000000091,0.03599999999994452,0.09100000000000819,,,,0.26400000000001,0.10000000000002274,0.13400000000001455,,0.021999999999934516,0.05200000000002092
can_1054,Mildly sparse,inner,1054,12196,0.09399999999993724,0.09000000000003183,0.020999999999958163,0.03700000000003456,0.09100000000000819,,,,0.2680000000000291,0.10099999999999909,0.1369999999999436,0.10400000000004184,0.021999999999934516,0.05600000000004002
can_1072,Mildly sparse,cu,1072,12444,0.08999999999991815,,,,,0.07500000000004547,0.26099999999996726,0.06299999999998818,,,,,0.020000000000095497,0.15399999999999636
can_1072,Mildly sparse,gust,1072,12444,0.08400000000006003,,0.033999999999991815,0.041999999999916326,0.09199999999998454,,,,0.2680000000000291,0.10300000000006548,0.14400000000000546,,0.020999999999958163,0.05299999999999727
can_1072,Mildly sparse,outer,1072,12444,0.08799999999996544,0.08900000000005548,0.020999999999958163,0.03700000000003456,0.08199999999999363,,,,0.2619999999999436,0.09900000000004638,0.07200000000000273,,0.019000000000005457,0.06899999999995998
can_1072,Mildly sparse,colw,1072,12444,0.08799999999996544,0.09000000000003183,0.020999999999958163,0.03600000000005821,0.08699999999998909,,,,0.2880000000000109,0.10500000000001819,0.06499999999994088,,0.019000000000005457,0.053999999999973625
can_1072,Mildly sparse,inner,1072,12444,0.08299999999996999,0.08900000000005548,0.02299999999991087,0.035000000000081855,0.08699999999998909,,,,0.2659999999999627,0.09800000000007003,0.06299999999998818,0.1069999999999709,0.024999999999977263,0.05299999999999727
bcsstk19,Mildly sparse,cu,817,6853,0.08600000000001273,,,,,0.06799999999998363,0.18200000000001637,0.05600000000004002,,,,,0.016999999999939064,0.03999999999996362
bcsstk19,Mildly sparse,gust,817,6853,0.08400000000006003,,0.01999999999998181,0.03700000000003456,0.021999999999934516,,,,0.1290000000000191,0.04099999999993997,0.05600000000004002,,0.018000000000029104,0.023000000000024556
bcsstk19,Mildly sparse,outer,817,6853,0.08000000000004093,0.06499999999994088,0.019000000000005457,0.03300000000001546,0.018000000000029104,,,,0.125,0.049999999999954525,0.059000000000082764,,0.016999999999939064,0.05000000000006821
bcsstk19,Mildly sparse,colw,817,6853,0.08400000000006003,0.06399999999996453,0.01999999999998181,0.03300000000001546,0.019000000000005457,,,,0.125,0.03499999999996817,0.05000000000006821,,0.01599999999996271,0.02400000000000091
bcsstk19,Mildly sparse,inner,817,6853,0.07800000000008822,0.06299999999998818,0.02800000000002001,0.033999999999991815,0.019000000000005457,,,,0.12399999999990996,0.035000000000081855,0.04899999999997817,0.024999999999977263,0.01599999999996271,0.023000000000024556
bcsstm12,Highly sparse,cu,1473,19659,0.08999999999991815,,,,,0.07299999999997908,0.25900000000001455,0.06400000000007822,,,,,0.019000000000005457,0.13599999999996726
bcsstm12,Highly sparse,gust,1473,19659,0.08600000000001273,,0.02299999999991087,0.039000000000100954,0.08899999999994179,,,,0.2540000000000191,0.16099999999994452,0.18400000000008276,,0.019000000000005457,0.04800000000000182
bcsstm12,Highly sparse,outer,1473,19659,0.08500000000003638,0.07500000000004547,0.019000000000005457,0.032999999999901775,0.08100000000001728,,,,0.2599999999999909,0.16200000000003456,0.17799999999999727,,0.07699999999999818,0.06600000000003092
bcsstm12,Highly sparse,colw,1473,19659,0.08299999999996999,0.07799999999997453,0.02100000000007185,0.04499999999995907,0.09199999999998454,,,,0.2580000000000382,0.1470000000000482,0.17799999999999727,,0.11199999999996635,0.05600000000004002
bcsstm12,Highly sparse,inner,1473,19659,0.11400000000003274,0.09000000000003183,0.01999999999998181,0.03499999999996817,0.09699999999997999,,,,0.2599999999999909,0.14800000000002456,0.18500000000005912,0.09699999999997999,0.021999999999934516,0.04800000000000182
bcsstm03,Highly sparse,cu,112,112,0.08199999999999363,,,,,0.07000000000005002,0.14999999999997726,0.05200000000002092,,,,,0.017999999999915417,0.02800000000002001
bcsstm03,Highly sparse,gust,112,112,0.07599999999990814,,0.018000000000029104,0.038000000000010914,0.01999999999998181,,,,0.04399999999998272,0.03700000000003456,0.053999999999973625,,0.01700000000005275,0.010999999999967258
bcsstm03,Highly sparse,outer,112,112,0.07600000000002183,0.06000000000005912,0.01899999999989177,0.03300000000001546,0.018000000000029104,,,,0.04200000000003001,0.04099999999993997,0.05200000000002092,,0.01700000000005275,0.011999999999943611
bcsstm03,Highly sparse,colw,112,112,0.07600000000002183,0.05999999999994543,0.01700000000005275,0.03199999999992542,0.016000000000076398,,,,0.043000000000006366,0.032999999999901775,0.04800000000000182,,0.018000000000029104,0.012000000000057298
bcsstm03,Highly sparse,inner,112,112,0.07399999999995543,0.05700000000001637,0.01700000000005275,0.03199999999992542,0.01700000000005275,,,,0.04200000000003001,0.03199999999992542,0.04600000000004911,0.01999999999998181,0.018000000000029104,0.011999999999943611
bcspwr05,Highly sparse,cu,443,1623,0.08699999999998909,,,,,0.07200000000000273,0.17599999999993088,0.059000000000082764,,,,,0.017999999999915417,0.031000000000062755
bcspwr05,Highly sparse,gust,443,1623,0.08699999999998909,,0.01999999999998181,0.03999999999996362,0.022000000000048203,,,,0.1129999999999427,0.04200000000003001,0.05700000000001637,,0.019000000000005457,0.014999999999986358
bcspwr05,Highly sparse,outer,443,1623,0.08900000000005548,0.07999999999992724,0.02100000000007185,0.03599999999994452,0.018000000000029104,,,,0.11199999999996635,0.04000000000007731,0.05899999999996908,,0.016999999999939064,0.030000000000086402
bcspwr05,Highly sparse,colw,443,1623,0.08600000000001273,0.06599999999991724,0.01999999999998181,0.035000000000081855,0.01999999999998181,,,,0.11099999999999,0.038000000000010914,0.05099999999993088,,0.018000000000029104,0.014999999999986358
bcspwr05,Highly sparse,inner,443,1623,0.08399999999994634,0.06600000000003092,0.019000000000005457,0.03499999999996817,0.019000000000005457,,,,0.11099999999999,0.03700000000003456,0.05000000000006821,0.02400000000000091,0.017999999999915417,0.014999999999986358
bcsstk26,Highly sparse,cu,1922,30336,0.11099999999999,,,,,0.07400000000006912,0.31899999999996,0.07000000000005002,,,,,0.08699999999998909,0.17999999999994998
bcsstk26,Highly sparse,gust,1922,30336,0.09300000000007458,,0.02400000000000091,0.04399999999998272,0.1470000000000482,,,,0.3069999999999027,0.19300000000009732,0.36099999999999,,0.02299999999991087,0.07400000000006912
bcsstk26,Highly sparse,outer,1922,30336,0.10099999999999909,0.09000000000003183,0.01999999999998181,0.03999999999996362,0.13900000000001,,,,0.2859999999999445,0.17600000000004457,0.24099999999998545,,0.02800000000002001,0.08699999999998909
bcsstk26,Highly sparse,colw,1922,30336,0.09999999999990905,0.08700000000010277,0.02299999999991087,0.03700000000003456,0.1470000000000482,,,,0.2969999999999118,0.18299999999999272,0.21600000000000819,,0.022000000000048203,0.07500000000004547
bcsstk26,Highly sparse,inner,1922,30336,0.11200000000008004,0.08899999999994179,0.022000000000048203,0.036999999999920874,0.1470000000000482,,,,0.2839999999999918,0.17300000000000182,0.2259999999999991,0.18399999999996908,0.022000000000048203,0.07600000000002183
bcsstk33,Highly sparse,cu,8738,591904,0.26400000000001,,,,,0.2519999999999527,2.3230000000000928,0.18299999999999272,,,,,0.06799999999998363,9.298999999999978
bcsstk33,Highly sparse,gust,8738,591904,0.26300000000003365,,0.12399999999990996,0.043000000000006366,0.7030000000000882,,,,5.45799999999997,0.5720000000000027,1.0219999999999345,,0.07900000000006457,8.880999999999972
bcsstk33,Highly sparse,outer,8738,591904,0.26300000000003365,0.41399999999998727,0.024999999999977263,0.04100000000005366,0.5079999999999245,,,,5.398000000000025,0.5729999999999791,0.6900000000000546,,0.08499999999992269,8.875
bcsstk33,Highly sparse,colw,8738,591904,0.3350000000000364,0.41700000000003,0.029999999999972715,0.03700000000003456,0.6359999999999673,,,,5.3799999999999955,0.56899999999996,0.6620000000000346,,0.08000000000004093,8.918999999999983
bcsstk33,Highly sparse,inner,8738,591904,0.3349999999999227,0.43400000000008276,0.029999999999972715,0.038000000000010914,0.6200000000000045,,,,5.440999999999917,0.5720000000000027,0.6710000000000491,0.9180000000000064,0.07600000000002183,9.090000000000032
bcsstm04,Highly sparse,cu,132,132,0.08699999999998909,,,,,0.06900000000007367,0.15199999999992997,0.05400000000008731,,,,,0.019000000000005457,0.027999999999906322
bcsstm04,Highly sparse,gust,132,132,0.07900000000006457,,0.019000000000005457,0.03899999999998727,0.017999999999915417,,,,0.04500000000007276,0.036999999999920874,0.06700000000000728,,0.018000000000029104,0.012000000000057298
bcsstm04,Highly sparse,outer,132,132,0.07499999999993179,0.06200000000001182,0.019000000000005457,0.03200000000003911,0.018000000000029104,,,,0.043000000000006366,0.04099999999993997,0.05200000000002092,,0.01700000000005275,0.011999999999943611
bcsstm04,Highly sparse,colw,132,132,0.07600000000002183,0.06200000000001182,0.016999999999939064,0.033999999999991815,0.01700000000005275,,,,0.04099999999993997,0.033999999999991815,0.05800000000010641,,0.017999999999915417,0.012000000000057298
bcsstm04,Highly sparse,inner,132,132,0.07499999999993179,0.05700000000001637,0.01700000000005275,0.03300000000001546,0.01599999999996271,,,,0.04200000000003001,0.03199999999992542,0.04800000000000182,0.020000000000095497,0.016999999999939064,0.012000000000057298
bcsstk15,Highly sparse,cu,3948,117816,0.19700000000000273,,,,,0.25900000000001455,0.7690000000000055,0.18799999999998818,,,,,0.08299999999996999,2.4290000000000873
bcsstk15,Highly sparse,gust,3948,117816,0.18799999999998818,,0.029999999999972715,0.04800000000000182,0.2760000000000673,,,,0.7160000000000082,0.20299999999997453,0.4679999999999609,,0.08699999999998909,2.0160000000000764
bcsstk15,Highly sparse,outer,3948,117816,0.18800000000010186,0.10799999999994725,0.020999999999958163,0.07699999999999818,0.25100000000009004,,,,0.7199999999999136,0.19700000000000273,0.35800000000006094,,0.10500000000001819,2.0009999999999764
bcsstk15,Highly sparse,colw,3948,117816,0.18999999999994088,0.11300000000005639,0.023000000000024556,0.03999999999996362,0.30100000000004457,,,,0.7119999999999891,0.2139999999999418,0.34000000000003183,,0.08699999999998909,1.9950000000000045
bcsstk15,Highly sparse,inner,3948,117816,0.18999999999994088,0.10900000000003729,0.023000000000024556,0.03700000000003456,0.2819999999999254,,,,0.7110000000000127,0.20699999999999363,0.3490000000000464,0.22100000000000364,0.08899999999994179,1.9880000000000564
bcsstm22,Highly sparse,cu,138,138,0.08799999999996544,,,,,0.07200000000000273,0.15999999999996817,0.07200000000000273,,,,,0.027000000000043656,0.029999999999972715
bcsstm22,Highly sparse,gust,138,138,0.09000000000003183,,0.01999999999998181,0.043000000000006366,0.01999999999998181,,,,0.05200000000002092,0.06099999999992178,0.057999999999992724,,0.019000000000005457,0.013000000000033651
bcsstm22,Highly sparse,outer,138,138,0.08500000000003638,0.06700000000000728,0.019000000000005457,0.03599999999994452,0.018000000000029104,,,,0.04399999999998272,0.038000000000010914,0.05999999999994543,,0.018000000000029104,0.013000000000033651
bcsstm22,Highly sparse,colw,138,138,0.08000000000004093,0.06299999999998818,0.018000000000029104,0.03599999999994452,0.02400000000000091,,,,0.04399999999998272,0.035000000000081855,0.05599999999992633,,0.018000000000029104,0.013000000000033651
bcsstm22,Highly sparse,inner,138,138,0.07699999999999818,0.06500000000005457,0.023000000000024556,0.04399999999998272,0.021999999999934516,,,,0.051000000000044565,0.03700000000003456,0.05200000000002092,0.020999999999958163,0.019000000000005457,0.014000000000010004
bp_1600,Highly sparse,cu,822,4841,0.09399999999993724,,,,,0.08800000000007913,0.1959999999999127,0.057999999999992724,,,,,0.018000000000029104,0.04399999999998272
bp_1600,Highly sparse,gust,822,4841,0.09199999999998454,,0.033999999999991815,0.03899999999998727,0.05300000000011096,,,,0.1349999999999909,0.03999999999996362,0.05899999999996908,,0.018000000000029104,0.02800000000002001
bp_1600,Highly sparse,outer,822,4841,0.08600000000001273,0.1650000000000773,0.019000000000005457,0.03799999999989723,0.05000000000006821,,,,0.12400000000002365,0.04499999999995907,0.051000000000044565,,0.016999999999939064,0.038000000000010914
bp_1600,Highly sparse,colw,822,4841,0.08799999999996544,0.16499999999996362,0.01999999999998181,0.0340000000001055,0.01999999999998181,,,,0.1229999999999336,0.03899999999998727,0.051000000000044565,,0.024999999999977263,0.028999999999996362
bp_1600,Highly sparse,inner,822,4841,0.08500000000003638,0.15499999999997272,0.029999999999972715,0.03200000000003911,0.04899999999997817,,,,0.12400000000002365,0.04099999999993997,0.057999999999992724,0.1330000000000382,0.018000000000029104,0.028999999999996362
bp_1400,Highly sparse,cu,822,4790,0.08699999999998909,,,,,0.07200000000000273,0.19299999999998363,0.057999999999992724,,,,,0.018000000000029104,0.041999999999916326
bp_1400,Highly sparse,gust,822,4790,0.08400000000006003,,0.033999999999991815,0.03999999999996362,0.05299999999999727,,,,0.1269999999999527,0.04100000000005366,0.05700000000001637,,0.018000000000029104,0.02699999999992997
bp_1400,Highly sparse,outer,822,4790,0.07899999999995089,0.1610000000000582,0.017999999999915417,0.03600000000005821,0.049999999999954525,,,,0.1230000000000473,0.045999999999935426,0.05600000000004002,,0.018000000000029104,0.03999999999996362
bp_1400,Highly sparse,colw,822,4790,0.08399999999994634,0.16200000000003456,0.01999999999998181,0.03700000000003456,0.020999999999958163,,,,0.1230000000000473,0.038000000000010914,0.053999999999973625,,0.016999999999939064,0.03300000000001546
bp_1400,Highly sparse,inner,822,4790,0.0809999999999036,0.16000000000008185,0.029999999999972715,0.03499999999996817,0.051000000000044565,,,,0.1229999999999336,0.038000000000010914,0.057999999999992724,0.1370000000000573,0.018000000000029104,0.02699999999992997
bp_1200,Highly sparse,cu,822,4726,0.08999999999991815,,,,,0.07400000000006912,0.20199999999999818,0.05899999999996908,,,,,0.019000000000005457,0.043000000000006366
bp_1200,Highly sparse,gust,822,4726,0.09699999999997999,,0.03200000000003911,0.04200000000003001,0.053999999999973625,,,,0.1269999999999527,0.04100000000005366,0.06099999999992178,,0.019000000000005457,0.026000000000067303
bp_1200,Highly sparse,outer,822,4726,0.08400000000006003,0.16399999999998727,0.020999999999958163,0.03700000000003456,0.05099999999993088,,,,0.1230000000000473,0.04099999999993997,0.06300000000010186,,0.019000000000005457,0.03999999999996362
bp_1200,Highly sparse,colw,822,4726,0.08499999999992269,0.1610000000000582,0.021999999999934516,0.035000000000081855,0.021999999999934516,,,,0.12200000000007094,0.03899999999998727,0.05599999999992633,,0.01700000000005275,0.02699999999992997
bp_1200,Highly sparse,inner,822,4726,0.08199999999999363,0.16099999999994452,0.028999999999996362,0.03600000000005821,0.05200000000002092,,,,0.12199999999995725,0.038000000000010914,0.053999999999973625,0.1370000000000573,0.017999999999915417,0.027000000000043656
685_bus,Highly sparse,cu,685,3249,0.09100000000000819,,,,,0.06899999999995998,0.16300000000001091,0.05600000000004002,,,,,0.016999999999939064,0.03600000000005821
685_bus,Highly sparse,gust,685,3249,0.08199999999999363,,0.01999999999998181,0.038000000000010914,0.02100000000007185,,,,0.11399999999991905,0.039000000000100954,0.053999999999973625,,0.016999999999939064,0.022000000000048203
685_bus,Highly sparse,outer,685,3249,0.07899999999995089,0.06399999999996453,0.019000000000005457,0.03300000000001546,0.019000000000005457,,,,0.11000000000001364,0.03700000000003456,0.05700000000001637,,0.017999999999915417,0.03300000000001546
685_bus,Highly sparse,colw,685,3249,0.08199999999999363,0.06599999999991724,0.01999999999998181,0.0340000000001055,0.01999999999998181,,,,0.11000000000001364,0.03499999999996817,0.04899999999997817,,0.01700000000005275,0.017999999999915417
685_bus,Highly sparse,inner,685,3249,0.07999999999992724,0.06500000000005457,0.019000000000005457,0.033999999999991815,0.01999999999998181,,,,0.10900000000003729,0.03499999999996817,0.04899999999997817,0.024999999999977263,0.018000000000029104,0.018000000000029104
bp_1000,Highly sparse,cu,822,4661,0.09199999999998454,,,,,0.09000000000003183,0.20299999999997453,0.05999999999994543,,,,,0.019000000000005457,0.043000000000006366
bp_1000,Highly sparse,gust,822,4661,0.08899999999994179,,0.0340000000001055,0.03799999999989723,0.05400000000008731,,,,0.1269999999999527,0.04100000000005366,0.05899999999996908,,0.019000000000005457,0.029999999999972715
bp_1000,Highly sparse,outer,822,4661,0.08600000000001273,0.16199999999992087,0.019000000000005457,0.03700000000003456,0.049999999999954525,,,,0.1330000000000382,0.03999999999996362,0.05700000000001637,,0.018000000000029104,0.03899999999998727
bp_1000,Highly sparse,colw,822,4661,0.08399999999994634,0.17600000000004457,0.027999999999906322,0.03600000000005821,0.020999999999958163,,,,0.1230000000000473,0.038000000000010914,0.05299999999999727,,0.018000000000029104,0.024999999999977263
bp_1000,Highly sparse,inner,822,4661,0.08100000000001728,0.1610000000000582,0.029999999999972715,0.03499999999996817,0.051000000000044565,,,,0.1349999999999909,0.03899999999998727,0.05200000000002092,0.1349999999999909,0.019000000000005457,0.024999999999977263
494_bus,Highly sparse,cu,494,1666,0.0949999999999136,,,,,0.07300000000009277,0.19700000000000273,0.06200000000001182,,,,,0.01999999999998181,0.03199999999992542
494_bus,Highly sparse,gust,494,1666,0.08699999999998909,,0.022000000000048203,0.03999999999996362,0.020999999999958163,,,,0.11400000000003274,0.03999999999996362,0.057999999999992724,,0.018000000000029104,0.014000000000010004
494_bus,Highly sparse,outer,494,1666,0.08199999999999363,0.06700000000000728,0.020999999999958163,0.047000000000025466,0.01999999999998181,,,,0.10900000000003729,0.04800000000000182,0.05299999999999727,,0.017999999999915417,0.02800000000002001
494_bus,Highly sparse,colw,494,1666,0.08299999999996999,0.06600000000003092,0.01999999999998181,0.035000000000081855,0.01999999999998181,,,,0.11000000000001364,0.036999999999920874,0.051000000000044565,,0.019000000000005457,0.014999999999986358
494_bus,Highly sparse,inner,494,1666,0.08000000000004093,0.06700000000000728,0.019000000000005457,0.03600000000005821,0.01899999999989177,,,,0.10900000000003729,0.038000000000010914,0.05700000000001637,0.027000000000043656,0.017999999999915417,0.014999999999986358
bp_800,Highly sparse,cu,822,4534,0.08799999999996544,,,,,0.07799999999997453,0.20800000000008367,0.05899999999996908,,,,,0.018000000000029104,0.03999999999996362
bp_800,Highly sparse,gust,822,4534,0.08699999999998909,,0.033999999999991815,0.04099999999993997,0.059000000000082764,,,,0.1290000000000191,0.04399999999998272,0.05700000000001637,,0.017999999999915417,0.02500000000009095
bp_800,Highly sparse,outer,822,4534,0.08299999999996999,0.16200000000003456,0.01999999999998181,0.03599999999994452,0.04800000000000182,,,,0.12200000000007094,0.04800000000000182,0.056999999999902684,,0.02800000000002001,0.04100000000005366
bp_800,Highly sparse,colw,822,4534,0.08499999999992269,0.1610000000000582,0.020999999999958163,0.03600000000005821,0.020999999999958163,,,,0.1209999999999809,0.03700000000003456,0.05200000000002092,,0.017999999999915417,0.02500000000009095
bp_800,Highly sparse,inner,822,4534,0.07799999999997453,0.16800000000000637,0.029999999999972715,0.03600000000005821,0.04899999999997817,,,,0.1229999999999336,0.03700000000003456,0.05200000000002092,0.13199999999994816,0.01999999999998181,0.02400000000000091
bcsstm05,Highly sparse,cu,153,153,0.08199999999999363,,,,,0.07100000000002638,0.16699999999991633,0.05600000000004002,,,,,0.018000000000029104,0.028999999999996362
bcsstm05,Highly sparse,gust,153,153,0.08199999999999363,,0.01999999999998181,0.03899999999998727,0.018000000000029104,,,,0.04499999999995907,0.038000000000010914,0.05499999999994998,,0.018000000000029104,0.013000000000033651
bcsstm05,Highly sparse,outer,153,153,0.07800000000008822,0.06299999999998818,0.019000000000005457,0.03599999999994452,0.01700000000005275,,,,0.04499999999995907,0.04100000000005366,0.05499999999994998,,0.01700000000005275,0.012999999999919964
bcsstm05,Highly sparse,colw,153,153,0.08100000000001728,0.06499999999994088,0.019000000000005457,0.03700000000003456,0.016999999999939064,,,,0.04200000000003001,0.033999999999991815,0.05000000000006821,,0.016999999999939064,0.013000000000033651
bcsstm05,Highly sparse,inner,153,153,0.07500000000004547,0.05899999999996908,0.018000000000029104,0.033999999999991815,0.01599999999996271,,,,0.043000000000006366,0.03300000000001546,0.04899999999997817,0.02100000000007185,0.016999999999939064,0.012000000000057298
bp_600,Highly sparse,cu,822,4172,0.08900000000005548,,,,,0.07299999999997908,0.20299999999997453,0.07000000000005002,,,,,0.01999999999998181,0.03899999999998727
bp_600,Highly sparse,gust,822,4172,0.08400000000006003,,0.03199999999992542,0.04100000000005366,0.045999999999935426,,,,0.1190000000000282,0.04399999999998272,0.06000000000005912,,0.017999999999915417,0.023000000000024556
bp_600,Highly sparse,outer,822,4172,0.08100000000001728,0.16600000000005366,0.01999999999998181,0.036999999999920874,0.051000000000044565,,,,0.11599999999998545,0.03999999999996362,0.06100000000003547,,0.018000000000029104,0.038000000000010914
bp_600,Highly sparse,colw,822,4172,0.08299999999996999,0.16399999999998727,0.020999999999958163,0.035000000000081855,0.01999999999998181,,,,0.1190000000000282,0.03899999999998727,0.05499999999994998,,0.01700000000005275,0.02299999999991087
bp_600,Highly sparse,inner,822,4172,0.08199999999999363,0.16300000000001091,0.028999999999996362,0.03499999999996817,0.04499999999995907,,,,0.11400000000003274,0.03700000000003456,0.05299999999999727,0.1309999999999718,0.018000000000029104,0.03300000000001546
bp_400,Highly sparse,cu,822,4028,0.06900000000007367,,,,,0.05299999999999727,0.16099999999994452,0.051000000000044565,,,,,0.016999999999939064,0.03200000000003911
bp_400,Highly sparse,gust,822,4028,0.06699999999989359,,0.02800000000002001,0.03300000000001546,0.04399999999998272,,,,0.10900000000003729,0.03700000000003456,0.05099999999993088,,0.014000000000010004,0.016000000000076398
bp_400,Highly sparse,outer,822,4028,0.06299999999998818,0.15499999999997272,0.016999999999939064,0.030000000000086402,0.04699999999991178,,,,0.10500000000001819,0.033999999999991815,0.05000000000006821,,0.014999999999986358,0.025999999999953616
bp_400,Highly sparse,colw,822,4028,0.06399999999996453,0.15600000000006276,0.01999999999998181,0.029999999999972715,0.01999999999998181,,,,0.10599999999999454,0.03300000000001546,0.04600000000004911,,0.014000000000010004,0.01599999999996271
bp_400,Highly sparse,inner,822,4028,0.06299999999998818,0.15599999999994907,0.02800000000002001,0.029999999999972715,0.04200000000003001,,,,0.1069999999999709,0.03200000000003911,0.04600000000004911,0.1290000000000191,0.013999999999896318,0.016000000000076398
662_bus,Highly sparse,cu,662,2474,0.09400000000005093,,,,,0.07299999999997908,0.16600000000005366,0.05999999999994543,,,,,0.019000000000005457,0.03200000000003911
662_bus,Highly sparse,gust,662,2474,0.09699999999997999,,0.01999999999998181,0.04200000000003001,0.020999999999958163,,,,0.11800000000005184,0.04200000000003001,0.05599999999992633,,0.01700000000005275,0.016999999999939064
662_bus,Highly sparse,outer,662,2474,0.08600000000001273,0.07600000000002183,0.01999999999998181,0.03599999999994452,0.018000000000029104,,,,0.11300000000005639,0.03999999999996362,0.057999999999992724,,0.018000000000029104,0.03199999999992542
662_bus,Highly sparse,colw,662,2474,0.08499999999992269,0.06700000000000728,0.020000000000095497,0.03499999999996817,0.019000000000005457,,,,0.1129999999999427,0.03700000000003456,0.051000000000044565,,0.016999999999939064,0.01599999999996271
662_bus,Highly sparse,inner,662,2474,0.08400000000006003,0.06600000000003092,0.019000000000005457,0.03499999999996817,0.019000000000005457,,,,0.11199999999996635,0.03600000000005821,0.04899999999997817,0.024999999999977263,0.01700000000005275,0.01599999999996271
bp_200,Highly sparse,cu,822,3802,0.08699999999998909,,,,,0.06999999999993634,0.18799999999998818,0.053999999999973625,,,,,0.018000000000029104,0.03600000000005821
bp_200,Highly sparse,gust,822,3802,0.09299999999996089,,0.031000000000062755,0.03999999999996362,0.04499999999995907,,,,0.11800000000005184,0.043000000000006366,0.05700000000001637,,0.016999999999939064,0.02100000000007185
bp_200,Highly sparse,outer,822,3802,0.07999999999992724,0.18100000000004002,0.019000000000005457,0.033999999999991815,0.04899999999997817,,,,0.12200000000007094,0.036999999999920874,0.059000000000082764,,0.017999999999915417,0.035000000000081855
bp_200,Highly sparse,colw,822,3802,0.08199999999999363,0.17799999999999727,0.02100000000007185,0.033999999999991815,0.020999999999958163,,,,0.11099999999999,0.03600000000005821,0.05099999999993088,,0.016000000000076398,0.01999999999998181
bp_200,Highly sparse,inner,822,3802,0.08000000000004093,0.17700000000002092,0.02800000000002001,0.032999999999901775,0.043000000000006366,,,,0.11100000000010368,0.03599999999994452,0.051000000000044565,0.12599999999997635,0.01599999999996271,0.01999999999998181
bcsstm13,Highly sparse,cu,2003,21943,0.09900000000004638,,,,,0.07100000000002638,0.35399999999992815,0.06500000000005457,,,,,0.01999999999998181,0.1710000000000491
bcsstm13,Highly sparse,gust,2003,21943,0.09399999999993724,,0.023000000000024556,0.03899999999998727,0.15300000000002,,,,0.31899999999996,0.1750000000000682,0.31100000000003547,,0.021999999999934516,0.07799999999997453
bcsstm13,Highly sparse,outer,2003,21943,0.09199999999998454,0.11100000000010368,0.020999999999958163,0.03700000000003456,0.13900000000001,,,,0.3089999999999691,0.16800000000000637,0.19600000000002638,,0.021999999999934516,0.10900000000003729
bcsstm13,Highly sparse,colw,2003,21943,0.09500000000002728,0.10599999999999454,0.02299999999991087,0.035000000000081855,0.1490000000000009,,,,0.3209999999999127,0.1690000000000964,0.20099999999990814,,0.023000000000024556,0.07900000000006457
bcsstm13,Highly sparse,inner,2003,21943,0.09399999999993724,0.10800000000006094,0.02299999999991087,0.04800000000000182,0.15800000000001546,,,,0.3129999999999882,0.16000000000008185,0.1959999999999127,0.17800000000011096,0.02699999999992997,0.07900000000006457
bp_0,Highly sparse,cu,822,3276,0.1029999999999518,,,,,0.07500000000004547,0.17399999999997817,0.05600000000004002,,,,,0.017999999999915417,0.035000000000081855
bp_0,Highly sparse,gust,822,3276,0.0809999999999036,,0.030000000000086402,0.038000000000010914,0.03999999999996362,,,,0.1129999999999427,0.03899999999998727,0.05600000000004002,,0.018000000000029104,0.018000000000029104
bp_0,Highly sparse,outer,822,3276,0.07900000000006457,0.16999999999995907,0.019000000000005457,0.033999999999991815,0.04500000000007276,,,,0.10799999999994725,0.04499999999995907,0.05299999999999727,,0.01700000000005275,0.033999999999991815
bp_0,Highly sparse,colw,822,3276,0.07900000000006457,0.16899999999998272,0.020999999999958163,0.035000000000081855,0.01999999999998181,,,,0.10799999999994725,0.035000000000081855,0.053999999999973625,,0.016999999999939064,0.018000000000029104
bp_0,Highly sparse,inner,822,3276,0.07899999999995089,0.16300000000001091,0.02699999999992997,0.03300000000001546,0.038000000000010914,,,,0.10800000000006094,0.033999999999991815,0.05899999999996908,0.08699999999998909,0.01700000000005275,0.017999999999915417
bcsstk23,Highly sparse,cu,3134,45178,0.1329999999999245,,,,,0.07900000000006457,0.5240000000000009,0.34199999999998454,,,,,0.1129999999999427,1.0819999999999936
bcsstk23,Highly sparse,gust,3134,45178,0.1229999999999336,,0.02800000000002001,0.04600000000004911,0.5879999999999654,,,,0.3300000000000409,0.17599999999993088,0.40300000000002,,0.08699999999998909,0.9379999999999882
bcsstk23,Highly sparse,outer,3134,45178,0.1209999999999809,0.12599999999997635,0.019000000000005457,0.03700000000003456,0.3429999999999609,,,,0.3240000000000691,0.16699999999991633,0.27500000000009095,,0.1029999999999518,0.90300000000002
bcsstk23,Highly sparse,colw,3134,45178,0.12199999999995725,0.09900000000004638,0.022000000000048203,0.036999999999920874,0.5510000000000446,,,,0.33399999999994634,0.17799999999999727,0.2520000000000664,,0.08000000000004093,0.9339999999999691
bcsstk23,Highly sparse,inner,3134,45178,0.12600000000009004,0.0949999999999136,0.022000000000048203,0.03700000000003456,0.6059999999999945,,,,0.34699999999998,0.17200000000002547,0.2539999999999054,0.1610000000000582,0.1190000000000282,0.9169999999999163
bcsstk17,Highly sparse,cu,10974,428650,0.23699999999996635,,,,,0.2839999999999918,1.8100000000000591,0.16700000000003,,,,,0.06799999999998363,4.7439999999999145
bcsstk17,Highly sparse,gust,10974,428650,0.2279999999999518,,0.15099999999995362,0.044000000000096406,0.3509999999999991,,,,2.574999999999932,0.3550000000000182,0.5720000000000027,,0.07200000000000273,4.341000000000008
bcsstk17,Highly sparse,outer,10974,428650,0.2659999999999627,0.3300000000000409,0.021999999999934516,0.03600000000005821,0.31799999999998363,,,,2.564999999999941,0.34600000000000364,0.43200000000001637,,0.08500000000003638,4.303999999999974
bcsstk17,Highly sparse,colw,10974,428650,0.26900000000000546,0.3650000000000091,0.02699999999992997,0.03600000000005821,0.33199999999999363,,,,2.564999999999941,0.34699999999998,0.4210000000000491,,0.07000000000005002,4.467999999999961
bcsstk17,Highly sparse,inner,10974,428650,0.2720000000000482,0.33199999999999363,0.028999999999996362,0.03700000000003456,0.30299999999999727,,,,2.5709999999999127,0.34800000000007003,0.4209999999999354,0.3650000000000091,0.09000000000003183,4.3110000000000355
blckhole,Highly sparse,cu,2132,14872,0.10500000000001819,,,,,0.07400000000006912,0.2619999999999436,0.06299999999998818,,,,,0.019000000000005457,0.1309999999999718
blckhole,Highly sparse,gust,2132,14872,0.08600000000001273,,0.020999999999958163,0.03899999999998727,0.02800000000002001,,,,0.26700000000005275,0.11099999999999,0.06200000000001182,,0.017999999999915417,0.04100000000005366
blckhole,Highly sparse,outer,2132,14872,0.08199999999999363,0.06899999999995998,0.023000000000024556,0.03899999999998727,0.024999999999977263,,,,0.2580000000000382,0.12400000000002365,0.06399999999996453,,0.018000000000029104,0.05499999999994998
blckhole,Highly sparse,colw,2132,14872,0.08299999999996999,0.06900000000007367,0.02400000000000091,0.03799999999989723,0.02500000000009095,,,,0.2579999999999245,0.10599999999999454,0.06200000000001182,,0.019000000000005457,0.04100000000005366
blckhole,Highly sparse,inner,2132,14872,0.08199999999999363,0.06799999999998363,0.023000000000024556,0.03999999999996362,0.023000000000024556,,,,0.25299999999992906,0.09900000000004638,0.05499999999994998,0.03300000000001546,0.026000000000067303,0.04399999999998272
bcsstk29,Highly sparse,cu,13992,619488,0.2799999999999727,,,,,0.31900000000007367,2.411999999999921,0.18000000000006366,,,,,0.08199999999999363,6.927999999999997
bcsstk29,Highly sparse,gust,13992,619488,0.27800000000002,,0.1430000000000291,0.05200000000002092,0.5130000000000337,,,,3.9869999999999663,0.46299999999996544,0.7029999999999745,,0.08699999999998909,6.360000000000014
bcsstk29,Highly sparse,outer,13992,619488,0.27899999999999636,0.4029999999999063,0.022000000000048203,0.03599999999994452,0.3810000000000855,,,,3.9869999999999663,0.45899999999994634,0.47900000000004184,,0.08500000000003638,6.447000000000003
bcsstk29,Highly sparse,colw,13992,619488,0.3410000000000082,0.40199999999992997,0.02800000000002001,0.03600000000005821,0.42999999999995,,,,3.9869999999999663,0.45100000000002183,0.4679999999999609,,0.07200000000000273,6.240000000000009
bcsstk29,Highly sparse,inner,13992,619488,0.3300000000000409,0.4130000000000109,0.028999999999996362,0.03599999999994452,0.43000000000006366,,,,3.9979999999999336,0.4600000000000364,0.46299999999996544,0.6020000000000891,0.09399999999993724,6.3250000000000455
1138_bus,Highly sparse,cu,1138,4054,0.08899999999994179,,,,,0.08600000000001273,0.19100000000003092,0.06599999999991724,,,,,0.02100000000007185,0.04800000000000182
1138_bus,Highly sparse,gust,1138,4054,0.08399999999994634,,0.024999999999977263,0.04500000000007276,0.024999999999977263,,,,0.125,0.04399999999998272,0.06399999999996453,,0.023000000000024556,0.01999999999998181
1138_bus,Highly sparse,outer,1138,4054,0.07799999999997453,0.07900000000006457,0.020999999999958163,0.038000000000010914,0.023000000000024556,,,,0.125,0.04800000000000182,0.05899999999996908,,0.023000000000024556,0.03599999999994452
1138_bus,Highly sparse,colw,1138,4054,0.08199999999999363,0.07699999999999818,0.02100000000007185,0.038000000000010914,0.021999999999934516,,,,0.12199999999995725,0.04100000000005366,0.05499999999994998,,0.022000000000048203,0.01999999999998181
1138_bus,Highly sparse,inner,1138,4054,0.08800000000007913,0.07899999999995089,0.02100000000007185,0.036999999999920874,0.02100000000007185,,,,0.12000000000000455,0.03999999999996362,0.06100000000003547,0.02699999999992997,0.022000000000048203,0.01999999999998181
bcspwr06,Highly sparse,cu,1454,5300,0.08799999999996544,,,,,0.08000000000004093,0.16499999999996362,0.057999999999992724,,,,,0.018000000000029104,0.038000000000010914
bcspwr06,Highly sparse,gust,1454,5300,0.08499999999992269,,0.01999999999998181,0.038000000000010914,0.023000000000024556,,,,0.12000000000000455,0.03899999999998727,0.05700000000001637,,0.018000000000029104,0.020999999999958163
bcspwr06,Highly sparse,outer,1454,5300,0.09500000000002728,0.06399999999996453,0.019000000000005457,0.03499999999996817,0.02100000000007185,,,,0.1190000000000282,0.03899999999998727,0.05899999999996908,,0.01599999999996271,0.038000000000010914
bcspwr06,Highly sparse,colw,1454,5300,0.08199999999999363,0.06499999999994088,0.019000000000005457,0.03300000000001546,0.02100000000007185,,,,0.11599999999998545,0.03499999999996817,0.05600000000004002,,0.016999999999939064,0.02100000000007185
bcspwr06,Highly sparse,inner,1454,5300,0.08000000000004093,0.06299999999998818,0.01999999999998181,0.03300000000001546,0.01999999999998181,,,,0.1169999999999618,0.033999999999991815,0.04899999999997817,0.027000000000043656,0.01700000000005275,0.020999999999958163
bcsstk30,Highly sparse,cu,28924,2043492,0.7300000000000182,,,,,0.31799999999998363,7.7420000000000755,0.26099999999996726,,,,,0.07200000000000273,32.15000000000009
bcsstk30,Highly sparse,gust,28924,2043492,0.7250000000001364,,0.15899999999987813,0.05099999999993088,2.20900000000006,,,,21.563000000000102,1.9329999999999927,2.612999999999829,,0.08000000000015461,31.5
bcsstk30,Highly sparse,outer,28924,2043492,0.7270000000000891,0.5940000000000509,0.023999999999887223,0.03899999999998727,1.5760000000000218,,,,21.383000000000038,1.9850000000001273,1.9179999999998927,,0.08600000000001273,30.930000000000064
bcsstk30,Highly sparse,colw,28924,2043492,1.02800000000002,0.5889999999999418,0.03899999999998727,0.038000000000010914,2.1480000000001382,,,,21.384000000000015,1.9800000000000182,1.8829999999998108,,0.08200000000010732,30.971000000000004
bcsstk30,Highly sparse,inner,28924,2043492,1.018000000000029,0.6019999999998618,0.035000000000081855,0.03700000000003456,2.048999999999978,,,,21.593999999999824,1.9710000000000036,1.8640000000000327,2.9950000000001182,0.3530000000000655,30.60699999999997
bcsstm06,Highly sparse,cu,420,420,0.08799999999996544,,,,,0.07200000000000273,0.16600000000005366,0.057999999999992724,,,,,0.01999999999998181,0.02800000000002001
bcsstm06,Highly sparse,gust,420,420,0.08299999999996999,,0.02100000000007185,0.043000000000006366,0.019000000000005457,,,,0.04499999999995907,0.049999999999954525,0.059000000000082764,,0.019000000000005457,0.012999999999919964
bcsstm06,Highly sparse,outer,420,420,0.08100000000001728,0.06399999999996453,0.01999999999998181,0.03700000000003456,0.018000000000029104,,,,0.04399999999998272,0.03899999999998727,0.06100000000003547,,0.01899999999989177,0.013000000000033651
bcsstm06,Highly sparse,colw,420,420,0.08199999999999363,0.06399999999996453,0.019000000000005457,0.03600000000005821,0.018000000000029104,,,,0.045999999999935426,0.03700000000003456,0.05200000000002092,,0.019000000000005457,0.012999999999919964
bcsstm06,Highly sparse,inner,420,420,0.07799999999997453,0.06100000000003547,0.018000000000029104,0.03599999999994452,0.01700000000005275,,,,0.043000000000006366,0.033999999999991815,0.05200000000002092,0.021999999999934516,0.01999999999998181,0.013000000000033651
bcspwr08,Highly sparse,cu,1624,6050,0.08500000000003638,,,,,0.07000000000005002,0.17999999999994998,0.06100000000003547,,,,,0.017999999999915417,0.04100000000005366
bcspwr08,Highly sparse,gust,1624,6050,0.08299999999996999,,0.020999999999958163,0.04000000000007731,0.024999999999977263,,,,0.1269999999999527,0.04100000000005366,0.05599999999992633,,0.019000000000005457,0.02400000000000091
bcspwr08,Highly sparse,outer,1624,6050,0.07800000000008822,0.07799999999997453,0.019000000000005457,0.03499999999996817,0.01999999999998181,,,,0.12400000000002365,0.038000000000010914,0.05999999999994543,,0.018000000000029104,0.03999999999996362
bcspwr08,Highly sparse,colw,1624,6050,0.08100000000001728,0.06799999999998363,0.01999999999998181,0.03499999999996817,0.02100000000007185,,,,0.1229999999999336,0.035000000000081855,0.05199999999990723,,0.018000000000029104,0.02400000000000091
bcspwr08,Highly sparse,inner,1624,6050,0.08100000000001728,0.06900000000007367,0.019000000000005457,0.033999999999991815,0.020999999999958163,,,,0.12199999999995725,0.0340000000001055,0.05299999999999727,0.02699999999992997,0.01700000000005275,0.024999999999977263
bcspwr07,Highly sparse,cu,1612,5824,0.14400000000000546,,,,,0.09199999999998454,0.19299999999998363,0.07500000000004547,,,,,0.02800000000002001,0.057999999999992724
bcspwr07,Highly sparse,gust,1612,5824,0.1209999999999809,,0.030000000000086402,0.053999999999973625,0.033999999999991815,,,,0.13900000000001,0.07200000000000273,0.08600000000001273,,0.02800000000002001,0.027999999999906322
bcspwr07,Highly sparse,outer,1612,5824,0.11800000000005184,0.09399999999993724,0.02800000000002001,0.04899999999997817,0.027000000000043656,,,,0.13400000000001455,0.06299999999998818,0.07699999999999818,,0.027000000000043656,0.06199999999989814
bcspwr07,Highly sparse,colw,1612,5824,0.1209999999999809,0.09600000000000364,0.028999999999996362,0.04899999999997817,0.027000000000043656,,,,0.13199999999994816,0.051000000000044565,0.07799999999997453,,0.026000000000067303,0.028999999999996362
bcspwr07,Highly sparse,inner,1612,5824,0.1169999999999618,0.09400000000005093,0.028999999999996362,0.04699999999991178,0.027000000000043656,,,,0.1330000000000382,0.05200000000002092,0.08399999999994634,0.03499999999996817,0.027000000000043656,0.028999999999996362
bcspwr09,Highly sparse,cu,1723,6511,0.08800000000007913,,,,,0.06799999999998363,0.16599999999993997,0.057999999999992724,,,,,0.018000000000029104,0.04000000000007731
bcspwr09,Highly sparse,gust,1723,6511,0.09299999999996089,,0.023000000000024556,0.03700000000003456,0.024999999999977263,,,,0.12400000000002365,0.03899999999998727,0.05600000000004002,,0.017999999999915417,0.02500000000009095
bcspwr09,Highly sparse,outer,1723,6511,0.08100000000001728,0.06799999999998363,0.019000000000005457,0.03200000000003911,0.020999999999958163,,,,0.12000000000000455,0.04399999999998272,0.051000000000044565,,0.017999999999915417,0.04000000000007731
bcspwr09,Highly sparse,colw,1723,6511,0.08199999999999363,0.06600000000003092,0.019000000000005457,0.033999999999991815,0.022000000000048203,,,,0.11899999999991451,0.035000000000081855,0.049999999999954525,,0.01700000000005275,0.02400000000000091
bcspwr09,Highly sparse,inner,1723,6511,0.07800000000008822,0.06599999999991724,0.019000000000005457,0.03200000000003911,0.020999999999958163,,,,0.12000000000000455,0.03700000000003456,0.05600000000004002,0.028999999999996362,0.017999999999915417,0.02500000000009095
bcsstm20,Highly sparse,cu,485,485,0.08199999999999363,,,,,0.06900000000007367,0.15499999999997272,0.053999999999973625,,,,,0.01700000000005275,0.02699999999992997
bcsstm20,Highly sparse,gust,485,485,0.09000000000003183,,0.019000000000005457,0.038000000000010914,0.018000000000029104,,,,0.04399999999998272,0.03700000000003456,0.05299999999999727,,0.016999999999939064,0.012000000000057298
bcsstm20,Highly sparse,outer,485,485,0.07799999999997453,0.057999999999992724,0.018000000000029104,0.03300000000001546,0.01599999999996271,,,,0.043000000000006366,0.03999999999996362,0.05200000000002092,,0.01599999999996271,0.013000000000033651
bcsstm20,Highly sparse,colw,485,485,0.07799999999997453,0.05899999999996908,0.026000000000067303,0.033999999999991815,0.016999999999939064,,,,0.04200000000003001,0.03300000000001546,0.047000000000025466,,0.017999999999915417,0.012000000000057298
bcsstm20,Highly sparse,inner,485,485,0.08000000000004093,0.057999999999992724,0.019000000000005457,0.03300000000001546,0.016999999999939064,,,,0.04100000000005366,0.033999999999991815,0.047000000000025466,0.020999999999958163,0.01599999999996271,0.012000000000057298
bcsstk21,Highly sparse,cu,3600,26600,0.09900000000004638,,,,,0.07299999999997908,0.26700000000005275,0.06399999999996453,,,,,0.019000000000005457,0.16399999999998727
bcsstk21,Highly sparse,gust,3600,26600,0.09500000000002728,,0.01999999999998181,0.04200000000003001,0.10099999999999909,,,,0.2619999999999436,0.10300000000006548,0.06399999999996453,,0.019000000000005457,0.07299999999997908
bcsstk21,Highly sparse,outer,3600,26600,0.09100000000000819,0.07200000000000273,0.02400000000000091,0.038000000000010914,0.09100000000000819,,,,0.2579999999999245,0.09900000000004638,0.06899999999995998,,0.019000000000005457,0.08800000000007913
bcsstk21,Highly sparse,colw,3600,26600,0.09199999999998454,0.06999999999993634,0.02400000000000091,0.038000000000010914,0.09100000000000819,,,,0.2559999999999718,0.09900000000004638,0.06100000000003547,,0.019000000000005457,0.07299999999997908
bcsstk21,Highly sparse,inner,3600,26600,0.09100000000000819,0.06700000000000728,0.02400000000000091,0.03899999999998727,0.09199999999998454,,,,0.25499999999999545,0.09800000000007003,0.05999999999994543,0.028999999999996362,0.019000000000005457,0.07200000000000273
bcsstm19,Highly sparse,cu,817,817,0.08900000000005548,,,,,0.07099999999991269,0.18400000000008276,0.06199999999989814,,,,,0.019000000000005457,0.030000000000086402
bcsstm19,Highly sparse,gust,817,817,0.08799999999996544,,0.01999999999998181,0.043000000000006366,0.01999999999998181,,,,0.04900000000009186,0.03999999999996362,0.05899999999996908,,0.018000000000029104,0.014000000000010004
bcsstm19,Highly sparse,outer,817,817,0.08100000000001728,0.06599999999991724,0.019000000000005457,0.047000000000025466,0.01999999999998181,,,,0.04399999999998272,0.038000000000010914,0.06100000000003547,,0.018000000000029104,0.013000000000033651
bcsstm19,Highly sparse,colw,817,817,0.08300000000008367,0.06399999999996453,0.019000000000005457,0.03700000000003456,0.019000000000005457,,,,0.041999999999916326,0.03600000000005821,0.05099999999993088,,0.018000000000029104,0.013000000000033651
bcsstm19,Highly sparse,inner,817,817,0.07900000000006457,0.07499999999993179,0.020000000000095497,0.03599999999994452,0.018000000000029104,,,,0.04399999999998272,0.03499999999996817,0.051000000000044565,0.021999999999934516,0.018000000000029104,0.013000000000033651
bcsstk25,Highly sparse,cu,15439,252241,0.2659999999999627,,,,,0.2859999999999445,0.7140000000000555,0.19399999999995998,,,,,0.12999999999999545,6.071000000000026
bcsstk25,Highly sparse,gust,15439,252241,0.2580000000000382,,0.13799999999991996,0.05600000000004002,0.22900000000004184,,,,0.9089999999999918,0.25099999999997635,0.5589999999999691,,0.09500000000002728,5.66700000000003
bcsstk25,Highly sparse,outer,15439,252241,0.25700000000006185,0.44899999999995543,0.024999999999977263,0.04600000000004911,0.19099999999991724,,,,0.8660000000000991,0.23099999999999454,0.4199999999999591,,0.12400000000002365,5.689999999999941
bcsstk25,Highly sparse,colw,15439,252241,0.2580000000000382,0.32999999999992724,0.028999999999996362,0.044000000000096406,0.19899999999995543,,,,0.8650000000000091,0.2340000000000373,0.4109999999999445,,0.10199999999997544,5.668000000000006
bcsstk25,Highly sparse,inner,15439,252241,0.2619999999999436,0.46100000000001273,0.03200000000003911,0.045999999999935426,0.21199999999998909,,,,0.875,0.23099999999999454,0.4110000000000582,0.29300000000000637,0.10099999999999909,5.705000000000041
bcsstk18,Highly sparse,cu,11948,149090,0.12999999999999545,,,,,0.19399999999995998,0.48300000000006094,0.15399999999999636,,,,,0.06600000000003092,2.3940000000000055
bcsstk18,Highly sparse,gust,11948,149090,0.1230000000000473,,0.025999999999953616,0.038000000000010914,0.20100000000002183,,,,0.4919999999999618,0.14999999999997726,0.36099999999999,,0.06900000000007367,2.0399999999999636
bcsstk18,Highly sparse,outer,11948,149090,0.1209999999999809,0.18399999999996908,0.019000000000005457,0.04200000000003001,0.12800000000004275,,,,0.5049999999999955,0.14999999999997726,0.30299999999999727,,0.08799999999996544,1.995999999999981
bcsstk18,Highly sparse,colw,11948,149090,0.12999999999999545,0.18700000000001182,0.023000000000024556,0.03599999999994452,0.15200000000004366,,,,0.5090000000000146,0.15099999999995362,0.26499999999998636,,0.07000000000005002,1.93100000000004
bcsstk18,Highly sparse,inner,11948,149090,0.1269999999999527,0.18500000000005912,0.021999999999934516,0.035000000000081855,0.14599999999995816,,,,0.5159999999999627,0.1470000000000482,0.26700000000005275,0.19099999999991724,0.07699999999999818,1.9990000000000236
bcsstk32,Highly sparse,cu,44609,2014701,0.7069999999999936,,,,,0.37599999999997635,7.613000000000056,0.23699999999996635,,,,,0.07500000000004547,25.047000000000025
bcsstk32,Highly sparse,gust,44609,2014701,0.7150000000000318,,0.20899999999994634,0.04800000000000182,1.4560000000000173,,,,12.550000000000068,1.2349999999999,1.5200000000000955,,0.0809999999999036,24.43100000000004
bcsstk32,Highly sparse,outer,44609,2014701,0.7080000000000837,0.6479999999999109,0.02500000000009095,0.03899999999998727,1.0219999999999345,,,,12.519000000000005,1.2170000000000982,1.0889999999999418,,0.08200000000010732,24.041999999999916
bcsstk32,Highly sparse,colw,44609,2014701,0.8640000000000327,0.6559999999999491,0.03999999999996362,0.038000000000010914,1.2200000000000273,,,,12.464999999999918,1.2440000000001419,1.08199999999988,,0.07900000000017826,24.500999999999976
bcsstk32,Highly sparse,inner,44609,2014701,0.8790000000001328,0.6279999999999291,0.03600000000005821,0.03999999999996362,1.20900000000006,,,,12.549999999999955,1.2239999999999327,1.0750000000000455,1.55600000000004,0.2480000000000473,24.24000000000001
bcsstk31,Extremely sparse,cu,35588,1181416,0.46100000000001273,,,,,0.28499999999996817,4.475000000000023,0.26900000000000546,,,,,0.07699999999999818,17.338999999999942
bcsstk31,Extremely sparse,gust,35588,1181416,0.45699999999999363,,0.14600000000007185,0.04899999999997817,0.7150000000000318,,,,6.016999999999939,0.7110000000000127,1.0779999999999745,,0.07800000000008822,16.705999999999904
bcsstk31,Extremely sparse,outer,35588,1181416,0.4519999999999982,0.4739999999999327,0.024999999999977263,0.038000000000010914,0.5470000000000255,,,,6.005999999999972,0.6820000000000164,0.7280000000000655,,0.07999999999992724,16.748000000000047
bcsstk31,Extremely sparse,colw,35588,1181416,0.5179999999999154,0.4740000000000464,0.03300000000001546,0.03700000000003456,0.6229999999999336,,,,5.970000000000027,0.6970000000000027,0.7089999999999463,,0.07299999999997908,16.916000000000054
bcsstk31,Extremely sparse,inner,35588,1181416,0.5209999999999582,0.5009999999999764,0.035000000000081855,0.03899999999998727,0.6229999999999336,,,,5.999000000000024,0.7000000000000455,0.7309999999999945,0.9599999999999227,0.08000000000004093,16.835000000000036
bcsstm08,Extremely sparse,cu,1074,1074,0.08699999999998909,,,,,0.08600000000001273,0.18299999999999272,0.05899999999996908,,,,,0.019000000000005457,0.029999999999972715
bcsstm08,Extremely sparse,gust,1074,1074,0.08900000000005548,,0.019000000000005457,0.04099999999993997,0.02100000000007185,,,,0.04800000000000182,0.03899999999998727,0.057999999999992724,,0.018000000000029104,0.012999999999919964
bcsstm08,Extremely sparse,outer,1074,1074,0.08199999999999363,0.07900000000006457,0.020999999999958163,0.03599999999994452,0.020000000000095497,,,,0.04399999999998272,0.04399999999998272,0.05600000000004002,,0.017999999999915417,0.027000000000043656
bcsstm08,Extremely sparse,colw,1074,1074,0.08399999999994634,0.06500000000005457,0.018000000000029104,0.036999999999920874,0.019000000000005457,,,,0.04399999999998272,0.035000000000081855,0.05299999999999727,,0.017999999999915417,0.013000000000033651
bcsstm08,Extremely sparse,inner,1074,1074,0.09600000000000364,0.06499999999994088,0.018000000000029104,0.03600000000005821,0.017999999999915417,,,,0.04399999999998272,0.03600000000005821,0.051000000000044565,0.02299999999991087,0.018000000000029104,0.013000000000033651
bcsstm09,Extremely sparse,cu,1083,1083,0.08799999999996544,,,,,0.07299999999997908,0.17600000000004457,0.05899999999996908,,,,,0.018000000000029104,0.028999999999996362
bcsstm09,Extremely sparse,gust,1083,1083,0.09100000000000819,,0.019000000000005457,0.043000000000006366,0.020999999999958163,,,,0.047000000000025466,0.04100000000005366,0.05899999999996908,,0.01700000000005275,0.014000000000010004
bcsstm09,Extremely sparse,outer,1083,1083,0.08299999999996999,0.06499999999994088,0.020000000000095497,0.03499999999996817,0.019000000000005457,,,,0.04499999999995907,0.038000000000010914,0.06399999999996453,,0.018000000000029104,0.027000000000043656
bcsstm09,Extremely sparse,colw,1083,1083,0.08500000000003638,0.06499999999994088,0.018000000000029104,0.03600000000005821,0.01999999999998181,,,,0.04399999999998272,0.03600000000005821,0.05199999999990723,,0.018000000000029104,0.013000000000033651
bcsstm09,Extremely sparse,inner,1083,1083,0.08399999999994634,0.06299999999998818,0.018000000000029104,0.03600000000005821,0.017999999999915417,,,,0.043000000000006366,0.035000000000081855,0.05299999999999727,0.03300000000001546,0.017999999999915417,0.013000000000033651
bcspwr10,Extremely sparse,cu,5300,21842,0.09400000000005093,,,,,0.07000000000005002,0.2479999999999336,0.06000000000005912,,,,,0.019000000000005457,0.13799999999991996
bcspwr10,Extremely sparse,gust,5300,21842,0.08899999999994179,,0.029999999999972715,0.04100000000005366,0.027000000000043656,,,,0.2619999999999436,0.10300000000006548,0.1209999999999809,,0.019000000000005457,0.05299999999999727
bcspwr10,Extremely sparse,outer,5300,21842,0.08699999999998909,0.07000000000005002,0.01999999999998181,0.03499999999996817,0.027000000000043656,,,,0.26499999999998636,0.09999999999990905,0.06700000000000728,,0.018000000000029104,0.06799999999998363
bcspwr10,Extremely sparse,colw,5300,21842,0.08699999999998909,0.06900000000007367,0.01999999999998181,0.033999999999991815,0.02699999999992997,,,,0.24900000000002365,0.10099999999999909,0.057999999999992724,,0.019000000000005457,0.05299999999999727
bcspwr10,Extremely sparse,inner,5300,21842,0.08400000000006003,0.06899999999995998,0.018000000000029104,0.03499999999996817,0.026000000000067303,,,,0.2559999999999718,0.10000000000002274,0.053999999999973625,0.03300000000001546,0.018000000000029104,0.05299999999999727
bcsstm11,Extremely sparse,cu,1473,1473,0.09699999999997999,,,,,0.07500000000004547,0.18299999999999272,0.06099999999992178,,,,,0.019000000000005457,0.030000000000086402
bcsstm11,Extremely sparse,gust,1473,1473,0.08699999999998909,,0.019000000000005457,0.043000000000006366,0.019000000000005457,,,,0.04899999999997817,0.03999999999996362,0.05700000000001637,,0.016999999999939064,0.02400000000000091
bcsstm11,Extremely sparse,outer,1473,1473,0.08500000000003638,0.06700000000000728,0.018000000000029104,0.038000000000010914,0.019000000000005457,,,,0.04499999999995907,0.04600000000004911,0.056999999999902684,,0.018000000000029104,0.024999999999977263
bcsstm11,Extremely sparse,colw,1473,1473,0.08199999999999363,0.06600000000003092,0.018000000000029104,0.03599999999994452,0.01700000000005275,,,,0.04399999999998272,0.03700000000003456,0.06299999999998818,,0.018000000000029104,0.014000000000010004
bcsstm11,Extremely sparse,inner,1473,1473,0.08700000000010277,0.06299999999998818,0.019000000000005457,0.03499999999996817,0.018000000000029104,,,,0.04399999999998272,0.036999999999920874,0.05200000000002092,0.023000000000024556,0.018000000000029104,0.014000000000010004
bcsstm26,Extremely sparse,cu,1922,1922,0.09999999999990905,,,,,0.07300000000009277,0.18499999999994543,0.06000000000005912,,,,,0.017999999999915417,0.029999999999972715
bcsstm26,Extremely sparse,gust,1922,1922,0.10099999999999909,,0.01999999999998181,0.04399999999998272,0.020999999999958163,,,,0.05000000000006821,0.04099999999993997,0.06000000000005912,,0.018000000000029104,0.014999999999986358
bcsstm26,Extremely sparse,outer,1922,1922,0.08699999999998909,0.06800000000009732,0.01999999999998181,0.03599999999994452,0.02100000000007185,,,,0.04699999999991178,0.03700000000003456,0.06299999999998818,,0.018000000000029104,0.027000000000043656
bcsstm26,Extremely sparse,colw,1922,1922,0.08800000000007913,0.06700000000000728,0.01999999999998181,0.03599999999994452,0.01999999999998181,,,,0.04600000000004911,0.03700000000003456,0.05199999999990723,,0.01700000000005275,0.014000000000010004
bcsstm26,Extremely sparse,inner,1922,1922,0.08500000000003638,0.06399999999996453,0.019000000000005457,0.03600000000005821,0.019000000000005457,,,,0.04399999999998272,0.03499999999996817,0.05200000000002092,0.03999999999996362,0.018000000000029104,0.014000000000010004
bcsstm23,Extremely sparse,cu,3134,3134,0.06700000000000728,,,,,0.05299999999999727,0.15300000000002,0.04800000000000182,,,,,0.014000000000010004,0.027999999999906322
bcsstm23,Extremely sparse,gust,3134,3134,0.06299999999998818,,0.016000000000076398,0.03300000000001546,0.020999999999958163,,,,0.1029999999999518,0.035000000000081855,0.04899999999997817,,0.014000000000010004,0.012999999999919964
bcsstm23,Extremely sparse,outer,3134,3134,0.06400000000007822,0.05199999999990723,0.01700000000005275,0.03099999999994907,0.020000000000095497,,,,0.1029999999999518,0.03200000000003911,0.05099999999993088,,0.014000000000010004,0.023000000000024556
bcsstm23,Extremely sparse,colw,3134,3134,0.06299999999998818,0.05200000000002092,0.016000000000076398,0.029999999999972715,0.018000000000029104,,,,0.1029999999999518,0.03099999999994907,0.04500000000007276,,0.013000000000033651,0.011999999999943611
bcsstm23,Extremely sparse,inner,3134,3134,0.06700000000000728,0.05200000000002092,0.016999999999939064,0.031000000000062755,0.017999999999915417,,,,0.10300000000006548,0.029999999999972715,0.04600000000004911,0.02400000000000091,0.014000000000010004,0.012999999999919964
bcsstm24,Extremely sparse,cu,3562,3562,0.08899999999994179,,,,,0.07500000000004547,0.17799999999999727,0.05899999999996908,,,,,0.018000000000029104,0.03099999999994907
bcsstm24,Extremely sparse,gust,3562,3562,0.08299999999996999,,0.019000000000005457,0.04099999999993997,0.023000000000024556,,,,0.11200000000008004,0.05299999999999727,0.057999999999992724,,0.019000000000005457,0.014999999999986358
bcsstm24,Extremely sparse,outer,3562,3562,0.08000000000004093,0.06500000000005457,0.019000000000005457,0.036999999999920874,0.02100000000007185,,,,0.1150000000000091,0.03799999999989723,0.06000000000005912,,0.018000000000029104,0.029999999999972715
bcsstm24,Extremely sparse,colw,3562,3562,0.08100000000001728,0.07299999999997908,0.019000000000005457,0.03600000000005821,0.020999999999958163,,,,0.11199999999996635,0.03600000000005821,0.05499999999994998,,0.016000000000076398,0.014999999999986358
bcsstm24,Extremely sparse,inner,3562,3562,0.07999999999992724,0.06400000000007822,0.017999999999915417,0.03700000000003456,0.01999999999998181,,,,0.11099999999999,0.03600000000005821,0.05299999999999727,0.025999999999953616,0.018000000000029104,0.01599999999996271
bcsstm21,Extremely sparse,cu,3600,3600,0.09100000000000819,,,,,0.07400000000006912,0.17899999999997362,0.06099999999992178,,,,,0.019000000000005457,0.03200000000003911
bcsstm21,Extremely sparse,gust,3600,3600,0.08599999999989905,,0.020000000000095497,0.05499999999994998,0.02400000000000091,,,,0.11599999999998545,0.04399999999998272,0.059000000000082764,,0.019000000000005457,0.01599999999996271
bcsstm21,Extremely sparse,outer,3600,3600,0.08299999999996999,0.06700000000000728,0.019000000000005457,0.03700000000003456,0.023000000000024556,,,,0.11400000000003274,0.03799999999989723,0.06100000000003547,,0.018000000000029104,0.029999999999972715
bcsstm21,Extremely sparse,colw,3600,3600,0.08600000000001273,0.06799999999998363,0.019000000000005457,0.038000000000010914,0.021999999999934516,,,,0.11700000000007549,0.036999999999920874,0.055000000000063665,,0.017999999999915417,0.015000000000100044
bcsstm21,Extremely sparse,inner,3600,3600,0.08000000000004093,0.06499999999994088,0.01999999999998181,0.038000000000010914,0.02100000000007185,,,,0.12199999999995725,0.03700000000003456,0.05499999999994998,0.025999999999953616,0.018000000000029104,0.016000000000076398
bcsstm25,Extremely sparse,cu,15439,15439,0.10099999999999909,,,,,0.07099999999991269,0.17799999999999727,0.07500000000004547,,,,,0.019000000000005457,0.043000000000006366
bcsstm25,Extremely sparse,gust,15439,15439,0.09699999999997999,,0.01999999999998181,0.04200000000003001,0.03999999999996362,,,,0.12600000000009004,0.041999999999916326,0.05700000000001637,,0.019000000000005457,0.027000000000043656
bcsstm25,Extremely sparse,outer,15439,15439,0.09100000000000819,0.06399999999996453,0.02800000000002001,0.03899999999998727,0.038000000000010914,,,,0.12599999999997635,0.04099999999993997,0.06100000000003547,,0.018000000000029104,0.04200000000003001
bcsstm25,Extremely sparse,colw,15439,15439,0.09299999999996089,0.06600000000003092,0.018000000000029104,0.036999999999920874,0.03600000000005821,,,,0.1229999999999336,0.03700000000003456,0.053999999999973625,,0.01700000000005275,0.025999999999953616
bcsstm25,Extremely sparse,inner,15439,15439,0.09100000000000819,0.06299999999998818,0.017999999999915417,0.038000000000010914,0.03600000000005821,,,,0.12000000000000455,0.03599999999994452,0.05200000000002092,0.03999999999996362,0.01700000000005275,0.027000000000043656
