class,name,n,A_nnz,density_pct,cu_cnnz,man_cnnz,outer_cnnz,colw_cnnz,inner_cnnz,cnnz_gap_pct,buf2,cu_we,cu_compute,cu_copy,cu_d2h,cu_kernel,cu_time,cu_write,man_count,man_fill,man_kernel,man_time,man_write,outer_time,colw_time,inner_time,phases
Dense,bcsstk02,66,4356,100.0,4356,4356,4356,4356,4356,0.0,,0.10000000000002274,0.19999999999998863,0.0,0.7000000000000455,0.30000000000001137,1.195,,,,,1.637,,1.608,1.583,1.605,"{('cu', 'start'): 462.5, ('cu', 'h2d'): 462.5, ('cu', 'workest'): 462.6, ('cu', 'compute'): 462.8, ('cu', 'copy'): 462.8, ('cu', 'pack'): 462.9, ('cu', 'd2h'): 463.6, ('gust', 'start'): 463.9, ('gust', 'h2d'): 464.0, ('gust', 'count'): 464.0, ('gust', 'scan'): 464.1, ('gust', 'expand'): 464.2, ('gust', 'sort'): 464.4, ('gust', 'reduce'): 464.6, ('gust', 'final'): 464.7, ('gust', 'pack'): 464.8, ('gust', 'd2h'): 465.4, ('outer', 'start'): 465.8, ('outer', 'h2d'): 465.9, ('outer', 'csc'): 466.0, ('outer', 'count'): 466.0, ('outer', 'scan'): 466.0, ('outer', 'expand'): 466.1, ('outer', 'sort'): 466.3, ('outer', 'reduce'): 466.5, ('outer', 'final'): 466.6, ('outer', 'pack'): 466.6, ('outer', 'd2h'): 467.3, ('colw', 'start'): 467.7, ('colw', 'h2d'): 467.7, ('colw', 'csc'): 467.8, ('colw', 'count'): 467.8, ('colw', 'scan'): 467.9, ('colw', 'expand'): 468.0, ('colw', 'sort'): 468.2, ('colw', 'reduce'): 468.3, ('colw', 'final'): 468.5, ('colw', 'pack'): 468.5, ('colw', 'd2h'): 469.1, ('inner', 'start'): 469.5, ('inner', 'h2d'): 469.6, ('inner', 'csc'): 469.6, ('inner', 'count'): 469.7, ('inner', 'scan'): 469.7, ('inner', 'expand'): 469.8, ('inner', 'sort'): 470.0, ('inner', 'reduce'): 470.2, ('inner', 'final'): 470.3, ('inner', 'numeric'): 470.4, ('inner', 'pack'): 470.4, ('inner', 'd2h'): 471.0}"
Dense,can_24,24,160,27.77777777777778,336,336,336,336,336,0.0,,0.10000000000002274,0.20000000000004547,0.0,0.8999999999999773,0.3000000000000682,1.413,,,,,1.305,,1.636,1.387,1.435,"{('cu', 'start'): 533.2, ('cu', 'h2d'): 533.3, ('cu', 'workest'): 533.4, ('cu', 'compute'): 533.6, ('cu', 'copy'): 533.6, ('cu', 'pack'): 533.6, ('cu', 'd2h'): 534.5, ('gust', 'start'): 534.9, ('gust', 'h2d'): 535.0, ('gust', 'count'): 535.0, ('gust', 'scan'): 535.1, ('gust', 'expand'): 535.1, ('gust', 'sort'): 535.1, ('gust', 'reduce'): 535.2, ('gust', 'final'): 535.2, ('gust', 'pack'): 535.3, ('gust', 'd2h'): 536.1, ('outer', 'start'): 536.5, ('outer', 'h2d'): 536.6, ('outer', 'csc'): 536.7, ('outer', 'count'): 536.7, ('outer', 'scan'): 536.7, ('outer', 'expand'): 536.7, ('outer', 'sort'): 536.8, ('outer', 'reduce'): 536.8, ('outer', 'final'): 536.9, ('outer', 'pack'): 536.9, ('outer', 'd2h'): 538.0, ('colw', 'start'): 538.4, ('colw', 'h2d'): 538.5, ('colw', 'csc'): 538.6, ('colw', 'count'): 538.6, ('colw', 'scan'): 538.7, ('colw', 'expand'): 538.7, ('colw', 'sort'): 538.7, ('colw', 'reduce'): 538.8, ('colw', 'final'): 538.8, ('colw', 'pack'): 538.9, ('colw', 'd2h'): 539.7, ('inner', 'start'): 540.1, ('inner', 'h2d'): 540.2, ('inner', 'csc'): 540.3, ('inner', 'count'): 540.3, ('inner', 'scan'): 540.3, ('inner', 'expand'): 540.4, ('inner', 'sort'): 540.4, ('inner', 'reduce'): 540.5, ('inner', 'final'): 540.5, ('inner', 'numeric'): 540.5, ('inner', 'pack'): 540.6, ('inner', 'd2h'): 541.4}"
Dense,bcsstk04,132,3648,20.9366391184573,11968,11968,11968,11968,11968,0.0,,0.0999999999999659,0.20000000000004547,0.0999999999999659,0.6999999999999886,0.39999999999997726,1.22,,,,,1.34,,1.404,1.407,1.439,"{('cu', 'start'): 464.3, ('cu', 'h2d'): 464.3, ('cu', 'workest'): 464.4, ('cu', 'compute'): 464.6, ('cu', 'copy'): 464.7, ('cu', 'pack'): 464.7, ('cu', 'd2h'): 465.4, ('gust', 'start'): 465.7, ('gust', 'h2d'): 465.8, ('gust', 'count'): 465.8, ('gust', 'scan'): 465.9, ('gust', 'expand'): 465.9, ('gust', 'sort'): 466.1, ('gust', 'reduce'): 466.2, ('gust', 'final'): 466.3, ('gust', 'pack'): 466.4, ('gust', 'd2h'): 467.0, ('outer', 'start'): 467.3, ('outer', 'h2d'): 467.4, ('outer', 'csc'): 467.5, ('outer', 'count'): 467.5, ('outer', 'scan'): 467.5, ('outer', 'expand'): 467.5, ('outer', 'sort'): 467.8, ('outer', 'reduce'): 467.9, ('outer', 'final'): 468.0, ('outer', 'pack'): 468.0, ('outer', 'd2h'): 468.6, ('colw', 'start'): 469.0, ('colw', 'h2d'): 469.0, ('colw', 'csc'): 469.1, ('colw', 'count'): 469.1, ('colw', 'scan'): 469.2, ('colw', 'expand'): 469.2, ('colw', 'sort'): 469.4, ('colw', 'reduce'): 469.5, ('colw', 'final'): 469.6, ('colw', 'pack'): 469.6, ('colw', 'd2h'): 470.3, ('inner', 'start'): 470.6, ('inner', 'h2d'): 470.7, ('inner', 'csc'): 470.8, ('inner', 'count'): 470.8, ('inner', 'scan'): 470.8, ('inner', 'expand'): 470.9, ('inner', 'sort'): 471.1, ('inner', 'reduce'): 471.2, ('inner', 'final'): 471.3, ('inner', 'numeric'): 471.3, ('inner', 'pack'): 471.3, ('inner', 'd2h'): 472.0}"
Dense,bcsstk01,48,400,17.36111111111111,1292,1292,1292,1292,1292,0.0,,0.0999999999999659,0.10000000000002274,0.0,0.6000000000000227,0.19999999999998863,1.024,,,,,1.024,,1.079,1.06,1.101,"{('cu', 'start'): 469.0, ('cu', 'h2d'): 469.1, ('cu', 'workest'): 469.2, ('cu', 'compute'): 469.3, ('cu', 'copy'): 469.3, ('cu', 'pack'): 469.4, ('cu', 'd2h'): 470.0, ('gust', 'start'): 470.3, ('gust', 'h2d'): 470.4, ('gust', 'count'): 470.4, ('gust', 'scan'): 470.4, ('gust', 'expand'): 470.4, ('gust', 'sort'): 470.5, ('gust', 'reduce'): 470.6, ('gust', 'final'): 470.6, ('gust', 'pack'): 470.6, ('gust', 'd2h'): 471.2, ('outer', 'start'): 471.6, ('outer', 'h2d'): 471.6, ('outer', 'csc'): 471.7, ('outer', 'count'): 471.7, ('outer', 'scan'): 471.7, ('outer', 'expand'): 471.8, ('outer', 'sort'): 471.9, ('outer', 'reduce'): 471.9, ('outer', 'final'): 471.9, ('outer', 'pack'): 472.0, ('outer', 'd2h'): 472.6, ('colw', 'start'): 472.9, ('colw', 'h2d'): 473.0, ('colw', 'csc'): 473.0, ('colw', 'count'): 473.0, ('colw', 'scan'): 473.1, ('colw', 'expand'): 473.1, ('colw', 'sort'): 473.2, ('colw', 'reduce'): 473.2, ('colw', 'final'): 473.3, ('colw', 'pack'): 473.3, ('colw', 'd2h'): 473.9, ('inner', 'start'): 474.2, ('inner', 'h2d'): 474.3, ('inner', 'csc'): 474.3, ('inner', 'count'): 474.3, ('inner', 'scan'): 474.4, ('inner', 'expand'): 474.4, ('inner', 'sort'): 474.5, ('inner', 'reduce'): 474.5, ('inner', 'final'): 474.6, ('inner', 'numeric'): 474.6, ('inner', 'pack'): 474.6, ('inner', 'd2h'): 475.2}"
Dense,can_61,61,557,14.969094329481322,1793,1793,1793,1793,1793,0.0,,0.20000000000004547,0.20000000000004547,0.09999999999990905,0.900000000000091,0.5,1.655,,,,,1.41,,1.651,1.468,1.511,"{('cu', 'start'): 530.7, ('cu', 'h2d'): 530.8, ('cu', 'workest'): 531.0, ('cu', 'compute'): 531.2, ('cu', 'copy'): 531.3, ('cu', 'pack'): 531.3, ('cu', 'd2h'): 532.2, ('gust', 'start'): 532.6, ('gust', 'h2d'): 532.7, ('gust', 'count'): 532.8, ('gust', 'scan'): 532.8, ('gust', 'expand'): 532.9, ('gust', 'sort'): 533.0, ('gust', 'reduce'): 533.0, ('gust', 'final'): 533.1, ('gust', 'pack'): 533.1, ('gust', 'd2h'): 533.9, ('outer', 'start'): 534.3, ('outer', 'h2d'): 534.4, ('outer', 'csc'): 534.5, ('outer', 'count'): 534.5, ('outer', 'scan'): 534.6, ('outer', 'expand'): 534.6, ('outer', 'sort'): 534.7, ('outer', 'reduce'): 534.8, ('outer', 'final'): 534.8, ('outer', 'pack'): 534.9, ('outer', 'd2h'): 535.8, ('colw', 'start'): 536.3, ('colw', 'h2d'): 536.4, ('colw', 'csc'): 536.5, ('colw', 'count'): 536.5, ('colw', 'scan'): 536.5, ('colw', 'expand'): 536.6, ('colw', 'sort'): 536.7, ('colw', 'reduce'): 536.7, ('colw', 'final'): 536.8, ('colw', 'pack'): 536.8, ('colw', 'd2h'): 537.6, ('inner', 'start'): 538.0, ('inner', 'h2d'): 538.1, ('inner', 'csc'): 538.2, ('inner', 'count'): 538.2, ('inner', 'scan'): 538.3, ('inner', 'expand'): 538.3, ('inner', 'sort'): 538.4, ('inner', 'reduce'): 538.5, ('inner', 'final'): 538.5, ('inner', 'numeric'): 538.6, ('inner', 'pack'): 538.6, ('inner', 'd2h'): 539.4}"
Dense,bcsstk05,153,2423,10.350719808620616,7245,7245,7245,7245,7245,0.0,,0.10000000000002274,0.10000000000002274,0.0999999999999659,0.6999999999999886,0.30000000000001137,1.115,,,,,1.091,,1.184,1.156,1.197,"{('cu', 'start'): 468.3, ('cu', 'h2d'): 468.4, ('cu', 'workest'): 468.5, ('cu', 'compute'): 468.6, ('cu', 'copy'): 468.7, ('cu', 'pack'): 468.7, ('cu', 'd2h'): 469.4, ('gust', 'start'): 469.7, ('gust', 'h2d'): 469.8, ('gust', 'count'): 469.8, ('gust', 'scan'): 469.8, ('gust', 'expand'): 469.9, ('gust', 'sort'): 470.0, ('gust', 'reduce'): 470.0, ('gust', 'final'): 470.1, ('gust', 'pack'): 470.1, ('gust', 'd2h'): 470.7, ('outer', 'start'): 471.0, ('outer', 'h2d'): 471.1, ('outer', 'csc'): 471.2, ('outer', 'count'): 471.2, ('outer', 'scan'): 471.3, ('outer', 'expand'): 471.3, ('outer', 'sort'): 471.4, ('outer', 'reduce'): 471.4, ('outer', 'final'): 471.5, ('outer', 'pack'): 471.5, ('outer', 'd2h'): 472.1, ('colw', 'start'): 472.5, ('colw', 'h2d'): 472.6, ('colw', 'csc'): 472.6, ('colw', 'count'): 472.6, ('colw', 'scan'): 472.7, ('colw', 'expand'): 472.7, ('colw', 'sort'): 472.8, ('colw', 'reduce'): 472.9, ('colw', 'final'): 472.9, ('colw', 'pack'): 472.9, ('colw', 'd2h'): 473.5, ('inner', 'start'): 473.9, ('inner', 'h2d'): 474.0, ('inner', 'csc'): 474.0, ('inner', 'count'): 474.1, ('inner', 'scan'): 474.1, ('inner', 'expand'): 474.1, ('inner', 'sort'): 474.2, ('inner', 'reduce'): 474.3, ('inner', 'final'): 474.3, ('inner', 'numeric'): 474.4, ('inner', 'pack'): 474.4, ('inner', 'd2h'): 475.0}"
Mildly sparse,bcspwr01,39,131,8.61275476660092,275,275,275,275,275,0.0,,0.0,0.0999999999999659,0.10000000000002274,0.5999999999999659,0.19999999999998863,1.013,,,,,0.944,,1.012,0.983,1.017,"{('cu', 'start'): 465.0, ('cu', 'h2d'): 465.1, ('cu', 'workest'): 465.1, ('cu', 'compute'): 465.2, ('cu', 'copy'): 465.3, ('cu', 'pack'): 465.3, ('cu', 'd2h'): 465.9, ('gust', 'start'): 466.2, ('gust', 'h2d'): 466.3, ('gust', 'count'): 466.3, ('gust', 'scan'): 466.4, ('gust', 'expand'): 466.4, ('gust', 'sort'): 466.4, ('gust', 'reduce'): 466.5, ('gust', 'final'): 466.5, ('gust', 'pack'): 466.5, ('gust', 'd2h'): 467.1, ('outer', 'start'): 467.4, ('outer', 'h2d'): 467.5, ('outer', 'csc'): 467.6, ('outer', 'count'): 467.6, ('outer', 'scan'): 467.6, ('outer', 'expand'): 467.6, ('outer', 'sort'): 467.7, ('outer', 'reduce'): 467.7, ('outer', 'final'): 467.7, ('outer', 'pack'): 467.8, ('outer', 'd2h'): 468.4, ('colw', 'start'): 468.7, ('colw', 'h2d'): 468.8, ('colw', 'csc'): 468.8, ('colw', 'count'): 468.8, ('colw', 'scan'): 468.9, ('colw', 'expand'): 468.9, ('colw', 'sort'): 468.9, ('colw', 'reduce'): 469.0, ('colw', 'final'): 469.0, ('colw', 'pack'): 469.0, ('colw', 'd2h'): 469.6, ('inner', 'start'): 469.9, ('inner', 'h2d'): 470.0, ('inner', 'csc'): 470.0, ('inner', 'count'): 470.1, ('inner', 'scan'): 470.1, ('inner', 'expand'): 470.1, ('inner', 'sort'): 470.2, ('inner', 'reduce'): 470.2, ('inner', 'final'): 470.2, ('inner', 'numeric'): 470.3, ('inner', 'pack'): 470.3, ('inner', 'd2h'): 470.9}"
Mildly sparse,can_96,96,768,8.333333333333332,1920,1920,1920,1920,1920,0.0,,0.10000000000002274,0.20000000000004547,0.0,0.7999999999999545,0.3000000000000682,1.38,,,,,1.335,,1.42,1.4,1.42,"{('cu', 'start'): 530.7, ('cu', 'h2d'): 530.8, ('cu', 'workest'): 530.9, ('cu', 'compute'): 531.1, ('cu', 'copy'): 531.1, ('cu', 'pack'): 531.2, ('cu', 'd2h'): 532.0, ('gust', 'start'): 532.4, ('gust', 'h2d'): 532.5, ('gust', 'count'): 532.6, ('gust', 'scan'): 532.6, ('gust', 'expand'): 532.6, ('gust', 'sort'): 532.7, ('gust', 'reduce'): 532.8, ('gust', 'final'): 532.8, ('gust', 'pack'): 532.9, ('gust', 'd2h'): 533.6, ('outer', 'start'): 534.0, ('outer', 'h2d'): 534.1, ('outer', 'csc'): 534.2, ('outer', 'count'): 534.2, ('outer', 'scan'): 534.3, ('outer', 'expand'): 534.3, ('outer', 'sort'): 534.4, ('outer', 'reduce'): 534.4, ('outer', 'final'): 534.5, ('outer', 'pack'): 534.5, ('outer', 'd2h'): 535.3, ('colw', 'start'): 535.7, ('colw', 'h2d'): 535.8, ('colw', 'csc'): 535.9, ('colw', 'count'): 535.9, ('colw', 'scan'): 536.0, ('colw', 'expand'): 536.0, ('colw', 'sort'): 536.1, ('colw', 'reduce'): 536.1, ('colw', 'final'): 536.2, ('colw', 'pack'): 536.2, ('colw', 'd2h'): 537.0, ('inner', 'start'): 537.4, ('inner', 'h2d'): 537.5, ('inner', 'csc'): 537.6, ('inner', 'count'): 537.6, ('inner', 'scan'): 537.6, ('inner', 'expand'): 537.7, ('inner', 'sort'): 537.8, ('inner', 'reduce'): 537.8, ('inner', 'final'): 537.9, ('inner', 'numeric'): 537.9, ('inner', 'pack'): 537.9, ('inner', 'd2h'): 538.7}"
Mildly sparse,arc130,130,1282,7.585798816568047,15631,15631,15631,15631,15631,0.0,,0.0,0.19999999999998863,0.0,0.6999999999999886,0.19999999999998863,1.062,,,,,1.087,,1.186,1.167,1.214,"{('cu', 'start'): 458.2, ('cu', 'h2d'): 458.3, ('cu', 'workest'): 458.3, ('cu', 'compute'): 458.5, ('cu', 'copy'): 458.5, ('cu', 'pack'): 458.5, ('cu', 'd2h'): 459.2, ('gust', 'start'): 459.5, ('gust', 'h2d'): 459.6, ('gust', 'count'): 459.6, ('gust', 'scan'): 459.6, ('gust', 'expand'): 459.7, ('gust', 'sort'): 459.8, ('gust', 'reduce'): 459.8, ('gust', 'final'): 459.9, ('gust', 'pack'): 459.9, ('gust', 'd2h'): 460.5, ('outer', 'start'): 460.8, ('outer', 'h2d'): 460.9, ('outer', 'csc'): 461.0, ('outer', 'count'): 461.0, ('outer', 'scan'): 461.1, ('outer', 'expand'): 461.1, ('outer', 'sort'): 461.2, ('outer', 'reduce'): 461.2, ('outer', 'final'): 461.3, ('outer', 'pack'): 461.3, ('outer', 'd2h'): 461.9, ('colw', 'start'): 462.3, ('colw', 'h2d'): 462.3, ('colw', 'csc'): 462.4, ('colw', 'count'): 462.4, ('colw', 'scan'): 462.5, ('colw', 'expand'): 462.5, ('colw', 'sort'): 462.6, ('colw', 'reduce'): 462.7, ('colw', 'final'): 462.7, ('colw', 'pack'): 462.7, ('colw', 'd2h'): 463.3, ('inner', 'start'): 463.7, ('inner', 'h2d'): 463.7, ('inner', 'csc'): 463.8, ('inner', 'count'): 463.9, ('inner', 'scan'): 463.9, ('inner', 'expand'): 463.9, ('inner', 'sort'): 464.0, ('inner', 'reduce'): 464.1, ('inner', 'final'): 464.1, ('inner', 'numeric'): 464.2, ('inner', 'pack'): 464.2, ('inner', 'd2h'): 464.8}"
Mildly sparse,ash85,85,523,7.2387543252595155,1317,1317,1317,1317,1317,0.0,,0.0,0.19999999999998863,0.0,0.6999999999999886,0.19999999999998863,1.022,,,,,1.021,,1.07,1.042,1.072,"{('cu', 'start'): 483.4, ('cu', 'h2d'): 483.5, ('cu', 'workest'): 483.5, ('cu', 'compute'): 483.7, ('cu', 'copy'): 483.7, ('cu', 'pack'): 483.7, ('cu', 'd2h'): 484.4, ('gust', 'start'): 484.7, ('gust', 'h2d'): 484.7, ('gust', 'count'): 484.8, ('gust', 'scan'): 484.8, ('gust', 'expand'): 484.8, ('gust', 'sort'): 484.9, ('gust', 'reduce'): 485.0, ('gust', 'final'): 485.0, ('gust', 'pack'): 485.0, ('gust', 'd2h'): 485.6, ('outer', 'start'): 486.0, ('outer', 'h2d'): 486.0, ('outer', 'csc'): 486.1, ('outer', 'count'): 486.1, ('outer', 'scan'): 486.1, ('outer', 'expand'): 486.1, ('outer', 'sort'): 486.2, ('outer', 'reduce'): 486.3, ('outer', 'final'): 486.3, ('outer', 'pack'): 486.3, ('outer', 'd2h'): 486.9, ('colw', 'start'): 487.3, ('colw', 'h2d'): 487.3, ('colw', 'csc'): 487.4, ('colw', 'count'): 487.4, ('colw', 'scan'): 487.4, ('colw', 'expand'): 487.4, ('colw', 'sort'): 487.5, ('colw', 'reduce'): 487.6, ('colw', 'final'): 487.6, ('colw', 'pack'): 487.6, ('colw', 'd2h'): 488.2, ('inner', 'start'): 488.5, ('inner', 'h2d'): 488.6, ('inner', 'csc'): 488.7, ('inner', 'count'): 488.7, ('inner', 'scan'): 488.7, ('inner', 'expand'): 488.7, ('inner', 'sort'): 488.8, ('inner', 'reduce'): 488.9, ('inner', 'final'): 488.9, ('inner', 'numeric'): 488.9, ('inner', 'pack'): 488.9, ('inner', 'd2h'): 489.5}"
Mildly sparse,can_73,73,377,7.0744980296490905,1377,1377,1377,1377,1377,0.0,,0.10000000000002274,0.1999999999999318,0.0,0.7999999999999545,0.2999999999999545,1.444,,,,,1.31,,1.409,1.359,1.411,"{('cu', 'start'): 532.0, ('cu', 'h2d'): 532.1, ('cu', 'workest'): 532.2, ('cu', 'compute'): 532.4, ('cu', 'copy'): 532.4, ('cu', 'pack'): 532.5, ('cu', 'd2h'): 533.3, ('gust', 'start'): 533.7, ('gust', 'h2d'): 533.9, ('gust', 'count'): 533.9, ('gust', 'scan'): 533.9, ('gust', 'expand'): 534.0, ('gust', 'sort'): 534.0, ('gust', 'reduce'): 534.0, ('gust', 'final'): 534.1, ('gust', 'pack'): 534.1, ('gust', 'd2h'): 534.9, ('outer', 'start'): 535.3, ('outer', 'h2d'): 535.4, ('outer', 'csc'): 535.5, ('outer', 'count'): 535.5, ('outer', 'scan'): 535.6, ('outer', 'expand'): 535.6, ('outer', 'sort'): 535.6, ('outer', 'reduce'): 535.7, ('outer', 'final'): 535.7, ('outer', 'pack'): 535.8, ('outer', 'd2h'): 536.6, ('colw', 'start'): 537.0, ('colw', 'h2d'): 537.1, ('colw', 'csc'): 537.2, ('colw', 'count'): 537.2, ('colw', 'scan'): 537.3, ('colw', 'expand'): 537.3, ('colw', 'sort'): 537.4, ('colw', 'reduce'): 537.4, ('colw', 'final'): 537.4, ('colw', 'pack'): 537.5, ('colw', 'd2h'): 538.3, ('inner', 'start'): 538.7, ('inner', 'h2d'): 538.8, ('inner', 'csc'): 538.9, ('inner', 'count'): 538.9, ('inner', 'scan'): 539.0, ('inner', 'expand'): 539.0, ('inner', 'sort'): 539.0, ('inner', 'reduce'): 539.1, ('inner', 'final'): 539.1, ('inner', 'numeric'): 539.1, ('inner', 'pack'): 539.1, ('inner', 'd2h'): 540.0}"
Mildly sparse,bcspwr02,49,167,6.9554352353186175,403,403,403,403,403,0.0,,0.0,0.20000000000004547,0.0,0.6999999999999886,0.20000000000004547,1.017,,,,,0.923,,1.05,0.985,1.01,"{('cu', 'start'): 475.8, ('cu', 'h2d'): 475.9, ('cu', 'workest'): 475.9, ('cu', 'compute'): 476.1, ('cu', 'copy'): 476.1, ('cu', 'pack'): 476.1, ('cu', 'd2h'): 476.8, ('gust', 'start'): 477.1, ('gust', 'h2d'): 477.1, ('gust', 'count'): 477.2, ('gust', 'scan'): 477.2, ('gust', 'expand'): 477.2, ('gust', 'sort'): 477.3, ('gust', 'reduce'): 477.3, ('gust', 'final'): 477.3, ('gust', 'pack'): 477.4, ('gust', 'd2h'): 477.9, ('outer', 'start'): 478.2, ('outer', 'h2d'): 478.3, ('outer', 'csc'): 478.4, ('outer', 'count'): 478.4, ('outer', 'scan'): 478.4, ('outer', 'expand'): 478.5, ('outer', 'sort'): 478.5, ('outer', 'reduce'): 478.5, ('outer', 'final'): 478.6, ('outer', 'pack'): 478.6, ('outer', 'd2h'): 479.2, ('colw', 'start'): 479.5, ('colw', 'h2d'): 479.6, ('colw', 'csc'): 479.7, ('colw', 'count'): 479.7, ('colw', 'scan'): 479.7, ('colw', 'expand'): 479.7, ('colw', 'sort'): 479.8, ('colw', 'reduce'): 479.8, ('colw', 'final'): 479.8, ('colw', 'pack'): 479.9, ('colw', 'd2h'): 480.4, ('inner', 'start'): 480.8, ('inner', 'h2d'): 480.8, ('inner', 'csc'): 480.9, ('inner', 'count'): 480.9, ('inner', 'scan'): 480.9, ('inner', 'expand'): 481.0, ('inner', 'sort'): 481.0, ('inner', 'reduce'): 481.0, ('inner', 'final'): 481.1, ('inner', 'numeric'): 481.1, ('inner', 'pack'): 481.1, ('inner', 'd2h'): 481.7}"
Mildly sparse,can_144,144,1296,6.25,3456,3456,3456,3456,3456,0.0,,0.10000000000002274,0.20000000000004547,0.0,0.8000000000000682,0.3000000000000682,1.322,,,,,1.282,,1.406,1.355,1.395,"{('cu', 'start'): 536.8, ('cu', 'h2d'): 536.9, ('cu', 'workest'): 537.0, ('cu', 'compute'): 537.2, ('cu', 'copy'): 537.2, ('cu', 'pack'): 537.3, ('cu', 'd2h'): 538.1, ('gust', 'start'): 538.4, ('gust', 'h2d'): 538.5, ('gust', 'count'): 538.6, ('gust', 'scan'): 538.6, ('gust', 'expand'): 538.6, ('gust', 'sort'): 538.7, ('gust', 'reduce'): 538.8, ('gust', 'final'): 538.8, ('gust', 'pack'): 538.9, ('gust', 'd2h'): 539.6, ('outer', 'start'): 540.0, ('outer', 'h2d'): 540.1, ('outer', 'csc'): 540.2, ('outer', 'count'): 540.2, ('outer', 'scan'): 540.2, ('outer', 'expand'): 540.2, ('outer', 'sort'): 540.4, ('outer', 'reduce'): 540.4, ('outer', 'final'): 540.5, ('outer', 'pack'): 540.5, ('outer', 'd2h'): 541.3, ('colw', 'start'): 541.7, ('colw', 'h2d'): 541.8, ('colw', 'csc'): 541.8, ('colw', 'count'): 541.9, ('colw', 'scan'): 541.9, ('colw', 'expand'): 541.9, ('colw', 'sort'): 542.0, ('colw', 'reduce'): 542.1, ('colw', 'final'): 542.1, ('colw', 'pack'): 542.1, ('colw', 'd2h'): 542.9, ('inner', 'start'): 543.3, ('inner', 'h2d'): 543.4, ('inner', 'csc'): 543.5, ('inner', 'count'): 543.5, ('inner', 'scan'): 543.5, ('inner', 'expand'): 543.6, ('inner', 'sort'): 543.7, ('inner', 'reduce'): 543.7, ('inner', 'final'): 543.7, ('inner', 'numeric'): 543.8, ('inner', 'pack'): 543.8, ('inner', 'd2h'): 544.6}"
Mildly sparse,can_62,62,218,5.6711758584807495,482,482,482,482,482,0.0,,0.10000000000002274,0.20000000000004547,0.0,0.6999999999999318,0.3000000000000682,1.092,,,,,1.026,,1.092,1.037,1.075,"{('cu', 'start'): 514.8, ('cu', 'h2d'): 514.8, ('cu', 'workest'): 514.9, ('cu', 'compute'): 515.1, ('cu', 'copy'): 515.1, ('cu', 'pack'): 515.1, ('cu', 'd2h'): 515.8, ('gust', 'start'): 516.1, ('gust', 'h2d'): 516.2, ('gust', 'count'): 516.2, ('gust', 'scan'): 516.3, ('gust', 'expand'): 516.3, ('gust', 'sort'): 516.3, ('gust', 'reduce'): 516.4, ('gust', 'final'): 516.4, ('gust', 'pack'): 516.4, ('gust', 'd2h'): 517.1, ('outer', 'start'): 517.4, ('outer', 'h2d'): 517.5, ('outer', 'csc'): 517.5, ('outer', 'count'): 517.6, ('outer', 'scan'): 517.6, ('outer', 'expand'): 517.6, ('outer', 'sort'): 517.7, ('outer', 'reduce'): 517.7, ('outer', 'final'): 517.7, ('outer', 'pack'): 517.8, ('outer', 'd2h'): 518.4, ('colw', 'start'): 518.8, ('colw', 'h2d'): 518.8, ('colw', 'csc'): 518.9, ('colw', 'count'): 518.9, ('colw', 'scan'): 518.9, ('colw', 'expand'): 518.9, ('colw', 'sort'): 519.0, ('colw', 'reduce'): 519.0, ('colw', 'final'): 519.1, ('colw', 'pack'): 519.1, ('colw', 'd2h'): 519.7, ('inner', 'start'): 520.0, ('inner', 'h2d'): 520.1, ('inner', 'csc'): 520.2, ('inner', 'count'): 520.2, ('inner', 'scan'): 520.2, ('inner', 'expand'): 520.2, ('inner', 'sort'): 520.3, ('inner', 'reduce'): 520.3, ('inner', 'final'): 520.4, ('inner', 'numeric'): 520.4, ('inner', 'pack'): 520.4, ('inner', 'd2h'): 521.0}"
Mildly sparse,can_161,161,1377,5.31229505034528,3761,3761,3761,3761,3761,0.0,,0.10000000000002274,0.09999999999990905,0.10000000000002274,0.7000000000000455,0.2999999999999545,1.096,,,,,1.069,,1.13,1.121,1.144,"{('cu', 'start'): 535.1, ('cu', 'h2d'): 535.1, ('cu', 'workest'): 535.2, ('cu', 'compute'): 535.3, ('cu', 'copy'): 535.4, ('cu', 'pack'): 535.4, ('cu', 'd2h'): 536.1, ('gust', 'start'): 536.4, ('gust', 'h2d'): 536.5, ('gust', 'count'): 536.5, ('gust', 'scan'): 536.5, ('gust', 'expand'): 536.6, ('gust', 'sort'): 536.7, ('gust', 'reduce'): 536.7, ('gust', 'final'): 536.8, ('gust', 'pack'): 536.8, ('gust', 'd2h'): 537.4, ('outer', 'start'): 537.7, ('outer', 'h2d'): 537.8, ('outer', 'csc'): 537.9, ('outer', 'count'): 537.9, ('outer', 'scan'): 537.9, ('outer', 'expand'): 537.9, ('outer', 'sort'): 538.0, ('outer', 'reduce'): 538.1, ('outer', 'final'): 538.1, ('outer', 'pack'): 538.1, ('outer', 'd2h'): 538.8, ('colw', 'start'): 539.1, ('colw', 'h2d'): 539.2, ('colw', 'csc'): 539.2, ('colw', 'count'): 539.3, ('colw', 'scan'): 539.3, ('colw', 'expand'): 539.3, ('colw', 'sort'): 539.4, ('colw', 'reduce'): 539.4, ('colw', 'final'): 539.5, ('colw', 'pack'): 539.5, ('colw', 'd2h'): 540.1, ('inner', 'start'): 540.5, ('inner', 'h2d'): 540.6, ('inner', 'csc'): 540.7, ('inner', 'count'): 540.7, ('inner', 'scan'): 540.7, ('inner', 'expand'): 540.7, ('inner', 'sort'): 540.8, ('inner', 'reduce'): 540.9, ('inner', 'final'): 540.9, ('inner', 'numeric'): 540.9, ('inner', 'pack'): 541.0, ('inner', 'd2h'): 541.6}"
Mildly sparse,bcsstk03,112,640,5.1020408163265305,1072,1072,1072,1072,1072,0.0,,0.10000000000002274,0.0999999999999659,0.10000000000002274,0.5999999999999659,0.30000000000001137,1.014,,,,,1.02,,1.081,1.055,1.088,"{('cu', 'start'): 482.0, ('cu', 'h2d'): 482.0, ('cu', 'workest'): 482.1, ('cu', 'compute'): 482.2, ('cu', 'copy'): 482.3, ('cu', 'pack'): 482.3, ('cu', 'd2h'): 482.9, ('gust', 'start'): 483.2, ('gust', 'h2d'): 483.3, ('gust', 'count'): 483.3, ('gust', 'scan'): 483.3, ('gust', 'expand'): 483.4, ('gust', 'sort'): 483.5, ('gust', 'reduce'): 483.5, ('gust', 'final'): 483.6, ('gust', 'pack'): 483.6, ('gust', 'd2h'): 484.2, ('outer', 'start'): 484.5, ('outer', 'h2d'): 484.6, ('outer', 'csc'): 484.6, ('outer', 'count'): 484.6, ('outer', 'scan'): 484.7, ('outer', 'expand'): 484.7, ('outer', 'sort'): 484.8, ('outer', 'reduce'): 484.8, ('outer', 'final'): 484.9, ('outer', 'pack'): 484.9, ('outer', 'd2h'): 485.5, ('colw', 'start'): 485.8, ('colw', 'h2d'): 485.9, ('colw', 'csc'): 485.9, ('colw', 'count'): 486.0, ('colw', 'scan'): 486.0, ('colw', 'expand'): 486.0, ('colw', 'sort'): 486.1, ('colw', 'reduce'): 486.2, ('colw', 'final'): 486.2, ('colw', 'pack'): 486.2, ('colw', 'd2h'): 486.8, ('inner', 'start'): 487.1, ('inner', 'h2d'): 487.2, ('inner', 'csc'): 487.2, ('inner', 'count'): 487.3, ('inner', 'scan'): 487.3, ('inner', 'expand'): 487.3, ('inner', 'sort'): 487.4, ('inner', 'reduce'): 487.4, ('inner', 'final'): 487.5, ('inner', 'numeric'): 487.5, ('inner', 'pack'): 487.5, ('inner', 'd2h'): 488.1}"
Mildly sparse,bcsstk06,420,7860,4.45578231292517,23660,23660,23660,23660,23660,0.0,,0.0,0.30000000000001137,0.0,0.8000000000000114,0.30000000000001137,1.23,,,,,1.301,,1.45,1.471,1.485,"{('cu', 'start'): 482.6, ('cu', 'h2d'): 482.7, ('cu', 'workest'): 482.7, ('cu', 'compute'): 483.0, ('cu', 'copy'): 483.0, ('cu', 'pack'): 483.0, ('cu', 'd2h'): 483.8, ('gust', 'start'): 484.1, ('gust', 'h2d'): 484.2, ('gust', 'count'): 484.2, ('gust', 'scan'): 484.2, ('gust', 'expand'): 484.2, ('gust', 'sort'): 484.5, ('gust', 'reduce'): 484.6, ('gust', 'final'): 484.6, ('gust', 'pack'): 484.6, ('gust', 'd2h'): 485.3, ('outer', 'start'): 485.6, ('outer', 'h2d'): 485.7, ('outer', 'csc'): 485.8, ('outer', 'count'): 485.8, ('outer', 'scan'): 485.8, ('outer', 'expand'): 485.9, ('outer', 'sort'): 486.1, ('outer', 'reduce'): 486.2, ('outer', 'final'): 486.3, ('outer', 'pack'): 486.3, ('outer', 'd2h'): 486.9, ('colw', 'start'): 487.3, ('colw', 'h2d'): 487.4, ('colw', 'csc'): 487.5, ('colw', 'count'): 487.5, ('colw', 'scan'): 487.5, ('colw', 'expand'): 487.6, ('colw', 'sort'): 487.9, ('colw', 'reduce'): 487.9, ('colw', 'final'): 488.0, ('colw', 'pack'): 488.0, ('colw', 'd2h'): 488.7, ('inner', 'start'): 489.0, ('inner', 'h2d'): 489.1, ('inner', 'csc'): 489.2, ('inner', 'count'): 489.2, ('inner', 'scan'): 489.2, ('inner', 'expand'): 489.3, ('inner', 'sort'): 489.6, ('inner', 'reduce'): 489.6, ('inner', 'final'): 489.7, ('inner', 'numeric'): 489.8, ('inner', 'pack'): 489.8, ('inner', 'd2h'): 490.4}"
Mildly sparse,bcsstk07,420,7860,4.45578231292517,23660,23660,23660,23660,23660,0.0,,0.10000000000002274,0.19999999999998863,0.10000000000002274,0.6999999999999886,0.4000000000000341,1.23,,,,,1.3,,1.481,1.494,1.493,"{('cu', 'start'): 484.7, ('cu', 'h2d'): 484.7, ('cu', 'workest'): 484.8, ('cu', 'compute'): 485.0, ('cu', 'copy'): 485.1, ('cu', 'pack'): 485.1, ('cu', 'd2h'): 485.8, ('gust', 'start'): 486.1, ('gust', 'h2d'): 486.2, ('gust', 'count'): 486.2, ('gust', 'scan'): 486.3, ('gust', 'expand'): 486.3, ('gust', 'sort'): 486.5, ('gust', 'reduce'): 486.6, ('gust', 'final'): 486.7, ('gust', 'pack'): 486.7, ('gust', 'd2h'): 487.3, ('outer', 'start'): 487.7, ('outer', 'h2d'): 487.8, ('outer', 'csc'): 487.9, ('outer', 'count'): 487.9, ('outer', 'scan'): 487.9, ('outer', 'expand'): 488.0, ('outer', 'sort'): 488.2, ('outer', 'reduce'): 488.3, ('outer', 'final'): 488.4, ('outer', 'pack'): 488.4, ('outer', 'd2h'): 489.0, ('colw', 'start'): 489.4, ('colw', 'h2d'): 489.5, ('colw', 'csc'): 489.6, ('colw', 'count'): 489.6, ('colw', 'scan'): 489.6, ('colw', 'expand'): 489.8, ('colw', 'sort'): 490.0, ('colw', 'reduce'): 490.1, ('colw', 'final'): 490.2, ('colw', 'pack'): 490.2, ('colw', 'd2h'): 490.8, ('inner', 'start'): 491.2, ('inner', 'h2d'): 491.2, ('inner', 'csc'): 491.3, ('inner', 'count'): 491.3, ('inner', 'scan'): 491.4, ('inner', 'expand'): 491.4, ('inner', 'sort'): 491.7, ('inner', 'reduce'): 491.8, ('inner', 'final'): 491.9, ('inner', 'numeric'): 491.9, ('inner', 'pack'): 491.9, ('inner', 'd2h'): 492.5}"
Mildly sparse,can_256,256,2916,4.449462890625,18568,18568,18568,18568,18568,0.0,,0.10000000000002274,0.1999999999999318,0.10000000000002274,0.7999999999999545,0.39999999999997726,1.399,,,,,1.358,,1.437,1.42,1.512,"{('cu', 'start'): 527.0, ('cu', 'h2d'): 527.1, ('cu', 'workest'): 527.2, ('cu', 'compute'): 527.4, ('cu', 'copy'): 527.5, ('cu', 'pack'): 527.5, ('cu', 'd2h'): 528.3, ('gust', 'start'): 528.7, ('gust', 'h2d'): 528.8, ('gust', 'count'): 528.8, ('gust', 'scan'): 528.9, ('gust', 'expand'): 528.9, ('gust', 'sort'): 529.0, ('gust', 'reduce'): 529.1, ('gust', 'final'): 529.1, ('gust', 'pack'): 529.2, ('gust', 'd2h'): 529.9, ('outer', 'start'): 530.4, ('outer', 'h2d'): 530.5, ('outer', 'csc'): 530.6, ('outer', 'count'): 530.6, ('outer', 'scan'): 530.6, ('outer', 'expand'): 530.7, ('outer', 'sort'): 530.8, ('outer', 'reduce'): 530.8, ('outer', 'final'): 530.9, ('outer', 'pack'): 530.9, ('outer', 'd2h'): 531.7, ('colw', 'start'): 532.1, ('colw', 'h2d'): 532.2, ('colw', 'csc'): 532.3, ('colw', 'count'): 532.3, ('colw', 'scan'): 532.4, ('colw', 'expand'): 532.4, ('colw', 'sort'): 532.5, ('colw', 'reduce'): 532.6, ('colw', 'final'): 532.6, ('colw', 'pack'): 532.6, ('colw', 'd2h'): 533.4, ('inner', 'start'): 533.8, ('inner', 'h2d'): 533.9, ('inner', 'csc'): 534.0, ('inner', 'count'): 534.1, ('inner', 'scan'): 534.1, ('inner', 'expand'): 534.1, ('inner', 'sort'): 534.2, ('inner', 'reduce'): 534.3, ('inner', 'final'): 534.3, ('inner', 'numeric'): 534.4, ('inner', 'pack'): 534.4, ('inner', 'd2h'): 535.2}"
Mildly sparse,can_268,268,3082,4.291044776119403,15590,15590,15590,15590,15590,0.0,,0.10000000000002274,0.1999999999999318,0.10000000000002274,0.7999999999999545,0.39999999999997726,1.41,,,,,1.338,,1.453,1.473,1.487,"{('cu', 'start'): 534.0, ('cu', 'h2d'): 534.1, ('cu', 'workest'): 534.2, ('cu', 'compute'): 534.4, ('cu', 'copy'): 534.5, ('cu', 'pack'): 534.5, ('cu', 'd2h'): 535.3, ('gust', 'start'): 535.7, ('gust', 'h2d'): 535.8, ('gust', 'count'): 535.8, ('gust', 'scan'): 535.9, ('gust', 'expand'): 535.9, ('gust', 'sort'): 536.0, ('gust', 'reduce'): 536.1, ('gust', 'final'): 536.1, ('gust', 'pack'): 536.2, ('gust', 'd2h'): 536.9, ('outer', 'start'): 537.3, ('outer', 'h2d'): 537.4, ('outer', 'csc'): 537.5, ('outer', 'count'): 537.5, ('outer', 'scan'): 537.6, ('outer', 'expand'): 537.6, ('outer', 'sort'): 537.7, ('outer', 'reduce'): 537.8, ('outer', 'final'): 537.8, ('outer', 'pack'): 537.8, ('outer', 'd2h'): 538.7, ('colw', 'start'): 539.1, ('colw', 'h2d'): 539.2, ('colw', 'csc'): 539.3, ('colw', 'count'): 539.3, ('colw', 'scan'): 539.3, ('colw', 'expand'): 539.4, ('colw', 'sort'): 539.5, ('colw', 'reduce'): 539.5, ('colw', 'final'): 539.6, ('colw', 'pack'): 539.6, ('colw', 'd2h'): 540.4, ('inner', 'start'): 540.8, ('inner', 'h2d'): 540.9, ('inner', 'csc'): 541.0, ('inner', 'count'): 541.0, ('inner', 'scan'): 541.0, ('inner', 'expand'): 541.1, ('inner', 'sort'): 541.2, ('inner', 'reduce'): 541.3, ('inner', 'final'): 541.3, ('inner', 'numeric'): 541.3, ('inner', 'pack'): 541.4, ('inner', 'd2h'): 542.2}"
Mildly sparse,can_187,187,1491,4.26377648774629,3719,3719,3719,3719,3719,0.0,,0.10000000000002274,0.20000000000004547,0.09999999999990905,0.8000000000000682,0.39999999999997726,1.406,,,,,1.313,,1.427,1.395,1.414,"{('cu', 'start'): 533.3, ('cu', 'h2d'): 533.4, ('cu', 'workest'): 533.5, ('cu', 'compute'): 533.7, ('cu', 'copy'): 533.8, ('cu', 'pack'): 533.8, ('cu', 'd2h'): 534.6, ('gust', 'start'): 535.0, ('gust', 'h2d'): 535.1, ('gust', 'count'): 535.1, ('gust', 'scan'): 535.2, ('gust', 'expand'): 535.2, ('gust', 'sort'): 535.3, ('gust', 'reduce'): 535.3, ('gust', 'final'): 535.4, ('gust', 'pack'): 535.4, ('gust', 'd2h'): 536.2, ('outer', 'start'): 536.6, ('outer', 'h2d'): 536.7, ('outer', 'csc'): 536.8, ('outer', 'count'): 536.8, ('outer', 'scan'): 536.8, ('outer', 'expand'): 536.8, ('outer', 'sort'): 537.0, ('outer', 'reduce'): 537.0, ('outer', 'final'): 537.1, ('outer', 'pack'): 537.1, ('outer', 'd2h'): 537.9, ('colw', 'start'): 538.4, ('colw', 'h2d'): 538.5, ('colw', 'csc'): 538.5, ('colw', 'count'): 538.6, ('colw', 'scan'): 538.6, ('colw', 'expand'): 538.6, ('colw', 'sort'): 538.7, ('colw', 'reduce'): 538.8, ('colw', 'final'): 538.8, ('colw', 'pack'): 538.8, ('colw', 'd2h'): 539.6, ('inner', 'start'): 540.0, ('inner', 'h2d'): 540.1, ('inner', 'csc'): 540.2, ('inner', 'count'): 540.2, ('inner', 'scan'): 540.3, ('inner', 'expand'): 540.3, ('inner', 'sort'): 540.4, ('inner', 'reduce'): 540.4, ('inner', 'final'): 540.5, ('inner', 'numeric'): 540.5, ('inner', 'pack'): 540.5, ('inner', 'd2h'): 541.3}"
Mildly sparse,bcsstm07,420,7252,4.111111111111112,22972,22972,22972,22972,22972,0.0,,0.10000000000002274,0.2999999999999545,0.10000000000002274,1.1000000000000227,0.5,1.816,,,,,1.91,,2.143,2.171,2.027,"{('cu', 'start'): 554.4, ('cu', 'h2d'): 554.5, ('cu', 'workest'): 554.6, ('cu', 'compute'): 554.9, ('cu', 'copy'): 555.0, ('cu', 'pack'): 555.0, ('cu', 'd2h'): 556.1, ('gust', 'start'): 556.5, ('gust', 'h2d'): 556.6, ('gust', 'count'): 556.6, ('gust', 'scan'): 556.7, ('gust', 'expand'): 556.7, ('gust', 'sort'): 557.1, ('gust', 'reduce'): 557.2, ('gust', 'final'): 557.3, ('gust', 'pack'): 557.3, ('gust', 'd2h'): 558.2, ('outer', 'start'): 558.7, ('outer', 'h2d'): 558.8, ('outer', 'csc'): 558.9, ('outer', 'count'): 558.9, ('outer', 'scan'): 559.0, ('outer', 'expand'): 559.0, ('outer', 'sort'): 559.3, ('outer', 'reduce'): 559.5, ('outer', 'final'): 559.6, ('outer', 'pack'): 559.7, ('outer', 'd2h'): 560.6, ('colw', 'start'): 561.1, ('colw', 'h2d'): 561.2, ('colw', 'csc'): 561.3, ('colw', 'count'): 561.3, ('colw', 'scan'): 561.4, ('colw', 'expand'): 561.4, ('colw', 'sort'): 561.8, ('colw', 'reduce'): 561.9, ('colw', 'final'): 562.1, ('colw', 'pack'): 562.2, ('colw', 'd2h'): 563.0, ('inner', 'start'): 563.5, ('inner', 'h2d'): 563.7, ('inner', 'csc'): 563.8, ('inner', 'count'): 563.8, ('inner', 'scan'): 563.8, ('inner', 'expand'): 563.9, ('inner', 'sort'): 564.2, ('inner', 'reduce'): 564.3, ('inner', 'final'): 564.5, ('inner', 'numeric'): 564.5, ('inner', 'pack'): 564.6, ('inner', 'd2h'): 565.4}"
Mildly sparse,bcsstk27,1224,56126,3.7462888205391085,138106,138106,138106,138106,138106,0.0,,0.10000000000002274,0.5,0.1999999999999318,1.2000000000000455,0.7999999999999545,2.362,,,,,3.015,,3.059,3.278,3.272,"{('cu', 'start'): 530.8, ('cu', 'h2d'): 531.0, ('cu', 'workest'): 531.1, ('cu', 'compute'): 531.6, ('cu', 'copy'): 531.8, ('cu', 'pack'): 531.8, ('cu', 'd2h'): 533.0, ('gust', 'start'): 533.5, ('gust', 'h2d'): 533.6, ('gust', 'count'): 533.7, ('gust', 'scan'): 533.7, ('gust', 'expand'): 534.0, ('gust', 'sort'): 534.6, ('gust', 'reduce'): 534.8, ('gust', 'final'): 535.1, ('gust', 'pack'): 535.2, ('gust', 'd2h'): 536.3, ('outer', 'start'): 536.8, ('outer', 'h2d'): 536.9, ('outer', 'csc'): 537.1, ('outer', 'count'): 537.1, ('outer', 'scan'): 537.1, ('outer', 'expand'): 537.3, ('outer', 'sort'): 537.9, ('outer', 'reduce'): 538.1, ('outer', 'final'): 538.3, ('outer', 'pack'): 538.4, ('outer', 'd2h'): 539.5, ('colw', 'start'): 540.1, ('colw', 'h2d'): 540.3, ('colw', 'csc'): 540.4, ('colw', 'count'): 540.4, ('colw', 'scan'): 540.5, ('colw', 'expand'): 540.7, ('colw', 'sort'): 541.3, ('colw', 'reduce'): 541.5, ('colw', 'final'): 541.7, ('colw', 'pack'): 541.8, ('colw', 'd2h'): 543.0, ('inner', 'start'): 543.7, ('inner', 'h2d'): 543.8, ('inner', 'csc'): 544.0, ('inner', 'count'): 544.0, ('inner', 'scan'): 544.0, ('inner', 'expand'): 544.4, ('inner', 'sort'): 545.0, ('inner', 'reduce'): 545.2, ('inner', 'final'): 545.4, ('inner', 'numeric'): 545.6, ('inner', 'pack'): 545.7, ('inner', 'd2h'): 546.8}"
Mildly sparse,bcsstm27,1224,56126,3.7462888205391085,138106,138106,138106,138106,138106,0.0,,0.10000000000002274,0.6000000000000227,0.09999999999990905,1.3000000000000682,0.7999999999999545,2.429,,,,,3.041,,3.125,3.12,3.185,"{('cu', 'start'): 538.3, ('cu', 'h2d'): 538.5, ('cu', 'workest'): 538.6, ('cu', 'compute'): 539.2, ('cu', 'copy'): 539.3, ('cu', 'pack'): 539.3, ('cu', 'd2h'): 540.6, ('gust', 'start'): 541.0, ('gust', 'h2d'): 541.2, ('gust', 'count'): 541.2, ('gust', 'scan'): 541.3, ('gust', 'expand'): 541.5, ('gust', 'sort'): 542.1, ('gust', 'reduce'): 542.3, ('gust', 'final'): 542.7, ('gust', 'pack'): 542.8, ('gust', 'd2h'): 543.9, ('outer', 'start'): 544.4, ('outer', 'h2d'): 544.5, ('outer', 'csc'): 544.7, ('outer', 'count'): 544.7, ('outer', 'scan'): 544.7, ('outer', 'expand'): 544.9, ('outer', 'sort'): 545.5, ('outer', 'reduce'): 545.7, ('outer', 'final'): 546.0, ('outer', 'pack'): 546.1, ('outer', 'd2h'): 547.1, ('colw', 'start'): 547.8, ('colw', 'h2d'): 547.9, ('colw', 'csc'): 548.1, ('colw', 'count'): 548.1, ('colw', 'scan'): 548.1, ('colw', 'expand'): 548.4, ('colw', 'sort'): 549.0, ('colw', 'reduce'): 549.1, ('colw', 'final'): 549.4, ('colw', 'pack'): 549.5, ('colw', 'd2h'): 550.5, ('inner', 'start'): 551.2, ('inner', 'h2d'): 551.3, ('inner', 'csc'): 551.5, ('inner', 'count'): 551.5, ('inner', 'scan'): 551.5, ('inner', 'expand'): 551.8, ('inner', 'sort'): 552.4, ('inner', 'reduce'): 552.5, ('inner', 'final'): 552.8, ('inner', 'numeric'): 553.0, ('inner', 'pack'): 553.1, ('inner', 'd2h'): 554.2}"
Mildly sparse,bcsstk22,138,696,3.6546943919344677,1552,1552,1552,1552,1552,0.0,,0.0,0.20000000000004547,0.10000000000002274,0.8999999999999773,0.3000000000000682,1.402,,,,,1.333,,1.433,1.421,1.425,"{('cu', 'start'): 544.8, ('cu', 'h2d'): 544.9, ('cu', 'workest'): 544.9, ('cu', 'compute'): 545.1, ('cu', 'copy'): 545.2, ('cu', 'pack'): 545.2, ('cu', 'd2h'): 546.1, ('gust', 'start'): 546.5, ('gust', 'h2d'): 546.5, ('gust', 'count'): 546.6, ('gust', 'scan'): 546.6, ('gust', 'expand'): 546.6, ('gust', 'sort'): 546.8, ('gust', 'reduce'): 546.8, ('gust', 'final'): 546.9, ('gust', 'pack'): 546.9, ('gust', 'd2h'): 547.7, ('outer', 'start'): 548.1, ('outer', 'h2d'): 548.2, ('outer', 'csc'): 548.3, ('outer', 'count'): 548.3, ('outer', 'scan'): 548.3, ('outer', 'expand'): 548.3, ('outer', 'sort'): 548.4, ('outer', 'reduce'): 548.5, ('outer', 'final'): 548.5, ('outer', 'pack'): 548.6, ('outer', 'd2h'): 549.4, ('colw', 'start'): 549.8, ('colw', 'h2d'): 549.9, ('colw', 'csc'): 550.0, ('colw', 'count'): 550.0, ('colw', 'scan'): 550.0, ('colw', 'expand'): 550.1, ('colw', 'sort'): 550.2, ('colw', 'reduce'): 550.2, ('colw', 'final'): 550.3, ('colw', 'pack'): 550.3, ('colw', 'd2h'): 551.1, ('inner', 'start'): 551.5, ('inner', 'h2d'): 551.6, ('inner', 'csc'): 551.7, ('inner', 'count'): 551.7, ('inner', 'scan'): 551.7, ('inner', 'expand'): 551.7, ('inner', 'sort'): 551.8, ('inner', 'reduce'): 551.9, ('inner', 'final'): 551.9, ('inner', 'numeric'): 551.9, ('inner', 'pack'): 552.0, ('inner', 'd2h'): 552.8}"
Mildly sparse,bcspwr03,118,476,3.418557885665039,1270,1270,1270,1270,1270,0.0,,0.10000000000002274,0.0999999999999659,0.10000000000002274,0.6000000000000227,0.30000000000001137,1.014,,,,,0.948,,1.023,0.984,1.022,"{('cu', 'start'): 478.7, ('cu', 'h2d'): 478.7, ('cu', 'workest'): 478.8, ('cu', 'compute'): 478.9, ('cu', 'copy'): 479.0, ('cu', 'pack'): 479.0, ('cu', 'd2h'): 479.6, ('gust', 'start'): 479.9, ('gust', 'h2d'): 480.0, ('gust', 'count'): 480.0, ('gust', 'scan'): 480.1, ('gust', 'expand'): 480.1, ('gust', 'sort'): 480.1, ('gust', 'reduce'): 480.2, ('gust', 'final'): 480.2, ('gust', 'pack'): 480.2, ('gust', 'd2h'): 480.8, ('outer', 'start'): 481.2, ('outer', 'h2d'): 481.2, ('outer', 'csc'): 481.3, ('outer', 'count'): 481.3, ('outer', 'scan'): 481.3, ('outer', 'expand'): 481.4, ('outer', 'sort'): 481.4, ('outer', 'reduce'): 481.4, ('outer', 'final'): 481.5, ('outer', 'pack'): 481.5, ('outer', 'd2h'): 482.1, ('colw', 'start'): 482.4, ('colw', 'h2d'): 482.5, ('colw', 'csc'): 482.5, ('colw', 'count'): 482.6, ('colw', 'scan'): 482.6, ('colw', 'expand'): 482.6, ('colw', 'sort'): 482.6, ('colw', 'reduce'): 482.7, ('colw', 'final'): 482.7, ('colw', 'pack'): 482.7, ('colw', 'd2h'): 483.3, ('inner', 'start'): 483.6, ('inner', 'h2d'): 483.7, ('inner', 'csc'): 483.8, ('inner', 'count'): 483.8, ('inner', 'scan'): 483.8, ('inner', 'expand'): 483.8, ('inner', 'sort'): 483.9, ('inner', 'reduce'): 483.9, ('inner', 'final'): 484.0, ('inner', 'numeric'): 484.0, ('inner', 'pack'): 484.0, ('inner', 'd2h'): 484.6}"
Mildly sparse,can_229,229,1777,3.388570012013501,5017,5017,5017,5017,5017,0.0,,0.10000000000002274,0.10000000000002274,0.09999999999990905,0.8000000000000682,0.2999999999999545,1.353,,,,,1.327,,1.434,1.395,1.467,"{('cu', 'start'): 530.4, ('cu', 'h2d'): 530.5, ('cu', 'workest'): 530.6, ('cu', 'compute'): 530.7, ('cu', 'copy'): 530.8, ('cu', 'pack'): 530.8, ('cu', 'd2h'): 531.6, ('gust', 'start'): 532.0, ('gust', 'h2d'): 532.1, ('gust', 'count'): 532.1, ('gust', 'scan'): 532.2, ('gust', 'expand'): 532.2, ('gust', 'sort'): 532.3, ('gust', 'reduce'): 532.4, ('gust', 'final'): 532.4, ('gust', 'pack'): 532.4, ('gust', 'd2h'): 533.2, ('outer', 'start'): 533.6, ('outer', 'h2d'): 533.7, ('outer', 'csc'): 533.8, ('outer', 'count'): 533.8, ('outer', 'scan'): 533.9, ('outer', 'expand'): 533.9, ('outer', 'sort'): 534.0, ('outer', 'reduce'): 534.0, ('outer', 'final'): 534.1, ('outer', 'pack'): 534.1, ('outer', 'd2h'): 534.9, ('colw', 'start'): 535.3, ('colw', 'h2d'): 535.4, ('colw', 'csc'): 535.5, ('colw', 'count'): 535.5, ('colw', 'scan'): 535.6, ('colw', 'expand'): 535.6, ('colw', 'sort'): 535.7, ('colw', 'reduce'): 535.8, ('colw', 'final'): 535.8, ('colw', 'pack'): 535.8, ('colw', 'd2h'): 536.6, ('inner', 'start'): 537.0, ('inner', 'h2d'): 537.1, ('inner', 'csc'): 537.2, ('inner', 'count'): 537.2, ('inner', 'scan'): 537.3, ('inner', 'expand'): 537.3, ('inner', 'sort'): 537.4, ('inner', 'reduce'): 537.4, ('inner', 'final'): 537.5, ('inner', 'numeric'): 537.5, ('inner', 'pack'): 537.5, ('inner', 'd2h'): 538.4}"
Mildly sparse,can_292,292,2540,2.9789829236254457,11670,11670,11670,11670,11670,0.0,,0.10000000000002274,0.1999999999999318,0.10000000000002274,0.7999999999999545,0.39999999999997726,1.437,,,,,1.37,,1.501,1.445,1.459,"{('cu', 'start'): 538.0, ('cu', 'h2d'): 538.1, ('cu', 'workest'): 538.2, ('cu', 'compute'): 538.4, ('cu', 'copy'): 538.5, ('cu', 'pack'): 538.5, ('cu', 'd2h'): 539.3, ('gust', 'start'): 539.7, ('gust', 'h2d'): 539.8, ('gust', 'count'): 539.8, ('gust', 'scan'): 539.9, ('gust', 'expand'): 539.9, ('gust', 'sort'): 540.0, ('gust', 'reduce'): 540.1, ('gust', 'final'): 540.1, ('gust', 'pack'): 540.2, ('gust', 'd2h'): 540.9, ('outer', 'start'): 541.3, ('outer', 'h2d'): 541.5, ('outer', 'csc'): 541.6, ('outer', 'count'): 541.6, ('outer', 'scan'): 541.6, ('outer', 'expand'): 541.6, ('outer', 'sort'): 541.8, ('outer', 'reduce'): 541.8, ('outer', 'final'): 541.9, ('outer', 'pack'): 541.9, ('outer', 'd2h'): 542.7, ('colw', 'start'): 543.2, ('colw', 'h2d'): 543.3, ('colw', 'csc'): 543.4, ('colw', 'count'): 543.4, ('colw', 'scan'): 543.4, ('colw', 'expand'): 543.5, ('colw', 'sort'): 543.6, ('colw', 'reduce'): 543.6, ('colw', 'final'): 543.7, ('colw', 'pack'): 543.7, ('colw', 'd2h'): 544.5, ('inner', 'start'): 544.9, ('inner', 'h2d'): 545.0, ('inner', 'csc'): 545.1, ('inner', 'count'): 545.1, ('inner', 'scan'): 545.1, ('inner', 'expand'): 545.2, ('inner', 'sort'): 545.3, ('inner', 'reduce'): 545.3, ('inner', 'final'): 545.4, ('inner', 'numeric'): 545.4, ('inner', 'pack'): 545.4, ('inner', 'd2h'): 546.2}"
Mildly sparse,ash292,292,2208,2.589604053293301,6042,6042,6042,6042,6042,0.0,,0.0999999999999659,0.10000000000002274,0.0999999999999659,0.6000000000000227,0.2999999999999545,1.025,,,,,1.051,,1.098,1.056,1.11,"{('cu', 'start'): 467.6, ('cu', 'h2d'): 467.6, ('cu', 'workest'): 467.7, ('cu', 'compute'): 467.8, ('cu', 'copy'): 467.9, ('cu', 'pack'): 467.9, ('cu', 'd2h'): 468.5, ('gust', 'start'): 468.8, ('gust', 'h2d'): 468.9, ('gust', 'count'): 468.9, ('gust', 'scan'): 469.0, ('gust', 'expand'): 469.0, ('gust', 'sort'): 469.1, ('gust', 'reduce'): 469.1, ('gust', 'final'): 469.2, ('gust', 'pack'): 469.2, ('gust', 'd2h'): 469.8, ('outer', 'start'): 470.1, ('outer', 'h2d'): 470.2, ('outer', 'csc'): 470.3, ('outer', 'count'): 470.3, ('outer', 'scan'): 470.3, ('outer', 'expand'): 470.3, ('outer', 'sort'): 470.4, ('outer', 'reduce'): 470.5, ('outer', 'final'): 470.5, ('outer', 'pack'): 470.5, ('outer', 'd2h'): 471.1, ('colw', 'start'): 471.5, ('colw', 'h2d'): 471.5, ('colw', 'csc'): 471.6, ('colw', 'count'): 471.6, ('colw', 'scan'): 471.6, ('colw', 'expand'): 471.7, ('colw', 'sort'): 471.8, ('colw', 'reduce'): 471.8, ('colw', 'final'): 471.8, ('colw', 'pack'): 471.9, ('colw', 'd2h'): 472.4, ('inner', 'start'): 472.8, ('inner', 'h2d'): 472.8, ('inner', 'csc'): 472.9, ('inner', 'count'): 472.9, ('inner', 'scan'): 473.0, ('inner', 'expand'): 473.0, ('inner', 'sort'): 473.1, ('inner', 'reduce'): 473.1, ('inner', 'final'): 473.2, ('inner', 'numeric'): 473.2, ('inner', 'pack'): 473.2, ('inner', 'd2h'): 473.8}"
Mildly sparse,bcspwr04,274,1612,2.1471575470190207,4982,4982,4982,4982,4982,0.0,,0.0,0.19999999999998863,0.0,0.6999999999999886,0.19999999999998863,1.033,,,,,1.039,,1.084,1.058,1.103,"{('cu', 'start'): 483.2, ('cu', 'h2d'): 483.3, ('cu', 'workest'): 483.3, ('cu', 'compute'): 483.5, ('cu', 'copy'): 483.5, ('cu', 'pack'): 483.5, ('cu', 'd2h'): 484.2, ('gust', 'start'): 484.5, ('gust', 'h2d'): 484.5, ('gust', 'count'): 484.6, ('gust', 'scan'): 484.6, ('gust', 'expand'): 484.6, ('gust', 'sort'): 484.7, ('gust', 'reduce'): 484.8, ('gust', 'final'): 484.8, ('gust', 'pack'): 484.8, ('gust', 'd2h'): 485.4, ('outer', 'start'): 485.8, ('outer', 'h2d'): 485.8, ('outer', 'csc'): 485.9, ('outer', 'count'): 485.9, ('outer', 'scan'): 485.9, ('outer', 'expand'): 485.9, ('outer', 'sort'): 486.0, ('outer', 'reduce'): 486.1, ('outer', 'final'): 486.1, ('outer', 'pack'): 486.1, ('outer', 'd2h'): 486.7, ('colw', 'start'): 487.1, ('colw', 'h2d'): 487.2, ('colw', 'csc'): 487.2, ('colw', 'count'): 487.2, ('colw', 'scan'): 487.3, ('colw', 'expand'): 487.3, ('colw', 'sort'): 487.4, ('colw', 'reduce'): 487.4, ('colw', 'final'): 487.5, ('colw', 'pack'): 487.5, ('colw', 'd2h'): 488.1, ('inner', 'start'): 488.4, ('inner', 'h2d'): 488.5, ('inner', 'csc'): 488.5, ('inner', 'count'): 488.5, ('inner', 'scan'): 488.6, ('inner', 'expand'): 488.6, ('inner', 'sort'): 488.7, ('inner', 'reduce'): 488.7, ('inner', 'final'): 488.8, ('inner', 'numeric'): 488.8, ('inner', 'pack'): 488.8, ('inner', 'd2h'): 489.4}"
Mildly sparse,bcsstk13,2003,83883,2.0907979019987244,396773,396773,396773,396773,396773,0.0,,0.10000000000002274,0.6999999999999318,0.20000000000004547,2.199999999999932,1.0,3.65,,,,,4.538,,4.663,4.664,4.782,"{('cu', 'start'): 558.4, ('cu', 'h2d'): 558.6, ('cu', 'workest'): 558.7, ('cu', 'compute'): 559.4, ('cu', 'copy'): 559.6, ('cu', 'pack'): 559.7, ('cu', 'd2h'): 561.9, ('gust', 'start'): 562.5, ('gust', 'h2d'): 562.7, ('gust', 'count'): 562.7, ('gust', 'scan'): 562.8, ('gust', 'expand'): 563.1, ('gust', 'sort'): 563.9, ('gust', 'reduce'): 564.1, ('gust', 'final'): 564.6, ('gust', 'pack'): 564.7, ('gust', 'd2h'): 566.7, ('outer', 'start'): 567.4, ('outer', 'h2d'): 567.6, ('outer', 'csc'): 567.8, ('outer', 'count'): 567.8, ('outer', 'scan'): 567.8, ('outer', 'expand'): 568.1, ('outer', 'sort'): 568.9, ('outer', 'reduce'): 569.1, ('outer', 'final'): 569.5, ('outer', 'pack'): 569.6, ('outer', 'd2h'): 571.5, ('colw', 'start'): 572.5, ('colw', 'h2d'): 572.7, ('colw', 'csc'): 572.8, ('colw', 'count'): 572.8, ('colw', 'scan'): 572.9, ('colw', 'expand'): 573.2, ('colw', 'sort'): 574.0, ('colw', 'reduce'): 574.2, ('colw', 'final'): 574.6, ('colw', 'pack'): 574.7, ('colw', 'd2h'): 576.6, ('inner', 'start'): 577.5, ('inner', 'h2d'): 577.7, ('inner', 'csc'): 577.9, ('inner', 'count'): 577.9, ('inner', 'scan'): 578.0, ('inner', 'expand'): 578.2, ('inner', 'sort'): 579.0, ('inner', 'reduce'): 579.2, ('inner', 'final'): 579.6, ('inner', 'numeric'): 579.9, ('inner', 'pack'): 580.0, ('inner', 'd2h'): 581.9}"
Mildly sparse,bcsstm01,48,48,2.083333333333333,48,48,48,48,48,0.0,,0.10000000000002274,0.20000000000004547,0.0,0.8999999999999773,0.3000000000000682,1.343,,,,,1.261,,1.328,1.327,1.338,"{('cu', 'start'): 549.3, ('cu', 'h2d'): 549.4, ('cu', 'workest'): 549.5, ('cu', 'compute'): 549.7, ('cu', 'copy'): 549.7, ('cu', 'pack'): 549.7, ('cu', 'd2h'): 550.6, ('gust', 'start'): 551.0, ('gust', 'h2d'): 551.1, ('gust', 'count'): 551.1, ('gust', 'scan'): 551.1, ('gust', 'expand'): 551.2, ('gust', 'sort'): 551.2, ('gust', 'reduce'): 551.2, ('gust', 'final'): 551.3, ('gust', 'pack'): 551.3, ('gust', 'd2h'): 552.1, ('outer', 'start'): 552.5, ('outer', 'h2d'): 552.6, ('outer', 'csc'): 552.7, ('outer', 'count'): 552.7, ('outer', 'scan'): 552.7, ('outer', 'expand'): 552.7, ('outer', 'sort'): 552.8, ('outer', 'reduce'): 552.8, ('outer', 'final'): 552.9, ('outer', 'pack'): 552.9, ('outer', 'd2h'): 553.7, ('colw', 'start'): 554.1, ('colw', 'h2d'): 554.2, ('colw', 'csc'): 554.3, ('colw', 'count'): 554.3, ('colw', 'scan'): 554.4, ('colw', 'expand'): 554.4, ('colw', 'sort'): 554.4, ('colw', 'reduce'): 554.4, ('colw', 'final'): 554.5, ('colw', 'pack'): 554.5, ('colw', 'd2h'): 555.3, ('inner', 'start'): 555.7, ('inner', 'h2d'): 555.8, ('inner', 'csc'): 555.9, ('inner', 'count'): 555.9, ('inner', 'scan'): 555.9, ('inner', 'expand'): 556.0, ('inner', 'sort'): 556.0, ('inner', 'reduce'): 556.0, ('inner', 'final'): 556.1, ('inner', 'numeric'): 556.1, ('inner', 'pack'): 556.1, ('inner', 'd2h'): 556.9}"
Mildly sparse,bcsstk14,1806,63454,1.945465404477998,195654,195654,195654,195654,195654,0.0,,0.10000000000002274,0.6000000000000227,0.09999999999990905,1.3999999999999773,0.7999999999999545,2.619,,,,,3.06,,3.296,3.269,3.262,"{('cu', 'start'): 543.3, ('cu', 'h2d'): 543.5, ('cu', 'workest'): 543.6, ('cu', 'compute'): 544.2, ('cu', 'copy'): 544.3, ('cu', 'pack'): 544.4, ('cu', 'd2h'): 545.8, ('gust', 'start'): 546.2, ('gust', 'h2d'): 546.4, ('gust', 'count'): 546.4, ('gust', 'scan'): 546.5, ('gust', 'expand'): 546.7, ('gust', 'sort'): 547.3, ('gust', 'reduce'): 547.5, ('gust', 'final'): 547.9, ('gust', 'pack'): 547.9, ('gust', 'd2h'): 549.1, ('outer', 'start'): 549.6, ('outer', 'h2d'): 549.7, ('outer', 'csc'): 549.9, ('outer', 'count'): 549.9, ('outer', 'scan'): 549.9, ('outer', 'expand'): 550.1, ('outer', 'sort'): 550.7, ('outer', 'reduce'): 550.9, ('outer', 'final'): 551.2, ('outer', 'pack'): 551.3, ('outer', 'd2h'): 552.4, ('colw', 'start'): 553.2, ('colw', 'h2d'): 553.3, ('colw', 'csc'): 553.4, ('colw', 'count'): 553.5, ('colw', 'scan'): 553.5, ('colw', 'expand'): 553.7, ('colw', 'sort'): 554.3, ('colw', 'reduce'): 554.5, ('colw', 'final'): 554.8, ('colw', 'pack'): 554.9, ('colw', 'd2h'): 556.0, ('inner', 'start'): 556.7, ('inner', 'h2d'): 556.9, ('inner', 'csc'): 557.0, ('inner', 'count'): 557.0, ('inner', 'scan'): 557.1, ('inner', 'expand'): 557.3, ('inner', 'sort'): 557.9, ('inner', 'reduce'): 558.0, ('inner', 'final'): 558.3, ('inner', 'numeric'): 558.6, ('inner', 'pack'): 558.6, ('inner', 'd2h'): 559.7}"
Mildly sparse,can_445,445,3809,1.923494508269158,11193,11193,11193,11193,11193,0.0,,0.10000000000002274,0.1999999999999318,0.0,0.900000000000091,0.2999999999999545,1.427,,,,,1.395,,1.48,1.466,1.504,"{('cu', 'start'): 545.9, ('cu', 'h2d'): 546.0, ('cu', 'workest'): 546.1, ('cu', 'compute'): 546.3, ('cu', 'copy'): 546.3, ('cu', 'pack'): 546.3, ('cu', 'd2h'): 547.2, ('gust', 'start'): 547.6, ('gust', 'h2d'): 547.7, ('gust', 'count'): 547.7, ('gust', 'scan'): 547.7, ('gust', 'expand'): 547.8, ('gust', 'sort'): 547.9, ('gust', 'reduce'): 548.0, ('gust', 'final'): 548.0, ('gust', 'pack'): 548.0, ('gust', 'd2h'): 548.8, ('outer', 'start'): 549.3, ('outer', 'h2d'): 549.4, ('outer', 'csc'): 549.5, ('outer', 'count'): 549.5, ('outer', 'scan'): 549.5, ('outer', 'expand'): 549.6, ('outer', 'sort'): 549.7, ('outer', 'reduce'): 549.7, ('outer', 'final'): 549.8, ('outer', 'pack'): 549.8, ('outer', 'd2h'): 550.6, ('colw', 'start'): 551.1, ('colw', 'h2d'): 551.2, ('colw', 'csc'): 551.2, ('colw', 'count'): 551.3, ('colw', 'scan'): 551.3, ('colw', 'expand'): 551.3, ('colw', 'sort'): 551.5, ('colw', 'reduce'): 551.5, ('colw', 'final'): 551.5, ('colw', 'pack'): 551.6, ('colw', 'd2h'): 552.4, ('inner', 'start'): 552.8, ('inner', 'h2d'): 552.9, ('inner', 'csc'): 553.0, ('inner', 'count'): 553.0, ('inner', 'scan'): 553.0, ('inner', 'expand'): 553.1, ('inner', 'sort'): 553.2, ('inner', 'reduce'): 553.2, ('inner', 'final'): 553.3, ('inner', 'numeric'): 553.3, ('inner', 'pack'): 553.3, ('inner', 'd2h'): 554.2}"
Mildly sparse,bcsstm10,1086,22092,1.8731621948861958,54504,54504,54504,54504,54504,0.0,,0.09999999999990905,0.3000000000000682,0.10000000000002274,1.099999999999909,0.5,1.891,,,,,2.428,,2.528,2.445,2.443,"{('cu', 'start'): 541.0, ('cu', 'h2d'): 541.2, ('cu', 'workest'): 541.3, ('cu', 'compute'): 541.6, ('cu', 'copy'): 541.7, ('cu', 'pack'): 541.7, ('cu', 'd2h'): 542.8, ('gust', 'start'): 543.2, ('gust', 'h2d'): 543.4, ('gust', 'count'): 543.4, ('gust', 'scan'): 543.4, ('gust', 'expand'): 543.7, ('gust', 'sort'): 544.0, ('gust', 'reduce'): 544.1, ('gust', 'final'): 544.4, ('gust', 'pack'): 544.5, ('gust', 'd2h'): 545.4, ('outer', 'start'): 545.9, ('outer', 'h2d'): 546.1, ('outer', 'csc'): 546.2, ('outer', 'count'): 546.2, ('outer', 'scan'): 546.2, ('outer', 'expand'): 546.5, ('outer', 'sort'): 546.7, ('outer', 'reduce'): 546.9, ('outer', 'final'): 547.1, ('outer', 'pack'): 547.1, ('outer', 'd2h'): 548.1, ('colw', 'start'): 548.8, ('colw', 'h2d'): 548.9, ('colw', 'csc'): 549.0, ('colw', 'count'): 549.0, ('colw', 'scan'): 549.1, ('colw', 'expand'): 549.3, ('colw', 'sort'): 549.6, ('colw', 'reduce'): 549.7, ('colw', 'final'): 549.9, ('colw', 'pack'): 549.9, ('colw', 'd2h'): 550.8, ('inner', 'start'): 551.5, ('inner', 'h2d'): 551.6, ('inner', 'csc'): 551.7, ('inner', 'count'): 551.8, ('inner', 'scan'): 551.8, ('inner', 'expand'): 552.0, ('inner', 'sort'): 552.3, ('inner', 'reduce'): 552.5, ('inner', 'final'): 552.6, ('inner', 'numeric'): 552.8, ('inner', 'pack'): 552.8, ('inner', 'd2h'): 553.7}"
Mildly sparse,bcsstk10,1086,22070,1.8712968332943305,54504,54504,54504,54504,54504,0.0,,0.10000000000002274,0.30000000000001137,0.0999999999999659,1.0,0.5,1.609,,,,,2.225,,2.122,2.045,2.075,"{('cu', 'start'): 508.1, ('cu', 'h2d'): 508.2, ('cu', 'workest'): 508.3, ('cu', 'compute'): 508.6, ('cu', 'copy'): 508.7, ('cu', 'pack'): 508.7, ('cu', 'd2h'): 509.7, ('gust', 'start'): 510.0, ('gust', 'h2d'): 510.1, ('gust', 'count'): 510.1, ('gust', 'scan'): 510.2, ('gust', 'expand'): 510.6, ('gust', 'sort'): 510.8, ('gust', 'reduce'): 511.0, ('gust', 'final'): 511.2, ('gust', 'pack'): 511.2, ('gust', 'd2h'): 512.1, ('outer', 'start'): 512.5, ('outer', 'h2d'): 512.6, ('outer', 'csc'): 512.7, ('outer', 'count'): 512.7, ('outer', 'scan'): 512.7, ('outer', 'expand'): 512.9, ('outer', 'sort'): 513.2, ('outer', 'reduce'): 513.3, ('outer', 'final'): 513.5, ('outer', 'pack'): 513.5, ('outer', 'd2h'): 514.3, ('colw', 'start'): 514.9, ('colw', 'h2d'): 515.0, ('colw', 'csc'): 515.0, ('colw', 'count'): 515.1, ('colw', 'scan'): 515.1, ('colw', 'expand'): 515.3, ('colw', 'sort'): 515.5, ('colw', 'reduce'): 515.7, ('colw', 'final'): 515.8, ('colw', 'pack'): 515.8, ('colw', 'd2h'): 516.7, ('inner', 'start'): 517.2, ('inner', 'h2d'): 517.2, ('inner', 'csc'): 517.3, ('inner', 'count'): 517.3, ('inner', 'scan'): 517.4, ('inner', 'expand'): 517.6, ('inner', 'sort'): 517.8, ('inner', 'reduce'): 518.0, ('inner', 'final'): 518.1, ('inner', 'numeric'): 518.2, ('inner', 'pack'): 518.2, ('inner', 'd2h'): 519.1}"
Mildly sparse,can_634,634,7228,1.7982067689000787,25446,25446,25446,25446,25446,0.0,,0.10000000000002274,0.3000000000000682,0.09999999999990905,1.0,0.5,1.698,,,,,1.802,,1.844,1.887,1.862,"{('cu', 'start'): 548.7, ('cu', 'h2d'): 548.8, ('cu', 'workest'): 548.9, ('cu', 'compute'): 549.2, ('cu', 'copy'): 549.3, ('cu', 'pack'): 549.3, ('cu', 'd2h'): 550.3, ('gust', 'start'): 550.7, ('gust', 'h2d'): 550.8, ('gust', 'count'): 550.8, ('gust', 'scan'): 550.9, ('gust', 'expand'): 550.9, ('gust', 'sort'): 551.2, ('gust', 'reduce'): 551.3, ('gust', 'final'): 551.5, ('gust', 'pack'): 551.5, ('gust', 'd2h'): 552.4, ('outer', 'start'): 552.8, ('outer', 'h2d'): 552.9, ('outer', 'csc'): 553.0, ('outer', 'count'): 553.0, ('outer', 'scan'): 553.0, ('outer', 'expand'): 553.0, ('outer', 'sort'): 553.3, ('outer', 'reduce'): 553.5, ('outer', 'final'): 553.5, ('outer', 'pack'): 553.6, ('outer', 'd2h'): 554.4, ('colw', 'start'): 554.9, ('colw', 'h2d'): 555.0, ('colw', 'csc'): 555.1, ('colw', 'count'): 555.2, ('colw', 'scan'): 555.2, ('colw', 'expand'): 555.2, ('colw', 'sort'): 555.5, ('colw', 'reduce'): 555.6, ('colw', 'final'): 555.7, ('colw', 'pack'): 555.7, ('colw', 'd2h'): 556.6, ('inner', 'start'): 557.1, ('inner', 'h2d'): 557.2, ('inner', 'csc'): 557.3, ('inner', 'count'): 557.3, ('inner', 'scan'): 557.4, ('inner', 'expand'): 557.4, ('inner', 'sort'): 557.7, ('inner', 'reduce'): 557.8, ('inner', 'final'): 557.9, ('inner', 'numeric'): 557.9, ('inner', 'pack'): 557.9, ('inner', 'd2h'): 558.8}"
Mildly sparse,bcsstk11,1473,34241,1.578123350888521,94187,94187,94187,94187,94187,0.0,,0.10000000000002274,0.2999999999999545,0.10000000000002274,1.1000000000000227,0.5,2.052,,,,,2.499,,2.725,2.69,2.718,"{('cu', 'start'): 518.8, ('cu', 'h2d'): 519.0, ('cu', 'workest'): 519.1, ('cu', 'compute'): 519.4, ('cu', 'copy'): 519.5, ('cu', 'pack'): 519.6, ('cu', 'd2h'): 520.7, ('gust', 'start'): 521.2, ('gust', 'h2d'): 521.4, ('gust', 'count'): 521.4, ('gust', 'scan'): 521.4, ('gust', 'expand'): 521.6, ('gust', 'sort'): 522.0, ('gust', 'reduce'): 522.2, ('gust', 'final'): 522.6, ('gust', 'pack'): 522.6, ('gust', 'd2h'): 523.6, ('outer', 'start'): 524.0, ('outer', 'h2d'): 524.2, ('outer', 'csc'): 524.3, ('outer', 'count'): 524.3, ('outer', 'scan'): 524.3, ('outer', 'expand'): 524.5, ('outer', 'sort'): 524.9, ('outer', 'reduce'): 525.1, ('outer', 'final'): 525.3, ('outer', 'pack'): 525.4, ('outer', 'd2h'): 526.4, ('colw', 'start'): 527.0, ('colw', 'h2d'): 527.2, ('colw', 'csc'): 527.3, ('colw', 'count'): 527.3, ('colw', 'scan'): 527.3, ('colw', 'expand'): 527.5, ('colw', 'sort'): 527.9, ('colw', 'reduce'): 528.1, ('colw', 'final'): 528.3, ('colw', 'pack'): 528.4, ('colw', 'd2h'): 529.4, ('inner', 'start'): 530.0, ('inner', 'h2d'): 530.1, ('inner', 'csc'): 530.3, ('inner', 'count'): 530.3, ('inner', 'scan'): 530.3, ('inner', 'expand'): 530.5, ('inner', 'sort'): 530.9, ('inner', 'reduce'): 531.1, ('inner', 'final'): 531.3, ('inner', 'numeric'): 531.5, ('inner', 'pack'): 531.5, ('inner', 'd2h'): 532.5}"
Mildly sparse,bcsstk12,1473,34241,1.578123350888521,94187,94187,94187,94187,94187,0.0,,0.0,0.40000000000009095,0.09999999999990905,1.1000000000000227,0.5,2.02,,,,,2.426,,2.689,2.686,2.683,"{('cu', 'start'): 535.1, ('cu', 'h2d'): 535.3, ('cu', 'workest'): 535.3, ('cu', 'compute'): 535.7, ('cu', 'copy'): 535.8, ('cu', 'pack'): 535.9, ('cu', 'd2h'): 537.0, ('gust', 'start'): 537.4, ('gust', 'h2d'): 537.6, ('gust', 'count'): 537.6, ('gust', 'scan'): 537.6, ('gust', 'expand'): 537.8, ('gust', 'sort'): 538.2, ('gust', 'reduce'): 538.4, ('gust', 'final'): 538.7, ('gust', 'pack'): 538.8, ('gust', 'd2h'): 539.7, ('outer', 'start'): 540.1, ('outer', 'h2d'): 540.2, ('outer', 'csc'): 540.4, ('outer', 'count'): 540.4, ('outer', 'scan'): 540.4, ('outer', 'expand'): 540.6, ('outer', 'sort'): 541.0, ('outer', 'reduce'): 541.1, ('outer', 'final'): 541.4, ('outer', 'pack'): 541.5, ('outer', 'd2h'): 542.4, ('colw', 'start'): 543.1, ('colw', 'h2d'): 543.2, ('colw', 'csc'): 543.3, ('colw', 'count'): 543.3, ('colw', 'scan'): 543.4, ('colw', 'expand'): 543.6, ('colw', 'sort'): 544.0, ('colw', 'reduce'): 544.1, ('colw', 'final'): 544.4, ('colw', 'pack'): 544.4, ('colw', 'd2h'): 545.4, ('inner', 'start'): 546.0, ('inner', 'h2d'): 546.2, ('inner', 'csc'): 546.3, ('inner', 'count'): 546.3, ('inner', 'scan'): 546.3, ('inner', 'expand'): 546.6, ('inner', 'sort'): 546.9, ('inner', 'reduce'): 547.1, ('inner', 'final'): 547.3, ('inner', 'numeric'): 547.5, ('inner', 'pack'): 547.6, ('inner', 'd2h'): 548.5}"
Mildly sparse,bcsstk09,1083,18437,1.5719305066378828,71289,71289,71289,71289,71289,0.0,,0.10000000000002274,0.20000000000004547,0.0,0.6999999999999318,0.3000000000000682,1.213,,,,,1.498,,1.565,1.57,1.584,"{('cu', 'start'): 846.7, ('cu', 'h2d'): 846.8, ('cu', 'workest'): 846.9, ('cu', 'compute'): 847.1, ('cu', 'copy'): 847.1, ('cu', 'pack'): 847.2, ('cu', 'd2h'): 847.9, ('gust', 'start'): 848.2, ('gust', 'h2d'): 848.3, ('gust', 'count'): 848.3, ('gust', 'scan'): 848.3, ('gust', 'expand'): 848.4, ('gust', 'sort'): 848.6, ('gust', 'reduce'): 848.8, ('gust', 'final'): 848.9, ('gust', 'pack'): 848.9, ('gust', 'd2h'): 849.6, ('outer', 'start'): 849.9, ('outer', 'h2d'): 850.0, ('outer', 'csc'): 850.1, ('outer', 'count'): 850.1, ('outer', 'scan'): 850.1, ('outer', 'expand'): 850.2, ('outer', 'sort'): 850.4, ('outer', 'reduce'): 850.6, ('outer', 'final'): 850.7, ('outer', 'pack'): 850.7, ('outer', 'd2h'): 851.3, ('colw', 'start'): 851.7, ('colw', 'h2d'): 851.8, ('colw', 'csc'): 851.9, ('colw', 'count'): 851.9, ('colw', 'scan'): 851.9, ('colw', 'expand'): 852.0, ('colw', 'sort'): 852.3, ('colw', 'reduce'): 852.4, ('colw', 'final'): 852.5, ('colw', 'pack'): 852.5, ('colw', 'd2h'): 853.1, ('inner', 'start'): 853.6, ('inner', 'h2d'): 853.6, ('inner', 'csc'): 853.7, ('inner', 'count'): 853.7, ('inner', 'scan'): 853.7, ('inner', 'expand'): 853.8, ('inner', 'sort'): 854.1, ('inner', 'reduce'): 854.2, ('inner', 'final'): 854.3, ('inner', 'numeric'): 854.4, ('inner', 'pack'): 854.4, ('inner', 'd2h'): 855.0}"
Mildly sparse,bcsstm02,66,66,1.5151515151515151,66,66,66,66,66,0.0,,0.10000000000002274,0.09999999999990905,0.10000000000002274,0.8999999999999773,0.2999999999999545,1.431,,,,,1.315,,1.402,1.401,1.42,"{('cu', 'start'): 528.5, ('cu', 'h2d'): 528.6, ('cu', 'workest'): 528.7, ('cu', 'compute'): 528.8, ('cu', 'copy'): 528.9, ('cu', 'pack'): 528.9, ('cu', 'd2h'): 529.8, ('gust', 'start'): 530.2, ('gust', 'h2d'): 530.3, ('gust', 'count'): 530.3, ('gust', 'scan'): 530.4, ('gust', 'expand'): 530.4, ('gust', 'sort'): 530.4, ('gust', 'reduce'): 530.5, ('gust', 'final'): 530.5, ('gust', 'pack'): 530.6, ('gust', 'd2h'): 531.4, ('outer', 'start'): 531.8, ('outer', 'h2d'): 531.9, ('outer', 'csc'): 532.0, ('outer', 'count'): 532.0, ('outer', 'scan'): 532.0, ('outer', 'expand'): 532.0, ('outer', 'sort'): 532.1, ('outer', 'reduce'): 532.1, ('outer', 'final'): 532.2, ('outer', 'pack'): 532.2, ('outer', 'd2h'): 533.1, ('colw', 'start'): 533.5, ('colw', 'h2d'): 533.6, ('colw', 'csc'): 533.7, ('colw', 'count'): 533.7, ('colw', 'scan'): 533.7, ('colw', 'expand'): 533.7, ('colw', 'sort'): 533.8, ('colw', 'reduce'): 533.8, ('colw', 'final'): 533.9, ('colw', 'pack'): 533.9, ('colw', 'd2h'): 534.7, ('inner', 'start'): 535.2, ('inner', 'h2d'): 535.3, ('inner', 'csc'): 535.3, ('inner', 'count'): 535.4, ('inner', 'scan'): 535.4, ('inner', 'expand'): 535.4, ('inner', 'sort'): 535.5, ('inner', 'reduce'): 535.5, ('inner', 'final'): 535.6, ('inner', 'numeric'): 535.6, ('inner', 'pack'): 535.6, ('inner', 'd2h'): 536.5}"
Mildly sparse,can_838,838,10010,1.4254304771560882,51156,51156,51156,51156,51156,0.0,,0.10000000000002274,0.2999999999999545,0.10000000000002274,1.1000000000000227,0.5,1.827,,,,,1.929,,2.101,2.17,2.147,"{('cu', 'start'): 529.3, ('cu', 'h2d'): 529.4, ('cu', 'workest'): 529.5, ('cu', 'compute'): 529.8, ('cu', 'copy'): 529.9, ('cu', 'pack'): 529.9, ('cu', 'd2h'): 531.0, ('gust', 'start'): 531.4, ('gust', 'h2d'): 531.5, ('gust', 'count'): 531.5, ('gust', 'scan'): 531.6, ('gust', 'expand'): 531.6, ('gust', 'sort'): 532.0, ('gust', 'reduce'): 532.1, ('gust', 'final'): 532.1, ('gust', 'pack'): 532.2, ('gust', 'd2h'): 533.1, ('outer', 'start'): 533.6, ('outer', 'h2d'): 533.7, ('outer', 'csc'): 533.8, ('outer', 'count'): 533.8, ('outer', 'scan'): 533.9, ('outer', 'expand'): 533.9, ('outer', 'sort'): 534.2, ('outer', 'reduce'): 534.3, ('outer', 'final'): 534.4, ('outer', 'pack'): 534.5, ('outer', 'd2h'): 535.4, ('colw', 'start'): 536.0, ('colw', 'h2d'): 536.1, ('colw', 'csc'): 536.2, ('colw', 'count'): 536.2, ('colw', 'scan'): 536.3, ('colw', 'expand'): 536.3, ('colw', 'sort'): 536.7, ('colw', 'reduce'): 536.8, ('colw', 'final'): 536.9, ('colw', 'pack'): 536.9, ('colw', 'd2h'): 537.9, ('inner', 'start'): 538.5, ('inner', 'h2d'): 538.6, ('inner', 'csc'): 538.7, ('inner', 'count'): 538.7, ('inner', 'scan'): 538.7, ('inner', 'expand'): 538.8, ('inner', 'sort'): 539.1, ('inner', 'reduce'): 539.2, ('inner', 'final'): 539.3, ('inner', 'numeric'): 539.4, ('inner', 'pack'): 539.4, ('inner', 'd2h'): 540.3}"
Mildly sparse,bcsstk20,485,3135,1.3327665001594218,5545,5545,5545,5545,5545,0.0,,0.09999999999990905,0.20000000000004547,0.0,0.7999999999999545,0.2999999999999545,1.386,,,,,1.372,,1.478,1.431,1.446,"{('cu', 'start'): 537.1, ('cu', 'h2d'): 537.2, ('cu', 'workest'): 537.3, ('cu', 'compute'): 537.5, ('cu', 'copy'): 537.5, ('cu', 'pack'): 537.6, ('cu', 'd2h'): 538.4, ('gust', 'start'): 538.8, ('gust', 'h2d'): 538.9, ('gust', 'count'): 538.9, ('gust', 'scan'): 539.0, ('gust', 'expand'): 539.0, ('gust', 'sort'): 539.1, ('gust', 'reduce'): 539.2, ('gust', 'final'): 539.2, ('gust', 'pack'): 539.3, ('gust', 'd2h'): 540.1, ('outer', 'start'): 540.4, ('outer', 'h2d'): 540.6, ('outer', 'csc'): 540.6, ('outer', 'count'): 540.7, ('outer', 'scan'): 540.7, ('outer', 'expand'): 540.7, ('outer', 'sort'): 540.8, ('outer', 'reduce'): 540.9, ('outer', 'final'): 540.9, ('outer', 'pack'): 541.0, ('outer', 'd2h'): 541.8, ('colw', 'start'): 542.2, ('colw', 'h2d'): 542.3, ('colw', 'csc'): 542.4, ('colw', 'count'): 542.4, ('colw', 'scan'): 542.4, ('colw', 'expand'): 542.5, ('colw', 'sort'): 542.6, ('colw', 'reduce'): 542.6, ('colw', 'final'): 542.7, ('colw', 'pack'): 542.7, ('colw', 'd2h'): 543.5, ('inner', 'start'): 543.9, ('inner', 'h2d'): 544.0, ('inner', 'csc'): 544.1, ('inner', 'count'): 544.1, ('inner', 'scan'): 544.2, ('inner', 'expand'): 544.2, ('inner', 'sort'): 544.3, ('inner', 'reduce'): 544.3, ('inner', 'final'): 544.4, ('inner', 'numeric'): 544.4, ('inner', 'pack'): 544.4, ('inner', 'd2h'): 545.2}"
Mildly sparse,can_715,715,6665,1.3037312338011637,39785,39785,39785,39785,39785,0.0,,0.09999999999990905,0.3000000000000682,0.10000000000002274,1.0,0.5,1.762,,,,,1.846,,1.965,1.959,1.95,"{('cu', 'start'): 549.1, ('cu', 'h2d'): 549.2, ('cu', 'workest'): 549.3, ('cu', 'compute'): 549.6, ('cu', 'copy'): 549.7, ('cu', 'pack'): 549.7, ('cu', 'd2h'): 550.7, ('gust', 'start'): 551.1, ('gust', 'h2d'): 551.3, ('gust', 'count'): 551.3, ('gust', 'scan'): 551.3, ('gust', 'expand'): 551.4, ('gust', 'sort'): 551.7, ('gust', 'reduce'): 551.8, ('gust', 'final'): 552.0, ('gust', 'pack'): 552.0, ('gust', 'd2h'): 552.8, ('outer', 'start'): 553.2, ('outer', 'h2d'): 553.4, ('outer', 'csc'): 553.5, ('outer', 'count'): 553.5, ('outer', 'scan'): 553.5, ('outer', 'expand'): 553.6, ('outer', 'sort'): 553.9, ('outer', 'reduce'): 554.0, ('outer', 'final'): 554.1, ('outer', 'pack'): 554.1, ('outer', 'd2h'): 555.0, ('colw', 'start'): 555.5, ('colw', 'h2d'): 555.6, ('colw', 'csc'): 555.7, ('colw', 'count'): 555.7, ('colw', 'scan'): 555.8, ('colw', 'expand'): 555.8, ('colw', 'sort'): 556.1, ('colw', 'reduce'): 556.2, ('colw', 'final'): 556.3, ('colw', 'pack'): 556.3, ('colw', 'd2h'): 557.2, ('inner', 'start'): 557.7, ('inner', 'h2d'): 557.8, ('inner', 'csc'): 558.0, ('inner', 'count'): 558.0, ('inner', 'scan'): 558.0, ('inner', 'expand'): 558.0, ('inner', 'sort'): 558.4, ('inner', 'reduce'): 558.5, ('inner', 'final'): 558.5, ('inner', 'numeric'): 558.6, ('inner', 'pack'): 558.6, ('inner', 'd2h'): 559.5}"
Mildly sparse,bcsstk24,3562,159910,1.2603402122535554,446474,446474,446474,446474,446474,0.0,,0.2999999999999545,0.8999999999998636,0.20000000000004547,2.5,1.3999999999998636,4.468,,,,,5.396,,5.768,5.656,5.706,"{('cu', 'start'): 1056.1, ('cu', 'h2d'): 1056.4, ('cu', 'workest'): 1056.7, ('cu', 'compute'): 1057.6, ('cu', 'copy'): 1057.8, ('cu', 'pack'): 1057.9, ('cu', 'd2h'): 1060.4, ('gust', 'start'): 1061.0, ('gust', 'h2d'): 1061.3, ('gust', 'count'): 1061.4, ('gust', 'scan'): 1061.4, ('gust', 'expand'): 1061.7, ('gust', 'sort'): 1063.0, ('gust', 'reduce'): 1063.2, ('gust', 'final'): 1063.8, ('gust', 'pack'): 1063.9, ('gust', 'd2h'): 1066.1, ('outer', 'start'): 1066.9, ('outer', 'h2d'): 1067.1, ('outer', 'csc'): 1067.4, ('outer', 'count'): 1067.4, ('outer', 'scan'): 1067.5, ('outer', 'expand'): 1067.7, ('outer', 'sort'): 1068.9, ('outer', 'reduce'): 1069.2, ('outer', 'final'): 1069.6, ('outer', 'pack'): 1069.7, ('outer', 'd2h'): 1072.0, ('colw', 'start'): 1073.1, ('colw', 'h2d'): 1073.3, ('colw', 'csc'): 1073.7, ('colw', 'count'): 1073.7, ('colw', 'scan'): 1073.8, ('colw', 'expand'): 1074.0, ('colw', 'sort'): 1075.2, ('colw', 'reduce'): 1075.5, ('colw', 'final'): 1075.9, ('colw', 'pack'): 1076.0, ('colw', 'd2h'): 1078.1, ('inner', 'start'): 1079.1, ('inner', 'h2d'): 1079.4, ('inner', 'csc'): 1079.7, ('inner', 'count'): 1079.7, ('inner', 'scan'): 1079.8, ('inner', 'expand'): 1080.0, ('inner', 'sort'): 1081.2, ('inner', 'reduce'): 1081.5, ('inner', 'final'): 1081.9, ('inner', 'numeric'): 1082.2, ('inner', 'pack'): 1082.3, ('inner', 'd2h'): 1084.4}"
Mildly sparse,bcsstk16,4884,290378,1.2173414200441228,1038782,1038782,1038782,1038782,1038782,0.0,,0.20000000000004547,1.2999999999999545,0.10000000000002274,3.699999999999932,1.6000000000000227,5.956,,,,,8.146,,8.441,8.531,8.881,"{('cu', 'start'): 613.6, ('cu', 'h2d'): 614.0, ('cu', 'workest'): 614.2, ('cu', 'compute'): 615.5, ('cu', 'copy'): 615.6, ('cu', 'pack'): 615.7, ('cu', 'd2h'): 619.4, ('gust', 'start'): 620.4, ('gust', 'h2d'): 620.7, ('gust', 'count'): 620.9, ('gust', 'scan'): 620.9, ('gust', 'expand'): 621.3, ('gust', 'sort'): 623.8, ('gust', 'reduce'): 624.2, ('gust', 'final'): 624.8, ('gust', 'pack'): 624.9, ('gust', 'd2h'): 628.2, ('outer', 'start'): 629.4, ('outer', 'h2d'): 629.7, ('outer', 'csc'): 630.1, ('outer', 'count'): 630.2, ('outer', 'scan'): 630.2, ('outer', 'expand'): 630.5, ('outer', 'sort'): 633.0, ('outer', 'reduce'): 633.3, ('outer', 'final'): 633.8, ('outer', 'pack'): 633.9, ('outer', 'd2h'): 637.2, ('colw', 'start'): 638.6, ('colw', 'h2d'): 639.0, ('colw', 'csc'): 639.4, ('colw', 'count'): 639.4, ('colw', 'scan'): 639.4, ('colw', 'expand'): 639.8, ('colw', 'sort'): 642.3, ('colw', 'reduce'): 642.7, ('colw', 'final'): 643.1, ('colw', 'pack'): 643.2, ('colw', 'd2h'): 646.6, ('inner', 'start'): 648.1, ('inner', 'h2d'): 648.5, ('inner', 'csc'): 648.9, ('inner', 'count'): 648.9, ('inner', 'scan'): 649.0, ('inner', 'expand'): 649.3, ('inner', 'sort'): 651.8, ('inner', 'reduce'): 652.1, ('inner', 'final'): 652.6, ('inner', 'numeric'): 653.0, ('inner', 'pack'): 653.1, ('inner', 'd2h'): 656.5}"
Mildly sparse,bcsstk28,4410,219024,1.1261974177426073,596072,596072,596072,596072,596072,0.0,,0.2999999999999545,1.0,0.20000000000004547,3.199999999999932,1.5,5.403,,,,,6.742,,6.917,6.935,7.042,"{('cu', 'start'): 600.7, ('cu', 'h2d'): 601.1, ('cu', 'workest'): 601.4, ('cu', 'compute'): 602.4, ('cu', 'copy'): 602.6, ('cu', 'pack'): 602.7, ('cu', 'd2h'): 605.9, ('gust', 'start'): 606.6, ('gust', 'h2d'): 607.0, ('gust', 'count'): 607.1, ('gust', 'scan'): 607.1, ('gust', 'expand'): 607.5, ('gust', 'sort'): 609.2, ('gust', 'reduce'): 609.5, ('gust', 'final'): 610.1, ('gust', 'pack'): 610.2, ('gust', 'd2h'): 613.0, ('outer', 'start'): 613.9, ('outer', 'h2d'): 614.2, ('outer', 'csc'): 614.6, ('outer', 'count'): 614.6, ('outer', 'scan'): 614.7, ('outer', 'expand'): 614.9, ('outer', 'sort'): 616.6, ('outer', 'reduce'): 616.9, ('outer', 'final'): 617.4, ('outer', 'pack'): 617.4, ('outer', 'd2h'): 620.2, ('colw', 'start'): 621.4, ('colw', 'h2d'): 621.7, ('colw', 'csc'): 622.1, ('colw', 'count'): 622.1, ('colw', 'scan'): 622.1, ('colw', 'expand'): 622.4, ('colw', 'sort'): 624.1, ('colw', 'reduce'): 624.4, ('colw', 'final'): 624.8, ('colw', 'pack'): 624.9, ('colw', 'd2h'): 627.7, ('inner', 'start'): 628.9, ('inner', 'h2d'): 629.2, ('inner', 'csc'): 629.6, ('inner', 'count'): 629.6, ('inner', 'scan'): 629.7, ('inner', 'expand'): 629.9, ('inner', 'sort'): 631.6, ('inner', 'reduce'): 631.9, ('inner', 'final'): 632.3, ('inner', 'numeric'): 632.7, ('inner', 'pack'): 632.7, ('inner', 'd2h'): 635.5}"
Mildly sparse,bcsstk08,1074,12960,1.1235604381885709,305612,305612,305612,305612,305612,0.0,,0.0999999999999659,0.30000000000001137,0.19999999999998863,1.0,0.5999999999999659,1.763,,,,,2.141,,2.328,2.233,2.474,"{('cu', 'start'): 503.3, ('cu', 'h2d'): 503.3, ('cu', 'workest'): 503.4, ('cu', 'compute'): 503.7, ('cu', 'copy'): 503.9, ('cu', 'pack'): 503.9, ('cu', 'd2h'): 504.9, ('gust', 'start'): 505.3, ('gust', 'h2d'): 505.4, ('gust', 'count'): 505.4, ('gust', 'scan'): 505.5, ('gust', 'expand'): 505.7, ('gust', 'sort'): 505.9, ('gust', 'reduce'): 506.0, ('gust', 'final'): 506.4, ('gust', 'pack'): 506.4, ('gust', 'd2h'): 507.3, ('outer', 'start'): 507.7, ('outer', 'h2d'): 507.8, ('outer', 'csc'): 508.0, ('outer', 'count'): 508.0, ('outer', 'scan'): 508.1, ('outer', 'expand'): 508.3, ('outer', 'sort'): 508.5, ('outer', 'reduce'): 508.7, ('outer', 'final'): 508.9, ('outer', 'pack'): 509.0, ('outer', 'd2h'): 509.8, ('colw', 'start'): 510.3, ('colw', 'h2d'): 510.4, ('colw', 'csc'): 510.6, ('colw', 'count'): 510.6, ('colw', 'scan'): 510.7, ('colw', 'expand'): 510.9, ('colw', 'sort'): 511.1, ('colw', 'reduce'): 511.2, ('colw', 'final'): 511.5, ('colw', 'pack'): 511.5, ('colw', 'd2h'): 512.3, ('inner', 'start'): 512.9, ('inner', 'h2d'): 512.9, ('inner', 'csc'): 513.1, ('inner', 'count'): 513.2, ('inner', 'scan'): 513.2, ('inner', 'expand'): 513.4, ('inner', 'sort'): 513.6, ('inner', 'reduce'): 513.8, ('inner', 'final'): 514.0, ('inner', 'numeric'): 514.3, ('inner', 'pack'): 514.4, ('inner', 'd2h'): 515.2}"
Mildly sparse,can_1054,1054,12196,1.097832779436069,60248,60248,60248,60248,60248,0.0,,0.10000000000002274,0.3000000000000682,0.09999999999990905,1.2000000000000455,0.5,1.906,,,,,2.134,,2.216,2.256,2.251,"{('cu', 'start'): 530.2, ('cu', 'h2d'): 530.3, ('cu', 'workest'): 530.4, ('cu', 'compute'): 530.7, ('cu', 'copy'): 530.8, ('cu', 'pack'): 530.8, ('cu', 'd2h'): 532.0, ('gust', 'start'): 532.4, ('gust', 'h2d'): 532.5, ('gust', 'count'): 532.5, ('gust', 'scan'): 532.6, ('gust', 'expand'): 532.7, ('gust', 'sort'): 533.0, ('gust', 'reduce'): 533.2, ('gust', 'final'): 533.3, ('gust', 'pack'): 533.3, ('gust', 'd2h'): 534.3, ('outer', 'start'): 534.8, ('outer', 'h2d'): 534.9, ('outer', 'csc'): 535.0, ('outer', 'count'): 535.1, ('outer', 'scan'): 535.1, ('outer', 'expand'): 535.2, ('outer', 'sort'): 535.5, ('outer', 'reduce'): 535.6, ('outer', 'final'): 535.8, ('outer', 'pack'): 535.8, ('outer', 'd2h'): 536.8, ('colw', 'start'): 537.3, ('colw', 'h2d'): 537.4, ('colw', 'csc'): 537.5, ('colw', 'count'): 537.6, ('colw', 'scan'): 537.6, ('colw', 'expand'): 537.8, ('colw', 'sort'): 538.1, ('colw', 'reduce'): 538.2, ('colw', 'final'): 538.4, ('colw', 'pack'): 538.4, ('colw', 'd2h'): 539.4, ('inner', 'start'): 539.9, ('inner', 'h2d'): 540.0, ('inner', 'csc'): 540.1, ('inner', 'count'): 540.1, ('inner', 'scan'): 540.2, ('inner', 'expand'): 540.3, ('inner', 'sort'): 540.6, ('inner', 'reduce'): 540.7, ('inner', 'final'): 540.9, ('inner', 'numeric'): 541.0, ('inner', 'pack'): 541.0, ('inner', 'd2h'): 542.0}"
Mildly sparse,can_1072,1072,12444,1.0828553129873024,62316,62316,62316,62316,62316,0.0,,0.10000000000002274,0.2999999999999545,0.10000000000002274,1.0,0.5,1.784,,,,,1.986,,2.211,2.258,2.067,"{('cu', 'start'): 518.0, ('cu', 'h2d'): 518.1, ('cu', 'workest'): 518.2, ('cu', 'compute'): 518.5, ('cu', 'copy'): 518.6, ('cu', 'pack'): 518.6, ('cu', 'd2h'): 519.6, ('gust', 'start'): 520.1, ('gust', 'h2d'): 520.2, ('gust', 'count'): 520.2, ('gust', 'scan'): 520.3, ('gust', 'expand'): 520.4, ('gust', 'sort'): 520.7, ('gust', 'reduce'): 520.8, ('gust', 'final'): 520.9, ('gust', 'pack'): 521.0, ('gust', 'd2h'): 521.9, ('outer', 'start'): 522.4, ('outer', 'h2d'): 522.5, ('outer', 'csc'): 522.6, ('outer', 'count'): 522.6, ('outer', 'scan'): 522.6, ('outer', 'expand'): 522.7, ('outer', 'sort'): 523.0, ('outer', 'reduce'): 523.1, ('outer', 'final'): 523.2, ('outer', 'pack'): 523.2, ('outer', 'd2h'): 524.3, ('colw', 'start'): 524.8, ('colw', 'h2d'): 524.9, ('colw', 'csc'): 525.0, ('colw', 'count'): 525.1, ('colw', 'scan'): 525.1, ('colw', 'expand'): 525.4, ('colw', 'sort'): 525.7, ('colw', 'reduce'): 525.8, ('colw', 'final'): 525.9, ('colw', 'pack'): 525.9, ('colw', 'd2h'): 526.8, ('inner', 'start'): 527.4, ('inner', 'h2d'): 527.5, ('inner', 'csc'): 527.6, ('inner', 'count'): 527.6, ('inner', 'scan'): 527.6, ('inner', 'expand'): 527.8, ('inner', 'sort'): 528.0, ('inner', 'reduce'): 528.1, ('inner', 'final'): 528.2, ('inner', 'numeric'): 528.3, ('inner', 'pack'): 528.4, ('inner', 'd2h'): 529.2}"
Mildly sparse,bcsstk19,817,6853,1.0266835857969194,18305,18305,18305,18305,18305,0.0,,0.09999999999990905,0.20000000000004547,0.0,0.7999999999999545,0.2999999999999545,1.509,,,,,1.482,,1.562,1.556,1.617,"{('cu', 'start'): 527.0, ('cu', 'h2d'): 527.2, ('cu', 'workest'): 527.3, ('cu', 'compute'): 527.5, ('cu', 'copy'): 527.5, ('cu', 'pack'): 527.6, ('cu', 'd2h'): 528.4, ('gust', 'start'): 528.8, ('gust', 'h2d'): 529.0, ('gust', 'count'): 529.0, ('gust', 'scan'): 529.1, ('gust', 'expand'): 529.1, ('gust', 'sort'): 529.2, ('gust', 'reduce'): 529.3, ('gust', 'final'): 529.3, ('gust', 'pack'): 529.4, ('gust', 'd2h'): 530.2, ('outer', 'start'): 530.7, ('outer', 'h2d'): 530.8, ('outer', 'csc'): 530.9, ('outer', 'count'): 530.9, ('outer', 'scan'): 530.9, ('outer', 'expand'): 531.0, ('outer', 'sort'): 531.1, ('outer', 'reduce'): 531.1, ('outer', 'final'): 531.2, ('outer', 'pack'): 531.2, ('outer', 'd2h'): 532.1, ('colw', 'start'): 532.5, ('colw', 'h2d'): 532.6, ('colw', 'csc'): 532.7, ('colw', 'count'): 532.7, ('colw', 'scan'): 532.8, ('colw', 'expand'): 532.8, ('colw', 'sort'): 532.9, ('colw', 'reduce'): 533.0, ('colw', 'final'): 533.1, ('colw', 'pack'): 533.1, ('colw', 'd2h'): 533.9, ('inner', 'start'): 534.3, ('inner', 'h2d'): 534.4, ('inner', 'csc'): 534.5, ('inner', 'count'): 534.5, ('inner', 'scan'): 534.6, ('inner', 'expand'): 534.6, ('inner', 'sort'): 534.8, ('inner', 'reduce'): 534.8, ('inner', 'final'): 534.9, ('inner', 'numeric'): 534.9, ('inner', 'pack'): 534.9, ('inner', 'd2h'): 535.8}"
Highly sparse,bcsstm12,1473,19659,0.9060578533079476,53615,53615,53615,53615,53615,0.0,,0.10000000000002274,0.2999999999999545,0.10000000000002274,1.2999999999999545,0.5,1.969,,,,,2.358,,2.608,2.47,2.309,"{('cu', 'start'): 560.0, ('cu', 'h2d'): 560.1, ('cu', 'workest'): 560.2, ('cu', 'compute'): 560.5, ('cu', 'copy'): 560.6, ('cu', 'pack'): 560.6, ('cu', 'd2h'): 561.9, ('gust', 'start'): 562.2, ('gust', 'h2d'): 562.4, ('gust', 'count'): 562.4, ('gust', 'scan'): 562.4, ('gust', 'expand'): 562.6, ('gust', 'sort'): 562.9, ('gust', 'reduce'): 563.0, ('gust', 'final'): 563.3, ('gust', 'pack'): 563.3, ('gust', 'd2h'): 564.4, ('outer', 'start'): 564.9, ('outer', 'h2d'): 565.0, ('outer', 'csc'): 565.1, ('outer', 'count'): 565.1, ('outer', 'scan'): 565.1, ('outer', 'expand'): 565.3, ('outer', 'sort'): 565.6, ('outer', 'reduce'): 565.8, ('outer', 'final'): 566.0, ('outer', 'pack'): 566.0, ('outer', 'd2h'): 567.1, ('colw', 'start'): 567.7, ('colw', 'h2d'): 567.9, ('colw', 'csc'): 568.0, ('colw', 'count'): 568.0, ('colw', 'scan'): 568.0, ('colw', 'expand'): 568.2, ('colw', 'sort'): 568.5, ('colw', 'reduce'): 568.6, ('colw', 'final'): 568.8, ('colw', 'pack'): 568.9, ('colw', 'd2h'): 569.9, ('inner', 'start'): 570.5, ('inner', 'h2d'): 570.6, ('inner', 'csc'): 570.7, ('inner', 'count'): 570.7, ('inner', 'scan'): 570.8, ('inner', 'expand'): 570.9, ('inner', 'sort'): 571.2, ('inner', 'reduce'): 571.3, ('inner', 'final'): 571.5, ('inner', 'numeric'): 571.7, ('inner', 'pack'): 571.7, ('inner', 'd2h'): 572.7}"
Highly sparse,bcsstm03,112,112,0.8928571428571428,112,112,112,112,112,0.0,,0.0,0.20000000000004547,0.10000000000002274,0.7999999999999545,0.3000000000000682,1.357,,,,,1.312,,1.347,1.344,1.376,"{('cu', 'start'): 526.7, ('cu', 'h2d'): 526.8, ('cu', 'workest'): 526.8, ('cu', 'compute'): 527.0, ('cu', 'copy'): 527.1, ('cu', 'pack'): 527.1, ('cu', 'd2h'): 527.9, ('gust', 'start'): 528.3, ('gust', 'h2d'): 528.4, ('gust', 'count'): 528.4, ('gust', 'scan'): 528.5, ('gust', 'expand'): 528.5, ('gust', 'sort'): 528.5, ('gust', 'reduce'): 528.6, ('gust', 'final'): 528.6, ('gust', 'pack'): 528.6, ('gust', 'd2h'): 529.5, ('outer', 'start'): 529.9, ('outer', 'h2d'): 530.0, ('outer', 'csc'): 530.0, ('outer', 'count'): 530.1, ('outer', 'scan'): 530.1, ('outer', 'expand'): 530.1, ('outer', 'sort'): 530.2, ('outer', 'reduce'): 530.2, ('outer', 'final'): 530.3, ('outer', 'pack'): 530.3, ('outer', 'd2h'): 531.1, ('colw', 'start'): 531.5, ('colw', 'h2d'): 531.6, ('colw', 'csc'): 531.7, ('colw', 'count'): 531.7, ('colw', 'scan'): 531.7, ('colw', 'expand'): 531.8, ('colw', 'sort'): 531.8, ('colw', 'reduce'): 531.8, ('colw', 'final'): 531.9, ('colw', 'pack'): 531.9, ('colw', 'd2h'): 532.7, ('inner', 'start'): 533.1, ('inner', 'h2d'): 533.2, ('inner', 'csc'): 533.3, ('inner', 'count'): 533.3, ('inner', 'scan'): 533.4, ('inner', 'expand'): 533.4, ('inner', 'sort'): 533.4, ('inner', 'reduce'): 533.5, ('inner', 'final'): 533.5, ('inner', 'numeric'): 533.6, ('inner', 'pack'): 533.6, ('inner', 'd2h'): 534.4}"
Highly sparse,bcspwr05,443,1623,0.8270105834934192,4249,4249,4249,4249,4249,0.0,,0.10000000000002274,0.10000000000002274,0.0999999999999659,0.6000000000000227,0.30000000000001137,1.043,,,,,1.031,,1.108,1.063,1.112,"{('cu', 'start'): 459.3, ('cu', 'h2d'): 459.4, ('cu', 'workest'): 459.5, ('cu', 'compute'): 459.6, ('cu', 'copy'): 459.7, ('cu', 'pack'): 459.7, ('cu', 'd2h'): 460.3, ('gust', 'start'): 460.6, ('gust', 'h2d'): 460.7, ('gust', 'count'): 460.7, ('gust', 'scan'): 460.8, ('gust', 'expand'): 460.8, ('gust', 'sort'): 460.9, ('gust', 'reduce'): 460.9, ('gust', 'final'): 461.0, ('gust', 'pack'): 461.0, ('gust', 'd2h'): 461.6, ('outer', 'start'): 461.9, ('outer', 'h2d'): 462.0, ('outer', 'csc'): 462.0, ('outer', 'count'): 462.1, ('outer', 'scan'): 462.1, ('outer', 'expand'): 462.1, ('outer', 'sort'): 462.2, ('outer', 'reduce'): 462.2, ('outer', 'final'): 462.3, ('outer', 'pack'): 462.3, ('outer', 'd2h'): 462.9, ('colw', 'start'): 463.3, ('colw', 'h2d'): 463.3, ('colw', 'csc'): 463.4, ('colw', 'count'): 463.4, ('colw', 'scan'): 463.4, ('colw', 'expand'): 463.5, ('colw', 'sort'): 463.6, ('colw', 'reduce'): 463.6, ('colw', 'final'): 463.6, ('colw', 'pack'): 463.7, ('colw', 'd2h'): 464.2, ('inner', 'start'): 464.6, ('inner', 'h2d'): 464.6, ('inner', 'csc'): 464.7, ('inner', 'count'): 464.7, ('inner', 'scan'): 464.8, ('inner', 'expand'): 464.8, ('inner', 'sort'): 464.9, ('inner', 'reduce'): 464.9, ('inner', 'final'): 465.0, ('inner', 'numeric'): 465.0, ('inner', 'pack'): 465.0, ('inner', 'd2h'): 465.6}"
Highly sparse,bcsstk26,1922,30336,0.8212049319939666,92530,92530,92530,92530,92530,0.0,,0.09999999999990905,0.40000000000009095,0.09999999999990905,1.2000000000000455,0.599999999999909,2.058,,,,,2.456,,2.786,2.674,2.545,"{('cu', 'start'): 540.6, ('cu', 'h2d'): 540.7, ('cu', 'workest'): 540.8, ('cu', 'compute'): 541.2, ('cu', 'copy'): 541.3, ('cu', 'pack'): 541.3, ('cu', 'd2h'): 542.5, ('gust', 'start'): 542.9, ('gust', 'h2d'): 543.1, ('gust', 'count'): 543.1, ('gust', 'scan'): 543.2, ('gust', 'expand'): 543.3, ('gust', 'sort'): 543.7, ('gust', 'reduce'): 543.8, ('gust', 'final'): 544.2, ('gust', 'pack'): 544.2, ('gust', 'd2h'): 545.3, ('outer', 'start'): 545.7, ('outer', 'h2d'): 545.8, ('outer', 'csc'): 545.9, ('outer', 'count'): 545.9, ('outer', 'scan'): 546.0, ('outer', 'expand'): 546.2, ('outer', 'sort'): 546.5, ('outer', 'reduce'): 546.7, ('outer', 'final'): 546.9, ('outer', 'pack'): 546.9, ('outer', 'd2h'): 548.2, ('colw', 'start'): 548.8, ('colw', 'h2d'): 548.9, ('colw', 'csc'): 549.0, ('colw', 'count'): 549.0, ('colw', 'scan'): 549.1, ('colw', 'expand'): 549.3, ('colw', 'sort'): 549.6, ('colw', 'reduce'): 549.7, ('colw', 'final'): 550.0, ('colw', 'pack'): 550.0, ('colw', 'd2h'): 551.2, ('inner', 'start'): 551.7, ('inner', 'h2d'): 551.9, ('inner', 'csc'): 552.0, ('inner', 'count'): 552.0, ('inner', 'scan'): 552.0, ('inner', 'expand'): 552.2, ('inner', 'sort'): 552.5, ('inner', 'reduce'): 552.7, ('inner', 'final'): 552.9, ('inner', 'numeric'): 553.1, ('inner', 'pack'): 553.1, ('inner', 'd2h'): 554.2}"
Highly sparse,bcsstk33,8738,591904,0.775223972597465,2569536,2569536,2569536,2569536,2569536,0.0,,0.3000000000000682,2.2999999999999545,0.20000000000004547,9.600000000000023,2.800000000000068,13.518,,,,,18.243,,18.336,18.432,19.259,"{('cu', 'start'): 682.2, ('cu', 'h2d'): 682.9, ('cu', 'workest'): 683.2, ('cu', 'compute'): 685.5, ('cu', 'copy'): 685.7, ('cu', 'pack'): 685.8, ('cu', 'd2h'): 695.4, ('gust', 'start'): 697.6, ('gust', 'h2d'): 698.3, ('gust', 'count'): 698.5, ('gust', 'scan'): 698.5, ('gust', 'expand'): 699.2, ('gust', 'sort'): 704.7, ('gust', 'reduce'): 705.2, ('gust', 'final'): 706.3, ('gust', 'pack'): 706.3, ('gust', 'd2h'): 715.4, ('outer', 'start'): 717.8, ('outer', 'h2d'): 718.5, ('outer', 'csc'): 718.9, ('outer', 'count'): 718.9, ('outer', 'scan'): 719.0, ('outer', 'expand'): 719.5, ('outer', 'sort'): 724.9, ('outer', 'reduce'): 725.4, ('outer', 'final'): 726.1, ('outer', 'pack'): 726.2, ('outer', 'd2h'): 735.3, ('colw', 'start'): 738.1, ('colw', 'h2d'): 738.8, ('colw', 'csc'): 739.3, ('colw', 'count'): 739.4, ('colw', 'scan'): 739.4, ('colw', 'expand'): 740.0, ('colw', 'sort'): 745.4, ('colw', 'reduce'): 746.0, ('colw', 'final'): 746.6, ('colw', 'pack'): 746.7, ('colw', 'd2h'): 755.7, ('inner', 'start'): 758.5, ('inner', 'h2d'): 759.2, ('inner', 'csc'): 759.6, ('inner', 'count'): 759.6, ('inner', 'scan'): 759.7, ('inner', 'expand'): 760.3, ('inner', 'sort'): 765.8, ('inner', 'reduce'): 766.3, ('inner', 'final'): 767.0, ('inner', 'numeric'): 767.9, ('inner', 'pack'): 768.0, ('inner', 'd2h'): 777.1}"
Highly sparse,bcsstm04,132,132,0.7575757575757576,132,132,132,132,132,0.0,,0.09999999999990905,0.20000000000004547,0.10000000000002274,0.7999999999999545,0.39999999999997726,1.398,,,,,1.295,,1.377,1.332,1.415,"{('cu', 'start'): 518.2, ('cu', 'h2d'): 518.2, ('cu', 'workest'): 518.3, ('cu', 'compute'): 518.5, ('cu', 'copy'): 518.6, ('cu', 'pack'): 518.6, ('cu', 'd2h'): 519.4, ('gust', 'start'): 519.8, ('gust', 'h2d'): 519.9, ('gust', 'count'): 520.0, ('gust', 'scan'): 520.0, ('gust', 'expand'): 520.0, ('gust', 'sort'): 520.1, ('gust', 'reduce'): 520.1, ('gust', 'final'): 520.2, ('gust', 'pack'): 520.2, ('gust', 'd2h'): 521.0, ('outer', 'start'): 521.4, ('outer', 'h2d'): 521.5, ('outer', 'csc'): 521.6, ('outer', 'count'): 521.6, ('outer', 'scan'): 521.6, ('outer', 'expand'): 521.6, ('outer', 'sort'): 521.7, ('outer', 'reduce'): 521.7, ('outer', 'final'): 521.8, ('outer', 'pack'): 521.8, ('outer', 'd2h'): 522.6, ('colw', 'start'): 523.1, ('colw', 'h2d'): 523.2, ('colw', 'csc'): 523.2, ('colw', 'count'): 523.3, ('colw', 'scan'): 523.3, ('colw', 'expand'): 523.3, ('colw', 'sort'): 523.4, ('colw', 'reduce'): 523.4, ('colw', 'final'): 523.5, ('colw', 'pack'): 523.5, ('colw', 'd2h'): 524.3, ('inner', 'start'): 524.7, ('inner', 'h2d'): 524.8, ('inner', 'csc'): 524.9, ('inner', 'count'): 524.9, ('inner', 'scan'): 525.0, ('inner', 'expand'): 525.0, ('inner', 'sort'): 525.0, ('inner', 'reduce'): 525.1, ('inner', 'final'): 525.1, ('inner', 'numeric'): 525.1, ('inner', 'pack'): 525.2, ('inner', 'd2h'): 526.0}"
Highly sparse,bcsstk15,3948,117816,0.7558750073139261,527688,527688,527688,527688,527688,0.0,,0.2999999999999545,0.7000000000000455,0.20000000000004547,2.900000000000091,1.2000000000000455,4.584,,,,,5.113,,5.12,5.26,5.215,"{('cu', 'start'): 564.3, ('cu', 'h2d'): 564.5, ('cu', 'workest'): 564.8, ('cu', 'compute'): 565.5, ('cu', 'copy'): 565.7, ('cu', 'pack'): 565.8, ('cu', 'd2h'): 568.7, ('gust', 'start'): 569.3, ('gust', 'h2d'): 569.5, ('gust', 'count'): 569.6, ('gust', 'scan'): 569.7, ('gust', 'expand'): 569.9, ('gust', 'sort'): 570.7, ('gust', 'reduce'): 570.9, ('gust', 'final'): 571.5, ('gust', 'pack'): 571.6, ('gust', 'd2h'): 574.1, ('outer', 'start'): 574.9, ('outer', 'h2d'): 575.1, ('outer', 'csc'): 575.3, ('outer', 'count'): 575.3, ('outer', 'scan'): 575.3, ('outer', 'expand'): 575.6, ('outer', 'sort'): 576.4, ('outer', 'reduce'): 576.6, ('outer', 'final'): 577.0, ('outer', 'pack'): 577.1, ('outer', 'd2h'): 579.5, ('colw', 'start'): 580.5, ('colw', 'h2d'): 580.7, ('colw', 'csc'): 580.9, ('colw', 'count'): 580.9, ('colw', 'scan'): 580.9, ('colw', 'expand'): 581.3, ('colw', 'sort'): 582.0, ('colw', 'reduce'): 582.2, ('colw', 'final'): 582.6, ('colw', 'pack'): 582.7, ('colw', 'd2h'): 585.2, ('inner', 'start'): 586.2, ('inner', 'h2d'): 586.4, ('inner', 'csc'): 586.6, ('inner', 'count'): 586.6, ('inner', 'scan'): 586.7, ('inner', 'expand'): 587.0, ('inner', 'sort'): 587.7, ('inner', 'reduce'): 587.9, ('inner', 'final'): 588.3, ('inner', 'numeric'): 588.5, ('inner', 'pack'): 588.6, ('inner', 'd2h'): 591.1}"
Highly sparse,bcsstm22,138,138,0.7246376811594203,138,138,138,138,138,0.0,,0.10000000000002274,0.1999999999999318,0.0,0.8000000000000682,0.2999999999999545,1.367,,,,,1.237,,1.323,1.28,1.334,"{('cu', 'start'): 525.0, ('cu', 'h2d'): 525.1, ('cu', 'workest'): 525.2, ('cu', 'compute'): 525.4, ('cu', 'copy'): 525.4, ('cu', 'pack'): 525.4, ('cu', 'd2h'): 526.2, ('gust', 'start'): 526.6, ('gust', 'h2d'): 526.7, ('gust', 'count'): 526.8, ('gust', 'scan'): 526.8, ('gust', 'expand'): 526.8, ('gust', 'sort'): 526.9, ('gust', 'reduce'): 526.9, ('gust', 'final'): 527.0, ('gust', 'pack'): 527.0, ('gust', 'd2h'): 527.8, ('outer', 'start'): 528.1, ('outer', 'h2d'): 528.2, ('outer', 'csc'): 528.3, ('outer', 'count'): 528.3, ('outer', 'scan'): 528.4, ('outer', 'expand'): 528.4, ('outer', 'sort'): 528.4, ('outer', 'reduce'): 528.5, ('outer', 'final'): 528.5, ('outer', 'pack'): 528.6, ('outer', 'd2h'): 529.3, ('colw', 'start'): 529.7, ('colw', 'h2d'): 529.8, ('colw', 'csc'): 529.9, ('colw', 'count'): 529.9, ('colw', 'scan'): 530.0, ('colw', 'expand'): 530.0, ('colw', 'sort'): 530.0, ('colw', 'reduce'): 530.1, ('colw', 'final'): 530.1, ('colw', 'pack'): 530.1, ('colw', 'd2h'): 530.9, ('inner', 'start'): 531.4, ('inner', 'h2d'): 531.4, ('inner', 'csc'): 531.5, ('inner', 'count'): 531.5, ('inner', 'scan'): 531.6, ('inner', 'expand'): 531.6, ('inner', 'sort'): 531.6, ('inner', 'reduce'): 531.7, ('inner', 'final'): 531.7, ('inner', 'numeric'): 531.7, ('inner', 'pack'): 531.8, ('inner', 'd2h'): 532.6}"
Highly sparse,bp_1600,822,4841,0.7164591732229859,23625,23625,23625,23625,23625,0.0,,0.10000000000002274,0.20000000000004547,0.10000000000002274,0.8999999999999773,0.40000000000009095,1.482,,,,,1.491,,1.646,1.572,1.777,"{('cu', 'start'): 520.2, ('cu', 'h2d'): 520.3, ('cu', 'workest'): 520.4, ('cu', 'compute'): 520.6, ('cu', 'copy'): 520.7, ('cu', 'pack'): 520.7, ('cu', 'd2h'): 521.6, ('gust', 'start'): 522.0, ('gust', 'h2d'): 522.1, ('gust', 'count'): 522.2, ('gust', 'scan'): 522.2, ('gust', 'expand'): 522.3, ('gust', 'sort'): 522.4, ('gust', 'reduce'): 522.4, ('gust', 'final'): 522.5, ('gust', 'pack'): 522.5, ('gust', 'd2h'): 523.4, ('outer', 'start'): 523.8, ('outer', 'h2d'): 523.9, ('outer', 'csc'): 524.1, ('outer', 'count'): 524.1, ('outer', 'scan'): 524.2, ('outer', 'expand'): 524.2, ('outer', 'sort'): 524.3, ('outer', 'reduce'): 524.4, ('outer', 'final'): 524.4, ('outer', 'pack'): 524.4, ('outer', 'd2h'): 525.3, ('colw', 'start'): 525.7, ('colw', 'h2d'): 525.8, ('colw', 'csc'): 526.0, ('colw', 'count'): 526.0, ('colw', 'scan'): 526.1, ('colw', 'expand'): 526.1, ('colw', 'sort'): 526.2, ('colw', 'reduce'): 526.3, ('colw', 'final'): 526.3, ('colw', 'pack'): 526.3, ('colw', 'd2h'): 527.2, ('inner', 'start'): 527.6, ('inner', 'h2d'): 527.7, ('inner', 'csc'): 527.9, ('inner', 'count'): 527.9, ('inner', 'scan'): 527.9, ('inner', 'expand'): 528.0, ('inner', 'sort'): 528.1, ('inner', 'reduce'): 528.2, ('inner', 'final'): 528.2, ('inner', 'numeric'): 528.3, ('inner', 'pack'): 528.4, ('inner', 'd2h'): 529.2}"
Highly sparse,bp_1400,822,4790,0.7089112662132002,23154,23154,23154,23154,23154,0.0,,0.10000000000002274,0.1999999999999318,0.0,0.7000000000000455,0.2999999999999545,1.159,,,,,1.153,,1.299,1.242,1.437,"{('cu', 'start'): 529.1, ('cu', 'h2d'): 529.1, ('cu', 'workest'): 529.2, ('cu', 'compute'): 529.4, ('cu', 'copy'): 529.4, ('cu', 'pack'): 529.4, ('cu', 'd2h'): 530.1, ('gust', 'start'): 530.5, ('gust', 'h2d'): 530.6, ('gust', 'count'): 530.6, ('gust', 'scan'): 530.6, ('gust', 'expand'): 530.7, ('gust', 'sort'): 530.8, ('gust', 'reduce'): 530.8, ('gust', 'final'): 530.9, ('gust', 'pack'): 530.9, ('gust', 'd2h'): 531.5, ('outer', 'start'): 531.9, ('outer', 'h2d'): 532.0, ('outer', 'csc'): 532.1, ('outer', 'count'): 532.1, ('outer', 'scan'): 532.2, ('outer', 'expand'): 532.2, ('outer', 'sort'): 532.3, ('outer', 'reduce'): 532.4, ('outer', 'final'): 532.4, ('outer', 'pack'): 532.4, ('outer', 'd2h'): 533.1, ('colw', 'start'): 533.4, ('colw', 'h2d'): 533.5, ('colw', 'csc'): 533.7, ('colw', 'count'): 533.7, ('colw', 'scan'): 533.7, ('colw', 'expand'): 533.7, ('colw', 'sort'): 533.8, ('colw', 'reduce'): 533.9, ('colw', 'final'): 533.9, ('colw', 'pack'): 533.9, ('colw', 'd2h'): 534.6, ('inner', 'start'): 534.9, ('inner', 'h2d'): 535.0, ('inner', 'csc'): 535.2, ('inner', 'count'): 535.2, ('inner', 'scan'): 535.2, ('inner', 'expand'): 535.3, ('inner', 'sort'): 535.4, ('inner', 'reduce'): 535.4, ('inner', 'final'): 535.5, ('inner', 'numeric'): 535.6, ('inner', 'pack'): 535.6, ('inner', 'd2h'): 536.3}"
Highly sparse,bp_1200,822,4726,0.6994393829068026,22313,22313,22313,22313,22313,0.0,,0.10000000000002274,0.1999999999999318,0.10000000000002274,0.8999999999999773,0.39999999999997726,1.537,,,,,1.511,,1.702,1.647,1.833,"{('cu', 'start'): 551.9, ('cu', 'h2d'): 552.0, ('cu', 'workest'): 552.1, ('cu', 'compute'): 552.3, ('cu', 'copy'): 552.4, ('cu', 'pack'): 552.4, ('cu', 'd2h'): 553.3, ('gust', 'start'): 553.7, ('gust', 'h2d'): 553.8, ('gust', 'count'): 553.9, ('gust', 'scan'): 553.9, ('gust', 'expand'): 554.0, ('gust', 'sort'): 554.1, ('gust', 'reduce'): 554.2, ('gust', 'final'): 554.2, ('gust', 'pack'): 554.3, ('gust', 'd2h'): 555.1, ('outer', 'start'): 555.5, ('outer', 'h2d'): 555.6, ('outer', 'csc'): 555.8, ('outer', 'count'): 555.8, ('outer', 'scan'): 555.9, ('outer', 'expand'): 555.9, ('outer', 'sort'): 556.1, ('outer', 'reduce'): 556.1, ('outer', 'final'): 556.2, ('outer', 'pack'): 556.2, ('outer', 'd2h'): 557.1, ('colw', 'start'): 557.5, ('colw', 'h2d'): 557.6, ('colw', 'csc'): 557.8, ('colw', 'count'): 557.8, ('colw', 'scan'): 557.9, ('colw', 'expand'): 557.9, ('colw', 'sort'): 558.0, ('colw', 'reduce'): 558.1, ('colw', 'final'): 558.1, ('colw', 'pack'): 558.2, ('colw', 'd2h'): 559.0, ('inner', 'start'): 559.4, ('inner', 'h2d'): 559.6, ('inner', 'csc'): 559.7, ('inner', 'count'): 559.8, ('inner', 'scan'): 559.8, ('inner', 'expand'): 559.9, ('inner', 'sort'): 560.0, ('inner', 'reduce'): 560.1, ('inner', 'final'): 560.1, ('inner', 'numeric'): 560.3, ('inner', 'pack'): 560.3, ('inner', 'd2h'): 561.2}"
Highly sparse,685_bus,685,3249,0.6924183494059353,9337,9337,9337,9337,9337,0.0,,0.0,0.19999999999998863,0.0,0.6999999999999886,0.19999999999998863,1.028,,,,,1.025,,1.1,1.068,1.1,"{('cu', 'start'): 466.2, ('cu', 'h2d'): 466.3, ('cu', 'workest'): 466.3, ('cu', 'compute'): 466.5, ('cu', 'copy'): 466.5, ('cu', 'pack'): 466.5, ('cu', 'd2h'): 467.2, ('gust', 'start'): 467.5, ('gust', 'h2d'): 467.6, ('gust', 'count'): 467.6, ('gust', 'scan'): 467.6, ('gust', 'expand'): 467.6, ('gust', 'sort'): 467.7, ('gust', 'reduce'): 467.8, ('gust', 'final'): 467.8, ('gust', 'pack'): 467.8, ('gust', 'd2h'): 468.4, ('outer', 'start'): 468.8, ('outer', 'h2d'): 468.8, ('outer', 'csc'): 468.9, ('outer', 'count'): 468.9, ('outer', 'scan'): 468.9, ('outer', 'expand'): 468.9, ('outer', 'sort'): 469.0, ('outer', 'reduce'): 469.1, ('outer', 'final'): 469.1, ('outer', 'pack'): 469.1, ('outer', 'd2h'): 469.8, ('colw', 'start'): 470.1, ('colw', 'h2d'): 470.2, ('colw', 'csc'): 470.2, ('colw', 'count'): 470.2, ('colw', 'scan'): 470.3, ('colw', 'expand'): 470.3, ('colw', 'sort'): 470.4, ('colw', 'reduce'): 470.4, ('colw', 'final'): 470.5, ('colw', 'pack'): 470.5, ('colw', 'd2h'): 471.1, ('inner', 'start'): 471.4, ('inner', 'h2d'): 471.5, ('inner', 'csc'): 471.5, ('inner', 'count'): 471.6, ('inner', 'scan'): 471.6, ('inner', 'expand'): 471.6, ('inner', 'sort'): 471.7, ('inner', 'reduce'): 471.7, ('inner', 'final'): 471.8, ('inner', 'numeric'): 471.8, ('inner', 'pack'): 471.8, ('inner', 'd2h'): 472.4}"
Highly sparse,bp_1000,822,4661,0.6898195014237425,21373,21373,21373,21373,21373,0.0,,0.09999999999990905,0.20000000000004547,0.10000000000002274,0.8999999999999773,0.39999999999997726,1.494,,,,,1.485,,1.642,1.607,1.804,"{('cu', 'start'): 521.6, ('cu', 'h2d'): 521.7, ('cu', 'workest'): 521.8, ('cu', 'compute'): 522.0, ('cu', 'copy'): 522.1, ('cu', 'pack'): 522.1, ('cu', 'd2h'): 523.0, ('gust', 'start'): 523.4, ('gust', 'h2d'): 523.5, ('gust', 'count'): 523.5, ('gust', 'scan'): 523.6, ('gust', 'expand'): 523.6, ('gust', 'sort'): 523.8, ('gust', 'reduce'): 523.8, ('gust', 'final'): 523.9, ('gust', 'pack'): 523.9, ('gust', 'd2h'): 524.7, ('outer', 'start'): 525.2, ('outer', 'h2d'): 525.3, ('outer', 'csc'): 525.5, ('outer', 'count'): 525.5, ('outer', 'scan'): 525.5, ('outer', 'expand'): 525.6, ('outer', 'sort'): 525.7, ('outer', 'reduce'): 525.8, ('outer', 'final'): 525.8, ('outer', 'pack'): 525.8, ('outer', 'd2h'): 526.7, ('colw', 'start'): 527.1, ('colw', 'h2d'): 527.2, ('colw', 'csc'): 527.4, ('colw', 'count'): 527.4, ('colw', 'scan'): 527.5, ('colw', 'expand'): 527.5, ('colw', 'sort'): 527.6, ('colw', 'reduce'): 527.6, ('colw', 'final'): 527.7, ('colw', 'pack'): 527.7, ('colw', 'd2h'): 528.6, ('inner', 'start'): 529.0, ('inner', 'h2d'): 529.1, ('inner', 'csc'): 529.3, ('inner', 'count'): 529.3, ('inner', 'scan'): 529.4, ('inner', 'expand'): 529.4, ('inner', 'sort'): 529.5, ('inner', 'reduce'): 529.6, ('inner', 'final'): 529.6, ('inner', 'numeric'): 529.8, ('inner', 'pack'): 529.8, ('inner', 'd2h'): 530.6}"
Highly sparse,494_bus,494,1666,0.6826861610582045,4062,4062,4062,4062,4062,0.0,,0.0999999999999659,0.10000000000002274,0.0999999999999659,0.6000000000000227,0.2999999999999545,1.048,,,,,1.058,,1.127,1.091,1.119,"{('cu', 'start'): 466.5, ('cu', 'h2d'): 466.6, ('cu', 'workest'): 466.7, ('cu', 'compute'): 466.8, ('cu', 'copy'): 466.9, ('cu', 'pack'): 466.9, ('cu', 'd2h'): 467.5, ('gust', 'start'): 467.8, ('gust', 'h2d'): 467.9, ('gust', 'count'): 467.9, ('gust', 'scan'): 468.0, ('gust', 'expand'): 468.0, ('gust', 'sort'): 468.1, ('gust', 'reduce'): 468.1, ('gust', 'final'): 468.2, ('gust', 'pack'): 468.2, ('gust', 'd2h'): 468.8, ('outer', 'start'): 469.1, ('outer', 'h2d'): 469.2, ('outer', 'csc'): 469.3, ('outer', 'count'): 469.3, ('outer', 'scan'): 469.3, ('outer', 'expand'): 469.3, ('outer', 'sort'): 469.4, ('outer', 'reduce'): 469.5, ('outer', 'final'): 469.5, ('outer', 'pack'): 469.5, ('outer', 'd2h'): 470.2, ('colw', 'start'): 470.5, ('colw', 'h2d'): 470.6, ('colw', 'csc'): 470.6, ('colw', 'count'): 470.7, ('colw', 'scan'): 470.7, ('colw', 'expand'): 470.7, ('colw', 'sort'): 470.8, ('colw', 'reduce'): 470.8, ('colw', 'final'): 470.9, ('colw', 'pack'): 470.9, ('colw', 'd2h'): 471.5, ('inner', 'start'): 471.8, ('inner', 'h2d'): 471.9, ('inner', 'csc'): 472.0, ('inner', 'count'): 472.0, ('inner', 'scan'): 472.0, ('inner', 'expand'): 472.0, ('inner', 'sort'): 472.1, ('inner', 'reduce'): 472.2, ('inner', 'final'): 472.2, ('inner', 'numeric'): 472.2, ('inner', 'pack'): 472.3, ('inner', 'd2h'): 472.9}"
Highly sparse,bp_800,822,4534,0.6710237329876096,20224,20224,20224,20224,20224,0.0,,0.10000000000002274,0.20000000000004547,0.0,0.8000000000000682,0.3000000000000682,1.516,,,,,1.501,,1.701,1.628,1.788,"{('cu', 'start'): 564.2, ('cu', 'h2d'): 564.4, ('cu', 'workest'): 564.5, ('cu', 'compute'): 564.7, ('cu', 'copy'): 564.7, ('cu', 'pack'): 564.8, ('cu', 'd2h'): 565.6, ('gust', 'start'): 566.0, ('gust', 'h2d'): 566.1, ('gust', 'count'): 566.2, ('gust', 'scan'): 566.2, ('gust', 'expand'): 566.3, ('gust', 'sort'): 566.4, ('gust', 'reduce'): 566.5, ('gust', 'final'): 566.5, ('gust', 'pack'): 566.6, ('gust', 'd2h'): 567.4, ('outer', 'start'): 567.8, ('outer', 'h2d'): 567.9, ('outer', 'csc'): 568.1, ('outer', 'count'): 568.1, ('outer', 'scan'): 568.2, ('outer', 'expand'): 568.2, ('outer', 'sort'): 568.3, ('outer', 'reduce'): 568.4, ('outer', 'final'): 568.5, ('outer', 'pack'): 568.5, ('outer', 'd2h'): 569.3, ('colw', 'start'): 569.8, ('colw', 'h2d'): 569.9, ('colw', 'csc'): 570.1, ('colw', 'count'): 570.1, ('colw', 'scan'): 570.2, ('colw', 'expand'): 570.2, ('colw', 'sort'): 570.3, ('colw', 'reduce'): 570.4, ('colw', 'final'): 570.4, ('colw', 'pack'): 570.5, ('colw', 'd2h'): 571.3, ('inner', 'start'): 571.7, ('inner', 'h2d'): 571.8, ('inner', 'csc'): 572.0, ('inner', 'count'): 572.0, ('inner', 'scan'): 572.1, ('inner', 'expand'): 572.1, ('inner', 'sort'): 572.2, ('inner', 'reduce'): 572.3, ('inner', 'final'): 572.3, ('inner', 'numeric'): 572.5, ('inner', 'pack'): 572.5, ('inner', 'd2h'): 573.3}"
Highly sparse,bcsstm05,153,153,0.6535947712418301,153,153,153,153,153,0.0,,0.0,0.20000000000004547,0.09999999999990905,0.8000000000000682,0.2999999999999545,1.339,,,,,1.245,,1.359,1.3,1.323,"{('cu', 'start'): 530.9, ('cu', 'h2d'): 531.0, ('cu', 'workest'): 531.0, ('cu', 'compute'): 531.2, ('cu', 'copy'): 531.3, ('cu', 'pack'): 531.3, ('cu', 'd2h'): 532.1, ('gust', 'start'): 532.5, ('gust', 'h2d'): 532.6, ('gust', 'count'): 532.6, ('gust', 'scan'): 532.6, ('gust', 'expand'): 532.7, ('gust', 'sort'): 532.7, ('gust', 'reduce'): 532.8, ('gust', 'final'): 532.8, ('gust', 'pack'): 532.8, ('gust', 'd2h'): 533.6, ('outer', 'start'): 534.0, ('outer', 'h2d'): 534.1, ('outer', 'csc'): 534.2, ('outer', 'count'): 534.2, ('outer', 'scan'): 534.3, ('outer', 'expand'): 534.3, ('outer', 'sort'): 534.3, ('outer', 'reduce'): 534.4, ('outer', 'final'): 534.4, ('outer', 'pack'): 534.4, ('outer', 'd2h'): 535.2, ('colw', 'start'): 535.7, ('colw', 'h2d'): 535.8, ('colw', 'csc'): 535.9, ('colw', 'count'): 535.9, ('colw', 'scan'): 536.0, ('colw', 'expand'): 536.0, ('colw', 'sort'): 536.0, ('colw', 'reduce'): 536.0, ('colw', 'final'): 536.1, ('colw', 'pack'): 536.1, ('colw', 'd2h'): 536.9, ('inner', 'start'): 537.3, ('inner', 'h2d'): 537.4, ('inner', 'csc'): 537.4, ('inner', 'count'): 537.5, ('inner', 'scan'): 537.5, ('inner', 'expand'): 537.5, ('inner', 'sort'): 537.6, ('inner', 'reduce'): 537.6, ('inner', 'final'): 537.7, ('inner', 'numeric'): 537.7, ('inner', 'pack'): 537.7, ('inner', 'd2h'): 538.5}"
Highly sparse,bp_600,822,4172,0.6174483930357978,16464,16464,16464,16464,16464,0.0,,0.09999999999990905,0.20000000000004547,0.0,0.8999999999999773,0.2999999999999545,1.544,,,,,1.549,,1.658,1.623,1.822,"{('cu', 'start'): 526.6, ('cu', 'h2d'): 526.7, ('cu', 'workest'): 526.8, ('cu', 'compute'): 527.0, ('cu', 'copy'): 527.0, ('cu', 'pack'): 527.1, ('cu', 'd2h'): 528.0, ('gust', 'start'): 528.4, ('gust', 'h2d'): 528.6, ('gust', 'count'): 528.6, ('gust', 'scan'): 528.7, ('gust', 'expand'): 528.7, ('gust', 'sort'): 528.8, ('gust', 'reduce'): 528.9, ('gust', 'final'): 528.9, ('gust', 'pack'): 528.9, ('gust', 'd2h'): 529.9, ('outer', 'start'): 530.3, ('outer', 'h2d'): 530.4, ('outer', 'csc'): 530.6, ('outer', 'count'): 530.6, ('outer', 'scan'): 530.6, ('outer', 'expand'): 530.7, ('outer', 'sort'): 530.8, ('outer', 'reduce'): 530.8, ('outer', 'final'): 530.9, ('outer', 'pack'): 530.9, ('outer', 'd2h'): 531.8, ('colw', 'start'): 532.2, ('colw', 'h2d'): 532.4, ('colw', 'csc'): 532.5, ('colw', 'count'): 532.6, ('colw', 'scan'): 532.6, ('colw', 'expand'): 532.6, ('colw', 'sort'): 532.7, ('colw', 'reduce'): 532.8, ('colw', 'final'): 532.8, ('colw', 'pack'): 532.8, ('colw', 'd2h'): 533.7, ('inner', 'start'): 534.2, ('inner', 'h2d'): 534.3, ('inner', 'csc'): 534.5, ('inner', 'count'): 534.5, ('inner', 'scan'): 534.5, ('inner', 'expand'): 534.6, ('inner', 'sort'): 534.7, ('inner', 'reduce'): 534.7, ('inner', 'final'): 534.8, ('inner', 'numeric'): 534.9, ('inner', 'pack'): 534.9, ('inner', 'd2h'): 535.8}"
Highly sparse,bp_400,822,4028,0.596136655596403,15238,15238,15238,15238,15238,0.0,,0.10000000000002274,0.1999999999999318,0.0,0.8999999999999773,0.2999999999999545,1.518,,,,,1.538,,1.722,1.636,1.815,"{('cu', 'start'): 535.4, ('cu', 'h2d'): 535.5, ('cu', 'workest'): 535.6, ('cu', 'compute'): 535.8, ('cu', 'copy'): 535.8, ('cu', 'pack'): 535.9, ('cu', 'd2h'): 536.8, ('gust', 'start'): 537.2, ('gust', 'h2d'): 537.3, ('gust', 'count'): 537.4, ('gust', 'scan'): 537.4, ('gust', 'expand'): 537.5, ('gust', 'sort'): 537.6, ('gust', 'reduce'): 537.7, ('gust', 'final'): 537.7, ('gust', 'pack'): 537.8, ('gust', 'd2h'): 538.6, ('outer', 'start'): 539.0, ('outer', 'h2d'): 539.1, ('outer', 'csc'): 539.3, ('outer', 'count'): 539.4, ('outer', 'scan'): 539.4, ('outer', 'expand'): 539.5, ('outer', 'sort'): 539.6, ('outer', 'reduce'): 539.6, ('outer', 'final'): 539.7, ('outer', 'pack'): 539.7, ('outer', 'd2h'): 540.6, ('colw', 'start'): 541.0, ('colw', 'h2d'): 541.2, ('colw', 'csc'): 541.3, ('colw', 'count'): 541.4, ('colw', 'scan'): 541.4, ('colw', 'expand'): 541.4, ('colw', 'sort'): 541.6, ('colw', 'reduce'): 541.6, ('colw', 'final'): 541.7, ('colw', 'pack'): 541.7, ('colw', 'd2h'): 542.5, ('inner', 'start'): 543.0, ('inner', 'h2d'): 543.1, ('inner', 'csc'): 543.3, ('inner', 'count'): 543.3, ('inner', 'scan'): 543.4, ('inner', 'expand'): 543.4, ('inner', 'sort'): 543.5, ('inner', 'reduce'): 543.6, ('inner', 'final'): 543.6, ('inner', 'numeric'): 543.8, ('inner', 'pack'): 543.8, ('inner', 'd2h'): 544.6}"
Highly sparse,662_bus,662,2474,0.5645256980129791,6480,6480,6480,6480,6480,0.0,,0.0,0.19999999999998863,0.0,0.6999999999999886,0.19999999999998863,1.027,,,,,1.036,,1.089,1.078,1.106,"{('cu', 'start'): 481.2, ('cu', 'h2d'): 481.3, ('cu', 'workest'): 481.3, ('cu', 'compute'): 481.5, ('cu', 'copy'): 481.5, ('cu', 'pack'): 481.5, ('cu', 'd2h'): 482.2, ('gust', 'start'): 482.5, ('gust', 'h2d'): 482.5, ('gust', 'count'): 482.6, ('gust', 'scan'): 482.6, ('gust', 'expand'): 482.6, ('gust', 'sort'): 482.7, ('gust', 'reduce'): 482.8, ('gust', 'final'): 482.8, ('gust', 'pack'): 482.8, ('gust', 'd2h'): 483.4, ('outer', 'start'): 483.8, ('outer', 'h2d'): 483.8, ('outer', 'csc'): 483.9, ('outer', 'count'): 483.9, ('outer', 'scan'): 483.9, ('outer', 'expand'): 484.0, ('outer', 'sort'): 484.1, ('outer', 'reduce'): 484.1, ('outer', 'final'): 484.1, ('outer', 'pack'): 484.2, ('outer', 'd2h'): 484.8, ('colw', 'start'): 485.1, ('colw', 'h2d'): 485.2, ('colw', 'csc'): 485.2, ('colw', 'count'): 485.2, ('colw', 'scan'): 485.3, ('colw', 'expand'): 485.3, ('colw', 'sort'): 485.4, ('colw', 'reduce'): 485.4, ('colw', 'final'): 485.5, ('colw', 'pack'): 485.5, ('colw', 'd2h'): 486.1, ('inner', 'start'): 486.4, ('inner', 'h2d'): 486.5, ('inner', 'csc'): 486.5, ('inner', 'count'): 486.6, ('inner', 'scan'): 486.6, ('inner', 'expand'): 486.6, ('inner', 'sort'): 486.7, ('inner', 'reduce'): 486.8, ('inner', 'final'): 486.8, ('inner', 'numeric'): 486.8, ('inner', 'pack'): 486.8, ('inner', 'd2h'): 487.4}"
Highly sparse,bp_200,822,3802,0.5626890676706863,13197,13197,13197,13197,13197,0.0,,0.10000000000002274,0.1999999999999318,0.10000000000002274,0.7999999999999545,0.39999999999997726,1.385,,,,,1.378,,1.637,1.526,1.686,"{('cu', 'start'): 523.0, ('cu', 'h2d'): 523.1, ('cu', 'workest'): 523.2, ('cu', 'compute'): 523.4, ('cu', 'copy'): 523.5, ('cu', 'pack'): 523.5, ('cu', 'd2h'): 524.3, ('gust', 'start'): 524.7, ('gust', 'h2d'): 524.8, ('gust', 'count'): 524.8, ('gust', 'scan'): 524.9, ('gust', 'expand'): 524.9, ('gust', 'sort'): 525.1, ('gust', 'reduce'): 525.1, ('gust', 'final'): 525.2, ('gust', 'pack'): 525.2, ('gust', 'd2h'): 526.0, ('outer', 'start'): 526.4, ('outer', 'h2d'): 526.5, ('outer', 'csc'): 526.7, ('outer', 'count'): 526.7, ('outer', 'scan'): 526.7, ('outer', 'expand'): 526.8, ('outer', 'sort'): 526.9, ('outer', 'reduce'): 526.9, ('outer', 'final'): 527.0, ('outer', 'pack'): 527.0, ('outer', 'd2h'): 527.9, ('colw', 'start'): 528.3, ('colw', 'h2d'): 528.4, ('colw', 'csc'): 528.6, ('colw', 'count'): 528.6, ('colw', 'scan'): 528.7, ('colw', 'expand'): 528.7, ('colw', 'sort'): 528.8, ('colw', 'reduce'): 528.8, ('colw', 'final'): 528.9, ('colw', 'pack'): 528.9, ('colw', 'd2h'): 529.7, ('inner', 'start'): 530.1, ('inner', 'h2d'): 530.2, ('inner', 'csc'): 530.4, ('inner', 'count'): 530.4, ('inner', 'scan'): 530.5, ('inner', 'expand'): 530.5, ('inner', 'sort'): 530.6, ('inner', 'reduce'): 530.7, ('inner', 'final'): 530.7, ('inner', 'numeric'): 530.8, ('inner', 'pack'): 530.8, ('inner', 'd2h'): 531.7}"
Highly sparse,bcsstm13,2003,21943,0.5469329704893483,90811,90811,90811,90811,90811,0.0,,0.10000000000002274,0.5,0.0,1.2999999999999545,0.6000000000000227,2.226,,,,,2.648,,2.786,2.642,2.665,"{('cu', 'start'): 543.8, ('cu', 'h2d'): 543.9, ('cu', 'workest'): 544.0, ('cu', 'compute'): 544.5, ('cu', 'copy'): 544.5, ('cu', 'pack'): 544.6, ('cu', 'd2h'): 545.9, ('gust', 'start'): 546.3, ('gust', 'h2d'): 546.5, ('gust', 'count'): 546.5, ('gust', 'scan'): 546.5, ('gust', 'expand'): 546.8, ('gust', 'sort'): 547.1, ('gust', 'reduce'): 547.3, ('gust', 'final'): 547.7, ('gust', 'pack'): 547.7, ('gust', 'd2h'): 548.8, ('outer', 'start'): 549.3, ('outer', 'h2d'): 549.4, ('outer', 'csc'): 549.5, ('outer', 'count'): 549.5, ('outer', 'scan'): 549.6, ('outer', 'expand'): 549.8, ('outer', 'sort'): 550.1, ('outer', 'reduce'): 550.3, ('outer', 'final'): 550.5, ('outer', 'pack'): 550.6, ('outer', 'd2h'): 551.7, ('colw', 'start'): 552.4, ('colw', 'h2d'): 552.5, ('colw', 'csc'): 552.6, ('colw', 'count'): 552.6, ('colw', 'scan'): 552.7, ('colw', 'expand'): 552.9, ('colw', 'sort'): 553.2, ('colw', 'reduce'): 553.4, ('colw', 'final'): 553.6, ('colw', 'pack'): 553.6, ('colw', 'd2h'): 554.7, ('inner', 'start'): 555.3, ('inner', 'h2d'): 555.4, ('inner', 'csc'): 555.5, ('inner', 'count'): 555.5, ('inner', 'scan'): 555.6, ('inner', 'expand'): 555.8, ('inner', 'sort'): 556.1, ('inner', 'reduce'): 556.3, ('inner', 'final'): 556.5, ('inner', 'numeric'): 556.7, ('inner', 'pack'): 556.7, ('inner', 'd2h'): 557.8}"
Highly sparse,bp_0,822,3276,0.4848420267462305,9384,9384,9384,9384,9384,0.0,,0.10000000000002274,0.1999999999999318,0.0,0.900000000000091,0.2999999999999545,1.409,,,,,1.382,,1.55,1.538,1.62,"{('cu', 'start'): 530.9, ('cu', 'h2d'): 531.0, ('cu', 'workest'): 531.1, ('cu', 'compute'): 531.3, ('cu', 'copy'): 531.3, ('cu', 'pack'): 531.3, ('cu', 'd2h'): 532.2, ('gust', 'start'): 532.6, ('gust', 'h2d'): 532.7, ('gust', 'count'): 532.7, ('gust', 'scan'): 532.8, ('gust', 'expand'): 532.8, ('gust', 'sort'): 532.9, ('gust', 'reduce'): 533.0, ('gust', 'final'): 533.0, ('gust', 'pack'): 533.0, ('gust', 'd2h'): 533.8, ('outer', 'start'): 534.2, ('outer', 'h2d'): 534.3, ('outer', 'csc'): 534.5, ('outer', 'count'): 534.5, ('outer', 'scan'): 534.6, ('outer', 'expand'): 534.6, ('outer', 'sort'): 534.7, ('outer', 'reduce'): 534.8, ('outer', 'final'): 534.8, ('outer', 'pack'): 534.8, ('outer', 'd2h'): 535.6, ('colw', 'start'): 536.1, ('colw', 'h2d'): 536.2, ('colw', 'csc'): 536.4, ('colw', 'count'): 536.4, ('colw', 'scan'): 536.5, ('colw', 'expand'): 536.5, ('colw', 'sort'): 536.6, ('colw', 'reduce'): 536.6, ('colw', 'final'): 536.7, ('colw', 'pack'): 536.7, ('colw', 'd2h'): 537.5, ('inner', 'start'): 537.9, ('inner', 'h2d'): 538.0, ('inner', 'csc'): 538.2, ('inner', 'count'): 538.3, ('inner', 'scan'): 538.3, ('inner', 'expand'): 538.3, ('inner', 'sort'): 538.4, ('inner', 'reduce'): 538.5, ('inner', 'final'): 538.5, ('inner', 'numeric'): 538.6, ('inner', 'pack'): 538.6, ('inner', 'd2h'): 539.4}"
Highly sparse,bcsstk23,3134,45178,0.45996948062076437,220632,220632,220632,220632,220632,0.0,,0.10000000000002274,0.39999999999997726,0.20000000000004547,1.3999999999999773,0.7000000000000455,2.397,,,,,2.973,,3.123,3.032,3.02,"{('cu', 'start'): 579.9, ('cu', 'h2d'): 580.0, ('cu', 'workest'): 580.1, ('cu', 'compute'): 580.5, ('cu', 'copy'): 580.7, ('cu', 'pack'): 580.7, ('cu', 'd2h'): 582.1, ('gust', 'start'): 582.6, ('gust', 'h2d'): 582.7, ('gust', 'count'): 582.8, ('gust', 'scan'): 582.8, ('gust', 'expand'): 583.0, ('gust', 'sort'): 583.4, ('gust', 'reduce'): 583.6, ('gust', 'final'): 584.0, ('gust', 'pack'): 584.1, ('gust', 'd2h'): 585.3, ('outer', 'start'): 585.8, ('outer', 'h2d'): 586.0, ('outer', 'csc'): 586.1, ('outer', 'count'): 586.1, ('outer', 'scan'): 586.1, ('outer', 'expand'): 586.4, ('outer', 'sort'): 586.7, ('outer', 'reduce'): 586.9, ('outer', 'final'): 587.2, ('outer', 'pack'): 587.3, ('outer', 'd2h'): 588.5, ('colw', 'start'): 589.3, ('colw', 'h2d'): 589.4, ('colw', 'csc'): 589.5, ('colw', 'count'): 589.5, ('colw', 'scan'): 589.6, ('colw', 'expand'): 589.8, ('colw', 'sort'): 590.1, ('colw', 'reduce'): 590.3, ('colw', 'final'): 590.6, ('colw', 'pack'): 590.7, ('colw', 'd2h'): 591.9, ('inner', 'start'): 592.6, ('inner', 'h2d'): 592.7, ('inner', 'csc'): 592.8, ('inner', 'count'): 592.9, ('inner', 'scan'): 592.9, ('inner', 'expand'): 593.1, ('inner', 'sort'): 593.4, ('inner', 'reduce'): 593.6, ('inner', 'final'): 593.9, ('inner', 'numeric'): 594.1, ('inner', 'pack'): 594.2, ('inner', 'd2h'): 595.3}"
Highly sparse,bcsstk17,10974,428650,0.35593682023042417,1406936,1406936,1406936,1406936,1406936,0.0,,0.5,1.8999999999999773,0.20000000000004547,7.100000000000023,2.6000000000000227,10.688,,,,,12.279,,12.515,12.601,12.955,"{('cu', 'start'): 651.0, ('cu', 'h2d'): 651.6, ('cu', 'workest'): 652.1, ('cu', 'compute'): 654.0, ('cu', 'copy'): 654.2, ('cu', 'pack'): 654.3, ('cu', 'd2h'): 661.4, ('gust', 'start'): 662.8, ('gust', 'h2d'): 663.4, ('gust', 'count'): 663.7, ('gust', 'scan'): 663.7, ('gust', 'expand'): 664.2, ('gust', 'sort'): 666.9, ('gust', 'reduce'): 667.2, ('gust', 'final'): 667.9, ('gust', 'pack'): 668.1, ('gust', 'd2h'): 674.6, ('outer', 'start'): 676.1, ('outer', 'h2d'): 676.8, ('outer', 'csc'): 677.3, ('outer', 'count'): 677.3, ('outer', 'scan'): 677.4, ('outer', 'expand'): 677.7, ('outer', 'sort'): 680.3, ('outer', 'reduce'): 680.7, ('outer', 'final'): 681.2, ('outer', 'pack'): 681.3, ('outer', 'd2h'): 687.9, ('colw', 'start'): 689.8, ('colw', 'h2d'): 690.5, ('colw', 'csc'): 691.0, ('colw', 'count'): 691.0, ('colw', 'scan'): 691.1, ('colw', 'expand'): 691.4, ('colw', 'sort'): 694.1, ('colw', 'reduce'): 694.5, ('colw', 'final'): 695.0, ('colw', 'pack'): 695.1, ('colw', 'd2h'): 701.6, ('inner', 'start'): 703.5, ('inner', 'h2d'): 704.2, ('inner', 'csc'): 704.8, ('inner', 'count'): 704.8, ('inner', 'scan'): 704.8, ('inner', 'expand'): 705.2, ('inner', 'sort'): 707.9, ('inner', 'reduce'): 708.2, ('inner', 'final'): 708.8, ('inner', 'numeric'): 709.2, ('inner', 'pack'): 709.3, ('inner', 'd2h'): 715.9}"
Highly sparse,blckhole,2132,14872,0.3271861986912552,41546,41546,41546,41546,41546,0.0,,0.10000000000002274,0.2999999999999545,0.10000000000002274,1.1000000000000227,0.5,1.796,,,,,1.918,,1.947,1.951,1.968,"{('cu', 'start'): 533.0, ('cu', 'h2d'): 533.1, ('cu', 'workest'): 533.2, ('cu', 'compute'): 533.5, ('cu', 'copy'): 533.6, ('cu', 'pack'): 533.6, ('cu', 'd2h'): 534.7, ('gust', 'start'): 535.1, ('gust', 'h2d'): 535.2, ('gust', 'count'): 535.3, ('gust', 'scan'): 535.3, ('gust', 'expand'): 535.3, ('gust', 'sort'): 535.7, ('gust', 'reduce'): 535.8, ('gust', 'final'): 535.9, ('gust', 'pack'): 535.9, ('gust', 'd2h'): 536.8, ('outer', 'start'): 537.3, ('outer', 'h2d'): 537.4, ('outer', 'csc'): 537.5, ('outer', 'count'): 537.6, ('outer', 'scan'): 537.6, ('outer', 'expand'): 537.6, ('outer', 'sort'): 537.9, ('outer', 'reduce'): 538.0, ('outer', 'final'): 538.1, ('outer', 'pack'): 538.2, ('outer', 'd2h'): 539.1, ('colw', 'start'): 539.6, ('colw', 'h2d'): 539.7, ('colw', 'csc'): 539.8, ('colw', 'count'): 539.8, ('colw', 'scan'): 539.8, ('colw', 'expand'): 539.9, ('colw', 'sort'): 540.2, ('colw', 'reduce'): 540.3, ('colw', 'final'): 540.4, ('colw', 'pack'): 540.4, ('colw', 'd2h'): 541.3, ('inner', 'start'): 541.8, ('inner', 'h2d'): 541.9, ('inner', 'csc'): 542.0, ('inner', 'count'): 542.0, ('inner', 'scan'): 542.1, ('inner', 'expand'): 542.1, ('inner', 'sort'): 542.4, ('inner', 'reduce'): 542.5, ('inner', 'final'): 542.6, ('inner', 'numeric'): 542.6, ('inner', 'pack'): 542.6, ('inner', 'd2h'): 543.6}"
Highly sparse,bcsstk29,13992,619488,0.31642683346621986,1965686,1965686,1965686,1965686,1965686,0.0,,0.6000000000000227,2.5,0.1999999999999318,10.399999999999977,3.2999999999999545,15.333,,,,,18.15,,18.259,18.513,18.734,"{('cu', 'start'): 677.9, ('cu', 'h2d'): 679.1, ('cu', 'workest'): 679.7, ('cu', 'compute'): 682.2, ('cu', 'copy'): 682.4, ('cu', 'pack'): 682.5, ('cu', 'd2h'): 692.9, ('gust', 'start'): 694.8, ('gust', 'h2d'): 696.0, ('gust', 'count'): 696.3, ('gust', 'scan'): 696.3, ('gust', 'expand'): 696.9, ('gust', 'sort'): 701.0, ('gust', 'reduce'): 701.5, ('gust', 'final'): 702.4, ('gust', 'pack'): 702.5, ('gust', 'd2h'): 712.4, ('outer', 'start'): 714.6, ('outer', 'h2d'): 715.7, ('outer', 'csc'): 716.3, ('outer', 'count'): 716.4, ('outer', 'scan'): 716.4, ('outer', 'expand'): 716.8, ('outer', 'sort'): 720.9, ('outer', 'reduce'): 721.4, ('outer', 'final'): 722.0, ('outer', 'pack'): 722.1, ('outer', 'd2h'): 731.9, ('colw', 'start'): 734.4, ('colw', 'h2d'): 735.6, ('colw', 'csc'): 736.2, ('colw', 'count'): 736.2, ('colw', 'scan'): 736.3, ('colw', 'expand'): 736.8, ('colw', 'sort'): 740.8, ('colw', 'reduce'): 741.3, ('colw', 'final'): 741.9, ('colw', 'pack'): 742.0, ('colw', 'd2h'): 752.0, ('inner', 'start'): 754.6, ('inner', 'h2d'): 755.8, ('inner', 'csc'): 756.4, ('inner', 'count'): 756.4, ('inner', 'scan'): 756.4, ('inner', 'expand'): 756.9, ('inner', 'sort'): 761.0, ('inner', 'reduce'): 761.5, ('inner', 'final'): 762.0, ('inner', 'numeric'): 762.6, ('inner', 'pack'): 762.8, ('inner', 'd2h'): 772.7}"
Highly sparse,1138_bus,1138,4054,0.31303955695713814,11142,11142,11142,11142,11142,0.0,,0.09999999999990905,0.10000000000002274,0.10000000000002274,0.6000000000000227,0.2999999999999545,1.03,,,,,1.031,,1.101,1.065,1.114,"{('cu', 'start'): 552.7, ('cu', 'h2d'): 552.7, ('cu', 'workest'): 552.8, ('cu', 'compute'): 552.9, ('cu', 'copy'): 553.0, ('cu', 'pack'): 553.0, ('cu', 'd2h'): 553.6, ('gust', 'start'): 553.9, ('gust', 'h2d'): 554.0, ('gust', 'count'): 554.0, ('gust', 'scan'): 554.1, ('gust', 'expand'): 554.1, ('gust', 'sort'): 554.2, ('gust', 'reduce'): 554.2, ('gust', 'final'): 554.3, ('gust', 'pack'): 554.3, ('gust', 'd2h'): 554.9, ('outer', 'start'): 555.2, ('outer', 'h2d'): 555.3, ('outer', 'csc'): 555.4, ('outer', 'count'): 555.4, ('outer', 'scan'): 555.4, ('outer', 'expand'): 555.4, ('outer', 'sort'): 555.5, ('outer', 'reduce'): 555.6, ('outer', 'final'): 555.6, ('outer', 'pack'): 555.6, ('outer', 'd2h'): 556.2, ('colw', 'start'): 556.6, ('colw', 'h2d'): 556.6, ('colw', 'csc'): 556.7, ('colw', 'count'): 556.7, ('colw', 'scan'): 556.7, ('colw', 'expand'): 556.8, ('colw', 'sort'): 556.9, ('colw', 'reduce'): 556.9, ('colw', 'final'): 556.9, ('colw', 'pack'): 557.0, ('colw', 'd2h'): 557.5, ('inner', 'start'): 557.9, ('inner', 'h2d'): 557.9, ('inner', 'csc'): 558.0, ('inner', 'count'): 558.0, ('inner', 'scan'): 558.1, ('inner', 'expand'): 558.1, ('inner', 'sort'): 558.2, ('inner', 'reduce'): 558.2, ('inner', 'final'): 558.3, ('inner', 'numeric'): 558.3, ('inner', 'pack'): 558.3, ('inner', 'd2h'): 558.9}"
Highly sparse,bcspwr06,1454,5300,0.25069579909522466,14110,14110,14110,14110,14110,0.0,,0.0,0.19999999999998863,0.0,0.6999999999999886,0.19999999999998863,1.064,,,,,1.071,,1.139,1.111,1.15,"{('cu', 'start'): 463.4, ('cu', 'h2d'): 463.5, ('cu', 'workest'): 463.5, ('cu', 'compute'): 463.7, ('cu', 'copy'): 463.7, ('cu', 'pack'): 463.7, ('cu', 'd2h'): 464.4, ('gust', 'start'): 464.7, ('gust', 'h2d'): 464.8, ('gust', 'count'): 464.8, ('gust', 'scan'): 464.9, ('gust', 'expand'): 464.9, ('gust', 'sort'): 465.0, ('gust', 'reduce'): 465.0, ('gust', 'final'): 465.1, ('gust', 'pack'): 465.1, ('gust', 'd2h'): 465.7, ('outer', 'start'): 466.0, ('outer', 'h2d'): 466.1, ('outer', 'csc'): 466.2, ('outer', 'count'): 466.2, ('outer', 'scan'): 466.2, ('outer', 'expand'): 466.2, ('outer', 'sort'): 466.3, ('outer', 'reduce'): 466.4, ('outer', 'final'): 466.4, ('outer', 'pack'): 466.4, ('outer', 'd2h'): 467.1, ('colw', 'start'): 467.4, ('colw', 'h2d'): 467.5, ('colw', 'csc'): 467.6, ('colw', 'count'): 467.6, ('colw', 'scan'): 467.6, ('colw', 'expand'): 467.6, ('colw', 'sort'): 467.7, ('colw', 'reduce'): 467.8, ('colw', 'final'): 467.8, ('colw', 'pack'): 467.8, ('colw', 'd2h'): 468.4, ('inner', 'start'): 468.8, ('inner', 'h2d'): 468.8, ('inner', 'csc'): 468.9, ('inner', 'count'): 468.9, ('inner', 'scan'): 469.0, ('inner', 'expand'): 469.0, ('inner', 'sort'): 469.1, ('inner', 'reduce'): 469.1, ('inner', 'final'): 469.2, ('inner', 'numeric'): 469.2, ('inner', 'pack'): 469.2, ('inner', 'd2h'): 469.8}"
Highly sparse,bcsstk30,28924,2043492,0.24426218412514641,8946070,8946070,8946070,8946070,8946070,0.0,,0.40000000000009095,7.699999999999818,0.3000000000001819,33.200000000000045,8.400000000000091,48.708,,,,,64.85,,64.332,63.933,67.046,"{('cu', 'start'): 1082.2, ('cu', 'h2d'): 1088.5, ('cu', 'workest'): 1088.9, ('cu', 'compute'): 1096.6, ('cu', 'copy'): 1096.9, ('cu', 'pack'): 1097.0, ('cu', 'd2h'): 1130.2, ('gust', 'start'): 1137.6, ('gust', 'h2d'): 1140.2, ('gust', 'count'): 1140.3, ('gust', 'scan'): 1140.4, ('gust', 'expand'): 1142.6, ('gust', 'sort'): 1164.2, ('gust', 'reduce'): 1166.1, ('gust', 'final'): 1168.7, ('gust', 'pack'): 1168.8, ('gust', 'd2h'): 1201.2, ('outer', 'start'): 1208.9, ('outer', 'h2d'): 1211.5, ('outer', 'csc'): 1212.1, ('outer', 'count'): 1212.2, ('outer', 'scan'): 1212.2, ('outer', 'expand'): 1213.8, ('outer', 'sort'): 1235.5, ('outer', 'reduce'): 1237.5, ('outer', 'final'): 1239.3, ('outer', 'pack'): 1239.4, ('outer', 'd2h'): 1271.4, ('colw', 'start'): 1279.9, ('colw', 'h2d'): 1282.8, ('colw', 'csc'): 1283.4, ('colw', 'count'): 1283.4, ('colw', 'scan'): 1283.4, ('colw', 'expand'): 1285.6, ('colw', 'sort'): 1306.9, ('colw', 'reduce'): 1308.9, ('colw', 'final'): 1310.7, ('colw', 'pack'): 1310.8, ('colw', 'd2h'): 1342.1, ('inner', 'start'): 1350.4, ('inner', 'h2d'): 1353.3, ('inner', 'csc'): 1353.9, ('inner', 'count'): 1353.9, ('inner', 'scan'): 1353.9, ('inner', 'expand'): 1356.0, ('inner', 'sort'): 1377.6, ('inner', 'reduce'): 1379.6, ('inner', 'final'): 1381.4, ('inner', 'numeric'): 1384.4, ('inner', 'pack'): 1384.8, ('inner', 'd2h'): 1416.4}"
Highly sparse,bcsstm06,420,420,0.2380952380952381,420,420,420,420,420,0.0,,0.10000000000002274,0.10000000000002274,0.09999999999990905,0.8000000000000682,0.2999999999999545,1.34,,,,,1.235,,1.327,1.302,1.346,"{('cu', 'start'): 531.9, ('cu', 'h2d'): 532.0, ('cu', 'workest'): 532.1, ('cu', 'compute'): 532.2, ('cu', 'copy'): 532.3, ('cu', 'pack'): 532.3, ('cu', 'd2h'): 533.1, ('gust', 'start'): 533.5, ('gust', 'h2d'): 533.6, ('gust', 'count'): 533.6, ('gust', 'scan'): 533.7, ('gust', 'expand'): 533.7, ('gust', 'sort'): 533.7, ('gust', 'reduce'): 533.8, ('gust', 'final'): 533.8, ('gust', 'pack'): 533.9, ('gust', 'd2h'): 534.6, ('outer', 'start'): 535.0, ('outer', 'h2d'): 535.1, ('outer', 'csc'): 535.2, ('outer', 'count'): 535.2, ('outer', 'scan'): 535.2, ('outer', 'expand'): 535.3, ('outer', 'sort'): 535.3, ('outer', 'reduce'): 535.3, ('outer', 'final'): 535.4, ('outer', 'pack'): 535.4, ('outer', 'd2h'): 536.2, ('colw', 'start'): 536.6, ('colw', 'h2d'): 536.7, ('colw', 'csc'): 536.8, ('colw', 'count'): 536.8, ('colw', 'scan'): 536.8, ('colw', 'expand'): 536.9, ('colw', 'sort'): 536.9, ('colw', 'reduce'): 536.9, ('colw', 'final'): 537.0, ('colw', 'pack'): 537.0, ('colw', 'd2h'): 537.8, ('inner', 'start'): 538.2, ('inner', 'h2d'): 538.3, ('inner', 'csc'): 538.4, ('inner', 'count'): 538.4, ('inner', 'scan'): 538.5, ('inner', 'expand'): 538.5, ('inner', 'sort'): 538.5, ('inner', 'reduce'): 538.6, ('inner', 'final'): 538.6, ('inner', 'numeric'): 538.6, ('inner', 'pack'): 538.7, ('inner', 'd2h'): 539.4}"
Highly sparse,bcspwr08,1624,6050,0.22939467106699993,16916,16916,16916,16916,16916,0.0,,0.10000000000002274,0.10000000000002274,0.0999999999999659,0.6000000000000227,0.30000000000001137,1.089,,,,,1.108,,1.168,1.125,1.178,"{('cu', 'start'): 479.3, ('cu', 'h2d'): 479.4, ('cu', 'workest'): 479.5, ('cu', 'compute'): 479.6, ('cu', 'copy'): 479.7, ('cu', 'pack'): 479.7, ('cu', 'd2h'): 480.3, ('gust', 'start'): 480.7, ('gust', 'h2d'): 480.7, ('gust', 'count'): 480.8, ('gust', 'scan'): 480.8, ('gust', 'expand'): 480.8, ('gust', 'sort'): 481.0, ('gust', 'reduce'): 481.0, ('gust', 'final'): 481.1, ('gust', 'pack'): 481.1, ('gust', 'd2h'): 481.7, ('outer', 'start'): 482.0, ('outer', 'h2d'): 482.1, ('outer', 'csc'): 482.2, ('outer', 'count'): 482.2, ('outer', 'scan'): 482.2, ('outer', 'expand'): 482.2, ('outer', 'sort'): 482.3, ('outer', 'reduce'): 482.4, ('outer', 'final'): 482.4, ('outer', 'pack'): 482.4, ('outer', 'd2h'): 483.1, ('colw', 'start'): 483.4, ('colw', 'h2d'): 483.5, ('colw', 'csc'): 483.6, ('colw', 'count'): 483.6, ('colw', 'scan'): 483.6, ('colw', 'expand'): 483.6, ('colw', 'sort'): 483.8, ('colw', 'reduce'): 483.8, ('colw', 'final'): 483.8, ('colw', 'pack'): 483.9, ('colw', 'd2h'): 484.5, ('inner', 'start'): 484.8, ('inner', 'h2d'): 484.9, ('inner', 'csc'): 484.9, ('inner', 'count'): 485.0, ('inner', 'scan'): 485.0, ('inner', 'expand'): 485.0, ('inner', 'sort'): 485.1, ('inner', 'reduce'): 485.2, ('inner', 'final'): 485.2, ('inner', 'numeric'): 485.2, ('inner', 'pack'): 485.2, ('inner', 'd2h'): 485.9}"
Highly sparse,bcspwr07,1612,5824,0.22412551028576003,15684,15684,15684,15684,15684,0.0,,0.10000000000002274,0.0999999999999659,0.10000000000002274,0.5999999999999659,0.30000000000001137,1.062,,,,,1.056,,1.115,1.094,1.14,"{('cu', 'start'): 472.4, ('cu', 'h2d'): 472.5, ('cu', 'workest'): 472.6, ('cu', 'compute'): 472.7, ('cu', 'copy'): 472.8, ('cu', 'pack'): 472.8, ('cu', 'd2h'): 473.4, ('gust', 'start'): 473.8, ('gust', 'h2d'): 473.8, ('gust', 'count'): 473.9, ('gust', 'scan'): 473.9, ('gust', 'expand'): 473.9, ('gust', 'sort'): 474.0, ('gust', 'reduce'): 474.1, ('gust', 'final'): 474.1, ('gust', 'pack'): 474.1, ('gust', 'd2h'): 474.7, ('outer', 'start'): 475.1, ('outer', 'h2d'): 475.1, ('outer', 'csc'): 475.2, ('outer', 'count'): 475.2, ('outer', 'scan'): 475.2, ('outer', 'expand'): 475.3, ('outer', 'sort'): 475.4, ('outer', 'reduce'): 475.4, ('outer', 'final'): 475.5, ('outer', 'pack'): 475.5, ('outer', 'd2h'): 476.1, ('colw', 'start'): 476.4, ('colw', 'h2d'): 476.5, ('colw', 'csc'): 476.5, ('colw', 'count'): 476.6, ('colw', 'scan'): 476.6, ('colw', 'expand'): 476.6, ('colw', 'sort'): 476.7, ('colw', 'reduce'): 476.8, ('colw', 'final'): 476.8, ('colw', 'pack'): 476.8, ('colw', 'd2h'): 477.4, ('inner', 'start'): 477.8, ('inner', 'h2d'): 477.8, ('inner', 'csc'): 477.9, ('inner', 'count'): 477.9, ('inner', 'scan'): 478.0, ('inner', 'expand'): 478.0, ('inner', 'sort'): 478.1, ('inner', 'reduce'): 478.1, ('inner', 'final'): 478.2, ('inner', 'numeric'): 478.2, ('inner', 'pack'): 478.2, ('inner', 'd2h'): 478.8}"
Highly sparse,bcspwr09,1723,6511,0.21931944613334525,18485,18485,18485,18485,18485,0.0,,0.0,0.19999999999998863,0.0,0.6999999999999886,0.19999999999998863,1.142,,,,,1.091,,1.17,1.142,1.158,"{('cu', 'start'): 467.9, ('cu', 'h2d'): 468.0, ('cu', 'workest'): 468.0, ('cu', 'compute'): 468.2, ('cu', 'copy'): 468.2, ('cu', 'pack'): 468.3, ('cu', 'd2h'): 469.0, ('gust', 'start'): 469.3, ('gust', 'h2d'): 469.4, ('gust', 'count'): 469.4, ('gust', 'scan'): 469.4, ('gust', 'expand'): 469.4, ('gust', 'sort'): 469.6, ('gust', 'reduce'): 469.6, ('gust', 'final'): 469.7, ('gust', 'pack'): 469.7, ('gust', 'd2h'): 470.3, ('outer', 'start'): 470.6, ('outer', 'h2d'): 470.7, ('outer', 'csc'): 470.8, ('outer', 'count'): 470.8, ('outer', 'scan'): 470.8, ('outer', 'expand'): 470.8, ('outer', 'sort'): 471.0, ('outer', 'reduce'): 471.0, ('outer', 'final'): 471.0, ('outer', 'pack'): 471.1, ('outer', 'd2h'): 471.7, ('colw', 'start'): 472.0, ('colw', 'h2d'): 472.1, ('colw', 'csc'): 472.2, ('colw', 'count'): 472.2, ('colw', 'scan'): 472.2, ('colw', 'expand'): 472.3, ('colw', 'sort'): 472.4, ('colw', 'reduce'): 472.4, ('colw', 'final'): 472.5, ('colw', 'pack'): 472.5, ('colw', 'd2h'): 473.1, ('inner', 'start'): 473.4, ('inner', 'h2d'): 473.5, ('inner', 'csc'): 473.6, ('inner', 'count'): 473.6, ('inner', 'scan'): 473.6, ('inner', 'expand'): 473.6, ('inner', 'sort'): 473.8, ('inner', 'reduce'): 473.8, ('inner', 'final'): 473.8, ('inner', 'numeric'): 473.9, ('inner', 'pack'): 473.9, ('inner', 'd2h'): 474.5}"
Highly sparse,bcsstm20,485,485,0.2061855670103093,485,485,485,485,485,0.0,,0.10000000000002274,0.20000000000004547,0.0,0.8000000000000682,0.3000000000000682,1.437,,,,,1.254,,1.38,1.323,1.357,"{('cu', 'start'): 535.8, ('cu', 'h2d'): 535.9, ('cu', 'workest'): 536.0, ('cu', 'compute'): 536.2, ('cu', 'copy'): 536.2, ('cu', 'pack'): 536.3, ('cu', 'd2h'): 537.1, ('gust', 'start'): 537.5, ('gust', 'h2d'): 537.6, ('gust', 'count'): 537.6, ('gust', 'scan'): 537.7, ('gust', 'expand'): 537.7, ('gust', 'sort'): 537.7, ('gust', 'reduce'): 537.8, ('gust', 'final'): 537.8, ('gust', 'pack'): 537.8, ('gust', 'd2h'): 538.6, ('outer', 'start'): 539.1, ('outer', 'h2d'): 539.2, ('outer', 'csc'): 539.3, ('outer', 'count'): 539.3, ('outer', 'scan'): 539.3, ('outer', 'expand'): 539.3, ('outer', 'sort'): 539.4, ('outer', 'reduce'): 539.4, ('outer', 'final'): 539.5, ('outer', 'pack'): 539.5, ('outer', 'd2h'): 540.3, ('colw', 'start'): 540.7, ('colw', 'h2d'): 540.8, ('colw', 'csc'): 540.9, ('colw', 'count'): 540.9, ('colw', 'scan'): 541.0, ('colw', 'expand'): 541.0, ('colw', 'sort'): 541.0, ('colw', 'reduce'): 541.1, ('colw', 'final'): 541.1, ('colw', 'pack'): 541.1, ('colw', 'd2h'): 541.9, ('inner', 'start'): 542.3, ('inner', 'h2d'): 542.4, ('inner', 'csc'): 542.5, ('inner', 'count'): 542.5, ('inner', 'scan'): 542.6, ('inner', 'expand'): 542.6, ('inner', 'sort'): 542.6, ('inner', 'reduce'): 542.7, ('inner', 'final'): 542.7, ('inner', 'numeric'): 542.7, ('inner', 'pack'): 542.8, ('inner', 'd2h'): 543.6}"
Highly sparse,bcsstk21,3600,26600,0.2052469135802469,93072,93072,93072,93072,93072,0.0,,0.10000000000002274,0.2999999999999545,0.10000000000002274,1.1000000000000227,0.5,1.839,,,,,2.093,,2.161,2.145,2.167,"{('cu', 'start'): 538.3, ('cu', 'h2d'): 538.4, ('cu', 'workest'): 538.5, ('cu', 'compute'): 538.8, ('cu', 'copy'): 538.9, ('cu', 'pack'): 538.9, ('cu', 'd2h'): 540.0, ('gust', 'start'): 540.4, ('gust', 'h2d'): 540.5, ('gust', 'count'): 540.5, ('gust', 'scan'): 540.6, ('gust', 'expand'): 540.8, ('gust', 'sort'): 541.0, ('gust', 'reduce'): 541.2, ('gust', 'final'): 541.2, ('gust', 'pack'): 541.2, ('gust', 'd2h'): 542.2, ('outer', 'start'): 542.8, ('outer', 'h2d'): 542.9, ('outer', 'csc'): 543.0, ('outer', 'count'): 543.0, ('outer', 'scan'): 543.1, ('outer', 'expand'): 543.2, ('outer', 'sort'): 543.5, ('outer', 'reduce'): 543.6, ('outer', 'final'): 543.7, ('outer', 'pack'): 543.7, ('outer', 'd2h'): 544.7, ('colw', 'start'): 545.2, ('colw', 'h2d'): 545.3, ('colw', 'csc'): 545.4, ('colw', 'count'): 545.4, ('colw', 'scan'): 545.5, ('colw', 'expand'): 545.6, ('colw', 'sort'): 545.9, ('colw', 'reduce'): 546.0, ('colw', 'final'): 546.1, ('colw', 'pack'): 546.1, ('colw', 'd2h'): 547.1, ('inner', 'start'): 547.6, ('inner', 'h2d'): 547.8, ('inner', 'csc'): 547.8, ('inner', 'count'): 547.9, ('inner', 'scan'): 547.9, ('inner', 'expand'): 548.0, ('inner', 'sort'): 548.3, ('inner', 'reduce'): 548.4, ('inner', 'final'): 548.5, ('inner', 'numeric'): 548.5, ('inner', 'pack'): 548.5, ('inner', 'd2h'): 549.5}"
Highly sparse,bcsstm19,817,817,0.12239902080783352,817,817,817,817,817,0.0,,0.0,0.1999999999999318,0.10000000000002274,0.8999999999999773,0.2999999999999545,1.465,,,,,1.352,,1.445,1.412,1.439,"{('cu', 'start'): 527.5, ('cu', 'h2d'): 527.6, ('cu', 'workest'): 527.6, ('cu', 'compute'): 527.8, ('cu', 'copy'): 527.9, ('cu', 'pack'): 527.9, ('cu', 'd2h'): 528.8, ('gust', 'start'): 529.2, ('gust', 'h2d'): 529.3, ('gust', 'count'): 529.3, ('gust', 'scan'): 529.4, ('gust', 'expand'): 529.4, ('gust', 'sort'): 529.5, ('gust', 'reduce'): 529.5, ('gust', 'final'): 529.6, ('gust', 'pack'): 529.6, ('gust', 'd2h'): 530.4, ('outer', 'start'): 530.8, ('outer', 'h2d'): 530.9, ('outer', 'csc'): 531.0, ('outer', 'count'): 531.0, ('outer', 'scan'): 531.1, ('outer', 'expand'): 531.1, ('outer', 'sort'): 531.1, ('outer', 'reduce'): 531.2, ('outer', 'final'): 531.2, ('outer', 'pack'): 531.3, ('outer', 'd2h'): 532.1, ('colw', 'start'): 532.6, ('colw', 'h2d'): 532.7, ('colw', 'csc'): 532.8, ('colw', 'count'): 532.8, ('colw', 'scan'): 532.8, ('colw', 'expand'): 532.8, ('colw', 'sort'): 532.9, ('colw', 'reduce'): 532.9, ('colw', 'final'): 533.0, ('colw', 'pack'): 533.0, ('colw', 'd2h'): 533.8, ('inner', 'start'): 534.3, ('inner', 'h2d'): 534.4, ('inner', 'csc'): 534.5, ('inner', 'count'): 534.5, ('inner', 'scan'): 534.5, ('inner', 'expand'): 534.5, ('inner', 'sort'): 534.6, ('inner', 'reduce'): 534.6, ('inner', 'final'): 534.7, ('inner', 'numeric'): 534.7, ('inner', 'pack'): 534.7, ('inner', 'd2h'): 535.6}"
Highly sparse,bcsstk25,15439,252241,0.10582233620331932,1168919,1168919,1168919,1168919,1168919,0.0,,0.39999999999997726,0.6000000000000227,0.20000000000004547,4.0,1.2000000000000455,5.709,,,,,6.361,,6.45,6.76,6.855,"{('cu', 'start'): 648.1, ('cu', 'h2d'): 648.4, ('cu', 'workest'): 648.8, ('cu', 'compute'): 649.4, ('cu', 'copy'): 649.6, ('cu', 'pack'): 649.7, ('cu', 'd2h'): 653.7, ('gust', 'start'): 654.7, ('gust', 'h2d'): 655.0, ('gust', 'count'): 655.2, ('gust', 'scan'): 655.2, ('gust', 'expand'): 655.4, ('gust', 'sort'): 656.3, ('gust', 'reduce'): 656.5, ('gust', 'final'): 656.9, ('gust', 'pack'): 657.0, ('gust', 'd2h'): 660.8, ('outer', 'start'): 662.0, ('outer', 'h2d'): 662.3, ('outer', 'csc'): 662.6, ('outer', 'count'): 662.6, ('outer', 'scan'): 662.7, ('outer', 'expand'): 662.8, ('outer', 'sort'): 663.6, ('outer', 'reduce'): 663.8, ('outer', 'final'): 664.2, ('outer', 'pack'): 664.2, ('outer', 'd2h'): 667.9, ('colw', 'start'): 669.3, ('colw', 'h2d'): 669.7, ('colw', 'csc'): 670.0, ('colw', 'count'): 670.0, ('colw', 'scan'): 670.0, ('colw', 'expand'): 670.2, ('colw', 'sort'): 671.0, ('colw', 'reduce'): 671.2, ('colw', 'final'): 671.6, ('colw', 'pack'): 671.7, ('colw', 'd2h'): 675.6, ('inner', 'start'): 677.0, ('inner', 'h2d'): 677.3, ('inner', 'csc'): 677.7, ('inner', 'count'): 677.8, ('inner', 'scan'): 677.8, ('inner', 'expand'): 678.0, ('inner', 'sort'): 678.8, ('inner', 'reduce'): 679.0, ('inner', 'final'): 679.3, ('inner', 'numeric'): 679.6, ('inner', 'pack'): 679.7, ('inner', 'd2h'): 683.5}"
Highly sparse,bcsstk18,11948,149090,0.10443788948628972,713208,713208,713208,713208,713208,0.0,,0.2999999999999545,0.5,0.20000000000004547,3.699999999999932,1.0,5.26,,,,,5.817,,6.045,6.259,6.186,"{('cu', 'start'): 589.7, ('cu', 'h2d'): 590.0, ('cu', 'workest'): 590.3, ('cu', 'compute'): 590.8, ('cu', 'copy'): 591.0, ('cu', 'pack'): 591.1, ('cu', 'd2h'): 594.8, ('gust', 'start'): 595.6, ('gust', 'h2d'): 595.9, ('gust', 'count'): 595.9, ('gust', 'scan'): 596.0, ('gust', 'expand'): 596.3, ('gust', 'sort'): 596.9, ('gust', 'reduce'): 597.1, ('gust', 'final'): 597.6, ('gust', 'pack'): 597.7, ('gust', 'd2h'): 601.1, ('outer', 'start'): 602.0, ('outer', 'h2d'): 602.3, ('outer', 'csc'): 602.6, ('outer', 'count'): 602.7, ('outer', 'scan'): 602.7, ('outer', 'expand'): 602.9, ('outer', 'sort'): 603.5, ('outer', 'reduce'): 603.7, ('outer', 'final'): 604.1, ('outer', 'pack'): 604.2, ('outer', 'd2h'): 607.5, ('colw', 'start'): 608.7, ('colw', 'h2d'): 608.9, ('colw', 'csc'): 609.3, ('colw', 'count'): 609.3, ('colw', 'scan'): 609.4, ('colw', 'expand'): 609.6, ('colw', 'sort'): 610.2, ('colw', 'reduce'): 610.4, ('colw', 'final'): 610.8, ('colw', 'pack'): 610.9, ('colw', 'd2h'): 614.3, ('inner', 'start'): 615.5, ('inner', 'h2d'): 615.8, ('inner', 'csc'): 616.1, ('inner', 'count'): 616.2, ('inner', 'scan'): 616.2, ('inner', 'expand'): 616.4, ('inner', 'sort'): 617.0, ('inner', 'reduce'): 617.2, ('inner', 'final'): 617.6, ('inner', 'numeric'): 617.8, ('inner', 'pack'): 618.0, ('inner', 'd2h'): 621.3}"
Highly sparse,bcsstk32,44609,2014701,0.10124314474587429,6819653,6819653,6819653,6819653,6819653,0.0,,0.40000000000009095,7.699999999999932,0.3000000000000682,31.300000000000068,8.400000000000091,42.922,,,,,44.842,,45.037,45.248,46.53,"{('cu', 'start'): 920.2, ('cu', 'h2d'): 922.8, ('cu', 'workest'): 923.2, ('cu', 'compute'): 930.9, ('cu', 'copy'): 931.2, ('cu', 'pack'): 931.3, ('cu', 'd2h'): 962.6, ('gust', 'start'): 968.1, ('gust', 'h2d'): 970.7, ('gust', 'count'): 970.9, ('gust', 'scan'): 970.9, ('gust', 'expand'): 972.2, ('gust', 'sort'): 984.8, ('gust', 'reduce'): 986.0, ('gust', 'final'): 987.6, ('gust', 'pack'): 987.6, ('gust', 'd2h'): 1012.1, ('outer', 'start'): 1018.0, ('outer', 'h2d'): 1020.5, ('outer', 'csc'): 1021.1, ('outer', 'count'): 1021.1, ('outer', 'scan'): 1021.2, ('outer', 'expand'): 1022.2, ('outer', 'sort'): 1034.7, ('outer', 'reduce'): 1035.9, ('outer', 'final'): 1037.0, ('outer', 'pack'): 1037.0, ('outer', 'd2h'): 1061.8, ('colw', 'start'): 1068.1, ('colw', 'h2d'): 1070.8, ('colw', 'csc'): 1071.4, ('colw', 'count'): 1071.5, ('colw', 'scan'): 1071.5, ('colw', 'expand'): 1072.7, ('colw', 'sort'): 1085.2, ('colw', 'reduce'): 1086.4, ('colw', 'final'): 1087.5, ('colw', 'pack'): 1087.6, ('colw', 'd2h'): 1112.1, ('inner', 'start'): 1118.4, ('inner', 'h2d'): 1121.1, ('inner', 'csc'): 1121.7, ('inner', 'count'): 1121.7, ('inner', 'scan'): 1121.7, ('inner', 'expand'): 1123.0, ('inner', 'sort'): 1135.5, ('inner', 'reduce'): 1136.7, ('inner', 'final'): 1137.8, ('inner', 'numeric'): 1139.3, ('inner', 'pack'): 1139.6, ('inner', 'd2h'): 1164.2}"
Extremely sparse,bcsstk31,35588,1181416,0.09328153508950845,4713580,4713580,4713580,4713580,4713580,0.0,,0.3000000000000682,4.5,0.1999999999999318,17.399999999999977,5.0,24.314,,,,,27.401,,27.86,27.749,28.352,"{('cu', 'start'): 782.9, ('cu', 'h2d'): 784.4, ('cu', 'workest'): 784.7, ('cu', 'compute'): 789.2, ('cu', 'copy'): 789.4, ('cu', 'pack'): 789.5, ('cu', 'd2h'): 806.9, ('gust', 'start'): 810.8, ('gust', 'h2d'): 812.2, ('gust', 'count'): 812.4, ('gust', 'scan'): 812.4, ('gust', 'expand'): 813.1, ('gust', 'sort'): 819.2, ('gust', 'reduce'): 819.9, ('gust', 'final'): 821.0, ('gust', 'pack'): 821.1, ('gust', 'd2h'): 837.7, ('outer', 'start'): 841.7, ('outer', 'h2d'): 843.1, ('outer', 'csc'): 843.7, ('outer', 'count'): 843.7, ('outer', 'scan'): 843.7, ('outer', 'expand'): 844.3, ('outer', 'sort'): 850.3, ('outer', 'reduce'): 851.0, ('outer', 'final'): 851.7, ('outer', 'pack'): 851.8, ('outer', 'd2h'): 868.7, ('colw', 'start'): 873.1, ('colw', 'h2d'): 874.6, ('colw', 'csc'): 875.1, ('colw', 'count'): 875.2, ('colw', 'scan'): 875.2, ('colw', 'expand'): 875.8, ('colw', 'sort'): 881.8, ('colw', 'reduce'): 882.5, ('colw', 'final'): 883.2, ('colw', 'pack'): 883.3, ('colw', 'd2h'): 900.0, ('inner', 'start'): 904.4, ('inner', 'h2d'): 905.9, ('inner', 'csc'): 906.4, ('inner', 'count'): 906.4, ('inner', 'scan'): 906.5, ('inner', 'expand'): 907.1, ('inner', 'sort'): 913.1, ('inner', 'reduce'): 913.8, ('inner', 'final'): 914.5, ('inner', 'numeric'): 915.5, ('inner', 'pack'): 915.6, ('inner', 'd2h'): 932.1}"
Extremely sparse,bcsstm08,1074,1074,0.0931098696461825,1074,1074,1074,1074,1074,0.0,,0.20000000000004547,0.10000000000002274,0.10000000000002274,0.8999999999999773,0.40000000000009095,1.431,,,,,1.306,,1.408,1.368,1.375,"{('cu', 'start'): 523.2, ('cu', 'h2d'): 523.3, ('cu', 'workest'): 523.5, ('cu', 'compute'): 523.6, ('cu', 'copy'): 523.7, ('cu', 'pack'): 523.7, ('cu', 'd2h'): 524.6, ('gust', 'start'): 525.0, ('gust', 'h2d'): 525.1, ('gust', 'count'): 525.1, ('gust', 'scan'): 525.1, ('gust', 'expand'): 525.2, ('gust', 'sort'): 525.2, ('gust', 'reduce'): 525.2, ('gust', 'final'): 525.3, ('gust', 'pack'): 525.3, ('gust', 'd2h'): 526.1, ('outer', 'start'): 526.6, ('outer', 'h2d'): 526.7, ('outer', 'csc'): 526.8, ('outer', 'count'): 526.8, ('outer', 'scan'): 526.9, ('outer', 'expand'): 526.9, ('outer', 'sort'): 526.9, ('outer', 'reduce'): 527.0, ('outer', 'final'): 527.0, ('outer', 'pack'): 527.1, ('outer', 'd2h'): 527.9, ('colw', 'start'): 528.3, ('colw', 'h2d'): 528.4, ('colw', 'csc'): 528.5, ('colw', 'count'): 528.5, ('colw', 'scan'): 528.6, ('colw', 'expand'): 528.6, ('colw', 'sort'): 528.6, ('colw', 'reduce'): 528.7, ('colw', 'final'): 528.7, ('colw', 'pack'): 528.8, ('colw', 'd2h'): 529.6, ('inner', 'start'): 530.0, ('inner', 'h2d'): 530.1, ('inner', 'csc'): 530.1, ('inner', 'count'): 530.2, ('inner', 'scan'): 530.2, ('inner', 'expand'): 530.2, ('inner', 'sort'): 530.3, ('inner', 'reduce'): 530.3, ('inner', 'final'): 530.4, ('inner', 'numeric'): 530.4, ('inner', 'pack'): 530.4, ('inner', 'd2h'): 531.2}"
Extremely sparse,bcsstm09,1083,1083,0.09233610341643582,1083,1083,1083,1083,1083,0.0,,0.0,0.1999999999999318,0.10000000000002274,0.7999999999999545,0.2999999999999545,1.396,,,,,1.318,,1.381,1.35,1.372,"{('cu', 'start'): 516.1, ('cu', 'h2d'): 516.2, ('cu', 'workest'): 516.2, ('cu', 'compute'): 516.4, ('cu', 'copy'): 516.5, ('cu', 'pack'): 516.5, ('cu', 'd2h'): 517.3, ('gust', 'start'): 517.7, ('gust', 'h2d'): 517.8, ('gust', 'count'): 517.9, ('gust', 'scan'): 517.9, ('gust', 'expand'): 517.9, ('gust', 'sort'): 518.0, ('gust', 'reduce'): 518.0, ('gust', 'final'): 518.1, ('gust', 'pack'): 518.1, ('gust', 'd2h'): 518.9, ('outer', 'start'): 519.3, ('outer', 'h2d'): 519.4, ('outer', 'csc'): 519.5, ('outer', 'count'): 519.5, ('outer', 'scan'): 519.6, ('outer', 'expand'): 519.6, ('outer', 'sort'): 519.6, ('outer', 'reduce'): 519.7, ('outer', 'final'): 519.7, ('outer', 'pack'): 519.7, ('outer', 'd2h'): 520.6, ('colw', 'start'): 521.0, ('colw', 'h2d'): 521.1, ('colw', 'csc'): 521.2, ('colw', 'count'): 521.2, ('colw', 'scan'): 521.3, ('colw', 'expand'): 521.3, ('colw', 'sort'): 521.3, ('colw', 'reduce'): 521.4, ('colw', 'final'): 521.4, ('colw', 'pack'): 521.5, ('colw', 'd2h'): 522.2, ('inner', 'start'): 522.7, ('inner', 'h2d'): 522.8, ('inner', 'csc'): 522.9, ('inner', 'count'): 522.9, ('inner', 'scan'): 522.9, ('inner', 'expand'): 522.9, ('inner', 'sort'): 523.0, ('inner', 'reduce'): 523.0, ('inner', 'final'): 523.1, ('inner', 'numeric'): 523.1, ('inner', 'pack'): 523.1, ('inner', 'd2h'): 523.9}"
Extremely sparse,bcspwr10,5300,21842,0.07775720897116412,60498,60498,60498,60498,60498,0.0,,0.0,0.30000000000001137,0.0,0.8000000000000114,0.30000000000001137,1.23,,,,,1.321,,1.392,1.381,1.403,"{('cu', 'start'): 486.9, ('cu', 'h2d'): 487.0, ('cu', 'workest'): 487.0, ('cu', 'compute'): 487.3, ('cu', 'copy'): 487.3, ('cu', 'pack'): 487.3, ('cu', 'd2h'): 488.1, ('gust', 'start'): 488.4, ('gust', 'h2d'): 488.5, ('gust', 'count'): 488.5, ('gust', 'scan'): 488.5, ('gust', 'expand'): 488.5, ('gust', 'sort'): 488.8, ('gust', 'reduce'): 488.9, ('gust', 'final'): 489.0, ('gust', 'pack'): 489.0, ('gust', 'd2h'): 489.6, ('outer', 'start'): 489.9, ('outer', 'h2d'): 490.0, ('outer', 'csc'): 490.1, ('outer', 'count'): 490.1, ('outer', 'scan'): 490.1, ('outer', 'expand'): 490.2, ('outer', 'sort'): 490.4, ('outer', 'reduce'): 490.5, ('outer', 'final'): 490.6, ('outer', 'pack'): 490.6, ('outer', 'd2h'): 491.2, ('colw', 'start'): 491.6, ('colw', 'h2d'): 491.7, ('colw', 'csc'): 491.7, ('colw', 'count'): 491.8, ('colw', 'scan'): 491.8, ('colw', 'expand'): 491.8, ('colw', 'sort'): 492.1, ('colw', 'reduce'): 492.2, ('colw', 'final'): 492.2, ('colw', 'pack'): 492.2, ('colw', 'd2h'): 492.8, ('inner', 'start'): 493.2, ('inner', 'h2d'): 493.3, ('inner', 'csc'): 493.4, ('inner', 'count'): 493.4, ('inner', 'scan'): 493.4, ('inner', 'expand'): 493.4, ('inner', 'sort'): 493.7, ('inner', 'reduce'): 493.8, ('inner', 'final'): 493.8, ('inner', 'numeric'): 493.9, ('inner', 'pack'): 493.9, ('inner', 'd2h'): 494.5}"
Extremely sparse,bcsstm11,1473,1473,0.0678886625933469,1473,1473,1473,1473,1473,0.0,,0.09999999999990905,0.20000000000004547,0.10000000000002274,0.7999999999999545,0.39999999999997726,1.403,,,,,1.323,,1.442,1.393,1.407,"{('cu', 'start'): 667.1, ('cu', 'h2d'): 667.2, ('cu', 'workest'): 667.3, ('cu', 'compute'): 667.5, ('cu', 'copy'): 667.6, ('cu', 'pack'): 667.6, ('cu', 'd2h'): 668.4, ('gust', 'start'): 668.8, ('gust', 'h2d'): 668.9, ('gust', 'count'): 669.0, ('gust', 'scan'): 669.0, ('gust', 'expand'): 669.0, ('gust', 'sort'): 669.1, ('gust', 'reduce'): 669.1, ('gust', 'final'): 669.2, ('gust', 'pack'): 669.2, ('gust', 'd2h'): 670.0, ('outer', 'start'): 670.4, ('outer', 'h2d'): 670.5, ('outer', 'csc'): 670.6, ('outer', 'count'): 670.6, ('outer', 'scan'): 670.7, ('outer', 'expand'): 670.7, ('outer', 'sort'): 670.8, ('outer', 'reduce'): 670.8, ('outer', 'final'): 670.9, ('outer', 'pack'): 670.9, ('outer', 'd2h'): 671.7, ('colw', 'start'): 672.2, ('colw', 'h2d'): 672.3, ('colw', 'csc'): 672.4, ('colw', 'count'): 672.4, ('colw', 'scan'): 672.4, ('colw', 'expand'): 672.5, ('colw', 'sort'): 672.5, ('colw', 'reduce'): 672.5, ('colw', 'final'): 672.6, ('colw', 'pack'): 672.6, ('colw', 'd2h'): 673.4, ('inner', 'start'): 673.9, ('inner', 'h2d'): 674.0, ('inner', 'csc'): 674.0, ('inner', 'count'): 674.1, ('inner', 'scan'): 674.1, ('inner', 'expand'): 674.1, ('inner', 'sort'): 674.2, ('inner', 'reduce'): 674.2, ('inner', 'final'): 674.3, ('inner', 'numeric'): 674.3, ('inner', 'pack'): 674.3, ('inner', 'd2h'): 675.1}"
Extremely sparse,bcsstm26,1922,1922,0.052029136316337155,1922,1922,1922,1922,1922,0.0,,0.0,0.20000000000004547,0.09999999999990905,0.900000000000091,0.2999999999999545,1.43,,,,,1.339,,1.419,1.386,1.459,"{('cu', 'start'): 521.8, ('cu', 'h2d'): 522.0, ('cu', 'workest'): 522.0, ('cu', 'compute'): 522.2, ('cu', 'copy'): 522.3, ('cu', 'pack'): 522.3, ('cu', 'd2h'): 523.2, ('gust', 'start'): 523.6, ('gust', 'h2d'): 523.7, ('gust', 'count'): 523.7, ('gust', 'scan'): 523.8, ('gust', 'expand'): 523.8, ('gust', 'sort'): 523.8, ('gust', 'reduce'): 523.9, ('gust', 'final'): 523.9, ('gust', 'pack'): 524.0, ('gust', 'd2h'): 524.8, ('outer', 'start'): 525.2, ('outer', 'h2d'): 525.3, ('outer', 'csc'): 525.4, ('outer', 'count'): 525.4, ('outer', 'scan'): 525.4, ('outer', 'expand'): 525.5, ('outer', 'sort'): 525.5, ('outer', 'reduce'): 525.6, ('outer', 'final'): 525.6, ('outer', 'pack'): 525.6, ('outer', 'd2h'): 526.5, ('colw', 'start'): 527.0, ('colw', 'h2d'): 527.1, ('colw', 'csc'): 527.2, ('colw', 'count'): 527.2, ('colw', 'scan'): 527.2, ('colw', 'expand'): 527.3, ('colw', 'sort'): 527.3, ('colw', 'reduce'): 527.4, ('colw', 'final'): 527.4, ('colw', 'pack'): 527.4, ('colw', 'd2h'): 528.2, ('inner', 'start'): 528.7, ('inner', 'h2d'): 528.8, ('inner', 'csc'): 528.9, ('inner', 'count'): 528.9, ('inner', 'scan'): 528.9, ('inner', 'expand'): 528.9, ('inner', 'sort'): 529.0, ('inner', 'reduce'): 529.0, ('inner', 'final'): 529.1, ('inner', 'numeric'): 529.1, ('inner', 'pack'): 529.1, ('inner', 'd2h'): 530.0}"
Extremely sparse,bcsstm23,3134,3134,0.031908104658583285,3134,3134,3134,3134,3134,0.0,,0.10000000000002274,0.09999999999990905,0.10000000000002274,0.8000000000000682,0.2999999999999545,1.384,,,,,1.353,,1.451,1.391,1.438,"{('cu', 'start'): 527.0, ('cu', 'h2d'): 527.1, ('cu', 'workest'): 527.2, ('cu', 'compute'): 527.3, ('cu', 'copy'): 527.4, ('cu', 'pack'): 527.4, ('cu', 'd2h'): 528.2, ('gust', 'start'): 528.6, ('gust', 'h2d'): 528.7, ('gust', 'count'): 528.8, ('gust', 'scan'): 528.8, ('gust', 'expand'): 528.8, ('gust', 'sort'): 529.0, ('gust', 'reduce'): 529.0, ('gust', 'final'): 529.1, ('gust', 'pack'): 529.1, ('gust', 'd2h'): 529.8, ('outer', 'start'): 530.2, ('outer', 'h2d'): 530.3, ('outer', 'csc'): 530.4, ('outer', 'count'): 530.4, ('outer', 'scan'): 530.5, ('outer', 'expand'): 530.5, ('outer', 'sort'): 530.6, ('outer', 'reduce'): 530.7, ('outer', 'final'): 530.7, ('outer', 'pack'): 530.8, ('outer', 'd2h'): 531.5, ('colw', 'start'): 532.0, ('colw', 'h2d'): 532.1, ('colw', 'csc'): 532.2, ('colw', 'count'): 532.2, ('colw', 'scan'): 532.2, ('colw', 'expand'): 532.3, ('colw', 'sort'): 532.4, ('colw', 'reduce'): 532.4, ('colw', 'final'): 532.5, ('colw', 'pack'): 532.5, ('colw', 'd2h'): 533.2, ('inner', 'start'): 533.7, ('inner', 'h2d'): 533.8, ('inner', 'csc'): 533.9, ('inner', 'count'): 533.9, ('inner', 'scan'): 533.9, ('inner', 'expand'): 533.9, ('inner', 'sort'): 534.0, ('inner', 'reduce'): 534.1, ('inner', 'final'): 534.1, ('inner', 'numeric'): 534.2, ('inner', 'pack'): 534.2, ('inner', 'd2h'): 535.0}"
Extremely sparse,bcsstm24,3562,3562,0.028074115665356544,3562,3562,3562,3562,3562,0.0,,0.10000000000002274,0.20000000000004547,0.10000000000002274,0.7999999999999545,0.40000000000009095,1.423,,,,,1.333,,1.425,1.409,1.436,"{('cu', 'start'): 550.2, ('cu', 'h2d'): 550.3, ('cu', 'workest'): 550.4, ('cu', 'compute'): 550.6, ('cu', 'copy'): 550.7, ('cu', 'pack'): 550.7, ('cu', 'd2h'): 551.5, ('gust', 'start'): 551.9, ('gust', 'h2d'): 552.0, ('gust', 'count'): 552.0, ('gust', 'scan'): 552.1, ('gust', 'expand'): 552.1, ('gust', 'sort'): 552.2, ('gust', 'reduce'): 552.2, ('gust', 'final'): 552.3, ('gust', 'pack'): 552.3, ('gust', 'd2h'): 553.1, ('outer', 'start'): 553.5, ('outer', 'h2d'): 553.6, ('outer', 'csc'): 553.7, ('outer', 'count'): 553.7, ('outer', 'scan'): 553.7, ('outer', 'expand'): 553.8, ('outer', 'sort'): 553.9, ('outer', 'reduce'): 553.9, ('outer', 'final'): 554.0, ('outer', 'pack'): 554.0, ('outer', 'd2h'): 554.8, ('colw', 'start'): 555.2, ('colw', 'h2d'): 555.3, ('colw', 'csc'): 555.4, ('colw', 'count'): 555.4, ('colw', 'scan'): 555.4, ('colw', 'expand'): 555.4, ('colw', 'sort'): 555.6, ('colw', 'reduce'): 555.6, ('colw', 'final'): 555.6, ('colw', 'pack'): 555.7, ('colw', 'd2h'): 556.4, ('inner', 'start'): 556.9, ('inner', 'h2d'): 557.0, ('inner', 'csc'): 557.0, ('inner', 'count'): 557.1, ('inner', 'scan'): 557.1, ('inner', 'expand'): 557.1, ('inner', 'sort'): 557.2, ('inner', 'reduce'): 557.3, ('inner', 'final'): 557.3, ('inner', 'numeric'): 557.3, ('inner', 'pack'): 557.4, ('inner', 'd2h'): 558.2}"
Extremely sparse,bcsstm21,3600,3600,0.027777777777777776,3600,3600,3600,3600,3600,0.0,,0.0,0.20000000000004547,0.09999999999990905,0.900000000000091,0.2999999999999545,1.473,,,,,1.423,,1.526,1.513,1.53,"{('cu', 'start'): 534.3, ('cu', 'h2d'): 534.5, ('cu', 'workest'): 534.5, ('cu', 'compute'): 534.7, ('cu', 'copy'): 534.8, ('cu', 'pack'): 534.8, ('cu', 'd2h'): 535.7, ('gust', 'start'): 536.1, ('gust', 'h2d'): 536.2, ('gust', 'count'): 536.2, ('gust', 'scan'): 536.3, ('gust', 'expand'): 536.3, ('gust', 'sort'): 536.4, ('gust', 'reduce'): 536.5, ('gust', 'final'): 536.5, ('gust', 'pack'): 536.6, ('gust', 'd2h'): 537.4, ('outer', 'start'): 537.8, ('outer', 'h2d'): 537.9, ('outer', 'csc'): 538.0, ('outer', 'count'): 538.0, ('outer', 'scan'): 538.1, ('outer', 'expand'): 538.1, ('outer', 'sort'): 538.2, ('outer', 'reduce'): 538.3, ('outer', 'final'): 538.3, ('outer', 'pack'): 538.3, ('outer', 'd2h'): 539.2, ('colw', 'start'): 539.6, ('colw', 'h2d'): 539.8, ('colw', 'csc'): 539.9, ('colw', 'count'): 539.9, ('colw', 'scan'): 539.9, ('colw', 'expand'): 539.9, ('colw', 'sort'): 540.1, ('colw', 'reduce'): 540.1, ('colw', 'final'): 540.2, ('colw', 'pack'): 540.2, ('colw', 'd2h'): 541.0, ('inner', 'start'): 541.4, ('inner', 'h2d'): 541.6, ('inner', 'csc'): 541.7, ('inner', 'count'): 541.7, ('inner', 'scan'): 541.7, ('inner', 'expand'): 541.7, ('inner', 'sort'): 541.9, ('inner', 'reduce'): 541.9, ('inner', 'final'): 542.0, ('inner', 'numeric'): 542.0, ('inner', 'pack'): 542.0, ('inner', 'd2h'): 542.8}"
Extremely sparse,bcsstm25,15439,15439,0.006477103439341926,15439,15439,15439,15439,15439,0.0,,0.0,0.20000000000004547,0.10000000000002274,0.8999999999999773,0.3000000000000682,1.425,,,,,1.355,,1.45,1.424,1.493,"{('cu', 'start'): 530.1, ('cu', 'h2d'): 530.3, ('cu', 'workest'): 530.3, ('cu', 'compute'): 530.5, ('cu', 'copy'): 530.6, ('cu', 'pack'): 530.6, ('cu', 'd2h'): 531.5, ('gust', 'start'): 531.8, ('gust', 'h2d'): 531.9, ('gust', 'count'): 532.0, ('gust', 'scan'): 532.0, ('gust', 'expand'): 532.1, ('gust', 'sort'): 532.2, ('gust', 'reduce'): 532.2, ('gust', 'final'): 532.3, ('gust', 'pack'): 532.3, ('gust', 'd2h'): 533.1, ('outer', 'start'): 533.5, ('outer', 'h2d'): 533.6, ('outer', 'csc'): 533.7, ('outer', 'count'): 533.7, ('outer', 'scan'): 533.7, ('outer', 'expand'): 533.7, ('outer', 'sort'): 533.9, ('outer', 'reduce'): 533.9, ('outer', 'final'): 534.0, ('outer', 'pack'): 534.0, ('outer', 'd2h'): 534.8, ('colw', 'start'): 535.2, ('colw', 'h2d'): 535.3, ('colw', 'csc'): 535.4, ('colw', 'count'): 535.4, ('colw', 'scan'): 535.4, ('colw', 'expand'): 535.5, ('colw', 'sort'): 535.6, ('colw', 'reduce'): 535.6, ('colw', 'final'): 535.7, ('colw', 'pack'): 535.7, ('colw', 'd2h'): 536.5, ('inner', 'start'): 536.9, ('inner', 'h2d'): 537.0, ('inner', 'csc'): 537.1, ('inner', 'count'): 537.1, ('inner', 'scan'): 537.2, ('inner', 'expand'): 537.2, ('inner', 'sort'): 537.3, ('inner', 'reduce'): 537.3, ('inner', 'final'): 537.4, ('inner', 'numeric'): 537.4, ('inner', 'pack'): 537.5, ('inner', 'd2h'): 538.3}"
