name,class,tag,n,A_nnz,h2d,csc,count,scan,expand,workest,compute,copy,sort,reduce,final,numeric,pack,d2h
bcsstk02,Dense,cu,66,4356,0.09400000000005093,,,,,0.07899999999995089,0.23099999999999454,0.06400000000007822,,,,,0.020999999999958163,0.1190000000000282
bcsstk02,Dense,gust,66,4356,0.08199999999999363,,0.02699999999992997,0.044000000000096406,0.1049999999999045,,,,0.26900000000000546,0.16200000000003456,0.2259999999999991,,0.024999999999977263,0.012000000000057298
bcsstk02,Dense,outer,66,4356,0.08600000000001273,0.09900000000004638,0.024999999999977263,0.038000000000010914,0.09299999999996089,,,,0.2800000000000864,0.16299999999989723,0.21400000000005548,,0.024999999999977263,0.013000000000033651
bcsstk02,Dense,colw,66,4356,0.08600000000001273,0.09900000000004638,0.02400000000000091,0.038000000000010914,0.0989999999999327,,,,0.2940000000000964,0.15899999999999181,0.20499999999992724,,0.027000000000043656,0.011999999999943611
bcsstk02,Dense,inner,66,4356,0.07799999999997453,0.09699999999997999,0.026000000000067303,0.038000000000010914,0.10199999999997544,,,,0.2699999999999818,0.15600000000006276,0.20199999999999818,0.10599999999999454,0.02299999999991087,0.013000000000033651
can_24,Dense,cu,24,160,0.08000000000004093,,,,,0.07899999999995089,0.15599999999994907,0.057999999999992724,,,,,0.023000000000024556,0.030000000000086402
can_24,Dense,gust,24,160,0.07899999999995089,,0.026000000000067303,0.03899999999998727,0.025999999999953616,,,,0.05700000000001637,0.04399999999998272,0.05600000000004002,,0.021999999999934516,0.010000000000104592
can_24,Dense,outer,24,160,0.07399999999995543,0.06700000000000728,0.023000000000024556,0.03499999999996817,0.02100000000007185,,,,0.04399999999998272,0.03899999999998727,0.05700000000001637,,0.021999999999934516,0.009999999999990905
can_24,Dense,colw,24,160,0.07300000000009277,0.06700000000000728,0.02400000000000091,0.041999999999916326,0.02500000000009095,,,,0.04399999999998272,0.038000000000010914,0.05099999999993088,,0.023000000000024556,0.009999999999990905
can_24,Dense,inner,24,160,0.07000000000005002,0.06399999999996453,0.024999999999977263,0.03600000000005821,0.020999999999958163,,,,0.04399999999998272,0.038000000000010914,0.05400000000008731,0.027999999999906322,0.019000000000005457,0.011000000000080945
bcsstk04,Dense,cu,132,3648,0.08500000000003638,,,,,0.08199999999999363,0.2859999999999445,0.06500000000005457,,,,,0.021999999999934516,0.12100000000009459
bcsstk04,Dense,gust,132,3648,0.0809999999999036,,0.02800000000002001,0.04200000000003001,0.04100000000005366,,,,0.2829999999999018,0.11700000000007549,0.13799999999991996,,0.026000000000067303,0.016999999999939064
bcsstk04,Dense,outer,132,3648,0.08199999999999363,0.09299999999996089,0.023000000000024556,0.03899999999998727,0.02800000000002001,,,,0.26400000000001,0.12800000000004275,0.13799999999991996,,0.023000000000024556,0.019000000000005457
bcsstk04,Dense,colw,132,3648,0.08300000000008367,0.08999999999991815,0.02500000000009095,0.038000000000010914,0.033999999999991815,,,,0.27299999999991087,0.1190000000000282,0.13800000000003365,,0.025999999999953616,0.01700000000005275
bcsstk04,Dense,inner,132,3648,0.08100000000001728,0.09100000000000819,0.02400000000000091,0.03700000000003456,0.03799999999989723,,,,0.26500000000010004,0.11599999999998545,0.13599999999996726,0.04600000000004911,0.021999999999934516,0.018000000000029104
bcsstk01,Dense,cu,48,400,0.07600000000002183,,,,,0.07799999999997453,0.16999999999995907,0.057999999999992724,,,,,0.02400000000000091,0.030000000000086402
bcsstk01,Dense,gust,48,400,0.07200000000000273,,0.02400000000000091,0.04000000000007731,0.036999999999920874,,,,0.11800000000005184,0.04499999999995907,0.06299999999998818,,0.02100000000007185,0.010999999999967258
bcsstk01,Dense,outer,48,400,0.07299999999997908,0.06900000000007367,0.023000000000024556,0.03499999999996817,0.03700000000003456,,,,0.1069999999999709,0.047000000000025466,0.057999999999992724,,0.021999999999934516,0.011000000000080945
bcsstk01,Dense,colw,48,400,0.08100000000001728,0.07100000000002638,0.023000000000024556,0.03499999999996817,0.025999999999953616,,,,0.10900000000003729,0.03899999999998727,0.051000000000044565,,0.023000000000024556,0.009999999999990905
bcsstk01,Dense,inner,48,400,0.06799999999998363,0.07200000000000273,0.023000000000024556,0.033999999999991815,0.023000000000024556,,,,0.1069999999999709,0.03999999999996362,0.05000000000006821,0.038000000000010914,0.019000000000005457,0.011999999999943611
can_61,Dense,cu,61,557,0.07699999999999818,,,,,0.07699999999999818,0.17200000000002547,0.06299999999998818,,,,,0.023000000000024556,0.028999999999996362
can_61,Dense,gust,61,557,0.07399999999995543,,0.026000000000067303,0.03999999999996362,0.029999999999972715,,,,0.11800000000005184,0.045999999999935426,0.06000000000005912,,0.02299999999991087,0.011000000000080945
can_61,Dense,outer,61,557,0.07500000000004547,0.07600000000002183,0.024999999999977263,0.033999999999991815,0.02400000000000091,,,,0.11099999999999,0.04899999999997817,0.05899999999996908,,0.023000000000024556,0.009999999999990905
can_61,Dense,colw,61,557,0.08500000000003638,0.08000000000004093,0.023000000000024556,0.03599999999994452,0.025999999999953616,,,,0.10600000000010823,0.04099999999993997,0.055000000000063665,,0.021999999999934516,0.009999999999990905
can_61,Dense,inner,61,557,0.07100000000002638,0.07200000000000273,0.02400000000000091,0.033999999999991815,0.025999999999953616,,,,0.10500000000001819,0.04100000000005366,0.05199999999990723,0.031000000000062755,0.028999999999996362,0.011999999999943611
bcsstk05,Dense,cu,153,2423,0.08699999999998909,,,,,0.07500000000004547,0.18700000000001182,0.06299999999998818,,,,,0.023000000000024556,0.032999999999901775
bcsstk05,Dense,gust,153,2423,0.09600000000000364,,0.02699999999992997,0.04399999999998272,0.028999999999996362,,,,0.1290000000000191,0.04600000000004911,0.06700000000000728,,0.020999999999958163,0.014000000000010004
bcsstk05,Dense,outer,153,2423,0.08500000000003638,0.08199999999999363,0.021999999999934516,0.04100000000005366,0.02400000000000091,,,,0.1330000000000382,0.04899999999997817,0.05999999999994543,,0.019000000000005457,0.014000000000010004
bcsstk05,Dense,colw,153,2423,0.08499999999992269,0.08100000000001728,0.02400000000000091,0.03899999999998727,0.027000000000043656,,,,0.12199999999995725,0.04100000000005366,0.05499999999994998,,0.019000000000005457,0.014000000000010004
bcsstk05,Dense,inner,153,2423,0.08100000000001728,0.07900000000006457,0.02299999999991087,0.035000000000081855,0.025999999999953616,,,,0.125,0.04100000000005366,0.05599999999992633,0.03499999999996817,0.020000000000095497,0.014000000000010004
bcspwr01,Mildly sparse,cu,39,131,0.07799999999997453,,,,,0.08899999999994179,0.17000000000007276,0.05999999999994543,,,,,0.02100000000007185,0.025999999999953616
bcspwr01,Mildly sparse,gust,39,131,0.07900000000006457,,0.023000000000024556,0.043000000000006366,0.024999999999977263,,,,0.04800000000000182,0.04200000000003001,0.05899999999996908,,0.020999999999958163,0.010999999999967258
bcspwr01,Mildly sparse,outer,39,131,0.07299999999997908,0.07799999999997453,0.023000000000024556,0.038000000000010914,0.020999999999958163,,,,0.04500000000007276,0.045999999999935426,0.057999999999992724,,0.02100000000007185,0.010999999999967258
bcspwr01,Mildly sparse,colw,39,131,0.07600000000002183,0.06799999999998363,0.023000000000024556,0.03600000000005821,0.021999999999934516,,,,0.043000000000006366,0.038000000000010914,0.05299999999999727,,0.020999999999958163,0.011000000000080945
bcspwr01,Mildly sparse,inner,39,131,0.08299999999996999,0.06700000000000728,0.021999999999934516,0.03700000000003456,0.023000000000024556,,,,0.045999999999935426,0.038000000000010914,0.05400000000008731,0.025999999999953616,0.019000000000005457,0.011999999999943611
can_96,Mildly sparse,cu,96,768,0.08199999999999363,,,,,0.08100000000001728,0.16099999999994452,0.06000000000005912,,,,,0.023000000000024556,0.03099999999994907
can_96,Mildly sparse,gust,96,768,0.08299999999996999,,0.024999999999977263,0.04000000000007731,0.033999999999991815,,,,0.11199999999996635,0.043000000000006366,0.06200000000001182,,0.021999999999934516,0.009999999999990905
can_96,Mildly sparse,outer,96,768,0.07399999999995543,0.06299999999998818,0.023000000000024556,0.03200000000003911,0.01999999999998181,,,,0.10799999999994725,0.04000000000007731,0.05700000000001637,,0.01999999999998181,0.018000000000029104
can_96,Mildly sparse,colw,96,768,0.07800000000008822,0.06799999999998363,0.020999999999958163,0.033999999999991815,0.026000000000067303,,,,0.1069999999999709,0.03899999999998727,0.04800000000000182,,0.018000000000029104,0.009999999999990905
can_96,Mildly sparse,inner,96,768,0.07299999999997908,0.06600000000003092,0.02400000000000091,0.03199999999992542,0.02500000000009095,,,,0.1089999999999236,0.04000000000007731,0.04899999999997817,0.028999999999996362,0.019000000000005457,0.010999999999967258
arc130,Mildly sparse,cu,130,1282,0.08600000000001273,,,,,0.08499999999992269,0.19800000000009277,0.06299999999998818,,,,,0.02299999999991087,0.038000000000010914
arc130,Mildly sparse,gust,130,1282,0.08699999999998909,,0.025999999999953616,0.04399999999998272,0.04399999999998272,,,,0.1310000000000855,0.04699999999991178,0.06500000000005457,,0.022000000000048203,0.01999999999998181
arc130,Mildly sparse,outer,130,1282,0.08000000000004093,0.1150000000000091,0.02299999999991087,0.038000000000010914,0.03600000000005821,,,,0.12999999999999545,0.049999999999954525,0.06500000000005457,,0.021999999999934516,0.01999999999998181
arc130,Mildly sparse,colw,130,1282,0.08699999999998909,0.1150000000000091,0.02800000000002001,0.03700000000003456,0.04200000000003001,,,,0.12399999999990996,0.04000000000007731,0.057999999999992724,,0.020999999999958163,0.01999999999998181
arc130,Mildly sparse,inner,130,1282,0.08100000000001728,0.1089999999999236,0.027000000000043656,0.051000000000044565,0.041999999999916326,,,,0.12400000000002365,0.03999999999996362,0.05600000000004002,0.051000000000044565,0.021999999999934516,0.01999999999998181
ash85,Mildly sparse,cu,85,523,0.08000000000004093,,,,,0.07299999999997908,0.16399999999998727,0.06299999999998818,,,,,0.023000000000024556,0.030000000000086402
ash85,Mildly sparse,gust,85,523,0.07699999999999818,,0.02400000000000091,0.043000000000006366,0.02800000000002001,,,,0.11199999999996635,0.04600000000004911,0.06199999999989814,,0.02400000000000091,0.010000000000104592
ash85,Mildly sparse,outer,85,523,0.07399999999995543,0.06899999999995998,0.026000000000067303,0.03599999999994452,0.024999999999977263,,,,0.11000000000001364,0.04200000000003001,0.06000000000005912,,0.01999999999998181,0.009999999999990905
ash85,Mildly sparse,colw,85,523,0.07400000000006912,0.07100000000002638,0.024999999999977263,0.03499999999996817,0.025999999999953616,,,,0.10700000000008458,0.043000000000006366,0.05499999999994998,,0.023000000000024556,0.009999999999990905
ash85,Mildly sparse,inner,85,523,0.07399999999995543,0.06700000000000728,0.02400000000000091,0.035000000000081855,0.024999999999977263,,,,0.1069999999999709,0.03999999999996362,0.05299999999999727,0.028999999999996362,0.020000000000095497,0.012999999999919964
can_73,Mildly sparse,cu,73,377,0.07799999999997453,,,,,0.07699999999999818,0.17499999999995453,0.06100000000003547,,,,,0.01999999999998181,0.025999999999953616
can_73,Mildly sparse,gust,73,377,0.07900000000006457,,0.021999999999934516,0.04100000000005366,0.03200000000003911,,,,0.049999999999954525,0.04399999999998272,0.06000000000005912,,0.021999999999934516,0.010999999999967258
can_73,Mildly sparse,outer,73,377,0.07500000000004547,0.06799999999998363,0.02299999999991087,0.04800000000000182,0.023000000000024556,,,,0.04600000000004911,0.047000000000025466,0.056999999999902684,,0.020000000000095497,0.010999999999967258
can_73,Mildly sparse,colw,73,377,0.07500000000004547,0.06899999999995998,0.023000000000024556,0.03499999999996817,0.026000000000067303,,,,0.045999999999935426,0.03899999999998727,0.06100000000003547,,0.020999999999958163,0.011000000000080945
can_73,Mildly sparse,inner,73,377,0.07299999999997908,0.07399999999995543,0.023000000000024556,0.03600000000005821,0.021999999999934516,,,,0.04600000000004911,0.03899999999998727,0.05299999999999727,0.027000000000043656,0.01899999999989177,0.011000000000080945
bcspwr02,Mildly sparse,cu,49,167,0.09500000000002728,,,,,0.0989999999999327,0.18000000000006366,0.06999999999993634,,,,,0.022000000000048203,0.02699999999992997
bcspwr02,Mildly sparse,gust,49,167,0.08899999999994179,,0.023000000000024556,0.043000000000006366,0.024999999999977263,,,,0.04899999999997817,0.04500000000007276,0.057999999999992724,,0.020999999999958163,0.010999999999967258
bcspwr02,Mildly sparse,outer,49,167,0.07400000000006912,0.06799999999998363,0.020999999999958163,0.03700000000003456,0.020999999999958163,,,,0.04600000000004911,0.05200000000002092,0.07799999999997453,,0.020999999999958163,0.011000000000080945
bcspwr02,Mildly sparse,colw,49,167,0.09300000000007458,0.0809999999999036,0.020000000000095497,0.03599999999994452,0.020999999999958163,,,,0.04500000000007276,0.03899999999998727,0.05299999999999727,,0.01999999999998181,0.010999999999967258
bcspwr02,Mildly sparse,inner,49,167,0.07699999999999818,0.06299999999998818,0.02100000000007185,0.03599999999994452,0.028999999999996362,,,,0.04500000000007276,0.056999999999902684,0.059000000000082764,0.02699999999992997,0.019000000000005457,0.012000000000057298
can_144,Mildly sparse,cu,144,1296,0.08699999999998909,,,,,0.07400000000006912,0.17799999999999727,0.06100000000003547,,,,,0.017999999999915417,0.027000000000043656
can_144,Mildly sparse,gust,144,1296,0.08399999999994634,,0.023000000000024556,0.03999999999996362,0.028999999999996362,,,,0.11400000000003274,0.04500000000007276,0.05299999999999727,,0.019000000000005457,0.009999999999990905
can_144,Mildly sparse,outer,144,1296,0.10700000000008458,0.07499999999993179,0.02100000000007185,0.038000000000010914,0.028999999999996362,,,,0.11099999999999,0.041999999999916326,0.05700000000001637,,0.018000000000029104,0.012000000000057298
can_144,Mildly sparse,colw,144,1296,0.08000000000004093,0.07099999999991269,0.02500000000009095,0.03599999999994452,0.023000000000024556,,,,0.11000000000001364,0.05099999999993088,0.05200000000002092,,0.022000000000048203,0.010999999999967258
can_144,Mildly sparse,inner,144,1296,0.07699999999999818,0.06799999999998363,0.02500000000009095,0.033999999999991815,0.02299999999991087,,,,0.11000000000001364,0.04100000000005366,0.04899999999997817,0.03200000000003911,0.017999999999915417,0.013000000000033651
can_62,Mildly sparse,cu,62,218,0.0809999999999036,,,,,0.07800000000008822,0.16699999999991633,0.06100000000003547,,,,,0.020999999999958163,0.02800000000002001
can_62,Mildly sparse,gust,62,218,0.09400000000005093,,0.024999999999977263,0.04399999999998272,0.026000000000067303,,,,0.04899999999997817,0.04200000000003001,0.06099999999992178,,0.02100000000007185,0.010999999999967258
can_62,Mildly sparse,outer,62,218,0.07600000000002183,0.07299999999997908,0.028999999999996362,0.04499999999995907,0.02800000000002001,,,,0.05600000000004002,0.049999999999954525,0.06100000000003547,,0.021999999999934516,0.011000000000080945
can_62,Mildly sparse,colw,62,218,0.09500000000002728,0.07200000000000273,0.02299999999991087,0.038000000000010914,0.026000000000067303,,,,0.04499999999995907,0.043000000000006366,0.05600000000004002,,0.020999999999958163,0.010999999999967258
can_62,Mildly sparse,inner,62,218,0.07500000000004547,0.06599999999991724,0.022000000000048203,0.03600000000005821,0.028999999999996362,,,,0.04499999999995907,0.03899999999998727,0.05200000000002092,0.025999999999953616,0.030000000000086402,0.011999999999943611
can_161,Mildly sparse,cu,161,1377,0.08500000000003638,,,,,0.08000000000004093,0.17399999999997817,0.05899999999996908,,,,,0.01999999999998181,0.028999999999996362
can_161,Mildly sparse,gust,161,1377,0.08299999999996999,,0.026000000000067303,0.043000000000006366,0.024999999999977263,,,,0.11799999999993815,0.05700000000001637,0.059000000000082764,,0.01999999999998181,0.012999999999919964
can_161,Mildly sparse,outer,161,1377,0.07899999999995089,0.06899999999995998,0.023000000000024556,0.03700000000003456,0.021999999999934516,,,,0.11200000000008004,0.04899999999997817,0.05899999999996908,,0.023000000000024556,0.013000000000033651
can_161,Mildly sparse,colw,161,1377,0.08100000000001728,0.07200000000000273,0.03199999999992542,0.04899999999997817,0.022000000000048203,,,,0.11099999999999,0.03999999999996362,0.055000000000063665,,0.020999999999958163,0.012000000000057298
can_161,Mildly sparse,inner,161,1377,0.08000000000004093,0.06999999999993634,0.023000000000024556,0.03700000000003456,0.023000000000024556,,,,0.11000000000001364,0.04099999999993997,0.053999999999973625,0.028999999999996362,0.020000000000095497,0.013999999999896318
bcsstk03,Mildly sparse,cu,112,640,0.08200000000010732,,,,,0.08999999999991815,0.17200000000002547,0.06100000000003547,,,,,0.021999999999934516,0.02800000000002001
bcsstk03,Mildly sparse,gust,112,640,0.08000000000004093,,0.02400000000000091,0.043000000000006366,0.025999999999953616,,,,0.11400000000003274,0.04399999999998272,0.05700000000001637,,0.019000000000005457,0.010999999999967258
bcsstk03,Mildly sparse,outer,112,640,0.08600000000001273,0.06799999999998363,0.023000000000024556,0.03700000000003456,0.020999999999958163,,,,0.10900000000003729,0.047000000000025466,0.05200000000002092,,0.019000000000005457,0.010999999999967258
bcsstk03,Mildly sparse,colw,112,640,0.07799999999997453,0.06500000000005457,0.022000000000048203,0.03599999999994452,0.01999999999998181,,,,0.11000000000001364,0.03899999999998727,0.06700000000000728,,0.02100000000007185,0.010999999999967258
bcsstk03,Mildly sparse,inner,112,640,0.07499999999993179,0.06600000000003092,0.020999999999958163,0.03600000000005821,0.01999999999998181,,,,0.11000000000001364,0.03999999999996362,0.05299999999999727,0.027000000000043656,0.018000000000029104,0.010999999999967258
bcsstk06,Mildly sparse,cu,420,7860,0.12599999999997635,,,,,0.09200000000009823,0.3039999999999736,0.08100000000001728,,,,,0.02400000000000091,0.1309999999999718
bcsstk06,Mildly sparse,gust,420,7860,0.12599999999997635,,0.027000000000043656,0.047000000000025466,0.03300000000001546,,,,0.2939999999999827,0.11799999999993815,0.07299999999997908,,0.026000000000067303,0.025999999999953616
bcsstk06,Mildly sparse,outer,420,7860,0.10199999999997544,0.0949999999999136,0.026000000000067303,0.04099999999993997,0.09000000000003183,,,,0.2860000000000582,0.11000000000001364,0.14599999999995816,,0.028999999999996362,0.024999999999977263
bcsstk06,Mildly sparse,colw,420,7860,0.12599999999997635,0.09299999999996089,0.027000000000043656,0.04399999999998272,0.09600000000000364,,,,0.29300000000000637,0.11099999999999,0.15300000000002,,0.031000000000062755,0.02400000000000091
bcsstk06,Mildly sparse,inner,420,7860,0.12199999999995725,0.09400000000005093,0.033999999999991815,0.04399999999998272,0.09799999999995634,,,,0.28300000000001546,0.10800000000006094,0.14400000000000546,0.03899999999998727,0.025999999999953616,0.027000000000043656
bcsstk07,Mildly sparse,cu,420,7860,0.1129999999999427,,,,,0.08800000000007913,0.27099999999995816,0.06600000000003092,,,,,0.01999999999998181,0.1269999999999527
bcsstk07,Mildly sparse,gust,420,7860,0.1089999999999236,,0.02800000000002001,0.04200000000003001,0.03300000000001546,,,,0.2819999999999254,0.11600000000009913,0.06699999999989359,,0.023000000000024556,0.02400000000000091
bcsstk07,Mildly sparse,outer,420,7860,0.09399999999993724,0.08300000000008367,0.02400000000000091,0.03599999999994452,0.08900000000005548,,,,0.2740000000000009,0.10799999999994725,0.13900000000001,,0.024999999999977263,0.024999999999977263
bcsstk07,Mildly sparse,colw,420,7860,0.11400000000003274,0.08399999999994634,0.033999999999991815,0.038000000000010914,0.09799999999995634,,,,0.2760000000000673,0.10599999999999454,0.13599999999996726,,0.02400000000000091,0.02400000000000091
bcsstk07,Mildly sparse,inner,420,7860,0.08500000000003638,0.08500000000003638,0.028999999999996362,0.04699999999991178,0.09600000000000364,,,,0.2699999999999818,0.10400000000004184,0.13599999999996726,0.039000000000100954,0.020999999999958163,0.024999999999977263
can_256,Mildly sparse,cu,256,2916,0.08599999999989905,,,,,0.07800000000008822,0.19799999999997908,0.06399999999996453,,,,,0.01999999999998181,0.03899999999998727
can_256,Mildly sparse,gust,256,2916,0.08499999999992269,,0.024999999999977263,0.04200000000003001,0.03700000000003456,,,,0.12599999999997635,0.04499999999995907,0.059000000000082764,,0.019000000000005457,0.020999999999958163
can_256,Mildly sparse,outer,256,2916,0.09600000000000364,0.10199999999997544,0.01999999999998181,0.03899999999998727,0.028999999999996362,,,,0.12400000000002365,0.04100000000005366,0.06899999999995998,,0.020999999999958163,0.022000000000048203
can_256,Mildly sparse,colw,256,2916,0.08500000000003638,0.1029999999999518,0.022000000000048203,0.03599999999994452,0.03200000000003911,,,,0.12199999999995725,0.043000000000006366,0.055000000000063665,,0.021999999999934516,0.022000000000048203
can_256,Mildly sparse,inner,256,2916,0.08100000000001728,0.09900000000004638,0.02299999999991087,0.038000000000010914,0.03300000000001546,,,,0.12199999999995725,0.039000000000100954,0.05299999999999727,0.043000000000006366,0.017999999999915417,0.022000000000048203
can_268,Mildly sparse,cu,268,3082,0.0909999999998945,,,,,0.07600000000002183,0.19500000000005002,0.06200000000001182,,,,,0.021999999999934516,0.035000000000081855
can_268,Mildly sparse,gust,268,3082,0.08699999999998909,,0.029999999999972715,0.047000000000025466,0.038000000000010914,,,,0.12999999999999545,0.04699999999991178,0.06300000000010186,,0.021999999999934516,0.01999999999998181
can_268,Mildly sparse,outer,268,3082,0.08699999999998909,0.08199999999999363,0.02400000000000091,0.03700000000003456,0.02800000000002001,,,,0.12399999999990996,0.05300000000011096,0.06399999999996453,,0.020999999999958163,0.02100000000007185
can_268,Mildly sparse,colw,268,3082,0.08899999999994179,0.08400000000006003,0.024999999999977263,0.03599999999994452,0.033999999999991815,,,,0.125,0.04000000000007731,0.06499999999994088,,0.02100000000007185,0.01999999999998181
can_268,Mildly sparse,inner,268,3082,0.07999999999992724,0.08000000000004093,0.02400000000000091,0.03599999999994452,0.04500000000007276,,,,0.12400000000002365,0.03999999999996362,0.06299999999998818,0.03599999999994452,0.020000000000095497,0.01999999999998181
can_187,Mildly sparse,cu,187,1491,0.07800000000008822,,,,,0.07499999999993179,0.18000000000006366,0.06099999999992178,,,,,0.019000000000005457,0.02800000000002001
can_187,Mildly sparse,gust,187,1491,0.08699999999998909,,0.024999999999977263,0.04100000000005366,0.03999999999996362,,,,0.11300000000005639,0.04499999999995907,0.05999999999994543,,0.023000000000024556,0.012000000000057298
can_187,Mildly sparse,outer,187,1491,0.07999999999992724,0.06500000000005457,0.03200000000003911,0.03499999999996817,0.019000000000005457,,,,0.11400000000003274,0.04899999999997817,0.05700000000001637,,0.02299999999991087,0.011000000000080945
can_187,Mildly sparse,colw,187,1491,0.08600000000001273,0.06899999999995998,0.02100000000007185,0.036999999999920874,0.029999999999972715,,,,0.10900000000003729,0.03999999999996362,0.05299999999999727,,0.022000000000048203,0.010999999999967258
can_187,Mildly sparse,inner,187,1491,0.07899999999995089,0.06700000000000728,0.02400000000000091,0.03600000000005821,0.021999999999934516,,,,0.11000000000001364,0.04200000000003001,0.05700000000001637,0.03099999999994907,0.018000000000029104,0.010999999999967258
bcsstm07,Mildly sparse,cu,420,7252,0.08899999999994179,,,,,0.08000000000004093,0.2599999999999909,0.06299999999998818,,,,,0.020999999999958163,0.12800000000004275
bcsstm07,Mildly sparse,gust,420,7252,0.1029999999999518,,0.027000000000043656,0.041999999999916326,0.03300000000001546,,,,0.27899999999999636,0.11099999999999,0.06400000000007822,,0.021999999999934516,0.024999999999977263
bcsstm07,Mildly sparse,outer,420,7252,0.10599999999999454,0.08300000000008367,0.033999999999991815,0.03899999999998727,0.028999999999996362,,,,0.2759999999999536,0.10599999999999454,0.1330000000000382,,0.08399999999994634,0.02800000000002001
bcsstm07,Mildly sparse,colw,420,7252,0.10000000000002274,0.08600000000001273,0.02400000000000091,0.038000000000010914,0.02699999999992997,,,,0.27499999999997726,0.10500000000001819,0.13400000000001455,,0.08400000000006003,0.025999999999953616
bcsstm07,Mildly sparse,inner,420,7252,0.09800000000007003,0.08199999999999363,0.02400000000000091,0.03899999999998727,0.02800000000002001,,,,0.2699999999999818,0.1029999999999518,0.13400000000001455,0.038000000000010914,0.02100000000007185,0.024999999999977263
bcsstk27,Mildly sparse,cu,1224,56126,0.16199999999992087,,,,,0.10700000000008458,0.5799999999999272,0.17700000000002092,,,,,0.03300000000001546,0.2540000000000191
bcsstk27,Mildly sparse,gust,1224,56126,0.16000000000008185,,0.04800000000000182,0.06199999999989814,0.22400000000004638,,,,0.6150000000000091,0.23299999999994725,0.4110000000000582,,0.11599999999998545,0.1069999999999709
bcsstk27,Mildly sparse,outer,1224,56126,0.14800000000002456,0.13900000000001,0.029999999999972715,0.05200000000002092,0.20100000000002183,,,,0.6019999999999754,0.21699999999998454,0.26700000000005275,,0.11599999999998545,0.11199999999996635
bcsstk27,Mildly sparse,colw,1224,56126,0.1490000000000009,0.13999999999998636,0.03300000000001546,0.05099999999993088,0.21699999999998454,,,,0.6090000000000373,0.21199999999998909,0.27100000000007185,,0.12000000000000455,0.10799999999994725
bcsstk27,Mildly sparse,inner,1224,56126,0.14400000000000546,0.1369999999999436,0.03200000000003911,0.05899999999996908,0.21500000000003183,,,,0.5990000000000464,0.22199999999998,0.26099999999996726,0.23900000000003274,0.11599999999998545,0.1069999999999709
bcsstm27,Mildly sparse,cu,1224,56126,0.13400000000001455,,,,,0.10199999999997544,0.5649999999999409,0.16400000000010095,,,,,0.027999999999906322,0.24900000000002365
bcsstm27,Mildly sparse,gust,1224,56126,0.13999999999998636,,0.043000000000006366,0.055000000000063665,0.21299999999996544,,,,0.5839999999999463,0.19200000000000728,0.3730000000000473,,0.10500000000001819,0.10500000000001819
bcsstm27,Mildly sparse,outer,1224,56126,0.12800000000004275,0.13400000000001455,0.027000000000043656,0.04299999999989268,0.18700000000001182,,,,0.5750000000000455,0.19200000000000728,0.23699999999996635,,0.09900000000004638,0.10000000000002274
bcsstm27,Mildly sparse,colw,1224,56126,0.1309999999999718,0.13599999999996726,0.030000000000086402,0.041999999999916326,0.20000000000004547,,,,0.5720000000000027,0.18100000000004002,0.25299999999992906,,0.10400000000004184,0.10199999999997544
bcsstm27,Mildly sparse,inner,1224,56126,0.12799999999992906,0.1270000000000664,0.03300000000001546,0.04099999999993997,0.21100000000001273,,,,0.5740000000000691,0.18599999999992178,0.23300000000006094,0.19899999999995543,0.09600000000000364,0.10400000000004184
bcsstk22,Mildly sparse,cu,138,696,0.07799999999997453,,,,,0.07400000000006912,0.17300000000000182,0.06199999999989814,,,,,0.02100000000007185,0.02800000000002001
bcsstk22,Mildly sparse,gust,138,696,0.07699999999999818,,0.023000000000024556,0.04099999999993997,0.031000000000062755,,,,0.12599999999997635,0.04499999999995907,0.05700000000001637,,0.01999999999998181,0.009999999999990905
bcsstk22,Mildly sparse,outer,138,696,0.07500000000004547,0.06600000000003092,0.02299999999991087,0.03600000000005821,0.02400000000000091,,,,0.11199999999996635,0.047000000000025466,0.05700000000001637,,0.020999999999958163,0.010999999999967258
bcsstk22,Mildly sparse,colw,138,696,0.08699999999998909,0.07100000000002638,0.023000000000024556,0.036999999999920874,0.022000000000048203,,,,0.11000000000001364,0.04099999999993997,0.05299999999999727,,0.01999999999998181,0.011000000000080945
bcsstk22,Mildly sparse,inner,138,696,0.07299999999997908,0.06700000000000728,0.021999999999934516,0.03700000000003456,0.02400000000000091,,,,0.11099999999999,0.03999999999996362,0.05400000000008731,0.02699999999992997,0.028999999999996362,0.012000000000057298
bcspwr03,Mildly sparse,cu,118,476,0.08299999999996999,,,,,0.07500000000004547,0.17599999999993088,0.06100000000003547,,,,,0.02400000000000091,0.028999999999996362
bcspwr03,Mildly sparse,gust,118,476,0.08100000000001728,,0.01999999999998181,0.04000000000007731,0.024999999999977263,,,,0.04800000000000182,0.04600000000004911,0.05999999999994543,,0.03200000000003911,0.010999999999967258
bcspwr03,Mildly sparse,outer,118,476,0.07400000000006912,0.06899999999995998,0.023000000000024556,0.03599999999994452,0.027000000000043656,,,,0.04499999999995907,0.03999999999996362,0.06600000000003092,,0.02400000000000091,0.009999999999990905
bcspwr03,Mildly sparse,colw,118,476,0.07899999999995089,0.06700000000000728,0.024999999999977263,0.033999999999991815,0.026000000000067303,,,,0.045999999999935426,0.038000000000010914,0.05299999999999727,,0.022000000000048203,0.009999999999990905
bcspwr03,Mildly sparse,inner,118,476,0.07099999999991269,0.06600000000003092,0.043000000000006366,0.03600000000005821,0.024999999999977263,,,,0.04499999999995907,0.03700000000003456,0.05299999999999727,0.028999999999996362,0.019000000000005457,0.011999999999943611
can_229,Mildly sparse,cu,229,1777,0.08799999999996544,,,,,0.07800000000008822,0.16899999999998272,0.06100000000003547,,,,,0.025999999999953616,0.028999999999996362
can_229,Mildly sparse,gust,229,1777,0.08399999999994634,,0.023000000000024556,0.043000000000006366,0.024999999999977263,,,,0.1209999999999809,0.04500000000007276,0.057999999999992724,,0.019000000000005457,0.013000000000033651
can_229,Mildly sparse,outer,229,1777,0.07800000000008822,0.06799999999998363,0.02400000000000091,0.03599999999994452,0.01999999999998181,,,,0.11600000000009913,0.04899999999997817,0.06999999999993634,,0.023000000000024556,0.013000000000033651
can_229,Mildly sparse,colw,229,1777,0.08200000000010732,0.06999999999993634,0.02400000000000091,0.03600000000005821,0.02299999999991087,,,,0.11400000000003274,0.04100000000005366,0.056999999999902684,,0.022000000000048203,0.013000000000033651
can_229,Mildly sparse,inner,229,1777,0.07699999999999818,0.06899999999995998,0.02400000000000091,0.047000000000025466,0.024999999999977263,,,,0.11300000000005639,0.03999999999996362,0.055000000000063665,0.028999999999996362,0.019000000000005457,0.012999999999919964
can_292,Mildly sparse,cu,292,2540,0.08299999999996999,,,,,0.07699999999999818,0.19399999999995998,0.06100000000003547,,,,,0.022000000000048203,0.033999999999991815
can_292,Mildly sparse,gust,292,2540,0.08500000000003638,,0.02699999999992997,0.043000000000006366,0.029999999999972715,,,,0.12800000000004275,0.04499999999995907,0.06300000000010186,,0.020999999999958163,0.016999999999939064
can_292,Mildly sparse,outer,292,2540,0.07999999999992724,0.08800000000007913,0.02299999999991087,0.03700000000003456,0.027000000000043656,,,,0.125,0.05099999999993088,0.05600000000004002,,0.021999999999934516,0.01700000000005275
can_292,Mildly sparse,colw,292,2540,0.08599999999989905,0.08500000000003638,0.02400000000000091,0.038000000000010914,0.025999999999953616,,,,0.1230000000000473,0.03999999999996362,0.059000000000082764,,0.020999999999958163,0.018000000000029104
can_292,Mildly sparse,inner,292,2540,0.08699999999998909,0.08400000000006003,0.023000000000024556,0.036999999999920874,0.03600000000005821,,,,0.1229999999999336,0.04100000000005366,0.053999999999973625,0.03600000000005821,0.01999999999998181,0.018000000000029104
ash292,Mildly sparse,cu,292,2208,0.08899999999994179,,,,,0.08600000000001273,0.17799999999999727,0.06100000000003547,,,,,0.01999999999998181,0.028999999999996362
ash292,Mildly sparse,gust,292,2208,0.09000000000003183,,0.02299999999991087,0.043000000000006366,0.027000000000043656,,,,0.1150000000000091,0.04499999999995907,0.057999999999992724,,0.019000000000005457,0.014000000000010004
ash292,Mildly sparse,outer,292,2208,0.08699999999998909,0.07200000000000273,0.022000000000048203,0.03700000000003456,0.02299999999991087,,,,0.11200000000008004,0.043000000000006366,0.06199999999989814,,0.022000000000048203,0.014000000000010004
ash292,Mildly sparse,colw,292,2208,0.08100000000001728,0.07199999999988904,0.02400000000000091,0.03600000000005821,0.024999999999977263,,,,0.1169999999999618,0.043000000000006366,0.05299999999999727,,0.02100000000007185,0.013000000000033651
ash292,Mildly sparse,inner,292,2208,0.08399999999994634,0.07100000000002638,0.023000000000024556,0.03700000000003456,0.02400000000000091,,,,0.11199999999996635,0.04099999999993997,0.05400000000008731,0.02699999999992997,0.019000000000005457,0.014999999999986358
bcspwr04,Mildly sparse,cu,274,1612,0.08100000000001728,,,,,0.08000000000004093,0.17300000000000182,0.06299999999998818,,,,,0.020999999999958163,0.029999999999972715
bcspwr04,Mildly sparse,gust,274,1612,0.08000000000004093,,0.02400000000000091,0.04200000000003001,0.02800000000002001,,,,0.12599999999997635,0.045999999999935426,0.06300000000010186,,0.01999999999998181,0.012999999999919964
bcspwr04,Mildly sparse,outer,274,1612,0.08000000000004093,0.07399999999995543,0.023000000000024556,0.038000000000010914,0.023000000000024556,,,,0.11099999999999,0.047000000000025466,0.057999999999992724,,0.021999999999934516,0.013000000000033651
bcspwr04,Mildly sparse,colw,274,1612,0.0909999999998945,0.07500000000004547,0.024999999999977263,0.038000000000010914,0.024999999999977263,,,,0.11099999999999,0.04200000000003001,0.05600000000004002,,0.01999999999998181,0.013000000000033651
bcspwr04,Mildly sparse,inner,274,1612,0.07799999999997453,0.07100000000002638,0.023000000000024556,0.036999999999920874,0.02500000000009095,,,,0.11099999999999,0.03899999999998727,0.06299999999998818,0.03099999999994907,0.01999999999998181,0.014000000000010004
bcsstk13,Mildly sparse,cu,2003,83883,0.19300000000009732,,,,,0.0949999999999136,0.6340000000000146,0.19100000000003092,,,,,0.08899999999994179,0.5480000000000018
bcsstk13,Mildly sparse,gust,2003,83883,0.16700000000003,,0.07200000000000273,0.047000000000025466,0.23099999999999454,,,,0.7989999999999782,0.22000000000002728,0.55499999999995,,0.09799999999995634,0.26500000000010004
bcsstk13,Mildly sparse,outer,2003,83883,0.15599999999994907,0.17399999999997817,0.023000000000024556,0.04000000000007731,0.19899999999995543,,,,0.8010000000000446,0.20899999999994634,0.40999999999996817,,0.09900000000004638,0.2619999999999436
bcsstk13,Mildly sparse,colw,2003,83883,0.1610000000000582,0.17499999999995453,0.028999999999996362,0.04200000000003001,0.22299999999995634,,,,0.7960000000000491,0.21000000000003638,0.40399999999999636,,0.09999999999990905,0.2620000000000573
bcsstk13,Mildly sparse,inner,2003,83883,0.1570000000000391,0.17600000000004457,0.028999999999996362,0.03899999999998727,0.22000000000002728,,,,0.8039999999999736,0.20899999999994634,0.39800000000002456,0.3290000000000646,0.14699999999993452,0.2680000000000291
bcsstm01,Mildly sparse,cu,48,48,0.08299999999996999,,,,,0.08500000000003638,0.16399999999998727,0.05700000000001637,,,,,0.01999999999998181,0.02800000000002001
bcsstm01,Mildly sparse,gust,48,48,0.08100000000001728,,0.024999999999977263,0.04800000000000182,0.02400000000000091,,,,0.049999999999954525,0.04399999999998272,0.07600000000002183,,0.022000000000048203,0.010999999999967258
bcsstm01,Mildly sparse,outer,48,48,0.07899999999995089,0.06600000000003092,0.020999999999958163,0.038000000000010914,0.01999999999998181,,,,0.059000000000082764,0.03899999999998727,0.06399999999996453,,0.020999999999958163,0.009999999999990905
bcsstm01,Mildly sparse,colw,48,48,0.08100000000001728,0.08199999999999363,0.022000000000048203,0.036999999999920874,0.018000000000029104,,,,0.057999999999992724,0.04100000000005366,0.06599999999991724,,0.02100000000007185,0.010999999999967258
bcsstm01,Mildly sparse,inner,48,48,0.08299999999996999,0.07100000000002638,0.021999999999934516,0.038000000000010914,0.02400000000000091,,,,0.04600000000004911,0.038000000000010914,0.06399999999996453,0.024999999999977263,0.019000000000005457,0.010999999999967258
bcsstk14,Mildly sparse,cu,1806,63454,0.14200000000005275,,,,,0.09799999999995634,0.5769999999999982,0.1430000000000291,,,,,0.08000000000004093,0.33199999999999363
bcsstk14,Mildly sparse,gust,1806,63454,0.13400000000001455,,0.055000000000063665,0.04899999999997817,0.19600000000002638,,,,0.5589999999999691,0.19100000000003092,0.45299999999997453,,0.027000000000043656,0.13899999999989632
bcsstk14,Mildly sparse,outer,1806,63454,0.13400000000001455,0.1190000000000282,0.023000000000024556,0.03999999999996362,0.17300000000000182,,,,0.5439999999999827,0.18500000000005912,0.3120000000000118,,0.09399999999993724,0.1370000000000573
bcsstk14,Mildly sparse,colw,1806,63454,0.13400000000001455,0.12199999999995725,0.026000000000067303,0.03899999999998727,0.18700000000001182,,,,0.5430000000000064,0.18899999999996453,0.30499999999995,,0.09200000000009823,0.13999999999998636
bcsstk14,Mildly sparse,inner,1806,63454,0.13199999999994816,0.1190000000000282,0.02800000000002001,0.03999999999996362,0.19799999999997908,,,,0.5510000000000446,0.18299999999999272,0.3149999999999409,0.21900000000005093,0.09100000000000819,0.13800000000003365
can_445,Mildly sparse,cu,445,3809,0.09000000000003183,,,,,0.08199999999999363,0.18899999999996453,0.06400000000007822,,,,,0.020999999999958163,0.03300000000001546
can_445,Mildly sparse,gust,445,3809,0.08799999999996544,,0.023000000000024556,0.04200000000003001,0.028999999999996362,,,,0.1409999999999627,0.04500000000007276,0.05999999999994543,,0.019000000000005457,0.01700000000005275
can_445,Mildly sparse,outer,445,3809,0.09299999999996089,0.07000000000005002,0.020999999999958163,0.03600000000005821,0.03300000000001546,,,,0.125,0.04800000000000182,0.05599999999992633,,0.022000000000048203,0.01700000000005275
can_445,Mildly sparse,colw,445,3809,0.09000000000003183,0.07399999999995543,0.020999999999958163,0.038000000000010914,0.022000000000048203,,,,0.12400000000002365,0.04099999999993997,0.05899999999996908,,0.022000000000048203,0.01700000000005275
can_445,Mildly sparse,inner,445,3809,0.08499999999992269,0.06900000000007367,0.020999999999958163,0.03700000000003456,0.02699999999992997,,,,0.125,0.03899999999998727,0.057999999999992724,0.028999999999996362,0.020000000000095497,0.016999999999939064
bcsstm10,Mildly sparse,cu,1086,22092,0.10300000000006548,,,,,0.08399999999994634,0.28500000000008185,0.06599999999991724,,,,,0.019000000000005457,0.15200000000004366
bcsstm10,Mildly sparse,gust,1086,22092,0.09500000000002728,,0.031000000000062755,0.04299999999989268,0.1610000000000582,,,,0.27700000000004366,0.16699999999991633,0.24500000000000455,,0.027000000000043656,0.04499999999995907
bcsstm10,Mildly sparse,outer,1086,22092,0.09299999999996089,0.08600000000001273,0.023000000000024556,0.03700000000003456,0.15599999999994907,,,,0.2799999999999727,0.1550000000000864,0.13899999999989632,,0.027000000000043656,0.043000000000006366
bcsstm10,Mildly sparse,colw,1086,22092,0.09900000000004638,0.08499999999992269,0.02400000000000091,0.039000000000100954,0.16599999999993997,,,,0.27499999999997726,0.15800000000001546,0.14200000000005275,,0.025999999999953616,0.04399999999998272
bcsstm10,Mildly sparse,inner,1086,22092,0.09299999999996089,0.08500000000003638,0.02299999999991087,0.04000000000007731,0.15199999999992997,,,,0.27899999999999636,0.1570000000000391,0.1309999999999718,0.15800000000001546,0.027000000000043656,0.04499999999995907
bcsstk10,Mildly sparse,cu,1086,22070,0.10000000000002274,,,,,0.07899999999995089,0.29899999999997817,0.07000000000005002,,,,,0.020999999999958163,0.1490000000000009
bcsstk10,Mildly sparse,gust,1086,22070,0.09699999999997999,,0.03499999999996817,0.04500000000007276,0.15699999999992542,,,,0.28899999999998727,0.16399999999998727,0.24700000000007094,,0.02800000000002001,0.04800000000000182
bcsstk10,Mildly sparse,outer,1086,22070,0.09400000000005093,0.09699999999997999,0.02400000000000091,0.038000000000010914,0.14999999999997726,,,,0.2759999999999536,0.15399999999999636,0.14200000000005275,,0.02699999999992997,0.04800000000000182
bcsstk10,Mildly sparse,colw,1086,22070,0.10000000000002274,0.09299999999996089,0.027000000000043656,0.038000000000010914,0.15200000000004366,,,,0.27499999999997726,0.16399999999998727,0.13400000000001455,,0.02400000000000091,0.04800000000000182
bcsstk10,Mildly sparse,inner,1086,22070,0.09500000000002728,0.08599999999989905,0.02400000000000091,0.04000000000007731,0.15899999999999181,,,,0.2839999999999918,0.15399999999999636,0.12999999999999545,0.15599999999994907,0.02500000000009095,0.04899999999997817
can_634,Mildly sparse,cu,634,7228,0.1169999999999618,,,,,0.08000000000004093,0.27499999999997726,0.06600000000003092,,,,,0.01999999999998181,0.1409999999999627
can_634,Mildly sparse,gust,634,7228,0.11800000000005184,,0.025999999999953616,0.043000000000006366,0.031000000000062755,,,,0.2879999999998972,0.11600000000009913,0.14400000000000546,,0.02699999999992997,0.026000000000067303
can_634,Mildly sparse,outer,634,7228,0.09299999999996089,0.09299999999996089,0.022000000000048203,0.03899999999998727,0.022000000000048203,,,,0.2899999999999636,0.11400000000003274,0.06200000000001182,,0.03499999999996817,0.029999999999972715
can_634,Mildly sparse,colw,634,7228,0.09799999999995634,0.08299999999996999,0.02400000000000091,0.04399999999998272,0.03200000000003911,,,,0.28700000000003456,0.11199999999996635,0.06200000000001182,,0.03099999999994907,0.02800000000002001
can_634,Mildly sparse,inner,634,7228,0.09700000000009368,0.08299999999996999,0.023000000000024556,0.03899999999998727,0.029999999999972715,,,,0.29300000000000637,0.11000000000001364,0.06100000000003547,0.03799999999989723,0.022000000000048203,0.02800000000002001
bcsstk11,Mildly sparse,cu,1473,34241,0.10799999999994725,,,,,0.08100000000001728,0.3569999999999709,0.07200000000000273,,,,,0.09100000000000819,0.18500000000005912
bcsstk11,Mildly sparse,gust,1473,34241,0.10799999999994725,,0.04500000000007276,0.04699999999991178,0.17400000000009186,,,,0.33399999999994634,0.18000000000006366,0.3149999999999409,,0.02800000000002001,0.07499999999993179
bcsstk11,Mildly sparse,outer,1473,34241,0.11800000000005184,0.10199999999997544,0.02400000000000091,0.03700000000003456,0.14999999999997726,,,,0.32999999999992724,0.17000000000007276,0.23099999999999454,,0.08799999999996544,0.07900000000006457
bcsstk11,Mildly sparse,colw,1473,34241,0.10799999999994725,0.10199999999997544,0.027000000000043656,0.03899999999998727,0.17999999999994998,,,,0.3310000000000173,0.17399999999997817,0.20300000000008822,,0.09100000000000819,0.08299999999996999
bcsstk11,Mildly sparse,inner,1473,34241,0.10599999999999454,0.09600000000000364,0.026000000000067303,0.038000000000010914,0.16899999999998272,,,,0.34600000000000364,0.17399999999997817,0.20100000000002183,0.16399999999998727,0.10099999999999909,0.08299999999996999
bcsstk12,Mildly sparse,cu,1473,34241,0.10900000000003729,,,,,0.08500000000003638,0.33799999999996544,0.07000000000005002,,,,,0.09299999999996089,0.18899999999996453
bcsstk12,Mildly sparse,gust,1473,34241,0.1049999999999045,,0.030000000000086402,0.04699999999991178,0.17000000000007276,,,,0.35000000000002274,0.18599999999992178,0.3160000000000309,,0.027000000000043656,0.06999999999993634
bcsstk12,Mildly sparse,outer,1473,34241,0.11000000000001364,0.09699999999997999,0.023000000000024556,0.036999999999920874,0.15300000000002,,,,0.33400000000006,0.18499999999994543,0.23300000000006094,,0.09199999999998454,0.07600000000002183
bcsstk12,Mildly sparse,colw,1473,34241,0.1049999999999045,0.09700000000009368,0.02699999999992997,0.03700000000003456,0.18200000000001637,,,,0.3849999999999909,0.24699999999995725,0.2380000000000564,,0.1129999999999427,0.07900000000006457
bcsstk12,Mildly sparse,inner,1473,34241,0.15299999999990632,0.10800000000006094,0.028999999999996362,0.03999999999996362,0.18500000000005912,,,,0.3429999999999609,0.17899999999997362,0.21199999999998909,0.16600000000005366,0.10000000000002274,0.07399999999995543
bcsstk09,Mildly sparse,cu,1083,18437,0.09399999999993724,,,,,0.08200000000010732,0.2839999999999918,0.06599999999991724,,,,,0.019000000000005457,0.1510000000000673
bcsstk09,Mildly sparse,gust,1083,18437,0.09799999999995634,,0.02800000000002001,0.04200000000003001,0.11099999999999,,,,0.27099999999995816,0.16700000000003,0.19200000000000728,,0.025999999999953616,0.055000000000063665
bcsstk09,Mildly sparse,outer,1083,18437,0.09100000000000819,0.08399999999994634,0.02400000000000091,0.03599999999994452,0.09300000000007458,,,,0.2619999999999436,0.1570000000000391,0.1449999999999818,,0.03499999999996817,0.057999999999992724
bcsstk09,Mildly sparse,colw,1083,18437,0.09299999999996089,0.08199999999999363,0.023000000000024556,0.03700000000003456,0.10000000000002274,,,,0.2659999999999627,0.16399999999998727,0.13599999999996726,,0.023000000000024556,0.055000000000063665
bcsstk09,Mildly sparse,inner,1083,18437,0.08799999999996544,0.08299999999996999,0.023000000000024556,0.038000000000010914,0.09800000000007003,,,,0.26699999999993906,0.15899999999999181,0.12999999999999545,0.10099999999999909,0.022000000000048203,0.05599999999992633
bcsstm02,Mildly sparse,cu,66,66,0.08100000000001728,,,,,0.07999999999992724,0.17600000000004457,0.06100000000003547,,,,,0.020999999999958163,0.028999999999996362
bcsstm02,Mildly sparse,gust,66,66,0.07800000000008822,,0.024999999999977263,0.03999999999996362,0.025999999999953616,,,,0.04600000000004911,0.043000000000006366,0.057999999999992724,,0.023000000000024556,0.018000000000029104
bcsstm02,Mildly sparse,outer,66,66,0.07900000000006457,0.06200000000001182,0.02400000000000091,0.03499999999996817,0.01999999999998181,,,,0.04399999999998272,0.04000000000007731,0.07399999999995543,,0.022000000000048203,0.009999999999990905
bcsstm02,Mildly sparse,colw,66,66,0.07499999999993179,0.06400000000007822,0.02400000000000091,0.03499999999996817,0.019000000000005457,,,,0.043000000000006366,0.03899999999998727,0.05499999999994998,,0.023000000000024556,0.009000000000014552
bcsstm02,Mildly sparse,inner,66,66,0.07600000000002183,0.06199999999989814,0.023000000000024556,0.03499999999996817,0.02100000000007185,,,,0.043000000000006366,0.03599999999994452,0.06299999999998818,0.02800000000002001,0.018000000000029104,0.011999999999943611
can_838,Mildly sparse,cu,838,10010,0.10400000000004184,,,,,0.08199999999999363,0.2699999999999818,0.06600000000003092,,,,,0.020999999999958163,0.14600000000007185
can_838,Mildly sparse,gust,838,10010,0.09500000000002728,,0.024999999999977263,0.043000000000006366,0.03199999999992542,,,,0.28300000000001546,0.11300000000005639,0.06700000000000728,,0.02299999999991087,0.043000000000006366
can_838,Mildly sparse,outer,838,10010,0.08000000000004093,0.09399999999993724,0.023000000000024556,0.03999999999996362,0.02400000000000091,,,,0.2800000000000864,0.10799999999994725,0.1330000000000382,,0.024999999999977263,0.04399999999998272
can_838,Mildly sparse,colw,838,10010,0.08600000000001273,0.08500000000003638,0.024999999999977263,0.036999999999920874,0.039000000000100954,,,,0.27699999999992997,0.10800000000006094,0.125,,0.024999999999977263,0.04399999999998272
can_838,Mildly sparse,inner,838,10010,0.08200000000010732,0.08399999999994634,0.02400000000000091,0.03999999999996362,0.031000000000062755,,,,0.27499999999997726,0.10599999999999454,0.1230000000000473,0.036999999999920874,0.02100000000007185,0.043000000000006366
bcsstk20,Mildly sparse,cu,485,3135,0.12399999999990996,,,,,0.09400000000005093,0.17799999999999727,0.07600000000002183,,,,,0.028999999999996362,0.03999999999996362
bcsstk20,Mildly sparse,gust,485,3135,0.11000000000001364,,0.03200000000003911,0.05299999999999727,0.03300000000001546,,,,0.1309999999999718,0.05700000000001637,0.07500000000004547,,0.029999999999972715,0.01599999999996271
bcsstk20,Mildly sparse,outer,485,3135,0.10000000000002274,0.08199999999999363,0.02800000000002001,0.04800000000000182,0.025999999999953616,,,,0.1290000000000191,0.055000000000063665,0.06200000000001182,,0.028999999999996362,0.01599999999996271
bcsstk20,Mildly sparse,colw,485,3135,0.11300000000005639,0.08299999999996999,0.028999999999996362,0.04800000000000182,0.028999999999996362,,,,0.1269999999999527,0.05000000000006821,0.06899999999995998,,0.028999999999996362,0.01599999999996271
bcsstk20,Mildly sparse,inner,485,3135,0.10500000000001819,0.08100000000001728,0.027000000000043656,0.04800000000000182,0.033999999999991815,,,,0.12999999999999545,0.05099999999993088,0.06100000000003547,0.033999999999991815,0.028999999999996362,0.01599999999996271
can_715,Mildly sparse,cu,715,6665,0.10599999999999454,,,,,0.09799999999995634,0.2939999999999827,0.08100000000001728,,,,,0.03300000000001546,0.15999999999996817
can_715,Mildly sparse,gust,715,6665,0.11000000000001364,,0.036999999999920874,0.053999999999973625,0.043000000000006366,,,,0.31300000000010186,0.1449999999999818,0.16599999999993997,,0.03600000000005821,0.038000000000010914
can_715,Mildly sparse,outer,715,6665,0.11300000000005639,0.12000000000000455,0.028999999999996362,0.04800000000000182,0.03899999999998727,,,,0.2999999999999545,0.1290000000000191,0.08300000000008367,,0.03499999999996817,0.03899999999998727
can_715,Mildly sparse,colw,715,6665,0.11400000000003274,0.1229999999999336,0.03200000000003911,0.049999999999954525,0.03899999999998727,,,,0.3000000000000682,0.1290000000000191,0.07499999999993179,,0.031000000000062755,0.036999999999920874
can_715,Mildly sparse,inner,715,6665,0.12800000000004275,0.12199999999995725,0.03200000000003911,0.04800000000000182,0.03999999999996362,,,,0.2960000000000491,0.1269999999999527,0.07500000000004547,0.04800000000000182,0.03199999999992542,0.03899999999998727
bcsstk24,Mildly sparse,cu,3562,159910,0.2839999999999918,,,,,0.21699999999998454,0.8540000000000418,0.19499999999993634,,,,,0.09000000000003183,0.6580000000000155
bcsstk24,Mildly sparse,gust,3562,159910,0.26099999999996726,,0.05299999999999727,0.05200000000002092,0.2580000000000382,,,,1.2419999999999618,0.2820000000000391,0.5779999999999745,,0.09500000000002728,0.29700000000002547
bcsstk24,Mildly sparse,outer,3562,159910,0.2419999999999618,0.24900000000002365,0.04100000000005366,0.045999999999935426,0.20199999999999818,,,,1.2419999999999618,0.26700000000005275,0.41800000000000637,,0.09799999999995634,0.2960000000000491
bcsstk24,Mildly sparse,colw,3562,159910,0.2400000000000091,0.2480000000000473,0.033999999999991815,0.04499999999995907,0.21400000000005548,,,,1.2450000000000045,0.2699999999999818,0.39400000000000546,,0.09500000000002728,0.2949999999999591
bcsstk24,Mildly sparse,inner,3562,159910,0.25,0.25300000000004275,0.033999999999991815,0.04499999999995907,0.20900000000006003,,,,1.2419999999999618,0.27300000000002456,0.3949999999999818,0.28899999999998727,0.09100000000000819,0.2949999999999591
bcsstk16,Mildly sparse,cu,4884,290378,0.4329999999999927,,,,,0.29899999999997817,1.2939999999999827,0.20600000000001728,,,,,0.09000000000003183,1.217999999999961
bcsstk16,Mildly sparse,gust,4884,290378,0.4130000000000109,,0.22100000000000364,0.057999999999992724,0.36099999999999,,,,2.5949999999999136,0.38600000000008095,0.7440000000000282,,0.10799999999994725,0.6699999999999591
bcsstk16,Mildly sparse,outer,4884,290378,0.40200000000004366,0.3429999999999609,0.031000000000062755,0.05700000000001637,0.3109999999999218,,,,2.574000000000069,0.3829999999999245,0.5300000000000864,,0.09699999999997999,0.6680000000000064
bcsstk16,Mildly sparse,colw,4884,290378,0.40599999999994907,0.39400000000000546,0.038000000000010914,0.043000000000006366,0.3450000000000273,,,,2.5699999999999363,0.3809999999999718,0.525000000000091,,0.0989999999999327,0.66700000000003
bcsstk16,Mildly sparse,inner,4884,290378,0.41200000000003456,0.39600000000007185,0.036999999999920874,0.04399999999998272,0.3430000000000746,,,,2.5919999999999845,0.38400000000001455,0.5240000000000009,0.43499999999994543,0.11599999999998545,0.6660000000000537
bcsstk28,Mildly sparse,cu,4410,219024,0.34800000000007003,,,,,0.21499999999991815,1.0650000000000546,0.19299999999998363,,,,,0.09799999999995634,0.8070000000000164
bcsstk28,Mildly sparse,gust,4410,219024,0.33400000000006,,0.07200000000000273,0.049999999999954525,0.3590000000000373,,,,1.6549999999999727,0.31100000000003547,0.6309999999999718,,0.09500000000002728,0.38900000000001
bcsstk28,Mildly sparse,outer,4410,219024,0.30499999999995,0.27300000000002456,0.03099999999994907,0.043000000000006366,0.26499999999998636,,,,1.6539999999999964,0.30600000000004,0.44299999999998363,,0.09600000000000364,0.4009999999999536
bcsstk28,Mildly sparse,colw,4410,219024,0.30900000000008276,0.2899999999999636,0.033999999999991815,0.043000000000006366,0.2720000000000482,,,,1.6359999999999673,0.2999999999999545,0.43000000000006366,,0.1029999999999518,0.38900000000001
bcsstk28,Mildly sparse,inner,4410,219024,0.2939999999999827,0.28099999999994907,0.03300000000001546,0.043000000000006366,0.27300000000002456,,,,1.6499999999999773,0.29899999999997817,0.4370000000000118,0.33600000000001273,0.10000000000002274,0.38799999999991996
bcsstk08,Mildly sparse,cu,1074,12960,0.08800000000007913,,,,,0.09600000000000364,0.36399999999991905,0.1350000000001046,,,,,0.1169999999999618,0.39800000000002456
bcsstk08,Mildly sparse,gust,1074,12960,0.09100000000000819,,0.04200000000003001,0.049999999999954525,0.20000000000004547,,,,0.2899999999999636,0.1710000000000491,0.4009999999999536,,0.09199999999998454,0.22200000000009368
bcsstk08,Mildly sparse,outer,1074,12960,0.08499999999992269,0.21900000000005093,0.024999999999977263,0.03700000000003456,0.22900000000004184,,,,0.2879999999998972,0.16400000000010095,0.2939999999999827,,0.09299999999996089,0.21900000000005093
bcsstk08,Mildly sparse,colw,1074,12960,0.08800000000007913,0.21600000000000819,0.03599999999994452,0.03600000000005821,0.1919999999998936,,,,0.2900000000000773,0.16199999999992087,0.2860000000000582,,0.09299999999996089,0.22100000000000364
bcsstk08,Mildly sparse,inner,1074,12960,0.08400000000006003,0.2139999999999418,0.03700000000003456,0.03700000000003456,0.18999999999994088,,,,0.29500000000007276,0.16099999999994452,0.28499999999996817,0.3380000000000791,0.09199999999998454,0.22100000000000364
can_1054,Mildly sparse,cu,1054,12196,0.08600000000001273,,,,,0.07600000000002183,0.27700000000004366,0.06499999999994088,,,,,0.019000000000005457,0.16200000000003456
can_1054,Mildly sparse,gust,1054,12196,0.08499999999992269,,0.027000000000043656,0.043000000000006366,0.10199999999997544,,,,0.27100000000007185,0.11199999999996635,0.1430000000000291,,0.02400000000000091,0.04899999999997817
can_1054,Mildly sparse,outer,1054,12196,0.08399999999994634,0.09400000000005093,0.023000000000024556,0.038000000000010914,0.08899999999994179,,,,0.2699999999999818,0.10700000000008458,0.15299999999990632,,0.02500000000009095,0.04899999999997817
can_1054,Mildly sparse,colw,1054,12196,0.08499999999992269,0.09100000000000819,0.02400000000000091,0.03899999999998727,0.09400000000005093,,,,0.2699999999999818,0.11599999999998545,0.15200000000004366,,0.02400000000000091,0.04899999999997817
can_1054,Mildly sparse,inner,1054,12196,0.08399999999994634,0.09300000000007458,0.024999999999977263,0.036999999999920874,0.09900000000004638,,,,0.2740000000000009,0.10800000000006094,0.13899999999989632,0.11000000000001364,0.02400000000000091,0.04900000000009186
can_1072,Mildly sparse,cu,1072,12444,0.08799999999996544,,,,,0.07600000000002183,0.2680000000000291,0.06700000000000728,,,,,0.02400000000000091,0.14400000000000546
can_1072,Mildly sparse,gust,1072,12444,0.08500000000003638,,0.02699999999992997,0.04399999999998272,0.10400000000004184,,,,0.25300000000004275,0.1229999999999336,0.13200000000006185,,0.02400000000000091,0.04899999999997817
can_1072,Mildly sparse,outer,1072,12444,0.08399999999994634,0.08600000000001273,0.023000000000024556,0.03999999999996362,0.09100000000000819,,,,0.2540000000000191,0.1150000000000091,0.06899999999995998,,0.02500000000009095,0.049999999999954525
can_1072,Mildly sparse,colw,1072,12444,0.08399999999994634,0.08800000000007913,0.02800000000002001,0.036999999999920874,0.09500000000002728,,,,0.2599999999999909,0.10800000000006094,0.06399999999996453,,0.023000000000024556,0.05099999999993088
can_1072,Mildly sparse,inner,1072,12444,0.08100000000001728,0.08500000000003638,0.02400000000000091,0.03899999999998727,0.09399999999993724,,,,0.2560000000000855,0.10599999999999454,0.06200000000001182,0.09799999999995634,0.025999999999953616,0.04900000000009186
bcsstk19,Mildly sparse,cu,817,6853,0.09699999999997999,,,,,0.07800000000008822,0.19499999999993634,0.06399999999996453,,,,,0.020000000000095497,0.03799999999989723
bcsstk19,Mildly sparse,gust,817,6853,0.12400000000002365,,0.028999999999996362,0.04499999999995907,0.02500000000009095,,,,0.13400000000001455,0.04499999999995907,0.06100000000003547,,0.01999999999998181,0.021999999999934516
bcsstk19,Mildly sparse,outer,817,6853,0.1169999999999618,0.08299999999996999,0.023000000000024556,0.038000000000010914,0.020999999999958163,,,,0.12999999999999545,0.044000000000096406,0.07399999999995543,,0.022000000000048203,0.021999999999934516
bcsstk19,Mildly sparse,colw,817,6853,0.10599999999999454,0.08100000000001728,0.024999999999977263,0.038000000000010914,0.027000000000043656,,,,0.12999999999999545,0.04399999999998272,0.06700000000000728,,0.023000000000024556,0.021999999999934516
bcsstk19,Mildly sparse,inner,817,6853,0.1190000000000282,0.08000000000004093,0.02400000000000091,0.036999999999920874,0.027000000000043656,,,,0.1290000000000191,0.04399999999998272,0.06299999999998818,0.029999999999972715,0.020000000000095497,0.02299999999991087
bcsstm12,Highly sparse,cu,1473,19659,0.09600000000000364,,,,,0.08100000000001728,0.27099999999995816,0.06399999999996453,,,,,0.02100000000007185,0.14999999999997726
bcsstm12,Highly sparse,gust,1473,19659,0.09500000000002728,,0.027000000000043656,0.043000000000006366,0.10199999999997544,,,,0.2820000000000391,0.16399999999998727,0.21699999999998454,,0.024999999999977263,0.05299999999999727
bcsstm12,Highly sparse,outer,1473,19659,0.09400000000005093,0.08399999999994634,0.02400000000000091,0.038000000000010914,0.10800000000006094,,,,0.28300000000001546,0.16300000000001091,0.22499999999990905,,0.08800000000007913,0.04699999999991178
bcsstm12,Highly sparse,colw,1473,19659,0.09000000000003183,0.08499999999992269,0.023000000000024556,0.03899999999998727,0.11200000000008004,,,,0.2899999999999636,0.15999999999996817,0.21100000000001273,,0.08400000000006003,0.04699999999991178
bcsstm12,Highly sparse,inner,1473,19659,0.09100000000000819,0.08299999999996999,0.02400000000000091,0.038000000000010914,0.1069999999999709,,,,0.27800000000002,0.15800000000001546,0.21500000000003183,0.11399999999991905,0.02400000000000091,0.04500000000007276
bcsstm03,Highly sparse,cu,112,112,0.09900000000004638,,,,,0.08699999999998909,0.17300000000000182,0.07299999999997908,,,,,0.028999999999996362,0.047000000000025466
bcsstm03,Highly sparse,gust,112,112,0.10000000000002274,,0.031000000000062755,0.053999999999973625,0.029999999999972715,,,,0.05200000000002092,0.05299999999999727,0.06499999999994088,,0.028999999999996362,0.013000000000033651
bcsstm03,Highly sparse,outer,112,112,0.09400000000005093,0.07399999999995543,0.028999999999996362,0.04499999999995907,0.026000000000067303,,,,0.06600000000003092,0.04899999999997817,0.06599999999991724,,0.028999999999996362,0.014000000000010004
bcsstm03,Highly sparse,colw,112,112,0.09600000000000364,0.07600000000002183,0.02800000000002001,0.04699999999991178,0.02500000000009095,,,,0.049999999999954525,0.04800000000000182,0.06200000000001182,,0.02800000000002001,0.014000000000010004
bcsstm03,Highly sparse,inner,112,112,0.10199999999997544,0.07399999999995543,0.026000000000067303,0.04699999999991178,0.02400000000000091,,,,0.05400000000008731,0.045999999999935426,0.06000000000005912,0.028999999999996362,0.02699999999992997,0.014000000000010004
bcspwr05,Highly sparse,cu,443,1623,0.09000000000003183,,,,,0.08500000000003638,0.18399999999996908,0.06399999999996453,,,,,0.028999999999996362,0.031000000000062755
bcspwr05,Highly sparse,gust,443,1623,0.08800000000007913,,0.024999999999977263,0.043000000000006366,0.024999999999977263,,,,0.12000000000000455,0.04899999999997817,0.06700000000000728,,0.022000000000048203,0.012999999999919964
bcspwr05,Highly sparse,outer,443,1623,0.09699999999997999,0.08299999999996999,0.024999999999977263,0.038000000000010914,0.026000000000067303,,,,0.11399999999991905,0.051000000000044565,0.06700000000000728,,0.023000000000024556,0.014000000000010004
bcspwr05,Highly sparse,colw,443,1623,0.09199999999998454,0.07799999999997453,0.023000000000024556,0.03899999999998727,0.02800000000002001,,,,0.11400000000003274,0.04499999999995907,0.06399999999996453,,0.02400000000000091,0.012000000000057298
bcspwr05,Highly sparse,inner,443,1623,0.09199999999998454,0.07799999999997453,0.023000000000024556,0.03899999999998727,0.024999999999977263,,,,0.11300000000005639,0.04099999999993997,0.06000000000005912,0.028999999999996362,0.01999999999998181,0.012999999999919964
bcsstk26,Highly sparse,cu,1922,30336,0.11199999999996635,,,,,0.09000000000003183,0.31899999999996,0.07200000000000273,,,,,0.10199999999997544,0.18299999999999272
bcsstk26,Highly sparse,gust,1922,30336,0.10800000000006094,,0.033999999999991815,0.045999999999935426,0.16700000000003,,,,0.3020000000000209,0.16999999999995907,0.30500000000006366,,0.02699999999992997,0.07500000000004547
bcsstk26,Highly sparse,outer,1922,30336,0.10400000000004184,0.09500000000002728,0.020999999999958163,0.04000000000007731,0.16899999999998272,,,,0.28499999999996817,0.15599999999994907,0.19700000000000273,,0.027000000000043656,0.07500000000004547
bcsstk26,Highly sparse,colw,1922,30336,0.11000000000001364,0.09600000000000364,0.025999999999953616,0.035000000000081855,0.15499999999997272,,,,0.27800000000002,0.16099999999994452,0.18799999999998818,,0.026000000000067303,0.07600000000002183
bcsstk26,Highly sparse,inner,1922,30336,0.10399999999992815,0.09400000000005093,0.022000000000048203,0.04799999999988813,0.16200000000003456,,,,0.28899999999998727,0.15399999999999636,0.18200000000001637,0.15899999999999181,0.023000000000024556,0.08000000000004093
bcsstk33,Highly sparse,cu,8738,591904,1.1720000000000255,,,,,0.29200000000003,2.2970000000000255,0.18200000000001637,,,,,0.06999999999993634,1.3120000000000118
bcsstk33,Highly sparse,gust,8738,591904,2.1669999999999163,,0.2540000000000191,0.04800000000000182,0.6180000000000518,,,,5.442999999999984,0.5760000000000218,0.9779999999999518,,0.07799999999997453,0.7620000000000573
bcsstk33,Highly sparse,outer,8738,591904,1.6739999999999782,0.5079999999999245,0.026000000000067303,0.03599999999994452,0.49500000000000455,,,,5.393000000000029,0.5650000000000546,0.65199999999993,,0.07799999999997453,0.7599999999999909
bcsstk33,Highly sparse,colw,8738,591904,1.5910000000000082,0.4339999999999691,0.033999999999991815,0.03600000000005821,0.6269999999999527,,,,5.392000000000053,0.5570000000000164,0.6509999999999536,,0.07799999999997453,0.7570000000000618
bcsstk33,Highly sparse,inner,8738,591904,1.608000000000061,0.44299999999998363,0.033999999999991815,0.03599999999994452,0.61200000000008,,,,5.437999999999988,0.5739999999999554,0.6420000000000528,0.9069999999999254,0.07600000000002183,0.7570000000000618
bcsstm04,Highly sparse,cu,132,132,0.08000000000004093,,,,,0.07799999999997453,0.18000000000006366,0.06299999999998818,,,,,0.02299999999991087,0.030000000000086402
bcsstm04,Highly sparse,gust,132,132,0.08100000000001728,,0.023000000000024556,0.043000000000006366,0.02299999999991087,,,,0.04899999999997817,0.044000000000096406,0.06099999999992178,,0.022000000000048203,0.010999999999967258
bcsstm04,Highly sparse,outer,132,132,0.07600000000002183,0.06500000000005457,0.021999999999934516,0.04900000000009186,0.02299999999991087,,,,0.05299999999999727,0.04100000000005366,0.05700000000001637,,0.023000000000024556,0.010999999999967258
bcsstm04,Highly sparse,colw,132,132,0.08199999999999363,0.06799999999998363,0.023000000000024556,0.03700000000003456,0.020999999999958163,,,,0.04399999999998272,0.04000000000007731,0.057999999999992724,,0.021999999999934516,0.011000000000080945
bcsstm04,Highly sparse,inner,132,132,0.07400000000006912,0.07399999999995543,0.022000000000048203,0.036999999999920874,0.022000000000048203,,,,0.04499999999995907,0.038000000000010914,0.05700000000001637,0.02400000000000091,0.01999999999998181,0.011000000000080945
bcsstk15,Highly sparse,cu,3948,117816,0.22299999999995634,,,,,0.20800000000008367,0.79099999999994,0.19799999999997908,,,,,0.08400000000006003,0.7350000000000136
bcsstk15,Highly sparse,gust,3948,117816,0.2259999999999991,,0.10799999999994725,0.06500000000005457,0.25499999999999545,,,,0.7239999999999327,0.21000000000003638,0.48099999999999454,,0.09400000000005093,0.4329999999999927
bcsstk15,Highly sparse,outer,3948,117816,0.1999999999999318,0.17600000000004457,0.024999999999977263,0.03899999999998727,0.23700000000008004,,,,0.70799999999997,0.20899999999994634,0.3630000000000564,,0.09699999999997999,0.43899999999996453
bcsstk15,Highly sparse,colw,3948,117816,0.19900000000006912,0.17599999999993088,0.02800000000002001,0.04000000000007731,0.2539999999999054,,,,0.70900000000006,0.19799999999997908,0.3569999999999709,,0.09600000000000364,0.43000000000006366
bcsstk15,Highly sparse,inner,3948,117816,0.19500000000005002,0.17799999999999727,0.027999999999906322,0.039000000000100954,0.25,,,,0.7169999999999845,0.19799999999997908,0.37000000000000455,0.2419999999999618,0.09800000000007003,0.4329999999999927
bcsstm22,Highly sparse,cu,138,138,0.07900000000006457,,,,,0.07699999999999818,0.16300000000001091,0.05899999999996908,,,,,0.01999999999998181,0.027000000000043656
bcsstm22,Highly sparse,gust,138,138,0.07500000000004547,,0.024999999999977263,0.04200000000003001,0.021999999999934516,,,,0.04900000000009186,0.04800000000000182,0.05999999999994543,,0.020999999999958163,0.011000000000080945
bcsstm22,Highly sparse,outer,138,138,0.07399999999995543,0.06500000000005457,0.022000000000048203,0.036999999999920874,0.022000000000048203,,,,0.04499999999995907,0.047000000000025466,0.05499999999994998,,0.020000000000095497,0.010999999999967258
bcsstm22,Highly sparse,colw,138,138,0.07299999999997908,0.06400000000007822,0.021999999999934516,0.03600000000005821,0.02299999999991087,,,,0.043000000000006366,0.038000000000010914,0.055000000000063665,,0.01999999999998181,0.010999999999967258
bcsstm22,Highly sparse,inner,138,138,0.07100000000002638,0.06299999999998818,0.020999999999958163,0.03600000000005821,0.01999999999998181,,,,0.04399999999998272,0.03700000000003456,0.06199999999989814,0.02400000000000091,0.020000000000095497,0.009999999999990905
bp_1600,Highly sparse,cu,822,4841,0.09700000000009368,,,,,0.07799999999997453,0.19399999999995998,0.06500000000005457,,,,,0.020999999999958163,0.04200000000003001
bp_1600,Highly sparse,gust,822,4841,0.09100000000000819,,0.04200000000003001,0.04499999999995907,0.05600000000004002,,,,0.1309999999999718,0.04600000000004911,0.06299999999998818,,0.01999999999998181,0.024999999999977263
bp_1600,Highly sparse,outer,822,4841,0.08800000000007913,0.16199999999992087,0.023000000000024556,0.03700000000003456,0.05700000000001637,,,,0.13400000000001455,0.04800000000000182,0.05999999999994543,,0.020999999999958163,0.026000000000067303
bp_1600,Highly sparse,colw,822,4841,0.10000000000002274,0.15999999999996817,0.023000000000024556,0.03599999999994452,0.02400000000000091,,,,0.12600000000009004,0.04099999999993997,0.05600000000004002,,0.020999999999958163,0.024999999999977263
bp_1600,Highly sparse,inner,822,4841,0.09800000000007003,0.15899999999999181,0.03099999999994907,0.03700000000003456,0.049999999999954525,,,,0.125,0.04000000000007731,0.05299999999999727,0.13399999999990087,0.020000000000095497,0.024999999999977263
bp_1400,Highly sparse,cu,822,4790,0.09000000000003183,,,,,0.08299999999996999,0.19700000000000273,0.07200000000000273,,,,,0.024999999999977263,0.044000000000096406
bp_1400,Highly sparse,gust,822,4790,0.10099999999999909,,0.03899999999998727,0.04399999999998272,0.057999999999992724,,,,0.1349999999999909,0.04800000000000182,0.06299999999998818,,0.023000000000024556,0.025999999999953616
bp_1400,Highly sparse,outer,822,4790,0.09700000000009368,0.17199999999991178,0.02500000000009095,0.03599999999994452,0.05499999999994998,,,,0.12800000000004275,0.051000000000044565,0.06099999999992178,,0.023000000000024556,0.026000000000067303
bp_1400,Highly sparse,colw,822,4790,0.09699999999997999,0.16700000000003,0.027000000000043656,0.03599999999994452,0.03200000000003911,,,,0.1269999999999527,0.04399999999998272,0.06000000000005912,,0.023000000000024556,0.024999999999977263
bp_1400,Highly sparse,inner,822,4790,0.08799999999996544,0.16499999999996362,0.035000000000081855,0.033999999999991815,0.05499999999994998,,,,0.12800000000004275,0.041999999999916326,0.06500000000005457,0.14199999999993906,0.022000000000048203,0.025999999999953616
bp_1200,Highly sparse,cu,822,4726,0.08899999999994179,,,,,0.08400000000006003,0.20500000000004093,0.06499999999994088,,,,,0.024999999999977263,0.04500000000007276
bp_1200,Highly sparse,gust,822,4726,0.10099999999999909,,0.038000000000010914,0.043000000000006366,0.05899999999996908,,,,0.13200000000006185,0.045999999999935426,0.06400000000007822,,0.023000000000024556,0.025999999999953616
bp_1200,Highly sparse,outer,822,4726,0.08799999999996544,0.16600000000005366,0.024999999999977263,0.03599999999994452,0.055000000000063665,,,,0.12800000000004275,0.05199999999990723,0.05700000000001637,,0.022000000000048203,0.025999999999953616
bp_1200,Highly sparse,colw,822,4726,0.10099999999999909,0.16599999999993997,0.024999999999977263,0.03600000000005821,0.024999999999977263,,,,0.12599999999997635,0.043000000000006366,0.057999999999992724,,0.02400000000000091,0.02500000000009095
bp_1200,Highly sparse,inner,822,4726,0.08600000000001273,0.16299999999989723,0.03300000000001546,0.035000000000081855,0.05199999999990723,,,,0.1230000000000473,0.03899999999998727,0.05899999999996908,0.13800000000003365,0.023000000000024556,0.02400000000000091
685_bus,Highly sparse,cu,685,3249,0.09699999999997999,,,,,0.07600000000002183,0.18400000000008276,0.07299999999997908,,,,,0.02299999999991087,0.0340000000001055
685_bus,Highly sparse,gust,685,3249,0.09500000000002728,,0.02400000000000091,0.04000000000007731,0.025999999999953616,,,,0.1209999999999809,0.047000000000025466,0.05899999999996908,,0.022000000000048203,0.01599999999996271
685_bus,Highly sparse,outer,685,3249,0.07999999999992724,0.07799999999997453,0.023000000000024556,0.03700000000003456,0.021999999999934516,,,,0.12800000000004275,0.049999999999954525,0.05600000000004002,,0.022000000000048203,0.016999999999939064
685_bus,Highly sparse,colw,685,3249,0.08499999999992269,0.07200000000000273,0.02400000000000091,0.03700000000003456,0.025999999999953616,,,,0.11400000000003274,0.04100000000005366,0.053999999999973625,,0.020999999999958163,0.01599999999996271
685_bus,Highly sparse,inner,685,3249,0.09199999999998454,0.07299999999997908,0.022000000000048203,0.036999999999920874,0.02400000000000091,,,,0.1150000000000091,0.03899999999998727,0.06700000000000728,0.029999999999972715,0.020000000000095497,0.01599999999996271
bp_1000,Highly sparse,cu,822,4661,0.08999999999991815,,,,,0.09200000000009823,0.19099999999991724,0.06700000000000728,,,,,0.022000000000048203,0.043000000000006366
bp_1000,Highly sparse,gust,822,4661,0.09399999999993724,,0.04000000000007731,0.041999999999916326,0.059000000000082764,,,,0.13199999999994816,0.04800000000000182,0.06500000000005457,,0.02699999999992997,0.023000000000024556
bp_1000,Highly sparse,outer,822,4661,0.08699999999998909,0.16499999999996362,0.02400000000000091,0.03600000000005821,0.053999999999973625,,,,0.1269999999999527,0.051000000000044565,0.06200000000001182,,0.02400000000000091,0.023000000000024556
bp_1000,Highly sparse,colw,822,4661,0.10099999999999909,0.17700000000002092,0.025999999999953616,0.03600000000005821,0.02400000000000091,,,,0.12599999999997635,0.04499999999995907,0.06000000000005912,,0.02400000000000091,0.023000000000024556
bp_1000,Highly sparse,inner,822,4661,0.08699999999998909,0.1610000000000582,0.03599999999994452,0.035000000000081855,0.056999999999902684,,,,0.1290000000000191,0.043000000000006366,0.06100000000003547,0.13999999999998636,0.02400000000000091,0.023000000000024556
494_bus,Highly sparse,cu,494,1666,0.08699999999998909,,,,,0.07699999999999818,0.18200000000001637,0.06399999999996453,,,,,0.020000000000095497,0.027999999999906322
494_bus,Highly sparse,gust,494,1666,0.09100000000000819,,0.024999999999977263,0.04600000000004911,0.024999999999977263,,,,0.1150000000000091,0.04499999999995907,0.05700000000001637,,0.019000000000005457,0.011999999999943611
494_bus,Highly sparse,outer,494,1666,0.07699999999999818,0.06700000000000728,0.01999999999998181,0.038000000000010914,0.022000000000048203,,,,0.11199999999996635,0.047000000000025466,0.06200000000001182,,0.019000000000005457,0.011999999999943611
494_bus,Highly sparse,colw,494,1666,0.08199999999999363,0.06700000000000728,0.022000000000048203,0.038000000000010914,0.029999999999972715,,,,0.11000000000001364,0.04200000000003001,0.053999999999973625,,0.021999999999934516,0.013000000000033651
494_bus,Highly sparse,inner,494,1666,0.07800000000008822,0.06799999999998363,0.03099999999994907,0.03700000000003456,0.021999999999934516,,,,0.11200000000008004,0.04099999999993997,0.05299999999999727,0.028999999999996362,0.026000000000067303,0.012999999999919964
bp_800,Highly sparse,cu,822,4534,0.09000000000003183,,,,,0.09000000000003183,0.19499999999993634,0.06500000000005457,,,,,0.023000000000024556,0.04099999999993997
bp_800,Highly sparse,gust,822,4534,0.09300000000007458,,0.033999999999991815,0.043000000000006366,0.05700000000001637,,,,0.1289999999999054,0.04600000000004911,0.05899999999996908,,0.022000000000048203,0.023000000000024556
bp_800,Highly sparse,outer,822,4534,0.09200000000009823,0.16299999999989723,0.02500000000009095,0.03599999999994452,0.05200000000002092,,,,0.1269999999999527,0.043000000000006366,0.06000000000005912,,0.01999999999998181,0.023000000000024556
bp_800,Highly sparse,colw,822,4534,0.08899999999994179,0.16200000000003456,0.025999999999953616,0.033999999999991815,0.02400000000000091,,,,0.1190000000000282,0.04100000000005366,0.05099999999993088,,0.019000000000005457,0.022000000000048203
bp_800,Highly sparse,inner,822,4534,0.08500000000003638,0.16200000000003456,0.03199999999992542,0.03300000000001546,0.049999999999954525,,,,0.12000000000000455,0.043000000000006366,0.04900000000009186,0.13599999999996726,0.01999999999998181,0.022000000000048203
bcsstm05,Highly sparse,cu,153,153,0.07899999999995089,,,,,0.07900000000006457,0.16099999999994452,0.06100000000003547,,,,,0.029999999999972715,0.026000000000067303
bcsstm05,Highly sparse,gust,153,153,0.09299999999996089,,0.029999999999972715,0.04500000000007276,0.024999999999977263,,,,0.05099999999993088,0.04100000000005366,0.05999999999994543,,0.022000000000048203,0.009999999999990905
bcsstm05,Highly sparse,outer,153,153,0.07499999999993179,0.06500000000005457,0.02299999999991087,0.03600000000005821,0.01999999999998181,,,,0.05299999999999727,0.03899999999998727,0.053999999999973625,,0.023000000000024556,0.009999999999990905
bcsstm05,Highly sparse,colw,153,153,0.08399999999994634,0.06700000000000728,0.02500000000009095,0.03499999999996817,0.01999999999998181,,,,0.04200000000003001,0.04099999999993997,0.05600000000004002,,0.023000000000024556,0.009999999999990905
bcsstm05,Highly sparse,inner,153,153,0.07399999999995543,0.06200000000001182,0.023000000000024556,0.033999999999991815,0.020999999999958163,,,,0.043000000000006366,0.038000000000010914,0.04899999999997817,0.024999999999977263,0.02100000000007185,0.010999999999967258
bp_600,Highly sparse,cu,822,4172,0.1089999999999236,,,,,0.09199999999998454,0.21400000000005548,0.06399999999996453,,,,,0.01999999999998181,0.04000000000007731
bp_600,Highly sparse,gust,822,4172,0.10799999999994725,,0.03300000000001546,0.04600000000004911,0.05099999999993088,,,,0.1290000000000191,0.04500000000007276,0.05999999999994543,,0.01999999999998181,0.02100000000007185
bp_600,Highly sparse,outer,822,4172,0.10000000000002274,0.17399999999997817,0.026000000000067303,0.03899999999998727,0.06299999999998818,,,,0.12199999999995725,0.05200000000002092,0.07000000000005002,,0.02299999999991087,0.02100000000007185
bp_600,Highly sparse,colw,822,4172,0.09900000000004638,0.17599999999993088,0.02500000000009095,0.03899999999998727,0.021999999999934516,,,,0.1190000000000282,0.04399999999998272,0.05700000000001637,,0.019000000000005457,0.01999999999998181
bp_600,Highly sparse,inner,822,4172,0.09000000000003183,0.16999999999995907,0.03300000000001546,0.03899999999998727,0.05299999999999727,,,,0.125,0.044000000000096406,0.05899999999996908,0.13599999999996726,0.023000000000024556,0.01999999999998181
bp_400,Highly sparse,cu,822,4028,0.10199999999997544,,,,,0.07900000000006457,0.20099999999990814,0.06000000000005912,,,,,0.023000000000024556,0.03599999999994452
bp_400,Highly sparse,gust,822,4028,0.09399999999993724,,0.038000000000010914,0.03899999999998727,0.051000000000044565,,,,0.12199999999995725,0.047000000000025466,0.06200000000001182,,0.022000000000048203,0.01999999999998181
bp_400,Highly sparse,outer,822,4028,0.08199999999999363,0.16899999999998272,0.02400000000000091,0.035000000000081855,0.05199999999990723,,,,0.11600000000009913,0.04899999999997817,0.05899999999996908,,0.023000000000024556,0.019000000000005457
bp_400,Highly sparse,colw,822,4028,0.09100000000000819,0.1710000000000491,0.02699999999992997,0.03499999999996817,0.02400000000000091,,,,0.11800000000005184,0.04099999999993997,0.07300000000009277,,0.021999999999934516,0.019000000000005457
bp_400,Highly sparse,inner,822,4028,0.08399999999994634,0.16899999999998272,0.03300000000001546,0.03499999999996817,0.04800000000000182,,,,0.11700000000007549,0.04800000000000182,0.05099999999993088,0.1349999999999909,0.022000000000048203,0.019000000000005457
662_bus,Highly sparse,cu,662,2474,0.08700000000010277,,,,,0.08399999999994634,0.17899999999997362,0.06600000000003092,,,,,0.024999999999977263,0.03200000000003911
662_bus,Highly sparse,gust,662,2474,0.09799999999995634,,0.028999999999996362,0.04200000000003001,0.028999999999996362,,,,0.11899999999991451,0.047000000000025466,0.06100000000003547,,0.023000000000024556,0.014000000000010004
662_bus,Highly sparse,outer,662,2474,0.08400000000006003,0.06999999999993634,0.02400000000000091,0.03700000000003456,0.03099999999994907,,,,0.11800000000005184,0.043000000000006366,0.07399999999995543,,0.02400000000000091,0.014000000000010004
662_bus,Highly sparse,colw,662,2474,0.08400000000006003,0.07299999999997908,0.024999999999977263,0.03600000000005821,0.023000000000024556,,,,0.11999999999989086,0.043000000000006366,0.06100000000003547,,0.027000000000043656,0.014000000000010004
662_bus,Highly sparse,inner,662,2474,0.08299999999996999,0.06900000000007367,0.024999999999977263,0.05099999999993088,0.02500000000009095,,,,0.11399999999991905,0.04200000000003001,0.05499999999994998,0.031000000000062755,0.019000000000005457,0.01599999999996271
bp_200,Highly sparse,cu,822,3802,0.08500000000003638,,,,,0.07600000000002183,0.20199999999999818,0.06200000000001182,,,,,0.019000000000005457,0.033999999999991815
bp_200,Highly sparse,gust,822,3802,0.09799999999995634,,0.03499999999996817,0.043000000000006366,0.04900000000009186,,,,0.1229999999999336,0.04600000000004911,0.057999999999992724,,0.019000000000005457,0.018000000000029104
bp_200,Highly sparse,outer,822,3802,0.08400000000006003,0.18399999999996908,0.021999999999934516,0.038000000000010914,0.04899999999997817,,,,0.11700000000007549,0.04899999999997817,0.06299999999998818,,0.020999999999958163,0.019000000000005457
bp_200,Highly sparse,colw,822,3802,0.08299999999996999,0.18600000000003547,0.02400000000000091,0.03700000000003456,0.02400000000000091,,,,0.1169999999999618,0.04200000000003001,0.053999999999973625,,0.020999999999958163,0.018000000000029104
bp_200,Highly sparse,inner,822,3802,0.08999999999991815,0.18200000000001637,0.031000000000062755,0.03599999999994452,0.04399999999998272,,,,0.1150000000000091,0.04100000000005366,0.053999999999973625,0.12800000000004275,0.01999999999998181,0.018000000000029104
bcsstm13,Highly sparse,cu,2003,21943,0.1029999999999518,,,,,0.08600000000001273,0.3770000000000664,0.06799999999998363,,,,,0.01999999999998181,0.17899999999997362
bcsstm13,Highly sparse,gust,2003,21943,0.10000000000002274,,0.03099999999994907,0.04399999999998272,0.17000000000007276,,,,0.3389999999999418,0.18299999999999272,0.38600000000008095,,0.02699999999992997,0.06900000000007367
bcsstm13,Highly sparse,outer,2003,21943,0.09699999999997999,0.10799999999994725,0.022000000000048203,0.03899999999998727,0.15399999999999636,,,,0.3450000000000273,0.17999999999994998,0.2380000000000564,,0.025999999999953616,0.06799999999998363
bcsstm13,Highly sparse,colw,2003,21943,0.09999999999990905,0.11300000000005639,0.027000000000043656,0.038000000000010914,0.16599999999993997,,,,0.3350000000000364,0.18599999999992178,0.22900000000004184,,0.025999999999953616,0.06800000000009732
bcsstm13,Highly sparse,inner,2003,21943,0.09500000000002728,0.11199999999996635,0.024999999999977263,0.04100000000005366,0.17999999999994998,,,,0.33600000000001273,0.17700000000002092,0.2319999999999709,0.20900000000006003,0.02699999999992997,0.06900000000007367
bp_0,Highly sparse,cu,822,3276,0.08799999999996544,,,,,0.07399999999995543,0.19000000000005457,0.06299999999998818,,,,,0.021999999999934516,0.03200000000003911
bp_0,Highly sparse,gust,822,3276,0.09400000000005093,,0.03599999999994452,0.04500000000007276,0.04499999999995907,,,,0.11799999999993815,0.04500000000007276,0.057999999999992724,,0.01999999999998181,0.014999999999986358
bp_0,Highly sparse,outer,822,3276,0.08900000000005548,0.1710000000000491,0.021999999999934516,0.038000000000010914,0.04800000000000182,,,,0.11400000000003274,0.04800000000000182,0.05999999999994543,,0.022000000000048203,0.01599999999996271
bp_0,Highly sparse,colw,822,3276,0.08299999999996999,0.17399999999997817,0.025999999999953616,0.038000000000010914,0.02400000000000091,,,,0.11300000000005639,0.04200000000003001,0.053999999999973625,,0.021999999999934516,0.016000000000076398
bp_0,Highly sparse,inner,822,3276,0.09100000000000819,0.17700000000002092,0.03099999999994907,0.03700000000003456,0.03899999999998727,,,,0.11000000000001364,0.04100000000005366,0.05199999999990723,0.09300000000007458,0.01999999999998181,0.01599999999996271
bcsstk23,Highly sparse,cu,3134,45178,0.125,,,,,0.08300000000008367,0.375,0.14199999999993906,,,,,0.08400000000006003,0.31999999999993634
bcsstk23,Highly sparse,gust,3134,45178,0.1209999999999809,,0.04499999999995907,0.04600000000004911,0.19299999999998363,,,,0.3269999999999982,0.18999999999994088,0.39600000000007185,,0.09100000000000819,0.16199999999992087
bcsstk23,Highly sparse,outer,3134,45178,0.12999999999999545,0.10599999999999454,0.024999999999977263,0.03899999999998727,0.16700000000003,,,,0.32799999999997453,0.18000000000006366,0.2719999999999345,,0.08800000000007913,0.16300000000001091
bcsstk23,Highly sparse,colw,3134,45178,0.12200000000007094,0.09699999999997999,0.02699999999992997,0.038000000000010914,0.16700000000003,,,,0.32399999999995543,0.17799999999999727,0.2620000000000573,,0.08799999999996544,0.16700000000003
bcsstk23,Highly sparse,inner,3134,45178,0.12000000000000455,0.09600000000000364,0.02400000000000091,0.036999999999920874,0.17700000000002092,,,,0.3429999999999609,0.18000000000006366,0.26499999999998636,0.17099999999993543,0.08500000000003638,0.16600000000005366
bcsstk17,Highly sparse,cu,10974,428650,0.6129999999999427,,,,,0.2820000000000391,1.8690000000000282,0.20499999999992724,,,,,0.10300000000006548,1.467999999999961
bcsstk17,Highly sparse,gust,10974,428650,0.6609999999999445,,0.16800000000000637,0.06100000000003547,0.34399999999993724,,,,2.630999999999972,0.39000000000010004,0.724999999999909,,0.1150000000000091,0.900000000000091
bcsstk17,Highly sparse,outer,10974,428650,0.5869999999999891,0.36400000000003274,0.031000000000062755,0.045999999999935426,0.3140000000000782,,,,2.627999999999929,0.3930000000000291,0.5240000000000009,,0.09600000000000364,0.8969999999999345
bcsstk17,Highly sparse,colw,10974,428650,0.5900000000000318,0.4010000000000673,0.036999999999920874,0.04399999999998272,0.32600000000002183,,,,2.625,0.3809999999999718,0.5220000000000482,,0.09699999999997999,0.8980000000000246
bcsstk17,Highly sparse,inner,10974,428650,0.5869999999999891,0.4219999999999118,0.038000000000010914,0.04399999999998272,0.3250000000000455,,,,2.6359999999999673,0.38200000000006185,0.5309999999999491,0.43000000000006366,0.1169999999999618,0.8990000000000009
blckhole,Highly sparse,cu,2132,14872,0.08799999999996544,,,,,0.07900000000006457,0.25499999999999545,0.06799999999998363,,,,,0.019000000000005457,0.1430000000000291
blckhole,Highly sparse,gust,2132,14872,0.08799999999996544,,0.02400000000000091,0.043000000000006366,0.027000000000043656,,,,0.26300000000003365,0.11000000000001364,0.06299999999998818,,0.02299999999991087,0.038000000000010914
blckhole,Highly sparse,outer,2132,14872,0.08500000000003638,0.07799999999997453,0.022000000000048203,0.03999999999996362,0.029999999999972715,,,,0.2600000000001046,0.1049999999999045,0.07000000000005002,,0.023000000000024556,0.038000000000010914
blckhole,Highly sparse,colw,2132,14872,0.09299999999996089,0.07800000000008822,0.02400000000000091,0.03899999999998727,0.02699999999992997,,,,0.2660000000000764,0.10599999999999454,0.06299999999998818,,0.023000000000024556,0.038000000000010914
blckhole,Highly sparse,inner,2132,14872,0.09000000000003183,0.07799999999997453,0.023000000000024556,0.038000000000010914,0.025999999999953616,,,,0.25700000000006185,0.10500000000001819,0.06099999999992178,0.03700000000003456,0.020999999999958163,0.038000000000010914
bcsstk29,Highly sparse,cu,13992,619488,0.6490000000000009,,,,,0.22699999999997544,2.4180000000000064,0.17999999999994998,,,,,0.07600000000002183,1.2250000000000227
bcsstk29,Highly sparse,gust,13992,619488,1.4220000000000255,,0.22100000000000364,0.047000000000025466,0.4420000000000073,,,,4.011999999999944,0.4640000000000555,0.7469999999999573,,0.09199999999998454,0.7140000000000555
bcsstk29,Highly sparse,outer,13992,619488,1.09699999999998,0.34600000000000364,0.026000000000067303,0.036999999999920874,0.3809999999999718,,,,3.9980000000000473,0.4619999999999891,0.49099999999998545,,0.07600000000002183,0.7179999999999609
bcsstk29,Highly sparse,colw,13992,619488,1.066000000000031,0.3450000000000273,0.029999999999972715,0.03700000000003456,0.4339999999999691,,,,3.990000000000009,0.4519999999999982,0.48300000000006094,,0.07599999999990814,0.7309999999999945
bcsstk29,Highly sparse,inner,13992,619488,1.080000000000041,0.39800000000002456,0.029999999999972715,0.03700000000003456,0.4289999999999736,,,,3.9990000000000236,0.45699999999999363,0.4759999999999991,0.5910000000000082,0.0949999999999136,0.7130000000000791
1138_bus,Highly sparse,cu,1138,4054,0.10400000000004184,,,,,0.0809999999999036,0.17400000000009186,0.06700000000000728,,,,,0.02299999999991087,0.03700000000003456
1138_bus,Highly sparse,gust,1138,4054,0.09799999999995634,,0.030000000000086402,0.04399999999998272,0.033999999999991815,,,,0.12000000000000455,0.045999999999935426,0.06300000000010186,,0.02299999999991087,0.01700000000005275
1138_bus,Highly sparse,outer,1138,4054,0.08899999999994179,0.07299999999997908,0.02500000000009095,0.03599999999994452,0.03200000000003911,,,,0.1150000000000091,0.043000000000006366,0.07599999999990814,,0.02400000000000091,0.020000000000095497
1138_bus,Highly sparse,colw,1138,4054,0.08999999999991815,0.07300000000009277,0.024999999999977263,0.03599999999994452,0.024999999999977263,,,,0.11600000000009913,0.041999999999916326,0.06000000000005912,,0.023000000000024556,0.016999999999939064
1138_bus,Highly sparse,inner,1138,4054,0.07799999999997453,0.06700000000000728,0.020999999999958163,0.04600000000004911,0.02699999999992997,,,,0.11700000000007549,0.04099999999993997,0.05700000000001637,0.033999999999991815,0.019000000000005457,0.019000000000005457
bcspwr06,Highly sparse,cu,1454,5300,0.11599999999998545,,,,,0.10000000000002274,0.20600000000001728,0.07399999999995543,,,,,0.02500000000009095,0.036999999999920874
bcspwr06,Highly sparse,gust,1454,5300,0.09399999999993724,,0.026000000000067303,0.04800000000000182,0.027999999999906322,,,,0.1330000000000382,0.04800000000000182,0.06799999999998363,,0.035000000000081855,0.01899999999989177
bcspwr06,Highly sparse,outer,1454,5300,0.09100000000000819,0.08199999999999363,0.025999999999953616,0.03999999999996362,0.026000000000067303,,,,0.1269999999999527,0.051000000000044565,0.06700000000000728,,0.025999999999953616,0.01999999999998181
bcspwr06,Highly sparse,colw,1454,5300,0.10000000000002274,0.0909999999998945,0.023000000000024556,0.04100000000005366,0.021999999999934516,,,,0.12600000000009004,0.045999999999935426,0.05899999999996908,,0.02400000000000091,0.019000000000005457
bcspwr06,Highly sparse,inner,1454,5300,0.09600000000000364,0.08000000000004093,0.024999999999977263,0.04099999999993997,0.026000000000067303,,,,0.1269999999999527,0.04500000000007276,0.07099999999991269,0.030000000000086402,0.021999999999934516,0.022000000000048203
bcsstk30,Highly sparse,cu,28924,2043492,7.742999999999938,,,,,0.6410000000000764,7.777000000000044,0.25299999999992906,,,,,0.07899999999995089,4.2590000000000146
bcsstk30,Highly sparse,gust,28924,2043492,8.332000000000107,,1.058999999999969,0.05099999999993088,2.770999999999958,,,,21.49700000000007,1.9300000000000637,2.6230000000000473,,0.07899999999995089,2.744999999999891
bcsstk30,Highly sparse,outer,28924,2043492,7.533999999999878,1.4980000000000473,0.02800000000002001,0.038000000000010914,1.7789999999999964,,,,21.54600000000005,1.9669999999998709,1.8330000000000837,,0.08600000000001273,2.8079999999999927
bcsstk30,Highly sparse,colw,28924,2043492,8.284999999999854,1.4080000000001291,0.038000000000010914,0.03699999999980719,2.165000000000191,,,,21.416999999999916,1.9670000000000982,1.8070000000000164,,0.07999999999992724,2.8740000000000236
bcsstk30,Highly sparse,inner,28924,2043492,8.356999999999971,1.3049999999998363,0.038000000000010914,0.03899999999998727,2.091000000000122,,,,21.593000000000075,1.9509999999997945,1.8250000000000455,2.979000000000042,0.3510000000001128,2.737999999999829
bcsstm06,Highly sparse,cu,420,420,0.08299999999996999,,,,,0.09400000000005093,0.18499999999994543,0.07100000000002638,,,,,0.028999999999996362,0.027000000000043656
bcsstm06,Highly sparse,gust,420,420,0.08100000000001728,,0.02400000000000091,0.047000000000025466,0.027000000000043656,,,,0.04899999999997817,0.04800000000000182,0.06700000000000728,,0.024999999999977263,0.010999999999967258
bcsstm06,Highly sparse,outer,420,420,0.07600000000002183,0.08500000000003638,0.025999999999953616,0.03999999999996362,0.02500000000009095,,,,0.04699999999991178,0.04900000000009186,0.06399999999996453,,0.02699999999992997,0.012000000000057298
bcsstm06,Highly sparse,colw,420,420,0.07800000000008822,0.07699999999999818,0.025999999999953616,0.03899999999998727,0.024999999999977263,,,,0.04500000000007276,0.043000000000006366,0.05700000000001637,,0.025999999999953616,0.010999999999967258
bcsstm06,Highly sparse,inner,420,420,0.07799999999997453,0.07000000000005002,0.025999999999953616,0.038000000000010914,0.023000000000024556,,,,0.04699999999991178,0.044000000000096406,0.053999999999973625,0.028999999999996362,0.020999999999958163,0.012000000000057298
bcspwr08,Highly sparse,cu,1624,6050,0.10099999999999909,,,,,0.07900000000006457,0.18399999999996908,0.06600000000003092,,,,,0.01999999999998181,0.03700000000003456
bcspwr08,Highly sparse,gust,1624,6050,0.11999999999989086,,0.02800000000002001,0.04399999999998272,0.028999999999996362,,,,0.1330000000000382,0.04500000000007276,0.06199999999989814,,0.020000000000095497,0.020999999999958163
bcspwr08,Highly sparse,outer,1624,6050,0.09000000000003183,0.07500000000004547,0.02400000000000091,0.03799999999989723,0.023000000000024556,,,,0.1270000000000664,0.05099999999993088,0.06900000000007367,,0.01999999999998181,0.021999999999934516
bcspwr08,Highly sparse,colw,1624,6050,0.11199999999996635,0.07400000000006912,0.023000000000024556,0.03999999999996362,0.03599999999994452,,,,0.1270000000000664,0.03999999999996362,0.05899999999996908,,0.02100000000007185,0.021999999999934516
bcspwr08,Highly sparse,inner,1624,6050,0.08699999999998909,0.08500000000003638,0.023000000000024556,0.036999999999920874,0.02900000000011005,,,,0.125,0.03999999999996362,0.05599999999992633,0.03300000000001546,0.02100000000007185,0.021999999999934516
bcspwr07,Highly sparse,cu,1612,5824,0.1190000000000282,,,,,0.09000000000003183,0.18299999999999272,0.07899999999995089,,,,,0.038000000000010914,0.05299999999999727
bcspwr07,Highly sparse,gust,1612,5824,0.11199999999996635,,0.03200000000003911,0.05499999999994998,0.03499999999996817,,,,0.13900000000001,0.05700000000001637,0.07000000000005002,,0.02800000000002001,0.02299999999991087
bcspwr07,Highly sparse,outer,1612,5824,0.12000000000000455,0.09199999999998454,0.027999999999906322,0.04900000000009186,0.027999999999906322,,,,0.1350000000001046,0.05599999999992633,0.06700000000000728,,0.028999999999996362,0.023000000000024556
bcspwr07,Highly sparse,colw,1612,5824,0.10799999999994725,0.08699999999998909,0.028999999999996362,0.04899999999997817,0.028999999999996362,,,,0.13800000000003365,0.049999999999954525,0.06600000000003092,,0.028999999999996362,0.023000000000024556
bcspwr07,Highly sparse,inner,1612,5824,0.1290000000000191,0.08299999999996999,0.02800000000002001,0.047000000000025466,0.029999999999972715,,,,0.13199999999994816,0.05000000000006821,0.07899999999995089,0.03700000000003456,0.02800000000002001,0.02299999999991087
bcspwr09,Highly sparse,cu,1723,6511,0.10400000000004184,,,,,0.08399999999994634,0.17799999999999727,0.06500000000005457,,,,,0.02400000000000091,0.04200000000003001
bcspwr09,Highly sparse,gust,1723,6511,0.10199999999997544,,0.027000000000043656,0.04099999999993997,0.031000000000062755,,,,0.12799999999992906,0.04500000000007276,0.06999999999993634,,0.02400000000000091,0.023000000000024556
bcspwr09,Highly sparse,outer,1723,6511,0.10900000000003729,0.07099999999991269,0.02500000000009095,0.036999999999920874,0.028999999999996362,,,,0.125,0.05000000000006821,0.057999999999992724,,0.021999999999934516,0.023000000000024556
bcspwr09,Highly sparse,colw,1723,6511,0.08699999999998909,0.08000000000004093,0.02699999999992997,0.03700000000003456,0.026000000000067303,,,,0.1269999999999527,0.03999999999996362,0.05200000000002092,,0.019000000000005457,0.023000000000024556
bcspwr09,Highly sparse,inner,1723,6511,0.10799999999994725,0.07100000000002638,0.02400000000000091,0.03599999999994452,0.027000000000043656,,,,0.1230000000000473,0.03999999999996362,0.05999999999994543,0.033999999999991815,0.02900000000011005,0.02299999999991087
bcsstm20,Highly sparse,cu,485,485,0.07899999999995089,,,,,0.07400000000006912,0.16899999999998272,0.05999999999994543,,,,,0.01999999999998181,0.027000000000043656
bcsstm20,Highly sparse,gust,485,485,0.08000000000004093,,0.025999999999953616,0.04100000000005366,0.023000000000024556,,,,0.056999999999902684,0.044000000000096406,0.05999999999994543,,0.01999999999998181,0.010999999999967258
bcsstm20,Highly sparse,outer,485,485,0.07699999999999818,0.06499999999994088,0.022000000000048203,0.03700000000003456,0.01999999999998181,,,,0.045999999999935426,0.04600000000004911,0.05899999999996908,,0.022000000000048203,0.009999999999990905
bcsstm20,Highly sparse,colw,485,485,0.07799999999997453,0.06899999999995998,0.031000000000062755,0.03899999999998727,0.020999999999958163,,,,0.047000000000025466,0.04100000000005366,0.05599999999992633,,0.02100000000007185,0.009999999999990905
bcsstm20,Highly sparse,inner,485,485,0.07799999999997453,0.06399999999996453,0.022000000000048203,0.03600000000005821,0.02299999999991087,,,,0.04500000000007276,0.038000000000010914,0.05599999999992633,0.024999999999977263,0.020000000000095497,0.010999999999967258
bcsstk21,Highly sparse,cu,3600,26600,0.10199999999997544,,,,,0.08500000000003638,0.2699999999999818,0.06899999999995998,,,,,0.020000000000095497,0.17699999999990723
bcsstk21,Highly sparse,gust,3600,26600,0.10199999999997544,,0.027000000000043656,0.04499999999995907,0.10200000000008913,,,,0.2819999999999254,0.11300000000005639,0.06799999999998363,,0.023000000000024556,0.06999999999993634
bcsstk21,Highly sparse,outer,3600,26600,0.09799999999995634,0.07900000000006457,0.02299999999991087,0.04100000000005366,0.09799999999995634,,,,0.27800000000002,0.11599999999998545,0.07000000000005002,,0.03300000000001546,0.07099999999991269
bcsstk21,Highly sparse,colw,3600,26600,0.10300000000006548,0.07899999999995089,0.024999999999977263,0.04200000000003001,0.09799999999995634,,,,0.27700000000004366,0.11800000000005184,0.06899999999995998,,0.020999999999958163,0.07100000000002638
bcsstk21,Highly sparse,inner,3600,26600,0.09700000000009368,0.07599999999990814,0.02400000000000091,0.03899999999998727,0.11100000000010368,,,,0.27899999999999636,0.10799999999994725,0.06600000000003092,0.03300000000001546,0.020999999999958163,0.07100000000002638
bcsstm19,Highly sparse,cu,817,817,0.09999999999990905,,,,,0.08699999999998909,0.20000000000004547,0.07500000000004547,,,,,0.03099999999994907,0.03700000000003456
bcsstm19,Highly sparse,gust,817,817,0.10099999999999909,,0.029999999999972715,0.05600000000004002,0.029999999999972715,,,,0.057999999999992724,0.053999999999973625,0.06700000000000728,,0.02800000000002001,0.014000000000010004
bcsstm19,Highly sparse,outer,817,817,0.10599999999999454,0.08100000000001728,0.02699999999992997,0.051000000000044565,0.025999999999953616,,,,0.05299999999999727,0.055000000000063665,0.06200000000001182,,0.028999999999996362,0.014000000000010004
bcsstm19,Highly sparse,colw,817,817,0.0989999999999327,0.07699999999999818,0.02800000000002001,0.04800000000000182,0.025999999999953616,,,,0.05000000000006821,0.05099999999993088,0.06100000000003547,,0.028999999999996362,0.014000000000010004
bcsstm19,Highly sparse,inner,817,817,0.09699999999997999,0.07699999999999818,0.026000000000067303,0.04899999999997817,0.025999999999953616,,,,0.05000000000006821,0.04699999999991178,0.06600000000003092,0.03099999999994907,0.02800000000002001,0.014000000000010004
bcsstk25,Highly sparse,cu,15439,252241,0.2480000000000473,,,,,0.18999999999994088,0.6470000000000482,0.16300000000001091,,,,,0.08199999999999363,0.6190000000000282
bcsstk25,Highly sparse,gust,15439,252241,0.24700000000007094,,0.09999999999990905,0.04399999999998272,0.17700000000002092,,,,0.8460000000000036,0.20199999999999818,0.41800000000000637,,0.07100000000002638,0.34600000000000364
bcsstk25,Highly sparse,outer,15439,252241,0.23599999999999,0.21699999999998454,0.024999999999977263,0.035000000000081855,0.14799999999991087,,,,0.8390000000000555,0.19899999999995543,0.3160000000000309,,0.07299999999997908,0.34400000000005093
bcsstk25,Highly sparse,colw,15439,252241,0.23300000000006094,0.22100000000000364,0.02699999999992997,0.03600000000005821,0.16800000000000637,,,,0.8360000000000127,0.19399999999995998,0.29899999999997817,,0.07100000000002638,0.3450000000000273
bcsstk25,Highly sparse,inner,15439,252241,0.22800000000006548,0.2259999999999991,0.027000000000043656,0.03499999999996817,0.16800000000000637,,,,0.84699999999998,0.19500000000005002,0.29899999999997817,0.23299999999994725,0.08199999999999363,0.3410000000000082
bcsstk18,Highly sparse,cu,11948,149090,0.3310000000000173,,,,,0.20600000000001728,0.5359999999999445,0.20699999999999363,,,,,0.09100000000000819,0.8110000000000355
bcsstk18,Highly sparse,gust,11948,149090,0.3009999999999309,,0.04500000000007276,0.04899999999997817,0.22299999999995634,,,,0.5570000000000164,0.18600000000003547,0.5289999999999964,,0.10199999999997544,0.4640000000000555
bcsstk18,Highly sparse,outer,11948,149090,0.2400000000000091,0.23299999999994725,0.02800000000002001,0.04399999999998272,0.15800000000001546,,,,0.57000000000005,0.1919999999998936,0.37600000000009004,,0.11000000000001364,0.46499999999991815
bcsstk18,Highly sparse,colw,11948,149090,0.23599999999999,0.23599999999999,0.03200000000003911,0.04499999999995907,0.17799999999999727,,,,0.5710000000000264,0.19299999999998363,0.36000000000001364,,0.1069999999999709,0.4660000000000082
bcsstk18,Highly sparse,inner,11948,149090,0.23200000000008458,0.23499999999989996,0.03200000000003911,0.04399999999998272,0.17600000000004457,,,,0.5739999999999554,0.19200000000000728,0.3630000000000564,0.2599999999999909,0.10000000000002274,0.4659999999998945
bcsstk32,Highly sparse,cu,44609,2014701,4.913999999999987,,,,,0.4069999999999254,7.683000000000106,0.2679999999999154,,,,,0.07400000000006912,3.5179999999999154
bcsstk32,Highly sparse,gust,44609,2014701,5.597999999999956,,0.4580000000000837,0.04699999999991178,1.2080000000000837,,,,12.531999999999925,1.2010000000000218,1.5450000000000728,,0.07799999999997453,2.504000000000019
bcsstk32,Highly sparse,outer,44609,2014701,5.772000000000048,0.6319999999999482,0.026000000000067303,0.038000000000010914,1.0149999999999864,,,,12.519999999999982,1.1889999999999645,1.0650000000000546,,0.08199999999999363,2.504000000000019
bcsstk32,Highly sparse,colw,44609,2014701,5.691000000000031,0.6730000000000018,0.03999999999996362,0.03700000000003456,1.231999999999971,,,,12.454999999999927,1.1890000000000782,1.0619999999998981,,0.07800000000020191,2.5039999999999054
bcsstk32,Highly sparse,inner,44609,2014701,5.703999999999951,0.6310000000000855,0.038000000000010914,0.03699999999980719,1.206000000000131,,,,12.535000000000082,1.1849999999999454,1.0579999999999927,1.6099999999999,0.23700000000008004,2.481999999999971
bcsstk31,Extremely sparse,cu,35588,1181416,1.3269999999999982,,,,,0.2619999999999436,4.509999999999991,0.2420000000000755,,,,,0.07999999999992724,2.3110000000000355
bcsstk31,Extremely sparse,gust,35588,1181416,2.3079999999999927,,0.27700000000004366,0.04800000000000182,0.6209999999999809,,,,5.981999999999971,0.678000000000111,1.06899999999996,,0.09600000000000364,1.6849999999999454
bcsstk31,Extremely sparse,outer,35588,1181416,1.91599999999994,0.4460000000000264,0.024999999999977263,0.03600000000005821,0.54200000000003,,,,5.9669999999999845,0.6630000000000109,0.7329999999999472,,0.09699999999997999,1.6890000000000782
bcsstk31,Extremely sparse,colw,35588,1181416,2.034999999999968,0.4660000000000082,0.03600000000005821,0.03599999999994452,0.6180000000000518,,,,5.9669999999999845,0.6669999999999163,0.7050000000000409,,0.09600000000000364,1.66700000000003
bcsstk31,Extremely sparse,inner,35588,1181416,2.0379999999998972,0.43600000000003547,0.03499999999996817,0.035000000000081855,0.613999999999919,,,,6.004000000000019,0.6610000000000582,0.7149999999999181,0.9519999999999982,0.10099999999999909,1.7130000000000791
bcsstm08,Extremely sparse,cu,1074,1074,0.08399999999994634,,,,,0.07299999999997908,0.18000000000006366,0.06100000000003547,,,,,0.017999999999915417,0.02800000000002001
bcsstm08,Extremely sparse,gust,1074,1074,0.08600000000001273,,0.02699999999992997,0.04100000000005366,0.02699999999992997,,,,0.04900000000009186,0.04399999999998272,0.06499999999994088,,0.022000000000048203,0.010999999999967258
bcsstm08,Extremely sparse,outer,1074,1074,0.07699999999999818,0.06200000000001182,0.02100000000007185,0.045999999999935426,0.01999999999998181,,,,0.047000000000025466,0.04200000000003001,0.05999999999994543,,0.023000000000024556,0.009999999999990905
bcsstm08,Extremely sparse,colw,1074,1074,0.07899999999995089,0.06800000000009732,0.02299999999991087,0.035000000000081855,0.019000000000005457,,,,0.04399999999998272,0.03999999999996362,0.05600000000004002,,0.021999999999934516,0.009999999999990905
bcsstm08,Extremely sparse,inner,1074,1074,0.07500000000004547,0.07100000000002638,0.02400000000000091,0.03599999999994452,0.019000000000005457,,,,0.04600000000004911,0.03899999999998727,0.05299999999999727,0.028999999999996362,0.018000000000029104,0.011999999999943611
bcsstm09,Extremely sparse,cu,1083,1083,0.08299999999996999,,,,,0.09199999999998454,0.18500000000005912,0.06599999999991724,,,,,0.022000000000048203,0.028999999999996362
bcsstm09,Extremely sparse,gust,1083,1083,0.08500000000003638,,0.024999999999977263,0.04499999999995907,0.02400000000000091,,,,0.05000000000006821,0.043000000000006366,0.06299999999998818,,0.020999999999958163,0.010999999999967258
bcsstm09,Extremely sparse,outer,1083,1083,0.09100000000000819,0.07600000000002183,0.023000000000024556,0.038000000000010914,0.023000000000024556,,,,0.04499999999995907,0.04800000000000182,0.06100000000003547,,0.021999999999934516,0.011000000000080945
bcsstm09,Extremely sparse,colw,1083,1083,0.08199999999999363,0.06799999999998363,0.022000000000048203,0.03599999999994452,0.023000000000024556,,,,0.043000000000006366,0.03899999999998727,0.05600000000004002,,0.020999999999958163,0.010999999999967258
bcsstm09,Extremely sparse,inner,1083,1083,0.07900000000006457,0.06700000000000728,0.020999999999958163,0.038000000000010914,0.020999999999958163,,,,0.04600000000004911,0.038000000000010914,0.05499999999994998,0.02500000000009095,0.01999999999998181,0.010999999999967258
bcspwr10,Extremely sparse,cu,5300,21842,0.09699999999997999,,,,,0.07600000000002183,0.27300000000002456,0.06599999999991724,,,,,0.02100000000007185,0.15399999999999636
bcspwr10,Extremely sparse,gust,5300,21842,0.09600000000000364,,0.029999999999972715,0.04399999999998272,0.03899999999998727,,,,0.26700000000005275,0.1169999999999618,0.1270000000000664,,0.02699999999992997,0.05200000000002092
bcspwr10,Extremely sparse,outer,5300,21842,0.09199999999998454,0.07400000000006912,0.023000000000024556,0.03599999999994452,0.028999999999996362,,,,0.2680000000000291,0.10599999999999454,0.07000000000005002,,0.021999999999934516,0.049999999999954525
bcspwr10,Extremely sparse,colw,5300,21842,0.09600000000000364,0.07399999999995543,0.02400000000000091,0.038000000000010914,0.028999999999996362,,,,0.2599999999999909,0.10400000000004184,0.057999999999992724,,0.03199999999992542,0.05000000000006821
bcspwr10,Extremely sparse,inner,5300,21842,0.0909999999998945,0.07400000000006912,0.023000000000024556,0.036999999999920874,0.031000000000062755,,,,0.26300000000003365,0.1029999999999518,0.05700000000001637,0.03499999999996817,0.020999999999958163,0.05200000000002092
bcsstm11,Extremely sparse,cu,1473,1473,0.08499999999992269,,,,,0.07900000000006457,0.17899999999997362,0.06700000000000728,,,,,0.020999999999958163,0.02800000000002001
bcsstm11,Extremely sparse,gust,1473,1473,0.08400000000006003,,0.023000000000024556,0.04399999999998272,0.02299999999991087,,,,0.051000000000044565,0.04399999999998272,0.09300000000007458,,0.021999999999934516,0.010999999999967258
bcsstm11,Extremely sparse,outer,1473,1473,0.08699999999998909,0.07799999999997453,0.023000000000024556,0.03899999999998727,0.024999999999977263,,,,0.049999999999954525,0.05000000000006821,0.06700000000000728,,0.021999999999934516,0.011000000000080945
bcsstm11,Extremely sparse,colw,1473,1473,0.09199999999998454,0.08600000000001273,0.02800000000002001,0.049999999999954525,0.028999999999996362,,,,0.05200000000002092,0.05299999999999727,0.06700000000000728,,0.03099999999994907,0.012000000000057298
bcsstm11,Extremely sparse,inner,1473,1473,0.1309999999999718,0.09300000000007458,0.02400000000000091,0.036999999999920874,0.022000000000048203,,,,0.045999999999935426,0.04000000000007731,0.05599999999992633,0.03600000000005821,0.020999999999958163,0.010999999999967258
bcsstm26,Extremely sparse,cu,1922,1922,0.06400000000007822,,,,,0.06099999999992178,0.16000000000008185,0.056999999999902684,,,,,0.01700000000005275,0.025999999999953616
bcsstm26,Extremely sparse,gust,1922,1922,0.07200000000000273,,0.022000000000048203,0.03599999999994452,0.02400000000000091,,,,0.04800000000000182,0.04200000000003001,0.053999999999973625,,0.01700000000005275,0.009999999999990905
bcsstm26,Extremely sparse,outer,1922,1922,0.06799999999998363,0.057999999999992724,0.023000000000024556,0.03199999999992542,0.022000000000048203,,,,0.043000000000006366,0.04099999999993997,0.05000000000006821,,0.017999999999915417,0.010000000000104592
bcsstm26,Extremely sparse,colw,1922,1922,0.06700000000000728,0.057999999999992724,0.02100000000007185,0.03199999999992542,0.01999999999998181,,,,0.04200000000003001,0.033999999999991815,0.05200000000002092,,0.01999999999998181,0.009999999999990905
bcsstm26,Extremely sparse,inner,1922,1922,0.06799999999998363,0.05800000000010641,0.01999999999998181,0.03199999999992542,0.020000000000095497,,,,0.04099999999993997,0.033999999999991815,0.047000000000025466,0.024999999999977263,0.01599999999996271,0.010000000000104592
bcsstm23,Extremely sparse,cu,3134,3134,0.10800000000006094,,,,,0.08000000000004093,0.18399999999996908,0.06799999999998363,,,,,0.01999999999998181,0.028999999999996362
bcsstm23,Extremely sparse,gust,3134,3134,0.10000000000002274,,0.022000000000048203,0.043000000000006366,0.025999999999953616,,,,0.11800000000005184,0.04499999999995907,0.06000000000005912,,0.019000000000005457,0.012999999999919964
bcsstm23,Extremely sparse,outer,3134,3134,0.08800000000007913,0.06999999999993634,0.023000000000024556,0.03700000000003456,0.02800000000002001,,,,0.1209999999999809,0.041999999999916326,0.06100000000003547,,0.02100000000007185,0.011999999999943611
bcsstm23,Extremely sparse,colw,3134,3134,0.08799999999996544,0.06799999999998363,0.023000000000024556,0.03700000000003456,0.025999999999953616,,,,0.1150000000000091,0.043000000000006366,0.06000000000005912,,0.020999999999958163,0.013000000000033651
bcsstm23,Extremely sparse,inner,3134,3134,0.08199999999999363,0.06600000000003092,0.022000000000048203,0.03899999999998727,0.025999999999953616,,,,0.11099999999999,0.04100000000005366,0.05600000000004002,0.028999999999996362,0.019000000000005457,0.012999999999919964
bcsstm24,Extremely sparse,cu,3562,3562,0.10099999999999909,,,,,0.07799999999997453,0.17899999999997362,0.06899999999995998,,,,,0.02400000000000091,0.03300000000001546
bcsstm24,Extremely sparse,gust,3562,3562,0.1029999999999518,,0.026000000000067303,0.04099999999993997,0.028999999999996362,,,,0.1150000000000091,0.05200000000002092,0.06299999999998818,,0.020999999999958163,0.013000000000033651
bcsstm24,Extremely sparse,outer,3562,3562,0.09699999999997999,0.06900000000007367,0.025999999999953616,0.03700000000003456,0.02699999999992997,,,,0.11400000000003274,0.04899999999997817,0.057999999999992724,,0.02400000000000091,0.013000000000033651
bcsstm24,Extremely sparse,colw,3562,3562,0.08900000000005548,0.06899999999995998,0.02400000000000091,0.035000000000081855,0.023999999999887223,,,,0.11400000000003274,0.04100000000005366,0.06399999999996453,,0.023000000000024556,0.013000000000033651
bcsstm24,Extremely sparse,inner,3562,3562,0.08499999999992269,0.06700000000000728,0.02400000000000091,0.035000000000081855,0.02400000000000091,,,,0.11099999999999,0.03999999999996362,0.05499999999994998,0.031000000000062755,0.019000000000005457,0.014000000000010004
bcsstm21,Extremely sparse,cu,3600,3600,0.1029999999999518,,,,,0.09000000000003183,0.19700000000000273,0.07600000000002183,,,,,0.024999999999977263,0.02800000000002001
bcsstm21,Extremely sparse,gust,3600,3600,0.09800000000007003,,0.025999999999953616,0.04800000000000182,0.038000000000010914,,,,0.1290000000000191,0.047000000000025466,0.06499999999994088,,0.026000000000067303,0.02400000000000091
bcsstm21,Extremely sparse,outer,3600,3600,0.09800000000007003,0.07699999999999818,0.024999999999977263,0.043000000000006366,0.03499999999996817,,,,0.12999999999999545,0.04399999999998272,0.06700000000000728,,0.026000000000067303,0.021999999999934516
bcsstm21,Extremely sparse,colw,3600,3600,0.10199999999997544,0.07699999999999818,0.023000000000024556,0.04399999999998272,0.03599999999994452,,,,0.12000000000000455,0.04500000000007276,0.05999999999994543,,0.02400000000000091,0.013000000000033651
bcsstm21,Extremely sparse,inner,3600,3600,0.08800000000007913,0.07399999999995543,0.026000000000067303,0.049999999999954525,0.025999999999953616,,,,0.1230000000000473,0.04499999999995907,0.06200000000001182,0.029999999999972715,0.022000000000048203,0.014999999999986358
bcsstm25,Extremely sparse,cu,15439,15439,0.10900000000003729,,,,,0.08400000000006003,0.2059999999999036,0.06900000000007367,,,,,0.01999999999998181,0.04200000000003001
bcsstm25,Extremely sparse,gust,15439,15439,0.10700000000008458,,0.033999999999991815,0.047000000000025466,0.04499999999995907,,,,0.1290000000000191,0.05099999999993088,0.059000000000082764,,0.01999999999998181,0.02400000000000091
bcsstm25,Extremely sparse,outer,15439,15439,0.10800000000006094,0.07399999999995543,0.02100000000007185,0.03999999999996362,0.04399999999998272,,,,0.1309999999999718,0.051000000000044565,0.053999999999973625,,0.01999999999998181,0.024999999999977263
bcsstm25,Extremely sparse,colw,15439,15439,0.1089999999999236,0.07300000000009277,0.02299999999991087,0.05299999999999727,0.04000000000007731,,,,0.1269999999999527,0.043000000000006366,0.06000000000005912,,0.019000000000005457,0.024999999999977263
bcsstm25,Extremely sparse,inner,15439,15439,0.11000000000001364,0.07899999999995089,0.022000000000048203,0.038000000000010914,0.04499999999995907,,,,0.1290000000000191,0.04399999999998272,0.07200000000000273,0.047000000000025466,0.02400000000000091,0.024999999999977263
