class,name,n,A_nnz,density_pct,cu_cnnz,man_cnnz,outer_cnnz,colw_cnnz,inner_cnnz,cnnz_gap_pct,buf2,cu_we,cu_compute,cu_copy,cu_d2h,cu_kernel,cu_time,cu_write,man_count,man_fill,man_kernel,man_time,man_write,outer_time,colw_time,inner_time,phases
Dense,bcsstk02,66,4356,100.0,4356,4356,4356,4356,4356,0.0,,0.09100000000000819,0.30100000000004457,0.05700000000001637,1.0819999999999936,0.4490000000000691,1.779,,,,,2.109,,2.172,2.181,2.143,"{('cu', 'start'): 548.894, ('cu', 'h2d'): 549.016, ('cu', 'workest'): 549.107, ('cu', 'compute'): 549.408, ('cu', 'copy'): 549.465, ('cu', 'pack'): 549.487, ('cu', 'd2h'): 550.569, ('gust', 'start'): 550.967, ('gust', 'h2d'): 551.088, ('gust', 'count'): 551.119, ('gust', 'scan'): 551.166, ('gust', 'expand'): 551.305, ('gust', 'sort'): 551.599, ('gust', 'reduce'): 551.763, ('gust', 'final'): 551.972, ('gust', 'pack'): 551.993, ('gust', 'd2h'): 552.87, ('outer', 'start'): 553.373, ('outer', 'h2d'): 553.504, ('outer', 'csc'): 553.616, ('outer', 'count'): 553.636, ('outer', 'scan'): 553.674, ('outer', 'expand'): 553.803, ('outer', 'sort'): 554.08, ('outer', 'reduce'): 554.248, ('outer', 'final'): 554.463, ('outer', 'pack'): 554.49, ('outer', 'd2h'): 555.305, ('colw', 'start'): 555.828, ('colw', 'h2d'): 555.955, ('colw', 'csc'): 556.064, ('colw', 'count'): 556.088, ('colw', 'scan'): 556.127, ('colw', 'expand'): 556.268, ('colw', 'sort'): 556.581, ('colw', 'reduce'): 556.743, ('colw', 'final'): 556.946, ('colw', 'pack'): 556.969, ('colw', 'd2h'): 557.797, ('inner', 'start'): 558.293, ('inner', 'h2d'): 558.429, ('inner', 'csc'): 558.537, ('inner', 'count'): 558.561, ('inner', 'scan'): 558.597, ('inner', 'expand'): 558.725, ('inner', 'sort'): 559.0, ('inner', 'reduce'): 559.153, ('inner', 'final'): 559.362, ('inner', 'numeric'): 559.471, ('inner', 'pack'): 559.494, ('inner', 'd2h'): 560.29}"
Dense,can_24,24,160,27.77777777777778,336,336,336,336,336,0.0,,0.08500000000003638,0.16399999999998727,0.057999999999992724,0.8669999999999618,0.30700000000001637,1.408,,,,,1.282,,1.404,1.378,1.394,"{('cu', 'start'): 513.125, ('cu', 'h2d'): 513.231, ('cu', 'workest'): 513.316, ('cu', 'compute'): 513.48, ('cu', 'copy'): 513.538, ('cu', 'pack'): 513.558, ('cu', 'd2h'): 514.425, ('gust', 'start'): 514.808, ('gust', 'h2d'): 514.9, ('gust', 'count'): 514.928, ('gust', 'scan'): 514.975, ('gust', 'expand'): 514.997, ('gust', 'sort'): 515.043, ('gust', 'reduce'): 515.083, ('gust', 'final'): 515.14, ('gust', 'pack'): 515.168, ('gust', 'd2h'): 515.96, ('outer', 'start'): 516.382, ('outer', 'h2d'): 516.476, ('outer', 'csc'): 516.555, ('outer', 'count'): 516.576, ('outer', 'scan'): 516.614, ('outer', 'expand'): 516.633, ('outer', 'sort'): 516.679, ('outer', 'reduce'): 516.718, ('outer', 'final'): 516.779, ('outer', 'pack'): 516.797, ('outer', 'd2h'): 517.638, ('colw', 'start'): 518.065, ('colw', 'h2d'): 518.171, ('colw', 'csc'): 518.252, ('colw', 'count'): 518.271, ('colw', 'scan'): 518.309, ('colw', 'expand'): 518.329, ('colw', 'sort'): 518.374, ('colw', 'reduce'): 518.411, ('colw', 'final'): 518.465, ('colw', 'pack'): 518.484, ('colw', 'd2h'): 519.287, ('inner', 'start'): 519.699, ('inner', 'h2d'): 519.789, ('inner', 'csc'): 519.866, ('inner', 'count'): 519.886, ('inner', 'scan'): 519.924, ('inner', 'expand'): 519.943, ('inner', 'sort'): 519.99, ('inner', 'reduce'): 520.026, ('inner', 'final'): 520.079, ('inner', 'numeric'): 520.104, ('inner', 'pack'): 520.122, ('inner', 'd2h'): 520.954}"
Dense,bcsstk04,132,3648,20.9366391184573,11968,11968,11968,11968,11968,0.0,,0.08400000000006003,0.33199999999999363,0.06799999999998363,1.038000000000011,0.4840000000000373,1.76,,,,,1.829,,1.913,1.88,2.069,"{('cu', 'start'): 549.515, ('cu', 'h2d'): 549.621, ('cu', 'workest'): 549.705, ('cu', 'compute'): 550.037, ('cu', 'copy'): 550.105, ('cu', 'pack'): 550.127, ('cu', 'd2h'): 551.165, ('gust', 'start'): 551.609, ('gust', 'h2d'): 551.711, ('gust', 'count'): 551.741, ('gust', 'scan'): 551.788, ('gust', 'expand'): 551.826, ('gust', 'sort'): 552.159, ('gust', 'reduce'): 552.28, ('gust', 'final'): 552.415, ('gust', 'pack'): 552.436, ('gust', 'd2h'): 553.301, ('outer', 'start'): 553.709, ('outer', 'h2d'): 553.822, ('outer', 'csc'): 553.925, ('outer', 'count'): 553.945, ('outer', 'scan'): 553.996, ('outer', 'expand'): 554.021, ('outer', 'sort'): 554.333, ('outer', 'reduce'): 554.438, ('outer', 'final'): 554.57, ('outer', 'pack'): 554.592, ('outer', 'd2h'): 555.461, ('colw', 'start'): 555.895, ('colw', 'h2d'): 556.01, ('colw', 'csc'): 556.113, ('colw', 'count'): 556.135, ('colw', 'scan'): 556.172, ('colw', 'expand'): 556.206, ('colw', 'sort'): 556.515, ('colw', 'reduce'): 556.619, ('colw', 'final'): 556.75, ('colw', 'pack'): 556.771, ('colw', 'd2h'): 557.624, ('inner', 'start'): 558.076, ('inner', 'h2d'): 558.188, ('inner', 'csc'): 558.31, ('inner', 'count'): 558.333, ('inner', 'scan'): 558.376, ('inner', 'expand'): 558.415, ('inner', 'sort'): 558.769, ('inner', 'reduce'): 558.893, ('inner', 'final'): 559.048, ('inner', 'numeric'): 559.097, ('inner', 'pack'): 559.12, ('inner', 'd2h'): 559.966}"
Dense,bcsstk01,48,400,17.36111111111111,1292,1292,1292,1292,1292,0.0,,0.08899999999994179,0.17000000000007276,0.06599999999991724,0.8880000000000337,0.3249999999999318,1.479,,,,,1.477,,1.495,1.452,1.525,"{('cu', 'start'): 539.025, ('cu', 'h2d'): 539.133, ('cu', 'workest'): 539.222, ('cu', 'compute'): 539.392, ('cu', 'copy'): 539.458, ('cu', 'pack'): 539.477, ('cu', 'd2h'): 540.365, ('gust', 'start'): 540.806, ('gust', 'h2d'): 540.914, ('gust', 'count'): 540.942, ('gust', 'scan'): 540.99, ('gust', 'expand'): 541.014, ('gust', 'sort'): 541.142, ('gust', 'reduce'): 541.186, ('gust', 'final'): 541.245, ('gust', 'pack'): 541.264, ('gust', 'd2h'): 542.106, ('outer', 'start'): 542.566, ('outer', 'h2d'): 542.666, ('outer', 'csc'): 542.749, ('outer', 'count'): 542.77, ('outer', 'scan'): 542.809, ('outer', 'expand'): 542.83, ('outer', 'sort'): 542.944, ('outer', 'reduce'): 542.983, ('outer', 'final'): 543.042, ('outer', 'pack'): 543.061, ('outer', 'd2h'): 543.89, ('colw', 'start'): 544.361, ('colw', 'h2d'): 544.462, ('colw', 'csc'): 544.542, ('colw', 'count'): 544.563, ('colw', 'scan'): 544.6, ('colw', 'expand'): 544.621, ('colw', 'sort'): 544.733, ('colw', 'reduce'): 544.771, ('colw', 'final'): 544.823, ('colw', 'pack'): 544.841, ('colw', 'd2h'): 545.656, ('inner', 'start'): 546.075, ('inner', 'h2d'): 546.181, ('inner', 'csc'): 546.261, ('inner', 'count'): 546.281, ('inner', 'scan'): 546.318, ('inner', 'expand'): 546.34, ('inner', 'sort'): 546.45, ('inner', 'reduce'): 546.488, ('inner', 'final'): 546.539, ('inner', 'numeric'): 546.565, ('inner', 'pack'): 546.583, ('inner', 'd2h'): 547.462}"
Dense,can_61,61,557,14.969094329481322,1793,1793,1793,1793,1793,0.0,,0.10599999999999454,0.17099999999993543,0.05700000000001637,0.863999999999919,0.33399999999994634,1.443,,,,,1.394,,1.52,1.485,1.484,"{('cu', 'start'): 530.142, ('cu', 'h2d'): 530.259, ('cu', 'workest'): 530.365, ('cu', 'compute'): 530.536, ('cu', 'copy'): 530.593, ('cu', 'pack'): 530.614, ('cu', 'd2h'): 531.478, ('gust', 'start'): 531.895, ('gust', 'h2d'): 532.005, ('gust', 'count'): 532.033, ('gust', 'scan'): 532.081, ('gust', 'expand'): 532.107, ('gust', 'sort'): 532.22, ('gust', 'reduce'): 532.264, ('gust', 'final'): 532.321, ('gust', 'pack'): 532.341, ('gust', 'd2h'): 533.154, ('outer', 'start'): 533.57, ('outer', 'h2d'): 533.675, ('outer', 'csc'): 533.787, ('outer', 'count'): 533.808, ('outer', 'scan'): 533.846, ('outer', 'expand'): 533.87, ('outer', 'sort'): 533.979, ('outer', 'reduce'): 534.019, ('outer', 'final'): 534.079, ('outer', 'pack'): 534.097, ('outer', 'd2h'): 534.94, ('colw', 'start'): 535.4, ('colw', 'h2d'): 535.51, ('colw', 'csc'): 535.6, ('colw', 'count'): 535.621, ('colw', 'scan'): 535.66, ('colw', 'expand'): 535.684, ('colw', 'sort'): 535.802, ('colw', 'reduce'): 535.842, ('colw', 'final'): 535.898, ('colw', 'pack'): 535.916, ('colw', 'd2h'): 536.702, ('inner', 'start'): 537.151, ('inner', 'h2d'): 537.261, ('inner', 'csc'): 537.35, ('inner', 'count'): 537.371, ('inner', 'scan'): 537.409, ('inner', 'expand'): 537.434, ('inner', 'sort'): 537.542, ('inner', 'reduce'): 537.582, ('inner', 'final'): 537.635, ('inner', 'numeric'): 537.663, ('inner', 'pack'): 537.682, ('inner', 'd2h'): 538.499}"
Dense,bcsstk05,153,2423,10.350719808620616,7245,7245,7245,7245,7245,0.0,,0.08600000000001273,0.18899999999996453,0.057999999999992724,0.8769999999999527,0.33299999999997,1.455,,,,,1.426,,1.582,1.495,1.531,"{('cu', 'start'): 519.234, ('cu', 'h2d'): 519.347, ('cu', 'workest'): 519.433, ('cu', 'compute'): 519.622, ('cu', 'copy'): 519.68, ('cu', 'pack'): 519.701, ('cu', 'd2h'): 520.578, ('gust', 'start'): 520.964, ('gust', 'h2d'): 521.073, ('gust', 'count'): 521.103, ('gust', 'scan'): 521.152, ('gust', 'expand'): 521.178, ('gust', 'sort'): 521.305, ('gust', 'reduce'): 521.346, ('gust', 'final'): 521.408, ('gust', 'pack'): 521.427, ('gust', 'd2h'): 522.251, ('outer', 'start'): 522.659, ('outer', 'h2d'): 522.758, ('outer', 'csc'): 522.851, ('outer', 'count'): 522.871, ('outer', 'scan'): 522.911, ('outer', 'expand'): 522.932, ('outer', 'sort'): 523.074, ('outer', 'reduce'): 523.117, ('outer', 'final'): 523.176, ('outer', 'pack'): 523.195, ('outer', 'd2h'): 524.02, ('colw', 'start'): 524.514, ('colw', 'h2d'): 524.625, ('colw', 'csc'): 524.719, ('colw', 'count'): 524.74, ('colw', 'scan'): 524.78, ('colw', 'expand'): 524.806, ('colw', 'sort'): 524.929, ('colw', 'reduce'): 524.969, ('colw', 'final'): 525.025, ('colw', 'pack'): 525.043, ('colw', 'd2h'): 525.859, ('inner', 'start'): 526.363, ('inner', 'h2d'): 526.467, ('inner', 'csc'): 526.558, ('inner', 'count'): 526.58, ('inner', 'scan'): 526.619, ('inner', 'expand'): 526.645, ('inner', 'sort'): 526.768, ('inner', 'reduce'): 526.807, ('inner', 'final'): 526.862, ('inner', 'numeric'): 526.896, ('inner', 'pack'): 526.914, ('inner', 'd2h'): 527.754}"
Mildly sparse,bcspwr01,39,131,8.61275476660092,275,275,275,275,275,0.0,,0.08100000000001728,0.16300000000001091,0.05700000000001637,0.8460000000000036,0.30100000000004457,1.366,,,,,1.277,,1.391,1.347,1.392,"{('cu', 'start'): 524.587, ('cu', 'h2d'): 524.68, ('cu', 'workest'): 524.761, ('cu', 'compute'): 524.924, ('cu', 'copy'): 524.981, ('cu', 'pack'): 525.0, ('cu', 'd2h'): 525.846, ('gust', 'start'): 526.224, ('gust', 'h2d'): 526.313, ('gust', 'count'): 526.337, ('gust', 'scan'): 526.383, ('gust', 'expand'): 526.41, ('gust', 'sort'): 526.457, ('gust', 'reduce'): 526.497, ('gust', 'final'): 526.555, ('gust', 'pack'): 526.572, ('gust', 'd2h'): 527.355, ('outer', 'start'): 527.769, ('outer', 'h2d'): 527.859, ('outer', 'csc'): 527.935, ('outer', 'count'): 527.955, ('outer', 'scan'): 527.993, ('outer', 'expand'): 528.013, ('outer', 'sort'): 528.058, ('outer', 'reduce'): 528.096, ('outer', 'final'): 528.157, ('outer', 'pack'): 528.175, ('outer', 'd2h'): 529.009, ('colw', 'start'): 529.467, ('colw', 'h2d'): 529.565, ('colw', 'csc'): 529.643, ('colw', 'count'): 529.663, ('colw', 'scan'): 529.701, ('colw', 'expand'): 529.72, ('colw', 'sort'): 529.763, ('colw', 'reduce'): 529.8, ('colw', 'final'): 529.853, ('colw', 'pack'): 529.871, ('colw', 'd2h'): 530.658, ('inner', 'start'): 531.071, ('inner', 'h2d'): 531.162, ('inner', 'csc'): 531.238, ('inner', 'count'): 531.258, ('inner', 'scan'): 531.296, ('inner', 'expand'): 531.314, ('inner', 'sort'): 531.357, ('inner', 'reduce'): 531.392, ('inner', 'final'): 531.456, ('inner', 'numeric'): 531.479, ('inner', 'pack'): 531.498, ('inner', 'd2h'): 532.306}"
Mildly sparse,can_96,96,768,8.333333333333332,1920,1920,1920,1920,1920,0.0,,0.08600000000001273,0.16000000000008185,0.05599999999992633,0.8210000000000264,0.3020000000000209,1.34,,,,,1.308,,1.394,1.373,1.416,"{('cu', 'start'): 536.25, ('cu', 'h2d'): 536.343, ('cu', 'workest'): 536.429, ('cu', 'compute'): 536.589, ('cu', 'copy'): 536.645, ('cu', 'pack'): 536.663, ('cu', 'd2h'): 537.484, ('gust', 'start'): 537.865, ('gust', 'h2d'): 537.957, ('gust', 'count'): 537.982, ('gust', 'scan'): 538.027, ('gust', 'expand'): 538.047, ('gust', 'sort'): 538.16, ('gust', 'reduce'): 538.2, ('gust', 'final'): 538.255, ('gust', 'pack'): 538.273, ('gust', 'd2h'): 539.041, ('outer', 'start'): 539.435, ('outer', 'h2d'): 539.524, ('outer', 'csc'): 539.602, ('outer', 'count'): 539.622, ('outer', 'scan'): 539.659, ('outer', 'expand'): 539.677, ('outer', 'sort'): 539.786, ('outer', 'reduce'): 539.824, ('outer', 'final'): 539.894, ('outer', 'pack'): 539.915, ('outer', 'd2h'): 540.696, ('colw', 'start'): 541.131, ('colw', 'h2d'): 541.23, ('colw', 'csc'): 541.306, ('colw', 'count'): 541.327, ('colw', 'scan'): 541.362, ('colw', 'expand'): 541.381, ('colw', 'sort'): 541.489, ('colw', 'reduce'): 541.526, ('colw', 'final'): 541.575, ('colw', 'pack'): 541.594, ('colw', 'd2h'): 542.356, ('inner', 'start'): 542.811, ('inner', 'h2d'): 542.913, ('inner', 'csc'): 542.99, ('inner', 'count'): 543.011, ('inner', 'scan'): 543.047, ('inner', 'expand'): 543.066, ('inner', 'sort'): 543.175, ('inner', 'reduce'): 543.212, ('inner', 'final'): 543.261, ('inner', 'numeric'): 543.286, ('inner', 'pack'): 543.304, ('inner', 'd2h'): 544.096}"
Mildly sparse,arc130,130,1282,7.585798816568047,15631,15631,15631,15631,15631,0.0,,0.09100000000000819,0.19099999999991724,0.05700000000001637,0.8630000000000564,0.3389999999999418,1.45,,,,,1.423,,1.567,1.548,1.573,"{('cu', 'start'): 528.023, ('cu', 'h2d'): 528.143, ('cu', 'workest'): 528.234, ('cu', 'compute'): 528.425, ('cu', 'copy'): 528.482, ('cu', 'pack'): 528.502, ('cu', 'd2h'): 529.365, ('gust', 'start'): 529.778, ('gust', 'h2d'): 529.887, ('gust', 'count'): 529.917, ('gust', 'scan'): 529.963, ('gust', 'expand'): 530.003, ('gust', 'sort'): 530.129, ('gust', 'reduce'): 530.17, ('gust', 'final'): 530.231, ('gust', 'pack'): 530.251, ('gust', 'd2h'): 531.066, ('outer', 'start'): 531.492, ('outer', 'h2d'): 531.61, ('outer', 'csc'): 531.734, ('outer', 'count'): 531.754, ('outer', 'scan'): 531.793, ('outer', 'expand'): 531.826, ('outer', 'sort'): 531.949, ('outer', 'reduce'): 531.988, ('outer', 'final'): 532.053, ('outer', 'pack'): 532.071, ('outer', 'd2h'): 532.9, ('colw', 'start'): 533.4, ('colw', 'h2d'): 533.509, ('colw', 'csc'): 533.645, ('colw', 'count'): 533.669, ('colw', 'scan'): 533.708, ('colw', 'expand'): 533.749, ('colw', 'sort'): 533.871, ('colw', 'reduce'): 533.909, ('colw', 'final'): 533.965, ('colw', 'pack'): 533.983, ('colw', 'd2h'): 534.803, ('inner', 'start'): 535.228, ('inner', 'h2d'): 535.339, ('inner', 'csc'): 535.462, ('inner', 'count'): 535.485, ('inner', 'scan'): 535.524, ('inner', 'expand'): 535.573, ('inner', 'sort'): 535.696, ('inner', 'reduce'): 535.733, ('inner', 'final'): 535.789, ('inner', 'numeric'): 535.837, ('inner', 'pack'): 535.855, ('inner', 'd2h'): 536.666}"
Mildly sparse,ash85,85,523,7.2387543252595155,1317,1317,1317,1317,1317,0.0,,0.08199999999999363,0.16599999999993997,0.05600000000004002,0.8220000000000027,0.3039999999999736,1.344,,,,,1.32,,1.429,1.402,1.427,"{('cu', 'start'): 535.039, ('cu', 'h2d'): 535.133, ('cu', 'workest'): 535.215, ('cu', 'compute'): 535.381, ('cu', 'copy'): 535.437, ('cu', 'pack'): 535.455, ('cu', 'd2h'): 536.277, ('gust', 'start'): 536.65, ('gust', 'h2d'): 536.739, ('gust', 'count'): 536.764, ('gust', 'scan'): 536.811, ('gust', 'expand'): 536.833, ('gust', 'sort'): 536.946, ('gust', 'reduce'): 536.986, ('gust', 'final'): 537.055, ('gust', 'pack'): 537.076, ('gust', 'd2h'): 537.843, ('outer', 'start'): 538.257, ('outer', 'h2d'): 538.351, ('outer', 'csc'): 538.429, ('outer', 'count'): 538.45, ('outer', 'scan'): 538.488, ('outer', 'expand'): 538.508, ('outer', 'sort'): 538.617, ('outer', 'reduce'): 538.654, ('outer', 'final'): 538.714, ('outer', 'pack'): 538.732, ('outer', 'd2h'): 539.54, ('colw', 'start'): 539.963, ('colw', 'h2d'): 540.066, ('colw', 'csc'): 540.146, ('colw', 'count'): 540.168, ('colw', 'scan'): 540.205, ('colw', 'expand'): 540.226, ('colw', 'sort'): 540.337, ('colw', 'reduce'): 540.376, ('colw', 'final'): 540.429, ('colw', 'pack'): 540.446, ('colw', 'd2h'): 541.214, ('inner', 'start'): 541.672, ('inner', 'h2d'): 541.764, ('inner', 'csc'): 541.842, ('inner', 'count'): 541.862, ('inner', 'scan'): 541.9, ('inner', 'expand'): 541.92, ('inner', 'sort'): 542.039, ('inner', 'reduce'): 542.08, ('inner', 'final'): 542.134, ('inner', 'numeric'): 542.158, ('inner', 'pack'): 542.176, ('inner', 'd2h'): 542.954}"
Mildly sparse,can_73,73,377,7.0744980296490905,1377,1377,1377,1377,1377,0.0,,0.08400000000006003,0.17399999999997817,0.05599999999992633,0.8399999999999181,0.31399999999996453,1.376,,,,,1.278,,1.364,1.348,1.388,"{('cu', 'start'): 534.77, ('cu', 'h2d'): 534.866, ('cu', 'workest'): 534.95, ('cu', 'compute'): 535.124, ('cu', 'copy'): 535.18, ('cu', 'pack'): 535.2, ('cu', 'd2h'): 536.04, ('gust', 'start'): 536.412, ('gust', 'h2d'): 536.514, ('gust', 'count'): 536.539, ('gust', 'scan'): 536.587, ('gust', 'expand'): 536.609, ('gust', 'sort'): 536.657, ('gust', 'reduce'): 536.697, ('gust', 'final'): 536.754, ('gust', 'pack'): 536.772, ('gust', 'd2h'): 537.556, ('outer', 'start'): 537.952, ('outer', 'h2d'): 538.044, ('outer', 'csc'): 538.122, ('outer', 'count'): 538.141, ('outer', 'scan'): 538.179, ('outer', 'expand'): 538.2, ('outer', 'sort'): 538.246, ('outer', 'reduce'): 538.283, ('outer', 'final'): 538.338, ('outer', 'pack'): 538.356, ('outer', 'd2h'): 539.173, ('colw', 'start'): 539.728, ('colw', 'h2d'): 539.828, ('colw', 'csc'): 539.906, ('colw', 'count'): 539.926, ('colw', 'scan'): 539.965, ('colw', 'expand'): 539.984, ('colw', 'sort'): 540.031, ('colw', 'reduce'): 540.068, ('colw', 'final'): 540.121, ('colw', 'pack'): 540.14, ('colw', 'd2h'): 540.923, ('inner', 'start'): 541.329, ('inner', 'h2d'): 541.421, ('inner', 'csc'): 541.502, ('inner', 'count'): 541.533, ('inner', 'scan'): 541.573, ('inner', 'expand'): 541.593, ('inner', 'sort'): 541.638, ('inner', 'reduce'): 541.675, ('inner', 'final'): 541.728, ('inner', 'numeric'): 541.755, ('inner', 'pack'): 541.773, ('inner', 'd2h'): 542.581}"
Mildly sparse,bcspwr02,49,167,6.9554352353186175,403,403,403,403,403,0.0,,0.08400000000006003,0.17099999999993543,0.05700000000001637,0.82000000000005,0.3120000000000118,1.345,,,,,1.244,,1.324,1.313,1.349,"{('cu', 'start'): 533.426, ('cu', 'h2d'): 533.515, ('cu', 'workest'): 533.599, ('cu', 'compute'): 533.77, ('cu', 'copy'): 533.827, ('cu', 'pack'): 533.846, ('cu', 'd2h'): 534.666, ('gust', 'start'): 535.047, ('gust', 'h2d'): 535.137, ('gust', 'count'): 535.161, ('gust', 'scan'): 535.208, ('gust', 'expand'): 535.229, ('gust', 'sort'): 535.276, ('gust', 'reduce'): 535.317, ('gust', 'final'): 535.373, ('gust', 'pack'): 535.391, ('gust', 'd2h'): 536.159, ('outer', 'start'): 536.549, ('outer', 'h2d'): 536.636, ('outer', 'csc'): 536.711, ('outer', 'count'): 536.729, ('outer', 'scan'): 536.767, ('outer', 'expand'): 536.786, ('outer', 'sort'): 536.832, ('outer', 'reduce'): 536.87, ('outer', 'final'): 536.93, ('outer', 'pack'): 536.948, ('outer', 'd2h'): 537.733, ('colw', 'start'): 538.17, ('colw', 'h2d'): 538.262, ('colw', 'csc'): 538.338, ('colw', 'count'): 538.357, ('colw', 'scan'): 538.394, ('colw', 'expand'): 538.415, ('colw', 'sort'): 538.459, ('colw', 'reduce'): 538.498, ('colw', 'final'): 538.55, ('colw', 'pack'): 538.568, ('colw', 'd2h'): 539.329, ('inner', 'start'): 539.795, ('inner', 'h2d'): 539.885, ('inner', 'csc'): 539.961, ('inner', 'count'): 539.992, ('inner', 'scan'): 540.031, ('inner', 'expand'): 540.05, ('inner', 'sort'): 540.093, ('inner', 'reduce'): 540.131, ('inner', 'final'): 540.183, ('inner', 'numeric'): 540.208, ('inner', 'pack'): 540.226, ('inner', 'd2h'): 541.01}"
Mildly sparse,can_144,144,1296,6.25,3456,3456,3456,3456,3456,0.0,,0.08399999999994634,0.16600000000005366,0.06700000000000728,0.7880000000000109,0.3170000000000073,1.313,,,,,1.318,,1.406,1.39,1.383,"{('cu', 'start'): 542.006, ('cu', 'h2d'): 542.1, ('cu', 'workest'): 542.184, ('cu', 'compute'): 542.35, ('cu', 'copy'): 542.417, ('cu', 'pack'): 542.438, ('cu', 'd2h'): 543.226, ('gust', 'start'): 543.601, ('gust', 'h2d'): 543.695, ('gust', 'count'): 543.721, ('gust', 'scan'): 543.764, ('gust', 'expand'): 543.786, ('gust', 'sort'): 543.901, ('gust', 'reduce'): 543.939, ('gust', 'final'): 543.991, ('gust', 'pack'): 544.01, ('gust', 'd2h'): 544.799, ('outer', 'start'): 545.18, ('outer', 'h2d'): 545.274, ('outer', 'csc'): 545.351, ('outer', 'count'): 545.37, ('outer', 'scan'): 545.421, ('outer', 'expand'): 545.443, ('outer', 'sort'): 545.552, ('outer', 'reduce'): 545.59, ('outer', 'final'): 545.643, ('outer', 'pack'): 545.66, ('outer', 'd2h'): 546.443, ('colw', 'start'): 546.852, ('colw', 'h2d'): 546.948, ('colw', 'csc'): 547.028, ('colw', 'count'): 547.048, ('colw', 'scan'): 547.085, ('colw', 'expand'): 547.105, ('colw', 'sort'): 547.214, ('colw', 'reduce'): 547.25, ('colw', 'final'): 547.299, ('colw', 'pack'): 547.316, ('colw', 'd2h'): 548.108, ('inner', 'start'): 548.514, ('inner', 'h2d'): 548.61, ('inner', 'csc'): 548.688, ('inner', 'count'): 548.707, ('inner', 'scan'): 548.743, ('inner', 'expand'): 548.764, ('inner', 'sort'): 548.875, ('inner', 'reduce'): 548.91, ('inner', 'final'): 548.957, ('inner', 'numeric'): 548.984, ('inner', 'pack'): 549.002, ('inner', 'd2h'): 549.775}"
Mildly sparse,can_62,62,218,5.6711758584807495,482,482,482,482,482,0.0,,0.08299999999996999,0.1650000000000773,0.05700000000001637,0.8869999999999436,0.30500000000006366,1.417,,,,,1.335,,1.475,1.427,1.431,"{('cu', 'start'): 515.175, ('cu', 'h2d'): 515.27, ('cu', 'workest'): 515.353, ('cu', 'compute'): 515.518, ('cu', 'copy'): 515.575, ('cu', 'pack'): 515.596, ('cu', 'd2h'): 516.483, ('gust', 'start'): 516.877, ('gust', 'h2d'): 516.975, ('gust', 'count'): 517.002, ('gust', 'scan'): 517.049, ('gust', 'expand'): 517.07, ('gust', 'sort'): 517.119, ('gust', 'reduce'): 517.159, ('gust', 'final'): 517.217, ('gust', 'pack'): 517.235, ('gust', 'd2h'): 518.071, ('outer', 'start'): 518.484, ('outer', 'h2d'): 518.578, ('outer', 'csc'): 518.676, ('outer', 'count'): 518.696, ('outer', 'scan'): 518.736, ('outer', 'expand'): 518.756, ('outer', 'sort'): 518.8, ('outer', 'reduce'): 518.84, ('outer', 'final'): 518.9, ('outer', 'pack'): 518.918, ('outer', 'd2h'): 519.802, ('colw', 'start'): 520.314, ('colw', 'h2d'): 520.414, ('colw', 'csc'): 520.494, ('colw', 'count'): 520.514, ('colw', 'scan'): 520.553, ('colw', 'expand'): 520.572, ('colw', 'sort'): 520.629, ('colw', 'reduce'): 520.667, ('colw', 'final'): 520.719, ('colw', 'pack'): 520.739, ('colw', 'd2h'): 521.566, ('inner', 'start'): 522.003, ('inner', 'h2d'): 522.099, ('inner', 'csc'): 522.178, ('inner', 'count'): 522.197, ('inner', 'scan'): 522.235, ('inner', 'expand'): 522.255, ('inner', 'sort'): 522.299, ('inner', 'reduce'): 522.336, ('inner', 'final'): 522.388, ('inner', 'numeric'): 522.411, ('inner', 'pack'): 522.429, ('inner', 'd2h'): 523.292}"
Mildly sparse,can_161,161,1377,5.31229505034528,3761,3761,3761,3761,3761,0.0,,0.08899999999994179,0.1710000000000491,0.05999999999994543,0.8999999999999773,0.31999999999993634,1.455,,,,,1.43,,1.557,1.511,1.524,"{('cu', 'start'): 523.545, ('cu', 'h2d'): 523.647, ('cu', 'workest'): 523.736, ('cu', 'compute'): 523.907, ('cu', 'copy'): 523.967, ('cu', 'pack'): 523.988, ('cu', 'd2h'): 524.888, ('gust', 'start'): 525.345, ('gust', 'h2d'): 525.449, ('gust', 'count'): 525.478, ('gust', 'scan'): 525.526, ('gust', 'expand'): 525.549, ('gust', 'sort'): 525.665, ('gust', 'reduce'): 525.707, ('gust', 'final'): 525.764, ('gust', 'pack'): 525.784, ('gust', 'd2h'): 526.633, ('outer', 'start'): 527.05, ('outer', 'h2d'): 527.149, ('outer', 'csc'): 527.235, ('outer', 'count'): 527.254, ('outer', 'scan'): 527.293, ('outer', 'expand'): 527.338, ('outer', 'sort'): 527.452, ('outer', 'reduce'): 527.492, ('outer', 'final'): 527.553, ('outer', 'pack'): 527.572, ('outer', 'd2h'): 528.443, ('colw', 'start'): 528.879, ('colw', 'h2d'): 528.984, ('colw', 'csc'): 529.068, ('colw', 'count'): 529.088, ('colw', 'scan'): 529.128, ('colw', 'expand'): 529.15, ('colw', 'sort'): 529.262, ('colw', 'reduce'): 529.301, ('colw', 'final'): 529.367, ('colw', 'pack'): 529.389, ('colw', 'd2h'): 530.218, ('inner', 'start'): 530.662, ('inner', 'h2d'): 530.762, ('inner', 'csc'): 530.846, ('inner', 'count'): 530.867, ('inner', 'scan'): 530.905, ('inner', 'expand'): 530.926, ('inner', 'sort'): 531.037, ('inner', 'reduce'): 531.076, ('inner', 'final'): 531.128, ('inner', 'numeric'): 531.155, ('inner', 'pack'): 531.174, ('inner', 'd2h'): 532.042}"
Mildly sparse,bcsstk03,112,640,5.1020408163265305,1072,1072,1072,1072,1072,0.0,,0.08899999999994179,0.19000000000005457,0.06299999999998818,0.8789999999999054,0.34199999999998454,1.476,,,,,1.42,,1.509,1.508,1.505,"{('cu', 'start'): 522.897, ('cu', 'h2d'): 522.995, ('cu', 'workest'): 523.084, ('cu', 'compute'): 523.274, ('cu', 'copy'): 523.337, ('cu', 'pack'): 523.363, ('cu', 'd2h'): 524.242, ('gust', 'start'): 524.651, ('gust', 'h2d'): 524.754, ('gust', 'count'): 524.781, ('gust', 'scan'): 524.828, ('gust', 'expand'): 524.849, ('gust', 'sort'): 524.964, ('gust', 'reduce'): 525.009, ('gust', 'final'): 525.065, ('gust', 'pack'): 525.084, ('gust', 'd2h'): 525.929, ('outer', 'start'): 526.431, ('outer', 'h2d'): 526.533, ('outer', 'csc'): 526.613, ('outer', 'count'): 526.634, ('outer', 'scan'): 526.671, ('outer', 'expand'): 526.69, ('outer', 'sort'): 526.802, ('outer', 'reduce'): 526.84, ('outer', 'final'): 526.9, ('outer', 'pack'): 526.919, ('outer', 'd2h'): 527.789, ('colw', 'start'): 528.226, ('colw', 'h2d'): 528.326, ('colw', 'csc'): 528.42, ('colw', 'count'): 528.439, ('colw', 'scan'): 528.477, ('colw', 'expand'): 528.497, ('colw', 'sort'): 528.605, ('colw', 'reduce'): 528.644, ('colw', 'final'): 528.696, ('colw', 'pack'): 528.716, ('colw', 'd2h'): 529.57, ('inner', 'start'): 529.996, ('inner', 'h2d'): 530.094, ('inner', 'csc'): 530.173, ('inner', 'count'): 530.193, ('inner', 'scan'): 530.23, ('inner', 'expand'): 530.248, ('inner', 'sort'): 530.358, ('inner', 'reduce'): 530.399, ('inner', 'final'): 530.45, ('inner', 'numeric'): 530.473, ('inner', 'pack'): 530.492, ('inner', 'd2h'): 531.357}"
Mildly sparse,bcsstk06,420,7860,4.45578231292517,23660,23660,23660,23660,23660,0.0,,0.08800000000007913,0.3039999999999736,0.06299999999998818,0.9750000000000227,0.4550000000000409,1.665,,,,,1.755,,2.01,2.012,1.984,"{('cu', 'start'): 538.441, ('cu', 'h2d'): 538.55, ('cu', 'workest'): 538.638, ('cu', 'compute'): 538.942, ('cu', 'copy'): 539.005, ('cu', 'pack'): 539.026, ('cu', 'd2h'): 540.001, ('gust', 'start'): 540.432, ('gust', 'h2d'): 540.547, ('gust', 'count'): 540.574, ('gust', 'scan'): 540.621, ('gust', 'expand'): 540.652, ('gust', 'sort'): 540.966, ('gust', 'reduce'): 541.076, ('gust', 'final'): 541.14, ('gust', 'pack'): 541.16, ('gust', 'd2h'): 541.988, ('outer', 'start'): 542.475, ('outer', 'h2d'): 542.589, ('outer', 'csc'): 542.682, ('outer', 'count'): 542.702, ('outer', 'scan'): 542.74, ('outer', 'expand'): 542.857, ('outer', 'sort'): 543.134, ('outer', 'reduce'): 543.236, ('outer', 'final'): 543.385, ('outer', 'pack'): 543.411, ('outer', 'd2h'): 544.254, ('colw', 'start'): 544.748, ('colw', 'h2d'): 544.859, ('colw', 'csc'): 544.95, ('colw', 'count'): 544.971, ('colw', 'scan'): 545.009, ('colw', 'expand'): 545.152, ('colw', 'sort'): 545.428, ('colw', 'reduce'): 545.538, ('colw', 'final'): 545.675, ('colw', 'pack'): 545.696, ('colw', 'd2h'): 546.546, ('inner', 'start'): 547.02, ('inner', 'h2d'): 547.13, ('inner', 'csc'): 547.225, ('inner', 'count'): 547.246, ('inner', 'scan'): 547.298, ('inner', 'expand'): 547.426, ('inner', 'sort'): 547.701, ('inner', 'reduce'): 547.805, ('inner', 'final'): 547.941, ('inner', 'numeric'): 547.977, ('inner', 'pack'): 547.997, ('inner', 'd2h'): 548.802}"
Mildly sparse,bcsstk07,420,7860,4.45578231292517,23660,23660,23660,23660,23660,0.0,,0.08900000000005548,0.32399999999995543,0.06600000000003092,1.0819999999999936,0.47900000000004184,1.796,,,,,1.877,,2.116,2.105,2.093,"{('cu', 'start'): 547.756, ('cu', 'h2d'): 547.861, ('cu', 'workest'): 547.95, ('cu', 'compute'): 548.274, ('cu', 'copy'): 548.34, ('cu', 'pack'): 548.36, ('cu', 'd2h'): 549.442, ('gust', 'start'): 549.838, ('gust', 'h2d'): 549.958, ('gust', 'count'): 549.986, ('gust', 'scan'): 550.043, ('gust', 'expand'): 550.074, ('gust', 'sort'): 550.399, ('gust', 'reduce'): 550.527, ('gust', 'final'): 550.592, ('gust', 'pack'): 550.612, ('gust', 'd2h'): 551.511, ('outer', 'start'): 551.994, ('outer', 'h2d'): 552.11, ('outer', 'csc'): 552.21, ('outer', 'count'): 552.232, ('outer', 'scan'): 552.271, ('outer', 'expand'): 552.398, ('outer', 'sort'): 552.693, ('outer', 'reduce'): 552.803, ('outer', 'final'): 552.941, ('outer', 'pack'): 552.963, ('outer', 'd2h'): 553.884, ('colw', 'start'): 554.391, ('colw', 'h2d'): 554.525, ('colw', 'csc'): 554.627, ('colw', 'count'): 554.649, ('colw', 'scan'): 554.687, ('colw', 'expand'): 554.845, ('colw', 'sort'): 555.122, ('colw', 'reduce'): 555.226, ('colw', 'final'): 555.36, ('colw', 'pack'): 555.381, ('colw', 'd2h'): 556.269, ('inner', 'start'): 556.773, ('inner', 'h2d'): 556.905, ('inner', 'csc'): 557.008, ('inner', 'count'): 557.03, ('inner', 'scan'): 557.069, ('inner', 'expand'): 557.2, ('inner', 'sort'): 557.505, ('inner', 'reduce'): 557.616, ('inner', 'final'): 557.754, ('inner', 'numeric'): 557.791, ('inner', 'pack'): 557.812, ('inner', 'd2h'): 558.659}"
Mildly sparse,can_256,256,2916,4.449462890625,18568,18568,18568,18568,18568,0.0,,0.08799999999996544,0.19499999999993634,0.059000000000082764,0.8999999999999773,0.34199999999998454,1.476,,,,,1.451,,1.589,1.54,1.601,"{('cu', 'start'): 530.863, ('cu', 'h2d'): 530.969, ('cu', 'workest'): 531.057, ('cu', 'compute'): 531.252, ('cu', 'copy'): 531.311, ('cu', 'pack'): 531.331, ('cu', 'd2h'): 532.231, ('gust', 'start'): 532.681, ('gust', 'h2d'): 532.785, ('gust', 'count'): 532.821, ('gust', 'scan'): 532.867, ('gust', 'expand'): 532.9, ('gust', 'sort'): 533.026, ('gust', 'reduce'): 533.068, ('gust', 'final'): 533.127, ('gust', 'pack'): 533.147, ('gust', 'd2h'): 533.986, ('outer', 'start'): 534.392, ('outer', 'h2d'): 534.49, ('outer', 'csc'): 534.607, ('outer', 'count'): 534.625, ('outer', 'scan'): 534.664, ('outer', 'expand'): 534.716, ('outer', 'sort'): 534.841, ('outer', 'reduce'): 534.887, ('outer', 'final'): 534.944, ('outer', 'pack'): 534.963, ('outer', 'd2h'): 535.821, ('colw', 'start'): 536.253, ('colw', 'h2d'): 536.354, ('colw', 'csc'): 536.473, ('colw', 'count'): 536.494, ('colw', 'scan'): 536.533, ('colw', 'expand'): 536.565, ('colw', 'sort'): 536.689, ('colw', 'reduce'): 536.732, ('colw', 'final'): 536.789, ('colw', 'pack'): 536.808, ('colw', 'd2h'): 537.624, ('inner', 'start'): 538.061, ('inner', 'h2d'): 538.172, ('inner', 'csc'): 538.289, ('inner', 'count'): 538.31, ('inner', 'scan'): 538.349, ('inner', 'expand'): 538.38, ('inner', 'sort'): 538.502, ('inner', 'reduce'): 538.541, ('inner', 'final'): 538.597, ('inner', 'numeric'): 538.64, ('inner', 'pack'): 538.659, ('inner', 'd2h'): 539.514}"
Mildly sparse,can_268,268,3082,4.291044776119403,15590,15590,15590,15590,15590,0.0,,0.09900000000004638,0.19399999999995998,0.06000000000005912,0.8369999999999891,0.3530000000000655,1.415,,,,,1.414,,1.539,1.489,1.516,"{('cu', 'start'): 537.493, ('cu', 'h2d'): 537.592, ('cu', 'workest'): 537.691, ('cu', 'compute'): 537.885, ('cu', 'copy'): 537.945, ('cu', 'pack'): 537.965, ('cu', 'd2h'): 538.802, ('gust', 'start'): 539.177, ('gust', 'h2d'): 539.282, ('gust', 'count'): 539.31, ('gust', 'scan'): 539.357, ('gust', 'expand'): 539.386, ('gust', 'sort'): 539.514, ('gust', 'reduce'): 539.555, ('gust', 'final'): 539.624, ('gust', 'pack'): 539.645, ('gust', 'd2h'): 540.463, ('outer', 'start'): 540.896, ('outer', 'h2d'): 541.005, ('outer', 'csc'): 541.097, ('outer', 'count'): 541.117, ('outer', 'scan'): 541.155, ('outer', 'expand'): 541.178, ('outer', 'sort'): 541.303, ('outer', 'reduce'): 541.341, ('outer', 'final'): 541.399, ('outer', 'pack'): 541.416, ('outer', 'd2h'): 542.279, ('colw', 'start'): 542.715, ('colw', 'h2d'): 542.816, ('colw', 'csc'): 542.912, ('colw', 'count'): 542.934, ('colw', 'scan'): 542.973, ('colw', 'expand'): 543.0, ('colw', 'sort'): 543.125, ('colw', 'reduce'): 543.165, ('colw', 'final'): 543.222, ('colw', 'pack'): 543.24, ('colw', 'd2h'): 544.06, ('inner', 'start'): 544.469, ('inner', 'h2d'): 544.576, ('inner', 'csc'): 544.683, ('inner', 'count'): 544.704, ('inner', 'scan'): 544.743, ('inner', 'expand'): 544.77, ('inner', 'sort'): 544.897, ('inner', 'reduce'): 544.935, ('inner', 'final'): 544.991, ('inner', 'numeric'): 545.024, ('inner', 'pack'): 545.042, ('inner', 'd2h'): 545.851}"
Mildly sparse,can_187,187,1491,4.26377648774629,3719,3719,3719,3719,3719,0.0,,0.08500000000003638,0.16899999999998272,0.05600000000004002,0.8369999999999891,0.3100000000000591,1.369,,,,,1.343,,1.45,1.388,1.454,"{('cu', 'start'): 530.531, ('cu', 'h2d'): 530.627, ('cu', 'workest'): 530.712, ('cu', 'compute'): 530.881, ('cu', 'copy'): 530.937, ('cu', 'pack'): 530.957, ('cu', 'd2h'): 531.794, ('gust', 'start'): 532.168, ('gust', 'h2d'): 532.262, ('gust', 'count'): 532.287, ('gust', 'scan'): 532.333, ('gust', 'expand'): 532.355, ('gust', 'sort'): 532.48, ('gust', 'reduce'): 532.521, ('gust', 'final'): 532.576, ('gust', 'pack'): 532.595, ('gust', 'd2h'): 533.364, ('outer', 'start'): 533.774, ('outer', 'h2d'): 533.879, ('outer', 'csc'): 533.958, ('outer', 'count'): 533.978, ('outer', 'scan'): 534.016, ('outer', 'expand'): 534.036, ('outer', 'sort'): 534.149, ('outer', 'reduce'): 534.187, ('outer', 'final'): 534.245, ('outer', 'pack'): 534.263, ('outer', 'd2h'): 535.072, ('colw', 'start'): 535.561, ('colw', 'h2d'): 535.657, ('colw', 'csc'): 535.733, ('colw', 'count'): 535.754, ('colw', 'scan'): 535.791, ('colw', 'expand'): 535.811, ('colw', 'sort'): 535.924, ('colw', 'reduce'): 535.962, ('colw', 'final'): 536.013, ('colw', 'pack'): 536.031, ('colw', 'd2h'): 536.808, ('inner', 'start'): 537.207, ('inner', 'h2d'): 537.302, ('inner', 'csc'): 537.379, ('inner', 'count'): 537.399, ('inner', 'scan'): 537.437, ('inner', 'expand'): 537.457, ('inner', 'sort'): 537.584, ('inner', 'reduce'): 537.622, ('inner', 'final'): 537.674, ('inner', 'numeric'): 537.699, ('inner', 'pack'): 537.717, ('inner', 'd2h'): 538.526}"
Mildly sparse,bcsstm07,420,7252,4.111111111111112,22972,22972,22972,22972,22972,0.0,,0.08499999999992269,0.3530000000000655,0.06799999999998363,1.1050000000000182,0.5059999999999718,1.852,,,,,1.915,,2.088,2.059,1.931,"{('cu', 'start'): 533.432, ('cu', 'h2d'): 533.541, ('cu', 'workest'): 533.626, ('cu', 'compute'): 533.979, ('cu', 'copy'): 534.047, ('cu', 'pack'): 534.068, ('cu', 'd2h'): 535.173, ('gust', 'start'): 535.617, ('gust', 'h2d'): 535.733, ('gust', 'count'): 535.763, ('gust', 'scan'): 535.816, ('gust', 'expand'): 535.847, ('gust', 'sort'): 536.2, ('gust', 'reduce'): 536.314, ('gust', 'final'): 536.379, ('gust', 'pack'): 536.4, ('gust', 'd2h'): 537.328, ('outer', 'start'): 537.809, ('outer', 'h2d'): 537.935, ('outer', 'csc'): 538.034, ('outer', 'count'): 538.055, ('outer', 'scan'): 538.095, ('outer', 'expand'): 538.117, ('outer', 'sort'): 538.442, ('outer', 'reduce'): 538.556, ('outer', 'final'): 538.694, ('outer', 'pack'): 538.774, ('outer', 'd2h'): 539.663, ('colw', 'start'): 540.179, ('colw', 'h2d'): 540.292, ('colw', 'csc'): 540.39, ('colw', 'count'): 540.412, ('colw', 'scan'): 540.451, ('colw', 'expand'): 540.479, ('colw', 'sort'): 540.806, ('colw', 'reduce'): 540.944, ('colw', 'final'): 541.086, ('colw', 'pack'): 541.168, ('colw', 'd2h'): 542.027, ('inner', 'start'): 542.519, ('inner', 'h2d'): 542.624, ('inner', 'csc'): 542.721, ('inner', 'count'): 542.744, ('inner', 'scan'): 542.783, ('inner', 'expand'): 542.809, ('inner', 'sort'): 543.118, ('inner', 'reduce'): 543.26, ('inner', 'final'): 543.397, ('inner', 'numeric'): 543.433, ('inner', 'pack'): 543.454, ('inner', 'd2h'): 544.316}"
Mildly sparse,bcsstk27,1224,56126,3.7462888205391085,138106,138106,138106,138106,138106,0.0,,0.09400000000005093,0.6029999999999518,0.14600000000007185,1.5399999999999636,0.8430000000000746,2.759,,,,,3.222,,3.256,3.39,3.38,"{('cu', 'start'): 558.032, ('cu', 'h2d'): 558.203, ('cu', 'workest'): 558.297, ('cu', 'compute'): 558.9, ('cu', 'copy'): 559.046, ('cu', 'pack'): 559.068, ('cu', 'd2h'): 560.608, ('gust', 'start'): 561.117, ('gust', 'h2d'): 561.29, ('gust', 'count'): 561.344, ('gust', 'scan'): 561.392, ('gust', 'expand'): 561.673, ('gust', 'sort'): 562.254, ('gust', 'reduce'): 562.443, ('gust', 'final'): 562.832, ('gust', 'pack'): 562.927, ('gust', 'd2h'): 564.137, ('outer', 'start'): 564.61, ('outer', 'h2d'): 564.777, ('outer', 'csc'): 564.903, ('outer', 'count'): 564.924, ('outer', 'scan'): 564.964, ('outer', 'expand'): 565.206, ('outer', 'sort'): 565.787, ('outer', 'reduce'): 565.976, ('outer', 'final'): 566.232, ('outer', 'pack'): 566.32, ('outer', 'd2h'): 567.475, ('colw', 'start'): 568.158, ('colw', 'h2d'): 568.326, ('colw', 'csc'): 568.454, ('colw', 'count'): 568.478, ('colw', 'scan'): 568.516, ('colw', 'expand'): 568.765, ('colw', 'sort'): 569.346, ('colw', 'reduce'): 569.534, ('colw', 'final'): 569.776, ('colw', 'pack'): 569.861, ('colw', 'd2h'): 571.174, ('inner', 'start'): 571.823, ('inner', 'h2d'): 572.009, ('inner', 'csc'): 572.133, ('inner', 'count'): 572.157, ('inner', 'scan'): 572.195, ('inner', 'expand'): 572.551, ('inner', 'sort'): 573.137, ('inner', 'reduce'): 573.324, ('inner', 'final'): 573.56, ('inner', 'numeric'): 573.783, ('inner', 'pack'): 573.868, ('inner', 'd2h'): 574.993}"
Mildly sparse,bcsstm27,1224,56126,3.7462888205391085,138106,138106,138106,138106,138106,0.0,,0.1029999999999518,0.5950000000000273,0.15999999999996817,1.0789999999999509,0.8579999999999472,2.292,,,,,2.819,,2.953,3.001,3.038,"{('cu', 'start'): 568.68, ('cu', 'h2d'): 568.851, ('cu', 'workest'): 568.954, ('cu', 'compute'): 569.549, ('cu', 'copy'): 569.709, ('cu', 'pack'): 569.734, ('cu', 'd2h'): 570.813, ('gust', 'start'): 571.27, ('gust', 'h2d'): 571.441, ('gust', 'count'): 571.486, ('gust', 'scan'): 571.537, ('gust', 'expand'): 571.773, ('gust', 'sort'): 572.351, ('gust', 'reduce'): 572.545, ('gust', 'final'): 572.883, ('gust', 'pack'): 572.971, ('gust', 'd2h'): 573.914, ('outer', 'start'): 574.37, ('outer', 'h2d'): 574.537, ('outer', 'csc'): 574.674, ('outer', 'count'): 574.694, ('outer', 'scan'): 574.734, ('outer', 'expand'): 574.949, ('outer', 'sort'): 575.517, ('outer', 'reduce'): 575.701, ('outer', 'final'): 575.935, ('outer', 'pack'): 576.023, ('outer', 'd2h'): 576.97, ('colw', 'start'): 577.639, ('colw', 'h2d'): 577.837, ('colw', 'csc'): 577.976, ('colw', 'count'): 578.003, ('colw', 'scan'): 578.043, ('colw', 'expand'): 578.291, ('colw', 'sort'): 578.865, ('colw', 'reduce'): 579.042, ('colw', 'final'): 579.277, ('colw', 'pack'): 579.377, ('colw', 'd2h'): 580.313, ('inner', 'start'): 580.911, ('inner', 'h2d'): 581.081, ('inner', 'csc'): 581.216, ('inner', 'count'): 581.243, ('inner', 'scan'): 581.285, ('inner', 'expand'): 581.517, ('inner', 'sort'): 582.09, ('inner', 'reduce'): 582.276, ('inner', 'final'): 582.501, ('inner', 'numeric'): 582.697, ('inner', 'pack'): 582.785, ('inner', 'd2h'): 583.771}"
Mildly sparse,bcsstk22,138,696,3.6546943919344677,1552,1552,1552,1552,1552,0.0,,0.08399999999994634,0.1710000000000491,0.05599999999992633,0.8929999999999154,0.3109999999999218,1.439,,,,,1.43,,1.541,1.465,1.501,"{('cu', 'start'): 514.186, ('cu', 'h2d'): 514.287, ('cu', 'workest'): 514.371, ('cu', 'compute'): 514.542, ('cu', 'copy'): 514.598, ('cu', 'pack'): 514.619, ('cu', 'd2h'): 515.512, ('gust', 'start'): 515.898, ('gust', 'h2d'): 516.005, ('gust', 'count'): 516.033, ('gust', 'scan'): 516.081, ('gust', 'expand'): 516.104, ('gust', 'sort'): 516.218, ('gust', 'reduce'): 516.26, ('gust', 'final'): 516.317, ('gust', 'pack'): 516.336, ('gust', 'd2h'): 517.187, ('outer', 'start'): 517.596, ('outer', 'h2d'): 517.692, ('outer', 'csc'): 517.773, ('outer', 'count'): 517.792, ('outer', 'scan'): 517.831, ('outer', 'expand'): 517.851, ('outer', 'sort'): 517.962, ('outer', 'reduce'): 518.031, ('outer', 'final'): 518.092, ('outer', 'pack'): 518.11, ('outer', 'd2h'): 518.96, ('colw', 'start'): 519.414, ('colw', 'h2d'): 519.514, ('colw', 'csc'): 519.594, ('colw', 'count'): 519.614, ('colw', 'scan'): 519.651, ('colw', 'expand'): 519.671, ('colw', 'sort'): 519.782, ('colw', 'reduce'): 519.821, ('colw', 'final'): 519.873, ('colw', 'pack'): 519.891, ('colw', 'd2h'): 520.729, ('inner', 'start'): 521.167, ('inner', 'h2d'): 521.266, ('inner', 'csc'): 521.346, ('inner', 'count'): 521.365, ('inner', 'scan'): 521.404, ('inner', 'expand'): 521.423, ('inner', 'sort'): 521.536, ('inner', 'reduce'): 521.574, ('inner', 'final'): 521.625, ('inner', 'numeric'): 521.649, ('inner', 'pack'): 521.667, ('inner', 'd2h'): 522.526}"
Mildly sparse,bcspwr03,118,476,3.418557885665039,1270,1270,1270,1270,1270,0.0,,0.08199999999999363,0.1710000000000491,0.05599999999992633,0.87399999999991,0.3089999999999691,1.406,,,,,1.293,,1.432,1.384,1.407,"{('cu', 'start'): 521.842, ('cu', 'h2d'): 521.938, ('cu', 'workest'): 522.02, ('cu', 'compute'): 522.191, ('cu', 'copy'): 522.247, ('cu', 'pack'): 522.267, ('cu', 'd2h'): 523.141, ('gust', 'start'): 523.537, ('gust', 'h2d'): 523.634, ('gust', 'count'): 523.661, ('gust', 'scan'): 523.708, ('gust', 'expand'): 523.73, ('gust', 'sort'): 523.778, ('gust', 'reduce'): 523.817, ('gust', 'final'): 523.876, ('gust', 'pack'): 523.894, ('gust', 'd2h'): 524.693, ('outer', 'start'): 525.103, ('outer', 'h2d'): 525.197, ('outer', 'csc'): 525.276, ('outer', 'count'): 525.295, ('outer', 'scan'): 525.334, ('outer', 'expand'): 525.353, ('outer', 'sort'): 525.4, ('outer', 'reduce'): 525.444, ('outer', 'final'): 525.513, ('outer', 'pack'): 525.534, ('outer', 'd2h'): 526.36, ('colw', 'start'): 526.818, ('colw', 'h2d'): 526.919, ('colw', 'csc'): 527.001, ('colw', 'count'): 527.022, ('colw', 'scan'): 527.061, ('colw', 'expand'): 527.082, ('colw', 'sort'): 527.127, ('colw', 'reduce'): 527.165, ('colw', 'final'): 527.219, ('colw', 'pack'): 527.237, ('colw', 'd2h'): 528.042, ('inner', 'start'): 528.534, ('inner', 'h2d'): 528.632, ('inner', 'csc'): 528.714, ('inner', 'count'): 528.733, ('inner', 'scan'): 528.772, ('inner', 'expand'): 528.793, ('inner', 'sort'): 528.838, ('inner', 'reduce'): 528.875, ('inner', 'final'): 528.927, ('inner', 'numeric'): 528.951, ('inner', 'pack'): 528.97, ('inner', 'd2h'): 529.803}"
Mildly sparse,can_229,229,1777,3.388570012013501,5017,5017,5017,5017,5017,0.0,,0.08600000000001273,0.16700000000003,0.05999999999994543,0.8430000000000746,0.3129999999999882,1.377,,,,,1.349,,1.468,1.389,1.427,"{('cu', 'start'): 547.468, ('cu', 'h2d'): 547.564, ('cu', 'workest'): 547.65, ('cu', 'compute'): 547.817, ('cu', 'copy'): 547.877, ('cu', 'pack'): 547.895, ('cu', 'd2h'): 548.738, ('gust', 'start'): 549.121, ('gust', 'h2d'): 549.218, ('gust', 'count'): 549.244, ('gust', 'scan'): 549.291, ('gust', 'expand'): 549.313, ('gust', 'sort'): 549.43, ('gust', 'reduce'): 549.472, ('gust', 'final'): 549.528, ('gust', 'pack'): 549.547, ('gust', 'd2h'): 550.34, ('outer', 'start'): 550.793, ('outer', 'h2d'): 550.894, ('outer', 'csc'): 550.972, ('outer', 'count'): 550.992, ('outer', 'scan'): 551.03, ('outer', 'expand'): 551.051, ('outer', 'sort'): 551.187, ('outer', 'reduce'): 551.227, ('outer', 'final'): 551.287, ('outer', 'pack'): 551.304, ('outer', 'd2h'): 552.104, ('colw', 'start'): 552.525, ('colw', 'h2d'): 552.621, ('colw', 'csc'): 552.7, ('colw', 'count'): 552.721, ('colw', 'scan'): 552.759, ('colw', 'expand'): 552.778, ('colw', 'sort'): 552.892, ('colw', 'reduce'): 552.93, ('colw', 'final'): 552.982, ('colw', 'pack'): 553.0, ('colw', 'd2h'): 553.772, ('inner', 'start'): 554.188, ('inner', 'h2d'): 554.288, ('inner', 'csc'): 554.368, ('inner', 'count'): 554.387, ('inner', 'scan'): 554.425, ('inner', 'expand'): 554.445, ('inner', 'sort'): 554.558, ('inner', 'reduce'): 554.596, ('inner', 'final'): 554.648, ('inner', 'numeric'): 554.675, ('inner', 'pack'): 554.692, ('inner', 'd2h'): 555.484}"
Mildly sparse,can_292,292,2540,2.9789829236254457,11670,11670,11670,11670,11670,0.0,,0.08400000000006003,0.19299999999998363,0.057999999999992724,0.8220000000000027,0.3350000000000364,1.382,,,,,1.403,,1.472,1.465,1.474,"{('cu', 'start'): 534.109, ('cu', 'h2d'): 534.209, ('cu', 'workest'): 534.293, ('cu', 'compute'): 534.486, ('cu', 'copy'): 534.544, ('cu', 'pack'): 534.563, ('cu', 'd2h'): 535.385, ('gust', 'start'): 535.76, ('gust', 'h2d'): 535.856, ('gust', 'count'): 535.884, ('gust', 'scan'): 535.931, ('gust', 'expand'): 535.967, ('gust', 'sort'): 536.093, ('gust', 'reduce'): 536.134, ('gust', 'final'): 536.194, ('gust', 'pack'): 536.213, ('gust', 'd2h'): 537.029, ('outer', 'start'): 537.425, ('outer', 'h2d'): 537.525, ('outer', 'csc'): 537.621, ('outer', 'count'): 537.641, ('outer', 'scan'): 537.678, ('outer', 'expand'): 537.702, ('outer', 'sort'): 537.824, ('outer', 'reduce'): 537.863, ('outer', 'final'): 537.917, ('outer', 'pack'): 537.935, ('outer', 'd2h'): 538.743, ('colw', 'start'): 539.231, ('colw', 'h2d'): 539.331, ('colw', 'csc'): 539.427, ('colw', 'count'): 539.449, ('colw', 'scan'): 539.486, ('colw', 'expand'): 539.512, ('colw', 'sort'): 539.635, ('colw', 'reduce'): 539.674, ('colw', 'final'): 539.729, ('colw', 'pack'): 539.748, ('colw', 'd2h'): 540.554, ('inner', 'start'): 540.968, ('inner', 'h2d'): 541.068, ('inner', 'csc'): 541.164, ('inner', 'count'): 541.186, ('inner', 'scan'): 541.224, ('inner', 'expand'): 541.25, ('inner', 'sort'): 541.373, ('inner', 'reduce'): 541.412, ('inner', 'final'): 541.466, ('inner', 'numeric'): 541.501, ('inner', 'pack'): 541.518, ('inner', 'd2h'): 542.308}"
Mildly sparse,ash292,292,2208,2.589604053293301,6042,6042,6042,6042,6042,0.0,,0.10700000000008458,0.18799999999998818,0.07499999999993179,1.163000000000011,0.37000000000000455,1.824,,,,,1.716,,1.774,1.799,1.778,"{('cu', 'start'): 532.62, ('cu', 'h2d'): 532.761, ('cu', 'workest'): 532.868, ('cu', 'compute'): 533.056, ('cu', 'copy'): 533.131, ('cu', 'pack'): 533.159, ('cu', 'd2h'): 534.322, ('gust', 'start'): 534.875, ('gust', 'h2d'): 534.992, ('gust', 'count'): 535.023, ('gust', 'scan'): 535.078, ('gust', 'expand'): 535.105, ('gust', 'sort'): 535.231, ('gust', 'reduce'): 535.292, ('gust', 'final'): 535.366, ('gust', 'pack'): 535.39, ('gust', 'd2h'): 536.434, ('outer', 'start'): 536.953, ('outer', 'h2d'): 537.069, ('outer', 'csc'): 537.169, ('outer', 'count'): 537.194, ('outer', 'scan'): 537.24, ('outer', 'expand'): 537.276, ('outer', 'sort'): 537.397, ('outer', 'reduce'): 537.446, ('outer', 'final'): 537.521, ('outer', 'pack'): 537.545, ('outer', 'd2h'): 538.537, ('colw', 'start'): 539.09, ('colw', 'h2d'): 539.204, ('colw', 'csc'): 539.311, ('colw', 'count'): 539.337, ('colw', 'scan'): 539.382, ('colw', 'expand'): 539.408, ('colw', 'sort'): 539.528, ('colw', 'reduce'): 539.574, ('colw', 'final'): 539.639, ('colw', 'pack'): 539.663, ('colw', 'd2h'): 540.716, ('inner', 'start'): 541.247, ('inner', 'h2d'): 541.393, ('inner', 'csc'): 541.492, ('inner', 'count'): 541.517, ('inner', 'scan'): 541.562, ('inner', 'expand'): 541.587, ('inner', 'sort'): 541.71, ('inner', 'reduce'): 541.756, ('inner', 'final'): 541.82, ('inner', 'numeric'): 541.851, ('inner', 'pack'): 541.873, ('inner', 'd2h'): 542.867}"
Mildly sparse,bcspwr04,274,1612,2.1471575470190207,4982,4982,4982,4982,4982,0.0,,0.08600000000001273,0.17699999999990723,0.06100000000003547,0.8530000000000655,0.32399999999995543,1.432,,,,,1.416,,1.402,1.436,1.401,"{('cu', 'start'): 531.289, ('cu', 'h2d'): 531.383, ('cu', 'workest'): 531.469, ('cu', 'compute'): 531.646, ('cu', 'copy'): 531.707, ('cu', 'pack'): 531.727, ('cu', 'd2h'): 532.58, ('gust', 'start'): 533.014, ('gust', 'h2d'): 533.144, ('gust', 'count'): 533.174, ('gust', 'scan'): 533.222, ('gust', 'expand'): 533.247, ('gust', 'sort'): 533.361, ('gust', 'reduce'): 533.402, ('gust', 'final'): 533.46, ('gust', 'pack'): 533.478, ('gust', 'd2h'): 534.296, ('outer', 'start'): 534.711, ('outer', 'h2d'): 534.806, ('outer', 'csc'): 534.887, ('outer', 'count'): 534.908, ('outer', 'scan'): 534.946, ('outer', 'expand'): 534.967, ('outer', 'sort'): 535.079, ('outer', 'reduce'): 535.117, ('outer', 'final'): 535.17, ('outer', 'pack'): 535.187, ('outer', 'd2h'): 535.961, ('colw', 'start'): 536.434, ('colw', 'h2d'): 536.53, ('colw', 'csc'): 536.613, ('colw', 'count'): 536.645, ('colw', 'scan'): 536.686, ('colw', 'expand'): 536.708, ('colw', 'sort'): 536.818, ('colw', 'reduce'): 536.857, ('colw', 'final'): 536.91, ('colw', 'pack'): 536.928, ('colw', 'd2h'): 537.727, ('inner', 'start'): 538.129, ('inner', 'h2d'): 538.228, ('inner', 'csc'): 538.308, ('inner', 'count'): 538.33, ('inner', 'scan'): 538.368, ('inner', 'expand'): 538.389, ('inner', 'sort'): 538.502, ('inner', 'reduce'): 538.54, ('inner', 'final'): 538.592, ('inner', 'numeric'): 538.62, ('inner', 'pack'): 538.648, ('inner', 'd2h'): 539.402}"
Mildly sparse,bcsstk13,2003,83883,2.0907979019987244,396773,396773,396773,396773,396773,0.0,,0.11599999999998545,0.7169999999999845,0.21100000000001273,2.44500000000005,1.0439999999999827,3.965,,,,,4.752,,4.969,4.959,4.926,"{('cu', 'start'): 550.624, ('cu', 'h2d'): 550.811, ('cu', 'workest'): 550.927, ('cu', 'compute'): 551.644, ('cu', 'copy'): 551.855, ('cu', 'pack'): 551.949, ('cu', 'd2h'): 554.394, ('gust', 'start'): 554.992, ('gust', 'h2d'): 555.182, ('gust', 'count'): 555.251, ('gust', 'scan'): 555.304, ('gust', 'expand'): 555.612, ('gust', 'sort'): 556.414, ('gust', 'reduce'): 556.624, ('gust', 'final'): 557.187, ('gust', 'pack'): 557.285, ('gust', 'd2h'): 559.396, ('outer', 'start'): 560.132, ('outer', 'h2d'): 560.318, ('outer', 'csc'): 560.49, ('outer', 'count'): 560.513, ('outer', 'scan'): 560.553, ('outer', 'expand'): 560.849, ('outer', 'sort'): 561.655, ('outer', 'reduce'): 561.863, ('outer', 'final'): 562.259, ('outer', 'pack'): 562.351, ('outer', 'd2h'): 564.555, ('colw', 'start'): 565.485, ('colw', 'h2d'): 565.676, ('colw', 'csc'): 565.852, ('colw', 'count'): 565.887, ('colw', 'scan'): 565.93, ('colw', 'expand'): 566.329, ('colw', 'sort'): 567.134, ('colw', 'reduce'): 567.346, ('colw', 'final'): 567.735, ('colw', 'pack'): 567.837, ('colw', 'd2h'): 569.929, ('inner', 'start'): 570.83, ('inner', 'h2d'): 571.02, ('inner', 'csc'): 571.194, ('inner', 'count'): 571.221, ('inner', 'scan'): 571.262, ('inner', 'expand'): 571.546, ('inner', 'sort'): 572.349, ('inner', 'reduce'): 572.553, ('inner', 'final'): 572.952, ('inner', 'numeric'): 573.259, ('inner', 'pack'): 573.357, ('inner', 'd2h'): 575.41}"
Mildly sparse,bcsstm01,48,48,2.083333333333333,48,48,48,48,48,0.0,,0.09100000000000819,0.16399999999998727,0.05499999999994998,0.8580000000000609,0.30999999999994543,1.41,,,,,1.285,,1.385,1.359,1.394,"{('cu', 'start'): 533.061, ('cu', 'h2d'): 533.177, ('cu', 'workest'): 533.268, ('cu', 'compute'): 533.432, ('cu', 'copy'): 533.487, ('cu', 'pack'): 533.507, ('cu', 'd2h'): 534.365, ('gust', 'start'): 534.763, ('gust', 'h2d'): 534.869, ('gust', 'count'): 534.895, ('gust', 'scan'): 534.952, ('gust', 'expand'): 534.972, ('gust', 'sort'): 535.019, ('gust', 'reduce'): 535.057, ('gust', 'final'): 535.114, ('gust', 'pack'): 535.131, ('gust', 'd2h'): 535.911, ('outer', 'start'): 536.333, ('outer', 'h2d'): 536.439, ('outer', 'csc'): 536.518, ('outer', 'count'): 536.538, ('outer', 'scan'): 536.576, ('outer', 'expand'): 536.595, ('outer', 'sort'): 536.641, ('outer', 'reduce'): 536.678, ('outer', 'final'): 536.737, ('outer', 'pack'): 536.755, ('outer', 'd2h'): 537.57, ('colw', 'start'): 538.08, ('colw', 'h2d'): 538.19, ('colw', 'csc'): 538.266, ('colw', 'count'): 538.286, ('colw', 'scan'): 538.324, ('colw', 'expand'): 538.34, ('colw', 'sort'): 538.385, ('colw', 'reduce'): 538.421, ('colw', 'final'): 538.473, ('colw', 'pack'): 538.491, ('colw', 'd2h'): 539.282, ('inner', 'start'): 539.711, ('inner', 'h2d'): 539.816, ('inner', 'csc'): 539.893, ('inner', 'count'): 539.92, ('inner', 'scan'): 539.96, ('inner', 'expand'): 539.977, ('inner', 'sort'): 540.021, ('inner', 'reduce'): 540.056, ('inner', 'final'): 540.108, ('inner', 'numeric'): 540.13, ('inner', 'pack'): 540.148, ('inner', 'd2h'): 540.971}"
Mildly sparse,bcsstk14,1806,63454,1.945465404477998,195654,195654,195654,195654,195654,0.0,,0.10099999999999909,0.6719999999999118,0.14800000000002456,1.5510000000000446,0.9209999999999354,2.894,,,,,3.205,,3.443,3.415,3.52,"{('cu', 'start'): 562.971, ('cu', 'h2d'): 563.123, ('cu', 'workest'): 563.224, ('cu', 'compute'): 563.896, ('cu', 'copy'): 564.044, ('cu', 'pack'): 564.126, ('cu', 'd2h'): 565.677, ('gust', 'start'): 566.154, ('gust', 'h2d'): 566.304, ('gust', 'count'): 566.36, ('gust', 'scan'): 566.41, ('gust', 'expand'): 566.695, ('gust', 'sort'): 567.246, ('gust', 'reduce'): 567.425, ('gust', 'final'): 567.89, ('gust', 'pack'): 567.918, ('gust', 'd2h'): 569.146, ('outer', 'start'): 569.661, ('outer', 'h2d'): 569.815, ('outer', 'csc'): 569.944, ('outer', 'count'): 569.967, ('outer', 'scan'): 570.007, ('outer', 'expand'): 570.25, ('outer', 'sort'): 570.798, ('outer', 'reduce'): 570.988, ('outer', 'final'): 571.307, ('outer', 'pack'): 571.393, ('outer', 'd2h'): 572.656, ('colw', 'start'): 573.393, ('colw', 'h2d'): 573.553, ('colw', 'csc'): 573.679, ('colw', 'count'): 573.705, ('colw', 'scan'): 573.744, ('colw', 'expand'): 574.005, ('colw', 'sort'): 574.55, ('colw', 'reduce'): 574.74, ('colw', 'final'): 575.042, ('colw', 'pack'): 575.128, ('colw', 'd2h'): 576.348, ('inner', 'start'): 577.097, ('inner', 'h2d'): 577.256, ('inner', 'csc'): 577.381, ('inner', 'count'): 577.405, ('inner', 'scan'): 577.455, ('inner', 'expand'): 577.713, ('inner', 'sort'): 578.264, ('inner', 'reduce'): 578.458, ('inner', 'final'): 578.768, ('inner', 'numeric'): 578.991, ('inner', 'pack'): 579.078, ('inner', 'd2h'): 580.304}"
Mildly sparse,can_445,445,3809,1.923494508269158,11193,11193,11193,11193,11193,0.0,,0.08499999999992269,0.18200000000001637,0.057999999999992724,0.886000000000081,0.3249999999999318,1.446,,,,,1.422,,1.561,1.481,1.528,"{('cu', 'start'): 528.82, ('cu', 'h2d'): 528.926, ('cu', 'workest'): 529.011, ('cu', 'compute'): 529.193, ('cu', 'copy'): 529.251, ('cu', 'pack'): 529.271, ('cu', 'd2h'): 530.157, ('gust', 'start'): 530.553, ('gust', 'h2d'): 530.66, ('gust', 'count'): 530.687, ('gust', 'scan'): 530.735, ('gust', 'expand'): 530.759, ('gust', 'sort'): 530.89, ('gust', 'reduce'): 530.933, ('gust', 'final'): 530.993, ('gust', 'pack'): 531.014, ('gust', 'd2h'): 531.835, ('outer', 'start'): 532.246, ('outer', 'h2d'): 532.378, ('outer', 'csc'): 532.463, ('outer', 'count'): 532.482, ('outer', 'scan'): 532.521, ('outer', 'expand'): 532.541, ('outer', 'sort'): 532.669, ('outer', 'reduce'): 532.711, ('outer', 'final'): 532.773, ('outer', 'pack'): 532.791, ('outer', 'd2h'): 533.644, ('colw', 'start'): 534.135, ('colw', 'h2d'): 534.237, ('colw', 'csc'): 534.333, ('colw', 'count'): 534.352, ('colw', 'scan'): 534.392, ('colw', 'expand'): 534.413, ('colw', 'sort'): 534.539, ('colw', 'reduce'): 534.578, ('colw', 'final'): 534.631, ('colw', 'pack'): 534.649, ('colw', 'd2h'): 535.469, ('inner', 'start'): 535.884, ('inner', 'h2d'): 535.983, ('inner', 'csc'): 536.066, ('inner', 'count'): 536.085, ('inner', 'scan'): 536.124, ('inner', 'expand'): 536.145, ('inner', 'sort'): 536.271, ('inner', 'reduce'): 536.32, ('inner', 'final'): 536.376, ('inner', 'numeric'): 536.402, ('inner', 'pack'): 536.422, ('inner', 'd2h'): 537.254}"
Mildly sparse,bcsstm10,1086,22092,1.8731621948861958,54504,54504,54504,54504,54504,0.0,,0.08799999999996544,0.3290000000000646,0.06700000000000728,1.0579999999999927,0.4840000000000373,1.783,,,,,2.225,,2.343,2.38,2.339,"{('cu', 'start'): 536.853, ('cu', 'h2d'): 536.966, ('cu', 'workest'): 537.054, ('cu', 'compute'): 537.383, ('cu', 'copy'): 537.45, ('cu', 'pack'): 537.47, ('cu', 'd2h'): 538.528, ('gust', 'start'): 538.903, ('gust', 'h2d'): 539.015, ('gust', 'count'): 539.045, ('gust', 'scan'): 539.092, ('gust', 'expand'): 539.281, ('gust', 'sort'): 539.585, ('gust', 'reduce'): 539.75, ('gust', 'final'): 540.035, ('gust', 'pack'): 540.058, ('gust', 'd2h'): 540.928, ('outer', 'start'): 541.404, ('outer', 'h2d'): 541.515, ('outer', 'csc'): 541.613, ('outer', 'count'): 541.633, ('outer', 'scan'): 541.673, ('outer', 'expand'): 541.852, ('outer', 'sort'): 542.144, ('outer', 'reduce'): 542.314, ('outer', 'final'): 542.473, ('outer', 'pack'): 542.501, ('outer', 'd2h'): 543.377, ('colw', 'start'): 544.017, ('colw', 'h2d'): 544.129, ('colw', 'csc'): 544.226, ('colw', 'count'): 544.248, ('colw', 'scan'): 544.287, ('colw', 'expand'): 544.508, ('colw', 'sort'): 544.806, ('colw', 'reduce'): 544.963, ('colw', 'final'): 545.103, ('colw', 'pack'): 545.126, ('colw', 'd2h'): 546.017, ('inner', 'start'): 546.661, ('inner', 'h2d'): 546.772, ('inner', 'csc'): 546.87, ('inner', 'count'): 546.891, ('inner', 'scan'): 546.93, ('inner', 'expand'): 547.113, ('inner', 'sort'): 547.412, ('inner', 'reduce'): 547.572, ('inner', 'final'): 547.715, ('inner', 'numeric'): 547.894, ('inner', 'pack'): 547.916, ('inner', 'd2h'): 548.796}"
Mildly sparse,bcsstk10,1086,22070,1.8712968332943305,54504,54504,54504,54504,54504,0.0,,0.11200000000008004,0.30499999999995,0.06299999999998818,1.0339999999999918,0.4800000000000182,1.758,,,,,2.287,,2.366,2.383,2.377,"{('cu', 'start'): 524.669, ('cu', 'h2d'): 524.785, ('cu', 'workest'): 524.897, ('cu', 'compute'): 525.202, ('cu', 'copy'): 525.265, ('cu', 'pack'): 525.285, ('cu', 'd2h'): 526.319, ('gust', 'start'): 526.759, ('gust', 'h2d'): 526.885, ('gust', 'count'): 526.915, ('gust', 'scan'): 526.962, ('gust', 'expand'): 527.157, ('gust', 'sort'): 527.45, ('gust', 'reduce'): 527.608, ('gust', 'final'): 527.906, ('gust', 'pack'): 527.935, ('gust', 'd2h'): 528.841, ('outer', 'start'): 529.318, ('outer', 'h2d'): 529.431, ('outer', 'csc'): 529.53, ('outer', 'count'): 529.549, ('outer', 'scan'): 529.588, ('outer', 'expand'): 529.77, ('outer', 'sort'): 530.075, ('outer', 'reduce'): 530.249, ('outer', 'final'): 530.389, ('outer', 'pack'): 530.412, ('outer', 'd2h'): 531.323, ('colw', 'start'): 531.986, ('colw', 'h2d'): 532.106, ('colw', 'csc'): 532.206, ('colw', 'count'): 532.227, ('colw', 'scan'): 532.267, ('colw', 'expand'): 532.456, ('colw', 'sort'): 532.742, ('colw', 'reduce'): 532.922, ('colw', 'final'): 533.07, ('colw', 'pack'): 533.092, ('colw', 'd2h'): 534.018, ('inner', 'start'): 534.641, ('inner', 'h2d'): 534.756, ('inner', 'csc'): 534.867, ('inner', 'count'): 534.889, ('inner', 'scan'): 534.929, ('inner', 'expand'): 535.118, ('inner', 'sort'): 535.405, ('inner', 'reduce'): 535.556, ('inner', 'final'): 535.694, ('inner', 'numeric'): 535.887, ('inner', 'pack'): 535.914, ('inner', 'd2h'): 536.801}"
Mildly sparse,can_634,634,7228,1.7982067689000787,25446,25446,25446,25446,25446,0.0,,0.08600000000001273,0.31399999999996453,0.06100000000003547,1.0860000000000127,0.46100000000001273,1.8,,,,,1.791,,1.91,1.881,1.88,"{('cu', 'start'): 537.649, ('cu', 'h2d'): 537.775, ('cu', 'workest'): 537.861, ('cu', 'compute'): 538.175, ('cu', 'copy'): 538.236, ('cu', 'pack'): 538.256, ('cu', 'd2h'): 539.342, ('gust', 'start'): 539.738, ('gust', 'h2d'): 539.855, ('gust', 'count'): 539.882, ('gust', 'scan'): 539.928, ('gust', 'expand'): 539.955, ('gust', 'sort'): 540.268, ('gust', 'reduce'): 540.377, ('gust', 'final'): 540.512, ('gust', 'pack'): 540.534, ('gust', 'd2h'): 541.397, ('outer', 'start'): 541.851, ('outer', 'h2d'): 541.955, ('outer', 'csc'): 542.048, ('outer', 'count'): 542.068, ('outer', 'scan'): 542.107, ('outer', 'expand'): 542.13, ('outer', 'sort'): 542.438, ('outer', 'reduce'): 542.546, ('outer', 'final'): 542.608, ('outer', 'pack'): 542.628, ('outer', 'd2h'): 543.523, ('colw', 'start'): 544.028, ('colw', 'h2d'): 544.138, ('colw', 'csc'): 544.23, ('colw', 'count'): 544.252, ('colw', 'scan'): 544.29, ('colw', 'expand'): 544.316, ('colw', 'sort'): 544.643, ('colw', 'reduce'): 544.764, ('colw', 'final'): 544.83, ('colw', 'pack'): 544.851, ('colw', 'd2h'): 545.695, ('inner', 'start'): 546.172, ('inner', 'h2d'): 546.28, ('inner', 'csc'): 546.381, ('inner', 'count'): 546.403, ('inner', 'scan'): 546.442, ('inner', 'expand'): 546.468, ('inner', 'sort'): 546.775, ('inner', 'reduce'): 546.89, ('inner', 'final'): 546.951, ('inner', 'numeric'): 546.984, ('inner', 'pack'): 547.004, ('inner', 'd2h'): 547.851}"
Mildly sparse,bcsstk11,1473,34241,1.578123350888521,94187,94187,94187,94187,94187,0.0,,0.09100000000000819,0.5610000000000355,0.07099999999991269,1.0720000000000027,0.7229999999999563,2.414,,,,,2.811,,3.077,3.077,3.076,"{('cu', 'start'): 559.142, ('cu', 'h2d'): 559.269, ('cu', 'workest'): 559.36, ('cu', 'compute'): 559.921, ('cu', 'copy'): 559.992, ('cu', 'pack'): 560.303, ('cu', 'd2h'): 561.375, ('gust', 'start'): 561.848, ('gust', 'h2d'): 561.978, ('gust', 'count'): 562.01, ('gust', 'scan'): 562.066, ('gust', 'expand'): 562.633, ('gust', 'sort'): 562.995, ('gust', 'reduce'): 563.183, ('gust', 'final'): 563.551, ('gust', 'pack'): 563.574, ('gust', 'd2h'): 564.525, ('outer', 'start'): 564.943, ('outer', 'h2d'): 565.07, ('outer', 'csc'): 565.179, ('outer', 'count'): 565.199, ('outer', 'scan'): 565.239, ('outer', 'expand'): 565.84, ('outer', 'sort'): 566.208, ('outer', 'reduce'): 566.39, ('outer', 'final'): 566.618, ('outer', 'pack'): 566.703, ('outer', 'd2h'): 567.628, ('colw', 'start'): 568.298, ('colw', 'h2d'): 568.425, ('colw', 'csc'): 568.532, ('colw', 'count'): 568.555, ('colw', 'scan'): 568.595, ('colw', 'expand'): 569.176, ('colw', 'sort'): 569.537, ('colw', 'reduce'): 569.712, ('colw', 'final'): 569.953, ('colw', 'pack'): 570.046, ('colw', 'd2h'): 571.017, ('inner', 'start'): 571.652, ('inner', 'h2d'): 571.795, ('inner', 'csc'): 571.908, ('inner', 'count'): 571.932, ('inner', 'scan'): 571.973, ('inner', 'expand'): 572.562, ('inner', 'sort'): 572.92, ('inner', 'reduce'): 573.102, ('inner', 'final'): 573.324, ('inner', 'numeric'): 573.514, ('inner', 'pack'): 573.598, ('inner', 'd2h'): 574.527}"
Mildly sparse,bcsstk12,1473,34241,1.578123350888521,94187,94187,94187,94187,94187,0.0,,0.2399999999998954,0.8020000000000209,0.2340000000000373,3.2350000000000136,1.2759999999999536,5.441,,,,,5.327,,4.462,3.983,3.569,"{('cu', 'start'): 545.192, ('cu', 'h2d'): 545.522, ('cu', 'workest'): 545.762, ('cu', 'compute'): 546.564, ('cu', 'copy'): 546.798, ('cu', 'pack'): 547.096, ('cu', 'd2h'): 550.331, ('gust', 'start'): 551.427, ('gust', 'h2d'): 551.691, ('gust', 'count'): 551.752, ('gust', 'scan'): 551.846, ('gust', 'expand'): 552.33, ('gust', 'sort'): 552.942, ('gust', 'reduce'): 553.354, ('gust', 'final'): 554.003, ('gust', 'pack'): 554.065, ('gust', 'd2h'): 556.481, ('outer', 'start'): 557.518, ('outer', 'h2d'): 557.8, ('outer', 'csc'): 557.997, ('outer', 'count'): 558.046, ('outer', 'scan'): 558.129, ('outer', 'expand'): 558.491, ('outer', 'sort'): 558.966, ('outer', 'reduce'): 559.276, ('outer', 'final'): 559.609, ('outer', 'pack'): 559.795, ('outer', 'd2h'): 561.447, ('colw', 'start'): 562.497, ('colw', 'h2d'): 562.701, ('colw', 'csc'): 562.852, ('colw', 'count'): 562.89, ('colw', 'scan'): 562.95, ('colw', 'expand'): 563.286, ('colw', 'sort'): 563.775, ('colw', 'reduce'): 564.066, ('colw', 'final'): 564.37, ('colw', 'pack'): 564.507, ('colw', 'd2h'): 566.032, ('inner', 'start'): 567.005, ('inner', 'h2d'): 567.185, ('inner', 'csc'): 567.33, ('inner', 'count'): 567.366, ('inner', 'scan'): 567.427, ('inner', 'expand'): 567.76, ('inner', 'sort'): 568.215, ('inner', 'reduce'): 568.49, ('inner', 'final'): 568.801, ('inner', 'numeric'): 569.04, ('inner', 'pack'): 569.179, ('inner', 'd2h'): 570.364}"
Mildly sparse,bcsstk09,1083,18437,1.5719305066378828,71289,71289,71289,71289,71289,0.0,,0.10300000000006548,0.32399999999995543,0.07200000000000273,1.07000000000005,0.49900000000002365,1.808,,,,,2.089,,2.155,2.199,2.15,"{('cu', 'start'): 561.04, ('cu', 'h2d'): 561.161, ('cu', 'workest'): 561.264, ('cu', 'compute'): 561.588, ('cu', 'copy'): 561.66, ('cu', 'pack'): 561.683, ('cu', 'd2h'): 562.753, ('gust', 'start'): 563.138, ('gust', 'h2d'): 563.254, ('gust', 'count'): 563.286, ('gust', 'scan'): 563.335, ('gust', 'expand'): 563.471, ('gust', 'sort'): 563.755, ('gust', 'reduce'): 563.911, ('gust', 'final'): 564.116, ('gust', 'pack'): 564.147, ('gust', 'd2h'): 565.04, ('outer', 'start'): 565.498, ('outer', 'h2d'): 565.607, ('outer', 'csc'): 565.709, ('outer', 'count'): 565.731, ('outer', 'scan'): 565.77, ('outer', 'expand'): 565.897, ('outer', 'sort'): 566.18, ('outer', 'reduce'): 566.341, ('outer', 'final'): 566.493, ('outer', 'pack'): 566.518, ('outer', 'd2h'): 567.396, ('colw', 'start'): 567.928, ('colw', 'h2d'): 568.039, ('colw', 'csc'): 568.172, ('colw', 'count'): 568.195, ('colw', 'scan'): 568.236, ('colw', 'expand'): 568.349, ('colw', 'sort'): 568.659, ('colw', 'reduce'): 568.818, ('colw', 'final'): 568.957, ('colw', 'pack'): 568.982, ('colw', 'd2h'): 569.874, ('inner', 'start'): 570.397, ('inner', 'h2d'): 570.506, ('inner', 'csc'): 570.61, ('inner', 'count'): 570.631, ('inner', 'scan'): 570.671, ('inner', 'expand'): 570.809, ('inner', 'sort'): 571.104, ('inner', 'reduce'): 571.267, ('inner', 'final'): 571.401, ('inner', 'numeric'): 571.501, ('inner', 'pack'): 571.525, ('inner', 'd2h'): 572.369}"
Mildly sparse,bcsstm02,66,66,1.5151515151515151,66,66,66,66,66,0.0,,0.08199999999999363,0.17200000000002547,0.05499999999994998,0.8450000000000273,0.3089999999999691,1.373,,,,,1.276,,1.364,1.355,1.346,"{('cu', 'start'): 528.27, ('cu', 'h2d'): 528.36, ('cu', 'workest'): 528.442, ('cu', 'compute'): 528.614, ('cu', 'copy'): 528.669, ('cu', 'pack'): 528.689, ('cu', 'd2h'): 529.534, ('gust', 'start'): 529.921, ('gust', 'h2d'): 530.012, ('gust', 'count'): 530.038, ('gust', 'scan'): 530.084, ('gust', 'expand'): 530.103, ('gust', 'sort'): 530.149, ('gust', 'reduce'): 530.189, ('gust', 'final'): 530.244, ('gust', 'pack'): 530.262, ('gust', 'd2h'): 531.065, ('outer', 'start'): 531.479, ('outer', 'h2d'): 531.571, ('outer', 'csc'): 531.647, ('outer', 'count'): 531.667, ('outer', 'scan'): 531.706, ('outer', 'expand'): 531.724, ('outer', 'sort'): 531.768, ('outer', 'reduce'): 531.805, ('outer', 'final'): 531.864, ('outer', 'pack'): 531.882, ('outer', 'd2h'): 532.699, ('colw', 'start'): 533.123, ('colw', 'h2d'): 533.216, ('colw', 'csc'): 533.29, ('colw', 'count'): 533.309, ('colw', 'scan'): 533.347, ('colw', 'expand'): 533.364, ('colw', 'sort'): 533.408, ('colw', 'reduce'): 533.445, ('colw', 'final'): 533.506, ('colw', 'pack'): 533.526, ('colw', 'd2h'): 534.315, ('inner', 'start'): 534.794, ('inner', 'h2d'): 534.887, ('inner', 'csc'): 534.959, ('inner', 'count'): 534.977, ('inner', 'scan'): 535.016, ('inner', 'expand'): 535.033, ('inner', 'sort'): 535.077, ('inner', 'reduce'): 535.113, ('inner', 'final'): 535.164, ('inner', 'numeric'): 535.186, ('inner', 'pack'): 535.205, ('inner', 'd2h'): 536.009}"
Mildly sparse,can_838,838,10010,1.4254304771560882,51156,51156,51156,51156,51156,0.0,,0.08699999999998909,0.30999999999994543,0.06399999999996453,1.1280000000000427,0.46099999999989905,1.839,,,,,1.993,,2.128,2.148,2.111,"{('cu', 'start'): 524.573, ('cu', 'h2d'): 524.695, ('cu', 'workest'): 524.782, ('cu', 'compute'): 525.092, ('cu', 'copy'): 525.156, ('cu', 'pack'): 525.178, ('cu', 'd2h'): 526.306, ('gust', 'start'): 526.752, ('gust', 'h2d'): 526.857, ('gust', 'count'): 526.886, ('gust', 'scan'): 526.933, ('gust', 'expand'): 526.962, ('gust', 'sort'): 527.286, ('gust', 'reduce'): 527.397, ('gust', 'final'): 527.465, ('gust', 'pack'): 527.486, ('gust', 'd2h'): 528.521, ('outer', 'start'): 529.019, ('outer', 'h2d'): 529.123, ('outer', 'csc'): 529.219, ('outer', 'count'): 529.241, ('outer', 'scan'): 529.279, ('outer', 'expand'): 529.303, ('outer', 'sort'): 529.634, ('outer', 'reduce'): 529.752, ('outer', 'final'): 529.89, ('outer', 'pack'): 529.913, ('outer', 'd2h'): 530.849, ('colw', 'start'): 531.422, ('colw', 'h2d'): 531.526, ('colw', 'csc'): 531.622, ('colw', 'count'): 531.643, ('colw', 'scan'): 531.683, ('colw', 'expand'): 531.711, ('colw', 'sort'): 532.036, ('colw', 'reduce'): 532.145, ('colw', 'final'): 532.27, ('colw', 'pack'): 532.293, ('colw', 'd2h'): 533.289, ('inner', 'start'): 533.872, ('inner', 'h2d'): 533.976, ('inner', 'csc'): 534.072, ('inner', 'count'): 534.093, ('inner', 'scan'): 534.131, ('inner', 'expand'): 534.159, ('inner', 'sort'): 534.474, ('inner', 'reduce'): 534.583, ('inner', 'final'): 534.729, ('inner', 'numeric'): 534.769, ('inner', 'pack'): 534.79, ('inner', 'd2h'): 535.707}"
Mildly sparse,bcsstk20,485,3135,1.3327665001594218,5545,5545,5545,5545,5545,0.0,,0.08699999999998909,0.17199999999991178,0.059000000000082764,0.8719999999999573,0.31799999999998363,1.424,,,,,1.416,,1.511,1.453,1.498,"{('cu', 'start'): 515.97, ('cu', 'h2d'): 516.075, ('cu', 'workest'): 516.162, ('cu', 'compute'): 516.334, ('cu', 'copy'): 516.393, ('cu', 'pack'): 516.413, ('cu', 'd2h'): 517.285, ('gust', 'start'): 517.673, ('gust', 'h2d'): 517.775, ('gust', 'count'): 517.803, ('gust', 'scan'): 517.851, ('gust', 'expand'): 517.886, ('gust', 'sort'): 518.01, ('gust', 'reduce'): 518.052, ('gust', 'final'): 518.109, ('gust', 'pack'): 518.128, ('gust', 'd2h'): 518.95, ('outer', 'start'): 519.361, ('outer', 'h2d'): 519.462, ('outer', 'csc'): 519.545, ('outer', 'count'): 519.565, ('outer', 'scan'): 519.604, ('outer', 'expand'): 519.624, ('outer', 'sort'): 519.744, ('outer', 'reduce'): 519.783, ('outer', 'final'): 519.844, ('outer', 'pack'): 519.886, ('outer', 'd2h'): 520.703, ('colw', 'start'): 521.15, ('colw', 'h2d'): 521.257, ('colw', 'csc'): 521.338, ('colw', 'count'): 521.359, ('colw', 'scan'): 521.397, ('colw', 'expand'): 521.417, ('colw', 'sort'): 521.537, ('colw', 'reduce'): 521.575, ('colw', 'final'): 521.627, ('colw', 'pack'): 521.646, ('colw', 'd2h'): 522.454, ('inner', 'start'): 522.947, ('inner', 'h2d'): 523.06, ('inner', 'csc'): 523.14, ('inner', 'count'): 523.161, ('inner', 'scan'): 523.198, ('inner', 'expand'): 523.218, ('inner', 'sort'): 523.339, ('inner', 'reduce'): 523.378, ('inner', 'final'): 523.43, ('inner', 'numeric'): 523.453, ('inner', 'pack'): 523.472, ('inner', 'd2h'): 524.306}"
Mildly sparse,can_715,715,6665,1.3037312338011637,39785,39785,39785,39785,39785,0.0,,0.09100000000000819,0.4939999999999145,0.06300000000010186,0.9909999999999854,0.6480000000000246,1.883,,,,,2.237,,2.37,2.382,2.327,"{('cu', 'start'): 513.031, ('cu', 'h2d'): 513.148, ('cu', 'workest'): 513.239, ('cu', 'compute'): 513.733, ('cu', 'copy'): 513.796, ('cu', 'pack'): 513.817, ('cu', 'd2h'): 514.808, ('gust', 'start'): 515.21, ('gust', 'h2d'): 515.317, ('gust', 'count'): 515.349, ('gust', 'scan'): 515.396, ('gust', 'expand'): 515.43, ('gust', 'sort'): 515.922, ('gust', 'reduce'): 516.248, ('gust', 'final'): 516.393, ('gust', 'pack'): 516.416, ('gust', 'd2h'): 517.312, ('outer', 'start'): 517.776, ('outer', 'h2d'): 517.898, ('outer', 'csc'): 518.029, ('outer', 'count'): 518.064, ('outer', 'scan'): 518.106, ('outer', 'expand'): 518.138, ('outer', 'sort'): 518.633, ('outer', 'reduce'): 518.953, ('outer', 'final'): 519.026, ('outer', 'pack'): 519.047, ('outer', 'd2h'): 519.907, ('colw', 'start'): 520.418, ('colw', 'h2d'): 520.532, ('colw', 'csc'): 520.653, ('colw', 'count'): 520.677, ('colw', 'scan'): 520.717, ('colw', 'expand'): 520.75, ('colw', 'sort'): 521.26, ('colw', 'reduce'): 521.592, ('colw', 'final'): 521.658, ('colw', 'pack'): 521.68, ('colw', 'd2h'): 522.582, ('inner', 'start'): 523.101, ('inner', 'h2d'): 523.209, ('inner', 'csc'): 523.327, ('inner', 'count'): 523.352, ('inner', 'scan'): 523.391, ('inner', 'expand'): 523.423, ('inner', 'sort'): 523.901, ('inner', 'reduce'): 524.234, ('inner', 'final'): 524.305, ('inner', 'numeric'): 524.343, ('inner', 'pack'): 524.364, ('inner', 'd2h'): 525.221}"
Mildly sparse,bcsstk24,3562,159910,1.2603402122535554,446474,446474,446474,446474,446474,0.0,,0.27899999999999636,0.8570000000000846,0.19299999999998363,2.633999999999901,1.3290000000000646,4.52,,,,,5.562,,5.699,5.701,5.831,"{('cu', 'start'): 569.118, ('cu', 'h2d'): 569.386, ('cu', 'workest'): 569.665, ('cu', 'compute'): 570.522, ('cu', 'copy'): 570.715, ('cu', 'pack'): 570.801, ('cu', 'd2h'): 573.435, ('gust', 'start'): 574.052, ('gust', 'h2d'): 574.315, ('gust', 'count'): 574.383, ('gust', 'scan'): 574.455, ('gust', 'expand'): 574.8, ('gust', 'sort'): 576.015, ('gust', 'reduce'): 576.279, ('gust', 'final'): 576.854, ('gust', 'pack'): 576.949, ('gust', 'd2h'): 579.206, ('outer', 'start'): 580.031, ('outer', 'h2d'): 580.296, ('outer', 'csc'): 580.609, ('outer', 'count'): 580.643, ('outer', 'scan'): 580.69, ('outer', 'expand'): 580.895, ('outer', 'sort'): 582.097, ('outer', 'reduce'): 582.357, ('outer', 'final'): 582.766, ('outer', 'pack'): 582.861, ('outer', 'd2h'): 585.098, ('colw', 'start'): 586.145, ('colw', 'h2d'): 586.426, ('colw', 'csc'): 586.721, ('colw', 'count'): 586.752, ('colw', 'scan'): 586.797, ('colw', 'expand'): 587.011, ('colw', 'sort'): 588.216, ('colw', 'reduce'): 588.484, ('colw', 'final'): 588.879, ('colw', 'pack'): 588.967, ('colw', 'd2h'): 591.222, ('inner', 'start'): 592.264, ('inner', 'h2d'): 592.538, ('inner', 'csc'): 592.856, ('inner', 'count'): 592.888, ('inner', 'scan'): 592.935, ('inner', 'expand'): 593.158, ('inner', 'sort'): 594.367, ('inner', 'reduce'): 594.645, ('inner', 'final'): 595.038, ('inner', 'numeric'): 595.321, ('inner', 'pack'): 595.441, ('inner', 'd2h'): 597.676}"
Mildly sparse,bcsstk16,4884,290378,1.2173414200441228,1038782,1038782,1038782,1038782,1038782,0.0,,0.48500000000001364,1.3099999999999454,0.20800000000008367,5.4809999999999945,2.0030000000000427,8.296,,,,,10.332,,10.628,10.959,10.986,"{('cu', 'start'): 642.057, ('cu', 'h2d'): 642.524, ('cu', 'workest'): 643.009, ('cu', 'compute'): 644.319, ('cu', 'copy'): 644.527, ('cu', 'pack'): 644.619, ('cu', 'd2h'): 650.1, ('gust', 'start'): 651.188, ('gust', 'h2d'): 651.647, ('gust', 'count'): 651.867, ('gust', 'scan'): 651.923, ('gust', 'expand'): 652.295, ('gust', 'sort'): 654.905, ('gust', 'reduce'): 655.276, ('gust', 'final'): 656.013, ('gust', 'pack'): 656.103, ('gust', 'd2h'): 661.052, ('outer', 'start'): 662.419, ('outer', 'h2d'): 662.858, ('outer', 'csc'): 663.382, ('outer', 'count'): 663.413, ('outer', 'scan'): 663.459, ('outer', 'expand'): 663.79, ('outer', 'sort'): 666.359, ('outer', 'reduce'): 666.743, ('outer', 'final'): 667.294, ('outer', 'pack'): 667.395, ('outer', 'd2h'): 672.289, ('colw', 'start'): 673.89, ('colw', 'h2d'): 674.369, ('colw', 'csc'): 674.871, ('colw', 'count'): 674.904, ('colw', 'scan'): 674.949, ('colw', 'expand'): 675.325, ('colw', 'sort'): 677.899, ('colw', 'reduce'): 678.275, ('colw', 'final'): 678.797, ('colw', 'pack'): 678.888, ('colw', 'd2h'): 684.084, ('inner', 'start'): 685.688, ('inner', 'h2d'): 686.174, ('inner', 'csc'): 686.645, ('inner', 'count'): 686.682, ('inner', 'scan'): 686.728, ('inner', 'expand'): 687.083, ('inner', 'sort'): 689.669, ('inner', 'reduce'): 690.047, ('inner', 'final'): 690.563, ('inner', 'numeric'): 691.0, ('inner', 'pack'): 691.113, ('inner', 'd2h'): 696.068}"
Mildly sparse,bcsstk28,4410,219024,1.1261974177426073,596072,596072,596072,596072,596072,0.0,,0.3160000000000309,1.1219999999999573,0.20100000000002183,3.1680000000000064,1.63900000000001,5.449,,,,,6.773,,7.002,7.051,7.111,"{('cu', 'start'): 592.085, ('cu', 'h2d'): 592.429, ('cu', 'workest'): 592.745, ('cu', 'compute'): 593.867, ('cu', 'copy'): 594.068, ('cu', 'pack'): 594.153, ('cu', 'd2h'): 597.321, ('gust', 'start'): 598.061, ('gust', 'h2d'): 598.392, ('gust', 'count'): 598.461, ('gust', 'scan'): 598.514, ('gust', 'expand'): 598.913, ('gust', 'sort'): 600.628, ('gust', 'reduce'): 600.937, ('gust', 'final'): 601.544, ('gust', 'pack'): 601.642, ('gust', 'd2h'): 604.456, ('outer', 'start'): 605.349, ('outer', 'h2d'): 605.69, ('outer', 'csc'): 606.047, ('outer', 'count'): 606.075, ('outer', 'scan'): 606.12, ('outer', 'expand'): 606.357, ('outer', 'sort'): 608.043, ('outer', 'reduce'): 608.365, ('outer', 'final'): 608.828, ('outer', 'pack'): 608.927, ('outer', 'd2h'): 611.703, ('colw', 'start'): 612.883, ('colw', 'h2d'): 613.221, ('colw', 'csc'): 613.575, ('colw', 'count'): 613.628, ('colw', 'scan'): 613.672, ('colw', 'expand'): 613.941, ('colw', 'sort'): 615.632, ('colw', 'reduce'): 615.942, ('colw', 'final'): 616.36, ('colw', 'pack'): 616.448, ('colw', 'd2h'): 619.282, ('inner', 'start'): 620.456, ('inner', 'h2d'): 620.806, ('inner', 'csc'): 621.154, ('inner', 'count'): 621.187, ('inner', 'scan'): 621.234, ('inner', 'expand'): 621.49, ('inner', 'sort'): 623.187, ('inner', 'reduce'): 623.488, ('inner', 'final'): 623.925, ('inner', 'numeric'): 624.257, ('inner', 'pack'): 624.354, ('inner', 'd2h'): 627.136}"
Mildly sparse,bcsstk08,1074,12960,1.1235604381885709,305612,305612,305612,305612,305612,0.0,,0.12100000000009459,0.6959999999999127,0.18800000000010186,1.6039999999999281,1.0050000000001091,3.022,,,,,3.17,,3.209,3.204,3.281,"{('cu', 'start'): 551.581, ('cu', 'h2d'): 551.709, ('cu', 'workest'): 551.83, ('cu', 'compute'): 552.526, ('cu', 'copy'): 552.714, ('cu', 'pack'): 552.84, ('cu', 'd2h'): 554.444, ('gust', 'start'): 554.926, ('gust', 'h2d'): 555.041, ('gust', 'count'): 555.086, ('gust', 'scan'): 555.14, ('gust', 'expand'): 555.505, ('gust', 'sort'): 555.816, ('gust', 'reduce'): 555.985, ('gust', 'final'): 556.398, ('gust', 'pack'): 556.5, ('gust', 'd2h'): 557.848, ('outer', 'start'): 558.428, ('outer', 'h2d'): 558.54, ('outer', 'csc'): 558.779, ('outer', 'count'): 558.801, ('outer', 'scan'): 558.845, ('outer', 'expand'): 559.126, ('outer', 'sort'): 559.426, ('outer', 'reduce'): 559.591, ('outer', 'final'): 559.902, ('outer', 'pack'): 559.998, ('outer', 'd2h'): 561.242, ('colw', 'start'): 561.946, ('colw', 'h2d'): 562.055, ('colw', 'csc'): 562.291, ('colw', 'count'): 562.391, ('colw', 'scan'): 562.439, ('colw', 'expand'): 562.702, ('colw', 'sort'): 563.004, ('colw', 'reduce'): 563.168, ('colw', 'final'): 563.469, ('colw', 'pack'): 563.57, ('colw', 'd2h'): 564.786, ('inner', 'start'): 565.477, ('inner', 'h2d'): 565.589, ('inner', 'csc'): 565.827, ('inner', 'count'): 565.86, ('inner', 'scan'): 565.903, ('inner', 'expand'): 566.139, ('inner', 'sort'): 566.436, ('inner', 'reduce'): 566.604, ('inner', 'final'): 566.894, ('inner', 'numeric'): 567.231, ('inner', 'pack'): 567.334, ('inner', 'd2h'): 568.519}"
Mildly sparse,can_1054,1054,12196,1.097832779436069,60248,60248,60248,60248,60248,0.0,,0.10900000000003729,0.37599999999997635,0.10900000000003729,1.1620000000000346,0.5940000000000509,2.05,,,,,2.08,,2.133,2.133,2.158,"{('cu', 'start'): 537.972, ('cu', 'h2d'): 538.125, ('cu', 'workest'): 538.234, ('cu', 'compute'): 538.61, ('cu', 'copy'): 538.719, ('cu', 'pack'): 538.75, ('cu', 'd2h'): 539.912, ('gust', 'start'): 540.304, ('gust', 'h2d'): 540.411, ('gust', 'count'): 540.443, ('gust', 'scan'): 540.49, ('gust', 'expand'): 540.622, ('gust', 'sort'): 540.923, ('gust', 'reduce'): 541.033, ('gust', 'final'): 541.176, ('gust', 'pack'): 541.197, ('gust', 'd2h'): 542.178, ('outer', 'start'): 542.667, ('outer', 'h2d'): 542.774, ('outer', 'csc'): 542.889, ('outer', 'count'): 542.909, ('outer', 'scan'): 542.948, ('outer', 'expand'): 543.073, ('outer', 'sort'): 543.352, ('outer', 'reduce'): 543.467, ('outer', 'final'): 543.609, ('outer', 'pack'): 543.63, ('outer', 'd2h'): 544.552, ('colw', 'start'): 545.076, ('colw', 'h2d'): 545.181, ('colw', 'csc'): 545.285, ('colw', 'count'): 545.307, ('colw', 'scan'): 545.347, ('colw', 'expand'): 545.48, ('colw', 'sort'): 545.761, ('colw', 'reduce'): 545.88, ('colw', 'final'): 546.024, ('colw', 'pack'): 546.045, ('colw', 'd2h'): 546.99, ('inner', 'start'): 547.476, ('inner', 'h2d'): 547.578, ('inner', 'csc'): 547.695, ('inner', 'count'): 547.718, ('inner', 'scan'): 547.756, ('inner', 'expand'): 547.89, ('inner', 'sort'): 548.17, ('inner', 'reduce'): 548.274, ('inner', 'final'): 548.431, ('inner', 'numeric'): 548.537, ('inner', 'pack'): 548.559, ('inner', 'd2h'): 549.499}"
Mildly sparse,can_1072,1072,12444,1.0828553129873024,62316,62316,62316,62316,62316,0.0,,0.08399999999994634,0.30900000000008276,0.06799999999998363,1.0900000000000318,0.46100000000001273,1.787,,,,,2.022,,2.089,2.138,2.132,"{('cu', 'start'): 517.948, ('cu', 'h2d'): 518.053, ('cu', 'workest'): 518.137, ('cu', 'compute'): 518.446, ('cu', 'copy'): 518.514, ('cu', 'pack'): 518.535, ('cu', 'd2h'): 519.625, ('gust', 'start'): 520.011, ('gust', 'h2d'): 520.116, ('gust', 'count'): 520.146, ('gust', 'scan'): 520.192, ('gust', 'expand'): 520.32, ('gust', 'sort'): 520.615, ('gust', 'reduce'): 520.729, ('gust', 'final'): 520.873, ('gust', 'pack'): 520.896, ('gust', 'd2h'): 521.827, ('outer', 'start'): 522.36, ('outer', 'h2d'): 522.481, ('outer', 'csc'): 522.583, ('outer', 'count'): 522.603, ('outer', 'scan'): 522.641, ('outer', 'expand'): 522.762, ('outer', 'sort'): 523.032, ('outer', 'reduce'): 523.133, ('outer', 'final'): 523.208, ('outer', 'pack'): 523.229, ('outer', 'd2h'): 524.141, ('colw', 'start'): 524.726, ('colw', 'h2d'): 524.833, ('colw', 'csc'): 524.946, ('colw', 'count'): 524.968, ('colw', 'scan'): 525.008, ('colw', 'expand'): 525.14, ('colw', 'sort'): 525.445, ('colw', 'reduce'): 525.561, ('colw', 'final'): 525.627, ('colw', 'pack'): 525.647, ('colw', 'd2h'): 526.577, ('inner', 'start'): 527.135, ('inner', 'h2d'): 527.239, ('inner', 'csc'): 527.341, ('inner', 'count'): 527.364, ('inner', 'scan'): 527.431, ('inner', 'expand'): 527.536, ('inner', 'sort'): 527.838, ('inner', 'reduce'): 527.942, ('inner', 'final'): 528.006, ('inner', 'numeric'): 528.113, ('inner', 'pack'): 528.135, ('inner', 'd2h'): 529.061}"
Mildly sparse,bcsstk19,817,6853,1.0266835857969194,18305,18305,18305,18305,18305,0.0,,0.08399999999994634,0.18899999999996453,0.057999999999992724,0.8980000000000246,0.3309999999999036,1.471,,,,,1.45,,1.591,1.511,1.553,"{('cu', 'start'): 524.355, ('cu', 'h2d'): 524.469, ('cu', 'workest'): 524.553, ('cu', 'compute'): 524.742, ('cu', 'copy'): 524.8, ('cu', 'pack'): 524.819, ('cu', 'd2h'): 525.717, ('gust', 'start'): 526.101, ('gust', 'h2d'): 526.228, ('gust', 'count'): 526.256, ('gust', 'scan'): 526.305, ('gust', 'expand'): 526.327, ('gust', 'sort'): 526.458, ('gust', 'reduce'): 526.5, ('gust', 'final'): 526.559, ('gust', 'pack'): 526.578, ('gust', 'd2h'): 527.413, ('outer', 'start'): 527.817, ('outer', 'h2d'): 527.954, ('outer', 'csc'): 528.038, ('outer', 'count'): 528.059, ('outer', 'scan'): 528.097, ('outer', 'expand'): 528.123, ('outer', 'sort'): 528.276, ('outer', 'reduce'): 528.317, ('outer', 'final'): 528.38, ('outer', 'pack'): 528.399, ('outer', 'd2h'): 529.247, ('colw', 'start'): 529.68, ('colw', 'h2d'): 529.794, ('colw', 'csc'): 529.879, ('colw', 'count'): 529.9, ('colw', 'scan'): 529.938, ('colw', 'expand'): 529.96, ('colw', 'sort'): 530.088, ('colw', 'reduce'): 530.127, ('colw', 'final'): 530.193, ('colw', 'pack'): 530.214, ('colw', 'd2h'): 531.027, ('inner', 'start'): 531.52, ('inner', 'h2d'): 531.65, ('inner', 'csc'): 531.732, ('inner', 'count'): 531.752, ('inner', 'scan'): 531.791, ('inner', 'expand'): 531.812, ('inner', 'sort'): 531.941, ('inner', 'reduce'): 531.979, ('inner', 'final'): 532.033, ('inner', 'numeric'): 532.059, ('inner', 'pack'): 532.077, ('inner', 'd2h'): 532.935}"
Highly sparse,bcsstm12,1473,19659,0.9060578533079476,53615,53615,53615,53615,53615,0.0,,0.08800000000007913,0.31799999999998363,0.06399999999996453,1.1200000000000045,0.4700000000000273,1.855,,,,,2.254,,2.52,2.504,2.402,"{('cu', 'start'): 526.179, ('cu', 'h2d'): 526.3, ('cu', 'workest'): 526.388, ('cu', 'compute'): 526.706, ('cu', 'copy'): 526.77, ('cu', 'pack'): 526.803, ('cu', 'd2h'): 527.923, ('gust', 'start'): 528.319, ('gust', 'h2d'): 528.438, ('gust', 'count'): 528.469, ('gust', 'scan'): 528.516, ('gust', 'expand'): 528.658, ('gust', 'sort'): 528.953, ('gust', 'reduce'): 529.12, ('gust', 'final'): 529.333, ('gust', 'pack'): 529.355, ('gust', 'd2h'): 530.362, ('outer', 'start'): 530.87, ('outer', 'h2d'): 530.992, ('outer', 'csc'): 531.087, ('outer', 'count'): 531.108, ('outer', 'scan'): 531.147, ('outer', 'expand'): 531.286, ('outer', 'sort'): 531.575, ('outer', 'reduce'): 531.744, ('outer', 'final'): 531.979, ('outer', 'pack'): 532.073, ('outer', 'd2h'): 533.089, ('colw', 'start'): 533.674, ('colw', 'h2d'): 533.82, ('colw', 'csc'): 533.918, ('colw', 'count'): 533.94, ('colw', 'scan'): 533.981, ('colw', 'expand'): 534.135, ('colw', 'sort'): 534.43, ('colw', 'reduce'): 534.587, ('colw', 'final'): 534.804, ('colw', 'pack'): 534.895, ('colw', 'd2h'): 535.888, ('inner', 'start'): 536.458, ('inner', 'h2d'): 536.577, ('inner', 'csc'): 536.673, ('inner', 'count'): 536.694, ('inner', 'scan'): 536.733, ('inner', 'expand'): 536.885, ('inner', 'sort'): 537.178, ('inner', 'reduce'): 537.333, ('inner', 'final'): 537.537, ('inner', 'numeric'): 537.643, ('inner', 'pack'): 537.666, ('inner', 'd2h'): 538.682}"
Highly sparse,bcsstm03,112,112,0.8928571428571428,112,112,112,112,112,0.0,,0.08900000000005548,0.16699999999991633,0.06200000000001182,0.86099999999999,0.31799999999998363,1.408,,,,,1.263,,1.516,1.436,1.371,"{('cu', 'start'): 541.672, ('cu', 'h2d'): 541.774, ('cu', 'workest'): 541.863, ('cu', 'compute'): 542.03, ('cu', 'copy'): 542.092, ('cu', 'pack'): 542.112, ('cu', 'd2h'): 542.973, ('gust', 'start'): 543.413, ('gust', 'h2d'): 543.502, ('gust', 'count'): 543.527, ('gust', 'scan'): 543.573, ('gust', 'expand'): 543.593, ('gust', 'sort'): 543.639, ('gust', 'reduce'): 543.678, ('gust', 'final'): 543.736, ('gust', 'pack'): 543.763, ('gust', 'd2h'): 544.542, ('outer', 'start'): 544.97, ('outer', 'h2d'): 545.061, ('outer', 'csc'): 545.137, ('outer', 'count'): 545.158, ('outer', 'scan'): 545.195, ('outer', 'expand'): 545.214, ('outer', 'sort'): 545.257, ('outer', 'reduce'): 545.295, ('outer', 'final'): 545.353, ('outer', 'pack'): 545.371, ('outer', 'd2h'): 546.32, ('colw', 'start'): 546.847, ('colw', 'h2d'): 546.97, ('colw', 'csc'): 547.048, ('colw', 'count'): 547.067, ('colw', 'scan'): 547.105, ('colw', 'expand'): 547.122, ('colw', 'sort'): 547.166, ('colw', 'reduce'): 547.202, ('colw', 'final'): 547.255, ('colw', 'pack'): 547.274, ('colw', 'd2h'): 548.124, ('inner', 'start'): 548.533, ('inner', 'h2d'): 548.624, ('inner', 'csc'): 548.696, ('inner', 'count'): 548.715, ('inner', 'scan'): 548.752, ('inner', 'expand'): 548.782, ('inner', 'sort'): 548.826, ('inner', 'reduce'): 548.862, ('inner', 'final'): 548.914, ('inner', 'numeric'): 548.935, ('inner', 'pack'): 548.954, ('inner', 'd2h'): 549.768}"
Highly sparse,bcspwr05,443,1623,0.8270105834934192,4249,4249,4249,4249,4249,0.0,,0.08699999999998909,0.17899999999997362,0.06000000000005912,0.8509999999999991,0.32600000000002183,1.408,,,,,1.417,,1.49,1.487,1.472,"{('cu', 'start'): 526.186, ('cu', 'h2d'): 526.288, ('cu', 'workest'): 526.375, ('cu', 'compute'): 526.554, ('cu', 'copy'): 526.614, ('cu', 'pack'): 526.634, ('cu', 'd2h'): 527.485, ('gust', 'start'): 527.882, ('gust', 'h2d'): 527.987, ('gust', 'count'): 528.016, ('gust', 'scan'): 528.063, ('gust', 'expand'): 528.086, ('gust', 'sort'): 528.202, ('gust', 'reduce'): 528.244, ('gust', 'final'): 528.303, ('gust', 'pack'): 528.323, ('gust', 'd2h'): 529.158, ('outer', 'start'): 529.627, ('outer', 'h2d'): 529.723, ('outer', 'csc'): 529.828, ('outer', 'count'): 529.849, ('outer', 'scan'): 529.889, ('outer', 'expand'): 529.908, ('outer', 'sort'): 530.023, ('outer', 'reduce'): 530.062, ('outer', 'final'): 530.123, ('outer', 'pack'): 530.142, ('outer', 'd2h'): 530.953, ('colw', 'start'): 531.39, ('colw', 'h2d'): 531.489, ('colw', 'csc'): 531.571, ('colw', 'count'): 531.593, ('colw', 'scan'): 531.631, ('colw', 'expand'): 531.651, ('colw', 'sort'): 531.763, ('colw', 'reduce'): 531.814, ('colw', 'final'): 531.871, ('colw', 'pack'): 531.889, ('colw', 'd2h'): 532.705, ('inner', 'start'): 533.149, ('inner', 'h2d'): 533.251, ('inner', 'csc'): 533.334, ('inner', 'count'): 533.355, ('inner', 'scan'): 533.394, ('inner', 'expand'): 533.414, ('inner', 'sort'): 533.526, ('inner', 'reduce'): 533.566, ('inner', 'final'): 533.619, ('inner', 'numeric'): 533.646, ('inner', 'pack'): 533.664, ('inner', 'd2h'): 534.477}"
Highly sparse,bcsstk26,1922,30336,0.8212049319939666,92530,92530,92530,92530,92530,0.0,,0.08699999999998909,0.35800000000006094,0.06999999999993634,1.092999999999961,0.5149999999999864,2.001,,,,,2.376,,2.443,2.443,2.459,"{('cu', 'start'): 532.469, ('cu', 'h2d'): 532.593, ('cu', 'workest'): 532.68, ('cu', 'compute'): 533.038, ('cu', 'copy'): 533.108, ('cu', 'pack'): 533.202, ('cu', 'd2h'): 534.295, ('gust', 'start'): 534.746, ('gust', 'h2d'): 534.867, ('gust', 'count'): 534.899, ('gust', 'scan'): 534.948, ('gust', 'expand'): 535.162, ('gust', 'sort'): 535.457, ('gust', 'reduce'): 535.612, ('gust', 'final'): 535.961, ('gust', 'pack'): 535.983, ('gust', 'd2h'): 536.969, ('outer', 'start'): 537.393, ('outer', 'h2d'): 537.517, ('outer', 'csc'): 537.621, ('outer', 'count'): 537.641, ('outer', 'scan'): 537.679, ('outer', 'expand'): 537.868, ('outer', 'sort'): 538.166, ('outer', 'reduce'): 538.327, ('outer', 'final'): 538.549, ('outer', 'pack'): 538.572, ('outer', 'd2h'): 539.543, ('colw', 'start'): 540.145, ('colw', 'h2d'): 540.273, ('colw', 'csc'): 540.374, ('colw', 'count'): 540.397, ('colw', 'scan'): 540.435, ('colw', 'expand'): 540.633, ('colw', 'sort'): 540.928, ('colw', 'reduce'): 541.095, ('colw', 'final'): 541.308, ('colw', 'pack'): 541.331, ('colw', 'd2h'): 542.303, ('inner', 'start'): 542.857, ('inner', 'h2d'): 542.979, ('inner', 'csc'): 543.095, ('inner', 'count'): 543.116, ('inner', 'scan'): 543.154, ('inner', 'expand'): 543.356, ('inner', 'sort'): 543.652, ('inner', 'reduce'): 543.803, ('inner', 'final'): 544.008, ('inner', 'numeric'): 544.203, ('inner', 'pack'): 544.225, ('inner', 'd2h'): 545.179}"
Highly sparse,bcsstk33,8738,591904,0.775223972597465,2569536,2569536,2569536,2569536,2569536,0.0,,0.4879999999999427,2.447999999999979,0.24500000000000455,12.812999999999988,3.1809999999999263,17.651,,,,,22.245,,22.442,22.707,23.329,"{('cu', 'start'): 684.548, ('cu', 'h2d'): 685.725, ('cu', 'workest'): 686.213, ('cu', 'compute'): 688.661, ('cu', 'copy'): 688.906, ('cu', 'pack'): 689.01, ('cu', 'd2h'): 701.823, ('gust', 'start'): 704.26, ('gust', 'h2d'): 705.37, ('gust', 'count'): 705.617, ('gust', 'scan'): 705.675, ('gust', 'expand'): 706.505, ('gust', 'sort'): 712.037, ('gust', 'reduce'): 712.653, ('gust', 'final'): 713.805, ('gust', 'pack'): 713.901, ('gust', 'd2h'): 725.922, ('outer', 'start'): 728.489, ('outer', 'h2d'): 729.553, ('outer', 'csc'): 730.209, ('outer', 'count'): 730.241, ('outer', 'scan'): 730.289, ('outer', 'expand'): 730.836, ('outer', 'sort'): 736.321, ('outer', 'reduce'): 736.936, ('outer', 'final'): 737.725, ('outer', 'pack'): 737.894, ('outer', 'd2h'): 749.928, ('colw', 'start'): 753.003, ('colw', 'h2d'): 754.147, ('colw', 'csc'): 754.803, ('colw', 'count'): 754.84, ('colw', 'scan'): 754.886, ('colw', 'expand'): 755.58, ('colw', 'sort'): 761.034, ('colw', 'reduce'): 761.642, ('colw', 'final'): 762.402, ('colw', 'pack'): 762.57, ('colw', 'd2h'): 774.72, ('inner', 'start'): 777.721, ('inner', 'h2d'): 778.83, ('inner', 'csc'): 779.502, ('inner', 'count'): 779.542, ('inner', 'scan'): 779.588, ('inner', 'expand'): 780.251, ('inner', 'sort'): 785.756, ('inner', 'reduce'): 786.36, ('inner', 'final'): 787.132, ('inner', 'numeric'): 788.087, ('inner', 'pack'): 788.231, ('inner', 'd2h'): 800.356}"
Highly sparse,bcsstm04,132,132,0.7575757575757576,132,132,132,132,132,0.0,,0.08200000000010732,0.15899999999999181,0.05499999999994998,0.8319999999999936,0.2960000000000491,1.338,,,,,1.229,,1.308,1.301,1.331,"{('cu', 'start'): 529.514, ('cu', 'h2d'): 529.608, ('cu', 'workest'): 529.69, ('cu', 'compute'): 529.849, ('cu', 'copy'): 529.904, ('cu', 'pack'): 529.923, ('cu', 'd2h'): 530.755, ('gust', 'start'): 531.207, ('gust', 'h2d'): 531.304, ('gust', 'count'): 531.329, ('gust', 'scan'): 531.373, ('gust', 'expand'): 531.392, ('gust', 'sort'): 531.436, ('gust', 'reduce'): 531.473, ('gust', 'final'): 531.528, ('gust', 'pack'): 531.545, ('gust', 'd2h'): 532.313, ('outer', 'start'): 532.705, ('outer', 'h2d'): 532.795, ('outer', 'csc'): 532.868, ('outer', 'count'): 532.886, ('outer', 'scan'): 532.921, ('outer', 'expand'): 532.94, ('outer', 'sort'): 532.982, ('outer', 'reduce'): 533.017, ('outer', 'final'): 533.071, ('outer', 'pack'): 533.088, ('outer', 'd2h'): 533.882, ('colw', 'start'): 534.306, ('colw', 'h2d'): 534.401, ('colw', 'csc'): 534.473, ('colw', 'count'): 534.492, ('colw', 'scan'): 534.527, ('colw', 'expand'): 534.544, ('colw', 'sort'): 534.585, ('colw', 'reduce'): 534.619, ('colw', 'final'): 534.666, ('colw', 'pack'): 534.683, ('colw', 'd2h'): 535.462, ('inner', 'start'): 535.863, ('inner', 'h2d'): 535.955, ('inner', 'csc'): 536.028, ('inner', 'count'): 536.046, ('inner', 'scan'): 536.083, ('inner', 'expand'): 536.108, ('inner', 'sort'): 536.152, ('inner', 'reduce'): 536.186, ('inner', 'final'): 536.234, ('inner', 'numeric'): 536.255, ('inner', 'pack'): 536.272, ('inner', 'd2h'): 537.057}"
Highly sparse,bcsstk15,3948,117816,0.7558750073139261,527688,527688,527688,527688,527688,0.0,,0.31100000000003547,0.7820000000000391,0.19799999999997908,3.0559999999999263,1.2910000000000537,4.876,,,,,5.405,,5.469,5.441,5.56,"{('cu', 'start'): 556.553, ('cu', 'h2d'): 556.799, ('cu', 'workest'): 557.11, ('cu', 'compute'): 557.892, ('cu', 'copy'): 558.09, ('cu', 'pack'): 558.177, ('cu', 'd2h'): 561.233, ('gust', 'start'): 561.919, ('gust', 'h2d'): 562.16, ('gust', 'count'): 562.241, ('gust', 'scan'): 562.295, ('gust', 'expand'): 562.612, ('gust', 'sort'): 563.411, ('gust', 'reduce'): 563.628, ('gust', 'final'): 564.193, ('gust', 'pack'): 564.293, ('gust', 'd2h'): 566.963, ('outer', 'start'): 567.806, ('outer', 'h2d'): 568.044, ('outer', 'csc'): 568.194, ('outer', 'count'): 568.218, ('outer', 'scan'): 568.259, ('outer', 'expand'): 568.557, ('outer', 'sort'): 569.335, ('outer', 'reduce'): 569.542, ('outer', 'final'): 569.947, ('outer', 'pack'): 570.052, ('outer', 'd2h'): 572.739, ('colw', 'start'): 573.764, ('colw', 'h2d'): 574.004, ('colw', 'csc'): 574.159, ('colw', 'count'): 574.184, ('colw', 'scan'): 574.225, ('colw', 'expand'): 574.513, ('colw', 'sort'): 575.297, ('colw', 'reduce'): 575.509, ('colw', 'final'): 575.893, ('colw', 'pack'): 575.992, ('colw', 'd2h'): 578.678, ('inner', 'start'): 579.706, ('inner', 'h2d'): 579.947, ('inner', 'csc'): 580.097, ('inner', 'count'): 580.121, ('inner', 'scan'): 580.162, ('inner', 'expand'): 580.474, ('inner', 'sort'): 581.245, ('inner', 'reduce'): 581.452, ('inner', 'final'): 581.835, ('inner', 'numeric'): 582.088, ('inner', 'pack'): 582.183, ('inner', 'd2h'): 584.91}"
Highly sparse,bcsstm22,138,138,0.7246376811594203,138,138,138,138,138,0.0,,0.08400000000006003,0.16300000000001091,0.05999999999994543,0.8689999999999145,0.30700000000001637,1.4,,,,,1.318,,1.343,1.361,1.338,"{('cu', 'start'): 538.044, ('cu', 'h2d'): 538.141, ('cu', 'workest'): 538.225, ('cu', 'compute'): 538.388, ('cu', 'copy'): 538.448, ('cu', 'pack'): 538.469, ('cu', 'd2h'): 539.338, ('gust', 'start'): 539.716, ('gust', 'h2d'): 539.806, ('gust', 'count'): 539.83, ('gust', 'scan'): 539.888, ('gust', 'expand'): 539.907, ('gust', 'sort'): 539.955, ('gust', 'reduce'): 539.993, ('gust', 'final'): 540.051, ('gust', 'pack'): 540.07, ('gust', 'd2h'): 540.897, ('outer', 'start'): 541.371, ('outer', 'h2d'): 541.464, ('outer', 'csc'): 541.541, ('outer', 'count'): 541.562, ('outer', 'scan'): 541.6, ('outer', 'expand'): 541.621, ('outer', 'sort'): 541.664, ('outer', 'reduce'): 541.702, ('outer', 'final'): 541.76, ('outer', 'pack'): 541.777, ('outer', 'd2h'): 542.57, ('colw', 'start'): 543.003, ('colw', 'h2d'): 543.097, ('colw', 'csc'): 543.171, ('colw', 'count'): 543.19, ('colw', 'scan'): 543.228, ('colw', 'expand'): 543.246, ('colw', 'sort'): 543.29, ('colw', 'reduce'): 543.326, ('colw', 'final'): 543.378, ('colw', 'pack'): 543.396, ('colw', 'd2h'): 544.211, ('inner', 'start'): 544.615, ('inner', 'h2d'): 544.704, ('inner', 'csc'): 544.777, ('inner', 'count'): 544.797, ('inner', 'scan'): 544.834, ('inner', 'expand'): 544.851, ('inner', 'sort'): 544.895, ('inner', 'reduce'): 544.932, ('inner', 'final'): 544.981, ('inner', 'numeric'): 545.002, ('inner', 'pack'): 545.02, ('inner', 'd2h'): 545.8}"
Highly sparse,bp_1600,822,4841,0.7164591732229859,23625,23625,23625,23625,23625,0.0,,0.08700000000010277,0.19700000000000273,0.06199999999989814,0.8659999999999854,0.34600000000000364,1.459,,,,,1.463,,1.628,1.569,1.744,"{('cu', 'start'): 525.891, ('cu', 'h2d'): 526.007, ('cu', 'workest'): 526.094, ('cu', 'compute'): 526.291, ('cu', 'copy'): 526.353, ('cu', 'pack'): 526.373, ('cu', 'd2h'): 527.239, ('gust', 'start'): 527.635, ('gust', 'h2d'): 527.755, ('gust', 'count'): 527.792, ('gust', 'scan'): 527.845, ('gust', 'expand'): 527.898, ('gust', 'sort'): 528.027, ('gust', 'reduce'): 528.069, ('gust', 'final'): 528.13, ('gust', 'pack'): 528.149, ('gust', 'd2h'): 528.966, ('outer', 'start'): 529.4, ('outer', 'h2d'): 529.51, ('outer', 'csc'): 529.685, ('outer', 'count'): 529.706, ('outer', 'scan'): 529.744, ('outer', 'expand'): 529.794, ('outer', 'sort'): 529.919, ('outer', 'reduce'): 529.958, ('outer', 'final'): 530.019, ('outer', 'pack'): 530.038, ('outer', 'd2h'): 530.871, ('colw', 'start'): 531.373, ('colw', 'h2d'): 531.487, ('colw', 'csc'): 531.665, ('colw', 'count'): 531.686, ('colw', 'scan'): 531.724, ('colw', 'expand'): 531.745, ('colw', 'sort'): 531.869, ('colw', 'reduce'): 531.908, ('colw', 'final'): 531.962, ('colw', 'pack'): 531.98, ('colw', 'd2h'): 532.799, ('inner', 'start'): 533.238, ('inner', 'h2d'): 533.349, ('inner', 'csc'): 533.524, ('inner', 'count'): 533.556, ('inner', 'scan'): 533.594, ('inner', 'expand'): 533.644, ('inner', 'sort'): 533.769, ('inner', 'reduce'): 533.808, ('inner', 'final'): 533.863, ('inner', 'numeric'): 533.996, ('inner', 'pack'): 534.014, ('inner', 'd2h'): 534.846}"
Highly sparse,bp_1400,822,4790,0.7089112662132002,23154,23154,23154,23154,23154,0.0,,0.08700000000010277,0.18899999999996453,0.057999999999992724,0.8990000000000009,0.33400000000006,1.475,,,,,1.517,,1.699,1.603,1.777,"{('cu', 'start'): 520.413, ('cu', 'h2d'): 520.526, ('cu', 'workest'): 520.613, ('cu', 'compute'): 520.802, ('cu', 'copy'): 520.86, ('cu', 'pack'): 520.88, ('cu', 'd2h'): 521.779, ('gust', 'start'): 522.164, ('gust', 'h2d'): 522.275, ('gust', 'count'): 522.313, ('gust', 'scan'): 522.36, ('gust', 'expand'): 522.428, ('gust', 'sort'): 522.559, ('gust', 'reduce'): 522.602, ('gust', 'final'): 522.664, ('gust', 'pack'): 522.684, ('gust', 'd2h'): 523.54, ('outer', 'start'): 523.952, ('outer', 'h2d'): 524.074, ('outer', 'csc'): 524.25, ('outer', 'count'): 524.27, ('outer', 'scan'): 524.308, ('outer', 'expand'): 524.36, ('outer', 'sort'): 524.501, ('outer', 'reduce'): 524.542, ('outer', 'final'): 524.609, ('outer', 'pack'): 524.629, ('outer', 'd2h'): 525.491, ('colw', 'start'): 525.994, ('colw', 'h2d'): 526.115, ('colw', 'csc'): 526.29, ('colw', 'count'): 526.31, ('colw', 'scan'): 526.349, ('colw', 'expand'): 526.374, ('colw', 'sort'): 526.502, ('colw', 'reduce'): 526.542, ('colw', 'final'): 526.599, ('colw', 'pack'): 526.618, ('colw', 'd2h'): 527.45, ('inner', 'start'): 527.867, ('inner', 'h2d'): 527.974, ('inner', 'csc'): 528.149, ('inner', 'count'): 528.179, ('inner', 'scan'): 528.217, ('inner', 'expand'): 528.266, ('inner', 'sort'): 528.393, ('inner', 'reduce'): 528.436, ('inner', 'final'): 528.491, ('inner', 'numeric'): 528.63, ('inner', 'pack'): 528.648, ('inner', 'd2h'): 529.504}"
Highly sparse,bp_1200,822,4726,0.6994393829068026,22313,22313,22313,22313,22313,0.0,,0.08600000000001273,0.20500000000004093,0.057999999999992724,0.8550000000000182,0.3490000000000464,1.449,,,,,1.439,,1.605,1.548,1.73,"{('cu', 'start'): 550.144, ('cu', 'h2d'): 550.265, ('cu', 'workest'): 550.351, ('cu', 'compute'): 550.556, ('cu', 'copy'): 550.614, ('cu', 'pack'): 550.633, ('cu', 'd2h'): 551.488, ('gust', 'start'): 551.865, ('gust', 'h2d'): 551.971, ('gust', 'count'): 552.008, ('gust', 'scan'): 552.054, ('gust', 'expand'): 552.108, ('gust', 'sort'): 552.235, ('gust', 'reduce'): 552.277, ('gust', 'final'): 552.335, ('gust', 'pack'): 552.354, ('gust', 'd2h'): 553.172, ('outer', 'start'): 553.566, ('outer', 'h2d'): 553.669, ('outer', 'csc'): 553.844, ('outer', 'count'): 553.864, ('outer', 'scan'): 553.903, ('outer', 'expand'): 553.955, ('outer', 'sort'): 554.08, ('outer', 'reduce'): 554.119, ('outer', 'final'): 554.179, ('outer', 'pack'): 554.197, ('outer', 'd2h'): 555.017, ('colw', 'start'): 555.432, ('colw', 'h2d'): 555.531, ('colw', 'csc'): 555.703, ('colw', 'count'): 555.723, ('colw', 'scan'): 555.761, ('colw', 'expand'): 555.783, ('colw', 'sort'): 555.907, ('colw', 'reduce'): 555.949, ('colw', 'final'): 556.005, ('colw', 'pack'): 556.023, ('colw', 'd2h'): 556.818, ('inner', 'start'): 557.243, ('inner', 'h2d'): 557.357, ('inner', 'csc'): 557.531, ('inner', 'count'): 557.56, ('inner', 'scan'): 557.599, ('inner', 'expand'): 557.649, ('inner', 'sort'): 557.773, ('inner', 'reduce'): 557.812, ('inner', 'final'): 557.875, ('inner', 'numeric'): 558.014, ('inner', 'pack'): 558.033, ('inner', 'd2h'): 558.836}"
Highly sparse,685_bus,685,3249,0.6924183494059353,9337,9337,9337,9337,9337,0.0,,0.08800000000007913,0.17499999999995453,0.05899999999996908,0.8819999999999482,0.32200000000000273,1.438,,,,,1.422,,1.536,1.469,1.499,"{('cu', 'start'): 524.042, ('cu', 'h2d'): 524.146, ('cu', 'workest'): 524.234, ('cu', 'compute'): 524.409, ('cu', 'copy'): 524.468, ('cu', 'pack'): 524.489, ('cu', 'd2h'): 525.371, ('gust', 'start'): 525.768, ('gust', 'h2d'): 525.873, ('gust', 'count'): 525.899, ('gust', 'scan'): 525.946, ('gust', 'expand'): 525.968, ('gust', 'sort'): 526.089, ('gust', 'reduce'): 526.133, ('gust', 'final'): 526.193, ('gust', 'pack'): 526.212, ('gust', 'd2h'): 527.048, ('outer', 'start'): 527.462, ('outer', 'h2d'): 527.565, ('outer', 'csc'): 527.647, ('outer', 'count'): 527.692, ('outer', 'scan'): 527.733, ('outer', 'expand'): 527.753, ('outer', 'sort'): 527.872, ('outer', 'reduce'): 527.912, ('outer', 'final'): 527.973, ('outer', 'pack'): 527.991, ('outer', 'd2h'): 528.837, ('colw', 'start'): 529.327, ('colw', 'h2d'): 529.429, ('colw', 'csc'): 529.512, ('colw', 'count'): 529.532, ('colw', 'scan'): 529.571, ('colw', 'expand'): 529.592, ('colw', 'sort'): 529.708, ('colw', 'reduce'): 529.751, ('colw', 'final'): 529.806, ('colw', 'pack'): 529.824, ('colw', 'd2h'): 530.627, ('inner', 'start'): 531.068, ('inner', 'h2d'): 531.172, ('inner', 'csc'): 531.256, ('inner', 'count'): 531.277, ('inner', 'scan'): 531.316, ('inner', 'expand'): 531.337, ('inner', 'sort'): 531.454, ('inner', 'reduce'): 531.494, ('inner', 'final'): 531.547, ('inner', 'numeric'): 531.573, ('inner', 'pack'): 531.592, ('inner', 'd2h'): 532.427}"
Highly sparse,bp_1000,822,4661,0.6898195014237425,21373,21373,21373,21373,21373,0.0,,0.08600000000001273,0.19200000000000728,0.05999999999994543,0.9120000000000346,0.33799999999996544,1.489,,,,,1.491,,1.649,1.618,1.81,"{('cu', 'start'): 519.889, ('cu', 'h2d'): 520.0, ('cu', 'workest'): 520.086, ('cu', 'compute'): 520.278, ('cu', 'copy'): 520.338, ('cu', 'pack'): 520.358, ('cu', 'd2h'): 521.27, ('gust', 'start'): 521.67, ('gust', 'h2d'): 521.774, ('gust', 'count'): 521.813, ('gust', 'scan'): 521.86, ('gust', 'expand'): 521.914, ('gust', 'sort'): 522.041, ('gust', 'reduce'): 522.084, ('gust', 'final'): 522.144, ('gust', 'pack'): 522.163, ('gust', 'd2h'): 523.024, ('outer', 'start'): 523.45, ('outer', 'h2d'): 523.553, ('outer', 'csc'): 523.728, ('outer', 'count'): 523.747, ('outer', 'scan'): 523.786, ('outer', 'expand'): 523.838, ('outer', 'sort'): 523.963, ('outer', 'reduce'): 524.003, ('outer', 'final'): 524.067, ('outer', 'pack'): 524.085, ('outer', 'd2h'): 524.942, ('colw', 'start'): 525.372, ('colw', 'h2d'): 525.506, ('colw', 'csc'): 525.68, ('colw', 'count'): 525.7, ('colw', 'scan'): 525.739, ('colw', 'expand'): 525.761, ('colw', 'sort'): 525.884, ('colw', 'reduce'): 525.925, ('colw', 'final'): 525.98, ('colw', 'pack'): 526.0, ('colw', 'd2h'): 526.843, ('inner', 'start'): 527.265, ('inner', 'h2d'): 527.384, ('inner', 'csc'): 527.571, ('inner', 'count'): 527.603, ('inner', 'scan'): 527.641, ('inner', 'expand'): 527.693, ('inner', 'sort'): 527.817, ('inner', 'reduce'): 527.857, ('inner', 'final'): 527.91, ('inner', 'numeric'): 528.044, ('inner', 'pack'): 528.063, ('inner', 'd2h'): 528.938}"
Highly sparse,494_bus,494,1666,0.6826861610582045,4062,4062,4062,4062,4062,0.0,,0.09000000000003183,0.17499999999995453,0.059000000000082764,0.875,0.3240000000000691,1.443,,,,,1.413,,1.494,1.458,1.485,"{('cu', 'start'): 525.233, ('cu', 'h2d'): 525.347, ('cu', 'workest'): 525.437, ('cu', 'compute'): 525.612, ('cu', 'copy'): 525.671, ('cu', 'pack'): 525.691, ('cu', 'd2h'): 526.566, ('gust', 'start'): 527.009, ('gust', 'h2d'): 527.107, ('gust', 'count'): 527.135, ('gust', 'scan'): 527.184, ('gust', 'expand'): 527.207, ('gust', 'sort'): 527.324, ('gust', 'reduce'): 527.366, ('gust', 'final'): 527.425, ('gust', 'pack'): 527.444, ('gust', 'd2h'): 528.256, ('outer', 'start'): 528.695, ('outer', 'h2d'): 528.795, ('outer', 'csc'): 528.877, ('outer', 'count'): 528.897, ('outer', 'scan'): 528.936, ('outer', 'expand'): 528.956, ('outer', 'sort'): 529.068, ('outer', 'reduce'): 529.109, ('outer', 'final'): 529.171, ('outer', 'pack'): 529.189, ('outer', 'd2h'): 530.026, ('colw', 'start'): 530.477, ('colw', 'h2d'): 530.578, ('colw', 'csc'): 530.66, ('colw', 'count'): 530.68, ('colw', 'scan'): 530.719, ('colw', 'expand'): 530.739, ('colw', 'sort'): 530.85, ('colw', 'reduce'): 530.89, ('colw', 'final'): 530.945, ('colw', 'pack'): 530.963, ('colw', 'd2h'): 531.787, ('inner', 'start'): 532.207, ('inner', 'h2d'): 532.317, ('inner', 'csc'): 532.399, ('inner', 'count'): 532.419, ('inner', 'scan'): 532.458, ('inner', 'expand'): 532.478, ('inner', 'sort'): 532.591, ('inner', 'reduce'): 532.631, ('inner', 'final'): 532.682, ('inner', 'numeric'): 532.708, ('inner', 'pack'): 532.726, ('inner', 'd2h'): 533.554}"
Highly sparse,bp_800,822,4534,0.6710237329876096,20224,20224,20224,20224,20224,0.0,,0.08799999999996544,0.20199999999999818,0.059000000000082764,0.8500000000000227,0.3490000000000464,1.458,,,,,1.443,,1.657,1.572,1.732,"{('cu', 'start'): 536.1, ('cu', 'h2d'): 536.231, ('cu', 'workest'): 536.319, ('cu', 'compute'): 536.521, ('cu', 'copy'): 536.58, ('cu', 'pack'): 536.6, ('cu', 'd2h'): 537.45, ('gust', 'start'): 537.845, ('gust', 'h2d'): 537.964, ('gust', 'count'): 538.001, ('gust', 'scan'): 538.049, ('gust', 'expand'): 538.101, ('gust', 'sort'): 538.226, ('gust', 'reduce'): 538.268, ('gust', 'final'): 538.325, ('gust', 'pack'): 538.344, ('gust', 'd2h'): 539.154, ('outer', 'start'): 539.622, ('outer', 'h2d'): 539.757, ('outer', 'csc'): 539.932, ('outer', 'count'): 539.952, ('outer', 'scan'): 540.01, ('outer', 'expand'): 540.064, ('outer', 'sort'): 540.187, ('outer', 'reduce'): 540.227, ('outer', 'final'): 540.286, ('outer', 'pack'): 540.304, ('outer', 'd2h'): 541.123, ('colw', 'start'): 541.563, ('colw', 'h2d'): 541.686, ('colw', 'csc'): 541.862, ('colw', 'count'): 541.883, ('colw', 'scan'): 541.922, ('colw', 'expand'): 541.944, ('colw', 'sort'): 542.068, ('colw', 'reduce'): 542.111, ('colw', 'final'): 542.165, ('colw', 'pack'): 542.183, ('colw', 'd2h'): 542.972, ('inner', 'start'): 543.409, ('inner', 'h2d'): 543.53, ('inner', 'csc'): 543.705, ('inner', 'count'): 543.734, ('inner', 'scan'): 543.773, ('inner', 'expand'): 543.822, ('inner', 'sort'): 543.945, ('inner', 'reduce'): 543.984, ('inner', 'final'): 544.045, ('inner', 'numeric'): 544.18, ('inner', 'pack'): 544.198, ('inner', 'd2h'): 545.007}"
Highly sparse,bcsstm05,153,153,0.6535947712418301,153,153,153,153,153,0.0,,0.08799999999996544,0.16800000000000637,0.059000000000082764,0.7970000000000255,0.31500000000005457,1.352,,,,,1.292,,1.323,1.344,1.313,"{('cu', 'start'): 531.195, ('cu', 'h2d'): 531.308, ('cu', 'workest'): 531.396, ('cu', 'compute'): 531.564, ('cu', 'copy'): 531.623, ('cu', 'pack'): 531.643, ('cu', 'd2h'): 532.44, ('gust', 'start'): 532.839, ('gust', 'h2d'): 532.957, ('gust', 'count'): 532.984, ('gust', 'scan'): 533.031, ('gust', 'expand'): 533.05, ('gust', 'sort'): 533.096, ('gust', 'reduce'): 533.136, ('gust', 'final'): 533.191, ('gust', 'pack'): 533.209, ('gust', 'd2h'): 533.997, ('outer', 'start'): 534.409, ('outer', 'h2d'): 534.517, ('outer', 'csc'): 534.594, ('outer', 'count'): 534.613, ('outer', 'scan'): 534.651, ('outer', 'expand'): 534.669, ('outer', 'sort'): 534.714, ('outer', 'reduce'): 534.751, ('outer', 'final'): 534.809, ('outer', 'pack'): 534.827, ('outer', 'd2h'): 535.589, ('colw', 'start'): 536.044, ('colw', 'h2d'): 536.152, ('colw', 'csc'): 536.226, ('colw', 'count'): 536.246, ('colw', 'scan'): 536.284, ('colw', 'expand'): 536.302, ('colw', 'sort'): 536.346, ('colw', 'reduce'): 536.383, ('colw', 'final'): 536.434, ('colw', 'pack'): 536.451, ('colw', 'd2h'): 537.235, ('inner', 'start'): 537.709, ('inner', 'h2d'): 537.814, ('inner', 'csc'): 537.888, ('inner', 'count'): 537.916, ('inner', 'scan'): 537.954, ('inner', 'expand'): 537.971, ('inner', 'sort'): 538.016, ('inner', 'reduce'): 538.05, ('inner', 'final'): 538.1, ('inner', 'numeric'): 538.121, ('inner', 'pack'): 538.139, ('inner', 'd2h'): 538.873}"
Highly sparse,bp_600,822,4172,0.6174483930357978,16464,16464,16464,16464,16464,0.0,,0.08899999999994179,0.20000000000004547,0.06100000000003547,0.9270000000000209,0.35000000000002274,1.514,,,,,1.518,,1.69,1.63,1.809,"{('cu', 'start'): 524.483, ('cu', 'h2d'): 524.59, ('cu', 'workest'): 524.679, ('cu', 'compute'): 524.879, ('cu', 'copy'): 524.94, ('cu', 'pack'): 524.959, ('cu', 'd2h'): 525.886, ('gust', 'start'): 526.279, ('gust', 'h2d'): 526.4, ('gust', 'count'): 526.439, ('gust', 'scan'): 526.488, ('gust', 'expand'): 526.534, ('gust', 'sort'): 526.655, ('gust', 'reduce'): 526.697, ('gust', 'final'): 526.756, ('gust', 'pack'): 526.775, ('gust', 'd2h'): 527.657, ('outer', 'start'): 528.13, ('outer', 'h2d'): 528.239, ('outer', 'csc'): 528.431, ('outer', 'count'): 528.452, ('outer', 'scan'): 528.491, ('outer', 'expand'): 528.542, ('outer', 'sort'): 528.658, ('outer', 'reduce'): 528.699, ('outer', 'final'): 528.761, ('outer', 'pack'): 528.78, ('outer', 'd2h'): 529.659, ('colw', 'start'): 530.097, ('colw', 'h2d'): 530.206, ('colw', 'csc'): 530.387, ('colw', 'count'): 530.408, ('colw', 'scan'): 530.449, ('colw', 'expand'): 530.471, ('colw', 'sort'): 530.586, ('colw', 'reduce'): 530.627, ('colw', 'final'): 530.682, ('colw', 'pack'): 530.701, ('colw', 'd2h'): 531.574, ('inner', 'start'): 532.0, ('inner', 'h2d'): 532.105, ('inner', 'csc'): 532.297, ('inner', 'count'): 532.327, ('inner', 'scan'): 532.367, ('inner', 'expand'): 532.411, ('inner', 'sort'): 532.529, ('inner', 'reduce'): 532.568, ('inner', 'final'): 532.623, ('inner', 'numeric'): 532.756, ('inner', 'pack'): 532.775, ('inner', 'd2h'): 533.665}"
Highly sparse,bp_400,822,4028,0.596136655596403,15238,15238,15238,15238,15238,0.0,,0.08300000000008367,0.20299999999997453,0.057999999999992724,0.8759999999999764,0.34400000000005093,1.451,,,,,1.446,,1.627,1.546,1.735,"{('cu', 'start'): 553.082, ('cu', 'h2d'): 553.189, ('cu', 'workest'): 553.272, ('cu', 'compute'): 553.475, ('cu', 'copy'): 553.533, ('cu', 'pack'): 553.552, ('cu', 'd2h'): 554.428, ('gust', 'start'): 554.806, ('gust', 'h2d'): 554.918, ('gust', 'count'): 554.955, ('gust', 'scan'): 555.014, ('gust', 'expand'): 555.061, ('gust', 'sort'): 555.181, ('gust', 'reduce'): 555.224, ('gust', 'final'): 555.284, ('gust', 'pack'): 555.302, ('gust', 'd2h'): 556.117, ('outer', 'start'): 556.575, ('outer', 'h2d'): 556.679, ('outer', 'csc'): 556.858, ('outer', 'count'): 556.878, ('outer', 'scan'): 556.916, ('outer', 'expand'): 556.989, ('outer', 'sort'): 557.107, ('outer', 'reduce'): 557.147, ('outer', 'final'): 557.201, ('outer', 'pack'): 557.22, ('outer', 'd2h'): 558.045, ('colw', 'start'): 558.464, ('colw', 'h2d'): 558.567, ('colw', 'csc'): 558.746, ('colw', 'count'): 558.769, ('colw', 'scan'): 558.807, ('colw', 'expand'): 558.829, ('colw', 'sort'): 558.943, ('colw', 'reduce'): 558.989, ('colw', 'final'): 559.043, ('colw', 'pack'): 559.061, ('colw', 'd2h'): 559.852, ('inner', 'start'): 560.275, ('inner', 'h2d'): 560.392, ('inner', 'csc'): 560.574, ('inner', 'count'): 560.604, ('inner', 'scan'): 560.643, ('inner', 'expand'): 560.688, ('inner', 'sort'): 560.804, ('inner', 'reduce'): 560.845, ('inner', 'final'): 560.899, ('inner', 'numeric'): 561.03, ('inner', 'pack'): 561.051, ('inner', 'd2h'): 561.866}"
Highly sparse,662_bus,662,2474,0.5645256980129791,6480,6480,6480,6480,6480,0.0,,0.08500000000003638,0.16899999999998272,0.06600000000003092,0.8199999999999363,0.32000000000005,1.364,,,,,1.346,,1.469,1.392,1.426,"{('cu', 'start'): 530.638, ('cu', 'h2d'): 530.733, ('cu', 'workest'): 530.818, ('cu', 'compute'): 530.987, ('cu', 'copy'): 531.053, ('cu', 'pack'): 531.075, ('cu', 'd2h'): 531.895, ('gust', 'start'): 532.282, ('gust', 'h2d'): 532.383, ('gust', 'count'): 532.41, ('gust', 'scan'): 532.457, ('gust', 'expand'): 532.479, ('gust', 'sort'): 532.598, ('gust', 'reduce'): 532.64, ('gust', 'final'): 532.697, ('gust', 'pack'): 532.716, ('gust', 'd2h'): 533.496, ('outer', 'start'): 533.889, ('outer', 'h2d'): 533.983, ('outer', 'csc'): 534.075, ('outer', 'count'): 534.095, ('outer', 'scan'): 534.133, ('outer', 'expand'): 534.153, ('outer', 'sort'): 534.27, ('outer', 'reduce'): 534.31, ('outer', 'final'): 534.37, ('outer', 'pack'): 534.388, ('outer', 'd2h'): 535.206, ('colw', 'start'): 535.68, ('colw', 'h2d'): 535.784, ('colw', 'csc'): 535.863, ('colw', 'count'): 535.883, ('colw', 'scan'): 535.921, ('colw', 'expand'): 535.941, ('colw', 'sort'): 536.056, ('colw', 'reduce'): 536.098, ('colw', 'final'): 536.151, ('colw', 'pack'): 536.17, ('colw', 'd2h'): 536.92, ('inner', 'start'): 537.331, ('inner', 'h2d'): 537.429, ('inner', 'csc'): 537.507, ('inner', 'count'): 537.527, ('inner', 'scan'): 537.564, ('inner', 'expand'): 537.584, ('inner', 'sort'): 537.698, ('inner', 'reduce'): 537.737, ('inner', 'final'): 537.789, ('inner', 'numeric'): 537.814, ('inner', 'pack'): 537.832, ('inner', 'd2h'): 538.624}"
Highly sparse,bp_200,822,3802,0.5626890676706863,13197,13197,13197,13197,13197,0.0,,0.10199999999997544,0.20800000000008367,0.06099999999992178,0.8969999999999345,0.3709999999999809,1.499,,,,,1.475,,1.692,1.6,1.761,"{('cu', 'start'): 524.159, ('cu', 'h2d'): 524.26, ('cu', 'workest'): 524.362, ('cu', 'compute'): 524.57, ('cu', 'copy'): 524.631, ('cu', 'pack'): 524.652, ('cu', 'd2h'): 525.549, ('gust', 'start'): 525.933, ('gust', 'h2d'): 526.035, ('gust', 'count'): 526.073, ('gust', 'scan'): 526.121, ('gust', 'expand'): 526.166, ('gust', 'sort'): 526.302, ('gust', 'reduce'): 526.348, ('gust', 'final'): 526.407, ('gust', 'pack'): 526.427, ('gust', 'd2h'): 527.243, ('outer', 'start'): 527.741, ('outer', 'h2d'): 527.858, ('outer', 'csc'): 528.06, ('outer', 'count'): 528.079, ('outer', 'scan'): 528.118, ('outer', 'expand'): 528.167, ('outer', 'sort'): 528.297, ('outer', 'reduce'): 528.341, ('outer', 'final'): 528.396, ('outer', 'pack'): 528.414, ('outer', 'd2h'): 529.259, ('colw', 'start'): 529.707, ('colw', 'h2d'): 529.815, ('colw', 'csc'): 530.015, ('colw', 'count'): 530.036, ('colw', 'scan'): 530.076, ('colw', 'expand'): 530.097, ('colw', 'sort'): 530.214, ('colw', 'reduce'): 530.254, ('colw', 'final'): 530.324, ('colw', 'pack'): 530.345, ('colw', 'd2h'): 531.148, ('inner', 'start'): 531.579, ('inner', 'h2d'): 531.687, ('inner', 'csc'): 531.886, ('inner', 'count'): 531.915, ('inner', 'scan'): 531.955, ('inner', 'expand'): 531.998, ('inner', 'sort'): 532.116, ('inner', 'reduce'): 532.155, ('inner', 'final'): 532.208, ('inner', 'numeric'): 532.335, ('inner', 'pack'): 532.356, ('inner', 'd2h'): 533.19}"
Highly sparse,bcsstm13,2003,21943,0.5469329704893483,90811,90811,90811,90811,90811,0.0,,0.08699999999998909,0.4350000000000591,0.07099999999991269,1.1160000000000991,0.5929999999999609,1.952,,,,,2.431,,2.595,2.539,2.59,"{('cu', 'start'): 548.733, ('cu', 'h2d'): 548.846, ('cu', 'workest'): 548.933, ('cu', 'compute'): 549.368, ('cu', 'copy'): 549.439, ('cu', 'pack'): 549.459, ('cu', 'd2h'): 550.575, ('gust', 'start'): 550.973, ('gust', 'h2d'): 551.092, ('gust', 'count'): 551.124, ('gust', 'scan'): 551.177, ('gust', 'expand'): 551.389, ('gust', 'sort'): 551.731, ('gust', 'reduce'): 551.908, ('gust', 'final'): 552.29, ('gust', 'pack'): 552.318, ('gust', 'd2h'): 553.271, ('outer', 'start'): 553.682, ('outer', 'h2d'): 553.798, ('outer', 'csc'): 553.926, ('outer', 'count'): 553.947, ('outer', 'scan'): 553.998, ('outer', 'expand'): 554.203, ('outer', 'sort'): 554.54, ('outer', 'reduce'): 554.712, ('outer', 'final'): 554.981, ('outer', 'pack'): 555.01, ('outer', 'd2h'): 555.942, ('colw', 'start'): 556.559, ('colw', 'h2d'): 556.679, ('colw', 'csc'): 556.809, ('colw', 'count'): 556.833, ('colw', 'scan'): 556.874, ('colw', 'expand'): 557.099, ('colw', 'sort'): 557.448, ('colw', 'reduce'): 557.621, ('colw', 'final'): 557.846, ('colw', 'pack'): 557.869, ('colw', 'd2h'): 558.8, ('inner', 'start'): 559.375, ('inner', 'h2d'): 559.493, ('inner', 'csc'): 559.618, ('inner', 'count'): 559.641, ('inner', 'scan'): 559.681, ('inner', 'expand'): 559.892, ('inner', 'sort'): 560.245, ('inner', 'reduce'): 560.427, ('inner', 'final'): 560.655, ('inner', 'numeric'): 560.853, ('inner', 'pack'): 560.876, ('inner', 'd2h'): 561.819}"
Highly sparse,bp_0,822,3276,0.4848420267462305,9384,9384,9384,9384,9384,0.0,,0.09699999999997999,0.18799999999998818,0.06700000000000728,0.8079999999999927,0.35199999999997544,1.385,,,,,1.456,,1.574,1.645,1.598,"{('cu', 'start'): 542.542, ('cu', 'h2d'): 542.65, ('cu', 'workest'): 542.747, ('cu', 'compute'): 542.935, ('cu', 'copy'): 543.002, ('cu', 'pack'): 543.024, ('cu', 'd2h'): 543.832, ('gust', 'start'): 544.196, ('gust', 'h2d'): 544.302, ('gust', 'count'): 544.358, ('gust', 'scan'): 544.412, ('gust', 'expand'): 544.454, ('gust', 'sort'): 544.578, ('gust', 'reduce'): 544.622, ('gust', 'final'): 544.683, ('gust', 'pack'): 544.705, ('gust', 'd2h'): 545.53, ('outer', 'start'): 545.916, ('outer', 'h2d'): 546.018, ('outer', 'csc'): 546.208, ('outer', 'count'): 546.231, ('outer', 'scan'): 546.271, ('outer', 'expand'): 546.324, ('outer', 'sort'): 546.443, ('outer', 'reduce'): 546.486, ('outer', 'final'): 546.551, ('outer', 'pack'): 546.571, ('outer', 'd2h'): 547.344, ('colw', 'start'): 547.756, ('colw', 'h2d'): 547.861, ('colw', 'csc'): 548.054, ('colw', 'count'): 548.078, ('colw', 'scan'): 548.116, ('colw', 'expand'): 548.14, ('colw', 'sort'): 548.258, ('colw', 'reduce'): 548.3, ('colw', 'final'): 548.384, ('colw', 'pack'): 548.409, ('colw', 'd2h'): 549.252, ('inner', 'start'): 549.671, ('inner', 'h2d'): 549.771, ('inner', 'csc'): 549.961, ('inner', 'count'): 549.99, ('inner', 'scan'): 550.028, ('inner', 'expand'): 550.069, ('inner', 'sort'): 550.188, ('inner', 'reduce'): 550.23, ('inner', 'final'): 550.285, ('inner', 'numeric'): 550.375, ('inner', 'pack'): 550.4, ('inner', 'd2h'): 551.152}"
Highly sparse,bcsstk23,3134,45178,0.45996948062076437,220632,220632,220632,220632,220632,0.0,,0.09400000000005093,0.39800000000002456,0.1369999999999436,1.4060000000000628,0.6290000000000191,2.45,,,,,3.011,,3.071,3.018,3.137,"{('cu', 'start'): 563.595, ('cu', 'h2d'): 563.742, ('cu', 'workest'): 563.836, ('cu', 'compute'): 564.234, ('cu', 'copy'): 564.371, ('cu', 'pack'): 564.454, ('cu', 'd2h'): 565.86, ('gust', 'start'): 566.317, ('gust', 'h2d'): 566.448, ('gust', 'count'): 566.484, ('gust', 'scan'): 566.533, ('gust', 'expand'): 566.778, ('gust', 'sort'): 567.121, ('gust', 'reduce'): 567.302, ('gust', 'final'): 567.741, ('gust', 'pack'): 567.832, ('gust', 'd2h'): 569.047, ('outer', 'start'): 569.602, ('outer', 'h2d'): 569.746, ('outer', 'csc'): 569.854, ('outer', 'count'): 569.873, ('outer', 'scan'): 569.914, ('outer', 'expand'): 570.122, ('outer', 'sort'): 570.461, ('outer', 'reduce'): 570.635, ('outer', 'final'): 570.943, ('outer', 'pack'): 571.033, ('outer', 'd2h'): 572.232, ('colw', 'start'): 572.96, ('colw', 'h2d'): 573.093, ('colw', 'csc'): 573.198, ('colw', 'count'): 573.22, ('colw', 'scan'): 573.259, ('colw', 'expand'): 573.471, ('colw', 'sort'): 573.808, ('colw', 'reduce'): 573.988, ('colw', 'final'): 574.268, ('colw', 'pack'): 574.35, ('colw', 'd2h'): 575.54, ('inner', 'start'): 576.25, ('inner', 'h2d'): 576.381, ('inner', 'csc'): 576.483, ('inner', 'count'): 576.504, ('inner', 'scan'): 576.544, ('inner', 'expand'): 576.797, ('inner', 'sort'): 577.14, ('inner', 'reduce'): 577.312, ('inner', 'final'): 577.594, ('inner', 'numeric'): 577.796, ('inner', 'pack'): 577.885, ('inner', 'd2h'): 579.113}"
Highly sparse,bcsstk17,10974,428650,0.35593682023042417,1406936,1406936,1406936,1406936,1406936,0.0,,0.4329999999999927,1.8929999999999154,0.20400000000006457,7.261000000000081,2.5299999999999727,10.912,,,,,12.887,,12.829,12.829,13.107,"{('cu', 'start'): 655.789, ('cu', 'h2d'): 656.556, ('cu', 'workest'): 656.989, ('cu', 'compute'): 658.882, ('cu', 'copy'): 659.086, ('cu', 'pack'): 659.185, ('cu', 'd2h'): 666.446, ('gust', 'start'): 667.824, ('gust', 'h2d'): 668.575, ('gust', 'count'): 668.861, ('gust', 'scan'): 668.923, ('gust', 'expand'): 669.351, ('gust', 'sort'): 672.004, ('gust', 'reduce'): 672.419, ('gust', 'final'): 673.153, ('gust', 'pack'): 673.25, ('gust', 'd2h'): 680.243, ('outer', 'start'): 681.821, ('outer', 'h2d'): 682.569, ('outer', 'csc'): 683.071, ('outer', 'count'): 683.101, ('outer', 'scan'): 683.145, ('outer', 'expand'): 683.489, ('outer', 'sort'): 686.121, ('outer', 'reduce'): 686.537, ('outer', 'final'): 687.071, ('outer', 'pack'): 687.165, ('outer', 'd2h'): 693.877, ('colw', 'start'): 695.759, ('colw', 'h2d'): 696.529, ('colw', 'csc'): 697.09, ('colw', 'count'): 697.127, ('colw', 'scan'): 697.173, ('colw', 'expand'): 697.545, ('colw', 'sort'): 700.168, ('colw', 'reduce'): 700.559, ('colw', 'final'): 701.061, ('colw', 'pack'): 701.15, ('colw', 'd2h'): 707.841, ('inner', 'start'): 709.698, ('inner', 'h2d'): 710.466, ('inner', 'csc'): 711.021, ('inner', 'count'): 711.058, ('inner', 'scan'): 711.104, ('inner', 'expand'): 711.461, ('inner', 'sort'): 714.094, ('inner', 'reduce'): 714.486, ('inner', 'final'): 714.993, ('inner', 'numeric'): 715.452, ('inner', 'pack'): 715.574, ('inner', 'd2h'): 722.262}"
Highly sparse,blckhole,2132,14872,0.3271861986912552,41546,41546,41546,41546,41546,0.0,,0.08600000000001273,0.31899999999996,0.07100000000002638,1.134999999999991,0.4759999999999991,1.83,,,,,1.91,,2.091,1.991,1.997,"{('cu', 'start'): 532.981, ('cu', 'h2d'): 533.086, ('cu', 'workest'): 533.172, ('cu', 'compute'): 533.491, ('cu', 'copy'): 533.562, ('cu', 'pack'): 533.582, ('cu', 'd2h'): 534.717, ('gust', 'start'): 535.085, ('gust', 'h2d'): 535.192, ('gust', 'count'): 535.221, ('gust', 'scan'): 535.266, ('gust', 'expand'): 535.293, ('gust', 'sort'): 535.622, ('gust', 'reduce'): 535.737, ('gust', 'final'): 535.797, ('gust', 'pack'): 535.816, ('gust', 'd2h'): 536.817, ('outer', 'start'): 537.264, ('outer', 'h2d'): 537.37, ('outer', 'csc'): 537.457, ('outer', 'count'): 537.501, ('outer', 'scan'): 537.542, ('outer', 'expand'): 537.567, ('outer', 'sort'): 537.908, ('outer', 'reduce'): 538.014, ('outer', 'final'): 538.089, ('outer', 'pack'): 538.108, ('outer', 'd2h'): 539.115, ('colw', 'start'): 539.648, ('colw', 'h2d'): 539.759, ('colw', 'csc'): 539.848, ('colw', 'count'): 539.87, ('colw', 'scan'): 539.907, ('colw', 'expand'): 539.932, ('colw', 'sort'): 540.257, ('colw', 'reduce'): 540.36, ('colw', 'final'): 540.421, ('colw', 'pack'): 540.44, ('colw', 'd2h'): 541.425, ('inner', 'start'): 541.913, ('inner', 'h2d'): 542.02, ('inner', 'csc'): 542.107, ('inner', 'count'): 542.127, ('inner', 'scan'): 542.163, ('inner', 'expand'): 542.189, ('inner', 'sort'): 542.541, ('inner', 'reduce'): 542.656, ('inner', 'final'): 542.716, ('inner', 'numeric'): 542.751, ('inner', 'pack'): 542.771, ('inner', 'd2h'): 543.732}"
Highly sparse,bcsstk29,13992,619488,0.31642683346621986,1965686,1965686,1965686,1965686,1965686,0.0,,0.4820000000000846,2.490000000000009,0.2299999999999045,10.038000000000011,3.201999999999998,14.891,,,,,17.551,,17.897,17.934,18.233,"{('cu', 'start'): 668.393, ('cu', 'h2d'): 669.656, ('cu', 'workest'): 670.138, ('cu', 'compute'): 672.628, ('cu', 'copy'): 672.858, ('cu', 'pack'): 672.953, ('cu', 'd2h'): 682.991, ('gust', 'start'): 684.837, ('gust', 'h2d'): 686.024, ('gust', 'count'): 686.27, ('gust', 'scan'): 686.329, ('gust', 'expand'): 686.925, ('gust', 'sort'): 691.003, ('gust', 'reduce'): 691.5, ('gust', 'final'): 692.363, ('gust', 'pack'): 692.481, ('gust', 'd2h'): 701.85, ('outer', 'start'): 703.933, ('outer', 'h2d'): 705.078, ('outer', 'csc'): 705.667, ('outer', 'count'): 705.7, ('outer', 'scan'): 705.747, ('outer', 'expand'): 706.177, ('outer', 'sort'): 710.241, ('outer', 'reduce'): 710.743, ('outer', 'final'): 711.328, ('outer', 'pack'): 711.473, ('outer', 'd2h'): 720.912, ('colw', 'start'): 723.369, ('colw', 'h2d'): 724.517, ('colw', 'csc'): 725.12, ('colw', 'count'): 725.158, ('colw', 'scan'): 725.205, ('colw', 'expand'): 725.683, ('colw', 'sort'): 729.735, ('colw', 'reduce'): 730.228, ('colw', 'final'): 730.792, ('colw', 'pack'): 730.938, ('colw', 'd2h'): 740.394, ('inner', 'start'): 742.896, ('inner', 'h2d'): 744.032, ('inner', 'csc'): 744.618, ('inner', 'count'): 744.656, ('inner', 'scan'): 744.705, ('inner', 'expand'): 745.186, ('inner', 'sort'): 749.254, ('inner', 'reduce'): 749.739, ('inner', 'final'): 750.292, ('inner', 'numeric'): 750.927, ('inner', 'pack'): 751.08, ('inner', 'd2h'): 760.475}"
Highly sparse,1138_bus,1138,4054,0.31303955695713814,11142,11142,11142,11142,11142,0.0,,0.09500000000002728,0.17700000000002092,0.06100000000003547,0.8429999999999609,0.3330000000000837,1.406,,,,,1.378,,1.478,1.458,1.49,"{('cu', 'start'): 613.038, ('cu', 'h2d'): 613.146, ('cu', 'workest'): 613.241, ('cu', 'compute'): 613.418, ('cu', 'copy'): 613.479, ('cu', 'pack'): 613.499, ('cu', 'd2h'): 614.342, ('gust', 'start'): 614.73, ('gust', 'h2d'): 614.846, ('gust', 'count'): 614.872, ('gust', 'scan'): 614.919, ('gust', 'expand'): 614.942, ('gust', 'sort'): 615.061, ('gust', 'reduce'): 615.102, ('gust', 'final'): 615.159, ('gust', 'pack'): 615.177, ('gust', 'd2h'): 615.978, ('outer', 'start'): 616.381, ('outer', 'h2d'): 616.492, ('outer', 'csc'): 616.575, ('outer', 'count'): 616.595, ('outer', 'scan'): 616.632, ('outer', 'expand'): 616.653, ('outer', 'sort'): 616.767, ('outer', 'reduce'): 616.806, ('outer', 'final'): 616.865, ('outer', 'pack'): 616.883, ('outer', 'd2h'): 617.708, ('colw', 'start'): 618.127, ('colw', 'h2d'): 618.243, ('colw', 'csc'): 618.33, ('colw', 'count'): 618.352, ('colw', 'scan'): 618.389, ('colw', 'expand'): 618.412, ('colw', 'sort'): 618.526, ('colw', 'reduce'): 618.566, ('colw', 'final'): 618.62, ('colw', 'pack'): 618.637, ('colw', 'd2h'): 619.447, ('inner', 'start'): 619.85, ('inner', 'h2d'): 619.952, ('inner', 'csc'): 620.033, ('inner', 'count'): 620.054, ('inner', 'scan'): 620.091, ('inner', 'expand'): 620.113, ('inner', 'sort'): 620.246, ('inner', 'reduce'): 620.288, ('inner', 'final'): 620.353, ('inner', 'numeric'): 620.381, ('inner', 'pack'): 620.403, ('inner', 'd2h'): 621.197}"
Highly sparse,bcspwr06,1454,5300,0.25069579909522466,14110,14110,14110,14110,14110,0.0,,0.08699999999998909,0.18100000000004002,0.06100000000003547,0.8429999999999609,0.3290000000000646,1.405,,,,,1.396,,1.478,1.415,1.489,"{('cu', 'start'): 525.433, ('cu', 'h2d'): 525.54, ('cu', 'workest'): 525.627, ('cu', 'compute'): 525.808, ('cu', 'copy'): 525.869, ('cu', 'pack'): 525.888, ('cu', 'd2h'): 526.731, ('gust', 'start'): 527.102, ('gust', 'h2d'): 527.222, ('gust', 'count'): 527.249, ('gust', 'scan'): 527.307, ('gust', 'expand'): 527.332, ('gust', 'sort'): 527.456, ('gust', 'reduce'): 527.497, ('gust', 'final'): 527.556, ('gust', 'pack'): 527.574, ('gust', 'd2h'): 528.365, ('outer', 'start'): 528.759, ('outer', 'h2d'): 528.867, ('outer', 'csc'): 528.947, ('outer', 'count'): 528.969, ('outer', 'scan'): 529.007, ('outer', 'expand'): 529.03, ('outer', 'sort'): 529.149, ('outer', 'reduce'): 529.188, ('outer', 'final'): 529.245, ('outer', 'pack'): 529.262, ('outer', 'd2h'): 530.084, ('colw', 'start'): 530.586, ('colw', 'h2d'): 530.696, ('colw', 'csc'): 530.776, ('colw', 'count'): 530.796, ('colw', 'scan'): 530.834, ('colw', 'expand'): 530.856, ('colw', 'sort'): 530.974, ('colw', 'reduce'): 531.014, ('colw', 'final'): 531.068, ('colw', 'pack'): 531.085, ('colw', 'd2h'): 531.859, ('inner', 'start'): 532.26, ('inner', 'h2d'): 532.387, ('inner', 'csc'): 532.466, ('inner', 'count'): 532.487, ('inner', 'scan'): 532.526, ('inner', 'expand'): 532.547, ('inner', 'sort'): 532.666, ('inner', 'reduce'): 532.705, ('inner', 'final'): 532.759, ('inner', 'numeric'): 532.786, ('inner', 'pack'): 532.803, ('inner', 'd2h'): 533.616}"
Highly sparse,bcsstk30,28924,2043492,0.24426218412514641,8946070,8946070,8946070,8946070,8946070,0.0,,0.37199999999984357,7.8120000000001255,0.26499999999987267,33.240999999999985,8.448999999999842,45.096,,,,,64.242,,64.466,64.153,67.126,"{('cu', 'start'): 1037.803, ('cu', 'h2d'): 1040.392, ('cu', 'workest'): 1040.764, ('cu', 'compute'): 1048.576, ('cu', 'copy'): 1048.841, ('cu', 'pack'): 1048.914, ('cu', 'd2h'): 1082.155, ('gust', 'start'): 1089.516, ('gust', 'h2d'): 1092.075, ('gust', 'count'): 1092.264, ('gust', 'scan'): 1092.314, ('gust', 'expand'): 1094.56, ('gust', 'sort'): 1116.189, ('gust', 'reduce'): 1118.128, ('gust', 'final'): 1120.791, ('gust', 'pack'): 1120.871, ('gust', 'd2h'): 1152.568, ('outer', 'start'): 1160.397, ('outer', 'h2d'): 1162.956, ('outer', 'csc'): 1163.578, ('outer', 'count'): 1163.603, ('outer', 'scan'): 1163.65, ('outer', 'expand'): 1165.245, ('outer', 'sort'): 1186.628, ('outer', 'reduce'): 1188.598, ('outer', 'final'): 1190.483, ('outer', 'pack'): 1190.57, ('outer', 'd2h'): 1223.052, ('colw', 'start'): 1231.607, ('colw', 'h2d'): 1234.448, ('colw', 'csc'): 1235.041, ('colw', 'count'): 1235.08, ('colw', 'scan'): 1235.119, ('colw', 'expand'): 1237.265, ('colw', 'sort'): 1258.604, ('colw', 'reduce'): 1260.585, ('colw', 'final'): 1262.443, ('colw', 'pack'): 1262.526, ('colw', 'd2h'): 1293.934, ('inner', 'start'): 1302.374, ('inner', 'h2d'): 1305.184, ('inner', 'csc'): 1305.815, ('inner', 'count'): 1305.853, ('inner', 'scan'): 1305.892, ('inner', 'expand'): 1307.964, ('inner', 'sort'): 1329.509, ('inner', 'reduce'): 1331.464, ('inner', 'final'): 1333.355, ('inner', 'numeric'): 1336.392, ('inner', 'pack'): 1336.756, ('inner', 'd2h'): 1368.386}"
Highly sparse,bcsstm06,420,420,0.2380952380952381,420,420,420,420,420,0.0,,0.08600000000001273,0.16999999999995907,0.05700000000001637,0.8670000000000755,0.3129999999999882,1.406,,,,,1.317,,1.402,1.362,1.398,"{('cu', 'start'): 515.589, ('cu', 'h2d'): 515.688, ('cu', 'workest'): 515.774, ('cu', 'compute'): 515.944, ('cu', 'copy'): 516.001, ('cu', 'pack'): 516.021, ('cu', 'd2h'): 516.888, ('gust', 'start'): 517.269, ('gust', 'h2d'): 517.363, ('gust', 'count'): 517.389, ('gust', 'scan'): 517.435, ('gust', 'expand'): 517.454, ('gust', 'sort'): 517.513, ('gust', 'reduce'): 517.553, ('gust', 'final'): 517.61, ('gust', 'pack'): 517.628, ('gust', 'd2h'): 518.417, ('outer', 'start'): 518.86, ('outer', 'h2d'): 518.959, ('outer', 'csc'): 519.038, ('outer', 'count'): 519.059, ('outer', 'scan'): 519.098, ('outer', 'expand'): 519.116, ('outer', 'sort'): 519.16, ('outer', 'reduce'): 519.198, ('outer', 'final'): 519.259, ('outer', 'pack'): 519.278, ('outer', 'd2h'): 520.115, ('colw', 'start'): 520.556, ('colw', 'h2d'): 520.654, ('colw', 'csc'): 520.731, ('colw', 'count'): 520.751, ('colw', 'scan'): 520.789, ('colw', 'expand'): 520.807, ('colw', 'sort'): 520.851, ('colw', 'reduce'): 520.888, ('colw', 'final'): 520.939, ('colw', 'pack'): 520.958, ('colw', 'd2h'): 521.761, ('inner', 'start'): 522.233, ('inner', 'h2d'): 522.325, ('inner', 'csc'): 522.4, ('inner', 'count'): 522.419, ('inner', 'scan'): 522.456, ('inner', 'expand'): 522.493, ('inner', 'sort'): 522.541, ('inner', 'reduce'): 522.579, ('inner', 'final'): 522.628, ('inner', 'numeric'): 522.65, ('inner', 'pack'): 522.669, ('inner', 'd2h'): 523.494}"
Highly sparse,bcspwr08,1624,6050,0.22939467106699993,16916,16916,16916,16916,16916,0.0,,0.1049999999999045,0.19600000000002638,0.08500000000003638,0.8870000000000573,0.38599999999996726,1.539,,,,,1.551,,1.575,1.537,1.575,"{('cu', 'start'): 562.774, ('cu', 'h2d'): 562.897, ('cu', 'workest'): 563.002, ('cu', 'compute'): 563.198, ('cu', 'copy'): 563.283, ('cu', 'pack'): 563.31, ('cu', 'd2h'): 564.197, ('gust', 'start'): 564.593, ('gust', 'h2d'): 564.716, ('gust', 'count'): 564.745, ('gust', 'scan'): 564.801, ('gust', 'expand'): 564.828, ('gust', 'sort'): 564.97, ('gust', 'reduce'): 565.064, ('gust', 'final'): 565.15, ('gust', 'pack'): 565.176, ('gust', 'd2h'): 566.017, ('outer', 'start'): 566.427, ('outer', 'h2d'): 566.551, ('outer', 'csc'): 566.647, ('outer', 'count'): 566.668, ('outer', 'scan'): 566.708, ('outer', 'expand'): 566.732, ('outer', 'sort'): 566.865, ('outer', 'reduce'): 566.908, ('outer', 'final'): 566.977, ('outer', 'pack'): 566.999, ('outer', 'd2h'): 567.851, ('colw', 'start'): 568.285, ('colw', 'h2d'): 568.424, ('colw', 'csc'): 568.52, ('colw', 'count'): 568.545, ('colw', 'scan'): 568.586, ('colw', 'expand'): 568.609, ('colw', 'sort'): 568.741, ('colw', 'reduce'): 568.783, ('colw', 'final'): 568.845, ('colw', 'pack'): 568.865, ('colw', 'd2h'): 569.688, ('inner', 'start'): 570.088, ('inner', 'h2d'): 570.197, ('inner', 'csc'): 570.315, ('inner', 'count'): 570.337, ('inner', 'scan'): 570.379, ('inner', 'expand'): 570.401, ('inner', 'sort'): 570.535, ('inner', 'reduce'): 570.577, ('inner', 'final'): 570.637, ('inner', 'numeric'): 570.665, ('inner', 'pack'): 570.686, ('inner', 'd2h'): 571.538}"
Highly sparse,bcspwr07,1612,5824,0.22412551028576003,15684,15684,15684,15684,15684,0.0,,0.09100000000000819,0.18600000000003547,0.06100000000003547,0.9420000000000073,0.3380000000000791,1.536,,,,,1.512,,1.59,1.56,1.587,"{('cu', 'start'): 519.761, ('cu', 'h2d'): 519.887, ('cu', 'workest'): 519.978, ('cu', 'compute'): 520.164, ('cu', 'copy'): 520.225, ('cu', 'pack'): 520.245, ('cu', 'd2h'): 521.187, ('gust', 'start'): 521.631, ('gust', 'h2d'): 521.741, ('gust', 'count'): 521.769, ('gust', 'scan'): 521.817, ('gust', 'expand'): 521.842, ('gust', 'sort'): 521.984, ('gust', 'reduce'): 522.027, ('gust', 'final'): 522.086, ('gust', 'pack'): 522.106, ('gust', 'd2h'): 523.003, ('outer', 'start'): 523.42, ('outer', 'h2d'): 523.536, ('outer', 'csc'): 523.624, ('outer', 'count'): 523.644, ('outer', 'scan'): 523.683, ('outer', 'expand'): 523.704, ('outer', 'sort'): 523.828, ('outer', 'reduce'): 523.879, ('outer', 'final'): 523.94, ('outer', 'pack'): 523.958, ('outer', 'd2h'): 524.833, ('colw', 'start'): 525.29, ('colw', 'h2d'): 525.408, ('colw', 'csc'): 525.493, ('colw', 'count'): 525.515, ('colw', 'scan'): 525.554, ('colw', 'expand'): 525.577, ('colw', 'sort'): 525.7, ('colw', 'reduce'): 525.739, ('colw', 'final'): 525.794, ('colw', 'pack'): 525.813, ('colw', 'd2h'): 526.697, ('inner', 'start'): 527.14, ('inner', 'h2d'): 527.253, ('inner', 'csc'): 527.339, ('inner', 'count'): 527.36, ('inner', 'scan'): 527.4, ('inner', 'expand'): 527.423, ('inner', 'sort'): 527.548, ('inner', 'reduce'): 527.587, ('inner', 'final'): 527.643, ('inner', 'numeric'): 527.671, ('inner', 'pack'): 527.689, ('inner', 'd2h'): 528.585}"
Highly sparse,bcspwr09,1723,6511,0.21931944613334525,18485,18485,18485,18485,18485,0.0,,0.08600000000001273,0.17200000000002547,0.07400000000006912,0.87399999999991,0.3320000000001073,1.487,,,,,1.446,,1.537,1.564,1.562,"{('cu', 'start'): 521.63, ('cu', 'h2d'): 521.762, ('cu', 'workest'): 521.848, ('cu', 'compute'): 522.02, ('cu', 'copy'): 522.094, ('cu', 'pack'): 522.118, ('cu', 'd2h'): 522.992, ('gust', 'start'): 523.39, ('gust', 'h2d'): 523.505, ('gust', 'count'): 523.533, ('gust', 'scan'): 523.582, ('gust', 'expand'): 523.609, ('gust', 'sort'): 523.74, ('gust', 'reduce'): 523.783, ('gust', 'final'): 523.844, ('gust', 'pack'): 523.864, ('gust', 'd2h'): 524.696, ('outer', 'start'): 525.128, ('outer', 'h2d'): 525.245, ('outer', 'csc'): 525.332, ('outer', 'count'): 525.353, ('outer', 'scan'): 525.392, ('outer', 'expand'): 525.414, ('outer', 'sort'): 525.539, ('outer', 'reduce'): 525.578, ('outer', 'final'): 525.636, ('outer', 'pack'): 525.654, ('outer', 'd2h'): 526.506, ('colw', 'start'): 526.992, ('colw', 'h2d'): 527.121, ('colw', 'csc'): 527.208, ('colw', 'count'): 527.229, ('colw', 'scan'): 527.268, ('colw', 'expand'): 527.292, ('colw', 'sort'): 527.416, ('colw', 'reduce'): 527.454, ('colw', 'final'): 527.51, ('colw', 'pack'): 527.528, ('colw', 'd2h'): 528.404, ('inner', 'start'): 528.826, ('inner', 'h2d'): 528.933, ('inner', 'csc'): 529.021, ('inner', 'count'): 529.042, ('inner', 'scan'): 529.096, ('inner', 'expand'): 529.119, ('inner', 'sort'): 529.244, ('inner', 'reduce'): 529.284, ('inner', 'final'): 529.339, ('inner', 'numeric'): 529.369, ('inner', 'pack'): 529.388, ('inner', 'd2h'): 530.248}"
Highly sparse,bcsstm20,485,485,0.2061855670103093,485,485,485,485,485,0.0,,0.08199999999999363,0.17000000000007276,0.05899999999996908,0.8170000000000073,0.31100000000003547,1.349,,,,,1.238,,1.33,1.316,1.327,"{('cu', 'start'): 528.266, ('cu', 'h2d'): 528.361, ('cu', 'workest'): 528.443, ('cu', 'compute'): 528.613, ('cu', 'copy'): 528.672, ('cu', 'pack'): 528.691, ('cu', 'd2h'): 529.508, ('gust', 'start'): 529.878, ('gust', 'h2d'): 529.97, ('gust', 'count'): 529.995, ('gust', 'scan'): 530.041, ('gust', 'expand'): 530.061, ('gust', 'sort'): 530.108, ('gust', 'reduce'): 530.148, ('gust', 'final'): 530.204, ('gust', 'pack'): 530.221, ('gust', 'd2h'): 530.987, ('outer', 'start'): 531.384, ('outer', 'h2d'): 531.476, ('outer', 'csc'): 531.551, ('outer', 'count'): 531.569, ('outer', 'scan'): 531.607, ('outer', 'expand'): 531.626, ('outer', 'sort'): 531.671, ('outer', 'reduce'): 531.708, ('outer', 'final'): 531.766, ('outer', 'pack'): 531.783, ('outer', 'd2h'): 532.574, ('colw', 'start'): 532.985, ('colw', 'h2d'): 533.077, ('colw', 'csc'): 533.148, ('colw', 'count'): 533.167, ('colw', 'scan'): 533.205, ('colw', 'expand'): 533.223, ('colw', 'sort'): 533.275, ('colw', 'reduce'): 533.312, ('colw', 'final'): 533.364, ('colw', 'pack'): 533.382, ('colw', 'd2h'): 534.139, ('inner', 'start'): 534.611, ('inner', 'h2d'): 534.701, ('inner', 'csc'): 534.773, ('inner', 'count'): 534.792, ('inner', 'scan'): 534.829, ('inner', 'expand'): 534.847, ('inner', 'sort'): 534.891, ('inner', 'reduce'): 534.929, ('inner', 'final'): 534.978, ('inner', 'numeric'): 535.001, ('inner', 'pack'): 535.019, ('inner', 'd2h'): 535.807}"
Highly sparse,bcsstk21,3600,26600,0.2052469135802469,93072,93072,93072,93072,93072,0.0,,0.10900000000003729,0.5130000000000337,0.07599999999990814,0.9629999999999654,0.6979999999999791,1.931,,,,,2.357,,2.502,2.576,2.46,"{('cu', 'start'): 566.551, ('cu', 'h2d'): 566.698, ('cu', 'workest'): 566.807, ('cu', 'compute'): 567.32, ('cu', 'copy'): 567.396, ('cu', 'pack'): 567.421, ('cu', 'd2h'): 568.384, ('gust', 'start'): 568.752, ('gust', 'h2d'): 568.884, ('gust', 'count'): 568.915, ('gust', 'scan'): 568.967, ('gust', 'expand'): 569.284, ('gust', 'sort'): 569.77, ('gust', 'reduce'): 569.89, ('gust', 'final'): 569.963, ('gust', 'pack'): 569.988, ('gust', 'd2h'): 570.869, ('outer', 'start'): 571.39, ('outer', 'h2d'): 571.531, ('outer', 'csc'): 571.633, ('outer', 'count'): 571.656, ('outer', 'scan'): 571.701, ('outer', 'expand'): 572.043, ('outer', 'sort'): 572.538, ('outer', 'reduce'): 572.666, ('outer', 'final'): 572.748, ('outer', 'pack'): 572.772, ('outer', 'd2h'): 573.633, ('colw', 'start'): 574.169, ('colw', 'h2d'): 574.328, ('colw', 'csc'): 574.429, ('colw', 'count'): 574.453, ('colw', 'scan'): 574.494, ('colw', 'expand'): 574.832, ('colw', 'sort'): 575.395, ('colw', 'reduce'): 575.52, ('colw', 'final'): 575.594, ('colw', 'pack'): 575.617, ('colw', 'd2h'): 576.499, ('inner', 'start'): 577.014, ('inner', 'h2d'): 577.136, ('inner', 'csc'): 577.247, ('inner', 'count'): 577.269, ('inner', 'scan'): 577.314, ('inner', 'expand'): 577.649, ('inner', 'sort'): 578.128, ('inner', 'reduce'): 578.252, ('inner', 'final'): 578.326, ('inner', 'numeric'): 578.36, ('inner', 'pack'): 578.383, ('inner', 'd2h'): 579.21}"
Highly sparse,bcsstm19,817,817,0.12239902080783352,817,817,817,817,817,0.0,,0.08599999999989905,0.1710000000000491,0.06000000000005912,0.8759999999999764,0.3170000000000073,1.42,,,,,1.306,,1.375,1.373,1.386,"{('cu', 'start'): 516.203, ('cu', 'h2d'): 516.301, ('cu', 'workest'): 516.387, ('cu', 'compute'): 516.558, ('cu', 'copy'): 516.618, ('cu', 'pack'): 516.638, ('cu', 'd2h'): 517.514, ('gust', 'start'): 517.894, ('gust', 'h2d'): 518.001, ('gust', 'count'): 518.027, ('gust', 'scan'): 518.074, ('gust', 'expand'): 518.096, ('gust', 'sort'): 518.143, ('gust', 'reduce'): 518.184, ('gust', 'final'): 518.243, ('gust', 'pack'): 518.261, ('gust', 'd2h'): 519.064, ('outer', 'start'): 519.467, ('outer', 'h2d'): 519.561, ('outer', 'csc'): 519.639, ('outer', 'count'): 519.658, ('outer', 'scan'): 519.697, ('outer', 'expand'): 519.717, ('outer', 'sort'): 519.763, ('outer', 'reduce'): 519.8, ('outer', 'final'): 519.86, ('outer', 'pack'): 519.878, ('outer', 'd2h'): 520.696, ('colw', 'start'): 521.13, ('colw', 'h2d'): 521.228, ('colw', 'csc'): 521.306, ('colw', 'count'): 521.325, ('colw', 'scan'): 521.364, ('colw', 'expand'): 521.383, ('colw', 'sort'): 521.428, ('colw', 'reduce'): 521.466, ('colw', 'final'): 521.518, ('colw', 'pack'): 521.547, ('colw', 'd2h'): 522.349, ('inner', 'start'): 522.821, ('inner', 'h2d'): 522.914, ('inner', 'csc'): 522.999, ('inner', 'count'): 523.02, ('inner', 'scan'): 523.059, ('inner', 'expand'): 523.078, ('inner', 'sort'): 523.121, ('inner', 'reduce'): 523.158, ('inner', 'final'): 523.209, ('inner', 'numeric'): 523.23, ('inner', 'pack'): 523.248, ('inner', 'd2h'): 524.074}"
Highly sparse,bcsstk25,15439,252241,0.10582233620331932,1168919,1168919,1168919,1168919,1168919,0.0,,0.6179999999999382,0.7200000000000273,0.20699999999999363,6.182999999999993,1.544999999999959,8.53,,,,,9.094,,9.34,9.481,9.439,"{('cu', 'start'): 623.4, ('cu', 'h2d'): 623.865, ('cu', 'workest'): 624.483, ('cu', 'compute'): 625.203, ('cu', 'copy'): 625.41, ('cu', 'pack'): 625.543, ('cu', 'd2h'): 631.726, ('gust', 'start'): 632.885, ('gust', 'h2d'): 633.35, ('gust', 'count'): 633.614, ('gust', 'scan'): 633.675, ('gust', 'expand'): 633.943, ('gust', 'sort'): 634.875, ('gust', 'reduce'): 635.119, ('gust', 'final'): 635.678, ('gust', 'pack'): 635.774, ('gust', 'd2h'): 641.55, ('outer', 'start'): 642.984, ('outer', 'h2d'): 643.414, ('outer', 'csc'): 643.957, ('outer', 'count'): 643.986, ('outer', 'scan'): 644.032, ('outer', 'expand'): 644.244, ('outer', 'sort'): 645.16, ('outer', 'reduce'): 645.386, ('outer', 'final'): 645.807, ('outer', 'pack'): 645.904, ('outer', 'd2h'): 651.623, ('colw', 'start'): 653.284, ('colw', 'h2d'): 653.706, ('colw', 'csc'): 654.24, ('colw', 'count'): 654.276, ('colw', 'scan'): 654.324, ('colw', 'expand'): 654.554, ('colw', 'sort'): 655.461, ('colw', 'reduce'): 655.688, ('colw', 'final'): 656.089, ('colw', 'pack'): 656.19, ('colw', 'd2h'): 662.086, ('inner', 'start'): 663.707, ('inner', 'h2d'): 664.156, ('inner', 'csc'): 664.597, ('inner', 'count'): 664.628, ('inner', 'scan'): 664.672, ('inner', 'expand'): 664.876, ('inner', 'sort'): 665.789, ('inner', 'reduce'): 666.015, ('inner', 'final'): 666.427, ('inner', 'numeric'): 666.718, ('inner', 'pack'): 666.818, ('inner', 'd2h'): 672.622}"
Highly sparse,bcsstk18,11948,149090,0.10443788948628972,713208,713208,713208,713208,713208,0.0,,0.29200000000003,0.5450000000000728,0.18699999999989814,3.7309999999999945,1.024000000000001,5.313,,,,,5.787,,5.96,6.026,6.122,"{('cu', 'start'): 584.251, ('cu', 'h2d'): 584.536, ('cu', 'workest'): 584.828, ('cu', 'compute'): 585.373, ('cu', 'copy'): 585.56, ('cu', 'pack'): 585.646, ('cu', 'd2h'): 589.377, ('gust', 'start'): 590.165, ('gust', 'h2d'): 590.426, ('gust', 'count'): 590.496, ('gust', 'scan'): 590.547, ('gust', 'expand'): 590.885, ('gust', 'sort'): 591.437, ('gust', 'reduce'): 591.617, ('gust', 'final'): 592.14, ('gust', 'pack'): 592.237, ('gust', 'd2h'): 595.6, ('outer', 'start'): 596.538, ('outer', 'h2d'): 596.801, ('outer', 'csc'): 597.117, ('outer', 'count'): 597.142, ('outer', 'scan'): 597.188, ('outer', 'expand'): 597.351, ('outer', 'sort'): 597.918, ('outer', 'reduce'): 598.113, ('outer', 'final'): 598.487, ('outer', 'pack'): 598.583, ('outer', 'd2h'): 601.908, ('colw', 'start'): 603.113, ('colw', 'h2d'): 603.366, ('colw', 'csc'): 603.684, ('colw', 'count'): 603.714, ('colw', 'scan'): 603.77, ('colw', 'expand'): 603.971, ('colw', 'sort'): 604.536, ('colw', 'reduce'): 604.714, ('colw', 'final'): 605.083, ('colw', 'pack'): 605.181, ('colw', 'd2h'): 608.505, ('inner', 'start'): 609.724, ('inner', 'h2d'): 609.987, ('inner', 'csc'): 610.296, ('inner', 'count'): 610.325, ('inner', 'scan'): 610.369, ('inner', 'expand'): 610.554, ('inner', 'sort'): 611.125, ('inner', 'reduce'): 611.318, ('inner', 'final'): 611.672, ('inner', 'numeric'): 611.926, ('inner', 'pack'): 612.026, ('inner', 'd2h'): 615.421}"
Highly sparse,bcsstk32,44609,2014701,0.10124314474587429,6819653,6819653,6819653,6819653,6819653,0.0,,0.33400000000006,7.662999999999897,0.2620000000000573,25.255999999999972,8.259000000000015,36.645,,,,,44.637,,45.322,45.709,47.099,"{('cu', 'start'): 920.402, ('cu', 'h2d'): 922.957, ('cu', 'workest'): 923.291, ('cu', 'compute'): 930.954, ('cu', 'copy'): 931.216, ('cu', 'pack'): 931.287, ('cu', 'd2h'): 956.543, ('gust', 'start'): 962.103, ('gust', 'h2d'): 964.623, ('gust', 'count'): 964.804, ('gust', 'scan'): 964.859, ('gust', 'expand'): 966.174, ('gust', 'sort'): 978.749, ('gust', 'reduce'): 980.009, ('gust', 'final'): 981.549, ('gust', 'pack'): 981.629, ('gust', 'd2h'): 1005.772, ('outer', 'start'): 1011.855, ('outer', 'h2d'): 1014.415, ('outer', 'csc'): 1015.016, ('outer', 'count'): 1015.044, ('outer', 'scan'): 1015.085, ('outer', 'expand'): 1016.113, ('outer', 'sort'): 1028.621, ('outer', 'reduce'): 1029.828, ('outer', 'final'): 1030.992, ('outer', 'pack'): 1031.078, ('outer', 'd2h'): 1055.778, ('colw', 'start'): 1062.403, ('colw', 'h2d'): 1065.238, ('colw', 'csc'): 1065.872, ('colw', 'count'): 1065.914, ('colw', 'scan'): 1065.953, ('colw', 'expand'): 1067.186, ('colw', 'sort'): 1079.663, ('colw', 'reduce'): 1080.886, ('colw', 'final'): 1081.961, ('colw', 'pack'): 1082.043, ('colw', 'd2h'): 1106.727, ('inner', 'start'): 1113.273, ('inner', 'h2d'): 1115.999, ('inner', 'csc'): 1116.603, ('inner', 'count'): 1116.64, ('inner', 'scan'): 1116.68, ('inner', 'expand'): 1117.898, ('inner', 'sort'): 1130.458, ('inner', 'reduce'): 1131.672, ('inner', 'final'): 1132.812, ('inner', 'numeric'): 1134.403, ('inner', 'pack'): 1134.666, ('inner', 'd2h'): 1159.526}"
Extremely sparse,bcsstk31,35588,1181416,0.09328153508950845,4713580,4713580,4713580,4713580,4713580,0.0,,0.31500000000005457,4.497999999999934,0.2420000000000755,17.36099999999999,5.055000000000064,24.367,,,,,27.594,,27.707,28.122,28.668,"{('cu', 'start'): 782.358, ('cu', 'h2d'): 783.915, ('cu', 'workest'): 784.23, ('cu', 'compute'): 788.728, ('cu', 'copy'): 788.97, ('cu', 'pack'): 789.05, ('cu', 'd2h'): 806.411, ('gust', 'start'): 810.264, ('gust', 'h2d'): 811.785, ('gust', 'count'): 811.956, ('gust', 'scan'): 812.005, ('gust', 'expand'): 812.765, ('gust', 'sort'): 818.769, ('gust', 'reduce'): 819.452, ('gust', 'final'): 820.546, ('gust', 'pack'): 820.641, ('gust', 'd2h'): 837.354, ('outer', 'start'): 841.457, ('outer', 'h2d'): 842.964, ('outer', 'csc'): 843.47, ('outer', 'count'): 843.491, ('outer', 'scan'): 843.529, ('outer', 'expand'): 844.076, ('outer', 'sort'): 850.05, ('outer', 'reduce'): 850.715, ('outer', 'final'): 851.43, ('outer', 'pack'): 851.527, ('outer', 'd2h'): 868.256, ('colw', 'start'): 872.701, ('colw', 'h2d'): 874.279, ('colw', 'csc'): 874.828, ('colw', 'count'): 874.864, ('colw', 'scan'): 874.903, ('colw', 'expand'): 875.537, ('colw', 'sort'): 881.489, ('colw', 'reduce'): 882.157, ('colw', 'final'): 882.874, ('colw', 'pack'): 882.971, ('colw', 'd2h'): 899.919, ('inner', 'start'): 904.366, ('inner', 'h2d'): 905.923, ('inner', 'csc'): 906.43, ('inner', 'count'): 906.463, ('inner', 'scan'): 906.5, ('inner', 'expand'): 907.116, ('inner', 'sort'): 913.113, ('inner', 'reduce'): 913.786, ('inner', 'final'): 914.489, ('inner', 'numeric'): 915.446, ('inner', 'pack'): 915.542, ('inner', 'd2h'): 932.404}"
Extremely sparse,bcsstm08,1074,1074,0.0931098696461825,1074,1074,1074,1074,1074,0.0,,0.08699999999998909,0.18099999999998317,0.060000000000002274,0.8549999999999613,0.32799999999997453,1.408,,,,,1.299,,1.404,1.349,1.391,"{('cu', 'start'): 511.327, ('cu', 'h2d'): 511.425, ('cu', 'workest'): 511.512, ('cu', 'compute'): 511.693, ('cu', 'copy'): 511.753, ('cu', 'pack'): 511.772, ('cu', 'd2h'): 512.627, ('gust', 'start'): 513.01, ('gust', 'h2d'): 513.105, ('gust', 'count'): 513.143, ('gust', 'scan'): 513.192, ('gust', 'expand'): 513.214, ('gust', 'sort'): 513.26, ('gust', 'reduce'): 513.3, ('gust', 'final'): 513.361, ('gust', 'pack'): 513.379, ('gust', 'd2h'): 514.171, ('outer', 'start'): 514.58, ('outer', 'h2d'): 514.676, ('outer', 'csc'): 514.756, ('outer', 'count'): 514.776, ('outer', 'scan'): 514.816, ('outer', 'expand'): 514.836, ('outer', 'sort'): 514.882, ('outer', 'reduce'): 514.92, ('outer', 'final'): 514.982, ('outer', 'pack'): 515.0, ('outer', 'd2h'): 515.827, ('colw', 'start'): 516.274, ('colw', 'h2d'): 516.371, ('colw', 'csc'): 516.451, ('colw', 'count'): 516.47, ('colw', 'scan'): 516.507, ('colw', 'expand'): 516.527, ('colw', 'sort'): 516.571, ('colw', 'reduce'): 516.608, ('colw', 'final'): 516.664, ('colw', 'pack'): 516.681, ('colw', 'd2h'): 517.477, ('inner', 'start'): 517.889, ('inner', 'h2d'): 517.985, ('inner', 'csc'): 518.062, ('inner', 'count'): 518.082, ('inner', 'scan'): 518.134, ('inner', 'expand'): 518.153, ('inner', 'sort'): 518.197, ('inner', 'reduce'): 518.234, ('inner', 'final'): 518.287, ('inner', 'numeric'): 518.311, ('inner', 'pack'): 518.329, ('inner', 'd2h'): 519.143}"
Extremely sparse,bcsstm09,1083,1083,0.09233610341643582,1083,1083,1083,1083,1083,0.0,,0.08299999999996999,0.17700000000002092,0.06099999999992178,0.8579999999999472,0.3209999999999127,1.405,,,,,1.32,,1.404,1.347,1.393,"{('cu', 'start'): 516.813, ('cu', 'h2d'): 516.912, ('cu', 'workest'): 516.995, ('cu', 'compute'): 517.172, ('cu', 'copy'): 517.233, ('cu', 'pack'): 517.254, ('cu', 'd2h'): 518.112, ('gust', 'start'): 518.49, ('gust', 'h2d'): 518.603, ('gust', 'count'): 518.629, ('gust', 'scan'): 518.677, ('gust', 'expand'): 518.699, ('gust', 'sort'): 518.748, ('gust', 'reduce'): 518.787, ('gust', 'final'): 518.847, ('gust', 'pack'): 518.866, ('gust', 'd2h'): 519.673, ('outer', 'start'): 520.079, ('outer', 'h2d'): 520.175, ('outer', 'csc'): 520.255, ('outer', 'count'): 520.274, ('outer', 'scan'): 520.313, ('outer', 'expand'): 520.333, ('outer', 'sort'): 520.378, ('outer', 'reduce'): 520.415, ('outer', 'final'): 520.477, ('outer', 'pack'): 520.495, ('outer', 'd2h'): 521.324, ('colw', 'start'): 521.776, ('colw', 'h2d'): 521.876, ('colw', 'csc'): 521.953, ('colw', 'count'): 521.973, ('colw', 'scan'): 522.011, ('colw', 'expand'): 522.031, ('colw', 'sort'): 522.075, ('colw', 'reduce'): 522.111, ('colw', 'final'): 522.164, ('colw', 'pack'): 522.183, ('colw', 'd2h'): 522.976, ('inner', 'start'): 523.388, ('inner', 'h2d'): 523.483, ('inner', 'csc'): 523.57, ('inner', 'count'): 523.589, ('inner', 'scan'): 523.627, ('inner', 'expand'): 523.646, ('inner', 'sort'): 523.692, ('inner', 'reduce'): 523.728, ('inner', 'final'): 523.781, ('inner', 'numeric'): 523.804, ('inner', 'pack'): 523.821, ('inner', 'd2h'): 524.645}"
Extremely sparse,bcspwr10,5300,21842,0.07775720897116412,60498,60498,60498,60498,60498,0.0,,0.09299999999996089,0.4979999999999336,0.06700000000000728,1.0399999999999636,0.6579999999999018,1.955,,,,,2.265,,2.329,2.347,2.328,"{('cu', 'start'): 553.334, ('cu', 'h2d'): 553.464, ('cu', 'workest'): 553.557, ('cu', 'compute'): 554.055, ('cu', 'copy'): 554.122, ('cu', 'pack'): 554.142, ('cu', 'd2h'): 555.182, ('gust', 'start'): 555.57, ('gust', 'h2d'): 555.686, ('gust', 'count'): 555.716, ('gust', 'scan'): 555.763, ('gust', 'expand'): 555.792, ('gust', 'sort'): 556.287, ('gust', 'reduce'): 556.615, ('gust', 'final'): 556.757, ('gust', 'pack'): 556.779, ('gust', 'd2h'): 557.699, ('outer', 'start'): 558.097, ('outer', 'h2d'): 558.213, ('outer', 'csc'): 558.303, ('outer', 'count'): 558.324, ('outer', 'scan'): 558.363, ('outer', 'expand'): 558.391, ('outer', 'sort'): 558.901, ('outer', 'reduce'): 559.215, ('outer', 'final'): 559.284, ('outer', 'pack'): 559.304, ('outer', 'd2h'): 560.201, ('colw', 'start'): 560.722, ('colw', 'h2d'): 560.84, ('colw', 'csc'): 560.929, ('colw', 'count'): 560.951, ('colw', 'scan'): 560.989, ('colw', 'expand'): 561.017, ('colw', 'sort'): 561.53, ('colw', 'reduce'): 561.845, ('colw', 'final'): 561.907, ('colw', 'pack'): 561.927, ('colw', 'd2h'): 562.855, ('inner', 'start'): 563.329, ('inner', 'h2d'): 563.443, ('inner', 'csc'): 563.543, ('inner', 'count'): 563.565, ('inner', 'scan'): 563.603, ('inner', 'expand'): 563.631, ('inner', 'sort'): 564.132, ('inner', 'reduce'): 564.438, ('inner', 'final'): 564.509, ('inner', 'numeric'): 564.548, ('inner', 'pack'): 564.568, ('inner', 'd2h'): 565.441}"
Extremely sparse,bcsstm11,1473,1473,0.0678886625933469,1473,1473,1473,1473,1473,0.0,,0.08500000000003638,0.19299999999998363,0.06400000000007822,0.849999999999909,0.3420000000000982,1.422,,,,,1.277,,1.384,1.324,1.388,"{('cu', 'start'): 528.827, ('cu', 'h2d'): 528.93, ('cu', 'workest'): 529.015, ('cu', 'compute'): 529.208, ('cu', 'copy'): 529.272, ('cu', 'pack'): 529.291, ('cu', 'd2h'): 530.141, ('gust', 'start'): 530.517, ('gust', 'h2d'): 530.612, ('gust', 'count'): 530.636, ('gust', 'scan'): 530.683, ('gust', 'expand'): 530.702, ('gust', 'sort'): 530.75, ('gust', 'reduce'): 530.789, ('gust', 'final'): 530.848, ('gust', 'pack'): 530.866, ('gust', 'd2h'): 531.662, ('outer', 'start'): 532.128, ('outer', 'h2d'): 532.226, ('outer', 'csc'): 532.305, ('outer', 'count'): 532.324, ('outer', 'scan'): 532.362, ('outer', 'expand'): 532.382, ('outer', 'sort'): 532.427, ('outer', 'reduce'): 532.465, ('outer', 'final'): 532.524, ('outer', 'pack'): 532.542, ('outer', 'd2h'): 533.358, ('colw', 'start'): 533.776, ('colw', 'h2d'): 533.869, ('colw', 'csc'): 533.945, ('colw', 'count'): 533.965, ('colw', 'scan'): 534.002, ('colw', 'expand'): 534.021, ('colw', 'sort'): 534.066, ('colw', 'reduce'): 534.103, ('colw', 'final'): 534.157, ('colw', 'pack'): 534.175, ('colw', 'd2h'): 534.946, ('inner', 'start'): 535.364, ('inner', 'h2d'): 535.466, ('inner', 'csc'): 535.546, ('inner', 'count'): 535.566, ('inner', 'scan'): 535.605, ('inner', 'expand'): 535.625, ('inner', 'sort'): 535.669, ('inner', 'reduce'): 535.706, ('inner', 'final'): 535.759, ('inner', 'numeric'): 535.782, ('inner', 'pack'): 535.8, ('inner', 'd2h'): 536.619}"
Extremely sparse,bcsstm26,1922,1922,0.052029136316337155,1922,1922,1922,1922,1922,0.0,,0.08299999999996999,0.17999999999994998,0.06100000000003547,0.8300000000000409,0.32399999999995543,1.391,,,,,1.312,,1.393,1.394,1.386,"{('cu', 'start'): 516.47, ('cu', 'h2d'): 516.58, ('cu', 'workest'): 516.663, ('cu', 'compute'): 516.843, ('cu', 'copy'): 516.904, ('cu', 'pack'): 516.923, ('cu', 'd2h'): 517.753, ('gust', 'start'): 518.144, ('gust', 'h2d'): 518.244, ('gust', 'count'): 518.269, ('gust', 'scan'): 518.316, ('gust', 'expand'): 518.339, ('gust', 'sort'): 518.387, ('gust', 'reduce'): 518.427, ('gust', 'final'): 518.485, ('gust', 'pack'): 518.503, ('gust', 'd2h'): 519.32, ('outer', 'start'): 519.721, ('outer', 'h2d'): 519.819, ('outer', 'csc'): 519.897, ('outer', 'count'): 519.917, ('outer', 'scan'): 519.956, ('outer', 'expand'): 519.977, ('outer', 'sort'): 520.023, ('outer', 'reduce'): 520.074, ('outer', 'final'): 520.136, ('outer', 'pack'): 520.155, ('outer', 'd2h'): 520.933, ('colw', 'start'): 521.397, ('colw', 'h2d'): 521.502, ('colw', 'csc'): 521.585, ('colw', 'count'): 521.607, ('colw', 'scan'): 521.648, ('colw', 'expand'): 521.668, ('colw', 'sort'): 521.715, ('colw', 'reduce'): 521.754, ('colw', 'final'): 521.808, ('colw', 'pack'): 521.828, ('colw', 'd2h'): 522.645, ('inner', 'start'): 523.122, ('inner', 'h2d'): 523.226, ('inner', 'csc'): 523.305, ('inner', 'count'): 523.325, ('inner', 'scan'): 523.365, ('inner', 'expand'): 523.385, ('inner', 'sort'): 523.43, ('inner', 'reduce'): 523.469, ('inner', 'final'): 523.523, ('inner', 'numeric'): 523.547, ('inner', 'pack'): 523.566, ('inner', 'd2h'): 524.371}"
Extremely sparse,bcsstm23,3134,3134,0.031908104658583285,3134,3134,3134,3134,3134,0.0,,0.08500000000003638,0.18700000000001182,0.06399999999996453,0.8379999999999654,0.33600000000001273,1.419,,,,,1.38,,1.521,1.451,1.454,"{('cu', 'start'): 528.429, ('cu', 'h2d'): 528.534, ('cu', 'workest'): 528.619, ('cu', 'compute'): 528.806, ('cu', 'copy'): 528.87, ('cu', 'pack'): 528.889, ('cu', 'd2h'): 529.727, ('gust', 'start'): 530.121, ('gust', 'h2d'): 530.23, ('gust', 'count'): 530.256, ('gust', 'scan'): 530.303, ('gust', 'expand'): 530.327, ('gust', 'sort'): 530.442, ('gust', 'reduce'): 530.483, ('gust', 'final'): 530.541, ('gust', 'pack'): 530.56, ('gust', 'd2h'): 531.365, ('outer', 'start'): 531.769, ('outer', 'h2d'): 531.885, ('outer', 'csc'): 531.966, ('outer', 'count'): 531.986, ('outer', 'scan'): 532.025, ('outer', 'expand'): 532.05, ('outer', 'sort'): 532.162, ('outer', 'reduce'): 532.203, ('outer', 'final'): 532.268, ('outer', 'pack'): 532.287, ('outer', 'd2h'): 533.132, ('colw', 'start'): 533.556, ('colw', 'h2d'): 533.663, ('colw', 'csc'): 533.741, ('colw', 'count'): 533.761, ('colw', 'scan'): 533.81, ('colw', 'expand'): 533.832, ('colw', 'sort'): 533.947, ('colw', 'reduce'): 533.986, ('colw', 'final'): 534.041, ('colw', 'pack'): 534.059, ('colw', 'd2h'): 534.863, ('inner', 'start'): 535.333, ('inner', 'h2d'): 535.437, ('inner', 'csc'): 535.514, ('inner', 'count'): 535.534, ('inner', 'scan'): 535.572, ('inner', 'expand'): 535.593, ('inner', 'sort'): 535.705, ('inner', 'reduce'): 535.744, ('inner', 'final'): 535.811, ('inner', 'numeric'): 535.839, ('inner', 'pack'): 535.857, ('inner', 'd2h'): 536.659}"
Extremely sparse,bcsstm24,3562,3562,0.028074115665356544,3562,3562,3562,3562,3562,0.0,,0.08800000000007913,0.17999999999994998,0.06299999999998818,0.8010000000000446,0.3310000000000173,1.383,,,,,1.406,,1.428,1.428,1.426,"{('cu', 'start'): 534.439, ('cu', 'h2d'): 534.564, ('cu', 'workest'): 534.652, ('cu', 'compute'): 534.832, ('cu', 'copy'): 534.895, ('cu', 'pack'): 534.913, ('cu', 'd2h'): 535.714, ('gust', 'start'): 536.086, ('gust', 'h2d'): 536.189, ('gust', 'count'): 536.214, ('gust', 'scan'): 536.26, ('gust', 'expand'): 536.284, ('gust', 'sort'): 536.402, ('gust', 'reduce'): 536.443, ('gust', 'final'): 536.501, ('gust', 'pack'): 536.565, ('gust', 'd2h'): 537.366, ('outer', 'start'): 537.779, ('outer', 'h2d'): 537.884, ('outer', 'csc'): 537.961, ('outer', 'count'): 537.981, ('outer', 'scan'): 538.02, ('outer', 'expand'): 538.042, ('outer', 'sort'): 538.154, ('outer', 'reduce'): 538.199, ('outer', 'final'): 538.254, ('outer', 'pack'): 538.273, ('outer', 'd2h'): 539.054, ('colw', 'start'): 539.541, ('colw', 'h2d'): 539.644, ('colw', 'csc'): 539.724, ('colw', 'count'): 539.743, ('colw', 'scan'): 539.783, ('colw', 'expand'): 539.804, ('colw', 'sort'): 539.918, ('colw', 'reduce'): 539.956, ('colw', 'final'): 540.011, ('colw', 'pack'): 540.029, ('colw', 'd2h'): 540.826, ('inner', 'start'): 541.231, ('inner', 'h2d'): 541.346, ('inner', 'csc'): 541.423, ('inner', 'count'): 541.442, ('inner', 'scan'): 541.481, ('inner', 'expand'): 541.503, ('inner', 'sort'): 541.627, ('inner', 'reduce'): 541.667, ('inner', 'final'): 541.72, ('inner', 'numeric'): 541.747, ('inner', 'pack'): 541.764, ('inner', 'd2h'): 542.524}"
Extremely sparse,bcsstm21,3600,3600,0.027777777777777776,3600,3600,3600,3600,3600,0.0,,0.09000000000003183,0.19499999999993634,0.06400000000007822,0.9080000000000155,0.3490000000000464,1.505,,,,,1.45,,1.553,1.507,1.537,"{('cu', 'start'): 518.358, ('cu', 'h2d'): 518.472, ('cu', 'workest'): 518.562, ('cu', 'compute'): 518.757, ('cu', 'copy'): 518.821, ('cu', 'pack'): 518.842, ('cu', 'd2h'): 519.75, ('gust', 'start'): 520.139, ('gust', 'h2d'): 520.253, ('gust', 'count'): 520.279, ('gust', 'scan'): 520.33, ('gust', 'expand'): 520.354, ('gust', 'sort'): 520.473, ('gust', 'reduce'): 520.516, ('gust', 'final'): 520.575, ('gust', 'pack'): 520.596, ('gust', 'd2h'): 521.448, ('outer', 'start'): 521.889, ('outer', 'h2d'): 522.0, ('outer', 'csc'): 522.082, ('outer', 'count'): 522.103, ('outer', 'scan'): 522.143, ('outer', 'expand'): 522.167, ('outer', 'sort'): 522.283, ('outer', 'reduce'): 522.323, ('outer', 'final'): 522.387, ('outer', 'pack'): 522.406, ('outer', 'd2h'): 523.278, ('colw', 'start'): 523.725, ('colw', 'h2d'): 523.841, ('colw', 'csc'): 523.926, ('colw', 'count'): 523.945, ('colw', 'scan'): 523.985, ('colw', 'expand'): 524.007, ('colw', 'sort'): 524.122, ('colw', 'reduce'): 524.16, ('colw', 'final'): 524.216, ('colw', 'pack'): 524.234, ('colw', 'd2h'): 525.081, ('inner', 'start'): 525.501, ('inner', 'h2d'): 525.61, ('inner', 'csc'): 525.699, ('inner', 'count'): 525.719, ('inner', 'scan'): 525.759, ('inner', 'expand'): 525.782, ('inner', 'sort'): 525.895, ('inner', 'reduce'): 525.933, ('inner', 'final'): 525.986, ('inner', 'numeric'): 526.013, ('inner', 'pack'): 526.031, ('inner', 'd2h'): 526.896}"
Extremely sparse,bcsstm25,15439,15439,0.006477103439341926,15439,15439,15439,15439,15439,0.0,,0.10399999999992815,0.18700000000001182,0.06400000000007822,1.2789999999999964,0.3550000000000182,1.894,,,,,1.718,,1.648,1.623,1.616,"{('cu', 'start'): 527.563, ('cu', 'h2d'): 527.691, ('cu', 'workest'): 527.795, ('cu', 'compute'): 527.982, ('cu', 'copy'): 528.046, ('cu', 'pack'): 528.067, ('cu', 'd2h'): 529.346, ('gust', 'start'): 529.742, ('gust', 'h2d'): 529.88, ('gust', 'count'): 529.91, ('gust', 'scan'): 529.959, ('gust', 'expand'): 530.0, ('gust', 'sort'): 530.129, ('gust', 'reduce'): 530.171, ('gust', 'final'): 530.233, ('gust', 'pack'): 530.253, ('gust', 'd2h'): 531.32, ('outer', 'start'): 531.736, ('outer', 'h2d'): 531.872, ('outer', 'csc'): 531.959, ('outer', 'count'): 531.98, ('outer', 'scan'): 532.021, ('outer', 'expand'): 532.061, ('outer', 'sort'): 532.188, ('outer', 'reduce'): 532.229, ('outer', 'final'): 532.287, ('outer', 'pack'): 532.307, ('outer', 'd2h'): 533.221, ('colw', 'start'): 533.663, ('colw', 'h2d'): 533.798, ('colw', 'csc'): 533.885, ('colw', 'count'): 533.905, ('colw', 'scan'): 533.946, ('colw', 'expand'): 533.984, ('colw', 'sort'): 534.109, ('colw', 'reduce'): 534.149, ('colw', 'final'): 534.205, ('colw', 'pack'): 534.223, ('colw', 'd2h'): 535.14, ('inner', 'start'): 535.563, ('inner', 'h2d'): 535.682, ('inner', 'csc'): 535.764, ('inner', 'count'): 535.793, ('inner', 'scan'): 535.844, ('inner', 'expand'): 535.882, ('inner', 'sort'): 536.008, ('inner', 'reduce'): 536.049, ('inner', 'final'): 536.104, ('inner', 'numeric'): 536.145, ('inner', 'pack'): 536.163, ('inner', 'd2h'): 537.04}"
