class,name,n,A_nnz,density_pct,cu_cnnz,man_cnnz,outer_cnnz,colw_cnnz,inner_cnnz,cnnz_gap_pct,buf2,cu_we,cu_compute,cu_copy,cu_d2h,cu_kernel,cu_time,cu_write,man_count,man_fill,man_kernel,man_time,man_write,outer_time,colw_time,inner_time,phases
Dense,bcsstk02,66,4356,100.0,4356,4356,4356,4356,4356,0.0,,0.07699999999999818,0.2279999999999518,0.04600000000004911,0.09600000000000364,0.3509999999999991,0.612,,,,,0.98,,1.074,1.064,1.074,"{('cu', 'start'): 630.558, ('cu', 'h2dmalloc'): 630.622, ('cu', 'h2d'): 630.639, ('cu', 'workest'): 630.716, ('cu', 'compute'): 630.944, ('cu', 'copy'): 630.99, ('cu', 'pack'): 631.008, ('cu', 'd2h'): 631.104, ('gust', 'start'): 631.182, ('gust', 'h2d'): 631.257, ('gust', 'count'): 631.28, ('gust', 'scan'): 631.319, ('gust', 'expand'): 631.412, ('gust', 'sort'): 631.657, ('gust', 'reduce'): 631.818, ('gust', 'final'): 631.995, ('gust', 'pack'): 632.016, ('gust', 'd2h'): 632.027, ('outer', 'start'): 632.173, ('outer', 'h2d'): 632.248, ('outer', 'csc'): 632.342, ('outer', 'count'): 632.361, ('outer', 'scan'): 632.395, ('outer', 'expand'): 632.478, ('outer', 'sort'): 632.733, ('outer', 'reduce'): 632.88, ('outer', 'final'): 633.056, ('outer', 'pack'): 633.077, ('outer', 'd2h'): 633.103, ('colw', 'start'): 633.258, ('colw', 'h2d'): 633.336, ('colw', 'csc'): 633.431, ('colw', 'count'): 633.453, ('colw', 'scan'): 633.488, ('colw', 'expand'): 633.581, ('colw', 'sort'): 633.831, ('colw', 'reduce'): 633.979, ('colw', 'final'): 634.149, ('colw', 'pack'): 634.17, ('colw', 'd2h'): 634.182, ('inner', 'start'): 634.332, ('inner', 'h2d'): 634.406, ('inner', 'csc'): 634.498, ('inner', 'count'): 634.519, ('inner', 'scan'): 634.553, ('inner', 'expand'): 634.642, ('inner', 'sort'): 634.896, ('inner', 'reduce'): 635.042, ('inner', 'final'): 635.21, ('inner', 'numeric'): 635.296, ('inner', 'pack'): 635.316, ('inner', 'd2h'): 635.328}"
Dense,can_24,24,160,27.77777777777778,336,336,336,336,336,0.0,,0.06799999999998363,0.1570000000000391,0.05299999999999727,0.025999999999953616,0.27800000000002,0.492,,,,,0.399,,0.496,0.464,0.459,"{('cu', 'start'): 688.078, ('cu', 'h2dmalloc'): 688.147, ('cu', 'h2d'): 688.159, ('cu', 'workest'): 688.227, ('cu', 'compute'): 688.384, ('cu', 'copy'): 688.437, ('cu', 'pack'): 688.464, ('cu', 'd2h'): 688.49, ('gust', 'start'): 688.581, ('gust', 'h2d'): 688.659, ('gust', 'count'): 688.678, ('gust', 'scan'): 688.717, ('gust', 'expand'): 688.737, ('gust', 'sort'): 688.782, ('gust', 'reduce'): 688.82, ('gust', 'final'): 688.871, ('gust', 'pack'): 688.887, ('gust', 'd2h'): 688.896, ('outer', 'start'): 688.991, ('outer', 'h2d'): 689.063, ('outer', 'csc'): 689.125, ('outer', 'count'): 689.143, ('outer', 'scan'): 689.177, ('outer', 'expand'): 689.196, ('outer', 'sort'): 689.245, ('outer', 'reduce'): 689.279, ('outer', 'final'): 689.34, ('outer', 'pack'): 689.357, ('outer', 'd2h'): 689.366, ('colw', 'start'): 689.496, ('colw', 'h2d'): 689.576, ('colw', 'csc'): 689.642, ('colw', 'count'): 689.662, ('colw', 'scan'): 689.697, ('colw', 'expand'): 689.715, ('colw', 'sort'): 689.758, ('colw', 'reduce'): 689.793, ('colw', 'final'): 689.843, ('colw', 'pack'): 689.86, ('colw', 'd2h'): 689.869, ('inner', 'start'): 689.971, ('inner', 'h2d'): 690.042, ('inner', 'csc'): 690.103, ('inner', 'count'): 690.121, ('inner', 'scan'): 690.155, ('inner', 'expand'): 690.173, ('inner', 'sort'): 690.215, ('inner', 'reduce'): 690.248, ('inner', 'final'): 690.296, ('inner', 'numeric'): 690.32, ('inner', 'pack'): 690.337, ('inner', 'd2h'): 690.345}"
Dense,bcsstk04,132,3648,20.9366391184573,11968,11968,11968,11968,11968,0.0,,0.07000000000005002,0.25699999999994816,0.057999999999992724,0.11599999999998545,0.3849999999999909,0.687,,,,,0.824,,0.907,0.897,0.92,"{('cu', 'start'): 669.58, ('cu', 'h2dmalloc'): 669.648, ('cu', 'h2d'): 669.664, ('cu', 'workest'): 669.734, ('cu', 'compute'): 669.991, ('cu', 'copy'): 670.049, ('cu', 'pack'): 670.069, ('cu', 'd2h'): 670.185, ('gust', 'start'): 670.283, ('gust', 'h2d'): 670.364, ('gust', 'count'): 670.386, ('gust', 'scan'): 670.426, ('gust', 'expand'): 670.461, ('gust', 'sort'): 670.737, ('gust', 'reduce'): 670.84, ('gust', 'final'): 670.975, ('gust', 'pack'): 670.995, ('gust', 'd2h'): 671.011, ('outer', 'start'): 671.119, ('outer', 'h2d'): 671.195, ('outer', 'csc'): 671.283, ('outer', 'count'): 671.303, ('outer', 'scan'): 671.339, ('outer', 'expand'): 671.362, ('outer', 'sort'): 671.621, ('outer', 'reduce'): 671.731, ('outer', 'final'): 671.866, ('outer', 'pack'): 671.887, ('outer', 'd2h'): 671.918, ('colw', 'start'): 672.039, ('colw', 'h2d'): 672.118, ('colw', 'csc'): 672.204, ('colw', 'count'): 672.225, ('colw', 'scan'): 672.26, ('colw', 'expand'): 672.292, ('colw', 'sort'): 672.562, ('colw', 'reduce'): 672.663, ('colw', 'final'): 672.794, ('colw', 'pack'): 672.815, ('colw', 'd2h'): 672.832, ('inner', 'start'): 672.948, ('inner', 'h2d'): 673.024, ('inner', 'csc'): 673.108, ('inner', 'count'): 673.129, ('inner', 'scan'): 673.164, ('inner', 'expand'): 673.196, ('inner', 'sort'): 673.451, ('inner', 'reduce'): 673.562, ('inner', 'final'): 673.693, ('inner', 'numeric'): 673.736, ('inner', 'pack'): 673.755, ('inner', 'd2h'): 673.772}"
Dense,bcsstk01,48,400,17.36111111111111,1292,1292,1292,1292,1292,0.0,,0.07100000000002638,0.1570000000000391,0.05499999999994998,0.024999999999977263,0.28300000000001546,0.503,,,,,0.515,,0.582,0.555,0.559,"{('cu', 'start'): 668.202, ('cu', 'h2dmalloc'): 668.276, ('cu', 'h2d'): 668.29, ('cu', 'workest'): 668.361, ('cu', 'compute'): 668.518, ('cu', 'copy'): 668.573, ('cu', 'pack'): 668.591, ('cu', 'd2h'): 668.616, ('gust', 'start'): 668.721, ('gust', 'h2d'): 668.803, ('gust', 'count'): 668.822, ('gust', 'scan'): 668.863, ('gust', 'expand'): 668.885, ('gust', 'sort'): 668.997, ('gust', 'reduce'): 669.049, ('gust', 'final'): 669.106, ('gust', 'pack'): 669.124, ('gust', 'd2h'): 669.134, ('outer', 'start'): 669.247, ('outer', 'h2d'): 669.327, ('outer', 'csc'): 669.393, ('outer', 'count'): 669.412, ('outer', 'scan'): 669.448, ('outer', 'expand'): 669.468, ('outer', 'sort'): 669.583, ('outer', 'reduce'): 669.621, ('outer', 'final'): 669.676, ('outer', 'pack'): 669.694, ('outer', 'd2h'): 669.704, ('colw', 'start'): 669.84, ('colw', 'h2d'): 669.92, ('colw', 'csc'): 669.985, ('colw', 'count'): 670.003, ('colw', 'scan'): 670.043, ('colw', 'expand'): 670.065, ('colw', 'sort'): 670.173, ('colw', 'reduce'): 670.211, ('colw', 'final'): 670.261, ('colw', 'pack'): 670.279, ('colw', 'd2h'): 670.289, ('inner', 'start'): 670.406, ('inner', 'h2d'): 670.484, ('inner', 'csc'): 670.548, ('inner', 'count'): 670.566, ('inner', 'scan'): 670.6, ('inner', 'expand'): 670.62, ('inner', 'sort'): 670.728, ('inner', 'reduce'): 670.764, ('inner', 'final'): 670.813, ('inner', 'numeric'): 670.838, ('inner', 'pack'): 670.856, ('inner', 'd2h'): 670.866}"
Dense,can_61,61,557,14.969094329481322,1793,1793,1793,1793,1793,0.0,,0.06799999999998363,0.15800000000001546,0.06100000000003547,0.02400000000000091,0.28700000000003456,0.495,,,,,0.477,,0.575,0.53,0.573,"{('cu', 'start'): 667.859, ('cu', 'h2dmalloc'): 667.928, ('cu', 'h2d'): 667.942, ('cu', 'workest'): 668.01, ('cu', 'compute'): 668.168, ('cu', 'copy'): 668.229, ('cu', 'pack'): 668.251, ('cu', 'd2h'): 668.275, ('gust', 'start'): 668.365, ('gust', 'h2d'): 668.448, ('gust', 'count'): 668.467, ('gust', 'scan'): 668.506, ('gust', 'expand'): 668.529, ('gust', 'sort'): 668.636, ('gust', 'reduce'): 668.676, ('gust', 'final'): 668.731, ('gust', 'pack'): 668.747, ('gust', 'd2h'): 668.756, ('outer', 'start'): 668.852, ('outer', 'h2d'): 668.93, ('outer', 'csc'): 668.999, ('outer', 'count'): 669.018, ('outer', 'scan'): 669.051, ('outer', 'expand'): 669.07, ('outer', 'sort'): 669.191, ('outer', 'reduce'): 669.228, ('outer', 'final'): 669.283, ('outer', 'pack'): 669.3, ('outer', 'd2h'): 669.31, ('colw', 'start'): 669.436, ('colw', 'h2d'): 669.517, ('colw', 'csc'): 669.586, ('colw', 'count'): 669.606, ('colw', 'scan'): 669.639, ('colw', 'expand'): 669.661, ('colw', 'sort'): 669.763, ('colw', 'reduce'): 669.798, ('colw', 'final'): 669.847, ('colw', 'pack'): 669.864, ('colw', 'd2h'): 669.874, ('inner', 'start'): 669.974, ('inner', 'h2d'): 670.05, ('inner', 'csc'): 670.118, ('inner', 'count'): 670.136, ('inner', 'scan'): 670.168, ('inner', 'expand'): 670.192, ('inner', 'sort'): 670.3, ('inner', 'reduce'): 670.345, ('inner', 'final'): 670.397, ('inner', 'numeric'): 670.423, ('inner', 'pack'): 670.441, ('inner', 'd2h'): 670.45}"
Dense,bcsstk05,153,2423,10.350719808620616,7245,7245,7245,7245,7245,0.0,,0.06799999999998363,0.17200000000002547,0.05499999999994998,0.03999999999996362,0.2949999999999591,0.519,,,,,0.508,,0.598,0.569,0.594,"{('cu', 'start'): 668.465, ('cu', 'h2dmalloc'): 668.534, ('cu', 'h2d'): 668.552, ('cu', 'workest'): 668.62, ('cu', 'compute'): 668.792, ('cu', 'copy'): 668.847, ('cu', 'pack'): 668.865, ('cu', 'd2h'): 668.905, ('gust', 'start'): 668.996, ('gust', 'h2d'): 669.083, ('gust', 'count'): 669.105, ('gust', 'scan'): 669.143, ('gust', 'expand'): 669.169, ('gust', 'sort'): 669.293, ('gust', 'reduce'): 669.331, ('gust', 'final'): 669.389, ('gust', 'pack'): 669.406, ('gust', 'd2h'): 669.419, ('outer', 'start'): 669.515, ('outer', 'h2d'): 669.595, ('outer', 'csc'): 669.669, ('outer', 'count'): 669.687, ('outer', 'scan'): 669.72, ('outer', 'expand'): 669.74, ('outer', 'sort'): 669.865, ('outer', 'reduce'): 669.91, ('outer', 'final'): 669.965, ('outer', 'pack'): 669.984, ('outer', 'd2h'): 670.013, ('colw', 'start'): 670.124, ('colw', 'h2d'): 670.209, ('colw', 'csc'): 670.284, ('colw', 'count'): 670.304, ('colw', 'scan'): 670.338, ('colw', 'expand'): 670.363, ('colw', 'sort'): 670.481, ('colw', 'reduce'): 670.518, ('colw', 'final'): 670.569, ('colw', 'pack'): 670.587, ('colw', 'd2h'): 670.6, ('inner', 'start'): 670.701, ('inner', 'h2d'): 670.781, ('inner', 'csc'): 670.853, ('inner', 'count'): 670.874, ('inner', 'scan'): 670.918, ('inner', 'expand'): 670.943, ('inner', 'sort'): 671.061, ('inner', 'reduce'): 671.096, ('inner', 'final'): 671.146, ('inner', 'numeric'): 671.179, ('inner', 'pack'): 671.196, ('inner', 'd2h'): 671.209}"
Mildly sparse,bcspwr01,39,131,8.61275476660092,275,275,275,275,275,0.0,,0.06899999999995998,0.1650000000000773,0.05599999999992633,0.02400000000000091,0.2899999999999636,0.497,,,,,0.404,,0.507,0.455,0.466,"{('cu', 'start'): 670.158, ('cu', 'h2dmalloc'): 670.228, ('cu', 'h2d'): 670.24, ('cu', 'workest'): 670.309, ('cu', 'compute'): 670.474, ('cu', 'copy'): 670.53, ('cu', 'pack'): 670.549, ('cu', 'd2h'): 670.573, ('gust', 'start'): 670.666, ('gust', 'h2d'): 670.746, ('gust', 'count'): 670.765, ('gust', 'scan'): 670.804, ('gust', 'expand'): 670.823, ('gust', 'sort'): 670.868, ('gust', 'reduce'): 670.907, ('gust', 'final'): 670.961, ('gust', 'pack'): 670.977, ('gust', 'd2h'): 670.986, ('outer', 'start'): 671.081, ('outer', 'h2d'): 671.157, ('outer', 'csc'): 671.218, ('outer', 'count'): 671.238, ('outer', 'scan'): 671.271, ('outer', 'expand'): 671.289, ('outer', 'sort'): 671.333, ('outer', 'reduce'): 671.369, ('outer', 'final'): 671.436, ('outer', 'pack'): 671.454, ('outer', 'd2h'): 671.463, ('colw', 'start'): 671.599, ('colw', 'h2d'): 671.677, ('colw', 'csc'): 671.739, ('colw', 'count'): 671.759, ('colw', 'scan'): 671.792, ('colw', 'expand'): 671.81, ('colw', 'sort'): 671.851, ('colw', 'reduce'): 671.886, ('colw', 'final'): 671.936, ('colw', 'pack'): 671.953, ('colw', 'd2h'): 671.962, ('inner', 'start'): 672.063, ('inner', 'h2d'): 672.136, ('inner', 'csc'): 672.195, ('inner', 'count'): 672.213, ('inner', 'scan'): 672.247, ('inner', 'expand'): 672.264, ('inner', 'sort'): 672.305, ('inner', 'reduce'): 672.338, ('inner', 'final'): 672.385, ('inner', 'numeric'): 672.409, ('inner', 'pack'): 672.434, ('inner', 'd2h'): 672.443}"
Mildly sparse,can_96,96,768,8.333333333333332,1920,1920,1920,1920,1920,0.0,,0.07299999999997908,0.1750000000000682,0.05700000000001637,0.02400000000000091,0.30500000000006366,0.532,,,,,0.504,,0.567,0.552,0.552,"{('cu', 'start'): 686.878, ('cu', 'h2dmalloc'): 686.954, ('cu', 'h2d'): 686.972, ('cu', 'workest'): 687.045, ('cu', 'compute'): 687.22, ('cu', 'copy'): 687.277, ('cu', 'pack'): 687.295, ('cu', 'd2h'): 687.319, ('gust', 'start'): 687.425, ('gust', 'h2d'): 687.509, ('gust', 'count'): 687.53, ('gust', 'scan'): 687.571, ('gust', 'expand'): 687.592, ('gust', 'sort'): 687.705, ('gust', 'reduce'): 687.745, ('gust', 'final'): 687.8, ('gust', 'pack'): 687.818, ('gust', 'd2h'): 687.828, ('outer', 'start'): 687.94, ('outer', 'h2d'): 688.02, ('outer', 'csc'): 688.085, ('outer', 'count'): 688.104, ('outer', 'scan'): 688.139, ('outer', 'expand'): 688.157, ('outer', 'sort'): 688.266, ('outer', 'reduce'): 688.302, ('outer', 'final'): 688.359, ('outer', 'pack'): 688.377, ('outer', 'd2h'): 688.388, ('colw', 'start'): 688.518, ('colw', 'h2d'): 688.598, ('colw', 'csc'): 688.662, ('colw', 'count'): 688.694, ('colw', 'scan'): 688.73, ('colw', 'expand'): 688.747, ('colw', 'sort'): 688.855, ('colw', 'reduce'): 688.89, ('colw', 'final'): 688.94, ('colw', 'pack'): 688.958, ('colw', 'd2h'): 688.968, ('inner', 'start'): 689.08, ('inner', 'h2d'): 689.159, ('inner', 'csc'): 689.222, ('inner', 'count'): 689.242, ('inner', 'scan'): 689.276, ('inner', 'expand'): 689.293, ('inner', 'sort'): 689.4, ('inner', 'reduce'): 689.435, ('inner', 'final'): 689.483, ('inner', 'numeric'): 689.507, ('inner', 'pack'): 689.524, ('inner', 'd2h'): 689.535}"
Mildly sparse,arc130,130,1282,7.585798816568047,15631,15631,15631,15631,15631,0.0,,0.09100000000000819,0.18700000000001182,0.05499999999994998,0.033999999999991815,0.33299999999997,0.577,,,,,0.557,,0.651,0.655,0.681,"{('cu', 'start'): 689.984, ('cu', 'h2dmalloc'): 690.064, ('cu', 'h2d'): 690.086, ('cu', 'workest'): 690.177, ('cu', 'compute'): 690.364, ('cu', 'copy'): 690.419, ('cu', 'pack'): 690.438, ('cu', 'd2h'): 690.472, ('gust', 'start'): 690.574, ('gust', 'h2d'): 690.661, ('gust', 'count'): 690.686, ('gust', 'scan'): 690.726, ('gust', 'expand'): 690.765, ('gust', 'sort'): 690.889, ('gust', 'reduce'): 690.929, ('gust', 'final'): 690.99, ('gust', 'pack'): 691.006, ('gust', 'd2h'): 691.024, ('outer', 'start'): 691.14, ('outer', 'h2d'): 691.223, ('outer', 'csc'): 691.329, ('outer', 'count'): 691.35, ('outer', 'scan'): 691.384, ('outer', 'expand'): 691.415, ('outer', 'sort'): 691.534, ('outer', 'reduce'): 691.57, ('outer', 'final'): 691.633, ('outer', 'pack'): 691.65, ('outer', 'd2h'): 691.691, ('colw', 'start'): 691.801, ('colw', 'h2d'): 691.881, ('colw', 'csc'): 691.985, ('colw', 'count'): 692.009, ('colw', 'scan'): 692.051, ('colw', 'expand'): 692.096, ('colw', 'sort'): 692.223, ('colw', 'reduce'): 692.26, ('colw', 'final'): 692.315, ('colw', 'pack'): 692.332, ('colw', 'd2h'): 692.35, ('inner', 'start'): 692.466, ('inner', 'h2d'): 692.551, ('inner', 'csc'): 692.655, ('inner', 'count'): 692.679, ('inner', 'scan'): 692.713, ('inner', 'expand'): 692.751, ('inner', 'sort'): 692.87, ('inner', 'reduce'): 692.904, ('inner', 'final'): 692.957, ('inner', 'numeric'): 693.006, ('inner', 'pack'): 693.023, ('inner', 'd2h'): 693.054}"
Mildly sparse,ash85,85,523,7.2387543252595155,1317,1317,1317,1317,1317,0.0,,0.06800000000009732,0.16800000000000637,0.053999999999973625,0.023999999999887223,0.2900000000000773,0.508,,,,,0.504,,0.581,0.565,0.566,"{('cu', 'start'): 681.843, ('cu', 'h2dmalloc'): 681.915, ('cu', 'h2d'): 681.93, ('cu', 'workest'): 681.998, ('cu', 'compute'): 682.166, ('cu', 'copy'): 682.22, ('cu', 'pack'): 682.238, ('cu', 'd2h'): 682.262, ('gust', 'start'): 682.365, ('gust', 'h2d'): 682.448, ('gust', 'count'): 682.468, ('gust', 'scan'): 682.509, ('gust', 'expand'): 682.531, ('gust', 'sort'): 682.644, ('gust', 'reduce'): 682.684, ('gust', 'final'): 682.741, ('gust', 'pack'): 682.759, ('gust', 'd2h'): 682.769, ('outer', 'start'): 682.88, ('outer', 'h2d'): 682.961, ('outer', 'csc'): 683.026, ('outer', 'count'): 683.045, ('outer', 'scan'): 683.081, ('outer', 'expand'): 683.099, ('outer', 'sort'): 683.213, ('outer', 'reduce'): 683.252, ('outer', 'final'): 683.307, ('outer', 'pack'): 683.325, ('outer', 'd2h'): 683.335, ('colw', 'start'): 683.471, ('colw', 'h2d'): 683.552, ('colw', 'csc'): 683.626, ('colw', 'count'): 683.647, ('colw', 'scan'): 683.681, ('colw', 'expand'): 683.701, ('colw', 'sort'): 683.809, ('colw', 'reduce'): 683.847, ('colw', 'final'): 683.9, ('colw', 'pack'): 683.918, ('colw', 'd2h'): 683.928, ('inner', 'start'): 684.046, ('inner', 'h2d'): 684.125, ('inner', 'csc'): 684.188, ('inner', 'count'): 684.206, ('inner', 'scan'): 684.241, ('inner', 'expand'): 684.26, ('inner', 'sort'): 684.366, ('inner', 'reduce'): 684.402, ('inner', 'final'): 684.453, ('inner', 'numeric'): 684.477, ('inner', 'pack'): 684.494, ('inner', 'd2h'): 684.504}"
Mildly sparse,can_73,73,377,7.0744980296490905,1377,1377,1377,1377,1377,0.0,,0.07500000000004547,0.16499999999996362,0.055000000000063665,0.026000000000067303,0.29500000000007276,0.517,,,,,0.447,,0.524,0.493,0.493,"{('cu', 'start'): 678.481, ('cu', 'h2dmalloc'): 678.554, ('cu', 'h2d'): 678.568, ('cu', 'workest'): 678.643, ('cu', 'compute'): 678.808, ('cu', 'copy'): 678.863, ('cu', 'pack'): 678.882, ('cu', 'd2h'): 678.908, ('gust', 'start'): 679.012, ('gust', 'h2d'): 679.093, ('gust', 'count'): 679.112, ('gust', 'scan'): 679.154, ('gust', 'expand'): 679.175, ('gust', 'sort'): 679.222, ('gust', 'reduce'): 679.262, ('gust', 'final'): 679.318, ('gust', 'pack'): 679.336, ('gust', 'd2h'): 679.346, ('outer', 'start'): 679.47, ('outer', 'h2d'): 679.548, ('outer', 'csc'): 679.613, ('outer', 'count'): 679.633, ('outer', 'scan'): 679.669, ('outer', 'expand'): 679.689, ('outer', 'sort'): 679.734, ('outer', 'reduce'): 679.779, ('outer', 'final'): 679.841, ('outer', 'pack'): 679.858, ('outer', 'd2h'): 679.869, ('colw', 'start'): 680.004, ('colw', 'h2d'): 680.083, ('colw', 'csc'): 680.147, ('colw', 'count'): 680.166, ('colw', 'scan'): 680.202, ('colw', 'expand'): 680.222, ('colw', 'sort'): 680.266, ('colw', 'reduce'): 680.302, ('colw', 'final'): 680.353, ('colw', 'pack'): 680.38, ('colw', 'd2h'): 680.39, ('inner', 'start'): 680.507, ('inner', 'h2d'): 680.583, ('inner', 'csc'): 680.647, ('inner', 'count'): 680.666, ('inner', 'scan'): 680.701, ('inner', 'expand'): 680.72, ('inner', 'sort'): 680.765, ('inner', 'reduce'): 680.8, ('inner', 'final'): 680.851, ('inner', 'numeric'): 680.876, ('inner', 'pack'): 680.893, ('inner', 'd2h'): 680.903}"
Mildly sparse,bcspwr02,49,167,6.9554352353186175,403,403,403,403,403,0.0,,0.06899999999995998,0.16800000000000637,0.05600000000004002,0.02400000000000091,0.29300000000000637,0.508,,,,,0.443,,0.503,0.482,0.478,"{('cu', 'start'): 673.05, ('cu', 'h2dmalloc'): 673.123, ('cu', 'h2d'): 673.135, ('cu', 'workest'): 673.204, ('cu', 'compute'): 673.372, ('cu', 'copy'): 673.428, ('cu', 'pack'): 673.446, ('cu', 'd2h'): 673.47, ('gust', 'start'): 673.572, ('gust', 'h2d'): 673.651, ('gust', 'count'): 673.671, ('gust', 'scan'): 673.712, ('gust', 'expand'): 673.743, ('gust', 'sort'): 673.79, ('gust', 'reduce'): 673.829, ('gust', 'final'): 673.886, ('gust', 'pack'): 673.904, ('gust', 'd2h'): 673.914, ('outer', 'start'): 674.025, ('outer', 'h2d'): 674.103, ('outer', 'csc'): 674.164, ('outer', 'count'): 674.182, ('outer', 'scan'): 674.217, ('outer', 'expand'): 674.236, ('outer', 'sort'): 674.287, ('outer', 'reduce'): 674.322, ('outer', 'final'): 674.376, ('outer', 'pack'): 674.393, ('outer', 'd2h'): 674.404, ('colw', 'start'): 674.538, ('colw', 'h2d'): 674.616, ('colw', 'csc'): 674.677, ('colw', 'count'): 674.695, ('colw', 'scan'): 674.74, ('colw', 'expand'): 674.76, ('colw', 'sort'): 674.803, ('colw', 'reduce'): 674.838, ('colw', 'final'): 674.888, ('colw', 'pack'): 674.905, ('colw', 'd2h'): 674.915, ('inner', 'start'): 675.031, ('inner', 'h2d'): 675.106, ('inner', 'csc'): 675.165, ('inner', 'count'): 675.183, ('inner', 'scan'): 675.218, ('inner', 'expand'): 675.236, ('inner', 'sort'): 675.278, ('inner', 'reduce'): 675.312, ('inner', 'final'): 675.36, ('inner', 'numeric'): 675.384, ('inner', 'pack'): 675.402, ('inner', 'd2h'): 675.411}"
Mildly sparse,can_144,144,1296,6.25,3456,3456,3456,3456,3456,0.0,,0.08699999999998909,0.17099999999993543,0.059000000000082764,0.024999999999977263,0.3170000000000073,0.541,,,,,0.51,,0.61,0.568,0.567,"{('cu', 'start'): 694.459, ('cu', 'h2dmalloc'): 694.53, ('cu', 'h2d'): 694.547, ('cu', 'workest'): 694.634, ('cu', 'compute'): 694.805, ('cu', 'copy'): 694.864, ('cu', 'pack'): 694.883, ('cu', 'd2h'): 694.908, ('gust', 'start'): 695.015, ('gust', 'h2d'): 695.099, ('gust', 'count'): 695.119, ('gust', 'scan'): 695.159, ('gust', 'expand'): 695.183, ('gust', 'sort'): 695.298, ('gust', 'reduce'): 695.339, ('gust', 'final'): 695.396, ('gust', 'pack'): 695.414, ('gust', 'd2h'): 695.425, ('outer', 'start'): 695.537, ('outer', 'h2d'): 695.639, ('outer', 'csc'): 695.709, ('outer', 'count'): 695.728, ('outer', 'scan'): 695.765, ('outer', 'expand'): 695.786, ('outer', 'sort'): 695.897, ('outer', 'reduce'): 695.944, ('outer', 'final'): 695.995, ('outer', 'pack'): 696.013, ('outer', 'd2h'): 696.037, ('colw', 'start'): 696.158, ('colw', 'h2d'): 696.24, ('colw', 'csc'): 696.307, ('colw', 'count'): 696.327, ('colw', 'scan'): 696.363, ('colw', 'expand'): 696.384, ('colw', 'sort'): 696.495, ('colw', 'reduce'): 696.532, ('colw', 'final'): 696.592, ('colw', 'pack'): 696.611, ('colw', 'd2h'): 696.622, ('inner', 'start'): 696.737, ('inner', 'h2d'): 696.817, ('inner', 'csc'): 696.883, ('inner', 'count'): 696.903, ('inner', 'scan'): 696.938, ('inner', 'expand'): 696.958, ('inner', 'sort'): 697.068, ('inner', 'reduce'): 697.104, ('inner', 'final'): 697.152, ('inner', 'numeric'): 697.18, ('inner', 'pack'): 697.197, ('inner', 'd2h'): 697.208}"
Mildly sparse,can_62,62,218,5.6711758584807495,482,482,482,482,482,0.0,,0.06899999999995998,0.14999999999997726,0.05200000000002092,0.02400000000000091,0.27099999999995816,0.536,,,,,0.423,,0.488,0.45,0.456,"{('cu', 'start'): 685.144, ('cu', 'h2dmalloc'): 685.211, ('cu', 'h2d'): 685.225, ('cu', 'workest'): 685.294, ('cu', 'compute'): 685.444, ('cu', 'copy'): 685.496, ('cu', 'pack'): 685.514, ('cu', 'd2h'): 685.538, ('gust', 'start'): 685.692, ('gust', 'h2d'): 685.779, ('gust', 'count'): 685.801, ('gust', 'scan'): 685.843, ('gust', 'expand'): 685.863, ('gust', 'sort'): 685.909, ('gust', 'reduce'): 685.949, ('gust', 'final'): 686.003, ('gust', 'pack'): 686.021, ('gust', 'd2h'): 686.03, ('outer', 'start'): 686.125, ('outer', 'h2d'): 686.198, ('outer', 'csc'): 686.259, ('outer', 'count'): 686.277, ('outer', 'scan'): 686.31, ('outer', 'expand'): 686.329, ('outer', 'sort'): 686.373, ('outer', 'reduce'): 686.41, ('outer', 'final'): 686.468, ('outer', 'pack'): 686.485, ('outer', 'd2h'): 686.494, ('colw', 'start'): 686.623, ('colw', 'h2d'): 686.7, ('colw', 'csc'): 686.762, ('colw', 'count'): 686.781, ('colw', 'scan'): 686.815, ('colw', 'expand'): 686.833, ('colw', 'sort'): 686.875, ('colw', 'reduce'): 686.909, ('colw', 'final'): 686.957, ('colw', 'pack'): 686.974, ('colw', 'd2h'): 686.983, ('inner', 'start'): 687.081, ('inner', 'h2d'): 687.153, ('inner', 'csc'): 687.212, ('inner', 'count'): 687.23, ('inner', 'scan'): 687.264, ('inner', 'expand'): 687.281, ('inner', 'sort'): 687.324, ('inner', 'reduce'): 687.356, ('inner', 'final'): 687.405, ('inner', 'numeric'): 687.428, ('inner', 'pack'): 687.445, ('inner', 'd2h'): 687.454}"
Mildly sparse,can_161,161,1377,5.31229505034528,3761,3761,3761,3761,3761,0.0,,0.07000000000005002,0.18600000000003547,0.057999999999992724,0.025999999999953616,0.3140000000000782,0.528,,,,,0.479,,0.553,0.526,0.554,"{('cu', 'start'): 688.457, ('cu', 'h2dmalloc'): 688.526, ('cu', 'h2d'): 688.545, ('cu', 'workest'): 688.615, ('cu', 'compute'): 688.801, ('cu', 'copy'): 688.859, ('cu', 'pack'): 688.878, ('cu', 'd2h'): 688.904, ('gust', 'start'): 688.996, ('gust', 'h2d'): 689.077, ('gust', 'count'): 689.098, ('gust', 'scan'): 689.137, ('gust', 'expand'): 689.159, ('gust', 'sort'): 689.269, ('gust', 'reduce'): 689.307, ('gust', 'final'): 689.362, ('gust', 'pack'): 689.379, ('gust', 'd2h'): 689.39, ('outer', 'start'): 689.486, ('outer', 'h2d'): 689.563, ('outer', 'csc'): 689.627, ('outer', 'count'): 689.645, ('outer', 'scan'): 689.678, ('outer', 'expand'): 689.697, ('outer', 'sort'): 689.805, ('outer', 'reduce'): 689.848, ('outer', 'final'): 689.897, ('outer', 'pack'): 689.915, ('outer', 'd2h'): 689.94, ('colw', 'start'): 690.048, ('colw', 'h2d'): 690.129, ('colw', 'csc'): 690.194, ('colw', 'count'): 690.214, ('colw', 'scan'): 690.247, ('colw', 'expand'): 690.267, ('colw', 'sort'): 690.374, ('colw', 'reduce'): 690.409, ('colw', 'final'): 690.456, ('colw', 'pack'): 690.473, ('colw', 'd2h'): 690.484, ('inner', 'start'): 690.583, ('inner', 'h2d'): 690.661, ('inner', 'csc'): 690.724, ('inner', 'count'): 690.743, ('inner', 'scan'): 690.781, ('inner', 'expand'): 690.802, ('inner', 'sort'): 690.908, ('inner', 'reduce'): 690.942, ('inner', 'final'): 690.995, ('inner', 'numeric'): 691.02, ('inner', 'pack'): 691.038, ('inner', 'd2h'): 691.049}"
Mildly sparse,bcsstk03,112,640,5.1020408163265305,1072,1072,1072,1072,1072,0.0,,0.06699999999989359,0.16000000000008185,0.05200000000002092,0.02400000000000091,0.27899999999999636,0.48,,,,,0.486,,0.541,0.511,0.527,"{('cu', 'start'): 674.458, ('cu', 'h2dmalloc'): 674.527, ('cu', 'h2d'): 674.541, ('cu', 'workest'): 674.608, ('cu', 'compute'): 674.768, ('cu', 'copy'): 674.82, ('cu', 'pack'): 674.838, ('cu', 'd2h'): 674.862, ('gust', 'start'): 674.951, ('gust', 'h2d'): 675.03, ('gust', 'count'): 675.048, ('gust', 'scan'): 675.086, ('gust', 'expand'): 675.107, ('gust', 'sort'): 675.217, ('gust', 'reduce'): 675.255, ('gust', 'final'): 675.323, ('gust', 'pack'): 675.341, ('gust', 'd2h'): 675.35, ('outer', 'start'): 675.446, ('outer', 'h2d'): 675.524, ('outer', 'csc'): 675.585, ('outer', 'count'): 675.604, ('outer', 'scan'): 675.636, ('outer', 'expand'): 675.653, ('outer', 'sort'): 675.76, ('outer', 'reduce'): 675.803, ('outer', 'final'): 675.851, ('outer', 'pack'): 675.868, ('outer', 'd2h'): 675.877, ('colw', 'start'): 675.997, ('colw', 'h2d'): 676.076, ('colw', 'csc'): 676.136, ('colw', 'count'): 676.155, ('colw', 'scan'): 676.187, ('colw', 'expand'): 676.204, ('colw', 'sort'): 676.309, ('colw', 'reduce'): 676.344, ('colw', 'final'): 676.392, ('colw', 'pack'): 676.409, ('colw', 'd2h'): 676.418, ('inner', 'start'): 676.517, ('inner', 'h2d'): 676.59, ('inner', 'csc'): 676.65, ('inner', 'count'): 676.668, ('inner', 'scan'): 676.7, ('inner', 'expand'): 676.719, ('inner', 'sort'): 676.822, ('inner', 'reduce'): 676.857, ('inner', 'final'): 676.91, ('inner', 'numeric'): 676.933, ('inner', 'pack'): 676.95, ('inner', 'd2h'): 676.959}"
Mildly sparse,bcsstk06,420,7860,4.45578231292517,23660,23660,23660,23660,23660,0.0,,0.08199999999999363,0.26300000000003365,0.05999999999994543,0.1230000000000473,0.4049999999999727,0.712,,,,,0.826,,1.048,1.025,1.044,"{('cu', 'start'): 668.992, ('cu', 'h2dmalloc'): 669.06, ('cu', 'h2d'): 669.077, ('cu', 'workest'): 669.159, ('cu', 'compute'): 669.422, ('cu', 'copy'): 669.482, ('cu', 'pack'): 669.501, ('cu', 'd2h'): 669.624, ('gust', 'start'): 669.718, ('gust', 'h2d'): 669.799, ('gust', 'count'): 669.821, ('gust', 'scan'): 669.86, ('gust', 'expand'): 669.889, ('gust', 'sort'): 670.166, ('gust', 'reduce'): 670.274, ('gust', 'final'): 670.336, ('gust', 'pack'): 670.356, ('gust', 'd2h'): 670.379, ('outer', 'start'): 670.556, ('outer', 'h2d'): 670.633, ('outer', 'csc'): 670.711, ('outer', 'count'): 670.73, ('outer', 'scan'): 670.765, ('outer', 'expand'): 670.847, ('outer', 'sort'): 671.118, ('outer', 'reduce'): 671.225, ('outer', 'final'): 671.368, ('outer', 'pack'): 671.389, ('outer', 'd2h'): 671.427, ('colw', 'start'): 671.616, ('colw', 'h2d'): 671.696, ('colw', 'csc'): 671.775, ('colw', 'count'): 671.795, ('colw', 'scan'): 671.83, ('colw', 'expand'): 671.919, ('colw', 'sort'): 672.184, ('colw', 'reduce'): 672.29, ('colw', 'final'): 672.424, ('colw', 'pack'): 672.445, ('colw', 'd2h'): 672.469, ('inner', 'start'): 672.653, ('inner', 'h2d'): 672.732, ('inner', 'csc'): 672.81, ('inner', 'count'): 672.83, ('inner', 'scan'): 672.865, ('inner', 'expand'): 672.951, ('inner', 'sort'): 673.215, ('inner', 'reduce'): 673.321, ('inner', 'final'): 673.453, ('inner', 'numeric'): 673.489, ('inner', 'pack'): 673.508, ('inner', 'd2h'): 673.532}"
Mildly sparse,bcsstk07,420,7860,4.45578231292517,23660,23660,23660,23660,23660,0.0,,0.07200000000000273,0.2659999999999627,0.06500000000005457,0.12199999999995725,0.40300000000002,0.707,,,,,0.831,,1.041,1.04,1.056,"{('cu', 'start'): 671.762, ('cu', 'h2dmalloc'): 671.828, ('cu', 'h2d'): 671.846, ('cu', 'workest'): 671.918, ('cu', 'compute'): 672.184, ('cu', 'copy'): 672.249, ('cu', 'pack'): 672.269, ('cu', 'd2h'): 672.391, ('gust', 'start'): 672.483, ('gust', 'h2d'): 672.564, ('gust', 'count'): 672.587, ('gust', 'scan'): 672.626, ('gust', 'expand'): 672.656, ('gust', 'sort'): 672.923, ('gust', 'reduce'): 673.042, ('gust', 'final'): 673.106, ('gust', 'pack'): 673.125, ('gust', 'd2h'): 673.149, ('outer', 'start'): 673.327, ('outer', 'h2d'): 673.404, ('outer', 'csc'): 673.484, ('outer', 'count'): 673.504, ('outer', 'scan'): 673.539, ('outer', 'expand'): 673.62, ('outer', 'sort'): 673.882, ('outer', 'reduce'): 673.992, ('outer', 'final'): 674.134, ('outer', 'pack'): 674.155, ('outer', 'd2h'): 674.192, ('colw', 'start'): 674.381, ('colw', 'h2d'): 674.463, ('colw', 'csc'): 674.543, ('colw', 'count'): 674.564, ('colw', 'scan'): 674.599, ('colw', 'expand'): 674.688, ('colw', 'sort'): 674.951, ('colw', 'reduce'): 675.061, ('colw', 'final'): 675.202, ('colw', 'pack'): 675.224, ('colw', 'd2h'): 675.248, ('inner', 'start'): 675.433, ('inner', 'h2d'): 675.512, ('inner', 'csc'): 675.592, ('inner', 'count'): 675.612, ('inner', 'scan'): 675.649, ('inner', 'expand'): 675.733, ('inner', 'sort'): 676.004, ('inner', 'reduce'): 676.11, ('inner', 'final'): 676.245, ('inner', 'numeric'): 676.282, ('inner', 'pack'): 676.303, ('inner', 'd2h'): 676.327}"
Mildly sparse,can_256,256,2916,4.449462890625,18568,18568,18568,18568,18568,0.0,,0.07400000000006912,0.19499999999993634,0.057999999999992724,0.03599999999994452,0.3269999999999982,0.571,,,,,0.573,,0.671,0.64,0.669,"{('cu', 'start'): 679.472, ('cu', 'h2dmalloc'): 679.544, ('cu', 'h2d'): 679.573, ('cu', 'workest'): 679.647, ('cu', 'compute'): 679.842, ('cu', 'copy'): 679.9, ('cu', 'pack'): 679.918, ('cu', 'd2h'): 679.954, ('gust', 'start'): 680.059, ('gust', 'h2d'): 680.147, ('gust', 'count'): 680.171, ('gust', 'scan'): 680.222, ('gust', 'expand'): 680.256, ('gust', 'sort'): 680.381, ('gust', 'reduce'): 680.423, ('gust', 'final'): 680.483, ('gust', 'pack'): 680.502, ('gust', 'd2h'): 680.522, ('outer', 'start'): 680.644, ('outer', 'h2d'): 680.734, ('outer', 'csc'): 680.836, ('outer', 'count'): 680.853, ('outer', 'scan'): 680.89, ('outer', 'expand'): 680.916, ('outer', 'sort'): 681.036, ('outer', 'reduce'): 681.083, ('outer', 'final'): 681.138, ('outer', 'pack'): 681.156, ('outer', 'd2h'): 681.191, ('colw', 'start'): 681.326, ('colw', 'h2d'): 681.413, ('colw', 'csc'): 681.514, ('colw', 'count'): 681.535, ('colw', 'scan'): 681.571, ('colw', 'expand'): 681.603, ('colw', 'sort'): 681.723, ('colw', 'reduce'): 681.762, ('colw', 'final'): 681.821, ('colw', 'pack'): 681.838, ('colw', 'd2h'): 681.859, ('inner', 'start'): 681.976, ('inner', 'h2d'): 682.061, ('inner', 'csc'): 682.16, ('inner', 'count'): 682.18, ('inner', 'scan'): 682.224, ('inner', 'expand'): 682.255, ('inner', 'sort'): 682.377, ('inner', 'reduce'): 682.413, ('inner', 'final'): 682.466, ('inner', 'numeric'): 682.508, ('inner', 'pack'): 682.526, ('inner', 'd2h'): 682.546}"
Mildly sparse,can_268,268,3082,4.291044776119403,15590,15590,15590,15590,15590,0.0,,0.06700000000000728,0.18700000000001182,0.053999999999973625,0.03300000000001546,0.3079999999999927,0.535,,,,,0.513,,0.605,0.566,0.604,"{('cu', 'start'): 664.4, ('cu', 'h2dmalloc'): 664.472, ('cu', 'h2d'): 664.487, ('cu', 'workest'): 664.554, ('cu', 'compute'): 664.741, ('cu', 'copy'): 664.795, ('cu', 'pack'): 664.813, ('cu', 'd2h'): 664.846, ('gust', 'start'): 664.946, ('gust', 'h2d'): 665.031, ('gust', 'count'): 665.053, ('gust', 'scan'): 665.091, ('gust', 'expand'): 665.118, ('gust', 'sort'): 665.245, ('gust', 'reduce'): 665.283, ('gust', 'final'): 665.339, ('gust', 'pack'): 665.356, ('gust', 'd2h'): 665.375, ('outer', 'start'): 665.469, ('outer', 'h2d'): 665.547, ('outer', 'csc'): 665.62, ('outer', 'count'): 665.639, ('outer', 'scan'): 665.672, ('outer', 'expand'): 665.694, ('outer', 'sort'): 665.815, ('outer', 'reduce'): 665.859, ('outer', 'final'): 665.922, ('outer', 'pack'): 665.94, ('outer', 'd2h'): 665.974, ('colw', 'start'): 666.085, ('colw', 'h2d'): 666.164, ('colw', 'csc'): 666.239, ('colw', 'count'): 666.26, ('colw', 'scan'): 666.294, ('colw', 'expand'): 666.318, ('colw', 'sort'): 666.44, ('colw', 'reduce'): 666.475, ('colw', 'final'): 666.527, ('colw', 'pack'): 666.544, ('colw', 'd2h'): 666.562, ('inner', 'start'): 666.66, ('inner', 'h2d'): 666.736, ('inner', 'csc'): 666.808, ('inner', 'count'): 666.828, ('inner', 'scan'): 666.86, ('inner', 'expand'): 666.885, ('inner', 'sort'): 667.016, ('inner', 'reduce'): 667.051, ('inner', 'final'): 667.109, ('inner', 'numeric'): 667.141, ('inner', 'pack'): 667.158, ('inner', 'd2h'): 667.176}"
Mildly sparse,can_187,187,1491,4.26377648774629,3719,3719,3719,3719,3719,0.0,,0.07600000000002183,0.17999999999994998,0.057999999999992724,0.027000000000043656,0.31399999999996453,0.542,,,,,0.545,,0.606,0.566,0.584,"{('cu', 'start'): 672.57, ('cu', 'h2dmalloc'): 672.645, ('cu', 'h2d'): 672.663, ('cu', 'workest'): 672.739, ('cu', 'compute'): 672.919, ('cu', 'copy'): 672.977, ('cu', 'pack'): 672.996, ('cu', 'd2h'): 673.023, ('gust', 'start'): 673.127, ('gust', 'h2d'): 673.236, ('gust', 'count'): 673.259, ('gust', 'scan'): 673.303, ('gust', 'expand'): 673.325, ('gust', 'sort'): 673.442, ('gust', 'reduce'): 673.484, ('gust', 'final'): 673.541, ('gust', 'pack'): 673.56, ('gust', 'd2h'): 673.571, ('outer', 'start'): 673.684, ('outer', 'h2d'): 673.768, ('outer', 'csc'): 673.836, ('outer', 'count'): 673.856, ('outer', 'scan'): 673.892, ('outer', 'expand'): 673.911, ('outer', 'sort'): 674.024, ('outer', 'reduce'): 674.072, ('outer', 'final'): 674.124, ('outer', 'pack'): 674.141, ('outer', 'd2h'): 674.176, ('colw', 'start'): 674.301, ('colw', 'h2d'): 674.386, ('colw', 'csc'): 674.454, ('colw', 'count'): 674.475, ('colw', 'scan'): 674.512, ('colw', 'expand'): 674.532, ('colw', 'sort'): 674.644, ('colw', 'reduce'): 674.681, ('colw', 'final'): 674.733, ('colw', 'pack'): 674.752, ('colw', 'd2h'): 674.763, ('inner', 'start'): 674.877, ('inner', 'h2d'): 674.96, ('inner', 'csc'): 675.024, ('inner', 'count'): 675.043, ('inner', 'scan'): 675.078, ('inner', 'expand'): 675.098, ('inner', 'sort'): 675.209, ('inner', 'reduce'): 675.246, ('inner', 'final'): 675.303, ('inner', 'numeric'): 675.329, ('inner', 'pack'): 675.348, ('inner', 'd2h'): 675.358}"
Mildly sparse,bcsstm07,420,7252,4.111111111111112,22972,22972,22972,22972,22972,0.0,,0.07100000000002638,0.2580000000000382,0.05999999999994543,0.13600000000008095,0.38900000000001,0.711,,,,,0.816,,1.06,1.013,0.897,"{('cu', 'start'): 712.24, ('cu', 'h2dmalloc'): 712.307, ('cu', 'h2d'): 712.324, ('cu', 'workest'): 712.395, ('cu', 'compute'): 712.653, ('cu', 'copy'): 712.713, ('cu', 'pack'): 712.732, ('cu', 'd2h'): 712.868, ('gust', 'start'): 712.965, ('gust', 'h2d'): 713.05, ('gust', 'count'): 713.072, ('gust', 'scan'): 713.111, ('gust', 'expand'): 713.141, ('gust', 'sort'): 713.409, ('gust', 'reduce'): 713.512, ('gust', 'final'): 713.575, ('gust', 'pack'): 713.593, ('gust', 'd2h'): 713.617, ('outer', 'start'): 713.794, ('outer', 'h2d'): 713.881, ('outer', 'csc'): 713.961, ('outer', 'count'): 713.98, ('outer', 'scan'): 714.016, ('outer', 'expand'): 714.038, ('outer', 'sort'): 714.307, ('outer', 'reduce'): 714.414, ('outer', 'final'): 714.548, ('outer', 'pack'): 714.627, ('outer', 'd2h'): 714.668, ('colw', 'start'): 714.865, ('colw', 'h2d'): 714.945, ('colw', 'csc'): 715.024, ('colw', 'count'): 715.045, ('colw', 'scan'): 715.081, ('colw', 'expand'): 715.107, ('colw', 'sort'): 715.372, ('colw', 'reduce'): 715.47, ('colw', 'final'): 715.6, ('colw', 'pack'): 715.676, ('colw', 'd2h'): 715.702, ('inner', 'start'): 715.89, ('inner', 'h2d'): 715.967, ('inner', 'csc'): 716.045, ('inner', 'count'): 716.065, ('inner', 'scan'): 716.101, ('inner', 'expand'): 716.126, ('inner', 'sort'): 716.39, ('inner', 'reduce'): 716.488, ('inner', 'final'): 716.617, ('inner', 'numeric'): 716.651, ('inner', 'pack'): 716.67, ('inner', 'd2h'): 716.695}"
Mildly sparse,bcsstk27,1224,56126,3.7462888205391085,138106,138106,138106,138106,138106,0.0,,0.07100000000002638,0.4880000000000564,0.12999999999999545,0.21600000000000819,0.6890000000000782,1.182,,,,,1.751,,1.844,1.845,1.906,"{('cu', 'start'): 684.755, ('cu', 'h2dmalloc'): 684.815, ('cu', 'h2d'): 684.872, ('cu', 'workest'): 684.943, ('cu', 'compute'): 685.431, ('cu', 'copy'): 685.561, ('cu', 'pack'): 685.583, ('cu', 'd2h'): 685.799, ('gust', 'start'): 685.949, ('gust', 'h2d'): 686.066, ('gust', 'count'): 686.09, ('gust', 'scan'): 686.13, ('gust', 'expand'): 686.299, ('gust', 'sort'): 686.852, ('gust', 'reduce'): 687.026, ('gust', 'final'): 687.365, ('gust', 'pack'): 687.453, ('gust', 'd2h'): 687.564, ('outer', 'start'): 687.712, ('outer', 'h2d'): 687.825, ('outer', 'csc'): 687.928, ('outer', 'count'): 687.948, ('outer', 'scan'): 687.984, ('outer', 'expand'): 688.125, ('outer', 'sort'): 688.679, ('outer', 'reduce'): 688.862, ('outer', 'final'): 689.068, ('outer', 'pack'): 689.169, ('outer', 'd2h'): 689.28, ('colw', 'start'): 689.566, ('colw', 'h2d'): 689.683, ('colw', 'csc'): 689.788, ('colw', 'count'): 689.811, ('colw', 'scan'): 689.846, ('colw', 'expand'): 690.002, ('colw', 'sort'): 690.55, ('colw', 'reduce'): 690.728, ('colw', 'final'): 690.937, ('colw', 'pack'): 691.019, ('colw', 'd2h'): 691.13, ('inner', 'start'): 691.421, ('inner', 'h2d'): 691.536, ('inner', 'csc'): 691.641, ('inner', 'count'): 691.665, ('inner', 'scan'): 691.7, ('inner', 'expand'): 691.856, ('inner', 'sort'): 692.411, ('inner', 'reduce'): 692.586, ('inner', 'final'): 692.792, ('inner', 'numeric'): 692.982, ('inner', 'pack'): 693.064, ('inner', 'd2h'): 693.174}"
Mildly sparse,bcsstm27,1224,56126,3.7462888205391085,138106,138106,138106,138106,138106,0.0,,0.07600000000002183,0.5059999999999718,0.13400000000001455,0.21899999999993724,0.7160000000000082,1.23,,,,,1.86,,2.076,2.142,2.012,"{('cu', 'start'): 699.845, ('cu', 'h2dmalloc'): 699.909, ('cu', 'h2d'): 699.954, ('cu', 'workest'): 700.03, ('cu', 'compute'): 700.536, ('cu', 'copy'): 700.67, ('cu', 'pack'): 700.692, ('cu', 'd2h'): 700.911, ('gust', 'start'): 701.091, ('gust', 'h2d'): 701.199, ('gust', 'count'): 701.223, ('gust', 'scan'): 701.28, ('gust', 'expand'): 701.449, ('gust', 'sort'): 702.02, ('gust', 'reduce'): 702.2, ('gust', 'final'): 702.597, ('gust', 'pack'): 702.688, ('gust', 'd2h'): 702.788, ('outer', 'start'): 702.963, ('outer', 'h2d'): 703.066, ('outer', 'csc'): 703.173, ('outer', 'count'): 703.192, ('outer', 'scan'): 703.23, ('outer', 'expand'): 703.401, ('outer', 'sort'): 703.98, ('outer', 'reduce'): 704.156, ('outer', 'final'): 704.427, ('outer', 'pack'): 704.539, ('outer', 'd2h'): 704.638, ('colw', 'start'): 705.057, ('colw', 'h2d'): 705.195, ('colw', 'csc'): 705.329, ('colw', 'count'): 705.362, ('colw', 'scan'): 705.413, ('colw', 'expand'): 705.637, ('colw', 'sort'): 706.238, ('colw', 'reduce'): 706.444, ('colw', 'final'): 706.685, ('colw', 'pack'): 706.772, ('colw', 'd2h'): 706.871, ('inner', 'start'): 707.212, ('inner', 'h2d'): 707.33, ('inner', 'csc'): 707.439, ('inner', 'count'): 707.464, ('inner', 'scan'): 707.501, ('inner', 'expand'): 707.662, ('inner', 'sort'): 708.232, ('inner', 'reduce'): 708.419, ('inner', 'final'): 708.657, ('inner', 'numeric'): 708.877, ('inner', 'pack'): 708.962, ('inner', 'd2h'): 709.062}"
Mildly sparse,bcsstk22,138,696,3.6546943919344677,1552,1552,1552,1552,1552,0.0,,0.07100000000002638,0.16800000000000637,0.05600000000004002,0.02400000000000091,0.29500000000007276,0.499,,,,,0.476,,0.552,0.519,0.527,"{('cu', 'start'): 666.213, ('cu', 'h2dmalloc'): 666.285, ('cu', 'h2d'): 666.299, ('cu', 'workest'): 666.37, ('cu', 'compute'): 666.538, ('cu', 'copy'): 666.594, ('cu', 'pack'): 666.612, ('cu', 'd2h'): 666.636, ('gust', 'start'): 666.735, ('gust', 'h2d'): 666.818, ('gust', 'count'): 666.838, ('gust', 'scan'): 666.875, ('gust', 'expand'): 666.896, ('gust', 'sort'): 667.006, ('gust', 'reduce'): 667.045, ('gust', 'final'): 667.099, ('gust', 'pack'): 667.117, ('gust', 'd2h'): 667.126, ('outer', 'start'): 667.22, ('outer', 'h2d'): 667.295, ('outer', 'csc'): 667.355, ('outer', 'count'): 667.374, ('outer', 'scan'): 667.406, ('outer', 'expand'): 667.424, ('outer', 'sort'): 667.531, ('outer', 'reduce'): 667.58, ('outer', 'final'): 667.627, ('outer', 'pack'): 667.643, ('outer', 'd2h'): 667.653, ('colw', 'start'): 667.782, ('colw', 'h2d'): 667.863, ('colw', 'csc'): 667.925, ('colw', 'count'): 667.943, ('colw', 'scan'): 667.975, ('colw', 'expand'): 667.993, ('colw', 'sort'): 668.099, ('colw', 'reduce'): 668.134, ('colw', 'final'): 668.186, ('colw', 'pack'): 668.202, ('colw', 'd2h'): 668.211, ('inner', 'start'): 668.309, ('inner', 'h2d'): 668.385, ('inner', 'csc'): 668.445, ('inner', 'count'): 668.463, ('inner', 'scan'): 668.495, ('inner', 'expand'): 668.513, ('inner', 'sort'): 668.619, ('inner', 'reduce'): 668.653, ('inner', 'final'): 668.699, ('inner', 'numeric'): 668.724, ('inner', 'pack'): 668.742, ('inner', 'd2h'): 668.751}"
Mildly sparse,bcspwr03,118,476,3.418557885665039,1270,1270,1270,1270,1270,0.0,,0.07200000000000273,0.16999999999995907,0.05700000000001637,0.024999999999977263,0.29899999999997817,0.516,,,,,0.442,,0.522,0.503,0.492,"{('cu', 'start'): 667.937, ('cu', 'h2dmalloc'): 668.008, ('cu', 'h2d'): 668.024, ('cu', 'workest'): 668.096, ('cu', 'compute'): 668.266, ('cu', 'copy'): 668.323, ('cu', 'pack'): 668.341, ('cu', 'd2h'): 668.366, ('gust', 'start'): 668.468, ('gust', 'h2d'): 668.548, ('gust', 'count'): 668.568, ('gust', 'scan'): 668.61, ('gust', 'expand'): 668.632, ('gust', 'sort'): 668.68, ('gust', 'reduce'): 668.721, ('gust', 'final'): 668.778, ('gust', 'pack'): 668.796, ('gust', 'd2h'): 668.806, ('outer', 'start'): 668.921, ('outer', 'h2d'): 668.999, ('outer', 'csc'): 669.065, ('outer', 'count'): 669.084, ('outer', 'scan'): 669.12, ('outer', 'expand'): 669.139, ('outer', 'sort'): 669.185, ('outer', 'reduce'): 669.229, ('outer', 'final'): 669.294, ('outer', 'pack'): 669.311, ('outer', 'd2h'): 669.322, ('colw', 'start'): 669.454, ('colw', 'h2d'): 669.533, ('colw', 'csc'): 669.598, ('colw', 'count'): 669.617, ('colw', 'scan'): 669.653, ('colw', 'expand'): 669.673, ('colw', 'sort'): 669.718, ('colw', 'reduce'): 669.763, ('colw', 'final'): 669.813, ('colw', 'pack'): 669.831, ('colw', 'd2h'): 669.851, ('inner', 'start'): 669.968, ('inner', 'h2d'): 670.046, ('inner', 'csc'): 670.109, ('inner', 'count'): 670.127, ('inner', 'scan'): 670.162, ('inner', 'expand'): 670.183, ('inner', 'sort'): 670.228, ('inner', 'reduce'): 670.263, ('inner', 'final'): 670.313, ('inner', 'numeric'): 670.337, ('inner', 'pack'): 670.355, ('inner', 'd2h'): 670.365}"
Mildly sparse,can_229,229,1777,3.388570012013501,5017,5017,5017,5017,5017,0.0,,0.07600000000002183,0.17600000000004457,0.05700000000001637,0.025999999999953616,0.30900000000008276,0.535,,,,,0.523,,0.604,0.565,0.584,"{('cu', 'start'): 689.096, ('cu', 'h2dmalloc'): 689.168, ('cu', 'h2d'): 689.185, ('cu', 'workest'): 689.261, ('cu', 'compute'): 689.437, ('cu', 'copy'): 689.494, ('cu', 'pack'): 689.513, ('cu', 'd2h'): 689.539, ('gust', 'start'): 689.647, ('gust', 'h2d'): 689.746, ('gust', 'count'): 689.766, ('gust', 'scan'): 689.807, ('gust', 'expand'): 689.829, ('gust', 'sort'): 689.947, ('gust', 'reduce'): 689.987, ('gust', 'final'): 690.043, ('gust', 'pack'): 690.06, ('gust', 'd2h'): 690.072, ('outer', 'start'): 690.182, ('outer', 'h2d'): 690.268, ('outer', 'csc'): 690.335, ('outer', 'count'): 690.354, ('outer', 'scan'): 690.389, ('outer', 'expand'): 690.408, ('outer', 'sort'): 690.521, ('outer', 'reduce'): 690.568, ('outer', 'final'): 690.621, ('outer', 'pack'): 690.638, ('outer', 'd2h'): 690.665, ('colw', 'start'): 690.797, ('colw', 'h2d'): 690.881, ('colw', 'csc'): 690.949, ('colw', 'count'): 690.969, ('colw', 'scan'): 691.006, ('colw', 'expand'): 691.026, ('colw', 'sort'): 691.139, ('colw', 'reduce'): 691.176, ('colw', 'final'): 691.228, ('colw', 'pack'): 691.245, ('colw', 'd2h'): 691.258, ('inner', 'start'): 691.374, ('inner', 'h2d'): 691.455, ('inner', 'csc'): 691.521, ('inner', 'count'): 691.54, ('inner', 'scan'): 691.575, ('inner', 'expand'): 691.596, ('inner', 'sort'): 691.709, ('inner', 'reduce'): 691.745, ('inner', 'final'): 691.803, ('inner', 'numeric'): 691.829, ('inner', 'pack'): 691.847, ('inner', 'd2h'): 691.859}"
Mildly sparse,can_292,292,2540,2.9789829236254457,11670,11670,11670,11670,11670,0.0,,0.07600000000002183,0.19799999999997908,0.057999999999992724,0.03200000000003911,0.33199999999999363,0.561,,,,,0.608,,0.651,0.603,0.621,"{('cu', 'start'): 677.525, ('cu', 'h2dmalloc'): 677.598, ('cu', 'h2d'): 677.616, ('cu', 'workest'): 677.692, ('cu', 'compute'): 677.89, ('cu', 'copy'): 677.948, ('cu', 'pack'): 677.967, ('cu', 'd2h'): 677.999, ('gust', 'start'): 678.101, ('gust', 'h2d'): 678.19, ('gust', 'count'): 678.212, ('gust', 'scan'): 678.252, ('gust', 'expand'): 678.279, ('gust', 'sort'): 678.455, ('gust', 'reduce'): 678.499, ('gust', 'final'): 678.56, ('gust', 'pack'): 678.58, ('gust', 'd2h'): 678.596, ('outer', 'start'): 678.722, ('outer', 'h2d'): 678.816, ('outer', 'csc'): 678.899, ('outer', 'count'): 678.918, ('outer', 'scan'): 678.954, ('outer', 'expand'): 678.976, ('outer', 'sort'): 679.098, ('outer', 'reduce'): 679.136, ('outer', 'final'): 679.197, ('outer', 'pack'): 679.215, ('outer', 'd2h'): 679.251, ('colw', 'start'): 679.385, ('colw', 'h2d'): 679.476, ('colw', 'csc'): 679.56, ('colw', 'count'): 679.58, ('colw', 'scan'): 679.615, ('colw', 'expand'): 679.639, ('colw', 'sort'): 679.76, ('colw', 'reduce'): 679.797, ('colw', 'final'): 679.849, ('colw', 'pack'): 679.867, ('colw', 'd2h'): 679.883, ('inner', 'start'): 679.998, ('inner', 'h2d'): 680.083, ('inner', 'csc'): 680.164, ('inner', 'count'): 680.184, ('inner', 'scan'): 680.219, ('inner', 'expand'): 680.243, ('inner', 'sort'): 680.363, ('inner', 'reduce'): 680.4, ('inner', 'final'): 680.452, ('inner', 'numeric'): 680.484, ('inner', 'pack'): 680.503, ('inner', 'd2h'): 680.52}"
Mildly sparse,ash292,292,2208,2.589604053293301,6042,6042,6042,6042,6042,0.0,,0.06900000000007367,0.16699999999991633,0.05400000000008731,0.027000000000043656,0.2900000000000773,0.506,,,,,0.498,,0.562,0.549,0.56,"{('cu', 'start'): 682.695, ('cu', 'h2dmalloc'): 682.767, ('cu', 'h2d'): 682.79, ('cu', 'workest'): 682.859, ('cu', 'compute'): 683.026, ('cu', 'copy'): 683.08, ('cu', 'pack'): 683.098, ('cu', 'd2h'): 683.125, ('gust', 'start'): 683.213, ('gust', 'h2d'): 683.303, ('gust', 'count'): 683.322, ('gust', 'scan'): 683.359, ('gust', 'expand'): 683.391, ('gust', 'sort'): 683.502, ('gust', 'reduce'): 683.541, ('gust', 'final'): 683.594, ('gust', 'pack'): 683.611, ('gust', 'd2h'): 683.623, ('outer', 'start'): 683.72, ('outer', 'h2d'): 683.808, ('outer', 'csc'): 683.873, ('outer', 'count'): 683.891, ('outer', 'scan'): 683.924, ('outer', 'expand'): 683.942, ('outer', 'sort'): 684.049, ('outer', 'reduce'): 684.092, ('outer', 'final'): 684.142, ('outer', 'pack'): 684.159, ('outer', 'd2h'): 684.186, ('colw', 'start'): 684.291, ('colw', 'h2d'): 684.384, ('colw', 'csc'): 684.452, ('colw', 'count'): 684.471, ('colw', 'scan'): 684.503, ('colw', 'expand'): 684.523, ('colw', 'sort'): 684.629, ('colw', 'reduce'): 684.663, ('colw', 'final'): 684.719, ('colw', 'pack'): 684.735, ('colw', 'd2h'): 684.748, ('inner', 'start'): 684.849, ('inner', 'h2d'): 684.937, ('inner', 'csc'): 685.002, ('inner', 'count'): 685.021, ('inner', 'scan'): 685.054, ('inner', 'expand'): 685.074, ('inner', 'sort'): 685.182, ('inner', 'reduce'): 685.215, ('inner', 'final'): 685.263, ('inner', 'numeric'): 685.286, ('inner', 'pack'): 685.303, ('inner', 'd2h'): 685.315}"
Mildly sparse,bcspwr04,274,1612,2.1471575470190207,4982,4982,4982,4982,4982,0.0,,0.07100000000002638,0.16599999999993997,0.055000000000063665,0.02800000000002001,0.29200000000003,0.52,,,,,0.528,,0.588,0.563,0.588,"{('cu', 'start'): 675.386, ('cu', 'h2dmalloc'): 675.459, ('cu', 'h2d'): 675.476, ('cu', 'workest'): 675.547, ('cu', 'compute'): 675.713, ('cu', 'copy'): 675.768, ('cu', 'pack'): 675.787, ('cu', 'd2h'): 675.815, ('gust', 'start'): 675.92, ('gust', 'h2d'): 676.006, ('gust', 'count'): 676.027, ('gust', 'scan'): 676.069, ('gust', 'expand'): 676.093, ('gust', 'sort'): 676.208, ('gust', 'reduce'): 676.248, ('gust', 'final'): 676.305, ('gust', 'pack'): 676.323, ('gust', 'd2h'): 676.335, ('outer', 'start'): 676.458, ('outer', 'h2d'): 676.542, ('outer', 'csc'): 676.611, ('outer', 'count'): 676.631, ('outer', 'scan'): 676.667, ('outer', 'expand'): 676.686, ('outer', 'sort'): 676.796, ('outer', 'reduce'): 676.841, ('outer', 'final'): 676.892, ('outer', 'pack'): 676.91, ('outer', 'd2h'): 676.935, ('colw', 'start'): 677.057, ('colw', 'h2d'): 677.143, ('colw', 'csc'): 677.211, ('colw', 'count'): 677.232, ('colw', 'scan'): 677.267, ('colw', 'expand'): 677.288, ('colw', 'sort'): 677.397, ('colw', 'reduce'): 677.435, ('colw', 'final'): 677.486, ('colw', 'pack'): 677.503, ('colw', 'd2h'): 677.515, ('inner', 'start'): 677.629, ('inner', 'h2d'): 677.718, ('inner', 'csc'): 677.785, ('inner', 'count'): 677.805, ('inner', 'scan'): 677.839, ('inner', 'expand'): 677.86, ('inner', 'sort'): 677.97, ('inner', 'reduce'): 678.005, ('inner', 'final'): 678.061, ('inner', 'numeric'): 678.088, ('inner', 'pack'): 678.105, ('inner', 'd2h'): 678.118}"
Mildly sparse,bcsstk13,2003,83883,2.0907979019987244,396773,396773,396773,396773,396773,0.0,,0.07400000000006912,0.5720000000000027,0.17899999999997362,0.5550000000000637,0.8250000000000455,1.746,,,,,2.541,,2.673,2.667,2.831,"{('cu', 'start'): 692.313, ('cu', 'h2dmalloc'): 692.375, ('cu', 'h2d'): 692.454, ('cu', 'workest'): 692.528, ('cu', 'compute'): 693.1, ('cu', 'copy'): 693.279, ('cu', 'pack'): 693.361, ('cu', 'd2h'): 693.916, ('gust', 'start'): 694.07, ('gust', 'h2d'): 694.209, ('gust', 'count'): 694.237, ('gust', 'scan'): 694.278, ('gust', 'expand'): 694.46, ('gust', 'sort'): 695.235, ('gust', 'reduce'): 695.44, ('gust', 'final'): 695.938, ('gust', 'pack'): 696.033, ('gust', 'd2h'): 696.358, ('outer', 'start'): 696.623, ('outer', 'h2d'): 696.759, ('outer', 'csc'): 696.898, ('outer', 'count'): 696.919, ('outer', 'scan'): 696.957, ('outer', 'expand'): 697.119, ('outer', 'sort'): 697.885, ('outer', 'reduce'): 698.082, ('outer', 'final'): 698.453, ('outer', 'pack'): 698.563, ('outer', 'd2h'): 698.887, ('colw', 'start'): 699.308, ('colw', 'h2d'): 699.445, ('colw', 'csc'): 699.581, ('colw', 'count'): 699.606, ('colw', 'scan'): 699.643, ('colw', 'expand'): 699.826, ('colw', 'sort'): 700.599, ('colw', 'reduce'): 700.792, ('colw', 'final'): 701.16, ('colw', 'pack'): 701.248, ('colw', 'd2h'): 701.571, ('inner', 'start'): 701.986, ('inner', 'h2d'): 702.124, ('inner', 'csc'): 702.265, ('inner', 'count'): 702.29, ('inner', 'scan'): 702.327, ('inner', 'expand'): 702.508, ('inner', 'sort'): 703.283, ('inner', 'reduce'): 703.482, ('inner', 'final'): 703.85, ('inner', 'numeric'): 704.128, ('inner', 'pack'): 704.222, ('inner', 'd2h'): 704.554}"
Mildly sparse,bcsstm01,48,48,2.083333333333333,48,48,48,48,48,0.0,,0.07799999999997453,0.14999999999997726,0.05200000000002092,0.024999999999977263,0.2799999999999727,0.531,,,,,0.431,,0.517,0.475,0.49,"{('cu', 'start'): 668.638, ('cu', 'h2dmalloc'): 668.74, ('cu', 'h2d'): 668.758, ('cu', 'workest'): 668.836, ('cu', 'compute'): 668.986, ('cu', 'copy'): 669.038, ('cu', 'pack'): 669.057, ('cu', 'd2h'): 669.082, ('gust', 'start'): 669.186, ('gust', 'h2d'): 669.288, ('gust', 'count'): 669.308, ('gust', 'scan'): 669.348, ('gust', 'expand'): 669.366, ('gust', 'sort'): 669.411, ('gust', 'reduce'): 669.447, ('gust', 'final'): 669.501, ('gust', 'pack'): 669.517, ('gust', 'd2h'): 669.526, ('outer', 'start'): 669.628, ('outer', 'h2d'): 669.737, ('outer', 'csc'): 669.802, ('outer', 'count'): 669.82, ('outer', 'scan'): 669.854, ('outer', 'expand'): 669.871, ('outer', 'sort'): 669.92, ('outer', 'reduce'): 669.953, ('outer', 'final'): 670.005, ('outer', 'pack'): 670.021, ('outer', 'd2h'): 670.03, ('colw', 'start'): 670.157, ('colw', 'h2d'): 670.256, ('colw', 'csc'): 670.319, ('colw', 'count'): 670.338, ('colw', 'scan'): 670.371, ('colw', 'expand'): 670.387, ('colw', 'sort'): 670.43, ('colw', 'reduce'): 670.462, ('colw', 'final'): 670.511, ('colw', 'pack'): 670.527, ('colw', 'd2h'): 670.536, ('inner', 'start'): 670.643, ('inner', 'h2d'): 670.748, ('inner', 'csc'): 670.811, ('inner', 'count'): 670.828, ('inner', 'scan'): 670.862, ('inner', 'expand'): 670.877, ('inner', 'sort'): 670.919, ('inner', 'reduce'): 670.95, ('inner', 'final'): 670.997, ('inner', 'numeric'): 671.017, ('inner', 'pack'): 671.035, ('inner', 'd2h'): 671.043}"
Mildly sparse,bcsstk14,1806,63454,1.945465404477998,195654,195654,195654,195654,195654,0.0,,0.07100000000002638,0.5279999999999063,0.12100000000009459,0.3160000000000309,0.7200000000000273,1.356,,,,,1.774,,1.999,2.003,2.036,"{('cu', 'start'): 690.634, ('cu', 'h2dmalloc'): 690.699, ('cu', 'h2d'): 690.749, ('cu', 'workest'): 690.82, ('cu', 'compute'): 691.348, ('cu', 'copy'): 691.469, ('cu', 'pack'): 691.545, ('cu', 'd2h'): 691.861, ('gust', 'start'): 692.002, ('gust', 'h2d'): 692.111, ('gust', 'count'): 692.135, ('gust', 'scan'): 692.174, ('gust', 'expand'): 692.359, ('gust', 'sort'): 692.885, ('gust', 'reduce'): 693.073, ('gust', 'final'): 693.465, ('gust', 'pack'): 693.489, ('gust', 'd2h'): 693.627, ('outer', 'start'): 693.787, ('outer', 'h2d'): 693.9, ('outer', 'csc'): 693.998, ('outer', 'count'): 694.017, ('outer', 'scan'): 694.052, ('outer', 'expand'): 694.218, ('outer', 'sort'): 694.74, ('outer', 'reduce'): 694.926, ('outer', 'final'): 695.195, ('outer', 'pack'): 695.296, ('outer', 'd2h'): 695.434, ('colw', 'start'): 695.797, ('colw', 'h2d'): 695.909, ('colw', 'csc'): 696.008, ('colw', 'count'): 696.032, ('colw', 'scan'): 696.066, ('colw', 'expand'): 696.249, ('colw', 'sort'): 696.764, ('colw', 'reduce'): 696.948, ('colw', 'final'): 697.22, ('colw', 'pack'): 697.303, ('colw', 'd2h'): 697.451, ('inner', 'start'): 697.81, ('inner', 'h2d'): 697.923, ('inner', 'csc'): 698.02, ('inner', 'count'): 698.044, ('inner', 'scan'): 698.078, ('inner', 'expand'): 698.259, ('inner', 'sort'): 698.777, ('inner', 'reduce'): 698.959, ('inner', 'final'): 699.224, ('inner', 'numeric'): 699.424, ('inner', 'pack'): 699.505, ('inner', 'd2h'): 699.648}"
Mildly sparse,can_445,445,3809,1.923494508269158,11193,11193,11193,11193,11193,0.0,,0.06700000000000728,0.17700000000002092,0.055000000000063665,0.06299999999998818,0.29900000000009186,0.55,,,,,0.505,,0.593,0.546,0.574,"{('cu', 'start'): 662.272, ('cu', 'h2dmalloc'): 662.343, ('cu', 'h2d'): 662.358, ('cu', 'workest'): 662.425, ('cu', 'compute'): 662.602, ('cu', 'copy'): 662.657, ('cu', 'pack'): 662.674, ('cu', 'd2h'): 662.737, ('gust', 'start'): 662.834, ('gust', 'h2d'): 662.916, ('gust', 'count'): 662.936, ('gust', 'scan'): 662.974, ('gust', 'expand'): 662.997, ('gust', 'sort'): 663.124, ('gust', 'reduce'): 663.164, ('gust', 'final'): 663.219, ('gust', 'pack'): 663.237, ('gust', 'd2h'): 663.253, ('outer', 'start'): 663.349, ('outer', 'h2d'): 663.425, ('outer', 'csc'): 663.491, ('outer', 'count'): 663.508, ('outer', 'scan'): 663.541, ('outer', 'expand'): 663.559, ('outer', 'sort'): 663.682, ('outer', 'reduce'): 663.739, ('outer', 'final'): 663.79, ('outer', 'pack'): 663.808, ('outer', 'd2h'): 663.839, ('colw', 'start'): 663.952, ('colw', 'h2d'): 664.033, ('colw', 'csc'): 664.097, ('colw', 'count'): 664.116, ('colw', 'scan'): 664.15, ('colw', 'expand'): 664.17, ('colw', 'sort'): 664.293, ('colw', 'reduce'): 664.328, ('colw', 'final'): 664.375, ('colw', 'pack'): 664.392, ('colw', 'd2h'): 664.407, ('inner', 'start'): 664.507, ('inner', 'h2d'): 664.583, ('inner', 'csc'): 664.645, ('inner', 'count'): 664.662, ('inner', 'scan'): 664.703, ('inner', 'expand'): 664.724, ('inner', 'sort'): 664.846, ('inner', 'reduce'): 664.882, ('inner', 'final'): 664.934, ('inner', 'numeric'): 664.961, ('inner', 'pack'): 664.977, ('inner', 'd2h'): 664.992}"
Mildly sparse,bcsstm10,1086,22092,1.8731621948861958,54504,54504,54504,54504,54504,0.0,,0.07300000000009277,0.28300000000001546,0.06099999999992178,0.14400000000000546,0.41700000000003,0.759,,,,,1.278,,1.359,1.323,1.373,"{('cu', 'start'): 695.761, ('cu', 'h2dmalloc'): 695.832, ('cu', 'h2d'): 695.858, ('cu', 'workest'): 695.931, ('cu', 'compute'): 696.214, ('cu', 'copy'): 696.275, ('cu', 'pack'): 696.294, ('cu', 'd2h'): 696.438, ('gust', 'start'): 696.533, ('gust', 'h2d'): 696.621, ('gust', 'count'): 696.643, ('gust', 'scan'): 696.682, ('gust', 'expand'): 696.842, ('gust', 'sort'): 697.13, ('gust', 'reduce'): 697.289, ('gust', 'final'): 697.574, ('gust', 'pack'): 697.595, ('gust', 'd2h'): 697.639, ('outer', 'start'): 697.822, ('outer', 'h2d'): 697.913, ('outer', 'csc'): 697.995, ('outer', 'count'): 698.014, ('outer', 'scan'): 698.05, ('outer', 'expand'): 698.187, ('outer', 'sort'): 698.469, ('outer', 'reduce'): 698.622, ('outer', 'final'): 698.781, ('outer', 'pack'): 698.806, ('outer', 'd2h'): 698.866, ('colw', 'start'): 699.193, ('colw', 'h2d'): 699.284, ('colw', 'csc'): 699.366, ('colw', 'count'): 699.387, ('colw', 'scan'): 699.423, ('colw', 'expand'): 699.565, ('colw', 'sort'): 699.845, ('colw', 'reduce'): 700.005, ('colw', 'final'): 700.145, ('colw', 'pack'): 700.166, ('colw', 'd2h'): 700.21, ('inner', 'start'): 700.529, ('inner', 'h2d'): 700.616, ('inner', 'csc'): 700.699, ('inner', 'count'): 700.72, ('inner', 'scan'): 700.764, ('inner', 'expand'): 700.911, ('inner', 'sort'): 701.193, ('inner', 'reduce'): 701.344, ('inner', 'final'): 701.483, ('inner', 'numeric'): 701.661, ('inner', 'pack'): 701.682, ('inner', 'd2h'): 701.726}"
Mildly sparse,bcsstk10,1086,22070,1.8712968332943305,54504,54504,54504,54504,54504,0.0,,0.06799999999998363,0.2719999999999345,0.059000000000082764,0.13200000000006185,0.3990000000000009,0.71,,,,,1.171,,1.243,1.226,1.252,"{('cu', 'start'): 687.176, ('cu', 'h2dmalloc'): 687.241, ('cu', 'h2d'): 687.272, ('cu', 'workest'): 687.34, ('cu', 'compute'): 687.612, ('cu', 'copy'): 687.671, ('cu', 'pack'): 687.689, ('cu', 'd2h'): 687.821, ('gust', 'start'): 687.9, ('gust', 'h2d'): 688.002, ('gust', 'count'): 688.025, ('gust', 'scan'): 688.063, ('gust', 'expand'): 688.204, ('gust', 'sort'): 688.47, ('gust', 'reduce'): 688.618, ('gust', 'final'): 688.852, ('gust', 'pack'): 688.872, ('gust', 'd2h'): 688.919, ('outer', 'start'): 689.079, ('outer', 'h2d'): 689.17, ('outer', 'csc'): 689.251, ('outer', 'count'): 689.269, ('outer', 'scan'): 689.303, ('outer', 'expand'): 689.432, ('outer', 'sort'): 689.691, ('outer', 'reduce'): 689.837, ('outer', 'final'): 689.976, ('outer', 'pack'): 690.002, ('outer', 'd2h'): 690.066, ('colw', 'start'): 690.333, ('colw', 'h2d'): 690.426, ('colw', 'csc'): 690.509, ('colw', 'count'): 690.53, ('colw', 'scan'): 690.565, ('colw', 'expand'): 690.699, ('colw', 'sort'): 690.958, ('colw', 'reduce'): 691.115, ('colw', 'final'): 691.24, ('colw', 'pack'): 691.261, ('colw', 'd2h'): 691.309, ('inner', 'start'): 691.569, ('inner', 'h2d'): 691.656, ('inner', 'csc'): 691.74, ('inner', 'count'): 691.761, ('inner', 'scan'): 691.795, ('inner', 'expand'): 691.926, ('inner', 'sort'): 692.201, ('inner', 'reduce'): 692.35, ('inner', 'final'): 692.47, ('inner', 'numeric'): 692.619, ('inner', 'pack'): 692.64, ('inner', 'd2h'): 692.687}"
Mildly sparse,can_634,634,7228,1.7982067689000787,25446,25446,25446,25446,25446,0.0,,0.07000000000005002,0.2479999999999336,0.057999999999992724,0.11000000000001364,0.37599999999997635,0.655,,,,,0.769,,0.848,0.832,0.837,"{('cu', 'start'): 683.959, ('cu', 'h2dmalloc'): 684.024, ('cu', 'h2d'): 684.044, ('cu', 'workest'): 684.114, ('cu', 'compute'): 684.362, ('cu', 'copy'): 684.42, ('cu', 'pack'): 684.438, ('cu', 'd2h'): 684.548, ('gust', 'start'): 684.628, ('gust', 'h2d'): 684.705, ('gust', 'count'): 684.726, ('gust', 'scan'): 684.764, ('gust', 'expand'): 684.791, ('gust', 'sort'): 685.053, ('gust', 'reduce'): 685.152, ('gust', 'final'): 685.27, ('gust', 'pack'): 685.291, ('gust', 'd2h'): 685.317, ('outer', 'start'): 685.409, ('outer', 'h2d'): 685.484, ('outer', 'csc'): 685.559, ('outer', 'count'): 685.577, ('outer', 'scan'): 685.611, ('outer', 'expand'): 685.632, ('outer', 'sort'): 685.879, ('outer', 'reduce'): 685.977, ('outer', 'final'): 686.043, ('outer', 'pack'): 686.063, ('outer', 'd2h'): 686.106, ('colw', 'start'): 686.269, ('colw', 'h2d'): 686.347, ('colw', 'csc'): 686.423, ('colw', 'count'): 686.444, ('colw', 'scan'): 686.478, ('colw', 'expand'): 686.502, ('colw', 'sort'): 686.748, ('colw', 'reduce'): 686.853, ('colw', 'final'): 686.91, ('colw', 'pack'): 686.929, ('colw', 'd2h'): 686.955, ('inner', 'start'): 687.112, ('inner', 'h2d'): 687.188, ('inner', 'csc'): 687.264, ('inner', 'count'): 687.283, ('inner', 'scan'): 687.318, ('inner', 'expand'): 687.341, ('inner', 'sort'): 687.587, ('inner', 'reduce'): 687.681, ('inner', 'final'): 687.736, ('inner', 'numeric'): 687.767, ('inner', 'pack'): 687.785, ('inner', 'd2h'): 687.812}"
Mildly sparse,bcsstk11,1473,34241,1.578123350888521,94187,94187,94187,94187,94187,0.0,,0.07000000000005002,0.31999999999993634,0.06600000000003092,0.16499999999996362,0.4560000000000173,0.952,,,,,1.292,,1.509,1.513,1.58,"{('cu', 'start'): 690.102, ('cu', 'h2dmalloc'): 690.165, ('cu', 'h2d'): 690.198, ('cu', 'workest'): 690.268, ('cu', 'compute'): 690.588, ('cu', 'copy'): 690.654, ('cu', 'pack'): 690.759, ('cu', 'd2h'): 690.924, ('gust', 'start'): 691.067, ('gust', 'h2d'): 691.161, ('gust', 'count'): 691.183, ('gust', 'scan'): 691.224, ('gust', 'expand'): 691.372, ('gust', 'sort'): 691.697, ('gust', 'reduce'): 691.879, ('gust', 'final'): 692.187, ('gust', 'pack'): 692.208, ('gust', 'd2h'): 692.277, ('outer', 'start'): 692.371, ('outer', 'h2d'): 692.467, ('outer', 'csc'): 692.552, ('outer', 'count'): 692.574, ('outer', 'scan'): 692.61, ('outer', 'expand'): 692.751, ('outer', 'sort'): 693.072, ('outer', 'reduce'): 693.241, ('outer', 'final'): 693.431, ('outer', 'pack'): 693.512, ('outer', 'd2h'): 693.609, ('colw', 'start'): 693.891, ('colw', 'h2d'): 693.988, ('colw', 'csc'): 694.075, ('colw', 'count'): 694.097, ('colw', 'scan'): 694.134, ('colw', 'expand'): 694.281, ('colw', 'sort'): 694.612, ('colw', 'reduce'): 694.789, ('colw', 'final'): 694.989, ('colw', 'pack'): 695.073, ('colw', 'd2h'): 695.144, ('inner', 'start'): 695.416, ('inner', 'h2d'): 695.506, ('inner', 'csc'): 695.602, ('inner', 'count'): 695.626, ('inner', 'scan'): 695.661, ('inner', 'expand'): 695.808, ('inner', 'sort'): 696.139, ('inner', 'reduce'): 696.323, ('inner', 'final'): 696.519, ('inner', 'numeric'): 696.696, ('inner', 'pack'): 696.788, ('inner', 'd2h'): 696.858}"
Mildly sparse,bcsstk12,1473,34241,1.578123350888521,94187,94187,94187,94187,94187,0.0,,0.07000000000005002,0.30499999999995,0.06899999999995998,0.17099999999993543,0.44399999999996,0.948,,,,,1.291,,1.524,1.488,1.526,"{('cu', 'start'): 678.691, ('cu', 'h2dmalloc'): 678.752, ('cu', 'h2d'): 678.793, ('cu', 'workest'): 678.863, ('cu', 'compute'): 679.168, ('cu', 'copy'): 679.237, ('cu', 'pack'): 679.341, ('cu', 'd2h'): 679.512, ('gust', 'start'): 679.652, ('gust', 'h2d'): 679.751, ('gust', 'count'): 679.773, ('gust', 'scan'): 679.814, ('gust', 'expand'): 679.959, ('gust', 'sort'): 680.284, ('gust', 'reduce'): 680.462, ('gust', 'final'): 680.766, ('gust', 'pack'): 680.787, ('gust', 'd2h'): 680.862, ('outer', 'start'): 680.955, ('outer', 'h2d'): 681.057, ('outer', 'csc'): 681.143, ('outer', 'count'): 681.162, ('outer', 'scan'): 681.197, ('outer', 'expand'): 681.345, ('outer', 'sort'): 681.665, ('outer', 'reduce'): 681.837, ('outer', 'final'): 682.029, ('outer', 'pack'): 682.109, ('outer', 'd2h'): 682.209, ('colw', 'start'): 682.489, ('colw', 'h2d'): 682.589, ('colw', 'csc'): 682.674, ('colw', 'count'): 682.696, ('colw', 'scan'): 682.731, ('colw', 'expand'): 682.871, ('colw', 'sort'): 683.185, ('colw', 'reduce'): 683.364, ('colw', 'final'): 683.56, ('colw', 'pack'): 683.64, ('colw', 'd2h'): 683.719, ('inner', 'start'): 683.989, ('inner', 'h2d'): 684.085, ('inner', 'csc'): 684.169, ('inner', 'count'): 684.191, ('inner', 'scan'): 684.234, ('inner', 'expand'): 684.38, ('inner', 'sort'): 684.697, ('inner', 'reduce'): 684.86, ('inner', 'final'): 685.049, ('inner', 'numeric'): 685.213, ('inner', 'pack'): 685.301, ('inner', 'd2h'): 685.378}"
Mildly sparse,bcsstk09,1083,18437,1.5719305066378828,71289,71289,71289,71289,71289,0.0,,0.07100000000002638,0.2659999999999627,0.05700000000001637,0.13999999999998636,0.39400000000000546,0.713,,,,,1.07,,1.176,1.184,1.147,"{('cu', 'start'): 685.454, ('cu', 'h2dmalloc'): 685.524, ('cu', 'h2d'): 685.548, ('cu', 'workest'): 685.619, ('cu', 'compute'): 685.885, ('cu', 'copy'): 685.942, ('cu', 'pack'): 685.962, ('cu', 'd2h'): 686.102, ('gust', 'start'): 686.182, ('gust', 'h2d'): 686.28, ('gust', 'count'): 686.303, ('gust', 'scan'): 686.342, ('gust', 'expand'): 686.435, ('gust', 'sort'): 686.692, ('gust', 'reduce'): 686.844, ('gust', 'final'): 687.027, ('gust', 'pack'): 687.047, ('gust', 'd2h'): 687.102, ('outer', 'start'): 687.261, ('outer', 'h2d'): 687.347, ('outer', 'csc'): 687.425, ('outer', 'count'): 687.445, ('outer', 'scan'): 687.479, ('outer', 'expand'): 687.563, ('outer', 'sort'): 687.816, ('outer', 'reduce'): 687.963, ('outer', 'final'): 688.097, ('outer', 'pack'): 688.118, ('outer', 'd2h'): 688.195, ('colw', 'start'): 688.448, ('colw', 'h2d'): 688.563, ('colw', 'csc'): 688.649, ('colw', 'count'): 688.669, ('colw', 'scan'): 688.704, ('colw', 'expand'): 688.8, ('colw', 'sort'): 689.06, ('colw', 'reduce'): 689.218, ('colw', 'final'): 689.353, ('colw', 'pack'): 689.374, ('colw', 'd2h'): 689.429, ('inner', 'start'): 689.643, ('inner', 'h2d'): 689.729, ('inner', 'csc'): 689.804, ('inner', 'count'): 689.823, ('inner', 'scan'): 689.857, ('inner', 'expand'): 689.944, ('inner', 'sort'): 690.196, ('inner', 'reduce'): 690.353, ('inner', 'final'): 690.482, ('inner', 'numeric'): 690.578, ('inner', 'pack'): 690.598, ('inner', 'd2h'): 690.653}"
Mildly sparse,bcsstm02,66,66,1.5151515151515151,66,66,66,66,66,0.0,,0.06600000000003092,0.15099999999995362,0.05000000000006821,0.02299999999991087,0.26700000000005275,0.471,,,,,0.396,,0.471,0.458,0.444,"{('cu', 'start'): 679.293, ('cu', 'h2dmalloc'): 679.365, ('cu', 'h2d'): 679.376, ('cu', 'workest'): 679.442, ('cu', 'compute'): 679.593, ('cu', 'copy'): 679.643, ('cu', 'pack'): 679.666, ('cu', 'd2h'): 679.689, ('gust', 'start'): 679.777, ('gust', 'h2d'): 679.853, ('gust', 'count'): 679.871, ('gust', 'scan'): 679.908, ('gust', 'expand'): 679.926, ('gust', 'sort'): 679.973, ('gust', 'reduce'): 680.01, ('gust', 'final'): 680.061, ('gust', 'pack'): 680.079, ('gust', 'd2h'): 680.088, ('outer', 'start'): 680.182, ('outer', 'h2d'): 680.254, ('outer', 'csc'): 680.313, ('outer', 'count'): 680.33, ('outer', 'scan'): 680.363, ('outer', 'expand'): 680.379, ('outer', 'sort'): 680.421, ('outer', 'reduce'): 680.468, ('outer', 'final'): 680.517, ('outer', 'pack'): 680.535, ('outer', 'd2h'): 680.544, ('colw', 'start'): 680.661, ('colw', 'h2d'): 680.736, ('colw', 'csc'): 680.796, ('colw', 'count'): 680.814, ('colw', 'scan'): 680.847, ('colw', 'expand'): 680.863, ('colw', 'sort'): 680.905, ('colw', 'reduce'): 680.937, ('colw', 'final'): 680.999, ('colw', 'pack'): 681.017, ('colw', 'd2h'): 681.026, ('inner', 'start'): 681.128, ('inner', 'h2d'): 681.201, ('inner', 'csc'): 681.258, ('inner', 'count'): 681.275, ('inner', 'scan'): 681.307, ('inner', 'expand'): 681.323, ('inner', 'sort'): 681.365, ('inner', 'reduce'): 681.397, ('inner', 'final'): 681.444, ('inner', 'numeric'): 681.464, ('inner', 'pack'): 681.481, ('inner', 'd2h'): 681.489}"
Mildly sparse,can_838,838,10010,1.4254304771560882,51156,51156,51156,51156,51156,0.0,,0.06700000000000728,0.25300000000004275,0.05899999999996908,0.1290000000000191,0.3790000000000191,0.689,,,,,0.795,,1.019,0.986,1.001,"{('cu', 'start'): 667.644, ('cu', 'h2dmalloc'): 667.709, ('cu', 'h2d'): 667.728, ('cu', 'workest'): 667.795, ('cu', 'compute'): 668.048, ('cu', 'copy'): 668.107, ('cu', 'pack'): 668.138, ('cu', 'd2h'): 668.267, ('gust', 'start'): 668.346, ('gust', 'h2d'): 668.428, ('gust', 'count'): 668.45, ('gust', 'scan'): 668.489, ('gust', 'expand'): 668.517, ('gust', 'sort'): 668.769, ('gust', 'reduce'): 668.869, ('gust', 'final'): 668.931, ('gust', 'pack'): 668.951, ('gust', 'd2h'): 668.992, ('outer', 'start'): 669.151, ('outer', 'h2d'): 669.231, ('outer', 'csc'): 669.31, ('outer', 'count'): 669.329, ('outer', 'scan'): 669.364, ('outer', 'expand'): 669.386, ('outer', 'sort'): 669.636, ('outer', 'reduce'): 669.733, ('outer', 'final'): 669.859, ('outer', 'pack'): 669.88, ('outer', 'd2h'): 669.946, ('colw', 'start'): 670.18, ('colw', 'h2d'): 670.263, ('colw', 'csc'): 670.342, ('colw', 'count'): 670.363, ('colw', 'scan'): 670.397, ('colw', 'expand'): 670.424, ('colw', 'sort'): 670.674, ('colw', 'reduce'): 670.771, ('colw', 'final'): 670.89, ('colw', 'pack'): 670.91, ('colw', 'd2h'): 670.952, ('inner', 'start'): 671.175, ('inner', 'h2d'): 671.255, ('inner', 'csc'): 671.333, ('inner', 'count'): 671.352, ('inner', 'scan'): 671.386, ('inner', 'expand'): 671.412, ('inner', 'sort'): 671.662, ('inner', 'reduce'): 671.758, ('inner', 'final'): 671.876, ('inner', 'numeric'): 671.909, ('inner', 'pack'): 671.928, ('inner', 'd2h'): 671.969}"
Mildly sparse,bcsstk20,485,3135,1.3327665001594218,5545,5545,5545,5545,5545,0.0,,0.07200000000000273,0.16899999999998272,0.05700000000001637,0.02800000000002001,0.2980000000000018,0.52,,,,,0.522,,0.592,0.579,0.57,"{('cu', 'start'): 684.553, ('cu', 'h2dmalloc'): 684.624, ('cu', 'h2d'): 684.64, ('cu', 'workest'): 684.712, ('cu', 'compute'): 684.881, ('cu', 'copy'): 684.938, ('cu', 'pack'): 684.957, ('cu', 'd2h'): 684.985, ('gust', 'start'): 685.088, ('gust', 'h2d'): 685.169, ('gust', 'count'): 685.189, ('gust', 'scan'): 685.229, ('gust', 'expand'): 685.251, ('gust', 'sort'): 685.372, ('gust', 'reduce'): 685.413, ('gust', 'final'): 685.479, ('gust', 'pack'): 685.498, ('gust', 'd2h'): 685.511, ('outer', 'start'): 685.62, ('outer', 'h2d'): 685.701, ('outer', 'csc'): 685.767, ('outer', 'count'): 685.785, ('outer', 'scan'): 685.821, ('outer', 'expand'): 685.84, ('outer', 'sort'): 685.963, ('outer', 'reduce'): 686.001, ('outer', 'final'): 686.056, ('outer', 'pack'): 686.076, ('outer', 'd2h'): 686.102, ('colw', 'start'): 686.223, ('colw', 'h2d'): 686.303, ('colw', 'csc'): 686.368, ('colw', 'count'): 686.387, ('colw', 'scan'): 686.421, ('colw', 'expand'): 686.456, ('colw', 'sort'): 686.575, ('colw', 'reduce'): 686.612, ('colw', 'final'): 686.664, ('colw', 'pack'): 686.682, ('colw', 'd2h'): 686.695, ('inner', 'start'): 686.813, ('inner', 'h2d'): 686.891, ('inner', 'csc'): 686.954, ('inner', 'count'): 686.973, ('inner', 'scan'): 687.008, ('inner', 'expand'): 687.028, ('inner', 'sort'): 687.143, ('inner', 'reduce'): 687.18, ('inner', 'final'): 687.231, ('inner', 'numeric'): 687.255, ('inner', 'pack'): 687.272, ('inner', 'd2h'): 687.285}"
Mildly sparse,can_715,715,6665,1.3037312338011637,39785,39785,39785,39785,39785,0.0,,0.07299999999997908,0.26700000000005275,0.06099999999992178,0.15399999999999636,0.4009999999999536,0.744,,,,,0.874,,0.995,0.96,1.024,"{('cu', 'start'): 674.657, ('cu', 'h2dmalloc'): 674.726, ('cu', 'h2d'): 674.745, ('cu', 'workest'): 674.818, ('cu', 'compute'): 675.085, ('cu', 'copy'): 675.146, ('cu', 'pack'): 675.165, ('cu', 'd2h'): 675.319, ('gust', 'start'): 675.416, ('gust', 'h2d'): 675.504, ('gust', 'count'): 675.531, ('gust', 'scan'): 675.571, ('gust', 'expand'): 675.606, ('gust', 'sort'): 675.876, ('gust', 'reduce'): 675.983, ('gust', 'final'): 676.124, ('gust', 'pack'): 676.144, ('gust', 'd2h'): 676.179, ('outer', 'start'): 676.302, ('outer', 'h2d'): 676.385, ('outer', 'csc'): 676.49, ('outer', 'count'): 676.51, ('outer', 'scan'): 676.548, ('outer', 'expand'): 676.578, ('outer', 'sort'): 676.843, ('outer', 'reduce'): 676.944, ('outer', 'final'): 677.026, ('outer', 'pack'): 677.047, ('outer', 'd2h'): 677.096, ('colw', 'start'): 677.309, ('colw', 'h2d'): 677.395, ('colw', 'csc'): 677.502, ('colw', 'count'): 677.526, ('colw', 'scan'): 677.563, ('colw', 'expand'): 677.596, ('colw', 'sort'): 677.861, ('colw', 'reduce'): 677.961, ('colw', 'final'): 678.026, ('colw', 'pack'): 678.046, ('colw', 'd2h'): 678.081, ('inner', 'start'): 678.28, ('inner', 'h2d'): 678.362, ('inner', 'csc'): 678.464, ('inner', 'count'): 678.487, ('inner', 'scan'): 678.523, ('inner', 'expand'): 678.555, ('inner', 'sort'): 678.817, ('inner', 'reduce'): 678.917, ('inner', 'final'): 678.98, ('inner', 'numeric'): 679.02, ('inner', 'pack'): 679.039, ('inner', 'd2h'): 679.074}"
Mildly sparse,bcsstk24,3562,159910,1.2603402122535554,446474,446474,446474,446474,446474,0.0,,0.13900000000001,0.8319999999999936,0.19399999999995998,0.6739999999999782,1.1649999999999636,2.277,,,,,3.238,,3.512,3.469,3.591,"{('cu', 'start'): 724.644, ('cu', 'h2dmalloc'): 724.715, ('cu', 'h2d'): 724.818, ('cu', 'workest'): 724.957, ('cu', 'compute'): 725.789, ('cu', 'copy'): 725.983, ('cu', 'pack'): 726.071, ('cu', 'd2h'): 726.745, ('gust', 'start'): 726.935, ('gust', 'h2d'): 727.102, ('gust', 'count'): 727.129, ('gust', 'scan'): 727.175, ('gust', 'expand'): 727.402, ('gust', 'sort'): 728.609, ('gust', 'reduce'): 728.872, ('gust', 'final'): 729.458, ('gust', 'pack'): 729.555, ('gust', 'd2h'): 729.848, ('outer', 'start'): 730.193, ('outer', 'h2d'): 730.358, ('outer', 'csc'): 730.54, ('outer', 'count'): 730.563, ('outer', 'scan'): 730.605, ('outer', 'expand'): 730.793, ('outer', 'sort'): 731.998, ('outer', 'reduce'): 732.264, ('outer', 'final'): 732.685, ('outer', 'pack'): 732.799, ('outer', 'd2h'): 733.103, ('colw', 'start'): 733.718, ('colw', 'h2d'): 733.888, ('colw', 'csc'): 734.063, ('colw', 'count'): 734.09, ('colw', 'scan'): 734.131, ('colw', 'expand'): 734.337, ('colw', 'sort'): 735.542, ('colw', 'reduce'): 735.805, ('colw', 'final'): 736.198, ('colw', 'pack'): 736.306, ('colw', 'd2h'): 736.604, ('inner', 'start'): 737.202, ('inner', 'h2d'): 737.371, ('inner', 'csc'): 737.558, ('inner', 'count'): 737.583, ('inner', 'scan'): 737.625, ('inner', 'expand'): 737.827, ('inner', 'sort'): 739.035, ('inner', 'reduce'): 739.322, ('inner', 'final'): 739.722, ('inner', 'numeric'): 740.012, ('inner', 'pack'): 740.102, ('inner', 'd2h'): 740.395}"
Mildly sparse,bcsstk16,4884,290378,1.2173414200441228,1038782,1038782,1038782,1038782,1038782,0.0,,0.2199999999999136,1.2430000000000518,0.22199999999998,1.2200000000000273,1.6849999999999454,3.389,,,,,5.788,,5.787,6.113,6.385,"{('cu', 'start'): 760.415, ('cu', 'h2dmalloc'): 760.485, ('cu', 'h2d'): 760.662, ('cu', 'workest'): 760.882, ('cu', 'compute'): 762.125, ('cu', 'copy'): 762.347, ('cu', 'pack'): 762.434, ('cu', 'd2h'): 763.654, ('gust', 'start'): 763.816, ('gust', 'h2d'): 764.202, ('gust', 'count'): 764.35, ('gust', 'scan'): 764.397, ('gust', 'expand'): 764.705, ('gust', 'sort'): 767.292, ('gust', 'reduce'): 767.71, ('gust', 'final'): 768.411, ('gust', 'pack'): 768.499, ('gust', 'd2h'): 769.239, ('outer', 'start'): 769.616, ('outer', 'h2d'): 769.866, ('outer', 'csc'): 770.128, ('outer', 'count'): 770.15, ('outer', 'scan'): 770.192, ('outer', 'expand'): 770.472, ('outer', 'sort'): 773.02, ('outer', 'reduce'): 773.419, ('outer', 'final'): 773.944, ('outer', 'pack'): 774.059, ('outer', 'd2h'): 774.791, ('colw', 'start'): 775.414, ('colw', 'h2d'): 775.928, ('colw', 'csc'): 776.229, ('colw', 'count'): 776.258, ('colw', 'scan'): 776.297, ('colw', 'expand'): 776.611, ('colw', 'sort'): 779.171, ('colw', 'reduce'): 779.581, ('colw', 'final'): 780.095, ('colw', 'pack'): 780.19, ('colw', 'd2h'): 780.928, ('inner', 'start'): 781.539, ('inner', 'h2d'): 782.053, ('inner', 'csc'): 782.351, ('inner', 'count'): 782.379, ('inner', 'scan'): 782.419, ('inner', 'expand'): 782.722, ('inner', 'sort'): 785.296, ('inner', 'reduce'): 785.703, ('inner', 'final'): 786.21, ('inner', 'numeric'): 786.615, ('inner', 'pack'): 786.74, ('inner', 'd2h'): 787.479}"
Mildly sparse,bcsstk28,4410,219024,1.1261974177426073,596072,596072,596072,596072,596072,0.0,,0.1370000000000573,1.0199999999999818,0.18100000000004002,0.7749999999999773,1.3380000000000791,2.551,,,,,3.945,,4.116,4.179,4.262,"{('cu', 'start'): 734.673, ('cu', 'h2dmalloc'): 734.759, ('cu', 'h2d'): 734.901, ('cu', 'workest'): 735.038, ('cu', 'compute'): 736.058, ('cu', 'copy'): 736.239, ('cu', 'pack'): 736.321, ('cu', 'd2h'): 737.096, ('gust', 'start'): 737.235, ('gust', 'h2d'): 737.469, ('gust', 'count'): 737.498, ('gust', 'scan'): 737.542, ('gust', 'expand'): 737.847, ('gust', 'sort'): 739.482, ('gust', 'reduce'): 739.793, ('gust', 'final'): 740.365, ('gust', 'pack'): 740.452, ('gust', 'd2h'): 740.882, ('outer', 'start'): 741.191, ('outer', 'h2d'): 741.395, ('outer', 'csc'): 741.588, ('outer', 'count'): 741.61, ('outer', 'scan'): 741.649, ('outer', 'expand'): 741.9, ('outer', 'sort'): 743.531, ('outer', 'reduce'): 743.825, ('outer', 'final'): 744.238, ('outer', 'pack'): 744.343, ('outer', 'd2h'): 744.778, ('colw', 'start'): 745.318, ('colw', 'h2d'): 745.55, ('colw', 'csc'): 745.753, ('colw', 'count'): 745.783, ('colw', 'scan'): 745.824, ('colw', 'expand'): 746.089, ('colw', 'sort'): 747.702, ('colw', 'reduce'): 748.012, ('colw', 'final'): 748.447, ('colw', 'pack'): 748.535, ('colw', 'd2h'): 748.969, ('inner', 'start'): 749.508, ('inner', 'h2d'): 749.745, ('inner', 'csc'): 749.941, ('inner', 'count'): 749.967, ('inner', 'scan'): 750.005, ('inner', 'expand'): 750.264, ('inner', 'sort'): 751.888, ('inner', 'reduce'): 752.181, ('inner', 'final'): 752.572, ('inner', 'numeric'): 752.874, ('inner', 'pack'): 752.984, ('inner', 'd2h'): 753.412}"
Mildly sparse,bcsstk08,1074,12960,1.1235604381885709,305612,305612,305612,305612,305612,0.0,,0.07000000000005002,0.3529999999999518,0.1269999999999527,0.3909999999999627,0.5499999999999545,1.251,,,,,1.743,,1.962,1.934,2.132,"{('cu', 'start'): 642.669, ('cu', 'h2dmalloc'): 642.729, ('cu', 'h2d'): 642.755, ('cu', 'workest'): 642.825, ('cu', 'compute'): 643.178, ('cu', 'copy'): 643.305, ('cu', 'pack'): 643.404, ('cu', 'd2h'): 643.795, ('gust', 'start'): 643.934, ('gust', 'h2d'): 644.017, ('gust', 'count'): 644.052, ('gust', 'scan'): 644.093, ('gust', 'expand'): 644.283, ('gust', 'sort'): 644.581, ('gust', 'reduce'): 644.748, ('gust', 'final'): 645.129, ('gust', 'pack'): 645.228, ('gust', 'd2h'): 645.479, ('outer', 'start'): 645.688, ('outer', 'h2d'): 645.769, ('outer', 'csc'): 645.98, ('outer', 'count'): 645.999, ('outer', 'scan'): 646.034, ('outer', 'expand'): 646.236, ('outer', 'sort'): 646.539, ('outer', 'reduce'): 646.699, ('outer', 'final'): 646.971, ('outer', 'pack'): 647.07, ('outer', 'd2h'): 647.318, ('colw', 'start'): 647.662, ('colw', 'h2d'): 647.745, ('colw', 'csc'): 647.958, ('colw', 'count'): 647.989, ('colw', 'scan'): 648.025, ('colw', 'expand'): 648.2, ('colw', 'sort'): 648.501, ('colw', 'reduce'): 648.664, ('colw', 'final'): 648.945, ('colw', 'pack'): 649.027, ('colw', 'd2h'): 649.275, ('inner', 'start'): 649.605, ('inner', 'h2d'): 649.689, ('inner', 'csc'): 649.9, ('inner', 'count'): 649.93, ('inner', 'scan'): 649.965, ('inner', 'expand'): 650.14, ('inner', 'sort'): 650.443, ('inner', 'reduce'): 650.61, ('inner', 'final'): 650.878, ('inner', 'numeric'): 651.207, ('inner', 'pack'): 651.295, ('inner', 'd2h'): 651.542}"
Mildly sparse,can_1054,1054,12196,1.097832779436069,60248,60248,60248,60248,60248,0.0,,0.07000000000005002,0.24900000000002365,0.06999999999993634,0.1370000000000573,0.38900000000001,0.695,,,,,0.919,,1.014,0.984,1.15,"{('cu', 'start'): 687.393, ('cu', 'h2dmalloc'): 687.456, ('cu', 'h2d'): 687.478, ('cu', 'workest'): 687.548, ('cu', 'compute'): 687.797, ('cu', 'copy'): 687.867, ('cu', 'pack'): 687.886, ('cu', 'd2h'): 688.023, ('gust', 'start'): 688.1, ('gust', 'h2d'): 688.185, ('gust', 'count'): 688.206, ('gust', 'scan'): 688.245, ('gust', 'expand'): 688.333, ('gust', 'sort'): 688.579, ('gust', 'reduce'): 688.678, ('gust', 'final'): 688.8, ('gust', 'pack'): 688.829, ('gust', 'd2h'): 688.883, ('outer', 'start'): 689.03, ('outer', 'h2d'): 689.112, ('outer', 'csc'): 689.197, ('outer', 'count'): 689.216, ('outer', 'scan'): 689.25, ('outer', 'expand'): 689.33, ('outer', 'sort'): 689.574, ('outer', 'reduce'): 689.67, ('outer', 'final'): 689.798, ('outer', 'pack'): 689.828, ('outer', 'd2h'): 689.899, ('colw', 'start'): 690.054, ('colw', 'h2d'): 690.137, ('colw', 'csc'): 690.223, ('colw', 'count'): 690.243, ('colw', 'scan'): 690.277, ('colw', 'expand'): 690.362, ('colw', 'sort'): 690.604, ('colw', 'reduce'): 690.698, ('colw', 'final'): 690.823, ('colw', 'pack'): 690.846, ('colw', 'd2h'): 690.897, ('inner', 'start'): 691.047, ('inner', 'h2d'): 691.128, ('inner', 'csc'): 691.21, ('inner', 'count'): 691.23, ('inner', 'scan'): 691.264, ('inner', 'expand'): 691.346, ('inner', 'sort'): 691.587, ('inner', 'reduce'): 691.699, ('inner', 'final'): 691.877, ('inner', 'numeric'): 691.996, ('inner', 'pack'): 692.028, ('inner', 'd2h'): 692.081}"
Mildly sparse,can_1072,1072,12444,1.0828553129873024,62316,62316,62316,62316,62316,0.0,,0.07200000000000273,0.2719999999999345,0.06600000000003092,0.14999999999997726,0.40999999999996817,0.747,,,,,1.006,,1.085,1.051,1.092,"{('cu', 'start'): 682.037, ('cu', 'h2dmalloc'): 682.103, ('cu', 'h2d'): 682.124, ('cu', 'workest'): 682.196, ('cu', 'compute'): 682.468, ('cu', 'copy'): 682.534, ('cu', 'pack'): 682.553, ('cu', 'd2h'): 682.703, ('gust', 'start'): 682.798, ('gust', 'h2d'): 682.883, ('gust', 'count'): 682.904, ('gust', 'scan'): 682.945, ('gust', 'expand'): 683.036, ('gust', 'sort'): 683.301, ('gust', 'reduce'): 683.425, ('gust', 'final'): 683.571, ('gust', 'pack'): 683.592, ('gust', 'd2h'): 683.641, ('outer', 'start'): 683.817, ('outer', 'h2d'): 683.9, ('outer', 'csc'): 683.987, ('outer', 'count'): 684.007, ('outer', 'scan'): 684.044, ('outer', 'expand'): 684.127, ('outer', 'sort'): 684.394, ('outer', 'reduce'): 684.499, ('outer', 'final'): 684.57, ('outer', 'pack'): 684.589, ('outer', 'd2h'): 684.653, ('colw', 'start'): 684.914, ('colw', 'h2d'): 684.997, ('colw', 'csc'): 685.084, ('colw', 'count'): 685.105, ('colw', 'scan'): 685.14, ('colw', 'expand'): 685.229, ('colw', 'sort'): 685.491, ('colw', 'reduce'): 685.595, ('colw', 'final'): 685.658, ('colw', 'pack'): 685.676, ('colw', 'd2h'): 685.725, ('inner', 'start'): 685.976, ('inner', 'h2d'): 686.057, ('inner', 'csc'): 686.142, ('inner', 'count'): 686.163, ('inner', 'scan'): 686.199, ('inner', 'expand'): 686.286, ('inner', 'sort'): 686.562, ('inner', 'reduce'): 686.667, ('inner', 'final'): 686.728, ('inner', 'numeric'): 686.835, ('inner', 'pack'): 686.857, ('inner', 'd2h'): 686.906}"
Mildly sparse,bcsstk19,817,6853,1.0266835857969194,18305,18305,18305,18305,18305,0.0,,0.07399999999995543,0.17399999999997817,0.05600000000004002,0.03499999999996817,0.3039999999999736,0.53,,,,,0.545,,0.593,0.566,0.582,"{('cu', 'start'): 681.262, ('cu', 'h2dmalloc'): 681.341, ('cu', 'h2d'): 681.359, ('cu', 'workest'): 681.433, ('cu', 'compute'): 681.607, ('cu', 'copy'): 681.663, ('cu', 'pack'): 681.681, ('cu', 'd2h'): 681.716, ('gust', 'start'): 681.807, ('gust', 'h2d'): 681.888, ('gust', 'count'): 681.908, ('gust', 'scan'): 681.947, ('gust', 'expand'): 681.969, ('gust', 'sort'): 682.106, ('gust', 'reduce'): 682.155, ('gust', 'final'): 682.219, ('gust', 'pack'): 682.237, ('gust', 'd2h'): 682.257, ('outer', 'start'): 682.363, ('outer', 'h2d'): 682.448, ('outer', 'csc'): 682.515, ('outer', 'count'): 682.534, ('outer', 'scan'): 682.567, ('outer', 'expand'): 682.585, ('outer', 'sort'): 682.71, ('outer', 'reduce'): 682.747, ('outer', 'final'): 682.806, ('outer', 'pack'): 682.824, ('outer', 'd2h'): 682.859, ('colw', 'start'): 682.964, ('colw', 'h2d'): 683.044, ('colw', 'csc'): 683.118, ('colw', 'count'): 683.139, ('colw', 'scan'): 683.172, ('colw', 'expand'): 683.191, ('colw', 'sort'): 683.315, ('colw', 'reduce'): 683.351, ('colw', 'final'): 683.401, ('colw', 'pack'): 683.418, ('colw', 'd2h'): 683.438, ('inner', 'start'): 683.539, ('inner', 'h2d'): 683.618, ('inner', 'csc'): 683.681, ('inner', 'count'): 683.7, ('inner', 'scan'): 683.732, ('inner', 'expand'): 683.752, ('inner', 'sort'): 683.876, ('inner', 'reduce'): 683.911, ('inner', 'final'): 683.96, ('inner', 'numeric'): 683.985, ('inner', 'pack'): 684.002, ('inner', 'd2h'): 684.022}"
Highly sparse,bcsstm12,1473,19659,0.9060578533079476,53615,53615,53615,53615,53615,0.0,,0.08500000000003638,0.26299999999991996,0.06100000000003547,0.1430000000000291,0.4089999999999918,0.751,,,,,1.118,,1.349,1.312,1.205,"{('cu', 'start'): 688.714, ('cu', 'h2dmalloc'): 688.783, ('cu', 'h2d'): 688.808, ('cu', 'workest'): 688.893, ('cu', 'compute'): 689.156, ('cu', 'copy'): 689.217, ('cu', 'pack'): 689.237, ('cu', 'd2h'): 689.38, ('gust', 'start'): 689.481, ('gust', 'h2d'): 689.567, ('gust', 'count'): 689.589, ('gust', 'scan'): 689.631, ('gust', 'expand'): 689.72, ('gust', 'sort'): 689.998, ('gust', 'reduce'): 690.161, ('gust', 'final'): 690.371, ('gust', 'pack'): 690.392, ('gust', 'd2h'): 690.436, ('outer', 'start'): 690.613, ('outer', 'h2d'): 690.698, ('outer', 'csc'): 690.777, ('outer', 'count'): 690.798, ('outer', 'scan'): 690.842, ('outer', 'expand'): 690.932, ('outer', 'sort'): 691.205, ('outer', 'reduce'): 691.357, ('outer', 'final'): 691.571, ('outer', 'pack'): 691.65, ('outer', 'd2h'): 691.71, ('colw', 'start'): 691.973, ('colw', 'h2d'): 692.059, ('colw', 'csc'): 692.141, ('colw', 'count'): 692.161, ('colw', 'scan'): 692.197, ('colw', 'expand'): 692.286, ('colw', 'sort'): 692.553, ('colw', 'reduce'): 692.703, ('colw', 'final'): 692.918, ('colw', 'pack'): 693.003, ('colw', 'd2h'): 693.047, ('inner', 'start'): 693.297, ('inner', 'h2d'): 693.379, ('inner', 'csc'): 693.457, ('inner', 'count'): 693.477, ('inner', 'scan'): 693.514, ('inner', 'expand'): 693.6, ('inner', 'sort'): 693.877, ('inner', 'reduce'): 694.035, ('inner', 'final'): 694.237, ('inner', 'numeric'): 694.343, ('inner', 'pack'): 694.365, ('inner', 'd2h'): 694.409}"
Highly sparse,bcsstm03,112,112,0.8928571428571428,112,112,112,112,112,0.0,,0.06700000000000728,0.1470000000000482,0.05199999999990723,0.023000000000024556,0.2659999999999627,0.471,,,,,0.401,,0.468,0.453,0.442,"{('cu', 'start'): 672.1, ('cu', 'h2dmalloc'): 672.177, ('cu', 'h2d'): 672.188, ('cu', 'workest'): 672.255, ('cu', 'compute'): 672.402, ('cu', 'copy'): 672.454, ('cu', 'pack'): 672.472, ('cu', 'd2h'): 672.495, ('gust', 'start'): 672.584, ('gust', 'h2d'): 672.661, ('gust', 'count'): 672.678, ('gust', 'scan'): 672.715, ('gust', 'expand'): 672.733, ('gust', 'sort'): 672.777, ('gust', 'reduce'): 672.823, ('gust', 'final'): 672.875, ('gust', 'pack'): 672.891, ('gust', 'd2h'): 672.899, ('outer', 'start'): 672.994, ('outer', 'h2d'): 673.07, ('outer', 'csc'): 673.128, ('outer', 'count'): 673.147, ('outer', 'scan'): 673.18, ('outer', 'expand'): 673.197, ('outer', 'sort'): 673.238, ('outer', 'reduce'): 673.279, ('outer', 'final'): 673.326, ('outer', 'pack'): 673.342, ('outer', 'd2h'): 673.351, ('colw', 'start'): 673.471, ('colw', 'h2d'): 673.549, ('colw', 'csc'): 673.605, ('colw', 'count'): 673.623, ('colw', 'scan'): 673.655, ('colw', 'expand'): 673.67, ('colw', 'sort'): 673.713, ('colw', 'reduce'): 673.745, ('colw', 'final'): 673.806, ('colw', 'pack'): 673.824, ('colw', 'd2h'): 673.832, ('inner', 'start'): 673.935, ('inner', 'h2d'): 674.01, ('inner', 'csc'): 674.065, ('inner', 'count'): 674.082, ('inner', 'scan'): 674.113, ('inner', 'expand'): 674.129, ('inner', 'sort'): 674.171, ('inner', 'reduce'): 674.203, ('inner', 'final'): 674.249, ('inner', 'numeric'): 674.269, ('inner', 'pack'): 674.285, ('inner', 'd2h'): 674.294}"
Highly sparse,bcspwr05,443,1623,0.8270105834934192,4249,4249,4249,4249,4249,0.0,,0.06799999999998363,0.16399999999998727,0.05299999999999727,0.024999999999977263,0.28499999999996817,0.504,,,,,0.485,,0.571,0.534,0.543,"{('cu', 'start'): 687.044, ('cu', 'h2dmalloc'): 687.115, ('cu', 'h2d'): 687.13, ('cu', 'workest'): 687.198, ('cu', 'compute'): 687.362, ('cu', 'copy'): 687.415, ('cu', 'pack'): 687.433, ('cu', 'd2h'): 687.458, ('gust', 'start'): 687.558, ('gust', 'h2d'): 687.644, ('gust', 'count'): 687.664, ('gust', 'scan'): 687.703, ('gust', 'expand'): 687.723, ('gust', 'sort'): 687.835, ('gust', 'reduce'): 687.875, ('gust', 'final'): 687.93, ('gust', 'pack'): 687.947, ('gust', 'd2h'): 687.959, ('outer', 'start'): 688.053, ('outer', 'h2d'): 688.138, ('outer', 'csc'): 688.201, ('outer', 'count'): 688.22, ('outer', 'scan'): 688.254, ('outer', 'expand'): 688.271, ('outer', 'sort'): 688.386, ('outer', 'reduce'): 688.421, ('outer', 'final'): 688.473, ('outer', 'pack'): 688.49, ('outer', 'd2h'): 688.524, ('colw', 'start'): 688.634, ('colw', 'h2d'): 688.721, ('colw', 'csc'): 688.785, ('colw', 'count'): 688.804, ('colw', 'scan'): 688.837, ('colw', 'expand'): 688.857, ('colw', 'sort'): 688.965, ('colw', 'reduce'): 689.0, ('colw', 'final'): 689.049, ('colw', 'pack'): 689.066, ('colw', 'd2h'): 689.077, ('inner', 'start'): 689.176, ('inner', 'h2d'): 689.256, ('inner', 'csc'): 689.318, ('inner', 'count'): 689.336, ('inner', 'scan'): 689.369, ('inner', 'expand'): 689.387, ('inner', 'sort'): 689.494, ('inner', 'reduce'): 689.535, ('inner', 'final'): 689.583, ('inner', 'numeric'): 689.607, ('inner', 'pack'): 689.624, ('inner', 'd2h'): 689.635}"
Highly sparse,bcsstk26,1922,30336,0.8212049319939666,92530,92530,92530,92530,92530,0.0,,0.06999999999993634,0.2880000000000109,0.06000000000005912,0.16300000000001091,0.41800000000000637,0.882,,,,,1.244,,1.328,1.289,1.333,"{('cu', 'start'): 637.383, ('cu', 'h2dmalloc'): 637.451, ('cu', 'h2d'): 637.489, ('cu', 'workest'): 637.559, ('cu', 'compute'): 637.847, ('cu', 'copy'): 637.907, ('cu', 'pack'): 637.984, ('cu', 'd2h'): 638.147, ('gust', 'start'): 638.289, ('gust', 'h2d'): 638.387, ('gust', 'count'): 638.408, ('gust', 'scan'): 638.45, ('gust', 'expand'): 638.589, ('gust', 'sort'): 638.858, ('gust', 'reduce'): 639.028, ('gust', 'final'): 639.339, ('gust', 'pack'): 639.365, ('gust', 'd2h'): 639.441, ('outer', 'start'): 639.534, ('outer', 'h2d'): 639.632, ('outer', 'csc'): 639.715, ('outer', 'count'): 639.734, ('outer', 'scan'): 639.77, ('outer', 'expand'): 639.9, ('outer', 'sort'): 640.163, ('outer', 'reduce'): 640.355, ('outer', 'final'): 640.55, ('outer', 'pack'): 640.571, ('outer', 'd2h'): 640.663, ('colw', 'start'): 640.873, ('colw', 'h2d'): 640.971, ('colw', 'csc'): 641.054, ('colw', 'count'): 641.075, ('colw', 'scan'): 641.11, ('colw', 'expand'): 641.248, ('colw', 'sort'): 641.522, ('colw', 'reduce'): 641.689, ('colw', 'final'): 641.871, ('colw', 'pack'): 641.891, ('colw', 'd2h'): 641.968, ('inner', 'start'): 642.173, ('inner', 'h2d'): 642.268, ('inner', 'csc'): 642.358, ('inner', 'count'): 642.382, ('inner', 'scan'): 642.416, ('inner', 'expand'): 642.555, ('inner', 'sort'): 642.818, ('inner', 'reduce'): 642.977, ('inner', 'final'): 643.164, ('inner', 'numeric'): 643.324, ('inner', 'pack'): 643.35, ('inner', 'd2h'): 643.426}"
Highly sparse,bcsstk33,8738,591904,0.775223972597465,2569536,2569536,2569536,2569536,2569536,0.0,,0.23699999999996635,2.2730000000000246,0.17300000000000182,1.3240000000000691,2.6829999999999927,5.143,,,,,10.33,,9.849,9.772,10.558,"{('cu', 'start'): 760.426, ('cu', 'h2dmalloc'): 760.482, ('cu', 'h2d'): 761.383, ('cu', 'workest'): 761.62, ('cu', 'compute'): 763.893, ('cu', 'copy'): 764.066, ('cu', 'pack'): 764.131, ('cu', 'd2h'): 765.455, ('gust', 'start'): 765.578, ('gust', 'h2d'): 766.843, ('gust', 'count'): 766.925, ('gust', 'scan'): 766.964, ('gust', 'expand'): 767.636, ('gust', 'sort'): 773.205, ('gust', 'reduce'): 773.773, ('gust', 'final'): 774.77, ('gust', 'pack'): 774.842, ('gust', 'd2h'): 775.607, ('outer', 'start'): 775.917, ('outer', 'h2d'): 776.527, ('outer', 'csc'): 776.841, ('outer', 'count'): 776.862, ('outer', 'scan'): 776.896, ('outer', 'expand'): 777.474, ('outer', 'sort'): 782.958, ('outer', 'reduce'): 783.527, ('outer', 'final'): 784.188, ('outer', 'pack'): 784.272, ('outer', 'd2h'): 785.033, ('colw', 'start'): 785.773, ('colw', 'h2d'): 786.279, ('colw', 'csc'): 786.594, ('colw', 'count'): 786.623, ('colw', 'scan'): 786.658, ('colw', 'expand'): 787.342, ('colw', 'sort'): 792.768, ('colw', 'reduce'): 793.34, ('colw', 'final'): 793.985, ('colw', 'pack'): 794.057, ('colw', 'd2h'): 794.827, ('inner', 'start'): 795.553, ('inner', 'h2d'): 796.09, ('inner', 'csc'): 796.407, ('inner', 'count'): 796.435, ('inner', 'scan'): 796.478, ('inner', 'expand'): 797.196, ('inner', 'sort'): 802.739, ('inner', 'reduce'): 803.316, ('inner', 'final'): 803.968, ('inner', 'numeric'): 804.862, ('inner', 'pack'): 804.934, ('inner', 'd2h'): 805.693}"
Highly sparse,bcsstm04,132,132,0.7575757575757576,132,132,132,132,132,0.0,,0.06900000000007367,0.16800000000000637,0.053999999999973625,0.024999999999977263,0.29100000000005366,0.51,,,,,0.438,,0.51,0.483,0.482,"{('cu', 'start'): 690.454, ('cu', 'h2dmalloc'): 690.526, ('cu', 'h2d'): 690.54, ('cu', 'workest'): 690.609, ('cu', 'compute'): 690.777, ('cu', 'copy'): 690.831, ('cu', 'pack'): 690.85, ('cu', 'd2h'): 690.875, ('gust', 'start'): 690.978, ('gust', 'h2d'): 691.056, ('gust', 'count'): 691.075, ('gust', 'scan'): 691.115, ('gust', 'expand'): 691.134, ('gust', 'sort'): 691.179, ('gust', 'reduce'): 691.229, ('gust', 'final'): 691.286, ('gust', 'pack'): 691.305, ('gust', 'd2h'): 691.314, ('outer', 'start'): 691.426, ('outer', 'h2d'): 691.502, ('outer', 'csc'): 691.573, ('outer', 'count'): 691.593, ('outer', 'scan'): 691.627, ('outer', 'expand'): 691.646, ('outer', 'sort'): 691.689, ('outer', 'reduce'): 691.731, ('outer', 'final'): 691.783, ('outer', 'pack'): 691.801, ('outer', 'd2h'): 691.811, ('colw', 'start'): 691.945, ('colw', 'h2d'): 692.022, ('colw', 'csc'): 692.085, ('colw', 'count'): 692.103, ('colw', 'scan'): 692.139, ('colw', 'expand'): 692.156, ('colw', 'sort'): 692.198, ('colw', 'reduce'): 692.244, ('colw', 'final'): 692.294, ('colw', 'pack'): 692.312, ('colw', 'd2h'): 692.322, ('inner', 'start'): 692.439, ('inner', 'h2d'): 692.517, ('inner', 'csc'): 692.578, ('inner', 'count'): 692.597, ('inner', 'scan'): 692.632, ('inner', 'expand'): 692.649, ('inner', 'sort'): 692.692, ('inner', 'reduce'): 692.726, ('inner', 'final'): 692.776, ('inner', 'numeric'): 692.797, ('inner', 'pack'): 692.814, ('inner', 'd2h'): 692.823}"
Highly sparse,bcsstk15,3948,117816,0.7558750073139261,527688,527688,527688,527688,527688,0.0,,0.1449999999999818,0.75,0.17999999999994998,0.7160000000000082,1.0749999999999318,2.193,,,,,2.596,,2.715,2.677,2.777,"{('cu', 'start'): 670.583, ('cu', 'h2dmalloc'): 670.648, ('cu', 'h2d'): 670.754, ('cu', 'workest'): 670.899, ('cu', 'compute'): 671.649, ('cu', 'copy'): 671.829, ('cu', 'pack'): 671.923, ('cu', 'd2h'): 672.639, ('gust', 'start'): 672.79, ('gust', 'h2d'): 672.955, ('gust', 'count'): 672.982, ('gust', 'scan'): 673.027, ('gust', 'expand'): 673.206, ('gust', 'sort'): 673.925, ('gust', 'reduce'): 674.128, ('gust', 'final'): 674.603, ('gust', 'pack'): 674.691, ('gust', 'd2h'): 675.122, ('outer', 'start'): 675.398, ('outer', 'h2d'): 675.565, ('outer', 'csc'): 675.665, ('outer', 'count'): 675.686, ('outer', 'scan'): 675.723, ('outer', 'expand'): 675.889, ('outer', 'sort'): 676.592, ('outer', 'reduce'): 676.782, ('outer', 'final'): 677.153, ('outer', 'pack'): 677.27, ('outer', 'd2h'): 677.702, ('colw', 'start'): 678.125, ('colw', 'h2d'): 678.289, ('colw', 'csc'): 678.391, ('colw', 'count'): 678.414, ('colw', 'scan'): 678.452, ('colw', 'expand'): 678.622, ('colw', 'sort'): 679.32, ('colw', 'reduce'): 679.517, ('colw', 'final'): 679.859, ('colw', 'pack'): 679.961, ('colw', 'd2h'): 680.403, ('inner', 'start'): 680.813, ('inner', 'h2d'): 680.986, ('inner', 'csc'): 681.087, ('inner', 'count'): 681.11, ('inner', 'scan'): 681.146, ('inner', 'expand'): 681.318, ('inner', 'sort'): 682.023, ('inner', 'reduce'): 682.221, ('inner', 'final'): 682.565, ('inner', 'numeric'): 682.789, ('inner', 'pack'): 682.891, ('inner', 'd2h'): 683.328}"
Highly sparse,bcsstm22,138,138,0.7246376811594203,138,138,138,138,138,0.0,,0.07200000000000273,0.1550000000000864,0.05299999999999727,0.02400000000000091,0.2800000000000864,0.492,,,,,0.395,,0.483,0.435,0.455,"{('cu', 'start'): 667.53, ('cu', 'h2dmalloc'): 667.608, ('cu', 'h2d'): 667.622, ('cu', 'workest'): 667.694, ('cu', 'compute'): 667.849, ('cu', 'copy'): 667.902, ('cu', 'pack'): 667.921, ('cu', 'd2h'): 667.945, ('gust', 'start'): 668.036, ('gust', 'h2d'): 668.114, ('gust', 'count'): 668.132, ('gust', 'scan'): 668.169, ('gust', 'expand'): 668.187, ('gust', 'sort'): 668.231, ('gust', 'reduce'): 668.266, ('gust', 'final'): 668.318, ('gust', 'pack'): 668.336, ('gust', 'd2h'): 668.344, ('outer', 'start'): 668.439, ('outer', 'h2d'): 668.525, ('outer', 'csc'): 668.584, ('outer', 'count'): 668.602, ('outer', 'scan'): 668.635, ('outer', 'expand'): 668.654, ('outer', 'sort'): 668.694, ('outer', 'reduce'): 668.728, ('outer', 'final'): 668.783, ('outer', 'pack'): 668.799, ('outer', 'd2h'): 668.808, ('colw', 'start'): 668.932, ('colw', 'h2d'): 669.008, ('colw', 'csc'): 669.066, ('colw', 'count'): 669.083, ('colw', 'scan'): 669.116, ('colw', 'expand'): 669.132, ('colw', 'sort'): 669.172, ('colw', 'reduce'): 669.205, ('colw', 'final'): 669.252, ('colw', 'pack'): 669.268, ('colw', 'd2h'): 669.277, ('inner', 'start'): 669.376, ('inner', 'h2d'): 669.449, ('inner', 'csc'): 669.515, ('inner', 'count'): 669.532, ('inner', 'scan'): 669.565, ('inner', 'expand'): 669.581, ('inner', 'sort'): 669.622, ('inner', 'reduce'): 669.652, ('inner', 'final'): 669.699, ('inner', 'numeric'): 669.719, ('inner', 'pack'): 669.736, ('inner', 'd2h'): 669.744}"
Highly sparse,bp_1600,822,4841,0.7164591732229859,23625,23625,23625,23625,23625,0.0,,0.06999999999993634,0.18799999999998818,0.055000000000063665,0.03799999999989723,0.3129999999999882,0.533,,,,,0.577,,0.727,0.649,0.814,"{('cu', 'start'): 664.48, ('cu', 'h2dmalloc'): 664.551, ('cu', 'h2d'): 664.566, ('cu', 'workest'): 664.636, ('cu', 'compute'): 664.824, ('cu', 'copy'): 664.879, ('cu', 'pack'): 664.897, ('cu', 'd2h'): 664.935, ('gust', 'start'): 665.026, ('gust', 'h2d'): 665.108, ('gust', 'count'): 665.142, ('gust', 'scan'): 665.179, ('gust', 'expand'): 665.232, ('gust', 'sort'): 665.373, ('gust', 'reduce'): 665.413, ('gust', 'final'): 665.471, ('gust', 'pack'): 665.488, ('gust', 'd2h'): 665.512, ('outer', 'start'): 665.613, ('outer', 'h2d'): 665.693, ('outer', 'csc'): 665.849, ('outer', 'count'): 665.867, ('outer', 'scan'): 665.901, ('outer', 'expand'): 665.95, ('outer', 'sort'): 666.073, ('outer', 'reduce'): 666.11, ('outer', 'final'): 666.17, ('outer', 'pack'): 666.187, ('outer', 'd2h'): 666.226, ('colw', 'start'): 666.349, ('colw', 'h2d'): 666.431, ('colw', 'csc'): 666.586, ('colw', 'count'): 666.606, ('colw', 'scan'): 666.639, ('colw', 'expand'): 666.659, ('colw', 'sort'): 666.78, ('colw', 'reduce'): 666.815, ('colw', 'final'): 666.865, ('colw', 'pack'): 666.882, ('colw', 'd2h'): 666.906, ('inner', 'start'): 667.006, ('inner', 'h2d'): 667.083, ('inner', 'csc'): 667.234, ('inner', 'count'): 667.27, ('inner', 'scan'): 667.303, ('inner', 'expand'): 667.352, ('inner', 'sort'): 667.473, ('inner', 'reduce'): 667.508, ('inner', 'final'): 667.558, ('inner', 'numeric'): 667.692, ('inner', 'pack'): 667.709, ('inner', 'd2h'): 667.733}"
Highly sparse,bp_1400,822,4790,0.7089112662132002,23154,23154,23154,23154,23154,0.0,,0.07000000000005002,0.18100000000004002,0.05599999999992633,0.038000000000010914,0.30700000000001637,0.525,,,,,0.565,,0.715,0.646,0.824,"{('cu', 'start'): 666.237, ('cu', 'h2dmalloc'): 666.309, ('cu', 'h2d'): 666.324, ('cu', 'workest'): 666.394, ('cu', 'compute'): 666.575, ('cu', 'copy'): 666.631, ('cu', 'pack'): 666.648, ('cu', 'd2h'): 666.686, ('gust', 'start'): 666.775, ('gust', 'h2d'): 666.868, ('gust', 'count'): 666.901, ('gust', 'scan'): 666.939, ('gust', 'expand'): 666.991, ('gust', 'sort'): 667.117, ('gust', 'reduce'): 667.157, ('gust', 'final'): 667.213, ('gust', 'pack'): 667.23, ('gust', 'd2h'): 667.253, ('outer', 'start'): 667.349, ('outer', 'h2d'): 667.427, ('outer', 'csc'): 667.584, ('outer', 'count'): 667.602, ('outer', 'scan'): 667.635, ('outer', 'expand'): 667.686, ('outer', 'sort'): 667.813, ('outer', 'reduce'): 667.858, ('outer', 'final'): 667.91, ('outer', 'pack'): 667.927, ('outer', 'd2h'): 667.964, ('colw', 'start'): 668.074, ('colw', 'h2d'): 668.154, ('colw', 'csc'): 668.312, ('colw', 'count'): 668.332, ('colw', 'scan'): 668.365, ('colw', 'expand'): 668.384, ('colw', 'sort'): 668.505, ('colw', 'reduce'): 668.539, ('colw', 'final'): 668.59, ('colw', 'pack'): 668.607, ('colw', 'd2h'): 668.629, ('inner', 'start'): 668.729, ('inner', 'h2d'): 668.811, ('inner', 'csc'): 668.967, ('inner', 'count'): 668.996, ('inner', 'scan'): 669.028, ('inner', 'expand'): 669.078, ('inner', 'sort'): 669.199, ('inner', 'reduce'): 669.234, ('inner', 'final'): 669.291, ('inner', 'numeric'): 669.426, ('inner', 'pack'): 669.443, ('inner', 'd2h'): 669.466}"
Highly sparse,bp_1200,822,4726,0.6994393829068026,22313,22313,22313,22313,22313,0.0,,0.07100000000002638,0.19500000000005002,0.05899999999996908,0.03999999999996362,0.3250000000000455,0.554,,,,,0.564,,0.738,0.667,0.831,"{('cu', 'start'): 682.423, ('cu', 'h2dmalloc'): 682.494, ('cu', 'h2d'): 682.511, ('cu', 'workest'): 682.582, ('cu', 'compute'): 682.777, ('cu', 'copy'): 682.836, ('cu', 'pack'): 682.855, ('cu', 'd2h'): 682.895, ('gust', 'start'): 682.99, ('gust', 'h2d'): 683.074, ('gust', 'count'): 683.105, ('gust', 'scan'): 683.145, ('gust', 'expand'): 683.199, ('gust', 'sort'): 683.324, ('gust', 'reduce'): 683.366, ('gust', 'final'): 683.424, ('gust', 'pack'): 683.442, ('gust', 'd2h'): 683.465, ('outer', 'start'): 683.564, ('outer', 'h2d'): 683.643, ('outer', 'csc'): 683.812, ('outer', 'count'): 683.831, ('outer', 'scan'): 683.865, ('outer', 'expand'): 683.916, ('outer', 'sort'): 684.045, ('outer', 'reduce'): 684.082, ('outer', 'final'): 684.14, ('outer', 'pack'): 684.158, ('outer', 'd2h'): 684.198, ('colw', 'start'): 684.313, ('colw', 'h2d'): 684.395, ('colw', 'csc'): 684.554, ('colw', 'count'): 684.575, ('colw', 'scan'): 684.608, ('colw', 'expand'): 684.63, ('colw', 'sort'): 684.751, ('colw', 'reduce'): 684.789, ('colw', 'final'): 684.843, ('colw', 'pack'): 684.86, ('colw', 'd2h'): 684.884, ('inner', 'start'): 684.989, ('inner', 'h2d'): 685.068, ('inner', 'csc'): 685.224, ('inner', 'count'): 685.252, ('inner', 'scan'): 685.285, ('inner', 'expand'): 685.336, ('inner', 'sort'): 685.458, ('inner', 'reduce'): 685.495, ('inner', 'final'): 685.547, ('inner', 'numeric'): 685.683, ('inner', 'pack'): 685.708, ('inner', 'd2h'): 685.733}"
Highly sparse,685_bus,685,3249,0.6924183494059353,9337,9337,9337,9337,9337,0.0,,0.07399999999995543,0.17000000000007276,0.06099999999992178,0.031000000000062755,0.30499999999995,0.533,,,,,0.51,,0.601,0.578,0.589,"{('cu', 'start'): 679.317, ('cu', 'h2dmalloc'): 679.388, ('cu', 'h2d'): 679.403, ('cu', 'workest'): 679.477, ('cu', 'compute'): 679.647, ('cu', 'copy'): 679.708, ('cu', 'pack'): 679.727, ('cu', 'd2h'): 679.758, ('gust', 'start'): 679.864, ('gust', 'h2d'): 679.947, ('gust', 'count'): 679.967, ('gust', 'scan'): 680.007, ('gust', 'expand'): 680.029, ('gust', 'sort'): 680.146, ('gust', 'reduce'): 680.187, ('gust', 'final'): 680.244, ('gust', 'pack'): 680.263, ('gust', 'd2h'): 680.278, ('outer', 'start'): 680.386, ('outer', 'h2d'): 680.465, ('outer', 'csc'): 680.532, ('outer', 'count'): 680.552, ('outer', 'scan'): 680.598, ('outer', 'expand'): 680.618, ('outer', 'sort'): 680.737, ('outer', 'reduce'): 680.775, ('outer', 'final'): 680.83, ('outer', 'pack'): 680.848, ('outer', 'd2h'): 680.875, ('colw', 'start'): 680.999, ('colw', 'h2d'): 681.082, ('colw', 'csc'): 681.15, ('colw', 'count'): 681.169, ('colw', 'scan'): 681.205, ('colw', 'expand'): 681.225, ('colw', 'sort'): 681.34, ('colw', 'reduce'): 681.376, ('colw', 'final'): 681.428, ('colw', 'pack'): 681.445, ('colw', 'd2h'): 681.461, ('inner', 'start'): 681.588, ('inner', 'h2d'): 681.67, ('inner', 'csc'): 681.738, ('inner', 'count'): 681.759, ('inner', 'scan'): 681.794, ('inner', 'expand'): 681.816, ('inner', 'sort'): 681.929, ('inner', 'reduce'): 681.967, ('inner', 'final'): 682.02, ('inner', 'numeric'): 682.046, ('inner', 'pack'): 682.064, ('inner', 'd2h'): 682.079}"
Highly sparse,bp_1000,822,4661,0.6898195014237425,21373,21373,21373,21373,21373,0.0,,0.07900000000006457,0.19499999999993634,0.06000000000005912,0.038000000000010914,0.33400000000006,0.572,,,,,0.581,,0.747,0.681,0.846,"{('cu', 'start'): 694.72, ('cu', 'h2dmalloc'): 694.793, ('cu', 'h2d'): 694.81, ('cu', 'workest'): 694.889, ('cu', 'compute'): 695.084, ('cu', 'copy'): 695.144, ('cu', 'pack'): 695.164, ('cu', 'd2h'): 695.202, ('gust', 'start'): 695.307, ('gust', 'h2d'): 695.39, ('gust', 'count'): 695.421, ('gust', 'scan'): 695.462, ('gust', 'expand'): 695.515, ('gust', 'sort'): 695.641, ('gust', 'reduce'): 695.685, ('gust', 'final'): 695.746, ('gust', 'pack'): 695.764, ('gust', 'd2h'): 695.787, ('outer', 'start'): 695.901, ('outer', 'h2d'): 695.982, ('outer', 'csc'): 696.141, ('outer', 'count'): 696.16, ('outer', 'scan'): 696.196, ('outer', 'expand'): 696.247, ('outer', 'sort'): 696.37, ('outer', 'reduce'): 696.409, ('outer', 'final'): 696.471, ('outer', 'pack'): 696.49, ('outer', 'd2h'): 696.528, ('colw', 'start'): 696.658, ('colw', 'h2d'): 696.741, ('colw', 'csc'): 696.901, ('colw', 'count'): 696.922, ('colw', 'scan'): 696.957, ('colw', 'expand'): 696.98, ('colw', 'sort'): 697.103, ('colw', 'reduce'): 697.142, ('colw', 'final'): 697.195, ('colw', 'pack'): 697.212, ('colw', 'd2h'): 697.235, ('inner', 'start'): 697.35, ('inner', 'h2d'): 697.428, ('inner', 'csc'): 697.586, ('inner', 'count'): 697.616, ('inner', 'scan'): 697.653, ('inner', 'expand'): 697.704, ('inner', 'sort'): 697.827, ('inner', 'reduce'): 697.865, ('inner', 'final'): 697.918, ('inner', 'numeric'): 698.053, ('inner', 'pack'): 698.071, ('inner', 'd2h'): 698.095}"
Highly sparse,494_bus,494,1666,0.6826861610582045,4062,4062,4062,4062,4062,0.0,,0.07100000000002638,0.18100000000004002,0.057999999999992724,0.025999999999953616,0.3100000000000591,0.539,,,,,0.514,,0.596,0.554,0.578,"{('cu', 'start'): 683.247, ('cu', 'h2dmalloc'): 683.316, ('cu', 'h2d'): 683.338, ('cu', 'workest'): 683.409, ('cu', 'compute'): 683.59, ('cu', 'copy'): 683.648, ('cu', 'pack'): 683.667, ('cu', 'd2h'): 683.693, ('gust', 'start'): 683.8, ('gust', 'h2d'): 683.886, ('gust', 'count'): 683.908, ('gust', 'scan'): 683.949, ('gust', 'expand'): 683.971, ('gust', 'sort'): 684.085, ('gust', 'reduce'): 684.126, ('gust', 'final'): 684.184, ('gust', 'pack'): 684.203, ('gust', 'd2h'): 684.215, ('outer', 'start'): 684.325, ('outer', 'h2d'): 684.405, ('outer', 'csc'): 684.471, ('outer', 'count'): 684.49, ('outer', 'scan'): 684.534, ('outer', 'expand'): 684.554, ('outer', 'sort'): 684.67, ('outer', 'reduce'): 684.709, ('outer', 'final'): 684.764, ('outer', 'pack'): 684.783, ('outer', 'd2h'): 684.795, ('colw', 'start'): 684.932, ('colw', 'h2d'): 685.016, ('colw', 'csc'): 685.083, ('colw', 'count'): 685.102, ('colw', 'scan'): 685.137, ('colw', 'expand'): 685.156, ('colw', 'sort'): 685.264, ('colw', 'reduce'): 685.301, ('colw', 'final'): 685.351, ('colw', 'pack'): 685.369, ('colw', 'd2h'): 685.381, ('inner', 'start'): 685.497, ('inner', 'h2d'): 685.587, ('inner', 'csc'): 685.653, ('inner', 'count'): 685.672, ('inner', 'scan'): 685.707, ('inner', 'expand'): 685.727, ('inner', 'sort'): 685.834, ('inner', 'reduce'): 685.871, ('inner', 'final'): 685.92, ('inner', 'numeric'): 685.946, ('inner', 'pack'): 685.964, ('inner', 'd2h'): 685.976}"
Highly sparse,bp_800,822,4534,0.6710237329876096,20224,20224,20224,20224,20224,0.0,,0.08399999999994634,0.20500000000004093,0.05700000000001637,0.03599999999994452,0.34600000000000364,0.58,,,,,0.586,,0.735,0.674,0.839,"{('cu', 'start'): 675.263, ('cu', 'h2dmalloc'): 675.334, ('cu', 'h2d'): 675.35, ('cu', 'workest'): 675.434, ('cu', 'compute'): 675.639, ('cu', 'copy'): 675.696, ('cu', 'pack'): 675.715, ('cu', 'd2h'): 675.751, ('gust', 'start'): 675.856, ('gust', 'h2d'): 675.941, ('gust', 'count'): 675.973, ('gust', 'scan'): 676.012, ('gust', 'expand'): 676.066, ('gust', 'sort'): 676.192, ('gust', 'reduce'): 676.233, ('gust', 'final'): 676.29, ('gust', 'pack'): 676.309, ('gust', 'd2h'): 676.331, ('outer', 'start'): 676.452, ('outer', 'h2d'): 676.534, ('outer', 'csc'): 676.695, ('outer', 'count'): 676.714, ('outer', 'scan'): 676.751, ('outer', 'expand'): 676.801, ('outer', 'sort'): 676.922, ('outer', 'reduce'): 676.97, ('outer', 'final'): 677.024, ('outer', 'pack'): 677.042, ('outer', 'd2h'): 677.077, ('colw', 'start'): 677.199, ('colw', 'h2d'): 677.279, ('colw', 'csc'): 677.439, ('colw', 'count'): 677.46, ('colw', 'scan'): 677.497, ('colw', 'expand'): 677.518, ('colw', 'sort'): 677.639, ('colw', 'reduce'): 677.677, ('colw', 'final'): 677.729, ('colw', 'pack'): 677.747, ('colw', 'd2h'): 677.769, ('inner', 'start'): 677.884, ('inner', 'h2d'): 677.962, ('inner', 'csc'): 678.119, ('inner', 'count'): 678.148, ('inner', 'scan'): 678.182, ('inner', 'expand'): 678.232, ('inner', 'sort'): 678.353, ('inner', 'reduce'): 678.401, ('inner', 'final'): 678.453, ('inner', 'numeric'): 678.585, ('inner', 'pack'): 678.604, ('inner', 'd2h'): 678.626}"
Highly sparse,bcsstm05,153,153,0.6535947712418301,153,153,153,153,153,0.0,,0.08199999999999363,0.16399999999998727,0.05600000000004002,0.024999999999977263,0.3020000000000209,0.522,,,,,0.425,,0.503,0.465,0.493,"{('cu', 'start'): 676.942, ('cu', 'h2dmalloc'): 677.012, ('cu', 'h2d'): 677.025, ('cu', 'workest'): 677.107, ('cu', 'compute'): 677.271, ('cu', 'copy'): 677.327, ('cu', 'pack'): 677.345, ('cu', 'd2h'): 677.37, ('gust', 'start'): 677.478, ('gust', 'h2d'): 677.558, ('gust', 'count'): 677.579, ('gust', 'scan'): 677.619, ('gust', 'expand'): 677.638, ('gust', 'sort'): 677.684, ('gust', 'reduce'): 677.723, ('gust', 'final'): 677.778, ('gust', 'pack'): 677.795, ('gust', 'd2h'): 677.805, ('outer', 'start'): 677.913, ('outer', 'h2d'): 677.989, ('outer', 'csc'): 678.055, ('outer', 'count'): 678.075, ('outer', 'scan'): 678.112, ('outer', 'expand'): 678.13, ('outer', 'sort'): 678.173, ('outer', 'reduce'): 678.209, ('outer', 'final'): 678.266, ('outer', 'pack'): 678.283, ('outer', 'd2h'): 678.293, ('colw', 'start'): 678.428, ('colw', 'h2d'): 678.505, ('colw', 'csc'): 678.564, ('colw', 'count'): 678.583, ('colw', 'scan'): 678.617, ('colw', 'expand'): 678.634, ('colw', 'sort'): 678.677, ('colw', 'reduce'): 678.713, ('colw', 'final'): 678.762, ('colw', 'pack'): 678.779, ('colw', 'd2h'): 678.789, ('inner', 'start'): 678.904, ('inner', 'h2d'): 678.979, ('inner', 'csc'): 679.039, ('inner', 'count'): 679.068, ('inner', 'scan'): 679.105, ('inner', 'expand'): 679.122, ('inner', 'sort'): 679.164, ('inner', 'reduce'): 679.199, ('inner', 'final'): 679.25, ('inner', 'numeric'): 679.271, ('inner', 'pack'): 679.288, ('inner', 'd2h'): 679.298}"
Highly sparse,bp_600,822,4172,0.6174483930357978,16464,16464,16464,16464,16464,0.0,,0.09300000000007458,0.2039999999999509,0.07299999999997908,0.03599999999994452,0.37000000000000455,0.613,,,,,0.635,,0.817,0.743,0.878,"{('cu', 'start'): 706.794, ('cu', 'h2dmalloc'): 706.869, ('cu', 'h2d'): 706.886, ('cu', 'workest'): 706.979, ('cu', 'compute'): 707.183, ('cu', 'copy'): 707.256, ('cu', 'pack'): 707.278, ('cu', 'd2h'): 707.314, ('gust', 'start'): 707.424, ('gust', 'h2d'): 707.509, ('gust', 'count'): 707.542, ('gust', 'scan'): 707.589, ('gust', 'expand'): 707.645, ('gust', 'sort'): 707.785, ('gust', 'reduce'): 707.834, ('gust', 'final'): 707.902, ('gust', 'pack'): 707.926, ('gust', 'd2h'): 707.946, ('outer', 'start'): 708.072, ('outer', 'h2d'): 708.161, ('outer', 'csc'): 708.345, ('outer', 'count'): 708.366, ('outer', 'scan'): 708.408, ('outer', 'expand'): 708.46, ('outer', 'sort'): 708.587, ('outer', 'reduce'): 708.632, ('outer', 'final'): 708.711, ('outer', 'pack'): 708.733, ('outer', 'd2h'): 708.768, ('colw', 'start'): 708.903, ('colw', 'h2d'): 708.991, ('colw', 'csc'): 709.166, ('colw', 'count'): 709.19, ('colw', 'scan'): 709.231, ('colw', 'expand'): 709.255, ('colw', 'sort'): 709.379, ('colw', 'reduce'): 709.423, ('colw', 'final'): 709.484, ('colw', 'pack'): 709.507, ('colw', 'd2h'): 709.527, ('inner', 'start'): 709.655, ('inner', 'h2d'): 709.739, ('inner', 'csc'): 709.91, ('inner', 'count'): 709.94, ('inner', 'scan'): 709.981, ('inner', 'expand'): 710.027, ('inner', 'sort'): 710.154, ('inner', 'reduce'): 710.197, ('inner', 'final'): 710.256, ('inner', 'numeric'): 710.389, ('inner', 'pack'): 710.411, ('inner', 'd2h'): 710.432}"
Highly sparse,bp_400,822,4028,0.596136655596403,15238,15238,15238,15238,15238,0.0,,0.06700000000000728,0.19100000000003092,0.05600000000004002,0.033999999999991815,0.3140000000000782,0.527,,,,,0.539,,0.7,0.634,0.793,"{('cu', 'start'): 678.951, ('cu', 'h2dmalloc'): 679.019, ('cu', 'h2d'): 679.035, ('cu', 'workest'): 679.102, ('cu', 'compute'): 679.293, ('cu', 'copy'): 679.349, ('cu', 'pack'): 679.367, ('cu', 'd2h'): 679.401, ('gust', 'start'): 679.491, ('gust', 'h2d'): 679.579, ('gust', 'count'): 679.611, ('gust', 'scan'): 679.65, ('gust', 'expand'): 679.696, ('gust', 'sort'): 679.812, ('gust', 'reduce'): 679.852, ('gust', 'final'): 679.908, ('gust', 'pack'): 679.925, ('gust', 'd2h'): 679.944, ('outer', 'start'): 680.04, ('outer', 'h2d'): 680.116, ('outer', 'csc'): 680.281, ('outer', 'count'): 680.299, ('outer', 'scan'): 680.333, ('outer', 'expand'): 680.38, ('outer', 'sort'): 680.493, ('outer', 'reduce'): 680.539, ('outer', 'final'): 680.59, ('outer', 'pack'): 680.608, ('outer', 'd2h'): 680.642, ('colw', 'start'): 680.751, ('colw', 'h2d'): 680.828, ('colw', 'csc'): 680.992, ('colw', 'count'): 681.012, ('colw', 'scan'): 681.044, ('colw', 'expand'): 681.064, ('colw', 'sort'): 681.177, ('colw', 'reduce'): 681.212, ('colw', 'final'): 681.261, ('colw', 'pack'): 681.277, ('colw', 'd2h'): 681.296, ('inner', 'start'): 681.393, ('inner', 'h2d'): 681.467, ('inner', 'csc'): 681.63, ('inner', 'count'): 681.658, ('inner', 'scan'): 681.691, ('inner', 'expand'): 681.734, ('inner', 'sort'): 681.845, ('inner', 'reduce'): 681.88, ('inner', 'final'): 681.934, ('inner', 'numeric'): 682.063, ('inner', 'pack'): 682.081, ('inner', 'd2h'): 682.1}"
Highly sparse,662_bus,662,2474,0.5645256980129791,6480,6480,6480,6480,6480,0.0,,0.06900000000007367,0.18299999999999272,0.05899999999996908,0.02699999999992997,0.31100000000003547,0.532,,,,,0.494,,0.582,0.548,0.56,"{('cu', 'start'): 675.036, ('cu', 'h2dmalloc'): 675.104, ('cu', 'h2d'): 675.131, ('cu', 'workest'): 675.2, ('cu', 'compute'): 675.383, ('cu', 'copy'): 675.442, ('cu', 'pack'): 675.46, ('cu', 'd2h'): 675.487, ('gust', 'start'): 675.579, ('gust', 'h2d'): 675.666, ('gust', 'count'): 675.686, ('gust', 'scan'): 675.725, ('gust', 'expand'): 675.746, ('gust', 'sort'): 675.862, ('gust', 'reduce'): 675.903, ('gust', 'final'): 675.957, ('gust', 'pack'): 675.974, ('gust', 'd2h'): 675.987, ('outer', 'start'): 676.082, ('outer', 'h2d'): 676.171, ('outer', 'csc'): 676.235, ('outer', 'count'): 676.253, ('outer', 'scan'): 676.287, ('outer', 'expand'): 676.305, ('outer', 'sort'): 676.419, ('outer', 'reduce'): 676.457, ('outer', 'final'): 676.515, ('outer', 'pack'): 676.533, ('outer', 'd2h'): 676.563, ('colw', 'start'): 676.676, ('colw', 'h2d'): 676.77, ('colw', 'csc'): 676.834, ('colw', 'count'): 676.854, ('colw', 'scan'): 676.887, ('colw', 'expand'): 676.905, ('colw', 'sort'): 677.017, ('colw', 'reduce'): 677.053, ('colw', 'final'): 677.102, ('colw', 'pack'): 677.119, ('colw', 'd2h'): 677.132, ('inner', 'start'): 677.232, ('inner', 'h2d'): 677.313, ('inner', 'csc'): 677.384, ('inner', 'count'): 677.403, ('inner', 'scan'): 677.437, ('inner', 'expand'): 677.456, ('inner', 'sort'): 677.567, ('inner', 'reduce'): 677.602, ('inner', 'final'): 677.65, ('inner', 'numeric'): 677.675, ('inner', 'pack'): 677.693, ('inner', 'd2h'): 677.706}"
Highly sparse,bp_200,822,3802,0.5626890676706863,13197,13197,13197,13197,13197,0.0,,0.07000000000005002,0.20000000000004547,0.06099999999992178,0.03200000000003911,0.3310000000000173,0.546,,,,,0.525,,0.726,0.674,0.798,"{('cu', 'start'): 671.221, ('cu', 'h2dmalloc'): 671.29, ('cu', 'h2d'): 671.305, ('cu', 'workest'): 671.375, ('cu', 'compute'): 671.575, ('cu', 'copy'): 671.636, ('cu', 'pack'): 671.654, ('cu', 'd2h'): 671.686, ('gust', 'start'): 671.778, ('gust', 'h2d'): 671.86, ('gust', 'count'): 671.891, ('gust', 'scan'): 671.928, ('gust', 'expand'): 671.973, ('gust', 'sort'): 672.089, ('gust', 'reduce'): 672.128, ('gust', 'final'): 672.183, ('gust', 'pack'): 672.2, ('gust', 'd2h'): 672.217, ('outer', 'start'): 672.312, ('outer', 'h2d'): 672.389, ('outer', 'csc'): 672.578, ('outer', 'count'): 672.597, ('outer', 'scan'): 672.631, ('outer', 'expand'): 672.677, ('outer', 'sort'): 672.791, ('outer', 'reduce'): 672.836, ('outer', 'final'): 672.887, ('outer', 'pack'): 672.904, ('outer', 'd2h'): 672.938, ('colw', 'start'): 673.048, ('colw', 'h2d'): 673.127, ('colw', 'csc'): 673.307, ('colw', 'count'): 673.327, ('colw', 'scan'): 673.36, ('colw', 'expand'): 673.38, ('colw', 'sort'): 673.5, ('colw', 'reduce'): 673.537, ('colw', 'final'): 673.594, ('colw', 'pack'): 673.612, ('colw', 'd2h'): 673.628, ('inner', 'start'): 673.731, ('inner', 'h2d'): 673.808, ('inner', 'csc'): 673.985, ('inner', 'count'): 674.013, ('inner', 'scan'): 674.046, ('inner', 'expand'): 674.089, ('inner', 'sort'): 674.2, ('inner', 'reduce'): 674.236, ('inner', 'final'): 674.284, ('inner', 'numeric'): 674.408, ('inner', 'pack'): 674.426, ('inner', 'd2h'): 674.443}"
Highly sparse,bcsstm13,2003,21943,0.5469329704893483,90811,90811,90811,90811,90811,0.0,,0.07799999999997453,0.3650000000000091,0.06299999999998818,0.17200000000002547,0.5059999999999718,0.899,,,,,1.407,,1.507,1.508,1.528,"{('cu', 'start'): 692.142, ('cu', 'h2dmalloc'): 692.23, ('cu', 'h2d'): 692.26, ('cu', 'workest'): 692.338, ('cu', 'compute'): 692.703, ('cu', 'copy'): 692.766, ('cu', 'pack'): 692.786, ('cu', 'd2h'): 692.958, ('gust', 'start'): 693.055, ('gust', 'h2d'): 693.147, ('gust', 'count'): 693.174, ('gust', 'scan'): 693.219, ('gust', 'expand'): 693.38, ('gust', 'sort'): 693.721, ('gust', 'reduce'): 693.894, ('gust', 'final'): 694.27, ('gust', 'pack'): 694.297, ('gust', 'd2h'): 694.364, ('outer', 'start'): 694.475, ('outer', 'h2d'): 694.569, ('outer', 'csc'): 694.67, ('outer', 'count'): 694.69, ('outer', 'scan'): 694.729, ('outer', 'expand'): 694.873, ('outer', 'sort'): 695.211, ('outer', 'reduce'): 695.392, ('outer', 'final'): 695.627, ('outer', 'pack'): 695.65, ('outer', 'd2h'): 695.731, ('colw', 'start'): 695.995, ('colw', 'h2d'): 696.088, ('colw', 'csc'): 696.192, ('colw', 'count'): 696.218, ('colw', 'scan'): 696.257, ('colw', 'expand'): 696.416, ('colw', 'sort'): 696.748, ('colw', 'reduce'): 696.918, ('colw', 'final'): 697.143, ('colw', 'pack'): 697.183, ('colw', 'd2h'): 697.254, ('inner', 'start'): 697.514, ('inner', 'h2d'): 697.609, ('inner', 'csc'): 697.71, ('inner', 'count'): 697.733, ('inner', 'scan'): 697.77, ('inner', 'expand'): 697.924, ('inner', 'sort'): 698.261, ('inner', 'reduce'): 698.436, ('inner', 'final'): 698.66, ('inner', 'numeric'): 698.856, ('inner', 'pack'): 698.878, ('inner', 'd2h'): 698.947}"
Highly sparse,bp_0,822,3276,0.4848420267462305,9384,9384,9384,9384,9384,0.0,,0.06799999999998363,0.17400000000009186,0.05499999999994998,0.02800000000002001,0.29700000000002547,0.504,,,,,0.519,,0.694,0.64,0.741,"{('cu', 'start'): 660.487, ('cu', 'h2dmalloc'): 660.559, ('cu', 'h2d'): 660.573, ('cu', 'workest'): 660.641, ('cu', 'compute'): 660.815, ('cu', 'copy'): 660.87, ('cu', 'pack'): 660.887, ('cu', 'd2h'): 660.915, ('gust', 'start'): 661.005, ('gust', 'h2d'): 661.086, ('gust', 'count'): 661.116, ('gust', 'scan'): 661.151, ('gust', 'expand'): 661.191, ('gust', 'sort'): 661.313, ('gust', 'reduce'): 661.352, ('gust', 'final'): 661.405, ('gust', 'pack'): 661.422, ('gust', 'd2h'): 661.436, ('outer', 'start'): 661.533, ('outer', 'h2d'): 661.611, ('outer', 'csc'): 661.777, ('outer', 'count'): 661.796, ('outer', 'scan'): 661.829, ('outer', 'expand'): 661.874, ('outer', 'sort'): 661.983, ('outer', 'reduce'): 662.027, ('outer', 'final'): 662.077, ('outer', 'pack'): 662.093, ('outer', 'd2h'): 662.108, ('colw', 'start'): 662.237, ('colw', 'h2d'): 662.319, ('colw', 'csc'): 662.487, ('colw', 'count'): 662.507, ('colw', 'scan'): 662.541, ('colw', 'expand'): 662.561, ('colw', 'sort'): 662.669, ('colw', 'reduce'): 662.705, ('colw', 'final'): 662.754, ('colw', 'pack'): 662.771, ('colw', 'd2h'): 662.785, ('inner', 'start'): 662.886, ('inner', 'h2d'): 662.962, ('inner', 'csc'): 663.125, ('inner', 'count'): 663.153, ('inner', 'scan'): 663.185, ('inner', 'expand'): 663.222, ('inner', 'sort'): 663.331, ('inner', 'reduce'): 663.366, ('inner', 'final'): 663.421, ('inner', 'numeric'): 663.508, ('inner', 'pack'): 663.525, ('inner', 'd2h'): 663.539}"
Highly sparse,bcsstk23,3134,45178,0.45996948062076437,220632,220632,220632,220632,220632,0.0,,0.07200000000000273,0.3410000000000082,0.1349999999999909,0.32799999999997453,0.5480000000000018,1.237,,,,,1.823,,1.851,1.862,2.084,"{('cu', 'start'): 699.798, ('cu', 'h2dmalloc'): 699.864, ('cu', 'h2d'): 699.904, ('cu', 'workest'): 699.976, ('cu', 'compute'): 700.317, ('cu', 'copy'): 700.452, ('cu', 'pack'): 700.552, ('cu', 'd2h'): 700.88, ('gust', 'start'): 701.051, ('gust', 'h2d'): 701.152, ('gust', 'count'): 701.174, ('gust', 'scan'): 701.229, ('gust', 'expand'): 701.431, ('gust', 'sort'): 701.766, ('gust', 'reduce'): 701.947, ('gust', 'final'): 702.39, ('gust', 'pack'): 702.479, ('gust', 'd2h'): 702.632, ('outer', 'start'): 702.888, ('outer', 'h2d'): 702.986, ('outer', 'csc'): 703.073, ('outer', 'count'): 703.093, ('outer', 'scan'): 703.132, ('outer', 'expand'): 703.283, ('outer', 'sort'): 703.618, ('outer', 'reduce'): 703.79, ('outer', 'final'): 704.083, ('outer', 'pack'): 704.183, ('outer', 'd2h'): 704.335, ('colw', 'start'): 704.753, ('colw', 'h2d'): 704.856, ('colw', 'csc'): 704.945, ('colw', 'count'): 704.967, ('colw', 'scan'): 705.007, ('colw', 'expand'): 705.157, ('colw', 'sort'): 705.51, ('colw', 'reduce'): 705.693, ('colw', 'final'): 705.978, ('colw', 'pack'): 706.059, ('colw', 'd2h'): 706.215, ('inner', 'start'): 706.628, ('inner', 'h2d'): 706.731, ('inner', 'csc'): 706.818, ('inner', 'count'): 706.839, ('inner', 'scan'): 706.876, ('inner', 'expand'): 707.025, ('inner', 'sort'): 707.356, ('inner', 'reduce'): 707.579, ('inner', 'final'): 707.921, ('inner', 'numeric'): 708.139, ('inner', 'pack'): 708.268, ('inner', 'd2h'): 708.427}"
Highly sparse,bcsstk17,10974,428650,0.35593682023042417,1406936,1406936,1406936,1406936,1406936,0.0,,0.1490000000000009,1.7720000000000482,0.15999999999996817,0.8139999999999645,2.0810000000000173,3.283,,,,,5.277,,5.363,5.485,5.717,"{('cu', 'start'): 757.934, ('cu', 'h2dmalloc'): 758.006, ('cu', 'h2d'): 758.151, ('cu', 'workest'): 758.3, ('cu', 'compute'): 760.072, ('cu', 'copy'): 760.232, ('cu', 'pack'): 760.297, ('cu', 'd2h'): 761.111, ('gust', 'start'): 761.226, ('gust', 'h2d'): 761.742, ('gust', 'count'): 761.821, ('gust', 'scan'): 761.861, ('gust', 'expand'): 762.181, ('gust', 'sort'): 764.821, ('gust', 'reduce'): 765.163, ('gust', 'final'): 765.738, ('gust', 'pack'): 765.808, ('gust', 'd2h'): 766.223, ('outer', 'start'): 766.511, ('outer', 'h2d'): 766.983, ('outer', 'csc'): 767.252, ('outer', 'count'): 767.272, ('outer', 'scan'): 767.306, ('outer', 'expand'): 767.57, ('outer', 'sort'): 770.129, ('outer', 'reduce'): 770.465, ('outer', 'final'): 770.878, ('outer', 'pack'): 770.961, ('outer', 'd2h'): 771.376, ('colw', 'start'): 771.881, ('colw', 'h2d'): 772.449, ('colw', 'csc'): 772.718, ('colw', 'count'): 772.746, ('colw', 'scan'): 772.78, ('colw', 'expand'): 773.068, ('colw', 'sort'): 775.621, ('colw', 'reduce'): 775.961, ('colw', 'final'): 776.369, ('colw', 'pack'): 776.435, ('colw', 'd2h'): 776.872, ('inner', 'start'): 777.375, ('inner', 'h2d'): 777.944, ('inner', 'csc'): 778.211, ('inner', 'count'): 778.237, ('inner', 'scan'): 778.27, ('inner', 'expand'): 778.564, ('inner', 'sort'): 781.138, ('inner', 'reduce'): 781.482, ('inner', 'final'): 781.893, ('inner', 'numeric'): 782.26, ('inner', 'pack'): 782.346, ('inner', 'd2h'): 782.762}"
Highly sparse,blckhole,2132,14872,0.3271861986912552,41546,41546,41546,41546,41546,0.0,,0.06999999999993634,0.2400000000000091,0.05899999999996908,0.11800000000005184,0.3689999999999145,0.664,,,,,0.788,,0.875,0.834,0.856,"{('cu', 'start'): 672.68, ('cu', 'h2dmalloc'): 672.75, ('cu', 'h2d'): 672.772, ('cu', 'workest'): 672.842, ('cu', 'compute'): 673.082, ('cu', 'copy'): 673.141, ('cu', 'pack'): 673.16, ('cu', 'd2h'): 673.278, ('gust', 'start'): 673.357, ('gust', 'h2d'): 673.44, ('gust', 'count'): 673.461, ('gust', 'scan'): 673.501, ('gust', 'expand'): 673.527, ('gust', 'sort'): 673.788, ('gust', 'reduce'): 673.891, ('gust', 'final'): 673.951, ('gust', 'pack'): 673.97, ('gust', 'd2h'): 674.006, ('outer', 'start'): 674.156, ('outer', 'h2d'): 674.237, ('outer', 'csc'): 674.308, ('outer', 'count'): 674.327, ('outer', 'scan'): 674.361, ('outer', 'expand'): 674.384, ('outer', 'sort'): 674.644, ('outer', 'reduce'): 674.745, ('outer', 'final'): 674.811, ('outer', 'pack'): 674.83, ('outer', 'd2h'): 674.881, ('colw', 'start'): 675.043, ('colw', 'h2d'): 675.125, ('colw', 'csc'): 675.196, ('colw', 'count'): 675.216, ('colw', 'scan'): 675.25, ('colw', 'expand'): 675.274, ('colw', 'sort'): 675.519, ('colw', 'reduce'): 675.619, ('colw', 'final'): 675.677, ('colw', 'pack'): 675.695, ('colw', 'd2h'): 675.73, ('inner', 'start'): 675.888, ('inner', 'h2d'): 675.968, ('inner', 'csc'): 676.039, ('inner', 'count'): 676.058, ('inner', 'scan'): 676.091, ('inner', 'expand'): 676.115, ('inner', 'sort'): 676.361, ('inner', 'reduce'): 676.458, ('inner', 'final'): 676.512, ('inner', 'numeric'): 676.545, ('inner', 'pack'): 676.563, ('inner', 'd2h'): 676.598}"
Highly sparse,bcsstk29,13992,619488,0.31642683346621986,1965686,1965686,1965686,1965686,1965686,0.0,,0.18799999999998818,2.399000000000001,0.17799999999999727,1.1999999999999318,2.7649999999999864,4.751,,,,,7.4,,8.16,8.111,8.42,"{('cu', 'start'): 754.053, ('cu', 'h2dmalloc'): 754.14, ('cu', 'h2d'): 754.626, ('cu', 'workest'): 754.814, ('cu', 'compute'): 757.213, ('cu', 'copy'): 757.391, ('cu', 'pack'): 757.47, ('cu', 'd2h'): 758.67, ('gust', 'start'): 758.813, ('gust', 'h2d'): 759.082, ('gust', 'count'): 759.156, ('gust', 'scan'): 759.196, ('gust', 'expand'): 759.688, ('gust', 'sort'): 763.901, ('gust', 'reduce'): 764.351, ('gust', 'final'): 765.085, ('gust', 'pack'): 765.176, ('gust', 'd2h'): 765.874, ('outer', 'start'): 766.222, ('outer', 'h2d'): 767.237, ('outer', 'csc'): 767.543, ('outer', 'count'): 767.563, ('outer', 'scan'): 767.598, ('outer', 'expand'): 767.983, ('outer', 'sort'): 771.961, ('outer', 'reduce'): 772.412, ('outer', 'final'): 772.897, ('outer', 'pack'): 772.981, ('outer', 'd2h'): 773.678, ('colw', 'start'): 774.391, ('colw', 'h2d'): 775.301, ('colw', 'csc'): 775.608, ('colw', 'count'): 775.633, ('colw', 'scan'): 775.668, ('colw', 'expand'): 776.116, ('colw', 'sort'): 780.092, ('colw', 'reduce'): 780.543, ('colw', 'final'): 781.013, ('colw', 'pack'): 781.086, ('colw', 'd2h'): 781.792, ('inner', 'start'): 782.511, ('inner', 'h2d'): 783.428, ('inner', 'csc'): 783.729, ('inner', 'count'): 783.756, ('inner', 'scan'): 783.793, ('inner', 'expand'): 784.218, ('inner', 'sort'): 788.203, ('inner', 'reduce'): 788.648, ('inner', 'final'): 789.126, ('inner', 'numeric'): 789.707, ('inner', 'pack'): 789.798, ('inner', 'd2h'): 790.493}"
Highly sparse,1138_bus,1138,4054,0.31303955695713814,11142,11142,11142,11142,11142,0.0,,0.07100000000002638,0.17700000000002092,0.05999999999994543,0.03199999999992542,0.3079999999999927,0.534,,,,,0.534,,0.605,0.578,0.582,"{('cu', 'start'): 671.608, ('cu', 'h2dmalloc'): 671.681, ('cu', 'h2d'): 671.697, ('cu', 'workest'): 671.768, ('cu', 'compute'): 671.945, ('cu', 'copy'): 672.005, ('cu', 'pack'): 672.023, ('cu', 'd2h'): 672.055, ('gust', 'start'): 672.159, ('gust', 'h2d'): 672.254, ('gust', 'count'): 672.277, ('gust', 'scan'): 672.317, ('gust', 'expand'): 672.341, ('gust', 'sort'): 672.461, ('gust', 'reduce'): 672.504, ('gust', 'final'): 672.562, ('gust', 'pack'): 672.58, ('gust', 'd2h'): 672.596, ('outer', 'start'): 672.705, ('outer', 'h2d'): 672.786, ('outer', 'csc'): 672.855, ('outer', 'count'): 672.873, ('outer', 'scan'): 672.909, ('outer', 'expand'): 672.929, ('outer', 'sort'): 673.043, ('outer', 'reduce'): 673.089, ('outer', 'final'): 673.143, ('outer', 'pack'): 673.161, ('outer', 'd2h'): 673.199, ('colw', 'start'): 673.322, ('colw', 'h2d'): 673.406, ('colw', 'csc'): 673.474, ('colw', 'count'): 673.495, ('colw', 'scan'): 673.53, ('colw', 'expand'): 673.552, ('colw', 'sort'): 673.664, ('colw', 'reduce'): 673.703, ('colw', 'final'): 673.762, ('colw', 'pack'): 673.779, ('colw', 'd2h'): 673.795, ('inner', 'start'): 673.911, ('inner', 'h2d'): 673.989, ('inner', 'csc'): 674.057, ('inner', 'count'): 674.076, ('inner', 'scan'): 674.111, ('inner', 'expand'): 674.131, ('inner', 'sort'): 674.245, ('inner', 'reduce'): 674.284, ('inner', 'final'): 674.334, ('inner', 'numeric'): 674.362, ('inner', 'pack'): 674.38, ('inner', 'd2h'): 674.396}"
Highly sparse,bcspwr06,1454,5300,0.25069579909522466,14110,14110,14110,14110,14110,0.0,,0.06799999999998363,0.16599999999993997,0.05600000000004002,0.03300000000001546,0.2899999999999636,0.513,,,,,0.49,,0.593,0.552,0.557,"{('cu', 'start'): 640.224, ('cu', 'h2dmalloc'): 640.301, ('cu', 'h2d'): 640.32, ('cu', 'workest'): 640.388, ('cu', 'compute'): 640.554, ('cu', 'copy'): 640.61, ('cu', 'pack'): 640.629, ('cu', 'd2h'): 640.662, ('gust', 'start'): 640.748, ('gust', 'h2d'): 640.827, ('gust', 'count'): 640.847, ('gust', 'scan'): 640.886, ('gust', 'expand'): 640.909, ('gust', 'sort'): 641.029, ('gust', 'reduce'): 641.067, ('gust', 'final'): 641.121, ('gust', 'pack'): 641.139, ('gust', 'd2h'): 641.157, ('outer', 'start'): 641.249, ('outer', 'h2d'): 641.346, ('outer', 'csc'): 641.411, ('outer', 'count'): 641.429, ('outer', 'scan'): 641.463, ('outer', 'expand'): 641.483, ('outer', 'sort'): 641.607, ('outer', 'reduce'): 641.643, ('outer', 'final'): 641.696, ('outer', 'pack'): 641.713, ('outer', 'd2h'): 641.746, ('colw', 'start'): 641.853, ('colw', 'h2d'): 641.932, ('colw', 'csc'): 641.995, ('colw', 'count'): 642.015, ('colw', 'scan'): 642.048, ('colw', 'expand'): 642.07, ('colw', 'sort'): 642.185, ('colw', 'reduce'): 642.221, ('colw', 'final'): 642.28, ('colw', 'pack'): 642.297, ('colw', 'd2h'): 642.316, ('inner', 'start'): 642.414, ('inner', 'h2d'): 642.491, ('inner', 'csc'): 642.555, ('inner', 'count'): 642.574, ('inner', 'scan'): 642.607, ('inner', 'expand'): 642.628, ('inner', 'sort'): 642.744, ('inner', 'reduce'): 642.777, ('inner', 'final'): 642.827, ('inner', 'numeric'): 642.853, ('inner', 'pack'): 642.87, ('inner', 'd2h'): 642.889}"
Highly sparse,bcsstk30,28924,2043492,0.24426218412514641,8946070,8946070,8946070,8946070,8946070,0.0,,0.2980000000000018,7.738999999999919,0.6170000000000755,4.770999999999958,8.653999999999996,14.785,,,,,35.462,,35.658,35.428,38.363,"{('cu', 'start'): 994.204, ('cu', 'h2dmalloc'): 994.26, ('cu', 'h2d'): 995.325, ('cu', 'workest'): 995.623, ('cu', 'compute'): 1003.362, ('cu', 'copy'): 1003.979, ('cu', 'pack'): 1004.072, ('cu', 'd2h'): 1008.843, ('gust', 'start'): 1009.0, ('gust', 'h2d'): 1010.411, ('gust', 'count'): 1010.507, ('gust', 'scan'): 1010.549, ('gust', 'expand'): 1012.838, ('gust', 'sort'): 1035.99, ('gust', 'reduce'): 1037.911, ('gust', 'final'): 1040.553, ('gust', 'pack'): 1040.648, ('gust', 'd2h'): 1043.798, ('outer', 'start'): 1044.472, ('outer', 'h2d'): 1046.027, ('outer', 'csc'): 1046.462, ('outer', 'count'): 1046.485, ('outer', 'scan'): 1046.523, ('outer', 'expand'): 1048.602, ('outer', 'sort'): 1071.357, ('outer', 'reduce'): 1073.35, ('outer', 'final'): 1075.225, ('outer', 'pack'): 1075.308, ('outer', 'd2h'): 1078.49, ('colw', 'start'): 1080.141, ('colw', 'h2d'): 1081.391, ('colw', 'csc'): 1081.832, ('colw', 'count'): 1081.868, ('colw', 'scan'): 1081.905, ('colw', 'expand'): 1084.504, ('colw', 'sort'): 1107.124, ('colw', 'reduce'): 1109.078, ('colw', 'final'): 1110.905, ('colw', 'pack'): 1110.984, ('colw', 'd2h'): 1114.126, ('inner', 'start'): 1115.578, ('inner', 'h2d'): 1117.162, ('inner', 'csc'): 1117.585, ('inner', 'count'): 1117.617, ('inner', 'scan'): 1117.654, ('inner', 'expand'): 1120.112, ('inner', 'sort'): 1143.023, ('inner', 'reduce'): 1144.959, ('inner', 'final'): 1146.771, ('inner', 'numeric'): 1149.769, ('inner', 'pack'): 1150.124, ('inner', 'd2h'): 1153.334}"
Highly sparse,bcsstm06,420,420,0.2380952380952381,420,420,420,420,420,0.0,,0.07200000000000273,0.16899999999998272,0.05600000000004002,0.024999999999977263,0.29700000000002547,0.515,,,,,0.438,,0.501,0.492,0.476,"{('cu', 'start'): 664.583, ('cu', 'h2dmalloc'): 664.656, ('cu', 'h2d'): 664.67, ('cu', 'workest'): 664.742, ('cu', 'compute'): 664.911, ('cu', 'copy'): 664.967, ('cu', 'pack'): 664.985, ('cu', 'd2h'): 665.01, ('gust', 'start'): 665.114, ('gust', 'h2d'): 665.196, ('gust', 'count'): 665.215, ('gust', 'scan'): 665.255, ('gust', 'expand'): 665.274, ('gust', 'sort'): 665.332, ('gust', 'reduce'): 665.371, ('gust', 'final'): 665.427, ('gust', 'pack'): 665.445, ('gust', 'd2h'): 665.455, ('outer', 'start'): 665.566, ('outer', 'h2d'): 665.644, ('outer', 'csc'): 665.707, ('outer', 'count'): 665.725, ('outer', 'scan'): 665.761, ('outer', 'expand'): 665.779, ('outer', 'sort'): 665.822, ('outer', 'reduce'): 665.866, ('outer', 'final'): 665.92, ('outer', 'pack'): 665.938, ('outer', 'd2h'): 665.948, ('colw', 'start'): 666.08, ('colw', 'h2d'): 666.159, ('colw', 'csc'): 666.221, ('colw', 'count'): 666.24, ('colw', 'scan'): 666.277, ('colw', 'expand'): 666.309, ('colw', 'sort'): 666.354, ('colw', 'reduce'): 666.39, ('colw', 'final'): 666.439, ('colw', 'pack'): 666.458, ('colw', 'd2h'): 666.467, ('inner', 'start'): 666.582, ('inner', 'h2d'): 666.658, ('inner', 'csc'): 666.718, ('inner', 'count'): 666.736, ('inner', 'scan'): 666.77, ('inner', 'expand'): 666.788, ('inner', 'sort'): 666.83, ('inner', 'reduce'): 666.866, ('inner', 'final'): 666.914, ('inner', 'numeric'): 666.935, ('inner', 'pack'): 666.953, ('inner', 'd2h'): 666.963}"
Highly sparse,bcspwr08,1624,6050,0.22939467106699993,16916,16916,16916,16916,16916,0.0,,0.06700000000000728,0.16300000000001091,0.06799999999998363,0.0340000000001055,0.2980000000000018,0.519,,,,,0.507,,0.587,0.558,0.592,"{('cu', 'start'): 678.353, ('cu', 'h2dmalloc'): 678.421, ('cu', 'h2d'): 678.437, ('cu', 'workest'): 678.504, ('cu', 'compute'): 678.667, ('cu', 'copy'): 678.735, ('cu', 'pack'): 678.757, ('cu', 'd2h'): 678.791, ('gust', 'start'): 678.883, ('gust', 'h2d'): 678.967, ('gust', 'count'): 678.986, ('gust', 'scan'): 679.025, ('gust', 'expand'): 679.048, ('gust', 'sort'): 679.174, ('gust', 'reduce'): 679.215, ('gust', 'final'): 679.27, ('gust', 'pack'): 679.288, ('gust', 'd2h'): 679.307, ('outer', 'start'): 679.399, ('outer', 'h2d'): 679.476, ('outer', 'csc'): 679.541, ('outer', 'count'): 679.559, ('outer', 'scan'): 679.591, ('outer', 'expand'): 679.611, ('outer', 'sort'): 679.732, ('outer', 'reduce'): 679.777, ('outer', 'final'): 679.831, ('outer', 'pack'): 679.848, ('outer', 'd2h'): 679.885, ('colw', 'start'): 679.996, ('colw', 'h2d'): 680.079, ('colw', 'csc'): 680.144, ('colw', 'count'): 680.164, ('colw', 'scan'): 680.197, ('colw', 'expand'): 680.217, ('colw', 'sort'): 680.338, ('colw', 'reduce'): 680.374, ('colw', 'final'): 680.425, ('colw', 'pack'): 680.441, ('colw', 'd2h'): 680.461, ('inner', 'start'): 680.563, ('inner', 'h2d'): 680.642, ('inner', 'csc'): 680.716, ('inner', 'count'): 680.736, ('inner', 'scan'): 680.775, ('inner', 'expand'): 680.796, ('inner', 'sort'): 680.917, ('inner', 'reduce'): 680.951, ('inner', 'final'): 681.003, ('inner', 'numeric'): 681.03, ('inner', 'pack'): 681.047, ('inner', 'd2h'): 681.067}"
Highly sparse,bcspwr07,1612,5824,0.22412551028576003,15684,15684,15684,15684,15684,0.0,,0.07600000000002183,0.18399999999996908,0.06100000000003547,0.03499999999996817,0.3210000000000264,0.579,,,,,0.565,,0.624,0.602,0.606,"{('cu', 'start'): 671.04, ('cu', 'h2dmalloc'): 671.127, ('cu', 'h2d'): 671.148, ('cu', 'workest'): 671.224, ('cu', 'compute'): 671.408, ('cu', 'copy'): 671.469, ('cu', 'pack'): 671.488, ('cu', 'd2h'): 671.523, ('gust', 'start'): 671.633, ('gust', 'h2d'): 671.723, ('gust', 'count'): 671.744, ('gust', 'scan'): 671.785, ('gust', 'expand'): 671.809, ('gust', 'sort'): 671.938, ('gust', 'reduce'): 671.981, ('gust', 'final'): 672.043, ('gust', 'pack'): 672.062, ('gust', 'd2h'): 672.082, ('outer', 'start'): 672.208, ('outer', 'h2d'): 672.294, ('outer', 'csc'): 672.366, ('outer', 'count'): 672.384, ('outer', 'scan'): 672.421, ('outer', 'expand'): 672.442, ('outer', 'sort'): 672.567, ('outer', 'reduce'): 672.607, ('outer', 'final'): 672.671, ('outer', 'pack'): 672.689, ('outer', 'd2h'): 672.721, ('colw', 'start'): 672.844, ('colw', 'h2d'): 672.93, ('colw', 'csc'): 672.999, ('colw', 'count'): 673.019, ('colw', 'scan'): 673.056, ('colw', 'expand'): 673.077, ('colw', 'sort'): 673.208, ('colw', 'reduce'): 673.247, ('colw', 'final'): 673.302, ('colw', 'pack'): 673.32, ('colw', 'd2h'): 673.34, ('inner', 'start'): 673.458, ('inner', 'h2d'): 673.541, ('inner', 'csc'): 673.609, ('inner', 'count'): 673.629, ('inner', 'scan'): 673.665, ('inner', 'expand'): 673.687, ('inner', 'sort'): 673.81, ('inner', 'reduce'): 673.847, ('inner', 'final'): 673.9, ('inner', 'numeric'): 673.928, ('inner', 'pack'): 673.947, ('inner', 'd2h'): 673.966}"
Highly sparse,bcspwr09,1723,6511,0.21931944613334525,18485,18485,18485,18485,18485,0.0,,0.07299999999997908,0.16099999999994452,0.057999999999992724,0.03700000000003456,0.2919999999999163,0.53,,,,,0.524,,0.591,0.572,0.584,"{('cu', 'start'): 653.503, ('cu', 'h2dmalloc'): 653.583, ('cu', 'h2d'): 653.604, ('cu', 'workest'): 653.677, ('cu', 'compute'): 653.838, ('cu', 'copy'): 653.896, ('cu', 'pack'): 653.915, ('cu', 'd2h'): 653.952, ('gust', 'start'): 654.045, ('gust', 'h2d'): 654.128, ('gust', 'count'): 654.147, ('gust', 'scan'): 654.186, ('gust', 'expand'): 654.211, ('gust', 'sort'): 654.337, ('gust', 'reduce'): 654.377, ('gust', 'final'): 654.434, ('gust', 'pack'): 654.452, ('gust', 'd2h'): 654.474, ('outer', 'start'): 654.577, ('outer', 'h2d'): 654.659, ('outer', 'csc'): 654.728, ('outer', 'count'): 654.746, ('outer', 'scan'): 654.78, ('outer', 'expand'): 654.8, ('outer', 'sort'): 654.921, ('outer', 'reduce'): 654.959, ('outer', 'final'): 655.018, ('outer', 'pack'): 655.036, ('outer', 'd2h'): 655.072, ('colw', 'start'): 655.178, ('colw', 'h2d'): 655.26, ('colw', 'csc'): 655.327, ('colw', 'count'): 655.347, ('colw', 'scan'): 655.381, ('colw', 'expand'): 655.402, ('colw', 'sort'): 655.522, ('colw', 'reduce'): 655.566, ('colw', 'final'): 655.618, ('colw', 'pack'): 655.635, ('colw', 'd2h'): 655.657, ('inner', 'start'): 655.76, ('inner', 'h2d'): 655.84, ('inner', 'csc'): 655.908, ('inner', 'count'): 655.926, ('inner', 'scan'): 655.96, ('inner', 'expand'): 655.981, ('inner', 'sort'): 656.103, ('inner', 'reduce'): 656.137, ('inner', 'final'): 656.189, ('inner', 'numeric'): 656.218, ('inner', 'pack'): 656.236, ('inner', 'd2h'): 656.257}"
Highly sparse,bcsstm20,485,485,0.2061855670103093,485,485,485,485,485,0.0,,0.07300000000009277,0.16999999999995907,0.057999999999992724,0.03700000000003456,0.30100000000004457,0.543,,,,,0.43,,0.561,0.488,0.548,"{('cu', 'start'): 673.837, ('cu', 'h2dmalloc'): 673.91, ('cu', 'h2d'): 673.925, ('cu', 'workest'): 673.998, ('cu', 'compute'): 674.168, ('cu', 'copy'): 674.226, ('cu', 'pack'): 674.245, ('cu', 'd2h'): 674.282, ('gust', 'start'): 674.394, ('gust', 'h2d'): 674.481, ('gust', 'count'): 674.5, ('gust', 'scan'): 674.541, ('gust', 'expand'): 674.56, ('gust', 'sort'): 674.607, ('gust', 'reduce'): 674.646, ('gust', 'final'): 674.702, ('gust', 'pack'): 674.719, ('gust', 'd2h'): 674.729, ('outer', 'start'): 674.837, ('outer', 'h2d'): 674.915, ('outer', 'csc'): 674.979, ('outer', 'count'): 674.998, ('outer', 'scan'): 675.034, ('outer', 'expand'): 675.052, ('outer', 'sort'): 675.098, ('outer', 'reduce'): 675.149, ('outer', 'final'): 675.205, ('outer', 'pack'): 675.224, ('outer', 'd2h'): 675.234, ('colw', 'start'): 675.409, ('colw', 'h2d'): 675.495, ('colw', 'csc'): 675.56, ('colw', 'count'): 675.579, ('colw', 'scan'): 675.616, ('colw', 'expand'): 675.633, ('colw', 'sort'): 675.678, ('colw', 'reduce'): 675.713, ('colw', 'final'): 675.764, ('colw', 'pack'): 675.782, ('colw', 'd2h'): 675.792, ('inner', 'start'): 675.908, ('inner', 'h2d'): 675.987, ('inner', 'csc'): 676.053, ('inner', 'count'): 676.076, ('inner', 'scan'): 676.121, ('inner', 'expand'): 676.14, ('inner', 'sort'): 676.184, ('inner', 'reduce'): 676.22, ('inner', 'final'): 676.281, ('inner', 'numeric'): 676.304, ('inner', 'pack'): 676.323, ('inner', 'd2h'): 676.333}"
Highly sparse,bcsstk21,3600,26600,0.2052469135802469,93072,93072,93072,93072,93072,0.0,,0.07500000000004547,0.25699999999994816,0.059000000000082764,0.15599999999994907,0.3910000000000764,0.745,,,,,1.017,,1.036,1.005,1.026,"{('cu', 'start'): 682.702, ('cu', 'h2dmalloc'): 682.778, ('cu', 'h2d'): 682.809, ('cu', 'workest'): 682.884, ('cu', 'compute'): 683.141, ('cu', 'copy'): 683.2, ('cu', 'pack'): 683.22, ('cu', 'd2h'): 683.376, ('gust', 'start'): 683.465, ('gust', 'h2d'): 683.563, ('gust', 'count'): 683.584, ('gust', 'scan'): 683.638, ('gust', 'expand'): 683.75, ('gust', 'sort'): 684.023, ('gust', 'reduce'): 684.13, ('gust', 'final'): 684.195, ('gust', 'pack'): 684.215, ('gust', 'd2h'): 684.284, ('outer', 'start'): 684.495, ('outer', 'h2d'): 684.583, ('outer', 'csc'): 684.659, ('outer', 'count'): 684.678, ('outer', 'scan'): 684.715, ('outer', 'expand'): 684.8, ('outer', 'sort'): 685.053, ('outer', 'reduce'): 685.15, ('outer', 'final'): 685.221, ('outer', 'pack'): 685.24, ('outer', 'd2h'): 685.324, ('colw', 'start'): 685.543, ('colw', 'h2d'): 685.635, ('colw', 'csc'): 685.705, ('colw', 'count'): 685.726, ('colw', 'scan'): 685.762, ('colw', 'expand'): 685.85, ('colw', 'sort'): 686.101, ('colw', 'reduce'): 686.199, ('colw', 'final'): 686.26, ('colw', 'pack'): 686.278, ('colw', 'd2h'): 686.347, ('inner', 'start'): 686.56, ('inner', 'h2d'): 686.657, ('inner', 'csc'): 686.725, ('inner', 'count'): 686.745, ('inner', 'scan'): 686.781, ('inner', 'expand'): 686.867, ('inner', 'sort'): 687.119, ('inner', 'reduce'): 687.215, ('inner', 'final'): 687.276, ('inner', 'numeric'): 687.307, ('inner', 'pack'): 687.325, ('inner', 'd2h'): 687.393}"
Highly sparse,bcsstm19,817,817,0.12239902080783352,817,817,817,817,817,0.0,,0.07000000000005002,0.17499999999995453,0.05700000000001637,0.053999999999973625,0.3020000000000209,0.56,,,,,0.435,,0.524,0.488,0.505,"{('cu', 'start'): 662.874, ('cu', 'h2dmalloc'): 662.945, ('cu', 'h2d'): 662.963, ('cu', 'workest'): 663.033, ('cu', 'compute'): 663.208, ('cu', 'copy'): 663.265, ('cu', 'pack'): 663.284, ('cu', 'd2h'): 663.338, ('gust', 'start'): 663.448, ('gust', 'h2d'): 663.532, ('gust', 'count'): 663.552, ('gust', 'scan'): 663.594, ('gust', 'expand'): 663.614, ('gust', 'sort'): 663.662, ('gust', 'reduce'): 663.701, ('gust', 'final'): 663.757, ('gust', 'pack'): 663.775, ('gust', 'd2h'): 663.785, ('outer', 'start'): 663.894, ('outer', 'h2d'): 663.973, ('outer', 'csc'): 664.038, ('outer', 'count'): 664.057, ('outer', 'scan'): 664.093, ('outer', 'expand'): 664.112, ('outer', 'sort'): 664.155, ('outer', 'reduce'): 664.192, ('outer', 'final'): 664.25, ('outer', 'pack'): 664.268, ('outer', 'd2h'): 664.278, ('colw', 'start'): 664.43, ('colw', 'h2d'): 664.513, ('colw', 'csc'): 664.58, ('colw', 'count'): 664.6, ('colw', 'scan'): 664.637, ('colw', 'expand'): 664.655, ('colw', 'sort'): 664.699, ('colw', 'reduce'): 664.735, ('colw', 'final'): 664.786, ('colw', 'pack'): 664.804, ('colw', 'd2h'): 664.814, ('inner', 'start'): 664.928, ('inner', 'h2d'): 665.007, ('inner', 'csc'): 665.07, ('inner', 'count'): 665.089, ('inner', 'scan'): 665.125, ('inner', 'expand'): 665.143, ('inner', 'sort'): 665.187, ('inner', 'reduce'): 665.223, ('inner', 'final'): 665.275, ('inner', 'numeric'): 665.306, ('inner', 'pack'): 665.324, ('inner', 'd2h'): 665.334}"
Highly sparse,bcsstk25,15439,252241,0.10582233620331932,1168919,1168919,1168919,1168919,1168919,0.0,,0.19299999999998363,0.7019999999999982,0.19700000000000273,1.1800000000000637,1.0919999999999845,2.79,,,,,3.459,,3.694,3.7,3.81,"{('cu', 'start'): 739.112, ('cu', 'h2dmalloc'): 739.182, ('cu', 'h2d'): 739.338, ('cu', 'workest'): 739.531, ('cu', 'compute'): 740.233, ('cu', 'copy'): 740.43, ('cu', 'pack'): 740.539, ('cu', 'd2h'): 741.719, ('gust', 'start'): 741.917, ('gust', 'h2d'): 742.139, ('gust', 'count'): 742.222, ('gust', 'scan'): 742.272, ('gust', 'expand'): 742.466, ('gust', 'sort'): 743.338, ('gust', 'reduce'): 743.573, ('gust', 'final'): 744.136, ('gust', 'pack'): 744.235, ('gust', 'd2h'): 744.984, ('outer', 'start'): 745.391, ('outer', 'h2d'): 745.609, ('outer', 'csc'): 745.832, ('outer', 'count'): 745.854, ('outer', 'scan'): 745.897, ('outer', 'expand'): 746.064, ('outer', 'sort'): 746.926, ('outer', 'reduce'): 747.157, ('outer', 'final'): 747.558, ('outer', 'pack'): 747.688, ('outer', 'd2h'): 748.44, ('colw', 'start'): 749.099, ('colw', 'h2d'): 749.319, ('colw', 'csc'): 749.539, ('colw', 'count'): 749.565, ('colw', 'scan'): 749.616, ('colw', 'expand'): 749.813, ('colw', 'sort'): 750.692, ('colw', 'reduce'): 750.918, ('colw', 'final'): 751.31, ('colw', 'pack'): 751.405, ('colw', 'd2h'): 752.153, ('inner', 'start'): 752.811, ('inner', 'h2d'): 753.035, ('inner', 'csc'): 753.255, ('inner', 'count'): 753.281, ('inner', 'scan'): 753.323, ('inner', 'expand'): 753.513, ('inner', 'sort'): 754.392, ('inner', 'reduce'): 754.622, ('inner', 'final'): 755.019, ('inner', 'numeric'): 755.306, ('inner', 'pack'): 755.404, ('inner', 'd2h'): 756.153}"
Highly sparse,bcsstk18,11948,149090,0.10443788948628972,713208,713208,713208,713208,713208,0.0,,0.13600000000008095,0.52800000000002,0.18899999999996453,0.8780000000000427,0.8530000000000655,2.153,,,,,2.546,,2.809,2.812,2.896,"{('cu', 'start'): 706.41, ('cu', 'h2dmalloc'): 706.477, ('cu', 'h2d'): 706.608, ('cu', 'workest'): 706.744, ('cu', 'compute'): 707.272, ('cu', 'copy'): 707.461, ('cu', 'pack'): 707.544, ('cu', 'd2h'): 708.422, ('gust', 'start'): 708.576, ('gust', 'h2d'): 708.774, ('gust', 'count'): 708.8, ('gust', 'scan'): 708.846, ('gust', 'expand'): 709.014, ('gust', 'sort'): 709.55, ('gust', 'reduce'): 709.723, ('gust', 'final'): 710.18, ('gust', 'pack'): 710.277, ('gust', 'd2h'): 710.86, ('outer', 'start'): 711.132, ('outer', 'h2d'): 711.323, ('outer', 'csc'): 711.476, ('outer', 'count'): 711.497, ('outer', 'scan'): 711.536, ('outer', 'expand'): 711.682, ('outer', 'sort'): 712.261, ('outer', 'reduce'): 712.453, ('outer', 'final'): 712.794, ('outer', 'pack'): 712.906, ('outer', 'd2h'): 713.487, ('colw', 'start'): 713.953, ('colw', 'h2d'): 714.145, ('colw', 'csc'): 714.304, ('colw', 'count'): 714.327, ('colw', 'scan'): 714.367, ('colw', 'expand'): 714.532, ('colw', 'sort'): 715.124, ('colw', 'reduce'): 715.309, ('colw', 'final'): 715.637, ('colw', 'pack'): 715.727, ('colw', 'd2h'): 716.31, ('inner', 'start'): 716.777, ('inner', 'h2d'): 716.968, ('inner', 'csc'): 717.135, ('inner', 'count'): 717.163, ('inner', 'scan'): 717.202, ('inner', 'expand'): 717.364, ('inner', 'sort'): 717.945, ('inner', 'reduce'): 718.132, ('inner', 'final'): 718.469, ('inner', 'numeric'): 718.684, ('inner', 'pack'): 718.772, ('inner', 'd2h'): 719.355}"
Highly sparse,bcsstk32,44609,2014701,0.10124314474587429,6819653,6819653,6819653,6819653,6819653,0.0,,0.21300000000007913,7.6299999999999955,0.43899999999996453,3.533999999999992,8.282000000000039,13.614,,,,,21.616,,22.053,21.796,23.103,"{('cu', 'start'): 947.738, ('cu', 'h2dmalloc'): 947.814, ('cu', 'h2d'): 949.281, ('cu', 'workest'): 949.494, ('cu', 'compute'): 957.124, ('cu', 'copy'): 957.563, ('cu', 'pack'): 957.652, ('cu', 'd2h'): 961.186, ('gust', 'start'): 961.361, ('gust', 'h2d'): 962.369, ('gust', 'count'): 962.467, ('gust', 'scan'): 962.511, ('gust', 'expand'): 963.901, ('gust', 'sort'): 977.208, ('gust', 'reduce'): 978.431, ('gust', 'final'): 979.971, ('gust', 'pack'): 980.047, ('gust', 'd2h'): 982.488, ('outer', 'start'): 982.987, ('outer', 'h2d'): 984.094, ('outer', 'csc'): 984.618, ('outer', 'count'): 984.64, ('outer', 'scan'): 984.677, ('outer', 'expand'): 985.96, ('outer', 'sort'): 999.014, ('outer', 'reduce'): 1000.208, ('outer', 'final'): 1001.297, ('outer', 'pack'): 1001.375, ('outer', 'd2h'): 1003.817, ('colw', 'start'): 1005.048, ('colw', 'h2d'): 1005.903, ('colw', 'csc'): 1006.32, ('colw', 'count'): 1006.358, ('colw', 'scan'): 1006.394, ('colw', 'expand'): 1007.815, ('colw', 'sort'): 1020.898, ('colw', 'reduce'): 1022.079, ('colw', 'final'): 1023.132, ('colw', 'pack'): 1023.205, ('colw', 'd2h'): 1025.642, ('inner', 'start'): 1026.852, ('inner', 'h2d'): 1027.788, ('inner', 'csc'): 1028.197, ('inner', 'count'): 1028.23, ('inner', 'scan'): 1028.27, ('inner', 'expand'): 1029.654, ('inner', 'sort'): 1042.848, ('inner', 'reduce'): 1044.039, ('inner', 'final'): 1045.091, ('inner', 'numeric'): 1046.691, ('inner', 'pack'): 1046.925, ('inner', 'd2h'): 1049.348}"
Extremely sparse,bcsstk31,35588,1181416,0.09328153508950845,4713580,4713580,4713580,4713580,4713580,0.0,,0.20800000000008367,4.458999999999946,0.22900000000004184,2.3490000000000464,4.896000000000072,8.201,,,,,11.486,,11.724,12.228,12.815,"{('cu', 'start'): 836.658, ('cu', 'h2dmalloc'): 836.715, ('cu', 'h2d'): 837.401, ('cu', 'workest'): 837.609, ('cu', 'compute'): 842.068, ('cu', 'copy'): 842.297, ('cu', 'pack'): 842.371, ('cu', 'd2h'): 844.72, ('gust', 'start'): 844.87, ('gust', 'h2d'): 845.347, ('gust', 'count'): 845.432, ('gust', 'scan'): 845.473, ('gust', 'expand'): 846.175, ('gust', 'sort'): 852.423, ('gust', 'reduce'): 853.089, ('gust', 'final'): 854.175, ('gust', 'pack'): 854.268, ('gust', 'd2h'): 855.958, ('outer', 'start'): 856.365, ('outer', 'h2d'): 856.966, ('outer', 'csc'): 857.339, ('outer', 'count'): 857.359, ('outer', 'scan'): 857.396, ('outer', 'expand'): 857.989, ('outer', 'sort'): 864.018, ('outer', 'reduce'): 864.689, ('outer', 'final'): 865.402, ('outer', 'pack'): 865.508, ('outer', 'd2h'): 867.219, ('colw', 'start'): 868.098, ('colw', 'h2d'): 869.19, ('colw', 'csc'): 869.574, ('colw', 'count'): 869.607, ('colw', 'scan'): 869.642, ('colw', 'expand'): 870.291, ('colw', 'sort'): 876.256, ('colw', 'reduce'): 876.953, ('colw', 'final'): 877.665, ('colw', 'pack'): 877.757, ('colw', 'd2h'): 879.451, ('inner', 'start'): 880.336, ('inner', 'h2d'): 881.434, ('inner', 'csc'): 881.795, ('inner', 'count'): 881.831, ('inner', 'scan'): 881.867, ('inner', 'expand'): 882.498, ('inner', 'sort'): 888.484, ('inner', 'reduce'): 889.143, ('inner', 'final'): 889.857, ('inner', 'numeric'): 890.811, ('inner', 'pack'): 890.905, ('inner', 'd2h'): 892.6}"
Extremely sparse,bcsstm08,1074,1074,0.0931098696461825,1074,1074,1074,1074,1074,0.0,,0.07100000000002638,0.16300000000001091,0.07200000000000273,0.02400000000000091,0.30600000000004,0.532,,,,,0.415,,0.507,0.458,0.468,"{('cu', 'start'): 679.407, ('cu', 'h2dmalloc'): 679.475, ('cu', 'h2d'): 679.502, ('cu', 'workest'): 679.573, ('cu', 'compute'): 679.736, ('cu', 'copy'): 679.808, ('cu', 'pack'): 679.83, ('cu', 'd2h'): 679.854, ('gust', 'start'): 679.949, ('gust', 'h2d'): 680.036, ('gust', 'count'): 680.055, ('gust', 'scan'): 680.096, ('gust', 'expand'): 680.116, ('gust', 'sort'): 680.162, ('gust', 'reduce'): 680.201, ('gust', 'final'): 680.255, ('gust', 'pack'): 680.271, ('gust', 'd2h'): 680.28, ('outer', 'start'): 680.374, ('outer', 'h2d'): 680.452, ('outer', 'csc'): 680.513, ('outer', 'count'): 680.532, ('outer', 'scan'): 680.565, ('outer', 'expand'): 680.584, ('outer', 'sort'): 680.626, ('outer', 'reduce'): 680.676, ('outer', 'final'): 680.729, ('outer', 'pack'): 680.746, ('outer', 'd2h'): 680.781, ('colw', 'start'): 680.891, ('colw', 'h2d'): 680.977, ('colw', 'csc'): 681.04, ('colw', 'count'): 681.058, ('colw', 'scan'): 681.092, ('colw', 'expand'): 681.111, ('colw', 'sort'): 681.154, ('colw', 'reduce'): 681.186, ('colw', 'final'): 681.235, ('colw', 'pack'): 681.251, ('colw', 'd2h'): 681.26, ('inner', 'start'): 681.357, ('inner', 'h2d'): 681.434, ('inner', 'csc'): 681.495, ('inner', 'count'): 681.513, ('inner', 'scan'): 681.546, ('inner', 'expand'): 681.563, ('inner', 'sort'): 681.604, ('inner', 'reduce'): 681.637, ('inner', 'final'): 681.685, ('inner', 'numeric'): 681.707, ('inner', 'pack'): 681.723, ('inner', 'd2h'): 681.732}"
Extremely sparse,bcsstm09,1083,1083,0.09233610341643582,1083,1083,1083,1083,1083,0.0,,0.07999999999992724,0.18900000000007822,0.06099999999992178,0.02500000000009095,0.32999999999992724,0.556,,,,,0.457,,0.517,0.508,0.515,"{('cu', 'start'): 675.008, ('cu', 'h2dmalloc'): 675.083, ('cu', 'h2d'): 675.1, ('cu', 'workest'): 675.18, ('cu', 'compute'): 675.369, ('cu', 'copy'): 675.43, ('cu', 'pack'): 675.449, ('cu', 'd2h'): 675.474, ('gust', 'start'): 675.579, ('gust', 'h2d'): 675.681, ('gust', 'count'): 675.701, ('gust', 'scan'): 675.743, ('gust', 'expand'): 675.764, ('gust', 'sort'): 675.812, ('gust', 'reduce'): 675.851, ('gust', 'final'): 675.908, ('gust', 'pack'): 675.927, ('gust', 'd2h'): 675.937, ('outer', 'start'): 676.048, ('outer', 'h2d'): 676.132, ('outer', 'csc'): 676.199, ('outer', 'count'): 676.217, ('outer', 'scan'): 676.252, ('outer', 'expand'): 676.272, ('outer', 'sort'): 676.316, ('outer', 'reduce'): 676.359, ('outer', 'final'): 676.416, ('outer', 'pack'): 676.434, ('outer', 'd2h'): 676.457, ('colw', 'start'): 676.575, ('colw', 'h2d'): 676.677, ('colw', 'csc'): 676.745, ('colw', 'count'): 676.764, ('colw', 'scan'): 676.8, ('colw', 'expand'): 676.819, ('colw', 'sort'): 676.863, ('colw', 'reduce'): 676.899, ('colw', 'final'): 676.951, ('colw', 'pack'): 676.969, ('colw', 'd2h'): 676.979, ('inner', 'start'): 677.094, ('inner', 'h2d'): 677.181, ('inner', 'csc'): 677.245, ('inner', 'count'): 677.264, ('inner', 'scan'): 677.299, ('inner', 'expand'): 677.317, ('inner', 'sort'): 677.362, ('inner', 'reduce'): 677.397, ('inner', 'final'): 677.449, ('inner', 'numeric'): 677.471, ('inner', 'pack'): 677.49, ('inner', 'd2h'): 677.5}"
Extremely sparse,bcspwr10,5300,21842,0.07775720897116412,60498,60498,60498,60498,60498,0.0,,0.06700000000000728,0.24500000000000455,0.057999999999992724,0.14400000000000546,0.37000000000000455,0.689,,,,,0.801,,0.898,0.864,0.874,"{('cu', 'start'): 674.281, ('cu', 'h2dmalloc'): 674.344, ('cu', 'h2d'): 674.37, ('cu', 'workest'): 674.437, ('cu', 'compute'): 674.682, ('cu', 'copy'): 674.74, ('cu', 'pack'): 674.757, ('cu', 'd2h'): 674.901, ('gust', 'start'): 674.982, ('gust', 'h2d'): 675.072, ('gust', 'count'): 675.094, ('gust', 'scan'): 675.133, ('gust', 'expand'): 675.16, ('gust', 'sort'): 675.415, ('gust', 'reduce'): 675.515, ('gust', 'final'): 675.634, ('gust', 'pack'): 675.653, ('gust', 'd2h'): 675.702, ('outer', 'start'): 675.797, ('outer', 'h2d'): 675.893, ('outer', 'csc'): 675.963, ('outer', 'count'): 675.982, ('outer', 'scan'): 676.017, ('outer', 'expand'): 676.044, ('outer', 'sort'): 676.296, ('outer', 'reduce'): 676.393, ('outer', 'final'): 676.459, ('outer', 'pack'): 676.478, ('outer', 'd2h'): 676.541, ('colw', 'start'): 676.706, ('colw', 'h2d'): 676.792, ('colw', 'csc'): 676.871, ('colw', 'count'): 676.891, ('colw', 'scan'): 676.926, ('colw', 'expand'): 676.953, ('colw', 'sort'): 677.203, ('colw', 'reduce'): 677.3, ('colw', 'final'): 677.356, ('colw', 'pack'): 677.374, ('colw', 'd2h'): 677.422, ('inner', 'start'): 677.581, ('inner', 'h2d'): 677.664, ('inner', 'csc'): 677.732, ('inner', 'count'): 677.751, ('inner', 'scan'): 677.785, ('inner', 'expand'): 677.818, ('inner', 'sort'): 678.068, ('inner', 'reduce'): 678.164, ('inner', 'final'): 678.218, ('inner', 'numeric'): 678.252, ('inner', 'pack'): 678.27, ('inner', 'd2h'): 678.318}"
Extremely sparse,bcsstm11,1473,1473,0.0678886625933469,1473,1473,1473,1473,1473,0.0,,0.07600000000002183,0.18400000000008276,0.06099999999992178,0.024999999999977263,0.3210000000000264,0.545,,,,,0.466,,0.524,0.499,0.502,"{('cu', 'start'): 670.045, ('cu', 'h2dmalloc'): 670.117, ('cu', 'h2d'): 670.137, ('cu', 'workest'): 670.213, ('cu', 'compute'): 670.397, ('cu', 'copy'): 670.458, ('cu', 'pack'): 670.477, ('cu', 'd2h'): 670.502, ('gust', 'start'): 670.606, ('gust', 'h2d'): 670.7, ('gust', 'count'): 670.719, ('gust', 'scan'): 670.76, ('gust', 'expand'): 670.781, ('gust', 'sort'): 670.843, ('gust', 'reduce'): 670.886, ('gust', 'final'): 670.944, ('gust', 'pack'): 670.962, ('gust', 'd2h'): 670.972, ('outer', 'start'): 671.084, ('outer', 'h2d'): 671.17, ('outer', 'csc'): 671.235, ('outer', 'count'): 671.254, ('outer', 'scan'): 671.29, ('outer', 'expand'): 671.309, ('outer', 'sort'): 671.354, ('outer', 'reduce'): 671.392, ('outer', 'final'): 671.457, ('outer', 'pack'): 671.475, ('outer', 'd2h'): 671.499, ('colw', 'start'): 671.62, ('colw', 'h2d'): 671.707, ('colw', 'csc'): 671.769, ('colw', 'count'): 671.788, ('colw', 'scan'): 671.834, ('colw', 'expand'): 671.853, ('colw', 'sort'): 671.897, ('colw', 'reduce'): 671.935, ('colw', 'final'): 671.987, ('colw', 'pack'): 672.004, ('colw', 'd2h'): 672.015, ('inner', 'start'): 672.13, ('inner', 'h2d'): 672.219, ('inner', 'csc'): 672.282, ('inner', 'count'): 672.301, ('inner', 'scan'): 672.335, ('inner', 'expand'): 672.354, ('inner', 'sort'): 672.398, ('inner', 'reduce'): 672.433, ('inner', 'final'): 672.484, ('inner', 'numeric'): 672.508, ('inner', 'pack'): 672.526, ('inner', 'd2h'): 672.536}"
Extremely sparse,bcsstm26,1922,1922,0.052029136316337155,1922,1922,1922,1922,1922,0.0,,0.07400000000006912,0.18399999999996908,0.06100000000003547,0.024999999999977263,0.31900000000007367,0.534,,,,,0.415,,0.516,0.467,0.481,"{('cu', 'start'): 671.676, ('cu', 'h2dmalloc'): 671.744, ('cu', 'h2d'): 671.77, ('cu', 'workest'): 671.844, ('cu', 'compute'): 672.028, ('cu', 'copy'): 672.089, ('cu', 'pack'): 672.107, ('cu', 'd2h'): 672.132, ('gust', 'start'): 672.221, ('gust', 'h2d'): 672.305, ('gust', 'count'): 672.325, ('gust', 'scan'): 672.365, ('gust', 'expand'): 672.385, ('gust', 'sort'): 672.432, ('gust', 'reduce'): 672.47, ('gust', 'final'): 672.526, ('gust', 'pack'): 672.542, ('gust', 'd2h'): 672.552, ('outer', 'start'): 672.646, ('outer', 'h2d'): 672.732, ('outer', 'csc'): 672.795, ('outer', 'count'): 672.813, ('outer', 'scan'): 672.847, ('outer', 'expand'): 672.867, ('outer', 'sort'): 672.912, ('outer', 'reduce'): 672.958, ('outer', 'final'): 673.018, ('outer', 'pack'): 673.035, ('outer', 'd2h'): 673.063, ('colw', 'start'): 673.172, ('colw', 'h2d'): 673.262, ('colw', 'csc'): 673.324, ('colw', 'count'): 673.343, ('colw', 'scan'): 673.376, ('colw', 'expand'): 673.396, ('colw', 'sort'): 673.44, ('colw', 'reduce'): 673.474, ('colw', 'final'): 673.523, ('colw', 'pack'): 673.539, ('colw', 'd2h'): 673.549, ('inner', 'start'): 673.646, ('inner', 'h2d'): 673.726, ('inner', 'csc'): 673.786, ('inner', 'count'): 673.804, ('inner', 'scan'): 673.837, ('inner', 'expand'): 673.856, ('inner', 'sort'): 673.899, ('inner', 'reduce'): 673.941, ('inner', 'final'): 673.991, ('inner', 'numeric'): 674.015, ('inner', 'pack'): 674.032, ('inner', 'd2h'): 674.042}"
Extremely sparse,bcsstm23,3134,3134,0.031908104658583285,3134,3134,3134,3134,3134,0.0,,0.07500000000004547,0.18199999999990268,0.06200000000001182,0.027000000000043656,0.31899999999996,0.567,,,,,0.521,,0.602,0.563,0.587,"{('cu', 'start'): 685.925, ('cu', 'h2dmalloc'): 686.017, ('cu', 'h2d'): 686.038, ('cu', 'workest'): 686.113, ('cu', 'compute'): 686.295, ('cu', 'copy'): 686.357, ('cu', 'pack'): 686.377, ('cu', 'd2h'): 686.404, ('gust', 'start'): 686.505, ('gust', 'h2d'): 686.612, ('gust', 'count'): 686.633, ('gust', 'scan'): 686.674, ('gust', 'expand'): 686.698, ('gust', 'sort'): 686.81, ('gust', 'reduce'): 686.849, ('gust', 'final'): 686.904, ('gust', 'pack'): 686.922, ('gust', 'd2h'): 686.933, ('outer', 'start'): 687.04, ('outer', 'h2d'): 687.138, ('outer', 'csc'): 687.205, ('outer', 'count'): 687.223, ('outer', 'scan'): 687.264, ('outer', 'expand'): 687.287, ('outer', 'sort'): 687.404, ('outer', 'reduce'): 687.44, ('outer', 'final'): 687.493, ('outer', 'pack'): 687.51, ('outer', 'd2h'): 687.537, ('colw', 'start'): 687.655, ('colw', 'h2d'): 687.757, ('colw', 'csc'): 687.825, ('colw', 'count'): 687.843, ('colw', 'scan'): 687.876, ('colw', 'expand'): 687.897, ('colw', 'sort'): 688.005, ('colw', 'reduce'): 688.041, ('colw', 'final'): 688.092, ('colw', 'pack'): 688.108, ('colw', 'd2h'): 688.119, ('inner', 'start'): 688.228, ('inner', 'h2d'): 688.336, ('inner', 'csc'): 688.403, ('inner', 'count'): 688.421, ('inner', 'scan'): 688.455, ('inner', 'expand'): 688.476, ('inner', 'sort'): 688.584, ('inner', 'reduce'): 688.618, ('inner', 'final'): 688.669, ('inner', 'numeric'): 688.693, ('inner', 'pack'): 688.71, ('inner', 'd2h'): 688.722}"
Extremely sparse,bcsstm24,3562,3562,0.028074115665356544,3562,3562,3562,3562,3562,0.0,,0.07399999999995543,0.1790000000000873,0.05999999999994543,0.02800000000002001,0.3129999999999882,0.556,,,,,0.524,,0.626,0.571,0.595,"{('cu', 'start'): 689.02, ('cu', 'h2dmalloc'): 689.094, ('cu', 'h2d'): 689.111, ('cu', 'workest'): 689.185, ('cu', 'compute'): 689.364, ('cu', 'copy'): 689.424, ('cu', 'pack'): 689.443, ('cu', 'd2h'): 689.471, ('gust', 'start'): 689.589, ('gust', 'h2d'): 689.677, ('gust', 'count'): 689.697, ('gust', 'scan'): 689.74, ('gust', 'expand'): 689.764, ('gust', 'sort'): 689.881, ('gust', 'reduce'): 689.923, ('gust', 'final'): 689.984, ('gust', 'pack'): 690.004, ('gust', 'd2h'): 690.016, ('outer', 'start'): 690.126, ('outer', 'h2d'): 690.207, ('outer', 'csc'): 690.273, ('outer', 'count'): 690.293, ('outer', 'scan'): 690.331, ('outer', 'expand'): 690.353, ('outer', 'sort'): 690.465, ('outer', 'reduce'): 690.513, ('outer', 'final'): 690.59, ('outer', 'pack'): 690.61, ('outer', 'd2h'): 690.637, ('colw', 'start'): 690.765, ('colw', 'h2d'): 690.851, ('colw', 'csc'): 690.919, ('colw', 'count'): 690.938, ('colw', 'scan'): 690.976, ('colw', 'expand'): 690.997, ('colw', 'sort'): 691.109, ('colw', 'reduce'): 691.146, ('colw', 'final'): 691.201, ('colw', 'pack'): 691.219, ('colw', 'd2h'): 691.231, ('inner', 'start'): 691.345, ('inner', 'h2d'): 691.425, ('inner', 'csc'): 691.491, ('inner', 'count'): 691.509, ('inner', 'scan'): 691.558, ('inner', 'expand'): 691.58, ('inner', 'sort'): 691.693, ('inner', 'reduce'): 691.73, ('inner', 'final'): 691.784, ('inner', 'numeric'): 691.811, ('inner', 'pack'): 691.83, ('inner', 'd2h'): 691.842}"
Extremely sparse,bcsstm21,3600,3600,0.027777777777777776,3600,3600,3600,3600,3600,0.0,,0.07500000000004547,0.17999999999994998,0.06100000000003547,0.03899999999998727,0.3160000000000309,0.56,,,,,0.512,,0.608,0.562,0.585,"{('cu', 'start'): 684.892, ('cu', 'h2dmalloc'): 684.965, ('cu', 'h2d'): 684.981, ('cu', 'workest'): 685.056, ('cu', 'compute'): 685.236, ('cu', 'copy'): 685.297, ('cu', 'pack'): 685.316, ('cu', 'd2h'): 685.355, ('gust', 'start'): 685.464, ('gust', 'h2d'): 685.549, ('gust', 'count'): 685.568, ('gust', 'scan'): 685.609, ('gust', 'expand'): 685.633, ('gust', 'sort'): 685.747, ('gust', 'reduce'): 685.789, ('gust', 'final'): 685.846, ('gust', 'pack'): 685.864, ('gust', 'd2h'): 685.877, ('outer', 'start'): 685.987, ('outer', 'h2d'): 686.067, ('outer', 'csc'): 686.133, ('outer', 'count'): 686.152, ('outer', 'scan'): 686.189, ('outer', 'expand'): 686.211, ('outer', 'sort'): 686.337, ('outer', 'reduce'): 686.376, ('outer', 'final'): 686.434, ('outer', 'pack'): 686.452, ('outer', 'd2h'): 686.481, ('colw', 'start'): 686.607, ('colw', 'h2d'): 686.691, ('colw', 'csc'): 686.757, ('colw', 'count'): 686.776, ('colw', 'scan'): 686.812, ('colw', 'expand'): 686.833, ('colw', 'sort'): 686.944, ('colw', 'reduce'): 686.982, ('colw', 'final'): 687.036, ('colw', 'pack'): 687.053, ('colw', 'd2h'): 687.066, ('inner', 'start'): 687.179, ('inner', 'h2d'): 687.257, ('inner', 'csc'): 687.32, ('inner', 'count'): 687.35, ('inner', 'scan'): 687.388, ('inner', 'expand'): 687.409, ('inner', 'sort'): 687.521, ('inner', 'reduce'): 687.557, ('inner', 'final'): 687.609, ('inner', 'numeric'): 687.635, ('inner', 'pack'): 687.653, ('inner', 'd2h'): 687.665}"
Extremely sparse,bcsstm25,15439,15439,0.006477103439341926,15439,15439,15439,15439,15439,0.0,,0.07100000000002638,0.18999999999994088,0.06299999999998818,0.03999999999996362,0.32399999999995543,0.59,,,,,0.581,,0.643,0.594,0.644,"{('cu', 'start'): 693.178, ('cu', 'h2dmalloc'): 693.248, ('cu', 'h2d'): 693.273, ('cu', 'workest'): 693.344, ('cu', 'compute'): 693.534, ('cu', 'copy'): 693.597, ('cu', 'pack'): 693.616, ('cu', 'd2h'): 693.656, ('gust', 'start'): 693.78, ('gust', 'h2d'): 693.885, ('gust', 'count'): 693.907, ('gust', 'scan'): 693.951, ('gust', 'expand'): 693.991, ('gust', 'sort'): 694.119, ('gust', 'reduce'): 694.162, ('gust', 'final'): 694.219, ('gust', 'pack'): 694.236, ('gust', 'd2h'): 694.259, ('outer', 'start'): 694.371, ('outer', 'h2d'): 694.461, ('outer', 'csc'): 694.526, ('outer', 'count'): 694.545, ('outer', 'scan'): 694.581, ('outer', 'expand'): 694.62, ('outer', 'sort'): 694.749, ('outer', 'reduce'): 694.795, ('outer', 'final'): 694.848, ('outer', 'pack'): 694.866, ('outer', 'd2h'): 694.904, ('colw', 'start'): 695.025, ('colw', 'h2d'): 695.114, ('colw', 'csc'): 695.178, ('colw', 'count'): 695.197, ('colw', 'scan'): 695.233, ('colw', 'expand'): 695.269, ('colw', 'sort'): 695.389, ('colw', 'reduce'): 695.426, ('colw', 'final'): 695.476, ('colw', 'pack'): 695.493, ('colw', 'd2h'): 695.516, ('inner', 'start'): 695.629, ('inner', 'h2d'): 695.716, ('inner', 'csc'): 695.788, ('inner', 'count'): 695.806, ('inner', 'scan'): 695.842, ('inner', 'expand'): 695.878, ('inner', 'sort'): 696.0, ('inner', 'reduce'): 696.036, ('inner', 'final'): 696.093, ('inner', 'numeric'): 696.133, ('inner', 'pack'): 696.151, ('inner', 'd2h'): 696.174}"
