id,name,group,rows,cols,nnz,kind,date,year,num_entries,density,sparsity_pct,nnz_per_row,is_square,detail_url,url_mm
1,1138_bus,HB,1138,1138,4054,Power Network Problem,1985,1985,1295044,0.003130395569571381,99.68696044304286,3.562390158172232,True,/HB/1138_bus,https://sparse.tamu.edu/MM/HB/1138_bus.tar.gz
2,494_bus,HB,494,494,1666,Power Network Problem,1985,1985,244036,0.006826861610582045,99.3173138389418,3.3724696356275303,True,/HB/494_bus,https://sparse.tamu.edu/MM/HB/494_bus.tar.gz
3,662_bus,HB,662,662,2474,Power Network Problem,1985,1985,438244,0.005645256980129791,99.43547430198703,3.7371601208459215,True,/HB/662_bus,https://sparse.tamu.edu/MM/HB/662_bus.tar.gz
4,685_bus,HB,685,685,3249,Power Network Problem,1985,1985,469225,0.006924183494059353,99.30758165059407,4.7430656934306565,True,/HB/685_bus,https://sparse.tamu.edu/MM/HB/685_bus.tar.gz
6,arc130,HB,130,130,1037,Materials Problem,1974,1974,16900,0.06136094674556213,93.86390532544378,7.976923076923077,True,/HB/arc130,https://sparse.tamu.edu/MM/HB/arc130.tar.gz
8,ash292,HB,292,292,2208,Least Squares Problem,1974,1974,85264,0.02589604053293301,97.4103959467067,7.561643835616438,True,/HB/ash292,https://sparse.tamu.edu/MM/HB/ash292.tar.gz
11,ash85,HB,85,85,523,Least Squares Problem,1974,1974,7225,0.07238754325259515,92.7612456747405,6.152941176470589,True,/HB/ash85,https://sparse.tamu.edu/MM/HB/ash85.tar.gz
13,bcspwr01,HB,39,39,131,Power Network Problem,1981,1981,1521,0.0861275476660092,91.38724523339909,3.358974358974359,True,/HB/bcspwr01,https://sparse.tamu.edu/MM/HB/bcspwr01.tar.gz
14,bcspwr02,HB,49,49,167,Power Network Problem,1981,1981,2401,0.06955435235318617,93.04456476468138,3.4081632653061225,True,/HB/bcspwr02,https://sparse.tamu.edu/MM/HB/bcspwr02.tar.gz
15,bcspwr03,HB,118,118,476,Power Network Problem,1981,1981,13924,0.03418557885665039,96.58144211433496,4.033898305084746,True,/HB/bcspwr03,https://sparse.tamu.edu/MM/HB/bcspwr03.tar.gz
16,bcspwr04,HB,274,274,1612,Power Network Problem,1981,1981,75076,0.021471575470190206,97.85284245298098,5.883211678832117,True,/HB/bcspwr04,https://sparse.tamu.edu/MM/HB/bcspwr04.tar.gz
17,bcspwr05,HB,443,443,1623,Power Network Problem,1981,1981,196249,0.008270105834934191,99.17298941650658,3.6636568848758464,True,/HB/bcspwr05,https://sparse.tamu.edu/MM/HB/bcspwr05.tar.gz
18,bcspwr06,HB,1454,1454,5300,Power Network Problem,1981,1981,2114116,0.0025069579909522467,99.74930420090477,3.645116918844567,True,/HB/bcspwr06,https://sparse.tamu.edu/MM/HB/bcspwr06.tar.gz
19,bcspwr07,HB,1612,1612,5824,Power Network Problem,1981,1981,2598544,0.0022412551028576,99.77587448971424,3.6129032258064515,True,/HB/bcspwr07,https://sparse.tamu.edu/MM/HB/bcspwr07.tar.gz
20,bcspwr08,HB,1624,1624,6050,Power Network Problem,1981,1981,2637376,0.0022939467106699992,99.770605328933,3.7253694581280787,True,/HB/bcspwr08,https://sparse.tamu.edu/MM/HB/bcspwr08.tar.gz
21,bcspwr09,HB,1723,1723,6511,Power Network Problem,1981,1981,2968729,0.0021931944613334526,99.78068055386665,3.778874056877539,True,/HB/bcspwr09,https://sparse.tamu.edu/MM/HB/bcspwr09.tar.gz
22,bcspwr10,HB,5300,5300,21842,Power Network Problem,1981,1981,28090000,0.0007775720897116411,99.92224279102884,4.1211320754716985,True,/HB/bcspwr10,https://sparse.tamu.edu/MM/HB/bcspwr10.tar.gz
23,bcsstk01,HB,48,48,400,Structural Problem,1982,1982,2304,0.1736111111111111,82.63888888888889,8.333333333333334,True,/HB/bcsstk01,https://sparse.tamu.edu/MM/HB/bcsstk01.tar.gz
24,bcsstk02,HB,66,66,4356,Structural Problem,1982,1982,4356,1.0,0.0,66.0,True,/HB/bcsstk02,https://sparse.tamu.edu/MM/HB/bcsstk02.tar.gz
25,bcsstk03,HB,112,112,640,Structural Problem,1982,1982,12544,0.05102040816326531,94.89795918367348,5.714285714285714,True,/HB/bcsstk03,https://sparse.tamu.edu/MM/HB/bcsstk03.tar.gz
26,bcsstk04,HB,132,132,3648,Structural Problem,1982,1982,17424,0.209366391184573,79.06336088154269,27.636363636363637,True,/HB/bcsstk04,https://sparse.tamu.edu/MM/HB/bcsstk04.tar.gz
27,bcsstk05,HB,153,153,2423,Structural Problem,1982,1982,23409,0.10350719808620616,89.64928019137939,15.836601307189543,True,/HB/bcsstk05,https://sparse.tamu.edu/MM/HB/bcsstk05.tar.gz
28,bcsstk06,HB,420,420,7860,Structural Problem,1982,1982,176400,0.0445578231292517,95.54421768707483,18.714285714285715,True,/HB/bcsstk06,https://sparse.tamu.edu/MM/HB/bcsstk06.tar.gz
29,bcsstk07,HB,420,420,7860,Duplicate Structural Problem,1982,1982,176400,0.0445578231292517,95.54421768707483,18.714285714285715,True,/HB/bcsstk07,https://sparse.tamu.edu/MM/HB/bcsstk07.tar.gz
30,bcsstk08,HB,1074,1074,12960,Structural Problem,1982,1982,1153476,0.011235604381885709,98.87643956181142,12.067039106145252,True,/HB/bcsstk08,https://sparse.tamu.edu/MM/HB/bcsstk08.tar.gz
31,bcsstk09,HB,1083,1083,18437,Structural Problem,1982,1982,1172889,0.01571930506637883,98.42806949336212,17.02400738688827,True,/HB/bcsstk09,https://sparse.tamu.edu/MM/HB/bcsstk09.tar.gz
32,bcsstk10,HB,1086,1086,22070,Structural Problem,1982,1982,1179396,0.018712968332943305,98.12870316670566,20.322283609576427,True,/HB/bcsstk10,https://sparse.tamu.edu/MM/HB/bcsstk10.tar.gz
33,bcsstk11,HB,1473,1473,34241,Structural Problem,1982,1982,2169729,0.01578123350888521,98.42187664911148,23.245756958587915,True,/HB/bcsstk11,https://sparse.tamu.edu/MM/HB/bcsstk11.tar.gz
34,bcsstk12,HB,1473,1473,34241,Duplicate Structural Problem,1982,1982,2169729,0.01578123350888521,98.42187664911148,23.245756958587915,True,/HB/bcsstk12,https://sparse.tamu.edu/MM/HB/bcsstk12.tar.gz
35,bcsstk13,HB,2003,2003,83883,Computational Fluid Dynamics Problem,1982,1982,4012009,0.020907979019987245,97.90920209800127,41.87868197703445,True,/HB/bcsstk13,https://sparse.tamu.edu/MM/HB/bcsstk13.tar.gz
36,bcsstk14,HB,1806,1806,63454,Structural Problem,1985,1985,3261636,0.01945465404477998,98.054534595522,35.135105204872644,True,/HB/bcsstk14,https://sparse.tamu.edu/MM/HB/bcsstk14.tar.gz
37,bcsstk15,HB,3948,3948,117816,Structural Problem,1985,1985,15586704,0.007558750073139261,99.24412499268608,29.8419452887538,True,/HB/bcsstk15,https://sparse.tamu.edu/MM/HB/bcsstk15.tar.gz
38,bcsstk16,HB,4884,4884,290378,Structural Problem,1985,1985,23853456,0.012173414200441228,98.78265857995588,59.45495495495496,True,/HB/bcsstk16,https://sparse.tamu.edu/MM/HB/bcsstk16.tar.gz
39,bcsstk17,HB,10974,10974,428650,Structural Problem,1985,1985,120428676,0.0035593682023042418,99.64406317976957,39.06050665208675,True,/HB/bcsstk17,https://sparse.tamu.edu/MM/HB/bcsstk17.tar.gz
40,bcsstk18,HB,11948,11948,149090,Structural Problem,1985,1985,142754704,0.0010443788948628972,99.89556211051371,12.478239035821895,True,/HB/bcsstk18,https://sparse.tamu.edu/MM/HB/bcsstk18.tar.gz
41,bcsstk19,HB,817,817,6853,Structural Problem,1984,1984,667489,0.010266835857969194,98.97331641420308,8.388004895960833,True,/HB/bcsstk19,https://sparse.tamu.edu/MM/HB/bcsstk19.tar.gz
42,bcsstk20,HB,485,485,3135,Structural Problem,1984,1984,235225,0.013327665001594219,98.66723349984058,6.463917525773196,True,/HB/bcsstk20,https://sparse.tamu.edu/MM/HB/bcsstk20.tar.gz
43,bcsstk21,HB,3600,3600,26600,Structural Problem,1984,1984,12960000,0.002052469135802469,99.79475308641975,7.388888888888889,True,/HB/bcsstk21,https://sparse.tamu.edu/MM/HB/bcsstk21.tar.gz
44,bcsstk22,HB,138,138,696,Structural Problem,1984,1984,19044,0.036546943919344675,96.34530560806553,5.043478260869565,True,/HB/bcsstk22,https://sparse.tamu.edu/MM/HB/bcsstk22.tar.gz
45,bcsstk23,HB,3134,3134,45178,Structural Problem,1984,1984,9821956,0.004599694806207644,99.54003051937923,14.415443522654755,True,/HB/bcsstk23,https://sparse.tamu.edu/MM/HB/bcsstk23.tar.gz
46,bcsstk24,HB,3562,3562,159910,Structural Problem,1984,1984,12687844,0.012603402122535554,98.73965978774645,44.893318360471646,True,/HB/bcsstk24,https://sparse.tamu.edu/MM/HB/bcsstk24.tar.gz
47,bcsstk25,HB,15439,15439,252241,Structural Problem,1984,1984,238362721,0.0010582233620331932,99.89417766379668,16.33791048643047,True,/HB/bcsstk25,https://sparse.tamu.edu/MM/HB/bcsstk25.tar.gz
48,bcsstk26,HB,1922,1922,30336,Structural Problem,1984,1984,3694084,0.008212049319939666,99.17879506800602,15.783558792924037,True,/HB/bcsstk26,https://sparse.tamu.edu/MM/HB/bcsstk26.tar.gz
49,bcsstk27,HB,1224,1224,56126,Structural Problem,1984,1984,1498176,0.037462888205391086,96.2537111794609,45.85457516339869,True,/HB/bcsstk27,https://sparse.tamu.edu/MM/HB/bcsstk27.tar.gz
50,bcsstk28,HB,4410,4410,219024,Structural Problem,1984,1984,19448100,0.011261974177426073,98.8738025822574,49.66530612244898,True,/HB/bcsstk28,https://sparse.tamu.edu/MM/HB/bcsstk28.tar.gz
51,bcsstk29,HB,13992,13992,619488,Structural Problem,1986,1986,195776064,0.0031642683346621986,99.68357316653378,44.27444253859348,True,/HB/bcsstk29,https://sparse.tamu.edu/MM/HB/bcsstk29.tar.gz
52,bcsstk30,HB,28924,28924,2043492,Structural Problem,1986,1986,836597776,0.002442621841251464,99.75573781587485,70.65039413635735,True,/HB/bcsstk30,https://sparse.tamu.edu/MM/HB/bcsstk30.tar.gz
53,bcsstk31,HB,35588,35588,1181416,Structural Problem,1986,1986,1266505744,0.0009328153508950845,99.9067184649105,33.197032707654266,True,/HB/bcsstk31,https://sparse.tamu.edu/MM/HB/bcsstk31.tar.gz
54,bcsstk32,HB,44609,44609,2014701,Structural Problem,1986,1986,1989962881,0.0010124314474587429,99.89875685525412,45.16355443968706,True,/HB/bcsstk32,https://sparse.tamu.edu/MM/HB/bcsstk32.tar.gz
55,bcsstk33,HB,8738,8738,591904,Structural Problem,1986,1986,76352644,0.00775223972597465,99.22477602740254,67.73907072556649,True,/HB/bcsstk33,https://sparse.tamu.edu/MM/HB/bcsstk33.tar.gz
56,bcsstm01,HB,48,48,24,Structural Problem,1982,1982,2304,0.010416666666666666,98.95833333333334,0.5,True,/HB/bcsstm01,https://sparse.tamu.edu/MM/HB/bcsstm01.tar.gz
57,bcsstm02,HB,66,66,66,Structural Problem,1982,1982,4356,0.015151515151515152,98.48484848484848,1.0,True,/HB/bcsstm02,https://sparse.tamu.edu/MM/HB/bcsstm02.tar.gz
58,bcsstm03,HB,112,112,72,Structural Problem,1982,1982,12544,0.005739795918367347,99.42602040816327,0.6428571428571429,True,/HB/bcsstm03,https://sparse.tamu.edu/MM/HB/bcsstm03.tar.gz
59,bcsstm04,HB,132,132,66,Structural Problem,1982,1982,17424,0.003787878787878788,99.62121212121212,0.5,True,/HB/bcsstm04,https://sparse.tamu.edu/MM/HB/bcsstm04.tar.gz
60,bcsstm05,HB,153,153,153,Structural Problem,1982,1982,23409,0.006535947712418301,99.34640522875817,1.0,True,/HB/bcsstm05,https://sparse.tamu.edu/MM/HB/bcsstm05.tar.gz
61,bcsstm06,HB,420,420,420,Structural Problem,1982,1982,176400,0.002380952380952381,99.76190476190476,1.0,True,/HB/bcsstm06,https://sparse.tamu.edu/MM/HB/bcsstm06.tar.gz
62,bcsstm07,HB,420,420,7252,Structural Problem,1982,1982,176400,0.04111111111111111,95.88888888888889,17.266666666666666,True,/HB/bcsstm07,https://sparse.tamu.edu/MM/HB/bcsstm07.tar.gz
63,bcsstm08,HB,1074,1074,1074,Structural Problem,1982,1982,1153476,0.000931098696461825,99.90689013035382,1.0,True,/HB/bcsstm08,https://sparse.tamu.edu/MM/HB/bcsstm08.tar.gz
64,bcsstm09,HB,1083,1083,1083,Structural Problem,1982,1982,1172889,0.0009233610341643582,99.90766389658357,1.0,True,/HB/bcsstm09,https://sparse.tamu.edu/MM/HB/bcsstm09.tar.gz
65,bcsstm10,HB,1086,1086,22092,Structural Problem,1982,1982,1179396,0.018731621948861958,98.12683780511381,20.34254143646409,True,/HB/bcsstm10,https://sparse.tamu.edu/MM/HB/bcsstm10.tar.gz
66,bcsstm11,HB,1473,1473,1473,Structural Problem,1982,1982,2169729,0.0006788866259334691,99.93211133740665,1.0,True,/HB/bcsstm11,https://sparse.tamu.edu/MM/HB/bcsstm11.tar.gz
67,bcsstm12,HB,1473,1473,19659,Structural Problem,1982,1982,2169729,0.009060578533079476,99.09394214669204,13.34623217922607,True,/HB/bcsstm12,https://sparse.tamu.edu/MM/HB/bcsstm12.tar.gz
68,bcsstm13,HB,2003,2003,21181,Computational Fluid Dynamics Problem,1982,1982,4012009,0.0052793999215854205,99.47206000784146,10.574638042935597,True,/HB/bcsstm13,https://sparse.tamu.edu/MM/HB/bcsstm13.tar.gz
69,bcsstm19,HB,817,817,817,Structural Problem,1984,1984,667489,0.0012239902080783353,99.87760097919217,1.0,True,/HB/bcsstm19,https://sparse.tamu.edu/MM/HB/bcsstm19.tar.gz
70,bcsstm20,HB,485,485,485,Structural Problem,1984,1984,235225,0.002061855670103093,99.79381443298969,1.0,True,/HB/bcsstm20,https://sparse.tamu.edu/MM/HB/bcsstm20.tar.gz
71,bcsstm21,HB,3600,3600,3600,Structural Problem,1984,1984,12960000,0.0002777777777777778,99.97222222222221,1.0,True,/HB/bcsstm21,https://sparse.tamu.edu/MM/HB/bcsstm21.tar.gz
72,bcsstm22,HB,138,138,138,Structural Problem,1984,1984,19044,0.007246376811594203,99.27536231884058,1.0,True,/HB/bcsstm22,https://sparse.tamu.edu/MM/HB/bcsstm22.tar.gz
73,bcsstm23,HB,3134,3134,3134,Structural Problem,1984,1984,9821956,0.0003190810465858328,99.96809189534142,1.0,True,/HB/bcsstm23,https://sparse.tamu.edu/MM/HB/bcsstm23.tar.gz
74,bcsstm24,HB,3562,3562,3562,Structural Problem,1984,1984,12687844,0.00028074115665356543,99.97192588433464,1.0,True,/HB/bcsstm24,https://sparse.tamu.edu/MM/HB/bcsstm24.tar.gz
75,bcsstm25,HB,15439,15439,15439,Structural Problem,1984,1984,238362721,6.477103439341926e-05,99.99352289656066,1.0,True,/HB/bcsstm25,https://sparse.tamu.edu/MM/HB/bcsstm25.tar.gz
76,bcsstm26,HB,1922,1922,1922,Structural Problem,1984,1984,3694084,0.0005202913631633715,99.94797086368366,1.0,True,/HB/bcsstm26,https://sparse.tamu.edu/MM/HB/bcsstm26.tar.gz
77,bcsstm27,HB,1224,1224,56126,Structural Problem,1984,1984,1498176,0.037462888205391086,96.2537111794609,45.85457516339869,True,/HB/bcsstm27,https://sparse.tamu.edu/MM/HB/bcsstm27.tar.gz
81,blckhole,HB,2132,2132,14872,Structural Problem,1983,1983,4545424,0.003271861986912552,99.67281380130875,6.975609756097561,True,/HB/blckhole,https://sparse.tamu.edu/MM/HB/blckhole.tar.gz
82,bp_0,HB,822,822,3276,Optimization Problem Sequence,1978,1978,675684,0.004848420267462305,99.51515797325376,3.9854014598540144,True,/HB/bp_0,https://sparse.tamu.edu/MM/HB/bp_0.tar.gz
83,bp_1000,HB,822,822,4661,Subsequent Optimization Problem,1978,1978,675684,0.006898195014237425,99.31018049857626,5.670316301703163,True,/HB/bp_1000,https://sparse.tamu.edu/MM/HB/bp_1000.tar.gz
84,bp_1200,HB,822,822,4726,Subsequent Optimization Problem,1978,1978,675684,0.006994393829068026,99.3005606170932,5.749391727493918,True,/HB/bp_1200,https://sparse.tamu.edu/MM/HB/bp_1200.tar.gz
85,bp_1400,HB,822,822,4790,Subsequent Optimization Problem,1978,1978,675684,0.007089112662132003,99.29108873378681,5.827250608272506,True,/HB/bp_1400,https://sparse.tamu.edu/MM/HB/bp_1400.tar.gz
86,bp_1600,HB,822,822,4841,Subsequent Optimization Problem,1978,1978,675684,0.007164591732229859,99.28354082677701,5.8892944038929445,True,/HB/bp_1600,https://sparse.tamu.edu/MM/HB/bp_1600.tar.gz
87,bp_200,HB,822,822,3802,Subsequent Optimization Problem,1978,1978,675684,0.005626890676706863,99.43731093232931,4.625304136253042,True,/HB/bp_200,https://sparse.tamu.edu/MM/HB/bp_200.tar.gz
88,bp_400,HB,822,822,4028,Subsequent Optimization Problem,1978,1978,675684,0.005961366555964031,99.4038633444036,4.900243309002433,True,/HB/bp_400,https://sparse.tamu.edu/MM/HB/bp_400.tar.gz
89,bp_600,HB,822,822,4172,Subsequent Optimization Problem,1978,1978,675684,0.006174483930357978,99.3825516069642,5.075425790754258,True,/HB/bp_600,https://sparse.tamu.edu/MM/HB/bp_600.tar.gz
90,bp_800,HB,822,822,4534,Subsequent Optimization Problem,1978,1978,675684,0.006710237329876096,99.3289762670124,5.515815085158151,True,/HB/bp_800,https://sparse.tamu.edu/MM/HB/bp_800.tar.gz
91,can_1054,HB,1054,1054,12196,Structural Problem,1981,1981,1110916,0.01097832779436069,98.90216722056392,11.571157495256166,True,/HB/can_1054,https://sparse.tamu.edu/MM/HB/can_1054.tar.gz
92,can_1072,HB,1072,1072,12444,Structural Problem,1981,1981,1149184,0.010828553129873023,98.9171446870127,11.60820895522388,True,/HB/can_1072,https://sparse.tamu.edu/MM/HB/can_1072.tar.gz
93,can_144,HB,144,144,1296,Structural Problem,1981,1981,20736,0.0625,93.75,9.0,True,/HB/can_144,https://sparse.tamu.edu/MM/HB/can_144.tar.gz
94,can_161,HB,161,161,1377,Structural Problem,1981,1981,25921,0.053122950503452795,94.68770494965472,8.5527950310559,True,/HB/can_161,https://sparse.tamu.edu/MM/HB/can_161.tar.gz
95,can_187,HB,187,187,1491,Structural Problem,1981,1981,34969,0.042637764877462896,95.73622351225372,7.973262032085562,True,/HB/can_187,https://sparse.tamu.edu/MM/HB/can_187.tar.gz
96,can_229,HB,229,229,1777,Structural Problem,1981,1981,52441,0.03388570012013501,96.6114299879865,7.759825327510917,True,/HB/can_229,https://sparse.tamu.edu/MM/HB/can_229.tar.gz
97,can_24,HB,24,24,160,Structural Problem,1981,1981,576,0.2777777777777778,72.22222222222221,6.666666666666667,True,/HB/can_24,https://sparse.tamu.edu/MM/HB/can_24.tar.gz
98,can_256,HB,256,256,2916,Structural Problem,1981,1981,65536,0.04449462890625,95.550537109375,11.390625,True,/HB/can_256,https://sparse.tamu.edu/MM/HB/can_256.tar.gz
99,can_268,HB,268,268,3082,Structural Problem,1981,1981,71824,0.04291044776119403,95.7089552238806,11.5,True,/HB/can_268,https://sparse.tamu.edu/MM/HB/can_268.tar.gz
100,can_292,HB,292,292,2540,Structural Problem,1981,1981,85264,0.029789829236254457,97.02101707637455,8.698630136986301,True,/HB/can_292,https://sparse.tamu.edu/MM/HB/can_292.tar.gz
101,can_445,HB,445,445,3809,Structural Problem,1981,1981,198025,0.01923494508269158,98.07650549173084,8.559550561797753,True,/HB/can_445,https://sparse.tamu.edu/MM/HB/can_445.tar.gz
102,can_61,HB,61,61,557,Structural Problem,1981,1981,3721,0.14969094329481322,85.03090567051868,9.131147540983607,True,/HB/can_61,https://sparse.tamu.edu/MM/HB/can_61.tar.gz
103,can_62,HB,62,62,218,Structural Problem,1981,1981,3844,0.056711758584807495,94.32882414151925,3.5161290322580645,True,/HB/can_62,https://sparse.tamu.edu/MM/HB/can_62.tar.gz
104,can_634,HB,634,634,7228,Structural Problem,1981,1981,401956,0.017982067689000788,98.20179323109993,11.400630914826499,True,/HB/can_634,https://sparse.tamu.edu/MM/HB/can_634.tar.gz
105,can_715,HB,715,715,6665,Structural Problem,1981,1981,511225,0.013037312338011638,98.69626876619884,9.321678321678322,True,/HB/can_715,https://sparse.tamu.edu/MM/HB/can_715.tar.gz
106,can_73,HB,73,73,377,Structural Problem,1981,1981,5329,0.0707449802964909,92.92550197035091,5.164383561643835,True,/HB/can_73,https://sparse.tamu.edu/MM/HB/can_73.tar.gz
107,can_838,HB,838,838,10010,Structural Problem,1981,1981,702244,0.014254304771560882,98.57456952284392,11.94510739856802,True,/HB/can_838,https://sparse.tamu.edu/MM/HB/can_838.tar.gz
108,can_96,HB,96,96,768,Structural Problem,1981,1981,9216,0.08333333333333333,91.66666666666666,8.0,True,/HB/can_96,https://sparse.tamu.edu/MM/HB/can_96.tar.gz
109,curtis54,HB,54,54,291,2D/3D Problem,1971,1971,2916,0.09979423868312758,90.02057613168725,5.388888888888889,True,/HB/curtis54,https://sparse.tamu.edu/MM/HB/curtis54.tar.gz
110,dwt_1005,HB,1005,1005,8621,Structural Problem,1980,1980,1010025,0.00853543229127992,99.146456770872,8.578109452736319,True,/HB/dwt_1005,https://sparse.tamu.edu/MM/HB/dwt_1005.tar.gz
111,dwt_1007,HB,1007,1007,8575,Structural Problem,1980,1980,1014049,0.00845619886218516,99.15438011378149,8.515392254220457,True,/HB/dwt_1007,https://sparse.tamu.edu/MM/HB/dwt_1007.tar.gz
112,dwt_1242,HB,1242,1242,10426,Structural Problem,1980,1980,1542564,0.006758876779180637,99.32411232208193,8.394524959742352,True,/HB/dwt_1242,https://sparse.tamu.edu/MM/HB/dwt_1242.tar.gz
113,dwt_162,HB,162,162,1182,Structural Problem,1980,1980,26244,0.045038866026520345,95.49611339734797,7.296296296296297,True,/HB/dwt_162,https://sparse.tamu.edu/MM/HB/dwt_162.tar.gz
114,dwt_193,HB,193,193,3493,Structural Problem,1980,1980,37249,0.09377432951220167,90.62256704877983,18.098445595854923,True,/HB/dwt_193,https://sparse.tamu.edu/MM/HB/dwt_193.tar.gz
115,dwt_198,HB,198,198,1392,Structural Problem,1980,1980,39204,0.03550658096112642,96.44934190388736,7.03030303030303,True,/HB/dwt_198,https://sparse.tamu.edu/MM/HB/dwt_198.tar.gz
116,dwt_209,HB,209,209,1743,Structural Problem,1980,1980,43681,0.039902932625168835,96.00970673748311,8.339712918660288,True,/HB/dwt_209,https://sparse.tamu.edu/MM/HB/dwt_209.tar.gz
117,dwt_221,HB,221,221,1629,Structural Problem,1980,1980,48841,0.0333531254478819,96.6646874552118,7.3710407239819,True,/HB/dwt_221,https://sparse.tamu.edu/MM/HB/dwt_221.tar.gz
118,dwt_234,HB,234,234,834,Structural Problem,1980,1980,54756,0.015231207538899847,98.47687924611002,3.5641025641025643,True,/HB/dwt_234,https://sparse.tamu.edu/MM/HB/dwt_234.tar.gz
119,dwt_245,HB,245,245,1461,Structural Problem,1980,1980,60025,0.024339858392336527,97.56601416076634,5.963265306122449,True,/HB/dwt_245,https://sparse.tamu.edu/MM/HB/dwt_245.tar.gz
120,dwt_2680,HB,2680,2680,25026,Structural Problem,1980,1980,7182400,0.003484350634885275,99.65156493651148,9.338059701492538,True,/HB/dwt_2680,https://sparse.tamu.edu/MM/HB/dwt_2680.tar.gz
121,dwt_307,HB,307,307,2523,Structural Problem,1980,1980,94249,0.026769514795912955,97.3230485204087,8.218241042345277,True,/HB/dwt_307,https://sparse.tamu.edu/MM/HB/dwt_307.tar.gz
122,dwt_310,HB,310,310,2448,Structural Problem,1980,1980,96100,0.025473465140478668,97.45265348595214,7.896774193548387,True,/HB/dwt_310,https://sparse.tamu.edu/MM/HB/dwt_310.tar.gz
123,dwt_346,HB,346,346,3226,Structural Problem,1980,1980,119716,0.026947108155969127,97.3052891844031,9.323699421965317,True,/HB/dwt_346,https://sparse.tamu.edu/MM/HB/dwt_346.tar.gz
124,dwt_361,HB,361,361,2953,Structural Problem,1980,1980,130321,0.022659433245601247,97.73405667543987,8.18005540166205,True,/HB/dwt_361,https://sparse.tamu.edu/MM/HB/dwt_361.tar.gz
125,dwt_419,HB,419,419,3563,Structural Problem,1980,1980,175561,0.02029494022020836,97.97050597797916,8.503579952267303,True,/HB/dwt_419,https://sparse.tamu.edu/MM/HB/dwt_419.tar.gz
126,dwt_492,HB,492,492,3156,Structural Problem,1980,1980,242064,0.013037874281181836,98.69621257188182,6.414634146341464,True,/HB/dwt_492,https://sparse.tamu.edu/MM/HB/dwt_492.tar.gz
127,dwt_503,HB,503,503,6027,Structural Problem,1980,1980,253009,0.02382128698979088,97.61787130102091,11.98210735586481,True,/HB/dwt_503,https://sparse.tamu.edu/MM/HB/dwt_503.tar.gz
128,dwt_512,HB,512,512,3502,Structural Problem,1980,1980,262144,0.01335906982421875,98.66409301757812,6.83984375,True,/HB/dwt_512,https://sparse.tamu.edu/MM/HB/dwt_512.tar.gz
129,dwt_59,HB,59,59,267,Structural Problem,1980,1980,3481,0.0767020970985349,92.3297902901465,4.52542372881356,True,/HB/dwt_59,https://sparse.tamu.edu/MM/HB/dwt_59.tar.gz
130,dwt_592,HB,592,592,5104,Structural Problem,1980,1980,350464,0.01456355003652301,98.5436449963477,8.621621621621621,True,/HB/dwt_592,https://sparse.tamu.edu/MM/HB/dwt_592.tar.gz
131,dwt_607,HB,607,607,5131,Structural Problem,1980,1980,368449,0.01392594361770557,98.60740563822944,8.453047775947281,True,/HB/dwt_607,https://sparse.tamu.edu/MM/HB/dwt_607.tar.gz
132,dwt_66,HB,66,66,320,Structural Problem,1980,1980,4356,0.07346189164370982,92.65381083562902,4.848484848484849,True,/HB/dwt_66,https://sparse.tamu.edu/MM/HB/dwt_66.tar.gz
133,dwt_72,HB,72,72,222,Structural Problem,1980,1980,5184,0.04282407407407408,95.7175925925926,3.0833333333333335,True,/HB/dwt_72,https://sparse.tamu.edu/MM/HB/dwt_72.tar.gz
134,dwt_758,HB,758,758,5994,Structural Problem,1980,1980,574564,0.010432258199260656,98.95677418007394,7.907651715039578,True,/HB/dwt_758,https://sparse.tamu.edu/MM/HB/dwt_758.tar.gz
135,dwt_869,HB,869,869,7285,Structural Problem,1980,1980,755161,0.009646949458459852,99.03530505415401,8.383199079401612,True,/HB/dwt_869,https://sparse.tamu.edu/MM/HB/dwt_869.tar.gz
136,dwt_87,HB,87,87,541,Structural Problem,1980,1980,7569,0.07147575637468621,92.85242436253138,6.218390804597701,True,/HB/dwt_87,https://sparse.tamu.edu/MM/HB/dwt_87.tar.gz
137,dwt_878,HB,878,878,7448,Structural Problem,1980,1980,770884,0.009661635213598934,99.0338364786401,8.482915717539864,True,/HB/dwt_878,https://sparse.tamu.edu/MM/HB/dwt_878.tar.gz
138,dwt_918,HB,918,918,7384,Structural Problem,1980,1980,842724,0.008762062074890475,99.12379379251095,8.043572984749455,True,/HB/dwt_918,https://sparse.tamu.edu/MM/HB/dwt_918.tar.gz
139,dwt_992,HB,992,992,16744,Structural Problem,1980,1980,984064,0.017015153485952134,98.29848465140478,16.879032258064516,True,/HB/dwt_992,https://sparse.tamu.edu/MM/HB/dwt_992.tar.gz
140,eris1176,HB,1176,1176,18552,Power Network Problem,1973,1973,1382976,0.013414549493266694,98.65854505067333,15.775510204081632,True,/HB/eris1176,https://sparse.tamu.edu/MM/HB/eris1176.tar.gz
141,fs_183_1,HB,183,183,998,2D/3D Problem Sequence,1983,1983,33489,0.029800830123324077,97.01991698766759,5.453551912568306,True,/HB/fs_183_1,https://sparse.tamu.edu/MM/HB/fs_183_1.tar.gz
142,fs_183_3,HB,183,183,1069,Subsequent 2D/3D Problem,1983,1983,33489,0.03192092926035415,96.80790707396459,5.841530054644808,True,/HB/fs_183_3,https://sparse.tamu.edu/MM/HB/fs_183_3.tar.gz
143,fs_183_4,HB,183,183,1069,Subsequent 2D/3D Problem,1983,1983,33489,0.03192092926035415,96.80790707396459,5.841530054644808,True,/HB/fs_183_4,https://sparse.tamu.edu/MM/HB/fs_183_4.tar.gz
144,fs_183_6,HB,183,183,1000,Subsequent 2D/3D Problem,1983,1983,33489,0.029860551225775626,97.01394487742245,5.46448087431694,True,/HB/fs_183_6,https://sparse.tamu.edu/MM/HB/fs_183_6.tar.gz
145,fs_541_1,HB,541,541,4282,2D/3D Problem Sequence,1978,1978,292681,0.014630262982564635,98.53697370174353,7.914972273567468,True,/HB/fs_541_1,https://sparse.tamu.edu/MM/HB/fs_541_1.tar.gz
146,fs_541_2,HB,541,541,4282,Subsequent 2D/3D Problem,1978,1978,292681,0.014630262982564635,98.53697370174353,7.914972273567468,True,/HB/fs_541_2,https://sparse.tamu.edu/MM/HB/fs_541_2.tar.gz
147,fs_541_3,HB,541,541,4282,Subsequent 2D/3D Problem,1978,1978,292681,0.014630262982564635,98.53697370174353,7.914972273567468,True,/HB/fs_541_3,https://sparse.tamu.edu/MM/HB/fs_541_3.tar.gz
148,fs_541_4,HB,541,541,4273,Subsequent 2D/3D Problem,1978,1978,292681,0.014599512780125803,98.54004872198742,7.898336414048059,True,/HB/fs_541_4,https://sparse.tamu.edu/MM/HB/fs_541_4.tar.gz
149,fs_680_1,HB,680,680,2184,2D/3D Problem Sequence,1983,1983,462400,0.00472318339100346,99.52768166089966,3.211764705882353,True,/HB/fs_680_1,https://sparse.tamu.edu/MM/HB/fs_680_1.tar.gz
150,fs_680_2,HB,680,680,2424,Subsequent 2D/3D Problem,1983,1983,462400,0.0052422145328719725,99.4757785467128,3.5647058823529414,True,/HB/fs_680_2,https://sparse.tamu.edu/MM/HB/fs_680_2.tar.gz
151,fs_680_3,HB,680,680,2471,Subsequent 2D/3D Problem,1983,1983,462400,0.005343858131487889,99.46561418685121,3.6338235294117647,True,/HB/fs_680_3,https://sparse.tamu.edu/MM/HB/fs_680_3.tar.gz
152,fs_760_1,HB,760,760,5739,2D/3D Problem Sequence,1983,1983,577600,0.009935941828254847,99.00640581717451,7.551315789473684,True,/HB/fs_760_1,https://sparse.tamu.edu/MM/HB/fs_760_1.tar.gz
153,fs_760_2,HB,760,760,5739,Subsequent 2D/3D Problem,1983,1983,577600,0.009935941828254847,99.00640581717451,7.551315789473684,True,/HB/fs_760_2,https://sparse.tamu.edu/MM/HB/fs_760_2.tar.gz
154,fs_760_3,HB,760,760,5816,Subsequent 2D/3D Problem,1983,1983,577600,0.010069252077562327,98.99307479224376,7.652631578947369,True,/HB/fs_760_3,https://sparse.tamu.edu/MM/HB/fs_760_3.tar.gz
156,gemat11,HB,4929,4929,33108,Power Network Problem Sequence,1984,1984,24295041,0.0013627472371830942,99.86372527628168,6.716981132075472,True,/HB/gemat11,https://sparse.tamu.edu/MM/HB/gemat11.tar.gz
157,gemat12,HB,4929,4929,33044,Subsequent Power Network Problem,1984,1984,24295041,0.0013601129547383764,99.86398870452616,6.703996753905457,True,/HB/gemat12,https://sparse.tamu.edu/MM/HB/gemat12.tar.gz
158,gent113,HB,113,113,655,Statistical/Mathematical Problem,1973,1973,12769,0.05129610776098363,94.87038922390164,5.79646017699115,True,/HB/gent113,https://sparse.tamu.edu/MM/HB/gent113.tar.gz
159,gr_30_30,HB,900,900,7744,2D/3D Problem,1983,1983,810000,0.009560493827160494,99.04395061728395,8.604444444444445,True,/HB/gr_30_30,https://sparse.tamu.edu/MM/HB/gr_30_30.tar.gz
160,gre_1107,HB,1107,1107,5664,Directed Weighted Graph,1981,1981,1225449,0.004621979372458585,99.53780206275414,5.116531165311653,True,/HB/gre_1107,https://sparse.tamu.edu/MM/HB/gre_1107.tar.gz
161,gre_115,HB,115,115,421,Directed Weighted Graph,1981,1981,13225,0.031833648393194705,96.81663516068053,3.6608695652173915,True,/HB/gre_115,https://sparse.tamu.edu/MM/HB/gre_115.tar.gz
162,gre_185,HB,185,185,975,Directed Weighted Graph,1981,1981,34225,0.028487947406866325,97.15120525931337,5.27027027027027,True,/HB/gre_185,https://sparse.tamu.edu/MM/HB/gre_185.tar.gz
163,gre_216a,HB,216,216,812,Directed Weighted Graph,1981,1981,46656,0.0174039780521262,98.25960219478738,3.759259259259259,True,/HB/gre_216a,https://sparse.tamu.edu/MM/HB/gre_216a.tar.gz
164,gre_216b,HB,216,216,812,Directed Weighted Graph,1981,1981,46656,0.0174039780521262,98.25960219478738,3.759259259259259,True,/HB/gre_216b,https://sparse.tamu.edu/MM/HB/gre_216b.tar.gz
165,gre_343,HB,343,343,1310,Directed Weighted Graph,1981,1981,117649,0.011134816275531454,98.88651837244686,3.8192419825072887,True,/HB/gre_343,https://sparse.tamu.edu/MM/HB/gre_343.tar.gz
166,gre_512,HB,512,512,1976,Directed Weighted Graph,1981,1981,262144,0.007537841796875,99.2462158203125,3.859375,True,/HB/gre_512,https://sparse.tamu.edu/MM/HB/gre_512.tar.gz
167,hor_131,HB,434,434,4182,Directed Weighted Graph,1983,1983,188356,0.022202637558665507,97.77973624413346,9.63594470046083,True,/HB/hor_131,https://sparse.tamu.edu/MM/HB/hor_131.tar.gz
168,ibm32,HB,32,32,126,Directed Graph,1971,1971,1024,0.123046875,87.6953125,3.9375,True,/HB/ibm32,https://sparse.tamu.edu/MM/HB/ibm32.tar.gz
171,impcol_a,HB,207,207,572,Chemical Process Simulation Problem,1982,1982,42849,0.013349203015239562,98.66507969847605,2.763285024154589,True,/HB/impcol_a,https://sparse.tamu.edu/MM/HB/impcol_a.tar.gz
172,impcol_b,HB,59,59,271,Chemical Process Simulation Problem,1982,1982,3481,0.0778511921861534,92.21488078138465,4.593220338983051,True,/HB/impcol_b,https://sparse.tamu.edu/MM/HB/impcol_b.tar.gz
173,impcol_c,HB,137,137,400,Chemical Process Simulation Problem,1982,1982,18769,0.021311737439394747,97.86882625606053,2.9197080291970803,True,/HB/impcol_c,https://sparse.tamu.edu/MM/HB/impcol_c.tar.gz
174,impcol_d,HB,425,425,1255,Chemical Process Simulation Problem,1982,1982,180625,0.0069480968858131485,99.30519031141868,2.9529411764705884,True,/HB/impcol_d,https://sparse.tamu.edu/MM/HB/impcol_d.tar.gz
175,impcol_e,HB,225,225,1303,Chemical Process Simulation Problem,1982,1982,50625,0.025738271604938273,97.42617283950618,5.791111111111111,True,/HB/impcol_e,https://sparse.tamu.edu/MM/HB/impcol_e.tar.gz
176,jagmesh1,HB,936,936,6264,2D/3D Problem,1978,1978,876096,0.0071499013806706115,99.28500986193293,6.6923076923076925,True,/HB/jagmesh1,https://sparse.tamu.edu/MM/HB/jagmesh1.tar.gz
177,jagmesh2,HB,1009,1009,6865,2D/3D Problem,1978,1978,1018081,0.006743078399459375,99.32569216005406,6.8037661050545095,True,/HB/jagmesh2,https://sparse.tamu.edu/MM/HB/jagmesh2.tar.gz
178,jagmesh3,HB,1089,1089,7361,2D/3D Problem,1978,1978,1185921,0.006206990178941093,99.37930098210589,6.75941230486685,True,/HB/jagmesh3,https://sparse.tamu.edu/MM/HB/jagmesh3.tar.gz
179,jagmesh4,HB,1440,1440,9504,2D/3D Problem,1978,1978,2073600,0.004583333333333333,99.54166666666666,6.6,True,/HB/jagmesh4,https://sparse.tamu.edu/MM/HB/jagmesh4.tar.gz
180,jagmesh5,HB,1180,1180,7750,2D/3D Problem,1978,1978,1392400,0.0055659293306521114,99.44340706693478,6.567796610169491,True,/HB/jagmesh5,https://sparse.tamu.edu/MM/HB/jagmesh5.tar.gz
181,jagmesh6,HB,1377,1377,8993,2D/3D Problem,1978,1978,1896129,0.00474282076799627,99.52571792320038,6.530864197530864,True,/HB/jagmesh6,https://sparse.tamu.edu/MM/HB/jagmesh6.tar.gz
182,jagmesh7,HB,1138,1138,7450,2D/3D Problem,1978,1978,1295044,0.005752700294352933,99.42472997056471,6.546572934973638,True,/HB/jagmesh7,https://sparse.tamu.edu/MM/HB/jagmesh7.tar.gz
183,jagmesh8,HB,1141,1141,7465,2D/3D Problem,1978,1978,1301881,0.005734011019440333,99.42659889805596,6.54250657318142,True,/HB/jagmesh8,https://sparse.tamu.edu/MM/HB/jagmesh8.tar.gz
184,jagmesh9,HB,1349,1349,9101,2D/3D Problem,1978,1978,1819801,0.005001096273713444,99.49989037262866,6.746478873239437,True,/HB/jagmesh9,https://sparse.tamu.edu/MM/HB/jagmesh9.tar.gz
185,jgl009,HB,9,9,50,Counter Example Problem,1983,1983,81,0.6172839506172839,38.27160493827161,5.555555555555555,True,/HB/jgl009,https://sparse.tamu.edu/MM/HB/jgl009.tar.gz
186,jgl011,HB,11,11,76,Counter Example Problem,1983,1983,121,0.628099173553719,37.1900826446281,6.909090909090909,True,/HB/jgl011,https://sparse.tamu.edu/MM/HB/jgl011.tar.gz
187,jpwh_991,HB,991,991,6027,Semiconductor Device Problem,1978,1978,982081,0.006136968335605719,99.38630316643943,6.081735620585268,True,/HB/jpwh_991,https://sparse.tamu.edu/MM/HB/jpwh_991.tar.gz
188,lns_131,HB,131,131,536,Computational Fluid Dynamics Problem,1982,1982,17161,0.03123361109492454,96.87663889050755,4.091603053435114,True,/HB/lns_131,https://sparse.tamu.edu/MM/HB/lns_131.tar.gz
189,lns_3937,HB,3937,3937,25407,Computational Fluid Dynamics Problem,1982,1982,15499969,0.001639164568651718,99.83608354313482,6.453390906781814,True,/HB/lns_3937,https://sparse.tamu.edu/MM/HB/lns_3937.tar.gz
190,lns_511,HB,511,511,2796,Computational Fluid Dynamics Problem,1982,1982,261121,0.010707679581496701,98.92923204185034,5.471624266144814,True,/HB/lns_511,https://sparse.tamu.edu/MM/HB/lns_511.tar.gz
191,lnsp3937,HB,3937,3937,25407,Computational Fluid Dynamics Problem,1982,1982,15499969,0.001639164568651718,99.83608354313482,6.453390906781814,True,/HB/lnsp3937,https://sparse.tamu.edu/MM/HB/lnsp3937.tar.gz
192,lnsp_131,HB,131,131,536,Computational Fluid Dynamics Problem,1982,1982,17161,0.03123361109492454,96.87663889050755,4.091603053435114,True,/HB/lnsp_131,https://sparse.tamu.edu/MM/HB/lnsp_131.tar.gz
193,lnsp_511,HB,511,511,2796,Computational Fluid Dynamics Problem,1982,1982,261121,0.010707679581496701,98.92923204185034,5.471624266144814,True,/HB/lnsp_511,https://sparse.tamu.edu/MM/HB/lnsp_511.tar.gz
194,lshp1009,HB,1009,1009,6865,Duplicate Thermal Problem,1978,1978,1018081,0.006743078399459375,99.32569216005406,6.8037661050545095,True,/HB/lshp1009,https://sparse.tamu.edu/MM/HB/lshp1009.tar.gz
195,lshp1270,HB,1270,1270,8668,Thermal Problem,1978,1978,1612900,0.005374170748341497,99.46258292516586,6.8251968503937,True,/HB/lshp1270,https://sparse.tamu.edu/MM/HB/lshp1270.tar.gz
196,lshp1561,HB,1561,1561,10681,Thermal Problem,1978,1978,2436721,0.004383349591520736,99.56166504084793,6.842408712363869,True,/HB/lshp1561,https://sparse.tamu.edu/MM/HB/lshp1561.tar.gz
197,lshp1882,HB,1882,1882,12904,Thermal Problem,1978,1978,3541924,0.0036432176410335173,99.63567823589665,6.8565356004250795,True,/HB/lshp1882,https://sparse.tamu.edu/MM/HB/lshp1882.tar.gz
198,lshp2233,HB,2233,2233,15337,Thermal Problem,1978,1978,4986289,0.0030758345535126424,99.69241654464874,6.868338557993731,True,/HB/lshp2233,https://sparse.tamu.edu/MM/HB/lshp2233.tar.gz
199,lshp2614,HB,2614,2614,17980,Thermal Problem,1978,1978,6832996,0.00263134941100507,99.7368650588995,6.878347360367253,True,/HB/lshp2614,https://sparse.tamu.edu/MM/HB/lshp2614.tar.gz
200,lshp3025,HB,3025,3025,20833,Thermal Problem,1978,1978,9150625,0.0022766750904992827,99.77233249095006,6.886942148760331,True,/HB/lshp3025,https://sparse.tamu.edu/MM/HB/lshp3025.tar.gz
201,lshp3466,HB,3466,3466,23896,Thermal Problem,1978,1978,12013156,0.0019891525590777313,99.80108474409222,6.894402769763416,True,/HB/lshp3466,https://sparse.tamu.edu/MM/HB/lshp3466.tar.gz
202,lshp_265,HB,265,265,1753,Thermal Problem,1978,1978,70225,0.0249626201495194,97.50373798504806,6.615094339622641,True,/HB/lshp_265,https://sparse.tamu.edu/MM/HB/lshp_265.tar.gz
203,lshp_406,HB,406,406,2716,Thermal Problem,1978,1978,164836,0.016476983183285204,98.35230168167148,6.689655172413793,True,/HB/lshp_406,https://sparse.tamu.edu/MM/HB/lshp_406.tar.gz
204,lshp_577,HB,577,577,3889,Thermal Problem,1978,1978,332929,0.01168116925831033,98.83188307416897,6.740034662045061,True,/HB/lshp_577,https://sparse.tamu.edu/MM/HB/lshp_577.tar.gz
205,lshp_778,HB,778,778,5272,Thermal Problem,1978,1978,605284,0.008709960943953583,99.12900390560463,6.776349614395887,True,/HB/lshp_778,https://sparse.tamu.edu/MM/HB/lshp_778.tar.gz
206,lund_a,HB,147,147,2449,Structural Problem,1974,1974,21609,0.11333240779304919,88.66675922069508,16.65986394557823,True,/HB/lund_a,https://sparse.tamu.edu/MM/HB/lund_a.tar.gz
207,lund_b,HB,147,147,2441,Structural Problem,1974,1974,21609,0.11296219167939285,88.70378083206072,16.60544217687075,True,/HB/lund_b,https://sparse.tamu.edu/MM/HB/lund_b.tar.gz
208,mahindas,HB,1258,1258,7682,Economic Problem,1984,1984,1582564,0.004854148078687497,99.51458519213125,6.106518282988871,True,/HB/mahindas,https://sparse.tamu.edu/MM/HB/mahindas.tar.gz
209,mbeacxc,HB,496,496,49920,Economic Problem,1982,1982,246016,0.20291363163371487,79.70863683662851,100.64516129032258,True,/HB/mbeacxc,https://sparse.tamu.edu/MM/HB/mbeacxc.tar.gz
210,mbeaflw,HB,496,496,49920,Economic Problem,1982,1982,246016,0.20291363163371487,79.70863683662851,100.64516129032258,True,/HB/mbeaflw,https://sparse.tamu.edu/MM/HB/mbeaflw.tar.gz
211,mbeause,HB,496,496,41063,Economic Problem,1982,1982,246016,0.1669119081685744,83.30880918314256,82.7883064516129,True,/HB/mbeause,https://sparse.tamu.edu/MM/HB/mbeause.tar.gz
212,mcca,HB,180,180,2659,2D/3D Problem,1985,1985,32400,0.0820679012345679,91.79320987654322,14.772222222222222,True,/HB/mcca,https://sparse.tamu.edu/MM/HB/mcca.tar.gz
213,mcfe,HB,765,765,24382,2D/3D Problem,1985,1985,585225,0.04166260839847922,95.83373916015208,31.8718954248366,True,/HB/mcfe,https://sparse.tamu.edu/MM/HB/mcfe.tar.gz
214,nnc1374,HB,1374,1374,8588,2D/3D Problem,1982,1982,1887876,0.004549027584438809,99.54509724155612,6.250363901018923,True,/HB/nnc1374,https://sparse.tamu.edu/MM/HB/nnc1374.tar.gz
215,nnc261,HB,261,261,1500,2D/3D Problem,1982,1982,68121,0.02201964152023605,97.7980358479764,5.747126436781609,True,/HB/nnc261,https://sparse.tamu.edu/MM/HB/nnc261.tar.gz
216,nnc666,HB,666,666,4032,2D/3D Problem,1982,1982,443556,0.009090171252333414,99.09098287476665,6.054054054054054,True,/HB/nnc666,https://sparse.tamu.edu/MM/HB/nnc666.tar.gz
217,nos1,HB,237,237,1017,Structural Problem,1982,1982,56169,0.018106072744752445,98.18939272552475,4.291139240506329,True,/HB/nos1,https://sparse.tamu.edu/MM/HB/nos1.tar.gz
218,nos2,HB,957,957,4137,Structural Problem,1982,1982,915849,0.004517120180291729,99.54828798197083,4.322884012539185,True,/HB/nos2,https://sparse.tamu.edu/MM/HB/nos2.tar.gz
219,nos3,HB,960,960,15844,Structural Problem,1982,1982,921600,0.017191840277777776,98.28081597222223,16.504166666666666,True,/HB/nos3,https://sparse.tamu.edu/MM/HB/nos3.tar.gz
220,nos4,HB,100,100,594,Structural Problem,1982,1982,10000,0.0594,94.06,5.94,True,/HB/nos4,https://sparse.tamu.edu/MM/HB/nos4.tar.gz
221,nos5,HB,468,468,5172,Structural Problem,1982,1982,219024,0.02361385053692746,97.63861494630726,11.051282051282051,True,/HB/nos5,https://sparse.tamu.edu/MM/HB/nos5.tar.gz
222,nos6,HB,675,675,3255,2D/3D Problem,1982,1982,455625,0.0071440329218107,99.28559670781894,4.822222222222222,True,/HB/nos6,https://sparse.tamu.edu/MM/HB/nos6.tar.gz
223,nos7,HB,729,729,4617,2D/3D Problem,1982,1982,531441,0.008687700045724738,99.13122999542753,6.333333333333333,True,/HB/nos7,https://sparse.tamu.edu/MM/HB/nos7.tar.gz
224,orani678,HB,2529,2529,90158,Economic Problem,1984,1984,6395841,0.014096347923595974,98.5903652076404,35.64966389877422,True,/HB/orani678,https://sparse.tamu.edu/MM/HB/orani678.tar.gz
225,orsirr_1,HB,1030,1030,6858,Computational Fluid Dynamics Problem,1984,1984,1060900,0.006464322744839287,99.35356772551607,6.658252427184466,True,/HB/orsirr_1,https://sparse.tamu.edu/MM/HB/orsirr_1.tar.gz
226,orsirr_2,HB,886,886,5970,Computational Fluid Dynamics Problem,1984,1984,784996,0.00760513429367793,99.23948657063221,6.738148984198646,True,/HB/orsirr_2,https://sparse.tamu.edu/MM/HB/orsirr_2.tar.gz
227,orsreg_1,HB,2205,2205,14133,Computational Fluid Dynamics Problem,1984,1984,4862025,0.002906813519058417,99.70931864809415,6.40952380952381,True,/HB/orsreg_1,https://sparse.tamu.edu/MM/HB/orsreg_1.tar.gz
228,plat1919,HB,1919,1919,32399,2D/3D Problem,1975,1975,3682561,0.008797953380812972,99.12020466191869,16.883272537780094,True,/HB/plat1919,https://sparse.tamu.edu/MM/HB/plat1919.tar.gz
229,plat362,HB,362,362,5786,2D/3D Problem,1975,1975,131044,0.044153108879460334,95.58468911205397,15.98342541436464,True,/HB/plat362,https://sparse.tamu.edu/MM/HB/plat362.tar.gz
230,plsk1919,HB,1919,1919,9662,2D/3D Problem,1975,1975,3682561,0.0026237175704625125,99.73762824295375,5.034914017717561,True,/HB/plsk1919,https://sparse.tamu.edu/MM/HB/plsk1919.tar.gz
231,plskz362,HB,362,362,1760,2D/3D Problem,1975,1975,131044,0.013430603461432801,98.65693965385672,4.861878453038674,True,/HB/plskz362,https://sparse.tamu.edu/MM/HB/plskz362.tar.gz
232,pores_1,HB,30,30,180,Computational Fluid Dynamics Problem,1980,1980,900,0.2,80.0,6.0,True,/HB/pores_1,https://sparse.tamu.edu/MM/HB/pores_1.tar.gz
233,pores_2,HB,1224,1224,9613,Computational Fluid Dynamics Problem,1980,1980,1498176,0.006416469093083857,99.35835309069161,7.853758169934641,True,/HB/pores_2,https://sparse.tamu.edu/MM/HB/pores_2.tar.gz
234,pores_3,HB,532,532,3474,Computational Fluid Dynamics Problem,1980,1980,283024,0.0122745774209961,98.77254225790038,6.530075187969925,True,/HB/pores_3,https://sparse.tamu.edu/MM/HB/pores_3.tar.gz
235,psmigr_1,HB,3140,3140,543160,Economic Problem,1983,1983,9859600,0.055089455961702304,94.49105440382976,172.98089171974522,True,/HB/psmigr_1,https://sparse.tamu.edu/MM/HB/psmigr_1.tar.gz
236,psmigr_2,HB,3140,3140,540022,Economic Problem,1983,1983,9859600,0.0547711874721084,94.52288125278916,171.98152866242037,True,/HB/psmigr_2,https://sparse.tamu.edu/MM/HB/psmigr_2.tar.gz
237,psmigr_3,HB,3140,3140,543160,Economic Problem,1983,1983,9859600,0.055089455961702304,94.49105440382976,172.98089171974522,True,/HB/psmigr_3,https://sparse.tamu.edu/MM/HB/psmigr_3.tar.gz
238,rgg010,HB,10,10,76,Counter Example Problem,1983,1983,100,0.76,24.0,7.6,True,/HB/rgg010,https://sparse.tamu.edu/MM/HB/rgg010.tar.gz
239,saylr1,HB,238,238,1128,Computational Fluid Dynamics Problem,1984,1984,56644,0.019913847892098015,98.0086152107902,4.739495798319328,True,/HB/saylr1,https://sparse.tamu.edu/MM/HB/saylr1.tar.gz
240,saylr3,HB,1000,1000,3750,Computational Fluid Dynamics Problem,1984,1984,1000000,0.00375,99.625,3.75,True,/HB/saylr3,https://sparse.tamu.edu/MM/HB/saylr3.tar.gz
241,saylr4,HB,3564,3564,22316,Computational Fluid Dynamics Problem,1984,1984,12702096,0.0017568754007212667,99.82431245992788,6.261503928170595,True,/HB/saylr4,https://sparse.tamu.edu/MM/HB/saylr4.tar.gz
242,sherman1,HB,1000,1000,3750,Computational Fluid Dynamics Problem,1984,1984,1000000,0.00375,99.625,3.75,True,/HB/sherman1,https://sparse.tamu.edu/MM/HB/sherman1.tar.gz
243,sherman2,HB,1080,1080,23094,Computational Fluid Dynamics Problem,1984,1984,1166400,0.019799382716049384,98.02006172839506,21.383333333333333,True,/HB/sherman2,https://sparse.tamu.edu/MM/HB/sherman2.tar.gz
244,sherman3,HB,5005,5005,20033,Computational Fluid Dynamics Problem,1984,1984,25050025,0.0007997197607587218,99.92002802392412,4.002597402597402,True,/HB/sherman3,https://sparse.tamu.edu/MM/HB/sherman3.tar.gz
245,sherman4,HB,1104,1104,3786,Computational Fluid Dynamics Problem,1984,1984,1218816,0.0031062933207309388,99.68937066792691,3.4293478260869565,True,/HB/sherman4,https://sparse.tamu.edu/MM/HB/sherman4.tar.gz
246,sherman5,HB,3312,3312,20793,Computational Fluid Dynamics Problem,1984,1984,10969344,0.0018955554680389274,99.81044445319611,6.278079710144928,True,/HB/sherman5,https://sparse.tamu.edu/MM/HB/sherman5.tar.gz
247,shl_0,HB,663,663,1687,Optimization Problem Sequence,1978,1978,439569,0.0038378502578662282,99.61621497421338,2.544494720965309,True,/HB/shl_0,https://sparse.tamu.edu/MM/HB/shl_0.tar.gz
248,shl_200,HB,663,663,1726,Subsequent Optimization Problem,1978,1978,439569,0.003926573529980504,99.60734264700196,2.603318250377074,True,/HB/shl_200,https://sparse.tamu.edu/MM/HB/shl_200.tar.gz
249,shl_400,HB,663,663,1712,Subsequent Optimization Problem,1978,1978,439569,0.003894724150247174,99.61052758497529,2.5822021116138765,True,/HB/shl_400,https://sparse.tamu.edu/MM/HB/shl_400.tar.gz
250,sstmodel,HB,3345,3345,22749,Structural Problem,1983,1983,11189025,0.0020331530227164565,99.79668469772835,6.800896860986547,True,/HB/sstmodel,https://sparse.tamu.edu/MM/HB/sstmodel.tar.gz
251,steam1,HB,240,240,2248,Computational Fluid Dynamics Problem,1983,1983,57600,0.03902777777777778,96.09722222222223,9.366666666666667,True,/HB/steam1,https://sparse.tamu.edu/MM/HB/steam1.tar.gz
252,steam2,HB,600,600,5660,Computational Fluid Dynamics Problem,1983,1983,360000,0.01572222222222222,98.42777777777778,9.433333333333334,True,/HB/steam2,https://sparse.tamu.edu/MM/HB/steam2.tar.gz
253,steam3,HB,80,80,314,Computational Fluid Dynamics Problem,1983,1983,6400,0.0490625,95.09375,3.925,True,/HB/steam3,https://sparse.tamu.edu/MM/HB/steam3.tar.gz
254,str_0,HB,363,363,2454,Optimization Problem Sequence,1978,1978,131769,0.018623500216287593,98.13764997837124,6.760330578512397,True,/HB/str_0,https://sparse.tamu.edu/MM/HB/str_0.tar.gz
255,str_200,HB,363,363,3068,Subsequent Optimization Problem,1978,1978,131769,0.023283169789555965,97.6716830210444,8.451790633608816,True,/HB/str_200,https://sparse.tamu.edu/MM/HB/str_200.tar.gz
256,str_400,HB,363,363,3157,Subsequent Optimization Problem,1978,1978,131769,0.02395859420652809,97.60414057934719,8.696969696969697,True,/HB/str_400,https://sparse.tamu.edu/MM/HB/str_400.tar.gz
257,str_600,HB,363,363,3279,Subsequent Optimization Problem,1978,1978,131769,0.024884456890467407,97.51155431095326,9.03305785123967,True,/HB/str_600,https://sparse.tamu.edu/MM/HB/str_600.tar.gz
258,watt_1,HB,1856,1856,11360,Computational Fluid Dynamics Problem,1983,1983,3444736,0.0032977853745541023,99.67022146254459,6.120689655172414,True,/HB/watt_1,https://sparse.tamu.edu/MM/HB/watt_1.tar.gz
259,watt_2,HB,1856,1856,11550,Computational Fluid Dynamics Problem,1983,1983,3444736,0.003352941996135553,99.66470580038644,6.223060344827586,True,/HB/watt_2,https://sparse.tamu.edu/MM/HB/watt_2.tar.gz
262,west0067,HB,67,67,294,Chemical Process Simulation Problem,1983,1983,4489,0.06549342838048564,93.45065716195144,4.388059701492537,True,/HB/west0067,https://sparse.tamu.edu/MM/HB/west0067.tar.gz
263,west0132,HB,132,132,413,Chemical Process Simulation Problem,1983,1983,17424,0.02370293847566575,97.62970615243343,3.128787878787879,True,/HB/west0132,https://sparse.tamu.edu/MM/HB/west0132.tar.gz
264,west0156,HB,156,156,362,Chemical Process Simulation Problem,1983,1983,24336,0.014875082182774491,98.51249178172256,2.3205128205128207,True,/HB/west0156,https://sparse.tamu.edu/MM/HB/west0156.tar.gz
265,west0167,HB,167,167,506,Chemical Process Simulation Problem,1983,1983,27889,0.01814335401054179,98.18566459894582,3.029940119760479,True,/HB/west0167,https://sparse.tamu.edu/MM/HB/west0167.tar.gz
266,west0381,HB,381,381,2134,Chemical Process Simulation Problem,1983,1983,145161,0.01470091829072547,98.52990817092746,5.601049868766404,True,/HB/west0381,https://sparse.tamu.edu/MM/HB/west0381.tar.gz
267,west0479,HB,479,479,1888,Chemical Process Simulation Problem,1983,1983,229441,0.008228694958616813,99.17713050413832,3.941544885177453,True,/HB/west0479,https://sparse.tamu.edu/MM/HB/west0479.tar.gz
268,west0497,HB,497,497,1721,Chemical Process Simulation Problem,1983,1983,247009,0.006967357464707764,99.30326425352922,3.4627766599597587,True,/HB/west0497,https://sparse.tamu.edu/MM/HB/west0497.tar.gz
269,west0655,HB,655,655,2808,Chemical Process Simulation Problem,1983,1983,429025,0.006545073130936426,99.34549268690635,4.2870229007633585,True,/HB/west0655,https://sparse.tamu.edu/MM/HB/west0655.tar.gz
270,west0989,HB,989,989,3518,Chemical Process Simulation Problem,1983,1983,978121,0.0035966920248108364,99.64033079751891,3.5571284125379172,True,/HB/west0989,https://sparse.tamu.edu/MM/HB/west0989.tar.gz
271,west1505,HB,1505,1505,5414,Chemical Process Simulation Problem,1983,1983,2265025,0.002390260593150186,99.76097394068498,3.59734219269103,True,/HB/west1505,https://sparse.tamu.edu/MM/HB/west1505.tar.gz
272,west2021,HB,2021,2021,7310,Chemical Process Simulation Problem,1983,1983,4084441,0.0017897185930706306,99.82102814069293,3.617021276595745,True,/HB/west2021,https://sparse.tamu.edu/MM/HB/west2021.tar.gz
273,will199,HB,199,199,701,Structural Problem,1979,1979,39601,0.017701573192596146,98.22984268074039,3.522613065326633,True,/HB/will199,https://sparse.tamu.edu/MM/HB/will199.tar.gz
274,will57,HB,57,57,281,Semiconductor Device Problem,1970,1970,3249,0.08648815020006156,91.35118497999383,4.9298245614035086,True,/HB/will57,https://sparse.tamu.edu/MM/HB/will57.tar.gz
278,young1c,HB,841,841,4089,Acoustics Problem,1984,1984,707281,0.005781294846037148,99.42187051539628,4.862068965517241,True,/HB/young1c,https://sparse.tamu.edu/MM/HB/young1c.tar.gz
279,young2c,HB,841,841,4089,Duplicate Acoustics Problem,1984,1984,707281,0.005781294846037148,99.42187051539628,4.862068965517241,True,/HB/young2c,https://sparse.tamu.edu/MM/HB/young2c.tar.gz
280,young3c,HB,841,841,3988,Acoustics Problem,1984,1984,707281,0.005638494459769172,99.43615055402309,4.741973840665874,True,/HB/young3c,https://sparse.tamu.edu/MM/HB/young3c.tar.gz
281,young4c,HB,841,841,4089,Acoustics Problem,1984,1984,707281,0.005781294846037148,99.42187051539628,4.862068965517241,True,/HB/young4c,https://sparse.tamu.edu/MM/HB/young4c.tar.gz
282,zenios,HB,2873,2873,1314,Optimization Problem,1985,1985,8254129,0.00015919305356143574,99.98408069464385,0.45736164288200487,True,/HB/zenios,https://sparse.tamu.edu/MM/HB/zenios.tar.gz
283,onetone1,ATandT,36057,36057,335552,Frequency Domain Circuit Simulation Problem,2001,2001,1300107249,0.00025809563038595135,99.97419043696141,9.306154144826248,True,/ATandT/onetone1,https://sparse.tamu.edu/MM/ATandT/onetone1.tar.gz
284,onetone2,ATandT,36057,36057,222596,Frequency Domain Circuit Simulation Problem,2001,2001,1300107249,0.00017121356732009113,99.982878643268,6.173447596860527,True,/ATandT/onetone2,https://sparse.tamu.edu/MM/ATandT/onetone2.tar.gz
285,pre2,ATandT,659033,659033,5834044,Frequency Domain Circuit Simulation Problem,2001,2001,434324495089,1.3432454457362602e-05,99.99865675455426,8.852430758399048,True,/ATandT/pre2,https://sparse.tamu.edu/MM/ATandT/pre2.tar.gz
286,twotone,ATandT,120750,120750,1206265,Frequency Domain Circuit Simulation Problem,2001,2001,14580562500,8.273103318201886e-05,99.9917268966818,9.989772256728779,True,/ATandT/twotone,https://sparse.tamu.edu/MM/ATandT/twotone.tar.gz
287,epb0,Averous,1794,1794,7764,Thermal Problem,1998,1998,3218436,0.0024123518379734754,99.75876481620264,4.327759197324415,True,/Averous/epb0,https://sparse.tamu.edu/MM/Averous/epb0.tar.gz
288,epb1,Averous,14734,14734,95053,Thermal Problem,1998,1998,217090756,0.0004378491362386706,99.95621508637613,6.451269173340573,True,/Averous/epb1,https://sparse.tamu.edu/MM/Averous/epb1.tar.gz
289,epb2,Averous,25228,25228,175027,Thermal Problem,1998,1998,636451984,0.0002750042491815062,99.97249957508186,6.937807198351038,True,/Averous/epb2,https://sparse.tamu.edu/MM/Averous/epb2.tar.gz
290,epb3,Averous,84617,84617,463625,Thermal Problem,1998,1998,7160036689,6.475176317354203e-05,99.99352482368265,5.479099944455606,True,/Averous/epb3,https://sparse.tamu.edu/MM/Averous/epb3.tar.gz
291,af23560,Bai,23560,23560,460598,Computational Fluid Dynamics Problem,1991,1991,555073600,0.0008297962648556876,99.91702037351443,19.55,True,/Bai/af23560,https://sparse.tamu.edu/MM/Bai/af23560.tar.gz
292,bfwa398,Bai,398,398,3678,Electromagnetics Problem,1994,1994,158404,0.02321911062851948,97.67808893714806,9.241206030150753,True,/Bai/bfwa398,https://sparse.tamu.edu/MM/Bai/bfwa398.tar.gz
293,bfwa62,Bai,62,62,450,Electromagnetics Problem,1994,1994,3844,0.11706555671175858,88.29344432882415,7.258064516129032,True,/Bai/bfwa62,https://sparse.tamu.edu/MM/Bai/bfwa62.tar.gz
294,bfwa782,Bai,782,782,7514,Electromagnetics Problem,1994,1994,611524,0.012287334593572778,98.77126654064273,9.608695652173912,True,/Bai/bfwa782,https://sparse.tamu.edu/MM/Bai/bfwa782.tar.gz
295,bfwb398,Bai,398,398,2910,Electromagnetics Problem,1994,1994,158404,0.018370748213428954,98.1629251786571,7.311557788944723,True,/Bai/bfwb398,https://sparse.tamu.edu/MM/Bai/bfwb398.tar.gz
296,bfwb62,Bai,62,62,342,Electromagnetics Problem,1994,1994,3844,0.08896982310093653,91.10301768990635,5.516129032258065,True,/Bai/bfwb62,https://sparse.tamu.edu/MM/Bai/bfwb62.tar.gz
297,bfwb782,Bai,782,782,5982,Electromagnetics Problem,1994,1994,611524,0.009782118118013357,99.02178818819867,7.649616368286445,True,/Bai/bfwb782,https://sparse.tamu.edu/MM/Bai/bfwb782.tar.gz
298,bwm200,Bai,200,200,796,Chemical Process Simulation Problem,1992,1992,40000,0.0199,98.00999999999999,3.98,True,/Bai/bwm200,https://sparse.tamu.edu/MM/Bai/bwm200.tar.gz
299,bwm2000,Bai,2000,2000,7996,Chemical Process Simulation Problem,1992,1992,4000000,0.001999,99.8001,3.998,True,/Bai/bwm2000,https://sparse.tamu.edu/MM/Bai/bwm2000.tar.gz
300,cdde1,Bai,961,961,4681,Computational Fluid Dynamics Problem Sequence,1992,1992,923521,0.0050686448927528445,99.49313551072471,4.870967741935484,True,/Bai/cdde1,https://sparse.tamu.edu/MM/Bai/cdde1.tar.gz
301,cdde2,Bai,961,961,4681,Subsequent Computational Fluid Dynamics Problem,1992,1992,923521,0.0050686448927528445,99.49313551072471,4.870967741935484,True,/Bai/cdde2,https://sparse.tamu.edu/MM/Bai/cdde2.tar.gz
302,cdde3,Bai,961,961,4681,Subsequent Computational Fluid Dynamics Problem,1992,1992,923521,0.0050686448927528445,99.49313551072471,4.870967741935484,True,/Bai/cdde3,https://sparse.tamu.edu/MM/Bai/cdde3.tar.gz
303,cdde4,Bai,961,961,4681,Subsequent Computational Fluid Dynamics Problem,1992,1992,923521,0.0050686448927528445,99.49313551072471,4.870967741935484,True,/Bai/cdde4,https://sparse.tamu.edu/MM/Bai/cdde4.tar.gz
304,cdde5,Bai,961,961,4681,Subsequent Computational Fluid Dynamics Problem,1992,1992,923521,0.0050686448927528445,99.49313551072471,4.870967741935484,True,/Bai/cdde5,https://sparse.tamu.edu/MM/Bai/cdde5.tar.gz
305,cdde6,Bai,961,961,4681,Subsequent Computational Fluid Dynamics Problem,1992,1992,923521,0.0050686448927528445,99.49313551072471,4.870967741935484,True,/Bai/cdde6,https://sparse.tamu.edu/MM/Bai/cdde6.tar.gz
306,ck104,Bai,104,104,992,2D/3D Problem,1986,1986,10816,0.09171597633136094,90.8284023668639,9.538461538461538,True,/Bai/ck104,https://sparse.tamu.edu/MM/Bai/ck104.tar.gz
307,ck400,Bai,400,400,2860,2D/3D Problem,1986,1986,160000,0.017875,98.2125,7.15,True,/Bai/ck400,https://sparse.tamu.edu/MM/Bai/ck400.tar.gz
308,ck656,Bai,656,656,3884,2D/3D Problem,1986,1986,430336,0.009025505651397977,99.09744943486021,5.920731707317073,True,/Bai/ck656,https://sparse.tamu.edu/MM/Bai/ck656.tar.gz
309,dw1024,Bai,2048,2048,10114,Electromagnetics Problem,1993,1993,4194304,0.002411365509033203,99.75886344909668,4.9384765625,True,/Bai/dw1024,https://sparse.tamu.edu/MM/Bai/dw1024.tar.gz
310,dw256A,Bai,512,512,2480,Electromagnetics Problem,1993,1993,262144,0.00946044921875,99.053955078125,4.84375,True,/Bai/dw256A,https://sparse.tamu.edu/MM/Bai/dw256A.tar.gz
311,dw256B,Bai,512,512,2500,Electromagnetics Problem,1993,1993,262144,0.0095367431640625,99.04632568359375,4.8828125,True,/Bai/dw256B,https://sparse.tamu.edu/MM/Bai/dw256B.tar.gz
312,dw4096,Bai,8192,8192,41746,Electromagnetics Problem,1993,1993,67108864,0.0006220638751983643,99.93779361248016,5.095947265625,True,/Bai/dw4096,https://sparse.tamu.edu/MM/Bai/dw4096.tar.gz
313,lop163,Bai,163,163,935,Statistical/Mathematical Problem,1978,1978,26569,0.03519138846023561,96.48086115397643,5.736196319018405,True,/Bai/lop163,https://sparse.tamu.edu/MM/Bai/lop163.tar.gz
314,mhda416,Bai,416,416,8562,Electromagnetics Problem,1994,1994,173056,0.049475314349112426,95.05246856508876,20.58173076923077,True,/Bai/mhda416,https://sparse.tamu.edu/MM/Bai/mhda416.tar.gz
315,mhdb416,Bai,416,416,2312,Electromagnetics Problem,1994,1994,173056,0.01335983727810651,98.66401627218934,5.5576923076923075,True,/Bai/mhdb416,https://sparse.tamu.edu/MM/Bai/mhdb416.tar.gz
316,odepa400,Bai,400,400,1201,2D/3D Problem,1978,1978,160000,0.00750625,99.249375,3.0025,True,/Bai/odepa400,https://sparse.tamu.edu/MM/Bai/odepa400.tar.gz
317,odepb400,Bai,400,400,399,2D/3D Problem,1978,1978,160000,0.00249375,99.750625,0.9975,True,/Bai/odepb400,https://sparse.tamu.edu/MM/Bai/odepb400.tar.gz
318,olm100,Bai,100,100,396,Computational Fluid Dynamics Problem,1994,1994,10000,0.0396,96.04,3.96,True,/Bai/olm100,https://sparse.tamu.edu/MM/Bai/olm100.tar.gz
319,olm1000,Bai,1000,1000,3996,Computational Fluid Dynamics Problem,1994,1994,1000000,0.003996,99.6004,3.996,True,/Bai/olm1000,https://sparse.tamu.edu/MM/Bai/olm1000.tar.gz
320,olm2000,Bai,2000,2000,7996,Computational Fluid Dynamics Problem,1994,1994,4000000,0.001999,99.8001,3.998,True,/Bai/olm2000,https://sparse.tamu.edu/MM/Bai/olm2000.tar.gz
321,olm500,Bai,500,500,1996,Computational Fluid Dynamics Problem,1994,1994,250000,0.007984,99.2016,3.992,True,/Bai/olm500,https://sparse.tamu.edu/MM/Bai/olm500.tar.gz
322,olm5000,Bai,5000,5000,19996,Computational Fluid Dynamics Problem,1994,1994,25000000,0.00079984,99.920016,3.9992,True,/Bai/olm5000,https://sparse.tamu.edu/MM/Bai/olm5000.tar.gz
323,pde225,Bai,225,225,1065,2D/3D Problem,1982,1982,50625,0.021037037037037038,97.8962962962963,4.733333333333333,True,/Bai/pde225,https://sparse.tamu.edu/MM/Bai/pde225.tar.gz
324,pde2961,Bai,2961,2961,14585,2D/3D Problem,1982,1982,8767521,0.001663526098198111,99.83364739018019,4.925700776764606,True,/Bai/pde2961,https://sparse.tamu.edu/MM/Bai/pde2961.tar.gz
325,pde900,Bai,900,900,4380,2D/3D Problem,1982,1982,810000,0.005407407407407408,99.45925925925926,4.866666666666666,True,/Bai/pde900,https://sparse.tamu.edu/MM/Bai/pde900.tar.gz
326,qc2534,Bai,2534,2534,463360,Electromagnetics Problem,1991,1991,6421156,0.07216146126959071,92.78385387304094,182.85714285714286,True,/Bai/qc2534,https://sparse.tamu.edu/MM/Bai/qc2534.tar.gz
327,qc324,Bai,324,324,26730,Electromagnetics Problem,1991,1991,104976,0.25462962962962965,74.53703703703704,82.5,True,/Bai/qc324,https://sparse.tamu.edu/MM/Bai/qc324.tar.gz
328,qh882,Bai,882,882,3354,Power Network Problem,1994,1994,777924,0.004311475156956206,99.56885248430439,3.802721088435374,True,/Bai/qh882,https://sparse.tamu.edu/MM/Bai/qh882.tar.gz
329,rbsa480,Bai,480,480,17088,Robotics Problem,1993,1993,230400,0.07416666666666667,92.58333333333333,35.6,True,/Bai/rbsa480,https://sparse.tamu.edu/MM/Bai/rbsa480.tar.gz
330,rbsb480,Bai,480,480,17088,Robotics Problem,1993,1993,230400,0.07416666666666667,92.58333333333333,35.6,True,/Bai/rbsb480,https://sparse.tamu.edu/MM/Bai/rbsb480.tar.gz
331,rdb2048,Bai,2048,2048,12032,Computational Fluid Dynamics Problem,1994,1994,4194304,0.00286865234375,99.713134765625,5.875,True,/Bai/rdb2048,https://sparse.tamu.edu/MM/Bai/rdb2048.tar.gz
332,rdb5000,Bai,5000,5000,29600,Computational Fluid Dynamics Problem,1994,1994,25000000,0.001184,99.8816,5.92,True,/Bai/rdb5000,https://sparse.tamu.edu/MM/Bai/rdb5000.tar.gz
333,rdb968,Bai,968,968,5632,Computational Fluid Dynamics Problem,1994,1994,937024,0.006010518407212622,99.39894815927873,5.818181818181818,True,/Bai/rdb968,https://sparse.tamu.edu/MM/Bai/rdb968.tar.gz
334,rw136,Bai,136,136,479,Statistical/Mathematical Problem,1978,1978,18496,0.02589749134948097,97.4102508650519,3.5220588235294117,True,/Bai/rw136,https://sparse.tamu.edu/MM/Bai/rw136.tar.gz
335,rw496,Bai,496,496,1859,Statistical/Mathematical Problem,1978,1978,246016,0.007556419094693028,99.2443580905307,3.747983870967742,True,/Bai/rw496,https://sparse.tamu.edu/MM/Bai/rw496.tar.gz
336,rw5151,Bai,5151,5151,20199,Statistical/Mathematical Problem,1978,1978,26532801,0.0007612841177228141,99.92387158822773,3.9213744903902157,True,/Bai/rw5151,https://sparse.tamu.edu/MM/Bai/rw5151.tar.gz
337,tub100,Bai,100,100,396,Computational Fluid Dynamics Problem,1994,1994,10000,0.0396,96.04,3.96,True,/Bai/tub100,https://sparse.tamu.edu/MM/Bai/tub100.tar.gz
338,tub1000,Bai,1000,1000,3996,Computational Fluid Dynamics Problem,1994,1994,1000000,0.003996,99.6004,3.996,True,/Bai/tub1000,https://sparse.tamu.edu/MM/Bai/tub1000.tar.gz
339,bcsstk34,Boeing,588,588,21418,Structural Problem,1995,1995,345744,0.06194756814290342,93.80524318570966,36.425170068027214,True,/Boeing/bcsstk34,https://sparse.tamu.edu/MM/Boeing/bcsstk34.tar.gz
340,bcsstk35,Boeing,30237,30237,1450163,Structural Problem,1995,1995,914276169,0.0015861323407194703,99.84138676592805,47.95988358633463,True,/Boeing/bcsstk35,https://sparse.tamu.edu/MM/Boeing/bcsstk35.tar.gz
341,bcsstk36,Boeing,23052,23052,1143140,Structural Problem,1995,1995,531394704,0.0021512069868125745,99.78487930131874,49.58962346000347,True,/Boeing/bcsstk36,https://sparse.tamu.edu/MM/Boeing/bcsstk36.tar.gz
342,bcsstk37,Boeing,25503,25503,1140977,Structural Problem,1995,1995,650403009,0.0017542615643095832,99.82457384356904,44.7389326745873,True,/Boeing/bcsstk37,https://sparse.tamu.edu/MM/Boeing/bcsstk37.tar.gz
343,bcsstk38,Boeing,8032,8032,355460,Structural Problem,1995,1995,64513024,0.005509895180235235,99.44901048197647,44.2554780876494,True,/Boeing/bcsstk38,https://sparse.tamu.edu/MM/Boeing/bcsstk38.tar.gz
344,bcsstm34,Boeing,588,588,24270,Structural Problem,1995,1995,345744,0.0701964459253089,92.9803554074691,41.275510204081634,True,/Boeing/bcsstm34,https://sparse.tamu.edu/MM/Boeing/bcsstm34.tar.gz
345,bcsstm35,Boeing,30237,30237,20619,Structural Problem,1995,1995,914276169,2.255226669918813e-05,99.99774477333008,0.6819128881833515,True,/Boeing/bcsstm35,https://sparse.tamu.edu/MM/Boeing/bcsstm35.tar.gz
346,bcsstm36,Boeing,23052,23052,320606,Structural Problem,1995,1995,531394704,0.0006033293098081007,99.9396670690192,13.907947249696338,True,/Boeing/bcsstm36,https://sparse.tamu.edu/MM/Boeing/bcsstm36.tar.gz
347,bcsstm37,Boeing,25503,25503,15525,Structural Problem,1995,1995,650403009,2.3869815768333877e-05,99.99761301842317,0.6087519115398189,True,/Boeing/bcsstm37,https://sparse.tamu.edu/MM/Boeing/bcsstm37.tar.gz
348,bcsstm38,Boeing,8032,8032,10485,Structural Problem,1995,1995,64513024,0.00016252532201869812,99.98374746779814,1.3054033864541832,True,/Boeing/bcsstm38,https://sparse.tamu.edu/MM/Boeing/bcsstm38.tar.gz
349,bcsstm39,Boeing,46772,46772,46772,Structural Problem,1995,1995,2187619984,2.1380313007782435e-05,99.99786196869923,1.0,True,/Boeing/bcsstm39,https://sparse.tamu.edu/MM/Boeing/bcsstm39.tar.gz
350,crystk01,Boeing,4875,4875,315891,Materials Problem,1995,1995,23765625,0.01329192899408284,98.67080710059172,64.79815384615385,True,/Boeing/crystk01,https://sparse.tamu.edu/MM/Boeing/crystk01.tar.gz
351,crystk02,Boeing,13965,13965,968583,Materials Problem,1995,1995,195021225,0.004966551717639964,99.50334482823601,69.3578947368421,True,/Boeing/crystk02,https://sparse.tamu.edu/MM/Boeing/crystk02.tar.gz
352,crystk03,Boeing,24696,24696,1751178,Materials Problem,1995,1995,609892416,0.0028712900079741277,99.71287099920258,70.90937803692906,True,/Boeing/crystk03,https://sparse.tamu.edu/MM/Boeing/crystk03.tar.gz
353,crystm01,Boeing,4875,4875,105339,Materials Problem,1995,1995,23765625,0.004432410256410256,99.55675897435897,21.608,True,/Boeing/crystm01,https://sparse.tamu.edu/MM/Boeing/crystm01.tar.gz
354,crystm02,Boeing,13965,13965,322905,Materials Problem,1995,1995,195021225,0.0016557428556814777,99.83442571443184,23.122448979591837,True,/Boeing/crystm02,https://sparse.tamu.edu/MM/Boeing/crystm02.tar.gz
355,crystm03,Boeing,24696,24696,583770,Materials Problem,1995,1995,609892416,0.0009571688131960638,99.9042831186804,23.638241010689992,True,/Boeing/crystm03,https://sparse.tamu.edu/MM/Boeing/crystm03.tar.gz
356,ct20stif,Boeing,52329,52329,2600295,Structural Problem,1995,1995,2738324241,0.0009495935364653553,99.90504064635346,49.69128016969558,True,/Boeing/ct20stif,https://sparse.tamu.edu/MM/Boeing/ct20stif.tar.gz
357,msc00726,Boeing,726,726,34518,Structural Problem,1995,1995,527076,0.06548960681192086,93.45103931880791,47.54545454545455,True,/Boeing/msc00726,https://sparse.tamu.edu/MM/Boeing/msc00726.tar.gz
358,msc01050,Boeing,1050,1050,26198,Structural Problem,1995,1995,1102500,0.02376235827664399,97.6237641723356,24.95047619047619,True,/Boeing/msc01050,https://sparse.tamu.edu/MM/Boeing/msc01050.tar.gz
359,msc01440,Boeing,1440,1440,44998,Structural Problem,1995,1995,2073600,0.02170042438271605,97.82995756172839,31.24861111111111,True,/Boeing/msc01440,https://sparse.tamu.edu/MM/Boeing/msc01440.tar.gz
360,msc04515,Boeing,4515,4515,97707,Structural Problem,1995,1995,20385225,0.00479303024617094,99.5206969753829,21.640531561461795,True,/Boeing/msc04515,https://sparse.tamu.edu/MM/Boeing/msc04515.tar.gz
361,msc10848,Boeing,10848,10848,1229776,Structural Problem,1995,1995,117679104,0.010450249519234952,98.9549750480765,113.36430678466077,True,/Boeing/msc10848,https://sparse.tamu.edu/MM/Boeing/msc10848.tar.gz
362,msc23052,Boeing,23052,23052,1142686,Structural Problem,1995,1995,531394704,0.0021503526312900553,99.78496473687099,49.56992885649835,True,/Boeing/msc23052,https://sparse.tamu.edu/MM/Boeing/msc23052.tar.gz
363,nasa1824,Boeing,1824,1824,39208,Duplicate Structural Problem,1995,1995,3326976,0.011784876115727917,98.82151238842721,21.49561403508772,True,/Boeing/nasa1824,https://sparse.tamu.edu/MM/Boeing/nasa1824.tar.gz
364,nasa2910,Boeing,2910,2910,174296,Duplicate Structural Problem,1995,1995,8468100,0.0205826572666832,97.94173427333168,59.89553264604811,True,/Boeing/nasa2910,https://sparse.tamu.edu/MM/Boeing/nasa2910.tar.gz
365,nasa4704,Boeing,4704,4704,104756,Duplicate Structural Problem,1995,1995,22127616,0.004734174707297885,99.52658252927021,22.26955782312925,True,/Boeing/nasa4704,https://sparse.tamu.edu/MM/Boeing/nasa4704.tar.gz
366,pcrystk02,Boeing,13965,13965,968583,Duplicate Materials Problem,1995,1995,195021225,0.004966551717639964,99.50334482823601,69.3578947368421,True,/Boeing/pcrystk02,https://sparse.tamu.edu/MM/Boeing/pcrystk02.tar.gz
367,pcrystk03,Boeing,24696,24696,1751178,Duplicate Materials Problem,1995,1995,609892416,0.0028712900079741277,99.71287099920258,70.90937803692906,True,/Boeing/pcrystk03,https://sparse.tamu.edu/MM/Boeing/pcrystk03.tar.gz
368,pct20stif,Boeing,52329,52329,2698463,Structural Problem,1995,1995,2738324241,0.0009854431990181545,99.90145568009818,51.56725716142101,True,/Boeing/pct20stif,https://sparse.tamu.edu/MM/Boeing/pct20stif.tar.gz
369,pwtk,Boeing,217918,217918,11524432,Structural Problem,1995,1995,47488254724,0.0002426796281939519,99.9757320371806,52.884259216769614,True,/Boeing/pwtk,https://sparse.tamu.edu/MM/Boeing/pwtk.tar.gz
370,circuit_1,Bomhof,2624,2624,35823,Circuit Simulation Problem,2000,2000,6885376,0.005202765978212374,99.47972340217876,13.652057926829269,True,/Bomhof/circuit_1,https://sparse.tamu.edu/MM/Bomhof/circuit_1.tar.gz
371,circuit_2,Bomhof,4510,4510,21199,Circuit Simulation Problem,2000,2000,20340100,0.0010422269310377038,99.89577730689622,4.700443458980044,True,/Bomhof/circuit_2,https://sparse.tamu.edu/MM/Bomhof/circuit_2.tar.gz
372,circuit_3,Bomhof,12127,12127,48137,Circuit Simulation Problem,2000,2000,147064129,0.00032731979121842825,99.96726802087815,3.9694071081058793,True,/Bomhof/circuit_3,https://sparse.tamu.edu/MM/Bomhof/circuit_3.tar.gz
373,circuit_4,Bomhof,80209,80209,307604,Circuit Simulation Problem,2000,2000,6433483681,4.7812975870047906e-05,99.99521870241298,3.835030981560673,True,/Bomhof/circuit_4,https://sparse.tamu.edu/MM/Bomhof/circuit_4.tar.gz
374,rma10,Bova,46835,46835,2329092,Computational Fluid Dynamics Problem,1997,1997,2193517225,0.0010618070254725261,99.89381929745275,49.729732038005764,True,/Bova/rma10,https://sparse.tamu.edu/MM/Bova/rma10.tar.gz
375,coater1,Brethour,1348,1348,19457,Computational Fluid Dynamics Problem,1997,1997,1817104,0.010707697523091688,98.92923024769084,14.433976261127597,True,/Brethour/coater1,https://sparse.tamu.edu/MM/Brethour/coater1.tar.gz
376,coater2,Brethour,9540,9540,207308,Computational Fluid Dynamics Problem,1997,1997,91011600,0.002277819530697186,99.77221804693028,21.730398322851155,True,/Brethour/coater2,https://sparse.tamu.edu/MM/Brethour/coater2.tar.gz
377,thermal,Brunetiere,3456,3456,66528,Thermal Problem,2000,2000,11943936,0.005570023148148148,99.44299768518519,19.25,True,/Brunetiere/thermal,https://sparse.tamu.edu/MM/Brunetiere/thermal.tar.gz
378,mplate,Cote,5962,5962,142190,Acoustics Problem,1997,1997,35545444,0.004000231365797541,99.59997686342025,23.84937940288494,True,/Cote/mplate,https://sparse.tamu.edu/MM/Cote/mplate.tar.gz
379,vibrobox,Cote,12328,12328,301700,Acoustics Problem,1997,1997,151979584,0.001985135056034895,99.80148649439651,24.472744970798182,True,/Cote/vibrobox,https://sparse.tamu.edu/MM/Cote/vibrobox.tar.gz
380,cavity01,DRIVCAV,317,317,7280,Computational Fluid Dynamics Problem Sequence,1996,1996,100489,0.07244574032978734,92.75542596702127,22.965299684542586,True,/DRIVCAV/cavity01,https://sparse.tamu.edu/MM/DRIVCAV/cavity01.tar.gz
381,cavity02,DRIVCAV,317,317,5923,Subsequent Computational Fluid Dynamics Problem,1996,1996,100489,0.05894177472161132,94.10582252783887,18.684542586750787,True,/DRIVCAV/cavity02,https://sparse.tamu.edu/MM/DRIVCAV/cavity02.tar.gz
382,cavity03,DRIVCAV,317,317,7311,Subsequent Computational Fluid Dynamics Problem,1996,1996,100489,0.07275423180646638,92.72457681935336,23.063091482649842,True,/DRIVCAV/cavity03,https://sparse.tamu.edu/MM/DRIVCAV/cavity03.tar.gz
383,cavity04,DRIVCAV,317,317,5923,Subsequent Computational Fluid Dynamics Problem,1996,1996,100489,0.05894177472161132,94.10582252783887,18.684542586750787,True,/DRIVCAV/cavity04,https://sparse.tamu.edu/MM/DRIVCAV/cavity04.tar.gz
384,cavity05,DRIVCAV,1182,1182,32632,Computational Fluid Dynamics Problem Sequence,1996,1996,1397124,0.02335655246062626,97.66434475393737,27.607445008460235,True,/DRIVCAV/cavity05,https://sparse.tamu.edu/MM/DRIVCAV/cavity05.tar.gz
385,cavity06,DRIVCAV,1182,1182,29675,Subsequent Computational Fluid Dynamics Problem,1996,1996,1397124,0.021240061726804493,97.87599382731955,25.10575296108291,True,/DRIVCAV/cavity06,https://sparse.tamu.edu/MM/DRIVCAV/cavity06.tar.gz
386,cavity07,DRIVCAV,1182,1182,32702,Subsequent Computational Fluid Dynamics Problem,1996,1996,1397124,0.023406655386350818,97.65933446136492,27.666666666666668,True,/DRIVCAV/cavity07,https://sparse.tamu.edu/MM/DRIVCAV/cavity07.tar.gz
387,cavity08,DRIVCAV,1182,1182,29675,Subsequent Computational Fluid Dynamics Problem,1996,1996,1397124,0.021240061726804493,97.87599382731955,25.10575296108291,True,/DRIVCAV/cavity08,https://sparse.tamu.edu/MM/DRIVCAV/cavity08.tar.gz
388,cavity09,DRIVCAV,1182,1182,32702,Subsequent Computational Fluid Dynamics Problem,1996,1996,1397124,0.023406655386350818,97.65933446136492,27.666666666666668,True,/DRIVCAV/cavity09,https://sparse.tamu.edu/MM/DRIVCAV/cavity09.tar.gz
389,cavity10,DRIVCAV,2597,2597,76171,Computational Fluid Dynamics Problem Sequence,1996,1996,6744409,0.011293947327334389,98.87060526726657,29.33038120908741,True,/DRIVCAV/cavity10,https://sparse.tamu.edu/MM/DRIVCAV/cavity10.tar.gz
390,cavity11,DRIVCAV,2597,2597,71601,Subsequent Computational Fluid Dynamics Problem,1996,1996,6744409,0.010616349038144039,98.93836509618559,27.57065845206007,True,/DRIVCAV/cavity11,https://sparse.tamu.edu/MM/DRIVCAV/cavity11.tar.gz
391,cavity12,DRIVCAV,2597,2597,76258,Subsequent Computational Fluid Dynamics Problem,1996,1996,6744409,0.01130684690089228,98.86931530991077,29.36388140161725,True,/DRIVCAV/cavity12,https://sparse.tamu.edu/MM/DRIVCAV/cavity12.tar.gz
392,cavity13,DRIVCAV,2597,2597,71601,Subsequent Computational Fluid Dynamics Problem,1996,1996,6744409,0.010616349038144039,98.93836509618559,27.57065845206007,True,/DRIVCAV/cavity13,https://sparse.tamu.edu/MM/DRIVCAV/cavity13.tar.gz
393,cavity14,DRIVCAV,2597,2597,76258,Subsequent Computational Fluid Dynamics Problem,1996,1996,6744409,0.01130684690089228,98.86931530991077,29.36388140161725,True,/DRIVCAV/cavity14,https://sparse.tamu.edu/MM/DRIVCAV/cavity14.tar.gz
394,cavity15,DRIVCAV,2597,2597,71601,Subsequent Computational Fluid Dynamics Problem,1996,1996,6744409,0.010616349038144039,98.93836509618559,27.57065845206007,True,/DRIVCAV/cavity15,https://sparse.tamu.edu/MM/DRIVCAV/cavity15.tar.gz
395,cavity16,DRIVCAV,4562,4562,137887,Computational Fluid Dynamics Problem Sequence,1996,1996,20811844,0.006625410030941996,99.33745899690581,30.225120561157386,True,/DRIVCAV/cavity16,https://sparse.tamu.edu/MM/DRIVCAV/cavity16.tar.gz
396,cavity17,DRIVCAV,4562,4562,131735,Subsequent Computational Fluid Dynamics Problem,1996,1996,20811844,0.00632980912215179,99.36701908778483,28.876589215256466,True,/DRIVCAV/cavity17,https://sparse.tamu.edu/MM/DRIVCAV/cavity17.tar.gz
397,cavity18,DRIVCAV,4562,4562,138040,Subsequent Computational Fluid Dynamics Problem,1996,1996,20811844,0.006632761614011714,99.33672383859883,30.258658483121437,True,/DRIVCAV/cavity18,https://sparse.tamu.edu/MM/DRIVCAV/cavity18.tar.gz
398,cavity19,DRIVCAV,4562,4562,131735,Subsequent Computational Fluid Dynamics Problem,1996,1996,20811844,0.00632980912215179,99.36701908778483,28.876589215256466,True,/DRIVCAV/cavity19,https://sparse.tamu.edu/MM/DRIVCAV/cavity19.tar.gz
399,cavity20,DRIVCAV,4562,4562,138040,Subsequent Computational Fluid Dynamics Problem,1996,1996,20811844,0.006632761614011714,99.33672383859883,30.258658483121437,True,/DRIVCAV/cavity20,https://sparse.tamu.edu/MM/DRIVCAV/cavity20.tar.gz
400,cavity21,DRIVCAV,4562,4562,131735,Subsequent Computational Fluid Dynamics Problem,1996,1996,20811844,0.00632980912215179,99.36701908778483,28.876589215256466,True,/DRIVCAV/cavity21,https://sparse.tamu.edu/MM/DRIVCAV/cavity21.tar.gz
401,cavity22,DRIVCAV,4562,4562,138040,Subsequent Computational Fluid Dynamics Problem,1996,1996,20811844,0.006632761614011714,99.33672383859883,30.258658483121437,True,/DRIVCAV/cavity22,https://sparse.tamu.edu/MM/DRIVCAV/cavity22.tar.gz
402,cavity23,DRIVCAV,4562,4562,131735,Subsequent Computational Fluid Dynamics Problem,1996,1996,20811844,0.00632980912215179,99.36701908778483,28.876589215256466,True,/DRIVCAV/cavity23,https://sparse.tamu.edu/MM/DRIVCAV/cavity23.tar.gz
403,cavity24,DRIVCAV,4562,4562,138040,Subsequent Computational Fluid Dynamics Problem,1996,1996,20811844,0.006632761614011714,99.33672383859883,30.258658483121437,True,/DRIVCAV/cavity24,https://sparse.tamu.edu/MM/DRIVCAV/cavity24.tar.gz
404,cavity25,DRIVCAV,4562,4562,131735,Subsequent Computational Fluid Dynamics Problem,1996,1996,20811844,0.00632980912215179,99.36701908778483,28.876589215256466,True,/DRIVCAV/cavity25,https://sparse.tamu.edu/MM/DRIVCAV/cavity25.tar.gz
405,cavity26,DRIVCAV,4562,4562,138040,Subsequent Computational Fluid Dynamics Problem,1996,1996,20811844,0.006632761614011714,99.33672383859883,30.258658483121437,True,/DRIVCAV/cavity26,https://sparse.tamu.edu/MM/DRIVCAV/cavity26.tar.gz
406,ex1,FIDAP,216,216,4317,Computational Fluid Dynamics Problem,1994,1994,46656,0.09252829218106996,90.747170781893,19.98611111111111,True,/FIDAP/ex1,https://sparse.tamu.edu/MM/FIDAP/ex1.tar.gz
407,ex10,FIDAP,2410,2410,54840,Computational Fluid Dynamics Problem,1994,1994,5808100,0.009441986191697801,99.05580138083022,22.755186721991702,True,/FIDAP/ex10,https://sparse.tamu.edu/MM/FIDAP/ex10.tar.gz
408,ex10hs,FIDAP,2548,2548,57308,Computational Fluid Dynamics Problem,1994,1994,6492304,0.00882706663150709,99.11729333684929,22.491365777080063,True,/FIDAP/ex10hs,https://sparse.tamu.edu/MM/FIDAP/ex10hs.tar.gz
409,ex11,FIDAP,16614,16614,1096948,Computational Fluid Dynamics Problem,1994,1994,276024996,0.0039740893610953985,99.60259106389046,66.02552064523896,True,/FIDAP/ex11,https://sparse.tamu.edu/MM/FIDAP/ex11.tar.gz
410,ex12,FIDAP,3973,3973,79077,Computational Fluid Dynamics Problem,1994,1994,15784729,0.005009715402779484,99.49902845972206,19.903599295242888,True,/FIDAP/ex12,https://sparse.tamu.edu/MM/FIDAP/ex12.tar.gz
411,ex13,FIDAP,2568,2568,75628,Computational Fluid Dynamics Problem,1994,1994,6594624,0.011468129191292786,98.85318708087073,29.450155763239877,True,/FIDAP/ex13,https://sparse.tamu.edu/MM/FIDAP/ex13.tar.gz
412,ex14,FIDAP,3251,3251,65875,Computational Fluid Dynamics Problem,1994,1994,10569001,0.006232850200316946,99.37671497996831,20.26299600123039,True,/FIDAP/ex14,https://sparse.tamu.edu/MM/FIDAP/ex14.tar.gz
413,ex15,FIDAP,6867,6867,98671,Computational Fluid Dynamics Problem,1994,1994,47155689,0.002092451665800069,99.79075483342,14.368865589049076,True,/FIDAP/ex15,https://sparse.tamu.edu/MM/FIDAP/ex15.tar.gz
414,ex18,FIDAP,5773,5773,71701,Computational Fluid Dynamics Problem,1994,1994,33327529,0.0021514046240871925,99.78485953759129,12.42005889485536,True,/FIDAP/ex18,https://sparse.tamu.edu/MM/FIDAP/ex18.tar.gz
415,ex19,FIDAP,12005,12005,259577,Computational Fluid Dynamics Problem,1994,1994,144120025,0.0018011168121848439,99.81988831878151,21.62240733027905,True,/FIDAP/ex19,https://sparse.tamu.edu/MM/FIDAP/ex19.tar.gz
416,ex2,FIDAP,441,441,26839,Computational Fluid Dynamics Problem,1994,1994,194481,0.13800319825587076,86.19968017441293,60.859410430839006,True,/FIDAP/ex2,https://sparse.tamu.edu/MM/FIDAP/ex2.tar.gz
417,ex20,FIDAP,2203,2203,67830,Computational Fluid Dynamics Problem,1994,1994,4853209,0.013976319585659714,98.60236804143403,30.789832047208353,True,/FIDAP/ex20,https://sparse.tamu.edu/MM/FIDAP/ex20.tar.gz
418,ex21,FIDAP,656,656,18964,Computational Fluid Dynamics Problem,1994,1994,430336,0.044067891136228436,95.59321088637715,28.908536585365855,True,/FIDAP/ex21,https://sparse.tamu.edu/MM/FIDAP/ex21.tar.gz
419,ex22,FIDAP,839,839,22460,Computational Fluid Dynamics Problem,1994,1994,703921,0.031906989562749226,96.80930104372509,26.769964243146603,True,/FIDAP/ex22,https://sparse.tamu.edu/MM/FIDAP/ex22.tar.gz
420,ex23,FIDAP,1409,1409,42760,Computational Fluid Dynamics Problem,1994,1994,1985281,0.021538512684098624,97.84614873159013,30.34776437189496,True,/FIDAP/ex23,https://sparse.tamu.edu/MM/FIDAP/ex23.tar.gz
421,ex24,FIDAP,2283,2283,47901,Computational Fluid Dynamics Problem,1994,1994,5212089,0.009190364938127495,99.08096350618725,20.981603153745073,True,/FIDAP/ex24,https://sparse.tamu.edu/MM/FIDAP/ex24.tar.gz
422,ex25,FIDAP,848,848,24369,Computational Fluid Dynamics Problem,1994,1994,719104,0.03388800507297971,96.61119949270203,28.73702830188679,True,/FIDAP/ex25,https://sparse.tamu.edu/MM/FIDAP/ex25.tar.gz
423,ex26,FIDAP,2163,2163,74464,Computational Fluid Dynamics Problem,1994,1994,4678569,0.015915977727377753,98.40840222726223,34.42625982431807,True,/FIDAP/ex26,https://sparse.tamu.edu/MM/FIDAP/ex26.tar.gz
424,ex27,FIDAP,974,974,37652,Computational Fluid Dynamics Problem,1994,1994,948676,0.03968899814056643,96.03110018594336,38.6570841889117,True,/FIDAP/ex27,https://sparse.tamu.edu/MM/FIDAP/ex27.tar.gz
425,ex28,FIDAP,2603,2603,77031,Computational Fluid Dynamics Problem,1994,1994,6775609,0.011368867359376847,98.86311326406232,29.593161736457933,True,/FIDAP/ex28,https://sparse.tamu.edu/MM/FIDAP/ex28.tar.gz
426,ex29,FIDAP,2870,2870,23754,Computational Fluid Dynamics Problem,1994,1994,8236900,0.002883851934587041,99.71161480654129,8.27665505226481,True,/FIDAP/ex29,https://sparse.tamu.edu/MM/FIDAP/ex29.tar.gz
427,ex3,FIDAP,1821,1821,52685,Computational Fluid Dynamics Problem,1994,1994,3316041,0.015887921771775438,98.41120782282246,28.931905546403076,True,/FIDAP/ex3,https://sparse.tamu.edu/MM/FIDAP/ex3.tar.gz
428,ex31,FIDAP,3909,3909,91223,Computational Fluid Dynamics Problem,1994,1994,15280281,0.005969981834758144,99.40300181652418,23.336658992069584,True,/FIDAP/ex31,https://sparse.tamu.edu/MM/FIDAP/ex31.tar.gz
429,ex32,FIDAP,1159,1159,11047,Computational Fluid Dynamics Problem,1994,1994,1343281,0.008223893585928782,99.17761064140713,9.531492666091458,True,/FIDAP/ex32,https://sparse.tamu.edu/MM/FIDAP/ex32.tar.gz
430,ex33,FIDAP,1733,1733,22189,Computational Fluid Dynamics Problem,1994,1994,3003289,0.0073882333668188445,99.26117666331812,12.803808424697056,True,/FIDAP/ex33,https://sparse.tamu.edu/MM/FIDAP/ex33.tar.gz
431,ex35,FIDAP,19716,19716,227872,Computational Fluid Dynamics Problem,1994,1994,388720656,0.0005862101652761154,99.94137898347239,11.55771961858389,True,/FIDAP/ex35,https://sparse.tamu.edu/MM/FIDAP/ex35.tar.gz
432,ex36,FIDAP,3079,3079,53099,Computational Fluid Dynamics Problem,1994,1994,9480241,0.00560101794880531,99.43989820511948,17.24553426437155,True,/FIDAP/ex36,https://sparse.tamu.edu/MM/FIDAP/ex36.tar.gz
433,ex37,FIDAP,3565,3565,67591,Computational Fluid Dynamics Problem,1994,1994,12709225,0.005318262915323319,99.46817370846766,18.95960729312763,True,/FIDAP/ex37,https://sparse.tamu.edu/MM/FIDAP/ex37.tar.gz
434,ex4,FIDAP,1601,1601,31849,Computational Fluid Dynamics Problem,1994,1994,2563201,0.012425478922643991,98.7574521077356,19.89319175515303,True,/FIDAP/ex4,https://sparse.tamu.edu/MM/FIDAP/ex4.tar.gz
435,ex40,FIDAP,7740,7740,456188,Computational Fluid Dynamics Problem,1994,1994,59907600,0.00761486021806916,99.23851397819308,58.939018087855295,True,/FIDAP/ex40,https://sparse.tamu.edu/MM/FIDAP/ex40.tar.gz
436,ex5,FIDAP,27,27,279,Computational Fluid Dynamics Problem,1994,1994,729,0.38271604938271603,61.728395061728406,10.333333333333334,True,/FIDAP/ex5,https://sparse.tamu.edu/MM/FIDAP/ex5.tar.gz
437,ex6,FIDAP,1651,1651,49062,Computational Fluid Dynamics Problem,1994,1994,2725801,0.017999112921302764,98.20008870786972,29.716535433070867,True,/FIDAP/ex6,https://sparse.tamu.edu/MM/FIDAP/ex6.tar.gz
438,ex7,FIDAP,1633,1633,46626,Computational Fluid Dynamics Problem,1994,1994,2666689,0.01748460356644513,98.25153964335549,28.552357624004898,True,/FIDAP/ex7,https://sparse.tamu.edu/MM/FIDAP/ex7.tar.gz
439,ex8,FIDAP,3096,3096,90841,Computational Fluid Dynamics Problem,1994,1994,9585216,0.009477199053208608,99.05228009467913,29.34140826873385,True,/FIDAP/ex8,https://sparse.tamu.edu/MM/FIDAP/ex8.tar.gz
440,ex9,FIDAP,3363,3363,99471,Computational Fluid Dynamics Problem,1994,1994,11309769,0.008795139847683892,99.1204860152316,29.578055307760927,True,/FIDAP/ex9,https://sparse.tamu.edu/MM/FIDAP/ex9.tar.gz
441,big,Gaertner,13209,13209,91465,Directed Weighted Graph,2001,2001,174477681,0.00052422177711085,99.9475778222889,6.924445453857219,True,/Gaertner/big,https://sparse.tamu.edu/MM/Gaertner/big.tar.gz
442,nopoly,Gaertner,10774,10774,70842,Undirected Weighted Graph,2001,2001,116079076,0.0006102908675806483,99.93897091324193,6.575273807313904,True,/Gaertner/nopoly,https://sparse.tamu.edu/MM/Gaertner/nopoly.tar.gz
443,pesa,Gaertner,11738,11738,79566,Directed Weighted Graph,2001,2001,137780644,0.000577483147778,99.9422516852222,6.7784971886181635,True,/Gaertner/pesa,https://sparse.tamu.edu/MM/Gaertner/pesa.tar.gz
444,garon1,Garon,3175,3175,84723,Computational Fluid Dynamics Problem,1996,1996,10080625,0.008404538409076819,99.15954615909232,26.684409448818897,True,/Garon/garon1,https://sparse.tamu.edu/MM/Garon/garon1.tar.gz
445,garon2,Garon,13535,13535,373235,Computational Fluid Dynamics Problem,1996,1996,183196225,0.0020373509334048775,99.79626490665952,27.575544883635022,True,/Garon/garon2,https://sparse.tamu.edu/MM/Garon/garon2.tar.gz
446,goodwin,Goodwin,7320,7320,324772,Computational Fluid Dynamics Problem,1995,1995,53582400,0.006061169339186001,99.3938830660814,44.36775956284153,True,/Goodwin/goodwin,https://sparse.tamu.edu/MM/Goodwin/goodwin.tar.gz
447,rim,Goodwin,22560,22560,1014951,Computational Fluid Dynamics Problem,1995,1995,508953600,0.001994191611966199,99.80058083880337,44.988962765957446,True,/Goodwin/rim,https://sparse.tamu.edu/MM/Goodwin/rim.tar.gz
448,graham1,Graham,9035,9035,335472,Computational Fluid Dynamics Problem,1998,1998,81631225,0.004109603892383093,99.58903961076169,37.13027116768124,True,/Graham/graham1,https://sparse.tamu.edu/MM/Graham/graham1.tar.gz
449,b1_ss,Grund,7,7,15,Chemical Process Simulation Problem,1997,1997,49,0.30612244897959184,69.38775510204081,2.142857142857143,True,/Grund/b1_ss,https://sparse.tamu.edu/MM/Grund/b1_ss.tar.gz
450,b2_ss,Grund,1089,1089,3895,Chemical Process Simulation Problem,1997,1997,1185921,0.0032843671711690744,99.67156328288308,3.5766758494031223,True,/Grund/b2_ss,https://sparse.tamu.edu/MM/Grund/b2_ss.tar.gz
451,b_dyn,Grund,1089,1089,4144,Chemical Process Simulation Problem,1997,1997,1185921,0.0034943305667072258,99.65056694332928,3.805325987144169,True,/Grund/b_dyn,https://sparse.tamu.edu/MM/Grund/b_dyn.tar.gz
452,bayer01,Grund,57735,57735,275094,Chemical Process Simulation Problem,1997,1997,3333330225,8.252827695761826e-05,99.99174717230423,4.76477007014809,True,/Grund/bayer01,https://sparse.tamu.edu/MM/Grund/bayer01.tar.gz
453,bayer02,Grund,13935,13935,63307,Chemical Process Simulation Problem,1997,1997,194184225,0.00032601515390861434,99.96739848460913,4.543021169716541,True,/Grund/bayer02,https://sparse.tamu.edu/MM/Grund/bayer02.tar.gz
454,bayer03,Grund,6747,6747,29195,Chemical Process Simulation Problem,1997,1997,45522009,0.0006413381272342352,99.93586618727657,4.3271083444493845,True,/Grund/bayer03,https://sparse.tamu.edu/MM/Grund/bayer03.tar.gz
455,bayer04,Grund,20545,20545,85537,Chemical Process Simulation Problem,1997,1997,422097025,0.00020264772062773956,99.97973522793723,4.163397420296909,True,/Grund/bayer04,https://sparse.tamu.edu/MM/Grund/bayer04.tar.gz
456,bayer05,Grund,3268,3268,20712,Chemical Process Simulation Problem,1997,1997,10679824,0.0019393578021510466,99.8060642197849,6.33782129742962,True,/Grund/bayer05,https://sparse.tamu.edu/MM/Grund/bayer05.tar.gz
457,bayer06,Grund,3008,3008,20715,Chemical Process Simulation Problem,1997,1997,9048064,0.00228944003932775,99.77105599606723,6.886635638297872,True,/Grund/bayer06,https://sparse.tamu.edu/MM/Grund/bayer06.tar.gz
458,bayer07,Grund,3268,3268,20963,Chemical Process Simulation Problem,1997,1997,10679824,0.0019628600621133833,99.80371399378866,6.414626682986536,True,/Grund/bayer07,https://sparse.tamu.edu/MM/Grund/bayer07.tar.gz
459,bayer08,Grund,3008,3008,20698,Chemical Process Simulation Problem,1997,1997,9048064,0.0022875611843594388,99.77124388156405,6.880984042553192,True,/Grund/bayer08,https://sparse.tamu.edu/MM/Grund/bayer08.tar.gz
460,bayer09,Grund,3083,3083,11767,Chemical Process Simulation Problem,1997,1997,9504889,0.0012379944678996252,99.87620055321004,3.8167369445345445,True,/Grund/bayer09,https://sparse.tamu.edu/MM/Grund/bayer09.tar.gz
461,bayer10,Grund,13436,13436,71594,Chemical Process Simulation Problem,1997,1997,180526096,0.00039658532248988535,99.96034146775101,5.3285203929741,True,/Grund/bayer10,https://sparse.tamu.edu/MM/Grund/bayer10.tar.gz
462,d_dyn,Grund,87,87,230,Chemical Process Simulation Problem,1997,1997,7569,0.03038710529792575,96.96128947020742,2.6436781609195403,True,/Grund/d_dyn,https://sparse.tamu.edu/MM/Grund/d_dyn.tar.gz
463,d_dyn1,Grund,87,87,232,Chemical Process Simulation Problem,1997,1997,7569,0.03065134099616858,96.93486590038314,2.6666666666666665,True,/Grund/d_dyn1,https://sparse.tamu.edu/MM/Grund/d_dyn1.tar.gz
464,d_ss,Grund,53,53,144,Chemical Process Simulation Problem,1997,1997,2809,0.051263794944820223,94.87362050551798,2.7169811320754715,True,/Grund/d_ss,https://sparse.tamu.edu/MM/Grund/d_ss.tar.gz
465,meg1,Grund,2904,2904,58142,Circuit Simulation Problem,1997,1997,8433216,0.006894404222540962,99.3105595777459,20.021349862258955,True,/Grund/meg1,https://sparse.tamu.edu/MM/Grund/meg1.tar.gz
466,meg4,Grund,5860,5860,25258,Circuit Simulation Problem,1997,1997,34339600,0.0007355356498037251,99.92644643501963,4.310238907849829,True,/Grund/meg4,https://sparse.tamu.edu/MM/Grund/meg4.tar.gz
467,poli,Grund,4008,4008,8188,Economic Problem,1997,1997,16064064,0.0005097091246648419,99.94902908753352,2.0429141716566868,True,/Grund/poli,https://sparse.tamu.edu/MM/Grund/poli.tar.gz
468,poli_large,Grund,15575,15575,33033,Economic Problem,1997,1997,242580625,0.00013617328259418906,99.98638267174059,2.1208988764044943,True,/Grund/poli_large,https://sparse.tamu.edu/MM/Grund/poli_large.tar.gz
469,G1,Gset,800,800,38352,Undirected Random Graph,1996,1996,640000,0.059925,94.0075,47.94,True,/Gset/G1,https://sparse.tamu.edu/MM/Gset/G1.tar.gz
470,G10,Gset,800,800,38352,Undirected Weighted Random Graph,1996,1996,640000,0.059925,94.0075,47.94,True,/Gset/G10,https://sparse.tamu.edu/MM/Gset/G10.tar.gz
471,G11,Gset,800,800,3200,Undirected Weighted Random Graph,1996,1996,640000,0.005,99.5,4.0,True,/Gset/G11,https://sparse.tamu.edu/MM/Gset/G11.tar.gz
472,G12,Gset,800,800,3200,Undirected Weighted Random Graph,1996,1996,640000,0.005,99.5,4.0,True,/Gset/G12,https://sparse.tamu.edu/MM/Gset/G12.tar.gz
473,G13,Gset,800,800,3200,Undirected Weighted Random Graph,1996,1996,640000,0.005,99.5,4.0,True,/Gset/G13,https://sparse.tamu.edu/MM/Gset/G13.tar.gz
474,G14,Gset,800,800,9388,Duplicate Undirected Random Graph,1996,1996,640000,0.01466875,98.533125,11.735,True,/Gset/G14,https://sparse.tamu.edu/MM/Gset/G14.tar.gz
475,G15,Gset,800,800,9322,Duplicate Undirected Random Graph,1996,1996,640000,0.014565625,98.5434375,11.6525,True,/Gset/G15,https://sparse.tamu.edu/MM/Gset/G15.tar.gz
476,G16,Gset,800,800,9344,Duplicate Undirected Random Graph,1996,1996,640000,0.0146,98.54,11.68,True,/Gset/G16,https://sparse.tamu.edu/MM/Gset/G16.tar.gz
477,G17,Gset,800,800,9334,Duplicate Undirected Random Graph,1996,1996,640000,0.014584375,98.5415625,11.6675,True,/Gset/G17,https://sparse.tamu.edu/MM/Gset/G17.tar.gz
478,G18,Gset,800,800,9388,Undirected Weighted Random Graph,1996,1996,640000,0.01466875,98.533125,11.735,True,/Gset/G18,https://sparse.tamu.edu/MM/Gset/G18.tar.gz
479,G19,Gset,800,800,9322,Undirected Weighted Random Graph,1996,1996,640000,0.014565625,98.5434375,11.6525,True,/Gset/G19,https://sparse.tamu.edu/MM/Gset/G19.tar.gz
480,G2,Gset,800,800,38352,Undirected Random Graph,1996,1996,640000,0.059925,94.0075,47.94,True,/Gset/G2,https://sparse.tamu.edu/MM/Gset/G2.tar.gz
481,G20,Gset,800,800,9344,Undirected Weighted Random Graph,1996,1996,640000,0.0146,98.54,11.68,True,/Gset/G20,https://sparse.tamu.edu/MM/Gset/G20.tar.gz
482,G21,Gset,800,800,9334,Undirected Weighted Random Graph,1996,1996,640000,0.014584375,98.5415625,11.6675,True,/Gset/G21,https://sparse.tamu.edu/MM/Gset/G21.tar.gz
483,G22,Gset,2000,2000,39980,Undirected Random Graph,1996,1996,4000000,0.009995,99.0005,19.99,True,/Gset/G22,https://sparse.tamu.edu/MM/Gset/G22.tar.gz
484,G23,Gset,2000,2000,39980,Undirected Random Graph,1996,1996,4000000,0.009995,99.0005,19.99,True,/Gset/G23,https://sparse.tamu.edu/MM/Gset/G23.tar.gz
485,G24,Gset,2000,2000,39980,Undirected Random Graph,1996,1996,4000000,0.009995,99.0005,19.99,True,/Gset/G24,https://sparse.tamu.edu/MM/Gset/G24.tar.gz
486,G25,Gset,2000,2000,39980,Undirected Random Graph,1996,1996,4000000,0.009995,99.0005,19.99,True,/Gset/G25,https://sparse.tamu.edu/MM/Gset/G25.tar.gz
487,G26,Gset,2000,2000,39980,Undirected Random Graph,1996,1996,4000000,0.009995,99.0005,19.99,True,/Gset/G26,https://sparse.tamu.edu/MM/Gset/G26.tar.gz
488,G27,Gset,2000,2000,39980,Undirected Weighted Random Graph,1996,1996,4000000,0.009995,99.0005,19.99,True,/Gset/G27,https://sparse.tamu.edu/MM/Gset/G27.tar.gz
489,G28,Gset,2000,2000,39980,Undirected Weighted Random Graph,1996,1996,4000000,0.009995,99.0005,19.99,True,/Gset/G28,https://sparse.tamu.edu/MM/Gset/G28.tar.gz
490,G29,Gset,2000,2000,39980,Undirected Weighted Random Graph,1996,1996,4000000,0.009995,99.0005,19.99,True,/Gset/G29,https://sparse.tamu.edu/MM/Gset/G29.tar.gz
491,G3,Gset,800,800,38352,Undirected Random Graph,1996,1996,640000,0.059925,94.0075,47.94,True,/Gset/G3,https://sparse.tamu.edu/MM/Gset/G3.tar.gz
492,G30,Gset,2000,2000,39980,Undirected Weighted Random Graph,1996,1996,4000000,0.009995,99.0005,19.99,True,/Gset/G30,https://sparse.tamu.edu/MM/Gset/G30.tar.gz
493,G31,Gset,2000,2000,39980,Undirected Weighted Random Graph,1996,1996,4000000,0.009995,99.0005,19.99,True,/Gset/G31,https://sparse.tamu.edu/MM/Gset/G31.tar.gz
494,G32,Gset,2000,2000,8000,Undirected Weighted Random Graph,1996,1996,4000000,0.002,99.8,4.0,True,/Gset/G32,https://sparse.tamu.edu/MM/Gset/G32.tar.gz
495,G33,Gset,2000,2000,8000,Undirected Weighted Random Graph,1996,1996,4000000,0.002,99.8,4.0,True,/Gset/G33,https://sparse.tamu.edu/MM/Gset/G33.tar.gz
496,G34,Gset,2000,2000,8000,Undirected Weighted Random Graph,1996,1996,4000000,0.002,99.8,4.0,True,/Gset/G34,https://sparse.tamu.edu/MM/Gset/G34.tar.gz
497,G35,Gset,2000,2000,23556,Duplicate Undirected Random Graph,1996,1996,4000000,0.005889,99.41109999999999,11.778,True,/Gset/G35,https://sparse.tamu.edu/MM/Gset/G35.tar.gz
498,G36,Gset,2000,2000,23532,Duplicate Undirected Random Graph,1996,1996,4000000,0.005883,99.4117,11.766,True,/Gset/G36,https://sparse.tamu.edu/MM/Gset/G36.tar.gz
499,G37,Gset,2000,2000,23570,Duplicate Undirected Random Graph,1996,1996,4000000,0.0058925,99.41075000000001,11.785,True,/Gset/G37,https://sparse.tamu.edu/MM/Gset/G37.tar.gz
500,G38,Gset,2000,2000,23558,Duplicate Undirected Random Graph,1996,1996,4000000,0.0058895,99.41105,11.779,True,/Gset/G38,https://sparse.tamu.edu/MM/Gset/G38.tar.gz
501,G39,Gset,2000,2000,23556,Undirected Weighted Random Graph,1996,1996,4000000,0.005889,99.41109999999999,11.778,True,/Gset/G39,https://sparse.tamu.edu/MM/Gset/G39.tar.gz
502,G4,Gset,800,800,38352,Undirected Random Graph,1996,1996,640000,0.059925,94.0075,47.94,True,/Gset/G4,https://sparse.tamu.edu/MM/Gset/G4.tar.gz
503,G40,Gset,2000,2000,23532,Undirected Weighted Random Graph,1996,1996,4000000,0.005883,99.4117,11.766,True,/Gset/G40,https://sparse.tamu.edu/MM/Gset/G40.tar.gz
504,G41,Gset,2000,2000,23570,Undirected Weighted Random Graph,1996,1996,4000000,0.0058925,99.41075000000001,11.785,True,/Gset/G41,https://sparse.tamu.edu/MM/Gset/G41.tar.gz
505,G42,Gset,2000,2000,23558,Undirected Weighted Random Graph,1996,1996,4000000,0.0058895,99.41105,11.779,True,/Gset/G42,https://sparse.tamu.edu/MM/Gset/G42.tar.gz
506,G43,Gset,1000,1000,19980,Undirected Random Graph,1996,1996,1000000,0.01998,98.002,19.98,True,/Gset/G43,https://sparse.tamu.edu/MM/Gset/G43.tar.gz
507,G44,Gset,1000,1000,19980,Undirected Random Graph,1996,1996,1000000,0.01998,98.002,19.98,True,/Gset/G44,https://sparse.tamu.edu/MM/Gset/G44.tar.gz
508,G45,Gset,1000,1000,19980,Undirected Random Graph,1996,1996,1000000,0.01998,98.002,19.98,True,/Gset/G45,https://sparse.tamu.edu/MM/Gset/G45.tar.gz
509,G46,Gset,1000,1000,19980,Undirected Random Graph,1996,1996,1000000,0.01998,98.002,19.98,True,/Gset/G46,https://sparse.tamu.edu/MM/Gset/G46.tar.gz
510,G47,Gset,1000,1000,19980,Undirected Random Graph,1996,1996,1000000,0.01998,98.002,19.98,True,/Gset/G47,https://sparse.tamu.edu/MM/Gset/G47.tar.gz
511,G48,Gset,3000,3000,12000,Undirected Random Graph,1996,1996,9000000,0.0013333333333333333,99.86666666666667,4.0,True,/Gset/G48,https://sparse.tamu.edu/MM/Gset/G48.tar.gz
512,G49,Gset,3000,3000,12000,Undirected Random Graph,1996,1996,9000000,0.0013333333333333333,99.86666666666667,4.0,True,/Gset/G49,https://sparse.tamu.edu/MM/Gset/G49.tar.gz
513,G5,Gset,800,800,38352,Undirected Random Graph,1996,1996,640000,0.059925,94.0075,47.94,True,/Gset/G5,https://sparse.tamu.edu/MM/Gset/G5.tar.gz
514,G50,Gset,3000,3000,12000,Undirected Random Graph,1996,1996,9000000,0.0013333333333333333,99.86666666666667,4.0,True,/Gset/G50,https://sparse.tamu.edu/MM/Gset/G50.tar.gz
515,G51,Gset,1000,1000,11818,Undirected Random Graph,1996,1996,1000000,0.011818,98.8182,11.818,True,/Gset/G51,https://sparse.tamu.edu/MM/Gset/G51.tar.gz
516,G52,Gset,1000,1000,11832,Undirected Random Graph,1996,1996,1000000,0.011832,98.8168,11.832,True,/Gset/G52,https://sparse.tamu.edu/MM/Gset/G52.tar.gz
517,G53,Gset,1000,1000,11828,Undirected Random Graph,1996,1996,1000000,0.011828,98.8172,11.828,True,/Gset/G53,https://sparse.tamu.edu/MM/Gset/G53.tar.gz
518,G54,Gset,1000,1000,11832,Undirected Random Graph,1996,1996,1000000,0.011832,98.8168,11.832,True,/Gset/G54,https://sparse.tamu.edu/MM/Gset/G54.tar.gz
519,G55,Gset,5000,5000,24996,Duplicate Undirected Random Graph,1996,1996,25000000,0.00099984,99.90001600000001,4.9992,True,/Gset/G55,https://sparse.tamu.edu/MM/Gset/G55.tar.gz
520,G56,Gset,5000,5000,24996,Undirected Weighted Random Graph,1996,1996,25000000,0.00099984,99.90001600000001,4.9992,True,/Gset/G56,https://sparse.tamu.edu/MM/Gset/G56.tar.gz
521,G57,Gset,5000,5000,20000,Undirected Weighted Random Graph,1996,1996,25000000,0.0008,99.92,4.0,True,/Gset/G57,https://sparse.tamu.edu/MM/Gset/G57.tar.gz
522,G58,Gset,5000,5000,59140,Duplicate Undirected Random Graph,1996,1996,25000000,0.0023656,99.76344,11.828,True,/Gset/G58,https://sparse.tamu.edu/MM/Gset/G58.tar.gz
523,G59,Gset,5000,5000,59140,Undirected Weighted Random Graph,1996,1996,25000000,0.0023656,99.76344,11.828,True,/Gset/G59,https://sparse.tamu.edu/MM/Gset/G59.tar.gz
524,G6,Gset,800,800,38352,Undirected Weighted Random Graph,1996,1996,640000,0.059925,94.0075,47.94,True,/Gset/G6,https://sparse.tamu.edu/MM/Gset/G6.tar.gz
525,G60,Gset,7000,7000,34296,Duplicate Undirected Random Graph,1996,1996,49000000,0.0006999183673469388,99.9300081632653,4.8994285714285715,True,/Gset/G60,https://sparse.tamu.edu/MM/Gset/G60.tar.gz
526,G61,Gset,7000,7000,34296,Undirected Weighted Random Graph,1996,1996,49000000,0.0006999183673469388,99.9300081632653,4.8994285714285715,True,/Gset/G61,https://sparse.tamu.edu/MM/Gset/G61.tar.gz
527,G62,Gset,7000,7000,28000,Undirected Weighted Random Graph,1996,1996,49000000,0.0005714285714285715,99.94285714285715,4.0,True,/Gset/G62,https://sparse.tamu.edu/MM/Gset/G62.tar.gz
528,G63,Gset,7000,7000,82918,Duplicate Undirected Random Graph,1996,1996,49000000,0.001692204081632653,99.83077959183674,11.845428571428572,True,/Gset/G63,https://sparse.tamu.edu/MM/Gset/G63.tar.gz
529,G64,Gset,7000,7000,82918,Undirected Weighted Random Graph,1996,1996,49000000,0.001692204081632653,99.83077959183674,11.845428571428572,True,/Gset/G64,https://sparse.tamu.edu/MM/Gset/G64.tar.gz
530,G65,Gset,8000,8000,32000,Undirected Weighted Random Graph,1996,1996,64000000,0.0005,99.95,4.0,True,/Gset/G65,https://sparse.tamu.edu/MM/Gset/G65.tar.gz
531,G66,Gset,9000,9000,36000,Undirected Weighted Random Graph,1996,1996,81000000,0.00044444444444444447,99.95555555555555,4.0,True,/Gset/G66,https://sparse.tamu.edu/MM/Gset/G66.tar.gz
532,G67,Gset,10000,10000,40000,Undirected Weighted Random Graph,1996,1996,100000000,0.0004,99.96000000000001,4.0,True,/Gset/G67,https://sparse.tamu.edu/MM/Gset/G67.tar.gz
533,G7,Gset,800,800,38352,Undirected Weighted Random Graph,1996,1996,640000,0.059925,94.0075,47.94,True,/Gset/G7,https://sparse.tamu.edu/MM/Gset/G7.tar.gz
534,G8,Gset,800,800,38352,Undirected Weighted Random Graph,1996,1996,640000,0.059925,94.0075,47.94,True,/Gset/G8,https://sparse.tamu.edu/MM/Gset/G8.tar.gz
535,G9,Gset,800,800,38352,Undirected Weighted Random Graph,1996,1996,640000,0.059925,94.0075,47.94,True,/Gset/G9,https://sparse.tamu.edu/MM/Gset/G9.tar.gz
536,gupta1,Gupta,31802,31802,2164210,Optimization Problem,1996,1996,1011367204,0.0021398854851536198,99.78601145148464,68.05263819885542,True,/Gupta/gupta1,https://sparse.tamu.edu/MM/Gupta/gupta1.tar.gz
537,gupta2,Gupta,62064,62064,4248286,Optimization Problem,1996,1996,3851940096,0.001102895137027593,99.88971048629725,68.45008378448054,True,/Gupta/gupta2,https://sparse.tamu.edu/MM/Gupta/gupta2.tar.gz
538,gupta3,Gupta,16783,16783,9323427,Optimization Problem,1996,1996,281669089,0.033100639594854514,96.68993604051454,555.5280343204433,True,/Gupta/gupta3,https://sparse.tamu.edu/MM/Gupta/gupta3.tar.gz
539,add20,Hamm,2395,2395,13151,Circuit Simulation Problem,1991,1991,5736025,0.0022927026991688493,99.77072973008312,5.491022964509394,True,/Hamm/add20,https://sparse.tamu.edu/MM/Hamm/add20.tar.gz
540,add32,Hamm,4960,4960,19848,Circuit Simulation Problem,1991,1991,24601600,0.0008067767950052029,99.91932232049948,4.001612903225807,True,/Hamm/add32,https://sparse.tamu.edu/MM/Hamm/add32.tar.gz
541,bcircuit,Hamm,68902,68902,375558,Circuit Simulation Problem,2001,2001,4747485604,7.910671697110005e-05,99.9920893283029,5.450611012742736,True,/Hamm/bcircuit,https://sparse.tamu.edu/MM/Hamm/bcircuit.tar.gz
542,hcircuit,Hamm,105676,105676,513072,Circuit Simulation Problem,2001,2001,11167416976,4.594365922779169e-05,99.99540563407722,4.855142132556115,True,/Hamm/hcircuit,https://sparse.tamu.edu/MM/Hamm/hcircuit.tar.gz
543,memplus,Hamm,17758,17758,99147,Circuit Simulation Problem,1991,1991,315346564,0.00031440646995601956,99.9685593530044,5.583230093478996,True,/Hamm/memplus,https://sparse.tamu.edu/MM/Hamm/memplus.tar.gz
544,scircuit,Hamm,170998,170998,958936,Circuit Simulation Problem,2001,2001,29240316004,3.279499441349471e-05,99.99672050055865,5.607878454718769,True,/Hamm/scircuit,https://sparse.tamu.edu/MM/Hamm/scircuit.tar.gz
545,g7jac010,Hollinger,2880,2880,18229,Economic Problem,2001,2001,8294400,0.00219774787808642,99.78022521219135,6.329513888888889,True,/Hollinger/g7jac010,https://sparse.tamu.edu/MM/Hollinger/g7jac010.tar.gz
546,g7jac010sc,Hollinger,2880,2880,18229,Economic Problem,2001,2001,8294400,0.00219774787808642,99.78022521219135,6.329513888888889,True,/Hollinger/g7jac010sc,https://sparse.tamu.edu/MM/Hollinger/g7jac010sc.tar.gz
547,g7jac020,Hollinger,5850,5850,42568,Economic Problem,2001,2001,34222500,0.0012438600336036234,99.87561399663963,7.276581196581197,True,/Hollinger/g7jac020,https://sparse.tamu.edu/MM/Hollinger/g7jac020.tar.gz
548,g7jac020sc,Hollinger,5850,5850,42568,Economic Problem,2001,2001,34222500,0.0012438600336036234,99.87561399663963,7.276581196581197,True,/Hollinger/g7jac020sc,https://sparse.tamu.edu/MM/Hollinger/g7jac020sc.tar.gz
549,g7jac040,Hollinger,11790,11790,107383,Economic Problem,2001,2001,139004100,0.0007725167818790956,99.9227483218121,9.107972858354538,True,/Hollinger/g7jac040,https://sparse.tamu.edu/MM/Hollinger/g7jac040.tar.gz
550,g7jac040sc,Hollinger,11790,11790,107383,Economic Problem,2001,2001,139004100,0.0007725167818790956,99.9227483218121,9.107972858354538,True,/Hollinger/g7jac040sc,https://sparse.tamu.edu/MM/Hollinger/g7jac040sc.tar.gz
551,g7jac050sc,Hollinger,14760,14760,145157,Economic Problem,2001,2001,217857600,0.0006662930281064329,99.93337069718936,9.83448509485095,True,/Hollinger/g7jac050sc,https://sparse.tamu.edu/MM/Hollinger/g7jac050sc.tar.gz
552,g7jac060,Hollinger,17730,17730,183325,Economic Problem,2001,2001,314352900,0.0005831821497431708,99.94168178502568,10.339819514946418,True,/Hollinger/g7jac060,https://sparse.tamu.edu/MM/Hollinger/g7jac060.tar.gz
553,g7jac060sc,Hollinger,17730,17730,183325,Economic Problem,2001,2001,314352900,0.0005831821497431708,99.94168178502568,10.339819514946418,True,/Hollinger/g7jac060sc,https://sparse.tamu.edu/MM/Hollinger/g7jac060sc.tar.gz
554,g7jac080,Hollinger,23670,23670,259648,Economic Problem,2001,2001,560268900,0.0004634346114874483,99.95365653885125,10.9694972539079,True,/Hollinger/g7jac080,https://sparse.tamu.edu/MM/Hollinger/g7jac080.tar.gz
555,g7jac080sc,Hollinger,23670,23670,259648,Economic Problem,2001,2001,560268900,0.0004634346114874483,99.95365653885125,10.9694972539079,True,/Hollinger/g7jac080sc,https://sparse.tamu.edu/MM/Hollinger/g7jac080sc.tar.gz
556,g7jac100,Hollinger,29610,29610,335972,Economic Problem,2001,2001,876752100,0.0003832006789604496,99.96167993210395,11.346572104018913,True,/Hollinger/g7jac100,https://sparse.tamu.edu/MM/Hollinger/g7jac100.tar.gz
557,g7jac100sc,Hollinger,29610,29610,335972,Economic Problem,2001,2001,876752100,0.0003832006789604496,99.96167993210395,11.346572104018913,True,/Hollinger/g7jac100sc,https://sparse.tamu.edu/MM/Hollinger/g7jac100sc.tar.gz
558,g7jac120,Hollinger,35550,35550,412306,Economic Problem,2001,2001,1263802500,0.0003262424310760582,99.9673757568924,11.597918424753868,True,/Hollinger/g7jac120,https://sparse.tamu.edu/MM/Hollinger/g7jac120.tar.gz
559,g7jac120sc,Hollinger,35550,35550,412306,Economic Problem,2001,2001,1263802500,0.0003262424310760582,99.9673757568924,11.597918424753868,True,/Hollinger/g7jac120sc,https://sparse.tamu.edu/MM/Hollinger/g7jac120sc.tar.gz
560,g7jac140,Hollinger,41490,41490,488633,Economic Problem,2001,2001,1721420100,0.00028385459191512867,99.97161454080849,11.777127018558689,True,/Hollinger/g7jac140,https://sparse.tamu.edu/MM/Hollinger/g7jac140.tar.gz
561,g7jac140sc,Hollinger,41490,41490,488633,Economic Problem,2001,2001,1721420100,0.00028385459191512867,99.97161454080849,11.777127018558689,True,/Hollinger/g7jac140sc,https://sparse.tamu.edu/MM/Hollinger/g7jac140sc.tar.gz
562,g7jac160,Hollinger,47430,47430,564952,Economic Problem,2001,2001,2249604900,0.00025113387688655903,99.97488661231134,11.911279780729496,True,/Hollinger/g7jac160,https://sparse.tamu.edu/MM/Hollinger/g7jac160.tar.gz
563,g7jac160sc,Hollinger,47430,47430,564952,Economic Problem,2001,2001,2249604900,0.00025113387688655903,99.97488661231134,11.911279780729496,True,/Hollinger/g7jac160sc,https://sparse.tamu.edu/MM/Hollinger/g7jac160sc.tar.gz
564,g7jac180,Hollinger,53370,53370,641290,Economic Problem,2001,2001,2848356900,0.00022514383643426145,99.97748561635657,12.015926550496534,True,/Hollinger/g7jac180,https://sparse.tamu.edu/MM/Hollinger/g7jac180.tar.gz
565,g7jac180sc,Hollinger,53370,53370,641290,Economic Problem,2001,2001,2848356900,0.00022514383643426145,99.97748561635657,12.015926550496534,True,/Hollinger/g7jac180sc,https://sparse.tamu.edu/MM/Hollinger/g7jac180sc.tar.gz
566,g7jac200,Hollinger,59310,59310,717620,Economic Problem,2001,2001,3517676100,0.00020400400139171425,99.97959959986082,12.099477322542572,True,/Hollinger/g7jac200,https://sparse.tamu.edu/MM/Hollinger/g7jac200.tar.gz
567,g7jac200sc,Hollinger,59310,59310,717620,Economic Problem,2001,2001,3517676100,0.00020400400139171425,99.97959959986082,12.099477322542572,True,/Hollinger/g7jac200sc,https://sparse.tamu.edu/MM/Hollinger/g7jac200sc.tar.gz
568,jan99jac020,Hollinger,6774,6774,33744,Economic Problem,2001,2001,45887076,0.0007353704559427582,99.92646295440572,4.981399468556244,True,/Hollinger/jan99jac020,https://sparse.tamu.edu/MM/Hollinger/jan99jac020.tar.gz
569,jan99jac020sc,Hollinger,6774,6774,33744,Economic Problem,2001,2001,45887076,0.0007353704559427582,99.92646295440572,4.981399468556244,True,/Hollinger/jan99jac020sc,https://sparse.tamu.edu/MM/Hollinger/jan99jac020sc.tar.gz
570,jan99jac040,Hollinger,13694,13694,72734,Economic Problem,2001,2001,187525636,0.00038786163615517615,99.96121383638447,5.311377245508982,True,/Hollinger/jan99jac040,https://sparse.tamu.edu/MM/Hollinger/jan99jac040.tar.gz
571,jan99jac040sc,Hollinger,13694,13694,72734,Economic Problem,2001,2001,187525636,0.00038786163615517615,99.96121383638447,5.311377245508982,True,/Hollinger/jan99jac040sc,https://sparse.tamu.edu/MM/Hollinger/jan99jac040sc.tar.gz
572,jan99jac060,Hollinger,20614,20614,111903,Economic Problem,2001,2001,424936996,0.00026334021526334695,99.97366597847368,5.428495197438634,True,/Hollinger/jan99jac060,https://sparse.tamu.edu/MM/Hollinger/jan99jac060.tar.gz
573,jan99jac060sc,Hollinger,20614,20614,111903,Economic Problem,2001,2001,424936996,0.00026334021526334695,99.97366597847368,5.428495197438634,True,/Hollinger/jan99jac060sc,https://sparse.tamu.edu/MM/Hollinger/jan99jac060sc.tar.gz
574,jan99jac080,Hollinger,27534,27534,151063,Economic Problem,2001,2001,758121156,0.00019925970777156363,99.98007402922285,5.486416793782233,True,/Hollinger/jan99jac080,https://sparse.tamu.edu/MM/Hollinger/jan99jac080.tar.gz
575,jan99jac080sc,Hollinger,27534,27534,151063,Economic Problem,2001,2001,758121156,0.00019925970777156363,99.98007402922285,5.486416793782233,True,/Hollinger/jan99jac080sc,https://sparse.tamu.edu/MM/Hollinger/jan99jac080sc.tar.gz
576,jan99jac100,Hollinger,34454,34454,190224,Economic Problem,2001,2001,1187078116,0.00016024556213788376,99.9839754437862,5.521100597898648,True,/Hollinger/jan99jac100,https://sparse.tamu.edu/MM/Hollinger/jan99jac100.tar.gz
577,jan99jac100sc,Hollinger,34454,34454,190224,Economic Problem,2001,2001,1187078116,0.00016024556213788376,99.9839754437862,5.521100597898648,True,/Hollinger/jan99jac100sc,https://sparse.tamu.edu/MM/Hollinger/jan99jac100sc.tar.gz
578,jan99jac120,Hollinger,41374,41374,229385,Economic Problem,2001,2001,1711807876,0.00013400160334348175,99.98659983966564,5.544182336733214,True,/Hollinger/jan99jac120,https://sparse.tamu.edu/MM/Hollinger/jan99jac120.tar.gz
579,jan99jac120sc,Hollinger,41374,41374,229385,Economic Problem,2001,2001,1711807876,0.00013400160334348175,99.98659983966564,5.544182336733214,True,/Hollinger/jan99jac120sc,https://sparse.tamu.edu/MM/Hollinger/jan99jac120sc.tar.gz
580,mark3jac020,Hollinger,9129,9129,52883,Economic Problem,2001,2001,83338641,0.0006345555838857511,99.93654444161143,5.792857925293022,True,/Hollinger/mark3jac020,https://sparse.tamu.edu/MM/Hollinger/mark3jac020.tar.gz
581,mark3jac020sc,Hollinger,9129,9129,52883,Economic Problem,2001,2001,83338641,0.0006345555838857511,99.93654444161143,5.792857925293022,True,/Hollinger/mark3jac020sc,https://sparse.tamu.edu/MM/Hollinger/mark3jac020sc.tar.gz
582,mark3jac040,Hollinger,18289,18289,106803,Economic Problem,2001,2001,334487521,0.000319303391889469,99.96806966081105,5.839739734266499,True,/Hollinger/mark3jac040,https://sparse.tamu.edu/MM/Hollinger/mark3jac040.tar.gz
583,mark3jac040sc,Hollinger,18289,18289,106803,Economic Problem,2001,2001,334487521,0.000319303391889469,99.96806966081105,5.839739734266499,True,/Hollinger/mark3jac040sc,https://sparse.tamu.edu/MM/Hollinger/mark3jac040sc.tar.gz
584,mark3jac060,Hollinger,27449,27449,160723,Economic Problem,2001,2001,753447601,0.00021331675857310216,99.97866832414269,5.855331706073081,True,/Hollinger/mark3jac060,https://sparse.tamu.edu/MM/Hollinger/mark3jac060.tar.gz
585,mark3jac060sc,Hollinger,27449,27449,160723,Economic Problem,2001,2001,753447601,0.00021331675857310216,99.97866832414269,5.855331706073081,True,/Hollinger/mark3jac060sc,https://sparse.tamu.edu/MM/Hollinger/mark3jac060sc.tar.gz
586,mark3jac080,Hollinger,36609,36609,214643,Economic Problem,2001,2001,1340218881,0.00016015518289060724,99.98398448171095,5.863121090442241,True,/Hollinger/mark3jac080,https://sparse.tamu.edu/MM/Hollinger/mark3jac080.tar.gz
587,mark3jac080sc,Hollinger,36609,36609,214643,Economic Problem,2001,2001,1340218881,0.00016015518289060724,99.98398448171095,5.863121090442241,True,/Hollinger/mark3jac080sc,https://sparse.tamu.edu/MM/Hollinger/mark3jac080sc.tar.gz
588,mark3jac100,Hollinger,45769,45769,268563,Economic Problem,2001,2001,2094801361,0.0001282045185763081,99.98717954814236,5.867792610719046,True,/Hollinger/mark3jac100,https://sparse.tamu.edu/MM/Hollinger/mark3jac100.tar.gz
589,mark3jac100sc,Hollinger,45769,45769,268563,Economic Problem,2001,2001,2094801361,0.0001282045185763081,99.98717954814236,5.867792610719046,True,/Hollinger/mark3jac100sc,https://sparse.tamu.edu/MM/Hollinger/mark3jac100sc.tar.gz
590,mark3jac120,Hollinger,54929,54929,322483,Economic Problem,2001,2001,3017195041,0.00010688172147237729,99.98931182785277,5.870906078756213,True,/Hollinger/mark3jac120,https://sparse.tamu.edu/MM/Hollinger/mark3jac120.tar.gz
591,mark3jac120sc,Hollinger,54929,54929,322483,Economic Problem,2001,2001,3017195041,0.00010688172147237729,99.98931182785277,5.870906078756213,True,/Hollinger/mark3jac120sc,https://sparse.tamu.edu/MM/Hollinger/mark3jac120sc.tar.gz
592,mark3jac140,Hollinger,64089,64089,376395,Economic Problem,2001,2001,4107399921,9.163826441043553e-05,99.99083617355896,5.873004727800403,True,/Hollinger/mark3jac140,https://sparse.tamu.edu/MM/Hollinger/mark3jac140.tar.gz
593,mark3jac140sc,Hollinger,64089,64089,376395,Economic Problem,2001,2001,4107399921,9.163826441043553e-05,99.99083617355896,5.873004727800403,True,/Hollinger/mark3jac140sc,https://sparse.tamu.edu/MM/Hollinger/mark3jac140sc.tar.gz
732,li,Li,22695,22695,1215181,Electromagnetics Problem,1999,1999,515063025,0.0023592860310638684,99.76407139689361,53.54399647499449,True,/Li/li,https://sparse.tamu.edu/MM/Li/li.tar.gz
733,pli,Li,22695,22695,1350309,Duplicate Electromagnetics Problem,1999,1999,515063025,0.002621638390758102,99.73783616092419,59.49808327825512,True,/Li/pli,https://sparse.tamu.edu/MM/Li/pli.tar.gz
734,lhr01,Mallya,1477,1477,18427,Chemical Process Simulation Problem,1994,1994,2181529,0.008446827889979918,99.155317211002,12.475964793500339,True,/Mallya/lhr01,https://sparse.tamu.edu/MM/Mallya/lhr01.tar.gz
735,lhr02,Mallya,2954,2954,36875,Chemical Process Simulation Problem,1994,1994,8726116,0.004225820513960621,99.57741794860394,12.483073798239674,True,/Mallya/lhr02,https://sparse.tamu.edu/MM/Mallya/lhr02.tar.gz
736,lhr04,Mallya,4101,4101,81057,Chemical Process Simulation Problem,1994,1994,16818201,0.0048195999084563205,99.51804000915436,19.76517922457937,True,/Mallya/lhr04,https://sparse.tamu.edu/MM/Mallya/lhr04.tar.gz
737,lhr04c,Mallya,4101,4101,82682,Chemical Process Simulation Problem,1997,1997,16818201,0.004916221419877191,99.50837785801228,20.161424042916362,True,/Mallya/lhr04c,https://sparse.tamu.edu/MM/Mallya/lhr04c.tar.gz
738,lhr07,Mallya,7337,7337,154660,Chemical Process Simulation Problem,1994,1994,53831569,0.0028730353373129435,99.7126964662687,21.079460269865066,True,/Mallya/lhr07,https://sparse.tamu.edu/MM/Mallya/lhr07.tar.gz
739,lhr07c,Mallya,7337,7337,156508,Chemical Process Simulation Problem,1997,1997,53831569,0.0029073646357957728,99.70926353642042,21.331334332833585,True,/Mallya/lhr07c,https://sparse.tamu.edu/MM/Mallya/lhr07c.tar.gz
740,lhr10,Mallya,10672,10672,228395,Chemical Process Simulation Problem,1994,1994,113891584,0.0020053720562881977,99.79946279437118,21.401330584707647,True,/Mallya/lhr10,https://sparse.tamu.edu/MM/Mallya/lhr10.tar.gz
741,lhr10c,Mallya,10672,10672,232633,Chemical Process Simulation Problem,1997,1997,113891584,0.0020425828830337453,99.79574171169662,21.79844452773613,True,/Mallya/lhr10c,https://sparse.tamu.edu/MM/Mallya/lhr10c.tar.gz
742,lhr11,Mallya,10964,10964,231806,Chemical Process Simulation Problem,1994,1994,120209296,0.001928353361290794,99.80716466387092,21.142466253192264,True,/Mallya/lhr11,https://sparse.tamu.edu/MM/Mallya/lhr11.tar.gz
743,lhr11c,Mallya,10964,10964,233741,Chemical Process Simulation Problem,1997,1997,120209296,0.0019444502861076568,99.80555497138923,21.318952936884347,True,/Mallya/lhr11c,https://sparse.tamu.edu/MM/Mallya/lhr11c.tar.gz
744,lhr14,Mallya,14270,14270,305750,Chemical Process Simulation Problem,1994,1994,203632900,0.0015014764313625157,99.84985235686375,21.426068675543096,True,/Mallya/lhr14,https://sparse.tamu.edu/MM/Mallya/lhr14.tar.gz
745,lhr14c,Mallya,14270,14270,307858,Chemical Process Simulation Problem,1997,1997,203632900,0.00151182839315258,99.84881716068475,21.573791170287315,True,/Mallya/lhr14c,https://sparse.tamu.edu/MM/Mallya/lhr14c.tar.gz
746,lhr17,Mallya,17576,17576,379761,Chemical Process Simulation Problem,1994,1994,308915776,0.0012293350793453812,99.87706649206545,21.60679335457442,True,/Mallya/lhr17,https://sparse.tamu.edu/MM/Mallya/lhr17.tar.gz
747,lhr17c,Mallya,17576,17576,381975,Chemical Process Simulation Problem,1997,1997,308915776,0.0012365020813958042,99.87634979186042,21.732760582612652,True,/Mallya/lhr17c,https://sparse.tamu.edu/MM/Mallya/lhr17c.tar.gz
748,lhr34,Mallya,35152,35152,746972,Chemical Process Simulation Problem,1994,1994,1235663104,0.0006045110496396273,99.93954889503604,21.24977241693218,True,/Mallya/lhr34,https://sparse.tamu.edu/MM/Mallya/lhr34.tar.gz
749,lhr34c,Mallya,35152,35152,764014,Chemical Process Simulation Problem,1997,1997,1235663104,0.0006183028347506603,99.93816971652494,21.734581247155212,True,/Mallya/lhr34c,https://sparse.tamu.edu/MM/Mallya/lhr34c.tar.gz
750,lhr71,Mallya,70304,70304,1494006,Chemical Process Simulation Problem,1994,1994,4942652416,0.0003022680686919661,99.9697731931308,21.250654301319983,True,/Mallya/lhr71,https://sparse.tamu.edu/MM/Mallya/lhr71.tar.gz
751,lhr71c,Mallya,70304,70304,1528092,Chemical Process Simulation Problem,1997,1997,4942652416,0.00030916436588851974,99.96908356341115,21.73549157942649,True,/Mallya/lhr71c,https://sparse.tamu.edu/MM/Mallya/lhr71c.tar.gz
752,finan512,Mulvey,74752,74752,596992,Economic Problem,1997,1997,5587861504,0.0001068372935822856,99.98931627064177,7.986301369863014,True,/Mulvey/finan512,https://sparse.tamu.edu/MM/Mulvey/finan512.tar.gz
753,pfinan512,Mulvey,74752,74752,596992,Duplicate Economic Problem,1997,1997,5587861504,0.0001068372935822856,99.98931627064177,7.986301369863014,True,/Mulvey/pfinan512,https://sparse.tamu.edu/MM/Mulvey/pfinan512.tar.gz
754,barth,Nasa,6691,6691,26439,Duplicate Structural Problem,1995,1995,44769481,0.0005905585548333696,99.94094414451666,3.9514272903900762,True,/Nasa/barth,https://sparse.tamu.edu/MM/Nasa/barth.tar.gz
755,barth4,Nasa,6019,6019,23492,Duplicate Structural Problem,1995,1995,36228361,0.0006484422521902108,99.93515577478098,3.902973915932879,True,/Nasa/barth4,https://sparse.tamu.edu/MM/Nasa/barth4.tar.gz
756,barth5,Nasa,15606,15606,61484,Duplicate Structural Problem,1995,1995,243547236,0.00025245205410584086,99.97475479458942,3.939766756375753,True,/Nasa/barth5,https://sparse.tamu.edu/MM/Nasa/barth5.tar.gz
757,nasa1824,Nasa,1824,1824,39208,Structural Problem,1995,1995,3326976,0.011784876115727917,98.82151238842721,21.49561403508772,True,/Nasa/nasa1824,https://sparse.tamu.edu/MM/Nasa/nasa1824.tar.gz
758,nasa2146,Nasa,2146,2146,72250,Structural Problem,1995,1995,4605316,0.01568839141548593,98.4311608584514,33.6672879776328,True,/Nasa/nasa2146,https://sparse.tamu.edu/MM/Nasa/nasa2146.tar.gz
759,nasa2910,Nasa,2910,2910,174296,Structural Problem,1995,1995,8468100,0.0205826572666832,97.94173427333168,59.89553264604811,True,/Nasa/nasa2910,https://sparse.tamu.edu/MM/Nasa/nasa2910.tar.gz
760,nasa4704,Nasa,4704,4704,104756,Structural Problem,1995,1995,22127616,0.004734174707297885,99.52658252927021,22.26955782312925,True,/Nasa/nasa4704,https://sparse.tamu.edu/MM/Nasa/nasa4704.tar.gz
761,nasasrb,Nasa,54870,54870,2677324,Structural Problem,1995,1995,3010716900,0.0008892646133550451,99.9110735386645,48.79394933479133,True,/Nasa/nasasrb,https://sparse.tamu.edu/MM/Nasa/nasasrb.tar.gz
762,pwt,Nasa,36519,36519,326107,Duplicate Structural Problem,1995,1995,1333637361,0.0002445244933416349,99.97554755066584,8.929789972343164,True,/Nasa/pwt,https://sparse.tamu.edu/MM/Nasa/pwt.tar.gz
763,shuttle_eddy,Nasa,10429,10429,103599,Duplicate Structural Problem,1995,1995,108764041,0.0009525115014805307,99.90474884985194,9.933742448940455,True,/Nasa/shuttle_eddy,https://sparse.tamu.edu/MM/Nasa/shuttle_eddy.tar.gz
764,skirt,Nasa,12598,12598,196520,Duplicate Structural Problem,1995,1995,158709604,0.0012382363451678702,99.87617636548322,15.599301476424829,True,/Nasa/skirt,https://sparse.tamu.edu/MM/Nasa/skirt.tar.gz
765,nemeth01,Nemeth,9506,9506,725054,Theoretical/Quantum Chemistry Problem Sequence,1999,1999,90364036,0.008023700933411164,99.19762990665888,76.27330107300652,True,/Nemeth/nemeth01,https://sparse.tamu.edu/MM/Nemeth/nemeth01.tar.gz
766,nemeth02,Nemeth,9506,9506,394808,Subsequent Theoretical/Quantum Chemistry Problem,1999,1999,90364036,0.004369083293269459,99.56309167067306,41.53250578581948,True,/Nemeth/nemeth02,https://sparse.tamu.edu/MM/Nemeth/nemeth02.tar.gz
767,nemeth03,Nemeth,9506,9506,394808,Subsequent Theoretical/Quantum Chemistry Problem,1999,1999,90364036,0.004369083293269459,99.56309167067306,41.53250578581948,True,/Nemeth/nemeth03,https://sparse.tamu.edu/MM/Nemeth/nemeth03.tar.gz
768,nemeth04,Nemeth,9506,9506,394808,Subsequent Theoretical/Quantum Chemistry Problem,1999,1999,90364036,0.004369083293269459,99.56309167067306,41.53250578581948,True,/Nemeth/nemeth04,https://sparse.tamu.edu/MM/Nemeth/nemeth04.tar.gz
769,nemeth05,Nemeth,9506,9506,394808,Subsequent Theoretical/Quantum Chemistry Problem,1999,1999,90364036,0.004369083293269459,99.56309167067306,41.53250578581948,True,/Nemeth/nemeth05,https://sparse.tamu.edu/MM/Nemeth/nemeth05.tar.gz
770,nemeth06,Nemeth,9506,9506,394808,Subsequent Theoretical/Quantum Chemistry Problem,1999,1999,90364036,0.004369083293269459,99.56309167067306,41.53250578581948,True,/Nemeth/nemeth06,https://sparse.tamu.edu/MM/Nemeth/nemeth06.tar.gz
771,nemeth07,Nemeth,9506,9506,394812,Subsequent Theoretical/Quantum Chemistry Problem,1999,1999,90364036,0.004369127558667255,99.56308724413327,41.53292657269093,True,/Nemeth/nemeth07,https://sparse.tamu.edu/MM/Nemeth/nemeth07.tar.gz
772,nemeth08,Nemeth,9506,9506,394816,Subsequent Theoretical/Quantum Chemistry Problem,1999,1999,90364036,0.004369171824065052,99.5630828175935,41.533347359562384,True,/Nemeth/nemeth08,https://sparse.tamu.edu/MM/Nemeth/nemeth08.tar.gz
773,nemeth09,Nemeth,9506,9506,395506,Subsequent Theoretical/Quantum Chemistry Problem,1999,1999,90364036,0.004376807605184877,99.56231923948151,41.60593309488744,True,/Nemeth/nemeth09,https://sparse.tamu.edu/MM/Nemeth/nemeth09.tar.gz
774,nemeth10,Nemeth,9506,9506,401448,Subsequent Theoretical/Quantum Chemistry Problem,1999,1999,90364036,0.004442563853610965,99.5557436146389,42.231011992425834,True,/Nemeth/nemeth10,https://sparse.tamu.edu/MM/Nemeth/nemeth10.tar.gz
775,nemeth11,Nemeth,9506,9506,408264,Subsequent Theoretical/Quantum Chemistry Problem,1999,1999,90364036,0.004517992091455499,99.54820079085445,42.948032821375975,True,/Nemeth/nemeth11,https://sparse.tamu.edu/MM/Nemeth/nemeth11.tar.gz
776,nemeth12,Nemeth,9506,9506,446818,Subsequent Theoretical/Quantum Chemistry Problem,1999,1999,90364036,0.004944644128113091,99.50553558718869,47.00378708184304,True,/Nemeth/nemeth12,https://sparse.tamu.edu/MM/Nemeth/nemeth12.tar.gz
777,nemeth13,Nemeth,9506,9506,474472,Subsequent Theoretical/Quantum Chemistry Problem,1999,1999,90364036,0.005250672955776345,99.47493270442237,49.91289711760993,True,/Nemeth/nemeth13,https://sparse.tamu.edu/MM/Nemeth/nemeth13.tar.gz
778,nemeth14,Nemeth,9506,9506,496144,Subsequent Theoretical/Quantum Chemistry Problem,1999,1999,90364036,0.005490502881035548,99.45094971189644,52.19272038712392,True,/Nemeth/nemeth14,https://sparse.tamu.edu/MM/Nemeth/nemeth14.tar.gz
779,nemeth15,Nemeth,9506,9506,539802,Subsequent Theoretical/Quantum Chemistry Problem,1999,1999,90364036,0.005973637565280948,99.4026362434719,56.7853986955607,True,/Nemeth/nemeth15,https://sparse.tamu.edu/MM/Nemeth/nemeth15.tar.gz
780,nemeth16,Nemeth,9506,9506,587012,Subsequent Theoretical/Quantum Chemistry Problem,1999,1999,90364036,0.006496079922769275,99.35039200772307,61.75173574584473,True,/Nemeth/nemeth16,https://sparse.tamu.edu/MM/Nemeth/nemeth16.tar.gz
781,nemeth17,Nemeth,9506,9506,629620,Subsequent Theoretical/Quantum Chemistry Problem,1999,1999,90364036,0.006967594940093203,99.30324050599067,66.23395750052599,True,/Nemeth/nemeth17,https://sparse.tamu.edu/MM/Nemeth/nemeth17.tar.gz
782,nemeth18,Nemeth,9506,9506,695234,Subsequent Theoretical/Quantum Chemistry Problem,1999,1999,90364036,0.007693702392841329,99.23062976071587,73.13633494634968,True,/Nemeth/nemeth18,https://sparse.tamu.edu/MM/Nemeth/nemeth18.tar.gz
783,nemeth19,Nemeth,9506,9506,818302,Subsequent Theoretical/Quantum Chemistry Problem,1999,1999,90364036,0.009055615886833563,99.09443841131664,86.08268462023985,True,/Nemeth/nemeth19,https://sparse.tamu.edu/MM/Nemeth/nemeth19.tar.gz
784,nemeth20,Nemeth,9506,9506,971870,Subsequent Theoretical/Quantum Chemistry Problem,1999,1999,90364036,0.010755053039020966,98.92449469609791,102.23753418893331,True,/Nemeth/nemeth20,https://sparse.tamu.edu/MM/Nemeth/nemeth20.tar.gz
785,nemeth21,Nemeth,9506,9506,1173746,Subsequent Theoretical/Quantum Chemistry Problem,1999,1999,90364036,0.012989083400391722,98.70109165996082,123.47422680412372,True,/Nemeth/nemeth21,https://sparse.tamu.edu/MM/Nemeth/nemeth21.tar.gz
786,nemeth22,Nemeth,9506,9506,1358832,Subsequent Theoretical/Quantum Chemistry Problem,1999,1999,90364036,0.0150373097545134,98.49626902454865,142.94466652640438,True,/Nemeth/nemeth22,https://sparse.tamu.edu/MM/Nemeth/nemeth22.tar.gz
787,nemeth23,Nemeth,9506,9506,1506810,Subsequent Theoretical/Quantum Chemistry Problem,1999,1999,90364036,0.01667488601328077,98.33251139867191,158.511466442247,True,/Nemeth/nemeth23,https://sparse.tamu.edu/MM/Nemeth/nemeth23.tar.gz
788,nemeth24,Nemeth,9506,9506,1506550,Subsequent Theoretical/Quantum Chemistry Problem,1999,1999,90364036,0.016672008762424025,98.3327991237576,158.48411529560278,True,/Nemeth/nemeth24,https://sparse.tamu.edu/MM/Nemeth/nemeth24.tar.gz
789,nemeth25,Nemeth,9506,9506,1511758,Subsequent Theoretical/Quantum Chemistry Problem,1999,1999,90364036,0.01672964231035453,98.32703576896455,159.03197980223018,True,/Nemeth/nemeth25,https://sparse.tamu.edu/MM/Nemeth/nemeth25.tar.gz
790,nemeth26,Nemeth,9506,9506,1511760,Subsequent Theoretical/Quantum Chemistry Problem,1999,1999,90364036,0.01672966444305343,98.32703355569465,159.0321901956659,True,/Nemeth/nemeth26,https://sparse.tamu.edu/MM/Nemeth/nemeth26.tar.gz
791,aft01,Okunbor,8205,8205,125567,Acoustics Problem,2001,2001,67322025,0.001865169682581592,99.81348303174184,15.303717245581963,True,/Okunbor/aft01,https://sparse.tamu.edu/MM/Okunbor/aft01.tar.gz
792,aft02,Okunbor,8184,8184,127762,Acoustics Problem,2001,2001,66977856,0.001907525973957721,99.80924740260423,15.61119257086999,True,/Okunbor/aft02,https://sparse.tamu.edu/MM/Okunbor/aft02.tar.gz
801,xenon1,Ronis,48600,48600,1181120,Materials Problem,2001,2001,2361960000,0.0005000592728073295,99.94999407271926,24.302880658436212,True,/Ronis/xenon1,https://sparse.tamu.edu/MM/Ronis/xenon1.tar.gz
802,xenon2,Ronis,157464,157464,3866688,Materials Problem,2001,2001,24794911296,0.00015594683739093623,99.9844053162609,24.556012802926382,True,/Ronis/xenon2,https://sparse.tamu.edu/MM/Ronis/xenon2.tar.gz
803,3dtube,Rothberg,45330,45330,3213618,Computational Fluid Dynamics Problem,1997,1997,2054808900,0.0015639498154791914,99.84360501845208,70.89384513567174,True,/Rothberg/3dtube,https://sparse.tamu.edu/MM/Rothberg/3dtube.tar.gz
804,cfd1,Rothberg,70656,70656,1825580,Computational Fluid Dynamics Problem,1997,1997,4992270336,0.00036568131874499516,99.9634318681255,25.837579257246375,True,/Rothberg/cfd1,https://sparse.tamu.edu/MM/Rothberg/cfd1.tar.gz
805,cfd2,Rothberg,123440,123440,3085406,Computational Fluid Dynamics Problem,1997,1997,15237433600,0.00020248856080331008,99.97975114391967,24.995187945560595,True,/Rothberg/cfd2,https://sparse.tamu.edu/MM/Rothberg/cfd2.tar.gz
806,gearbox,Rothberg,153746,153746,9080404,Structural Problem,1997,1997,23637832516,0.00038414706567760164,99.96158529343224,59.06107475966854,True,/Rothberg/gearbox,https://sparse.tamu.edu/MM/Rothberg/gearbox.tar.gz
807,struct3,Rothberg,53570,53570,1173694,Structural Problem,1997,1997,2869744900,0.00040898896623180685,99.95910110337682,21.909538921037893,True,/Rothberg/struct3,https://sparse.tamu.edu/MM/Rothberg/struct3.tar.gz
808,struct4,Rothberg,4350,4350,237798,Structural Problem,1997,1997,18922500,0.012566944114149822,98.74330558858502,54.66620689655172,True,/Rothberg/struct4,https://sparse.tamu.edu/MM/Rothberg/struct4.tar.gz
809,shyy161,Shyy,76480,76480,329762,Computational Fluid Dynamics Problem,1994,1994,5849190400,5.637737489277148e-05,99.99436226251073,4.311741631799163,True,/Shyy/shyy161,https://sparse.tamu.edu/MM/Shyy/shyy161.tar.gz
810,shyy41,Shyy,4720,4720,20042,Computational Fluid Dynamics Problem,1994,1994,22278400,0.0008996157713300776,99.91003842286699,4.246186440677966,True,/Shyy/shyy41,https://sparse.tamu.edu/MM/Shyy/shyy41.tar.gz
811,appu,Simon,14000,14000,1853104,Directed Weighted Random Graph,1993,1993,196000000,0.009454612244897959,99.05453877551021,132.36457142857142,True,/Simon/appu,https://sparse.tamu.edu/MM/Simon/appu.tar.gz
812,bbmat,Simon,38744,38744,1771722,Computational Fluid Dynamics Problem,1993,1993,1501097536,0.0011802843969227594,99.88197156030772,45.728938674375385,True,/Simon/bbmat,https://sparse.tamu.edu/MM/Simon/bbmat.tar.gz
813,olafu,Simon,16146,16146,1015156,Structural Problem,1993,1993,260693316,0.003894062247457085,99.6105937752543,62.87352904744209,True,/Simon/olafu,https://sparse.tamu.edu/MM/Simon/olafu.tar.gz
814,raefsky1,Simon,3242,3242,293409,Computational Fluid Dynamics Problem Sequence,1993,1993,10510564,0.027915628504807163,97.20843714951928,90.50246761258482,True,/Simon/raefsky1,https://sparse.tamu.edu/MM/Simon/raefsky1.tar.gz
815,raefsky2,Simon,3242,3242,293551,Subsequent Computational Fluid Dynamics Problem,1993,1993,10510564,0.027929138721766025,97.20708612782339,90.54626773596546,True,/Simon/raefsky2,https://sparse.tamu.edu/MM/Simon/raefsky2.tar.gz
816,raefsky3,Simon,21200,21200,1488768,Computational Fluid Dynamics Problem,1993,1993,449440000,0.0033124955500178,99.66875044499822,70.22490566037736,True,/Simon/raefsky3,https://sparse.tamu.edu/MM/Simon/raefsky3.tar.gz
817,raefsky4,Simon,19779,19779,1316789,Structural Problem,1993,1993,391208841,0.0033659489817102575,99.66340510182897,66.57510490924719,True,/Simon/raefsky4,https://sparse.tamu.edu/MM/Simon/raefsky4.tar.gz
818,raefsky5,Simon,6316,6316,167178,Structural Problem,1993,1993,39891856,0.004190780193330689,99.58092198066694,26.468967701076632,True,/Simon/raefsky5,https://sparse.tamu.edu/MM/Simon/raefsky5.tar.gz
819,raefsky6,Simon,3402,3402,130371,Structural Problem,1993,1993,11573604,0.011264511901392167,98.87354880986078,38.32186948853616,True,/Simon/raefsky6,https://sparse.tamu.edu/MM/Simon/raefsky6.tar.gz
820,venkat01,Simon,62424,62424,1717792,Computational Fluid Dynamics Problem Sequence,1993,1993,3896755776,0.00044082618946248277,99.95591738105375,27.518134051006022,True,/Simon/venkat01,https://sparse.tamu.edu/MM/Simon/venkat01.tar.gz
821,venkat25,Simon,62424,62424,1717763,Subsequent Computational Fluid Dynamics Problem,1993,1993,3896755776,0.00044081874737432865,99.95591812526257,27.51766948609509,True,/Simon/venkat25,https://sparse.tamu.edu/MM/Simon/venkat25.tar.gz
822,venkat50,Simon,62424,62424,1717777,Subsequent Computational Fluid Dynamics Problem,1993,1993,3896755776,0.00044082234010654097,99.95591776598934,27.517893758810715,True,/Simon/venkat50,https://sparse.tamu.edu/MM/Simon/venkat50.tar.gz
823,utm1700b,TOKAMAK,1700,1700,21509,Electromagnetics Problem,1996,1996,2890000,0.007442560553633218,99.25574394463668,12.65235294117647,True,/TOKAMAK/utm1700b,https://sparse.tamu.edu/MM/TOKAMAK/utm1700b.tar.gz
824,utm300,TOKAMAK,300,300,3155,Electromagnetics Problem,1996,1996,90000,0.035055555555555555,96.49444444444445,10.516666666666667,True,/TOKAMAK/utm300,https://sparse.tamu.edu/MM/TOKAMAK/utm300.tar.gz
825,utm3060,TOKAMAK,3060,3060,42211,Electromagnetics Problem,1996,1996,9363600,0.0045079883805374,99.54920116194626,13.794444444444444,True,/TOKAMAK/utm3060,https://sparse.tamu.edu/MM/TOKAMAK/utm3060.tar.gz
826,utm5940,TOKAMAK,5940,5940,83842,Electromagnetics Problem,1996,1996,35283600,0.0023762314503055246,99.76237685496945,14.114814814814816,True,/TOKAMAK/utm5940,https://sparse.tamu.edu/MM/TOKAMAK/utm5940.tar.gz
827,av41092,Vavasis,41092,41092,1683902,2D/3D Problem,1994,1994,1688552464,0.0009972458871730977,99.90027541128269,40.97882799571693,True,/Vavasis/av41092,https://sparse.tamu.edu/MM/Vavasis/av41092.tar.gz
828,swang1,Wang,3169,3169,20841,Semiconductor Device Problem Sequence,1994,1994,10042561,0.0020752674541882296,99.79247325458118,6.576522562322499,True,/Wang/swang1,https://sparse.tamu.edu/MM/Wang/swang1.tar.gz
829,swang2,Wang,3169,3169,20841,Subsequent Semiconductor Device Problem,1994,1994,10042561,0.0020752674541882296,99.79247325458118,6.576522562322499,True,/Wang/swang2,https://sparse.tamu.edu/MM/Wang/swang2.tar.gz
830,wang1,Wang,2903,2903,19093,Semiconductor Device Problem Sequence,1994,1994,8427409,0.002265583644985072,99.7734416355015,6.576989321391664,True,/Wang/wang1,https://sparse.tamu.edu/MM/Wang/wang1.tar.gz
831,wang2,Wang,2903,2903,19093,Subsequent Semiconductor Device Problem,1994,1994,8427409,0.002265583644985072,99.7734416355015,6.576989321391664,True,/Wang/wang2,https://sparse.tamu.edu/MM/Wang/wang2.tar.gz
832,wang3,Wang,26064,26064,177168,Semiconductor Device Problem,1994,1994,679332096,0.00026079733468091574,99.9739202665319,6.797421731123388,True,/Wang/wang3,https://sparse.tamu.edu/MM/Wang/wang3.tar.gz
833,wang4,Wang,26068,26068,177196,Semiconductor Device Problem,1994,1994,679540624,0.0002607585091189486,99.9739241490881,6.797452815712751,True,/Wang/wang4,https://sparse.tamu.edu/MM/Wang/wang4.tar.gz
834,Zhao1,Zhao,33861,33861,166453,Electromagnetics Problem,2001,2001,1146567321,0.00014517507777460893,99.98548249222254,4.915773308526033,True,/Zhao/Zhao1,https://sparse.tamu.edu/MM/Zhao/Zhao1.tar.gz
835,Zhao2,Zhao,33861,33861,166453,Electromagnetics Problem,2001,2001,1146567321,0.00014517507777460893,99.98548249222254,4.915773308526033,True,/Zhao/Zhao2,https://sparse.tamu.edu/MM/Zhao/Zhao2.tar.gz
836,extr1,Zitney,2837,2837,10967,Chemical Process Simulation Problem,1997,1997,8048569,0.0013626024700788427,99.86373975299212,3.8657032076136764,True,/Zitney/extr1,https://sparse.tamu.edu/MM/Zitney/extr1.tar.gz
837,hydr1,Zitney,5308,5308,22680,Chemical Process Simulation Problem,1997,1997,28174864,0.0008049728296825141,99.91950271703175,4.2727957799547855,True,/Zitney/hydr1,https://sparse.tamu.edu/MM/Zitney/hydr1.tar.gz
838,radfr1,Zitney,1048,1048,13299,Chemical Process Simulation Problem,1997,1997,1098304,0.012108669366587029,98.7891330633413,12.689885496183207,True,/Zitney/radfr1,https://sparse.tamu.edu/MM/Zitney/radfr1.tar.gz
839,rdist1,Zitney,4134,4134,94408,Chemical Process Simulation Problem,1992,1992,17089956,0.005524180401634738,99.44758195983653,22.836961780358006,True,/Zitney/rdist1,https://sparse.tamu.edu/MM/Zitney/rdist1.tar.gz
840,rdist2,Zitney,3198,3198,56834,Chemical Process Simulation Problem,1992,1992,10227204,0.005557139566200107,99.44428604337999,17.77173233270794,True,/Zitney/rdist2,https://sparse.tamu.edu/MM/Zitney/rdist2.tar.gz
841,rdist3a,Zitney,2398,2398,61896,Chemical Process Simulation Problem,1992,1992,5750404,0.010763765467608884,98.9236234532391,25.811509591326104,True,/Zitney/rdist3a,https://sparse.tamu.edu/MM/Zitney/rdist3a.tar.gz
842,k3plates,Cunningham,11107,11107,378927,Acoustics Problem,2002,2002,123365449,0.0030715812496252496,99.69284187503747,34.11605293958765,True,/Cunningham/k3plates,https://sparse.tamu.edu/MM/Cunningham/k3plates.tar.gz
843,m3plates,Cunningham,11107,11107,6639,Acoustics Problem,2002,2002,123365449,5.3815716262662814e-05,99.99461842837374,0.5977311605293959,True,/Cunningham/m3plates,https://sparse.tamu.edu/MM/Cunningham/m3plates.tar.gz
844,qa8fk,Cunningham,66127,66127,1660579,Acoustics Problem,2002,2002,4372780129,0.0003797536009156156,99.96202463990844,25.111966367746913,True,/Cunningham/qa8fk,https://sparse.tamu.edu/MM/Cunningham/qa8fk.tar.gz
845,qa8fm,Cunningham,66127,66127,1660579,Acoustics Problem,2002,2002,4372780129,0.0003797536009156156,99.96202463990844,25.111966367746913,True,/Cunningham/qa8fm,https://sparse.tamu.edu/MM/Cunningham/qa8fm.tar.gz
846,bcsstk39,Boeing,46772,46772,2060662,Structural Problem,2002,2002,2187619984,0.0009419652476533603,99.90580347523466,44.05759856324297,True,/Boeing/bcsstk39,https://sparse.tamu.edu/MM/Boeing/bcsstk39.tar.gz
847,pkustk01,Chen,22044,22044,979380,Structural Problem,2002,2002,485937936,0.002015442564665295,99.79845574353347,44.42841589548176,True,/Chen/pkustk01,https://sparse.tamu.edu/MM/Chen/pkustk01.tar.gz
848,pkustk02,Chen,10800,10800,810000,Structural Problem,2002,2002,116640000,0.006944444444444444,99.30555555555556,75.0,True,/Chen/pkustk02,https://sparse.tamu.edu/MM/Chen/pkustk02.tar.gz
849,pkustk03,Chen,63336,63336,3130416,Structural Problem,2002,2002,4011448896,0.0007803704050976399,99.92196295949024,49.425539977264116,True,/Chen/pkustk03,https://sparse.tamu.edu/MM/Chen/pkustk03.tar.gz
850,pkustk04,Chen,55590,55590,4218660,Structural Problem,2002,2002,3090248100,0.0013651525261030013,99.86348474738969,75.88882892606584,True,/Chen/pkustk04,https://sparse.tamu.edu/MM/Chen/pkustk04.tar.gz
851,pkustk05,Chen,37164,37164,2205144,Structural Problem,2002,2002,1381162896,0.0015965850272884829,99.84034149727115,59.33548595414918,True,/Chen/pkustk05,https://sparse.tamu.edu/MM/Chen/pkustk05.tar.gz
852,pkustk06,Chen,43164,43164,2571768,Structural Problem,2002,2002,1863130896,0.0013803474600316006,99.86196525399684,59.581317764804005,True,/Chen/pkustk06,https://sparse.tamu.edu/MM/Chen/pkustk06.tar.gz
853,pkustk07,Chen,16860,16860,2418804,Structural Problem,2002,2002,284259600,0.008509137422271754,99.14908625777282,143.46405693950177,True,/Chen/pkustk07,https://sparse.tamu.edu/MM/Chen/pkustk07.tar.gz
854,pkustk08,Chen,22209,22209,3226671,Structural Problem,2002,2002,493239681,0.006541791190559139,99.34582088094409,145.28664055112793,True,/Chen/pkustk08,https://sparse.tamu.edu/MM/Chen/pkustk08.tar.gz
855,pkustk09,Chen,33960,33960,1583640,Structural Problem,2002,2002,1153281600,0.0013731598596561326,99.86268401403439,46.63250883392226,True,/Chen/pkustk09,https://sparse.tamu.edu/MM/Chen/pkustk09.tar.gz
856,pkustk10,Chen,80676,80676,4308984,Structural Problem,2002,2002,6508616976,0.0006620429525794852,99.93379570474205,53.41097724230254,True,/Chen/pkustk10,https://sparse.tamu.edu/MM/Chen/pkustk10.tar.gz
857,pkustk11,Chen,87804,87804,5217912,Structural Problem,2002,2002,7709542416,0.0006768121528420422,99.9323187847158,59.42681426814268,True,/Chen/pkustk11,https://sparse.tamu.edu/MM/Chen/pkustk11.tar.gz
858,pkustk12,Chen,94653,94653,7512317,Structural Problem,2002,2002,8959190409,0.0008385040005906632,99.91614959994092,79.36691916790804,True,/Chen/pkustk12,https://sparse.tamu.edu/MM/Chen/pkustk12.tar.gz
859,pkustk13,Chen,94893,94893,6616827,Structural Problem,2002,2002,9004681449,0.0007348207748909119,99.92651792251091,69.72934779172331,True,/Chen/pkustk13,https://sparse.tamu.edu/MM/Chen/pkustk13.tar.gz
860,pkustk14,Chen,151926,151926,14836504,Structural Problem,2002,2002,23081509476,0.0006427874232154053,99.93572125767845,97.65612205942367,True,/Chen/pkustk14,https://sparse.tamu.edu/MM/Chen/pkustk14.tar.gz
861,pivtol,MathWorks,102,102,306,Statistical/Mathematical Problem,2002,2002,10404,0.029411764705882353,97.05882352941177,3.0,True,/MathWorks/pivtol,https://sparse.tamu.edu/MM/MathWorks/pivtol.tar.gz
862,kim1,Kim,38415,38415,933195,2D/3D Problem,2002,2002,1475712225,0.0006323692276791975,99.93676307723209,24.292463881296367,True,/Kim/kim1,https://sparse.tamu.edu/MM/Kim/kim1.tar.gz
863,kim2,Kim,456976,456976,11330020,2D/3D Problem,2002,2002,208827064576,5.425551531361291e-05,99.99457444846864,24.793468365953572,True,/Kim/kim2,https://sparse.tamu.edu/MM/Kim/kim2.tar.gz
864,comsol,Langemyr,1500,1500,97645,Structural Problem,2002,2002,2250000,0.04339777777777778,95.66022222222223,65.09666666666666,True,/Langemyr/comsol,https://sparse.tamu.edu/MM/Langemyr/comsol.tar.gz
865,barth,Pothen,6691,6691,46187,Structural Problem,2003,2003,44769481,0.0010316626185592815,99.89683373814408,6.9028545807801525,True,/Pothen/barth,https://sparse.tamu.edu/MM/Pothen/barth.tar.gz
866,barth4,Pothen,6019,6019,40965,Structural Problem,2003,2003,36228361,0.0011307439494709682,99.8869256050529,6.805947831865758,True,/Pothen/barth4,https://sparse.tamu.edu/MM/Pothen/barth4.tar.gz
867,barth5,Pothen,15606,15606,107362,Structural Problem,2003,2003,243547236,0.00044082618946248277,99.95591738105375,6.879533512751506,True,/Pothen/barth5,https://sparse.tamu.edu/MM/Pothen/barth5.tar.gz
868,bodyy4,Pothen,17546,17546,121550,Structural Problem,2003,2003,307862116,0.000394819608139119,99.96051803918608,6.927504844408982,True,/Pothen/bodyy4,https://sparse.tamu.edu/MM/Pothen/bodyy4.tar.gz
869,bodyy5,Pothen,18589,18589,128853,Structural Problem,2003,2003,345550921,0.0003728914963592298,99.96271085036408,6.931680025821723,True,/Pothen/bodyy5,https://sparse.tamu.edu/MM/Pothen/bodyy5.tar.gz
870,bodyy6,Pothen,19366,19366,134208,Structural Problem,2003,2003,375041956,0.0003578479630156366,99.96421520369843,6.9300836517608175,True,/Pothen/bodyy6,https://sparse.tamu.edu/MM/Pothen/bodyy6.tar.gz
871,commanche_dual,Pothen,7920,7920,31680,Structural Problem,2003,2003,62726400,0.000505050505050505,99.94949494949495,4.0,True,/Pothen/commanche_dual,https://sparse.tamu.edu/MM/Pothen/commanche_dual.tar.gz
872,mesh1e1,Pothen,48,48,306,Structural Problem,2003,2003,2304,0.1328125,86.71875,6.375,True,/Pothen/mesh1e1,https://sparse.tamu.edu/MM/Pothen/mesh1e1.tar.gz
873,mesh1em1,Pothen,48,48,306,Structural Problem,2003,2003,2304,0.1328125,86.71875,6.375,True,/Pothen/mesh1em1,https://sparse.tamu.edu/MM/Pothen/mesh1em1.tar.gz
874,mesh1em6,Pothen,48,48,306,Structural Problem,2003,2003,2304,0.1328125,86.71875,6.375,True,/Pothen/mesh1em6,https://sparse.tamu.edu/MM/Pothen/mesh1em6.tar.gz
875,mesh2e1,Pothen,306,306,2018,Structural Problem,2003,2003,93636,0.021551540005980606,97.84484599940194,6.594771241830065,True,/Pothen/mesh2e1,https://sparse.tamu.edu/MM/Pothen/mesh2e1.tar.gz
876,mesh2em5,Pothen,306,306,2018,Structural Problem,2003,2003,93636,0.021551540005980606,97.84484599940194,6.594771241830065,True,/Pothen/mesh2em5,https://sparse.tamu.edu/MM/Pothen/mesh2em5.tar.gz
877,mesh3e1,Pothen,289,289,1377,Structural Problem,2003,2003,83521,0.01648687156523509,98.35131284347649,4.764705882352941,True,/Pothen/mesh3e1,https://sparse.tamu.edu/MM/Pothen/mesh3e1.tar.gz
878,mesh3em5,Pothen,289,289,1377,Structural Problem,2003,2003,83521,0.01648687156523509,98.35131284347649,4.764705882352941,True,/Pothen/mesh3em5,https://sparse.tamu.edu/MM/Pothen/mesh3em5.tar.gz
879,onera_dual,Pothen,85567,85567,419201,Structural Problem,2003,2003,7321711489,5.7254509499561625e-05,99.99427454905005,4.89909661434899,True,/Pothen/onera_dual,https://sparse.tamu.edu/MM/Pothen/onera_dual.tar.gz
880,pwt,Pothen,36519,36519,326107,Structural Problem,2003,2003,1333637361,0.0002445244933416349,99.97554755066584,8.929789972343164,True,/Pothen/pwt,https://sparse.tamu.edu/MM/Pothen/pwt.tar.gz
881,shuttle_eddy,Pothen,10429,10429,103599,Structural Problem,2003,2003,108764041,0.0009525115014805307,99.90474884985194,9.933742448940455,True,/Pothen/shuttle_eddy,https://sparse.tamu.edu/MM/Pothen/shuttle_eddy.tar.gz
882,skirt,Pothen,12598,12598,196520,Structural Problem,2003,2003,158709604,0.0012382363451678702,99.87617636548322,15.599301476424829,True,/Pothen/skirt,https://sparse.tamu.edu/MM/Pothen/skirt.tar.gz
883,sphere2,Pothen,66,66,450,Structural Problem,2003,2003,4356,0.10330578512396695,89.6694214876033,6.818181818181818,True,/Pothen/sphere2,https://sparse.tamu.edu/MM/Pothen/sphere2.tar.gz
884,sphere3,Pothen,258,258,1794,Structural Problem,2003,2003,66564,0.026951505318190013,97.304849468181,6.953488372093023,True,/Pothen/sphere3,https://sparse.tamu.edu/MM/Pothen/sphere3.tar.gz
885,tandem_dual,Pothen,94069,94069,460493,Structural Problem,2003,2003,8848976761,5.2039124119923765e-05,99.99479608758801,4.895268366837109,True,/Pothen/tandem_dual,https://sparse.tamu.edu/MM/Pothen/tandem_dual.tar.gz
886,tandem_vtx,Pothen,18454,18454,253350,Structural Problem,2003,2003,340550116,0.0007439433672076623,99.92560566327924,13.7287308984502,True,/Pothen/tandem_vtx,https://sparse.tamu.edu/MM/Pothen/tandem_vtx.tar.gz
887,fv1,Norris,9604,9604,85264,2D/3D Problem,2003,2003,92236816,0.0009244031146955463,99.90755968853044,8.877967513536026,True,/Norris/fv1,https://sparse.tamu.edu/MM/Norris/fv1.tar.gz
888,fv2,Norris,9801,9801,87025,2D/3D Problem,2003,2003,96059601,0.0009059479645350598,99.9094052035465,8.879196000408122,True,/Norris/fv2,https://sparse.tamu.edu/MM/Norris/fv2.tar.gz
889,fv3,Norris,9801,9801,87025,2D/3D Problem,2003,2003,96059601,0.0009059479645350598,99.9094052035465,8.879196000408122,True,/Norris/fv3,https://sparse.tamu.edu/MM/Norris/fv3.tar.gz
890,heart1,Norris,3557,3557,1385317,2D/3D Problem,2003,2003,12652249,0.10949175913309958,89.05082408669004,389.46218723643517,True,/Norris/heart1,https://sparse.tamu.edu/MM/Norris/heart1.tar.gz
891,heart2,Norris,2339,2339,680341,2D/3D Problem,2003,2003,5470921,0.12435584429020269,87.56441557097973,290.8683197947841,True,/Norris/heart2,https://sparse.tamu.edu/MM/Norris/heart2.tar.gz
892,heart3,Norris,2339,2339,680341,2D/3D Problem,2003,2003,5470921,0.12435584429020269,87.56441557097973,290.8683197947841,True,/Norris/heart3,https://sparse.tamu.edu/MM/Norris/heart3.tar.gz
893,lung1,Norris,1650,1650,7419,Computational Fluid Dynamics Problem,2003,2003,2722500,0.002725068870523416,99.72749311294766,4.496363636363636,True,/Norris/lung1,https://sparse.tamu.edu/MM/Norris/lung1.tar.gz
894,lung2,Norris,109460,109460,492564,Computational Fluid Dynamics Problem,2003,2003,11981491600,4.11104073219064e-05,99.9958889592678,4.499945185455874,True,/Norris/lung2,https://sparse.tamu.edu/MM/Norris/lung2.tar.gz
895,stomach,Norris,213360,213360,3021648,2D/3D Problem,2003,2003,45522489600,6.637703751597979e-05,99.9933622962484,14.162204724409449,True,/Norris/stomach,https://sparse.tamu.edu/MM/Norris/stomach.tar.gz
896,torso1,Norris,116158,116158,8516500,2D/3D Problem,2003,2003,13492680964,0.000631194054222655,99.93688059457774,73.31823895039516,True,/Norris/torso1,https://sparse.tamu.edu/MM/Norris/torso1.tar.gz
897,torso2,Norris,115967,115967,1033473,2D/3D Problem,2003,2003,13448345089,7.684759672365365e-05,99.99231524032763,8.911785249251942,True,/Norris/torso2,https://sparse.tamu.edu/MM/Norris/torso2.tar.gz
898,torso3,Norris,259156,259156,4429042,2D/3D Problem,2003,2003,67161832336,6.594581842023316e-05,99.99340541815798,17.090254518513945,True,/Norris/torso3,https://sparse.tamu.edu/MM/Norris/torso3.tar.gz
899,e40r0100,Shen,17281,17281,553562,2D/3D Problem,2003,2003,298632961,0.0018536533882473878,99.81463466117526,32.032984202303105,True,/Shen/e40r0100,https://sparse.tamu.edu/MM/Shen/e40r0100.tar.gz
900,shermanACa,Shen,3432,3432,25220,2D/3D Problem,2003,2003,11778624,0.002141166913894187,99.78588330861058,7.348484848484849,True,/Shen/shermanACa,https://sparse.tamu.edu/MM/Shen/shermanACa.tar.gz
901,shermanACb,Shen,18510,18510,145149,2D/3D Problem,2003,2003,342620100,0.00042364414697211285,99.95763558530278,7.8416531604538084,True,/Shen/shermanACb,https://sparse.tamu.edu/MM/Shen/shermanACb.tar.gz
902,shermanACd,Shen,6136,6136,53329,2D/3D Problem,2003,2003,37650496,0.0014164222431492005,99.85835777568508,8.691166883963493,True,/Shen/shermanACd,https://sparse.tamu.edu/MM/Shen/shermanACd.tar.gz
904,cage3,vanHeukelum,5,5,19,Directed Weighted Graph,2003,2003,25,0.76,24.0,3.8,True,/vanHeukelum/cage3,https://sparse.tamu.edu/MM/vanHeukelum/cage3.tar.gz
905,cage4,vanHeukelum,9,9,49,Directed Weighted Graph,2003,2003,81,0.6049382716049383,39.50617283950617,5.444444444444445,True,/vanHeukelum/cage4,https://sparse.tamu.edu/MM/vanHeukelum/cage4.tar.gz
906,cage5,vanHeukelum,37,37,233,Directed Weighted Graph,2003,2003,1369,0.1701972242512783,82.98027757487216,6.297297297297297,True,/vanHeukelum/cage5,https://sparse.tamu.edu/MM/vanHeukelum/cage5.tar.gz
907,cage6,vanHeukelum,93,93,785,Directed Weighted Graph,2003,2003,8649,0.09076193779627703,90.9238062203723,8.440860215053764,True,/vanHeukelum/cage6,https://sparse.tamu.edu/MM/vanHeukelum/cage6.tar.gz
908,cage7,vanHeukelum,340,340,3084,Directed Weighted Graph,2003,2003,115600,0.026678200692041524,97.33217993079585,9.070588235294117,True,/vanHeukelum/cage7,https://sparse.tamu.edu/MM/vanHeukelum/cage7.tar.gz
909,cage8,vanHeukelum,1015,1015,11003,Directed Weighted Graph,2003,2003,1030225,0.010680191220364484,98.93198087796355,10.840394088669951,True,/vanHeukelum/cage8,https://sparse.tamu.edu/MM/vanHeukelum/cage8.tar.gz
910,cage9,vanHeukelum,3534,3534,41594,Directed Weighted Graph,2003,2003,12489156,0.0033304091965862224,99.66695908034137,11.76966610073571,True,/vanHeukelum/cage9,https://sparse.tamu.edu/MM/vanHeukelum/cage9.tar.gz
911,cage10,vanHeukelum,11397,11397,150645,Directed Weighted Graph,2003,2003,129891609,0.0011597746856765782,99.88402253143234,13.217952092655961,True,/vanHeukelum/cage10,https://sparse.tamu.edu/MM/vanHeukelum/cage10.tar.gz
912,cage11,vanHeukelum,39082,39082,559722,Directed Weighted Graph,2003,2003,1527402724,0.0003664534514736141,99.96335465485264,14.321733790491786,True,/vanHeukelum/cage11,https://sparse.tamu.edu/MM/vanHeukelum/cage11.tar.gz
913,cage12,vanHeukelum,130228,130228,2032536,Directed Weighted Graph,2003,2003,16959331984,0.00011984764505568747,99.98801523549443,15.607519120312068,True,/vanHeukelum/cage12,https://sparse.tamu.edu/MM/vanHeukelum/cage12.tar.gz
914,cage13,vanHeukelum,445315,445315,7479343,Directed Weighted Graph,2003,2003,198305449225,3.771627572126794e-05,99.99622837242788,16.795623322816432,True,/vanHeukelum/cage13,https://sparse.tamu.edu/MM/vanHeukelum/cage13.tar.gz
915,cage14,vanHeukelum,1505785,1505785,27130349,Directed Weighted Graph,2003,2003,2267388466225,1.1965461324397409e-05,99.99880345386755,18.017412180357752,True,/vanHeukelum/cage14,https://sparse.tamu.edu/MM/vanHeukelum/cage14.tar.gz
916,cage15,vanHeukelum,5154859,5154859,99199551,Directed Weighted Graph,2003,2003,26572571309881,3.7331558863147235e-06,99.99962668441137,19.24389221897243,True,/vanHeukelum/cage15,https://sparse.tamu.edu/MM/vanHeukelum/cage15.tar.gz
917,fd12,Hohn,7500,7500,28462,Materials Problem,2003,2003,56250000,0.0005059911111111111,99.94940088888889,3.7949333333333333,True,/Hohn/fd12,https://sparse.tamu.edu/MM/Hohn/fd12.tar.gz
918,fd15,Hohn,11532,11532,44206,Materials Problem,2003,2003,132987024,0.0003324083709099318,99.966759162909,3.8333333333333335,True,/Hohn/fd15,https://sparse.tamu.edu/MM/Hohn/fd15.tar.gz
919,fd18,Hohn,16428,16428,63406,Materials Problem,2003,2003,269879184,0.00023494216582483813,99.97650578341751,3.859629900170441,True,/Hohn/fd18,https://sparse.tamu.edu/MM/Hohn/fd18.tar.gz
920,sinc12,Hohn,7500,7500,283992,Materials Problem,2003,2003,56250000,0.005048746666666667,99.49512533333333,37.8656,True,/Hohn/sinc12,https://sparse.tamu.edu/MM/Hohn/sinc12.tar.gz
921,sinc15,Hohn,11532,11532,551184,Materials Problem,2003,2003,132987024,0.004144644969271589,99.58553550307285,47.79604578563996,True,/Hohn/sinc15,https://sparse.tamu.edu/MM/Hohn/sinc15.tar.gz
922,sinc18,Hohn,16428,16428,948696,Materials Problem,2003,2003,269879184,0.0035152618513919916,99.64847381486081,57.748721694667644,True,/Hohn/sinc18,https://sparse.tamu.edu/MM/Hohn/sinc18.tar.gz
923,Alemdar,Alemdar,6245,6245,42581,2D/3D Problem,2003,2003,39000025,0.0010918198129360173,99.8908180187064,6.8184147317854285,True,/Alemdar/Alemdar,https://sparse.tamu.edu/MM/Alemdar/Alemdar.tar.gz
924,Andrews,Andrews,60000,60000,760154,Computer Graphics/Vision Problem,2003,2003,3600000000,0.00021115388888888888,99.97888461111111,12.669233333333333,True,/Andrews/Andrews,https://sparse.tamu.edu/MM/Andrews/Andrews.tar.gz
925,ns3Da,FEMLAB,20414,20414,1679599,Computational Fluid Dynamics Problem,2003,2003,416731396,0.004030411473965355,99.59695885260346,82.27681982952876,True,/FEMLAB/ns3Da,https://sparse.tamu.edu/MM/FEMLAB/ns3Da.tar.gz
926,poisson2D,FEMLAB,367,367,2417,Computational Fluid Dynamics Problem,2003,2003,134689,0.017945043767494003,98.2054956232506,6.5858310626703,True,/FEMLAB/poisson2D,https://sparse.tamu.edu/MM/FEMLAB/poisson2D.tar.gz
927,poisson3Da,FEMLAB,13514,13514,352762,Computational Fluid Dynamics Problem,2003,2003,182628196,0.001931585635330921,99.80684143646691,26.103448275862068,True,/FEMLAB/poisson3Da,https://sparse.tamu.edu/MM/FEMLAB/poisson3Da.tar.gz
928,poisson3Db,FEMLAB,85623,85623,2374949,Computational Fluid Dynamics Problem,2003,2003,7331298129,0.0003239465860221328,99.96760534139779,27.73727853497308,True,/FEMLAB/poisson3Db,https://sparse.tamu.edu/MM/FEMLAB/poisson3Db.tar.gz
929,problem1,FEMLAB,415,415,2779,2D/3D Problem,2003,2003,172225,0.01613586877631006,98.38641312236899,6.696385542168675,True,/FEMLAB/problem1,https://sparse.tamu.edu/MM/FEMLAB/problem1.tar.gz
930,sme3Da,FEMLAB,12504,12504,874887,Structural Problem,2003,2003,156350016,0.005595694982212218,99.44043050177878,69.96857005758157,True,/FEMLAB/sme3Da,https://sparse.tamu.edu/MM/FEMLAB/sme3Da.tar.gz
931,sme3Db,FEMLAB,29067,29067,2081063,Structural Problem,2003,2003,844890489,0.002463115666579601,99.75368843334203,71.59538308046926,True,/FEMLAB/sme3Db,https://sparse.tamu.edu/MM/FEMLAB/sme3Db.tar.gz
932,sme3Dc,FEMLAB,42930,42930,3148656,Structural Problem,2003,2003,1842984900,0.001708454583648515,99.82915454163515,73.34395527603074,True,/FEMLAB/sme3Dc,https://sparse.tamu.edu/MM/FEMLAB/sme3Dc.tar.gz
933,waveguide3D,FEMLAB,21036,21036,303468,Electromagnetics Problem,2003,2003,442513296,0.0006857827838013708,99.93142172161986,14.426126640045636,True,/FEMLAB/waveguide3D,https://sparse.tamu.edu/MM/FEMLAB/waveguide3D.tar.gz
934,cell1,Lucifora,7055,7055,30082,Directed Weighted Graph,2003,2003,49773025,0.0006043835993492459,99.93956164006508,4.26392629340893,True,/Lucifora/cell1,https://sparse.tamu.edu/MM/Lucifora/cell1.tar.gz
935,cell2,Lucifora,7055,7055,30082,Directed Weighted Graph,2003,2003,49773025,0.0006043835993492459,99.93956164006508,4.26392629340893,True,/Lucifora/cell2,https://sparse.tamu.edu/MM/Lucifora/cell2.tar.gz
936,nd3k,ND,9000,9000,3279690,2D/3D Problem,2003,2003,81000000,0.04049,95.951,364.41,True,/ND/nd3k,https://sparse.tamu.edu/MM/ND/nd3k.tar.gz
937,nd6k,ND,18000,18000,6897316,2D/3D Problem,2003,2003,324000000,0.02128801234567901,97.8711987654321,383.1842222222222,True,/ND/nd6k,https://sparse.tamu.edu/MM/ND/nd6k.tar.gz
938,nd12k,ND,36000,36000,14220946,2D/3D Problem,2003,2003,1296000000,0.010972952160493828,98.90270478395061,395.02627777777775,True,/ND/nd12k,https://sparse.tamu.edu/MM/ND/nd12k.tar.gz
939,nd24k,ND,72000,72000,28715634,2D/3D Problem,2003,2003,5184000000,0.00553928125,99.446071875,398.82825,True,/ND/nd24k,https://sparse.tamu.edu/MM/ND/nd24k.tar.gz
940,af_shell1,Schenk_AFE,504855,504855,17562051,Structural Problem Sequence,2003,2003,254878571025,6.890359958223953e-05,99.99310964004178,34.78632676709154,True,/Schenk_AFE/af_shell1,https://sparse.tamu.edu/MM/Schenk_AFE/af_shell1.tar.gz
941,af_shell2,Schenk_AFE,504855,504855,17562051,Subsequent Structural Problem,2003,2003,254878571025,6.890359958223953e-05,99.99310964004178,34.78632676709154,True,/Schenk_AFE/af_shell2,https://sparse.tamu.edu/MM/Schenk_AFE/af_shell2.tar.gz
942,af_shell3,Schenk_AFE,504855,504855,17562051,Subsequent Structural Problem,2003,2003,254878571025,6.890359958223953e-05,99.99310964004178,34.78632676709154,True,/Schenk_AFE/af_shell3,https://sparse.tamu.edu/MM/Schenk_AFE/af_shell3.tar.gz
943,af_shell4,Schenk_AFE,504855,504855,17562051,Subsequent Structural Problem,2003,2003,254878571025,6.890359958223953e-05,99.99310964004178,34.78632676709154,True,/Schenk_AFE/af_shell4,https://sparse.tamu.edu/MM/Schenk_AFE/af_shell4.tar.gz
944,af_shell5,Schenk_AFE,504855,504855,17579155,Subsequent Structural Problem,2003,2003,254878571025,6.897070604760936e-05,99.99310292939523,34.82020580166582,True,/Schenk_AFE/af_shell5,https://sparse.tamu.edu/MM/Schenk_AFE/af_shell5.tar.gz
945,af_shell6,Schenk_AFE,504855,504855,17579155,Subsequent Structural Problem,2003,2003,254878571025,6.897070604760936e-05,99.99310292939523,34.82020580166582,True,/Schenk_AFE/af_shell6,https://sparse.tamu.edu/MM/Schenk_AFE/af_shell6.tar.gz
946,af_shell7,Schenk_AFE,504855,504855,17579155,Subsequent Structural Problem,2003,2003,254878571025,6.897070604760936e-05,99.99310292939523,34.82020580166582,True,/Schenk_AFE/af_shell7,https://sparse.tamu.edu/MM/Schenk_AFE/af_shell7.tar.gz
947,af_shell8,Schenk_AFE,504855,504855,17579155,Subsequent Structural Problem,2003,2003,254878571025,6.897070604760936e-05,99.99310292939523,34.82020580166582,True,/Schenk_AFE/af_shell8,https://sparse.tamu.edu/MM/Schenk_AFE/af_shell8.tar.gz
948,af_shell9,Schenk_AFE,504855,504855,17588845,Subsequent Structural Problem,2003,2003,254878571025,6.900872415152854e-05,99.99309912758486,34.839399431519944,True,/Schenk_AFE/af_shell9,https://sparse.tamu.edu/MM/Schenk_AFE/af_shell9.tar.gz
949,c-62,Schenk_IBMNA,41731,41731,559341,Optimization Problem Sequence,2003,2003,1741476361,0.0003211878223134836,99.96788121776865,13.403489012963984,True,/Schenk_IBMNA/c-62,https://sparse.tamu.edu/MM/Schenk_IBMNA/c-62.tar.gz
950,c-64,Schenk_IBMNA,51035,51035,707985,Optimization Problem Sequence,2003,2003,2604571225,0.0002718240120310014,99.97281759879691,13.872538454002155,True,/Schenk_IBMNA/c-64,https://sparse.tamu.edu/MM/Schenk_IBMNA/c-64.tar.gz
951,c-66,Schenk_IBMNA,49989,49989,444853,Optimization Problem Sequence,2003,2003,2498900121,0.0001780195199726432,99.98219804800273,8.899017783912461,True,/Schenk_IBMNA/c-66,https://sparse.tamu.edu/MM/Schenk_IBMNA/c-66.tar.gz
952,c-67,Schenk_IBMNA,57975,57975,530229,Optimization Problem Sequence,2003,2003,3361100625,0.00015775457481282637,99.98422454251872,9.145821474773609,True,/Schenk_IBMNA/c-67,https://sparse.tamu.edu/MM/Schenk_IBMNA/c-67.tar.gz
953,c-73,Schenk_IBMNA,169422,169422,1279274,Optimization Problem Sequence,2003,2003,28703814084,4.4568084096987286e-05,99.9955431915903,7.550813943879779,True,/Schenk_IBMNA/c-73,https://sparse.tamu.edu/MM/Schenk_IBMNA/c-73.tar.gz
954,2D_27628_bjtcai,Schenk_IBMSDS,27628,27628,206670,Semiconductor Device Problem,2003,2003,763306384,0.000270756283888227,99.97292437161119,7.480454611263935,True,/Schenk_IBMSDS/2D_27628_bjtcai,https://sparse.tamu.edu/MM/Schenk_IBMSDS/2D_27628_bjtcai.tar.gz
955,2D_54019_highK,Schenk_IBMSDS,54019,54019,486129,Semiconductor Device Problem,2003,2003,2918052361,0.00016659365215551046,99.98334063478444,8.99922249578852,True,/Schenk_IBMSDS/2D_54019_highK,https://sparse.tamu.edu/MM/Schenk_IBMSDS/2D_54019_highK.tar.gz
956,3D_28984_Tetra,Schenk_IBMSDS,28984,28984,285092,Semiconductor Device Problem,2003,2003,840072256,0.00033936604615115393,99.96606339538488,9.836185481645046,True,/Schenk_IBMSDS/3D_28984_Tetra,https://sparse.tamu.edu/MM/Schenk_IBMSDS/3D_28984_Tetra.tar.gz
957,3D_51448_3D,Schenk_IBMSDS,51448,51448,537038,Semiconductor Device Problem,2003,2003,2646896704,0.00020289344846303455,99.9797106551537,10.438462136526201,True,/Schenk_IBMSDS/3D_51448_3D,https://sparse.tamu.edu/MM/Schenk_IBMSDS/3D_51448_3D.tar.gz
958,ibm_matrix_2,Schenk_IBMSDS,51448,51448,537038,Semiconductor Device Problem,2003,2003,2646896704,0.00020289344846303455,99.9797106551537,10.438462136526201,True,/Schenk_IBMSDS/ibm_matrix_2,https://sparse.tamu.edu/MM/Schenk_IBMSDS/ibm_matrix_2.tar.gz
959,matrix_9,Schenk_IBMSDS,103430,103430,1205518,Semiconductor Device Problem,2003,2003,10697764900,0.00011268877296041531,99.98873112270395,11.655399787295755,True,/Schenk_IBMSDS/matrix_9,https://sparse.tamu.edu/MM/Schenk_IBMSDS/matrix_9.tar.gz
960,matrix-new_3,Schenk_IBMSDS,125329,125329,893984,Semiconductor Device Problem,2003,2003,15707358241,5.691498126441694e-05,99.99430850187356,7.13309768688811,True,/Schenk_IBMSDS/matrix-new_3,https://sparse.tamu.edu/MM/Schenk_IBMSDS/matrix-new_3.tar.gz
961,barrier2-10,Schenk_ISEI,115625,115625,2158759,Subsequent Semiconductor Device Problem,2003,2003,13369140625,0.00016147328093498903,99.9838526719065,18.670348108108108,True,/Schenk_ISEI/barrier2-10,https://sparse.tamu.edu/MM/Schenk_ISEI/barrier2-10.tar.gz
962,barrier2-11,Schenk_ISEI,115625,115625,2158759,Subsequent Semiconductor Device Problem,2003,2003,13369140625,0.00016147328093498903,99.9838526719065,18.670348108108108,True,/Schenk_ISEI/barrier2-11,https://sparse.tamu.edu/MM/Schenk_ISEI/barrier2-11.tar.gz
963,barrier2-12,Schenk_ISEI,115625,115625,2158759,Subsequent Semiconductor Device Problem,2003,2003,13369140625,0.00016147328093498903,99.9838526719065,18.670348108108108,True,/Schenk_ISEI/barrier2-12,https://sparse.tamu.edu/MM/Schenk_ISEI/barrier2-12.tar.gz
964,barrier2-1,Schenk_ISEI,113076,113076,2129496,Semiconductor Device Problem Sequence,2003,2003,12786181776,0.00016654667024968472,99.98334533297502,18.832431285153348,True,/Schenk_ISEI/barrier2-1,https://sparse.tamu.edu/MM/Schenk_ISEI/barrier2-1.tar.gz
965,barrier2-2,Schenk_ISEI,113076,113076,2129496,Subsequent Semiconductor Device Problem,2003,2003,12786181776,0.00016654667024968472,99.98334533297502,18.832431285153348,True,/Schenk_ISEI/barrier2-2,https://sparse.tamu.edu/MM/Schenk_ISEI/barrier2-2.tar.gz
966,barrier2-3,Schenk_ISEI,113076,113076,2129496,Subsequent Semiconductor Device Problem,2003,2003,12786181776,0.00016654667024968472,99.98334533297502,18.832431285153348,True,/Schenk_ISEI/barrier2-3,https://sparse.tamu.edu/MM/Schenk_ISEI/barrier2-3.tar.gz
967,barrier2-4,Schenk_ISEI,113076,113076,2129496,Subsequent Semiconductor Device Problem,2003,2003,12786181776,0.00016654667024968472,99.98334533297502,18.832431285153348,True,/Schenk_ISEI/barrier2-4,https://sparse.tamu.edu/MM/Schenk_ISEI/barrier2-4.tar.gz
968,barrier2-9,Schenk_ISEI,115625,115625,2158759,Semiconductor Device Problem Sequence,2003,2003,13369140625,0.00016147328093498903,99.9838526719065,18.670348108108108,True,/Schenk_ISEI/barrier2-9,https://sparse.tamu.edu/MM/Schenk_ISEI/barrier2-9.tar.gz
969,igbt3,Schenk_ISEI,10938,10938,130500,Semiconductor Device Problem,2003,2003,119639844,0.0010907737392235315,99.89092262607765,11.930883159626989,True,/Schenk_ISEI/igbt3,https://sparse.tamu.edu/MM/Schenk_ISEI/igbt3.tar.gz
970,nmos3,Schenk_ISEI,18588,18588,237130,Semiconductor Device Problem,2003,2003,345513744,0.0006863113381677807,99.93136886618322,12.757155153862707,True,/Schenk_ISEI/nmos3,https://sparse.tamu.edu/MM/Schenk_ISEI/nmos3.tar.gz
971,ohne2,Schenk_ISEI,181343,181343,6869939,Semiconductor Device Problem,2003,2003,32885283649,0.00020890618044612505,99.97910938195538,37.883673480641654,True,/Schenk_ISEI/ohne2,https://sparse.tamu.edu/MM/Schenk_ISEI/ohne2.tar.gz
972,para-10,Schenk_ISEI,155924,155924,2094873,Subsequent Semiconductor Device Problem,2003,2003,24312293776,8.616517303143006e-05,99.99138348269686,13.4352184397527,True,/Schenk_ISEI/para-10,https://sparse.tamu.edu/MM/Schenk_ISEI/para-10.tar.gz
973,para-4,Schenk_ISEI,153226,153226,2930882,Semiconductor Device Problem,2003,2003,23478207076,0.0001248341489838898,99.98751658510162,19.1278373122055,True,/Schenk_ISEI/para-4,https://sparse.tamu.edu/MM/Schenk_ISEI/para-4.tar.gz
974,para-5,Schenk_ISEI,155924,155924,2094873,Semiconductor Device Problem Sequence,2003,2003,24312293776,8.616517303143006e-05,99.99138348269686,13.4352184397527,True,/Schenk_ISEI/para-5,https://sparse.tamu.edu/MM/Schenk_ISEI/para-5.tar.gz
975,para-6,Schenk_ISEI,155924,155924,2094873,Subsequent Semiconductor Device Problem,2003,2003,24312293776,8.616517303143006e-05,99.99138348269686,13.4352184397527,True,/Schenk_ISEI/para-6,https://sparse.tamu.edu/MM/Schenk_ISEI/para-6.tar.gz
976,para-7,Schenk_ISEI,155924,155924,2094873,Subsequent Semiconductor Device Problem,2003,2003,24312293776,8.616517303143006e-05,99.99138348269686,13.4352184397527,True,/Schenk_ISEI/para-7,https://sparse.tamu.edu/MM/Schenk_ISEI/para-7.tar.gz
977,para-8,Schenk_ISEI,155924,155924,2094873,Subsequent Semiconductor Device Problem,2003,2003,24312293776,8.616517303143006e-05,99.99138348269686,13.4352184397527,True,/Schenk_ISEI/para-8,https://sparse.tamu.edu/MM/Schenk_ISEI/para-8.tar.gz
978,para-9,Schenk_ISEI,155924,155924,2094873,Subsequent Semiconductor Device Problem,2003,2003,24312293776,8.616517303143006e-05,99.99138348269686,13.4352184397527,True,/Schenk_ISEI/para-9,https://sparse.tamu.edu/MM/Schenk_ISEI/para-9.tar.gz
979,Stanford,Kamvar,281903,281903,2312497,Directed Graph,2003,2003,79469301409,2.9099249131415e-05,99.99709007508686,8.203165627893283,True,/Kamvar/Stanford,https://sparse.tamu.edu/MM/Kamvar/Stanford.tar.gz
980,Stanford_Berkeley,Kamvar,683446,683446,7583376,Directed Graph,2003,2003,467098434916,1.623507045439736e-05,99.99837649295455,11.095793961776058,True,/Kamvar/Stanford_Berkeley,https://sparse.tamu.edu/MM/Kamvar/Stanford_Berkeley.tar.gz
982,language,Tromble,399130,399130,1216334,Directed Weighted Graph,2003,2003,159304756900,7.635264782228233e-06,99.99923647352178,3.0474632325307542,True,/Tromble/language,https://sparse.tamu.edu/MM/Tromble/language.tar.gz
983,ecl32,Sanghavi,51993,51993,380415,Semiconductor Device Problem,2003,2003,2703272049,0.00014072390536524945,99.98592760946347,7.316658011655415,True,/Sanghavi/ecl32,https://sparse.tamu.edu/MM/Sanghavi/ecl32.tar.gz
984,adder_dcop_01,Sandia,1813,1813,11156,Subsequent Circuit Simulation Problem,2003,2003,3286969,0.0033940082793601036,99.660599172064,6.153337010479867,True,/Sandia/adder_dcop_01,https://sparse.tamu.edu/MM/Sandia/adder_dcop_01.tar.gz
985,adder_dcop_02,Sandia,1813,1813,11246,Subsequent Circuit Simulation Problem,2003,2003,3286969,0.003421389127795242,99.65786108722048,6.202978488692774,True,/Sandia/adder_dcop_02,https://sparse.tamu.edu/MM/Sandia/adder_dcop_02.tar.gz
986,adder_dcop_03,Sandia,1813,1813,11148,Subsequent Circuit Simulation Problem,2003,2003,3286969,0.0033915744261658687,99.6608425573834,6.148924434638721,True,/Sandia/adder_dcop_03,https://sparse.tamu.edu/MM/Sandia/adder_dcop_03.tar.gz
987,adder_dcop_04,Sandia,1813,1813,11107,Subsequent Circuit Simulation Problem,2003,2003,3286969,0.0033791009285454167,99.66208990714546,6.126309983452841,True,/Sandia/adder_dcop_04,https://sparse.tamu.edu/MM/Sandia/adder_dcop_04.tar.gz
988,adder_dcop_05,Sandia,1813,1813,11097,Subsequent Circuit Simulation Problem,2003,2003,3286969,0.0033760586120526234,99.66239413879474,6.1207942636514066,True,/Sandia/adder_dcop_05,https://sparse.tamu.edu/MM/Sandia/adder_dcop_05.tar.gz
989,adder_dcop_06,Sandia,1813,1813,11224,Subsequent Circuit Simulation Problem,2003,2003,3286969,0.003414696031511097,99.65853039684889,6.190843905129619,True,/Sandia/adder_dcop_06,https://sparse.tamu.edu/MM/Sandia/adder_dcop_06.tar.gz
990,adder_dcop_07,Sandia,1813,1813,11226,Subsequent Circuit Simulation Problem,2003,2003,3286969,0.003415304494809656,99.65846955051903,6.191947049089906,True,/Sandia/adder_dcop_07,https://sparse.tamu.edu/MM/Sandia/adder_dcop_07.tar.gz
991,adder_dcop_08,Sandia,1813,1813,11242,Subsequent Circuit Simulation Problem,2003,2003,3286969,0.003420172201198125,99.65798277988019,6.2007722007722,True,/Sandia/adder_dcop_08,https://sparse.tamu.edu/MM/Sandia/adder_dcop_08.tar.gz
992,adder_dcop_09,Sandia,1813,1813,11239,Subsequent Circuit Simulation Problem,2003,2003,3286969,0.003419259506250287,99.65807404937496,6.1991174848317705,True,/Sandia/adder_dcop_09,https://sparse.tamu.edu/MM/Sandia/adder_dcop_09.tar.gz
993,adder_dcop_10,Sandia,1813,1813,11232,Subsequent Circuit Simulation Problem,2003,2003,3286969,0.003417129884705332,99.65828701152947,6.195256480970767,True,/Sandia/adder_dcop_10,https://sparse.tamu.edu/MM/Sandia/adder_dcop_10.tar.gz
994,adder_dcop_11,Sandia,1813,1813,11243,Subsequent Circuit Simulation Problem,2003,2003,3286969,0.0034204764328474046,99.65795235671526,6.201323772752344,True,/Sandia/adder_dcop_11,https://sparse.tamu.edu/MM/Sandia/adder_dcop_11.tar.gz
995,adder_dcop_12,Sandia,1813,1813,11246,Subsequent Circuit Simulation Problem,2003,2003,3286969,0.003421389127795242,99.65786108722048,6.202978488692774,True,/Sandia/adder_dcop_12,https://sparse.tamu.edu/MM/Sandia/adder_dcop_12.tar.gz
996,adder_dcop_13,Sandia,1813,1813,11245,Subsequent Circuit Simulation Problem,2003,2003,3286969,0.003421084896145963,99.6578915103854,6.202426916712631,True,/Sandia/adder_dcop_13,https://sparse.tamu.edu/MM/Sandia/adder_dcop_13.tar.gz
997,adder_dcop_14,Sandia,1813,1813,11246,Subsequent Circuit Simulation Problem,2003,2003,3286969,0.003421389127795242,99.65786108722048,6.202978488692774,True,/Sandia/adder_dcop_14,https://sparse.tamu.edu/MM/Sandia/adder_dcop_14.tar.gz
998,adder_dcop_15,Sandia,1813,1813,11246,Subsequent Circuit Simulation Problem,2003,2003,3286969,0.003421389127795242,99.65786108722048,6.202978488692774,True,/Sandia/adder_dcop_15,https://sparse.tamu.edu/MM/Sandia/adder_dcop_15.tar.gz
999,adder_dcop_16,Sandia,1813,1813,11246,Subsequent Circuit Simulation Problem,2003,2003,3286969,0.003421389127795242,99.65786108722048,6.202978488692774,True,/Sandia/adder_dcop_16,https://sparse.tamu.edu/MM/Sandia/adder_dcop_16.tar.gz
1000,adder_dcop_17,Sandia,1813,1813,11246,Subsequent Circuit Simulation Problem,2003,2003,3286969,0.003421389127795242,99.65786108722048,6.202978488692774,True,/Sandia/adder_dcop_17,https://sparse.tamu.edu/MM/Sandia/adder_dcop_17.tar.gz
1001,adder_dcop_18,Sandia,1813,1813,11246,Subsequent Circuit Simulation Problem,2003,2003,3286969,0.003421389127795242,99.65786108722048,6.202978488692774,True,/Sandia/adder_dcop_18,https://sparse.tamu.edu/MM/Sandia/adder_dcop_18.tar.gz
1002,adder_dcop_19,Sandia,1813,1813,11245,Subsequent Circuit Simulation Problem,2003,2003,3286969,0.003421084896145963,99.6578915103854,6.202426916712631,True,/Sandia/adder_dcop_19,https://sparse.tamu.edu/MM/Sandia/adder_dcop_19.tar.gz
1003,adder_dcop_20,Sandia,1813,1813,11246,Subsequent Circuit Simulation Problem,2003,2003,3286969,0.003421389127795242,99.65786108722048,6.202978488692774,True,/Sandia/adder_dcop_20,https://sparse.tamu.edu/MM/Sandia/adder_dcop_20.tar.gz
1004,adder_dcop_21,Sandia,1813,1813,11246,Subsequent Circuit Simulation Problem,2003,2003,3286969,0.003421389127795242,99.65786108722048,6.202978488692774,True,/Sandia/adder_dcop_21,https://sparse.tamu.edu/MM/Sandia/adder_dcop_21.tar.gz
1005,adder_dcop_22,Sandia,1813,1813,11246,Subsequent Circuit Simulation Problem,2003,2003,3286969,0.003421389127795242,99.65786108722048,6.202978488692774,True,/Sandia/adder_dcop_22,https://sparse.tamu.edu/MM/Sandia/adder_dcop_22.tar.gz
1006,adder_dcop_23,Sandia,1813,1813,11246,Subsequent Circuit Simulation Problem,2003,2003,3286969,0.003421389127795242,99.65786108722048,6.202978488692774,True,/Sandia/adder_dcop_23,https://sparse.tamu.edu/MM/Sandia/adder_dcop_23.tar.gz
1007,adder_dcop_24,Sandia,1813,1813,11246,Subsequent Circuit Simulation Problem,2003,2003,3286969,0.003421389127795242,99.65786108722048,6.202978488692774,True,/Sandia/adder_dcop_24,https://sparse.tamu.edu/MM/Sandia/adder_dcop_24.tar.gz
1008,adder_dcop_25,Sandia,1813,1813,11246,Subsequent Circuit Simulation Problem,2003,2003,3286969,0.003421389127795242,99.65786108722048,6.202978488692774,True,/Sandia/adder_dcop_25,https://sparse.tamu.edu/MM/Sandia/adder_dcop_25.tar.gz
1009,adder_dcop_26,Sandia,1813,1813,11246,Subsequent Circuit Simulation Problem,2003,2003,3286969,0.003421389127795242,99.65786108722048,6.202978488692774,True,/Sandia/adder_dcop_26,https://sparse.tamu.edu/MM/Sandia/adder_dcop_26.tar.gz
1010,adder_dcop_27,Sandia,1813,1813,11246,Subsequent Circuit Simulation Problem,2003,2003,3286969,0.003421389127795242,99.65786108722048,6.202978488692774,True,/Sandia/adder_dcop_27,https://sparse.tamu.edu/MM/Sandia/adder_dcop_27.tar.gz
1011,adder_dcop_28,Sandia,1813,1813,11246,Subsequent Circuit Simulation Problem,2003,2003,3286969,0.003421389127795242,99.65786108722048,6.202978488692774,True,/Sandia/adder_dcop_28,https://sparse.tamu.edu/MM/Sandia/adder_dcop_28.tar.gz
1012,adder_dcop_29,Sandia,1813,1813,11246,Subsequent Circuit Simulation Problem,2003,2003,3286969,0.003421389127795242,99.65786108722048,6.202978488692774,True,/Sandia/adder_dcop_29,https://sparse.tamu.edu/MM/Sandia/adder_dcop_29.tar.gz
1013,adder_dcop_30,Sandia,1813,1813,11246,Subsequent Circuit Simulation Problem,2003,2003,3286969,0.003421389127795242,99.65786108722048,6.202978488692774,True,/Sandia/adder_dcop_30,https://sparse.tamu.edu/MM/Sandia/adder_dcop_30.tar.gz
1014,adder_dcop_31,Sandia,1813,1813,11246,Subsequent Circuit Simulation Problem,2003,2003,3286969,0.003421389127795242,99.65786108722048,6.202978488692774,True,/Sandia/adder_dcop_31,https://sparse.tamu.edu/MM/Sandia/adder_dcop_31.tar.gz
1015,adder_dcop_32,Sandia,1813,1813,11246,Subsequent Circuit Simulation Problem,2003,2003,3286969,0.003421389127795242,99.65786108722048,6.202978488692774,True,/Sandia/adder_dcop_32,https://sparse.tamu.edu/MM/Sandia/adder_dcop_32.tar.gz
1016,adder_dcop_33,Sandia,1813,1813,11246,Subsequent Circuit Simulation Problem,2003,2003,3286969,0.003421389127795242,99.65786108722048,6.202978488692774,True,/Sandia/adder_dcop_33,https://sparse.tamu.edu/MM/Sandia/adder_dcop_33.tar.gz
1017,adder_dcop_34,Sandia,1813,1813,11246,Subsequent Circuit Simulation Problem,2003,2003,3286969,0.003421389127795242,99.65786108722048,6.202978488692774,True,/Sandia/adder_dcop_34,https://sparse.tamu.edu/MM/Sandia/adder_dcop_34.tar.gz
1018,adder_dcop_35,Sandia,1813,1813,11246,Subsequent Circuit Simulation Problem,2003,2003,3286969,0.003421389127795242,99.65786108722048,6.202978488692774,True,/Sandia/adder_dcop_35,https://sparse.tamu.edu/MM/Sandia/adder_dcop_35.tar.gz
1019,adder_dcop_36,Sandia,1813,1813,11246,Subsequent Circuit Simulation Problem,2003,2003,3286969,0.003421389127795242,99.65786108722048,6.202978488692774,True,/Sandia/adder_dcop_36,https://sparse.tamu.edu/MM/Sandia/adder_dcop_36.tar.gz
1020,adder_dcop_37,Sandia,1813,1813,11246,Subsequent Circuit Simulation Problem,2003,2003,3286969,0.003421389127795242,99.65786108722048,6.202978488692774,True,/Sandia/adder_dcop_37,https://sparse.tamu.edu/MM/Sandia/adder_dcop_37.tar.gz
1021,adder_dcop_38,Sandia,1813,1813,11246,Subsequent Circuit Simulation Problem,2003,2003,3286969,0.003421389127795242,99.65786108722048,6.202978488692774,True,/Sandia/adder_dcop_38,https://sparse.tamu.edu/MM/Sandia/adder_dcop_38.tar.gz
1022,adder_dcop_39,Sandia,1813,1813,11246,Subsequent Circuit Simulation Problem,2003,2003,3286969,0.003421389127795242,99.65786108722048,6.202978488692774,True,/Sandia/adder_dcop_39,https://sparse.tamu.edu/MM/Sandia/adder_dcop_39.tar.gz
1023,adder_dcop_40,Sandia,1813,1813,11246,Subsequent Circuit Simulation Problem,2003,2003,3286969,0.003421389127795242,99.65786108722048,6.202978488692774,True,/Sandia/adder_dcop_40,https://sparse.tamu.edu/MM/Sandia/adder_dcop_40.tar.gz
1024,adder_dcop_41,Sandia,1813,1813,11246,Subsequent Circuit Simulation Problem,2003,2003,3286969,0.003421389127795242,99.65786108722048,6.202978488692774,True,/Sandia/adder_dcop_41,https://sparse.tamu.edu/MM/Sandia/adder_dcop_41.tar.gz
1025,adder_dcop_42,Sandia,1813,1813,11246,Subsequent Circuit Simulation Problem,2003,2003,3286969,0.003421389127795242,99.65786108722048,6.202978488692774,True,/Sandia/adder_dcop_42,https://sparse.tamu.edu/MM/Sandia/adder_dcop_42.tar.gz
1026,adder_dcop_43,Sandia,1813,1813,11246,Subsequent Circuit Simulation Problem,2003,2003,3286969,0.003421389127795242,99.65786108722048,6.202978488692774,True,/Sandia/adder_dcop_43,https://sparse.tamu.edu/MM/Sandia/adder_dcop_43.tar.gz
1027,adder_dcop_44,Sandia,1813,1813,11245,Subsequent Circuit Simulation Problem,2003,2003,3286969,0.003421084896145963,99.6578915103854,6.202426916712631,True,/Sandia/adder_dcop_44,https://sparse.tamu.edu/MM/Sandia/adder_dcop_44.tar.gz
1028,adder_dcop_45,Sandia,1813,1813,11246,Subsequent Circuit Simulation Problem,2003,2003,3286969,0.003421389127795242,99.65786108722048,6.202978488692774,True,/Sandia/adder_dcop_45,https://sparse.tamu.edu/MM/Sandia/adder_dcop_45.tar.gz
1029,adder_dcop_46,Sandia,1813,1813,11246,Subsequent Circuit Simulation Problem,2003,2003,3286969,0.003421389127795242,99.65786108722048,6.202978488692774,True,/Sandia/adder_dcop_46,https://sparse.tamu.edu/MM/Sandia/adder_dcop_46.tar.gz
1030,adder_dcop_47,Sandia,1813,1813,11246,Subsequent Circuit Simulation Problem,2003,2003,3286969,0.003421389127795242,99.65786108722048,6.202978488692774,True,/Sandia/adder_dcop_47,https://sparse.tamu.edu/MM/Sandia/adder_dcop_47.tar.gz
1031,adder_dcop_48,Sandia,1813,1813,11246,Subsequent Circuit Simulation Problem,2003,2003,3286969,0.003421389127795242,99.65786108722048,6.202978488692774,True,/Sandia/adder_dcop_48,https://sparse.tamu.edu/MM/Sandia/adder_dcop_48.tar.gz
1032,adder_dcop_49,Sandia,1813,1813,11246,Subsequent Circuit Simulation Problem,2003,2003,3286969,0.003421389127795242,99.65786108722048,6.202978488692774,True,/Sandia/adder_dcop_49,https://sparse.tamu.edu/MM/Sandia/adder_dcop_49.tar.gz
1033,adder_dcop_50,Sandia,1813,1813,11246,Subsequent Circuit Simulation Problem,2003,2003,3286969,0.003421389127795242,99.65786108722048,6.202978488692774,True,/Sandia/adder_dcop_50,https://sparse.tamu.edu/MM/Sandia/adder_dcop_50.tar.gz
1034,adder_dcop_51,Sandia,1813,1813,11246,Subsequent Circuit Simulation Problem,2003,2003,3286969,0.003421389127795242,99.65786108722048,6.202978488692774,True,/Sandia/adder_dcop_51,https://sparse.tamu.edu/MM/Sandia/adder_dcop_51.tar.gz
1035,adder_dcop_52,Sandia,1813,1813,11246,Subsequent Circuit Simulation Problem,2003,2003,3286969,0.003421389127795242,99.65786108722048,6.202978488692774,True,/Sandia/adder_dcop_52,https://sparse.tamu.edu/MM/Sandia/adder_dcop_52.tar.gz
1036,adder_dcop_53,Sandia,1813,1813,11246,Subsequent Circuit Simulation Problem,2003,2003,3286969,0.003421389127795242,99.65786108722048,6.202978488692774,True,/Sandia/adder_dcop_53,https://sparse.tamu.edu/MM/Sandia/adder_dcop_53.tar.gz
1037,adder_dcop_54,Sandia,1813,1813,11246,Subsequent Circuit Simulation Problem,2003,2003,3286969,0.003421389127795242,99.65786108722048,6.202978488692774,True,/Sandia/adder_dcop_54,https://sparse.tamu.edu/MM/Sandia/adder_dcop_54.tar.gz
1038,adder_dcop_55,Sandia,1813,1813,11246,Subsequent Circuit Simulation Problem,2003,2003,3286969,0.003421389127795242,99.65786108722048,6.202978488692774,True,/Sandia/adder_dcop_55,https://sparse.tamu.edu/MM/Sandia/adder_dcop_55.tar.gz
1039,adder_dcop_56,Sandia,1813,1813,11246,Subsequent Circuit Simulation Problem,2003,2003,3286969,0.003421389127795242,99.65786108722048,6.202978488692774,True,/Sandia/adder_dcop_56,https://sparse.tamu.edu/MM/Sandia/adder_dcop_56.tar.gz
1040,adder_dcop_57,Sandia,1813,1813,11246,Subsequent Circuit Simulation Problem,2003,2003,3286969,0.003421389127795242,99.65786108722048,6.202978488692774,True,/Sandia/adder_dcop_57,https://sparse.tamu.edu/MM/Sandia/adder_dcop_57.tar.gz
1041,adder_dcop_58,Sandia,1813,1813,11246,Subsequent Circuit Simulation Problem,2003,2003,3286969,0.003421389127795242,99.65786108722048,6.202978488692774,True,/Sandia/adder_dcop_58,https://sparse.tamu.edu/MM/Sandia/adder_dcop_58.tar.gz
1042,adder_dcop_59,Sandia,1813,1813,11246,Subsequent Circuit Simulation Problem,2003,2003,3286969,0.003421389127795242,99.65786108722048,6.202978488692774,True,/Sandia/adder_dcop_59,https://sparse.tamu.edu/MM/Sandia/adder_dcop_59.tar.gz
1043,adder_dcop_60,Sandia,1813,1813,11246,Subsequent Circuit Simulation Problem,2003,2003,3286969,0.003421389127795242,99.65786108722048,6.202978488692774,True,/Sandia/adder_dcop_60,https://sparse.tamu.edu/MM/Sandia/adder_dcop_60.tar.gz
1044,adder_dcop_61,Sandia,1813,1813,11246,Subsequent Circuit Simulation Problem,2003,2003,3286969,0.003421389127795242,99.65786108722048,6.202978488692774,True,/Sandia/adder_dcop_61,https://sparse.tamu.edu/MM/Sandia/adder_dcop_61.tar.gz
1045,adder_dcop_62,Sandia,1813,1813,11246,Subsequent Circuit Simulation Problem,2003,2003,3286969,0.003421389127795242,99.65786108722048,6.202978488692774,True,/Sandia/adder_dcop_62,https://sparse.tamu.edu/MM/Sandia/adder_dcop_62.tar.gz
1046,adder_dcop_63,Sandia,1813,1813,11246,Subsequent Circuit Simulation Problem,2003,2003,3286969,0.003421389127795242,99.65786108722048,6.202978488692774,True,/Sandia/adder_dcop_63,https://sparse.tamu.edu/MM/Sandia/adder_dcop_63.tar.gz
1047,adder_dcop_64,Sandia,1813,1813,11246,Subsequent Circuit Simulation Problem,2003,2003,3286969,0.003421389127795242,99.65786108722048,6.202978488692774,True,/Sandia/adder_dcop_64,https://sparse.tamu.edu/MM/Sandia/adder_dcop_64.tar.gz
1048,adder_dcop_65,Sandia,1813,1813,11246,Subsequent Circuit Simulation Problem,2003,2003,3286969,0.003421389127795242,99.65786108722048,6.202978488692774,True,/Sandia/adder_dcop_65,https://sparse.tamu.edu/MM/Sandia/adder_dcop_65.tar.gz
1049,adder_dcop_66,Sandia,1813,1813,11246,Subsequent Circuit Simulation Problem,2003,2003,3286969,0.003421389127795242,99.65786108722048,6.202978488692774,True,/Sandia/adder_dcop_66,https://sparse.tamu.edu/MM/Sandia/adder_dcop_66.tar.gz
1050,adder_dcop_67,Sandia,1813,1813,11246,Subsequent Circuit Simulation Problem,2003,2003,3286969,0.003421389127795242,99.65786108722048,6.202978488692774,True,/Sandia/adder_dcop_67,https://sparse.tamu.edu/MM/Sandia/adder_dcop_67.tar.gz
1051,adder_dcop_68,Sandia,1813,1813,11246,Subsequent Circuit Simulation Problem,2003,2003,3286969,0.003421389127795242,99.65786108722048,6.202978488692774,True,/Sandia/adder_dcop_68,https://sparse.tamu.edu/MM/Sandia/adder_dcop_68.tar.gz
1052,adder_dcop_69,Sandia,1813,1813,11246,Subsequent Circuit Simulation Problem,2003,2003,3286969,0.003421389127795242,99.65786108722048,6.202978488692774,True,/Sandia/adder_dcop_69,https://sparse.tamu.edu/MM/Sandia/adder_dcop_69.tar.gz
1053,adder_trans_01,Sandia,1814,1814,14579,Circuit Simulation Problem Sequence,2003,2003,3290596,0.004430504382792661,99.55694956172073,8.036934950385888,True,/Sandia/adder_trans_01,https://sparse.tamu.edu/MM/Sandia/adder_trans_01.tar.gz
1054,adder_trans_02,Sandia,1814,1814,14579,Subsequent Circuit Simulation Problem,2003,2003,3290596,0.004430504382792661,99.55694956172073,8.036934950385888,True,/Sandia/adder_trans_02,https://sparse.tamu.edu/MM/Sandia/adder_trans_02.tar.gz
1055,fpga_dcop_01,Sandia,1220,1220,5892,Circuit Simulation Problem Sequence,2003,2003,1488400,0.003958613276001075,99.60413867239988,4.829508196721312,True,/Sandia/fpga_dcop_01,https://sparse.tamu.edu/MM/Sandia/fpga_dcop_01.tar.gz
1056,fpga_dcop_02,Sandia,1220,1220,5892,Subsequent Circuit Simulation Problem,2003,2003,1488400,0.003958613276001075,99.60413867239988,4.829508196721312,True,/Sandia/fpga_dcop_02,https://sparse.tamu.edu/MM/Sandia/fpga_dcop_02.tar.gz
1057,fpga_dcop_03,Sandia,1220,1220,5892,Subsequent Circuit Simulation Problem,2003,2003,1488400,0.003958613276001075,99.60413867239988,4.829508196721312,True,/Sandia/fpga_dcop_03,https://sparse.tamu.edu/MM/Sandia/fpga_dcop_03.tar.gz
1058,fpga_dcop_04,Sandia,1220,1220,5884,Subsequent Circuit Simulation Problem,2003,2003,1488400,0.003953238376780435,99.60467616232197,4.822950819672132,True,/Sandia/fpga_dcop_04,https://sparse.tamu.edu/MM/Sandia/fpga_dcop_04.tar.gz
1059,fpga_dcop_05,Sandia,1220,1220,5852,Subsequent Circuit Simulation Problem,2003,2003,1488400,0.003931738779897877,99.60682612201022,4.79672131147541,True,/Sandia/fpga_dcop_05,https://sparse.tamu.edu/MM/Sandia/fpga_dcop_05.tar.gz
1060,fpga_dcop_06,Sandia,1220,1220,5860,Subsequent Circuit Simulation Problem,2003,2003,1488400,0.0039371136791185165,99.60628863208815,4.80327868852459,True,/Sandia/fpga_dcop_06,https://sparse.tamu.edu/MM/Sandia/fpga_dcop_06.tar.gz
1061,fpga_dcop_07,Sandia,1220,1220,5855,Subsequent Circuit Simulation Problem,2003,2003,1488400,0.003933754367105617,99.60662456328944,4.799180327868853,True,/Sandia/fpga_dcop_07,https://sparse.tamu.edu/MM/Sandia/fpga_dcop_07.tar.gz
1062,fpga_dcop_08,Sandia,1220,1220,5888,Subsequent Circuit Simulation Problem,2003,2003,1488400,0.003955925826390755,99.60440741736093,4.826229508196722,True,/Sandia/fpga_dcop_08,https://sparse.tamu.edu/MM/Sandia/fpga_dcop_08.tar.gz
1063,fpga_dcop_09,Sandia,1220,1220,5888,Subsequent Circuit Simulation Problem,2003,2003,1488400,0.003955925826390755,99.60440741736093,4.826229508196722,True,/Sandia/fpga_dcop_09,https://sparse.tamu.edu/MM/Sandia/fpga_dcop_09.tar.gz
1064,fpga_dcop_10,Sandia,1220,1220,5884,Subsequent Circuit Simulation Problem,2003,2003,1488400,0.003953238376780435,99.60467616232197,4.822950819672132,True,/Sandia/fpga_dcop_10,https://sparse.tamu.edu/MM/Sandia/fpga_dcop_10.tar.gz
1065,fpga_dcop_11,Sandia,1220,1220,5892,Subsequent Circuit Simulation Problem,2003,2003,1488400,0.003958613276001075,99.60413867239988,4.829508196721312,True,/Sandia/fpga_dcop_11,https://sparse.tamu.edu/MM/Sandia/fpga_dcop_11.tar.gz
1066,fpga_dcop_12,Sandia,1220,1220,5892,Subsequent Circuit Simulation Problem,2003,2003,1488400,0.003958613276001075,99.60413867239988,4.829508196721312,True,/Sandia/fpga_dcop_12,https://sparse.tamu.edu/MM/Sandia/fpga_dcop_12.tar.gz
1067,fpga_dcop_13,Sandia,1220,1220,5892,Subsequent Circuit Simulation Problem,2003,2003,1488400,0.003958613276001075,99.60413867239988,4.829508196721312,True,/Sandia/fpga_dcop_13,https://sparse.tamu.edu/MM/Sandia/fpga_dcop_13.tar.gz
1068,fpga_dcop_14,Sandia,1220,1220,5892,Subsequent Circuit Simulation Problem,2003,2003,1488400,0.003958613276001075,99.60413867239988,4.829508196721312,True,/Sandia/fpga_dcop_14,https://sparse.tamu.edu/MM/Sandia/fpga_dcop_14.tar.gz
1069,fpga_dcop_15,Sandia,1220,1220,5892,Subsequent Circuit Simulation Problem,2003,2003,1488400,0.003958613276001075,99.60413867239988,4.829508196721312,True,/Sandia/fpga_dcop_15,https://sparse.tamu.edu/MM/Sandia/fpga_dcop_15.tar.gz
1070,fpga_dcop_16,Sandia,1220,1220,5892,Subsequent Circuit Simulation Problem,2003,2003,1488400,0.003958613276001075,99.60413867239988,4.829508196721312,True,/Sandia/fpga_dcop_16,https://sparse.tamu.edu/MM/Sandia/fpga_dcop_16.tar.gz
1071,fpga_dcop_17,Sandia,1220,1220,5892,Subsequent Circuit Simulation Problem,2003,2003,1488400,0.003958613276001075,99.60413867239988,4.829508196721312,True,/Sandia/fpga_dcop_17,https://sparse.tamu.edu/MM/Sandia/fpga_dcop_17.tar.gz
1072,fpga_dcop_18,Sandia,1220,1220,5892,Subsequent Circuit Simulation Problem,2003,2003,1488400,0.003958613276001075,99.60413867239988,4.829508196721312,True,/Sandia/fpga_dcop_18,https://sparse.tamu.edu/MM/Sandia/fpga_dcop_18.tar.gz
1073,fpga_dcop_19,Sandia,1220,1220,5892,Subsequent Circuit Simulation Problem,2003,2003,1488400,0.003958613276001075,99.60413867239988,4.829508196721312,True,/Sandia/fpga_dcop_19,https://sparse.tamu.edu/MM/Sandia/fpga_dcop_19.tar.gz
1074,fpga_dcop_20,Sandia,1220,1220,5892,Subsequent Circuit Simulation Problem,2003,2003,1488400,0.003958613276001075,99.60413867239988,4.829508196721312,True,/Sandia/fpga_dcop_20,https://sparse.tamu.edu/MM/Sandia/fpga_dcop_20.tar.gz
1075,fpga_dcop_21,Sandia,1220,1220,5892,Subsequent Circuit Simulation Problem,2003,2003,1488400,0.003958613276001075,99.60413867239988,4.829508196721312,True,/Sandia/fpga_dcop_21,https://sparse.tamu.edu/MM/Sandia/fpga_dcop_21.tar.gz
1076,fpga_dcop_22,Sandia,1220,1220,5892,Subsequent Circuit Simulation Problem,2003,2003,1488400,0.003958613276001075,99.60413867239988,4.829508196721312,True,/Sandia/fpga_dcop_22,https://sparse.tamu.edu/MM/Sandia/fpga_dcop_22.tar.gz
1077,fpga_dcop_23,Sandia,1220,1220,5892,Subsequent Circuit Simulation Problem,2003,2003,1488400,0.003958613276001075,99.60413867239988,4.829508196721312,True,/Sandia/fpga_dcop_23,https://sparse.tamu.edu/MM/Sandia/fpga_dcop_23.tar.gz
1078,fpga_dcop_24,Sandia,1220,1220,5892,Subsequent Circuit Simulation Problem,2003,2003,1488400,0.003958613276001075,99.60413867239988,4.829508196721312,True,/Sandia/fpga_dcop_24,https://sparse.tamu.edu/MM/Sandia/fpga_dcop_24.tar.gz
1079,fpga_dcop_25,Sandia,1220,1220,5892,Subsequent Circuit Simulation Problem,2003,2003,1488400,0.003958613276001075,99.60413867239988,4.829508196721312,True,/Sandia/fpga_dcop_25,https://sparse.tamu.edu/MM/Sandia/fpga_dcop_25.tar.gz
1080,fpga_dcop_26,Sandia,1220,1220,5892,Subsequent Circuit Simulation Problem,2003,2003,1488400,0.003958613276001075,99.60413867239988,4.829508196721312,True,/Sandia/fpga_dcop_26,https://sparse.tamu.edu/MM/Sandia/fpga_dcop_26.tar.gz
1081,fpga_dcop_27,Sandia,1220,1220,5892,Subsequent Circuit Simulation Problem,2003,2003,1488400,0.003958613276001075,99.60413867239988,4.829508196721312,True,/Sandia/fpga_dcop_27,https://sparse.tamu.edu/MM/Sandia/fpga_dcop_27.tar.gz
1082,fpga_dcop_28,Sandia,1220,1220,5892,Subsequent Circuit Simulation Problem,2003,2003,1488400,0.003958613276001075,99.60413867239988,4.829508196721312,True,/Sandia/fpga_dcop_28,https://sparse.tamu.edu/MM/Sandia/fpga_dcop_28.tar.gz
1083,fpga_dcop_29,Sandia,1220,1220,5892,Subsequent Circuit Simulation Problem,2003,2003,1488400,0.003958613276001075,99.60413867239988,4.829508196721312,True,/Sandia/fpga_dcop_29,https://sparse.tamu.edu/MM/Sandia/fpga_dcop_29.tar.gz
1084,fpga_dcop_30,Sandia,1220,1220,5892,Subsequent Circuit Simulation Problem,2003,2003,1488400,0.003958613276001075,99.60413867239988,4.829508196721312,True,/Sandia/fpga_dcop_30,https://sparse.tamu.edu/MM/Sandia/fpga_dcop_30.tar.gz
1085,fpga_dcop_31,Sandia,1220,1220,5892,Subsequent Circuit Simulation Problem,2003,2003,1488400,0.003958613276001075,99.60413867239988,4.829508196721312,True,/Sandia/fpga_dcop_31,https://sparse.tamu.edu/MM/Sandia/fpga_dcop_31.tar.gz
1086,fpga_dcop_32,Sandia,1220,1220,5892,Subsequent Circuit Simulation Problem,2003,2003,1488400,0.003958613276001075,99.60413867239988,4.829508196721312,True,/Sandia/fpga_dcop_32,https://sparse.tamu.edu/MM/Sandia/fpga_dcop_32.tar.gz
1087,fpga_dcop_33,Sandia,1220,1220,5892,Subsequent Circuit Simulation Problem,2003,2003,1488400,0.003958613276001075,99.60413867239988,4.829508196721312,True,/Sandia/fpga_dcop_33,https://sparse.tamu.edu/MM/Sandia/fpga_dcop_33.tar.gz
1088,fpga_dcop_34,Sandia,1220,1220,5892,Subsequent Circuit Simulation Problem,2003,2003,1488400,0.003958613276001075,99.60413867239988,4.829508196721312,True,/Sandia/fpga_dcop_34,https://sparse.tamu.edu/MM/Sandia/fpga_dcop_34.tar.gz
1089,fpga_dcop_35,Sandia,1220,1220,5892,Subsequent Circuit Simulation Problem,2003,2003,1488400,0.003958613276001075,99.60413867239988,4.829508196721312,True,/Sandia/fpga_dcop_35,https://sparse.tamu.edu/MM/Sandia/fpga_dcop_35.tar.gz
1090,fpga_dcop_36,Sandia,1220,1220,5892,Subsequent Circuit Simulation Problem,2003,2003,1488400,0.003958613276001075,99.60413867239988,4.829508196721312,True,/Sandia/fpga_dcop_36,https://sparse.tamu.edu/MM/Sandia/fpga_dcop_36.tar.gz
1091,fpga_dcop_37,Sandia,1220,1220,5892,Subsequent Circuit Simulation Problem,2003,2003,1488400,0.003958613276001075,99.60413867239988,4.829508196721312,True,/Sandia/fpga_dcop_37,https://sparse.tamu.edu/MM/Sandia/fpga_dcop_37.tar.gz
1092,fpga_dcop_38,Sandia,1220,1220,5892,Subsequent Circuit Simulation Problem,2003,2003,1488400,0.003958613276001075,99.60413867239988,4.829508196721312,True,/Sandia/fpga_dcop_38,https://sparse.tamu.edu/MM/Sandia/fpga_dcop_38.tar.gz
1093,fpga_dcop_39,Sandia,1220,1220,5892,Subsequent Circuit Simulation Problem,2003,2003,1488400,0.003958613276001075,99.60413867239988,4.829508196721312,True,/Sandia/fpga_dcop_39,https://sparse.tamu.edu/MM/Sandia/fpga_dcop_39.tar.gz
1094,fpga_dcop_40,Sandia,1220,1220,5892,Subsequent Circuit Simulation Problem,2003,2003,1488400,0.003958613276001075,99.60413867239988,4.829508196721312,True,/Sandia/fpga_dcop_40,https://sparse.tamu.edu/MM/Sandia/fpga_dcop_40.tar.gz
1095,fpga_dcop_41,Sandia,1220,1220,5892,Subsequent Circuit Simulation Problem,2003,2003,1488400,0.003958613276001075,99.60413867239988,4.829508196721312,True,/Sandia/fpga_dcop_41,https://sparse.tamu.edu/MM/Sandia/fpga_dcop_41.tar.gz
1096,fpga_dcop_42,Sandia,1220,1220,5892,Subsequent Circuit Simulation Problem,2003,2003,1488400,0.003958613276001075,99.60413867239988,4.829508196721312,True,/Sandia/fpga_dcop_42,https://sparse.tamu.edu/MM/Sandia/fpga_dcop_42.tar.gz
1097,fpga_dcop_43,Sandia,1220,1220,5892,Subsequent Circuit Simulation Problem,2003,2003,1488400,0.003958613276001075,99.60413867239988,4.829508196721312,True,/Sandia/fpga_dcop_43,https://sparse.tamu.edu/MM/Sandia/fpga_dcop_43.tar.gz
1098,fpga_dcop_44,Sandia,1220,1220,5892,Subsequent Circuit Simulation Problem,2003,2003,1488400,0.003958613276001075,99.60413867239988,4.829508196721312,True,/Sandia/fpga_dcop_44,https://sparse.tamu.edu/MM/Sandia/fpga_dcop_44.tar.gz
1099,fpga_dcop_45,Sandia,1220,1220,5892,Subsequent Circuit Simulation Problem,2003,2003,1488400,0.003958613276001075,99.60413867239988,4.829508196721312,True,/Sandia/fpga_dcop_45,https://sparse.tamu.edu/MM/Sandia/fpga_dcop_45.tar.gz
1100,fpga_dcop_46,Sandia,1220,1220,5892,Subsequent Circuit Simulation Problem,2003,2003,1488400,0.003958613276001075,99.60413867239988,4.829508196721312,True,/Sandia/fpga_dcop_46,https://sparse.tamu.edu/MM/Sandia/fpga_dcop_46.tar.gz
1101,fpga_dcop_47,Sandia,1220,1220,5892,Subsequent Circuit Simulation Problem,2003,2003,1488400,0.003958613276001075,99.60413867239988,4.829508196721312,True,/Sandia/fpga_dcop_47,https://sparse.tamu.edu/MM/Sandia/fpga_dcop_47.tar.gz
1102,fpga_dcop_48,Sandia,1220,1220,5892,Subsequent Circuit Simulation Problem,2003,2003,1488400,0.003958613276001075,99.60413867239988,4.829508196721312,True,/Sandia/fpga_dcop_48,https://sparse.tamu.edu/MM/Sandia/fpga_dcop_48.tar.gz
1103,fpga_dcop_49,Sandia,1220,1220,5892,Subsequent Circuit Simulation Problem,2003,2003,1488400,0.003958613276001075,99.60413867239988,4.829508196721312,True,/Sandia/fpga_dcop_49,https://sparse.tamu.edu/MM/Sandia/fpga_dcop_49.tar.gz
1104,fpga_dcop_50,Sandia,1220,1220,5892,Subsequent Circuit Simulation Problem,2003,2003,1488400,0.003958613276001075,99.60413867239988,4.829508196721312,True,/Sandia/fpga_dcop_50,https://sparse.tamu.edu/MM/Sandia/fpga_dcop_50.tar.gz
1105,fpga_dcop_51,Sandia,1220,1220,5892,Subsequent Circuit Simulation Problem,2003,2003,1488400,0.003958613276001075,99.60413867239988,4.829508196721312,True,/Sandia/fpga_dcop_51,https://sparse.tamu.edu/MM/Sandia/fpga_dcop_51.tar.gz
1106,fpga_trans_01,Sandia,1220,1220,7382,Circuit Simulation Problem Sequence,2003,2003,1488400,0.004959688255845203,99.50403117441547,6.050819672131148,True,/Sandia/fpga_trans_01,https://sparse.tamu.edu/MM/Sandia/fpga_trans_01.tar.gz
1107,fpga_trans_02,Sandia,1220,1220,7382,Subsequent Circuit Simulation Problem,2003,2003,1488400,0.004959688255845203,99.50403117441547,6.050819672131148,True,/Sandia/fpga_trans_02,https://sparse.tamu.edu/MM/Sandia/fpga_trans_02.tar.gz
1108,init_adder1,Sandia,1813,1813,11156,Circuit Simulation Problem Sequence,2003,2003,3286969,0.0033940082793601036,99.660599172064,6.153337010479867,True,/Sandia/init_adder1,https://sparse.tamu.edu/MM/Sandia/init_adder1.tar.gz
1109,mult_dcop_01,Sandia,25187,25187,193276,Circuit Simulation Problem Sequence,2003,2003,634384969,0.00030466673935334053,99.96953332606466,7.6736411640925875,True,/Sandia/mult_dcop_01,https://sparse.tamu.edu/MM/Sandia/mult_dcop_01.tar.gz
1110,mult_dcop_02,Sandia,25187,25187,193276,Subsequent Circuit Simulation Problem,2003,2003,634384969,0.00030466673935334053,99.96953332606466,7.6736411640925875,True,/Sandia/mult_dcop_02,https://sparse.tamu.edu/MM/Sandia/mult_dcop_02.tar.gz
1111,mult_dcop_03,Sandia,25187,25187,193216,Subsequent Circuit Simulation Problem,2003,2003,634384969,0.00030457215955884354,99.96954278404412,7.671258982808592,True,/Sandia/mult_dcop_03,https://sparse.tamu.edu/MM/Sandia/mult_dcop_03.tar.gz
1112,oscil_dcop_01,Sandia,430,430,1544,Circuit Simulation Problem Sequence,2003,2003,184900,0.008350459707950243,99.16495402920498,3.5906976744186045,True,/Sandia/oscil_dcop_01,https://sparse.tamu.edu/MM/Sandia/oscil_dcop_01.tar.gz
1113,oscil_dcop_02,Sandia,430,430,1544,Subsequent Circuit Simulation Problem,2003,2003,184900,0.008350459707950243,99.16495402920498,3.5906976744186045,True,/Sandia/oscil_dcop_02,https://sparse.tamu.edu/MM/Sandia/oscil_dcop_02.tar.gz
1114,oscil_dcop_03,Sandia,430,430,1544,Subsequent Circuit Simulation Problem,2003,2003,184900,0.008350459707950243,99.16495402920498,3.5906976744186045,True,/Sandia/oscil_dcop_03,https://sparse.tamu.edu/MM/Sandia/oscil_dcop_03.tar.gz
1115,oscil_dcop_04,Sandia,430,430,1544,Subsequent Circuit Simulation Problem,2003,2003,184900,0.008350459707950243,99.16495402920498,3.5906976744186045,True,/Sandia/oscil_dcop_04,https://sparse.tamu.edu/MM/Sandia/oscil_dcop_04.tar.gz
1116,oscil_dcop_05,Sandia,430,430,1544,Subsequent Circuit Simulation Problem,2003,2003,184900,0.008350459707950243,99.16495402920498,3.5906976744186045,True,/Sandia/oscil_dcop_05,https://sparse.tamu.edu/MM/Sandia/oscil_dcop_05.tar.gz
1117,oscil_dcop_06,Sandia,430,430,1544,Subsequent Circuit Simulation Problem,2003,2003,184900,0.008350459707950243,99.16495402920498,3.5906976744186045,True,/Sandia/oscil_dcop_06,https://sparse.tamu.edu/MM/Sandia/oscil_dcop_06.tar.gz
1118,oscil_dcop_07,Sandia,430,430,1544,Subsequent Circuit Simulation Problem,2003,2003,184900,0.008350459707950243,99.16495402920498,3.5906976744186045,True,/Sandia/oscil_dcop_07,https://sparse.tamu.edu/MM/Sandia/oscil_dcop_07.tar.gz
1119,oscil_dcop_08,Sandia,430,430,1544,Subsequent Circuit Simulation Problem,2003,2003,184900,0.008350459707950243,99.16495402920498,3.5906976744186045,True,/Sandia/oscil_dcop_08,https://sparse.tamu.edu/MM/Sandia/oscil_dcop_08.tar.gz
1120,oscil_dcop_09,Sandia,430,430,1544,Subsequent Circuit Simulation Problem,2003,2003,184900,0.008350459707950243,99.16495402920498,3.5906976744186045,True,/Sandia/oscil_dcop_09,https://sparse.tamu.edu/MM/Sandia/oscil_dcop_09.tar.gz
1121,oscil_dcop_10,Sandia,430,430,1544,Subsequent Circuit Simulation Problem,2003,2003,184900,0.008350459707950243,99.16495402920498,3.5906976744186045,True,/Sandia/oscil_dcop_10,https://sparse.tamu.edu/MM/Sandia/oscil_dcop_10.tar.gz
1122,oscil_dcop_11,Sandia,430,430,1544,Subsequent Circuit Simulation Problem,2003,2003,184900,0.008350459707950243,99.16495402920498,3.5906976744186045,True,/Sandia/oscil_dcop_11,https://sparse.tamu.edu/MM/Sandia/oscil_dcop_11.tar.gz
1123,oscil_dcop_12,Sandia,430,430,1544,Subsequent Circuit Simulation Problem,2003,2003,184900,0.008350459707950243,99.16495402920498,3.5906976744186045,True,/Sandia/oscil_dcop_12,https://sparse.tamu.edu/MM/Sandia/oscil_dcop_12.tar.gz
1124,oscil_dcop_13,Sandia,430,430,1544,Subsequent Circuit Simulation Problem,2003,2003,184900,0.008350459707950243,99.16495402920498,3.5906976744186045,True,/Sandia/oscil_dcop_13,https://sparse.tamu.edu/MM/Sandia/oscil_dcop_13.tar.gz
1125,oscil_dcop_14,Sandia,430,430,1544,Subsequent Circuit Simulation Problem,2003,2003,184900,0.008350459707950243,99.16495402920498,3.5906976744186045,True,/Sandia/oscil_dcop_14,https://sparse.tamu.edu/MM/Sandia/oscil_dcop_14.tar.gz
1126,oscil_dcop_15,Sandia,430,430,1544,Subsequent Circuit Simulation Problem,2003,2003,184900,0.008350459707950243,99.16495402920498,3.5906976744186045,True,/Sandia/oscil_dcop_15,https://sparse.tamu.edu/MM/Sandia/oscil_dcop_15.tar.gz
1127,oscil_dcop_16,Sandia,430,430,1544,Subsequent Circuit Simulation Problem,2003,2003,184900,0.008350459707950243,99.16495402920498,3.5906976744186045,True,/Sandia/oscil_dcop_16,https://sparse.tamu.edu/MM/Sandia/oscil_dcop_16.tar.gz
1128,oscil_dcop_17,Sandia,430,430,1544,Subsequent Circuit Simulation Problem,2003,2003,184900,0.008350459707950243,99.16495402920498,3.5906976744186045,True,/Sandia/oscil_dcop_17,https://sparse.tamu.edu/MM/Sandia/oscil_dcop_17.tar.gz
1129,oscil_dcop_18,Sandia,430,430,1544,Subsequent Circuit Simulation Problem,2003,2003,184900,0.008350459707950243,99.16495402920498,3.5906976744186045,True,/Sandia/oscil_dcop_18,https://sparse.tamu.edu/MM/Sandia/oscil_dcop_18.tar.gz
1130,oscil_dcop_19,Sandia,430,430,1544,Subsequent Circuit Simulation Problem,2003,2003,184900,0.008350459707950243,99.16495402920498,3.5906976744186045,True,/Sandia/oscil_dcop_19,https://sparse.tamu.edu/MM/Sandia/oscil_dcop_19.tar.gz
1131,oscil_dcop_20,Sandia,430,430,1544,Subsequent Circuit Simulation Problem,2003,2003,184900,0.008350459707950243,99.16495402920498,3.5906976744186045,True,/Sandia/oscil_dcop_20,https://sparse.tamu.edu/MM/Sandia/oscil_dcop_20.tar.gz
1132,oscil_dcop_21,Sandia,430,430,1544,Subsequent Circuit Simulation Problem,2003,2003,184900,0.008350459707950243,99.16495402920498,3.5906976744186045,True,/Sandia/oscil_dcop_21,https://sparse.tamu.edu/MM/Sandia/oscil_dcop_21.tar.gz
1133,oscil_dcop_22,Sandia,430,430,1544,Subsequent Circuit Simulation Problem,2003,2003,184900,0.008350459707950243,99.16495402920498,3.5906976744186045,True,/Sandia/oscil_dcop_22,https://sparse.tamu.edu/MM/Sandia/oscil_dcop_22.tar.gz
1134,oscil_dcop_23,Sandia,430,430,1544,Subsequent Circuit Simulation Problem,2003,2003,184900,0.008350459707950243,99.16495402920498,3.5906976744186045,True,/Sandia/oscil_dcop_23,https://sparse.tamu.edu/MM/Sandia/oscil_dcop_23.tar.gz
1135,oscil_dcop_24,Sandia,430,430,1544,Subsequent Circuit Simulation Problem,2003,2003,184900,0.008350459707950243,99.16495402920498,3.5906976744186045,True,/Sandia/oscil_dcop_24,https://sparse.tamu.edu/MM/Sandia/oscil_dcop_24.tar.gz
1136,oscil_dcop_25,Sandia,430,430,1544,Subsequent Circuit Simulation Problem,2003,2003,184900,0.008350459707950243,99.16495402920498,3.5906976744186045,True,/Sandia/oscil_dcop_25,https://sparse.tamu.edu/MM/Sandia/oscil_dcop_25.tar.gz
1137,oscil_dcop_26,Sandia,430,430,1544,Subsequent Circuit Simulation Problem,2003,2003,184900,0.008350459707950243,99.16495402920498,3.5906976744186045,True,/Sandia/oscil_dcop_26,https://sparse.tamu.edu/MM/Sandia/oscil_dcop_26.tar.gz
1138,oscil_dcop_27,Sandia,430,430,1544,Subsequent Circuit Simulation Problem,2003,2003,184900,0.008350459707950243,99.16495402920498,3.5906976744186045,True,/Sandia/oscil_dcop_27,https://sparse.tamu.edu/MM/Sandia/oscil_dcop_27.tar.gz
1139,oscil_dcop_28,Sandia,430,430,1544,Subsequent Circuit Simulation Problem,2003,2003,184900,0.008350459707950243,99.16495402920498,3.5906976744186045,True,/Sandia/oscil_dcop_28,https://sparse.tamu.edu/MM/Sandia/oscil_dcop_28.tar.gz
1140,oscil_dcop_29,Sandia,430,430,1544,Subsequent Circuit Simulation Problem,2003,2003,184900,0.008350459707950243,99.16495402920498,3.5906976744186045,True,/Sandia/oscil_dcop_29,https://sparse.tamu.edu/MM/Sandia/oscil_dcop_29.tar.gz
1141,oscil_dcop_30,Sandia,430,430,1544,Subsequent Circuit Simulation Problem,2003,2003,184900,0.008350459707950243,99.16495402920498,3.5906976744186045,True,/Sandia/oscil_dcop_30,https://sparse.tamu.edu/MM/Sandia/oscil_dcop_30.tar.gz
1142,oscil_dcop_31,Sandia,430,430,1544,Subsequent Circuit Simulation Problem,2003,2003,184900,0.008350459707950243,99.16495402920498,3.5906976744186045,True,/Sandia/oscil_dcop_31,https://sparse.tamu.edu/MM/Sandia/oscil_dcop_31.tar.gz
1143,oscil_dcop_32,Sandia,430,430,1544,Subsequent Circuit Simulation Problem,2003,2003,184900,0.008350459707950243,99.16495402920498,3.5906976744186045,True,/Sandia/oscil_dcop_32,https://sparse.tamu.edu/MM/Sandia/oscil_dcop_32.tar.gz
1144,oscil_dcop_33,Sandia,430,430,1544,Subsequent Circuit Simulation Problem,2003,2003,184900,0.008350459707950243,99.16495402920498,3.5906976744186045,True,/Sandia/oscil_dcop_33,https://sparse.tamu.edu/MM/Sandia/oscil_dcop_33.tar.gz
1145,oscil_dcop_34,Sandia,430,430,1544,Subsequent Circuit Simulation Problem,2003,2003,184900,0.008350459707950243,99.16495402920498,3.5906976744186045,True,/Sandia/oscil_dcop_34,https://sparse.tamu.edu/MM/Sandia/oscil_dcop_34.tar.gz
1146,oscil_dcop_35,Sandia,430,430,1544,Subsequent Circuit Simulation Problem,2003,2003,184900,0.008350459707950243,99.16495402920498,3.5906976744186045,True,/Sandia/oscil_dcop_35,https://sparse.tamu.edu/MM/Sandia/oscil_dcop_35.tar.gz
1147,oscil_dcop_36,Sandia,430,430,1544,Subsequent Circuit Simulation Problem,2003,2003,184900,0.008350459707950243,99.16495402920498,3.5906976744186045,True,/Sandia/oscil_dcop_36,https://sparse.tamu.edu/MM/Sandia/oscil_dcop_36.tar.gz
1148,oscil_dcop_37,Sandia,430,430,1544,Subsequent Circuit Simulation Problem,2003,2003,184900,0.008350459707950243,99.16495402920498,3.5906976744186045,True,/Sandia/oscil_dcop_37,https://sparse.tamu.edu/MM/Sandia/oscil_dcop_37.tar.gz
1149,oscil_dcop_38,Sandia,430,430,1544,Subsequent Circuit Simulation Problem,2003,2003,184900,0.008350459707950243,99.16495402920498,3.5906976744186045,True,/Sandia/oscil_dcop_38,https://sparse.tamu.edu/MM/Sandia/oscil_dcop_38.tar.gz
1150,oscil_dcop_39,Sandia,430,430,1544,Subsequent Circuit Simulation Problem,2003,2003,184900,0.008350459707950243,99.16495402920498,3.5906976744186045,True,/Sandia/oscil_dcop_39,https://sparse.tamu.edu/MM/Sandia/oscil_dcop_39.tar.gz
1151,oscil_dcop_40,Sandia,430,430,1544,Subsequent Circuit Simulation Problem,2003,2003,184900,0.008350459707950243,99.16495402920498,3.5906976744186045,True,/Sandia/oscil_dcop_40,https://sparse.tamu.edu/MM/Sandia/oscil_dcop_40.tar.gz
1152,oscil_dcop_41,Sandia,430,430,1544,Subsequent Circuit Simulation Problem,2003,2003,184900,0.008350459707950243,99.16495402920498,3.5906976744186045,True,/Sandia/oscil_dcop_41,https://sparse.tamu.edu/MM/Sandia/oscil_dcop_41.tar.gz
1153,oscil_dcop_42,Sandia,430,430,1544,Subsequent Circuit Simulation Problem,2003,2003,184900,0.008350459707950243,99.16495402920498,3.5906976744186045,True,/Sandia/oscil_dcop_42,https://sparse.tamu.edu/MM/Sandia/oscil_dcop_42.tar.gz
1154,oscil_dcop_43,Sandia,430,430,1544,Subsequent Circuit Simulation Problem,2003,2003,184900,0.008350459707950243,99.16495402920498,3.5906976744186045,True,/Sandia/oscil_dcop_43,https://sparse.tamu.edu/MM/Sandia/oscil_dcop_43.tar.gz
1155,oscil_dcop_44,Sandia,430,430,1544,Subsequent Circuit Simulation Problem,2003,2003,184900,0.008350459707950243,99.16495402920498,3.5906976744186045,True,/Sandia/oscil_dcop_44,https://sparse.tamu.edu/MM/Sandia/oscil_dcop_44.tar.gz
1156,oscil_dcop_45,Sandia,430,430,1544,Subsequent Circuit Simulation Problem,2003,2003,184900,0.008350459707950243,99.16495402920498,3.5906976744186045,True,/Sandia/oscil_dcop_45,https://sparse.tamu.edu/MM/Sandia/oscil_dcop_45.tar.gz
1157,oscil_dcop_46,Sandia,430,430,1544,Subsequent Circuit Simulation Problem,2003,2003,184900,0.008350459707950243,99.16495402920498,3.5906976744186045,True,/Sandia/oscil_dcop_46,https://sparse.tamu.edu/MM/Sandia/oscil_dcop_46.tar.gz
1158,oscil_dcop_47,Sandia,430,430,1544,Subsequent Circuit Simulation Problem,2003,2003,184900,0.008350459707950243,99.16495402920498,3.5906976744186045,True,/Sandia/oscil_dcop_47,https://sparse.tamu.edu/MM/Sandia/oscil_dcop_47.tar.gz
1159,oscil_dcop_48,Sandia,430,430,1544,Subsequent Circuit Simulation Problem,2003,2003,184900,0.008350459707950243,99.16495402920498,3.5906976744186045,True,/Sandia/oscil_dcop_48,https://sparse.tamu.edu/MM/Sandia/oscil_dcop_48.tar.gz
1160,oscil_dcop_49,Sandia,430,430,1544,Subsequent Circuit Simulation Problem,2003,2003,184900,0.008350459707950243,99.16495402920498,3.5906976744186045,True,/Sandia/oscil_dcop_49,https://sparse.tamu.edu/MM/Sandia/oscil_dcop_49.tar.gz
1161,oscil_dcop_50,Sandia,430,430,1544,Subsequent Circuit Simulation Problem,2003,2003,184900,0.008350459707950243,99.16495402920498,3.5906976744186045,True,/Sandia/oscil_dcop_50,https://sparse.tamu.edu/MM/Sandia/oscil_dcop_50.tar.gz
1162,oscil_dcop_51,Sandia,430,430,1544,Subsequent Circuit Simulation Problem,2003,2003,184900,0.008350459707950243,99.16495402920498,3.5906976744186045,True,/Sandia/oscil_dcop_51,https://sparse.tamu.edu/MM/Sandia/oscil_dcop_51.tar.gz
1163,oscil_dcop_52,Sandia,430,430,1544,Subsequent Circuit Simulation Problem,2003,2003,184900,0.008350459707950243,99.16495402920498,3.5906976744186045,True,/Sandia/oscil_dcop_52,https://sparse.tamu.edu/MM/Sandia/oscil_dcop_52.tar.gz
1164,oscil_dcop_53,Sandia,430,430,1544,Subsequent Circuit Simulation Problem,2003,2003,184900,0.008350459707950243,99.16495402920498,3.5906976744186045,True,/Sandia/oscil_dcop_53,https://sparse.tamu.edu/MM/Sandia/oscil_dcop_53.tar.gz
1165,oscil_dcop_54,Sandia,430,430,1544,Subsequent Circuit Simulation Problem,2003,2003,184900,0.008350459707950243,99.16495402920498,3.5906976744186045,True,/Sandia/oscil_dcop_54,https://sparse.tamu.edu/MM/Sandia/oscil_dcop_54.tar.gz
1166,oscil_dcop_55,Sandia,430,430,1544,Subsequent Circuit Simulation Problem,2003,2003,184900,0.008350459707950243,99.16495402920498,3.5906976744186045,True,/Sandia/oscil_dcop_55,https://sparse.tamu.edu/MM/Sandia/oscil_dcop_55.tar.gz
1167,oscil_dcop_56,Sandia,430,430,1544,Subsequent Circuit Simulation Problem,2003,2003,184900,0.008350459707950243,99.16495402920498,3.5906976744186045,True,/Sandia/oscil_dcop_56,https://sparse.tamu.edu/MM/Sandia/oscil_dcop_56.tar.gz
1168,oscil_dcop_57,Sandia,430,430,1544,Subsequent Circuit Simulation Problem,2003,2003,184900,0.008350459707950243,99.16495402920498,3.5906976744186045,True,/Sandia/oscil_dcop_57,https://sparse.tamu.edu/MM/Sandia/oscil_dcop_57.tar.gz
1169,oscil_trans_01,Sandia,430,430,1614,Circuit Simulation Problem,2003,2003,184900,0.008729042725797729,99.12709572742023,3.7534883720930234,True,/Sandia/oscil_trans_01,https://sparse.tamu.edu/MM/Sandia/oscil_trans_01.tar.gz
1170,Pd,MathWorks,8081,8081,13036,Counter Example Problem,2002,2002,65302561,0.00019962463646716703,99.98003753635328,1.6131666872911767,True,/MathWorks/Pd,https://sparse.tamu.edu/MM/MathWorks/Pd.tar.gz
1172,Harvard500,MathWorks,500,500,2636,Directed Graph,2002,2002,250000,0.010544,98.9456,5.272,True,/MathWorks/Harvard500,https://sparse.tamu.edu/MM/MathWorks/Harvard500.tar.gz
1173,cegb2802,HB,2802,2802,277362,Structural Problem,1980,1980,7851204,0.035327320497595016,96.4672679502405,98.98715203426124,True,/HB/cegb2802,https://sparse.tamu.edu/MM/HB/cegb2802.tar.gz
1174,cegb2919,HB,2919,2919,321543,Structural Problem,1980,1980,8520561,0.037737303916960396,96.22626960830397,110.1551901336074,True,/HB/cegb2919,https://sparse.tamu.edu/MM/HB/cegb2919.tar.gz
1175,cegb3024,HB,3024,3024,79848,Structural Problem,1980,1980,9144576,0.008731733434114387,99.12682665658856,26.404761904761905,True,/HB/cegb3024,https://sparse.tamu.edu/MM/HB/cegb3024.tar.gz
1176,cegb3306,HB,3306,3306,74916,Structural Problem,1980,1980,10929636,0.0068543911251939225,99.31456088748061,22.660617059891106,True,/HB/cegb3306,https://sparse.tamu.edu/MM/HB/cegb3306.tar.gz
1177,lap_25,HB,25,25,169,Structural Problem,1980,1980,625,0.2704,72.96000000000001,6.76,True,/HB/lap_25,https://sparse.tamu.edu/MM/HB/lap_25.tar.gz
1178,lock1074,HB,1074,1074,51588,Structural Problem,1980,1980,1153476,0.044723947442339505,95.52760525576605,48.03351955307262,True,/HB/lock1074,https://sparse.tamu.edu/MM/HB/lock1074.tar.gz
1179,lock2232,HB,2232,2232,80352,Structural Problem,1980,1980,4981824,0.016129032258064516,98.38709677419355,36.0,True,/HB/lock2232,https://sparse.tamu.edu/MM/HB/lock2232.tar.gz
1180,lock3491,HB,3491,3491,160444,Structural Problem,1980,1980,12187081,0.013165088506427421,98.68349114935727,45.959323975938126,True,/HB/lock3491,https://sparse.tamu.edu/MM/HB/lock3491.tar.gz
1181,lock_700,HB,700,700,22175,Structural Problem,1980,1980,490000,0.04525510204081633,95.47448979591837,31.678571428571427,True,/HB/lock_700,https://sparse.tamu.edu/MM/HB/lock_700.tar.gz
1182,man_5976,HB,5976,5976,225046,Structural Problem,1980,1980,35712576,0.006301589669700668,99.36984103302994,37.658299866131195,True,/HB/man_5976,https://sparse.tamu.edu/MM/HB/man_5976.tar.gz
1183,coupled,IBM_Austin,11341,11341,97193,Circuit Simulation Problem,2004,2004,128618281,0.0007556701834632668,99.92443298165368,8.570055550656908,True,/IBM_Austin/coupled,https://sparse.tamu.edu/MM/IBM_Austin/coupled.tar.gz
1184,Pres_Poisson,ACUSIM,14822,14822,715804,Computational Fluid Dynamics Problem,2004,2004,219691684,0.003258220734472589,99.67417792655274,48.29334772635272,True,/ACUSIM/Pres_Poisson,https://sparse.tamu.edu/MM/ACUSIM/Pres_Poisson.tar.gz
1185,rajat01,Rajat,6833,6833,43250,Circuit Simulation Problem,2004,2004,46689889,0.0009263247552376918,99.90736752447623,6.329577052539149,True,/Rajat/rajat01,https://sparse.tamu.edu/MM/Rajat/rajat01.tar.gz
1186,rajat02,Rajat,1960,1960,11187,Circuit Simulation Problem,2004,2004,3841600,0.002912067888379842,99.70879321116202,5.70765306122449,True,/Rajat/rajat02,https://sparse.tamu.edu/MM/Rajat/rajat02.tar.gz
1187,rajat03,Rajat,7602,7602,32653,Circuit Simulation Problem,2004,2004,57790404,0.0005650246016622413,99.94349753983379,4.295317021836359,True,/Rajat/rajat03,https://sparse.tamu.edu/MM/Rajat/rajat03.tar.gz
1188,rajat04,Rajat,1041,1041,8725,Circuit Simulation Problem,2004,2004,1083681,0.008051262317969956,99.19487376820301,8.381364073006724,True,/Rajat/rajat04,https://sparse.tamu.edu/MM/Rajat/rajat04.tar.gz
1189,rajat05,Rajat,301,301,1250,Circuit Simulation Problem,2004,2004,90601,0.013796757210185319,98.62032427898146,4.152823920265781,True,/Rajat/rajat05,https://sparse.tamu.edu/MM/Rajat/rajat05.tar.gz
1190,rajat06,Rajat,10922,10922,46983,Circuit Simulation Problem,2004,2004,119290084,0.0003938550332481952,99.96061449667518,4.301684673136788,True,/Rajat/rajat06,https://sparse.tamu.edu/MM/Rajat/rajat06.tar.gz
1191,rajat07,Rajat,14842,14842,63913,Circuit Simulation Problem,2004,2004,220284964,0.00029013782347850125,99.97098621765215,4.306225576067916,True,/Rajat/rajat07,https://sparse.tamu.edu/MM/Rajat/rajat07.tar.gz
1192,rajat08,Rajat,19362,19362,83443,Circuit Simulation Problem,2004,2004,374887044,0.00022258171183958014,99.97774182881605,4.309627104637951,True,/Rajat/rajat08,https://sparse.tamu.edu/MM/Rajat/rajat08.tar.gz
1193,rajat09,Rajat,24482,24482,105573,Circuit Simulation Problem,2004,2004,599368324,0.0001761404394804154,99.98238595605196,4.312270239359529,True,/Rajat/rajat09,https://sparse.tamu.edu/MM/Rajat/rajat09.tar.gz
1194,rajat10,Rajat,30202,30202,130303,Circuit Simulation Problem,2004,2004,912160804,0.0001428509089938927,99.98571490910061,4.314383153433547,True,/Rajat/rajat10,https://sparse.tamu.edu/MM/Rajat/rajat10.tar.gz
1195,rajat11,Rajat,135,135,665,Circuit Simulation Problem,2004,2004,18225,0.036488340192043896,96.3511659807956,4.925925925925926,True,/Rajat/rajat11,https://sparse.tamu.edu/MM/Rajat/rajat11.tar.gz
1196,rajat12,Rajat,1879,1879,12818,Circuit Simulation Problem,2004,2004,3530641,0.0036305022232506787,99.63694977767493,6.821713677488026,True,/Rajat/rajat12,https://sparse.tamu.edu/MM/Rajat/rajat12.tar.gz
1197,rajat13,Rajat,7598,7598,48762,Circuit Simulation Problem,2004,2004,57729604,0.0008446619519510302,99.9155338048049,6.4177415109239275,True,/Rajat/rajat13,https://sparse.tamu.edu/MM/Rajat/rajat13.tar.gz
1198,rajat14,Rajat,180,180,1475,Circuit Simulation Problem,2004,2004,32400,0.04552469135802469,95.44753086419753,8.194444444444445,True,/Rajat/rajat14,https://sparse.tamu.edu/MM/Rajat/rajat14.tar.gz
1199,Hamrle1,Hamrle,32,32,98,Circuit Simulation Problem,2004,2004,1024,0.095703125,90.4296875,3.0625,True,/Hamrle/Hamrle1,https://sparse.tamu.edu/MM/Hamrle/Hamrle1.tar.gz
1200,Hamrle2,Hamrle,5952,5952,22162,Circuit Simulation Problem,2004,2004,35426304,0.0006255803597236674,99.93744196402763,3.723454301075269,True,/Hamrle/Hamrle2,https://sparse.tamu.edu/MM/Hamrle/Hamrle2.tar.gz
1201,Hamrle3,Hamrle,1447360,1447360,5514242,Circuit Simulation Problem,2004,2004,2094850969600,2.6322836707820385e-06,99.99973677163293,3.809862093743091,True,/Hamrle/Hamrle3,https://sparse.tamu.edu/MM/Hamrle/Hamrle3.tar.gz
1202,gyro_k,Oberwolfach,17361,17361,1021159,Duplicate Model Reduction Problem,2004,2004,301404321,0.003388003850150509,99.66119961498495,58.819134842462994,True,/Oberwolfach/gyro_k,https://sparse.tamu.edu/MM/Oberwolfach/gyro_k.tar.gz
1203,gyro_m,Oberwolfach,17361,17361,340431,Duplicate Model Reduction Problem,2004,2004,301404321,0.0011294828118937287,99.88705171881062,19.608951097287022,True,/Oberwolfach/gyro_m,https://sparse.tamu.edu/MM/Oberwolfach/gyro_m.tar.gz
1204,t2dah_a,Oberwolfach,11445,11445,176117,Duplicate Model Reduction Problem,2004,2004,130988025,0.0013445274863866372,99.86554725136133,15.388117081695063,True,/Oberwolfach/t2dah_a,https://sparse.tamu.edu/MM/Oberwolfach/t2dah_a.tar.gz
1205,t2dah_e,Oberwolfach,11445,11445,176117,Duplicate Model Reduction Problem,2004,2004,130988025,0.0013445274863866372,99.86554725136133,15.388117081695063,True,/Oberwolfach/t2dah_e,https://sparse.tamu.edu/MM/Oberwolfach/t2dah_e.tar.gz
1206,t2dal_a,Oberwolfach,4257,4257,37465,Duplicate Model Reduction Problem,2004,2004,18122049,0.0020673710792857916,99.79326289207143,8.800798684519615,True,/Oberwolfach/t2dal_a,https://sparse.tamu.edu/MM/Oberwolfach/t2dal_a.tar.gz
1207,t2dal_e,Oberwolfach,4257,4257,4257,Duplicate Model Reduction Problem,2004,2004,18122049,0.0002349072116513977,99.97650927883485,1.0,True,/Oberwolfach/t2dal_e,https://sparse.tamu.edu/MM/Oberwolfach/t2dal_e.tar.gz
1208,t3dh_a,Oberwolfach,79171,79171,4352105,Duplicate Model Reduction Problem,2004,2004,6268047241,0.0006943318760478372,99.93056681239521,54.97094895858332,True,/Oberwolfach/t3dh_a,https://sparse.tamu.edu/MM/Oberwolfach/t3dh_a.tar.gz
1209,t3dh_e,Oberwolfach,79171,79171,4352105,Duplicate Model Reduction Problem,2004,2004,6268047241,0.0006943318760478372,99.93056681239521,54.97094895858332,True,/Oberwolfach/t3dh_e,https://sparse.tamu.edu/MM/Oberwolfach/t3dh_e.tar.gz
1210,t3dl_a,Oberwolfach,20360,20360,509866,Duplicate Model Reduction Problem,2004,2004,414529600,0.0012299869538870084,99.8770013046113,25.04253438113949,True,/Oberwolfach/t3dl_a,https://sparse.tamu.edu/MM/Oberwolfach/t3dl_a.tar.gz
1211,t3dl_e,Oberwolfach,20360,20360,20360,Duplicate Model Reduction Problem,2004,2004,414529600,4.911591355599214e-05,99.9950884086444,1.0,True,/Oberwolfach/t3dl_e,https://sparse.tamu.edu/MM/Oberwolfach/t3dl_e.tar.gz
1212,powersim,LiuWenzhuo,15838,15838,64424,Power Network Problem,2004,2004,250842244,0.00025683074338945876,99.97431692566106,4.067685313802248,True,/LiuWenzhuo/powersim,https://sparse.tamu.edu/MM/LiuWenzhuo/powersim.tar.gz
1213,Lin,Lin,256000,256000,1766400,Structural Problem,2004,2004,65536000000,2.6953125e-05,99.9973046875,6.9,True,/Lin/Lin,https://sparse.tamu.edu/MM/Lin/Lin.tar.gz
1214,sts4098,Cannizzo,4098,4098,72356,Structural Problem,2004,2004,16793604,0.004308545086569863,99.56914549134301,17.6564177647633,True,/Cannizzo/sts4098,https://sparse.tamu.edu/MM/Cannizzo/sts4098.tar.gz
1215,aug2d,GHS_indef,29008,29008,76832,2D/3D Problem,1994,1994,841464064,9.130752373995617e-05,99.99086924762601,2.6486486486486487,True,/GHS_indef/aug2d,https://sparse.tamu.edu/MM/GHS_indef/aug2d.tar.gz
1216,aug2dc,GHS_indef,30200,30200,80000,2D/3D Problem,1994,1994,912040000,8.771545107670716e-05,99.99122845489234,2.6490066225165565,True,/GHS_indef/aug2dc,https://sparse.tamu.edu/MM/GHS_indef/aug2dc.tar.gz
1217,aug3d,GHS_indef,24300,24300,69984,2D/3D Problem,1994,1994,590490000,0.00011851851851851852,99.98814814814814,2.88,True,/GHS_indef/aug3d,https://sparse.tamu.edu/MM/GHS_indef/aug3d.tar.gz
1218,aug3dcqp,GHS_indef,35543,35543,128115,2D/3D Problem,1994,1994,1263304849,0.00010141257678335722,99.98985874232167,3.6045072166108656,True,/GHS_indef/aug3dcqp,https://sparse.tamu.edu/MM/GHS_indef/aug3dcqp.tar.gz
1219,bmw3_2,GHS_indef,227362,227362,11288630,Structural Problem,2004,2004,51693479044,0.00021837628669549295,99.97816237133044,49.65046929566066,True,/GHS_indef/bmw3_2,https://sparse.tamu.edu/MM/GHS_indef/bmw3_2.tar.gz
1220,c-55,GHS_indef,32780,32780,403450,Optimization Problem,2004,2004,1074528400,0.00037546704209958525,99.96245329579004,12.307809640024406,True,/GHS_indef/c-55,https://sparse.tamu.edu/MM/GHS_indef/c-55.tar.gz
1221,c-58,GHS_indef,37595,37595,552551,Optimization Problem,2004,2004,1413384025,0.00039094187441378504,99.96090581255862,14.697459768586247,True,/GHS_indef/c-58,https://sparse.tamu.edu/MM/GHS_indef/c-58.tar.gz
1222,c-59,GHS_indef,41282,41282,480536,Optimization Problem,2004,2004,1704203524,0.0002819710165087066,99.97180289834913,11.640327503512427,True,/GHS_indef/c-59,https://sparse.tamu.edu/MM/GHS_indef/c-59.tar.gz
1223,c-62ghs,GHS_indef,41731,41731,559339,Subsequent Optimization Problem,2004,2004,1741476361,0.0003211866738626376,99.96788133261374,13.403441086961731,True,/GHS_indef/c-62ghs,https://sparse.tamu.edu/MM/GHS_indef/c-62ghs.tar.gz
1224,c-63,GHS_indef,44234,44234,434704,Optimization Problem,2004,2004,1956646756,0.00022216784847187818,99.97778321515281,9.82737260930506,True,/GHS_indef/c-63,https://sparse.tamu.edu/MM/GHS_indef/c-63.tar.gz
1225,c-68,GHS_indef,64810,64810,565996,Optimization Problem,2004,2004,4200336100,0.0001347501691590823,99.9865249830841,8.733158463200123,True,/GHS_indef/c-68,https://sparse.tamu.edu/MM/GHS_indef/c-68.tar.gz
1226,c-69,GHS_indef,67458,67458,623914,Optimization Problem,2004,2004,4550581764,0.0001371064255862473,99.98628935744136,9.24892525719707,True,/GHS_indef/c-69,https://sparse.tamu.edu/MM/GHS_indef/c-69.tar.gz
1227,c-70,GHS_indef,68924,68924,658986,Optimization Problem,2004,2004,4750517776,0.00013871877363121353,99.98612812263687,9.561052753757762,True,/GHS_indef/c-70,https://sparse.tamu.edu/MM/GHS_indef/c-70.tar.gz
1228,c-71,GHS_indef,76638,76638,859520,Optimization Problem,2004,2004,5873383044,0.00014634155367715192,99.98536584463228,11.21532399070957,True,/GHS_indef/c-71,https://sparse.tamu.edu/MM/GHS_indef/c-71.tar.gz
1229,c-72,GHS_indef,84064,84064,707546,Optimization Problem,2004,2004,7066756096,0.00010012316689414152,99.98998768331059,8.416753901789113,True,/GHS_indef/c-72,https://sparse.tamu.edu/MM/GHS_indef/c-72.tar.gz
1230,copter2,GHS_indef,55476,55476,759952,Computational Fluid Dynamics Problem,2004,2004,3077586576,0.00024693115245769126,99.97530688475423,13.69875261374288,True,/GHS_indef/copter2,https://sparse.tamu.edu/MM/GHS_indef/copter2.tar.gz
1231,d_pretok,GHS_indef,182730,182730,1641672,2D/3D Problem,2004,2004,33390252900,4.916620442847859e-05,99.99508337955714,8.984140535215893,True,/GHS_indef/d_pretok,https://sparse.tamu.edu/MM/GHS_indef/d_pretok.tar.gz
1232,darcy003,GHS_indef,389874,389874,2097566,2D/3D Problem,2002,2002,152001735876,1.379961872087535e-05,99.99862003812791,5.380112549182557,True,/GHS_indef/darcy003,https://sparse.tamu.edu/MM/GHS_indef/darcy003.tar.gz
1233,dawson5,GHS_indef,51537,51537,1010777,Structural Problem,2004,2004,2656062369,0.000380554693216995,99.96194453067831,19.61264722432427,True,/GHS_indef/dawson5,https://sparse.tamu.edu/MM/GHS_indef/dawson5.tar.gz
1234,dtoc,GHS_indef,24993,24993,69972,Optimization Problem,1992,1992,624650049,0.00011201792125369705,99.98879820787462,2.79966390589365,True,/GHS_indef/dtoc,https://sparse.tamu.edu/MM/GHS_indef/dtoc.tar.gz
1235,exdata_1,GHS_indef,6001,6001,2269500,Optimization Problem,2004,2004,36012001,0.0630206580300828,93.69793419699171,378.1869688385269,True,/GHS_indef/exdata_1,https://sparse.tamu.edu/MM/GHS_indef/exdata_1.tar.gz
1236,helm2d03,GHS_indef,392257,392257,2741935,2D/3D Problem,2004,2004,153865554049,1.7820330332848923e-05,99.99821796696672,6.99014931537232,True,/GHS_indef/helm2d03,https://sparse.tamu.edu/MM/GHS_indef/helm2d03.tar.gz
1237,helm3d01,GHS_indef,32226,32226,428444,2D/3D Problem,2004,2004,1038515076,0.00041255443459734616,99.95874455654027,13.294979209334079,True,/GHS_indef/helm3d01,https://sparse.tamu.edu/MM/GHS_indef/helm3d01.tar.gz
1238,k1_san,GHS_indef,67759,67759,559774,2D/3D Problem,2004,2004,4591282081,0.00012192106477545787,99.98780789352246,8.26124942812025,True,/GHS_indef/k1_san,https://sparse.tamu.edu/MM/GHS_indef/k1_san.tar.gz
1239,laser,GHS_indef,3002,3002,9000,Materials Problem,2004,2004,9012004,0.0009986679988158017,99.90013320011842,2.9980013324450367,True,/GHS_indef/laser,https://sparse.tamu.edu/MM/GHS_indef/laser.tar.gz
1240,mario001,GHS_indef,38434,38434,204912,2D/3D Problem,2004,2004,1477172356,0.00013871908661686327,99.98612809133832,5.331529375032523,True,/GHS_indef/mario001,https://sparse.tamu.edu/MM/GHS_indef/mario001.tar.gz
1241,mario002,GHS_indef,389874,389874,2097566,Duplicate 2D/3D Problem,2004,2004,152001735876,1.379961872087535e-05,99.99862003812791,5.380112549182557,True,/GHS_indef/mario002,https://sparse.tamu.edu/MM/GHS_indef/mario002.tar.gz
1242,ncvxqp1,GHS_indef,12111,12111,73963,Optimization Problem,1994,1994,146676321,0.0005042599889044122,99.94957400110955,6.107092725621336,True,/GHS_indef/ncvxqp1,https://sparse.tamu.edu/MM/GHS_indef/ncvxqp1.tar.gz
1243,ncvxqp9,GHS_indef,16554,16554,54040,Optimization Problem,1994,1994,274034916,0.00019720114790043762,99.98027988520995,3.2644678023438445,True,/GHS_indef/ncvxqp9,https://sparse.tamu.edu/MM/GHS_indef/ncvxqp9.tar.gz
1244,olesnik0,GHS_indef,88263,88263,744216,2D/3D Problem,2004,2004,7790357169,9.553040815143145e-05,99.99044695918485,8.431800414669794,True,/GHS_indef/olesnik0,https://sparse.tamu.edu/MM/GHS_indef/olesnik0.tar.gz
1245,sit100,GHS_indef,10262,10262,61046,2D/3D Problem,2004,2004,105308644,0.000579686507025957,99.9420313492974,5.948742935100371,True,/GHS_indef/sit100,https://sparse.tamu.edu/MM/GHS_indef/sit100.tar.gz
1246,stokes128,GHS_indef,49666,49666,558594,Computational Fluid Dynamics Problem,2004,2004,2466711556,0.00022645290595135965,99.97735470940486,11.247010026980227,True,/GHS_indef/stokes128,https://sparse.tamu.edu/MM/GHS_indef/stokes128.tar.gz
1247,stokes64,GHS_indef,12546,12546,140034,Computational Fluid Dynamics Problem,2004,2004,157402116,0.0008896576714381655,99.9110342328562,11.161645145863224,True,/GHS_indef/stokes64,https://sparse.tamu.edu/MM/GHS_indef/stokes64.tar.gz
1248,stokes64s,GHS_indef,12546,12546,140034,Computational Fluid Dynamics Problem,2004,2004,157402116,0.0008896576714381655,99.9110342328562,11.161645145863224,True,/GHS_indef/stokes64s,https://sparse.tamu.edu/MM/GHS_indef/stokes64s.tar.gz
1249,tuma1,GHS_indef,22967,22967,87760,2D/3D Problem,2004,2004,527483089,0.00016637500202399853,99.98336249979761,3.8211346714851744,True,/GHS_indef/tuma1,https://sparse.tamu.edu/MM/GHS_indef/tuma1.tar.gz
1250,tuma2,GHS_indef,12992,12992,49365,2D/3D Problem,2004,2004,168792064,0.0002924604322629765,99.9707539567737,3.799645935960591,True,/GHS_indef/tuma2,https://sparse.tamu.edu/MM/GHS_indef/tuma2.tar.gz
1251,turon_m,GHS_indef,189924,189924,1690876,2D/3D Problem,2004,2004,36071125776,4.687616379095736e-05,99.9953123836209,8.902908531833786,True,/GHS_indef/turon_m,https://sparse.tamu.edu/MM/GHS_indef/turon_m.tar.gz
1252,audikw_1,GHS_psdef,943695,943695,77651847,Structural Problem,2004,2004,890560253025,8.719437762491309e-05,99.9912805622375,82.28489819274236,True,/GHS_psdef/audikw_1,https://sparse.tamu.edu/MM/GHS_psdef/audikw_1.tar.gz
1253,bmw7st_1,GHS_psdef,141347,141347,7318399,Structural Problem,2004,2004,19978974409,0.00036630503899655906,99.96336949610034,51.776118347046626,True,/GHS_psdef/bmw7st_1,https://sparse.tamu.edu/MM/GHS_psdef/bmw7st_1.tar.gz
1254,bmwcra_1,GHS_psdef,148770,148770,10641602,Structural Problem,2004,2004,22132512900,0.000480813093754031,99.9519186906246,71.5305639577872,True,/GHS_psdef/bmwcra_1,https://sparse.tamu.edu/MM/GHS_psdef/bmwcra_1.tar.gz
1255,copter1,GHS_psdef,17222,17222,211064,Computational Fluid Dynamics Problem,2004,2004,296597284,0.0007116181144801042,99.92883818855199,12.255487167576355,True,/GHS_psdef/copter1,https://sparse.tamu.edu/MM/GHS_psdef/copter1.tar.gz
1256,copter2,GHS_psdef,55476,55476,759952,Duplicate Computational Fluid Dynamics Problem,2004,2004,3077586576,0.00024693115245769126,99.97530688475423,13.69875261374288,True,/GHS_psdef/copter2,https://sparse.tamu.edu/MM/GHS_psdef/copter2.tar.gz
1257,crankseg_1,GHS_psdef,52804,52804,10614210,Structural Problem,2004,2004,2788262416,0.0038067471480058854,99.61932528519941,201.0114764033028,True,/GHS_psdef/crankseg_1,https://sparse.tamu.edu/MM/GHS_psdef/crankseg_1.tar.gz
1258,crankseg_2,GHS_psdef,63838,63838,14148858,Structural Problem,2004,2004,4075290244,0.003471865107235292,99.65281348927647,221.63692471568658,True,/GHS_psdef/crankseg_2,https://sparse.tamu.edu/MM/GHS_psdef/crankseg_2.tar.gz
1259,crplat2,DNVS,18010,18010,960946,Structural Problem,2004,2004,324360100,0.0029625900349642266,99.70374099650357,53.35624652970572,True,/DNVS/crplat2,https://sparse.tamu.edu/MM/DNVS/crplat2.tar.gz
1260,fcondp2,DNVS,201822,201822,11294316,Structural Problem,2004,2004,40732119684,0.00027728279519016844,99.97227172048099,55.961768290870175,True,/DNVS/fcondp2,https://sparse.tamu.edu/MM/DNVS/fcondp2.tar.gz
1261,finance256,GHS_psdef,37376,37376,298496,Optimization Problem,1997,1997,1396965376,0.0002136745871645712,99.97863254128355,7.986301369863014,True,/GHS_psdef/finance256,https://sparse.tamu.edu/MM/GHS_psdef/finance256.tar.gz
1262,ford1,GHS_psdef,18728,18728,101576,Structural Problem,2004,2004,350737984,0.00028960650010464794,99.97103934998954,5.423750533959846,True,/GHS_psdef/ford1,https://sparse.tamu.edu/MM/GHS_psdef/ford1.tar.gz
1263,ford2,GHS_psdef,100196,100196,544688,Structural Problem,2004,2004,10039238416,5.425590840953687e-05,99.99457440915904,5.436224999001956,True,/GHS_psdef/ford2,https://sparse.tamu.edu/MM/GHS_psdef/ford2.tar.gz
1264,fullb,DNVS,199187,199187,11708077,Structural Problem,2004,2004,39675460969,0.0002950961807135141,99.97049038192864,58.77932294778274,True,/DNVS/fullb,https://sparse.tamu.edu/MM/DNVS/fullb.tar.gz
1265,halfb,DNVS,224617,224617,12387821,Structural Problem,2004,2004,50452796689,0.00024553289040369215,99.97544671095963,55.150861243806126,True,/DNVS/halfb,https://sparse.tamu.edu/MM/DNVS/halfb.tar.gz
1266,hood,GHS_psdef,220542,220542,9895422,Structural Problem,2004,2004,48638773764,0.0002034471931388225,99.97965528068612,44.868650869222186,True,/GHS_psdef/hood,https://sparse.tamu.edu/MM/GHS_psdef/hood.tar.gz
1267,inline_1,GHS_psdef,503712,503712,36816170,Structural Problem,2004,2004,253725778944,0.00014510220503895162,99.9854897794961,73.0897219045804,True,/GHS_psdef/inline_1,https://sparse.tamu.edu/MM/GHS_psdef/inline_1.tar.gz
1268,ldoor,GHS_psdef,952203,952203,42493817,Structural Problem,2004,2004,906690553209,4.686694578387739e-05,99.9953133054216,44.6268463762454,True,/GHS_psdef/ldoor,https://sparse.tamu.edu/MM/GHS_psdef/ldoor.tar.gz
1269,m_t1,DNVS,97578,97578,9753570,Structural Problem,1999,1999,9521466084,0.0010243769093910896,99.89756230906089,99.95665006456373,True,/DNVS/m_t1,https://sparse.tamu.edu/MM/DNVS/m_t1.tar.gz
1270,oilpan,GHS_psdef,73752,73752,2148558,Structural Problem,2004,2004,5439357504,0.00039500216678532186,99.96049978332147,29.132199804751057,True,/GHS_psdef/oilpan,https://sparse.tamu.edu/MM/GHS_psdef/oilpan.tar.gz
1271,opt1,GHS_psdef,15449,15449,1930655,Structural Problem,2004,2004,238671601,0.008089169351991735,99.19108306480082,124.96957731892032,True,/GHS_psdef/opt1,https://sparse.tamu.edu/MM/GHS_psdef/opt1.tar.gz
1272,pds10,GHS_psdef,16558,16558,149658,Optimization Problem,2004,2004,274167364,0.0005458636572075734,99.94541363427925,9.038410436043,True,/GHS_psdef/pds10,https://sparse.tamu.edu/MM/GHS_psdef/pds10.tar.gz
1273,pwt,GHS_psdef,36519,36519,326107,Duplicate Structural Problem,1995,1995,1333637361,0.0002445244933416349,99.97554755066584,8.929789972343164,True,/GHS_psdef/pwt,https://sparse.tamu.edu/MM/GHS_psdef/pwt.tar.gz
1274,ramage02,GHS_psdef,16830,16830,2866352,Computational Fluid Dynamics Problem,2004,2004,283248900,0.010119552097113176,98.98804479028868,170.31206179441475,True,/GHS_psdef/ramage02,https://sparse.tamu.edu/MM/GHS_psdef/ramage02.tar.gz
1275,s3dkq4m2,GHS_psdef,90449,90449,4427725,Structural Problem,1997,1997,8181021601,0.0005412190819125549,99.94587809180875,48.952724739908675,True,/GHS_psdef/s3dkq4m2,https://sparse.tamu.edu/MM/GHS_psdef/s3dkq4m2.tar.gz
1276,s3dkt3m2,GHS_psdef,90449,90449,3686223,Structural Problem,1997,1997,8181021601,0.0004505822352980241,99.95494177647019,40.75471260047098,True,/GHS_psdef/s3dkt3m2,https://sparse.tamu.edu/MM/GHS_psdef/s3dkt3m2.tar.gz
1277,ship_001,DNVS,34920,34920,3896496,Structural Problem,1999,1999,1219406400,0.0031954039276815343,99.68045960723184,111.58350515463917,True,/DNVS/ship_001,https://sparse.tamu.edu/MM/DNVS/ship_001.tar.gz
1278,ship_003,DNVS,121728,121728,3777036,Structural Problem,1999,1999,14817705984,0.0002549001852296437,99.97450998147703,31.02848974763407,True,/DNVS/ship_003,https://sparse.tamu.edu/MM/DNVS/ship_003.tar.gz
1279,shipsec1,DNVS,140874,140874,3568176,Structural Problem,1999,1999,19845483876,0.00017979788360389384,99.98202021163961,25.32884705481494,True,/DNVS/shipsec1,https://sparse.tamu.edu/MM/DNVS/shipsec1.tar.gz
1280,shipsec5,DNVS,179860,179860,4598604,Structural Problem,1999,1999,32349619600,0.0001421532635270926,99.98578467364729,25.567685977982876,True,/DNVS/shipsec5,https://sparse.tamu.edu/MM/DNVS/shipsec5.tar.gz
1281,shipsec8,DNVS,114919,114919,3303553,Structural Problem,1999,1999,13206376561,0.0002501483268132596,99.97498516731868,28.746795569052985,True,/DNVS/shipsec8,https://sparse.tamu.edu/MM/DNVS/shipsec8.tar.gz
1282,srb1,GHS_psdef,54924,54924,2962152,Structural Problem,2004,2004,3016645776,0.0009819356397646867,99.90180643602353,53.93183307843566,True,/GHS_psdef/srb1,https://sparse.tamu.edu/MM/GHS_psdef/srb1.tar.gz
1283,thread,DNVS,29736,29736,4444880,Structural Problem,1999,1999,884229696,0.005026838637185965,99.4973161362814,149.47807371536186,True,/DNVS/thread,https://sparse.tamu.edu/MM/DNVS/thread.tar.gz
1284,trdheim,DNVS,22098,22098,1935324,Structural Problem,2004,2004,488321604,0.00396321601204439,99.60367839879555,87.57914743415694,True,/DNVS/trdheim,https://sparse.tamu.edu/MM/DNVS/trdheim.tar.gz
1285,troll,DNVS,213453,213453,11985111,Structural Problem,2004,2004,45562183209,0.00026304953265787653,99.9736950467342,56.14871189442172,True,/DNVS/troll,https://sparse.tamu.edu/MM/DNVS/troll.tar.gz
1286,tsyl201,DNVS,20685,20685,2454957,Structural Problem,2004,2004,427869225,0.005737633969818699,99.42623660301813,118.68295866569979,True,/DNVS/tsyl201,https://sparse.tamu.edu/MM/DNVS/tsyl201.tar.gz
1287,vanbody,GHS_psdef,47072,47072,2329056,Structural Problem,2004,2004,2215773184,0.0010511256372348985,99.89488743627652,49.478585995921144,True,/GHS_psdef/vanbody,https://sparse.tamu.edu/MM/GHS_psdef/vanbody.tar.gz
1288,wathen100,GHS_psdef,30401,30401,471601,Random 2D/3D Problem,2004,2004,924220801,0.0005102687577359558,99.9489731242264,15.512680503930792,True,/GHS_psdef/wathen100,https://sparse.tamu.edu/MM/GHS_psdef/wathen100.tar.gz
1289,wathen120,GHS_psdef,36441,36441,565761,Random 2D/3D Problem,2004,2004,1327946481,0.00042604201908344827,99.95739579809165,15.52539721741994,True,/GHS_psdef/wathen120,https://sparse.tamu.edu/MM/GHS_psdef/wathen120.tar.gz
1290,x104,DNVS,108384,108384,8713602,Structural Problem,1999,1999,11747091456,0.000741766762661016,99.9258233237339,80.39564880425155,True,/DNVS/x104,https://sparse.tamu.edu/MM/DNVS/x104.tar.gz
1291,a0nsdsil,GHS_indef,80016,80016,355034,Optimization Problem,2004,2004,6402560256,5.545187953011277e-05,99.99445481204698,4.437037592481504,True,/GHS_indef/a0nsdsil,https://sparse.tamu.edu/MM/GHS_indef/a0nsdsil.tar.gz
1292,a2nnsnsl,GHS_indef,80016,80016,347222,Optimization Problem,2004,2004,6402560256,5.4231742633676826e-05,99.99457682573663,4.339407118576284,True,/GHS_indef/a2nnsnsl,https://sparse.tamu.edu/MM/GHS_indef/a2nnsnsl.tar.gz
1293,a5esindl,GHS_indef,60008,60008,255004,Optimization Problem,2004,2004,3600960064,7.08155590364248e-05,99.99291844409636,4.249500066657779,True,/GHS_indef/a5esindl,https://sparse.tamu.edu/MM/GHS_indef/a5esindl.tar.gz
1294,blockqp1,GHS_indef,60012,60012,640033,Optimization Problem,1994,1994,3601440144,0.00017771585099541224,99.98222841490045,10.66508364993668,True,/GHS_indef/blockqp1,https://sparse.tamu.edu/MM/GHS_indef/blockqp1.tar.gz
1295,bloweya,GHS_indef,30004,30004,150009,Materials Problem,1992,1992,900240016,0.0001666322284433977,99.98333677715566,4.999633382215705,True,/GHS_indef/bloweya,https://sparse.tamu.edu/MM/GHS_indef/bloweya.tar.gz
1296,boyd1,GHS_indef,93279,93279,1211231,Optimization Problem,2004,2004,8700971841,0.00013920640385164075,99.98607935961483,12.985034144877197,True,/GHS_indef/boyd1,https://sparse.tamu.edu/MM/GHS_indef/boyd1.tar.gz
1297,boyd2,GHS_indef,466316,466316,1500397,Optimization Problem,2004,2004,217450611856,6.899943795024094e-06,99.9993100056205,3.2175541907204557,True,/GHS_indef/boyd2,https://sparse.tamu.edu/MM/GHS_indef/boyd2.tar.gz
1298,brainpc2,GHS_indef,27607,27607,179395,Optimization Problem,1994,1994,762146449,0.00023538127119188349,99.9764618728808,6.498170753794327,True,/GHS_indef/brainpc2,https://sparse.tamu.edu/MM/GHS_indef/brainpc2.tar.gz
1299,bratu3d,GHS_indef,27792,27792,173796,2D/3D Problem,1989,1989,772395264,0.00022500914764801044,99.9774990852352,6.253454231433506,True,/GHS_indef/bratu3d,https://sparse.tamu.edu/MM/GHS_indef/bratu3d.tar.gz
1300,cont-201,GHS_indef,80595,80595,438795,Optimization Problem,2004,2004,6495554025,6.755312915744705e-05,99.99324468708426,5.444444444444445,True,/GHS_indef/cont-201,https://sparse.tamu.edu/MM/GHS_indef/cont-201.tar.gz
1301,cont-300,GHS_indef,180895,180895,988195,Optimization Problem,2004,2004,32723001025,3.0198788896074363e-05,99.9969801211104,5.462809917355372,True,/GHS_indef/cont-300,https://sparse.tamu.edu/MM/GHS_indef/cont-300.tar.gz
1302,dixmaanl,GHS_indef,60000,60000,299998,Optimization Problem,1989,1989,3600000000,8.333277777777778e-05,99.99166672222223,4.9999666666666664,True,/GHS_indef/dixmaanl,https://sparse.tamu.edu/MM/GHS_indef/dixmaanl.tar.gz
1303,linverse,GHS_indef,11999,11999,95977,Statistical/Mathematical Problem,1991,1991,143976001,0.0006666180428222896,99.93333819571777,7.998749895824652,True,/GHS_indef/linverse,https://sparse.tamu.edu/MM/GHS_indef/linverse.tar.gz
1304,ncvxbqp1,GHS_indef,50000,50000,349968,Optimization Problem,1995,1995,2500000000,0.0001399872,99.98600128,6.99936,True,/GHS_indef/ncvxbqp1,https://sparse.tamu.edu/MM/GHS_indef/ncvxbqp1.tar.gz
1305,ncvxqp3,GHS_indef,75000,75000,499964,Optimization Problem,1995,1995,5625000000,8.888248888888889e-05,99.9911117511111,6.6661866666666665,True,/GHS_indef/ncvxqp3,https://sparse.tamu.edu/MM/GHS_indef/ncvxqp3.tar.gz
1306,ncvxqp5,GHS_indef,62500,62500,424966,Optimization Problem,1995,1995,3906250000,0.000108791296,99.9891208704,6.799456,True,/GHS_indef/ncvxqp5,https://sparse.tamu.edu/MM/GHS_indef/ncvxqp5.tar.gz
1307,ncvxqp7,GHS_indef,87500,87500,574962,Optimization Problem,1995,1995,7656250000,7.50970775510204e-05,99.9924902922449,6.570994285714286,True,/GHS_indef/ncvxqp7,https://sparse.tamu.edu/MM/GHS_indef/ncvxqp7.tar.gz
1308,sparsine,GHS_indef,50000,50000,1548988,Structural Problem,1995,1995,2500000000,0.0006195952,99.93804048,30.97976,True,/GHS_indef/sparsine,https://sparse.tamu.edu/MM/GHS_indef/sparsine.tar.gz
1309,spmsrtls,GHS_indef,29995,29995,229947,Statistical/Mathematical Problem,2004,2004,899700025,0.0002555818535183435,99.97444181464816,7.6661776962827135,True,/GHS_indef/spmsrtls,https://sparse.tamu.edu/MM/GHS_indef/spmsrtls.tar.gz
1310,cvxbqp1,GHS_psdef,50000,50000,349968,Optimization Problem,1995,1995,2500000000,0.0001399872,99.98600128,6.99936,True,/GHS_psdef/cvxbqp1,https://sparse.tamu.edu/MM/GHS_psdef/cvxbqp1.tar.gz
1311,gridgena,GHS_psdef,48962,48962,512084,Optimization Problem,1991,1991,2397277444,0.00021361065290196758,99.9786389347098,10.458804787386136,True,/GHS_psdef/gridgena,https://sparse.tamu.edu/MM/GHS_psdef/gridgena.tar.gz
1312,jnlbrng1,GHS_psdef,40000,40000,199200,Optimization Problem,1991,1991,1600000000,0.0001245,99.98755,4.98,True,/GHS_psdef/jnlbrng1,https://sparse.tamu.edu/MM/GHS_psdef/jnlbrng1.tar.gz
1313,minsurfo,GHS_psdef,40806,40806,203622,Optimization Problem,2000,2000,1665129636,0.00012228597437563112,99.98777140256244,4.990001470372004,True,/GHS_psdef/minsurfo,https://sparse.tamu.edu/MM/GHS_psdef/minsurfo.tar.gz
1314,obstclae,GHS_psdef,40000,40000,197608,Optimization Problem,1983,1983,1600000000,0.000123505,99.9876495,4.9402,True,/GHS_psdef/obstclae,https://sparse.tamu.edu/MM/GHS_psdef/obstclae.tar.gz
1315,torsion1,GHS_psdef,40000,40000,197608,Duplicate Optimization Problem,1983,1983,1600000000,0.000123505,99.9876495,4.9402,True,/GHS_psdef/torsion1,https://sparse.tamu.edu/MM/GHS_psdef/torsion1.tar.gz
1316,rajat15,Rajat,37261,37261,443573,Circuit Simulation Problem,2006,2006,1388382121,0.00031948913292005723,99.968051086708,11.904484581734254,True,/Rajat/rajat15,https://sparse.tamu.edu/MM/Rajat/rajat15.tar.gz
1319,airfoil_2d,Engwirda,14214,14214,259688,Computational Fluid Dynamics Problem,2006,2006,202037796,0.0012853436591636546,99.87146563408363,18.26987477135219,True,/Engwirda/airfoil_2d,https://sparse.tamu.edu/MM/Engwirda/airfoil_2d.tar.gz
1320,dc1,IBM_EDA,116835,116835,766396,Circuit Simulation Problem Sequence,2005,2005,13650417225,5.614451099680581e-05,99.99438554890033,6.559643942311808,True,/IBM_EDA/dc1,https://sparse.tamu.edu/MM/IBM_EDA/dc1.tar.gz
1321,dc2,IBM_EDA,116835,116835,766396,Subsequent Circuit Simulation Problem,2005,2005,13650417225,5.614451099680581e-05,99.99438554890033,6.559643942311808,True,/IBM_EDA/dc2,https://sparse.tamu.edu/MM/IBM_EDA/dc2.tar.gz
1322,dc3,IBM_EDA,116835,116835,766396,Subsequent Circuit Simulation Problem,2005,2005,13650417225,5.614451099680581e-05,99.99438554890033,6.559643942311808,True,/IBM_EDA/dc3,https://sparse.tamu.edu/MM/IBM_EDA/dc3.tar.gz
1323,trans4,IBM_EDA,116835,116835,749800,Circuit Simulation Problem Sequence,2005,2005,13650417225,5.492872398264735e-05,99.99450712760174,6.417597466512603,True,/IBM_EDA/trans4,https://sparse.tamu.edu/MM/IBM_EDA/trans4.tar.gz
1324,trans5,IBM_EDA,116835,116835,749800,Subsequent Circuit Simulation Problem,2005,2005,13650417225,5.492872398264735e-05,99.99450712760174,6.417597466512603,True,/IBM_EDA/trans5,https://sparse.tamu.edu/MM/IBM_EDA/trans5.tar.gz
1325,robot,Morandini,120,120,870,Robotics Problem,2006,2006,14400,0.06041666666666667,93.95833333333333,7.25,True,/Morandini/robot,https://sparse.tamu.edu/MM/Morandini/robot.tar.gz
1326,rotor1,Morandini,100,100,708,Structural Problem,2006,2006,10000,0.0708,92.92,7.08,True,/Morandini/rotor1,https://sparse.tamu.edu/MM/Morandini/rotor1.tar.gz
1327,rotor2,Morandini,791,791,10685,Structural Problem,2006,2006,625681,0.017077392473161243,98.29226075268387,13.508217446270544,True,/Morandini/rotor2,https://sparse.tamu.edu/MM/Morandini/rotor2.tar.gz
1328,tomography,MathWorks,500,500,28726,Computer Graphics/Vision Problem,2003,2003,250000,0.114904,88.5096,57.452,True,/MathWorks/tomography,https://sparse.tamu.edu/MM/MathWorks/tomography.tar.gz
1330,Kuu,MathWorks,7102,7102,340200,Structural Problem,2006,2006,50438404,0.006744860523342491,99.32551394766575,47.901999436778375,True,/MathWorks/Kuu,https://sparse.tamu.edu/MM/MathWorks/Kuu.tar.gz
1331,Muu,MathWorks,7102,7102,170134,Structural Problem,2006,2006,50438404,0.0033731043512003275,99.66268956487997,23.955787102224726,True,/MathWorks/Muu,https://sparse.tamu.edu/MM/MathWorks/Muu.tar.gz
1333,std1_Jac2_db,VanVelzen,21982,21982,498771,Chemical Process Simulation Problem,2006,2006,483208324,0.0010322069700107236,99.89677930299892,22.689973614775724,True,/VanVelzen/std1_Jac2_db,https://sparse.tamu.edu/MM/VanVelzen/std1_Jac2_db.tar.gz
1334,std1_Jac2,VanVelzen,21982,21982,1248213,Chemical Process Simulation Problem,2006,2006,483208324,0.0025831777682703994,99.74168222317296,56.783413702119915,True,/VanVelzen/std1_Jac2,https://sparse.tamu.edu/MM/VanVelzen/std1_Jac2.tar.gz
1335,std1_Jac3_db,VanVelzen,21982,21982,531826,Chemical Process Simulation Problem,2006,2006,483208324,0.0011006143180596368,99.88993856819404,24.193703939586936,True,/VanVelzen/std1_Jac3_db,https://sparse.tamu.edu/MM/VanVelzen/std1_Jac3_db.tar.gz
1336,std1_Jac3,VanVelzen,21982,21982,1455374,Chemical Process Simulation Problem,2006,2006,483208324,0.0030118976178895463,99.69881023821104,66.207533436448,True,/VanVelzen/std1_Jac3,https://sparse.tamu.edu/MM/VanVelzen/std1_Jac3.tar.gz
1337,Zd_Jac2_db,VanVelzen,22835,22835,676439,Chemical Process Simulation Problem,2006,2006,521437225,0.0012972587448086392,99.87027412551913,29.622903437705276,True,/VanVelzen/Zd_Jac2_db,https://sparse.tamu.edu/MM/VanVelzen/Zd_Jac2_db.tar.gz
1338,Zd_Jac2,VanVelzen,22835,22835,1642407,Chemical Process Simulation Problem,2006,2006,521437225,0.003149769370608322,99.68502306293917,71.92498357784103,True,/VanVelzen/Zd_Jac2,https://sparse.tamu.edu/MM/VanVelzen/Zd_Jac2.tar.gz
1339,Zd_Jac3_db,VanVelzen,22835,22835,713907,Chemical Process Simulation Problem,2006,2006,521437225,0.001369113990663018,99.86308860093371,31.263717976790016,True,/VanVelzen/Zd_Jac3_db,https://sparse.tamu.edu/MM/VanVelzen/Zd_Jac3_db.tar.gz
1340,Zd_Jac3,VanVelzen,22835,22835,1915726,Chemical Process Simulation Problem,2006,2006,521437225,0.0036739340962855115,99.63260659037145,83.89428508867965,True,/VanVelzen/Zd_Jac3,https://sparse.tamu.edu/MM/VanVelzen/Zd_Jac3.tar.gz
1341,Zd_Jac6_db,VanVelzen,22835,22835,663643,Chemical Process Simulation Problem,2006,2006,521437225,0.001272718878096975,99.8727281121903,29.062535581344427,True,/VanVelzen/Zd_Jac6_db,https://sparse.tamu.edu/MM/VanVelzen/Zd_Jac6_db.tar.gz
1342,Zd_Jac6,VanVelzen,22835,22835,1711557,Chemical Process Simulation Problem,2006,2006,521437225,0.003282383608113134,99.67176163918869,74.95322969126342,True,/VanVelzen/Zd_Jac6,https://sparse.tamu.edu/MM/VanVelzen/Zd_Jac6.tar.gz
1343,rajat16,Rajat,94294,94294,476766,Circuit Simulation Problem,2006,2006,8891358436,5.36212777194578e-05,99.99463787222805,5.056164761278555,True,/Rajat/rajat16,https://sparse.tamu.edu/MM/Rajat/rajat16.tar.gz
1344,rajat17,Rajat,94294,94294,479246,Circuit Simulation Problem,2006,2006,8891358436,5.3900200228076824e-05,99.99460997997718,5.0824654803062765,True,/Rajat/rajat17,https://sparse.tamu.edu/MM/Rajat/rajat17.tar.gz
1345,rajat18,Rajat,94294,94294,479151,Circuit Simulation Problem,2006,2006,8891358436,5.388951569649666e-05,99.99461104843034,5.081457993085456,True,/Rajat/rajat18,https://sparse.tamu.edu/MM/Rajat/rajat18.tar.gz
1346,rajat19,Rajat,1157,1157,3699,Circuit Simulation Problem,2006,2006,1338649,0.0027632336781337006,99.72367663218662,3.1970613656006917,True,/Rajat/rajat19,https://sparse.tamu.edu/MM/Rajat/rajat19.tar.gz
1347,bundle1,Lourakis,10581,10581,770811,Computer Graphics/Vision Problem,2006,2006,111957561,0.006884849876284818,99.31151501237152,72.84859654096967,True,/Lourakis/bundle1,https://sparse.tamu.edu/MM/Lourakis/bundle1.tar.gz
1348,benzene,PARSEC,8219,8219,242669,Theoretical/Quantum Chemistry Problem,2005,2005,67551961,0.003592330946543506,99.64076690534564,29.525368049641077,True,/PARSEC/benzene,https://sparse.tamu.edu/MM/PARSEC/benzene.tar.gz
1349,CO,PARSEC,221119,221119,7666057,Theoretical/Quantum Chemistry Problem,2005,2005,48893612161,0.00015679056345349816,99.98432094365465,34.66937260027406,True,/PARSEC/CO,https://sparse.tamu.edu/MM/PARSEC/CO.tar.gz
1350,Ga10As10H30,PARSEC,113081,113081,6115633,Theoretical/Quantum Chemistry Problem,2005,2005,12787312561,0.000478257880287689,99.95217421197124,54.08187936081216,True,/PARSEC/Ga10As10H30,https://sparse.tamu.edu/MM/PARSEC/Ga10As10H30.tar.gz
1351,Ga19As19H42,PARSEC,133123,133123,8884839,Theoretical/Quantum Chemistry Problem,2005,2005,17721733129,0.0005013527139431285,99.94986472860569,66.74157733825109,True,/PARSEC/Ga19As19H42,https://sparse.tamu.edu/MM/PARSEC/Ga19As19H42.tar.gz
1352,Ga3As3H12,PARSEC,61349,61349,5970947,Theoretical/Quantum Chemistry Problem,2005,2005,3763699801,0.00158645676215025,99.84135432378497,97.32753590115568,True,/PARSEC/Ga3As3H12,https://sparse.tamu.edu/MM/PARSEC/Ga3As3H12.tar.gz
1353,Ga41As41H72,PARSEC,268096,268096,18488476,Theoretical/Quantum Chemistry Problem,2005,2005,71875465216,0.0002572293054999849,99.97427706945,68.96214788732394,True,/PARSEC/Ga41As41H72,https://sparse.tamu.edu/MM/PARSEC/Ga41As41H72.tar.gz
1354,GaAsH6,PARSEC,61349,61349,3381809,Theoretical/Quantum Chemistry Problem,2005,2005,3763699801,0.000898533139944229,99.91014668600558,55.12410960243851,True,/PARSEC/GaAsH6,https://sparse.tamu.edu/MM/PARSEC/GaAsH6.tar.gz
1355,Ge87H76,PARSEC,112985,112985,7892195,Theoretical/Quantum Chemistry Problem,2005,2005,12765610225,0.0006182387571683828,99.93817612428316,69.85170597866974,True,/PARSEC/Ge87H76,https://sparse.tamu.edu/MM/PARSEC/Ge87H76.tar.gz
1356,Ge99H100,PARSEC,112985,112985,8451395,Theoretical/Quantum Chemistry Problem,2005,2005,12765610225,0.0006620439486276106,99.93379560513725,74.80103553569057,True,/PARSEC/Ge99H100,https://sparse.tamu.edu/MM/PARSEC/Ge99H100.tar.gz
1357,H2O,PARSEC,67024,67024,2216736,Theoretical/Quantum Chemistry Problem,2005,2005,4492216576,0.0004934615156008008,99.95065384843991,33.07376462162807,True,/PARSEC/H2O,https://sparse.tamu.edu/MM/PARSEC/H2O.tar.gz
1358,Na5,PARSEC,5832,5832,305630,Theoretical/Quantum Chemistry Problem,2005,2005,34012224,0.008985886956407202,99.10141130435927,52.405692729766805,True,/PARSEC/Na5,https://sparse.tamu.edu/MM/PARSEC/Na5.tar.gz
1359,Si10H16,PARSEC,17077,17077,875923,Theoretical/Quantum Chemistry Problem,2005,2005,291623929,0.003003604687048846,99.69963953129512,51.29255724073315,True,/PARSEC/Si10H16,https://sparse.tamu.edu/MM/PARSEC/Si10H16.tar.gz
1360,Si2,PARSEC,769,769,17801,Theoretical/Quantum Chemistry Problem,2005,2005,591361,0.030101748339846558,96.98982516601534,23.148244473342004,True,/PARSEC/Si2,https://sparse.tamu.edu/MM/PARSEC/Si2.tar.gz
1361,Si34H36,PARSEC,97569,97569,5156379,Theoretical/Quantum Chemistry Problem,2005,2005,9519709761,0.0005416529631107522,99.94583470368893,52.848537957752974,True,/PARSEC/Si34H36,https://sparse.tamu.edu/MM/PARSEC/Si34H36.tar.gz
1362,Si41Ge41H72,PARSEC,185639,185639,15011265,Theoretical/Quantum Chemistry Problem,2005,2005,34461838321,0.0004355909531051508,99.95644090468949,80.8626689434871,True,/PARSEC/Si41Ge41H72,https://sparse.tamu.edu/MM/PARSEC/Si41Ge41H72.tar.gz
1363,Si5H12,PARSEC,19896,19896,738598,Theoretical/Quantum Chemistry Problem,2005,2005,395850816,0.0018658493809950868,99.81341506190049,37.122939284278246,True,/PARSEC/Si5H12,https://sparse.tamu.edu/MM/PARSEC/Si5H12.tar.gz
1364,Si87H76,PARSEC,240369,240369,10661631,Theoretical/Quantum Chemistry Problem,2005,2005,57777256161,0.00018452989477885012,99.98154701052212,44.355266278097425,True,/PARSEC/Si87H76,https://sparse.tamu.edu/MM/PARSEC/Si87H76.tar.gz
1365,SiH4,PARSEC,5041,5041,171903,Theoretical/Quantum Chemistry Problem,2005,2005,25411681,0.006764723671763391,99.32352763282366,34.100972029359255,True,/PARSEC/SiH4,https://sparse.tamu.edu/MM/PARSEC/SiH4.tar.gz
1366,SiNa,PARSEC,5743,5743,198787,Theoretical/Quantum Chemistry Problem,2005,2005,32982049,0.006027127059328546,99.39728729406716,34.613790701723836,True,/PARSEC/SiNa,https://sparse.tamu.edu/MM/PARSEC/SiNa.tar.gz
1367,SiO2,PARSEC,155331,155331,11283503,Theoretical/Quantum Chemistry Problem,2005,2005,24127719561,0.00046765725088410896,99.95323427491158,72.64166843707953,True,/PARSEC/SiO2,https://sparse.tamu.edu/MM/PARSEC/SiO2.tar.gz
1368,SiO,PARSEC,33401,33401,1317655,Theoretical/Quantum Chemistry Problem,2005,2005,1115626801,0.0011810894098446816,99.88189105901554,39.449567378222206,True,/PARSEC/SiO,https://sparse.tamu.edu/MM/PARSEC/SiO.tar.gz
1369,rajat20,Rajat,86916,86916,604299,Circuit Simulation Problem,2006,2006,7554391056,7.999307892858439e-05,99.99200069210714,6.952678448156841,True,/Rajat/rajat20,https://sparse.tamu.edu/MM/Rajat/rajat20.tar.gz
1370,rajat21,Rajat,411676,411676,1876011,Circuit Simulation Problem,2006,2006,169477128976,1.106940512466237e-05,99.99889305948754,4.557008424100506,True,/Rajat/rajat21,https://sparse.tamu.edu/MM/Rajat/rajat21.tar.gz
1371,rajat22,Rajat,39899,39899,195429,Circuit Simulation Problem,2006,2006,1591930201,0.00012276229188769566,99.98772377081123,4.898092684027168,True,/Rajat/rajat22,https://sparse.tamu.edu/MM/Rajat/rajat22.tar.gz
1372,rajat23,Rajat,110355,110355,555441,Circuit Simulation Problem,2006,2006,12178226025,4.560935220448087e-05,99.99543906477956,5.033220062525486,True,/Rajat/rajat23,https://sparse.tamu.edu/MM/Rajat/rajat23.tar.gz
1373,rajat24,Rajat,358172,358172,1946979,Circuit Simulation Problem,2006,2006,128287181584,1.51767228491582e-05,99.9984823277151,5.435877176328691,True,/Rajat/rajat24,https://sparse.tamu.edu/MM/Rajat/rajat24.tar.gz
1374,rajat25,Rajat,87190,87190,606489,Circuit Simulation Problem,2006,2006,7602096100,7.97791809024882e-05,99.99202208190975,6.9559467828879455,True,/Rajat/rajat25,https://sparse.tamu.edu/MM/Rajat/rajat25.tar.gz
1375,rajat26,Rajat,51032,51032,247528,Circuit Simulation Problem,2006,2006,2604265024,9.504716214320282e-05,99.99049528378568,4.850446778491927,True,/Rajat/rajat26,https://sparse.tamu.edu/MM/Rajat/rajat26.tar.gz
1376,rajat27,Rajat,20640,20640,97353,Circuit Simulation Problem,2006,2006,426009600,0.00022852301919956734,99.97714769808003,4.71671511627907,True,/Rajat/rajat27,https://sparse.tamu.edu/MM/Rajat/rajat27.tar.gz
1377,rajat28,Rajat,87190,87190,606489,Circuit Simulation Problem,2006,2006,7602096100,7.97791809024882e-05,99.99202208190975,6.9559467828879455,True,/Rajat/rajat28,https://sparse.tamu.edu/MM/Rajat/rajat28.tar.gz
1378,Sieber,MathWorks,2290,2290,14873,Counter Example Problem,2006,2006,5244100,0.0028361396617150704,99.7163860338285,6.4947598253275105,True,/MathWorks/Sieber,https://sparse.tamu.edu/MM/MathWorks/Sieber.tar.gz
1379,ex3sta1,Andrianov,16782,16782,678998,Optimization Problem,2006,2006,281635524,0.002410910350925759,99.75890896490742,40.459897509236086,True,/Andrianov/ex3sta1,https://sparse.tamu.edu/MM/Andrianov/ex3sta1.tar.gz
1380,fxm3_6,Andrianov,5026,5026,94026,Optimization Problem,2006,2006,25260676,0.0037222281778999107,99.62777718221001,18.70791882212495,True,/Andrianov/fxm3_6,https://sparse.tamu.edu/MM/Andrianov/fxm3_6.tar.gz
1381,fxm4_6,Andrianov,18892,18892,497844,Optimization Problem,2006,2006,356907664,0.0013948817865676317,99.86051182134324,26.3521067118357,True,/Andrianov/fxm4_6,https://sparse.tamu.edu/MM/Andrianov/fxm4_6.tar.gz
1382,ins2,Andrianov,309412,309412,2751484,Optimization Problem,2006,2006,95735785744,2.8740391888123636e-05,99.99712596081119,8.89262213488811,True,/Andrianov/ins2,https://sparse.tamu.edu/MM/Andrianov/ins2.tar.gz
1383,lp1,Andrianov,534388,534388,1643420,Optimization Problem,2006,2006,285570534544,5.754865440246553e-06,99.99942451345596,3.075331032882475,True,/Andrianov/lp1,https://sparse.tamu.edu/MM/Andrianov/lp1.tar.gz
1384,lpl1,Andrianov,32460,32460,328036,Optimization Problem,2006,2006,1053651600,0.0003113325125686707,99.96886674874314,10.10585335797905,True,/Andrianov/lpl1,https://sparse.tamu.edu/MM/Andrianov/lpl1.tar.gz
1385,mip1,Andrianov,66463,66463,10352819,Optimization Problem,2006,2006,4417330369,0.0023436823002087755,99.76563176997912,155.76815671877586,True,/Andrianov/mip1,https://sparse.tamu.edu/MM/Andrianov/mip1.tar.gz
1386,net100,Andrianov,29920,29920,2033200,Optimization Problem,2006,2006,895206400,0.0022712080700048615,99.77287919299951,67.95454545454545,True,/Andrianov/net100,https://sparse.tamu.edu/MM/Andrianov/net100.tar.gz
1387,net125,Andrianov,36720,36720,2577200,Optimization Problem,2006,2006,1348358400,0.001911361252319858,99.80886387476802,70.18518518518519,True,/Andrianov/net125,https://sparse.tamu.edu/MM/Andrianov/net125.tar.gz
1388,net150,Andrianov,43520,43520,3121200,Optimization Problem,2006,2006,1893990400,0.00164794921875,99.835205078125,71.71875,True,/Andrianov/net150,https://sparse.tamu.edu/MM/Andrianov/net150.tar.gz
1389,net25,Andrianov,9520,9520,401200,Optimization Problem,2006,2006,90630400,0.004426770708283313,99.55732292917166,42.142857142857146,True,/Andrianov/net25,https://sparse.tamu.edu/MM/Andrianov/net25.tar.gz
1390,net4-1,Andrianov,88343,88343,2441727,Optimization Problem,2006,2006,7804485649,0.00031286200139439834,99.96871379986057,27.639167789185333,True,/Andrianov/net4-1,https://sparse.tamu.edu/MM/Andrianov/net4-1.tar.gz
1391,net50,Andrianov,16320,16320,945200,Optimization Problem,2006,2006,266342400,0.003548815359477124,99.64511846405229,57.916666666666664,True,/Andrianov/net50,https://sparse.tamu.edu/MM/Andrianov/net50.tar.gz
1392,net75,Andrianov,23120,23120,1489200,Optimization Problem,2006,2006,534534400,0.002785975982088337,99.72140240179117,64.41176470588235,True,/Andrianov/net75,https://sparse.tamu.edu/MM/Andrianov/net75.tar.gz
1393,pattern1,Andrianov,19242,19242,9323432,Optimization Problem,2006,2006,370254564,0.02518113996833811,97.48188600316618,484.5354952707619,True,/Andrianov/pattern1,https://sparse.tamu.edu/MM/Andrianov/pattern1.tar.gz
1394,pf2177,Andrianov,9728,9728,725144,Optimization Problem,2006,2006,94633984,0.007662617268654778,99.23373827313452,74.54194078947368,True,/Andrianov/pf2177,https://sparse.tamu.edu/MM/Andrianov/pf2177.tar.gz
1395,fp,MKS,7548,7548,834222,Electromagnetics Problem,2006,2006,56972304,0.01464258844086769,98.53574115591323,110.52225755166931,True,/MKS/fp,https://sparse.tamu.edu/MM/MKS/fp.tar.gz
1396,rajat29,Rajat,643994,643994,3760246,Circuit Simulation Problem,2006,2006,414728272036,9.066770349511153e-06,99.99909332296505,5.838945704463085,True,/Rajat/rajat29,https://sparse.tamu.edu/MM/Rajat/rajat29.tar.gz
1397,rajat30,Rajat,643994,643994,6175244,Circuit Simulation Problem,2006,2006,414728272036,1.4889855397810848e-05,99.99851101446022,9.588977537057799,True,/Rajat/rajat30,https://sparse.tamu.edu/MM/Rajat/rajat30.tar.gz
1398,rajat31,Rajat,4690002,4690002,20316253,Circuit Simulation Problem,2006,2006,21996118760004,9.236289920811604e-07,99.99990763710079,4.331821820118627,True,/Rajat/rajat31,https://sparse.tamu.edu/MM/Rajat/rajat31.tar.gz
1399,laminar_duct3D,Raju,67173,67173,3788857,Computational Fluid Dynamics Problem,2006,2006,4512211929,0.0008396895047524263,99.91603104952476,56.40446310273473,True,/Raju/laminar_duct3D,https://sparse.tamu.edu/MM/Raju/laminar_duct3D.tar.gz
1401,Chem97ZtZ,Bates,2541,2541,7361,Statistical/Mathematical Problem,2006,2006,6456681,0.0011400594206218335,99.88599405793782,2.8968909878000786,True,/Bates/Chem97ZtZ,https://sparse.tamu.edu/MM/Bates/Chem97ZtZ.tar.gz
1402,thermal1,Schmid,82654,82654,574458,Thermal Problem,2006,2006,6831683716,8.408732369366029e-05,99.99159126763062,6.950153652575798,True,/Schmid/thermal1,https://sparse.tamu.edu/MM/Schmid/thermal1.tar.gz
1403,thermal2,Schmid,1228045,1228045,8580313,Thermal Problem,2006,2006,1508094522025,5.689506111645277e-06,99.99943104938883,6.986969532875424,True,/Schmid/thermal2,https://sparse.tamu.edu/MM/Schmid/thermal2.tar.gz
1404,Kaufhold,MathWorks,8765,8765,42471,Counter Example Problem,2006,2006,76825225,0.0005528262364347127,99.94471737635652,4.845521962350257,True,/MathWorks/Kaufhold,https://sparse.tamu.edu/MM/MathWorks/Kaufhold.tar.gz
1405,ted_A,Bindel,10605,10605,424587,Thermal Problem,2006,2006,112466025,0.003775246791197608,99.62247532088024,40.036492220650636,True,/Bindel/ted_A,https://sparse.tamu.edu/MM/Bindel/ted_A.tar.gz
1406,ted_B,Bindel,10605,10605,144579,Thermal Problem,2006,2006,112466025,0.0012855348982059249,99.87144651017941,13.633097595473833,True,/Bindel/ted_B,https://sparse.tamu.edu/MM/Bindel/ted_B.tar.gz
1407,ted_AB,Bindel,10605,10605,522387,Thermal Problem,2006,2006,112466025,0.004644842742508238,99.53551572574918,49.25855728429986,True,/Bindel/ted_AB,https://sparse.tamu.edu/MM/Bindel/ted_AB.tar.gz
1408,ted_A_unscaled,Bindel,10605,10605,424587,Thermal Problem,2006,2006,112466025,0.003775246791197608,99.62247532088024,40.036492220650636,True,/Bindel/ted_A_unscaled,https://sparse.tamu.edu/MM/Bindel/ted_A_unscaled.tar.gz
1409,ted_B_unscaled,Bindel,10605,10605,144579,Thermal Problem,2006,2006,112466025,0.0012855348982059249,99.87144651017941,13.633097595473833,True,/Bindel/ted_B_unscaled,https://sparse.tamu.edu/MM/Bindel/ted_B_unscaled.tar.gz
1410,ted_AB_unscaled,Bindel,10605,10605,522387,Thermal Problem,2006,2006,112466025,0.004644842742508238,99.53551572574918,49.25855728429986,True,/Bindel/ted_AB_unscaled,https://sparse.tamu.edu/MM/Bindel/ted_AB_unscaled.tar.gz
1411,F1,Koutsovasilis,343791,343791,26837113,Structural Problem,2006,2006,118192251681,0.00022706321792085972,99.97729367820791,78.06229075223028,True,/Koutsovasilis/F1,https://sparse.tamu.edu/MM/Koutsovasilis/F1.tar.gz
1412,G2_circuit,AMD,150102,150102,726674,Circuit Simulation Problem,2006,2006,22530610404,3.225274357728848e-05,99.99677472564227,4.8412013164381555,True,/AMD/G2_circuit,https://sparse.tamu.edu/MM/AMD/G2_circuit.tar.gz
1413,ckt11752_dc_1,IBM_EDA,49702,49702,333029,Circuit Simulation Problem,2006,2006,2470288804,0.00013481379159422364,99.98651862084058,6.700515069816104,True,/IBM_EDA/ckt11752_dc_1,https://sparse.tamu.edu/MM/IBM_EDA/ckt11752_dc_1.tar.gz
1414,ckt11752_tr_0,IBM_EDA,49702,49702,332807,Circuit Simulation Problem,2006,2006,2470288804,0.0001347239235595062,99.98652760764405,6.696048448754578,True,/IBM_EDA/ckt11752_tr_0,https://sparse.tamu.edu/MM/IBM_EDA/ckt11752_tr_0.tar.gz
1415,ASIC_100k,Sandia,99340,99340,940621,Circuit Simulation Problem,2006,2006,9868435600,9.531612082466242e-05,99.99046838791753,9.468703442721965,True,/Sandia/ASIC_100k,https://sparse.tamu.edu/MM/Sandia/ASIC_100k.tar.gz
1416,ASIC_100ks,Sandia,99190,99190,578890,Circuit Simulation Problem,2006,2006,9838656100,5.883832040841431e-05,99.99411616795916,5.836173001310616,True,/Sandia/ASIC_100ks,https://sparse.tamu.edu/MM/Sandia/ASIC_100ks.tar.gz
1417,ASIC_320k,Sandia,321821,321821,1931828,Circuit Simulation Problem,2006,2006,103568756041,1.8652613721026473e-05,99.9981347386279,6.002802800314461,True,/Sandia/ASIC_320k,https://sparse.tamu.edu/MM/Sandia/ASIC_320k.tar.gz
1418,ASIC_320ks,Sandia,321671,321671,1316085,Circuit Simulation Problem,2006,2006,103472232241,1.2719209506707757e-05,99.99872807904933,4.091400841232191,True,/Sandia/ASIC_320ks,https://sparse.tamu.edu/MM/Sandia/ASIC_320ks.tar.gz
1419,ASIC_680k,Sandia,682862,682862,2638997,Circuit Simulation Problem,2006,2006,466300511044,5.659434072014098e-06,99.99943405659279,3.864612469283691,True,/Sandia/ASIC_680k,https://sparse.tamu.edu/MM/Sandia/ASIC_680k.tar.gz
1420,ASIC_680ks,Sandia,682712,682712,1693767,Circuit Simulation Problem,2006,2006,466095674944,3.6339470436053737e-06,99.99963660529563,2.480939254033912,True,/Sandia/ASIC_680ks,https://sparse.tamu.edu/MM/Sandia/ASIC_680ks.tar.gz
1421,G3_circuit,AMD,1585478,1585478,7660826,Circuit Simulation Problem,2006,2006,2513740488484,3.0475803031760576e-06,99.99969524196968,4.831871523918969,True,/AMD/G3_circuit,https://sparse.tamu.edu/MM/AMD/G3_circuit.tar.gz
1422,apache1,GHS_psdef,80800,80800,542184,Structural Problem,2006,2006,6528640000,8.304700519556907e-05,99.99169529948044,6.710198019801981,True,/GHS_psdef/apache1,https://sparse.tamu.edu/MM/GHS_psdef/apache1.tar.gz
1423,apache2,GHS_psdef,715176,715176,4817870,Structural Problem,2006,2006,511476710976,9.419529563343244e-06,99.99905804704366,6.7366214749935684,True,/GHS_psdef/apache2,https://sparse.tamu.edu/MM/GHS_psdef/apache2.tar.gz
1424,bloweybl,GHS_indef,30003,30003,109999,Materials Problem,1992,1992,900180009,0.0001221966705550334,99.9877803329445,3.666266706662667,True,/GHS_indef/bloweybl,https://sparse.tamu.edu/MM/GHS_indef/bloweybl.tar.gz
1425,bloweybq,GHS_indef,10001,10001,49999,Materials Problem,1992,1992,100020001,0.0004998900169977002,99.95001099830023,4.9994000599940005,True,/GHS_indef/bloweybq,https://sparse.tamu.edu/MM/GHS_indef/bloweybq.tar.gz
1426,cvxqp3,GHS_indef,17500,17500,114962,Optimization Problem,1995,1995,306250000,0.00037538612244897957,99.9624613877551,6.5692571428571425,True,/GHS_indef/cvxqp3,https://sparse.tamu.edu/MM/GHS_indef/cvxqp3.tar.gz
1427,qpband,GHS_indef,20000,20000,45000,Optimization Problem,1999,1999,400000000,0.0001125,99.98875000000001,2.25,True,/GHS_indef/qpband,https://sparse.tamu.edu/MM/GHS_indef/qpband.tar.gz
1428,chipcool0,Oberwolfach,20082,20082,281150,Model Reduction Problem,2004,2004,403286724,0.0006971466782030742,99.9302853321797,14.000099591674136,True,/Oberwolfach/chipcool0,https://sparse.tamu.edu/MM/Oberwolfach/chipcool0.tar.gz
1429,chipcool1,Oberwolfach,20082,20082,281150,Model Reduction Problem,2004,2004,403286724,0.0006971466782030742,99.9302853321797,14.000099591674136,True,/Oberwolfach/chipcool1,https://sparse.tamu.edu/MM/Oberwolfach/chipcool1.tar.gz
1430,filter2D,Oberwolfach,1668,1668,10750,Model Reduction Problem,2006,2006,2782224,0.0038638154224821582,99.61361845775178,6.44484412470024,True,/Oberwolfach/filter2D,https://sparse.tamu.edu/MM/Oberwolfach/filter2D.tar.gz
1431,filter3D,Oberwolfach,106437,106437,2707179,Model Reduction Problem,2006,2006,11328834969,0.00023896358340534318,99.97610364165946,25.434566926914513,True,/Oberwolfach/filter3D,https://sparse.tamu.edu/MM/Oberwolfach/filter3D.tar.gz
1432,flowmeter0,Oberwolfach,9669,9669,67391,Model Reduction Problem,2004,2004,93489561,0.0007208398379365585,99.92791601620634,6.969800393008584,True,/Oberwolfach/flowmeter0,https://sparse.tamu.edu/MM/Oberwolfach/flowmeter0.tar.gz
1433,flowmeter5,Oberwolfach,9669,9669,67391,Model Reduction Problem,2004,2004,93489561,0.0007208398379365585,99.92791601620634,6.969800393008584,True,/Oberwolfach/flowmeter5,https://sparse.tamu.edu/MM/Oberwolfach/flowmeter5.tar.gz
1434,gas_sensor,Oberwolfach,66917,66917,1703365,Model Reduction Problem,2004,2004,4477884889,0.0003803949950085463,99.96196050049915,25.454891880986896,True,/Oberwolfach/gas_sensor,https://sparse.tamu.edu/MM/Oberwolfach/gas_sensor.tar.gz
1435,gyro,Oberwolfach,17361,17361,1021159,Model Reduction Problem,2004,2004,301404321,0.003388003850150509,99.66119961498495,58.819134842462994,True,/Oberwolfach/gyro,https://sparse.tamu.edu/MM/Oberwolfach/gyro.tar.gz
1436,inlet,Oberwolfach,11730,11730,328323,Model Reduction Problem,2006,2006,137592900,0.0023861914386570818,99.7613808561343,27.99002557544757,True,/Oberwolfach/inlet,https://sparse.tamu.edu/MM/Oberwolfach/inlet.tar.gz
1437,LF10000,Oberwolfach,19998,19998,99982,Model Reduction Problem,2004,2004,399920004,0.00025000499849964995,99.97499950015003,4.999599959996,True,/Oberwolfach/LF10000,https://sparse.tamu.edu/MM/Oberwolfach/LF10000.tar.gz
1438,LF10,Oberwolfach,18,18,82,Model Reduction Problem,2004,2004,324,0.25308641975308643,74.69135802469135,4.555555555555555,True,/Oberwolfach/LF10,https://sparse.tamu.edu/MM/Oberwolfach/LF10.tar.gz
1439,LFAT5000,Oberwolfach,19994,19994,79966,Model Reduction Problem,2004,2004,399760036,0.00020003500299864893,99.97999649970014,3.9994998499549865,True,/Oberwolfach/LFAT5000,https://sparse.tamu.edu/MM/Oberwolfach/LFAT5000.tar.gz
1440,LFAT5,Oberwolfach,14,14,46,Model Reduction Problem,2004,2004,196,0.23469387755102042,76.53061224489795,3.2857142857142856,True,/Oberwolfach/LFAT5,https://sparse.tamu.edu/MM/Oberwolfach/LFAT5.tar.gz
1441,piston,Oberwolfach,2025,2025,100015,Model Reduction Problem,2006,2006,4100625,0.024390184423106233,97.56098155768937,49.39012345679012,True,/Oberwolfach/piston,https://sparse.tamu.edu/MM/Oberwolfach/piston.tar.gz
1442,rail_1357,Oberwolfach,1357,1357,8985,Model Reduction Problem,2002,2002,1841449,0.004879309717510504,99.51206902824894,6.6212232866617535,True,/Oberwolfach/rail_1357,https://sparse.tamu.edu/MM/Oberwolfach/rail_1357.tar.gz
1443,rail_20209,Oberwolfach,20209,20209,139233,Model Reduction Problem,2002,2002,408403681,0.00034092004180540184,99.96590799581946,6.889653124845366,True,/Oberwolfach/rail_20209,https://sparse.tamu.edu/MM/Oberwolfach/rail_20209.tar.gz
1444,rail_5177,Oberwolfach,5177,5177,35185,Model Reduction Problem,2002,2002,26801329,0.001312808032765838,99.86871919672342,6.796407185628743,True,/Oberwolfach/rail_5177,https://sparse.tamu.edu/MM/Oberwolfach/rail_5177.tar.gz
1445,rail_79841,Oberwolfach,79841,79841,553921,Model Reduction Problem,2002,2002,6374585281,8.689522150578316e-05,99.99131047784942,6.937801380243234,True,/Oberwolfach/rail_79841,https://sparse.tamu.edu/MM/Oberwolfach/rail_79841.tar.gz
1446,spiral,Oberwolfach,1434,1434,18228,Model Reduction Problem,2006,2006,2056356,0.00886422389897469,99.11357761010254,12.711297071129707,True,/Oberwolfach/spiral,https://sparse.tamu.edu/MM/Oberwolfach/spiral.tar.gz
1447,t2dah,Oberwolfach,11445,11445,176117,Model Reduction Problem,2004,2004,130988025,0.0013445274863866372,99.86554725136133,15.388117081695063,True,/Oberwolfach/t2dah,https://sparse.tamu.edu/MM/Oberwolfach/t2dah.tar.gz
1448,t2dal_bci,Oberwolfach,4257,4257,37465,Model Reduction Problem,2004,2004,18122049,0.0020673710792857916,99.79326289207143,8.800798684519615,True,/Oberwolfach/t2dal_bci,https://sparse.tamu.edu/MM/Oberwolfach/t2dal_bci.tar.gz
1449,t2dal,Oberwolfach,4257,4257,37465,Model Reduction Problem,2004,2004,18122049,0.0020673710792857916,99.79326289207143,8.800798684519615,True,/Oberwolfach/t2dal,https://sparse.tamu.edu/MM/Oberwolfach/t2dal.tar.gz
1450,t3dh,Oberwolfach,79171,79171,4352105,Model Reduction Problem,2004,2004,6268047241,0.0006943318760478372,99.93056681239521,54.97094895858332,True,/Oberwolfach/t3dh,https://sparse.tamu.edu/MM/Oberwolfach/t3dh.tar.gz
1451,t3dl,Oberwolfach,20360,20360,509866,Model Reduction Problem,2004,2004,414529600,0.0012299869538870084,99.8770013046113,25.04253438113949,True,/Oberwolfach/t3dl,https://sparse.tamu.edu/MM/Oberwolfach/t3dl.tar.gz
1452,windscreen,Oberwolfach,22692,22692,1482390,Model Reduction Problem,2004,2004,514926864,0.0028788360127196626,99.71211639872803,65.32654680063459,True,/Oberwolfach/windscreen,https://sparse.tamu.edu/MM/Oberwolfach/windscreen.tar.gz
1453,bone010,Oberwolfach,986703,986703,47851783,Model Reduction Problem,2006,2006,973582810209,4.9150192976114284e-05,99.99508498070239,48.496642860110896,True,/Oberwolfach/bone010,https://sparse.tamu.edu/MM/Oberwolfach/bone010.tar.gz
1454,boneS01,Oberwolfach,127224,127224,5516602,Model Reduction Problem,2006,2006,16185946176,0.00034082666159979206,99.96591733384001,43.36133119537194,True,/Oberwolfach/boneS01,https://sparse.tamu.edu/MM/Oberwolfach/boneS01.tar.gz
1455,boneS10,Oberwolfach,914898,914898,40878708,Model Reduction Problem,2006,2006,837038350404,4.8837317884263875e-05,99.99511626821158,44.68116445767725,True,/Oberwolfach/boneS10,https://sparse.tamu.edu/MM/Oberwolfach/boneS10.tar.gz
1456,California,Pajek,9664,9664,16150,Directed Graph,2006,2006,93392896,0.0001729253582627955,99.98270746417373,1.6711506622516556,True,/Pajek/California,https://sparse.tamu.edu/MM/Pajek/California.tar.gz
1458,CSphd,Pajek,1882,1882,1740,Directed Graph,2006,2006,3541924,0.0004912584233879666,99.9508741576612,0.924548352816153,True,/Pajek/CSphd,https://sparse.tamu.edu/MM/Pajek/CSphd.tar.gz
1459,dictionary28,Pajek,52652,52652,178076,Undirected Graph,2006,2006,2772233104,6.423557952001139e-05,99.993576442048,3.3821317328876397,True,/Pajek/dictionary28,https://sparse.tamu.edu/MM/Pajek/dictionary28.tar.gz
1461,EAT_RS,Pajek,23219,23219,325592,Directed Weighted Graph,1971,1971,539121961,0.0006039301374332254,99.93960698625668,14.02265386106206,True,/Pajek/EAT_RS,https://sparse.tamu.edu/MM/Pajek/EAT_RS.tar.gz
1462,EAT_SR,Pajek,23219,23219,325589,Directed Weighted Graph,1971,1971,539121961,0.0006039245728296348,99.93960754271704,14.022524656531289,True,/Pajek/EAT_SR,https://sparse.tamu.edu/MM/Pajek/EAT_SR.tar.gz
1463,EPA,Pajek,4772,4772,8965,Directed Graph,2006,2006,22771984,0.00039368550408256037,99.96063144959174,1.8786672254819783,True,/Pajek/EPA,https://sparse.tamu.edu/MM/Pajek/EPA.tar.gz
1464,Erdos02,Pajek,6927,6927,16944,Undirected Graph,2006,2006,47983329,0.0003531226439082624,99.96468773560917,2.4460805543525335,True,/Pajek/Erdos02,https://sparse.tamu.edu/MM/Pajek/Erdos02.tar.gz
1465,Erdos971,Pajek,472,472,2628,Undirected Graph,2006,2006,222784,0.011796179258833668,98.82038207411664,5.567796610169491,True,/Pajek/Erdos971,https://sparse.tamu.edu/MM/Pajek/Erdos971.tar.gz
1466,Erdos972,Pajek,5488,5488,14170,Undirected Graph,2006,2006,30118144,0.0004704805183214477,99.95295194816785,2.581997084548105,True,/Pajek/Erdos972,https://sparse.tamu.edu/MM/Pajek/Erdos972.tar.gz
1467,Erdos981,Pajek,485,485,2762,Undirected Graph,2006,2006,235225,0.011741949197576788,98.82580508024232,5.6948453608247425,True,/Pajek/Erdos981,https://sparse.tamu.edu/MM/Pajek/Erdos981.tar.gz
1468,Erdos982,Pajek,5822,5822,14750,Undirected Graph,2006,2006,33895684,0.0004351586473369294,99.95648413526631,2.5334936447956027,True,/Pajek/Erdos982,https://sparse.tamu.edu/MM/Pajek/Erdos982.tar.gz
1469,Erdos991,Pajek,492,492,2834,Undirected Graph,2006,2006,242064,0.011707647564280521,98.82923524357194,5.760162601626016,True,/Pajek/Erdos991,https://sparse.tamu.edu/MM/Pajek/Erdos991.tar.gz
1470,Erdos992,Pajek,6100,6100,15030,Undirected Graph,2006,2006,37210000,0.0004039236764310669,99.95960763235689,2.463934426229508,True,/Pajek/Erdos992,https://sparse.tamu.edu/MM/Pajek/Erdos992.tar.gz
1471,EVA,Pajek,8497,8497,6726,Directed Graph,2002,2002,72199009,9.31591734174634e-05,99.99068408265825,0.7915734965281864,True,/Pajek/EVA,https://sparse.tamu.edu/MM/Pajek/EVA.tar.gz
1472,FA,Pajek,10617,10617,72176,Directed Weighted Graph,2006,2006,112720689,0.000640308364332301,99.93596916356677,6.79815390411604,True,/Pajek/FA,https://sparse.tamu.edu/MM/Pajek/FA.tar.gz
1473,foldoc,Pajek,13356,13356,120238,Directed Weighted Graph,2002,2002,178382736,0.0006740450488437401,99.93259549511563,9.002545672356993,True,/Pajek/foldoc,https://sparse.tamu.edu/MM/Pajek/foldoc.tar.gz
1474,football,Pajek,35,35,118,Directed Weighted Graph,1998,1998,1225,0.0963265306122449,90.36734693877551,3.3714285714285714,True,/Pajek/football,https://sparse.tamu.edu/MM/Pajek/football.tar.gz
1475,GD00_a,Pajek,352,352,458,Directed Graph,2000,2000,123904,0.003696410123966942,99.6303589876033,1.3011363636363635,True,/Pajek/GD00_a,https://sparse.tamu.edu/MM/Pajek/GD00_a.tar.gz
1476,GD00_c,Pajek,638,638,1041,Directed Multigraph,2000,2000,407044,0.002557463075244937,99.74425369247551,1.6316614420062696,True,/Pajek/GD00_c,https://sparse.tamu.edu/MM/Pajek/GD00_c.tar.gz
1477,GD01_a,Pajek,311,311,645,Directed Weighted Graph,2001,2001,96721,0.006668665543160224,99.33313344568397,2.0739549839228295,True,/Pajek/GD01_a,https://sparse.tamu.edu/MM/Pajek/GD01_a.tar.gz
1478,GD01_Acap,Pajek,953,953,645,Directed Multigraph,2001,2001,908209,0.0007101889543045709,99.92898110456954,0.6768100734522561,True,/Pajek/GD01_Acap,https://sparse.tamu.edu/MM/Pajek/GD01_Acap.tar.gz
1479,GD01_b,Pajek,18,18,37,Directed Graph,2001,2001,324,0.11419753086419752,88.58024691358025,2.0555555555555554,True,/Pajek/GD01_b,https://sparse.tamu.edu/MM/Pajek/GD01_b.tar.gz
1480,GD01_c,Pajek,33,33,135,Directed Multigraph,2001,2001,1089,0.12396694214876033,87.60330578512396,4.090909090909091,True,/Pajek/GD01_c,https://sparse.tamu.edu/MM/Pajek/GD01_c.tar.gz
1481,GD02_a,Pajek,23,23,87,Directed Graph,2002,2002,529,0.16446124763705103,83.5538752362949,3.782608695652174,True,/Pajek/GD02_a,https://sparse.tamu.edu/MM/Pajek/GD02_a.tar.gz
1482,GD02_b,Pajek,80,80,232,Directed Graph,2002,2002,6400,0.03625,96.375,2.9,True,/Pajek/GD02_b,https://sparse.tamu.edu/MM/Pajek/GD02_b.tar.gz
1483,GD06_Java,Pajek,1538,1538,8032,Directed Graph,2006,2006,2365444,0.0033955570286170376,99.6604442971383,5.222366710013004,True,/Pajek/GD06_Java,https://sparse.tamu.edu/MM/Pajek/GD06_Java.tar.gz
1484,GD06_theory,Pajek,101,101,380,Undirected Graph,2006,2006,10201,0.03725124987746299,96.2748750122537,3.762376237623762,True,/Pajek/GD06_theory,https://sparse.tamu.edu/MM/Pajek/GD06_theory.tar.gz
1485,GD95_a,Pajek,36,36,57,Directed Graph,1995,1995,1296,0.04398148148148148,95.60185185185185,1.5833333333333333,True,/Pajek/GD95_a,https://sparse.tamu.edu/MM/Pajek/GD95_a.tar.gz
1486,GD95_b,Pajek,73,73,96,Directed Graph,1995,1995,5329,0.018014636892475136,98.19853631075249,1.3150684931506849,True,/Pajek/GD95_b,https://sparse.tamu.edu/MM/Pajek/GD95_b.tar.gz
1487,GD95_c,Pajek,62,62,287,Directed Graph,1995,1995,3844,0.07466181061394381,92.53381893860562,4.629032258064516,True,/Pajek/GD95_c,https://sparse.tamu.edu/MM/Pajek/GD95_c.tar.gz
1488,GD96_a,Pajek,1096,1096,1677,Directed Multigraph,1996,1996,1201216,0.0013960853002291012,99.86039146997709,1.530109489051095,True,/Pajek/GD96_a,https://sparse.tamu.edu/MM/Pajek/GD96_a.tar.gz
1489,GD96_b,Pajek,111,111,193,Directed Graph,1996,1996,12321,0.01566431296161026,98.43356870383897,1.7387387387387387,True,/Pajek/GD96_b,https://sparse.tamu.edu/MM/Pajek/GD96_b.tar.gz
1490,GD96_c,Pajek,65,65,250,Undirected Graph,1996,1996,4225,0.05917159763313609,94.0828402366864,3.8461538461538463,True,/Pajek/GD96_c,https://sparse.tamu.edu/MM/Pajek/GD96_c.tar.gz
1491,GD96_d,Pajek,180,180,229,Directed Graph,1996,1996,32400,0.007067901234567901,99.29320987654322,1.2722222222222221,True,/Pajek/GD96_d,https://sparse.tamu.edu/MM/Pajek/GD96_d.tar.gz
1492,GD97_a,Pajek,84,84,332,Directed Graph,1997,1997,7056,0.04705215419501134,95.29478458049887,3.9523809523809526,True,/Pajek/GD97_a,https://sparse.tamu.edu/MM/Pajek/GD97_a.tar.gz
1493,GD97_b,Pajek,47,47,264,Undirected Weighted Graph,1997,1997,2209,0.11951109099139882,88.04889090086012,5.617021276595745,True,/Pajek/GD97_b,https://sparse.tamu.edu/MM/Pajek/GD97_b.tar.gz
1494,GD97_c,Pajek,452,452,460,Directed Multigraph,1997,1997,204304,0.0022515467146996633,99.77484532853003,1.0176991150442478,True,/Pajek/GD97_c,https://sparse.tamu.edu/MM/Pajek/GD97_c.tar.gz
1495,GD98_a,Pajek,38,38,50,Directed Graph,1998,1998,1444,0.03462603878116344,96.53739612188366,1.3157894736842106,True,/Pajek/GD98_a,https://sparse.tamu.edu/MM/Pajek/GD98_a.tar.gz
1496,GD98_b,Pajek,121,121,207,Directed Graph,1998,1998,14641,0.014138378526056964,98.5861621473943,1.7107438016528926,True,/Pajek/GD98_b,https://sparse.tamu.edu/MM/Pajek/GD98_b.tar.gz
1497,GD98_c,Pajek,112,112,336,Undirected Graph,1998,1998,12544,0.026785714285714284,97.32142857142857,3.0,True,/Pajek/GD98_c,https://sparse.tamu.edu/MM/Pajek/GD98_c.tar.gz
1498,GD99_b,Pajek,64,64,252,Undirected Multigraph,1999,1999,4096,0.0615234375,93.84765625,3.9375,True,/Pajek/GD99_b,https://sparse.tamu.edu/MM/Pajek/GD99_b.tar.gz
1499,GD99_c,Pajek,105,105,149,Directed Graph,1999,1999,11025,0.013514739229024943,98.64852607709751,1.4190476190476191,True,/Pajek/GD99_c,https://sparse.tamu.edu/MM/Pajek/GD99_c.tar.gz
1500,geom,Pajek,7343,7343,23796,Undirected Weighted Graph,2002,2002,53919649,0.0004413233476352934,99.95586766523647,3.2406373416859595,True,/Pajek/geom,https://sparse.tamu.edu/MM/Pajek/geom.tar.gz
1501,GlossGT,Pajek,72,72,122,Directed Graph,2001,2001,5184,0.02353395061728395,97.64660493827161,1.6944444444444444,True,/Pajek/GlossGT,https://sparse.tamu.edu/MM/Pajek/GlossGT.tar.gz
1502,HEP-th,Pajek,27240,27240,342437,Directed Graph,2003,2003,742017600,0.00046149444433663027,99.95385055556633,12.57110866372981,True,/Pajek/HEP-th,https://sparse.tamu.edu/MM/Pajek/HEP-th.tar.gz
1503,HEP-th-new,Pajek,27770,27770,352807,Directed Graph,2003,2003,771172900,0.0004574940327908307,99.95425059672091,12.704609290601368,True,/Pajek/HEP-th-new,https://sparse.tamu.edu/MM/Pajek/HEP-th-new.tar.gz
1505,internet,Pajek,124651,124651,207214,Directed Weighted Graph,2006,2006,15537871801,1.3336060604301289e-05,99.99866639393957,1.66235329038676,True,/Pajek/internet,https://sparse.tamu.edu/MM/Pajek/internet.tar.gz
1506,Journals,Pajek,124,124,12068,Undirected Weighted Graph,2000,2000,15376,0.7848595213319459,21.51404786680541,97.3225806451613,True,/Pajek/Journals,https://sparse.tamu.edu/MM/Pajek/Journals.tar.gz
1507,Kohonen,Pajek,4470,4470,12731,Directed Graph,2002,2002,19980900,0.0006371584863544685,99.93628415136455,2.8480984340044744,True,/Pajek/Kohonen,https://sparse.tamu.edu/MM/Pajek/Kohonen.tar.gz
1508,Lederberg,Pajek,8843,8843,41601,Directed Multigraph,2002,2002,78198649,0.0005319912879824816,99.94680087120175,4.704398959629085,True,/Pajek/Lederberg,https://sparse.tamu.edu/MM/Pajek/Lederberg.tar.gz
1510,NotreDame_www,Barabasi,325729,325729,929849,Directed Graph,1999,1999,106099381441,8.763943647655219e-06,99.99912360563523,2.8546706004070868,True,/Barabasi/NotreDame_www,https://sparse.tamu.edu/MM/Barabasi/NotreDame_www.tar.gz
1511,NotreDame_yeast,Barabasi,2114,2114,4480,Undirected Graph,2001,2001,4468996,0.0010024622980195105,99.89975377019805,2.119205298013245,True,/Barabasi/NotreDame_yeast,https://sparse.tamu.edu/MM/Barabasi/NotreDame_yeast.tar.gz
1512,ODLIS,Pajek,2909,2909,18246,Directed Multigraph,2000,2000,8462281,0.002156156242034506,99.78438437579655,6.2722585080783775,True,/Pajek/ODLIS,https://sparse.tamu.edu/MM/Pajek/ODLIS.tar.gz
1513,patents_main,Pajek,240547,240547,560943,Directed Weighted Graph,2001,2001,57862859209,9.694353297922595e-06,99.9990305646702,2.3319476027553865,True,/Pajek/patents_main,https://sparse.tamu.edu/MM/Pajek/patents_main.tar.gz
1514,patents,Pajek,3774768,3774768,14970767,Directed Graph,2001,2001,14248873453824,1.0506632014464458e-06,99.99989493367985,3.9660098315975976,True,/Pajek/patents,https://sparse.tamu.edu/MM/Pajek/patents.tar.gz
1515,Ragusa16,Pajek,24,24,81,Directed Weighted Graph,2006,2006,576,0.140625,85.9375,3.375,True,/Pajek/Ragusa16,https://sparse.tamu.edu/MM/Pajek/Ragusa16.tar.gz
1516,Ragusa18,Pajek,23,23,64,Directed Weighted Graph,2006,2006,529,0.12098298676748583,87.90170132325142,2.782608695652174,True,/Pajek/Ragusa18,https://sparse.tamu.edu/MM/Pajek/Ragusa18.tar.gz
1517,Reuters911,Pajek,13332,13332,296076,Undirected Weighted Graph Sequence,2001,2001,177742224,0.0016657606354694876,99.83342393645304,22.207920792079207,True,/Pajek/Reuters911,https://sparse.tamu.edu/MM/Pajek/Reuters911.tar.gz
1518,Roget,Pajek,1022,1022,5075,Directed Graph,1993,1993,1044484,0.004858858536846903,99.51411414631531,4.965753424657534,True,/Pajek/Roget,https://sparse.tamu.edu/MM/Pajek/Roget.tar.gz
1519,Sandi_authors,Pajek,86,86,248,Undirected Weighted Graph,1999,1999,7396,0.0335316387236344,96.64683612763656,2.883720930232558,True,/Pajek/Sandi_authors,https://sparse.tamu.edu/MM/Pajek/Sandi_authors.tar.gz
1521,SciMet,Pajek,3084,3084,10413,Directed Multigraph,2002,2002,9511056,0.0010948311102363397,99.89051688897636,3.3764591439688716,True,/Pajek/SciMet,https://sparse.tamu.edu/MM/Pajek/SciMet.tar.gz
1522,SmaGri,Pajek,1059,1059,4919,Directed Multigraph,2001,2001,1121481,0.004386164366583117,99.56138356334169,4.64494806421152,True,/Pajek/SmaGri,https://sparse.tamu.edu/MM/Pajek/SmaGri.tar.gz
1523,SmallW,Pajek,396,396,994,Directed Multigraph,2002,2002,156816,0.0063386389143964906,99.36613610856035,2.51010101010101,True,/Pajek/SmallW,https://sparse.tamu.edu/MM/Pajek/SmallW.tar.gz
1524,Stranke94,Pajek,10,10,90,Undirected Weighted Graph,1994,1994,100,0.9,9.999999999999998,9.0,True,/Pajek/Stranke94,https://sparse.tamu.edu/MM/Pajek/Stranke94.tar.gz
1525,Tina_AskCal,Pajek,11,11,29,Directed Graph,1992,1992,121,0.2396694214876033,76.03305785123968,2.6363636363636362,True,/Pajek/Tina_AskCal,https://sparse.tamu.edu/MM/Pajek/Tina_AskCal.tar.gz
1526,Tina_AskCog,Pajek,11,11,36,Directed Graph,1992,1992,121,0.2975206611570248,70.24793388429752,3.272727272727273,True,/Pajek/Tina_AskCog,https://sparse.tamu.edu/MM/Pajek/Tina_AskCog.tar.gz
1527,Tina_DisCal,Pajek,11,11,41,Directed Graph,1992,1992,121,0.33884297520661155,66.11570247933885,3.727272727272727,True,/Pajek/Tina_DisCal,https://sparse.tamu.edu/MM/Pajek/Tina_DisCal.tar.gz
1528,Tina_DisCog,Pajek,11,11,48,Directed Graph,1992,1992,121,0.39669421487603307,60.33057851239669,4.363636363636363,True,/Pajek/Tina_DisCog,https://sparse.tamu.edu/MM/Pajek/Tina_DisCog.tar.gz
1529,USAir97,Pajek,332,332,4252,Undirected Weighted Graph,1997,1997,110224,0.038575990709827264,96.14240092901727,12.80722891566265,True,/Pajek/USAir97,https://sparse.tamu.edu/MM/Pajek/USAir97.tar.gz
1530,USpowerGrid,Pajek,4941,4941,13188,Undirected Graph,2006,2006,24413481,0.0005401933464547722,99.94598066535453,2.66909532483303,True,/Pajek/USpowerGrid,https://sparse.tamu.edu/MM/Pajek/USpowerGrid.tar.gz
1531,Wordnet3,Pajek,82670,82670,132964,Directed Weighted Graph,2006,2006,6834328900,1.9455311844883557e-05,99.99805446881551,1.6083706302165235,True,/Pajek/Wordnet3,https://sparse.tamu.edu/MM/Pajek/Wordnet3.tar.gz
1533,yeast,Pajek,2361,2361,13828,Undirected Graph,2003,2003,5574321,0.002480660873315333,99.75193391266846,5.856840321897501,True,/Pajek/yeast,https://sparse.tamu.edu/MM/Pajek/yeast.tar.gz
1534,Zewail,Pajek,6752,6752,54233,Directed Multigraph,2002,2002,45589504,0.0011895939907571708,99.88104060092428,8.032138625592417,True,/Pajek/Zewail,https://sparse.tamu.edu/MM/Pajek/Zewail.tar.gz
1535,extr1b,Zitney,2836,2836,10965,Chemical Process Simulation Problem Sequence,1994,1994,8042896,0.0013633149054768333,99.86366850945232,3.866361071932299,True,/Zitney/extr1b,https://sparse.tamu.edu/MM/Zitney/extr1b.tar.gz
1536,hydr1c,Zitney,5308,5308,22592,Chemical Process Simulation Problem Sequence,1994,1994,28174864,0.0008018494783151393,99.91981505216849,4.256217030896759,True,/Zitney/hydr1c,https://sparse.tamu.edu/MM/Zitney/hydr1c.tar.gz
1537,c-18,Schenk_IBMNA,2169,2169,15145,Optimization Problem,2006,2006,4704561,0.0032192164157293316,99.67807835842707,6.98248040571692,True,/Schenk_IBMNA/c-18,https://sparse.tamu.edu/MM/Schenk_IBMNA/c-18.tar.gz
1538,c-19,Schenk_IBMNA,2327,2327,21817,Optimization Problem,2006,2006,5414929,0.004029046364227491,99.59709536357725,9.37559088955737,True,/Schenk_IBMNA/c-19,https://sparse.tamu.edu/MM/Schenk_IBMNA/c-19.tar.gz
1539,c-20,Schenk_IBMNA,2921,2921,20445,Optimization Problem,2006,2006,8532241,0.0023962051704821746,99.76037948295178,6.999315302978432,True,/Schenk_IBMNA/c-20,https://sparse.tamu.edu/MM/Schenk_IBMNA/c-20.tar.gz
1540,c-21,Schenk_IBMNA,3509,3509,32145,Optimization Problem,2006,2006,12313081,0.0026106382310000236,99.7389361769,9.160729552579083,True,/Schenk_IBMNA/c-21,https://sparse.tamu.edu/MM/Schenk_IBMNA/c-21.tar.gz
1541,c-22,Schenk_IBMNA,3792,3792,28870,Optimization Problem,2006,2006,14379264,0.002007752274386227,99.79922477256137,7.613396624472574,True,/Schenk_IBMNA/c-22,https://sparse.tamu.edu/MM/Schenk_IBMNA/c-22.tar.gz
1542,c-23,Schenk_IBMNA,3969,3969,31079,Optimization Problem,2006,2006,15752961,0.0019728989362698224,99.80271010637301,7.830435878054925,True,/Schenk_IBMNA/c-23,https://sparse.tamu.edu/MM/Schenk_IBMNA/c-23.tar.gz
1543,c-24,Schenk_IBMNA,4119,4119,35699,Optimization Problem,2006,2006,16966161,0.002104129508142708,99.78958704918573,8.666909444039815,True,/Schenk_IBMNA/c-24,https://sparse.tamu.edu/MM/Schenk_IBMNA/c-24.tar.gz
1544,c-25,Schenk_IBMNA,3797,3797,49635,Optimization Problem,2006,2006,14417209,0.003442760661928394,99.65572393380717,13.072162233342112,True,/Schenk_IBMNA/c-25,https://sparse.tamu.edu/MM/Schenk_IBMNA/c-25.tar.gz
1545,c-26,Schenk_IBMNA,4307,4307,34537,Optimization Problem,2006,2006,18550249,0.0018618078927134618,99.81381921072865,8.01880659391688,True,/Schenk_IBMNA/c-26,https://sparse.tamu.edu/MM/Schenk_IBMNA/c-26.tar.gz
1546,c-27,Schenk_IBMNA,4563,4563,30927,Optimization Problem,2006,2006,20820969,0.0014853775537536221,99.85146224462463,6.777777777777778,True,/Schenk_IBMNA/c-27,https://sparse.tamu.edu/MM/Schenk_IBMNA/c-27.tar.gz
1547,c-28,Schenk_IBMNA,4598,4598,30590,Optimization Problem,2006,2006,21141604,0.001446910083076005,99.85530899169241,6.652892561983471,True,/Schenk_IBMNA/c-28,https://sparse.tamu.edu/MM/Schenk_IBMNA/c-28.tar.gz
1548,c-29,Schenk_IBMNA,5033,5033,43731,Optimization Problem,2006,2006,25331089,0.0017263766275504382,99.82736233724495,8.688853566461354,True,/Schenk_IBMNA/c-29,https://sparse.tamu.edu/MM/Schenk_IBMNA/c-29.tar.gz
1549,c-30,Schenk_IBMNA,5321,5321,65693,Optimization Problem,2006,2006,28313041,0.002320238225205127,99.76797617747948,12.345987596316482,True,/Schenk_IBMNA/c-30,https://sparse.tamu.edu/MM/Schenk_IBMNA/c-30.tar.gz
1550,c-31,Schenk_IBMNA,5339,5339,78571,Optimization Problem,2006,2006,28504921,0.002756401254365869,99.72435987456342,14.716426297059375,True,/Schenk_IBMNA/c-31,https://sparse.tamu.edu/MM/Schenk_IBMNA/c-31.tar.gz
1551,c-32,Schenk_IBMNA,5975,5975,54471,Optimization Problem,2006,2006,35700625,0.0015257716076399223,99.84742283923602,9.116485355648535,True,/Schenk_IBMNA/c-32,https://sparse.tamu.edu/MM/Schenk_IBMNA/c-32.tar.gz
1552,c-33,Schenk_IBMNA,6317,6317,56123,Optimization Problem,2006,2006,39904489,0.0014064332461443123,99.85935667538557,8.88443881589362,True,/Schenk_IBMNA/c-33,https://sparse.tamu.edu/MM/Schenk_IBMNA/c-33.tar.gz
1553,c-34,Schenk_IBMNA,6611,6611,64333,Optimization Problem,2006,2006,43705321,0.001471971799497823,99.85280282005021,9.731205566480108,True,/Schenk_IBMNA/c-34,https://sparse.tamu.edu/MM/Schenk_IBMNA/c-34.tar.gz
1554,c-35,Schenk_IBMNA,6537,6537,62891,Optimization Problem,2006,2006,42732369,0.0014717414800943986,99.85282585199056,9.620774055377085,True,/Schenk_IBMNA/c-35,https://sparse.tamu.edu/MM/Schenk_IBMNA/c-35.tar.gz
1555,c-36,Schenk_IBMNA,7479,7479,65941,Optimization Problem,2006,2006,55935441,0.0011788769127609095,99.88211230872392,8.816820430538842,True,/Schenk_IBMNA/c-36,https://sparse.tamu.edu/MM/Schenk_IBMNA/c-36.tar.gz
1556,c-37,Schenk_IBMNA,8204,8204,74676,Optimization Problem,2006,2006,67305616,0.001109506226048061,99.8890493773952,9.102389078498293,True,/Schenk_IBMNA/c-37,https://sparse.tamu.edu/MM/Schenk_IBMNA/c-37.tar.gz
1557,c-38,Schenk_IBMNA,8127,8127,77689,Optimization Problem,2006,2006,66048129,0.001176248308260178,99.88237516917398,9.559370001230466,True,/Schenk_IBMNA/c-38,https://sparse.tamu.edu/MM/Schenk_IBMNA/c-38.tar.gz
1558,c-39,Schenk_IBMNA,9271,9271,116587,Optimization Problem,2006,2006,85951441,0.0013564286839588878,99.86435713160411,12.57545032898285,True,/Schenk_IBMNA/c-39,https://sparse.tamu.edu/MM/Schenk_IBMNA/c-39.tar.gz
1559,c-40,Schenk_IBMNA,9941,9941,81501,Optimization Problem,2006,2006,98823481,0.0008247129040111429,99.91752870959888,8.198470978774772,True,/Schenk_IBMNA/c-40,https://sparse.tamu.edu/MM/Schenk_IBMNA/c-40.tar.gz
1560,c-41,Schenk_IBMNA,9769,9769,101635,Optimization Problem,2006,2006,95433361,0.0010649839734765288,99.89350160265235,10.40382843689221,True,/Schenk_IBMNA/c-41,https://sparse.tamu.edu/MM/Schenk_IBMNA/c-41.tar.gz
1561,c-42,Schenk_IBMNA,10471,10471,110285,Optimization Problem,2006,2006,109641841,0.0010058659996415055,99.89941340003585,10.532422882246204,True,/Schenk_IBMNA/c-42,https://sparse.tamu.edu/MM/Schenk_IBMNA/c-42.tar.gz
1562,c-43,Schenk_IBMNA,11125,11125,123659,Optimization Problem,2006,2006,123765625,0.0009991384926145688,99.90008615073855,11.115415730337078,True,/Schenk_IBMNA/c-43,https://sparse.tamu.edu/MM/Schenk_IBMNA/c-43.tar.gz
1563,c-44,Schenk_IBMNA,10728,10728,85000,Optimization Problem,2006,2006,115089984,0.0007385525398978246,99.92614474601021,7.923191648023863,True,/Schenk_IBMNA/c-44,https://sparse.tamu.edu/MM/Schenk_IBMNA/c-44.tar.gz
1564,c-45,Schenk_IBMNA,13206,13206,174452,Optimization Problem,2006,2006,174398436,0.001000307135781883,99.89996928642181,13.210056035135544,True,/Schenk_IBMNA/c-45,https://sparse.tamu.edu/MM/Schenk_IBMNA/c-45.tar.gz
1565,c-46,Schenk_IBMNA,14913,14913,130397,Optimization Problem,2006,2006,222397569,0.0005863238550058072,99.94136761449943,8.743847649701603,True,/Schenk_IBMNA/c-46,https://sparse.tamu.edu/MM/Schenk_IBMNA/c-46.tar.gz
1566,c-47,Schenk_IBMNA,15343,15343,211401,Optimization Problem,2006,2006,235407649,0.000898020947484166,99.91019790525158,13.77833539724956,True,/Schenk_IBMNA/c-47,https://sparse.tamu.edu/MM/Schenk_IBMNA/c-47.tar.gz
1567,c-48,Schenk_IBMNA,18354,18354,166080,Optimization Problem,2006,2006,336869316,0.0004930101737137733,99.95069898262862,9.048708728342596,True,/Schenk_IBMNA/c-48,https://sparse.tamu.edu/MM/Schenk_IBMNA/c-48.tar.gz
1568,c-49,Schenk_IBMNA,21132,21132,157040,Optimization Problem,2006,2006,446561424,0.00035166494811249077,99.96483350518875,7.431383683513156,True,/Schenk_IBMNA/c-49,https://sparse.tamu.edu/MM/Schenk_IBMNA/c-49.tar.gz
1569,c-50,Schenk_IBMNA,22401,22401,180245,Optimization Problem,2006,2006,501804801,0.0003591934545879325,99.9640806545412,8.046292576224277,True,/Schenk_IBMNA/c-50,https://sparse.tamu.edu/MM/Schenk_IBMNA/c-50.tar.gz
1570,c-51,Schenk_IBMNA,23196,23196,203048,Optimization Problem,2006,2006,538054416,0.0003773744698714637,99.96226255301285,8.753578203138472,True,/Schenk_IBMNA/c-51,https://sparse.tamu.edu/MM/Schenk_IBMNA/c-51.tar.gz
1571,c-52,Schenk_IBMNA,23948,23948,202708,Optimization Problem,2006,2006,573506704,0.00035345358404040555,99.96465464159596,8.464506430599632,True,/Schenk_IBMNA/c-52,https://sparse.tamu.edu/MM/Schenk_IBMNA/c-52.tar.gz
1572,c-53,Schenk_IBMNA,30235,30235,355139,Optimization Problem,2006,2006,914155225,0.00038848872739309675,99.96115112726069,11.74595667273028,True,/Schenk_IBMNA/c-53,https://sparse.tamu.edu/MM/Schenk_IBMNA/c-53.tar.gz
1573,c-54,Schenk_IBMNA,31793,31793,385987,Optimization Problem,2006,2006,1010794849,0.0003818648268556818,99.96181351731444,12.14062844022269,True,/Schenk_IBMNA/c-54,https://sparse.tamu.edu/MM/Schenk_IBMNA/c-54.tar.gz
1574,c-56,Schenk_IBMNA,35910,35910,380240,Optimization Problem,2006,2006,1289528100,0.00029486755658911197,99.97051324434109,10.58869395711501,True,/Schenk_IBMNA/c-56,https://sparse.tamu.edu/MM/Schenk_IBMNA/c-56.tar.gz
1575,c-57,Schenk_IBMNA,37833,37833,403373,Optimization Problem,2006,2006,1431335889,0.0002818157520537096,99.97181842479463,10.661935347447995,True,/Schenk_IBMNA/c-57,https://sparse.tamu.edu/MM/Schenk_IBMNA/c-57.tar.gz
1576,c-60,Schenk_IBMNA,43640,43640,298570,Optimization Problem,2006,2006,1904449600,0.00015677495482159255,99.98432250451785,6.841659028414298,True,/Schenk_IBMNA/c-60,https://sparse.tamu.edu/MM/Schenk_IBMNA/c-60.tar.gz
1577,c-61,Schenk_IBMNA,43618,43618,310016,Optimization Problem,2006,2006,1902529924,0.0001629493423936285,99.98370506576065,7.107524416525288,True,/Schenk_IBMNA/c-61,https://sparse.tamu.edu/MM/Schenk_IBMNA/c-61.tar.gz
1578,c-65,Schenk_IBMNA,48066,48066,360428,Optimization Problem,2006,2006,2310340356,0.0001560064511983965,99.98439935488015,7.498606083302127,True,/Schenk_IBMNA/c-65,https://sparse.tamu.edu/MM/Schenk_IBMNA/c-65.tar.gz
1579,c-big,Schenk_IBMNA,345241,345241,2340859,Optimization Problem,2006,2006,119191348081,1.9639504357390104e-05,99.99803604956426,6.7803621238497165,True,/Schenk_IBMNA/c-big,https://sparse.tamu.edu/MM/Schenk_IBMNA/c-big.tar.gz
1580,af_0_k101,Schenk_AFE,503625,503625,17550675,Structural Problem,2006,2006,253638140625,6.919572488882261e-05,99.99308042751112,34.848696947133284,True,/Schenk_AFE/af_0_k101,https://sparse.tamu.edu/MM/Schenk_AFE/af_0_k101.tar.gz
1581,af_1_k101,Schenk_AFE,503625,503625,17550675,Structural Problem,2006,2006,253638140625,6.919572488882261e-05,99.99308042751112,34.848696947133284,True,/Schenk_AFE/af_1_k101,https://sparse.tamu.edu/MM/Schenk_AFE/af_1_k101.tar.gz
1582,af_2_k101,Schenk_AFE,503625,503625,17550675,Structural Problem,2006,2006,253638140625,6.919572488882261e-05,99.99308042751112,34.848696947133284,True,/Schenk_AFE/af_2_k101,https://sparse.tamu.edu/MM/Schenk_AFE/af_2_k101.tar.gz
1583,af_3_k101,Schenk_AFE,503625,503625,17550675,Structural Problem,2006,2006,253638140625,6.919572488882261e-05,99.99308042751112,34.848696947133284,True,/Schenk_AFE/af_3_k101,https://sparse.tamu.edu/MM/Schenk_AFE/af_3_k101.tar.gz
1584,af_4_k101,Schenk_AFE,503625,503625,17550675,Structural Problem,2006,2006,253638140625,6.919572488882261e-05,99.99308042751112,34.848696947133284,True,/Schenk_AFE/af_4_k101,https://sparse.tamu.edu/MM/Schenk_AFE/af_4_k101.tar.gz
1585,af_5_k101,Schenk_AFE,503625,503625,17550675,Structural Problem,2006,2006,253638140625,6.919572488882261e-05,99.99308042751112,34.848696947133284,True,/Schenk_AFE/af_5_k101,https://sparse.tamu.edu/MM/Schenk_AFE/af_5_k101.tar.gz
1586,af_shell10,Schenk_AFE,1508065,1508065,52259885,Structural Problem,2006,2006,2274260044225,2.2978852015055567e-05,99.99770211479849,34.65360246408477,True,/Schenk_AFE/af_shell10,https://sparse.tamu.edu/MM/Schenk_AFE/af_shell10.tar.gz
1587,c-64b,Schenk_IBMNA,51035,51035,707601,Subsequent Optimization Problem,2006,2006,2604571225,0.00027167657893479186,99.97283234210653,13.865014205937102,True,/Schenk_IBMNA/c-64b,https://sparse.tamu.edu/MM/Schenk_IBMNA/c-64b.tar.gz
1588,c-66b,Schenk_IBMNA,49989,49989,444851,Subsequent Optimization Problem,2006,2006,2498900121,0.00017801871962052702,99.98219812803795,8.898977775110524,True,/Schenk_IBMNA/c-66b,https://sparse.tamu.edu/MM/Schenk_IBMNA/c-66b.tar.gz
1589,c-67b,Schenk_IBMNA,57975,57975,530583,Subsequent Optimization Problem,2006,2006,3361100625,0.0001578598974554652,99.98421401025446,9.151927554980595,True,/Schenk_IBMNA/c-67b,https://sparse.tamu.edu/MM/Schenk_IBMNA/c-67b.tar.gz
1590,c-73b,Schenk_IBMNA,169422,169422,1279274,Subsequent Optimization Problem,2006,2006,28703814084,4.4568084096987286e-05,99.9955431915903,7.550813943879779,True,/Schenk_IBMNA/c-73b,https://sparse.tamu.edu/MM/Schenk_IBMNA/c-73b.tar.gz
1591,conf5_0-4x4-10,QCD,3072,3072,119808,Theoretical/Quantum Chemistry Problem,1999,1999,9437184,0.0126953125,98.73046875,39.0,True,/QCD/conf5_0-4x4-10,https://sparse.tamu.edu/MM/QCD/conf5_0-4x4-10.tar.gz
1592,conf5_0-4x4-14,QCD,3072,3072,119808,Theoretical/Quantum Chemistry Problem,1999,1999,9437184,0.0126953125,98.73046875,39.0,True,/QCD/conf5_0-4x4-14,https://sparse.tamu.edu/MM/QCD/conf5_0-4x4-14.tar.gz
1593,conf5_0-4x4-18,QCD,3072,3072,119808,Theoretical/Quantum Chemistry Problem,1999,1999,9437184,0.0126953125,98.73046875,39.0,True,/QCD/conf5_0-4x4-18,https://sparse.tamu.edu/MM/QCD/conf5_0-4x4-18.tar.gz
1594,conf5_0-4x4-22,QCD,3072,3072,119808,Theoretical/Quantum Chemistry Problem,1999,1999,9437184,0.0126953125,98.73046875,39.0,True,/QCD/conf5_0-4x4-22,https://sparse.tamu.edu/MM/QCD/conf5_0-4x4-22.tar.gz
1595,conf5_0-4x4-26,QCD,3072,3072,119808,Theoretical/Quantum Chemistry Problem,1999,1999,9437184,0.0126953125,98.73046875,39.0,True,/QCD/conf5_0-4x4-26,https://sparse.tamu.edu/MM/QCD/conf5_0-4x4-26.tar.gz
1596,conf6_0-4x4-20,QCD,3072,3072,119808,Theoretical/Quantum Chemistry Problem,1999,1999,9437184,0.0126953125,98.73046875,39.0,True,/QCD/conf6_0-4x4-20,https://sparse.tamu.edu/MM/QCD/conf6_0-4x4-20.tar.gz
1597,conf6_0-4x4-30,QCD,3072,3072,119808,Theoretical/Quantum Chemistry Problem,1999,1999,9437184,0.0126953125,98.73046875,39.0,True,/QCD/conf6_0-4x4-30,https://sparse.tamu.edu/MM/QCD/conf6_0-4x4-30.tar.gz
1598,conf5_4-8x8-05,QCD,49152,49152,1916928,Theoretical/Quantum Chemistry Problem,1999,1999,2415919104,0.00079345703125,99.920654296875,39.0,True,/QCD/conf5_4-8x8-05,https://sparse.tamu.edu/MM/QCD/conf5_4-8x8-05.tar.gz
1599,conf5_4-8x8-10,QCD,49152,49152,1916928,Theoretical/Quantum Chemistry Problem,1999,1999,2415919104,0.00079345703125,99.920654296875,39.0,True,/QCD/conf5_4-8x8-10,https://sparse.tamu.edu/MM/QCD/conf5_4-8x8-10.tar.gz
1600,conf5_4-8x8-15,QCD,49152,49152,1916928,Theoretical/Quantum Chemistry Problem,1999,1999,2415919104,0.00079345703125,99.920654296875,39.0,True,/QCD/conf5_4-8x8-15,https://sparse.tamu.edu/MM/QCD/conf5_4-8x8-15.tar.gz
1601,conf5_4-8x8-20,QCD,49152,49152,1916928,Theoretical/Quantum Chemistry Problem,1999,1999,2415919104,0.00079345703125,99.920654296875,39.0,True,/QCD/conf5_4-8x8-20,https://sparse.tamu.edu/MM/QCD/conf5_4-8x8-20.tar.gz
1602,conf6_0-8x8-20,QCD,49152,49152,1916928,Theoretical/Quantum Chemistry Problem,1999,1999,2415919104,0.00079345703125,99.920654296875,39.0,True,/QCD/conf6_0-8x8-20,https://sparse.tamu.edu/MM/QCD/conf6_0-8x8-20.tar.gz
1603,conf6_0-8x8-30,QCD,49152,49152,1916928,Theoretical/Quantum Chemistry Problem,1999,1999,2415919104,0.00079345703125,99.920654296875,39.0,True,/QCD/conf6_0-8x8-30,https://sparse.tamu.edu/MM/QCD/conf6_0-8x8-30.tar.gz
1604,conf6_0-8x8-80,QCD,49152,49152,1916928,Theoretical/Quantum Chemistry Problem,1999,1999,2415919104,0.00079345703125,99.920654296875,39.0,True,/QCD/conf6_0-8x8-80,https://sparse.tamu.edu/MM/QCD/conf6_0-8x8-80.tar.gz
1605,s1rmq4m1,Cylshell,5489,5489,262411,Structural Problem,1997,1997,30129121,0.008709547152072575,99.12904528479274,47.806704317726364,True,/Cylshell/s1rmq4m1,https://sparse.tamu.edu/MM/Cylshell/s1rmq4m1.tar.gz
1606,s2rmq4m1,Cylshell,5489,5489,263351,Structural Problem,1997,1997,30129121,0.008740746203647958,99.1259253796352,47.97795591182365,True,/Cylshell/s2rmq4m1,https://sparse.tamu.edu/MM/Cylshell/s2rmq4m1.tar.gz
1607,s3rmq4m1,Cylshell,5489,5489,262943,Structural Problem,1997,1997,30129121,0.008727204487645026,99.12727955123549,47.90362543268355,True,/Cylshell/s3rmq4m1,https://sparse.tamu.edu/MM/Cylshell/s3rmq4m1.tar.gz
1608,s1rmt3m1,Cylshell,5489,5489,217651,Structural Problem,1997,1997,30129121,0.007223941249397883,99.27760587506022,39.65221351794498,True,/Cylshell/s1rmt3m1,https://sparse.tamu.edu/MM/Cylshell/s1rmt3m1.tar.gz
1609,s2rmt3m1,Cylshell,5489,5489,217681,Structural Problem,1997,1997,30129121,0.007224936963809864,99.277506303619,39.65767899435234,True,/Cylshell/s2rmt3m1,https://sparse.tamu.edu/MM/Cylshell/s2rmt3m1.tar.gz
1610,s3rmt3m1,Cylshell,5489,5489,217669,Structural Problem,1997,1997,30129121,0.0072245386780450714,99.2775461321955,39.6554928037894,True,/Cylshell/s3rmt3m1,https://sparse.tamu.edu/MM/Cylshell/s3rmt3m1.tar.gz
1611,s3rmt3m3,Cylshell,5357,5357,207123,Structural Problem,1997,1997,28697449,0.007217470793309886,99.278252920669,38.66399103976106,True,/Cylshell/s3rmt3m3,https://sparse.tamu.edu/MM/Cylshell/s3rmt3m3.tar.gz
1612,cryg10000,Bai,10000,10000,49699,Materials Problem,1996,1996,100000000,0.00049699,99.950301,4.9699,True,/Bai/cryg10000,https://sparse.tamu.edu/MM/Bai/cryg10000.tar.gz
1613,cryg2500,Bai,2500,2500,12349,Materials Problem,1996,1996,6250000,0.00197584,99.80241600000001,4.9396,True,/Bai/cryg2500,https://sparse.tamu.edu/MM/Bai/cryg2500.tar.gz
1614,dw2048,Bai,2048,2048,10114,Electromagnetics Problem,1993,1993,4194304,0.002411365509033203,99.75886344909668,4.9384765625,True,/Bai/dw2048,https://sparse.tamu.edu/MM/Bai/dw2048.tar.gz
1615,dw8192,Bai,8192,8192,41746,Electromagnetics Problem,1993,1993,67108864,0.0006220638751983643,99.93779361248016,5.095947265625,True,/Bai/dw8192,https://sparse.tamu.edu/MM/Bai/dw8192.tar.gz
1616,dwa512,Bai,512,512,2480,Electromagnetics Problem,1993,1993,262144,0.00946044921875,99.053955078125,4.84375,True,/Bai/dwa512,https://sparse.tamu.edu/MM/Bai/dwa512.tar.gz
1617,dwb512,Bai,512,512,2500,Electromagnetics Problem,1993,1993,262144,0.0095367431640625,99.04632568359375,4.8828125,True,/Bai/dwb512,https://sparse.tamu.edu/MM/Bai/dwb512.tar.gz
1618,dwg961a,Bai,961,961,3405,Electromagnetics Problem,1996,1996,923521,0.0036869762571722785,99.63130237428277,3.54318418314256,True,/Bai/dwg961a,https://sparse.tamu.edu/MM/Bai/dwg961a.tar.gz
1619,dwg961b,Bai,961,961,10591,Electromagnetics Problem,1996,1996,923521,0.011468066237800764,98.85319337621993,11.020811654526534,True,/Bai/dwg961b,https://sparse.tamu.edu/MM/Bai/dwg961b.tar.gz
1620,mhd1280a,Bai,1280,1280,47906,Electromagnetics Problem,1994,1994,1638400,0.029239501953125,97.0760498046875,37.4265625,True,/Bai/mhd1280a,https://sparse.tamu.edu/MM/Bai/mhd1280a.tar.gz
1621,mhd1280b,Bai,1280,1280,22778,Electromagnetics Problem,1994,1994,1638400,0.013902587890625,98.6097412109375,17.7953125,True,/Bai/mhd1280b,https://sparse.tamu.edu/MM/Bai/mhd1280b.tar.gz
1622,mhd3200a,Bai,3200,3200,68026,Electromagnetics Problem,1994,1994,10240000,0.0066431640625,99.33568359375,21.258125,True,/Bai/mhd3200a,https://sparse.tamu.edu/MM/Bai/mhd3200a.tar.gz
1623,mhd3200b,Bai,3200,3200,18316,Electromagnetics Problem,1994,1994,10240000,0.001788671875,99.8211328125,5.72375,True,/Bai/mhd3200b,https://sparse.tamu.edu/MM/Bai/mhd3200b.tar.gz
1624,mhd4800a,Bai,4800,4800,102252,Electromagnetics Problem,1994,1994,23040000,0.004438020833333334,99.55619791666666,21.3025,True,/Bai/mhd4800a,https://sparse.tamu.edu/MM/Bai/mhd4800a.tar.gz
1625,mhd4800b,Bai,4800,4800,27520,Electromagnetics Problem,1994,1994,23040000,0.0011944444444444444,99.88055555555555,5.733333333333333,True,/Bai/mhd4800b,https://sparse.tamu.edu/MM/Bai/mhd4800b.tar.gz
1626,qh1484,Bai,1484,1484,6110,Power Network Problem,1994,1994,2202256,0.002774427677799493,99.72255723222005,4.117250673854447,True,/Bai/qh1484,https://sparse.tamu.edu/MM/Bai/qh1484.tar.gz
1627,qh768,Bai,768,768,2934,Power Network Problem,1994,1994,589824,0.004974365234375,99.5025634765625,3.8203125,True,/Bai/qh768,https://sparse.tamu.edu/MM/Bai/qh768.tar.gz
1628,rdb1250,Bai,1250,1250,7300,Computational Fluid Dynamics Problem,1994,1994,1562500,0.004672,99.5328,5.84,True,/Bai/rdb1250,https://sparse.tamu.edu/MM/Bai/rdb1250.tar.gz
1629,rdb1250l,Bai,1250,1250,7300,Computational Fluid Dynamics Problem,1994,1994,1562500,0.004672,99.5328,5.84,True,/Bai/rdb1250l,https://sparse.tamu.edu/MM/Bai/rdb1250l.tar.gz
1630,rdb200,Bai,200,200,1120,Computational Fluid Dynamics Problem,1994,1994,40000,0.028,97.2,5.6,True,/Bai/rdb200,https://sparse.tamu.edu/MM/Bai/rdb200.tar.gz
1631,rdb200l,Bai,200,200,1120,Computational Fluid Dynamics Problem,1994,1994,40000,0.028,97.2,5.6,True,/Bai/rdb200l,https://sparse.tamu.edu/MM/Bai/rdb200l.tar.gz
1632,rdb2048_noL,Bai,2048,2048,12032,Computational Fluid Dynamics Problem,1994,1994,4194304,0.00286865234375,99.713134765625,5.875,True,/Bai/rdb2048_noL,https://sparse.tamu.edu/MM/Bai/rdb2048_noL.tar.gz
1633,rdb3200l,Bai,3200,3200,18880,Computational Fluid Dynamics Problem,1994,1994,10240000,0.00184375,99.815625,5.9,True,/Bai/rdb3200l,https://sparse.tamu.edu/MM/Bai/rdb3200l.tar.gz
1634,rdb450,Bai,450,450,2580,Computational Fluid Dynamics Problem,1994,1994,202500,0.01274074074074074,98.72592592592594,5.733333333333333,True,/Bai/rdb450,https://sparse.tamu.edu/MM/Bai/rdb450.tar.gz
1635,rdb450l,Bai,450,450,2580,Computational Fluid Dynamics Problem,1994,1994,202500,0.01274074074074074,98.72592592592594,5.733333333333333,True,/Bai/rdb450l,https://sparse.tamu.edu/MM/Bai/rdb450l.tar.gz
1636,rdb800l,Bai,800,800,4640,Computational Fluid Dynamics Problem,1994,1994,640000,0.00725,99.275,5.8,True,/Bai/rdb800l,https://sparse.tamu.edu/MM/Bai/rdb800l.tar.gz
1637,tols1090,Bai,1090,1090,3546,Computational Fluid Dynamics Problem,1991,1991,1188100,0.002984597256123222,99.70154027438768,3.253211009174312,True,/Bai/tols1090,https://sparse.tamu.edu/MM/Bai/tols1090.tar.gz
1638,tols2000,Bai,2000,2000,5184,Computational Fluid Dynamics Problem,1991,1991,4000000,0.001296,99.8704,2.592,True,/Bai/tols2000,https://sparse.tamu.edu/MM/Bai/tols2000.tar.gz
1639,tols340,Bai,340,340,2196,Computational Fluid Dynamics Problem,1991,1991,115600,0.018996539792387544,98.10034602076124,6.458823529411765,True,/Bai/tols340,https://sparse.tamu.edu/MM/Bai/tols340.tar.gz
1640,tols4000,Bai,4000,4000,8784,Computational Fluid Dynamics Problem,1991,1991,16000000,0.000549,99.9451,2.196,True,/Bai/tols4000,https://sparse.tamu.edu/MM/Bai/tols4000.tar.gz
1641,tols90,Bai,90,90,1746,Computational Fluid Dynamics Problem,1991,1991,8100,0.21555555555555556,78.44444444444446,19.4,True,/Bai/tols90,https://sparse.tamu.edu/MM/Bai/tols90.tar.gz
1642,invextr1_new,POLYFLOW,30412,30412,1793881,Computational Fluid Dynamics Problem,2005,2005,924889744,0.0019395619982137027,99.80604380017863,58.985959489675125,True,/POLYFLOW/invextr1_new,https://sparse.tamu.edu/MM/POLYFLOW/invextr1_new.tar.gz
1643,mixtank_new,POLYFLOW,29957,29957,1990919,Computational Fluid Dynamics Problem,2005,2005,897421849,0.0022184873281372495,99.77815126718627,66.45922488900757,True,/POLYFLOW/mixtank_new,https://sparse.tamu.edu/MM/POLYFLOW/mixtank_new.tar.gz
1644,msdoor,INPRO,415863,415863,19173163,Structural Problem,2005,2005,172942034769,0.00011086467801543876,99.98891353219845,46.10451759353441,True,/INPRO/msdoor,https://sparse.tamu.edu/MM/INPRO/msdoor.tar.gz
1790,iprob,Meszaros,3001,3001,9000,Linear Programming Problem,2004,2004,9006001,0.0009993336665185802,99.90006663334813,2.9990003332222592,True,/Meszaros/iprob,https://sparse.tamu.edu/MM/Meszaros/iprob.tar.gz
1841,wb-cs-stanford,Gleich,9914,9914,36854,Directed Graph,2001,2001,98287396,0.0003749616074883091,99.96250383925117,3.717369376639096,True,/Gleich/wb-cs-stanford,https://sparse.tamu.edu/MM/Gleich/wb-cs-stanford.tar.gz
1842,wb-edu,Gleich,9845725,9845725,57156537,Directed Graph,2001,2001,96938300775625,5.896176902491356e-07,99.99994103823097,5.8052136333281705,True,/Gleich/wb-edu,https://sparse.tamu.edu/MM/Gleich/wb-edu.tar.gz
1843,wikipedia-20051105,Gleich,1634989,1634989,19753078,Directed Graph,2005,2005,2673189030121,7.38933078709585e-06,99.99926106692129,12.081474554263057,True,/Gleich/wikipedia-20051105,https://sparse.tamu.edu/MM/Gleich/wikipedia-20051105.tar.gz
1844,wikipedia-20060925,Gleich,2983494,2983494,37269096,Directed Graph,2006,2006,8901236448036,4.186957196067203e-06,99.9995813042804,12.491761672723324,True,/Gleich/wikipedia-20060925,https://sparse.tamu.edu/MM/Gleich/wikipedia-20060925.tar.gz
1845,wikipedia-20061104,Gleich,3148440,3148440,39383235,Directed Graph,2006,2006,9912674433600,3.97301810563924e-06,99.99960269818943,12.508809124518809,True,/Gleich/wikipedia-20061104,https://sparse.tamu.edu/MM/Gleich/wikipedia-20061104.tar.gz
1846,wikipedia-20070206,Gleich,3566907,3566907,45030389,Directed Graph,2007,2007,12722825546649,3.5393387133143804e-06,99.99964606612866,12.624492031892057,True,/Gleich/wikipedia-20070206,https://sparse.tamu.edu/MM/Gleich/wikipedia-20070206.tar.gz
1847,Dubcova1,UTEP,16129,16129,253009,2D/3D Problem,2007,2007,260144641,0.0009725704862780548,99.90274295137219,15.686589373178746,True,/UTEP/Dubcova1,https://sparse.tamu.edu/MM/UTEP/Dubcova1.tar.gz
1848,Dubcova2,UTEP,65025,65025,1030225,2D/3D Problem,2007,2007,4228250625,0.0002436527754312104,99.97563472245687,15.843521722414456,True,/UTEP/Dubcova2,https://sparse.tamu.edu/MM/UTEP/Dubcova2.tar.gz
1849,Dubcova3,UTEP,146689,146689,3636643,2D/3D Problem,2007,2007,21517662721,0.0001690073428119517,99.9830992657188,24.79151810974238,True,/UTEP/Dubcova3,https://sparse.tamu.edu/MM/UTEP/Dubcova3.tar.gz
1850,BenElechi1,BenElechi,245874,245874,13150496,2D/3D Problem,2007,2007,60454023876,0.00021752887825918059,99.97824711217407,53.48469541309777,True,/BenElechi/BenElechi1,https://sparse.tamu.edu/MM/BenElechi/BenElechi1.tar.gz
1851,FEM_3D_thermal1,Botonakis,17880,17880,430740,Thermal Problem,2007,2007,319694400,0.001347349218503671,99.86526507814963,24.090604026845636,True,/Botonakis/FEM_3D_thermal1,https://sparse.tamu.edu/MM/Botonakis/FEM_3D_thermal1.tar.gz
1852,FEM_3D_thermal2,Botonakis,147900,147900,3489300,Thermal Problem,2007,2007,21874410000,0.0001595151594945875,99.98404848405053,23.592292089249494,True,/Botonakis/FEM_3D_thermal2,https://sparse.tamu.edu/MM/Botonakis/FEM_3D_thermal2.tar.gz
1853,parabolic_fem,Wissgott,525825,525825,3674625,Computational Fluid Dynamics Problem,2007,2007,276491930625,1.3290170862106693e-05,99.99867098291378,6.988304093567251,True,/Wissgott/parabolic_fem,https://sparse.tamu.edu/MM/Wissgott/parabolic_fem.tar.gz
1854,chem_master1,Watson,40401,40401,201201,2D/3D Problem,2007,2007,1632240801,0.00012326673850863995,99.98767332614914,4.980099502487562,True,/Watson/chem_master1,https://sparse.tamu.edu/MM/Watson/chem_master1.tar.gz
1855,Baumann,Watson,112211,112211,748331,2D/3D Problem,2007,2007,12591308521,5.943234563365045e-05,99.99405676543664,6.66896293589755,True,/Watson/Baumann,https://sparse.tamu.edu/MM/Watson/Baumann.tar.gz
1856,3Dspectralwave,Sinclair,680943,680943,30290827,Materials Problem,2007,2007,463683369249,6.532653316650158e-05,99.99346734668335,44.483645473997086,True,/Sinclair/3Dspectralwave,https://sparse.tamu.edu/MM/Sinclair/3Dspectralwave.tar.gz
1857,3Dspectralwave2,Sinclair,292008,292008,12935272,Materials Problem,2007,2007,85268672064,0.00015170016943961775,99.98482998305603,44.2976630777239,True,/Sinclair/3Dspectralwave2,https://sparse.tamu.edu/MM/Sinclair/3Dspectralwave2.tar.gz
1858,crashbasis,QLi,160000,160000,1750416,Optimization Problem,2007,2007,25600000000,6.8375625e-05,99.9931624375,10.9401,True,/QLi/crashbasis,https://sparse.tamu.edu/MM/QLi/crashbasis.tar.gz
1859,majorbasis,QLi,160000,160000,1750416,Optimization Problem,2007,2007,25600000000,6.8375625e-05,99.9931624375,10.9401,True,/QLi/majorbasis,https://sparse.tamu.edu/MM/QLi/majorbasis.tar.gz
1861,F2,Koutsovasilis,71505,71505,5294285,Structural Problem,2007,2007,5112965025,0.0010354627841405975,99.89645372158594,74.04076637997343,True,/Koutsovasilis/F2,https://sparse.tamu.edu/MM/Koutsovasilis/F2.tar.gz
1862,Ill_Stokes,Szczerba,20896,20896,191368,Computational Fluid Dynamics Problem,2007,2007,436642816,0.00043827126655394234,99.95617287334461,9.15811638591118,True,/Szczerba/Ill_Stokes,https://sparse.tamu.edu/MM/Szczerba/Ill_Stokes.tar.gz
1863,Raj1,Rajat,263743,263743,1300261,Circuit Simulation Problem,2007,2007,69560370049,1.869255438238849e-05,99.99813074456176,4.930030370474287,True,/Rajat/Raj1,https://sparse.tamu.edu/MM/Rajat/Raj1.tar.gz
1864,Chebyshev1,Muite,261,261,2319,Structural Problem,2007,2007,68121,0.03404236579028493,96.59576342097151,8.885057471264368,True,/Muite/Chebyshev1,https://sparse.tamu.edu/MM/Muite/Chebyshev1.tar.gz
1865,Chebyshev2,Muite,2053,2053,18447,Structural Problem,2007,2007,4214809,0.004376710783335615,99.56232892166645,8.985387238188018,True,/Muite/Chebyshev2,https://sparse.tamu.edu/MM/Muite/Chebyshev2.tar.gz
1866,Chebyshev3,Muite,4101,4101,36879,Structural Problem,2007,2007,16818201,0.0021928029044247957,99.78071970955752,8.992684711046087,True,/Muite/Chebyshev3,https://sparse.tamu.edu/MM/Muite/Chebyshev3.tar.gz
1867,Chebyshev4,Muite,68121,68121,5377761,Structural Problem,2007,2007,4640470641,0.001158882668599562,99.88411173314005,78.94424626767076,True,/Muite/Chebyshev4,https://sparse.tamu.edu/MM/Muite/Chebyshev4.tar.gz
1868,viscoplastic1,Quaglino,4326,4326,61166,Materials Problem,2007,2007,18714276,0.0032684139103217246,99.67315860896782,14.13915857605178,True,/Quaglino/viscoplastic1,https://sparse.tamu.edu/MM/Quaglino/viscoplastic1.tar.gz
1869,viscoplastic2,Quaglino,32769,32769,381326,Materials Problem,2007,2007,1073807361,0.0003551158372064838,99.96448841627935,11.636790869419269,True,/Quaglino/viscoplastic2,https://sparse.tamu.edu/MM/Quaglino/viscoplastic2.tar.gz
1873,light_in_tissue,Dehghani,29282,29282,406084,Electromagnetics Problem,2007,2007,857435524,0.00047360295746272347,99.95263970425373,13.868041800423468,True,/Dehghani/light_in_tissue,https://sparse.tamu.edu/MM/Dehghani/light_in_tissue.tar.gz
1874,hvdc1,HVDC,24842,24842,158426,Power Network Problem,2007,2007,617124964,0.0002567162394033374,99.97432837605966,6.377344819257709,True,/HVDC/hvdc1,https://sparse.tamu.edu/MM/HVDC/hvdc1.tar.gz
1875,hvdc2,HVDC,189860,189860,1339638,Power Network Problem,2007,2007,36046819600,3.716383344953961e-05,99.99628361665505,7.05592541872959,True,/HVDC/hvdc2,https://sparse.tamu.edu/MM/HVDC/hvdc2.tar.gz
1876,kkt_power,Zaoui,2063494,2063494,12771361,Optimization Problem,2007,2007,4258007488036,2.999374950815498e-06,99.99970006250491,6.189192214758076,True,/Zaoui/kkt_power,https://sparse.tamu.edu/MM/Zaoui/kkt_power.tar.gz
1877,RFdevice,Rost,74104,74104,365580,Semiconductor Device Problem,2007,2007,5491402816,6.65731530265508e-05,99.99334268469734,4.933336931879521,True,/Rost/RFdevice,https://sparse.tamu.edu/MM/Rost/RFdevice.tar.gz
1878,fem_filter,Lee,74062,74062,1731206,Electromagnetics Problem,2008,2008,5485179844,0.0003156151756616861,99.96843848243383,23.375091139855797,True,/Lee/fem_filter,https://sparse.tamu.edu/MM/Lee/fem_filter.tar.gz
1879,viscorocks,Mancktelow,37762,37762,1133641,Materials Problem,2007,2007,1425968644,0.0007949971444112623,99.92050028555887,30.02068216725809,True,/Mancktelow/viscorocks,https://sparse.tamu.edu/MM/Mancktelow/viscorocks.tar.gz
1880,water_tank,Rudnyi,60740,60740,2035281,Computational Fluid Dynamics Problem,2007,2007,3689347600,0.0005516642020936168,99.94483357979064,33.50808363516628,True,/Rudnyi/water_tank,https://sparse.tamu.edu/MM/Rudnyi/water_tank.tar.gz
1882,ecology1,McRae,1000000,1000000,4996000,2D/3D Problem,2008,2008,1000000000000,4.996e-06,99.9995004,4.996,True,/McRae/ecology1,https://sparse.tamu.edu/MM/McRae/ecology1.tar.gz
1883,ecology2,McRae,999999,999999,4995991,2D/3D Problem,2008,2008,999998000001,4.996000991996988e-06,99.9995003999008,4.995995995995996,True,/McRae/ecology2,https://sparse.tamu.edu/MM/McRae/ecology2.tar.gz
1891,eurqsa,Marini,7245,7245,46142,Economic Problem,2008,2008,52490025,0.0008790622599246238,99.91209377400753,6.368806073153899,True,/Marini/eurqsa,https://sparse.tamu.edu/MM/Marini/eurqsa.tar.gz
1892,denormal,Castrillon,89400,89400,1156224,Counter Example Problem,2008,2008,7992360000,0.0001446661561791511,99.98553338438208,12.933154362416108,True,/Castrillon/denormal,https://sparse.tamu.edu/MM/Castrillon/denormal.tar.gz
1893,largebasis,QLi,440020,440020,5240084,Optimization Problem,2008,2008,193617600400,2.7064089159117583e-05,99.99729359108409,11.90874051179492,True,/QLi/largebasis,https://sparse.tamu.edu/MM/QLi/largebasis.tar.gz
1896,circuit204,YZhou,1020,1020,5883,Circuit Simulation Problem,2008,2008,1040400,0.005654555940023068,99.4345444059977,5.767647058823529,True,/YZhou/circuit204,https://sparse.tamu.edu/MM/YZhou/circuit204.tar.gz
1897,t2em,CEMW,921632,921632,4590832,Electromagnetics Problem,2008,2008,849405543424,5.404758699235828e-06,99.99945952413007,4.981198569494115,True,/CEMW/t2em,https://sparse.tamu.edu/MM/CEMW/t2em.tar.gz
1898,tmt_unsym,CEMW,917825,917825,4584801,Electromagnetics Problem,2008,2008,842402730625,5.44252865443399e-06,99.99945574713456,4.995288862255877,True,/CEMW/tmt_unsym,https://sparse.tamu.edu/MM/CEMW/tmt_unsym.tar.gz
1899,tmt_sym,CEMW,726713,726713,5080961,Electromagnetics Problem,2008,2008,528111784369,9.62099530892091e-06,99.99903790046912,6.991702363931841,True,/CEMW/tmt_sym,https://sparse.tamu.edu/MM/CEMW/tmt_sym.tar.gz
1900,vfem,CEMW,93476,93476,1434636,Electromagnetics Problem,2008,2008,8737762576,0.0001641880272577459,99.98358119727423,15.347640035945055,True,/CEMW/vfem,https://sparse.tamu.edu/MM/CEMW/vfem.tar.gz
1901,nlpkkt80,Schenk,1062400,1062400,28192672,Optimization Problem,2008,2008,1128693760000,2.497814110357091e-05,99.99750218588964,26.536777108433736,True,/Schenk/nlpkkt80,https://sparse.tamu.edu/MM/Schenk/nlpkkt80.tar.gz
1902,nlpkkt120,Schenk,3542400,3542400,95117792,Optimization Problem,2008,2008,12548597760000,7.579953857728881e-06,99.99924200461423,26.85122854561879,True,/Schenk/nlpkkt120,https://sparse.tamu.edu/MM/Schenk/nlpkkt120.tar.gz
1903,nlpkkt160,Schenk,8345600,8345600,225422112,Optimization Problem,2008,2008,69649039360000,3.236543017267539e-06,99.99967634569828,27.010893404907975,True,/Schenk/nlpkkt160,https://sparse.tamu.edu/MM/Schenk/nlpkkt160.tar.gz
1904,nlpkkt200,Schenk,16240000,16240000,440225632,Optimization Problem,2008,2008,263737600000000,1.669180397485986e-06,99.99983308196025,27.107489655172415,True,/Schenk/nlpkkt200,https://sparse.tamu.edu/MM/Schenk/nlpkkt200.tar.gz
1905,nlpkkt240,Schenk,27993600,27993600,760648352,Optimization Problem,2008,2008,783641640960000,9.706584135424042e-07,99.99990293415864,27.17222336534065,True,/Schenk/nlpkkt240,https://sparse.tamu.edu/MM/Schenk/nlpkkt240.tar.gz
1906,s4dkt3m2,TKK,90449,90449,3753461,Structural Problem,2008,2008,8181021601,0.00045880101325501926,99.95411989867449,41.49809284790324,True,/TKK/s4dkt3m2,https://sparse.tamu.edu/MM/TKK/s4dkt3m2.tar.gz
1907,g3rmt3m3,TKK,5357,5357,207695,Structural Problem,2008,2008,28697449,0.007237402878562481,99.27625971214376,38.77076722045921,True,/TKK/g3rmt3m3,https://sparse.tamu.edu/MM/TKK/g3rmt3m3.tar.gz
1908,t520,TKK,5563,5563,286341,Structural Problem,2008,2008,30946969,0.009252634724906339,99.07473652750937,51.472406974653964,True,/TKK/t520,https://sparse.tamu.edu/MM/TKK/t520.tar.gz
1909,smt,TKK,25710,25710,3749582,Structural Problem,2008,2008,661004100,0.005672554829841449,99.43274451701586,145.84138467522365,True,/TKK/smt,https://sparse.tamu.edu/MM/TKK/smt.tar.gz
1910,engine,TKK,143571,143571,4706073,Structural Problem,2008,2008,20612632041,0.00022831014450940977,99.97716898554906,32.77871575736047,True,/TKK/engine,https://sparse.tamu.edu/MM/TKK/engine.tar.gz
1911,plbuckle,TKK,1282,1282,30644,Structural Problem,2008,2008,1643524,0.01864530119426306,98.1354698805737,23.903276131045242,True,/TKK/plbuckle,https://sparse.tamu.edu/MM/TKK/plbuckle.tar.gz
1912,cbuckle,TKK,13681,13681,676515,Structural Problem,2008,2008,187169761,0.0036144460322306018,99.63855539677694,49.44923616694686,True,/TKK/cbuckle,https://sparse.tamu.edu/MM/TKK/cbuckle.tar.gz
1913,cyl6,TKK,13681,13681,714241,Structural Problem,2008,2008,187169761,0.003816006368678325,99.61839936313217,52.206783129888166,True,/TKK/cyl6,https://sparse.tamu.edu/MM/TKK/cyl6.tar.gz
1914,tube1,TKK,21498,21498,897056,Structural Problem,2008,2008,462164004,0.0019409906272146629,99.80590093727854,41.72741650386082,True,/TKK/tube1,https://sparse.tamu.edu/MM/TKK/tube1.tar.gz
1915,tube2,TKK,21498,21498,897056,Structural Problem,2008,2008,462164004,0.0019409906272146629,99.80590093727854,41.72741650386082,True,/TKK/tube2,https://sparse.tamu.edu/MM/TKK/tube2.tar.gz
1916,t2d_q4,TKK,9801,9801,87025,Structural Problem Sequence,2008,2008,96059601,0.0009059479645350598,99.9094052035465,8.879196000408122,True,/TKK/t2d_q4,https://sparse.tamu.edu/MM/TKK/t2d_q4.tar.gz
1917,t2d_q9,TKK,9801,9801,87025,Structural Problem Sequence,2008,2008,96059601,0.0009059479645350598,99.9094052035465,8.879196000408122,True,/TKK/t2d_q9,https://sparse.tamu.edu/MM/TKK/t2d_q9.tar.gz
1919,2cubes_sphere,Um,101492,101492,1647264,Electromagnetics Problem,2008,2008,10300626064,0.00015991882335745375,99.98400811766426,16.230481220194694,True,/Um/2cubes_sphere,https://sparse.tamu.edu/MM/Um/2cubes_sphere.tar.gz
1939,bibd_81_2,JGD_BIBD,3240,3240,3240,Combinatorial Problem,2008,2008,10497600,0.00030864197530864197,99.96913580246914,1.0,True,/JGD_BIBD/bibd_81_2,https://sparse.tamu.edu/MM/JGD_BIBD/bibd_81_2.tar.gz
1941,CAG_mat1916,JGD_CAG,1916,1916,195985,Combinatorial Problem,2008,2008,3671056,0.05338654599657428,94.66134540034257,102.28862212943632,True,/JGD_CAG/CAG_mat1916,https://sparse.tamu.edu/MM/JGD_CAG/CAG_mat1916.tar.gz
1942,CAG_mat364,JGD_CAG,364,364,13585,Combinatorial Problem,2008,2008,132496,0.10253139717425432,89.74686028257457,37.32142857142857,True,/JGD_CAG/CAG_mat364,https://sparse.tamu.edu/MM/JGD_CAG/CAG_mat364.tar.gz
1943,CAG_mat72,JGD_CAG,72,72,1012,Combinatorial Problem,2008,2008,5184,0.19521604938271606,80.47839506172839,14.055555555555555,True,/JGD_CAG/CAG_mat72,https://sparse.tamu.edu/MM/JGD_CAG/CAG_mat72.tar.gz
2015,ch5-5-b3,JGD_Homology,600,600,2400,Combinatorial Problem,2008,2008,360000,0.006666666666666667,99.33333333333333,4.0,True,/JGD_Homology/ch5-5-b3,https://sparse.tamu.edu/MM/JGD_Homology/ch5-5-b3.tar.gz
2034,ch7-8-b5,JGD_Homology,141120,141120,846720,Combinatorial Problem,2008,2008,19914854400,4.2517006802721085e-05,99.99574829931973,6.0,True,/JGD_Homology/ch7-8-b5,https://sparse.tamu.edu/MM/JGD_Homology/ch7-8-b5.tar.gz
2056,m133-b3,JGD_Homology,200200,200200,800800,Combinatorial Problem,2008,2008,40080040000,1.998001998001998e-05,99.998001998002,4.0,True,/JGD_Homology/m133-b3,https://sparse.tamu.edu/MM/JGD_Homology/m133-b3.tar.gz
2097,n3c6-b1,JGD_Homology,105,105,210,Combinatorial Problem,2008,2008,11025,0.01904761904761905,98.09523809523809,2.0,True,/JGD_Homology/n3c6-b1,https://sparse.tamu.edu/MM/JGD_Homology/n3c6-b1.tar.gz
2104,n3c6-b7,JGD_Homology,6435,6435,51480,Combinatorial Problem,2008,2008,41409225,0.0012432012432012432,99.87567987567988,8.0,True,/JGD_Homology/n3c6-b7,https://sparse.tamu.edu/MM/JGD_Homology/n3c6-b7.tar.gz
2135,shar_te2-b3,JGD_Homology,200200,200200,800800,Combinatorial Problem,2008,2008,40080040000,1.998001998001998e-05,99.998001998002,4.0,True,/JGD_Homology/shar_te2-b3,https://sparse.tamu.edu/MM/JGD_Homology/shar_te2-b3.tar.gz
2136,case39,QY,40216,40216,1042160,Power Network Problem Sequence,2008,2008,1617326656,0.0006443719925926949,99.93556280074073,25.91406405410782,True,/QY/case39,https://sparse.tamu.edu/MM/QY/case39.tar.gz
2149,cat_ears_2_1,JGD_Margulies,85,85,254,Combinatorial Problem,2008,2008,7225,0.03515570934256056,96.48442906574395,2.988235294117647,True,/JGD_Margulies/cat_ears_2_1,https://sparse.tamu.edu/MM/JGD_Margulies/cat_ears_2_1.tar.gz
2194,08blocks,JGD_SPG,300,300,592,Combinatorial Problem,2008,2008,90000,0.006577777777777778,99.34222222222222,1.9733333333333334,True,/JGD_SPG/08blocks,https://sparse.tamu.edu/MM/JGD_SPG/08blocks.tar.gz
2195,EX1,JGD_SPG,560,560,8736,Combinatorial Problem,2008,2008,313600,0.027857142857142858,97.21428571428572,15.6,True,/JGD_SPG/EX1,https://sparse.tamu.edu/MM/JGD_SPG/EX1.tar.gz
2196,EX2,JGD_SPG,560,560,8736,Combinatorial Problem,2008,2008,313600,0.027857142857142858,97.21428571428572,15.6,True,/JGD_SPG/EX2,https://sparse.tamu.edu/MM/JGD_SPG/EX2.tar.gz
2197,EX3,JGD_SPG,2600,2600,71760,Combinatorial Problem,2008,2008,6760000,0.010615384615384615,98.93846153846154,27.6,True,/JGD_SPG/EX3,https://sparse.tamu.edu/MM/JGD_SPG/EX3.tar.gz
2198,EX4,JGD_SPG,2600,2600,71760,Combinatorial Problem,2008,2008,6760000,0.010615384615384615,98.93846153846154,27.6,True,/JGD_SPG/EX4,https://sparse.tamu.edu/MM/JGD_SPG/EX4.tar.gz
2199,EX5,JGD_SPG,6545,6545,295680,Combinatorial Problem,2008,2008,42837025,0.0069024401204332,99.30975598795668,45.1764705882353,True,/JGD_SPG/EX5,https://sparse.tamu.edu/MM/JGD_SPG/EX5.tar.gz
2200,EX6,JGD_SPG,6545,6545,295680,Combinatorial Problem,2008,2008,42837025,0.0069024401204332,99.30975598795668,45.1764705882353,True,/JGD_SPG/EX6,https://sparse.tamu.edu/MM/JGD_SPG/EX6.tar.gz
2203,Trefethen_20b,JGD_Trefethen,19,19,147,Combinatorial Problem,2008,2008,361,0.407202216066482,59.2797783933518,7.7368421052631575,True,/JGD_Trefethen/Trefethen_20b,https://sparse.tamu.edu/MM/JGD_Trefethen/Trefethen_20b.tar.gz
2204,Trefethen_20,JGD_Trefethen,20,20,158,Combinatorial Problem,2008,2008,400,0.395,60.5,7.9,True,/JGD_Trefethen/Trefethen_20,https://sparse.tamu.edu/MM/JGD_Trefethen/Trefethen_20.tar.gz
2205,Trefethen_150,JGD_Trefethen,150,150,2040,Combinatorial Problem,2008,2008,22500,0.09066666666666667,90.93333333333334,13.6,True,/JGD_Trefethen/Trefethen_150,https://sparse.tamu.edu/MM/JGD_Trefethen/Trefethen_150.tar.gz
2206,Trefethen_200b,JGD_Trefethen,199,199,2873,Combinatorial Problem,2008,2008,39601,0.07254867301330774,92.74513269866922,14.43718592964824,True,/JGD_Trefethen/Trefethen_200b,https://sparse.tamu.edu/MM/JGD_Trefethen/Trefethen_200b.tar.gz
2207,Trefethen_200,JGD_Trefethen,200,200,2890,Combinatorial Problem,2008,2008,40000,0.07225,92.77499999999999,14.45,True,/JGD_Trefethen/Trefethen_200,https://sparse.tamu.edu/MM/JGD_Trefethen/Trefethen_200.tar.gz
2208,Trefethen_300,JGD_Trefethen,300,300,4678,Combinatorial Problem,2008,2008,90000,0.051977777777777776,94.80222222222223,15.593333333333334,True,/JGD_Trefethen/Trefethen_300,https://sparse.tamu.edu/MM/JGD_Trefethen/Trefethen_300.tar.gz
2209,Trefethen_500,JGD_Trefethen,500,500,8478,Combinatorial Problem,2008,2008,250000,0.033912,96.6088,16.956,True,/JGD_Trefethen/Trefethen_500,https://sparse.tamu.edu/MM/JGD_Trefethen/Trefethen_500.tar.gz
2210,Trefethen_700,JGD_Trefethen,700,700,12654,Combinatorial Problem,2008,2008,490000,0.02582448979591837,97.41755102040817,18.077142857142857,True,/JGD_Trefethen/Trefethen_700,https://sparse.tamu.edu/MM/JGD_Trefethen/Trefethen_700.tar.gz
2211,Trefethen_2000,JGD_Trefethen,2000,2000,41906,Combinatorial Problem,2008,2008,4000000,0.0104765,98.95235,20.953,True,/JGD_Trefethen/Trefethen_2000,https://sparse.tamu.edu/MM/JGD_Trefethen/Trefethen_2000.tar.gz
2212,Trefethen_20000b,JGD_Trefethen,19999,19999,554435,Combinatorial Problem,2008,2008,399960001,0.0013862261191463494,99.86137738808537,27.72313615680784,True,/JGD_Trefethen/Trefethen_20000b,https://sparse.tamu.edu/MM/JGD_Trefethen/Trefethen_20000b.tar.gz
2213,Trefethen_20000,JGD_Trefethen,20000,20000,554466,Combinatorial Problem,2008,2008,400000000,0.001386165,99.8613835,27.7233,True,/JGD_Trefethen/Trefethen_20000,https://sparse.tamu.edu/MM/JGD_Trefethen/Trefethen_20000.tar.gz
2214,case9,QY,14454,14454,147972,Power Network Problem Sequence,2008,2008,208918116,0.0007082774956672499,99.92917225043327,10.237442922374429,True,/QY/case9,https://sparse.tamu.edu/MM/QY/case9.tar.gz
2215,mono_500Hz,FreeFieldTechnologies,169410,169410,5033796,Acoustics Problem,2008,2008,28699748100,0.0001753951282938264,99.98246048717063,29.71368868425713,True,/FreeFieldTechnologies/mono_500Hz,https://sparse.tamu.edu/MM/FreeFieldTechnologies/mono_500Hz.tar.gz
2216,Freescale1,Freescale,3428755,3428755,17052626,Circuit Simulation Problem,2008,2008,11756360850025,1.450502091381768e-06,99.99985494979087,4.973416298335693,True,/Freescale/Freescale1,https://sparse.tamu.edu/MM/Freescale/Freescale1.tar.gz
2219,TSOPF_RS_b2383,TSOPF,38120,38120,16171169,Power Network Problem,2009,2009,1453134400,0.011128474420535361,98.88715255794646,424.21744491080796,True,/TSOPF/TSOPF_RS_b2383,https://sparse.tamu.edu/MM/TSOPF/TSOPF_RS_b2383.tar.gz
2220,TSOPF_FS_b300,TSOPF,29214,29214,4400122,Power Network Problem,2009,2009,853457796,0.005155640994343908,99.4844359005656,150.61689600876292,True,/TSOPF/TSOPF_FS_b300,https://sparse.tamu.edu/MM/TSOPF/TSOPF_FS_b300.tar.gz
2221,TSOPF_FS_b162_c1,TSOPF,10798,10798,608540,Power Network Problem,2009,2009,116596804,0.005219182508638916,99.47808174913611,56.35673272828301,True,/TSOPF/TSOPF_FS_b162_c1,https://sparse.tamu.edu/MM/TSOPF/TSOPF_FS_b162_c1.tar.gz
2222,TSOPF_FS_b162_c3,TSOPF,30798,30798,1801300,Power Network Problem,2009,2009,948516804,0.0018990702035047973,99.81009297964953,58.48756412754075,True,/TSOPF/TSOPF_FS_b162_c3,https://sparse.tamu.edu/MM/TSOPF/TSOPF_FS_b162_c3.tar.gz
2223,TSOPF_FS_b162_c4,TSOPF,40798,40798,2398220,Power Network Problem,2009,2009,1664476804,0.0014408251254909047,99.85591748745091,58.78278346977793,True,/TSOPF/TSOPF_FS_b162_c4,https://sparse.tamu.edu/MM/TSOPF/TSOPF_FS_b162_c4.tar.gz
2224,TSOPF_FS_b300_c1,TSOPF,29214,29214,4400122,Power Network Problem,2009,2009,853457796,0.005155640994343908,99.4844359005656,150.61689600876292,True,/TSOPF/TSOPF_FS_b300_c1,https://sparse.tamu.edu/MM/TSOPF/TSOPF_FS_b300_c1.tar.gz
2225,TSOPF_FS_b300_c2,TSOPF,56814,56814,8767466,Power Network Problem,2009,2009,3227830596,0.0027162100795701115,99.72837899204299,154.3187594606963,True,/TSOPF/TSOPF_FS_b300_c2,https://sparse.tamu.edu/MM/TSOPF/TSOPF_FS_b300_c2.tar.gz
2226,TSOPF_FS_b300_c3,TSOPF,84414,84414,13135930,Power Network Problem,2009,2009,7125723396,0.0018434521339087914,99.81565478660912,155.61316843177673,True,/TSOPF/TSOPF_FS_b300_c3,https://sparse.tamu.edu/MM/TSOPF/TSOPF_FS_b300_c3.tar.gz
2227,TSOPF_FS_b39_c19,TSOPF,76216,76216,1977600,Power Network Problem,2009,2009,5808878656,0.00034044436406970453,99.96595556359303,25.9473076519366,True,/TSOPF/TSOPF_FS_b39_c19,https://sparse.tamu.edu/MM/TSOPF/TSOPF_FS_b39_c19.tar.gz
2228,TSOPF_FS_b39_c30,TSOPF,120216,120216,3121160,Power Network Problem,2009,2009,14451886656,0.00021596903396029513,99.97840309660397,25.96293338657084,True,/TSOPF/TSOPF_FS_b39_c30,https://sparse.tamu.edu/MM/TSOPF/TSOPF_FS_b39_c30.tar.gz
2229,TSOPF_FS_b39_c7,TSOPF,28216,28216,730080,Power Network Problem,2009,2009,796142656,0.000917021584634199,99.90829784153658,25.87468103203856,True,/TSOPF/TSOPF_FS_b39_c7,https://sparse.tamu.edu/MM/TSOPF/TSOPF_FS_b39_c7.tar.gz
2230,TSOPF_FS_b9_c1,TSOPF,2454,2454,25032,Power Network Problem,2009,2009,6022116,0.004156678483111252,99.58433215168887,10.200488997555013,True,/TSOPF/TSOPF_FS_b9_c1,https://sparse.tamu.edu/MM/TSOPF/TSOPF_FS_b9_c1.tar.gz
2231,TSOPF_FS_b9_c6,TSOPF,14454,14454,147972,Power Network Problem,2009,2009,208918116,0.0007082774956672499,99.92917225043327,10.237442922374429,True,/TSOPF/TSOPF_FS_b9_c6,https://sparse.tamu.edu/MM/TSOPF/TSOPF_FS_b9_c6.tar.gz
2232,TSOPF_RS_b162_c1,TSOPF,5374,5374,205399,Power Network Problem,2009,2009,28879876,0.007112184276691492,99.28878157233085,38.22087830294008,True,/TSOPF/TSOPF_RS_b162_c1,https://sparse.tamu.edu/MM/TSOPF/TSOPF_RS_b162_c1.tar.gz
2233,TSOPF_RS_b162_c3,TSOPF,15374,15374,610299,Power Network Problem,2009,2009,236359876,0.0025820753096011946,99.74179246903988,39.696825809808765,True,/TSOPF/TSOPF_RS_b162_c3,https://sparse.tamu.edu/MM/TSOPF/TSOPF_RS_b162_c3.tar.gz
2234,TSOPF_RS_b162_c4,TSOPF,20374,20374,812749,Power Network Problem,2009,2009,415099876,0.0019579601127127292,99.80420398872873,39.89147933640915,True,/TSOPF/TSOPF_RS_b162_c4,https://sparse.tamu.edu/MM/TSOPF/TSOPF_RS_b162_c4.tar.gz
2235,TSOPF_RS_b2052_c1,TSOPF,25626,25626,6761100,Power Network Problem,2009,2009,656691876,0.010295696120352188,98.97043038796478,263.8375087801452,True,/TSOPF/TSOPF_RS_b2052_c1,https://sparse.tamu.edu/MM/TSOPF/TSOPF_RS_b2052_c1.tar.gz
2236,TSOPF_RS_b2383_c1,TSOPF,38120,38120,16171169,Power Network Problem,2009,2009,1453134400,0.011128474420535361,98.88715255794646,424.21744491080796,True,/TSOPF/TSOPF_RS_b2383_c1,https://sparse.tamu.edu/MM/TSOPF/TSOPF_RS_b2383_c1.tar.gz
2237,TSOPF_RS_b300_c1,TSOPF,14538,14538,1474325,Power Network Problem,2009,2009,211353444,0.0069756374540080835,99.30243625459919,101.41181730636951,True,/TSOPF/TSOPF_RS_b300_c1,https://sparse.tamu.edu/MM/TSOPF/TSOPF_RS_b300_c1.tar.gz
2238,TSOPF_RS_b300_c2,TSOPF,28338,28338,2943887,Power Network Problem,2009,2009,803042244,0.003665917978780703,99.63340820212193,103.88478368268756,True,/TSOPF/TSOPF_RS_b300_c2,https://sparse.tamu.edu/MM/TSOPF/TSOPF_RS_b300_c2.tar.gz
2239,TSOPF_RS_b300_c3,TSOPF,42138,42138,4413449,Power Network Problem,2009,2009,1775611044,0.0024855944745971067,99.75144055254029,104.73797997057288,True,/TSOPF/TSOPF_RS_b300_c3,https://sparse.tamu.edu/MM/TSOPF/TSOPF_RS_b300_c3.tar.gz
2240,TSOPF_RS_b39_c19,TSOPF,38098,38098,684206,Power Network Problem,2009,2009,1451457604,0.0004713923425075804,99.95286076574924,17.9591054648538,True,/TSOPF/TSOPF_RS_b39_c19,https://sparse.tamu.edu/MM/TSOPF/TSOPF_RS_b39_c19.tar.gz
2241,TSOPF_RS_b39_c30,TSOPF,60098,60098,1079986,Power Network Problem,2009,2009,3611769604,0.0002990185195655686,99.97009814804343,17.97041498885154,True,/TSOPF/TSOPF_RS_b39_c30,https://sparse.tamu.edu/MM/TSOPF/TSOPF_RS_b39_c30.tar.gz
2242,TSOPF_RS_b39_c7,TSOPF,14098,14098,252446,Power Network Problem,2009,2009,198753604,0.0012701455214869965,99.8729854478513,17.906511561923676,True,/TSOPF/TSOPF_RS_b39_c7,https://sparse.tamu.edu/MM/TSOPF/TSOPF_RS_b39_c7.tar.gz
2243,TSOPF_RS_b678_c1,TSOPF,18696,18696,4396289,Power Network Problem,2009,2009,349540416,0.012577340984797592,98.74226590152024,235.14596705177578,True,/TSOPF/TSOPF_RS_b678_c1,https://sparse.tamu.edu/MM/TSOPF/TSOPF_RS_b678_c1.tar.gz
2244,TSOPF_RS_b678_c2,TSOPF,35696,35696,8781949,Power Network Problem,2009,2009,1274204416,0.006892103723489215,99.31078962765108,246.020534513671,True,/TSOPF/TSOPF_RS_b678_c2,https://sparse.tamu.edu/MM/TSOPF/TSOPF_RS_b678_c2.tar.gz
2245,TSOPF_RS_b9_c6,TSOPF,7224,7224,54082,Power Network Problem,2009,2009,52186176,0.0010363280881128367,99.89636719118872,7.486434108527132,True,/TSOPF/TSOPF_RS_b9_c6,https://sparse.tamu.edu/MM/TSOPF/TSOPF_RS_b9_c6.tar.gz
2246,fem_hifreq_circuit,Lee,491100,491100,20239237,Electromagnetics Problem,2009,2009,241179210000,8.391783437718367e-05,99.99160821656228,41.212048462634904,True,/Lee/fem_hifreq_circuit,https://sparse.tamu.edu/MM/Lee/fem_hifreq_circuit.tar.gz
2256,TS,MathWorks,2142,2142,45262,Counter Example Problem,2009,2009,4588164,0.009864948157912402,99.01350518420877,21.130718954248366,True,/MathWorks/TS,https://sparse.tamu.edu/MM/MathWorks/TS.tar.gz
2257,thermomech_TC,Botonakis,102158,102158,711558,Thermal Problem,2009,2009,10436256964,6.81813414957612e-05,99.99318186585042,6.965269484523973,True,/Botonakis/thermomech_TC,https://sparse.tamu.edu/MM/Botonakis/thermomech_TC.tar.gz
2258,thermomech_TK,Botonakis,102158,102158,711558,Thermal Problem,2009,2009,10436256964,6.81813414957612e-05,99.99318186585042,6.965269484523973,True,/Botonakis/thermomech_TK,https://sparse.tamu.edu/MM/Botonakis/thermomech_TK.tar.gz
2259,thermomech_dM,Botonakis,204316,204316,1423116,Thermal Problem,2009,2009,41745027856,3.40906707478806e-05,99.99659093292522,6.965269484523973,True,/Botonakis/thermomech_dM,https://sparse.tamu.edu/MM/Botonakis/thermomech_dM.tar.gz
2260,thermomech_dK,Botonakis,204316,204316,2846228,Thermal Problem,2009,2009,41745027856,6.818124567596647e-05,99.9931818754324,13.930519391530765,True,/Botonakis/thermomech_dK,https://sparse.tamu.edu/MM/Botonakis/thermomech_dK.tar.gz
2261,shallow_water1,MaxPlanck,81920,81920,327680,Computational Fluid Dynamics Problem,2009,2009,6710886400,4.8828125e-05,99.9951171875,4.0,True,/MaxPlanck/shallow_water1,https://sparse.tamu.edu/MM/MaxPlanck/shallow_water1.tar.gz
2262,shallow_water2,MaxPlanck,81920,81920,327680,Computational Fluid Dynamics Problem,2009,2009,6710886400,4.8828125e-05,99.9951171875,4.0,True,/MaxPlanck/shallow_water2,https://sparse.tamu.edu/MM/MaxPlanck/shallow_water2.tar.gz
2265,atmosmodd,Bourchtein,1270432,1270432,8814880,Computational Fluid Dynamics Problem,2009,2009,1613997466624,5.461520344538144e-06,99.99945384796554,6.938490214352283,True,/Bourchtein/atmosmodd,https://sparse.tamu.edu/MM/Bourchtein/atmosmodd.tar.gz
2266,atmosmodj,Bourchtein,1270432,1270432,8814880,Computational Fluid Dynamics Problem,2009,2009,1613997466624,5.461520344538144e-06,99.99945384796554,6.938490214352283,True,/Bourchtein/atmosmodj,https://sparse.tamu.edu/MM/Bourchtein/atmosmodj.tar.gz
2267,atmosmodl,Bourchtein,1489752,1489752,10319760,Computational Fluid Dynamics Problem,2009,2009,2219361021504,4.649878906590232e-06,99.99953501210935,6.927166400850611,True,/Bourchtein/atmosmodl,https://sparse.tamu.edu/MM/Bourchtein/atmosmodl.tar.gz
2268,atmosmodm,Bourchtein,1489752,1489752,10319760,Computational Fluid Dynamics Problem,2009,2009,2219361021504,4.649878906590232e-06,99.99953501210935,6.927166400850611,True,/Bourchtein/atmosmodm,https://sparse.tamu.edu/MM/Bourchtein/atmosmodm.tar.gz
2269,ABACUS_shell_ud,Puri,23412,23412,218484,Model Reduction Problem,2009,2009,548121744,0.00039860487636483914,99.96013951236351,9.332137365453613,True,/Puri/ABACUS_shell_ud,https://sparse.tamu.edu/MM/Puri/ABACUS_shell_ud.tar.gz
2270,ABACUS_shell_ld,Puri,23412,23412,218484,Model Reduction Problem,2009,2009,548121744,0.00039860487636483914,99.96013951236351,9.332137365453613,True,/Puri/ABACUS_shell_ld,https://sparse.tamu.edu/MM/Puri/ABACUS_shell_ld.tar.gz
2271,ABACUS_shell_md,Puri,23412,23412,218484,Model Reduction Problem,2009,2009,548121744,0.00039860487636483914,99.96013951236351,9.332137365453613,True,/Puri/ABACUS_shell_md,https://sparse.tamu.edu/MM/Puri/ABACUS_shell_md.tar.gz
2272,ABACUS_shell_hd,Puri,23412,23412,218484,Model Reduction Problem,2009,2009,548121744,0.00039860487636483914,99.96013951236351,9.332137365453613,True,/Puri/ABACUS_shell_hd,https://sparse.tamu.edu/MM/Puri/ABACUS_shell_hd.tar.gz
2274,memchip,Freescale,2707524,2707524,13343948,Circuit Simulation Problem,2010,2010,7330686210576,1.8202863438280377e-06,99.99981797136562,4.928468962786664,True,/Freescale/memchip,https://sparse.tamu.edu/MM/Freescale/memchip.tar.gz
2275,transient,Freescale,178866,178866,961368,Circuit Simulation Problem,2010,2010,31993045956,3.0049280125505033e-05,99.99699507198744,5.374794538928583,True,/Freescale/transient,https://sparse.tamu.edu/MM/Freescale/transient.tar.gz
2276,circuit5M,Freescale,5558326,5558326,59524291,Circuit Simulation Problem,2010,2010,30894987922276,1.926664970698422e-06,99.99980733350293,10.70903199992228,True,/Freescale/circuit5M,https://sparse.tamu.edu/MM/Freescale/circuit5M.tar.gz
2277,circuit5M_dc,Freescale,3523317,3523317,14865409,Circuit Simulation Problem,2010,2010,12413762682489,1.197494215107666e-06,99.99988025057849,4.219151725490496,True,/Freescale/circuit5M_dc,https://sparse.tamu.edu/MM/Freescale/circuit5M_dc.tar.gz
2278,poli3,Grund,16955,16955,37849,Economic Problem,2010,2010,287472025,0.00013166150688923557,99.98683384931107,2.2323208493069893,True,/Grund/poli3,https://sparse.tamu.edu/MM/Grund/poli3.tar.gz
2279,poli4,Grund,33833,33833,73249,Economic Problem,2010,2010,1144671889,6.399126308936551e-05,99.99360087369107,2.1650164041025035,True,/Grund/poli4,https://sparse.tamu.edu/MM/Grund/poli4.tar.gz
2280,human_gene1,Belcastro,22283,22283,24669643,Undirected Weighted Graph,2010,2010,496532089,0.049683884579713435,95.03161154202866,1107.1060000897546,True,/Belcastro/human_gene1,https://sparse.tamu.edu/MM/Belcastro/human_gene1.tar.gz
2281,human_gene2,Belcastro,14340,14340,18068388,Undirected Weighted Graph,2010,2010,205635600,0.08786605043095651,91.21339495690435,1259.9991631799164,True,/Belcastro/human_gene2,https://sparse.tamu.edu/MM/Belcastro/human_gene2.tar.gz
2282,mouse_gene,Belcastro,45101,45101,28967291,Undirected Weighted Graph,2010,2010,2034100201,0.014240837784568902,98.57591622154311,642.2760249218421,True,/Belcastro/mouse_gene,https://sparse.tamu.edu/MM/Belcastro/mouse_gene.tar.gz
2283,offshore,Um,259789,259789,4242673,Electromagnetics Problem,2010,2010,67490324521,6.286342568526053e-05,99.99371365743147,16.331226495348147,True,/Um/offshore,https://sparse.tamu.edu/MM/Um/offshore.tar.gz
2284,soc-Epinions1,SNAP,75888,75888,508837,Directed Graph,2003,2003,5758988544,8.835527213023052e-05,99.99116447278698,6.705104891418933,True,/SNAP/soc-Epinions1,https://sparse.tamu.edu/MM/SNAP/soc-Epinions1.tar.gz
2285,soc-LiveJournal1,SNAP,4847571,4847571,68993773,Directed Graph,2006,2006,23498944600041,2.936037093337359e-06,99.99970639629066,14.232648268586473,True,/SNAP/soc-LiveJournal1,https://sparse.tamu.edu/MM/SNAP/soc-LiveJournal1.tar.gz
2286,soc-Slashdot0811,SNAP,77360,77360,905468,Directed Graph,2008,2008,5984569600,0.0001513004377123461,99.98486995622876,11.704601861427093,True,/SNAP/soc-Slashdot0811,https://sparse.tamu.edu/MM/SNAP/soc-Slashdot0811.tar.gz
2287,soc-Slashdot0902,SNAP,82168,82168,948464,Directed Graph,2009,2009,6751580224,0.00014048029772770424,99.98595197022723,11.54298510369,True,/SNAP/soc-Slashdot0902,https://sparse.tamu.edu/MM/SNAP/soc-Slashdot0902.tar.gz
2288,wiki-Vote,SNAP,8297,8297,103689,Directed Graph,2008,2008,68840209,0.0015062272690078557,99.84937727309922,12.497167650958177,True,/SNAP/wiki-Vote,https://sparse.tamu.edu/MM/SNAP/wiki-Vote.tar.gz
2289,email-EuAll,SNAP,265214,265214,420045,Directed Graph,2005,2005,70338465796,5.9717680112364216e-06,99.99940282319888,1.5837964813320564,True,/SNAP/email-EuAll,https://sparse.tamu.edu/MM/SNAP/email-EuAll.tar.gz
2290,email-Enron,SNAP,36692,36692,367662,Directed Graph,2003,2003,1346302864,0.0002730901120626302,99.97269098879373,10.020222391802028,True,/SNAP/email-Enron,https://sparse.tamu.edu/MM/SNAP/email-Enron.tar.gz
2291,wiki-Talk,SNAP,2394385,2394385,5021410,Directed Graph,2008,2008,5733079528225,8.758660987133842e-07,99.99991241339012,2.0971606487678462,True,/SNAP/wiki-Talk,https://sparse.tamu.edu/MM/SNAP/wiki-Talk.tar.gz
2292,cit-HepPh,SNAP,34546,34546,421578,Directed Graph,2003,2003,1193426116,0.00035325018813313786,99.96467498118669,12.203380999247381,True,/SNAP/cit-HepPh,https://sparse.tamu.edu/MM/SNAP/cit-HepPh.tar.gz
2293,cit-HepTh,SNAP,27770,27770,352807,Directed Graph,2003,2003,771172900,0.0004574940327908307,99.95425059672091,12.704609290601368,True,/SNAP/cit-HepTh,https://sparse.tamu.edu/MM/SNAP/cit-HepTh.tar.gz
2294,cit-Patents,SNAP,3774768,3774768,16518948,Directed Graph,1999,1999,14248873453824,1.159316071795611e-06,99.99988406839282,4.376149209699775,True,/SNAP/cit-Patents,https://sparse.tamu.edu/MM/SNAP/cit-Patents.tar.gz
2295,ca-AstroPh,SNAP,18772,18772,396160,Undirected Graph,2003,2003,352387984,0.0011242154045752026,99.88757845954248,21.1037715746857,True,/SNAP/ca-AstroPh,https://sparse.tamu.edu/MM/SNAP/ca-AstroPh.tar.gz
2296,ca-CondMat,SNAP,23133,23133,186936,Undirected Graph,2003,2003,535135689,0.0003493244869340045,99.9650675513066,8.080923356244327,True,/SNAP/ca-CondMat,https://sparse.tamu.edu/MM/SNAP/ca-CondMat.tar.gz
2297,ca-GrQc,SNAP,5242,5242,28980,Undirected Graph,2003,2003,27478564,0.0010546402643165779,99.89453597356834,5.528424265547501,True,/SNAP/ca-GrQc,https://sparse.tamu.edu/MM/SNAP/ca-GrQc.tar.gz
2298,ca-HepPh,SNAP,12008,12008,237010,Undirected Graph,2003,2003,144192064,0.0016437104333287024,99.83562895666714,19.73767488341106,True,/SNAP/ca-HepPh,https://sparse.tamu.edu/MM/SNAP/ca-HepPh.tar.gz
2299,ca-HepTh,SNAP,9877,9877,51971,Undirected Graph,2003,2003,97555129,0.0005327346755904551,99.94672653244095,5.261820390806925,True,/SNAP/ca-HepTh,https://sparse.tamu.edu/MM/SNAP/ca-HepTh.tar.gz
2300,web-BerkStan,SNAP,685230,685230,7600595,Directed Graph,2002,2002,469540152900,1.6187316362736568e-05,99.99838126836373,11.092034791237978,True,/SNAP/web-BerkStan,https://sparse.tamu.edu/MM/SNAP/web-BerkStan.tar.gz
2301,web-Google,SNAP,916428,916428,5105039,Directed Graph,2002,2002,839840279184,6.078583186031663e-06,99.9993921416814,5.570583832008625,True,/SNAP/web-Google,https://sparse.tamu.edu/MM/SNAP/web-Google.tar.gz
2302,web-NotreDame,SNAP,325729,325729,1497134,Directed Graph,1999,1999,106099381441,1.4110676044162707e-05,99.99858893239558,4.596256397189074,True,/SNAP/web-NotreDame,https://sparse.tamu.edu/MM/SNAP/web-NotreDame.tar.gz
2303,web-Stanford,SNAP,281903,281903,2312497,Directed Graph,2002,2002,79469301409,2.9099249131415e-05,99.99709007508686,8.203165627893283,True,/SNAP/web-Stanford,https://sparse.tamu.edu/MM/SNAP/web-Stanford.tar.gz
2304,amazon0302,SNAP,262111,262111,1234877,Directed Graph,2003,2003,68702176321,1.7974350539206116e-05,99.99820256494608,4.711274994181855,True,/SNAP/amazon0302,https://sparse.tamu.edu/MM/SNAP/amazon0302.tar.gz
2305,amazon0312,SNAP,400727,400727,3200440,Directed Graph,2003,2003,160582128529,1.9930237750099465e-05,99.99800697622499,7.986584382884108,True,/SNAP/amazon0312,https://sparse.tamu.edu/MM/SNAP/amazon0312.tar.gz
2306,amazon0505,SNAP,410236,410236,3356824,Directed Graph,2003,2003,168293575696,1.9946239695231486e-05,99.99800537603048,8.182665587612984,True,/SNAP/amazon0505,https://sparse.tamu.edu/MM/SNAP/amazon0505.tar.gz
2307,amazon0601,SNAP,403394,403394,3387388,Directed Graph,2003,2003,162726719236,2.0816421641779212e-05,99.99791835783583,8.397219591763884,True,/SNAP/amazon0601,https://sparse.tamu.edu/MM/SNAP/amazon0601.tar.gz
2308,p2p-Gnutella04,SNAP,10879,10879,39994,Directed Graph,2002,2002,118352641,0.0003379223282393842,99.96620776717606,3.6762570089162607,True,/SNAP/p2p-Gnutella04,https://sparse.tamu.edu/MM/SNAP/p2p-Gnutella04.tar.gz
2309,p2p-Gnutella05,SNAP,8846,8846,31839,Directed Graph,2002,2002,78251716,0.00040687925616864426,99.95931207438313,3.5992539000678274,True,/SNAP/p2p-Gnutella05,https://sparse.tamu.edu/MM/SNAP/p2p-Gnutella05.tar.gz
2310,p2p-Gnutella06,SNAP,8717,8717,31525,Directed Graph,2002,2002,75986089,0.0004148785707341774,99.95851214292658,3.6164965010898245,True,/SNAP/p2p-Gnutella06,https://sparse.tamu.edu/MM/SNAP/p2p-Gnutella06.tar.gz
2311,p2p-Gnutella08,SNAP,6301,6301,20777,Directed Graph,2002,2002,39702601,0.0005233158401889086,99.9476684159811,3.2974131090303125,True,/SNAP/p2p-Gnutella08,https://sparse.tamu.edu/MM/SNAP/p2p-Gnutella08.tar.gz
2312,p2p-Gnutella09,SNAP,8114,8114,26013,Directed Graph,2002,2002,65836996,0.00039511219497317284,99.96048878050269,3.2059403500123245,True,/SNAP/p2p-Gnutella09,https://sparse.tamu.edu/MM/SNAP/p2p-Gnutella09.tar.gz
2313,p2p-Gnutella24,SNAP,26518,26518,65369,Directed Graph,2002,2002,703204324,9.295875717624285e-05,99.99070412428237,2.465080322799608,True,/SNAP/p2p-Gnutella24,https://sparse.tamu.edu/MM/SNAP/p2p-Gnutella24.tar.gz
2314,p2p-Gnutella25,SNAP,22687,22687,54705,Directed Graph,2002,2002,514699969,0.00010628522108964806,99.98937147789103,2.4112928108608456,True,/SNAP/p2p-Gnutella25,https://sparse.tamu.edu/MM/SNAP/p2p-Gnutella25.tar.gz
2315,p2p-Gnutella30,SNAP,36682,36682,88328,Directed Graph,2002,2002,1345569124,6.564359899804003e-05,99.99343564010019,2.4079384984461045,True,/SNAP/p2p-Gnutella30,https://sparse.tamu.edu/MM/SNAP/p2p-Gnutella30.tar.gz
2316,p2p-Gnutella31,SNAP,62586,62586,147892,Directed Graph,2002,2002,3917007396,3.7756374969070905e-05,99.9962243625031,2.3630204838142714,True,/SNAP/p2p-Gnutella31,https://sparse.tamu.edu/MM/SNAP/p2p-Gnutella31.tar.gz
2317,roadNet-CA,SNAP,1971281,1971281,5533214,Undirected Graph,2008,2008,3885948780961,1.423902967303555e-06,99.99985760970327,2.806912865289119,True,/SNAP/roadNet-CA,https://sparse.tamu.edu/MM/SNAP/roadNet-CA.tar.gz
2318,roadNet-PA,SNAP,1090920,1090920,3083796,Undirected Graph,2008,2008,1190106446400,2.591193425872363e-06,99.99974088065741,2.8267847321526784,True,/SNAP/roadNet-PA,https://sparse.tamu.edu/MM/SNAP/roadNet-PA.tar.gz
2319,roadNet-TX,SNAP,1393383,1393383,3843320,Undirected Graph,2008,2008,1941516184689,1.979545692335106e-06,99.99980204543077,2.758265315422967,True,/SNAP/roadNet-TX,https://sparse.tamu.edu/MM/SNAP/roadNet-TX.tar.gz
2320,as-735,SNAP,7716,7716,26467,Undirected Graph Sequence,2000,2000,59536656,0.00044454965693740007,99.95554503430625,3.430145152928979,True,/SNAP/as-735,https://sparse.tamu.edu/MM/SNAP/as-735.tar.gz
2321,as-Skitter,SNAP,1696415,1696415,22190596,Undirected Graph,2005,2005,2877823852225,7.710894460355264e-06,99.99922891055397,13.080877025963575,True,/SNAP/as-Skitter,https://sparse.tamu.edu/MM/SNAP/as-Skitter.tar.gz
2322,as-caida,SNAP,31379,31379,106762,Directed Weighted Graph Sequence,2007,2007,984641641,0.00010842726485909405,99.9891572735141,3.4023391440135122,True,/SNAP/as-caida,https://sparse.tamu.edu/MM/SNAP/as-caida.tar.gz
2323,Oregon-1,SNAP,11492,11492,46818,Undirected Graph Sequence,2001,2001,132066064,0.0003545043941038479,99.96454956058962,4.07396449704142,True,/SNAP/Oregon-1,https://sparse.tamu.edu/MM/SNAP/Oregon-1.tar.gz
2324,Oregon-2,SNAP,11806,11806,65460,Undirected Graph Sequence,2001,2001,139381636,0.0004696458003979807,99.9530354199602,5.54463831949856,True,/SNAP/Oregon-2,https://sparse.tamu.edu/MM/SNAP/Oregon-2.tar.gz
2325,soc-sign-epinions,SNAP,131828,131828,841372,Directed Weighted Graph,2010,2010,17378621584,4.841419648464106e-05,99.99515858035154,6.3823466941772615,True,/SNAP/soc-sign-epinions,https://sparse.tamu.edu/MM/SNAP/soc-sign-epinions.tar.gz
2326,soc-sign-Slashdot081106,SNAP,77357,77357,516575,Directed Weighted Graph,2008,2008,5984105449,8.632451490077344e-05,99.99136754850993,6.67780549917913,True,/SNAP/soc-sign-Slashdot081106,https://sparse.tamu.edu/MM/SNAP/soc-sign-Slashdot081106.tar.gz
2327,soc-sign-Slashdot090216,SNAP,81871,81871,545671,Directed Weighted Graph,2009,2009,6702860641,8.140867447881048e-05,99.99185913255212,6.665009588254693,True,/SNAP/soc-sign-Slashdot090216,https://sparse.tamu.edu/MM/SNAP/soc-sign-Slashdot090216.tar.gz
2328,soc-sign-Slashdot090221,SNAP,82144,82144,549202,Directed Weighted Graph,2009,2009,6747636736,8.13917555860553e-05,99.99186082444139,6.685844370860927,True,/SNAP/soc-sign-Slashdot090221,https://sparse.tamu.edu/MM/SNAP/soc-sign-Slashdot090221.tar.gz
2329,gsm_106857,Dziekonski,589446,589446,21758924,Electromagnetics Problem,2010,2010,347446586916,6.262523455226952e-05,99.99373747654478,36.914194005897066,True,/Dziekonski/gsm_106857,https://sparse.tamu.edu/MM/Dziekonski/gsm_106857.tar.gz
2330,flickr,Gleich,820878,820878,9837214,Directed Graph,2010,2010,673840690884,1.4598723604973644e-05,99.9985401276395,11.983771035403556,True,/Gleich/flickr,https://sparse.tamu.edu/MM/Gleich/flickr.tar.gz
2331,minnesota,Gleich,2642,2642,6606,Undirected Graph,2010,2010,6980164,0.0009463961018680937,99.9053603898132,2.5003785011355033,True,/Gleich/minnesota,https://sparse.tamu.edu/MM/Gleich/minnesota.tar.gz
2332,usroads-48,Gleich,126146,126146,323900,Undirected Graph,2010,2010,15912813316,2.0354665989471852e-05,99.99796453340105,2.567659695907916,True,/Gleich/usroads-48,https://sparse.tamu.edu/MM/Gleich/usroads-48.tar.gz
2333,usroads,Gleich,129164,129164,330870,Undirected Graph,2010,2010,16683338896,1.9832361019731453e-05,99.99801676389802,2.5616270787525934,True,/Gleich/usroads,https://sparse.tamu.edu/MM/Gleich/usroads.tar.gz
2334,DK01R,Fluorem,903,903,11766,Computational Fluid Dynamics Problem,2010,2010,815409,0.014429568474225819,98.55704315257742,13.029900332225914,True,/Fluorem/DK01R,https://sparse.tamu.edu/MM/Fluorem/DK01R.tar.gz
2335,GT01R,Fluorem,7980,7980,430909,Computational Fluid Dynamics Problem,2010,2010,63680400,0.00676674455562465,99.32332554443754,53.99862155388471,True,/Fluorem/GT01R,https://sparse.tamu.edu/MM/Fluorem/GT01R.tar.gz
2336,PR02R,Fluorem,161070,161070,8185136,Computational Fluid Dynamics Problem,2010,2010,25943544900,0.00031549797961496004,99.96845020203851,50.81725957658161,True,/Fluorem/PR02R,https://sparse.tamu.edu/MM/Fluorem/PR02R.tar.gz
2337,RM07R,Fluorem,381689,381689,37464962,Computational Fluid Dynamics Problem,2010,2010,145686492721,0.00025716153433488217,99.97428384656651,98.15572887874683,True,/Fluorem/RM07R,https://sparse.tamu.edu/MM/Fluorem/RM07R.tar.gz
2338,ww_36_pmec_36,Rommes,66,66,1194,Eigenvalue/Model Reduction Problem,2010,2010,4356,0.2741046831955923,72.58953168044077,18.09090909090909,True,/Rommes/ww_36_pmec_36,https://sparse.tamu.edu/MM/Rommes/ww_36_pmec_36.tar.gz
2339,ww_vref_6405,Rommes,13251,13251,48737,Eigenvalue/Model Reduction Problem,2010,2010,175589001,0.00027756294370625184,99.97224370562937,3.6779865670515433,True,/Rommes/ww_vref_6405,https://sparse.tamu.edu/MM/Rommes/ww_vref_6405.tar.gz
2340,xingo_afonso_itaipu,Rommes,13250,13250,48735,Eigenvalue/Model Reduction Problem,2010,2010,175562500,0.0002775934496262015,99.97224065503738,3.67811320754717,True,/Rommes/xingo_afonso_itaipu,https://sparse.tamu.edu/MM/Rommes/xingo_afonso_itaipu.tar.gz
2341,mimo8x8_system,Rommes,13309,13309,48872,Eigenvalue/Model Reduction Problem,2010,2010,177129481,0.00027591115676559795,99.97240888432344,3.6721015853933427,True,/Rommes/mimo8x8_system,https://sparse.tamu.edu/MM/Rommes/mimo8x8_system.tar.gz
2342,mimo28x28_system,Rommes,13251,13251,48737,Eigenvalue/Model Reduction Problem,2010,2010,175589001,0.00027756294370625184,99.97224370562937,3.6779865670515433,True,/Rommes/mimo28x28_system,https://sparse.tamu.edu/MM/Rommes/mimo28x28_system.tar.gz
2343,mimo46x46_system,Rommes,13250,13250,48735,Eigenvalue/Model Reduction Problem,2010,2010,175562500,0.0002775934496262015,99.97224065503738,3.67811320754717,True,/Rommes/mimo46x46_system,https://sparse.tamu.edu/MM/Rommes/mimo46x46_system.tar.gz
2344,juba40k,Rommes,40337,40337,144945,Eigenvalue/Model Reduction Problem,2010,2010,1627073569,8.908324906849986e-05,99.99109167509314,3.593351017676079,True,/Rommes/juba40k,https://sparse.tamu.edu/MM/Rommes/juba40k.tar.gz
2345,bauru5727,Rommes,40366,40366,145019,Eigenvalue/Model Reduction Problem,2010,2010,1629413956,8.900071063341254e-05,99.99109992893665,3.592602685428331,True,/Rommes/bauru5727,https://sparse.tamu.edu/MM/Rommes/bauru5727.tar.gz
2346,zeros_nopss_13k,Rommes,13296,13296,48827,Eigenvalue/Model Reduction Problem,2010,2010,176783616,0.0002761964095134246,99.97238035904866,3.6723074608904933,True,/Rommes/zeros_nopss_13k,https://sparse.tamu.edu/MM/Rommes/zeros_nopss_13k.tar.gz
2347,descriptor_xingo6u,Rommes,20738,20738,73916,Eigenvalue/Model Reduction Problem,2010,2010,430064644,0.00017187183608611173,99.98281281639139,3.5642781367537855,True,/Rommes/descriptor_xingo6u,https://sparse.tamu.edu/MM/Rommes/descriptor_xingo6u.tar.gz
2348,nopss_11k,Rommes,11685,11685,44941,Eigenvalue/Model Reduction Problem,2010,2010,136539225,0.0003291435116905051,99.96708564883095,3.8460419341035514,True,/Rommes/nopss_11k,https://sparse.tamu.edu/MM/Rommes/nopss_11k.tar.gz
2349,xingo3012,Rommes,20944,20944,74386,Eigenvalue/Model Reduction Problem,2010,2010,438651136,0.00016957895214478596,99.98304210478553,3.551661573720397,True,/Rommes/xingo3012,https://sparse.tamu.edu/MM/Rommes/xingo3012.tar.gz
2350,bips98_606,Rommes,7135,7135,34738,Eigenvalue/Model Reduction Problem,2010,2010,50908225,0.000682365177729139,99.93176348222708,4.868675543097408,True,/Rommes/bips98_606,https://sparse.tamu.edu/MM/Rommes/bips98_606.tar.gz
2351,bips98_1142,Rommes,9735,9735,40983,Eigenvalue/Model Reduction Problem,2010,2010,94770225,0.0004324459501916346,99.95675540498084,4.209861325115562,True,/Rommes/bips98_1142,https://sparse.tamu.edu/MM/Rommes/bips98_1142.tar.gz
2352,bips98_1450,Rommes,11305,11305,44678,Eigenvalue/Model Reduction Problem,2010,2010,127803025,0.00034958483963896784,99.9650415160361,3.9520566121185317,True,/Rommes/bips98_1450,https://sparse.tamu.edu/MM/Rommes/bips98_1450.tar.gz
2353,bips07_1693,Rommes,13275,13275,49044,Eigenvalue/Model Reduction Problem,2010,2010,176225625,0.00027830231840573696,99.97216976815942,3.6944632768361583,True,/Rommes/bips07_1693,https://sparse.tamu.edu/MM/Rommes/bips07_1693.tar.gz
2354,bips07_1998,Rommes,15066,15066,62198,Eigenvalue/Model Reduction Problem,2010,2010,226984356,0.00027401888436752003,99.97259811156324,4.128368511881057,True,/Rommes/bips07_1998,https://sparse.tamu.edu/MM/Rommes/bips07_1998.tar.gz
2355,bips07_2476,Rommes,16861,16861,66498,Eigenvalue/Model Reduction Problem,2010,2010,284293321,0.00023390630411609283,99.97660936958839,3.9438941937014413,True,/Rommes/bips07_2476,https://sparse.tamu.edu/MM/Rommes/bips07_2476.tar.gz
2356,bips07_3078,Rommes,21128,21128,75729,Eigenvalue/Model Reduction Problem,2010,2010,446392384,0.00016964671153529357,99.98303532884647,3.5842957213176825,True,/Rommes/bips07_3078,https://sparse.tamu.edu/MM/Rommes/bips07_3078.tar.gz
2357,M10PI_n1,Rommes,528,528,1317,Eigenvalue/Model Reduction Problem,2010,2010,278784,0.004724087465564738,99.52759125344353,2.4943181818181817,True,/Rommes/M10PI_n1,https://sparse.tamu.edu/MM/Rommes/M10PI_n1.tar.gz
2358,M20PI_n1,Rommes,1028,1028,2547,Eigenvalue/Model Reduction Problem,2010,2010,1056784,0.0024101424699844057,99.75898575300157,2.477626459143969,True,/Rommes/M20PI_n1,https://sparse.tamu.edu/MM/Rommes/M20PI_n1.tar.gz
2359,M40PI_n1,Rommes,2028,2028,5007,Eigenvalue/Model Reduction Problem,2010,2010,4112784,0.0012174235262537494,99.87825764737462,2.4689349112426036,True,/Rommes/M40PI_n1,https://sparse.tamu.edu/MM/Rommes/M40PI_n1.tar.gz
2360,M80PI_n1,Rommes,4028,4028,9927,Eigenvalue/Model Reduction Problem,2010,2010,16224784,0.0006118417354585429,99.93881582645415,2.4644985104270107,True,/Rommes/M80PI_n1,https://sparse.tamu.edu/MM/Rommes/M80PI_n1.tar.gz
2361,M10PI_n,Rommes,682,682,1633,Eigenvalue/Model Reduction Problem,2010,2010,465124,0.0035108917191974615,99.64891082808025,2.3944281524926687,True,/Rommes/M10PI_n,https://sparse.tamu.edu/MM/Rommes/M10PI_n.tar.gz
2362,M20PI_n,Rommes,1182,1182,2881,Eigenvalue/Model Reduction Problem,2010,2010,1397124,0.002062093271606529,99.79379067283935,2.437394247038917,True,/Rommes/M20PI_n,https://sparse.tamu.edu/MM/Rommes/M20PI_n.tar.gz
2363,M40PI_n,Rommes,2182,2182,5341,Eigenvalue/Model Reduction Problem,2010,2010,4761124,0.0011217939293326534,99.88782060706673,2.4477543538038495,True,/Rommes/M40PI_n,https://sparse.tamu.edu/MM/Rommes/M40PI_n.tar.gz
2364,M80PI_n,Rommes,4182,4182,10261,Eigenvalue/Model Reduction Problem,2010,2010,17489124,0.000586707487464781,99.94132925125352,2.453610712577714,True,/Rommes/M80PI_n,https://sparse.tamu.edu/MM/Rommes/M80PI_n.tar.gz
2365,S10PI_n1,Rommes,528,528,1317,Eigenvalue/Model Reduction Problem,2010,2010,278784,0.004724087465564738,99.52759125344353,2.4943181818181817,True,/Rommes/S10PI_n1,https://sparse.tamu.edu/MM/Rommes/S10PI_n1.tar.gz
2366,S20PI_n1,Rommes,1028,1028,2547,Eigenvalue/Model Reduction Problem,2010,2010,1056784,0.0024101424699844057,99.75898575300157,2.477626459143969,True,/Rommes/S20PI_n1,https://sparse.tamu.edu/MM/Rommes/S20PI_n1.tar.gz
2367,S40PI_n1,Rommes,2028,2028,5007,Eigenvalue/Model Reduction Problem,2010,2010,4112784,0.0012174235262537494,99.87825764737462,2.4689349112426036,True,/Rommes/S40PI_n1,https://sparse.tamu.edu/MM/Rommes/S40PI_n1.tar.gz
2368,S80PI_n1,Rommes,4028,4028,9927,Eigenvalue/Model Reduction Problem,2010,2010,16224784,0.0006118417354585429,99.93881582645415,2.4644985104270107,True,/Rommes/S80PI_n1,https://sparse.tamu.edu/MM/Rommes/S80PI_n1.tar.gz
2369,S10PI_n,Rommes,682,682,1633,Eigenvalue/Model Reduction Problem,2010,2010,465124,0.0035108917191974615,99.64891082808025,2.3944281524926687,True,/Rommes/S10PI_n,https://sparse.tamu.edu/MM/Rommes/S10PI_n.tar.gz
2370,S20PI_n,Rommes,1182,1182,2881,Eigenvalue/Model Reduction Problem,2010,2010,1397124,0.002062093271606529,99.79379067283935,2.437394247038917,True,/Rommes/S20PI_n,https://sparse.tamu.edu/MM/Rommes/S20PI_n.tar.gz
2371,S40PI_n,Rommes,2182,2182,5341,Eigenvalue/Model Reduction Problem,2010,2010,4761124,0.0011217939293326534,99.88782060706673,2.4477543538038495,True,/Rommes/S40PI_n,https://sparse.tamu.edu/MM/Rommes/S40PI_n.tar.gz
2372,S80PI_n,Rommes,4182,4182,10261,Eigenvalue/Model Reduction Problem,2010,2010,17489124,0.000586707487464781,99.94132925125352,2.453610712577714,True,/Rommes/S80PI_n,https://sparse.tamu.edu/MM/Rommes/S80PI_n.tar.gz
2373,pdb1HYS,Williams,36417,36417,4344765,Weighted Undirected Graph,2008,2008,1326197889,0.003276106104554356,99.67238938954456,119.30595600955597,True,/Williams/pdb1HYS,https://sparse.tamu.edu/MM/Williams/pdb1HYS.tar.gz
2374,consph,Williams,83334,83334,6010480,2D/3D Problem,2008,2008,6944555556,0.000865495272020256,99.91345047279798,72.125182998536,True,/Williams/consph,https://sparse.tamu.edu/MM/Williams/consph.tar.gz
2375,cant,Williams,62451,62451,4007383,2D/3D Problem,2008,2008,3900127401,0.0010275005372830897,99.8972499462717,64.16843605386623,True,/Williams/cant,https://sparse.tamu.edu/MM/Williams/cant.tar.gz
2376,mac_econ_fwd500,Williams,206500,206500,1273389,Economic Problem,2008,2008,42642250000,2.9862143765866013e-05,99.99701378562341,6.166532687651332,True,/Williams/mac_econ_fwd500,https://sparse.tamu.edu/MM/Williams/mac_econ_fwd500.tar.gz
2377,mc2depi,Williams,525825,525825,2100225,2D/3D Problem,2008,2008,276491930625,7.595972132902821e-06,99.99924040278671,3.9941520467836256,True,/Williams/mc2depi,https://sparse.tamu.edu/MM/Williams/mc2depi.tar.gz
2378,cop20k_A,Williams,121192,121192,2624331,2D/3D Problem,2008,2008,14687500864,0.00017867784480832968,99.98213221551917,21.65432536801109,True,/Williams/cop20k_A,https://sparse.tamu.edu/MM/Williams/cop20k_A.tar.gz
2379,webbase-1M,Williams,1000005,1000005,3105536,Weighted Directed Graph,2008,2008,1000010000025,3.1055049448729135e-06,99.99968944950551,3.105520472397638,True,/Williams/webbase-1M,https://sparse.tamu.edu/MM/Williams/webbase-1M.tar.gz
2380,FullChip,Freescale,2987012,2987012,26621983,Circuit Simulation Problem,2011,2011,8922240688144,2.983777722492475e-06,99.99970162222776,8.912579862417694,True,/Freescale/FullChip,https://sparse.tamu.edu/MM/Freescale/FullChip.tar.gz
2384,HV15R,Fluorem,2017169,2017169,283073458,Computational Fluid Dynamics Problem,2011,2011,4068970774561,6.95688108083157e-05,99.99304311891916,140.33204852939937,True,/Fluorem/HV15R,https://sparse.tamu.edu/MM/Fluorem/HV15R.tar.gz
2385,dielFilterV2clx,Dziekonski,607232,607232,25309272,Electromagnetics Problem,2011,2011,368730701824,6.863890604932715e-05,99.99313610939507,41.679740198145026,True,/Dziekonski/dielFilterV2clx,https://sparse.tamu.edu/MM/Dziekonski/dielFilterV2clx.tar.gz
2386,dielFilterV2real,Dziekonski,1157456,1157456,48538952,Electromagnetics Problem,2011,2011,1339704391936,3.623109119606349e-05,99.99637689088038,41.935893891430865,True,/Dziekonski/dielFilterV2real,https://sparse.tamu.edu/MM/Dziekonski/dielFilterV2real.tar.gz
2387,dielFilterV3clx,Dziekonski,420408,420408,32886208,Electromagnetics Problem,2011,2011,176742886464,0.00018606807129801204,99.9813931928702,78.22450571825465,True,/Dziekonski/dielFilterV3clx,https://sparse.tamu.edu/MM/Dziekonski/dielFilterV3clx.tar.gz
2388,dielFilterV3real,Dziekonski,1102824,1102824,89306020,Electromagnetics Problem,2011,2011,1216220774976,7.342911898685688e-05,99.99265708810131,80.97939471756146,True,/Dziekonski/dielFilterV3real,https://sparse.tamu.edu/MM/Dziekonski/dielFilterV3real.tar.gz
2389,adjnoun,Newman,112,112,850,Undirected Graph,2006,2006,12544,0.06776147959183673,93.22385204081633,7.589285714285714,True,/Newman/adjnoun,https://sparse.tamu.edu/MM/Newman/adjnoun.tar.gz
2390,as-22july06,Newman,22963,22963,96872,Undirected Graph,2006,2006,527299369,0.00018371347605386571,99.98162865239462,4.218612550624918,True,/Newman/as-22july06,https://sparse.tamu.edu/MM/Newman/as-22july06.tar.gz
2391,astro-ph,Newman,16706,16706,242502,Undirected Weighted Graph,2001,2001,279090436,0.0008689011471536058,99.91310988528464,14.515862564348138,True,/Newman/astro-ph,https://sparse.tamu.edu/MM/Newman/astro-ph.tar.gz
2392,celegansneural,Newman,297,297,2345,Directed Weighted Graph,1998,1998,88209,0.026584588874151164,97.34154111258488,7.895622895622895,True,/Newman/celegansneural,https://sparse.tamu.edu/MM/Newman/celegansneural.tar.gz
2393,cond-mat,Newman,16726,16726,95188,Undirected Weighted Graph,2001,2001,279759076,0.0003402499084605212,99.96597500915395,5.691019968910678,True,/Newman/cond-mat,https://sparse.tamu.edu/MM/Newman/cond-mat.tar.gz
2394,cond-mat-2003,Newman,31163,31163,240058,Undirected Weighted Graph,2003,2003,971132569,0.0002471938514503677,99.97528061485497,7.70330199274781,True,/Newman/cond-mat-2003,https://sparse.tamu.edu/MM/Newman/cond-mat-2003.tar.gz
2395,cond-mat-2005,Newman,40421,40421,351382,Undirected Weighted Graph,2005,2005,1633857241,0.00021506285321778613,99.97849371467822,8.693055589916133,True,/Newman/cond-mat-2005,https://sparse.tamu.edu/MM/Newman/cond-mat-2005.tar.gz
2396,dolphins,Newman,62,62,318,Undirected Graph,2003,2003,3844,0.08272632674297607,91.72736732570239,5.129032258064516,True,/Newman/dolphins,https://sparse.tamu.edu/MM/Newman/dolphins.tar.gz
2397,football,Newman,115,115,1226,Undirected Multigraph,2002,2002,13225,0.092703213610586,90.72967863894141,10.660869565217391,True,/Newman/football,https://sparse.tamu.edu/MM/Newman/football.tar.gz
2398,hep-th,Newman,8361,8361,31502,Undirected Weighted Graph,2001,2001,69906321,0.00045063163887568906,99.95493683611242,3.7677311326396365,True,/Newman/hep-th,https://sparse.tamu.edu/MM/Newman/hep-th.tar.gz
2399,karate,Newman,34,34,156,Undirected Graph,1977,1977,1156,0.13494809688581316,86.50519031141867,4.588235294117647,True,/Newman/karate,https://sparse.tamu.edu/MM/Newman/karate.tar.gz
2400,lesmis,Newman,77,77,508,Undirected Weighted Graph,1993,1993,5929,0.08568055321302075,91.43194467869793,6.597402597402597,True,/Newman/lesmis,https://sparse.tamu.edu/MM/Newman/lesmis.tar.gz
2401,netscience,Newman,1589,1589,5484,Undirected Weighted Graph,2006,2006,2524921,0.002171949142171181,99.78280508578288,3.4512271869100064,True,/Newman/netscience,https://sparse.tamu.edu/MM/Newman/netscience.tar.gz
2402,polblogs,Newman,1490,1490,19025,Directed Multigraph,2005,2005,2220100,0.00856943380928787,99.14305661907122,12.768456375838927,True,/Newman/polblogs,https://sparse.tamu.edu/MM/Newman/polblogs.tar.gz
2403,polbooks,Newman,105,105,882,Undirected Graph,2001,2001,11025,0.08,92.0,8.4,True,/Newman/polbooks,https://sparse.tamu.edu/MM/Newman/polbooks.tar.gz
2404,power,Newman,4941,4941,13188,Undirected Graph,1998,1998,24413481,0.0005401933464547722,99.94598066535453,2.66909532483303,True,/Newman/power,https://sparse.tamu.edu/MM/Newman/power.tar.gz
2405,PGPgiantcompo,Arenas,10680,10680,48632,Undirected Multigraph,2004,2004,114062400,0.00042636311352382556,99.95736368864762,4.5535580524344565,True,/Arenas/PGPgiantcompo,https://sparse.tamu.edu/MM/Arenas/PGPgiantcompo.tar.gz
2406,jazz,Arenas,198,198,5484,Undirected Multigraph,2003,2003,39204,0.13988368533823078,86.01163146617692,27.696969696969695,True,/Arenas/jazz,https://sparse.tamu.edu/MM/Arenas/jazz.tar.gz
2407,celegans_metabolic,Arenas,453,453,4065,Undirected Multigraph,2005,2005,205209,0.0198090727014897,98.01909272985102,8.973509933774835,True,/Arenas/celegans_metabolic,https://sparse.tamu.edu/MM/Arenas/celegans_metabolic.tar.gz
2408,email,Arenas,1133,1133,10902,Undirected Graph,2003,2003,1283689,0.008492711240806769,99.15072887591933,9.62224183583407,True,/Arenas/email,https://sparse.tamu.edu/MM/Arenas/email.tar.gz
2409,3elt,AG-Monien,4720,4720,27444,2D/3D Problem,1998,1998,22278400,0.0012318658431485206,99.87681341568515,5.814406779661017,True,/AG-Monien/3elt,https://sparse.tamu.edu/MM/AG-Monien/3elt.tar.gz
2410,3elt_dual,AG-Monien,9000,9000,26556,2D/3D Problem,1998,1998,81000000,0.00032785185185185185,99.96721481481482,2.9506666666666668,True,/AG-Monien/3elt_dual,https://sparse.tamu.edu/MM/AG-Monien/3elt_dual.tar.gz
2411,airfoil1,AG-Monien,4253,4253,24578,2D/3D Problem,1998,1998,18088009,0.001358800739207947,99.86411992607921,5.778979543851399,True,/AG-Monien/airfoil1,https://sparse.tamu.edu/MM/AG-Monien/airfoil1.tar.gz
2412,airfoil1_dual,AG-Monien,8034,8034,23626,2D/3D Problem,1998,1998,64545156,0.00036603831277439314,99.96339616872257,2.9407518048294747,True,/AG-Monien/airfoil1_dual,https://sparse.tamu.edu/MM/AG-Monien/airfoil1_dual.tar.gz
2413,big_dual,AG-Monien,30269,30269,89858,2D/3D Problem,1998,1998,916212361,9.807551592288548e-05,99.99019244840771,2.9686477914698206,True,/AG-Monien/big_dual,https://sparse.tamu.edu/MM/AG-Monien/big_dual.tar.gz
2414,crack,AG-Monien,10240,10240,60760,2D/3D Problem,1998,1998,104857600,0.0005794525146484375,99.94205474853516,5.93359375,True,/AG-Monien/crack,https://sparse.tamu.edu/MM/AG-Monien/crack.tar.gz
2415,crack_dual,AG-Monien,20141,20141,60086,2D/3D Problem,1998,1998,405659881,0.00014811915798003205,99.985188084202,2.9832679608758252,True,/AG-Monien/crack_dual,https://sparse.tamu.edu/MM/AG-Monien/crack_dual.tar.gz
2416,grid1,AG-Monien,252,252,952,2D/3D Problem,1998,1998,63504,0.014991181657848324,98.50088183421516,3.7777777777777777,True,/AG-Monien/grid1,https://sparse.tamu.edu/MM/AG-Monien/grid1.tar.gz
2417,grid1_dual,AG-Monien,224,224,840,2D/3D Problem,1998,1998,50176,0.016741071428571428,98.32589285714286,3.75,True,/AG-Monien/grid1_dual,https://sparse.tamu.edu/MM/AG-Monien/grid1_dual.tar.gz
2418,grid2,AG-Monien,3296,3296,12864,2D/3D Problem,1998,1998,10863616,0.0011841361108492789,99.88158638891507,3.9029126213592233,True,/AG-Monien/grid2,https://sparse.tamu.edu/MM/AG-Monien/grid2.tar.gz
2419,grid2_dual,AG-Monien,3136,3136,12224,2D/3D Problem,1998,1998,9834496,0.0012429716784673054,99.87570283215327,3.8979591836734695,True,/AG-Monien/grid2_dual,https://sparse.tamu.edu/MM/AG-Monien/grid2_dual.tar.gz
2420,netz4504,AG-Monien,1961,1961,5156,2D/3D Problem,1998,1998,3845521,0.0013407806120419054,99.86592193879581,2.6292707802141764,True,/AG-Monien/netz4504,https://sparse.tamu.edu/MM/AG-Monien/netz4504.tar.gz
2421,netz4504_dual,AG-Monien,615,615,2342,2D/3D Problem,1998,1998,378225,0.006192081433009452,99.38079185669906,3.808130081300813,True,/AG-Monien/netz4504_dual,https://sparse.tamu.edu/MM/AG-Monien/netz4504_dual.tar.gz
2422,ukerbe1,AG-Monien,5981,5981,15704,2D/3D Problem,1998,1998,35772361,0.0004389981416099429,99.956100185839,2.6256478849690685,True,/AG-Monien/ukerbe1,https://sparse.tamu.edu/MM/AG-Monien/ukerbe1.tar.gz
2423,ukerbe1_dual,AG-Monien,1866,1866,7076,2D/3D Problem,1998,1998,3481956,0.002032191101783021,99.7967808898217,3.792068595927117,True,/AG-Monien/ukerbe1_dual,https://sparse.tamu.edu/MM/AG-Monien/ukerbe1_dual.tar.gz
2424,whitaker3,AG-Monien,9800,9800,57978,2D/3D Problem,1998,1998,96040000,0.000603685964181591,99.93963140358184,5.916122448979592,True,/AG-Monien/whitaker3,https://sparse.tamu.edu/MM/AG-Monien/whitaker3.tar.gz
2425,whitaker3_dual,AG-Monien,19190,19190,57162,2D/3D Problem,1998,1998,368256100,0.00015522349799500945,99.9844776502005,2.9787389265242314,True,/AG-Monien/whitaker3_dual,https://sparse.tamu.edu/MM/AG-Monien/whitaker3_dual.tar.gz
2426,brack2,AG-Monien,62631,62631,733118,2D/3D Problem,1998,1998,3922642161,0.0001868939275901491,99.98131060724099,11.70535357889863,True,/AG-Monien/brack2,https://sparse.tamu.edu/MM/AG-Monien/brack2.tar.gz
2427,wave,AG-Monien,156317,156317,2118662,2D/3D Problem,1998,1998,24435004489,8.670602049423671e-05,99.99132939795058,13.553625005597599,True,/AG-Monien/wave,https://sparse.tamu.edu/MM/AG-Monien/wave.tar.gz
2428,diag,AG-Monien,2559,2559,8184,2D/3D Problem,1998,1998,6548481,0.0012497554776443576,99.87502445223556,3.198124267291911,True,/AG-Monien/diag,https://sparse.tamu.edu/MM/AG-Monien/diag.tar.gz
2429,L,AG-Monien,956,956,3640,2D/3D Problem,1998,1998,913936,0.003982773410829642,99.60172265891704,3.807531380753138,True,/AG-Monien/L,https://sparse.tamu.edu/MM/AG-Monien/L.tar.gz
2430,L-9,AG-Monien,17983,17983,71192,2D/3D Problem,1998,1998,323388289,0.00022014402630393334,99.97798559736961,3.9588500250236334,True,/AG-Monien/L-9,https://sparse.tamu.edu/MM/AG-Monien/L-9.tar.gz
2431,stufe,AG-Monien,1036,1036,3736,2D/3D Problem,1998,1998,1073296,0.0034808664152293496,99.65191335847706,3.606177606177606,True,/AG-Monien/stufe,https://sparse.tamu.edu/MM/AG-Monien/stufe.tar.gz
2432,stufe-10,AG-Monien,24010,24010,92828,2D/3D Problem,1998,1998,576480100,0.00016102550634445145,99.98389744936556,3.866222407330279,True,/AG-Monien/stufe-10,https://sparse.tamu.edu/MM/AG-Monien/stufe-10.tar.gz
2433,biplane-9,AG-Monien,21701,21701,84076,2D/3D Problem,1998,1998,470933401,0.0001785305519240501,99.9821469448076,3.874291507303811,True,/AG-Monien/biplane-9,https://sparse.tamu.edu/MM/AG-Monien/biplane-9.tar.gz
2434,shock-9,AG-Monien,36476,36476,142580,2D/3D Problem,1998,1998,1330498576,0.00010716283547529328,99.98928371645248,3.908871586796798,True,/AG-Monien/shock-9,https://sparse.tamu.edu/MM/AG-Monien/shock-9.tar.gz
2435,bfly,AG-Monien,49152,49152,196608,Undirected Graph Sequence,1998,1998,2415919104,8.138020833333333e-05,99.99186197916666,4.0,True,/AG-Monien/bfly,https://sparse.tamu.edu/MM/AG-Monien/bfly.tar.gz
2436,cage,AG-Monien,366,366,5124,Undirected Graph Sequence,1998,1998,133956,0.03825136612021858,96.17486338797814,14.0,True,/AG-Monien/cage,https://sparse.tamu.edu/MM/AG-Monien/cage.tar.gz
2437,cca,AG-Monien,49152,49152,139264,Undirected Graph Sequence,1998,1998,2415919104,5.764431423611111e-05,99.99423556857639,2.8333333333333335,True,/AG-Monien/cca,https://sparse.tamu.edu/MM/AG-Monien/cca.tar.gz
2438,ccc,AG-Monien,49152,49152,147456,Undirected Graph Sequence,1998,1998,2415919104,6.103515625e-05,99.993896484375,3.0,True,/AG-Monien/ccc,https://sparse.tamu.edu/MM/AG-Monien/ccc.tar.gz
2439,debr,AG-Monien,1048576,1048576,4194298,Undirected Graph Sequence,1998,1998,1099511627776,3.8146918086567894e-06,99.99961853081913,3.9999942779541016,True,/AG-Monien/debr,https://sparse.tamu.edu/MM/AG-Monien/debr.tar.gz
2440,se,AG-Monien,32768,32768,98300,Undirected Graph Sequence,1998,1998,1073741824,9.154900908470154e-05,99.99084509909153,2.9998779296875,True,/AG-Monien/se,https://sparse.tamu.edu/MM/AG-Monien/se.tar.gz
2441,cnr-2000,LAW,325557,325557,3216152,Directed Graph,2000,2000,105987360249,3.0344674991849743e-05,99.99696553250081,9.878921356321626,True,/LAW/cnr-2000,https://sparse.tamu.edu/MM/LAW/cnr-2000.tar.gz
2442,in-2004,LAW,1382908,1382908,16917053,Directed Graph,2004,2004,1912434536464,8.845820694745882e-06,99.99911541793053,12.23295620532964,True,/LAW/in-2004,https://sparse.tamu.edu/MM/LAW/in-2004.tar.gz
2443,eu-2005,LAW,862664,862664,19235140,Directed Graph,2005,2005,744189176896,2.5847110650318015e-05,99.99741528893496,22.297371862045942,True,/LAW/eu-2005,https://sparse.tamu.edu/MM/LAW/eu-2005.tar.gz
2444,enron,LAW,69244,69244,276143,Directed Graph,2004,2004,4794731536,5.7593005557589994e-05,99.99424069944423,3.9879700768297615,True,/LAW/enron,https://sparse.tamu.edu/MM/LAW/enron.tar.gz
2445,amazon-2008,LAW,735323,735323,5158388,Directed Graph,2008,2008,540699914329,9.540204951579246e-06,99.99904597950484,7.015132125610106,True,/LAW/amazon-2008,https://sparse.tamu.edu/MM/LAW/amazon-2008.tar.gz
2446,ljournal-2008,LAW,5363260,5363260,79023142,Directed Graph,2008,2008,28764557827600,2.747239935813516e-06,99.99972527600643,14.734162058151199,True,/LAW/ljournal-2008,https://sparse.tamu.edu/MM/LAW/ljournal-2008.tar.gz
2447,hollywood-2009,LAW,1139905,1139905,113891327,Undirected Graph,2009,2009,1299383409025,8.765028567315557e-05,99.99123497143269,99.9129988902584,True,/LAW/hollywood-2009,https://sparse.tamu.edu/MM/LAW/hollywood-2009.tar.gz
2448,dblp-2010,LAW,326186,326186,1615400,Undirected Graph,2010,2010,106397306596,1.5182715161520178e-05,99.99848172848385,4.9523891276756205,True,/LAW/dblp-2010,https://sparse.tamu.edu/MM/LAW/dblp-2010.tar.gz
2449,webbase-2001,LAW,118142155,118142155,1019903190,Directed Graph,2004,2004,13957568788044025,7.30716936085347e-08,99.99999269283065,8.632847352412016,True,/LAW/webbase-2001,https://sparse.tamu.edu/MM/LAW/webbase-2001.tar.gz
2450,uk-2002,LAW,18520486,18520486,298113762,Directed Graph,2002,2002,343008401676196,8.691150436642159e-07,99.99991308849563,16.0964329985725,True,/LAW/uk-2002,https://sparse.tamu.edu/MM/LAW/uk-2002.tar.gz
2451,indochina-2004,LAW,7414866,7414866,194109311,Directed Graph,2004,2004,54980237797956,3.530528764050133e-06,99.9996469471236,26.178397694577352,True,/LAW/indochina-2004,https://sparse.tamu.edu/MM/LAW/indochina-2004.tar.gz
2452,it-2004,LAW,41291594,41291594,1150725436,Directed Graph,2004,2004,1704995735060836,6.749139674293326e-07,99.99993250860327,27.868273528021223,True,/LAW/it-2004,https://sparse.tamu.edu/MM/LAW/it-2004.tar.gz
2453,arabic-2005,LAW,22744080,22744080,639999458,Directed Graph,2005,2005,517293175046400,1.2372083933691827e-06,99.99987627916066,28.139166675460164,True,/LAW/arabic-2005,https://sparse.tamu.edu/MM/LAW/arabic-2005.tar.gz
2454,sk-2005,LAW,50636154,50636154,1949412601,Directed Graph,2005,2005,2564020091911716,7.602953686476502e-07,99.99992397046313,38.49843337232919,True,/LAW/sk-2005,https://sparse.tamu.edu/MM/LAW/sk-2005.tar.gz
2455,uk-2005,LAW,39459925,39459925,936364282,Directed Graph,2005,2005,1557085681005625,6.013569409971457e-07,99.9999398643059,23.729499789976792,True,/LAW/uk-2005,https://sparse.tamu.edu/MM/LAW/uk-2005.tar.gz
2456,caidaRouterLevel,DIMACS10,192244,192244,1218132,Undirected Graph,2011,2011,36957755536,3.2960118446950486e-05,99.9967039881553,6.336385010715549,True,/DIMACS10/caidaRouterLevel,https://sparse.tamu.edu/MM/DIMACS10/caidaRouterLevel.tar.gz
2457,chesapeake,DIMACS10,39,39,340,Undirected Graph,2011,2011,1521,0.2235371466140697,77.64628533859303,8.717948717948717,True,/DIMACS10/chesapeake,https://sparse.tamu.edu/MM/DIMACS10/chesapeake.tar.gz
2458,road_central,DIMACS10,14081816,14081816,33866826,Undirected Graph,2011,2011,198297541857856,1.707879264800795e-07,99.99998292120735,2.4050041557140074,True,/DIMACS10/road_central,https://sparse.tamu.edu/MM/DIMACS10/road_central.tar.gz
2459,road_usa,DIMACS10,23947347,23947347,57708624,Undirected Graph,2011,2011,573475428338409,1.0062963668243868e-07,99.99998993703633,2.4098128281182882,True,/DIMACS10/road_usa,https://sparse.tamu.edu/MM/DIMACS10/road_usa.tar.gz
2460,citationCiteseer,DIMACS10,268495,268495,2313294,Undirected Graph,2008,2008,72089565025,3.2089165737062926e-05,99.9967910834263,8.61578055457271,True,/DIMACS10/citationCiteseer,https://sparse.tamu.edu/MM/DIMACS10/citationCiteseer.tar.gz
2461,coAuthorsCiteseer,DIMACS10,227320,227320,1628268,Undirected Graph,2008,2008,51674382400,3.1510158890645976e-05,99.99684898411093,7.162889319021644,True,/DIMACS10/coAuthorsCiteseer,https://sparse.tamu.edu/MM/DIMACS10/coAuthorsCiteseer.tar.gz
2462,coAuthorsDBLP,DIMACS10,299067,299067,1955352,Undirected Graph,2008,2008,89441070489,2.1861902918978154e-05,99.9978138097081,6.53817372027004,True,/DIMACS10/coAuthorsDBLP,https://sparse.tamu.edu/MM/DIMACS10/coAuthorsDBLP.tar.gz
2463,coPapersCiteseer,DIMACS10,434102,434102,32073440,Undirected Graph,2008,2008,188444546404,0.00017020094564710204,99.98297990543529,73.88457090729828,True,/DIMACS10/coPapersCiteseer,https://sparse.tamu.edu/MM/DIMACS10/coPapersCiteseer.tar.gz
2464,coPapersDBLP,DIMACS10,540486,540486,30491458,Undirected Graph,2008,2008,292125116196,0.00010437807743837369,99.98956219225616,56.41488956235684,True,/DIMACS10/coPapersDBLP,https://sparse.tamu.edu/MM/DIMACS10/coPapersDBLP.tar.gz
2465,delaunay_n10,DIMACS10,1024,1024,6112,Undirected Graph,2011,2011,1048576,0.005828857421875,99.4171142578125,5.96875,True,/DIMACS10/delaunay_n10,https://sparse.tamu.edu/MM/DIMACS10/delaunay_n10.tar.gz
2466,delaunay_n11,DIMACS10,2048,2048,12254,Undirected Graph,2011,2011,4194304,0.002921581268310547,99.70784187316895,5.9833984375,True,/DIMACS10/delaunay_n11,https://sparse.tamu.edu/MM/DIMACS10/delaunay_n11.tar.gz
2467,delaunay_n12,DIMACS10,4096,4096,24528,Undirected Graph,2011,2011,16777216,0.0014619827270507812,99.85380172729492,5.98828125,True,/DIMACS10/delaunay_n12,https://sparse.tamu.edu/MM/DIMACS10/delaunay_n12.tar.gz
2468,delaunay_n13,DIMACS10,8192,8192,49094,Undirected Graph,2011,2011,67108864,0.0007315576076507568,99.92684423923492,5.992919921875,True,/DIMACS10/delaunay_n13,https://sparse.tamu.edu/MM/DIMACS10/delaunay_n13.tar.gz
2469,delaunay_n14,DIMACS10,16384,16384,98244,Undirected Graph,2011,2011,268435456,0.0003659874200820923,99.96340125799179,5.996337890625,True,/DIMACS10/delaunay_n14,https://sparse.tamu.edu/MM/DIMACS10/delaunay_n14.tar.gz
2470,delaunay_n15,DIMACS10,32768,32768,196548,Undirected Graph,2011,2011,1073741824,0.00018304958939552307,99.98169504106045,5.9981689453125,True,/DIMACS10/delaunay_n15,https://sparse.tamu.edu/MM/DIMACS10/delaunay_n15.tar.gz
2471,delaunay_n16,DIMACS10,65536,65536,393150,Undirected Graph,2011,2011,4294967296,9.153736755251884e-05,99.99084626324475,5.998992919921875,True,/DIMACS10/delaunay_n16,https://sparse.tamu.edu/MM/DIMACS10/delaunay_n16.tar.gz
2472,delaunay_n17,DIMACS10,131072,131072,786352,Undirected Graph,2011,2011,17179869184,4.577171057462692e-05,99.99542282894254,5.9993896484375,True,/DIMACS10/delaunay_n17,https://sparse.tamu.edu/MM/DIMACS10/delaunay_n17.tar.gz
2473,delaunay_n18,DIMACS10,262144,262144,1572792,Undirected Graph,2011,2011,68719476736,2.2887135855853558e-05,99.99771128641441,5.999725341796875,True,/DIMACS10/delaunay_n18,https://sparse.tamu.edu/MM/DIMACS10/delaunay_n18.tar.gz
2474,delaunay_n19,DIMACS10,524288,524288,3145646,Undirected Graph,2011,2011,274877906944,1.1443793482612818e-05,99.99885562065174,5.999843597412109,True,/DIMACS10/delaunay_n19,https://sparse.tamu.edu/MM/DIMACS10/delaunay_n19.tar.gz
2475,delaunay_n20,DIMACS10,1048576,1048576,6291372,Undirected Graph,2011,2011,1099511627776,5.721969500882551e-06,99.99942780304991,5.999919891357422,True,/DIMACS10/delaunay_n20,https://sparse.tamu.edu/MM/DIMACS10/delaunay_n20.tar.gz
2476,delaunay_n21,DIMACS10,2097152,2097152,12582816,Undirected Graph,2011,2011,4398046511104,2.8610011213459074e-06,99.99971389988787,5.9999542236328125,True,/DIMACS10/delaunay_n21,https://sparse.tamu.edu/MM/DIMACS10/delaunay_n21.tar.gz
2477,delaunay_n22,DIMACS10,4194304,4194304,25165738,Undirected Graph,2011,2011,17592186044416,1.430506586075353e-06,99.99985694934139,5.999979496002197,True,/DIMACS10/delaunay_n22,https://sparse.tamu.edu/MM/DIMACS10/delaunay_n22.tar.gz
2478,delaunay_n23,DIMACS10,8388608,8388608,50331568,Undirected Graph,2011,2011,70368744177664,7.152546004363103e-07,99.99992847453996,5.999990463256836,True,/DIMACS10/delaunay_n23,https://sparse.tamu.edu/MM/DIMACS10/delaunay_n23.tar.gz
2479,delaunay_n24,DIMACS10,16777216,16777216,100663202,Undirected Graph,2011,2011,281474976710656,3.5762753469725794e-07,99.99996423724653,5.999994397163391,True,/DIMACS10/delaunay_n24,https://sparse.tamu.edu/MM/DIMACS10/delaunay_n24.tar.gz
2480,hugebubbles-00000,DIMACS10,18318143,18318143,54940162,Undirected Graph,2005,2005,335554362968449,1.6372954150849717e-07,99.99998362704585,2.999221154677087,True,/DIMACS10/hugebubbles-00000,https://sparse.tamu.edu/MM/DIMACS10/hugebubbles-00000.tar.gz
2481,hugebubbles-00010,DIMACS10,19458087,19458087,58359528,Undirected Graph,2005,2005,378617149699569,1.5413862802122943e-07,99.9999845861372,2.99924283409772,True,/DIMACS10/hugebubbles-00010,https://sparse.tamu.edu/MM/DIMACS10/hugebubbles-00010.tar.gz
2482,hugebubbles-00020,DIMACS10,21198119,21198119,63580358,Undirected Graph,2005,2005,449360249138161,1.4149083752277227e-07,99.99998585091625,2.9993396112173913,True,/DIMACS10/hugebubbles-00020,https://sparse.tamu.edu/MM/DIMACS10/hugebubbles-00020.tar.gz
2483,hugetrace-00000,DIMACS10,4588484,4588484,13758266,Undirected Graph,2005,2005,21054185418256,6.534694041437605e-07,99.99993465305958,2.998433905403179,True,/DIMACS10/hugetrace-00000,https://sparse.tamu.edu/MM/DIMACS10/hugetrace-00000.tar.gz
2484,hugetrace-00010,DIMACS10,12057441,12057441,36164358,Undirected Graph,2005,2005,145381883468481,2.487542267110639e-07,99.99997512457733,2.9993394120692773,True,/DIMACS10/hugetrace-00010,https://sparse.tamu.edu/MM/DIMACS10/hugetrace-00010.tar.gz
2485,hugetrace-00020,DIMACS10,16002413,16002413,47997626,Undirected Graph,2005,2005,256077221822569,1.8743418746262655e-07,99.99998125658125,2.999399278096372,True,/DIMACS10/hugetrace-00020,https://sparse.tamu.edu/MM/DIMACS10/hugetrace-00020.tar.gz
2486,hugetric-00000,DIMACS10,5824554,5824554,17467046,Undirected Graph,2005,2005,33925429298916,5.148658796945014e-07,99.99994851341202,2.998864119038127,True,/DIMACS10/hugetric-00000,https://sparse.tamu.edu/MM/DIMACS10/hugetric-00000.tar.gz
2487,hugetric-00010,DIMACS10,6592765,6592765,19771708,Undirected Graph,2005,2005,43464550345225,4.5489273081073327e-07,99.99995451072692,2.999000874443424,True,/DIMACS10/hugetric-00010,https://sparse.tamu.edu/MM/DIMACS10/hugetric-00010.tar.gz
2488,hugetric-00020,DIMACS10,7122792,7122792,21361554,Undirected Graph,2005,2005,50734165875264,4.210486884227077e-07,99.99995789513115,2.999042229507755,True,/DIMACS10/hugetric-00020,https://sparse.tamu.edu/MM/DIMACS10/hugetric-00020.tar.gz
2489,kron_g500-logn16,DIMACS10,65536,65536,4912469,Undirected Multigraph,2010,2010,4294967296,0.0011437733191996813,99.88562266808003,74.95832824707031,True,/DIMACS10/kron_g500-logn16,https://sparse.tamu.edu/MM/DIMACS10/kron_g500-logn16.tar.gz
2490,kron_g500-logn17,DIMACS10,131072,131072,10228360,Undirected Multigraph,2010,2010,17179869184,0.0005953689105808735,99.94046310894191,78.03619384765625,True,/DIMACS10/kron_g500-logn17,https://sparse.tamu.edu/MM/DIMACS10/kron_g500-logn17.tar.gz
2491,kron_g500-logn18,DIMACS10,262144,262144,21165908,Undirected Multigraph,2010,2010,68719476736,0.0003080044989474118,99.96919955010526,80.74153137207031,True,/DIMACS10/kron_g500-logn18,https://sparse.tamu.edu/MM/DIMACS10/kron_g500-logn18.tar.gz
2492,kron_g500-logn19,DIMACS10,524288,524288,43562265,Undirected Multigraph,2010,2010,274877906944,0.00015847859685891308,99.98415214031411,83.08842658996582,True,/DIMACS10/kron_g500-logn19,https://sparse.tamu.edu/MM/DIMACS10/kron_g500-logn19.tar.gz
2493,kron_g500-logn20,DIMACS10,1048576,1048576,89239674,Undirected Multigraph,2010,2010,1099511627776,8.116301069094334e-05,99.9918836989309,85.1055850982666,True,/DIMACS10/kron_g500-logn20,https://sparse.tamu.edu/MM/DIMACS10/kron_g500-logn20.tar.gz
2494,kron_g500-logn21,DIMACS10,2097152,2097152,182082942,Undirected Multigraph,2010,2010,4398046511104,4.140086775805685e-05,99.9958599132242,86.82391262054443,True,/DIMACS10/kron_g500-logn21,https://sparse.tamu.edu/MM/DIMACS10/kron_g500-logn21.tar.gz
2495,adaptive,DIMACS10,6815744,6815744,27248640,Undirected Graph,2011,2011,46454366273536,5.865678984737961e-07,99.99994134321015,3.9978966346153846,True,/DIMACS10/adaptive,https://sparse.tamu.edu/MM/DIMACS10/adaptive.tar.gz
2496,channel-500x100x100-b050,DIMACS10,4802000,4802000,85362744,Undirected Graph,2011,2011,23059204000000,3.701894653432096e-06,99.99962981053466,17.776498125780925,True,/DIMACS10/channel-500x100x100-b050,https://sparse.tamu.edu/MM/DIMACS10/channel-500x100x100-b050.tar.gz
2497,packing-500x100x100-b050,DIMACS10,2145852,2145852,34976486,Undirected Graph,2011,2011,4604680805904,7.595854625830758e-06,99.99924041453741,16.299579840548184,True,/DIMACS10/packing-500x100x100-b050,https://sparse.tamu.edu/MM/DIMACS10/packing-500x100x100-b050.tar.gz
2498,venturiLevel3,DIMACS10,4026819,4026819,16108474,Undirected Graph,2011,2011,16215271258761,9.934137852486866e-07,99.99990065862147,4.000297505301331,True,/DIMACS10/venturiLevel3,https://sparse.tamu.edu/MM/DIMACS10/venturiLevel3.tar.gz
2499,rgg_n_2_15_s0,DIMACS10,32768,32768,320480,Undirected Random Graph,2011,2011,1073741824,0.00029847025871276855,99.97015297412872,9.7802734375,True,/DIMACS10/rgg_n_2_15_s0,https://sparse.tamu.edu/MM/DIMACS10/rgg_n_2_15_s0.tar.gz
2500,rgg_n_2_16_s0,DIMACS10,65536,65536,684254,Undirected Random Graph,2011,2011,4294967296,0.0001593152992427349,99.98406847007573,10.440887451171875,True,/DIMACS10/rgg_n_2_16_s0,https://sparse.tamu.edu/MM/DIMACS10/rgg_n_2_16_s0.tar.gz
2501,rgg_n_2_17_s0,DIMACS10,131072,131072,1457506,Undirected Random Graph,2011,2011,17179869184,8.483801502734423e-05,99.99151619849727,11.119888305664062,True,/DIMACS10/rgg_n_2_17_s0,https://sparse.tamu.edu/MM/DIMACS10/rgg_n_2_17_s0.tar.gz
2502,rgg_n_2_18_s0,DIMACS10,262144,262144,3094566,Undirected Random Graph,2011,2011,68719476736,4.5031862100586295e-05,99.99549681378994,11.804832458496094,True,/DIMACS10/rgg_n_2_18_s0,https://sparse.tamu.edu/MM/DIMACS10/rgg_n_2_18_s0.tar.gz
2503,rgg_n_2_19_s0,DIMACS10,524288,524288,6539532,Undirected Random Graph,2011,2011,274877906944,2.3790678824298084e-05,99.99762093211757,12.473167419433594,True,/DIMACS10/rgg_n_2_19_s0,https://sparse.tamu.edu/MM/DIMACS10/rgg_n_2_19_s0.tar.gz
2504,rgg_n_2_20_s0,DIMACS10,1048576,1048576,13783240,Undirected Random Graph,2011,2011,1099511627776,1.2535783753264695e-05,99.99874642162467,13.144721984863281,True,/DIMACS10/rgg_n_2_20_s0,https://sparse.tamu.edu/MM/DIMACS10/rgg_n_2_20_s0.tar.gz
2505,rgg_n_2_21_s0,DIMACS10,2097152,2097152,28975990,Undirected Random Graph,2011,2011,4398046511104,6.588377345906338e-06,99.99934116226541,13.816828727722168,True,/DIMACS10/rgg_n_2_21_s0,https://sparse.tamu.edu/MM/DIMACS10/rgg_n_2_21_s0.tar.gz
2506,rgg_n_2_22_s0,DIMACS10,4194304,4194304,60718396,Undirected Random Graph,2011,2011,17592186044416,3.45144121638441e-06,99.99965485587836,14.476393699645996,True,/DIMACS10/rgg_n_2_22_s0,https://sparse.tamu.edu/MM/DIMACS10/rgg_n_2_22_s0.tar.gz
2507,rgg_n_2_23_s0,DIMACS10,8388608,8388608,127002786,Undirected Random Graph,2011,2011,70368744177664,1.804818140271891e-06,99.99981951818597,15.139911890029907,True,/DIMACS10/rgg_n_2_23_s0,https://sparse.tamu.edu/MM/DIMACS10/rgg_n_2_23_s0.tar.gz
2508,rgg_n_2_24_s0,DIMACS10,16777216,16777216,265114400,Undirected Random Graph,2011,2011,281474976710656,9.418755553269875e-07,99.99990581244447,15.80204963684082,True,/DIMACS10/rgg_n_2_24_s0,https://sparse.tamu.edu/MM/DIMACS10/rgg_n_2_24_s0.tar.gz
2509,asia_osm,DIMACS10,11950757,11950757,25423206,Undirected Graph,2010,2010,142820592873049,1.78007985323225e-07,99.99998219920147,2.1273301766574284,True,/DIMACS10/asia_osm,https://sparse.tamu.edu/MM/DIMACS10/asia_osm.tar.gz
2510,belgium_osm,DIMACS10,1441295,1441295,3099940,Undirected Graph,2010,2010,2077331277025,1.4922704116983713e-06,99.99985077295884,2.150801883028804,True,/DIMACS10/belgium_osm,https://sparse.tamu.edu/MM/DIMACS10/belgium_osm.tar.gz
2511,europe_osm,DIMACS10,50912018,50912018,108109320,Undirected Graph,2010,2010,2592033576832324,4.170830230220952e-08,99.99999582916978,2.1234538375595324,True,/DIMACS10/europe_osm,https://sparse.tamu.edu/MM/DIMACS10/europe_osm.tar.gz
2512,germany_osm,DIMACS10,11548845,11548845,24738362,Undirected Graph,2010,2010,133375820834025,1.8547861108037576e-07,99.9999814521389,2.1420637301825423,True,/DIMACS10/germany_osm,https://sparse.tamu.edu/MM/DIMACS10/germany_osm.tar.gz
2513,great-britain_osm,DIMACS10,7733822,7733822,16313034,Undirected Graph,2010,2010,59812002727684,2.7273846813441523e-07,99.99997272615319,2.1093107651042393,True,/DIMACS10/great-britain_osm,https://sparse.tamu.edu/MM/DIMACS10/great-britain_osm.tar.gz
2514,italy_osm,DIMACS10,6686493,6686493,14027956,Undirected Graph,2010,2010,44709188639049,3.1376002175418553e-07,99.99996862399783,2.0979541891392093,True,/DIMACS10/italy_osm,https://sparse.tamu.edu/MM/DIMACS10/italy_osm.tar.gz
2515,luxembourg_osm,DIMACS10,114599,114599,239332,Undirected Graph,2010,2010,13132930801,1.822380728464481e-05,99.99817761927153,2.0884300910130107,True,/DIMACS10/luxembourg_osm,https://sparse.tamu.edu/MM/DIMACS10/luxembourg_osm.tar.gz
2516,netherlands_osm,DIMACS10,2216688,2216688,4882476,Undirected Graph,2010,2010,4913705689344,9.93644371210159e-07,99.99990063556288,2.202599553929105,True,/DIMACS10/netherlands_osm,https://sparse.tamu.edu/MM/DIMACS10/netherlands_osm.tar.gz
2517,144,DIMACS10,144649,144649,2148786,Undirected Graph,2000,2000,20923333201,0.00010269807297707719,99.9897301927023,14.855173558061239,True,/DIMACS10/144,https://sparse.tamu.edu/MM/DIMACS10/144.tar.gz
2518,598a,DIMACS10,110971,110971,1483868,Undirected Graph,2000,2000,12314562841,0.00012049700985402605,99.9879502990146,13.371673680511124,True,/DIMACS10/598a,https://sparse.tamu.edu/MM/DIMACS10/598a.tar.gz
2519,auto,DIMACS10,448695,448695,6629222,Undirected Graph,2000,2000,201327203025,3.292760193552587e-05,99.99670723980645,14.77445035046078,True,/DIMACS10/auto,https://sparse.tamu.edu/MM/DIMACS10/auto.tar.gz
2520,cs4,DIMACS10,22499,22499,87716,Undirected Graph,2000,2000,506205001,0.00017328157530391525,99.9826718424696,3.8986621627627893,True,/DIMACS10/cs4,https://sparse.tamu.edu/MM/DIMACS10/cs4.tar.gz
2521,cti,DIMACS10,16840,16840,96464,Undirected Graph,2000,2000,283585600,0.0003401583155139048,99.96598416844861,5.728266033254156,True,/DIMACS10/cti,https://sparse.tamu.edu/MM/DIMACS10/cti.tar.gz
2522,data,DIMACS10,2851,2851,30186,Undirected Graph,2000,2000,8128201,0.0037137369019294673,99.62862630980706,10.587863907400912,True,/DIMACS10/data,https://sparse.tamu.edu/MM/DIMACS10/data.tar.gz
2523,fe_4elt2,DIMACS10,11143,11143,65636,Undirected Graph,2000,2000,124166449,0.0005286130072061576,99.94713869927938,5.890334739298214,True,/DIMACS10/fe_4elt2,https://sparse.tamu.edu/MM/DIMACS10/fe_4elt2.tar.gz
2524,fe_body,DIMACS10,45087,45087,327468,Undirected Graph,2000,2000,2032837569,0.00016108911257532943,99.98389108874247,7.263024818683878,True,/DIMACS10/fe_body,https://sparse.tamu.edu/MM/DIMACS10/fe_body.tar.gz
2525,fe_ocean,DIMACS10,143437,143437,819186,Undirected Graph,2000,2000,20574172969,3.9816229854502686e-05,99.99601837701455,5.711120561640302,True,/DIMACS10/fe_ocean,https://sparse.tamu.edu/MM/DIMACS10/fe_ocean.tar.gz
2526,fe_rotor,DIMACS10,99617,99617,1324862,Undirected Graph,2000,2000,9923546689,0.00013350690448895412,99.9866493095511,13.299557304476144,True,/DIMACS10/fe_rotor,https://sparse.tamu.edu/MM/DIMACS10/fe_rotor.tar.gz
2527,fe_sphere,DIMACS10,16386,16386,98304,Undirected Graph,2000,2000,268500996,0.0003661215469010774,99.9633878453099,5.999267667521054,True,/DIMACS10/fe_sphere,https://sparse.tamu.edu/MM/DIMACS10/fe_sphere.tar.gz
2528,fe_tooth,DIMACS10,78136,78136,905182,Undirected Graph,2000,2000,6105234496,0.00014826326500530865,99.98517367349947,11.584698474454797,True,/DIMACS10/fe_tooth,https://sparse.tamu.edu/MM/DIMACS10/fe_tooth.tar.gz
2529,m14b,DIMACS10,214765,214765,3358036,Undirected Graph,2000,2000,46124005225,7.280451868000151e-05,99.992719548132,15.635862454310525,True,/DIMACS10/m14b,https://sparse.tamu.edu/MM/DIMACS10/m14b.tar.gz
2530,t60k,DIMACS10,60005,60005,178880,Undirected Graph,2000,2000,3600600025,4.9680608442477586e-05,99.99503193915575,2.9810849095908676,True,/DIMACS10/t60k,https://sparse.tamu.edu/MM/DIMACS10/t60k.tar.gz
2531,uk,DIMACS10,4824,4824,13674,Undirected Graph,2000,2000,23270976,0.0005875989043175499,99.94124010956824,2.834577114427861,True,/DIMACS10/uk,https://sparse.tamu.edu/MM/DIMACS10/uk.tar.gz
2532,wing,DIMACS10,62032,62032,243088,Undirected Graph,2000,2000,3847969024,6.317306570916928e-05,99.9936826934291,3.918751612071189,True,/DIMACS10/wing,https://sparse.tamu.edu/MM/DIMACS10/wing.tar.gz
2533,wing_nodal,DIMACS10,10937,10937,150976,Undirected Graph,2000,2000,119617969,0.0012621515083574108,99.87378484916427,13.804151046905002,True,/DIMACS10/wing_nodal,https://sparse.tamu.edu/MM/DIMACS10/wing_nodal.tar.gz
2534,HTC_336_4438,IPSO,226340,226340,783496,Power Network Problem,2011,2011,51229795600,1.5293756120315266e-05,99.99847062438796,3.461588760272157,True,/IPSO/HTC_336_4438,https://sparse.tamu.edu/MM/IPSO/HTC_336_4438.tar.gz
2535,HTC_336_9129,IPSO,226340,226340,762969,Power Network Problem,2011,2011,51229795600,1.4893071328201825e-05,99.99851069286719,3.370897764425201,True,/IPSO/HTC_336_9129,https://sparse.tamu.edu/MM/IPSO/HTC_336_9129.tar.gz
2536,OPF_10000,IPSO,43887,43887,426898,Power Network Problem,2011,2011,1926068769,0.0002216421380538983,99.97783578619462,9.727208512771435,True,/IPSO/OPF_10000,https://sparse.tamu.edu/MM/IPSO/OPF_10000.tar.gz
2537,OPF_3754,IPSO,15435,15435,141478,Power Network Problem,2011,2011,238239225,0.000593848473105132,99.94061515268949,9.166051182377712,True,/IPSO/OPF_3754,https://sparse.tamu.edu/MM/IPSO/OPF_3754.tar.gz
2538,OPF_6000,IPSO,29902,29902,274697,Power Network Problem,2011,2011,894129604,0.0003072227994365792,99.96927772005634,9.186576148752591,True,/IPSO/OPF_6000,https://sparse.tamu.edu/MM/IPSO/OPF_6000.tar.gz
2539,TSC_OPF_1047,IPSO,8140,8140,2012833,Power Network Problem,2011,2011,66259600,0.03037798296397805,96.96220170360219,247.27678132678133,True,/IPSO/TSC_OPF_1047,https://sparse.tamu.edu/MM/IPSO/TSC_OPF_1047.tar.gz
2540,TSC_OPF_300,IPSO,9774,9774,820783,Power Network Problem,2011,2011,95531076,0.00859179059178607,99.1408209408214,83.97616124411705,True,/IPSO/TSC_OPF_300,https://sparse.tamu.edu/MM/IPSO/TSC_OPF_300.tar.gz
2541,Serena,Janna,1391349,1391349,64131971,Structural Problem,2011,2011,1935852039801,3.312854995188195e-05,99.99668714500481,46.093374847001,True,/Janna/Serena,https://sparse.tamu.edu/MM/Janna/Serena.tar.gz
2542,Emilia_923,Janna,923136,923136,40373538,Structural Problem,2011,2011,852180074496,4.7376768371259903e-05,99.99526232316288,43.73520044717138,True,/Janna/Emilia_923,https://sparse.tamu.edu/MM/Janna/Emilia_923.tar.gz
2543,Fault_639,Janna,638802,638802,27245944,Structural Problem,2011,2011,408067995204,6.676814727011193e-05,99.99332318527298,42.65162601244204,True,/Janna/Fault_639,https://sparse.tamu.edu/MM/Janna/Fault_639.tar.gz
2544,Flan_1565,Janna,1564794,1564794,114165372,Structural Problem,2011,2011,2448580262436,4.662512957056232e-05,99.99533748704295,72.9587230012385,True,/Janna/Flan_1565,https://sparse.tamu.edu/MM/Janna/Flan_1565.tar.gz
2545,Geo_1438,Janna,1437960,1437960,60236322,Structural Problem,2011,2011,2067728961600,2.9131633361361532e-05,99.99708683666387,41.89012350830343,True,/Janna/Geo_1438,https://sparse.tamu.edu/MM/Janna/Geo_1438.tar.gz
2546,Hook_1498,Janna,1498023,1498023,59374451,Structural Problem,2011,2011,2244072908529,2.645834311993019e-05,99.997354165688,39.635206535547184,True,/Janna/Hook_1498,https://sparse.tamu.edu/MM/Janna/Hook_1498.tar.gz
2547,StocF-1465,Janna,1465137,1465137,21005389,Computational Fluid Dynamics Problem,2011,2011,2146626428769,9.785302518634184e-06,99.99902146974814,14.336808776244133,True,/Janna/StocF-1465,https://sparse.tamu.edu/MM/Janna/StocF-1465.tar.gz
2548,Cube_Coup_dt0,Janna,2164760,2164760,124406070,Structural Problem,2012,2012,4686185857600,2.6547404174813025e-05,99.99734525958252,57.46875866146824,True,/Janna/Cube_Coup_dt0,https://sparse.tamu.edu/MM/Janna/Cube_Coup_dt0.tar.gz
2549,Cube_Coup_dt6,Janna,2164760,2164760,124406070,Structural Problem,2012,2012,4686185857600,2.6547404174813025e-05,99.99734525958252,57.46875866146824,True,/Janna/Cube_Coup_dt6,https://sparse.tamu.edu/MM/Janna/Cube_Coup_dt6.tar.gz
2550,Long_Coup_dt0,Janna,1470152,1470152,84422970,Structural Problem,2012,2012,2161346903104,3.906035161627995e-05,99.99609396483837,57.42465404937721,True,/Janna/Long_Coup_dt0,https://sparse.tamu.edu/MM/Janna/Long_Coup_dt0.tar.gz
2551,Long_Coup_dt6,Janna,1470152,1470152,84422970,Structural Problem,2012,2012,2161346903104,3.906035161627995e-05,99.99609396483837,57.42465404937721,True,/Janna/Long_Coup_dt6,https://sparse.tamu.edu/MM/Janna/Long_Coup_dt6.tar.gz
2555,Chevron1,Chevron,37365,37365,330633,2D/3D Problem,2012,2012,1396143225,0.00023681882637793125,99.97631811736221,8.848735447611402,True,/Chevron/Chevron1,https://sparse.tamu.edu/MM/Chevron/Chevron1.tar.gz
2556,Chevron2,Chevron,90249,90249,803173,2D/3D Problem,2012,2012,8144882001,9.861075948078674e-05,99.99013892405192,8.899522432381522,True,/Chevron/Chevron2,https://sparse.tamu.edu/MM/Chevron/Chevron2.tar.gz
2557,Chevron3,Chevron,381381,381381,3413113,2D/3D Problem,2012,2012,145451467161,2.3465648484810613e-05,99.99765343515152,8.949352484785555,True,/Chevron/Chevron3,https://sparse.tamu.edu/MM/Chevron/Chevron3.tar.gz
2558,Chevron4,Chevron,711450,711450,6376412,2D/3D Problem,2012,2012,506161102500,1.259759386587791e-05,99.99874024061342,8.962558155878838,True,/Chevron/Chevron4,https://sparse.tamu.edu/MM/Chevron/Chevron4.tar.gz
2559,cz148,CPM,148,148,1527,2D/3D Problem,2012,2012,21904,0.06971329437545654,93.02867056245434,10.317567567567568,True,/CPM/cz148,https://sparse.tamu.edu/MM/CPM/cz148.tar.gz
2560,cz308,CPM,308,308,3182,2D/3D Problem,2012,2012,94864,0.033542755945353345,96.64572440546466,10.331168831168831,True,/CPM/cz308,https://sparse.tamu.edu/MM/CPM/cz308.tar.gz
2561,cz628,CPM,628,628,6346,2D/3D Problem,2012,2012,394384,0.01609091646719948,98.39090835328005,10.105095541401274,True,/CPM/cz628,https://sparse.tamu.edu/MM/CPM/cz628.tar.gz
2562,cz1268,CPM,1268,1268,12786,2D/3D Problem,2012,2012,1607824,0.007952362945197982,99.2047637054802,10.083596214511042,True,/CPM/cz1268,https://sparse.tamu.edu/MM/CPM/cz1268.tar.gz
2563,cz2548,CPM,2548,2548,25674,2D/3D Problem,2012,2012,6492304,0.003954528315371554,99.60454716846284,10.076138147566718,True,/CPM/cz2548,https://sparse.tamu.edu/MM/CPM/cz2548.tar.gz
2564,cz5108,CPM,5108,5108,51412,2D/3D Problem,2012,2012,26091664,0.001970437761271186,99.80295622387288,10.064996084573218,True,/CPM/cz5108,https://sparse.tamu.edu/MM/CPM/cz5108.tar.gz
2565,cz10228,CPM,10228,10228,102876,2D/3D Problem,2012,2012,104611984,0.0009834054958751189,99.90165945041248,10.058271411810715,True,/CPM/cz10228,https://sparse.tamu.edu/MM/CPM/cz10228.tar.gz
2566,cz20468,CPM,20468,20468,206076,2D/3D Problem,2012,2012,418939024,0.0004918997472052162,99.95081002527948,10.068204025796366,True,/CPM/cz20468,https://sparse.tamu.edu/MM/CPM/cz20468.tar.gz
2567,cz40948,CPM,40948,40948,412148,2D/3D Problem,2012,2012,1676738704,0.00024580335565510986,99.97541966443448,10.06515580736544,True,/CPM/cz40948,https://sparse.tamu.edu/MM/CPM/cz40948.tar.gz
2569,CurlCurl_0,Bodendiek,11083,11083,113343,Model Reduction Problem,2012,2012,122832889,0.0009227414654392766,99.90772585345607,10.226743661463503,True,/Bodendiek/CurlCurl_0,https://sparse.tamu.edu/MM/Bodendiek/CurlCurl_0.tar.gz
2570,CurlCurl_1,Bodendiek,226451,226451,2472071,Model Reduction Problem,2012,2012,51280055401,4.820726071118466e-05,99.99517927392888,10.916582395308478,True,/Bodendiek/CurlCurl_1,https://sparse.tamu.edu/MM/Bodendiek/CurlCurl_1.tar.gz
2571,CurlCurl_2,Bodendiek,806529,806529,8921789,Model Reduction Problem,2012,2012,650489027841,1.3715510359355002e-05,99.99862844896407,11.061956854620231,True,/Bodendiek/CurlCurl_2,https://sparse.tamu.edu/MM/Bodendiek/CurlCurl_2.tar.gz
2572,CurlCurl_3,Bodendiek,1219574,1219574,13544618,Model Reduction Problem,2012,2012,1487360741476,9.106478087191435e-06,99.99908935219128,11.106023906708408,True,/Bodendiek/CurlCurl_3,https://sparse.tamu.edu/MM/Bodendiek/CurlCurl_3.tar.gz
2573,CurlCurl_4,Bodendiek,2380515,2380515,26515867,Model Reduction Problem,2012,2012,5666851665225,4.679117888812288e-06,99.99953208821111,11.138710321085984,True,/Bodendiek/CurlCurl_4,https://sparse.tamu.edu/MM/Bodendiek/CurlCurl_4.tar.gz
2574,G_n_pin_pout,DIMACS10,100000,100000,1002396,Random Undirected Graph,2011,2011,10000000000,0.0001002396,99.98997603999999,10.02396,True,/DIMACS10/G_n_pin_pout,https://sparse.tamu.edu/MM/DIMACS10/G_n_pin_pout.tar.gz
2575,preferentialAttachment,DIMACS10,100000,100000,999970,Random Undirected Graph,2011,2011,10000000000,9.9997e-05,99.9900003,9.9997,True,/DIMACS10/preferentialAttachment,https://sparse.tamu.edu/MM/DIMACS10/preferentialAttachment.tar.gz
2576,smallworld,DIMACS10,100000,100000,999996,Random Undirected Graph,2011,2011,10000000000,9.99996e-05,99.99000004,9.99996,True,/DIMACS10/smallworld,https://sparse.tamu.edu/MM/DIMACS10/smallworld.tar.gz
2577,333SP,DIMACS10,3712815,3712815,22217266,Undirected Graph,2011,2011,13784995224225,1.611699216330274e-06,99.99983883007837,5.983941025879286,True,/DIMACS10/333SP,https://sparse.tamu.edu/MM/DIMACS10/333SP.tar.gz
2578,AS365,DIMACS10,3799275,3799275,22736152,Undirected Graph,2011,2011,14434490525625,1.575126739640542e-06,99.99984248732603,5.984339643747821,True,/DIMACS10/AS365,https://sparse.tamu.edu/MM/DIMACS10/AS365.tar.gz
2579,M6,DIMACS10,3501776,3501776,21003872,Undirected Graph,2011,2011,12262435154176,1.712863043589436e-06,99.99982871369563,5.998062697328441,True,/DIMACS10/M6,https://sparse.tamu.edu/MM/DIMACS10/M6.tar.gz
2580,NACA0015,DIMACS10,1039183,1039183,6229636,Undirected Graph,2011,2011,1079901307489,5.7687086373524515e-06,99.99942312913626,5.994743947889833,True,/DIMACS10/NACA0015,https://sparse.tamu.edu/MM/DIMACS10/NACA0015.tar.gz
2581,NLR,DIMACS10,4163763,4163763,24975952,Undirected Graph,2011,2011,17336922320169,1.440622016916122e-06,99.99985593779832,5.998408651020723,True,/DIMACS10/NLR,https://sparse.tamu.edu/MM/DIMACS10/NLR.tar.gz
2582,ak2010,DIMACS10,45292,45292,217098,Undirected Weighted Graph,2010,2010,2051365264,0.00010583098183922451,99.98941690181607,4.7932968294621565,True,/DIMACS10/ak2010,https://sparse.tamu.edu/MM/DIMACS10/ak2010.tar.gz
2583,al2010,DIMACS10,252266,252266,1230482,Undirected Weighted Graph,2010,2010,63638134756,1.9335607567976155e-05,99.9980664392432,4.877716378743073,True,/DIMACS10/al2010,https://sparse.tamu.edu/MM/DIMACS10/al2010.tar.gz
2584,ar2010,DIMACS10,186211,186211,904310,Undirected Weighted Graph,2010,2010,34674536521,2.6079944845184048e-05,99.99739200551548,4.856372609566567,True,/DIMACS10/ar2010,https://sparse.tamu.edu/MM/DIMACS10/ar2010.tar.gz
2585,az2010,DIMACS10,241666,241666,1196094,Undirected Weighted Graph,2010,2010,58402455556,2.0480200508917108e-05,99.99795197994911,4.949368136187962,True,/DIMACS10/az2010,https://sparse.tamu.edu/MM/DIMACS10/az2010.tar.gz
2586,ca2010,DIMACS10,710145,710145,3489366,Undirected Weighted Graph,2010,2010,504305921025,6.919145412585829e-06,99.99930808545874,4.913596519020763,True,/DIMACS10/ca2010,https://sparse.tamu.edu/MM/DIMACS10/ca2010.tar.gz
2587,co2010,DIMACS10,201062,201062,974574,Undirected Weighted Graph,2010,2010,40425927844,2.4107647046736762e-05,99.99758923529532,4.847131730510987,True,/DIMACS10/co2010,https://sparse.tamu.edu/MM/DIMACS10/co2010.tar.gz
2588,ct2010,DIMACS10,67578,67578,336352,Undirected Weighted Graph,2010,2010,4566786084,7.365179664938298e-05,99.99263482033506,4.977241113972003,True,/DIMACS10/ct2010,https://sparse.tamu.edu/MM/DIMACS10/ct2010.tar.gz
2589,de2010,DIMACS10,24115,24115,116056,Undirected Weighted Graph,2010,2010,581533225,0.0001995689928120616,99.9800431007188,4.812606261662865,True,/DIMACS10/de2010,https://sparse.tamu.edu/MM/DIMACS10/de2010.tar.gz
2590,fl2010,DIMACS10,484481,484481,2346294,Undirected Weighted Graph,2010,2010,234721839361,9.99606174861054e-06,99.99900039382514,4.842901992028583,True,/DIMACS10/fl2010,https://sparse.tamu.edu/MM/DIMACS10/fl2010.tar.gz
2591,ga2010,DIMACS10,291086,291086,1418056,Undirected Weighted Graph,2010,2010,84731059396,1.6735964475229304e-05,99.99832640355247,4.871604955236597,True,/DIMACS10/ga2010,https://sparse.tamu.edu/MM/DIMACS10/ga2010.tar.gz
2592,hi2010,DIMACS10,25016,25016,124126,Undirected Weighted Graph,2010,2010,625800256,0.00019834763378556367,99.98016523662145,4.961864406779661,True,/DIMACS10/hi2010,https://sparse.tamu.edu/MM/DIMACS10/hi2010.tar.gz
2593,ia2010,DIMACS10,216007,216007,1021170,Undirected Weighted Graph,2010,2010,46659024049,2.1885798531225083e-05,99.99781142014687,4.727485683334336,True,/DIMACS10/ia2010,https://sparse.tamu.edu/MM/DIMACS10/ia2010.tar.gz
2594,id2010,DIMACS10,149842,149842,728264,Undirected Weighted Graph,2010,2010,22452624964,3.24355838645896e-05,99.99675644161354,4.860212757437835,True,/DIMACS10/id2010,https://sparse.tamu.edu/MM/DIMACS10/id2010.tar.gz
2595,il2010,DIMACS10,451554,451554,2164464,Undirected Weighted Graph,2010,2010,203901014916,1.061526839820627e-05,99.99893847316018,4.793366906283634,True,/DIMACS10/il2010,https://sparse.tamu.edu/MM/DIMACS10/il2010.tar.gz
2596,in2010,DIMACS10,267071,267071,1281716,Undirected Weighted Graph,2010,2010,71326919041,1.7969597134333625e-05,99.99820304028657,4.799158276263615,True,/DIMACS10/in2010,https://sparse.tamu.edu/MM/DIMACS10/in2010.tar.gz
2597,ks2010,DIMACS10,238600,238600,1121798,Undirected Weighted Graph,2010,2010,56929960000,1.970487946943929e-05,99.99802951205305,4.701584241408215,True,/DIMACS10/ks2010,https://sparse.tamu.edu/MM/DIMACS10/ks2010.tar.gz
2598,ky2010,DIMACS10,161672,161672,787778,Undirected Weighted Graph,2010,2010,26137835584,3.0139373915192504e-05,99.99698606260849,4.872692859617002,True,/DIMACS10/ky2010,https://sparse.tamu.edu/MM/DIMACS10/ky2010.tar.gz
2599,la2010,DIMACS10,204447,204447,980634,Undirected Weighted Graph,2010,2010,41798575809,2.3460942891476498e-05,99.99765390571085,4.796519391333695,True,/DIMACS10/la2010,https://sparse.tamu.edu/MM/DIMACS10/la2010.tar.gz
2600,ma2010,DIMACS10,157508,157508,776610,Undirected Weighted Graph,2010,2010,24808770064,3.130384932411215e-05,99.99686961506758,4.930606699342255,True,/DIMACS10/ma2010,https://sparse.tamu.edu/MM/DIMACS10/ma2010.tar.gz
2601,md2010,DIMACS10,145247,145247,700378,Undirected Weighted Graph,2010,2010,21096691009,3.319847646729118e-05,99.99668015235326,4.821979111444643,True,/DIMACS10/md2010,https://sparse.tamu.edu/MM/DIMACS10/md2010.tar.gz
2602,me2010,DIMACS10,69518,69518,335476,Undirected Weighted Graph,2010,2010,4832752324,6.941717214308457e-05,99.9930582827857,4.825742973042953,True,/DIMACS10/me2010,https://sparse.tamu.edu/MM/DIMACS10/me2010.tar.gz
2603,mi2010,DIMACS10,329885,329885,1578090,Undirected Weighted Graph,2010,2010,108824113225,1.450128977147932e-05,99.99854987102286,4.7837579762644555,True,/DIMACS10/mi2010,https://sparse.tamu.edu/MM/DIMACS10/mi2010.tar.gz
2604,mn2010,DIMACS10,259777,259777,1227102,Undirected Weighted Graph,2010,2010,67484089729,1.818357489784257e-05,99.99818164251022,4.7236745362368495,True,/DIMACS10/mn2010,https://sparse.tamu.edu/MM/DIMACS10/mn2010.tar.gz
2605,mo2010,DIMACS10,343565,343565,1656568,Undirected Weighted Graph,2010,2010,118036909225,1.4034322068212389e-05,99.99859656779317,4.82170186136539,True,/DIMACS10/mo2010,https://sparse.tamu.edu/MM/DIMACS10/mo2010.tar.gz
2606,ms2010,DIMACS10,171778,171778,839980,Undirected Weighted Graph,2010,2010,29507681284,2.8466486130018755e-05,99.997153351387,4.889916054442361,True,/DIMACS10/ms2010,https://sparse.tamu.edu/MM/DIMACS10/ms2010.tar.gz
2607,mt2010,DIMACS10,132288,132288,638668,Undirected Weighted Graph,2010,2010,17500114944,3.649507457772273e-05,99.99635049254223,4.827860425737784,True,/DIMACS10/mt2010,https://sparse.tamu.edu/MM/DIMACS10/mt2010.tar.gz
2608,nc2010,DIMACS10,288987,288987,1416620,Undirected Weighted Graph,2010,2010,83513486169,1.6962769308100633e-05,99.9983037230692,4.902019814040078,True,/DIMACS10/nc2010,https://sparse.tamu.edu/MM/DIMACS10/nc2010.tar.gz
2609,nd2010,DIMACS10,133769,133769,625946,Undirected Weighted Graph,2010,2010,17894145361,3.498049151675269e-05,99.99650195084833,4.67930536970449,True,/DIMACS10/nd2010,https://sparse.tamu.edu/MM/DIMACS10/nd2010.tar.gz
2610,ne2010,DIMACS10,193352,193352,913854,Undirected Weighted Graph,2010,2010,37384995904,2.444440551355584e-05,99.99755555944864,4.726374694857048,True,/DIMACS10/ne2010,https://sparse.tamu.edu/MM/DIMACS10/ne2010.tar.gz
2611,nh2010,DIMACS10,48837,48837,234550,Undirected Weighted Graph,2010,2010,2385052569,9.834164791526656e-05,99.99016583520847,4.802711059237873,True,/DIMACS10/nh2010,https://sparse.tamu.edu/MM/DIMACS10/nh2010.tar.gz
2612,nj2010,DIMACS10,169588,169588,829912,Undirected Weighted Graph,2010,2010,28760089744,2.8856377270976293e-05,99.9971143622729,4.893695308630328,True,/DIMACS10/nj2010,https://sparse.tamu.edu/MM/DIMACS10/nj2010.tar.gz
2613,nm2010,DIMACS10,168609,168609,830970,Undirected Weighted Graph,2010,2010,28428994881,2.9229665117543907e-05,99.99707703348825,4.92838460580396,True,/DIMACS10/nm2010,https://sparse.tamu.edu/MM/DIMACS10/nm2010.tar.gz
2614,nv2010,DIMACS10,84538,84538,416998,Undirected Weighted Graph,2010,2010,7146673444,5.8348545413123815e-05,99.9941651454587,4.932669332134662,True,/DIMACS10/nv2010,https://sparse.tamu.edu/MM/DIMACS10/nv2010.tar.gz
2615,ny2010,DIMACS10,350169,350169,1709544,Undirected Weighted Graph,2010,2010,122618328561,1.3941993991131092e-05,99.99860580060088,4.882054093880384,True,/DIMACS10/ny2010,https://sparse.tamu.edu/MM/DIMACS10/ny2010.tar.gz
2616,oh2010,DIMACS10,365344,365344,1768240,Undirected Weighted Graph,2010,2010,133476238336,1.3247601386164375e-05,99.99867523986138,4.839931680826838,True,/DIMACS10/oh2010,https://sparse.tamu.edu/MM/DIMACS10/oh2010.tar.gz
2617,ok2010,DIMACS10,269118,269118,1274148,Undirected Weighted Graph,2010,2010,72424497924,1.759277642955911e-05,99.99824072235704,4.734532807170089,True,/DIMACS10/ok2010,https://sparse.tamu.edu/MM/DIMACS10/ok2010.tar.gz
2618,or2010,DIMACS10,196621,196621,979512,Undirected Weighted Graph,2010,2010,38659817641,2.533669478464367e-05,99.99746633052153,4.981726265251423,True,/DIMACS10/or2010,https://sparse.tamu.edu/MM/DIMACS10/or2010.tar.gz
2619,pa2010,DIMACS10,421545,421545,2058462,Undirected Weighted Graph,2010,2010,177700187025,1.1583904521779723e-05,99.99884160954781,4.883137031633633,True,/DIMACS10/pa2010,https://sparse.tamu.edu/MM/DIMACS10/pa2010.tar.gz
2620,ri2010,DIMACS10,25181,25181,125750,Undirected Weighted Graph,2010,2010,634082761,0.00019831796057928155,99.98016820394207,4.993844565346889,True,/DIMACS10/ri2010,https://sparse.tamu.edu/MM/DIMACS10/ri2010.tar.gz
2621,sc2010,DIMACS10,181908,181908,893160,Undirected Weighted Graph,2010,2010,33090520464,2.699141589421934e-05,99.99730085841058,4.909954482485652,True,/DIMACS10/sc2010,https://sparse.tamu.edu/MM/DIMACS10/sc2010.tar.gz
2622,sd2010,DIMACS10,88360,88360,410722,Undirected Weighted Graph,2010,2010,7807489600,5.260615396785159e-05,99.99473938460322,4.6482797645993665,True,/DIMACS10/sd2010,https://sparse.tamu.edu/MM/DIMACS10/sd2010.tar.gz
2623,tn2010,DIMACS10,240116,240116,1193966,Undirected Weighted Graph,2010,2010,57655693456,2.070855328296721e-05,99.9979291446717,4.972454980092955,True,/DIMACS10/tn2010,https://sparse.tamu.edu/MM/DIMACS10/tn2010.tar.gz
2624,tx2010,DIMACS10,914231,914231,4456272,Undirected Weighted Graph,2010,2010,835818321361,5.33162756320495e-06,99.99946683724367,4.874339198736425,True,/DIMACS10/tx2010,https://sparse.tamu.edu/MM/DIMACS10/tx2010.tar.gz
2625,ut2010,DIMACS10,115406,115406,572066,Undirected Weighted Graph,2010,2010,13318544836,4.295259032005559e-05,99.995704740968,4.9569866384763355,True,/DIMACS10/ut2010,https://sparse.tamu.edu/MM/DIMACS10/ut2010.tar.gz
2626,va2010,DIMACS10,285762,285762,1402128,Undirected Weighted Graph,2010,2010,81659920644,1.717033263003816e-05,99.998282966737,4.906628593024965,True,/DIMACS10/va2010,https://sparse.tamu.edu/MM/DIMACS10/va2010.tar.gz
2627,vt2010,DIMACS10,32580,32580,155598,Undirected Weighted Graph,2010,2010,1061456400,0.00014658915806621921,99.98534108419338,4.775874769797421,True,/DIMACS10/vt2010,https://sparse.tamu.edu/MM/DIMACS10/vt2010.tar.gz
2628,wa2010,DIMACS10,195574,195574,947432,Undirected Weighted Graph,2010,2010,38249189476,2.4769988932562342e-05,99.99752300110674,4.844365815496947,True,/DIMACS10/wa2010,https://sparse.tamu.edu/MM/DIMACS10/wa2010.tar.gz
2629,wi2010,DIMACS10,253096,253096,1209404,Undirected Weighted Graph,2010,2010,64057585216,1.887994990635271e-05,99.99811200500936,4.778439801498246,True,/DIMACS10/wi2010,https://sparse.tamu.edu/MM/DIMACS10/wi2010.tar.gz
2630,wv2010,DIMACS10,135218,135218,662922,Undirected Weighted Graph,2010,2010,18283907524,3.625712934337635e-05,99.99637428706566,4.902616515552663,True,/DIMACS10/wv2010,https://sparse.tamu.edu/MM/DIMACS10/wv2010.tar.gz
2631,wy2010,DIMACS10,86204,86204,427586,Undirected Weighted Graph,2010,2010,7431129616,5.7539838772205316e-05,99.99424601612277,4.960164261519187,True,/DIMACS10/wy2010,https://sparse.tamu.edu/MM/DIMACS10/wy2010.tar.gz
2632,vsp_barth5_1Ksep_50in_5Kout,DIMACS10,32212,32212,203610,Random Unweighted Graph,2011,2011,1037612944,0.00019622924056352173,99.98037707594365,6.320936297032162,True,/DIMACS10/vsp_barth5_1Ksep_50in_5Kout,https://sparse.tamu.edu/MM/DIMACS10/vsp_barth5_1Ksep_50in_5Kout.tar.gz
2633,vsp_bcsstk30_500sep_10in_1Kout,DIMACS10,58348,58348,4033156,Random Unweighted Graph,2011,2011,3404489104,0.0011846582194260417,99.8815341780574,69.12243778707068,True,/DIMACS10/vsp_bcsstk30_500sep_10in_1Kout,https://sparse.tamu.edu/MM/DIMACS10/vsp_bcsstk30_500sep_10in_1Kout.tar.gz
2634,vsp_befref_fxm_2_4_air02,DIMACS10,14109,14109,196448,Random Unweighted Graph,2011,2011,199063881,0.0009868590877116477,99.90131409122883,13.923594868523637,True,/DIMACS10/vsp_befref_fxm_2_4_air02,https://sparse.tamu.edu/MM/DIMACS10/vsp_befref_fxm_2_4_air02.tar.gz
2635,vsp_bump2_e18_aa01_model1_crew1,DIMACS10,56438,56438,601602,Random Unweighted Graph,2011,2011,3185247844,0.00018887133104358834,99.98111286689564,10.659520181438038,True,/DIMACS10/vsp_bump2_e18_aa01_model1_crew1,https://sparse.tamu.edu/MM/DIMACS10/vsp_bump2_e18_aa01_model1_crew1.tar.gz
2636,vsp_c-30_data_data,DIMACS10,11023,11023,124368,Random Unweighted Graph,2011,2011,121506529,0.0010235499361519907,99.8976450063848,11.282590946203394,True,/DIMACS10/vsp_c-30_data_data,https://sparse.tamu.edu/MM/DIMACS10/vsp_c-30_data_data.tar.gz
2637,vsp_c-60_data_cti_cs4,DIMACS10,85830,85830,482160,Random Unweighted Graph,2011,2011,7366788900,6.545049770599507e-05,99.99345495022939,5.617616218105558,True,/DIMACS10/vsp_c-60_data_cti_cs4,https://sparse.tamu.edu/MM/DIMACS10/vsp_c-60_data_cti_cs4.tar.gz
2638,vsp_data_and_seymourl,DIMACS10,9167,9167,111732,Random Unweighted Graph,2011,2011,84033889,0.0013296064400875223,99.86703935599125,12.188502236282318,True,/DIMACS10/vsp_data_and_seymourl,https://sparse.tamu.edu/MM/DIMACS10/vsp_data_and_seymourl.tar.gz
2639,vsp_finan512_scagr7-2c_rlfddd,DIMACS10,139752,139752,1104040,Random Unweighted Graph,2011,2011,19530621504,5.6528667035705206e-05,99.99434713329643,7.8999942755738735,True,/DIMACS10/vsp_finan512_scagr7-2c_rlfddd,https://sparse.tamu.edu/MM/DIMACS10/vsp_finan512_scagr7-2c_rlfddd.tar.gz
2640,vsp_mod2_pgp2_slptsk,DIMACS10,101364,101364,778736,Random Unweighted Graph,2011,2011,10274660496,7.579189602451269e-05,99.99242081039755,7.682569748628705,True,/DIMACS10/vsp_mod2_pgp2_slptsk,https://sparse.tamu.edu/MM/DIMACS10/vsp_mod2_pgp2_slptsk.tar.gz
2641,vsp_model1_crew1_cr42_south31,DIMACS10,45101,45101,379952,Random Unweighted Graph,2011,2011,2034100201,0.00018679119141387862,99.98132088085862,8.42446952395734,True,/DIMACS10/vsp_model1_crew1_cr42_south31,https://sparse.tamu.edu/MM/DIMACS10/vsp_model1_crew1_cr42_south31.tar.gz
2642,vsp_msc10848_300sep_100in_1Kout,DIMACS10,21996,21996,2442056,Random Unweighted Graph,2011,2011,483824016,0.005047405501259781,99.49525944987401,111.02273140571013,True,/DIMACS10/vsp_msc10848_300sep_100in_1Kout,https://sparse.tamu.edu/MM/DIMACS10/vsp_msc10848_300sep_100in_1Kout.tar.gz
2643,vsp_p0291_seymourl_iiasa,DIMACS10,10498,10498,107736,Random Unweighted Graph,2011,2011,110208004,0.0009775696509302537,99.90224303490697,10.262526195465803,True,/DIMACS10/vsp_p0291_seymourl_iiasa,https://sparse.tamu.edu/MM/DIMACS10/vsp_p0291_seymourl_iiasa.tar.gz
2644,vsp_sctap1-2b_and_seymourl,DIMACS10,40174,40174,281662,Random Unweighted Graph,2011,2011,1613950276,0.00017451714850724435,99.98254828514928,7.011051924130034,True,/DIMACS10/vsp_sctap1-2b_and_seymourl,https://sparse.tamu.edu/MM/DIMACS10/vsp_sctap1-2b_and_seymourl.tar.gz
2645,vsp_south31_slptsk,DIMACS10,39668,39668,379828,Random Unweighted Graph,2011,2011,1573550224,0.00024138282604953574,99.97586171739505,9.575173943732985,True,/DIMACS10/vsp_south31_slptsk,https://sparse.tamu.edu/MM/DIMACS10/vsp_south31_slptsk.tar.gz
2646,vsp_vibrobox_scagr7-2c_rlfddd,DIMACS10,77328,77328,871172,Random Unweighted Graph,2011,2011,5979619584,0.00014569020449579155,99.98543097955042,11.265932133250569,True,/DIMACS10/vsp_vibrobox_scagr7-2c_rlfddd,https://sparse.tamu.edu/MM/DIMACS10/vsp_vibrobox_scagr7-2c_rlfddd.tar.gz
2647,CoupCons3D,Janna,416800,416800,17277420,Structural Problem,2012,2012,173722240000,9.945427827778412e-05,99.99005457217223,41.45254318618042,True,/Janna/CoupCons3D,https://sparse.tamu.edu/MM/Janna/CoupCons3D.tar.gz
2648,ML_Laplace,Janna,377002,377002,27582698,Structural Problem,2012,2012,142130508004,0.00019406599179413146,99.98059340082058,73.16326703837115,True,/Janna/ML_Laplace,https://sparse.tamu.edu/MM/Janna/ML_Laplace.tar.gz
2649,Transport,Janna,1602111,1602111,23487281,Structural Problem,2012,2012,2566759656321,9.150557179032844e-06,99.9990849442821,14.660208312657488,True,/Janna/Transport,https://sparse.tamu.edu/MM/Janna/Transport.tar.gz
2650,ML_Geer,Janna,1504002,1504002,110686677,Structural Problem,2012,2012,2262022016004,4.893262586167697e-05,99.99510673741383,73.59476716121388,True,/Janna/ML_Geer,https://sparse.tamu.edu/MM/Janna/ML_Geer.tar.gz
2654,Linux_call_graph,Sorensen,324085,324085,1208908,Directed Weighted Graph,2013,2013,105031087225,1.1510001771287481e-05,99.99884899982288,3.7302189240477035,True,/Sorensen/Linux_call_graph,https://sparse.tamu.edu/MM/Sorensen/Linux_call_graph.tar.gz
2655,LeGresley_2508,LeGresley,2508,2508,16727,Power Network Problem,2013,2013,6290064,0.0026592734191575795,99.73407265808424,6.669457735247209,True,/LeGresley/LeGresley_2508,https://sparse.tamu.edu/MM/LeGresley/LeGresley_2508.tar.gz
2656,LeGresley_4908,LeGresley,4908,4908,30482,Power Network Problem,2013,2013,24088464,0.0012654189989033755,99.87345810010966,6.210676446617767,True,/LeGresley/LeGresley_4908,https://sparse.tamu.edu/MM/LeGresley/LeGresley_4908.tar.gz
2657,LeGresley_87936,LeGresley,87936,87936,593276,Power Network Problem,2013,2013,7732740096,7.672260966159854e-05,99.99232773903384,6.746679403202329,True,/LeGresley/LeGresley_87936,https://sparse.tamu.edu/MM/LeGresley/LeGresley_87936.tar.gz
2659,Bump_2911,Janna,2911419,2911419,127729899,2D/3D Problem,2014,2014,8476360593561,1.5068955312853136e-05,99.99849310446871,43.87204280799157,True,/Janna/Bump_2911,https://sparse.tamu.edu/MM/Janna/Bump_2911.tar.gz
2660,Queen_4147,Janna,4147110,4147110,316548962,2D/3D Problem,2014,2014,17198521352100,1.8405591708693508e-05,99.99815944082913,76.33001343103993,True,/Janna/Queen_4147,https://sparse.tamu.edu/MM/Janna/Queen_4147.tar.gz
2661,PFlow_742,Janna,742793,742793,37138461,2D/3D Problem,2014,2014,551741440849,6.731134957499778e-05,99.9932688650425,49.99839928486133,True,/Janna/PFlow_742,https://sparse.tamu.edu/MM/Janna/PFlow_742.tar.gz
2662,Freescale2,Freescale,2999349,2999349,14313235,Circuit Simulation Matrix,2015,2015,8996094423801,1.5910498851736618e-06,99.99984089501149,4.772113882045737,True,/Freescale/Freescale2,https://sparse.tamu.edu/MM/Freescale/Freescale2.tar.gz
2663,MISKnowledgeMap,Moqri,2427,2427,57022,Undirected Weighted Graph,2015,2015,5890329,0.009680613765377112,99.0319386234623,23.494849608570252,True,/Moqri/MISKnowledgeMap,https://sparse.tamu.edu/MM/Moqri/MISKnowledgeMap.tar.gz
2664,bundle_adj,Mazaheri,513351,513351,20207907,Computer Vision Problem,2015,2015,263529249201,7.668183725817453e-05,99.99233181627419,39.36469783832115,True,/Mazaheri/bundle_adj,https://sparse.tamu.edu/MM/Mazaheri/bundle_adj.tar.gz
2665,dynamicSoaringProblem_1,VDOL,647,647,5367,Optimal Control Problem,2015,2015,418609,0.012821033470374502,98.71789665296255,8.295208655332303,True,/VDOL/dynamicSoaringProblem_1,https://sparse.tamu.edu/MM/VDOL/dynamicSoaringProblem_1.tar.gz
2666,dynamicSoaringProblem_2,VDOL,1591,1591,15588,Optimal Control Problem,2015,2015,2531281,0.0061581468039305,99.38418531960696,9.797611565053426,True,/VDOL/dynamicSoaringProblem_2,https://sparse.tamu.edu/MM/VDOL/dynamicSoaringProblem_2.tar.gz
2667,dynamicSoaringProblem_3,VDOL,2871,2871,32022,Optimal Control Problem,2015,2015,8242641,0.0038849198939999935,99.6115080106,11.153605015673982,True,/VDOL/dynamicSoaringProblem_3,https://sparse.tamu.edu/MM/VDOL/dynamicSoaringProblem_3.tar.gz
2668,dynamicSoaringProblem_4,VDOL,3191,3191,36516,Optimal Control Problem,2015,2015,10182481,0.003586159404569476,99.64138405954304,11.443434659981197,True,/VDOL/dynamicSoaringProblem_4,https://sparse.tamu.edu/MM/VDOL/dynamicSoaringProblem_4.tar.gz
2669,dynamicSoaringProblem_5,VDOL,3271,3271,36789,Optimal Control Problem,2015,2015,10699441,0.003438403931569883,99.656159606843,11.247019260165088,True,/VDOL/dynamicSoaringProblem_5,https://sparse.tamu.edu/MM/VDOL/dynamicSoaringProblem_5.tar.gz
2670,dynamicSoaringProblem_6,VDOL,3431,3431,36741,Optimal Control Problem,2015,2015,11771761,0.0031211133151615974,99.68788866848384,10.70853978431944,True,/VDOL/dynamicSoaringProblem_6,https://sparse.tamu.edu/MM/VDOL/dynamicSoaringProblem_6.tar.gz
2671,dynamicSoaringProblem_7,VDOL,3511,3511,37680,Optimal Control Problem,2015,2015,12327121,0.0030566747904883875,99.69433252095115,10.731985189404728,True,/VDOL/dynamicSoaringProblem_7,https://sparse.tamu.edu/MM/VDOL/dynamicSoaringProblem_7.tar.gz
2672,dynamicSoaringProblem_8,VDOL,3543,3543,38136,Optimal Control Problem,2015,2015,12552849,0.003038035429247974,99.6961964570752,10.763759525825572,True,/VDOL/dynamicSoaringProblem_8,https://sparse.tamu.edu/MM/VDOL/dynamicSoaringProblem_8.tar.gz
2673,freeFlyingRobot_1,VDOL,798,798,5246,Optimal Control Problem,2015,2015,636804,0.008238013580316707,99.17619864196833,6.5739348370927315,True,/VDOL/freeFlyingRobot_1,https://sparse.tamu.edu/MM/VDOL/freeFlyingRobot_1.tar.gz
2674,freeFlyingRobot_2,VDOL,1338,1338,11600,Optimal Control Problem,2015,2015,1790244,0.00647956367958781,99.35204363204122,8.66965620328849,True,/VDOL/freeFlyingRobot_2,https://sparse.tamu.edu/MM/VDOL/freeFlyingRobot_2.tar.gz
2675,freeFlyingRobot_3,VDOL,1718,1718,12922,Optimal Control Problem,2015,2015,2951524,0.004378077223834195,99.56219227761657,7.521536670547148,True,/VDOL/freeFlyingRobot_3,https://sparse.tamu.edu/MM/VDOL/freeFlyingRobot_3.tar.gz
2676,freeFlyingRobot_4,VDOL,2358,2358,18218,Optimal Control Problem,2015,2015,5560164,0.0032765220594212687,99.67234779405787,7.726039016115352,True,/VDOL/freeFlyingRobot_4,https://sparse.tamu.edu/MM/VDOL/freeFlyingRobot_4.tar.gz
2677,freeFlyingRobot_5,VDOL,2878,2878,24582,Optimal Control Problem,2015,2015,8282884,0.002967806865338208,99.70321931346618,8.541348158443363,True,/VDOL/freeFlyingRobot_5,https://sparse.tamu.edu/MM/VDOL/freeFlyingRobot_5.tar.gz
2678,freeFlyingRobot_6,VDOL,3358,3358,27030,Optimal Control Problem,2015,2015,11276164,0.0023970917769553547,99.76029082230447,8.04943418701608,True,/VDOL/freeFlyingRobot_6,https://sparse.tamu.edu/MM/VDOL/freeFlyingRobot_6.tar.gz
2679,freeFlyingRobot_7,VDOL,3918,3918,31046,Optimal Control Problem,2015,2015,15350724,0.0020224453257058103,99.79775546742941,7.923940786115365,True,/VDOL/freeFlyingRobot_7,https://sparse.tamu.edu/MM/VDOL/freeFlyingRobot_7.tar.gz
2680,freeFlyingRobot_8,VDOL,4398,4398,34958,Optimal Control Problem,2015,2015,19342404,0.0018073244670104088,99.81926755329896,7.948613005911778,True,/VDOL/freeFlyingRobot_8,https://sparse.tamu.edu/MM/VDOL/freeFlyingRobot_8.tar.gz
2681,freeFlyingRobot_9,VDOL,4778,4778,39964,Optimal Control Problem,2015,2015,22829284,0.0017505586246156471,99.82494413753844,8.364169108413563,True,/VDOL/freeFlyingRobot_9,https://sparse.tamu.edu/MM/VDOL/freeFlyingRobot_9.tar.gz
2682,freeFlyingRobot_10,VDOL,5218,5218,40080,Optimal Control Problem,2015,2015,27227524,0.0014720398373351906,99.85279601626648,7.681103871215025,True,/VDOL/freeFlyingRobot_10,https://sparse.tamu.edu/MM/VDOL/freeFlyingRobot_10.tar.gz
2683,freeFlyingRobot_11,VDOL,5438,5438,40054,Optimal Control Problem,2015,2015,29571844,0.001354464063857499,99.86455359361425,7.365575579257079,True,/VDOL/freeFlyingRobot_11,https://sparse.tamu.edu/MM/VDOL/freeFlyingRobot_11.tar.gz
2684,freeFlyingRobot_12,VDOL,5578,5578,41940,Optimal Control Problem,2015,2015,31114084,0.001347942623025637,99.86520573769744,7.518823951237002,True,/VDOL/freeFlyingRobot_12,https://sparse.tamu.edu/MM/VDOL/freeFlyingRobot_12.tar.gz
2685,freeFlyingRobot_13,VDOL,5718,5718,43994,Optimal Control Problem,2015,2015,32695524,0.0013455664451195216,99.86544335548805,7.6939489331934245,True,/VDOL/freeFlyingRobot_13,https://sparse.tamu.edu/MM/VDOL/freeFlyingRobot_13.tar.gz
2686,freeFlyingRobot_14,VDOL,5958,5958,43298,Optimal Control Problem,2015,2015,35497764,0.0012197387981958525,99.87802612018042,7.267203759650889,True,/VDOL/freeFlyingRobot_14,https://sparse.tamu.edu/MM/VDOL/freeFlyingRobot_14.tar.gz
2687,freeFlyingRobot_15,VDOL,6038,6038,43378,Optimal Control Problem,2015,2015,36457444,0.0011898255950142857,99.88101744049858,7.184166942696257,True,/VDOL/freeFlyingRobot_15,https://sparse.tamu.edu/MM/VDOL/freeFlyingRobot_15.tar.gz
2688,freeFlyingRobot_16,VDOL,6078,6078,44006,Optimal Control Problem,2015,2015,36942084,0.0011912159584716445,99.88087840415284,7.240210595590654,True,/VDOL/freeFlyingRobot_16,https://sparse.tamu.edu/MM/VDOL/freeFlyingRobot_16.tar.gz
2689,goddardRocketProblem_1,VDOL,831,831,8498,Optimal Control Problem,2015,2015,690561,0.01230593676735292,98.7694063232647,10.226233453670277,True,/VDOL/goddardRocketProblem_1,https://sparse.tamu.edu/MM/VDOL/goddardRocketProblem_1.tar.gz
2690,goddardRocketProblem_2,VDOL,867,867,9058,Optimal Control Problem,2015,2015,751689,0.01205019629128536,98.79498037087147,10.447520184544405,True,/VDOL/goddardRocketProblem_2,https://sparse.tamu.edu/MM/VDOL/goddardRocketProblem_2.tar.gz
2691,hangGlider_1,VDOL,360,360,3477,Optimal Control Problem,2015,2015,129600,0.026828703703703705,97.31712962962963,9.658333333333333,True,/VDOL/hangGlider_1,https://sparse.tamu.edu/MM/VDOL/hangGlider_1.tar.gz
2692,hangGlider_2,VDOL,1647,1647,14754,Optimal Control Problem,2015,2015,2712609,0.005439044108457946,99.4560955891542,8.958105646630237,True,/VDOL/hangGlider_2,https://sparse.tamu.edu/MM/VDOL/hangGlider_2.tar.gz
2693,hangGlider_3,VDOL,10260,10260,92703,Optimal Control Problem,2015,2015,105267600,0.0008806413369355814,99.91193586630645,9.035380116959065,True,/VDOL/hangGlider_3,https://sparse.tamu.edu/MM/VDOL/hangGlider_3.tar.gz
2694,hangGlider_4,VDOL,15561,15561,149532,Optimal Control Problem,2015,2015,242144721,0.0006175315298325252,99.93824684701674,9.609408135723925,True,/VDOL/hangGlider_4,https://sparse.tamu.edu/MM/VDOL/hangGlider_4.tar.gz
2695,hangGlider_5,VDOL,16011,16011,155246,Optimal Control Problem,2015,2015,256352121,0.0006055967057904701,99.93944032942095,9.696208856411218,True,/VDOL/hangGlider_5,https://sparse.tamu.edu/MM/VDOL/hangGlider_5.tar.gz
2696,kineticBatchReactor_1,VDOL,2052,2052,20600,Optimal Control Problem,2015,2015,4210704,0.004892293545212392,99.51077064547876,10.038986354775828,True,/VDOL/kineticBatchReactor_1,https://sparse.tamu.edu/MM/VDOL/kineticBatchReactor_1.tar.gz
2697,kineticBatchReactor_2,VDOL,4361,4361,44840,Optimal Control Problem,2015,2015,19018321,0.0023577265311696023,99.76422734688303,10.282045402430635,True,/VDOL/kineticBatchReactor_2,https://sparse.tamu.edu/MM/VDOL/kineticBatchReactor_2.tar.gz
2698,kineticBatchReactor_3,VDOL,5082,5082,53219,Optimal Control Problem,2015,2015,25826724,0.002060617521602817,99.79393824783972,10.472058244785517,True,/VDOL/kineticBatchReactor_3,https://sparse.tamu.edu/MM/VDOL/kineticBatchReactor_3.tar.gz
2699,kineticBatchReactor_4,VDOL,7105,7105,74869,Optimal Control Problem,2015,2015,50481025,0.0014831117236625048,99.85168882763375,10.537508796622097,True,/VDOL/kineticBatchReactor_4,https://sparse.tamu.edu/MM/VDOL/kineticBatchReactor_4.tar.gz
2700,kineticBatchReactor_5,VDOL,7641,7641,80767,Optimal Control Problem,2015,2015,58384881,0.001383354707873773,99.86166452921262,10.5702133228635,True,/VDOL/kineticBatchReactor_5,https://sparse.tamu.edu/MM/VDOL/kineticBatchReactor_5.tar.gz
2701,kineticBatchReactor_6,VDOL,7773,7773,82500,Optimal Control Problem,2015,2015,60419529,0.0013654525509459036,99.86345474490541,10.613662678502509,True,/VDOL/kineticBatchReactor_6,https://sparse.tamu.edu/MM/VDOL/kineticBatchReactor_6.tar.gz
2702,kineticBatchReactor_7,VDOL,7968,7968,84508,Optimal Control Problem,2015,2015,63489024,0.0013310647207303108,99.86689352792698,10.605923694779117,True,/VDOL/kineticBatchReactor_7,https://sparse.tamu.edu/MM/VDOL/kineticBatchReactor_7.tar.gz
2703,kineticBatchReactor_8,VDOL,8052,8052,85194,Optimal Control Problem,2015,2015,64834704,0.0013140184923185582,99.86859815076814,10.580476900149032,True,/VDOL/kineticBatchReactor_8,https://sparse.tamu.edu/MM/VDOL/kineticBatchReactor_8.tar.gz
2704,kineticBatchReactor_9,VDOL,8115,8115,86183,Optimal Control Problem,2015,2015,65853225,0.0013087134305115656,99.86912865694885,10.620209488601356,True,/VDOL/kineticBatchReactor_9,https://sparse.tamu.edu/MM/VDOL/kineticBatchReactor_9.tar.gz
2705,lowThrust_1,VDOL,584,584,6133,Optimal Control Problem,2015,2015,341056,0.01798238412460124,98.20176158753988,10.501712328767123,True,/VDOL/lowThrust_1,https://sparse.tamu.edu/MM/VDOL/lowThrust_1.tar.gz
2706,lowThrust_2,VDOL,2312,2312,26261,Optimal Control Problem,2015,2015,5345344,0.004912873708408664,99.50871262915913,11.35856401384083,True,/VDOL/lowThrust_2,https://sparse.tamu.edu/MM/VDOL/lowThrust_2.tar.gz
2707,lowThrust_3,VDOL,7064,7064,80645,Optimal Control Problem,2015,2015,49900096,0.0016161291553427072,99.83838708446572,11.416336353340883,True,/VDOL/lowThrust_3,https://sparse.tamu.edu/MM/VDOL/lowThrust_3.tar.gz
2708,lowThrust_4,VDOL,13562,13562,160947,Optimal Control Problem,2015,2015,183927844,0.0008750551112859236,99.9124944888714,11.867497419259696,True,/VDOL/lowThrust_4,https://sparse.tamu.edu/MM/VDOL/lowThrust_4.tar.gz
2709,lowThrust_5,VDOL,16262,16262,198369,Optimal Control Problem,2015,2015,264452644,0.0007501116154467339,99.92498883845533,12.198315090394786,True,/VDOL/lowThrust_5,https://sparse.tamu.edu/MM/VDOL/lowThrust_5.tar.gz
2710,lowThrust_6,VDOL,16928,16928,207349,Optimal Control Problem,2015,2015,286557184,0.0007235868147001333,99.92764131853,12.248877599243857,True,/VDOL/lowThrust_6,https://sparse.tamu.edu/MM/VDOL/lowThrust_6.tar.gz
2711,lowThrust_7,VDOL,17378,17378,211561,Optimal Control Problem,2015,2015,301994884,0.0007005449800931065,99.92994550199069,12.174070664058004,True,/VDOL/lowThrust_7,https://sparse.tamu.edu/MM/VDOL/lowThrust_7.tar.gz
2712,lowThrust_8,VDOL,17702,17702,216445,Optimal Control Problem,2015,2015,313360804,0.0006907213577356025,99.93092786422643,12.227149474635635,True,/VDOL/lowThrust_8,https://sparse.tamu.edu/MM/VDOL/lowThrust_8.tar.gz
2713,lowThrust_9,VDOL,18044,18044,219589,Optimal Control Problem,2015,2015,325585936,0.0006744425226033105,99.93255574773967,12.169640877854134,True,/VDOL/lowThrust_9,https://sparse.tamu.edu/MM/VDOL/lowThrust_9.tar.gz
2714,lowThrust_10,VDOL,18260,18260,222005,Optimal Control Problem,2015,2015,333427600,0.00066582670420805,99.9334173295792,12.157995618838992,True,/VDOL/lowThrust_10,https://sparse.tamu.edu/MM/VDOL/lowThrust_10.tar.gz
2715,lowThrust_11,VDOL,18368,18368,223801,Optimal Control Problem,2015,2015,337383424,0.0006633431996943632,99.93366568003056,12.184287891986063,True,/VDOL/lowThrust_11,https://sparse.tamu.edu/MM/VDOL/lowThrust_11.tar.gz
2716,lowThrust_12,VDOL,18458,18458,224593,Optimal Control Problem,2015,2015,340697764,0.0006592147754747225,99.93407852245252,12.167786325712429,True,/VDOL/lowThrust_12,https://sparse.tamu.edu/MM/VDOL/lowThrust_12.tar.gz
2717,lowThrust_13,VDOL,18476,18476,224897,Optimal Control Problem,2015,2015,341362576,0.0006588214872153999,99.93411785127846,12.17238579779173,True,/VDOL/lowThrust_13,https://sparse.tamu.edu/MM/VDOL/lowThrust_13.tar.gz
2718,orbitRaising_1,VDOL,442,442,2906,Optimal Control Problem,2015,2015,195364,0.014874797813312586,98.51252021866874,6.574660633484163,True,/VDOL/orbitRaising_1,https://sparse.tamu.edu/MM/VDOL/orbitRaising_1.tar.gz
2719,orbitRaising_2,VDOL,739,739,6526,Optimal Control Problem,2015,2015,546121,0.011949732751533085,98.80502672484668,8.83085250338295,True,/VDOL/orbitRaising_2,https://sparse.tamu.edu/MM/VDOL/orbitRaising_2.tar.gz
2720,orbitRaising_3,VDOL,761,761,6098,Optimal Control Problem,2015,2015,579121,0.010529751122822346,98.94702488771776,8.013140604467806,True,/VDOL/orbitRaising_3,https://sparse.tamu.edu/MM/VDOL/orbitRaising_3.tar.gz
2721,orbitRaising_4,VDOL,915,915,7790,Optimal Control Problem,2015,2015,837225,0.009304547761951686,99.06954522380484,8.513661202185792,True,/VDOL/orbitRaising_4,https://sparse.tamu.edu/MM/VDOL/orbitRaising_4.tar.gz
2722,reorientation_1,VDOL,677,677,7326,Optimal Control Problem,2015,2015,458329,0.015984151122883344,98.40158488771166,10.821270310192023,True,/VDOL/reorientation_1,https://sparse.tamu.edu/MM/VDOL/reorientation_1.tar.gz
2723,reorientation_2,VDOL,1544,1544,17910,Optimal Control Problem,2015,2015,2383936,0.007512785578136325,99.24872144218637,11.599740932642487,True,/VDOL/reorientation_2,https://sparse.tamu.edu/MM/VDOL/reorientation_2.tar.gz
2724,reorientation_3,VDOL,2513,2513,32166,Optimal Control Problem,2015,2015,6315169,0.005093450389055305,99.49065496109448,12.79984082769598,True,/VDOL/reorientation_3,https://sparse.tamu.edu/MM/VDOL/reorientation_3.tar.gz
2725,reorientation_4,VDOL,2717,2717,33630,Optimal Control Problem,2015,2015,7382089,0.004555621044395428,99.54443789556045,12.377622377622378,True,/VDOL/reorientation_4,https://sparse.tamu.edu/MM/VDOL/reorientation_4.tar.gz
2726,reorientation_5,VDOL,2904,2904,35590,Optimal Control Problem,2015,2015,8433216,0.004220216818826886,99.57797831811732,12.255509641873278,True,/VDOL/reorientation_5,https://sparse.tamu.edu/MM/VDOL/reorientation_5.tar.gz
2727,reorientation_6,VDOL,3006,3006,37342,Optimal Control Problem,2015,2015,9036036,0.0041325643235595785,99.58674356764405,12.422488356620093,True,/VDOL/reorientation_6,https://sparse.tamu.edu/MM/VDOL/reorientation_6.tar.gz
2728,reorientation_7,VDOL,3057,3057,37150,Optimal Control Problem,2015,2015,9345249,0.0039752819855308295,99.60247180144691,12.152437029767746,True,/VDOL/reorientation_7,https://sparse.tamu.edu/MM/VDOL/reorientation_7.tar.gz
2729,reorientation_8,VDOL,3108,3108,37894,Optimal Control Problem,2015,2015,9659664,0.003922910776192629,99.60770892238074,12.192406692406692,True,/VDOL/reorientation_8,https://sparse.tamu.edu/MM/VDOL/reorientation_8.tar.gz
2730,spaceShuttleEntry_1,VDOL,560,560,6891,Optimal Control Problem,2015,2015,313600,0.021973852040816328,97.80261479591836,12.305357142857142,True,/VDOL/spaceShuttleEntry_1,https://sparse.tamu.edu/MM/VDOL/spaceShuttleEntry_1.tar.gz
2731,spaceShuttleEntry_2,VDOL,1428,1428,24073,Optimal Control Problem,2015,2015,2039184,0.011805212280990829,98.81947877190092,16.857843137254903,True,/VDOL/spaceShuttleEntry_2,https://sparse.tamu.edu/MM/VDOL/spaceShuttleEntry_2.tar.gz
2732,spaceShuttleEntry_3,VDOL,1834,1834,28757,Optimal Control Problem,2015,2015,3363556,0.008549582644082631,99.14504173559173,15.679934569247546,True,/VDOL/spaceShuttleEntry_3,https://sparse.tamu.edu/MM/VDOL/spaceShuttleEntry_3.tar.gz
2733,spaceShuttleEntry_4,VDOL,2450,2450,39669,Optimal Control Problem,2015,2015,6002500,0.006608746355685131,99.3391253644315,16.19142857142857,True,/VDOL/spaceShuttleEntry_4,https://sparse.tamu.edu/MM/VDOL/spaceShuttleEntry_4.tar.gz
2734,spaceStation_1,VDOL,99,99,927,Optimal Control Problem,2015,2015,9801,0.0945821854912764,90.54178145087236,9.363636363636363,True,/VDOL/spaceStation_1,https://sparse.tamu.edu/MM/VDOL/spaceStation_1.tar.gz
2735,spaceStation_2,VDOL,329,329,5817,Optimal Control Problem,2015,2015,108241,0.05374118864385954,94.62588113561404,17.680851063829788,True,/VDOL/spaceStation_2,https://sparse.tamu.edu/MM/VDOL/spaceStation_2.tar.gz
2736,spaceStation_3,VDOL,467,467,5103,Optimal Control Problem,2015,2015,218089,0.023398704198744548,97.66012958012554,10.927194860813705,True,/VDOL/spaceStation_3,https://sparse.tamu.edu/MM/VDOL/spaceStation_3.tar.gz
2737,spaceStation_4,VDOL,950,950,13626,Optimal Control Problem,2015,2015,902500,0.015098060941828254,98.49019390581716,14.343157894736843,True,/VDOL/spaceStation_4,https://sparse.tamu.edu/MM/VDOL/spaceStation_4.tar.gz
2738,spaceStation_5,VDOL,1019,1019,15219,Optimal Control Problem,2015,2015,1038361,0.014656752324095378,98.53432476759046,14.93523061825319,True,/VDOL/spaceStation_5,https://sparse.tamu.edu/MM/VDOL/spaceStation_5.tar.gz
2739,spaceStation_6,VDOL,1111,1111,17595,Optimal Control Problem,2015,2015,1234321,0.014254800817615515,98.57451991823845,15.837083708370837,True,/VDOL/spaceStation_6,https://sparse.tamu.edu/MM/VDOL/spaceStation_6.tar.gz
2740,spaceStation_7,VDOL,1134,1134,18252,Optimal Control Problem,2015,2015,1285956,0.014193331653649114,98.58066683463508,16.095238095238095,True,/VDOL/spaceStation_7,https://sparse.tamu.edu/MM/VDOL/spaceStation_7.tar.gz
2741,spaceStation_8,VDOL,1157,1157,18945,Optimal Control Problem,2015,2015,1338649,0.014152328205526617,98.58476717944734,16.374243733794295,True,/VDOL/spaceStation_8,https://sparse.tamu.edu/MM/VDOL/spaceStation_8.tar.gz
2742,spaceStation_9,VDOL,1180,1180,19674,Optimal Control Problem,2015,2015,1392400,0.014129560471128986,98.5870439528871,16.672881355932205,True,/VDOL/spaceStation_9,https://sparse.tamu.edu/MM/VDOL/spaceStation_9.tar.gz
2743,spaceStation_10,VDOL,1272,1272,17478,Optimal Control Problem,2015,2015,1617984,0.010802331790672838,98.91976682093272,13.74056603773585,True,/VDOL/spaceStation_10,https://sparse.tamu.edu/MM/VDOL/spaceStation_10.tar.gz
2744,spaceStation_11,VDOL,1364,1364,18954,Optimal Control Problem,2015,2015,1860496,0.010187605885742296,98.98123941142578,13.895894428152493,True,/VDOL/spaceStation_11,https://sparse.tamu.edu/MM/VDOL/spaceStation_11.tar.gz
2745,spaceStation_12,VDOL,1410,1410,19728,Optimal Control Problem,2015,2015,1988100,0.009923042100497962,99.0076957899502,13.991489361702127,True,/VDOL/spaceStation_12,https://sparse.tamu.edu/MM/VDOL/spaceStation_12.tar.gz
2746,spaceStation_13,VDOL,1617,1617,23649,Optimal Control Problem,2015,2015,2614689,0.009044670322168335,99.09553296778316,14.625231910946196,True,/VDOL/spaceStation_13,https://sparse.tamu.edu/MM/VDOL/spaceStation_13.tar.gz
2747,spaceStation_14,VDOL,1640,1640,24324,Optimal Control Problem,2015,2015,2689600,0.009043723973825104,99.09562760261748,14.831707317073171,True,/VDOL/spaceStation_14,https://sparse.tamu.edu/MM/VDOL/spaceStation_14.tar.gz
2748,tumorAntiAngiogenesis_1,VDOL,205,205,1783,Optimal Control Problem,2015,2015,42025,0.042427126710291495,95.75728732897085,8.697560975609756,True,/VDOL/tumorAntiAngiogenesis_1,https://sparse.tamu.edu/MM/VDOL/tumorAntiAngiogenesis_1.tar.gz
2749,tumorAntiAngiogenesis_2,VDOL,305,305,2699,Optimal Control Problem,2015,2015,93025,0.02901370599301263,97.09862940069873,8.849180327868853,True,/VDOL/tumorAntiAngiogenesis_2,https://sparse.tamu.edu/MM/VDOL/tumorAntiAngiogenesis_2.tar.gz
2750,tumorAntiAngiogenesis_3,VDOL,410,410,3952,Optimal Control Problem,2015,2015,168100,0.023509815585960738,97.64901844140392,9.639024390243902,True,/VDOL/tumorAntiAngiogenesis_3,https://sparse.tamu.edu/MM/VDOL/tumorAntiAngiogenesis_3.tar.gz
2751,tumorAntiAngiogenesis_4,VDOL,455,455,4593,Optimal Control Problem,2015,2015,207025,0.02218572636155054,97.78142736384494,10.094505494505494,True,/VDOL/tumorAntiAngiogenesis_4,https://sparse.tamu.edu/MM/VDOL/tumorAntiAngiogenesis_4.tar.gz
2752,tumorAntiAngiogenesis_5,VDOL,460,460,4690,Optimal Control Problem,2015,2015,211600,0.02216446124763705,97.7835538752363,10.195652173913043,True,/VDOL/tumorAntiAngiogenesis_5,https://sparse.tamu.edu/MM/VDOL/tumorAntiAngiogenesis_5.tar.gz
2753,tumorAntiAngiogenesis_6,VDOL,465,465,4795,Optimal Control Problem,2015,2015,216225,0.022175974101052143,97.78240258989479,10.311827956989248,True,/VDOL/tumorAntiAngiogenesis_6,https://sparse.tamu.edu/MM/VDOL/tumorAntiAngiogenesis_6.tar.gz
2754,tumorAntiAngiogenesis_7,VDOL,475,475,4597,Optimal Control Problem,2015,2015,225625,0.020374515235457063,97.96254847645429,9.677894736842106,True,/VDOL/tumorAntiAngiogenesis_7,https://sparse.tamu.edu/MM/VDOL/tumorAntiAngiogenesis_7.tar.gz
2755,tumorAntiAngiogenesis_8,VDOL,490,490,4776,Optimal Control Problem,2015,2015,240100,0.019891711786755518,98.01082882132445,9.746938775510204,True,/VDOL/tumorAntiAngiogenesis_8,https://sparse.tamu.edu/MM/VDOL/tumorAntiAngiogenesis_8.tar.gz
2756,iChem_Jacobian,Meng,274087,274087,4137369,Computational Chemistry Problem,2015,2015,75123683569,5.50740965224354e-05,99.99449259034776,15.09509389354475,True,/Meng/iChem_Jacobian,https://sparse.tamu.edu/MM/Meng/iChem_Jacobian.tar.gz
2758,mycielskian2,Mycielski,2,2,2,Undirected Graph,2018,2018,4,0.5,50.0,1.0,True,/Mycielski/mycielskian2,https://sparse.tamu.edu/MM/Mycielski/mycielskian2.tar.gz
2759,mycielskian3,Mycielski,5,5,10,Undirected Graph,2018,2018,25,0.4,60.0,2.0,True,/Mycielski/mycielskian3,https://sparse.tamu.edu/MM/Mycielski/mycielskian3.tar.gz
2760,mycielskian4,Mycielski,11,11,40,Undirected Graph,2018,2018,121,0.3305785123966942,66.94214876033058,3.6363636363636362,True,/Mycielski/mycielskian4,https://sparse.tamu.edu/MM/Mycielski/mycielskian4.tar.gz
2761,mycielskian5,Mycielski,23,23,142,Undirected Graph,2018,2018,529,0.2684310018903592,73.15689981096408,6.173913043478261,True,/Mycielski/mycielskian5,https://sparse.tamu.edu/MM/Mycielski/mycielskian5.tar.gz
2762,mycielskian6,Mycielski,47,47,472,Undirected Graph,2018,2018,2209,0.21367134449977365,78.63286555002263,10.042553191489361,True,/Mycielski/mycielskian6,https://sparse.tamu.edu/MM/Mycielski/mycielskian6.tar.gz
2763,mycielskian7,Mycielski,95,95,1510,Undirected Graph,2018,2018,9025,0.1673130193905817,83.26869806094183,15.894736842105264,True,/Mycielski/mycielskian7,https://sparse.tamu.edu/MM/Mycielski/mycielskian7.tar.gz
2764,mycielskian8,Mycielski,191,191,4720,Undirected Graph,2018,2018,36481,0.1293824182451139,87.0617581754886,24.712041884816752,True,/Mycielski/mycielskian8,https://sparse.tamu.edu/MM/Mycielski/mycielskian8.tar.gz
2765,mycielskian9,Mycielski,383,383,14542,Undirected Graph,2018,2018,146689,0.0991349044577303,90.08650955422696,37.9686684073107,True,/Mycielski/mycielskian9,https://sparse.tamu.edu/MM/Mycielski/mycielskian9.tar.gz
2766,mycielskian10,Mycielski,767,767,44392,Undirected Graph,2018,2018,588289,0.07545951054668709,92.4540489453313,57.87744458930899,True,/Mycielski/mycielskian10,https://sparse.tamu.edu/MM/Mycielski/mycielskian10.tar.gz
2767,mycielskian11,Mycielski,1535,1535,134710,Undirected Graph,2018,2018,2356225,0.05717195938418445,94.28280406158156,87.75895765472313,True,/Mycielski/mycielskian11,https://sparse.tamu.edu/MM/Mycielski/mycielskian11.tar.gz
2768,mycielskian12,Mycielski,3071,3071,407200,Undirected Graph,2018,2018,9431041,0.04317656979754409,95.68234302024558,132.5952458482579,True,/Mycielski/mycielskian12,https://sparse.tamu.edu/MM/Mycielski/mycielskian12.tar.gz
2769,mycielskian13,Mycielski,6143,6143,1227742,Undirected Graph,2018,2018,37736449,0.032534645747934576,96.74653542520655,199.8603288295621,True,/Mycielski/mycielskian13,https://sparse.tamu.edu/MM/Mycielski/mycielskian13.tar.gz
2770,mycielskian14,Mycielski,12287,12287,3695512,Undirected Graph,2018,2018,150970369,0.02447839284277036,97.55216071572296,300.76601285911937,True,/Mycielski/mycielskian14,https://sparse.tamu.edu/MM/Mycielski/mycielskian14.tar.gz
2771,mycielskian15,Mycielski,24575,24575,11111110,Undirected Graph,2018,2018,603930625,0.01839799066324878,98.16020093367513,452.13062054933874,True,/Mycielski/mycielskian15,https://sparse.tamu.edu/MM/Mycielski/mycielskian15.tar.gz
2772,mycielskian16,Mycielski,49151,49151,33382480,Undirected Graph,2018,2018,2415820801,0.0138182765816826,98.61817234183175,679.1821122662815,True,/Mycielski/mycielskian16,https://sparse.tamu.edu/MM/Mycielski/mycielskian16.tar.gz
2773,mycielskian17,Mycielski,98303,98303,100245742,Undirected Graph,2018,2018,9663479809,0.010373669111062557,98.96263308889375,1019.7627946247826,True,/Mycielski/mycielskian17,https://sparse.tamu.edu/MM/Mycielski/mycielskian17.tar.gz
2774,mycielskian18,Mycielski,196607,196607,300933832,Undirected Graph,2018,2018,38654312449,0.007785258951301959,99.2214741048698,1530.6364066386243,True,/Mycielski/mycielskian18,https://sparse.tamu.edu/MM/Mycielski/mycielskian18.tar.gz
2775,mycielskian19,Mycielski,393215,393215,903194710,Undirected Graph,2018,2018,154618036225,0.005841457646543072,99.41585423534569,2296.9487684854344,True,/Mycielski/mycielskian19,https://sparse.tamu.edu/MM/Mycielski/mycielskian19.tar.gz
2776,mycielskian20,Mycielski,786431,786431,2710370560,Undirected Graph,2018,2018,618473717761,0.004382353658959171,99.56176463410408,3446.41877036892,True,/Mycielski/mycielskian20,https://sparse.tamu.edu/MM/Mycielski/mycielskian20.tar.gz
2777,CollegeMsg,SNAP,1899,1899,20296,Directed Temporal Multigraph,2009,2009,3606201,0.005628083404114191,99.43719165958859,10.687730384412848,True,/SNAP/CollegeMsg,https://sparse.tamu.edu/MM/SNAP/CollegeMsg.tar.gz
2778,com-Amazon,SNAP,334863,334863,1851744,Undirected Graph With Communities,2012,2012,112133228769,1.6513784721339686e-05,99.99834862152787,5.529855493141971,True,/SNAP/com-Amazon,https://sparse.tamu.edu/MM/SNAP/com-Amazon.tar.gz
2779,com-DBLP,SNAP,317080,317080,2099732,Undirected Graph With Communities,2012,2012,100539726400,2.0884600298653687e-05,99.99791153997013,6.622089062697111,True,/SNAP/com-DBLP,https://sparse.tamu.edu/MM/SNAP/com-DBLP.tar.gz
2780,com-Friendster,SNAP,65608366,65608366,3612134270,Undirected Graph With Communities,2012,2012,4304457689189956,8.391612906479184e-07,99.99991608387093,55.05600108986101,True,/SNAP/com-Friendster,https://sparse.tamu.edu/MM/SNAP/com-Friendster.tar.gz
2781,com-LiveJournal,SNAP,3997962,3997962,69362378,Undirected Graph With Communities,2012,2012,15983700153444,4.339569519830771e-06,99.99956604304802,17.349434036641668,True,/SNAP/com-LiveJournal,https://sparse.tamu.edu/MM/SNAP/com-LiveJournal.tar.gz
2782,com-Orkut,SNAP,3072441,3072441,234370166,Undirected Graph With Communities,2012,2012,9439893698481,2.4827627671031207e-05,99.9975172372329,76.28142118921079,True,/SNAP/com-Orkut,https://sparse.tamu.edu/MM/SNAP/com-Orkut.tar.gz
2783,com-Youtube,SNAP,1134890,1134890,5975248,Undirected Graph With Communities,2012,2012,1287975312100,4.639256625391026e-06,99.99953607433746,5.265045951590022,True,/SNAP/com-Youtube,https://sparse.tamu.edu/MM/SNAP/com-Youtube.tar.gz
2784,email-Eu-core,SNAP,1005,1005,25571,Directed Graph With Communities,2007,2007,1010025,0.0253171951189327,97.46828048810673,25.443781094527363,True,/SNAP/email-Eu-core,https://sparse.tamu.edu/MM/SNAP/email-Eu-core.tar.gz
2785,email-Eu-core-temporal,SNAP,1005,1005,24929,Directed Temporal Multigraph,2017,2017,1010025,0.024681567287938418,97.53184327120616,24.80497512437811,True,/SNAP/email-Eu-core-temporal,https://sparse.tamu.edu/MM/SNAP/email-Eu-core-temporal.tar.gz
2786,higgs-twitter,SNAP,456626,456626,14855842,Directed Temporal Multigraph,2015,2015,208507303876,7.124854488951054e-05,99.99287514551105,32.53393805871764,True,/SNAP/higgs-twitter,https://sparse.tamu.edu/MM/SNAP/higgs-twitter.tar.gz
2787,loc-Brightkite,SNAP,58228,58228,428156,Undirected Graph,2011,2011,3390499984,0.00012628108008273036,99.98737189199173,7.353094731057223,True,/SNAP/loc-Brightkite,https://sparse.tamu.edu/MM/SNAP/loc-Brightkite.tar.gz
2788,loc-Gowalla,SNAP,196591,196591,1900654,Undirected Graph,2011,2011,38648021281,4.917855913452399e-05,99.99508214408654,9.668062118815206,True,/SNAP/loc-Gowalla,https://sparse.tamu.edu/MM/SNAP/loc-Gowalla.tar.gz
2789,soc-Pokec,SNAP,1632803,1632803,30622564,Directed Graph,2012,2012,2666045636809,1.1486136462634698e-05,99.99885138635373,18.754598074599325,True,/SNAP/soc-Pokec,https://sparse.tamu.edu/MM/SNAP/soc-Pokec.tar.gz
2790,soc-sign-bitcoin-alpha,SNAP,3783,3783,24186,Directed Weighted Temporal Graph,2016,2016,14311089,0.0016900181390808204,99.83099818609192,6.393338620142744,True,/SNAP/soc-sign-bitcoin-alpha,https://sparse.tamu.edu/MM/SNAP/soc-sign-bitcoin-alpha.tar.gz
2791,soc-sign-bitcoin-otc,SNAP,5881,5881,35592,Directed Weighted Temporal Graph,2016,2016,34586161,0.0010290821233382914,99.89709178766617,6.052031967352491,True,/SNAP/soc-sign-bitcoin-otc,https://sparse.tamu.edu/MM/SNAP/soc-sign-bitcoin-otc.tar.gz
2792,sx-askubuntu,SNAP,159316,159316,596933,Directed Temporal Multigraph,2017,2017,25381587856,2.3518347370016487e-05,99.997648165263,3.7468490296015466,True,/SNAP/sx-askubuntu,https://sparse.tamu.edu/MM/SNAP/sx-askubuntu.tar.gz
2793,sx-mathoverflow,SNAP,24818,24818,239978,Directed Temporal Multigraph,2017,2017,615933124,0.00038961697406616504,99.96103830259338,9.669514062374084,True,/SNAP/sx-mathoverflow,https://sparse.tamu.edu/MM/SNAP/sx-mathoverflow.tar.gz
2794,sx-stackoverflow,SNAP,2601977,2601977,36233450,Directed Temporal Multigraph,2017,2017,6770284308529,5.351835809074397e-06,99.99946481641909,13.925353682987975,True,/SNAP/sx-stackoverflow,https://sparse.tamu.edu/MM/SNAP/sx-stackoverflow.tar.gz
2795,sx-superuser,SNAP,194085,194085,924886,Directed Temporal Multigraph,2017,2017,37668987225,2.455298292135063e-05,99.99754470170787,4.765365690290337,True,/SNAP/sx-superuser,https://sparse.tamu.edu/MM/SNAP/sx-superuser.tar.gz
2796,twitter7,SNAP,41652230,41652230,1468365182,Directed Graph,2010,2010,1734908263972900,8.46364740137601e-07,99.99991536352599,35.25297882010159,True,/SNAP/twitter7,https://sparse.tamu.edu/MM/SNAP/twitter7.tar.gz
2797,wiki-RfA,SNAP,11380,11380,188077,Directed Weighted Temporal Multigraph,2014,2014,129504400,0.0014522827023637807,99.85477172976363,16.526977152899825,True,/SNAP/wiki-RfA,https://sparse.tamu.edu/MM/SNAP/wiki-RfA.tar.gz
2798,wiki-talk-temporal,SNAP,1140149,1140149,3309592,Directed Temporal Multigraph,2017,2017,1299939742201,2.5459580106354363e-06,99.99974540419893,2.9027714798679822,True,/SNAP/wiki-talk-temporal,https://sparse.tamu.edu/MM/SNAP/wiki-talk-temporal.tar.gz
2799,wiki-topcats,SNAP,1791489,1791489,28511807,Directed Graph With Communities,2011,2011,3209432837121,8.883752503004962e-06,99.9991116247497,15.915144887855856,True,/SNAP/wiki-topcats,https://sparse.tamu.edu/MM/SNAP/wiki-topcats.tar.gz
2800,mawi_201512012345,MAWI,18571154,18571154,38040320,Undirected Weighted Graph,2015,2015,344887760891716,1.1029768032836478e-07,99.99998897023197,2.048355207220833,True,/MAWI/mawi_201512012345,https://sparse.tamu.edu/MM/MAWI/mawi_201512012345.tar.gz
2801,mawi_201512020000,MAWI,35991342,35991342,74485420,Undirected Weighted Graph,2015,2015,1295376698960964,5.75009725431572e-08,99.99999424990274,2.0695371681333805,True,/MAWI/mawi_201512020000,https://sparse.tamu.edu/MM/MAWI/mawi_201512020000.tar.gz
2802,mawi_201512020030,MAWI,68863315,68863315,143414960,Undirected Weighted Graph,2015,2015,4742156152789225,3.02425637999387e-08,99.99999697574363,2.0826031973627757,True,/MAWI/mawi_201512020030,https://sparse.tamu.edu/MM/MAWI/mawi_201512020030.tar.gz
2803,mawi_201512020130,MAWI,128568730,128568730,270234840,Undirected Weighted Graph,2015,2015,16529918333812900,1.634822595869812e-08,99.9999983651774,2.1018706492628496,True,/MAWI/mawi_201512020130,https://sparse.tamu.edu/MM/MAWI/mawi_201512020130.tar.gz
2804,mawi_201512020330,MAWI,226196185,226196185,480047894,Undirected Weighted Graph,2015,2015,51164714108554225,9.382401570377206e-09,99.99999906175985,2.122263441357333,True,/MAWI/mawi_201512020330,https://sparse.tamu.edu/MM/MAWI/mawi_201512020330.tar.gz
2805,kmer_A2a,GenBank,170728175,170728175,360585172,Undirected Graph,2015,2015,29148109738830625,1.2370790944279809e-08,99.99999876292091,2.1120425612234186,True,/GenBank/kmer_A2a,https://sparse.tamu.edu/MM/GenBank/kmer_A2a.tar.gz
2806,kmer_P1a,GenBank,139353211,139353211,297829984,Undirected Graph,2015,2015,19419317416010521,1.533678952868086e-08,99.99999846632105,2.137230867252854,True,/GenBank/kmer_P1a,https://sparse.tamu.edu/MM/GenBank/kmer_P1a.tar.gz
2807,kmer_U1a,GenBank,67716231,67716231,138778562,Undirected Graph,2015,2015,4585487940845361,3.026473164694778e-08,99.99999697352683,2.0494135593577263,True,/GenBank/kmer_U1a,https://sparse.tamu.edu/MM/GenBank/kmer_U1a.tar.gz
2808,kmer_V1r,GenBank,214005017,214005017,465410904,Undirected Graph,2015,2015,45798147301170289,1.0162221212562178e-08,99.99999898377789,2.1747663233521295,True,/GenBank/kmer_V1r,https://sparse.tamu.edu/MM/GenBank/kmer_V1r.tar.gz
2809,kmer_V2a,GenBank,55042369,55042369,117217600,Undirected Graph,2015,2015,3029662385132161,3.8689987562718705e-08,99.99999613100124,2.129588572032574,True,/GenBank/kmer_V2a,https://sparse.tamu.edu/MM/GenBank/kmer_V2a.tar.gz
2810,MOLIERE_2016,Sybrandt,30239687,30239687,6669254694,Undirected Weighted Graph,2017,2017,914438669857969,7.293277191608565e-06,99.99927067228084,220.54641947848202,True,/Sybrandt/MOLIERE_2016,https://sparse.tamu.edu/MM/Sybrandt/MOLIERE_2016.tar.gz
2811,TEM27623,Guettel,27623,27623,439469,Electromagnetics Problem,2015,2015,763030129,0.0005759523553492603,99.94240476446508,15.90953191181262,True,/Guettel/TEM27623,https://sparse.tamu.edu/MM/Guettel/TEM27623.tar.gz
2812,TEM152078,Guettel,152078,152078,6459326,Electromagnetics Problem,2015,2015,23127718084,0.00027928937807611165,99.97207106219238,42.473770039058905,True,/Guettel/TEM152078,https://sparse.tamu.edu/MM/Guettel/TEM152078.tar.gz
2813,TEM181302,Guettel,181302,181302,7839010,Electromagnetics Problem,2015,2015,32870415204,0.0002384822324679997,99.9761517767532,43.23730571091328,True,/Guettel/TEM181302,https://sparse.tamu.edu/MM/Guettel/TEM181302.tar.gz
2814,windtunnel_evap2d,Grueninger,8256,8256,109368,Computational Fluid Dynamics Problem,2017,2017,68161536,0.0016045413061114115,99.83954586938886,13.247093023255815,True,/Grueninger/windtunnel_evap2d,https://sparse.tamu.edu/MM/Grueninger/windtunnel_evap2d.tar.gz
2815,windtunnel_evap3d,Grueninger,40816,40816,803978,Computational Fluid Dynamics Problem,2017,2017,1665945856,0.00048259551599736983,99.95174044840026,19.697618580948646,True,/Grueninger/windtunnel_evap3d,https://sparse.tamu.edu/MM/Grueninger/windtunnel_evap3d.tar.gz
2816,power197k,PowerSystem,197156,197156,805839,Power Network Problem,2017,2017,38870488336,2.073138348647064e-05,99.99792686165135,4.087316642658605,True,/PowerSystem/power197k,https://sparse.tamu.edu/MM/PowerSystem/power197k.tar.gz
2817,Goodwin_010,Goodwin,1182,1182,32282,Computational Fluid Dynamics,2018,2018,1397124,0.02310603783200346,97.68939621679965,27.311336717428087,True,/Goodwin/Goodwin_010,https://sparse.tamu.edu/MM/Goodwin/Goodwin_010.tar.gz
2818,Goodwin_013,Goodwin,1965,1965,56069,Computational Fluid Dynamics,2018,2018,3861225,0.014521039307473664,98.54789606925264,28.533842239185752,True,/Goodwin/Goodwin_013,https://sparse.tamu.edu/MM/Goodwin/Goodwin_013.tar.gz
2819,Goodwin_017,Goodwin,3317,3317,97773,Computational Fluid Dynamics,2018,2018,11002489,0.008886443785583426,99.11135562144166,29.476334036780223,True,/Goodwin/Goodwin_017,https://sparse.tamu.edu/MM/Goodwin/Goodwin_017.tar.gz
2820,Goodwin_023,Goodwin,6005,6005,182168,Computational Fluid Dynamics,2018,2018,36060025,0.0050517990489468605,99.49482009510533,30.336053288925896,True,/Goodwin/Goodwin_023,https://sparse.tamu.edu/MM/Goodwin/Goodwin_023.tar.gz
2821,Goodwin_030,Goodwin,10142,10142,312814,Computational Fluid Dynamics,2018,2018,102860164,0.0030411578966566687,99.69588421033433,30.843423387891935,True,/Goodwin/Goodwin_030,https://sparse.tamu.edu/MM/Goodwin/Goodwin_030.tar.gz
2822,Goodwin_040,Goodwin,17922,17922,561677,Computational Fluid Dynamics,2018,2018,321198084,0.001748693494697185,99.82513065053028,31.34008481196295,True,/Goodwin/Goodwin_040,https://sparse.tamu.edu/MM/Goodwin/Goodwin_040.tar.gz
2823,Goodwin_054,Goodwin,32510,32510,1030878,Computational Fluid Dynamics,2018,2018,1056900100,0.0009753788461180011,99.9024621153882,31.709566287296216,True,/Goodwin/Goodwin_054,https://sparse.tamu.edu/MM/Goodwin/Goodwin_054.tar.gz
2824,Goodwin_071,Goodwin,56021,56021,1797934,Computational Fluid Dynamics,2018,2018,3138352441,0.0005728910419720447,99.9427108958028,32.093929062315915,True,/Goodwin/Goodwin_071,https://sparse.tamu.edu/MM/Goodwin/Goodwin_071.tar.gz
2825,Goodwin_095,Goodwin,100037,100037,3226066,Computational Fluid Dynamics,2018,2018,10007401369,0.00032236800354519687,99.96776319964547,32.24872797065086,True,/Goodwin/Goodwin_095,https://sparse.tamu.edu/MM/Goodwin/Goodwin_095.tar.gz
2826,Goodwin_127,Goodwin,178437,178437,5778545,Computational Fluid Dynamics,2018,2018,31839762969,0.00018148831715946307,99.98185116828405,32.384230848983115,True,/Goodwin/Goodwin_127,https://sparse.tamu.edu/MM/Goodwin/Goodwin_127.tar.gz
2827,ACTIVSg2000,TAMU_SmartGridCenter,4000,4000,28505,Power Network Problem,2018,2018,16000000,0.0017815625,99.82184375,7.12625,True,/TAMU_SmartGridCenter/ACTIVSg2000,https://sparse.tamu.edu/MM/TAMU_SmartGridCenter/ACTIVSg2000.tar.gz
2828,ACTIVSg10K,TAMU_SmartGridCenter,20000,20000,135888,Power Network Problem,2018,2018,400000000,0.00033972,99.966028,6.7944,True,/TAMU_SmartGridCenter/ACTIVSg10K,https://sparse.tamu.edu/MM/TAMU_SmartGridCenter/ACTIVSg10K.tar.gz
2829,ACTIVSg70K,TAMU_SmartGridCenter,69999,69999,238627,Power Network Problem,2018,2018,4899860001,4.870077919599728e-05,99.99512992208041,3.4090058429406134,True,/TAMU_SmartGridCenter/ACTIVSg70K,https://sparse.tamu.edu/MM/TAMU_SmartGridCenter/ACTIVSg70K.tar.gz
2830,ifiss_mat,Embree,96307,96307,3599932,Computational Fluid Dynamics,2015,2015,9275038249,0.0003881312295815202,99.96118687704185,37.37975432730747,True,/Embree/ifiss_mat,https://sparse.tamu.edu/MM/Embree/ifiss_mat.tar.gz
2831,Hardesty1,Hardesty,938905,938905,12143314,Computer Graphics/Vision Problem,2013,2013,881542599025,1.3775073392290623e-05,99.99862249266077,12.93348528338863,True,/Hardesty/Hardesty1,https://sparse.tamu.edu/MM/Hardesty/Hardesty1.tar.gz
2834,nv1,VLSI,75468,75468,1635003,Semiconductor Device Problem,2018,2018,5695419024,0.0002870733466862121,99.97129266533138,21.66485132771506,True,/VLSI/nv1,https://sparse.tamu.edu/MM/VLSI/nv1.tar.gz
2835,nv2,VLSI,1453908,1453908,37475646,Semiconductor Device Problem,2018,2018,2113848472464,1.772863404741431e-05,99.99822713659526,25.775802870608043,True,/VLSI/nv2,https://sparse.tamu.edu/MM/VLSI/nv2.tar.gz
2836,imagesensor,VLSI,118758,118758,1446396,Semiconductor Device Problem,2018,2018,14103462564,0.00010255609169992192,99.98974439083,12.179356338099328,True,/VLSI/imagesensor,https://sparse.tamu.edu/MM/VLSI/imagesensor.tar.gz
2837,mosfet2,VLSI,46994,46994,1013062,Semiconductor Device Problem,2018,2018,2208436036,0.0004587237228001835,99.95412762771998,21.557262629271822,True,/VLSI/mosfet2,https://sparse.tamu.edu/MM/VLSI/mosfet2.tar.gz
2838,power9,VLSI,155376,155376,1887730,Semiconductor Device Problem,2018,2018,24141701376,7.819374329087883e-05,99.99218062567091,12.149431057563588,True,/VLSI/power9,https://sparse.tamu.edu/MM/VLSI/power9.tar.gz
2839,radiation,VLSI,223104,223104,5526637,Semiconductor Device Problem,2018,2018,49775394816,0.00011103150503235177,99.98889684949677,24.77157289873781,True,/VLSI/radiation,https://sparse.tamu.edu/MM/VLSI/radiation.tar.gz
2840,test1,VLSI,392908,392908,9447535,Semiconductor Device Problem,2018,2018,154376696464,6.119793476862698e-05,99.99388020652313,24.04515815407169,True,/VLSI/test1,https://sparse.tamu.edu/MM/VLSI/test1.tar.gz
2841,dgreen,VLSI,1200611,1200611,26606169,Semiconductor Device Problem,2018,2018,1441466773321,1.845770536819379e-05,99.99815422946318,22.160524099812513,True,/VLSI/dgreen,https://sparse.tamu.edu/MM/VLSI/dgreen.tar.gz
2842,vas_stokes_1M,VLSI,1090664,1090664,34767207,Semiconductor Process Problem,2018,2018,1189547960896,2.922724273665468e-05,99.99707727572633,31.87710147213074,True,/VLSI/vas_stokes_1M,https://sparse.tamu.edu/MM/VLSI/vas_stokes_1M.tar.gz
2843,vas_stokes_2M,VLSI,2146677,2146677,65129037,Semiconductor Process Problem,2018,2018,4608222142329,1.4133224264897031e-05,99.99858667757351,30.339467465296362,True,/VLSI/vas_stokes_2M,https://sparse.tamu.edu/MM/VLSI/vas_stokes_2M.tar.gz
2844,vas_stokes_4M,VLSI,4382246,4382246,131577616,Semiconductor Process Problem,2018,2018,19204080004516,6.851544878435126e-06,99.99931484551216,30.025155137342814,True,/VLSI/vas_stokes_4M,https://sparse.tamu.edu/MM/VLSI/vas_stokes_4M.tar.gz
2845,stokes,VLSI,11449533,11449533,349321980,Semiconductor Process Problem,2018,2018,131091805918089,2.664712546703867e-06,99.99973352874532,30.509714238999965,True,/VLSI/stokes,https://sparse.tamu.edu/MM/VLSI/stokes.tar.gz
2846,ss1,VLSI,205282,205282,845089,Semiconductor Process Problem,2018,2018,42140699524,2.00539860407088e-05,99.99799460139593,4.116722362408784,True,/VLSI/ss1,https://sparse.tamu.edu/MM/VLSI/ss1.tar.gz
2847,ss,VLSI,1652680,1652680,34753577,Semiconductor Process Problem,2018,2018,2731351182400,1.2723950411042537e-05,99.99872760495889,21.02861836532178,True,/VLSI/ss,https://sparse.tamu.edu/MM/VLSI/ss.tar.gz
2848,nxp1,Freescale,414604,414604,2655880,Circuit Simulation Problem,2018,2018,171896476816,1.5450462099016054e-05,99.99845495379009,6.405823388100452,True,/Freescale/nxp1,https://sparse.tamu.edu/MM/Freescale/nxp1.tar.gz
2849,marine1,Martin,400320,400320,6226538,Chemical Oceanography Problem,2018,2018,160256102400,3.885367175883594e-05,99.99611463282412,15.553901878497202,True,/Martin/marine1,https://sparse.tamu.edu/MM/Martin/marine1.tar.gz
2850,dendrimer,Negre,730,730,63024,Computational Chemistry Problem,2018,2018,532900,0.11826609119909927,88.17339088009007,86.33424657534246,True,/Negre/dendrimer,https://sparse.tamu.edu/MM/Negre/dendrimer.tar.gz
2851,analytics,Precima,303813,303813,2006126,Data Analytics Problem,2018,2018,92302338969,2.173429213612629e-05,99.99782657078639,6.6031604967529365,True,/Precima/analytics,https://sparse.tamu.edu/MM/Precima/analytics.tar.gz
2852,GAP-twitter,GAP,61578415,61578415,1468364884,Directed Weighted Graph,2017,2017,3791901193912225,3.872371163988694e-07,99.99996127628836,23.845447857012882,True,/GAP/GAP-twitter,https://sparse.tamu.edu/MM/GAP/GAP-twitter.tar.gz
2853,GAP-web,GAP,50636151,50636151,1930292948,Directed Weighted Graph,2017,2017,2564019788094801,7.528385533382749e-07,99.99992471614466,38.12084666545844,True,/GAP/GAP-web,https://sparse.tamu.edu/MM/GAP/GAP-web.tar.gz
2854,GAP-road,GAP,23947347,23947347,57708624,Directed Weighted Graph,2017,2017,573475428338409,1.0062963668243868e-07,99.99998993703633,2.4098128281182882,True,/GAP/GAP-road,https://sparse.tamu.edu/MM/GAP/GAP-road.tar.gz
2855,GAP-kron,GAP,134217726,134217726,4223264644,Random Undirected Weighted Graph,2017,2017,18014397972611076,2.3443828932951367e-07,99.99997655617106,31.46577408113739,True,/GAP/GAP-kron,https://sparse.tamu.edu/MM/GAP/GAP-kron.tar.gz
2856,GAP-urand,GAP,134217728,134217728,4294966740,Random Undirected Weighted Graph,2017,2017,18014398509481984,2.3841854823736242e-07,99.99997615814517,31.999995857477188,True,/GAP/GAP-urand,https://sparse.tamu.edu/MM/GAP/GAP-urand.tar.gz
2857,Binaryalphadigs_10NN,ML_Graph,1404,1404,19392,Undirected Weighted Graph,2020,2020,1971216,0.009837582487155137,99.01624175128448,13.811965811965813,True,/ML_Graph/Binaryalphadigs_10NN,https://sparse.tamu.edu/MM/ML_Graph/Binaryalphadigs_10NN.tar.gz
2858,breasttissue_10NN,ML_Graph,106,106,1412,Undirected Weighted Graph,2020,2020,11236,0.12566749733001067,87.43325026699893,13.320754716981131,True,/ML_Graph/breasttissue_10NN,https://sparse.tamu.edu/MM/ML_Graph/breasttissue_10NN.tar.gz
2859,cnae9_10NN,ML_Graph,1080,1080,18278,Undirected Weighted Graph,2020,2020,1166400,0.015670438957475996,98.4329561042524,16.924074074074074,True,/ML_Graph/cnae9_10NN,https://sparse.tamu.edu/MM/ML_Graph/cnae9_10NN.tar.gz
2860,collins_15NN,ML_Graph,1000,1000,16492,Undirected Weighted Graph,2020,2020,1000000,0.016492,98.3508,16.492,True,/ML_Graph/collins_15NN,https://sparse.tamu.edu/MM/ML_Graph/collins_15NN.tar.gz
2861,dataset12mfeatfactors_10NN,ML_Graph,2000,2000,27442,Undirected Weighted Graph,2020,2020,4000000,0.0068605,99.31394999999999,13.721,True,/ML_Graph/dataset12mfeatfactors_10NN,https://sparse.tamu.edu/MM/ML_Graph/dataset12mfeatfactors_10NN.tar.gz
2862,dataset16mfeatkarhunen_10NN,ML_Graph,2000,2000,27668,Undirected Weighted Graph,2020,2020,4000000,0.006917,99.3083,13.834,True,/ML_Graph/dataset16mfeatkarhunen_10NN,https://sparse.tamu.edu/MM/ML_Graph/dataset16mfeatkarhunen_10NN.tar.gz
2863,dataset18mfeatmorphological_10NN,ML_Graph,2000,2000,22832,Undirected Weighted Graph,2020,2020,4000000,0.005708,99.4292,11.416,True,/ML_Graph/dataset18mfeatmorphological_10NN,https://sparse.tamu.edu/MM/ML_Graph/dataset18mfeatmorphological_10NN.tar.gz
2864,dataset20mfeatpixel_10NN,ML_Graph,2000,2000,27932,Undirected Weighted Graph,2020,2020,4000000,0.006983,99.30170000000001,13.966,True,/ML_Graph/dataset20mfeatpixel_10NN,https://sparse.tamu.edu/MM/ML_Graph/dataset20mfeatpixel_10NN.tar.gz
2865,dataset22mfeatzernike_10NN,ML_Graph,2000,2000,27414,Undirected Weighted Graph,2020,2020,4000000,0.0068535,99.31465,13.707,True,/ML_Graph/dataset22mfeatzernike_10NN,https://sparse.tamu.edu/MM/ML_Graph/dataset22mfeatzernike_10NN.tar.gz
2866,dermatology_5NN,ML_Graph,366,366,2440,Undirected Weighted Graph,2020,2020,133956,0.018214936247723135,98.1785063752277,6.666666666666667,True,/ML_Graph/dermatology_5NN,https://sparse.tamu.edu/MM/ML_Graph/dermatology_5NN.tar.gz
2867,Ecoli_10NN,ML_Graph,336,336,4560,Undirected Weighted Graph,2020,2020,112896,0.04039115646258504,95.96088435374149,13.571428571428571,True,/ML_Graph/Ecoli_10NN,https://sparse.tamu.edu/MM/ML_Graph/Ecoli_10NN.tar.gz
2868,Fashion_MNIST_norm_10NN,ML_Graph,10000,10000,158304,Undirected Weighted Graph,2020,2020,100000000,0.00158304,99.841696,15.8304,True,/ML_Graph/Fashion_MNIST_norm_10NN,https://sparse.tamu.edu/MM/ML_Graph/Fashion_MNIST_norm_10NN.tar.gz
2869,Glass_10NN,ML_Graph,214,214,2986,Undirected Weighted Graph,2020,2020,45796,0.06520220106559525,93.47977989344048,13.953271028037383,True,/ML_Graph/Glass_10NN,https://sparse.tamu.edu/MM/ML_Graph/Glass_10NN.tar.gz
2870,har_10NN,ML_Graph,10299,10299,151736,Undirected Weighted Graph,2020,2020,106069401,0.001430535089002718,99.85694649109973,14.733080881638994,True,/ML_Graph/har_10NN,https://sparse.tamu.edu/MM/ML_Graph/har_10NN.tar.gz
2871,indianpines_10NN,ML_Graph,9144,9144,124656,Undirected Weighted Graph,2020,2020,83612736,0.0014908733521170746,99.8509126647883,13.63254593175853,True,/ML_Graph/indianpines_10NN,https://sparse.tamu.edu/MM/ML_Graph/indianpines_10NN.tar.gz
2872,iris_dataset_30NN,ML_Graph,150,150,5518,Undirected Weighted Graph,2020,2020,22500,0.24524444444444443,75.47555555555556,36.78666666666667,True,/ML_Graph/iris_dataset_30NN,https://sparse.tamu.edu/MM/ML_Graph/iris_dataset_30NN.tar.gz
2873,JapaneseVowelsSmall_10NN,ML_Graph,9961,9961,131144,Undirected Weighted Graph,2020,2020,99221521,0.0013217293857045388,99.86782706142955,13.165746411002912,True,/ML_Graph/JapaneseVowelsSmall_10NN,https://sparse.tamu.edu/MM/ML_Graph/JapaneseVowelsSmall_10NN.tar.gz
2874,k49_norm_10NN,ML_Graph,38547,38547,618158,Undirected Weighted Graph,2020,2020,1485871209,0.0004160239435664306,99.95839760564336,16.0364749526552,True,/ML_Graph/k49_norm_10NN,https://sparse.tamu.edu/MM/ML_Graph/k49_norm_10NN.tar.gz
2875,kmnist_norm_10NN,ML_Graph,10000,10000,156932,Undirected Weighted Graph,2020,2020,100000000,0.00156932,99.843068,15.6932,True,/ML_Graph/kmnist_norm_10NN,https://sparse.tamu.edu/MM/ML_Graph/kmnist_norm_10NN.tar.gz
2876,mice_10NN,ML_Graph,1077,1077,13484,Undirected Weighted Graph,2020,2020,1159929,0.01162484945199232,98.83751505480078,12.51996285979573,True,/ML_Graph/mice_10NN,https://sparse.tamu.edu/MM/ML_Graph/mice_10NN.tar.gz
2877,micromass_10NN,ML_Graph,571,571,9668,Undirected Weighted Graph,2020,2020,326041,0.02965271238893268,97.03472876110673,16.93169877408056,True,/ML_Graph/micromass_10NN,https://sparse.tamu.edu/MM/ML_Graph/micromass_10NN.tar.gz
2878,mnist_test_norm_10NN,ML_Graph,10000,10000,145600,Undirected Weighted Graph,2020,2020,100000000,0.001456,99.8544,14.56,True,/ML_Graph/mnist_test_norm_10NN,https://sparse.tamu.edu/MM/ML_Graph/mnist_test_norm_10NN.tar.gz
2879,Olivetti_norm_10NN,ML_Graph,400,400,5656,Undirected Weighted Graph,2020,2020,160000,0.03535,96.465,14.14,True,/ML_Graph/Olivetti_norm_10NN,https://sparse.tamu.edu/MM/ML_Graph/Olivetti_norm_10NN.tar.gz
2880,optdigits_10NN,ML_Graph,5620,5620,79650,Undirected Weighted Graph,2020,2020,31584400,0.002521814566684819,99.74781854333152,14.172597864768683,True,/ML_Graph/optdigits_10NN,https://sparse.tamu.edu/MM/ML_Graph/optdigits_10NN.tar.gz
2881,Plants_10NN,ML_Graph,1600,1600,21930,Undirected Weighted Graph,2020,2020,2560000,0.00856640625,99.14335937499999,13.70625,True,/ML_Graph/Plants_10NN,https://sparse.tamu.edu/MM/ML_Graph/Plants_10NN.tar.gz
2882,plantsmargin_12NN,ML_Graph,1600,1600,25482,Undirected Weighted Graph,2020,2020,2560000,0.00995390625,99.004609375,15.92625,True,/ML_Graph/plantsmargin_12NN,https://sparse.tamu.edu/MM/ML_Graph/plantsmargin_12NN.tar.gz
2883,plantstexture_10NN,ML_Graph,1599,1599,21204,Undirected Weighted Graph,2020,2020,2556801,0.008293175730140906,99.1706824269859,13.26078799249531,True,/ML_Graph/plantstexture_10NN,https://sparse.tamu.edu/MM/ML_Graph/plantstexture_10NN.tar.gz
2884,semeion_10NN,ML_Graph,1593,1593,22226,Undirected Weighted Graph,2020,2020,2537649,0.008758500486079832,99.12414995139201,13.952291274325173,True,/ML_Graph/semeion_10NN,https://sparse.tamu.edu/MM/ML_Graph/semeion_10NN.tar.gz
2885,Spectro_10NN,ML_Graph,531,531,7422,Undirected Weighted Graph,2020,2020,281961,0.0263227893219275,97.36772106780724,13.977401129943503,True,/ML_Graph/Spectro_10NN,https://sparse.tamu.edu/MM/ML_Graph/Spectro_10NN.tar.gz
2886,umistfacesnorm_10NN,ML_Graph,575,575,6990,Undirected Weighted Graph,2020,2020,330625,0.021141776937618147,97.8858223062382,12.156521739130435,True,/ML_Graph/umistfacesnorm_10NN,https://sparse.tamu.edu/MM/ML_Graph/umistfacesnorm_10NN.tar.gz
2887,usps_norm_5NN,ML_Graph,11000,11000,81112,Undirected Weighted Graph,2020,2020,121000000,0.0006703471074380166,99.9329652892562,7.373818181818182,True,/ML_Graph/usps_norm_5NN,https://sparse.tamu.edu/MM/ML_Graph/usps_norm_5NN.tar.gz
2888,Vehicle_10NN,ML_Graph,846,846,10894,Undirected Weighted Graph,2020,2020,715716,0.015221121226855344,98.47788787731446,12.877068557919621,True,/ML_Graph/Vehicle_10NN,https://sparse.tamu.edu/MM/ML_Graph/Vehicle_10NN.tar.gz
2889,worms20_10NN,ML_Graph,20055,20055,240826,Undirected Weighted Graph,2020,2020,402203025,0.0005987672519370038,99.9401232748063,12.008277237596609,True,/ML_Graph/worms20_10NN,https://sparse.tamu.edu/MM/ML_Graph/worms20_10NN.tar.gz
2890,YaleA_10NN,ML_Graph,165,165,2268,Undirected Weighted Graph,2020,2020,27225,0.08330578512396694,91.6694214876033,13.745454545454546,True,/ML_Graph/YaleA_10NN,https://sparse.tamu.edu/MM/ML_Graph/YaleA_10NN.tar.gz
2891,YaleB_10NN,ML_Graph,2414,2414,34808,Undirected Weighted Graph,2020,2020,5827396,0.00597316537266388,99.4026834627336,14.419221209610605,True,/ML_Graph/YaleB_10NN,https://sparse.tamu.edu/MM/ML_Graph/YaleB_10NN.tar.gz
2892,yeast_30NN,ML_Graph,1484,1484,62350,Undirected Weighted Graph,2020,2020,2202256,0.028311876548412173,97.16881234515878,42.014824797843666,True,/ML_Graph/yeast_30NN,https://sparse.tamu.edu/MM/ML_Graph/yeast_30NN.tar.gz
2893,AGATHA_2015,Sybrandt,183964077,183964077,11588725964,Undirected Graph,2020,2020,33842781626461929,3.4242829362875677e-07,99.99996575717064,62.99450497609922,True,/Sybrandt/AGATHA_2015,https://sparse.tamu.edu/MM/Sybrandt/AGATHA_2015.tar.gz
2894,Spielman_k100,FlowIPM22,338402,338402,1025404,Undirected Weighted Graph,2023,2023,114515913604,8.954248957449553e-06,99.99910457510425,3.0301357556988435,True,/FlowIPM22/Spielman_k100,https://sparse.tamu.edu/MM/FlowIPM22/Spielman_k100.tar.gz
2895,Spielman_k200,FlowIPM22,2686802,2686802,8100804,Undirected Weighted Graph,2023,2023,7218904987204,1.1221652057146098e-06,99.99988778347942,3.0150357190444255,True,/FlowIPM22/Spielman_k200,https://sparse.tamu.edu/MM/FlowIPM22/Spielman_k200.tar.gz
2896,Spielman_k300,FlowIPM22,9045202,9045202,27226204,Undirected Weighted Graph,2023,2023,81815679220804,3.327748942415056e-07,99.99996672251058,3.010016138943055,True,/FlowIPM22/Spielman_k300,https://sparse.tamu.edu/MM/FlowIPM22/Spielman_k300.tar.gz
2897,Spielman_k400,FlowIPM22,21413602,21413602,64401604,Undirected Weighted Graph,2023,2023,458542350614404,1.4044854071539488e-07,99.99998595514593,3.0075091523602615,True,/FlowIPM22/Spielman_k400,https://sparse.tamu.edu/MM/FlowIPM22/Spielman_k400.tar.gz
2898,Spielman_k500,FlowIPM22,41792002,41792002,125627004,Undirected Weighted Graph,2023,2023,1746571431168004,7.192777905223611e-08,99.9999928072221,3.0060058860066095,True,/FlowIPM22/Spielman_k500,https://sparse.tamu.edu/MM/FlowIPM22/Spielman_k500.tar.gz
2899,Spielman_k600,FlowIPM22,72180402,72180402,216902404,Undirected Weighted Graph,2023,2023,5210010432881604,4.1631855980763073e-08,99.9999958368144,3.0050041006975827,True,/FlowIPM22/Spielman_k600,https://sparse.tamu.edu/MM/FlowIPM22/Spielman_k600.tar.gz
2900,uni_chimera_i1,FlowIPM22,100000,100000,1100592,Undirected Weighted Graph,2023,2023,10000000000,0.0001100592,99.98899408,11.00592,True,/FlowIPM22/uni_chimera_i1,https://sparse.tamu.edu/MM/FlowIPM22/uni_chimera_i1.tar.gz
2901,uni_chimera_i2,FlowIPM22,100000,100000,797974,Undirected Weighted Graph,2023,2023,10000000000,7.97974e-05,99.99202026,7.97974,True,/FlowIPM22/uni_chimera_i2,https://sparse.tamu.edu/MM/FlowIPM22/uni_chimera_i2.tar.gz
2902,uni_chimera_i3,FlowIPM22,100000,100000,499696,Undirected Weighted Graph,2023,2023,10000000000,4.99696e-05,99.99500304,4.99696,True,/FlowIPM22/uni_chimera_i3,https://sparse.tamu.edu/MM/FlowIPM22/uni_chimera_i3.tar.gz
2903,uni_chimera_i4,FlowIPM22,100000,100000,814436,Undirected Weighted Graph,2023,2023,10000000000,8.14436e-05,99.99185564000001,8.14436,True,/FlowIPM22/uni_chimera_i4,https://sparse.tamu.edu/MM/FlowIPM22/uni_chimera_i4.tar.gz
2904,uni_chimera_i5,FlowIPM22,100000,100000,499982,Undirected Weighted Graph,2023,2023,10000000000,4.99982e-05,99.99500018,4.99982,True,/FlowIPM22/uni_chimera_i5,https://sparse.tamu.edu/MM/FlowIPM22/uni_chimera_i5.tar.gz
