class,name,n,A_nnz,density_pct,cu_cnnz,man_cnnz,merge_cnnz,merge2_cnnz,merge3_cnnz,cnnz_gap_pct,buf2,cu_we,cu_compute,cu_copy,cu_d2h,cu_kernel,cu_time,cu_write,man_count,man_fill,man_kernel,man_time,merge_time,merge2_time,merge3_time,man_write,cu_compute_t,man_compute_t,merge_compute_t,merge2_compute_t,merge3_compute_t,phases,cublas_ms,ocean_ms
Dense,bcsstk02,66,4356,100.0,4356,4356,4356,4356,4356,0.0,,0.05700000000001637,0.2199999999999136,0.05000000000006821,0.09900000000004638,0.3269999999999982,0.596,,,,,1.027,1.855,0.552,0.314,,0.34699999999998,0.7899999999999636,1.6759999999999309,0.3830000000000382,0.14400000000000546,"{('cu', 'start'): 706.618, ('cu', 'h2dmalloc'): 706.678, ('cu', 'h2d'): 706.696, ('cu', 'workest'): 706.753, ('cu', 'compute'): 706.973, ('cu', 'copy'): 707.023, ('cu', 'pack'): 707.043, ('cu', 'd2h'): 707.142, ('gust', 'start'): 707.221, ('gust', 'h2d'): 707.296, ('gust', 'count'): 707.325, ('gust', 'scan'): 707.367, ('gust', 'expand'): 707.47, ('gust', 'sort'): 707.725, ('gust', 'reduce'): 707.881, ('gust', 'final'): 708.063, ('gust', 'pack'): 708.086, ('gust', 'd2h'): 708.106, ('merge', 'start'): 708.254, ('merge', 'h2d'): 708.339, ('merge', 'count'): 708.366, ('merge', 'scan'): 708.407, ('merge', 'expand'): 708.869, ('merge', 'merge'): 709.739, ('merge', 'final'): 709.852, ('merge', 'compact'): 709.991, ('merge', 'pack'): 710.015, ('merge', 'd2h'): 710.028, ('mrg2', 'start'): 710.117, ('mrg2', 'h2d'): 710.192, ('mrg2', 'count'): 710.216, ('mrg2', 'scan'): 710.253, ('mrg2', 'merge'): 710.429, ('mrg2', 'final'): 710.467, ('mrg2', 'compact'): 710.555, ('mrg2', 'pack'): 710.575, ('mrg2', 'd2h'): 710.588, ('mrg3', 'start'): 710.675, ('mrg3', 'h2d'): 710.749, ('mrg3', 'count'): 710.783, ('mrg3', 'scan'): 710.835, ('mrg3', 'merge'): 710.876, ('mrg3', 'pack'): 710.893, ('mrg3', 'd2h'): 710.906}",0.048649962991476,0.8383808018872514
Dense,can_24,24,160,27.77777777777778,336,336,336,336,336,0.0,,0.05600000000004002,0.16499999999996362,0.053999999999973625,0.02400000000000091,0.27499999999997726,0.474,,,,,0.439,0.388,0.347,0.305,,0.29500000000007276,0.25700000000006185,0.21900000000005093,0.1710000000000491,0.1310000000000855,"{('cu', 'start'): 679.521, ('cu', 'h2dmalloc'): 679.582, ('cu', 'h2d'): 679.597, ('cu', 'workest'): 679.653, ('cu', 'compute'): 679.818, ('cu', 'copy'): 679.872, ('cu', 'pack'): 679.892, ('cu', 'd2h'): 679.916, ('gust', 'start'): 680.005, ('gust', 'h2d'): 680.079, ('gust', 'count'): 680.101, ('gust', 'scan'): 680.139, ('gust', 'expand'): 680.172, ('gust', 'sort'): 680.222, ('gust', 'reduce'): 680.263, ('gust', 'final'): 680.317, ('gust', 'pack'): 680.336, ('gust', 'd2h'): 680.346, ('merge', 'start'): 680.45, ('merge', 'h2d'): 680.524, ('merge', 'count'): 680.546, ('merge', 'scan'): 680.582, ('merge', 'expand'): 680.614, ('merge', 'merge'): 680.661, ('merge', 'final'): 680.7, ('merge', 'compact'): 680.725, ('merge', 'pack'): 680.743, ('merge', 'd2h'): 680.753, ('mrg2', 'start'): 680.843, ('mrg2', 'h2d'): 680.914, ('mrg2', 'count'): 680.935, ('mrg2', 'scan'): 680.97, ('mrg2', 'merge'): 681.006, ('mrg2', 'final'): 681.041, ('mrg2', 'compact'): 681.066, ('mrg2', 'pack'): 681.085, ('mrg2', 'd2h'): 681.095, ('mrg3', 'start'): 681.197, ('mrg3', 'h2d'): 681.271, ('mrg3', 'count'): 681.296, ('mrg3', 'scan'): 681.347, ('mrg3', 'merge'): 681.373, ('mrg3', 'pack'): 681.402, ('mrg3', 'd2h'): 681.416}",0.0485549680888652,0.2038816010579466
Dense,bcsstk04,132,3648,20.9366391184573,11968,11968,11968,11968,11968,0.0,,0.05499999999994998,0.2459999999999809,0.06799999999998363,0.11400000000003274,0.3689999999999145,0.653,,,,,0.783,1.266,0.455,0.35,,0.39199999999993906,0.59699999999998,1.0850000000000364,0.2799999999999727,0.16800000000000637,"{('cu', 'start'): 680.374, ('cu', 'h2dmalloc'): 680.433, ('cu', 'h2d'): 680.45, ('cu', 'workest'): 680.505, ('cu', 'compute'): 680.751, ('cu', 'copy'): 680.819, ('cu', 'pack'): 680.842, ('cu', 'd2h'): 680.956, ('gust', 'start'): 681.038, ('gust', 'h2d'): 681.114, ('gust', 'count'): 681.138, ('gust', 'scan'): 681.176, ('gust', 'expand'): 681.217, ('gust', 'sort'): 681.467, ('gust', 'reduce'): 681.572, ('gust', 'final'): 681.689, ('gust', 'pack'): 681.711, ('gust', 'd2h'): 681.736, ('merge', 'start'): 681.825, ('merge', 'h2d'): 681.906, ('merge', 'count'): 681.931, ('merge', 'scan'): 681.97, ('merge', 'expand'): 682.14, ('merge', 'merge'): 682.838, ('merge', 'final'): 682.878, ('merge', 'compact'): 682.969, ('merge', 'pack'): 682.991, ('merge', 'd2h'): 683.009, ('mrg2', 'start'): 683.097, ('mrg2', 'h2d'): 683.169, ('mrg2', 'count'): 683.191, ('mrg2', 'scan'): 683.228, ('mrg2', 'merge'): 683.374, ('mrg2', 'final'): 683.409, ('mrg2', 'compact'): 683.431, ('mrg2', 'pack'): 683.449, ('mrg2', 'd2h'): 683.467, ('mrg3', 'start'): 683.559, ('mrg3', 'h2d'): 683.63, ('mrg3', 'count'): 683.668, ('mrg3', 'scan'): 683.731, ('mrg3', 'merge'): 683.778, ('mrg3', 'pack'): 683.798, ('mrg3', 'd2h'): 683.815}",0.032111071050167,0.5100480002583936
Dense,bcsstk01,48,400,17.36111111111111,1292,1292,1292,1292,1292,0.0,,0.06899999999995998,0.17300000000000182,0.07000000000005002,0.03899999999998727,0.3120000000000118,0.587,,,,,0.607,0.539,0.446,0.385,,0.3410000000000082,0.37599999999997635,0.30500000000006366,0.2279999999999518,0.15800000000001546,"{('cu', 'start'): 675.103, ('cu', 'h2dmalloc'): 675.185, ('cu', 'h2d'): 675.205, ('cu', 'workest'): 675.274, ('cu', 'compute'): 675.447, ('cu', 'copy'): 675.517, ('cu', 'pack'): 675.546, ('cu', 'd2h'): 675.585, ('gust', 'start'): 675.7, ('gust', 'h2d'): 675.799, ('gust', 'count'): 675.829, ('gust', 'scan'): 675.879, ('gust', 'expand'): 675.91, ('gust', 'sort'): 676.033, ('gust', 'reduce'): 676.084, ('gust', 'final'): 676.147, ('gust', 'pack'): 676.175, ('gust', 'd2h'): 676.188, ('merge', 'start'): 676.319, ('merge', 'h2d'): 676.429, ('merge', 'count'): 676.459, ('merge', 'scan'): 676.507, ('merge', 'expand'): 676.548, ('merge', 'merge'): 676.628, ('merge', 'final'): 676.676, ('merge', 'compact'): 676.707, ('merge', 'pack'): 676.734, ('merge', 'd2h'): 676.746, ('mrg2', 'start'): 676.868, ('mrg2', 'h2d'): 676.966, ('mrg2', 'count'): 676.994, ('mrg2', 'scan'): 677.041, ('mrg2', 'merge'): 677.095, ('mrg2', 'final'): 677.138, ('mrg2', 'compact'): 677.168, ('mrg2', 'pack'): 677.194, ('mrg2', 'd2h'): 677.207, ('mrg3', 'start'): 677.325, ('mrg3', 'h2d'): 677.428, ('mrg3', 'count'): 677.461, ('mrg3', 'scan'): 677.526, ('mrg3', 'merge'): 677.558, ('mrg3', 'pack'): 677.586, ('mrg3', 'd2h'): 677.598}",0.0481798779219388,0.312108799139969
Dense,can_61,61,557,14.969094329481322,1793,1793,1793,1793,1793,0.0,,0.06700000000000728,0.18399999999996908,0.06299999999998818,0.027000000000043656,0.31399999999996453,0.547,,,,,0.553,0.593,0.408,0.344,,0.33799999999996544,0.34199999999998454,0.38900000000001,0.2179999999999609,0.14699999999993452,"{('cu', 'start'): 676.494, ('cu', 'h2dmalloc'): 676.557, ('cu', 'h2d'): 676.575, ('cu', 'workest'): 676.642, ('cu', 'compute'): 676.826, ('cu', 'copy'): 676.889, ('cu', 'pack'): 676.913, ('cu', 'd2h'): 676.94, ('gust', 'start'): 677.054, ('gust', 'h2d'): 677.139, ('gust', 'count'): 677.164, ('gust', 'scan'): 677.205, ('gust', 'expand'): 677.236, ('gust', 'sort'): 677.349, ('gust', 'reduce'): 677.396, ('gust', 'final'): 677.457, ('gust', 'pack'): 677.481, ('gust', 'd2h'): 677.492, ('merge', 'start'): 677.615, ('merge', 'h2d'): 677.699, ('merge', 'count'): 677.746, ('merge', 'scan'): 677.788, ('merge', 'expand'): 677.84, ('merge', 'merge'): 677.993, ('merge', 'final'): 678.037, ('merge', 'compact'): 678.066, ('merge', 'pack'): 678.088, ('merge', 'd2h'): 678.1, ('mrg2', 'start'): 678.215, ('mrg2', 'h2d'): 678.293, ('mrg2', 'count'): 678.319, ('mrg2', 'scan'): 678.358, ('mrg2', 'merge'): 678.42, ('mrg2', 'final'): 678.461, ('mrg2', 'compact'): 678.489, ('mrg2', 'pack'): 678.511, ('mrg2', 'd2h'): 678.523, ('mrg3', 'start'): 678.632, ('mrg3', 'h2d'): 678.714, ('mrg3', 'count'): 678.754, ('mrg3', 'scan'): 678.809, ('mrg3', 'merge'): 678.842, ('mrg3', 'pack'): 678.861, ('mrg3', 'd2h'): 678.874}",0.0485938508063554,0.3231328011723234
Dense,bcsstk05,153,2423,10.350719808620616,7245,7245,7245,7245,7245,0.0,,0.06200000000001182,0.17200000000002547,0.056999999999902684,0.02800000000002001,0.29099999999994,0.505,,,,,0.536,0.567,0.398,0.324,,0.3120000000000118,0.34000000000003183,0.3849999999999909,0.21199999999998909,0.14600000000007185,"{('cu', 'start'): 679.873, ('cu', 'h2dmalloc'): 679.935, ('cu', 'h2d'): 679.956, ('cu', 'workest'): 680.018, ('cu', 'compute'): 680.19, ('cu', 'copy'): 680.247, ('cu', 'pack'): 680.268, ('cu', 'd2h'): 680.296, ('gust', 'start'): 680.385, ('gust', 'h2d'): 680.468, ('gust', 'count'): 680.489, ('gust', 'scan'): 680.528, ('gust', 'expand'): 680.555, ('gust', 'sort'): 680.682, ('gust', 'reduce'): 680.724, ('gust', 'final'): 680.789, ('gust', 'pack'): 680.808, ('gust', 'd2h'): 680.829, ('merge', 'start'): 680.928, ('merge', 'h2d'): 681.01, ('merge', 'count'): 681.034, ('merge', 'scan'): 681.072, ('merge', 'expand'): 681.137, ('merge', 'merge'): 681.307, ('merge', 'final'): 681.346, ('merge', 'compact'): 681.376, ('merge', 'pack'): 681.395, ('merge', 'd2h'): 681.409, ('mrg2', 'start'): 681.502, ('mrg2', 'h2d'): 681.587, ('mrg2', 'count'): 681.61, ('mrg2', 'scan'): 681.646, ('mrg2', 'merge'): 681.71, ('mrg2', 'final'): 681.746, ('mrg2', 'compact'): 681.779, ('mrg2', 'pack'): 681.799, ('mrg2', 'd2h'): 681.812, ('mrg3', 'start'): 681.906, ('mrg3', 'h2d'): 681.983, ('mrg3', 'count'): 682.017, ('mrg3', 'scan'): 682.068, ('mrg3', 'merge'): 682.109, ('mrg3', 'pack'): 682.129, ('mrg3', 'd2h'): 682.144}",0.0504700001329183,0.3133632011013105
Mildly sparse,bcspwr01,39,131,8.61275476660092,275,275,275,275,275,0.0,,0.045999999999935426,0.1370000000000573,0.04499999999995907,0.023000000000024556,0.2279999999999518,0.386,,,,,0.345,0.299,0.28,0.23,,0.2439999999999145,0.20600000000001728,0.16800000000000637,0.1430000000000291,0.09900000000004638,"{('cu', 'start'): 603.717, ('cu', 'h2dmalloc'): 603.766, ('cu', 'h2d'): 603.777, ('cu', 'workest'): 603.823, ('cu', 'compute'): 603.96, ('cu', 'copy'): 604.005, ('cu', 'pack'): 604.021, ('cu', 'd2h'): 604.044, ('gust', 'start'): 604.109, ('gust', 'h2d'): 604.167, ('gust', 'count'): 604.186, ('gust', 'scan'): 604.217, ('gust', 'expand'): 604.237, ('gust', 'sort'): 604.279, ('gust', 'reduce'): 604.313, ('gust', 'final'): 604.358, ('gust', 'pack'): 604.373, ('gust', 'd2h'): 604.382, ('merge', 'start'): 604.462, ('merge', 'h2d'): 604.519, ('merge', 'count'): 604.537, ('merge', 'scan'): 604.567, ('merge', 'expand'): 604.588, ('merge', 'merge'): 604.617, ('merge', 'final'): 604.65, ('merge', 'compact'): 604.673, ('merge', 'pack'): 604.687, ('merge', 'd2h'): 604.696, ('mrg2', 'start'): 604.766, ('mrg2', 'h2d'): 604.828, ('mrg2', 'count'): 604.848, ('mrg2', 'scan'): 604.878, ('mrg2', 'merge'): 604.907, ('mrg2', 'final'): 604.935, ('mrg2', 'compact'): 604.956, ('mrg2', 'pack'): 604.971, ('mrg2', 'd2h'): 604.98, ('mrg3', 'start'): 605.052, ('mrg3', 'h2d'): 605.108, ('mrg3', 'count'): 605.13, ('mrg3', 'scan'): 605.171, ('mrg3', 'merge'): 605.193, ('mrg3', 'pack'): 605.207, ('mrg3', 'd2h'): 605.216}",0.048565911129117,0.1959167994791641
Mildly sparse,can_96,96,768,8.333333333333332,1920,1920,1920,1920,1920,0.0,,0.05700000000001637,0.16200000000003456,0.053999999999973625,0.02400000000000091,0.27300000000002456,0.476,,,,,0.501,0.397,0.337,0.292,,0.2939999999999827,0.31100000000003547,0.22500000000002274,0.17199999999991178,0.11599999999998545,"{('cu', 'start'): 669.249, ('cu', 'h2dmalloc'): 669.311, ('cu', 'h2d'): 669.327, ('cu', 'workest'): 669.384, ('cu', 'compute'): 669.546, ('cu', 'copy'): 669.6, ('cu', 'pack'): 669.621, ('cu', 'd2h'): 669.645, ('gust', 'start'): 669.732, ('gust', 'h2d'): 669.808, ('gust', 'count'): 669.831, ('gust', 'scan'): 669.869, ('gust', 'expand'): 669.892, ('gust', 'sort'): 670.002, ('gust', 'reduce'): 670.042, ('gust', 'final'): 670.099, ('gust', 'pack'): 670.119, ('gust', 'd2h'): 670.13, ('merge', 'start'): 670.239, ('merge', 'h2d'): 670.319, ('merge', 'count'): 670.34, ('merge', 'scan'): 670.377, ('merge', 'expand'): 670.407, ('merge', 'merge'): 670.459, ('merge', 'final'): 670.497, ('merge', 'compact'): 670.527, ('merge', 'pack'): 670.544, ('merge', 'd2h'): 670.555, ('mrg2', 'start'): 670.643, ('mrg2', 'h2d'): 670.715, ('mrg2', 'count'): 670.737, ('mrg2', 'scan'): 670.772, ('mrg2', 'merge'): 670.813, ('mrg2', 'final'): 670.847, ('mrg2', 'compact'): 670.869, ('mrg2', 'pack'): 670.887, ('mrg2', 'd2h'): 670.898, ('mrg3', 'start'): 670.986, ('mrg3', 'h2d'): 671.057, ('mrg3', 'count'): 671.082, ('mrg3', 'scan'): 671.13, ('mrg3', 'merge'): 671.156, ('mrg3', 'pack'): 671.173, ('mrg3', 'd2h'): 671.192}",0.0494441483169794,0.3230912005528807
Mildly sparse,arc130,130,1282,7.585798816568047,15631,15631,15631,15631,15631,0.0,,0.05200000000002092,0.16200000000003456,0.049999999999954525,0.029999999999972715,0.26400000000001,0.444,,,,,0.503,1.66,0.478,0.315,,0.28100000000006276,0.34399999999993724,1.504000000000019,0.32799999999997453,0.16800000000000637,"{('cu', 'start'): 591.47, ('cu', 'h2dmalloc'): 591.52, ('cu', 'h2d'): 591.534, ('cu', 'workest'): 591.586, ('cu', 'compute'): 591.748, ('cu', 'copy'): 591.798, ('cu', 'pack'): 591.815, ('cu', 'd2h'): 591.845, ('gust', 'start'): 591.919, ('gust', 'h2d'): 591.98, ('gust', 'count'): 592.005, ('gust', 'scan'): 592.044, ('gust', 'expand'): 592.087, ('gust', 'sort'): 592.212, ('gust', 'reduce'): 592.251, ('gust', 'final'): 592.306, ('gust', 'pack'): 592.324, ('gust', 'd2h'): 592.342, ('merge', 'start'): 592.428, ('merge', 'h2d'): 592.491, ('merge', 'count'): 592.518, ('merge', 'scan'): 592.549, ('merge', 'expand'): 592.689, ('merge', 'merge'): 593.919, ('merge', 'final'): 593.956, ('merge', 'compact'): 593.98, ('merge', 'pack'): 593.995, ('merge', 'd2h'): 594.009, ('mrg2', 'start'): 594.093, ('mrg2', 'h2d'): 594.154, ('mrg2', 'count'): 594.179, ('mrg2', 'scan'): 594.212, ('mrg2', 'merge'): 594.41, ('mrg2', 'final'): 594.442, ('mrg2', 'compact'): 594.463, ('mrg2', 'pack'): 594.482, ('mrg2', 'd2h'): 594.495, ('mrg3', 'start'): 594.576, ('mrg3', 'h2d'): 594.636, ('mrg3', 'count'): 594.684, ('mrg3', 'scan'): 594.729, ('mrg3', 'merge'): 594.787, ('mrg3', 'pack'): 594.804, ('mrg3', 'd2h'): 594.818}",0.0415011309087276,0.3663840000750497
Mildly sparse,ash85,85,523,7.2387543252595155,1317,1317,1317,1317,1317,0.0,,0.04899999999997817,0.13900000000001,0.047000000000025466,0.02299999999991087,0.23500000000001364,0.393,,,,,0.423,0.331,0.279,0.239,,0.25,0.2760000000000673,0.19899999999995543,0.14800000000002456,0.10799999999994725,"{('cu', 'start'): 593.553, ('cu', 'h2dmalloc'): 593.601, ('cu', 'h2d'): 593.614, ('cu', 'workest'): 593.663, ('cu', 'compute'): 593.802, ('cu', 'copy'): 593.849, ('cu', 'pack'): 593.864, ('cu', 'd2h'): 593.887, ('gust', 'start'): 593.952, ('gust', 'h2d'): 594.011, ('gust', 'count'): 594.029, ('gust', 'scan'): 594.06, ('gust', 'expand'): 594.082, ('gust', 'sort'): 594.185, ('gust', 'reduce'): 594.221, ('gust', 'final'): 594.272, ('gust', 'pack'): 594.287, ('gust', 'd2h'): 594.296, ('merge', 'start'): 594.38, ('merge', 'h2d'): 594.438, ('merge', 'count'): 594.458, ('merge', 'scan'): 594.489, ('merge', 'expand'): 594.514, ('merge', 'merge'): 594.564, ('merge', 'final'): 594.597, ('merge', 'compact'): 594.623, ('merge', 'pack'): 594.637, ('merge', 'd2h'): 594.646, ('mrg2', 'start'): 594.716, ('mrg2', 'h2d'): 594.773, ('mrg2', 'count'): 594.791, ('mrg2', 'scan'): 594.82, ('mrg2', 'merge'): 594.856, ('mrg2', 'final'): 594.884, ('mrg2', 'compact'): 594.906, ('mrg2', 'pack'): 594.921, ('mrg2', 'd2h'): 594.929, ('mrg3', 'start'): 595.001, ('mrg3', 'h2d'): 595.056, ('mrg3', 'count'): 595.081, ('mrg3', 'scan'): 595.123, ('mrg3', 'merge'): 595.149, ('mrg3', 'pack'): 595.164, ('mrg3', 'd2h'): 595.173}",0.031420961022377,0.2024224002379924
Mildly sparse,can_73,73,377,7.0744980296490905,1377,1377,1377,1377,1377,0.0,,0.05400000000008731,0.17499999999995453,0.05700000000001637,0.023000000000024556,0.2860000000000582,0.488,,,,,0.423,0.406,0.34,0.284,,0.30600000000004,0.2440000000000282,0.22299999999995634,0.17799999999999727,0.12399999999990996,"{('cu', 'start'): 672.505, ('cu', 'h2dmalloc'): 672.565, ('cu', 'h2d'): 672.579, ('cu', 'workest'): 672.633, ('cu', 'compute'): 672.808, ('cu', 'copy'): 672.865, ('cu', 'pack'): 672.885, ('cu', 'd2h'): 672.908, ('gust', 'start'): 673.001, ('gust', 'h2d'): 673.077, ('gust', 'count'): 673.099, ('gust', 'scan'): 673.136, ('gust', 'expand'): 673.162, ('gust', 'sort'): 673.21, ('gust', 'reduce'): 673.25, ('gust', 'final'): 673.301, ('gust', 'pack'): 673.321, ('gust', 'd2h'): 673.331, ('merge', 'start'): 673.43, ('merge', 'h2d'): 673.503, ('merge', 'count'): 673.525, ('merge', 'scan'): 673.564, ('merge', 'expand'): 673.592, ('merge', 'merge'): 673.645, ('merge', 'final'): 673.683, ('merge', 'compact'): 673.707, ('merge', 'pack'): 673.726, ('merge', 'd2h'): 673.737, ('mrg2', 'start'): 673.842, ('mrg2', 'h2d'): 673.913, ('mrg2', 'count'): 673.935, ('mrg2', 'scan'): 673.97, ('mrg2', 'merge'): 674.012, ('mrg2', 'final'): 674.047, ('mrg2', 'compact'): 674.071, ('mrg2', 'pack'): 674.091, ('mrg2', 'd2h'): 674.101, ('mrg3', 'start'): 674.188, ('mrg3', 'h2d'): 674.258, ('mrg3', 'count'): 674.285, ('mrg3', 'scan'): 674.334, ('mrg3', 'merge'): 674.363, ('mrg3', 'pack'): 674.382, ('mrg3', 'd2h'): 674.392}",0.035623088479042,0.203391998517327
Mildly sparse,bcspwr02,49,167,6.9554352353186175,403,403,403,403,403,0.0,,0.05599999999992633,0.16300000000001091,0.05299999999999727,0.02400000000000091,0.2719999999999345,0.475,,,,,0.434,0.378,0.33,0.293,,0.29300000000000637,0.2480000000000473,0.20900000000006003,0.16600000000005366,0.1209999999999809,"{('cu', 'start'): 695.125, ('cu', 'h2dmalloc'): 695.187, ('cu', 'h2d'): 695.201, ('cu', 'workest'): 695.257, ('cu', 'compute'): 695.42, ('cu', 'copy'): 695.473, ('cu', 'pack'): 695.494, ('cu', 'd2h'): 695.518, ('gust', 'start'): 695.606, ('gust', 'h2d'): 695.68, ('gust', 'count'): 695.701, ('gust', 'scan'): 695.739, ('gust', 'expand'): 695.763, ('gust', 'sort'): 695.81, ('gust', 'reduce'): 695.851, ('gust', 'final'): 695.908, ('gust', 'pack'): 695.928, ('gust', 'd2h'): 695.938, ('merge', 'start'): 696.046, ('merge', 'h2d'): 696.121, ('merge', 'count'): 696.143, ('merge', 'scan'): 696.179, ('merge', 'expand'): 696.21, ('merge', 'merge'): 696.247, ('merge', 'final'): 696.285, ('merge', 'compact'): 696.311, ('merge', 'pack'): 696.33, ('merge', 'd2h'): 696.34, ('mrg2', 'start'): 696.43, ('mrg2', 'h2d'): 696.501, ('mrg2', 'count'): 696.522, ('mrg2', 'scan'): 696.557, ('mrg2', 'merge'): 696.59, ('mrg2', 'final'): 696.623, ('mrg2', 'compact'): 696.648, ('mrg2', 'pack'): 696.667, ('mrg2', 'd2h'): 696.677, ('mrg3', 'start'): 696.768, ('mrg3', 'h2d'): 696.837, ('mrg3', 'count'): 696.862, ('mrg3', 'scan'): 696.913, ('mrg3', 'merge'): 696.94, ('mrg3', 'pack'): 696.958, ('mrg3', 'd2h'): 696.969}",0.0405199825763702,0.196870400197804
Mildly sparse,can_144,144,1296,6.25,3456,3456,3456,3456,3456,0.0,,0.057999999999992724,0.15399999999999636,0.055000000000063665,0.024999999999977263,0.26700000000005275,0.477,,,,,0.512,0.421,0.351,0.312,,0.28700000000003456,0.3170000000000073,0.24699999999995725,0.18100000000004002,0.13800000000003365,"{('cu', 'start'): 645.234, ('cu', 'h2dmalloc'): 645.297, ('cu', 'h2d'): 645.318, ('cu', 'workest'): 645.376, ('cu', 'compute'): 645.53, ('cu', 'copy'): 645.585, ('cu', 'pack'): 645.605, ('cu', 'd2h'): 645.63, ('gust', 'start'): 645.719, ('gust', 'h2d'): 645.796, ('gust', 'count'): 645.817, ('gust', 'scan'): 645.857, ('gust', 'expand'): 645.883, ('gust', 'sort'): 645.998, ('gust', 'reduce'): 646.038, ('gust', 'final'): 646.092, ('gust', 'pack'): 646.113, ('gust', 'd2h'): 646.124, ('merge', 'start'): 646.236, ('merge', 'h2d'): 646.315, ('merge', 'count'): 646.334, ('merge', 'scan'): 646.371, ('merge', 'expand'): 646.404, ('merge', 'merge'): 646.483, ('merge', 'final'): 646.522, ('merge', 'compact'): 646.545, ('merge', 'pack'): 646.562, ('merge', 'd2h'): 646.574, ('mrg2', 'start'): 646.663, ('mrg2', 'h2d'): 646.736, ('mrg2', 'count'): 646.758, ('mrg2', 'scan'): 646.794, ('mrg2', 'merge'): 646.836, ('mrg2', 'final'): 646.871, ('mrg2', 'compact'): 646.899, ('mrg2', 'pack'): 646.917, ('mrg2', 'd2h'): 646.929, ('mrg3', 'start'): 647.02, ('mrg3', 'h2d'): 647.096, ('mrg3', 'count'): 647.127, ('mrg3', 'scan'): 647.18, ('mrg3', 'merge'): 647.217, ('mrg3', 'pack'): 647.234, ('mrg3', 'd2h'): 647.247}",0.0420529395341873,0.3239807978039608
Mildly sparse,can_62,62,218,5.6711758584807495,482,482,482,482,482,0.0,,0.05600000000004002,0.1490000000000009,0.053999999999973625,0.02400000000000091,0.25900000000001455,0.464,,,,,0.453,0.375,0.345,0.288,,0.27899999999999636,0.25099999999997635,0.20199999999999818,0.17399999999997817,0.12000000000000455,"{('cu', 'start'): 669.697, ('cu', 'h2dmalloc'): 669.761, ('cu', 'h2d'): 669.776, ('cu', 'workest'): 669.832, ('cu', 'compute'): 669.981, ('cu', 'copy'): 670.035, ('cu', 'pack'): 670.055, ('cu', 'd2h'): 670.079, ('gust', 'start'): 670.168, ('gust', 'h2d'): 670.255, ('gust', 'count'): 670.278, ('gust', 'scan'): 670.318, ('gust', 'expand'): 670.341, ('gust', 'sort'): 670.388, ('gust', 'reduce'): 670.429, ('gust', 'final'): 670.487, ('gust', 'pack'): 670.506, ('gust', 'd2h'): 670.516, ('merge', 'start'): 670.627, ('merge', 'h2d'): 670.703, ('merge', 'count'): 670.726, ('merge', 'scan'): 670.762, ('merge', 'expand'): 670.788, ('merge', 'merge'): 670.825, ('merge', 'final'): 670.863, ('merge', 'compact'): 670.887, ('merge', 'pack'): 670.905, ('merge', 'd2h'): 670.915, ('mrg2', 'start'): 671.009, ('mrg2', 'h2d'): 671.081, ('mrg2', 'count'): 671.102, ('mrg2', 'scan'): 671.137, ('mrg2', 'merge'): 671.168, ('mrg2', 'final'): 671.201, ('mrg2', 'compact'): 671.236, ('mrg2', 'pack'): 671.255, ('mrg2', 'd2h'): 671.265, ('mrg3', 'start'): 671.359, ('mrg3', 'h2d'): 671.433, ('mrg3', 'count'): 671.459, ('mrg3', 'scan'): 671.509, ('mrg3', 'merge'): 671.537, ('mrg3', 'pack'): 671.553, ('mrg3', 'd2h'): 671.563}",0.0373909715563058,0.1962591994088143
Mildly sparse,can_161,161,1377,5.31229505034528,3761,3761,3761,3761,3761,0.0,,0.05700000000001637,0.15499999999997272,0.05700000000001637,0.026000000000067303,0.26900000000000546,0.479,,,,,0.523,0.444,0.348,0.33,,0.2880000000000109,0.3249999999999318,0.26400000000001,0.17499999999995453,0.1470000000000482,"{('cu', 'start'): 676.529, ('cu', 'h2dmalloc'): 676.594, ('cu', 'h2d'): 676.612, ('cu', 'workest'): 676.669, ('cu', 'compute'): 676.824, ('cu', 'copy'): 676.881, ('cu', 'pack'): 676.9, ('cu', 'd2h'): 676.926, ('gust', 'start'): 677.017, ('gust', 'h2d'): 677.099, ('gust', 'count'): 677.12, ('gust', 'scan'): 677.159, ('gust', 'expand'): 677.184, ('gust', 'sort'): 677.298, ('gust', 'reduce'): 677.341, ('gust', 'final'): 677.404, ('gust', 'pack'): 677.424, ('gust', 'd2h'): 677.436, ('merge', 'start'): 677.546, ('merge', 'h2d'): 677.629, ('merge', 'count'): 677.65, ('merge', 'scan'): 677.687, ('merge', 'expand'): 677.721, ('merge', 'merge'): 677.811, ('merge', 'final'): 677.85, ('merge', 'compact'): 677.876, ('merge', 'pack'): 677.893, ('merge', 'd2h'): 677.905, ('mrg2', 'start'): 677.997, ('mrg2', 'h2d'): 678.072, ('mrg2', 'count'): 678.093, ('mrg2', 'scan'): 678.128, ('mrg2', 'merge'): 678.171, ('mrg2', 'final'): 678.205, ('mrg2', 'compact'): 678.228, ('mrg2', 'pack'): 678.247, ('mrg2', 'd2h'): 678.258, ('mrg3', 'start'): 678.351, ('mrg3', 'h2d'): 678.435, ('mrg3', 'count'): 678.469, ('mrg3', 'scan'): 678.521, ('mrg3', 'merge'): 678.56, ('mrg3', 'pack'): 678.582, ('mrg3', 'd2h'): 678.594}",0.0426000915467739,0.2955999988829717
Mildly sparse,bcsstk03,112,640,5.1020408163265305,1072,1072,1072,1072,1072,0.0,,0.057999999999992724,0.15200000000004366,0.05299999999999727,0.024999999999977263,0.26300000000003365,0.469,,,,,0.51,0.376,0.344,0.294,,0.28300000000001546,0.3140000000000782,0.20100000000002183,0.16899999999998272,0.1209999999999809,"{('cu', 'start'): 677.629, ('cu', 'h2dmalloc'): 677.692, ('cu', 'h2d'): 677.708, ('cu', 'workest'): 677.766, ('cu', 'compute'): 677.918, ('cu', 'copy'): 677.971, ('cu', 'pack'): 677.991, ('cu', 'd2h'): 678.016, ('gust', 'start'): 678.116, ('gust', 'h2d'): 678.199, ('gust', 'count'): 678.223, ('gust', 'scan'): 678.261, ('gust', 'expand'): 678.286, ('gust', 'sort'): 678.398, ('gust', 'reduce'): 678.439, ('gust', 'final'): 678.492, ('gust', 'pack'): 678.513, ('gust', 'd2h'): 678.523, ('merge', 'start'): 678.629, ('merge', 'h2d'): 678.708, ('merge', 'count'): 678.729, ('merge', 'scan'): 678.765, ('merge', 'expand'): 678.796, ('merge', 'merge'): 678.829, ('merge', 'final'): 678.866, ('merge', 'compact'): 678.892, ('merge', 'pack'): 678.909, ('merge', 'd2h'): 678.92, ('mrg2', 'start'): 679.012, ('mrg2', 'h2d'): 679.088, ('mrg2', 'count'): 679.113, ('mrg2', 'scan'): 679.151, ('mrg2', 'merge'): 679.182, ('mrg2', 'final'): 679.214, ('mrg2', 'compact'): 679.238, ('mrg2', 'pack'): 679.257, ('mrg2', 'd2h'): 679.267, ('mrg3', 'start'): 679.362, ('mrg3', 'h2d'): 679.438, ('mrg3', 'count'): 679.464, ('mrg3', 'scan'): 679.513, ('mrg3', 'merge'): 679.542, ('mrg3', 'pack'): 679.559, ('mrg3', 'd2h'): 679.569}",0.0386829487979412,0.1761887999018654
Mildly sparse,bcsstk06,420,7860,4.45578231292517,23660,23660,23660,23660,23660,0.0,,0.055000000000063665,0.2379999999999427,0.06000000000005912,0.11099999999999,0.3530000000000655,0.634,,,,,0.818,0.815,0.395,0.349,,0.37400000000002365,0.5600000000000591,0.5710000000000264,0.2099999999999227,0.16399999999998727,"{('cu', 'start'): 673.706, ('cu', 'h2dmalloc'): 673.769, ('cu', 'h2d'): 673.785, ('cu', 'workest'): 673.84, ('cu', 'compute'): 674.078, ('cu', 'copy'): 674.138, ('cu', 'pack'): 674.159, ('cu', 'd2h'): 674.27, ('gust', 'start'): 674.35, ('gust', 'h2d'): 674.429, ('gust', 'count'): 674.457, ('gust', 'scan'): 674.495, ('gust', 'expand'): 674.527, ('gust', 'sort'): 674.797, ('gust', 'reduce'): 674.907, ('gust', 'final'): 674.967, ('gust', 'pack'): 674.989, ('gust', 'd2h'): 675.021, ('merge', 'start'): 675.174, ('merge', 'h2d'): 675.25, ('merge', 'count'): 675.272, ('merge', 'scan'): 675.309, ('merge', 'expand'): 675.394, ('merge', 'merge'): 675.737, ('merge', 'final'): 675.78, ('merge', 'compact'): 675.803, ('merge', 'pack'): 675.821, ('merge', 'd2h'): 675.846, ('mrg2', 'start'): 675.995, ('mrg2', 'h2d'): 676.071, ('mrg2', 'count'): 676.093, ('mrg2', 'scan'): 676.128, ('mrg2', 'merge'): 676.203, ('mrg2', 'final'): 676.238, ('mrg2', 'compact'): 676.263, ('mrg2', 'pack'): 676.281, ('mrg2', 'd2h'): 676.306, ('mrg3', 'start'): 676.395, ('mrg3', 'h2d'): 676.47, ('mrg3', 'count'): 676.512, ('mrg3', 'scan'): 676.563, ('mrg3', 'merge'): 676.616, ('mrg3', 'pack'): 676.634, ('mrg3', 'd2h'): 676.659}",0.0599350314587354,0.336537600075826
Mildly sparse,bcsstk07,420,7860,4.45578231292517,23660,23660,23660,23660,23660,0.0,,0.05600000000004002,0.2400000000000091,0.057999999999992724,0.11000000000001364,0.35400000000004184,0.636,,,,,0.811,0.806,0.397,0.361,,0.37200000000007094,0.55600000000004,0.5629999999999882,0.21100000000001273,0.1710000000000491,"{('cu', 'start'): 670.204, ('cu', 'h2dmalloc'): 670.267, ('cu', 'h2d'): 670.285, ('cu', 'workest'): 670.341, ('cu', 'compute'): 670.581, ('cu', 'copy'): 670.639, ('cu', 'pack'): 670.657, ('cu', 'd2h'): 670.767, ('gust', 'start'): 670.847, ('gust', 'h2d'): 670.925, ('gust', 'count'): 670.949, ('gust', 'scan'): 670.99, ('gust', 'expand'): 671.021, ('gust', 'sort'): 671.289, ('gust', 'reduce'): 671.398, ('gust', 'final'): 671.459, ('gust', 'pack'): 671.481, ('gust', 'd2h'): 671.513, ('merge', 'start'): 671.666, ('merge', 'h2d'): 671.743, ('merge', 'count'): 671.766, ('merge', 'scan'): 671.802, ('merge', 'expand'): 671.887, ('merge', 'merge'): 672.22, ('merge', 'final'): 672.263, ('merge', 'compact'): 672.287, ('merge', 'pack'): 672.306, ('merge', 'd2h'): 672.33, ('mrg2', 'start'): 672.478, ('mrg2', 'h2d'): 672.555, ('mrg2', 'count'): 672.575, ('mrg2', 'scan'): 672.611, ('mrg2', 'merge'): 672.687, ('mrg2', 'final'): 672.721, ('mrg2', 'compact'): 672.747, ('mrg2', 'pack'): 672.766, ('mrg2', 'd2h'): 672.79, ('mrg3', 'start'): 672.881, ('mrg3', 'h2d'): 672.957, ('mrg3', 'count'): 672.998, ('mrg3', 'scan'): 673.046, ('mrg3', 'merge'): 673.109, ('mrg3', 'pack'): 673.128, ('mrg3', 'd2h'): 673.152}",0.0599808990955352,0.3131712014554068
Mildly sparse,can_256,256,2916,4.449462890625,18568,18568,18568,18568,18568,0.0,,0.05600000000004002,0.17999999999994998,0.05600000000004002,0.03599999999994452,0.29200000000003,0.51,,,,,0.562,2.038,0.553,0.423,,0.31100000000003547,0.3430000000000746,1.8419999999999845,0.35999999999989996,0.2059999999999036,"{('cu', 'start'): 686.532, ('cu', 'h2dmalloc'): 686.593, ('cu', 'h2d'): 686.616, ('cu', 'workest'): 686.672, ('cu', 'compute'): 686.852, ('cu', 'copy'): 686.908, ('cu', 'pack'): 686.927, ('cu', 'd2h'): 686.963, ('gust', 'start'): 687.054, ('gust', 'h2d'): 687.151, ('gust', 'count'): 687.177, ('gust', 'scan'): 687.215, ('gust', 'expand'): 687.251, ('gust', 'sort'): 687.378, ('gust', 'reduce'): 687.419, ('gust', 'final'): 687.476, ('gust', 'pack'): 687.494, ('gust', 'd2h'): 687.521, ('merge', 'start'): 687.621, ('merge', 'h2d'): 687.702, ('merge', 'count'): 687.726, ('merge', 'scan'): 687.762, ('merge', 'expand'): 687.887, ('merge', 'merge'): 689.463, ('merge', 'final'): 689.504, ('merge', 'compact'): 689.527, ('merge', 'pack'): 689.544, ('merge', 'd2h'): 689.564, ('mrg2', 'start'): 689.665, ('mrg2', 'h2d'): 689.748, ('mrg2', 'count'): 689.773, ('mrg2', 'scan'): 689.807, ('mrg2', 'merge'): 690.037, ('mrg2', 'final'): 690.069, ('mrg2', 'compact'): 690.091, ('mrg2', 'pack'): 690.108, ('mrg2', 'd2h'): 690.129, ('mrg3', 'start'): 690.224, ('mrg3', 'h2d'): 690.306, ('mrg3', 'count'): 690.362, ('mrg3', 'scan'): 690.421, ('mrg3', 'merge'): 690.493, ('mrg3', 'pack'): 690.512, ('mrg3', 'd2h'): 690.533}",0.0364130828529596,0.3521631992654875
Mildly sparse,can_268,268,3082,4.291044776119403,15590,15590,15590,15590,15590,0.0,,0.06700000000000728,0.18000000000006366,0.05599999999992633,0.033999999999991815,0.30299999999999727,0.525,,,,,0.542,0.872,0.435,0.344,,0.3240000000000691,0.3450000000000273,0.6809999999999263,0.25700000000006185,0.16700000000003,"{('cu', 'start'): 675.2, ('cu', 'h2dmalloc'): 675.263, ('cu', 'h2d'): 675.28, ('cu', 'workest'): 675.347, ('cu', 'compute'): 675.527, ('cu', 'copy'): 675.583, ('cu', 'pack'): 675.604, ('cu', 'd2h'): 675.638, ('gust', 'start'): 675.731, ('gust', 'h2d'): 675.813, ('gust', 'count'): 675.839, ('gust', 'scan'): 675.875, ('gust', 'expand'): 675.907, ('gust', 'sort'): 676.037, ('gust', 'reduce'): 676.08, ('gust', 'final'): 676.138, ('gust', 'pack'): 676.158, ('gust', 'd2h'): 676.184, ('merge', 'start'): 676.279, ('merge', 'h2d'): 676.369, ('merge', 'count'): 676.393, ('merge', 'scan'): 676.432, ('merge', 'expand'): 676.505, ('merge', 'merge'): 676.971, ('merge', 'final'): 677.009, ('merge', 'compact'): 677.033, ('merge', 'pack'): 677.05, ('merge', 'd2h'): 677.069, ('mrg2', 'start'): 677.157, ('mrg2', 'h2d'): 677.232, ('mrg2', 'count'): 677.254, ('mrg2', 'scan'): 677.289, ('mrg2', 'merge'): 677.415, ('mrg2', 'final'): 677.45, ('mrg2', 'compact'): 677.472, ('mrg2', 'pack'): 677.489, ('mrg2', 'd2h'): 677.508, ('mrg3', 'start'): 677.598, ('mrg3', 'h2d'): 677.672, ('mrg3', 'count'): 677.716, ('mrg3', 'scan'): 677.767, ('mrg3', 'merge'): 677.819, ('mrg3', 'pack'): 677.839, ('mrg3', 'd2h'): 677.858}",0.0430559739470481,0.3380159995984286
Mildly sparse,can_187,187,1491,4.26377648774629,3719,3719,3719,3719,3719,0.0,,0.08100000000001728,0.15799999999990177,0.07200000000000273,0.03600000000005821,0.3109999999999218,0.573,,,,,0.626,0.518,0.452,0.382,,0.33799999999996544,0.37599999999997635,0.29099999999994,0.22500000000002274,0.16600000000005366,"{('cu', 'start'): 665.147, ('cu', 'h2dmalloc'): 665.223, ('cu', 'h2d'): 665.244, ('cu', 'workest'): 665.325, ('cu', 'compute'): 665.483, ('cu', 'copy'): 665.555, ('cu', 'pack'): 665.582, ('cu', 'd2h'): 665.618, ('gust', 'start'): 665.732, ('gust', 'h2d'): 665.831, ('gust', 'count'): 665.86, ('gust', 'scan'): 665.908, ('gust', 'expand'): 665.938, ('gust', 'sort'): 666.063, ('gust', 'reduce'): 666.116, ('gust', 'final'): 666.179, ('gust', 'pack'): 666.207, ('gust', 'd2h'): 666.221, ('merge', 'start'): 666.368, ('merge', 'h2d'): 666.471, ('merge', 'count'): 666.501, ('merge', 'scan'): 666.553, ('merge', 'expand'): 666.592, ('merge', 'merge'): 666.653, ('merge', 'final'): 666.703, ('merge', 'compact'): 666.734, ('merge', 'pack'): 666.762, ('merge', 'd2h'): 666.776, ('mrg2', 'start'): 666.896, ('mrg2', 'h2d'): 666.99, ('mrg2', 'count'): 667.018, ('mrg2', 'scan'): 667.066, ('mrg2', 'merge'): 667.114, ('mrg2', 'final'): 667.158, ('mrg2', 'compact'): 667.187, ('mrg2', 'pack'): 667.215, ('mrg2', 'd2h'): 667.229, ('mrg3', 'start'): 667.357, ('mrg3', 'h2d'): 667.452, ('mrg3', 'count'): 667.485, ('mrg3', 'scan'): 667.556, ('mrg3', 'merge'): 667.591, ('mrg3', 'pack'): 667.618, ('mrg3', 'd2h'): 667.633}",0.050670001655817,0.3212672018446028
Mildly sparse,bcsstm07,420,7252,4.111111111111112,22972,22972,22972,22972,22972,0.0,,0.05700000000001637,0.23900000000003274,0.06100000000003547,0.11199999999996635,0.3570000000000846,0.649,,,,,0.793,0.809,0.416,0.358,,0.3770000000000664,0.5339999999999918,0.6230000000000473,0.22000000000002728,0.1690000000000964,"{('cu', 'start'): 689.174, ('cu', 'h2dmalloc'): 689.234, ('cu', 'h2d'): 689.252, ('cu', 'workest'): 689.309, ('cu', 'compute'): 689.548, ('cu', 'copy'): 689.609, ('cu', 'pack'): 689.629, ('cu', 'd2h'): 689.741, ('gust', 'start'): 689.832, ('gust', 'h2d'): 689.913, ('gust', 'count'): 689.936, ('gust', 'scan'): 689.976, ('gust', 'expand'): 690.007, ('gust', 'sort'): 690.262, ('gust', 'reduce'): 690.365, ('gust', 'final'): 690.426, ('gust', 'pack'): 690.447, ('gust', 'd2h'): 690.482, ('merge', 'start'): 690.633, ('merge', 'h2d'): 690.709, ('merge', 'count'): 690.735, ('merge', 'scan'): 690.782, ('merge', 'expand'): 690.863, ('merge', 'merge'): 691.171, ('merge', 'final'): 691.215, ('merge', 'compact'): 691.307, ('merge', 'pack'): 691.332, ('merge', 'd2h'): 691.358, ('mrg2', 'start'): 691.448, ('mrg2', 'h2d'): 691.523, ('mrg2', 'count'): 691.546, ('mrg2', 'scan'): 691.583, ('mrg2', 'merge'): 691.662, ('mrg2', 'final'): 691.699, ('mrg2', 'compact'): 691.722, ('mrg2', 'pack'): 691.743, ('mrg2', 'd2h'): 691.776, ('mrg3', 'start'): 691.87, ('mrg3', 'h2d'): 691.949, ('mrg3', 'count'): 691.991, ('mrg3', 'scan'): 692.045, ('mrg3', 'merge'): 692.097, ('mrg3', 'pack'): 692.118, ('mrg3', 'd2h'): 692.143}",0.0596509780734777,0.3363008014624938
Mildly sparse,bcsstk27,1224,56126,3.7462888205391085,138106,138106,138106,138106,138106,0.0,,0.07200000000000273,0.5159999999999627,0.13900000000001,0.21300000000007913,0.7269999999999754,1.218,,,,,1.861,2.434,1.006,0.815,,0.7519999999999527,1.5020000000000664,2.08299999999997,0.6589999999999918,0.4640000000000555,"{('cu', 'start'): 714.702, ('cu', 'h2dmalloc'): 714.764, ('cu', 'h2d'): 714.812, ('cu', 'workest'): 714.884, ('cu', 'compute'): 715.4, ('cu', 'copy'): 715.539, ('cu', 'pack'): 715.564, ('cu', 'd2h'): 715.777, ('gust', 'start'): 715.931, ('gust', 'h2d'): 716.039, ('gust', 'count'): 716.081, ('gust', 'scan'): 716.127, ('gust', 'expand'): 716.3, ('gust', 'sort'): 716.878, ('gust', 'reduce'): 717.071, ('gust', 'final'): 717.442, ('gust', 'pack'): 717.541, ('gust', 'd2h'): 717.643, ('merge', 'start'): 717.796, ('merge', 'h2d'): 717.902, ('merge', 'count'): 717.931, ('merge', 'scan'): 717.976, ('merge', 'expand'): 718.376, ('merge', 'merge'): 719.555, ('merge', 'final'): 719.74, ('merge', 'compact'): 719.897, ('merge', 'pack'): 719.985, ('merge', 'd2h'): 720.086, ('mrg2', 'start'): 720.237, ('mrg2', 'h2d'): 720.343, ('mrg2', 'count'): 720.369, ('mrg2', 'scan'): 720.424, ('mrg2', 'merge'): 720.719, ('mrg2', 'final'): 720.764, ('mrg2', 'compact'): 720.92, ('mrg2', 'pack'): 721.002, ('mrg2', 'd2h'): 721.103, ('mrg3', 'start'): 721.25, ('mrg3', 'h2d'): 721.351, ('mrg3', 'count'): 721.481, ('mrg3', 'scan'): 721.547, ('mrg3', 'merge'): 721.729, ('mrg3', 'pack'): 721.815, ('mrg3', 'd2h'): 721.918}",0.1383968628942966,0.5438560016220435
Mildly sparse,bcsstm27,1224,56126,3.7462888205391085,138106,138106,138106,138106,138106,0.0,,0.059000000000082764,0.48899999999991905,0.12800000000004275,0.20800000000008367,0.6760000000000446,1.157,,,,,1.809,2.405,0.984,0.796,,0.6970000000000027,1.4549999999999272,2.058999999999969,0.6399999999999864,0.45100000000002183,"{('cu', 'start'): 703.652, ('cu', 'h2dmalloc'): 703.714, ('cu', 'h2d'): 703.761, ('cu', 'workest'): 703.82, ('cu', 'compute'): 704.309, ('cu', 'copy'): 704.437, ('cu', 'pack'): 704.458, ('cu', 'd2h'): 704.666, ('gust', 'start'): 704.818, ('gust', 'h2d'): 704.926, ('gust', 'count'): 704.955, ('gust', 'scan'): 704.994, ('gust', 'expand'): 705.164, ('gust', 'sort'): 705.735, ('gust', 'reduce'): 705.925, ('gust', 'final'): 706.287, ('gust', 'pack'): 706.381, ('gust', 'd2h'): 706.482, ('merge', 'start'): 706.633, ('merge', 'h2d'): 706.736, ('merge', 'count'): 706.763, ('merge', 'scan'): 706.802, ('merge', 'expand'): 707.203, ('merge', 'merge'): 708.38, ('merge', 'final'): 708.558, ('merge', 'compact'): 708.712, ('merge', 'pack'): 708.795, ('merge', 'd2h'): 708.894, ('mrg2', 'start'): 709.045, ('mrg2', 'h2d'): 709.148, ('mrg2', 'count'): 709.173, ('mrg2', 'scan'): 709.21, ('mrg2', 'merge'): 709.512, ('mrg2', 'final'): 709.553, ('mrg2', 'compact'): 709.708, ('mrg2', 'pack'): 709.788, ('mrg2', 'd2h'): 709.889, ('mrg3', 'start'): 710.035, ('mrg3', 'h2d'): 710.135, ('mrg3', 'count'): 710.264, ('mrg3', 'scan'): 710.325, ('mrg3', 'merge'): 710.505, ('mrg3', 'pack'): 710.586, ('mrg3', 'd2h'): 710.684}",0.159173971042037,0.5409695991780609
Mildly sparse,bcsstk22,138,696,3.6546943919344677,1552,1552,1552,1552,1552,0.0,,0.057999999999992724,0.15499999999997272,0.06400000000007822,0.02400000000000091,0.27700000000004366,0.483,,,,,0.495,0.395,0.339,0.288,,0.2980000000000018,0.30900000000008276,0.21199999999998909,0.17200000000002547,0.12200000000007094,"{('cu', 'start'): 676.015, ('cu', 'h2dmalloc'): 676.075, ('cu', 'h2d'): 676.091, ('cu', 'workest'): 676.149, ('cu', 'compute'): 676.304, ('cu', 'copy'): 676.368, ('cu', 'pack'): 676.389, ('cu', 'd2h'): 676.413, ('gust', 'start'): 676.506, ('gust', 'h2d'): 676.584, ('gust', 'count'): 676.605, ('gust', 'scan'): 676.644, ('gust', 'expand'): 676.668, ('gust', 'sort'): 676.779, ('gust', 'reduce'): 676.819, ('gust', 'final'): 676.873, ('gust', 'pack'): 676.893, ('gust', 'd2h'): 676.904, ('merge', 'start'): 677.007, ('merge', 'h2d'): 677.085, ('merge', 'count'): 677.111, ('merge', 'scan'): 677.147, ('merge', 'expand'): 677.174, ('merge', 'merge'): 677.217, ('merge', 'final'): 677.254, ('merge', 'compact'): 677.28, ('merge', 'pack'): 677.297, ('merge', 'd2h'): 677.307, ('mrg2', 'start'): 677.408, ('mrg2', 'h2d'): 677.481, ('mrg2', 'count'): 677.503, ('mrg2', 'scan'): 677.539, ('mrg2', 'merge'): 677.577, ('mrg2', 'final'): 677.611, ('mrg2', 'compact'): 677.634, ('mrg2', 'pack'): 677.653, ('mrg2', 'd2h'): 677.663, ('mrg3', 'start'): 677.753, ('mrg3', 'h2d'): 677.823, ('mrg3', 'count'): 677.85, ('mrg3', 'scan'): 677.899, ('mrg3', 'merge'): 677.927, ('mrg3', 'pack'): 677.945, ('mrg3', 'd2h'): 677.956}",0.0204341486096382,0.21139840062242
Mildly sparse,bcspwr03,118,476,3.418557885665039,1270,1270,1270,1270,1270,0.0,,0.04800000000000182,0.14599999999995816,0.04600000000004911,0.02400000000000091,0.2400000000000091,0.401,,,,,0.359,0.334,0.301,0.245,,0.25499999999999545,0.21600000000000819,0.20000000000004547,0.1570000000000391,0.11099999999999,"{('cu', 'start'): 577.606, ('cu', 'h2dmalloc'): 577.655, ('cu', 'h2d'): 577.667, ('cu', 'workest'): 577.715, ('cu', 'compute'): 577.861, ('cu', 'copy'): 577.907, ('cu', 'pack'): 577.922, ('cu', 'd2h'): 577.946, ('gust', 'start'): 578.013, ('gust', 'h2d'): 578.074, ('gust', 'count'): 578.092, ('gust', 'scan'): 578.125, ('gust', 'expand'): 578.146, ('gust', 'sort'): 578.191, ('gust', 'reduce'): 578.227, ('gust', 'final'): 578.275, ('gust', 'pack'): 578.29, ('gust', 'd2h'): 578.299, ('merge', 'start'): 578.38, ('merge', 'h2d'): 578.438, ('merge', 'count'): 578.456, ('merge', 'scan'): 578.487, ('merge', 'expand'): 578.513, ('merge', 'merge'): 578.567, ('merge', 'final'): 578.601, ('merge', 'compact'): 578.623, ('merge', 'pack'): 578.638, ('merge', 'd2h'): 578.646, ('mrg2', 'start'): 578.719, ('mrg2', 'h2d'): 578.785, ('mrg2', 'count'): 578.805, ('mrg2', 'scan'): 578.835, ('mrg2', 'merge'): 578.877, ('mrg2', 'final'): 578.906, ('mrg2', 'compact'): 578.928, ('mrg2', 'pack'): 578.942, ('mrg2', 'd2h'): 578.951, ('mrg3', 'start'): 579.025, ('mrg3', 'h2d'): 579.081, ('mrg3', 'count'): 579.106, ('mrg3', 'scan'): 579.149, ('mrg3', 'merge'): 579.179, ('mrg3', 'pack'): 579.192, ('mrg3', 'd2h'): 579.201}",0.0394429080188274,0.2087584010325372
Mildly sparse,can_229,229,1777,3.388570012013501,5017,5017,5017,5017,5017,0.0,,0.06500000000005457,0.17200000000002547,0.06399999999996453,0.03200000000003911,0.30100000000004457,0.55,,,,,0.597,0.502,0.425,0.373,,0.32600000000002183,0.37200000000007094,0.3000000000000682,0.21100000000001273,0.17600000000004457,"{('cu', 'start'): 682.038, ('cu', 'h2dmalloc'): 682.104, ('cu', 'h2d'): 682.131, ('cu', 'workest'): 682.196, ('cu', 'compute'): 682.368, ('cu', 'copy'): 682.432, ('cu', 'pack'): 682.457, ('cu', 'd2h'): 682.489, ('gust', 'start'): 682.597, ('gust', 'h2d'): 682.685, ('gust', 'count'): 682.711, ('gust', 'scan'): 682.765, ('gust', 'expand'): 682.793, ('gust', 'sort'): 682.915, ('gust', 'reduce'): 682.962, ('gust', 'final'): 683.033, ('gust', 'pack'): 683.057, ('gust', 'd2h'): 683.07, ('merge', 'start'): 683.202, ('merge', 'h2d'): 683.286, ('merge', 'count'): 683.311, ('merge', 'scan'): 683.352, ('merge', 'expand'): 683.388, ('merge', 'merge'): 683.491, ('merge', 'final'): 683.536, ('merge', 'compact'): 683.566, ('merge', 'pack'): 683.586, ('merge', 'd2h'): 683.601, ('mrg2', 'start'): 683.712, ('mrg2', 'h2d'): 683.805, ('mrg2', 'count'): 683.83, ('mrg2', 'scan'): 683.87, ('mrg2', 'merge'): 683.928, ('mrg2', 'final'): 683.968, ('mrg2', 'compact'): 683.993, ('mrg2', 'pack'): 684.016, ('mrg2', 'd2h'): 684.03, ('mrg3', 'start'): 684.144, ('mrg3', 'h2d'): 684.223, ('mrg3', 'count'): 684.264, ('mrg3', 'scan'): 684.327, ('mrg3', 'merge'): 684.375, ('mrg3', 'pack'): 684.399, ('mrg3', 'd2h'): 684.412}",0.0335208605974912,0.3288191991159692
Mildly sparse,can_292,292,2540,2.9789829236254457,11670,11670,11670,11670,11670,0.0,,0.05999999999994543,0.18100000000004002,0.05600000000004002,0.03200000000003911,0.29700000000002547,0.525,,,,,0.558,0.7,0.419,0.324,,0.3149999999999409,0.3369999999999891,0.5149999999999864,0.2319999999999709,0.1430000000000291,"{('cu', 'start'): 670.434, ('cu', 'h2dmalloc'): 670.504, ('cu', 'h2d'): 670.528, ('cu', 'workest'): 670.588, ('cu', 'compute'): 670.769, ('cu', 'copy'): 670.825, ('cu', 'pack'): 670.843, ('cu', 'd2h'): 670.875, ('gust', 'start'): 670.968, ('gust', 'h2d'): 671.059, ('gust', 'count'): 671.083, ('gust', 'scan'): 671.122, ('gust', 'expand'): 671.151, ('gust', 'sort'): 671.278, ('gust', 'reduce'): 671.319, ('gust', 'final'): 671.375, ('gust', 'pack'): 671.396, ('gust', 'd2h'): 671.421, ('merge', 'start'): 671.532, ('merge', 'h2d'): 671.615, ('merge', 'count'): 671.64, ('merge', 'scan'): 671.677, ('merge', 'expand'): 671.74, ('merge', 'merge'): 672.045, ('merge', 'final'): 672.085, ('merge', 'compact'): 672.112, ('merge', 'pack'): 672.13, ('merge', 'd2h'): 672.148, ('mrg2', 'start'): 672.239, ('mrg2', 'h2d'): 672.32, ('mrg2', 'count'): 672.343, ('mrg2', 'scan'): 672.378, ('mrg2', 'merge'): 672.464, ('mrg2', 'final'): 672.509, ('mrg2', 'compact'): 672.532, ('mrg2', 'pack'): 672.552, ('mrg2', 'd2h'): 672.57, ('mrg3', 'start'): 672.664, ('mrg3', 'h2d'): 672.741, ('mrg3', 'count'): 672.774, ('mrg3', 'scan'): 672.825, ('mrg3', 'merge'): 672.863, ('mrg3', 'pack'): 672.884, ('mrg3', 'd2h'): 672.901}",0.0597399193793535,0.3415392000926658
Mildly sparse,ash292,292,2208,2.589604053293301,6042,6042,6042,6042,6042,0.0,,0.051000000000044565,0.1430000000000291,0.04899999999997817,0.02400000000000091,0.24300000000005184,0.414,,,,,0.433,0.37,0.302,0.27,,0.25900000000001455,0.28499999999996817,0.22899999999992815,0.16099999999994452,0.1290000000000191,"{('cu', 'start'): 614.494, ('cu', 'h2dmalloc'): 614.544, ('cu', 'h2d'): 614.56, ('cu', 'workest'): 614.611, ('cu', 'compute'): 614.754, ('cu', 'copy'): 614.803, ('cu', 'pack'): 614.819, ('cu', 'd2h'): 614.843, ('gust', 'start'): 614.915, ('gust', 'h2d'): 614.979, ('gust', 'count'): 614.998, ('gust', 'scan'): 615.031, ('gust', 'expand'): 615.056, ('gust', 'sort'): 615.162, ('gust', 'reduce'): 615.199, ('gust', 'final'): 615.248, ('gust', 'pack'): 615.264, ('gust', 'd2h'): 615.274, ('merge', 'start'): 615.354, ('merge', 'h2d'): 615.416, ('merge', 'count'): 615.435, ('merge', 'scan'): 615.467, ('merge', 'expand'): 615.498, ('merge', 'merge'): 615.57, ('merge', 'final'): 615.604, ('merge', 'compact'): 615.632, ('merge', 'pack'): 615.645, ('merge', 'd2h'): 615.655, ('mrg2', 'start'): 615.73, ('mrg2', 'h2d'): 615.792, ('mrg2', 'count'): 615.811, ('mrg2', 'scan'): 615.843, ('mrg2', 'merge'): 615.886, ('mrg2', 'final'): 615.916, ('mrg2', 'compact'): 615.937, ('mrg2', 'pack'): 615.953, ('mrg2', 'd2h'): 615.963, ('mrg3', 'start'): 616.038, ('mrg3', 'h2d'): 616.101, ('mrg3', 'count'): 616.132, ('mrg3', 'scan'): 616.176, ('mrg3', 'merge'): 616.212, ('mrg3', 'pack'): 616.23, ('mrg3', 'd2h'): 616.24}",0.0522730406373739,0.2186271990183741
Mildly sparse,bcspwr04,274,1612,2.1471575470190207,4982,4982,4982,4982,4982,0.0,,0.06100000000003547,0.17599999999993088,0.06100000000003547,0.028999999999996362,0.2980000000000018,0.536,,,,,0.572,0.505,0.425,0.338,,0.32200000000000273,0.35400000000004184,0.30499999999995,0.22100000000000364,0.1410000000000764,"{('cu', 'start'): 676.367, ('cu', 'h2dmalloc'): 676.432, ('cu', 'h2d'): 676.456, ('cu', 'workest'): 676.517, ('cu', 'compute'): 676.693, ('cu', 'copy'): 676.754, ('cu', 'pack'): 676.778, ('cu', 'd2h'): 676.807, ('gust', 'start'): 676.912, ('gust', 'h2d'): 676.995, ('gust', 'count'): 677.022, ('gust', 'scan'): 677.062, ('gust', 'expand'): 677.093, ('gust', 'sort'): 677.22, ('gust', 'reduce'): 677.266, ('gust', 'final'): 677.325, ('gust', 'pack'): 677.349, ('gust', 'd2h'): 677.363, ('merge', 'start'): 677.491, ('merge', 'h2d'): 677.576, ('merge', 'count'): 677.601, ('merge', 'scan'): 677.64, ('merge', 'expand'): 677.685, ('merge', 'merge'): 677.788, ('merge', 'final'): 677.833, ('merge', 'compact'): 677.862, ('merge', 'pack'): 677.881, ('merge', 'd2h'): 677.895, ('mrg2', 'start'): 678.004, ('mrg2', 'h2d'): 678.09, ('mrg2', 'count'): 678.124, ('mrg2', 'scan'): 678.164, ('mrg2', 'merge'): 678.224, ('mrg2', 'final'): 678.262, ('mrg2', 'compact'): 678.291, ('mrg2', 'pack'): 678.311, ('mrg2', 'd2h'): 678.325, ('mrg3', 'start'): 678.436, ('mrg3', 'h2d'): 678.516, ('mrg3', 'count'): 678.548, ('mrg3', 'scan'): 678.603, ('mrg3', 'merge'): 678.637, ('mrg3', 'pack'): 678.657, ('mrg3', 'd2h'): 678.672}",0.0338419340550899,0.2209727998357266
Mildly sparse,bcsstk13,2003,83883,2.0907979019987244,396773,396773,396773,396773,396773,0.0,,0.06599999999991724,0.5660000000000309,0.1710000000000491,0.55600000000004,0.8029999999999973,1.729,,,,,2.594,6.6,1.86,1.688,,0.8959999999999582,1.8700000000000045,5.884999999999991,1.1410000000000764,0.9759999999999991,"{('cu', 'start'): 724.043, ('cu', 'h2dmalloc'): 724.103, ('cu', 'h2d'): 724.181, ('cu', 'workest'): 724.247, ('cu', 'compute'): 724.813, ('cu', 'copy'): 724.984, ('cu', 'pack'): 725.077, ('cu', 'd2h'): 725.633, ('gust', 'start'): 725.783, ('gust', 'h2d'): 725.917, ('gust', 'count'): 725.947, ('gust', 'scan'): 725.989, ('gust', 'expand'): 726.188, ('gust', 'sort'): 726.975, ('gust', 'reduce'): 727.19, ('gust', 'final'): 727.693, ('gust', 'pack'): 727.787, ('gust', 'd2h'): 728.114, ('merge', 'start'): 728.384, ('merge', 'h2d'): 728.52, ('merge', 'count'): 728.55, ('merge', 'scan'): 728.591, ('merge', 'expand'): 729.375, ('merge', 'merge'): 733.854, ('merge', 'final'): 734.045, ('merge', 'compact'): 734.317, ('merge', 'pack'): 734.405, ('merge', 'd2h'): 734.731, ('mrg2', 'start'): 734.99, ('mrg2', 'h2d'): 735.132, ('mrg2', 'count'): 735.162, ('mrg2', 'scan'): 735.202, ('mrg2', 'merge'): 735.876, ('mrg2', 'final'): 735.916, ('mrg2', 'compact'): 736.183, ('mrg2', 'pack'): 736.273, ('mrg2', 'd2h'): 736.599, ('mrg3', 'start'): 736.856, ('mrg3', 'h2d'): 736.989, ('mrg3', 'count'): 737.278, ('mrg3', 'scan'): 737.334, ('mrg3', 'merge'): 737.886, ('mrg3', 'pack'): 737.965, ('mrg3', 'd2h'): 738.29}",0.5329828709363937,0.6963264011079445
Mildly sparse,bcsstm01,48,48,2.083333333333333,48,48,48,48,48,0.0,,0.06000000000005912,0.15800000000001546,0.06999999999993634,0.02699999999992997,0.2880000000000109,0.523,,,,,0.455,0.403,0.356,0.312,,0.3140000000000782,0.2559999999999718,0.1919999999998936,0.16800000000000637,0.1230000000000473,"{('cu', 'start'): 665.086, ('cu', 'h2dmalloc'): 665.152, ('cu', 'h2d'): 665.17, ('cu', 'workest'): 665.23, ('cu', 'compute'): 665.388, ('cu', 'copy'): 665.458, ('cu', 'pack'): 665.484, ('cu', 'd2h'): 665.511, ('gust', 'start'): 665.622, ('gust', 'h2d'): 665.705, ('gust', 'count'): 665.727, ('gust', 'scan'): 665.767, ('gust', 'expand'): 665.792, ('gust', 'sort'): 665.837, ('gust', 'reduce'): 665.881, ('gust', 'final'): 665.939, ('gust', 'pack'): 665.961, ('gust', 'd2h'): 665.972, ('merge', 'start'): 666.09, ('merge', 'h2d'): 666.166, ('merge', 'count'): 666.19, ('merge', 'scan'): 666.227, ('merge', 'expand'): 666.247, ('merge', 'merge'): 666.272, ('merge', 'final'): 666.313, ('merge', 'compact'): 666.338, ('merge', 'pack'): 666.358, ('merge', 'd2h'): 666.37, ('mrg2', 'start'): 666.492, ('mrg2', 'h2d'): 666.567, ('mrg2', 'count'): 666.59, ('mrg2', 'scan'): 666.628, ('mrg2', 'merge'): 666.653, ('mrg2', 'final'): 666.69, ('mrg2', 'compact'): 666.715, ('mrg2', 'pack'): 666.735, ('mrg2', 'd2h'): 666.747, ('mrg3', 'start'): 666.857, ('mrg3', 'h2d'): 666.929, ('mrg3', 'count'): 666.954, ('mrg3', 'scan'): 667.005, ('mrg3', 'merge'): 667.032, ('mrg3', 'pack'): 667.052, ('mrg3', 'd2h'): 667.063}",0.0166050158441066,0.1666592010296881
Mildly sparse,bcsstk14,1806,63454,1.945465404477998,195654,195654,195654,195654,195654,0.0,,0.06500000000005457,0.5190000000000055,0.12999999999999545,0.30499999999995,0.7140000000000555,1.354,,,,,1.851,2.351,1.136,0.986,,0.7950000000000728,1.4420000000000073,1.8999999999999773,0.6889999999999645,0.5220000000000482,"{('cu', 'start'): 720.354, ('cu', 'h2dmalloc'): 720.42, ('cu', 'h2d'): 720.472, ('cu', 'workest'): 720.537, ('cu', 'compute'): 721.056, ('cu', 'copy'): 721.186, ('cu', 'pack'): 721.267, ('cu', 'd2h'): 721.572, ('gust', 'start'): 721.716, ('gust', 'h2d'): 721.826, ('gust', 'count'): 721.853, ('gust', 'scan'): 721.896, ('gust', 'expand'): 722.078, ('gust', 'sort'): 722.615, ('gust', 'reduce'): 722.815, ('gust', 'final'): 723.239, ('gust', 'pack'): 723.268, ('gust', 'd2h'): 723.407, ('merge', 'start'): 723.574, ('merge', 'h2d'): 723.687, ('merge', 'count'): 723.715, ('merge', 'scan'): 723.754, ('merge', 'expand'): 724.088, ('merge', 'merge'): 725.109, ('merge', 'final'): 725.29, ('merge', 'compact'): 725.506, ('merge', 'pack'): 725.587, ('merge', 'd2h'): 725.728, ('mrg2', 'start'): 725.932, ('mrg2', 'h2d'): 726.038, ('mrg2', 'count'): 726.067, ('mrg2', 'scan'): 726.105, ('mrg2', 'merge'): 726.397, ('mrg2', 'final'): 726.437, ('mrg2', 'compact'): 726.647, ('mrg2', 'pack'): 726.727, ('mrg2', 'd2h'): 726.863, ('mrg3', 'start'): 727.075, ('mrg3', 'h2d'): 727.184, ('mrg3', 'count'): 727.322, ('mrg3', 'scan'): 727.376, ('mrg3', 'merge'): 727.631, ('mrg3', 'pack'): 727.706, ('mrg3', 'd2h'): 727.846}",0.3842159640043974,0.5899199981475249
Mildly sparse,can_445,445,3809,1.923494508269158,11193,11193,11193,11193,11193,0.0,,0.05499999999994998,0.16800000000000637,0.05700000000001637,0.03200000000003911,0.2799999999999727,0.491,,,,,0.542,0.458,0.388,0.32,,0.2999999999999545,0.34399999999993724,0.27899999999999636,0.21100000000001273,0.14400000000000546,"{('cu', 'start'): 678.391, ('cu', 'h2dmalloc'): 678.454, ('cu', 'h2d'): 678.47, ('cu', 'workest'): 678.525, ('cu', 'compute'): 678.693, ('cu', 'copy'): 678.75, ('cu', 'pack'): 678.77, ('cu', 'd2h'): 678.802, ('gust', 'start'): 678.891, ('gust', 'h2d'): 678.97, ('gust', 'count'): 679.002, ('gust', 'scan'): 679.04, ('gust', 'expand'): 679.066, ('gust', 'sort'): 679.195, ('gust', 'reduce'): 679.237, ('gust', 'final'): 679.293, ('gust', 'pack'): 679.314, ('gust', 'd2h'): 679.338, ('merge', 'start'): 679.437, ('merge', 'h2d'): 679.516, ('merge', 'count'): 679.539, ('merge', 'scan'): 679.573, ('merge', 'expand'): 679.61, ('merge', 'merge'): 679.712, ('merge', 'final'): 679.751, ('merge', 'compact'): 679.778, ('merge', 'pack'): 679.795, ('merge', 'd2h'): 679.811, ('mrg2', 'start'): 679.901, ('mrg2', 'h2d'): 679.975, ('mrg2', 'count'): 680.007, ('mrg2', 'scan'): 680.042, ('mrg2', 'merge'): 680.107, ('mrg2', 'final'): 680.143, ('mrg2', 'compact'): 680.168, ('mrg2', 'pack'): 680.186, ('mrg2', 'd2h'): 680.203, ('mrg3', 'start'): 680.294, ('mrg3', 'h2d'): 680.369, ('mrg3', 'count'): 680.402, ('mrg3', 'scan'): 680.454, ('mrg3', 'merge'): 680.492, ('mrg3', 'pack'): 680.513, ('mrg3', 'd2h'): 680.53}",0.0606849789619445,0.3294687981484458
Mildly sparse,bcsstm10,1086,22092,1.8731621948861958,54504,54504,54504,54504,54504,0.0,,0.06099999999992178,0.2820000000000391,0.06399999999996453,0.13999999999998636,0.4069999999999254,0.736,,,,,1.192,1.206,0.691,0.434,,0.42799999999999727,0.9139999999999873,0.9339999999999691,0.40800000000001546,0.21000000000003638,"{('cu', 'start'): 648.396, ('cu', 'h2dmalloc'): 648.457, ('cu', 'h2d'): 648.489, ('cu', 'workest'): 648.55, ('cu', 'compute'): 648.832, ('cu', 'copy'): 648.896, ('cu', 'pack'): 648.917, ('cu', 'd2h'): 649.057, ('gust', 'start'): 649.141, ('gust', 'h2d'): 649.231, ('gust', 'count'): 649.255, ('gust', 'scan'): 649.294, ('gust', 'expand'): 649.437, ('gust', 'sort'): 649.712, ('gust', 'reduce'): 649.868, ('gust', 'final'): 650.112, ('gust', 'pack'): 650.145, ('gust', 'd2h'): 650.193, ('merge', 'start'): 650.339, ('merge', 'h2d'): 650.428, ('merge', 'count'): 650.455, ('merge', 'scan'): 650.493, ('merge', 'expand'): 650.706, ('merge', 'merge'): 651.086, ('merge', 'final'): 651.198, ('merge', 'compact'): 651.338, ('merge', 'pack'): 651.362, ('merge', 'd2h'): 651.409, ('mrg2', 'start'): 651.551, ('mrg2', 'h2d'): 651.649, ('mrg2', 'count'): 651.677, ('mrg2', 'scan'): 651.715, ('mrg2', 'merge'): 651.907, ('mrg2', 'final'): 651.946, ('mrg2', 'compact'): 652.033, ('mrg2', 'pack'): 652.057, ('mrg2', 'd2h'): 652.106, ('mrg3', 'start'): 652.249, ('mrg3', 'h2d'): 652.336, ('mrg3', 'count'): 652.394, ('mrg3', 'scan'): 652.448, ('mrg3', 'merge'): 652.526, ('mrg3', 'pack'): 652.546, ('mrg3', 'd2h'): 652.594}",0.1173790078610181,0.5038368008797989
Mildly sparse,bcsstk10,1086,22070,1.8712968332943305,54504,54504,54504,54504,54504,0.0,,0.07400000000006912,0.2949999999999591,0.06399999999996453,0.1470000000000482,0.4329999999999927,0.787,,,,,1.308,1.304,0.735,0.472,,0.45699999999999363,1.0109999999999673,1.0130000000000337,0.44500000000005,0.2340000000000373,"{('cu', 'start'): 690.292, ('cu', 'h2dmalloc'): 690.364, ('cu', 'h2d'): 690.39, ('cu', 'workest'): 690.464, ('cu', 'compute'): 690.759, ('cu', 'copy'): 690.823, ('cu', 'pack'): 690.847, ('cu', 'd2h'): 690.994, ('gust', 'start'): 691.087, ('gust', 'h2d'): 691.183, ('gust', 'count'): 691.212, ('gust', 'scan'): 691.256, ('gust', 'expand'): 691.421, ('gust', 'sort'): 691.721, ('gust', 'reduce'): 691.899, ('gust', 'final'): 692.16, ('gust', 'pack'): 692.194, ('gust', 'd2h'): 692.239, ('merge', 'start'): 692.403, ('merge', 'h2d'): 692.506, ('merge', 'count'): 692.538, ('merge', 'scan'): 692.58, ('merge', 'expand'): 692.808, ('merge', 'merge'): 693.206, ('merge', 'final'): 693.333, ('merge', 'compact'): 693.492, ('merge', 'pack'): 693.519, ('merge', 'd2h'): 693.562, ('mrg2', 'start'): 693.713, ('mrg2', 'h2d'): 693.808, ('mrg2', 'count'): 693.838, ('mrg2', 'scan'): 693.878, ('mrg2', 'merge'): 694.089, ('mrg2', 'final'): 694.13, ('mrg2', 'compact'): 694.227, ('mrg2', 'pack'): 694.253, ('mrg2', 'd2h'): 694.298, ('mrg3', 'start'): 694.455, ('mrg3', 'h2d'): 694.548, ('mrg3', 'count'): 694.607, ('mrg3', 'scan'): 694.664, ('mrg3', 'merge'): 694.757, ('mrg3', 'pack'): 694.782, ('mrg3', 'd2h'): 694.826}",0.1465240493416786,0.5139391984790563
Mildly sparse,can_634,634,7228,1.7982067689000787,25446,25446,25446,25446,25446,0.0,,0.059000000000082764,0.2459999999999809,0.06200000000001182,0.11800000000005184,0.3670000000000755,0.671,,,,,0.835,0.651,0.408,0.349,,0.39800000000002456,0.6180000000000518,0.45699999999999363,0.2179999999999609,0.15999999999996817,"{('cu', 'start'): 669.771, ('cu', 'h2dmalloc'): 669.833, ('cu', 'h2d'): 669.853, ('cu', 'workest'): 669.912, ('cu', 'compute'): 670.158, ('cu', 'copy'): 670.22, ('cu', 'pack'): 670.251, ('cu', 'd2h'): 670.369, ('gust', 'start'): 670.451, ('gust', 'h2d'): 670.531, ('gust', 'count'): 670.554, ('gust', 'scan'): 670.594, ('gust', 'expand'): 670.624, ('gust', 'sort'): 670.882, ('gust', 'reduce'): 670.999, ('gust', 'final'): 671.125, ('gust', 'pack'): 671.149, ('gust', 'd2h'): 671.184, ('merge', 'start'): 671.292, ('merge', 'h2d'): 671.374, ('merge', 'count'): 671.399, ('merge', 'scan'): 671.438, ('merge', 'expand'): 671.502, ('merge', 'merge'): 671.752, ('merge', 'final'): 671.789, ('merge', 'compact'): 671.813, ('merge', 'pack'): 671.831, ('merge', 'd2h'): 671.858, ('mrg2', 'start'): 671.95, ('mrg2', 'h2d'): 672.027, ('mrg2', 'count'): 672.049, ('mrg2', 'scan'): 672.084, ('mrg2', 'merge'): 672.164, ('mrg2', 'final'): 672.198, ('mrg2', 'compact'): 672.221, ('mrg2', 'pack'): 672.245, ('mrg2', 'd2h'): 672.274, ('mrg3', 'start'): 672.364, ('mrg3', 'h2d'): 672.441, ('mrg3', 'count'): 672.481, ('mrg3', 'scan'): 672.531, ('mrg3', 'merge'): 672.583, ('mrg3', 'pack'): 672.601, ('mrg3', 'd2h'): 672.63}",0.0726208090782165,0.3591936004115268
Mildly sparse,bcsstk11,1473,34241,1.578123350888521,94187,94187,94187,94187,94187,0.0,,0.06100000000003547,0.31100000000003547,0.07799999999997453,0.18100000000004002,0.4500000000000455,0.984,,,,,1.433,1.341,0.739,0.512,,0.5579999999999927,1.1560000000000628,1.058999999999969,0.4779999999999518,0.23699999999996635,"{('cu', 'start'): 666.469, ('cu', 'h2dmalloc'): 666.532, ('cu', 'h2d'): 666.573, ('cu', 'workest'): 666.634, ('cu', 'compute'): 666.945, ('cu', 'copy'): 667.023, ('cu', 'pack'): 667.131, ('cu', 'd2h'): 667.312, ('gust', 'start'): 667.462, ('gust', 'h2d'): 667.56, ('gust', 'count'): 667.588, ('gust', 'scan'): 667.631, ('gust', 'expand'): 667.781, ('gust', 'sort'): 668.112, ('gust', 'reduce'): 668.292, ('gust', 'final'): 668.669, ('gust', 'pack'): 668.716, ('gust', 'd2h'): 668.793, ('merge', 'start'): 668.903, ('merge', 'h2d'): 669.022, ('merge', 'count'): 669.052, ('merge', 'scan'): 669.094, ('merge', 'expand'): 669.309, ('merge', 'merge'): 669.738, ('merge', 'final'): 669.911, ('merge', 'compact'): 670.057, ('merge', 'pack'): 670.081, ('merge', 'd2h'): 670.158, ('mrg2', 'start'): 670.249, ('mrg2', 'h2d'): 670.351, ('mrg2', 'count'): 670.376, ('mrg2', 'scan'): 670.415, ('mrg2', 'merge'): 670.624, ('mrg2', 'final'): 670.663, ('mrg2', 'compact'): 670.806, ('mrg2', 'pack'): 670.829, ('mrg2', 'd2h'): 670.906, ('mrg3', 'start'): 670.997, ('mrg3', 'h2d'): 671.106, ('mrg3', 'count'): 671.178, ('mrg3', 'scan'): 671.234, ('mrg3', 'merge'): 671.322, ('mrg3', 'pack'): 671.343, ('mrg3', 'd2h'): 671.418}",0.2499658148735761,0.5370943980989977
Mildly sparse,bcsstk12,1473,34241,1.578123350888521,94187,94187,94187,94187,94187,0.0,,0.07600000000002183,0.31799999999998363,0.06400000000007822,0.17899999999997362,0.4580000000000837,0.98,,,,,1.352,1.307,0.729,0.49,,0.5620000000000118,1.0860000000000127,1.0410000000000537,0.47500000000002274,0.2319999999999709,"{('cu', 'start'): 695.034, ('cu', 'h2dmalloc'): 695.094, ('cu', 'h2d'): 695.136, ('cu', 'workest'): 695.212, ('cu', 'compute'): 695.53, ('cu', 'copy'): 695.594, ('cu', 'pack'): 695.698, ('cu', 'd2h'): 695.877, ('gust', 'start'): 696.021, ('gust', 'h2d'): 696.119, ('gust', 'count'): 696.143, ('gust', 'scan'): 696.197, ('gust', 'expand'): 696.347, ('gust', 'sort'): 696.672, ('gust', 'reduce'): 696.85, ('gust', 'final'): 697.161, ('gust', 'pack'): 697.205, ('gust', 'd2h'): 697.283, ('merge', 'start'): 697.381, ('merge', 'h2d'): 697.486, ('merge', 'count'): 697.514, ('merge', 'scan'): 697.552, ('merge', 'expand'): 697.76, ('merge', 'merge'): 698.192, ('merge', 'final'): 698.363, ('merge', 'compact'): 698.505, ('merge', 'pack'): 698.527, ('merge', 'd2h'): 698.604, ('mrg2', 'start'): 698.694, ('mrg2', 'h2d'): 698.793, ('mrg2', 'count'): 698.819, ('mrg2', 'scan'): 698.857, ('mrg2', 'merge'): 699.053, ('mrg2', 'final'): 699.091, ('mrg2', 'compact'): 699.244, ('mrg2', 'pack'): 699.268, ('mrg2', 'd2h'): 699.345, ('mrg3', 'start'): 699.43, ('mrg3', 'h2d'): 699.528, ('mrg3', 'count'): 699.598, ('mrg3', 'scan'): 699.653, ('mrg3', 'merge'): 699.74, ('mrg3', 'pack'): 699.76, ('mrg3', 'd2h'): 699.837}",0.2321570646017789,0.4953759998083114
Mildly sparse,bcsstk09,1083,18437,1.5719305066378828,71289,71289,71289,71289,71289,0.0,,0.05899999999996908,0.2620000000000573,0.06399999999996453,0.14800000000002456,0.3849999999999909,0.729,,,,,1.106,1.044,0.593,0.427,,0.4069999999999254,0.8129999999999882,0.8120000000000118,0.36399999999991905,0.19600000000002638,"{('cu', 'start'): 686.5, ('cu', 'h2dmalloc'): 686.571, ('cu', 'h2d'): 686.6, ('cu', 'workest'): 686.659, ('cu', 'compute'): 686.921, ('cu', 'copy'): 686.985, ('cu', 'pack'): 687.007, ('cu', 'd2h'): 687.155, ('gust', 'start'): 687.238, ('gust', 'h2d'): 687.325, ('gust', 'count'): 687.35, ('gust', 'scan'): 687.39, ('gust', 'expand'): 687.487, ('gust', 'sort'): 687.761, ('gust', 'reduce'): 687.919, ('gust', 'final'): 688.106, ('gust', 'pack'): 688.138, ('gust', 'd2h'): 688.2, ('merge', 'start'): 688.351, ('merge', 'h2d'): 688.439, ('merge', 'count'): 688.465, ('merge', 'scan'): 688.511, ('merge', 'expand'): 688.643, ('merge', 'merge'): 688.976, ('merge', 'final'): 689.086, ('merge', 'compact'): 689.227, ('merge', 'pack'): 689.251, ('merge', 'd2h'): 689.31, ('mrg2', 'start'): 689.402, ('mrg2', 'h2d'): 689.488, ('mrg2', 'count'): 689.52, ('mrg2', 'scan'): 689.558, ('mrg2', 'merge'): 689.7, ('mrg2', 'final'): 689.74, ('mrg2', 'compact'): 689.829, ('mrg2', 'pack'): 689.852, ('mrg2', 'd2h'): 689.912, ('mrg3', 'start'): 690.0, ('mrg3', 'h2d'): 690.086, ('mrg3', 'count'): 690.141, ('mrg3', 'scan'): 690.195, ('mrg3', 'merge'): 690.262, ('mrg3', 'pack'): 690.282, ('mrg3', 'd2h'): 690.342}",0.1308119390159845,0.3353343978757038
Mildly sparse,bcsstm02,66,66,1.5151515151515151,66,66,66,66,66,0.0,,0.057999999999992724,0.15399999999999636,0.055000000000063665,0.02900000000011005,0.26700000000005275,0.5,,,,,0.461,0.391,0.358,0.321,,0.2899999999999636,0.2540000000000191,0.19400000000007367,0.17399999999997817,0.13199999999994816,"{('cu', 'start'): 673.539, ('cu', 'h2dmalloc'): 673.606, ('cu', 'h2d'): 673.621, ('cu', 'workest'): 673.679, ('cu', 'compute'): 673.833, ('cu', 'copy'): 673.888, ('cu', 'pack'): 673.911, ('cu', 'd2h'): 673.94, ('gust', 'start'): 674.049, ('gust', 'h2d'): 674.13, ('gust', 'count'): 674.155, ('gust', 'scan'): 674.195, ('gust', 'expand'): 674.219, ('gust', 'sort'): 674.266, ('gust', 'reduce'): 674.306, ('gust', 'final'): 674.362, ('gust', 'pack'): 674.384, ('gust', 'd2h'): 674.395, ('merge', 'start'): 674.522, ('merge', 'h2d'): 674.602, ('merge', 'count'): 674.626, ('merge', 'scan'): 674.665, ('merge', 'expand'): 674.688, ('merge', 'merge'): 674.709, ('merge', 'final'): 674.749, ('merge', 'compact'): 674.777, ('merge', 'pack'): 674.796, ('merge', 'd2h'): 674.808, ('mrg2', 'start'): 674.913, ('mrg2', 'h2d'): 674.986, ('mrg2', 'count'): 675.009, ('mrg2', 'scan'): 675.046, ('mrg2', 'merge'): 675.077, ('mrg2', 'final'): 675.111, ('mrg2', 'compact'): 675.137, ('mrg2', 'pack'): 675.16, ('mrg2', 'd2h'): 675.17, ('mrg3', 'start'): 675.279, ('mrg3', 'h2d'): 675.351, ('mrg3', 'count'): 675.377, ('mrg3', 'scan'): 675.428, ('mrg3', 'merge'): 675.451, ('mrg3', 'pack'): 675.483, ('mrg3', 'd2h'): 675.494}",0.0471249222755432,0.1695455994689837
Mildly sparse,can_838,838,10010,1.4254304771560882,51156,51156,51156,51156,51156,0.0,,0.07699999999999818,0.2699999999999818,0.07799999999997453,0.15600000000006276,0.4249999999999545,0.801,,,,,0.966,1.167,0.558,0.469,,0.45299999999997453,0.6420000000000528,0.8380000000000791,0.3079999999999927,0.20600000000001728,"{('cu', 'start'): 686.772, ('cu', 'h2dmalloc'): 686.854, ('cu', 'h2d'): 686.88, ('cu', 'workest'): 686.957, ('cu', 'compute'): 687.227, ('cu', 'copy'): 687.305, ('cu', 'pack'): 687.333, ('cu', 'd2h'): 687.489, ('gust', 'start'): 687.592, ('gust', 'h2d'): 687.694, ('gust', 'count'): 687.725, ('gust', 'scan'): 687.775, ('gust', 'expand'): 687.813, ('gust', 'sort'): 688.098, ('gust', 'reduce'): 688.231, ('gust', 'final'): 688.307, ('gust', 'pack'): 688.336, ('gust', 'd2h'): 688.393, ('merge', 'start'): 688.568, ('merge', 'h2d'): 688.675, ('merge', 'count'): 688.709, ('merge', 'scan'): 688.759, ('merge', 'expand'): 688.841, ('merge', 'merge'): 689.402, ('merge', 'final'): 689.454, ('merge', 'compact'): 689.485, ('merge', 'pack'): 689.513, ('merge', 'd2h'): 689.56, ('mrg2', 'start'): 689.744, ('mrg2', 'h2d'): 689.842, ('mrg2', 'count'): 689.873, ('mrg2', 'scan'): 689.924, ('mrg2', 'merge'): 690.048, ('mrg2', 'final'): 690.091, ('mrg2', 'compact'): 690.123, ('mrg2', 'pack'): 690.15, ('mrg2', 'd2h'): 690.198, ('mrg3', 'start'): 690.311, ('mrg3', 'h2d'): 690.411, ('mrg3', 'count'): 690.461, ('mrg3', 'scan'): 690.522, ('mrg3', 'merge'): 690.586, ('mrg3', 'pack'): 690.617, ('mrg3', 'd2h'): 690.667}",0.0951960682868957,0.3523519988404587
Mildly sparse,bcsstk20,485,3135,1.3327665001594218,5545,5545,5545,5545,5545,0.0,,0.07299999999997908,0.17799999999999727,0.07100000000002638,0.038000000000010914,0.32200000000000273,0.597,,,,,0.643,0.525,0.45,0.388,,0.35000000000002274,0.39800000000002456,0.28899999999998727,0.2279999999999518,0.16599999999993997,"{('cu', 'start'): 687.472, ('cu', 'h2dmalloc'): 687.551, ('cu', 'h2d'): 687.572, ('cu', 'workest'): 687.645, ('cu', 'compute'): 687.823, ('cu', 'copy'): 687.894, ('cu', 'pack'): 687.922, ('cu', 'd2h'): 687.96, ('gust', 'start'): 688.08, ('gust', 'h2d'): 688.179, ('gust', 'count'): 688.21, ('gust', 'scan'): 688.262, ('gust', 'expand'): 688.294, ('gust', 'sort'): 688.428, ('gust', 'reduce'): 688.48, ('gust', 'final'): 688.547, ('gust', 'pack'): 688.577, ('gust', 'd2h'): 688.594, ('merge', 'start'): 688.733, ('merge', 'h2d'): 688.842, ('merge', 'count'): 688.874, ('merge', 'scan'): 688.924, ('merge', 'expand'): 688.962, ('merge', 'merge'): 689.026, ('merge', 'final'): 689.073, ('merge', 'compact'): 689.103, ('merge', 'pack'): 689.131, ('merge', 'd2h'): 689.147, ('mrg2', 'start'): 689.267, ('mrg2', 'h2d'): 689.364, ('mrg2', 'count'): 689.393, ('mrg2', 'scan'): 689.441, ('mrg2', 'merge'): 689.49, ('mrg2', 'final'): 689.534, ('mrg2', 'compact'): 689.565, ('mrg2', 'pack'): 689.592, ('mrg2', 'd2h'): 689.608, ('mrg3', 'start'): 689.725, ('mrg3', 'h2d'): 689.826, ('mrg3', 'count'): 689.864, ('mrg3', 'scan'): 689.925, ('mrg3', 'merge'): 689.966, ('mrg3', 'pack'): 689.992, ('mrg3', 'd2h'): 690.008}",0.0639951322227716,0.2028768003219738
Mildly sparse,can_715,715,6665,1.3037312338011637,39785,39785,39785,39785,39785,0.0,,0.05999999999994543,0.25099999999997635,0.06000000000005912,0.1309999999999718,0.3709999999999809,0.69,,,,,0.822,1.977,0.632,0.598,,0.3909999999999627,0.6159999999999854,1.7779999999999063,0.42399999999997817,0.39800000000002456,"{('cu', 'start'): 690.239, ('cu', 'h2dmalloc'): 690.302, ('cu', 'h2d'): 690.32, ('cu', 'workest'): 690.38, ('cu', 'compute'): 690.631, ('cu', 'copy'): 690.691, ('cu', 'pack'): 690.711, ('cu', 'd2h'): 690.842, ('gust', 'start'): 690.937, ('gust', 'h2d'): 691.017, ('gust', 'count'): 691.047, ('gust', 'scan'): 691.085, ('gust', 'expand'): 691.12, ('gust', 'sort'): 691.377, ('gust', 'reduce'): 691.483, ('gust', 'final'): 691.608, ('gust', 'pack'): 691.633, ('gust', 'd2h'): 691.675, ('merge', 'start'): 691.766, ('merge', 'h2d'): 691.844, ('merge', 'count'): 691.884, ('merge', 'scan'): 691.926, ('merge', 'expand'): 692.055, ('merge', 'merge'): 693.54, ('merge', 'final'): 693.58, ('merge', 'compact'): 693.603, ('merge', 'pack'): 693.622, ('merge', 'd2h'): 693.657, ('mrg2', 'start'): 693.75, ('mrg2', 'h2d'): 693.831, ('mrg2', 'count'): 693.857, ('mrg2', 'scan'): 693.902, ('mrg2', 'merge'): 694.18, ('mrg2', 'final'): 694.215, ('mrg2', 'compact'): 694.238, ('mrg2', 'pack'): 694.255, ('mrg2', 'd2h'): 694.289, ('mrg3', 'start'): 694.387, ('mrg3', 'h2d'): 694.466, ('mrg3', 'count'): 694.616, ('mrg3', 'scan'): 694.667, ('mrg3', 'merge'): 694.845, ('mrg3', 'pack'): 694.864, ('mrg3', 'd2h'): 694.899}",0.0805750023573637,0.3853663976304233
Mildly sparse,bcsstk24,3562,159910,1.2603402122535554,446474,446474,446474,446474,446474,0.0,,0.1229999999999336,0.8450000000000273,0.18799999999998818,0.7019999999999982,1.155999999999949,2.306,,,,,3.266,4.039,1.713,1.592,,1.252999999999929,2.4129999999998972,3.215000000000032,0.8829999999999245,0.7660000000000764,"{('cu', 'start'): 731.156, ('cu', 'h2dmalloc'): 731.214, ('cu', 'h2d'): 731.35, ('cu', 'workest'): 731.473, ('cu', 'compute'): 732.318, ('cu', 'copy'): 732.506, ('cu', 'pack'): 732.603, ('cu', 'd2h'): 733.305, ('gust', 'start'): 733.473, ('gust', 'h2d'): 733.671, ('gust', 'count'): 733.701, ('gust', 'scan'): 733.744, ('gust', 'expand'): 733.988, ('gust', 'sort'): 735.182, ('gust', 'reduce'): 735.442, ('gust', 'final'): 735.992, ('gust', 'pack'): 736.084, ('gust', 'd2h'): 736.448, ('merge', 'start'): 736.746, ('merge', 'h2d'): 736.943, ('merge', 'count'): 736.978, ('merge', 'scan'): 737.023, ('merge', 'expand'): 737.572, ('merge', 'merge'): 739.538, ('merge', 'final'): 739.743, ('merge', 'compact'): 740.064, ('merge', 'pack'): 740.158, ('merge', 'd2h'): 740.523, ('mrg2', 'start'): 740.794, ('mrg2', 'h2d'): 740.999, ('mrg2', 'count'): 741.029, ('mrg2', 'scan'): 741.071, ('mrg2', 'merge'): 741.462, ('mrg2', 'final'): 741.503, ('mrg2', 'compact'): 741.784, ('mrg2', 'pack'): 741.882, ('mrg2', 'd2h'): 742.249, ('mrg3', 'start'): 742.513, ('mrg3', 'h2d'): 742.704, ('mrg3', 'count'): 742.925, ('mrg3', 'scan'): 742.983, ('mrg3', 'merge'): 743.39, ('mrg3', 'pack'): 743.47, ('mrg3', 'd2h'): 743.833}",2.6039909571409225,0.6420511972624809
Mildly sparse,bcsstk16,4884,290378,1.2173414200441228,1038782,1038782,1038782,1038782,1038782,0.0,,0.18799999999998818,1.27800000000002,0.20299999999997453,1.1990000000000691,1.6689999999999827,3.37,,,,,5.883,9.955,2.958,3.19,,1.76299999999992,4.34699999999998,8.607999999999947,1.625,1.87399999999991,"{('cu', 'start'): 791.2, ('cu', 'h2dmalloc'): 791.264, ('cu', 'h2d'): 791.446, ('cu', 'workest'): 791.634, ('cu', 'compute'): 792.912, ('cu', 'copy'): 793.115, ('cu', 'pack'): 793.209, ('cu', 'd2h'): 794.408, ('gust', 'start'): 794.581, ('gust', 'h2d'): 795.001, ('gust', 'count'): 795.155, ('gust', 'scan'): 795.204, ('gust', 'expand'): 795.546, ('gust', 'sort'): 798.111, ('gust', 'reduce'): 798.506, ('gust', 'final'): 799.252, ('gust', 'pack'): 799.348, ('gust', 'd2h'): 800.015, ('merge', 'start'): 800.473, ('merge', 'h2d'): 800.721, ('merge', 'count'): 800.816, ('merge', 'scan'): 800.865, ('merge', 'expand'): 802.091, ('merge', 'merge'): 808.554, ('merge', 'final'): 808.846, ('merge', 'compact'): 809.213, ('merge', 'pack'): 809.329, ('merge', 'd2h'): 810.0, ('mrg2', 'start'): 810.438, ('mrg2', 'h2d'): 810.681, ('mrg2', 'count'): 810.776, ('mrg2', 'scan'): 810.831, ('mrg2', 'merge'): 811.795, ('mrg2', 'final'): 811.849, ('mrg2', 'compact'): 812.193, ('mrg2', 'pack'): 812.306, ('mrg2', 'd2h'): 812.976, ('mrg3', 'start'): 813.405, ('mrg3', 'h2d'): 813.652, ('mrg3', 'count'): 814.335, ('mrg3', 'scan'): 814.404, ('mrg3', 'merge'): 815.415, ('mrg3', 'pack'): 815.526, ('mrg3', 'd2h'): 816.196}",6.905617192387581,0.8259519967483357
Mildly sparse,bcsstk28,4410,219024,1.1261974177426073,596072,596072,596072,596072,596072,0.0,,0.09699999999997999,0.9759999999999991,0.15300000000002,0.4580000000000837,1.225999999999999,1.974,,,,,3.636,5.45,1.52,1.525,,1.29099999999994,2.7240000000000464,4.927999999999997,1.0119999999999436,1.0299999999999727,"{('cu', 'start'): 738.242, ('cu', 'h2dmalloc'): 738.29, ('cu', 'h2d'): 738.369, ('cu', 'workest'): 738.466, ('cu', 'compute'): 739.442, ('cu', 'copy'): 739.595, ('cu', 'pack'): 739.66, ('cu', 'd2h'): 740.118, ('gust', 'start'): 740.222, ('gust', 'h2d'): 740.723, ('gust', 'count'): 740.75, ('gust', 'scan'): 740.786, ('gust', 'expand'): 741.061, ('gust', 'sort'): 742.643, ('gust', 'reduce'): 742.906, ('gust', 'final'): 743.371, ('gust', 'pack'): 743.447, ('gust', 'd2h'): 743.629, ('merge', 'start'): 743.864, ('merge', 'h2d'): 743.995, ('merge', 'count'): 744.027, ('merge', 'scan'): 744.062, ('merge', 'expand'): 744.986, ('merge', 'merge'): 748.43, ('merge', 'final'): 748.605, ('merge', 'compact'): 748.856, ('merge', 'pack'): 748.923, ('merge', 'd2h'): 749.103, ('mrg2', 'start'): 749.32, ('mrg2', 'h2d'): 749.445, ('mrg2', 'count'): 749.469, ('mrg2', 'scan'): 749.504, ('mrg2', 'merge'): 750.125, ('mrg2', 'final'): 750.16, ('mrg2', 'compact'): 750.391, ('mrg2', 'pack'): 750.457, ('mrg2', 'd2h'): 750.637, ('mrg3', 'start'): 750.846, ('mrg3', 'h2d'): 750.97, ('mrg3', 'count'): 751.303, ('mrg3', 'scan'): 751.349, ('mrg3', 'merge'): 751.937, ('mrg3', 'pack'): 752.0, ('mrg3', 'd2h'): 752.178}",5.049543222412467,0.7406944008311257
Mildly sparse,bcsstk08,1074,12960,1.1235604381885709,305612,305612,305612,305612,305612,0.0,,0.06399999999996453,0.3529999999999518,0.12400000000002365,0.4009999999999536,0.54099999999994,1.267,,,,,1.783,21.274,2.509,1.45,,0.6409999999999627,1.2460000000000946,20.735000000000014,1.98599999999999,0.9230000000000018,"{('cu', 'start'): 753.632, ('cu', 'h2dmalloc'): 753.689, ('cu', 'h2d'): 753.715, ('cu', 'workest'): 753.779, ('cu', 'compute'): 754.132, ('cu', 'copy'): 754.256, ('cu', 'pack'): 754.356, ('cu', 'd2h'): 754.757, ('gust', 'start'): 754.907, ('gust', 'h2d'): 754.992, ('gust', 'count'): 755.031, ('gust', 'scan'): 755.075, ('gust', 'expand'): 755.258, ('gust', 'sort'): 755.562, ('gust', 'reduce'): 755.733, ('gust', 'final'): 756.138, ('gust', 'pack'): 756.238, ('gust', 'd2h'): 756.486, ('merge', 'start'): 756.699, ('merge', 'h2d'): 756.78, ('merge', 'count'): 756.819, ('merge', 'scan'): 756.868, ('merge', 'expand'): 757.461, ('merge', 'merge'): 777.041, ('merge', 'final'): 777.219, ('merge', 'compact'): 777.43, ('merge', 'pack'): 777.515, ('merge', 'd2h'): 777.763, ('mrg2', 'start'): 777.981, ('mrg2', 'h2d'): 778.063, ('mrg2', 'count'): 778.102, ('mrg2', 'scan'): 778.149, ('mrg2', 'merge'): 779.717, ('mrg2', 'final'): 779.757, ('mrg2', 'compact'): 779.964, ('mrg2', 'pack'): 780.049, ('mrg2', 'd2h'): 780.296, ('mrg3', 'start'): 780.497, ('mrg3', 'h2d'): 780.575, ('mrg3', 'count'): 780.892, ('mrg3', 'scan'): 780.949, ('mrg3', 'merge'): 781.419, ('mrg3', 'pack'): 781.498, ('mrg3', 'd2h'): 781.744}",0.137491850182414,0.4224448006600141
Mildly sparse,can_1054,1054,12196,1.097832779436069,60248,60248,60248,60248,60248,0.0,,0.06399999999996453,0.27700000000004366,0.07200000000000273,0.15699999999992542,0.4130000000000109,0.773,,,,,1.067,1.183,0.544,0.442,,0.4379999999999882,0.7530000000000427,0.8709999999999809,0.3120000000000118,0.20699999999999363,"{('cu', 'start'): 678.7, ('cu', 'h2dmalloc'): 678.763, ('cu', 'h2d'): 678.787, ('cu', 'workest'): 678.851, ('cu', 'compute'): 679.128, ('cu', 'copy'): 679.2, ('cu', 'pack'): 679.225, ('cu', 'd2h'): 679.382, ('gust', 'start'): 679.485, ('gust', 'h2d'): 679.572, ('gust', 'count'): 679.598, ('gust', 'scan'): 679.646, ('gust', 'expand'): 679.745, ('gust', 'sort'): 680.019, ('gust', 'reduce'): 680.138, ('gust', 'final'): 680.29, ('gust', 'pack'): 680.325, ('gust', 'd2h'): 680.374, ('merge', 'start'): 680.559, ('merge', 'h2d'): 680.644, ('merge', 'count'): 680.673, ('merge', 'scan'): 680.714, ('merge', 'expand'): 680.868, ('merge', 'merge'): 681.416, ('merge', 'final'): 681.465, ('merge', 'compact'): 681.494, ('merge', 'pack'): 681.515, ('merge', 'd2h'): 681.564, ('mrg2', 'start'): 681.748, ('mrg2', 'h2d'): 681.829, ('mrg2', 'count'): 681.856, ('mrg2', 'scan'): 681.905, ('mrg2', 'merge'): 682.055, ('mrg2', 'final'): 682.096, ('mrg2', 'compact'): 682.121, ('mrg2', 'pack'): 682.141, ('mrg2', 'd2h'): 682.189, ('mrg3', 'start'): 682.299, ('mrg3', 'h2d'): 682.38, ('mrg3', 'count'): 682.436, ('mrg3', 'scan'): 682.493, ('mrg3', 'merge'): 682.563, ('mrg3', 'pack'): 682.587, ('mrg3', 'd2h'): 682.635}",0.1100669614970684,0.3624224007828161
Mildly sparse,can_1072,1072,12444,1.0828553129873024,62316,62316,62316,62316,62316,0.0,,0.05700000000001637,0.25300000000004275,0.06399999999996453,0.14299999999991542,0.37400000000002365,0.698,,,,,0.985,1.237,0.509,0.427,,0.3950000000000955,0.7069999999999936,1.0199999999999818,0.2939999999999827,0.21700000000009823,"{('cu', 'start'): 680.889, ('cu', 'h2dmalloc'): 680.952, ('cu', 'h2d'): 680.973, ('cu', 'workest'): 681.03, ('cu', 'compute'): 681.283, ('cu', 'copy'): 681.347, ('cu', 'pack'): 681.368, ('cu', 'd2h'): 681.511, ('gust', 'start'): 681.595, ('gust', 'h2d'): 681.68, ('gust', 'count'): 681.705, ('gust', 'scan'): 681.745, ('gust', 'expand'): 681.841, ('gust', 'sort'): 682.097, ('gust', 'reduce'): 682.221, ('gust', 'final'): 682.355, ('gust', 'pack'): 682.387, ('gust', 'd2h'): 682.436, ('merge', 'start'): 682.586, ('merge', 'h2d'): 682.671, ('merge', 'count'): 682.697, ('merge', 'scan'): 682.735, ('merge', 'expand'): 682.875, ('merge', 'merge'): 683.474, ('merge', 'final'): 683.518, ('merge', 'compact'): 683.667, ('merge', 'pack'): 683.691, ('merge', 'd2h'): 683.74, ('mrg2', 'start'): 683.83, ('mrg2', 'h2d'): 683.909, ('mrg2', 'count'): 683.932, ('mrg2', 'scan'): 683.97, ('mrg2', 'merge'): 684.118, ('mrg2', 'final'): 684.152, ('mrg2', 'compact'): 684.176, ('mrg2', 'pack'): 684.203, ('mrg2', 'd2h'): 684.251, ('mrg3', 'start'): 684.345, ('mrg3', 'h2d'): 684.425, ('mrg3', 'count'): 684.49, ('mrg3', 'scan'): 684.543, ('mrg3', 'merge'): 684.623, ('mrg3', 'pack'): 684.642, ('mrg3', 'd2h'): 684.69}",0.1363488845527172,0.3589696010807529
Mildly sparse,bcsstk19,817,6853,1.0266835857969194,18305,18305,18305,18305,18305,0.0,,0.07600000000002183,0.18399999999996908,0.07299999999997908,0.04800000000000182,0.33299999999997,0.613,,,,,0.669,0.551,0.466,0.403,,0.36000000000001364,0.4149999999999636,0.30500000000006366,0.2340000000000373,0.17499999999995453,"{('cu', 'start'): 682.792, ('cu', 'h2dmalloc'): 682.872, ('cu', 'h2d'): 682.895, ('cu', 'workest'): 682.971, ('cu', 'compute'): 683.155, ('cu', 'copy'): 683.228, ('cu', 'pack'): 683.255, ('cu', 'd2h'): 683.303, ('gust', 'start'): 683.416, ('gust', 'h2d'): 683.515, ('gust', 'count'): 683.552, ('gust', 'scan'): 683.604, ('gust', 'expand'): 683.636, ('gust', 'sort'): 683.782, ('gust', 'reduce'): 683.836, ('gust', 'final'): 683.902, ('gust', 'pack'): 683.93, ('gust', 'd2h'): 683.965, ('merge', 'start'): 684.095, ('merge', 'h2d'): 684.198, ('merge', 'count'): 684.229, ('merge', 'scan'): 684.279, ('merge', 'expand'): 684.319, ('merge', 'merge'): 684.396, ('merge', 'final'): 684.444, ('merge', 'compact'): 684.476, ('merge', 'pack'): 684.503, ('merge', 'd2h'): 684.527, ('mrg2', 'start'): 684.655, ('mrg2', 'h2d'): 684.755, ('mrg2', 'count'): 684.786, ('mrg2', 'scan'): 684.835, ('mrg2', 'merge'): 684.889, ('mrg2', 'final'): 684.931, ('mrg2', 'compact'): 684.962, ('mrg2', 'pack'): 684.989, ('mrg2', 'd2h'): 685.014, ('mrg3', 'start'): 685.131, ('mrg3', 'h2d'): 685.229, ('mrg3', 'count'): 685.27, ('mrg3', 'scan'): 685.332, ('mrg3', 'merge'): 685.377, ('mrg3', 'pack'): 685.404, ('mrg3', 'd2h'): 685.428}",0.0575080048292875,0.3411072001093999
Highly sparse,bcsstm12,1473,19659,0.9060578533079476,53615,53615,53615,53615,53615,0.0,,0.06000000000005912,0.25499999999999545,0.06199999999989814,0.13400000000001455,0.3769999999999527,0.699,,,,,1.085,0.955,0.566,0.41,,0.39800000000002456,0.8070000000000164,0.7300000000000182,0.35000000000002274,0.19100000000003092,"{('cu', 'start'): 678.216, ('cu', 'h2dmalloc'): 678.279, ('cu', 'h2d'): 678.308, ('cu', 'workest'): 678.368, ('cu', 'compute'): 678.623, ('cu', 'copy'): 678.685, ('cu', 'pack'): 678.706, ('cu', 'd2h'): 678.84, ('gust', 'start'): 678.923, ('gust', 'h2d'): 679.012, ('gust', 'count'): 679.038, ('gust', 'scan'): 679.076, ('gust', 'expand'): 679.18, ('gust', 'sort'): 679.444, ('gust', 'reduce'): 679.602, ('gust', 'final'): 679.787, ('gust', 'pack'): 679.819, ('gust', 'd2h'): 679.867, ('merge', 'start'): 680.013, ('merge', 'h2d'): 680.103, ('merge', 'count'): 680.127, ('merge', 'scan'): 680.175, ('merge', 'expand'): 680.297, ('merge', 'merge'): 680.563, ('merge', 'final'): 680.671, ('merge', 'compact'): 680.811, ('merge', 'pack'): 680.833, ('merge', 'd2h'): 680.882, ('mrg2', 'start'): 680.975, ('mrg2', 'h2d'): 681.062, ('mrg2', 'count'): 681.087, ('mrg2', 'scan'): 681.124, ('mrg2', 'merge'): 681.265, ('mrg2', 'final'): 681.302, ('mrg2', 'compact'): 681.389, ('mrg2', 'pack'): 681.412, ('mrg2', 'd2h'): 681.46, ('mrg3', 'start'): 681.549, ('mrg3', 'h2d'): 681.635, ('mrg3', 'count'): 681.688, ('mrg3', 'scan'): 681.74, ('mrg3', 'merge'): 681.806, ('mrg3', 'pack'): 681.826, ('mrg3', 'd2h'): 681.873}",0.2329139970242977,0.3649279996287077
Highly sparse,bcsstm03,112,112,0.8928571428571428,112,112,112,112,112,0.0,,0.06799999999998363,0.1570000000000391,0.05899999999996908,0.027999999999906322,0.2839999999999918,0.521,,,,,0.47,0.401,0.357,0.305,,0.30700000000001637,0.26499999999998636,0.20899999999994634,0.17000000000007276,0.12199999999995725,"{('cu', 'start'): 667.268, ('cu', 'h2dmalloc'): 667.333, ('cu', 'h2d'): 667.35, ('cu', 'workest'): 667.418, ('cu', 'compute'): 667.575, ('cu', 'copy'): 667.634, ('cu', 'pack'): 667.657, ('cu', 'd2h'): 667.685, ('gust', 'start'): 667.797, ('gust', 'h2d'): 667.879, ('gust', 'count'): 667.905, ('gust', 'scan'): 667.946, ('gust', 'expand'): 667.971, ('gust', 'sort'): 668.018, ('gust', 'reduce'): 668.062, ('gust', 'final'): 668.121, ('gust', 'pack'): 668.144, ('gust', 'd2h'): 668.154, ('merge', 'start'): 668.273, ('merge', 'h2d'): 668.349, ('merge', 'count'): 668.373, ('merge', 'scan'): 668.422, ('merge', 'expand'): 668.447, ('merge', 'merge'): 668.468, ('merge', 'final'): 668.512, ('merge', 'compact'): 668.538, ('merge', 'pack'): 668.558, ('merge', 'd2h'): 668.57, ('mrg2', 'start'): 668.684, ('mrg2', 'h2d'): 668.757, ('mrg2', 'count'): 668.781, ('mrg2', 'scan'): 668.818, ('mrg2', 'merge'): 668.844, ('mrg2', 'final'): 668.881, ('mrg2', 'compact'): 668.906, ('mrg2', 'pack'): 668.927, ('mrg2', 'd2h'): 668.938, ('mrg3', 'start'): 669.047, ('mrg3', 'h2d'): 669.118, ('mrg3', 'count'): 669.144, ('mrg3', 'scan'): 669.196, ('mrg3', 'merge'): 669.221, ('mrg3', 'pack'): 669.24, ('mrg3', 'd2h'): 669.252}",0.0374051742255687,0.1704256002325564
Highly sparse,bcspwr05,443,1623,0.8270105834934192,4249,4249,4249,4249,4249,0.0,,0.07200000000000273,0.14999999999997726,0.04800000000000182,0.024999999999977263,0.2699999999999818,0.443,,,,,0.448,0.345,0.298,0.249,,0.2859999999999445,0.28899999999998727,0.20299999999997453,0.15899999999999181,0.1129999999999427,"{('cu', 'start'): 605.569, ('cu', 'h2dmalloc'): 605.618, ('cu', 'h2d'): 605.633, ('cu', 'workest'): 605.705, ('cu', 'compute'): 605.855, ('cu', 'copy'): 605.903, ('cu', 'pack'): 605.919, ('cu', 'd2h'): 605.944, ('gust', 'start'): 606.02, ('gust', 'h2d'): 606.09, ('gust', 'count'): 606.111, ('gust', 'scan'): 606.145, ('gust', 'expand'): 606.167, ('gust', 'sort'): 606.276, ('gust', 'reduce'): 606.314, ('gust', 'final'): 606.363, ('gust', 'pack'): 606.379, ('gust', 'd2h'): 606.388, ('merge', 'start'): 606.473, ('merge', 'h2d'): 606.537, ('merge', 'count'): 606.557, ('merge', 'scan'): 606.589, ('merge', 'expand'): 606.615, ('merge', 'merge'): 606.666, ('merge', 'final'): 606.702, ('merge', 'compact'): 606.725, ('merge', 'pack'): 606.74, ('merge', 'd2h'): 606.749, ('mrg2', 'start'): 606.824, ('mrg2', 'h2d'): 606.886, ('mrg2', 'count'): 606.907, ('mrg2', 'scan'): 606.938, ('mrg2', 'merge'): 606.976, ('mrg2', 'final'): 607.005, ('mrg2', 'compact'): 607.03, ('mrg2', 'pack'): 607.045, ('mrg2', 'd2h'): 607.055, ('mrg3', 'start'): 607.127, ('mrg3', 'h2d'): 607.186, ('mrg3', 'count'): 607.212, ('mrg3', 'scan'): 607.257, ('mrg3', 'merge'): 607.285, ('mrg3', 'pack'): 607.299, ('mrg3', 'd2h'): 607.308}",0.0619099009782075,0.214393600076437
Highly sparse,bcsstk26,1922,30336,0.8212049319939666,92530,92530,92530,92530,92530,0.0,,0.07900000000006457,0.2999999999999545,0.06299999999998818,0.16800000000000637,0.4420000000000073,0.92,,,,,1.315,1.345,0.757,0.486,,0.5289999999999964,1.0639999999999645,1.0910000000000082,0.5109999999999673,0.23500000000001364,"{('cu', 'start'): 697.192, ('cu', 'h2dmalloc'): 697.254, ('cu', 'h2d'): 697.285, ('cu', 'workest'): 697.364, ('cu', 'compute'): 697.664, ('cu', 'copy'): 697.727, ('cu', 'pack'): 697.814, ('cu', 'd2h'): 697.982, ('gust', 'start'): 698.121, ('gust', 'h2d'): 698.21, ('gust', 'count'): 698.239, ('gust', 'scan'): 698.28, ('gust', 'expand'): 698.45, ('gust', 'sort'): 698.734, ('gust', 'reduce'): 698.928, ('gust', 'final'): 699.241, ('gust', 'pack'): 699.274, ('gust', 'd2h'): 699.343, ('merge', 'start'): 699.446, ('merge', 'h2d'): 699.545, ('merge', 'count'): 699.574, ('merge', 'scan'): 699.614, ('merge', 'expand'): 699.822, ('merge', 'merge'): 700.281, ('merge', 'final'): 700.469, ('merge', 'compact'): 700.612, ('merge', 'pack'): 700.636, ('merge', 'd2h'): 700.706, ('mrg2', 'start'): 700.8, ('mrg2', 'h2d'): 700.894, ('mrg2', 'count'): 700.919, ('mrg2', 'scan'): 700.958, ('mrg2', 'merge'): 701.172, ('mrg2', 'final'): 701.21, ('mrg2', 'compact'): 701.378, ('mrg2', 'pack'): 701.405, ('mrg2', 'd2h'): 701.474, ('mrg3', 'start'): 701.565, ('mrg3', 'h2d'): 701.658, ('mrg3', 'count'): 701.731, ('mrg3', 'scan'): 701.785, ('mrg3', 'merge'): 701.874, ('mrg3', 'pack'): 701.893, ('mrg3', 'd2h'): 701.962}",0.5081109702587128,0.3883711991133168
Highly sparse,bcsstk33,8738,591904,0.775223972597465,2569536,2569536,2569536,2569536,2569536,0.0,,0.15600000000006276,2.2649999999999864,0.18200000000001637,1.2930000000000064,2.6030000000000655,4.326,,,,,10.343,21.885,4.558,5.157,,2.6720000000000255,7.997999999999934,20.07000000000005,2.941000000000031,3.8940000000000055,"{('cu', 'start'): 841.72, ('cu', 'h2dmalloc'): 841.77, ('cu', 'h2d'): 841.963, ('cu', 'workest'): 842.119, ('cu', 'compute'): 844.384, ('cu', 'copy'): 844.566, ('cu', 'pack'): 844.635, ('cu', 'd2h'): 845.928, ('gust', 'start'): 846.054, ('gust', 'h2d'): 847.344, ('gust', 'count'): 847.427, ('gust', 'scan'): 847.469, ('gust', 'expand'): 848.15, ('gust', 'sort'): 853.717, ('gust', 'reduce'): 854.295, ('gust', 'final'): 855.27, ('gust', 'pack'): 855.342, ('gust', 'd2h'): 856.092, ('merge', 'start'): 856.403, ('merge', 'h2d'): 857.043, ('merge', 'count'): 857.153, ('merge', 'scan'): 857.193, ('merge', 'expand'): 859.43, ('merge', 'merge'): 876.388, ('merge', 'final'): 876.705, ('merge', 'compact'): 877.043, ('merge', 'pack'): 877.113, ('merge', 'd2h'): 877.949, ('mrg2', 'start'): 878.296, ('mrg2', 'h2d'): 878.846, ('mrg2', 'count'): 878.958, ('mrg2', 'scan'): 878.999, ('mrg2', 'merge'): 881.312, ('mrg2', 'final'): 881.352, ('mrg2', 'compact'): 881.715, ('mrg2', 'pack'): 881.787, ('mrg2', 'd2h'): 882.54, ('mrg3', 'start'): 882.86, ('mrg3', 'h2d'): 883.102, ('mrg3', 'count'): 884.625, ('mrg3', 'scan'): 884.68, ('mrg3', 'merge'): 886.928, ('mrg3', 'pack'): 886.996, ('mrg3', 'd2h'): 887.744}",32.81728201545775,1.572438395069912
Highly sparse,bcsstm04,132,132,0.7575757575757576,132,132,132,132,132,0.0,,0.057999999999992724,0.14400000000000546,0.05400000000008731,0.024999999999977263,0.2560000000000855,0.472,,,,,0.426,0.366,0.324,0.278,,0.27800000000002,0.2400000000000091,0.19299999999998363,0.15799999999990177,0.11099999999999,"{('cu', 'start'): 682.815, ('cu', 'h2dmalloc'): 682.886, ('cu', 'h2d'): 682.901, ('cu', 'workest'): 682.959, ('cu', 'compute'): 683.103, ('cu', 'copy'): 683.157, ('cu', 'pack'): 683.179, ('cu', 'd2h'): 683.204, ('gust', 'start'): 683.296, ('gust', 'h2d'): 683.374, ('gust', 'count'): 683.395, ('gust', 'scan'): 683.433, ('gust', 'expand'): 683.455, ('gust', 'sort'): 683.5, ('gust', 'reduce'): 683.54, ('gust', 'final'): 683.594, ('gust', 'pack'): 683.614, ('gust', 'd2h'): 683.623, ('merge', 'start'): 683.726, ('merge', 'h2d'): 683.802, ('merge', 'count'): 683.823, ('merge', 'scan'): 683.868, ('merge', 'expand'): 683.89, ('merge', 'merge'): 683.912, ('merge', 'final'): 683.951, ('merge', 'compact'): 683.976, ('merge', 'pack'): 683.995, ('merge', 'd2h'): 684.005, ('mrg2', 'start'): 684.099, ('mrg2', 'h2d'): 684.171, ('mrg2', 'count'): 684.192, ('mrg2', 'scan'): 684.226, ('mrg2', 'merge'): 684.25, ('mrg2', 'final'): 684.285, ('mrg2', 'compact'): 684.308, ('mrg2', 'pack'): 684.329, ('mrg2', 'd2h'): 684.339, ('mrg3', 'start'): 684.429, ('mrg3', 'h2d'): 684.501, ('mrg3', 'count'): 684.523, ('mrg3', 'scan'): 684.572, ('mrg3', 'merge'): 684.595, ('mrg3', 'pack'): 684.612, ('mrg3', 'd2h'): 684.623}",0.0482748728245496,0.1710176001535728
Highly sparse,bcsstk15,3948,117816,0.7558750073139261,527688,527688,527688,527688,527688,0.0,,0.1169999999999618,0.7530000000000427,0.17999999999994998,0.7210000000000036,1.0499999999999545,2.161,,,,,2.626,3.242,1.725,1.599,,1.134999999999991,1.7760000000000673,2.380999999999972,0.8709999999999809,0.7379999999999427,"{('cu', 'start'): 698.103, ('cu', 'h2dmalloc'): 698.162, ('cu', 'h2d'): 698.269, ('cu', 'workest'): 698.386, ('cu', 'compute'): 699.139, ('cu', 'copy'): 699.319, ('cu', 'pack'): 699.404, ('cu', 'd2h'): 700.125, ('gust', 'start'): 700.273, ('gust', 'h2d'): 700.434, ('gust', 'count'): 700.462, ('gust', 'scan'): 700.504, ('gust', 'expand'): 700.7, ('gust', 'sort'): 701.41, ('gust', 'reduce'): 701.615, ('gust', 'final'): 702.116, ('gust', 'pack'): 702.21, ('gust', 'd2h'): 702.641, ('merge', 'start'): 702.904, ('merge', 'h2d'): 703.065, ('merge', 'count'): 703.095, ('merge', 'scan'): 703.136, ('merge', 'expand'): 703.531, ('merge', 'merge'): 704.864, ('merge', 'final'): 705.056, ('merge', 'compact'): 705.34, ('merge', 'pack'): 705.446, ('merge', 'd2h'): 705.876, ('mrg2', 'start'): 706.152, ('mrg2', 'h2d'): 706.316, ('mrg2', 'count'): 706.345, ('mrg2', 'scan'): 706.387, ('mrg2', 'merge'): 706.794, ('mrg2', 'final'): 706.834, ('mrg2', 'compact'): 707.098, ('mrg2', 'pack'): 707.187, ('mrg2', 'd2h'): 707.616, ('mrg3', 'start'): 707.883, ('mrg3', 'h2d'): 708.048, ('mrg3', 'count'): 708.248, ('mrg3', 'scan'): 708.305, ('mrg3', 'merge'): 708.706, ('mrg3', 'pack'): 708.786, ('mrg3', 'd2h'): 709.215}",3.4469510428607464,0.4349023988703265
Highly sparse,bcsstm22,138,138,0.7246376811594203,138,138,138,138,138,0.0,,0.05600000000004002,0.15399999999999636,0.05499999999994998,0.026000000000067303,0.26499999999998636,0.469,,,,,0.434,0.355,0.333,0.284,,0.28499999999996817,0.24500000000000455,0.18600000000003547,0.15600000000006276,0.1129999999999427,"{('cu', 'start'): 697.149, ('cu', 'h2dmalloc'): 697.212, ('cu', 'h2d'): 697.227, ('cu', 'workest'): 697.283, ('cu', 'compute'): 697.437, ('cu', 'copy'): 697.492, ('cu', 'pack'): 697.512, ('cu', 'd2h'): 697.538, ('gust', 'start'): 697.627, ('gust', 'h2d'): 697.709, ('gust', 'count'): 697.732, ('gust', 'scan'): 697.771, ('gust', 'expand'): 697.793, ('gust', 'sort'): 697.838, ('gust', 'reduce'): 697.878, ('gust', 'final'): 697.933, ('gust', 'pack'): 697.954, ('gust', 'd2h'): 697.964, ('merge', 'start'): 698.066, ('merge', 'h2d'): 698.141, ('merge', 'count'): 698.162, ('merge', 'scan'): 698.199, ('merge', 'expand'): 698.225, ('merge', 'merge'): 698.246, ('merge', 'final'): 698.283, ('merge', 'compact'): 698.307, ('merge', 'pack'): 698.327, ('merge', 'd2h'): 698.336, ('mrg2', 'start'): 698.428, ('mrg2', 'h2d'): 698.501, ('mrg2', 'count'): 698.522, ('mrg2', 'scan'): 698.558, ('mrg2', 'merge'): 698.582, ('mrg2', 'final'): 698.613, ('mrg2', 'compact'): 698.637, ('mrg2', 'pack'): 698.657, ('mrg2', 'd2h'): 698.668, ('mrg3', 'start'): 698.767, ('mrg3', 'h2d'): 698.84, ('mrg3', 'count'): 698.862, ('mrg3', 'scan'): 698.913, ('mrg3', 'merge'): 698.936, ('mrg3', 'pack'): 698.953, ('mrg3', 'd2h'): 698.964}",0.0497139990329742,0.1700288002379238
Highly sparse,bp_1600,822,4841,0.7164591732229859,23625,23625,23625,23625,23625,0.0,,0.06000000000005912,0.18699999999989814,0.09000000000003183,0.03899999999998727,0.3369999999999891,0.575,,,,,0.591,17.294,1.606,0.752,,0.3590000000000373,0.3810000000000855,17.101,1.4060000000000628,0.5679999999999836,"{('cu', 'start'): 732.607, ('cu', 'h2dmalloc'): 732.67, ('cu', 'h2d'): 732.688, ('cu', 'workest'): 732.748, ('cu', 'compute'): 732.935, ('cu', 'copy'): 733.025, ('cu', 'pack'): 733.047, ('cu', 'd2h'): 733.086, ('gust', 'start'): 733.19, ('gust', 'h2d'): 733.276, ('gust', 'count'): 733.311, ('gust', 'scan'): 733.352, ('gust', 'expand'): 733.406, ('gust', 'sort'): 733.538, ('gust', 'reduce'): 733.58, ('gust', 'final'): 733.638, ('gust', 'pack'): 733.657, ('gust', 'd2h'): 733.689, ('merge', 'start'): 733.787, ('merge', 'h2d'): 733.868, ('merge', 'count'): 733.905, ('merge', 'scan'): 733.942, ('merge', 'expand'): 734.206, ('merge', 'merge'): 750.883, ('merge', 'final'): 750.923, ('merge', 'compact'): 750.947, ('merge', 'pack'): 750.969, ('merge', 'd2h'): 750.994, ('mrg2', 'start'): 751.09, ('mrg2', 'h2d'): 751.169, ('mrg2', 'count'): 751.202, ('mrg2', 'scan'): 751.238, ('mrg2', 'merge'): 752.498, ('mrg2', 'final'): 752.535, ('mrg2', 'compact'): 752.558, ('mrg2', 'pack'): 752.575, ('mrg2', 'd2h'): 752.6, ('mrg3', 'start'): 752.701, ('mrg3', 'h2d'): 752.778, ('mrg3', 'count'): 753.009, ('mrg3', 'scan'): 753.06, ('mrg3', 'merge'): 753.328, ('mrg3', 'pack'): 753.346, ('mrg3', 'd2h'): 753.371}",0.0767370220273733,0.2637183994054795
Highly sparse,bp_1400,822,4790,0.7089112662132002,23154,23154,23154,23154,23154,0.0,,0.05700000000001637,0.1710000000000491,0.057999999999992724,0.04800000000000182,0.2860000000000582,0.514,,,,,0.575,17.562,1.565,0.747,,0.30500000000006366,0.3730000000000473,17.367000000000075,1.37399999999991,0.5629999999999882,"{('cu', 'start'): 704.451, ('cu', 'h2dmalloc'): 704.512, ('cu', 'h2d'): 704.53, ('cu', 'workest'): 704.587, ('cu', 'compute'): 704.758, ('cu', 'copy'): 704.816, ('cu', 'pack'): 704.835, ('cu', 'd2h'): 704.883, ('gust', 'start'): 704.974, ('gust', 'h2d'): 705.054, ('gust', 'count'): 705.087, ('gust', 'scan'): 705.127, ('gust', 'expand'): 705.181, ('gust', 'sort'): 705.311, ('gust', 'reduce'): 705.353, ('gust', 'final'): 705.408, ('gust', 'pack'): 705.427, ('gust', 'd2h'): 705.459, ('merge', 'start'): 705.554, ('merge', 'h2d'): 705.631, ('merge', 'count'): 705.665, ('merge', 'scan'): 705.703, ('merge', 'expand'): 705.953, ('merge', 'merge'): 722.913, ('merge', 'final'): 722.957, ('merge', 'compact'): 722.98, ('merge', 'pack'): 722.998, ('merge', 'd2h'): 723.023, ('mrg2', 'start'): 723.124, ('mrg2', 'h2d'): 723.205, ('mrg2', 'count'): 723.24, ('mrg2', 'scan'): 723.276, ('mrg2', 'merge'): 724.503, ('mrg2', 'final'): 724.538, ('mrg2', 'compact'): 724.561, ('mrg2', 'pack'): 724.579, ('mrg2', 'd2h'): 724.604, ('mrg3', 'start'): 724.694, ('mrg3', 'h2d'): 724.77, ('mrg3', 'count'): 724.993, ('mrg3', 'scan'): 725.047, ('mrg3', 'merge'): 725.313, ('mrg3', 'pack'): 725.333, ('mrg3', 'd2h'): 725.358}",0.0865249894559383,0.2750175975263119
Highly sparse,bp_1200,822,4726,0.6994393829068026,22313,22313,22313,22313,22313,0.0,,0.05700000000001637,0.18999999999994088,0.05700000000001637,0.03899999999998727,0.3039999999999736,0.521,,,,,0.59,17.765,1.594,0.745,,0.32200000000000273,0.38599999999996726,17.565999999999917,1.4010000000000673,0.5629999999999882,"{('cu', 'start'): 723.186, ('cu', 'h2dmalloc'): 723.247, ('cu', 'h2d'): 723.265, ('cu', 'workest'): 723.322, ('cu', 'compute'): 723.512, ('cu', 'copy'): 723.569, ('cu', 'pack'): 723.587, ('cu', 'd2h'): 723.626, ('gust', 'start'): 723.715, ('gust', 'h2d'): 723.794, ('gust', 'count'): 723.827, ('gust', 'scan'): 723.865, ('gust', 'expand'): 723.927, ('gust', 'sort'): 724.058, ('gust', 'reduce'): 724.102, ('gust', 'final'): 724.161, ('gust', 'pack'): 724.18, ('gust', 'd2h'): 724.213, ('merge', 'start'): 724.313, ('merge', 'h2d'): 724.392, ('merge', 'count'): 724.426, ('merge', 'scan'): 724.465, ('merge', 'expand'): 724.717, ('merge', 'merge'): 741.877, ('merge', 'final'): 741.917, ('merge', 'compact'): 741.941, ('merge', 'pack'): 741.958, ('merge', 'd2h'): 741.983, ('mrg2', 'start'): 742.085, ('mrg2', 'h2d'): 742.169, ('mrg2', 'count'): 742.203, ('mrg2', 'scan'): 742.24, ('mrg2', 'merge'): 743.493, ('mrg2', 'final'): 743.528, ('mrg2', 'compact'): 743.551, ('mrg2', 'pack'): 743.57, ('mrg2', 'd2h'): 743.595, ('mrg3', 'start'): 743.685, ('mrg3', 'h2d'): 743.76, ('mrg3', 'count'): 743.984, ('mrg3', 'scan'): 744.037, ('mrg3', 'merge'): 744.304, ('mrg3', 'pack'): 744.323, ('mrg3', 'd2h'): 744.348}",0.0705299898982048,0.2571392009500414
Highly sparse,685_bus,685,3249,0.6924183494059353,9337,9337,9337,9337,9337,0.0,,0.18000000000006366,0.3009999999999309,0.1410000000000764,0.09399999999993724,0.6220000000000709,1.202,,,,,1.334,1.099,0.96,0.873,,0.6840000000000828,0.7950000000000728,0.6320000000000618,0.4939999999999145,0.3489999999999327,"{('cu', 'start'): 571.437, ('cu', 'h2dmalloc'): 571.617, ('cu', 'h2d'): 571.656, ('cu', 'workest'): 571.836, ('cu', 'compute'): 572.137, ('cu', 'copy'): 572.278, ('cu', 'pack'): 572.34, ('cu', 'd2h'): 572.434, ('gust', 'start'): 572.666, ('gust', 'h2d'): 572.882, ('gust', 'count'): 572.946, ('gust', 'scan'): 573.049, ('gust', 'expand'): 573.115, ('gust', 'sort'): 573.323, ('gust', 'reduce'): 573.443, ('gust', 'final'): 573.616, ('gust', 'pack'): 573.677, ('gust', 'd2h'): 573.705, ('merge', 'start'): 574.022, ('merge', 'h2d'): 574.222, ('merge', 'count'): 574.286, ('merge', 'scan'): 574.382, ('merge', 'expand'): 574.46, ('merge', 'merge'): 574.582, ('merge', 'final'): 574.693, ('merge', 'compact'): 574.791, ('merge', 'pack'): 574.854, ('merge', 'd2h'): 574.881, ('mrg2', 'start'): 575.142, ('mrg2', 'h2d'): 575.335, ('mrg2', 'count'): 575.397, ('mrg2', 'scan'): 575.493, ('mrg2', 'merge'): 575.589, ('mrg2', 'final'): 575.68, ('mrg2', 'compact'): 575.769, ('mrg2', 'pack'): 575.829, ('mrg2', 'd2h'): 575.857, ('mrg3', 'start'): 576.124, ('mrg3', 'h2d'): 576.316, ('mrg3', 'count'): 576.393, ('mrg3', 'scan'): 576.523, ('mrg3', 'merge'): 576.607, ('mrg3', 'pack'): 576.665, ('mrg3', 'd2h'): 576.692}",0.0866700429469347,0.2176159996772184
Highly sparse,bp_1000,822,4661,0.6898195014237425,21373,21373,21373,21373,21373,0.0,,0.053999999999973625,0.17999999999994998,0.05700000000001637,0.038000000000010914,0.29099999999994,0.507,,,,,0.585,17.494,1.567,0.74,,0.30999999999994543,0.38199999999994816,17.31000000000006,1.3819999999999482,0.5450000000000728,"{('cu', 'start'): 696.79, ('cu', 'h2dmalloc'): 696.849, ('cu', 'h2d'): 696.868, ('cu', 'workest'): 696.922, ('cu', 'compute'): 697.102, ('cu', 'copy'): 697.159, ('cu', 'pack'): 697.178, ('cu', 'd2h'): 697.216, ('gust', 'start'): 697.305, ('gust', 'h2d'): 697.383, ('gust', 'count'): 697.416, ('gust', 'scan'): 697.456, ('gust', 'expand'): 697.512, ('gust', 'sort'): 697.649, ('gust', 'reduce'): 697.691, ('gust', 'final'): 697.747, ('gust', 'pack'): 697.765, ('gust', 'd2h'): 697.797, ('merge', 'start'): 697.896, ('merge', 'h2d'): 697.973, ('merge', 'count'): 698.019, ('merge', 'scan'): 698.057, ('merge', 'expand'): 698.301, ('merge', 'merge'): 715.201, ('merge', 'final'): 715.241, ('merge', 'compact'): 715.264, ('merge', 'pack'): 715.283, ('merge', 'd2h'): 715.307, ('mrg2', 'start'): 715.397, ('mrg2', 'h2d'): 715.474, ('mrg2', 'count'): 715.519, ('mrg2', 'scan'): 715.556, ('mrg2', 'merge'): 716.78, ('mrg2', 'final'): 716.815, ('mrg2', 'compact'): 716.838, ('mrg2', 'pack'): 716.856, ('mrg2', 'd2h'): 716.88, ('mrg3', 'start'): 716.972, ('mrg3', 'h2d'): 717.059, ('mrg3', 'count'): 717.275, ('mrg3', 'scan'): 717.327, ('mrg3', 'merge'): 717.585, ('mrg3', 'pack'): 717.604, ('mrg3', 'd2h'): 717.629}",0.0828828196972608,0.255785598908551
Highly sparse,494_bus,494,1666,0.6826861610582045,4062,4062,4062,4062,4062,0.0,,0.05299999999999727,0.15399999999999636,0.04699999999991178,0.02400000000000091,0.2539999999999054,0.429,,,,,0.457,0.361,0.316,0.302,,0.27099999999995816,0.2969999999999118,0.21299999999996544,0.16999999999995907,0.1209999999999809,"{('cu', 'start'): 575.71, ('cu', 'h2dmalloc'): 575.762, ('cu', 'h2d'): 575.777, ('cu', 'workest'): 575.83, ('cu', 'compute'): 575.984, ('cu', 'copy'): 576.031, ('cu', 'pack'): 576.048, ('cu', 'd2h'): 576.072, ('gust', 'start'): 576.145, ('gust', 'h2d'): 576.21, ('gust', 'count'): 576.231, ('gust', 'scan'): 576.263, ('gust', 'expand'): 576.289, ('gust', 'sort'): 576.395, ('gust', 'reduce'): 576.434, ('gust', 'final'): 576.49, ('gust', 'pack'): 576.507, ('gust', 'd2h'): 576.517, ('merge', 'start'): 576.608, ('merge', 'h2d'): 576.673, ('merge', 'count'): 576.694, ('merge', 'scan'): 576.725, ('merge', 'expand'): 576.76, ('merge', 'merge'): 576.807, ('merge', 'final'): 576.845, ('merge', 'compact'): 576.871, ('merge', 'pack'): 576.886, ('merge', 'd2h'): 576.896, ('mrg2', 'start'): 576.974, ('mrg2', 'h2d'): 577.039, ('mrg2', 'count'): 577.062, ('mrg2', 'scan'): 577.093, ('mrg2', 'merge'): 577.136, ('mrg2', 'final'): 577.17, ('mrg2', 'compact'): 577.194, ('mrg2', 'pack'): 577.209, ('mrg2', 'd2h'): 577.219, ('mrg3', 'start'): 577.295, ('mrg3', 'h2d'): 577.39, ('mrg3', 'count'): 577.42, ('mrg3', 'scan'): 577.467, ('mrg3', 'merge'): 577.497, ('mrg3', 'pack'): 577.511, ('mrg3', 'd2h'): 577.521}",0.0658698845654726,0.2171104002045467
Highly sparse,bp_800,822,4534,0.6710237329876096,20224,20224,20224,20224,20224,0.0,,0.05499999999994998,0.19200000000000728,0.05600000000004002,0.038000000000010914,0.30299999999999727,0.513,,,,,0.595,16.834,1.523,0.735,,0.31999999999993634,0.38199999999994816,16.63600000000008,1.3399999999999181,0.5520000000000209,"{('cu', 'start'): 713.713, ('cu', 'h2dmalloc'): 713.773, ('cu', 'h2d'): 713.791, ('cu', 'workest'): 713.846, ('cu', 'compute'): 714.038, ('cu', 'copy'): 714.094, ('cu', 'pack'): 714.111, ('cu', 'd2h'): 714.149, ('gust', 'start'): 714.238, ('gust', 'h2d'): 714.316, ('gust', 'count'): 714.357, ('gust', 'scan'): 714.398, ('gust', 'expand'): 714.452, ('gust', 'sort'): 714.583, ('gust', 'reduce'): 714.625, ('gust', 'final'): 714.679, ('gust', 'pack'): 714.698, ('gust', 'd2h'): 714.729, ('merge', 'start'): 714.838, ('merge', 'h2d'): 714.915, ('merge', 'count'): 714.948, ('merge', 'scan'): 714.986, ('merge', 'expand'): 715.223, ('merge', 'merge'): 731.469, ('merge', 'final'): 731.51, ('merge', 'compact'): 731.534, ('merge', 'pack'): 731.551, ('merge', 'd2h'): 731.575, ('mrg2', 'start'): 731.678, ('mrg2', 'h2d'): 731.753, ('mrg2', 'count'): 731.784, ('mrg2', 'scan'): 731.82, ('mrg2', 'merge'): 733.017, ('mrg2', 'final'): 733.052, ('mrg2', 'compact'): 733.075, ('mrg2', 'pack'): 733.093, ('mrg2', 'd2h'): 733.116, ('mrg3', 'start'): 733.21, ('mrg3', 'h2d'): 733.284, ('mrg3', 'count'): 733.505, ('mrg3', 'scan'): 733.558, ('mrg3', 'merge'): 733.817, ('mrg3', 'pack'): 733.836, ('mrg3', 'd2h'): 733.86}",0.0919150188565254,0.2563360007945448
Highly sparse,bcsstm05,153,153,0.6535947712418301,153,153,153,153,153,0.0,,0.06000000000005912,0.15099999999995362,0.05700000000001637,0.026000000000067303,0.2680000000000291,0.484,,,,,0.423,0.366,0.321,0.277,,0.29700000000002547,0.24499999999989086,0.18800000000010186,0.15599999999994907,0.11200000000008004,"{('cu', 'start'): 665.523, ('cu', 'h2dmalloc'): 665.587, ('cu', 'h2d'): 665.603, ('cu', 'workest'): 665.663, ('cu', 'compute'): 665.814, ('cu', 'copy'): 665.871, ('cu', 'pack'): 665.9, ('cu', 'd2h'): 665.926, ('gust', 'start'): 666.016, ('gust', 'h2d'): 666.089, ('gust', 'count'): 666.11, ('gust', 'scan'): 666.15, ('gust', 'expand'): 666.171, ('gust', 'sort'): 666.219, ('gust', 'reduce'): 666.258, ('gust', 'final'): 666.313, ('gust', 'pack'): 666.334, ('gust', 'd2h'): 666.343, ('merge', 'start'): 666.444, ('merge', 'h2d'): 666.526, ('merge', 'count'): 666.548, ('merge', 'scan'): 666.585, ('merge', 'expand'): 666.612, ('merge', 'merge'): 666.633, ('merge', 'final'): 666.67, ('merge', 'compact'): 666.695, ('merge', 'pack'): 666.714, ('merge', 'd2h'): 666.724, ('mrg2', 'start'): 666.817, ('mrg2', 'h2d'): 666.888, ('mrg2', 'count'): 666.908, ('mrg2', 'scan'): 666.943, ('mrg2', 'merge'): 666.966, ('mrg2', 'final'): 666.999, ('mrg2', 'compact'): 667.023, ('mrg2', 'pack'): 667.044, ('mrg2', 'd2h'): 667.055, ('mrg3', 'start'): 667.144, ('mrg3', 'h2d'): 667.213, ('mrg3', 'count'): 667.235, ('mrg3', 'scan'): 667.285, ('mrg3', 'merge'): 667.308, ('mrg3', 'pack'): 667.325, ('mrg3', 'd2h'): 667.337}",0.0309250317513942,0.1734272005502134
Highly sparse,bp_600,822,4172,0.6174483930357978,16464,16464,16464,16464,16464,0.0,,0.05499999999994998,0.18100000000004002,0.05599999999992633,0.03499999999996817,0.2919999999999163,0.503,,,,,0.556,16.353,1.506,0.732,,0.30999999999994543,0.3590000000000373,16.168999999999983,1.3250000000000455,0.5460000000000491,"{('cu', 'start'): 721.89, ('cu', 'h2dmalloc'): 721.951, ('cu', 'h2d'): 721.969, ('cu', 'workest'): 722.024, ('cu', 'compute'): 722.205, ('cu', 'copy'): 722.261, ('cu', 'pack'): 722.279, ('cu', 'd2h'): 722.314, ('gust', 'start'): 722.405, ('gust', 'h2d'): 722.482, ('gust', 'count'): 722.523, ('gust', 'scan'): 722.56, ('gust', 'expand'): 722.608, ('gust', 'sort'): 722.727, ('gust', 'reduce'): 722.769, ('gust', 'final'): 722.823, ('gust', 'pack'): 722.841, ('gust', 'd2h'): 722.869, ('merge', 'start'): 722.966, ('merge', 'h2d'): 723.043, ('merge', 'count'): 723.077, ('merge', 'scan'): 723.122, ('merge', 'expand'): 723.338, ('merge', 'merge'): 739.131, ('merge', 'final'): 739.171, ('merge', 'compact'): 739.194, ('merge', 'pack'): 739.212, ('merge', 'd2h'): 739.233, ('mrg2', 'start'): 739.329, ('mrg2', 'h2d'): 739.405, ('mrg2', 'count'): 739.437, ('mrg2', 'scan'): 739.473, ('mrg2', 'merge'): 740.654, ('mrg2', 'final'): 740.689, ('mrg2', 'compact'): 740.712, ('mrg2', 'pack'): 740.73, ('mrg2', 'd2h'): 740.75, ('mrg3', 'start'): 740.841, ('mrg3', 'h2d'): 740.915, ('mrg3', 'count'): 741.134, ('mrg3', 'scan'): 741.187, ('mrg3', 'merge'): 741.441, ('mrg3', 'pack'): 741.461, ('mrg3', 'd2h'): 741.482}",0.0918600708246231,0.2559104008600116
Highly sparse,bp_400,822,4028,0.596136655596403,15238,15238,15238,15238,15238,0.0,,0.05499999999994998,0.18500000000005912,0.05599999999992633,0.03499999999996817,0.2959999999999354,0.511,,,,,0.546,15.178,1.436,0.696,,0.31399999999996453,0.35199999999997544,14.981999999999971,1.2549999999999955,0.5219999999999345,"{('cu', 'start'): 715.845, ('cu', 'h2dmalloc'): 715.904, ('cu', 'h2d'): 715.922, ('cu', 'workest'): 715.977, ('cu', 'compute'): 716.162, ('cu', 'copy'): 716.218, ('cu', 'pack'): 716.236, ('cu', 'd2h'): 716.271, ('gust', 'start'): 716.363, ('gust', 'h2d'): 716.441, ('gust', 'count'): 716.474, ('gust', 'scan'): 716.511, ('gust', 'expand'): 716.56, ('gust', 'sort'): 716.679, ('gust', 'reduce'): 716.721, ('gust', 'final'): 716.775, ('gust', 'pack'): 716.793, ('gust', 'd2h'): 716.821, ('merge', 'start'): 716.915, ('merge', 'h2d'): 716.991, ('merge', 'count'): 717.026, ('merge', 'scan'): 717.062, ('merge', 'expand'): 717.269, ('merge', 'merge'): 731.892, ('merge', 'final'): 731.933, ('merge', 'compact'): 731.956, ('merge', 'pack'): 731.973, ('merge', 'd2h'): 731.993, ('mrg2', 'start'): 732.1, ('mrg2', 'h2d'): 732.175, ('mrg2', 'count'): 732.207, ('mrg2', 'scan'): 732.243, ('mrg2', 'merge'): 733.355, ('mrg2', 'final'): 733.39, ('mrg2', 'compact'): 733.412, ('mrg2', 'pack'): 733.43, ('mrg2', 'd2h'): 733.45, ('mrg3', 'start'): 733.541, ('mrg3', 'h2d'): 733.614, ('mrg3', 'count'): 733.822, ('mrg3', 'scan'): 733.874, ('mrg3', 'merge'): 734.118, ('mrg3', 'pack'): 734.136, ('mrg3', 'd2h'): 734.156}",0.0724690034985542,0.2586336013861
Highly sparse,662_bus,662,2474,0.5645256980129791,6480,6480,6480,6480,6480,0.0,,0.05400000000008731,0.15399999999999636,0.04899999999997817,0.02500000000009095,0.25700000000006185,0.432,,,,,0.468,0.357,0.311,0.284,,0.2740000000000009,0.30600000000004,0.20799999999997,0.16200000000003456,0.1330000000000382,"{('cu', 'start'): 598.973, ('cu', 'h2dmalloc'): 599.023, ('cu', 'h2d'): 599.04, ('cu', 'workest'): 599.094, ('cu', 'compute'): 599.248, ('cu', 'copy'): 599.297, ('cu', 'pack'): 599.314, ('cu', 'd2h'): 599.339, ('gust', 'start'): 599.413, ('gust', 'h2d'): 599.478, ('gust', 'count'): 599.499, ('gust', 'scan'): 599.533, ('gust', 'expand'): 599.555, ('gust', 'sort'): 599.67, ('gust', 'reduce'): 599.714, ('gust', 'final'): 599.767, ('gust', 'pack'): 599.784, ('gust', 'd2h'): 599.795, ('merge', 'start'): 599.886, ('merge', 'h2d'): 599.952, ('merge', 'count'): 599.974, ('merge', 'scan'): 600.006, ('merge', 'expand'): 600.034, ('merge', 'merge'): 600.087, ('merge', 'final'): 600.121, ('merge', 'compact'): 600.146, ('merge', 'pack'): 600.16, ('merge', 'd2h'): 600.172, ('mrg2', 'start'): 600.25, ('mrg2', 'h2d'): 600.313, ('mrg2', 'count'): 600.334, ('mrg2', 'scan'): 600.366, ('mrg2', 'merge'): 600.404, ('mrg2', 'final'): 600.434, ('mrg2', 'compact'): 600.46, ('mrg2', 'pack'): 600.475, ('mrg2', 'd2h'): 600.486, ('mrg3', 'start'): 600.566, ('mrg3', 'h2d'): 600.63, ('mrg3', 'count'): 600.661, ('mrg3', 'scan'): 600.711, ('mrg3', 'merge'): 600.746, ('mrg3', 'pack'): 600.763, ('mrg3', 'd2h'): 600.774}",0.0783491414040327,0.2165280000073834
Highly sparse,bp_200,822,3802,0.5626890676706863,13197,13197,13197,13197,13197,0.0,,0.05700000000001637,0.18100000000004002,0.05600000000004002,0.03300000000001546,0.2940000000000964,0.508,,,,,0.547,13.888,1.293,0.657,,0.3129999999999882,0.35200000000008913,13.687000000000012,1.09699999999998,0.4819999999999709,"{('cu', 'start'): 717.042, ('cu', 'h2dmalloc'): 717.104, ('cu', 'h2d'): 717.122, ('cu', 'workest'): 717.179, ('cu', 'compute'): 717.36, ('cu', 'copy'): 717.416, ('cu', 'pack'): 717.435, ('cu', 'd2h'): 717.468, ('gust', 'start'): 717.557, ('gust', 'h2d'): 717.636, ('gust', 'count'): 717.669, ('gust', 'scan'): 717.707, ('gust', 'expand'): 717.753, ('gust', 'sort'): 717.875, ('gust', 'reduce'): 717.915, ('gust', 'final'): 717.97, ('gust', 'pack'): 717.988, ('gust', 'd2h'): 718.015, ('merge', 'start'): 718.109, ('merge', 'h2d'): 718.186, ('merge', 'count'): 718.219, ('merge', 'scan'): 718.256, ('merge', 'expand'): 718.449, ('merge', 'merge'): 731.788, ('merge', 'final'): 731.832, ('merge', 'compact'): 731.855, ('merge', 'pack'): 731.873, ('merge', 'd2h'): 731.891, ('mrg2', 'start'): 732.005, ('mrg2', 'h2d'): 732.09, ('mrg2', 'count'): 732.123, ('mrg2', 'scan'): 732.159, ('mrg2', 'merge'): 733.109, ('mrg2', 'final'): 733.145, ('mrg2', 'compact'): 733.168, ('mrg2', 'pack'): 733.187, ('mrg2', 'd2h'): 733.205, ('mrg3', 'start'): 733.303, ('mrg3', 'h2d'): 733.379, ('mrg3', 'count'): 733.566, ('mrg3', 'scan'): 733.618, ('mrg3', 'merge'): 733.843, ('mrg3', 'pack'): 733.861, ('mrg3', 'd2h'): 733.879}",0.0915199052542448,0.2517088011140004
Highly sparse,bcsstm13,2003,21943,0.5469329704893483,90811,90811,90811,90811,90811,0.0,,0.06099999999992178,0.35400000000004184,0.06799999999998363,0.18099999999992633,0.48299999999994725,0.851,,,,,1.335,2.939,0.929,0.586,,0.5040000000000191,1.0790000000000646,2.6889999999999645,0.6769999999999072,0.3300000000000409,"{('cu', 'start'): 690.923, ('cu', 'h2dmalloc'): 690.984, ('cu', 'h2d'): 691.018, ('cu', 'workest'): 691.079, ('cu', 'compute'): 691.433, ('cu', 'copy'): 691.501, ('cu', 'pack'): 691.522, ('cu', 'd2h'): 691.703, ('gust', 'start'): 691.783, ('gust', 'h2d'): 691.876, ('gust', 'count'): 691.902, ('gust', 'scan'): 691.941, ('gust', 'expand'): 692.098, ('gust', 'sort'): 692.419, ('gust', 'reduce'): 692.607, ('gust', 'final'): 692.921, ('gust', 'pack'): 692.955, ('gust', 'd2h'): 693.032, ('merge', 'start'): 693.126, ('merge', 'h2d'): 693.219, ('merge', 'count'): 693.25, ('merge', 'scan'): 693.289, ('merge', 'expand'): 693.703, ('merge', 'merge'): 695.573, ('merge', 'final'): 695.742, ('merge', 'compact'): 695.884, ('merge', 'pack'): 695.908, ('merge', 'd2h'): 695.985, ('mrg2', 'start'): 696.074, ('mrg2', 'h2d'): 696.166, ('mrg2', 'count'): 696.192, ('mrg2', 'scan'): 696.231, ('mrg2', 'merge'): 696.632, ('mrg2', 'final'): 696.674, ('mrg2', 'compact'): 696.82, ('mrg2', 'pack'): 696.843, ('mrg2', 'd2h'): 696.92, ('mrg3', 'start'): 697.009, ('mrg3', 'h2d'): 697.098, ('mrg3', 'count'): 697.214, ('mrg3', 'scan'): 697.267, ('mrg3', 'merge'): 697.408, ('mrg3', 'pack'): 697.428, ('mrg3', 'd2h'): 697.506}",0.5536598619073629,0.4448671997757629
Highly sparse,bp_0,822,3276,0.4848420267462305,9384,9384,9384,9384,9384,0.0,,0.05700000000001637,0.17699999999990723,0.057999999999992724,0.030000000000086402,0.2919999999999163,0.502,,,,,0.537,11.191,1.158,0.654,,0.3109999999999218,0.33999999999991815,11.016000000000076,0.9850000000000136,0.4780000000000655,"{('cu', 'start'): 711.93, ('cu', 'h2dmalloc'): 711.991, ('cu', 'h2d'): 712.008, ('cu', 'workest'): 712.065, ('cu', 'compute'): 712.242, ('cu', 'copy'): 712.3, ('cu', 'pack'): 712.319, ('cu', 'd2h'): 712.349, ('gust', 'start'): 712.437, ('gust', 'h2d'): 712.513, ('gust', 'count'): 712.544, ('gust', 'scan'): 712.582, ('gust', 'expand'): 712.624, ('gust', 'sort'): 712.74, ('gust', 'reduce'): 712.779, ('gust', 'final'): 712.832, ('gust', 'pack'): 712.853, ('gust', 'd2h'): 712.869, ('merge', 'start'): 712.982, ('merge', 'h2d'): 713.059, ('merge', 'count'): 713.092, ('merge', 'scan'): 713.13, ('merge', 'expand'): 713.288, ('merge', 'merge'): 723.995, ('merge', 'final'): 724.034, ('merge', 'compact'): 724.058, ('merge', 'pack'): 724.075, ('merge', 'd2h'): 724.09, ('mrg2', 'start'): 724.179, ('mrg2', 'h2d'): 724.253, ('mrg2', 'count'): 724.285, ('mrg2', 'scan'): 724.32, ('mrg2', 'merge'): 725.161, ('mrg2', 'final'): 725.196, ('mrg2', 'compact'): 725.219, ('mrg2', 'pack'): 725.238, ('mrg2', 'd2h'): 725.253, ('mrg3', 'start'): 725.346, ('mrg3', 'h2d'): 725.419, ('mrg3', 'count'): 725.609, ('mrg3', 'scan'): 725.659, ('mrg3', 'merge'): 725.879, ('mrg3', 'pack'): 725.897, ('mrg3', 'd2h'): 725.913}",0.0745928846299648,0.2462176006287336
Highly sparse,bcsstk23,3134,45178,0.45996948062076437,220632,220632,220632,220632,220632,0.0,,0.06299999999998818,0.3290000000000646,0.12599999999997635,0.33199999999999363,0.5180000000000291,1.184,,,,,1.7,1.874,1.107,0.887,,0.6130000000000564,1.2029999999999745,1.3869999999999436,0.6289999999999054,0.40300000000002,"{('cu', 'start'): 695.383, ('cu', 'h2dmalloc'): 695.44, ('cu', 'h2d'): 695.491, ('cu', 'workest'): 695.554, ('cu', 'compute'): 695.883, ('cu', 'copy'): 696.009, ('cu', 'pack'): 696.104, ('cu', 'd2h'): 696.436, ('gust', 'start'): 696.575, ('gust', 'h2d'): 696.683, ('gust', 'count'): 696.71, ('gust', 'scan'): 696.752, ('gust', 'expand'): 696.904, ('gust', 'sort'): 697.222, ('gust', 'reduce'): 697.395, ('gust', 'final'): 697.781, ('gust', 'pack'): 697.886, ('gust', 'd2h'): 698.065, ('merge', 'start'): 698.283, ('merge', 'h2d'): 698.389, ('merge', 'count'): 698.421, ('merge', 'scan'): 698.464, ('merge', 'expand'): 698.679, ('merge', 'merge'): 699.316, ('merge', 'final'): 699.484, ('merge', 'compact'): 699.693, ('merge', 'pack'): 699.776, ('merge', 'd2h'): 699.96, ('mrg2', 'start'): 700.163, ('mrg2', 'h2d'): 700.267, ('mrg2', 'count'): 700.295, ('mrg2', 'scan'): 700.337, ('mrg2', 'merge'): 700.571, ('mrg2', 'final'): 700.61, ('mrg2', 'compact'): 700.818, ('mrg2', 'pack'): 700.896, ('mrg2', 'd2h'): 701.075, ('mrg3', 'start'): 701.277, ('mrg3', 'h2d'): 701.38, ('mrg3', 'count'): 701.473, ('mrg3', 'scan'): 701.531, ('mrg3', 'merge'): 701.707, ('mrg3', 'pack'): 701.783, ('mrg3', 'd2h'): 701.963}",1.8119048327207563,0.4138016016222536
Highly sparse,bcsstk17,10974,428650,0.35593682023042417,1406936,1406936,1406936,1406936,1406936,0.0,,0.19300000000009732,1.8209999999999127,0.20100000000002183,0.8300000000000409,2.215000000000032,3.484,,,,,5.461,10.799,2.451,2.792,,2.3010000000000446,4.231999999999971,9.740999999999985,1.509999999999991,1.8700000000000045,"{('cu', 'start'): 832.243, ('cu', 'h2dmalloc'): 832.329, ('cu', 'h2d'): 832.473, ('cu', 'workest'): 832.666, ('cu', 'compute'): 834.487, ('cu', 'copy'): 834.688, ('cu', 'pack'): 834.774, ('cu', 'd2h'): 835.604, ('gust', 'start'): 835.74, ('gust', 'h2d'): 836.224, ('gust', 'count'): 836.324, ('gust', 'scan'): 836.378, ('gust', 'expand'): 836.717, ('gust', 'sort'): 839.381, ('gust', 'reduce'): 839.772, ('gust', 'final'): 840.367, ('gust', 'pack'): 840.456, ('gust', 'd2h'): 840.874, ('merge', 'start'): 841.209, ('merge', 'h2d'): 841.539, ('merge', 'count'): 841.657, ('merge', 'scan'): 841.711, ('merge', 'expand'): 842.927, ('merge', 'merge'): 850.622, ('merge', 'final'): 850.87, ('merge', 'compact'): 851.166, ('merge', 'pack'): 851.28, ('merge', 'd2h'): 851.705, ('mrg2', 'start'): 852.018, ('mrg2', 'h2d'): 852.25, ('mrg2', 'count'): 852.35, ('mrg2', 'scan'): 852.404, ('mrg2', 'merge'): 853.336, ('mrg2', 'final'): 853.386, ('mrg2', 'compact'): 853.668, ('mrg2', 'pack'): 853.76, ('mrg2', 'd2h'): 854.18, ('mrg3', 'start'): 854.477, ('mrg3', 'h2d'): 854.712, ('mrg3', 'count'): 855.406, ('mrg3', 'scan'): 855.472, ('mrg3', 'merge'): 856.494, ('mrg3', 'pack'): 856.582, ('mrg3', 'd2h'): 856.997}",63.72947292402387,0.8182207997655495
Highly sparse,blckhole,2132,14872,0.3271861986912552,41546,41546,41546,41546,41546,0.0,,0.06600000000003092,0.2400000000000091,0.06200000000001182,0.12599999999997635,0.36800000000005184,0.672,,,,,0.821,0.692,0.414,0.39,,0.38900000000001,0.5520000000000209,0.4779999999999518,0.20600000000001728,0.18299999999999272,"{('cu', 'start'): 673.584, ('cu', 'h2dmalloc'): 673.644, ('cu', 'h2d'): 673.669, ('cu', 'workest'): 673.735, ('cu', 'compute'): 673.975, ('cu', 'copy'): 674.037, ('cu', 'pack'): 674.058, ('cu', 'd2h'): 674.184, ('gust', 'start'): 674.264, ('gust', 'h2d'): 674.35, ('gust', 'count'): 674.374, ('gust', 'scan'): 674.413, ('gust', 'expand'): 674.442, ('gust', 'sort'): 674.695, ('gust', 'reduce'): 674.81, ('gust', 'final'): 674.872, ('gust', 'pack'): 674.902, ('gust', 'd2h'): 674.941, ('merge', 'start'): 675.092, ('merge', 'h2d'): 675.176, ('merge', 'count'): 675.204, ('merge', 'scan'): 675.243, ('merge', 'expand'): 675.285, ('merge', 'merge'): 675.501, ('merge', 'final'): 675.544, ('merge', 'compact'): 675.631, ('merge', 'pack'): 675.654, ('merge', 'd2h'): 675.693, ('mrg2', 'start'): 675.79, ('mrg2', 'h2d'): 675.875, ('mrg2', 'count'): 675.901, ('mrg2', 'scan'): 675.939, ('mrg2', 'merge'): 676.001, ('mrg2', 'final'): 676.037, ('mrg2', 'compact'): 676.062, ('mrg2', 'pack'): 676.081, ('mrg2', 'd2h'): 676.12, ('mrg3', 'start'): 676.21, ('mrg3', 'h2d'): 676.292, ('mrg3', 'count'): 676.344, ('mrg3', 'scan'): 676.397, ('mrg3', 'merge'): 676.457, ('mrg3', 'pack'): 676.475, ('mrg3', 'd2h'): 676.514}",0.5955719389021397,0.2220480005256832
Highly sparse,bcsstk29,13992,619488,0.31642683346621986,1965686,1965686,1965686,1965686,1965686,0.0,,0.15399999999999636,2.4049999999999727,0.17700000000002092,1.0710000000000264,2.73599999999999,4.251,,,,,7.341,11.224,3.165,3.137,,2.8159999999999172,6.0470000000000255,9.173000000000002,1.6420000000000528,2.0399999999999636,"{('cu', 'start'): 800.271, ('cu', 'h2dmalloc'): 800.322, ('cu', 'h2d'): 800.517, ('cu', 'workest'): 800.671, ('cu', 'compute'): 803.076, ('cu', 'copy'): 803.253, ('cu', 'pack'): 803.333, ('cu', 'd2h'): 804.404, ('gust', 'start'): 804.528, ('gust', 'h2d'): 804.911, ('gust', 'count'): 804.987, ('gust', 'scan'): 805.027, ('gust', 'expand'): 805.534, ('gust', 'sort'): 809.692, ('gust', 'reduce'): 810.147, ('gust', 'final'): 810.869, ('gust', 'pack'): 810.958, ('gust', 'd2h'): 811.562, ('merge', 'start'): 811.875, ('merge', 'h2d'): 813.021, ('merge', 'count'): 813.157, ('merge', 'scan'): 813.198, ('merge', 'expand'): 814.726, ('merge', 'merge'): 821.545, ('merge', 'final'): 821.797, ('merge', 'compact'): 822.105, ('merge', 'pack'): 822.194, ('merge', 'd2h'): 822.799, ('mrg2', 'start'): 823.105, ('mrg2', 'h2d'): 823.736, ('mrg2', 'count'): 823.836, ('mrg2', 'scan'): 823.873, ('mrg2', 'merge'): 824.947, ('mrg2', 'final'): 824.983, ('mrg2', 'compact'): 825.293, ('mrg2', 'pack'): 825.378, ('mrg2', 'd2h'): 825.979, ('mrg3', 'start'): 826.276, ('mrg3', 'h2d'): 826.518, ('mrg3', 'count'): 827.288, ('mrg3', 'scan'): 827.341, ('mrg3', 'merge'): 828.477, ('mrg3', 'pack'): 828.558, ('mrg3', 'd2h'): 829.156}",137.12710910476744,0.9625759951071814
Highly sparse,1138_bus,1138,4054,0.31303955695713814,11142,11142,11142,11142,11142,0.0,,0.04899999999997817,0.16700000000003,0.05999999999994543,0.027000000000043656,0.2759999999999536,0.456,,,,,0.473,0.421,0.333,0.301,,0.2949999999999591,0.3129999999999882,0.27300000000002456,0.18600000000003547,0.15399999999999636,"{('cu', 'start'): 683.313, ('cu', 'h2dmalloc'): 683.364, ('cu', 'h2d'): 683.379, ('cu', 'workest'): 683.428, ('cu', 'compute'): 683.595, ('cu', 'copy'): 683.655, ('cu', 'pack'): 683.674, ('cu', 'd2h'): 683.701, ('gust', 'start'): 683.776, ('gust', 'h2d'): 683.84, ('gust', 'count'): 683.86, ('gust', 'scan'): 683.897, ('gust', 'expand'): 683.922, ('gust', 'sort'): 684.036, ('gust', 'reduce'): 684.076, ('gust', 'final'): 684.134, ('gust', 'pack'): 684.153, ('gust', 'd2h'): 684.169, ('merge', 'start'): 684.254, ('merge', 'h2d'): 684.317, ('merge', 'count'): 684.341, ('merge', 'scan'): 684.375, ('merge', 'expand'): 684.409, ('merge', 'merge'): 684.51, ('merge', 'final'): 684.548, ('merge', 'compact'): 684.573, ('merge', 'pack'): 684.59, ('merge', 'd2h'): 684.602, ('mrg2', 'start'): 684.681, ('mrg2', 'h2d'): 684.742, ('mrg2', 'count'): 684.763, ('mrg2', 'scan'): 684.797, ('mrg2', 'merge'): 684.852, ('mrg2', 'final'): 684.887, ('mrg2', 'compact'): 684.911, ('mrg2', 'pack'): 684.928, ('mrg2', 'd2h'): 684.94, ('mrg3', 'start'): 685.02, ('mrg3', 'h2d'): 685.081, ('mrg3', 'count'): 685.119, ('mrg3', 'scan'): 685.173, ('mrg3', 'merge'): 685.216, ('mrg3', 'pack'): 685.235, ('mrg3', 'd2h'): 685.247}",0.1128239091485738,0.210777600063011
Highly sparse,bcspwr06,1454,5300,0.25069579909522466,14110,14110,14110,14110,14110,0.0,,0.06000000000005912,0.16999999999995907,0.05899999999996908,0.033999999999991815,0.28899999999998727,0.524,,,,,0.538,0.451,0.37,0.348,,0.3100000000000591,0.32600000000002183,0.26100000000008095,0.18799999999998818,0.16700000000003,"{('cu', 'start'): 693.369, ('cu', 'h2dmalloc'): 693.443, ('cu', 'h2d'): 693.462, ('cu', 'workest'): 693.522, ('cu', 'compute'): 693.692, ('cu', 'copy'): 693.751, ('cu', 'pack'): 693.772, ('cu', 'd2h'): 693.806, ('gust', 'start'): 693.901, ('gust', 'h2d'): 693.982, ('gust', 'count'): 694.005, ('gust', 'scan'): 694.042, ('gust', 'expand'): 694.068, ('gust', 'sort'): 694.19, ('gust', 'reduce'): 694.232, ('gust', 'final'): 694.288, ('gust', 'pack'): 694.308, ('gust', 'd2h'): 694.334, ('merge', 'start'): 694.444, ('merge', 'h2d'): 694.53, ('merge', 'count'): 694.558, ('merge', 'scan'): 694.594, ('merge', 'expand'): 694.627, ('merge', 'merge'): 694.707, ('merge', 'final'): 694.746, ('merge', 'compact'): 694.772, ('merge', 'pack'): 694.791, ('merge', 'd2h'): 694.809, ('mrg2', 'start'): 694.902, ('mrg2', 'h2d'): 694.981, ('mrg2', 'count'): 695.004, ('mrg2', 'scan'): 695.04, ('mrg2', 'merge'): 695.093, ('mrg2', 'final'): 695.126, ('mrg2', 'compact'): 695.151, ('mrg2', 'pack'): 695.169, ('mrg2', 'd2h'): 695.188, ('mrg3', 'start'): 695.278, ('mrg3', 'h2d'): 695.353, ('mrg3', 'count'): 695.391, ('mrg3', 'scan'): 695.455, ('mrg3', 'merge'): 695.499, ('mrg3', 'pack'): 695.52, ('mrg3', 'd2h'): 695.538}",0.2413289621472358,0.2175328003009781
Highly sparse,bcsstk30,28924,2043492,0.24426218412514641,8946070,8946070,8946070,8946070,8946070,0.0,,0.21400000000016917,7.669999999999845,0.25099999999997635,4.286000000000058,8.134999999999991,13.475,,,,,34.603,91.797,14.94,20.571,,8.206000000000131,30.460000000000036,87.01700000000005,11.155999999999949,16.240999999999985,"{('cu', 'start'): 1365.085, ('cu', 'h2dmalloc'): 1365.149, ('cu', 'h2d'): 1365.936, ('cu', 'workest'): 1366.15, ('cu', 'compute'): 1373.82, ('cu', 'copy'): 1374.071, ('cu', 'pack'): 1374.142, ('cu', 'd2h'): 1378.428, ('gust', 'start'): 1378.566, ('gust', 'h2d'): 1379.435, ('gust', 'count'): 1379.528, ('gust', 'scan'): 1379.568, ('gust', 'expand'): 1381.866, ('gust', 'sort'): 1405.209, ('gust', 'reduce'): 1407.144, ('gust', 'final'): 1409.818, ('gust', 'pack'): 1409.895, ('gust', 'd2h'): 1412.607, ('merge', 'start'): 1413.176, ('merge', 'h2d'): 1414.194, ('merge', 'count'): 1414.31, ('merge', 'scan'): 1414.35, ('merge', 'expand'): 1422.769, ('merge', 'merge'): 1499.172, ('merge', 'final'): 1500.227, ('merge', 'compact'): 1501.089, ('merge', 'pack'): 1501.211, ('merge', 'd2h'): 1504.478, ('mrg2', 'start'): 1504.982, ('mrg2', 'h2d'): 1505.693, ('mrg2', 'count'): 1505.804, ('mrg2', 'scan'): 1505.849, ('mrg2', 'merge'): 1515.652, ('mrg2', 'final'): 1515.691, ('mrg2', 'compact'): 1516.76, ('mrg2', 'pack'): 1516.849, ('mrg2', 'd2h'): 1519.52, ('mrg3', 'start'): 1519.928, ('mrg3', 'h2d'): 1521.287, ('mrg3', 'count'): 1527.758, ('mrg3', 'scan'): 1527.817, ('mrg3', 'merge'): 1537.453, ('mrg3', 'pack'): 1537.528, ('mrg3', 'd2h'): 1540.194}",1181.0736348852515,2.3977216099156067
Highly sparse,bcsstm06,420,420,0.2380952380952381,420,420,420,420,420,0.0,,0.07199999999988904,0.17000000000007276,0.06899999999995998,0.035000000000081855,0.3109999999999218,0.57,,,,,0.54,0.454,0.439,0.357,,0.33999999999991815,0.3040000000000873,0.23899999999991905,0.21699999999998454,0.15300000000002,"{('cu', 'start'): 681.616, ('cu', 'h2dmalloc'): 681.693, ('cu', 'h2d'): 681.714, ('cu', 'workest'): 681.786, ('cu', 'compute'): 681.956, ('cu', 'copy'): 682.025, ('cu', 'pack'): 682.054, ('cu', 'd2h'): 682.089, ('gust', 'start'): 682.198, ('gust', 'h2d'): 682.3, ('gust', 'count'): 682.328, ('gust', 'scan'): 682.379, ('gust', 'expand'): 682.407, ('gust', 'sort'): 682.461, ('gust', 'reduce'): 682.512, ('gust', 'final'): 682.575, ('gust', 'pack'): 682.604, ('gust', 'd2h'): 682.616, ('merge', 'start'): 682.748, ('merge', 'h2d'): 682.845, ('merge', 'count'): 682.873, ('merge', 'scan'): 682.92, ('merge', 'expand'): 682.948, ('merge', 'merge'): 682.979, ('merge', 'final'): 683.029, ('merge', 'compact'): 683.058, ('merge', 'pack'): 683.084, ('merge', 'd2h'): 683.096, ('mrg2', 'start'): 683.211, ('mrg2', 'h2d'): 683.315, ('mrg2', 'count'): 683.343, ('mrg2', 'scan'): 683.395, ('mrg2', 'merge'): 683.426, ('mrg2', 'final'): 683.473, ('mrg2', 'compact'): 683.504, ('mrg2', 'pack'): 683.532, ('mrg2', 'd2h'): 683.545, ('mrg3', 'start'): 683.659, ('mrg3', 'h2d'): 683.751, ('mrg3', 'count'): 683.782, ('mrg3', 'scan'): 683.846, ('mrg3', 'merge'): 683.875, ('mrg3', 'pack'): 683.904, ('mrg3', 'd2h'): 683.916}",0.0377290416508913,0.1723391995998099
Highly sparse,bcspwr08,1624,6050,0.22939467106699993,16916,16916,16916,16916,16916,0.0,,0.06500000000005457,0.18099999999992633,0.06400000000007822,0.03799999999989723,0.3100000000000591,0.563,,,,,0.576,0.491,0.411,0.366,,0.3330000000000837,0.3569999999999709,0.2819999999999254,0.20500000000004093,0.16499999999996362,"{('cu', 'start'): 670.543, ('cu', 'h2dmalloc'): 670.61, ('cu', 'h2d'): 670.631, ('cu', 'workest'): 670.696, ('cu', 'compute'): 670.877, ('cu', 'copy'): 670.941, ('cu', 'pack'): 670.964, ('cu', 'd2h'): 671.002, ('gust', 'start'): 671.116, ('gust', 'h2d'): 671.201, ('gust', 'count'): 671.228, ('gust', 'scan'): 671.268, ('gust', 'expand'): 671.297, ('gust', 'sort'): 671.429, ('gust', 'reduce'): 671.476, ('gust', 'final'): 671.535, ('gust', 'pack'): 671.558, ('gust', 'd2h'): 671.586, ('merge', 'start'): 671.699, ('merge', 'h2d'): 671.782, ('merge', 'count'): 671.81, ('merge', 'scan'): 671.849, ('merge', 'expand'): 671.884, ('merge', 'merge'): 671.967, ('merge', 'final'): 672.009, ('merge', 'compact'): 672.038, ('merge', 'pack'): 672.064, ('merge', 'd2h'): 672.087, ('mrg2', 'start'): 672.198, ('mrg2', 'h2d'): 672.279, ('mrg2', 'count'): 672.305, ('mrg2', 'scan'): 672.343, ('mrg2', 'merge'): 672.397, ('mrg2', 'final'): 672.437, ('mrg2', 'compact'): 672.463, ('mrg2', 'pack'): 672.484, ('mrg2', 'd2h'): 672.506, ('mrg3', 'start'): 672.616, ('mrg3', 'h2d'): 672.693, ('mrg3', 'count'): 672.734, ('mrg3', 'scan'): 672.789, ('mrg3', 'merge'): 672.835, ('mrg3', 'pack'): 672.858, ('mrg3', 'd2h'): 672.88}",0.289177056401968,0.219145598821342
Highly sparse,bcspwr07,1612,5824,0.22412551028576003,15684,15684,15684,15684,15684,0.0,,0.057999999999992724,0.17399999999997817,0.05899999999996908,0.036999999999920874,0.29099999999994,0.518,,,,,0.55,0.456,0.386,0.349,,0.3120000000000118,0.34400000000005093,0.26300000000003365,0.19200000000000728,0.16399999999998727,"{('cu', 'start'): 674.327, ('cu', 'h2dmalloc'): 674.392, ('cu', 'h2d'): 674.412, ('cu', 'workest'): 674.47, ('cu', 'compute'): 674.644, ('cu', 'copy'): 674.703, ('cu', 'pack'): 674.724, ('cu', 'd2h'): 674.761, ('gust', 'start'): 674.853, ('gust', 'h2d'): 674.935, ('gust', 'count'): 674.957, ('gust', 'scan'): 674.997, ('gust', 'expand'): 675.023, ('gust', 'sort'): 675.152, ('gust', 'reduce'): 675.199, ('gust', 'final'): 675.258, ('gust', 'pack'): 675.279, ('gust', 'd2h'): 675.308, ('merge', 'start'): 675.411, ('merge', 'h2d'): 675.495, ('merge', 'count'): 675.521, ('merge', 'scan'): 675.559, ('merge', 'expand'): 675.59, ('merge', 'merge'): 675.673, ('merge', 'final'): 675.713, ('merge', 'compact'): 675.74, ('merge', 'pack'): 675.758, ('merge', 'd2h'): 675.78, ('mrg2', 'start'): 675.872, ('mrg2', 'h2d'): 675.948, ('mrg2', 'count'): 675.971, ('mrg2', 'scan'): 676.007, ('mrg2', 'merge'): 676.061, ('mrg2', 'final'): 676.096, ('mrg2', 'compact'): 676.121, ('mrg2', 'pack'): 676.14, ('mrg2', 'd2h'): 676.16, ('mrg3', 'start'): 676.265, ('mrg3', 'h2d'): 676.343, ('mrg3', 'count'): 676.386, ('mrg3', 'scan'): 676.439, ('mrg3', 'merge'): 676.486, ('mrg3', 'pack'): 676.507, ('mrg3', 'd2h'): 676.528}",0.2732500433921814,0.4166176019236445
Highly sparse,bcspwr09,1723,6511,0.21931944613334525,18485,18485,18485,18485,18485,0.0,,0.05600000000004002,0.16300000000001091,0.057999999999992724,0.038000000000010914,0.27700000000004366,0.501,,,,,0.533,0.459,0.374,0.328,,0.29900000000009186,0.33299999999997,0.27299999999991087,0.19100000000003092,0.14800000000002456,"{('cu', 'start'): 676.004, ('cu', 'h2dmalloc'): 676.064, ('cu', 'h2d'): 676.084, ('cu', 'workest'): 676.14, ('cu', 'compute'): 676.303, ('cu', 'copy'): 676.361, ('cu', 'pack'): 676.383, ('cu', 'd2h'): 676.421, ('gust', 'start'): 676.514, ('gust', 'h2d'): 676.595, ('gust', 'count'): 676.617, ('gust', 'scan'): 676.656, ('gust', 'expand'): 676.682, ('gust', 'sort'): 676.809, ('gust', 'reduce'): 676.851, ('gust', 'final'): 676.908, ('gust', 'pack'): 676.928, ('gust', 'd2h'): 676.958, ('merge', 'start'): 677.051, ('merge', 'h2d'): 677.128, ('merge', 'count'): 677.154, ('merge', 'scan'): 677.189, ('merge', 'expand'): 677.223, ('merge', 'merge'): 677.314, ('merge', 'final'): 677.359, ('merge', 'compact'): 677.383, ('merge', 'pack'): 677.401, ('merge', 'd2h'): 677.425, ('mrg2', 'start'): 677.516, ('mrg2', 'h2d'): 677.593, ('mrg2', 'count'): 677.617, ('mrg2', 'scan'): 677.653, ('mrg2', 'merge'): 677.705, ('mrg2', 'final'): 677.741, ('mrg2', 'compact'): 677.765, ('mrg2', 'pack'): 677.784, ('mrg2', 'd2h'): 677.807, ('mrg3', 'start'): 677.896, ('mrg3', 'h2d'): 677.97, ('mrg3', 'count'): 678.008, ('mrg3', 'scan'): 678.058, ('mrg3', 'merge'): 678.099, ('mrg3', 'pack'): 678.118, ('mrg3', 'd2h'): 678.141}",0.3371860366314649,0.2239744002465158
Highly sparse,bcsstm20,485,485,0.2061855670103093,485,485,485,485,485,0.0,,0.05700000000001637,0.15599999999994907,0.05700000000001637,0.024999999999977263,0.2699999999999818,0.475,,,,,0.438,0.362,0.325,0.291,,0.29100000000005366,0.2539999999999054,0.18899999999996453,0.15599999999994907,0.12400000000002365,"{('cu', 'start'): 681.106, ('cu', 'h2dmalloc'): 681.167, ('cu', 'h2d'): 681.183, ('cu', 'workest'): 681.24, ('cu', 'compute'): 681.396, ('cu', 'copy'): 681.453, ('cu', 'pack'): 681.474, ('cu', 'd2h'): 681.499, ('gust', 'start'): 681.589, ('gust', 'h2d'): 681.666, ('gust', 'count'): 681.689, ('gust', 'scan'): 681.726, ('gust', 'expand'): 681.748, ('gust', 'sort'): 681.796, ('gust', 'reduce'): 681.836, ('gust', 'final'): 681.901, ('gust', 'pack'): 681.92, ('gust', 'd2h'): 681.931, ('merge', 'start'): 682.033, ('merge', 'h2d'): 682.111, ('merge', 'count'): 682.136, ('merge', 'scan'): 682.172, ('merge', 'expand'): 682.193, ('merge', 'merge'): 682.214, ('merge', 'final'): 682.252, ('merge', 'compact'): 682.282, ('merge', 'pack'): 682.3, ('merge', 'd2h'): 682.31, ('mrg2', 'start'): 682.402, ('mrg2', 'h2d'): 682.475, ('mrg2', 'count'): 682.496, ('mrg2', 'scan'): 682.53, ('mrg2', 'merge'): 682.554, ('mrg2', 'final'): 682.588, ('mrg2', 'compact'): 682.612, ('mrg2', 'pack'): 682.631, ('mrg2', 'd2h'): 682.641, ('mrg3', 'start'): 682.733, ('mrg3', 'h2d'): 682.803, ('mrg3', 'count'): 682.827, ('mrg3', 'scan'): 682.885, ('mrg3', 'merge'): 682.909, ('mrg3', 'pack'): 682.927, ('mrg3', 'd2h'): 682.937}",0.0646100379526615,0.1741696011275053
Highly sparse,bcsstk21,3600,26600,0.2052469135802469,93072,93072,93072,93072,93072,0.0,,0.06299999999998818,0.25,0.06200000000001182,0.1610000000000582,0.375,0.73,,,,,1.013,0.781,0.583,0.454,,0.3969999999999345,0.6440000000000055,0.47900000000004184,0.27899999999999636,0.2059999999999036,"{('cu', 'start'): 682.397, ('cu', 'h2dmalloc'): 682.462, ('cu', 'h2d'): 682.494, ('cu', 'workest'): 682.557, ('cu', 'compute'): 682.807, ('cu', 'copy'): 682.869, ('cu', 'pack'): 682.891, ('cu', 'd2h'): 683.052, ('gust', 'start'): 683.135, ('gust', 'h2d'): 683.227, ('gust', 'count'): 683.251, ('gust', 'scan'): 683.293, ('gust', 'expand'): 683.398, ('gust', 'sort'): 683.66, ('gust', 'reduce'): 683.771, ('gust', 'final'): 683.84, ('gust', 'pack'): 683.871, ('gust', 'd2h'): 683.941, ('merge', 'start'): 684.156, ('merge', 'h2d'): 684.246, ('merge', 'count'): 684.277, ('merge', 'scan'): 684.324, ('merge', 'expand'): 684.429, ('merge', 'merge'): 684.56, ('merge', 'final'): 684.607, ('merge', 'compact'): 684.701, ('merge', 'pack'): 684.725, ('merge', 'd2h'): 684.796, ('mrg2', 'start'): 684.945, ('mrg2', 'h2d'): 685.032, ('mrg2', 'count'): 685.058, ('mrg2', 'scan'): 685.098, ('mrg2', 'merge'): 685.147, ('mrg2', 'final'): 685.186, ('mrg2', 'compact'): 685.278, ('mrg2', 'pack'): 685.311, ('mrg2', 'd2h'): 685.382, ('mrg3', 'start'): 685.534, ('mrg3', 'h2d'): 685.623, ('mrg3', 'count'): 685.684, ('mrg3', 'scan'): 685.74, ('mrg3', 'merge'): 685.809, ('mrg3', 'pack'): 685.829, ('mrg3', 'd2h'): 685.899}",2.685170155018568,0.2256096004042774
Highly sparse,bcsstm19,817,817,0.12239902080783352,817,817,817,817,817,0.0,,0.06600000000003092,0.17000000000007276,0.05899999999996908,0.026000000000067303,0.29500000000007276,0.527,,,,,0.493,0.399,0.365,0.332,,0.3170000000000073,0.2799999999999727,0.20299999999997453,0.17399999999997817,0.1290000000000191,"{('cu', 'start'): 686.62, ('cu', 'h2dmalloc'): 686.689, ('cu', 'h2d'): 686.709, ('cu', 'workest'): 686.775, ('cu', 'compute'): 686.945, ('cu', 'copy'): 687.004, ('cu', 'pack'): 687.026, ('cu', 'd2h'): 687.052, ('gust', 'start'): 687.156, ('gust', 'h2d'): 687.243, ('gust', 'count'): 687.268, ('gust', 'scan'): 687.309, ('gust', 'expand'): 687.331, ('gust', 'sort'): 687.381, ('gust', 'reduce'): 687.429, ('gust', 'final'): 687.501, ('gust', 'pack'): 687.523, ('gust', 'd2h'): 687.534, ('merge', 'start'): 687.656, ('merge', 'h2d'): 687.743, ('merge', 'count'): 687.77, ('merge', 'scan'): 687.811, ('merge', 'expand'): 687.838, ('merge', 'merge'): 687.86, ('merge', 'final'): 687.898, ('merge', 'compact'): 687.922, ('merge', 'pack'): 687.946, ('merge', 'd2h'): 687.958, ('mrg2', 'start'): 688.062, ('mrg2', 'h2d'): 688.147, ('mrg2', 'count'): 688.173, ('mrg2', 'scan'): 688.212, ('mrg2', 'merge'): 688.239, ('mrg2', 'final'): 688.273, ('mrg2', 'compact'): 688.302, ('mrg2', 'pack'): 688.321, ('mrg2', 'd2h'): 688.331, ('mrg3', 'start'): 688.434, ('mrg3', 'h2d'): 688.529, ('mrg3', 'count'): 688.559, ('mrg3', 'scan'): 688.613, ('mrg3', 'merge'): 688.639, ('mrg3', 'pack'): 688.658, ('mrg3', 'd2h'): 688.668}",0.0757249072194099,0.1708671996835619
Highly sparse,bcsstk25,15439,252241,0.10582233620331932,1168919,1168919,1168919,1168919,1168919,0.0,,0.15999999999996817,0.6600000000000819,0.16899999999998272,0.6490000000000009,0.9890000000000327,2.003,,,,,2.642,4.18,1.789,1.913,,1.0760000000000218,1.8610000000001037,3.4180000000000064,1.0270000000000437,1.15199999999993,"{('cu', 'start'): 764.079, ('cu', 'h2dmalloc'): 764.129, ('cu', 'h2d'): 764.221, ('cu', 'workest'): 764.381, ('cu', 'compute'): 765.041, ('cu', 'copy'): 765.21, ('cu', 'pack'): 765.297, ('cu', 'd2h'): 765.946, ('gust', 'start'): 766.089, ('gust', 'h2d'): 766.233, ('gust', 'count'): 766.306, ('gust', 'scan'): 766.351, ('gust', 'expand'): 766.527, ('gust', 'sort'): 767.359, ('gust', 'reduce'): 767.572, ('gust', 'final'): 768.017, ('gust', 'pack'): 768.094, ('gust', 'd2h'): 768.437, ('merge', 'start'): 768.738, ('merge', 'h2d'): 768.88, ('merge', 'count'): 768.958, ('merge', 'scan'): 769.003, ('merge', 'expand'): 769.409, ('merge', 'merge'): 771.786, ('merge', 'final'): 771.956, ('merge', 'compact'): 772.218, ('merge', 'pack'): 772.298, ('merge', 'd2h'): 772.639, ('mrg2', 'start'): 772.924, ('mrg2', 'h2d'): 773.063, ('mrg2', 'count'): 773.139, ('mrg2', 'scan'): 773.189, ('mrg2', 'merge'): 773.732, ('mrg2', 'final'): 773.771, ('mrg2', 'compact'): 774.012, ('mrg2', 'pack'): 774.09, ('mrg2', 'd2h'): 774.434, ('mrg3', 'start'): 774.72, ('mrg3', 'h2d'): 774.859, ('mrg3', 'count'): 775.286, ('mrg3', 'scan'): 775.342, ('mrg3', 'merge'): 775.939, ('mrg3', 'pack'): 776.011, ('mrg3', 'd2h'): 776.352}",177.74690710939467,0.4686751999892294
Highly sparse,bcsstk18,11948,149090,0.10443788948628972,713208,713208,713208,713208,713208,0.0,,0.10000000000002274,0.46100000000001273,0.1490000000000009,0.4289999999999736,0.7100000000000364,1.419,,,,,1.811,2.678,1.289,1.292,,0.7760000000000673,1.2939999999999827,2.1649999999999636,0.77699999999993,0.7789999999999964,"{('cu', 'start'): 729.576, ('cu', 'h2dmalloc'): 729.626, ('cu', 'h2d'): 729.685, ('cu', 'workest'): 729.785, ('cu', 'compute'): 730.246, ('cu', 'copy'): 730.395, ('cu', 'pack'): 730.461, ('cu', 'd2h'): 730.89, ('gust', 'start'): 731.003, ('gust', 'h2d'): 731.111, ('gust', 'count'): 731.137, ('gust', 'scan'): 731.173, ('gust', 'expand'): 731.323, ('gust', 'sort'): 731.816, ('gust', 'reduce'): 731.964, ('gust', 'final'): 732.334, ('gust', 'pack'): 732.405, ('gust', 'd2h'): 732.619, ('merge', 'start'): 732.821, ('merge', 'h2d'): 732.926, ('merge', 'count'): 732.961, ('merge', 'scan'): 732.996, ('merge', 'expand'): 733.277, ('merge', 'merge'): 734.672, ('merge', 'final'): 734.809, ('merge', 'compact'): 735.024, ('merge', 'pack'): 735.091, ('merge', 'd2h'): 735.303, ('mrg2', 'start'): 735.504, ('mrg2', 'h2d'): 735.61, ('mrg2', 'count'): 735.637, ('mrg2', 'scan'): 735.671, ('mrg2', 'merge'): 736.073, ('mrg2', 'final'): 736.112, ('mrg2', 'compact'): 736.321, ('mrg2', 'pack'): 736.387, ('mrg2', 'd2h'): 736.599, ('mrg3', 'start'): 736.799, ('mrg3', 'h2d'): 736.904, ('mrg3', 'count'): 737.156, ('mrg3', 'scan'): 737.205, ('mrg3', 'merge'): 737.622, ('mrg3', 'pack'): 737.683, ('mrg3', 'd2h'): 737.895}",86.1555258743465,0.4500383977079764
Highly sparse,bcsstk32,44609,2014701,0.10124314474587429,6819653,6819653,6819653,6819653,6819653,0.0,,0.17800000000011096,7.582999999999856,0.23600000000010368,3.0830000000000837,7.997000000000071,12.042,,,,,21.625,40.758,9.332,10.408,,8.067999999999984,17.62200000000007,36.73500000000013,5.44399999999996,7.274999999999864,"{('cu', 'start'): 1124.142, ('cu', 'h2dmalloc'): 1124.209, ('cu', 'h2d'): 1124.907, ('cu', 'workest'): 1125.085, ('cu', 'compute'): 1132.668, ('cu', 'copy'): 1132.904, ('cu', 'pack'): 1132.975, ('cu', 'd2h'): 1136.058, ('gust', 'start'): 1136.191, ('gust', 'h2d'): 1137.672, ('gust', 'count'): 1137.766, ('gust', 'scan'): 1137.806, ('gust', 'expand'): 1139.178, ('gust', 'sort'): 1152.484, ('gust', 'reduce'): 1153.703, ('gust', 'final'): 1155.202, ('gust', 'pack'): 1155.294, ('gust', 'd2h'): 1157.336, ('merge', 'start'): 1157.822, ('merge', 'h2d'): 1159.368, ('merge', 'count'): 1159.616, ('merge', 'scan'): 1159.659, ('merge', 'expand'): 1164.676, ('merge', 'merge'): 1194.883, ('merge', 'final'): 1195.436, ('merge', 'compact'): 1196.029, ('merge', 'pack'): 1196.103, ('merge', 'd2h'): 1198.189, ('mrg2', 'start'): 1198.587, ('mrg2', 'h2d'): 1200.002, ('mrg2', 'count'): 1200.171, ('mrg2', 'scan'): 1200.22, ('mrg2', 'merge'): 1204.641, ('mrg2', 'final'): 1204.682, ('mrg2', 'compact'): 1205.376, ('mrg2', 'pack'): 1205.446, ('mrg2', 'd2h'): 1207.485, ('mrg3', 'start'): 1207.926, ('mrg3', 'h2d'): 1208.71, ('mrg3', 'count'): 1211.378, ('mrg3', 'scan'): 1211.487, ('mrg3', 'merge'): 1215.918, ('mrg3', 'pack'): 1215.985, ('mrg3', 'd2h'): 1218.002}",4421.557090012357,1.7920768111012877
Extremely sparse,bcsstk31,35588,1181416,0.09328153508950845,4713580,4713580,4713580,4713580,4713580,0.0,,0.16999999999995907,4.442999999999984,0.22299999999995634,1.9890000000000327,4.835999999999899,7.494,,,,,11.436,22.436,5.741,6.477,,4.92999999999995,8.84699999999998,19.601999999999975,3.102000000000089,4.373000000000047,"{('cu', 'start'): 940.447, ('cu', 'h2dmalloc'): 940.501, ('cu', 'h2d'): 940.897, ('cu', 'workest'): 941.067, ('cu', 'compute'): 945.51, ('cu', 'copy'): 945.733, ('cu', 'pack'): 945.827, ('cu', 'd2h'): 947.816, ('gust', 'start'): 947.952, ('gust', 'h2d'): 948.787, ('gust', 'count'): 948.876, ('gust', 'scan'): 948.916, ('gust', 'expand'): 949.627, ('gust', 'sort'): 955.858, ('gust', 'reduce'): 956.533, ('gust', 'final'): 957.469, ('gust', 'pack'): 957.634, ('gust', 'd2h'): 959.016, ('merge', 'start'): 959.391, ('merge', 'h2d'): 960.414, ('merge', 'count'): 960.52, ('merge', 'scan'): 960.559, ('merge', 'expand'): 963.24, ('merge', 'merge'): 979.203, ('merge', 'final'): 979.513, ('merge', 'compact'): 979.936, ('merge', 'pack'): 980.016, ('merge', 'd2h'): 981.463, ('mrg2', 'start'): 981.833, ('mrg2', 'h2d'): 982.761, ('mrg2', 'count'): 982.891, ('mrg2', 'scan'): 982.93, ('mrg2', 'merge'): 985.344, ('mrg2', 'final'): 985.383, ('mrg2', 'compact'): 985.789, ('mrg2', 'pack'): 985.863, ('mrg2', 'd2h'): 987.241, ('mrg3', 'start'): 987.58, ('mrg3', 'h2d'): 988.031, ('mrg3', 'count'): 989.665, ('mrg3', 'scan'): 989.72, ('mrg3', 'merge'): 992.333, ('mrg3', 'pack'): 992.404, ('mrg3', 'd2h'): 993.776}",2316.7010678444058,1.2759552019881084
Extremely sparse,bcsstm08,1074,1074,0.0931098696461825,1074,1074,1074,1074,1074,0.0,,0.06100000000003547,0.15599999999994907,0.05700000000001637,0.024999999999977263,0.2740000000000009,0.497,,,,,0.451,0.365,0.334,0.312,,0.29500000000007276,0.24900000000002365,0.18600000000003547,0.15899999999999181,0.12000000000000455,"{('cu', 'start'): 679.128, ('cu', 'h2dmalloc'): 679.202, ('cu', 'h2d'): 679.222, ('cu', 'workest'): 679.283, ('cu', 'compute'): 679.439, ('cu', 'copy'): 679.496, ('cu', 'pack'): 679.517, ('cu', 'd2h'): 679.542, ('gust', 'start'): 679.634, ('gust', 'h2d'): 679.716, ('gust', 'count'): 679.74, ('gust', 'scan'): 679.779, ('gust', 'expand'): 679.804, ('gust', 'sort'): 679.85, ('gust', 'reduce'): 679.892, ('gust', 'final'): 679.945, ('gust', 'pack'): 679.965, ('gust', 'd2h'): 679.975, ('merge', 'start'): 680.091, ('merge', 'h2d'): 680.174, ('merge', 'count'): 680.2, ('merge', 'scan'): 680.237, ('merge', 'expand'): 680.26, ('merge', 'merge'): 680.279, ('merge', 'final'): 680.316, ('merge', 'compact'): 680.343, ('merge', 'pack'): 680.36, ('merge', 'd2h'): 680.371, ('mrg2', 'start'): 680.464, ('mrg2', 'h2d'): 680.542, ('mrg2', 'count'): 680.563, ('mrg2', 'scan'): 680.598, ('mrg2', 'merge'): 680.622, ('mrg2', 'final'): 680.654, ('mrg2', 'compact'): 680.683, ('mrg2', 'pack'): 680.701, ('mrg2', 'd2h'): 680.712, ('mrg3', 'start'): 680.803, ('mrg3', 'h2d'): 680.883, ('mrg3', 'count'): 680.91, ('mrg3', 'scan'): 680.96, ('mrg3', 'merge'): 680.985, ('mrg3', 'pack'): 681.003, ('mrg3', 'd2h'): 681.014}",0.1300980802625417,0.1736319990828633
Extremely sparse,bcsstm09,1083,1083,0.09233610341643582,1083,1083,1083,1083,1083,0.0,,0.06599999999991724,0.17000000000007276,0.06299999999998818,0.028999999999996362,0.29899999999997817,0.548,,,,,0.511,0.409,0.389,0.329,,0.3229999999999791,0.28700000000003456,0.20400000000006457,0.17999999999994998,0.13400000000001455,"{('cu', 'start'): 678.74, ('cu', 'h2dmalloc'): 678.809, ('cu', 'h2d'): 678.835, ('cu', 'workest'): 678.901, ('cu', 'compute'): 679.071, ('cu', 'copy'): 679.134, ('cu', 'pack'): 679.158, ('cu', 'd2h'): 679.187, ('gust', 'start'): 679.295, ('gust', 'h2d'): 679.384, ('gust', 'count'): 679.41, ('gust', 'scan'): 679.453, ('gust', 'expand'): 679.479, ('gust', 'sort'): 679.527, ('gust', 'reduce'): 679.584, ('gust', 'final'): 679.648, ('gust', 'pack'): 679.671, ('gust', 'd2h'): 679.683, ('merge', 'start'): 679.814, ('merge', 'h2d'): 679.9, ('merge', 'count'): 679.924, ('merge', 'scan'): 679.964, ('merge', 'expand'): 679.993, ('merge', 'merge'): 680.015, ('merge', 'final'): 680.055, ('merge', 'compact'): 680.084, ('merge', 'pack'): 680.104, ('merge', 'd2h'): 680.116, ('mrg2', 'start'): 680.231, ('mrg2', 'h2d'): 680.316, ('mrg2', 'count'): 680.341, ('mrg2', 'scan'): 680.379, ('mrg2', 'merge'): 680.413, ('mrg2', 'final'): 680.449, ('mrg2', 'compact'): 680.474, ('mrg2', 'pack'): 680.496, ('mrg2', 'd2h'): 680.507, ('mrg3', 'start'): 680.629, ('mrg3', 'h2d'): 680.709, ('mrg3', 'count'): 680.739, ('mrg3', 'scan'): 680.795, ('mrg3', 'merge'): 680.824, ('mrg3', 'pack'): 680.843, ('mrg3', 'd2h'): 680.855}",0.1266489271074533,0.1936544005060568
Extremely sparse,bcspwr10,5300,21842,0.07775720897116412,60498,60498,60498,60498,60498,0.0,,0.05700000000001637,0.24299999999993815,0.06400000000007822,0.1490000000000009,0.36400000000003274,0.699,,,,,0.858,0.654,0.432,0.414,,0.3849999999999909,0.6200000000000045,0.4270000000000209,0.20799999999997,0.19299999999998363,"{('cu', 'start'): 693.52, ('cu', 'h2dmalloc'): 693.583, ('cu', 'h2d'): 693.611, ('cu', 'workest'): 693.668, ('cu', 'compute'): 693.911, ('cu', 'copy'): 693.975, ('cu', 'pack'): 693.996, ('cu', 'd2h'): 694.145, ('gust', 'start'): 694.229, ('gust', 'h2d'): 694.318, ('gust', 'count'): 694.342, ('gust', 'scan'): 694.381, ('gust', 'expand'): 694.412, ('gust', 'sort'): 694.672, ('gust', 'reduce'): 694.783, ('gust', 'final'): 694.906, ('gust', 'pack'): 694.938, ('gust', 'd2h'): 694.987, ('merge', 'start'): 695.095, ('merge', 'h2d'): 695.186, ('merge', 'count'): 695.221, ('merge', 'scan'): 695.261, ('merge', 'expand'): 695.298, ('merge', 'merge'): 695.455, ('merge', 'final'): 695.498, ('merge', 'compact'): 695.59, ('merge', 'pack'): 695.613, ('merge', 'd2h'): 695.662, ('mrg2', 'start'): 695.754, ('mrg2', 'h2d'): 695.839, ('mrg2', 'count'): 695.866, ('mrg2', 'scan'): 695.903, ('mrg2', 'merge'): 695.958, ('mrg2', 'final'): 695.994, ('mrg2', 'compact'): 696.027, ('mrg2', 'pack'): 696.047, ('mrg2', 'd2h'): 696.096, ('mrg3', 'start'): 696.192, ('mrg3', 'h2d'): 696.278, ('mrg3', 'count'): 696.337, ('mrg3', 'scan'): 696.39, ('mrg3', 'merge'): 696.451, ('mrg3', 'pack'): 696.471, ('mrg3', 'd2h'): 696.52}",7.620363961905241,0.2318048004060983
Extremely sparse,bcsstm11,1473,1473,0.0678886625933469,1473,1473,1473,1473,1473,0.0,,0.057999999999992724,0.1690000000000964,0.057999999999992724,0.025999999999953616,0.28500000000008185,0.511,,,,,0.437,0.378,0.335,0.299,,0.30600000000004,0.2479999999999336,0.18600000000003547,0.15800000000001546,0.12400000000002365,"{('cu', 'start'): 640.405, ('cu', 'h2dmalloc'): 640.475, ('cu', 'h2d'): 640.502, ('cu', 'workest'): 640.56, ('cu', 'compute'): 640.729, ('cu', 'copy'): 640.787, ('cu', 'pack'): 640.808, ('cu', 'd2h'): 640.834, ('gust', 'start'): 640.925, ('gust', 'h2d'): 641.004, ('gust', 'count'): 641.025, ('gust', 'scan'): 641.064, ('gust', 'expand'): 641.087, ('gust', 'sort'): 641.138, ('gust', 'reduce'): 641.175, ('gust', 'final'): 641.232, ('gust', 'pack'): 641.252, ('gust', 'd2h'): 641.263, ('merge', 'start'): 641.37, ('merge', 'h2d'): 641.466, ('merge', 'count'): 641.487, ('merge', 'scan'): 641.526, ('merge', 'expand'): 641.548, ('merge', 'merge'): 641.567, ('merge', 'final'): 641.605, ('merge', 'compact'): 641.632, ('merge', 'pack'): 641.652, ('merge', 'd2h'): 641.662, ('mrg2', 'start'): 641.754, ('mrg2', 'h2d'): 641.837, ('mrg2', 'count'): 641.858, ('mrg2', 'scan'): 641.893, ('mrg2', 'merge'): 641.917, ('mrg2', 'final'): 641.95, ('mrg2', 'compact'): 641.975, ('mrg2', 'pack'): 641.995, ('mrg2', 'd2h'): 642.006, ('mrg3', 'start'): 642.095, ('mrg3', 'h2d'): 642.175, ('mrg3', 'count'): 642.204, ('mrg3', 'scan'): 642.254, ('mrg3', 'merge'): 642.282, ('mrg3', 'pack'): 642.299, ('mrg3', 'd2h'): 642.31}",0.2223190385848283,0.1412704007932916
Extremely sparse,bcsstm26,1922,1922,0.052029136316337155,1922,1922,1922,1922,1922,0.0,,0.05599999999992633,0.16700000000003,0.05999999999994543,0.026000000000067303,0.2829999999999018,0.508,,,,,0.456,0.381,0.35,0.312,,0.3069999999999027,0.25099999999997635,0.18600000000003547,0.16499999999996362,0.12800000000004275,"{('cu', 'start'): 672.839, ('cu', 'h2dmalloc'): 672.9, ('cu', 'h2d'): 672.926, ('cu', 'workest'): 672.982, ('cu', 'compute'): 673.149, ('cu', 'copy'): 673.209, ('cu', 'pack'): 673.233, ('cu', 'd2h'): 673.259, ('gust', 'start'): 673.354, ('gust', 'h2d'): 673.446, ('gust', 'count'): 673.468, ('gust', 'scan'): 673.506, ('gust', 'expand'): 673.531, ('gust', 'sort'): 673.58, ('gust', 'reduce'): 673.621, ('gust', 'final'): 673.678, ('gust', 'pack'): 673.697, ('gust', 'd2h'): 673.709, ('merge', 'start'): 673.816, ('merge', 'h2d'): 673.9, ('merge', 'count'): 673.922, ('merge', 'scan'): 673.958, ('merge', 'expand'): 673.982, ('merge', 'merge'): 674.003, ('merge', 'final'): 674.042, ('merge', 'compact'): 674.068, ('merge', 'pack'): 674.086, ('merge', 'd2h'): 674.097, ('mrg2', 'start'): 674.203, ('mrg2', 'h2d'): 674.292, ('mrg2', 'count'): 674.314, ('mrg2', 'scan'): 674.351, ('mrg2', 'merge'): 674.38, ('mrg2', 'final'): 674.413, ('mrg2', 'compact'): 674.439, ('mrg2', 'pack'): 674.457, ('mrg2', 'd2h'): 674.469, ('mrg3', 'start'): 674.56, ('mrg3', 'h2d'): 674.646, ('mrg3', 'count'): 674.676, ('mrg3', 'scan'): 674.727, ('mrg3', 'merge'): 674.757, ('mrg3', 'pack'): 674.774, ('mrg3', 'd2h'): 674.786}",0.505893025547266,0.1746080002980306
Extremely sparse,bcsstm23,3134,3134,0.031908104658583285,3134,3134,3134,3134,3134,0.0,,0.06400000000007822,0.18200000000001637,0.06399999999996453,0.029999999999972715,0.3100000000000591,0.551,,,,,0.542,0.423,0.369,0.338,,0.33400000000006,0.32799999999997453,0.2259999999999991,0.17799999999999727,0.14800000000002456,"{('cu', 'start'): 672.41, ('cu', 'h2dmalloc'): 672.475, ('cu', 'h2d'): 672.492, ('cu', 'workest'): 672.556, ('cu', 'compute'): 672.738, ('cu', 'copy'): 672.802, ('cu', 'pack'): 672.826, ('cu', 'd2h'): 672.856, ('gust', 'start'): 672.966, ('gust', 'h2d'): 673.052, ('gust', 'count'): 673.076, ('gust', 'scan'): 673.116, ('gust', 'expand'): 673.144, ('gust', 'sort'): 673.259, ('gust', 'reduce'): 673.305, ('gust', 'final'): 673.361, ('gust', 'pack'): 673.38, ('gust', 'd2h'): 673.392, ('merge', 'start'): 673.516, ('merge', 'h2d'): 673.596, ('merge', 'count'): 673.623, ('merge', 'scan'): 673.663, ('merge', 'expand'): 673.696, ('merge', 'merge'): 673.72, ('merge', 'final'): 673.762, ('merge', 'compact'): 673.791, ('merge', 'pack'): 673.822, ('merge', 'd2h'): 673.837, ('mrg2', 'start'): 673.946, ('mrg2', 'h2d'): 674.024, ('mrg2', 'count'): 674.049, ('mrg2', 'scan'): 674.087, ('mrg2', 'merge'): 674.119, ('mrg2', 'final'): 674.154, ('mrg2', 'compact'): 674.181, ('mrg2', 'pack'): 674.202, ('mrg2', 'd2h'): 674.215, ('mrg3', 'start'): 674.322, ('mrg3', 'h2d'): 674.398, ('mrg3', 'count'): 674.436, ('mrg3', 'scan'): 674.491, ('mrg3', 'merge'): 674.527, ('mrg3', 'pack'): 674.546, ('mrg3', 'd2h'): 674.56}",1.799254911020398,0.1754751994274556
Extremely sparse,bcsstm24,3562,3562,0.028074115665356544,3562,3562,3562,3562,3562,0.0,,0.05700000000001637,0.18500000000005912,0.06099999999992178,0.02800000000002001,0.30299999999999727,0.515,,,,,0.509,0.39,0.339,0.323,,0.3229999999999791,0.3170000000000073,0.21000000000003638,0.16600000000005366,0.1510000000000673,"{('cu', 'start'): 671.129, ('cu', 'h2dmalloc'): 671.19, ('cu', 'h2d'): 671.208, ('cu', 'workest'): 671.265, ('cu', 'compute'): 671.45, ('cu', 'copy'): 671.511, ('cu', 'pack'): 671.531, ('cu', 'd2h'): 671.559, ('gust', 'start'): 671.652, ('gust', 'h2d'): 671.733, ('gust', 'count'): 671.754, ('gust', 'scan'): 671.793, ('gust', 'expand'): 671.818, ('gust', 'sort'): 671.931, ('gust', 'reduce'): 671.973, ('gust', 'final'): 672.029, ('gust', 'pack'): 672.05, ('gust', 'd2h'): 672.063, ('merge', 'start'): 672.167, ('merge', 'h2d'): 672.247, ('merge', 'count'): 672.277, ('merge', 'scan'): 672.316, ('merge', 'expand'): 672.34, ('merge', 'merge'): 672.362, ('merge', 'final'): 672.401, ('merge', 'compact'): 672.439, ('merge', 'pack'): 672.457, ('merge', 'd2h'): 672.47, ('mrg2', 'start'): 672.563, ('mrg2', 'h2d'): 672.64, ('mrg2', 'count'): 672.663, ('mrg2', 'scan'): 672.7, ('mrg2', 'merge'): 672.726, ('mrg2', 'final'): 672.76, ('mrg2', 'compact'): 672.786, ('mrg2', 'pack'): 672.806, ('mrg2', 'd2h'): 672.82, ('mrg3', 'start'): 672.908, ('mrg3', 'h2d'): 672.983, ('mrg3', 'count'): 673.021, ('mrg3', 'scan'): 673.077, ('mrg3', 'merge'): 673.113, ('mrg3', 'pack'): 673.134, ('mrg3', 'd2h'): 673.147}",2.6030661538243294,0.1759264009771868
Extremely sparse,bcsstm21,3600,3600,0.027777777777777776,3600,3600,3600,3600,3600,0.0,,0.06700000000000728,0.17700000000002092,0.06200000000001182,0.028999999999996362,0.30600000000004,0.537,,,,,0.575,0.409,0.376,0.364,,0.3269999999999982,0.3590000000000373,0.21199999999998909,0.18600000000003547,0.1650000000000773,"{('cu', 'start'): 641.812, ('cu', 'h2dmalloc'): 641.881, ('cu', 'h2d'): 641.9, ('cu', 'workest'): 641.967, ('cu', 'compute'): 642.144, ('cu', 'copy'): 642.206, ('cu', 'pack'): 642.227, ('cu', 'd2h'): 642.256, ('gust', 'start'): 642.357, ('gust', 'h2d'): 642.443, ('gust', 'count'): 642.471, ('gust', 'scan'): 642.514, ('gust', 'expand'): 642.544, ('gust', 'sort'): 642.66, ('gust', 'reduce'): 642.707, ('gust', 'final'): 642.772, ('gust', 'pack'): 642.802, ('gust', 'd2h'): 642.818, ('merge', 'start'): 642.941, ('merge', 'h2d'): 643.028, ('merge', 'count'): 643.059, ('merge', 'scan'): 643.1, ('merge', 'expand'): 643.128, ('merge', 'merge'): 643.151, ('merge', 'final'): 643.192, ('merge', 'compact'): 643.221, ('merge', 'pack'): 643.24, ('merge', 'd2h'): 643.254, ('mrg2', 'start'): 643.355, ('mrg2', 'h2d'): 643.438, ('mrg2', 'count'): 643.468, ('mrg2', 'scan'): 643.507, ('mrg2', 'merge'): 643.537, ('mrg2', 'final'): 643.572, ('mrg2', 'compact'): 643.604, ('mrg2', 'pack'): 643.624, ('mrg2', 'd2h'): 643.638, ('mrg3', 'start'): 643.738, ('mrg3', 'h2d'): 643.828, ('mrg3', 'count'): 643.871, ('mrg3', 'scan'): 643.933, ('mrg3', 'merge'): 643.969, ('mrg3', 'pack'): 643.993, ('mrg3', 'd2h'): 644.007}",2.703153993934393,0.1730175996897742
Extremely sparse,bcsstm25,15439,15439,0.006477103439341926,15439,15439,15439,15439,15439,0.0,,0.05599999999992633,0.17300000000000182,0.06000000000005912,0.03999999999996362,0.28899999999998727,0.529,,,,,0.572,0.476,0.396,0.447,,0.3079999999999927,0.35800000000006094,0.25899999999990087,0.19499999999993634,0.24900000000002365,"{('cu', 'start'): 683.662, ('cu', 'h2dmalloc'): 683.722, ('cu', 'h2d'): 683.754, ('cu', 'workest'): 683.81, ('cu', 'compute'): 683.983, ('cu', 'copy'): 684.043, ('cu', 'pack'): 684.062, ('cu', 'd2h'): 684.102, ('gust', 'start'): 684.2, ('gust', 'h2d'): 684.295, ('gust', 'count'): 684.318, ('gust', 'scan'): 684.357, ('gust', 'expand'): 684.398, ('gust', 'sort'): 684.529, ('gust', 'reduce'): 684.572, ('gust', 'final'): 684.626, ('gust', 'pack'): 684.653, ('gust', 'd2h'): 684.679, ('merge', 'start'): 684.777, ('merge', 'h2d'): 684.868, ('merge', 'count'): 684.929, ('merge', 'scan'): 684.967, ('merge', 'expand'): 684.998, ('merge', 'merge'): 685.029, ('merge', 'final'): 685.068, ('merge', 'compact'): 685.106, ('merge', 'pack'): 685.127, ('merge', 'd2h'): 685.153, ('mrg2', 'start'): 685.259, ('mrg2', 'h2d'): 685.349, ('mrg2', 'count'): 685.38, ('mrg2', 'scan'): 685.418, ('mrg2', 'merge'): 685.452, ('mrg2', 'final'): 685.487, ('mrg2', 'compact'): 685.524, ('mrg2', 'pack'): 685.544, ('mrg2', 'd2h'): 685.569, ('mrg3', 'start'): 685.661, ('mrg3', 'h2d'): 685.749, ('mrg3', 'count'): 685.841, ('mrg3', 'scan'): 685.895, ('mrg3', 'merge'): 685.977, ('mrg3', 'pack'): 685.998, ('mrg3', 'd2h'): 686.024}",177.74743493646383,0.1869696012698113
