class,name,n,A_nnz,density_pct,cu_cnnz,man_cnnz,merge_cnnz,merge2_cnnz,cnnz_gap_pct,buf2,cu_we,cu_compute,cu_copy,cu_d2h,cu_kernel,cu_time,cu_write,man_count,man_fill,man_kernel,man_time,merge_time,merge2_time,man_write,cu_compute_t,man_compute_t,merge_compute_t,merge2_compute_t,phases,cublas_ms,ocean_ms
Dense,bcsstk02,66,4356,100.0,4356,4356,4356,4356,0.0,,0.05899999999996908,0.22400000000004638,0.05299999999999727,0.1150000000000091,0.33600000000001273,0.659,,,,,1.154,1.953,0.606,,0.36000000000001364,0.8699999999998909,1.7539999999999054,0.4189999999999827,"{('cu', 'start'): 684.224, ('cu', 'h2dmalloc'): 684.289, ('cu', 'h2d'): 684.316, ('cu', 'workest'): 684.375, ('cu', 'compute'): 684.599, ('cu', 'copy'): 684.652, ('cu', 'pack'): 684.676, ('cu', 'd2h'): 684.791, ('gust', 'start'): 684.9, ('gust', 'h2d'): 684.988, ('gust', 'count'): 685.015, ('gust', 'scan'): 685.058, ('gust', 'expand'): 685.167, ('gust', 'sort'): 685.448, ('gust', 'reduce'): 685.617, ('gust', 'final'): 685.832, ('gust', 'pack'): 685.858, ('gust', 'd2h'): 685.87, ('merge', 'start'): 686.076, ('merge', 'h2d'): 686.157, ('merge', 'count'): 686.186, ('merge', 'scan'): 686.226, ('merge', 'expand'): 686.697, ('merge', 'merge'): 687.589, ('merge', 'final'): 687.716, ('merge', 'compact'): 687.885, ('merge', 'pack'): 687.911, ('merge', 'd2h'): 687.924, ('mrg2', 'start'): 688.036, ('mrg2', 'h2d'): 688.114, ('mrg2', 'count'): 688.149, ('mrg2', 'scan'): 688.191, ('mrg2', 'merge'): 688.373, ('mrg2', 'final'): 688.414, ('mrg2', 'compact'): 688.513, ('mrg2', 'pack'): 688.533, ('mrg2', 'd2h'): 688.546}",0.0391079811379313,0.7969088027486578
Dense,can_24,24,160,27.77777777777778,336,336,336,336,0.0,,0.05899999999996908,0.15400000000011005,0.05599999999992633,0.024999999999977263,0.26900000000000546,0.483,,,,,0.444,0.418,0.361,,0.2880000000000109,0.25900000000001455,0.22100000000000364,0.17899999999997362,"{('cu', 'start'): 680.625, ('cu', 'h2dmalloc'): 680.69, ('cu', 'h2d'): 680.703, ('cu', 'workest'): 680.762, ('cu', 'compute'): 680.916, ('cu', 'copy'): 680.972, ('cu', 'pack'): 680.991, ('cu', 'd2h'): 681.016, ('gust', 'start'): 681.12, ('gust', 'h2d'): 681.196, ('gust', 'count'): 681.219, ('gust', 'scan'): 681.258, ('gust', 'expand'): 681.284, ('gust', 'sort'): 681.331, ('gust', 'reduce'): 681.377, ('gust', 'final'): 681.434, ('gust', 'pack'): 681.455, ('gust', 'd2h'): 681.466, ('merge', 'start'): 681.573, ('merge', 'h2d'): 681.656, ('merge', 'count'): 681.677, ('merge', 'scan'): 681.715, ('merge', 'expand'): 681.743, ('merge', 'merge'): 681.792, ('merge', 'final'): 681.834, ('merge', 'compact'): 681.858, ('merge', 'pack'): 681.877, ('merge', 'd2h'): 681.888, ('mrg2', 'start'): 682.0, ('mrg2', 'h2d'): 682.072, ('mrg2', 'count'): 682.091, ('mrg2', 'scan'): 682.129, ('mrg2', 'merge'): 682.163, ('mrg2', 'final'): 682.199, ('mrg2', 'compact'): 682.231, ('mrg2', 'pack'): 682.251, ('mrg2', 'd2h'): 682.262}",0.0402280129492282,0.2041696011554449
Dense,bcsstk04,132,3648,20.9366391184573,11968,11968,11968,11968,0.0,,0.06199999999989814,0.25499999999999545,0.06400000000007822,0.1190000000000282,0.3809999999999718,0.704,,,,,0.862,1.316,0.52,,0.4009999999999536,0.6689999999999827,1.1240000000000236,0.30700000000001637,"{('cu', 'start'): 692.994, ('cu', 'h2dmalloc'): 693.061, ('cu', 'h2d'): 693.089, ('cu', 'workest'): 693.151, ('cu', 'compute'): 693.406, ('cu', 'copy'): 693.47, ('cu', 'pack'): 693.49, ('cu', 'd2h'): 693.609, ('gust', 'start'): 693.71, ('gust', 'h2d'): 693.789, ('gust', 'count'): 693.814, ('gust', 'scan'): 693.856, ('gust', 'expand'): 693.898, ('gust', 'sort'): 694.188, ('gust', 'reduce'): 694.299, ('gust', 'final'): 694.432, ('gust', 'pack'): 694.458, ('gust', 'd2h'): 694.476, ('merge', 'start'): 694.585, ('merge', 'h2d'): 694.661, ('merge', 'count'): 694.687, ('merge', 'scan'): 694.728, ('merge', 'expand'): 694.9, ('merge', 'merge'): 695.614, ('merge', 'final'): 695.661, ('merge', 'compact'): 695.761, ('merge', 'pack'): 695.785, ('merge', 'd2h'): 695.804, ('mrg2', 'start'): 695.92, ('mrg2', 'h2d'): 695.997, ('mrg2', 'count'): 696.022, ('mrg2', 'scan'): 696.064, ('mrg2', 'merge'): 696.222, ('mrg2', 'final'): 696.262, ('mrg2', 'compact'): 696.284, ('mrg2', 'pack'): 696.304, ('mrg2', 'd2h'): 696.322}",0.0416849507018923,0.522943999315612
Dense,bcsstk01,48,400,17.36111111111111,1292,1292,1292,1292,0.0,,0.057999999999992724,0.1750000000000682,0.06100000000003547,0.029999999999972715,0.2940000000000964,0.55,,,,,0.556,0.497,0.421,,0.3180000000000973,0.34399999999993724,0.2820000000000391,0.21199999999998909,"{('cu', 'start'): 707.695, ('cu', 'h2dmalloc'): 707.759, ('cu', 'h2d'): 707.776, ('cu', 'workest'): 707.834, ('cu', 'compute'): 708.009, ('cu', 'copy'): 708.07, ('cu', 'pack'): 708.094, ('cu', 'd2h'): 708.124, ('gust', 'start'): 708.262, ('gust', 'h2d'): 708.35, ('gust', 'count'): 708.378, ('gust', 'scan'): 708.42, ('gust', 'expand'): 708.456, ('gust', 'sort'): 708.575, ('gust', 'reduce'): 708.62, ('gust', 'final'): 708.675, ('gust', 'pack'): 708.694, ('gust', 'd2h'): 708.705, ('merge', 'start'): 708.83, ('merge', 'h2d'): 708.914, ('merge', 'count'): 708.937, ('merge', 'scan'): 708.977, ('merge', 'expand'): 709.028, ('merge', 'merge'): 709.103, ('merge', 'final'): 709.149, ('merge', 'compact'): 709.177, ('merge', 'pack'): 709.196, ('merge', 'd2h'): 709.209, ('mrg2', 'start'): 709.34, ('mrg2', 'h2d'): 709.422, ('mrg2', 'count'): 709.445, ('mrg2', 'scan'): 709.483, ('mrg2', 'merge'): 709.539, ('mrg2', 'final'): 709.588, ('mrg2', 'compact'): 709.615, ('mrg2', 'pack'): 709.634, ('mrg2', 'd2h'): 709.647}",0.0492099206894636,0.2910847991472109
Dense,can_61,61,557,14.969094329481322,1793,1793,1793,1793,0.0,,0.06100000000003547,0.17899999999997362,0.057999999999992724,0.024999999999977263,0.2980000000000018,0.54,,,,,0.566,0.574,0.443,,0.3210000000000264,0.34699999999998,0.3690000000000282,0.23299999999994725,"{('cu', 'start'): 668.98, ('cu', 'h2dmalloc'): 669.052, ('cu', 'h2d'): 669.069, ('cu', 'workest'): 669.13, ('cu', 'compute'): 669.309, ('cu', 'copy'): 669.367, ('cu', 'pack'): 669.39, ('cu', 'd2h'): 669.415, ('gust', 'start'): 669.534, ('gust', 'h2d'): 669.621, ('gust', 'count'): 669.646, ('gust', 'scan'): 669.687, ('gust', 'expand'): 669.713, ('gust', 'sort'): 669.827, ('gust', 'reduce'): 669.879, ('gust', 'final'): 669.943, ('gust', 'pack'): 669.968, ('gust', 'd2h'): 669.979, ('merge', 'start'): 670.112, ('merge', 'h2d'): 670.197, ('merge', 'count'): 670.221, ('merge', 'scan'): 670.264, ('merge', 'expand'): 670.315, ('merge', 'merge'): 670.472, ('merge', 'final'): 670.516, ('merge', 'compact'): 670.547, ('merge', 'pack'): 670.566, ('merge', 'd2h'): 670.577, ('mrg2', 'start'): 670.697, ('mrg2', 'h2d'): 670.782, ('mrg2', 'count'): 670.806, ('mrg2', 'scan'): 670.846, ('mrg2', 'merge'): 670.919, ('mrg2', 'final'): 670.97, ('mrg2', 'compact'): 670.996, ('mrg2', 'pack'): 671.015, ('mrg2', 'd2h'): 671.027}",0.038409954868257,0.3305792000610381
Dense,bcsstk05,153,2423,10.350719808620616,7245,7245,7245,7245,0.0,,0.06700000000000728,0.19100000000003092,0.06599999999991724,0.036999999999920874,0.32399999999995543,0.597,,,,,0.613,0.651,0.475,,0.35000000000002274,0.3830000000000382,0.41800000000000637,0.24700000000007094,"{('cu', 'start'): 690.942, ('cu', 'h2dmalloc'): 691.009, ('cu', 'h2d'): 691.033, ('cu', 'workest'): 691.1, ('cu', 'compute'): 691.291, ('cu', 'copy'): 691.357, ('cu', 'pack'): 691.383, ('cu', 'd2h'): 691.42, ('gust', 'start'): 691.553, ('gust', 'h2d'): 691.65, ('gust', 'count'): 691.677, ('gust', 'scan'): 691.726, ('gust', 'expand'): 691.762, ('gust', 'sort'): 691.897, ('gust', 'reduce'): 691.948, ('gust', 'final'): 692.009, ('gust', 'pack'): 692.033, ('gust', 'd2h'): 692.05, ('merge', 'start'): 692.182, ('merge', 'h2d'): 692.284, ('merge', 'count'): 692.311, ('merge', 'scan'): 692.354, ('merge', 'expand'): 692.424, ('merge', 'merge'): 692.605, ('merge', 'final'): 692.65, ('merge', 'compact'): 692.679, ('merge', 'pack'): 692.702, ('merge', 'd2h'): 692.719, ('mrg2', 'start'): 692.846, ('mrg2', 'h2d'): 692.934, ('mrg2', 'count'): 692.96, ('mrg2', 'scan'): 693.004, ('mrg2', 'merge'): 693.089, ('mrg2', 'final'): 693.131, ('mrg2', 'compact'): 693.158, ('mrg2', 'pack'): 693.181, ('mrg2', 'd2h'): 693.198}",0.0356830423697829,0.3470239985967054
Mildly sparse,bcspwr01,39,131,8.61275476660092,275,275,275,275,0.0,,0.05999999999994543,0.16600000000005366,0.057999999999992724,0.027000000000043656,0.2839999999999918,0.512,,,,,0.464,0.419,0.388,,0.3069999999999027,0.2659999999999627,0.22400000000004638,0.18899999999996453,"{('cu', 'start'): 687.991, ('cu', 'h2dmalloc'): 688.054, ('cu', 'h2d'): 688.07, ('cu', 'workest'): 688.13, ('cu', 'compute'): 688.296, ('cu', 'copy'): 688.354, ('cu', 'pack'): 688.377, ('cu', 'd2h'): 688.404, ('gust', 'start'): 688.521, ('gust', 'h2d'): 688.604, ('gust', 'count'): 688.63, ('gust', 'scan'): 688.672, ('gust', 'expand'): 688.696, ('gust', 'sort'): 688.743, ('gust', 'reduce'): 688.789, ('gust', 'final'): 688.847, ('gust', 'pack'): 688.87, ('gust', 'd2h'): 688.88, ('merge', 'start'): 688.998, ('merge', 'h2d'): 689.078, ('merge', 'count'): 689.102, ('merge', 'scan'): 689.14, ('merge', 'expand'): 689.179, ('merge', 'merge'): 689.212, ('merge', 'final'): 689.253, ('merge', 'compact'): 689.283, ('merge', 'pack'): 689.302, ('merge', 'd2h'): 689.314, ('mrg2', 'start'): 689.427, ('mrg2', 'h2d'): 689.504, ('mrg2', 'count'): 689.527, ('mrg2', 'scan'): 689.567, ('mrg2', 'merge'): 689.601, ('mrg2', 'final'): 689.636, ('mrg2', 'compact'): 689.674, ('mrg2', 'pack'): 689.693, ('mrg2', 'd2h'): 689.704}",0.0379289267584681,0.1621375995455309
Mildly sparse,can_96,96,768,8.333333333333332,1920,1920,1920,1920,0.0,,0.07100000000002638,0.16399999999998727,0.05999999999994543,0.025999999999953616,0.2949999999999591,0.553,,,,,0.555,0.448,0.417,,0.3160000000000309,0.3369999999999891,0.23699999999996635,0.20400000000006457,"{('cu', 'start'): 674.134, ('cu', 'h2dmalloc'): 674.217, ('cu', 'h2d'): 674.24, ('cu', 'workest'): 674.311, ('cu', 'compute'): 674.475, ('cu', 'copy'): 674.535, ('cu', 'pack'): 674.556, ('cu', 'd2h'): 674.582, ('gust', 'start'): 674.704, ('gust', 'h2d'): 674.804, ('gust', 'count'): 674.829, ('gust', 'scan'): 674.871, ('gust', 'expand'): 674.895, ('gust', 'sort'): 675.019, ('gust', 'reduce'): 675.065, ('gust', 'final'): 675.12, ('gust', 'pack'): 675.141, ('gust', 'd2h'): 675.151, ('merge', 'start'): 675.271, ('merge', 'h2d'): 675.369, ('merge', 'count'): 675.394, ('merge', 'scan'): 675.435, ('merge', 'expand'): 675.467, ('merge', 'merge'): 675.521, ('merge', 'final'): 675.562, ('merge', 'compact'): 675.588, ('merge', 'pack'): 675.606, ('merge', 'd2h'): 675.617, ('mrg2', 'start'): 675.733, ('mrg2', 'h2d'): 675.828, ('mrg2', 'count'): 675.852, ('mrg2', 'scan'): 675.891, ('mrg2', 'merge'): 675.941, ('mrg2', 'final'): 675.989, ('mrg2', 'compact'): 676.013, ('mrg2', 'pack'): 676.032, ('mrg2', 'd2h'): 676.043}",0.0500209862366318,0.3250879995059221
Mildly sparse,arc130,130,1282,7.585798816568047,15631,15631,15631,15631,0.0,,0.06299999999998818,0.19700000000000273,0.057999999999992724,0.033999999999991815,0.31799999999998363,0.574,,,,,0.596,1.746,0.571,,0.3369999999999891,0.38200000000006185,1.5349999999999682,0.3590000000000373,"{('cu', 'start'): 677.779, ('cu', 'h2dmalloc'): 677.852, ('cu', 'h2d'): 677.873, ('cu', 'workest'): 677.936, ('cu', 'compute'): 678.133, ('cu', 'copy'): 678.191, ('cu', 'pack'): 678.21, ('cu', 'd2h'): 678.244, ('gust', 'start'): 678.372, ('gust', 'h2d'): 678.457, ('gust', 'count'): 678.484, ('gust', 'scan'): 678.526, ('gust', 'expand'): 678.573, ('gust', 'sort'): 678.704, ('gust', 'reduce'): 678.751, ('gust', 'final'): 678.82, ('gust', 'pack'): 678.839, ('gust', 'd2h'): 678.86, ('merge', 'start'): 678.976, ('merge', 'h2d'): 679.057, ('merge', 'count'): 679.084, ('merge', 'scan'): 679.121, ('merge', 'expand'): 679.263, ('merge', 'merge'): 680.506, ('merge', 'final'): 680.55, ('merge', 'compact'): 680.574, ('merge', 'pack'): 680.592, ('merge', 'd2h'): 680.612, ('mrg2', 'start'): 680.733, ('mrg2', 'h2d'): 680.824, ('mrg2', 'count'): 680.857, ('mrg2', 'scan'): 680.894, ('mrg2', 'merge'): 681.103, ('mrg2', 'final'): 681.143, ('mrg2', 'compact'): 681.165, ('mrg2', 'pack'): 681.183, ('mrg2', 'd2h'): 681.203}",0.0509649980813264,0.3775520004332066
Mildly sparse,ash85,85,523,7.2387543252595155,1317,1317,1317,1317,0.0,,0.06200000000001182,0.17099999999993543,0.07300000000009277,0.03200000000003911,0.30600000000004,0.54,,,,,0.55,0.442,0.402,,0.3289999999999509,0.34199999999998454,0.2440000000000282,0.19600000000002638,"{('cu', 'start'): 683.201, ('cu', 'h2dmalloc'): 683.264, ('cu', 'h2d'): 683.283, ('cu', 'workest'): 683.345, ('cu', 'compute'): 683.516, ('cu', 'copy'): 683.589, ('cu', 'pack'): 683.612, ('cu', 'd2h'): 683.644, ('gust', 'start'): 683.76, ('gust', 'h2d'): 683.851, ('gust', 'count'): 683.875, ('gust', 'scan'): 683.919, ('gust', 'expand'): 683.946, ('gust', 'sort'): 684.06, ('gust', 'reduce'): 684.107, ('gust', 'final'): 684.169, ('gust', 'pack'): 684.193, ('gust', 'd2h'): 684.205, ('merge', 'start'): 684.329, ('merge', 'h2d'): 684.411, ('merge', 'count'): 684.435, ('merge', 'scan'): 684.475, ('merge', 'expand'): 684.507, ('merge', 'merge'): 684.562, ('merge', 'final'): 684.606, ('merge', 'compact'): 684.634, ('merge', 'pack'): 684.655, ('merge', 'd2h'): 684.667, ('mrg2', 'start'): 684.781, ('mrg2', 'h2d'): 684.869, ('mrg2', 'count'): 684.894, ('mrg2', 'scan'): 684.934, ('mrg2', 'merge'): 684.973, ('mrg2', 'final'): 685.01, ('mrg2', 'compact'): 685.045, ('mrg2', 'pack'): 685.065, ('mrg2', 'd2h'): 685.077}",0.0494340201839804,0.206460799393244
Mildly sparse,can_73,73,377,7.0744980296490905,1377,1377,1377,1377,0.0,,0.056999999999902684,0.17000000000007276,0.05599999999992633,0.025999999999953616,0.2829999999999018,0.502,,,,,0.454,0.461,0.416,,0.3039999999999736,0.2559999999999718,0.2400000000000091,0.19500000000005002,"{('cu', 'start'): 673.65, ('cu', 'h2dmalloc'): 673.715, ('cu', 'h2d'): 673.729, ('cu', 'workest'): 673.786, ('cu', 'compute'): 673.956, ('cu', 'copy'): 674.012, ('cu', 'pack'): 674.033, ('cu', 'd2h'): 674.059, ('gust', 'start'): 674.166, ('gust', 'h2d'): 674.245, ('gust', 'count'): 674.267, ('gust', 'scan'): 674.307, ('gust', 'expand'): 674.332, ('gust', 'sort'): 674.382, ('gust', 'reduce'): 674.424, ('gust', 'final'): 674.481, ('gust', 'pack'): 674.501, ('gust', 'd2h'): 674.519, ('merge', 'start'): 674.638, ('merge', 'h2d'): 674.742, ('merge', 'count'): 674.768, ('merge', 'scan'): 674.812, ('merge', 'expand'): 674.843, ('merge', 'merge'): 674.897, ('merge', 'final'): 674.936, ('merge', 'compact'): 674.962, ('merge', 'pack'): 674.982, ('merge', 'd2h'): 674.993, ('mrg2', 'start'): 675.114, ('mrg2', 'h2d'): 675.209, ('mrg2', 'count'): 675.233, ('mrg2', 'scan'): 675.274, ('mrg2', 'merge'): 675.318, ('mrg2', 'final'): 675.354, ('mrg2', 'compact'): 675.385, ('mrg2', 'pack'): 675.404, ('mrg2', 'd2h'): 675.415}",0.0494749983772635,0.2090912010986357
Mildly sparse,bcspwr02,49,167,6.9554352353186175,403,403,403,403,0.0,,0.05599999999992633,0.16200000000003456,0.057999999999992724,0.029999999999972715,0.2759999999999536,0.509,,,,,0.46,0.422,0.384,,0.29899999999997817,0.26499999999998636,0.22500000000002274,0.18600000000003547,"{('cu', 'start'): 666.771, ('cu', 'h2dmalloc'): 666.835, ('cu', 'h2d'): 666.85, ('cu', 'workest'): 666.906, ('cu', 'compute'): 667.068, ('cu', 'copy'): 667.126, ('cu', 'pack'): 667.149, ('cu', 'd2h'): 667.179, ('gust', 'start'): 667.295, ('gust', 'h2d'): 667.376, ('gust', 'count'): 667.4, ('gust', 'scan'): 667.441, ('gust', 'expand'): 667.467, ('gust', 'sort'): 667.516, ('gust', 'reduce'): 667.559, ('gust', 'final'): 667.618, ('gust', 'pack'): 667.641, ('gust', 'd2h'): 667.652, ('merge', 'start'): 667.774, ('merge', 'h2d'): 667.852, ('merge', 'count'): 667.874, ('merge', 'scan'): 667.913, ('merge', 'expand'): 667.942, ('merge', 'merge'): 667.98, ('merge', 'final'): 668.024, ('merge', 'compact'): 668.058, ('merge', 'pack'): 668.077, ('merge', 'd2h'): 668.088, ('mrg2', 'start'): 668.205, ('mrg2', 'h2d'): 668.285, ('mrg2', 'count'): 668.307, ('mrg2', 'scan'): 668.347, ('mrg2', 'merge'): 668.381, ('mrg2', 'final'): 668.418, ('mrg2', 'compact'): 668.45, ('mrg2', 'pack'): 668.471, ('mrg2', 'd2h'): 668.484}",0.0492989784106612,0.201817599684
Mildly sparse,can_144,144,1296,6.25,3456,3456,3456,3456,0.0,,0.05899999999996908,0.18100000000004002,0.06000000000005912,0.025999999999953616,0.3000000000000682,0.551,,,,,0.572,0.489,0.404,,0.32600000000002183,0.3350000000000364,0.2720000000000482,0.20100000000002183,"{('cu', 'start'): 666.898, ('cu', 'h2dmalloc'): 666.963, ('cu', 'h2d'): 666.991, ('cu', 'workest'): 667.05, ('cu', 'compute'): 667.231, ('cu', 'copy'): 667.291, ('cu', 'pack'): 667.317, ('cu', 'd2h'): 667.343, ('gust', 'start'): 667.467, ('gust', 'h2d'): 667.582, ('gust', 'count'): 667.609, ('gust', 'scan'): 667.652, ('gust', 'expand'): 667.677, ('gust', 'sort'): 667.795, ('gust', 'reduce'): 667.839, ('gust', 'final'): 667.896, ('gust', 'pack'): 667.917, ('gust', 'd2h'): 667.929, ('merge', 'start'): 668.052, ('merge', 'h2d'): 668.144, ('merge', 'count'): 668.176, ('merge', 'scan'): 668.215, ('merge', 'expand'): 668.251, ('merge', 'merge'): 668.33, ('merge', 'final'): 668.372, ('merge', 'compact'): 668.399, ('merge', 'pack'): 668.416, ('merge', 'd2h'): 668.428, ('mrg2', 'start'): 668.557, ('mrg2', 'h2d'): 668.641, ('mrg2', 'count'): 668.671, ('mrg2', 'scan'): 668.708, ('mrg2', 'merge'): 668.759, ('mrg2', 'final'): 668.798, ('mrg2', 'compact'): 668.823, ('mrg2', 'pack'): 668.842, ('mrg2', 'd2h'): 668.854}",0.0384559389203786,0.3343328005867078
Mildly sparse,can_62,62,218,5.6711758584807495,482,482,482,482,0.0,,0.05600000000004002,0.15300000000002,0.05899999999996908,0.026000000000067303,0.2680000000000291,0.492,,,,,0.463,0.41,0.387,,0.2880000000000109,0.25699999999994816,0.22000000000002728,0.19400000000007367,"{('cu', 'start'): 676.803, ('cu', 'h2dmalloc'): 676.868, ('cu', 'h2d'): 676.887, ('cu', 'workest'): 676.943, ('cu', 'compute'): 677.096, ('cu', 'copy'): 677.155, ('cu', 'pack'): 677.175, ('cu', 'd2h'): 677.201, ('gust', 'start'): 677.308, ('gust', 'h2d'): 677.397, ('gust', 'count'): 677.422, ('gust', 'scan'): 677.463, ('gust', 'expand'): 677.488, ('gust', 'sort'): 677.534, ('gust', 'reduce'): 677.577, ('gust', 'final'): 677.632, ('gust', 'pack'): 677.654, ('gust', 'd2h'): 677.665, ('merge', 'start'): 677.784, ('merge', 'h2d'): 677.861, ('merge', 'count'): 677.884, ('merge', 'scan'): 677.923, ('merge', 'expand'): 677.948, ('merge', 'merge'): 677.986, ('merge', 'final'): 678.028, ('merge', 'compact'): 678.06, ('merge', 'pack'): 678.081, ('merge', 'd2h'): 678.092, ('mrg2', 'start'): 678.204, ('mrg2', 'h2d'): 678.281, ('mrg2', 'count'): 678.306, ('mrg2', 'scan'): 678.353, ('mrg2', 'merge'): 678.387, ('mrg2', 'final'): 678.424, ('mrg2', 'compact'): 678.455, ('mrg2', 'pack'): 678.475, ('mrg2', 'd2h'): 678.486}",0.0492599792778492,0.2027776001254096
Mildly sparse,can_161,161,1377,5.31229505034528,3761,3761,3761,3761,0.0,,0.05700000000001637,0.16000000000008185,0.06499999999994088,0.02800000000002001,0.2820000000000391,0.518,,,,,0.533,0.477,0.381,,0.30299999999999727,0.3310000000000173,0.28499999999996817,0.18799999999998818,"{('cu', 'start'): 668.24, ('cu', 'h2dmalloc'): 668.304, ('cu', 'h2d'): 668.329, ('cu', 'workest'): 668.386, ('cu', 'compute'): 668.546, ('cu', 'copy'): 668.611, ('cu', 'pack'): 668.632, ('cu', 'd2h'): 668.66, ('gust', 'start'): 668.773, ('gust', 'h2d'): 668.859, ('gust', 'count'): 668.883, ('gust', 'scan'): 668.924, ('gust', 'expand'): 668.948, ('gust', 'sort'): 669.066, ('gust', 'reduce'): 669.109, ('gust', 'final'): 669.169, ('gust', 'pack'): 669.19, ('gust', 'd2h'): 669.203, ('merge', 'start'): 669.319, ('merge', 'h2d'): 669.399, ('merge', 'count'): 669.422, ('merge', 'scan'): 669.461, ('merge', 'expand'): 669.495, ('merge', 'merge'): 669.588, ('merge', 'final'): 669.64, ('merge', 'compact'): 669.664, ('merge', 'pack'): 669.684, ('merge', 'd2h'): 669.696, ('mrg2', 'start'): 669.806, ('mrg2', 'h2d'): 669.886, ('mrg2', 'count'): 669.91, ('mrg2', 'scan'): 669.947, ('mrg2', 'merge'): 669.996, ('mrg2', 'final'): 670.032, ('mrg2', 'compact'): 670.055, ('mrg2', 'pack'): 670.074, ('mrg2', 'd2h'): 670.087}",0.0515250721946358,0.33077439928893
Mildly sparse,bcsstk03,112,640,5.1020408163265305,1072,1072,1072,1072,0.0,,0.06600000000003092,0.17099999999993543,0.06100000000003547,0.028999999999996362,0.2980000000000018,0.535,,,,,0.551,0.417,0.401,,0.32200000000000273,0.3409999999998945,0.21400000000005548,0.18900000000007822,"{('cu', 'start'): 677.92, ('cu', 'h2dmalloc'): 677.986, ('cu', 'h2d'): 678.004, ('cu', 'workest'): 678.07, ('cu', 'compute'): 678.241, ('cu', 'copy'): 678.302, ('cu', 'pack'): 678.326, ('cu', 'd2h'): 678.355, ('gust', 'start'): 678.473, ('gust', 'h2d'): 678.565, ('gust', 'count'): 678.591, ('gust', 'scan'): 678.632, ('gust', 'expand'): 678.663, ('gust', 'sort'): 678.778, ('gust', 'reduce'): 678.825, ('gust', 'final'): 678.882, ('gust', 'pack'): 678.906, ('gust', 'd2h'): 678.917, ('merge', 'start'): 679.041, ('merge', 'h2d'): 679.125, ('merge', 'count'): 679.147, ('merge', 'scan'): 679.188, ('merge', 'expand'): 679.217, ('merge', 'merge'): 679.25, ('merge', 'final'): 679.291, ('merge', 'compact'): 679.32, ('merge', 'pack'): 679.339, ('merge', 'd2h'): 679.351, ('mrg2', 'start'): 679.468, ('mrg2', 'h2d'): 679.56, ('mrg2', 'count'): 679.583, ('mrg2', 'scan'): 679.622, ('mrg2', 'merge'): 679.657, ('mrg2', 'final'): 679.702, ('mrg2', 'compact'): 679.728, ('mrg2', 'pack'): 679.749, ('mrg2', 'd2h'): 679.761}",0.0513109844177961,0.1772640013135969
Mildly sparse,bcsstk06,420,7860,4.45578231292517,23660,23660,23660,23660,0.0,,0.059000000000082764,0.25499999999999545,0.05999999999994543,0.1129999999999427,0.37400000000002365,0.666,,,,,0.801,0.816,0.423,,0.3950000000000955,0.5489999999999782,0.57000000000005,0.2279999999999518,"{('cu', 'start'): 683.642, ('cu', 'h2dmalloc'): 683.705, ('cu', 'h2d'): 683.728, ('cu', 'workest'): 683.787, ('cu', 'compute'): 684.042, ('cu', 'copy'): 684.102, ('cu', 'pack'): 684.123, ('cu', 'd2h'): 684.236, ('gust', 'start'): 684.323, ('gust', 'h2d'): 684.404, ('gust', 'count'): 684.429, ('gust', 'scan'): 684.468, ('gust', 'expand'): 684.5, ('gust', 'sort'): 684.761, ('gust', 'reduce'): 684.87, ('gust', 'final'): 684.931, ('gust', 'pack'): 684.953, ('gust', 'd2h'): 684.978, ('merge', 'start'): 685.139, ('merge', 'h2d'): 685.217, ('merge', 'count'): 685.24, ('merge', 'scan'): 685.278, ('merge', 'expand'): 685.365, ('merge', 'merge'): 685.7, ('merge', 'final'): 685.743, ('merge', 'compact'): 685.769, ('merge', 'pack'): 685.787, ('merge', 'd2h'): 685.812, ('mrg2', 'start'): 685.976, ('mrg2', 'h2d'): 686.056, ('mrg2', 'count'): 686.08, ('mrg2', 'scan'): 686.118, ('mrg2', 'merge'): 686.204, ('mrg2', 'final'): 686.241, ('mrg2', 'compact'): 686.265, ('mrg2', 'pack'): 686.284, ('mrg2', 'd2h'): 686.309}",0.0382009893655777,0.3525184012716636
Mildly sparse,bcsstk07,420,7860,4.45578231292517,23660,23660,23660,23660,0.0,,0.06299999999998818,0.25900000000001455,0.06599999999991724,0.1310000000000855,0.38799999999991996,0.72,,,,,0.882,0.861,0.457,,0.4079999999999018,0.6019999999999754,0.5860000000000127,0.24699999999995725,"{('cu', 'start'): 680.41, ('cu', 'h2dmalloc'): 680.484, ('cu', 'h2d'): 680.503, ('cu', 'workest'): 680.566, ('cu', 'compute'): 680.825, ('cu', 'copy'): 680.891, ('cu', 'pack'): 680.911, ('cu', 'd2h'): 681.042, ('gust', 'start'): 681.15, ('gust', 'h2d'): 681.23, ('gust', 'count'): 681.257, ('gust', 'scan'): 681.3, ('gust', 'expand'): 681.337, ('gust', 'sort'): 681.632, ('gust', 'reduce'): 681.744, ('gust', 'final'): 681.808, ('gust', 'pack'): 681.832, ('gust', 'd2h'): 681.859, ('merge', 'start'): 682.045, ('merge', 'h2d'): 682.122, ('merge', 'count'): 682.15, ('merge', 'scan'): 682.189, ('merge', 'expand'): 682.277, ('merge', 'merge'): 682.617, ('merge', 'final'): 682.664, ('merge', 'compact'): 682.688, ('merge', 'pack'): 682.708, ('merge', 'd2h'): 682.733, ('mrg2', 'start'): 682.918, ('mrg2', 'h2d'): 682.995, ('mrg2', 'count'): 683.022, ('mrg2', 'scan'): 683.062, ('mrg2', 'merge'): 683.151, ('mrg2', 'final'): 683.191, ('mrg2', 'compact'): 683.218, ('mrg2', 'pack'): 683.242, ('mrg2', 'd2h'): 683.268}",0.0349680194631218,0.347462399653159
Mildly sparse,can_256,256,2916,4.449462890625,18568,18568,18568,18568,0.0,,0.06100000000003547,0.18599999999992178,0.057999999999992724,0.03700000000003456,0.30499999999995,0.551,,,,,0.585,2.084,0.592,,0.32399999999995543,0.3630000000000564,1.8619999999999663,0.38800000000003365,"{('cu', 'start'): 672.265, ('cu', 'h2dmalloc'): 672.331, ('cu', 'h2d'): 672.36, ('cu', 'workest'): 672.421, ('cu', 'compute'): 672.607, ('cu', 'copy'): 672.665, ('cu', 'pack'): 672.684, ('cu', 'd2h'): 672.721, ('gust', 'start'): 672.83, ('gust', 'h2d'): 672.925, ('gust', 'count'): 672.951, ('gust', 'scan'): 672.993, ('gust', 'expand'): 673.03, ('gust', 'sort'): 673.158, ('gust', 'reduce'): 673.2, ('gust', 'final'): 673.269, ('gust', 'pack'): 673.288, ('gust', 'd2h'): 673.309, ('merge', 'start'): 673.424, ('merge', 'h2d'): 673.515, ('merge', 'count'): 673.539, ('merge', 'scan'): 673.576, ('merge', 'expand'): 673.702, ('merge', 'merge'): 675.292, ('merge', 'final'): 675.335, ('merge', 'compact'): 675.359, ('merge', 'pack'): 675.377, ('merge', 'd2h'): 675.398, ('mrg2', 'start'): 675.518, ('mrg2', 'h2d'): 675.601, ('mrg2', 'count'): 675.626, ('mrg2', 'scan'): 675.663, ('mrg2', 'merge'): 675.906, ('mrg2', 'final'): 675.944, ('mrg2', 'compact'): 675.971, ('mrg2', 'pack'): 675.989, ('mrg2', 'd2h'): 676.011}",0.0495209824293851,0.3564959998941049
Mildly sparse,can_268,268,3082,4.291044776119403,15590,15590,15590,15590,0.0,,0.057999999999992724,0.18600000000003547,0.057999999999992724,0.035000000000081855,0.3020000000000209,0.535,,,,,0.551,0.903,0.473,,0.32399999999995543,0.34800000000007003,0.6920000000000073,0.2740000000000009,"{('cu', 'start'): 686.692, ('cu', 'h2dmalloc'): 686.758, ('cu', 'h2d'): 686.774, ('cu', 'workest'): 686.832, ('cu', 'compute'): 687.018, ('cu', 'copy'): 687.076, ('cu', 'pack'): 687.098, ('cu', 'd2h'): 687.133, ('gust', 'start'): 687.24, ('gust', 'h2d'): 687.319, ('gust', 'count'): 687.343, ('gust', 'scan'): 687.382, ('gust', 'expand'): 687.415, ('gust', 'sort'): 687.546, ('gust', 'reduce'): 687.591, ('gust', 'final'): 687.647, ('gust', 'pack'): 687.667, ('gust', 'd2h'): 687.687, ('merge', 'start'): 687.802, ('merge', 'h2d'): 687.881, ('merge', 'count'): 687.905, ('merge', 'scan'): 687.946, ('merge', 'expand'): 688.02, ('merge', 'merge'): 688.49, ('merge', 'final'): 688.531, ('merge', 'compact'): 688.555, ('merge', 'pack'): 688.573, ('merge', 'd2h'): 688.593, ('mrg2', 'start'): 688.715, ('mrg2', 'h2d'): 688.793, ('mrg2', 'count'): 688.816, ('mrg2', 'scan'): 688.853, ('mrg2', 'merge'): 688.987, ('mrg2', 'final'): 689.025, ('mrg2', 'compact'): 689.048, ('mrg2', 'pack'): 689.067, ('mrg2', 'd2h'): 689.086}",0.041591003537178,0.3470080013852566
Mildly sparse,can_187,187,1491,4.26377648774629,3719,3719,3719,3719,0.0,,0.05899999999996908,0.17000000000007276,0.056999999999902684,0.027000000000043656,0.2859999999999445,0.529,,,,,0.544,0.428,0.394,,0.3079999999999927,0.3300000000000409,0.2319999999999709,0.19399999999995998,"{('cu', 'start'): 683.92, ('cu', 'h2dmalloc'): 683.992, ('cu', 'h2d'): 684.014, ('cu', 'workest'): 684.073, ('cu', 'compute'): 684.243, ('cu', 'copy'): 684.3, ('cu', 'pack'): 684.322, ('cu', 'd2h'): 684.349, ('gust', 'start'): 684.462, ('gust', 'h2d'): 684.549, ('gust', 'count'): 684.573, ('gust', 'scan'): 684.615, ('gust', 'expand'): 684.638, ('gust', 'sort'): 684.755, ('gust', 'reduce'): 684.8, ('gust', 'final'): 684.858, ('gust', 'pack'): 684.879, ('gust', 'd2h'): 684.893, ('merge', 'start'): 685.018, ('merge', 'h2d'): 685.101, ('merge', 'count'): 685.124, ('merge', 'scan'): 685.162, ('merge', 'expand'): 685.195, ('merge', 'merge'): 685.247, ('merge', 'final'): 685.288, ('merge', 'compact'): 685.314, ('merge', 'pack'): 685.333, ('merge', 'd2h'): 685.346, ('mrg2', 'start'): 685.457, ('mrg2', 'h2d'): 685.542, ('mrg2', 'count'): 685.565, ('mrg2', 'scan'): 685.602, ('mrg2', 'merge'): 685.653, ('mrg2', 'final'): 685.692, ('mrg2', 'compact'): 685.716, ('mrg2', 'pack'): 685.736, ('mrg2', 'd2h'): 685.749}",0.04771095700562,0.3296095987781882
Mildly sparse,bcsstm07,420,7252,4.111111111111112,22972,22972,22972,22972,0.0,,0.07099999999991269,0.25700000000006185,0.06100000000003547,0.12400000000002365,0.38900000000001,0.704,,,,,0.851,0.825,0.436,,0.40999999999996817,0.5779999999999745,0.6219999999999573,0.23099999999999454,"{('cu', 'start'): 680.38, ('cu', 'h2dmalloc'): 680.447, ('cu', 'h2d'): 680.465, ('cu', 'workest'): 680.536, ('cu', 'compute'): 680.793, ('cu', 'copy'): 680.854, ('cu', 'pack'): 680.875, ('cu', 'd2h'): 680.999, ('gust', 'start'): 681.096, ('gust', 'h2d'): 681.176, ('gust', 'count'): 681.199, ('gust', 'scan'): 681.24, ('gust', 'expand'): 681.272, ('gust', 'sort'): 681.557, ('gust', 'reduce'): 681.668, ('gust', 'final'): 681.73, ('gust', 'pack'): 681.754, ('gust', 'd2h'): 681.779, ('merge', 'start'): 681.958, ('merge', 'h2d'): 682.037, ('merge', 'count'): 682.06, ('merge', 'scan'): 682.098, ('merge', 'expand'): 682.177, ('merge', 'merge'): 682.491, ('merge', 'final'): 682.536, ('merge', 'compact'): 682.637, ('merge', 'pack'): 682.659, ('merge', 'd2h'): 682.684, ('mrg2', 'start'): 682.794, ('mrg2', 'h2d'): 682.872, ('mrg2', 'count'): 682.894, ('mrg2', 'scan'): 682.934, ('mrg2', 'merge'): 683.02, ('mrg2', 'final'): 683.058, ('mrg2', 'compact'): 683.084, ('mrg2', 'pack'): 683.103, ('mrg2', 'd2h'): 683.129}",0.0509460223838686,0.338912000413984
Mildly sparse,bcsstk27,1224,56126,3.7462888205391085,138106,138106,138106,138106,0.0,,0.07399999999995543,0.5030000000000427,0.13599999999996726,0.2239999999999327,0.7129999999999654,1.258,,,,,1.939,2.514,1.066,,0.7400000000000091,1.530999999999949,2.1299999999999955,0.6899999999999409,"{('cu', 'start'): 694.797, ('cu', 'h2dmalloc'): 694.858, ('cu', 'h2d'): 694.903, ('cu', 'workest'): 694.977, ('cu', 'compute'): 695.48, ('cu', 'copy'): 695.616, ('cu', 'pack'): 695.643, ('cu', 'd2h'): 695.867, ('gust', 'start'): 696.07, ('gust', 'h2d'): 696.181, ('gust', 'count'): 696.213, ('gust', 'scan'): 696.257, ('gust', 'expand'): 696.431, ('gust', 'sort'): 697.027, ('gust', 'reduce'): 697.232, ('gust', 'final'): 697.619, ('gust', 'pack'): 697.712, ('gust', 'd2h'): 697.815, ('merge', 'start'): 698.023, ('merge', 'h2d'): 698.129, ('merge', 'count'): 698.155, ('merge', 'scan'): 698.199, ('merge', 'expand'): 698.602, ('merge', 'merge'): 699.778, ('merge', 'final'): 699.987, ('merge', 'compact'): 700.172, ('merge', 'pack'): 700.259, ('merge', 'd2h'): 700.361, ('mrg2', 'start'): 700.549, ('mrg2', 'h2d'): 700.653, ('mrg2', 'count'): 700.68, ('mrg2', 'scan'): 700.72, ('mrg2', 'merge'): 701.031, ('mrg2', 'final'): 701.077, ('mrg2', 'compact'): 701.261, ('mrg2', 'pack'): 701.343, ('mrg2', 'd2h'): 701.444}",0.1388320233672857,0.555171197699383
Mildly sparse,bcsstm27,1224,56126,3.7462888205391085,138106,138106,138106,138106,0.0,,0.06000000000005912,0.5399999999999636,0.1349999999999909,0.2440000000000282,0.7350000000000136,1.287,,,,,1.909,2.549,1.102,,0.7580000000000382,1.5230000000000246,2.16599999999994,0.7239999999999327,"{('cu', 'start'): 698.482, ('cu', 'h2dmalloc'): 698.546, ('cu', 'h2d'): 698.593, ('cu', 'workest'): 698.653, ('cu', 'compute'): 699.193, ('cu', 'copy'): 699.328, ('cu', 'pack'): 699.351, ('cu', 'd2h'): 699.595, ('gust', 'start'): 699.781, ('gust', 'h2d'): 699.893, ('gust', 'count'): 699.924, ('gust', 'scan'): 699.971, ('gust', 'expand'): 700.148, ('gust', 'sort'): 700.732, ('gust', 'reduce'): 700.925, ('gust', 'final'): 701.316, ('gust', 'pack'): 701.416, ('gust', 'd2h'): 701.516, ('merge', 'start'): 701.703, ('merge', 'h2d'): 701.811, ('merge', 'count'): 701.838, ('merge', 'scan'): 701.884, ('merge', 'expand'): 702.3, ('merge', 'merge'): 703.491, ('merge', 'final'): 703.704, ('merge', 'compact'): 703.89, ('merge', 'pack'): 703.977, ('merge', 'd2h'): 704.078, ('mrg2', 'start'): 704.262, ('mrg2', 'h2d'): 704.369, ('mrg2', 'count'): 704.395, ('mrg2', 'scan'): 704.45, ('mrg2', 'merge'): 704.776, ('mrg2', 'final'): 704.821, ('mrg2', 'compact'): 705.01, ('mrg2', 'pack'): 705.093, ('mrg2', 'd2h'): 705.193}",0.1414840808138251,0.551587199862115
Mildly sparse,bcsstk22,138,696,3.6546943919344677,1552,1552,1552,1552,0.0,,0.07299999999997908,0.17200000000002547,0.07200000000000273,0.02800000000002001,0.3170000000000073,0.558,,,,,0.562,0.439,0.404,,0.3429999999999609,0.35399999999992815,0.2339999999999236,0.19799999999997908,"{('cu', 'start'): 681.79, ('cu', 'h2dmalloc'): 681.856, ('cu', 'h2d'): 681.875, ('cu', 'workest'): 681.948, ('cu', 'compute'): 682.12, ('cu', 'copy'): 682.192, ('cu', 'pack'): 682.218, ('cu', 'd2h'): 682.246, ('gust', 'start'): 682.365, ('gust', 'h2d'): 682.451, ('gust', 'count'): 682.479, ('gust', 'scan'): 682.524, ('gust', 'expand'): 682.557, ('gust', 'sort'): 682.673, ('gust', 'reduce'): 682.719, ('gust', 'final'): 682.781, ('gust', 'pack'): 682.805, ('gust', 'd2h'): 682.822, ('merge', 'start'): 682.944, ('merge', 'h2d'): 683.027, ('merge', 'count'): 683.051, ('merge', 'scan'): 683.091, ('merge', 'expand'): 683.123, ('merge', 'merge'): 683.169, ('merge', 'final'): 683.212, ('merge', 'compact'): 683.24, ('merge', 'pack'): 683.261, ('merge', 'd2h'): 683.273, ('mrg2', 'start'): 683.397, ('mrg2', 'h2d'): 683.48, ('mrg2', 'count'): 683.502, ('mrg2', 'scan'): 683.542, ('mrg2', 'merge'): 683.582, ('mrg2', 'final'): 683.631, ('mrg2', 'compact'): 683.657, ('mrg2', 'pack'): 683.678, ('mrg2', 'd2h'): 683.69}",0.0511100515723228,0.2181375995278358
Mildly sparse,bcspwr03,118,476,3.418557885665039,1270,1270,1270,1270,0.0,,0.06100000000003547,0.16700000000003,0.057999999999992724,0.02699999999992997,0.2860000000000582,0.524,,,,,0.487,0.869,0.449,,0.30900000000008276,0.2899999999999636,0.31399999999996453,0.23299999999994725,"{('cu', 'start'): 683.278, ('cu', 'h2dmalloc'): 683.341, ('cu', 'h2d'): 683.358, ('cu', 'workest'): 683.419, ('cu', 'compute'): 683.586, ('cu', 'copy'): 683.644, ('cu', 'pack'): 683.667, ('cu', 'd2h'): 683.694, ('gust', 'start'): 683.82, ('gust', 'h2d'): 683.902, ('gust', 'count'): 683.94, ('gust', 'scan'): 683.985, ('gust', 'expand'): 684.014, ('gust', 'sort'): 684.064, ('gust', 'reduce'): 684.109, ('gust', 'final'): 684.169, ('gust', 'pack'): 684.192, ('gust', 'd2h'): 684.203, ('merge', 'start'): 684.668, ('merge', 'h2d'): 685.066, ('merge', 'count'): 685.122, ('merge', 'scan'): 685.176, ('merge', 'expand'): 685.21, ('merge', 'merge'): 685.271, ('merge', 'final'): 685.317, ('merge', 'compact'): 685.356, ('merge', 'pack'): 685.38, ('merge', 'd2h'): 685.392, ('mrg2', 'start'): 685.531, ('mrg2', 'h2d'): 685.62, ('mrg2', 'count'): 685.644, ('mrg2', 'scan'): 685.688, ('mrg2', 'merge'): 685.741, ('mrg2', 'final'): 685.803, ('mrg2', 'compact'): 685.831, ('mrg2', 'pack'): 685.853, ('mrg2', 'd2h'): 685.865}",0.051385024562478,0.2132639998337254
Mildly sparse,can_229,229,1777,3.388570012013501,5017,5017,5017,5017,0.0,,0.07699999999999818,0.17199999999991178,0.07300000000009277,0.04100000000005366,0.32200000000000273,0.618,,,,,0.664,0.594,0.496,,0.3529999999999518,0.41200000000003456,0.3429999999999609,0.25299999999992906,"{('cu', 'start'): 671.774, ('cu', 'h2dmalloc'): 671.859, ('cu', 'h2d'): 671.883, ('cu', 'workest'): 671.96, ('cu', 'compute'): 672.132, ('cu', 'copy'): 672.205, ('cu', 'pack'): 672.236, ('cu', 'd2h'): 672.277, ('gust', 'start'): 672.41, ('gust', 'h2d'): 672.516, ('gust', 'count'): 672.547, ('gust', 'scan'): 672.608, ('gust', 'expand'): 672.639, ('gust', 'sort'): 672.771, ('gust', 'reduce'): 672.829, ('gust', 'final'): 672.898, ('gust', 'pack'): 672.928, ('gust', 'd2h'): 672.944, ('merge', 'start'): 673.09, ('merge', 'h2d'): 673.195, ('merge', 'count'): 673.226, ('merge', 'scan'): 673.28, ('merge', 'expand'): 673.32, ('merge', 'merge'): 673.428, ('merge', 'final'): 673.478, ('merge', 'compact'): 673.509, ('merge', 'pack'): 673.538, ('merge', 'd2h'): 673.553, ('mrg2', 'start'): 673.7, ('mrg2', 'h2d'): 673.807, ('mrg2', 'count'): 673.837, ('mrg2', 'scan'): 673.887, ('mrg2', 'merge'): 673.957, ('mrg2', 'final'): 674.003, ('mrg2', 'compact'): 674.032, ('mrg2', 'pack'): 674.06, ('mrg2', 'd2h'): 674.075}",0.0493109691888093,0.3219168002018704
Mildly sparse,can_292,292,2540,2.9789829236254457,11670,11670,11670,11670,0.0,,0.05999999999994543,0.18700000000001182,0.05600000000004002,0.03200000000003911,0.30299999999999727,0.538,,,,,0.564,0.723,0.446,,0.3229999999999791,0.35000000000002274,0.5120000000000573,0.23500000000001364,"{('cu', 'start'): 672.521, ('cu', 'h2dmalloc'): 672.588, ('cu', 'h2d'): 672.61, ('cu', 'workest'): 672.67, ('cu', 'compute'): 672.857, ('cu', 'copy'): 672.913, ('cu', 'pack'): 672.933, ('cu', 'd2h'): 672.965, ('gust', 'start'): 673.072, ('gust', 'h2d'): 673.164, ('gust', 'count'): 673.189, ('gust', 'scan'): 673.23, ('gust', 'expand'): 673.257, ('gust', 'sort'): 673.386, ('gust', 'reduce'): 673.432, ('gust', 'final'): 673.493, ('gust', 'pack'): 673.514, ('gust', 'd2h'): 673.532, ('merge', 'start'): 673.647, ('merge', 'h2d'): 673.737, ('merge', 'count'): 673.763, ('merge', 'scan'): 673.801, ('merge', 'expand'): 673.863, ('merge', 'merge'): 674.168, ('merge', 'final'): 674.208, ('merge', 'compact'): 674.232, ('merge', 'pack'): 674.249, ('merge', 'd2h'): 674.267, ('mrg2', 'start'): 674.38, ('mrg2', 'h2d'): 674.47, ('mrg2', 'count'): 674.493, ('mrg2', 'scan'): 674.531, ('mrg2', 'merge'): 674.624, ('mrg2', 'final'): 674.661, ('mrg2', 'compact'): 674.687, ('mrg2', 'pack'): 674.705, ('mrg2', 'd2h'): 674.722}",0.0612250296398997,0.3464031984331086
Mildly sparse,ash292,292,2208,2.589604053293301,6042,6042,6042,6042,0.0,,0.06200000000001182,0.17499999999995453,0.06100000000003547,0.03099999999994907,0.2980000000000018,0.545,,,,,0.566,0.494,0.407,,0.32200000000000273,0.34199999999998454,0.2839999999999918,0.20299999999997453,"{('cu', 'start'): 670.284, ('cu', 'h2dmalloc'): 670.347, ('cu', 'h2d'): 670.369, ('cu', 'workest'): 670.431, ('cu', 'compute'): 670.606, ('cu', 'copy'): 670.667, ('cu', 'pack'): 670.691, ('cu', 'd2h'): 670.722, ('gust', 'start'): 670.848, ('gust', 'h2d'): 670.943, ('gust', 'count'): 670.969, ('gust', 'scan'): 671.01, ('gust', 'expand'): 671.038, ('gust', 'sort'): 671.154, ('gust', 'reduce'): 671.201, ('gust', 'final'): 671.262, ('gust', 'pack'): 671.285, ('gust', 'd2h'): 671.3, ('merge', 'start'): 671.428, ('merge', 'h2d'): 671.519, ('merge', 'count'): 671.544, ('merge', 'scan'): 671.586, ('merge', 'expand'): 671.622, ('merge', 'merge'): 671.704, ('merge', 'final'): 671.748, ('merge', 'compact'): 671.773, ('merge', 'pack'): 671.803, ('merge', 'd2h'): 671.817, ('mrg2', 'start'): 671.933, ('mrg2', 'h2d'): 672.018, ('mrg2', 'count'): 672.04, ('mrg2', 'scan'): 672.081, ('mrg2', 'merge'): 672.136, ('mrg2', 'final'): 672.175, ('mrg2', 'compact'): 672.202, ('mrg2', 'pack'): 672.221, ('mrg2', 'd2h'): 672.236}",0.0501179601997137,0.2194048000266775
Mildly sparse,bcspwr04,274,1612,2.1471575470190207,4982,4982,4982,4982,0.0,,0.06499999999994088,0.18000000000006366,0.06299999999998818,0.029999999999972715,0.3079999999999927,0.553,,,,,0.565,0.517,0.434,,0.33199999999999363,0.3410000000000082,0.30599999999992633,0.2199999999999136,"{('cu', 'start'): 666.739, ('cu', 'h2dmalloc'): 666.805, ('cu', 'h2d'): 666.831, ('cu', 'workest'): 666.896, ('cu', 'compute'): 667.076, ('cu', 'copy'): 667.139, ('cu', 'pack'): 667.163, ('cu', 'd2h'): 667.193, ('gust', 'start'): 667.31, ('gust', 'h2d'): 667.396, ('gust', 'count'): 667.419, ('gust', 'scan'): 667.462, ('gust', 'expand'): 667.492, ('gust', 'sort'): 667.607, ('gust', 'reduce'): 667.654, ('gust', 'final'): 667.714, ('gust', 'pack'): 667.737, ('gust', 'd2h'): 667.751, ('merge', 'start'): 667.888, ('merge', 'h2d'): 667.979, ('merge', 'count'): 668.002, ('merge', 'scan'): 668.044, ('merge', 'expand'): 668.089, ('merge', 'merge'): 668.193, ('merge', 'final'): 668.238, ('merge', 'compact'): 668.266, ('merge', 'pack'): 668.285, ('merge', 'd2h'): 668.299, ('mrg2', 'start'): 668.416, ('mrg2', 'h2d'): 668.498, ('mrg2', 'count'): 668.521, ('mrg2', 'scan'): 668.563, ('mrg2', 'merge'): 668.629, ('mrg2', 'final'): 668.671, ('mrg2', 'compact'): 668.697, ('mrg2', 'pack'): 668.718, ('mrg2', 'd2h'): 668.732}",0.0511349644511938,0.2242495993617921
Mildly sparse,bcsstk13,2003,83883,2.0907979019987244,396773,396773,396773,396773,0.0,,0.06700000000000728,0.5810000000000173,0.19299999999998363,0.5350000000000819,0.8410000000000082,1.768,,,,,2.686,6.705,1.895,,0.92999999999995,1.975999999999999,6.0,1.1870000000000118,"{('cu', 'start'): 716.975, ('cu', 'h2dmalloc'): 717.038, ('cu', 'h2d'): 717.1, ('cu', 'workest'): 717.167, ('cu', 'compute'): 717.748, ('cu', 'copy'): 717.941, ('cu', 'pack'): 718.03, ('cu', 'd2h'): 718.565, ('gust', 'start'): 718.764, ('gust', 'h2d'): 718.893, ('gust', 'count'): 718.925, ('gust', 'scan'): 718.971, ('gust', 'expand'): 719.169, ('gust', 'sort'): 719.976, ('gust', 'reduce'): 720.188, ('gust', 'final'): 720.758, ('gust', 'pack'): 720.869, ('gust', 'd2h'): 721.132, ('merge', 'start'): 721.462, ('merge', 'h2d'): 721.586, ('merge', 'count'): 721.614, ('merge', 'scan'): 721.658, ('merge', 'expand'): 722.453, ('merge', 'merge'): 726.969, ('merge', 'final'): 727.187, ('merge', 'compact'): 727.494, ('merge', 'pack'): 727.586, ('merge', 'd2h'): 727.848, ('mrg2', 'start'): 728.179, ('mrg2', 'h2d'): 728.302, ('mrg2', 'count'): 728.331, ('mrg2', 'scan'): 728.375, ('mrg2', 'merge'): 729.055, ('mrg2', 'final'): 729.101, ('mrg2', 'compact'): 729.395, ('mrg2', 'pack'): 729.489, ('mrg2', 'd2h'): 729.749}",0.5327239632606506,0.7206528021954
Mildly sparse,bcsstm01,48,48,2.083333333333333,48,48,48,48,0.0,,0.07000000000005002,0.15499999999997272,0.053999999999973625,0.02500000000009095,0.27899999999999636,0.535,,,,,0.474,0.394,0.37,,0.29899999999997817,0.2460000000000946,0.18499999999994543,0.16600000000005366,"{('cu', 'start'): 696.824, ('cu', 'h2dmalloc'): 696.914, ('cu', 'h2d'): 696.934, ('cu', 'workest'): 697.004, ('cu', 'compute'): 697.159, ('cu', 'copy'): 697.213, ('cu', 'pack'): 697.233, ('cu', 'd2h'): 697.258, ('gust', 'start'): 697.379, ('gust', 'h2d'): 697.478, ('gust', 'count'): 697.5, ('gust', 'scan'): 697.543, ('gust', 'expand'): 697.562, ('gust', 'sort'): 697.61, ('gust', 'reduce'): 697.649, ('gust', 'final'): 697.705, ('gust', 'pack'): 697.724, ('gust', 'd2h'): 697.742, ('merge', 'start'): 697.868, ('merge', 'h2d'): 697.965, ('merge', 'count'): 697.986, ('merge', 'scan'): 698.028, ('merge', 'expand'): 698.047, ('merge', 'merge'): 698.069, ('merge', 'final'): 698.108, ('merge', 'compact'): 698.131, ('merge', 'pack'): 698.15, ('merge', 'd2h'): 698.16, ('mrg2', 'start'): 698.276, ('mrg2', 'h2d'): 698.366, ('mrg2', 'count'): 698.387, ('mrg2', 'scan'): 698.426, ('mrg2', 'merge'): 698.45, ('mrg2', 'final'): 698.485, ('mrg2', 'compact'): 698.506, ('mrg2', 'pack'): 698.532, ('mrg2', 'd2h'): 698.543}",0.0491150422021746,0.170505599072203
Mildly sparse,bcsstk14,1806,63454,1.945465404477998,195654,195654,195654,195654,0.0,,0.06199999999989814,0.5769999999999982,0.13800000000003365,0.34399999999993724,0.77699999999993,1.481,,,,,1.982,2.543,1.314,,0.8569999999999709,1.5400000000000773,2.0439999999999827,0.8120000000000118,"{('cu', 'start'): 707.258, ('cu', 'h2dmalloc'): 707.32, ('cu', 'h2d'): 707.373, ('cu', 'workest'): 707.435, ('cu', 'compute'): 708.012, ('cu', 'copy'): 708.15, ('cu', 'pack'): 708.23, ('cu', 'd2h'): 708.574, ('gust', 'start'): 708.756, ('gust', 'h2d'): 708.872, ('gust', 'count'): 708.9, ('gust', 'scan'): 708.954, ('gust', 'expand'): 709.161, ('gust', 'sort'): 709.716, ('gust', 'reduce'): 709.914, ('gust', 'final'): 710.383, ('gust', 'pack'): 710.412, ('gust', 'd2h'): 710.547, ('merge', 'start'): 710.751, ('merge', 'h2d'): 710.87, ('merge', 'count'): 710.899, ('merge', 'scan'): 710.95, ('merge', 'expand'): 711.316, ('merge', 'merge'): 712.35, ('merge', 'final'): 712.569, ('merge', 'compact'): 712.829, ('merge', 'pack'): 712.914, ('merge', 'd2h'): 713.051, ('mrg2', 'start'): 713.307, ('mrg2', 'h2d'): 713.422, ('mrg2', 'count'): 713.454, ('mrg2', 'scan'): 713.503, ('mrg2', 'merge'): 713.852, ('mrg2', 'final'): 713.899, ('mrg2', 'compact'): 714.151, ('mrg2', 'pack'): 714.234, ('mrg2', 'd2h'): 714.371}",0.3835249226540327,0.6061696003424003
Mildly sparse,can_445,445,3809,1.923494508269158,11193,11193,11193,11193,0.0,,0.05700000000001637,0.18799999999998818,0.06399999999996453,0.03199999999992542,0.3089999999999691,0.556,,,,,0.572,0.509,0.425,,0.3310000000000173,0.3569999999999709,0.29700000000002547,0.21900000000005093,"{('cu', 'start'): 670.935, ('cu', 'h2dmalloc'): 670.998, ('cu', 'h2d'): 671.014, ('cu', 'workest'): 671.071, ('cu', 'compute'): 671.259, ('cu', 'copy'): 671.323, ('cu', 'pack'): 671.345, ('cu', 'd2h'): 671.377, ('gust', 'start'): 671.505, ('gust', 'h2d'): 671.594, ('gust', 'count'): 671.624, ('gust', 'scan'): 671.666, ('gust', 'expand'): 671.691, ('gust', 'sort'): 671.826, ('gust', 'reduce'): 671.871, ('gust', 'final'): 671.93, ('gust', 'pack'): 671.951, ('gust', 'd2h'): 671.969, ('merge', 'start'): 672.09, ('merge', 'h2d'): 672.177, ('merge', 'count'): 672.201, ('merge', 'scan'): 672.242, ('merge', 'expand'): 672.278, ('merge', 'merge'): 672.379, ('merge', 'final'): 672.429, ('merge', 'compact'): 672.456, ('merge', 'pack'): 672.474, ('merge', 'd2h'): 672.492, ('mrg2', 'start'): 672.611, ('mrg2', 'h2d'): 672.694, ('mrg2', 'count'): 672.721, ('mrg2', 'scan'): 672.761, ('mrg2', 'merge'): 672.83, ('mrg2', 'final'): 672.869, ('mrg2', 'compact'): 672.894, ('mrg2', 'pack'): 672.913, ('mrg2', 'd2h'): 672.931}",0.0575419981032609,0.3343455995665862
Mildly sparse,bcsstm10,1086,22092,1.8731621948861958,54504,54504,54504,54504,0.0,,0.06100000000003547,0.29099999999994,0.06700000000000728,0.16099999999994452,0.4189999999999827,0.782,,,,,1.332,1.312,0.784,,0.44000000000005457,1.0209999999999582,1.009999999999991,0.4840000000000373,"{('cu', 'start'): 686.741, ('cu', 'h2dmalloc'): 686.806, ('cu', 'h2d'): 686.832, ('cu', 'workest'): 686.893, ('cu', 'compute'): 687.184, ('cu', 'copy'): 687.251, ('cu', 'pack'): 687.272, ('cu', 'd2h'): 687.433, ('gust', 'start'): 687.539, ('gust', 'h2d'): 687.633, ('gust', 'count'): 687.661, ('gust', 'scan'): 687.709, ('gust', 'expand'): 687.869, ('gust', 'sort'): 688.163, ('gust', 'reduce'): 688.33, ('gust', 'final'): 688.628, ('gust', 'pack'): 688.654, ('gust', 'd2h'): 688.7, ('merge', 'start'): 688.881, ('merge', 'h2d'): 688.971, ('merge', 'count'): 688.995, ('merge', 'scan'): 689.034, ('merge', 'expand'): 689.259, ('merge', 'merge'): 689.659, ('merge', 'final'): 689.79, ('merge', 'compact'): 689.956, ('merge', 'pack'): 689.981, ('merge', 'd2h'): 690.026, ('mrg2', 'start'): 690.206, ('mrg2', 'h2d'): 690.295, ('mrg2', 'count'): 690.322, ('mrg2', 'scan'): 690.376, ('mrg2', 'merge'): 690.604, ('mrg2', 'final'): 690.647, ('mrg2', 'compact'): 690.754, ('mrg2', 'pack'): 690.779, ('mrg2', 'd2h'): 690.824}",0.1349939266219735,0.5087968003470451
Mildly sparse,bcsstk10,1086,22070,1.8712968332943305,54504,54504,54504,54504,0.0,,0.06000000000005912,0.28300000000001546,0.06499999999994088,0.1570000000000391,0.40800000000001546,0.776,,,,,1.3,1.312,0.758,,0.43200000000001637,0.9980000000000473,1.004000000000019,0.45899999999994634,"{('cu', 'start'): 687.752, ('cu', 'h2dmalloc'): 687.816, ('cu', 'h2d'): 687.848, ('cu', 'workest'): 687.908, ('cu', 'compute'): 688.191, ('cu', 'copy'): 688.256, ('cu', 'pack'): 688.28, ('cu', 'd2h'): 688.437, ('gust', 'start'): 688.547, ('gust', 'h2d'): 688.636, ('gust', 'count'): 688.663, ('gust', 'scan'): 688.704, ('gust', 'expand'): 688.859, ('gust', 'sort'): 689.148, ('gust', 'reduce'): 689.318, ('gust', 'final'): 689.608, ('gust', 'pack'): 689.634, ('gust', 'd2h'): 689.679, ('merge', 'start'): 689.866, ('merge', 'h2d'): 689.96, ('merge', 'count'): 689.985, ('merge', 'scan'): 690.024, ('merge', 'expand'): 690.237, ('merge', 'merge'): 690.639, ('merge', 'final'): 690.769, ('merge', 'compact'): 690.937, ('merge', 'pack'): 690.964, ('merge', 'd2h'): 691.009, ('mrg2', 'start'): 691.185, ('mrg2', 'h2d'): 691.272, ('mrg2', 'count'): 691.295, ('mrg2', 'scan'): 691.345, ('mrg2', 'merge'): 691.555, ('mrg2', 'final'): 691.6, ('mrg2', 'compact'): 691.706, ('mrg2', 'pack'): 691.731, ('mrg2', 'd2h'): 691.776}",0.1378440065309405,0.5047264000866563
Mildly sparse,can_634,634,7228,1.7982067689000787,25446,25446,25446,25446,0.0,,0.06099999999992178,0.2680000000000291,0.06299999999998818,0.12799999999992906,0.39199999999993906,0.706,,,,,0.859,0.667,0.454,,0.41399999999998727,0.6539999999999964,0.46299999999996544,0.2459999999999809,"{('cu', 'start'): 680.164, ('cu', 'h2dmalloc'): 680.226, ('cu', 'h2d'): 680.244, ('cu', 'workest'): 680.305, ('cu', 'compute'): 680.573, ('cu', 'copy'): 680.636, ('cu', 'pack'): 680.658, ('cu', 'd2h'): 680.786, ('gust', 'start'): 680.885, ('gust', 'h2d'): 680.966, ('gust', 'count'): 680.991, ('gust', 'scan'): 681.033, ('gust', 'expand'): 681.064, ('gust', 'sort'): 681.337, ('gust', 'reduce'): 681.449, ('gust', 'final'): 681.595, ('gust', 'pack'): 681.62, ('gust', 'd2h'): 681.647, ('merge', 'start'): 681.759, ('merge', 'h2d'): 681.839, ('merge', 'count'): 681.863, ('merge', 'scan'): 681.902, ('merge', 'expand'): 681.966, ('merge', 'merge'): 682.218, ('merge', 'final'): 682.259, ('merge', 'compact'): 682.283, ('merge', 'pack'): 682.302, ('merge', 'd2h'): 682.328, ('mrg2', 'start'): 682.435, ('mrg2', 'h2d'): 682.513, ('mrg2', 'count'): 682.547, ('mrg2', 'scan'): 682.585, ('mrg2', 'merge'): 682.674, ('mrg2', 'final'): 682.714, ('mrg2', 'compact'): 682.74, ('mrg2', 'pack'): 682.759, ('mrg2', 'd2h'): 682.787}",0.0735999783501029,0.3603232007706537
Mildly sparse,bcsstk11,1473,34241,1.578123350888521,94187,94187,94187,94187,0.0,,0.06300000000010186,0.3149999999999409,0.06299999999998818,0.16800000000000637,0.4410000000000309,0.949,,,,,1.332,1.294,0.748,,0.54200000000003,1.0809999999999036,1.0419999999999163,0.5020000000000664,"{('cu', 'start'): 678.553, ('cu', 'h2dmalloc'): 678.624, ('cu', 'h2d'): 678.656, ('cu', 'workest'): 678.719, ('cu', 'compute'): 679.034, ('cu', 'copy'): 679.097, ('cu', 'pack'): 679.198, ('cu', 'd2h'): 679.366, ('gust', 'start'): 679.52, ('gust', 'h2d'): 679.613, ('gust', 'count'): 679.64, ('gust', 'scan'): 679.682, ('gust', 'expand'): 679.835, ('gust', 'sort'): 680.163, ('gust', 'reduce'): 680.344, ('gust', 'final'): 680.669, ('gust', 'pack'): 680.694, ('gust', 'd2h'): 680.764, ('merge', 'start'): 680.866, ('merge', 'h2d'): 680.965, ('merge', 'count'): 680.993, ('merge', 'scan'): 681.033, ('merge', 'expand'): 681.243, ('merge', 'merge'): 681.675, ('merge', 'final'): 681.844, ('merge', 'compact'): 681.984, ('merge', 'pack'): 682.007, ('merge', 'd2h'): 682.077, ('mrg2', 'start'): 682.172, ('mrg2', 'h2d'): 682.266, ('mrg2', 'count'): 682.291, ('mrg2', 'scan'): 682.331, ('mrg2', 'merge'): 682.546, ('mrg2', 'final'): 682.587, ('mrg2', 'compact'): 682.745, ('mrg2', 'pack'): 682.768, ('mrg2', 'd2h'): 682.838}",0.2219119342043995,0.5586623989976943
Mildly sparse,bcsstk12,1473,34241,1.578123350888521,94187,94187,94187,94187,0.0,,0.06700000000000728,0.3330000000000837,0.06899999999995998,0.18700000000001182,0.46900000000005093,1.035,,,,,1.431,1.413,0.802,,0.5800000000000409,1.1580000000000155,1.1330000000000382,0.5380000000000109,"{('cu', 'start'): 709.669, ('cu', 'h2dmalloc'): 709.732, ('cu', 'h2d'): 709.776, ('cu', 'workest'): 709.843, ('cu', 'compute'): 710.176, ('cu', 'copy'): 710.245, ('cu', 'pack'): 710.356, ('cu', 'd2h'): 710.543, ('gust', 'start'): 710.717, ('gust', 'h2d'): 710.813, ('gust', 'count'): 710.838, ('gust', 'scan'): 710.881, ('gust', 'expand'): 711.048, ('gust', 'sort'): 711.392, ('gust', 'reduce'): 711.574, ('gust', 'final'): 711.935, ('gust', 'pack'): 711.971, ('gust', 'd2h'): 712.042, ('merge', 'start'): 712.167, ('merge', 'h2d'): 712.27, ('merge', 'count'): 712.303, ('merge', 'scan'): 712.347, ('merge', 'expand'): 712.564, ('merge', 'merge'): 713.005, ('merge', 'final'): 713.206, ('merge', 'compact'): 713.377, ('merge', 'pack'): 713.403, ('merge', 'd2h'): 713.476, ('mrg2', 'start'): 713.589, ('mrg2', 'h2d'): 713.686, ('mrg2', 'count'): 713.713, ('mrg2', 'scan'): 713.754, ('mrg2', 'merge'): 713.972, ('mrg2', 'final'): 714.018, ('mrg2', 'compact'): 714.198, ('mrg2', 'pack'): 714.224, ('mrg2', 'd2h'): 714.295}",0.250909011811018,0.5497823998099194
Mildly sparse,bcsstk09,1083,18437,1.5719305066378828,71289,71289,71289,71289,0.0,,0.06299999999998818,0.2839999999999918,0.07200000000000273,0.17700000000002092,0.4189999999999827,0.802,,,,,1.228,1.166,0.68,,0.4420000000000073,0.9059999999999491,0.9070000000000391,0.42799999999999727,"{('cu', 'start'): 683.065, ('cu', 'h2dmalloc'): 683.129, ('cu', 'h2d'): 683.155, ('cu', 'workest'): 683.218, ('cu', 'compute'): 683.502, ('cu', 'copy'): 683.574, ('cu', 'pack'): 683.597, ('cu', 'd2h'): 683.774, ('gust', 'start'): 683.885, ('gust', 'h2d'): 683.975, ('gust', 'count'): 684.009, ('gust', 'scan'): 684.053, ('gust', 'expand'): 684.164, ('gust', 'sort'): 684.461, ('gust', 'reduce'): 684.632, ('gust', 'final'): 684.853, ('gust', 'pack'): 684.881, ('gust', 'd2h'): 684.937, ('merge', 'start'): 685.131, ('merge', 'h2d'): 685.228, ('merge', 'count'): 685.257, ('merge', 'scan'): 685.302, ('merge', 'expand'): 685.45, ('merge', 'merge'): 685.8, ('merge', 'final'): 685.934, ('merge', 'compact'): 686.108, ('merge', 'pack'): 686.135, ('merge', 'd2h'): 686.192, ('mrg2', 'start'): 686.316, ('mrg2', 'h2d'): 686.406, ('mrg2', 'count'): 686.437, ('mrg2', 'scan'): 686.483, ('mrg2', 'merge'): 686.645, ('mrg2', 'final'): 686.691, ('mrg2', 'compact'): 686.808, ('mrg2', 'pack'): 686.834, ('mrg2', 'd2h'): 686.889}",0.1351319951936602,0.3481215990381315
Mildly sparse,bcsstm02,66,66,1.5151515151515151,66,66,66,66,0.0,,0.05899999999996908,0.1590000000001055,0.05499999999994998,0.02500000000009095,0.27300000000002456,0.489,,,,,0.456,0.374,0.362,,0.2939999999999827,0.25499999999999545,0.18899999999996453,0.17899999999997362,"{('cu', 'start'): 664.646, ('cu', 'h2dmalloc'): 664.708, ('cu', 'h2d'): 664.722, ('cu', 'workest'): 664.781, ('cu', 'compute'): 664.94, ('cu', 'copy'): 664.995, ('cu', 'pack'): 665.016, ('cu', 'd2h'): 665.041, ('gust', 'start'): 665.148, ('gust', 'h2d'): 665.237, ('gust', 'count'): 665.261, ('gust', 'scan'): 665.301, ('gust', 'expand'): 665.323, ('gust', 'sort'): 665.371, ('gust', 'reduce'): 665.415, ('gust', 'final'): 665.471, ('gust', 'pack'): 665.492, ('gust', 'd2h'): 665.502, ('merge', 'start'): 665.618, ('merge', 'h2d'): 665.693, ('merge', 'count'): 665.714, ('merge', 'scan'): 665.753, ('merge', 'expand'): 665.778, ('merge', 'merge'): 665.799, ('merge', 'final'): 665.839, ('merge', 'compact'): 665.864, ('merge', 'pack'): 665.882, ('merge', 'd2h'): 665.893, ('mrg2', 'start'): 666.001, ('mrg2', 'h2d'): 666.072, ('mrg2', 'count'): 666.094, ('mrg2', 'scan'): 666.134, ('mrg2', 'merge'): 666.156, ('mrg2', 'final'): 666.2, ('mrg2', 'compact'): 666.223, ('mrg2', 'pack'): 666.251, ('mrg2', 'd2h'): 666.262}",0.025038025341928,0.1703456002520397
Mildly sparse,can_838,838,10010,1.4254304771560882,51156,51156,51156,51156,0.0,,0.05800000000010641,0.2579999999999245,0.06200000000001182,0.15099999999995362,0.37800000000004275,0.718,,,,,0.876,1.125,0.546,,0.3970000000000482,0.5679999999999836,0.8009999999999309,0.27700000000004366,"{('cu', 'start'): 681.922, ('cu', 'h2dmalloc'): 681.988, ('cu', 'h2d'): 682.007, ('cu', 'workest'): 682.065, ('cu', 'compute'): 682.323, ('cu', 'copy'): 682.385, ('cu', 'pack'): 682.404, ('cu', 'd2h'): 682.555, ('gust', 'start'): 682.653, ('gust', 'h2d'): 682.742, ('gust', 'count'): 682.766, ('gust', 'scan'): 682.806, ('gust', 'expand'): 682.837, ('gust', 'sort'): 683.111, ('gust', 'reduce'): 683.223, ('gust', 'final'): 683.289, ('gust', 'pack'): 683.31, ('gust', 'd2h'): 683.352, ('merge', 'start'): 683.546, ('merge', 'h2d'): 683.652, ('merge', 'count'): 683.68, ('merge', 'scan'): 683.73, ('merge', 'expand'): 683.808, ('merge', 'merge'): 684.365, ('merge', 'final'): 684.411, ('merge', 'compact'): 684.435, ('merge', 'pack'): 684.453, ('merge', 'd2h'): 684.495, ('mrg2', 'start'): 684.684, ('mrg2', 'h2d'): 684.798, ('mrg2', 'count'): 684.826, ('mrg2', 'scan'): 684.867, ('mrg2', 'merge'): 684.993, ('mrg2', 'final'): 685.031, ('mrg2', 'compact'): 685.056, ('mrg2', 'pack'): 685.075, ('mrg2', 'd2h'): 685.118}",0.0857530394569039,0.359916800353676
Mildly sparse,bcsstk20,485,3135,1.3327665001594218,5545,5545,5545,5545,0.0,,0.06000000000005912,0.15599999999994907,0.06600000000003092,0.029999999999972715,0.2820000000000391,0.52,,,,,0.547,0.452,0.402,,0.30600000000004,0.34199999999998454,0.25,0.19499999999993634,"{('cu', 'start'): 673.625, ('cu', 'h2dmalloc'): 673.689, ('cu', 'h2d'): 673.707, ('cu', 'workest'): 673.767, ('cu', 'compute'): 673.923, ('cu', 'copy'): 673.989, ('cu', 'pack'): 674.013, ('cu', 'd2h'): 674.043, ('gust', 'start'): 674.164, ('gust', 'h2d'): 674.248, ('gust', 'count'): 674.274, ('gust', 'scan'): 674.316, ('gust', 'expand'): 674.341, ('gust', 'sort'): 674.463, ('gust', 'reduce'): 674.509, ('gust', 'final'): 674.568, ('gust', 'pack'): 674.59, ('gust', 'd2h'): 674.603, ('merge', 'start'): 674.723, ('merge', 'h2d'): 674.805, ('merge', 'count'): 674.828, ('merge', 'scan'): 674.868, ('merge', 'expand'): 674.904, ('merge', 'merge'): 674.961, ('merge', 'final'): 675.004, ('merge', 'compact'): 675.036, ('merge', 'pack'): 675.055, ('merge', 'd2h'): 675.07, ('mrg2', 'start'): 675.187, ('mrg2', 'h2d'): 675.268, ('mrg2', 'count'): 675.291, ('mrg2', 'scan'): 675.33, ('mrg2', 'merge'): 675.38, ('mrg2', 'final'): 675.418, ('mrg2', 'compact'): 675.445, ('mrg2', 'pack'): 675.463, ('mrg2', 'd2h'): 675.478}",0.0650839647278189,0.2239231997635215
Mildly sparse,can_715,715,6665,1.3037312338011637,39785,39785,39785,39785,0.0,,0.07500000000004547,0.2659999999999627,0.06500000000005457,0.15099999999995362,0.40600000000006276,0.772,,,,,0.913,2.036,0.679,,0.42600000000004457,0.6699999999999591,1.794999999999959,0.4399999999999409,"{('cu', 'start'): 684.302, ('cu', 'h2dmalloc'): 684.385, ('cu', 'h2d'): 684.409, ('cu', 'workest'): 684.484, ('cu', 'compute'): 684.75, ('cu', 'copy'): 684.815, ('cu', 'pack'): 684.835, ('cu', 'd2h'): 684.986, ('gust', 'start'): 685.088, ('gust', 'h2d'): 685.191, ('gust', 'count'): 685.222, ('gust', 'scan'): 685.265, ('gust', 'expand'): 685.302, ('gust', 'sort'): 685.58, ('gust', 'reduce'): 685.695, ('gust', 'final'): 685.836, ('gust', 'pack'): 685.861, ('gust', 'd2h'): 685.898, ('merge', 'start'): 686.017, ('merge', 'h2d'): 686.118, ('merge', 'count'): 686.148, ('merge', 'scan'): 686.192, ('merge', 'expand'): 686.322, ('merge', 'merge'): 687.823, ('merge', 'final'): 687.865, ('merge', 'compact'): 687.893, ('merge', 'pack'): 687.913, ('merge', 'd2h'): 687.948, ('mrg2', 'start'): 688.067, ('mrg2', 'h2d'): 688.166, ('mrg2', 'count'): 688.196, ('mrg2', 'scan'): 688.238, ('mrg2', 'merge'): 688.527, ('mrg2', 'final'): 688.563, ('mrg2', 'compact'): 688.587, ('mrg2', 'pack'): 688.606, ('mrg2', 'd2h'): 688.641}",0.0817939871922135,0.3840671996120363
Mildly sparse,bcsstk24,3562,159910,1.2603402122535554,446474,446474,446474,446474,0.0,,0.13899999999989632,0.8430000000000746,0.18899999999996453,0.6850000000000591,1.1709999999999354,2.343,,,,,3.331,4.17,1.777,,1.2619999999999436,2.494000000000028,3.340000000000032,0.9710000000000036,"{('cu', 'start'): 729.094, ('cu', 'h2dmalloc'): 729.175, ('cu', 'h2d'): 729.296, ('cu', 'workest'): 729.435, ('cu', 'compute'): 730.278, ('cu', 'copy'): 730.467, ('cu', 'pack'): 730.558, ('cu', 'd2h'): 731.243, ('gust', 'start'): 731.456, ('gust', 'h2d'): 731.648, ('gust', 'count'): 731.684, ('gust', 'scan'): 731.73, ('gust', 'expand'): 731.984, ('gust', 'sort'): 733.191, ('gust', 'reduce'): 733.463, ('gust', 'final'): 734.045, ('gust', 'pack'): 734.142, ('gust', 'd2h'): 734.439, ('merge', 'start'): 734.803, ('merge', 'h2d'): 735.007, ('merge', 'count'): 735.045, ('merge', 'scan'): 735.092, ('merge', 'expand'): 735.657, ('merge', 'merge'): 737.669, ('merge', 'final'): 737.923, ('merge', 'compact'): 738.249, ('merge', 'pack'): 738.347, ('merge', 'd2h'): 738.646, ('mrg2', 'start'): 738.988, ('mrg2', 'h2d'): 739.18, ('mrg2', 'count'): 739.216, ('mrg2', 'scan'): 739.271, ('mrg2', 'merge'): 739.684, ('mrg2', 'final'): 739.729, ('mrg2', 'compact'): 740.053, ('mrg2', 'pack'): 740.151, ('mrg2', 'd2h'): 740.448}",2.604228095151484,0.6559743979247287
Mildly sparse,bcsstk16,4884,290378,1.2173414200441228,1038782,1038782,1038782,1038782,0.0,,0.19899999999995543,1.2490000000000236,0.19500000000005002,1.2019999999999982,1.643000000000029,3.366,,,,,5.905,10.074,2.929,,1.7480000000000473,4.3840000000000146,8.738999999999919,1.6039999999999281,"{('cu', 'start'): 780.218, ('cu', 'h2dmalloc'): 780.283, ('cu', 'h2d'): 780.466, ('cu', 'workest'): 780.665, ('cu', 'compute'): 781.914, ('cu', 'copy'): 782.109, ('cu', 'pack'): 782.214, ('cu', 'd2h'): 783.416, ('gust', 'start'): 783.601, ('gust', 'h2d'): 784.009, ('gust', 'count'): 784.161, ('gust', 'scan'): 784.214, ('gust', 'expand'): 784.531, ('gust', 'sort'): 787.134, ('gust', 'reduce'): 787.541, ('gust', 'final'): 788.3, ('gust', 'pack'): 788.393, ('gust', 'd2h'): 789.06, ('merge', 'start'): 789.515, ('merge', 'h2d'): 789.763, ('merge', 'count'): 789.854, ('merge', 'scan'): 789.905, ('merge', 'expand'): 791.129, ('merge', 'merge'): 797.769, ('merge', 'final'): 798.043, ('merge', 'compact'): 798.405, ('merge', 'pack'): 798.502, ('merge', 'd2h'): 799.167, ('mrg2', 'start'): 799.603, ('mrg2', 'h2d'): 799.849, ('mrg2', 'count'): 799.951, ('mrg2', 'scan'): 800.011, ('mrg2', 'merge'): 800.975, ('mrg2', 'final'): 801.022, ('mrg2', 'compact'): 801.361, ('mrg2', 'pack'): 801.453, ('mrg2', 'd2h'): 802.119}",6.907657021656632,0.8328448029002176
Mildly sparse,bcsstk28,4410,219024,1.1261974177426073,596072,596072,596072,596072,0.0,,0.1290000000000191,1.0430000000000064,0.18799999999998818,0.8149999999999409,1.3600000000000136,2.634,,,,,4.053,6.145,2.143,,1.4510000000000218,3.086999999999989,5.213999999999942,1.205000000000041,"{('cu', 'start'): 747.088, ('cu', 'h2dmalloc'): 747.151, ('cu', 'h2d'): 747.294, ('cu', 'workest'): 747.423, ('cu', 'compute'): 748.466, ('cu', 'copy'): 748.654, ('cu', 'pack'): 748.745, ('cu', 'd2h'): 749.56, ('gust', 'start'): 749.741, ('gust', 'h2d'): 749.952, ('gust', 'count'): 749.987, ('gust', 'scan'): 750.032, ('gust', 'expand'): 750.349, ('gust', 'sort'): 752.0, ('gust', 'reduce'): 752.311, ('gust', 'final'): 752.942, ('gust', 'pack'): 753.039, ('gust', 'd2h'): 753.432, ('merge', 'start'): 753.806, ('merge', 'h2d'): 754.013, ('merge', 'count'): 754.051, ('merge', 'scan'): 754.095, ('merge', 'expand'): 755.007, ('merge', 'merge'): 758.543, ('merge', 'final'): 758.782, ('merge', 'compact'): 759.136, ('merge', 'pack'): 759.227, ('merge', 'd2h'): 759.618, ('mrg2', 'start'): 759.963, ('mrg2', 'h2d'): 760.17, ('mrg2', 'count'): 760.206, ('mrg2', 'scan'): 760.256, ('mrg2', 'merge'): 760.91, ('mrg2', 'final'): 760.957, ('mrg2', 'compact'): 761.283, ('mrg2', 'pack'): 761.375, ('mrg2', 'd2h'): 761.775}",5.050335079431534,0.6836160008562729
Mildly sparse,bcsstk08,1074,12960,1.1235604381885709,305612,305612,305612,305612,0.0,,0.07200000000000273,0.3590000000000373,0.13400000000001455,0.41200000000003456,0.5650000000000546,1.335,,,,,1.887,21.528,2.59,,0.6739999999999782,1.3410000000000082,20.993999999999915,2.0570000000000164,"{('cu', 'start'): 750.868, ('cu', 'h2dmalloc'): 750.931, ('cu', 'h2d'): 750.957, ('cu', 'workest'): 751.029, ('cu', 'compute'): 751.388, ('cu', 'copy'): 751.522, ('cu', 'pack'): 751.631, ('cu', 'd2h'): 752.043, ('gust', 'start'): 752.217, ('gust', 'h2d'): 752.304, ('gust', 'count'): 752.347, ('gust', 'scan'): 752.394, ('gust', 'expand'): 752.588, ('gust', 'sort'): 752.915, ('gust', 'reduce'): 753.102, ('gust', 'final'): 753.552, ('gust', 'pack'): 753.645, ('gust', 'd2h'): 753.852, ('merge', 'start'): 754.116, ('merge', 'h2d'): 754.2, ('merge', 'count'): 754.237, ('merge', 'scan'): 754.28, ('merge', 'expand'): 754.881, ('merge', 'merge'): 774.643, ('merge', 'final'): 774.861, ('merge', 'compact'): 775.1, ('merge', 'pack'): 775.194, ('merge', 'd2h'): 775.401, ('mrg2', 'start'): 775.657, ('mrg2', 'h2d'): 775.75, ('mrg2', 'count'): 775.79, ('mrg2', 'scan'): 775.833, ('mrg2', 'merge'): 777.431, ('mrg2', 'final'): 777.48, ('mrg2', 'compact'): 777.714, ('mrg2', 'pack'): 777.807, ('mrg2', 'd2h'): 778.012}",0.1279329881072044,0.4306336005451158
Mildly sparse,can_1054,1054,12196,1.097832779436069,60248,60248,60248,60248,0.0,,0.05700000000001637,0.27099999999995816,0.06400000000007822,0.14800000000002456,0.39200000000005275,0.734,,,,,1.03,1.142,0.522,,0.4130000000000109,0.7150000000000318,0.8400000000000318,0.2939999999999827,"{('cu', 'start'): 675.473, ('cu', 'h2dmalloc'): 675.538, ('cu', 'h2d'): 675.559, ('cu', 'workest'): 675.616, ('cu', 'compute'): 675.887, ('cu', 'copy'): 675.951, ('cu', 'pack'): 675.972, ('cu', 'd2h'): 676.12, ('gust', 'start'): 676.228, ('gust', 'h2d'): 676.313, ('gust', 'count'): 676.34, ('gust', 'scan'): 676.381, ('gust', 'expand'): 676.476, ('gust', 'sort'): 676.748, ('gust', 'reduce'): 676.862, ('gust', 'final'): 677.004, ('gust', 'pack'): 677.028, ('gust', 'd2h'): 677.076, ('merge', 'start'): 677.268, ('merge', 'h2d'): 677.351, ('merge', 'count'): 677.376, ('merge', 'scan'): 677.416, ('merge', 'expand'): 677.557, ('merge', 'merge'): 678.103, ('merge', 'final'): 678.146, ('merge', 'compact'): 678.172, ('merge', 'pack'): 678.191, ('merge', 'd2h'): 678.239, ('mrg2', 'start'): 678.42, ('mrg2', 'h2d'): 678.501, ('mrg2', 'count'): 678.524, ('mrg2', 'scan'): 678.562, ('mrg2', 'merge'): 678.714, ('mrg2', 'final'): 678.751, ('mrg2', 'compact'): 678.776, ('mrg2', 'pack'): 678.795, ('mrg2', 'd2h'): 678.843}",0.1439850311726331,0.3656607996672392
Mildly sparse,can_1072,1072,12444,1.0828553129873024,62316,62316,62316,62316,0.0,,0.06399999999996453,0.2820000000000391,0.06799999999998363,0.15499999999997272,0.41399999999998727,0.769,,,,,1.03,1.28,0.544,,0.4370000000000118,0.7300000000000182,1.052000000000021,0.31199999999989814,"{('cu', 'start'): 673.341, ('cu', 'h2dmalloc'): 673.405, ('cu', 'h2d'): 673.431, ('cu', 'workest'): 673.495, ('cu', 'compute'): 673.777, ('cu', 'copy'): 673.845, ('cu', 'pack'): 673.868, ('cu', 'd2h'): 674.023, ('gust', 'start'): 674.125, ('gust', 'h2d'): 674.21, ('gust', 'count'): 674.234, ('gust', 'scan'): 674.275, ('gust', 'expand'): 674.372, ('gust', 'sort'): 674.652, ('gust', 'reduce'): 674.768, ('gust', 'final'): 674.914, ('gust', 'pack'): 674.94, ('gust', 'd2h'): 674.99, ('merge', 'start'): 675.167, ('merge', 'h2d'): 675.25, ('merge', 'count'): 675.273, ('merge', 'scan'): 675.313, ('merge', 'expand'): 675.454, ('merge', 'merge'): 676.056, ('merge', 'final'): 676.104, ('merge', 'compact'): 676.279, ('merge', 'pack'): 676.302, ('merge', 'd2h'): 676.353, ('mrg2', 'start'): 676.46, ('mrg2', 'h2d'): 676.541, ('mrg2', 'count'): 676.566, ('mrg2', 'scan'): 676.615, ('mrg2', 'merge'): 676.769, ('mrg2', 'final'): 676.807, ('mrg2', 'compact'): 676.832, ('mrg2', 'pack'): 676.853, ('mrg2', 'd2h'): 676.902}",0.1437150640413165,0.370339200203307
Mildly sparse,bcsstk19,817,6853,1.0266835857969194,18305,18305,18305,18305,0.0,,0.06399999999996453,0.18500000000005912,0.06099999999992178,0.038000000000010914,0.30999999999994543,0.563,,,,,0.58,0.478,0.434,,0.33399999999994634,0.3590000000000373,0.26500000000010004,0.21600000000000819,"{('cu', 'start'): 672.036, ('cu', 'h2dmalloc'): 672.104, ('cu', 'h2d'): 672.125, ('cu', 'workest'): 672.189, ('cu', 'compute'): 672.374, ('cu', 'copy'): 672.435, ('cu', 'pack'): 672.459, ('cu', 'd2h'): 672.497, ('gust', 'start'): 672.616, ('gust', 'h2d'): 672.699, ('gust', 'count'): 672.726, ('gust', 'scan'): 672.765, ('gust', 'expand'): 672.793, ('gust', 'sort'): 672.927, ('gust', 'reduce'): 672.974, ('gust', 'final'): 673.036, ('gust', 'pack'): 673.058, ('gust', 'd2h'): 673.08, ('merge', 'start'): 673.214, ('merge', 'h2d'): 673.3, ('merge', 'count'): 673.325, ('merge', 'scan'): 673.364, ('merge', 'expand'): 673.401, ('merge', 'merge'): 673.473, ('merge', 'final'): 673.517, ('merge', 'compact'): 673.545, ('merge', 'pack'): 673.565, ('merge', 'd2h'): 673.587, ('mrg2', 'start'): 673.703, ('mrg2', 'h2d'): 673.781, ('mrg2', 'count'): 673.805, ('mrg2', 'scan'): 673.844, ('mrg2', 'merge'): 673.904, ('mrg2', 'final'): 673.947, ('mrg2', 'compact'): 673.978, ('mrg2', 'pack'): 673.997, ('mrg2', 'd2h'): 674.02}",0.0586709938943386,0.3472480009077117
Highly sparse,bcsstm12,1473,19659,0.9060578533079476,53615,53615,53615,53615,0.0,,0.06299999999998818,0.25699999999994816,0.06300000000010186,0.14699999999993452,0.3830000000000382,0.734,,,,,1.162,1.013,0.623,,0.40399999999999636,0.8569999999999709,0.7789999999999964,0.3849999999999909,"{('cu', 'start'): 689.714, ('cu', 'h2dmalloc'): 689.781, ('cu', 'h2d'): 689.807, ('cu', 'workest'): 689.87, ('cu', 'compute'): 690.127, ('cu', 'copy'): 690.19, ('cu', 'pack'): 690.211, ('cu', 'd2h'): 690.358, ('gust', 'start'): 690.459, ('gust', 'h2d'): 690.547, ('gust', 'count'): 690.57, ('gust', 'scan'): 690.612, ('gust', 'expand'): 690.718, ('gust', 'sort'): 691.001, ('gust', 'reduce'): 691.168, ('gust', 'final'): 691.38, ('gust', 'pack'): 691.404, ('gust', 'd2h'): 691.45, ('merge', 'start'): 691.632, ('merge', 'h2d'): 691.724, ('merge', 'count'): 691.749, ('merge', 'scan'): 691.789, ('merge', 'expand'): 691.915, ('merge', 'merge'): 692.187, ('merge', 'final'): 692.312, ('merge', 'compact'): 692.478, ('merge', 'pack'): 692.503, ('merge', 'd2h'): 692.547, ('mrg2', 'start'): 692.659, ('mrg2', 'h2d'): 692.755, ('mrg2', 'count'): 692.779, ('mrg2', 'scan'): 692.82, ('mrg2', 'merge'): 692.967, ('mrg2', 'final'): 693.009, ('mrg2', 'compact'): 693.115, ('mrg2', 'pack'): 693.14, ('mrg2', 'd2h'): 693.184}",0.2373600145801901,0.367824000166729
Highly sparse,bcsstm03,112,112,0.8928571428571428,112,112,112,112,0.0,,0.05899999999996908,0.16300000000001091,0.06200000000001182,0.02800000000002001,0.2839999999999918,0.524,,,,,0.466,0.392,0.391,,0.3079999999999927,0.2680000000000291,0.19900000000006912,0.18699999999989814,"{('cu', 'start'): 663.576, ('cu', 'h2dmalloc'): 663.638, ('cu', 'h2d'): 663.654, ('cu', 'workest'): 663.713, ('cu', 'compute'): 663.876, ('cu', 'copy'): 663.938, ('cu', 'pack'): 663.962, ('cu', 'd2h'): 663.99, ('gust', 'start'): 664.121, ('gust', 'h2d'): 664.204, ('gust', 'count'): 664.23, ('gust', 'scan'): 664.272, ('gust', 'expand'): 664.298, ('gust', 'sort'): 664.345, ('gust', 'reduce'): 664.39, ('gust', 'final'): 664.449, ('gust', 'pack'): 664.472, ('gust', 'd2h'): 664.482, ('merge', 'start'): 664.603, ('merge', 'h2d'): 664.679, ('merge', 'count'): 664.702, ('merge', 'scan'): 664.741, ('merge', 'expand'): 664.766, ('merge', 'merge'): 664.787, ('merge', 'final'): 664.829, ('merge', 'compact'): 664.859, ('merge', 'pack'): 664.878, ('merge', 'd2h'): 664.89, ('mrg2', 'start'): 665.012, ('mrg2', 'h2d'): 665.094, ('mrg2', 'count'): 665.123, ('mrg2', 'scan'): 665.163, ('mrg2', 'merge'): 665.189, ('mrg2', 'final'): 665.224, ('mrg2', 'compact'): 665.261, ('mrg2', 'pack'): 665.281, ('mrg2', 'd2h'): 665.294}",0.0299330567941069,0.1731551997596398
Highly sparse,bcspwr05,443,1623,0.8270105834934192,4249,4249,4249,4249,0.0,,0.06200000000001182,0.19299999999998363,0.09400000000005093,0.031000000000062755,0.3490000000000464,0.63,,,,,0.574,0.464,0.409,,0.37800000000004275,0.34799999999995634,0.2540000000000191,0.1999999999999318,"{('cu', 'start'): 693.942, ('cu', 'h2dmalloc'): 694.008, ('cu', 'h2d'): 694.031, ('cu', 'workest'): 694.093, ('cu', 'compute'): 694.286, ('cu', 'copy'): 694.38, ('cu', 'pack'): 694.409, ('cu', 'd2h'): 694.44, ('gust', 'start'): 694.592, ('gust', 'h2d'): 694.696, ('gust', 'count'): 694.725, ('gust', 'scan'): 694.769, ('gust', 'expand'): 694.796, ('gust', 'sort'): 694.915, ('gust', 'reduce'): 694.96, ('gust', 'final'): 695.02, ('gust', 'pack'): 695.044, ('gust', 'd2h'): 695.056, ('merge', 'start'): 695.181, ('merge', 'h2d'): 695.269, ('merge', 'count'): 695.292, ('merge', 'scan'): 695.343, ('merge', 'expand'): 695.375, ('merge', 'merge'): 695.433, ('merge', 'final'): 695.475, ('merge', 'compact'): 695.503, ('merge', 'pack'): 695.523, ('merge', 'd2h'): 695.536, ('mrg2', 'start'): 695.659, ('mrg2', 'h2d'): 695.744, ('mrg2', 'count'): 695.767, ('mrg2', 'scan'): 695.806, ('mrg2', 'merge'): 695.849, ('mrg2', 'final'): 695.895, ('mrg2', 'compact'): 695.92, ('mrg2', 'pack'): 695.944, ('mrg2', 'd2h'): 695.957}",0.0644599786028266,0.220211200416088
Highly sparse,bcsstk26,1922,30336,0.8212049319939666,92530,92530,92530,92530,0.0,,0.06799999999998363,0.30499999999995,0.06799999999998363,0.18199999999990268,0.44099999999991724,0.965,,,,,1.406,1.445,0.812,,0.52800000000002,1.1269999999999527,1.1710000000000491,0.5499999999999545,"{('cu', 'start'): 691.094, ('cu', 'h2dmalloc'): 691.157, ('cu', 'h2d'): 691.191, ('cu', 'workest'): 691.259, ('cu', 'compute'): 691.564, ('cu', 'copy'): 691.632, ('cu', 'pack'): 691.719, ('cu', 'd2h'): 691.901, ('gust', 'start'): 692.074, ('gust', 'h2d'): 692.166, ('gust', 'count'): 692.192, ('gust', 'scan'): 692.237, ('gust', 'expand'): 692.405, ('gust', 'sort'): 692.705, ('gust', 'reduce'): 692.902, ('gust', 'final'): 693.266, ('gust', 'pack'): 693.293, ('gust', 'd2h'): 693.374, ('merge', 'start'): 693.5, ('merge', 'h2d'): 693.601, ('merge', 'count'): 693.63, ('merge', 'scan'): 693.673, ('merge', 'expand'): 693.893, ('merge', 'merge'): 694.376, ('merge', 'final'): 694.574, ('merge', 'compact'): 694.747, ('merge', 'pack'): 694.772, ('merge', 'd2h'): 694.842, ('mrg2', 'start'): 694.954, ('mrg2', 'h2d'): 695.048, ('mrg2', 'count'): 695.076, ('mrg2', 'scan'): 695.116, ('mrg2', 'merge'): 695.343, ('mrg2', 'final'): 695.397, ('mrg2', 'compact'): 695.572, ('mrg2', 'pack'): 695.598, ('mrg2', 'd2h'): 695.667}",0.5042259581387043,0.3820352010428905
Highly sparse,bcsstk33,8738,591904,0.775223972597465,2569536,2569536,2569536,2569536,0.0,,0.16499999999996362,2.29200000000003,0.17899999999997362,1.495999999999981,2.6359999999999673,4.579,,,,,10.436,22.048,4.642,,2.70799999999997,8.081000000000017,20.374000000000024,2.993000000000052,"{('cu', 'start'): 825.0, ('cu', 'h2dmalloc'): 825.051, ('cu', 'h2d'): 825.24, ('cu', 'workest'): 825.405, ('cu', 'compute'): 827.697, ('cu', 'copy'): 827.876, ('cu', 'pack'): 827.948, ('cu', 'd2h'): 829.444, ('gust', 'start'): 829.591, ('gust', 'h2d'): 830.67, ('gust', 'count'): 830.754, ('gust', 'scan'): 830.798, ('gust', 'expand'): 831.483, ('gust', 'sort'): 837.102, ('gust', 'reduce'): 837.67, ('gust', 'final'): 838.675, ('gust', 'pack'): 838.751, ('gust', 'd2h'): 839.664, ('merge', 'start'): 840.038, ('merge', 'h2d'): 840.424, ('merge', 'count'): 840.512, ('merge', 'scan'): 840.554, ('merge', 'expand'): 842.821, ('merge', 'merge'): 860.031, ('merge', 'final'): 860.364, ('merge', 'compact'): 860.724, ('merge', 'pack'): 860.798, ('merge', 'd2h'): 861.724, ('mrg2', 'start'): 862.098, ('mrg2', 'h2d'): 862.487, ('mrg2', 'count'): 862.605, ('mrg2', 'scan'): 862.652, ('mrg2', 'merge'): 865.001, ('mrg2', 'final'): 865.041, ('mrg2', 'compact'): 865.407, ('mrg2', 'pack'): 865.48, ('mrg2', 'd2h'): 866.397}",32.82141394447535,1.582873592688702
Highly sparse,bcsstm04,132,132,0.7575757575757576,132,132,132,132,0.0,,0.05999999999994543,0.15800000000001546,0.05999999999994543,0.030000000000086402,0.2779999999999063,0.508,,,,,0.476,0.394,0.39,,0.30199999999990723,0.27699999999992997,0.19899999999995543,0.18299999999999272,"{('cu', 'start'): 673.173, ('cu', 'h2dmalloc'): 673.237, ('cu', 'h2d'): 673.253, ('cu', 'workest'): 673.313, ('cu', 'compute'): 673.471, ('cu', 'copy'): 673.531, ('cu', 'pack'): 673.555, ('cu', 'd2h'): 673.585, ('gust', 'start'): 673.7, ('gust', 'h2d'): 673.778, ('gust', 'count'): 673.807, ('gust', 'scan'): 673.85, ('gust', 'expand'): 673.883, ('gust', 'sort'): 673.932, ('gust', 'reduce'): 673.975, ('gust', 'final'): 674.032, ('gust', 'pack'): 674.055, ('gust', 'd2h'): 674.066, ('merge', 'start'): 674.189, ('merge', 'h2d'): 674.269, ('merge', 'count'): 674.29, ('merge', 'scan'): 674.332, ('merge', 'expand'): 674.356, ('merge', 'merge'): 674.378, ('merge', 'final'): 674.42, ('merge', 'compact'): 674.449, ('merge', 'pack'): 674.468, ('merge', 'd2h'): 674.48, ('mrg2', 'start'): 674.594, ('mrg2', 'h2d'): 674.67, ('mrg2', 'count'): 674.693, ('mrg2', 'scan'): 674.735, ('mrg2', 'merge'): 674.762, ('mrg2', 'final'): 674.797, ('mrg2', 'compact'): 674.834, ('mrg2', 'pack'): 674.853, ('mrg2', 'd2h'): 674.876}",0.0303789274767041,0.1764544003410265
Highly sparse,bcsstk15,3948,117816,0.7558750073139261,527688,527688,527688,527688,0.0,,0.1309999999999718,0.7659999999999627,0.19299999999998363,0.6990000000000691,1.0899999999999181,2.202,,,,,2.685,3.292,1.718,,1.1819999999999027,1.8729999999999336,2.491999999999962,0.9139999999999873,"{('cu', 'start'): 729.349, ('cu', 'h2dmalloc'): 729.414, ('cu', 'h2d'): 729.498, ('cu', 'workest'): 729.629, ('cu', 'compute'): 730.395, ('cu', 'copy'): 730.588, ('cu', 'pack'): 730.68, ('cu', 'd2h'): 731.379, ('gust', 'start'): 731.566, ('gust', 'h2d'): 731.71, ('gust', 'count'): 731.741, ('gust', 'scan'): 731.8, ('gust', 'expand'): 731.99, ('gust', 'sort'): 732.722, ('gust', 'reduce'): 732.946, ('gust', 'final'): 733.483, ('gust', 'pack'): 733.583, ('gust', 'd2h'): 733.93, ('merge', 'start'): 734.266, ('merge', 'h2d'): 734.408, ('merge', 'count'): 734.439, ('merge', 'scan'): 734.482, ('merge', 'expand'): 734.854, ('merge', 'merge'): 736.277, ('merge', 'final'): 736.493, ('merge', 'compact'): 736.806, ('merge', 'pack'): 736.9, ('merge', 'd2h'): 737.245, ('mrg2', 'start'): 737.571, ('mrg2', 'h2d'): 737.711, ('mrg2', 'count'): 737.741, ('mrg2', 'scan'): 737.794, ('mrg2', 'merge'): 738.187, ('mrg2', 'final'): 738.232, ('mrg2', 'compact'): 738.531, ('mrg2', 'pack'): 738.625, ('mrg2', 'd2h'): 738.974}",3.4464149503037333,0.4323039997601882
Highly sparse,bcsstm22,138,138,0.7246376811594203,138,138,138,138,0.0,,0.05899999999996908,0.16399999999998727,0.06000000000005912,0.027000000000043656,0.28300000000001546,0.514,,,,,0.446,0.382,0.358,,0.3079999999999927,0.25299999999992906,0.19499999999993634,0.17200000000002547,"{('cu', 'start'): 681.238, ('cu', 'h2dmalloc'): 681.301, ('cu', 'h2d'): 681.317, ('cu', 'workest'): 681.376, ('cu', 'compute'): 681.54, ('cu', 'copy'): 681.6, ('cu', 'pack'): 681.625, ('cu', 'd2h'): 681.652, ('gust', 'start'): 681.765, ('gust', 'h2d'): 681.845, ('gust', 'count'): 681.868, ('gust', 'scan'): 681.909, ('gust', 'expand'): 681.931, ('gust', 'sort'): 681.979, ('gust', 'reduce'): 682.021, ('gust', 'final'): 682.077, ('gust', 'pack'): 682.098, ('gust', 'd2h'): 682.109, ('merge', 'start'): 682.221, ('merge', 'h2d'): 682.296, ('merge', 'count'): 682.317, ('merge', 'scan'): 682.355, ('merge', 'expand'): 682.378, ('merge', 'merge'): 682.399, ('merge', 'final'): 682.44, ('merge', 'compact'): 682.472, ('merge', 'pack'): 682.491, ('merge', 'd2h'): 682.502, ('mrg2', 'start'): 682.613, ('mrg2', 'h2d'): 682.689, ('mrg2', 'count'): 682.709, ('mrg2', 'scan'): 682.749, ('mrg2', 'merge'): 682.773, ('mrg2', 'final'): 682.808, ('mrg2', 'compact'): 682.84, ('mrg2', 'pack'): 682.861, ('mrg2', 'd2h'): 682.872}",0.0210889847949147,0.173715200740844
Highly sparse,bp_1600,822,4841,0.7164591732229859,23625,23625,23625,23625,0.0,,0.056999999999902684,0.18000000000006366,0.05600000000004002,0.03799999999989723,0.29300000000000637,0.519,,,,,0.655,17.465,1.652,,0.3120000000000118,0.44399999999996,17.24000000000001,1.4389999999999645,"{('cu', 'start'): 732.993, ('cu', 'h2dmalloc'): 733.059, ('cu', 'h2d'): 733.08, ('cu', 'workest'): 733.137, ('cu', 'compute'): 733.317, ('cu', 'copy'): 733.373, ('cu', 'pack'): 733.392, ('cu', 'd2h'): 733.43, ('gust', 'start'): 733.532, ('gust', 'h2d'): 733.615, ('gust', 'count'): 733.649, ('gust', 'scan'): 733.689, ('gust', 'expand'): 733.759, ('gust', 'sort'): 733.938, ('gust', 'reduce'): 733.985, ('gust', 'final'): 734.04, ('gust', 'pack'): 734.059, ('gust', 'd2h'): 734.083, ('merge', 'start'): 734.197, ('merge', 'h2d'): 734.28, ('merge', 'count'): 734.316, ('merge', 'scan'): 734.353, ('merge', 'expand'): 734.603, ('merge', 'merge'): 751.423, ('merge', 'final'): 751.478, ('merge', 'compact'): 751.502, ('merge', 'pack'): 751.52, ('merge', 'd2h'): 751.544, ('mrg2', 'start'): 751.678, ('mrg2', 'h2d'): 751.768, ('mrg2', 'count'): 751.812, ('mrg2', 'scan'): 751.851, ('mrg2', 'merge'): 753.127, ('mrg2', 'final'): 753.165, ('mrg2', 'compact'): 753.189, ('mrg2', 'pack'): 753.207, ('mrg2', 'd2h'): 753.231}",0.066544977016747,0.2720031994860619
Highly sparse,bp_1400,822,4790,0.7089112662132002,23154,23154,23154,23154,0.0,,0.06500000000005457,0.18999999999994088,0.059000000000082764,0.038000000000010914,0.3140000000000782,0.561,,,,,0.599,17.825,1.65,,0.33400000000006,0.3810000000000855,17.565000000000055,1.4080000000000155,"{('cu', 'start'): 746.446, ('cu', 'h2dmalloc'): 746.512, ('cu', 'h2d'): 746.53, ('cu', 'workest'): 746.595, ('cu', 'compute'): 746.785, ('cu', 'copy'): 746.844, ('cu', 'pack'): 746.864, ('cu', 'd2h'): 746.902, ('gust', 'start'): 747.02, ('gust', 'h2d'): 747.103, ('gust', 'count'): 747.137, ('gust', 'scan'): 747.178, ('gust', 'expand'): 747.232, ('gust', 'sort'): 747.363, ('gust', 'reduce'): 747.407, ('gust', 'final'): 747.465, ('gust', 'pack'): 747.484, ('gust', 'd2h'): 747.508, ('merge', 'start'): 747.63, ('merge', 'h2d'): 747.712, ('merge', 'count'): 747.745, ('merge', 'scan'): 747.784, ('merge', 'expand'): 748.034, ('merge', 'merge'): 765.143, ('merge', 'final'): 765.229, ('merge', 'compact'): 765.256, ('merge', 'pack'): 765.277, ('merge', 'd2h'): 765.302, ('mrg2', 'start'): 765.47, ('mrg2', 'h2d'): 765.578, ('mrg2', 'count'): 765.614, ('mrg2', 'scan'): 765.656, ('mrg2', 'merge'): 766.903, ('mrg2', 'final'): 766.941, ('mrg2', 'compact'): 766.967, ('mrg2', 'pack'): 766.986, ('mrg2', 'd2h'): 767.011}",0.075479969382286,0.2652896002400666
Highly sparse,bp_1200,822,4726,0.6994393829068026,22313,22313,22313,22313,0.0,,0.06600000000003092,0.19900000000006912,0.05999999999994543,0.04100000000005366,0.3250000000000455,0.566,,,,,0.602,17.975,1.643,,0.3450000000000273,0.39400000000000546,17.76400000000001,1.4220000000000255,"{('cu', 'start'): 729.441, ('cu', 'h2dmalloc'): 729.507, ('cu', 'h2d'): 729.526, ('cu', 'workest'): 729.592, ('cu', 'compute'): 729.791, ('cu', 'copy'): 729.851, ('cu', 'pack'): 729.871, ('cu', 'd2h'): 729.912, ('gust', 'start'): 730.021, ('gust', 'h2d'): 730.104, ('gust', 'count'): 730.143, ('gust', 'scan'): 730.185, ('gust', 'expand'): 730.241, ('gust', 'sort'): 730.375, ('gust', 'reduce'): 730.42, ('gust', 'final'): 730.479, ('gust', 'pack'): 730.498, ('gust', 'd2h'): 730.522, ('merge', 'start'): 730.634, ('merge', 'h2d'): 730.723, ('merge', 'count'): 730.756, ('merge', 'scan'): 730.794, ('merge', 'expand'): 731.046, ('merge', 'merge'): 748.402, ('merge', 'final'): 748.443, ('merge', 'compact'): 748.468, ('merge', 'pack'): 748.487, ('merge', 'd2h'): 748.511, ('mrg2', 'start'): 748.62, ('mrg2', 'h2d'): 748.704, ('mrg2', 'count'): 748.738, ('mrg2', 'scan'): 748.777, ('mrg2', 'merge'): 750.043, ('mrg2', 'final'): 750.083, ('mrg2', 'compact'): 750.107, ('mrg2', 'pack'): 750.126, ('mrg2', 'd2h'): 750.15}",0.0928399385884404,0.2459040006855502
Highly sparse,685_bus,685,3249,0.6924183494059353,9337,9337,9337,9337,0.0,,0.06000000000005912,0.16899999999998272,0.06099999999992178,0.03300000000001546,0.2899999999999636,0.528,,,,,0.556,0.496,0.414,,0.31399999999996453,0.35199999999997544,0.28099999999994907,0.20799999999997,"{('cu', 'start'): 680.409, ('cu', 'h2dmalloc'): 680.473, ('cu', 'h2d'): 680.491, ('cu', 'workest'): 680.551, ('cu', 'compute'): 680.72, ('cu', 'copy'): 680.781, ('cu', 'pack'): 680.805, ('cu', 'd2h'): 680.838, ('gust', 'start'): 680.956, ('gust', 'h2d'): 681.037, ('gust', 'count'): 681.064, ('gust', 'scan'): 681.106, ('gust', 'expand'): 681.133, ('gust', 'sort'): 681.253, ('gust', 'reduce'): 681.3, ('gust', 'final'): 681.365, ('gust', 'pack'): 681.389, ('gust', 'd2h'): 681.406, ('merge', 'start'): 681.526, ('merge', 'h2d'): 681.619, ('merge', 'count'): 681.644, ('merge', 'scan'): 681.685, ('merge', 'expand'): 681.722, ('merge', 'merge'): 681.803, ('merge', 'final'): 681.846, ('merge', 'compact'): 681.873, ('merge', 'pack'): 681.9, ('merge', 'd2h'): 681.917, ('mrg2', 'start'): 682.035, ('mrg2', 'h2d'): 682.116, ('mrg2', 'count'): 682.139, ('mrg2', 'scan'): 682.18, ('mrg2', 'merge'): 682.239, ('mrg2', 'final'): 682.278, ('mrg2', 'compact'): 682.306, ('mrg2', 'pack'): 682.324, ('mrg2', 'd2h'): 682.342}",0.0643079401925206,0.2215391993522644
Highly sparse,bp_1000,822,4661,0.6898195014237425,21373,21373,21373,21373,0.0,,0.06099999999992178,0.19000000000005457,0.057999999999992724,0.03899999999998727,0.3089999999999691,0.547,,,,,0.606,17.58,1.604,,0.32799999999997453,0.3929999999999154,17.377000000000066,1.399000000000001,"{('cu', 'start'): 737.602, ('cu', 'h2dmalloc'): 737.671, ('cu', 'h2d'): 737.69, ('cu', 'workest'): 737.751, ('cu', 'compute'): 737.941, ('cu', 'copy'): 737.999, ('cu', 'pack'): 738.018, ('cu', 'd2h'): 738.057, ('gust', 'start'): 738.162, ('gust', 'h2d'): 738.244, ('gust', 'count'): 738.279, ('gust', 'scan'): 738.319, ('gust', 'expand'): 738.376, ('gust', 'sort'): 738.507, ('gust', 'reduce'): 738.561, ('gust', 'final'): 738.619, ('gust', 'pack'): 738.637, ('gust', 'd2h'): 738.66, ('merge', 'start'): 738.779, ('merge', 'h2d'): 738.858, ('merge', 'count'): 738.894, ('merge', 'scan'): 738.933, ('merge', 'expand'): 739.178, ('merge', 'merge'): 756.151, ('merge', 'final'): 756.193, ('merge', 'compact'): 756.217, ('merge', 'pack'): 756.235, ('merge', 'd2h'): 756.258, ('mrg2', 'start'): 756.369, ('mrg2', 'h2d'): 756.448, ('mrg2', 'count'): 756.482, ('mrg2', 'scan'): 756.527, ('mrg2', 'merge'): 757.768, ('mrg2', 'final'): 757.806, ('mrg2', 'compact'): 757.83, ('mrg2', 'pack'): 757.847, ('mrg2', 'd2h'): 757.871}",0.0933149131014943,0.2632063998142257
Highly sparse,494_bus,494,1666,0.6826861610582045,4062,4062,4062,4062,0.0,,0.06799999999998363,0.17499999999995453,0.059000000000082764,0.028999999999996362,0.3020000000000209,0.536,,,,,0.574,0.45,0.417,,0.3250000000000455,0.36200000000008004,0.2480000000000473,0.20000000000004547,"{('cu', 'start'): 685.206, ('cu', 'h2dmalloc'): 685.272, ('cu', 'h2d'): 685.293, ('cu', 'workest'): 685.361, ('cu', 'compute'): 685.536, ('cu', 'copy'): 685.595, ('cu', 'pack'): 685.618, ('cu', 'd2h'): 685.647, ('gust', 'start'): 685.763, ('gust', 'h2d'): 685.848, ('gust', 'count'): 685.882, ('gust', 'scan'): 685.924, ('gust', 'expand'): 685.95, ('gust', 'sort'): 686.066, ('gust', 'reduce'): 686.121, ('gust', 'final'): 686.187, ('gust', 'pack'): 686.21, ('gust', 'd2h'): 686.224, ('merge', 'start'): 686.346, ('merge', 'h2d'): 686.433, ('merge', 'count'): 686.457, ('merge', 'scan'): 686.498, ('merge', 'expand'): 686.528, ('merge', 'merge'): 686.581, ('merge', 'final'): 686.631, ('merge', 'compact'): 686.657, ('merge', 'pack'): 686.681, ('merge', 'd2h'): 686.695, ('mrg2', 'start'): 686.81, ('mrg2', 'h2d'): 686.895, ('mrg2', 'count'): 686.918, ('mrg2', 'scan'): 686.958, ('mrg2', 'merge'): 687.003, ('mrg2', 'final'): 687.048, ('mrg2', 'compact'): 687.074, ('mrg2', 'pack'): 687.095, ('mrg2', 'd2h'): 687.121}",0.0661249505355954,0.2130399998510256
Highly sparse,bp_800,822,4534,0.6710237329876096,20224,20224,20224,20224,0.0,,0.05999999999994543,0.19600000000002638,0.05899999999996908,0.038000000000010914,0.3149999999999409,0.553,,,,,0.59,16.996,1.587,,0.33399999999994634,0.37999999999999545,16.787000000000035,1.3710000000000946,"{('cu', 'start'): 731.981, ('cu', 'h2dmalloc'): 732.047, ('cu', 'h2d'): 732.066, ('cu', 'workest'): 732.126, ('cu', 'compute'): 732.322, ('cu', 'copy'): 732.381, ('cu', 'pack'): 732.4, ('cu', 'd2h'): 732.438, ('gust', 'start'): 732.55, ('gust', 'h2d'): 732.631, ('gust', 'count'): 732.665, ('gust', 'scan'): 732.707, ('gust', 'expand'): 732.761, ('gust', 'sort'): 732.893, ('gust', 'reduce'): 732.938, ('gust', 'final'): 732.992, ('gust', 'pack'): 733.011, ('gust', 'd2h'): 733.033, ('merge', 'start'): 733.152, ('merge', 'h2d'): 733.233, ('merge', 'count'): 733.266, ('merge', 'scan'): 733.304, ('merge', 'expand'): 733.543, ('merge', 'merge'): 749.929, ('merge', 'final'): 749.977, ('merge', 'compact'): 750.001, ('merge', 'pack'): 750.02, ('merge', 'd2h'): 750.043, ('mrg2', 'start'): 750.159, ('mrg2', 'h2d'): 750.242, ('mrg2', 'count'): 750.276, ('mrg2', 'scan'): 750.316, ('mrg2', 'merge'): 751.532, ('mrg2', 'final'): 751.571, ('mrg2', 'compact'): 751.595, ('mrg2', 'pack'): 751.613, ('mrg2', 'd2h'): 751.636}",0.0839090207591652,0.2594720003195107
Highly sparse,bcsstm05,153,153,0.6535947712418301,153,153,153,153,0.0,,0.06799999999998363,0.1710000000000491,0.05899999999996908,0.027000000000043656,0.2980000000000018,0.528,,,,,0.474,0.399,0.384,,0.32200000000000273,0.27499999999997726,0.1999999999999318,0.18600000000003547,"{('cu', 'start'): 679.005, ('cu', 'h2dmalloc'): 679.07, ('cu', 'h2d'): 679.087, ('cu', 'workest'): 679.155, ('cu', 'compute'): 679.326, ('cu', 'copy'): 679.385, ('cu', 'pack'): 679.409, ('cu', 'd2h'): 679.436, ('gust', 'start'): 679.55, ('gust', 'h2d'): 679.631, ('gust', 'count'): 679.655, ('gust', 'scan'): 679.697, ('gust', 'expand'): 679.722, ('gust', 'sort'): 679.77, ('gust', 'reduce'): 679.816, ('gust', 'final'): 679.883, ('gust', 'pack'): 679.906, ('gust', 'd2h'): 679.917, ('merge', 'start'): 680.038, ('merge', 'h2d'): 680.119, ('merge', 'count'): 680.141, ('merge', 'scan'): 680.18, ('merge', 'expand'): 680.205, ('merge', 'merge'): 680.229, ('merge', 'final'): 680.271, ('merge', 'compact'): 680.3, ('merge', 'pack'): 680.319, ('merge', 'd2h'): 680.331, ('mrg2', 'start'): 680.447, ('mrg2', 'h2d'): 680.524, ('mrg2', 'count'): 680.547, ('mrg2', 'scan'): 680.588, ('mrg2', 'merge'): 680.613, ('mrg2', 'final'): 680.652, ('mrg2', 'compact'): 680.69, ('mrg2', 'pack'): 680.71, ('mrg2', 'd2h'): 680.722}",0.0510000390931963,0.1744575990596786
Highly sparse,bp_600,822,4172,0.6174483930357978,16464,16464,16464,16464,0.0,,0.06200000000001182,0.19799999999997908,0.057999999999992724,0.033999999999991815,0.31799999999998363,0.548,,,,,0.581,16.457,1.552,,0.3369999999999891,0.37599999999997635,16.24700000000007,1.342999999999961,"{('cu', 'start'): 724.33, ('cu', 'h2dmalloc'): 724.397, ('cu', 'h2d'): 724.414, ('cu', 'workest'): 724.476, ('cu', 'compute'): 724.674, ('cu', 'copy'): 724.732, ('cu', 'pack'): 724.751, ('cu', 'd2h'): 724.785, ('gust', 'start'): 724.889, ('gust', 'h2d'): 724.97, ('gust', 'count'): 725.013, ('gust', 'scan'): 725.054, ('gust', 'expand'): 725.103, ('gust', 'sort'): 725.227, ('gust', 'reduce'): 725.271, ('gust', 'final'): 725.327, ('gust', 'pack'): 725.346, ('gust', 'd2h'): 725.366, ('merge', 'start'): 725.479, ('merge', 'h2d'): 725.56, ('merge', 'count'): 725.594, ('merge', 'scan'): 725.633, ('merge', 'expand'): 725.854, ('merge', 'merge'): 741.722, ('merge', 'final'): 741.764, ('merge', 'compact'): 741.788, ('merge', 'pack'): 741.807, ('merge', 'd2h'): 741.827, ('mrg2', 'start'): 741.948, ('mrg2', 'h2d'): 742.033, ('mrg2', 'count'): 742.066, ('mrg2', 'scan'): 742.105, ('mrg2', 'merge'): 743.296, ('mrg2', 'final'): 743.334, ('mrg2', 'compact'): 743.358, ('mrg2', 'pack'): 743.376, ('mrg2', 'd2h'): 743.397}",0.0702819088473916,0.2639231993118301
Highly sparse,bp_400,822,4028,0.596136655596403,15238,15238,15238,15238,0.0,,0.06000000000005912,0.2039999999999509,0.05899999999996908,0.03499999999996817,0.3229999999999791,0.557,,,,,0.578,15.341,1.486,,0.3410000000000082,0.3689999999999145,15.13900000000001,1.2849999999999682,"{('cu', 'start'): 740.937, ('cu', 'h2dmalloc'): 741.002, ('cu', 'h2d'): 741.02, ('cu', 'workest'): 741.08, ('cu', 'compute'): 741.284, ('cu', 'copy'): 741.343, ('cu', 'pack'): 741.361, ('cu', 'd2h'): 741.396, ('gust', 'start'): 741.506, ('gust', 'h2d'): 741.59, ('gust', 'count'): 741.625, ('gust', 'scan'): 741.667, ('gust', 'expand'): 741.714, ('gust', 'sort'): 741.835, ('gust', 'reduce'): 741.879, ('gust', 'final'): 741.938, ('gust', 'pack'): 741.959, ('gust', 'd2h'): 741.979, ('merge', 'start'): 742.092, ('merge', 'h2d'): 742.17, ('merge', 'count'): 742.205, ('merge', 'scan'): 742.251, ('merge', 'expand'): 742.466, ('merge', 'merge'): 757.216, ('merge', 'final'): 757.265, ('merge', 'compact'): 757.291, ('merge', 'pack'): 757.309, ('merge', 'd2h'): 757.329, ('mrg2', 'start'): 757.447, ('mrg2', 'h2d'): 757.527, ('mrg2', 'count'): 757.567, ('mrg2', 'scan'): 757.605, ('mrg2', 'merge'): 758.732, ('mrg2', 'final'): 758.77, ('mrg2', 'compact'): 758.793, ('mrg2', 'pack'): 758.812, ('mrg2', 'd2h'): 758.831}",0.0806740717962384,0.2608895994024351
Highly sparse,662_bus,662,2474,0.5645256980129791,6480,6480,6480,6480,0.0,,0.07200000000000273,0.18799999999998818,0.06399999999996453,0.028999999999996362,0.32399999999995543,0.573,,,,,0.543,0.466,0.408,,0.35000000000002274,0.33199999999999363,0.25099999999997635,0.19900000000006912,"{('cu', 'start'): 675.648, ('cu', 'h2dmalloc'): 675.714, ('cu', 'h2d'): 675.736, ('cu', 'workest'): 675.808, ('cu', 'compute'): 675.996, ('cu', 'copy'): 676.06, ('cu', 'pack'): 676.086, ('cu', 'd2h'): 676.115, ('gust', 'start'): 676.234, ('gust', 'h2d'): 676.328, ('gust', 'count'): 676.352, ('gust', 'scan'): 676.394, ('gust', 'expand'): 676.419, ('gust', 'sort'): 676.54, ('gust', 'reduce'): 676.586, ('gust', 'final'): 676.64, ('gust', 'pack'): 676.66, ('gust', 'd2h'): 676.674, ('merge', 'start'): 676.789, ('merge', 'h2d'): 676.888, ('merge', 'count'): 676.915, ('merge', 'scan'): 676.956, ('merge', 'expand'): 676.987, ('merge', 'merge'): 677.045, ('merge', 'final'): 677.088, ('merge', 'compact'): 677.116, ('merge', 'pack'): 677.139, ('merge', 'd2h'): 677.153, ('mrg2', 'start'): 677.27, ('mrg2', 'h2d'): 677.358, ('mrg2', 'count'): 677.382, ('mrg2', 'scan'): 677.422, ('mrg2', 'merge'): 677.474, ('mrg2', 'final'): 677.514, ('mrg2', 'compact'): 677.539, ('mrg2', 'pack'): 677.557, ('mrg2', 'd2h'): 677.572}",0.0783550785854458,0.2211391997057944
Highly sparse,bp_200,822,3802,0.5626890676706863,13197,13197,13197,13197,0.0,,0.06999999999993634,0.19700000000000273,0.06000000000005912,0.03300000000001546,0.3269999999999982,0.606,,,,,0.614,14.002,1.349,,0.34600000000000364,0.3830000000000382,13.77800000000002,1.125,"{('cu', 'start'): 736.474, ('cu', 'h2dmalloc'): 736.572, ('cu', 'h2d'): 736.595, ('cu', 'workest'): 736.665, ('cu', 'compute'): 736.862, ('cu', 'copy'): 736.922, ('cu', 'pack'): 736.941, ('cu', 'd2h'): 736.974, ('gust', 'start'): 737.098, ('gust', 'h2d'): 737.199, ('gust', 'count'): 737.235, ('gust', 'scan'): 737.278, ('gust', 'expand'): 737.326, ('gust', 'sort'): 737.454, ('gust', 'reduce'): 737.505, ('gust', 'final'): 737.563, ('gust', 'pack'): 737.582, ('gust', 'd2h'): 737.6, ('merge', 'start'): 737.724, ('merge', 'h2d'): 737.822, ('merge', 'count'): 737.859, ('merge', 'scan'): 737.899, ('merge', 'expand'): 738.094, ('merge', 'merge'): 751.513, ('merge', 'final'): 751.558, ('merge', 'compact'): 751.582, ('merge', 'pack'): 751.6, ('merge', 'd2h'): 751.619, ('mrg2', 'start'): 751.74, ('mrg2', 'h2d'): 751.837, ('mrg2', 'count'): 751.872, ('mrg2', 'scan'): 751.912, ('mrg2', 'merge'): 752.882, ('mrg2', 'final'): 752.92, ('mrg2', 'compact'): 752.943, ('mrg2', 'pack'): 752.962, ('mrg2', 'd2h'): 752.98}",0.0887929927557706,0.2541823989711702
Highly sparse,bcsstm13,2003,21943,0.5469329704893483,90811,90811,90811,90811,0.0,,0.07299999999997908,0.37999999999999545,0.06499999999994088,0.18200000000001637,0.5179999999999154,0.956,,,,,1.5,3.073,1.028,,0.5389999999999873,1.2089999999999463,2.7899999999999636,0.7430000000000518,"{('cu', 'start'): 712.09, ('cu', 'h2dmalloc'): 712.174, ('cu', 'h2d'): 712.21, ('cu', 'workest'): 712.283, ('cu', 'compute'): 712.663, ('cu', 'copy'): 712.728, ('cu', 'pack'): 712.749, ('cu', 'd2h'): 712.931, ('gust', 'start'): 713.062, ('gust', 'h2d'): 713.182, ('gust', 'count'): 713.216, ('gust', 'scan'): 713.262, ('gust', 'expand'): 713.434, ('gust', 'sort'): 713.785, ('gust', 'reduce'): 713.968, ('gust', 'final'): 714.364, ('gust', 'pack'): 714.391, ('gust', 'd2h'): 714.46, ('merge', 'start'): 714.579, ('merge', 'h2d'): 714.695, ('merge', 'count'): 714.732, ('merge', 'scan'): 714.777, ('merge', 'expand'): 715.202, ('merge', 'merge'): 717.082, ('merge', 'final'): 717.287, ('merge', 'compact'): 717.461, ('merge', 'pack'): 717.485, ('merge', 'd2h'): 717.554, ('mrg2', 'start'): 717.665, ('mrg2', 'h2d'): 717.779, ('mrg2', 'count'): 717.811, ('mrg2', 'scan'): 717.854, ('mrg2', 'merge'): 718.275, ('mrg2', 'final'): 718.319, ('mrg2', 'compact'): 718.498, ('mrg2', 'pack'): 718.522, ('mrg2', 'd2h'): 718.591}",0.551109085790813,0.4603455991949886
Highly sparse,bp_0,822,3276,0.4848420267462305,9384,9384,9384,9384,0.0,,0.06100000000003547,0.17899999999997362,0.057999999999992724,0.030000000000086402,0.2980000000000018,0.525,,,,,0.568,11.313,1.199,,0.31799999999998363,0.36400000000003274,11.119000000000028,0.9970000000000709,"{('cu', 'start'): 715.769, ('cu', 'h2dmalloc'): 715.835, ('cu', 'h2d'): 715.852, ('cu', 'workest'): 715.913, ('cu', 'compute'): 716.092, ('cu', 'copy'): 716.15, ('cu', 'pack'): 716.17, ('cu', 'd2h'): 716.2, ('gust', 'start'): 716.308, ('gust', 'h2d'): 716.39, ('gust', 'count'): 716.422, ('gust', 'scan'): 716.462, ('gust', 'expand'): 716.506, ('gust', 'sort'): 716.632, ('gust', 'reduce'): 716.677, ('gust', 'final'): 716.733, ('gust', 'pack'): 716.754, ('gust', 'd2h'): 716.77, ('merge', 'start'): 716.884, ('merge', 'h2d'): 716.963, ('merge', 'count'): 716.997, ('merge', 'scan'): 717.036, ('merge', 'expand'): 717.196, ('merge', 'merge'): 727.998, ('merge', 'final'): 728.04, ('merge', 'compact'): 728.064, ('merge', 'pack'): 728.082, ('merge', 'd2h'): 728.098, ('mrg2', 'start'): 728.209, ('mrg2', 'h2d'): 728.285, ('mrg2', 'count'): 728.318, ('mrg2', 'scan'): 728.355, ('mrg2', 'merge'): 729.202, ('mrg2', 'final'): 729.24, ('mrg2', 'compact'): 729.263, ('mrg2', 'pack'): 729.282, ('mrg2', 'd2h'): 729.298}",0.0926000066101551,0.2462527999887243
Highly sparse,bcsstk23,3134,45178,0.45996948062076437,220632,220632,220632,220632,0.0,,0.06900000000007367,0.34399999999993724,0.1490000000000009,0.3369999999999891,0.5620000000000118,1.273,,,,,1.799,1.955,1.225,,0.6700000000000728,1.2939999999999827,1.461999999999989,0.7220000000000937,"{('cu', 'start'): 700.938, ('cu', 'h2dmalloc'): 700.999, ('cu', 'h2d'): 701.04, ('cu', 'workest'): 701.109, ('cu', 'compute'): 701.453, ('cu', 'copy'): 701.602, ('cu', 'pack'): 701.71, ('cu', 'd2h'): 702.047, ('gust', 'start'): 702.227, ('gust', 'h2d'): 702.328, ('gust', 'count'): 702.357, ('gust', 'scan'): 702.401, ('gust', 'expand'): 702.567, ('gust', 'sort'): 702.907, ('gust', 'reduce'): 703.095, ('gust', 'final'): 703.532, ('gust', 'pack'): 703.622, ('gust', 'd2h'): 703.775, ('merge', 'start'): 704.04, ('merge', 'h2d'): 704.14, ('merge', 'count'): 704.167, ('merge', 'scan'): 704.208, ('merge', 'expand'): 704.423, ('merge', 'merge'): 705.081, ('merge', 'final'): 705.278, ('merge', 'compact'): 705.518, ('merge', 'pack'): 705.602, ('merge', 'd2h'): 705.755, ('mrg2', 'start'): 706.013, ('mrg2', 'h2d'): 706.117, ('mrg2', 'count'): 706.149, ('mrg2', 'scan'): 706.196, ('mrg2', 'merge'): 706.454, ('mrg2', 'final'): 706.517, ('mrg2', 'compact'): 706.756, ('mrg2', 'pack'): 706.839, ('mrg2', 'd2h'): 706.995}",1.8056790577247737,0.3713407999137416
Highly sparse,bcsstk17,10974,428650,0.35593682023042417,1406936,1406936,1406936,1406936,0.0,,0.19100000000003092,1.8659999999999854,0.20100000000002183,1.4779999999999518,2.258000000000038,4.341,,,,,6.1,11.493,3.226,,2.3490000000000464,4.351999999999975,9.830000000000041,1.5600000000000591,"{('cu', 'start'): 816.317, ('cu', 'h2dmalloc'): 816.404, ('cu', 'h2d'): 816.659, ('cu', 'workest'): 816.85, ('cu', 'compute'): 818.716, ('cu', 'copy'): 818.917, ('cu', 'pack'): 819.008, ('cu', 'd2h'): 820.486, ('gust', 'start'): 820.673, ('gust', 'h2d'): 821.077, ('gust', 'count'): 821.176, ('gust', 'scan'): 821.236, ('gust', 'expand'): 821.563, ('gust', 'sort'): 824.197, ('gust', 'reduce'): 824.594, ('gust', 'final'): 825.312, ('gust', 'pack'): 825.429, ('gust', 'd2h'): 826.329, ('merge', 'start'): 826.787, ('merge', 'h2d'): 827.127, ('merge', 'count'): 827.226, ('merge', 'scan'): 827.278, ('merge', 'expand'): 828.496, ('merge', 'merge'): 836.22, ('merge', 'final'): 836.494, ('merge', 'compact'): 836.866, ('merge', 'pack'): 836.957, ('merge', 'd2h'): 837.856, ('mrg2', 'start'): 838.295, ('mrg2', 'h2d'): 838.631, ('mrg2', 'count'): 838.738, ('mrg2', 'scan'): 838.793, ('mrg2', 'merge'): 839.716, ('mrg2', 'final'): 839.764, ('mrg2', 'compact'): 840.102, ('mrg2', 'pack'): 840.191, ('mrg2', 'd2h'): 841.101}",64.65731502976269,0.8156032025814056
Highly sparse,blckhole,2132,14872,0.3271861986912552,41546,41546,41546,41546,0.0,,0.06499999999994088,0.25700000000006185,0.07600000000002183,0.14400000000000546,0.39800000000002456,0.765,,,,,0.913,0.754,0.479,,0.4199999999999591,0.5919999999999845,0.51400000000001,0.22800000000006548,"{('cu', 'start'): 686.058, ('cu', 'h2dmalloc'): 686.142, ('cu', 'h2d'): 686.168, ('cu', 'workest'): 686.233, ('cu', 'compute'): 686.49, ('cu', 'copy'): 686.566, ('cu', 'pack'): 686.588, ('cu', 'd2h'): 686.732, ('gust', 'start'): 686.838, ('gust', 'h2d'): 686.944, ('gust', 'count'): 686.972, ('gust', 'scan'): 687.014, ('gust', 'expand'): 687.045, ('gust', 'sort'): 687.326, ('gust', 'reduce'): 687.44, ('gust', 'final'): 687.512, ('gust', 'pack'): 687.536, ('gust', 'd2h'): 687.573, ('merge', 'start'): 687.766, ('merge', 'h2d'): 687.867, ('merge', 'count'): 687.896, ('merge', 'scan'): 687.938, ('merge', 'expand'): 687.982, ('merge', 'merge'): 688.207, ('merge', 'final'): 688.251, ('merge', 'compact'): 688.357, ('merge', 'pack'): 688.381, ('merge', 'd2h'): 688.418, ('mrg2', 'start'): 688.535, ('mrg2', 'h2d'): 688.637, ('mrg2', 'count'): 688.665, ('mrg2', 'scan'): 688.707, ('mrg2', 'merge'): 688.778, ('mrg2', 'final'): 688.817, ('mrg2', 'compact'): 688.845, ('mrg2', 'pack'): 688.865, ('mrg2', 'd2h'): 688.902}",0.5891080945730209,0.2262080003274604
Highly sparse,bcsstk29,13992,619488,0.31642683346621986,1965686,1965686,1965686,1965686,0.0,,0.17399999999997817,2.4109999999999445,0.17700000000002092,1.2339999999999236,2.7619999999999436,4.503,,,,,8.293,11.324,3.141,,2.86099999999999,5.953999999999951,9.259999999999991,1.6599999999999682,"{('cu', 'start'): 798.863, ('cu', 'h2dmalloc'): 798.93, ('cu', 'h2d'): 799.138, ('cu', 'workest'): 799.312, ('cu', 'compute'): 801.723, ('cu', 'copy'): 801.9, ('cu', 'pack'): 801.999, ('cu', 'd2h'): 803.233, ('gust', 'start'): 803.384, ('gust', 'h2d'): 804.687, ('gust', 'count'): 804.87, ('gust', 'scan'): 804.913, ('gust', 'expand'): 805.354, ('gust', 'sort'): 809.355, ('gust', 'reduce'): 809.805, ('gust', 'final'): 810.55, ('gust', 'pack'): 810.641, ('gust', 'd2h'): 811.335, ('merge', 'start'): 811.689, ('merge', 'h2d'): 812.695, ('merge', 'count'): 812.83, ('merge', 'scan'): 812.872, ('merge', 'expand'): 814.417, ('merge', 'merge'): 821.271, ('merge', 'final'): 821.534, ('merge', 'compact'): 821.866, ('merge', 'pack'): 821.955, ('merge', 'd2h'): 822.657, ('mrg2', 'start'): 823.026, ('mrg2', 'h2d'): 823.476, ('mrg2', 'count'): 823.585, ('mrg2', 'scan'): 823.625, ('mrg2', 'merge'): 824.689, ('mrg2', 'final'): 824.728, ('mrg2', 'compact'): 825.047, ('mrg2', 'pack'): 825.136, ('mrg2', 'd2h'): 825.834}",137.1321090264246,0.9718719962984324
Highly sparse,1138_bus,1138,4054,0.31303955695713814,11142,11142,11142,11142,0.0,,0.06400000000007822,0.19700000000000273,0.06499999999994088,0.035000000000081855,0.32600000000002183,0.568,,,,,0.56,0.512,0.417,,0.35000000000002274,0.35199999999997544,0.29899999999997817,0.2179999999999609,"{('cu', 'start'): 747.429, ('cu', 'h2dmalloc'): 747.494, ('cu', 'h2d'): 747.512, ('cu', 'workest'): 747.576, ('cu', 'compute'): 747.773, ('cu', 'copy'): 747.838, ('cu', 'pack'): 747.862, ('cu', 'd2h'): 747.897, ('gust', 'start'): 748.007, ('gust', 'h2d'): 748.092, ('gust', 'count'): 748.12, ('gust', 'scan'): 748.161, ('gust', 'expand'): 748.19, ('gust', 'sort'): 748.312, ('gust', 'reduce'): 748.36, ('gust', 'final'): 748.421, ('gust', 'pack'): 748.444, ('gust', 'd2h'): 748.461, ('merge', 'start'): 748.576, ('merge', 'h2d'): 748.668, ('merge', 'count'): 748.696, ('merge', 'scan'): 748.734, ('merge', 'expand'): 748.773, ('merge', 'merge'): 748.874, ('merge', 'final'): 748.918, ('merge', 'compact'): 748.948, ('merge', 'pack'): 748.967, ('merge', 'd2h'): 748.987, ('mrg2', 'start'): 749.095, ('mrg2', 'h2d'): 749.173, ('mrg2', 'count'): 749.2, ('mrg2', 'scan'): 749.238, ('mrg2', 'merge'): 749.304, ('mrg2', 'final'): 749.345, ('mrg2', 'compact'): 749.37, ('mrg2', 'pack'): 749.391, ('mrg2', 'd2h'): 749.41}",0.1138059888035059,0.2231584009015932
Highly sparse,bcspwr06,1454,5300,0.25069579909522466,14110,14110,14110,14110,0.0,,0.06100000000003547,0.17700000000002092,0.06200000000001182,0.038000000000010914,0.3000000000000682,0.547,,,,,0.569,0.488,0.424,,0.3240000000000691,0.3529999999999518,0.2799999999999727,0.22099999999988995,"{('cu', 'start'): 678.992, ('cu', 'h2dmalloc'): 679.057, ('cu', 'h2d'): 679.079, ('cu', 'workest'): 679.14, ('cu', 'compute'): 679.317, ('cu', 'copy'): 679.379, ('cu', 'pack'): 679.403, ('cu', 'd2h'): 679.441, ('gust', 'start'): 679.557, ('gust', 'h2d'): 679.643, ('gust', 'count'): 679.666, ('gust', 'scan'): 679.708, ('gust', 'expand'): 679.736, ('gust', 'sort'): 679.864, ('gust', 'reduce'): 679.911, ('gust', 'final'): 679.973, ('gust', 'pack'): 679.996, ('gust', 'd2h'): 680.015, ('merge', 'start'): 680.14, ('merge', 'h2d'): 680.224, ('merge', 'count'): 680.25, ('merge', 'scan'): 680.29, ('merge', 'expand'): 680.324, ('merge', 'merge'): 680.407, ('merge', 'final'): 680.454, ('merge', 'compact'): 680.485, ('merge', 'pack'): 680.504, ('merge', 'd2h'): 680.524, ('mrg2', 'start'): 680.634, ('mrg2', 'h2d'): 680.714, ('mrg2', 'count'): 680.74, ('mrg2', 'scan'): 680.788, ('mrg2', 'merge'): 680.85, ('mrg2', 'final'): 680.888, ('mrg2', 'compact'): 680.914, ('mrg2', 'pack'): 680.935, ('mrg2', 'd2h'): 680.954}",0.2354600001126527,0.2193855989957228
Highly sparse,bcsstk30,28924,2043492,0.24426218412514641,8946070,8946070,8946070,8946070,0.0,,0.32600000000002183,7.7309999999999945,0.26500000000010004,4.917000000000144,8.322000000000116,14.205,,,,,35.483,93.148,15.652,,8.394999999999982,30.32100000000014,87.70800000000008,11.215000000000146,"{('cu', 'start'): 1321.462, ('cu', 'h2dmalloc'): 1321.517, ('cu', 'h2d'): 1322.193, ('cu', 'workest'): 1322.519, ('cu', 'compute'): 1330.25, ('cu', 'copy'): 1330.515, ('cu', 'pack'): 1330.588, ('cu', 'd2h'): 1335.505, ('gust', 'start'): 1335.68, ('gust', 'h2d'): 1336.955, ('gust', 'count'): 1337.057, ('gust', 'scan'): 1337.101, ('gust', 'expand'): 1339.412, ('gust', 'sort'): 1362.666, ('gust', 'reduce'): 1364.599, ('gust', 'final'): 1367.193, ('gust', 'pack'): 1367.276, ('gust', 'd2h'): 1370.561, ('merge', 'start'): 1371.175, ('merge', 'h2d'): 1372.716, ('merge', 'count'): 1372.826, ('merge', 'scan'): 1372.869, ('merge', 'expand'): 1381.358, ('merge', 'merge'): 1458.719, ('merge', 'final'): 1459.541, ('merge', 'compact'): 1460.344, ('merge', 'pack'): 1460.424, ('merge', 'd2h'): 1463.81, ('mrg2', 'start'): 1464.334, ('mrg2', 'h2d'): 1465.081, ('mrg2', 'count'): 1465.199, ('mrg2', 'scan'): 1465.242, ('mrg2', 'merge'): 1475.071, ('mrg2', 'final'): 1475.112, ('mrg2', 'compact'): 1476.2, ('mrg2', 'pack'): 1476.296, ('mrg2', 'd2h'): 1479.559}",1181.0483779991046,2.3509535948280247
Highly sparse,bcsstm06,420,420,0.2380952380952381,420,420,420,420,0.0,,0.05700000000001637,0.16399999999998727,0.05700000000001637,0.026000000000067303,0.27800000000002,0.499,,,,,0.453,0.375,0.346,,0.29899999999997817,0.26300000000003365,0.18499999999994543,0.16399999999998727,"{('cu', 'start'): 667.216, ('cu', 'h2dmalloc'): 667.282, ('cu', 'h2d'): 667.299, ('cu', 'workest'): 667.356, ('cu', 'compute'): 667.52, ('cu', 'copy'): 667.577, ('cu', 'pack'): 667.598, ('cu', 'd2h'): 667.624, ('gust', 'start'): 667.727, ('gust', 'h2d'): 667.805, ('gust', 'count'): 667.828, ('gust', 'scan'): 667.868, ('gust', 'expand'): 667.89, ('gust', 'sort'): 667.938, ('gust', 'reduce'): 667.981, ('gust', 'final'): 668.046, ('gust', 'pack'): 668.068, ('gust', 'd2h'): 668.079, ('merge', 'start'): 668.194, ('merge', 'h2d'): 668.272, ('merge', 'count'): 668.293, ('merge', 'scan'): 668.332, ('merge', 'expand'): 668.354, ('merge', 'merge'): 668.375, ('merge', 'final'): 668.414, ('merge', 'compact'): 668.438, ('merge', 'pack'): 668.457, ('merge', 'd2h'): 668.468, ('mrg2', 'start'): 668.577, ('mrg2', 'h2d'): 668.65, ('mrg2', 'count'): 668.669, ('mrg2', 'scan'): 668.706, ('mrg2', 'merge'): 668.728, ('mrg2', 'final'): 668.761, ('mrg2', 'compact'): 668.794, ('mrg2', 'pack'): 668.814, ('mrg2', 'd2h'): 668.825}",0.0614899909123778,0.176620800094679
Highly sparse,bcspwr08,1624,6050,0.22939467106699993,16916,16916,16916,16916,0.0,,0.07100000000002638,0.17499999999995453,0.07000000000005002,0.04099999999993997,0.3160000000000309,0.598,,,,,0.603,0.522,0.445,,0.3390000000000555,0.36400000000003274,0.2960000000000491,0.2139999999999418,"{('cu', 'start'): 664.194, ('cu', 'h2dmalloc'): 664.276, ('cu', 'h2d'): 664.303, ('cu', 'workest'): 664.374, ('cu', 'compute'): 664.549, ('cu', 'copy'): 664.619, ('cu', 'pack'): 664.642, ('cu', 'd2h'): 664.683, ('gust', 'start'): 664.815, ('gust', 'h2d'): 664.919, ('gust', 'count'): 664.947, ('gust', 'scan'): 664.992, ('gust', 'expand'): 665.021, ('gust', 'sort'): 665.154, ('gust', 'reduce'): 665.201, ('gust', 'final'): 665.26, ('gust', 'pack'): 665.283, ('gust', 'd2h'): 665.304, ('merge', 'start'): 665.432, ('merge', 'h2d'): 665.53, ('merge', 'count'): 665.561, ('merge', 'scan'): 665.61, ('merge', 'expand'): 665.646, ('merge', 'merge'): 665.732, ('merge', 'final'): 665.777, ('merge', 'compact'): 665.806, ('merge', 'pack'): 665.826, ('merge', 'd2h'): 665.848, ('mrg2', 'start'): 665.974, ('mrg2', 'h2d'): 666.07, ('mrg2', 'count'): 666.098, ('mrg2', 'scan'): 666.138, ('mrg2', 'merge'): 666.199, ('mrg2', 'final'): 666.236, ('mrg2', 'compact'): 666.264, ('mrg2', 'pack'): 666.284, ('mrg2', 'd2h'): 666.306}",0.2719380427151918,0.223571201460436
Highly sparse,bcspwr07,1612,5824,0.22412551028576003,15684,15684,15684,15684,0.0,,0.06500000000005457,0.17999999999994998,0.06299999999998818,0.03700000000003456,0.3079999999999927,0.559,,,,,0.571,0.495,0.437,,0.33299999999997,0.35999999999989996,0.28099999999994907,0.21699999999998454,"{('cu', 'start'): 689.315, ('cu', 'h2dmalloc'): 689.38, ('cu', 'h2d'): 689.4, ('cu', 'workest'): 689.465, ('cu', 'compute'): 689.645, ('cu', 'copy'): 689.708, ('cu', 'pack'): 689.733, ('cu', 'd2h'): 689.77, ('gust', 'start'): 689.891, ('gust', 'h2d'): 689.974, ('gust', 'count'): 689.999, ('gust', 'scan'): 690.043, ('gust', 'expand'): 690.075, ('gust', 'sort'): 690.206, ('gust', 'reduce'): 690.253, ('gust', 'final'): 690.31, ('gust', 'pack'): 690.334, ('gust', 'd2h'): 690.354, ('merge', 'start'): 690.481, ('merge', 'h2d'): 690.567, ('merge', 'count'): 690.593, ('merge', 'scan'): 690.637, ('merge', 'expand'): 690.67, ('merge', 'merge'): 690.753, ('merge', 'final'): 690.799, ('merge', 'compact'): 690.828, ('merge', 'pack'): 690.848, ('merge', 'd2h'): 690.87, ('mrg2', 'start'): 690.987, ('mrg2', 'h2d'): 691.076, ('mrg2', 'count'): 691.102, ('mrg2', 'scan'): 691.14, ('mrg2', 'merge'): 691.203, ('mrg2', 'final'): 691.244, ('mrg2', 'compact'): 691.272, ('mrg2', 'pack'): 691.293, ('mrg2', 'd2h'): 691.315}",0.2783200470730662,0.2076575996354222
Highly sparse,bcspwr09,1723,6511,0.21931944613334525,18485,18485,18485,18485,0.0,,0.09300000000007458,0.19499999999993634,0.07200000000000273,0.04100000000005366,0.36000000000001364,0.663,,,,,0.612,0.492,0.441,,0.3870000000000573,0.3809999999999718,0.27800000000002,0.21800000000007458,"{('cu', 'start'): 698.792, ('cu', 'h2dmalloc'): 698.86, ('cu', 'h2d'): 698.887, ('cu', 'workest'): 698.98, ('cu', 'compute'): 699.175, ('cu', 'copy'): 699.247, ('cu', 'pack'): 699.274, ('cu', 'd2h'): 699.315, ('gust', 'start'): 699.472, ('gust', 'h2d'): 699.571, ('gust', 'count'): 699.599, ('gust', 'scan'): 699.643, ('gust', 'expand'): 699.673, ('gust', 'sort'): 699.804, ('gust', 'reduce'): 699.853, ('gust', 'final'): 699.927, ('gust', 'pack'): 699.952, ('gust', 'd2h'): 699.974, ('merge', 'start'): 700.096, ('merge', 'h2d'): 700.183, ('merge', 'count'): 700.209, ('merge', 'scan'): 700.25, ('merge', 'expand'): 700.282, ('merge', 'merge'): 700.371, ('merge', 'final'): 700.416, ('merge', 'compact'): 700.442, ('merge', 'pack'): 700.461, ('merge', 'd2h'): 700.484, ('mrg2', 'start'): 700.603, ('mrg2', 'h2d'): 700.689, ('mrg2', 'count'): 700.713, ('mrg2', 'scan'): 700.754, ('mrg2', 'merge'): 700.818, ('mrg2', 'final'): 700.86, ('mrg2', 'compact'): 700.885, ('mrg2', 'pack'): 700.907, ('mrg2', 'd2h'): 700.931}",0.3508030204102397,0.226332800835371
Highly sparse,bcsstm20,485,485,0.2061855670103093,485,485,485,485,0.0,,0.05499999999994998,0.1710000000000491,0.057999999999992724,0.026000000000067303,0.2839999999999918,0.509,,,,,0.445,0.381,0.367,,0.30499999999995,0.2559999999999718,0.18999999999994088,0.17000000000007276,"{('cu', 'start'): 675.997, ('cu', 'h2dmalloc'): 676.062, ('cu', 'h2d'): 676.082, ('cu', 'workest'): 676.137, ('cu', 'compute'): 676.308, ('cu', 'copy'): 676.366, ('cu', 'pack'): 676.387, ('cu', 'd2h'): 676.413, ('gust', 'start'): 676.519, ('gust', 'h2d'): 676.596, ('gust', 'count'): 676.62, ('gust', 'scan'): 676.659, ('gust', 'expand'): 676.681, ('gust', 'sort'): 676.733, ('gust', 'reduce'): 676.774, ('gust', 'final'): 676.831, ('gust', 'pack'): 676.852, ('gust', 'd2h'): 676.863, ('merge', 'start'): 676.977, ('merge', 'h2d'): 677.057, ('merge', 'count'): 677.08, ('merge', 'scan'): 677.117, ('merge', 'expand'): 677.139, ('merge', 'merge'): 677.16, ('merge', 'final'): 677.201, ('merge', 'compact'): 677.227, ('merge', 'pack'): 677.247, ('merge', 'd2h'): 677.258, ('mrg2', 'start'): 677.368, ('mrg2', 'h2d'): 677.444, ('mrg2', 'count'): 677.465, ('mrg2', 'scan'): 677.502, ('mrg2', 'merge'): 677.526, ('mrg2', 'final'): 677.561, ('mrg2', 'compact'): 677.594, ('mrg2', 'pack'): 677.614, ('mrg2', 'd2h'): 677.626}",0.0649599824100732,0.1745248005259782
Highly sparse,bcsstk21,3600,26600,0.2052469135802469,93072,93072,93072,93072,0.0,,0.06899999999995998,0.2620000000000573,0.07799999999997453,0.17700000000002092,0.4089999999999918,0.8,,,,,1.1,0.857,0.639,,0.43499999999994543,0.6850000000000591,0.51400000000001,0.29700000000002547,"{('cu', 'start'): 686.184, ('cu', 'h2dmalloc'): 686.245, ('cu', 'h2d'): 686.278, ('cu', 'workest'): 686.347, ('cu', 'compute'): 686.609, ('cu', 'copy'): 686.687, ('cu', 'pack'): 686.713, ('cu', 'd2h'): 686.89, ('gust', 'start'): 686.999, ('gust', 'h2d'): 687.093, ('gust', 'count'): 687.121, ('gust', 'scan'): 687.164, ('gust', 'expand'): 687.266, ('gust', 'sort'): 687.544, ('gust', 'reduce'): 687.673, ('gust', 'final'): 687.746, ('gust', 'pack'): 687.778, ('gust', 'd2h'): 687.849, ('merge', 'start'): 688.118, ('merge', 'h2d'): 688.216, ('merge', 'count'): 688.244, ('merge', 'scan'): 688.289, ('merge', 'expand'): 688.395, ('merge', 'merge'): 688.53, ('merge', 'final'): 688.58, ('merge', 'compact'): 688.702, ('merge', 'pack'): 688.73, ('merge', 'd2h'): 688.801, ('mrg2', 'start'): 688.99, ('mrg2', 'h2d'): 689.083, ('mrg2', 'count'): 689.111, ('mrg2', 'scan'): 689.154, ('mrg2', 'merge'): 689.215, ('mrg2', 'final'): 689.256, ('mrg2', 'compact'): 689.354, ('mrg2', 'pack'): 689.38, ('mrg2', 'd2h'): 689.459}",2.68666900228709,0.2303008000133559
Highly sparse,bcsstm19,817,817,0.12239902080783352,817,817,817,817,0.0,,0.06299999999998818,0.17599999999993088,0.06100000000003547,0.03600000000005821,0.2999999999999545,0.543,,,,,0.46,0.382,0.375,,0.32199999999988904,0.25900000000001455,0.18999999999994088,0.18399999999996908,"{('cu', 'start'): 675.605, ('cu', 'h2dmalloc'): 675.668, ('cu', 'h2d'): 675.69, ('cu', 'workest'): 675.753, ('cu', 'compute'): 675.929, ('cu', 'copy'): 675.99, ('cu', 'pack'): 676.012, ('cu', 'd2h'): 676.048, ('gust', 'start'): 676.163, ('gust', 'h2d'): 676.25, ('gust', 'count'): 676.272, ('gust', 'scan'): 676.314, ('gust', 'expand'): 676.338, ('gust', 'sort'): 676.386, ('gust', 'reduce'): 676.431, ('gust', 'final'): 676.488, ('gust', 'pack'): 676.509, ('gust', 'd2h'): 676.52, ('merge', 'start'): 676.635, ('merge', 'h2d'): 676.715, ('merge', 'count'): 676.736, ('merge', 'scan'): 676.775, ('merge', 'expand'): 676.797, ('merge', 'merge'): 676.819, ('merge', 'final'): 676.859, ('merge', 'compact'): 676.885, ('merge', 'pack'): 676.905, ('merge', 'd2h'): 676.917, ('mrg2', 'start'): 677.036, ('mrg2', 'h2d'): 677.114, ('mrg2', 'count'): 677.138, ('mrg2', 'scan'): 677.176, ('mrg2', 'merge'): 677.206, ('mrg2', 'final'): 677.241, ('mrg2', 'compact'): 677.278, ('mrg2', 'pack'): 677.298, ('mrg2', 'd2h'): 677.31}",0.0933649716898799,0.1771520002512261
Highly sparse,bcsstk25,15439,252241,0.10582233620331932,1168919,1168919,1168919,1168919,0.0,,0.19500000000005002,0.6889999999999645,0.20100000000002183,1.1900000000000546,1.0850000000000364,2.843,,,,,3.648,5.128,2.612,,1.1970000000000027,2.2220000000000937,3.7100000000000364,1.2019999999999982,"{('cu', 'start'): 747.887, ('cu', 'h2dmalloc'): 747.98, ('cu', 'h2d'): 748.15, ('cu', 'workest'): 748.345, ('cu', 'compute'): 749.034, ('cu', 'copy'): 749.235, ('cu', 'pack'): 749.347, ('cu', 'd2h'): 750.537, ('gust', 'start'): 750.753, ('gust', 'h2d'): 751.002, ('gust', 'count'): 751.103, ('gust', 'scan'): 751.158, ('gust', 'expand'): 751.369, ('gust', 'sort'): 752.289, ('gust', 'reduce'): 752.54, ('gust', 'final'): 753.119, ('gust', 'pack'): 753.224, ('gust', 'd2h'): 753.985, ('merge', 'start'): 754.417, ('merge', 'h2d'): 754.665, ('merge', 'count'): 754.77, ('merge', 'scan'): 754.821, ('merge', 'expand'): 755.268, ('merge', 'merge'): 757.716, ('merge', 'final'): 757.952, ('merge', 'compact'): 758.28, ('merge', 'pack'): 758.375, ('merge', 'd2h'): 759.151, ('mrg2', 'start'): 759.561, ('mrg2', 'h2d'): 759.81, ('mrg2', 'count'): 759.912, ('mrg2', 'scan'): 759.981, ('mrg2', 'merge'): 760.552, ('mrg2', 'final'): 760.597, ('mrg2', 'compact'): 760.908, ('mrg2', 'pack'): 761.012, ('mrg2', 'd2h'): 761.774}",178.95520792808384,0.4863743996247649
Highly sparse,bcsstk18,11948,149090,0.10443788948628972,713208,713208,713208,713208,0.0,,0.1310000000000855,0.5219999999999345,0.20300000000008822,0.8190000000000737,0.8560000000001082,2.14,,,,,2.598,3.448,1.939,,0.9610000000000127,1.6310000000000855,2.48599999999999,0.9790000000000418,"{('cu', 'start'): 724.562, ('cu', 'h2dmalloc'): 724.629, ('cu', 'h2d'): 724.733, ('cu', 'workest'): 724.864, ('cu', 'compute'): 725.386, ('cu', 'copy'): 725.589, ('cu', 'pack'): 725.694, ('cu', 'd2h'): 726.513, ('gust', 'start'): 726.722, ('gust', 'h2d'): 726.896, ('gust', 'count'): 726.929, ('gust', 'scan'): 726.974, ('gust', 'expand'): 727.157, ('gust', 'sort'): 727.708, ('gust', 'reduce'): 727.898, ('gust', 'final'): 728.419, ('gust', 'pack'): 728.527, ('gust', 'd2h'): 728.992, ('merge', 'start'): 729.331, ('merge', 'h2d'): 729.496, ('merge', 'count'): 729.536, ('merge', 'scan'): 729.585, ('merge', 'expand'): 729.915, ('merge', 'merge'): 731.356, ('merge', 'final'): 731.577, ('merge', 'compact'): 731.891, ('merge', 'pack'): 731.982, ('merge', 'd2h'): 732.446, ('mrg2', 'start'): 732.791, ('mrg2', 'h2d'): 732.959, ('mrg2', 'count'): 733.0, ('mrg2', 'scan'): 733.056, ('mrg2', 'merge'): 733.493, ('mrg2', 'final'): 733.541, ('mrg2', 'compact'): 733.847, ('mrg2', 'pack'): 733.938, ('mrg2', 'd2h'): 734.401}",86.15831506904215,0.4600384017219767
Highly sparse,bcsstk32,44609,2014701,0.10124314474587429,6819653,6819653,6819653,6819653,0.0,,0.18599999999992178,7.650000000000091,0.23299999999994725,3.6180000000001655,8.06899999999996,12.642,,,,,21.885,40.88,9.163,,8.140999999999849,17.777000000000044,36.94600000000014,5.3900000000001,"{('cu', 'start'): 1078.634, ('cu', 'h2dmalloc'): 1078.709, ('cu', 'h2d'): 1079.372, ('cu', 'workest'): 1079.558, ('cu', 'compute'): 1087.208, ('cu', 'copy'): 1087.441, ('cu', 'pack'): 1087.513, ('cu', 'd2h'): 1091.131, ('gust', 'start'): 1091.29, ('gust', 'h2d'): 1092.282, ('gust', 'count'): 1092.383, ('gust', 'scan'): 1092.427, ('gust', 'expand'): 1093.809, ('gust', 'sort'): 1107.171, ('gust', 'reduce'): 1108.389, ('gust', 'final'): 1109.963, ('gust', 'pack'): 1110.059, ('gust', 'd2h'): 1112.562, ('merge', 'start'): 1113.185, ('merge', 'h2d'): 1114.062, ('merge', 'count'): 1114.184, ('merge', 'scan'): 1114.229, ('merge', 'expand'): 1119.283, ('merge', 'merge'): 1149.757, ('merge', 'final'): 1150.318, ('merge', 'compact'): 1150.931, ('merge', 'pack'): 1151.008, ('merge', 'd2h'): 1153.571, ('mrg2', 'start'): 1154.075, ('mrg2', 'h2d'): 1154.889, ('mrg2', 'count'): 1155.015, ('mrg2', 'scan'): 1155.058, ('mrg2', 'merge'): 1159.459, ('mrg2', 'final'): 1159.501, ('mrg2', 'compact'): 1160.205, ('mrg2', 'pack'): 1160.279, ('mrg2', 'd2h'): 1162.773}",4422.201313078404,1.8075936074601489
Extremely sparse,bcsstk31,35588,1181416,0.09328153508950845,4713580,4713580,4713580,4713580,0.0,,0.17000000000007276,4.487999999999943,0.23099999999999454,2.4009999999999536,4.88900000000001,7.941,,,,,12.35,22.252,5.667,,4.970000000000027,8.72199999999998,19.475000000000023,3.090000000000032,"{('cu', 'start'): 901.217, ('cu', 'h2dmalloc'): 901.275, ('cu', 'h2d'): 901.65, ('cu', 'workest'): 901.82, ('cu', 'compute'): 906.308, ('cu', 'copy'): 906.539, ('cu', 'pack'): 906.62, ('cu', 'd2h'): 909.021, ('gust', 'start'): 909.171, ('gust', 'h2d'): 910.625, ('gust', 'count'): 910.716, ('gust', 'scan'): 910.759, ('gust', 'expand'): 911.53, ('gust', 'sort'): 917.529, ('gust', 'reduce'): 918.194, ('gust', 'final'): 919.251, ('gust', 'pack'): 919.347, ('gust', 'd2h'): 921.119, ('merge', 'start'): 921.533, ('merge', 'h2d'): 922.074, ('merge', 'count'): 922.177, ('merge', 'scan'): 922.219, ('merge', 'expand'): 924.775, ('merge', 'merge'): 940.692, ('merge', 'final'): 941.021, ('merge', 'compact'): 941.463, ('merge', 'pack'): 941.549, ('merge', 'd2h'): 943.333, ('mrg2', 'start'): 943.795, ('mrg2', 'h2d'): 944.241, ('mrg2', 'count'): 944.348, ('mrg2', 'scan'): 944.389, ('mrg2', 'merge'): 946.766, ('mrg2', 'final'): 946.806, ('mrg2', 'compact'): 947.251, ('mrg2', 'pack'): 947.331, ('mrg2', 'd2h'): 949.092}",2317.8951760055497,1.3015999945346266
Extremely sparse,bcsstm08,1074,1074,0.0931098696461825,1074,1074,1074,1074,0.0,,0.06200000000001182,0.16800000000000637,0.06100000000003547,0.026000000000067303,0.29100000000005366,0.52,,,,,0.479,0.391,0.379,,0.31399999999996453,0.27800000000002,0.19399999999995998,0.18799999999998818,"{('cu', 'start'): 659.227, ('cu', 'h2dmalloc'): 659.293, ('cu', 'h2d'): 659.313, ('cu', 'workest'): 659.375, ('cu', 'compute'): 659.543, ('cu', 'copy'): 659.604, ('cu', 'pack'): 659.627, ('cu', 'd2h'): 659.653, ('gust', 'start'): 659.761, ('gust', 'h2d'): 659.845, ('gust', 'count'): 659.872, ('gust', 'scan'): 659.924, ('gust', 'expand'): 659.95, ('gust', 'sort'): 659.998, ('gust', 'reduce'): 660.042, ('gust', 'final'): 660.101, ('gust', 'pack'): 660.123, ('gust', 'd2h'): 660.134, ('merge', 'start'): 660.253, ('merge', 'h2d'): 660.337, ('merge', 'count'): 660.359, ('merge', 'scan'): 660.399, ('merge', 'expand'): 660.422, ('merge', 'merge'): 660.443, ('merge', 'final'): 660.485, ('merge', 'compact'): 660.511, ('merge', 'pack'): 660.531, ('merge', 'd2h'): 660.542, ('mrg2', 'start'): 660.652, ('mrg2', 'h2d'): 660.731, ('mrg2', 'count'): 660.758, ('mrg2', 'scan'): 660.796, ('mrg2', 'merge'): 660.829, ('mrg2', 'final'): 660.864, ('mrg2', 'compact'): 660.888, ('mrg2', 'pack'): 660.919, ('mrg2', 'd2h'): 660.93}",0.1272429944947362,0.174416000326164
Extremely sparse,bcsstm09,1083,1083,0.09233610341643582,1083,1083,1083,1083,0.0,,0.06299999999998818,0.1710000000000491,0.06299999999998818,0.025999999999953616,0.29700000000002547,0.529,,,,,0.469,0.393,0.383,,0.31900000000007367,0.2699999999999818,0.19500000000005002,0.18499999999994543,"{('cu', 'start'): 688.884, ('cu', 'h2dmalloc'): 688.95, ('cu', 'h2d'): 688.973, ('cu', 'workest'): 689.036, ('cu', 'compute'): 689.207, ('cu', 'copy'): 689.27, ('cu', 'pack'): 689.292, ('cu', 'd2h'): 689.318, ('gust', 'start'): 689.428, ('gust', 'h2d'): 689.511, ('gust', 'count'): 689.534, ('gust', 'scan'): 689.581, ('gust', 'expand'): 689.607, ('gust', 'sort'): 689.66, ('gust', 'reduce'): 689.703, ('gust', 'final'): 689.759, ('gust', 'pack'): 689.781, ('gust', 'd2h'): 689.793, ('merge', 'start'): 689.912, ('merge', 'h2d'): 690.0, ('merge', 'count'): 690.024, ('merge', 'scan'): 690.063, ('merge', 'expand'): 690.085, ('merge', 'merge'): 690.107, ('merge', 'final'): 690.148, ('merge', 'compact'): 690.174, ('merge', 'pack'): 690.195, ('merge', 'd2h'): 690.207, ('mrg2', 'start'): 690.315, ('mrg2', 'h2d'): 690.397, ('mrg2', 'count'): 690.418, ('mrg2', 'scan'): 690.458, ('mrg2', 'merge'): 690.492, ('mrg2', 'final'): 690.528, ('mrg2', 'compact'): 690.552, ('mrg2', 'pack'): 690.582, ('mrg2', 'd2h'): 690.593}",0.145614962093532,0.1753759995102882
Extremely sparse,bcspwr10,5300,21842,0.07775720897116412,60498,60498,60498,60498,0.0,,0.06099999999992178,0.2580000000000382,0.06499999999994088,0.15099999999995362,0.38399999999990087,0.759,,,,,0.932,0.704,0.495,,0.4089999999999918,0.6710000000000491,0.45899999999994634,0.23899999999991905,"{('cu', 'start'): 682.618, ('cu', 'h2dmalloc'): 682.685, ('cu', 'h2d'): 682.714, ('cu', 'workest'): 682.775, ('cu', 'compute'): 683.033, ('cu', 'copy'): 683.098, ('cu', 'pack'): 683.123, ('cu', 'd2h'): 683.274, ('gust', 'start'): 683.396, ('gust', 'h2d'): 683.491, ('gust', 'count'): 683.52, ('gust', 'scan'): 683.563, ('gust', 'expand'): 683.598, ('gust', 'sort'): 683.877, ('gust', 'reduce'): 683.996, ('gust', 'final'): 684.136, ('gust', 'pack'): 684.162, ('gust', 'd2h'): 684.212, ('merge', 'start'): 684.34, ('merge', 'h2d'): 684.432, ('merge', 'count'): 684.464, ('merge', 'scan'): 684.506, ('merge', 'expand'): 684.546, ('merge', 'merge'): 684.707, ('merge', 'final'): 684.755, ('merge', 'compact'): 684.865, ('merge', 'pack'): 684.891, ('merge', 'd2h'): 684.941, ('mrg2', 'start'): 685.059, ('mrg2', 'h2d'): 685.148, ('mrg2', 'count'): 685.178, ('mrg2', 'scan'): 685.221, ('mrg2', 'merge'): 685.287, ('mrg2', 'final'): 685.336, ('mrg2', 'compact'): 685.366, ('mrg2', 'pack'): 685.387, ('mrg2', 'd2h'): 685.44}",7.620421005412936,0.2347007989650592
Extremely sparse,bcsstm11,1473,1473,0.0678886625933469,1473,1473,1473,1473,0.0,,0.05999999999994543,0.17899999999997362,0.06000000000005912,0.026000000000067303,0.29899999999997817,0.54,,,,,0.45,0.4,0.36,,0.31999999999993634,0.25300000000004275,0.1959999999999127,0.1710000000000491,"{('cu', 'start'): 681.308, ('cu', 'h2dmalloc'): 681.382, ('cu', 'h2d'): 681.407, ('cu', 'workest'): 681.467, ('cu', 'compute'): 681.646, ('cu', 'copy'): 681.706, ('cu', 'pack'): 681.727, ('cu', 'd2h'): 681.753, ('gust', 'start'): 681.862, ('gust', 'h2d'): 681.947, ('gust', 'count'): 681.969, ('gust', 'scan'): 682.009, ('gust', 'expand'): 682.033, ('gust', 'sort'): 682.08, ('gust', 'reduce'): 682.122, ('gust', 'final'): 682.18, ('gust', 'pack'): 682.2, ('gust', 'd2h'): 682.211, ('merge', 'start'): 682.324, ('merge', 'h2d'): 682.416, ('merge', 'count'): 682.437, ('merge', 'scan'): 682.478, ('merge', 'expand'): 682.499, ('merge', 'merge'): 682.52, ('merge', 'final'): 682.559, ('merge', 'compact'): 682.587, ('merge', 'pack'): 682.612, ('merge', 'd2h'): 682.624, ('mrg2', 'start'): 682.734, ('mrg2', 'h2d'): 682.813, ('mrg2', 'count'): 682.835, ('mrg2', 'scan'): 682.872, ('mrg2', 'merge'): 682.905, ('mrg2', 'final'): 682.939, ('mrg2', 'compact'): 682.964, ('mrg2', 'pack'): 682.984, ('mrg2', 'd2h'): 682.995}",0.2269919496029615,0.1753248002612963
Extremely sparse,bcsstm26,1922,1922,0.052029136316337155,1922,1922,1922,1922,0.0,,0.06100000000003547,0.17700000000002092,0.06499999999994088,0.02699999999992997,0.30299999999999727,0.538,,,,,0.465,0.403,0.377,,0.3240000000000691,0.25900000000001455,0.20100000000002183,0.17799999999999727,"{('cu', 'start'): 663.509, ('cu', 'h2dmalloc'): 663.572, ('cu', 'h2d'): 663.597, ('cu', 'workest'): 663.658, ('cu', 'compute'): 663.835, ('cu', 'copy'): 663.9, ('cu', 'pack'): 663.921, ('cu', 'd2h'): 663.948, ('gust', 'start'): 664.06, ('gust', 'h2d'): 664.153, ('gust', 'count'): 664.178, ('gust', 'scan'): 664.219, ('gust', 'expand'): 664.243, ('gust', 'sort'): 664.291, ('gust', 'reduce'): 664.334, ('gust', 'final'): 664.392, ('gust', 'pack'): 664.412, ('gust', 'd2h'): 664.424, ('merge', 'start'): 664.538, ('merge', 'h2d'): 664.626, ('merge', 'count'): 664.649, ('merge', 'scan'): 664.686, ('merge', 'expand'): 664.711, ('merge', 'merge'): 664.734, ('merge', 'final'): 664.773, ('merge', 'compact'): 664.808, ('merge', 'pack'): 664.827, ('merge', 'd2h'): 664.839, ('mrg2', 'start'): 664.952, ('mrg2', 'h2d'): 665.039, ('mrg2', 'count'): 665.062, ('mrg2', 'scan'): 665.101, ('mrg2', 'merge'): 665.133, ('mrg2', 'final'): 665.171, ('mrg2', 'compact'): 665.197, ('mrg2', 'pack'): 665.217, ('mrg2', 'd2h'): 665.229}",0.50282699521631,0.1765152004547417
Extremely sparse,bcsstm23,3134,3134,0.031908104658583285,3134,3134,3134,3134,0.0,,0.05999999999994543,0.17300000000000182,0.06200000000001182,0.027000000000043656,0.2949999999999591,0.524,,,,,0.546,0.395,0.386,,0.3149999999999409,0.3390000000000555,0.1999999999999318,0.19000000000005457,"{('cu', 'start'): 674.535, ('cu', 'h2dmalloc'): 674.603, ('cu', 'h2d'): 674.62, ('cu', 'workest'): 674.68, ('cu', 'compute'): 674.853, ('cu', 'copy'): 674.915, ('cu', 'pack'): 674.935, ('cu', 'd2h'): 674.962, ('gust', 'start'): 675.072, ('gust', 'h2d'): 675.16, ('gust', 'count'): 675.181, ('gust', 'scan'): 675.233, ('gust', 'expand'): 675.261, ('gust', 'sort'): 675.378, ('gust', 'reduce'): 675.422, ('gust', 'final'): 675.479, ('gust', 'pack'): 675.499, ('gust', 'd2h'): 675.511, ('merge', 'start'): 675.628, ('merge', 'h2d'): 675.71, ('merge', 'count'): 675.734, ('merge', 'scan'): 675.774, ('merge', 'expand'): 675.799, ('merge', 'merge'): 675.821, ('merge', 'final'): 675.863, ('merge', 'compact'): 675.891, ('merge', 'pack'): 675.91, ('merge', 'd2h'): 675.923, ('mrg2', 'start'): 676.032, ('mrg2', 'h2d'): 676.112, ('mrg2', 'count'): 676.135, ('mrg2', 'scan'): 676.175, ('mrg2', 'merge'): 676.208, ('mrg2', 'final'): 676.256, ('mrg2', 'compact'): 676.282, ('mrg2', 'pack'): 676.302, ('mrg2', 'd2h'): 676.315}",1.8068449571728704,0.1633087993366643
Extremely sparse,bcsstm24,3562,3562,0.028074115665356544,3562,3562,3562,3562,0.0,,0.057999999999992724,0.17600000000004457,0.06600000000003092,0.029999999999972715,0.3000000000000682,0.554,,,,,0.548,0.42,0.397,,0.3210000000000264,0.3380000000000791,0.20299999999997453,0.18799999999998818,"{('cu', 'start'): 669.987, ('cu', 'h2dmalloc'): 670.052, ('cu', 'h2d'): 670.073, ('cu', 'workest'): 670.131, ('cu', 'compute'): 670.307, ('cu', 'copy'): 670.373, ('cu', 'pack'): 670.394, ('cu', 'd2h'): 670.424, ('gust', 'start'): 670.556, ('gust', 'h2d'): 670.646, ('gust', 'count'): 670.67, ('gust', 'scan'): 670.719, ('gust', 'expand'): 670.745, ('gust', 'sort'): 670.862, ('gust', 'reduce'): 670.906, ('gust', 'final'): 670.963, ('gust', 'pack'): 670.984, ('gust', 'd2h'): 670.998, ('merge', 'start'): 671.115, ('merge', 'h2d'): 671.206, ('merge', 'count'): 671.231, ('merge', 'scan'): 671.271, ('merge', 'expand'): 671.295, ('merge', 'merge'): 671.32, ('merge', 'final'): 671.36, ('merge', 'compact'): 671.389, ('merge', 'pack'): 671.409, ('merge', 'd2h'): 671.422, ('mrg2', 'start'): 671.546, ('mrg2', 'h2d'): 671.633, ('mrg2', 'count'): 671.662, ('mrg2', 'scan'): 671.704, ('mrg2', 'merge'): 671.736, ('mrg2', 'final'): 671.774, ('mrg2', 'compact'): 671.802, ('mrg2', 'pack'): 671.821, ('mrg2', 'd2h'): 671.836}",2.6087770238518715,0.1644992004148662
Extremely sparse,bcsstm21,3600,3600,0.027777777777777776,3600,3600,3600,3600,0.0,,0.06299999999998818,0.17300000000000182,0.06299999999998818,0.028999999999996362,0.29899999999997817,0.537,,,,,0.543,0.403,0.374,,0.32000000000005,0.33399999999994634,0.20600000000001728,0.17999999999994998,"{('cu', 'start'): 689.64, ('cu', 'h2dmalloc'): 689.712, ('cu', 'h2d'): 689.731, ('cu', 'workest'): 689.794, ('cu', 'compute'): 689.967, ('cu', 'copy'): 690.03, ('cu', 'pack'): 690.051, ('cu', 'd2h'): 690.08, ('gust', 'start'): 690.19, ('gust', 'h2d'): 690.273, ('gust', 'count'): 690.295, ('gust', 'scan'): 690.336, ('gust', 'expand'): 690.363, ('gust', 'sort'): 690.48, ('gust', 'reduce'): 690.526, ('gust', 'final'): 690.586, ('gust', 'pack'): 690.607, ('gust', 'd2h'): 690.62, ('merge', 'start'): 690.748, ('merge', 'h2d'): 690.831, ('merge', 'count'): 690.858, ('merge', 'scan'): 690.898, ('merge', 'expand'): 690.922, ('merge', 'merge'): 690.947, ('merge', 'final'): 690.988, ('merge', 'compact'): 691.017, ('merge', 'pack'): 691.037, ('merge', 'd2h'): 691.05, ('mrg2', 'start'): 691.161, ('mrg2', 'h2d'): 691.239, ('mrg2', 'count'): 691.261, ('mrg2', 'scan'): 691.3, ('mrg2', 'merge'): 691.334, ('mrg2', 'final'): 691.371, ('mrg2', 'compact'): 691.399, ('mrg2', 'pack'): 691.419, ('mrg2', 'd2h'): 691.433}",2.6839489582926035,0.1947839997010305
Extremely sparse,bcsstm25,15439,15439,0.006477103439341926,15439,15439,15439,15439,0.0,,0.059000000000082764,0.16599999999993997,0.06299999999998818,0.038000000000010914,0.2880000000000109,0.525,,,,,0.576,0.486,0.428,,0.3100000000000591,0.36599999999998545,0.2699999999999818,0.22199999999998,"{('cu', 'start'): 673.46, ('cu', 'h2dmalloc'): 673.525, ('cu', 'h2d'): 673.555, ('cu', 'workest'): 673.614, ('cu', 'compute'): 673.78, ('cu', 'copy'): 673.843, ('cu', 'pack'): 673.865, ('cu', 'd2h'): 673.903, ('gust', 'start'): 674.008, ('gust', 'h2d'): 674.101, ('gust', 'count'): 674.126, ('gust', 'scan'): 674.166, ('gust', 'expand'): 674.21, ('gust', 'sort'): 674.341, ('gust', 'reduce'): 674.387, ('gust', 'final'): 674.445, ('gust', 'pack'): 674.467, ('gust', 'd2h'): 674.491, ('merge', 'start'): 674.602, ('merge', 'h2d'): 674.689, ('merge', 'count'): 674.749, ('merge', 'scan'): 674.789, ('merge', 'expand'): 674.822, ('merge', 'merge'): 674.854, ('merge', 'final'): 674.894, ('merge', 'compact'): 674.937, ('merge', 'pack'): 674.959, ('merge', 'd2h'): 674.984, ('mrg2', 'start'): 675.102, ('mrg2', 'h2d'): 675.189, ('mrg2', 'count'): 675.224, ('mrg2', 'scan'): 675.263, ('mrg2', 'merge'): 675.311, ('mrg2', 'final'): 675.348, ('mrg2', 'compact'): 675.39, ('mrg2', 'pack'): 675.411, ('mrg2', 'd2h'): 675.436}",177.72194801364094,0.1897920011309906
