[1/100] Processing 1138_bus ... (max 600s)
[dbg     0.001 ms] main entry, initializing CUDA context...
[dbg   568.250 ms] CUDA context ready
[dbg   568.425 ms] start read_matrix_market: ./data/first100/1138_bus.mtx
[dbg   570.765 ms] read done: 1138 x 1138, nnz=4054
[mempool] host pinned arena ready: 256 MB (USE_MEMPOOL=ON)
[dbg   719.151 ms] [cu] start
[dbg   728.036 ms] [cu] h2dmalloc (36988 B)
[dbg   728.102 ms] [cu] h2d (36988 B)
[dbg   728.146 ms] cusparse: workEstimation begin
[dbg   754.970 ms] [cu] workest (buf1=49711 B)
[dbg   754.995 ms] cusparse: compute begin
[dbg   755.651 ms] [cu] compute (buf2=450415 B)
[dbg   755.659 ms] cusparse: C size = 1138 x 1138, nnz=11142
[dbg   755.673 ms] cusparse: copy begin
[dbg   755.777 ms] [cu] copy
[dbg   755.803 ms] [cu] pack
[dbg   755.825 ms] self_product: C D2H begin (93692 B)
[dbg   755.845 ms] [cu] d2h
[dbg   756.043 ms] [gust] start
[dbg   756.166 ms] [gust] h2d
[dbg   756.169 ms] ESC: count intermediates begin
[dbg   757.658 ms] [gust] count
[dbg   757.930 ms] [gust] scan
[dbg   757.944 ms] ESC: expand begin (18138 intermediates)
[dbg   757.988 ms] [gust] expand
[dbg   757.989 ms] ESC: sort_by_key begin
[dbg   758.225 ms] [gust] sort
[dbg   758.232 ms] ESC: reduce_by_key begin
[dbg   758.391 ms] [gust] reduce
[dbg   758.465 ms] [gust] final
[dbg   758.486 ms] [gust] pack
[dbg   758.503 ms] [gust] d2h
[dbg   758.636 ms] [merge] start
[dbg   758.741 ms] [merge] h2d
[dbg   758.746 ms] merge: count begin
[dbg   758.765 ms] [merge] count
[dbg   758.804 ms] [merge] scan
[dbg   758.810 ms] merge: expand_serial begin (18138 intermediates)
[dbg   759.287 ms] [merge] expand
[dbg   759.301 ms] merge: merge_serial begin
[dbg   759.411 ms] [merge] merge
[dbg   759.458 ms] [merge] final
[dbg   759.501 ms] [merge] compact
[dbg   759.521 ms] [merge] pack
[dbg   759.538 ms] [merge] d2h
[dbg   759.663 ms] [mrg2] start
[dbg   759.762 ms] [mrg2] h2d
[dbg   759.766 ms] merge2: count begin
[dbg   759.784 ms] [mrg2] count
[dbg   759.822 ms] [mrg2] scan
[dbg   759.830 ms] merge2: merge_warp begin (18138 intermediates)
[dbg   759.915 ms] [mrg2] merge
[dbg   759.950 ms] [mrg2] final
[dbg   759.976 ms] [mrg2] compact
[dbg   760.006 ms] [mrg2] pack
[dbg   760.021 ms] [mrg2] d2h
[dbg   760.111 ms] [cu] start
[dbg   760.184 ms] [cu] h2dmalloc (36988 B)
[dbg   760.198 ms] [cu] h2d (36988 B)
[dbg   760.209 ms] cusparse: workEstimation begin
[dbg   760.267 ms] [cu] workest (buf1=49711 B)
[dbg   760.269 ms] cusparse: compute begin
[dbg   760.432 ms] [cu] compute (buf2=450415 B)
[dbg   760.435 ms] cusparse: C size = 1138 x 1138, nnz=11142
[dbg   760.442 ms] cusparse: copy begin
[dbg   760.490 ms] [cu] copy
[dbg   760.508 ms] [cu] pack
[dbg   760.523 ms] self_product: C D2H begin (93692 B)
[dbg   760.538 ms] [cu] d2h
[dbg   760.611 ms] [gust] start
[dbg   760.691 ms] [gust] h2d
[dbg   760.694 ms] ESC: count intermediates begin
[dbg   760.711 ms] [gust] count
[dbg   760.747 ms] [gust] scan
[dbg   760.753 ms] ESC: expand begin (18138 intermediates)
[dbg   760.768 ms] [gust] expand
[dbg   760.769 ms] ESC: sort_by_key begin
[dbg   760.887 ms] [gust] sort
[dbg   760.894 ms] ESC: reduce_by_key begin
[dbg   760.928 ms] [gust] reduce
[dbg   760.992 ms] [gust] final
[dbg   761.009 ms] [gust] pack
[dbg   761.024 ms] [gust] d2h
[dbg   761.106 ms] [merge] start
[dbg   761.182 ms] [merge] h2d
[dbg   761.187 ms] merge: count begin
[dbg   761.205 ms] [merge] count
[dbg   761.240 ms] [merge] scan
[dbg   761.245 ms] merge: expand_serial begin (18138 intermediates)
[dbg   761.271 ms] [merge] expand
[dbg   761.280 ms] merge: merge_serial begin
[dbg   761.369 ms] [merge] merge
[dbg   761.407 ms] [merge] final
[dbg   761.436 ms] [merge] compact
[dbg   761.452 ms] [merge] pack
[dbg   761.468 ms] [merge] d2h
[dbg   761.584 ms] [mrg2] start
[dbg   761.666 ms] [mrg2] h2d
[dbg   761.670 ms] merge2: count begin
[dbg   761.687 ms] [mrg2] count
[dbg   761.723 ms] [mrg2] scan
[dbg   761.731 ms] merge2: merge_warp begin (18138 intermediates)
[dbg   761.779 ms] [mrg2] merge
[dbg   761.812 ms] [mrg2] final
[dbg   761.836 ms] [mrg2] compact
[dbg   761.853 ms] [mrg2] pack
[dbg   761.869 ms] [mrg2] d2h
[dbg   761.945 ms] [cu] start
[dbg   762.028 ms] [cu] h2dmalloc (36988 B)
[dbg   762.045 ms] [cu] h2d (36988 B)
[dbg   762.053 ms] cusparse: workEstimation begin
[dbg   762.107 ms] [cu] workest (buf1=49711 B)
[dbg   762.110 ms] cusparse: compute begin
[dbg   762.264 ms] [cu] compute (buf2=450415 B)
[dbg   762.266 ms] cusparse: C size = 1138 x 1138, nnz=11142
[dbg   762.272 ms] cusparse: copy begin
[dbg   762.317 ms] [cu] copy
[dbg   762.334 ms] [cu] pack
[dbg   762.349 ms] self_product: C D2H begin (93692 B)
[dbg   762.364 ms] [cu] d2h
[dbg   762.439 ms] [gust] start
[dbg   762.520 ms] [gust] h2d
[dbg   762.523 ms] ESC: count intermediates begin
[dbg   762.540 ms] [gust] count
[dbg   762.576 ms] [gust] scan
[dbg   762.583 ms] ESC: expand begin (18138 intermediates)
[dbg   762.599 ms] [gust] expand
[dbg   762.601 ms] ESC: sort_by_key begin
[dbg   762.714 ms] [gust] sort
[dbg   762.722 ms] ESC: reduce_by_key begin
[dbg   762.755 ms] [gust] reduce
[dbg   762.808 ms] [gust] final
[dbg   762.826 ms] [gust] pack
[dbg   762.842 ms] [gust] d2h
[dbg   762.918 ms] [merge] start
[dbg   763.003 ms] [merge] h2d
[dbg   763.009 ms] merge: count begin
[dbg   763.025 ms] [merge] count
[dbg   763.059 ms] [merge] scan
[dbg   763.066 ms] merge: expand_serial begin (18138 intermediates)
[dbg   763.091 ms] [merge] expand
[dbg   763.097 ms] merge: merge_serial begin
[dbg   763.188 ms] [merge] merge
[dbg   763.226 ms] [merge] final
[dbg   763.251 ms] [merge] compact
[dbg   763.267 ms] [merge] pack
[dbg   763.283 ms] [merge] d2h
[dbg   763.359 ms] [mrg2] start
[dbg   763.432 ms] [mrg2] h2d
[dbg   763.434 ms] merge2: count begin
[dbg   763.449 ms] [mrg2] count
[dbg   763.482 ms] [mrg2] scan
[dbg   763.489 ms] merge2: merge_warp begin (18138 intermediates)
[dbg   763.534 ms] [mrg2] merge
[dbg   763.564 ms] [mrg2] final
[dbg   763.588 ms] [mrg2] compact
[dbg   763.604 ms] [mrg2] pack
[dbg   763.621 ms] [mrg2] d2h
[dbg   763.695 ms] warmup done
[dbg   763.716 ms] T1 cuSPARSE self_product: start
[dbg   763.717 ms] [cu] start
[dbg   763.781 ms] [cu] h2dmalloc (36988 B)
[dbg   763.795 ms] [cu] h2d (36988 B)
[dbg   763.802 ms] cusparse: workEstimation begin
[dbg   763.852 ms] [cu] workest (buf1=49711 B)
[dbg   763.854 ms] cusparse: compute begin
[dbg   764.025 ms] [cu] compute (buf2=450415 B)
[dbg   764.028 ms] cusparse: C size = 1138 x 1138, nnz=11142
[dbg   764.034 ms] cusparse: copy begin
[dbg   764.079 ms] [cu] copy
[dbg   764.096 ms] [cu] pack
[dbg   764.111 ms] self_product: C D2H begin (93692 B)
[dbg   764.126 ms] [cu] d2h
[dbg   764.200 ms] T1 cuSPARSE self_product: done (C_nnz=11142)
[dbg   764.218 ms] T4 manual self_product: start
[dbg   764.219 ms] [gust] start
[dbg   764.301 ms] [gust] h2d
[dbg   764.304 ms] ESC: count intermediates begin
[dbg   764.321 ms] [gust] count
[dbg   764.358 ms] [gust] scan
[dbg   764.364 ms] ESC: expand begin (18138 intermediates)
[dbg   764.378 ms] [gust] expand
[dbg   764.379 ms] ESC: sort_by_key begin
[dbg   764.494 ms] [gust] sort
[dbg   764.501 ms] ESC: reduce_by_key begin
[dbg   764.532 ms] [gust] reduce
[dbg   764.586 ms] [gust] final
[dbg   764.602 ms] [gust] pack
[dbg   764.617 ms] [gust] d2h
[dbg   764.696 ms] T4 manual self_product: done (C_nnz=11142)
[dbg   764.719 ms] T4b merge self_product: start
[dbg   764.720 ms] [merge] start
[dbg   764.798 ms] [merge] h2d
[dbg   764.803 ms] merge: count begin
[dbg   764.820 ms] [merge] count
[dbg   764.855 ms] [merge] scan
[dbg   764.862 ms] merge: expand_serial begin (18138 intermediates)
[dbg   764.887 ms] [merge] expand
[dbg   764.895 ms] merge: merge_serial begin
[dbg   764.993 ms] [merge] merge
[dbg   765.031 ms] [merge] final
[dbg   765.054 ms] [merge] compact
[dbg   765.070 ms] [merge] pack
[dbg   765.086 ms] [merge] d2h
[dbg   765.163 ms] T4b merge self_product: done (C_nnz=11142)
[dbg   765.177 ms] T4c merge2 self_product: start
[dbg   765.179 ms] [mrg2] start
[dbg   765.255 ms] [mrg2] h2d
[dbg   765.258 ms] merge2: count begin
[dbg   765.274 ms] [mrg2] count
[dbg   765.335 ms] [mrg2] scan
[dbg   765.343 ms] merge2: merge_warp begin (18138 intermediates)
[dbg   765.388 ms] [mrg2] merge
[dbg   765.421 ms] [mrg2] final
[dbg   765.442 ms] [mrg2] compact
[dbg   765.459 ms] [mrg2] pack
[dbg   765.475 ms] [mrg2] d2h
[dbg   765.556 ms] T4c merge2 self_product: done (C_nnz=11142)
Reading matrix from ./data/first100/1138_bus.mtx...
Input A: 1138 x 1138, nnz = 4054, sparsity = 99.69%
===============WARMING UP (3 rounds)===============
=== Computing C = A x A (cuSPARSE) ===
Result C: 1138 x 1138, nnz = 11142, sparsity = 99.14%
Time: 0.487 ms

=== Computing C = A x A (Manual) ===
Result C: 1138 x 1138, nnz = 11142, sparsity = 99.14%
Time: 0.480 ms

=== Computing C = A x A (Merge) ===
Result C: 1138 x 1138, nnz = 11142, sparsity = 99.14%
Time: 0.447 ms

=== Computing C = A x A (Merge2) ===
Result C: 1138 x 1138, nnz = 11142, sparsity = 99.14%
Time: 0.382 ms

=== All tests completed ===
[2/100] Processing 494_bus ... (max 600s)
[dbg     0.001 ms] main entry, initializing CUDA context...
[dbg   476.192 ms] CUDA context ready
[dbg   476.349 ms] start read_matrix_market: ./data/first100/494_bus.mtx
[dbg   478.106 ms] read done: 494 x 494, nnz=1666
[mempool] host pinned arena ready: 256 MB (USE_MEMPOOL=ON)
[dbg   626.151 ms] [cu] start
[dbg   634.351 ms] [cu] h2dmalloc (15308 B)
[dbg   634.424 ms] [cu] h2d (15308 B)
[dbg   634.462 ms] cusparse: workEstimation begin
[dbg   658.762 ms] [cu] workest (buf1=21055 B)
[dbg   658.776 ms] cusparse: compute begin
[dbg   659.469 ms] [cu] compute (buf2=163831 B)
[dbg   659.476 ms] cusparse: C size = 494 x 494, nnz=4062
[dbg   659.491 ms] cusparse: copy begin
[dbg   659.591 ms] [cu] copy
[dbg   659.618 ms] [cu] pack
[dbg   659.639 ms] self_product: C D2H begin (34476 B)
[dbg   659.661 ms] [cu] d2h
[dbg   659.848 ms] [gust] start
[dbg   659.986 ms] [gust] h2d
[dbg   659.989 ms] ESC: count intermediates begin
[dbg   661.621 ms] [gust] count
[dbg   661.899 ms] [gust] scan
[dbg   661.911 ms] ESC: expand begin (6612 intermediates)
[dbg   661.945 ms] [gust] expand
[dbg   661.946 ms] ESC: sort_by_key begin
[dbg   662.235 ms] [gust] sort
[dbg   662.246 ms] ESC: reduce_by_key begin
[dbg   662.415 ms] [gust] reduce
[dbg   662.493 ms] [gust] final
[dbg   662.515 ms] [gust] pack
[dbg   662.528 ms] [gust] d2h
[dbg   662.674 ms] [merge] start
[dbg   662.790 ms] [merge] h2d
[dbg   662.793 ms] merge: count begin
[dbg   662.812 ms] [merge] count
[dbg   662.855 ms] [merge] scan
[dbg   662.863 ms] merge: expand_serial begin (6612 intermediates)
[dbg   663.354 ms] [merge] expand
[dbg   663.370 ms] merge: merge_serial begin
[dbg   663.435 ms] [merge] merge
[dbg   663.484 ms] [merge] final
[dbg   663.522 ms] [merge] compact
[dbg   663.543 ms] [merge] pack
[dbg   663.555 ms] [merge] d2h
[dbg   663.687 ms] [mrg2] start
[dbg   663.791 ms] [mrg2] h2d
[dbg   663.793 ms] merge2: count begin
[dbg   663.811 ms] [mrg2] count
[dbg   663.859 ms] [mrg2] scan
[dbg   663.870 ms] merge2: merge_warp begin (6612 intermediates)
[dbg   663.942 ms] [mrg2] merge
[dbg   663.992 ms] [mrg2] final
[dbg   664.020 ms] [mrg2] compact
[dbg   664.039 ms] [mrg2] pack
[dbg   664.052 ms] [mrg2] d2h
[dbg   664.159 ms] [cu] start
[dbg   664.235 ms] [cu] h2dmalloc (15308 B)
[dbg   664.257 ms] [cu] h2d (15308 B)
[dbg   664.267 ms] cusparse: workEstimation begin
[dbg   664.332 ms] [cu] workest (buf1=21055 B)
[dbg   664.335 ms] cusparse: compute begin
[dbg   664.511 ms] [cu] compute (buf2=163831 B)
[dbg   664.513 ms] cusparse: C size = 494 x 494, nnz=4062
[dbg   664.520 ms] cusparse: copy begin
[dbg   664.566 ms] [cu] copy
[dbg   664.585 ms] [cu] pack
[dbg   664.601 ms] self_product: C D2H begin (34476 B)
[dbg   664.612 ms] [cu] d2h
[dbg   664.703 ms] [gust] start
[dbg   664.797 ms] [gust] h2d
[dbg   664.799 ms] ESC: count intermediates begin
[dbg   664.819 ms] [gust] count
[dbg   664.858 ms] [gust] scan
[dbg   664.863 ms] ESC: expand begin (6612 intermediates)
[dbg   664.879 ms] [gust] expand
[dbg   664.880 ms] ESC: sort_by_key begin
[dbg   665.001 ms] [gust] sort
[dbg   665.008 ms] ESC: reduce_by_key begin
[dbg   665.044 ms] [gust] reduce
[dbg   665.105 ms] [gust] final
[dbg   665.124 ms] [gust] pack
[dbg   665.136 ms] [gust] d2h
[dbg   665.237 ms] [merge] start
[dbg   665.328 ms] [merge] h2d
[dbg   665.331 ms] merge: count begin
[dbg   665.348 ms] [merge] count
[dbg   665.385 ms] [merge] scan
[dbg   665.392 ms] merge: expand_serial begin (6612 intermediates)
[dbg   665.412 ms] [merge] expand
[dbg   665.421 ms] merge: merge_serial begin
[dbg   665.462 ms] [merge] merge
[dbg   665.502 ms] [merge] final
[dbg   665.532 ms] [merge] compact
[dbg   665.550 ms] [merge] pack
[dbg   665.562 ms] [merge] d2h
[dbg   665.651 ms] [mrg2] start
[dbg   665.731 ms] [mrg2] h2d
[dbg   665.735 ms] merge2: count begin
[dbg   665.750 ms] [mrg2] count
[dbg   665.788 ms] [mrg2] scan
[dbg   665.796 ms] merge2: merge_warp begin (6612 intermediates)
[dbg   665.829 ms] [mrg2] merge
[dbg   665.863 ms] [mrg2] final
[dbg   665.886 ms] [mrg2] compact
[dbg   665.905 ms] [mrg2] pack
[dbg   665.917 ms] [mrg2] d2h
[dbg   666.014 ms] [cu] start
[dbg   666.079 ms] [cu] h2dmalloc (15308 B)
[dbg   666.096 ms] [cu] h2d (15308 B)
[dbg   666.103 ms] cusparse: workEstimation begin
[dbg   666.152 ms] [cu] workest (buf1=21055 B)
[dbg   666.155 ms] cusparse: compute begin
[dbg   666.319 ms] [cu] compute (buf2=163831 B)
[dbg   666.323 ms] cusparse: C size = 494 x 494, nnz=4062
[dbg   666.330 ms] cusparse: copy begin
[dbg   666.380 ms] [cu] copy
[dbg   666.400 ms] [cu] pack
[dbg   666.416 ms] self_product: C D2H begin (34476 B)
[dbg   666.426 ms] [cu] d2h
[dbg   666.517 ms] [gust] start
[dbg   666.602 ms] [gust] h2d
[dbg   666.605 ms] ESC: count intermediates begin
[dbg   666.622 ms] [gust] count
[dbg   666.661 ms] [gust] scan
[dbg   666.667 ms] ESC: expand begin (6612 intermediates)
[dbg   666.683 ms] [gust] expand
[dbg   666.684 ms] ESC: sort_by_key begin
[dbg   666.793 ms] [gust] sort
[dbg   666.800 ms] ESC: reduce_by_key begin
[dbg   666.834 ms] [gust] reduce
[dbg   666.889 ms] [gust] final
[dbg   666.907 ms] [gust] pack
[dbg   666.918 ms] [gust] d2h
[dbg   667.017 ms] [merge] start
[dbg   667.106 ms] [merge] h2d
[dbg   667.109 ms] merge: count begin
[dbg   667.126 ms] [merge] count
[dbg   667.163 ms] [merge] scan
[dbg   667.169 ms] merge: expand_serial begin (6612 intermediates)
[dbg   667.188 ms] [merge] expand
[dbg   667.201 ms] merge: merge_serial begin
[dbg   667.241 ms] [merge] merge
[dbg   667.280 ms] [merge] final
[dbg   667.304 ms] [merge] compact
[dbg   667.323 ms] [merge] pack
[dbg   667.334 ms] [merge] d2h
[dbg   667.423 ms] [mrg2] start
[dbg   667.504 ms] [mrg2] h2d
[dbg   667.507 ms] merge2: count begin
[dbg   667.524 ms] [mrg2] count
[dbg   667.561 ms] [mrg2] scan
[dbg   667.569 ms] merge2: merge_warp begin (6612 intermediates)
[dbg   667.601 ms] [mrg2] merge
[dbg   667.635 ms] [mrg2] final
[dbg   667.657 ms] [mrg2] compact
[dbg   667.675 ms] [mrg2] pack
[dbg   667.686 ms] [mrg2] d2h
[dbg   667.773 ms] warmup done
[dbg   667.806 ms] T1 cuSPARSE self_product: start
[dbg   667.809 ms] [cu] start
[dbg   667.874 ms] [cu] h2dmalloc (15308 B)
[dbg   667.892 ms] [cu] h2d (15308 B)
[dbg   667.899 ms] cusparse: workEstimation begin
[dbg   667.948 ms] [cu] workest (buf1=21055 B)
[dbg   667.950 ms] cusparse: compute begin
[dbg   668.114 ms] [cu] compute (buf2=163831 B)
[dbg   668.117 ms] cusparse: C size = 494 x 494, nnz=4062
[dbg   668.123 ms] cusparse: copy begin
[dbg   668.166 ms] [cu] copy
[dbg   668.186 ms] [cu] pack
[dbg   668.201 ms] self_product: C D2H begin (34476 B)
[dbg   668.212 ms] [cu] d2h
[dbg   668.300 ms] T1 cuSPARSE self_product: done (C_nnz=4062)
[dbg   668.330 ms] T4 manual self_product: start
[dbg   668.336 ms] [gust] start
[dbg   668.419 ms] [gust] h2d
[dbg   668.422 ms] ESC: count intermediates begin
[dbg   668.439 ms] [gust] count
[dbg   668.479 ms] [gust] scan
[dbg   668.485 ms] ESC: expand begin (6612 intermediates)
[dbg   668.500 ms] [gust] expand
[dbg   668.501 ms] ESC: sort_by_key begin
[dbg   668.614 ms] [gust] sort
[dbg   668.621 ms] ESC: reduce_by_key begin
[dbg   668.656 ms] [gust] reduce
[dbg   668.712 ms] [gust] final
[dbg   668.730 ms] [gust] pack
[dbg   668.742 ms] [gust] d2h
[dbg   668.836 ms] T4 manual self_product: done (C_nnz=4062)
[dbg   668.859 ms] T4b merge self_product: start
[dbg   668.861 ms] [merge] start
[dbg   668.941 ms] [merge] h2d
[dbg   668.945 ms] merge: count begin
[dbg   668.961 ms] [merge] count
[dbg   669.006 ms] [merge] scan
[dbg   669.013 ms] merge: expand_serial begin (6612 intermediates)
[dbg   669.033 ms] [merge] expand
[dbg   669.040 ms] merge: merge_serial begin
[dbg   669.080 ms] [merge] merge
[dbg   669.120 ms] [merge] final
[dbg   669.144 ms] [merge] compact
[dbg   669.162 ms] [merge] pack
[dbg   669.176 ms] [merge] d2h
[dbg   669.265 ms] T4b merge self_product: done (C_nnz=4062)
[dbg   669.289 ms] T4c merge2 self_product: start
[dbg   669.291 ms] [mrg2] start
[dbg   669.369 ms] [mrg2] h2d
[dbg   669.373 ms] merge2: count begin
[dbg   669.389 ms] [mrg2] count
[dbg   669.425 ms] [mrg2] scan
[dbg   669.433 ms] merge2: merge_warp begin (6612 intermediates)
[dbg   669.465 ms] [mrg2] merge
[dbg   669.500 ms] [mrg2] final
[dbg   669.521 ms] [mrg2] compact
[dbg   669.540 ms] [mrg2] pack
[dbg   669.552 ms] [mrg2] d2h
[dbg   669.641 ms] T4c merge2 self_product: done (C_nnz=4062)
Reading matrix from ./data/first100/494_bus.mtx...
Input A: 494 x 494, nnz = 1666, sparsity = 99.32%
===============WARMING UP (3 rounds)===============
=== Computing C = A x A (cuSPARSE) ===
Result C: 494 x 494, nnz = 4062, sparsity = 98.34%
Time: 0.497 ms

=== Computing C = A x A (Manual) ===
Result C: 494 x 494, nnz = 4062, sparsity = 98.34%
Time: 0.509 ms

=== Computing C = A x A (Merge) ===
Result C: 494 x 494, nnz = 4062, sparsity = 98.34%
Time: 0.409 ms

=== Computing C = A x A (Merge2) ===
Result C: 494 x 494, nnz = 4062, sparsity = 98.34%
Time: 0.356 ms

=== All tests completed ===
[3/100] Processing 662_bus ... (max 600s)
[dbg     0.001 ms] main entry, initializing CUDA context...
[dbg   487.058 ms] CUDA context ready
[dbg   487.231 ms] start read_matrix_market: ./data/first100/662_bus.mtx
[dbg   489.079 ms] read done: 662 x 662, nnz=2474
[mempool] host pinned arena ready: 256 MB (USE_MEMPOOL=ON)
[dbg   638.846 ms] [cu] start
[dbg   647.145 ms] [cu] h2dmalloc (22444 B)
[dbg   647.232 ms] [cu] h2d (22444 B)
[dbg   647.274 ms] cusparse: workEstimation begin
[dbg   671.260 ms] [cu] workest (buf1=30751 B)
[dbg   671.273 ms] cusparse: compute begin
[dbg   672.038 ms] [cu] compute (buf2=268415 B)
[dbg   672.046 ms] cusparse: C size = 662 x 662, nnz=6480
[dbg   672.057 ms] cusparse: copy begin
[dbg   672.160 ms] [cu] copy
[dbg   672.187 ms] [cu] pack
[dbg   672.207 ms] self_product: C D2H begin (54492 B)
[dbg   672.224 ms] [cu] d2h
[dbg   672.418 ms] [gust] start
[dbg   672.548 ms] [gust] h2d
[dbg   672.551 ms] ESC: count intermediates begin
[dbg   674.148 ms] [gust] count
[dbg   674.441 ms] [gust] scan
[dbg   674.456 ms] ESC: expand begin (10704 intermediates)
[dbg   674.490 ms] [gust] expand
[dbg   674.491 ms] ESC: sort_by_key begin
[dbg   674.742 ms] [gust] sort
[dbg   674.750 ms] ESC: reduce_by_key begin
[dbg   674.939 ms] [gust] reduce
[dbg   675.019 ms] [gust] final
[dbg   675.040 ms] [gust] pack
[dbg   675.054 ms] [gust] d2h
[dbg   675.202 ms] [merge] start
[dbg   675.319 ms] [merge] h2d
[dbg   675.322 ms] merge: count begin
[dbg   675.342 ms] [merge] count
[dbg   675.384 ms] [merge] scan
[dbg   675.392 ms] merge: expand_serial begin (10704 intermediates)
[dbg   675.883 ms] [merge] expand
[dbg   675.899 ms] merge: merge_serial begin
[dbg   675.970 ms] [merge] merge
[dbg   676.021 ms] [merge] final
[dbg   676.059 ms] [merge] compact
[dbg   676.080 ms] [merge] pack
[dbg   676.094 ms] [merge] d2h
[dbg   676.231 ms] [mrg2] start
[dbg   676.339 ms] [mrg2] h2d
[dbg   676.341 ms] merge2: count begin
[dbg   676.360 ms] [mrg2] count
[dbg   676.403 ms] [mrg2] scan
[dbg   676.412 ms] merge2: merge_warp begin (10704 intermediates)
[dbg   676.480 ms] [mrg2] merge
[dbg   676.519 ms] [mrg2] final
[dbg   676.545 ms] [mrg2] compact
[dbg   676.565 ms] [mrg2] pack
[dbg   676.578 ms] [mrg2] d2h
[dbg   676.675 ms] [cu] start
[dbg   676.748 ms] [cu] h2dmalloc (22444 B)
[dbg   676.767 ms] [cu] h2d (22444 B)
[dbg   676.778 ms] cusparse: workEstimation begin
[dbg   676.840 ms] [cu] workest (buf1=30751 B)
[dbg   676.851 ms] cusparse: compute begin
[dbg   677.029 ms] [cu] compute (buf2=268415 B)
[dbg   677.031 ms] cusparse: C size = 662 x 662, nnz=6480
[dbg   677.040 ms] cusparse: copy begin
[dbg   677.089 ms] [cu] copy
[dbg   677.107 ms] [cu] pack
[dbg   677.124 ms] self_product: C D2H begin (54492 B)
[dbg   677.136 ms] [cu] d2h
[dbg   677.223 ms] [gust] start
[dbg   677.314 ms] [gust] h2d
[dbg   677.316 ms] ESC: count intermediates begin
[dbg   677.335 ms] [gust] count
[dbg   677.375 ms] [gust] scan
[dbg   677.381 ms] ESC: expand begin (10704 intermediates)
[dbg   677.397 ms] [gust] expand
[dbg   677.398 ms] ESC: sort_by_key begin
[dbg   677.518 ms] [gust] sort
[dbg   677.524 ms] ESC: reduce_by_key begin
[dbg   677.561 ms] [gust] reduce
[dbg   677.618 ms] [gust] final
[dbg   677.637 ms] [gust] pack
[dbg   677.651 ms] [gust] d2h
[dbg   677.745 ms] [merge] start
[dbg   677.834 ms] [merge] h2d
[dbg   677.837 ms] merge: count begin
[dbg   677.864 ms] [merge] count
[dbg   677.903 ms] [merge] scan
[dbg   677.909 ms] merge: expand_serial begin (10704 intermediates)
[dbg   677.930 ms] [merge] expand
[dbg   677.939 ms] merge: merge_serial begin
[dbg   677.986 ms] [merge] merge
[dbg   678.027 ms] [merge] final
[dbg   678.061 ms] [merge] compact
[dbg   678.079 ms] [merge] pack
[dbg   678.093 ms] [merge] d2h
[dbg   678.182 ms] [mrg2] start
[dbg   678.263 ms] [mrg2] h2d
[dbg   678.267 ms] merge2: count begin
[dbg   678.284 ms] [mrg2] count
[dbg   678.321 ms] [mrg2] scan
[dbg   678.329 ms] merge2: merge_warp begin (10704 intermediates)
[dbg   678.361 ms] [mrg2] merge
[dbg   678.398 ms] [mrg2] final
[dbg   678.420 ms] [mrg2] compact
[dbg   678.438 ms] [mrg2] pack
[dbg   678.452 ms] [mrg2] d2h
[dbg   678.540 ms] [cu] start
[dbg   678.602 ms] [cu] h2dmalloc (22444 B)
[dbg   678.624 ms] [cu] h2d (22444 B)
[dbg   678.632 ms] cusparse: workEstimation begin
[dbg   678.688 ms] [cu] workest (buf1=30751 B)
[dbg   678.691 ms] cusparse: compute begin
[dbg   678.868 ms] [cu] compute (buf2=268415 B)
[dbg   678.872 ms] cusparse: C size = 662 x 662, nnz=6480
[dbg   678.878 ms] cusparse: copy begin
[dbg   678.926 ms] [cu] copy
[dbg   678.946 ms] [cu] pack
[dbg   678.960 ms] self_product: C D2H begin (54492 B)
[dbg   678.973 ms] [cu] d2h
[dbg   679.060 ms] [gust] start
[dbg   679.147 ms] [gust] h2d
[dbg   679.150 ms] ESC: count intermediates begin
[dbg   679.168 ms] [gust] count
[dbg   679.209 ms] [gust] scan
[dbg   679.215 ms] ESC: expand begin (10704 intermediates)
[dbg   679.230 ms] [gust] expand
[dbg   679.231 ms] ESC: sort_by_key begin
[dbg   679.349 ms] [gust] sort
[dbg   679.356 ms] ESC: reduce_by_key begin
[dbg   679.391 ms] [gust] reduce
[dbg   679.447 ms] [gust] final
[dbg   679.465 ms] [gust] pack
[dbg   679.479 ms] [gust] d2h
[dbg   679.568 ms] [merge] start
[dbg   679.651 ms] [merge] h2d
[dbg   679.654 ms] merge: count begin
[dbg   679.670 ms] [merge] count
[dbg   679.707 ms] [merge] scan
[dbg   679.714 ms] merge: expand_serial begin (10704 intermediates)
[dbg   679.734 ms] [merge] expand
[dbg   679.741 ms] merge: merge_serial begin
[dbg   679.788 ms] [merge] merge
[dbg   679.827 ms] [merge] final
[dbg   679.858 ms] [merge] compact
[dbg   679.877 ms] [merge] pack
[dbg   679.890 ms] [merge] d2h
[dbg   679.978 ms] [mrg2] start
[dbg   680.064 ms] [mrg2] h2d
[dbg   680.067 ms] merge2: count begin
[dbg   680.084 ms] [mrg2] count
[dbg   680.121 ms] [mrg2] scan
[dbg   680.129 ms] merge2: merge_warp begin (10704 intermediates)
[dbg   680.159 ms] [mrg2] merge
[dbg   680.195 ms] [mrg2] final
[dbg   680.217 ms] [mrg2] compact
[dbg   680.235 ms] [mrg2] pack
[dbg   680.249 ms] [mrg2] d2h
[dbg   680.334 ms] warmup done
[dbg   680.363 ms] T1 cuSPARSE self_product: start
[dbg   680.365 ms] [cu] start
[dbg   680.430 ms] [cu] h2dmalloc (22444 B)
[dbg   680.454 ms] [cu] h2d (22444 B)
[dbg   680.463 ms] cusparse: workEstimation begin
[dbg   680.518 ms] [cu] workest (buf1=30751 B)
[dbg   680.521 ms] cusparse: compute begin
[dbg   680.684 ms] [cu] compute (buf2=268415 B)
[dbg   680.687 ms] cusparse: C size = 662 x 662, nnz=6480
[dbg   680.694 ms] cusparse: copy begin
[dbg   680.742 ms] [cu] copy
[dbg   680.762 ms] [cu] pack
[dbg   680.776 ms] self_product: C D2H begin (54492 B)
[dbg   680.789 ms] [cu] d2h
[dbg   680.885 ms] T1 cuSPARSE self_product: done (C_nnz=6480)
[dbg   680.915 ms] T4 manual self_product: start
[dbg   680.921 ms] [gust] start
[dbg   681.013 ms] [gust] h2d
[dbg   681.016 ms] ESC: count intermediates begin
[dbg   681.035 ms] [gust] count
[dbg   681.077 ms] [gust] scan
[dbg   681.083 ms] ESC: expand begin (10704 intermediates)
[dbg   681.098 ms] [gust] expand
[dbg   681.100 ms] ESC: sort_by_key begin
[dbg   681.217 ms] [gust] sort
[dbg   681.223 ms] ESC: reduce_by_key begin
[dbg   681.258 ms] [gust] reduce
[dbg   681.311 ms] [gust] final
[dbg   681.329 ms] [gust] pack
[dbg   681.342 ms] [gust] d2h
[dbg   681.432 ms] T4 manual self_product: done (C_nnz=6480)
[dbg   681.453 ms] T4b merge self_product: start
[dbg   681.454 ms] [merge] start
[dbg   681.539 ms] [merge] h2d
[dbg   681.542 ms] merge: count begin
[dbg   681.558 ms] [merge] count
[dbg   681.596 ms] [merge] scan
[dbg   681.601 ms] merge: expand_serial begin (10704 intermediates)
[dbg   681.622 ms] [merge] expand
[dbg   681.637 ms] merge: merge_serial begin
[dbg   681.683 ms] [merge] merge
[dbg   681.722 ms] [merge] final
[dbg   681.745 ms] [merge] compact
[dbg   681.762 ms] [merge] pack
[dbg   681.775 ms] [merge] d2h
[dbg   681.872 ms] T4b merge self_product: done (C_nnz=6480)
[dbg   681.890 ms] T4c merge2 self_product: start
[dbg   681.891 ms] [mrg2] start
[dbg   681.981 ms] [mrg2] h2d
[dbg   681.983 ms] merge2: count begin
[dbg   682.000 ms] [mrg2] count
[dbg   682.039 ms] [mrg2] scan
[dbg   682.046 ms] merge2: merge_warp begin (10704 intermediates)
[dbg   682.075 ms] [mrg2] merge
[dbg   682.111 ms] [mrg2] final
[dbg   682.134 ms] [mrg2] compact
[dbg   682.152 ms] [mrg2] pack
[dbg   682.166 ms] [mrg2] d2h
[dbg   682.253 ms] T4c merge2 self_product: done (C_nnz=6480)
Reading matrix from ./data/first100/662_bus.mtx...
Input A: 662 x 662, nnz = 2474, sparsity = 99.44%
===============WARMING UP (3 rounds)===============
=== Computing C = A x A (cuSPARSE) ===
Result C: 662 x 662, nnz = 6480, sparsity = 98.52%
Time: 0.526 ms

=== Computing C = A x A (Manual) ===
Result C: 662 x 662, nnz = 6480, sparsity = 98.52%
Time: 0.519 ms

=== Computing C = A x A (Merge) ===
Result C: 662 x 662, nnz = 6480, sparsity = 98.52%
Time: 0.421 ms

=== Computing C = A x A (Merge2) ===
Result C: 662 x 662, nnz = 6480, sparsity = 98.52%
Time: 0.366 ms

=== All tests completed ===
[4/100] Processing 685_bus ... (max 600s)
[dbg     0.001 ms] main entry, initializing CUDA context...
[dbg   498.083 ms] CUDA context ready
[dbg   498.256 ms] start read_matrix_market: ./data/first100/685_bus.mtx
[dbg   500.247 ms] read done: 685 x 685, nnz=3249
[mempool] host pinned arena ready: 256 MB (USE_MEMPOOL=ON)
[dbg   648.467 ms] [cu] start
[dbg   656.570 ms] [cu] h2dmalloc (28736 B)
[dbg   656.635 ms] [cu] h2d (28736 B)
[dbg   656.674 ms] cusparse: workEstimation begin
[dbg   681.441 ms] [cu] workest (buf1=40051 B)
[dbg   681.455 ms] cusparse: compute begin
[dbg   682.114 ms] [cu] compute (buf2=434135 B)
[dbg   682.121 ms] cusparse: C size = 685 x 685, nnz=9337
[dbg   682.132 ms] cusparse: copy begin
[dbg   682.238 ms] [cu] copy
[dbg   682.269 ms] [cu] pack
[dbg   682.290 ms] self_product: C D2H begin (77440 B)
[dbg   682.317 ms] [cu] d2h
[dbg   682.511 ms] [gust] start
[dbg   682.633 ms] [gust] h2d
[dbg   682.636 ms] ESC: count intermediates begin
[dbg   684.235 ms] [gust] count
[dbg   684.534 ms] [gust] scan
[dbg   684.548 ms] ESC: expand begin (17609 intermediates)
[dbg   684.585 ms] [gust] expand
[dbg   684.586 ms] ESC: sort_by_key begin
[dbg   684.852 ms] [gust] sort
[dbg   684.863 ms] ESC: reduce_by_key begin
[dbg   685.039 ms] [gust] reduce
[dbg   685.115 ms] [gust] final
[dbg   685.138 ms] [gust] pack
[dbg   685.159 ms] [gust] d2h
[dbg   685.308 ms] [merge] start
[dbg   685.412 ms] [merge] h2d
[dbg   685.417 ms] merge: count begin
[dbg   685.436 ms] [merge] count
[dbg   685.491 ms] [merge] scan
[dbg   685.506 ms] merge: expand_serial begin (17609 intermediates)
[dbg   685.987 ms] [merge] expand
[dbg   686.002 ms] merge: merge_serial begin
[dbg   686.093 ms] [merge] merge
[dbg   686.142 ms] [merge] final
[dbg   686.180 ms] [merge] compact
[dbg   686.202 ms] [merge] pack
[dbg   686.218 ms] [merge] d2h
[dbg   686.361 ms] [mrg2] start
[dbg   686.463 ms] [mrg2] h2d
[dbg   686.466 ms] merge2: count begin
[dbg   686.484 ms] [mrg2] count
[dbg   686.525 ms] [mrg2] scan
[dbg   686.541 ms] merge2: merge_warp begin (17609 intermediates)
[dbg   686.614 ms] [mrg2] merge
[dbg   686.654 ms] [mrg2] final
[dbg   686.677 ms] [mrg2] compact
[dbg   686.695 ms] [mrg2] pack
[dbg   686.711 ms] [mrg2] d2h
[dbg   686.812 ms] [cu] start
[dbg   686.888 ms] [cu] h2dmalloc (28736 B)
[dbg   686.904 ms] [cu] h2d (28736 B)
[dbg   686.914 ms] cusparse: workEstimation begin
[dbg   686.976 ms] [cu] workest (buf1=40051 B)
[dbg   686.979 ms] cusparse: compute begin
[dbg   687.148 ms] [cu] compute (buf2=434135 B)
[dbg   687.150 ms] cusparse: C size = 685 x 685, nnz=9337
[dbg   687.157 ms] cusparse: copy begin
[dbg   687.206 ms] [cu] copy
[dbg   687.224 ms] [cu] pack
[dbg   687.240 ms] self_product: C D2H begin (77440 B)
[dbg   687.255 ms] [cu] d2h
[dbg   687.343 ms] [gust] start
[dbg   687.426 ms] [gust] h2d
[dbg   687.428 ms] ESC: count intermediates begin
[dbg   687.445 ms] [gust] count
[dbg   687.485 ms] [gust] scan
[dbg   687.491 ms] ESC: expand begin (17609 intermediates)
[dbg   687.507 ms] [gust] expand
[dbg   687.508 ms] ESC: sort_by_key begin
[dbg   687.626 ms] [gust] sort
[dbg   687.633 ms] ESC: reduce_by_key begin
[dbg   687.669 ms] [gust] reduce
[dbg   687.733 ms] [gust] final
[dbg   687.750 ms] [gust] pack
[dbg   687.765 ms] [gust] d2h
[dbg   687.858 ms] [merge] start
[dbg   687.949 ms] [merge] h2d
[dbg   687.953 ms] merge: count begin
[dbg   687.971 ms] [merge] count
[dbg   688.010 ms] [merge] scan
[dbg   688.017 ms] merge: expand_serial begin (17609 intermediates)
[dbg   688.041 ms] [merge] expand
[dbg   688.050 ms] merge: merge_serial begin
[dbg   688.118 ms] [merge] merge
[dbg   688.160 ms] [merge] final
[dbg   688.186 ms] [merge] compact
[dbg   688.205 ms] [merge] pack
[dbg   688.221 ms] [merge] d2h
[dbg   688.309 ms] [mrg2] start
[dbg   688.384 ms] [mrg2] h2d
[dbg   688.387 ms] merge2: count begin
[dbg   688.402 ms] [mrg2] count
[dbg   688.440 ms] [mrg2] scan
[dbg   688.448 ms] merge2: merge_warp begin (17609 intermediates)
[dbg   688.484 ms] [mrg2] merge
[dbg   688.520 ms] [mrg2] final
[dbg   688.542 ms] [mrg2] compact
[dbg   688.560 ms] [mrg2] pack
[dbg   688.576 ms] [mrg2] d2h
[dbg   688.664 ms] [cu] start
[dbg   688.726 ms] [cu] h2dmalloc (28736 B)
[dbg   688.741 ms] [cu] h2d (28736 B)
[dbg   688.748 ms] cusparse: workEstimation begin
[dbg   688.800 ms] [cu] workest (buf1=40051 B)
[dbg   688.803 ms] cusparse: compute begin
[dbg   688.973 ms] [cu] compute (buf2=434135 B)
[dbg   688.977 ms] cusparse: C size = 685 x 685, nnz=9337
[dbg   688.984 ms] cusparse: copy begin
[dbg   689.033 ms] [cu] copy
[dbg   689.053 ms] [cu] pack
[dbg   689.069 ms] self_product: C D2H begin (77440 B)
[dbg   689.083 ms] [cu] d2h
[dbg   689.184 ms] [gust] start
[dbg   689.272 ms] [gust] h2d
[dbg   689.274 ms] ESC: count intermediates begin
[dbg   689.291 ms] [gust] count
[dbg   689.331 ms] [gust] scan
[dbg   689.336 ms] ESC: expand begin (17609 intermediates)
[dbg   689.352 ms] [gust] expand
[dbg   689.353 ms] ESC: sort_by_key begin
[dbg   689.470 ms] [gust] sort
[dbg   689.476 ms] ESC: reduce_by_key begin
[dbg   689.512 ms] [gust] reduce
[dbg   689.568 ms] [gust] final
[dbg   689.586 ms] [gust] pack
[dbg   689.601 ms] [gust] d2h
[dbg   689.692 ms] [merge] start
[dbg   689.768 ms] [merge] h2d
[dbg   689.771 ms] merge: count begin
[dbg   689.786 ms] [merge] count
[dbg   689.822 ms] [merge] scan
[dbg   689.828 ms] merge: expand_serial begin (17609 intermediates)
[dbg   689.852 ms] [merge] expand
[dbg   689.858 ms] merge: merge_serial begin
[dbg   689.927 ms] [merge] merge
[dbg   689.967 ms] [merge] final
[dbg   689.998 ms] [merge] compact
[dbg   690.017 ms] [merge] pack
[dbg   690.033 ms] [merge] d2h
[dbg   690.122 ms] [mrg2] start
[dbg   690.197 ms] [mrg2] h2d
[dbg   690.199 ms] merge2: count begin
[dbg   690.214 ms] [mrg2] count
[dbg   690.250 ms] [mrg2] scan
[dbg   690.257 ms] merge2: merge_warp begin (17609 intermediates)
[dbg   690.293 ms] [mrg2] merge
[dbg   690.328 ms] [mrg2] final
[dbg   690.350 ms] [mrg2] compact
[dbg   690.368 ms] [mrg2] pack
[dbg   690.384 ms] [mrg2] d2h
[dbg   690.472 ms] warmup done
[dbg   690.499 ms] T1 cuSPARSE self_product: start
[dbg   690.501 ms] [cu] start
[dbg   690.565 ms] [cu] h2dmalloc (28736 B)
[dbg   690.580 ms] [cu] h2d (28736 B)
[dbg   690.587 ms] cusparse: workEstimation begin
[dbg   690.640 ms] [cu] workest (buf1=40051 B)
[dbg   690.644 ms] cusparse: compute begin
[dbg   690.806 ms] [cu] compute (buf2=434135 B)
[dbg   690.809 ms] cusparse: C size = 685 x 685, nnz=9337
[dbg   690.815 ms] cusparse: copy begin
[dbg   690.861 ms] [cu] copy
[dbg   690.891 ms] [cu] pack
[dbg   690.905 ms] self_product: C D2H begin (77440 B)
[dbg   690.920 ms] [cu] d2h
[dbg   691.005 ms] T1 cuSPARSE self_product: done (C_nnz=9337)
[dbg   691.033 ms] T4 manual self_product: start
[dbg   691.035 ms] [gust] start
[dbg   691.116 ms] [gust] h2d
[dbg   691.119 ms] ESC: count intermediates begin
[dbg   691.135 ms] [gust] count
[dbg   691.174 ms] [gust] scan
[dbg   691.179 ms] ESC: expand begin (17609 intermediates)
[dbg   691.195 ms] [gust] expand
[dbg   691.197 ms] ESC: sort_by_key begin
[dbg   691.315 ms] [gust] sort
[dbg   691.321 ms] ESC: reduce_by_key begin
[dbg   691.356 ms] [gust] reduce
[dbg   691.412 ms] [gust] final
[dbg   691.431 ms] [gust] pack
[dbg   691.446 ms] [gust] d2h
[dbg   691.536 ms] T4 manual self_product: done (C_nnz=9337)
[dbg   691.553 ms] T4b merge self_product: start
[dbg   691.554 ms] [merge] start
[dbg   691.630 ms] [merge] h2d
[dbg   691.633 ms] merge: count begin
[dbg   691.651 ms] [merge] count
[dbg   691.688 ms] [merge] scan
[dbg   691.693 ms] merge: expand_serial begin (17609 intermediates)
[dbg   691.716 ms] [merge] expand
[dbg   691.730 ms] merge: merge_serial begin
[dbg   691.799 ms] [merge] merge
[dbg   691.840 ms] [merge] final
[dbg   691.863 ms] [merge] compact
[dbg   691.891 ms] [merge] pack
[dbg   691.907 ms] [merge] d2h
[dbg   691.994 ms] T4b merge self_product: done (C_nnz=9337)
[dbg   692.014 ms] T4c merge2 self_product: start
[dbg   692.016 ms] [mrg2] start
[dbg   692.092 ms] [mrg2] h2d
[dbg   692.095 ms] merge2: count begin
[dbg   692.111 ms] [mrg2] count
[dbg   692.156 ms] [mrg2] scan
[dbg   692.164 ms] merge2: merge_warp begin (17609 intermediates)
[dbg   692.201 ms] [mrg2] merge
[dbg   692.234 ms] [mrg2] final
[dbg   692.258 ms] [mrg2] compact
[dbg   692.276 ms] [mrg2] pack
[dbg   692.291 ms] [mrg2] d2h
[dbg   692.379 ms] T4c merge2 self_product: done (C_nnz=9337)
Reading matrix from ./data/first100/685_bus.mtx...
Input A: 685 x 685, nnz = 3249, sparsity = 99.31%
===============WARMING UP (3 rounds)===============
=== Computing C = A x A (cuSPARSE) ===
Result C: 685 x 685, nnz = 9337, sparsity = 98.01%
Time: 0.509 ms

=== Computing C = A x A (Manual) ===
Result C: 685 x 685, nnz = 9337, sparsity = 98.01%
Time: 0.505 ms

=== Computing C = A x A (Merge) ===
Result C: 685 x 685, nnz = 9337, sparsity = 98.01%
Time: 0.445 ms

=== Computing C = A x A (Merge2) ===
Result C: 685 x 685, nnz = 9337, sparsity = 98.01%
Time: 0.368 ms

=== All tests completed ===
[5/100] Processing arc130 ... (max 600s)
[dbg     0.000 ms] main entry, initializing CUDA context...
[dbg   484.355 ms] CUDA context ready
[dbg   484.515 ms] start read_matrix_market: ./data/first100/arc130.mtx
[dbg   486.295 ms] read done: 130 x 130, nnz=1282
[mempool] host pinned arena ready: 256 MB (USE_MEMPOOL=ON)
[dbg   636.819 ms] [cu] start
[dbg   645.358 ms] [cu] h2dmalloc (10780 B)
[dbg   645.437 ms] [cu] h2d (10780 B)
[dbg   645.476 ms] cusparse: workEstimation begin
[dbg   671.167 ms] [cu] workest (buf1=16447 B)
[dbg   671.183 ms] cusparse: compute begin
[dbg   671.874 ms] [cu] compute (buf2=1009279 B)
[dbg   671.881 ms] cusparse: C size = 130 x 130, nnz=15631
[dbg   671.897 ms] cusparse: copy begin
[dbg   672.008 ms] [cu] copy
[dbg   672.044 ms] [cu] pack
[dbg   672.067 ms] self_product: C D2H begin (125572 B)
[dbg   672.090 ms] [cu] d2h
[dbg   672.299 ms] [gust] start
[dbg   672.434 ms] [gust] h2d
[dbg   672.437 ms] ESC: count intermediates begin
[dbg   674.046 ms] [gust] count
[dbg   674.359 ms] [gust] scan
[dbg   674.381 ms] ESC: expand begin (41807 intermediates)
[dbg   674.436 ms] [gust] expand
[dbg   674.437 ms] ESC: sort_by_key begin
[dbg   674.704 ms] [gust] sort
[dbg   674.715 ms] ESC: reduce_by_key begin
[dbg   674.895 ms] [gust] reduce
[dbg   674.985 ms] [gust] final
[dbg   675.007 ms] [gust] pack
[dbg   675.028 ms] [gust] d2h
[dbg   675.185 ms] [merge] start
[dbg   675.294 ms] [merge] h2d
[dbg   675.296 ms] merge: count begin
[dbg   675.320 ms] [merge] count
[dbg   675.363 ms] [merge] scan
[dbg   675.371 ms] merge: expand_serial begin (41807 intermediates)
[dbg   675.964 ms] [merge] expand
[dbg   675.977 ms] merge: merge_serial begin
[dbg   677.234 ms] [merge] merge
[dbg   677.285 ms] [merge] final
[dbg   677.325 ms] [merge] compact
[dbg   677.346 ms] [merge] pack
[dbg   677.365 ms] [merge] d2h
[dbg   677.504 ms] [mrg2] start
[dbg   677.609 ms] [mrg2] h2d
[dbg   677.613 ms] merge2: count begin
[dbg   677.636 ms] [mrg2] count
[dbg   677.677 ms] [mrg2] scan
[dbg   677.688 ms] merge2: merge_warp begin (41807 intermediates)
[dbg   677.922 ms] [mrg2] merge
[dbg   677.962 ms] [mrg2] final
[dbg   677.987 ms] [mrg2] compact
[dbg   678.011 ms] [mrg2] pack
[dbg   678.030 ms] [mrg2] d2h
[dbg   678.142 ms] [cu] start
[dbg   678.224 ms] [cu] h2dmalloc (10780 B)
[dbg   678.241 ms] [cu] h2d (10780 B)
[dbg   678.253 ms] cusparse: workEstimation begin
[dbg   678.314 ms] [cu] workest (buf1=16447 B)
[dbg   678.317 ms] cusparse: compute begin
[dbg   678.511 ms] [cu] compute (buf2=1009279 B)
[dbg   678.515 ms] cusparse: C size = 130 x 130, nnz=15631
[dbg   678.522 ms] cusparse: copy begin
[dbg   678.569 ms] [cu] copy
[dbg   678.594 ms] [cu] pack
[dbg   678.610 ms] self_product: C D2H begin (125572 B)
[dbg   678.629 ms] [cu] d2h
[dbg   678.722 ms] [gust] start
[dbg   678.815 ms] [gust] h2d
[dbg   678.818 ms] ESC: count intermediates begin
[dbg   678.839 ms] [gust] count
[dbg   678.880 ms] [gust] scan
[dbg   678.886 ms] ESC: expand begin (41807 intermediates)
[dbg   678.922 ms] [gust] expand
[dbg   678.924 ms] ESC: sort_by_key begin
[dbg   679.052 ms] [gust] sort
[dbg   679.061 ms] ESC: reduce_by_key begin
[dbg   679.103 ms] [gust] reduce
[dbg   679.168 ms] [gust] final
[dbg   679.189 ms] [gust] pack
[dbg   679.208 ms] [gust] d2h
[dbg   679.313 ms] [merge] start
[dbg   679.403 ms] [merge] h2d
[dbg   679.409 ms] merge: count begin
[dbg   679.429 ms] [merge] count
[dbg   679.468 ms] [merge] scan
[dbg   679.475 ms] merge: expand_serial begin (41807 intermediates)
[dbg   679.605 ms] [merge] expand
[dbg   679.614 ms] merge: merge_serial begin
[dbg   680.847 ms] [merge] merge
[dbg   680.890 ms] [merge] final
[dbg   680.924 ms] [merge] compact
[dbg   680.942 ms] [merge] pack
[dbg   680.961 ms] [merge] d2h
[dbg   681.055 ms] [mrg2] start
[dbg   681.144 ms] [mrg2] h2d
[dbg   681.147 ms] merge2: count begin
[dbg   681.167 ms] [mrg2] count
[dbg   681.209 ms] [mrg2] scan
[dbg   681.217 ms] merge2: merge_warp begin (41807 intermediates)
[dbg   681.405 ms] [mrg2] merge
[dbg   681.442 ms] [mrg2] final
[dbg   681.467 ms] [mrg2] compact
[dbg   681.485 ms] [mrg2] pack
[dbg   681.504 ms] [mrg2] d2h
[dbg   681.595 ms] [cu] start
[dbg   681.665 ms] [cu] h2dmalloc (10780 B)
[dbg   681.681 ms] [cu] h2d (10780 B)
[dbg   681.688 ms] cusparse: workEstimation begin
[dbg   681.746 ms] [cu] workest (buf1=16447 B)
[dbg   681.750 ms] cusparse: compute begin
[dbg   681.938 ms] [cu] compute (buf2=1009279 B)
[dbg   681.942 ms] cusparse: C size = 130 x 130, nnz=15631
[dbg   681.949 ms] cusparse: copy begin
[dbg   681.995 ms] [cu] copy
[dbg   682.019 ms] [cu] pack
[dbg   682.035 ms] self_product: C D2H begin (125572 B)
[dbg   682.053 ms] [cu] d2h
[dbg   682.147 ms] [gust] start
[dbg   682.243 ms] [gust] h2d
[dbg   682.247 ms] ESC: count intermediates begin
[dbg   682.271 ms] [gust] count
[dbg   682.312 ms] [gust] scan
[dbg   682.318 ms] ESC: expand begin (41807 intermediates)
[dbg   682.353 ms] [gust] expand
[dbg   682.354 ms] ESC: sort_by_key begin
[dbg   682.480 ms] [gust] sort
[dbg   682.488 ms] ESC: reduce_by_key begin
[dbg   682.523 ms] [gust] reduce
[dbg   682.590 ms] [gust] final
[dbg   682.615 ms] [gust] pack
[dbg   682.634 ms] [gust] d2h
[dbg   682.740 ms] [merge] start
[dbg   682.825 ms] [merge] h2d
[dbg   682.830 ms] merge: count begin
[dbg   682.849 ms] [merge] count
[dbg   682.888 ms] [merge] scan
[dbg   682.893 ms] merge: expand_serial begin (41807 intermediates)
[dbg   683.024 ms] [merge] expand
[dbg   683.033 ms] merge: merge_serial begin
[dbg   684.266 ms] [merge] merge
[dbg   684.307 ms] [merge] final
[dbg   684.331 ms] [merge] compact
[dbg   684.356 ms] [merge] pack
[dbg   684.375 ms] [merge] d2h
[dbg   684.469 ms] [mrg2] start
[dbg   684.557 ms] [mrg2] h2d
[dbg   684.561 ms] merge2: count begin
[dbg   684.584 ms] [mrg2] count
[dbg   684.622 ms] [mrg2] scan
[dbg   684.630 ms] merge2: merge_warp begin (41807 intermediates)
[dbg   684.818 ms] [mrg2] merge
[dbg   684.854 ms] [mrg2] final
[dbg   684.875 ms] [mrg2] compact
[dbg   684.893 ms] [mrg2] pack
[dbg   684.917 ms] [mrg2] d2h
[dbg   685.010 ms] warmup done
[dbg   685.040 ms] T1 cuSPARSE self_product: start
[dbg   685.042 ms] [cu] start
[dbg   685.112 ms] [cu] h2dmalloc (10780 B)
[dbg   685.131 ms] [cu] h2d (10780 B)
[dbg   685.140 ms] cusparse: workEstimation begin
[dbg   685.196 ms] [cu] workest (buf1=16447 B)
[dbg   685.200 ms] cusparse: compute begin
[dbg   685.386 ms] [cu] compute (buf2=1009279 B)
[dbg   685.390 ms] cusparse: C size = 130 x 130, nnz=15631
[dbg   685.395 ms] cusparse: copy begin
[dbg   685.444 ms] [cu] copy
[dbg   685.463 ms] [cu] pack
[dbg   685.478 ms] self_product: C D2H begin (125572 B)
[dbg   685.496 ms] [cu] d2h
[dbg   685.595 ms] T1 cuSPARSE self_product: done (C_nnz=15631)
[dbg   685.620 ms] T4 manual self_product: start
[dbg   685.622 ms] [gust] start
[dbg   685.711 ms] [gust] h2d
[dbg   685.714 ms] ESC: count intermediates begin
[dbg   685.736 ms] [gust] count
[dbg   685.778 ms] [gust] scan
[dbg   685.785 ms] ESC: expand begin (41807 intermediates)
[dbg   685.818 ms] [gust] expand
[dbg   685.825 ms] ESC: sort_by_key begin
[dbg   685.959 ms] [gust] sort
[dbg   685.966 ms] ESC: reduce_by_key begin
[dbg   686.000 ms] [gust] reduce
[dbg   686.060 ms] [gust] final
[dbg   686.079 ms] [gust] pack
[dbg   686.098 ms] [gust] d2h
[dbg   686.198 ms] T4 manual self_product: done (C_nnz=15631)
[dbg   686.223 ms] T4b merge self_product: start
[dbg   686.225 ms] [merge] start
[dbg   686.310 ms] [merge] h2d
[dbg   686.314 ms] merge: count begin
[dbg   686.337 ms] [merge] count
[dbg   686.375 ms] [merge] scan
[dbg   686.382 ms] merge: expand_serial begin (41807 intermediates)
[dbg   686.512 ms] [merge] expand
[dbg   686.524 ms] merge: merge_serial begin
[dbg   687.759 ms] [merge] merge
[dbg   687.799 ms] [merge] final
[dbg   687.820 ms] [merge] compact
[dbg   687.838 ms] [merge] pack
[dbg   687.857 ms] [merge] d2h
[dbg   687.955 ms] T4b merge self_product: done (C_nnz=15631)
[dbg   687.997 ms] T4c merge2 self_product: start
[dbg   687.999 ms] [mrg2] start
[dbg   688.085 ms] [mrg2] h2d
[dbg   688.089 ms] merge2: count begin
[dbg   688.112 ms] [mrg2] count
[dbg   688.150 ms] [mrg2] scan
[dbg   688.158 ms] merge2: merge_warp begin (41807 intermediates)
[dbg   688.346 ms] [mrg2] merge
[dbg   688.382 ms] [mrg2] final
[dbg   688.404 ms] [mrg2] compact
[dbg   688.422 ms] [mrg2] pack
[dbg   688.441 ms] [mrg2] d2h
[dbg   688.538 ms] T4c merge2 self_product: done (C_nnz=15631)
Reading matrix from ./data/first100/arc130.mtx...
Input A: 130 x 130, nnz = 1282, sparsity = 92.41%
===============WARMING UP (3 rounds)===============
=== Computing C = A x A (cuSPARSE) ===
Result C: 130 x 130, nnz = 15631, sparsity = 7.51%
Time: 0.558 ms

=== Computing C = A x A (Manual) ===
Result C: 130 x 130, nnz = 15631, sparsity = 7.51%
Time: 0.582 ms

=== Computing C = A x A (Merge) ===
Result C: 130 x 130, nnz = 15631, sparsity = 7.51%
Time: 1.745 ms

=== Computing C = A x A (Merge2) ===
Result C: 130 x 130, nnz = 15631, sparsity = 7.51%
Time: 0.544 ms

=== All tests completed ===
[6/100] Processing ash292 ... (max 600s)
[dbg     0.001 ms] main entry, initializing CUDA context...
[dbg   490.790 ms] CUDA context ready
[dbg   490.966 ms] start read_matrix_market: ./data/first100/ash292.mtx
[dbg   492.536 ms] read done: 292 x 292, nnz=2208
[mempool] host pinned arena ready: 256 MB (USE_MEMPOOL=ON)
[dbg   640.721 ms] [cu] start
[dbg   649.508 ms] [cu] h2dmalloc (18836 B)
[dbg   649.608 ms] [cu] h2d (18836 B)
[dbg   649.647 ms] cusparse: workEstimation begin
[dbg   673.836 ms] [cu] workest (buf1=27559 B)
[dbg   673.850 ms] cusparse: compute begin
[dbg   674.583 ms] [cu] compute (buf2=427511 B)
[dbg   674.590 ms] cusparse: C size = 292 x 292, nnz=6042
[dbg   674.601 ms] cusparse: copy begin
[dbg   674.722 ms] [cu] copy
[dbg   674.755 ms] [cu] pack
[dbg   674.778 ms] self_product: C D2H begin (49508 B)
[dbg   674.793 ms] [cu] d2h
[dbg   674.995 ms] [gust] start
[dbg   675.156 ms] [gust] h2d
[dbg   675.160 ms] ESC: count intermediates begin
[dbg   676.872 ms] [gust] count
[dbg   677.181 ms] [gust] scan
[dbg   677.197 ms] ESC: expand begin (17588 intermediates)
[dbg   677.244 ms] [gust] expand
[dbg   677.246 ms] ESC: sort_by_key begin
[dbg   677.515 ms] [gust] sort
[dbg   677.529 ms] ESC: reduce_by_key begin
[dbg   677.707 ms] [gust] reduce
[dbg   677.795 ms] [gust] final
[dbg   677.821 ms] [gust] pack
[dbg   677.836 ms] [gust] d2h
[dbg   677.982 ms] [merge] start
[dbg   678.123 ms] [merge] h2d
[dbg   678.137 ms] merge: count begin
[dbg   678.160 ms] [merge] count
[dbg   678.213 ms] [merge] scan
[dbg   678.220 ms] merge: expand_serial begin (17588 intermediates)
[dbg   678.737 ms] [merge] expand
[dbg   678.749 ms] merge: merge_serial begin
[dbg   678.840 ms] [merge] merge
[dbg   678.893 ms] [merge] final
[dbg   678.945 ms] [merge] compact
[dbg   678.971 ms] [merge] pack
[dbg   678.984 ms] [merge] d2h
[dbg   679.125 ms] [mrg2] start
[dbg   679.234 ms] [mrg2] h2d
[dbg   679.236 ms] merge2: count begin
[dbg   679.258 ms] [mrg2] count
[dbg   679.310 ms] [mrg2] scan
[dbg   679.321 ms] merge2: merge_warp begin (17588 intermediates)
[dbg   679.398 ms] [mrg2] merge
[dbg   679.447 ms] [mrg2] final
[dbg   679.472 ms] [mrg2] compact
[dbg   679.494 ms] [mrg2] pack
[dbg   679.508 ms] [mrg2] d2h
[dbg   679.614 ms] [cu] start
[dbg   679.690 ms] [cu] h2dmalloc (18836 B)
[dbg   679.714 ms] [cu] h2d (18836 B)
[dbg   679.728 ms] cusparse: workEstimation begin
[dbg   679.805 ms] [cu] workest (buf1=27559 B)
[dbg   679.809 ms] cusparse: compute begin
[dbg   680.005 ms] [cu] compute (buf2=427511 B)
[dbg   680.008 ms] cusparse: C size = 292 x 292, nnz=6042
[dbg   680.015 ms] cusparse: copy begin
[dbg   680.080 ms] [cu] copy
[dbg   680.104 ms] [cu] pack
[dbg   680.120 ms] self_product: C D2H begin (49508 B)
[dbg   680.131 ms] [cu] d2h
[dbg   680.228 ms] [gust] start
[dbg   680.325 ms] [gust] h2d
[dbg   680.327 ms] ESC: count intermediates begin
[dbg   680.345 ms] [gust] count
[dbg   680.394 ms] [gust] scan
[dbg   680.402 ms] ESC: expand begin (17588 intermediates)
[dbg   680.421 ms] [gust] expand
[dbg   680.422 ms] ESC: sort_by_key begin
[dbg   680.547 ms] [gust] sort
[dbg   680.554 ms] ESC: reduce_by_key begin
[dbg   680.598 ms] [gust] reduce
[dbg   680.669 ms] [gust] final
[dbg   680.693 ms] [gust] pack
[dbg   680.707 ms] [gust] d2h
[dbg   680.810 ms] [merge] start
[dbg   680.903 ms] [merge] h2d
[dbg   680.906 ms] merge: count begin
[dbg   680.924 ms] [merge] count
[dbg   680.964 ms] [merge] scan
[dbg   680.970 ms] merge: expand_serial begin (17588 intermediates)
[dbg   681.000 ms] [merge] expand
[dbg   681.017 ms] merge: merge_serial begin
[dbg   681.091 ms] [merge] merge
[dbg   681.136 ms] [merge] final
[dbg   681.162 ms] [merge] compact
[dbg   681.183 ms] [merge] pack
[dbg   681.196 ms] [merge] d2h
[dbg   681.287 ms] [mrg2] start
[dbg   681.373 ms] [mrg2] h2d
[dbg   681.375 ms] merge2: count begin
[dbg   681.391 ms] [mrg2] count
[dbg   681.437 ms] [mrg2] scan
[dbg   681.448 ms] merge2: merge_warp begin (17588 intermediates)
[dbg   681.484 ms] [mrg2] merge
[dbg   681.520 ms] [mrg2] final
[dbg   681.547 ms] [mrg2] compact
[dbg   681.568 ms] [mrg2] pack
[dbg   681.581 ms] [mrg2] d2h
[dbg   681.674 ms] [cu] start
[dbg   681.740 ms] [cu] h2dmalloc (18836 B)
[dbg   681.768 ms] [cu] h2d (18836 B)
[dbg   681.778 ms] cusparse: workEstimation begin
[dbg   681.842 ms] [cu] workest (buf1=27559 B)
[dbg   681.845 ms] cusparse: compute begin
[dbg   682.032 ms] [cu] compute (buf2=427511 B)
[dbg   682.035 ms] cusparse: C size = 292 x 292, nnz=6042
[dbg   682.042 ms] cusparse: copy begin
[dbg   682.094 ms] [cu] copy
[dbg   682.115 ms] [cu] pack
[dbg   682.131 ms] self_product: C D2H begin (49508 B)
[dbg   682.143 ms] [cu] d2h
[dbg   682.237 ms] [gust] start
[dbg   682.331 ms] [gust] h2d
[dbg   682.333 ms] ESC: count intermediates begin
[dbg   682.351 ms] [gust] count
[dbg   682.396 ms] [gust] scan
[dbg   682.405 ms] ESC: expand begin (17588 intermediates)
[dbg   682.424 ms] [gust] expand
[dbg   682.426 ms] ESC: sort_by_key begin
[dbg   682.549 ms] [gust] sort
[dbg   682.555 ms] ESC: reduce_by_key begin
[dbg   682.597 ms] [gust] reduce
[dbg   682.664 ms] [gust] final
[dbg   682.687 ms] [gust] pack
[dbg   682.700 ms] [gust] d2h
[dbg   682.801 ms] [merge] start
[dbg   682.893 ms] [merge] h2d
[dbg   682.896 ms] merge: count begin
[dbg   682.913 ms] [merge] count
[dbg   682.954 ms] [merge] scan
[dbg   682.960 ms] merge: expand_serial begin (17588 intermediates)
[dbg   682.989 ms] [merge] expand
[dbg   682.997 ms] merge: merge_serial begin
[dbg   683.064 ms] [merge] merge
[dbg   683.109 ms] [merge] final
[dbg   683.136 ms] [merge] compact
[dbg   683.166 ms] [merge] pack
[dbg   683.179 ms] [merge] d2h
[dbg   683.275 ms] [mrg2] start
[dbg   683.371 ms] [mrg2] h2d
[dbg   683.375 ms] merge2: count begin
[dbg   683.394 ms] [mrg2] count
[dbg   683.436 ms] [mrg2] scan
[dbg   683.444 ms] merge2: merge_warp begin (17588 intermediates)
[dbg   683.481 ms] [mrg2] merge
[dbg   683.518 ms] [mrg2] final
[dbg   683.544 ms] [mrg2] compact
[dbg   683.565 ms] [mrg2] pack
[dbg   683.579 ms] [mrg2] d2h
[dbg   683.669 ms] warmup done
[dbg   683.701 ms] T1 cuSPARSE self_product: start
[dbg   683.705 ms] [cu] start
[dbg   683.774 ms] [cu] h2dmalloc (18836 B)
[dbg   683.803 ms] [cu] h2d (18836 B)
[dbg   683.815 ms] cusparse: workEstimation begin
[dbg   683.877 ms] [cu] workest (buf1=27559 B)
[dbg   683.880 ms] cusparse: compute begin
[dbg   684.065 ms] [cu] compute (buf2=427511 B)
[dbg   684.068 ms] cusparse: C size = 292 x 292, nnz=6042
[dbg   684.074 ms] cusparse: copy begin
[dbg   684.126 ms] [cu] copy
[dbg   684.148 ms] [cu] pack
[dbg   684.166 ms] self_product: C D2H begin (49508 B)
[dbg   684.178 ms] [cu] d2h
[dbg   684.266 ms] T1 cuSPARSE self_product: done (C_nnz=6042)
[dbg   684.293 ms] T4 manual self_product: start
[dbg   684.295 ms] [gust] start
[dbg   684.384 ms] [gust] h2d
[dbg   684.388 ms] ESC: count intermediates begin
[dbg   684.405 ms] [gust] count
[dbg   684.451 ms] [gust] scan
[dbg   684.458 ms] ESC: expand begin (17588 intermediates)
[dbg   684.473 ms] [gust] expand
[dbg   684.474 ms] ESC: sort_by_key begin
[dbg   684.601 ms] [gust] sort
[dbg   684.608 ms] ESC: reduce_by_key begin
[dbg   684.646 ms] [gust] reduce
[dbg   684.708 ms] [gust] final
[dbg   684.730 ms] [gust] pack
[dbg   684.742 ms] [gust] d2h
[dbg   684.841 ms] T4 manual self_product: done (C_nnz=6042)
[dbg   684.860 ms] T4b merge self_product: start
[dbg   684.861 ms] [merge] start
[dbg   684.951 ms] [merge] h2d
[dbg   684.954 ms] merge: count begin
[dbg   684.974 ms] [merge] count
[dbg   685.016 ms] [merge] scan
[dbg   685.032 ms] merge: expand_serial begin (17588 intermediates)
[dbg   685.059 ms] [merge] expand
[dbg   685.067 ms] merge: merge_serial begin
[dbg   685.135 ms] [merge] merge
[dbg   685.178 ms] [merge] final
[dbg   685.201 ms] [merge] compact
[dbg   685.227 ms] [merge] pack
[dbg   685.241 ms] [merge] d2h
[dbg   685.337 ms] T4b merge self_product: done (C_nnz=6042)
[dbg   685.356 ms] T4c merge2 self_product: start
[dbg   685.358 ms] [mrg2] start
[dbg   685.448 ms] [mrg2] h2d
[dbg   685.451 ms] merge2: count begin
[dbg   685.469 ms] [mrg2] count
[dbg   685.512 ms] [mrg2] scan
[dbg   685.520 ms] merge2: merge_warp begin (17588 intermediates)
[dbg   685.556 ms] [mrg2] merge
[dbg   685.593 ms] [mrg2] final
[dbg   685.616 ms] [mrg2] compact
[dbg   685.637 ms] [mrg2] pack
[dbg   685.651 ms] [mrg2] d2h
[dbg   685.740 ms] T4c merge2 self_product: done (C_nnz=6042)
Reading matrix from ./data/first100/ash292.mtx...
Input A: 292 x 292, nnz = 2208, sparsity = 97.41%
===============WARMING UP (3 rounds)===============
=== Computing C = A x A (cuSPARSE) ===
Result C: 292 x 292, nnz = 6042, sparsity = 92.91%
Time: 0.568 ms

=== Computing C = A x A (Manual) ===
Result C: 292 x 292, nnz = 6042, sparsity = 92.91%
Time: 0.550 ms

=== Computing C = A x A (Merge) ===
Result C: 292 x 292, nnz = 6042, sparsity = 92.91%
Time: 0.481 ms

=== Computing C = A x A (Merge2) ===
Result C: 292 x 292, nnz = 6042, sparsity = 92.91%
Time: 0.387 ms

=== All tests completed ===
[7/100] Processing ash85 ... (max 600s)
[dbg     0.001 ms] main entry, initializing CUDA context...
[dbg   503.865 ms] CUDA context ready
[dbg   504.031 ms] start read_matrix_market: ./data/first100/ash85.mtx
[dbg   505.424 ms] read done: 85 x 85, nnz=523
[mempool] host pinned arena ready: 256 MB (USE_MEMPOOL=ON)
[dbg   652.254 ms] [cu] start
[dbg   660.515 ms] [cu] h2dmalloc (4528 B)
[dbg   660.584 ms] [cu] h2d (4528 B)
[dbg   660.624 ms] cusparse: workEstimation begin
[dbg   684.454 ms] [cu] workest (buf1=7339 B)
[dbg   684.469 ms] cusparse: compute begin
[dbg   685.083 ms] [cu] compute (buf2=86383 B)
[dbg   685.089 ms] cusparse: C size = 85 x 85, nnz=1317
[dbg   685.101 ms] cusparse: copy begin
[dbg   685.201 ms] [cu] copy
[dbg   685.228 ms] [cu] pack
[dbg   685.259 ms] self_product: C D2H begin (10880 B)
[dbg   685.271 ms] [cu] d2h
[dbg   685.460 ms] [gust] start
[dbg   685.579 ms] [gust] h2d
[dbg   685.582 ms] ESC: count intermediates begin
[dbg   687.166 ms] [gust] count
[dbg   687.464 ms] [gust] scan
[dbg   687.479 ms] ESC: expand begin (3385 intermediates)
[dbg   687.516 ms] [gust] expand
[dbg   687.517 ms] ESC: sort_by_key begin
[dbg   687.777 ms] [gust] sort
[dbg   687.788 ms] ESC: reduce_by_key begin
[dbg   687.943 ms] [gust] reduce
[dbg   688.016 ms] [gust] final
[dbg   688.037 ms] [gust] pack
[dbg   688.048 ms] [gust] d2h
[dbg   688.195 ms] [merge] start
[dbg   688.310 ms] [merge] h2d
[dbg   688.314 ms] merge: count begin
[dbg   688.332 ms] [merge] count
[dbg   688.374 ms] [merge] scan
[dbg   688.380 ms] merge: expand_serial begin (3385 intermediates)
[dbg   688.846 ms] [merge] expand
[dbg   688.860 ms] merge: merge_serial begin
[dbg   688.926 ms] [merge] merge
[dbg   688.976 ms] [merge] final
[dbg   689.013 ms] [merge] compact
[dbg   689.035 ms] [merge] pack
[dbg   689.046 ms] [merge] d2h
[dbg   689.183 ms] [mrg2] start
[dbg   689.295 ms] [mrg2] h2d
[dbg   689.298 ms] merge2: count begin
[dbg   689.317 ms] [mrg2] count
[dbg   689.357 ms] [mrg2] scan
[dbg   689.365 ms] merge2: merge_warp begin (3385 intermediates)
[dbg   689.431 ms] [mrg2] merge
[dbg   689.471 ms] [mrg2] final
[dbg   689.495 ms] [mrg2] compact
[dbg   689.515 ms] [mrg2] pack
[dbg   689.525 ms] [mrg2] d2h
[dbg   689.625 ms] [cu] start
[dbg   689.697 ms] [cu] h2dmalloc (4528 B)
[dbg   689.710 ms] [cu] h2d (4528 B)
[dbg   689.720 ms] cusparse: workEstimation begin
[dbg   689.782 ms] [cu] workest (buf1=7339 B)
[dbg   689.785 ms] cusparse: compute begin
[dbg   689.954 ms] [cu] compute (buf2=86383 B)
[dbg   689.956 ms] cusparse: C size = 85 x 85, nnz=1317
[dbg   689.964 ms] cusparse: copy begin
[dbg   690.010 ms] [cu] copy
[dbg   690.030 ms] [cu] pack
[dbg   690.048 ms] self_product: C D2H begin (10880 B)
[dbg   690.057 ms] [cu] d2h
[dbg   690.145 ms] [gust] start
[dbg   690.230 ms] [gust] h2d
[dbg   690.233 ms] ESC: count intermediates begin
[dbg   690.260 ms] [gust] count
[dbg   690.303 ms] [gust] scan
[dbg   690.310 ms] ESC: expand begin (3385 intermediates)
[dbg   690.325 ms] [gust] expand
[dbg   690.326 ms] ESC: sort_by_key begin
[dbg   690.441 ms] [gust] sort
[dbg   690.449 ms] ESC: reduce_by_key begin
[dbg   690.486 ms] [gust] reduce
[dbg   690.556 ms] [gust] final
[dbg   690.575 ms] [gust] pack
[dbg   690.585 ms] [gust] d2h
[dbg   690.683 ms] [merge] start
[dbg   690.763 ms] [merge] h2d
[dbg   690.766 ms] merge: count begin
[dbg   690.782 ms] [merge] count
[dbg   690.820 ms] [merge] scan
[dbg   690.827 ms] merge: expand_serial begin (3385 intermediates)
[dbg   690.848 ms] [merge] expand
[dbg   690.856 ms] merge: merge_serial begin
[dbg   690.901 ms] [merge] merge
[dbg   690.942 ms] [merge] final
[dbg   690.966 ms] [merge] compact
[dbg   690.984 ms] [merge] pack
[dbg   690.994 ms] [merge] d2h
[dbg   691.082 ms] [mrg2] start
[dbg   691.156 ms] [mrg2] h2d
[dbg   691.159 ms] merge2: count begin
[dbg   691.175 ms] [mrg2] count
[dbg   691.211 ms] [mrg2] scan
[dbg   691.220 ms] merge2: merge_warp begin (3385 intermediates)
[dbg   691.249 ms] [mrg2] merge
[dbg   691.284 ms] [mrg2] final
[dbg   691.306 ms] [mrg2] compact
[dbg   691.327 ms] [mrg2] pack
[dbg   691.338 ms] [mrg2] d2h
[dbg   691.427 ms] [cu] start
[dbg   691.490 ms] [cu] h2dmalloc (4528 B)
[dbg   691.504 ms] [cu] h2d (4528 B)
[dbg   691.511 ms] cusparse: workEstimation begin
[dbg   691.564 ms] [cu] workest (buf1=7339 B)
[dbg   691.567 ms] cusparse: compute begin
[dbg   691.730 ms] [cu] compute (buf2=86383 B)
[dbg   691.733 ms] cusparse: C size = 85 x 85, nnz=1317
[dbg   691.740 ms] cusparse: copy begin
[dbg   691.784 ms] [cu] copy
[dbg   691.803 ms] [cu] pack
[dbg   691.819 ms] self_product: C D2H begin (10880 B)
[dbg   691.828 ms] [cu] d2h
[dbg   691.911 ms] [gust] start
[dbg   691.988 ms] [gust] h2d
[dbg   691.990 ms] ESC: count intermediates begin
[dbg   692.007 ms] [gust] count
[dbg   692.045 ms] [gust] scan
[dbg   692.052 ms] ESC: expand begin (3385 intermediates)
[dbg   692.066 ms] [gust] expand
[dbg   692.068 ms] ESC: sort_by_key begin
[dbg   692.178 ms] [gust] sort
[dbg   692.184 ms] ESC: reduce_by_key begin
[dbg   692.218 ms] [gust] reduce
[dbg   692.282 ms] [gust] final
[dbg   692.301 ms] [gust] pack
[dbg   692.311 ms] [gust] d2h
[dbg   692.404 ms] [merge] start
[dbg   692.479 ms] [merge] h2d
[dbg   692.482 ms] merge: count begin
[dbg   692.498 ms] [merge] count
[dbg   692.534 ms] [merge] scan
[dbg   692.540 ms] merge: expand_serial begin (3385 intermediates)
[dbg   692.560 ms] [merge] expand
[dbg   692.567 ms] merge: merge_serial begin
[dbg   692.612 ms] [merge] merge
[dbg   692.651 ms] [merge] final
[dbg   692.682 ms] [merge] compact
[dbg   692.700 ms] [merge] pack
[dbg   692.711 ms] [merge] d2h
[dbg   692.800 ms] [mrg2] start
[dbg   692.872 ms] [mrg2] h2d
[dbg   692.875 ms] merge2: count begin
[dbg   692.892 ms] [mrg2] count
[dbg   692.927 ms] [mrg2] scan
[dbg   692.935 ms] merge2: merge_warp begin (3385 intermediates)
[dbg   692.964 ms] [mrg2] merge
[dbg   692.997 ms] [mrg2] final
[dbg   693.019 ms] [mrg2] compact
[dbg   693.037 ms] [mrg2] pack
[dbg   693.047 ms] [mrg2] d2h
[dbg   693.133 ms] warmup done
[dbg   693.169 ms] T1 cuSPARSE self_product: start
[dbg   693.171 ms] [cu] start
[dbg   693.245 ms] [cu] h2dmalloc (4528 B)
[dbg   693.261 ms] [cu] h2d (4528 B)
[dbg   693.268 ms] cusparse: workEstimation begin
[dbg   693.323 ms] [cu] workest (buf1=7339 B)
[dbg   693.325 ms] cusparse: compute begin
[dbg   693.484 ms] [cu] compute (buf2=86383 B)
[dbg   693.487 ms] cusparse: C size = 85 x 85, nnz=1317
[dbg   693.494 ms] cusparse: copy begin
[dbg   693.537 ms] [cu] copy
[dbg   693.556 ms] [cu] pack
[dbg   693.571 ms] self_product: C D2H begin (10880 B)
[dbg   693.580 ms] [cu] d2h
[dbg   693.664 ms] T1 cuSPARSE self_product: done (C_nnz=1317)
[dbg   693.697 ms] T4 manual self_product: start
[dbg   693.703 ms] [gust] start
[dbg   693.782 ms] [gust] h2d
[dbg   693.785 ms] ESC: count intermediates begin
[dbg   693.802 ms] [gust] count
[dbg   693.841 ms] [gust] scan
[dbg   693.848 ms] ESC: expand begin (3385 intermediates)
[dbg   693.863 ms] [gust] expand
[dbg   693.864 ms] ESC: sort_by_key begin
[dbg   693.974 ms] [gust] sort
[dbg   693.980 ms] ESC: reduce_by_key begin
[dbg   694.015 ms] [gust] reduce
[dbg   694.070 ms] [gust] final
[dbg   694.089 ms] [gust] pack
[dbg   694.099 ms] [gust] d2h
[dbg   694.189 ms] T4 manual self_product: done (C_nnz=1317)
[dbg   694.216 ms] T4b merge self_product: start
[dbg   694.218 ms] [merge] start
[dbg   694.306 ms] [merge] h2d
[dbg   694.309 ms] merge: count begin
[dbg   694.326 ms] [merge] count
[dbg   694.363 ms] [merge] scan
[dbg   694.369 ms] merge: expand_serial begin (3385 intermediates)
[dbg   694.389 ms] [merge] expand
[dbg   694.396 ms] merge: merge_serial begin
[dbg   694.439 ms] [merge] merge
[dbg   694.479 ms] [merge] final
[dbg   694.502 ms] [merge] compact
[dbg   694.520 ms] [merge] pack
[dbg   694.530 ms] [merge] d2h
[dbg   694.617 ms] T4b merge self_product: done (C_nnz=1317)
[dbg   694.643 ms] T4c merge2 self_product: start
[dbg   694.645 ms] [mrg2] start
[dbg   694.718 ms] [mrg2] h2d
[dbg   694.721 ms] merge2: count begin
[dbg   694.736 ms] [mrg2] count
[dbg   694.771 ms] [mrg2] scan
[dbg   694.779 ms] merge2: merge_warp begin (3385 intermediates)
[dbg   694.808 ms] [mrg2] merge
[dbg   694.841 ms] [mrg2] final
[dbg   694.862 ms] [mrg2] compact
[dbg   694.881 ms] [mrg2] pack
[dbg   694.891 ms] [mrg2] d2h
[dbg   694.979 ms] T4c merge2 self_product: done (C_nnz=1317)
Reading matrix from ./data/first100/ash85.mtx...
Input A: 85 x 85, nnz = 523, sparsity = 92.76%
===============WARMING UP (3 rounds)===============
=== Computing C = A x A (cuSPARSE) ===
Result C: 85 x 85, nnz = 1317, sparsity = 81.77%
Time: 0.499 ms

=== Computing C = A x A (Manual) ===
Result C: 85 x 85, nnz = 1317, sparsity = 81.77%
Time: 0.495 ms

=== Computing C = A x A (Merge) ===
Result C: 85 x 85, nnz = 1317, sparsity = 81.77%
Time: 0.404 ms

=== Computing C = A x A (Merge2) ===
Result C: 85 x 85, nnz = 1317, sparsity = 81.77%
Time: 0.339 ms

=== All tests completed ===
[8/100] Processing bcspwr01 ... (max 600s)
[dbg     0.001 ms] main entry, initializing CUDA context...
[dbg   478.613 ms] CUDA context ready
[dbg   478.782 ms] start read_matrix_market: ./data/first100/bcspwr01.mtx
[dbg   480.202 ms] read done: 39 x 39, nnz=131
[mempool] host pinned arena ready: 256 MB (USE_MEMPOOL=ON)
[dbg   627.201 ms] [cu] start
[dbg   635.617 ms] [cu] h2dmalloc (1208 B)
[dbg   635.680 ms] [cu] h2d (1208 B)
[dbg   635.720 ms] cusparse: workEstimation begin
[dbg   659.682 ms] [cu] workest (buf1=2635 B)
[dbg   659.696 ms] cusparse: compute begin
[dbg   660.329 ms] [cu] compute (buf2=16639 B)
[dbg   660.336 ms] cusparse: C size = 39 x 39, nnz=275
[dbg   660.348 ms] cusparse: copy begin
[dbg   660.457 ms] [cu] copy
[dbg   660.485 ms] [cu] pack
[dbg   660.505 ms] self_product: C D2H begin (2360 B)
[dbg   660.523 ms] [cu] d2h
[dbg   660.713 ms] [gust] start
[dbg   660.830 ms] [gust] h2d
[dbg   660.833 ms] ESC: count intermediates begin
[dbg   662.468 ms] [gust] count
[dbg   662.750 ms] [gust] scan
[dbg   662.766 ms] ESC: expand begin (479 intermediates)
[dbg   662.800 ms] [gust] expand
[dbg   662.801 ms] ESC: sort_by_key begin
[dbg   662.886 ms] [gust] sort
[dbg   662.894 ms] ESC: reduce_by_key begin
[dbg   663.065 ms] [gust] reduce
[dbg   663.141 ms] [gust] final
[dbg   663.159 ms] [gust] pack
[dbg   663.174 ms] [gust] d2h
[dbg   663.314 ms] [merge] start
[dbg   663.408 ms] [merge] h2d
[dbg   663.411 ms] merge: count begin
[dbg   663.429 ms] [merge] count
[dbg   663.470 ms] [merge] scan
[dbg   663.475 ms] merge: expand_serial begin (479 intermediates)
[dbg   663.956 ms] [merge] expand
[dbg   663.971 ms] merge: merge_serial begin
[dbg   664.016 ms] [merge] merge
[dbg   664.062 ms] [merge] final
[dbg   664.099 ms] [merge] compact
[dbg   664.119 ms] [merge] pack
[dbg   664.129 ms] [merge] d2h
[dbg   664.274 ms] [mrg2] start
[dbg   664.370 ms] [mrg2] h2d
[dbg   664.372 ms] merge2: count begin
[dbg   664.390 ms] [mrg2] count
[dbg   664.431 ms] [mrg2] scan
[dbg   664.439 ms] merge2: merge_warp begin (479 intermediates)
[dbg   664.493 ms] [mrg2] merge
[dbg   664.530 ms] [mrg2] final
[dbg   664.556 ms] [mrg2] compact
[dbg   664.575 ms] [mrg2] pack
[dbg   664.585 ms] [mrg2] d2h
[dbg   664.681 ms] [cu] start
[dbg   664.750 ms] [cu] h2dmalloc (1208 B)
[dbg   664.761 ms] [cu] h2d (1208 B)
[dbg   664.771 ms] cusparse: workEstimation begin
[dbg   664.828 ms] [cu] workest (buf1=2635 B)
[dbg   664.830 ms] cusparse: compute begin
[dbg   664.988 ms] [cu] compute (buf2=16639 B)
[dbg   664.990 ms] cusparse: C size = 39 x 39, nnz=275
[dbg   664.997 ms] cusparse: copy begin
[dbg   665.041 ms] [cu] copy
[dbg   665.058 ms] [cu] pack
[dbg   665.074 ms] self_product: C D2H begin (2360 B)
[dbg   665.083 ms] [cu] d2h
[dbg   665.174 ms] [gust] start
[dbg   665.255 ms] [gust] h2d
[dbg   665.258 ms] ESC: count intermediates begin
[dbg   665.275 ms] [gust] count
[dbg   665.311 ms] [gust] scan
[dbg   665.317 ms] ESC: expand begin (479 intermediates)
[dbg   665.331 ms] [gust] expand
[dbg   665.332 ms] ESC: sort_by_key begin
[dbg   665.377 ms] [gust] sort
[dbg   665.383 ms] ESC: reduce_by_key begin
[dbg   665.417 ms] [gust] reduce
[dbg   665.477 ms] [gust] final
[dbg   665.494 ms] [gust] pack
[dbg   665.504 ms] [gust] d2h
[dbg   665.595 ms] [merge] start
[dbg   665.669 ms] [merge] h2d
[dbg   665.671 ms] merge: count begin
[dbg   665.686 ms] [merge] count
[dbg   665.723 ms] [merge] scan
[dbg   665.729 ms] merge: expand_serial begin (479 intermediates)
[dbg   665.745 ms] [merge] expand
[dbg   665.752 ms] merge: merge_serial begin
[dbg   665.776 ms] [merge] merge
[dbg   665.820 ms] [merge] final
[dbg   665.850 ms] [merge] compact
[dbg   665.869 ms] [merge] pack
[dbg   665.878 ms] [merge] d2h
[dbg   665.967 ms] [mrg2] start
[dbg   666.040 ms] [mrg2] h2d
[dbg   666.042 ms] merge2: count begin
[dbg   666.056 ms] [mrg2] count
[dbg   666.093 ms] [mrg2] scan
[dbg   666.101 ms] merge2: merge_warp begin (479 intermediates)
[dbg   666.120 ms] [mrg2] merge
[dbg   666.154 ms] [mrg2] final
[dbg   666.181 ms] [mrg2] compact
[dbg   666.199 ms] [mrg2] pack
[dbg   666.210 ms] [mrg2] d2h
[dbg   666.302 ms] [cu] start
[dbg   666.367 ms] [cu] h2dmalloc (1208 B)
[dbg   666.379 ms] [cu] h2d (1208 B)
[dbg   666.386 ms] cusparse: workEstimation begin
[dbg   666.434 ms] [cu] workest (buf1=2635 B)
[dbg   666.437 ms] cusparse: compute begin
[dbg   666.593 ms] [cu] compute (buf2=16639 B)
[dbg   666.595 ms] cusparse: C size = 39 x 39, nnz=275
[dbg   666.601 ms] cusparse: copy begin
[dbg   666.643 ms] [cu] copy
[dbg   666.660 ms] [cu] pack
[dbg   666.676 ms] self_product: C D2H begin (2360 B)
[dbg   666.684 ms] [cu] d2h
[dbg   666.767 ms] [gust] start
[dbg   666.842 ms] [gust] h2d
[dbg   666.844 ms] ESC: count intermediates begin
[dbg   666.859 ms] [gust] count
[dbg   666.898 ms] [gust] scan
[dbg   666.903 ms] ESC: expand begin (479 intermediates)
[dbg   666.915 ms] [gust] expand
[dbg   666.917 ms] ESC: sort_by_key begin
[dbg   666.962 ms] [gust] sort
[dbg   666.969 ms] ESC: reduce_by_key begin
[dbg   667.002 ms] [gust] reduce
[dbg   667.056 ms] [gust] final
[dbg   667.075 ms] [gust] pack
[dbg   667.085 ms] [gust] d2h
[dbg   667.182 ms] [merge] start
[dbg   667.258 ms] [merge] h2d
[dbg   667.261 ms] merge: count begin
[dbg   667.276 ms] [merge] count
[dbg   667.312 ms] [merge] scan
[dbg   667.318 ms] merge: expand_serial begin (479 intermediates)
[dbg   667.333 ms] [merge] expand
[dbg   667.340 ms] merge: merge_serial begin
[dbg   667.364 ms] [merge] merge
[dbg   667.403 ms] [merge] final
[dbg   667.428 ms] [merge] compact
[dbg   667.444 ms] [merge] pack
[dbg   667.454 ms] [merge] d2h
[dbg   667.541 ms] [mrg2] start
[dbg   667.613 ms] [mrg2] h2d
[dbg   667.616 ms] merge2: count begin
[dbg   667.631 ms] [mrg2] count
[dbg   667.667 ms] [mrg2] scan
[dbg   667.675 ms] merge2: merge_warp begin (479 intermediates)
[dbg   667.697 ms] [mrg2] merge
[dbg   667.731 ms] [mrg2] final
[dbg   667.753 ms] [mrg2] compact
[dbg   667.771 ms] [mrg2] pack
[dbg   667.781 ms] [mrg2] d2h
[dbg   667.868 ms] warmup done
[dbg   667.898 ms] T1 cuSPARSE self_product: start
[dbg   667.903 ms] [cu] start
[dbg   667.967 ms] [cu] h2dmalloc (1208 B)
[dbg   667.981 ms] [cu] h2d (1208 B)
[dbg   667.989 ms] cusparse: workEstimation begin
[dbg   668.038 ms] [cu] workest (buf1=2635 B)
[dbg   668.040 ms] cusparse: compute begin
[dbg   668.202 ms] [cu] compute (buf2=16639 B)
[dbg   668.205 ms] cusparse: C size = 39 x 39, nnz=275
[dbg   668.211 ms] cusparse: copy begin
[dbg   668.253 ms] [cu] copy
[dbg   668.272 ms] [cu] pack
[dbg   668.287 ms] self_product: C D2H begin (2360 B)
[dbg   668.297 ms] [cu] d2h
[dbg   668.385 ms] T1 cuSPARSE self_product: done (C_nnz=275)
[dbg   668.412 ms] T4 manual self_product: start
[dbg   668.414 ms] [gust] start
[dbg   668.492 ms] [gust] h2d
[dbg   668.495 ms] ESC: count intermediates begin
[dbg   668.512 ms] [gust] count
[dbg   668.551 ms] [gust] scan
[dbg   668.557 ms] ESC: expand begin (479 intermediates)
[dbg   668.572 ms] [gust] expand
[dbg   668.573 ms] ESC: sort_by_key begin
[dbg   668.617 ms] [gust] sort
[dbg   668.623 ms] ESC: reduce_by_key begin
[dbg   668.655 ms] [gust] reduce
[dbg   668.709 ms] [gust] final
[dbg   668.726 ms] [gust] pack
[dbg   668.737 ms] [gust] d2h
[dbg   668.827 ms] T4 manual self_product: done (C_nnz=275)
[dbg   668.848 ms] T4b merge self_product: start
[dbg   668.850 ms] [merge] start
[dbg   668.923 ms] [merge] h2d
[dbg   668.926 ms] merge: count begin
[dbg   668.942 ms] [merge] count
[dbg   668.979 ms] [merge] scan
[dbg   668.985 ms] merge: expand_serial begin (479 intermediates)
[dbg   668.999 ms] [merge] expand
[dbg   669.006 ms] merge: merge_serial begin
[dbg   669.029 ms] [merge] merge
[dbg   669.077 ms] [merge] final
[dbg   669.108 ms] [merge] compact
[dbg   669.133 ms] [merge] pack
[dbg   669.143 ms] [merge] d2h
[dbg   669.249 ms] T4b merge self_product: done (C_nnz=275)
[dbg   669.276 ms] T4c merge2 self_product: start
[dbg   669.278 ms] [mrg2] start
[dbg   669.359 ms] [mrg2] h2d
[dbg   669.362 ms] merge2: count begin
[dbg   669.378 ms] [mrg2] count
[dbg   669.417 ms] [mrg2] scan
[dbg   669.425 ms] merge2: merge_warp begin (479 intermediates)
[dbg   669.446 ms] [mrg2] merge
[dbg   669.480 ms] [mrg2] final
[dbg   669.506 ms] [mrg2] compact
[dbg   669.524 ms] [mrg2] pack
[dbg   669.534 ms] [mrg2] d2h
[dbg   669.625 ms] T4c merge2 self_product: done (C_nnz=275)
Reading matrix from ./data/first100/bcspwr01.mtx...
Input A: 39 x 39, nnz = 131, sparsity = 91.39%
===============WARMING UP (3 rounds)===============
=== Computing C = A x A (cuSPARSE) ===
Result C: 39 x 39, nnz = 275, sparsity = 81.92%
Time: 0.491 ms

=== Computing C = A x A (Manual) ===
Result C: 39 x 39, nnz = 275, sparsity = 81.92%
Time: 0.419 ms

=== Computing C = A x A (Merge) ===
Result C: 39 x 39, nnz = 275, sparsity = 81.92%
Time: 0.405 ms

=== Computing C = A x A (Merge2) ===
Result C: 39 x 39, nnz = 275, sparsity = 81.92%
Time: 0.353 ms

=== All tests completed ===
[9/100] Processing bcspwr02 ... (max 600s)
[dbg     0.000 ms] main entry, initializing CUDA context...
[dbg   485.432 ms] CUDA context ready
[dbg   485.600 ms] start read_matrix_market: ./data/first100/bcspwr02.mtx
[dbg   487.033 ms] read done: 49 x 49, nnz=167
[mempool] host pinned arena ready: 256 MB (USE_MEMPOOL=ON)
[dbg   638.978 ms] [cu] start
[dbg   647.291 ms] [cu] h2dmalloc (1536 B)
[dbg   647.367 ms] [cu] h2d (1536 B)
[dbg   647.407 ms] cusparse: workEstimation begin
[dbg   673.231 ms] [cu] workest (buf1=3067 B)
[dbg   673.247 ms] cusparse: compute begin
[dbg   673.925 ms] [cu] compute (buf2=21103 B)
[dbg   673.932 ms] cusparse: C size = 49 x 49, nnz=403
[dbg   673.941 ms] cusparse: copy begin
[dbg   674.047 ms] [cu] copy
[dbg   674.074 ms] [cu] pack
[dbg   674.095 ms] self_product: C D2H begin (3424 B)
[dbg   674.120 ms] [cu] d2h
[dbg   674.334 ms] [gust] start
[dbg   674.459 ms] [gust] h2d
[dbg   674.462 ms] ESC: count intermediates begin
[dbg   676.056 ms] [gust] count
[dbg   676.348 ms] [gust] scan
[dbg   676.360 ms] ESC: expand begin (665 intermediates)
[dbg   676.393 ms] [gust] expand
[dbg   676.394 ms] ESC: sort_by_key begin
[dbg   676.478 ms] [gust] sort
[dbg   676.489 ms] ESC: reduce_by_key begin
[dbg   676.647 ms] [gust] reduce
[dbg   676.726 ms] [gust] final
[dbg   676.749 ms] [gust] pack
[dbg   676.760 ms] [gust] d2h
[dbg   676.918 ms] [merge] start
[dbg   677.026 ms] [merge] h2d
[dbg   677.030 ms] merge: count begin
[dbg   677.050 ms] [merge] count
[dbg   677.095 ms] [merge] scan
[dbg   677.102 ms] merge: expand_serial begin (665 intermediates)
[dbg   677.576 ms] [merge] expand
[dbg   677.589 ms] merge: merge_serial begin
[dbg   677.642 ms] [merge] merge
[dbg   677.693 ms] [merge] final
[dbg   677.732 ms] [merge] compact
[dbg   677.752 ms] [merge] pack
[dbg   677.763 ms] [merge] d2h
[dbg   677.906 ms] [mrg2] start
[dbg   678.006 ms] [mrg2] h2d
[dbg   678.009 ms] merge2: count begin
[dbg   678.026 ms] [mrg2] count
[dbg   678.067 ms] [mrg2] scan
[dbg   678.075 ms] merge2: merge_warp begin (665 intermediates)
[dbg   678.129 ms] [mrg2] merge
[dbg   678.168 ms] [mrg2] final
[dbg   678.192 ms] [mrg2] compact
[dbg   678.211 ms] [mrg2] pack
[dbg   678.222 ms] [mrg2] d2h
[dbg   678.321 ms] [cu] start
[dbg   678.399 ms] [cu] h2dmalloc (1536 B)
[dbg   678.413 ms] [cu] h2d (1536 B)
[dbg   678.425 ms] cusparse: workEstimation begin
[dbg   678.485 ms] [cu] workest (buf1=3067 B)
[dbg   678.488 ms] cusparse: compute begin
[dbg   678.655 ms] [cu] compute (buf2=21103 B)
[dbg   678.658 ms] cusparse: C size = 49 x 49, nnz=403
[dbg   678.665 ms] cusparse: copy begin
[dbg   678.709 ms] [cu] copy
[dbg   678.729 ms] [cu] pack
[dbg   678.744 ms] self_product: C D2H begin (3424 B)
[dbg   678.755 ms] [cu] d2h
[dbg   678.849 ms] [gust] start
[dbg   678.938 ms] [gust] h2d
[dbg   678.942 ms] ESC: count intermediates begin
[dbg   678.961 ms] [gust] count
[dbg   679.003 ms] [gust] scan
[dbg   679.009 ms] ESC: expand begin (665 intermediates)
[dbg   679.023 ms] [gust] expand
[dbg   679.025 ms] ESC: sort_by_key begin
[dbg   679.071 ms] [gust] sort
[dbg   679.077 ms] ESC: reduce_by_key begin
[dbg   679.117 ms] [gust] reduce
[dbg   679.173 ms] [gust] final
[dbg   679.191 ms] [gust] pack
[dbg   679.203 ms] [gust] d2h
[dbg   679.302 ms] [merge] start
[dbg   679.387 ms] [merge] h2d
[dbg   679.391 ms] merge: count begin
[dbg   679.407 ms] [merge] count
[dbg   679.445 ms] [merge] scan
[dbg   679.451 ms] merge: expand_serial begin (665 intermediates)
[dbg   679.469 ms] [merge] expand
[dbg   679.476 ms] merge: merge_serial begin
[dbg   679.504 ms] [merge] merge
[dbg   679.543 ms] [merge] final
[dbg   679.573 ms] [merge] compact
[dbg   679.590 ms] [merge] pack
[dbg   679.600 ms] [merge] d2h
[dbg   679.697 ms] [mrg2] start
[dbg   679.782 ms] [mrg2] h2d
[dbg   679.786 ms] merge2: count begin
[dbg   679.805 ms] [mrg2] count
[dbg   679.843 ms] [mrg2] scan
[dbg   679.850 ms] merge2: merge_warp begin (665 intermediates)
[dbg   679.873 ms] [mrg2] merge
[dbg   679.907 ms] [mrg2] final
[dbg   679.930 ms] [mrg2] compact
[dbg   679.947 ms] [mrg2] pack
[dbg   679.957 ms] [mrg2] d2h
[dbg   680.049 ms] [cu] start
[dbg   680.119 ms] [cu] h2dmalloc (1536 B)
[dbg   680.132 ms] [cu] h2d (1536 B)
[dbg   680.140 ms] cusparse: workEstimation begin
[dbg   680.193 ms] [cu] workest (buf1=3067 B)
[dbg   680.196 ms] cusparse: compute begin
[dbg   680.345 ms] [cu] compute (buf2=21103 B)
[dbg   680.348 ms] cusparse: C size = 49 x 49, nnz=403
[dbg   680.354 ms] cusparse: copy begin
[dbg   680.399 ms] [cu] copy
[dbg   680.418 ms] [cu] pack
[dbg   680.432 ms] self_product: C D2H begin (3424 B)
[dbg   680.441 ms] [cu] d2h
[dbg   680.534 ms] [gust] start
[dbg   680.619 ms] [gust] h2d
[dbg   680.622 ms] ESC: count intermediates begin
[dbg   680.645 ms] [gust] count
[dbg   680.688 ms] [gust] scan
[dbg   680.693 ms] ESC: expand begin (665 intermediates)
[dbg   680.707 ms] [gust] expand
[dbg   680.708 ms] ESC: sort_by_key begin
[dbg   680.754 ms] [gust] sort
[dbg   680.760 ms] ESC: reduce_by_key begin
[dbg   680.792 ms] [gust] reduce
[dbg   680.846 ms] [gust] final
[dbg   680.865 ms] [gust] pack
[dbg   680.875 ms] [gust] d2h
[dbg   680.970 ms] [merge] start
[dbg   681.057 ms] [merge] h2d
[dbg   681.060 ms] merge: count begin
[dbg   681.076 ms] [merge] count
[dbg   681.113 ms] [merge] scan
[dbg   681.119 ms] merge: expand_serial begin (665 intermediates)
[dbg   681.137 ms] [merge] expand
[dbg   681.143 ms] merge: merge_serial begin
[dbg   681.171 ms] [merge] merge
[dbg   681.209 ms] [merge] final
[dbg   681.237 ms] [merge] compact
[dbg   681.255 ms] [merge] pack
[dbg   681.265 ms] [merge] d2h
[dbg   681.356 ms] [mrg2] start
[dbg   681.439 ms] [mrg2] h2d
[dbg   681.443 ms] merge2: count begin
[dbg   681.459 ms] [mrg2] count
[dbg   681.497 ms] [mrg2] scan
[dbg   681.504 ms] merge2: merge_warp begin (665 intermediates)
[dbg   681.526 ms] [mrg2] merge
[dbg   681.565 ms] [mrg2] final
[dbg   681.586 ms] [mrg2] compact
[dbg   681.604 ms] [mrg2] pack
[dbg   681.614 ms] [mrg2] d2h
[dbg   681.713 ms] warmup done
[dbg   681.747 ms] T1 cuSPARSE self_product: start
[dbg   681.750 ms] [cu] start
[dbg   681.821 ms] [cu] h2dmalloc (1536 B)
[dbg   681.835 ms] [cu] h2d (1536 B)
[dbg   681.842 ms] cusparse: workEstimation begin
[dbg   681.895 ms] [cu] workest (buf1=3067 B)
[dbg   681.903 ms] cusparse: compute begin
[dbg   682.049 ms] [cu] compute (buf2=21103 B)
[dbg   682.053 ms] cusparse: C size = 49 x 49, nnz=403
[dbg   682.059 ms] cusparse: copy begin
[dbg   682.103 ms] [cu] copy
[dbg   682.121 ms] [cu] pack
[dbg   682.136 ms] self_product: C D2H begin (3424 B)
[dbg   682.145 ms] [cu] d2h
[dbg   682.234 ms] T1 cuSPARSE self_product: done (C_nnz=403)
[dbg   682.264 ms] T4 manual self_product: start
[dbg   682.266 ms] [gust] start
[dbg   682.350 ms] [gust] h2d
[dbg   682.353 ms] ESC: count intermediates begin
[dbg   682.369 ms] [gust] count
[dbg   682.411 ms] [gust] scan
[dbg   682.417 ms] ESC: expand begin (665 intermediates)
[dbg   682.430 ms] [gust] expand
[dbg   682.432 ms] ESC: sort_by_key begin
[dbg   682.477 ms] [gust] sort
[dbg   682.487 ms] ESC: reduce_by_key begin
[dbg   682.519 ms] [gust] reduce
[dbg   682.573 ms] [gust] final
[dbg   682.592 ms] [gust] pack
[dbg   682.602 ms] [gust] d2h
[dbg   682.714 ms] T4 manual self_product: done (C_nnz=403)
[dbg   682.741 ms] T4b merge self_product: start
[dbg   682.743 ms] [merge] start
[dbg   682.826 ms] [merge] h2d
[dbg   682.829 ms] merge: count begin
[dbg   682.846 ms] [merge] count
[dbg   682.890 ms] [merge] scan
[dbg   682.896 ms] merge: expand_serial begin (665 intermediates)
[dbg   682.913 ms] [merge] expand
[dbg   682.920 ms] merge: merge_serial begin
[dbg   682.947 ms] [merge] merge
[dbg   682.986 ms] [merge] final
[dbg   683.008 ms] [merge] compact
[dbg   683.026 ms] [merge] pack
[dbg   683.036 ms] [merge] d2h
[dbg   683.128 ms] T4b merge self_product: done (C_nnz=403)
[dbg   683.161 ms] T4c merge2 self_product: start
[dbg   683.163 ms] [mrg2] start
[dbg   683.242 ms] [mrg2] h2d
[dbg   683.245 ms] merge2: count begin
[dbg   683.261 ms] [mrg2] count
[dbg   683.299 ms] [mrg2] scan
[dbg   683.306 ms] merge2: merge_warp begin (665 intermediates)
[dbg   683.329 ms] [mrg2] merge
[dbg   683.363 ms] [mrg2] final
[dbg   683.385 ms] [mrg2] compact
[dbg   683.403 ms] [mrg2] pack
[dbg   683.414 ms] [mrg2] d2h
[dbg   683.503 ms] T4c merge2 self_product: done (C_nnz=403)
Reading matrix from ./data/first100/bcspwr02.mtx...
Input A: 49 x 49, nnz = 167, sparsity = 93.04%
===============WARMING UP (3 rounds)===============
=== Computing C = A x A (cuSPARSE) ===
Result C: 49 x 49, nnz = 403, sparsity = 83.22%
Time: 0.491 ms

=== Computing C = A x A (Manual) ===
Result C: 49 x 49, nnz = 403, sparsity = 83.22%
Time: 0.454 ms

=== Computing C = A x A (Merge) ===
Result C: 49 x 49, nnz = 403, sparsity = 83.22%
Time: 0.391 ms

=== Computing C = A x A (Merge2) ===
Result C: 49 x 49, nnz = 403, sparsity = 83.22%
Time: 0.346 ms

=== All tests completed ===
[10/100] Processing bcspwr03 ... (max 600s)
[dbg     0.001 ms] main entry, initializing CUDA context...
[dbg   476.369 ms] CUDA context ready
[dbg   476.536 ms] start read_matrix_market: ./data/first100/bcspwr03.mtx
[dbg   477.995 ms] read done: 118 x 118, nnz=476
[mempool] host pinned arena ready: 256 MB (USE_MEMPOOL=ON)
[dbg   626.524 ms] [cu] start
[dbg   634.961 ms] [cu] h2dmalloc (4284 B)
[dbg   635.025 ms] [cu] h2d (4284 B)
[dbg   635.062 ms] cusparse: workEstimation begin
[dbg   660.040 ms] [cu] workest (buf1=6775 B)
[dbg   660.056 ms] cusparse: compute begin
[dbg   660.723 ms] [cu] compute (buf2=58183 B)
[dbg   660.730 ms] cusparse: C size = 118 x 118, nnz=1270
[dbg   660.741 ms] cusparse: copy begin
[dbg   660.847 ms] [cu] copy
[dbg   660.872 ms] [cu] pack
[dbg   660.891 ms] self_product: C D2H begin (10636 B)
[dbg   660.914 ms] [cu] d2h
[dbg   661.118 ms] [gust] start
[dbg   661.247 ms] [gust] h2d
[dbg   661.250 ms] ESC: count intermediates begin
[dbg   662.870 ms] [gust] count
[dbg   663.163 ms] [gust] scan
[dbg   663.176 ms] ESC: expand begin (2210 intermediates)
[dbg   663.212 ms] [gust] expand
[dbg   663.213 ms] ESC: sort_by_key begin
[dbg   663.297 ms] [gust] sort
[dbg   663.321 ms] ESC: reduce_by_key begin
[dbg   663.492 ms] [gust] reduce
[dbg   663.568 ms] [gust] final
[dbg   663.586 ms] [gust] pack
[dbg   663.597 ms] [gust] d2h
[dbg   663.741 ms] [merge] start
[dbg   663.840 ms] [merge] h2d
[dbg   663.843 ms] merge: count begin
[dbg   663.860 ms] [merge] count
[dbg   663.911 ms] [merge] scan
[dbg   663.919 ms] merge: expand_serial begin (2210 intermediates)
[dbg   664.396 ms] [merge] expand
[dbg   664.407 ms] merge: merge_serial begin
[dbg   664.478 ms] [merge] merge
[dbg   664.528 ms] [merge] final
[dbg   664.566 ms] [merge] compact
[dbg   664.588 ms] [merge] pack
[dbg   664.598 ms] [merge] d2h
[dbg   664.734 ms] [mrg2] start
[dbg   664.833 ms] [mrg2] h2d
[dbg   664.836 ms] merge2: count begin
[dbg   664.854 ms] [mrg2] count
[dbg   664.894 ms] [mrg2] scan
[dbg   664.903 ms] merge2: merge_warp begin (2210 intermediates)
[dbg   664.968 ms] [mrg2] merge
[dbg   665.005 ms] [mrg2] final
[dbg   665.030 ms] [mrg2] compact
[dbg   665.051 ms] [mrg2] pack
[dbg   665.061 ms] [mrg2] d2h
[dbg   665.157 ms] [cu] start
[dbg   665.227 ms] [cu] h2dmalloc (4284 B)
[dbg   665.242 ms] [cu] h2d (4284 B)
[dbg   665.254 ms] cusparse: workEstimation begin
[dbg   665.318 ms] [cu] workest (buf1=6775 B)
[dbg   665.321 ms] cusparse: compute begin
[dbg   665.486 ms] [cu] compute (buf2=58183 B)
[dbg   665.489 ms] cusparse: C size = 118 x 118, nnz=1270
[dbg   665.496 ms] cusparse: copy begin
[dbg   665.541 ms] [cu] copy
[dbg   665.559 ms] [cu] pack
[dbg   665.575 ms] self_product: C D2H begin (10636 B)
[dbg   665.584 ms] [cu] d2h
[dbg   665.672 ms] [gust] start
[dbg   665.752 ms] [gust] h2d
[dbg   665.755 ms] ESC: count intermediates begin
[dbg   665.772 ms] [gust] count
[dbg   665.811 ms] [gust] scan
[dbg   665.819 ms] ESC: expand begin (2210 intermediates)
[dbg   665.834 ms] [gust] expand
[dbg   665.835 ms] ESC: sort_by_key begin
[dbg   665.882 ms] [gust] sort
[dbg   665.889 ms] ESC: reduce_by_key begin
[dbg   665.927 ms] [gust] reduce
[dbg   665.985 ms] [gust] final
[dbg   666.003 ms] [gust] pack
[dbg   666.013 ms] [gust] d2h
[dbg   666.107 ms] [merge] start
[dbg   666.183 ms] [merge] h2d
[dbg   666.186 ms] merge: count begin
[dbg   666.201 ms] [merge] count
[dbg   666.239 ms] [merge] scan
[dbg   666.246 ms] merge: expand_serial begin (2210 intermediates)
[dbg   666.265 ms] [merge] expand
[dbg   666.273 ms] merge: merge_serial begin
[dbg   666.321 ms] [merge] merge
[dbg   666.363 ms] [merge] final
[dbg   666.386 ms] [merge] compact
[dbg   666.404 ms] [merge] pack
[dbg   666.415 ms] [merge] d2h
[dbg   666.505 ms] [mrg2] start
[dbg   666.580 ms] [mrg2] h2d
[dbg   666.583 ms] merge2: count begin
[dbg   666.599 ms] [mrg2] count
[dbg   666.635 ms] [mrg2] scan
[dbg   666.644 ms] merge2: merge_warp begin (2210 intermediates)
[dbg   666.675 ms] [mrg2] merge
[dbg   666.708 ms] [mrg2] final
[dbg   666.737 ms] [mrg2] compact
[dbg   666.757 ms] [mrg2] pack
[dbg   666.767 ms] [mrg2] d2h
[dbg   666.856 ms] [cu] start
[dbg   666.919 ms] [cu] h2dmalloc (4284 B)
[dbg   666.933 ms] [cu] h2d (4284 B)
[dbg   666.939 ms] cusparse: workEstimation begin
[dbg   666.985 ms] [cu] workest (buf1=6775 B)
[dbg   666.988 ms] cusparse: compute begin
[dbg   667.144 ms] [cu] compute (buf2=58183 B)
[dbg   667.147 ms] cusparse: C size = 118 x 118, nnz=1270
[dbg   667.153 ms] cusparse: copy begin
[dbg   667.197 ms] [cu] copy
[dbg   667.215 ms] [cu] pack
[dbg   667.230 ms] self_product: C D2H begin (10636 B)
[dbg   667.240 ms] [cu] d2h
[dbg   667.333 ms] [gust] start
[dbg   667.412 ms] [gust] h2d
[dbg   667.416 ms] ESC: count intermediates begin
[dbg   667.432 ms] [gust] count
[dbg   667.470 ms] [gust] scan
[dbg   667.478 ms] ESC: expand begin (2210 intermediates)
[dbg   667.492 ms] [gust] expand
[dbg   667.493 ms] ESC: sort_by_key begin
[dbg   667.539 ms] [gust] sort
[dbg   667.546 ms] ESC: reduce_by_key begin
[dbg   667.577 ms] [gust] reduce
[dbg   667.637 ms] [gust] final
[dbg   667.655 ms] [gust] pack
[dbg   667.665 ms] [gust] d2h
[dbg   667.757 ms] [merge] start
[dbg   667.831 ms] [merge] h2d
[dbg   667.834 ms] merge: count begin
[dbg   667.849 ms] [merge] count
[dbg   667.885 ms] [merge] scan
[dbg   667.892 ms] merge: expand_serial begin (2210 intermediates)
[dbg   667.911 ms] [merge] expand
[dbg   667.918 ms] merge: merge_serial begin
[dbg   667.966 ms] [merge] merge
[dbg   668.006 ms] [merge] final
[dbg   668.029 ms] [merge] compact
[dbg   668.047 ms] [merge] pack
[dbg   668.057 ms] [merge] d2h
[dbg   668.144 ms] [mrg2] start
[dbg   668.217 ms] [mrg2] h2d
[dbg   668.220 ms] merge2: count begin
[dbg   668.236 ms] [mrg2] count
[dbg   668.271 ms] [mrg2] scan
[dbg   668.279 ms] merge2: merge_warp begin (2210 intermediates)
[dbg   668.311 ms] [mrg2] merge
[dbg   668.346 ms] [mrg2] final
[dbg   668.368 ms] [mrg2] compact
[dbg   668.386 ms] [mrg2] pack
[dbg   668.396 ms] [mrg2] d2h
[dbg   668.483 ms] warmup done
[dbg   668.514 ms] T1 cuSPARSE self_product: start
[dbg   668.520 ms] [cu] start
[dbg   668.586 ms] [cu] h2dmalloc (4284 B)
[dbg   668.601 ms] [cu] h2d (4284 B)
[dbg   668.607 ms] cusparse: workEstimation begin
[dbg   668.656 ms] [cu] workest (buf1=6775 B)
[dbg   668.659 ms] cusparse: compute begin
[dbg   668.815 ms] [cu] compute (buf2=58183 B)
[dbg   668.818 ms] cusparse: C size = 118 x 118, nnz=1270
[dbg   668.824 ms] cusparse: copy begin
[dbg   668.867 ms] [cu] copy
[dbg   668.885 ms] [cu] pack
[dbg   668.901 ms] self_product: C D2H begin (10636 B)
[dbg   668.911 ms] [cu] d2h
[dbg   668.995 ms] T1 cuSPARSE self_product: done (C_nnz=1270)
[dbg   669.021 ms] T4 manual self_product: start
[dbg   669.023 ms] [gust] start
[dbg   669.101 ms] [gust] h2d
[dbg   669.104 ms] ESC: count intermediates begin
[dbg   669.121 ms] [gust] count
[dbg   669.161 ms] [gust] scan
[dbg   669.171 ms] ESC: expand begin (2210 intermediates)
[dbg   669.187 ms] [gust] expand
[dbg   669.188 ms] ESC: sort_by_key begin
[dbg   669.235 ms] [gust] sort
[dbg   669.242 ms] ESC: reduce_by_key begin
[dbg   669.273 ms] [gust] reduce
[dbg   669.340 ms] [gust] final
[dbg   669.359 ms] [gust] pack
[dbg   669.368 ms] [gust] d2h
[dbg   669.463 ms] T4 manual self_product: done (C_nnz=1270)
[dbg   669.480 ms] T4b merge self_product: start
[dbg   669.482 ms] [merge] start
[dbg   669.560 ms] [merge] h2d
[dbg   669.564 ms] merge: count begin
[dbg   669.579 ms] [merge] count
[dbg   669.616 ms] [merge] scan
[dbg   669.622 ms] merge: expand_serial begin (2210 intermediates)
[dbg   669.642 ms] [merge] expand
[dbg   669.651 ms] merge: merge_serial begin
[dbg   669.698 ms] [merge] merge
[dbg   669.739 ms] [merge] final
[dbg   669.761 ms] [merge] compact
[dbg   669.779 ms] [merge] pack
[dbg   669.789 ms] [merge] d2h
[dbg   669.878 ms] T4b merge self_product: done (C_nnz=1270)
[dbg   669.895 ms] T4c merge2 self_product: start
[dbg   669.896 ms] [mrg2] start
[dbg   669.971 ms] [mrg2] h2d
[dbg   669.974 ms] merge2: count begin
[dbg   669.990 ms] [mrg2] count
[dbg   670.026 ms] [mrg2] scan
[dbg   670.033 ms] merge2: merge_warp begin (2210 intermediates)
[dbg   670.064 ms] [mrg2] merge
[dbg   670.100 ms] [mrg2] final
[dbg   670.122 ms] [mrg2] compact
[dbg   670.140 ms] [mrg2] pack
[dbg   670.150 ms] [mrg2] d2h
[dbg   670.240 ms] T4c merge2 self_product: done (C_nnz=1270)
Reading matrix from ./data/first100/bcspwr03.mtx...
Input A: 118 x 118, nnz = 476, sparsity = 96.58%
===============WARMING UP (3 rounds)===============
=== Computing C = A x A (cuSPARSE) ===
Result C: 118 x 118, nnz = 1270, sparsity = 90.88%
Time: 0.488 ms

=== Computing C = A x A (Manual) ===
Result C: 118 x 118, nnz = 1270, sparsity = 90.88%
Time: 0.444 ms

=== Computing C = A x A (Merge) ===
Result C: 118 x 118, nnz = 1270, sparsity = 90.88%
Time: 0.400 ms

=== Computing C = A x A (Merge2) ===
Result C: 118 x 118, nnz = 1270, sparsity = 90.88%
Time: 0.348 ms

=== All tests completed ===
[11/100] Processing bcspwr04 ... (max 600s)
[dbg     0.001 ms] main entry, initializing CUDA context...
[dbg   478.317 ms] CUDA context ready
[dbg   478.493 ms] start read_matrix_market: ./data/first100/bcspwr04.mtx
[dbg   480.007 ms] read done: 274 x 274, nnz=1612
[mempool] host pinned arena ready: 256 MB (USE_MEMPOOL=ON)
[dbg   627.608 ms] [cu] start
[dbg   635.794 ms] [cu] h2dmalloc (13996 B)
[dbg   635.857 ms] [cu] h2d (13996 B)
[dbg   635.901 ms] cusparse: workEstimation begin
[dbg   662.635 ms] [cu] workest (buf1=20407 B)
[dbg   662.648 ms] cusparse: compute begin
[dbg   663.299 ms] [cu] compute (buf2=304583 B)
[dbg   663.306 ms] cusparse: C size = 274 x 274, nnz=4982
[dbg   663.316 ms] cusparse: copy begin
[dbg   663.414 ms] [cu] copy
[dbg   663.439 ms] [cu] pack
[dbg   663.459 ms] self_product: C D2H begin (40956 B)
[dbg   663.485 ms] [cu] d2h
[dbg   663.667 ms] [gust] start
[dbg   663.793 ms] [gust] h2d
[dbg   663.796 ms] ESC: count intermediates begin
[dbg   665.471 ms] [gust] count
[dbg   665.753 ms] [gust] scan
[dbg   665.767 ms] ESC: expand begin (12466 intermediates)
[dbg   665.803 ms] [gust] expand
[dbg   665.804 ms] ESC: sort_by_key begin
[dbg   666.041 ms] [gust] sort
[dbg   666.051 ms] ESC: reduce_by_key begin
[dbg   666.233 ms] [gust] reduce
[dbg   666.305 ms] [gust] final
[dbg   666.327 ms] [gust] pack
[dbg   666.340 ms] [gust] d2h
[dbg   666.473 ms] [merge] start
[dbg   666.574 ms] [merge] h2d
[dbg   666.577 ms] merge: count begin
[dbg   666.595 ms] [merge] count
[dbg   666.635 ms] [merge] scan
[dbg   666.643 ms] merge: expand_serial begin (12466 intermediates)
[dbg   667.102 ms] [merge] expand
[dbg   667.116 ms] merge: merge_serial begin
[dbg   667.247 ms] [merge] merge
[dbg   667.295 ms] [merge] final
[dbg   667.334 ms] [merge] compact
[dbg   667.355 ms] [merge] pack
[dbg   667.367 ms] [merge] d2h
[dbg   667.491 ms] [mrg2] start
[dbg   667.596 ms] [mrg2] h2d
[dbg   667.599 ms] merge2: count begin
[dbg   667.617 ms] [mrg2] count
[dbg   667.654 ms] [mrg2] scan
[dbg   667.665 ms] merge2: merge_warp begin (12466 intermediates)
[dbg   667.747 ms] [mrg2] merge
[dbg   667.785 ms] [mrg2] final
[dbg   667.807 ms] [mrg2] compact
[dbg   667.825 ms] [mrg2] pack
[dbg   667.837 ms] [mrg2] d2h
[dbg   667.921 ms] [cu] start
[dbg   667.989 ms] [cu] h2dmalloc (13996 B)
[dbg   668.005 ms] [cu] h2d (13996 B)
[dbg   668.015 ms] cusparse: workEstimation begin
[dbg   668.072 ms] [cu] workest (buf1=20407 B)
[dbg   668.075 ms] cusparse: compute begin
[dbg   668.248 ms] [cu] compute (buf2=304583 B)
[dbg   668.251 ms] cusparse: C size = 274 x 274, nnz=4982
[dbg   668.258 ms] cusparse: copy begin
[dbg   668.304 ms] [cu] copy
[dbg   668.323 ms] [cu] pack
[dbg   668.339 ms] self_product: C D2H begin (40956 B)
[dbg   668.350 ms] [cu] d2h
[dbg   668.423 ms] [gust] start
[dbg   668.503 ms] [gust] h2d
[dbg   668.505 ms] ESC: count intermediates begin
[dbg   668.521 ms] [gust] count
[dbg   668.560 ms] [gust] scan
[dbg   668.566 ms] ESC: expand begin (12466 intermediates)
[dbg   668.583 ms] [gust] expand
[dbg   668.584 ms] ESC: sort_by_key begin
[dbg   668.695 ms] [gust] sort
[dbg   668.702 ms] ESC: reduce_by_key begin
[dbg   668.737 ms] [gust] reduce
[dbg   668.798 ms] [gust] final
[dbg   668.816 ms] [gust] pack
[dbg   668.827 ms] [gust] d2h
[dbg   668.908 ms] [merge] start
[dbg   668.987 ms] [merge] h2d
[dbg   668.989 ms] merge: count begin
[dbg   669.005 ms] [merge] count
[dbg   669.040 ms] [merge] scan
[dbg   669.046 ms] merge: expand_serial begin (12466 intermediates)
[dbg   669.078 ms] [merge] expand
[dbg   669.096 ms] merge: merge_serial begin
[dbg   669.187 ms] [merge] merge
[dbg   669.226 ms] [merge] final
[dbg   669.249 ms] [merge] compact
[dbg   669.265 ms] [merge] pack
[dbg   669.276 ms] [merge] d2h
[dbg   669.352 ms] [mrg2] start
[dbg   669.427 ms] [mrg2] h2d
[dbg   669.431 ms] merge2: count begin
[dbg   669.446 ms] [mrg2] count
[dbg   669.480 ms] [mrg2] scan
[dbg   669.489 ms] merge2: merge_warp begin (12466 intermediates)
[dbg   669.533 ms] [mrg2] merge
[dbg   669.566 ms] [mrg2] final
[dbg   669.589 ms] [mrg2] compact
[dbg   669.606 ms] [mrg2] pack
[dbg   669.618 ms] [mrg2] d2h
[dbg   669.693 ms] [cu] start
[dbg   669.752 ms] [cu] h2dmalloc (13996 B)
[dbg   669.770 ms] [cu] h2d (13996 B)
[dbg   669.777 ms] cusparse: workEstimation begin
[dbg   669.824 ms] [cu] workest (buf1=20407 B)
[dbg   669.827 ms] cusparse: compute begin
[dbg   669.993 ms] [cu] compute (buf2=304583 B)
[dbg   669.996 ms] cusparse: C size = 274 x 274, nnz=4982
[dbg   670.002 ms] cusparse: copy begin
[dbg   670.046 ms] [cu] copy
[dbg   670.065 ms] [cu] pack
[dbg   670.080 ms] self_product: C D2H begin (40956 B)
[dbg   670.092 ms] [cu] d2h
[dbg   670.169 ms] [gust] start
[dbg   670.250 ms] [gust] h2d
[dbg   670.253 ms] ESC: count intermediates begin
[dbg   670.269 ms] [gust] count
[dbg   670.306 ms] [gust] scan
[dbg   670.314 ms] ESC: expand begin (12466 intermediates)
[dbg   670.330 ms] [gust] expand
[dbg   670.332 ms] ESC: sort_by_key begin
[dbg   670.442 ms] [gust] sort
[dbg   670.448 ms] ESC: reduce_by_key begin
[dbg   670.482 ms] [gust] reduce
[dbg   670.536 ms] [gust] final
[dbg   670.553 ms] [gust] pack
[dbg   670.565 ms] [gust] d2h
[dbg   670.641 ms] [merge] start
[dbg   670.716 ms] [merge] h2d
[dbg   670.719 ms] merge: count begin
[dbg   670.734 ms] [merge] count
[dbg   670.770 ms] [merge] scan
[dbg   670.776 ms] merge: expand_serial begin (12466 intermediates)
[dbg   670.808 ms] [merge] expand
[dbg   670.816 ms] merge: merge_serial begin
[dbg   670.905 ms] [merge] merge
[dbg   670.943 ms] [merge] final
[dbg   670.972 ms] [merge] compact
[dbg   670.990 ms] [merge] pack
[dbg   671.002 ms] [merge] d2h
[dbg   671.075 ms] [mrg2] start
[dbg   671.158 ms] [mrg2] h2d
[dbg   671.161 ms] merge2: count begin
[dbg   671.177 ms] [mrg2] count
[dbg   671.211 ms] [mrg2] scan
[dbg   671.220 ms] merge2: merge_warp begin (12466 intermediates)
[dbg   671.265 ms] [mrg2] merge
[dbg   671.297 ms] [mrg2] final
[dbg   671.319 ms] [mrg2] compact
[dbg   671.337 ms] [mrg2] pack
[dbg   671.349 ms] [mrg2] d2h
[dbg   671.424 ms] warmup done
[dbg   671.453 ms] T1 cuSPARSE self_product: start
[dbg   671.454 ms] [cu] start
[dbg   671.518 ms] [cu] h2dmalloc (13996 B)
[dbg   671.536 ms] [cu] h2d (13996 B)
[dbg   671.543 ms] cusparse: workEstimation begin
[dbg   671.592 ms] [cu] workest (buf1=20407 B)
[dbg   671.595 ms] cusparse: compute begin
[dbg   671.761 ms] [cu] compute (buf2=304583 B)
[dbg   671.764 ms] cusparse: C size = 274 x 274, nnz=4982
[dbg   671.770 ms] cusparse: copy begin
[dbg   671.813 ms] [cu] copy
[dbg   671.831 ms] [cu] pack
[dbg   671.846 ms] self_product: C D2H begin (40956 B)
[dbg   671.858 ms] [cu] d2h
[dbg   671.927 ms] T1 cuSPARSE self_product: done (C_nnz=4982)
[dbg   671.954 ms] T4 manual self_product: start
[dbg   671.955 ms] [gust] start
[dbg   672.040 ms] [gust] h2d
[dbg   672.043 ms] ESC: count intermediates begin
[dbg   672.061 ms] [gust] count
[dbg   672.100 ms] [gust] scan
[dbg   672.107 ms] ESC: expand begin (12466 intermediates)
[dbg   672.123 ms] [gust] expand
[dbg   672.125 ms] ESC: sort_by_key begin
[dbg   672.246 ms] [gust] sort
[dbg   672.253 ms] ESC: reduce_by_key begin
[dbg   672.286 ms] [gust] reduce
[dbg   672.340 ms] [gust] final
[dbg   672.359 ms] [gust] pack
[dbg   672.372 ms] [gust] d2h
[dbg   672.453 ms] T4 manual self_product: done (C_nnz=4982)
[dbg   672.476 ms] T4b merge self_product: start
[dbg   672.478 ms] [merge] start
[dbg   672.554 ms] [merge] h2d
[dbg   672.557 ms] merge: count begin
[dbg   672.573 ms] [merge] count
[dbg   672.609 ms] [merge] scan
[dbg   672.616 ms] merge: expand_serial begin (12466 intermediates)
[dbg   672.648 ms] [merge] expand
[dbg   672.656 ms] merge: merge_serial begin
[dbg   672.746 ms] [merge] merge
[dbg   672.785 ms] [merge] final
[dbg   672.809 ms] [merge] compact
[dbg   672.827 ms] [merge] pack
[dbg   672.838 ms] [merge] d2h
[dbg   672.912 ms] T4b merge self_product: done (C_nnz=4982)
[dbg   672.930 ms] T4c merge2 self_product: start
[dbg   672.932 ms] [mrg2] start
[dbg   673.007 ms] [mrg2] h2d
[dbg   673.010 ms] merge2: count begin
[dbg   673.026 ms] [mrg2] count
[dbg   673.061 ms] [mrg2] scan
[dbg   673.070 ms] merge2: merge_warp begin (12466 intermediates)
[dbg   673.114 ms] [mrg2] merge
[dbg   673.153 ms] [mrg2] final
[dbg   673.175 ms] [mrg2] compact
[dbg   673.196 ms] [mrg2] pack
[dbg   673.208 ms] [mrg2] d2h
[dbg   673.284 ms] T4c merge2 self_product: done (C_nnz=4982)
Reading matrix from ./data/first100/bcspwr04.mtx...
Input A: 274 x 274, nnz = 1612, sparsity = 97.85%
===============WARMING UP (3 rounds)===============
=== Computing C = A x A (cuSPARSE) ===
Result C: 274 x 274, nnz = 4982, sparsity = 93.36%
Time: 0.477 ms

=== Computing C = A x A (Manual) ===
Result C: 274 x 274, nnz = 4982, sparsity = 93.36%
Time: 0.503 ms

=== Computing C = A x A (Merge) ===
Result C: 274 x 274, nnz = 4982, sparsity = 93.36%
Time: 0.439 ms

=== Computing C = A x A (Merge2) ===
Result C: 274 x 274, nnz = 4982, sparsity = 93.36%
Time: 0.358 ms

=== All tests completed ===
[12/100] Processing bcspwr05 ... (max 600s)
[dbg     0.000 ms] main entry, initializing CUDA context...
[dbg   473.936 ms] CUDA context ready
[dbg   474.103 ms] start read_matrix_market: ./data/first100/bcspwr05.mtx
[dbg   475.629 ms] read done: 443 x 443, nnz=1623
[mempool] host pinned arena ready: 256 MB (USE_MEMPOOL=ON)
[dbg   624.305 ms] [cu] start
[dbg   632.891 ms] [cu] h2dmalloc (14760 B)
[dbg   632.969 ms] [cu] h2d (14760 B)
[dbg   633.015 ms] cusparse: workEstimation begin
[dbg   658.384 ms] [cu] workest (buf1=20539 B)
[dbg   658.398 ms] cusparse: compute begin
[dbg   659.042 ms] [cu] compute (buf2=174223 B)
[dbg   659.049 ms] cusparse: C size = 443 x 443, nnz=4249
[dbg   659.059 ms] cusparse: copy begin
[dbg   659.162 ms] [cu] copy
[dbg   659.192 ms] [cu] pack
[dbg   659.213 ms] self_product: C D2H begin (35768 B)
[dbg   659.241 ms] [cu] d2h
[dbg   659.449 ms] [gust] start
[dbg   659.579 ms] [gust] h2d
[dbg   659.582 ms] ESC: count intermediates begin
[dbg   661.177 ms] [gust] count
[dbg   661.462 ms] [gust] scan
[dbg   661.475 ms] ESC: expand begin (7045 intermediates)
[dbg   661.512 ms] [gust] expand
[dbg   661.514 ms] ESC: sort_by_key begin
[dbg   661.770 ms] [gust] sort
[dbg   661.781 ms] ESC: reduce_by_key begin
[dbg   661.943 ms] [gust] reduce
[dbg   662.020 ms] [gust] final
[dbg   662.041 ms] [gust] pack
[dbg   662.053 ms] [gust] d2h
[dbg   662.195 ms] [merge] start
[dbg   662.305 ms] [merge] h2d
[dbg   662.308 ms] merge: count begin
[dbg   662.328 ms] [merge] count
[dbg   662.370 ms] [merge] scan
[dbg   662.377 ms] merge: expand_serial begin (7045 intermediates)
[dbg   662.856 ms] [merge] expand
[dbg   662.871 ms] merge: merge_serial begin
[dbg   662.937 ms] [merge] merge
[dbg   662.986 ms] [merge] final
[dbg   663.024 ms] [merge] compact
[dbg   663.045 ms] [merge] pack
[dbg   663.058 ms] [merge] d2h
[dbg   663.189 ms] [mrg2] start
[dbg   663.289 ms] [mrg2] h2d
[dbg   663.292 ms] merge2: count begin
[dbg   663.311 ms] [mrg2] count
[dbg   663.353 ms] [mrg2] scan
[dbg   663.361 ms] merge2: merge_warp begin (7045 intermediates)
[dbg   663.433 ms] [mrg2] merge
[dbg   663.473 ms] [mrg2] final
[dbg   663.496 ms] [mrg2] compact
[dbg   663.514 ms] [mrg2] pack
[dbg   663.526 ms] [mrg2] d2h
[dbg   663.634 ms] [cu] start
[dbg   663.708 ms] [cu] h2dmalloc (14760 B)
[dbg   663.725 ms] [cu] h2d (14760 B)
[dbg   663.736 ms] cusparse: workEstimation begin
[dbg   663.797 ms] [cu] workest (buf1=20539 B)
[dbg   663.799 ms] cusparse: compute begin
[dbg   663.972 ms] [cu] compute (buf2=174223 B)
[dbg   663.976 ms] cusparse: C size = 443 x 443, nnz=4249
[dbg   663.983 ms] cusparse: copy begin
[dbg   664.031 ms] [cu] copy
[dbg   664.055 ms] [cu] pack
[dbg   664.071 ms] self_product: C D2H begin (35768 B)
[dbg   664.082 ms] [cu] d2h
[dbg   664.168 ms] [gust] start
[dbg   664.257 ms] [gust] h2d
[dbg   664.260 ms] ESC: count intermediates begin
[dbg   664.277 ms] [gust] count
[dbg   664.316 ms] [gust] scan
[dbg   664.322 ms] ESC: expand begin (7045 intermediates)
[dbg   664.339 ms] [gust] expand
[dbg   664.340 ms] ESC: sort_by_key begin
[dbg   664.454 ms] [gust] sort
[dbg   664.462 ms] ESC: reduce_by_key begin
[dbg   664.496 ms] [gust] reduce
[dbg   664.560 ms] [gust] final
[dbg   664.579 ms] [gust] pack
[dbg   664.590 ms] [gust] d2h
[dbg   664.696 ms] [merge] start
[dbg   664.779 ms] [merge] h2d
[dbg   664.782 ms] merge: count begin
[dbg   664.798 ms] [merge] count
[dbg   664.836 ms] [merge] scan
[dbg   664.841 ms] merge: expand_serial begin (7045 intermediates)
[dbg   664.861 ms] [merge] expand
[dbg   664.875 ms] merge: merge_serial begin
[dbg   664.920 ms] [merge] merge
[dbg   664.960 ms] [merge] final
[dbg   664.983 ms] [merge] compact
[dbg   665.000 ms] [merge] pack
[dbg   665.012 ms] [merge] d2h
[dbg   665.101 ms] [mrg2] start
[dbg   665.183 ms] [mrg2] h2d
[dbg   665.186 ms] merge2: count begin
[dbg   665.201 ms] [mrg2] count
[dbg   665.238 ms] [mrg2] scan
[dbg   665.245 ms] merge2: merge_warp begin (7045 intermediates)
[dbg   665.276 ms] [mrg2] merge
[dbg   665.310 ms] [mrg2] final
[dbg   665.331 ms] [mrg2] compact
[dbg   665.350 ms] [mrg2] pack
[dbg   665.362 ms] [mrg2] d2h
[dbg   665.448 ms] [cu] start
[dbg   665.510 ms] [cu] h2dmalloc (14760 B)
[dbg   665.527 ms] [cu] h2d (14760 B)
[dbg   665.534 ms] cusparse: workEstimation begin
[dbg   665.582 ms] [cu] workest (buf1=20539 B)
[dbg   665.590 ms] cusparse: compute begin
[dbg   665.757 ms] [cu] compute (buf2=174223 B)
[dbg   665.760 ms] cusparse: C size = 443 x 443, nnz=4249
[dbg   665.766 ms] cusparse: copy begin
[dbg   665.812 ms] [cu] copy
[dbg   665.829 ms] [cu] pack
[dbg   665.844 ms] self_product: C D2H begin (35768 B)
[dbg   665.855 ms] [cu] d2h
[dbg   665.941 ms] [gust] start
[dbg   666.028 ms] [gust] h2d
[dbg   666.030 ms] ESC: count intermediates begin
[dbg   666.047 ms] [gust] count
[dbg   666.085 ms] [gust] scan
[dbg   666.090 ms] ESC: expand begin (7045 intermediates)
[dbg   666.104 ms] [gust] expand
[dbg   666.106 ms] ESC: sort_by_key begin
[dbg   666.218 ms] [gust] sort
[dbg   666.225 ms] ESC: reduce_by_key begin
[dbg   666.258 ms] [gust] reduce
[dbg   666.313 ms] [gust] final
[dbg   666.331 ms] [gust] pack
[dbg   666.343 ms] [gust] d2h
[dbg   666.434 ms] [merge] start
[dbg   666.513 ms] [merge] h2d
[dbg   666.516 ms] merge: count begin
[dbg   666.532 ms] [merge] count
[dbg   666.568 ms] [merge] scan
[dbg   666.573 ms] merge: expand_serial begin (7045 intermediates)
[dbg   666.593 ms] [merge] expand
[dbg   666.609 ms] merge: merge_serial begin
[dbg   666.653 ms] [merge] merge
[dbg   666.691 ms] [merge] final
[dbg   666.719 ms] [merge] compact
[dbg   666.737 ms] [merge] pack
[dbg   666.749 ms] [merge] d2h
[dbg   666.838 ms] [mrg2] start
[dbg   666.919 ms] [mrg2] h2d
[dbg   666.922 ms] merge2: count begin
[dbg   666.938 ms] [mrg2] count
[dbg   666.974 ms] [mrg2] scan
[dbg   666.981 ms] merge2: merge_warp begin (7045 intermediates)
[dbg   667.011 ms] [mrg2] merge
[dbg   667.045 ms] [mrg2] final
[dbg   667.066 ms] [mrg2] compact
[dbg   667.084 ms] [mrg2] pack
[dbg   667.097 ms] [mrg2] d2h
[dbg   667.185 ms] warmup done
[dbg   667.218 ms] T1 cuSPARSE self_product: start
[dbg   667.220 ms] [cu] start
[dbg   667.284 ms] [cu] h2dmalloc (14760 B)
[dbg   667.299 ms] [cu] h2d (14760 B)
[dbg   667.307 ms] cusparse: workEstimation begin
[dbg   667.356 ms] [cu] workest (buf1=20539 B)
[dbg   667.359 ms] cusparse: compute begin
[dbg   667.529 ms] [cu] compute (buf2=174223 B)
[dbg   667.532 ms] cusparse: C size = 443 x 443, nnz=4249
[dbg   667.538 ms] cusparse: copy begin
[dbg   667.582 ms] [cu] copy
[dbg   667.599 ms] [cu] pack
[dbg   667.623 ms] self_product: C D2H begin (35768 B)
[dbg   667.634 ms] [cu] d2h
[dbg   667.718 ms] T1 cuSPARSE self_product: done (C_nnz=4249)
[dbg   667.741 ms] T4 manual self_product: start
[dbg   667.743 ms] [gust] start
[dbg   667.829 ms] [gust] h2d
[dbg   667.832 ms] ESC: count intermediates begin
[dbg   667.849 ms] [gust] count
[dbg   667.889 ms] [gust] scan
[dbg   667.895 ms] ESC: expand begin (7045 intermediates)
[dbg   667.910 ms] [gust] expand
[dbg   667.911 ms] ESC: sort_by_key begin
[dbg   668.024 ms] [gust] sort
[dbg   668.030 ms] ESC: reduce_by_key begin
[dbg   668.064 ms] [gust] reduce
[dbg   668.123 ms] [gust] final
[dbg   668.142 ms] [gust] pack
[dbg   668.154 ms] [gust] d2h
[dbg   668.247 ms] T4 manual self_product: done (C_nnz=4249)
[dbg   668.271 ms] T4b merge self_product: start
[dbg   668.273 ms] [merge] start
[dbg   668.355 ms] [merge] h2d
[dbg   668.358 ms] merge: count begin
[dbg   668.374 ms] [merge] count
[dbg   668.411 ms] [merge] scan
[dbg   668.417 ms] merge: expand_serial begin (7045 intermediates)
[dbg   668.437 ms] [merge] expand
[dbg   668.443 ms] merge: merge_serial begin
[dbg   668.487 ms] [merge] merge
[dbg   668.526 ms] [merge] final
[dbg   668.550 ms] [merge] compact
[dbg   668.567 ms] [merge] pack
[dbg   668.578 ms] [merge] d2h
[dbg   668.677 ms] T4b merge self_product: done (C_nnz=4249)
[dbg   668.696 ms] T4c merge2 self_product: start
[dbg   668.698 ms] [mrg2] start
[dbg   668.778 ms] [mrg2] h2d
[dbg   668.781 ms] merge2: count begin
[dbg   668.797 ms] [mrg2] count
[dbg   668.833 ms] [mrg2] scan
[dbg   668.841 ms] merge2: merge_warp begin (7045 intermediates)
[dbg   668.872 ms] [mrg2] merge
[dbg   668.905 ms] [mrg2] final
[dbg   668.926 ms] [mrg2] compact
[dbg   668.944 ms] [mrg2] pack
[dbg   668.955 ms] [mrg2] d2h
[dbg   669.044 ms] T4c merge2 self_product: done (C_nnz=4249)
Reading matrix from ./data/first100/bcspwr05.mtx...
Input A: 443 x 443, nnz = 1623, sparsity = 99.17%
===============WARMING UP (3 rounds)===============
=== Computing C = A x A (cuSPARSE) ===
Result C: 443 x 443, nnz = 4249, sparsity = 97.83%
Time: 0.503 ms

=== Computing C = A x A (Manual) ===
Result C: 443 x 443, nnz = 4249, sparsity = 97.83%
Time: 0.509 ms

=== Computing C = A x A (Merge) ===
Result C: 443 x 443, nnz = 4249, sparsity = 97.83%
Time: 0.409 ms

=== Computing C = A x A (Merge2) ===
Result C: 443 x 443, nnz = 4249, sparsity = 97.83%
Time: 0.351 ms

=== All tests completed ===
[13/100] Processing bcspwr06 ... (max 600s)
[dbg     0.000 ms] main entry, initializing CUDA context...
[dbg   477.247 ms] CUDA context ready
[dbg   477.415 ms] start read_matrix_market: ./data/first100/bcspwr06.mtx
[dbg   479.360 ms] read done: 1454 x 1454, nnz=5300
[mempool] host pinned arena ready: 256 MB (USE_MEMPOOL=ON)
[dbg   629.721 ms] [cu] start
[dbg   638.153 ms] [cu] h2dmalloc (48220 B)
[dbg   638.221 ms] [cu] h2d (48220 B)
[dbg   638.258 ms] cusparse: workEstimation begin
[dbg   662.083 ms] [cu] workest (buf1=64663 B)
[dbg   662.096 ms] cusparse: compute begin
[dbg   662.764 ms] [cu] compute (buf2=567263 B)
[dbg   662.769 ms] cusparse: C size = 1454 x 1454, nnz=14110
[dbg   662.785 ms] cusparse: copy begin
[dbg   662.885 ms] [cu] copy
[dbg   662.912 ms] [cu] pack
[dbg   662.932 ms] self_product: C D2H begin (118700 B)
[dbg   662.965 ms] [cu] d2h
[dbg   663.169 ms] [gust] start
[dbg   663.289 ms] [gust] h2d
[dbg   663.292 ms] ESC: count intermediates begin
[dbg   664.876 ms] [gust] count
[dbg   665.164 ms] [gust] scan
[dbg   665.182 ms] ESC: expand begin (22900 intermediates)
[dbg   665.216 ms] [gust] expand
[dbg   665.217 ms] ESC: sort_by_key begin
[dbg   665.472 ms] [gust] sort
[dbg   665.480 ms] ESC: reduce_by_key begin
[dbg   665.639 ms] [gust] reduce
[dbg   665.720 ms] [gust] final
[dbg   665.741 ms] [gust] pack
[dbg   665.760 ms] [gust] d2h
[dbg   665.901 ms] [merge] start
[dbg   666.004 ms] [merge] h2d
[dbg   666.010 ms] merge: count begin
[dbg   666.045 ms] [merge] count
[dbg   666.089 ms] [merge] scan
[dbg   666.096 ms] merge: expand_serial begin (22900 intermediates)
[dbg   666.551 ms] [merge] expand
[dbg   666.565 ms] merge: merge_serial begin
[dbg   666.662 ms] [merge] merge
[dbg   666.709 ms] [merge] final
[dbg   666.756 ms] [merge] compact
[dbg   666.777 ms] [merge] pack
[dbg   666.796 ms] [merge] d2h
[dbg   666.925 ms] [mrg2] start
[dbg   667.032 ms] [mrg2] h2d
[dbg   667.037 ms] merge2: count begin
[dbg   667.055 ms] [mrg2] count
[dbg   667.096 ms] [mrg2] scan
[dbg   667.106 ms] merge2: merge_warp begin (22900 intermediates)
[dbg   667.183 ms] [mrg2] merge
[dbg   667.221 ms] [mrg2] final
[dbg   667.247 ms] [mrg2] compact
[dbg   667.267 ms] [mrg2] pack
[dbg   667.287 ms] [mrg2] d2h
[dbg   667.388 ms] [cu] start
[dbg   667.460 ms] [cu] h2dmalloc (48220 B)
[dbg   667.476 ms] [cu] h2d (48220 B)
[dbg   667.486 ms] cusparse: workEstimation begin
[dbg   667.545 ms] [cu] workest (buf1=64663 B)
[dbg   667.547 ms] cusparse: compute begin
[dbg   667.719 ms] [cu] compute (buf2=567263 B)
[dbg   667.722 ms] cusparse: C size = 1454 x 1454, nnz=14110
[dbg   667.729 ms] cusparse: copy begin
[dbg   667.778 ms] [cu] copy
[dbg   667.798 ms] [cu] pack
[dbg   667.815 ms] self_product: C D2H begin (118700 B)
[dbg   667.832 ms] [cu] d2h
[dbg   667.921 ms] [gust] start
[dbg   668.003 ms] [gust] h2d
[dbg   668.007 ms] ESC: count intermediates begin
[dbg   668.030 ms] [gust] count
[dbg   668.072 ms] [gust] scan
[dbg   668.080 ms] ESC: expand begin (22900 intermediates)
[dbg   668.096 ms] [gust] expand
[dbg   668.102 ms] ESC: sort_by_key begin
[dbg   668.224 ms] [gust] sort
[dbg   668.231 ms] ESC: reduce_by_key begin
[dbg   668.266 ms] [gust] reduce
[dbg   668.325 ms] [gust] final
[dbg   668.343 ms] [gust] pack
[dbg   668.361 ms] [gust] d2h
[dbg   668.455 ms] [merge] start
[dbg   668.535 ms] [merge] h2d
[dbg   668.539 ms] merge: count begin
[dbg   668.555 ms] [merge] count
[dbg   668.592 ms] [merge] scan
[dbg   668.599 ms] merge: expand_serial begin (22900 intermediates)
[dbg   668.623 ms] [merge] expand
[dbg   668.631 ms] merge: merge_serial begin
[dbg   668.704 ms] [merge] merge
[dbg   668.745 ms] [merge] final
[dbg   668.777 ms] [merge] compact
[dbg   668.796 ms] [merge] pack
[dbg   668.814 ms] [merge] d2h
[dbg   668.903 ms] [mrg2] start
[dbg   668.979 ms] [mrg2] h2d
[dbg   668.983 ms] merge2: count begin
[dbg   669.000 ms] [mrg2] count
[dbg   669.040 ms] [mrg2] scan
[dbg   669.049 ms] merge2: merge_warp begin (22900 intermediates)
[dbg   669.092 ms] [mrg2] merge
[dbg   669.128 ms] [mrg2] final
[dbg   669.152 ms] [mrg2] compact
[dbg   669.169 ms] [mrg2] pack
[dbg   669.189 ms] [mrg2] d2h
[dbg   669.281 ms] [cu] start
[dbg   669.345 ms] [cu] h2dmalloc (48220 B)
[dbg   669.361 ms] [cu] h2d (48220 B)
[dbg   669.368 ms] cusparse: workEstimation begin
[dbg   669.419 ms] [cu] workest (buf1=64663 B)
[dbg   669.422 ms] cusparse: compute begin
[dbg   669.590 ms] [cu] compute (buf2=567263 B)
[dbg   669.593 ms] cusparse: C size = 1454 x 1454, nnz=14110
[dbg   669.599 ms] cusparse: copy begin
[dbg   669.647 ms] [cu] copy
[dbg   669.666 ms] [cu] pack
[dbg   669.682 ms] self_product: C D2H begin (118700 B)
[dbg   669.699 ms] [cu] d2h
[dbg   669.786 ms] [gust] start
[dbg   669.864 ms] [gust] h2d
[dbg   669.867 ms] ESC: count intermediates begin
[dbg   669.884 ms] [gust] count
[dbg   669.921 ms] [gust] scan
[dbg   669.927 ms] ESC: expand begin (22900 intermediates)
[dbg   669.944 ms] [gust] expand
[dbg   669.946 ms] ESC: sort_by_key begin
[dbg   670.066 ms] [gust] sort
[dbg   670.073 ms] ESC: reduce_by_key begin
[dbg   670.108 ms] [gust] reduce
[dbg   670.165 ms] [gust] final
[dbg   670.185 ms] [gust] pack
[dbg   670.203 ms] [gust] d2h
[dbg   670.299 ms] [merge] start
[dbg   670.379 ms] [merge] h2d
[dbg   670.383 ms] merge: count begin
[dbg   670.399 ms] [merge] count
[dbg   670.437 ms] [merge] scan
[dbg   670.444 ms] merge: expand_serial begin (22900 intermediates)
[dbg   670.467 ms] [merge] expand
[dbg   670.474 ms] merge: merge_serial begin
[dbg   670.547 ms] [merge] merge
[dbg   670.586 ms] [merge] final
[dbg   670.613 ms] [merge] compact
[dbg   670.630 ms] [merge] pack
[dbg   670.649 ms] [merge] d2h
[dbg   670.739 ms] [mrg2] start
[dbg   670.815 ms] [mrg2] h2d
[dbg   670.818 ms] merge2: count begin
[dbg   670.834 ms] [mrg2] count
[dbg   670.869 ms] [mrg2] scan
[dbg   670.877 ms] merge2: merge_warp begin (22900 intermediates)
[dbg   670.919 ms] [mrg2] merge
[dbg   670.953 ms] [mrg2] final
[dbg   670.978 ms] [mrg2] compact
[dbg   670.995 ms] [mrg2] pack
[dbg   671.013 ms] [mrg2] d2h
[dbg   671.112 ms] warmup done
[dbg   671.147 ms] T1 cuSPARSE self_product: start
[dbg   671.150 ms] [cu] start
[dbg   671.216 ms] [cu] h2dmalloc (48220 B)
[dbg   671.233 ms] [cu] h2d (48220 B)
[dbg   671.240 ms] cusparse: workEstimation begin
[dbg   671.292 ms] [cu] workest (buf1=64663 B)
[dbg   671.294 ms] cusparse: compute begin
[dbg   671.467 ms] [cu] compute (buf2=567263 B)
[dbg   671.470 ms] cusparse: C size = 1454 x 1454, nnz=14110
[dbg   671.476 ms] cusparse: copy begin
[dbg   671.525 ms] [cu] copy
[dbg   671.544 ms] [cu] pack
[dbg   671.559 ms] self_product: C D2H begin (118700 B)
[dbg   671.577 ms] [cu] d2h
[dbg   671.661 ms] T1 cuSPARSE self_product: done (C_nnz=14110)
[dbg   671.686 ms] T4 manual self_product: start
[dbg   671.687 ms] [gust] start
[dbg   671.767 ms] [gust] h2d
[dbg   671.770 ms] ESC: count intermediates begin
[dbg   671.787 ms] [gust] count
[dbg   671.827 ms] [gust] scan
[dbg   671.834 ms] ESC: expand begin (22900 intermediates)
[dbg   671.849 ms] [gust] expand
[dbg   671.851 ms] ESC: sort_by_key begin
[dbg   671.974 ms] [gust] sort
[dbg   671.980 ms] ESC: reduce_by_key begin
[dbg   672.014 ms] [gust] reduce
[dbg   672.079 ms] [gust] final
[dbg   672.099 ms] [gust] pack
[dbg   672.118 ms] [gust] d2h
[dbg   672.212 ms] T4 manual self_product: done (C_nnz=14110)
[dbg   672.229 ms] T4b merge self_product: start
[dbg   672.230 ms] [merge] start
[dbg   672.310 ms] [merge] h2d
[dbg   672.313 ms] merge: count begin
[dbg   672.330 ms] [merge] count
[dbg   672.367 ms] [merge] scan
[dbg   672.372 ms] merge: expand_serial begin (22900 intermediates)
[dbg   672.396 ms] [merge] expand
[dbg   672.404 ms] merge: merge_serial begin
[dbg   672.475 ms] [merge] merge
[dbg   672.513 ms] [merge] final
[dbg   672.536 ms] [merge] compact
[dbg   672.554 ms] [merge] pack
[dbg   672.571 ms] [merge] d2h
[dbg   672.660 ms] T4b merge self_product: done (C_nnz=14110)
[dbg   672.685 ms] T4c merge2 self_product: start
[dbg   672.687 ms] [mrg2] start
[dbg   672.764 ms] [mrg2] h2d
[dbg   672.767 ms] merge2: count begin
[dbg   672.783 ms] [mrg2] count
[dbg   672.819 ms] [mrg2] scan
[dbg   672.826 ms] merge2: merge_warp begin (22900 intermediates)
[dbg   672.866 ms] [mrg2] merge
[dbg   672.901 ms] [mrg2] final
[dbg   672.923 ms] [mrg2] compact
[dbg   672.940 ms] [mrg2] pack
[dbg   672.958 ms] [mrg2] d2h
[dbg   673.055 ms] T4c merge2 self_product: done (C_nnz=14110)
Reading matrix from ./data/first100/bcspwr06.mtx...
Input A: 1454 x 1454, nnz = 5300, sparsity = 99.75%
===============WARMING UP (3 rounds)===============
=== Computing C = A x A (cuSPARSE) ===
Result C: 1454 x 1454, nnz = 14110, sparsity = 99.33%
Time: 0.518 ms

=== Computing C = A x A (Manual) ===
Result C: 1454 x 1454, nnz = 14110, sparsity = 99.33%
Time: 0.530 ms

=== Computing C = A x A (Merge) ===
Result C: 1454 x 1454, nnz = 14110, sparsity = 99.33%
Time: 0.435 ms

=== Computing C = A x A (Merge2) ===
Result C: 1454 x 1454, nnz = 14110, sparsity = 99.33%
Time: 0.373 ms

=== All tests completed ===
[14/100] Processing bcspwr07 ... (max 600s)
[dbg     0.001 ms] main entry, initializing CUDA context...
[dbg   483.422 ms] CUDA context ready
[dbg   483.637 ms] start read_matrix_market: ./data/first100/bcspwr07.mtx
[dbg   485.647 ms] read done: 1612 x 1612, nnz=5824
[mempool] host pinned arena ready: 256 MB (USE_MEMPOOL=ON)
[dbg   652.028 ms] [cu] start
[dbg   662.479 ms] [cu] h2dmalloc (53044 B)
[dbg   662.569 ms] [cu] h2d (53044 B)
[dbg   662.612 ms] cusparse: workEstimation begin
[dbg   686.371 ms] [cu] workest (buf1=70951 B)
[dbg   686.384 ms] cusparse: compute begin
[dbg   687.070 ms] [cu] compute (buf2=624815 B)
[dbg   687.077 ms] cusparse: C size = 1612 x 1612, nnz=15684
[dbg   687.089 ms] cusparse: copy begin
[dbg   687.211 ms] [cu] copy
[dbg   687.252 ms] [cu] pack
[dbg   687.275 ms] self_product: C D2H begin (131924 B)
[dbg   687.299 ms] [cu] d2h
[dbg   687.518 ms] [gust] start
[dbg   687.642 ms] [gust] h2d
[dbg   687.645 ms] ESC: count intermediates begin
[dbg   689.272 ms] [gust] count
[dbg   689.583 ms] [gust] scan
[dbg   689.596 ms] ESC: expand begin (25234 intermediates)
[dbg   689.637 ms] [gust] expand
[dbg   689.638 ms] ESC: sort_by_key begin
[dbg   689.916 ms] [gust] sort
[dbg   689.924 ms] ESC: reduce_by_key begin
[dbg   690.121 ms] [gust] reduce
[dbg   690.210 ms] [gust] final
[dbg   690.236 ms] [gust] pack
[dbg   690.257 ms] [gust] d2h
[dbg   690.409 ms] [merge] start
[dbg   690.523 ms] [merge] h2d
[dbg   690.531 ms] merge: count begin
[dbg   690.551 ms] [merge] count
[dbg   690.598 ms] [merge] scan
[dbg   690.606 ms] merge: expand_serial begin (25234 intermediates)
[dbg   691.104 ms] [merge] expand
[dbg   691.117 ms] merge: merge_serial begin
[dbg   691.216 ms] [merge] merge
[dbg   691.268 ms] [merge] final
[dbg   691.315 ms] [merge] compact
[dbg   691.341 ms] [merge] pack
[dbg   691.361 ms] [merge] d2h
[dbg   691.496 ms] [mrg2] start
[dbg   691.610 ms] [mrg2] h2d
[dbg   691.616 ms] merge2: count begin
[dbg   691.636 ms] [mrg2] count
[dbg   691.682 ms] [mrg2] scan
[dbg   691.693 ms] merge2: merge_warp begin (25234 intermediates)
[dbg   691.774 ms] [mrg2] merge
[dbg   691.815 ms] [mrg2] final
[dbg   691.844 ms] [mrg2] compact
[dbg   691.868 ms] [mrg2] pack
[dbg   691.889 ms] [mrg2] d2h
[dbg   691.992 ms] [cu] start
[dbg   692.063 ms] [cu] h2dmalloc (53044 B)
[dbg   692.080 ms] [cu] h2d (53044 B)
[dbg   692.089 ms] cusparse: workEstimation begin
[dbg   692.162 ms] [cu] workest (buf1=70951 B)
[dbg   692.165 ms] cusparse: compute begin
[dbg   692.345 ms] [cu] compute (buf2=624815 B)
[dbg   692.348 ms] cusparse: C size = 1612 x 1612, nnz=15684
[dbg   692.355 ms] cusparse: copy begin
[dbg   692.414 ms] [cu] copy
[dbg   692.435 ms] [cu] pack
[dbg   692.452 ms] self_product: C D2H begin (131924 B)
[dbg   692.470 ms] [cu] d2h
[dbg   692.564 ms] [gust] start
[dbg   692.650 ms] [gust] h2d
[dbg   692.652 ms] ESC: count intermediates begin
[dbg   692.670 ms] [gust] count
[dbg   692.715 ms] [gust] scan
[dbg   692.721 ms] ESC: expand begin (25234 intermediates)
[dbg   692.739 ms] [gust] expand
[dbg   692.741 ms] ESC: sort_by_key begin
[dbg   692.880 ms] [gust] sort
[dbg   692.886 ms] ESC: reduce_by_key begin
[dbg   692.925 ms] [gust] reduce
[dbg   692.990 ms] [gust] final
[dbg   693.011 ms] [gust] pack
[dbg   693.031 ms] [gust] d2h
[dbg   693.125 ms] [merge] start
[dbg   693.206 ms] [merge] h2d
[dbg   693.210 ms] merge: count begin
[dbg   693.227 ms] [merge] count
[dbg   693.268 ms] [merge] scan
[dbg   693.273 ms] merge: expand_serial begin (25234 intermediates)
[dbg   693.299 ms] [merge] expand
[dbg   693.308 ms] merge: merge_serial begin
[dbg   693.383 ms] [merge] merge
[dbg   693.426 ms] [merge] final
[dbg   693.457 ms] [merge] compact
[dbg   693.478 ms] [merge] pack
[dbg   693.516 ms] [merge] d2h
[dbg   693.609 ms] [mrg2] start
[dbg   693.692 ms] [mrg2] h2d
[dbg   693.696 ms] merge2: count begin
[dbg   693.715 ms] [mrg2] count
[dbg   693.756 ms] [mrg2] scan
[dbg   693.764 ms] merge2: merge_warp begin (25234 intermediates)
[dbg   693.807 ms] [mrg2] merge
[dbg   693.849 ms] [mrg2] final
[dbg   693.874 ms] [mrg2] compact
[dbg   693.898 ms] [mrg2] pack
[dbg   693.919 ms] [mrg2] d2h
[dbg   694.009 ms] [cu] start
[dbg   694.073 ms] [cu] h2dmalloc (53044 B)
[dbg   694.090 ms] [cu] h2d (53044 B)
[dbg   694.097 ms] cusparse: workEstimation begin
[dbg   694.159 ms] [cu] workest (buf1=70951 B)
[dbg   694.162 ms] cusparse: compute begin
[dbg   694.333 ms] [cu] compute (buf2=624815 B)
[dbg   694.336 ms] cusparse: C size = 1612 x 1612, nnz=15684
[dbg   694.342 ms] cusparse: copy begin
[dbg   694.399 ms] [cu] copy
[dbg   694.422 ms] [cu] pack
[dbg   694.438 ms] self_product: C D2H begin (131924 B)
[dbg   694.457 ms] [cu] d2h
[dbg   694.577 ms] [gust] start
[dbg   694.665 ms] [gust] h2d
[dbg   694.669 ms] ESC: count intermediates begin
[dbg   694.688 ms] [gust] count
[dbg   694.732 ms] [gust] scan
[dbg   694.739 ms] ESC: expand begin (25234 intermediates)
[dbg   694.758 ms] [gust] expand
[dbg   694.765 ms] ESC: sort_by_key begin
[dbg   694.901 ms] [gust] sort
[dbg   694.908 ms] ESC: reduce_by_key begin
[dbg   694.946 ms] [gust] reduce
[dbg   695.008 ms] [gust] final
[dbg   695.031 ms] [gust] pack
[dbg   695.051 ms] [gust] d2h
[dbg   695.141 ms] [merge] start
[dbg   695.221 ms] [merge] h2d
[dbg   695.226 ms] merge: count begin
[dbg   695.245 ms] [merge] count
[dbg   695.285 ms] [merge] scan
[dbg   695.291 ms] merge: expand_serial begin (25234 intermediates)
[dbg   695.315 ms] [merge] expand
[dbg   695.322 ms] merge: merge_serial begin
[dbg   695.397 ms] [merge] merge
[dbg   695.439 ms] [merge] final
[dbg   695.464 ms] [merge] compact
[dbg   695.486 ms] [merge] pack
[dbg   695.507 ms] [merge] d2h
[dbg   695.594 ms] [mrg2] start
[dbg   695.672 ms] [mrg2] h2d
[dbg   695.676 ms] merge2: count begin
[dbg   695.692 ms] [mrg2] count
[dbg   695.734 ms] [mrg2] scan
[dbg   695.740 ms] merge2: merge_warp begin (25234 intermediates)
[dbg   695.781 ms] [mrg2] merge
[dbg   695.819 ms] [mrg2] final
[dbg   695.844 ms] [mrg2] compact
[dbg   695.874 ms] [mrg2] pack
[dbg   695.894 ms] [mrg2] d2h
[dbg   695.980 ms] warmup done
[dbg   696.016 ms] T1 cuSPARSE self_product: start
[dbg   696.019 ms] [cu] start
[dbg   696.085 ms] [cu] h2dmalloc (53044 B)
[dbg   696.103 ms] [cu] h2d (53044 B)
[dbg   696.109 ms] cusparse: workEstimation begin
[dbg   696.168 ms] [cu] workest (buf1=70951 B)
[dbg   696.170 ms] cusparse: compute begin
[dbg   696.345 ms] [cu] compute (buf2=624815 B)
[dbg   696.348 ms] cusparse: C size = 1612 x 1612, nnz=15684
[dbg   696.354 ms] cusparse: copy begin
[dbg   696.410 ms] [cu] copy
[dbg   696.432 ms] [cu] pack
[dbg   696.447 ms] self_product: C D2H begin (131924 B)
[dbg   696.466 ms] [cu] d2h
[dbg   696.561 ms] T1 cuSPARSE self_product: done (C_nnz=15684)
[dbg   696.581 ms] T4 manual self_product: start
[dbg   696.583 ms] [gust] start
[dbg   696.666 ms] [gust] h2d
[dbg   696.667 ms] ESC: count intermediates begin
[dbg   696.686 ms] [gust] count
[dbg   696.728 ms] [gust] scan
[dbg   696.733 ms] ESC: expand begin (25234 intermediates)
[dbg   696.751 ms] [gust] expand
[dbg   696.752 ms] ESC: sort_by_key begin
[dbg   696.887 ms] [gust] sort
[dbg   696.892 ms] ESC: reduce_by_key begin
[dbg   696.929 ms] [gust] reduce
[dbg   696.987 ms] [gust] final
[dbg   697.008 ms] [gust] pack
[dbg   697.028 ms] [gust] d2h
[dbg   697.119 ms] T4 manual self_product: done (C_nnz=15684)
[dbg   697.136 ms] T4b merge self_product: start
[dbg   697.138 ms] [merge] start
[dbg   697.217 ms] [merge] h2d
[dbg   697.222 ms] merge: count begin
[dbg   697.241 ms] [merge] count
[dbg   697.280 ms] [merge] scan
[dbg   697.286 ms] merge: expand_serial begin (25234 intermediates)
[dbg   697.311 ms] [merge] expand
[dbg   697.319 ms] merge: merge_serial begin
[dbg   697.393 ms] [merge] merge
[dbg   697.436 ms] [merge] final
[dbg   697.462 ms] [merge] compact
[dbg   697.484 ms] [merge] pack
[dbg   697.506 ms] [merge] d2h
[dbg   697.594 ms] T4b merge self_product: done (C_nnz=15684)
[dbg   697.612 ms] T4c merge2 self_product: start
[dbg   697.614 ms] [mrg2] start
[dbg   697.692 ms] [mrg2] h2d
[dbg   697.697 ms] merge2: count begin
[dbg   697.714 ms] [mrg2] count
[dbg   697.756 ms] [mrg2] scan
[dbg   697.764 ms] merge2: merge_warp begin (25234 intermediates)
[dbg   697.806 ms] [mrg2] merge
[dbg   697.846 ms] [mrg2] final
[dbg   697.871 ms] [mrg2] compact
[dbg   697.893 ms] [mrg2] pack
[dbg   697.914 ms] [mrg2] d2h
[dbg   698.002 ms] T4c merge2 self_product: done (C_nnz=15684)
Reading matrix from ./data/first100/bcspwr07.mtx...
Input A: 1612 x 1612, nnz = 5824, sparsity = 99.78%
===============WARMING UP (3 rounds)===============
=== Computing C = A x A (cuSPARSE) ===
Result C: 1612 x 1612, nnz = 15684, sparsity = 99.40%
Time: 0.548 ms

=== Computing C = A x A (Manual) ===
Result C: 1612 x 1612, nnz = 15684, sparsity = 99.40%
Time: 0.541 ms

=== Computing C = A x A (Merge) ===
Result C: 1612 x 1612, nnz = 15684, sparsity = 99.40%
Time: 0.462 ms

=== Computing C = A x A (Merge2) ===
Result C: 1612 x 1612, nnz = 15684, sparsity = 99.40%
Time: 0.394 ms

=== All tests completed ===
[15/100] Processing bcspwr08 ... (max 600s)
[dbg     0.001 ms] main entry, initializing CUDA context...
[dbg   473.463 ms] CUDA context ready
[dbg   473.636 ms] start read_matrix_market: ./data/first100/bcspwr08.mtx
[dbg   475.661 ms] read done: 1624 x 1624, nnz=6050
[mempool] host pinned arena ready: 256 MB (USE_MEMPOOL=ON)
[dbg   624.333 ms] [cu] start
[dbg   632.796 ms] [cu] h2dmalloc (54900 B)
[dbg   632.866 ms] [cu] h2d (54900 B)
[dbg   632.905 ms] cusparse: workEstimation begin
[dbg   657.167 ms] [cu] workest (buf1=73663 B)
[dbg   657.181 ms] cusparse: compute begin
[dbg   657.834 ms] [cu] compute (buf2=673871 B)
[dbg   657.842 ms] cusparse: C size = 1624 x 1624, nnz=16916
[dbg   657.857 ms] cusparse: copy begin
[dbg   657.968 ms] [cu] copy
[dbg   657.996 ms] [cu] pack
[dbg   658.027 ms] self_product: C D2H begin (141828 B)
[dbg   658.051 ms] [cu] d2h
[dbg   658.264 ms] [gust] start
[dbg   658.389 ms] [gust] h2d
[dbg   658.391 ms] ESC: count intermediates begin
[dbg   660.037 ms] [gust] count
[dbg   660.350 ms] [gust] scan
[dbg   660.365 ms] ESC: expand begin (27278 intermediates)
[dbg   660.400 ms] [gust] expand
[dbg   660.402 ms] ESC: sort_by_key begin
[dbg   660.667 ms] [gust] sort
[dbg   660.675 ms] ESC: reduce_by_key begin
[dbg   660.857 ms] [gust] reduce
[dbg   660.936 ms] [gust] final
[dbg   660.957 ms] [gust] pack
[dbg   660.979 ms] [gust] d2h
[dbg   661.126 ms] [merge] start
[dbg   661.232 ms] [merge] h2d
[dbg   661.238 ms] merge: count begin
[dbg   661.269 ms] [merge] count
[dbg   661.313 ms] [merge] scan
[dbg   661.320 ms] merge: expand_serial begin (27278 intermediates)
[dbg   661.789 ms] [merge] expand
[dbg   661.803 ms] merge: merge_serial begin
[dbg   661.899 ms] [merge] merge
[dbg   661.947 ms] [merge] final
[dbg   661.997 ms] [merge] compact
[dbg   662.019 ms] [merge] pack
[dbg   662.039 ms] [merge] d2h
[dbg   662.173 ms] [mrg2] start
[dbg   662.288 ms] [mrg2] h2d
[dbg   662.294 ms] merge2: count begin
[dbg   662.313 ms] [mrg2] count
[dbg   662.356 ms] [mrg2] scan
[dbg   662.367 ms] merge2: merge_warp begin (27278 intermediates)
[dbg   662.455 ms] [mrg2] merge
[dbg   662.494 ms] [mrg2] final
[dbg   662.521 ms] [mrg2] compact
[dbg   662.540 ms] [mrg2] pack
[dbg   662.561 ms] [mrg2] d2h
[dbg   662.660 ms] [cu] start
[dbg   662.732 ms] [cu] h2dmalloc (54900 B)
[dbg   662.749 ms] [cu] h2d (54900 B)
[dbg   662.760 ms] cusparse: workEstimation begin
[dbg   662.822 ms] [cu] workest (buf1=73663 B)
[dbg   662.825 ms] cusparse: compute begin
[dbg   663.002 ms] [cu] compute (buf2=673871 B)
[dbg   663.006 ms] cusparse: C size = 1624 x 1624, nnz=16916
[dbg   663.013 ms] cusparse: copy begin
[dbg   663.064 ms] [cu] copy
[dbg   663.084 ms] [cu] pack
[dbg   663.101 ms] self_product: C D2H begin (141828 B)
[dbg   663.121 ms] [cu] d2h
[dbg   663.208 ms] [gust] start
[dbg   663.304 ms] [gust] h2d
[dbg   663.307 ms] ESC: count intermediates begin
[dbg   663.324 ms] [gust] count
[dbg   663.366 ms] [gust] scan
[dbg   663.373 ms] ESC: expand begin (27278 intermediates)
[dbg   663.390 ms] [gust] expand
[dbg   663.392 ms] ESC: sort_by_key begin
[dbg   663.524 ms] [gust] sort
[dbg   663.531 ms] ESC: reduce_by_key begin
[dbg   663.568 ms] [gust] reduce
[dbg   663.627 ms] [gust] final
[dbg   663.646 ms] [gust] pack
[dbg   663.666 ms] [gust] d2h
[dbg   663.759 ms] [merge] start
[dbg   663.838 ms] [merge] h2d
[dbg   663.842 ms] merge: count begin
[dbg   663.858 ms] [merge] count
[dbg   663.896 ms] [merge] scan
[dbg   663.903 ms] merge: expand_serial begin (27278 intermediates)
[dbg   663.928 ms] [merge] expand
[dbg   663.941 ms] merge: merge_serial begin
[dbg   664.014 ms] [merge] merge
[dbg   664.055 ms] [merge] final
[dbg   664.087 ms] [merge] compact
[dbg   664.106 ms] [merge] pack
[dbg   664.127 ms] [merge] d2h
[dbg   664.218 ms] [mrg2] start
[dbg   664.305 ms] [mrg2] h2d
[dbg   664.310 ms] merge2: count begin
[dbg   664.326 ms] [mrg2] count
[dbg   664.365 ms] [mrg2] scan
[dbg   664.373 ms] merge2: merge_warp begin (27278 intermediates)
[dbg   664.415 ms] [mrg2] merge
[dbg   664.452 ms] [mrg2] final
[dbg   664.476 ms] [mrg2] compact
[dbg   664.494 ms] [mrg2] pack
[dbg   664.518 ms] [mrg2] d2h
[dbg   664.608 ms] [cu] start
[dbg   664.672 ms] [cu] h2dmalloc (54900 B)
[dbg   664.688 ms] [cu] h2d (54900 B)
[dbg   664.696 ms] cusparse: workEstimation begin
[dbg   664.749 ms] [cu] workest (buf1=73663 B)
[dbg   664.752 ms] cusparse: compute begin
[dbg   664.922 ms] [cu] compute (buf2=673871 B)
[dbg   664.925 ms] cusparse: C size = 1624 x 1624, nnz=16916
[dbg   664.931 ms] cusparse: copy begin
[dbg   664.979 ms] [cu] copy
[dbg   664.998 ms] [cu] pack
[dbg   665.013 ms] self_product: C D2H begin (141828 B)
[dbg   665.033 ms] [cu] d2h
[dbg   665.116 ms] [gust] start
[dbg   665.196 ms] [gust] h2d
[dbg   665.200 ms] ESC: count intermediates begin
[dbg   665.217 ms] [gust] count
[dbg   665.264 ms] [gust] scan
[dbg   665.271 ms] ESC: expand begin (27278 intermediates)
[dbg   665.289 ms] [gust] expand
[dbg   665.291 ms] ESC: sort_by_key begin
[dbg   665.420 ms] [gust] sort
[dbg   665.426 ms] ESC: reduce_by_key begin
[dbg   665.461 ms] [gust] reduce
[dbg   665.518 ms] [gust] final
[dbg   665.537 ms] [gust] pack
[dbg   665.558 ms] [gust] d2h
[dbg   665.649 ms] [merge] start
[dbg   665.728 ms] [merge] h2d
[dbg   665.732 ms] merge: count begin
[dbg   665.749 ms] [merge] count
[dbg   665.787 ms] [merge] scan
[dbg   665.793 ms] merge: expand_serial begin (27278 intermediates)
[dbg   665.817 ms] [merge] expand
[dbg   665.825 ms] merge: merge_serial begin
[dbg   665.898 ms] [merge] merge
[dbg   665.937 ms] [merge] final
[dbg   665.962 ms] [merge] compact
[dbg   665.980 ms] [merge] pack
[dbg   666.001 ms] [merge] d2h
[dbg   666.086 ms] [mrg2] start
[dbg   666.161 ms] [mrg2] h2d
[dbg   666.165 ms] merge2: count begin
[dbg   666.181 ms] [mrg2] count
[dbg   666.217 ms] [mrg2] scan
[dbg   666.225 ms] merge2: merge_warp begin (27278 intermediates)
[dbg   666.266 ms] [mrg2] merge
[dbg   666.302 ms] [mrg2] final
[dbg   666.326 ms] [mrg2] compact
[dbg   666.343 ms] [mrg2] pack
[dbg   666.368 ms] [mrg2] d2h
[dbg   666.455 ms] warmup done
[dbg   666.483 ms] T1 cuSPARSE self_product: start
[dbg   666.486 ms] [cu] start
[dbg   666.553 ms] [cu] h2dmalloc (54900 B)
[dbg   666.571 ms] [cu] h2d (54900 B)
[dbg   666.578 ms] cusparse: workEstimation begin
[dbg   666.632 ms] [cu] workest (buf1=73663 B)
[dbg   666.636 ms] cusparse: compute begin
[dbg   666.806 ms] [cu] compute (buf2=673871 B)
[dbg   666.809 ms] cusparse: C size = 1624 x 1624, nnz=16916
[dbg   666.815 ms] cusparse: copy begin
[dbg   666.865 ms] [cu] copy
[dbg   666.884 ms] [cu] pack
[dbg   666.899 ms] self_product: C D2H begin (141828 B)
[dbg   666.919 ms] [cu] d2h
[dbg   667.002 ms] T1 cuSPARSE self_product: done (C_nnz=16916)
[dbg   667.031 ms] T4 manual self_product: start
[dbg   667.036 ms] [gust] start
[dbg   667.118 ms] [gust] h2d
[dbg   667.121 ms] ESC: count intermediates begin
[dbg   667.138 ms] [gust] count
[dbg   667.180 ms] [gust] scan
[dbg   667.186 ms] ESC: expand begin (27278 intermediates)
[dbg   667.203 ms] [gust] expand
[dbg   667.204 ms] ESC: sort_by_key begin
[dbg   667.339 ms] [gust] sort
[dbg   667.344 ms] ESC: reduce_by_key begin
[dbg   667.380 ms] [gust] reduce
[dbg   667.434 ms] [gust] final
[dbg   667.452 ms] [gust] pack
[dbg   667.472 ms] [gust] d2h
[dbg   667.563 ms] T4 manual self_product: done (C_nnz=16916)
[dbg   667.582 ms] T4b merge self_product: start
[dbg   667.584 ms] [merge] start
[dbg   667.664 ms] [merge] h2d
[dbg   667.667 ms] merge: count begin
[dbg   667.685 ms] [merge] count
[dbg   667.722 ms] [merge] scan
[dbg   667.727 ms] merge: expand_serial begin (27278 intermediates)
[dbg   667.752 ms] [merge] expand
[dbg   667.758 ms] merge: merge_serial begin
[dbg   667.832 ms] [merge] merge
[dbg   667.870 ms] [merge] final
[dbg   667.894 ms] [merge] compact
[dbg   667.912 ms] [merge] pack
[dbg   667.932 ms] [merge] d2h
[dbg   668.022 ms] T4b merge self_product: done (C_nnz=16916)
[dbg   668.038 ms] T4c merge2 self_product: start
[dbg   668.039 ms] [mrg2] start
[dbg   668.115 ms] [mrg2] h2d
[dbg   668.119 ms] merge2: count begin
[dbg   668.135 ms] [mrg2] count
[dbg   668.172 ms] [mrg2] scan
[dbg   668.179 ms] merge2: merge_warp begin (27278 intermediates)
[dbg   668.220 ms] [mrg2] merge
[dbg   668.262 ms] [mrg2] final
[dbg   668.286 ms] [mrg2] compact
[dbg   668.303 ms] [mrg2] pack
[dbg   668.324 ms] [mrg2] d2h
[dbg   668.412 ms] T4c merge2 self_product: done (C_nnz=16916)
Reading matrix from ./data/first100/bcspwr08.mtx...
Input A: 1624 x 1624, nnz = 6050, sparsity = 99.77%
===============WARMING UP (3 rounds)===============
=== Computing C = A x A (cuSPARSE) ===
Result C: 1624 x 1624, nnz = 16916, sparsity = 99.36%
Time: 0.522 ms

=== Computing C = A x A (Manual) ===
Result C: 1624 x 1624, nnz = 16916, sparsity = 99.36%
Time: 0.535 ms

=== Computing C = A x A (Merge) ===
Result C: 1624 x 1624, nnz = 16916, sparsity = 99.36%
Time: 0.442 ms

=== Computing C = A x A (Merge2) ===
Result C: 1624 x 1624, nnz = 16916, sparsity = 99.36%
Time: 0.378 ms

=== All tests completed ===
[16/100] Processing bcspwr09 ... (max 600s)
[dbg     0.000 ms] main entry, initializing CUDA context...
[dbg   495.191 ms] CUDA context ready
[dbg   495.369 ms] start read_matrix_market: ./data/first100/bcspwr09.mtx
[dbg   497.491 ms] read done: 1723 x 1723, nnz=6511
[mempool] host pinned arena ready: 256 MB (USE_MEMPOOL=ON)
[dbg   645.238 ms] [cu] start
[dbg   654.336 ms] [cu] h2dmalloc (58984 B)
[dbg   654.406 ms] [cu] h2d (58984 B)
[dbg   654.444 ms] cusparse: workEstimation begin
[dbg   679.379 ms] [cu] workest (buf1=79195 B)
[dbg   679.391 ms] cusparse: compute begin
[dbg   680.151 ms] [cu] compute (buf2=734935 B)
[dbg   680.159 ms] cusparse: C size = 1723 x 1723, nnz=18485
[dbg   680.170 ms] cusparse: copy begin
[dbg   680.288 ms] [cu] copy
[dbg   680.324 ms] [cu] pack
[dbg   680.366 ms] self_product: C D2H begin (154776 B)
[dbg   680.392 ms] [cu] d2h
[dbg   680.599 ms] [gust] start
[dbg   680.728 ms] [gust] h2d
[dbg   680.731 ms] ESC: count intermediates begin
[dbg   682.526 ms] [gust] count
[dbg   682.836 ms] [gust] scan
[dbg   682.853 ms] ESC: expand begin (29801 intermediates)
[dbg   682.894 ms] [gust] expand
[dbg   682.895 ms] ESC: sort_by_key begin
[dbg   683.179 ms] [gust] sort
[dbg   683.190 ms] ESC: reduce_by_key begin
[dbg   683.378 ms] [gust] reduce
[dbg   683.468 ms] [gust] final
[dbg   683.494 ms] [gust] pack
[dbg   683.517 ms] [gust] d2h
[dbg   683.663 ms] [merge] start
[dbg   683.768 ms] [merge] h2d
[dbg   683.774 ms] merge: count begin
[dbg   683.794 ms] [merge] count
[dbg   683.841 ms] [merge] scan
[dbg   683.859 ms] merge: expand_serial begin (29801 intermediates)
[dbg   684.361 ms] [merge] expand
[dbg   684.373 ms] merge: merge_serial begin
[dbg   684.485 ms] [merge] merge
[dbg   684.539 ms] [merge] final
[dbg   684.585 ms] [merge] compact
[dbg   684.610 ms] [merge] pack
[dbg   684.632 ms] [merge] d2h
[dbg   684.765 ms] [mrg2] start
[dbg   684.867 ms] [mrg2] h2d
[dbg   684.871 ms] merge2: count begin
[dbg   684.891 ms] [mrg2] count
[dbg   684.935 ms] [mrg2] scan
[dbg   684.943 ms] merge2: merge_warp begin (29801 intermediates)
[dbg   685.028 ms] [mrg2] merge
[dbg   685.069 ms] [mrg2] final
[dbg   685.096 ms] [mrg2] compact
[dbg   685.119 ms] [mrg2] pack
[dbg   685.142 ms] [mrg2] d2h
[dbg   685.238 ms] [cu] start
[dbg   685.308 ms] [cu] h2dmalloc (58984 B)
[dbg   685.337 ms] [cu] h2d (58984 B)
[dbg   685.347 ms] cusparse: workEstimation begin
[dbg   685.419 ms] [cu] workest (buf1=79195 B)
[dbg   685.422 ms] cusparse: compute begin
[dbg   685.599 ms] [cu] compute (buf2=734935 B)
[dbg   685.602 ms] cusparse: C size = 1723 x 1723, nnz=18485
[dbg   685.609 ms] cusparse: copy begin
[dbg   685.669 ms] [cu] copy
[dbg   685.689 ms] [cu] pack
[dbg   685.705 ms] self_product: C D2H begin (154776 B)
[dbg   685.726 ms] [cu] d2h
[dbg   685.812 ms] [gust] start
[dbg   685.896 ms] [gust] h2d
[dbg   685.899 ms] ESC: count intermediates begin
[dbg   685.917 ms] [gust] count
[dbg   685.963 ms] [gust] scan
[dbg   685.969 ms] ESC: expand begin (29801 intermediates)
[dbg   685.987 ms] [gust] expand
[dbg   685.989 ms] ESC: sort_by_key begin
[dbg   686.126 ms] [gust] sort
[dbg   686.133 ms] ESC: reduce_by_key begin
[dbg   686.181 ms] [gust] reduce
[dbg   686.246 ms] [gust] final
[dbg   686.267 ms] [gust] pack
[dbg   686.289 ms] [gust] d2h
[dbg   686.392 ms] [merge] start
[dbg   686.476 ms] [merge] h2d
[dbg   686.481 ms] merge: count begin
[dbg   686.501 ms] [merge] count
[dbg   686.541 ms] [merge] scan
[dbg   686.547 ms] merge: expand_serial begin (29801 intermediates)
[dbg   686.573 ms] [merge] expand
[dbg   686.580 ms] merge: merge_serial begin
[dbg   686.663 ms] [merge] merge
[dbg   686.710 ms] [merge] final
[dbg   686.736 ms] [merge] compact
[dbg   686.760 ms] [merge] pack
[dbg   686.782 ms] [merge] d2h
[dbg   686.873 ms] [mrg2] start
[dbg   686.950 ms] [mrg2] h2d
[dbg   686.954 ms] merge2: count begin
[dbg   686.972 ms] [mrg2] count
[dbg   687.012 ms] [mrg2] scan
[dbg   687.020 ms] merge2: merge_warp begin (29801 intermediates)
[dbg   687.063 ms] [mrg2] merge
[dbg   687.108 ms] [mrg2] final
[dbg   687.133 ms] [mrg2] compact
[dbg   687.154 ms] [mrg2] pack
[dbg   687.176 ms] [mrg2] d2h
[dbg   687.266 ms] [cu] start
[dbg   687.334 ms] [cu] h2dmalloc (58984 B)
[dbg   687.352 ms] [cu] h2d (58984 B)
[dbg   687.359 ms] cusparse: workEstimation begin
[dbg   687.423 ms] [cu] workest (buf1=79195 B)
[dbg   687.426 ms] cusparse: compute begin
[dbg   687.600 ms] [cu] compute (buf2=734935 B)
[dbg   687.603 ms] cusparse: C size = 1723 x 1723, nnz=18485
[dbg   687.610 ms] cusparse: copy begin
[dbg   687.665 ms] [cu] copy
[dbg   687.687 ms] [cu] pack
[dbg   687.703 ms] self_product: C D2H begin (154776 B)
[dbg   687.723 ms] [cu] d2h
[dbg   687.809 ms] [gust] start
[dbg   687.891 ms] [gust] h2d
[dbg   687.894 ms] ESC: count intermediates begin
[dbg   687.914 ms] [gust] count
[dbg   687.959 ms] [gust] scan
[dbg   687.966 ms] ESC: expand begin (29801 intermediates)
[dbg   687.986 ms] [gust] expand
[dbg   687.987 ms] ESC: sort_by_key begin
[dbg   688.121 ms] [gust] sort
[dbg   688.128 ms] ESC: reduce_by_key begin
[dbg   688.164 ms] [gust] reduce
[dbg   688.237 ms] [gust] final
[dbg   688.259 ms] [gust] pack
[dbg   688.281 ms] [gust] d2h
[dbg   688.383 ms] [merge] start
[dbg   688.467 ms] [merge] h2d
[dbg   688.471 ms] merge: count begin
[dbg   688.489 ms] [merge] count
[dbg   688.532 ms] [merge] scan
[dbg   688.538 ms] merge: expand_serial begin (29801 intermediates)
[dbg   688.561 ms] [merge] expand
[dbg   688.568 ms] merge: merge_serial begin
[dbg   688.652 ms] [merge] merge
[dbg   688.698 ms] [merge] final
[dbg   688.730 ms] [merge] compact
[dbg   688.752 ms] [merge] pack
[dbg   688.774 ms] [merge] d2h
[dbg   688.864 ms] [mrg2] start
[dbg   688.941 ms] [mrg2] h2d
[dbg   688.944 ms] merge2: count begin
[dbg   688.961 ms] [mrg2] count
[dbg   689.000 ms] [mrg2] scan
[dbg   689.007 ms] merge2: merge_warp begin (29801 intermediates)
[dbg   689.052 ms] [mrg2] merge
[dbg   689.090 ms] [mrg2] final
[dbg   689.115 ms] [mrg2] compact
[dbg   689.136 ms] [mrg2] pack
[dbg   689.158 ms] [mrg2] d2h
[dbg   689.244 ms] warmup done
[dbg   689.277 ms] T1 cuSPARSE self_product: start
[dbg   689.278 ms] [cu] start
[dbg   689.352 ms] [cu] h2dmalloc (58984 B)
[dbg   689.371 ms] [cu] h2d (58984 B)
[dbg   689.379 ms] cusparse: workEstimation begin
[dbg   689.440 ms] [cu] workest (buf1=79195 B)
[dbg   689.443 ms] cusparse: compute begin
[dbg   689.618 ms] [cu] compute (buf2=734935 B)
[dbg   689.621 ms] cusparse: C size = 1723 x 1723, nnz=18485
[dbg   689.627 ms] cusparse: copy begin
[dbg   689.684 ms] [cu] copy
[dbg   689.707 ms] [cu] pack
[dbg   689.722 ms] self_product: C D2H begin (154776 B)
[dbg   689.743 ms] [cu] d2h
[dbg   689.830 ms] T1 cuSPARSE self_product: done (C_nnz=18485)
[dbg   689.857 ms] T4 manual self_product: start
[dbg   689.859 ms] [gust] start
[dbg   689.942 ms] [gust] h2d
[dbg   689.945 ms] ESC: count intermediates begin
[dbg   689.963 ms] [gust] count
[dbg   690.008 ms] [gust] scan
[dbg   690.014 ms] ESC: expand begin (29801 intermediates)
[dbg   690.033 ms] [gust] expand
[dbg   690.034 ms] ESC: sort_by_key begin
[dbg   690.167 ms] [gust] sort
[dbg   690.173 ms] ESC: reduce_by_key begin
[dbg   690.213 ms] [gust] reduce
[dbg   690.275 ms] [gust] final
[dbg   690.298 ms] [gust] pack
[dbg   690.320 ms] [gust] d2h
[dbg   690.423 ms] T4 manual self_product: done (C_nnz=18485)
[dbg   690.449 ms] T4b merge self_product: start
[dbg   690.451 ms] [merge] start
[dbg   690.532 ms] [merge] h2d
[dbg   690.537 ms] merge: count begin
[dbg   690.556 ms] [merge] count
[dbg   690.598 ms] [merge] scan
[dbg   690.604 ms] merge: expand_serial begin (29801 intermediates)
[dbg   690.628 ms] [merge] expand
[dbg   690.636 ms] merge: merge_serial begin
[dbg   690.718 ms] [merge] merge
[dbg   690.761 ms] [merge] final
[dbg   690.794 ms] [merge] compact
[dbg   690.815 ms] [merge] pack
[dbg   690.837 ms] [merge] d2h
[dbg   690.926 ms] T4b merge self_product: done (C_nnz=18485)
[dbg   690.942 ms] T4c merge2 self_product: start
[dbg   690.944 ms] [mrg2] start
[dbg   691.021 ms] [mrg2] h2d
[dbg   691.025 ms] merge2: count begin
[dbg   691.043 ms] [mrg2] count
[dbg   691.084 ms] [mrg2] scan
[dbg   691.091 ms] merge2: merge_warp begin (29801 intermediates)
[dbg   691.134 ms] [mrg2] merge
[dbg   691.172 ms] [mrg2] final
[dbg   691.197 ms] [mrg2] compact
[dbg   691.218 ms] [mrg2] pack
[dbg   691.240 ms] [mrg2] d2h
[dbg   691.335 ms] T4c merge2 self_product: done (C_nnz=18485)
Reading matrix from ./data/first100/bcspwr09.mtx...
Input A: 1723 x 1723, nnz = 6511, sparsity = 99.78%
===============WARMING UP (3 rounds)===============
=== Computing C = A x A (cuSPARSE) ===
Result C: 1723 x 1723, nnz = 18485, sparsity = 99.38%
Time: 0.556 ms

=== Computing C = A x A (Manual) ===
Result C: 1723 x 1723, nnz = 18485, sparsity = 99.38%
Time: 0.569 ms

=== Computing C = A x A (Merge) ===
Result C: 1723 x 1723, nnz = 18485, sparsity = 99.38%
Time: 0.480 ms

=== Computing C = A x A (Merge2) ===
Result C: 1723 x 1723, nnz = 18485, sparsity = 99.38%
Time: 0.396 ms

=== All tests completed ===
[17/100] Processing bcspwr10 ... (max 600s)
[dbg     0.001 ms] main entry, initializing CUDA context...
[dbg   470.181 ms] CUDA context ready
[dbg   470.349 ms] start read_matrix_market: ./data/first100/bcspwr10.mtx
[dbg   474.233 ms] read done: 5300 x 5300, nnz=21842
[mempool] host pinned arena ready: 256 MB (USE_MEMPOOL=ON)
[dbg   621.653 ms] [cu] start
[dbg   630.340 ms] [cu] h2dmalloc (195940 B)
[dbg   630.419 ms] [cu] h2d (195940 B)
[dbg   630.457 ms] cusparse: workEstimation begin
[dbg   654.726 ms] [cu] workest (buf1=263423 B)
[dbg   654.740 ms] cusparse: compute begin
[dbg   655.601 ms] [cu] compute (buf2=2473295 B)
[dbg   655.611 ms] cusparse: C size = 5300 x 5300, nnz=60498
[dbg   655.625 ms] cusparse: copy begin
[dbg   655.734 ms] [cu] copy
[dbg   655.774 ms] [cu] pack
[dbg   655.977 ms] self_product: C D2H begin (505188 B)
[dbg   656.035 ms] [cu] d2h
[dbg   656.144 ms] [gust] start
[dbg   656.274 ms] [gust] h2d
[dbg   656.280 ms] ESC: count intermediates begin
[dbg   657.914 ms] [gust] count
[dbg   658.195 ms] [gust] scan
[dbg   658.208 ms] ESC: expand begin (101038 intermediates)
[dbg   658.247 ms] [gust] expand
[dbg   658.248 ms] ESC: sort_by_key begin
[dbg   658.748 ms] [gust] sort
[dbg   658.847 ms] ESC: reduce_by_key begin
[dbg   659.043 ms] [gust] reduce
[dbg   659.275 ms] [gust] final
[dbg   659.301 ms] [gust] pack
[dbg   659.351 ms] [gust] d2h
[dbg   659.465 ms] [merge] start
[dbg   659.577 ms] [merge] h2d
[dbg   659.588 ms] merge: count begin
[dbg   659.608 ms] [merge] count
[dbg   659.662 ms] [merge] scan
[dbg   659.671 ms] merge: expand_serial begin (101038 intermediates)
[dbg   660.175 ms] [merge] expand
[dbg   660.300 ms] merge: merge_serial begin
[dbg   660.421 ms] [merge] merge
[dbg   660.478 ms] [merge] final
[dbg   660.631 ms] [merge] compact
[dbg   660.658 ms] [merge] pack
[dbg   660.707 ms] [merge] d2h
[dbg   660.816 ms] [mrg2] start
[dbg   660.937 ms] [mrg2] h2d
[dbg   660.948 ms] merge2: count begin
[dbg   660.968 ms] [mrg2] count
[dbg   661.012 ms] [mrg2] scan
[dbg   661.020 ms] merge2: merge_warp begin (101038 intermediates)
[dbg   661.099 ms] [mrg2] merge
[dbg   661.153 ms] [mrg2] final
[dbg   661.192 ms] [mrg2] compact
[dbg   661.221 ms] [mrg2] pack
[dbg   661.274 ms] [mrg2] d2h
[dbg   661.393 ms] [cu] start
[dbg   661.471 ms] [cu] h2dmalloc (195940 B)
[dbg   661.498 ms] [cu] h2d (195940 B)
[dbg   661.509 ms] cusparse: workEstimation begin
[dbg   661.583 ms] [cu] workest (buf1=263423 B)
[dbg   661.587 ms] cusparse: compute begin
[dbg   661.870 ms] [cu] compute (buf2=2473295 B)
[dbg   661.876 ms] cusparse: C size = 5300 x 5300, nnz=60498
[dbg   661.884 ms] cusparse: copy begin
[dbg   661.934 ms] [cu] copy
[dbg   661.962 ms] [cu] pack
[dbg   662.079 ms] self_product: C D2H begin (505188 B)
[dbg   662.131 ms] [cu] d2h
[dbg   662.210 ms] [gust] start
[dbg   662.321 ms] [gust] h2d
[dbg   662.324 ms] ESC: count intermediates begin
[dbg   662.345 ms] [gust] count
[dbg   662.389 ms] [gust] scan
[dbg   662.395 ms] ESC: expand begin (101038 intermediates)
[dbg   662.416 ms] [gust] expand
[dbg   662.417 ms] ESC: sort_by_key begin
[dbg   662.712 ms] [gust] sort
[dbg   662.783 ms] ESC: reduce_by_key begin
[dbg   662.836 ms] [gust] reduce
[dbg   662.990 ms] [gust] final
[dbg   663.013 ms] [gust] pack
[dbg   663.062 ms] [gust] d2h
[dbg   663.160 ms] [merge] start
[dbg   663.271 ms] [merge] h2d
[dbg   663.278 ms] merge: count begin
[dbg   663.298 ms] [merge] count
[dbg   663.339 ms] [merge] scan
[dbg   663.345 ms] merge: expand_serial begin (101038 intermediates)
[dbg   663.374 ms] [merge] expand
[dbg   663.461 ms] merge: merge_serial begin
[dbg   663.546 ms] [merge] merge
[dbg   663.606 ms] [merge] final
[dbg   663.727 ms] [merge] compact
[dbg   663.752 ms] [merge] pack
[dbg   663.803 ms] [merge] d2h
[dbg   663.906 ms] [mrg2] start
[dbg   664.005 ms] [mrg2] h2d
[dbg   664.011 ms] merge2: count begin
[dbg   664.030 ms] [mrg2] count
[dbg   664.082 ms] [mrg2] scan
[dbg   664.094 ms] merge2: merge_warp begin (101038 intermediates)
[dbg   664.139 ms] [mrg2] merge
[dbg   664.180 ms] [mrg2] final
[dbg   664.212 ms] [mrg2] compact
[dbg   664.239 ms] [mrg2] pack
[dbg   664.290 ms] [mrg2] d2h
[dbg   664.396 ms] [cu] start
[dbg   664.476 ms] [cu] h2dmalloc (195940 B)
[dbg   664.502 ms] [cu] h2d (195940 B)
[dbg   664.510 ms] cusparse: workEstimation begin
[dbg   664.564 ms] [cu] workest (buf1=263423 B)
[dbg   664.568 ms] cusparse: compute begin
[dbg   664.846 ms] [cu] compute (buf2=2473295 B)
[dbg   664.850 ms] cusparse: C size = 5300 x 5300, nnz=60498
[dbg   664.858 ms] cusparse: copy begin
[dbg   664.907 ms] [cu] copy
[dbg   664.926 ms] [cu] pack
[dbg   665.040 ms] self_product: C D2H begin (505188 B)
[dbg   665.092 ms] [cu] d2h
[dbg   665.182 ms] [gust] start
[dbg   665.279 ms] [gust] h2d
[dbg   665.281 ms] ESC: count intermediates begin
[dbg   665.301 ms] [gust] count
[dbg   665.353 ms] [gust] scan
[dbg   665.361 ms] ESC: expand begin (101038 intermediates)
[dbg   665.382 ms] [gust] expand
[dbg   665.384 ms] ESC: sort_by_key begin
[dbg   665.681 ms] [gust] sort
[dbg   665.750 ms] ESC: reduce_by_key begin
[dbg   665.792 ms] [gust] reduce
[dbg   665.954 ms] [gust] final
[dbg   665.976 ms] [gust] pack
[dbg   666.025 ms] [gust] d2h
[dbg   666.122 ms] [merge] start
[dbg   666.230 ms] [merge] h2d
[dbg   666.237 ms] merge: count begin
[dbg   666.256 ms] [merge] count
[dbg   666.296 ms] [merge] scan
[dbg   666.301 ms] merge: expand_serial begin (101038 intermediates)
[dbg   666.329 ms] [merge] expand
[dbg   666.415 ms] merge: merge_serial begin
[dbg   666.499 ms] [merge] merge
[dbg   666.550 ms] [merge] final
[dbg   666.671 ms] [merge] compact
[dbg   666.696 ms] [merge] pack
[dbg   666.745 ms] [merge] d2h
[dbg   666.854 ms] [mrg2] start
[dbg   666.959 ms] [mrg2] h2d
[dbg   666.966 ms] merge2: count begin
[dbg   666.986 ms] [mrg2] count
[dbg   667.035 ms] [mrg2] scan
[dbg   667.044 ms] merge2: merge_warp begin (101038 intermediates)
[dbg   667.088 ms] [mrg2] merge
[dbg   667.123 ms] [mrg2] final
[dbg   667.149 ms] [mrg2] compact
[dbg   667.166 ms] [mrg2] pack
[dbg   667.215 ms] [mrg2] d2h
[dbg   667.328 ms] warmup done
[dbg   667.353 ms] T1 cuSPARSE self_product: start
[dbg   667.355 ms] [cu] start
[dbg   667.442 ms] [cu] h2dmalloc (195940 B)
[dbg   667.471 ms] [cu] h2d (195940 B)
[dbg   667.481 ms] cusparse: workEstimation begin
[dbg   667.548 ms] [cu] workest (buf1=263423 B)
[dbg   667.552 ms] cusparse: compute begin
[dbg   667.826 ms] [cu] compute (buf2=2473295 B)
[dbg   667.831 ms] cusparse: C size = 5300 x 5300, nnz=60498
[dbg   667.838 ms] cusparse: copy begin
[dbg   667.893 ms] [cu] copy
[dbg   667.915 ms] [cu] pack
[dbg   668.026 ms] self_product: C D2H begin (505188 B)
[dbg   668.078 ms] [cu] d2h
[dbg   668.164 ms] T1 cuSPARSE self_product: done (C_nnz=60498)
[dbg   668.197 ms] T4 manual self_product: start
[dbg   668.201 ms] [gust] start
[dbg   668.310 ms] [gust] h2d
[dbg   668.313 ms] ESC: count intermediates begin
[dbg   668.334 ms] [gust] count
[dbg   668.383 ms] [gust] scan
[dbg   668.391 ms] ESC: expand begin (101038 intermediates)
[dbg   668.413 ms] [gust] expand
[dbg   668.415 ms] ESC: sort_by_key begin
[dbg   668.717 ms] [gust] sort
[dbg   668.788 ms] ESC: reduce_by_key begin
[dbg   668.837 ms] [gust] reduce
[dbg   668.991 ms] [gust] final
[dbg   669.014 ms] [gust] pack
[dbg   669.063 ms] [gust] d2h
[dbg   669.159 ms] T4 manual self_product: done (C_nnz=60498)
[dbg   669.192 ms] T4b merge self_product: start
[dbg   669.200 ms] [merge] start
[dbg   669.313 ms] [merge] h2d
[dbg   669.320 ms] merge: count begin
[dbg   669.340 ms] [merge] count
[dbg   669.383 ms] [merge] scan
[dbg   669.388 ms] merge: expand_serial begin (101038 intermediates)
[dbg   669.416 ms] [merge] expand
[dbg   669.504 ms] merge: merge_serial begin
[dbg   669.589 ms] [merge] merge
[dbg   669.643 ms] [merge] final
[dbg   669.763 ms] [merge] compact
[dbg   669.788 ms] [merge] pack
[dbg   669.845 ms] [merge] d2h
[dbg   669.949 ms] T4b merge self_product: done (C_nnz=60498)
[dbg   669.976 ms] T4c merge2 self_product: start
[dbg   669.978 ms] [mrg2] start
[dbg   670.083 ms] [mrg2] h2d
[dbg   670.089 ms] merge2: count begin
[dbg   670.109 ms] [mrg2] count
[dbg   670.161 ms] [mrg2] scan
[dbg   670.171 ms] merge2: merge_warp begin (101038 intermediates)
[dbg   670.217 ms] [mrg2] merge
[dbg   670.261 ms] [mrg2] final
[dbg   670.294 ms] [mrg2] compact
[dbg   670.318 ms] [mrg2] pack
[dbg   670.368 ms] [mrg2] d2h
[dbg   670.472 ms] T4c merge2 self_product: done (C_nnz=60498)
Reading matrix from ./data/first100/bcspwr10.mtx...
Input A: 5300 x 5300, nnz = 21842, sparsity = 99.92%
===============WARMING UP (3 rounds)===============
=== Computing C = A x A (cuSPARSE) ===
Result C: 5300 x 5300, nnz = 60498, sparsity = 99.78%
Time: 0.814 ms

=== Computing C = A x A (Manual) ===
Result C: 5300 x 5300, nnz = 60498, sparsity = 99.78%
Time: 0.966 ms

=== Computing C = A x A (Merge) ===
Result C: 5300 x 5300, nnz = 60498, sparsity = 99.78%
Time: 0.760 ms

=== Computing C = A x A (Merge2) ===
Result C: 5300 x 5300, nnz = 60498, sparsity = 99.78%
Time: 0.500 ms

=== All tests completed ===
[18/100] Processing bcsstk01 ... (max 600s)
[dbg     0.001 ms] main entry, initializing CUDA context...
[dbg   482.872 ms] CUDA context ready
[dbg   483.052 ms] start read_matrix_market: ./data/first100/bcsstk01.mtx
[dbg   484.501 ms] read done: 48 x 48, nnz=400
[mempool] host pinned arena ready: 256 MB (USE_MEMPOOL=ON)
[dbg   640.195 ms] [cu] start
[dbg   648.612 ms] [cu] h2dmalloc (3396 B)
[dbg   648.670 ms] [cu] h2d (3396 B)
[dbg   648.716 ms] cusparse: workEstimation begin
[dbg   677.829 ms] [cu] workest (buf1=5863 B)
[dbg   677.843 ms] cusparse: compute begin
[dbg   678.560 ms] [cu] compute (buf2=88183 B)
[dbg   678.566 ms] cusparse: C size = 48 x 48, nnz=1292
[dbg   678.578 ms] cusparse: copy begin
[dbg   678.687 ms] [cu] copy
[dbg   678.717 ms] [cu] pack
[dbg   678.739 ms] self_product: C D2H begin (10532 B)
[dbg   678.753 ms] [cu] d2h
[dbg   678.947 ms] [gust] start
[dbg   679.069 ms] [gust] h2d
[dbg   679.071 ms] ESC: count intermediates begin
[dbg   680.740 ms] [gust] count
[dbg   681.046 ms] [gust] scan
[dbg   681.059 ms] ESC: expand begin (3460 intermediates)
[dbg   681.095 ms] [gust] expand
[dbg   681.096 ms] ESC: sort_by_key begin
[dbg   681.345 ms] [gust] sort
[dbg   681.356 ms] ESC: reduce_by_key begin
[dbg   681.530 ms] [gust] reduce
[dbg   681.606 ms] [gust] final
[dbg   681.628 ms] [gust] pack
[dbg   681.639 ms] [gust] d2h
[dbg   681.777 ms] [merge] start
[dbg   681.886 ms] [merge] h2d
[dbg   681.889 ms] merge: count begin
[dbg   681.907 ms] [merge] count
[dbg   681.946 ms] [merge] scan
[dbg   681.964 ms] merge: expand_serial begin (3460 intermediates)
[dbg   682.438 ms] [merge] expand
[dbg   682.449 ms] merge: merge_serial begin
[dbg   682.532 ms] [merge] merge
[dbg   682.577 ms] [merge] final
[dbg   682.613 ms] [merge] compact
[dbg   682.634 ms] [merge] pack
[dbg   682.643 ms] [merge] d2h
[dbg   682.769 ms] [mrg2] start
[dbg   682.873 ms] [mrg2] h2d
[dbg   682.876 ms] merge2: count begin
[dbg   682.892 ms] [mrg2] count
[dbg   682.932 ms] [mrg2] scan
[dbg   682.942 ms] merge2: merge_warp begin (3460 intermediates)
[dbg   683.013 ms] [mrg2] merge
[dbg   683.052 ms] [mrg2] final
[dbg   683.074 ms] [mrg2] compact
[dbg   683.093 ms] [mrg2] pack
[dbg   683.102 ms] [mrg2] d2h
[dbg   683.191 ms] [cu] start
[dbg   683.260 ms] [cu] h2dmalloc (3396 B)
[dbg   683.272 ms] [cu] h2d (3396 B)
[dbg   683.282 ms] cusparse: workEstimation begin
[dbg   683.338 ms] [cu] workest (buf1=5863 B)
[dbg   683.340 ms] cusparse: compute begin
[dbg   683.503 ms] [cu] compute (buf2=88183 B)
[dbg   683.506 ms] cusparse: C size = 48 x 48, nnz=1292
[dbg   683.512 ms] cusparse: copy begin
[dbg   683.555 ms] [cu] copy
[dbg   683.572 ms] [cu] pack
[dbg   683.588 ms] self_product: C D2H begin (10532 B)
[dbg   683.596 ms] [cu] d2h
[dbg   683.668 ms] [gust] start
[dbg   683.743 ms] [gust] h2d
[dbg   683.746 ms] ESC: count intermediates begin
[dbg   683.761 ms] [gust] count
[dbg   683.799 ms] [gust] scan
[dbg   683.804 ms] ESC: expand begin (3460 intermediates)
[dbg   683.819 ms] [gust] expand
[dbg   683.820 ms] ESC: sort_by_key begin
[dbg   683.940 ms] [gust] sort
[dbg   683.947 ms] ESC: reduce_by_key begin
[dbg   683.981 ms] [gust] reduce
[dbg   684.043 ms] [gust] final
[dbg   684.062 ms] [gust] pack
[dbg   684.070 ms] [gust] d2h
[dbg   684.155 ms] [merge] start
[dbg   684.230 ms] [merge] h2d
[dbg   684.233 ms] merge: count begin
[dbg   684.248 ms] [merge] count
[dbg   684.284 ms] [merge] scan
[dbg   684.290 ms] merge: expand_serial begin (3460 intermediates)
[dbg   684.317 ms] [merge] expand
[dbg   684.325 ms] merge: merge_serial begin
[dbg   684.386 ms] [merge] merge
[dbg   684.425 ms] [merge] final
[dbg   684.447 ms] [merge] compact
[dbg   684.464 ms] [merge] pack
[dbg   684.473 ms] [merge] d2h
[dbg   684.549 ms] [mrg2] start
[dbg   684.618 ms] [mrg2] h2d
[dbg   684.621 ms] merge2: count begin
[dbg   684.636 ms] [mrg2] count
[dbg   684.671 ms] [mrg2] scan
[dbg   684.678 ms] merge2: merge_warp begin (3460 intermediates)
[dbg   684.714 ms] [mrg2] merge
[dbg   684.746 ms] [mrg2] final
[dbg   684.772 ms] [mrg2] compact
[dbg   684.789 ms] [mrg2] pack
[dbg   684.799 ms] [mrg2] d2h
[dbg   684.882 ms] [cu] start
[dbg   684.943 ms] [cu] h2dmalloc (3396 B)
[dbg   684.957 ms] [cu] h2d (3396 B)
[dbg   684.964 ms] cusparse: workEstimation begin
[dbg   685.010 ms] [cu] workest (buf1=5863 B)
[dbg   685.013 ms] cusparse: compute begin
[dbg   685.163 ms] [cu] compute (buf2=88183 B)
[dbg   685.166 ms] cusparse: C size = 48 x 48, nnz=1292
[dbg   685.172 ms] cusparse: copy begin
[dbg   685.213 ms] [cu] copy
[dbg   685.232 ms] [cu] pack
[dbg   685.248 ms] self_product: C D2H begin (10532 B)
[dbg   685.256 ms] [cu] d2h
[dbg   685.328 ms] [gust] start
[dbg   685.403 ms] [gust] h2d
[dbg   685.406 ms] ESC: count intermediates begin
[dbg   685.421 ms] [gust] count
[dbg   685.457 ms] [gust] scan
[dbg   685.464 ms] ESC: expand begin (3460 intermediates)
[dbg   685.479 ms] [gust] expand
[dbg   685.481 ms] ESC: sort_by_key begin
[dbg   685.588 ms] [gust] sort
[dbg   685.595 ms] ESC: reduce_by_key begin
[dbg   685.628 ms] [gust] reduce
[dbg   685.681 ms] [gust] final
[dbg   685.699 ms] [gust] pack
[dbg   685.708 ms] [gust] d2h
[dbg   685.787 ms] [merge] start
[dbg   685.867 ms] [merge] h2d
[dbg   685.870 ms] merge: count begin
[dbg   685.886 ms] [merge] count
[dbg   685.920 ms] [merge] scan
[dbg   685.926 ms] merge: expand_serial begin (3460 intermediates)
[dbg   685.952 ms] [merge] expand
[dbg   685.960 ms] merge: merge_serial begin
[dbg   686.021 ms] [merge] merge
[dbg   686.059 ms] [merge] final
[dbg   686.089 ms] [merge] compact
[dbg   686.107 ms] [merge] pack
[dbg   686.116 ms] [merge] d2h
[dbg   686.193 ms] [mrg2] start
[dbg   686.264 ms] [mrg2] h2d
[dbg   686.267 ms] merge2: count begin
[dbg   686.282 ms] [mrg2] count
[dbg   686.316 ms] [mrg2] scan
[dbg   686.324 ms] merge2: merge_warp begin (3460 intermediates)
[dbg   686.359 ms] [mrg2] merge
[dbg   686.392 ms] [mrg2] final
[dbg   686.414 ms] [mrg2] compact
[dbg   686.431 ms] [mrg2] pack
[dbg   686.440 ms] [mrg2] d2h
[dbg   686.515 ms] warmup done
[dbg   686.546 ms] T1 cuSPARSE self_product: start
[dbg   686.552 ms] [cu] start
[dbg   686.613 ms] [cu] h2dmalloc (3396 B)
[dbg   686.628 ms] [cu] h2d (3396 B)
[dbg   686.635 ms] cusparse: workEstimation begin
[dbg   686.683 ms] [cu] workest (buf1=5863 B)
[dbg   686.686 ms] cusparse: compute begin
[dbg   686.844 ms] [cu] compute (buf2=88183 B)
[dbg   686.847 ms] cusparse: C size = 48 x 48, nnz=1292
[dbg   686.862 ms] cusparse: copy begin
[dbg   686.903 ms] [cu] copy
[dbg   686.924 ms] [cu] pack
[dbg   686.938 ms] self_product: C D2H begin (10532 B)
[dbg   686.947 ms] [cu] d2h
[dbg   687.022 ms] T1 cuSPARSE self_product: done (C_nnz=1292)
[dbg   687.051 ms] T4 manual self_product: start
[dbg   687.054 ms] [gust] start
[dbg   687.131 ms] [gust] h2d
[dbg   687.134 ms] ESC: count intermediates begin
[dbg   687.151 ms] [gust] count
[dbg   687.190 ms] [gust] scan
[dbg   687.197 ms] ESC: expand begin (3460 intermediates)
[dbg   687.211 ms] [gust] expand
[dbg   687.213 ms] ESC: sort_by_key begin
[dbg   687.320 ms] [gust] sort
[dbg   687.327 ms] ESC: reduce_by_key begin
[dbg   687.358 ms] [gust] reduce
[dbg   687.410 ms] [gust] final
[dbg   687.429 ms] [gust] pack
[dbg   687.438 ms] [gust] d2h
[dbg   687.517 ms] T4 manual self_product: done (C_nnz=1292)
[dbg   687.541 ms] T4b merge self_product: start
[dbg   687.543 ms] [merge] start
[dbg   687.616 ms] [merge] h2d
[dbg   687.619 ms] merge: count begin
[dbg   687.635 ms] [merge] count
[dbg   687.671 ms] [merge] scan
[dbg   687.677 ms] merge: expand_serial begin (3460 intermediates)
[dbg   687.702 ms] [merge] expand
[dbg   687.710 ms] merge: merge_serial begin
[dbg   687.771 ms] [merge] merge
[dbg   687.808 ms] [merge] final
[dbg   687.831 ms] [merge] compact
[dbg   687.858 ms] [merge] pack
[dbg   687.867 ms] [merge] d2h
[dbg   687.944 ms] T4b merge self_product: done (C_nnz=1292)
[dbg   687.963 ms] T4c merge2 self_product: start
[dbg   687.965 ms] [mrg2] start
[dbg   688.037 ms] [mrg2] h2d
[dbg   688.040 ms] merge2: count begin
[dbg   688.055 ms] [mrg2] count
[dbg   688.090 ms] [mrg2] scan
[dbg   688.098 ms] merge2: merge_warp begin (3460 intermediates)
[dbg   688.133 ms] [mrg2] merge
[dbg   688.166 ms] [mrg2] final
[dbg   688.186 ms] [mrg2] compact
[dbg   688.204 ms] [mrg2] pack
[dbg   688.213 ms] [mrg2] d2h
[dbg   688.288 ms] T4c merge2 self_product: done (C_nnz=1292)
Reading matrix from ./data/first100/bcsstk01.mtx...
Input A: 48 x 48, nnz = 400, sparsity = 82.64%
===============WARMING UP (3 rounds)===============
=== Computing C = A x A (cuSPARSE) ===
Result C: 48 x 48, nnz = 1292, sparsity = 43.92%
Time: 0.480 ms

=== Computing C = A x A (Manual) ===
Result C: 48 x 48, nnz = 1292, sparsity = 43.92%
Time: 0.470 ms

=== Computing C = A x A (Merge) ===
Result C: 48 x 48, nnz = 1292, sparsity = 43.92%
Time: 0.406 ms

=== Computing C = A x A (Merge2) ===
Result C: 48 x 48, nnz = 1292, sparsity = 43.92%
Time: 0.328 ms

=== All tests completed ===
[19/100] Processing bcsstk02 ... (max 600s)
[dbg     0.001 ms] main entry, initializing CUDA context...
[dbg   498.149 ms] CUDA context ready
[dbg   498.332 ms] start read_matrix_market: ./data/first100/bcsstk02.mtx
[dbg   500.450 ms] read done: 66 x 66, nnz=4356
[mempool] host pinned arena ready: 256 MB (USE_MEMPOOL=ON)
[dbg   647.017 ms] [cu] start
[dbg   655.389 ms] [cu] h2dmalloc (35116 B)
[dbg   655.457 ms] [cu] h2d (35116 B)
[dbg   655.502 ms] cusparse: workEstimation begin
[dbg   681.736 ms] [cu] workest (buf1=53335 B)
[dbg   681.748 ms] cusparse: compute begin
[dbg   682.560 ms] [cu] compute (buf2=6910935 B)
[dbg   682.571 ms] cusparse: C size = 66 x 66, nnz=4356
[dbg   682.586 ms] cusparse: copy begin
[dbg   682.672 ms] [cu] copy
[dbg   682.698 ms] [cu] pack
[dbg   682.891 ms] self_product: C D2H begin (35116 B)
[dbg   682.910 ms] [cu] d2h
[dbg   682.998 ms] [gust] start
[dbg   683.119 ms] [gust] h2d
[dbg   683.122 ms] ESC: count intermediates begin
[dbg   684.560 ms] [gust] count
[dbg   684.835 ms] [gust] scan
[dbg   684.938 ms] ESC: expand begin (287496 intermediates)
[dbg   684.992 ms] [gust] expand
[dbg   684.995 ms] ESC: sort_by_key begin
[dbg   685.455 ms] [gust] sort
[dbg   685.594 ms] ESC: reduce_by_key begin
[dbg   685.785 ms] [gust] reduce
[dbg   686.032 ms] [gust] final
[dbg   686.058 ms] [gust] pack
[dbg   686.070 ms] [gust] d2h
[dbg   686.225 ms] [merge] start
[dbg   686.322 ms] [merge] h2d
[dbg   686.324 ms] merge: count begin
[dbg   686.347 ms] [merge] count
[dbg   686.400 ms] [merge] scan
[dbg   686.494 ms] merge: expand_serial begin (287496 intermediates)
[dbg   687.314 ms] [merge] expand
[dbg   687.525 ms] merge: merge_serial begin
[dbg   688.326 ms] [merge] merge
[dbg   688.476 ms] [merge] final
[dbg   688.673 ms] [merge] compact
[dbg   688.699 ms] [merge] pack
[dbg   688.711 ms] [merge] d2h
[dbg   688.791 ms] [mrg2] start
[dbg   688.895 ms] [mrg2] h2d
[dbg   688.899 ms] merge2: count begin
[dbg   688.920 ms] [mrg2] count
[dbg   688.961 ms] [mrg2] scan
[dbg   689.042 ms] merge2: merge_warp begin (287496 intermediates)
[dbg   689.193 ms] [mrg2] merge
[dbg   689.239 ms] [mrg2] final
[dbg   689.358 ms] [mrg2] compact
[dbg   689.381 ms] [mrg2] pack
[dbg   689.393 ms] [mrg2] d2h
[dbg   689.494 ms] [cu] start
[dbg   689.568 ms] [cu] h2dmalloc (35116 B)
[dbg   689.583 ms] [cu] h2d (35116 B)
[dbg   689.596 ms] cusparse: workEstimation begin
[dbg   689.657 ms] [cu] workest (buf1=53335 B)
[dbg   689.660 ms] cusparse: compute begin
[dbg   689.904 ms] [cu] compute (buf2=6910935 B)
[dbg   689.909 ms] cusparse: C size = 66 x 66, nnz=4356
[dbg   689.917 ms] cusparse: copy begin
[dbg   689.951 ms] [cu] copy
[dbg   689.970 ms] [cu] pack
[dbg   690.064 ms] self_product: C D2H begin (35116 B)
[dbg   690.080 ms] [cu] d2h
[dbg   690.161 ms] [gust] start
[dbg   690.249 ms] [gust] h2d
[dbg   690.251 ms] ESC: count intermediates begin
[dbg   690.274 ms] [gust] count
[dbg   690.316 ms] [gust] scan
[dbg   690.412 ms] ESC: expand begin (287496 intermediates)
[dbg   690.445 ms] [gust] expand
[dbg   690.446 ms] ESC: sort_by_key begin
[dbg   690.718 ms] [gust] sort
[dbg   690.839 ms] ESC: reduce_by_key begin
[dbg   690.890 ms] [gust] reduce
[dbg   691.099 ms] [gust] final
[dbg   691.122 ms] [gust] pack
[dbg   691.133 ms] [gust] d2h
[dbg   691.280 ms] [merge] start
[dbg   691.399 ms] [merge] h2d
[dbg   691.403 ms] merge: count begin
[dbg   691.425 ms] [merge] count
[dbg   691.469 ms] [merge] scan
[dbg   691.560 ms] merge: expand_serial begin (287496 intermediates)
[dbg   691.956 ms] [merge] expand
[dbg   692.081 ms] merge: merge_serial begin
[dbg   692.846 ms] [merge] merge
[dbg   692.970 ms] [merge] final
[dbg   693.124 ms] [merge] compact
[dbg   693.147 ms] [merge] pack
[dbg   693.159 ms] [merge] d2h
[dbg   693.234 ms] [mrg2] start
[dbg   693.326 ms] [mrg2] h2d
[dbg   693.331 ms] merge2: count begin
[dbg   693.357 ms] [mrg2] count
[dbg   693.396 ms] [mrg2] scan
[dbg   693.489 ms] merge2: merge_warp begin (287496 intermediates)
[dbg   693.587 ms] [mrg2] merge
[dbg   693.625 ms] [mrg2] final
[dbg   693.728 ms] [mrg2] compact
[dbg   693.750 ms] [mrg2] pack
[dbg   693.761 ms] [mrg2] d2h
[dbg   693.835 ms] [cu] start
[dbg   693.914 ms] [cu] h2dmalloc (35116 B)
[dbg   693.931 ms] [cu] h2d (35116 B)
[dbg   693.941 ms] cusparse: workEstimation begin
[dbg   694.007 ms] [cu] workest (buf1=53335 B)
[dbg   694.010 ms] cusparse: compute begin
[dbg   694.239 ms] [cu] compute (buf2=6910935 B)
[dbg   694.243 ms] cusparse: C size = 66 x 66, nnz=4356
[dbg   694.251 ms] cusparse: copy begin
[dbg   694.289 ms] [cu] copy
[dbg   694.318 ms] [cu] pack
[dbg   694.433 ms] self_product: C D2H begin (35116 B)
[dbg   694.448 ms] [cu] d2h
[dbg   694.513 ms] [gust] start
[dbg   694.601 ms] [gust] h2d
[dbg   694.606 ms] ESC: count intermediates begin
[dbg   694.631 ms] [gust] count
[dbg   694.685 ms] [gust] scan
[dbg   694.773 ms] ESC: expand begin (287496 intermediates)
[dbg   694.806 ms] [gust] expand
[dbg   694.809 ms] ESC: sort_by_key begin
[dbg   695.090 ms] [gust] sort
[dbg   695.220 ms] ESC: reduce_by_key begin
[dbg   695.270 ms] [gust] reduce
[dbg   695.482 ms] [gust] final
[dbg   695.506 ms] [gust] pack
[dbg   695.519 ms] [gust] d2h
[dbg   695.668 ms] [merge] start
[dbg   695.762 ms] [merge] h2d
[dbg   695.766 ms] merge: count begin
[dbg   695.786 ms] [merge] count
[dbg   695.834 ms] [merge] scan
[dbg   695.918 ms] merge: expand_serial begin (287496 intermediates)
[dbg   696.314 ms] [merge] expand
[dbg   696.452 ms] merge: merge_serial begin
[dbg   697.219 ms] [merge] merge
[dbg   697.339 ms] [merge] final
[dbg   697.515 ms] [merge] compact
[dbg   697.538 ms] [merge] pack
[dbg   697.550 ms] [merge] d2h
[dbg   697.624 ms] [mrg2] start
[dbg   697.720 ms] [mrg2] h2d
[dbg   697.723 ms] merge2: count begin
[dbg   697.743 ms] [mrg2] count
[dbg   697.779 ms] [mrg2] scan
[dbg   697.853 ms] merge2: merge_warp begin (287496 intermediates)
[dbg   697.949 ms] [mrg2] merge
[dbg   697.990 ms] [mrg2] final
[dbg   698.082 ms] [mrg2] compact
[dbg   698.102 ms] [mrg2] pack
[dbg   698.114 ms] [mrg2] d2h
[dbg   698.203 ms] warmup done
[dbg   698.230 ms] T1 cuSPARSE self_product: start
[dbg   698.231 ms] [cu] start
[dbg   698.313 ms] [cu] h2dmalloc (35116 B)
[dbg   698.330 ms] [cu] h2d (35116 B)
[dbg   698.337 ms] cusparse: workEstimation begin
[dbg   698.411 ms] [cu] workest (buf1=53335 B)
[dbg   698.416 ms] cusparse: compute begin
[dbg   698.648 ms] [cu] compute (buf2=6910935 B)
[dbg   698.652 ms] cusparse: C size = 66 x 66, nnz=4356
[dbg   698.660 ms] cusparse: copy begin
[dbg   698.693 ms] [cu] copy
[dbg   698.712 ms] [cu] pack
[dbg   698.811 ms] self_product: C D2H begin (35116 B)
[dbg   698.826 ms] [cu] d2h
[dbg   698.909 ms] T1 cuSPARSE self_product: done (C_nnz=4356)
[dbg   698.934 ms] T4 manual self_product: start
[dbg   698.936 ms] [gust] start
[dbg   699.035 ms] [gust] h2d
[dbg   699.037 ms] ESC: count intermediates begin
[dbg   699.061 ms] [gust] count
[dbg   699.113 ms] [gust] scan
[dbg   699.197 ms] ESC: expand begin (287496 intermediates)
[dbg   699.230 ms] [gust] expand
[dbg   699.231 ms] ESC: sort_by_key begin
[dbg   699.501 ms] [gust] sort
[dbg   699.636 ms] ESC: reduce_by_key begin
[dbg   699.683 ms] [gust] reduce
[dbg   699.884 ms] [gust] final
[dbg   699.908 ms] [gust] pack
[dbg   699.919 ms] [gust] d2h
[dbg   700.065 ms] T4 manual self_product: done (C_nnz=4356)
[dbg   700.092 ms] T4b merge self_product: start
[dbg   700.093 ms] [merge] start
[dbg   700.202 ms] [merge] h2d
[dbg   700.205 ms] merge: count begin
[dbg   700.226 ms] [merge] count
[dbg   700.266 ms] [merge] scan
[dbg   700.338 ms] merge: expand_serial begin (287496 intermediates)
[dbg   700.735 ms] [merge] expand
[dbg   700.858 ms] merge: merge_serial begin
[dbg   701.625 ms] [merge] merge
[dbg   701.749 ms] [merge] final
[dbg   701.907 ms] [merge] compact
[dbg   701.930 ms] [merge] pack
[dbg   701.942 ms] [merge] d2h
[dbg   702.017 ms] T4b merge self_product: done (C_nnz=4356)
[dbg   702.040 ms] T4c merge2 self_product: start
[dbg   702.041 ms] [mrg2] start
[dbg   702.146 ms] [mrg2] h2d
[dbg   702.149 ms] merge2: count begin
[dbg   702.169 ms] [mrg2] count
[dbg   702.208 ms] [mrg2] scan
[dbg   702.281 ms] merge2: merge_warp begin (287496 intermediates)
[dbg   702.377 ms] [mrg2] merge
[dbg   702.419 ms] [mrg2] final
[dbg   702.528 ms] [mrg2] compact
[dbg   702.550 ms] [mrg2] pack
[dbg   702.561 ms] [mrg2] d2h
[dbg   702.636 ms] T4c merge2 self_product: done (C_nnz=4356)
Reading matrix from ./data/first100/bcsstk02.mtx...
Input A: 66 x 66, nnz = 4356, sparsity = 0.00%
===============WARMING UP (3 rounds)===============
=== Computing C = A x A (cuSPARSE) ===
Result C: 66 x 66, nnz = 4356, sparsity = 0.00%
Time: 0.683 ms

=== Computing C = A x A (Manual) ===
Result C: 66 x 66, nnz = 4356, sparsity = 0.00%
Time: 1.137 ms

=== Computing C = A x A (Merge) ===
Result C: 66 x 66, nnz = 4356, sparsity = 0.00%
Time: 1.928 ms

=== Computing C = A x A (Merge2) ===
Result C: 66 x 66, nnz = 4356, sparsity = 0.00%
Time: 0.599 ms

=== All tests completed ===
[20/100] Processing bcsstk03 ... (max 600s)
[dbg     0.000 ms] main entry, initializing CUDA context...
[dbg   494.567 ms] CUDA context ready
[dbg   494.752 ms] start read_matrix_market: ./data/first100/bcsstk03.mtx
[dbg   496.226 ms] read done: 112 x 112, nnz=640
[mempool] host pinned arena ready: 256 MB (USE_MEMPOOL=ON)
[dbg   663.178 ms] [cu] start
[dbg   672.400 ms] [cu] h2dmalloc (5572 B)
[dbg   672.488 ms] [cu] h2d (5572 B)
[dbg   672.532 ms] cusparse: workEstimation begin
[dbg   697.414 ms] [cu] workest (buf1=8743 B)
[dbg   697.430 ms] cusparse: compute begin
[dbg   698.174 ms] [cu] compute (buf2=93847 B)
[dbg   698.183 ms] cusparse: C size = 112 x 112, nnz=1072
[dbg   698.196 ms] cusparse: copy begin
[dbg   698.326 ms] [cu] copy
[dbg   698.376 ms] [cu] pack
[dbg   698.403 ms] self_product: C D2H begin (9028 B)
[dbg   698.419 ms] [cu] d2h
[dbg   698.649 ms] [gust] start
[dbg   698.793 ms] [gust] h2d
[dbg   698.806 ms] ESC: count intermediates begin
[dbg   700.453 ms] [gust] count
[dbg   700.810 ms] [gust] scan
[dbg   700.824 ms] ESC: expand begin (3696 intermediates)
[dbg   700.865 ms] [gust] expand
[dbg   700.867 ms] ESC: sort_by_key begin
[dbg   701.159 ms] [gust] sort
[dbg   701.170 ms] ESC: reduce_by_key begin
[dbg   701.361 ms] [gust] reduce
[dbg   701.450 ms] [gust] final
[dbg   701.477 ms] [gust] pack
[dbg   701.489 ms] [gust] d2h
[dbg   701.674 ms] [merge] start
[dbg   701.794 ms] [merge] h2d
[dbg   701.798 ms] merge: count begin
[dbg   701.823 ms] [merge] count
[dbg   701.884 ms] [merge] scan
[dbg   701.892 ms] merge: expand_serial begin (3696 intermediates)
[dbg   702.405 ms] [merge] expand
[dbg   702.422 ms] merge: merge_serial begin
[dbg   702.476 ms] [merge] merge
[dbg   702.532 ms] [merge] final
[dbg   702.586 ms] [merge] compact
[dbg   702.615 ms] [merge] pack
[dbg   702.627 ms] [merge] d2h
[dbg   702.788 ms] [mrg2] start
[dbg   702.892 ms] [mrg2] h2d
[dbg   702.894 ms] merge2: count begin
[dbg   702.916 ms] [mrg2] count
[dbg   702.975 ms] [mrg2] scan
[dbg   702.986 ms] merge2: merge_warp begin (3696 intermediates)
[dbg   703.060 ms] [mrg2] merge
[dbg   703.108 ms] [mrg2] final
[dbg   703.134 ms] [mrg2] compact
[dbg   703.157 ms] [mrg2] pack
[dbg   703.168 ms] [mrg2] d2h
[dbg   703.290 ms] [cu] start
[dbg   703.370 ms] [cu] h2dmalloc (5572 B)
[dbg   703.387 ms] [cu] h2d (5572 B)
[dbg   703.400 ms] cusparse: workEstimation begin
[dbg   703.489 ms] [cu] workest (buf1=8743 B)
[dbg   703.492 ms] cusparse: compute begin
[dbg   703.688 ms] [cu] compute (buf2=93847 B)
[dbg   703.691 ms] cusparse: C size = 112 x 112, nnz=1072
[dbg   703.699 ms] cusparse: copy begin
[dbg   703.758 ms] [cu] copy
[dbg   703.783 ms] [cu] pack
[dbg   703.799 ms] self_product: C D2H begin (9028 B)
[dbg   703.808 ms] [cu] d2h
[dbg   703.917 ms] [gust] start
[dbg   704.013 ms] [gust] h2d
[dbg   704.016 ms] ESC: count intermediates begin
[dbg   704.036 ms] [gust] count
[dbg   704.091 ms] [gust] scan
[dbg   704.109 ms] ESC: expand begin (3696 intermediates)
[dbg   704.126 ms] [gust] expand
[dbg   704.128 ms] ESC: sort_by_key begin
[dbg   704.270 ms] [gust] sort
[dbg   704.278 ms] ESC: reduce_by_key begin
[dbg   704.317 ms] [gust] reduce
[dbg   704.389 ms] [gust] final
[dbg   704.418 ms] [gust] pack
[dbg   704.430 ms] [gust] d2h
[dbg   704.553 ms] [merge] start
[dbg   704.652 ms] [merge] h2d
[dbg   704.654 ms] merge: count begin
[dbg   704.674 ms] [merge] count
[dbg   704.720 ms] [merge] scan
[dbg   704.728 ms] merge: expand_serial begin (3696 intermediates)
[dbg   704.753 ms] [merge] expand
[dbg   704.764 ms] merge: merge_serial begin
[dbg   704.792 ms] [merge] merge
[dbg   704.854 ms] [merge] final
[dbg   704.882 ms] [merge] compact
[dbg   704.905 ms] [merge] pack
[dbg   704.916 ms] [merge] d2h
[dbg   705.027 ms] [mrg2] start
[dbg   705.113 ms] [mrg2] h2d
[dbg   705.115 ms] merge2: count begin
[dbg   705.133 ms] [mrg2] count
[dbg   705.179 ms] [mrg2] scan
[dbg   705.200 ms] merge2: merge_warp begin (3696 intermediates)
[dbg   705.222 ms] [mrg2] merge
[dbg   705.268 ms] [mrg2] final
[dbg   705.301 ms] [mrg2] compact
[dbg   705.326 ms] [mrg2] pack
[dbg   705.338 ms] [mrg2] d2h
[dbg   705.445 ms] [cu] start
[dbg   705.517 ms] [cu] h2dmalloc (5572 B)
[dbg   705.531 ms] [cu] h2d (5572 B)
[dbg   705.539 ms] cusparse: workEstimation begin
[dbg   705.611 ms] [cu] workest (buf1=8743 B)
[dbg   705.614 ms] cusparse: compute begin
[dbg   705.802 ms] [cu] compute (buf2=93847 B)
[dbg   705.806 ms] cusparse: C size = 112 x 112, nnz=1072
[dbg   705.813 ms] cusparse: copy begin
[dbg   705.867 ms] [cu] copy
[dbg   705.889 ms] [cu] pack
[dbg   705.904 ms] self_product: C D2H begin (9028 B)
[dbg   705.913 ms] [cu] d2h
[dbg   706.017 ms] [gust] start
[dbg   706.106 ms] [gust] h2d
[dbg   706.108 ms] ESC: count intermediates begin
[dbg   706.130 ms] [gust] count
[dbg   706.175 ms] [gust] scan
[dbg   706.183 ms] ESC: expand begin (3696 intermediates)
[dbg   706.203 ms] [gust] expand
[dbg   706.206 ms] ESC: sort_by_key begin
[dbg   706.339 ms] [gust] sort
[dbg   706.346 ms] ESC: reduce_by_key begin
[dbg   706.383 ms] [gust] reduce
[dbg   706.442 ms] [gust] final
[dbg   706.468 ms] [gust] pack
[dbg   706.480 ms] [gust] d2h
[dbg   706.596 ms] [merge] start
[dbg   706.703 ms] [merge] h2d
[dbg   706.706 ms] merge: count begin
[dbg   706.724 ms] [merge] count
[dbg   706.767 ms] [merge] scan
[dbg   706.771 ms] merge: expand_serial begin (3696 intermediates)
[dbg   706.790 ms] [merge] expand
[dbg   706.796 ms] merge: merge_serial begin
[dbg   706.822 ms] [merge] merge
[dbg   706.868 ms] [merge] final
[dbg   706.909 ms] [merge] compact
[dbg   706.932 ms] [merge] pack
[dbg   706.943 ms] [merge] d2h
[dbg   707.053 ms] [mrg2] start
[dbg   707.140 ms] [mrg2] h2d
[dbg   707.142 ms] merge2: count begin
[dbg   707.159 ms] [mrg2] count
[dbg   707.205 ms] [mrg2] scan
[dbg   707.217 ms] merge2: merge_warp begin (3696 intermediates)
[dbg   707.240 ms] [mrg2] merge
[dbg   707.290 ms] [mrg2] final
[dbg   707.319 ms] [mrg2] compact
[dbg   707.350 ms] [mrg2] pack
[dbg   707.367 ms] [mrg2] d2h
[dbg   707.474 ms] warmup done
[dbg   707.501 ms] T1 cuSPARSE self_product: start
[dbg   707.504 ms] [cu] start
[dbg   707.585 ms] [cu] h2dmalloc (5572 B)
[dbg   707.604 ms] [cu] h2d (5572 B)
[dbg   707.613 ms] cusparse: workEstimation begin
[dbg   707.694 ms] [cu] workest (buf1=8743 B)
[dbg   707.698 ms] cusparse: compute begin
[dbg   707.887 ms] [cu] compute (buf2=93847 B)
[dbg   707.891 ms] cusparse: C size = 112 x 112, nnz=1072
[dbg   707.897 ms] cusparse: copy begin
[dbg   707.959 ms] [cu] copy
[dbg   707.984 ms] [cu] pack
[dbg   707.999 ms] self_product: C D2H begin (9028 B)
[dbg   708.008 ms] [cu] d2h
[dbg   708.105 ms] T1 cuSPARSE self_product: done (C_nnz=1072)
[dbg   708.140 ms] T4 manual self_product: start
[dbg   708.143 ms] [gust] start
[dbg   708.247 ms] [gust] h2d
[dbg   708.250 ms] ESC: count intermediates begin
[dbg   708.270 ms] [gust] count
[dbg   708.324 ms] [gust] scan
[dbg   708.331 ms] ESC: expand begin (3696 intermediates)
[dbg   708.348 ms] [gust] expand
[dbg   708.350 ms] ESC: sort_by_key begin
[dbg   708.477 ms] [gust] sort
[dbg   708.484 ms] ESC: reduce_by_key begin
[dbg   708.524 ms] [gust] reduce
[dbg   708.591 ms] [gust] final
[dbg   708.614 ms] [gust] pack
[dbg   708.628 ms] [gust] d2h
[dbg   708.753 ms] T4 manual self_product: done (C_nnz=1072)
[dbg   708.781 ms] T4b merge self_product: start
[dbg   708.783 ms] [merge] start
[dbg   708.890 ms] [merge] h2d
[dbg   708.892 ms] merge: count begin
[dbg   708.911 ms] [merge] count
[dbg   708.956 ms] [merge] scan
[dbg   708.961 ms] merge: expand_serial begin (3696 intermediates)
[dbg   708.978 ms] [merge] expand
[dbg   708.985 ms] merge: merge_serial begin
[dbg   709.011 ms] [merge] merge
[dbg   709.062 ms] [merge] final
[dbg   709.092 ms] [merge] compact
[dbg   709.125 ms] [merge] pack
[dbg   709.136 ms] [merge] d2h
[dbg   709.244 ms] T4b merge self_product: done (C_nnz=1072)
[dbg   709.270 ms] T4c merge2 self_product: start
[dbg   709.272 ms] [mrg2] start
[dbg   709.373 ms] [mrg2] h2d
[dbg   709.377 ms] merge2: count begin
[dbg   709.397 ms] [mrg2] count
[dbg   709.450 ms] [mrg2] scan
[dbg   709.460 ms] merge2: merge_warp begin (3696 intermediates)
[dbg   709.483 ms] [mrg2] merge
[dbg   709.532 ms] [mrg2] final
[dbg   709.558 ms] [mrg2] compact
[dbg   709.592 ms] [mrg2] pack
[dbg   709.603 ms] [mrg2] d2h
[dbg   709.720 ms] T4c merge2 self_product: done (C_nnz=1072)
Reading matrix from ./data/first100/bcsstk03.mtx...
Input A: 112 x 112, nnz = 640, sparsity = 94.90%
===============WARMING UP (3 rounds)===============
=== Computing C = A x A (cuSPARSE) ===
Result C: 112 x 112, nnz = 1072, sparsity = 91.45%
Time: 0.607 ms

=== Computing C = A x A (Manual) ===
Result C: 112 x 112, nnz = 1072, sparsity = 91.45%
Time: 0.617 ms

=== Computing C = A x A (Merge) ===
Result C: 112 x 112, nnz = 1072, sparsity = 91.45%
Time: 0.467 ms

=== Computing C = A x A (Merge2) ===
Result C: 112 x 112, nnz = 1072, sparsity = 91.45%
Time: 0.454 ms

=== All tests completed ===
[21/100] Processing bcsstk04 ... (max 600s)
[dbg     0.000 ms] main entry, initializing CUDA context...
[dbg   482.974 ms] CUDA context ready
[dbg   483.157 ms] start read_matrix_market: ./data/first100/bcsstk04.mtx
[dbg   485.147 ms] read done: 132 x 132, nnz=3648
[mempool] host pinned arena ready: 256 MB (USE_MEMPOOL=ON)
[dbg   635.486 ms] [cu] start
[dbg   643.891 ms] [cu] h2dmalloc (29716 B)
[dbg   643.959 ms] [cu] h2d (29716 B)
[dbg   644.003 ms] cusparse: workEstimation begin
[dbg   671.483 ms] [cu] workest (buf1=44839 B)
[dbg   671.496 ms] cusparse: compute begin
[dbg   672.331 ms] [cu] compute (buf2=2793175 B)
[dbg   672.342 ms] cusparse: C size = 132 x 132, nnz=11968
[dbg   672.362 ms] cusparse: copy begin
[dbg   672.456 ms] [cu] copy
[dbg   672.481 ms] [cu] pack
[dbg   672.650 ms] self_product: C D2H begin (96276 B)
[dbg   672.675 ms] [cu] d2h
[dbg   672.758 ms] [gust] start
[dbg   672.860 ms] [gust] h2d
[dbg   672.863 ms] ESC: count intermediates begin
[dbg   674.496 ms] [gust] count
[dbg   674.765 ms] [gust] scan
[dbg   674.783 ms] ESC: expand begin (116072 intermediates)
[dbg   674.829 ms] [gust] expand
[dbg   674.831 ms] ESC: sort_by_key begin
[dbg   675.303 ms] [gust] sort
[dbg   675.387 ms] ESC: reduce_by_key begin
[dbg   675.575 ms] [gust] reduce
[dbg   675.749 ms] [gust] final
[dbg   675.774 ms] [gust] pack
[dbg   675.791 ms] [gust] d2h
[dbg   675.879 ms] [merge] start
[dbg   675.979 ms] [merge] h2d
[dbg   675.983 ms] merge: count begin
[dbg   676.001 ms] [merge] count
[dbg   676.045 ms] [merge] scan
[dbg   676.054 ms] merge: expand_serial begin (116072 intermediates)
[dbg   676.656 ms] [merge] expand
[dbg   676.794 ms] merge: merge_serial begin
[dbg   677.457 ms] [merge] merge
[dbg   677.514 ms] [merge] final
[dbg   677.647 ms] [merge] compact
[dbg   677.671 ms] [merge] pack
[dbg   677.688 ms] [merge] d2h
[dbg   677.770 ms] [mrg2] start
[dbg   677.857 ms] [mrg2] h2d
[dbg   677.860 ms] merge2: count begin
[dbg   677.877 ms] [mrg2] count
[dbg   677.917 ms] [mrg2] scan
[dbg   677.936 ms] merge2: merge_warp begin (116072 intermediates)
[dbg   678.111 ms] [mrg2] merge
[dbg   678.153 ms] [mrg2] final
[dbg   678.178 ms] [mrg2] compact
[dbg   678.196 ms] [mrg2] pack
[dbg   678.212 ms] [mrg2] d2h
[dbg   678.305 ms] [cu] start
[dbg   678.377 ms] [cu] h2dmalloc (29716 B)
[dbg   678.392 ms] [cu] h2d (29716 B)
[dbg   678.402 ms] cusparse: workEstimation begin
[dbg   678.459 ms] [cu] workest (buf1=44839 B)
[dbg   678.462 ms] cusparse: compute begin
[dbg   678.710 ms] [cu] compute (buf2=2793175 B)
[dbg   678.715 ms] cusparse: C size = 132 x 132, nnz=11968
[dbg   678.724 ms] cusparse: copy begin
[dbg   678.768 ms] [cu] copy
[dbg   678.792 ms] [cu] pack
[dbg   678.882 ms] self_product: C D2H begin (96276 B)
[dbg   678.900 ms] [cu] d2h
[dbg   678.967 ms] [gust] start
[dbg   679.046 ms] [gust] h2d
[dbg   679.049 ms] ESC: count intermediates begin
[dbg   679.069 ms] [gust] count
[dbg   679.108 ms] [gust] scan
[dbg   679.115 ms] ESC: expand begin (116072 intermediates)
[dbg   679.142 ms] [gust] expand
[dbg   679.148 ms] ESC: sort_by_key begin
[dbg   679.397 ms] [gust] sort
[dbg   679.478 ms] ESC: reduce_by_key begin
[dbg   679.521 ms] [gust] reduce
[dbg   679.655 ms] [gust] final
[dbg   679.678 ms] [gust] pack
[dbg   679.695 ms] [gust] d2h
[dbg   679.775 ms] [merge] start
[dbg   679.853 ms] [merge] h2d
[dbg   679.857 ms] merge: count begin
[dbg   679.874 ms] [merge] count
[dbg   679.911 ms] [merge] scan
[dbg   679.917 ms] merge: expand_serial begin (116072 intermediates)
[dbg   680.086 ms] [merge] expand
[dbg   680.168 ms] merge: merge_serial begin
[dbg   680.802 ms] [merge] merge
[dbg   680.845 ms] [merge] final
[dbg   680.949 ms] [merge] compact
[dbg   680.971 ms] [merge] pack
[dbg   680.987 ms] [merge] d2h
[dbg   681.072 ms] [mrg2] start
[dbg   681.151 ms] [mrg2] h2d
[dbg   681.155 ms] merge2: count begin
[dbg   681.172 ms] [mrg2] count
[dbg   681.209 ms] [mrg2] scan
[dbg   681.218 ms] merge2: merge_warp begin (116072 intermediates)
[dbg   681.355 ms] [mrg2] merge
[dbg   681.393 ms] [mrg2] final
[dbg   681.417 ms] [mrg2] compact
[dbg   681.434 ms] [mrg2] pack
[dbg   681.450 ms] [mrg2] d2h
[dbg   681.531 ms] [cu] start
[dbg   681.597 ms] [cu] h2dmalloc (29716 B)
[dbg   681.612 ms] [cu] h2d (29716 B)
[dbg   681.620 ms] cusparse: workEstimation begin
[dbg   681.669 ms] [cu] workest (buf1=44839 B)
[dbg   681.672 ms] cusparse: compute begin
[dbg   681.913 ms] [cu] compute (buf2=2793175 B)
[dbg   681.917 ms] cusparse: C size = 132 x 132, nnz=11968
[dbg   681.932 ms] cusparse: copy begin
[dbg   681.975 ms] [cu] copy
[dbg   681.994 ms] [cu] pack
[dbg   682.080 ms] self_product: C D2H begin (96276 B)
[dbg   682.098 ms] [cu] d2h
[dbg   682.160 ms] [gust] start
[dbg   682.235 ms] [gust] h2d
[dbg   682.238 ms] ESC: count intermediates begin
[dbg   682.256 ms] [gust] count
[dbg   682.294 ms] [gust] scan
[dbg   682.301 ms] ESC: expand begin (116072 intermediates)
[dbg   682.327 ms] [gust] expand
[dbg   682.329 ms] ESC: sort_by_key begin
[dbg   682.582 ms] [gust] sort
[dbg   682.649 ms] ESC: reduce_by_key begin
[dbg   682.690 ms] [gust] reduce
[dbg   682.819 ms] [gust] final
[dbg   682.843 ms] [gust] pack
[dbg   682.859 ms] [gust] d2h
[dbg   682.947 ms] [merge] start
[dbg   683.026 ms] [merge] h2d
[dbg   683.029 ms] merge: count begin
[dbg   683.046 ms] [merge] count
[dbg   683.082 ms] [merge] scan
[dbg   683.089 ms] merge: expand_serial begin (116072 intermediates)
[dbg   683.249 ms] [merge] expand
[dbg   683.316 ms] merge: merge_serial begin
[dbg   683.948 ms] [merge] merge
[dbg   683.991 ms] [merge] final
[dbg   684.087 ms] [merge] compact
[dbg   684.107 ms] [merge] pack
[dbg   684.123 ms] [merge] d2h
[dbg   684.195 ms] [mrg2] start
[dbg   684.270 ms] [mrg2] h2d
[dbg   684.273 ms] merge2: count begin
[dbg   684.289 ms] [mrg2] count
[dbg   684.324 ms] [mrg2] scan
[dbg   684.332 ms] merge2: merge_warp begin (116072 intermediates)
[dbg   684.468 ms] [mrg2] merge
[dbg   684.501 ms] [mrg2] final
[dbg   684.523 ms] [mrg2] compact
[dbg   684.540 ms] [mrg2] pack
[dbg   684.556 ms] [mrg2] d2h
[dbg   684.632 ms] warmup done
[dbg   684.666 ms] T1 cuSPARSE self_product: start
[dbg   684.667 ms] [cu] start
[dbg   684.729 ms] [cu] h2dmalloc (29716 B)
[dbg   684.744 ms] [cu] h2d (29716 B)
[dbg   684.751 ms] cusparse: workEstimation begin
[dbg   684.797 ms] [cu] workest (buf1=44839 B)
[dbg   684.799 ms] cusparse: compute begin
[dbg   685.043 ms] [cu] compute (buf2=2793175 B)
[dbg   685.048 ms] cusparse: C size = 132 x 132, nnz=11968
[dbg   685.055 ms] cusparse: copy begin
[dbg   685.097 ms] [cu] copy
[dbg   685.117 ms] [cu] pack
[dbg   685.201 ms] self_product: C D2H begin (96276 B)
[dbg   685.219 ms] [cu] d2h
[dbg   685.282 ms] T1 cuSPARSE self_product: done (C_nnz=11968)
[dbg   685.315 ms] T4 manual self_product: start
[dbg   685.316 ms] [gust] start
[dbg   685.393 ms] [gust] h2d
[dbg   685.396 ms] ESC: count intermediates begin
[dbg   685.414 ms] [gust] count
[dbg   685.452 ms] [gust] scan
[dbg   685.458 ms] ESC: expand begin (116072 intermediates)
[dbg   685.486 ms] [gust] expand
[dbg   685.487 ms] ESC: sort_by_key begin
[dbg   685.732 ms] [gust] sort
[dbg   685.793 ms] ESC: reduce_by_key begin
[dbg   685.832 ms] [gust] reduce
[dbg   685.956 ms] [gust] final
[dbg   685.977 ms] [gust] pack
[dbg   685.994 ms] [gust] d2h
[dbg   686.081 ms] T4 manual self_product: done (C_nnz=11968)
[dbg   686.106 ms] T4b merge self_product: start
[dbg   686.108 ms] [merge] start
[dbg   686.189 ms] [merge] h2d
[dbg   686.192 ms] merge: count begin
[dbg   686.211 ms] [merge] count
[dbg   686.246 ms] [merge] scan
[dbg   686.253 ms] merge: expand_serial begin (116072 intermediates)
[dbg   686.413 ms] [merge] expand
[dbg   686.492 ms] merge: merge_serial begin
[dbg   687.125 ms] [merge] merge
[dbg   687.168 ms] [merge] final
[dbg   687.259 ms] [merge] compact
[dbg   687.279 ms] [merge] pack
[dbg   687.296 ms] [merge] d2h
[dbg   687.369 ms] T4b merge self_product: done (C_nnz=11968)
[dbg   687.391 ms] T4c merge2 self_product: start
[dbg   687.393 ms] [mrg2] start
[dbg   687.471 ms] [mrg2] h2d
[dbg   687.474 ms] merge2: count begin
[dbg   687.491 ms] [mrg2] count
[dbg   687.526 ms] [mrg2] scan
[dbg   687.535 ms] merge2: merge_warp begin (116072 intermediates)
[dbg   687.670 ms] [mrg2] merge
[dbg   687.703 ms] [mrg2] final
[dbg   687.724 ms] [mrg2] compact
[dbg   687.742 ms] [mrg2] pack
[dbg   687.758 ms] [mrg2] d2h
[dbg   687.834 ms] T4c merge2 self_product: done (C_nnz=11968)
Reading matrix from ./data/first100/bcsstk04.mtx...
Input A: 132 x 132, nnz = 3648, sparsity = 79.06%
===============WARMING UP (3 rounds)===============
=== Computing C = A x A (cuSPARSE) ===
Result C: 132 x 132, nnz = 11968, sparsity = 31.31%
Time: 0.624 ms

=== Computing C = A x A (Manual) ===
Result C: 132 x 132, nnz = 11968, sparsity = 31.31%
Time: 0.770 ms

=== Computing C = A x A (Merge) ===
Result C: 132 x 132, nnz = 11968, sparsity = 31.31%
Time: 1.266 ms

=== Computing C = A x A (Merge2) ===
Result C: 132 x 132, nnz = 11968, sparsity = 31.31%
Time: 0.446 ms

=== All tests completed ===
[22/100] Processing bcsstk05 ... (max 600s)
[dbg     0.000 ms] main entry, initializing CUDA context...
[dbg   481.006 ms] CUDA context ready
[dbg   481.174 ms] start read_matrix_market: ./data/first100/bcsstk05.mtx
[dbg   482.921 ms] read done: 153 x 153, nnz=2423
[mempool] host pinned arena ready: 256 MB (USE_MEMPOOL=ON)
[dbg   629.169 ms] [cu] start
[dbg   637.512 ms] [cu] h2dmalloc (20000 B)
[dbg   637.597 ms] [cu] h2d (20000 B)
[dbg   637.636 ms] cusparse: workEstimation begin
[dbg   661.386 ms] [cu] workest (buf1=30139 B)
[dbg   661.399 ms] cusparse: compute begin
[dbg   662.154 ms] [cu] compute (buf2=1022815 B)
[dbg   662.162 ms] cusparse: C size = 153 x 153, nnz=7245
[dbg   662.177 ms] cusparse: copy begin
[dbg   662.275 ms] [cu] copy
[dbg   662.302 ms] [cu] pack
[dbg   662.324 ms] self_product: C D2H begin (58576 B)
[dbg   662.341 ms] [cu] d2h
[dbg   662.531 ms] [gust] start
[dbg   662.664 ms] [gust] h2d
[dbg   662.667 ms] ESC: count intermediates begin
[dbg   664.238 ms] [gust] count
[dbg   664.527 ms] [gust] scan
[dbg   664.542 ms] ESC: expand begin (42371 intermediates)
[dbg   664.583 ms] [gust] expand
[dbg   664.585 ms] ESC: sort_by_key begin
[dbg   664.844 ms] [gust] sort
[dbg   664.852 ms] ESC: reduce_by_key begin
[dbg   665.031 ms] [gust] reduce
[dbg   665.112 ms] [gust] final
[dbg   665.132 ms] [gust] pack
[dbg   665.147 ms] [gust] d2h
[dbg   665.294 ms] [merge] start
[dbg   665.403 ms] [merge] h2d
[dbg   665.405 ms] merge: count begin
[dbg   665.424 ms] [merge] count
[dbg   665.479 ms] [merge] scan
[dbg   665.488 ms] merge: expand_serial begin (42371 intermediates)
[dbg   666.004 ms] [merge] expand
[dbg   666.019 ms] merge: merge_serial begin
[dbg   666.203 ms] [merge] merge
[dbg   666.251 ms] [merge] final
[dbg   666.289 ms] [merge] compact
[dbg   666.309 ms] [merge] pack
[dbg   666.323 ms] [merge] d2h
[dbg   666.456 ms] [mrg2] start
[dbg   666.562 ms] [mrg2] h2d
[dbg   666.564 ms] merge2: count begin
[dbg   666.594 ms] [mrg2] count
[dbg   666.636 ms] [mrg2] scan
[dbg   666.646 ms] merge2: merge_warp begin (42371 intermediates)
[dbg   666.737 ms] [mrg2] merge
[dbg   666.777 ms] [mrg2] final
[dbg   666.806 ms] [mrg2] compact
[dbg   666.824 ms] [mrg2] pack
[dbg   666.838 ms] [mrg2] d2h
[dbg   666.939 ms] [cu] start
[dbg   667.012 ms] [cu] h2dmalloc (20000 B)
[dbg   667.031 ms] [cu] h2d (20000 B)
[dbg   667.042 ms] cusparse: workEstimation begin
[dbg   667.103 ms] [cu] workest (buf1=30139 B)
[dbg   667.106 ms] cusparse: compute begin
[dbg   667.289 ms] [cu] compute (buf2=1022815 B)
[dbg   667.292 ms] cusparse: C size = 153 x 153, nnz=7245
[dbg   667.298 ms] cusparse: copy begin
[dbg   667.344 ms] [cu] copy
[dbg   667.363 ms] [cu] pack
[dbg   667.380 ms] self_product: C D2H begin (58576 B)
[dbg   667.392 ms] [cu] d2h
[dbg   667.474 ms] [gust] start
[dbg   667.557 ms] [gust] h2d
[dbg   667.559 ms] ESC: count intermediates begin
[dbg   667.584 ms] [gust] count
[dbg   667.624 ms] [gust] scan
[dbg   667.631 ms] ESC: expand begin (42371 intermediates)
[dbg   667.651 ms] [gust] expand
[dbg   667.653 ms] ESC: sort_by_key begin
[dbg   667.782 ms] [gust] sort
[dbg   667.789 ms] ESC: reduce_by_key begin
[dbg   667.825 ms] [gust] reduce
[dbg   667.882 ms] [gust] final
[dbg   667.901 ms] [gust] pack
[dbg   667.914 ms] [gust] d2h
[dbg   668.007 ms] [merge] start
[dbg   668.094 ms] [merge] h2d
[dbg   668.096 ms] merge: count begin
[dbg   668.113 ms] [merge] count
[dbg   668.151 ms] [merge] scan
[dbg   668.157 ms] merge: expand_serial begin (42371 intermediates)
[dbg   668.213 ms] [merge] expand
[dbg   668.222 ms] merge: merge_serial begin
[dbg   668.383 ms] [merge] merge
[dbg   668.422 ms] [merge] final
[dbg   668.452 ms] [merge] compact
[dbg   668.469 ms] [merge] pack
[dbg   668.482 ms] [merge] d2h
[dbg   668.580 ms] [mrg2] start
[dbg   668.668 ms] [mrg2] h2d
[dbg   668.671 ms] merge2: count begin
[dbg   668.687 ms] [mrg2] count
[dbg   668.726 ms] [mrg2] scan
[dbg   668.733 ms] merge2: merge_warp begin (42371 intermediates)
[dbg   668.786 ms] [mrg2] merge
[dbg   668.820 ms] [mrg2] final
[dbg   668.842 ms] [mrg2] compact
[dbg   668.861 ms] [mrg2] pack
[dbg   668.886 ms] [mrg2] d2h
[dbg   668.975 ms] [cu] start
[dbg   669.036 ms] [cu] h2dmalloc (20000 B)
[dbg   669.053 ms] [cu] h2d (20000 B)
[dbg   669.060 ms] cusparse: workEstimation begin
[dbg   669.114 ms] [cu] workest (buf1=30139 B)
[dbg   669.116 ms] cusparse: compute begin
[dbg   669.292 ms] [cu] compute (buf2=1022815 B)
[dbg   669.295 ms] cusparse: C size = 153 x 153, nnz=7245
[dbg   669.301 ms] cusparse: copy begin
[dbg   669.348 ms] [cu] copy
[dbg   669.367 ms] [cu] pack
[dbg   669.382 ms] self_product: C D2H begin (58576 B)
[dbg   669.395 ms] [cu] d2h
[dbg   669.475 ms] [gust] start
[dbg   669.556 ms] [gust] h2d
[dbg   669.559 ms] ESC: count intermediates begin
[dbg   669.582 ms] [gust] count
[dbg   669.622 ms] [gust] scan
[dbg   669.629 ms] ESC: expand begin (42371 intermediates)
[dbg   669.650 ms] [gust] expand
[dbg   669.652 ms] ESC: sort_by_key begin
[dbg   669.780 ms] [gust] sort
[dbg   669.787 ms] ESC: reduce_by_key begin
[dbg   669.821 ms] [gust] reduce
[dbg   669.877 ms] [gust] final
[dbg   669.896 ms] [gust] pack
[dbg   669.910 ms] [gust] d2h
[dbg   670.001 ms] [merge] start
[dbg   670.080 ms] [merge] h2d
[dbg   670.083 ms] merge: count begin
[dbg   670.100 ms] [merge] count
[dbg   670.136 ms] [merge] scan
[dbg   670.143 ms] merge: expand_serial begin (42371 intermediates)
[dbg   670.199 ms] [merge] expand
[dbg   670.207 ms] merge: merge_serial begin
[dbg   670.368 ms] [merge] merge
[dbg   670.407 ms] [merge] final
[dbg   670.430 ms] [merge] compact
[dbg   670.449 ms] [merge] pack
[dbg   670.463 ms] [merge] d2h
[dbg   670.548 ms] [mrg2] start
[dbg   670.635 ms] [mrg2] h2d
[dbg   670.638 ms] merge2: count begin
[dbg   670.656 ms] [mrg2] count
[dbg   670.694 ms] [mrg2] scan
[dbg   670.702 ms] merge2: merge_warp begin (42371 intermediates)
[dbg   670.756 ms] [mrg2] merge
[dbg   670.792 ms] [mrg2] final
[dbg   670.816 ms] [mrg2] compact
[dbg   670.833 ms] [mrg2] pack
[dbg   670.847 ms] [mrg2] d2h
[dbg   670.937 ms] warmup done
[dbg   670.966 ms] T1 cuSPARSE self_product: start
[dbg   670.968 ms] [cu] start
[dbg   671.032 ms] [cu] h2dmalloc (20000 B)
[dbg   671.054 ms] [cu] h2d (20000 B)
[dbg   671.062 ms] cusparse: workEstimation begin
[dbg   671.117 ms] [cu] workest (buf1=30139 B)
[dbg   671.120 ms] cusparse: compute begin
[dbg   671.297 ms] [cu] compute (buf2=1022815 B)
[dbg   671.300 ms] cusparse: C size = 153 x 153, nnz=7245
[dbg   671.307 ms] cusparse: copy begin
[dbg   671.351 ms] [cu] copy
[dbg   671.371 ms] [cu] pack
[dbg   671.387 ms] self_product: C D2H begin (58576 B)
[dbg   671.399 ms] [cu] d2h
[dbg   671.483 ms] T1 cuSPARSE self_product: done (C_nnz=7245)
[dbg   671.509 ms] T4 manual self_product: start
[dbg   671.511 ms] [gust] start
[dbg   671.607 ms] [gust] h2d
[dbg   671.610 ms] ESC: count intermediates begin
[dbg   671.629 ms] [gust] count
[dbg   671.670 ms] [gust] scan
[dbg   671.676 ms] ESC: expand begin (42371 intermediates)
[dbg   671.697 ms] [gust] expand
[dbg   671.698 ms] ESC: sort_by_key begin
[dbg   671.826 ms] [gust] sort
[dbg   671.832 ms] ESC: reduce_by_key begin
[dbg   671.867 ms] [gust] reduce
[dbg   671.925 ms] [gust] final
[dbg   671.944 ms] [gust] pack
[dbg   671.957 ms] [gust] d2h
[dbg   672.051 ms] T4 manual self_product: done (C_nnz=7245)
[dbg   672.072 ms] T4b merge self_product: start
[dbg   672.073 ms] [merge] start
[dbg   672.156 ms] [merge] h2d
[dbg   672.159 ms] merge: count begin
[dbg   672.175 ms] [merge] count
[dbg   672.212 ms] [merge] scan
[dbg   672.218 ms] merge: expand_serial begin (42371 intermediates)
[dbg   672.275 ms] [merge] expand
[dbg   672.282 ms] merge: merge_serial begin
[dbg   672.443 ms] [merge] merge
[dbg   672.483 ms] [merge] final
[dbg   672.507 ms] [merge] compact
[dbg   672.524 ms] [merge] pack
[dbg   672.538 ms] [merge] d2h
[dbg   672.630 ms] T4b merge self_product: done (C_nnz=7245)
[dbg   672.648 ms] T4c merge2 self_product: start
[dbg   672.649 ms] [mrg2] start
[dbg   672.731 ms] [mrg2] h2d
[dbg   672.733 ms] merge2: count begin
[dbg   672.750 ms] [mrg2] count
[dbg   672.786 ms] [mrg2] scan
[dbg   672.793 ms] merge2: merge_warp begin (42371 intermediates)
[dbg   672.846 ms] [mrg2] merge
[dbg   672.891 ms] [mrg2] final
[dbg   672.913 ms] [mrg2] compact
[dbg   672.931 ms] [mrg2] pack
[dbg   672.945 ms] [mrg2] d2h
[dbg   673.032 ms] T4c merge2 self_product: done (C_nnz=7245)
Reading matrix from ./data/first100/bcsstk05.mtx...
Input A: 153 x 153, nnz = 2423, sparsity = 89.65%
===============WARMING UP (3 rounds)===============
=== Computing C = A x A (cuSPARSE) ===
Result C: 153 x 153, nnz = 7245, sparsity = 69.05%
Time: 0.521 ms

=== Computing C = A x A (Manual) ===
Result C: 153 x 153, nnz = 7245, sparsity = 69.05%
Time: 0.544 ms

=== Computing C = A x A (Merge) ===
Result C: 153 x 153, nnz = 7245, sparsity = 69.05%
Time: 0.562 ms

=== Computing C = A x A (Merge2) ===
Result C: 153 x 153, nnz = 7245, sparsity = 69.05%
Time: 0.387 ms

=== All tests completed ===
[23/100] Processing bcsstk06 ... (max 600s)
[dbg     0.001 ms] main entry, initializing CUDA context...
[dbg   479.829 ms] CUDA context ready
[dbg   480.000 ms] start read_matrix_market: ./data/first100/bcsstk06.mtx
[dbg   482.648 ms] read done: 420 x 420, nnz=7860
[mempool] host pinned arena ready: 256 MB (USE_MEMPOOL=ON)
[dbg   631.313 ms] [cu] start
[dbg   639.393 ms] [cu] h2dmalloc (64564 B)
[dbg   639.462 ms] [cu] h2d (64564 B)
[dbg   639.501 ms] cusparse: workEstimation begin
[dbg   663.320 ms] [cu] workest (buf1=95383 B)
[dbg   663.334 ms] cusparse: compute begin
[dbg   664.183 ms] [cu] compute (buf2=3960119 B)
[dbg   664.194 ms] cusparse: C size = 420 x 420, nnz=23660
[dbg   664.213 ms] cusparse: copy begin
[dbg   664.312 ms] [cu] copy
[dbg   664.343 ms] [cu] pack
[dbg   664.519 ms] self_product: C D2H begin (190964 B)
[dbg   664.550 ms] [cu] d2h
[dbg   664.648 ms] [gust] start
[dbg   664.755 ms] [gust] h2d
[dbg   664.759 ms] ESC: count intermediates begin
[dbg   666.417 ms] [gust] count
[dbg   666.694 ms] [gust] scan
[dbg   666.710 ms] ESC: expand begin (164652 intermediates)
[dbg   666.752 ms] [gust] expand
[dbg   666.753 ms] ESC: sort_by_key begin
[dbg   667.265 ms] [gust] sort
[dbg   667.342 ms] ESC: reduce_by_key begin
[dbg   667.528 ms] [gust] reduce
[dbg   667.612 ms] [gust] final
[dbg   667.634 ms] [gust] pack
[dbg   667.660 ms] [gust] d2h
[dbg   667.856 ms] [merge] start
[dbg   667.950 ms] [merge] h2d
[dbg   667.953 ms] merge: count begin
[dbg   667.973 ms] [merge] count
[dbg   668.028 ms] [merge] scan
[dbg   668.044 ms] merge: expand_serial begin (164652 intermediates)
[dbg   668.606 ms] [merge] expand
[dbg   668.733 ms] merge: merge_serial begin
[dbg   669.027 ms] [merge] merge
[dbg   669.083 ms] [merge] final
[dbg   669.122 ms] [merge] compact
[dbg   669.146 ms] [merge] pack
[dbg   669.172 ms] [merge] d2h
[dbg   669.362 ms] [mrg2] start
[dbg   669.450 ms] [mrg2] h2d
[dbg   669.453 ms] merge2: count begin
[dbg   669.472 ms] [mrg2] count
[dbg   669.514 ms] [mrg2] scan
[dbg   669.523 ms] merge2: merge_warp begin (164652 intermediates)
[dbg   669.634 ms] [mrg2] merge
[dbg   669.671 ms] [mrg2] final
[dbg   669.696 ms] [mrg2] compact
[dbg   669.714 ms] [mrg2] pack
[dbg   669.739 ms] [mrg2] d2h
[dbg   669.837 ms] [cu] start
[dbg   669.907 ms] [cu] h2dmalloc (64564 B)
[dbg   669.924 ms] [cu] h2d (64564 B)
[dbg   669.935 ms] cusparse: workEstimation begin
[dbg   669.996 ms] [cu] workest (buf1=95383 B)
[dbg   669.998 ms] cusparse: compute begin
[dbg   670.261 ms] [cu] compute (buf2=3960119 B)
[dbg   670.265 ms] cusparse: C size = 420 x 420, nnz=23660
[dbg   670.273 ms] cusparse: copy begin
[dbg   670.321 ms] [cu] copy
[dbg   670.340 ms] [cu] pack
[dbg   670.436 ms] self_product: C D2H begin (190964 B)
[dbg   670.462 ms] [cu] d2h
[dbg   670.537 ms] [gust] start
[dbg   670.614 ms] [gust] h2d
[dbg   670.616 ms] ESC: count intermediates begin
[dbg   670.638 ms] [gust] count
[dbg   670.677 ms] [gust] scan
[dbg   670.683 ms] ESC: expand begin (164652 intermediates)
[dbg   670.707 ms] [gust] expand
[dbg   670.708 ms] ESC: sort_by_key begin
[dbg   670.994 ms] [gust] sort
[dbg   671.059 ms] ESC: reduce_by_key begin
[dbg   671.110 ms] [gust] reduce
[dbg   671.174 ms] [gust] final
[dbg   671.195 ms] [gust] pack
[dbg   671.219 ms] [gust] d2h
[dbg   671.381 ms] [merge] start
[dbg   671.456 ms] [merge] h2d
[dbg   671.458 ms] merge: count begin
[dbg   671.476 ms] [merge] count
[dbg   671.515 ms] [merge] scan
[dbg   671.521 ms] merge: expand_serial begin (164652 intermediates)
[dbg   671.599 ms] [merge] expand
[dbg   671.666 ms] merge: merge_serial begin
[dbg   671.929 ms] [merge] merge
[dbg   671.972 ms] [merge] final
[dbg   671.996 ms] [merge] compact
[dbg   672.014 ms] [merge] pack
[dbg   672.038 ms] [merge] d2h
[dbg   672.197 ms] [mrg2] start
[dbg   672.271 ms] [mrg2] h2d
[dbg   672.273 ms] merge2: count begin
[dbg   672.289 ms] [mrg2] count
[dbg   672.327 ms] [mrg2] scan
[dbg   672.335 ms] merge2: merge_warp begin (164652 intermediates)
[dbg   672.403 ms] [mrg2] merge
[dbg   672.439 ms] [mrg2] final
[dbg   672.463 ms] [mrg2] compact
[dbg   672.481 ms] [mrg2] pack
[dbg   672.506 ms] [mrg2] d2h
[dbg   672.593 ms] [cu] start
[dbg   672.652 ms] [cu] h2dmalloc (64564 B)
[dbg   672.670 ms] [cu] h2d (64564 B)
[dbg   672.677 ms] cusparse: workEstimation begin
[dbg   672.730 ms] [cu] workest (buf1=95383 B)
[dbg   672.733 ms] cusparse: compute begin
[dbg   673.001 ms] [cu] compute (buf2=3960119 B)
[dbg   673.005 ms] cusparse: C size = 420 x 420, nnz=23660
[dbg   673.014 ms] cusparse: copy begin
[dbg   673.061 ms] [cu] copy
[dbg   673.081 ms] [cu] pack
[dbg   673.180 ms] self_product: C D2H begin (190964 B)
[dbg   673.205 ms] [cu] d2h
[dbg   673.281 ms] [gust] start
[dbg   673.361 ms] [gust] h2d
[dbg   673.363 ms] ESC: count intermediates begin
[dbg   673.381 ms] [gust] count
[dbg   673.420 ms] [gust] scan
[dbg   673.427 ms] ESC: expand begin (164652 intermediates)
[dbg   673.450 ms] [gust] expand
[dbg   673.452 ms] ESC: sort_by_key begin
[dbg   673.721 ms] [gust] sort
[dbg   673.797 ms] ESC: reduce_by_key begin
[dbg   673.840 ms] [gust] reduce
[dbg   673.904 ms] [gust] final
[dbg   673.926 ms] [gust] pack
[dbg   673.950 ms] [gust] d2h
[dbg   674.113 ms] [merge] start
[dbg   674.190 ms] [merge] h2d
[dbg   674.195 ms] merge: count begin
[dbg   674.213 ms] [merge] count
[dbg   674.251 ms] [merge] scan
[dbg   674.257 ms] merge: expand_serial begin (164652 intermediates)
[dbg   674.335 ms] [merge] expand
[dbg   674.400 ms] merge: merge_serial begin
[dbg   674.662 ms] [merge] merge
[dbg   674.704 ms] [merge] final
[dbg   674.736 ms] [merge] compact
[dbg   674.754 ms] [merge] pack
[dbg   674.784 ms] [merge] d2h
[dbg   674.946 ms] [mrg2] start
[dbg   675.022 ms] [mrg2] h2d
[dbg   675.025 ms] merge2: count begin
[dbg   675.041 ms] [mrg2] count
[dbg   675.080 ms] [mrg2] scan
[dbg   675.088 ms] merge2: merge_warp begin (164652 intermediates)
[dbg   675.155 ms] [mrg2] merge
[dbg   675.191 ms] [mrg2] final
[dbg   675.215 ms] [mrg2] compact
[dbg   675.233 ms] [mrg2] pack
[dbg   675.257 ms] [mrg2] d2h
[dbg   675.346 ms] warmup done
[dbg   675.376 ms] T1 cuSPARSE self_product: start
[dbg   675.379 ms] [cu] start
[dbg   675.442 ms] [cu] h2dmalloc (64564 B)
[dbg   675.459 ms] [cu] h2d (64564 B)
[dbg   675.466 ms] cusparse: workEstimation begin
[dbg   675.521 ms] [cu] workest (buf1=95383 B)
[dbg   675.522 ms] cusparse: compute begin
[dbg   675.769 ms] [cu] compute (buf2=3960119 B)
[dbg   675.784 ms] cusparse: C size = 420 x 420, nnz=23660
[dbg   675.793 ms] cusparse: copy begin
[dbg   675.840 ms] [cu] copy
[dbg   675.862 ms] [cu] pack
[dbg   675.964 ms] self_product: C D2H begin (190964 B)
[dbg   675.991 ms] [cu] d2h
[dbg   676.065 ms] T1 cuSPARSE self_product: done (C_nnz=23660)
[dbg   676.092 ms] T4 manual self_product: start
[dbg   676.093 ms] [gust] start
[dbg   676.174 ms] [gust] h2d
[dbg   676.177 ms] ESC: count intermediates begin
[dbg   676.196 ms] [gust] count
[dbg   676.236 ms] [gust] scan
[dbg   676.243 ms] ESC: expand begin (164652 intermediates)
[dbg   676.266 ms] [gust] expand
[dbg   676.269 ms] ESC: sort_by_key begin
[dbg   676.539 ms] [gust] sort
[dbg   676.601 ms] ESC: reduce_by_key begin
[dbg   676.642 ms] [gust] reduce
[dbg   676.705 ms] [gust] final
[dbg   676.726 ms] [gust] pack
[dbg   676.751 ms] [gust] d2h
[dbg   676.920 ms] T4 manual self_product: done (C_nnz=23660)
[dbg   676.946 ms] T4b merge self_product: start
[dbg   676.947 ms] [merge] start
[dbg   677.026 ms] [merge] h2d
[dbg   677.030 ms] merge: count begin
[dbg   677.048 ms] [merge] count
[dbg   677.094 ms] [merge] scan
[dbg   677.102 ms] merge: expand_serial begin (164652 intermediates)
[dbg   677.179 ms] [merge] expand
[dbg   677.245 ms] merge: merge_serial begin
[dbg   677.511 ms] [merge] merge
[dbg   677.553 ms] [merge] final
[dbg   677.578 ms] [merge] compact
[dbg   677.598 ms] [merge] pack
[dbg   677.625 ms] [merge] d2h
[dbg   677.788 ms] T4b merge self_product: done (C_nnz=23660)
[dbg   677.806 ms] T4c merge2 self_product: start
[dbg   677.808 ms] [mrg2] start
[dbg   677.886 ms] [mrg2] h2d
[dbg   677.889 ms] merge2: count begin
[dbg   677.906 ms] [mrg2] count
[dbg   677.945 ms] [mrg2] scan
[dbg   677.953 ms] merge2: merge_warp begin (164652 intermediates)
[dbg   678.020 ms] [mrg2] merge
[dbg   678.056 ms] [mrg2] final
[dbg   678.080 ms] [mrg2] compact
[dbg   678.098 ms] [mrg2] pack
[dbg   678.129 ms] [mrg2] d2h
[dbg   678.218 ms] T4c merge2 self_product: done (C_nnz=23660)
Reading matrix from ./data/first100/bcsstk06.mtx...
Input A: 420 x 420, nnz = 7860, sparsity = 95.54%
===============WARMING UP (3 rounds)===============
=== Computing C = A x A (cuSPARSE) ===
Result C: 420 x 420, nnz = 23660, sparsity = 86.59%
Time: 0.692 ms

=== Computing C = A x A (Manual) ===
Result C: 420 x 420, nnz = 23660, sparsity = 86.59%
Time: 0.831 ms

=== Computing C = A x A (Merge) ===
Result C: 420 x 420, nnz = 23660, sparsity = 86.59%
Time: 0.846 ms

=== Computing C = A x A (Merge2) ===
Result C: 420 x 420, nnz = 23660, sparsity = 86.59%
Time: 0.416 ms

=== All tests completed ===
[24/100] Processing bcsstk07 ... (max 600s)
[dbg     0.000 ms] main entry, initializing CUDA context...
[dbg   481.379 ms] CUDA context ready
[dbg   481.555 ms] start read_matrix_market: ./data/first100/bcsstk07.mtx
[dbg   484.219 ms] read done: 420 x 420, nnz=7860
[mempool] host pinned arena ready: 256 MB (USE_MEMPOOL=ON)
[dbg   632.181 ms] [cu] start
[dbg   640.217 ms] [cu] h2dmalloc (64564 B)
[dbg   640.288 ms] [cu] h2d (64564 B)
[dbg   640.327 ms] cusparse: workEstimation begin
[dbg   664.451 ms] [cu] workest (buf1=95383 B)
[dbg   664.465 ms] cusparse: compute begin
[dbg   665.331 ms] [cu] compute (buf2=3960119 B)
[dbg   665.343 ms] cusparse: C size = 420 x 420, nnz=23660
[dbg   665.361 ms] cusparse: copy begin
[dbg   665.463 ms] [cu] copy
[dbg   665.492 ms] [cu] pack
[dbg   665.668 ms] self_product: C D2H begin (190964 B)
[dbg   665.700 ms] [cu] d2h
[dbg   665.788 ms] [gust] start
[dbg   665.896 ms] [gust] h2d
[dbg   665.899 ms] ESC: count intermediates begin
[dbg   667.578 ms] [gust] count
[dbg   667.862 ms] [gust] scan
[dbg   667.877 ms] ESC: expand begin (164652 intermediates)
[dbg   667.923 ms] [gust] expand
[dbg   667.924 ms] ESC: sort_by_key begin
[dbg   668.426 ms] [gust] sort
[dbg   668.514 ms] ESC: reduce_by_key begin
[dbg   668.693 ms] [gust] reduce
[dbg   668.778 ms] [gust] final
[dbg   668.802 ms] [gust] pack
[dbg   668.827 ms] [gust] d2h
[dbg   669.012 ms] [merge] start
[dbg   669.113 ms] [merge] h2d
[dbg   669.117 ms] merge: count begin
[dbg   669.137 ms] [merge] count
[dbg   669.180 ms] [merge] scan
[dbg   669.187 ms] merge: expand_serial begin (164652 intermediates)
[dbg   669.718 ms] [merge] expand
[dbg   669.846 ms] merge: merge_serial begin
[dbg   670.142 ms] [merge] merge
[dbg   670.199 ms] [merge] final
[dbg   670.240 ms] [merge] compact
[dbg   670.260 ms] [merge] pack
[dbg   670.286 ms] [merge] d2h
[dbg   670.470 ms] [mrg2] start
[dbg   670.560 ms] [mrg2] h2d
[dbg   670.563 ms] merge2: count begin
[dbg   670.582 ms] [mrg2] count
[dbg   670.623 ms] [mrg2] scan
[dbg   670.633 ms] merge2: merge_warp begin (164652 intermediates)
[dbg   670.741 ms] [mrg2] merge
[dbg   670.780 ms] [mrg2] final
[dbg   670.807 ms] [mrg2] compact
[dbg   670.826 ms] [mrg2] pack
[dbg   670.851 ms] [mrg2] d2h
[dbg   670.948 ms] [cu] start
[dbg   671.018 ms] [cu] h2dmalloc (64564 B)
[dbg   671.036 ms] [cu] h2d (64564 B)
[dbg   671.047 ms] cusparse: workEstimation begin
[dbg   671.118 ms] [cu] workest (buf1=95383 B)
[dbg   671.121 ms] cusparse: compute begin
[dbg   671.386 ms] [cu] compute (buf2=3960119 B)
[dbg   671.390 ms] cusparse: C size = 420 x 420, nnz=23660
[dbg   671.398 ms] cusparse: copy begin
[dbg   671.446 ms] [cu] copy
[dbg   671.468 ms] [cu] pack
[dbg   671.568 ms] self_product: C D2H begin (190964 B)
[dbg   671.595 ms] [cu] d2h
[dbg   671.672 ms] [gust] start
[dbg   671.753 ms] [gust] h2d
[dbg   671.757 ms] ESC: count intermediates begin
[dbg   671.776 ms] [gust] count
[dbg   671.819 ms] [gust] scan
[dbg   671.827 ms] ESC: expand begin (164652 intermediates)
[dbg   671.851 ms] [gust] expand
[dbg   671.853 ms] ESC: sort_by_key begin
[dbg   672.139 ms] [gust] sort
[dbg   672.206 ms] ESC: reduce_by_key begin
[dbg   672.257 ms] [gust] reduce
[dbg   672.323 ms] [gust] final
[dbg   672.344 ms] [gust] pack
[dbg   672.369 ms] [gust] d2h
[dbg   672.538 ms] [merge] start
[dbg   672.616 ms] [merge] h2d
[dbg   672.620 ms] merge: count begin
[dbg   672.638 ms] [merge] count
[dbg   672.677 ms] [merge] scan
[dbg   672.685 ms] merge: expand_serial begin (164652 intermediates)
[dbg   672.763 ms] [merge] expand
[dbg   672.830 ms] merge: merge_serial begin
[dbg   673.094 ms] [merge] merge
[dbg   673.139 ms] [merge] final
[dbg   673.166 ms] [merge] compact
[dbg   673.185 ms] [merge] pack
[dbg   673.210 ms] [merge] d2h
[dbg   673.374 ms] [mrg2] start
[dbg   673.452 ms] [mrg2] h2d
[dbg   673.455 ms] merge2: count begin
[dbg   673.472 ms] [mrg2] count
[dbg   673.510 ms] [mrg2] scan
[dbg   673.520 ms] merge2: merge_warp begin (164652 intermediates)
[dbg   673.588 ms] [mrg2] merge
[dbg   673.625 ms] [mrg2] final
[dbg   673.651 ms] [mrg2] compact
[dbg   673.670 ms] [mrg2] pack
[dbg   673.698 ms] [mrg2] d2h
[dbg   673.786 ms] [cu] start
[dbg   673.847 ms] [cu] h2dmalloc (64564 B)
[dbg   673.865 ms] [cu] h2d (64564 B)
[dbg   673.874 ms] cusparse: workEstimation begin
[dbg   673.929 ms] [cu] workest (buf1=95383 B)
[dbg   673.932 ms] cusparse: compute begin
[dbg   674.187 ms] [cu] compute (buf2=3960119 B)
[dbg   674.191 ms] cusparse: C size = 420 x 420, nnz=23660
[dbg   674.200 ms] cusparse: copy begin
[dbg   674.247 ms] [cu] copy
[dbg   674.267 ms] [cu] pack
[dbg   674.367 ms] self_product: C D2H begin (190964 B)
[dbg   674.394 ms] [cu] d2h
[dbg   674.470 ms] [gust] start
[dbg   674.548 ms] [gust] h2d
[dbg   674.550 ms] ESC: count intermediates begin
[dbg   674.569 ms] [gust] count
[dbg   674.609 ms] [gust] scan
[dbg   674.615 ms] ESC: expand begin (164652 intermediates)
[dbg   674.639 ms] [gust] expand
[dbg   674.640 ms] ESC: sort_by_key begin
[dbg   674.912 ms] [gust] sort
[dbg   674.974 ms] ESC: reduce_by_key begin
[dbg   675.014 ms] [gust] reduce
[dbg   675.077 ms] [gust] final
[dbg   675.108 ms] [gust] pack
[dbg   675.133 ms] [gust] d2h
[dbg   675.304 ms] [merge] start
[dbg   675.381 ms] [merge] h2d
[dbg   675.383 ms] merge: count begin
[dbg   675.401 ms] [merge] count
[dbg   675.439 ms] [merge] scan
[dbg   675.446 ms] merge: expand_serial begin (164652 intermediates)
[dbg   675.523 ms] [merge] expand
[dbg   675.588 ms] merge: merge_serial begin
[dbg   675.851 ms] [merge] merge
[dbg   675.892 ms] [merge] final
[dbg   675.924 ms] [merge] compact
[dbg   675.942 ms] [merge] pack
[dbg   675.967 ms] [merge] d2h
[dbg   676.134 ms] [mrg2] start
[dbg   676.211 ms] [mrg2] h2d
[dbg   676.213 ms] merge2: count begin
[dbg   676.233 ms] [mrg2] count
[dbg   676.272 ms] [mrg2] scan
[dbg   676.280 ms] merge2: merge_warp begin (164652 intermediates)
[dbg   676.348 ms] [mrg2] merge
[dbg   676.384 ms] [mrg2] final
[dbg   676.408 ms] [mrg2] compact
[dbg   676.427 ms] [mrg2] pack
[dbg   676.452 ms] [mrg2] d2h
[dbg   676.540 ms] warmup done
[dbg   676.569 ms] T1 cuSPARSE self_product: start
[dbg   676.570 ms] [cu] start
[dbg   676.635 ms] [cu] h2dmalloc (64564 B)
[dbg   676.653 ms] [cu] h2d (64564 B)
[dbg   676.660 ms] cusparse: workEstimation begin
[dbg   676.716 ms] [cu] workest (buf1=95383 B)
[dbg   676.719 ms] cusparse: compute begin
[dbg   676.972 ms] [cu] compute (buf2=3960119 B)
[dbg   676.975 ms] cusparse: C size = 420 x 420, nnz=23660
[dbg   676.984 ms] cusparse: copy begin
[dbg   677.030 ms] [cu] copy
[dbg   677.049 ms] [cu] pack
[dbg   677.155 ms] self_product: C D2H begin (190964 B)
[dbg   677.182 ms] [cu] d2h
[dbg   677.259 ms] T1 cuSPARSE self_product: done (C_nnz=23660)
[dbg   677.285 ms] T4 manual self_product: start
[dbg   677.286 ms] [gust] start
[dbg   677.368 ms] [gust] h2d
[dbg   677.371 ms] ESC: count intermediates begin
[dbg   677.390 ms] [gust] count
[dbg   677.431 ms] [gust] scan
[dbg   677.438 ms] ESC: expand begin (164652 intermediates)
[dbg   677.462 ms] [gust] expand
[dbg   677.463 ms] ESC: sort_by_key begin
[dbg   677.736 ms] [gust] sort
[dbg   677.799 ms] ESC: reduce_by_key begin
[dbg   677.839 ms] [gust] reduce
[dbg   677.900 ms] [gust] final
[dbg   677.921 ms] [gust] pack
[dbg   677.954 ms] [gust] d2h
[dbg   678.122 ms] T4 manual self_product: done (C_nnz=23660)
[dbg   678.147 ms] T4b merge self_product: start
[dbg   678.148 ms] [merge] start
[dbg   678.229 ms] [merge] h2d
[dbg   678.231 ms] merge: count begin
[dbg   678.249 ms] [merge] count
[dbg   678.289 ms] [merge] scan
[dbg   678.302 ms] merge: expand_serial begin (164652 intermediates)
[dbg   678.378 ms] [merge] expand
[dbg   678.447 ms] merge: merge_serial begin
[dbg   678.709 ms] [merge] merge
[dbg   678.752 ms] [merge] final
[dbg   678.777 ms] [merge] compact
[dbg   678.795 ms] [merge] pack
[dbg   678.819 ms] [merge] d2h
[dbg   678.981 ms] T4b merge self_product: done (C_nnz=23660)
[dbg   679.003 ms] T4c merge2 self_product: start
[dbg   679.004 ms] [mrg2] start
[dbg   679.091 ms] [mrg2] h2d
[dbg   679.093 ms] merge2: count begin
[dbg   679.111 ms] [mrg2] count
[dbg   679.150 ms] [mrg2] scan
[dbg   679.159 ms] merge2: merge_warp begin (164652 intermediates)
[dbg   679.225 ms] [mrg2] merge
[dbg   679.262 ms] [mrg2] final
[dbg   679.287 ms] [mrg2] compact
[dbg   679.307 ms] [mrg2] pack
[dbg   679.332 ms] [mrg2] d2h
[dbg   679.425 ms] T4c merge2 self_product: done (C_nnz=23660)
Reading matrix from ./data/first100/bcsstk07.mtx...
Input A: 420 x 420, nnz = 7860, sparsity = 95.54%
===============WARMING UP (3 rounds)===============
=== Computing C = A x A (cuSPARSE) ===
Result C: 420 x 420, nnz = 23660, sparsity = 86.59%
Time: 0.693 ms

=== Computing C = A x A (Manual) ===
Result C: 420 x 420, nnz = 23660, sparsity = 86.59%
Time: 0.841 ms

=== Computing C = A x A (Merge) ===
Result C: 420 x 420, nnz = 23660, sparsity = 86.59%
Time: 0.837 ms

=== Computing C = A x A (Merge2) ===
Result C: 420 x 420, nnz = 23660, sparsity = 86.59%
Time: 0.424 ms

=== All tests completed ===
[25/100] Processing bcsstk08 ... (max 600s)
[dbg     0.001 ms] main entry, initializing CUDA context...
[dbg   468.469 ms] CUDA context ready
[dbg   468.638 ms] start read_matrix_market: ./data/first100/bcsstk08.mtx
[dbg   472.267 ms] read done: 1074 x 1074, nnz=12960
[mempool] host pinned arena ready: 256 MB (USE_MEMPOOL=ON)
[dbg   620.549 ms] [cu] start
[dbg   628.543 ms] [cu] h2dmalloc (107980 B)
[dbg   628.617 ms] [cu] h2d (107980 B)
[dbg   628.657 ms] cusparse: workEstimation begin
[dbg   652.978 ms] [cu] workest (buf1=156583 B)
[dbg   652.991 ms] cusparse: compute begin
[dbg   654.160 ms] [cu] compute (buf2=15219847 B)
[dbg   654.172 ms] cusparse: C size = 1074 x 1074, nnz=305612
[dbg   654.300 ms] cusparse: copy begin
[dbg   654.424 ms] [cu] copy
[dbg   654.569 ms] [cu] pack
[dbg   654.801 ms] self_product: C D2H begin (2449196 B)
[dbg   655.010 ms] [cu] d2h
[dbg   655.183 ms] [gust] start
[dbg   655.279 ms] [gust] h2d
[dbg   655.282 ms] ESC: count intermediates begin
[dbg   656.896 ms] [gust] count
[dbg   657.055 ms] [gust] scan
[dbg   657.268 ms] ESC: expand begin (633402 intermediates)
[dbg   657.354 ms] [gust] expand
[dbg   657.355 ms] ESC: sort_by_key begin
[dbg   657.863 ms] [gust] sort
[dbg   658.029 ms] ESC: reduce_by_key begin
[dbg   658.216 ms] [gust] reduce
[dbg   658.707 ms] [gust] final
[dbg   658.811 ms] [gust] pack
[dbg   659.019 ms] [gust] d2h
[dbg   659.264 ms] [merge] start
[dbg   659.348 ms] [merge] h2d
[dbg   659.353 ms] merge: count begin
[dbg   659.386 ms] [merge] count
[dbg   659.430 ms] [merge] scan
[dbg   659.561 ms] merge: expand_serial begin (633402 intermediates)
[dbg   660.503 ms] [merge] expand
[dbg   660.705 ms] merge: merge_serial begin
[dbg   680.364 ms] [merge] merge
[dbg   680.591 ms] [merge] final
[dbg   680.875 ms] [merge] compact
[dbg   680.975 ms] [merge] pack
[dbg   681.180 ms] [merge] d2h
[dbg   681.414 ms] [mrg2] start
[dbg   681.498 ms] [mrg2] h2d
[dbg   681.501 ms] merge2: count begin
[dbg   681.533 ms] [mrg2] count
[dbg   681.577 ms] [mrg2] scan
[dbg   681.698 ms] merge2: merge_warp begin (633402 intermediates)
[dbg   683.194 ms] [mrg2] merge
[dbg   683.237 ms] [mrg2] final
[dbg   683.479 ms] [mrg2] compact
[dbg   683.564 ms] [mrg2] pack
[dbg   683.772 ms] [mrg2] d2h
[dbg   683.999 ms] [cu] start
[dbg   684.058 ms] [cu] h2dmalloc (107980 B)
[dbg   684.080 ms] [cu] h2d (107980 B)
[dbg   684.092 ms] cusparse: workEstimation begin
[dbg   684.155 ms] [cu] workest (buf1=156583 B)
[dbg   684.158 ms] cusparse: compute begin
[dbg   684.515 ms] [cu] compute (buf2=15219847 B)
[dbg   684.520 ms] cusparse: C size = 1074 x 1074, nnz=305612
[dbg   684.590 ms] cusparse: copy begin
[dbg   684.645 ms] [cu] copy
[dbg   684.753 ms] [cu] pack
[dbg   684.939 ms] self_product: C D2H begin (2449196 B)
[dbg   685.155 ms] [cu] d2h
[dbg   685.305 ms] [gust] start
[dbg   685.388 ms] [gust] h2d
[dbg   685.391 ms] ESC: count intermediates begin
[dbg   685.425 ms] [gust] count
[dbg   685.470 ms] [gust] scan
[dbg   685.588 ms] ESC: expand begin (633402 intermediates)
[dbg   685.656 ms] [gust] expand
[dbg   685.658 ms] ESC: sort_by_key begin
[dbg   685.982 ms] [gust] sort
[dbg   686.113 ms] ESC: reduce_by_key begin
[dbg   686.163 ms] [gust] reduce
[dbg   686.611 ms] [gust] final
[dbg   686.697 ms] [gust] pack
[dbg   686.902 ms] [gust] d2h
[dbg   687.140 ms] [merge] start
[dbg   687.223 ms] [merge] h2d
[dbg   687.225 ms] merge: count begin
[dbg   687.258 ms] [merge] count
[dbg   687.299 ms] [merge] scan
[dbg   687.413 ms] merge: expand_serial begin (633402 intermediates)
[dbg   687.892 ms] [merge] expand
[dbg   688.023 ms] merge: merge_serial begin
[dbg   707.650 ms] [merge] merge
[dbg   707.855 ms] [merge] final
[dbg   708.094 ms] [merge] compact
[dbg   708.177 ms] [merge] pack
[dbg   708.382 ms] [merge] d2h
[dbg   708.611 ms] [mrg2] start
[dbg   708.689 ms] [mrg2] h2d
[dbg   708.692 ms] merge2: count begin
[dbg   708.726 ms] [mrg2] count
[dbg   708.774 ms] [mrg2] scan
[dbg   708.891 ms] merge2: merge_warp begin (633402 intermediates)
[dbg   710.353 ms] [mrg2] merge
[dbg   710.394 ms] [mrg2] final
[dbg   710.618 ms] [mrg2] compact
[dbg   710.700 ms] [mrg2] pack
[dbg   710.904 ms] [mrg2] d2h
[dbg   711.126 ms] [cu] start
[dbg   711.184 ms] [cu] h2dmalloc (107980 B)
[dbg   711.206 ms] [cu] h2d (107980 B)
[dbg   711.213 ms] cusparse: workEstimation begin
[dbg   711.269 ms] [cu] workest (buf1=156583 B)
[dbg   711.271 ms] cusparse: compute begin
[dbg   711.623 ms] [cu] compute (buf2=15219847 B)
[dbg   711.627 ms] cusparse: C size = 1074 x 1074, nnz=305612
[dbg   711.692 ms] cusparse: copy begin
[dbg   711.745 ms] [cu] copy
[dbg   711.865 ms] [cu] pack
[dbg   712.041 ms] self_product: C D2H begin (2449196 B)
[dbg   712.246 ms] [cu] d2h
[dbg   712.393 ms] [gust] start
[dbg   712.472 ms] [gust] h2d
[dbg   712.475 ms] ESC: count intermediates begin
[dbg   712.507 ms] [gust] count
[dbg   712.550 ms] [gust] scan
[dbg   712.663 ms] ESC: expand begin (633402 intermediates)
[dbg   712.730 ms] [gust] expand
[dbg   712.732 ms] ESC: sort_by_key begin
[dbg   713.057 ms] [gust] sort
[dbg   713.183 ms] ESC: reduce_by_key begin
[dbg   713.239 ms] [gust] reduce
[dbg   713.682 ms] [gust] final
[dbg   713.779 ms] [gust] pack
[dbg   713.984 ms] [gust] d2h
[dbg   714.216 ms] [merge] start
[dbg   714.297 ms] [merge] h2d
[dbg   714.301 ms] merge: count begin
[dbg   714.332 ms] [merge] count
[dbg   714.372 ms] [merge] scan
[dbg   714.483 ms] merge: expand_serial begin (633402 intermediates)
[dbg   714.961 ms] [merge] expand
[dbg   715.092 ms] merge: merge_serial begin
[dbg   734.719 ms] [merge] merge
[dbg   734.936 ms] [merge] final
[dbg   735.168 ms] [merge] compact
[dbg   735.254 ms] [merge] pack
[dbg   735.458 ms] [merge] d2h
[dbg   735.687 ms] [mrg2] start
[dbg   735.788 ms] [mrg2] h2d
[dbg   735.792 ms] merge2: count begin
[dbg   735.824 ms] [mrg2] count
[dbg   735.866 ms] [mrg2] scan
[dbg   735.986 ms] merge2: merge_warp begin (633402 intermediates)
[dbg   737.462 ms] [mrg2] merge
[dbg   737.502 ms] [mrg2] final
[dbg   737.731 ms] [mrg2] compact
[dbg   737.824 ms] [mrg2] pack
[dbg   738.027 ms] [mrg2] d2h
[dbg   738.249 ms] warmup done
[dbg   738.277 ms] T1 cuSPARSE self_product: start
[dbg   738.278 ms] [cu] start
[dbg   738.340 ms] [cu] h2dmalloc (107980 B)
[dbg   738.362 ms] [cu] h2d (107980 B)
[dbg   738.370 ms] cusparse: workEstimation begin
[dbg   738.427 ms] [cu] workest (buf1=156583 B)
[dbg   738.429 ms] cusparse: compute begin
[dbg   738.789 ms] [cu] compute (buf2=15219847 B)
[dbg   738.793 ms] cusparse: C size = 1074 x 1074, nnz=305612
[dbg   738.863 ms] cusparse: copy begin
[dbg   738.914 ms] [cu] copy
[dbg   739.022 ms] [cu] pack
[dbg   739.191 ms] self_product: C D2H begin (2449196 B)
[dbg   739.405 ms] [cu] d2h
[dbg   739.554 ms] T1 cuSPARSE self_product: done (C_nnz=305612)
[dbg   739.595 ms] T4 manual self_product: start
[dbg   739.598 ms] [gust] start
[dbg   739.682 ms] [gust] h2d
[dbg   739.685 ms] ESC: count intermediates begin
[dbg   739.718 ms] [gust] count
[dbg   739.762 ms] [gust] scan
[dbg   739.892 ms] ESC: expand begin (633402 intermediates)
[dbg   739.959 ms] [gust] expand
[dbg   739.960 ms] ESC: sort_by_key begin
[dbg   740.278 ms] [gust] sort
[dbg   740.400 ms] ESC: reduce_by_key begin
[dbg   740.447 ms] [gust] reduce
[dbg   740.913 ms] [gust] final
[dbg   741.002 ms] [gust] pack
[dbg   741.217 ms] [gust] d2h
[dbg   741.447 ms] T4 manual self_product: done (C_nnz=305612)
[dbg   741.474 ms] T4b merge self_product: start
[dbg   741.476 ms] [merge] start
[dbg   741.556 ms] [merge] h2d
[dbg   741.560 ms] merge: count begin
[dbg   741.592 ms] [merge] count
[dbg   741.632 ms] [merge] scan
[dbg   741.746 ms] merge: expand_serial begin (633402 intermediates)
[dbg   742.223 ms] [merge] expand
[dbg   742.353 ms] merge: merge_serial begin
[dbg   761.981 ms] [merge] merge
[dbg   762.178 ms] [merge] final
[dbg   762.405 ms] [merge] compact
[dbg   762.488 ms] [merge] pack
[dbg   762.693 ms] [merge] d2h
[dbg   762.928 ms] T4b merge self_product: done (C_nnz=305612)
[dbg   762.954 ms] T4c merge2 self_product: start
[dbg   762.955 ms] [mrg2] start
[dbg   763.037 ms] [mrg2] h2d
[dbg   763.040 ms] merge2: count begin
[dbg   763.072 ms] [mrg2] count
[dbg   763.114 ms] [mrg2] scan
[dbg   763.229 ms] merge2: merge_warp begin (633402 intermediates)
[dbg   764.694 ms] [mrg2] merge
[dbg   764.734 ms] [mrg2] final
[dbg   764.973 ms] [mrg2] compact
[dbg   765.057 ms] [mrg2] pack
[dbg   765.261 ms] [mrg2] d2h
[dbg   765.481 ms] T4c merge2 self_product: done (C_nnz=305612)
Reading matrix from ./data/first100/bcsstk08.mtx...
Input A: 1074 x 1074, nnz = 12960, sparsity = 98.88%
===============WARMING UP (3 rounds)===============
=== Computing C = A x A (cuSPARSE) ===
Result C: 1074 x 1074, nnz = 305612, sparsity = 73.51%
Time: 1.291 ms

=== Computing C = A x A (Manual) ===
Result C: 1074 x 1074, nnz = 305612, sparsity = 73.51%
Time: 1.856 ms

=== Computing C = A x A (Merge) ===
Result C: 1074 x 1074, nnz = 305612, sparsity = 73.51%
Time: 21.458 ms

=== Computing C = A x A (Merge2) ===
Result C: 1074 x 1074, nnz = 305612, sparsity = 73.51%
Time: 2.529 ms

=== All tests completed ===
[26/100] Processing bcsstk09 ... (max 600s)
[dbg     0.001 ms] main entry, initializing CUDA context...
[dbg   479.099 ms] CUDA context ready
[dbg   479.276 ms] start read_matrix_market: ./data/first100/bcsstk09.mtx
[dbg   483.576 ms] read done: 1083 x 1083, nnz=18437
[mempool] host pinned arena ready: 256 MB (USE_MEMPOOL=ON)
[dbg   631.703 ms] [cu] start
[dbg   639.892 ms] [cu] h2dmalloc (151832 B)
[dbg   639.966 ms] [cu] h2d (151832 B)
[dbg   640.011 ms] cusparse: workEstimation begin
[dbg   665.173 ms] [cu] workest (buf1=222563 B)
[dbg   665.188 ms] cusparse: compute begin
[dbg   666.092 ms] [cu] compute (buf2=7981943 B)
[dbg   666.104 ms] cusparse: C size = 1083 x 1083, nnz=71289
[dbg   666.124 ms] cusparse: copy begin
[dbg   666.234 ms] [cu] copy
[dbg   666.270 ms] [cu] pack
[dbg   666.483 ms] self_product: C D2H begin (574648 B)
[dbg   666.545 ms] [cu] d2h
[dbg   666.654 ms] [gust] start
[dbg   666.793 ms] [gust] h2d
[dbg   666.797 ms] ESC: count intermediates begin
[dbg   668.425 ms] [gust] count
[dbg   668.745 ms] [gust] scan
[dbg   668.868 ms] ESC: expand begin (331973 intermediates)
[dbg   668.922 ms] [gust] expand
[dbg   668.926 ms] ESC: sort_by_key begin
[dbg   669.439 ms] [gust] sort
[dbg   669.603 ms] ESC: reduce_by_key begin
[dbg   669.834 ms] [gust] reduce
[dbg   670.134 ms] [gust] final
[dbg   670.164 ms] [gust] pack
[dbg   670.219 ms] [gust] d2h
[dbg   670.410 ms] [merge] start
[dbg   670.528 ms] [merge] h2d
[dbg   670.533 ms] merge: count begin
[dbg   670.557 ms] [merge] count
[dbg   670.615 ms] [merge] scan
[dbg   670.715 ms] merge: expand_serial begin (331973 intermediates)
[dbg   671.247 ms] [merge] expand
[dbg   671.452 ms] merge: merge_serial begin
[dbg   671.725 ms] [merge] merge
[dbg   671.892 ms] [merge] final
[dbg   672.110 ms] [merge] compact
[dbg   672.137 ms] [merge] pack
[dbg   672.193 ms] [merge] d2h
[dbg   672.292 ms] [mrg2] start
[dbg   672.416 ms] [mrg2] h2d
[dbg   672.420 ms] merge2: count begin
[dbg   672.441 ms] [mrg2] count
[dbg   672.496 ms] [mrg2] scan
[dbg   672.587 ms] merge2: merge_warp begin (331973 intermediates)
[dbg   672.719 ms] [mrg2] merge
[dbg   672.766 ms] [mrg2] final
[dbg   672.884 ms] [mrg2] compact
[dbg   672.916 ms] [mrg2] pack
[dbg   672.972 ms] [mrg2] d2h
[dbg   673.067 ms] [cu] start
[dbg   673.150 ms] [cu] h2dmalloc (151832 B)
[dbg   673.178 ms] [cu] h2d (151832 B)
[dbg   673.191 ms] cusparse: workEstimation begin
[dbg   673.272 ms] [cu] workest (buf1=222563 B)
[dbg   673.275 ms] cusparse: compute begin
[dbg   673.574 ms] [cu] compute (buf2=7981943 B)
[dbg   673.580 ms] cusparse: C size = 1083 x 1083, nnz=71289
[dbg   673.590 ms] cusparse: copy begin
[dbg   673.640 ms] [cu] copy
[dbg   673.661 ms] [cu] pack
[dbg   673.789 ms] self_product: C D2H begin (574648 B)
[dbg   673.848 ms] [cu] d2h
[dbg   673.947 ms] [gust] start
[dbg   674.050 ms] [gust] h2d
[dbg   674.052 ms] ESC: count intermediates begin
[dbg   674.073 ms] [gust] count
[dbg   674.123 ms] [gust] scan
[dbg   674.219 ms] ESC: expand begin (331973 intermediates)
[dbg   674.250 ms] [gust] expand
[dbg   674.251 ms] ESC: sort_by_key begin
[dbg   674.562 ms] [gust] sort
[dbg   674.711 ms] ESC: reduce_by_key begin
[dbg   674.773 ms] [gust] reduce
[dbg   675.022 ms] [gust] final
[dbg   675.046 ms] [gust] pack
[dbg   675.101 ms] [gust] d2h
[dbg   675.283 ms] [merge] start
[dbg   675.387 ms] [merge] h2d
[dbg   675.390 ms] merge: count begin
[dbg   675.410 ms] [merge] count
[dbg   675.460 ms] [merge] scan
[dbg   675.574 ms] merge: expand_serial begin (331973 intermediates)
[dbg   675.636 ms] [merge] expand
[dbg   675.776 ms] merge: merge_serial begin
[dbg   675.998 ms] [merge] merge
[dbg   676.140 ms] [merge] final
[dbg   676.327 ms] [merge] compact
[dbg   676.352 ms] [merge] pack
[dbg   676.408 ms] [merge] d2h
[dbg   676.522 ms] [mrg2] start
[dbg   676.636 ms] [mrg2] h2d
[dbg   676.640 ms] merge2: count begin
[dbg   676.660 ms] [mrg2] count
[dbg   676.715 ms] [mrg2] scan
[dbg   676.810 ms] merge2: merge_warp begin (331973 intermediates)
[dbg   676.881 ms] [mrg2] merge
[dbg   676.929 ms] [mrg2] final
[dbg   677.048 ms] [mrg2] compact
[dbg   677.072 ms] [mrg2] pack
[dbg   677.129 ms] [mrg2] d2h
[dbg   677.231 ms] [cu] start
[dbg   677.306 ms] [cu] h2dmalloc (151832 B)
[dbg   677.330 ms] [cu] h2d (151832 B)
[dbg   677.338 ms] cusparse: workEstimation begin
[dbg   677.408 ms] [cu] workest (buf1=222563 B)
[dbg   677.413 ms] cusparse: compute begin
[dbg   677.717 ms] [cu] compute (buf2=7981943 B)
[dbg   677.723 ms] cusparse: C size = 1083 x 1083, nnz=71289
[dbg   677.731 ms] cusparse: copy begin
[dbg   677.786 ms] [cu] copy
[dbg   677.810 ms] [cu] pack
[dbg   677.932 ms] self_product: C D2H begin (574648 B)
[dbg   677.989 ms] [cu] d2h
[dbg   678.068 ms] [gust] start
[dbg   678.179 ms] [gust] h2d
[dbg   678.182 ms] ESC: count intermediates begin
[dbg   678.203 ms] [gust] count
[dbg   678.244 ms] [gust] scan
[dbg   678.319 ms] ESC: expand begin (331973 intermediates)
[dbg   678.350 ms] [gust] expand
[dbg   678.353 ms] ESC: sort_by_key begin
[dbg   678.665 ms] [gust] sort
[dbg   678.786 ms] ESC: reduce_by_key begin
[dbg   678.838 ms] [gust] reduce
[dbg   679.080 ms] [gust] final
[dbg   679.104 ms] [gust] pack
[dbg   679.160 ms] [gust] d2h
[dbg   679.336 ms] [merge] start
[dbg   679.434 ms] [merge] h2d
[dbg   679.437 ms] merge: count begin
[dbg   679.456 ms] [merge] count
[dbg   679.508 ms] [merge] scan
[dbg   679.602 ms] merge: expand_serial begin (331973 intermediates)
[dbg   679.661 ms] [merge] expand
[dbg   679.790 ms] merge: merge_serial begin
[dbg   680.015 ms] [merge] merge
[dbg   680.152 ms] [merge] final
[dbg   680.345 ms] [merge] compact
[dbg   680.369 ms] [merge] pack
[dbg   680.424 ms] [merge] d2h
[dbg   680.525 ms] [mrg2] start
[dbg   680.644 ms] [mrg2] h2d
[dbg   680.648 ms] merge2: count begin
[dbg   680.668 ms] [mrg2] count
[dbg   680.710 ms] [mrg2] scan
[dbg   680.787 ms] merge2: merge_warp begin (331973 intermediates)
[dbg   680.858 ms] [mrg2] merge
[dbg   680.900 ms] [mrg2] final
[dbg   681.007 ms] [mrg2] compact
[dbg   681.036 ms] [mrg2] pack
[dbg   681.102 ms] [mrg2] d2h
[dbg   681.199 ms] warmup done
[dbg   681.232 ms] T1 cuSPARSE self_product: start
[dbg   681.234 ms] [cu] start
[dbg   681.326 ms] [cu] h2dmalloc (151832 B)
[dbg   681.353 ms] [cu] h2d (151832 B)
[dbg   681.364 ms] cusparse: workEstimation begin
[dbg   681.437 ms] [cu] workest (buf1=222563 B)
[dbg   681.440 ms] cusparse: compute begin
[dbg   681.743 ms] [cu] compute (buf2=7981943 B)
[dbg   681.749 ms] cusparse: C size = 1083 x 1083, nnz=71289
[dbg   681.758 ms] cusparse: copy begin
[dbg   681.814 ms] [cu] copy
[dbg   681.842 ms] [cu] pack
[dbg   681.966 ms] self_product: C D2H begin (574648 B)
[dbg   682.027 ms] [cu] d2h
[dbg   682.121 ms] T1 cuSPARSE self_product: done (C_nnz=71289)
[dbg   682.154 ms] T4 manual self_product: start
[dbg   682.156 ms] [gust] start
[dbg   682.277 ms] [gust] h2d
[dbg   682.280 ms] ESC: count intermediates begin
[dbg   682.303 ms] [gust] count
[dbg   682.356 ms] [gust] scan
[dbg   682.447 ms] ESC: expand begin (331973 intermediates)
[dbg   682.477 ms] [gust] expand
[dbg   682.478 ms] ESC: sort_by_key begin
[dbg   682.800 ms] [gust] sort
[dbg   682.939 ms] ESC: reduce_by_key begin
[dbg   682.995 ms] [gust] reduce
[dbg   683.236 ms] [gust] final
[dbg   683.261 ms] [gust] pack
[dbg   683.317 ms] [gust] d2h
[dbg   683.507 ms] T4 manual self_product: done (C_nnz=71289)
[dbg   683.537 ms] T4b merge self_product: start
[dbg   683.539 ms] [merge] start
[dbg   683.667 ms] [merge] h2d
[dbg   683.670 ms] merge: count begin
[dbg   683.692 ms] [merge] count
[dbg   683.736 ms] [merge] scan
[dbg   683.814 ms] merge: expand_serial begin (331973 intermediates)
[dbg   683.886 ms] [merge] expand
[dbg   684.028 ms] merge: merge_serial begin
[dbg   684.252 ms] [merge] merge
[dbg   684.401 ms] [merge] final
[dbg   684.588 ms] [merge] compact
[dbg   684.619 ms] [merge] pack
[dbg   684.675 ms] [merge] d2h
[dbg   684.770 ms] T4b merge self_product: done (C_nnz=71289)
[dbg   684.795 ms] T4c merge2 self_product: start
[dbg   684.798 ms] [mrg2] start
[dbg   684.917 ms] [mrg2] h2d
[dbg   684.921 ms] merge2: count begin
[dbg   684.942 ms] [mrg2] count
[dbg   684.984 ms] [mrg2] scan
[dbg   685.062 ms] merge2: merge_warp begin (331973 intermediates)
[dbg   685.133 ms] [mrg2] merge
[dbg   685.177 ms] [mrg2] final
[dbg   685.303 ms] [mrg2] compact
[dbg   685.325 ms] [mrg2] pack
[dbg   685.380 ms] [mrg2] d2h
[dbg   685.483 ms] T4c merge2 self_product: done (C_nnz=71289)
Reading matrix from ./data/first100/bcsstk09.mtx...
Input A: 1083 x 1083, nnz = 18437, sparsity = 98.43%
===============WARMING UP (3 rounds)===============
=== Computing C = A x A (cuSPARSE) ===
Result C: 1083 x 1083, nnz = 71289, sparsity = 93.92%
Time: 0.893 ms

=== Computing C = A x A (Manual) ===
Result C: 1083 x 1083, nnz = 71289, sparsity = 93.92%
Time: 1.358 ms

=== Computing C = A x A (Merge) ===
Result C: 1083 x 1083, nnz = 71289, sparsity = 93.92%
Time: 1.236 ms

=== Computing C = A x A (Merge2) ===
Result C: 1083 x 1083, nnz = 71289, sparsity = 93.92%
Time: 0.693 ms

=== All tests completed ===
[27/100] Processing bcsstk10 ... (max 600s)
[dbg     0.001 ms] main entry, initializing CUDA context...
[dbg   490.301 ms] CUDA context ready
[dbg   490.490 ms] start read_matrix_market: ./data/first100/bcsstk10.mtx
[dbg   495.615 ms] read done: 1086 x 1086, nnz=22070
[mempool] host pinned arena ready: 256 MB (USE_MEMPOOL=ON)
[dbg   645.885 ms] [cu] start
[dbg   654.892 ms] [cu] h2dmalloc (180908 B)
[dbg   654.969 ms] [cu] h2d (180908 B)
[dbg   655.016 ms] cusparse: workEstimation begin
[dbg   682.538 ms] [cu] workest (buf1=266159 B)
[dbg   682.552 ms] cusparse: compute begin
[dbg   683.393 ms] [cu] compute (buf2=11602183 B)
[dbg   683.403 ms] cusparse: C size = 1086 x 1086, nnz=54504
[dbg   683.424 ms] cusparse: copy begin
[dbg   683.533 ms] [cu] copy
[dbg   683.563 ms] [cu] pack
[dbg   683.731 ms] self_product: C D2H begin (440380 B)
[dbg   683.789 ms] [cu] d2h
[dbg   683.877 ms] [gust] start
[dbg   684.007 ms] [gust] h2d
[dbg   684.010 ms] ESC: count intermediates begin
[dbg   685.660 ms] [gust] count
[dbg   685.931 ms] [gust] scan
[dbg   686.099 ms] ESC: expand begin (482794 intermediates)
[dbg   686.149 ms] [gust] expand
[dbg   686.152 ms] ESC: sort_by_key begin
[dbg   686.596 ms] [gust] sort
[dbg   686.736 ms] ESC: reduce_by_key begin
[dbg   686.927 ms] [gust] reduce
[dbg   687.208 ms] [gust] final
[dbg   687.235 ms] [gust] pack
[dbg   687.284 ms] [gust] d2h
[dbg   687.426 ms] [merge] start
[dbg   687.534 ms] [merge] h2d
[dbg   687.539 ms] merge: count begin
[dbg   687.558 ms] [merge] count
[dbg   687.601 ms] [merge] scan
[dbg   687.723 ms] merge: expand_serial begin (482794 intermediates)
[dbg   688.268 ms] [merge] expand
[dbg   688.440 ms] merge: merge_serial begin
[dbg   688.741 ms] [merge] merge
[dbg   688.876 ms] [merge] final
[dbg   689.044 ms] [merge] compact
[dbg   689.068 ms] [merge] pack
[dbg   689.117 ms] [merge] d2h
[dbg   689.250 ms] [mrg2] start
[dbg   689.345 ms] [mrg2] h2d
[dbg   689.350 ms] merge2: count begin
[dbg   689.368 ms] [mrg2] count
[dbg   689.407 ms] [mrg2] scan
[dbg   689.534 ms] merge2: merge_warp begin (482794 intermediates)
[dbg   689.642 ms] [mrg2] merge
[dbg   689.683 ms] [mrg2] final
[dbg   689.778 ms] [mrg2] compact
[dbg   689.799 ms] [mrg2] pack
[dbg   689.846 ms] [mrg2] d2h
[dbg   689.973 ms] [cu] start
[dbg   690.035 ms] [cu] h2dmalloc (180908 B)
[dbg   690.065 ms] [cu] h2d (180908 B)
[dbg   690.076 ms] cusparse: workEstimation begin
[dbg   690.135 ms] [cu] workest (buf1=266159 B)
[dbg   690.138 ms] cusparse: compute begin
[dbg   690.412 ms] [cu] compute (buf2=11602183 B)
[dbg   690.416 ms] cusparse: C size = 1086 x 1086, nnz=54504
[dbg   690.423 ms] cusparse: copy begin
[dbg   690.471 ms] [cu] copy
[dbg   690.490 ms] [cu] pack
[dbg   690.586 ms] self_product: C D2H begin (440380 B)
[dbg   690.637 ms] [cu] d2h
[dbg   690.702 ms] [gust] start
[dbg   690.791 ms] [gust] h2d
[dbg   690.794 ms] ESC: count intermediates begin
[dbg   690.813 ms] [gust] count
[dbg   690.852 ms] [gust] scan
[dbg   690.967 ms] ESC: expand begin (482794 intermediates)
[dbg   690.994 ms] [gust] expand
[dbg   690.996 ms] ESC: sort_by_key begin
[dbg   691.268 ms] [gust] sort
[dbg   691.379 ms] ESC: reduce_by_key begin
[dbg   691.423 ms] [gust] reduce
[dbg   691.674 ms] [gust] final
[dbg   691.696 ms] [gust] pack
[dbg   691.743 ms] [gust] d2h
[dbg   691.872 ms] [merge] start
[dbg   691.960 ms] [merge] h2d
[dbg   691.963 ms] merge: count begin
[dbg   691.980 ms] [merge] count
[dbg   692.018 ms] [merge] scan
[dbg   692.126 ms] merge: expand_serial begin (482794 intermediates)
[dbg   692.213 ms] [merge] expand
[dbg   692.320 ms] merge: merge_serial begin
[dbg   692.591 ms] [merge] merge
[dbg   692.699 ms] [merge] final
[dbg   692.837 ms] [merge] compact
[dbg   692.857 ms] [merge] pack
[dbg   692.904 ms] [merge] d2h
[dbg   693.029 ms] [mrg2] start
[dbg   693.114 ms] [mrg2] h2d
[dbg   693.116 ms] merge2: count begin
[dbg   693.133 ms] [mrg2] count
[dbg   693.170 ms] [mrg2] scan
[dbg   693.280 ms] merge2: merge_warp begin (482794 intermediates)
[dbg   693.353 ms] [mrg2] merge
[dbg   693.390 ms] [mrg2] final
[dbg   693.476 ms] [mrg2] compact
[dbg   693.496 ms] [mrg2] pack
[dbg   693.545 ms] [mrg2] d2h
[dbg   693.670 ms] [cu] start
[dbg   693.730 ms] [cu] h2dmalloc (180908 B)
[dbg   693.760 ms] [cu] h2d (180908 B)
[dbg   693.769 ms] cusparse: workEstimation begin
[dbg   693.822 ms] [cu] workest (buf1=266159 B)
[dbg   693.825 ms] cusparse: compute begin
[dbg   694.091 ms] [cu] compute (buf2=11602183 B)
[dbg   694.095 ms] cusparse: C size = 1086 x 1086, nnz=54504
[dbg   694.102 ms] cusparse: copy begin
[dbg   694.149 ms] [cu] copy
[dbg   694.169 ms] [cu] pack
[dbg   694.253 ms] self_product: C D2H begin (440380 B)
[dbg   694.301 ms] [cu] d2h
[dbg   694.364 ms] [gust] start
[dbg   694.450 ms] [gust] h2d
[dbg   694.453 ms] ESC: count intermediates begin
[dbg   694.470 ms] [gust] count
[dbg   694.508 ms] [gust] scan
[dbg   694.628 ms] ESC: expand begin (482794 intermediates)
[dbg   694.656 ms] [gust] expand
[dbg   694.657 ms] ESC: sort_by_key begin
[dbg   694.925 ms] [gust] sort
[dbg   695.033 ms] ESC: reduce_by_key begin
[dbg   695.076 ms] [gust] reduce
[dbg   695.312 ms] [gust] final
[dbg   695.334 ms] [gust] pack
[dbg   695.382 ms] [gust] d2h
[dbg   695.510 ms] [merge] start
[dbg   695.606 ms] [merge] h2d
[dbg   695.611 ms] merge: count begin
[dbg   695.628 ms] [merge] count
[dbg   695.670 ms] [merge] scan
[dbg   695.779 ms] merge: expand_serial begin (482794 intermediates)
[dbg   695.866 ms] [merge] expand
[dbg   695.973 ms] merge: merge_serial begin
[dbg   696.244 ms] [merge] merge
[dbg   696.350 ms] [merge] final
[dbg   696.497 ms] [merge] compact
[dbg   696.518 ms] [merge] pack
[dbg   696.566 ms] [merge] d2h
[dbg   696.694 ms] [mrg2] start
[dbg   696.782 ms] [mrg2] h2d
[dbg   696.786 ms] merge2: count begin
[dbg   696.802 ms] [mrg2] count
[dbg   696.839 ms] [mrg2] scan
[dbg   696.951 ms] merge2: merge_warp begin (482794 intermediates)
[dbg   697.024 ms] [mrg2] merge
[dbg   697.062 ms] [mrg2] final
[dbg   697.149 ms] [mrg2] compact
[dbg   697.170 ms] [mrg2] pack
[dbg   697.218 ms] [mrg2] d2h
[dbg   697.342 ms] warmup done
[dbg   697.374 ms] T1 cuSPARSE self_product: start
[dbg   697.376 ms] [cu] start
[dbg   697.438 ms] [cu] h2dmalloc (180908 B)
[dbg   697.468 ms] [cu] h2d (180908 B)
[dbg   697.479 ms] cusparse: workEstimation begin
[dbg   697.541 ms] [cu] workest (buf1=266159 B)
[dbg   697.544 ms] cusparse: compute begin
[dbg   697.811 ms] [cu] compute (buf2=11602183 B)
[dbg   697.814 ms] cusparse: C size = 1086 x 1086, nnz=54504
[dbg   697.822 ms] cusparse: copy begin
[dbg   697.870 ms] [cu] copy
[dbg   697.889 ms] [cu] pack
[dbg   697.976 ms] self_product: C D2H begin (440380 B)
[dbg   698.031 ms] [cu] d2h
[dbg   698.094 ms] T1 cuSPARSE self_product: done (C_nnz=54504)
[dbg   698.121 ms] T4 manual self_product: start
[dbg   698.123 ms] [gust] start
[dbg   698.211 ms] [gust] h2d
[dbg   698.214 ms] ESC: count intermediates begin
[dbg   698.232 ms] [gust] count
[dbg   698.270 ms] [gust] scan
[dbg   698.380 ms] ESC: expand begin (482794 intermediates)
[dbg   698.407 ms] [gust] expand
[dbg   698.408 ms] ESC: sort_by_key begin
[dbg   698.683 ms] [gust] sort
[dbg   698.791 ms] ESC: reduce_by_key begin
[dbg   698.834 ms] [gust] reduce
[dbg   699.070 ms] [gust] final
[dbg   699.092 ms] [gust] pack
[dbg   699.139 ms] [gust] d2h
[dbg   699.268 ms] T4 manual self_product: done (C_nnz=54504)
[dbg   699.292 ms] T4b merge self_product: start
[dbg   699.294 ms] [merge] start
[dbg   699.382 ms] [merge] h2d
[dbg   699.386 ms] merge: count begin
[dbg   699.403 ms] [merge] count
[dbg   699.439 ms] [merge] scan
[dbg   699.557 ms] merge: expand_serial begin (482794 intermediates)
[dbg   699.644 ms] [merge] expand
[dbg   699.750 ms] merge: merge_serial begin
[dbg   700.021 ms] [merge] merge
[dbg   700.131 ms] [merge] final
[dbg   700.267 ms] [merge] compact
[dbg   700.288 ms] [merge] pack
[dbg   700.334 ms] [merge] d2h
[dbg   700.460 ms] T4b merge self_product: done (C_nnz=54504)
[dbg   700.480 ms] T4c merge2 self_product: start
[dbg   700.481 ms] [mrg2] start
[dbg   700.576 ms] [mrg2] h2d
[dbg   700.579 ms] merge2: count begin
[dbg   700.596 ms] [mrg2] count
[dbg   700.632 ms] [mrg2] scan
[dbg   700.744 ms] merge2: merge_warp begin (482794 intermediates)
[dbg   700.817 ms] [mrg2] merge
[dbg   700.855 ms] [mrg2] final
[dbg   700.943 ms] [mrg2] compact
[dbg   700.963 ms] [mrg2] pack
[dbg   701.011 ms] [mrg2] d2h
[dbg   701.137 ms] T4c merge2 self_product: done (C_nnz=54504)
Reading matrix from ./data/first100/bcsstk10.mtx...
Input A: 1086 x 1086, nnz = 22070, sparsity = 98.13%
===============WARMING UP (3 rounds)===============
=== Computing C = A x A (cuSPARSE) ===
Result C: 1086 x 1086, nnz = 54504, sparsity = 95.38%
Time: 0.723 ms

=== Computing C = A x A (Manual) ===
Result C: 1086 x 1086, nnz = 54504, sparsity = 95.38%
Time: 1.150 ms

=== Computing C = A x A (Merge) ===
Result C: 1086 x 1086, nnz = 54504, sparsity = 95.38%
Time: 1.170 ms

=== Computing C = A x A (Merge2) ===
Result C: 1086 x 1086, nnz = 54504, sparsity = 95.38%
Time: 0.660 ms

=== All tests completed ===
[28/100] Processing bcsstk11 ... (max 600s)
[dbg     0.000 ms] main entry, initializing CUDA context...
[dbg   482.864 ms] CUDA context ready
[dbg   483.052 ms] start read_matrix_market: ./data/first100/bcsstk11.mtx
[dbg   490.071 ms] read done: 1473 x 1473, nnz=34241
[mempool] host pinned arena ready: 256 MB (USE_MEMPOOL=ON)
[dbg   636.519 ms] [cu] start
[dbg   645.012 ms] [cu] h2dmalloc (279824 B)
[dbg   645.092 ms] [cu] h2d (279824 B)
[dbg   645.136 ms] cusparse: workEstimation begin
[dbg   672.154 ms] [cu] workest (buf1=412467 B)
[dbg   672.168 ms] cusparse: compute begin
[dbg   673.298 ms] [cu] compute (buf2=20730143 B)
[dbg   673.309 ms] cusparse: C size = 1473 x 1473, nnz=94187
[dbg   673.327 ms] cusparse: copy begin
[dbg   673.429 ms] [cu] copy
[dbg   673.594 ms] [cu] pack
[dbg   673.762 ms] self_product: C D2H begin (759392 B)
[dbg   673.841 ms] [cu] d2h
[dbg   673.996 ms] [gust] start
[dbg   674.114 ms] [gust] h2d
[dbg   674.117 ms] ESC: count intermediates begin
[dbg   675.554 ms] [gust] count
[dbg   675.704 ms] [gust] scan
[dbg   675.902 ms] ESC: expand begin (862795 intermediates)
[dbg   675.953 ms] [gust] expand
[dbg   675.956 ms] ESC: sort_by_key begin
[dbg   676.452 ms] [gust] sort
[dbg   676.617 ms] ESC: reduce_by_key begin
[dbg   676.802 ms] [gust] reduce
[dbg   677.170 ms] [gust] final
[dbg   677.194 ms] [gust] pack
[dbg   677.264 ms] [gust] d2h
[dbg   677.351 ms] [merge] start
[dbg   677.460 ms] [merge] h2d
[dbg   677.466 ms] merge: count begin
[dbg   677.485 ms] [merge] count
[dbg   677.536 ms] [merge] scan
[dbg   677.662 ms] merge: expand_serial begin (862795 intermediates)
[dbg   678.189 ms] [merge] expand
[dbg   678.366 ms] merge: merge_serial begin
[dbg   678.715 ms] [merge] merge
[dbg   678.909 ms] [merge] final
[dbg   679.065 ms] [merge] compact
[dbg   679.089 ms] [merge] pack
[dbg   679.159 ms] [merge] d2h
[dbg   679.239 ms] [mrg2] start
[dbg   679.337 ms] [mrg2] h2d
[dbg   679.342 ms] merge2: count begin
[dbg   679.361 ms] [mrg2] count
[dbg   679.399 ms] [mrg2] scan
[dbg   679.523 ms] merge2: merge_warp begin (862795 intermediates)
[dbg   679.642 ms] [mrg2] merge
[dbg   679.689 ms] [mrg2] final
[dbg   679.844 ms] [mrg2] compact
[dbg   679.865 ms] [mrg2] pack
[dbg   679.934 ms] [mrg2] d2h
[dbg   680.011 ms] [cu] start
[dbg   680.077 ms] [cu] h2dmalloc (279824 B)
[dbg   680.109 ms] [cu] h2d (279824 B)
[dbg   680.119 ms] cusparse: workEstimation begin
[dbg   680.175 ms] [cu] workest (buf1=412467 B)
[dbg   680.177 ms] cusparse: compute begin
[dbg   680.489 ms] [cu] compute (buf2=20730143 B)
[dbg   680.493 ms] cusparse: C size = 1473 x 1473, nnz=94187
[dbg   680.501 ms] cusparse: copy begin
[dbg   680.549 ms] [cu] copy
[dbg   680.651 ms] [cu] pack
[dbg   680.754 ms] self_product: C D2H begin (759392 B)
[dbg   680.825 ms] [cu] d2h
[dbg   680.950 ms] [gust] start
[dbg   681.043 ms] [gust] h2d
[dbg   681.046 ms] ESC: count intermediates begin
[dbg   681.066 ms] [gust] count
[dbg   681.108 ms] [gust] scan
[dbg   681.225 ms] ESC: expand begin (862795 intermediates)
[dbg   681.256 ms] [gust] expand
[dbg   681.258 ms] ESC: sort_by_key begin
[dbg   681.587 ms] [gust] sort
[dbg   681.745 ms] ESC: reduce_by_key begin
[dbg   681.806 ms] [gust] reduce
[dbg   682.124 ms] [gust] final
[dbg   682.146 ms] [gust] pack
[dbg   682.215 ms] [gust] d2h
[dbg   682.295 ms] [merge] start
[dbg   682.391 ms] [merge] h2d
[dbg   682.396 ms] merge: count begin
[dbg   682.413 ms] [merge] count
[dbg   682.451 ms] [merge] scan
[dbg   682.565 ms] merge: expand_serial begin (862795 intermediates)
[dbg   682.656 ms] [merge] expand
[dbg   682.781 ms] merge: merge_serial begin
[dbg   683.100 ms] [merge] merge
[dbg   683.264 ms] [merge] final
[dbg   683.403 ms] [merge] compact
[dbg   683.424 ms] [merge] pack
[dbg   683.492 ms] [merge] d2h
[dbg   683.567 ms] [mrg2] start
[dbg   683.666 ms] [mrg2] h2d
[dbg   683.669 ms] merge2: count begin
[dbg   683.695 ms] [mrg2] count
[dbg   683.731 ms] [mrg2] scan
[dbg   683.847 ms] merge2: merge_warp begin (862795 intermediates)
[dbg   683.928 ms] [mrg2] merge
[dbg   683.964 ms] [mrg2] final
[dbg   684.107 ms] [mrg2] compact
[dbg   684.126 ms] [mrg2] pack
[dbg   684.195 ms] [mrg2] d2h
[dbg   684.270 ms] [cu] start
[dbg   684.329 ms] [cu] h2dmalloc (279824 B)
[dbg   684.359 ms] [cu] h2d (279824 B)
[dbg   684.366 ms] cusparse: workEstimation begin
[dbg   684.421 ms] [cu] workest (buf1=412467 B)
[dbg   684.423 ms] cusparse: compute begin
[dbg   684.727 ms] [cu] compute (buf2=20730143 B)
[dbg   684.731 ms] cusparse: C size = 1473 x 1473, nnz=94187
[dbg   684.739 ms] cusparse: copy begin
[dbg   684.786 ms] [cu] copy
[dbg   684.888 ms] [cu] pack
[dbg   684.979 ms] self_product: C D2H begin (759392 B)
[dbg   685.051 ms] [cu] d2h
[dbg   685.178 ms] [gust] start
[dbg   685.268 ms] [gust] h2d
[dbg   685.270 ms] ESC: count intermediates begin
[dbg   685.289 ms] [gust] count
[dbg   685.327 ms] [gust] scan
[dbg   685.439 ms] ESC: expand begin (862795 intermediates)
[dbg   685.471 ms] [gust] expand
[dbg   685.473 ms] ESC: sort_by_key begin
[dbg   685.807 ms] [gust] sort
[dbg   685.938 ms] ESC: reduce_by_key begin
[dbg   685.995 ms] [gust] reduce
[dbg   686.303 ms] [gust] final
[dbg   686.324 ms] [gust] pack
[dbg   686.393 ms] [gust] d2h
[dbg   686.470 ms] [merge] start
[dbg   686.571 ms] [merge] h2d
[dbg   686.577 ms] merge: count begin
[dbg   686.595 ms] [merge] count
[dbg   686.629 ms] [merge] scan
[dbg   686.751 ms] merge: expand_serial begin (862795 intermediates)
[dbg   686.842 ms] [merge] expand
[dbg   686.951 ms] merge: merge_serial begin
[dbg   687.267 ms] [merge] merge
[dbg   687.429 ms] [merge] final
[dbg   687.568 ms] [merge] compact
[dbg   687.589 ms] [merge] pack
[dbg   687.658 ms] [merge] d2h
[dbg   687.738 ms] [mrg2] start
[dbg   687.829 ms] [mrg2] h2d
[dbg   687.832 ms] merge2: count begin
[dbg   687.850 ms] [mrg2] count
[dbg   687.885 ms] [mrg2] scan
[dbg   687.999 ms] merge2: merge_warp begin (862795 intermediates)
[dbg   688.079 ms] [mrg2] merge
[dbg   688.114 ms] [mrg2] final
[dbg   688.254 ms] [mrg2] compact
[dbg   688.274 ms] [mrg2] pack
[dbg   688.342 ms] [mrg2] d2h
[dbg   688.414 ms] warmup done
[dbg   688.452 ms] T1 cuSPARSE self_product: start
[dbg   688.454 ms] [cu] start
[dbg   688.517 ms] [cu] h2dmalloc (279824 B)
[dbg   688.549 ms] [cu] h2d (279824 B)
[dbg   688.556 ms] cusparse: workEstimation begin
[dbg   688.607 ms] [cu] workest (buf1=412467 B)
[dbg   688.612 ms] cusparse: compute begin
[dbg   688.924 ms] [cu] compute (buf2=20730143 B)
[dbg   688.928 ms] cusparse: C size = 1473 x 1473, nnz=94187
[dbg   688.936 ms] cusparse: copy begin
[dbg   688.980 ms] [cu] copy
[dbg   689.081 ms] [cu] pack
[dbg   689.175 ms] self_product: C D2H begin (759392 B)
[dbg   689.245 ms] [cu] d2h
[dbg   689.370 ms] T1 cuSPARSE self_product: done (C_nnz=94187)
[dbg   689.396 ms] T4 manual self_product: start
[dbg   689.397 ms] [gust] start
[dbg   689.494 ms] [gust] h2d
[dbg   689.496 ms] ESC: count intermediates begin
[dbg   689.516 ms] [gust] count
[dbg   689.556 ms] [gust] scan
[dbg   689.670 ms] ESC: expand begin (862795 intermediates)
[dbg   689.716 ms] [gust] expand
[dbg   689.719 ms] ESC: sort_by_key begin
[dbg   690.055 ms] [gust] sort
[dbg   690.179 ms] ESC: reduce_by_key begin
[dbg   690.227 ms] [gust] reduce
[dbg   690.531 ms] [gust] final
[dbg   690.554 ms] [gust] pack
[dbg   690.623 ms] [gust] d2h
[dbg   690.713 ms] T4 manual self_product: done (C_nnz=94187)
[dbg   690.736 ms] T4b merge self_product: start
[dbg   690.739 ms] [merge] start
[dbg   690.839 ms] [merge] h2d
[dbg   690.845 ms] merge: count begin
[dbg   690.864 ms] [merge] count
[dbg   690.902 ms] [merge] scan
[dbg   691.016 ms] merge: expand_serial begin (862795 intermediates)
[dbg   691.106 ms] [merge] expand
[dbg   691.216 ms] merge: merge_serial begin
[dbg   691.533 ms] [merge] merge
[dbg   691.705 ms] [merge] final
[dbg   691.844 ms] [merge] compact
[dbg   691.867 ms] [merge] pack
[dbg   691.936 ms] [merge] d2h
[dbg   692.024 ms] T4b merge self_product: done (C_nnz=94187)
[dbg   692.049 ms] T4c merge2 self_product: start
[dbg   692.050 ms] [mrg2] start
[dbg   692.179 ms] [mrg2] h2d
[dbg   692.185 ms] merge2: count begin
[dbg   692.209 ms] [mrg2] count
[dbg   692.254 ms] [mrg2] scan
[dbg   692.426 ms] merge2: merge_warp begin (862795 intermediates)
[dbg   692.516 ms] [mrg2] merge
[dbg   692.563 ms] [mrg2] final
[dbg   692.734 ms] [mrg2] compact
[dbg   692.757 ms] [mrg2] pack
[dbg   692.829 ms] [mrg2] d2h
[dbg   692.905 ms] T4c merge2 self_product: done (C_nnz=94187)
Reading matrix from ./data/first100/bcsstk11.mtx...
Input A: 1473 x 1473, nnz = 34241, sparsity = 98.42%
===============WARMING UP (3 rounds)===============
=== Computing C = A x A (cuSPARSE) ===
Result C: 1473 x 1473, nnz = 94187, sparsity = 95.66%
Time: 0.921 ms

=== Computing C = A x A (Manual) ===
Result C: 1473 x 1473, nnz = 94187, sparsity = 95.66%
Time: 1.321 ms

=== Computing C = A x A (Merge) ===
Result C: 1473 x 1473, nnz = 94187, sparsity = 95.66%
Time: 1.291 ms

=== Computing C = A x A (Merge2) ===
Result C: 1473 x 1473, nnz = 94187, sparsity = 95.66%
Time: 0.859 ms

=== All tests completed ===
[29/100] Processing bcsstk12 ... (max 600s)
[dbg     0.001 ms] main entry, initializing CUDA context...
[dbg   473.734 ms] CUDA context ready
[dbg   473.913 ms] start read_matrix_market: ./data/first100/bcsstk12.mtx
[dbg   481.088 ms] read done: 1473 x 1473, nnz=34241
[mempool] host pinned arena ready: 256 MB (USE_MEMPOOL=ON)
[dbg   631.139 ms] [cu] start
[dbg   639.353 ms] [cu] h2dmalloc (279824 B)
[dbg   639.445 ms] [cu] h2d (279824 B)
[dbg   639.486 ms] cusparse: workEstimation begin
[dbg   664.841 ms] [cu] workest (buf1=412467 B)
[dbg   664.855 ms] cusparse: compute begin
[dbg   666.068 ms] [cu] compute (buf2=20730143 B)
[dbg   666.082 ms] cusparse: C size = 1473 x 1473, nnz=94187
[dbg   666.099 ms] cusparse: copy begin
[dbg   666.212 ms] [cu] copy
[dbg   666.419 ms] [cu] pack
[dbg   666.607 ms] self_product: C D2H begin (759392 B)
[dbg   666.684 ms] [cu] d2h
[dbg   666.870 ms] [gust] start
[dbg   666.995 ms] [gust] h2d
[dbg   666.998 ms] ESC: count intermediates begin
[dbg   668.732 ms] [gust] count
[dbg   668.897 ms] [gust] scan
[dbg   669.126 ms] ESC: expand begin (862795 intermediates)
[dbg   669.184 ms] [gust] expand
[dbg   669.185 ms] ESC: sort_by_key begin
[dbg   669.769 ms] [gust] sort
[dbg   669.979 ms] ESC: reduce_by_key begin
[dbg   670.181 ms] [gust] reduce
[dbg   670.644 ms] [gust] final
[dbg   670.672 ms] [gust] pack
[dbg   670.754 ms] [gust] d2h
[dbg   670.865 ms] [merge] start
[dbg   670.992 ms] [merge] h2d
[dbg   670.997 ms] merge: count begin
[dbg   671.019 ms] [merge] count
[dbg   671.069 ms] [merge] scan
[dbg   671.237 ms] merge: expand_serial begin (862795 intermediates)
[dbg   671.807 ms] [merge] expand
[dbg   672.020 ms] merge: merge_serial begin
[dbg   672.376 ms] [merge] merge
[dbg   672.634 ms] [merge] final
[dbg   672.842 ms] [merge] compact
[dbg   672.868 ms] [merge] pack
[dbg   672.938 ms] [merge] d2h
[dbg   673.042 ms] [mrg2] start
[dbg   673.167 ms] [mrg2] h2d
[dbg   673.173 ms] merge2: count begin
[dbg   673.195 ms] [mrg2] count
[dbg   673.249 ms] [mrg2] scan
[dbg   673.410 ms] merge2: merge_warp begin (862795 intermediates)
[dbg   673.564 ms] [mrg2] merge
[dbg   673.620 ms] [mrg2] final
[dbg   673.831 ms] [mrg2] compact
[dbg   673.858 ms] [mrg2] pack
[dbg   673.929 ms] [mrg2] d2h
[dbg   674.028 ms] [cu] start
[dbg   674.117 ms] [cu] h2dmalloc (279824 B)
[dbg   674.152 ms] [cu] h2d (279824 B)
[dbg   674.168 ms] cusparse: workEstimation begin
[dbg   674.246 ms] [cu] workest (buf1=412467 B)
[dbg   674.250 ms] cusparse: compute begin
[dbg   674.616 ms] [cu] compute (buf2=20730143 B)
[dbg   674.621 ms] cusparse: C size = 1473 x 1473, nnz=94187
[dbg   674.632 ms] cusparse: copy begin
[dbg   674.690 ms] [cu] copy
[dbg   674.840 ms] [cu] pack
[dbg   674.969 ms] self_product: C D2H begin (759392 B)
[dbg   675.042 ms] [cu] d2h
[dbg   675.208 ms] [gust] start
[dbg   675.330 ms] [gust] h2d
[dbg   675.333 ms] ESC: count intermediates begin
[dbg   675.357 ms] [gust] count
[dbg   675.406 ms] [gust] scan
[dbg   675.585 ms] ESC: expand begin (862795 intermediates)
[dbg   675.623 ms] [gust] expand
[dbg   675.626 ms] ESC: sort_by_key begin
[dbg   676.007 ms] [gust] sort
[dbg   676.154 ms] ESC: reduce_by_key begin
[dbg   676.229 ms] [gust] reduce
[dbg   676.634 ms] [gust] final
[dbg   676.659 ms] [gust] pack
[dbg   676.729 ms] [gust] d2h
[dbg   676.832 ms] [merge] start
[dbg   676.957 ms] [merge] h2d
[dbg   676.962 ms] merge: count begin
[dbg   676.983 ms] [merge] count
[dbg   677.035 ms] [merge] scan
[dbg   677.184 ms] merge: expand_serial begin (862795 intermediates)
[dbg   677.277 ms] [merge] expand
[dbg   677.409 ms] merge: merge_serial begin
[dbg   677.730 ms] [merge] merge
[dbg   677.952 ms] [merge] final
[dbg   678.130 ms] [merge] compact
[dbg   678.155 ms] [merge] pack
[dbg   678.226 ms] [merge] d2h
[dbg   678.325 ms] [mrg2] start
[dbg   678.446 ms] [mrg2] h2d
[dbg   678.453 ms] merge2: count begin
[dbg   678.474 ms] [mrg2] count
[dbg   678.525 ms] [mrg2] scan
[dbg   678.683 ms] merge2: merge_warp begin (862795 intermediates)
[dbg   678.767 ms] [mrg2] merge
[dbg   678.819 ms] [mrg2] final
[dbg   679.010 ms] [mrg2] compact
[dbg   679.034 ms] [mrg2] pack
[dbg   679.105 ms] [mrg2] d2h
[dbg   679.204 ms] [cu] start
[dbg   679.287 ms] [cu] h2dmalloc (279824 B)
[dbg   679.323 ms] [cu] h2d (279824 B)
[dbg   679.335 ms] cusparse: workEstimation begin
[dbg   679.406 ms] [cu] workest (buf1=412467 B)
[dbg   679.409 ms] cusparse: compute begin
[dbg   679.761 ms] [cu] compute (buf2=20730143 B)
[dbg   679.766 ms] cusparse: C size = 1473 x 1473, nnz=94187
[dbg   679.775 ms] cusparse: copy begin
[dbg   679.832 ms] [cu] copy
[dbg   679.968 ms] [cu] pack
[dbg   680.088 ms] self_product: C D2H begin (759392 B)
[dbg   680.161 ms] [cu] d2h
[dbg   680.335 ms] [gust] start
[dbg   680.451 ms] [gust] h2d
[dbg   680.454 ms] ESC: count intermediates begin
[dbg   680.477 ms] [gust] count
[dbg   680.527 ms] [gust] scan
[dbg   680.680 ms] ESC: expand begin (862795 intermediates)
[dbg   680.714 ms] [gust] expand
[dbg   680.716 ms] ESC: sort_by_key begin
[dbg   681.090 ms] [gust] sort
[dbg   681.244 ms] ESC: reduce_by_key begin
[dbg   681.314 ms] [gust] reduce
[dbg   681.720 ms] [gust] final
[dbg   681.746 ms] [gust] pack
[dbg   681.815 ms] [gust] d2h
[dbg   681.918 ms] [merge] start
[dbg   682.040 ms] [merge] h2d
[dbg   682.045 ms] merge: count begin
[dbg   682.067 ms] [merge] count
[dbg   682.116 ms] [merge] scan
[dbg   682.265 ms] merge: expand_serial begin (862795 intermediates)
[dbg   682.359 ms] [merge] expand
[dbg   682.502 ms] merge: merge_serial begin
[dbg   682.823 ms] [merge] merge
[dbg   683.042 ms] [merge] final
[dbg   683.220 ms] [merge] compact
[dbg   683.244 ms] [merge] pack
[dbg   683.314 ms] [merge] d2h
[dbg   683.411 ms] [mrg2] start
[dbg   683.551 ms] [mrg2] h2d
[dbg   683.556 ms] merge2: count begin
[dbg   683.578 ms] [mrg2] count
[dbg   683.621 ms] [mrg2] scan
[dbg   683.769 ms] merge2: merge_warp begin (862795 intermediates)
[dbg   683.853 ms] [mrg2] merge
[dbg   683.896 ms] [mrg2] final
[dbg   684.086 ms] [mrg2] compact
[dbg   684.110 ms] [mrg2] pack
[dbg   684.180 ms] [mrg2] d2h
[dbg   684.277 ms] warmup done
[dbg   684.308 ms] T1 cuSPARSE self_product: start
[dbg   684.310 ms] [cu] start
[dbg   684.405 ms] [cu] h2dmalloc (279824 B)
[dbg   684.447 ms] [cu] h2d (279824 B)
[dbg   684.455 ms] cusparse: workEstimation begin
[dbg   684.518 ms] [cu] workest (buf1=412467 B)
[dbg   684.520 ms] cusparse: compute begin
[dbg   684.869 ms] [cu] compute (buf2=20730143 B)
[dbg   684.874 ms] cusparse: C size = 1473 x 1473, nnz=94187
[dbg   684.883 ms] cusparse: copy begin
[dbg   684.939 ms] [cu] copy
[dbg   685.075 ms] [cu] pack
[dbg   685.198 ms] self_product: C D2H begin (759392 B)
[dbg   685.270 ms] [cu] d2h
[dbg   685.444 ms] T1 cuSPARSE self_product: done (C_nnz=94187)
[dbg   685.473 ms] T4 manual self_product: start
[dbg   685.474 ms] [gust] start
[dbg   685.595 ms] [gust] h2d
[dbg   685.601 ms] ESC: count intermediates begin
[dbg   685.629 ms] [gust] count
[dbg   685.686 ms] [gust] scan
[dbg   685.822 ms] ESC: expand begin (862795 intermediates)
[dbg   685.855 ms] [gust] expand
[dbg   685.857 ms] ESC: sort_by_key begin
[dbg   686.233 ms] [gust] sort
[dbg   686.387 ms] ESC: reduce_by_key begin
[dbg   686.452 ms] [gust] reduce
[dbg   686.842 ms] [gust] final
[dbg   686.867 ms] [gust] pack
[dbg   686.937 ms] [gust] d2h
[dbg   687.040 ms] T4 manual self_product: done (C_nnz=94187)
[dbg   687.076 ms] T4b merge self_product: start
[dbg   687.081 ms] [merge] start
[dbg   687.209 ms] [merge] h2d
[dbg   687.213 ms] merge: count begin
[dbg   687.236 ms] [merge] count
[dbg   687.289 ms] [merge] scan
[dbg   687.443 ms] merge: expand_serial begin (862795 intermediates)
[dbg   687.541 ms] [merge] expand
[dbg   687.667 ms] merge: merge_serial begin
[dbg   687.985 ms] [merge] merge
[dbg   688.205 ms] [merge] final
[dbg   688.378 ms] [merge] compact
[dbg   688.409 ms] [merge] pack
[dbg   688.480 ms] [merge] d2h
[dbg   688.590 ms] T4b merge self_product: done (C_nnz=94187)
[dbg   688.617 ms] T4c merge2 self_product: start
[dbg   688.618 ms] [mrg2] start
[dbg   688.738 ms] [mrg2] h2d
[dbg   688.741 ms] merge2: count begin
[dbg   688.765 ms] [mrg2] count
[dbg   688.820 ms] [mrg2] scan
[dbg   688.970 ms] merge2: merge_warp begin (862795 intermediates)
[dbg   689.054 ms] [mrg2] merge
[dbg   689.101 ms] [mrg2] final
[dbg   689.290 ms] [mrg2] compact
[dbg   689.314 ms] [mrg2] pack
[dbg   689.384 ms] [mrg2] d2h
[dbg   689.489 ms] T4c merge2 self_product: done (C_nnz=94187)
Reading matrix from ./data/first100/bcsstk12.mtx...
Input A: 1473 x 1473, nnz = 34241, sparsity = 98.42%
===============WARMING UP (3 rounds)===============
=== Computing C = A x A (cuSPARSE) ===
Result C: 1473 x 1473, nnz = 94187, sparsity = 95.66%
Time: 1.139 ms

=== Computing C = A x A (Manual) ===
Result C: 1473 x 1473, nnz = 94187, sparsity = 95.66%
Time: 1.573 ms

=== Computing C = A x A (Merge) ===
Result C: 1473 x 1473, nnz = 94187, sparsity = 95.66%
Time: 1.519 ms

=== Computing C = A x A (Merge2) ===
Result C: 1473 x 1473, nnz = 94187, sparsity = 95.66%
Time: 0.877 ms

=== All tests completed ===
[30/100] Processing bcsstk13 ... (max 600s)
[dbg     0.001 ms] main entry, initializing CUDA context...
[dbg   485.787 ms] CUDA context ready
[dbg   485.960 ms] start read_matrix_market: ./data/first100/bcsstk13.mtx
[dbg   501.187 ms] read done: 2003 x 2003, nnz=83883
[mempool] host pinned arena ready: 256 MB (USE_MEMPOOL=ON)
[dbg   649.743 ms] [cu] start
[dbg   659.241 ms] [cu] h2dmalloc (679080 B)
[dbg   659.357 ms] [cu] h2d (679080 B)
[dbg   659.395 ms] cusparse: workEstimation begin
[dbg   683.728 ms] [cu] workest (buf1=1008939 B)
[dbg   683.742 ms] cusparse: compute begin
[dbg   685.035 ms] [cu] compute (buf2=109408847 B)
[dbg   685.046 ms] cusparse: C size = 2003 x 2003, nnz=396773
[dbg   685.224 ms] cusparse: copy begin
[dbg   685.342 ms] [cu] copy
[dbg   685.456 ms] [cu] pack
[dbg   685.793 ms] self_product: C D2H begin (3182200 B)
[dbg   686.059 ms] [cu] d2h
[dbg   686.248 ms] [gust] start
[dbg   686.385 ms] [gust] h2d
[dbg   686.387 ms] ESC: count intermediates begin
[dbg   688.030 ms] [gust] count
[dbg   688.191 ms] [gust] scan
[dbg   688.420 ms] ESC: expand begin (4554541 intermediates)
[dbg   688.525 ms] [gust] expand
[dbg   688.529 ms] ESC: sort_by_key begin
[dbg   689.539 ms] [gust] sort
[dbg   689.684 ms] ESC: reduce_by_key begin
[dbg   689.901 ms] [gust] reduce
[dbg   690.520 ms] [gust] final
[dbg   690.624 ms] [gust] pack
[dbg   690.895 ms] [gust] d2h
[dbg   691.210 ms] [merge] start
[dbg   691.335 ms] [merge] h2d
[dbg   691.342 ms] merge: count begin
[dbg   691.366 ms] [merge] count
[dbg   691.420 ms] [merge] scan
[dbg   691.548 ms] merge: expand_serial begin (4554541 intermediates)
[dbg   692.707 ms] [merge] expand
[dbg   692.899 ms] merge: merge_serial begin
[dbg   697.324 ms] [merge] merge
[dbg   697.569 ms] [merge] final
[dbg   697.912 ms] [merge] compact
[dbg   698.011 ms] [merge] pack
[dbg   698.274 ms] [merge] d2h
[dbg   698.587 ms] [mrg2] start
[dbg   698.711 ms] [mrg2] h2d
[dbg   698.717 ms] merge2: count begin
[dbg   698.740 ms] [mrg2] count
[dbg   698.784 ms] [mrg2] scan
[dbg   698.906 ms] merge2: merge_warp begin (4554541 intermediates)
[dbg   699.491 ms] [mrg2] merge
[dbg   699.537 ms] [mrg2] final
[dbg   699.847 ms] [mrg2] compact
[dbg   699.936 ms] [mrg2] pack
[dbg   700.197 ms] [mrg2] d2h
[dbg   700.512 ms] [cu] start
[dbg   700.577 ms] [cu] h2dmalloc (679080 B)
[dbg   700.639 ms] [cu] h2d (679080 B)
[dbg   700.651 ms] cusparse: workEstimation begin
[dbg   700.712 ms] [cu] workest (buf1=1008939 B)
[dbg   700.714 ms] cusparse: compute begin
[dbg   701.305 ms] [cu] compute (buf2=109408847 B)
[dbg   701.309 ms] cusparse: C size = 2003 x 2003, nnz=396773
[dbg   701.432 ms] cusparse: copy begin
[dbg   701.494 ms] [cu] copy
[dbg   701.585 ms] [cu] pack
[dbg   701.855 ms] self_product: C D2H begin (3182200 B)
[dbg   702.118 ms] [cu] d2h
[dbg   702.281 ms] [gust] start
[dbg   702.403 ms] [gust] h2d
[dbg   702.406 ms] ESC: count intermediates begin
[dbg   702.429 ms] [gust] count
[dbg   702.471 ms] [gust] scan
[dbg   702.598 ms] ESC: expand begin (4554541 intermediates)
[dbg   702.669 ms] [gust] expand
[dbg   702.671 ms] ESC: sort_by_key begin
[dbg   703.469 ms] [gust] sort
[dbg   703.595 ms] ESC: reduce_by_key begin
[dbg   703.686 ms] [gust] reduce
[dbg   704.234 ms] [gust] final
[dbg   704.327 ms] [gust] pack
[dbg   704.589 ms] [gust] d2h
[dbg   704.894 ms] [merge] start
[dbg   705.016 ms] [merge] h2d
[dbg   705.020 ms] merge: count begin
[dbg   705.043 ms] [merge] count
[dbg   705.083 ms] [merge] scan
[dbg   705.202 ms] merge: expand_serial begin (4554541 intermediates)
[dbg   705.853 ms] [merge] expand
[dbg   705.971 ms] merge: merge_serial begin
[dbg   710.355 ms] [merge] merge
[dbg   710.570 ms] [merge] final
[dbg   710.870 ms] [merge] compact
[dbg   710.956 ms] [merge] pack
[dbg   711.217 ms] [merge] d2h
[dbg   711.523 ms] [mrg2] start
[dbg   711.643 ms] [mrg2] h2d
[dbg   711.646 ms] merge2: count begin
[dbg   711.669 ms] [mrg2] count
[dbg   711.709 ms] [mrg2] scan
[dbg   711.831 ms] merge2: merge_warp begin (4554541 intermediates)
[dbg   712.376 ms] [mrg2] merge
[dbg   712.416 ms] [mrg2] final
[dbg   712.712 ms] [mrg2] compact
[dbg   712.800 ms] [mrg2] pack
[dbg   713.061 ms] [mrg2] d2h
[dbg   713.359 ms] [cu] start
[dbg   713.419 ms] [cu] h2dmalloc (679080 B)
[dbg   713.486 ms] [cu] h2d (679080 B)
[dbg   713.493 ms] cusparse: workEstimation begin
[dbg   713.545 ms] [cu] workest (buf1=1008939 B)
[dbg   713.548 ms] cusparse: compute begin
[dbg   714.126 ms] [cu] compute (buf2=109408847 B)
[dbg   714.130 ms] cusparse: C size = 2003 x 2003, nnz=396773
[dbg   714.248 ms] cusparse: copy begin
[dbg   714.300 ms] [cu] copy
[dbg   714.386 ms] [cu] pack
[dbg   714.664 ms] self_product: C D2H begin (3182200 B)
[dbg   714.926 ms] [cu] d2h
[dbg   715.089 ms] [gust] start
[dbg   715.211 ms] [gust] h2d
[dbg   715.214 ms] ESC: count intermediates begin
[dbg   715.237 ms] [gust] count
[dbg   715.279 ms] [gust] scan
[dbg   715.397 ms] ESC: expand begin (4554541 intermediates)
[dbg   715.466 ms] [gust] expand
[dbg   715.469 ms] ESC: sort_by_key begin
[dbg   716.274 ms] [gust] sort
[dbg   716.392 ms] ESC: reduce_by_key begin
[dbg   716.487 ms] [gust] reduce
[dbg   717.034 ms] [gust] final
[dbg   717.126 ms] [gust] pack
[dbg   717.389 ms] [gust] d2h
[dbg   717.699 ms] [merge] start
[dbg   717.821 ms] [merge] h2d
[dbg   717.824 ms] merge: count begin
[dbg   717.846 ms] [merge] count
[dbg   717.886 ms] [merge] scan
[dbg   718.002 ms] merge: expand_serial begin (4554541 intermediates)
[dbg   718.672 ms] [merge] expand
[dbg   718.790 ms] merge: merge_serial begin
[dbg   723.178 ms] [merge] merge
[dbg   723.387 ms] [merge] final
[dbg   723.701 ms] [merge] compact
[dbg   723.790 ms] [merge] pack
[dbg   724.052 ms] [merge] d2h
[dbg   724.352 ms] [mrg2] start
[dbg   724.473 ms] [mrg2] h2d
[dbg   724.476 ms] merge2: count begin
[dbg   724.505 ms] [mrg2] count
[dbg   724.546 ms] [mrg2] scan
[dbg   724.670 ms] merge2: merge_warp begin (4554541 intermediates)
[dbg   725.215 ms] [mrg2] merge
[dbg   725.254 ms] [mrg2] final
[dbg   725.550 ms] [mrg2] compact
[dbg   725.639 ms] [mrg2] pack
[dbg   725.911 ms] [mrg2] d2h
[dbg   726.212 ms] warmup done
[dbg   726.239 ms] T1 cuSPARSE self_product: start
[dbg   726.241 ms] [cu] start
[dbg   726.305 ms] [cu] h2dmalloc (679080 B)
[dbg   726.366 ms] [cu] h2d (679080 B)
[dbg   726.374 ms] cusparse: workEstimation begin
[dbg   726.427 ms] [cu] workest (buf1=1008939 B)
[dbg   726.430 ms] cusparse: compute begin
[dbg   727.007 ms] [cu] compute (buf2=109408847 B)
[dbg   727.011 ms] cusparse: C size = 2003 x 2003, nnz=396773
[dbg   727.131 ms] cusparse: copy begin
[dbg   727.182 ms] [cu] copy
[dbg   727.269 ms] [cu] pack
[dbg   727.545 ms] self_product: C D2H begin (3182200 B)
[dbg   727.808 ms] [cu] d2h
[dbg   727.968 ms] T1 cuSPARSE self_product: done (C_nnz=396773)
[dbg   727.996 ms] T4 manual self_product: start
[dbg   727.999 ms] [gust] start
[dbg   728.123 ms] [gust] h2d
[dbg   728.126 ms] ESC: count intermediates begin
[dbg   728.149 ms] [gust] count
[dbg   728.191 ms] [gust] scan
[dbg   728.310 ms] ESC: expand begin (4554541 intermediates)
[dbg   728.380 ms] [gust] expand
[dbg   728.381 ms] ESC: sort_by_key begin
[dbg   729.173 ms] [gust] sort
[dbg   729.290 ms] ESC: reduce_by_key begin
[dbg   729.377 ms] [gust] reduce
[dbg   729.940 ms] [gust] final
[dbg   730.033 ms] [gust] pack
[dbg   730.295 ms] [gust] d2h
[dbg   730.603 ms] T4 manual self_product: done (C_nnz=396773)
[dbg   730.626 ms] T4b merge self_product: start
[dbg   730.627 ms] [merge] start
[dbg   730.751 ms] [merge] h2d
[dbg   730.755 ms] merge: count begin
[dbg   730.778 ms] [merge] count
[dbg   730.819 ms] [merge] scan
[dbg   730.939 ms] merge: expand_serial begin (4554541 intermediates)
[dbg   731.607 ms] [merge] expand
[dbg   731.726 ms] merge: merge_serial begin
[dbg   736.117 ms] [merge] merge
[dbg   736.340 ms] [merge] final
[dbg   736.645 ms] [merge] compact
[dbg   736.734 ms] [merge] pack
[dbg   736.995 ms] [merge] d2h
[dbg   737.296 ms] T4b merge self_product: done (C_nnz=396773)
[dbg   737.318 ms] T4c merge2 self_product: start
[dbg   737.319 ms] [mrg2] start
[dbg   737.440 ms] [mrg2] h2d
[dbg   737.452 ms] merge2: count begin
[dbg   737.475 ms] [mrg2] count
[dbg   737.525 ms] [mrg2] scan
[dbg   737.648 ms] merge2: merge_warp begin (4554541 intermediates)
[dbg   738.192 ms] [mrg2] merge
[dbg   738.232 ms] [mrg2] final
[dbg   738.534 ms] [mrg2] compact
[dbg   738.623 ms] [mrg2] pack
[dbg   738.884 ms] [mrg2] d2h
[dbg   739.185 ms] T4c merge2 self_product: done (C_nnz=396773)
Reading matrix from ./data/first100/bcsstk13.mtx...
Input A: 2003 x 2003, nnz = 83883, sparsity = 97.91%
===============WARMING UP (3 rounds)===============
=== Computing C = A x A (cuSPARSE) ===
Result C: 2003 x 2003, nnz = 396773, sparsity = 90.11%
Time: 1.733 ms

=== Computing C = A x A (Manual) ===
Result C: 2003 x 2003, nnz = 396773, sparsity = 90.11%
Time: 2.611 ms

=== Computing C = A x A (Merge) ===
Result C: 2003 x 2003, nnz = 396773, sparsity = 90.11%
Time: 6.674 ms

=== Computing C = A x A (Merge2) ===
Result C: 2003 x 2003, nnz = 396773, sparsity = 90.11%
Time: 1.870 ms

=== All tests completed ===
[31/100] Processing bcsstk14 ... (max 600s)
[dbg     0.001 ms] main entry, initializing CUDA context...
[dbg   491.563 ms] CUDA context ready
[dbg   491.726 ms] start read_matrix_market: ./data/first100/bcsstk14.mtx
[dbg   503.915 ms] read done: 1806 x 1806, nnz=63454
[mempool] host pinned arena ready: 256 MB (USE_MEMPOOL=ON)
[dbg   652.705 ms] [cu] start
[dbg   661.069 ms] [cu] h2dmalloc (514860 B)
[dbg   661.175 ms] [cu] h2d (514860 B)
[dbg   661.217 ms] cusparse: workEstimation begin
[dbg   683.899 ms] [cu] workest (buf1=763535 B)
[dbg   683.912 ms] cusparse: compute begin
[dbg   685.141 ms] [cu] compute (buf2=57514887 B)
[dbg   685.153 ms] cusparse: C size = 1806 x 1806, nnz=195654
[dbg   685.261 ms] cusparse: copy begin
[dbg   685.372 ms] [cu] copy
[dbg   685.471 ms] [cu] pack
[dbg   685.703 ms] self_product: C D2H begin (1572460 B)
[dbg   685.843 ms] [cu] d2h
[dbg   686.025 ms] [gust] start
[dbg   686.146 ms] [gust] h2d
[dbg   686.148 ms] ESC: count intermediates begin
[dbg   687.747 ms] [gust] count
[dbg   687.907 ms] [gust] scan
[dbg   688.116 ms] ESC: expand begin (2394170 intermediates)
[dbg   688.186 ms] [gust] expand
[dbg   688.187 ms] ESC: sort_by_key begin
[dbg   688.926 ms] [gust] sort
[dbg   689.083 ms] ESC: reduce_by_key begin
[dbg   689.275 ms] [gust] reduce
[dbg   689.759 ms] [gust] final
[dbg   689.785 ms] [gust] pack
[dbg   689.922 ms] [gust] d2h
[dbg   690.096 ms] [merge] start
[dbg   690.213 ms] [merge] h2d
[dbg   690.219 ms] merge: count begin
[dbg   690.241 ms] [merge] count
[dbg   690.284 ms] [merge] scan
[dbg   690.408 ms] merge: expand_serial begin (2394170 intermediates)
[dbg   691.077 ms] [merge] expand
[dbg   691.256 ms] merge: merge_serial begin
[dbg   692.185 ms] [merge] merge
[dbg   692.413 ms] [merge] final
[dbg   692.681 ms] [merge] compact
[dbg   692.763 ms] [merge] pack
[dbg   692.900 ms] [merge] d2h
[dbg   693.134 ms] [mrg2] start
[dbg   693.243 ms] [mrg2] h2d
[dbg   693.249 ms] merge2: count begin
[dbg   693.271 ms] [mrg2] count
[dbg   693.314 ms] [mrg2] scan
[dbg   693.437 ms] merge2: merge_warp begin (2394170 intermediates)
[dbg   693.639 ms] [mrg2] merge
[dbg   693.681 ms] [mrg2] final
[dbg   693.948 ms] [mrg2] compact
[dbg   694.028 ms] [mrg2] pack
[dbg   694.166 ms] [mrg2] d2h
[dbg   694.399 ms] [cu] start
[dbg   694.459 ms] [cu] h2dmalloc (514860 B)
[dbg   694.505 ms] [cu] h2d (514860 B)
[dbg   694.516 ms] cusparse: workEstimation begin
[dbg   694.577 ms] [cu] workest (buf1=763535 B)
[dbg   694.581 ms] cusparse: compute begin
[dbg   695.101 ms] [cu] compute (buf2=57514887 B)
[dbg   695.105 ms] cusparse: C size = 1806 x 1806, nnz=195654
[dbg   695.178 ms] cusparse: copy begin
[dbg   695.231 ms] [cu] copy
[dbg   695.308 ms] [cu] pack
[dbg   695.489 ms] self_product: C D2H begin (1572460 B)
[dbg   695.625 ms] [cu] d2h
[dbg   695.777 ms] [gust] start
[dbg   695.905 ms] [gust] h2d
[dbg   695.907 ms] ESC: count intermediates begin
[dbg   695.929 ms] [gust] count
[dbg   695.970 ms] [gust] scan
[dbg   696.087 ms] ESC: expand begin (2394170 intermediates)
[dbg   696.135 ms] [gust] expand
[dbg   696.136 ms] ESC: sort_by_key begin
[dbg   696.682 ms] [gust] sort
[dbg   696.824 ms] ESC: reduce_by_key begin
[dbg   696.886 ms] [gust] reduce
[dbg   697.330 ms] [gust] final
[dbg   697.354 ms] [gust] pack
[dbg   697.489 ms] [gust] d2h
[dbg   697.654 ms] [merge] start
[dbg   697.761 ms] [merge] h2d
[dbg   697.766 ms] merge: count begin
[dbg   697.786 ms] [merge] count
[dbg   697.833 ms] [merge] scan
[dbg   697.951 ms] merge: expand_serial begin (2394170 intermediates)
[dbg   698.160 ms] [merge] expand
[dbg   698.273 ms] merge: merge_serial begin
[dbg   699.166 ms] [merge] merge
[dbg   699.363 ms] [merge] final
[dbg   699.607 ms] [merge] compact
[dbg   699.684 ms] [merge] pack
[dbg   699.821 ms] [merge] d2h
[dbg   700.049 ms] [mrg2] start
[dbg   700.155 ms] [mrg2] h2d
[dbg   700.159 ms] merge2: count begin
[dbg   700.178 ms] [mrg2] count
[dbg   700.217 ms] [mrg2] scan
[dbg   700.334 ms] merge2: merge_warp begin (2394170 intermediates)
[dbg   700.496 ms] [mrg2] merge
[dbg   700.535 ms] [mrg2] final
[dbg   700.764 ms] [mrg2] compact
[dbg   700.849 ms] [mrg2] pack
[dbg   700.985 ms] [mrg2] d2h
[dbg   701.207 ms] [cu] start
[dbg   701.266 ms] [cu] h2dmalloc (514860 B)
[dbg   701.313 ms] [cu] h2d (514860 B)
[dbg   701.321 ms] cusparse: workEstimation begin
[dbg   701.376 ms] [cu] workest (buf1=763535 B)
[dbg   701.379 ms] cusparse: compute begin
[dbg   701.896 ms] [cu] compute (buf2=57514887 B)
[dbg   701.900 ms] cusparse: C size = 1806 x 1806, nnz=195654
[dbg   701.969 ms] cusparse: copy begin
[dbg   702.022 ms] [cu] copy
[dbg   702.098 ms] [cu] pack
[dbg   702.278 ms] self_product: C D2H begin (1572460 B)
[dbg   702.415 ms] [cu] d2h
[dbg   702.565 ms] [gust] start
[dbg   702.672 ms] [gust] h2d
[dbg   702.675 ms] ESC: count intermediates begin
[dbg   702.695 ms] [gust] count
[dbg   702.736 ms] [gust] scan
[dbg   702.866 ms] ESC: expand begin (2394170 intermediates)
[dbg   702.916 ms] [gust] expand
[dbg   702.919 ms] ESC: sort_by_key begin
[dbg   703.463 ms] [gust] sort
[dbg   703.584 ms] ESC: reduce_by_key begin
[dbg   703.647 ms] [gust] reduce
[dbg   704.114 ms] [gust] final
[dbg   704.139 ms] [gust] pack
[dbg   704.275 ms] [gust] d2h
[dbg   704.440 ms] [merge] start
[dbg   704.548 ms] [merge] h2d
[dbg   704.552 ms] merge: count begin
[dbg   704.573 ms] [merge] count
[dbg   704.612 ms] [merge] scan
[dbg   704.728 ms] merge: expand_serial begin (2394170 intermediates)
[dbg   704.941 ms] [merge] expand
[dbg   705.058 ms] merge: merge_serial begin
[dbg   705.957 ms] [merge] merge
[dbg   706.157 ms] [merge] final
[dbg   706.393 ms] [merge] compact
[dbg   706.469 ms] [merge] pack
[dbg   706.605 ms] [merge] d2h
[dbg   706.840 ms] [mrg2] start
[dbg   706.949 ms] [mrg2] h2d
[dbg   706.953 ms] merge2: count begin
[dbg   706.973 ms] [mrg2] count
[dbg   707.012 ms] [mrg2] scan
[dbg   707.127 ms] merge2: merge_warp begin (2394170 intermediates)
[dbg   707.295 ms] [mrg2] merge
[dbg   707.334 ms] [mrg2] final
[dbg   707.564 ms] [mrg2] compact
[dbg   707.637 ms] [mrg2] pack
[dbg   707.772 ms] [mrg2] d2h
[dbg   708.005 ms] warmup done
[dbg   708.031 ms] T1 cuSPARSE self_product: start
[dbg   708.033 ms] [cu] start
[dbg   708.095 ms] [cu] h2dmalloc (514860 B)
[dbg   708.146 ms] [cu] h2d (514860 B)
[dbg   708.153 ms] cusparse: workEstimation begin
[dbg   708.210 ms] [cu] workest (buf1=763535 B)
[dbg   708.213 ms] cusparse: compute begin
[dbg   708.729 ms] [cu] compute (buf2=57514887 B)
[dbg   708.733 ms] cusparse: C size = 1806 x 1806, nnz=195654
[dbg   708.800 ms] cusparse: copy begin
[dbg   708.862 ms] [cu] copy
[dbg   708.941 ms] [cu] pack
[dbg   709.122 ms] self_product: C D2H begin (1572460 B)
[dbg   709.259 ms] [cu] d2h
[dbg   709.408 ms] T1 cuSPARSE self_product: done (C_nnz=195654)
[dbg   709.436 ms] T4 manual self_product: start
[dbg   709.441 ms] [gust] start
[dbg   709.551 ms] [gust] h2d
[dbg   709.554 ms] ESC: count intermediates begin
[dbg   709.576 ms] [gust] count
[dbg   709.619 ms] [gust] scan
[dbg   709.735 ms] ESC: expand begin (2394170 intermediates)
[dbg   709.783 ms] [gust] expand
[dbg   709.785 ms] ESC: sort_by_key begin
[dbg   710.342 ms] [gust] sort
[dbg   710.468 ms] ESC: reduce_by_key begin
[dbg   710.529 ms] [gust] reduce
[dbg   710.984 ms] [gust] final
[dbg   711.008 ms] [gust] pack
[dbg   711.153 ms] [gust] d2h
[dbg   711.317 ms] T4 manual self_product: done (C_nnz=195654)
[dbg   711.342 ms] T4b merge self_product: start
[dbg   711.343 ms] [merge] start
[dbg   711.456 ms] [merge] h2d
[dbg   711.460 ms] merge: count begin
[dbg   711.480 ms] [merge] count
[dbg   711.520 ms] [merge] scan
[dbg   711.639 ms] merge: expand_serial begin (2394170 intermediates)
[dbg   711.846 ms] [merge] expand
[dbg   711.961 ms] merge: merge_serial begin
[dbg   712.858 ms] [merge] merge
[dbg   713.059 ms] [merge] final
[dbg   713.292 ms] [merge] compact
[dbg   713.367 ms] [merge] pack
[dbg   713.504 ms] [merge] d2h
[dbg   713.729 ms] T4b merge self_product: done (C_nnz=195654)
[dbg   713.755 ms] T4c merge2 self_product: start
[dbg   713.757 ms] [mrg2] start
[dbg   713.871 ms] [mrg2] h2d
[dbg   713.875 ms] merge2: count begin
[dbg   713.896 ms] [mrg2] count
[dbg   713.935 ms] [mrg2] scan
[dbg   714.052 ms] merge2: merge_warp begin (2394170 intermediates)
[dbg   714.213 ms] [mrg2] merge
[dbg   714.252 ms] [mrg2] final
[dbg   714.481 ms] [mrg2] compact
[dbg   714.555 ms] [mrg2] pack
[dbg   714.691 ms] [mrg2] d2h
[dbg   714.921 ms] T4c merge2 self_product: done (C_nnz=195654)
Reading matrix from ./data/first100/bcsstk14.mtx...
Input A: 1806 x 1806, nnz = 63454, sparsity = 98.05%
===============WARMING UP (3 rounds)===============
=== Computing C = A x A (cuSPARSE) ===
Result C: 1806 x 1806, nnz = 195654, sparsity = 94.00%
Time: 1.381 ms

=== Computing C = A x A (Manual) ===
Result C: 1806 x 1806, nnz = 195654, sparsity = 94.00%
Time: 1.884 ms

=== Computing C = A x A (Merge) ===
Result C: 1806 x 1806, nnz = 195654, sparsity = 94.00%
Time: 2.391 ms

=== Computing C = A x A (Merge2) ===
Result C: 1806 x 1806, nnz = 195654, sparsity = 94.00%
Time: 1.169 ms

=== All tests completed ===
[32/100] Processing bcsstk15 ... (max 600s)
[dbg     0.001 ms] main entry, initializing CUDA context...
[dbg   476.208 ms] CUDA context ready
[dbg   476.370 ms] start read_matrix_market: ./data/first100/bcsstk15.mtx
[dbg   498.125 ms] read done: 3948 x 3948, nnz=117816
[mempool] host pinned arena ready: 256 MB (USE_MEMPOOL=ON)
[dbg   646.181 ms] [cu] start
[dbg   655.217 ms] [cu] h2dmalloc (958324 B)
[dbg   655.351 ms] [cu] h2d (958324 B)
[dbg   655.389 ms] cusparse: workEstimation begin
[dbg   679.648 ms] [cu] workest (buf1=1416903 B)
[dbg   679.662 ms] cusparse: compute begin
[dbg   681.120 ms] [cu] compute (buf2=90001511 B)
[dbg   681.131 ms] cusparse: C size = 3948 x 3948, nnz=527688
[dbg   681.305 ms] cusparse: copy begin
[dbg   681.427 ms] [cu] copy
[dbg   681.535 ms] [cu] pack
[dbg   681.922 ms] self_product: C D2H begin (4237300 B)
[dbg   682.271 ms] [cu] d2h
[dbg   682.455 ms] [gust] start
[dbg   682.609 ms] [gust] h2d
[dbg   682.611 ms] ESC: count intermediates begin
[dbg   684.273 ms] [gust] count
[dbg   684.419 ms] [gust] scan
[dbg   684.631 ms] ESC: expand begin (3746606 intermediates)
[dbg   684.708 ms] [gust] expand
[dbg   684.710 ms] ESC: sort_by_key begin
[dbg   685.601 ms] [gust] sort
[dbg   685.745 ms] ESC: reduce_by_key begin
[dbg   685.962 ms] [gust] reduce
[dbg   686.562 ms] [gust] final
[dbg   686.661 ms] [gust] pack
[dbg   687.007 ms] [gust] d2h
[dbg   687.332 ms] [merge] start
[dbg   687.475 ms] [merge] h2d
[dbg   687.484 ms] merge: count begin
[dbg   687.505 ms] [merge] count
[dbg   687.561 ms] [merge] scan
[dbg   687.686 ms] merge: expand_serial begin (3746606 intermediates)
[dbg   688.390 ms] [merge] expand
[dbg   688.572 ms] merge: merge_serial begin
[dbg   689.866 ms] [merge] merge
[dbg   690.109 ms] [merge] final
[dbg   690.440 ms] [merge] compact
[dbg   690.534 ms] [merge] pack
[dbg   690.879 ms] [merge] d2h
[dbg   691.196 ms] [mrg2] start
[dbg   691.338 ms] [mrg2] h2d
[dbg   691.357 ms] merge2: count begin
[dbg   691.379 ms] [mrg2] count
[dbg   691.423 ms] [mrg2] scan
[dbg   691.545 ms] merge2: merge_warp begin (3746606 intermediates)
[dbg   691.837 ms] [mrg2] merge
[dbg   691.879 ms] [mrg2] final
[dbg   692.194 ms] [mrg2] compact
[dbg   692.285 ms] [mrg2] pack
[dbg   692.630 ms] [mrg2] d2h
[dbg   692.932 ms] [cu] start
[dbg   692.994 ms] [cu] h2dmalloc (958324 B)
[dbg   693.074 ms] [cu] h2d (958324 B)
[dbg   693.086 ms] cusparse: workEstimation begin
[dbg   693.214 ms] [cu] workest (buf1=1416903 B)
[dbg   693.217 ms] cusparse: compute begin
[dbg   693.969 ms] [cu] compute (buf2=90001511 B)
[dbg   693.973 ms] cusparse: C size = 3948 x 3948, nnz=527688
[dbg   694.107 ms] cusparse: copy begin
[dbg   694.161 ms] [cu] copy
[dbg   694.249 ms] [cu] pack
[dbg   694.584 ms] self_product: C D2H begin (4237300 B)
[dbg   694.929 ms] [cu] d2h
[dbg   695.090 ms] [gust] start
[dbg   695.245 ms] [gust] h2d
[dbg   695.248 ms] ESC: count intermediates begin
[dbg   695.270 ms] [gust] count
[dbg   695.314 ms] [gust] scan
[dbg   695.435 ms] ESC: expand begin (3746606 intermediates)
[dbg   695.492 ms] [gust] expand
[dbg   695.493 ms] ESC: sort_by_key begin
[dbg   696.224 ms] [gust] sort
[dbg   696.347 ms] ESC: reduce_by_key begin
[dbg   696.427 ms] [gust] reduce
[dbg   696.960 ms] [gust] final
[dbg   697.051 ms] [gust] pack
[dbg   697.403 ms] [gust] d2h
[dbg   697.713 ms] [merge] start
[dbg   697.853 ms] [merge] h2d
[dbg   697.860 ms] merge: count begin
[dbg   697.881 ms] [merge] count
[dbg   697.935 ms] [merge] scan
[dbg   698.057 ms] merge: expand_serial begin (3746606 intermediates)
[dbg   698.302 ms] [merge] expand
[dbg   698.421 ms] merge: merge_serial begin
[dbg   699.704 ms] [merge] merge
[dbg   699.912 ms] [merge] final
[dbg   700.232 ms] [merge] compact
[dbg   700.321 ms] [merge] pack
[dbg   700.665 ms] [merge] d2h
[dbg   700.970 ms] [mrg2] start
[dbg   701.107 ms] [mrg2] h2d
[dbg   701.114 ms] merge2: count begin
[dbg   701.134 ms] [mrg2] count
[dbg   701.175 ms] [mrg2] scan
[dbg   701.297 ms] merge2: merge_warp begin (3746606 intermediates)
[dbg   701.547 ms] [mrg2] merge
[dbg   701.586 ms] [mrg2] final
[dbg   701.874 ms] [mrg2] compact
[dbg   701.960 ms] [mrg2] pack
[dbg   702.304 ms] [mrg2] d2h
[dbg   702.609 ms] [cu] start
[dbg   702.669 ms] [cu] h2dmalloc (958324 B)
[dbg   702.750 ms] [cu] h2d (958324 B)
[dbg   702.760 ms] cusparse: workEstimation begin
[dbg   702.872 ms] [cu] workest (buf1=1416903 B)
[dbg   702.875 ms] cusparse: compute begin
[dbg   703.631 ms] [cu] compute (buf2=90001511 B)
[dbg   703.635 ms] cusparse: C size = 3948 x 3948, nnz=527688
[dbg   703.757 ms] cusparse: copy begin
[dbg   703.809 ms] [cu] copy
[dbg   703.897 ms] [cu] pack
[dbg   704.234 ms] self_product: C D2H begin (4237300 B)
[dbg   704.588 ms] [cu] d2h
[dbg   704.750 ms] [gust] start
[dbg   704.892 ms] [gust] h2d
[dbg   704.894 ms] ESC: count intermediates begin
[dbg   704.914 ms] [gust] count
[dbg   704.957 ms] [gust] scan
[dbg   705.074 ms] ESC: expand begin (3746606 intermediates)
[dbg   705.133 ms] [gust] expand
[dbg   705.135 ms] ESC: sort_by_key begin
[dbg   705.857 ms] [gust] sort
[dbg   705.977 ms] ESC: reduce_by_key begin
[dbg   706.056 ms] [gust] reduce
[dbg   706.601 ms] [gust] final
[dbg   706.693 ms] [gust] pack
[dbg   707.037 ms] [gust] d2h
[dbg   707.358 ms] [merge] start
[dbg   707.501 ms] [merge] h2d
[dbg   707.518 ms] merge: count begin
[dbg   707.538 ms] [merge] count
[dbg   707.580 ms] [merge] scan
[dbg   707.702 ms] merge: expand_serial begin (3746606 intermediates)
[dbg   707.950 ms] [merge] expand
[dbg   708.068 ms] merge: merge_serial begin
[dbg   709.353 ms] [merge] merge
[dbg   709.563 ms] [merge] final
[dbg   709.870 ms] [merge] compact
[dbg   709.958 ms] [merge] pack
[dbg   710.303 ms] [merge] d2h
[dbg   710.605 ms] [mrg2] start
[dbg   710.744 ms] [mrg2] h2d
[dbg   710.748 ms] merge2: count begin
[dbg   710.768 ms] [mrg2] count
[dbg   710.808 ms] [mrg2] scan
[dbg   710.928 ms] merge2: merge_warp begin (3746606 intermediates)
[dbg   711.184 ms] [mrg2] merge
[dbg   711.223 ms] [mrg2] final
[dbg   711.512 ms] [mrg2] compact
[dbg   711.599 ms] [mrg2] pack
[dbg   711.942 ms] [mrg2] d2h
[dbg   712.251 ms] warmup done
[dbg   712.280 ms] T1 cuSPARSE self_product: start
[dbg   712.282 ms] [cu] start
[dbg   712.346 ms] [cu] h2dmalloc (958324 B)
[dbg   712.427 ms] [cu] h2d (958324 B)
[dbg   712.436 ms] cusparse: workEstimation begin
[dbg   712.547 ms] [cu] workest (buf1=1416903 B)
[dbg   712.551 ms] cusparse: compute begin
[dbg   713.297 ms] [cu] compute (buf2=90001511 B)
[dbg   713.300 ms] cusparse: C size = 3948 x 3948, nnz=527688
[dbg   713.422 ms] cusparse: copy begin
[dbg   713.474 ms] [cu] copy
[dbg   713.561 ms] [cu] pack
[dbg   713.894 ms] self_product: C D2H begin (4237300 B)
[dbg   714.238 ms] [cu] d2h
[dbg   714.397 ms] T1 cuSPARSE self_product: done (C_nnz=527688)
[dbg   714.423 ms] T4 manual self_product: start
[dbg   714.424 ms] [gust] start
[dbg   714.568 ms] [gust] h2d
[dbg   714.571 ms] ESC: count intermediates begin
[dbg   714.593 ms] [gust] count
[dbg   714.634 ms] [gust] scan
[dbg   714.752 ms] ESC: expand begin (3746606 intermediates)
[dbg   714.810 ms] [gust] expand
[dbg   714.812 ms] ESC: sort_by_key begin
[dbg   715.537 ms] [gust] sort
[dbg   715.659 ms] ESC: reduce_by_key begin
[dbg   715.736 ms] [gust] reduce
[dbg   716.283 ms] [gust] final
[dbg   716.374 ms] [gust] pack
[dbg   716.719 ms] [gust] d2h
[dbg   717.020 ms] T4 manual self_product: done (C_nnz=527688)
[dbg   717.043 ms] T4b merge self_product: start
[dbg   717.045 ms] [merge] start
[dbg   717.195 ms] [merge] h2d
[dbg   717.201 ms] merge: count begin
[dbg   717.222 ms] [merge] count
[dbg   717.264 ms] [merge] scan
[dbg   717.383 ms] merge: expand_serial begin (3746606 intermediates)
[dbg   717.621 ms] [merge] expand
[dbg   717.736 ms] merge: merge_serial begin
[dbg   719.003 ms] [merge] merge
[dbg   719.218 ms] [merge] final
[dbg   719.517 ms] [merge] compact
[dbg   719.604 ms] [merge] pack
[dbg   719.947 ms] [merge] d2h
[dbg   720.251 ms] T4b merge self_product: done (C_nnz=527688)
[dbg   720.276 ms] T4c merge2 self_product: start
[dbg   720.277 ms] [mrg2] start
[dbg   720.422 ms] [mrg2] h2d
[dbg   720.428 ms] merge2: count begin
[dbg   720.449 ms] [mrg2] count
[dbg   720.490 ms] [mrg2] scan
[dbg   720.611 ms] merge2: merge_warp begin (3746606 intermediates)
[dbg   720.861 ms] [mrg2] merge
[dbg   720.900 ms] [mrg2] final
[dbg   721.197 ms] [mrg2] compact
[dbg   721.284 ms] [mrg2] pack
[dbg   721.629 ms] [mrg2] d2h
[dbg   721.930 ms] T4c merge2 self_product: done (C_nnz=527688)
Reading matrix from ./data/first100/bcsstk15.mtx...
Input A: 3948 x 3948, nnz = 117816, sparsity = 99.24%
===============WARMING UP (3 rounds)===============
=== Computing C = A x A (cuSPARSE) ===
Result C: 3948 x 3948, nnz = 527688, sparsity = 96.61%
Time: 2.120 ms

=== Computing C = A x A (Manual) ===
Result C: 3948 x 3948, nnz = 527688, sparsity = 96.61%
Time: 2.600 ms

=== Computing C = A x A (Merge) ===
Result C: 3948 x 3948, nnz = 527688, sparsity = 96.61%
Time: 3.211 ms

=== Computing C = A x A (Merge2) ===
Result C: 3948 x 3948, nnz = 527688, sparsity = 96.61%
Time: 1.657 ms

=== All tests completed ===
[33/100] Processing bcsstk16 ... (max 600s)
[dbg     0.001 ms] main entry, initializing CUDA context...
[dbg   484.922 ms] CUDA context ready
[dbg   485.095 ms] start read_matrix_market: ./data/first100/bcsstk16.mtx
[dbg   530.419 ms] read done: 4884 x 4884, nnz=290378
[mempool] host pinned arena ready: 256 MB (USE_MEMPOOL=ON)
[dbg   679.128 ms] [cu] start
[dbg   687.806 ms] [cu] h2dmalloc (2342564 B)
[dbg   688.032 ms] [cu] h2d (2342564 B)
[dbg   688.148 ms] cusparse: workEstimation begin
[dbg   712.517 ms] [cu] workest (buf1=3490719 B)
[dbg   712.531 ms] cusparse: compute begin
[dbg   714.628 ms] [cu] compute (buf2=449881831 B)
[dbg   714.642 ms] cusparse: C size = 4884 x 4884, nnz=1038782
[dbg   714.835 ms] cusparse: copy begin
[dbg   714.967 ms] [cu] copy
[dbg   715.085 ms] [cu] pack
[dbg   715.667 ms] self_product: C D2H begin (8329796 B)
[dbg   716.340 ms] [cu] d2h
[dbg   716.508 ms] [gust] start
[dbg   716.918 ms] [gust] h2d
[dbg   716.921 ms] ESC: count intermediates begin
[dbg   718.675 ms] [gust] count
[dbg   718.843 ms] [gust] scan
[dbg   719.087 ms] ESC: expand begin (18728606 intermediates)
[dbg   719.297 ms] [gust] expand
[dbg   719.299 ms] ESC: sort_by_key begin
[dbg   721.967 ms] [gust] sort
[dbg   722.128 ms] ESC: reduce_by_key begin
[dbg   722.496 ms] [gust] reduce
[dbg   723.296 ms] [gust] final
[dbg   723.405 ms] [gust] pack
[dbg   724.072 ms] [gust] d2h
[dbg   724.504 ms] [merge] start
[dbg   724.743 ms] [merge] h2d
[dbg   724.755 ms] merge: count begin
[dbg   724.842 ms] [merge] count
[dbg   724.894 ms] [merge] scan
[dbg   725.038 ms] merge: expand_serial begin (18728606 intermediates)
[dbg   726.588 ms] [merge] expand
[dbg   726.782 ms] merge: merge_serial begin
[dbg   733.079 ms] [merge] merge
[dbg   733.372 ms] [merge] final
[dbg   733.789 ms] [merge] compact
[dbg   733.910 ms] [merge] pack
[dbg   734.576 ms] [merge] d2h
[dbg   735.000 ms] [mrg2] start
[dbg   735.232 ms] [mrg2] h2d
[dbg   735.240 ms] merge2: count begin
[dbg   735.325 ms] [mrg2] count
[dbg   735.374 ms] [mrg2] scan
[dbg   735.516 ms] merge2: merge_warp begin (18728606 intermediates)
[dbg   736.371 ms] [mrg2] merge
[dbg   736.417 ms] [mrg2] final
[dbg   736.784 ms] [mrg2] compact
[dbg   736.894 ms] [mrg2] pack
[dbg   737.561 ms] [mrg2] d2h
[dbg   737.971 ms] [cu] start
[dbg   738.032 ms] [cu] h2dmalloc (2342564 B)
[dbg   738.204 ms] [cu] h2d (2342564 B)
[dbg   738.271 ms] cusparse: workEstimation begin
[dbg   738.391 ms] [cu] workest (buf1=3490719 B)
[dbg   738.395 ms] cusparse: compute begin
[dbg   739.673 ms] [cu] compute (buf2=449881831 B)
[dbg   739.677 ms] cusparse: C size = 4884 x 4884, nnz=1038782
[dbg   739.815 ms] cusparse: copy begin
[dbg   739.877 ms] [cu] copy
[dbg   739.971 ms] [cu] pack
[dbg   740.488 ms] self_product: C D2H begin (8329796 B)
[dbg   741.157 ms] [cu] d2h
[dbg   741.303 ms] [gust] start
[dbg   741.751 ms] [gust] h2d
[dbg   741.754 ms] ESC: count intermediates begin
[dbg   741.898 ms] [gust] count
[dbg   741.945 ms] [gust] scan
[dbg   742.089 ms] ESC: expand begin (18728606 intermediates)
[dbg   742.274 ms] [gust] expand
[dbg   742.277 ms] ESC: sort_by_key begin
[dbg   744.840 ms] [gust] sort
[dbg   744.978 ms] ESC: reduce_by_key begin
[dbg   745.217 ms] [gust] reduce
[dbg   745.952 ms] [gust] final
[dbg   746.041 ms] [gust] pack
[dbg   746.716 ms] [gust] d2h
[dbg   747.139 ms] [merge] start
[dbg   747.376 ms] [merge] h2d
[dbg   747.382 ms] merge: count begin
[dbg   747.460 ms] [merge] count
[dbg   747.508 ms] [merge] scan
[dbg   747.649 ms] merge: expand_serial begin (18728606 intermediates)
[dbg   748.735 ms] [merge] expand
[dbg   748.858 ms] merge: merge_serial begin
[dbg   755.293 ms] [merge] merge
[dbg   755.555 ms] [merge] final
[dbg   755.931 ms] [merge] compact
[dbg   756.038 ms] [merge] pack
[dbg   756.704 ms] [merge] d2h
[dbg   757.112 ms] [mrg2] start
[dbg   757.343 ms] [mrg2] h2d
[dbg   757.348 ms] merge2: count begin
[dbg   757.425 ms] [mrg2] count
[dbg   757.470 ms] [mrg2] scan
[dbg   757.609 ms] merge2: merge_warp begin (18728606 intermediates)
[dbg   758.415 ms] [mrg2] merge
[dbg   758.458 ms] [mrg2] final
[dbg   758.824 ms] [mrg2] compact
[dbg   758.935 ms] [mrg2] pack
[dbg   759.600 ms] [mrg2] d2h
[dbg   759.996 ms] [cu] start
[dbg   760.060 ms] [cu] h2dmalloc (2342564 B)
[dbg   760.233 ms] [cu] h2d (2342564 B)
[dbg   760.296 ms] cusparse: workEstimation begin
[dbg   760.408 ms] [cu] workest (buf1=3490719 B)
[dbg   760.412 ms] cusparse: compute begin
[dbg   761.676 ms] [cu] compute (buf2=449881831 B)
[dbg   761.680 ms] cusparse: C size = 4884 x 4884, nnz=1038782
[dbg   761.806 ms] cusparse: copy begin
[dbg   761.866 ms] [cu] copy
[dbg   761.954 ms] [cu] pack
[dbg   762.468 ms] self_product: C D2H begin (8329796 B)
[dbg   763.136 ms] [cu] d2h
[dbg   763.280 ms] [gust] start
[dbg   763.731 ms] [gust] h2d
[dbg   763.734 ms] ESC: count intermediates begin
[dbg   763.876 ms] [gust] count
[dbg   763.923 ms] [gust] scan
[dbg   764.062 ms] ESC: expand begin (18728606 intermediates)
[dbg   764.252 ms] [gust] expand
[dbg   764.254 ms] ESC: sort_by_key begin
[dbg   766.815 ms] [gust] sort
[dbg   766.948 ms] ESC: reduce_by_key begin
[dbg   767.190 ms] [gust] reduce
[dbg   767.922 ms] [gust] final
[dbg   768.012 ms] [gust] pack
[dbg   768.677 ms] [gust] d2h
[dbg   769.108 ms] [merge] start
[dbg   769.343 ms] [merge] h2d
[dbg   769.349 ms] merge: count begin
[dbg   769.428 ms] [merge] count
[dbg   769.472 ms] [merge] scan
[dbg   769.612 ms] merge: expand_serial begin (18728606 intermediates)
[dbg   770.734 ms] [merge] expand
[dbg   770.854 ms] merge: merge_serial begin
[dbg   777.205 ms] [merge] merge
[dbg   777.472 ms] [merge] final
[dbg   777.835 ms] [merge] compact
[dbg   777.946 ms] [merge] pack
[dbg   778.612 ms] [merge] d2h
[dbg   779.020 ms] [mrg2] start
[dbg   779.252 ms] [mrg2] h2d
[dbg   779.258 ms] merge2: count begin
[dbg   779.336 ms] [mrg2] count
[dbg   779.380 ms] [mrg2] scan
[dbg   779.519 ms] merge2: merge_warp begin (18728606 intermediates)
[dbg   780.348 ms] [mrg2] merge
[dbg   780.389 ms] [mrg2] final
[dbg   780.730 ms] [mrg2] compact
[dbg   780.838 ms] [mrg2] pack
[dbg   781.515 ms] [mrg2] d2h
[dbg   781.911 ms] warmup done
[dbg   781.942 ms] T1 cuSPARSE self_product: start
[dbg   781.943 ms] [cu] start
[dbg   782.008 ms] [cu] h2dmalloc (2342564 B)
[dbg   782.186 ms] [cu] h2d (2342564 B)
[dbg   782.249 ms] cusparse: workEstimation begin
[dbg   782.361 ms] [cu] workest (buf1=3490719 B)
[dbg   782.365 ms] cusparse: compute begin
[dbg   783.630 ms] [cu] compute (buf2=449881831 B)
[dbg   783.634 ms] cusparse: C size = 4884 x 4884, nnz=1038782
[dbg   783.762 ms] cusparse: copy begin
[dbg   783.823 ms] [cu] copy
[dbg   783.910 ms] [cu] pack
[dbg   784.425 ms] self_product: C D2H begin (8329796 B)
[dbg   785.094 ms] [cu] d2h
[dbg   785.239 ms] T1 cuSPARSE self_product: done (C_nnz=1038782)
[dbg   785.268 ms] T4 manual self_product: start
[dbg   785.271 ms] [gust] start
[dbg   785.686 ms] [gust] h2d
[dbg   785.689 ms] ESC: count intermediates begin
[dbg   785.858 ms] [gust] count
[dbg   785.908 ms] [gust] scan
[dbg   786.051 ms] ESC: expand begin (18728606 intermediates)
[dbg   786.240 ms] [gust] expand
[dbg   786.242 ms] ESC: sort_by_key begin
[dbg   788.803 ms] [gust] sort
[dbg   788.937 ms] ESC: reduce_by_key begin
[dbg   789.177 ms] [gust] reduce
[dbg   789.910 ms] [gust] final
[dbg   789.997 ms] [gust] pack
[dbg   790.662 ms] [gust] d2h
[dbg   791.095 ms] T4 manual self_product: done (C_nnz=1038782)
[dbg   791.121 ms] T4b merge self_product: start
[dbg   791.122 ms] [merge] start
[dbg   791.361 ms] [merge] h2d
[dbg   791.368 ms] merge: count begin
[dbg   791.447 ms] [merge] count
[dbg   791.495 ms] [merge] scan
[dbg   791.635 ms] merge: expand_serial begin (18728606 intermediates)
[dbg   792.741 ms] [merge] expand
[dbg   792.860 ms] merge: merge_serial begin
[dbg   799.312 ms] [merge] merge
[dbg   799.606 ms] [merge] final
[dbg   800.030 ms] [merge] compact
[dbg   800.170 ms] [merge] pack
[dbg   800.843 ms] [merge] d2h
[dbg   801.265 ms] T4b merge self_product: done (C_nnz=1038782)
[dbg   801.295 ms] T4c merge2 self_product: start
[dbg   801.297 ms] [mrg2] start
[dbg   801.558 ms] [mrg2] h2d
[dbg   801.565 ms] merge2: count begin
[dbg   801.659 ms] [mrg2] count
[dbg   801.728 ms] [mrg2] scan
[dbg   801.906 ms] merge2: merge_warp begin (18728606 intermediates)
[dbg   802.716 ms] [mrg2] merge
[dbg   802.767 ms] [mrg2] final
[dbg   803.135 ms] [mrg2] compact
[dbg   803.251 ms] [mrg2] pack
[dbg   803.918 ms] [mrg2] d2h
[dbg   804.336 ms] T4c merge2 self_product: done (C_nnz=1038782)
Reading matrix from ./data/first100/bcsstk16.mtx...
Input A: 4884 x 4884, nnz = 290378, sparsity = 98.78%
===============WARMING UP (3 rounds)===============
=== Computing C = A x A (cuSPARSE) ===
Result C: 4884 x 4884, nnz = 1038782, sparsity = 95.65%
Time: 3.301 ms

=== Computing C = A x A (Manual) ===
Result C: 4884 x 4884, nnz = 1038782, sparsity = 95.65%
Time: 5.831 ms

=== Computing C = A x A (Merge) ===
Result C: 4884 x 4884, nnz = 1038782, sparsity = 95.65%
Time: 10.148 ms

=== Computing C = A x A (Merge2) ===
Result C: 4884 x 4884, nnz = 1038782, sparsity = 95.65%
Time: 3.045 ms

=== All tests completed ===
[34/100] Processing bcsstk17 ... (max 600s)
[dbg     0.001 ms] main entry, initializing CUDA context...
[dbg   488.509 ms] CUDA context ready
[dbg   488.681 ms] start read_matrix_market: ./data/first100/bcsstk17.mtx
[dbg   563.840 ms] read done: 10974 x 10974, nnz=428650
[mempool] host pinned arena ready: 256 MB (USE_MEMPOOL=ON)
[dbg   712.823 ms] [cu] start
[dbg   722.090 ms] [cu] h2dmalloc (3473100 B)
[dbg   722.404 ms] [cu] h2d (3473100 B)
[dbg   722.530 ms] cusparse: workEstimation begin
[dbg   747.408 ms] [cu] workest (buf1=5152287 B)
[dbg   747.422 ms] cusparse: compute begin
[dbg   749.992 ms] [cu] compute (buf2=464819271 B)
[dbg   750.003 ms] cusparse: C size = 10974 x 10974, nnz=1406936
[dbg   750.200 ms] cusparse: copy begin
[dbg   750.341 ms] [cu] copy
[dbg   750.459 ms] [cu] pack
[dbg   751.047 ms] self_product: C D2H begin (11299388 B)
[dbg   751.961 ms] [cu] d2h
[dbg   752.142 ms] [gust] start
[dbg   752.568 ms] [gust] h2d
[dbg   752.571 ms] ESC: count intermediates begin
[dbg   754.277 ms] [gust] count
[dbg   754.431 ms] [gust] scan
[dbg   754.647 ms] ESC: expand begin (19350466 intermediates)
[dbg   754.870 ms] [gust] expand
[dbg   754.872 ms] ESC: sort_by_key begin
[dbg   757.631 ms] [gust] sort
[dbg   757.794 ms] ESC: reduce_by_key begin
[dbg   758.181 ms] [gust] reduce
[dbg   758.979 ms] [gust] final
[dbg   759.089 ms] [gust] pack
[dbg   759.987 ms] [gust] d2h
[dbg   760.427 ms] [merge] start
[dbg   760.774 ms] [merge] h2d
[dbg   760.794 ms] merge: count begin
[dbg   760.885 ms] [merge] count
[dbg   760.942 ms] [merge] scan
[dbg   761.067 ms] merge: expand_serial begin (19350466 intermediates)
[dbg   762.587 ms] [merge] expand
[dbg   762.763 ms] merge: merge_serial begin
[dbg   770.324 ms] [merge] merge
[dbg   770.612 ms] [merge] final
[dbg   771.015 ms] [merge] compact
[dbg   771.109 ms] [merge] pack
[dbg   772.007 ms] [merge] d2h
[dbg   772.426 ms] [mrg2] start
[dbg   772.767 ms] [mrg2] h2d
[dbg   772.785 ms] merge2: count begin
[dbg   772.872 ms] [mrg2] count
[dbg   772.922 ms] [mrg2] scan
[dbg   773.053 ms] merge2: merge_warp begin (19350466 intermediates)
[dbg   773.905 ms] [mrg2] merge
[dbg   773.954 ms] [mrg2] final
[dbg   774.307 ms] [mrg2] compact
[dbg   774.393 ms] [mrg2] pack
[dbg   775.293 ms] [mrg2] d2h
[dbg   775.696 ms] [cu] start
[dbg   775.779 ms] [cu] h2dmalloc (3473100 B)
[dbg   776.035 ms] [cu] h2d (3473100 B)
[dbg   776.106 ms] cusparse: workEstimation begin
[dbg   776.227 ms] [cu] workest (buf1=5152287 B)
[dbg   776.231 ms] cusparse: compute begin
[dbg   778.085 ms] [cu] compute (buf2=464819271 B)
[dbg   778.090 ms] cusparse: C size = 10974 x 10974, nnz=1406936
[dbg   778.218 ms] cusparse: copy begin
[dbg   778.283 ms] [cu] copy
[dbg   778.375 ms] [cu] pack
[dbg   778.914 ms] self_product: C D2H begin (11299388 B)
[dbg   779.826 ms] [cu] d2h
[dbg   779.988 ms] [gust] start
[dbg   780.392 ms] [gust] h2d
[dbg   780.395 ms] ESC: count intermediates begin
[dbg   780.487 ms] [gust] count
[dbg   780.539 ms] [gust] scan
[dbg   780.660 ms] ESC: expand begin (19350466 intermediates)
[dbg   780.858 ms] [gust] expand
[dbg   780.861 ms] ESC: sort_by_key begin
[dbg   783.534 ms] [gust] sort
[dbg   783.675 ms] ESC: reduce_by_key begin
[dbg   783.924 ms] [gust] reduce
[dbg   784.652 ms] [gust] final
[dbg   784.760 ms] [gust] pack
[dbg   785.659 ms] [gust] d2h
[dbg   786.100 ms] [merge] start
[dbg   786.448 ms] [merge] h2d
[dbg   786.459 ms] merge: count begin
[dbg   786.547 ms] [merge] count
[dbg   786.597 ms] [merge] scan
[dbg   786.719 ms] merge: expand_serial begin (19350466 intermediates)
[dbg   787.820 ms] [merge] expand
[dbg   787.948 ms] merge: merge_serial begin
[dbg   795.486 ms] [merge] merge
[dbg   795.754 ms] [merge] final
[dbg   796.121 ms] [merge] compact
[dbg   796.207 ms] [merge] pack
[dbg   797.105 ms] [merge] d2h
[dbg   797.521 ms] [mrg2] start
[dbg   797.860 ms] [mrg2] h2d
[dbg   797.871 ms] merge2: count begin
[dbg   797.961 ms] [mrg2] count
[dbg   798.011 ms] [mrg2] scan
[dbg   798.135 ms] merge2: merge_warp begin (19350466 intermediates)
[dbg   798.937 ms] [mrg2] merge
[dbg   798.981 ms] [mrg2] final
[dbg   799.319 ms] [mrg2] compact
[dbg   799.403 ms] [mrg2] pack
[dbg   800.313 ms] [mrg2] d2h
[dbg   800.718 ms] [cu] start
[dbg   800.802 ms] [cu] h2dmalloc (3473100 B)
[dbg   801.064 ms] [cu] h2d (3473100 B)
[dbg   801.132 ms] cusparse: workEstimation begin
[dbg   801.247 ms] [cu] workest (buf1=5152287 B)
[dbg   801.251 ms] cusparse: compute begin
[dbg   803.096 ms] [cu] compute (buf2=464819271 B)
[dbg   803.101 ms] cusparse: C size = 10974 x 10974, nnz=1406936
[dbg   803.223 ms] cusparse: copy begin
[dbg   803.289 ms] [cu] copy
[dbg   803.378 ms] [cu] pack
[dbg   803.912 ms] self_product: C D2H begin (11299388 B)
[dbg   804.813 ms] [cu] d2h
[dbg   804.982 ms] [gust] start
[dbg   805.376 ms] [gust] h2d
[dbg   805.379 ms] ESC: count intermediates begin
[dbg   805.467 ms] [gust] count
[dbg   805.518 ms] [gust] scan
[dbg   805.639 ms] ESC: expand begin (19350466 intermediates)
[dbg   805.835 ms] [gust] expand
[dbg   805.838 ms] ESC: sort_by_key begin
[dbg   808.506 ms] [gust] sort
[dbg   808.644 ms] ESC: reduce_by_key begin
[dbg   808.889 ms] [gust] reduce
[dbg   809.614 ms] [gust] final
[dbg   809.724 ms] [gust] pack
[dbg   810.622 ms] [gust] d2h
[dbg   811.070 ms] [merge] start
[dbg   811.405 ms] [merge] h2d
[dbg   811.419 ms] merge: count begin
[dbg   811.506 ms] [merge] count
[dbg   811.556 ms] [merge] scan
[dbg   811.678 ms] merge: expand_serial begin (19350466 intermediates)
[dbg   812.790 ms] [merge] expand
[dbg   812.913 ms] merge: merge_serial begin
[dbg   820.447 ms] [merge] merge
[dbg   820.715 ms] [merge] final
[dbg   821.085 ms] [merge] compact
[dbg   821.171 ms] [merge] pack
[dbg   822.079 ms] [merge] d2h
[dbg   822.496 ms] [mrg2] start
[dbg   822.825 ms] [mrg2] h2d
[dbg   822.837 ms] merge2: count begin
[dbg   822.919 ms] [mrg2] count
[dbg   822.975 ms] [mrg2] scan
[dbg   823.099 ms] merge2: merge_warp begin (19350466 intermediates)
[dbg   823.902 ms] [mrg2] merge
[dbg   823.949 ms] [mrg2] final
[dbg   824.288 ms] [mrg2] compact
[dbg   824.373 ms] [mrg2] pack
[dbg   825.272 ms] [mrg2] d2h
[dbg   825.677 ms] warmup done
[dbg   825.705 ms] T1 cuSPARSE self_product: start
[dbg   825.708 ms] [cu] start
[dbg   825.794 ms] [cu] h2dmalloc (3473100 B)
[dbg   826.045 ms] [cu] h2d (3473100 B)
[dbg   826.111 ms] cusparse: workEstimation begin
[dbg   826.228 ms] [cu] workest (buf1=5152287 B)
[dbg   826.232 ms] cusparse: compute begin
[dbg   828.076 ms] [cu] compute (buf2=464819271 B)
[dbg   828.081 ms] cusparse: C size = 10974 x 10974, nnz=1406936
[dbg   828.203 ms] cusparse: copy begin
[dbg   828.277 ms] [cu] copy
[dbg   828.364 ms] [cu] pack
[dbg   828.897 ms] self_product: C D2H begin (11299388 B)
[dbg   829.799 ms] [cu] d2h
[dbg   829.975 ms] T1 cuSPARSE self_product: done (C_nnz=1406936)
[dbg   830.008 ms] T4 manual self_product: start
[dbg   830.010 ms] [gust] start
[dbg   830.414 ms] [gust] h2d
[dbg   830.417 ms] ESC: count intermediates begin
[dbg   830.508 ms] [gust] count
[dbg   830.560 ms] [gust] scan
[dbg   830.681 ms] ESC: expand begin (19350466 intermediates)
[dbg   830.879 ms] [gust] expand
[dbg   830.881 ms] ESC: sort_by_key begin
[dbg   833.555 ms] [gust] sort
[dbg   833.692 ms] ESC: reduce_by_key begin
[dbg   833.953 ms] [gust] reduce
[dbg   834.661 ms] [gust] final
[dbg   834.768 ms] [gust] pack
[dbg   835.676 ms] [gust] d2h
[dbg   836.108 ms] T4 manual self_product: done (C_nnz=1406936)
[dbg   836.137 ms] T4b merge self_product: start
[dbg   836.139 ms] [merge] start
[dbg   836.478 ms] [merge] h2d
[dbg   836.491 ms] merge: count begin
[dbg   836.576 ms] [merge] count
[dbg   836.626 ms] [merge] scan
[dbg   836.746 ms] merge: expand_serial begin (19350466 intermediates)
[dbg   837.848 ms] [merge] expand
[dbg   837.976 ms] merge: merge_serial begin
[dbg   845.464 ms] [merge] merge
[dbg   845.733 ms] [merge] final
[dbg   846.110 ms] [merge] compact
[dbg   846.196 ms] [merge] pack
[dbg   847.094 ms] [merge] d2h
[dbg   847.511 ms] T4b merge self_product: done (C_nnz=1406936)
[dbg   847.536 ms] T4c merge2 self_product: start
[dbg   847.538 ms] [mrg2] start
[dbg   847.872 ms] [mrg2] h2d
[dbg   847.883 ms] merge2: count begin
[dbg   847.972 ms] [mrg2] count
[dbg   848.022 ms] [mrg2] scan
[dbg   848.143 ms] merge2: merge_warp begin (19350466 intermediates)
[dbg   848.950 ms] [mrg2] merge
[dbg   848.993 ms] [mrg2] final
[dbg   849.330 ms] [mrg2] compact
[dbg   849.415 ms] [mrg2] pack
[dbg   850.315 ms] [mrg2] d2h
[dbg   850.716 ms] T4c merge2 self_product: done (C_nnz=1406936)
Reading matrix from ./data/first100/bcsstk17.mtx...
Input A: 10974 x 10974, nnz = 428650, sparsity = 99.64%
===============WARMING UP (3 rounds)===============
=== Computing C = A x A (cuSPARSE) ===
Result C: 10974 x 10974, nnz = 1406936, sparsity = 98.83%
Time: 4.274 ms

=== Computing C = A x A (Manual) ===
Result C: 10974 x 10974, nnz = 1406936, sparsity = 98.83%
Time: 6.105 ms

=== Computing C = A x A (Merge) ===
Result C: 10974 x 10974, nnz = 1406936, sparsity = 98.83%
Time: 11.378 ms

=== Computing C = A x A (Merge2) ===
Result C: 10974 x 10974, nnz = 1406936, sparsity = 98.83%
Time: 3.183 ms

=== All tests completed ===
[35/100] Processing bcsstk18 ... (max 600s)
[dbg     0.001 ms] main entry, initializing CUDA context...
[dbg   486.616 ms] CUDA context ready
[dbg   486.787 ms] start read_matrix_market: ./data/first100/bcsstk18.mtx
[dbg   516.956 ms] read done: 11948 x 11948, nnz=149090
[mempool] host pinned arena ready: 256 MB (USE_MEMPOOL=ON)
[dbg   664.801 ms] [cu] start
[dbg   673.599 ms] [cu] h2dmalloc (1240516 B)
[dbg   673.753 ms] [cu] h2d (1240516 B)
[dbg   673.805 ms] cusparse: workEstimation begin
[dbg   700.322 ms] [cu] workest (buf1=1792703 B)
[dbg   700.336 ms] cusparse: compute begin
[dbg   701.548 ms] [cu] compute (buf2=61420527 B)
[dbg   701.560 ms] cusparse: C size = 11948 x 11948, nnz=713208
[dbg   701.747 ms] cusparse: copy begin
[dbg   701.886 ms] [cu] copy
[dbg   702.019 ms] [cu] pack
[dbg   702.368 ms] self_product: C D2H begin (5753460 B)
[dbg   702.881 ms] [cu] d2h
[dbg   703.056 ms] [gust] start
[dbg   703.246 ms] [gust] h2d
[dbg   703.249 ms] ESC: count intermediates begin
[dbg   704.857 ms] [gust] count
[dbg   705.032 ms] [gust] scan
[dbg   705.238 ms] ESC: expand begin (2554954 intermediates)
[dbg   705.322 ms] [gust] expand
[dbg   705.325 ms] ESC: sort_by_key begin
[dbg   706.040 ms] [gust] sort
[dbg   706.201 ms] ESC: reduce_by_key begin
[dbg   706.402 ms] [gust] reduce
[dbg   706.945 ms] [gust] final
[dbg   707.062 ms] [gust] pack
[dbg   707.579 ms] [gust] d2h
[dbg   707.862 ms] [merge] start
[dbg   708.053 ms] [merge] h2d
[dbg   708.079 ms] merge: count begin
[dbg   708.108 ms] [merge] count
[dbg   708.162 ms] [merge] scan
[dbg   708.310 ms] merge: expand_serial begin (2554954 intermediates)
[dbg   708.941 ms] [merge] expand
[dbg   709.134 ms] merge: merge_serial begin
[dbg   710.493 ms] [merge] merge
[dbg   710.707 ms] [merge] final
[dbg   711.050 ms] [merge] compact
[dbg   711.158 ms] [merge] pack
[dbg   711.671 ms] [merge] d2h
[dbg   711.950 ms] [mrg2] start
[dbg   712.125 ms] [mrg2] h2d
[dbg   712.149 ms] merge2: count begin
[dbg   712.181 ms] [mrg2] count
[dbg   712.235 ms] [mrg2] scan
[dbg   712.379 ms] merge2: merge_warp begin (2554954 intermediates)
[dbg   712.734 ms] [mrg2] merge
[dbg   712.785 ms] [mrg2] final
[dbg   713.105 ms] [mrg2] compact
[dbg   713.206 ms] [mrg2] pack
[dbg   713.720 ms] [mrg2] d2h
[dbg   713.997 ms] [cu] start
[dbg   714.072 ms] [cu] h2dmalloc (1240516 B)
[dbg   714.172 ms] [cu] h2d (1240516 B)
[dbg   714.188 ms] cusparse: workEstimation begin
[dbg   714.321 ms] [cu] workest (buf1=1792703 B)
[dbg   714.325 ms] cusparse: compute begin
[dbg   714.849 ms] [cu] compute (buf2=61420527 B)
[dbg   714.854 ms] cusparse: C size = 11948 x 11948, nnz=713208
[dbg   715.022 ms] cusparse: copy begin
[dbg   715.093 ms] [cu] copy
[dbg   715.193 ms] [cu] pack
[dbg   715.496 ms] self_product: C D2H begin (5753460 B)
[dbg   716.013 ms] [cu] d2h
[dbg   716.157 ms] [gust] start
[dbg   716.335 ms] [gust] h2d
[dbg   716.338 ms] ESC: count intermediates begin
[dbg   716.366 ms] [gust] count
[dbg   716.416 ms] [gust] scan
[dbg   716.553 ms] ESC: expand begin (2554954 intermediates)
[dbg   716.607 ms] [gust] expand
[dbg   716.610 ms] ESC: sort_by_key begin
[dbg   717.156 ms] [gust] sort
[dbg   717.294 ms] ESC: reduce_by_key begin
[dbg   717.366 ms] [gust] reduce
[dbg   717.832 ms] [gust] final
[dbg   717.948 ms] [gust] pack
[dbg   718.461 ms] [gust] d2h
[dbg   718.730 ms] [merge] start
[dbg   718.911 ms] [merge] h2d
[dbg   718.931 ms] merge: count begin
[dbg   718.958 ms] [merge] count
[dbg   719.009 ms] [merge] scan
[dbg   719.152 ms] merge: expand_serial begin (2554954 intermediates)
[dbg   719.344 ms] [merge] expand
[dbg   719.469 ms] merge: merge_serial begin
[dbg   720.792 ms] [merge] merge
[dbg   720.993 ms] [merge] final
[dbg   721.289 ms] [merge] compact
[dbg   721.388 ms] [merge] pack
[dbg   721.907 ms] [merge] d2h
[dbg   722.175 ms] [mrg2] start
[dbg   722.348 ms] [mrg2] h2d
[dbg   722.360 ms] merge2: count begin
[dbg   722.386 ms] [mrg2] count
[dbg   722.435 ms] [mrg2] scan
[dbg   722.575 ms] merge2: merge_warp begin (2554954 intermediates)
[dbg   722.879 ms] [mrg2] merge
[dbg   722.944 ms] [mrg2] final
[dbg   723.233 ms] [mrg2] compact
[dbg   723.336 ms] [mrg2] pack
[dbg   723.849 ms] [mrg2] d2h
[dbg   724.128 ms] [cu] start
[dbg   724.205 ms] [cu] h2dmalloc (1240516 B)
[dbg   724.306 ms] [cu] h2d (1240516 B)
[dbg   724.319 ms] cusparse: workEstimation begin
[dbg   724.447 ms] [cu] workest (buf1=1792703 B)
[dbg   724.450 ms] cusparse: compute begin
[dbg   724.978 ms] [cu] compute (buf2=61420527 B)
[dbg   724.982 ms] cusparse: C size = 11948 x 11948, nnz=713208
[dbg   725.121 ms] cusparse: copy begin
[dbg   725.183 ms] [cu] copy
[dbg   725.278 ms] [cu] pack
[dbg   725.572 ms] self_product: C D2H begin (5753460 B)
[dbg   726.085 ms] [cu] d2h
[dbg   726.228 ms] [gust] start
[dbg   726.404 ms] [gust] h2d
[dbg   726.407 ms] ESC: count intermediates begin
[dbg   726.435 ms] [gust] count
[dbg   726.486 ms] [gust] scan
[dbg   726.620 ms] ESC: expand begin (2554954 intermediates)
[dbg   726.675 ms] [gust] expand
[dbg   726.677 ms] ESC: sort_by_key begin
[dbg   727.223 ms] [gust] sort
[dbg   727.357 ms] ESC: reduce_by_key begin
[dbg   727.427 ms] [gust] reduce
[dbg   727.890 ms] [gust] final
[dbg   728.003 ms] [gust] pack
[dbg   728.515 ms] [gust] d2h
[dbg   728.778 ms] [merge] start
[dbg   728.947 ms] [merge] h2d
[dbg   728.963 ms] merge: count begin
[dbg   728.990 ms] [merge] count
[dbg   729.043 ms] [merge] scan
[dbg   729.180 ms] merge: expand_serial begin (2554954 intermediates)
[dbg   729.369 ms] [merge] expand
[dbg   729.492 ms] merge: merge_serial begin
[dbg   730.817 ms] [merge] merge
[dbg   731.019 ms] [merge] final
[dbg   731.315 ms] [merge] compact
[dbg   731.411 ms] [merge] pack
[dbg   731.926 ms] [merge] d2h
[dbg   732.191 ms] [mrg2] start
[dbg   732.364 ms] [mrg2] h2d
[dbg   732.376 ms] merge2: count begin
[dbg   732.402 ms] [mrg2] count
[dbg   732.452 ms] [mrg2] scan
[dbg   732.592 ms] merge2: merge_warp begin (2554954 intermediates)
[dbg   732.898 ms] [mrg2] merge
[dbg   732.956 ms] [mrg2] final
[dbg   733.240 ms] [mrg2] compact
[dbg   733.339 ms] [mrg2] pack
[dbg   733.853 ms] [mrg2] d2h
[dbg   734.124 ms] warmup done
[dbg   734.147 ms] T1 cuSPARSE self_product: start
[dbg   734.150 ms] [cu] start
[dbg   734.227 ms] [cu] h2dmalloc (1240516 B)
[dbg   734.330 ms] [cu] h2d (1240516 B)
[dbg   734.340 ms] cusparse: workEstimation begin
[dbg   734.465 ms] [cu] workest (buf1=1792703 B)
[dbg   734.469 ms] cusparse: compute begin
[dbg   735.017 ms] [cu] compute (buf2=61420527 B)
[dbg   735.023 ms] cusparse: C size = 11948 x 11948, nnz=713208
[dbg   735.173 ms] cusparse: copy begin
[dbg   735.236 ms] [cu] copy
[dbg   735.332 ms] [cu] pack
[dbg   735.625 ms] self_product: C D2H begin (5753460 B)
[dbg   736.150 ms] [cu] d2h
[dbg   736.290 ms] T1 cuSPARSE self_product: done (C_nnz=713208)
[dbg   736.315 ms] T4 manual self_product: start
[dbg   736.317 ms] [gust] start
[dbg   736.494 ms] [gust] h2d
[dbg   736.497 ms] ESC: count intermediates begin
[dbg   736.524 ms] [gust] count
[dbg   736.573 ms] [gust] scan
[dbg   736.706 ms] ESC: expand begin (2554954 intermediates)
[dbg   736.760 ms] [gust] expand
[dbg   736.762 ms] ESC: sort_by_key begin
[dbg   737.304 ms] [gust] sort
[dbg   737.438 ms] ESC: reduce_by_key begin
[dbg   737.508 ms] [gust] reduce
[dbg   737.982 ms] [gust] final
[dbg   738.090 ms] [gust] pack
[dbg   738.603 ms] [gust] d2h
[dbg   738.865 ms] T4 manual self_product: done (C_nnz=713208)
[dbg   738.890 ms] T4b merge self_product: start
[dbg   738.892 ms] [merge] start
[dbg   739.074 ms] [merge] h2d
[dbg   739.089 ms] merge: count begin
[dbg   739.116 ms] [merge] count
[dbg   739.167 ms] [merge] scan
[dbg   739.302 ms] merge: expand_serial begin (2554954 intermediates)
[dbg   739.487 ms] [merge] expand
[dbg   739.611 ms] merge: merge_serial begin
[dbg   740.947 ms] [merge] merge
[dbg   741.142 ms] [merge] final
[dbg   741.438 ms] [merge] compact
[dbg   741.537 ms] [merge] pack
[dbg   742.050 ms] [merge] d2h
[dbg   742.317 ms] T4b merge self_product: done (C_nnz=713208)
[dbg   742.344 ms] T4c merge2 self_product: start
[dbg   742.346 ms] [mrg2] start
[dbg   742.517 ms] [mrg2] h2d
[dbg   742.528 ms] merge2: count begin
[dbg   742.554 ms] [mrg2] count
[dbg   742.606 ms] [mrg2] scan
[dbg   742.742 ms] merge2: merge_warp begin (2554954 intermediates)
[dbg   743.050 ms] [mrg2] merge
[dbg   743.100 ms] [mrg2] final
[dbg   743.387 ms] [mrg2] compact
[dbg   743.484 ms] [mrg2] pack
[dbg   743.996 ms] [mrg2] d2h
[dbg   744.258 ms] T4c merge2 self_product: done (C_nnz=713208)
Reading matrix from ./data/first100/bcsstk18.mtx...
Input A: 11948 x 11948, nnz = 149090, sparsity = 99.90%
===============WARMING UP (3 rounds)===============
=== Computing C = A x A (cuSPARSE) ===
Result C: 11948 x 11948, nnz = 713208, sparsity = 99.50%
Time: 2.146 ms

=== Computing C = A x A (Manual) ===
Result C: 11948 x 11948, nnz = 713208, sparsity = 99.50%
Time: 2.553 ms

=== Computing C = A x A (Merge) ===
Result C: 11948 x 11948, nnz = 713208, sparsity = 99.50%
Time: 3.431 ms

=== Computing C = A x A (Merge2) ===
Result C: 11948 x 11948, nnz = 713208, sparsity = 99.50%
Time: 1.919 ms

=== All tests completed ===
[36/100] Processing bcsstk19 ... (max 600s)
[dbg     0.001 ms] main entry, initializing CUDA context...
[dbg   473.155 ms] CUDA context ready
[dbg   473.317 ms] start read_matrix_market: ./data/first100/bcsstk19.mtx
[dbg   475.827 ms] read done: 817 x 817, nnz=6853
[mempool] host pinned arena ready: 256 MB (USE_MEMPOOL=ON)
[dbg   623.474 ms] [cu] start
[dbg   632.060 ms] [cu] h2dmalloc (58096 B)
[dbg   632.128 ms] [cu] h2d (58096 B)
[dbg   632.172 ms] cusparse: workEstimation begin
[dbg   658.094 ms] [cu] workest (buf1=83299 B)
[dbg   658.110 ms] cusparse: compute begin
[dbg   658.798 ms] [cu] compute (buf2=1496439 B)
[dbg   658.804 ms] cusparse: C size = 817 x 817, nnz=18305
[dbg   658.815 ms] cusparse: copy begin
[dbg   658.925 ms] [cu] copy
[dbg   658.955 ms] [cu] pack
[dbg   658.976 ms] self_product: C D2H begin (149712 B)
[dbg   659.006 ms] [cu] d2h
[dbg   659.235 ms] [gust] start
[dbg   659.368 ms] [gust] h2d
[dbg   659.370 ms] ESC: count intermediates begin
[dbg   661.028 ms] [gust] count
[dbg   661.332 ms] [gust] scan
[dbg   661.345 ms] ESC: expand begin (61829 intermediates)
[dbg   661.383 ms] [gust] expand
[dbg   661.384 ms] ESC: sort_by_key begin
[dbg   661.646 ms] [gust] sort
[dbg   661.656 ms] ESC: reduce_by_key begin
[dbg   661.817 ms] [gust] reduce
[dbg   661.895 ms] [gust] final
[dbg   661.917 ms] [gust] pack
[dbg   661.939 ms] [gust] d2h
[dbg   662.081 ms] [merge] start
[dbg   662.194 ms] [merge] h2d
[dbg   662.199 ms] merge: count begin
[dbg   662.218 ms] [merge] count
[dbg   662.258 ms] [merge] scan
[dbg   662.264 ms] merge: expand_serial begin (61829 intermediates)
[dbg   662.730 ms] [merge] expand
[dbg   662.741 ms] merge: merge_serial begin
[dbg   662.824 ms] [merge] merge
[dbg   662.870 ms] [merge] final
[dbg   662.910 ms] [merge] compact
[dbg   662.930 ms] [merge] pack
[dbg   662.951 ms] [merge] d2h
[dbg   663.089 ms] [mrg2] start
[dbg   663.201 ms] [mrg2] h2d
[dbg   663.205 ms] merge2: count begin
[dbg   663.222 ms] [mrg2] count
[dbg   663.262 ms] [mrg2] scan
[dbg   663.273 ms] merge2: merge_warp begin (61829 intermediates)
[dbg   663.343 ms] [mrg2] merge
[dbg   663.379 ms] [mrg2] final
[dbg   663.403 ms] [mrg2] compact
[dbg   663.421 ms] [mrg2] pack
[dbg   663.441 ms] [mrg2] d2h
[dbg   663.545 ms] [cu] start
[dbg   663.619 ms] [cu] h2dmalloc (58096 B)
[dbg   663.637 ms] [cu] h2d (58096 B)
[dbg   663.647 ms] cusparse: workEstimation begin
[dbg   663.709 ms] [cu] workest (buf1=83299 B)
[dbg   663.712 ms] cusparse: compute begin
[dbg   663.896 ms] [cu] compute (buf2=1496439 B)
[dbg   663.899 ms] cusparse: C size = 817 x 817, nnz=18305
[dbg   663.906 ms] cusparse: copy begin
[dbg   663.955 ms] [cu] copy
[dbg   663.973 ms] [cu] pack
[dbg   663.990 ms] self_product: C D2H begin (149712 B)
[dbg   664.011 ms] [cu] d2h
[dbg   664.096 ms] [gust] start
[dbg   664.192 ms] [gust] h2d
[dbg   664.195 ms] ESC: count intermediates begin
[dbg   664.213 ms] [gust] count
[dbg   664.252 ms] [gust] scan
[dbg   664.258 ms] ESC: expand begin (61829 intermediates)
[dbg   664.275 ms] [gust] expand
[dbg   664.276 ms] ESC: sort_by_key begin
[dbg   664.408 ms] [gust] sort
[dbg   664.415 ms] ESC: reduce_by_key begin
[dbg   664.456 ms] [gust] reduce
[dbg   664.514 ms] [gust] final
[dbg   664.531 ms] [gust] pack
[dbg   664.552 ms] [gust] d2h
[dbg   664.648 ms] [merge] start
[dbg   664.729 ms] [merge] h2d
[dbg   664.731 ms] merge: count begin
[dbg   664.748 ms] [merge] count
[dbg   664.784 ms] [merge] scan
[dbg   664.789 ms] merge: expand_serial begin (61829 intermediates)
[dbg   664.814 ms] [merge] expand
[dbg   664.822 ms] merge: merge_serial begin
[dbg   664.880 ms] [merge] merge
[dbg   664.920 ms] [merge] final
[dbg   664.944 ms] [merge] compact
[dbg   664.962 ms] [merge] pack
[dbg   664.983 ms] [merge] d2h
[dbg   665.078 ms] [mrg2] start
[dbg   665.157 ms] [mrg2] h2d
[dbg   665.160 ms] merge2: count begin
[dbg   665.176 ms] [mrg2] count
[dbg   665.213 ms] [mrg2] scan
[dbg   665.221 ms] merge2: merge_warp begin (61829 intermediates)
[dbg   665.253 ms] [mrg2] merge
[dbg   665.286 ms] [mrg2] final
[dbg   665.307 ms] [mrg2] compact
[dbg   665.325 ms] [mrg2] pack
[dbg   665.346 ms] [mrg2] d2h
[dbg   665.443 ms] [cu] start
[dbg   665.506 ms] [cu] h2dmalloc (58096 B)
[dbg   665.522 ms] [cu] h2d (58096 B)
[dbg   665.529 ms] cusparse: workEstimation begin
[dbg   665.580 ms] [cu] workest (buf1=83299 B)
[dbg   665.583 ms] cusparse: compute begin
[dbg   665.756 ms] [cu] compute (buf2=1496439 B)
[dbg   665.759 ms] cusparse: C size = 817 x 817, nnz=18305
[dbg   665.765 ms] cusparse: copy begin
[dbg   665.812 ms] [cu] copy
[dbg   665.831 ms] [cu] pack
[dbg   665.846 ms] self_product: C D2H begin (149712 B)
[dbg   665.867 ms] [cu] d2h
[dbg   665.951 ms] [gust] start
[dbg   666.031 ms] [gust] h2d
[dbg   666.034 ms] ESC: count intermediates begin
[dbg   666.050 ms] [gust] count
[dbg   666.088 ms] [gust] scan
[dbg   666.094 ms] ESC: expand begin (61829 intermediates)
[dbg   666.109 ms] [gust] expand
[dbg   666.111 ms] ESC: sort_by_key begin
[dbg   666.240 ms] [gust] sort
[dbg   666.247 ms] ESC: reduce_by_key begin
[dbg   666.281 ms] [gust] reduce
[dbg   666.344 ms] [gust] final
[dbg   666.363 ms] [gust] pack
[dbg   666.383 ms] [gust] d2h
[dbg   666.477 ms] [merge] start
[dbg   666.555 ms] [merge] h2d
[dbg   666.559 ms] merge: count begin
[dbg   666.574 ms] [merge] count
[dbg   666.610 ms] [merge] scan
[dbg   666.615 ms] merge: expand_serial begin (61829 intermediates)
[dbg   666.638 ms] [merge] expand
[dbg   666.646 ms] merge: merge_serial begin
[dbg   666.705 ms] [merge] merge
[dbg   666.743 ms] [merge] final
[dbg   666.767 ms] [merge] compact
[dbg   666.784 ms] [merge] pack
[dbg   666.805 ms] [merge] d2h
[dbg   666.894 ms] [mrg2] start
[dbg   666.969 ms] [mrg2] h2d
[dbg   666.971 ms] merge2: count begin
[dbg   666.986 ms] [mrg2] count
[dbg   667.021 ms] [mrg2] scan
[dbg   667.028 ms] merge2: merge_warp begin (61829 intermediates)
[dbg   667.061 ms] [mrg2] merge
[dbg   667.095 ms] [mrg2] final
[dbg   667.120 ms] [mrg2] compact
[dbg   667.139 ms] [mrg2] pack
[dbg   667.161 ms] [mrg2] d2h
[dbg   667.250 ms] warmup done
[dbg   667.280 ms] T1 cuSPARSE self_product: start
[dbg   667.285 ms] [cu] start
[dbg   667.352 ms] [cu] h2dmalloc (58096 B)
[dbg   667.369 ms] [cu] h2d (58096 B)
[dbg   667.375 ms] cusparse: workEstimation begin
[dbg   667.427 ms] [cu] workest (buf1=83299 B)
[dbg   667.428 ms] cusparse: compute begin
[dbg   667.602 ms] [cu] compute (buf2=1496439 B)
[dbg   667.605 ms] cusparse: C size = 817 x 817, nnz=18305
[dbg   667.612 ms] cusparse: copy begin
[dbg   667.658 ms] [cu] copy
[dbg   667.677 ms] [cu] pack
[dbg   667.692 ms] self_product: C D2H begin (149712 B)
[dbg   667.713 ms] [cu] d2h
[dbg   667.797 ms] T1 cuSPARSE self_product: done (C_nnz=18305)
[dbg   667.822 ms] T4 manual self_product: start
[dbg   667.824 ms] [gust] start
[dbg   667.904 ms] [gust] h2d
[dbg   667.908 ms] ESC: count intermediates begin
[dbg   667.925 ms] [gust] count
[dbg   667.964 ms] [gust] scan
[dbg   667.970 ms] ESC: expand begin (61829 intermediates)
[dbg   667.986 ms] [gust] expand
[dbg   667.987 ms] ESC: sort_by_key begin
[dbg   668.118 ms] [gust] sort
[dbg   668.124 ms] ESC: reduce_by_key begin
[dbg   668.168 ms] [gust] reduce
[dbg   668.225 ms] [gust] final
[dbg   668.242 ms] [gust] pack
[dbg   668.262 ms] [gust] d2h
[dbg   668.356 ms] T4 manual self_product: done (C_nnz=18305)
[dbg   668.375 ms] T4b merge self_product: start
[dbg   668.376 ms] [merge] start
[dbg   668.456 ms] [merge] h2d
[dbg   668.460 ms] merge: count begin
[dbg   668.477 ms] [merge] count
[dbg   668.513 ms] [merge] scan
[dbg   668.519 ms] merge: expand_serial begin (61829 intermediates)
[dbg   668.543 ms] [merge] expand
[dbg   668.551 ms] merge: merge_serial begin
[dbg   668.609 ms] [merge] merge
[dbg   668.648 ms] [merge] final
[dbg   668.672 ms] [merge] compact
[dbg   668.689 ms] [merge] pack
[dbg   668.710 ms] [merge] d2h
[dbg   668.800 ms] T4b merge self_product: done (C_nnz=18305)
[dbg   668.823 ms] T4c merge2 self_product: start
[dbg   668.824 ms] [mrg2] start
[dbg   668.901 ms] [mrg2] h2d
[dbg   668.904 ms] merge2: count begin
[dbg   668.920 ms] [mrg2] count
[dbg   668.957 ms] [mrg2] scan
[dbg   668.966 ms] merge2: merge_warp begin (61829 intermediates)
[dbg   668.999 ms] [mrg2] merge
[dbg   669.033 ms] [mrg2] final
[dbg   669.057 ms] [mrg2] compact
[dbg   669.075 ms] [mrg2] pack
[dbg   669.097 ms] [mrg2] d2h
[dbg   669.198 ms] T4c merge2 self_product: done (C_nnz=18305)
Reading matrix from ./data/first100/bcsstk19.mtx...
Input A: 817 x 817, nnz = 6853, sparsity = 98.97%
===============WARMING UP (3 rounds)===============
=== Computing C = A x A (cuSPARSE) ===
Result C: 817 x 817, nnz = 18305, sparsity = 97.26%
Time: 0.520 ms

=== Computing C = A x A (Manual) ===
Result C: 817 x 817, nnz = 18305, sparsity = 97.26%
Time: 0.537 ms

=== Computing C = A x A (Merge) ===
Result C: 817 x 817, nnz = 18305, sparsity = 97.26%
Time: 0.429 ms

=== Computing C = A x A (Merge2) ===
Result C: 817 x 817, nnz = 18305, sparsity = 97.26%
Time: 0.379 ms

=== All tests completed ===
[37/100] Processing bcsstk20 ... (max 600s)
[dbg     0.000 ms] main entry, initializing CUDA context...
[dbg   468.795 ms] CUDA context ready
[dbg   468.969 ms] start read_matrix_market: ./data/first100/bcsstk20.mtx
[dbg   470.939 ms] read done: 485 x 485, nnz=3135
[mempool] host pinned arena ready: 256 MB (USE_MEMPOOL=ON)
[dbg   618.801 ms] [cu] start
[dbg   626.964 ms] [cu] h2dmalloc (27024 B)
[dbg   627.031 ms] [cu] h2d (27024 B)
[dbg   627.070 ms] cusparse: workEstimation begin
[dbg   650.402 ms] [cu] workest (buf1=38683 B)
[dbg   650.415 ms] cusparse: compute begin
[dbg   651.120 ms] [cu] compute (buf2=556559 B)
[dbg   651.127 ms] cusparse: C size = 485 x 485, nnz=5545
[dbg   651.139 ms] cusparse: copy begin
[dbg   651.243 ms] [cu] copy
[dbg   651.273 ms] [cu] pack
[dbg   651.298 ms] self_product: C D2H begin (46304 B)
[dbg   651.315 ms] [cu] d2h
[dbg   651.514 ms] [gust] start
[dbg   651.637 ms] [gust] h2d
[dbg   651.642 ms] ESC: count intermediates begin
[dbg   653.243 ms] [gust] count
[dbg   653.550 ms] [gust] scan
[dbg   653.564 ms] ESC: expand begin (22965 intermediates)
[dbg   653.601 ms] [gust] expand
[dbg   653.603 ms] ESC: sort_by_key begin
[dbg   653.873 ms] [gust] sort
[dbg   653.885 ms] ESC: reduce_by_key begin
[dbg   654.055 ms] [gust] reduce
[dbg   654.135 ms] [gust] final
[dbg   654.159 ms] [gust] pack
[dbg   654.172 ms] [gust] d2h
[dbg   654.339 ms] [merge] start
[dbg   654.451 ms] [merge] h2d
[dbg   654.455 ms] merge: count begin
[dbg   654.477 ms] [merge] count
[dbg   654.531 ms] [merge] scan
[dbg   654.543 ms] merge: expand_serial begin (22965 intermediates)
[dbg   655.043 ms] [merge] expand
[dbg   655.056 ms] merge: merge_serial begin
[dbg   655.124 ms] [merge] merge
[dbg   655.175 ms] [merge] final
[dbg   655.223 ms] [merge] compact
[dbg   655.260 ms] [merge] pack
[dbg   655.274 ms] [merge] d2h
[dbg   655.427 ms] [mrg2] start
[dbg   655.534 ms] [mrg2] h2d
[dbg   655.546 ms] merge2: count begin
[dbg   655.572 ms] [mrg2] count
[dbg   655.630 ms] [mrg2] scan
[dbg   655.641 ms] merge2: merge_warp begin (22965 intermediates)
[dbg   655.719 ms] [mrg2] merge
[dbg   655.760 ms] [mrg2] final
[dbg   655.792 ms] [mrg2] compact
[dbg   655.817 ms] [mrg2] pack
[dbg   655.832 ms] [mrg2] d2h
[dbg   655.955 ms] [cu] start
[dbg   656.036 ms] [cu] h2dmalloc (27024 B)
[dbg   656.052 ms] [cu] h2d (27024 B)
[dbg   656.063 ms] cusparse: workEstimation begin
[dbg   656.139 ms] [cu] workest (buf1=38683 B)
[dbg   656.144 ms] cusparse: compute begin
[dbg   656.335 ms] [cu] compute (buf2=556559 B)
[dbg   656.338 ms] cusparse: C size = 485 x 485, nnz=5545
[dbg   656.346 ms] cusparse: copy begin
[dbg   656.394 ms] [cu] copy
[dbg   656.423 ms] [cu] pack
[dbg   656.444 ms] self_product: C D2H begin (46304 B)
[dbg   656.458 ms] [cu] d2h
[dbg   656.568 ms] [gust] start
[dbg   656.661 ms] [gust] h2d
[dbg   656.663 ms] ESC: count intermediates begin
[dbg   656.684 ms] [gust] count
[dbg   656.728 ms] [gust] scan
[dbg   656.737 ms] ESC: expand begin (22965 intermediates)
[dbg   656.756 ms] [gust] expand
[dbg   656.758 ms] ESC: sort_by_key begin
[dbg   656.890 ms] [gust] sort
[dbg   656.898 ms] ESC: reduce_by_key begin
[dbg   656.933 ms] [gust] reduce
[dbg   656.999 ms] [gust] final
[dbg   657.023 ms] [gust] pack
[dbg   657.037 ms] [gust] d2h
[dbg   657.156 ms] [merge] start
[dbg   657.257 ms] [merge] h2d
[dbg   657.260 ms] merge: count begin
[dbg   657.280 ms] [merge] count
[dbg   657.320 ms] [merge] scan
[dbg   657.328 ms] merge: expand_serial begin (22965 intermediates)
[dbg   657.355 ms] [merge] expand
[dbg   657.368 ms] merge: merge_serial begin
[dbg   657.416 ms] [merge] merge
[dbg   657.460 ms] [merge] final
[dbg   657.487 ms] [merge] compact
[dbg   657.515 ms] [merge] pack
[dbg   657.529 ms] [merge] d2h
[dbg   657.641 ms] [mrg2] start
[dbg   657.729 ms] [mrg2] h2d
[dbg   657.731 ms] merge2: count begin
[dbg   657.748 ms] [mrg2] count
[dbg   657.787 ms] [mrg2] scan
[dbg   657.798 ms] merge2: merge_warp begin (22965 intermediates)
[dbg   657.827 ms] [mrg2] merge
[dbg   657.885 ms] [mrg2] final
[dbg   657.914 ms] [mrg2] compact
[dbg   657.945 ms] [mrg2] pack
[dbg   657.960 ms] [mrg2] d2h
[dbg   658.076 ms] [cu] start
[dbg   658.158 ms] [cu] h2dmalloc (27024 B)
[dbg   658.175 ms] [cu] h2d (27024 B)
[dbg   658.184 ms] cusparse: workEstimation begin
[dbg   658.262 ms] [cu] workest (buf1=38683 B)
[dbg   658.265 ms] cusparse: compute begin
[dbg   658.434 ms] [cu] compute (buf2=556559 B)
[dbg   658.438 ms] cusparse: C size = 485 x 485, nnz=5545
[dbg   658.444 ms] cusparse: copy begin
[dbg   658.496 ms] [cu] copy
[dbg   658.517 ms] [cu] pack
[dbg   658.532 ms] self_product: C D2H begin (46304 B)
[dbg   658.548 ms] [cu] d2h
[dbg   658.652 ms] [gust] start
[dbg   658.741 ms] [gust] h2d
[dbg   658.743 ms] ESC: count intermediates begin
[dbg   658.762 ms] [gust] count
[dbg   658.806 ms] [gust] scan
[dbg   658.814 ms] ESC: expand begin (22965 intermediates)
[dbg   658.832 ms] [gust] expand
[dbg   658.835 ms] ESC: sort_by_key begin
[dbg   658.964 ms] [gust] sort
[dbg   658.971 ms] ESC: reduce_by_key begin
[dbg   659.009 ms] [gust] reduce
[dbg   659.088 ms] [gust] final
[dbg   659.109 ms] [gust] pack
[dbg   659.121 ms] [gust] d2h
[dbg   659.248 ms] [merge] start
[dbg   659.348 ms] [merge] h2d
[dbg   659.353 ms] merge: count begin
[dbg   659.373 ms] [merge] count
[dbg   659.424 ms] [merge] scan
[dbg   659.431 ms] merge: expand_serial begin (22965 intermediates)
[dbg   659.455 ms] [merge] expand
[dbg   659.468 ms] merge: merge_serial begin
[dbg   659.516 ms] [merge] merge
[dbg   659.562 ms] [merge] final
[dbg   659.592 ms] [merge] compact
[dbg   659.620 ms] [merge] pack
[dbg   659.636 ms] [merge] d2h
[dbg   659.746 ms] [mrg2] start
[dbg   659.840 ms] [mrg2] h2d
[dbg   659.843 ms] merge2: count begin
[dbg   659.861 ms] [mrg2] count
[dbg   659.911 ms] [mrg2] scan
[dbg   659.921 ms] merge2: merge_warp begin (22965 intermediates)
[dbg   659.948 ms] [mrg2] merge
[dbg   659.995 ms] [mrg2] final
[dbg   660.020 ms] [mrg2] compact
[dbg   660.040 ms] [mrg2] pack
[dbg   660.054 ms] [mrg2] d2h
[dbg   660.166 ms] warmup done
[dbg   660.194 ms] T1 cuSPARSE self_product: start
[dbg   660.196 ms] [cu] start
[dbg   660.297 ms] [cu] h2dmalloc (27024 B)
[dbg   660.314 ms] [cu] h2d (27024 B)
[dbg   660.323 ms] cusparse: workEstimation begin
[dbg   660.381 ms] [cu] workest (buf1=38683 B)
[dbg   660.383 ms] cusparse: compute begin
[dbg   660.542 ms] [cu] compute (buf2=556559 B)
[dbg   660.545 ms] cusparse: C size = 485 x 485, nnz=5545
[dbg   660.551 ms] cusparse: copy begin
[dbg   660.598 ms] [cu] copy
[dbg   660.618 ms] [cu] pack
[dbg   660.633 ms] self_product: C D2H begin (46304 B)
[dbg   660.645 ms] [cu] d2h
[dbg   660.746 ms] T1 cuSPARSE self_product: done (C_nnz=5545)
[dbg   660.782 ms] T4 manual self_product: start
[dbg   660.784 ms] [gust] start
[dbg   660.888 ms] [gust] h2d
[dbg   660.891 ms] ESC: count intermediates begin
[dbg   660.911 ms] [gust] count
[dbg   660.962 ms] [gust] scan
[dbg   660.970 ms] ESC: expand begin (22965 intermediates)
[dbg   660.984 ms] [gust] expand
[dbg   660.986 ms] ESC: sort_by_key begin
[dbg   661.109 ms] [gust] sort
[dbg   661.117 ms] ESC: reduce_by_key begin
[dbg   661.152 ms] [gust] reduce
[dbg   661.226 ms] [gust] final
[dbg   661.258 ms] [gust] pack
[dbg   661.272 ms] [gust] d2h
[dbg   661.395 ms] T4 manual self_product: done (C_nnz=5545)
[dbg   661.424 ms] T4b merge self_product: start
[dbg   661.426 ms] [merge] start
[dbg   661.538 ms] [merge] h2d
[dbg   661.542 ms] merge: count begin
[dbg   661.562 ms] [merge] count
[dbg   661.613 ms] [merge] scan
[dbg   661.622 ms] merge: expand_serial begin (22965 intermediates)
[dbg   661.647 ms] [merge] expand
[dbg   661.655 ms] merge: merge_serial begin
[dbg   661.701 ms] [merge] merge
[dbg   661.747 ms] [merge] final
[dbg   661.778 ms] [merge] compact
[dbg   661.806 ms] [merge] pack
[dbg   661.820 ms] [merge] d2h
[dbg   661.933 ms] T4b merge self_product: done (C_nnz=5545)
[dbg   661.961 ms] T4c merge2 self_product: start
[dbg   661.965 ms] [mrg2] start
[dbg   662.070 ms] [mrg2] h2d
[dbg   662.074 ms] merge2: count begin
[dbg   662.092 ms] [mrg2] count
[dbg   662.143 ms] [mrg2] scan
[dbg   662.152 ms] merge2: merge_warp begin (22965 intermediates)
[dbg   662.178 ms] [mrg2] merge
[dbg   662.223 ms] [mrg2] final
[dbg   662.258 ms] [mrg2] compact
[dbg   662.284 ms] [mrg2] pack
[dbg   662.299 ms] [mrg2] d2h
[dbg   662.409 ms] T4c merge2 self_product: done (C_nnz=5545)
Reading matrix from ./data/first100/bcsstk20.mtx...
Input A: 485 x 485, nnz = 3135, sparsity = 98.67%
===============WARMING UP (3 rounds)===============
=== Computing C = A x A (cuSPARSE) ===
Result C: 485 x 485, nnz = 5545, sparsity = 97.64%
Time: 0.557 ms

=== Computing C = A x A (Manual) ===
Result C: 485 x 485, nnz = 5545, sparsity = 97.64%
Time: 0.617 ms

=== Computing C = A x A (Merge) ===
Result C: 485 x 485, nnz = 5545, sparsity = 97.64%
Time: 0.513 ms

=== Computing C = A x A (Merge2) ===
Result C: 485 x 485, nnz = 5545, sparsity = 97.64%
Time: 0.452 ms

=== All tests completed ===
[38/100] Processing bcsstk21 ... (max 600s)
[dbg     0.001 ms] main entry, initializing CUDA context...
[dbg   479.163 ms] CUDA context ready
[dbg   479.323 ms] start read_matrix_market: ./data/first100/bcsstk21.mtx
[dbg   484.969 ms] read done: 3600 x 3600, nnz=26600
[mempool] host pinned arena ready: 256 MB (USE_MEMPOOL=ON)
[dbg   646.161 ms] [cu] start
[dbg   656.118 ms] [cu] h2dmalloc (227204 B)
[dbg   656.196 ms] [cu] h2d (227204 B)
[dbg   656.233 ms] cusparse: workEstimation begin
[dbg   681.255 ms] [cu] workest (buf1=320519 B)
[dbg   681.267 ms] cusparse: compute begin
[dbg   682.124 ms] [cu] compute (buf2=4862143 B)
[dbg   682.134 ms] cusparse: C size = 3600 x 3600, nnz=93072
[dbg   682.148 ms] cusparse: copy begin
[dbg   682.270 ms] [cu] copy
[dbg   682.307 ms] [cu] pack
[dbg   682.486 ms] self_product: C D2H begin (758980 B)
[dbg   682.561 ms] [cu] d2h
[dbg   682.675 ms] [gust] start
[dbg   682.796 ms] [gust] h2d
[dbg   682.798 ms] ESC: count intermediates begin
[dbg   684.375 ms] [gust] count
[dbg   684.667 ms] [gust] scan
[dbg   684.766 ms] ESC: expand begin (201128 intermediates)
[dbg   684.814 ms] [gust] expand
[dbg   684.817 ms] ESC: sort_by_key begin
[dbg   685.270 ms] [gust] sort
[dbg   685.346 ms] ESC: reduce_by_key begin
[dbg   685.530 ms] [gust] reduce
[dbg   685.631 ms] [gust] final
[dbg   685.653 ms] [gust] pack
[dbg   685.724 ms] [gust] d2h
[dbg   685.990 ms] [merge] start
[dbg   686.094 ms] [merge] h2d
[dbg   686.103 ms] merge: count begin
[dbg   686.123 ms] [merge] count
[dbg   686.166 ms] [merge] scan
[dbg   686.237 ms] merge: expand_serial begin (201128 intermediates)
[dbg   686.718 ms] [merge] expand
[dbg   686.836 ms] merge: merge_serial begin
[dbg   686.929 ms] [merge] merge
[dbg   686.990 ms] [merge] final
[dbg   687.126 ms] [merge] compact
[dbg   687.151 ms] [merge] pack
[dbg   687.222 ms] [merge] d2h
[dbg   687.390 ms] [mrg2] start
[dbg   687.486 ms] [mrg2] h2d
[dbg   687.494 ms] merge2: count begin
[dbg   687.514 ms] [mrg2] count
[dbg   687.558 ms] [mrg2] scan
[dbg   687.573 ms] merge2: merge_warp begin (201128 intermediates)
[dbg   687.668 ms] [mrg2] merge
[dbg   687.710 ms] [mrg2] final
[dbg   687.813 ms] [mrg2] compact
[dbg   687.834 ms] [mrg2] pack
[dbg   687.917 ms] [mrg2] d2h
[dbg   688.088 ms] [cu] start
[dbg   688.159 ms] [cu] h2dmalloc (227204 B)
[dbg   688.192 ms] [cu] h2d (227204 B)
[dbg   688.206 ms] cusparse: workEstimation begin
[dbg   688.275 ms] [cu] workest (buf1=320519 B)
[dbg   688.278 ms] cusparse: compute begin
[dbg   688.598 ms] [cu] compute (buf2=4862143 B)
[dbg   688.604 ms] cusparse: C size = 3600 x 3600, nnz=93072
[dbg   688.616 ms] cusparse: copy begin
[dbg   688.683 ms] [cu] copy
[dbg   688.714 ms] [cu] pack
[dbg   688.844 ms] self_product: C D2H begin (758980 B)
[dbg   688.918 ms] [cu] d2h
[dbg   689.005 ms] [gust] start
[dbg   689.105 ms] [gust] h2d
[dbg   689.108 ms] ESC: count intermediates begin
[dbg   689.129 ms] [gust] count
[dbg   689.175 ms] [gust] scan
[dbg   689.252 ms] ESC: expand begin (201128 intermediates)
[dbg   689.278 ms] [gust] expand
[dbg   689.279 ms] ESC: sort_by_key begin
[dbg   689.597 ms] [gust] sort
[dbg   689.687 ms] ESC: reduce_by_key begin
[dbg   689.751 ms] [gust] reduce
[dbg   689.840 ms] [gust] final
[dbg   689.870 ms] [gust] pack
[dbg   689.940 ms] [gust] d2h
[dbg   690.203 ms] [merge] start
[dbg   690.310 ms] [merge] h2d
[dbg   690.318 ms] merge: count begin
[dbg   690.337 ms] [merge] count
[dbg   690.387 ms] [merge] scan
[dbg   690.457 ms] merge: expand_serial begin (201128 intermediates)
[dbg   690.485 ms] [merge] expand
[dbg   690.550 ms] merge: merge_serial begin
[dbg   690.615 ms] [merge] merge
[dbg   690.668 ms] [merge] final
[dbg   690.779 ms] [merge] compact
[dbg   690.802 ms] [merge] pack
[dbg   690.874 ms] [merge] d2h
[dbg   691.034 ms] [mrg2] start
[dbg   691.127 ms] [mrg2] h2d
[dbg   691.132 ms] merge2: count begin
[dbg   691.150 ms] [mrg2] count
[dbg   691.190 ms] [mrg2] scan
[dbg   691.200 ms] merge2: merge_warp begin (201128 intermediates)
[dbg   691.239 ms] [mrg2] merge
[dbg   691.276 ms] [mrg2] final
[dbg   691.365 ms] [mrg2] compact
[dbg   691.387 ms] [mrg2] pack
[dbg   691.458 ms] [mrg2] d2h
[dbg   691.625 ms] [cu] start
[dbg   691.688 ms] [cu] h2dmalloc (227204 B)
[dbg   691.718 ms] [cu] h2d (227204 B)
[dbg   691.727 ms] cusparse: workEstimation begin
[dbg   691.783 ms] [cu] workest (buf1=320519 B)
[dbg   691.786 ms] cusparse: compute begin
[dbg   692.042 ms] [cu] compute (buf2=4862143 B)
[dbg   692.046 ms] cusparse: C size = 3600 x 3600, nnz=93072
[dbg   692.053 ms] cusparse: copy begin
[dbg   692.103 ms] [cu] copy
[dbg   692.124 ms] [cu] pack
[dbg   692.220 ms] self_product: C D2H begin (758980 B)
[dbg   692.290 ms] [cu] d2h
[dbg   692.366 ms] [gust] start
[dbg   692.457 ms] [gust] h2d
[dbg   692.460 ms] ESC: count intermediates begin
[dbg   692.478 ms] [gust] count
[dbg   692.519 ms] [gust] scan
[dbg   692.592 ms] ESC: expand begin (201128 intermediates)
[dbg   692.617 ms] [gust] expand
[dbg   692.618 ms] ESC: sort_by_key begin
[dbg   692.894 ms] [gust] sort
[dbg   692.958 ms] ESC: reduce_by_key begin
[dbg   693.001 ms] [gust] reduce
[dbg   693.068 ms] [gust] final
[dbg   693.096 ms] [gust] pack
[dbg   693.167 ms] [gust] d2h
[dbg   693.403 ms] [merge] start
[dbg   693.493 ms] [merge] h2d
[dbg   693.499 ms] merge: count begin
[dbg   693.516 ms] [merge] count
[dbg   693.555 ms] [merge] scan
[dbg   693.627 ms] merge: expand_serial begin (201128 intermediates)
[dbg   693.655 ms] [merge] expand
[dbg   693.718 ms] merge: merge_serial begin
[dbg   693.783 ms] [merge] merge
[dbg   693.827 ms] [merge] final
[dbg   693.930 ms] [merge] compact
[dbg   693.952 ms] [merge] pack
[dbg   694.022 ms] [merge] d2h
[dbg   694.179 ms] [mrg2] start
[dbg   694.266 ms] [mrg2] h2d
[dbg   694.271 ms] merge2: count begin
[dbg   694.287 ms] [mrg2] count
[dbg   694.327 ms] [mrg2] scan
[dbg   694.336 ms] merge2: merge_warp begin (201128 intermediates)
[dbg   694.375 ms] [mrg2] merge
[dbg   694.411 ms] [mrg2] final
[dbg   694.500 ms] [mrg2] compact
[dbg   694.520 ms] [mrg2] pack
[dbg   694.591 ms] [mrg2] d2h
[dbg   694.752 ms] warmup done
[dbg   694.784 ms] T1 cuSPARSE self_product: start
[dbg   694.787 ms] [cu] start
[dbg   694.852 ms] [cu] h2dmalloc (227204 B)
[dbg   694.883 ms] [cu] h2d (227204 B)
[dbg   694.889 ms] cusparse: workEstimation begin
[dbg   694.944 ms] [cu] workest (buf1=320519 B)
[dbg   694.945 ms] cusparse: compute begin
[dbg   695.198 ms] [cu] compute (buf2=4862143 B)
[dbg   695.202 ms] cusparse: C size = 3600 x 3600, nnz=93072
[dbg   695.208 ms] cusparse: copy begin
[dbg   695.257 ms] [cu] copy
[dbg   695.275 ms] [cu] pack
[dbg   695.372 ms] self_product: C D2H begin (758980 B)
[dbg   695.443 ms] [cu] d2h
[dbg   695.519 ms] T1 cuSPARSE self_product: done (C_nnz=93072)
[dbg   695.539 ms] T4 manual self_product: start
[dbg   695.540 ms] [gust] start
[dbg   695.640 ms] [gust] h2d
[dbg   695.643 ms] ESC: count intermediates begin
[dbg   695.662 ms] [gust] count
[dbg   695.704 ms] [gust] scan
[dbg   695.771 ms] ESC: expand begin (201128 intermediates)
[dbg   695.795 ms] [gust] expand
[dbg   695.797 ms] ESC: sort_by_key begin
[dbg   696.072 ms] [gust] sort
[dbg   696.135 ms] ESC: reduce_by_key begin
[dbg   696.176 ms] [gust] reduce
[dbg   696.250 ms] [gust] final
[dbg   696.270 ms] [gust] pack
[dbg   696.340 ms] [gust] d2h
[dbg   696.573 ms] T4 manual self_product: done (C_nnz=93072)
[dbg   696.604 ms] T4b merge self_product: start
[dbg   696.606 ms] [merge] start
[dbg   696.698 ms] [merge] h2d
[dbg   696.704 ms] merge: count begin
[dbg   696.722 ms] [merge] count
[dbg   696.766 ms] [merge] scan
[dbg   696.831 ms] merge: expand_serial begin (201128 intermediates)
[dbg   696.859 ms] [merge] expand
[dbg   696.921 ms] merge: merge_serial begin
[dbg   696.985 ms] [merge] merge
[dbg   697.028 ms] [merge] final
[dbg   697.134 ms] [merge] compact
[dbg   697.158 ms] [merge] pack
[dbg   697.229 ms] [merge] d2h
[dbg   697.386 ms] T4b merge self_product: done (C_nnz=93072)
[dbg   697.405 ms] T4c merge2 self_product: start
[dbg   697.407 ms] [mrg2] start
[dbg   697.497 ms] [mrg2] h2d
[dbg   697.502 ms] merge2: count begin
[dbg   697.519 ms] [mrg2] count
[dbg   697.559 ms] [mrg2] scan
[dbg   697.567 ms] merge2: merge_warp begin (201128 intermediates)
[dbg   697.605 ms] [mrg2] merge
[dbg   697.641 ms] [mrg2] final
[dbg   697.731 ms] [mrg2] compact
[dbg   697.752 ms] [mrg2] pack
[dbg   697.823 ms] [mrg2] d2h
[dbg   697.987 ms] T4c merge2 self_product: done (C_nnz=93072)
Reading matrix from ./data/first100/bcsstk21.mtx...
Input A: 3600 x 3600, nnz = 26600, sparsity = 99.79%
===============WARMING UP (3 rounds)===============
=== Computing C = A x A (cuSPARSE) ===
Result C: 3600 x 3600, nnz = 93072, sparsity = 99.28%
Time: 0.736 ms

=== Computing C = A x A (Manual) ===
Result C: 3600 x 3600, nnz = 93072, sparsity = 99.28%
Time: 1.047 ms

=== Computing C = A x A (Merge) ===
Result C: 3600 x 3600, nnz = 93072, sparsity = 99.28%
Time: 0.785 ms

=== Computing C = A x A (Merge2) ===
Result C: 3600 x 3600, nnz = 93072, sparsity = 99.28%
Time: 0.586 ms

=== All tests completed ===
[39/100] Processing bcsstk22 ... (max 600s)
[dbg     0.001 ms] main entry, initializing CUDA context...
[dbg   479.356 ms] CUDA context ready
[dbg   479.551 ms] start read_matrix_market: ./data/first100/bcsstk22.mtx
[dbg   481.093 ms] read done: 138 x 138, nnz=696
[mempool] host pinned arena ready: 256 MB (USE_MEMPOOL=ON)
[dbg   627.187 ms] [cu] start
[dbg   635.514 ms] [cu] h2dmalloc (6124 B)
[dbg   635.580 ms] [cu] h2d (6124 B)
[dbg   635.625 ms] cusparse: workEstimation begin
[dbg   661.578 ms] [cu] workest (buf1=9415 B)
[dbg   661.590 ms] cusparse: compute begin
[dbg   662.199 ms] [cu] compute (buf2=100663 B)
[dbg   662.205 ms] cusparse: C size = 138 x 138, nnz=1552
[dbg   662.216 ms] cusparse: copy begin
[dbg   662.306 ms] [cu] copy
[dbg   662.332 ms] [cu] pack
[dbg   662.352 ms] self_product: C D2H begin (12972 B)
[dbg   662.364 ms] [cu] d2h
[dbg   662.555 ms] [gust] start
[dbg   662.670 ms] [gust] h2d
[dbg   662.673 ms] ESC: count intermediates begin
[dbg   664.195 ms] [gust] count
[dbg   664.472 ms] [gust] scan
[dbg   664.485 ms] ESC: expand begin (3980 intermediates)
[dbg   664.515 ms] [gust] expand
[dbg   664.516 ms] ESC: sort_by_key begin
[dbg   664.748 ms] [gust] sort
[dbg   664.756 ms] ESC: reduce_by_key begin
[dbg   664.907 ms] [gust] reduce
[dbg   664.979 ms] [gust] final
[dbg   664.999 ms] [gust] pack
[dbg   665.009 ms] [gust] d2h
[dbg   665.139 ms] [merge] start
[dbg   665.241 ms] [merge] h2d
[dbg   665.244 ms] merge: count begin
[dbg   665.261 ms] [merge] count
[dbg   665.300 ms] [merge] scan
[dbg   665.306 ms] merge: expand_serial begin (3980 intermediates)
[dbg   665.766 ms] [merge] expand
[dbg   665.782 ms] merge: merge_serial begin
[dbg   665.836 ms] [merge] merge
[dbg   665.880 ms] [merge] final
[dbg   665.916 ms] [merge] compact
[dbg   665.935 ms] [merge] pack
[dbg   665.944 ms] [merge] d2h
[dbg   666.061 ms] [mrg2] start
[dbg   666.160 ms] [mrg2] h2d
[dbg   666.162 ms] merge2: count begin
[dbg   666.179 ms] [mrg2] count
[dbg   666.217 ms] [mrg2] scan
[dbg   666.225 ms] merge2: merge_warp begin (3980 intermediates)
[dbg   666.285 ms] [mrg2] merge
[dbg   666.320 ms] [mrg2] final
[dbg   666.348 ms] [mrg2] compact
[dbg   666.365 ms] [mrg2] pack
[dbg   666.375 ms] [mrg2] d2h
[dbg   666.470 ms] [cu] start
[dbg   666.542 ms] [cu] h2dmalloc (6124 B)
[dbg   666.557 ms] [cu] h2d (6124 B)
[dbg   666.568 ms] cusparse: workEstimation begin
[dbg   666.624 ms] [cu] workest (buf1=9415 B)
[dbg   666.627 ms] cusparse: compute begin
[dbg   666.788 ms] [cu] compute (buf2=100663 B)
[dbg   666.791 ms] cusparse: C size = 138 x 138, nnz=1552
[dbg   666.797 ms] cusparse: copy begin
[dbg   666.840 ms] [cu] copy
[dbg   666.858 ms] [cu] pack
[dbg   666.873 ms] self_product: C D2H begin (12972 B)
[dbg   666.881 ms] [cu] d2h
[dbg   666.951 ms] [gust] start
[dbg   667.031 ms] [gust] h2d
[dbg   667.034 ms] ESC: count intermediates begin
[dbg   667.051 ms] [gust] count
[dbg   667.089 ms] [gust] scan
[dbg   667.096 ms] ESC: expand begin (3980 intermediates)
[dbg   667.110 ms] [gust] expand
[dbg   667.112 ms] ESC: sort_by_key begin
[dbg   667.222 ms] [gust] sort
[dbg   667.229 ms] ESC: reduce_by_key begin
[dbg   667.263 ms] [gust] reduce
[dbg   667.317 ms] [gust] final
[dbg   667.334 ms] [gust] pack
[dbg   667.343 ms] [gust] d2h
[dbg   667.431 ms] [merge] start
[dbg   667.509 ms] [merge] h2d
[dbg   667.512 ms] merge: count begin
[dbg   667.527 ms] [merge] count
[dbg   667.562 ms] [merge] scan
[dbg   667.569 ms] merge: expand_serial begin (3980 intermediates)
[dbg   667.588 ms] [merge] expand
[dbg   667.596 ms] merge: merge_serial begin
[dbg   667.629 ms] [merge] merge
[dbg   667.666 ms] [merge] final
[dbg   667.694 ms] [merge] compact
[dbg   667.711 ms] [merge] pack
[dbg   667.720 ms] [merge] d2h
[dbg   667.795 ms] [mrg2] start
[dbg   667.868 ms] [mrg2] h2d
[dbg   667.871 ms] merge2: count begin
[dbg   667.885 ms] [mrg2] count
[dbg   667.919 ms] [mrg2] scan
[dbg   667.927 ms] merge2: merge_warp begin (3980 intermediates)
[dbg   667.953 ms] [mrg2] merge
[dbg   667.983 ms] [mrg2] final
[dbg   668.005 ms] [mrg2] compact
[dbg   668.023 ms] [mrg2] pack
[dbg   668.032 ms] [mrg2] d2h
[dbg   668.106 ms] [cu] start
[dbg   668.167 ms] [cu] h2dmalloc (6124 B)
[dbg   668.180 ms] [cu] h2d (6124 B)
[dbg   668.187 ms] cusparse: workEstimation begin
[dbg   668.231 ms] [cu] workest (buf1=9415 B)
[dbg   668.235 ms] cusparse: compute begin
[dbg   668.404 ms] [cu] compute (buf2=100663 B)
[dbg   668.407 ms] cusparse: C size = 138 x 138, nnz=1552
[dbg   668.413 ms] cusparse: copy begin
[dbg   668.455 ms] [cu] copy
[dbg   668.476 ms] [cu] pack
[dbg   668.491 ms] self_product: C D2H begin (12972 B)
[dbg   668.499 ms] [cu] d2h
[dbg   668.571 ms] [gust] start
[dbg   668.649 ms] [gust] h2d
[dbg   668.652 ms] ESC: count intermediates begin
[dbg   668.668 ms] [gust] count
[dbg   668.703 ms] [gust] scan
[dbg   668.709 ms] ESC: expand begin (3980 intermediates)
[dbg   668.723 ms] [gust] expand
[dbg   668.724 ms] ESC: sort_by_key begin
[dbg   668.832 ms] [gust] sort
[dbg   668.838 ms] ESC: reduce_by_key begin
[dbg   668.870 ms] [gust] reduce
[dbg   668.921 ms] [gust] final
[dbg   668.940 ms] [gust] pack
[dbg   668.949 ms] [gust] d2h
[dbg   669.028 ms] [merge] start
[dbg   669.101 ms] [merge] h2d
[dbg   669.104 ms] merge: count begin
[dbg   669.119 ms] [merge] count
[dbg   669.153 ms] [merge] scan
[dbg   669.160 ms] merge: expand_serial begin (3980 intermediates)
[dbg   669.177 ms] [merge] expand
[dbg   669.184 ms] merge: merge_serial begin
[dbg   669.218 ms] [merge] merge
[dbg   669.253 ms] [merge] final
[dbg   669.277 ms] [merge] compact
[dbg   669.294 ms] [merge] pack
[dbg   669.303 ms] [merge] d2h
[dbg   669.376 ms] [mrg2] start
[dbg   669.458 ms] [mrg2] h2d
[dbg   669.461 ms] merge2: count begin
[dbg   669.476 ms] [mrg2] count
[dbg   669.510 ms] [mrg2] scan
[dbg   669.518 ms] merge2: merge_warp begin (3980 intermediates)
[dbg   669.550 ms] [mrg2] merge
[dbg   669.582 ms] [mrg2] final
[dbg   669.607 ms] [mrg2] compact
[dbg   669.623 ms] [mrg2] pack
[dbg   669.632 ms] [mrg2] d2h
[dbg   669.708 ms] warmup done
[dbg   669.743 ms] T1 cuSPARSE self_product: start
[dbg   669.746 ms] [cu] start
[dbg   669.809 ms] [cu] h2dmalloc (6124 B)
[dbg   669.825 ms] [cu] h2d (6124 B)
[dbg   669.833 ms] cusparse: workEstimation begin
[dbg   669.879 ms] [cu] workest (buf1=9415 B)
[dbg   669.882 ms] cusparse: compute begin
[dbg   670.043 ms] [cu] compute (buf2=100663 B)
[dbg   670.046 ms] cusparse: C size = 138 x 138, nnz=1552
[dbg   670.052 ms] cusparse: copy begin
[dbg   670.092 ms] [cu] copy
[dbg   670.110 ms] [cu] pack
[dbg   670.124 ms] self_product: C D2H begin (12972 B)
[dbg   670.135 ms] [cu] d2h
[dbg   670.204 ms] T1 cuSPARSE self_product: done (C_nnz=1552)
[dbg   670.239 ms] T4 manual self_product: start
[dbg   670.244 ms] [gust] start
[dbg   670.320 ms] [gust] h2d
[dbg   670.323 ms] ESC: count intermediates begin
[dbg   670.340 ms] [gust] count
[dbg   670.375 ms] [gust] scan
[dbg   670.382 ms] ESC: expand begin (3980 intermediates)
[dbg   670.410 ms] [gust] expand
[dbg   670.412 ms] ESC: sort_by_key begin
[dbg   670.523 ms] [gust] sort
[dbg   670.529 ms] ESC: reduce_by_key begin
[dbg   670.561 ms] [gust] reduce
[dbg   670.612 ms] [gust] final
[dbg   670.631 ms] [gust] pack
[dbg   670.639 ms] [gust] d2h
[dbg   670.720 ms] T4 manual self_product: done (C_nnz=1552)
[dbg   670.748 ms] T4b merge self_product: start
[dbg   670.749 ms] [merge] start
[dbg   670.826 ms] [merge] h2d
[dbg   670.829 ms] merge: count begin
[dbg   670.844 ms] [merge] count
[dbg   670.878 ms] [merge] scan
[dbg   670.885 ms] merge: expand_serial begin (3980 intermediates)
[dbg   670.904 ms] [merge] expand
[dbg   670.911 ms] merge: merge_serial begin
[dbg   670.943 ms] [merge] merge
[dbg   670.979 ms] [merge] final
[dbg   671.002 ms] [merge] compact
[dbg   671.018 ms] [merge] pack
[dbg   671.027 ms] [merge] d2h
[dbg   671.100 ms] T4b merge self_product: done (C_nnz=1552)
[dbg   671.122 ms] T4c merge2 self_product: start
[dbg   671.123 ms] [mrg2] start
[dbg   671.196 ms] [mrg2] h2d
[dbg   671.200 ms] merge2: count begin
[dbg   671.214 ms] [mrg2] count
[dbg   671.248 ms] [mrg2] scan
[dbg   671.256 ms] merge2: merge_warp begin (3980 intermediates)
[dbg   671.282 ms] [mrg2] merge
[dbg   671.312 ms] [mrg2] final
[dbg   671.333 ms] [mrg2] compact
[dbg   671.350 ms] [mrg2] pack
[dbg   671.359 ms] [mrg2] d2h
[dbg   671.443 ms] T4c merge2 self_product: done (C_nnz=1552)
Reading matrix from ./data/first100/bcsstk22.mtx...
Input A: 138 x 138, nnz = 696, sparsity = 96.35%
===============WARMING UP (3 rounds)===============
=== Computing C = A x A (cuSPARSE) ===
Result C: 138 x 138, nnz = 1552, sparsity = 91.85%
Time: 0.465 ms

=== Computing C = A x A (Manual) ===
Result C: 138 x 138, nnz = 1552, sparsity = 91.85%
Time: 0.485 ms

=== Computing C = A x A (Merge) ===
Result C: 138 x 138, nnz = 1552, sparsity = 91.85%
Time: 0.356 ms

=== Computing C = A x A (Merge2) ===
Result C: 138 x 138, nnz = 1552, sparsity = 91.85%
Time: 0.324 ms

=== All tests completed ===
[40/100] Processing bcsstk23 ... (max 600s)
[dbg     0.001 ms] main entry, initializing CUDA context...
[dbg   485.204 ms] CUDA context ready
[dbg   485.359 ms] start read_matrix_market: ./data/first100/bcsstk23.mtx
[dbg   494.449 ms] read done: 3134 x 3134, nnz=45178
[mempool] host pinned arena ready: 256 MB (USE_MEMPOOL=ON)
[dbg   642.932 ms] [cu] start
[dbg   651.380 ms] [cu] h2dmalloc (373964 B)
[dbg   651.470 ms] [cu] h2d (373964 B)
[dbg   651.510 ms] cusparse: workEstimation begin
[dbg   674.985 ms] [cu] workest (buf1=543967 B)
[dbg   674.998 ms] cusparse: compute begin
[dbg   676.202 ms] [cu] compute (buf2=17442687 B)
[dbg   676.214 ms] cusparse: C size = 3134 x 3134, nnz=220632
[dbg   676.330 ms] cusparse: copy begin
[dbg   676.453 ms] [cu] copy
[dbg   676.596 ms] [cu] pack
[dbg   676.821 ms] self_product: C D2H begin (1777596 B)
[dbg   676.976 ms] [cu] d2h
[dbg   677.148 ms] [gust] start
[dbg   677.261 ms] [gust] h2d
[dbg   677.264 ms] ESC: count intermediates begin
[dbg   678.869 ms] [gust] count
[dbg   679.027 ms] [gust] scan
[dbg   679.247 ms] ESC: expand begin (725488 intermediates)
[dbg   679.299 ms] [gust] expand
[dbg   679.300 ms] ESC: sort_by_key begin
[dbg   679.826 ms] [gust] sort
[dbg   679.982 ms] ESC: reduce_by_key begin
[dbg   680.195 ms] [gust] reduce
[dbg   680.673 ms] [gust] final
[dbg   680.762 ms] [gust] pack
[dbg   680.915 ms] [gust] d2h
[dbg   681.174 ms] [merge] start
[dbg   681.276 ms] [merge] h2d
[dbg   681.284 ms] merge: count begin
[dbg   681.303 ms] [merge] count
[dbg   681.348 ms] [merge] scan
[dbg   681.470 ms] merge: expand_serial begin (725488 intermediates)
[dbg   682.001 ms] [merge] expand
[dbg   682.195 ms] merge: merge_serial begin
[dbg   682.754 ms] [merge] merge
[dbg   682.973 ms] [merge] final
[dbg   683.235 ms] [merge] compact
[dbg   683.319 ms] [merge] pack
[dbg   683.471 ms] [merge] d2h
[dbg   683.703 ms] [mrg2] start
[dbg   683.802 ms] [mrg2] h2d
[dbg   683.809 ms] merge2: count begin
[dbg   683.828 ms] [mrg2] count
[dbg   683.872 ms] [mrg2] scan
[dbg   683.991 ms] merge2: merge_warp begin (725488 intermediates)
[dbg   684.156 ms] [mrg2] merge
[dbg   684.201 ms] [mrg2] final
[dbg   684.451 ms] [mrg2] compact
[dbg   684.531 ms] [mrg2] pack
[dbg   684.682 ms] [mrg2] d2h
[dbg   684.908 ms] [cu] start
[dbg   684.968 ms] [cu] h2dmalloc (373964 B)
[dbg   685.006 ms] [cu] h2d (373964 B)
[dbg   685.016 ms] cusparse: workEstimation begin
[dbg   685.077 ms] [cu] workest (buf1=543967 B)
[dbg   685.091 ms] cusparse: compute begin
[dbg   685.432 ms] [cu] compute (buf2=17442687 B)
[dbg   685.437 ms] cusparse: C size = 3134 x 3134, nnz=220632
[dbg   685.509 ms] cusparse: copy begin
[dbg   685.564 ms] [cu] copy
[dbg   685.667 ms] [cu] pack
[dbg   685.842 ms] self_product: C D2H begin (1777596 B)
[dbg   685.995 ms] [cu] d2h
[dbg   686.164 ms] [gust] start
[dbg   686.267 ms] [gust] h2d
[dbg   686.269 ms] ESC: count intermediates begin
[dbg   686.289 ms] [gust] count
[dbg   686.332 ms] [gust] scan
[dbg   686.453 ms] ESC: expand begin (725488 intermediates)
[dbg   686.484 ms] [gust] expand
[dbg   686.486 ms] ESC: sort_by_key begin
[dbg   686.813 ms] [gust] sort
[dbg   686.943 ms] ESC: reduce_by_key begin
[dbg   686.993 ms] [gust] reduce
[dbg   687.435 ms] [gust] final
[dbg   687.516 ms] [gust] pack
[dbg   687.668 ms] [gust] d2h
[dbg   687.903 ms] [merge] start
[dbg   688.000 ms] [merge] h2d
[dbg   688.005 ms] merge: count begin
[dbg   688.023 ms] [merge] count
[dbg   688.063 ms] [merge] scan
[dbg   688.187 ms] merge: expand_serial begin (725488 intermediates)
[dbg   688.278 ms] [merge] expand
[dbg   688.391 ms] merge: merge_serial begin
[dbg   688.918 ms] [merge] merge
[dbg   689.118 ms] [merge] final
[dbg   689.348 ms] [merge] compact
[dbg   689.423 ms] [merge] pack
[dbg   689.575 ms] [merge] d2h
[dbg   689.800 ms] [mrg2] start
[dbg   689.895 ms] [mrg2] h2d
[dbg   689.900 ms] merge2: count begin
[dbg   689.917 ms] [mrg2] count
[dbg   689.957 ms] [mrg2] scan
[dbg   690.072 ms] merge2: merge_warp begin (725488 intermediates)
[dbg   690.199 ms] [mrg2] merge
[dbg   690.240 ms] [mrg2] final
[dbg   690.467 ms] [mrg2] compact
[dbg   690.551 ms] [mrg2] pack
[dbg   690.705 ms] [mrg2] d2h
[dbg   690.975 ms] [cu] start
[dbg   691.052 ms] [cu] h2dmalloc (373964 B)
[dbg   691.095 ms] [cu] h2d (373964 B)
[dbg   691.104 ms] cusparse: workEstimation begin
[dbg   691.167 ms] [cu] workest (buf1=543967 B)
[dbg   691.170 ms] cusparse: compute begin
[dbg   691.503 ms] [cu] compute (buf2=17442687 B)
[dbg   691.508 ms] cusparse: C size = 3134 x 3134, nnz=220632
[dbg   691.576 ms] cusparse: copy begin
[dbg   691.630 ms] [cu] copy
[dbg   691.732 ms] [cu] pack
[dbg   691.903 ms] self_product: C D2H begin (1777596 B)
[dbg   692.056 ms] [cu] d2h
[dbg   692.214 ms] [gust] start
[dbg   692.316 ms] [gust] h2d
[dbg   692.319 ms] ESC: count intermediates begin
[dbg   692.337 ms] [gust] count
[dbg   692.386 ms] [gust] scan
[dbg   692.501 ms] ESC: expand begin (725488 intermediates)
[dbg   692.532 ms] [gust] expand
[dbg   692.534 ms] ESC: sort_by_key begin
[dbg   692.859 ms] [gust] sort
[dbg   692.993 ms] ESC: reduce_by_key begin
[dbg   693.041 ms] [gust] reduce
[dbg   693.481 ms] [gust] final
[dbg   693.563 ms] [gust] pack
[dbg   693.715 ms] [gust] d2h
[dbg   693.950 ms] [merge] start
[dbg   694.048 ms] [merge] h2d
[dbg   694.053 ms] merge: count begin
[dbg   694.071 ms] [merge] count
[dbg   694.125 ms] [merge] scan
[dbg   694.254 ms] merge: expand_serial begin (725488 intermediates)
[dbg   694.345 ms] [merge] expand
[dbg   694.457 ms] merge: merge_serial begin
[dbg   694.986 ms] [merge] merge
[dbg   695.190 ms] [merge] final
[dbg   695.416 ms] [merge] compact
[dbg   695.493 ms] [merge] pack
[dbg   695.644 ms] [merge] d2h
[dbg   695.872 ms] [mrg2] start
[dbg   695.968 ms] [mrg2] h2d
[dbg   695.973 ms] merge2: count begin
[dbg   695.991 ms] [mrg2] count
[dbg   696.032 ms] [mrg2] scan
[dbg   696.159 ms] merge2: merge_warp begin (725488 intermediates)
[dbg   696.279 ms] [mrg2] merge
[dbg   696.319 ms] [mrg2] final
[dbg   696.552 ms] [mrg2] compact
[dbg   696.628 ms] [mrg2] pack
[dbg   696.779 ms] [mrg2] d2h
[dbg   697.001 ms] warmup done
[dbg   697.030 ms] T1 cuSPARSE self_product: start
[dbg   697.032 ms] [cu] start
[dbg   697.101 ms] [cu] h2dmalloc (373964 B)
[dbg   697.143 ms] [cu] h2d (373964 B)
[dbg   697.152 ms] cusparse: workEstimation begin
[dbg   697.208 ms] [cu] workest (buf1=543967 B)
[dbg   697.211 ms] cusparse: compute begin
[dbg   697.542 ms] [cu] compute (buf2=17442687 B)
[dbg   697.545 ms] cusparse: C size = 3134 x 3134, nnz=220632
[dbg   697.612 ms] cusparse: copy begin
[dbg   697.663 ms] [cu] copy
[dbg   697.761 ms] [cu] pack
[dbg   697.934 ms] self_product: C D2H begin (1777596 B)
[dbg   698.089 ms] [cu] d2h
[dbg   698.241 ms] T1 cuSPARSE self_product: done (C_nnz=220632)
[dbg   698.268 ms] T4 manual self_product: start
[dbg   698.269 ms] [gust] start
[dbg   698.373 ms] [gust] h2d
[dbg   698.375 ms] ESC: count intermediates begin
[dbg   698.396 ms] [gust] count
[dbg   698.439 ms] [gust] scan
[dbg   698.555 ms] ESC: expand begin (725488 intermediates)
[dbg   698.585 ms] [gust] expand
[dbg   698.590 ms] ESC: sort_by_key begin
[dbg   698.919 ms] [gust] sort
[dbg   699.047 ms] ESC: reduce_by_key begin
[dbg   699.104 ms] [gust] reduce
[dbg   699.531 ms] [gust] final
[dbg   699.610 ms] [gust] pack
[dbg   699.762 ms] [gust] d2h
[dbg   699.998 ms] T4 manual self_product: done (C_nnz=220632)
[dbg   700.027 ms] T4b merge self_product: start
[dbg   700.033 ms] [merge] start
[dbg   700.144 ms] [merge] h2d
[dbg   700.149 ms] merge: count begin
[dbg   700.168 ms] [merge] count
[dbg   700.209 ms] [merge] scan
[dbg   700.323 ms] merge: expand_serial begin (725488 intermediates)
[dbg   700.413 ms] [merge] expand
[dbg   700.523 ms] merge: merge_serial begin
[dbg   701.049 ms] [merge] merge
[dbg   701.249 ms] [merge] final
[dbg   701.473 ms] [merge] compact
[dbg   701.550 ms] [merge] pack
[dbg   701.703 ms] [merge] d2h
[dbg   701.925 ms] T4b merge self_product: done (C_nnz=220632)
[dbg   701.951 ms] T4c merge2 self_product: start
[dbg   701.953 ms] [mrg2] start
[dbg   702.050 ms] [mrg2] h2d
[dbg   702.055 ms] merge2: count begin
[dbg   702.073 ms] [mrg2] count
[dbg   702.135 ms] [mrg2] scan
[dbg   702.255 ms] merge2: merge_warp begin (725488 intermediates)
[dbg   702.374 ms] [mrg2] merge
[dbg   702.414 ms] [mrg2] final
[dbg   702.643 ms] [mrg2] compact
[dbg   702.722 ms] [mrg2] pack
[dbg   702.874 ms] [mrg2] d2h
[dbg   703.105 ms] T4c merge2 self_product: done (C_nnz=220632)
Reading matrix from ./data/first100/bcsstk23.mtx...
Input A: 3134 x 3134, nnz = 45178, sparsity = 99.54%
===============WARMING UP (3 rounds)===============
=== Computing C = A x A (cuSPARSE) ===
Result C: 3134 x 3134, nnz = 220632, sparsity = 97.75%
Time: 1.215 ms

=== Computing C = A x A (Manual) ===
Result C: 3134 x 3134, nnz = 220632, sparsity = 97.75%
Time: 1.733 ms

=== Computing C = A x A (Merge) ===
Result C: 3134 x 3134, nnz = 220632, sparsity = 97.75%
Time: 1.901 ms

=== Computing C = A x A (Merge2) ===
Result C: 3134 x 3134, nnz = 220632, sparsity = 97.75%
Time: 1.158 ms

=== All tests completed ===
[41/100] Processing bcsstk24 ... (max 600s)
[dbg     0.001 ms] main entry, initializing CUDA context...
[dbg   482.465 ms] CUDA context ready
[dbg   482.638 ms] start read_matrix_market: ./data/first100/bcsstk24.mtx
[dbg   510.661 ms] read done: 3562 x 3562, nnz=159910
[mempool] host pinned arena ready: 256 MB (USE_MEMPOOL=ON)
[dbg   659.227 ms] [cu] start
[dbg   668.780 ms] [cu] h2dmalloc (1293532 B)
[dbg   668.942 ms] [cu] h2d (1293532 B)
[dbg   668.989 ms] cusparse: workEstimation begin
[dbg   693.821 ms] [cu] workest (buf1=1922799 B)
[dbg   693.835 ms] cusparse: compute begin
[dbg   695.438 ms] [cu] compute (buf2=183736775 B)
[dbg   695.454 ms] cusparse: C size = 3562 x 3562, nnz=446474
[dbg   695.639 ms] cusparse: copy begin
[dbg   695.783 ms] [cu] copy
[dbg   695.931 ms] [cu] pack
[dbg   696.386 ms] self_product: C D2H begin (3586044 B)
[dbg   696.686 ms] [cu] d2h
[dbg   696.902 ms] [gust] start
[dbg   697.093 ms] [gust] h2d
[dbg   697.097 ms] ESC: count intermediates begin
[dbg   698.814 ms] [gust] count
[dbg   698.976 ms] [gust] scan
[dbg   699.211 ms] ESC: expand begin (7648850 intermediates)
[dbg   699.327 ms] [gust] expand
[dbg   699.329 ms] ESC: sort_by_key begin
[dbg   700.694 ms] [gust] sort
[dbg   700.861 ms] ESC: reduce_by_key begin
[dbg   701.148 ms] [gust] reduce
[dbg   701.832 ms] [gust] final
[dbg   701.944 ms] [gust] pack
[dbg   702.243 ms] [gust] d2h
[dbg   702.604 ms] [merge] start
[dbg   702.791 ms] [merge] h2d
[dbg   702.802 ms] merge: count begin
[dbg   702.828 ms] [merge] count
[dbg   702.886 ms] [merge] scan
[dbg   703.039 ms] merge: expand_serial begin (7648850 intermediates)
[dbg   703.923 ms] [merge] expand
[dbg   704.123 ms] merge: merge_serial begin
[dbg   706.031 ms] [merge] merge
[dbg   706.310 ms] [merge] final
[dbg   706.701 ms] [merge] compact
[dbg   706.817 ms] [merge] pack
[dbg   707.113 ms] [merge] d2h
[dbg   707.444 ms] [mrg2] start
[dbg   707.622 ms] [mrg2] h2d
[dbg   707.631 ms] merge2: count begin
[dbg   707.656 ms] [mrg2] count
[dbg   707.713 ms] [mrg2] scan
[dbg   707.865 ms] merge2: merge_warp begin (7648850 intermediates)
[dbg   708.160 ms] [mrg2] merge
[dbg   708.210 ms] [mrg2] final
[dbg   708.555 ms] [mrg2] compact
[dbg   708.651 ms] [mrg2] pack
[dbg   708.946 ms] [mrg2] d2h
[dbg   709.281 ms] [cu] start
[dbg   709.353 ms] [cu] h2dmalloc (1293532 B)
[dbg   709.461 ms] [cu] h2d (1293532 B)
[dbg   709.477 ms] cusparse: workEstimation begin
[dbg   709.617 ms] [cu] workest (buf1=1922799 B)
[dbg   709.621 ms] cusparse: compute begin
[dbg   710.470 ms] [cu] compute (buf2=183736775 B)
[dbg   710.475 ms] cusparse: C size = 3562 x 3562, nnz=446474
[dbg   710.621 ms] cusparse: copy begin
[dbg   710.702 ms] [cu] copy
[dbg   710.811 ms] [cu] pack
[dbg   711.193 ms] self_product: C D2H begin (3586044 B)
[dbg   711.491 ms] [cu] d2h
[dbg   711.676 ms] [gust] start
[dbg   711.866 ms] [gust] h2d
[dbg   711.870 ms] ESC: count intermediates begin
[dbg   711.896 ms] [gust] count
[dbg   711.950 ms] [gust] scan
[dbg   712.101 ms] ESC: expand begin (7648850 intermediates)
[dbg   712.193 ms] [gust] expand
[dbg   712.196 ms] ESC: sort_by_key begin
[dbg   713.433 ms] [gust] sort
[dbg   713.576 ms] ESC: reduce_by_key begin
[dbg   713.720 ms] [gust] reduce
[dbg   714.342 ms] [gust] final
[dbg   714.435 ms] [gust] pack
[dbg   714.732 ms] [gust] d2h
[dbg   715.077 ms] [merge] start
[dbg   715.263 ms] [merge] h2d
[dbg   715.271 ms] merge: count begin
[dbg   715.297 ms] [merge] count
[dbg   715.354 ms] [merge] scan
[dbg   715.506 ms] merge: expand_serial begin (7648850 intermediates)
[dbg   715.909 ms] [merge] expand
[dbg   716.034 ms] merge: merge_serial begin
[dbg   717.913 ms] [merge] merge
[dbg   718.175 ms] [merge] final
[dbg   718.525 ms] [merge] compact
[dbg   718.620 ms] [merge] pack
[dbg   718.917 ms] [merge] d2h
[dbg   719.243 ms] [mrg2] start
[dbg   719.420 ms] [mrg2] h2d
[dbg   719.425 ms] merge2: count begin
[dbg   719.450 ms] [mrg2] count
[dbg   719.503 ms] [mrg2] scan
[dbg   719.654 ms] merge2: merge_warp begin (7648850 intermediates)
[dbg   719.901 ms] [mrg2] merge
[dbg   719.950 ms] [mrg2] final
[dbg   720.289 ms] [mrg2] compact
[dbg   720.385 ms] [mrg2] pack
[dbg   720.680 ms] [mrg2] d2h
[dbg   720.997 ms] [cu] start
[dbg   721.064 ms] [cu] h2dmalloc (1293532 B)
[dbg   721.175 ms] [cu] h2d (1293532 B)
[dbg   721.187 ms] cusparse: workEstimation begin
[dbg   721.326 ms] [cu] workest (buf1=1922799 B)
[dbg   721.330 ms] cusparse: compute begin
[dbg   722.178 ms] [cu] compute (buf2=183736775 B)
[dbg   722.183 ms] cusparse: C size = 3562 x 3562, nnz=446474
[dbg   722.329 ms] cusparse: copy begin
[dbg   722.387 ms] [cu] copy
[dbg   722.476 ms] [cu] pack
[dbg   722.849 ms] self_product: C D2H begin (3586044 B)
[dbg   723.146 ms] [cu] d2h
[dbg   723.332 ms] [gust] start
[dbg   723.512 ms] [gust] h2d
[dbg   723.516 ms] ESC: count intermediates begin
[dbg   723.541 ms] [gust] count
[dbg   723.592 ms] [gust] scan
[dbg   723.743 ms] ESC: expand begin (7648850 intermediates)
[dbg   723.837 ms] [gust] expand
[dbg   723.840 ms] ESC: sort_by_key begin
[dbg   725.067 ms] [gust] sort
[dbg   725.220 ms] ESC: reduce_by_key begin
[dbg   725.361 ms] [gust] reduce
[dbg   725.981 ms] [gust] final
[dbg   726.074 ms] [gust] pack
[dbg   726.369 ms] [gust] d2h
[dbg   726.719 ms] [merge] start
[dbg   726.900 ms] [merge] h2d
[dbg   726.907 ms] merge: count begin
[dbg   726.933 ms] [merge] count
[dbg   726.986 ms] [merge] scan
[dbg   727.147 ms] merge: expand_serial begin (7648850 intermediates)
[dbg   727.550 ms] [merge] expand
[dbg   727.677 ms] merge: merge_serial begin
[dbg   729.536 ms] [merge] merge
[dbg   729.790 ms] [merge] final
[dbg   730.132 ms] [merge] compact
[dbg   730.242 ms] [merge] pack
[dbg   730.547 ms] [merge] d2h
[dbg   730.868 ms] [mrg2] start
[dbg   731.051 ms] [mrg2] h2d
[dbg   731.056 ms] merge2: count begin
[dbg   731.081 ms] [mrg2] count
[dbg   731.133 ms] [mrg2] scan
[dbg   731.293 ms] merge2: merge_warp begin (7648850 intermediates)
[dbg   731.542 ms] [mrg2] merge
[dbg   731.589 ms] [mrg2] final
[dbg   731.916 ms] [mrg2] compact
[dbg   732.011 ms] [mrg2] pack
[dbg   732.308 ms] [mrg2] d2h
[dbg   732.630 ms] warmup done
[dbg   732.656 ms] T1 cuSPARSE self_product: start
[dbg   732.657 ms] [cu] start
[dbg   732.739 ms] [cu] h2dmalloc (1293532 B)
[dbg   732.849 ms] [cu] h2d (1293532 B)
[dbg   732.860 ms] cusparse: workEstimation begin
[dbg   732.995 ms] [cu] workest (buf1=1922799 B)
[dbg   732.999 ms] cusparse: compute begin
[dbg   733.831 ms] [cu] compute (buf2=183736775 B)
[dbg   733.836 ms] cusparse: C size = 3562 x 3562, nnz=446474
[dbg   733.967 ms] cusparse: copy begin
[dbg   734.033 ms] [cu] copy
[dbg   734.146 ms] [cu] pack
[dbg   734.527 ms] self_product: C D2H begin (3586044 B)
[dbg   734.824 ms] [cu] d2h
[dbg   735.006 ms] T1 cuSPARSE self_product: done (C_nnz=446474)
[dbg   735.035 ms] T4 manual self_product: start
[dbg   735.037 ms] [gust] start
[dbg   735.242 ms] [gust] h2d
[dbg   735.246 ms] ESC: count intermediates begin
[dbg   735.271 ms] [gust] count
[dbg   735.316 ms] [gust] scan
[dbg   735.460 ms] ESC: expand begin (7648850 intermediates)
[dbg   735.552 ms] [gust] expand
[dbg   735.555 ms] ESC: sort_by_key begin
[dbg   736.784 ms] [gust] sort
[dbg   736.924 ms] ESC: reduce_by_key begin
[dbg   737.069 ms] [gust] reduce
[dbg   737.684 ms] [gust] final
[dbg   737.776 ms] [gust] pack
[dbg   738.072 ms] [gust] d2h
[dbg   738.429 ms] T4 manual self_product: done (C_nnz=446474)
[dbg   738.454 ms] T4b merge self_product: start
[dbg   738.456 ms] [merge] start
[dbg   738.650 ms] [merge] h2d
[dbg   738.656 ms] merge: count begin
[dbg   738.682 ms] [merge] count
[dbg   738.733 ms] [merge] scan
[dbg   738.880 ms] merge: expand_serial begin (7648850 intermediates)
[dbg   739.285 ms] [merge] expand
[dbg   739.414 ms] merge: merge_serial begin
[dbg   741.256 ms] [merge] merge
[dbg   741.514 ms] [merge] final
[dbg   741.860 ms] [merge] compact
[dbg   741.955 ms] [merge] pack
[dbg   742.250 ms] [merge] d2h
[dbg   742.575 ms] T4b merge self_product: done (C_nnz=446474)
[dbg   742.600 ms] T4c merge2 self_product: start
[dbg   742.602 ms] [mrg2] start
[dbg   742.790 ms] [mrg2] h2d
[dbg   742.796 ms] merge2: count begin
[dbg   742.822 ms] [mrg2] count
[dbg   742.876 ms] [mrg2] scan
[dbg   743.027 ms] merge2: merge_warp begin (7648850 intermediates)
[dbg   743.278 ms] [mrg2] merge
[dbg   743.327 ms] [mrg2] final
[dbg   743.659 ms] [mrg2] compact
[dbg   743.764 ms] [mrg2] pack
[dbg   744.060 ms] [mrg2] d2h
[dbg   744.388 ms] T4c merge2 self_product: done (C_nnz=446474)
Reading matrix from ./data/first100/bcsstk24.mtx...
Input A: 3562 x 3562, nnz = 159910, sparsity = 98.74%
===============WARMING UP (3 rounds)===============
=== Computing C = A x A (cuSPARSE) ===
Result C: 3562 x 3562, nnz = 446474, sparsity = 96.48%
Time: 2.354 ms

=== Computing C = A x A (Manual) ===
Result C: 3562 x 3562, nnz = 446474, sparsity = 96.48%
Time: 3.398 ms

=== Computing C = A x A (Merge) ===
Result C: 3562 x 3562, nnz = 446474, sparsity = 96.48%
Time: 4.125 ms

=== Computing C = A x A (Merge2) ===
Result C: 3562 x 3562, nnz = 446474, sparsity = 96.48%
Time: 1.792 ms

=== All tests completed ===
[42/100] Processing bcsstk25 ... (max 600s)
[dbg     0.001 ms] main entry, initializing CUDA context...
[dbg   490.767 ms] CUDA context ready
[dbg   490.935 ms] start read_matrix_market: ./data/first100/bcsstk25.mtx
[dbg   537.784 ms] read done: 15439 x 15439, nnz=252241
[mempool] host pinned arena ready: 256 MB (USE_MEMPOOL=ON)
[dbg   685.188 ms] [cu] start
[dbg   693.822 ms] [cu] h2dmalloc (2079688 B)
[dbg   694.033 ms] [cu] h2d (2079688 B)
[dbg   694.173 ms] cusparse: workEstimation begin
[dbg   717.654 ms] [cu] workest (buf1=3032307 B)
[dbg   717.667 ms] cusparse: compute begin
[dbg   719.081 ms] [cu] compute (buf2=117612263 B)
[dbg   719.093 ms] cusparse: C size = 15439 x 15439, nnz=1168919
[dbg   719.262 ms] cusparse: copy begin
[dbg   719.395 ms] [cu] copy
[dbg   719.504 ms] [cu] pack
[dbg   719.981 ms] self_product: C D2H begin (9413112 B)
[dbg   720.735 ms] [cu] d2h
[dbg   720.925 ms] [gust] start
[dbg   721.159 ms] [gust] h2d
[dbg   721.162 ms] ESC: count intermediates begin
[dbg   722.868 ms] [gust] count
[dbg   723.041 ms] [gust] scan
[dbg   723.248 ms] ESC: expand begin (4895103 intermediates)
[dbg   723.353 ms] [gust] expand
[dbg   723.354 ms] ESC: sort_by_key begin
[dbg   724.378 ms] [gust] sort
[dbg   724.531 ms] ESC: reduce_by_key begin
[dbg   724.776 ms] [gust] reduce
[dbg   725.395 ms] [gust] final
[dbg   725.499 ms] [gust] pack
[dbg   726.249 ms] [gust] d2h
[dbg   726.648 ms] [merge] start
[dbg   726.872 ms] [merge] h2d
[dbg   726.898 ms] merge: count begin
[dbg   726.987 ms] [merge] count
[dbg   727.040 ms] [merge] scan
[dbg   727.162 ms] merge: expand_serial begin (4895103 intermediates)
[dbg   727.923 ms] [merge] expand
[dbg   728.117 ms] merge: merge_serial begin
[dbg   730.465 ms] [merge] merge
[dbg   730.701 ms] [merge] final
[dbg   731.058 ms] [merge] compact
[dbg   731.155 ms] [merge] pack
[dbg   731.906 ms] [merge] d2h
[dbg   732.289 ms] [mrg2] start
[dbg   732.503 ms] [mrg2] h2d
[dbg   732.529 ms] merge2: count begin
[dbg   732.606 ms] [mrg2] count
[dbg   732.655 ms] [mrg2] scan
[dbg   732.772 ms] merge2: merge_warp begin (4895103 intermediates)
[dbg   733.255 ms] [mrg2] merge
[dbg   733.300 ms] [mrg2] final
[dbg   733.621 ms] [mrg2] compact
[dbg   733.711 ms] [mrg2] pack
[dbg   734.461 ms] [mrg2] d2h
[dbg   734.841 ms] [cu] start
[dbg   734.906 ms] [cu] h2dmalloc (2079688 B)
[dbg   735.062 ms] [cu] h2d (2079688 B)
[dbg   735.132 ms] cusparse: workEstimation begin
[dbg   735.254 ms] [cu] workest (buf1=3032307 B)
[dbg   735.258 ms] cusparse: compute begin
[dbg   735.965 ms] [cu] compute (buf2=117612263 B)
[dbg   735.970 ms] cusparse: C size = 15439 x 15439, nnz=1168919
[dbg   736.093 ms] cusparse: copy begin
[dbg   736.158 ms] [cu] copy
[dbg   736.270 ms] [cu] pack
[dbg   736.680 ms] self_product: C D2H begin (9413112 B)
[dbg   737.431 ms] [cu] d2h
[dbg   737.607 ms] [gust] start
[dbg   737.828 ms] [gust] h2d
[dbg   737.830 ms] ESC: count intermediates begin
[dbg   737.909 ms] [gust] count
[dbg   737.975 ms] [gust] scan
[dbg   738.092 ms] ESC: expand begin (4895103 intermediates)
[dbg   738.171 ms] [gust] expand
[dbg   738.172 ms] ESC: sort_by_key begin
[dbg   739.055 ms] [gust] sort
[dbg   739.181 ms] ESC: reduce_by_key begin
[dbg   739.281 ms] [gust] reduce
[dbg   739.829 ms] [gust] final
[dbg   739.923 ms] [gust] pack
[dbg   740.683 ms] [gust] d2h
[dbg   741.074 ms] [merge] start
[dbg   741.292 ms] [merge] h2d
[dbg   741.307 ms] merge: count begin
[dbg   741.385 ms] [merge] count
[dbg   741.431 ms] [merge] scan
[dbg   741.547 ms] merge: expand_serial begin (4895103 intermediates)
[dbg   741.852 ms] [merge] expand
[dbg   741.978 ms] merge: merge_serial begin
[dbg   744.278 ms] [merge] merge
[dbg   744.511 ms] [merge] final
[dbg   744.829 ms] [merge] compact
[dbg   744.917 ms] [merge] pack
[dbg   745.666 ms] [merge] d2h
[dbg   746.042 ms] [mrg2] start
[dbg   746.255 ms] [mrg2] h2d
[dbg   746.270 ms] merge2: count begin
[dbg   746.346 ms] [mrg2] count
[dbg   746.392 ms] [mrg2] scan
[dbg   746.509 ms] merge2: merge_warp begin (4895103 intermediates)
[dbg   746.959 ms] [mrg2] merge
[dbg   747.000 ms] [mrg2] final
[dbg   747.302 ms] [mrg2] compact
[dbg   747.389 ms] [mrg2] pack
[dbg   748.138 ms] [mrg2] d2h
[dbg   748.503 ms] [cu] start
[dbg   748.562 ms] [cu] h2dmalloc (2079688 B)
[dbg   748.718 ms] [cu] h2d (2079688 B)
[dbg   748.781 ms] cusparse: workEstimation begin
[dbg   748.891 ms] [cu] workest (buf1=3032307 B)
[dbg   748.896 ms] cusparse: compute begin
[dbg   749.584 ms] [cu] compute (buf2=117612263 B)
[dbg   749.587 ms] cusparse: C size = 15439 x 15439, nnz=1168919
[dbg   749.704 ms] cusparse: copy begin
[dbg   749.767 ms] [cu] copy
[dbg   749.876 ms] [cu] pack
[dbg   750.292 ms] self_product: C D2H begin (9413112 B)
[dbg   751.043 ms] [cu] d2h
[dbg   751.217 ms] [gust] start
[dbg   751.434 ms] [gust] h2d
[dbg   751.436 ms] ESC: count intermediates begin
[dbg   751.514 ms] [gust] count
[dbg   751.560 ms] [gust] scan
[dbg   751.672 ms] ESC: expand begin (4895103 intermediates)
[dbg   751.750 ms] [gust] expand
[dbg   751.751 ms] ESC: sort_by_key begin
[dbg   752.625 ms] [gust] sort
[dbg   752.752 ms] ESC: reduce_by_key begin
[dbg   752.846 ms] [gust] reduce
[dbg   753.397 ms] [gust] final
[dbg   753.490 ms] [gust] pack
[dbg   754.239 ms] [gust] d2h
[dbg   754.620 ms] [merge] start
[dbg   754.837 ms] [merge] h2d
[dbg   754.852 ms] merge: count begin
[dbg   754.928 ms] [merge] count
[dbg   754.985 ms] [merge] scan
[dbg   755.100 ms] merge: expand_serial begin (4895103 intermediates)
[dbg   755.405 ms] [merge] expand
[dbg   755.517 ms] merge: merge_serial begin
[dbg   757.810 ms] [merge] merge
[dbg   758.027 ms] [merge] final
[dbg   758.348 ms] [merge] compact
[dbg   758.435 ms] [merge] pack
[dbg   759.185 ms] [merge] d2h
[dbg   759.553 ms] [mrg2] start
[dbg   759.765 ms] [mrg2] h2d
[dbg   759.778 ms] merge2: count begin
[dbg   759.852 ms] [mrg2] count
[dbg   759.898 ms] [mrg2] scan
[dbg   760.014 ms] merge2: merge_warp begin (4895103 intermediates)
[dbg   760.455 ms] [mrg2] merge
[dbg   760.496 ms] [mrg2] final
[dbg   760.792 ms] [mrg2] compact
[dbg   760.879 ms] [mrg2] pack
[dbg   761.639 ms] [mrg2] d2h
[dbg   762.010 ms] warmup done
[dbg   762.039 ms] T1 cuSPARSE self_product: start
[dbg   762.041 ms] [cu] start
[dbg   762.106 ms] [cu] h2dmalloc (2079688 B)
[dbg   762.265 ms] [cu] h2d (2079688 B)
[dbg   762.326 ms] cusparse: workEstimation begin
[dbg   762.438 ms] [cu] workest (buf1=3032307 B)
[dbg   762.442 ms] cusparse: compute begin
[dbg   763.125 ms] [cu] compute (buf2=117612263 B)
[dbg   763.129 ms] cusparse: C size = 15439 x 15439, nnz=1168919
[dbg   763.246 ms] cusparse: copy begin
[dbg   763.310 ms] [cu] copy
[dbg   763.418 ms] [cu] pack
[dbg   763.826 ms] self_product: C D2H begin (9413112 B)
[dbg   764.577 ms] [cu] d2h
[dbg   764.747 ms] T1 cuSPARSE self_product: done (C_nnz=1168919)
[dbg   764.779 ms] T4 manual self_product: start
[dbg   764.782 ms] [gust] start
[dbg   765.004 ms] [gust] h2d
[dbg   765.007 ms] ESC: count intermediates begin
[dbg   765.086 ms] [gust] count
[dbg   765.134 ms] [gust] scan
[dbg   765.246 ms] ESC: expand begin (4895103 intermediates)
[dbg   765.324 ms] [gust] expand
[dbg   765.325 ms] ESC: sort_by_key begin
[dbg   766.200 ms] [gust] sort
[dbg   766.326 ms] ESC: reduce_by_key begin
[dbg   766.426 ms] [gust] reduce
[dbg   766.973 ms] [gust] final
[dbg   767.068 ms] [gust] pack
[dbg   767.817 ms] [gust] d2h
[dbg   768.202 ms] T4 manual self_product: done (C_nnz=1168919)
[dbg   768.230 ms] T4b merge self_product: start
[dbg   768.232 ms] [merge] start
[dbg   768.455 ms] [merge] h2d
[dbg   768.470 ms] merge: count begin
[dbg   768.546 ms] [merge] count
[dbg   768.595 ms] [merge] scan
[dbg   768.708 ms] merge: expand_serial begin (4895103 intermediates)
[dbg   769.025 ms] [merge] expand
[dbg   769.139 ms] merge: merge_serial begin
[dbg   771.421 ms] [merge] merge
[dbg   771.638 ms] [merge] final
[dbg   771.949 ms] [merge] compact
[dbg   772.043 ms] [merge] pack
[dbg   772.793 ms] [merge] d2h
[dbg   773.165 ms] T4b merge self_product: done (C_nnz=1168919)
[dbg   773.194 ms] T4c merge2 self_product: start
[dbg   773.195 ms] [mrg2] start
[dbg   773.415 ms] [mrg2] h2d
[dbg   773.428 ms] merge2: count begin
[dbg   773.503 ms] [mrg2] count
[dbg   773.552 ms] [mrg2] scan
[dbg   773.666 ms] merge2: merge_warp begin (4895103 intermediates)
[dbg   774.104 ms] [mrg2] merge
[dbg   774.145 ms] [mrg2] final
[dbg   774.446 ms] [mrg2] compact
[dbg   774.532 ms] [mrg2] pack
[dbg   775.292 ms] [mrg2] d2h
[dbg   775.660 ms] T4c merge2 self_product: done (C_nnz=1168919)
Reading matrix from ./data/first100/bcsstk25.mtx...
Input A: 15439 x 15439, nnz = 252241, sparsity = 99.89%
===============WARMING UP (3 rounds)===============
=== Computing C = A x A (cuSPARSE) ===
Result C: 15439 x 15439, nnz = 1168919, sparsity = 99.51%
Time: 2.713 ms

=== Computing C = A x A (Manual) ===
Result C: 15439 x 15439, nnz = 1168919, sparsity = 99.51%
Time: 3.428 ms

=== Computing C = A x A (Merge) ===
Result C: 15439 x 15439, nnz = 1168919, sparsity = 99.51%
Time: 4.938 ms

=== Computing C = A x A (Merge2) ===
Result C: 15439 x 15439, nnz = 1168919, sparsity = 99.51%
Time: 2.469 ms

=== All tests completed ===
[43/100] Processing bcsstk26 ... (max 600s)
[dbg     0.000 ms] main entry, initializing CUDA context...
[dbg   475.208 ms] CUDA context ready
[dbg   475.375 ms] start read_matrix_market: ./data/first100/bcsstk26.mtx
[dbg   482.118 ms] read done: 1922 x 1922, nnz=30336
[mempool] host pinned arena ready: 256 MB (USE_MEMPOOL=ON)
[dbg   629.741 ms] [cu] start
[dbg   638.006 ms] [cu] h2dmalloc (250380 B)
[dbg   638.089 ms] [cu] h2d (250380 B)
[dbg   638.128 ms] cusparse: workEstimation begin
[dbg   662.259 ms] [cu] workest (buf1=365607 B)
[dbg   662.274 ms] cusparse: compute begin
[dbg   663.455 ms] [cu] compute (buf2=13008639 B)
[dbg   663.468 ms] cusparse: C size = 1922 x 1922, nnz=92530
[dbg   663.487 ms] cusparse: copy begin
[dbg   663.596 ms] [cu] copy
[dbg   663.724 ms] [cu] pack
[dbg   663.885 ms] self_product: C D2H begin (747932 B)
[dbg   663.960 ms] [cu] d2h
[dbg   664.131 ms] [gust] start
[dbg   664.236 ms] [gust] h2d
[dbg   664.239 ms] ESC: count intermediates begin
[dbg   665.862 ms] [gust] count
[dbg   666.021 ms] [gust] scan
[dbg   666.230 ms] ESC: expand begin (541120 intermediates)
[dbg   666.282 ms] [gust] expand
[dbg   666.284 ms] ESC: sort_by_key begin
[dbg   666.785 ms] [gust] sort
[dbg   666.960 ms] ESC: reduce_by_key begin
[dbg   667.150 ms] [gust] reduce
[dbg   667.568 ms] [gust] final
[dbg   667.595 ms] [gust] pack
[dbg   667.664 ms] [gust] d2h
[dbg   667.779 ms] [merge] start
[dbg   667.893 ms] [merge] h2d
[dbg   667.899 ms] merge: count begin
[dbg   667.919 ms] [merge] count
[dbg   667.964 ms] [merge] scan
[dbg   668.089 ms] merge: expand_serial begin (541120 intermediates)
[dbg   668.657 ms] [merge] expand
[dbg   668.856 ms] merge: merge_serial begin
[dbg   669.236 ms] [merge] merge
[dbg   669.465 ms] [merge] final
[dbg   669.654 ms] [merge] compact
[dbg   669.679 ms] [merge] pack
[dbg   669.748 ms] [merge] d2h
[dbg   669.859 ms] [mrg2] start
[dbg   669.962 ms] [mrg2] h2d
[dbg   669.967 ms] merge2: count begin
[dbg   669.986 ms] [mrg2] count
[dbg   670.029 ms] [mrg2] scan
[dbg   670.157 ms] merge2: merge_warp begin (541120 intermediates)
[dbg   670.289 ms] [mrg2] merge
[dbg   670.332 ms] [mrg2] final
[dbg   670.512 ms] [mrg2] compact
[dbg   670.534 ms] [mrg2] pack
[dbg   670.602 ms] [mrg2] d2h
[dbg   670.689 ms] [cu] start
[dbg   670.764 ms] [cu] h2dmalloc (250380 B)
[dbg   670.795 ms] [cu] h2d (250380 B)
[dbg   670.806 ms] cusparse: workEstimation begin
[dbg   670.870 ms] [cu] workest (buf1=365607 B)
[dbg   670.872 ms] cusparse: compute begin
[dbg   671.184 ms] [cu] compute (buf2=13008639 B)
[dbg   671.187 ms] cusparse: C size = 1922 x 1922, nnz=92530
[dbg   671.197 ms] cusparse: copy begin
[dbg   671.248 ms] [cu] copy
[dbg   671.332 ms] [cu] pack
[dbg   671.437 ms] self_product: C D2H begin (747932 B)
[dbg   671.507 ms] [cu] d2h
[dbg   671.656 ms] [gust] start
[dbg   671.745 ms] [gust] h2d
[dbg   671.748 ms] ESC: count intermediates begin
[dbg   671.779 ms] [gust] count
[dbg   671.823 ms] [gust] scan
[dbg   671.943 ms] ESC: expand begin (541120 intermediates)
[dbg   671.975 ms] [gust] expand
[dbg   671.978 ms] ESC: sort_by_key begin
[dbg   672.280 ms] [gust] sort
[dbg   672.423 ms] ESC: reduce_by_key begin
[dbg   672.479 ms] [gust] reduce
[dbg   672.858 ms] [gust] final
[dbg   672.881 ms] [gust] pack
[dbg   672.950 ms] [gust] d2h
[dbg   673.040 ms] [merge] start
[dbg   673.137 ms] [merge] h2d
[dbg   673.141 ms] merge: count begin
[dbg   673.159 ms] [merge] count
[dbg   673.199 ms] [merge] scan
[dbg   673.316 ms] merge: expand_serial begin (541120 intermediates)
[dbg   673.402 ms] [merge] expand
[dbg   673.514 ms] merge: merge_serial begin
[dbg   673.862 ms] [merge] merge
[dbg   674.056 ms] [merge] final
[dbg   674.224 ms] [merge] compact
[dbg   674.254 ms] [merge] pack
[dbg   674.323 ms] [merge] d2h
[dbg   674.411 ms] [mrg2] start
[dbg   674.501 ms] [mrg2] h2d
[dbg   674.505 ms] merge2: count begin
[dbg   674.523 ms] [mrg2] count
[dbg   674.563 ms] [mrg2] scan
[dbg   674.681 ms] merge2: merge_warp begin (541120 intermediates)
[dbg   674.773 ms] [mrg2] merge
[dbg   674.813 ms] [mrg2] final
[dbg   674.989 ms] [mrg2] compact
[dbg   675.011 ms] [mrg2] pack
[dbg   675.080 ms] [mrg2] d2h
[dbg   675.168 ms] [cu] start
[dbg   675.230 ms] [cu] h2dmalloc (250380 B)
[dbg   675.260 ms] [cu] h2d (250380 B)
[dbg   675.271 ms] cusparse: workEstimation begin
[dbg   675.328 ms] [cu] workest (buf1=365607 B)
[dbg   675.331 ms] cusparse: compute begin
[dbg   675.627 ms] [cu] compute (buf2=13008639 B)
[dbg   675.631 ms] cusparse: C size = 1922 x 1922, nnz=92530
[dbg   675.639 ms] cusparse: copy begin
[dbg   675.689 ms] [cu] copy
[dbg   675.786 ms] [cu] pack
[dbg   675.891 ms] self_product: C D2H begin (747932 B)
[dbg   675.961 ms] [cu] d2h
[dbg   676.108 ms] [gust] start
[dbg   676.199 ms] [gust] h2d
[dbg   676.201 ms] ESC: count intermediates begin
[dbg   676.221 ms] [gust] count
[dbg   676.261 ms] [gust] scan
[dbg   676.375 ms] ESC: expand begin (541120 intermediates)
[dbg   676.406 ms] [gust] expand
[dbg   676.411 ms] ESC: sort_by_key begin
[dbg   676.700 ms] [gust] sort
[dbg   676.853 ms] ESC: reduce_by_key begin
[dbg   676.905 ms] [gust] reduce
[dbg   677.270 ms] [gust] final
[dbg   677.293 ms] [gust] pack
[dbg   677.361 ms] [gust] d2h
[dbg   677.452 ms] [merge] start
[dbg   677.546 ms] [merge] h2d
[dbg   677.551 ms] merge: count begin
[dbg   677.568 ms] [merge] count
[dbg   677.608 ms] [merge] scan
[dbg   677.722 ms] merge: expand_serial begin (541120 intermediates)
[dbg   677.808 ms] [merge] expand
[dbg   677.923 ms] merge: merge_serial begin
[dbg   678.271 ms] [merge] merge
[dbg   678.461 ms] [merge] final
[dbg   678.629 ms] [merge] compact
[dbg   678.652 ms] [merge] pack
[dbg   678.721 ms] [merge] d2h
[dbg   678.813 ms] [mrg2] start
[dbg   678.904 ms] [mrg2] h2d
[dbg   678.908 ms] merge2: count begin
[dbg   678.925 ms] [mrg2] count
[dbg   678.964 ms] [mrg2] scan
[dbg   679.080 ms] merge2: merge_warp begin (541120 intermediates)
[dbg   679.173 ms] [mrg2] merge
[dbg   679.213 ms] [mrg2] final
[dbg   679.382 ms] [mrg2] compact
[dbg   679.403 ms] [mrg2] pack
[dbg   679.472 ms] [mrg2] d2h
[dbg   679.557 ms] warmup done
[dbg   679.588 ms] T1 cuSPARSE self_product: start
[dbg   679.591 ms] [cu] start
[dbg   679.656 ms] [cu] h2dmalloc (250380 B)
[dbg   679.688 ms] [cu] h2d (250380 B)
[dbg   679.697 ms] cusparse: workEstimation begin
[dbg   679.764 ms] [cu] workest (buf1=365607 B)
[dbg   679.768 ms] cusparse: compute begin
[dbg   680.063 ms] [cu] compute (buf2=13008639 B)
[dbg   680.066 ms] cusparse: C size = 1922 x 1922, nnz=92530
[dbg   680.074 ms] cusparse: copy begin
[dbg   680.124 ms] [cu] copy
[dbg   680.205 ms] [cu] pack
[dbg   680.306 ms] self_product: C D2H begin (747932 B)
[dbg   680.376 ms] [cu] d2h
[dbg   680.520 ms] T1 cuSPARSE self_product: done (C_nnz=92530)
[dbg   680.548 ms] T4 manual self_product: start
[dbg   680.549 ms] [gust] start
[dbg   680.639 ms] [gust] h2d
[dbg   680.641 ms] ESC: count intermediates begin
[dbg   680.661 ms] [gust] count
[dbg   680.702 ms] [gust] scan
[dbg   680.822 ms] ESC: expand begin (541120 intermediates)
[dbg   680.854 ms] [gust] expand
[dbg   680.855 ms] ESC: sort_by_key begin
[dbg   681.147 ms] [gust] sort
[dbg   681.282 ms] ESC: reduce_by_key begin
[dbg   681.328 ms] [gust] reduce
[dbg   681.691 ms] [gust] final
[dbg   681.714 ms] [gust] pack
[dbg   681.783 ms] [gust] d2h
[dbg   681.875 ms] T4 manual self_product: done (C_nnz=92530)
[dbg   681.905 ms] T4b merge self_product: start
[dbg   681.906 ms] [merge] start
[dbg   682.007 ms] [merge] h2d
[dbg   682.011 ms] merge: count begin
[dbg   682.029 ms] [merge] count
[dbg   682.070 ms] [merge] scan
[dbg   682.187 ms] merge: expand_serial begin (541120 intermediates)
[dbg   682.275 ms] [merge] expand
[dbg   682.386 ms] merge: merge_serial begin
[dbg   682.733 ms] [merge] merge
[dbg   682.934 ms] [merge] final
[dbg   683.100 ms] [merge] compact
[dbg   683.124 ms] [merge] pack
[dbg   683.193 ms] [merge] d2h
[dbg   683.279 ms] T4b merge self_product: done (C_nnz=92530)
[dbg   683.301 ms] T4c merge2 self_product: start
[dbg   683.303 ms] [mrg2] start
[dbg   683.394 ms] [mrg2] h2d
[dbg   683.399 ms] merge2: count begin
[dbg   683.416 ms] [mrg2] count
[dbg   683.456 ms] [mrg2] scan
[dbg   683.574 ms] merge2: merge_warp begin (541120 intermediates)
[dbg   683.666 ms] [mrg2] merge
[dbg   683.704 ms] [mrg2] final
[dbg   683.882 ms] [mrg2] compact
[dbg   683.903 ms] [mrg2] pack
[dbg   683.971 ms] [mrg2] d2h
[dbg   684.056 ms] T4c merge2 self_product: done (C_nnz=92530)
Reading matrix from ./data/first100/bcsstk26.mtx...
Input A: 1922 x 1922, nnz = 30336, sparsity = 99.18%
===============WARMING UP (3 rounds)===============
=== Computing C = A x A (cuSPARSE) ===
Result C: 1922 x 1922, nnz = 92530, sparsity = 97.50%
Time: 0.935 ms

=== Computing C = A x A (Manual) ===
Result C: 1922 x 1922, nnz = 92530, sparsity = 97.50%
Time: 1.331 ms

=== Computing C = A x A (Merge) ===
Result C: 1922 x 1922, nnz = 92530, sparsity = 97.50%
Time: 1.377 ms

=== Computing C = A x A (Merge2) ===
Result C: 1922 x 1922, nnz = 92530, sparsity = 97.50%
Time: 0.759 ms

=== All tests completed ===
[44/100] Processing bcsstk27 ... (max 600s)
[dbg     0.001 ms] main entry, initializing CUDA context...
[dbg   491.511 ms] CUDA context ready
[dbg   491.695 ms] start read_matrix_market: ./data/first100/bcsstk27.mtx
[dbg   502.075 ms] read done: 1224 x 1224, nnz=56126
[mempool] host pinned arena ready: 256 MB (USE_MEMPOOL=ON)
[dbg   648.679 ms] [cu] start
[dbg   657.346 ms] [cu] h2dmalloc (453908 B)
[dbg   657.444 ms] [cu] h2d (453908 B)
[dbg   657.485 ms] cusparse: workEstimation begin
[dbg   682.085 ms] [cu] workest (buf1=675343 B)
[dbg   682.098 ms] cusparse: compute begin
[dbg   683.327 ms] [cu] compute (buf2=64645575 B)
[dbg   683.337 ms] cusparse: C size = 1224 x 1224, nnz=138106
[dbg   683.449 ms] cusparse: copy begin
[dbg   683.585 ms] [cu] copy
[dbg   683.633 ms] [cu] pack
[dbg   683.818 ms] self_product: C D2H begin (1109748 B)
[dbg   683.923 ms] [cu] d2h
[dbg   684.107 ms] [gust] start
[dbg   684.254 ms] [gust] h2d
[dbg   684.258 ms] ESC: count intermediates begin
[dbg   685.864 ms] [gust] count
[dbg   686.003 ms] [gust] scan
[dbg   686.220 ms] ESC: expand begin (2691026 intermediates)
[dbg   686.291 ms] [gust] expand
[dbg   686.292 ms] ESC: sort_by_key begin
[dbg   687.075 ms] [gust] sort
[dbg   687.246 ms] ESC: reduce_by_key begin
[dbg   687.467 ms] [gust] reduce
[dbg   687.936 ms] [gust] final
[dbg   688.044 ms] [gust] pack
[dbg   688.145 ms] [gust] d2h
[dbg   688.326 ms] [merge] start
[dbg   688.468 ms] [merge] h2d
[dbg   688.474 ms] merge: count begin
[dbg   688.500 ms] [merge] count
[dbg   688.547 ms] [merge] scan
[dbg   688.702 ms] merge: expand_serial begin (2691026 intermediates)
[dbg   689.446 ms] [merge] expand
[dbg   689.650 ms] merge: merge_serial begin
[dbg   690.711 ms] [merge] merge
[dbg   690.961 ms] [merge] final
[dbg   691.175 ms] [merge] compact
[dbg   691.274 ms] [merge] pack
[dbg   691.374 ms] [merge] d2h
[dbg   691.557 ms] [mrg2] start
[dbg   691.693 ms] [mrg2] h2d
[dbg   691.698 ms] merge2: count begin
[dbg   691.724 ms] [mrg2] count
[dbg   691.768 ms] [mrg2] scan
[dbg   691.918 ms] merge2: merge_warp begin (2691026 intermediates)
[dbg   692.134 ms] [mrg2] merge
[dbg   692.184 ms] [mrg2] final
[dbg   692.402 ms] [mrg2] compact
[dbg   692.509 ms] [mrg2] pack
[dbg   692.609 ms] [mrg2] d2h
[dbg   692.807 ms] [cu] start
[dbg   692.879 ms] [cu] h2dmalloc (453908 B)
[dbg   692.926 ms] [cu] h2d (453908 B)
[dbg   692.938 ms] cusparse: workEstimation begin
[dbg   693.013 ms] [cu] workest (buf1=675343 B)
[dbg   693.016 ms] cusparse: compute begin
[dbg   693.527 ms] [cu] compute (buf2=64645575 B)
[dbg   693.533 ms] cusparse: C size = 1224 x 1224, nnz=138106
[dbg   693.631 ms] cusparse: copy begin
[dbg   693.690 ms] [cu] copy
[dbg   693.719 ms] [cu] pack
[dbg   693.855 ms] self_product: C D2H begin (1109748 B)
[dbg   693.956 ms] [cu] d2h
[dbg   694.138 ms] [gust] start
[dbg   694.258 ms] [gust] h2d
[dbg   694.260 ms] ESC: count intermediates begin
[dbg   694.286 ms] [gust] count
[dbg   694.341 ms] [gust] scan
[dbg   694.487 ms] ESC: expand begin (2691026 intermediates)
[dbg   694.535 ms] [gust] expand
[dbg   694.536 ms] ESC: sort_by_key begin
[dbg   695.138 ms] [gust] sort
[dbg   695.278 ms] ESC: reduce_by_key begin
[dbg   695.352 ms] [gust] reduce
[dbg   695.773 ms] [gust] final
[dbg   695.872 ms] [gust] pack
[dbg   695.972 ms] [gust] d2h
[dbg   696.153 ms] [merge] start
[dbg   696.268 ms] [merge] h2d
[dbg   696.273 ms] merge: count begin
[dbg   696.296 ms] [merge] count
[dbg   696.348 ms] [merge] scan
[dbg   696.494 ms] merge: expand_serial begin (2691026 intermediates)
[dbg   696.778 ms] [merge] expand
[dbg   696.906 ms] merge: merge_serial begin
[dbg   697.937 ms] [merge] merge
[dbg   698.164 ms] [merge] final
[dbg   698.363 ms] [merge] compact
[dbg   698.455 ms] [merge] pack
[dbg   698.556 ms] [merge] d2h
[dbg   698.743 ms] [mrg2] start
[dbg   698.857 ms] [mrg2] h2d
[dbg   698.861 ms] merge2: count begin
[dbg   698.884 ms] [mrg2] count
[dbg   698.936 ms] [mrg2] scan
[dbg   699.092 ms] merge2: merge_warp begin (2691026 intermediates)
[dbg   699.263 ms] [mrg2] merge
[dbg   699.310 ms] [mrg2] final
[dbg   699.511 ms] [mrg2] compact
[dbg   699.599 ms] [mrg2] pack
[dbg   699.699 ms] [mrg2] d2h
[dbg   699.883 ms] [cu] start
[dbg   699.951 ms] [cu] h2dmalloc (453908 B)
[dbg   699.996 ms] [cu] h2d (453908 B)
[dbg   700.005 ms] cusparse: workEstimation begin
[dbg   700.075 ms] [cu] workest (buf1=675343 B)
[dbg   700.079 ms] cusparse: compute begin
[dbg   700.593 ms] [cu] compute (buf2=64645575 B)
[dbg   700.598 ms] cusparse: C size = 1224 x 1224, nnz=138106
[dbg   700.689 ms] cusparse: copy begin
[dbg   700.740 ms] [cu] copy
[dbg   700.771 ms] [cu] pack
[dbg   700.904 ms] self_product: C D2H begin (1109748 B)
[dbg   701.005 ms] [cu] d2h
[dbg   701.184 ms] [gust] start
[dbg   701.302 ms] [gust] h2d
[dbg   701.304 ms] ESC: count intermediates begin
[dbg   701.329 ms] [gust] count
[dbg   701.384 ms] [gust] scan
[dbg   701.528 ms] ESC: expand begin (2691026 intermediates)
[dbg   701.577 ms] [gust] expand
[dbg   701.578 ms] ESC: sort_by_key begin
[dbg   702.169 ms] [gust] sort
[dbg   702.298 ms] ESC: reduce_by_key begin
[dbg   702.372 ms] [gust] reduce
[dbg   702.792 ms] [gust] final
[dbg   702.889 ms] [gust] pack
[dbg   702.989 ms] [gust] d2h
[dbg   703.170 ms] [merge] start
[dbg   703.286 ms] [merge] h2d
[dbg   703.289 ms] merge: count begin
[dbg   703.312 ms] [merge] count
[dbg   703.364 ms] [merge] scan
[dbg   703.509 ms] merge: expand_serial begin (2691026 intermediates)
[dbg   703.794 ms] [merge] expand
[dbg   703.921 ms] merge: merge_serial begin
[dbg   704.955 ms] [merge] merge
[dbg   705.182 ms] [merge] final
[dbg   705.382 ms] [merge] compact
[dbg   705.474 ms] [merge] pack
[dbg   705.574 ms] [merge] d2h
[dbg   705.759 ms] [mrg2] start
[dbg   705.874 ms] [mrg2] h2d
[dbg   705.877 ms] merge2: count begin
[dbg   705.901 ms] [mrg2] count
[dbg   705.952 ms] [mrg2] scan
[dbg   706.101 ms] merge2: merge_warp begin (2691026 intermediates)
[dbg   706.275 ms] [mrg2] merge
[dbg   706.325 ms] [mrg2] final
[dbg   706.523 ms] [mrg2] compact
[dbg   706.609 ms] [mrg2] pack
[dbg   706.709 ms] [mrg2] d2h
[dbg   706.889 ms] warmup done
[dbg   706.914 ms] T1 cuSPARSE self_product: start
[dbg   706.917 ms] [cu] start
[dbg   706.996 ms] [cu] h2dmalloc (453908 B)
[dbg   707.044 ms] [cu] h2d (453908 B)
[dbg   707.054 ms] cusparse: workEstimation begin
[dbg   707.123 ms] [cu] workest (buf1=675343 B)
[dbg   707.126 ms] cusparse: compute begin
[dbg   707.642 ms] [cu] compute (buf2=64645575 B)
[dbg   707.647 ms] cusparse: C size = 1224 x 1224, nnz=138106
[dbg   707.729 ms] cusparse: copy begin
[dbg   707.778 ms] [cu] copy
[dbg   707.807 ms] [cu] pack
[dbg   707.940 ms] self_product: C D2H begin (1109748 B)
[dbg   708.041 ms] [cu] d2h
[dbg   708.219 ms] T1 cuSPARSE self_product: done (C_nnz=138106)
[dbg   708.248 ms] T4 manual self_product: start
[dbg   708.249 ms] [gust] start
[dbg   708.377 ms] [gust] h2d
[dbg   708.382 ms] ESC: count intermediates begin
[dbg   708.411 ms] [gust] count
[dbg   708.464 ms] [gust] scan
[dbg   708.595 ms] ESC: expand begin (2691026 intermediates)
[dbg   708.643 ms] [gust] expand
[dbg   708.646 ms] ESC: sort_by_key begin
[dbg   709.253 ms] [gust] sort
[dbg   709.380 ms] ESC: reduce_by_key begin
[dbg   709.455 ms] [gust] reduce
[dbg   709.888 ms] [gust] final
[dbg   709.986 ms] [gust] pack
[dbg   710.086 ms] [gust] d2h
[dbg   710.269 ms] T4 manual self_product: done (C_nnz=138106)
[dbg   710.293 ms] T4b merge self_product: start
[dbg   710.295 ms] [merge] start
[dbg   710.421 ms] [merge] h2d
[dbg   710.426 ms] merge: count begin
[dbg   710.454 ms] [merge] count
[dbg   710.508 ms] [merge] scan
[dbg   710.646 ms] merge: expand_serial begin (2691026 intermediates)
[dbg   710.927 ms] [merge] expand
[dbg   711.060 ms] merge: merge_serial begin
[dbg   712.093 ms] [merge] merge
[dbg   712.324 ms] [merge] final
[dbg   712.521 ms] [merge] compact
[dbg   712.615 ms] [merge] pack
[dbg   712.719 ms] [merge] d2h
[dbg   712.905 ms] T4b merge self_product: done (C_nnz=138106)
[dbg   712.928 ms] T4c merge2 self_product: start
[dbg   712.929 ms] [mrg2] start
[dbg   713.054 ms] [mrg2] h2d
[dbg   713.060 ms] merge2: count begin
[dbg   713.087 ms] [mrg2] count
[dbg   713.140 ms] [mrg2] scan
[dbg   713.289 ms] merge2: merge_warp begin (2691026 intermediates)
[dbg   713.462 ms] [mrg2] merge
[dbg   713.510 ms] [mrg2] final
[dbg   713.722 ms] [mrg2] compact
[dbg   713.812 ms] [mrg2] pack
[dbg   713.912 ms] [mrg2] d2h
[dbg   714.090 ms] T4c merge2 self_product: done (C_nnz=138106)
Reading matrix from ./data/first100/bcsstk27.mtx...
Input A: 1224 x 1224, nnz = 56126, sparsity = 96.25%
===============WARMING UP (3 rounds)===============
=== Computing C = A x A (cuSPARSE) ===
Result C: 1224 x 1224, nnz = 138106, sparsity = 90.78%
Time: 1.308 ms

=== Computing C = A x A (Manual) ===
Result C: 1224 x 1224, nnz = 138106, sparsity = 90.78%
Time: 2.025 ms

=== Computing C = A x A (Merge) ===
Result C: 1224 x 1224, nnz = 138106, sparsity = 90.78%
Time: 2.616 ms

=== Computing C = A x A (Merge2) ===
Result C: 1224 x 1224, nnz = 138106, sparsity = 90.78%
Time: 1.166 ms

=== All tests completed ===
[45/100] Processing bcsstk28 ... (max 600s)
[dbg     0.001 ms] main entry, initializing CUDA context...
[dbg   482.126 ms] CUDA context ready
[dbg   482.288 ms] start read_matrix_market: ./data/first100/bcsstk28.mtx
[dbg   519.403 ms] read done: 4410 x 4410, nnz=219024
[mempool] host pinned arena ready: 256 MB (USE_MEMPOOL=ON)
[dbg   669.558 ms] [cu] start
[dbg   678.012 ms] [cu] h2dmalloc (1769836 B)
[dbg   678.201 ms] [cu] h2d (1769836 B)
[dbg   678.241 ms] cusparse: workEstimation begin
[dbg   702.038 ms] [cu] workest (buf1=2633191 B)
[dbg   702.051 ms] cusparse: compute begin
[dbg   703.813 ms] [cu] compute (buf2=271230679 B)
[dbg   703.826 ms] cusparse: C size = 4410 x 4410, nnz=596072
[dbg   703.992 ms] cusparse: copy begin
[dbg   704.112 ms] [cu] copy
[dbg   704.213 ms] [cu] pack
[dbg   704.664 ms] self_product: C D2H begin (4786220 B)
[dbg   705.057 ms] [cu] d2h
[dbg   705.211 ms] [gust] start
[dbg   705.437 ms] [gust] h2d
[dbg   705.440 ms] ESC: count intermediates begin
[dbg   707.056 ms] [gust] count
[dbg   707.204 ms] [gust] scan
[dbg   707.476 ms] ESC: expand begin (11291272 intermediates)
[dbg   707.625 ms] [gust] expand
[dbg   707.638 ms] ESC: sort_by_key begin
[dbg   709.428 ms] [gust] sort
[dbg   709.586 ms] ESC: reduce_by_key begin
[dbg   709.868 ms] [gust] reduce
[dbg   710.548 ms] [gust] final
[dbg   710.643 ms] [gust] pack
[dbg   711.033 ms] [gust] d2h
[dbg   711.384 ms] [merge] start
[dbg   711.586 ms] [merge] h2d
[dbg   711.596 ms] merge: count begin
[dbg   711.622 ms] [merge] count
[dbg   711.668 ms] [merge] scan
[dbg   711.835 ms] merge: expand_serial begin (11291272 intermediates)
[dbg   713.022 ms] [merge] expand
[dbg   713.201 ms] merge: merge_serial begin
[dbg   716.608 ms] [merge] merge
[dbg   716.870 ms] [merge] final
[dbg   717.249 ms] [merge] compact
[dbg   717.343 ms] [merge] pack
[dbg   717.731 ms] [merge] d2h
[dbg   718.055 ms] [mrg2] start
[dbg   718.250 ms] [mrg2] h2d
[dbg   718.258 ms] merge2: count begin
[dbg   718.281 ms] [mrg2] count
[dbg   718.326 ms] [mrg2] scan
[dbg   718.475 ms] merge2: merge_warp begin (11291272 intermediates)
[dbg   719.016 ms] [mrg2] merge
[dbg   719.062 ms] [mrg2] final
[dbg   719.403 ms] [mrg2] compact
[dbg   719.491 ms] [mrg2] pack
[dbg   719.879 ms] [mrg2] d2h
[dbg   720.192 ms] [cu] start
[dbg   720.253 ms] [cu] h2dmalloc (1769836 B)
[dbg   720.389 ms] [cu] h2d (1769836 B)
[dbg   720.401 ms] cusparse: workEstimation begin
[dbg   720.521 ms] [cu] workest (buf1=2633191 B)
[dbg   720.525 ms] cusparse: compute begin
[dbg   721.556 ms] [cu] compute (buf2=271230679 B)
[dbg   721.561 ms] cusparse: C size = 4410 x 4410, nnz=596072
[dbg   721.687 ms] cusparse: copy begin
[dbg   721.742 ms] [cu] copy
[dbg   721.839 ms] [cu] pack
[dbg   722.235 ms] self_product: C D2H begin (4786220 B)
[dbg   722.625 ms] [cu] d2h
[dbg   722.780 ms] [gust] start
[dbg   723.013 ms] [gust] h2d
[dbg   723.016 ms] ESC: count intermediates begin
[dbg   723.042 ms] [gust] count
[dbg   723.087 ms] [gust] scan
[dbg   723.270 ms] ESC: expand begin (11291272 intermediates)
[dbg   723.393 ms] [gust] expand
[dbg   723.395 ms] ESC: sort_by_key begin
[dbg   725.039 ms] [gust] sort
[dbg   725.172 ms] ESC: reduce_by_key begin
[dbg   725.342 ms] [gust] reduce
[dbg   725.963 ms] [gust] final
[dbg   726.051 ms] [gust] pack
[dbg   726.439 ms] [gust] d2h
[dbg   726.784 ms] [merge] start
[dbg   726.983 ms] [merge] h2d
[dbg   726.989 ms] merge: count begin
[dbg   727.013 ms] [merge] count
[dbg   727.055 ms] [merge] scan
[dbg   727.196 ms] merge: expand_serial begin (11291272 intermediates)
[dbg   727.933 ms] [merge] expand
[dbg   728.053 ms] merge: merge_serial begin
[dbg   731.461 ms] [merge] merge
[dbg   731.697 ms] [merge] final
[dbg   732.041 ms] [merge] compact
[dbg   732.125 ms] [merge] pack
[dbg   732.513 ms] [merge] d2h
[dbg   732.831 ms] [mrg2] start
[dbg   733.026 ms] [mrg2] h2d
[dbg   733.031 ms] merge2: count begin
[dbg   733.054 ms] [mrg2] count
[dbg   733.095 ms] [mrg2] scan
[dbg   733.238 ms] merge2: merge_warp begin (11291272 intermediates)
[dbg   733.739 ms] [mrg2] merge
[dbg   733.788 ms] [mrg2] final
[dbg   734.106 ms] [mrg2] compact
[dbg   734.188 ms] [mrg2] pack
[dbg   734.575 ms] [mrg2] d2h
[dbg   734.882 ms] [cu] start
[dbg   734.942 ms] [cu] h2dmalloc (1769836 B)
[dbg   735.076 ms] [cu] h2d (1769836 B)
[dbg   735.084 ms] cusparse: workEstimation begin
[dbg   735.197 ms] [cu] workest (buf1=2633191 B)
[dbg   735.200 ms] cusparse: compute begin
[dbg   736.217 ms] [cu] compute (buf2=271230679 B)
[dbg   736.222 ms] cusparse: C size = 4410 x 4410, nnz=596072
[dbg   736.341 ms] cusparse: copy begin
[dbg   736.395 ms] [cu] copy
[dbg   736.481 ms] [cu] pack
[dbg   736.880 ms] self_product: C D2H begin (4786220 B)
[dbg   737.270 ms] [cu] d2h
[dbg   737.413 ms] [gust] start
[dbg   737.654 ms] [gust] h2d
[dbg   737.656 ms] ESC: count intermediates begin
[dbg   737.680 ms] [gust] count
[dbg   737.723 ms] [gust] scan
[dbg   737.913 ms] ESC: expand begin (11291272 intermediates)
[dbg   738.037 ms] [gust] expand
[dbg   738.038 ms] ESC: sort_by_key begin
[dbg   739.675 ms] [gust] sort
[dbg   739.813 ms] ESC: reduce_by_key begin
[dbg   739.979 ms] [gust] reduce
[dbg   740.590 ms] [gust] final
[dbg   740.678 ms] [gust] pack
[dbg   741.066 ms] [gust] d2h
[dbg   741.404 ms] [merge] start
[dbg   741.607 ms] [merge] h2d
[dbg   741.614 ms] merge: count begin
[dbg   741.638 ms] [merge] count
[dbg   741.680 ms] [merge] scan
[dbg   741.830 ms] merge: expand_serial begin (11291272 intermediates)
[dbg   742.599 ms] [merge] expand
[dbg   742.718 ms] merge: merge_serial begin
[dbg   746.106 ms] [merge] merge
[dbg   746.343 ms] [merge] final
[dbg   746.680 ms] [merge] compact
[dbg   746.769 ms] [merge] pack
[dbg   747.156 ms] [merge] d2h
[dbg   747.466 ms] [mrg2] start
[dbg   747.658 ms] [mrg2] h2d
[dbg   747.663 ms] merge2: count begin
[dbg   747.684 ms] [mrg2] count
[dbg   747.725 ms] [mrg2] scan
[dbg   747.879 ms] merge2: merge_warp begin (11291272 intermediates)
[dbg   748.376 ms] [mrg2] merge
[dbg   748.416 ms] [mrg2] final
[dbg   748.729 ms] [mrg2] compact
[dbg   748.825 ms] [mrg2] pack
[dbg   749.213 ms] [mrg2] d2h
[dbg   749.519 ms] warmup done
[dbg   749.549 ms] T1 cuSPARSE self_product: start
[dbg   749.551 ms] [cu] start
[dbg   749.614 ms] [cu] h2dmalloc (1769836 B)
[dbg   749.751 ms] [cu] h2d (1769836 B)
[dbg   749.766 ms] cusparse: workEstimation begin
[dbg   749.881 ms] [cu] workest (buf1=2633191 B)
[dbg   749.885 ms] cusparse: compute begin
[dbg   750.905 ms] [cu] compute (buf2=271230679 B)
[dbg   750.909 ms] cusparse: C size = 4410 x 4410, nnz=596072
[dbg   751.029 ms] cusparse: copy begin
[dbg   751.084 ms] [cu] copy
[dbg   751.170 ms] [cu] pack
[dbg   751.560 ms] self_product: C D2H begin (4786220 B)
[dbg   751.949 ms] [cu] d2h
[dbg   752.096 ms] T1 cuSPARSE self_product: done (C_nnz=596072)
[dbg   752.134 ms] T4 manual self_product: start
[dbg   752.137 ms] [gust] start
[dbg   752.344 ms] [gust] h2d
[dbg   752.346 ms] ESC: count intermediates begin
[dbg   752.372 ms] [gust] count
[dbg   752.415 ms] [gust] scan
[dbg   752.594 ms] ESC: expand begin (11291272 intermediates)
[dbg   752.723 ms] [gust] expand
[dbg   752.724 ms] ESC: sort_by_key begin
[dbg   754.374 ms] [gust] sort
[dbg   754.507 ms] ESC: reduce_by_key begin
[dbg   754.672 ms] [gust] reduce
[dbg   755.284 ms] [gust] final
[dbg   755.370 ms] [gust] pack
[dbg   755.766 ms] [gust] d2h
[dbg   756.101 ms] T4 manual self_product: done (C_nnz=596072)
[dbg   756.129 ms] T4b merge self_product: start
[dbg   756.130 ms] [merge] start
[dbg   756.333 ms] [merge] h2d
[dbg   756.339 ms] merge: count begin
[dbg   756.364 ms] [merge] count
[dbg   756.406 ms] [merge] scan
[dbg   756.555 ms] merge: expand_serial begin (11291272 intermediates)
[dbg   757.322 ms] [merge] expand
[dbg   757.441 ms] merge: merge_serial begin
[dbg   760.849 ms] [merge] merge
[dbg   761.084 ms] [merge] final
[dbg   761.418 ms] [merge] compact
[dbg   761.501 ms] [merge] pack
[dbg   761.889 ms] [merge] d2h
[dbg   762.196 ms] T4b merge self_product: done (C_nnz=596072)
[dbg   762.222 ms] T4c merge2 self_product: start
[dbg   762.224 ms] [mrg2] start
[dbg   762.417 ms] [mrg2] h2d
[dbg   762.423 ms] merge2: count begin
[dbg   762.446 ms] [mrg2] count
[dbg   762.489 ms] [mrg2] scan
[dbg   762.633 ms] merge2: merge_warp begin (11291272 intermediates)
[dbg   763.183 ms] [mrg2] merge
[dbg   763.224 ms] [mrg2] final
[dbg   763.542 ms] [mrg2] compact
[dbg   763.624 ms] [mrg2] pack
[dbg   764.012 ms] [mrg2] d2h
[dbg   764.319 ms] T4c merge2 self_product: done (C_nnz=596072)
Reading matrix from ./data/first100/bcsstk28.mtx...
Input A: 4410 x 4410, nnz = 219024, sparsity = 98.87%
===============WARMING UP (3 rounds)===============
=== Computing C = A x A (cuSPARSE) ===
Result C: 4410 x 4410, nnz = 596072, sparsity = 96.94%
Time: 2.559 ms

=== Computing C = A x A (Manual) ===
Result C: 4410 x 4410, nnz = 596072, sparsity = 96.94%
Time: 3.971 ms

=== Computing C = A x A (Merge) ===
Result C: 4410 x 4410, nnz = 596072, sparsity = 96.94%
Time: 6.070 ms

=== Computing C = A x A (Merge2) ===
Result C: 4410 x 4410, nnz = 596072, sparsity = 96.94%
Time: 2.100 ms

=== All tests completed ===
[46/100] Processing bcsstk29 ... (max 600s)
[dbg     0.001 ms] main entry, initializing CUDA context...
[dbg   478.041 ms] CUDA context ready
[dbg   478.208 ms] start read_matrix_market: ./data/first100/bcsstk29.mtx
[dbg   528.499 ms] read done: 13992 x 13992, nnz=619488
[mempool] host pinned arena ready: 256 MB (USE_MEMPOOL=ON)
[dbg   676.612 ms] [cu] start
[dbg   685.275 ms] [cu] h2dmalloc (5011876 B)
[dbg   685.695 ms] [cu] h2d (5011876 B)
[dbg   685.815 ms] cusparse: workEstimation begin
[dbg   709.372 ms] [cu] workest (buf1=7445927 B)
[dbg   709.386 ms] cusparse: compute begin
[dbg   712.590 ms] [cu] compute (buf2=741059847 B)
[dbg   712.603 ms] cusparse: C size = 13992 x 13992, nnz=1965686
[dbg   712.798 ms] cusparse: copy begin
[dbg   712.949 ms] [cu] copy
[dbg   713.095 ms] [cu] pack
[dbg   713.781 ms] self_product: C D2H begin (15781460 B)
[dbg   715.032 ms] [cu] d2h
[dbg   715.223 ms] [gust] start
[dbg   715.992 ms] [gust] h2d
[dbg   715.995 ms] ESC: count intermediates begin
[dbg   717.767 ms] [gust] count
[dbg   717.925 ms] [gust] scan
[dbg   718.175 ms] ESC: expand begin (30850506 intermediates)
[dbg   718.509 ms] [gust] expand
[dbg   718.511 ms] ESC: sort_by_key begin
[dbg   722.697 ms] [gust] sort
[dbg   722.853 ms] ESC: reduce_by_key begin
[dbg   723.343 ms] [gust] reduce
[dbg   724.262 ms] [gust] final
[dbg   724.383 ms] [gust] pack
[dbg   725.633 ms] [gust] d2h
[dbg   726.140 ms] [merge] start
[dbg   726.563 ms] [merge] h2d
[dbg   726.588 ms] merge: count begin
[dbg   726.679 ms] [merge] count
[dbg   726.729 ms] [merge] scan
[dbg   726.877 ms] merge: expand_serial begin (30850506 intermediates)
[dbg   728.746 ms] [merge] expand
[dbg   728.946 ms] merge: merge_serial begin
[dbg   735.829 ms] [merge] merge
[dbg   736.161 ms] [merge] final
[dbg   736.578 ms] [merge] compact
[dbg   736.701 ms] [merge] pack
[dbg   737.952 ms] [merge] d2h
[dbg   738.429 ms] [mrg2] start
[dbg   738.852 ms] [mrg2] h2d
[dbg   738.876 ms] merge2: count begin
[dbg   738.962 ms] [mrg2] count
[dbg   739.010 ms] [mrg2] scan
[dbg   739.157 ms] merge2: merge_warp begin (30850506 intermediates)
[dbg   740.143 ms] [mrg2] merge
[dbg   740.191 ms] [mrg2] final
[dbg   740.592 ms] [mrg2] compact
[dbg   740.709 ms] [mrg2] pack
[dbg   741.970 ms] [mrg2] d2h
[dbg   742.392 ms] [cu] start
[dbg   742.454 ms] [cu] h2dmalloc (5011876 B)
[dbg   742.814 ms] [cu] h2d (5011876 B)
[dbg   742.884 ms] cusparse: workEstimation begin
[dbg   743.005 ms] [cu] workest (buf1=7445927 B)
[dbg   743.008 ms] cusparse: compute begin
[dbg   745.482 ms] [cu] compute (buf2=741059847 B)
[dbg   745.486 ms] cusparse: C size = 13992 x 13992, nnz=1965686
[dbg   745.614 ms] cusparse: copy begin
[dbg   745.689 ms] [cu] copy
[dbg   745.804 ms] [cu] pack
[dbg   746.408 ms] self_product: C D2H begin (15781460 B)
[dbg   747.661 ms] [cu] d2h
[dbg   747.829 ms] [gust] start
[dbg   748.648 ms] [gust] h2d
[dbg   748.651 ms] ESC: count intermediates begin
[dbg   748.837 ms] [gust] count
[dbg   748.888 ms] [gust] scan
[dbg   749.037 ms] ESC: expand begin (30850506 intermediates)
[dbg   749.349 ms] [gust] expand
[dbg   749.350 ms] ESC: sort_by_key begin
[dbg   753.416 ms] [gust] sort
[dbg   753.544 ms] ESC: reduce_by_key begin
[dbg   753.901 ms] [gust] reduce
[dbg   754.759 ms] [gust] final
[dbg   754.872 ms] [gust] pack
[dbg   756.131 ms] [gust] d2h
[dbg   756.619 ms] [merge] start
[dbg   756.994 ms] [merge] h2d
[dbg   757.011 ms] merge: count begin
[dbg   757.088 ms] [merge] count
[dbg   757.132 ms] [merge] scan
[dbg   757.261 ms] merge: expand_serial begin (30850506 intermediates)
[dbg   758.650 ms] [merge] expand
[dbg   758.753 ms] merge: merge_serial begin
[dbg   765.394 ms] [merge] merge
[dbg   765.647 ms] [merge] final
[dbg   765.968 ms] [merge] compact
[dbg   766.052 ms] [merge] pack
[dbg   766.740 ms] [merge] d2h
[dbg   767.085 ms] [mrg2] start
[dbg   767.580 ms] [mrg2] h2d
[dbg   767.589 ms] merge2: count begin
[dbg   767.678 ms] [mrg2] count
[dbg   767.717 ms] [mrg2] scan
[dbg   767.834 ms] merge2: merge_warp begin (30850506 intermediates)
[dbg   768.774 ms] [mrg2] merge
[dbg   768.810 ms] [mrg2] final
[dbg   769.120 ms] [mrg2] compact
[dbg   769.203 ms] [mrg2] pack
[dbg   769.892 ms] [mrg2] d2h
[dbg   770.199 ms] [cu] start
[dbg   770.248 ms] [cu] h2dmalloc (5011876 B)
[dbg   770.446 ms] [cu] h2d (5011876 B)
[dbg   770.498 ms] cusparse: workEstimation begin
[dbg   770.598 ms] [cu] workest (buf1=7445927 B)
[dbg   770.602 ms] cusparse: compute begin
[dbg   773.009 ms] [cu] compute (buf2=741059847 B)
[dbg   773.013 ms] cusparse: C size = 13992 x 13992, nnz=1965686
[dbg   773.111 ms] cusparse: copy begin
[dbg   773.175 ms] [cu] copy
[dbg   773.256 ms] [cu] pack
[dbg   773.758 ms] self_product: C D2H begin (15781460 B)
[dbg   774.445 ms] [cu] d2h
[dbg   774.564 ms] [gust] start
[dbg   774.839 ms] [gust] h2d
[dbg   774.841 ms] ESC: count intermediates begin
[dbg   774.912 ms] [gust] count
[dbg   774.950 ms] [gust] scan
[dbg   775.068 ms] ESC: expand begin (30850506 intermediates)
[dbg   775.440 ms] [gust] expand
[dbg   775.441 ms] ESC: sort_by_key begin
[dbg   779.634 ms] [gust] sort
[dbg   779.743 ms] ESC: reduce_by_key begin
[dbg   780.088 ms] [gust] reduce
[dbg   780.820 ms] [gust] final
[dbg   780.908 ms] [gust] pack
[dbg   781.596 ms] [gust] d2h
[dbg   781.932 ms] [merge] start
[dbg   782.966 ms] [merge] h2d
[dbg   782.977 ms] merge: count begin
[dbg   783.093 ms] [merge] count
[dbg   783.131 ms] [merge] scan
[dbg   783.254 ms] merge: expand_serial begin (30850506 intermediates)
[dbg   784.663 ms] [merge] expand
[dbg   784.762 ms] merge: merge_serial begin
[dbg   791.517 ms] [merge] merge
[dbg   791.775 ms] [merge] final
[dbg   792.094 ms] [merge] compact
[dbg   792.179 ms] [merge] pack
[dbg   792.883 ms] [merge] d2h
[dbg   793.227 ms] [mrg2] start
[dbg   793.704 ms] [mrg2] h2d
[dbg   793.713 ms] merge2: count begin
[dbg   793.800 ms] [mrg2] count
[dbg   793.838 ms] [mrg2] scan
[dbg   793.953 ms] merge2: merge_warp begin (30850506 intermediates)
[dbg   794.895 ms] [mrg2] merge
[dbg   794.930 ms] [mrg2] final
[dbg   795.239 ms] [mrg2] compact
[dbg   795.322 ms] [mrg2] pack
[dbg   796.009 ms] [mrg2] d2h
[dbg   796.317 ms] warmup done
[dbg   796.334 ms] T1 cuSPARSE self_product: start
[dbg   796.336 ms] [cu] start
[dbg   796.387 ms] [cu] h2dmalloc (5011876 B)
[dbg   796.583 ms] [cu] h2d (5011876 B)
[dbg   796.636 ms] cusparse: workEstimation begin
[dbg   796.746 ms] [cu] workest (buf1=7445927 B)
[dbg   796.749 ms] cusparse: compute begin
[dbg   799.157 ms] [cu] compute (buf2=741059847 B)
[dbg   799.161 ms] cusparse: C size = 13992 x 13992, nnz=1965686
[dbg   799.259 ms] cusparse: copy begin
[dbg   799.325 ms] [cu] copy
[dbg   799.403 ms] [cu] pack
[dbg   799.914 ms] self_product: C D2H begin (15781460 B)
[dbg   800.593 ms] [cu] d2h
[dbg   800.718 ms] T1 cuSPARSE self_product: done (C_nnz=1965686)
[dbg   800.740 ms] T4 manual self_product: start
[dbg   800.742 ms] [gust] start
[dbg   801.000 ms] [gust] h2d
[dbg   801.003 ms] ESC: count intermediates begin
[dbg   801.074 ms] [gust] count
[dbg   801.113 ms] [gust] scan
[dbg   801.232 ms] ESC: expand begin (30850506 intermediates)
[dbg   801.603 ms] [gust] expand
[dbg   801.605 ms] ESC: sort_by_key begin
[dbg   805.823 ms] [gust] sort
[dbg   805.928 ms] ESC: reduce_by_key begin
[dbg   806.273 ms] [gust] reduce
[dbg   807.009 ms] [gust] final
[dbg   807.097 ms] [gust] pack
[dbg   807.785 ms] [gust] d2h
[dbg   808.117 ms] T4 manual self_product: done (C_nnz=1965686)
[dbg   808.135 ms] T4b merge self_product: start
[dbg   808.136 ms] [merge] start
[dbg   809.150 ms] [merge] h2d
[dbg   809.160 ms] merge: count begin
[dbg   809.278 ms] [merge] count
[dbg   809.316 ms] [merge] scan
[dbg   809.435 ms] merge: expand_serial begin (30850506 intermediates)
[dbg   810.822 ms] [merge] expand
[dbg   810.923 ms] merge: merge_serial begin
[dbg   817.621 ms] [merge] merge
[dbg   817.879 ms] [merge] final
[dbg   818.202 ms] [merge] compact
[dbg   818.286 ms] [merge] pack
[dbg   818.977 ms] [merge] d2h
[dbg   819.319 ms] T4b merge self_product: done (C_nnz=1965686)
[dbg   819.337 ms] T4c merge2 self_product: start
[dbg   819.338 ms] [mrg2] start
[dbg   819.808 ms] [mrg2] h2d
[dbg   819.815 ms] merge2: count begin
[dbg   819.902 ms] [mrg2] count
[dbg   819.940 ms] [mrg2] scan
[dbg   820.056 ms] merge2: merge_warp begin (30850506 intermediates)
[dbg   820.995 ms] [mrg2] merge
[dbg   821.031 ms] [mrg2] final
[dbg   821.343 ms] [mrg2] compact
[dbg   821.425 ms] [mrg2] pack
[dbg   822.110 ms] [mrg2] d2h
[dbg   822.423 ms] T4c merge2 self_product: done (C_nnz=1965686)
Reading matrix from ./data/first100/bcsstk29.mtx...
Input A: 13992 x 13992, nnz = 619488, sparsity = 99.68%
===============WARMING UP (3 rounds)===============
=== Computing C = A x A (cuSPARSE) ===
Result C: 13992 x 13992, nnz = 1965686, sparsity = 99.00%
Time: 4.387 ms

=== Computing C = A x A (Manual) ===
Result C: 13992 x 13992, nnz = 1965686, sparsity = 99.00%
Time: 7.379 ms

=== Computing C = A x A (Merge) ===
Result C: 13992 x 13992, nnz = 1965686, sparsity = 99.00%
Time: 11.187 ms

=== Computing C = A x A (Merge2) ===
Result C: 13992 x 13992, nnz = 1965686, sparsity = 99.00%
Time: 3.089 ms

=== All tests completed ===
[47/100] Processing bcsstk30 ... (max 600s)
[dbg     0.000 ms] main entry, initializing CUDA context...
[dbg   478.386 ms] CUDA context ready
[dbg   478.546 ms] start read_matrix_market: ./data/first100/bcsstk30.mtx
[dbg   646.151 ms] read done: 28924 x 28924, nnz=2043492
[mempool] host pinned arena ready: 256 MB (USE_MEMPOOL=ON)
[dbg   793.717 ms] [cu] start
[dbg   802.369 ms] [cu] h2dmalloc (16463636 B)
[dbg   803.559 ms] [cu] h2d (16463636 B)
[dbg   803.678 ms] cusparse: workEstimation begin
[dbg   824.865 ms] [cu] workest (buf1=24559319 B)
[dbg   824.877 ms] cusparse: compute begin
[dbg   833.307 ms] [cu] compute (buf2=4167172983 B)
[dbg   833.319 ms] cusparse: C size = 28924 x 28924, nnz=8946070
[dbg   833.544 ms] cusparse: copy begin
[dbg   833.747 ms] [cu] copy
[dbg   833.897 ms] [cu] pack
[dbg   835.855 ms] self_product: C D2H begin (71684260 B)
[dbg   840.003 ms] [cu] d2h
[dbg   840.157 ms] [gust] start
[dbg   841.422 ms] [gust] h2d
[dbg   841.425 ms] ESC: count intermediates begin
[dbg   842.225 ms] [gust] count
[dbg   842.337 ms] [gust] scan
[dbg   842.593 ms] ESC: expand begin (173481412 intermediates)
[dbg   844.709 ms] [gust] expand
[dbg   844.711 ms] ESC: sort_by_key begin
[dbg   867.469 ms] [gust] sort
[dbg   867.641 ms] ESC: reduce_by_key begin
[dbg   869.470 ms] [gust] reduce
[dbg   872.110 ms] [gust] final
[dbg   872.188 ms] [gust] pack
[dbg   875.442 ms] [gust] d2h
[dbg   876.040 ms] [merge] start
[dbg   877.506 ms] [merge] h2d
[dbg   877.539 ms] merge: count begin
[dbg   877.627 ms] [merge] count
[dbg   877.670 ms] [merge] scan
[dbg   877.875 ms] merge: expand_serial begin (173481412 intermediates)
[dbg   886.417 ms] [merge] expand
[dbg   887.245 ms] merge: merge_serial begin
[dbg   964.463 ms] [merge] merge
[dbg   965.319 ms] [merge] final
[dbg   966.165 ms] [merge] compact
[dbg   966.249 ms] [merge] pack
[dbg   969.772 ms] [merge] d2h
[dbg   970.269 ms] [mrg2] start
[dbg   971.885 ms] [mrg2] h2d
[dbg   971.917 ms] merge2: count begin
[dbg   972.096 ms] [mrg2] count
[dbg   972.137 ms] [mrg2] scan
[dbg   972.304 ms] merge2: merge_warp begin (173481412 intermediates)
[dbg   981.904 ms] [mrg2] merge
[dbg   981.947 ms] [mrg2] final
[dbg   982.932 ms] [mrg2] compact
[dbg   983.020 ms] [mrg2] pack
[dbg   986.262 ms] [mrg2] d2h
[dbg   986.675 ms] [cu] start
[dbg   986.728 ms] [cu] h2dmalloc (16463636 B)
[dbg   987.445 ms] [cu] h2d (16463636 B)
[dbg   987.589 ms] cusparse: workEstimation begin
[dbg   987.743 ms] [cu] workest (buf1=24559319 B)
[dbg   987.746 ms] cusparse: compute begin
[dbg   995.505 ms] [cu] compute (buf2=4167172983 B)
[dbg   995.509 ms] cusparse: C size = 28924 x 28924, nnz=8946070
[dbg   995.625 ms] cusparse: copy begin
[dbg   995.761 ms] [cu] copy
[dbg   995.832 ms] [cu] pack
[dbg   997.541 ms] self_product: C D2H begin (71684260 B)
[dbg  1000.678 ms] [cu] d2h
[dbg  1000.820 ms] [gust] start
[dbg  1002.159 ms] [gust] h2d
[dbg  1002.162 ms] ESC: count intermediates begin
[dbg  1002.251 ms] [gust] count
[dbg  1002.292 ms] [gust] scan
[dbg  1002.482 ms] ESC: expand begin (173481412 intermediates)
[dbg  1004.568 ms] [gust] expand
[dbg  1004.570 ms] ESC: sort_by_key begin
[dbg  1027.712 ms] [gust] sort
[dbg  1027.879 ms] ESC: reduce_by_key begin
[dbg  1029.621 ms] [gust] reduce
[dbg  1032.255 ms] [gust] final
[dbg  1032.328 ms] [gust] pack
[dbg  1035.587 ms] [gust] d2h
[dbg  1036.229 ms] [merge] start
[dbg  1037.750 ms] [merge] h2d
[dbg  1037.779 ms] merge: count begin
[dbg  1037.866 ms] [merge] count
[dbg  1037.905 ms] [merge] scan
[dbg  1038.100 ms] merge: expand_serial begin (173481412 intermediates)
[dbg  1046.427 ms] [merge] expand
[dbg  1047.196 ms] merge: merge_serial begin
[dbg  1123.918 ms] [merge] merge
[dbg  1124.727 ms] [merge] final
[dbg  1125.534 ms] [merge] compact
[dbg  1125.614 ms] [merge] pack
[dbg  1129.266 ms] [merge] d2h
[dbg  1129.760 ms] [mrg2] start
[dbg  1131.305 ms] [mrg2] h2d
[dbg  1131.323 ms] merge2: count begin
[dbg  1131.498 ms] [mrg2] count
[dbg  1131.539 ms] [mrg2] scan
[dbg  1131.702 ms] merge2: merge_warp begin (173481412 intermediates)
[dbg  1141.213 ms] [mrg2] merge
[dbg  1141.251 ms] [mrg2] final
[dbg  1142.224 ms] [mrg2] compact
[dbg  1142.309 ms] [mrg2] pack
[dbg  1145.532 ms] [mrg2] d2h
[dbg  1145.950 ms] [cu] start
[dbg  1146.001 ms] [cu] h2dmalloc (16463636 B)
[dbg  1146.759 ms] [cu] h2d (16463636 B)
[dbg  1146.903 ms] cusparse: workEstimation begin
[dbg  1147.051 ms] [cu] workest (buf1=24559319 B)
[dbg  1147.055 ms] cusparse: compute begin
[dbg  1154.798 ms] [cu] compute (buf2=4167172983 B)
[dbg  1154.802 ms] cusparse: C size = 28924 x 28924, nnz=8946070
[dbg  1154.914 ms] cusparse: copy begin
[dbg  1155.049 ms] [cu] copy
[dbg  1155.118 ms] [cu] pack
[dbg  1156.876 ms] self_product: C D2H begin (71684260 B)
[dbg  1160.011 ms] [cu] d2h
[dbg  1160.148 ms] [gust] start
[dbg  1161.495 ms] [gust] h2d
[dbg  1161.497 ms] ESC: count intermediates begin
[dbg  1161.585 ms] [gust] count
[dbg  1161.624 ms] [gust] scan
[dbg  1161.818 ms] ESC: expand begin (173481412 intermediates)
[dbg  1163.911 ms] [gust] expand
[dbg  1163.913 ms] ESC: sort_by_key begin
[dbg  1187.007 ms] [gust] sort
[dbg  1187.168 ms] ESC: reduce_by_key begin
[dbg  1188.924 ms] [gust] reduce
[dbg  1191.524 ms] [gust] final
[dbg  1191.596 ms] [gust] pack
[dbg  1194.880 ms] [gust] d2h
[dbg  1195.465 ms] [merge] start
[dbg  1197.045 ms] [merge] h2d
[dbg  1197.063 ms] merge: count begin
[dbg  1197.149 ms] [merge] count
[dbg  1197.187 ms] [merge] scan
[dbg  1197.380 ms] merge: expand_serial begin (173481412 intermediates)
[dbg  1205.613 ms] [merge] expand
[dbg  1206.431 ms] merge: merge_serial begin
[dbg  1283.802 ms] [merge] merge
[dbg  1284.640 ms] [merge] final
[dbg  1285.447 ms] [merge] compact
[dbg  1285.526 ms] [merge] pack
[dbg  1289.145 ms] [merge] d2h
[dbg  1289.630 ms] [mrg2] start
[dbg  1291.217 ms] [mrg2] h2d
[dbg  1291.232 ms] merge2: count begin
[dbg  1291.408 ms] [mrg2] count
[dbg  1291.449 ms] [mrg2] scan
[dbg  1291.612 ms] merge2: merge_warp begin (173481412 intermediates)
[dbg  1301.201 ms] [mrg2] merge
[dbg  1301.240 ms] [mrg2] final
[dbg  1302.209 ms] [mrg2] compact
[dbg  1302.296 ms] [mrg2] pack
[dbg  1305.524 ms] [mrg2] d2h
[dbg  1305.935 ms] warmup done
[dbg  1305.952 ms] T1 cuSPARSE self_product: start
[dbg  1305.953 ms] [cu] start
[dbg  1306.007 ms] [cu] h2dmalloc (16463636 B)
[dbg  1306.744 ms] [cu] h2d (16463636 B)
[dbg  1306.891 ms] cusparse: workEstimation begin
[dbg  1307.048 ms] [cu] workest (buf1=24559319 B)
[dbg  1307.051 ms] cusparse: compute begin
[dbg  1314.787 ms] [cu] compute (buf2=4167172983 B)
[dbg  1314.792 ms] cusparse: C size = 28924 x 28924, nnz=8946070
[dbg  1314.905 ms] cusparse: copy begin
[dbg  1315.042 ms] [cu] copy
[dbg  1315.109 ms] [cu] pack
[dbg  1316.858 ms] self_product: C D2H begin (71684260 B)
[dbg  1319.982 ms] [cu] d2h
[dbg  1320.124 ms] T1 cuSPARSE self_product: done (C_nnz=8946070)
[dbg  1320.156 ms] T4 manual self_product: start
[dbg  1320.157 ms] [gust] start
[dbg  1321.477 ms] [gust] h2d
[dbg  1321.480 ms] ESC: count intermediates begin
[dbg  1321.567 ms] [gust] count
[dbg  1321.607 ms] [gust] scan
[dbg  1321.802 ms] ESC: expand begin (173481412 intermediates)
[dbg  1323.895 ms] [gust] expand
[dbg  1323.897 ms] ESC: sort_by_key begin
[dbg  1346.997 ms] [gust] sort
[dbg  1347.162 ms] ESC: reduce_by_key begin
[dbg  1348.905 ms] [gust] reduce
[dbg  1351.484 ms] [gust] final
[dbg  1351.556 ms] [gust] pack
[dbg  1354.814 ms] [gust] d2h
[dbg  1355.398 ms] T4 manual self_product: done (C_nnz=8946070)
[dbg  1355.416 ms] T4b merge self_product: start
[dbg  1355.417 ms] [merge] start
[dbg  1357.034 ms] [merge] h2d
[dbg  1357.050 ms] merge: count begin
[dbg  1357.137 ms] [merge] count
[dbg  1357.176 ms] [merge] scan
[dbg  1357.372 ms] merge: expand_serial begin (173481412 intermediates)
[dbg  1365.592 ms] [merge] expand
[dbg  1366.407 ms] merge: merge_serial begin
[dbg  1443.821 ms] [merge] merge
[dbg  1444.642 ms] [merge] final
[dbg  1445.447 ms] [merge] compact
[dbg  1445.525 ms] [merge] pack
[dbg  1449.256 ms] [merge] d2h
[dbg  1449.750 ms] T4b merge self_product: done (C_nnz=8946070)
[dbg  1449.771 ms] T4c merge2 self_product: start
[dbg  1449.773 ms] [mrg2] start
[dbg  1451.215 ms] [mrg2] h2d
[dbg  1451.230 ms] merge2: count begin
[dbg  1451.405 ms] [mrg2] count
[dbg  1451.445 ms] [mrg2] scan
[dbg  1451.612 ms] merge2: merge_warp begin (173481412 intermediates)
[dbg  1461.171 ms] [mrg2] merge
[dbg  1461.210 ms] [mrg2] final
[dbg  1462.176 ms] [mrg2] compact
[dbg  1462.262 ms] [mrg2] pack
[dbg  1465.475 ms] [mrg2] d2h
[dbg  1465.892 ms] T4c merge2 self_product: done (C_nnz=8946070)
Reading matrix from ./data/first100/bcsstk30.mtx...
Input A: 28924 x 28924, nnz = 2043492, sparsity = 99.76%
===============WARMING UP (3 rounds)===============
=== Computing C = A x A (cuSPARSE) ===
Result C: 28924 x 28924, nnz = 8946070, sparsity = 98.93%
Time: 14.186 ms

=== Computing C = A x A (Manual) ===
Result C: 28924 x 28924, nnz = 8946070, sparsity = 98.93%
Time: 35.245 ms

=== Computing C = A x A (Merge) ===
Result C: 28924 x 28924, nnz = 8946070, sparsity = 98.93%
Time: 94.337 ms

=== Computing C = A x A (Merge2) ===
Result C: 28924 x 28924, nnz = 8946070, sparsity = 98.93%
Time: 16.123 ms

=== All tests completed ===
[48/100] Processing bcsstk31 ... (max 600s)
[dbg     0.001 ms] main entry, initializing CUDA context...
[dbg   475.013 ms] CUDA context ready
[dbg   475.193 ms] start read_matrix_market: ./data/first100/bcsstk31.mtx
[dbg   579.214 ms] read done: 35588 x 35588, nnz=1181416
[mempool] host pinned arena ready: 256 MB (USE_MEMPOOL=ON)
[dbg   726.734 ms] [cu] start
[dbg   737.446 ms] [cu] h2dmalloc (9593684 B)
[dbg   738.164 ms] [cu] h2d (9593684 B)
[dbg   738.291 ms] cusparse: workEstimation begin
[dbg   763.620 ms] [cu] workest (buf1=14199047 B)
[dbg   763.635 ms] cusparse: compute begin
[dbg   768.744 ms] [cu] compute (buf2=1138996039 B)
[dbg   768.755 ms] cusparse: C size = 35588 x 35588, nnz=4713580
[dbg   768.962 ms] cusparse: copy begin
[dbg   769.135 ms] [cu] copy
[dbg   769.260 ms] [cu] pack
[dbg   770.099 ms] self_product: C D2H begin (37850996 B)
[dbg   772.756 ms] [cu] d2h
[dbg   772.894 ms] [gust] start
[dbg   773.371 ms] [gust] h2d
[dbg   773.373 ms] ESC: count intermediates begin
[dbg   774.249 ms] [gust] count
[dbg   774.359 ms] [gust] scan
[dbg   774.728 ms] ESC: expand begin (47416802 intermediates)
[dbg   775.209 ms] [gust] expand
[dbg   775.211 ms] ESC: sort_by_key begin
[dbg   781.260 ms] [gust] sort
[dbg   781.411 ms] ESC: reduce_by_key begin
[dbg   782.049 ms] [gust] reduce
[dbg   783.109 ms] [gust] final
[dbg   783.204 ms] [gust] pack
[dbg   784.619 ms] [gust] d2h
[dbg   784.986 ms] [merge] start
[dbg   785.802 ms] [merge] h2d
[dbg   785.840 ms] merge: count begin
[dbg   785.925 ms] [merge] count
[dbg   785.975 ms] [merge] scan
[dbg   786.165 ms] merge: expand_serial begin (47416802 intermediates)
[dbg   788.900 ms] [merge] expand
[dbg   789.115 ms] merge: merge_serial begin
[dbg   805.018 ms] [merge] merge
[dbg   805.343 ms] [merge] final
[dbg   805.796 ms] [merge] compact
[dbg   805.875 ms] [merge] pack
[dbg   807.297 ms] [merge] d2h
[dbg   807.672 ms] [mrg2] start
[dbg   808.583 ms] [mrg2] h2d
[dbg   808.620 ms] merge2: count begin
[dbg   808.735 ms] [mrg2] count
[dbg   808.777 ms] [mrg2] scan
[dbg   808.916 ms] merge2: merge_warp begin (47416802 intermediates)
[dbg   811.188 ms] [mrg2] merge
[dbg   811.230 ms] [mrg2] final
[dbg   811.657 ms] [mrg2] compact
[dbg   811.732 ms] [mrg2] pack
[dbg   813.153 ms] [mrg2] d2h
[dbg   813.480 ms] [cu] start
[dbg   813.536 ms] [cu] h2dmalloc (9593684 B)
[dbg   813.930 ms] [cu] h2d (9593684 B)
[dbg   813.991 ms] cusparse: workEstimation begin
[dbg   814.101 ms] [cu] workest (buf1=14199047 B)
[dbg   814.104 ms] cusparse: compute begin
[dbg   818.578 ms] [cu] compute (buf2=1138996039 B)
[dbg   818.582 ms] cusparse: C size = 35588 x 35588, nnz=4713580
[dbg   818.707 ms] cusparse: copy begin
[dbg   818.812 ms] [cu] copy
[dbg   818.887 ms] [cu] pack
[dbg   819.526 ms] self_product: C D2H begin (37850996 B)
[dbg   820.913 ms] [cu] d2h
[dbg   821.038 ms] [gust] start
[dbg   821.826 ms] [gust] h2d
[dbg   821.829 ms] ESC: count intermediates begin
[dbg   821.913 ms] [gust] count
[dbg   821.954 ms] [gust] scan
[dbg   822.097 ms] ESC: expand begin (47416802 intermediates)
[dbg   822.659 ms] [gust] expand
[dbg   822.660 ms] ESC: sort_by_key begin
[dbg   828.883 ms] [gust] sort
[dbg   829.017 ms] ESC: reduce_by_key begin
[dbg   829.551 ms] [gust] reduce
[dbg   830.491 ms] [gust] final
[dbg   830.672 ms] [gust] pack
[dbg   832.102 ms] [gust] d2h
[dbg   832.459 ms] [merge] start
[dbg   833.427 ms] [merge] h2d
[dbg   833.460 ms] merge: count begin
[dbg   833.542 ms] [merge] count
[dbg   833.582 ms] [merge] scan
[dbg   833.771 ms] merge: expand_serial begin (47416802 intermediates)
[dbg   836.205 ms] [merge] expand
[dbg   836.368 ms] merge: merge_serial begin
[dbg   852.332 ms] [merge] merge
[dbg   852.661 ms] [merge] final
[dbg   853.101 ms] [merge] compact
[dbg   853.176 ms] [merge] pack
[dbg   854.600 ms] [merge] d2h
[dbg   854.961 ms] [mrg2] start
[dbg   855.894 ms] [mrg2] h2d
[dbg   855.919 ms] merge2: count begin
[dbg   856.030 ms] [mrg2] count
[dbg   856.071 ms] [mrg2] scan
[dbg   856.204 ms] merge2: merge_warp begin (47416802 intermediates)
[dbg   858.445 ms] [mrg2] merge
[dbg   858.482 ms] [mrg2] final
[dbg   858.890 ms] [mrg2] compact
[dbg   858.962 ms] [mrg2] pack
[dbg   860.382 ms] [mrg2] d2h
[dbg   860.709 ms] [cu] start
[dbg   860.764 ms] [cu] h2dmalloc (9593684 B)
[dbg   861.160 ms] [cu] h2d (9593684 B)
[dbg   861.219 ms] cusparse: workEstimation begin
[dbg   861.328 ms] [cu] workest (buf1=14199047 B)
[dbg   861.331 ms] cusparse: compute begin
[dbg   865.806 ms] [cu] compute (buf2=1138996039 B)
[dbg   865.811 ms] cusparse: C size = 35588 x 35588, nnz=4713580
[dbg   865.925 ms] cusparse: copy begin
[dbg   866.029 ms] [cu] copy
[dbg   866.102 ms] [cu] pack
[dbg   866.748 ms] self_product: C D2H begin (37850996 B)
[dbg   868.121 ms] [cu] d2h
[dbg   868.234 ms] [gust] start
[dbg   869.049 ms] [gust] h2d
[dbg   869.051 ms] ESC: count intermediates begin
[dbg   869.137 ms] [gust] count
[dbg   869.176 ms] [gust] scan
[dbg   869.313 ms] ESC: expand begin (47416802 intermediates)
[dbg   869.879 ms] [gust] expand
[dbg   869.881 ms] ESC: sort_by_key begin
[dbg   876.108 ms] [gust] sort
[dbg   876.247 ms] ESC: reduce_by_key begin
[dbg   876.770 ms] [gust] reduce
[dbg   877.720 ms] [gust] final
[dbg   877.882 ms] [gust] pack
[dbg   879.297 ms] [gust] d2h
[dbg   879.661 ms] [merge] start
[dbg   880.650 ms] [merge] h2d
[dbg   880.673 ms] merge: count begin
[dbg   880.755 ms] [merge] count
[dbg   880.795 ms] [merge] scan
[dbg   880.991 ms] merge: expand_serial begin (47416802 intermediates)
[dbg   883.383 ms] [merge] expand
[dbg   883.573 ms] merge: merge_serial begin
[dbg   899.558 ms] [merge] merge
[dbg   899.922 ms] [merge] final
[dbg   900.366 ms] [merge] compact
[dbg   900.442 ms] [merge] pack
[dbg   901.870 ms] [merge] d2h
[dbg   902.244 ms] [mrg2] start
[dbg   903.124 ms] [mrg2] h2d
[dbg   903.143 ms] merge2: count begin
[dbg   903.254 ms] [mrg2] count
[dbg   903.304 ms] [mrg2] scan
[dbg   903.440 ms] merge2: merge_warp begin (47416802 intermediates)
[dbg   905.674 ms] [mrg2] merge
[dbg   905.711 ms] [mrg2] final
[dbg   906.114 ms] [mrg2] compact
[dbg   906.187 ms] [mrg2] pack
[dbg   907.594 ms] [mrg2] d2h
[dbg   907.915 ms] warmup done
[dbg   907.935 ms] T1 cuSPARSE self_product: start
[dbg   907.936 ms] [cu] start
[dbg   907.993 ms] [cu] h2dmalloc (9593684 B)
[dbg   908.368 ms] [cu] h2d (9593684 B)
[dbg   908.425 ms] cusparse: workEstimation begin
[dbg   908.536 ms] [cu] workest (buf1=14199047 B)
[dbg   908.540 ms] cusparse: compute begin
[dbg   913.017 ms] [cu] compute (buf2=1138996039 B)
[dbg   913.021 ms] cusparse: C size = 35588 x 35588, nnz=4713580
[dbg   913.136 ms] cusparse: copy begin
[dbg   913.241 ms] [cu] copy
[dbg   913.314 ms] [cu] pack
[dbg   913.987 ms] self_product: C D2H begin (37850996 B)
[dbg   915.366 ms] [cu] d2h
[dbg   915.479 ms] T1 cuSPARSE self_product: done (C_nnz=4713580)
[dbg   915.500 ms] T4 manual self_product: start
[dbg   915.501 ms] [gust] start
[dbg   916.288 ms] [gust] h2d
[dbg   916.290 ms] ESC: count intermediates begin
[dbg   916.375 ms] [gust] count
[dbg   916.415 ms] [gust] scan
[dbg   916.559 ms] ESC: expand begin (47416802 intermediates)
[dbg   917.123 ms] [gust] expand
[dbg   917.124 ms] ESC: sort_by_key begin
[dbg   923.360 ms] [gust] sort
[dbg   923.505 ms] ESC: reduce_by_key begin
[dbg   924.048 ms] [gust] reduce
[dbg   925.080 ms] [gust] final
[dbg   925.170 ms] [gust] pack
[dbg   926.587 ms] [gust] d2h
[dbg   926.945 ms] T4 manual self_product: done (C_nnz=4713580)
[dbg   926.966 ms] T4b merge self_product: start
[dbg   926.967 ms] [merge] start
[dbg   927.904 ms] [merge] h2d
[dbg   927.925 ms] merge: count begin
[dbg   928.018 ms] [merge] count
[dbg   928.059 ms] [merge] scan
[dbg   928.249 ms] merge: expand_serial begin (47416802 intermediates)
[dbg   930.660 ms] [merge] expand
[dbg   930.830 ms] merge: merge_serial begin
[dbg   946.670 ms] [merge] merge
[dbg   946.983 ms] [merge] final
[dbg   947.410 ms] [merge] compact
[dbg   947.484 ms] [merge] pack
[dbg   948.911 ms] [merge] d2h
[dbg   949.272 ms] T4b merge self_product: done (C_nnz=4713580)
[dbg   949.291 ms] T4c merge2 self_product: start
[dbg   949.292 ms] [mrg2] start
[dbg   950.221 ms] [mrg2] h2d
[dbg   950.238 ms] merge2: count begin
[dbg   950.351 ms] [mrg2] count
[dbg   950.390 ms] [mrg2] scan
[dbg   950.523 ms] merge2: merge_warp begin (47416802 intermediates)
[dbg   952.770 ms] [mrg2] merge
[dbg   952.807 ms] [mrg2] final
[dbg   953.209 ms] [mrg2] compact
[dbg   953.281 ms] [mrg2] pack
[dbg   954.696 ms] [mrg2] d2h
[dbg   955.016 ms] T4c merge2 self_product: done (C_nnz=4713580)
Reading matrix from ./data/first100/bcsstk31.mtx...
Input A: 35588 x 35588, nnz = 1181416, sparsity = 99.91%
===============WARMING UP (3 rounds)===============
=== Computing C = A x A (cuSPARSE) ===
Result C: 35588 x 35588, nnz = 4713580, sparsity = 99.63%
Time: 7.546 ms

=== Computing C = A x A (Manual) ===
Result C: 35588 x 35588, nnz = 4713580, sparsity = 99.63%
Time: 11.447 ms

=== Computing C = A x A (Merge) ===
Result C: 35588 x 35588, nnz = 4713580, sparsity = 99.63%
Time: 22.309 ms

=== Computing C = A x A (Merge2) ===
Result C: 35588 x 35588, nnz = 4713580, sparsity = 99.63%
Time: 5.728 ms

=== All tests completed ===
[49/100] Processing bcsstk32 ... (max 600s)
[dbg     0.001 ms] main entry, initializing CUDA context...
[dbg   484.643 ms] CUDA context ready
[dbg   484.813 ms] start read_matrix_market: ./data/first100/bcsstk32.mtx
[dbg   657.540 ms] read done: 44609 x 44609, nnz=2014701
[mempool] host pinned arena ready: 256 MB (USE_MEMPOOL=ON)
[dbg   806.632 ms] [cu] start
[dbg   816.206 ms] [cu] h2dmalloc (16296048 B)
[dbg   817.361 ms] [cu] h2d (16296048 B)
[dbg   817.480 ms] cusparse: workEstimation begin
[dbg   834.299 ms] [cu] workest (buf1=24213315 B)
[dbg   834.309 ms] cusparse: compute begin
[dbg   842.344 ms] [cu] compute (buf2=2442628271 B)
[dbg   842.351 ms] cusparse: C size = 44609 x 44609, nnz=6819653
[dbg   842.498 ms] cusparse: copy begin
[dbg   842.658 ms] [cu] copy
[dbg   842.763 ms] [cu] pack
[dbg   843.943 ms] self_product: C D2H begin (54735664 B)
[dbg   846.419 ms] [cu] d2h
[dbg   846.571 ms] [gust] start
[dbg   847.504 ms] [gust] h2d
[dbg   847.507 ms] ESC: count intermediates begin
[dbg   848.316 ms] [gust] count
[dbg   848.425 ms] [gust] scan
[dbg   848.623 ms] ESC: expand begin (101687697 intermediates)
[dbg   849.861 ms] [gust] expand
[dbg   849.864 ms] ESC: sort_by_key begin
[dbg   863.098 ms] [gust] sort
[dbg   863.288 ms] ESC: reduce_by_key begin
[dbg   864.424 ms] [gust] reduce
[dbg   866.006 ms] [gust] final
[dbg   866.100 ms] [gust] pack
[dbg   868.622 ms] [gust] d2h
[dbg   869.241 ms] [merge] start
[dbg   869.990 ms] [merge] h2d
[dbg   870.043 ms] merge: count begin
[dbg   870.134 ms] [merge] count
[dbg   870.186 ms] [merge] scan
[dbg   870.337 ms] merge: expand_serial begin (101687697 intermediates)
[dbg   875.475 ms] [merge] expand
[dbg   875.896 ms] merge: merge_serial begin
[dbg   905.837 ms] [merge] merge
[dbg   906.385 ms] [merge] final
[dbg   906.997 ms] [merge] compact
[dbg   907.073 ms] [merge] pack
[dbg   909.633 ms] [merge] d2h
[dbg   910.116 ms] [mrg2] start
[dbg   910.963 ms] [mrg2] h2d
[dbg   911.011 ms] merge2: count begin
[dbg   911.104 ms] [mrg2] count
[dbg   911.148 ms] [mrg2] scan
[dbg   911.301 ms] merge2: merge_warp begin (101687697 intermediates)
[dbg   915.664 ms] [mrg2] merge
[dbg   915.704 ms] [mrg2] final
[dbg   916.399 ms] [mrg2] compact
[dbg   916.468 ms] [mrg2] pack
[dbg   918.966 ms] [mrg2] d2h
[dbg   919.390 ms] [cu] start
[dbg   919.459 ms] [cu] h2dmalloc (16296048 B)
[dbg   920.154 ms] [cu] h2d (16296048 B)
[dbg   920.230 ms] cusparse: workEstimation begin
[dbg   920.348 ms] [cu] workest (buf1=24213315 B)
[dbg   920.351 ms] cusparse: compute begin
[dbg   927.992 ms] [cu] compute (buf2=2442628271 B)
[dbg   927.996 ms] cusparse: C size = 44609 x 44609, nnz=6819653
[dbg   928.100 ms] cusparse: copy begin
[dbg   928.221 ms] [cu] copy
[dbg   928.291 ms] [cu] pack
[dbg   929.427 ms] self_product: C D2H begin (54735664 B)
[dbg   931.860 ms] [cu] d2h
[dbg   931.994 ms] [gust] start
[dbg   933.002 ms] [gust] h2d
[dbg   933.005 ms] ESC: count intermediates begin
[dbg   933.096 ms] [gust] count
[dbg   933.135 ms] [gust] scan
[dbg   933.280 ms] ESC: expand begin (101687697 intermediates)
[dbg   934.502 ms] [gust] expand
[dbg   934.504 ms] ESC: sort_by_key begin
[dbg   947.823 ms] [gust] sort
[dbg   947.997 ms] ESC: reduce_by_key begin
[dbg   949.051 ms] [gust] reduce
[dbg   950.576 ms] [gust] final
[dbg   950.666 ms] [gust] pack
[dbg   953.150 ms] [gust] d2h
[dbg   953.640 ms] [merge] start
[dbg   954.715 ms] [merge] h2d
[dbg   954.757 ms] merge: count begin
[dbg   954.846 ms] [merge] count
[dbg   954.886 ms] [merge] scan
[dbg   955.038 ms] merge: expand_serial begin (101687697 intermediates)
[dbg   959.929 ms] [merge] expand
[dbg   960.313 ms] merge: merge_serial begin
[dbg   990.282 ms] [merge] merge
[dbg   990.829 ms] [merge] final
[dbg   991.427 ms] [merge] compact
[dbg   991.497 ms] [merge] pack
[dbg   994.033 ms] [merge] d2h
[dbg   994.505 ms] [mrg2] start
[dbg   995.413 ms] [mrg2] h2d
[dbg   995.449 ms] merge2: count begin
[dbg   995.538 ms] [mrg2] count
[dbg   995.579 ms] [mrg2] scan
[dbg   995.725 ms] merge2: merge_warp begin (101687697 intermediates)
[dbg  1000.028 ms] [mrg2] merge
[dbg  1000.066 ms] [mrg2] final
[dbg  1000.750 ms] [mrg2] compact
[dbg  1000.818 ms] [mrg2] pack
[dbg  1003.333 ms] [mrg2] d2h
[dbg  1003.757 ms] [cu] start
[dbg  1003.826 ms] [cu] h2dmalloc (16296048 B)
[dbg  1004.523 ms] [cu] h2d (16296048 B)
[dbg  1004.588 ms] cusparse: workEstimation begin
[dbg  1004.708 ms] [cu] workest (buf1=24213315 B)
[dbg  1004.711 ms] cusparse: compute begin
[dbg  1012.356 ms] [cu] compute (buf2=2442628271 B)
[dbg  1012.361 ms] cusparse: C size = 44609 x 44609, nnz=6819653
[dbg  1012.464 ms] cusparse: copy begin
[dbg  1012.584 ms] [cu] copy
[dbg  1012.653 ms] [cu] pack
[dbg  1013.749 ms] self_product: C D2H begin (54735664 B)
[dbg  1016.185 ms] [cu] d2h
[dbg  1016.317 ms] [gust] start
[dbg  1017.324 ms] [gust] h2d
[dbg  1017.327 ms] ESC: count intermediates begin
[dbg  1017.416 ms] [gust] count
[dbg  1017.456 ms] [gust] scan
[dbg  1017.599 ms] ESC: expand begin (101687697 intermediates)
[dbg  1018.826 ms] [gust] expand
[dbg  1018.828 ms] ESC: sort_by_key begin
[dbg  1032.207 ms] [gust] sort
[dbg  1032.377 ms] ESC: reduce_by_key begin
[dbg  1033.431 ms] [gust] reduce
[dbg  1034.982 ms] [gust] final
[dbg  1035.070 ms] [gust] pack
[dbg  1037.566 ms] [gust] d2h
[dbg  1038.053 ms] [merge] start
[dbg  1039.104 ms] [merge] h2d
[dbg  1039.129 ms] merge: count begin
[dbg  1039.220 ms] [merge] count
[dbg  1039.261 ms] [merge] scan
[dbg  1039.404 ms] merge: expand_serial begin (101687697 intermediates)
[dbg  1044.259 ms] [merge] expand
[dbg  1044.626 ms] merge: merge_serial begin
[dbg  1074.753 ms] [merge] merge
[dbg  1075.346 ms] [merge] final
[dbg  1075.962 ms] [merge] compact
[dbg  1076.035 ms] [merge] pack
[dbg  1078.603 ms] [merge] d2h
[dbg  1079.090 ms] [mrg2] start
[dbg  1079.918 ms] [mrg2] h2d
[dbg  1079.942 ms] merge2: count begin
[dbg  1080.033 ms] [mrg2] count
[dbg  1080.074 ms] [mrg2] scan
[dbg  1080.225 ms] merge2: merge_warp begin (101687697 intermediates)
[dbg  1084.540 ms] [mrg2] merge
[dbg  1084.580 ms] [mrg2] final
[dbg  1085.267 ms] [mrg2] compact
[dbg  1085.337 ms] [mrg2] pack
[dbg  1087.828 ms] [mrg2] d2h
[dbg  1088.254 ms] warmup done
[dbg  1088.273 ms] T1 cuSPARSE self_product: start
[dbg  1088.274 ms] [cu] start
[dbg  1088.350 ms] [cu] h2dmalloc (16296048 B)
[dbg  1089.016 ms] [cu] h2d (16296048 B)
[dbg  1089.078 ms] cusparse: workEstimation begin
[dbg  1089.201 ms] [cu] workest (buf1=24213315 B)
[dbg  1089.204 ms] cusparse: compute begin
[dbg  1096.825 ms] [cu] compute (buf2=2442628271 B)
[dbg  1096.830 ms] cusparse: C size = 44609 x 44609, nnz=6819653
[dbg  1096.951 ms] cusparse: copy begin
[dbg  1097.074 ms] [cu] copy
[dbg  1097.143 ms] [cu] pack
[dbg  1098.268 ms] self_product: C D2H begin (54735664 B)
[dbg  1100.701 ms] [cu] d2h
[dbg  1100.833 ms] T1 cuSPARSE self_product: done (C_nnz=6819653)
[dbg  1100.857 ms] T4 manual self_product: start
[dbg  1100.858 ms] [gust] start
[dbg  1101.841 ms] [gust] h2d
[dbg  1101.844 ms] ESC: count intermediates begin
[dbg  1101.934 ms] [gust] count
[dbg  1101.986 ms] [gust] scan
[dbg  1102.131 ms] ESC: expand begin (101687697 intermediates)
[dbg  1103.354 ms] [gust] expand
[dbg  1103.356 ms] ESC: sort_by_key begin
[dbg  1116.690 ms] [gust] sort
[dbg  1116.873 ms] ESC: reduce_by_key begin
[dbg  1117.921 ms] [gust] reduce
[dbg  1119.447 ms] [gust] final
[dbg  1119.537 ms] [gust] pack
[dbg  1122.040 ms] [gust] d2h
[dbg  1122.531 ms] T4 manual self_product: done (C_nnz=6819653)
[dbg  1122.549 ms] T4b merge self_product: start
[dbg  1122.550 ms] [merge] start
[dbg  1123.578 ms] [merge] h2d
[dbg  1123.599 ms] merge: count begin
[dbg  1123.689 ms] [merge] count
[dbg  1123.729 ms] [merge] scan
[dbg  1123.878 ms] merge: expand_serial begin (101687697 intermediates)
[dbg  1128.747 ms] [merge] expand
[dbg  1129.157 ms] merge: merge_serial begin
[dbg  1159.116 ms] [merge] merge
[dbg  1159.632 ms] [merge] final
[dbg  1160.213 ms] [merge] compact
[dbg  1160.283 ms] [merge] pack
[dbg  1162.810 ms] [merge] d2h
[dbg  1163.289 ms] T4b merge self_product: done (C_nnz=6819653)
[dbg  1163.306 ms] T4c merge2 self_product: start
[dbg  1163.307 ms] [mrg2] start
[dbg  1164.221 ms] [mrg2] h2d
[dbg  1164.240 ms] merge2: count begin
[dbg  1164.329 ms] [mrg2] count
[dbg  1164.370 ms] [mrg2] scan
[dbg  1164.516 ms] merge2: merge_warp begin (101687697 intermediates)
[dbg  1168.785 ms] [mrg2] merge
[dbg  1168.823 ms] [mrg2] final
[dbg  1169.539 ms] [mrg2] compact
[dbg  1169.607 ms] [mrg2] pack
[dbg  1172.098 ms] [mrg2] d2h
[dbg  1172.521 ms] T4c merge2 self_product: done (C_nnz=6819653)
Reading matrix from ./data/first100/bcsstk32.mtx...
Input A: 44609 x 44609, nnz = 2014701, sparsity = 99.90%
===============WARMING UP (3 rounds)===============
=== Computing C = A x A (cuSPARSE) ===
Result C: 44609 x 44609, nnz = 6819653, sparsity = 99.66%
Time: 12.567 ms

=== Computing C = A x A (Manual) ===
Result C: 44609 x 44609, nnz = 6819653, sparsity = 99.66%
Time: 21.676 ms

=== Computing C = A x A (Merge) ===
Result C: 44609 x 44609, nnz = 6819653, sparsity = 99.66%
Time: 40.742 ms

=== Computing C = A x A (Merge2) ===
Result C: 44609 x 44609, nnz = 6819653, sparsity = 99.66%
Time: 9.217 ms

=== All tests completed ===
[50/100] Processing bcsstk33 ... (max 600s)
[dbg     0.000 ms] main entry, initializing CUDA context...
[dbg   478.508 ms] CUDA context ready
[dbg   478.675 ms] start read_matrix_market: ./data/first100/bcsstk33.mtx
[dbg   525.039 ms] read done: 8738 x 8738, nnz=591904
[mempool] host pinned arena ready: 256 MB (USE_MEMPOOL=ON)
[dbg   672.676 ms] [cu] start
[dbg   681.899 ms] [cu] h2dmalloc (4770188 B)
[dbg   682.295 ms] [cu] h2d (4770188 B)
[dbg   682.433 ms] cusparse: workEstimation begin
[dbg   705.924 ms] [cu] workest (buf1=7114407 B)
[dbg   705.936 ms] cusparse: compute begin
[dbg   709.032 ms] [cu] compute (buf2=1017574375 B)
[dbg   709.043 ms] cusparse: C size = 8738 x 8738, nnz=2569536
[dbg   709.273 ms] cusparse: copy begin
[dbg   709.419 ms] [cu] copy
[dbg   709.557 ms] [cu] pack
[dbg   710.397 ms] self_product: C D2H begin (20591244 B)
[dbg   712.031 ms] [cu] d2h
[dbg   712.226 ms] [gust] start
[dbg   713.465 ms] [gust] h2d
[dbg   713.469 ms] ESC: count intermediates begin
[dbg   715.367 ms] [gust] count
[dbg   715.516 ms] [gust] scan
[dbg   715.813 ms] ESC: expand begin (42361950 intermediates)
[dbg   716.326 ms] [gust] expand
[dbg   716.329 ms] ESC: sort_by_key begin
[dbg   721.960 ms] [gust] sort
[dbg   722.127 ms] ESC: reduce_by_key begin
[dbg   722.753 ms] [gust] reduce
[dbg   724.017 ms] [gust] final
[dbg   724.120 ms] [gust] pack
[dbg   725.761 ms] [gust] d2h
[dbg   726.296 ms] [merge] start
[dbg   726.626 ms] [merge] h2d
[dbg   726.644 ms] merge: count begin
[dbg   726.740 ms] [merge] count
[dbg   726.798 ms] [merge] scan
[dbg   726.968 ms] merge: expand_serial begin (42361950 intermediates)
[dbg   729.451 ms] [merge] expand
[dbg   729.587 ms] merge: merge_serial begin
[dbg   746.538 ms] [merge] merge
[dbg   746.898 ms] [merge] final
[dbg   747.282 ms] [merge] compact
[dbg   747.356 ms] [merge] pack
[dbg   748.316 ms] [merge] d2h
[dbg   748.717 ms] [mrg2] start
[dbg   749.012 ms] [mrg2] h2d
[dbg   749.021 ms] merge2: count begin
[dbg   749.106 ms] [mrg2] count
[dbg   749.150 ms] [mrg2] scan
[dbg   749.297 ms] merge2: merge_warp begin (42361950 intermediates)
[dbg   751.555 ms] [mrg2] merge
[dbg   751.597 ms] [mrg2] final
[dbg   752.007 ms] [mrg2] compact
[dbg   752.079 ms] [mrg2] pack
[dbg   753.010 ms] [mrg2] d2h
[dbg   753.359 ms] [cu] start
[dbg   753.414 ms] [cu] h2dmalloc (4770188 B)
[dbg   753.609 ms] [cu] h2d (4770188 B)
[dbg   753.671 ms] cusparse: workEstimation begin
[dbg   753.781 ms] [cu] workest (buf1=7114407 B)
[dbg   753.790 ms] cusparse: compute begin
[dbg   756.083 ms] [cu] compute (buf2=1017574375 B)
[dbg   756.087 ms] cusparse: C size = 8738 x 8738, nnz=2569536
[dbg   756.208 ms] cusparse: copy begin
[dbg   756.267 ms] [cu] copy
[dbg   756.358 ms] [cu] pack
[dbg   757.003 ms] self_product: C D2H begin (20591244 B)
[dbg   757.922 ms] [cu] d2h
[dbg   758.054 ms] [gust] start
[dbg   759.127 ms] [gust] h2d
[dbg   759.130 ms] ESC: count intermediates begin
[dbg   759.211 ms] [gust] count
[dbg   759.254 ms] [gust] scan
[dbg   759.420 ms] ESC: expand begin (42361950 intermediates)
[dbg   759.956 ms] [gust] expand
[dbg   759.958 ms] ESC: sort_by_key begin
[dbg   765.554 ms] [gust] sort
[dbg   765.664 ms] ESC: reduce_by_key begin
[dbg   766.122 ms] [gust] reduce
[dbg   767.164 ms] [gust] final
[dbg   767.236 ms] [gust] pack
[dbg   768.175 ms] [gust] d2h
[dbg   768.546 ms] [merge] start
[dbg   768.886 ms] [merge] h2d
[dbg   768.893 ms] merge: count begin
[dbg   768.974 ms] [merge] count
[dbg   769.017 ms] [merge] scan
[dbg   769.181 ms] merge: expand_serial begin (42361950 intermediates)
[dbg   771.366 ms] [merge] expand
[dbg   771.559 ms] merge: merge_serial begin
[dbg   788.365 ms] [merge] merge
[dbg   788.701 ms] [merge] final
[dbg   789.073 ms] [merge] compact
[dbg   789.146 ms] [merge] pack
[dbg   790.090 ms] [merge] d2h
[dbg   790.464 ms] [mrg2] start
[dbg   790.829 ms] [mrg2] h2d
[dbg   790.835 ms] merge2: count begin
[dbg   790.940 ms] [mrg2] count
[dbg   790.984 ms] [mrg2] scan
[dbg   791.127 ms] merge2: merge_warp begin (42361950 intermediates)
[dbg   793.357 ms] [mrg2] merge
[dbg   793.397 ms] [mrg2] final
[dbg   793.792 ms] [mrg2] compact
[dbg   793.863 ms] [mrg2] pack
[dbg   794.793 ms] [mrg2] d2h
[dbg   795.140 ms] [cu] start
[dbg   795.196 ms] [cu] h2dmalloc (4770188 B)
[dbg   795.391 ms] [cu] h2d (4770188 B)
[dbg   795.450 ms] cusparse: workEstimation begin
[dbg   795.554 ms] [cu] workest (buf1=7114407 B)
[dbg   795.558 ms] cusparse: compute begin
[dbg   797.850 ms] [cu] compute (buf2=1017574375 B)
[dbg   797.854 ms] cusparse: C size = 8738 x 8738, nnz=2569536
[dbg   797.971 ms] cusparse: copy begin
[dbg   798.027 ms] [cu] copy
[dbg   798.116 ms] [cu] pack
[dbg   798.741 ms] self_product: C D2H begin (20591244 B)
[dbg   799.655 ms] [cu] d2h
[dbg   799.790 ms] [gust] start
[dbg   800.868 ms] [gust] h2d
[dbg   800.872 ms] ESC: count intermediates begin
[dbg   800.952 ms] [gust] count
[dbg   800.992 ms] [gust] scan
[dbg   801.154 ms] ESC: expand begin (42361950 intermediates)
[dbg   801.687 ms] [gust] expand
[dbg   801.689 ms] ESC: sort_by_key begin
[dbg   807.319 ms] [gust] sort
[dbg   807.429 ms] ESC: reduce_by_key begin
[dbg   807.900 ms] [gust] reduce
[dbg   808.955 ms] [gust] final
[dbg   809.028 ms] [gust] pack
[dbg   809.960 ms] [gust] d2h
[dbg   810.328 ms] [merge] start
[dbg   810.649 ms] [merge] h2d
[dbg   810.656 ms] merge: count begin
[dbg   810.735 ms] [merge] count
[dbg   810.774 ms] [merge] scan
[dbg   810.945 ms] merge: expand_serial begin (42361950 intermediates)
[dbg   813.080 ms] [merge] expand
[dbg   813.276 ms] merge: merge_serial begin
[dbg   830.395 ms] [merge] merge
[dbg   830.729 ms] [merge] final
[dbg   831.116 ms] [merge] compact
[dbg   831.187 ms] [merge] pack
[dbg   832.127 ms] [merge] d2h
[dbg   832.494 ms] [mrg2] start
[dbg   832.857 ms] [mrg2] h2d
[dbg   832.862 ms] merge2: count begin
[dbg   832.968 ms] [mrg2] count
[dbg   833.016 ms] [mrg2] scan
[dbg   833.159 ms] merge2: merge_warp begin (42361950 intermediates)
[dbg   835.372 ms] [mrg2] merge
[dbg   835.413 ms] [mrg2] final
[dbg   835.813 ms] [mrg2] compact
[dbg   835.884 ms] [mrg2] pack
[dbg   836.810 ms] [mrg2] d2h
[dbg   837.154 ms] warmup done
[dbg   837.170 ms] T1 cuSPARSE self_product: start
[dbg   837.172 ms] [cu] start
[dbg   837.237 ms] [cu] h2dmalloc (4770188 B)
[dbg   837.433 ms] [cu] h2d (4770188 B)
[dbg   837.494 ms] cusparse: workEstimation begin
[dbg   837.600 ms] [cu] workest (buf1=7114407 B)
[dbg   837.603 ms] cusparse: compute begin
[dbg   839.894 ms] [cu] compute (buf2=1017574375 B)
[dbg   839.898 ms] cusparse: C size = 8738 x 8738, nnz=2569536
[dbg   840.014 ms] cusparse: copy begin
[dbg   840.067 ms] [cu] copy
[dbg   840.158 ms] [cu] pack
[dbg   840.792 ms] self_product: C D2H begin (20591244 B)
[dbg   841.703 ms] [cu] d2h
[dbg   841.835 ms] T1 cuSPARSE self_product: done (C_nnz=2569536)
[dbg   841.860 ms] T4 manual self_product: start
[dbg   841.863 ms] [gust] start
[dbg   842.914 ms] [gust] h2d
[dbg   842.917 ms] ESC: count intermediates begin
[dbg   842.998 ms] [gust] count
[dbg   843.038 ms] [gust] scan
[dbg   843.200 ms] ESC: expand begin (42361950 intermediates)
[dbg   843.739 ms] [gust] expand
[dbg   843.741 ms] ESC: sort_by_key begin
[dbg   849.380 ms] [gust] sort
[dbg   849.490 ms] ESC: reduce_by_key begin
[dbg   849.952 ms] [gust] reduce
[dbg   850.995 ms] [gust] final
[dbg   851.066 ms] [gust] pack
[dbg   851.996 ms] [gust] d2h
[dbg   852.373 ms] T4 manual self_product: done (C_nnz=2569536)
[dbg   852.394 ms] T4b merge self_product: start
[dbg   852.395 ms] [merge] start
[dbg   852.708 ms] [merge] h2d
[dbg   852.713 ms] merge: count begin
[dbg   852.794 ms] [merge] count
[dbg   852.834 ms] [merge] scan
[dbg   852.996 ms] merge: expand_serial begin (42361950 intermediates)
[dbg   855.150 ms] [merge] expand
[dbg   855.341 ms] merge: merge_serial begin
[dbg   872.736 ms] [merge] merge
[dbg   873.081 ms] [merge] final
[dbg   873.441 ms] [merge] compact
[dbg   873.512 ms] [merge] pack
[dbg   874.447 ms] [merge] d2h
[dbg   874.815 ms] T4b merge self_product: done (C_nnz=2569536)
[dbg   874.833 ms] T4c merge2 self_product: start
[dbg   874.835 ms] [mrg2] start
[dbg   875.203 ms] [mrg2] h2d
[dbg   875.209 ms] merge2: count begin
[dbg   875.313 ms] [mrg2] count
[dbg   875.359 ms] [mrg2] scan
[dbg   875.508 ms] merge2: merge_warp begin (42361950 intermediates)
[dbg   877.720 ms] [mrg2] merge
[dbg   877.761 ms] [mrg2] final
[dbg   878.158 ms] [mrg2] compact
[dbg   878.228 ms] [mrg2] pack
[dbg   879.166 ms] [mrg2] d2h
[dbg   879.516 ms] T4c merge2 self_product: done (C_nnz=2569536)
Reading matrix from ./data/first100/bcsstk33.mtx...
Input A: 8738 x 8738, nnz = 591904, sparsity = 99.22%
===============WARMING UP (3 rounds)===============
=== Computing C = A x A (cuSPARSE) ===
Result C: 8738 x 8738, nnz = 2569536, sparsity = 96.63%
Time: 4.668 ms

=== Computing C = A x A (Manual) ===
Result C: 8738 x 8738, nnz = 2569536, sparsity = 96.63%
Time: 10.516 ms

=== Computing C = A x A (Merge) ===
Result C: 8738 x 8738, nnz = 2569536, sparsity = 96.63%
Time: 22.424 ms

=== Computing C = A x A (Merge2) ===
Result C: 8738 x 8738, nnz = 2569536, sparsity = 96.63%
Time: 4.686 ms

=== All tests completed ===
[51/100] Processing bcsstm01 ... (max 600s)
[dbg     0.001 ms] main entry, initializing CUDA context...
[dbg   472.033 ms] CUDA context ready
[dbg   472.201 ms] start read_matrix_market: ./data/first100/bcsstm01.mtx
[dbg   473.571 ms] read done: 48 x 48, nnz=48
[mempool] host pinned arena ready: 256 MB (USE_MEMPOOL=ON)
[dbg   619.975 ms] [cu] start
[dbg   627.990 ms] [cu] h2dmalloc (580 B)
[dbg   628.051 ms] [cu] h2d (580 B)
[dbg   628.091 ms] cusparse: workEstimation begin
[dbg   652.576 ms] [cu] workest (buf1=1639 B)
[dbg   652.589 ms] cusparse: compute begin
[dbg   653.223 ms] [cu] compute (buf2=6495 B)
[dbg   653.229 ms] cusparse: C size = 48 x 48, nnz=48
[dbg   653.238 ms] cusparse: copy begin
[dbg   653.338 ms] [cu] copy
[dbg   653.366 ms] [cu] pack
[dbg   653.399 ms] self_product: C D2H begin (580 B)
[dbg   653.410 ms] [cu] d2h
[dbg   653.608 ms] [gust] start
[dbg   653.728 ms] [gust] h2d
[dbg   653.732 ms] ESC: count intermediates begin
[dbg   655.331 ms] [gust] count
[dbg   655.642 ms] [gust] scan
[dbg   655.656 ms] ESC: expand begin (48 intermediates)
[dbg   655.691 ms] [gust] expand
[dbg   655.692 ms] ESC: sort_by_key begin
[dbg   655.776 ms] [gust] sort
[dbg   655.794 ms] ESC: reduce_by_key begin
[dbg   655.965 ms] [gust] reduce
[dbg   656.035 ms] [gust] final
[dbg   656.056 ms] [gust] pack
[dbg   656.067 ms] [gust] d2h
[dbg   656.207 ms] [merge] start
[dbg   656.304 ms] [merge] h2d
[dbg   656.308 ms] merge: count begin
[dbg   656.325 ms] [merge] count
[dbg   656.366 ms] [merge] scan
[dbg   656.372 ms] merge: expand_serial begin (48 intermediates)
[dbg   656.834 ms] [merge] expand
[dbg   656.847 ms] merge: merge_serial begin
[dbg   656.884 ms] [merge] merge
[dbg   656.932 ms] [merge] final
[dbg   656.972 ms] [merge] compact
[dbg   656.991 ms] [merge] pack
[dbg   657.009 ms] [merge] d2h
[dbg   657.142 ms] [mrg2] start
[dbg   657.240 ms] [mrg2] h2d
[dbg   657.243 ms] merge2: count begin
[dbg   657.259 ms] [mrg2] count
[dbg   657.300 ms] [mrg2] scan
[dbg   657.309 ms] merge2: merge_warp begin (48 intermediates)
[dbg   657.355 ms] [mrg2] merge
[dbg   657.404 ms] [mrg2] final
[dbg   657.428 ms] [mrg2] compact
[dbg   657.447 ms] [mrg2] pack
[dbg   657.457 ms] [mrg2] d2h
[dbg   657.553 ms] [cu] start
[dbg   657.625 ms] [cu] h2dmalloc (580 B)
[dbg   657.637 ms] [cu] h2d (580 B)
[dbg   657.646 ms] cusparse: workEstimation begin
[dbg   657.704 ms] [cu] workest (buf1=1639 B)
[dbg   657.707 ms] cusparse: compute begin
[dbg   657.864 ms] [cu] compute (buf2=6495 B)
[dbg   657.866 ms] cusparse: C size = 48 x 48, nnz=48
[dbg   657.872 ms] cusparse: copy begin
[dbg   657.918 ms] [cu] copy
[dbg   657.936 ms] [cu] pack
[dbg   657.952 ms] self_product: C D2H begin (580 B)
[dbg   657.960 ms] [cu] d2h
[dbg   658.042 ms] [gust] start
[dbg   658.120 ms] [gust] h2d
[dbg   658.121 ms] ESC: count intermediates begin
[dbg   658.137 ms] [gust] count
[dbg   658.175 ms] [gust] scan
[dbg   658.180 ms] ESC: expand begin (48 intermediates)
[dbg   658.194 ms] [gust] expand
[dbg   658.195 ms] ESC: sort_by_key begin
[dbg   658.239 ms] [gust] sort
[dbg   658.251 ms] ESC: reduce_by_key begin
[dbg   658.293 ms] [gust] reduce
[dbg   658.349 ms] [gust] final
[dbg   658.367 ms] [gust] pack
[dbg   658.377 ms] [gust] d2h
[dbg   658.482 ms] [merge] start
[dbg   658.558 ms] [merge] h2d
[dbg   658.561 ms] merge: count begin
[dbg   658.577 ms] [merge] count
[dbg   658.615 ms] [merge] scan
[dbg   658.621 ms] merge: expand_serial begin (48 intermediates)
[dbg   658.634 ms] [merge] expand
[dbg   658.641 ms] merge: merge_serial begin
[dbg   658.654 ms] [merge] merge
[dbg   658.693 ms] [merge] final
[dbg   658.716 ms] [merge] compact
[dbg   658.735 ms] [merge] pack
[dbg   658.745 ms] [merge] d2h
[dbg   658.831 ms] [mrg2] start
[dbg   658.902 ms] [mrg2] h2d
[dbg   658.905 ms] merge2: count begin
[dbg   658.920 ms] [mrg2] count
[dbg   658.956 ms] [mrg2] scan
[dbg   658.964 ms] merge2: merge_warp begin (48 intermediates)
[dbg   658.976 ms] [mrg2] merge
[dbg   659.010 ms] [mrg2] final
[dbg   659.031 ms] [mrg2] compact
[dbg   659.049 ms] [mrg2] pack
[dbg   659.060 ms] [mrg2] d2h
[dbg   659.145 ms] [cu] start
[dbg   659.205 ms] [cu] h2dmalloc (580 B)
[dbg   659.218 ms] [cu] h2d (580 B)
[dbg   659.224 ms] cusparse: workEstimation begin
[dbg   659.272 ms] [cu] workest (buf1=1639 B)
[dbg   659.275 ms] cusparse: compute begin
[dbg   659.437 ms] [cu] compute (buf2=6495 B)
[dbg   659.440 ms] cusparse: C size = 48 x 48, nnz=48
[dbg   659.446 ms] cusparse: copy begin
[dbg   659.489 ms] [cu] copy
[dbg   659.508 ms] [cu] pack
[dbg   659.523 ms] self_product: C D2H begin (580 B)
[dbg   659.532 ms] [cu] d2h
[dbg   659.619 ms] [gust] start
[dbg   659.696 ms] [gust] h2d
[dbg   659.699 ms] ESC: count intermediates begin
[dbg   659.715 ms] [gust] count
[dbg   659.753 ms] [gust] scan
[dbg   659.759 ms] ESC: expand begin (48 intermediates)
[dbg   659.772 ms] [gust] expand
[dbg   659.774 ms] ESC: sort_by_key begin
[dbg   659.817 ms] [gust] sort
[dbg   659.823 ms] ESC: reduce_by_key begin
[dbg   659.855 ms] [gust] reduce
[dbg   659.907 ms] [gust] final
[dbg   659.933 ms] [gust] pack
[dbg   659.942 ms] [gust] d2h
[dbg   660.033 ms] [merge] start
[dbg   660.106 ms] [merge] h2d
[dbg   660.109 ms] merge: count begin
[dbg   660.124 ms] [merge] count
[dbg   660.160 ms] [merge] scan
[dbg   660.167 ms] merge: expand_serial begin (48 intermediates)
[dbg   660.180 ms] [merge] expand
[dbg   660.186 ms] merge: merge_serial begin
[dbg   660.198 ms] [merge] merge
[dbg   660.236 ms] [merge] final
[dbg   660.258 ms] [merge] compact
[dbg   660.276 ms] [merge] pack
[dbg   660.285 ms] [merge] d2h
[dbg   660.370 ms] [mrg2] start
[dbg   660.455 ms] [mrg2] h2d
[dbg   660.458 ms] merge2: count begin
[dbg   660.473 ms] [mrg2] count
[dbg   660.510 ms] [mrg2] scan
[dbg   660.517 ms] merge2: merge_warp begin (48 intermediates)
[dbg   660.530 ms] [mrg2] merge
[dbg   660.564 ms] [mrg2] final
[dbg   660.586 ms] [mrg2] compact
[dbg   660.603 ms] [mrg2] pack
[dbg   660.613 ms] [mrg2] d2h
[dbg   660.700 ms] warmup done
[dbg   660.728 ms] T1 cuSPARSE self_product: start
[dbg   660.734 ms] [cu] start
[dbg   660.798 ms] [cu] h2dmalloc (580 B)
[dbg   660.812 ms] [cu] h2d (580 B)
[dbg   660.819 ms] cusparse: workEstimation begin
[dbg   660.871 ms] [cu] workest (buf1=1639 B)
[dbg   660.874 ms] cusparse: compute begin
[dbg   661.023 ms] [cu] compute (buf2=6495 B)
[dbg   661.026 ms] cusparse: C size = 48 x 48, nnz=48
[dbg   661.032 ms] cusparse: copy begin
[dbg   661.074 ms] [cu] copy
[dbg   661.094 ms] [cu] pack
[dbg   661.109 ms] self_product: C D2H begin (580 B)
[dbg   661.117 ms] [cu] d2h
[dbg   661.199 ms] T1 cuSPARSE self_product: done (C_nnz=48)
[dbg   661.230 ms] T4 manual self_product: start
[dbg   661.232 ms] [gust] start
[dbg   661.308 ms] [gust] h2d
[dbg   661.312 ms] ESC: count intermediates begin
[dbg   661.328 ms] [gust] count
[dbg   661.367 ms] [gust] scan
[dbg   661.377 ms] ESC: expand begin (48 intermediates)
[dbg   661.398 ms] [gust] expand
[dbg   661.399 ms] ESC: sort_by_key begin
[dbg   661.443 ms] [gust] sort
[dbg   661.450 ms] ESC: reduce_by_key begin
[dbg   661.483 ms] [gust] reduce
[dbg   661.547 ms] [gust] final
[dbg   661.565 ms] [gust] pack
[dbg   661.575 ms] [gust] d2h
[dbg   661.667 ms] T4 manual self_product: done (C_nnz=48)
[dbg   661.689 ms] T4b merge self_product: start
[dbg   661.691 ms] [merge] start
[dbg   661.766 ms] [merge] h2d
[dbg   661.769 ms] merge: count begin
[dbg   661.784 ms] [merge] count
[dbg   661.820 ms] [merge] scan
[dbg   661.828 ms] merge: expand_serial begin (48 intermediates)
[dbg   661.841 ms] [merge] expand
[dbg   661.848 ms] merge: merge_serial begin
[dbg   661.860 ms] [merge] merge
[dbg   661.899 ms] [merge] final
[dbg   661.923 ms] [merge] compact
[dbg   661.941 ms] [merge] pack
[dbg   661.950 ms] [merge] d2h
[dbg   662.038 ms] T4b merge self_product: done (C_nnz=48)
[dbg   662.055 ms] T4c merge2 self_product: start
[dbg   662.057 ms] [mrg2] start
[dbg   662.128 ms] [mrg2] h2d
[dbg   662.131 ms] merge2: count begin
[dbg   662.147 ms] [mrg2] count
[dbg   662.184 ms] [mrg2] scan
[dbg   662.191 ms] merge2: merge_warp begin (48 intermediates)
[dbg   662.204 ms] [mrg2] merge
[dbg   662.238 ms] [mrg2] final
[dbg   662.260 ms] [mrg2] compact
[dbg   662.277 ms] [mrg2] pack
[dbg   662.287 ms] [mrg2] d2h
[dbg   662.372 ms] T4c merge2 self_product: done (C_nnz=48)
Reading matrix from ./data/first100/bcsstm01.mtx...
Input A: 48 x 48, nnz = 48, sparsity = 97.92%
===============WARMING UP (3 rounds)===============
=== Computing C = A x A (cuSPARSE) ===
Result C: 48 x 48, nnz = 48, sparsity = 97.92%
Time: 0.474 ms

=== Computing C = A x A (Manual) ===
Result C: 48 x 48, nnz = 48, sparsity = 97.92%
Time: 0.440 ms

=== Computing C = A x A (Merge) ===
Result C: 48 x 48, nnz = 48, sparsity = 97.92%
Time: 0.352 ms

=== Computing C = A x A (Merge2) ===
Result C: 48 x 48, nnz = 48, sparsity = 97.92%
Time: 0.320 ms

=== All tests completed ===
[52/100] Processing bcsstm02 ... (max 600s)
[dbg     0.001 ms] main entry, initializing CUDA context...
[dbg   490.215 ms] CUDA context ready
[dbg   490.381 ms] start read_matrix_market: ./data/first100/bcsstm02.mtx
[dbg   491.800 ms] read done: 66 x 66, nnz=66
[mempool] host pinned arena ready: 256 MB (USE_MEMPOOL=ON)
[dbg   640.074 ms] [cu] start
[dbg   648.634 ms] [cu] h2dmalloc (796 B)
[dbg   648.688 ms] [cu] h2d (796 B)
[dbg   648.733 ms] cusparse: workEstimation begin
[dbg   676.380 ms] [cu] workest (buf1=1855 B)
[dbg   676.395 ms] cusparse: compute begin
[dbg   677.057 ms] [cu] compute (buf2=6999 B)
[dbg   677.063 ms] cusparse: C size = 66 x 66, nnz=66
[dbg   677.075 ms] cusparse: copy begin
[dbg   677.172 ms] [cu] copy
[dbg   677.199 ms] [cu] pack
[dbg   677.220 ms] self_product: C D2H begin (796 B)
[dbg   677.231 ms] [cu] d2h
[dbg   677.431 ms] [gust] start
[dbg   677.557 ms] [gust] h2d
[dbg   677.559 ms] ESC: count intermediates begin
[dbg   679.186 ms] [gust] count
[dbg   679.479 ms] [gust] scan
[dbg   679.491 ms] ESC: expand begin (66 intermediates)
[dbg   679.523 ms] [gust] expand
[dbg   679.524 ms] ESC: sort_by_key begin
[dbg   679.607 ms] [gust] sort
[dbg   679.617 ms] ESC: reduce_by_key begin
[dbg   679.776 ms] [gust] reduce
[dbg   679.847 ms] [gust] final
[dbg   679.865 ms] [gust] pack
[dbg   679.874 ms] [gust] d2h
[dbg   680.000 ms] [merge] start
[dbg   680.094 ms] [merge] h2d
[dbg   680.096 ms] merge: count begin
[dbg   680.112 ms] [merge] count
[dbg   680.160 ms] [merge] scan
[dbg   680.167 ms] merge: expand_serial begin (66 intermediates)
[dbg   680.624 ms] [merge] expand
[dbg   680.636 ms] merge: merge_serial begin
[dbg   680.671 ms] [merge] merge
[dbg   680.717 ms] [merge] final
[dbg   680.757 ms] [merge] compact
[dbg   680.776 ms] [merge] pack
[dbg   680.785 ms] [merge] d2h
[dbg   680.907 ms] [mrg2] start
[dbg   681.003 ms] [mrg2] h2d
[dbg   681.006 ms] merge2: count begin
[dbg   681.022 ms] [mrg2] count
[dbg   681.059 ms] [mrg2] scan
[dbg   681.067 ms] merge2: merge_warp begin (66 intermediates)
[dbg   681.117 ms] [mrg2] merge
[dbg   681.151 ms] [mrg2] final
[dbg   681.174 ms] [mrg2] compact
[dbg   681.192 ms] [mrg2] pack
[dbg   681.201 ms] [mrg2] d2h
[dbg   681.283 ms] [cu] start
[dbg   681.348 ms] [cu] h2dmalloc (796 B)
[dbg   681.359 ms] [cu] h2d (796 B)
[dbg   681.369 ms] cusparse: workEstimation begin
[dbg   681.434 ms] [cu] workest (buf1=1855 B)
[dbg   681.437 ms] cusparse: compute begin
[dbg   681.593 ms] [cu] compute (buf2=6999 B)
[dbg   681.596 ms] cusparse: C size = 66 x 66, nnz=66
[dbg   681.602 ms] cusparse: copy begin
[dbg   681.644 ms] [cu] copy
[dbg   681.662 ms] [cu] pack
[dbg   681.678 ms] self_product: C D2H begin (796 B)
[dbg   681.686 ms] [cu] d2h
[dbg   681.760 ms] [gust] start
[dbg   681.837 ms] [gust] h2d
[dbg   681.839 ms] ESC: count intermediates begin
[dbg   681.854 ms] [gust] count
[dbg   681.893 ms] [gust] scan
[dbg   681.898 ms] ESC: expand begin (66 intermediates)
[dbg   681.910 ms] [gust] expand
[dbg   681.911 ms] ESC: sort_by_key begin
[dbg   681.954 ms] [gust] sort
[dbg   681.960 ms] ESC: reduce_by_key begin
[dbg   681.998 ms] [gust] reduce
[dbg   682.052 ms] [gust] final
[dbg   682.070 ms] [gust] pack
[dbg   682.079 ms] [gust] d2h
[dbg   682.157 ms] [merge] start
[dbg   682.228 ms] [merge] h2d
[dbg   682.229 ms] merge: count begin
[dbg   682.243 ms] [merge] count
[dbg   682.278 ms] [merge] scan
[dbg   682.283 ms] merge: expand_serial begin (66 intermediates)
[dbg   682.296 ms] [merge] expand
[dbg   682.301 ms] merge: merge_serial begin
[dbg   682.314 ms] [merge] merge
[dbg   682.352 ms] [merge] final
[dbg   682.383 ms] [merge] compact
[dbg   682.410 ms] [merge] pack
[dbg   682.418 ms] [merge] d2h
[dbg   682.494 ms] [mrg2] start
[dbg   682.563 ms] [mrg2] h2d
[dbg   682.565 ms] merge2: count begin
[dbg   682.580 ms] [mrg2] count
[dbg   682.613 ms] [mrg2] scan
[dbg   682.619 ms] merge2: merge_warp begin (66 intermediates)
[dbg   682.632 ms] [mrg2] merge
[dbg   682.663 ms] [mrg2] final
[dbg   682.683 ms] [mrg2] compact
[dbg   682.700 ms] [mrg2] pack
[dbg   682.709 ms] [mrg2] d2h
[dbg   682.782 ms] [cu] start
[dbg   682.841 ms] [cu] h2dmalloc (796 B)
[dbg   682.852 ms] [cu] h2d (796 B)
[dbg   682.859 ms] cusparse: workEstimation begin
[dbg   682.905 ms] [cu] workest (buf1=1855 B)
[dbg   682.907 ms] cusparse: compute begin
[dbg   683.055 ms] [cu] compute (buf2=6999 B)
[dbg   683.058 ms] cusparse: C size = 66 x 66, nnz=66
[dbg   683.064 ms] cusparse: copy begin
[dbg   683.103 ms] [cu] copy
[dbg   683.121 ms] [cu] pack
[dbg   683.136 ms] self_product: C D2H begin (796 B)
[dbg   683.144 ms] [cu] d2h
[dbg   683.211 ms] [gust] start
[dbg   683.281 ms] [gust] h2d
[dbg   683.285 ms] ESC: count intermediates begin
[dbg   683.299 ms] [gust] count
[dbg   683.335 ms] [gust] scan
[dbg   683.342 ms] ESC: expand begin (66 intermediates)
[dbg   683.353 ms] [gust] expand
[dbg   683.355 ms] ESC: sort_by_key begin
[dbg   683.408 ms] [gust] sort
[dbg   683.415 ms] ESC: reduce_by_key begin
[dbg   683.450 ms] [gust] reduce
[dbg   683.502 ms] [gust] final
[dbg   683.520 ms] [gust] pack
[dbg   683.529 ms] [gust] d2h
[dbg   683.607 ms] [merge] start
[dbg   683.677 ms] [merge] h2d
[dbg   683.680 ms] merge: count begin
[dbg   683.694 ms] [merge] count
[dbg   683.727 ms] [merge] scan
[dbg   683.732 ms] merge: expand_serial begin (66 intermediates)
[dbg   683.744 ms] [merge] expand
[dbg   683.750 ms] merge: merge_serial begin
[dbg   683.763 ms] [merge] merge
[dbg   683.800 ms] [merge] final
[dbg   683.822 ms] [merge] compact
[dbg   683.839 ms] [merge] pack
[dbg   683.848 ms] [merge] d2h
[dbg   683.918 ms] [mrg2] start
[dbg   683.985 ms] [mrg2] h2d
[dbg   683.988 ms] merge2: count begin
[dbg   684.002 ms] [mrg2] count
[dbg   684.036 ms] [mrg2] scan
[dbg   684.042 ms] merge2: merge_warp begin (66 intermediates)
[dbg   684.054 ms] [mrg2] merge
[dbg   684.085 ms] [mrg2] final
[dbg   684.105 ms] [mrg2] compact
[dbg   684.122 ms] [mrg2] pack
[dbg   684.131 ms] [mrg2] d2h
[dbg   684.203 ms] warmup done
[dbg   684.232 ms] T1 cuSPARSE self_product: start
[dbg   684.235 ms] [cu] start
[dbg   684.296 ms] [cu] h2dmalloc (796 B)
[dbg   684.308 ms] [cu] h2d (796 B)
[dbg   684.315 ms] cusparse: workEstimation begin
[dbg   684.362 ms] [cu] workest (buf1=1855 B)
[dbg   684.365 ms] cusparse: compute begin
[dbg   684.513 ms] [cu] compute (buf2=6999 B)
[dbg   684.516 ms] cusparse: C size = 66 x 66, nnz=66
[dbg   684.522 ms] cusparse: copy begin
[dbg   684.560 ms] [cu] copy
[dbg   684.579 ms] [cu] pack
[dbg   684.594 ms] self_product: C D2H begin (796 B)
[dbg   684.602 ms] [cu] d2h
[dbg   684.676 ms] T1 cuSPARSE self_product: done (C_nnz=66)
[dbg   684.715 ms] T4 manual self_product: start
[dbg   684.720 ms] [gust] start
[dbg   684.795 ms] [gust] h2d
[dbg   684.798 ms] ESC: count intermediates begin
[dbg   684.813 ms] [gust] count
[dbg   684.850 ms] [gust] scan
[dbg   684.856 ms] ESC: expand begin (66 intermediates)
[dbg   684.868 ms] [gust] expand
[dbg   684.870 ms] ESC: sort_by_key begin
[dbg   684.912 ms] [gust] sort
[dbg   684.919 ms] ESC: reduce_by_key begin
[dbg   684.949 ms] [gust] reduce
[dbg   685.001 ms] [gust] final
[dbg   685.018 ms] [gust] pack
[dbg   685.027 ms] [gust] d2h
[dbg   685.102 ms] T4 manual self_product: done (C_nnz=66)
[dbg   685.123 ms] T4b merge self_product: start
[dbg   685.125 ms] [merge] start
[dbg   685.194 ms] [merge] h2d
[dbg   685.197 ms] merge: count begin
[dbg   685.211 ms] [merge] count
[dbg   685.245 ms] [merge] scan
[dbg   685.250 ms] merge: expand_serial begin (66 intermediates)
[dbg   685.263 ms] [merge] expand
[dbg   685.269 ms] merge: merge_serial begin
[dbg   685.280 ms] [merge] merge
[dbg   685.315 ms] [merge] final
[dbg   685.338 ms] [merge] compact
[dbg   685.354 ms] [merge] pack
[dbg   685.363 ms] [merge] d2h
[dbg   685.444 ms] T4b merge self_product: done (C_nnz=66)
[dbg   685.463 ms] T4c merge2 self_product: start
[dbg   685.464 ms] [mrg2] start
[dbg   685.535 ms] [mrg2] h2d
[dbg   685.538 ms] merge2: count begin
[dbg   685.552 ms] [mrg2] count
[dbg   685.587 ms] [mrg2] scan
[dbg   685.593 ms] merge2: merge_warp begin (66 intermediates)
[dbg   685.605 ms] [mrg2] merge
[dbg   685.636 ms] [mrg2] final
[dbg   685.655 ms] [mrg2] compact
[dbg   685.672 ms] [mrg2] pack
[dbg   685.681 ms] [mrg2] d2h
[dbg   685.753 ms] T4c merge2 self_product: done (C_nnz=66)
Reading matrix from ./data/first100/bcsstm02.mtx...
Input A: 66 x 66, nnz = 66, sparsity = 98.48%
===============WARMING UP (3 rounds)===============
=== Computing C = A x A (cuSPARSE) ===
Result C: 66 x 66, nnz = 66, sparsity = 98.48%
Time: 0.447 ms

=== Computing C = A x A (Manual) ===
Result C: 66 x 66, nnz = 66, sparsity = 98.48%
Time: 0.391 ms

=== Computing C = A x A (Merge) ===
Result C: 66 x 66, nnz = 66, sparsity = 98.48%
Time: 0.324 ms

=== Computing C = A x A (Merge2) ===
Result C: 66 x 66, nnz = 66, sparsity = 98.48%
Time: 0.294 ms

=== All tests completed ===
[53/100] Processing bcsstm03 ... (max 600s)
[dbg     0.001 ms] main entry, initializing CUDA context...
[dbg   495.335 ms] CUDA context ready
[dbg   495.506 ms] start read_matrix_market: ./data/first100/bcsstm03.mtx
[dbg   496.928 ms] read done: 112 x 112, nnz=112
[mempool] host pinned arena ready: 256 MB (USE_MEMPOOL=ON)
[dbg   645.227 ms] [cu] start
[dbg   653.785 ms] [cu] h2dmalloc (1348 B)
[dbg   653.840 ms] [cu] h2d (1348 B)
[dbg   653.886 ms] cusparse: workEstimation begin
[dbg   680.786 ms] [cu] workest (buf1=2407 B)
[dbg   680.802 ms] cusparse: compute begin
[dbg   681.442 ms] [cu] compute (buf2=8287 B)
[dbg   681.448 ms] cusparse: C size = 112 x 112, nnz=112
[dbg   681.464 ms] cusparse: copy begin
[dbg   681.557 ms] [cu] copy
[dbg   681.583 ms] [cu] pack
[dbg   681.602 ms] self_product: C D2H begin (1348 B)
[dbg   681.622 ms] [cu] d2h
[dbg   681.796 ms] [gust] start
[dbg   681.908 ms] [gust] h2d
[dbg   681.911 ms] ESC: count intermediates begin
[dbg   683.406 ms] [gust] count
[dbg   683.673 ms] [gust] scan
[dbg   683.688 ms] ESC: expand begin (112 intermediates)
[dbg   683.717 ms] [gust] expand
[dbg   683.718 ms] ESC: sort_by_key begin
[dbg   683.795 ms] [gust] sort
[dbg   683.802 ms] ESC: reduce_by_key begin
[dbg   683.960 ms] [gust] reduce
[dbg   684.043 ms] [gust] final
[dbg   684.061 ms] [gust] pack
[dbg   684.071 ms] [gust] d2h
[dbg   684.195 ms] [merge] start
[dbg   684.288 ms] [merge] h2d
[dbg   684.291 ms] merge: count begin
[dbg   684.308 ms] [merge] count
[dbg   684.345 ms] [merge] scan
[dbg   684.351 ms] merge: expand_serial begin (112 intermediates)
[dbg   684.797 ms] [merge] expand
[dbg   684.811 ms] merge: merge_serial begin
[dbg   684.844 ms] [merge] merge
[dbg   684.889 ms] [merge] final
[dbg   684.926 ms] [merge] compact
[dbg   684.947 ms] [merge] pack
[dbg   684.956 ms] [merge] d2h
[dbg   685.085 ms] [mrg2] start
[dbg   685.178 ms] [mrg2] h2d
[dbg   685.181 ms] merge2: count begin
[dbg   685.197 ms] [mrg2] count
[dbg   685.234 ms] [mrg2] scan
[dbg   685.243 ms] merge2: merge_warp begin (112 intermediates)
[dbg   685.292 ms] [mrg2] merge
[dbg   685.327 ms] [mrg2] final
[dbg   685.351 ms] [mrg2] compact
[dbg   685.371 ms] [mrg2] pack
[dbg   685.380 ms] [mrg2] d2h
[dbg   685.461 ms] [cu] start
[dbg   685.527 ms] [cu] h2dmalloc (1348 B)
[dbg   685.539 ms] [cu] h2d (1348 B)
[dbg   685.550 ms] cusparse: workEstimation begin
[dbg   685.605 ms] [cu] workest (buf1=2407 B)
[dbg   685.608 ms] cusparse: compute begin
[dbg   685.764 ms] [cu] compute (buf2=8287 B)
[dbg   685.767 ms] cusparse: C size = 112 x 112, nnz=112
[dbg   685.774 ms] cusparse: copy begin
[dbg   685.817 ms] [cu] copy
[dbg   685.836 ms] [cu] pack
[dbg   685.851 ms] self_product: C D2H begin (1348 B)
[dbg   685.860 ms] [cu] d2h
[dbg   685.929 ms] [gust] start
[dbg   686.002 ms] [gust] h2d
[dbg   686.006 ms] ESC: count intermediates begin
[dbg   686.021 ms] [gust] count
[dbg   686.072 ms] [gust] scan
[dbg   686.078 ms] ESC: expand begin (112 intermediates)
[dbg   686.090 ms] [gust] expand
[dbg   686.091 ms] ESC: sort_by_key begin
[dbg   686.135 ms] [gust] sort
[dbg   686.142 ms] ESC: reduce_by_key begin
[dbg   686.175 ms] [gust] reduce
[dbg   686.229 ms] [gust] final
[dbg   686.246 ms] [gust] pack
[dbg   686.255 ms] [gust] d2h
[dbg   686.332 ms] [merge] start
[dbg   686.404 ms] [merge] h2d
[dbg   686.407 ms] merge: count begin
[dbg   686.421 ms] [merge] count
[dbg   686.455 ms] [merge] scan
[dbg   686.462 ms] merge: expand_serial begin (112 intermediates)
[dbg   686.474 ms] [merge] expand
[dbg   686.481 ms] merge: merge_serial begin
[dbg   686.494 ms] [merge] merge
[dbg   686.532 ms] [merge] final
[dbg   686.562 ms] [merge] compact
[dbg   686.580 ms] [merge] pack
[dbg   686.589 ms] [merge] d2h
[dbg   686.663 ms] [mrg2] start
[dbg   686.733 ms] [mrg2] h2d
[dbg   686.736 ms] merge2: count begin
[dbg   686.751 ms] [mrg2] count
[dbg   686.786 ms] [mrg2] scan
[dbg   686.794 ms] merge2: merge_warp begin (112 intermediates)
[dbg   686.806 ms] [mrg2] merge
[dbg   686.838 ms] [mrg2] final
[dbg   686.860 ms] [mrg2] compact
[dbg   686.877 ms] [mrg2] pack
[dbg   686.886 ms] [mrg2] d2h
[dbg   686.959 ms] [cu] start
[dbg   687.017 ms] [cu] h2dmalloc (1348 B)
[dbg   687.041 ms] [cu] h2d (1348 B)
[dbg   687.050 ms] cusparse: workEstimation begin
[dbg   687.098 ms] [cu] workest (buf1=2407 B)
[dbg   687.102 ms] cusparse: compute begin
[dbg   687.258 ms] [cu] compute (buf2=8287 B)
[dbg   687.261 ms] cusparse: C size = 112 x 112, nnz=112
[dbg   687.267 ms] cusparse: copy begin
[dbg   687.309 ms] [cu] copy
[dbg   687.329 ms] [cu] pack
[dbg   687.344 ms] self_product: C D2H begin (1348 B)
[dbg   687.352 ms] [cu] d2h
[dbg   687.423 ms] [gust] start
[dbg   687.498 ms] [gust] h2d
[dbg   687.501 ms] ESC: count intermediates begin
[dbg   687.517 ms] [gust] count
[dbg   687.553 ms] [gust] scan
[dbg   687.559 ms] ESC: expand begin (112 intermediates)
[dbg   687.571 ms] [gust] expand
[dbg   687.573 ms] ESC: sort_by_key begin
[dbg   687.616 ms] [gust] sort
[dbg   687.623 ms] ESC: reduce_by_key begin
[dbg   687.653 ms] [gust] reduce
[dbg   687.706 ms] [gust] final
[dbg   687.724 ms] [gust] pack
[dbg   687.733 ms] [gust] d2h
[dbg   687.806 ms] [merge] start
[dbg   687.876 ms] [merge] h2d
[dbg   687.879 ms] merge: count begin
[dbg   687.893 ms] [merge] count
[dbg   687.928 ms] [merge] scan
[dbg   687.934 ms] merge: expand_serial begin (112 intermediates)
[dbg   687.946 ms] [merge] expand
[dbg   687.953 ms] merge: merge_serial begin
[dbg   687.965 ms] [merge] merge
[dbg   688.000 ms] [merge] final
[dbg   688.022 ms] [merge] compact
[dbg   688.048 ms] [merge] pack
[dbg   688.057 ms] [merge] d2h
[dbg   688.129 ms] [mrg2] start
[dbg   688.197 ms] [mrg2] h2d
[dbg   688.200 ms] merge2: count begin
[dbg   688.215 ms] [mrg2] count
[dbg   688.248 ms] [mrg2] scan
[dbg   688.255 ms] merge2: merge_warp begin (112 intermediates)
[dbg   688.269 ms] [mrg2] merge
[dbg   688.299 ms] [mrg2] final
[dbg   688.320 ms] [mrg2] compact
[dbg   688.346 ms] [mrg2] pack
[dbg   688.356 ms] [mrg2] d2h
[dbg   688.427 ms] warmup done
[dbg   688.457 ms] T1 cuSPARSE self_product: start
[dbg   688.460 ms] [cu] start
[dbg   688.520 ms] [cu] h2dmalloc (1348 B)
[dbg   688.533 ms] [cu] h2d (1348 B)
[dbg   688.541 ms] cusparse: workEstimation begin
[dbg   688.586 ms] [cu] workest (buf1=2407 B)
[dbg   688.589 ms] cusparse: compute begin
[dbg   688.745 ms] [cu] compute (buf2=8287 B)
[dbg   688.748 ms] cusparse: C size = 112 x 112, nnz=112
[dbg   688.754 ms] cusparse: copy begin
[dbg   688.794 ms] [cu] copy
[dbg   688.813 ms] [cu] pack
[dbg   688.827 ms] self_product: C D2H begin (1348 B)
[dbg   688.836 ms] [cu] d2h
[dbg   688.905 ms] T1 cuSPARSE self_product: done (C_nnz=112)
[dbg   688.932 ms] T4 manual self_product: start
[dbg   688.934 ms] [gust] start
[dbg   689.008 ms] [gust] h2d
[dbg   689.011 ms] ESC: count intermediates begin
[dbg   689.033 ms] [gust] count
[dbg   689.072 ms] [gust] scan
[dbg   689.081 ms] ESC: expand begin (112 intermediates)
[dbg   689.094 ms] [gust] expand
[dbg   689.096 ms] ESC: sort_by_key begin
[dbg   689.138 ms] [gust] sort
[dbg   689.144 ms] ESC: reduce_by_key begin
[dbg   689.175 ms] [gust] reduce
[dbg   689.226 ms] [gust] final
[dbg   689.243 ms] [gust] pack
[dbg   689.252 ms] [gust] d2h
[dbg   689.329 ms] T4 manual self_product: done (C_nnz=112)
[dbg   689.354 ms] T4b merge self_product: start
[dbg   689.356 ms] [merge] start
[dbg   689.427 ms] [merge] h2d
[dbg   689.430 ms] merge: count begin
[dbg   689.445 ms] [merge] count
[dbg   689.480 ms] [merge] scan
[dbg   689.486 ms] merge: expand_serial begin (112 intermediates)
[dbg   689.498 ms] [merge] expand
[dbg   689.504 ms] merge: merge_serial begin
[dbg   689.515 ms] [merge] merge
[dbg   689.549 ms] [merge] final
[dbg   689.573 ms] [merge] compact
[dbg   689.590 ms] [merge] pack
[dbg   689.598 ms] [merge] d2h
[dbg   689.671 ms] T4b merge self_product: done (C_nnz=112)
[dbg   689.695 ms] T4c merge2 self_product: start
[dbg   689.696 ms] [mrg2] start
[dbg   689.764 ms] [mrg2] h2d
[dbg   689.767 ms] merge2: count begin
[dbg   689.781 ms] [mrg2] count
[dbg   689.815 ms] [mrg2] scan
[dbg   689.822 ms] merge2: merge_warp begin (112 intermediates)
[dbg   689.836 ms] [mrg2] merge
[dbg   689.865 ms] [mrg2] final
[dbg   689.887 ms] [mrg2] compact
[dbg   689.904 ms] [mrg2] pack
[dbg   689.913 ms] [mrg2] d2h
[dbg   689.985 ms] T4c merge2 self_product: done (C_nnz=112)
Reading matrix from ./data/first100/bcsstm03.mtx...
Input A: 112 x 112, nnz = 112, sparsity = 99.11%
===============WARMING UP (3 rounds)===============
=== Computing C = A x A (cuSPARSE) ===
Result C: 112 x 112, nnz = 112, sparsity = 99.11%
Time: 0.451 ms

=== Computing C = A x A (Manual) ===
Result C: 112 x 112, nnz = 112, sparsity = 99.11%
Time: 0.400 ms

=== Computing C = A x A (Merge) ===
Result C: 112 x 112, nnz = 112, sparsity = 99.11%
Time: 0.320 ms

=== Computing C = A x A (Merge2) ===
Result C: 112 x 112, nnz = 112, sparsity = 99.11%
Time: 0.294 ms

=== All tests completed ===
[54/100] Processing bcsstm04 ... (max 600s)
[dbg     0.000 ms] main entry, initializing CUDA context...
[dbg   483.948 ms] CUDA context ready
[dbg   484.117 ms] start read_matrix_market: ./data/first100/bcsstm04.mtx
[dbg   485.555 ms] read done: 132 x 132, nnz=132
[mempool] host pinned arena ready: 256 MB (USE_MEMPOOL=ON)
[dbg   634.278 ms] [cu] start
[dbg   642.648 ms] [cu] h2dmalloc (1588 B)
[dbg   642.702 ms] [cu] h2d (1588 B)
[dbg   642.745 ms] cusparse: workEstimation begin
[dbg   670.260 ms] [cu] workest (buf1=2647 B)
[dbg   670.273 ms] cusparse: compute begin
[dbg   670.929 ms] [cu] compute (buf2=8847 B)
[dbg   670.936 ms] cusparse: C size = 132 x 132, nnz=132
[dbg   670.947 ms] cusparse: copy begin
[dbg   671.049 ms] [cu] copy
[dbg   671.077 ms] [cu] pack
[dbg   671.097 ms] self_product: C D2H begin (1588 B)
[dbg   671.108 ms] [cu] d2h
[dbg   671.273 ms] [gust] start
[dbg   671.392 ms] [gust] h2d
[dbg   671.395 ms] ESC: count intermediates begin
[dbg   672.847 ms] [gust] count
[dbg   673.117 ms] [gust] scan
[dbg   673.129 ms] ESC: expand begin (132 intermediates)
[dbg   673.162 ms] [gust] expand
[dbg   673.163 ms] ESC: sort_by_key begin
[dbg   673.251 ms] [gust] sort
[dbg   673.259 ms] ESC: reduce_by_key begin
[dbg   673.411 ms] [gust] reduce
[dbg   673.482 ms] [gust] final
[dbg   673.499 ms] [gust] pack
[dbg   673.509 ms] [gust] d2h
[dbg   673.653 ms] [merge] start
[dbg   673.750 ms] [merge] h2d
[dbg   673.753 ms] merge: count begin
[dbg   673.770 ms] [merge] count
[dbg   673.809 ms] [merge] scan
[dbg   673.816 ms] merge: expand_serial begin (132 intermediates)
[dbg   674.238 ms] [merge] expand
[dbg   674.252 ms] merge: merge_serial begin
[dbg   674.285 ms] [merge] merge
[dbg   674.329 ms] [merge] final
[dbg   674.365 ms] [merge] compact
[dbg   674.385 ms] [merge] pack
[dbg   674.394 ms] [merge] d2h
[dbg   674.513 ms] [mrg2] start
[dbg   674.621 ms] [mrg2] h2d
[dbg   674.624 ms] merge2: count begin
[dbg   674.641 ms] [mrg2] count
[dbg   674.681 ms] [mrg2] scan
[dbg   674.689 ms] merge2: merge_warp begin (132 intermediates)
[dbg   674.740 ms] [mrg2] merge
[dbg   674.775 ms] [mrg2] final
[dbg   674.798 ms] [mrg2] compact
[dbg   674.818 ms] [mrg2] pack
[dbg   674.827 ms] [mrg2] d2h
[dbg   674.912 ms] [cu] start
[dbg   674.979 ms] [cu] h2dmalloc (1588 B)
[dbg   674.990 ms] [cu] h2d (1588 B)
[dbg   675.001 ms] cusparse: workEstimation begin
[dbg   675.057 ms] [cu] workest (buf1=2647 B)
[dbg   675.059 ms] cusparse: compute begin
[dbg   675.215 ms] [cu] compute (buf2=8847 B)
[dbg   675.218 ms] cusparse: C size = 132 x 132, nnz=132
[dbg   675.225 ms] cusparse: copy begin
[dbg   675.266 ms] [cu] copy
[dbg   675.284 ms] [cu] pack
[dbg   675.299 ms] self_product: C D2H begin (1588 B)
[dbg   675.308 ms] [cu] d2h
[dbg   675.379 ms] [gust] start
[dbg   675.460 ms] [gust] h2d
[dbg   675.463 ms] ESC: count intermediates begin
[dbg   675.479 ms] [gust] count
[dbg   675.516 ms] [gust] scan
[dbg   675.521 ms] ESC: expand begin (132 intermediates)
[dbg   675.534 ms] [gust] expand
[dbg   675.535 ms] ESC: sort_by_key begin
[dbg   675.588 ms] [gust] sort
[dbg   675.595 ms] ESC: reduce_by_key begin
[dbg   675.631 ms] [gust] reduce
[dbg   675.685 ms] [gust] final
[dbg   675.702 ms] [gust] pack
[dbg   675.711 ms] [gust] d2h
[dbg   675.793 ms] [merge] start
[dbg   675.866 ms] [merge] h2d
[dbg   675.868 ms] merge: count begin
[dbg   675.882 ms] [merge] count
[dbg   675.918 ms] [merge] scan
[dbg   675.923 ms] merge: expand_serial begin (132 intermediates)
[dbg   675.936 ms] [merge] expand
[dbg   675.943 ms] merge: merge_serial begin
[dbg   675.955 ms] [merge] merge
[dbg   675.992 ms] [merge] final
[dbg   676.016 ms] [merge] compact
[dbg   676.033 ms] [merge] pack
[dbg   676.042 ms] [merge] d2h
[dbg   676.117 ms] [mrg2] start
[dbg   676.185 ms] [mrg2] h2d
[dbg   676.187 ms] merge2: count begin
[dbg   676.202 ms] [mrg2] count
[dbg   676.234 ms] [mrg2] scan
[dbg   676.241 ms] merge2: merge_warp begin (132 intermediates)
[dbg   676.254 ms] [mrg2] merge
[dbg   676.286 ms] [mrg2] final
[dbg   676.307 ms] [mrg2] compact
[dbg   676.323 ms] [mrg2] pack
[dbg   676.341 ms] [mrg2] d2h
[dbg   676.416 ms] [cu] start
[dbg   676.476 ms] [cu] h2dmalloc (1588 B)
[dbg   676.487 ms] [cu] h2d (1588 B)
[dbg   676.495 ms] cusparse: workEstimation begin
[dbg   676.550 ms] [cu] workest (buf1=2647 B)
[dbg   676.553 ms] cusparse: compute begin
[dbg   676.711 ms] [cu] compute (buf2=8847 B)
[dbg   676.714 ms] cusparse: C size = 132 x 132, nnz=132
[dbg   676.721 ms] cusparse: copy begin
[dbg   676.762 ms] [cu] copy
[dbg   676.782 ms] [cu] pack
[dbg   676.797 ms] self_product: C D2H begin (1588 B)
[dbg   676.805 ms] [cu] d2h
[dbg   676.881 ms] [gust] start
[dbg   676.956 ms] [gust] h2d
[dbg   676.959 ms] ESC: count intermediates begin
[dbg   676.975 ms] [gust] count
[dbg   677.011 ms] [gust] scan
[dbg   677.017 ms] ESC: expand begin (132 intermediates)
[dbg   677.029 ms] [gust] expand
[dbg   677.031 ms] ESC: sort_by_key begin
[dbg   677.072 ms] [gust] sort
[dbg   677.078 ms] ESC: reduce_by_key begin
[dbg   677.114 ms] [gust] reduce
[dbg   677.169 ms] [gust] final
[dbg   677.187 ms] [gust] pack
[dbg   677.196 ms] [gust] d2h
[dbg   677.275 ms] [merge] start
[dbg   677.347 ms] [merge] h2d
[dbg   677.350 ms] merge: count begin
[dbg   677.365 ms] [merge] count
[dbg   677.399 ms] [merge] scan
[dbg   677.405 ms] merge: expand_serial begin (132 intermediates)
[dbg   677.416 ms] [merge] expand
[dbg   677.423 ms] merge: merge_serial begin
[dbg   677.435 ms] [merge] merge
[dbg   677.472 ms] [merge] final
[dbg   677.495 ms] [merge] compact
[dbg   677.512 ms] [merge] pack
[dbg   677.521 ms] [merge] d2h
[dbg   677.606 ms] [mrg2] start
[dbg   677.677 ms] [mrg2] h2d
[dbg   677.680 ms] merge2: count begin
[dbg   677.696 ms] [mrg2] count
[dbg   677.731 ms] [mrg2] scan
[dbg   677.738 ms] merge2: merge_warp begin (132 intermediates)
[dbg   677.751 ms] [mrg2] merge
[dbg   677.784 ms] [mrg2] final
[dbg   677.805 ms] [mrg2] compact
[dbg   677.822 ms] [mrg2] pack
[dbg   677.831 ms] [mrg2] d2h
[dbg   677.904 ms] warmup done
[dbg   677.933 ms] T1 cuSPARSE self_product: start
[dbg   677.935 ms] [cu] start
[dbg   677.997 ms] [cu] h2dmalloc (1588 B)
[dbg   678.011 ms] [cu] h2d (1588 B)
[dbg   678.018 ms] cusparse: workEstimation begin
[dbg   678.067 ms] [cu] workest (buf1=2647 B)
[dbg   678.070 ms] cusparse: compute begin
[dbg   678.225 ms] [cu] compute (buf2=8847 B)
[dbg   678.228 ms] cusparse: C size = 132 x 132, nnz=132
[dbg   678.234 ms] cusparse: copy begin
[dbg   678.273 ms] [cu] copy
[dbg   678.294 ms] [cu] pack
[dbg   678.309 ms] self_product: C D2H begin (1588 B)
[dbg   678.317 ms] [cu] d2h
[dbg   678.387 ms] T1 cuSPARSE self_product: done (C_nnz=132)
[dbg   678.414 ms] T4 manual self_product: start
[dbg   678.416 ms] [gust] start
[dbg   678.490 ms] [gust] h2d
[dbg   678.493 ms] ESC: count intermediates begin
[dbg   678.509 ms] [gust] count
[dbg   678.558 ms] [gust] scan
[dbg   678.565 ms] ESC: expand begin (132 intermediates)
[dbg   678.576 ms] [gust] expand
[dbg   678.577 ms] ESC: sort_by_key begin
[dbg   678.618 ms] [gust] sort
[dbg   678.623 ms] ESC: reduce_by_key begin
[dbg   678.655 ms] [gust] reduce
[dbg   678.710 ms] [gust] final
[dbg   678.728 ms] [gust] pack
[dbg   678.736 ms] [gust] d2h
[dbg   678.817 ms] T4 manual self_product: done (C_nnz=132)
[dbg   678.837 ms] T4b merge self_product: start
[dbg   678.839 ms] [merge] start
[dbg   678.913 ms] [merge] h2d
[dbg   678.916 ms] merge: count begin
[dbg   678.930 ms] [merge] count
[dbg   678.965 ms] [merge] scan
[dbg   678.971 ms] merge: expand_serial begin (132 intermediates)
[dbg   678.982 ms] [merge] expand
[dbg   678.989 ms] merge: merge_serial begin
[dbg   679.001 ms] [merge] merge
[dbg   679.037 ms] [merge] final
[dbg   679.061 ms] [merge] compact
[dbg   679.078 ms] [merge] pack
[dbg   679.089 ms] [merge] d2h
[dbg   679.164 ms] T4b merge self_product: done (C_nnz=132)
[dbg   679.181 ms] T4c merge2 self_product: start
[dbg   679.183 ms] [mrg2] start
[dbg   679.252 ms] [mrg2] h2d
[dbg   679.255 ms] merge2: count begin
[dbg   679.270 ms] [mrg2] count
[dbg   679.305 ms] [mrg2] scan
[dbg   679.312 ms] merge2: merge_warp begin (132 intermediates)
[dbg   679.326 ms] [mrg2] merge
[dbg   679.357 ms] [mrg2] final
[dbg   679.379 ms] [mrg2] compact
[dbg   679.395 ms] [mrg2] pack
[dbg   679.404 ms] [mrg2] d2h
[dbg   679.477 ms] T4c merge2 self_product: done (C_nnz=132)
Reading matrix from ./data/first100/bcsstm04.mtx...
Input A: 132 x 132, nnz = 132, sparsity = 99.24%
===============WARMING UP (3 rounds)===============
=== Computing C = A x A (cuSPARSE) ===
Result C: 132 x 132, nnz = 132, sparsity = 99.24%
Time: 0.457 ms

=== Computing C = A x A (Manual) ===
Result C: 132 x 132, nnz = 132, sparsity = 99.24%
Time: 0.405 ms

=== Computing C = A x A (Merge) ===
Result C: 132 x 132, nnz = 132, sparsity = 99.24%
Time: 0.330 ms

=== Computing C = A x A (Merge2) ===
Result C: 132 x 132, nnz = 132, sparsity = 99.24%
Time: 0.299 ms

=== All tests completed ===
[55/100] Processing bcsstm05 ... (max 600s)
[dbg     0.000 ms] main entry, initializing CUDA context...
[dbg   469.881 ms] CUDA context ready
[dbg   470.054 ms] start read_matrix_market: ./data/first100/bcsstm05.mtx
[dbg   471.496 ms] read done: 153 x 153, nnz=153
[mempool] host pinned arena ready: 256 MB (USE_MEMPOOL=ON)
[dbg   617.882 ms] [cu] start
[dbg   626.229 ms] [cu] h2dmalloc (1840 B)
[dbg   626.286 ms] [cu] h2d (1840 B)
[dbg   626.332 ms] cusparse: workEstimation begin
[dbg   652.640 ms] [cu] workest (buf1=2899 B)
[dbg   652.654 ms] cusparse: compute begin
[dbg   653.377 ms] [cu] compute (buf2=9435 B)
[dbg   653.384 ms] cusparse: C size = 153 x 153, nnz=153
[dbg   653.399 ms] cusparse: copy begin
[dbg   653.489 ms] [cu] copy
[dbg   653.513 ms] [cu] pack
[dbg   653.535 ms] self_product: C D2H begin (1840 B)
[dbg   653.546 ms] [cu] d2h
[dbg   653.730 ms] [gust] start
[dbg   653.856 ms] [gust] h2d
[dbg   653.859 ms] ESC: count intermediates begin
[dbg   655.292 ms] [gust] count
[dbg   655.560 ms] [gust] scan
[dbg   655.575 ms] ESC: expand begin (153 intermediates)
[dbg   655.604 ms] [gust] expand
[dbg   655.606 ms] ESC: sort_by_key begin
[dbg   655.684 ms] [gust] sort
[dbg   655.692 ms] ESC: reduce_by_key begin
[dbg   655.863 ms] [gust] reduce
[dbg   655.936 ms] [gust] final
[dbg   655.954 ms] [gust] pack
[dbg   655.963 ms] [gust] d2h
[dbg   656.094 ms] [merge] start
[dbg   656.191 ms] [merge] h2d
[dbg   656.194 ms] merge: count begin
[dbg   656.211 ms] [merge] count
[dbg   656.260 ms] [merge] scan
[dbg   656.268 ms] merge: expand_serial begin (153 intermediates)
[dbg   656.693 ms] [merge] expand
[dbg   656.708 ms] merge: merge_serial begin
[dbg   656.742 ms] [merge] merge
[dbg   656.796 ms] [merge] final
[dbg   656.832 ms] [merge] compact
[dbg   656.851 ms] [merge] pack
[dbg   656.860 ms] [merge] d2h
[dbg   656.989 ms] [mrg2] start
[dbg   657.085 ms] [mrg2] h2d
[dbg   657.088 ms] merge2: count begin
[dbg   657.104 ms] [mrg2] count
[dbg   657.143 ms] [mrg2] scan
[dbg   657.151 ms] merge2: merge_warp begin (153 intermediates)
[dbg   657.196 ms] [mrg2] merge
[dbg   657.231 ms] [mrg2] final
[dbg   657.259 ms] [mrg2] compact
[dbg   657.277 ms] [mrg2] pack
[dbg   657.286 ms] [mrg2] d2h
[dbg   657.373 ms] [cu] start
[dbg   657.441 ms] [cu] h2dmalloc (1840 B)
[dbg   657.453 ms] [cu] h2d (1840 B)
[dbg   657.464 ms] cusparse: workEstimation begin
[dbg   657.519 ms] [cu] workest (buf1=2899 B)
[dbg   657.522 ms] cusparse: compute begin
[dbg   657.680 ms] [cu] compute (buf2=9435 B)
[dbg   657.682 ms] cusparse: C size = 153 x 153, nnz=153
[dbg   657.689 ms] cusparse: copy begin
[dbg   657.731 ms] [cu] copy
[dbg   657.749 ms] [cu] pack
[dbg   657.764 ms] self_product: C D2H begin (1840 B)
[dbg   657.781 ms] [cu] d2h
[dbg   657.856 ms] [gust] start
[dbg   657.933 ms] [gust] h2d
[dbg   657.936 ms] ESC: count intermediates begin
[dbg   657.951 ms] [gust] count
[dbg   657.988 ms] [gust] scan
[dbg   657.993 ms] ESC: expand begin (153 intermediates)
[dbg   658.006 ms] [gust] expand
[dbg   658.007 ms] ESC: sort_by_key begin
[dbg   658.049 ms] [gust] sort
[dbg   658.056 ms] ESC: reduce_by_key begin
[dbg   658.088 ms] [gust] reduce
[dbg   658.141 ms] [gust] final
[dbg   658.158 ms] [gust] pack
[dbg   658.167 ms] [gust] d2h
[dbg   658.246 ms] [merge] start
[dbg   658.319 ms] [merge] h2d
[dbg   658.320 ms] merge: count begin
[dbg   658.334 ms] [merge] count
[dbg   658.369 ms] [merge] scan
[dbg   658.374 ms] merge: expand_serial begin (153 intermediates)
[dbg   658.387 ms] [merge] expand
[dbg   658.393 ms] merge: merge_serial begin
[dbg   658.407 ms] [merge] merge
[dbg   658.445 ms] [merge] final
[dbg   658.474 ms] [merge] compact
[dbg   658.492 ms] [merge] pack
[dbg   658.501 ms] [merge] d2h
[dbg   658.577 ms] [mrg2] start
[dbg   658.647 ms] [mrg2] h2d
[dbg   658.649 ms] merge2: count begin
[dbg   658.663 ms] [mrg2] count
[dbg   658.696 ms] [mrg2] scan
[dbg   658.703 ms] merge2: merge_warp begin (153 intermediates)
[dbg   658.715 ms] [mrg2] merge
[dbg   658.745 ms] [mrg2] final
[dbg   658.767 ms] [mrg2] compact
[dbg   658.793 ms] [mrg2] pack
[dbg   658.801 ms] [mrg2] d2h
[dbg   658.877 ms] [cu] start
[dbg   658.938 ms] [cu] h2dmalloc (1840 B)
[dbg   658.949 ms] [cu] h2d (1840 B)
[dbg   658.955 ms] cusparse: workEstimation begin
[dbg   659.000 ms] [cu] workest (buf1=2899 B)
[dbg   659.002 ms] cusparse: compute begin
[dbg   659.166 ms] [cu] compute (buf2=9435 B)
[dbg   659.170 ms] cusparse: C size = 153 x 153, nnz=153
[dbg   659.175 ms] cusparse: copy begin
[dbg   659.217 ms] [cu] copy
[dbg   659.235 ms] [cu] pack
[dbg   659.250 ms] self_product: C D2H begin (1840 B)
[dbg   659.258 ms] [cu] d2h
[dbg   659.329 ms] [gust] start
[dbg   659.404 ms] [gust] h2d
[dbg   659.407 ms] ESC: count intermediates begin
[dbg   659.421 ms] [gust] count
[dbg   659.457 ms] [gust] scan
[dbg   659.464 ms] ESC: expand begin (153 intermediates)
[dbg   659.475 ms] [gust] expand
[dbg   659.476 ms] ESC: sort_by_key begin
[dbg   659.519 ms] [gust] sort
[dbg   659.526 ms] ESC: reduce_by_key begin
[dbg   659.555 ms] [gust] reduce
[dbg   659.608 ms] [gust] final
[dbg   659.625 ms] [gust] pack
[dbg   659.634 ms] [gust] d2h
[dbg   659.712 ms] [merge] start
[dbg   659.791 ms] [merge] h2d
[dbg   659.795 ms] merge: count begin
[dbg   659.810 ms] [merge] count
[dbg   659.845 ms] [merge] scan
[dbg   659.851 ms] merge: expand_serial begin (153 intermediates)
[dbg   659.864 ms] [merge] expand
[dbg   659.871 ms] merge: merge_serial begin
[dbg   659.882 ms] [merge] merge
[dbg   659.918 ms] [merge] final
[dbg   659.941 ms] [merge] compact
[dbg   659.958 ms] [merge] pack
[dbg   659.967 ms] [merge] d2h
[dbg   660.045 ms] [mrg2] start
[dbg   660.115 ms] [mrg2] h2d
[dbg   660.118 ms] merge2: count begin
[dbg   660.132 ms] [mrg2] count
[dbg   660.165 ms] [mrg2] scan
[dbg   660.175 ms] merge2: merge_warp begin (153 intermediates)
[dbg   660.189 ms] [mrg2] merge
[dbg   660.219 ms] [mrg2] final
[dbg   660.242 ms] [mrg2] compact
[dbg   660.259 ms] [mrg2] pack
[dbg   660.268 ms] [mrg2] d2h
[dbg   660.342 ms] warmup done
[dbg   660.377 ms] T1 cuSPARSE self_product: start
[dbg   660.380 ms] [cu] start
[dbg   660.444 ms] [cu] h2dmalloc (1840 B)
[dbg   660.457 ms] [cu] h2d (1840 B)
[dbg   660.464 ms] cusparse: workEstimation begin
[dbg   660.511 ms] [cu] workest (buf1=2899 B)
[dbg   660.514 ms] cusparse: compute begin
[dbg   660.661 ms] [cu] compute (buf2=9435 B)
[dbg   660.664 ms] cusparse: C size = 153 x 153, nnz=153
[dbg   660.670 ms] cusparse: copy begin
[dbg   660.711 ms] [cu] copy
[dbg   660.730 ms] [cu] pack
[dbg   660.745 ms] self_product: C D2H begin (1840 B)
[dbg   660.753 ms] [cu] d2h
[dbg   660.837 ms] T1 cuSPARSE self_product: done (C_nnz=153)
[dbg   660.863 ms] T4 manual self_product: start
[dbg   660.865 ms] [gust] start
[dbg   660.944 ms] [gust] h2d
[dbg   660.947 ms] ESC: count intermediates begin
[dbg   660.963 ms] [gust] count
[dbg   661.001 ms] [gust] scan
[dbg   661.008 ms] ESC: expand begin (153 intermediates)
[dbg   661.020 ms] [gust] expand
[dbg   661.022 ms] ESC: sort_by_key begin
[dbg   661.063 ms] [gust] sort
[dbg   661.069 ms] ESC: reduce_by_key begin
[dbg   661.099 ms] [gust] reduce
[dbg   661.151 ms] [gust] final
[dbg   661.169 ms] [gust] pack
[dbg   661.178 ms] [gust] d2h
[dbg   661.256 ms] T4 manual self_product: done (C_nnz=153)
[dbg   661.280 ms] T4b merge self_product: start
[dbg   661.282 ms] [merge] start
[dbg   661.356 ms] [merge] h2d
[dbg   661.360 ms] merge: count begin
[dbg   661.373 ms] [merge] count
[dbg   661.408 ms] [merge] scan
[dbg   661.414 ms] merge: expand_serial begin (153 intermediates)
[dbg   661.425 ms] [merge] expand
[dbg   661.432 ms] merge: merge_serial begin
[dbg   661.445 ms] [merge] merge
[dbg   661.480 ms] [merge] final
[dbg   661.503 ms] [merge] compact
[dbg   661.520 ms] [merge] pack
[dbg   661.529 ms] [merge] d2h
[dbg   661.606 ms] T4b merge self_product: done (C_nnz=153)
[dbg   661.626 ms] T4c merge2 self_product: start
[dbg   661.628 ms] [mrg2] start
[dbg   661.700 ms] [mrg2] h2d
[dbg   661.703 ms] merge2: count begin
[dbg   661.717 ms] [mrg2] count
[dbg   661.753 ms] [mrg2] scan
[dbg   661.760 ms] merge2: merge_warp begin (153 intermediates)
[dbg   661.782 ms] [mrg2] merge
[dbg   661.813 ms] [mrg2] final
[dbg   661.838 ms] [mrg2] compact
[dbg   661.854 ms] [mrg2] pack
[dbg   661.863 ms] [mrg2] d2h
[dbg   661.939 ms] T4c merge2 self_product: done (C_nnz=153)
Reading matrix from ./data/first100/bcsstm05.mtx...
Input A: 153 x 153, nnz = 153, sparsity = 99.35%
===============WARMING UP (3 rounds)===============
=== Computing C = A x A (cuSPARSE) ===
Result C: 153 x 153, nnz = 153, sparsity = 99.35%
Time: 0.464 ms

=== Computing C = A x A (Manual) ===
Result C: 153 x 153, nnz = 153, sparsity = 99.35%
Time: 0.397 ms

=== Computing C = A x A (Merge) ===
Result C: 153 x 153, nnz = 153, sparsity = 99.35%
Time: 0.329 ms

=== Computing C = A x A (Merge2) ===
Result C: 153 x 153, nnz = 153, sparsity = 99.35%
Time: 0.316 ms

=== All tests completed ===
[56/100] Processing bcsstm06 ... (max 600s)
[dbg     0.000 ms] main entry, initializing CUDA context...
[dbg   486.256 ms] CUDA context ready
[dbg   486.420 ms] start read_matrix_market: ./data/first100/bcsstm06.mtx
[dbg   487.978 ms] read done: 420 x 420, nnz=420
[mempool] host pinned arena ready: 256 MB (USE_MEMPOOL=ON)
[dbg   634.319 ms] [cu] start
[dbg   642.634 ms] [cu] h2dmalloc (5044 B)
[dbg   642.697 ms] [cu] h2d (5044 B)
[dbg   642.736 ms] cusparse: workEstimation begin
[dbg   667.874 ms] [cu] workest (buf1=6103 B)
[dbg   667.889 ms] cusparse: compute begin
[dbg   668.528 ms] [cu] compute (buf2=16911 B)
[dbg   668.535 ms] cusparse: C size = 420 x 420, nnz=420
[dbg   668.545 ms] cusparse: copy begin
[dbg   668.652 ms] [cu] copy
[dbg   668.679 ms] [cu] pack
[dbg   668.699 ms] self_product: C D2H begin (5044 B)
[dbg   668.711 ms] [cu] d2h
[dbg   668.910 ms] [gust] start
[dbg   669.032 ms] [gust] h2d
[dbg   669.034 ms] ESC: count intermediates begin
[dbg   670.603 ms] [gust] count
[dbg   670.886 ms] [gust] scan
[dbg   670.900 ms] ESC: expand begin (420 intermediates)
[dbg   670.933 ms] [gust] expand
[dbg   670.934 ms] ESC: sort_by_key begin
[dbg   671.020 ms] [gust] sort
[dbg   671.031 ms] ESC: reduce_by_key begin
[dbg   671.196 ms] [gust] reduce
[dbg   671.277 ms] [gust] final
[dbg   671.300 ms] [gust] pack
[dbg   671.310 ms] [gust] d2h
[dbg   671.445 ms] [merge] start
[dbg   671.542 ms] [merge] h2d
[dbg   671.545 ms] merge: count begin
[dbg   671.562 ms] [merge] count
[dbg   671.603 ms] [merge] scan
[dbg   671.617 ms] merge: expand_serial begin (420 intermediates)
[dbg   672.076 ms] [merge] expand
[dbg   672.087 ms] merge: merge_serial begin
[dbg   672.123 ms] [merge] merge
[dbg   672.169 ms] [merge] final
[dbg   672.207 ms] [merge] compact
[dbg   672.227 ms] [merge] pack
[dbg   672.250 ms] [merge] d2h
[dbg   672.380 ms] [mrg2] start
[dbg   672.477 ms] [mrg2] h2d
[dbg   672.479 ms] merge2: count begin
[dbg   672.497 ms] [mrg2] count
[dbg   672.538 ms] [mrg2] scan
[dbg   672.558 ms] merge2: merge_warp begin (420 intermediates)
[dbg   672.608 ms] [mrg2] merge
[dbg   672.646 ms] [mrg2] final
[dbg   672.670 ms] [mrg2] compact
[dbg   672.689 ms] [mrg2] pack
[dbg   672.699 ms] [mrg2] d2h
[dbg   672.794 ms] [cu] start
[dbg   672.862 ms] [cu] h2dmalloc (5044 B)
[dbg   672.875 ms] [cu] h2d (5044 B)
[dbg   672.887 ms] cusparse: workEstimation begin
[dbg   672.943 ms] [cu] workest (buf1=6103 B)
[dbg   672.945 ms] cusparse: compute begin
[dbg   673.112 ms] [cu] compute (buf2=16911 B)
[dbg   673.115 ms] cusparse: C size = 420 x 420, nnz=420
[dbg   673.121 ms] cusparse: copy begin
[dbg   673.167 ms] [cu] copy
[dbg   673.184 ms] [cu] pack
[dbg   673.201 ms] self_product: C D2H begin (5044 B)
[dbg   673.210 ms] [cu] d2h
[dbg   673.298 ms] [gust] start
[dbg   673.378 ms] [gust] h2d
[dbg   673.380 ms] ESC: count intermediates begin
[dbg   673.396 ms] [gust] count
[dbg   673.434 ms] [gust] scan
[dbg   673.440 ms] ESC: expand begin (420 intermediates)
[dbg   673.452 ms] [gust] expand
[dbg   673.453 ms] ESC: sort_by_key begin
[dbg   673.498 ms] [gust] sort
[dbg   673.504 ms] ESC: reduce_by_key begin
[dbg   673.543 ms] [gust] reduce
[dbg   673.598 ms] [gust] final
[dbg   673.618 ms] [gust] pack
[dbg   673.628 ms] [gust] d2h
[dbg   673.720 ms] [merge] start
[dbg   673.796 ms] [merge] h2d
[dbg   673.799 ms] merge: count begin
[dbg   673.815 ms] [merge] count
[dbg   673.850 ms] [merge] scan
[dbg   673.856 ms] merge: expand_serial begin (420 intermediates)
[dbg   673.869 ms] [merge] expand
[dbg   673.876 ms] merge: merge_serial begin
[dbg   673.890 ms] [merge] merge
[dbg   673.930 ms] [merge] final
[dbg   673.953 ms] [merge] compact
[dbg   673.971 ms] [merge] pack
[dbg   673.982 ms] [merge] d2h
[dbg   674.069 ms] [mrg2] start
[dbg   674.143 ms] [mrg2] h2d
[dbg   674.146 ms] merge2: count begin
[dbg   674.161 ms] [mrg2] count
[dbg   674.198 ms] [mrg2] scan
[dbg   674.206 ms] merge2: merge_warp begin (420 intermediates)
[dbg   674.220 ms] [mrg2] merge
[dbg   674.262 ms] [mrg2] final
[dbg   674.285 ms] [mrg2] compact
[dbg   674.305 ms] [mrg2] pack
[dbg   674.315 ms] [mrg2] d2h
[dbg   674.404 ms] [cu] start
[dbg   674.467 ms] [cu] h2dmalloc (5044 B)
[dbg   674.480 ms] [cu] h2d (5044 B)
[dbg   674.487 ms] cusparse: workEstimation begin
[dbg   674.535 ms] [cu] workest (buf1=6103 B)
[dbg   674.538 ms] cusparse: compute begin
[dbg   674.694 ms] [cu] compute (buf2=16911 B)
[dbg   674.697 ms] cusparse: C size = 420 x 420, nnz=420
[dbg   674.703 ms] cusparse: copy begin
[dbg   674.748 ms] [cu] copy
[dbg   674.767 ms] [cu] pack
[dbg   674.783 ms] self_product: C D2H begin (5044 B)
[dbg   674.792 ms] [cu] d2h
[dbg   674.872 ms] [gust] start
[dbg   674.948 ms] [gust] h2d
[dbg   674.951 ms] ESC: count intermediates begin
[dbg   674.966 ms] [gust] count
[dbg   675.004 ms] [gust] scan
[dbg   675.011 ms] ESC: expand begin (420 intermediates)
[dbg   675.024 ms] [gust] expand
[dbg   675.026 ms] ESC: sort_by_key begin
[dbg   675.070 ms] [gust] sort
[dbg   675.076 ms] ESC: reduce_by_key begin
[dbg   675.108 ms] [gust] reduce
[dbg   675.168 ms] [gust] final
[dbg   675.186 ms] [gust] pack
[dbg   675.196 ms] [gust] d2h
[dbg   675.296 ms] [merge] start
[dbg   675.375 ms] [merge] h2d
[dbg   675.378 ms] merge: count begin
[dbg   675.394 ms] [merge] count
[dbg   675.430 ms] [merge] scan
[dbg   675.435 ms] merge: expand_serial begin (420 intermediates)
[dbg   675.447 ms] [merge] expand
[dbg   675.454 ms] merge: merge_serial begin
[dbg   675.466 ms] [merge] merge
[dbg   675.505 ms] [merge] final
[dbg   675.528 ms] [merge] compact
[dbg   675.545 ms] [merge] pack
[dbg   675.556 ms] [merge] d2h
[dbg   675.644 ms] [mrg2] start
[dbg   675.716 ms] [mrg2] h2d
[dbg   675.719 ms] merge2: count begin
[dbg   675.733 ms] [mrg2] count
[dbg   675.770 ms] [mrg2] scan
[dbg   675.778 ms] merge2: merge_warp begin (420 intermediates)
[dbg   675.792 ms] [mrg2] merge
[dbg   675.825 ms] [mrg2] final
[dbg   675.849 ms] [mrg2] compact
[dbg   675.866 ms] [mrg2] pack
[dbg   675.876 ms] [mrg2] d2h
[dbg   675.965 ms] warmup done
[dbg   675.996 ms] T1 cuSPARSE self_product: start
[dbg   676.002 ms] [cu] start
[dbg   676.067 ms] [cu] h2dmalloc (5044 B)
[dbg   676.081 ms] [cu] h2d (5044 B)
[dbg   676.089 ms] cusparse: workEstimation begin
[dbg   676.138 ms] [cu] workest (buf1=6103 B)
[dbg   676.141 ms] cusparse: compute begin
[dbg   676.301 ms] [cu] compute (buf2=16911 B)
[dbg   676.305 ms] cusparse: C size = 420 x 420, nnz=420
[dbg   676.311 ms] cusparse: copy begin
[dbg   676.356 ms] [cu] copy
[dbg   676.376 ms] [cu] pack
[dbg   676.391 ms] self_product: C D2H begin (5044 B)
[dbg   676.401 ms] [cu] d2h
[dbg   676.489 ms] T1 cuSPARSE self_product: done (C_nnz=420)
[dbg   676.512 ms] T4 manual self_product: start
[dbg   676.514 ms] [gust] start
[dbg   676.592 ms] [gust] h2d
[dbg   676.595 ms] ESC: count intermediates begin
[dbg   676.612 ms] [gust] count
[dbg   676.652 ms] [gust] scan
[dbg   676.658 ms] ESC: expand begin (420 intermediates)
[dbg   676.672 ms] [gust] expand
[dbg   676.673 ms] ESC: sort_by_key begin
[dbg   676.716 ms] [gust] sort
[dbg   676.722 ms] ESC: reduce_by_key begin
[dbg   676.755 ms] [gust] reduce
[dbg   676.808 ms] [gust] final
[dbg   676.826 ms] [gust] pack
[dbg   676.836 ms] [gust] d2h
[dbg   676.926 ms] T4 manual self_product: done (C_nnz=420)
[dbg   676.950 ms] T4b merge self_product: start
[dbg   676.952 ms] [merge] start
[dbg   677.028 ms] [merge] h2d
[dbg   677.031 ms] merge: count begin
[dbg   677.045 ms] [merge] count
[dbg   677.081 ms] [merge] scan
[dbg   677.088 ms] merge: expand_serial begin (420 intermediates)
[dbg   677.100 ms] [merge] expand
[dbg   677.106 ms] merge: merge_serial begin
[dbg   677.119 ms] [merge] merge
[dbg   677.157 ms] [merge] final
[dbg   677.181 ms] [merge] compact
[dbg   677.198 ms] [merge] pack
[dbg   677.211 ms] [merge] d2h
[dbg   677.311 ms] T4b merge self_product: done (C_nnz=420)
[dbg   677.334 ms] T4c merge2 self_product: start
[dbg   677.335 ms] [mrg2] start
[dbg   677.410 ms] [mrg2] h2d
[dbg   677.413 ms] merge2: count begin
[dbg   677.429 ms] [mrg2] count
[dbg   677.466 ms] [mrg2] scan
[dbg   677.474 ms] merge2: merge_warp begin (420 intermediates)
[dbg   677.488 ms] [mrg2] merge
[dbg   677.522 ms] [mrg2] final
[dbg   677.544 ms] [mrg2] compact
[dbg   677.561 ms] [mrg2] pack
[dbg   677.571 ms] [mrg2] d2h
[dbg   677.660 ms] T4c merge2 self_product: done (C_nnz=420)
Reading matrix from ./data/first100/bcsstm06.mtx...
Input A: 420 x 420, nnz = 420, sparsity = 99.76%
===============WARMING UP (3 rounds)===============
=== Computing C = A x A (cuSPARSE) ===
Result C: 420 x 420, nnz = 420, sparsity = 99.76%
Time: 0.496 ms

=== Computing C = A x A (Manual) ===
Result C: 420 x 420, nnz = 420, sparsity = 99.76%
Time: 0.417 ms

=== Computing C = A x A (Merge) ===
Result C: 420 x 420, nnz = 420, sparsity = 99.76%
Time: 0.364 ms

=== Computing C = A x A (Merge2) ===
Result C: 420 x 420, nnz = 420, sparsity = 99.76%
Time: 0.329 ms

=== All tests completed ===
[57/100] Processing bcsstm07 ... (max 600s)
[dbg     0.001 ms] main entry, initializing CUDA context...
[dbg   488.334 ms] CUDA context ready
[dbg   488.506 ms] start read_matrix_market: ./data/first100/bcsstm07.mtx
[dbg   491.125 ms] read done: 420 x 420, nnz=7252
[mempool] host pinned arena ready: 256 MB (USE_MEMPOOL=ON)
[dbg   639.461 ms] [cu] start
[dbg   647.711 ms] [cu] h2dmalloc (59700 B)
[dbg   647.792 ms] [cu] h2d (59700 B)
[dbg   647.831 ms] cusparse: workEstimation begin
[dbg   671.358 ms] [cu] workest (buf1=88087 B)
[dbg   671.371 ms] cusparse: compute begin
[dbg   672.185 ms] [cu] compute (buf2=3383703 B)
[dbg   672.195 ms] cusparse: C size = 420 x 420, nnz=22972
[dbg   672.212 ms] cusparse: copy begin
[dbg   672.317 ms] [cu] copy
[dbg   672.347 ms] [cu] pack
[dbg   672.517 ms] self_product: C D2H begin (185460 B)
[dbg   672.548 ms] [cu] d2h
[dbg   672.646 ms] [gust] start
[dbg   672.751 ms] [gust] h2d
[dbg   672.754 ms] ESC: count intermediates begin
[dbg   674.397 ms] [gust] count
[dbg   674.659 ms] [gust] scan
[dbg   674.675 ms] ESC: expand begin (140656 intermediates)
[dbg   674.717 ms] [gust] expand
[dbg   674.718 ms] ESC: sort_by_key begin
[dbg   675.187 ms] [gust] sort
[dbg   675.264 ms] ESC: reduce_by_key begin
[dbg   675.447 ms] [gust] reduce
[dbg   675.527 ms] [gust] final
[dbg   675.552 ms] [gust] pack
[dbg   675.576 ms] [gust] d2h
[dbg   675.763 ms] [merge] start
[dbg   675.867 ms] [merge] h2d
[dbg   675.871 ms] merge: count begin
[dbg   675.892 ms] [merge] count
[dbg   675.934 ms] [merge] scan
[dbg   675.942 ms] merge: expand_serial begin (140656 intermediates)
[dbg   676.453 ms] [merge] expand
[dbg   676.570 ms] merge: merge_serial begin
[dbg   676.847 ms] [merge] merge
[dbg   676.901 ms] [merge] final
[dbg   677.045 ms] [merge] compact
[dbg   677.069 ms] [merge] pack
[dbg   677.093 ms] [merge] d2h
[dbg   677.187 ms] [mrg2] start
[dbg   677.273 ms] [mrg2] h2d
[dbg   677.276 ms] merge2: count begin
[dbg   677.295 ms] [mrg2] count
[dbg   677.335 ms] [mrg2] scan
[dbg   677.344 ms] merge2: merge_warp begin (140656 intermediates)
[dbg   677.447 ms] [mrg2] merge
[dbg   677.484 ms] [mrg2] final
[dbg   677.508 ms] [mrg2] compact
[dbg   677.526 ms] [mrg2] pack
[dbg   677.551 ms] [mrg2] d2h
[dbg   677.645 ms] [cu] start
[dbg   677.714 ms] [cu] h2dmalloc (59700 B)
[dbg   677.731 ms] [cu] h2d (59700 B)
[dbg   677.741 ms] cusparse: workEstimation begin
[dbg   677.814 ms] [cu] workest (buf1=88087 B)
[dbg   677.816 ms] cusparse: compute begin
[dbg   678.082 ms] [cu] compute (buf2=3383703 B)
[dbg   678.086 ms] cusparse: C size = 420 x 420, nnz=22972
[dbg   678.093 ms] cusparse: copy begin
[dbg   678.141 ms] [cu] copy
[dbg   678.160 ms] [cu] pack
[dbg   678.257 ms] self_product: C D2H begin (185460 B)
[dbg   678.282 ms] [cu] d2h
[dbg   678.357 ms] [gust] start
[dbg   678.436 ms] [gust] h2d
[dbg   678.437 ms] ESC: count intermediates begin
[dbg   678.456 ms] [gust] count
[dbg   678.495 ms] [gust] scan
[dbg   678.502 ms] ESC: expand begin (140656 intermediates)
[dbg   678.524 ms] [gust] expand
[dbg   678.537 ms] ESC: sort_by_key begin
[dbg   678.817 ms] [gust] sort
[dbg   678.884 ms] ESC: reduce_by_key begin
[dbg   678.927 ms] [gust] reduce
[dbg   678.996 ms] [gust] final
[dbg   679.016 ms] [gust] pack
[dbg   679.041 ms] [gust] d2h
[dbg   679.204 ms] [merge] start
[dbg   679.281 ms] [merge] h2d
[dbg   679.283 ms] merge: count begin
[dbg   679.304 ms] [merge] count
[dbg   679.343 ms] [merge] scan
[dbg   679.349 ms] merge: expand_serial begin (140656 intermediates)
[dbg   679.421 ms] [merge] expand
[dbg   679.489 ms] merge: merge_serial begin
[dbg   679.735 ms] [merge] merge
[dbg   679.778 ms] [merge] final
[dbg   679.887 ms] [merge] compact
[dbg   679.909 ms] [merge] pack
[dbg   679.943 ms] [merge] d2h
[dbg   680.034 ms] [mrg2] start
[dbg   680.111 ms] [mrg2] h2d
[dbg   680.113 ms] merge2: count begin
[dbg   680.129 ms] [mrg2] count
[dbg   680.167 ms] [mrg2] scan
[dbg   680.176 ms] merge2: merge_warp begin (140656 intermediates)
[dbg   680.240 ms] [mrg2] merge
[dbg   680.276 ms] [mrg2] final
[dbg   680.300 ms] [mrg2] compact
[dbg   680.318 ms] [mrg2] pack
[dbg   680.342 ms] [mrg2] d2h
[dbg   680.431 ms] [cu] start
[dbg   680.493 ms] [cu] h2dmalloc (59700 B)
[dbg   680.509 ms] [cu] h2d (59700 B)
[dbg   680.517 ms] cusparse: workEstimation begin
[dbg   680.569 ms] [cu] workest (buf1=88087 B)
[dbg   680.571 ms] cusparse: compute begin
[dbg   680.833 ms] [cu] compute (buf2=3383703 B)
[dbg   680.836 ms] cusparse: C size = 420 x 420, nnz=22972
[dbg   680.844 ms] cusparse: copy begin
[dbg   680.890 ms] [cu] copy
[dbg   680.909 ms] [cu] pack
[dbg   681.007 ms] self_product: C D2H begin (185460 B)
[dbg   681.033 ms] [cu] d2h
[dbg   681.106 ms] [gust] start
[dbg   681.185 ms] [gust] h2d
[dbg   681.188 ms] ESC: count intermediates begin
[dbg   681.205 ms] [gust] count
[dbg   681.244 ms] [gust] scan
[dbg   681.250 ms] ESC: expand begin (140656 intermediates)
[dbg   681.271 ms] [gust] expand
[dbg   681.272 ms] ESC: sort_by_key begin
[dbg   681.540 ms] [gust] sort
[dbg   681.604 ms] ESC: reduce_by_key begin
[dbg   681.647 ms] [gust] reduce
[dbg   681.710 ms] [gust] final
[dbg   681.730 ms] [gust] pack
[dbg   681.754 ms] [gust] d2h
[dbg   681.922 ms] [merge] start
[dbg   682.001 ms] [merge] h2d
[dbg   682.004 ms] merge: count begin
[dbg   682.022 ms] [merge] count
[dbg   682.060 ms] [merge] scan
[dbg   682.066 ms] merge: expand_serial begin (140656 intermediates)
[dbg   682.136 ms] [merge] expand
[dbg   682.202 ms] merge: merge_serial begin
[dbg   682.446 ms] [merge] merge
[dbg   682.487 ms] [merge] final
[dbg   682.584 ms] [merge] compact
[dbg   682.605 ms] [merge] pack
[dbg   682.628 ms] [merge] d2h
[dbg   682.716 ms] [mrg2] start
[dbg   682.791 ms] [mrg2] h2d
[dbg   682.793 ms] merge2: count begin
[dbg   682.810 ms] [mrg2] count
[dbg   682.847 ms] [mrg2] scan
[dbg   682.855 ms] merge2: merge_warp begin (140656 intermediates)
[dbg   682.919 ms] [mrg2] merge
[dbg   682.956 ms] [mrg2] final
[dbg   682.980 ms] [mrg2] compact
[dbg   682.998 ms] [mrg2] pack
[dbg   683.022 ms] [mrg2] d2h
[dbg   683.114 ms] warmup done
[dbg   683.142 ms] T1 cuSPARSE self_product: start
[dbg   683.143 ms] [cu] start
[dbg   683.208 ms] [cu] h2dmalloc (59700 B)
[dbg   683.225 ms] [cu] h2d (59700 B)
[dbg   683.232 ms] cusparse: workEstimation begin
[dbg   683.284 ms] [cu] workest (buf1=88087 B)
[dbg   683.286 ms] cusparse: compute begin
[dbg   683.538 ms] [cu] compute (buf2=3383703 B)
[dbg   683.541 ms] cusparse: C size = 420 x 420, nnz=22972
[dbg   683.549 ms] cusparse: copy begin
[dbg   683.594 ms] [cu] copy
[dbg   683.613 ms] [cu] pack
[dbg   683.708 ms] self_product: C D2H begin (185460 B)
[dbg   683.734 ms] [cu] d2h
[dbg   683.818 ms] T1 cuSPARSE self_product: done (C_nnz=22972)
[dbg   683.843 ms] T4 manual self_product: start
[dbg   683.844 ms] [gust] start
[dbg   683.926 ms] [gust] h2d
[dbg   683.928 ms] ESC: count intermediates begin
[dbg   683.946 ms] [gust] count
[dbg   683.987 ms] [gust] scan
[dbg   684.003 ms] ESC: expand begin (140656 intermediates)
[dbg   684.025 ms] [gust] expand
[dbg   684.029 ms] ESC: sort_by_key begin
[dbg   684.300 ms] [gust] sort
[dbg   684.363 ms] ESC: reduce_by_key begin
[dbg   684.403 ms] [gust] reduce
[dbg   684.463 ms] [gust] final
[dbg   684.491 ms] [gust] pack
[dbg   684.515 ms] [gust] d2h
[dbg   684.674 ms] T4 manual self_product: done (C_nnz=22972)
[dbg   684.694 ms] T4b merge self_product: start
[dbg   684.696 ms] [merge] start
[dbg   684.773 ms] [merge] h2d
[dbg   684.775 ms] merge: count begin
[dbg   684.803 ms] [merge] count
[dbg   684.842 ms] [merge] scan
[dbg   684.847 ms] merge: expand_serial begin (140656 intermediates)
[dbg   684.917 ms] [merge] expand
[dbg   684.987 ms] merge: merge_serial begin
[dbg   685.230 ms] [merge] merge
[dbg   685.272 ms] [merge] final
[dbg   685.374 ms] [merge] compact
[dbg   685.394 ms] [merge] pack
[dbg   685.425 ms] [merge] d2h
[dbg   685.509 ms] T4b merge self_product: done (C_nnz=22972)
[dbg   685.529 ms] T4c merge2 self_product: start
[dbg   685.530 ms] [mrg2] start
[dbg   685.606 ms] [mrg2] h2d
[dbg   685.608 ms] merge2: count begin
[dbg   685.625 ms] [mrg2] count
[dbg   685.662 ms] [mrg2] scan
[dbg   685.670 ms] merge2: merge_warp begin (140656 intermediates)
[dbg   685.735 ms] [mrg2] merge
[dbg   685.771 ms] [mrg2] final
[dbg   685.799 ms] [mrg2] compact
[dbg   685.818 ms] [mrg2] pack
[dbg   685.842 ms] [mrg2] d2h
[dbg   685.936 ms] T4c merge2 self_product: done (C_nnz=22972)
Reading matrix from ./data/first100/bcsstm07.mtx...
Input A: 420 x 420, nnz = 7252, sparsity = 95.89%
===============WARMING UP (3 rounds)===============
=== Computing C = A x A (cuSPARSE) ===
Result C: 420 x 420, nnz = 22972, sparsity = 86.98%
Time: 0.679 ms

=== Computing C = A x A (Manual) ===
Result C: 420 x 420, nnz = 22972, sparsity = 86.98%
Time: 0.835 ms

=== Computing C = A x A (Merge) ===
Result C: 420 x 420, nnz = 22972, sparsity = 86.98%
Time: 0.818 ms

=== Computing C = A x A (Merge2) ===
Result C: 420 x 420, nnz = 22972, sparsity = 86.98%
Time: 0.410 ms

=== All tests completed ===
[58/100] Processing bcsstm08 ... (max 600s)
[dbg     0.001 ms] main entry, initializing CUDA context...
[dbg   484.134 ms] CUDA context ready
[dbg   484.316 ms] start read_matrix_market: ./data/first100/bcsstm08.mtx
[dbg   486.072 ms] read done: 1074 x 1074, nnz=1074
[mempool] host pinned arena ready: 256 MB (USE_MEMPOOL=ON)
[dbg   638.990 ms] [cu] start
[dbg   647.527 ms] [cu] h2dmalloc (12892 B)
[dbg   647.608 ms] [cu] h2d (12892 B)
[dbg   647.646 ms] cusparse: workEstimation begin
[dbg   673.341 ms] [cu] workest (buf1=13951 B)
[dbg   673.356 ms] cusparse: compute begin
[dbg   674.040 ms] [cu] compute (buf2=44671 B)
[dbg   674.049 ms] cusparse: C size = 1074 x 1074, nnz=1074
[dbg   674.060 ms] cusparse: copy begin
[dbg   674.166 ms] [cu] copy
[dbg   674.205 ms] [cu] pack
[dbg   674.234 ms] self_product: C D2H begin (12892 B)
[dbg   674.249 ms] [cu] d2h
[dbg   674.488 ms] [gust] start
[dbg   674.644 ms] [gust] h2d
[dbg   674.648 ms] ESC: count intermediates begin
[dbg   676.282 ms] [gust] count
[dbg   676.570 ms] [gust] scan
[dbg   676.581 ms] ESC: expand begin (1074 intermediates)
[dbg   676.619 ms] [gust] expand
[dbg   676.620 ms] ESC: sort_by_key begin
[dbg   676.704 ms] [gust] sort
[dbg   676.712 ms] ESC: reduce_by_key begin
[dbg   676.885 ms] [gust] reduce
[dbg   676.963 ms] [gust] final
[dbg   676.982 ms] [gust] pack
[dbg   676.993 ms] [gust] d2h
[dbg   677.128 ms] [merge] start
[dbg   677.228 ms] [merge] h2d
[dbg   677.231 ms] merge: count begin
[dbg   677.248 ms] [merge] count
[dbg   677.303 ms] [merge] scan
[dbg   677.309 ms] merge: expand_serial begin (1074 intermediates)
[dbg   677.777 ms] [merge] expand
[dbg   677.793 ms] merge: merge_serial begin
[dbg   677.833 ms] [merge] merge
[dbg   677.880 ms] [merge] final
[dbg   677.918 ms] [merge] compact
[dbg   677.938 ms] [merge] pack
[dbg   677.948 ms] [merge] d2h
[dbg   678.081 ms] [mrg2] start
[dbg   678.181 ms] [mrg2] h2d
[dbg   678.184 ms] merge2: count begin
[dbg   678.200 ms] [mrg2] count
[dbg   678.240 ms] [mrg2] scan
[dbg   678.257 ms] merge2: merge_warp begin (1074 intermediates)
[dbg   678.317 ms] [mrg2] merge
[dbg   678.355 ms] [mrg2] final
[dbg   678.380 ms] [mrg2] compact
[dbg   678.399 ms] [mrg2] pack
[dbg   678.413 ms] [mrg2] d2h
[dbg   678.509 ms] [cu] start
[dbg   678.578 ms] [cu] h2dmalloc (12892 B)
[dbg   678.593 ms] [cu] h2d (12892 B)
[dbg   678.602 ms] cusparse: workEstimation begin
[dbg   678.663 ms] [cu] workest (buf1=13951 B)
[dbg   678.665 ms] cusparse: compute begin
[dbg   678.839 ms] [cu] compute (buf2=44671 B)
[dbg   678.842 ms] cusparse: C size = 1074 x 1074, nnz=1074
[dbg   678.848 ms] cusparse: copy begin
[dbg   678.898 ms] [cu] copy
[dbg   678.917 ms] [cu] pack
[dbg   678.933 ms] self_product: C D2H begin (12892 B)
[dbg   678.943 ms] [cu] d2h
[dbg   679.027 ms] [gust] start
[dbg   679.113 ms] [gust] h2d
[dbg   679.115 ms] ESC: count intermediates begin
[dbg   679.130 ms] [gust] count
[dbg   679.170 ms] [gust] scan
[dbg   679.177 ms] ESC: expand begin (1074 intermediates)
[dbg   679.192 ms] [gust] expand
[dbg   679.193 ms] ESC: sort_by_key begin
[dbg   679.238 ms] [gust] sort
[dbg   679.245 ms] ESC: reduce_by_key begin
[dbg   679.292 ms] [gust] reduce
[dbg   679.350 ms] [gust] final
[dbg   679.368 ms] [gust] pack
[dbg   679.378 ms] [gust] d2h
[dbg   679.470 ms] [merge] start
[dbg   679.554 ms] [merge] h2d
[dbg   679.556 ms] merge: count begin
[dbg   679.571 ms] [merge] count
[dbg   679.609 ms] [merge] scan
[dbg   679.614 ms] merge: expand_serial begin (1074 intermediates)
[dbg   679.628 ms] [merge] expand
[dbg   679.634 ms] merge: merge_serial begin
[dbg   679.647 ms] [merge] merge
[dbg   679.685 ms] [merge] final
[dbg   679.710 ms] [merge] compact
[dbg   679.728 ms] [merge] pack
[dbg   679.739 ms] [merge] d2h
[dbg   679.827 ms] [mrg2] start
[dbg   679.907 ms] [mrg2] h2d
[dbg   679.909 ms] merge2: count begin
[dbg   679.924 ms] [mrg2] count
[dbg   679.961 ms] [mrg2] scan
[dbg   679.968 ms] merge2: merge_warp begin (1074 intermediates)
[dbg   679.981 ms] [mrg2] merge
[dbg   680.014 ms] [mrg2] final
[dbg   680.037 ms] [mrg2] compact
[dbg   680.056 ms] [mrg2] pack
[dbg   680.067 ms] [mrg2] d2h
[dbg   680.153 ms] [cu] start
[dbg   680.214 ms] [cu] h2dmalloc (12892 B)
[dbg   680.234 ms] [cu] h2d (12892 B)
[dbg   680.241 ms] cusparse: workEstimation begin
[dbg   680.301 ms] [cu] workest (buf1=13951 B)
[dbg   680.304 ms] cusparse: compute begin
[dbg   680.469 ms] [cu] compute (buf2=44671 B)
[dbg   680.473 ms] cusparse: C size = 1074 x 1074, nnz=1074
[dbg   680.479 ms] cusparse: copy begin
[dbg   680.527 ms] [cu] copy
[dbg   680.546 ms] [cu] pack
[dbg   680.561 ms] self_product: C D2H begin (12892 B)
[dbg   680.570 ms] [cu] d2h
[dbg   680.657 ms] [gust] start
[dbg   680.738 ms] [gust] h2d
[dbg   680.741 ms] ESC: count intermediates begin
[dbg   680.755 ms] [gust] count
[dbg   680.794 ms] [gust] scan
[dbg   680.801 ms] ESC: expand begin (1074 intermediates)
[dbg   680.814 ms] [gust] expand
[dbg   680.815 ms] ESC: sort_by_key begin
[dbg   680.861 ms] [gust] sort
[dbg   680.868 ms] ESC: reduce_by_key begin
[dbg   680.907 ms] [gust] reduce
[dbg   680.963 ms] [gust] final
[dbg   680.982 ms] [gust] pack
[dbg   680.992 ms] [gust] d2h
[dbg   681.082 ms] [merge] start
[dbg   681.159 ms] [merge] h2d
[dbg   681.162 ms] merge: count begin
[dbg   681.178 ms] [merge] count
[dbg   681.214 ms] [merge] scan
[dbg   681.221 ms] merge: expand_serial begin (1074 intermediates)
[dbg   681.234 ms] [merge] expand
[dbg   681.240 ms] merge: merge_serial begin
[dbg   681.253 ms] [merge] merge
[dbg   681.301 ms] [merge] final
[dbg   681.327 ms] [merge] compact
[dbg   681.344 ms] [merge] pack
[dbg   681.354 ms] [merge] d2h
[dbg   681.443 ms] [mrg2] start
[dbg   681.520 ms] [mrg2] h2d
[dbg   681.524 ms] merge2: count begin
[dbg   681.539 ms] [mrg2] count
[dbg   681.576 ms] [mrg2] scan
[dbg   681.584 ms] merge2: merge_warp begin (1074 intermediates)
[dbg   681.598 ms] [mrg2] merge
[dbg   681.631 ms] [mrg2] final
[dbg   681.654 ms] [mrg2] compact
[dbg   681.671 ms] [mrg2] pack
[dbg   681.682 ms] [mrg2] d2h
[dbg   681.768 ms] warmup done
[dbg   681.798 ms] T1 cuSPARSE self_product: start
[dbg   681.801 ms] [cu] start
[dbg   681.865 ms] [cu] h2dmalloc (12892 B)
[dbg   681.884 ms] [cu] h2d (12892 B)
[dbg   681.891 ms] cusparse: workEstimation begin
[dbg   681.942 ms] [cu] workest (buf1=13951 B)
[dbg   681.945 ms] cusparse: compute begin
[dbg   682.112 ms] [cu] compute (buf2=44671 B)
[dbg   682.115 ms] cusparse: C size = 1074 x 1074, nnz=1074
[dbg   682.121 ms] cusparse: copy begin
[dbg   682.169 ms] [cu] copy
[dbg   682.189 ms] [cu] pack
[dbg   682.205 ms] self_product: C D2H begin (12892 B)
[dbg   682.214 ms] [cu] d2h
[dbg   682.306 ms] T1 cuSPARSE self_product: done (C_nnz=1074)
[dbg   682.334 ms] T4 manual self_product: start
[dbg   682.335 ms] [gust] start
[dbg   682.416 ms] [gust] h2d
[dbg   682.419 ms] ESC: count intermediates begin
[dbg   682.435 ms] [gust] count
[dbg   682.477 ms] [gust] scan
[dbg   682.485 ms] ESC: expand begin (1074 intermediates)
[dbg   682.498 ms] [gust] expand
[dbg   682.500 ms] ESC: sort_by_key begin
[dbg   682.544 ms] [gust] sort
[dbg   682.551 ms] ESC: reduce_by_key begin
[dbg   682.584 ms] [gust] reduce
[dbg   682.641 ms] [gust] final
[dbg   682.659 ms] [gust] pack
[dbg   682.670 ms] [gust] d2h
[dbg   682.761 ms] T4 manual self_product: done (C_nnz=1074)
[dbg   682.779 ms] T4b merge self_product: start
[dbg   682.781 ms] [merge] start
[dbg   682.858 ms] [merge] h2d
[dbg   682.861 ms] merge: count begin
[dbg   682.877 ms] [merge] count
[dbg   682.915 ms] [merge] scan
[dbg   682.922 ms] merge: expand_serial begin (1074 intermediates)
[dbg   682.935 ms] [merge] expand
[dbg   682.941 ms] merge: merge_serial begin
[dbg   682.954 ms] [merge] merge
[dbg   682.991 ms] [merge] final
[dbg   683.015 ms] [merge] compact
[dbg   683.032 ms] [merge] pack
[dbg   683.043 ms] [merge] d2h
[dbg   683.131 ms] T4b merge self_product: done (C_nnz=1074)
[dbg   683.151 ms] T4c merge2 self_product: start
[dbg   683.152 ms] [mrg2] start
[dbg   683.227 ms] [mrg2] h2d
[dbg   683.231 ms] merge2: count begin
[dbg   683.246 ms] [mrg2] count
[dbg   683.294 ms] [mrg2] scan
[dbg   683.303 ms] merge2: merge_warp begin (1074 intermediates)
[dbg   683.316 ms] [mrg2] merge
[dbg   683.350 ms] [mrg2] final
[dbg   683.373 ms] [mrg2] compact
[dbg   683.390 ms] [mrg2] pack
[dbg   683.400 ms] [mrg2] d2h
[dbg   683.488 ms] T4c merge2 self_product: done (C_nnz=1074)
Reading matrix from ./data/first100/bcsstm08.mtx...
Input A: 1074 x 1074, nnz = 1074, sparsity = 99.91%
===============WARMING UP (3 rounds)===============
=== Computing C = A x A (cuSPARSE) ===
Result C: 1074 x 1074, nnz = 1074, sparsity = 99.91%
Time: 0.511 ms

=== Computing C = A x A (Manual) ===
Result C: 1074 x 1074, nnz = 1074, sparsity = 99.91%
Time: 0.431 ms

=== Computing C = A x A (Merge) ===
Result C: 1074 x 1074, nnz = 1074, sparsity = 99.91%
Time: 0.355 ms

=== Computing C = A x A (Merge2) ===
Result C: 1074 x 1074, nnz = 1074, sparsity = 99.91%
Time: 0.341 ms

=== All tests completed ===
[59/100] Processing bcsstm09 ... (max 600s)
[dbg     0.001 ms] main entry, initializing CUDA context...
[dbg   481.544 ms] CUDA context ready
[dbg   481.713 ms] start read_matrix_market: ./data/first100/bcsstm09.mtx
[dbg   483.479 ms] read done: 1083 x 1083, nnz=1083
[mempool] host pinned arena ready: 256 MB (USE_MEMPOOL=ON)
[dbg   630.612 ms] [cu] start
[dbg   638.789 ms] [cu] h2dmalloc (13000 B)
[dbg   638.856 ms] [cu] h2d (13000 B)
[dbg   638.893 ms] cusparse: workEstimation begin
[dbg   662.866 ms] [cu] workest (buf1=14059 B)
[dbg   662.880 ms] cusparse: compute begin
[dbg   663.588 ms] [cu] compute (buf2=44923 B)
[dbg   663.595 ms] cusparse: C size = 1083 x 1083, nnz=1083
[dbg   663.605 ms] cusparse: copy begin
[dbg   663.709 ms] [cu] copy
[dbg   663.735 ms] [cu] pack
[dbg   663.754 ms] self_product: C D2H begin (13000 B)
[dbg   663.776 ms] [cu] d2h
[dbg   663.947 ms] [gust] start
[dbg   664.067 ms] [gust] h2d
[dbg   664.070 ms] ESC: count intermediates begin
[dbg   665.654 ms] [gust] count
[dbg   665.923 ms] [gust] scan
[dbg   665.935 ms] ESC: expand begin (1083 intermediates)
[dbg   665.968 ms] [gust] expand
[dbg   665.969 ms] ESC: sort_by_key begin
[dbg   666.060 ms] [gust] sort
[dbg   666.067 ms] ESC: reduce_by_key begin
[dbg   666.246 ms] [gust] reduce
[dbg   666.321 ms] [gust] final
[dbg   666.339 ms] [gust] pack
[dbg   666.350 ms] [gust] d2h
[dbg   666.487 ms] [merge] start
[dbg   666.585 ms] [merge] h2d
[dbg   666.588 ms] merge: count begin
[dbg   666.606 ms] [merge] count
[dbg   666.647 ms] [merge] scan
[dbg   666.653 ms] merge: expand_serial begin (1083 intermediates)
[dbg   667.107 ms] [merge] expand
[dbg   667.121 ms] merge: merge_serial begin
[dbg   667.167 ms] [merge] merge
[dbg   667.215 ms] [merge] final
[dbg   667.252 ms] [merge] compact
[dbg   667.272 ms] [merge] pack
[dbg   667.282 ms] [merge] d2h
[dbg   667.411 ms] [mrg2] start
[dbg   667.511 ms] [mrg2] h2d
[dbg   667.514 ms] merge2: count begin
[dbg   667.530 ms] [mrg2] count
[dbg   667.569 ms] [mrg2] scan
[dbg   667.578 ms] merge2: merge_warp begin (1083 intermediates)
[dbg   667.623 ms] [mrg2] merge
[dbg   667.665 ms] [mrg2] final
[dbg   667.689 ms] [mrg2] compact
[dbg   667.711 ms] [mrg2] pack
[dbg   667.721 ms] [mrg2] d2h
[dbg   667.820 ms] [cu] start
[dbg   667.888 ms] [cu] h2dmalloc (13000 B)
[dbg   667.904 ms] [cu] h2d (13000 B)
[dbg   667.915 ms] cusparse: workEstimation begin
[dbg   667.972 ms] [cu] workest (buf1=14059 B)
[dbg   667.985 ms] cusparse: compute begin
[dbg   668.165 ms] [cu] compute (buf2=44923 B)
[dbg   668.168 ms] cusparse: C size = 1083 x 1083, nnz=1083
[dbg   668.175 ms] cusparse: copy begin
[dbg   668.222 ms] [cu] copy
[dbg   668.240 ms] [cu] pack
[dbg   668.257 ms] self_product: C D2H begin (13000 B)
[dbg   668.266 ms] [cu] d2h
[dbg   668.352 ms] [gust] start
[dbg   668.436 ms] [gust] h2d
[dbg   668.439 ms] ESC: count intermediates begin
[dbg   668.455 ms] [gust] count
[dbg   668.494 ms] [gust] scan
[dbg   668.500 ms] ESC: expand begin (1083 intermediates)
[dbg   668.514 ms] [gust] expand
[dbg   668.515 ms] ESC: sort_by_key begin
[dbg   668.562 ms] [gust] sort
[dbg   668.568 ms] ESC: reduce_by_key begin
[dbg   668.602 ms] [gust] reduce
[dbg   668.659 ms] [gust] final
[dbg   668.678 ms] [gust] pack
[dbg   668.688 ms] [gust] d2h
[dbg   668.778 ms] [merge] start
[dbg   668.855 ms] [merge] h2d
[dbg   668.859 ms] merge: count begin
[dbg   668.874 ms] [merge] count
[dbg   668.910 ms] [merge] scan
[dbg   668.917 ms] merge: expand_serial begin (1083 intermediates)
[dbg   668.931 ms] [merge] expand
[dbg   668.943 ms] merge: merge_serial begin
[dbg   668.957 ms] [merge] merge
[dbg   668.996 ms] [merge] final
[dbg   669.020 ms] [merge] compact
[dbg   669.039 ms] [merge] pack
[dbg   669.051 ms] [merge] d2h
[dbg   669.142 ms] [mrg2] start
[dbg   669.232 ms] [mrg2] h2d
[dbg   669.235 ms] merge2: count begin
[dbg   669.251 ms] [mrg2] count
[dbg   669.288 ms] [mrg2] scan
[dbg   669.296 ms] merge2: merge_warp begin (1083 intermediates)
[dbg   669.310 ms] [mrg2] merge
[dbg   669.343 ms] [mrg2] final
[dbg   669.366 ms] [mrg2] compact
[dbg   669.384 ms] [mrg2] pack
[dbg   669.395 ms] [mrg2] d2h
[dbg   669.485 ms] [cu] start
[dbg   669.548 ms] [cu] h2dmalloc (13000 B)
[dbg   669.568 ms] [cu] h2d (13000 B)
[dbg   669.574 ms] cusparse: workEstimation begin
[dbg   669.624 ms] [cu] workest (buf1=14059 B)
[dbg   669.627 ms] cusparse: compute begin
[dbg   669.804 ms] [cu] compute (buf2=44923 B)
[dbg   669.807 ms] cusparse: C size = 1083 x 1083, nnz=1083
[dbg   669.813 ms] cusparse: copy begin
[dbg   669.861 ms] [cu] copy
[dbg   669.879 ms] [cu] pack
[dbg   669.895 ms] self_product: C D2H begin (13000 B)
[dbg   669.904 ms] [cu] d2h
[dbg   669.990 ms] [gust] start
[dbg   670.071 ms] [gust] h2d
[dbg   670.074 ms] ESC: count intermediates begin
[dbg   670.089 ms] [gust] count
[dbg   670.127 ms] [gust] scan
[dbg   670.134 ms] ESC: expand begin (1083 intermediates)
[dbg   670.158 ms] [gust] expand
[dbg   670.160 ms] ESC: sort_by_key begin
[dbg   670.205 ms] [gust] sort
[dbg   670.211 ms] ESC: reduce_by_key begin
[dbg   670.244 ms] [gust] reduce
[dbg   670.302 ms] [gust] final
[dbg   670.320 ms] [gust] pack
[dbg   670.330 ms] [gust] d2h
[dbg   670.425 ms] [merge] start
[dbg   670.502 ms] [merge] h2d
[dbg   670.505 ms] merge: count begin
[dbg   670.520 ms] [merge] count
[dbg   670.557 ms] [merge] scan
[dbg   670.563 ms] merge: expand_serial begin (1083 intermediates)
[dbg   670.576 ms] [merge] expand
[dbg   670.583 ms] merge: merge_serial begin
[dbg   670.595 ms] [merge] merge
[dbg   670.633 ms] [merge] final
[dbg   670.656 ms] [merge] compact
[dbg   670.675 ms] [merge] pack
[dbg   670.685 ms] [merge] d2h
[dbg   670.773 ms] [mrg2] start
[dbg   670.847 ms] [mrg2] h2d
[dbg   670.850 ms] merge2: count begin
[dbg   670.865 ms] [mrg2] count
[dbg   670.901 ms] [mrg2] scan
[dbg   670.909 ms] merge2: merge_warp begin (1083 intermediates)
[dbg   670.924 ms] [mrg2] merge
[dbg   670.958 ms] [mrg2] final
[dbg   670.980 ms] [mrg2] compact
[dbg   670.998 ms] [mrg2] pack
[dbg   671.008 ms] [mrg2] d2h
[dbg   671.095 ms] warmup done
[dbg   671.124 ms] T1 cuSPARSE self_product: start
[dbg   671.128 ms] [cu] start
[dbg   671.202 ms] [cu] h2dmalloc (13000 B)
[dbg   671.221 ms] [cu] h2d (13000 B)
[dbg   671.227 ms] cusparse: workEstimation begin
[dbg   671.278 ms] [cu] workest (buf1=14059 B)
[dbg   671.281 ms] cusparse: compute begin
[dbg   671.444 ms] [cu] compute (buf2=44923 B)
[dbg   671.447 ms] cusparse: C size = 1083 x 1083, nnz=1083
[dbg   671.453 ms] cusparse: copy begin
[dbg   671.501 ms] [cu] copy
[dbg   671.520 ms] [cu] pack
[dbg   671.536 ms] self_product: C D2H begin (13000 B)
[dbg   671.545 ms] [cu] d2h
[dbg   671.632 ms] T1 cuSPARSE self_product: done (C_nnz=1083)
[dbg   671.657 ms] T4 manual self_product: start
[dbg   671.659 ms] [gust] start
[dbg   671.745 ms] [gust] h2d
[dbg   671.749 ms] ESC: count intermediates begin
[dbg   671.764 ms] [gust] count
[dbg   671.805 ms] [gust] scan
[dbg   671.811 ms] ESC: expand begin (1083 intermediates)
[dbg   671.824 ms] [gust] expand
[dbg   671.826 ms] ESC: sort_by_key begin
[dbg   671.871 ms] [gust] sort
[dbg   671.877 ms] ESC: reduce_by_key begin
[dbg   671.909 ms] [gust] reduce
[dbg   671.967 ms] [gust] final
[dbg   671.984 ms] [gust] pack
[dbg   671.994 ms] [gust] d2h
[dbg   672.086 ms] T4 manual self_product: done (C_nnz=1083)
[dbg   672.106 ms] T4b merge self_product: start
[dbg   672.108 ms] [merge] start
[dbg   672.196 ms] [merge] h2d
[dbg   672.200 ms] merge: count begin
[dbg   672.215 ms] [merge] count
[dbg   672.252 ms] [merge] scan
[dbg   672.258 ms] merge: expand_serial begin (1083 intermediates)
[dbg   672.271 ms] [merge] expand
[dbg   672.278 ms] merge: merge_serial begin
[dbg   672.292 ms] [merge] merge
[dbg   672.329 ms] [merge] final
[dbg   672.353 ms] [merge] compact
[dbg   672.371 ms] [merge] pack
[dbg   672.381 ms] [merge] d2h
[dbg   672.471 ms] T4b merge self_product: done (C_nnz=1083)
[dbg   672.488 ms] T4c merge2 self_product: start
[dbg   672.490 ms] [mrg2] start
[dbg   672.566 ms] [mrg2] h2d
[dbg   672.570 ms] merge2: count begin
[dbg   672.584 ms] [mrg2] count
[dbg   672.621 ms] [mrg2] scan
[dbg   672.629 ms] merge2: merge_warp begin (1083 intermediates)
[dbg   672.643 ms] [mrg2] merge
[dbg   672.676 ms] [mrg2] final
[dbg   672.698 ms] [mrg2] compact
[dbg   672.715 ms] [mrg2] pack
[dbg   672.725 ms] [mrg2] d2h
[dbg   672.813 ms] T4c merge2 self_product: done (C_nnz=1083)
Reading matrix from ./data/first100/bcsstm09.mtx...
Input A: 1083 x 1083, nnz = 1083, sparsity = 99.91%
===============WARMING UP (3 rounds)===============
=== Computing C = A x A (cuSPARSE) ===
Result C: 1083 x 1083, nnz = 1083, sparsity = 99.91%
Time: 0.512 ms

=== Computing C = A x A (Manual) ===
Result C: 1083 x 1083, nnz = 1083, sparsity = 99.91%
Time: 0.432 ms

=== Computing C = A x A (Merge) ===
Result C: 1083 x 1083, nnz = 1083, sparsity = 99.91%
Time: 0.368 ms

=== Computing C = A x A (Merge2) ===
Result C: 1083 x 1083, nnz = 1083, sparsity = 99.91%
Time: 0.329 ms

=== All tests completed ===
[60/100] Processing bcsstm10 ... (max 600s)
[dbg     0.000 ms] main entry, initializing CUDA context...
[dbg   484.376 ms] CUDA context ready
[dbg   484.541 ms] start read_matrix_market: ./data/first100/bcsstm10.mtx
[dbg   489.621 ms] read done: 1086 x 1086, nnz=22092
[mempool] host pinned arena ready: 256 MB (USE_MEMPOOL=ON)
[dbg   641.348 ms] [cu] start
[dbg   649.467 ms] [cu] h2dmalloc (181084 B)
[dbg   649.544 ms] [cu] h2d (181084 B)
[dbg   649.584 ms] cusparse: workEstimation begin
[dbg   673.692 ms] [cu] workest (buf1=266423 B)
[dbg   673.707 ms] cusparse: compute begin
[dbg   674.539 ms] [cu] compute (buf2=11623735 B)
[dbg   674.548 ms] cusparse: C size = 1086 x 1086, nnz=54504
[dbg   674.565 ms] cusparse: copy begin
[dbg   674.672 ms] [cu] copy
[dbg   674.701 ms] [cu] pack
[dbg   674.879 ms] self_product: C D2H begin (440380 B)
[dbg   674.929 ms] [cu] d2h
[dbg   675.030 ms] [gust] start
[dbg   675.142 ms] [gust] h2d
[dbg   675.145 ms] ESC: count intermediates begin
[dbg   676.734 ms] [gust] count
[dbg   677.001 ms] [gust] scan
[dbg   677.181 ms] ESC: expand begin (483692 intermediates)
[dbg   677.232 ms] [gust] expand
[dbg   677.234 ms] ESC: sort_by_key begin
[dbg   677.705 ms] [gust] sort
[dbg   677.846 ms] ESC: reduce_by_key begin
[dbg   678.061 ms] [gust] reduce
[dbg   678.400 ms] [gust] final
[dbg   678.425 ms] [gust] pack
[dbg   678.470 ms] [gust] d2h
[dbg   678.641 ms] [merge] start
[dbg   678.740 ms] [merge] h2d
[dbg   678.745 ms] merge: count begin
[dbg   678.763 ms] [merge] count
[dbg   678.804 ms] [merge] scan
[dbg   678.927 ms] merge: expand_serial begin (483692 intermediates)
[dbg   679.474 ms] [merge] expand
[dbg   679.649 ms] merge: merge_serial begin
[dbg   679.948 ms] [merge] merge
[dbg   680.103 ms] [merge] final
[dbg   680.296 ms] [merge] compact
[dbg   680.321 ms] [merge] pack
[dbg   680.365 ms] [merge] d2h
[dbg   680.526 ms] [mrg2] start
[dbg   680.617 ms] [mrg2] h2d
[dbg   680.621 ms] merge2: count begin
[dbg   680.639 ms] [mrg2] count
[dbg   680.679 ms] [mrg2] scan
[dbg   680.803 ms] merge2: merge_warp begin (483692 intermediates)
[dbg   680.909 ms] [mrg2] merge
[dbg   680.950 ms] [mrg2] final
[dbg   681.060 ms] [mrg2] compact
[dbg   681.083 ms] [mrg2] pack
[dbg   681.127 ms] [mrg2] d2h
[dbg   681.282 ms] [cu] start
[dbg   681.347 ms] [cu] h2dmalloc (181084 B)
[dbg   681.371 ms] [cu] h2d (181084 B)
[dbg   681.383 ms] cusparse: workEstimation begin
[dbg   681.439 ms] [cu] workest (buf1=266423 B)
[dbg   681.441 ms] cusparse: compute begin
[dbg   681.713 ms] [cu] compute (buf2=11623735 B)
[dbg   681.717 ms] cusparse: C size = 1086 x 1086, nnz=54504
[dbg   681.724 ms] cusparse: copy begin
[dbg   681.774 ms] [cu] copy
[dbg   681.792 ms] [cu] pack
[dbg   681.891 ms] self_product: C D2H begin (440380 B)
[dbg   681.936 ms] [cu] d2h
[dbg   682.025 ms] [gust] start
[dbg   682.114 ms] [gust] h2d
[dbg   682.116 ms] ESC: count intermediates begin
[dbg   682.135 ms] [gust] count
[dbg   682.176 ms] [gust] scan
[dbg   682.293 ms] ESC: expand begin (483692 intermediates)
[dbg   682.320 ms] [gust] expand
[dbg   682.321 ms] ESC: sort_by_key begin
[dbg   682.609 ms] [gust] sort
[dbg   682.726 ms] ESC: reduce_by_key begin
[dbg   682.771 ms] [gust] reduce
[dbg   683.070 ms] [gust] final
[dbg   683.094 ms] [gust] pack
[dbg   683.138 ms] [gust] d2h
[dbg   683.295 ms] [merge] start
[dbg   683.382 ms] [merge] h2d
[dbg   683.385 ms] merge: count begin
[dbg   683.402 ms] [merge] count
[dbg   683.441 ms] [merge] scan
[dbg   683.557 ms] merge: expand_serial begin (483692 intermediates)
[dbg   683.643 ms] [merge] expand
[dbg   683.756 ms] merge: merge_serial begin
[dbg   684.029 ms] [merge] merge
[dbg   684.154 ms] [merge] final
[dbg   684.321 ms] [merge] compact
[dbg   684.341 ms] [merge] pack
[dbg   684.384 ms] [merge] d2h
[dbg   684.537 ms] [mrg2] start
[dbg   684.622 ms] [mrg2] h2d
[dbg   684.625 ms] merge2: count begin
[dbg   684.642 ms] [mrg2] count
[dbg   684.679 ms] [mrg2] scan
[dbg   684.797 ms] merge2: merge_warp begin (483692 intermediates)
[dbg   684.871 ms] [mrg2] merge
[dbg   684.910 ms] [mrg2] final
[dbg   685.018 ms] [mrg2] compact
[dbg   685.040 ms] [mrg2] pack
[dbg   685.084 ms] [mrg2] d2h
[dbg   685.236 ms] [cu] start
[dbg   685.299 ms] [cu] h2dmalloc (181084 B)
[dbg   685.324 ms] [cu] h2d (181084 B)
[dbg   685.332 ms] cusparse: workEstimation begin
[dbg   685.382 ms] [cu] workest (buf1=266423 B)
[dbg   685.385 ms] cusparse: compute begin
[dbg   685.650 ms] [cu] compute (buf2=11623735 B)
[dbg   685.653 ms] cusparse: C size = 1086 x 1086, nnz=54504
[dbg   685.660 ms] cusparse: copy begin
[dbg   685.707 ms] [cu] copy
[dbg   685.727 ms] [cu] pack
[dbg   685.825 ms] self_product: C D2H begin (440380 B)
[dbg   685.870 ms] [cu] d2h
[dbg   685.946 ms] [gust] start
[dbg   686.042 ms] [gust] h2d
[dbg   686.045 ms] ESC: count intermediates begin
[dbg   686.063 ms] [gust] count
[dbg   686.102 ms] [gust] scan
[dbg   686.222 ms] ESC: expand begin (483692 intermediates)
[dbg   686.251 ms] [gust] expand
[dbg   686.252 ms] ESC: sort_by_key begin
[dbg   686.537 ms] [gust] sort
[dbg   686.652 ms] ESC: reduce_by_key begin
[dbg   686.696 ms] [gust] reduce
[dbg   686.989 ms] [gust] final
[dbg   687.012 ms] [gust] pack
[dbg   687.056 ms] [gust] d2h
[dbg   687.213 ms] [merge] start
[dbg   687.299 ms] [merge] h2d
[dbg   687.302 ms] merge: count begin
[dbg   687.319 ms] [merge] count
[dbg   687.357 ms] [merge] scan
[dbg   687.470 ms] merge: expand_serial begin (483692 intermediates)
[dbg   687.556 ms] [merge] expand
[dbg   687.668 ms] merge: merge_serial begin
[dbg   687.941 ms] [merge] merge
[dbg   688.068 ms] [merge] final
[dbg   688.236 ms] [merge] compact
[dbg   688.257 ms] [merge] pack
[dbg   688.301 ms] [merge] d2h
[dbg   688.456 ms] [mrg2] start
[dbg   688.540 ms] [mrg2] h2d
[dbg   688.542 ms] merge2: count begin
[dbg   688.558 ms] [mrg2] count
[dbg   688.595 ms] [mrg2] scan
[dbg   688.710 ms] merge2: merge_warp begin (483692 intermediates)
[dbg   688.783 ms] [mrg2] merge
[dbg   688.820 ms] [mrg2] final
[dbg   688.918 ms] [mrg2] compact
[dbg   688.939 ms] [mrg2] pack
[dbg   688.982 ms] [mrg2] d2h
[dbg   689.137 ms] warmup done
[dbg   689.163 ms] T1 cuSPARSE self_product: start
[dbg   689.165 ms] [cu] start
[dbg   689.230 ms] [cu] h2dmalloc (181084 B)
[dbg   689.256 ms] [cu] h2d (181084 B)
[dbg   689.262 ms] cusparse: workEstimation begin
[dbg   689.313 ms] [cu] workest (buf1=266423 B)
[dbg   689.320 ms] cusparse: compute begin
[dbg   689.589 ms] [cu] compute (buf2=11623735 B)
[dbg   689.593 ms] cusparse: C size = 1086 x 1086, nnz=54504
[dbg   689.599 ms] cusparse: copy begin
[dbg   689.648 ms] [cu] copy
[dbg   689.666 ms] [cu] pack
[dbg   689.764 ms] self_product: C D2H begin (440380 B)
[dbg   689.810 ms] [cu] d2h
[dbg   689.888 ms] T1 cuSPARSE self_product: done (C_nnz=54504)
[dbg   689.915 ms] T4 manual self_product: start
[dbg   689.916 ms] [gust] start
[dbg   690.016 ms] [gust] h2d
[dbg   690.019 ms] ESC: count intermediates begin
[dbg   690.037 ms] [gust] count
[dbg   690.078 ms] [gust] scan
[dbg   690.196 ms] ESC: expand begin (483692 intermediates)
[dbg   690.223 ms] [gust] expand
[dbg   690.225 ms] ESC: sort_by_key begin
[dbg   690.512 ms] [gust] sort
[dbg   690.627 ms] ESC: reduce_by_key begin
[dbg   690.669 ms] [gust] reduce
[dbg   690.959 ms] [gust] final
[dbg   690.990 ms] [gust] pack
[dbg   691.035 ms] [gust] d2h
[dbg   691.191 ms] T4 manual self_product: done (C_nnz=54504)
[dbg   691.212 ms] T4b merge self_product: start
[dbg   691.213 ms] [merge] start
[dbg   691.302 ms] [merge] h2d
[dbg   691.305 ms] merge: count begin
[dbg   691.322 ms] [merge] count
[dbg   691.360 ms] [merge] scan
[dbg   691.478 ms] merge: expand_serial begin (483692 intermediates)
[dbg   691.564 ms] [merge] expand
[dbg   691.677 ms] merge: merge_serial begin
[dbg   691.949 ms] [merge] merge
[dbg   692.080 ms] [merge] final
[dbg   692.255 ms] [merge] compact
[dbg   692.277 ms] [merge] pack
[dbg   692.320 ms] [merge] d2h
[dbg   692.475 ms] T4b merge self_product: done (C_nnz=54504)
[dbg   692.494 ms] T4c merge2 self_product: start
[dbg   692.495 ms] [mrg2] start
[dbg   692.583 ms] [mrg2] h2d
[dbg   692.586 ms] merge2: count begin
[dbg   692.603 ms] [mrg2] count
[dbg   692.641 ms] [mrg2] scan
[dbg   692.760 ms] merge2: merge_warp begin (483692 intermediates)
[dbg   692.835 ms] [mrg2] merge
[dbg   692.873 ms] [mrg2] final
[dbg   692.980 ms] [mrg2] compact
[dbg   693.002 ms] [mrg2] pack
[dbg   693.046 ms] [mrg2] d2h
[dbg   693.202 ms] T4c merge2 self_product: done (C_nnz=54504)
Reading matrix from ./data/first100/bcsstm10.mtx...
Input A: 1086 x 1086, nnz = 22092, sparsity = 98.13%
===============WARMING UP (3 rounds)===============
=== Computing C = A x A (cuSPARSE) ===
Result C: 1086 x 1086, nnz = 54504, sparsity = 95.38%
Time: 0.728 ms

=== Computing C = A x A (Manual) ===
Result C: 1086 x 1086, nnz = 54504, sparsity = 95.38%
Time: 1.279 ms

=== Computing C = A x A (Merge) ===
Result C: 1086 x 1086, nnz = 54504, sparsity = 95.38%
Time: 1.266 ms

=== Computing C = A x A (Merge2) ===
Result C: 1086 x 1086, nnz = 54504, sparsity = 95.38%
Time: 0.712 ms

=== All tests completed ===
[61/100] Processing bcsstm11 ... (max 600s)
[dbg     0.000 ms] main entry, initializing CUDA context...
[dbg   478.260 ms] CUDA context ready
[dbg   478.423 ms] start read_matrix_market: ./data/first100/bcsstm11.mtx
[dbg   480.273 ms] read done: 1473 x 1473, nnz=1473
[mempool] host pinned arena ready: 256 MB (USE_MEMPOOL=ON)
[dbg   628.163 ms] [cu] start
[dbg   636.601 ms] [cu] h2dmalloc (17680 B)
[dbg   636.671 ms] [cu] h2d (17680 B)
[dbg   636.709 ms] cusparse: workEstimation begin
[dbg   660.841 ms] [cu] workest (buf1=18739 B)
[dbg   660.855 ms] cusparse: compute begin
[dbg   661.520 ms] [cu] compute (buf2=59427 B)
[dbg   661.527 ms] cusparse: C size = 1473 x 1473, nnz=1473
[dbg   661.542 ms] cusparse: copy begin
[dbg   661.651 ms] [cu] copy
[dbg   661.676 ms] [cu] pack
[dbg   661.696 ms] self_product: C D2H begin (17680 B)
[dbg   661.714 ms] [cu] d2h
[dbg   661.887 ms] [gust] start
[dbg   662.016 ms] [gust] h2d
[dbg   662.021 ms] ESC: count intermediates begin
[dbg   663.648 ms] [gust] count
[dbg   663.934 ms] [gust] scan
[dbg   663.945 ms] ESC: expand begin (1473 intermediates)
[dbg   663.978 ms] [gust] expand
[dbg   663.980 ms] ESC: sort_by_key begin
[dbg   664.070 ms] [gust] sort
[dbg   664.077 ms] ESC: reduce_by_key begin
[dbg   664.232 ms] [gust] reduce
[dbg   664.328 ms] [gust] final
[dbg   664.348 ms] [gust] pack
[dbg   664.359 ms] [gust] d2h
[dbg   664.504 ms] [merge] start
[dbg   664.615 ms] [merge] h2d
[dbg   664.618 ms] merge: count begin
[dbg   664.638 ms] [merge] count
[dbg   664.694 ms] [merge] scan
[dbg   664.702 ms] merge: expand_serial begin (1473 intermediates)
[dbg   665.156 ms] [merge] expand
[dbg   665.171 ms] merge: merge_serial begin
[dbg   665.205 ms] [merge] merge
[dbg   665.253 ms] [merge] final
[dbg   665.301 ms] [merge] compact
[dbg   665.322 ms] [merge] pack
[dbg   665.333 ms] [merge] d2h
[dbg   665.466 ms] [mrg2] start
[dbg   665.576 ms] [mrg2] h2d
[dbg   665.579 ms] merge2: count begin
[dbg   665.598 ms] [mrg2] count
[dbg   665.641 ms] [mrg2] scan
[dbg   665.650 ms] merge2: merge_warp begin (1473 intermediates)
[dbg   665.700 ms] [mrg2] merge
[dbg   665.736 ms] [mrg2] final
[dbg   665.763 ms] [mrg2] compact
[dbg   665.782 ms] [mrg2] pack
[dbg   665.792 ms] [mrg2] d2h
[dbg   665.899 ms] [cu] start
[dbg   665.973 ms] [cu] h2dmalloc (17680 B)
[dbg   666.001 ms] [cu] h2d (17680 B)
[dbg   666.012 ms] cusparse: workEstimation begin
[dbg   666.073 ms] [cu] workest (buf1=18739 B)
[dbg   666.077 ms] cusparse: compute begin
[dbg   666.249 ms] [cu] compute (buf2=59427 B)
[dbg   666.252 ms] cusparse: C size = 1473 x 1473, nnz=1473
[dbg   666.260 ms] cusparse: copy begin
[dbg   666.315 ms] [cu] copy
[dbg   666.334 ms] [cu] pack
[dbg   666.350 ms] self_product: C D2H begin (17680 B)
[dbg   666.359 ms] [cu] d2h
[dbg   666.453 ms] [gust] start
[dbg   666.553 ms] [gust] h2d
[dbg   666.556 ms] ESC: count intermediates begin
[dbg   666.574 ms] [gust] count
[dbg   666.616 ms] [gust] scan
[dbg   666.621 ms] ESC: expand begin (1473 intermediates)
[dbg   666.635 ms] [gust] expand
[dbg   666.636 ms] ESC: sort_by_key begin
[dbg   666.682 ms] [gust] sort
[dbg   666.688 ms] ESC: reduce_by_key begin
[dbg   666.723 ms] [gust] reduce
[dbg   666.781 ms] [gust] final
[dbg   666.799 ms] [gust] pack
[dbg   666.809 ms] [gust] d2h
[dbg   666.912 ms] [merge] start
[dbg   667.001 ms] [merge] h2d
[dbg   667.004 ms] merge: count begin
[dbg   667.020 ms] [merge] count
[dbg   667.058 ms] [merge] scan
[dbg   667.063 ms] merge: expand_serial begin (1473 intermediates)
[dbg   667.077 ms] [merge] expand
[dbg   667.090 ms] merge: merge_serial begin
[dbg   667.105 ms] [merge] merge
[dbg   667.145 ms] [merge] final
[dbg   667.170 ms] [merge] compact
[dbg   667.188 ms] [merge] pack
[dbg   667.199 ms] [merge] d2h
[dbg   667.300 ms] [mrg2] start
[dbg   667.383 ms] [mrg2] h2d
[dbg   667.385 ms] merge2: count begin
[dbg   667.400 ms] [mrg2] count
[dbg   667.436 ms] [mrg2] scan
[dbg   667.443 ms] merge2: merge_warp begin (1473 intermediates)
[dbg   667.456 ms] [mrg2] merge
[dbg   667.488 ms] [mrg2] final
[dbg   667.512 ms] [mrg2] compact
[dbg   667.530 ms] [mrg2] pack
[dbg   667.540 ms] [mrg2] d2h
[dbg   667.628 ms] [cu] start
[dbg   667.691 ms] [cu] h2dmalloc (17680 B)
[dbg   667.706 ms] [cu] h2d (17680 B)
[dbg   667.715 ms] cusparse: workEstimation begin
[dbg   667.771 ms] [cu] workest (buf1=18739 B)
[dbg   667.773 ms] cusparse: compute begin
[dbg   667.943 ms] [cu] compute (buf2=59427 B)
[dbg   667.946 ms] cusparse: C size = 1473 x 1473, nnz=1473
[dbg   667.952 ms] cusparse: copy begin
[dbg   667.998 ms] [cu] copy
[dbg   668.017 ms] [cu] pack
[dbg   668.032 ms] self_product: C D2H begin (17680 B)
[dbg   668.041 ms] [cu] d2h
[dbg   668.133 ms] [gust] start
[dbg   668.224 ms] [gust] h2d
[dbg   668.230 ms] ESC: count intermediates begin
[dbg   668.247 ms] [gust] count
[dbg   668.297 ms] [gust] scan
[dbg   668.304 ms] ESC: expand begin (1473 intermediates)
[dbg   668.318 ms] [gust] expand
[dbg   668.319 ms] ESC: sort_by_key begin
[dbg   668.366 ms] [gust] sort
[dbg   668.375 ms] ESC: reduce_by_key begin
[dbg   668.416 ms] [gust] reduce
[dbg   668.474 ms] [gust] final
[dbg   668.492 ms] [gust] pack
[dbg   668.502 ms] [gust] d2h
[dbg   668.603 ms] [merge] start
[dbg   668.697 ms] [merge] h2d
[dbg   668.703 ms] merge: count begin
[dbg   668.718 ms] [merge] count
[dbg   668.756 ms] [merge] scan
[dbg   668.762 ms] merge: expand_serial begin (1473 intermediates)
[dbg   668.775 ms] [merge] expand
[dbg   668.782 ms] merge: merge_serial begin
[dbg   668.795 ms] [merge] merge
[dbg   668.833 ms] [merge] final
[dbg   668.857 ms] [merge] compact
[dbg   668.875 ms] [merge] pack
[dbg   668.885 ms] [merge] d2h
[dbg   668.975 ms] [mrg2] start
[dbg   669.057 ms] [mrg2] h2d
[dbg   669.061 ms] merge2: count begin
[dbg   669.077 ms] [mrg2] count
[dbg   669.114 ms] [mrg2] scan
[dbg   669.121 ms] merge2: merge_warp begin (1473 intermediates)
[dbg   669.135 ms] [mrg2] merge
[dbg   669.169 ms] [mrg2] final
[dbg   669.191 ms] [mrg2] compact
[dbg   669.209 ms] [mrg2] pack
[dbg   669.219 ms] [mrg2] d2h
[dbg   669.314 ms] warmup done
[dbg   669.345 ms] T1 cuSPARSE self_product: start
[dbg   669.346 ms] [cu] start
[dbg   669.414 ms] [cu] h2dmalloc (17680 B)
[dbg   669.433 ms] [cu] h2d (17680 B)
[dbg   669.441 ms] cusparse: workEstimation begin
[dbg   669.492 ms] [cu] workest (buf1=18739 B)
[dbg   669.495 ms] cusparse: compute begin
[dbg   669.671 ms] [cu] compute (buf2=59427 B)
[dbg   669.675 ms] cusparse: C size = 1473 x 1473, nnz=1473
[dbg   669.683 ms] cusparse: copy begin
[dbg   669.733 ms] [cu] copy
[dbg   669.753 ms] [cu] pack
[dbg   669.768 ms] self_product: C D2H begin (17680 B)
[dbg   669.777 ms] [cu] d2h
[dbg   669.866 ms] T1 cuSPARSE self_product: done (C_nnz=1473)
[dbg   669.907 ms] T4 manual self_product: start
[dbg   669.912 ms] [gust] start
[dbg   670.002 ms] [gust] h2d
[dbg   670.005 ms] ESC: count intermediates begin
[dbg   670.021 ms] [gust] count
[dbg   670.062 ms] [gust] scan
[dbg   670.068 ms] ESC: expand begin (1473 intermediates)
[dbg   670.081 ms] [gust] expand
[dbg   670.083 ms] ESC: sort_by_key begin
[dbg   670.128 ms] [gust] sort
[dbg   670.135 ms] ESC: reduce_by_key begin
[dbg   670.168 ms] [gust] reduce
[dbg   670.224 ms] [gust] final
[dbg   670.242 ms] [gust] pack
[dbg   670.252 ms] [gust] d2h
[dbg   670.350 ms] T4 manual self_product: done (C_nnz=1473)
[dbg   670.371 ms] T4b merge self_product: start
[dbg   670.373 ms] [merge] start
[dbg   670.457 ms] [merge] h2d
[dbg   670.461 ms] merge: count begin
[dbg   670.477 ms] [merge] count
[dbg   670.514 ms] [merge] scan
[dbg   670.520 ms] merge: expand_serial begin (1473 intermediates)
[dbg   670.533 ms] [merge] expand
[dbg   670.539 ms] merge: merge_serial begin
[dbg   670.552 ms] [merge] merge
[dbg   670.590 ms] [merge] final
[dbg   670.615 ms] [merge] compact
[dbg   670.633 ms] [merge] pack
[dbg   670.643 ms] [merge] d2h
[dbg   670.732 ms] T4b merge self_product: done (C_nnz=1473)
[dbg   670.750 ms] T4c merge2 self_product: start
[dbg   670.752 ms] [mrg2] start
[dbg   670.838 ms] [mrg2] h2d
[dbg   670.840 ms] merge2: count begin
[dbg   670.855 ms] [mrg2] count
[dbg   670.890 ms] [mrg2] scan
[dbg   670.896 ms] merge2: merge_warp begin (1473 intermediates)
[dbg   670.909 ms] [mrg2] merge
[dbg   670.942 ms] [mrg2] final
[dbg   670.968 ms] [mrg2] compact
[dbg   670.985 ms] [mrg2] pack
[dbg   670.996 ms] [mrg2] d2h
[dbg   671.086 ms] T4c merge2 self_product: done (C_nnz=1473)
Reading matrix from ./data/first100/bcsstm11.mtx...
Input A: 1473 x 1473, nnz = 1473, sparsity = 99.93%
===============WARMING UP (3 rounds)===============
=== Computing C = A x A (cuSPARSE) ===
Result C: 1473 x 1473, nnz = 1473, sparsity = 99.93%
Time: 0.525 ms

=== Computing C = A x A (Manual) ===
Result C: 1473 x 1473, nnz = 1473, sparsity = 99.93%
Time: 0.446 ms

=== Computing C = A x A (Merge) ===
Result C: 1473 x 1473, nnz = 1473, sparsity = 99.93%
Time: 0.364 ms

=== Computing C = A x A (Merge2) ===
Result C: 1473 x 1473, nnz = 1473, sparsity = 99.93%
Time: 0.339 ms

=== All tests completed ===
[62/100] Processing bcsstm12 ... (max 600s)
[dbg     0.000 ms] main entry, initializing CUDA context...
[dbg   482.835 ms] CUDA context ready
[dbg   482.999 ms] start read_matrix_market: ./data/first100/bcsstm12.mtx
[dbg   487.819 ms] read done: 1473 x 1473, nnz=19659
[mempool] host pinned arena ready: 256 MB (USE_MEMPOOL=ON)
[dbg   636.873 ms] [cu] start
[dbg   645.090 ms] [cu] h2dmalloc (163168 B)
[dbg   645.177 ms] [cu] h2d (163168 B)
[dbg   645.216 ms] cusparse: workEstimation begin
[dbg   669.215 ms] [cu] workest (buf1=237227 B)
[dbg   669.229 ms] cusparse: compute begin
[dbg   670.105 ms] [cu] compute (buf2=7257511 B)
[dbg   670.116 ms] cusparse: C size = 1473 x 1473, nnz=53615
[dbg   670.136 ms] cusparse: copy begin
[dbg   670.245 ms] [cu] copy
[dbg   670.276 ms] [cu] pack
[dbg   670.460 ms] self_product: C D2H begin (434816 B)
[dbg   670.509 ms] [cu] d2h
[dbg   670.609 ms] [gust] start
[dbg   670.734 ms] [gust] h2d
[dbg   670.737 ms] ESC: count intermediates begin
[dbg   672.405 ms] [gust] count
[dbg   672.692 ms] [gust] scan
[dbg   672.791 ms] ESC: expand begin (301639 intermediates)
[dbg   672.837 ms] [gust] expand
[dbg   672.838 ms] ESC: sort_by_key begin
[dbg   673.312 ms] [gust] sort
[dbg   673.440 ms] ESC: reduce_by_key begin
[dbg   673.630 ms] [gust] reduce
[dbg   673.892 ms] [gust] final
[dbg   673.917 ms] [gust] pack
[dbg   673.963 ms] [gust] d2h
[dbg   674.144 ms] [merge] start
[dbg   674.244 ms] [merge] h2d
[dbg   674.249 ms] merge: count begin
[dbg   674.269 ms] [merge] count
[dbg   674.310 ms] [merge] scan
[dbg   674.381 ms] merge: expand_serial begin (301639 intermediates)
[dbg   674.911 ms] [merge] expand
[dbg   675.090 ms] merge: merge_serial begin
[dbg   675.274 ms] [merge] merge
[dbg   675.424 ms] [merge] final
[dbg   675.616 ms] [merge] compact
[dbg   675.641 ms] [merge] pack
[dbg   675.686 ms] [merge] d2h
[dbg   675.780 ms] [mrg2] start
[dbg   675.874 ms] [mrg2] h2d
[dbg   675.879 ms] merge2: count begin
[dbg   675.898 ms] [mrg2] count
[dbg   675.939 ms] [mrg2] scan
[dbg   676.009 ms] merge2: merge_warp begin (301639 intermediates)
[dbg   676.100 ms] [mrg2] merge
[dbg   676.143 ms] [mrg2] final
[dbg   676.249 ms] [mrg2] compact
[dbg   676.270 ms] [mrg2] pack
[dbg   676.315 ms] [mrg2] d2h
[dbg   676.401 ms] [cu] start
[dbg   676.466 ms] [cu] h2dmalloc (163168 B)
[dbg   676.490 ms] [cu] h2d (163168 B)
[dbg   676.500 ms] cusparse: workEstimation begin
[dbg   676.563 ms] [cu] workest (buf1=237227 B)
[dbg   676.566 ms] cusparse: compute begin
[dbg   676.822 ms] [cu] compute (buf2=7257511 B)
[dbg   676.826 ms] cusparse: C size = 1473 x 1473, nnz=53615
[dbg   676.834 ms] cusparse: copy begin
[dbg   676.885 ms] [cu] copy
[dbg   676.906 ms] [cu] pack
[dbg   677.005 ms] self_product: C D2H begin (434816 B)
[dbg   677.049 ms] [cu] d2h
[dbg   677.131 ms] [gust] start
[dbg   677.220 ms] [gust] h2d
[dbg   677.223 ms] ESC: count intermediates begin
[dbg   677.241 ms] [gust] count
[dbg   677.282 ms] [gust] scan
[dbg   677.348 ms] ESC: expand begin (301639 intermediates)
[dbg   677.373 ms] [gust] expand
[dbg   677.375 ms] ESC: sort_by_key begin
[dbg   677.654 ms] [gust] sort
[dbg   677.779 ms] ESC: reduce_by_key begin
[dbg   677.833 ms] [gust] reduce
[dbg   678.044 ms] [gust] final
[dbg   678.065 ms] [gust] pack
[dbg   678.109 ms] [gust] d2h
[dbg   678.266 ms] [merge] start
[dbg   678.350 ms] [merge] h2d
[dbg   678.354 ms] merge: count begin
[dbg   678.372 ms] [merge] count
[dbg   678.409 ms] [merge] scan
[dbg   678.471 ms] merge: expand_serial begin (301639 intermediates)
[dbg   678.526 ms] [merge] expand
[dbg   678.647 ms] merge: merge_serial begin
[dbg   678.801 ms] [merge] merge
[dbg   678.923 ms] [merge] final
[dbg   679.086 ms] [merge] compact
[dbg   679.108 ms] [merge] pack
[dbg   679.152 ms] [merge] d2h
[dbg   679.238 ms] [mrg2] start
[dbg   679.320 ms] [mrg2] h2d
[dbg   679.322 ms] merge2: count begin
[dbg   679.339 ms] [mrg2] count
[dbg   679.377 ms] [mrg2] scan
[dbg   679.441 ms] merge2: merge_warp begin (301639 intermediates)
[dbg   679.505 ms] [mrg2] merge
[dbg   679.543 ms] [mrg2] final
[dbg   679.638 ms] [mrg2] compact
[dbg   679.666 ms] [mrg2] pack
[dbg   679.710 ms] [mrg2] d2h
[dbg   679.793 ms] [cu] start
[dbg   679.855 ms] [cu] h2dmalloc (163168 B)
[dbg   679.880 ms] [cu] h2d (163168 B)
[dbg   679.888 ms] cusparse: workEstimation begin
[dbg   679.943 ms] [cu] workest (buf1=237227 B)
[dbg   679.946 ms] cusparse: compute begin
[dbg   680.198 ms] [cu] compute (buf2=7257511 B)
[dbg   680.202 ms] cusparse: C size = 1473 x 1473, nnz=53615
[dbg   680.209 ms] cusparse: copy begin
[dbg   680.260 ms] [cu] copy
[dbg   680.279 ms] [cu] pack
[dbg   680.376 ms] self_product: C D2H begin (434816 B)
[dbg   680.420 ms] [cu] d2h
[dbg   680.496 ms] [gust] start
[dbg   680.580 ms] [gust] h2d
[dbg   680.583 ms] ESC: count intermediates begin
[dbg   680.601 ms] [gust] count
[dbg   680.640 ms] [gust] scan
[dbg   680.720 ms] ESC: expand begin (301639 intermediates)
[dbg   680.745 ms] [gust] expand
[dbg   680.747 ms] ESC: sort_by_key begin
[dbg   681.025 ms] [gust] sort
[dbg   681.136 ms] ESC: reduce_by_key begin
[dbg   681.180 ms] [gust] reduce
[dbg   681.386 ms] [gust] final
[dbg   681.407 ms] [gust] pack
[dbg   681.451 ms] [gust] d2h
[dbg   681.607 ms] [merge] start
[dbg   681.699 ms] [merge] h2d
[dbg   681.703 ms] merge: count begin
[dbg   681.721 ms] [merge] count
[dbg   681.758 ms] [merge] scan
[dbg   681.822 ms] merge: expand_serial begin (301639 intermediates)
[dbg   681.876 ms] [merge] expand
[dbg   681.986 ms] merge: merge_serial begin
[dbg   682.138 ms] [merge] merge
[dbg   682.258 ms] [merge] final
[dbg   682.419 ms] [merge] compact
[dbg   682.440 ms] [merge] pack
[dbg   682.484 ms] [merge] d2h
[dbg   682.569 ms] [mrg2] start
[dbg   682.651 ms] [mrg2] h2d
[dbg   682.654 ms] merge2: count begin
[dbg   682.681 ms] [mrg2] count
[dbg   682.720 ms] [mrg2] scan
[dbg   682.785 ms] merge2: merge_warp begin (301639 intermediates)
[dbg   682.843 ms] [mrg2] merge
[dbg   682.881 ms] [mrg2] final
[dbg   682.978 ms] [mrg2] compact
[dbg   682.998 ms] [mrg2] pack
[dbg   683.042 ms] [mrg2] d2h
[dbg   683.125 ms] warmup done
[dbg   683.152 ms] T1 cuSPARSE self_product: start
[dbg   683.155 ms] [cu] start
[dbg   683.218 ms] [cu] h2dmalloc (163168 B)
[dbg   683.242 ms] [cu] h2d (163168 B)
[dbg   683.250 ms] cusparse: workEstimation begin
[dbg   683.303 ms] [cu] workest (buf1=237227 B)
[dbg   683.306 ms] cusparse: compute begin
[dbg   683.555 ms] [cu] compute (buf2=7257511 B)
[dbg   683.559 ms] cusparse: C size = 1473 x 1473, nnz=53615
[dbg   683.566 ms] cusparse: copy begin
[dbg   683.615 ms] [cu] copy
[dbg   683.635 ms] [cu] pack
[dbg   683.745 ms] self_product: C D2H begin (434816 B)
[dbg   683.790 ms] [cu] d2h
[dbg   683.866 ms] T1 cuSPARSE self_product: done (C_nnz=53615)
[dbg   683.892 ms] T4 manual self_product: start
[dbg   683.894 ms] [gust] start
[dbg   683.981 ms] [gust] h2d
[dbg   683.984 ms] ESC: count intermediates begin
[dbg   684.002 ms] [gust] count
[dbg   684.044 ms] [gust] scan
[dbg   684.110 ms] ESC: expand begin (301639 intermediates)
[dbg   684.135 ms] [gust] expand
[dbg   684.137 ms] ESC: sort_by_key begin
[dbg   684.413 ms] [gust] sort
[dbg   684.524 ms] ESC: reduce_by_key begin
[dbg   684.568 ms] [gust] reduce
[dbg   684.787 ms] [gust] final
[dbg   684.809 ms] [gust] pack
[dbg   684.853 ms] [gust] d2h
[dbg   685.008 ms] T4 manual self_product: done (C_nnz=53615)
[dbg   685.031 ms] T4b merge self_product: start
[dbg   685.032 ms] [merge] start
[dbg   685.120 ms] [merge] h2d
[dbg   685.123 ms] merge: count begin
[dbg   685.141 ms] [merge] count
[dbg   685.179 ms] [merge] scan
[dbg   685.253 ms] merge: expand_serial begin (301639 intermediates)
[dbg   685.306 ms] [merge] expand
[dbg   685.420 ms] merge: merge_serial begin
[dbg   685.571 ms] [merge] merge
[dbg   685.701 ms] [merge] final
[dbg   685.866 ms] [merge] compact
[dbg   685.886 ms] [merge] pack
[dbg   685.930 ms] [merge] d2h
[dbg   686.015 ms] T4b merge self_product: done (C_nnz=53615)
[dbg   686.039 ms] T4c merge2 self_product: start
[dbg   686.040 ms] [mrg2] start
[dbg   686.125 ms] [mrg2] h2d
[dbg   686.128 ms] merge2: count begin
[dbg   686.146 ms] [mrg2] count
[dbg   686.184 ms] [mrg2] scan
[dbg   686.248 ms] merge2: merge_warp begin (301639 intermediates)
[dbg   686.305 ms] [mrg2] merge
[dbg   686.343 ms] [mrg2] final
[dbg   686.440 ms] [mrg2] compact
[dbg   686.461 ms] [mrg2] pack
[dbg   686.504 ms] [mrg2] d2h
[dbg   686.588 ms] T4c merge2 self_product: done (C_nnz=53615)
Reading matrix from ./data/first100/bcsstm12.mtx...
Input A: 1473 x 1473, nnz = 19659, sparsity = 99.09%
===============WARMING UP (3 rounds)===============
=== Computing C = A x A (cuSPARSE) ===
Result C: 1473 x 1473, nnz = 53615, sparsity = 97.53%
Time: 0.717 ms

=== Computing C = A x A (Manual) ===
Result C: 1473 x 1473, nnz = 53615, sparsity = 97.53%
Time: 1.118 ms

=== Computing C = A x A (Merge) ===
Result C: 1473 x 1473, nnz = 53615, sparsity = 97.53%
Time: 0.988 ms

=== Computing C = A x A (Merge2) ===
Result C: 1473 x 1473, nnz = 53615, sparsity = 97.53%
Time: 0.552 ms

=== All tests completed ===
[63/100] Processing bcsstm13 ... (max 600s)
[dbg     0.001 ms] main entry, initializing CUDA context...
[dbg   486.819 ms] CUDA context ready
[dbg   486.979 ms] start read_matrix_market: ./data/first100/bcsstm13.mtx
[dbg   492.455 ms] read done: 2003 x 2003, nnz=21943
[mempool] host pinned arena ready: 256 MB (USE_MEMPOOL=ON)
[dbg   640.550 ms] [cu] start
[dbg   649.150 ms] [cu] h2dmalloc (183560 B)
[dbg   649.240 ms] [cu] h2d (183560 B)
[dbg   649.282 ms] cusparse: workEstimation begin
[dbg   674.921 ms] [cu] workest (buf1=264635 B)
[dbg   674.935 ms] cusparse: compute begin
[dbg   676.144 ms] [cu] compute (buf2=18053063 B)
[dbg   676.155 ms] cusparse: C size = 2003 x 2003, nnz=90811
[dbg   676.173 ms] cusparse: copy begin
[dbg   676.281 ms] [cu] copy
[dbg   676.320 ms] [cu] pack
[dbg   676.480 ms] self_product: C D2H begin (734504 B)
[dbg   676.552 ms] [cu] d2h
[dbg   676.656 ms] [gust] start
[dbg   676.766 ms] [gust] h2d
[dbg   676.768 ms] ESC: count intermediates begin
[dbg   678.357 ms] [gust] count
[dbg   678.510 ms] [gust] scan
[dbg   678.722 ms] ESC: expand begin (751283 intermediates)
[dbg   678.781 ms] [gust] expand
[dbg   678.782 ms] ESC: sort_by_key begin
[dbg   679.329 ms] [gust] sort
[dbg   679.499 ms] ESC: reduce_by_key begin
[dbg   679.688 ms] [gust] reduce
[dbg   680.095 ms] [gust] final
[dbg   680.120 ms] [gust] pack
[dbg   680.188 ms] [gust] d2h
[dbg   680.300 ms] [merge] start
[dbg   680.414 ms] [merge] h2d
[dbg   680.420 ms] merge: count begin
[dbg   680.442 ms] [merge] count
[dbg   680.487 ms] [merge] scan
[dbg   680.613 ms] merge: expand_serial begin (751283 intermediates)
[dbg   681.362 ms] [merge] expand
[dbg   681.535 ms] merge: merge_serial begin
[dbg   683.326 ms] [merge] merge
[dbg   683.547 ms] [merge] final
[dbg   683.736 ms] [merge] compact
[dbg   683.760 ms] [merge] pack
[dbg   683.829 ms] [merge] d2h
[dbg   683.925 ms] [mrg2] start
[dbg   684.017 ms] [mrg2] h2d
[dbg   684.022 ms] merge2: count begin
[dbg   684.044 ms] [mrg2] count
[dbg   684.086 ms] [mrg2] scan
[dbg   684.209 ms] merge2: merge_warp begin (751283 intermediates)
[dbg   684.537 ms] [mrg2] merge
[dbg   684.581 ms] [mrg2] final
[dbg   684.758 ms] [mrg2] compact
[dbg   684.780 ms] [mrg2] pack
[dbg   684.847 ms] [mrg2] d2h
[dbg   684.937 ms] [cu] start
[dbg   685.003 ms] [cu] h2dmalloc (183560 B)
[dbg   685.029 ms] [cu] h2d (183560 B)
[dbg   685.039 ms] cusparse: workEstimation begin
[dbg   685.099 ms] [cu] workest (buf1=264635 B)
[dbg   685.103 ms] cusparse: compute begin
[dbg   685.464 ms] [cu] compute (buf2=18053063 B)
[dbg   685.468 ms] cusparse: C size = 2003 x 2003, nnz=90811
[dbg   685.476 ms] cusparse: copy begin
[dbg   685.527 ms] [cu] copy
[dbg   685.547 ms] [cu] pack
[dbg   685.652 ms] self_product: C D2H begin (734504 B)
[dbg   685.721 ms] [cu] d2h
[dbg   685.801 ms] [gust] start
[dbg   685.889 ms] [gust] h2d
[dbg   685.891 ms] ESC: count intermediates begin
[dbg   685.912 ms] [gust] count
[dbg   685.955 ms] [gust] scan
[dbg   686.073 ms] ESC: expand begin (751283 intermediates)
[dbg   686.112 ms] [gust] expand
[dbg   686.113 ms] ESC: sort_by_key begin
[dbg   686.466 ms] [gust] sort
[dbg   686.605 ms] ESC: reduce_by_key begin
[dbg   686.655 ms] [gust] reduce
[dbg   687.023 ms] [gust] final
[dbg   687.046 ms] [gust] pack
[dbg   687.113 ms] [gust] d2h
[dbg   687.204 ms] [merge] start
[dbg   687.293 ms] [merge] h2d
[dbg   687.298 ms] merge: count begin
[dbg   687.320 ms] [merge] count
[dbg   687.359 ms] [merge] scan
[dbg   687.478 ms] merge: expand_serial begin (751283 intermediates)
[dbg   687.773 ms] [merge] expand
[dbg   687.886 ms] merge: merge_serial begin
[dbg   689.646 ms] [merge] merge
[dbg   689.840 ms] [merge] final
[dbg   690.006 ms] [merge] compact
[dbg   690.028 ms] [merge] pack
[dbg   690.096 ms] [merge] d2h
[dbg   690.183 ms] [mrg2] start
[dbg   690.269 ms] [mrg2] h2d
[dbg   690.274 ms] merge2: count begin
[dbg   690.294 ms] [mrg2] count
[dbg   690.338 ms] [mrg2] scan
[dbg   690.457 ms] merge2: merge_warp begin (751283 intermediates)
[dbg   690.740 ms] [mrg2] merge
[dbg   690.779 ms] [mrg2] final
[dbg   690.947 ms] [mrg2] compact
[dbg   690.967 ms] [mrg2] pack
[dbg   691.034 ms] [mrg2] d2h
[dbg   691.120 ms] [cu] start
[dbg   691.180 ms] [cu] h2dmalloc (183560 B)
[dbg   691.207 ms] [cu] h2d (183560 B)
[dbg   691.214 ms] cusparse: workEstimation begin
[dbg   691.267 ms] [cu] workest (buf1=264635 B)
[dbg   691.270 ms] cusparse: compute begin
[dbg   691.628 ms] [cu] compute (buf2=18053063 B)
[dbg   691.632 ms] cusparse: C size = 2003 x 2003, nnz=90811
[dbg   691.640 ms] cusparse: copy begin
[dbg   691.687 ms] [cu] copy
[dbg   691.708 ms] [cu] pack
[dbg   691.809 ms] self_product: C D2H begin (734504 B)
[dbg   691.877 ms] [cu] d2h
[dbg   691.952 ms] [gust] start
[dbg   692.039 ms] [gust] h2d
[dbg   692.042 ms] ESC: count intermediates begin
[dbg   692.062 ms] [gust] count
[dbg   692.102 ms] [gust] scan
[dbg   692.215 ms] ESC: expand begin (751283 intermediates)
[dbg   692.256 ms] [gust] expand
[dbg   692.257 ms] ESC: sort_by_key begin
[dbg   692.606 ms] [gust] sort
[dbg   692.735 ms] ESC: reduce_by_key begin
[dbg   692.783 ms] [gust] reduce
[dbg   693.142 ms] [gust] final
[dbg   693.164 ms] [gust] pack
[dbg   693.231 ms] [gust] d2h
[dbg   693.331 ms] [merge] start
[dbg   693.423 ms] [merge] h2d
[dbg   693.428 ms] merge: count begin
[dbg   693.448 ms] [merge] count
[dbg   693.488 ms] [merge] scan
[dbg   693.602 ms] merge: expand_serial begin (751283 intermediates)
[dbg   693.898 ms] [merge] expand
[dbg   694.009 ms] merge: merge_serial begin
[dbg   695.780 ms] [merge] merge
[dbg   695.971 ms] [merge] final
[dbg   696.136 ms] [merge] compact
[dbg   696.157 ms] [merge] pack
[dbg   696.225 ms] [merge] d2h
[dbg   696.321 ms] [mrg2] start
[dbg   696.411 ms] [mrg2] h2d
[dbg   696.414 ms] merge2: count begin
[dbg   696.433 ms] [mrg2] count
[dbg   696.472 ms] [mrg2] scan
[dbg   696.588 ms] merge2: merge_warp begin (751283 intermediates)
[dbg   696.871 ms] [mrg2] merge
[dbg   696.910 ms] [mrg2] final
[dbg   697.076 ms] [mrg2] compact
[dbg   697.098 ms] [mrg2] pack
[dbg   697.165 ms] [mrg2] d2h
[dbg   697.249 ms] warmup done
[dbg   697.282 ms] T1 cuSPARSE self_product: start
[dbg   697.284 ms] [cu] start
[dbg   697.360 ms] [cu] h2dmalloc (183560 B)
[dbg   697.389 ms] [cu] h2d (183560 B)
[dbg   697.396 ms] cusparse: workEstimation begin
[dbg   697.451 ms] [cu] workest (buf1=264635 B)
[dbg   697.454 ms] cusparse: compute begin
[dbg   697.811 ms] [cu] compute (buf2=18053063 B)
[dbg   697.815 ms] cusparse: C size = 2003 x 2003, nnz=90811
[dbg   697.822 ms] cusparse: copy begin
[dbg   697.870 ms] [cu] copy
[dbg   697.891 ms] [cu] pack
[dbg   697.995 ms] self_product: C D2H begin (734504 B)
[dbg   698.065 ms] [cu] d2h
[dbg   698.144 ms] T1 cuSPARSE self_product: done (C_nnz=90811)
[dbg   698.176 ms] T4 manual self_product: start
[dbg   698.178 ms] [gust] start
[dbg   698.268 ms] [gust] h2d
[dbg   698.271 ms] ESC: count intermediates begin
[dbg   698.293 ms] [gust] count
[dbg   698.348 ms] [gust] scan
[dbg   698.469 ms] ESC: expand begin (751283 intermediates)
[dbg   698.509 ms] [gust] expand
[dbg   698.511 ms] ESC: sort_by_key begin
[dbg   698.851 ms] [gust] sort
[dbg   698.977 ms] ESC: reduce_by_key begin
[dbg   699.024 ms] [gust] reduce
[dbg   699.398 ms] [gust] final
[dbg   699.421 ms] [gust] pack
[dbg   699.488 ms] [gust] d2h
[dbg   699.579 ms] T4 manual self_product: done (C_nnz=90811)
[dbg   699.607 ms] T4b merge self_product: start
[dbg   699.609 ms] [merge] start
[dbg   699.702 ms] [merge] h2d
[dbg   699.707 ms] merge: count begin
[dbg   699.727 ms] [merge] count
[dbg   699.768 ms] [merge] scan
[dbg   699.885 ms] merge: expand_serial begin (751283 intermediates)
[dbg   700.181 ms] [merge] expand
[dbg   700.293 ms] merge: merge_serial begin
[dbg   702.066 ms] [merge] merge
[dbg   702.260 ms] [merge] final
[dbg   702.432 ms] [merge] compact
[dbg   702.454 ms] [merge] pack
[dbg   702.522 ms] [merge] d2h
[dbg   702.611 ms] T4b merge self_product: done (C_nnz=90811)
[dbg   702.636 ms] T4c merge2 self_product: start
[dbg   702.638 ms] [mrg2] start
[dbg   702.728 ms] [mrg2] h2d
[dbg   702.732 ms] merge2: count begin
[dbg   702.752 ms] [mrg2] count
[dbg   702.791 ms] [mrg2] scan
[dbg   702.909 ms] merge2: merge_warp begin (751283 intermediates)
[dbg   703.193 ms] [mrg2] merge
[dbg   703.233 ms] [mrg2] final
[dbg   703.409 ms] [mrg2] compact
[dbg   703.431 ms] [mrg2] pack
[dbg   703.498 ms] [mrg2] d2h
[dbg   703.597 ms] T4c merge2 self_product: done (C_nnz=90811)
Reading matrix from ./data/first100/bcsstm13.mtx...
Input A: 2003 x 2003, nnz = 21943, sparsity = 99.45%
===============WARMING UP (3 rounds)===============
=== Computing C = A x A (cuSPARSE) ===
Result C: 2003 x 2003, nnz = 90811, sparsity = 97.74%
Time: 0.865 ms

=== Computing C = A x A (Manual) ===
Result C: 2003 x 2003, nnz = 90811, sparsity = 97.74%
Time: 1.407 ms

=== Computing C = A x A (Merge) ===
Result C: 2003 x 2003, nnz = 90811, sparsity = 97.74%
Time: 3.008 ms

=== Computing C = A x A (Merge2) ===
Result C: 2003 x 2003, nnz = 90811, sparsity = 97.74%
Time: 0.964 ms

=== All tests completed ===
[64/100] Processing bcsstm19 ... (max 600s)
[dbg     0.001 ms] main entry, initializing CUDA context...
[dbg   473.115 ms] CUDA context ready
[dbg   473.304 ms] start read_matrix_market: ./data/first100/bcsstm19.mtx
[dbg   474.956 ms] read done: 817 x 817, nnz=817
[mempool] host pinned arena ready: 256 MB (USE_MEMPOOL=ON)
[dbg   623.513 ms] [cu] start
[dbg   631.942 ms] [cu] h2dmalloc (9808 B)
[dbg   632.006 ms] [cu] h2d (9808 B)
[dbg   632.051 ms] cusparse: workEstimation begin
[dbg   659.510 ms] [cu] workest (buf1=10867 B)
[dbg   659.523 ms] cusparse: compute begin
[dbg   660.165 ms] [cu] compute (buf2=35427 B)
[dbg   660.171 ms] cusparse: C size = 817 x 817, nnz=817
[dbg   660.182 ms] cusparse: copy begin
[dbg   660.287 ms] [cu] copy
[dbg   660.313 ms] [cu] pack
[dbg   660.332 ms] self_product: C D2H begin (9808 B)
[dbg   660.343 ms] [cu] d2h
[dbg   660.540 ms] [gust] start
[dbg   660.667 ms] [gust] h2d
[dbg   660.670 ms] ESC: count intermediates begin
[dbg   662.199 ms] [gust] count
[dbg   662.485 ms] [gust] scan
[dbg   662.508 ms] ESC: expand begin (817 intermediates)
[dbg   662.540 ms] [gust] expand
[dbg   662.541 ms] ESC: sort_by_key begin
[dbg   662.619 ms] [gust] sort
[dbg   662.629 ms] ESC: reduce_by_key begin
[dbg   662.785 ms] [gust] reduce
[dbg   662.857 ms] [gust] final
[dbg   662.875 ms] [gust] pack
[dbg   662.885 ms] [gust] d2h
[dbg   663.011 ms] [merge] start
[dbg   663.114 ms] [merge] h2d
[dbg   663.117 ms] merge: count begin
[dbg   663.133 ms] [merge] count
[dbg   663.173 ms] [merge] scan
[dbg   663.180 ms] merge: expand_serial begin (817 intermediates)
[dbg   663.625 ms] [merge] expand
[dbg   663.637 ms] merge: merge_serial begin
[dbg   663.678 ms] [merge] merge
[dbg   663.724 ms] [merge] final
[dbg   663.760 ms] [merge] compact
[dbg   663.779 ms] [merge] pack
[dbg   663.789 ms] [merge] d2h
[dbg   663.911 ms] [mrg2] start
[dbg   664.014 ms] [mrg2] h2d
[dbg   664.016 ms] merge2: count begin
[dbg   664.033 ms] [mrg2] count
[dbg   664.071 ms] [mrg2] scan
[dbg   664.080 ms] merge2: merge_warp begin (817 intermediates)
[dbg   664.126 ms] [mrg2] merge
[dbg   664.161 ms] [mrg2] final
[dbg   664.184 ms] [mrg2] compact
[dbg   664.202 ms] [mrg2] pack
[dbg   664.212 ms] [mrg2] d2h
[dbg   664.296 ms] [cu] start
[dbg   664.362 ms] [cu] h2dmalloc (9808 B)
[dbg   664.377 ms] [cu] h2d (9808 B)
[dbg   664.387 ms] cusparse: workEstimation begin
[dbg   664.443 ms] [cu] workest (buf1=10867 B)
[dbg   664.445 ms] cusparse: compute begin
[dbg   664.616 ms] [cu] compute (buf2=35427 B)
[dbg   664.620 ms] cusparse: C size = 817 x 817, nnz=817
[dbg   664.627 ms] cusparse: copy begin
[dbg   664.671 ms] [cu] copy
[dbg   664.689 ms] [cu] pack
[dbg   664.705 ms] self_product: C D2H begin (9808 B)
[dbg   664.719 ms] [cu] d2h
[dbg   664.793 ms] [gust] start
[dbg   664.878 ms] [gust] h2d
[dbg   664.880 ms] ESC: count intermediates begin
[dbg   664.895 ms] [gust] count
[dbg   664.934 ms] [gust] scan
[dbg   664.943 ms] ESC: expand begin (817 intermediates)
[dbg   664.955 ms] [gust] expand
[dbg   664.957 ms] ESC: sort_by_key begin
[dbg   665.000 ms] [gust] sort
[dbg   665.008 ms] ESC: reduce_by_key begin
[dbg   665.046 ms] [gust] reduce
[dbg   665.101 ms] [gust] final
[dbg   665.119 ms] [gust] pack
[dbg   665.128 ms] [gust] d2h
[dbg   665.206 ms] [merge] start
[dbg   665.282 ms] [merge] h2d
[dbg   665.287 ms] merge: count begin
[dbg   665.301 ms] [merge] count
[dbg   665.337 ms] [merge] scan
[dbg   665.342 ms] merge: expand_serial begin (817 intermediates)
[dbg   665.355 ms] [merge] expand
[dbg   665.362 ms] merge: merge_serial begin
[dbg   665.376 ms] [merge] merge
[dbg   665.411 ms] [merge] final
[dbg   665.436 ms] [merge] compact
[dbg   665.454 ms] [merge] pack
[dbg   665.463 ms] [merge] d2h
[dbg   665.548 ms] [mrg2] start
[dbg   665.622 ms] [mrg2] h2d
[dbg   665.624 ms] merge2: count begin
[dbg   665.639 ms] [mrg2] count
[dbg   665.673 ms] [mrg2] scan
[dbg   665.680 ms] merge2: merge_warp begin (817 intermediates)
[dbg   665.693 ms] [mrg2] merge
[dbg   665.725 ms] [mrg2] final
[dbg   665.746 ms] [mrg2] compact
[dbg   665.764 ms] [mrg2] pack
[dbg   665.773 ms] [mrg2] d2h
[dbg   665.846 ms] [cu] start
[dbg   665.905 ms] [cu] h2dmalloc (9808 B)
[dbg   665.919 ms] [cu] h2d (9808 B)
[dbg   665.925 ms] cusparse: workEstimation begin
[dbg   665.974 ms] [cu] workest (buf1=10867 B)
[dbg   665.976 ms] cusparse: compute begin
[dbg   666.135 ms] [cu] compute (buf2=35427 B)
[dbg   666.138 ms] cusparse: C size = 817 x 817, nnz=817
[dbg   666.143 ms] cusparse: copy begin
[dbg   666.185 ms] [cu] copy
[dbg   666.204 ms] [cu] pack
[dbg   666.218 ms] self_product: C D2H begin (9808 B)
[dbg   666.226 ms] [cu] d2h
[dbg   666.295 ms] [gust] start
[dbg   666.373 ms] [gust] h2d
[dbg   666.376 ms] ESC: count intermediates begin
[dbg   666.391 ms] [gust] count
[dbg   666.428 ms] [gust] scan
[dbg   666.436 ms] ESC: expand begin (817 intermediates)
[dbg   666.448 ms] [gust] expand
[dbg   666.449 ms] ESC: sort_by_key begin
[dbg   666.500 ms] [gust] sort
[dbg   666.509 ms] ESC: reduce_by_key begin
[dbg   666.546 ms] [gust] reduce
[dbg   666.600 ms] [gust] final
[dbg   666.617 ms] [gust] pack
[dbg   666.626 ms] [gust] d2h
[dbg   666.707 ms] [merge] start
[dbg   666.784 ms] [merge] h2d
[dbg   666.787 ms] merge: count begin
[dbg   666.801 ms] [merge] count
[dbg   666.837 ms] [merge] scan
[dbg   666.843 ms] merge: expand_serial begin (817 intermediates)
[dbg   666.855 ms] [merge] expand
[dbg   666.862 ms] merge: merge_serial begin
[dbg   666.876 ms] [merge] merge
[dbg   666.912 ms] [merge] final
[dbg   666.935 ms] [merge] compact
[dbg   666.952 ms] [merge] pack
[dbg   666.961 ms] [merge] d2h
[dbg   667.036 ms] [mrg2] start
[dbg   667.107 ms] [mrg2] h2d
[dbg   667.110 ms] merge2: count begin
[dbg   667.125 ms] [mrg2] count
[dbg   667.160 ms] [mrg2] scan
[dbg   667.168 ms] merge2: merge_warp begin (817 intermediates)
[dbg   667.180 ms] [mrg2] merge
[dbg   667.212 ms] [mrg2] final
[dbg   667.233 ms] [mrg2] compact
[dbg   667.250 ms] [mrg2] pack
[dbg   667.262 ms] [mrg2] d2h
[dbg   667.335 ms] warmup done
[dbg   667.369 ms] T1 cuSPARSE self_product: start
[dbg   667.375 ms] [cu] start
[dbg   667.438 ms] [cu] h2dmalloc (9808 B)
[dbg   667.453 ms] [cu] h2d (9808 B)
[dbg   667.461 ms] cusparse: workEstimation begin
[dbg   667.522 ms] [cu] workest (buf1=10867 B)
[dbg   667.525 ms] cusparse: compute begin
[dbg   667.682 ms] [cu] compute (buf2=35427 B)
[dbg   667.685 ms] cusparse: C size = 817 x 817, nnz=817
[dbg   667.691 ms] cusparse: copy begin
[dbg   667.734 ms] [cu] copy
[dbg   667.752 ms] [cu] pack
[dbg   667.767 ms] self_product: C D2H begin (9808 B)
[dbg   667.775 ms] [cu] d2h
[dbg   667.850 ms] T1 cuSPARSE self_product: done (C_nnz=817)
[dbg   667.879 ms] T4 manual self_product: start
[dbg   667.881 ms] [gust] start
[dbg   667.964 ms] [gust] h2d
[dbg   667.967 ms] ESC: count intermediates begin
[dbg   667.983 ms] [gust] count
[dbg   668.023 ms] [gust] scan
[dbg   668.031 ms] ESC: expand begin (817 intermediates)
[dbg   668.042 ms] [gust] expand
[dbg   668.044 ms] ESC: sort_by_key begin
[dbg   668.088 ms] [gust] sort
[dbg   668.095 ms] ESC: reduce_by_key begin
[dbg   668.125 ms] [gust] reduce
[dbg   668.176 ms] [gust] final
[dbg   668.194 ms] [gust] pack
[dbg   668.203 ms] [gust] d2h
[dbg   668.281 ms] T4 manual self_product: done (C_nnz=817)
[dbg   668.302 ms] T4b merge self_product: start
[dbg   668.304 ms] [merge] start
[dbg   668.379 ms] [merge] h2d
[dbg   668.383 ms] merge: count begin
[dbg   668.397 ms] [merge] count
[dbg   668.432 ms] [merge] scan
[dbg   668.442 ms] merge: expand_serial begin (817 intermediates)
[dbg   668.455 ms] [merge] expand
[dbg   668.461 ms] merge: merge_serial begin
[dbg   668.474 ms] [merge] merge
[dbg   668.520 ms] [merge] final
[dbg   668.543 ms] [merge] compact
[dbg   668.560 ms] [merge] pack
[dbg   668.569 ms] [merge] d2h
[dbg   668.646 ms] T4b merge self_product: done (C_nnz=817)
[dbg   668.668 ms] T4c merge2 self_product: start
[dbg   668.670 ms] [mrg2] start
[dbg   668.745 ms] [mrg2] h2d
[dbg   668.749 ms] merge2: count begin
[dbg   668.763 ms] [mrg2] count
[dbg   668.799 ms] [mrg2] scan
[dbg   668.807 ms] merge2: merge_warp begin (817 intermediates)
[dbg   668.820 ms] [mrg2] merge
[dbg   668.852 ms] [mrg2] final
[dbg   668.872 ms] [mrg2] compact
[dbg   668.890 ms] [mrg2] pack
[dbg   668.899 ms] [mrg2] d2h
[dbg   668.973 ms] T4c merge2 self_product: done (C_nnz=817)
Reading matrix from ./data/first100/bcsstm19.mtx...
Input A: 817 x 817, nnz = 817, sparsity = 99.88%
===============WARMING UP (3 rounds)===============
=== Computing C = A x A (cuSPARSE) ===
Result C: 817 x 817, nnz = 817, sparsity = 99.88%
Time: 0.484 ms

=== Computing C = A x A (Manual) ===
Result C: 817 x 817, nnz = 817, sparsity = 99.88%
Time: 0.405 ms

=== Computing C = A x A (Merge) ===
Result C: 817 x 817, nnz = 817, sparsity = 99.88%
Time: 0.347 ms

=== Computing C = A x A (Merge2) ===
Result C: 817 x 817, nnz = 817, sparsity = 99.88%
Time: 0.308 ms

=== All tests completed ===
[65/100] Processing bcsstm20 ... (max 600s)
[dbg     0.001 ms] main entry, initializing CUDA context...
[dbg   483.402 ms] CUDA context ready
[dbg   483.567 ms] start read_matrix_market: ./data/first100/bcsstm20.mtx
[dbg   485.092 ms] read done: 485 x 485, nnz=485
[mempool] host pinned arena ready: 256 MB (USE_MEMPOOL=ON)
[dbg   632.095 ms] [cu] start
[dbg   640.571 ms] [cu] h2dmalloc (5824 B)
[dbg   640.647 ms] [cu] h2d (5824 B)
[dbg   640.690 ms] cusparse: workEstimation begin
[dbg   666.107 ms] [cu] workest (buf1=6883 B)
[dbg   666.122 ms] cusparse: compute begin
[dbg   666.790 ms] [cu] compute (buf2=18731 B)
[dbg   666.797 ms] cusparse: C size = 485 x 485, nnz=485
[dbg   666.812 ms] cusparse: copy begin
[dbg   666.924 ms] [cu] copy
[dbg   666.964 ms] [cu] pack
[dbg   666.991 ms] self_product: C D2H begin (5824 B)
[dbg   667.006 ms] [cu] d2h
[dbg   667.198 ms] [gust] start
[dbg   667.334 ms] [gust] h2d
[dbg   667.337 ms] ESC: count intermediates begin
[dbg   668.944 ms] [gust] count
[dbg   669.248 ms] [gust] scan
[dbg   669.260 ms] ESC: expand begin (485 intermediates)
[dbg   669.305 ms] [gust] expand
[dbg   669.307 ms] ESC: sort_by_key begin
[dbg   669.395 ms] [gust] sort
[dbg   669.408 ms] ESC: reduce_by_key begin
[dbg   669.589 ms] [gust] reduce
[dbg   669.672 ms] [gust] final
[dbg   669.697 ms] [gust] pack
[dbg   669.709 ms] [gust] d2h
[dbg   669.861 ms] [merge] start
[dbg   669.983 ms] [merge] h2d
[dbg   669.987 ms] merge: count begin
[dbg   670.009 ms] [merge] count
[dbg   670.072 ms] [merge] scan
[dbg   670.083 ms] merge: expand_serial begin (485 intermediates)
[dbg   670.538 ms] [merge] expand
[dbg   670.553 ms] merge: merge_serial begin
[dbg   670.597 ms] [merge] merge
[dbg   670.652 ms] [merge] final
[dbg   670.696 ms] [merge] compact
[dbg   670.721 ms] [merge] pack
[dbg   670.733 ms] [merge] d2h
[dbg   670.875 ms] [mrg2] start
[dbg   670.992 ms] [mrg2] h2d
[dbg   670.995 ms] merge2: count begin
[dbg   671.017 ms] [mrg2] count
[dbg   671.071 ms] [mrg2] scan
[dbg   671.083 ms] merge2: merge_warp begin (485 intermediates)
[dbg   671.136 ms] [mrg2] merge
[dbg   671.181 ms] [mrg2] final
[dbg   671.210 ms] [mrg2] compact
[dbg   671.235 ms] [mrg2] pack
[dbg   671.247 ms] [mrg2] d2h
[dbg   671.364 ms] [cu] start
[dbg   671.446 ms] [cu] h2dmalloc (5824 B)
[dbg   671.463 ms] [cu] h2d (5824 B)
[dbg   671.476 ms] cusparse: workEstimation begin
[dbg   671.543 ms] [cu] workest (buf1=6883 B)
[dbg   671.546 ms] cusparse: compute begin
[dbg   671.715 ms] [cu] compute (buf2=18731 B)
[dbg   671.718 ms] cusparse: C size = 485 x 485, nnz=485
[dbg   671.729 ms] cusparse: copy begin
[dbg   671.779 ms] [cu] copy
[dbg   671.802 ms] [cu] pack
[dbg   671.822 ms] self_product: C D2H begin (5824 B)
[dbg   671.833 ms] [cu] d2h
[dbg   671.931 ms] [gust] start
[dbg   672.038 ms] [gust] h2d
[dbg   672.041 ms] ESC: count intermediates begin
[dbg   672.062 ms] [gust] count
[dbg   672.110 ms] [gust] scan
[dbg   672.120 ms] ESC: expand begin (485 intermediates)
[dbg   672.136 ms] [gust] expand
[dbg   672.138 ms] ESC: sort_by_key begin
[dbg   672.188 ms] [gust] sort
[dbg   672.198 ms] ESC: reduce_by_key begin
[dbg   672.242 ms] [gust] reduce
[dbg   672.307 ms] [gust] final
[dbg   672.331 ms] [gust] pack
[dbg   672.342 ms] [gust] d2h
[dbg   672.450 ms] [merge] start
[dbg   672.544 ms] [merge] h2d
[dbg   672.548 ms] merge: count begin
[dbg   672.568 ms] [merge] count
[dbg   672.615 ms] [merge] scan
[dbg   672.624 ms] merge: expand_serial begin (485 intermediates)
[dbg   672.639 ms] [merge] expand
[dbg   672.651 ms] merge: merge_serial begin
[dbg   672.668 ms] [merge] merge
[dbg   672.716 ms] [merge] final
[dbg   672.746 ms] [merge] compact
[dbg   672.771 ms] [merge] pack
[dbg   672.782 ms] [merge] d2h
[dbg   672.883 ms] [mrg2] start
[dbg   672.980 ms] [mrg2] h2d
[dbg   672.983 ms] merge2: count begin
[dbg   673.002 ms] [mrg2] count
[dbg   673.050 ms] [mrg2] scan
[dbg   673.061 ms] merge2: merge_warp begin (485 intermediates)
[dbg   673.077 ms] [mrg2] merge
[dbg   673.119 ms] [mrg2] final
[dbg   673.153 ms] [mrg2] compact
[dbg   673.178 ms] [mrg2] pack
[dbg   673.189 ms] [mrg2] d2h
[dbg   673.292 ms] [cu] start
[dbg   673.370 ms] [cu] h2dmalloc (5824 B)
[dbg   673.390 ms] [cu] h2d (5824 B)
[dbg   673.402 ms] cusparse: workEstimation begin
[dbg   673.457 ms] [cu] workest (buf1=6883 B)
[dbg   673.460 ms] cusparse: compute begin
[dbg   673.632 ms] [cu] compute (buf2=18731 B)
[dbg   673.636 ms] cusparse: C size = 485 x 485, nnz=485
[dbg   673.645 ms] cusparse: copy begin
[dbg   673.694 ms] [cu] copy
[dbg   673.721 ms] [cu] pack
[dbg   673.740 ms] self_product: C D2H begin (5824 B)
[dbg   673.751 ms] [cu] d2h
[dbg   673.846 ms] [gust] start
[dbg   673.937 ms] [gust] h2d
[dbg   673.940 ms] ESC: count intermediates begin
[dbg   673.969 ms] [gust] count
[dbg   674.020 ms] [gust] scan
[dbg   674.029 ms] ESC: expand begin (485 intermediates)
[dbg   674.043 ms] [gust] expand
[dbg   674.045 ms] ESC: sort_by_key begin
[dbg   674.092 ms] [gust] sort
[dbg   674.101 ms] ESC: reduce_by_key begin
[dbg   674.141 ms] [gust] reduce
[dbg   674.204 ms] [gust] final
[dbg   674.229 ms] [gust] pack
[dbg   674.240 ms] [gust] d2h
[dbg   674.348 ms] [merge] start
[dbg   674.440 ms] [merge] h2d
[dbg   674.443 ms] merge: count begin
[dbg   674.462 ms] [merge] count
[dbg   674.508 ms] [merge] scan
[dbg   674.516 ms] merge: expand_serial begin (485 intermediates)
[dbg   674.531 ms] [merge] expand
[dbg   674.542 ms] merge: merge_serial begin
[dbg   674.559 ms] [merge] merge
[dbg   674.606 ms] [merge] final
[dbg   674.633 ms] [merge] compact
[dbg   674.658 ms] [merge] pack
[dbg   674.669 ms] [merge] d2h
[dbg   674.770 ms] [mrg2] start
[dbg   674.859 ms] [mrg2] h2d
[dbg   674.862 ms] merge2: count begin
[dbg   674.881 ms] [mrg2] count
[dbg   674.925 ms] [mrg2] scan
[dbg   674.936 ms] merge2: merge_warp begin (485 intermediates)
[dbg   674.959 ms] [mrg2] merge
[dbg   675.003 ms] [mrg2] final
[dbg   675.031 ms] [mrg2] compact
[dbg   675.057 ms] [mrg2] pack
[dbg   675.069 ms] [mrg2] d2h
[dbg   675.174 ms] warmup done
[dbg   675.194 ms] T1 cuSPARSE self_product: start
[dbg   675.197 ms] [cu] start
[dbg   675.272 ms] [cu] h2dmalloc (5824 B)
[dbg   675.289 ms] [cu] h2d (5824 B)
[dbg   675.297 ms] cusparse: workEstimation begin
[dbg   675.353 ms] [cu] workest (buf1=6883 B)
[dbg   675.356 ms] cusparse: compute begin
[dbg   675.526 ms] [cu] compute (buf2=18731 B)
[dbg   675.529 ms] cusparse: C size = 485 x 485, nnz=485
[dbg   675.538 ms] cusparse: copy begin
[dbg   675.585 ms] [cu] copy
[dbg   675.610 ms] [cu] pack
[dbg   675.629 ms] self_product: C D2H begin (5824 B)
[dbg   675.639 ms] [cu] d2h
[dbg   675.734 ms] T1 cuSPARSE self_product: done (C_nnz=485)
[dbg   675.760 ms] T4 manual self_product: start
[dbg   675.762 ms] [gust] start
[dbg   675.849 ms] [gust] h2d
[dbg   675.851 ms] ESC: count intermediates begin
[dbg   675.871 ms] [gust] count
[dbg   675.918 ms] [gust] scan
[dbg   675.927 ms] ESC: expand begin (485 intermediates)
[dbg   675.941 ms] [gust] expand
[dbg   675.943 ms] ESC: sort_by_key begin
[dbg   675.999 ms] [gust] sort
[dbg   676.009 ms] ESC: reduce_by_key begin
[dbg   676.047 ms] [gust] reduce
[dbg   676.109 ms] [gust] final
[dbg   676.134 ms] [gust] pack
[dbg   676.145 ms] [gust] d2h
[dbg   676.252 ms] T4 manual self_product: done (C_nnz=485)
[dbg   676.276 ms] T4b merge self_product: start
[dbg   676.279 ms] [merge] start
[dbg   676.371 ms] [merge] h2d
[dbg   676.374 ms] merge: count begin
[dbg   676.394 ms] [merge] count
[dbg   676.440 ms] [merge] scan
[dbg   676.448 ms] merge: expand_serial begin (485 intermediates)
[dbg   676.464 ms] [merge] expand
[dbg   676.474 ms] merge: merge_serial begin
[dbg   676.489 ms] [merge] merge
[dbg   676.533 ms] [merge] final
[dbg   676.561 ms] [merge] compact
[dbg   676.585 ms] [merge] pack
[dbg   676.596 ms] [merge] d2h
[dbg   676.697 ms] T4b merge self_product: done (C_nnz=485)
[dbg   676.721 ms] T4c merge2 self_product: start
[dbg   676.723 ms] [mrg2] start
[dbg   676.808 ms] [mrg2] h2d
[dbg   676.811 ms] merge2: count begin
[dbg   676.830 ms] [mrg2] count
[dbg   676.876 ms] [mrg2] scan
[dbg   676.886 ms] merge2: merge_warp begin (485 intermediates)
[dbg   676.902 ms] [mrg2] merge
[dbg   676.943 ms] [mrg2] final
[dbg   676.980 ms] [mrg2] compact
[dbg   677.006 ms] [mrg2] pack
[dbg   677.018 ms] [mrg2] d2h
[dbg   677.121 ms] T4c merge2 self_product: done (C_nnz=485)
Reading matrix from ./data/first100/bcsstm20.mtx...
Input A: 485 x 485, nnz = 485, sparsity = 99.79%
===============WARMING UP (3 rounds)===============
=== Computing C = A x A (cuSPARSE) ===
Result C: 485 x 485, nnz = 485, sparsity = 99.79%
Time: 0.543 ms

=== Computing C = A x A (Manual) ===
Result C: 485 x 485, nnz = 485, sparsity = 99.79%
Time: 0.495 ms

=== Computing C = A x A (Merge) ===
Result C: 485 x 485, nnz = 485, sparsity = 99.79%
Time: 0.424 ms

=== Computing C = A x A (Merge2) ===
Result C: 485 x 485, nnz = 485, sparsity = 99.79%
Time: 0.402 ms

=== All tests completed ===
[66/100] Processing bcsstm21 ... (max 600s)
[dbg     0.000 ms] main entry, initializing CUDA context...
[dbg   481.127 ms] CUDA context ready
[dbg   481.301 ms] start read_matrix_market: ./data/first100/bcsstm21.mtx
[dbg   483.993 ms] read done: 3600 x 3600, nnz=3600
[mempool] host pinned arena ready: 256 MB (USE_MEMPOOL=ON)
[dbg   632.166 ms] [cu] start
[dbg   640.488 ms] [cu] h2dmalloc (43204 B)
[dbg   640.560 ms] [cu] h2d (43204 B)
[dbg   640.598 ms] cusparse: workEstimation begin
[dbg   664.864 ms] [cu] workest (buf1=44263 B)
[dbg   664.879 ms] cusparse: compute begin
[dbg   665.532 ms] [cu] compute (buf2=135879 B)
[dbg   665.539 ms] cusparse: C size = 3600 x 3600, nnz=3600
[dbg   665.554 ms] cusparse: copy begin
[dbg   665.667 ms] [cu] copy
[dbg   665.696 ms] [cu] pack
[dbg   665.727 ms] self_product: C D2H begin (43204 B)
[dbg   665.742 ms] [cu] d2h
[dbg   665.951 ms] [gust] start
[dbg   666.072 ms] [gust] h2d
[dbg   666.075 ms] ESC: count intermediates begin
[dbg   667.720 ms] [gust] count
[dbg   668.036 ms] [gust] scan
[dbg   668.051 ms] ESC: expand begin (3600 intermediates)
[dbg   668.086 ms] [gust] expand
[dbg   668.087 ms] ESC: sort_by_key begin
[dbg   668.350 ms] [gust] sort
[dbg   668.358 ms] ESC: reduce_by_key begin
[dbg   668.539 ms] [gust] reduce
[dbg   668.619 ms] [gust] final
[dbg   668.642 ms] [gust] pack
[dbg   668.655 ms] [gust] d2h
[dbg   668.818 ms] [merge] start
[dbg   668.929 ms] [merge] h2d
[dbg   668.937 ms] merge: count begin
[dbg   668.955 ms] [merge] count
[dbg   669.000 ms] [merge] scan
[dbg   669.007 ms] merge: expand_serial begin (3600 intermediates)
[dbg   669.462 ms] [merge] expand
[dbg   669.476 ms] merge: merge_serial begin
[dbg   669.514 ms] [merge] merge
[dbg   669.564 ms] [merge] final
[dbg   669.607 ms] [merge] compact
[dbg   669.628 ms] [merge] pack
[dbg   669.641 ms] [merge] d2h
[dbg   669.785 ms] [mrg2] start
[dbg   669.903 ms] [mrg2] h2d
[dbg   669.911 ms] merge2: count begin
[dbg   669.929 ms] [mrg2] count
[dbg   669.974 ms] [mrg2] scan
[dbg   669.984 ms] merge2: merge_warp begin (3600 intermediates)
[dbg   670.044 ms] [mrg2] merge
[dbg   670.082 ms] [mrg2] final
[dbg   670.113 ms] [mrg2] compact
[dbg   670.133 ms] [mrg2] pack
[dbg   670.145 ms] [mrg2] d2h
[dbg   670.245 ms] [cu] start
[dbg   670.319 ms] [cu] h2dmalloc (43204 B)
[dbg   670.335 ms] [cu] h2d (43204 B)
[dbg   670.345 ms] cusparse: workEstimation begin
[dbg   670.410 ms] [cu] workest (buf1=44263 B)
[dbg   670.411 ms] cusparse: compute begin
[dbg   670.589 ms] [cu] compute (buf2=135879 B)
[dbg   670.592 ms] cusparse: C size = 3600 x 3600, nnz=3600
[dbg   670.599 ms] cusparse: copy begin
[dbg   670.652 ms] [cu] copy
[dbg   670.671 ms] [cu] pack
[dbg   670.688 ms] self_product: C D2H begin (43204 B)
[dbg   670.699 ms] [cu] d2h
[dbg   670.785 ms] [gust] start
[dbg   670.883 ms] [gust] h2d
[dbg   670.886 ms] ESC: count intermediates begin
[dbg   670.903 ms] [gust] count
[dbg   670.946 ms] [gust] scan
[dbg   670.952 ms] ESC: expand begin (3600 intermediates)
[dbg   670.969 ms] [gust] expand
[dbg   670.970 ms] ESC: sort_by_key begin
[dbg   671.089 ms] [gust] sort
[dbg   671.098 ms] ESC: reduce_by_key begin
[dbg   671.134 ms] [gust] reduce
[dbg   671.195 ms] [gust] final
[dbg   671.214 ms] [gust] pack
[dbg   671.226 ms] [gust] d2h
[dbg   671.320 ms] [merge] start
[dbg   671.400 ms] [merge] h2d
[dbg   671.407 ms] merge: count begin
[dbg   671.422 ms] [merge] count
[dbg   671.461 ms] [merge] scan
[dbg   671.468 ms] merge: expand_serial begin (3600 intermediates)
[dbg   671.484 ms] [merge] expand
[dbg   671.491 ms] merge: merge_serial begin
[dbg   671.506 ms] [merge] merge
[dbg   671.547 ms] [merge] final
[dbg   671.581 ms] [merge] compact
[dbg   671.600 ms] [merge] pack
[dbg   671.613 ms] [merge] d2h
[dbg   671.704 ms] [mrg2] start
[dbg   671.781 ms] [mrg2] h2d
[dbg   671.786 ms] merge2: count begin
[dbg   671.807 ms] [mrg2] count
[dbg   671.846 ms] [mrg2] scan
[dbg   671.853 ms] merge2: merge_warp begin (3600 intermediates)
[dbg   671.869 ms] [mrg2] merge
[dbg   671.905 ms] [mrg2] final
[dbg   671.931 ms] [mrg2] compact
[dbg   671.949 ms] [mrg2] pack
[dbg   671.965 ms] [mrg2] d2h
[dbg   672.054 ms] [cu] start
[dbg   672.118 ms] [cu] h2dmalloc (43204 B)
[dbg   672.134 ms] [cu] h2d (43204 B)
[dbg   672.143 ms] cusparse: workEstimation begin
[dbg   672.196 ms] [cu] workest (buf1=44263 B)
[dbg   672.199 ms] cusparse: compute begin
[dbg   672.372 ms] [cu] compute (buf2=135879 B)
[dbg   672.375 ms] cusparse: C size = 3600 x 3600, nnz=3600
[dbg   672.383 ms] cusparse: copy begin
[dbg   672.431 ms] [cu] copy
[dbg   672.450 ms] [cu] pack
[dbg   672.466 ms] self_product: C D2H begin (43204 B)
[dbg   672.479 ms] [cu] d2h
[dbg   672.563 ms] [gust] start
[dbg   672.644 ms] [gust] h2d
[dbg   672.647 ms] ESC: count intermediates begin
[dbg   672.662 ms] [gust] count
[dbg   672.701 ms] [gust] scan
[dbg   672.708 ms] ESC: expand begin (3600 intermediates)
[dbg   672.725 ms] [gust] expand
[dbg   672.727 ms] ESC: sort_by_key begin
[dbg   672.841 ms] [gust] sort
[dbg   672.848 ms] ESC: reduce_by_key begin
[dbg   672.883 ms] [gust] reduce
[dbg   672.941 ms] [gust] final
[dbg   672.962 ms] [gust] pack
[dbg   672.974 ms] [gust] d2h
[dbg   673.068 ms] [merge] start
[dbg   673.147 ms] [merge] h2d
[dbg   673.153 ms] merge: count begin
[dbg   673.168 ms] [merge] count
[dbg   673.206 ms] [merge] scan
[dbg   673.213 ms] merge: expand_serial begin (3600 intermediates)
[dbg   673.227 ms] [merge] expand
[dbg   673.234 ms] merge: merge_serial begin
[dbg   673.249 ms] [merge] merge
[dbg   673.289 ms] [merge] final
[dbg   673.316 ms] [merge] compact
[dbg   673.333 ms] [merge] pack
[dbg   673.347 ms] [merge] d2h
[dbg   673.434 ms] [mrg2] start
[dbg   673.508 ms] [mrg2] h2d
[dbg   673.513 ms] merge2: count begin
[dbg   673.527 ms] [mrg2] count
[dbg   673.564 ms] [mrg2] scan
[dbg   673.572 ms] merge2: merge_warp begin (3600 intermediates)
[dbg   673.586 ms] [mrg2] merge
[dbg   673.622 ms] [mrg2] final
[dbg   673.648 ms] [mrg2] compact
[dbg   673.665 ms] [mrg2] pack
[dbg   673.678 ms] [mrg2] d2h
[dbg   673.765 ms] warmup done
[dbg   673.804 ms] T1 cuSPARSE self_product: start
[dbg   673.807 ms] [cu] start
[dbg   673.878 ms] [cu] h2dmalloc (43204 B)
[dbg   673.895 ms] [cu] h2d (43204 B)
[dbg   673.903 ms] cusparse: workEstimation begin
[dbg   673.959 ms] [cu] workest (buf1=44263 B)
[dbg   673.962 ms] cusparse: compute begin
[dbg   674.134 ms] [cu] compute (buf2=135879 B)
[dbg   674.137 ms] cusparse: C size = 3600 x 3600, nnz=3600
[dbg   674.144 ms] cusparse: copy begin
[dbg   674.193 ms] [cu] copy
[dbg   674.214 ms] [cu] pack
[dbg   674.230 ms] self_product: C D2H begin (43204 B)
[dbg   674.241 ms] [cu] d2h
[dbg   674.330 ms] T1 cuSPARSE self_product: done (C_nnz=3600)
[dbg   674.361 ms] T4 manual self_product: start
[dbg   674.364 ms] [gust] start
[dbg   674.446 ms] [gust] h2d
[dbg   674.449 ms] ESC: count intermediates begin
[dbg   674.465 ms] [gust] count
[dbg   674.508 ms] [gust] scan
[dbg   674.514 ms] ESC: expand begin (3600 intermediates)
[dbg   674.530 ms] [gust] expand
[dbg   674.531 ms] ESC: sort_by_key begin
[dbg   674.645 ms] [gust] sort
[dbg   674.651 ms] ESC: reduce_by_key begin
[dbg   674.684 ms] [gust] reduce
[dbg   674.741 ms] [gust] final
[dbg   674.760 ms] [gust] pack
[dbg   674.773 ms] [gust] d2h
[dbg   674.877 ms] T4 manual self_product: done (C_nnz=3600)
[dbg   674.903 ms] T4b merge self_product: start
[dbg   674.905 ms] [merge] start
[dbg   674.985 ms] [merge] h2d
[dbg   674.990 ms] merge: count begin
[dbg   675.006 ms] [merge] count
[dbg   675.045 ms] [merge] scan
[dbg   675.051 ms] merge: expand_serial begin (3600 intermediates)
[dbg   675.066 ms] [merge] expand
[dbg   675.072 ms] merge: merge_serial begin
[dbg   675.087 ms] [merge] merge
[dbg   675.130 ms] [merge] final
[dbg   675.156 ms] [merge] compact
[dbg   675.174 ms] [merge] pack
[dbg   675.187 ms] [merge] d2h
[dbg   675.277 ms] T4b merge self_product: done (C_nnz=3600)
[dbg   675.301 ms] T4c merge2 self_product: start
[dbg   675.302 ms] [mrg2] start
[dbg   675.380 ms] [mrg2] h2d
[dbg   675.384 ms] merge2: count begin
[dbg   675.400 ms] [mrg2] count
[dbg   675.438 ms] [mrg2] scan
[dbg   675.446 ms] merge2: merge_warp begin (3600 intermediates)
[dbg   675.461 ms] [mrg2] merge
[dbg   675.497 ms] [mrg2] final
[dbg   675.522 ms] [mrg2] compact
[dbg   675.539 ms] [mrg2] pack
[dbg   675.552 ms] [mrg2] d2h
[dbg   675.640 ms] T4c merge2 self_product: done (C_nnz=3600)
Reading matrix from ./data/first100/bcsstm21.mtx...
Input A: 3600 x 3600, nnz = 3600, sparsity = 99.97%
===============WARMING UP (3 rounds)===============
=== Computing C = A x A (cuSPARSE) ===
Result C: 3600 x 3600, nnz = 3600, sparsity = 99.97%
Time: 0.529 ms

=== Computing C = A x A (Manual) ===
Result C: 3600 x 3600, nnz = 3600, sparsity = 99.97%
Time: 0.519 ms

=== Computing C = A x A (Merge) ===
Result C: 3600 x 3600, nnz = 3600, sparsity = 99.97%
Time: 0.377 ms

=== Computing C = A x A (Merge2) ===
Result C: 3600 x 3600, nnz = 3600, sparsity = 99.97%
Time: 0.342 ms

=== All tests completed ===
[67/100] Processing bcsstm22 ... (max 600s)
[dbg     0.000 ms] main entry, initializing CUDA context...
[dbg   491.217 ms] CUDA context ready
[dbg   491.392 ms] start read_matrix_market: ./data/first100/bcsstm22.mtx
[dbg   492.839 ms] read done: 138 x 138, nnz=138
[mempool] host pinned arena ready: 256 MB (USE_MEMPOOL=ON)
[dbg   644.173 ms] [cu] start
[dbg   653.224 ms] [cu] h2dmalloc (1660 B)
[dbg   653.287 ms] [cu] h2d (1660 B)
[dbg   653.325 ms] cusparse: workEstimation begin
[dbg   678.993 ms] [cu] workest (buf1=2719 B)
[dbg   679.006 ms] cusparse: compute begin
[dbg   679.678 ms] [cu] compute (buf2=9015 B)
[dbg   679.686 ms] cusparse: C size = 138 x 138, nnz=138
[dbg   679.698 ms] cusparse: copy begin
[dbg   679.800 ms] [cu] copy
[dbg   679.829 ms] [cu] pack
[dbg   679.851 ms] self_product: C D2H begin (1660 B)
[dbg   679.873 ms] [cu] d2h
[dbg   680.080 ms] [gust] start
[dbg   680.213 ms] [gust] h2d
[dbg   680.217 ms] ESC: count intermediates begin
[dbg   681.838 ms] [gust] count
[dbg   682.128 ms] [gust] scan
[dbg   682.140 ms] ESC: expand begin (138 intermediates)
[dbg   682.178 ms] [gust] expand
[dbg   682.181 ms] ESC: sort_by_key begin
[dbg   682.267 ms] [gust] sort
[dbg   682.275 ms] ESC: reduce_by_key begin
[dbg   682.448 ms] [gust] reduce
[dbg   682.538 ms] [gust] final
[dbg   682.565 ms] [gust] pack
[dbg   682.576 ms] [gust] d2h
[dbg   682.732 ms] [merge] start
[dbg   682.838 ms] [merge] h2d
[dbg   682.842 ms] merge: count begin
[dbg   682.861 ms] [merge] count
[dbg   682.905 ms] [merge] scan
[dbg   682.912 ms] merge: expand_serial begin (138 intermediates)
[dbg   683.379 ms] [merge] expand
[dbg   683.396 ms] merge: merge_serial begin
[dbg   683.432 ms] [merge] merge
[dbg   683.482 ms] [merge] final
[dbg   683.528 ms] [merge] compact
[dbg   683.549 ms] [merge] pack
[dbg   683.559 ms] [merge] d2h
[dbg   683.695 ms] [mrg2] start
[dbg   683.794 ms] [mrg2] h2d
[dbg   683.797 ms] merge2: count begin
[dbg   683.817 ms] [mrg2] count
[dbg   683.858 ms] [mrg2] scan
[dbg   683.869 ms] merge2: merge_warp begin (138 intermediates)
[dbg   683.918 ms] [mrg2] merge
[dbg   683.955 ms] [mrg2] final
[dbg   683.979 ms] [mrg2] compact
[dbg   683.998 ms] [mrg2] pack
[dbg   684.008 ms] [mrg2] d2h
[dbg   684.110 ms] [cu] start
[dbg   684.184 ms] [cu] h2dmalloc (1660 B)
[dbg   684.197 ms] [cu] h2d (1660 B)
[dbg   684.211 ms] cusparse: workEstimation begin
[dbg   684.271 ms] [cu] workest (buf1=2719 B)
[dbg   684.275 ms] cusparse: compute begin
[dbg   684.433 ms] [cu] compute (buf2=9015 B)
[dbg   684.436 ms] cusparse: C size = 138 x 138, nnz=138
[dbg   684.445 ms] cusparse: copy begin
[dbg   684.499 ms] [cu] copy
[dbg   684.522 ms] [cu] pack
[dbg   684.539 ms] self_product: C D2H begin (1660 B)
[dbg   684.548 ms] [cu] d2h
[dbg   684.642 ms] [gust] start
[dbg   684.733 ms] [gust] h2d
[dbg   684.739 ms] ESC: count intermediates begin
[dbg   684.757 ms] [gust] count
[dbg   684.797 ms] [gust] scan
[dbg   684.803 ms] ESC: expand begin (138 intermediates)
[dbg   684.816 ms] [gust] expand
[dbg   684.817 ms] ESC: sort_by_key begin
[dbg   684.862 ms] [gust] sort
[dbg   684.868 ms] ESC: reduce_by_key begin
[dbg   684.908 ms] [gust] reduce
[dbg   684.973 ms] [gust] final
[dbg   684.991 ms] [gust] pack
[dbg   685.001 ms] [gust] d2h
[dbg   685.110 ms] [merge] start
[dbg   685.198 ms] [merge] h2d
[dbg   685.202 ms] merge: count begin
[dbg   685.219 ms] [merge] count
[dbg   685.260 ms] [merge] scan
[dbg   685.267 ms] merge: expand_serial begin (138 intermediates)
[dbg   685.282 ms] [merge] expand
[dbg   685.291 ms] merge: merge_serial begin
[dbg   685.307 ms] [merge] merge
[dbg   685.356 ms] [merge] final
[dbg   685.386 ms] [merge] compact
[dbg   685.410 ms] [merge] pack
[dbg   685.421 ms] [merge] d2h
[dbg   685.564 ms] [mrg2] start
[dbg   685.689 ms] [mrg2] h2d
[dbg   685.695 ms] merge2: count begin
[dbg   685.721 ms] [mrg2] count
[dbg   685.777 ms] [mrg2] scan
[dbg   685.793 ms] merge2: merge_warp begin (138 intermediates)
[dbg   685.811 ms] [mrg2] merge
[dbg   685.855 ms] [mrg2] final
[dbg   685.885 ms] [mrg2] compact
[dbg   685.911 ms] [mrg2] pack
[dbg   685.923 ms] [mrg2] d2h
[dbg   686.054 ms] [cu] start
[dbg   686.158 ms] [cu] h2dmalloc (1660 B)
[dbg   686.175 ms] [cu] h2d (1660 B)
[dbg   686.187 ms] cusparse: workEstimation begin
[dbg   686.250 ms] [cu] workest (buf1=2719 B)
[dbg   686.253 ms] cusparse: compute begin
[dbg   686.418 ms] [cu] compute (buf2=9015 B)
[dbg   686.422 ms] cusparse: C size = 138 x 138, nnz=138
[dbg   686.429 ms] cusparse: copy begin
[dbg   686.474 ms] [cu] copy
[dbg   686.505 ms] [cu] pack
[dbg   686.522 ms] self_product: C D2H begin (1660 B)
[dbg   686.532 ms] [cu] d2h
[dbg   686.630 ms] [gust] start
[dbg   686.721 ms] [gust] h2d
[dbg   686.724 ms] ESC: count intermediates begin
[dbg   686.742 ms] [gust] count
[dbg   686.787 ms] [gust] scan
[dbg   686.793 ms] ESC: expand begin (138 intermediates)
[dbg   686.806 ms] [gust] expand
[dbg   686.807 ms] ESC: sort_by_key begin
[dbg   686.851 ms] [gust] sort
[dbg   686.857 ms] ESC: reduce_by_key begin
[dbg   686.898 ms] [gust] reduce
[dbg   686.955 ms] [gust] final
[dbg   686.973 ms] [gust] pack
[dbg   686.983 ms] [gust] d2h
[dbg   687.083 ms] [merge] start
[dbg   687.169 ms] [merge] h2d
[dbg   687.171 ms] merge: count begin
[dbg   687.189 ms] [merge] count
[dbg   687.235 ms] [merge] scan
[dbg   687.243 ms] merge: expand_serial begin (138 intermediates)
[dbg   687.258 ms] [merge] expand
[dbg   687.265 ms] merge: merge_serial begin
[dbg   687.277 ms] [merge] merge
[dbg   687.325 ms] [merge] final
[dbg   687.357 ms] [merge] compact
[dbg   687.377 ms] [merge] pack
[dbg   687.388 ms] [merge] d2h
[dbg   687.515 ms] [mrg2] start
[dbg   687.606 ms] [mrg2] h2d
[dbg   687.609 ms] merge2: count begin
[dbg   687.625 ms] [mrg2] count
[dbg   687.665 ms] [mrg2] scan
[dbg   687.673 ms] merge2: merge_warp begin (138 intermediates)
[dbg   687.687 ms] [mrg2] merge
[dbg   687.721 ms] [mrg2] final
[dbg   687.744 ms] [mrg2] compact
[dbg   687.761 ms] [mrg2] pack
[dbg   687.771 ms] [mrg2] d2h
[dbg   687.863 ms] warmup done
[dbg   687.891 ms] T1 cuSPARSE self_product: start
[dbg   687.893 ms] [cu] start
[dbg   687.960 ms] [cu] h2dmalloc (1660 B)
[dbg   687.973 ms] [cu] h2d (1660 B)
[dbg   687.980 ms] cusparse: workEstimation begin
[dbg   688.029 ms] [cu] workest (buf1=2719 B)
[dbg   688.030 ms] cusparse: compute begin
[dbg   688.206 ms] [cu] compute (buf2=9015 B)
[dbg   688.210 ms] cusparse: C size = 138 x 138, nnz=138
[dbg   688.217 ms] cusparse: copy begin
[dbg   688.260 ms] [cu] copy
[dbg   688.278 ms] [cu] pack
[dbg   688.294 ms] self_product: C D2H begin (1660 B)
[dbg   688.302 ms] [cu] d2h
[dbg   688.391 ms] T1 cuSPARSE self_product: done (C_nnz=138)
[dbg   688.416 ms] T4 manual self_product: start
[dbg   688.417 ms] [gust] start
[dbg   688.514 ms] [gust] h2d
[dbg   688.518 ms] ESC: count intermediates begin
[dbg   688.535 ms] [gust] count
[dbg   688.582 ms] [gust] scan
[dbg   688.588 ms] ESC: expand begin (138 intermediates)
[dbg   688.600 ms] [gust] expand
[dbg   688.602 ms] ESC: sort_by_key begin
[dbg   688.646 ms] [gust] sort
[dbg   688.652 ms] ESC: reduce_by_key begin
[dbg   688.684 ms] [gust] reduce
[dbg   688.739 ms] [gust] final
[dbg   688.758 ms] [gust] pack
[dbg   688.767 ms] [gust] d2h
[dbg   688.864 ms] T4 manual self_product: done (C_nnz=138)
[dbg   688.887 ms] T4b merge self_product: start
[dbg   688.889 ms] [merge] start
[dbg   688.969 ms] [merge] h2d
[dbg   688.973 ms] merge: count begin
[dbg   688.988 ms] [merge] count
[dbg   689.025 ms] [merge] scan
[dbg   689.031 ms] merge: expand_serial begin (138 intermediates)
[dbg   689.044 ms] [merge] expand
[dbg   689.050 ms] merge: merge_serial begin
[dbg   689.062 ms] [merge] merge
[dbg   689.101 ms] [merge] final
[dbg   689.125 ms] [merge] compact
[dbg   689.143 ms] [merge] pack
[dbg   689.153 ms] [merge] d2h
[dbg   689.242 ms] T4b merge self_product: done (C_nnz=138)
[dbg   689.261 ms] T4c merge2 self_product: start
[dbg   689.263 ms] [mrg2] start
[dbg   689.337 ms] [mrg2] h2d
[dbg   689.340 ms] merge2: count begin
[dbg   689.354 ms] [mrg2] count
[dbg   689.391 ms] [mrg2] scan
[dbg   689.399 ms] merge2: merge_warp begin (138 intermediates)
[dbg   689.413 ms] [mrg2] merge
[dbg   689.447 ms] [mrg2] final
[dbg   689.470 ms] [mrg2] compact
[dbg   689.487 ms] [mrg2] pack
[dbg   689.508 ms] [mrg2] d2h
[dbg   689.598 ms] T4c merge2 self_product: done (C_nnz=138)
Reading matrix from ./data/first100/bcsstm22.mtx...
Input A: 138 x 138, nnz = 138, sparsity = 99.28%
===============WARMING UP (3 rounds)===============
=== Computing C = A x A (cuSPARSE) ===
Result C: 138 x 138, nnz = 138, sparsity = 99.28%
Time: 0.504 ms

=== Computing C = A x A (Manual) ===
Result C: 138 x 138, nnz = 138, sparsity = 99.28%
Time: 0.451 ms

=== Computing C = A x A (Merge) ===
Result C: 138 x 138, nnz = 138, sparsity = 99.28%
Time: 0.358 ms

=== Computing C = A x A (Merge2) ===
Result C: 138 x 138, nnz = 138, sparsity = 99.28%
Time: 0.340 ms

=== All tests completed ===
[68/100] Processing bcsstm23 ... (max 600s)
[dbg     0.001 ms] main entry, initializing CUDA context...
[dbg   491.393 ms] CUDA context ready
[dbg   491.560 ms] start read_matrix_market: ./data/first100/bcsstm23.mtx
[dbg   494.069 ms] read done: 3134 x 3134, nnz=3134
[mempool] host pinned arena ready: 256 MB (USE_MEMPOOL=ON)
[dbg   642.554 ms] [cu] start
[dbg   650.702 ms] [cu] h2dmalloc (37612 B)
[dbg   650.772 ms] [cu] h2d (37612 B)
[dbg   650.811 ms] cusparse: workEstimation begin
[dbg   674.659 ms] [cu] workest (buf1=38671 B)
[dbg   674.672 ms] cusparse: compute begin
[dbg   675.330 ms] [cu] compute (buf2=118735 B)
[dbg   675.337 ms] cusparse: C size = 3134 x 3134, nnz=3134
[dbg   675.352 ms] cusparse: copy begin
[dbg   675.462 ms] [cu] copy
[dbg   675.491 ms] [cu] pack
[dbg   675.512 ms] self_product: C D2H begin (37612 B)
[dbg   675.535 ms] [cu] d2h
[dbg   675.710 ms] [gust] start
[dbg   675.826 ms] [gust] h2d
[dbg   675.829 ms] ESC: count intermediates begin
[dbg   677.494 ms] [gust] count
[dbg   677.788 ms] [gust] scan
[dbg   677.806 ms] ESC: expand begin (3134 intermediates)
[dbg   677.842 ms] [gust] expand
[dbg   677.843 ms] ESC: sort_by_key begin
[dbg   678.109 ms] [gust] sort
[dbg   678.117 ms] ESC: reduce_by_key begin
[dbg   678.311 ms] [gust] reduce
[dbg   678.391 ms] [gust] final
[dbg   678.413 ms] [gust] pack
[dbg   678.426 ms] [gust] d2h
[dbg   678.575 ms] [merge] start
[dbg   678.680 ms] [merge] h2d
[dbg   678.688 ms] merge: count begin
[dbg   678.707 ms] [merge] count
[dbg   678.751 ms] [merge] scan
[dbg   678.759 ms] merge: expand_serial begin (3134 intermediates)
[dbg   679.226 ms] [merge] expand
[dbg   679.263 ms] merge: merge_serial begin
[dbg   679.301 ms] [merge] merge
[dbg   679.350 ms] [merge] final
[dbg   679.391 ms] [merge] compact
[dbg   679.414 ms] [merge] pack
[dbg   679.426 ms] [merge] d2h
[dbg   679.563 ms] [mrg2] start
[dbg   679.665 ms] [mrg2] h2d
[dbg   679.672 ms] merge2: count begin
[dbg   679.689 ms] [mrg2] count
[dbg   679.731 ms] [mrg2] scan
[dbg   679.741 ms] merge2: merge_warp begin (3134 intermediates)
[dbg   679.799 ms] [mrg2] merge
[dbg   679.837 ms] [mrg2] final
[dbg   679.866 ms] [mrg2] compact
[dbg   679.891 ms] [mrg2] pack
[dbg   679.904 ms] [mrg2] d2h
[dbg   680.002 ms] [cu] start
[dbg   680.074 ms] [cu] h2dmalloc (37612 B)
[dbg   680.088 ms] [cu] h2d (37612 B)
[dbg   680.099 ms] cusparse: workEstimation begin
[dbg   680.174 ms] [cu] workest (buf1=38671 B)
[dbg   680.176 ms] cusparse: compute begin
[dbg   680.354 ms] [cu] compute (buf2=118735 B)
[dbg   680.357 ms] cusparse: C size = 3134 x 3134, nnz=3134
[dbg   680.365 ms] cusparse: copy begin
[dbg   680.415 ms] [cu] copy
[dbg   680.433 ms] [cu] pack
[dbg   680.449 ms] self_product: C D2H begin (37612 B)
[dbg   680.460 ms] [cu] d2h
[dbg   680.546 ms] [gust] start
[dbg   680.631 ms] [gust] h2d
[dbg   680.634 ms] ESC: count intermediates begin
[dbg   680.651 ms] [gust] count
[dbg   680.693 ms] [gust] scan
[dbg   680.700 ms] ESC: expand begin (3134 intermediates)
[dbg   680.717 ms] [gust] expand
[dbg   680.719 ms] ESC: sort_by_key begin
[dbg   680.835 ms] [gust] sort
[dbg   680.842 ms] ESC: reduce_by_key begin
[dbg   680.879 ms] [gust] reduce
[dbg   680.938 ms] [gust] final
[dbg   680.957 ms] [gust] pack
[dbg   680.969 ms] [gust] d2h
[dbg   681.062 ms] [merge] start
[dbg   681.151 ms] [merge] h2d
[dbg   681.155 ms] merge: count begin
[dbg   681.170 ms] [merge] count
[dbg   681.209 ms] [merge] scan
[dbg   681.215 ms] merge: expand_serial begin (3134 intermediates)
[dbg   681.231 ms] [merge] expand
[dbg   681.240 ms] merge: merge_serial begin
[dbg   681.255 ms] [merge] merge
[dbg   681.296 ms] [merge] final
[dbg   681.330 ms] [merge] compact
[dbg   681.349 ms] [merge] pack
[dbg   681.362 ms] [merge] d2h
[dbg   681.453 ms] [mrg2] start
[dbg   681.530 ms] [mrg2] h2d
[dbg   681.535 ms] merge2: count begin
[dbg   681.551 ms] [mrg2] count
[dbg   681.589 ms] [mrg2] scan
[dbg   681.596 ms] merge2: merge_warp begin (3134 intermediates)
[dbg   681.612 ms] [mrg2] merge
[dbg   681.648 ms] [mrg2] final
[dbg   681.673 ms] [mrg2] compact
[dbg   681.691 ms] [mrg2] pack
[dbg   681.704 ms] [mrg2] d2h
[dbg   681.790 ms] [cu] start
[dbg   681.852 ms] [cu] h2dmalloc (37612 B)
[dbg   681.868 ms] [cu] h2d (37612 B)
[dbg   681.877 ms] cusparse: workEstimation begin
[dbg   681.929 ms] [cu] workest (buf1=38671 B)
[dbg   681.932 ms] cusparse: compute begin
[dbg   682.105 ms] [cu] compute (buf2=118735 B)
[dbg   682.108 ms] cusparse: C size = 3134 x 3134, nnz=3134
[dbg   682.114 ms] cusparse: copy begin
[dbg   682.181 ms] [cu] copy
[dbg   682.201 ms] [cu] pack
[dbg   682.217 ms] self_product: C D2H begin (37612 B)
[dbg   682.230 ms] [cu] d2h
[dbg   682.318 ms] [gust] start
[dbg   682.400 ms] [gust] h2d
[dbg   682.403 ms] ESC: count intermediates begin
[dbg   682.418 ms] [gust] count
[dbg   682.461 ms] [gust] scan
[dbg   682.468 ms] ESC: expand begin (3134 intermediates)
[dbg   682.485 ms] [gust] expand
[dbg   682.487 ms] ESC: sort_by_key begin
[dbg   682.600 ms] [gust] sort
[dbg   682.606 ms] ESC: reduce_by_key begin
[dbg   682.641 ms] [gust] reduce
[dbg   682.699 ms] [gust] final
[dbg   682.720 ms] [gust] pack
[dbg   682.731 ms] [gust] d2h
[dbg   682.821 ms] [merge] start
[dbg   682.897 ms] [merge] h2d
[dbg   682.902 ms] merge: count begin
[dbg   682.917 ms] [merge] count
[dbg   682.956 ms] [merge] scan
[dbg   682.963 ms] merge: expand_serial begin (3134 intermediates)
[dbg   682.978 ms] [merge] expand
[dbg   682.984 ms] merge: merge_serial begin
[dbg   682.999 ms] [merge] merge
[dbg   683.039 ms] [merge] final
[dbg   683.067 ms] [merge] compact
[dbg   683.085 ms] [merge] pack
[dbg   683.098 ms] [merge] d2h
[dbg   683.201 ms] [mrg2] start
[dbg   683.278 ms] [mrg2] h2d
[dbg   683.283 ms] merge2: count begin
[dbg   683.298 ms] [mrg2] count
[dbg   683.336 ms] [mrg2] scan
[dbg   683.344 ms] merge2: merge_warp begin (3134 intermediates)
[dbg   683.360 ms] [mrg2] merge
[dbg   683.395 ms] [mrg2] final
[dbg   683.422 ms] [mrg2] compact
[dbg   683.440 ms] [mrg2] pack
[dbg   683.452 ms] [mrg2] d2h
[dbg   683.539 ms] warmup done
[dbg   683.567 ms] T1 cuSPARSE self_product: start
[dbg   683.569 ms] [cu] start
[dbg   683.633 ms] [cu] h2dmalloc (37612 B)
[dbg   683.650 ms] [cu] h2d (37612 B)
[dbg   683.658 ms] cusparse: workEstimation begin
[dbg   683.718 ms] [cu] workest (buf1=38671 B)
[dbg   683.721 ms] cusparse: compute begin
[dbg   683.895 ms] [cu] compute (buf2=118735 B)
[dbg   683.898 ms] cusparse: C size = 3134 x 3134, nnz=3134
[dbg   683.904 ms] cusparse: copy begin
[dbg   683.954 ms] [cu] copy
[dbg   683.974 ms] [cu] pack
[dbg   683.990 ms] self_product: C D2H begin (37612 B)
[dbg   684.000 ms] [cu] d2h
[dbg   684.085 ms] T1 cuSPARSE self_product: done (C_nnz=3134)
[dbg   684.119 ms] T4 manual self_product: start
[dbg   684.122 ms] [gust] start
[dbg   684.217 ms] [gust] h2d
[dbg   684.221 ms] ESC: count intermediates begin
[dbg   684.238 ms] [gust] count
[dbg   684.283 ms] [gust] scan
[dbg   684.290 ms] ESC: expand begin (3134 intermediates)
[dbg   684.307 ms] [gust] expand
[dbg   684.308 ms] ESC: sort_by_key begin
[dbg   684.422 ms] [gust] sort
[dbg   684.429 ms] ESC: reduce_by_key begin
[dbg   684.464 ms] [gust] reduce
[dbg   684.522 ms] [gust] final
[dbg   684.542 ms] [gust] pack
[dbg   684.553 ms] [gust] d2h
[dbg   684.646 ms] T4 manual self_product: done (C_nnz=3134)
[dbg   684.666 ms] T4b merge self_product: start
[dbg   684.668 ms] [merge] start
[dbg   684.746 ms] [merge] h2d
[dbg   684.751 ms] merge: count begin
[dbg   684.767 ms] [merge] count
[dbg   684.805 ms] [merge] scan
[dbg   684.811 ms] merge: expand_serial begin (3134 intermediates)
[dbg   684.826 ms] [merge] expand
[dbg   684.833 ms] merge: merge_serial begin
[dbg   684.848 ms] [merge] merge
[dbg   684.888 ms] [merge] final
[dbg   684.914 ms] [merge] compact
[dbg   684.933 ms] [merge] pack
[dbg   684.944 ms] [merge] d2h
[dbg   685.033 ms] T4b merge self_product: done (C_nnz=3134)
[dbg   685.058 ms] T4c merge2 self_product: start
[dbg   685.059 ms] [mrg2] start
[dbg   685.142 ms] [mrg2] h2d
[dbg   685.146 ms] merge2: count begin
[dbg   685.162 ms] [mrg2] count
[dbg   685.199 ms] [mrg2] scan
[dbg   685.206 ms] merge2: merge_warp begin (3134 intermediates)
[dbg   685.222 ms] [mrg2] merge
[dbg   685.258 ms] [mrg2] final
[dbg   685.281 ms] [mrg2] compact
[dbg   685.300 ms] [mrg2] pack
[dbg   685.312 ms] [mrg2] d2h
[dbg   685.400 ms] T4c merge2 self_product: done (C_nnz=3134)
Reading matrix from ./data/first100/bcsstm23.mtx...
Input A: 3134 x 3134, nnz = 3134, sparsity = 99.97%
===============WARMING UP (3 rounds)===============
=== Computing C = A x A (cuSPARSE) ===
Result C: 3134 x 3134, nnz = 3134, sparsity = 99.97%
Time: 0.521 ms

=== Computing C = A x A (Manual) ===
Result C: 3134 x 3134, nnz = 3134, sparsity = 99.97%
Time: 0.530 ms

=== Computing C = A x A (Merge) ===
Result C: 3134 x 3134, nnz = 3134, sparsity = 99.97%
Time: 0.371 ms

=== Computing C = A x A (Merge2) ===
Result C: 3134 x 3134, nnz = 3134, sparsity = 99.97%
Time: 0.345 ms

=== All tests completed ===
[69/100] Processing bcsstm24 ... (max 600s)
[dbg     0.001 ms] main entry, initializing CUDA context...
[dbg   484.932 ms] CUDA context ready
[dbg   485.094 ms] start read_matrix_market: ./data/first100/bcsstm24.mtx
[dbg   487.828 ms] read done: 3562 x 3562, nnz=3562
[mempool] host pinned arena ready: 256 MB (USE_MEMPOOL=ON)
[dbg   634.135 ms] [cu] start
[dbg   642.341 ms] [cu] h2dmalloc (42748 B)
[dbg   642.409 ms] [cu] h2d (42748 B)
[dbg   642.448 ms] cusparse: workEstimation begin
[dbg   667.013 ms] [cu] workest (buf1=43807 B)
[dbg   667.027 ms] cusparse: compute begin
[dbg   667.681 ms] [cu] compute (buf2=134303 B)
[dbg   667.688 ms] cusparse: C size = 3562 x 3562, nnz=3562
[dbg   667.699 ms] cusparse: copy begin
[dbg   667.810 ms] [cu] copy
[dbg   667.839 ms] [cu] pack
[dbg   667.859 ms] self_product: C D2H begin (42748 B)
[dbg   667.884 ms] [cu] d2h
[dbg   668.076 ms] [gust] start
[dbg   668.209 ms] [gust] h2d
[dbg   668.212 ms] ESC: count intermediates begin
[dbg   669.783 ms] [gust] count
[dbg   670.086 ms] [gust] scan
[dbg   670.100 ms] ESC: expand begin (3562 intermediates)
[dbg   670.140 ms] [gust] expand
[dbg   670.142 ms] ESC: sort_by_key begin
[dbg   670.410 ms] [gust] sort
[dbg   670.421 ms] ESC: reduce_by_key begin
[dbg   670.594 ms] [gust] reduce
[dbg   670.672 ms] [gust] final
[dbg   670.694 ms] [gust] pack
[dbg   670.707 ms] [gust] d2h
[dbg   670.848 ms] [merge] start
[dbg   670.952 ms] [merge] h2d
[dbg   670.961 ms] merge: count begin
[dbg   670.978 ms] [merge] count
[dbg   671.021 ms] [merge] scan
[dbg   671.027 ms] merge: expand_serial begin (3562 intermediates)
[dbg   671.491 ms] [merge] expand
[dbg   671.505 ms] merge: merge_serial begin
[dbg   671.547 ms] [merge] merge
[dbg   671.597 ms] [merge] final
[dbg   671.638 ms] [merge] compact
[dbg   671.658 ms] [merge] pack
[dbg   671.670 ms] [merge] d2h
[dbg   671.803 ms] [mrg2] start
[dbg   671.904 ms] [mrg2] h2d
[dbg   671.911 ms] merge2: count begin
[dbg   671.927 ms] [mrg2] count
[dbg   671.969 ms] [mrg2] scan
[dbg   671.977 ms] merge2: merge_warp begin (3562 intermediates)
[dbg   672.032 ms] [mrg2] merge
[dbg   672.073 ms] [mrg2] final
[dbg   672.100 ms] [mrg2] compact
[dbg   672.120 ms] [mrg2] pack
[dbg   672.136 ms] [mrg2] d2h
[dbg   672.234 ms] [cu] start
[dbg   672.305 ms] [cu] h2dmalloc (42748 B)
[dbg   672.320 ms] [cu] h2d (42748 B)
[dbg   672.329 ms] cusparse: workEstimation begin
[dbg   672.388 ms] [cu] workest (buf1=43807 B)
[dbg   672.391 ms] cusparse: compute begin
[dbg   672.566 ms] [cu] compute (buf2=134303 B)
[dbg   672.569 ms] cusparse: C size = 3562 x 3562, nnz=3562
[dbg   672.577 ms] cusparse: copy begin
[dbg   672.628 ms] [cu] copy
[dbg   672.646 ms] [cu] pack
[dbg   672.663 ms] self_product: C D2H begin (42748 B)
[dbg   672.675 ms] [cu] d2h
[dbg   672.758 ms] [gust] start
[dbg   672.839 ms] [gust] h2d
[dbg   672.841 ms] ESC: count intermediates begin
[dbg   672.857 ms] [gust] count
[dbg   672.897 ms] [gust] scan
[dbg   672.902 ms] ESC: expand begin (3562 intermediates)
[dbg   672.919 ms] [gust] expand
[dbg   672.920 ms] ESC: sort_by_key begin
[dbg   673.034 ms] [gust] sort
[dbg   673.041 ms] ESC: reduce_by_key begin
[dbg   673.082 ms] [gust] reduce
[dbg   673.153 ms] [gust] final
[dbg   673.173 ms] [gust] pack
[dbg   673.186 ms] [gust] d2h
[dbg   673.280 ms] [merge] start
[dbg   673.360 ms] [merge] h2d
[dbg   673.366 ms] merge: count begin
[dbg   673.382 ms] [merge] count
[dbg   673.419 ms] [merge] scan
[dbg   673.424 ms] merge: expand_serial begin (3562 intermediates)
[dbg   673.440 ms] [merge] expand
[dbg   673.446 ms] merge: merge_serial begin
[dbg   673.461 ms] [merge] merge
[dbg   673.501 ms] [merge] final
[dbg   673.528 ms] [merge] compact
[dbg   673.546 ms] [merge] pack
[dbg   673.558 ms] [merge] d2h
[dbg   673.643 ms] [mrg2] start
[dbg   673.716 ms] [mrg2] h2d
[dbg   673.719 ms] merge2: count begin
[dbg   673.734 ms] [mrg2] count
[dbg   673.775 ms] [mrg2] scan
[dbg   673.782 ms] merge2: merge_warp begin (3562 intermediates)
[dbg   673.796 ms] [mrg2] merge
[dbg   673.830 ms] [mrg2] final
[dbg   673.855 ms] [mrg2] compact
[dbg   673.873 ms] [mrg2] pack
[dbg   673.886 ms] [mrg2] d2h
[dbg   673.971 ms] [cu] start
[dbg   674.030 ms] [cu] h2dmalloc (42748 B)
[dbg   674.045 ms] [cu] h2d (42748 B)
[dbg   674.053 ms] cusparse: workEstimation begin
[dbg   674.105 ms] [cu] workest (buf1=43807 B)
[dbg   674.108 ms] cusparse: compute begin
[dbg   674.277 ms] [cu] compute (buf2=134303 B)
[dbg   674.281 ms] cusparse: C size = 3562 x 3562, nnz=3562
[dbg   674.287 ms] cusparse: copy begin
[dbg   674.336 ms] [cu] copy
[dbg   674.355 ms] [cu] pack
[dbg   674.370 ms] self_product: C D2H begin (42748 B)
[dbg   674.382 ms] [cu] d2h
[dbg   674.468 ms] [gust] start
[dbg   674.548 ms] [gust] h2d
[dbg   674.551 ms] ESC: count intermediates begin
[dbg   674.567 ms] [gust] count
[dbg   674.606 ms] [gust] scan
[dbg   674.612 ms] ESC: expand begin (3562 intermediates)
[dbg   674.629 ms] [gust] expand
[dbg   674.631 ms] ESC: sort_by_key begin
[dbg   674.745 ms] [gust] sort
[dbg   674.751 ms] ESC: reduce_by_key begin
[dbg   674.786 ms] [gust] reduce
[dbg   674.850 ms] [gust] final
[dbg   674.869 ms] [gust] pack
[dbg   674.882 ms] [gust] d2h
[dbg   674.971 ms] [merge] start
[dbg   675.048 ms] [merge] h2d
[dbg   675.054 ms] merge: count begin
[dbg   675.068 ms] [merge] count
[dbg   675.106 ms] [merge] scan
[dbg   675.112 ms] merge: expand_serial begin (3562 intermediates)
[dbg   675.126 ms] [merge] expand
[dbg   675.145 ms] merge: merge_serial begin
[dbg   675.160 ms] [merge] merge
[dbg   675.198 ms] [merge] final
[dbg   675.225 ms] [merge] compact
[dbg   675.243 ms] [merge] pack
[dbg   675.255 ms] [merge] d2h
[dbg   675.342 ms] [mrg2] start
[dbg   675.416 ms] [mrg2] h2d
[dbg   675.421 ms] merge2: count begin
[dbg   675.436 ms] [mrg2] count
[dbg   675.472 ms] [mrg2] scan
[dbg   675.479 ms] merge2: merge_warp begin (3562 intermediates)
[dbg   675.495 ms] [mrg2] merge
[dbg   675.529 ms] [mrg2] final
[dbg   675.555 ms] [mrg2] compact
[dbg   675.573 ms] [mrg2] pack
[dbg   675.586 ms] [mrg2] d2h
[dbg   675.670 ms] warmup done
[dbg   675.698 ms] T1 cuSPARSE self_product: start
[dbg   675.700 ms] [cu] start
[dbg   675.763 ms] [cu] h2dmalloc (42748 B)
[dbg   675.779 ms] [cu] h2d (42748 B)
[dbg   675.787 ms] cusparse: workEstimation begin
[dbg   675.839 ms] [cu] workest (buf1=43807 B)
[dbg   675.842 ms] cusparse: compute begin
[dbg   676.009 ms] [cu] compute (buf2=134303 B)
[dbg   676.012 ms] cusparse: C size = 3562 x 3562, nnz=3562
[dbg   676.018 ms] cusparse: copy begin
[dbg   676.068 ms] [cu] copy
[dbg   676.088 ms] [cu] pack
[dbg   676.104 ms] self_product: C D2H begin (42748 B)
[dbg   676.117 ms] [cu] d2h
[dbg   676.213 ms] T1 cuSPARSE self_product: done (C_nnz=3562)
[dbg   676.241 ms] T4 manual self_product: start
[dbg   676.242 ms] [gust] start
[dbg   676.324 ms] [gust] h2d
[dbg   676.327 ms] ESC: count intermediates begin
[dbg   676.343 ms] [gust] count
[dbg   676.384 ms] [gust] scan
[dbg   676.390 ms] ESC: expand begin (3562 intermediates)
[dbg   676.406 ms] [gust] expand
[dbg   676.408 ms] ESC: sort_by_key begin
[dbg   676.522 ms] [gust] sort
[dbg   676.528 ms] ESC: reduce_by_key begin
[dbg   676.564 ms] [gust] reduce
[dbg   676.620 ms] [gust] final
[dbg   676.638 ms] [gust] pack
[dbg   676.651 ms] [gust] d2h
[dbg   676.743 ms] T4 manual self_product: done (C_nnz=3562)
[dbg   676.768 ms] T4b merge self_product: start
[dbg   676.770 ms] [merge] start
[dbg   676.847 ms] [merge] h2d
[dbg   676.853 ms] merge: count begin
[dbg   676.869 ms] [merge] count
[dbg   676.907 ms] [merge] scan
[dbg   676.913 ms] merge: expand_serial begin (3562 intermediates)
[dbg   676.929 ms] [merge] expand
[dbg   676.935 ms] merge: merge_serial begin
[dbg   676.949 ms] [merge] merge
[dbg   676.990 ms] [merge] final
[dbg   677.018 ms] [merge] compact
[dbg   677.036 ms] [merge] pack
[dbg   677.049 ms] [merge] d2h
[dbg   677.145 ms] T4b merge self_product: done (C_nnz=3562)
[dbg   677.164 ms] T4c merge2 self_product: start
[dbg   677.166 ms] [mrg2] start
[dbg   677.245 ms] [mrg2] h2d
[dbg   677.250 ms] merge2: count begin
[dbg   677.264 ms] [mrg2] count
[dbg   677.303 ms] [mrg2] scan
[dbg   677.310 ms] merge2: merge_warp begin (3562 intermediates)
[dbg   677.325 ms] [mrg2] merge
[dbg   677.359 ms] [mrg2] final
[dbg   677.383 ms] [mrg2] compact
[dbg   677.402 ms] [mrg2] pack
[dbg   677.415 ms] [mrg2] d2h
[dbg   677.508 ms] T4c merge2 self_product: done (C_nnz=3562)
Reading matrix from ./data/first100/bcsstm24.mtx...
Input A: 3562 x 3562, nnz = 3562, sparsity = 99.97%
===============WARMING UP (3 rounds)===============
=== Computing C = A x A (cuSPARSE) ===
Result C: 3562 x 3562, nnz = 3562, sparsity = 99.97%
Time: 0.519 ms

=== Computing C = A x A (Manual) ===
Result C: 3562 x 3562, nnz = 3562, sparsity = 99.97%
Time: 0.506 ms

=== Computing C = A x A (Merge) ===
Result C: 3562 x 3562, nnz = 3562, sparsity = 99.97%
Time: 0.381 ms

=== Computing C = A x A (Merge2) ===
Result C: 3562 x 3562, nnz = 3562, sparsity = 99.97%
Time: 0.347 ms

=== All tests completed ===
[70/100] Processing bcsstm25 ... (max 600s)
[dbg     0.001 ms] main entry, initializing CUDA context...
[71/100] Processing bcsstm26 ... (max 600s)
[dbg     0.001 ms] main entry, initializing CUDA context...
