class,name,n,A_nnz,density_pct,cu_cnnz,man_cnnz,merge_cnnz,merge2_cnnz,merge3_cnnz,cnnz_gap_pct,buf2,cu_we,cu_compute,cu_copy,cu_d2h,cu_kernel,cu_time,cu_write,man_count,man_fill,man_kernel,man_time,merge_time,merge2_time,merge3_time,man_write,cu_compute_t,man_compute_t,merge_compute_t,merge2_compute_t,merge3_compute_t,phases,cublas_ms,ocean_ms
Dense,bcsstk02,66,4356,100.0,4356,4356,4356,4356,4356,0.0,,0.05899999999996908,0.22900000000004184,0.049999999999954525,0.10500000000001819,0.33799999999996544,0.623,,,,,1.04,1.861,0.554,0.342,,0.3669999999999618,0.7969999999999118,1.6890000000000782,0.3809999999999718,0.15899999999999181,"{('cu', 'start'): 687.24, ('cu', 'h2dmalloc'): 687.301, ('cu', 'h2d'): 687.318, ('cu', 'workest'): 687.377, ('cu', 'compute'): 687.606, ('cu', 'copy'): 687.656, ('cu', 'pack'): 687.685, ('cu', 'd2h'): 687.79, ('gust', 'start'): 687.872, ('gust', 'h2d'): 687.95, ('gust', 'count'): 687.978, ('gust', 'scan'): 688.018, ('gust', 'expand'): 688.119, ('gust', 'sort'): 688.376, ('gust', 'reduce'): 688.53, ('gust', 'final'): 688.723, ('gust', 'pack'): 688.747, ('gust', 'd2h'): 688.767, ('merge', 'start'): 688.919, ('merge', 'h2d'): 688.997, ('merge', 'count'): 689.024, ('merge', 'scan'): 689.063, ('merge', 'expand'): 689.528, ('merge', 'merge'): 690.404, ('merge', 'final'): 690.515, ('merge', 'compact'): 690.656, ('merge', 'pack'): 690.686, ('merge', 'd2h'): 690.699, ('mrg2', 'start'): 690.787, ('mrg2', 'h2d'): 690.864, ('mrg2', 'count'): 690.888, ('mrg2', 'scan'): 690.925, ('mrg2', 'merge'): 691.094, ('mrg2', 'final'): 691.134, ('mrg2', 'compact'): 691.222, ('mrg2', 'pack'): 691.245, ('mrg2', 'd2h'): 691.258, ('mrg3', 'start'): 691.347, ('mrg3', 'h2d'): 691.421, ('mrg3', 'count'): 691.462, ('mrg3', 'scan'): 691.513, ('mrg3', 'merge'): 691.56, ('mrg3', 'pack'): 691.58, ('mrg3', 'd2h'): 691.593}",0.048649962991476,0.8629375997232274
Dense,can_24,24,160,27.77777777777778,336,336,336,336,336,0.0,,0.05599999999992633,0.15399999999999636,0.05700000000001637,0.028999999999996362,0.26699999999993906,0.482,,,,,0.457,0.406,0.376,0.297,,0.28899999999998727,0.25499999999999545,0.23300000000006094,0.19899999999995543,0.12199999999995725,"{('cu', 'start'): 667.67, ('cu', 'h2dmalloc'): 667.734, ('cu', 'h2d'): 667.749, ('cu', 'workest'): 667.805, ('cu', 'compute'): 667.959, ('cu', 'copy'): 668.016, ('cu', 'pack'): 668.038, ('cu', 'd2h'): 668.067, ('gust', 'start'): 668.166, ('gust', 'h2d'): 668.258, ('gust', 'count'): 668.281, ('gust', 'scan'): 668.32, ('gust', 'expand'): 668.347, ('gust', 'sort'): 668.394, ('gust', 'reduce'): 668.437, ('gust', 'final'): 668.492, ('gust', 'pack'): 668.513, ('gust', 'd2h'): 668.523, ('merge', 'start'): 668.63, ('merge', 'h2d'): 668.704, ('merge', 'count'): 668.731, ('merge', 'scan'): 668.766, ('merge', 'expand'): 668.801, ('merge', 'merge'): 668.852, ('merge', 'final'): 668.891, ('merge', 'compact'): 668.918, ('merge', 'pack'): 668.937, ('merge', 'd2h'): 668.948, ('mrg2', 'start'): 669.043, ('mrg2', 'h2d'): 669.115, ('mrg2', 'count'): 669.138, ('mrg2', 'scan'): 669.174, ('mrg2', 'merge'): 669.224, ('mrg2', 'final'): 669.262, ('mrg2', 'compact'): 669.296, ('mrg2', 'pack'): 669.314, ('mrg2', 'd2h'): 669.325, ('mrg3', 'start'): 669.428, ('mrg3', 'h2d'): 669.5, ('mrg3', 'count'): 669.527, ('mrg3', 'scan'): 669.576, ('mrg3', 'merge'): 669.604, ('mrg3', 'pack'): 669.622, ('mrg3', 'd2h'): 669.633}",0.0485549680888652,0.1883168001892045
Dense,bcsstk04,132,3648,20.9366391184573,11968,11968,11968,11968,11968,0.0,,0.057999999999992724,0.2580000000000382,0.05999999999994543,0.1150000000000091,0.37599999999997635,0.69,,,,,0.865,1.33,0.482,0.391,,0.40599999999994907,0.6610000000000582,1.1370000000000573,0.2939999999999827,0.19700000000000273,"{('cu', 'start'): 691.28, ('cu', 'h2dmalloc'): 691.347, ('cu', 'h2d'): 691.365, ('cu', 'workest'): 691.423, ('cu', 'compute'): 691.681, ('cu', 'copy'): 691.741, ('cu', 'pack'): 691.771, ('cu', 'd2h'): 691.886, ('gust', 'start'): 691.98, ('gust', 'h2d'): 692.064, ('gust', 'count'): 692.09, ('gust', 'scan'): 692.13, ('gust', 'expand'): 692.173, ('gust', 'sort'): 692.441, ('gust', 'reduce'): 692.565, ('gust', 'final'): 692.7, ('gust', 'pack'): 692.725, ('gust', 'd2h'): 692.751, ('merge', 'start'): 692.851, ('merge', 'h2d'): 692.943, ('merge', 'count'): 692.977, ('merge', 'scan'): 693.019, ('merge', 'expand'): 693.196, ('merge', 'merge'): 693.907, ('merge', 'final'): 693.955, ('merge', 'compact'): 694.056, ('merge', 'pack'): 694.08, ('merge', 'd2h'): 694.098, ('mrg2', 'start'): 694.188, ('mrg2', 'h2d'): 694.267, ('mrg2', 'count'): 694.291, ('mrg2', 'scan'): 694.331, ('mrg2', 'merge'): 694.482, ('mrg2', 'final'): 694.52, ('mrg2', 'compact'): 694.543, ('mrg2', 'pack'): 694.561, ('mrg2', 'd2h'): 694.578, ('mrg3', 'start'): 694.675, ('mrg3', 'h2d'): 694.753, ('mrg3', 'count'): 694.805, ('mrg3', 'scan'): 694.871, ('mrg3', 'merge'): 694.93, ('mrg3', 'pack'): 694.95, ('mrg3', 'd2h'): 694.968}",0.032111071050167,0.5095104000298306
Dense,bcsstk01,48,400,17.36111111111111,1292,1292,1292,1292,1292,0.0,,0.06399999999996453,0.15399999999999636,0.05400000000008731,0.024999999999977263,0.2720000000000482,0.481,,,,,0.497,0.434,0.346,0.291,,0.29300000000000637,0.3100000000000591,0.25899999999990087,0.17600000000004457,0.1230000000000473,"{('cu', 'start'): 670.779, ('cu', 'h2dmalloc'): 670.841, ('cu', 'h2d'): 670.856, ('cu', 'workest'): 670.92, ('cu', 'compute'): 671.074, ('cu', 'copy'): 671.128, ('cu', 'pack'): 671.149, ('cu', 'd2h'): 671.174, ('gust', 'start'): 671.268, ('gust', 'h2d'): 671.348, ('gust', 'count'): 671.37, ('gust', 'scan'): 671.407, ('gust', 'expand'): 671.432, ('gust', 'sort'): 671.542, ('gust', 'reduce'): 671.582, ('gust', 'final'): 671.638, ('gust', 'pack'): 671.658, ('gust', 'd2h'): 671.669, ('merge', 'start'): 671.77, ('merge', 'h2d'): 671.849, ('merge', 'count'): 671.871, ('merge', 'scan'): 671.916, ('merge', 'expand'): 671.953, ('merge', 'merge'): 672.027, ('merge', 'final'): 672.064, ('merge', 'compact'): 672.089, ('merge', 'pack'): 672.108, ('merge', 'd2h'): 672.118, ('mrg2', 'start'): 672.211, ('mrg2', 'h2d'): 672.285, ('mrg2', 'count'): 672.307, ('mrg2', 'scan'): 672.341, ('mrg2', 'merge'): 672.387, ('mrg2', 'final'): 672.419, ('mrg2', 'compact'): 672.443, ('mrg2', 'pack'): 672.461, ('mrg2', 'd2h'): 672.472, ('mrg3', 'start'): 672.563, ('mrg3', 'h2d'): 672.636, ('mrg3', 'count'): 672.663, ('mrg3', 'scan'): 672.711, ('mrg3', 'merge'): 672.74, ('mrg3', 'pack'): 672.759, ('mrg3', 'd2h'): 672.77}",0.0481798779219388,0.287980800238438
Dense,can_61,61,557,14.969094329481322,1793,1793,1793,1793,1793,0.0,,0.07399999999995543,0.18500000000005912,0.06599999999991724,0.02699999999992997,0.3249999999999318,0.563,,,,,0.588,0.565,0.414,0.338,,0.35199999999997544,0.37999999999999545,0.36799999999993815,0.22400000000004638,0.1490000000000009,"{('cu', 'start'): 713.469, ('cu', 'h2dmalloc'): 713.535, ('cu', 'h2d'): 713.556, ('cu', 'workest'): 713.63, ('cu', 'compute'): 713.815, ('cu', 'copy'): 713.881, ('cu', 'pack'): 713.908, ('cu', 'd2h'): 713.935, ('gust', 'start'): 714.042, ('gust', 'h2d'): 714.123, ('gust', 'count'): 714.147, ('gust', 'scan'): 714.193, ('gust', 'expand'): 714.223, ('gust', 'sort'): 714.361, ('gust', 'reduce'): 714.413, ('gust', 'final'): 714.477, ('gust', 'pack'): 714.503, ('gust', 'd2h'): 714.515, ('merge', 'start'): 714.64, ('merge', 'h2d'): 714.725, ('merge', 'count'): 714.75, ('merge', 'scan'): 714.792, ('merge', 'expand'): 714.844, ('merge', 'merge'): 714.998, ('merge', 'final'): 715.044, ('merge', 'compact'): 715.071, ('merge', 'pack'): 715.093, ('merge', 'd2h'): 715.104, ('mrg2', 'start'): 715.211, ('mrg2', 'h2d'): 715.29, ('mrg2', 'count'): 715.321, ('mrg2', 'scan'): 715.364, ('mrg2', 'merge'): 715.423, ('mrg2', 'final'): 715.463, ('mrg2', 'compact'): 715.489, ('mrg2', 'pack'): 715.514, ('mrg2', 'd2h'): 715.526, ('mrg3', 'start'): 715.633, ('mrg3', 'h2d'): 715.71, ('mrg3', 'count'): 715.742, ('mrg3', 'scan'): 715.8, ('mrg3', 'merge'): 715.836, ('mrg3', 'pack'): 715.859, ('mrg3', 'd2h'): 715.872}",0.0485938508063554,0.3007904004771262
Dense,bcsstk05,153,2423,10.350719808620616,7245,7245,7245,7245,7245,0.0,,0.06999999999993634,0.18299999999999272,0.06000000000005912,0.03300000000001546,0.3129999999999882,0.571,,,,,0.59,0.612,0.422,0.385,,0.34600000000000364,0.36199999999996635,0.40599999999994907,0.21699999999998454,0.1790000000000873,"{('cu', 'start'): 691.238, ('cu', 'h2dmalloc'): 691.303, ('cu', 'h2d'): 691.326, ('cu', 'workest'): 691.396, ('cu', 'compute'): 691.579, ('cu', 'copy'): 691.639, ('cu', 'pack'): 691.672, ('cu', 'd2h'): 691.705, ('gust', 'start'): 691.821, ('gust', 'h2d'): 691.914, ('gust', 'count'): 691.944, ('gust', 'scan'): 691.986, ('gust', 'expand'): 692.016, ('gust', 'sort'): 692.146, ('gust', 'reduce'): 692.192, ('gust', 'final'): 692.253, ('gust', 'pack'): 692.276, ('gust', 'd2h'): 692.298, ('merge', 'start'): 692.416, ('merge', 'h2d'): 692.503, ('merge', 'count'): 692.528, ('merge', 'scan'): 692.567, ('merge', 'expand'): 692.633, ('merge', 'merge'): 692.808, ('merge', 'final'): 692.862, ('merge', 'compact'): 692.89, ('merge', 'pack'): 692.909, ('merge', 'd2h'): 692.924, ('mrg2', 'start'): 693.038, ('mrg2', 'h2d'): 693.124, ('mrg2', 'count'): 693.149, ('mrg2', 'scan'): 693.188, ('mrg2', 'merge'): 693.254, ('mrg2', 'final'): 693.293, ('mrg2', 'compact'): 693.319, ('mrg2', 'pack'): 693.341, ('mrg2', 'd2h'): 693.356, ('mrg3', 'start'): 693.467, ('mrg3', 'h2d'): 693.55, ('mrg3', 'count'): 693.591, ('mrg3', 'scan'): 693.647, ('mrg3', 'merge'): 693.705, ('mrg3', 'pack'): 693.729, ('mrg3', 'd2h'): 693.744}",0.0504700001329183,0.3144256002502516
Mildly sparse,bcspwr01,39,131,8.61275476660092,275,275,275,275,275,0.0,,0.053999999999973625,0.16000000000008185,0.05599999999992633,0.02400000000000091,0.2699999999999818,0.474,,,,,0.428,0.378,0.336,0.285,,0.2899999999999636,0.24500000000000455,0.20100000000002183,0.16599999999993997,0.11799999999993815,"{('cu', 'start'): 694.627, ('cu', 'h2dmalloc'): 694.688, ('cu', 'h2d'): 694.702, ('cu', 'workest'): 694.756, ('cu', 'compute'): 694.916, ('cu', 'copy'): 694.972, ('cu', 'pack'): 694.992, ('cu', 'd2h'): 695.016, ('gust', 'start'): 695.109, ('gust', 'h2d'): 695.187, ('gust', 'count'): 695.209, ('gust', 'scan'): 695.246, ('gust', 'expand'): 695.269, ('gust', 'sort'): 695.314, ('gust', 'reduce'): 695.355, ('gust', 'final'): 695.413, ('gust', 'pack'): 695.432, ('gust', 'd2h'): 695.442, ('merge', 'start'): 695.544, ('merge', 'h2d'): 695.617, ('merge', 'count'): 695.639, ('merge', 'scan'): 695.676, ('merge', 'expand'): 695.701, ('merge', 'merge'): 695.735, ('merge', 'final'): 695.773, ('merge', 'compact'): 695.8, ('merge', 'pack'): 695.818, ('merge', 'd2h'): 695.828, ('mrg2', 'start'): 695.928, ('mrg2', 'h2d'): 696.003, ('mrg2', 'count'): 696.025, ('mrg2', 'scan'): 696.06, ('mrg2', 'merge'): 696.092, ('mrg2', 'final'): 696.125, ('mrg2', 'compact'): 696.15, ('mrg2', 'pack'): 696.169, ('mrg2', 'd2h'): 696.18, ('mrg3', 'start'): 696.27, ('mrg3', 'h2d'): 696.34, ('mrg3', 'count'): 696.366, ('mrg3', 'scan'): 696.415, ('mrg3', 'merge'): 696.44, ('mrg3', 'pack'): 696.458, ('mrg3', 'd2h'): 696.468}",0.048565911129117,0.1977728001540526
Mildly sparse,can_96,96,768,8.333333333333332,1920,1920,1920,1920,1920,0.0,,0.06899999999995998,0.17200000000002547,0.07399999999995543,0.024999999999977263,0.3149999999999409,0.532,,,,,0.535,0.433,0.367,0.304,,0.3389999999999418,0.3450000000000273,0.25300000000004275,0.19399999999995998,0.13599999999996726,"{('cu', 'start'): 696.004, ('cu', 'h2dmalloc'): 696.065, ('cu', 'h2d'): 696.085, ('cu', 'workest'): 696.154, ('cu', 'compute'): 696.326, ('cu', 'copy'): 696.4, ('cu', 'pack'): 696.424, ('cu', 'd2h'): 696.449, ('gust', 'start'): 696.544, ('gust', 'h2d'): 696.625, ('gust', 'count'): 696.65, ('gust', 'scan'): 696.696, ('gust', 'expand'): 696.72, ('gust', 'sort'): 696.842, ('gust', 'reduce'): 696.887, ('gust', 'final'): 696.946, ('gust', 'pack'): 696.97, ('gust', 'd2h'): 696.982, ('merge', 'start'): 697.084, ('merge', 'h2d'): 697.165, ('merge', 'count'): 697.191, ('merge', 'scan'): 697.231, ('merge', 'expand'): 697.264, ('merge', 'merge'): 697.317, ('merge', 'final'): 697.361, ('merge', 'compact'): 697.395, ('merge', 'pack'): 697.418, ('merge', 'd2h'): 697.431, ('mrg2', 'start'): 697.523, ('mrg2', 'h2d'): 697.6, ('mrg2', 'count'): 697.624, ('mrg2', 'scan'): 697.665, ('mrg2', 'merge'): 697.708, ('mrg2', 'final'): 697.745, ('mrg2', 'compact'): 697.773, ('mrg2', 'pack'): 697.794, ('mrg2', 'd2h'): 697.806, ('mrg3', 'start'): 697.896, ('mrg3', 'h2d'): 697.969, ('mrg3', 'count'): 697.996, ('mrg3', 'scan'): 698.051, ('mrg3', 'merge'): 698.083, ('mrg3', 'pack'): 698.105, ('mrg3', 'd2h'): 698.117}",0.0494441483169794,0.2911456003086641
Mildly sparse,arc130,130,1282,7.585798816568047,15631,15631,15631,15631,15631,0.0,,0.057999999999992724,0.18000000000006366,0.05499999999994998,0.033999999999991815,0.29300000000000637,0.509,,,,,0.568,1.71,0.515,0.39,,0.31100000000003547,0.3669999999999618,1.5259999999999536,0.3350000000000364,0.20899999999994634,"{('cu', 'start'): 696.627, ('cu', 'h2dmalloc'): 696.688, ('cu', 'h2d'): 696.703, ('cu', 'workest'): 696.761, ('cu', 'compute'): 696.941, ('cu', 'copy'): 696.996, ('cu', 'pack'): 697.014, ('cu', 'd2h'): 697.048, ('gust', 'start'): 697.146, ('gust', 'h2d'): 697.226, ('gust', 'count'): 697.253, ('gust', 'scan'): 697.292, ('gust', 'expand'): 697.347, ('gust', 'sort'): 697.475, ('gust', 'reduce'): 697.517, ('gust', 'final'): 697.575, ('gust', 'pack'): 697.593, ('gust', 'd2h'): 697.62, ('merge', 'start'): 697.718, ('merge', 'h2d'): 697.797, ('merge', 'count'): 697.822, ('merge', 'scan'): 697.859, ('merge', 'expand'): 697.998, ('merge', 'merge'): 699.24, ('merge', 'final'): 699.282, ('merge', 'compact'): 699.306, ('merge', 'pack'): 699.323, ('merge', 'd2h'): 699.342, ('mrg2', 'start'): 699.436, ('mrg2', 'h2d'): 699.511, ('mrg2', 'count'): 699.536, ('mrg2', 'scan'): 699.573, ('mrg2', 'merge'): 699.772, ('mrg2', 'final'): 699.806, ('mrg2', 'compact'): 699.829, ('mrg2', 'pack'): 699.846, ('mrg2', 'd2h'): 699.866, ('mrg3', 'start'): 699.959, ('mrg3', 'h2d'): 700.032, ('mrg3', 'count'): 700.089, ('mrg3', 'scan'): 700.153, ('mrg3', 'merge'): 700.22, ('mrg3', 'pack'): 700.241, ('mrg3', 'd2h'): 700.26}",0.0415011309087276,0.3773056005127728
Mildly sparse,ash85,85,523,7.2387543252595155,1317,1317,1317,1317,1317,0.0,,0.05499999999994998,0.15800000000001546,0.05600000000004002,0.02400000000000091,0.26900000000000546,0.478,,,,,0.505,0.408,0.337,0.293,,0.28899999999998727,0.3180000000000973,0.2300000000000182,0.16800000000000637,0.1270000000000664,"{('cu', 'start'): 661.586, ('cu', 'h2dmalloc'): 661.648, ('cu', 'h2d'): 661.662, ('cu', 'workest'): 661.717, ('cu', 'compute'): 661.875, ('cu', 'copy'): 661.931, ('cu', 'pack'): 661.951, ('cu', 'd2h'): 661.975, ('gust', 'start'): 662.071, ('gust', 'h2d'): 662.151, ('gust', 'count'): 662.173, ('gust', 'scan'): 662.211, ('gust', 'expand'): 662.239, ('gust', 'sort'): 662.349, ('gust', 'reduce'): 662.391, ('gust', 'final'): 662.448, ('gust', 'pack'): 662.469, ('gust', 'd2h'): 662.479, ('merge', 'start'): 662.582, ('merge', 'h2d'): 662.662, ('merge', 'count'): 662.685, ('merge', 'scan'): 662.721, ('merge', 'expand'): 662.751, ('merge', 'merge'): 662.805, ('merge', 'final'): 662.843, ('merge', 'compact'): 662.868, ('merge', 'pack'): 662.892, ('merge', 'd2h'): 662.902, ('mrg2', 'start'): 662.996, ('mrg2', 'h2d'): 663.071, ('mrg2', 'count'): 663.092, ('mrg2', 'scan'): 663.127, ('mrg2', 'merge'): 663.165, ('mrg2', 'final'): 663.197, ('mrg2', 'compact'): 663.221, ('mrg2', 'pack'): 663.239, ('mrg2', 'd2h'): 663.249, ('mrg3', 'start'): 663.339, ('mrg3', 'h2d'): 663.41, ('mrg3', 'count'): 663.439, ('mrg3', 'scan'): 663.488, ('mrg3', 'merge'): 663.52, ('mrg3', 'pack'): 663.537, ('mrg3', 'd2h'): 663.547}",0.031420961022377,0.2024447984760627
Mildly sparse,can_73,73,377,7.0744980296490905,1377,1377,1377,1377,1377,0.0,,0.06499999999994088,0.15600000000006276,0.05999999999994543,0.02800000000002001,0.28099999999994907,0.505,,,,,0.474,0.466,0.393,0.39,,0.3039999999999736,0.27300000000002456,0.2719999999999345,0.20300000000008822,0.17099999999993543,"{('cu', 'start'): 676.368, ('cu', 'h2dmalloc'): 676.432, ('cu', 'h2d'): 676.447, ('cu', 'workest'): 676.512, ('cu', 'compute'): 676.668, ('cu', 'copy'): 676.728, ('cu', 'pack'): 676.751, ('cu', 'd2h'): 676.779, ('gust', 'start'): 676.881, ('gust', 'h2d'): 676.971, ('gust', 'count'): 676.997, ('gust', 'scan'): 677.038, ('gust', 'expand'): 677.067, ('gust', 'sort'): 677.116, ('gust', 'reduce'): 677.161, ('gust', 'final'): 677.221, ('gust', 'pack'): 677.244, ('gust', 'd2h'): 677.254, ('merge', 'start'): 677.363, ('merge', 'h2d'): 677.446, ('merge', 'count'): 677.47, ('merge', 'scan'): 677.525, ('merge', 'expand'): 677.561, ('merge', 'merge'): 677.618, ('merge', 'final'): 677.669, ('merge', 'compact'): 677.698, ('merge', 'pack'): 677.718, ('merge', 'd2h'): 677.73, ('mrg2', 'start'): 677.839, ('mrg2', 'h2d'): 677.92, ('mrg2', 'count'): 677.944, ('mrg2', 'scan'): 677.983, ('mrg2', 'merge'): 678.033, ('mrg2', 'final'): 678.076, ('mrg2', 'compact'): 678.103, ('mrg2', 'pack'): 678.123, ('mrg2', 'd2h'): 678.135, ('mrg3', 'start'): 678.239, ('mrg3', 'h2d'): 678.315, ('mrg3', 'count'): 678.349, ('mrg3', 'scan'): 678.414, ('mrg3', 'merge'): 678.459, ('mrg3', 'pack'): 678.486, ('mrg3', 'd2h'): 678.497}",0.035623088479042,0.1918144005583599
Mildly sparse,bcspwr02,49,167,6.9554352353186175,403,403,403,403,403,0.0,,0.05700000000001637,0.16399999999998727,0.05600000000004002,0.02400000000000091,0.27700000000004366,0.48,,,,,0.446,0.372,0.35,0.287,,0.29700000000002547,0.25099999999997635,0.1999999999999318,0.17999999999994998,0.12000000000000455,"{('cu', 'start'): 684.666, ('cu', 'h2dmalloc'): 684.727, ('cu', 'h2d'): 684.741, ('cu', 'workest'): 684.798, ('cu', 'compute'): 684.962, ('cu', 'copy'): 685.018, ('cu', 'pack'): 685.038, ('cu', 'd2h'): 685.062, ('gust', 'start'): 685.154, ('gust', 'h2d'): 685.24, ('gust', 'count'): 685.263, ('gust', 'scan'): 685.302, ('gust', 'expand'): 685.326, ('gust', 'sort'): 685.377, ('gust', 'reduce'): 685.415, ('gust', 'final'): 685.471, ('gust', 'pack'): 685.491, ('gust', 'd2h'): 685.501, ('merge', 'start'): 685.606, ('merge', 'h2d'): 685.682, ('merge', 'count'): 685.704, ('merge', 'scan'): 685.74, ('merge', 'expand'): 685.766, ('merge', 'merge'): 685.802, ('merge', 'final'): 685.841, ('merge', 'compact'): 685.864, ('merge', 'pack'): 685.882, ('merge', 'd2h'): 685.892, ('mrg2', 'start'): 685.984, ('mrg2', 'h2d'): 686.057, ('mrg2', 'count'): 686.08, ('mrg2', 'scan'): 686.115, ('mrg2', 'merge'): 686.148, ('mrg2', 'final'): 686.182, ('mrg2', 'compact'): 686.21, ('mrg2', 'pack'): 686.237, ('mrg2', 'd2h'): 686.248, ('mrg3', 'start'): 686.34, ('mrg3', 'h2d'): 686.411, ('mrg3', 'count'): 686.437, ('mrg3', 'scan'): 686.487, ('mrg3', 'merge'): 686.514, ('mrg3', 'pack'): 686.531, ('mrg3', 'd2h'): 686.541}",0.0405199825763702,0.1956672004191205
Mildly sparse,can_144,144,1296,6.25,3456,3456,3456,3456,3456,0.0,,0.06000000000005912,0.16299999999989723,0.05600000000004002,0.026000000000067303,0.27899999999999636,0.491,,,,,0.53,0.44,0.362,0.31,,0.29899999999997817,0.3320000000001073,0.26099999999996726,0.18799999999998818,0.13400000000001455,"{('cu', 'start'): 685.103, ('cu', 'h2dmalloc'): 685.167, ('cu', 'h2d'): 685.188, ('cu', 'workest'): 685.248, ('cu', 'compute'): 685.411, ('cu', 'copy'): 685.467, ('cu', 'pack'): 685.487, ('cu', 'd2h'): 685.513, ('gust', 'start'): 685.602, ('gust', 'h2d'): 685.685, ('gust', 'count'): 685.707, ('gust', 'scan'): 685.746, ('gust', 'expand'): 685.783, ('gust', 'sort'): 685.899, ('gust', 'reduce'): 685.942, ('gust', 'final'): 685.996, ('gust', 'pack'): 686.017, ('gust', 'd2h'): 686.028, ('merge', 'start'): 686.139, ('merge', 'h2d'): 686.221, ('merge', 'count'): 686.244, ('merge', 'scan'): 686.281, ('merge', 'expand'): 686.319, ('merge', 'merge'): 686.398, ('merge', 'final'): 686.439, ('merge', 'compact'): 686.464, ('merge', 'pack'): 686.482, ('merge', 'd2h'): 686.494, ('mrg2', 'start'): 686.585, ('mrg2', 'h2d'): 686.659, ('mrg2', 'count'): 686.681, ('mrg2', 'scan'): 686.716, ('mrg2', 'merge'): 686.767, ('mrg2', 'final'): 686.803, ('mrg2', 'compact'): 686.827, ('mrg2', 'pack'): 686.847, ('mrg2', 'd2h'): 686.859, ('mrg3', 'start'): 686.953, ('mrg3', 'h2d'): 687.032, ('mrg3', 'count'): 687.063, ('mrg3', 'scan'): 687.113, ('mrg3', 'merge'): 687.146, ('mrg3', 'pack'): 687.166, ('mrg3', 'd2h'): 687.178}",0.0420529395341873,0.2942239986965432
Mildly sparse,can_62,62,218,5.6711758584807495,482,482,482,482,482,0.0,,0.05899999999996908,0.16700000000003,0.05899999999996908,0.02500000000009095,0.28499999999996817,0.512,,,,,0.463,0.415,0.366,0.311,,0.3089999999999691,0.2580000000000382,0.22300000000007003,0.17899999999997362,0.1269999999999527,"{('cu', 'start'): 676.995, ('cu', 'h2dmalloc'): 677.058, ('cu', 'h2d'): 677.073, ('cu', 'workest'): 677.132, ('cu', 'compute'): 677.299, ('cu', 'copy'): 677.358, ('cu', 'pack'): 677.382, ('cu', 'd2h'): 677.407, ('gust', 'start'): 677.519, ('gust', 'h2d'): 677.601, ('gust', 'count'): 677.625, ('gust', 'scan'): 677.666, ('gust', 'expand'): 677.69, ('gust', 'sort'): 677.738, ('gust', 'reduce'): 677.781, ('gust', 'final'): 677.838, ('gust', 'pack'): 677.859, ('gust', 'd2h'): 677.87, ('merge', 'start'): 677.988, ('merge', 'h2d'): 678.068, ('merge', 'count'): 678.092, ('merge', 'scan'): 678.131, ('merge', 'expand'): 678.157, ('merge', 'merge'): 678.194, ('merge', 'final'): 678.236, ('merge', 'compact'): 678.27, ('merge', 'pack'): 678.291, ('merge', 'd2h'): 678.302, ('mrg2', 'start'): 678.409, ('mrg2', 'h2d'): 678.486, ('mrg2', 'count'): 678.51, ('mrg2', 'scan'): 678.547, ('mrg2', 'merge'): 678.583, ('mrg2', 'final'): 678.621, ('mrg2', 'compact'): 678.645, ('mrg2', 'pack'): 678.665, ('mrg2', 'd2h'): 678.676, ('mrg3', 'start'): 678.782, ('mrg3', 'h2d'): 678.856, ('mrg3', 'count'): 678.883, ('mrg3', 'scan'): 678.935, ('mrg3', 'merge'): 678.964, ('mrg3', 'pack'): 678.983, ('mrg3', 'd2h'): 678.994}",0.0373909715563058,0.1844704007729888
Mildly sparse,can_161,161,1377,5.31229505034528,3761,3761,3761,3761,3761,0.0,,0.05899999999996908,0.15499999999997272,0.05700000000001637,0.03099999999994907,0.27099999999995816,0.489,,,,,0.553,0.461,0.38,0.332,,0.2939999999999827,0.3369999999999891,0.27700000000004366,0.18900000000007822,0.1510000000000673,"{('cu', 'start'): 664.482, ('cu', 'h2dmalloc'): 664.544, ('cu', 'h2d'): 664.561, ('cu', 'workest'): 664.62, ('cu', 'compute'): 664.775, ('cu', 'copy'): 664.832, ('cu', 'pack'): 664.855, ('cu', 'd2h'): 664.886, ('gust', 'start'): 664.984, ('gust', 'h2d'): 665.077, ('gust', 'count'): 665.103, ('gust', 'scan'): 665.143, ('gust', 'expand'): 665.173, ('gust', 'sort'): 665.289, ('gust', 'reduce'): 665.334, ('gust', 'final'): 665.391, ('gust', 'pack'): 665.414, ('gust', 'd2h'): 665.426, ('merge', 'start'): 665.541, ('merge', 'h2d'): 665.625, ('merge', 'count'): 665.649, ('merge', 'scan'): 665.685, ('merge', 'expand'): 665.724, ('merge', 'merge'): 665.815, ('merge', 'final'): 665.857, ('merge', 'compact'): 665.882, ('merge', 'pack'): 665.902, ('merge', 'd2h'): 665.914, ('mrg2', 'start'): 666.008, ('mrg2', 'h2d'): 666.098, ('mrg2', 'count'): 666.123, ('mrg2', 'scan'): 666.158, ('mrg2', 'merge'): 666.205, ('mrg2', 'final'): 666.239, ('mrg2', 'compact'): 666.267, ('mrg2', 'pack'): 666.287, ('mrg2', 'd2h'): 666.3, ('mrg3', 'start'): 666.398, ('mrg3', 'h2d'): 666.477, ('mrg3', 'count'): 666.514, ('mrg3', 'scan'): 666.563, ('mrg3', 'merge'): 666.607, ('mrg3', 'pack'): 666.628, ('mrg3', 'd2h'): 666.642}",0.0426000915467739,0.2943936018738896
Mildly sparse,bcsstk03,112,640,5.1020408163265305,1072,1072,1072,1072,1072,0.0,,0.05899999999996908,0.16599999999993997,0.06000000000005912,0.028999999999996362,0.28499999999996817,0.525,,,,,0.543,0.421,0.373,0.322,,0.3089999999999691,0.3310000000000173,0.22299999999995634,0.17799999999999727,0.12999999999999545,"{('cu', 'start'): 682.65, ('cu', 'h2dmalloc'): 682.715, ('cu', 'h2d'): 682.734, ('cu', 'workest'): 682.793, ('cu', 'compute'): 682.959, ('cu', 'copy'): 683.019, ('cu', 'pack'): 683.043, ('cu', 'd2h'): 683.072, ('gust', 'start'): 683.187, ('gust', 'h2d'): 683.273, ('gust', 'count'): 683.296, ('gust', 'scan'): 683.337, ('gust', 'expand'): 683.363, ('gust', 'sort'): 683.476, ('gust', 'reduce'): 683.52, ('gust', 'final'): 683.582, ('gust', 'pack'): 683.604, ('gust', 'd2h'): 683.615, ('merge', 'start'): 683.735, ('merge', 'h2d'): 683.817, ('merge', 'count'): 683.841, ('merge', 'scan'): 683.879, ('merge', 'expand'): 683.904, ('merge', 'merge'): 683.937, ('merge', 'final'): 683.988, ('merge', 'compact'): 684.021, ('merge', 'pack'): 684.04, ('merge', 'd2h'): 684.052, ('mrg2', 'start'): 684.164, ('mrg2', 'h2d'): 684.245, ('mrg2', 'count'): 684.269, ('mrg2', 'scan'): 684.306, ('mrg2', 'merge'): 684.344, ('mrg2', 'final'): 684.379, ('mrg2', 'compact'): 684.405, ('mrg2', 'pack'): 684.423, ('mrg2', 'd2h'): 684.435, ('mrg3', 'start'): 684.544, ('mrg3', 'h2d'): 684.62, ('mrg3', 'count'): 684.649, ('mrg3', 'scan'): 684.7, ('mrg3', 'merge'): 684.731, ('mrg3', 'pack'): 684.75, ('mrg3', 'd2h'): 684.762}",0.0386829487979412,0.1609504009131342
Mildly sparse,bcsstk06,420,7860,4.45578231292517,23660,23660,23660,23660,23660,0.0,,0.05600000000004002,0.25099999999997635,0.06100000000003547,0.1169999999999618,0.36800000000005184,0.664,,,,,0.821,0.841,0.422,0.374,,0.39200000000005275,0.55600000000004,0.5760000000000218,0.23200000000008458,0.18499999999994543,"{('cu', 'start'): 665.438, ('cu', 'h2dmalloc'): 665.501, ('cu', 'h2d'): 665.52, ('cu', 'workest'): 665.576, ('cu', 'compute'): 665.827, ('cu', 'copy'): 665.888, ('cu', 'pack'): 665.912, ('cu', 'd2h'): 666.029, ('gust', 'start'): 666.111, ('gust', 'h2d'): 666.194, ('gust', 'count'): 666.218, ('gust', 'scan'): 666.257, ('gust', 'expand'): 666.291, ('gust', 'sort'): 666.553, ('gust', 'reduce'): 666.664, ('gust', 'final'): 666.729, ('gust', 'pack'): 666.75, ('gust', 'd2h'): 666.782, ('merge', 'start'): 666.938, ('merge', 'h2d'): 667.029, ('merge', 'count'): 667.056, ('merge', 'scan'): 667.095, ('merge', 'expand'): 667.181, ('merge', 'merge'): 667.517, ('merge', 'final'): 667.56, ('merge', 'compact'): 667.587, ('merge', 'pack'): 667.605, ('merge', 'd2h'): 667.63, ('mrg2', 'start'): 667.786, ('mrg2', 'h2d'): 667.862, ('mrg2', 'count'): 667.886, ('mrg2', 'scan'): 667.923, ('mrg2', 'merge'): 668.01, ('mrg2', 'final'): 668.047, ('mrg2', 'compact'): 668.073, ('mrg2', 'pack'): 668.094, ('mrg2', 'd2h'): 668.118, ('mrg3', 'start'): 668.214, ('mrg3', 'h2d'): 668.292, ('mrg3', 'count'): 668.341, ('mrg3', 'scan'): 668.392, ('mrg3', 'merge'): 668.456, ('mrg3', 'pack'): 668.477, ('mrg3', 'd2h'): 668.501}",0.0599350314587354,0.3076223996002227
Mildly sparse,bcsstk07,420,7860,4.45578231292517,23660,23660,23660,23660,23660,0.0,,0.05899999999996908,0.2520000000000664,0.06399999999996453,0.1269999999999527,0.375,0.708,,,,,0.895,0.885,0.447,0.405,,0.3990000000000009,0.5900000000000318,0.6009999999999991,0.23599999999999,0.19799999999997908,"{('cu', 'start'): 696.145, ('cu', 'h2dmalloc'): 696.214, ('cu', 'h2d'): 696.235, ('cu', 'workest'): 696.294, ('cu', 'compute'): 696.546, ('cu', 'copy'): 696.61, ('cu', 'pack'): 696.634, ('cu', 'd2h'): 696.761, ('gust', 'start'): 696.86, ('gust', 'h2d'): 696.953, ('gust', 'count'): 696.982, ('gust', 'scan'): 697.022, ('gust', 'expand'): 697.056, ('gust', 'sort'): 697.338, ('gust', 'reduce'): 697.452, ('gust', 'final'): 697.518, ('gust', 'pack'): 697.543, ('gust', 'd2h'): 697.575, ('merge', 'start'): 697.763, ('merge', 'h2d'): 697.843, ('merge', 'count'): 697.869, ('merge', 'scan'): 697.917, ('merge', 'expand'): 698.006, ('merge', 'merge'): 698.349, ('merge', 'final'): 698.396, ('merge', 'compact'): 698.424, ('merge', 'pack'): 698.444, ('merge', 'd2h'): 698.471, ('mrg2', 'start'): 698.658, ('mrg2', 'h2d'): 698.737, ('mrg2', 'count'): 698.763, ('mrg2', 'scan'): 698.8, ('mrg2', 'merge'): 698.882, ('mrg2', 'final'): 698.927, ('mrg2', 'compact'): 698.952, ('mrg2', 'pack'): 698.973, ('mrg2', 'd2h'): 698.999, ('mrg3', 'start'): 699.11, ('mrg3', 'h2d'): 699.19, ('mrg3', 'count'): 699.242, ('mrg3', 'scan'): 699.298, ('mrg3', 'merge'): 699.364, ('mrg3', 'pack'): 699.388, ('mrg3', 'd2h'): 699.413}",0.0599808990955352,0.3402656005462631
Mildly sparse,can_256,256,2916,4.449462890625,18568,18568,18568,18568,18568,0.0,,0.06599999999991724,0.19299999999998363,0.057999999999992724,0.03599999999994452,0.3169999999998936,0.559,,,,,0.61,2.084,0.593,0.439,,0.33799999999996544,0.3669999999999618,1.8690000000000282,0.38199999999994816,0.23500000000001364,"{('cu', 'start'): 698.403, ('cu', 'h2dmalloc'): 698.469, ('cu', 'h2d'): 698.493, ('cu', 'workest'): 698.559, ('cu', 'compute'): 698.752, ('cu', 'copy'): 698.81, ('cu', 'pack'): 698.831, ('cu', 'd2h'): 698.867, ('gust', 'start'): 698.973, ('gust', 'h2d'): 699.076, ('gust', 'count'): 699.105, ('gust', 'scan'): 699.145, ('gust', 'expand'): 699.183, ('gust', 'sort'): 699.317, ('gust', 'reduce'): 699.361, ('gust', 'final'): 699.422, ('gust', 'pack'): 699.443, ('gust', 'd2h'): 699.473, ('merge', 'start'): 699.595, ('merge', 'h2d'): 699.685, ('merge', 'count'): 699.713, ('merge', 'scan'): 699.753, ('merge', 'expand'): 699.879, ('merge', 'merge'): 701.47, ('merge', 'final'): 701.511, ('merge', 'compact'): 701.536, ('merge', 'pack'): 701.554, ('merge', 'd2h'): 701.576, ('mrg2', 'start'): 701.686, ('mrg2', 'h2d'): 701.772, ('mrg2', 'count'): 701.799, ('mrg2', 'scan'): 701.837, ('mrg2', 'merge'): 702.072, ('mrg2', 'final'): 702.11, ('mrg2', 'compact'): 702.133, ('mrg2', 'pack'): 702.154, ('mrg2', 'd2h'): 702.177, ('mrg3', 'start'): 702.285, ('mrg3', 'h2d'): 702.372, ('mrg3', 'count'): 702.442, ('mrg3', 'scan'): 702.495, ('mrg3', 'merge'): 702.587, ('mrg3', 'pack'): 702.607, ('mrg3', 'd2h'): 702.628}",0.0364130828529596,0.3187519991071895
Mildly sparse,can_268,268,3082,4.291044776119403,15590,15590,15590,15590,15590,0.0,,0.06299999999998818,0.18299999999999272,0.06100000000003547,0.03999999999996362,0.30700000000001637,0.54,,,,,0.587,0.909,0.467,0.395,,0.3300000000000409,0.3730000000000473,0.7129999999999654,0.2779999999999063,0.21100000000001273,"{('cu', 'start'): 683.894, ('cu', 'h2dmalloc'): 683.958, ('cu', 'h2d'): 683.976, ('cu', 'workest'): 684.039, ('cu', 'compute'): 684.222, ('cu', 'copy'): 684.283, ('cu', 'pack'): 684.306, ('cu', 'd2h'): 684.346, ('gust', 'start'): 684.445, ('gust', 'h2d'): 684.531, ('gust', 'count'): 684.559, ('gust', 'scan'): 684.607, ('gust', 'expand'): 684.642, ('gust', 'sort'): 684.773, ('gust', 'reduce'): 684.819, ('gust', 'final'): 684.88, ('gust', 'pack'): 684.904, ('gust', 'd2h'): 684.933, ('merge', 'start'): 685.039, ('merge', 'h2d'): 685.119, ('merge', 'count'): 685.146, ('merge', 'scan'): 685.184, ('merge', 'expand'): 685.267, ('merge', 'merge'): 685.74, ('merge', 'final'): 685.781, ('merge', 'compact'): 685.811, ('merge', 'pack'): 685.832, ('merge', 'd2h'): 685.853, ('mrg2', 'start'): 685.958, ('mrg2', 'h2d'): 686.032, ('mrg2', 'count'): 686.057, ('mrg2', 'scan'): 686.094, ('mrg2', 'merge'): 686.223, ('mrg2', 'final'): 686.26, ('mrg2', 'compact'): 686.288, ('mrg2', 'pack'): 686.31, ('mrg2', 'd2h'): 686.332, ('mrg3', 'start'): 686.433, ('mrg3', 'h2d'): 686.504, ('mrg3', 'count'): 686.558, ('mrg3', 'scan'): 686.621, ('mrg3', 'merge'): 686.685, ('mrg3', 'pack'): 686.715, ('mrg3', 'd2h'): 686.735}",0.0430559739470481,0.3064928007312119
Mildly sparse,can_187,187,1491,4.26377648774629,3719,3719,3719,3719,3719,0.0,,0.06000000000005912,0.16099999999994452,0.06100000000003547,0.029999999999972715,0.2820000000000391,0.531,,,,,0.545,0.438,0.377,0.309,,0.3210000000000264,0.34199999999998454,0.2479999999999336,0.19600000000002638,0.1309999999999718,"{('cu', 'start'): 655.326, ('cu', 'h2dmalloc'): 655.391, ('cu', 'h2d'): 655.41, ('cu', 'workest'): 655.47, ('cu', 'compute'): 655.631, ('cu', 'copy'): 655.692, ('cu', 'pack'): 655.731, ('cu', 'd2h'): 655.761, ('gust', 'start'): 655.867, ('gust', 'h2d'): 655.952, ('gust', 'count'): 655.978, ('gust', 'scan'): 656.016, ('gust', 'expand'): 656.041, ('gust', 'sort'): 656.163, ('gust', 'reduce'): 656.208, ('gust', 'final'): 656.271, ('gust', 'pack'): 656.294, ('gust', 'd2h'): 656.306, ('merge', 'start'): 656.42, ('merge', 'h2d'): 656.503, ('merge', 'count'): 656.528, ('merge', 'scan'): 656.566, ('merge', 'expand'): 656.601, ('merge', 'merge'): 656.653, ('merge', 'final'): 656.695, ('merge', 'compact'): 656.732, ('merge', 'pack'): 656.751, ('merge', 'd2h'): 656.764, ('mrg2', 'start'): 656.863, ('mrg2', 'h2d'): 656.942, ('mrg2', 'count'): 656.966, ('mrg2', 'scan'): 657.003, ('mrg2', 'merge'): 657.05, ('mrg2', 'final'): 657.088, ('mrg2', 'compact'): 657.114, ('mrg2', 'pack'): 657.138, ('mrg2', 'd2h'): 657.152, ('mrg3', 'start'): 657.246, ('mrg3', 'h2d'): 657.321, ('mrg3', 'count'): 657.351, ('mrg3', 'scan'): 657.402, ('mrg3', 'merge'): 657.434, ('mrg3', 'pack'): 657.452, ('mrg3', 'd2h'): 657.466}",0.050670001655817,0.2924255996942521
Mildly sparse,bcsstm07,420,7252,4.111111111111112,22972,22972,22972,22972,22972,0.0,,0.057999999999992724,0.24699999999995725,0.06100000000003547,0.125,0.36599999999998545,0.674,,,,,0.84,0.83,0.419,0.381,,0.38999999999998636,0.5610000000000355,0.636000000000081,0.2300000000000182,0.18899999999996453,"{('cu', 'start'): 665.793, ('cu', 'h2dmalloc'): 665.855, ('cu', 'h2d'): 665.875, ('cu', 'workest'): 665.933, ('cu', 'compute'): 666.18, ('cu', 'copy'): 666.241, ('cu', 'pack'): 666.265, ('cu', 'd2h'): 666.39, ('gust', 'start'): 666.479, ('gust', 'h2d'): 666.564, ('gust', 'count'): 666.588, ('gust', 'scan'): 666.629, ('gust', 'expand'): 666.661, ('gust', 'sort'): 666.918, ('gust', 'reduce'): 667.031, ('gust', 'final'): 667.101, ('gust', 'pack'): 667.125, ('gust', 'd2h'): 667.156, ('merge', 'start'): 667.325, ('merge', 'h2d'): 667.406, ('merge', 'count'): 667.433, ('merge', 'scan'): 667.472, ('merge', 'expand'): 667.555, ('merge', 'merge'): 667.875, ('merge', 'final'): 667.92, ('merge', 'compact'): 668.016, ('merge', 'pack'): 668.042, ('merge', 'd2h'): 668.068, ('mrg2', 'start'): 668.162, ('mrg2', 'h2d'): 668.237, ('mrg2', 'count'): 668.26, ('mrg2', 'scan'): 668.297, ('mrg2', 'merge'): 668.383, ('mrg2', 'final'): 668.422, ('mrg2', 'compact'): 668.445, ('mrg2', 'pack'): 668.467, ('mrg2', 'd2h'): 668.492, ('mrg3', 'start'): 668.59, ('mrg3', 'h2d'): 668.667, ('mrg3', 'count'): 668.717, ('mrg3', 'scan'): 668.769, ('mrg3', 'merge'): 668.834, ('mrg3', 'pack'): 668.856, ('mrg3', 'd2h'): 668.88}",0.0596509780734777,0.2682368006324395
Mildly sparse,bcsstk27,1224,56126,3.7462888205391085,138106,138106,138106,138106,138106,0.0,,0.059000000000082764,0.48099999999999454,0.1269999999999527,0.22199999999998,0.66700000000003,1.17,,,,,1.834,2.432,1.015,0.813,,0.6900000000000546,1.4489999999999554,2.0470000000000255,0.6340000000000146,0.44399999999996,"{('cu', 'start'): 706.162, ('cu', 'h2dmalloc'): 706.22, ('cu', 'h2d'): 706.276, ('cu', 'workest'): 706.335, ('cu', 'compute'): 706.816, ('cu', 'copy'): 706.943, ('cu', 'pack'): 706.966, ('cu', 'd2h'): 707.188, ('gust', 'start'): 707.341, ('gust', 'h2d'): 707.457, ('gust', 'count'): 707.498, ('gust', 'scan'): 707.54, ('gust', 'expand'): 707.71, ('gust', 'sort'): 708.269, ('gust', 'reduce'): 708.455, ('gust', 'final'): 708.813, ('gust', 'pack'): 708.906, ('gust', 'd2h'): 709.027, ('merge', 'start'): 709.183, ('merge', 'h2d'): 709.298, ('merge', 'count'): 709.325, ('merge', 'scan'): 709.363, ('merge', 'expand'): 709.775, ('merge', 'merge'): 710.928, ('merge', 'final'): 711.108, ('merge', 'compact'): 711.263, ('merge', 'pack'): 711.345, ('merge', 'd2h'): 711.458, ('mrg2', 'start'): 711.621, ('mrg2', 'h2d'): 711.734, ('mrg2', 'count'): 711.761, ('mrg2', 'scan'): 711.799, ('mrg2', 'merge'): 712.089, ('mrg2', 'final'): 712.13, ('mrg2', 'compact'): 712.29, ('mrg2', 'pack'): 712.368, ('mrg2', 'd2h'): 712.49, ('mrg3', 'start'): 712.643, ('mrg3', 'h2d'): 712.754, ('mrg3', 'count'): 712.878, ('mrg3', 'scan'): 712.934, ('mrg3', 'merge'): 713.12, ('mrg3', 'pack'): 713.198, ('mrg3', 'd2h'): 713.31}",0.1383968628942966,0.4951871992787346
Mildly sparse,bcsstm27,1224,56126,3.7462888205391085,138106,138106,138106,138106,138106,0.0,,0.06999999999993634,0.50100000000009,0.12799999999992906,0.21900000000005093,0.6989999999999554,1.232,,,,,1.917,2.527,1.038,0.865,,0.72199999999998,1.51299999999992,2.145999999999958,0.6660000000000537,0.48500000000001364,"{('cu', 'start'): 745.915, ('cu', 'h2dmalloc'): 745.985, ('cu', 'h2d'): 746.033, ('cu', 'workest'): 746.103, ('cu', 'compute'): 746.604, ('cu', 'copy'): 746.732, ('cu', 'pack'): 746.755, ('cu', 'd2h'): 746.974, ('gust', 'start'): 747.155, ('gust', 'h2d'): 747.267, ('gust', 'count'): 747.294, ('gust', 'scan'): 747.338, ('gust', 'expand'): 747.506, ('gust', 'sort'): 748.09, ('gust', 'reduce'): 748.281, ('gust', 'final'): 748.689, ('gust', 'pack'): 748.78, ('gust', 'd2h'): 748.881, ('merge', 'start'): 749.08, ('merge', 'h2d'): 749.191, ('merge', 'count'): 749.219, ('merge', 'scan'): 749.262, ('merge', 'expand'): 749.668, ('merge', 'merge'): 750.841, ('merge', 'final'): 751.057, ('merge', 'compact'): 751.24, ('merge', 'pack'): 751.337, ('merge', 'd2h'): 751.439, ('mrg2', 'start'): 751.613, ('mrg2', 'h2d'): 751.717, ('mrg2', 'count'): 751.744, ('mrg2', 'scan'): 751.785, ('mrg2', 'merge'): 752.079, ('mrg2', 'final'): 752.122, ('mrg2', 'compact'): 752.302, ('mrg2', 'pack'): 752.383, ('mrg2', 'd2h'): 752.482, ('mrg3', 'start'): 752.657, ('mrg3', 'h2d'): 752.761, ('mrg3', 'count'): 752.884, ('mrg3', 'scan'): 752.966, ('mrg3', 'merge'): 753.156, ('mrg3', 'pack'): 753.246, ('mrg3', 'd2h'): 753.346}",0.159173971042037,0.5382815992226825
Mildly sparse,bcsstk22,138,696,3.6546943919344677,1552,1552,1552,1552,1552,0.0,,0.06399999999996453,0.16800000000000637,0.06100000000003547,0.02800000000002001,0.29300000000000637,0.522,,,,,0.537,0.415,0.374,0.316,,0.31399999999996453,0.32600000000002183,0.22299999999995634,0.18400000000008276,0.1349999999999909,"{('cu', 'start'): 714.771, ('cu', 'h2dmalloc'): 714.833, ('cu', 'h2d'): 714.851, ('cu', 'workest'): 714.915, ('cu', 'compute'): 715.083, ('cu', 'copy'): 715.144, ('cu', 'pack'): 715.165, ('cu', 'd2h'): 715.193, ('gust', 'start'): 715.303, ('gust', 'h2d'): 715.388, ('gust', 'count'): 715.411, ('gust', 'scan'): 715.453, ('gust', 'expand'): 715.477, ('gust', 'sort'): 715.59, ('gust', 'reduce'): 715.635, ('gust', 'final'): 715.692, ('gust', 'pack'): 715.714, ('gust', 'd2h'): 715.726, ('merge', 'start'): 715.846, ('merge', 'h2d'): 715.926, ('merge', 'count'): 715.949, ('merge', 'scan'): 715.988, ('merge', 'expand'): 716.017, ('merge', 'merge'): 716.061, ('merge', 'final'): 716.103, ('merge', 'compact'): 716.13, ('merge', 'pack'): 716.149, ('merge', 'd2h'): 716.161, ('mrg2', 'start'): 716.268, ('mrg2', 'h2d'): 716.348, ('mrg2', 'count'): 716.371, ('mrg2', 'scan'): 716.41, ('mrg2', 'merge'): 716.449, ('mrg2', 'final'): 716.487, ('mrg2', 'compact'): 716.513, ('mrg2', 'pack'): 716.532, ('mrg2', 'd2h'): 716.543, ('mrg3', 'start'): 716.647, ('mrg3', 'h2d'): 716.722, ('mrg3', 'count'): 716.752, ('mrg3', 'scan'): 716.804, ('mrg3', 'merge'): 716.837, ('mrg3', 'pack'): 716.857, ('mrg3', 'd2h'): 716.869}",0.0204341486096382,0.2024896008195355
Mildly sparse,bcspwr03,118,476,3.418557885665039,1270,1270,1270,1270,1270,0.0,,0.053999999999973625,0.15699999999992542,0.05600000000004002,0.024999999999977263,0.26699999999993906,0.477,,,,,0.44,0.407,0.349,0.301,,0.28899999999998727,0.25500000000010914,0.23699999999996635,0.18200000000001637,0.13599999999996726,"{('cu', 'start'): 678.144, ('cu', 'h2dmalloc'): 678.204, ('cu', 'h2d'): 678.219, ('cu', 'workest'): 678.273, ('cu', 'compute'): 678.43, ('cu', 'copy'): 678.486, ('cu', 'pack'): 678.508, ('cu', 'd2h'): 678.533, ('gust', 'start'): 678.631, ('gust', 'h2d'): 678.709, ('gust', 'count'): 678.731, ('gust', 'scan'): 678.77, ('gust', 'expand'): 678.795, ('gust', 'sort'): 678.843, ('gust', 'reduce'): 678.884, ('gust', 'final'): 678.943, ('gust', 'pack'): 678.964, ('gust', 'd2h'): 678.974, ('merge', 'start'): 679.081, ('merge', 'h2d'): 679.154, ('merge', 'count'): 679.175, ('merge', 'scan'): 679.213, ('merge', 'expand'): 679.241, ('merge', 'merge'): 679.298, ('merge', 'final'): 679.336, ('merge', 'compact'): 679.371, ('merge', 'pack'): 679.391, ('merge', 'd2h'): 679.401, ('mrg2', 'start'): 679.495, ('mrg2', 'h2d'): 679.568, ('mrg2', 'count'): 679.589, ('mrg2', 'scan'): 679.624, ('mrg2', 'merge'): 679.669, ('mrg2', 'final'): 679.703, ('mrg2', 'compact'): 679.731, ('mrg2', 'pack'): 679.75, ('mrg2', 'd2h'): 679.76, ('mrg3', 'start'): 679.85, ('mrg3', 'h2d'): 679.921, ('mrg3', 'count'): 679.95, ('mrg3', 'scan'): 680.001, ('mrg3', 'merge'): 680.037, ('mrg3', 'pack'): 680.057, ('mrg3', 'd2h'): 680.067}",0.0394429080188274,0.2080128005007282
Mildly sparse,can_229,229,1777,3.388570012013501,5017,5017,5017,5017,5017,0.0,,0.07999999999992724,0.18700000000001182,0.06900000000007367,0.029999999999972715,0.33600000000001273,0.581,,,,,0.611,0.513,0.429,0.383,,0.3629999999999427,0.37999999999999545,0.31100000000003547,0.2259999999999991,0.18299999999999272,"{('cu', 'start'): 696.478, ('cu', 'h2dmalloc'): 696.545, ('cu', 'h2d'): 696.566, ('cu', 'workest'): 696.646, ('cu', 'compute'): 696.833, ('cu', 'copy'): 696.902, ('cu', 'pack'): 696.929, ('cu', 'd2h'): 696.959, ('gust', 'start'): 697.067, ('gust', 'h2d'): 697.155, ('gust', 'count'): 697.181, ('gust', 'scan'): 697.228, ('gust', 'expand'): 697.255, ('gust', 'sort'): 697.386, ('gust', 'reduce'): 697.435, ('gust', 'final'): 697.51, ('gust', 'pack'): 697.535, ('gust', 'd2h'): 697.55, ('merge', 'start'): 697.685, ('merge', 'h2d'): 697.774, ('merge', 'count'): 697.798, ('merge', 'scan'): 697.843, ('merge', 'expand'): 697.88, ('merge', 'merge'): 697.984, ('merge', 'final'): 698.03, ('merge', 'compact'): 698.058, ('merge', 'pack'): 698.085, ('merge', 'd2h'): 698.1, ('mrg2', 'start'): 698.206, ('mrg2', 'h2d'): 698.292, ('mrg2', 'count'): 698.316, ('mrg2', 'scan'): 698.359, ('mrg2', 'merge'): 698.414, ('mrg2', 'final'): 698.464, ('mrg2', 'compact'): 698.492, ('mrg2', 'pack'): 698.518, ('mrg2', 'd2h'): 698.533, ('mrg3', 'start'): 698.642, ('mrg3', 'h2d'): 698.727, ('mrg3', 'count'): 698.772, ('mrg3', 'scan'): 698.833, ('mrg3', 'merge'): 698.886, ('mrg3', 'pack'): 698.91, ('mrg3', 'd2h'): 698.926}",0.0335208605974912,0.2921439999016002
Mildly sparse,can_292,292,2540,2.9789829236254457,11670,11670,11670,11670,11670,0.0,,0.06899999999995998,0.18399999999996908,0.06100000000003547,0.0340000000001055,0.31399999999996453,0.568,,,,,0.584,0.729,0.428,0.365,,0.33599999999989905,0.35599999999999454,0.5330000000000155,0.23699999999996635,0.16999999999995907,"{('cu', 'start'): 692.471, ('cu', 'h2dmalloc'): 692.531, ('cu', 'h2d'): 692.575, ('cu', 'workest'): 692.644, ('cu', 'compute'): 692.828, ('cu', 'copy'): 692.889, ('cu', 'pack'): 692.911, ('cu', 'd2h'): 692.945, ('gust', 'start'): 693.052, ('gust', 'h2d'): 693.142, ('gust', 'count'): 693.168, ('gust', 'scan'): 693.209, ('gust', 'expand'): 693.24, ('gust', 'sort'): 693.369, ('gust', 'reduce'): 693.412, ('gust', 'final'): 693.476, ('gust', 'pack'): 693.498, ('gust', 'd2h'): 693.522, ('merge', 'start'): 693.642, ('merge', 'h2d'): 693.73, ('merge', 'count'): 693.758, ('merge', 'scan'): 693.796, ('merge', 'expand'): 693.863, ('merge', 'merge'): 694.171, ('merge', 'final'): 694.214, ('merge', 'compact'): 694.243, ('merge', 'pack'): 694.263, ('merge', 'd2h'): 694.282, ('mrg2', 'start'): 694.379, ('mrg2', 'h2d'): 694.46, ('mrg2', 'count'): 694.485, ('mrg2', 'scan'): 694.522, ('mrg2', 'merge'): 694.615, ('mrg2', 'final'): 694.654, ('mrg2', 'compact'): 694.678, ('mrg2', 'pack'): 694.697, ('mrg2', 'd2h'): 694.715, ('mrg3', 'start'): 694.815, ('mrg3', 'h2d'): 694.899, ('mrg3', 'count'): 694.94, ('mrg3', 'scan'): 694.998, ('mrg3', 'merge'): 695.047, ('mrg3', 'pack'): 695.069, ('mrg3', 'd2h'): 695.086}",0.0597399193793535,0.3123967999359593
Mildly sparse,ash292,292,2208,2.589604053293301,6042,6042,6042,6042,6042,0.0,,0.05700000000001637,0.16499999999996362,0.05600000000004002,0.02800000000002001,0.27800000000002,0.489,,,,,0.52,0.44,0.367,0.326,,0.29899999999997817,0.3229999999999791,0.2580000000000382,0.17999999999994998,0.1510000000000673,"{('cu', 'start'): 669.806, ('cu', 'h2dmalloc'): 669.867, ('cu', 'h2d'): 669.889, ('cu', 'workest'): 669.946, ('cu', 'compute'): 670.111, ('cu', 'copy'): 670.167, ('cu', 'pack'): 670.188, ('cu', 'd2h'): 670.216, ('gust', 'start'): 670.303, ('gust', 'h2d'): 670.386, ('gust', 'count'): 670.409, ('gust', 'scan'): 670.448, ('gust', 'expand'): 670.474, ('gust', 'sort'): 670.587, ('gust', 'reduce'): 670.631, ('gust', 'final'): 670.688, ('gust', 'pack'): 670.709, ('gust', 'd2h'): 670.722, ('merge', 'start'): 670.829, ('merge', 'h2d'): 670.913, ('merge', 'count'): 670.936, ('merge', 'scan'): 670.972, ('merge', 'expand'): 671.007, ('merge', 'merge'): 671.084, ('merge', 'final'): 671.123, ('merge', 'compact'): 671.153, ('merge', 'pack'): 671.171, ('merge', 'd2h'): 671.185, ('mrg2', 'start'): 671.277, ('mrg2', 'h2d'): 671.355, ('mrg2', 'count'): 671.377, ('mrg2', 'scan'): 671.414, ('mrg2', 'merge'): 671.458, ('mrg2', 'final'): 671.492, ('mrg2', 'compact'): 671.516, ('mrg2', 'pack'): 671.535, ('mrg2', 'd2h'): 671.549, ('mrg3', 'start'): 671.649, ('mrg3', 'h2d'): 671.727, ('mrg3', 'count'): 671.762, ('mrg3', 'scan'): 671.814, ('mrg3', 'merge'): 671.853, ('mrg3', 'pack'): 671.878, ('mrg3', 'd2h'): 671.891}",0.0522730406373739,0.2549919992219657
Mildly sparse,bcspwr04,274,1612,2.1471575470190207,4982,4982,4982,4982,4982,0.0,,0.06500000000005457,0.16799999999989268,0.059000000000082764,0.033999999999991815,0.29200000000003,0.54,,,,,0.556,0.516,0.403,0.337,,0.31500000000005457,0.3410000000000082,0.3149999999999409,0.20799999999997,0.14199999999993906,"{('cu', 'start'): 694.068, ('cu', 'h2dmalloc'): 694.133, ('cu', 'h2d'): 694.154, ('cu', 'workest'): 694.219, ('cu', 'compute'): 694.387, ('cu', 'copy'): 694.446, ('cu', 'pack'): 694.469, ('cu', 'd2h'): 694.503, ('gust', 'start'): 694.618, ('gust', 'h2d'): 694.702, ('gust', 'count'): 694.729, ('gust', 'scan'): 694.771, ('gust', 'expand'): 694.799, ('gust', 'sort'): 694.914, ('gust', 'reduce'): 694.96, ('gust', 'final'): 695.021, ('gust', 'pack'): 695.043, ('gust', 'd2h'): 695.056, ('merge', 'start'): 695.18, ('merge', 'h2d'): 695.264, ('merge', 'count'): 695.29, ('merge', 'scan'): 695.328, ('merge', 'expand'): 695.371, ('merge', 'merge'): 695.477, ('merge', 'final'): 695.52, ('merge', 'compact'): 695.556, ('merge', 'pack'): 695.579, ('merge', 'd2h'): 695.594, ('mrg2', 'start'): 695.705, ('mrg2', 'h2d'): 695.783, ('mrg2', 'count'): 695.808, ('mrg2', 'scan'): 695.846, ('mrg2', 'merge'): 695.904, ('mrg2', 'final'): 695.943, ('mrg2', 'compact'): 695.969, ('mrg2', 'pack'): 695.991, ('mrg2', 'd2h'): 696.005, ('mrg3', 'start'): 696.114, ('mrg3', 'h2d'): 696.192, ('mrg3', 'count'): 696.226, ('mrg3', 'scan'): 696.278, ('mrg3', 'merge'): 696.314, ('mrg3', 'pack'): 696.334, ('mrg3', 'd2h'): 696.348}",0.0338419340550899,0.224409598740749
Mildly sparse,bcsstk13,2003,83883,2.0907979019987244,396773,396773,396773,396773,396773,0.0,,0.07799999999997453,0.6070000000000846,0.2059999999999036,0.5339999999999918,0.8909999999999627,1.82,,,,,2.702,6.732,1.896,1.763,,0.9900000000000091,1.9910000000000991,6.038000000000011,1.1899999999999409,1.0610000000000355,"{('cu', 'start'): 756.963, ('cu', 'h2dmalloc'): 757.025, ('cu', 'h2d'): 757.087, ('cu', 'workest'): 757.165, ('cu', 'compute'): 757.772, ('cu', 'copy'): 757.978, ('cu', 'pack'): 758.077, ('cu', 'd2h'): 758.611, ('gust', 'start'): 758.793, ('gust', 'h2d'): 758.925, ('gust', 'count'): 758.958, ('gust', 'scan'): 759.008, ('gust', 'expand'): 759.206, ('gust', 'sort'): 760.012, ('gust', 'reduce'): 760.228, ('gust', 'final'): 760.799, ('gust', 'pack'): 760.916, ('gust', 'd2h'): 761.181, ('merge', 'start'): 761.502, ('merge', 'h2d'): 761.621, ('merge', 'count'): 761.651, ('merge', 'scan'): 761.7, ('merge', 'expand'): 762.503, ('merge', 'merge'): 767.029, ('merge', 'final'): 767.251, ('merge', 'compact'): 767.557, ('merge', 'pack'): 767.659, ('merge', 'd2h'): 767.922, ('mrg2', 'start'): 768.24, ('mrg2', 'h2d'): 768.363, ('mrg2', 'count'): 768.393, ('mrg2', 'scan'): 768.443, ('mrg2', 'merge'): 769.115, ('mrg2', 'final'): 769.162, ('mrg2', 'compact'): 769.456, ('mrg2', 'pack'): 769.553, ('mrg2', 'd2h'): 769.817, ('mrg3', 'start'): 770.142, ('mrg3', 'h2d'): 770.262, ('mrg3', 'count'): 770.574, ('mrg3', 'scan'): 770.64, ('mrg3', 'merge'): 771.23, ('mrg3', 'pack'): 771.323, ('mrg3', 'd2h'): 771.585}",0.5329828709363937,0.6970912019256502
Mildly sparse,bcsstm01,48,48,2.083333333333333,48,48,48,48,48,0.0,,0.057999999999992724,0.15699999999992542,0.055000000000063665,0.02400000000000091,0.2699999999999818,0.481,,,,,0.454,0.384,0.339,0.314,,0.2899999999999636,0.26400000000001,0.19100000000003092,0.16300000000001091,0.12000000000000455,"{('cu', 'start'): 697.187, ('cu', 'h2dmalloc'): 697.249, ('cu', 'h2d'): 697.263, ('cu', 'workest'): 697.321, ('cu', 'compute'): 697.478, ('cu', 'copy'): 697.533, ('cu', 'pack'): 697.553, ('cu', 'd2h'): 697.577, ('gust', 'start'): 697.678, ('gust', 'h2d'): 697.755, ('gust', 'count'): 697.777, ('gust', 'scan'): 697.817, ('gust', 'expand'): 697.843, ('gust', 'sort'): 697.89, ('gust', 'reduce'): 697.943, ('gust', 'final'): 697.999, ('gust', 'pack'): 698.019, ('gust', 'd2h'): 698.03, ('merge', 'start'): 698.145, ('merge', 'h2d'): 698.222, ('merge', 'count'): 698.245, ('merge', 'scan'): 698.283, ('merge', 'expand'): 698.31, ('merge', 'merge'): 698.33, ('merge', 'final'): 698.37, ('merge', 'compact'): 698.394, ('merge', 'pack'): 698.413, ('merge', 'd2h'): 698.424, ('mrg2', 'start'): 698.526, ('mrg2', 'h2d'): 698.598, ('mrg2', 'count'): 698.619, ('mrg2', 'scan'): 698.658, ('mrg2', 'merge'): 698.681, ('mrg2', 'final'): 698.716, ('mrg2', 'compact'): 698.74, ('mrg2', 'pack'): 698.761, ('mrg2', 'd2h'): 698.772, ('mrg3', 'start'): 698.871, ('mrg3', 'h2d'): 698.954, ('mrg3', 'count'): 698.979, ('mrg3', 'scan'): 699.031, ('mrg3', 'merge'): 699.055, ('mrg3', 'pack'): 699.074, ('mrg3', 'd2h'): 699.084}",0.0166050158441066,0.2218080000951885
Mildly sparse,bcsstk14,1806,63454,1.945465404477998,195654,195654,195654,195654,195654,0.0,,0.06499999999994088,0.5109999999999673,0.12999999999999545,0.31799999999998363,0.7059999999999036,1.368,,,,,1.814,2.379,1.157,0.964,,0.7849999999999682,1.4009999999999536,1.9189999999999827,0.7069999999999936,0.5120000000000573,"{('cu', 'start'): 707.098, ('cu', 'h2dmalloc'): 707.172, ('cu', 'h2d'): 707.224, ('cu', 'workest'): 707.289, ('cu', 'compute'): 707.8, ('cu', 'copy'): 707.93, ('cu', 'pack'): 708.009, ('cu', 'd2h'): 708.327, ('gust', 'start'): 708.474, ('gust', 'h2d'): 708.582, ('gust', 'count'): 708.608, ('gust', 'scan'): 708.648, ('gust', 'expand'): 708.819, ('gust', 'sort'): 709.359, ('gust', 'reduce'): 709.555, ('gust', 'final'): 709.954, ('gust', 'pack'): 709.983, ('gust', 'd2h'): 710.123, ('merge', 'start'): 710.295, ('merge', 'h2d'): 710.407, ('merge', 'count'): 710.44, ('merge', 'scan'): 710.478, ('merge', 'expand'): 710.808, ('merge', 'merge'): 711.827, ('merge', 'final'): 712.003, ('merge', 'compact'): 712.242, ('merge', 'pack'): 712.326, ('merge', 'd2h'): 712.473, ('mrg2', 'start'): 712.683, ('mrg2', 'h2d'): 712.788, ('mrg2', 'count'): 712.818, ('mrg2', 'scan'): 712.858, ('mrg2', 'merge'): 713.153, ('mrg2', 'final'): 713.197, ('mrg2', 'compact'): 713.414, ('mrg2', 'pack'): 713.495, ('mrg2', 'd2h'): 713.637, ('mrg3', 'start'): 713.847, ('mrg3', 'h2d'): 713.952, ('mrg3', 'count'): 714.081, ('mrg3', 'scan'): 714.143, ('mrg3', 'merge'): 714.388, ('mrg3', 'pack'): 714.464, ('mrg3', 'd2h'): 714.605}",0.3842159640043974,0.589932799921371
Mildly sparse,can_445,445,3809,1.923494508269158,11193,11193,11193,11193,11193,0.0,,0.07900000000006457,0.17599999999993088,0.06000000000005912,0.03600000000005821,0.31500000000005457,0.544,,,,,0.585,0.481,0.389,0.335,,0.33799999999996544,0.35199999999997544,0.2959999999999354,0.21100000000001273,0.14200000000005275,"{('cu', 'start'): 686.74, ('cu', 'h2dmalloc'): 686.804, ('cu', 'h2d'): 686.823, ('cu', 'workest'): 686.902, ('cu', 'compute'): 687.078, ('cu', 'copy'): 687.138, ('cu', 'pack'): 687.161, ('cu', 'd2h'): 687.197, ('gust', 'start'): 687.298, ('gust', 'h2d'): 687.381, ('gust', 'count'): 687.405, ('gust', 'scan'): 687.446, ('gust', 'expand'): 687.474, ('gust', 'sort'): 687.605, ('gust', 'reduce'): 687.65, ('gust', 'final'): 687.711, ('gust', 'pack'): 687.733, ('gust', 'd2h'): 687.769, ('merge', 'start'): 687.886, ('merge', 'h2d'): 687.965, ('merge', 'count'): 687.99, ('merge', 'scan'): 688.03, ('merge', 'expand'): 688.078, ('merge', 'merge'): 688.18, ('merge', 'final'): 688.221, ('merge', 'compact'): 688.244, ('merge', 'pack'): 688.261, ('merge', 'd2h'): 688.278, ('mrg2', 'start'): 688.374, ('mrg2', 'h2d'): 688.448, ('mrg2', 'count'): 688.471, ('mrg2', 'scan'): 688.507, ('mrg2', 'merge'): 688.578, ('mrg2', 'final'): 688.616, ('mrg2', 'compact'): 688.638, ('mrg2', 'pack'): 688.659, ('mrg2', 'd2h'): 688.677, ('mrg3', 'start'): 688.769, ('mrg3', 'h2d'): 688.846, ('mrg3', 'count'): 688.879, ('mrg3', 'scan'): 688.93, ('mrg3', 'merge'): 688.969, ('mrg3', 'pack'): 688.988, ('mrg3', 'd2h'): 689.011}",0.0606849789619445,0.2970559999579564
Mildly sparse,bcsstm10,1086,22092,1.8731621948861958,54504,54504,54504,54504,54504,0.0,,0.07200000000000273,0.2939999999999827,0.07200000000000273,0.14199999999993906,0.4379999999999882,0.772,,,,,1.274,1.272,0.719,0.453,,0.46100000000001273,0.9930000000000518,1.0,0.4379999999999882,0.2279999999999518,"{('cu', 'start'): 705.015, ('cu', 'h2dmalloc'): 705.077, ('cu', 'h2d'): 705.106, ('cu', 'workest'): 705.178, ('cu', 'compute'): 705.472, ('cu', 'copy'): 705.544, ('cu', 'pack'): 705.567, ('cu', 'd2h'): 705.709, ('gust', 'start'): 705.797, ('gust', 'h2d'): 705.887, ('gust', 'count'): 705.916, ('gust', 'scan'): 705.966, ('gust', 'expand'): 706.124, ('gust', 'sort'): 706.42, ('gust', 'reduce'): 706.587, ('gust', 'final'): 706.842, ('gust', 'pack'): 706.88, ('gust', 'd2h'): 706.926, ('merge', 'start'): 707.079, ('merge', 'h2d'): 707.168, ('merge', 'count'): 707.204, ('merge', 'scan'): 707.25, ('merge', 'expand'): 707.481, ('merge', 'merge'): 707.873, ('merge', 'final'): 707.996, ('merge', 'compact'): 708.138, ('merge', 'pack'): 708.168, ('merge', 'd2h'): 708.214, ('mrg2', 'start'): 708.367, ('mrg2', 'h2d'): 708.455, ('mrg2', 'count'): 708.48, ('mrg2', 'scan'): 708.526, ('mrg2', 'merge'): 708.728, ('mrg2', 'final'): 708.77, ('mrg2', 'compact'): 708.862, ('mrg2', 'pack'): 708.893, ('mrg2', 'd2h'): 708.939, ('mrg3', 'start'): 709.093, ('mrg3', 'h2d'): 709.176, ('mrg3', 'count'): 709.234, ('mrg3', 'scan'): 709.297, ('mrg3', 'merge'): 709.377, ('mrg3', 'pack'): 709.404, ('mrg3', 'd2h'): 709.451}",0.1173790078610181,0.4952256002696231
Mildly sparse,bcsstk10,1086,22070,1.8712968332943305,54504,54504,54504,54504,54504,0.0,,0.06600000000003092,0.28499999999996817,0.06700000000000728,0.15999999999996817,0.41800000000000637,0.775,,,,,1.322,1.298,0.735,0.46,,0.4410000000000309,1.0159999999999627,0.9969999999999573,0.4430000000000973,0.22000000000002728,"{('cu', 'start'): 693.719, ('cu', 'h2dmalloc'): 693.782, ('cu', 'h2d'): 693.809, ('cu', 'workest'): 693.875, ('cu', 'compute'): 694.16, ('cu', 'copy'): 694.227, ('cu', 'pack'): 694.25, ('cu', 'd2h'): 694.41, ('gust', 'start'): 694.502, ('gust', 'h2d'): 694.592, ('gust', 'count'): 694.617, ('gust', 'scan'): 694.659, ('gust', 'expand'): 694.809, ('gust', 'sort'): 695.098, ('gust', 'reduce'): 695.264, ('gust', 'final'): 695.569, ('gust', 'pack'): 695.608, ('gust', 'd2h'): 695.652, ('merge', 'start'): 695.833, ('merge', 'h2d'): 695.926, ('merge', 'count'): 695.953, ('merge', 'scan'): 695.995, ('merge', 'expand'): 696.201, ('merge', 'merge'): 696.603, ('merge', 'final'): 696.732, ('merge', 'compact'): 696.897, ('merge', 'pack'): 696.923, ('merge', 'd2h'): 696.968, ('mrg2', 'start'): 697.136, ('mrg2', 'h2d'): 697.223, ('mrg2', 'count'): 697.246, ('mrg2', 'scan'): 697.296, ('mrg2', 'merge'): 697.493, ('mrg2', 'final'): 697.536, ('mrg2', 'compact'): 697.64, ('mrg2', 'pack'): 697.666, ('mrg2', 'd2h'): 697.711, ('mrg3', 'start'): 697.878, ('mrg3', 'h2d'): 697.963, ('mrg3', 'count'): 698.021, ('mrg3', 'scan'): 698.076, ('mrg3', 'merge'): 698.154, ('mrg3', 'pack'): 698.183, ('mrg3', 'd2h'): 698.228}",0.1465240493416786,0.4599839987000451
Mildly sparse,can_634,634,7228,1.7982067689000787,25446,25446,25446,25446,25446,0.0,,0.06399999999996453,0.2480000000000473,0.06600000000003092,0.1169999999999618,0.37800000000004275,0.68,,,,,0.844,0.683,0.433,0.379,,0.40300000000002,0.6299999999999955,0.47500000000002274,0.23099999999999454,0.18799999999998818,"{('cu', 'start'): 683.916, ('cu', 'h2dmalloc'): 683.978, ('cu', 'h2d'): 684.0, ('cu', 'workest'): 684.064, ('cu', 'compute'): 684.312, ('cu', 'copy'): 684.378, ('cu', 'pack'): 684.403, ('cu', 'd2h'): 684.52, ('gust', 'start'): 684.609, ('gust', 'h2d'): 684.691, ('gust', 'count'): 684.716, ('gust', 'scan'): 684.757, ('gust', 'expand'): 684.79, ('gust', 'sort'): 685.057, ('gust', 'reduce'): 685.173, ('gust', 'final'): 685.294, ('gust', 'pack'): 685.321, ('gust', 'd2h'): 685.356, ('merge', 'start'): 685.461, ('merge', 'h2d'): 685.544, ('merge', 'count'): 685.572, ('merge', 'scan'): 685.616, ('merge', 'expand'): 685.679, ('merge', 'merge'): 685.935, ('merge', 'final'): 685.976, ('merge', 'compact'): 686.0, ('merge', 'pack'): 686.019, ('merge', 'd2h'): 686.047, ('mrg2', 'start'): 686.154, ('mrg2', 'h2d'): 686.235, ('mrg2', 'count'): 686.26, ('mrg2', 'scan'): 686.297, ('mrg2', 'merge'): 686.38, ('mrg2', 'final'): 686.417, ('mrg2', 'compact'): 686.445, ('mrg2', 'pack'): 686.466, ('mrg2', 'd2h'): 686.496, ('mrg3', 'start'): 686.592, ('mrg3', 'h2d'): 686.666, ('mrg3', 'count'): 686.716, ('mrg3', 'scan'): 686.77, ('mrg3', 'merge'): 686.832, ('mrg3', 'pack'): 686.854, ('mrg3', 'd2h'): 686.882}",0.0726208090782165,0.3566719993716106
Mildly sparse,bcsstk11,1473,34241,1.578123350888521,94187,94187,94187,94187,94187,0.0,,0.07899999999995089,0.3490000000000464,0.08499999999992269,0.20199999999999818,0.51299999999992,1.183,,,,,1.72,1.534,0.907,0.577,,0.6719999999999118,1.4039999999999964,1.2239999999999327,0.5989999999999327,0.2699999999999818,"{('cu', 'start'): 703.528, ('cu', 'h2dmalloc'): 703.613, ('cu', 'h2d'): 703.652, ('cu', 'workest'): 703.731, ('cu', 'compute'): 704.08, ('cu', 'copy'): 704.165, ('cu', 'pack'): 704.324, ('cu', 'd2h'): 704.526, ('gust', 'start'): 704.725, ('gust', 'h2d'): 704.842, ('gust', 'count'): 704.876, ('gust', 'scan'): 704.93, ('gust', 'expand'): 705.116, ('gust', 'sort'): 705.535, ('gust', 'reduce'): 705.79, ('gust', 'final'): 706.199, ('gust', 'pack'): 706.246, ('gust', 'd2h'): 706.321, ('merge', 'start'): 706.456, ('merge', 'h2d'): 706.58, ('merge', 'count'): 706.615, ('merge', 'scan'): 706.67, ('merge', 'expand'): 706.911, ('merge', 'merge'): 707.364, ('merge', 'final'): 707.586, ('merge', 'compact'): 707.767, ('merge', 'pack'): 707.804, ('merge', 'd2h'): 707.878, ('mrg2', 'start'): 708.0, ('mrg2', 'h2d'): 708.124, ('mrg2', 'count'): 708.161, ('mrg2', 'scan'): 708.217, ('mrg2', 'merge'): 708.453, ('mrg2', 'final'): 708.505, ('mrg2', 'compact'): 708.691, ('mrg2', 'pack'): 708.723, ('mrg2', 'd2h'): 708.795, ('mrg3', 'start'): 708.918, ('mrg3', 'h2d'): 709.028, ('mrg3', 'count'): 709.103, ('mrg3', 'scan'): 709.178, ('mrg3', 'merge'): 709.268, ('mrg3', 'pack'): 709.298, ('mrg3', 'd2h'): 709.37}",0.2499658148735761,0.5499647975666448
Mildly sparse,bcsstk12,1473,34241,1.578123350888521,94187,94187,94187,94187,94187,0.0,,0.06299999999998818,0.3129999999999882,0.06299999999998818,0.17300000000000182,0.43899999999996453,0.975,,,,,1.436,1.324,0.749,0.477,,0.5399999999999636,1.1320000000000618,1.0739999999999554,0.5,0.22400000000004638,"{('cu', 'start'): 686.122, ('cu', 'h2dmalloc'): 686.201, ('cu', 'h2d'): 686.238, ('cu', 'workest'): 686.301, ('cu', 'compute'): 686.614, ('cu', 'copy'): 686.677, ('cu', 'pack'): 686.778, ('cu', 'd2h'): 686.951, ('gust', 'start'): 687.103, ('gust', 'h2d'): 687.247, ('gust', 'count'): 687.279, ('gust', 'scan'): 687.324, ('gust', 'expand'): 687.489, ('gust', 'sort'): 687.827, ('gust', 'reduce'): 688.015, ('gust', 'final'): 688.344, ('gust', 'pack'): 688.379, ('gust', 'd2h'): 688.448, ('merge', 'start'): 688.547, ('merge', 'h2d'): 688.648, ('merge', 'count'): 688.677, ('merge', 'scan'): 688.716, ('merge', 'expand'): 688.944, ('merge', 'merge'): 689.384, ('merge', 'final'): 689.555, ('merge', 'compact'): 689.696, ('merge', 'pack'): 689.722, ('merge', 'd2h'): 689.792, ('mrg2', 'start'): 689.886, ('mrg2', 'h2d'): 689.979, ('mrg2', 'count'): 690.017, ('mrg2', 'scan'): 690.056, ('mrg2', 'merge'): 690.271, ('mrg2', 'final'): 690.31, ('mrg2', 'compact'): 690.454, ('mrg2', 'pack'): 690.479, ('mrg2', 'd2h'): 690.548, ('mrg3', 'start'): 690.64, ('mrg3', 'h2d'): 690.731, ('mrg3', 'count'): 690.796, ('mrg3', 'scan'): 690.848, ('mrg3', 'merge'): 690.933, ('mrg3', 'pack'): 690.955, ('mrg3', 'd2h'): 691.025}",0.2321570646017789,0.551276800269261
Mildly sparse,bcsstk09,1083,18437,1.5719305066378828,71289,71289,71289,71289,71289,0.0,,0.07500000000004547,0.27099999999995816,0.07699999999999818,0.16399999999998727,0.4230000000000018,0.815,,,,,1.275,1.164,0.667,0.493,,0.4519999999999982,0.9349999999999454,0.9089999999999918,0.4130000000000109,0.24099999999998545,"{('cu', 'start'): 705.434, ('cu', 'h2dmalloc'): 705.503, ('cu', 'h2d'): 705.539, ('cu', 'workest'): 705.614, ('cu', 'compute'): 705.885, ('cu', 'copy'): 705.962, ('cu', 'pack'): 705.991, ('cu', 'd2h'): 706.155, ('gust', 'start'): 706.257, ('gust', 'h2d'): 706.349, ('gust', 'count'): 706.378, ('gust', 'scan'): 706.425, ('gust', 'expand'): 706.542, ('gust', 'sort'): 706.841, ('gust', 'reduce'): 707.015, ('gust', 'final'): 707.239, ('gust', 'pack'): 707.284, ('gust', 'd2h'): 707.345, ('merge', 'start'): 707.54, ('merge', 'h2d'): 707.636, ('merge', 'count'): 707.665, ('merge', 'scan'): 707.709, ('merge', 'expand'): 707.843, ('merge', 'merge'): 708.187, ('merge', 'final'): 708.327, ('merge', 'compact'): 708.505, ('merge', 'pack'): 708.545, ('merge', 'd2h'): 708.602, ('mrg2', 'start'): 708.714, ('mrg2', 'h2d'): 708.808, ('mrg2', 'count'): 708.836, ('mrg2', 'scan'): 708.884, ('mrg2', 'merge'): 709.034, ('mrg2', 'final'): 709.08, ('mrg2', 'compact'): 709.189, ('mrg2', 'pack'): 709.221, ('mrg2', 'd2h'): 709.277, ('mrg3', 'start'): 709.387, ('mrg3', 'h2d'): 709.472, ('mrg3', 'count'): 709.538, ('mrg3', 'scan'): 709.605, ('mrg3', 'merge'): 709.687, ('mrg3', 'pack'): 709.713, ('mrg3', 'd2h'): 709.77}",0.1308119390159845,0.3151711991988122
Mildly sparse,bcsstm02,66,66,1.5151515151515151,66,66,66,66,66,0.0,,0.06100000000003547,0.14599999999995816,0.055000000000063665,0.028999999999996362,0.2620000000000573,0.476,,,,,0.451,0.375,0.321,0.284,,0.28499999999996817,0.2619999999999436,0.18999999999994088,0.15800000000001546,0.11599999999998545,"{('cu', 'start'): 644.147, ('cu', 'h2dmalloc'): 644.207, ('cu', 'h2d'): 644.222, ('cu', 'workest'): 644.283, ('cu', 'compute'): 644.429, ('cu', 'copy'): 644.484, ('cu', 'pack'): 644.507, ('cu', 'd2h'): 644.536, ('gust', 'start'): 644.635, ('gust', 'h2d'): 644.711, ('gust', 'count'): 644.736, ('gust', 'scan'): 644.776, ('gust', 'expand'): 644.799, ('gust', 'sort'): 644.847, ('gust', 'reduce'): 644.898, ('gust', 'final'): 644.951, ('gust', 'pack'): 644.973, ('gust', 'd2h'): 644.983, ('merge', 'start'): 645.1, ('merge', 'h2d'): 645.176, ('merge', 'count'): 645.2, ('merge', 'scan'): 645.238, ('merge', 'expand'): 645.26, ('merge', 'merge'): 645.283, ('merge', 'final'): 645.319, ('merge', 'compact'): 645.347, ('merge', 'pack'): 645.366, ('merge', 'd2h'): 645.377, ('mrg2', 'start'): 645.473, ('mrg2', 'h2d'): 645.542, ('mrg2', 'count'): 645.564, ('mrg2', 'scan'): 645.599, ('mrg2', 'merge'): 645.624, ('mrg2', 'final'): 645.655, ('mrg2', 'compact'): 645.682, ('mrg2', 'pack'): 645.7, ('mrg2', 'd2h'): 645.711, ('mrg3', 'start'): 645.802, ('mrg3', 'h2d'): 645.868, ('mrg3', 'count'): 645.893, ('mrg3', 'scan'): 645.942, ('mrg3', 'merge'): 645.966, ('mrg3', 'pack'): 645.984, ('mrg3', 'd2h'): 645.995}",0.0471249222755432,0.1524895998183638
Mildly sparse,can_838,838,10010,1.4254304771560882,51156,51156,51156,51156,51156,0.0,,0.06700000000000728,0.24900000000002365,0.06299999999998818,0.13799999999991996,0.3790000000000191,0.702,,,,,0.872,1.086,0.505,0.397,,0.40200000000004366,0.5729999999999791,0.8100000000000591,0.27700000000004366,0.17899999999997362,"{('cu', 'start'): 689.371, ('cu', 'h2dmalloc'): 689.433, ('cu', 'h2d'): 689.457, ('cu', 'workest'): 689.524, ('cu', 'compute'): 689.773, ('cu', 'copy'): 689.836, ('cu', 'pack'): 689.859, ('cu', 'd2h'): 689.997, ('gust', 'start'): 690.087, ('gust', 'h2d'): 690.177, ('gust', 'count'): 690.204, ('gust', 'scan'): 690.248, ('gust', 'expand'): 690.282, ('gust', 'sort'): 690.547, ('gust', 'reduce'): 690.658, ('gust', 'final'): 690.727, ('gust', 'pack'): 690.75, ('gust', 'd2h'): 690.806, ('merge', 'start'): 690.969, ('merge', 'h2d'): 691.049, ('merge', 'count'): 691.077, ('merge', 'scan'): 691.129, ('merge', 'expand'): 691.21, ('merge', 'merge'): 691.762, ('merge', 'final'): 691.808, ('merge', 'compact'): 691.836, ('merge', 'pack'): 691.859, ('merge', 'd2h'): 691.907, ('mrg2', 'start'): 692.069, ('mrg2', 'h2d'): 692.154, ('mrg2', 'count'): 692.182, ('mrg2', 'scan'): 692.223, ('mrg2', 'merge'): 692.344, ('mrg2', 'final'): 692.381, ('mrg2', 'compact'): 692.409, ('mrg2', 'pack'): 692.431, ('mrg2', 'd2h'): 692.479, ('mrg3', 'start'): 692.58, ('mrg3', 'h2d'): 692.659, ('mrg3', 'count'): 692.705, ('mrg3', 'scan'): 692.76, ('mrg3', 'merge'): 692.817, ('mrg3', 'pack'): 692.838, ('mrg3', 'd2h'): 692.886}",0.0951960682868957,0.3285759990569204
Mildly sparse,bcsstk20,485,3135,1.3327665001594218,5545,5545,5545,5545,5545,0.0,,0.07600000000002183,0.17999999999994998,0.08000000000004093,0.03099999999994907,0.33600000000001273,0.579,,,,,0.58,0.457,0.394,0.343,,0.36400000000003274,0.3670000000000755,0.2580000000000382,0.20100000000002183,0.1550000000000864,"{('cu', 'start'): 674.842, ('cu', 'h2dmalloc'): 674.908, ('cu', 'h2d'): 674.929, ('cu', 'workest'): 675.005, ('cu', 'compute'): 675.185, ('cu', 'copy'): 675.265, ('cu', 'pack'): 675.293, ('cu', 'd2h'): 675.324, ('gust', 'start'): 675.431, ('gust', 'h2d'): 675.516, ('gust', 'count'): 675.542, ('gust', 'scan'): 675.588, ('gust', 'expand'): 675.615, ('gust', 'sort'): 675.748, ('gust', 'reduce'): 675.795, ('gust', 'final'): 675.859, ('gust', 'pack'): 675.883, ('gust', 'd2h'): 675.899, ('merge', 'start'): 676.02, ('merge', 'h2d'): 676.102, ('merge', 'count'): 676.126, ('merge', 'scan'): 676.169, ('merge', 'expand'): 676.205, ('merge', 'merge'): 676.259, ('merge', 'final'): 676.309, ('merge', 'compact'): 676.338, ('merge', 'pack'): 676.36, ('merge', 'd2h'): 676.376, ('mrg2', 'start'): 676.484, ('mrg2', 'h2d'): 676.563, ('mrg2', 'count'): 676.591, ('mrg2', 'scan'): 676.634, ('mrg2', 'merge'): 676.672, ('mrg2', 'final'): 676.717, ('mrg2', 'compact'): 676.742, ('mrg2', 'pack'): 676.764, ('mrg2', 'd2h'): 676.779, ('mrg3', 'start'): 676.883, ('mrg3', 'h2d'): 676.959, ('mrg3', 'count'): 676.995, ('mrg3', 'scan'): 677.054, ('mrg3', 'merge'): 677.091, ('mrg3', 'pack'): 677.114, ('mrg3', 'd2h'): 677.13}",0.0639951322227716,0.2203808002872392
Mildly sparse,can_715,715,6665,1.3037312338011637,39785,39785,39785,39785,39785,0.0,,0.06299999999998818,0.2620000000000573,0.06600000000003092,0.13800000000003365,0.3910000000000764,0.719,,,,,0.9,2.018,0.648,0.634,,0.4130000000000109,0.6700000000000728,1.7999999999999545,0.42799999999999727,0.42000000000007276,"{('cu', 'start'): 699.829, ('cu', 'h2dmalloc'): 699.892, ('cu', 'h2d'): 699.91, ('cu', 'workest'): 699.973, ('cu', 'compute'): 700.235, ('cu', 'copy'): 700.301, ('cu', 'pack'): 700.323, ('cu', 'd2h'): 700.461, ('gust', 'start'): 700.554, ('gust', 'h2d'): 700.636, ('gust', 'count'): 700.665, ('gust', 'scan'): 700.706, ('gust', 'expand'): 700.742, ('gust', 'sort'): 701.015, ('gust', 'reduce'): 701.136, ('gust', 'final'): 701.281, ('gust', 'pack'): 701.306, ('gust', 'd2h'): 701.35, ('merge', 'start'): 701.462, ('merge', 'h2d'): 701.543, ('merge', 'count'): 701.571, ('merge', 'scan'): 701.612, ('merge', 'expand'): 701.748, ('merge', 'merge'): 703.247, ('merge', 'final'): 703.29, ('merge', 'compact'): 703.323, ('merge', 'pack'): 703.343, ('merge', 'd2h'): 703.379, ('mrg2', 'start'): 703.486, ('mrg2', 'h2d'): 703.566, ('mrg2', 'count'): 703.593, ('mrg2', 'scan'): 703.632, ('mrg2', 'merge'): 703.912, ('mrg2', 'final'): 703.95, ('mrg2', 'compact'): 703.974, ('mrg2', 'pack'): 703.994, ('mrg2', 'd2h'): 704.029, ('mrg3', 'start'): 704.142, ('mrg3', 'h2d'): 704.223, ('mrg3', 'count'): 704.375, ('mrg3', 'scan'): 704.43, ('mrg3', 'merge'): 704.618, ('mrg3', 'pack'): 704.643, ('mrg3', 'd2h'): 704.678}",0.0805750023573637,0.3450463996268808
Mildly sparse,bcsstk24,3562,159910,1.2603402122535554,446474,446474,446474,446474,446474,0.0,,0.12599999999997635,0.8280000000000882,0.18499999999994543,0.66599999999994,1.13900000000001,2.255,,,,,3.296,4.174,1.691,1.584,,1.2290000000000418,2.4879999999999427,3.382000000000062,0.9100000000000819,0.7980000000000018,"{('cu', 'start'): 746.509, ('cu', 'h2dmalloc'): 746.572, ('cu', 'h2d'): 746.679, ('cu', 'workest'): 746.805, ('cu', 'compute'): 747.633, ('cu', 'copy'): 747.818, ('cu', 'pack'): 747.908, ('cu', 'd2h'): 748.574, ('gust', 'start'): 748.774, ('gust', 'h2d'): 748.946, ('gust', 'count'): 748.976, ('gust', 'scan'): 749.021, ('gust', 'expand'): 749.236, ('gust', 'sort'): 750.459, ('gust', 'reduce'): 750.736, ('gust', 'final'): 751.337, ('gust', 'pack'): 751.434, ('gust', 'd2h'): 751.73, ('merge', 'start'): 752.074, ('merge', 'h2d'): 752.247, ('merge', 'count'): 752.279, ('merge', 'scan'): 752.325, ('merge', 'expand'): 752.882, ('merge', 'merge'): 754.884, ('merge', 'final'): 755.176, ('merge', 'compact'): 755.531, ('merge', 'pack'): 755.629, ('merge', 'd2h'): 755.925, ('mrg2', 'start'): 756.258, ('mrg2', 'h2d'): 756.429, ('mrg2', 'count'): 756.462, ('mrg2', 'scan'): 756.507, ('mrg2', 'merge'): 756.885, ('mrg2', 'final'): 756.927, ('mrg2', 'compact'): 757.233, ('mrg2', 'pack'): 757.339, ('mrg2', 'd2h'): 757.635, ('mrg3', 'start'): 757.956, ('mrg3', 'h2d'): 758.121, ('mrg3', 'count'): 758.335, ('mrg3', 'scan'): 758.397, ('mrg3', 'merge'): 758.834, ('mrg3', 'pack'): 758.919, ('mrg3', 'd2h'): 759.212}",2.6039909571409225,0.5973407997749746
Mildly sparse,bcsstk16,4884,290378,1.2173414200441228,1038782,1038782,1038782,1038782,1038782,0.0,,0.17899999999997362,1.2549999999999955,0.19000000000005457,1.1999999999999318,1.6240000000000236,3.287,,,,,5.85,9.952,2.845,3.116,,1.7140000000000555,4.324000000000069,8.620999999999981,1.5370000000000346,1.8190000000000737,"{('cu', 'start'): 781.098, ('cu', 'h2dmalloc'): 781.161, ('cu', 'h2d'): 781.337, ('cu', 'workest'): 781.516, ('cu', 'compute'): 782.771, ('cu', 'copy'): 782.961, ('cu', 'pack'): 783.051, ('cu', 'd2h'): 784.251, ('gust', 'start'): 784.395, ('gust', 'h2d'): 784.805, ('gust', 'count'): 784.955, ('gust', 'scan'): 785.002, ('gust', 'expand'): 785.326, ('gust', 'sort'): 787.908, ('gust', 'reduce'): 788.335, ('gust', 'final'): 789.024, ('gust', 'pack'): 789.129, ('gust', 'd2h'): 789.865, ('merge', 'start'): 790.254, ('merge', 'h2d'): 790.493, ('merge', 'count'): 790.588, ('merge', 'scan'): 790.642, ('merge', 'expand'): 791.871, ('merge', 'merge'): 798.427, ('merge', 'final'): 798.678, ('merge', 'compact'): 798.996, ('merge', 'pack'): 799.114, ('merge', 'd2h'): 799.848, ('mrg2', 'start'): 800.216, ('mrg2', 'h2d'): 800.451, ('mrg2', 'count'): 800.541, ('mrg2', 'scan'): 800.588, ('mrg2', 'merge'): 801.553, ('mrg2', 'final'): 801.597, ('mrg2', 'compact'): 801.901, ('mrg2', 'pack'): 801.988, ('mrg2', 'd2h'): 802.724, ('mrg3', 'start'): 803.07, ('mrg3', 'h2d'): 803.309, ('mrg3', 'count'): 803.987, ('mrg3', 'scan'): 804.049, ('mrg3', 'merge'): 805.04, ('mrg3', 'pack'): 805.128, ('mrg3', 'd2h'): 805.861}",6.905617192387581,0.7760896019404755
Mildly sparse,bcsstk28,4410,219024,1.1261974177426073,596072,596072,596072,596072,596072,0.0,,0.1409999999999627,1.0500000000000682,0.18999999999994088,0.7450000000000045,1.3809999999999718,2.551,,,,,4.046,6.147,2.035,1.941,,1.4729999999999563,3.0550000000000637,5.2690000000000055,1.183999999999969,1.0860000000000127,"{('cu', 'start'): 792.903, ('cu', 'h2dmalloc'): 792.971, ('cu', 'h2d'): 793.105, ('cu', 'workest'): 793.246, ('cu', 'compute'): 794.296, ('cu', 'copy'): 794.486, ('cu', 'pack'): 794.578, ('cu', 'd2h'): 795.323, ('gust', 'start'): 795.463, ('gust', 'h2d'): 795.727, ('gust', 'count'): 795.763, ('gust', 'scan'): 795.813, ('gust', 'expand'): 796.138, ('gust', 'sort'): 797.773, ('gust', 'reduce'): 798.083, ('gust', 'final'): 798.68, ('gust', 'pack'): 798.782, ('gust', 'd2h'): 799.173, ('merge', 'start'): 799.517, ('merge', 'h2d'): 799.723, ('merge', 'count'): 799.774, ('merge', 'scan'): 799.833, ('merge', 'expand'): 800.773, ('merge', 'merge'): 804.343, ('merge', 'final'): 804.566, ('merge', 'compact'): 804.89, ('merge', 'pack'): 804.992, ('merge', 'd2h'): 805.391, ('mrg2', 'start'): 805.672, ('mrg2', 'h2d'): 805.864, ('mrg2', 'count'): 805.901, ('mrg2', 'scan'): 805.958, ('mrg2', 'merge'): 806.603, ('mrg2', 'final'): 806.652, ('mrg2', 'compact'): 806.95, ('mrg2', 'pack'): 807.048, ('mrg2', 'd2h'): 807.436, ('mrg3', 'start'): 807.716, ('mrg3', 'h2d'): 807.906, ('mrg3', 'count'): 808.217, ('mrg3', 'scan'): 808.285, ('mrg3', 'merge'): 808.893, ('mrg3', 'pack'): 808.992, ('mrg3', 'd2h'): 809.384}",5.049543222412467,0.686636802367866
Mildly sparse,bcsstk08,1074,12960,1.1235604381885709,305612,305612,305612,305612,305612,0.0,,0.07400000000006912,0.36099999999999,0.13199999999994816,0.4009999999999536,0.5670000000000073,1.334,,,,,1.944,21.602,2.601,1.804,,0.6760000000000446,1.3670000000000755,21.051000000000045,2.062000000000012,1.2630000000000337,"{('cu', 'start'): 760.703, ('cu', 'h2dmalloc'): 760.77, ('cu', 'h2d'): 760.795, ('cu', 'workest'): 760.869, ('cu', 'compute'): 761.23, ('cu', 'copy'): 761.362, ('cu', 'pack'): 761.471, ('cu', 'd2h'): 761.872, ('gust', 'start'): 762.045, ('gust', 'h2d'): 762.132, ('gust', 'count'): 762.171, ('gust', 'scan'): 762.216, ('gust', 'expand'): 762.408, ('gust', 'sort'): 762.75, ('gust', 'reduce'): 762.936, ('gust', 'final'): 763.391, ('gust', 'pack'): 763.499, ('gust', 'd2h'): 763.704, ('merge', 'start'): 763.997, ('merge', 'h2d'): 764.097, ('merge', 'count'): 764.145, ('merge', 'scan'): 764.195, ('merge', 'expand'): 764.808, ('merge', 'merge'): 784.575, ('merge', 'final'): 784.809, ('merge', 'compact'): 785.055, ('merge', 'pack'): 785.148, ('merge', 'd2h'): 785.352, ('mrg2', 'start'): 785.608, ('mrg2', 'h2d'): 785.704, ('mrg2', 'count'): 785.748, ('mrg2', 'scan'): 785.795, ('mrg2', 'merge'): 787.389, ('mrg2', 'final'): 787.434, ('mrg2', 'compact'): 787.672, ('mrg2', 'pack'): 787.766, ('mrg2', 'd2h'): 787.97, ('mrg3', 'start'): 788.216, ('mrg3', 'h2d'): 788.295, ('mrg3', 'count'): 788.744, ('mrg3', 'scan'): 788.81, ('mrg3', 'merge'): 789.468, ('mrg3', 'pack'): 789.558, ('mrg3', 'd2h'): 789.766}",0.137491850182414,0.3925888021476566
Mildly sparse,can_1054,1054,12196,1.097832779436069,60248,60248,60248,60248,60248,0.0,,0.06700000000000728,0.2580000000000382,0.07799999999997453,0.14000000000010004,0.40300000000002,0.726,,,,,1.022,1.149,0.52,0.448,,0.4289999999999736,0.7309999999999945,0.8659999999999854,0.3039999999999736,0.21699999999998454,"{('cu', 'start'): 731.572, ('cu', 'h2dmalloc'): 731.633, ('cu', 'h2d'): 731.655, ('cu', 'workest'): 731.722, ('cu', 'compute'): 731.98, ('cu', 'copy'): 732.058, ('cu', 'pack'): 732.084, ('cu', 'd2h'): 732.224, ('gust', 'start'): 732.308, ('gust', 'h2d'): 732.394, ('gust', 'count'): 732.42, ('gust', 'scan'): 732.466, ('gust', 'expand'): 732.569, ('gust', 'sort'): 732.833, ('gust', 'reduce'): 732.946, ('gust', 'final'): 733.087, ('gust', 'pack'): 733.125, ('gust', 'd2h'): 733.177, ('merge', 'start'): 733.336, ('merge', 'h2d'): 733.42, ('merge', 'count'): 733.449, ('merge', 'scan'): 733.494, ('merge', 'expand'): 733.634, ('merge', 'merge'): 734.177, ('merge', 'final'): 734.225, ('merge', 'compact'): 734.262, ('merge', 'pack'): 734.286, ('merge', 'd2h'): 734.335, ('mrg2', 'start'): 734.492, ('mrg2', 'h2d'): 734.573, ('mrg2', 'count'): 734.597, ('mrg2', 'scan'): 734.639, ('mrg2', 'merge'): 734.787, ('mrg2', 'final'): 734.828, ('mrg2', 'compact'): 734.854, ('mrg2', 'pack'): 734.877, ('mrg2', 'd2h'): 734.926, ('mrg3', 'start'): 735.029, ('mrg3', 'h2d'): 735.112, ('mrg3', 'count'): 735.173, ('mrg3', 'scan'): 735.233, ('mrg3', 'merge'): 735.307, ('mrg3', 'pack'): 735.329, ('mrg3', 'd2h'): 735.378}",0.1100669614970684,0.5469215997029095
Mildly sparse,can_1072,1072,12444,1.0828553129873024,62316,62316,62316,62316,62316,0.0,,0.056999999999902684,0.25100000000009004,0.06099999999992178,0.1369999999999436,0.3689999999999145,0.691,,,,,0.972,1.245,0.5,0.427,,0.3909999999999627,0.6829999999999927,1.030999999999949,0.2839999999999918,0.20899999999994634,"{('cu', 'start'): 675.339, ('cu', 'h2dmalloc'): 675.401, ('cu', 'h2d'): 675.421, ('cu', 'workest'): 675.478, ('cu', 'compute'): 675.729, ('cu', 'copy'): 675.79, ('cu', 'pack'): 675.812, ('cu', 'd2h'): 675.949, ('gust', 'start'): 676.04, ('gust', 'h2d'): 676.124, ('gust', 'count'): 676.147, ('gust', 'scan'): 676.187, ('gust', 'expand'): 676.283, ('gust', 'sort'): 676.536, ('gust', 'reduce'): 676.645, ('gust', 'final'): 676.774, ('gust', 'pack'): 676.807, ('gust', 'd2h'): 676.857, ('merge', 'start'): 677.017, ('merge', 'h2d'): 677.101, ('merge', 'count'): 677.128, ('merge', 'scan'): 677.165, ('merge', 'expand'): 677.309, ('merge', 'merge'): 677.904, ('merge', 'final'): 677.95, ('merge', 'compact'): 678.108, ('merge', 'pack'): 678.132, ('merge', 'd2h'): 678.182, ('mrg2', 'start'): 678.269, ('mrg2', 'h2d'): 678.349, ('mrg2', 'count'): 678.372, ('mrg2', 'scan'): 678.409, ('mrg2', 'merge'): 678.555, ('mrg2', 'final'): 678.59, ('mrg2', 'compact'): 678.616, ('mrg2', 'pack'): 678.633, ('mrg2', 'd2h'): 678.683, ('mrg3', 'start'): 678.776, ('mrg3', 'h2d'): 678.854, ('mrg3', 'count'): 678.911, ('mrg3', 'scan'): 678.961, ('mrg3', 'merge'): 679.042, ('mrg3', 'pack'): 679.063, ('mrg3', 'd2h'): 679.113}",0.1363488845527172,0.3376383992843329
Mildly sparse,bcsstk19,817,6853,1.0266835857969194,18305,18305,18305,18305,18305,0.0,,0.06200000000001182,0.16899999999998272,0.05999999999994543,0.04000000000007731,0.29099999999994,0.531,,,,,0.563,0.483,0.382,0.348,,0.31399999999996453,0.3509999999999991,0.26500000000010004,0.18999999999994088,0.15999999999996817,"{('cu', 'start'): 658.639, ('cu', 'h2dmalloc'): 658.701, ('cu', 'h2d'): 658.721, ('cu', 'workest'): 658.783, ('cu', 'compute'): 658.952, ('cu', 'copy'): 659.012, ('cu', 'pack'): 659.035, ('cu', 'd2h'): 659.075, ('gust', 'start'): 659.18, ('gust', 'h2d'): 659.267, ('gust', 'count'): 659.293, ('gust', 'scan'): 659.331, ('gust', 'expand'): 659.36, ('gust', 'sort'): 659.492, ('gust', 'reduce'): 659.537, ('gust', 'final'): 659.596, ('gust', 'pack'): 659.618, ('gust', 'd2h'): 659.647, ('merge', 'start'): 659.751, ('merge', 'h2d'): 659.829, ('merge', 'count'): 659.857, ('merge', 'scan'): 659.893, ('merge', 'expand'): 659.936, ('merge', 'merge'): 660.007, ('merge', 'final'): 660.048, ('merge', 'compact'): 660.073, ('merge', 'pack'): 660.094, ('merge', 'd2h'): 660.115, ('mrg2', 'start'): 660.24, ('mrg2', 'h2d'): 660.32, ('mrg2', 'count'): 660.345, ('mrg2', 'scan'): 660.382, ('mrg2', 'merge'): 660.43, ('mrg2', 'final'): 660.465, ('mrg2', 'compact'): 660.492, ('mrg2', 'pack'): 660.51, ('mrg2', 'd2h'): 660.532, ('mrg3', 'start'): 660.631, ('mrg3', 'h2d'): 660.707, ('mrg3', 'count'): 660.745, ('mrg3', 'scan'): 660.798, ('mrg3', 'merge'): 660.84, ('mrg3', 'pack'): 660.867, ('mrg3', 'd2h'): 660.889}",0.0575080048292875,0.4844031985849142
Highly sparse,bcsstm12,1473,19659,0.9060578533079476,53615,53615,53615,53615,53615,0.0,,0.06499999999994088,0.2520000000000664,0.06799999999998363,0.1369999999999436,0.3849999999999909,0.726,,,,,1.109,0.954,0.567,0.426,,0.4089999999999918,0.8170000000000073,0.7369999999999663,0.36000000000001364,0.20299999999997453,"{('cu', 'start'): 695.456, ('cu', 'h2dmalloc'): 695.52, ('cu', 'h2d'): 695.547, ('cu', 'workest'): 695.612, ('cu', 'compute'): 695.864, ('cu', 'copy'): 695.932, ('cu', 'pack'): 695.956, ('cu', 'd2h'): 696.093, ('gust', 'start'): 696.191, ('gust', 'h2d'): 696.284, ('gust', 'count'): 696.313, ('gust', 'scan'): 696.352, ('gust', 'expand'): 696.452, ('gust', 'sort'): 696.716, ('gust', 'reduce'): 696.879, ('gust', 'final'): 697.066, ('gust', 'pack'): 697.101, ('gust', 'd2h'): 697.146, ('merge', 'start'): 697.308, ('merge', 'h2d'): 697.397, ('merge', 'count'): 697.426, ('merge', 'scan'): 697.468, ('merge', 'expand'): 697.593, ('merge', 'merge'): 697.856, ('merge', 'final'): 697.969, ('merge', 'compact'): 698.108, ('merge', 'pack'): 698.134, ('merge', 'd2h'): 698.179, ('mrg2', 'start'): 698.269, ('mrg2', 'h2d'): 698.354, ('mrg2', 'count'): 698.385, ('mrg2', 'scan'): 698.427, ('mrg2', 'merge'): 698.558, ('mrg2', 'final'): 698.601, ('mrg2', 'compact'): 698.69, ('mrg2', 'pack'): 698.714, ('mrg2', 'd2h'): 698.758, ('mrg3', 'start'): 698.842, ('mrg3', 'h2d'): 698.923, ('mrg3', 'count'): 698.973, ('mrg3', 'scan'): 699.039, ('mrg3', 'merge'): 699.104, ('mrg3', 'pack'): 699.126, ('mrg3', 'd2h'): 699.172}",0.2329139970242977,0.3303551993332803
Highly sparse,bcsstm03,112,112,0.8928571428571428,112,112,112,112,112,0.0,,0.08199999999999363,0.18599999999992178,0.06800000000009732,0.024999999999977263,0.33600000000001273,0.563,,,,,0.476,0.438,0.407,0.356,,0.36199999999996635,0.27300000000002456,0.23099999999999454,0.19799999999997908,0.15099999999995362,"{('cu', 'start'): 708.574, ('cu', 'h2dmalloc'): 708.636, ('cu', 'h2d'): 708.652, ('cu', 'workest'): 708.734, ('cu', 'compute'): 708.92, ('cu', 'copy'): 708.988, ('cu', 'pack'): 709.014, ('cu', 'd2h'): 709.039, ('gust', 'start'): 709.147, ('gust', 'h2d'): 709.231, ('gust', 'count'): 709.255, ('gust', 'scan'): 709.301, ('gust', 'expand'): 709.326, ('gust', 'sort'): 709.377, ('gust', 'reduce'): 709.422, ('gust', 'final'): 709.481, ('gust', 'pack'): 709.504, ('gust', 'd2h'): 709.515, ('merge', 'start'): 709.629, ('merge', 'h2d'): 709.707, ('merge', 'count'): 709.741, ('merge', 'scan'): 709.785, ('merge', 'expand'): 709.816, ('merge', 'merge'): 709.837, ('merge', 'final'): 709.882, ('merge', 'compact'): 709.916, ('merge', 'pack'): 709.938, ('merge', 'd2h'): 709.95, ('mrg2', 'start'): 710.075, ('mrg2', 'h2d'): 710.163, ('mrg2', 'count'): 710.187, ('mrg2', 'scan'): 710.235, ('mrg2', 'merge'): 710.272, ('mrg2', 'final'): 710.312, ('mrg2', 'compact'): 710.338, ('mrg2', 'pack'): 710.361, ('mrg2', 'd2h'): 710.373, ('mrg3', 'start'): 710.489, ('mrg3', 'h2d'): 710.571, ('mrg3', 'count'): 710.602, ('mrg3', 'scan'): 710.668, ('mrg3', 'merge'): 710.693, ('mrg3', 'pack'): 710.722, ('mrg3', 'd2h'): 710.733}",0.0374051742255687,0.1547231995966285
Highly sparse,bcspwr05,443,1623,0.8270105834934192,4249,4249,4249,4249,4249,0.0,,0.05700000000001637,0.16200000000003456,0.05700000000001637,0.02800000000002001,0.2760000000000673,0.491,,,,,0.516,0.407,0.358,0.303,,0.2960000000000491,0.3229999999999791,0.2259999999999991,0.18100000000004002,0.1290000000000191,"{('cu', 'start'): 686.633, ('cu', 'h2dmalloc'): 686.694, ('cu', 'h2d'): 686.718, ('cu', 'workest'): 686.775, ('cu', 'compute'): 686.937, ('cu', 'copy'): 686.994, ('cu', 'pack'): 687.014, ('cu', 'd2h'): 687.042, ('gust', 'start'): 687.13, ('gust', 'h2d'): 687.208, ('gust', 'count'): 687.232, ('gust', 'scan'): 687.27, ('gust', 'expand'): 687.298, ('gust', 'sort'): 687.412, ('gust', 'reduce'): 687.455, ('gust', 'final'): 687.511, ('gust', 'pack'): 687.531, ('gust', 'd2h'): 687.543, ('merge', 'start'): 687.654, ('merge', 'h2d'): 687.739, ('merge', 'count'): 687.762, ('merge', 'scan'): 687.799, ('merge', 'expand'): 687.828, ('merge', 'merge'): 687.882, ('merge', 'final'): 687.921, ('merge', 'compact'): 687.946, ('merge', 'pack'): 687.965, ('merge', 'd2h'): 687.977, ('mrg2', 'start'): 688.067, ('mrg2', 'h2d'): 688.14, ('mrg2', 'count'): 688.163, ('mrg2', 'scan'): 688.198, ('mrg2', 'merge'): 688.244, ('mrg2', 'final'): 688.277, ('mrg2', 'compact'): 688.301, ('mrg2', 'pack'): 688.321, ('mrg2', 'd2h'): 688.333, ('mrg3', 'start'): 688.431, ('mrg3', 'h2d'): 688.507, ('mrg3', 'count'): 688.536, ('mrg3', 'scan'): 688.586, ('mrg3', 'merge'): 688.617, ('mrg3', 'pack'): 688.636, ('mrg3', 'd2h'): 688.649}",0.0619099009782075,0.2186304004862904
Highly sparse,bcsstk26,1922,30336,0.8212049319939666,92530,92530,92530,92530,92530,0.0,,0.06700000000000728,0.3009999999999309,0.06600000000003092,0.1650000000000773,0.4339999999999691,0.913,,,,,1.296,1.376,0.752,0.488,,0.5219999999999345,1.0510000000000446,1.1190000000000282,0.49300000000005184,0.24300000000005184,"{('cu', 'start'): 689.43, ('cu', 'h2dmalloc'): 689.491, ('cu', 'h2d'): 689.527, ('cu', 'workest'): 689.594, ('cu', 'compute'): 689.895, ('cu', 'copy'): 689.961, ('cu', 'pack'): 690.049, ('cu', 'd2h'): 690.214, ('gust', 'start'): 690.352, ('gust', 'h2d'): 690.439, ('gust', 'count'): 690.463, ('gust', 'scan'): 690.502, ('gust', 'expand'): 690.653, ('gust', 'sort'): 690.942, ('gust', 'reduce'): 691.142, ('gust', 'final'): 691.455, ('gust', 'pack'): 691.49, ('gust', 'd2h'): 691.56, ('merge', 'start'): 691.659, ('merge', 'h2d'): 691.76, ('merge', 'count'): 691.792, ('merge', 'scan'): 691.834, ('merge', 'expand'): 692.056, ('merge', 'merge'): 692.519, ('merge', 'final'): 692.687, ('merge', 'compact'): 692.851, ('merge', 'pack'): 692.879, ('merge', 'd2h'): 692.949, ('mrg2', 'start'): 693.042, ('mrg2', 'h2d'): 693.136, ('mrg2', 'count'): 693.164, ('mrg2', 'scan'): 693.202, ('mrg2', 'merge'): 693.417, ('mrg2', 'final'): 693.458, ('mrg2', 'compact'): 693.604, ('mrg2', 'pack'): 693.629, ('mrg2', 'd2h'): 693.697, ('mrg3', 'start'): 693.804, ('mrg3', 'h2d'): 693.896, ('mrg3', 'count'): 693.972, ('mrg3', 'scan'): 694.029, ('mrg3', 'merge'): 694.118, ('mrg3', 'pack'): 694.139, ('mrg3', 'd2h'): 694.207}",0.5081109702587128,0.3773088004207238
Highly sparse,bcsstk33,8738,591904,0.775223972597465,2569536,2569536,2569536,2569536,2569536,0.0,,0.15899999999999181,2.2919999999999163,0.19600000000002638,1.336999999999989,2.6469999999999345,4.413,,,,,10.35,22.235,4.722,5.179,,2.7169999999999845,8.033000000000015,20.523000000000025,3.0439999999999827,3.9109999999999445,"{('cu', 'start'): 845.068, ('cu', 'h2dmalloc'): 845.118, ('cu', 'h2d'): 845.306, ('cu', 'workest'): 845.465, ('cu', 'compute'): 847.757, ('cu', 'copy'): 847.953, ('cu', 'pack'): 848.023, ('cu', 'd2h'): 849.36, ('gust', 'start'): 849.488, ('gust', 'h2d'): 850.726, ('gust', 'count'): 850.814, ('gust', 'scan'): 850.856, ('gust', 'expand'): 851.532, ('gust', 'sort'): 857.114, ('gust', 'reduce'): 857.7, ('gust', 'final'): 858.684, ('gust', 'pack'): 858.759, ('gust', 'd2h'): 859.53, ('merge', 'start'): 859.846, ('merge', 'h2d'): 860.439, ('merge', 'count'): 860.555, ('merge', 'scan'): 860.598, ('merge', 'expand'): 862.906, ('merge', 'merge'): 880.232, ('merge', 'final'): 880.544, ('merge', 'compact'): 880.887, ('merge', 'pack'): 880.962, ('merge', 'd2h'): 881.751, ('mrg2', 'start'): 882.087, ('mrg2', 'h2d'): 882.681, ('mrg2', 'count'): 882.789, ('mrg2', 'scan'): 882.829, ('mrg2', 'merge'): 885.23, ('mrg2', 'final'): 885.271, ('mrg2', 'compact'): 885.637, ('mrg2', 'pack'): 885.725, ('mrg2', 'd2h'): 886.49, ('mrg3', 'start'): 886.816, ('mrg3', 'h2d'): 887.051, ('mrg3', 'count'): 888.557, ('mrg3', 'scan'): 888.617, ('mrg3', 'merge'): 890.88, ('mrg3', 'pack'): 890.962, ('mrg3', 'd2h'): 891.723}",32.81728201545775,1.523577608028427
Highly sparse,bcsstm04,132,132,0.7575757575757576,132,132,132,132,132,0.0,,0.05999999999994543,0.15800000000001546,0.06000000000005912,0.02699999999992997,0.27800000000002,0.495,,,,,0.463,0.381,0.353,0.311,,0.2980000000000018,0.25,0.19000000000005457,0.16799999999989268,0.125,"{('cu', 'start'): 693.281, ('cu', 'h2dmalloc'): 693.345, ('cu', 'h2d'): 693.36, ('cu', 'workest'): 693.42, ('cu', 'compute'): 693.578, ('cu', 'copy'): 693.638, ('cu', 'pack'): 693.658, ('cu', 'd2h'): 693.685, ('gust', 'start'): 693.787, ('gust', 'h2d'): 693.866, ('gust', 'count'): 693.888, ('gust', 'scan'): 693.927, ('gust', 'expand'): 693.95, ('gust', 'sort'): 693.997, ('gust', 'reduce'): 694.038, ('gust', 'final'): 694.095, ('gust', 'pack'): 694.116, ('gust', 'd2h'): 694.127, ('merge', 'start'): 694.255, ('merge', 'h2d'): 694.334, ('merge', 'count'): 694.356, ('merge', 'scan'): 694.395, ('merge', 'expand'): 694.417, ('merge', 'merge'): 694.439, ('merge', 'final'): 694.479, ('merge', 'compact'): 694.505, ('merge', 'pack'): 694.524, ('merge', 'd2h'): 694.535, ('mrg2', 'start'): 694.644, ('mrg2', 'h2d'): 694.719, ('mrg2', 'count'): 694.74, ('mrg2', 'scan'): 694.778, ('mrg2', 'merge'): 694.808, ('mrg2', 'final'): 694.843, ('mrg2', 'compact'): 694.867, ('mrg2', 'pack'): 694.887, ('mrg2', 'd2h'): 694.898, ('mrg3', 'start'): 695.003, ('mrg3', 'h2d'): 695.076, ('mrg3', 'count'): 695.099, ('mrg3', 'scan'): 695.159, ('mrg3', 'merge'): 695.183, ('mrg3', 'pack'): 695.201, ('mrg3', 'd2h'): 695.213}",0.0482748728245496,0.1547744005685672
Highly sparse,bcsstk15,3948,117816,0.7558750073139261,527688,527688,527688,527688,527688,0.0,,0.1290000000000191,0.7590000000000146,0.18599999999992178,0.6749999999999545,1.0739999999999554,2.148,,,,,2.679,3.262,1.702,1.533,,1.1620000000000346,1.865000000000009,2.466000000000008,0.8970000000000482,0.7190000000000509,"{('cu', 'start'): 715.774, ('cu', 'h2dmalloc'): 715.837, ('cu', 'h2d'): 715.918, ('cu', 'workest'): 716.047, ('cu', 'compute'): 716.806, ('cu', 'copy'): 716.992, ('cu', 'pack'): 717.08, ('cu', 'd2h'): 717.755, ('gust', 'start'): 717.935, ('gust', 'h2d'): 718.082, ('gust', 'count'): 718.112, ('gust', 'scan'): 718.157, ('gust', 'expand'): 718.341, ('gust', 'sort'): 719.079, ('gust', 'reduce'): 719.289, ('gust', 'final'): 719.848, ('gust', 'pack'): 719.947, ('gust', 'd2h'): 720.291, ('merge', 'start'): 720.62, ('merge', 'h2d'): 720.76, ('merge', 'count'): 720.79, ('merge', 'scan'): 720.835, ('merge', 'expand'): 721.206, ('merge', 'merge'): 722.599, ('merge', 'final'): 722.824, ('merge', 'compact'): 723.133, ('merge', 'pack'): 723.226, ('merge', 'd2h'): 723.573, ('mrg2', 'start'): 723.89, ('mrg2', 'h2d'): 724.031, ('mrg2', 'count'): 724.06, ('mrg2', 'scan'): 724.104, ('mrg2', 'merge'): 724.498, ('mrg2', 'final'): 724.543, ('mrg2', 'compact'): 724.836, ('mrg2', 'pack'): 724.928, ('mrg2', 'd2h'): 725.273, ('mrg3', 'start'): 725.6, ('mrg3', 'h2d'): 725.741, ('mrg3', 'count'): 725.935, ('mrg3', 'scan'): 725.998, ('mrg3', 'merge'): 726.377, ('mrg3', 'pack'): 726.46, ('mrg3', 'd2h'): 726.806}",3.4469510428607464,0.3603871992556378
Highly sparse,bcsstm22,138,138,0.7246376811594203,138,138,138,138,138,0.0,,0.09600000000000364,0.2480000000000473,0.0989999999999327,0.04600000000004911,0.44299999999998363,0.774,,,,,0.714,0.603,0.56,0.469,,0.48099999999999454,0.40999999999996817,0.32399999999995543,0.28899999999998727,0.19900000000006912,"{('cu', 'start'): 722.398, ('cu', 'h2dmalloc'): 722.496, ('cu', 'h2d'): 722.516, ('cu', 'workest'): 722.612, ('cu', 'compute'): 722.86, ('cu', 'copy'): 722.959, ('cu', 'pack'): 722.997, ('cu', 'd2h'): 723.043, ('gust', 'start'): 723.186, ('gust', 'h2d'): 723.306, ('gust', 'count'): 723.338, ('gust', 'scan'): 723.402, ('gust', 'expand'): 723.441, ('gust', 'sort'): 723.509, ('gust', 'reduce'): 723.58, ('gust', 'final'): 723.678, ('gust', 'pack'): 723.716, ('gust', 'd2h'): 723.73, ('merge', 'start'): 723.914, ('merge', 'h2d'): 724.034, ('merge', 'count'): 724.072, ('merge', 'scan'): 724.133, ('merge', 'expand'): 724.171, ('merge', 'merge'): 724.207, ('merge', 'final'): 724.273, ('merge', 'compact'): 724.318, ('merge', 'pack'): 724.358, ('merge', 'd2h'): 724.38, ('mrg2', 'start'): 724.533, ('mrg2', 'h2d'): 724.646, ('mrg2', 'count'): 724.682, ('mrg2', 'scan'): 724.739, ('mrg2', 'merge'): 724.782, ('mrg2', 'final'): 724.849, ('mrg2', 'compact'): 724.894, ('mrg2', 'pack'): 724.935, ('mrg2', 'd2h'): 724.949, ('mrg3', 'start'): 725.105, ('mrg3', 'h2d'): 725.218, ('mrg3', 'count'): 725.258, ('mrg3', 'scan'): 725.339, ('mrg3', 'merge'): 725.378, ('mrg3', 'pack'): 725.417, ('mrg3', 'd2h'): 725.434}",0.0497139990329742,0.1721792005933821
Highly sparse,bp_1600,822,4841,0.7164591732229859,23625,23625,23625,23625,23625,0.0,,0.057999999999992724,0.18900000000007822,0.05700000000001637,0.03899999999998727,0.3040000000000873,0.531,,,,,0.576,17.345,1.611,0.956,,0.3290000000000646,0.3730000000000473,17.149999999999977,1.4230000000000018,0.7720000000000482,"{('cu', 'start'): 744.162, ('cu', 'h2dmalloc'): 744.224, ('cu', 'h2d'): 744.242, ('cu', 'workest'): 744.3, ('cu', 'compute'): 744.489, ('cu', 'copy'): 744.546, ('cu', 'pack'): 744.571, ('cu', 'd2h'): 744.61, ('gust', 'start'): 744.701, ('gust', 'h2d'): 744.78, ('gust', 'count'): 744.816, ('gust', 'scan'): 744.855, ('gust', 'expand'): 744.91, ('gust', 'sort'): 745.039, ('gust', 'reduce'): 745.08, ('gust', 'final'): 745.135, ('gust', 'pack'): 745.153, ('gust', 'd2h'): 745.188, ('merge', 'start'): 745.284, ('merge', 'h2d'): 745.362, ('merge', 'count'): 745.396, ('merge', 'scan'): 745.434, ('merge', 'expand'): 745.683, ('merge', 'merge'): 762.43, ('merge', 'final'): 762.471, ('merge', 'compact'): 762.495, ('merge', 'pack'): 762.512, ('merge', 'd2h'): 762.538, ('mrg2', 'start'): 762.635, ('mrg2', 'h2d'): 762.712, ('mrg2', 'count'): 762.747, ('mrg2', 'scan'): 762.793, ('mrg2', 'merge'): 764.058, ('mrg2', 'final'): 764.094, ('mrg2', 'compact'): 764.117, ('mrg2', 'pack'): 764.135, ('mrg2', 'd2h'): 764.16, ('mrg3', 'start'): 764.252, ('mrg3', 'h2d'): 764.327, ('mrg3', 'count'): 764.651, ('mrg3', 'scan'): 764.704, ('mrg3', 'merge'): 765.081, ('mrg3', 'pack'): 765.099, ('mrg3', 'd2h'): 765.125}",0.0767370220273733,0.2633440004196018
Highly sparse,bp_1400,822,4790,0.7089112662132002,23154,23154,23154,23154,23154,0.0,,0.08699999999998909,0.19799999999997908,0.07000000000005002,0.047000000000025466,0.3550000000000182,0.643,,,,,0.715,17.887,1.683,1.039,,0.3809999999999718,0.45100000000002183,17.63900000000001,1.4400000000000546,0.7999999999999545,"{('cu', 'start'): 768.434, ('cu', 'h2dmalloc'): 768.516, ('cu', 'h2d'): 768.538, ('cu', 'workest'): 768.625, ('cu', 'compute'): 768.823, ('cu', 'copy'): 768.893, ('cu', 'pack'): 768.919, ('cu', 'd2h'): 768.966, ('gust', 'start'): 769.088, ('gust', 'h2d'): 769.188, ('gust', 'count'): 769.233, ('gust', 'scan'): 769.281, ('gust', 'expand'): 769.343, ('gust', 'sort'): 769.488, ('gust', 'reduce'): 769.541, ('gust', 'final'): 769.614, ('gust', 'pack'): 769.639, ('gust', 'd2h'): 769.678, ('merge', 'start'): 769.811, ('merge', 'h2d'): 769.91, ('merge', 'count'): 769.95, ('merge', 'scan'): 769.995, ('merge', 'expand'): 770.254, ('merge', 'merge'): 787.437, ('merge', 'final'): 787.495, ('merge', 'compact'): 787.526, ('merge', 'pack'): 787.549, ('merge', 'd2h'): 787.575, ('mrg2', 'start'): 787.706, ('mrg2', 'h2d'): 787.804, ('mrg2', 'count'): 787.844, ('mrg2', 'scan'): 787.888, ('mrg2', 'merge'): 789.14, ('mrg2', 'final'): 789.186, ('mrg2', 'compact'): 789.214, ('mrg2', 'pack'): 789.244, ('mrg2', 'd2h'): 789.27, ('mrg3', 'start'): 789.397, ('mrg3', 'h2d'): 789.489, ('mrg3', 'count'): 789.814, ('mrg3', 'scan'): 789.877, ('mrg3', 'merge'): 790.263, ('mrg3', 'pack'): 790.289, ('mrg3', 'd2h'): 790.315}",0.0865249894559383,0.2474432002287358
Highly sparse,bp_1200,822,4726,0.6994393829068026,22313,22313,22313,22313,22313,0.0,,0.057999999999992724,0.19000000000005457,0.05899999999996908,0.04100000000005366,0.30700000000001637,0.528,,,,,0.604,17.892,1.625,0.986,,0.32600000000002183,0.39599999999995816,17.702999999999975,1.4279999999999973,0.7899999999999636,"{('cu', 'start'): 738.523, ('cu', 'h2dmalloc'): 738.584, ('cu', 'h2d'): 738.603, ('cu', 'workest'): 738.661, ('cu', 'compute'): 738.851, ('cu', 'copy'): 738.91, ('cu', 'pack'): 738.929, ('cu', 'd2h'): 738.97, ('gust', 'start'): 739.073, ('gust', 'h2d'): 739.153, ('gust', 'count'): 739.199, ('gust', 'scan'): 739.239, ('gust', 'expand'): 739.299, ('gust', 'sort'): 739.43, ('gust', 'reduce'): 739.474, ('gust', 'final'): 739.53, ('gust', 'pack'): 739.549, ('gust', 'd2h'): 739.581, ('merge', 'start'): 739.681, ('merge', 'h2d'): 739.758, ('merge', 'count'): 739.795, ('merge', 'scan'): 739.835, ('merge', 'expand'): 740.088, ('merge', 'merge'): 757.377, ('merge', 'final'): 757.419, ('merge', 'compact'): 757.444, ('merge', 'pack'): 757.461, ('merge', 'd2h'): 757.486, ('mrg2', 'start'): 757.588, ('mrg2', 'h2d'): 757.669, ('mrg2', 'count'): 757.702, ('mrg2', 'scan'): 757.739, ('mrg2', 'merge'): 759.013, ('mrg2', 'final'): 759.05, ('mrg2', 'compact'): 759.079, ('mrg2', 'pack'): 759.097, ('mrg2', 'd2h'): 759.122, ('mrg3', 'start'): 759.217, ('mrg3', 'h2d'): 759.294, ('mrg3', 'count'): 759.615, ('mrg3', 'scan'): 759.668, ('mrg3', 'merge'): 760.048, ('mrg3', 'pack'): 760.084, ('mrg3', 'd2h'): 760.11}",0.0705299898982048,0.2468992007430642
Highly sparse,685_bus,685,3249,0.6924183494059353,9337,9337,9337,9337,9337,0.0,,0.057999999999992724,0.17399999999997817,0.059000000000082764,0.03200000000003911,0.29100000000005366,0.514,,,,,0.535,0.442,0.36,0.333,,0.31100000000003547,0.3300000000000409,0.25900000000001455,0.18500000000005912,0.15800000000001546,"{('cu', 'start'): 681.591, ('cu', 'h2dmalloc'): 681.661, ('cu', 'h2d'): 681.679, ('cu', 'workest'): 681.737, ('cu', 'compute'): 681.911, ('cu', 'copy'): 681.97, ('cu', 'pack'): 681.99, ('cu', 'd2h'): 682.022, ('gust', 'start'): 682.115, ('gust', 'h2d'): 682.192, ('gust', 'count'): 682.215, ('gust', 'scan'): 682.253, ('gust', 'expand'): 682.278, ('gust', 'sort'): 682.4, ('gust', 'reduce'): 682.444, ('gust', 'final'): 682.501, ('gust', 'pack'): 682.522, ('gust', 'd2h'): 682.538, ('merge', 'start'): 682.657, ('merge', 'h2d'): 682.737, ('merge', 'count'): 682.761, ('merge', 'scan'): 682.801, ('merge', 'expand'): 682.833, ('merge', 'merge'): 682.911, ('merge', 'final'): 682.951, ('merge', 'compact'): 682.978, ('merge', 'pack'): 682.996, ('merge', 'd2h'): 683.013, ('mrg2', 'start'): 683.105, ('mrg2', 'h2d'): 683.179, ('mrg2', 'count'): 683.202, ('mrg2', 'scan'): 683.238, ('mrg2', 'merge'): 683.283, ('mrg2', 'final'): 683.322, ('mrg2', 'compact'): 683.346, ('mrg2', 'pack'): 683.364, ('mrg2', 'd2h'): 683.38, ('mrg3', 'start'): 683.472, ('mrg3', 'h2d'): 683.545, ('mrg3', 'count'): 683.582, ('mrg3', 'scan'): 683.64, ('mrg3', 'merge'): 683.683, ('mrg3', 'pack'): 683.703, ('mrg3', 'd2h'): 683.719}",0.0866700429469347,0.2234304009703919
Highly sparse,bp_1000,822,4661,0.6898195014237425,21373,21373,21373,21373,21373,0.0,,0.05700000000001637,0.17700000000002092,0.06100000000003547,0.04100000000005366,0.29500000000007276,0.526,,,,,0.598,17.588,1.6,0.974,,0.3129999999999882,0.38900000000001,17.392000000000053,1.393000000000029,0.77800000000002,"{('cu', 'start'): 743.194, ('cu', 'h2dmalloc'): 743.255, ('cu', 'h2d'): 743.275, ('cu', 'workest'): 743.332, ('cu', 'compute'): 743.509, ('cu', 'copy'): 743.57, ('cu', 'pack'): 743.588, ('cu', 'd2h'): 743.629, ('gust', 'start'): 743.729, ('gust', 'h2d'): 743.809, ('gust', 'count'): 743.847, ('gust', 'scan'): 743.887, ('gust', 'expand'): 743.942, ('gust', 'sort'): 744.078, ('gust', 'reduce'): 744.122, ('gust', 'final'): 744.179, ('gust', 'pack'): 744.198, ('gust', 'd2h'): 744.23, ('merge', 'start'): 744.336, ('merge', 'h2d'): 744.414, ('merge', 'count'): 744.451, ('merge', 'scan'): 744.497, ('merge', 'expand'): 744.744, ('merge', 'merge'): 761.72, ('merge', 'final'): 761.763, ('merge', 'compact'): 761.788, ('merge', 'pack'): 761.806, ('merge', 'd2h'): 761.831, ('mrg2', 'start'): 761.935, ('mrg2', 'h2d'): 762.014, ('mrg2', 'count'): 762.058, ('mrg2', 'scan'): 762.095, ('mrg2', 'merge'): 763.327, ('mrg2', 'final'): 763.365, ('mrg2', 'compact'): 763.389, ('mrg2', 'pack'): 763.407, ('mrg2', 'd2h'): 763.431, ('mrg3', 'start'): 763.541, ('mrg3', 'h2d'): 763.62, ('mrg3', 'count'): 763.94, ('mrg3', 'scan'): 763.995, ('mrg3', 'merge'): 764.376, ('mrg3', 'pack'): 764.398, ('mrg3', 'd2h'): 764.423}",0.0828828196972608,0.2458656013244762
Highly sparse,494_bus,494,1666,0.6826861610582045,4062,4062,4062,4062,4062,0.0,,0.07499999999993179,0.17799999999999727,0.057999999999992724,0.027000000000043656,0.3109999999999218,0.539,,,,,0.54,0.468,0.388,0.329,,0.33299999999997,0.3269999999999982,0.2519999999999527,0.19099999999991724,0.13900000000001,"{('cu', 'start'): 678.41, ('cu', 'h2dmalloc'): 678.476, ('cu', 'h2d'): 678.494, ('cu', 'workest'): 678.569, ('cu', 'compute'): 678.747, ('cu', 'copy'): 678.805, ('cu', 'pack'): 678.827, ('cu', 'd2h'): 678.854, ('gust', 'start'): 678.958, ('gust', 'h2d'): 679.045, ('gust', 'count'): 679.068, ('gust', 'scan'): 679.109, ('gust', 'expand'): 679.134, ('gust', 'sort'): 679.249, ('gust', 'reduce'): 679.294, ('gust', 'final'): 679.351, ('gust', 'pack'): 679.372, ('gust', 'd2h'): 679.385, ('merge', 'start'): 679.504, ('merge', 'h2d'): 679.599, ('merge', 'count'): 679.627, ('merge', 'scan'): 679.678, ('merge', 'expand'): 679.714, ('merge', 'merge'): 679.764, ('merge', 'final'): 679.806, ('merge', 'compact'): 679.832, ('merge', 'pack'): 679.851, ('merge', 'd2h'): 679.863, ('mrg2', 'start'): 679.978, ('mrg2', 'h2d'): 680.065, ('mrg2', 'count'): 680.087, ('mrg2', 'scan'): 680.126, ('mrg2', 'merge'): 680.167, ('mrg2', 'final'): 680.203, ('mrg2', 'compact'): 680.236, ('mrg2', 'pack'): 680.256, ('mrg2', 'd2h'): 680.268, ('mrg3', 'start'): 680.371, ('mrg3', 'h2d'): 680.451, ('mrg3', 'count'): 680.478, ('mrg3', 'scan'): 680.54, ('mrg3', 'merge'): 680.57, ('mrg3', 'pack'): 680.59, ('mrg3', 'd2h'): 680.602}",0.0658698845654726,0.2176832010271027
Highly sparse,bp_800,822,4534,0.6710237329876096,20224,20224,20224,20224,20224,0.0,,0.06300000000010186,0.18199999999990268,0.06000000000005912,0.03899999999998727,0.30500000000006366,0.531,,,,,0.593,17.127,1.574,0.986,,0.3240000000000691,0.3809999999999718,16.8900000000001,1.3629999999999427,0.7899999999999636,"{('cu', 'start'): 744.723, ('cu', 'h2dmalloc'): 744.789, ('cu', 'h2d'): 744.805, ('cu', 'workest'): 744.868, ('cu', 'compute'): 745.05, ('cu', 'copy'): 745.11, ('cu', 'pack'): 745.129, ('cu', 'd2h'): 745.168, ('gust', 'start'): 745.264, ('gust', 'h2d'): 745.345, ('gust', 'count'): 745.378, ('gust', 'scan'): 745.419, ('gust', 'expand'): 745.473, ('gust', 'sort'): 745.603, ('gust', 'reduce'): 745.647, ('gust', 'final'): 745.704, ('gust', 'pack'): 745.726, ('gust', 'd2h'): 745.758, ('merge', 'start'): 745.862, ('merge', 'h2d'): 745.949, ('merge', 'count'): 745.991, ('merge', 'scan'): 746.037, ('merge', 'expand'): 746.277, ('merge', 'merge'): 762.732, ('merge', 'final'): 762.796, ('merge', 'compact'): 762.82, ('merge', 'pack'): 762.839, ('merge', 'd2h'): 762.862, ('mrg2', 'start'): 762.996, ('mrg2', 'h2d'): 763.089, ('mrg2', 'count'): 763.123, ('mrg2', 'scan'): 763.164, ('mrg2', 'merge'): 764.37, ('mrg2', 'final'): 764.407, ('mrg2', 'compact'): 764.432, ('mrg2', 'pack'): 764.452, ('mrg2', 'd2h'): 764.474, ('mrg3', 'start'): 764.577, ('mrg3', 'h2d'): 764.657, ('mrg3', 'count'): 764.988, ('mrg3', 'scan'): 765.04, ('mrg3', 'merge'): 765.428, ('mrg3', 'pack'): 765.447, ('mrg3', 'd2h'): 765.47}",0.0919150188565254,0.257411199901253
Highly sparse,bcsstm05,153,153,0.6535947712418301,153,153,153,153,153,0.0,,0.05499999999994998,0.15899999999999181,0.055000000000063665,0.02699999999992997,0.26900000000000546,0.482,,,,,0.463,0.381,0.348,0.286,,0.29200000000003,0.2699999999999818,0.20199999999999818,0.16399999999998727,0.1150000000000091,"{('cu', 'start'): 666.219, ('cu', 'h2dmalloc'): 666.282, ('cu', 'h2d'): 666.298, ('cu', 'workest'): 666.353, ('cu', 'compute'): 666.512, ('cu', 'copy'): 666.567, ('cu', 'pack'): 666.59, ('cu', 'd2h'): 666.617, ('gust', 'start'): 666.711, ('gust', 'h2d'): 666.792, ('gust', 'count'): 666.818, ('gust', 'scan'): 666.854, ('gust', 'expand'): 666.895, ('gust', 'sort'): 666.944, ('gust', 'reduce'): 666.982, ('gust', 'final'): 667.039, ('gust', 'pack'): 667.062, ('gust', 'd2h'): 667.072, ('merge', 'start'): 667.181, ('merge', 'h2d'): 667.258, ('merge', 'count'): 667.288, ('merge', 'scan'): 667.324, ('merge', 'expand'): 667.355, ('merge', 'merge'): 667.375, ('merge', 'final'): 667.414, ('merge', 'compact'): 667.442, ('merge', 'pack'): 667.46, ('merge', 'd2h'): 667.471, ('mrg2', 'start'): 667.57, ('mrg2', 'h2d'): 667.644, ('mrg2', 'count'): 667.666, ('mrg2', 'scan'): 667.7, ('mrg2', 'merge'): 667.729, ('mrg2', 'final'): 667.761, ('mrg2', 'compact'): 667.786, ('mrg2', 'pack'): 667.808, ('mrg2', 'd2h'): 667.818, ('mrg3', 'start'): 667.925, ('mrg3', 'h2d'): 667.998, ('mrg3', 'count'): 668.023, ('mrg3', 'scan'): 668.071, ('mrg3', 'merge'): 668.095, ('mrg3', 'pack'): 668.113, ('mrg3', 'd2h'): 668.124}",0.0309250317513942,0.1552704002941027
Highly sparse,bp_600,822,4172,0.6174483930357978,16464,16464,16464,16464,16464,0.0,,0.05700000000001637,0.22900000000004184,0.057999999999992724,0.03499999999996817,0.34400000000005093,0.569,,,,,0.563,16.432,1.51,0.957,,0.3630000000000564,0.36199999999996635,16.24700000000007,1.3260000000000218,0.77800000000002,"{('cu', 'start'): 776.057, ('cu', 'h2dmalloc'): 776.12, ('cu', 'h2d'): 776.136, ('cu', 'workest'): 776.193, ('cu', 'compute'): 776.422, ('cu', 'copy'): 776.48, ('cu', 'pack'): 776.499, ('cu', 'd2h'): 776.534, ('gust', 'start'): 776.636, ('gust', 'h2d'): 776.72, ('gust', 'count'): 776.755, ('gust', 'scan'): 776.793, ('gust', 'expand'): 776.843, ('gust', 'sort'): 776.966, ('gust', 'reduce'): 777.009, ('gust', 'final'): 777.062, ('gust', 'pack'): 777.082, ('gust', 'd2h'): 777.109, ('merge', 'start'): 777.208, ('merge', 'h2d'): 777.286, ('merge', 'count'): 777.321, ('merge', 'scan'): 777.358, ('merge', 'expand'): 777.587, ('merge', 'merge'): 793.453, ('merge', 'final'): 793.493, ('merge', 'compact'): 793.516, ('merge', 'pack'): 793.533, ('merge', 'd2h'): 793.553, ('mrg2', 'start'): 793.647, ('mrg2', 'h2d'): 793.725, ('mrg2', 'count'): 793.757, ('mrg2', 'scan'): 793.793, ('mrg2', 'merge'): 794.975, ('mrg2', 'final'): 795.01, ('mrg2', 'compact'): 795.033, ('mrg2', 'pack'): 795.051, ('mrg2', 'd2h'): 795.071, ('mrg3', 'start'): 795.164, ('mrg3', 'h2d'): 795.24, ('mrg3', 'count'): 795.568, ('mrg3', 'scan'): 795.62, ('mrg3', 'merge'): 795.999, ('mrg3', 'pack'): 796.018, ('mrg3', 'd2h'): 796.038}",0.0918600708246231,0.2401472004130482
Highly sparse,bp_400,822,4028,0.596136655596403,15238,15238,15238,15238,15238,0.0,,0.07100000000002638,0.18799999999998818,0.06299999999998818,0.03700000000003456,0.32200000000000273,0.578,,,,,0.633,15.527,1.526,0.998,,0.34199999999998454,0.4029999999999063,15.258000000000038,1.2870000000000346,0.7889999999999873,"{('cu', 'start'): 755.947, ('cu', 'h2dmalloc'): 756.027, ('cu', 'h2d'): 756.048, ('cu', 'workest'): 756.119, ('cu', 'compute'): 756.307, ('cu', 'copy'): 756.37, ('cu', 'pack'): 756.39, ('cu', 'd2h'): 756.427, ('gust', 'start'): 756.535, ('gust', 'h2d'): 756.623, ('gust', 'count'): 756.66, ('gust', 'scan'): 756.713, ('gust', 'expand'): 756.766, ('gust', 'sort'): 756.896, ('gust', 'reduce'): 756.945, ('gust', 'final'): 757.005, ('gust', 'pack'): 757.026, ('gust', 'd2h'): 757.056, ('merge', 'start'): 757.176, ('merge', 'h2d'): 757.261, ('merge', 'count'): 757.298, ('merge', 'scan'): 757.34, ('merge', 'expand'): 757.557, ('merge', 'merge'): 772.374, ('merge', 'final'): 772.467, ('merge', 'compact'): 772.496, ('merge', 'pack'): 772.519, ('merge', 'd2h'): 772.54, ('mrg2', 'start'): 772.711, ('mrg2', 'h2d'): 772.81, ('mrg2', 'count'): 772.846, ('mrg2', 'scan'): 772.889, ('mrg2', 'merge'): 774.013, ('mrg2', 'final'): 774.054, ('mrg2', 'compact'): 774.077, ('mrg2', 'pack'): 774.097, ('mrg2', 'd2h'): 774.117, ('mrg3', 'start'): 774.246, ('mrg3', 'h2d'): 774.333, ('mrg3', 'count'): 774.658, ('mrg3', 'scan'): 774.721, ('mrg3', 'merge'): 775.1, ('mrg3', 'pack'): 775.122, ('mrg3', 'd2h'): 775.142}",0.0724690034985542,0.2422016012948006
Highly sparse,662_bus,662,2474,0.5645256980129791,6480,6480,6480,6480,6480,0.0,,0.059000000000082764,0.16300000000001091,0.05599999999992633,0.02800000000002001,0.27800000000002,0.501,,,,,0.57,0.421,0.372,0.33,,0.2980000000000018,0.32399999999995543,0.2319999999999709,0.18700000000001182,0.1449999999999818,"{('cu', 'start'): 688.192, ('cu', 'h2dmalloc'): 688.257, ('cu', 'h2d'): 688.286, ('cu', 'workest'): 688.345, ('cu', 'compute'): 688.508, ('cu', 'copy'): 688.564, ('cu', 'pack'): 688.584, ('cu', 'd2h'): 688.612, ('gust', 'start'): 688.702, ('gust', 'h2d'): 688.792, ('gust', 'count'): 688.815, ('gust', 'scan'): 688.852, ('gust', 'expand'): 688.879, ('gust', 'sort'): 688.998, ('gust', 'reduce'): 689.041, ('gust', 'final'): 689.096, ('gust', 'pack'): 689.116, ('gust', 'd2h'): 689.13, ('merge', 'start'): 689.278, ('merge', 'h2d'): 689.37, ('merge', 'count'): 689.394, ('merge', 'scan'): 689.434, ('merge', 'expand'): 689.464, ('merge', 'merge'): 689.518, ('merge', 'final'): 689.558, ('merge', 'compact'): 689.582, ('merge', 'pack'): 689.602, ('merge', 'd2h'): 689.616, ('mrg2', 'start'): 689.707, ('mrg2', 'h2d'): 689.79, ('mrg2', 'count'): 689.812, ('mrg2', 'scan'): 689.849, ('mrg2', 'merge'): 689.889, ('mrg2', 'final'): 689.923, ('mrg2', 'compact'): 689.958, ('mrg2', 'pack'): 689.977, ('mrg2', 'd2h'): 689.992, ('mrg3', 'start'): 690.084, ('mrg3', 'h2d'): 690.168, ('mrg3', 'count'): 690.21, ('mrg3', 'scan'): 690.261, ('mrg3', 'merge'): 690.295, ('mrg3', 'pack'): 690.313, ('mrg3', 'd2h'): 690.328}",0.0783491414040327,0.2085759991081431
Highly sparse,bp_200,822,3802,0.5626890676706863,13197,13197,13197,13197,13197,0.0,,0.07500000000004547,0.20000000000004547,0.07200000000000273,0.05099999999993088,0.3470000000000937,0.645,,,,,0.677,14.139,1.42,0.97,,0.37600000000009004,0.4249999999999545,13.90199999999993,1.1719999999999118,0.7350000000000136,"{('cu', 'start'): 727.936, ('cu', 'h2dmalloc'): 728.022, ('cu', 'h2d'): 728.045, ('cu', 'workest'): 728.12, ('cu', 'compute'): 728.32, ('cu', 'copy'): 728.392, ('cu', 'pack'): 728.421, ('cu', 'd2h'): 728.472, ('gust', 'start'): 728.594, ('gust', 'h2d'): 728.695, ('gust', 'count'): 728.736, ('gust', 'scan'): 728.789, ('gust', 'expand'): 728.843, ('gust', 'sort'): 728.971, ('gust', 'reduce'): 729.025, ('gust', 'final'): 729.092, ('gust', 'pack'): 729.12, ('gust', 'd2h'): 729.153, ('merge', 'start'): 729.282, ('merge', 'h2d'): 729.379, ('merge', 'count'): 729.422, ('merge', 'scan'): 729.481, ('merge', 'expand'): 729.684, ('merge', 'merge'): 743.164, ('merge', 'final'): 743.22, ('merge', 'compact'): 743.253, ('merge', 'pack'): 743.281, ('merge', 'd2h'): 743.302, ('mrg2', 'start'): 743.432, ('mrg2', 'h2d'): 743.541, ('mrg2', 'count'): 743.582, ('mrg2', 'scan'): 743.632, ('mrg2', 'merge'): 744.606, ('mrg2', 'final'): 744.652, ('mrg2', 'compact'): 744.683, ('mrg2', 'pack'): 744.713, ('mrg2', 'd2h'): 744.735, ('mrg3', 'start'): 744.863, ('mrg3', 'h2d'): 744.961, ('mrg3', 'count'): 745.253, ('mrg3', 'scan'): 745.317, ('mrg3', 'merge'): 745.665, ('mrg3', 'pack'): 745.696, ('mrg3', 'd2h'): 745.717}",0.0915199052542448,0.238348799967207
Highly sparse,bcsstm13,2003,21943,0.5469329704893483,90811,90811,90811,90811,90811,0.0,,0.06700000000000728,0.35199999999997544,0.06600000000003092,0.17599999999993088,0.48500000000001364,0.857,,,,,1.347,3.0,0.943,0.697,,0.5040000000000191,1.0920000000000982,2.740000000000009,0.6949999999999363,0.44499999999993634,"{('cu', 'start'): 688.538, ('cu', 'h2dmalloc'): 688.6, ('cu', 'h2d'): 688.634, ('cu', 'workest'): 688.701, ('cu', 'compute'): 689.053, ('cu', 'copy'): 689.119, ('cu', 'pack'): 689.138, ('cu', 'd2h'): 689.314, ('gust', 'start'): 689.404, ('gust', 'h2d'): 689.497, ('gust', 'count'): 689.525, ('gust', 'scan'): 689.567, ('gust', 'expand'): 689.729, ('gust', 'sort'): 690.053, ('gust', 'reduce'): 690.237, ('gust', 'final'): 690.554, ('gust', 'pack'): 690.589, ('gust', 'd2h'): 690.664, ('merge', 'start'): 690.764, ('merge', 'h2d'): 690.864, ('merge', 'count'): 690.895, ('merge', 'scan'): 690.937, ('merge', 'expand'): 691.361, ('merge', 'merge'): 693.254, ('merge', 'final'): 693.426, ('merge', 'compact'): 693.577, ('merge', 'pack'): 693.604, ('merge', 'd2h'): 693.677, ('mrg2', 'start'): 693.773, ('mrg2', 'h2d'): 693.864, ('mrg2', 'count'): 693.894, ('mrg2', 'scan'): 693.934, ('mrg2', 'merge'): 694.343, ('mrg2', 'final'): 694.386, ('mrg2', 'compact'): 694.532, ('mrg2', 'pack'): 694.559, ('mrg2', 'd2h'): 694.633, ('mrg3', 'start'): 694.722, ('mrg3', 'h2d'): 694.811, ('mrg3', 'count'): 694.961, ('mrg3', 'scan'): 695.02, ('mrg3', 'merge'): 695.225, ('mrg3', 'pack'): 695.256, ('mrg3', 'd2h'): 695.329}",0.5536598619073629,0.4547103996388614
Highly sparse,bp_0,822,3276,0.4848420267462305,9384,9384,9384,9384,9384,0.0,,0.05899999999996908,0.18299999999999272,0.06100000000003547,0.03600000000005821,0.30299999999999727,0.524,,,,,0.57,11.341,1.183,0.868,,0.3249999999999318,0.37400000000002365,11.129000000000019,0.9950000000000045,0.6920000000000073,"{('cu', 'start'): 712.99, ('cu', 'h2dmalloc'): 713.053, ('cu', 'h2d'): 713.071, ('cu', 'workest'): 713.13, ('cu', 'compute'): 713.313, ('cu', 'copy'): 713.374, ('cu', 'pack'): 713.396, ('cu', 'd2h'): 713.432, ('gust', 'start'): 713.524, ('gust', 'h2d'): 713.601, ('gust', 'count'): 713.652, ('gust', 'scan'): 713.692, ('gust', 'expand'): 713.739, ('gust', 'sort'): 713.859, ('gust', 'reduce'): 713.904, ('gust', 'final'): 713.957, ('gust', 'pack'): 713.975, ('gust', 'd2h'): 713.992, ('merge', 'start'): 714.104, ('merge', 'h2d'): 714.182, ('merge', 'count'): 714.218, ('merge', 'scan'): 714.256, ('merge', 'expand'): 714.416, ('merge', 'merge'): 725.22, ('merge', 'final'): 725.268, ('merge', 'compact'): 725.292, ('merge', 'pack'): 725.311, ('merge', 'd2h'): 725.327, ('mrg2', 'start'): 725.451, ('mrg2', 'h2d'): 725.534, ('mrg2', 'count'): 725.569, ('mrg2', 'scan'): 725.606, ('mrg2', 'merge'): 726.451, ('mrg2', 'final'): 726.489, ('mrg2', 'compact'): 726.512, ('mrg2', 'pack'): 726.529, ('mrg2', 'd2h'): 726.545, ('mrg3', 'start'): 726.649, ('mrg3', 'h2d'): 726.726, ('mrg3', 'count'): 727.013, ('mrg3', 'scan'): 727.066, ('mrg3', 'merge'): 727.396, ('mrg3', 'pack'): 727.418, ('mrg3', 'd2h'): 727.434}",0.0745928846299648,0.230233600991778
Highly sparse,bcsstk23,3134,45178,0.45996948062076437,220632,220632,220632,220632,220632,0.0,,0.06499999999994088,0.34000000000003183,0.1330000000000382,0.33600000000001273,0.5380000000000109,1.264,,,,,1.835,1.938,1.162,0.914,,0.6619999999999209,1.3260000000000218,1.44399999999996,0.6720000000000255,0.4209999999999354,"{('cu', 'start'): 696.986, ('cu', 'h2dmalloc'): 697.049, ('cu', 'h2d'): 697.09, ('cu', 'workest'): 697.155, ('cu', 'compute'): 697.495, ('cu', 'copy'): 697.628, ('cu', 'pack'): 697.752, ('cu', 'd2h'): 698.088, ('gust', 'start'): 698.262, ('gust', 'h2d'): 698.364, ('gust', 'count'): 698.391, ('gust', 'scan'): 698.435, ('gust', 'expand'): 698.595, ('gust', 'sort'): 698.947, ('gust', 'reduce'): 699.147, ('gust', 'final'): 699.582, ('gust', 'pack'): 699.69, ('gust', 'd2h'): 699.844, ('merge', 'start'): 700.104, ('merge', 'h2d'): 700.207, ('merge', 'count'): 700.234, ('merge', 'scan'): 700.279, ('merge', 'expand'): 700.492, ('merge', 'merge'): 701.138, ('merge', 'final'): 701.334, ('merge', 'compact'): 701.568, ('merge', 'pack'): 701.651, ('merge', 'd2h'): 701.804, ('mrg2', 'start'): 702.049, ('mrg2', 'h2d'): 702.149, ('mrg2', 'count'): 702.174, ('mrg2', 'scan'): 702.217, ('mrg2', 'merge'): 702.458, ('mrg2', 'final'): 702.5, ('mrg2', 'compact'): 702.736, ('mrg2', 'pack'): 702.821, ('mrg2', 'd2h'): 702.973, ('mrg3', 'start'): 703.217, ('mrg3', 'h2d'): 703.315, ('mrg3', 'count'): 703.407, ('mrg3', 'scan'): 703.467, ('mrg3', 'merge'): 703.651, ('mrg3', 'pack'): 703.736, ('mrg3', 'd2h'): 703.891}",1.8119048327207563,0.3361952000996098
Highly sparse,bcsstk17,10974,428650,0.35593682023042417,1406936,1406936,1406936,1406936,1406936,0.0,,0.18299999999999272,1.86099999999999,0.20000000000004547,1.433999999999969,2.244000000000028,4.277,,,,,6.098,11.427,3.225,3.36,,2.3390000000000555,4.347000000000094,9.738000000000056,1.56899999999996,1.7180000000000746,"{('cu', 'start'): 836.772, ('cu', 'h2dmalloc'): 836.857, ('cu', 'h2d'): 837.107, ('cu', 'workest'): 837.29, ('cu', 'compute'): 839.151, ('cu', 'copy'): 839.351, ('cu', 'pack'): 839.446, ('cu', 'd2h'): 840.88, ('gust', 'start'): 841.059, ('gust', 'h2d'): 841.459, ('gust', 'count'): 841.559, ('gust', 'scan'): 841.61, ('gust', 'expand'): 841.941, ('gust', 'sort'): 844.576, ('gust', 'reduce'): 844.973, ('gust', 'final'): 845.691, ('gust', 'pack'): 845.806, ('gust', 'd2h'): 846.705, ('merge', 'start'): 847.164, ('merge', 'h2d'): 847.505, ('merge', 'count'): 847.61, ('merge', 'scan'): 847.661, ('merge', 'expand'): 848.9, ('merge', 'merge'): 856.511, ('merge', 'final'): 856.785, ('merge', 'compact'): 857.154, ('merge', 'pack'): 857.243, ('merge', 'd2h'): 858.152, ('mrg2', 'start'): 858.599, ('mrg2', 'h2d'): 858.936, ('mrg2', 'count'): 859.036, ('mrg2', 'scan'): 859.086, ('mrg2', 'merge'): 860.022, ('mrg2', 'final'): 860.067, ('mrg2', 'compact'): 860.413, ('mrg2', 'pack'): 860.505, ('mrg2', 'd2h'): 861.403, ('mrg3', 'start'): 861.831, ('mrg3', 'h2d'): 862.165, ('mrg3', 'count'): 862.796, ('mrg3', 'scan'): 862.861, ('mrg3', 'merge'): 863.797, ('mrg3', 'pack'): 863.883, ('mrg3', 'd2h'): 864.792}",63.72947292402387,0.8165823979768903
Highly sparse,blckhole,2132,14872,0.3271861986912552,41546,41546,41546,41546,41546,0.0,,0.07599999999990814,0.25700000000006185,0.07100000000002638,0.1349999999999909,0.40399999999999636,0.764,,,,,0.928,0.759,0.462,0.438,,0.42999999999995,0.6140000000000327,0.5339999999999918,0.2380000000000564,0.21500000000003183,"{('cu', 'start'): 732.113, ('cu', 'h2dmalloc'): 732.181, ('cu', 'h2d'): 732.21, ('cu', 'workest'): 732.286, ('cu', 'compute'): 732.543, ('cu', 'copy'): 732.614, ('cu', 'pack'): 732.64, ('cu', 'd2h'): 732.775, ('gust', 'start'): 732.887, ('gust', 'h2d'): 732.978, ('gust', 'count'): 733.007, ('gust', 'scan'): 733.055, ('gust', 'expand'): 733.086, ('gust', 'sort'): 733.366, ('gust', 'reduce'): 733.482, ('gust', 'final'): 733.555, ('gust', 'pack'): 733.592, ('gust', 'd2h'): 733.631, ('merge', 'start'): 733.821, ('merge', 'h2d'): 733.91, ('merge', 'count'): 733.941, ('merge', 'scan'): 733.987, ('merge', 'expand'): 734.03, ('merge', 'merge'): 734.262, ('merge', 'final'): 734.312, ('merge', 'compact'): 734.416, ('merge', 'pack'): 734.444, ('merge', 'd2h'): 734.482, ('mrg2', 'start'): 734.585, ('mrg2', 'h2d'): 734.669, ('mrg2', 'count'): 734.697, ('mrg2', 'scan'): 734.74, ('mrg2', 'merge'): 734.805, ('mrg2', 'final'): 734.847, ('mrg2', 'compact'): 734.876, ('mrg2', 'pack'): 734.907, ('mrg2', 'd2h'): 734.944, ('mrg3', 'start'): 735.053, ('mrg3', 'h2d'): 735.139, ('mrg3', 'count'): 735.196, ('mrg3', 'scan'): 735.261, ('mrg3', 'merge'): 735.329, ('mrg3', 'pack'): 735.354, ('mrg3', 'd2h'): 735.392}",0.5955719389021397,0.2161056001437827
Highly sparse,bcsstk29,13992,619488,0.31642683346621986,1965686,1965686,1965686,1965686,1965686,0.0,,0.16200000000003456,2.4069999999999254,0.17300000000000182,1.18100000000004,2.741999999999962,4.368,,,,,7.36,11.215,3.106,3.232,,2.8220000000000027,6.07000000000005,9.141999999999939,1.6130000000000564,1.9869999999999663,"{('cu', 'start'): 861.677, ('cu', 'h2dmalloc'): 861.727, ('cu', 'h2d'): 861.923, ('cu', 'workest'): 862.085, ('cu', 'compute'): 864.492, ('cu', 'copy'): 864.665, ('cu', 'pack'): 864.745, ('cu', 'd2h'): 865.926, ('gust', 'start'): 866.055, ('gust', 'h2d'): 866.322, ('gust', 'count'): 866.399, ('gust', 'scan'): 866.439, ('gust', 'expand'): 866.934, ('gust', 'sort'): 871.123, ('gust', 'reduce'): 871.585, ('gust', 'final'): 872.301, ('gust', 'pack'): 872.392, ('gust', 'd2h'): 873.105, ('merge', 'start'): 873.421, ('merge', 'h2d'): 874.451, ('merge', 'count'): 874.588, ('merge', 'scan'): 874.627, ('merge', 'expand'): 876.145, ('merge', 'merge'): 882.952, ('merge', 'final'): 883.197, ('merge', 'compact'): 883.505, ('merge', 'pack'): 883.593, ('merge', 'd2h'): 884.316, ('mrg2', 'start'): 884.643, ('mrg2', 'h2d'): 885.132, ('mrg2', 'count'): 885.231, ('mrg2', 'scan'): 885.269, ('mrg2', 'merge'): 886.325, ('mrg2', 'final'): 886.361, ('mrg2', 'compact'): 886.658, ('mrg2', 'pack'): 886.745, ('mrg2', 'd2h'): 887.461, ('mrg3', 'start'): 887.756, ('mrg3', 'h2d'): 888.003, ('mrg3', 'count'): 888.744, ('mrg3', 'scan'): 888.795, ('mrg3', 'merge'): 889.907, ('mrg3', 'pack'): 889.99, ('mrg3', 'd2h'): 890.698}",137.12710910476744,0.8351200039731339
Highly sparse,1138_bus,1138,4054,0.31303955695713814,11142,11142,11142,11142,11142,0.0,,0.05999999999994543,0.19000000000005457,0.06299999999998818,0.031000000000062755,0.3129999999999882,0.549,,,,,0.551,0.486,0.395,0.356,,0.3389999999999418,0.33600000000001273,0.2880000000000109,0.20100000000002183,0.15400000000011005,"{('cu', 'start'): 760.555, ('cu', 'h2dmalloc'): 760.617, ('cu', 'h2d'): 760.634, ('cu', 'workest'): 760.694, ('cu', 'compute'): 760.884, ('cu', 'copy'): 760.947, ('cu', 'pack'): 760.973, ('cu', 'd2h'): 761.004, ('gust', 'start'): 761.113, ('gust', 'h2d'): 761.198, ('gust', 'count'): 761.221, ('gust', 'scan'): 761.263, ('gust', 'expand'): 761.289, ('gust', 'sort'): 761.409, ('gust', 'reduce'): 761.454, ('gust', 'final'): 761.513, ('gust', 'pack'): 761.534, ('gust', 'd2h'): 761.559, ('merge', 'start'): 761.669, ('merge', 'h2d'): 761.749, ('merge', 'count'): 761.773, ('merge', 'scan'): 761.812, ('merge', 'expand'): 761.849, ('merge', 'merge'): 761.948, ('merge', 'final'): 761.99, ('merge', 'compact'): 762.018, ('merge', 'pack'): 762.037, ('merge', 'd2h'): 762.055, ('mrg2', 'start'): 762.161, ('mrg2', 'h2d'): 762.239, ('mrg2', 'count'): 762.262, ('mrg2', 'scan'): 762.3, ('mrg2', 'merge'): 762.357, ('mrg2', 'final'): 762.393, ('mrg2', 'compact'): 762.422, ('mrg2', 'pack'): 762.44, ('mrg2', 'd2h'): 762.458, ('mrg3', 'start'): 762.562, ('mrg3', 'h2d'): 762.637, ('mrg3', 'count'): 762.673, ('mrg3', 'scan'): 762.725, ('mrg3', 'merge'): 762.766, ('mrg3', 'pack'): 762.791, ('mrg3', 'd2h'): 762.81}",0.1128239091485738,0.2129440003074705
Highly sparse,bcspwr06,1454,5300,0.25069579909522466,14110,14110,14110,14110,14110,0.0,,0.06799999999998363,0.18899999999996453,0.06500000000005457,0.03599999999994452,0.32200000000000273,0.573,,,,,0.58,0.504,0.412,0.387,,0.34600000000000364,0.35200000000008913,0.29700000000002547,0.20799999999997,0.18799999999998818,"{('cu', 'start'): 683.346, ('cu', 'h2dmalloc'): 683.412, ('cu', 'h2d'): 683.431, ('cu', 'workest'): 683.499, ('cu', 'compute'): 683.688, ('cu', 'copy'): 683.753, ('cu', 'pack'): 683.777, ('cu', 'd2h'): 683.813, ('gust', 'start'): 683.933, ('gust', 'h2d'): 684.021, ('gust', 'count'): 684.046, ('gust', 'scan'): 684.088, ('gust', 'expand'): 684.116, ('gust', 'sort'): 684.241, ('gust', 'reduce'): 684.288, ('gust', 'final'): 684.35, ('gust', 'pack'): 684.373, ('gust', 'd2h'): 684.402, ('merge', 'start'): 684.517, ('merge', 'h2d'): 684.601, ('merge', 'count'): 684.629, ('merge', 'scan'): 684.667, ('merge', 'expand'): 684.718, ('merge', 'merge'): 684.802, ('merge', 'final'): 684.846, ('merge', 'compact'): 684.879, ('merge', 'pack'): 684.898, ('merge', 'd2h'): 684.918, ('mrg2', 'start'): 685.03, ('mrg2', 'h2d'): 685.111, ('mrg2', 'count'): 685.137, ('mrg2', 'scan'): 685.175, ('mrg2', 'merge'): 685.229, ('mrg2', 'final'): 685.271, ('mrg2', 'compact'): 685.298, ('mrg2', 'pack'): 685.319, ('mrg2', 'd2h'): 685.339, ('mrg3', 'start'): 685.447, ('mrg3', 'h2d'): 685.524, ('mrg3', 'count'): 685.571, ('mrg3', 'scan'): 685.631, ('mrg3', 'merge'): 685.689, ('mrg3', 'pack'): 685.712, ('mrg3', 'd2h'): 685.731}",0.2413289621472358,0.2571743994951248
Highly sparse,bcsstk30,28924,2043492,0.24426218412514641,8946070,8946070,8946070,8946070,8946070,0.0,,0.20900000000006003,7.705999999999904,0.27100000000018554,4.270999999999958,8.18600000000015,13.534,,,,,34.674,92.649,15.416,20.702,,8.259999999999991,30.384000000000015,88.2539999999999,11.173000000000002,16.25999999999999,"{('cu', 'start'): 1366.04, ('cu', 'h2dmalloc'): 1366.097, ('cu', 'h2d'): 1366.906, ('cu', 'workest'): 1367.115, ('cu', 'compute'): 1374.821, ('cu', 'copy'): 1375.092, ('cu', 'pack'): 1375.166, ('cu', 'd2h'): 1379.437, ('gust', 'start'): 1379.583, ('gust', 'h2d'): 1380.501, ('gust', 'count'): 1380.602, ('gust', 'scan'): 1380.646, ('gust', 'expand'): 1382.955, ('gust', 'sort'): 1406.266, ('gust', 'reduce'): 1408.207, ('gust', 'final'): 1410.806, ('gust', 'pack'): 1410.885, ('gust', 'd2h'): 1413.683, ('merge', 'start'): 1414.263, ('merge', 'h2d'): 1415.269, ('merge', 'count'): 1415.388, ('merge', 'scan'): 1415.428, ('merge', 'expand'): 1423.85, ('merge', 'merge'): 1501.679, ('merge', 'final'): 1502.637, ('merge', 'compact'): 1503.437, ('merge', 'pack'): 1503.523, ('merge', 'd2h'): 1506.42, ('mrg2', 'start'): 1506.921, ('mrg2', 'h2d'): 1508.154, ('mrg2', 'count'): 1508.275, ('mrg2', 'scan'): 1508.318, ('mrg2', 'merge'): 1518.136, ('mrg2', 'final'): 1518.177, ('mrg2', 'compact'): 1519.228, ('mrg2', 'pack'): 1519.327, ('mrg2', 'd2h'): 1521.944, ('mrg3', 'start'): 1522.343, ('mrg3', 'h2d'): 1523.784, ('mrg3', 'count'): 1530.28, ('mrg3', 'scan'): 1530.337, ('mrg3', 'merge'): 1539.974, ('mrg3', 'pack'): 1540.044, ('mrg3', 'd2h'): 1542.738}",1181.0736348852515,2.365724792378024
Highly sparse,bcsstm06,420,420,0.2380952380952381,420,420,420,420,420,0.0,,0.07000000000005002,0.15399999999999636,0.05700000000001637,0.028999999999996362,0.28100000000006276,0.503,,,,,0.451,0.39,0.34,0.29,,0.30500000000006366,0.2560000000000855,0.20600000000001728,0.1650000000000773,0.1190000000000282,"{('cu', 'start'): 667.945, ('cu', 'h2dmalloc'): 668.007, ('cu', 'h2d'): 668.025, ('cu', 'workest'): 668.095, ('cu', 'compute'): 668.249, ('cu', 'copy'): 668.306, ('cu', 'pack'): 668.33, ('cu', 'd2h'): 668.359, ('gust', 'start'): 668.458, ('gust', 'h2d'): 668.545, ('gust', 'count'): 668.57, ('gust', 'scan'): 668.61, ('gust', 'expand'): 668.637, ('gust', 'sort'): 668.682, ('gust', 'reduce'): 668.724, ('gust', 'final'): 668.779, ('gust', 'pack'): 668.801, ('gust', 'd2h'): 668.811, ('merge', 'start'): 668.917, ('merge', 'h2d'): 668.995, ('merge', 'count'): 669.019, ('merge', 'scan'): 669.064, ('merge', 'expand'): 669.092, ('merge', 'merge'): 669.114, ('merge', 'final'): 669.153, ('merge', 'compact'): 669.179, ('merge', 'pack'): 669.201, ('merge', 'd2h'): 669.21, ('mrg2', 'start'): 669.315, ('mrg2', 'h2d'): 669.391, ('mrg2', 'count'): 669.416, ('mrg2', 'scan'): 669.451, ('mrg2', 'merge'): 669.476, ('mrg2', 'final'): 669.51, ('mrg2', 'compact'): 669.536, ('mrg2', 'pack'): 669.556, ('mrg2', 'd2h'): 669.567, ('mrg3', 'start'): 669.659, ('mrg3', 'h2d'): 669.731, ('mrg3', 'count'): 669.755, ('mrg3', 'scan'): 669.804, ('mrg3', 'merge'): 669.831, ('mrg3', 'pack'): 669.85, ('mrg3', 'd2h'): 669.861}",0.0377290416508913,0.1567520000273362
Highly sparse,bcspwr08,1624,6050,0.22939467106699993,16916,16916,16916,16916,16916,0.0,,0.06400000000007822,0.17699999999990723,0.06500000000005457,0.03999999999996362,0.30600000000004,0.561,,,,,0.596,0.495,0.412,0.38,,0.3300000000000409,0.36199999999996635,0.27899999999999636,0.20900000000006003,0.17999999999994998,"{('cu', 'start'): 675.729, ('cu', 'h2dmalloc'): 675.797, ('cu', 'h2d'): 675.819, ('cu', 'workest'): 675.883, ('cu', 'compute'): 676.06, ('cu', 'copy'): 676.125, ('cu', 'pack'): 676.149, ('cu', 'd2h'): 676.189, ('gust', 'start'): 676.297, ('gust', 'h2d'): 676.392, ('gust', 'count'): 676.422, ('gust', 'scan'): 676.464, ('gust', 'expand'): 676.493, ('gust', 'sort'): 676.626, ('gust', 'reduce'): 676.671, ('gust', 'final'): 676.731, ('gust', 'pack'): 676.754, ('gust', 'd2h'): 676.784, ('merge', 'start'): 676.901, ('merge', 'h2d'): 676.985, ('merge', 'count'): 677.012, ('merge', 'scan'): 677.051, ('merge', 'expand'): 677.088, ('merge', 'merge'): 677.171, ('merge', 'final'): 677.216, ('merge', 'compact'): 677.245, ('merge', 'pack'): 677.264, ('merge', 'd2h'): 677.287, ('mrg2', 'start'): 677.403, ('mrg2', 'h2d'): 677.482, ('mrg2', 'count'): 677.51, ('mrg2', 'scan'): 677.55, ('mrg2', 'merge'): 677.604, ('mrg2', 'final'): 677.644, ('mrg2', 'compact'): 677.67, ('mrg2', 'pack'): 677.691, ('mrg2', 'd2h'): 677.712, ('mrg3', 'start'): 677.821, ('mrg3', 'h2d'): 677.898, ('mrg3', 'count'): 677.944, ('mrg3', 'scan'): 678.001, ('mrg3', 'merge'): 678.054, ('mrg3', 'pack'): 678.078, ('mrg3', 'd2h'): 678.1}",0.289177056401968,0.2119519993430003
Highly sparse,bcspwr07,1612,5824,0.22412551028576003,15684,15684,15684,15684,15684,0.0,,0.07899999999995089,0.19299999999998363,0.07400000000006912,0.03899999999998727,0.34600000000000364,0.605,,,,,0.622,0.505,0.438,0.396,,0.37399999999990996,0.3850000000001046,0.29500000000007276,0.22699999999997544,0.19100000000003092,"{('cu', 'start'): 693.925, ('cu', 'h2dmalloc'): 693.99, ('cu', 'h2d'): 694.017, ('cu', 'workest'): 694.096, ('cu', 'compute'): 694.289, ('cu', 'copy'): 694.363, ('cu', 'pack'): 694.391, ('cu', 'd2h'): 694.43, ('gust', 'start'): 694.544, ('gust', 'h2d'): 694.632, ('gust', 'count'): 694.658, ('gust', 'scan'): 694.706, ('gust', 'expand'): 694.736, ('gust', 'sort'): 694.874, ('gust', 'reduce'): 694.924, ('gust', 'final'): 694.991, ('gust', 'pack'): 695.017, ('gust', 'd2h'): 695.047, ('merge', 'start'): 695.171, ('merge', 'h2d'): 695.256, ('merge', 'count'): 695.285, ('merge', 'scan'): 695.327, ('merge', 'expand'): 695.365, ('merge', 'merge'): 695.451, ('merge', 'final'): 695.5, ('merge', 'compact'): 695.529, ('merge', 'pack'): 695.551, ('merge', 'd2h'): 695.575, ('mrg2', 'start'): 695.684, ('mrg2', 'h2d'): 695.765, ('mrg2', 'count'): 695.793, ('mrg2', 'scan'): 695.839, ('mrg2', 'merge'): 695.895, ('mrg2', 'final'): 695.94, ('mrg2', 'compact'): 695.97, ('mrg2', 'pack'): 695.992, ('mrg2', 'd2h'): 696.016, ('mrg3', 'start'): 696.131, ('mrg3', 'h2d'): 696.211, ('mrg3', 'count'): 696.26, ('mrg3', 'scan'): 696.322, ('mrg3', 'merge'): 696.377, ('mrg3', 'pack'): 696.402, ('mrg3', 'd2h'): 696.425}",0.2732500433921814,0.2084256011759862
Highly sparse,bcspwr09,1723,6511,0.21931944613334525,18485,18485,18485,18485,18485,0.0,,0.053999999999973625,0.16399999999998727,0.057999999999992724,0.038000000000010914,0.2759999999999536,0.496,,,,,0.549,0.462,0.39,0.325,,0.29700000000002547,0.3450000000000273,0.2740000000000009,0.19600000000002638,0.14199999999993906,"{('cu', 'start'): 677.866, ('cu', 'h2dmalloc'): 677.927, ('cu', 'h2d'): 677.947, ('cu', 'workest'): 678.001, ('cu', 'compute'): 678.165, ('cu', 'copy'): 678.223, ('cu', 'pack'): 678.244, ('cu', 'd2h'): 678.282, ('gust', 'start'): 678.369, ('gust', 'h2d'): 678.449, ('gust', 'count'): 678.472, ('gust', 'scan'): 678.511, ('gust', 'expand'): 678.538, ('gust', 'sort'): 678.666, ('gust', 'reduce'): 678.708, ('gust', 'final'): 678.773, ('gust', 'pack'): 678.794, ('gust', 'd2h'): 678.824, ('merge', 'start'): 678.924, ('merge', 'h2d'): 679.004, ('merge', 'count'): 679.031, ('merge', 'scan'): 679.07, ('merge', 'expand'): 679.102, ('merge', 'merge'): 679.191, ('merge', 'final'): 679.231, ('merge', 'compact'): 679.26, ('merge', 'pack'): 679.278, ('merge', 'd2h'): 679.301, ('mrg2', 'start'): 679.392, ('mrg2', 'h2d'): 679.466, ('mrg2', 'count'): 679.489, ('mrg2', 'scan'): 679.525, ('mrg2', 'merge'): 679.577, ('mrg2', 'final'): 679.613, ('mrg2', 'compact'): 679.643, ('mrg2', 'pack'): 679.662, ('mrg2', 'd2h'): 679.686, ('mrg3', 'start'): 679.787, ('mrg3', 'h2d'): 679.863, ('mrg3', 'count'): 679.897, ('mrg3', 'scan'): 679.947, ('mrg3', 'merge'): 679.986, ('mrg3', 'pack'): 680.005, ('mrg3', 'd2h'): 680.028}",0.3371860366314649,0.578124798182398
Highly sparse,bcsstm20,485,485,0.2061855670103093,485,485,485,485,485,0.0,,0.07000000000005002,0.17200000000002547,0.06200000000001182,0.027000000000043656,0.3040000000000873,0.564,,,,,0.517,0.423,0.4,0.337,,0.3310000000000173,0.2940000000000964,0.20799999999997,0.18800000000010186,0.1290000000000191,"{('cu', 'start'): 695.835, ('cu', 'h2dmalloc'): 695.907, ('cu', 'h2d'): 695.934, ('cu', 'workest'): 696.004, ('cu', 'compute'): 696.176, ('cu', 'copy'): 696.238, ('cu', 'pack'): 696.265, ('cu', 'd2h'): 696.292, ('gust', 'start'): 696.412, ('gust', 'h2d'): 696.502, ('gust', 'count'): 696.53, ('gust', 'scan'): 696.574, ('gust', 'expand'): 696.599, ('gust', 'sort'): 696.659, ('gust', 'reduce'): 696.707, ('gust', 'final'): 696.774, ('gust', 'pack'): 696.796, ('gust', 'd2h'): 696.807, ('merge', 'start'): 696.937, ('merge', 'h2d'): 697.029, ('merge', 'count'): 697.055, ('merge', 'scan'): 697.097, ('merge', 'expand'): 697.123, ('merge', 'merge'): 697.148, ('merge', 'final'): 697.191, ('merge', 'compact'): 697.217, ('merge', 'pack'): 697.237, ('merge', 'd2h'): 697.248, ('mrg2', 'start'): 697.366, ('mrg2', 'h2d'): 697.454, ('mrg2', 'count'): 697.478, ('mrg2', 'scan'): 697.519, ('mrg2', 'merge'): 697.548, ('mrg2', 'final'): 697.583, ('mrg2', 'compact'): 697.619, ('mrg2', 'pack'): 697.642, ('mrg2', 'd2h'): 697.654, ('mrg3', 'start'): 697.772, ('mrg3', 'h2d'): 697.859, ('mrg3', 'count'): 697.886, ('mrg3', 'scan'): 697.944, ('mrg3', 'merge'): 697.969, ('mrg3', 'pack'): 697.988, ('mrg3', 'd2h'): 697.999}",0.0646100379526615,0.1568031998351216
Highly sparse,bcsstk21,3600,26600,0.2052469135802469,93072,93072,93072,93072,93072,0.0,,0.06200000000001182,0.2519999999999527,0.06300000000010186,0.16600000000005366,0.3770000000000664,0.763,,,,,1.038,0.827,0.586,0.456,,0.42399999999997817,0.6559999999999491,0.48499999999989996,0.26900000000000546,0.20000000000004547,"{('cu', 'start'): 667.992, ('cu', 'h2dmalloc'): 668.056, ('cu', 'h2d'): 668.087, ('cu', 'workest'): 668.149, ('cu', 'compute'): 668.401, ('cu', 'copy'): 668.464, ('cu', 'pack'): 668.511, ('cu', 'd2h'): 668.677, ('gust', 'start'): 668.766, ('gust', 'h2d'): 668.863, ('gust', 'count'): 668.889, ('gust', 'scan'): 668.929, ('gust', 'expand'): 669.029, ('gust', 'sort'): 669.291, ('gust', 'reduce'): 669.405, ('gust', 'final'): 669.477, ('gust', 'pack'): 669.519, ('gust', 'd2h'): 669.589, ('merge', 'start'): 669.811, ('merge', 'h2d'): 669.921, ('merge', 'count'): 669.957, ('merge', 'scan'): 669.998, ('merge', 'expand'): 670.104, ('merge', 'merge'): 670.237, ('merge', 'final'): 670.284, ('merge', 'compact'): 670.381, ('merge', 'pack'): 670.406, ('merge', 'd2h'): 670.477, ('mrg2', 'start'): 670.645, ('mrg2', 'h2d'): 670.739, ('mrg2', 'count'): 670.766, ('mrg2', 'scan'): 670.806, ('mrg2', 'merge'): 670.854, ('mrg2', 'final'): 670.891, ('mrg2', 'compact'): 670.983, ('mrg2', 'pack'): 671.008, ('mrg2', 'd2h'): 671.081, ('mrg3', 'start'): 671.237, ('mrg3', 'h2d'): 671.324, ('mrg3', 'count'): 671.381, ('mrg3', 'scan'): 671.434, ('mrg3', 'merge'): 671.5, ('mrg3', 'pack'): 671.524, ('mrg3', 'd2h'): 671.594}",2.685170155018568,0.2135871986858546
Highly sparse,bcsstm19,817,817,0.12239902080783352,817,817,817,817,817,0.0,,0.06299999999998818,0.17599999999993088,0.06000000000005912,0.027000000000043656,0.29899999999997817,0.52,,,,,0.454,0.388,0.347,0.289,,0.32399999999995543,0.2619999999999436,0.20500000000004093,0.17099999999993543,0.1190000000000282,"{('cu', 'start'): 682.763, ('cu', 'h2dmalloc'): 682.826, ('cu', 'h2d'): 682.845, ('cu', 'workest'): 682.908, ('cu', 'compute'): 683.084, ('cu', 'copy'): 683.144, ('cu', 'pack'): 683.169, ('cu', 'd2h'): 683.196, ('gust', 'start'): 683.292, ('gust', 'h2d'): 683.373, ('gust', 'count'): 683.397, ('gust', 'scan'): 683.435, ('gust', 'expand'): 683.464, ('gust', 'sort'): 683.512, ('gust', 'reduce'): 683.555, ('gust', 'final'): 683.612, ('gust', 'pack'): 683.635, ('gust', 'd2h'): 683.646, ('merge', 'start'): 683.753, ('merge', 'h2d'): 683.832, ('merge', 'count'): 683.856, ('merge', 'scan'): 683.894, ('merge', 'expand'): 683.918, ('merge', 'merge'): 683.954, ('merge', 'final'): 683.993, ('merge', 'compact'): 684.018, ('merge', 'pack'): 684.037, ('merge', 'd2h'): 684.049, ('mrg2', 'start'): 684.148, ('mrg2', 'h2d'): 684.225, ('mrg2', 'count'): 684.249, ('mrg2', 'scan'): 684.285, ('mrg2', 'merge'): 684.31, ('mrg2', 'final'): 684.347, ('mrg2', 'compact'): 684.372, ('mrg2', 'pack'): 684.396, ('mrg2', 'd2h'): 684.408, ('mrg3', 'start'): 684.5, ('mrg3', 'h2d'): 684.573, ('mrg3', 'count'): 684.599, ('mrg3', 'scan'): 684.649, ('mrg3', 'merge'): 684.675, ('mrg3', 'pack'): 684.692, ('mrg3', 'd2h'): 684.704}",0.0757249072194099,0.173536000191234
Highly sparse,bcsstk25,15439,252241,0.10582233620331932,1168919,1168919,1168919,1168919,1168919,0.0,,0.15899999999999181,0.6349999999999909,0.15800000000001546,0.625,0.9519999999999982,1.925,,,,,2.575,4.172,1.728,1.818,,1.0310000000000628,1.8170000000000073,3.4329999999999927,0.9860000000001037,1.0810000000000173,"{('cu', 'start'): 755.099, ('cu', 'h2dmalloc'): 755.147, ('cu', 'h2d'): 755.241, ('cu', 'workest'): 755.4, ('cu', 'compute'): 756.035, ('cu', 'copy'): 756.193, ('cu', 'pack'): 756.272, ('cu', 'd2h'): 756.897, ('gust', 'start'): 757.032, ('gust', 'h2d'): 757.178, ('gust', 'count'): 757.247, ('gust', 'scan'): 757.291, ('gust', 'expand'): 757.483, ('gust', 'sort'): 758.307, ('gust', 'reduce'): 758.516, ('gust', 'final'): 758.924, ('gust', 'pack'): 758.995, ('gust', 'd2h'): 759.345, ('merge', 'start'): 759.613, ('merge', 'h2d'): 759.756, ('merge', 'count'): 759.838, ('merge', 'scan'): 759.882, ('merge', 'expand'): 760.288, ('merge', 'merge'): 762.73, ('merge', 'final'): 762.882, ('merge', 'compact'): 763.119, ('merge', 'pack'): 763.189, ('merge', 'd2h'): 763.539, ('mrg2', 'start'): 763.79, ('mrg2', 'h2d'): 763.93, ('mrg2', 'count'): 764.006, ('mrg2', 'scan'): 764.046, ('mrg2', 'merge'): 764.585, ('mrg2', 'final'): 764.621, ('mrg2', 'compact'): 764.843, ('mrg2', 'pack'): 764.916, ('mrg2', 'd2h'): 765.259, ('mrg3', 'start'): 765.525, ('mrg3', 'h2d'): 765.665, ('mrg3', 'count'): 766.065, ('mrg3', 'scan'): 766.117, ('mrg3', 'merge'): 766.681, ('mrg3', 'pack'): 766.746, ('mrg3', 'd2h'): 767.096}",177.74690710939467,0.4387488002888858
Highly sparse,bcsstk18,11948,149090,0.10443788948628972,713208,713208,713208,713208,713208,0.0,,0.12400000000002365,0.5099999999999909,0.18200000000001637,0.7989999999999782,0.8160000000000309,2.001,,,,,2.527,3.369,1.902,1.754,,0.9020000000000437,1.5710000000000264,2.4189999999999827,0.9550000000000409,0.8179999999999836,"{('cu', 'start'): 725.805, ('cu', 'h2dmalloc'): 725.865, ('cu', 'h2d'): 725.963, ('cu', 'workest'): 726.087, ('cu', 'compute'): 726.597, ('cu', 'copy'): 726.779, ('cu', 'pack'): 726.865, ('cu', 'd2h'): 727.664, ('gust', 'start'): 727.815, ('gust', 'h2d'): 727.977, ('gust', 'count'): 728.007, ('gust', 'scan'): 728.051, ('gust', 'expand'): 728.226, ('gust', 'sort'): 728.761, ('gust', 'reduce'): 728.945, ('gust', 'final'): 729.422, ('gust', 'pack'): 729.548, ('gust', 'd2h'): 730.07, ('merge', 'start'): 730.352, ('merge', 'h2d'): 730.523, ('merge', 'count'): 730.574, ('merge', 'scan'): 730.618, ('merge', 'expand'): 730.932, ('merge', 'merge'): 732.378, ('merge', 'final'): 732.572, ('merge', 'compact'): 732.853, ('merge', 'pack'): 732.942, ('merge', 'd2h'): 733.455, ('mrg2', 'start'): 733.728, ('mrg2', 'h2d'): 733.884, ('mrg2', 'count'): 733.924, ('mrg2', 'scan'): 733.969, ('mrg2', 'merge'): 734.404, ('mrg2', 'final'): 734.459, ('mrg2', 'compact'): 734.75, ('mrg2', 'pack'): 734.839, ('mrg2', 'd2h'): 735.35, ('mrg3', 'start'): 735.635, ('mrg3', 'h2d'): 735.791, ('mrg3', 'count'): 736.033, ('mrg3', 'scan'): 736.093, ('mrg3', 'merge'): 736.523, ('mrg3', 'pack'): 736.609, ('mrg3', 'd2h'): 737.126}",86.1555258743465,0.5056671985192224
Highly sparse,bcsstk32,44609,2014701,0.10124314474587429,6819653,6819653,6819653,6819653,6819653,0.0,,0.19499999999993634,7.628000000000156,0.2319999999999709,3.116999999999962,8.055000000000064,12.137,,,,,21.65,40.781,9.225,10.167,,8.125,17.670000000000073,36.697999999999865,5.468999999999824,7.023000000000138,"{('cu', 'start'): 1101.361, ('cu', 'h2dmalloc'): 1101.43, ('cu', 'h2d'): 1102.125, ('cu', 'workest'): 1102.32, ('cu', 'compute'): 1109.948, ('cu', 'copy'): 1110.18, ('cu', 'pack'): 1110.25, ('cu', 'd2h'): 1113.367, ('gust', 'start'): 1113.506, ('gust', 'h2d'): 1114.946, ('gust', 'count'): 1115.047, ('gust', 'scan'): 1115.09, ('gust', 'expand'): 1116.465, ('gust', 'sort'): 1129.767, ('gust', 'reduce'): 1131.018, ('gust', 'final'): 1132.524, ('gust', 'pack'): 1132.616, ('gust', 'd2h'): 1134.666, ('merge', 'start'): 1135.162, ('merge', 'h2d'): 1136.651, ('merge', 'count'): 1136.893, ('merge', 'scan'): 1136.938, ('merge', 'expand'): 1141.971, ('merge', 'merge'): 1172.156, ('merge', 'final'): 1172.687, ('merge', 'compact'): 1173.273, ('merge', 'pack'): 1173.349, ('merge', 'd2h'): 1175.53, ('mrg2', 'start'): 1175.949, ('mrg2', 'h2d'): 1177.266, ('mrg2', 'count'): 1177.438, ('mrg2', 'scan'): 1177.481, ('mrg2', 'merge'): 1181.955, ('mrg2', 'final'): 1181.995, ('mrg2', 'compact'): 1182.665, ('mrg2', 'pack'): 1182.735, ('mrg2', 'd2h'): 1184.772, ('mrg3', 'start'): 1185.18, ('mrg3', 'h2d'): 1185.992, ('mrg3', 'count'): 1188.585, ('mrg3', 'scan'): 1188.654, ('mrg3', 'merge'): 1192.935, ('mrg3', 'pack'): 1193.015, ('mrg3', 'd2h'): 1195.039}",4421.557090012357,1.7503168060444296
Extremely sparse,bcsstk31,35588,1181416,0.09328153508950845,4713580,4713580,4713580,4713580,4713580,0.0,,0.17400000000009186,4.515999999999963,0.2379999999999427,2.0039999999999054,4.927999999999997,7.578,,,,,11.554,22.354,5.677,6.371,,5.011000000000081,8.965000000000032,19.607999999999947,3.103999999999928,4.250999999999976,"{('cu', 'start'): 961.433, ('cu', 'h2dmalloc'): 961.489, ('cu', 'h2d'): 961.872, ('cu', 'workest'): 962.046, ('cu', 'compute'): 966.562, ('cu', 'copy'): 966.8, ('cu', 'pack'): 966.883, ('cu', 'd2h'): 968.887, ('gust', 'start'): 969.018, ('gust', 'h2d'): 969.823, ('gust', 'count'): 969.913, ('gust', 'scan'): 969.959, ('gust', 'expand'): 970.686, ('gust', 'sort'): 976.942, ('gust', 'reduce'): 977.629, ('gust', 'final'): 978.706, ('gust', 'pack'): 978.788, ('gust', 'd2h'): 980.195, ('merge', 'start'): 980.578, ('merge', 'h2d'): 981.485, ('merge', 'count'): 981.595, ('merge', 'scan'): 981.639, ('merge', 'expand'): 984.219, ('merge', 'merge'): 1000.227, ('merge', 'final'): 1000.559, ('merge', 'compact'): 1001.011, ('merge', 'pack'): 1001.093, ('merge', 'd2h'): 1002.546, ('mrg2', 'start'): 1002.938, ('mrg2', 'h2d'): 1003.783, ('mrg2', 'count'): 1003.919, ('mrg2', 'scan'): 1003.962, ('mrg2', 'merge'): 1006.348, ('mrg2', 'final'): 1006.391, ('mrg2', 'compact'): 1006.804, ('mrg2', 'pack'): 1006.887, ('mrg2', 'd2h'): 1008.283, ('mrg3', 'start'): 1008.62, ('mrg3', 'h2d'): 1009.059, ('mrg3', 'count'): 1010.619, ('mrg3', 'scan'): 1010.68, ('mrg3', 'merge'): 1013.231, ('mrg3', 'pack'): 1013.31, ('mrg3', 'd2h'): 1014.701}",2316.7010678444058,1.2418111887993293
Extremely sparse,bcsstm08,1074,1074,0.0931098696461825,1074,1074,1074,1074,1074,0.0,,0.06500000000005457,0.17599999999993088,0.06299999999998818,0.031000000000062755,0.3039999999999736,0.536,,,,,0.472,0.38,0.364,0.309,,0.3269999999999982,0.2680000000000291,0.19799999999997908,0.18700000000001182,0.12800000000004275,"{('cu', 'start'): 700.171, ('cu', 'h2dmalloc'): 700.233, ('cu', 'h2d'): 700.255, ('cu', 'workest'): 700.32, ('cu', 'compute'): 700.496, ('cu', 'copy'): 700.559, ('cu', 'pack'): 700.582, ('cu', 'd2h'): 700.613, ('gust', 'start'): 700.714, ('gust', 'h2d'): 700.803, ('gust', 'count'): 700.828, ('gust', 'scan'): 700.867, ('gust', 'expand'): 700.893, ('gust', 'sort'): 700.946, ('gust', 'reduce'): 700.995, ('gust', 'final'): 701.049, ('gust', 'pack'): 701.071, ('gust', 'd2h'): 701.083, ('merge', 'start'): 701.195, ('merge', 'h2d'): 701.275, ('merge', 'count'): 701.3, ('merge', 'scan'): 701.339, ('merge', 'expand'): 701.367, ('merge', 'merge'): 701.388, ('merge', 'final'): 701.428, ('merge', 'compact'): 701.454, ('merge', 'pack'): 701.473, ('merge', 'd2h'): 701.485, ('mrg2', 'start'): 701.583, ('mrg2', 'h2d'): 701.657, ('mrg2', 'count'): 701.68, ('mrg2', 'scan'): 701.721, ('mrg2', 'merge'): 701.756, ('mrg2', 'final'): 701.797, ('mrg2', 'compact'): 701.822, ('mrg2', 'pack'): 701.844, ('mrg2', 'd2h'): 701.856, ('mrg3', 'start'): 701.954, ('mrg3', 'h2d'): 702.031, ('mrg3', 'count'): 702.059, ('mrg3', 'scan'): 702.111, ('mrg3', 'merge'): 702.14, ('mrg3', 'pack'): 702.159, ('mrg3', 'd2h'): 702.173}",0.1300980802625417,0.1570624005049467
Extremely sparse,bcsstm09,1083,1083,0.09233610341643582,1083,1083,1083,1083,1083,0.0,,0.07600000000002183,0.16999999999995907,0.07100000000002638,0.033999999999991815,0.3170000000000073,0.554,,,,,0.494,0.427,0.367,0.315,,0.34400000000005093,0.29200000000003,0.22099999999988995,0.18599999999992178,0.1349999999999909,"{('cu', 'start'): 697.289, ('cu', 'h2dmalloc'): 697.353, ('cu', 'h2d'): 697.375, ('cu', 'workest'): 697.451, ('cu', 'compute'): 697.621, ('cu', 'copy'): 697.692, ('cu', 'pack'): 697.719, ('cu', 'd2h'): 697.753, ('gust', 'start'): 697.853, ('gust', 'h2d'): 697.939, ('gust', 'count'): 697.968, ('gust', 'scan'): 698.012, ('gust', 'expand'): 698.043, ('gust', 'sort'): 698.093, ('gust', 'reduce'): 698.142, ('gust', 'final'): 698.206, ('gust', 'pack'): 698.231, ('gust', 'd2h'): 698.243, ('merge', 'start'): 698.353, ('merge', 'h2d'): 698.44, ('merge', 'count'): 698.465, ('merge', 'scan'): 698.51, ('merge', 'expand'): 698.537, ('merge', 'merge'): 698.562, ('merge', 'final'): 698.603, ('merge', 'compact'): 698.639, ('merge', 'pack'): 698.661, ('merge', 'd2h'): 698.673, ('mrg2', 'start'): 698.786, ('mrg2', 'h2d'): 698.868, ('mrg2', 'count'): 698.894, ('mrg2', 'scan'): 698.935, ('mrg2', 'merge'): 698.967, ('mrg2', 'final'): 699.003, ('mrg2', 'compact'): 699.031, ('mrg2', 'pack'): 699.054, ('mrg2', 'd2h'): 699.066, ('mrg3', 'start'): 699.16, ('mrg3', 'h2d'): 699.236, ('mrg3', 'count'): 699.266, ('mrg3', 'scan'): 699.322, ('mrg3', 'merge'): 699.35, ('mrg3', 'pack'): 699.371, ('mrg3', 'd2h'): 699.384}",0.1266489271074533,0.1571424007415771
Extremely sparse,bcspwr10,5300,21842,0.07775720897116412,60498,60498,60498,60498,60498,0.0,,0.06500000000005457,0.26299999999991996,0.06600000000003092,0.15599999999994907,0.39400000000000546,0.754,,,,,0.936,0.704,0.465,0.446,,0.41700000000003,0.6850000000000591,0.4630000000000791,0.22500000000002274,0.19400000000007367,"{('cu', 'start'): 682.678, ('cu', 'h2dmalloc'): 682.74, ('cu', 'h2d'): 682.77, ('cu', 'workest'): 682.835, ('cu', 'compute'): 683.098, ('cu', 'copy'): 683.164, ('cu', 'pack'): 683.187, ('cu', 'd2h'): 683.343, ('gust', 'start'): 683.443, ('gust', 'h2d'): 683.534, ('gust', 'count'): 683.563, ('gust', 'scan'): 683.606, ('gust', 'expand'): 683.639, ('gust', 'sort'): 683.922, ('gust', 'reduce'): 684.036, ('gust', 'final'): 684.185, ('gust', 'pack'): 684.219, ('gust', 'd2h'): 684.269, ('merge', 'start'): 684.387, ('merge', 'h2d'): 684.477, ('merge', 'count'): 684.507, ('merge', 'scan'): 684.548, ('merge', 'expand'): 684.589, ('merge', 'merge'): 684.744, ('merge', 'final'): 684.791, ('merge', 'compact'): 684.9, ('merge', 'pack'): 684.94, ('merge', 'd2h'): 684.991, ('mrg2', 'start'): 685.099, ('mrg2', 'h2d'): 685.187, ('mrg2', 'count'): 685.214, ('mrg2', 'scan'): 685.253, ('mrg2', 'merge'): 685.309, ('mrg2', 'final'): 685.347, ('mrg2', 'compact'): 685.377, ('mrg2', 'pack'): 685.412, ('mrg2', 'd2h'): 685.462, ('mrg3', 'start'): 685.573, ('mrg3', 'h2d'): 685.661, ('mrg3', 'count'): 685.715, ('mrg3', 'scan'): 685.773, ('mrg3', 'merge'): 685.833, ('mrg3', 'pack'): 685.855, ('mrg3', 'd2h'): 685.913}",7.620363961905241,0.2363711996236816
Extremely sparse,bcsstm11,1473,1473,0.0678886625933469,1473,1473,1473,1473,1473,0.0,,0.06100000000003547,0.17300000000000182,0.06200000000001182,0.028999999999996362,0.2960000000000491,0.527,,,,,0.47,0.388,0.341,0.305,,0.32000000000005,0.2660000000000764,0.19500000000005002,0.15999999999996817,0.1229999999999336,"{('cu', 'start'): 667.287, ('cu', 'h2dmalloc'): 667.349, ('cu', 'h2d'): 667.371, ('cu', 'workest'): 667.432, ('cu', 'compute'): 667.605, ('cu', 'copy'): 667.667, ('cu', 'pack'): 667.691, ('cu', 'd2h'): 667.72, ('gust', 'start'): 667.822, ('gust', 'h2d'): 667.911, ('gust', 'count'): 667.935, ('gust', 'scan'): 667.974, ('gust', 'expand'): 668.003, ('gust', 'sort'): 668.051, ('gust', 'reduce'): 668.093, ('gust', 'final'): 668.155, ('gust', 'pack'): 668.177, ('gust', 'd2h'): 668.187, ('merge', 'start'): 668.3, ('merge', 'h2d'): 668.386, ('merge', 'count'): 668.41, ('merge', 'scan'): 668.446, ('merge', 'expand'): 668.47, ('merge', 'merge'): 668.492, ('merge', 'final'): 668.535, ('merge', 'compact'): 668.562, ('merge', 'pack'): 668.581, ('merge', 'd2h'): 668.6, ('mrg2', 'start'): 668.693, ('mrg2', 'h2d'): 668.777, ('mrg2', 'count'): 668.801, ('mrg2', 'scan'): 668.836, ('mrg2', 'merge'): 668.861, ('mrg2', 'final'): 668.892, ('mrg2', 'compact'): 668.919, ('mrg2', 'pack'): 668.937, ('mrg2', 'd2h'): 668.949, ('mrg3', 'start'): 669.044, ('mrg3', 'h2d'): 669.124, ('mrg3', 'count'): 669.149, ('mrg3', 'scan'): 669.202, ('mrg3', 'merge'): 669.227, ('mrg3', 'pack'): 669.247, ('mrg3', 'd2h'): 669.257}",0.2223190385848283,0.1721312007633968
Extremely sparse,bcsstm26,1922,1922,0.052029136316337155,1922,1922,1922,1922,1922,0.0,,0.06500000000005457,0.17499999999995453,0.06299999999998818,0.029999999999972715,0.30299999999999727,0.543,,,,,0.484,0.389,0.36,0.321,,0.32600000000002183,0.2680000000000291,0.20100000000002183,0.17599999999993088,0.13799999999991996,"{('cu', 'start'): 676.446, ('cu', 'h2dmalloc'): 676.509, ('cu', 'h2d'): 676.539, ('cu', 'workest'): 676.604, ('cu', 'compute'): 676.779, ('cu', 'copy'): 676.842, ('cu', 'pack'): 676.865, ('cu', 'd2h'): 676.895, ('gust', 'start'): 676.99, ('gust', 'h2d'): 677.079, ('gust', 'count'): 677.106, ('gust', 'scan'): 677.146, ('gust', 'expand'): 677.171, ('gust', 'sort'): 677.219, ('gust', 'reduce'): 677.263, ('gust', 'final'): 677.323, ('gust', 'pack'): 677.347, ('gust', 'd2h'): 677.358, ('merge', 'start'): 677.483, ('merge', 'h2d'): 677.568, ('merge', 'count'): 677.593, ('merge', 'scan'): 677.632, ('merge', 'expand'): 677.658, ('merge', 'merge'): 677.68, ('merge', 'final'): 677.721, ('merge', 'compact'): 677.75, ('merge', 'pack'): 677.769, ('merge', 'd2h'): 677.781, ('mrg2', 'start'): 677.881, ('mrg2', 'h2d'): 677.964, ('mrg2', 'count'): 677.988, ('mrg2', 'scan'): 678.025, ('mrg2', 'merge'): 678.051, ('mrg2', 'final'): 678.092, ('mrg2', 'compact'): 678.12, ('mrg2', 'pack'): 678.14, ('mrg2', 'd2h'): 678.153, ('mrg3', 'start'): 678.246, ('mrg3', 'h2d'): 678.325, ('mrg3', 'count'): 678.354, ('mrg3', 'scan'): 678.404, ('mrg3', 'merge'): 678.434, ('mrg3', 'pack'): 678.463, ('mrg3', 'd2h'): 678.476}",0.505893025547266,0.1759296005126088
Extremely sparse,bcsstm23,3134,3134,0.031908104658583285,3134,3134,3134,3134,3134,0.0,,0.053999999999973625,0.17000000000007276,0.06200000000001182,0.029999999999972715,0.2860000000000582,0.507,,,,,0.56,0.391,0.373,0.317,,0.31100000000003547,0.3350000000000364,0.20699999999999363,0.18200000000001637,0.13600000000008095,"{('cu', 'start'): 667.391, ('cu', 'h2dmalloc'): 667.454, ('cu', 'h2d'): 667.472, ('cu', 'workest'): 667.526, ('cu', 'compute'): 667.696, ('cu', 'copy'): 667.758, ('cu', 'pack'): 667.783, ('cu', 'd2h'): 667.813, ('gust', 'start'): 667.908, ('gust', 'h2d'): 668.016, ('gust', 'count'): 668.042, ('gust', 'scan'): 668.08, ('gust', 'expand'): 668.113, ('gust', 'sort'): 668.225, ('gust', 'reduce'): 668.271, ('gust', 'final'): 668.328, ('gust', 'pack'): 668.351, ('gust', 'd2h'): 668.363, ('merge', 'start'): 668.478, ('merge', 'h2d'): 668.558, ('merge', 'count'): 668.588, ('merge', 'scan'): 668.625, ('merge', 'expand'): 668.651, ('merge', 'merge'): 668.679, ('merge', 'final'): 668.717, ('merge', 'compact'): 668.745, ('merge', 'pack'): 668.765, ('merge', 'd2h'): 668.778, ('mrg2', 'start'): 668.875, ('mrg2', 'h2d'): 668.961, ('mrg2', 'count'): 668.987, ('mrg2', 'scan'): 669.024, ('mrg2', 'merge'): 669.056, ('mrg2', 'final'): 669.091, ('mrg2', 'compact'): 669.125, ('mrg2', 'pack'): 669.143, ('mrg2', 'd2h'): 669.157, ('mrg3', 'start'): 669.257, ('mrg3', 'h2d'): 669.334, ('mrg3', 'count'): 669.368, ('mrg3', 'scan'): 669.418, ('mrg3', 'merge'): 669.451, ('mrg3', 'pack'): 669.47, ('mrg3', 'd2h'): 669.483}",1.799254911020398,0.1638431999832391
Extremely sparse,bcsstm24,3562,3562,0.028074115665356544,3562,3562,3562,3562,3562,0.0,,0.05899999999996908,0.17700000000002092,0.06299999999998818,0.027000000000043656,0.29899999999997817,0.52,,,,,0.543,0.415,0.351,0.331,,0.32399999999995543,0.3350000000000364,0.2300000000000182,0.17599999999993088,0.1490000000000009,"{('cu', 'start'): 683.344, ('cu', 'h2dmalloc'): 683.407, ('cu', 'h2d'): 683.427, ('cu', 'workest'): 683.486, ('cu', 'compute'): 683.663, ('cu', 'copy'): 683.726, ('cu', 'pack'): 683.751, ('cu', 'd2h'): 683.778, ('gust', 'start'): 683.871, ('gust', 'h2d'): 683.949, ('gust', 'count'): 683.973, ('gust', 'scan'): 684.015, ('gust', 'expand'): 684.045, ('gust', 'sort'): 684.161, ('gust', 'reduce'): 684.205, ('gust', 'final'): 684.262, ('gust', 'pack'): 684.284, ('gust', 'd2h'): 684.309, ('merge', 'start'): 684.422, ('merge', 'h2d'): 684.502, ('merge', 'count'): 684.541, ('merge', 'scan'): 684.58, ('merge', 'expand'): 684.612, ('merge', 'merge'): 684.635, ('merge', 'final'): 684.676, ('merge', 'compact'): 684.713, ('merge', 'pack'): 684.732, ('merge', 'd2h'): 684.746, ('mrg2', 'start'): 684.847, ('mrg2', 'h2d'): 684.922, ('mrg2', 'count'): 684.949, ('mrg2', 'scan'): 684.985, ('mrg2', 'merge'): 685.016, ('mrg2', 'final'): 685.051, ('mrg2', 'compact'): 685.078, ('mrg2', 'pack'): 685.098, ('mrg2', 'd2h'): 685.111, ('mrg3', 'start'): 685.205, ('mrg3', 'h2d'): 685.279, ('mrg3', 'count'): 685.324, ('mrg3', 'scan'): 685.376, ('mrg3', 'merge'): 685.41, ('mrg3', 'pack'): 685.428, ('mrg3', 'd2h'): 685.443}",2.6030661538243294,0.165020798635669
Extremely sparse,bcsstm21,3600,3600,0.027777777777777776,3600,3600,3600,3600,3600,0.0,,0.05700000000001637,0.18100000000004002,0.06099999999992178,0.029999999999972715,0.29899999999997817,0.524,,,,,0.542,0.411,0.352,0.316,,0.32200000000000273,0.3389999999999418,0.22299999999995634,0.17200000000002547,0.13800000000003365,"{('cu', 'start'): 693.817, ('cu', 'h2dmalloc'): 693.882, ('cu', 'h2d'): 693.9, ('cu', 'workest'): 693.957, ('cu', 'compute'): 694.138, ('cu', 'copy'): 694.199, ('cu', 'pack'): 694.222, ('cu', 'd2h'): 694.252, ('gust', 'start'): 694.352, ('gust', 'h2d'): 694.437, ('gust', 'count'): 694.466, ('gust', 'scan'): 694.504, ('gust', 'expand'): 694.531, ('gust', 'sort'): 694.656, ('gust', 'reduce'): 694.7, ('gust', 'final'): 694.754, ('gust', 'pack'): 694.776, ('gust', 'd2h'): 694.791, ('merge', 'start'): 694.9, ('merge', 'h2d'): 694.98, ('merge', 'count'): 695.013, ('merge', 'scan'): 695.048, ('merge', 'expand'): 695.076, ('merge', 'merge'): 695.116, ('merge', 'final'): 695.156, ('merge', 'compact'): 695.184, ('merge', 'pack'): 695.203, ('merge', 'd2h'): 695.219, ('mrg2', 'start'): 695.321, ('mrg2', 'h2d'): 695.4, ('mrg2', 'count'): 695.426, ('mrg2', 'scan'): 695.463, ('mrg2', 'merge'): 695.489, ('mrg2', 'final'): 695.525, ('mrg2', 'compact'): 695.552, ('mrg2', 'pack'): 695.572, ('mrg2', 'd2h'): 695.584, ('mrg3', 'start'): 695.679, ('mrg3', 'h2d'): 695.754, ('mrg3', 'count'): 695.789, ('mrg3', 'scan'): 695.841, ('mrg3', 'merge'): 695.874, ('mrg3', 'pack'): 695.892, ('mrg3', 'd2h'): 695.906}",2.703153993934393,0.1610048001632094
Extremely sparse,bcsstm25,15439,15439,0.006477103439341926,15439,15439,15439,15439,15439,0.0,,0.08400000000006003,0.18999999999994088,0.08400000000006003,0.03899999999998727,0.35800000000006094,0.606,,,,,0.679,0.539,0.42,0.454,,0.3849999999999909,0.43200000000001637,0.3079999999999927,0.21199999999998909,0.25,"{('cu', 'start'): 731.219, ('cu', 'h2dmalloc'): 731.283, ('cu', 'h2d'): 731.313, ('cu', 'workest'): 731.397, ('cu', 'compute'): 731.587, ('cu', 'copy'): 731.671, ('cu', 'pack'): 731.698, ('cu', 'd2h'): 731.737, ('gust', 'start'): 731.836, ('gust', 'h2d'): 731.944, ('gust', 'count'): 731.983, ('gust', 'scan'): 732.04, ('gust', 'expand'): 732.087, ('gust', 'sort'): 732.228, ('gust', 'reduce'): 732.278, ('gust', 'final'): 732.341, ('gust', 'pack'): 732.376, ('gust', 'd2h'): 732.402, ('merge', 'start'): 732.526, ('merge', 'h2d'): 732.639, ('merge', 'count'): 732.726, ('merge', 'scan'): 732.769, ('merge', 'expand'): 732.803, ('merge', 'merge'): 732.835, ('merge', 'final'): 732.88, ('merge', 'compact'): 732.921, ('merge', 'pack'): 732.947, ('merge', 'd2h'): 732.974, ('mrg2', 'start'): 733.074, ('mrg2', 'h2d'): 733.165, ('mrg2', 'count'): 733.2, ('mrg2', 'scan'): 733.242, ('mrg2', 'merge'): 733.277, ('mrg2', 'final'): 733.316, ('mrg2', 'compact'): 733.353, ('mrg2', 'pack'): 733.377, ('mrg2', 'd2h'): 733.403, ('mrg3', 'start'): 733.502, ('mrg3', 'h2d'): 733.589, ('mrg3', 'count'): 733.678, ('mrg3', 'scan'): 733.743, ('mrg3', 'merge'): 733.809, ('mrg3', 'pack'): 733.839, ('mrg3', 'd2h'): 733.864}",177.74743493646383,0.1720575999934226
