class,name,n,A_nnz,density_pct,cu_cnnz,man_cnnz,merge_cnnz,merge2_cnnz,merge3_cnnz,cnnz_gap_pct,buf2,cu_we,cu_compute,cu_copy,cu_d2h,cu_kernel,cu_time,cu_write,man_count,man_fill,man_kernel,man_time,merge_time,merge2_time,merge3_time,man_write,cu_compute_t,man_compute_t,merge_compute_t,merge2_compute_t,merge3_compute_t,phases,cublas_ms,ocean_ms
Dense,bcsstk02,66,4356,100.0,4356,4356,4356,4356,4356,0.0,,0.07799999999997453,0.2259999999999991,0.06500000000005457,0.11899999999991451,0.3690000000000282,0.703,,,,,1.183,1.967,0.62,0.364,,0.40200000000004366,0.9080000000000155,1.7789999999999964,0.43200000000001637,0.1710000000000491,"{('cu', 'start'): 693.616, ('cu', 'h2dmalloc'): 693.688, ('cu', 'h2d'): 693.707, ('cu', 'workest'): 693.785, ('cu', 'compute'): 694.011, ('cu', 'copy'): 694.076, ('cu', 'pack'): 694.109, ('cu', 'd2h'): 694.228, ('gust', 'start'): 694.328, ('gust', 'h2d'): 694.411, ('gust', 'count'): 694.442, ('gust', 'scan'): 694.49, ('gust', 'expand'): 694.602, ('gust', 'sort'): 694.9, ('gust', 'reduce'): 695.072, ('gust', 'final'): 695.29, ('gust', 'pack'): 695.319, ('gust', 'd2h'): 695.341, ('merge', 'start'): 695.517, ('merge', 'h2d'): 695.597, ('merge', 'count'): 695.627, ('merge', 'scan'): 695.681, ('merge', 'expand'): 696.157, ('merge', 'merge'): 697.045, ('merge', 'final'): 697.179, ('merge', 'compact'): 697.345, ('merge', 'pack'): 697.376, ('merge', 'd2h'): 697.391, ('mrg2', 'start'): 697.491, ('mrg2', 'h2d'): 697.569, ('mrg2', 'count'): 697.598, ('mrg2', 'scan'): 697.641, ('mrg2', 'merge'): 697.822, ('mrg2', 'final'): 697.87, ('mrg2', 'compact'): 697.972, ('mrg2', 'pack'): 698.001, ('mrg2', 'd2h'): 698.015, ('mrg3', 'start'): 698.12, ('mrg3', 'h2d'): 698.197, ('mrg3', 'count'): 698.237, ('mrg3', 'scan'): 698.295, ('mrg3', 'merge'): 698.341, ('mrg3', 'pack'): 698.368, ('mrg3', 'd2h'): 698.382}",0.048649962991476,0.8525631960714236
Dense,can_24,24,160,27.77777777777778,336,336,336,336,336,0.0,,0.057999999999992724,0.17499999999995453,0.05700000000001637,0.027999999999906322,0.2899999999999636,0.51,,,,,0.456,0.417,0.35,0.301,,0.3129999999999882,0.26400000000001,0.24299999999993815,0.17700000000002092,0.12400000000002365,"{('cu', 'start'): 687.711, ('cu', 'h2dmalloc'): 687.776, ('cu', 'h2d'): 687.791, ('cu', 'workest'): 687.849, ('cu', 'compute'): 688.024, ('cu', 'copy'): 688.081, ('cu', 'pack'): 688.104, ('cu', 'd2h'): 688.132, ('gust', 'start'): 688.231, ('gust', 'h2d'): 688.314, ('gust', 'count'): 688.339, ('gust', 'scan'): 688.377, ('gust', 'expand'): 688.402, ('gust', 'sort'): 688.45, ('gust', 'reduce'): 688.493, ('gust', 'final'): 688.556, ('gust', 'pack'): 688.578, ('gust', 'd2h'): 688.588, ('merge', 'start'): 688.694, ('merge', 'h2d'): 688.767, ('merge', 'count'): 688.791, ('merge', 'scan'): 688.827, ('merge', 'expand'): 688.865, ('merge', 'merge'): 688.916, ('merge', 'final'): 688.957, ('merge', 'compact'): 688.983, ('merge', 'pack'): 689.01, ('merge', 'd2h'): 689.022, ('mrg2', 'start'): 689.119, ('mrg2', 'h2d'): 689.191, ('mrg2', 'count'): 689.214, ('mrg2', 'scan'): 689.25, ('mrg2', 'merge'): 689.287, ('mrg2', 'final'): 689.323, ('mrg2', 'compact'): 689.35, ('mrg2', 'pack'): 689.368, ('mrg2', 'd2h'): 689.379, ('mrg3', 'start'): 689.476, ('mrg3', 'h2d'): 689.548, ('mrg3', 'count'): 689.575, ('mrg3', 'scan'): 689.625, ('mrg3', 'merge'): 689.654, ('mrg3', 'pack'): 689.672, ('mrg3', 'd2h'): 689.683}",0.0485549680888652,0.1993376006837934
Dense,bcsstk04,132,3648,20.9366391184573,11968,11968,11968,11968,11968,0.0,,0.06600000000003092,0.26099999999996726,0.06600000000003092,0.12000000000000455,0.3930000000000291,0.706,,,,,0.873,1.308,0.504,0.375,,0.4130000000000109,0.6620000000000346,1.115000000000009,0.30700000000001637,0.17599999999993088,"{('cu', 'start'): 688.368, ('cu', 'h2dmalloc'): 688.44, ('cu', 'h2d'): 688.457, ('cu', 'workest'): 688.523, ('cu', 'compute'): 688.784, ('cu', 'copy'): 688.85, ('cu', 'pack'): 688.87, ('cu', 'd2h'): 688.99, ('gust', 'start'): 689.085, ('gust', 'h2d'): 689.169, ('gust', 'count'): 689.196, ('gust', 'scan'): 689.238, ('gust', 'expand'): 689.279, ('gust', 'sort'): 689.555, ('gust', 'reduce'): 689.671, ('gust', 'final'): 689.808, ('gust', 'pack'): 689.831, ('gust', 'd2h'): 689.857, ('merge', 'start'): 689.964, ('merge', 'h2d'): 690.043, ('merge', 'count'): 690.068, ('merge', 'scan'): 690.109, ('merge', 'expand'): 690.282, ('merge', 'merge'): 690.987, ('merge', 'final'): 691.033, ('merge', 'compact'): 691.134, ('merge', 'pack'): 691.158, ('merge', 'd2h'): 691.176, ('mrg2', 'start'): 691.279, ('mrg2', 'h2d'): 691.356, ('mrg2', 'count'): 691.388, ('mrg2', 'scan'): 691.428, ('mrg2', 'merge'): 691.582, ('mrg2', 'final'): 691.619, ('mrg2', 'compact'): 691.644, ('mrg2', 'pack'): 691.663, ('mrg2', 'd2h'): 691.68, ('mrg3', 'start'): 691.79, ('mrg3', 'h2d'): 691.868, ('mrg3', 'count'): 691.912, ('mrg3', 'scan'): 691.971, ('mrg3', 'merge'): 692.024, ('mrg3', 'pack'): 692.044, ('mrg3', 'd2h'): 692.062}",0.032111071050167,0.5095199995441362
Dense,bcsstk01,48,400,17.36111111111111,1292,1292,1292,1292,1292,0.0,,0.06399999999996453,0.15800000000001546,0.057999999999992724,0.02800000000002001,0.2799999999999727,0.517,,,,,0.54,0.469,0.394,0.328,,0.3039999999999736,0.33399999999994634,0.26400000000001,0.20100000000002183,0.1369999999999436,"{('cu', 'start'): 673.583, ('cu', 'h2dmalloc'): 673.649, ('cu', 'h2d'): 673.667, ('cu', 'workest'): 673.731, ('cu', 'compute'): 673.889, ('cu', 'copy'): 673.947, ('cu', 'pack'): 673.971, ('cu', 'd2h'): 673.999, ('gust', 'start'): 674.105, ('gust', 'h2d'): 674.186, ('gust', 'count'): 674.211, ('gust', 'scan'): 674.252, ('gust', 'expand'): 674.279, ('gust', 'sort'): 674.393, ('gust', 'reduce'): 674.439, ('gust', 'final'): 674.496, ('gust', 'pack'): 674.52, ('gust', 'd2h'): 674.532, ('merge', 'start'): 674.654, ('merge', 'h2d'): 674.74, ('merge', 'count'): 674.765, ('merge', 'scan'): 674.803, ('merge', 'expand'): 674.841, ('merge', 'merge'): 674.914, ('merge', 'final'): 674.956, ('merge', 'compact'): 674.985, ('merge', 'pack'): 675.004, ('merge', 'd2h'): 675.016, ('mrg2', 'start'): 675.128, ('mrg2', 'h2d'): 675.206, ('mrg2', 'count'): 675.23, ('mrg2', 'scan'): 675.268, ('mrg2', 'merge'): 675.322, ('mrg2', 'final'): 675.361, ('mrg2', 'compact'): 675.386, ('mrg2', 'pack'): 675.407, ('mrg2', 'd2h'): 675.418, ('mrg3', 'start'): 675.531, ('mrg3', 'h2d'): 675.605, ('mrg3', 'count'): 675.636, ('mrg3', 'scan'): 675.69, ('mrg3', 'merge'): 675.722, ('mrg3', 'pack'): 675.742, ('mrg3', 'd2h'): 675.755}",0.0481798779219388,0.3173503999831155
Dense,can_61,61,557,14.969094329481322,1793,1793,1793,1793,1793,0.0,,0.07299999999997908,0.17999999999994998,0.06600000000003092,0.03199999999992542,0.31899999999996,0.565,,,,,0.588,0.577,0.412,0.335,,0.34699999999998,0.3729999999999336,0.375,0.21899999999993724,0.14600000000007185,"{('cu', 'start'): 696.965, ('cu', 'h2dmalloc'): 697.029, ('cu', 'h2d'): 697.046, ('cu', 'workest'): 697.119, ('cu', 'compute'): 697.299, ('cu', 'copy'): 697.365, ('cu', 'pack'): 697.393, ('cu', 'd2h'): 697.425, ('gust', 'start'): 697.541, ('gust', 'h2d'): 697.629, ('gust', 'count'): 697.655, ('gust', 'scan'): 697.701, ('gust', 'expand'): 697.731, ('gust', 'sort'): 697.861, ('gust', 'reduce'): 697.911, ('gust', 'final'): 697.976, ('gust', 'pack'): 698.002, ('gust', 'd2h'): 698.015, ('merge', 'start'): 698.137, ('merge', 'h2d'): 698.222, ('merge', 'count'): 698.249, ('merge', 'scan'): 698.291, ('merge', 'expand'): 698.345, ('merge', 'merge'): 698.5, ('merge', 'final'): 698.547, ('merge', 'compact'): 698.574, ('merge', 'pack'): 698.597, ('merge', 'd2h'): 698.611, ('mrg2', 'start'): 698.72, ('mrg2', 'h2d'): 698.801, ('mrg2', 'count'): 698.826, ('mrg2', 'scan'): 698.869, ('mrg2', 'merge'): 698.928, ('mrg2', 'final'): 698.969, ('mrg2', 'compact'): 698.995, ('mrg2', 'pack'): 699.02, ('mrg2', 'd2h'): 699.032, ('mrg3', 'start'): 699.138, ('mrg3', 'h2d'): 699.217, ('mrg3', 'count'): 699.247, ('mrg3', 'scan'): 699.305, ('mrg3', 'merge'): 699.34, ('mrg3', 'pack'): 699.363, ('mrg3', 'd2h'): 699.375}",0.0485938508063554,0.3232320002978667
Dense,bcsstk05,153,2423,10.350719808620616,7245,7245,7245,7245,7245,0.0,,0.08299999999996999,0.18900000000007822,0.07399999999995543,0.04600000000004911,0.34600000000000364,0.655,,,,,0.689,0.709,0.513,0.455,,0.375,0.41399999999998727,0.4570000000001073,0.2580000000000382,0.19499999999993634,"{('cu', 'start'): 676.385, ('cu', 'h2dmalloc'): 676.47, ('cu', 'h2d'): 676.495, ('cu', 'workest'): 676.578, ('cu', 'compute'): 676.767, ('cu', 'copy'): 676.841, ('cu', 'pack'): 676.87, ('cu', 'd2h'): 676.916, ('gust', 'start'): 677.051, ('gust', 'h2d'): 677.168, ('gust', 'count'): 677.2, ('gust', 'scan'): 677.253, ('gust', 'expand'): 677.289, ('gust', 'sort'): 677.429, ('gust', 'reduce'): 677.483, ('gust', 'final'): 677.552, ('gust', 'pack'): 677.582, ('gust', 'd2h'): 677.61, ('merge', 'start'): 677.75, ('merge', 'h2d'): 677.858, ('merge', 'count'): 677.89, ('merge', 'scan'): 677.952, ('merge', 'expand'): 678.024, ('merge', 'merge'): 678.206, ('merge', 'final'): 678.255, ('merge', 'compact'): 678.287, ('merge', 'pack'): 678.315, ('merge', 'd2h'): 678.332, ('mrg2', 'start'): 678.47, ('mrg2', 'h2d'): 678.574, ('mrg2', 'count'): 678.604, ('mrg2', 'scan'): 678.656, ('mrg2', 'merge'): 678.728, ('mrg2', 'final'): 678.773, ('mrg2', 'compact'): 678.804, ('mrg2', 'pack'): 678.832, ('mrg2', 'd2h'): 678.85, ('mrg3', 'start'): 678.993, ('mrg3', 'h2d'): 679.104, ('mrg3', 'count'): 679.148, ('mrg3', 'scan'): 679.217, ('mrg3', 'merge'): 679.269, ('mrg3', 'pack'): 679.299, ('mrg3', 'd2h'): 679.317}",0.0504700001329183,0.3450847998959944
Mildly sparse,bcspwr01,39,131,8.61275476660092,275,275,275,275,275,0.0,,0.05400000000008731,0.14699999999993452,0.05200000000002092,0.02500000000009095,0.25300000000004275,0.463,,,,,0.424,0.363,0.336,0.286,,0.2740000000000009,0.2399999999998954,0.19299999999998363,0.16899999999998272,0.11599999999998545,"{('cu', 'start'): 680.686, ('cu', 'h2dmalloc'): 680.748, ('cu', 'h2d'): 680.762, ('cu', 'workest'): 680.816, ('cu', 'compute'): 680.963, ('cu', 'copy'): 681.015, ('cu', 'pack'): 681.036, ('cu', 'd2h'): 681.061, ('gust', 'start'): 681.159, ('gust', 'h2d'): 681.238, ('gust', 'count'): 681.262, ('gust', 'scan'): 681.298, ('gust', 'expand'): 681.321, ('gust', 'sort'): 681.367, ('gust', 'reduce'): 681.408, ('gust', 'final'): 681.459, ('gust', 'pack'): 681.478, ('gust', 'd2h'): 681.488, ('merge', 'start'): 681.589, ('merge', 'h2d'): 681.664, ('merge', 'count'): 681.686, ('merge', 'scan'): 681.72, ('merge', 'expand'): 681.746, ('merge', 'merge'): 681.779, ('merge', 'final'): 681.815, ('merge', 'compact'): 681.839, ('merge', 'pack'): 681.857, ('merge', 'd2h'): 681.867, ('mrg2', 'start'): 681.958, ('mrg2', 'h2d'): 682.029, ('mrg2', 'count'): 682.05, ('mrg2', 'scan'): 682.084, ('mrg2', 'merge'): 682.124, ('mrg2', 'final'): 682.156, ('mrg2', 'compact'): 682.179, ('mrg2', 'pack'): 682.198, ('mrg2', 'd2h'): 682.208, ('mrg3', 'start'): 682.303, ('mrg3', 'h2d'): 682.376, ('mrg3', 'count'): 682.401, ('mrg3', 'scan'): 682.45, ('mrg3', 'merge'): 682.475, ('mrg3', 'pack'): 682.492, ('mrg3', 'd2h'): 682.502}",0.048565911129117,0.194127999455668
Mildly sparse,can_96,96,768,8.333333333333332,1920,1920,1920,1920,1920,0.0,,0.06000000000005912,0.15800000000001546,0.057999999999992724,0.026000000000067303,0.2760000000000673,0.508,,,,,0.525,0.418,0.365,0.307,,0.29700000000002547,0.32399999999995543,0.2259999999999991,0.17899999999997362,0.12400000000002365,"{('cu', 'start'): 676.205, ('cu', 'h2dmalloc'): 676.268, ('cu', 'h2d'): 676.286, ('cu', 'workest'): 676.346, ('cu', 'compute'): 676.504, ('cu', 'copy'): 676.562, ('cu', 'pack'): 676.583, ('cu', 'd2h'): 676.609, ('gust', 'start'): 676.725, ('gust', 'h2d'): 676.807, ('gust', 'count'): 676.829, ('gust', 'scan'): 676.87, ('gust', 'expand'): 676.894, ('gust', 'sort'): 677.009, ('gust', 'reduce'): 677.052, ('gust', 'final'): 677.109, ('gust', 'pack'): 677.131, ('gust', 'd2h'): 677.142, ('merge', 'start'): 677.256, ('merge', 'h2d'): 677.334, ('merge', 'count'): 677.354, ('merge', 'scan'): 677.392, ('merge', 'expand'): 677.422, ('merge', 'merge'): 677.474, ('merge', 'final'): 677.515, ('merge', 'compact'): 677.541, ('merge', 'pack'): 677.56, ('merge', 'd2h'): 677.571, ('mrg2', 'start'): 677.68, ('mrg2', 'h2d'): 677.759, ('mrg2', 'count'): 677.782, ('mrg2', 'scan'): 677.819, ('mrg2', 'merge'): 677.859, ('mrg2', 'final'): 677.895, ('mrg2', 'compact'): 677.918, ('mrg2', 'pack'): 677.938, ('mrg2', 'd2h'): 677.95, ('mrg3', 'start'): 678.051, ('mrg3', 'h2d'): 678.126, ('mrg3', 'count'): 678.151, ('mrg3', 'scan'): 678.203, ('mrg3', 'merge'): 678.232, ('mrg3', 'pack'): 678.25, ('mrg3', 'd2h'): 678.261}",0.0494441483169794,0.3179648005403578
Mildly sparse,arc130,130,1282,7.585798816568047,15631,15631,15631,15631,15631,0.0,,0.06399999999996453,0.17899999999997362,0.05700000000001637,0.038000000000010914,0.2999999999999545,0.543,,,,,0.591,1.743,0.562,0.387,,0.3229999999999791,0.3729999999999336,1.5469999999999118,0.3629999999999427,0.19400000000007367,"{('cu', 'start'): 673.045, ('cu', 'h2dmalloc'): 673.114, ('cu', 'h2d'): 673.138, ('cu', 'workest'): 673.202, ('cu', 'compute'): 673.381, ('cu', 'copy'): 673.438, ('cu', 'pack'): 673.461, ('cu', 'd2h'): 673.499, ('gust', 'start'): 673.598, ('gust', 'h2d'): 673.681, ('gust', 'count'): 673.708, ('gust', 'scan'): 673.749, ('gust', 'expand'): 673.798, ('gust', 'sort'): 673.93, ('gust', 'reduce'): 673.973, ('gust', 'final'): 674.033, ('gust', 'pack'): 674.054, ('gust', 'd2h'): 674.091, ('merge', 'start'): 674.202, ('merge', 'h2d'): 674.282, ('merge', 'count'): 674.309, ('merge', 'scan'): 674.349, ('merge', 'expand'): 674.491, ('merge', 'merge'): 675.738, ('merge', 'final'): 675.78, ('merge', 'compact'): 675.807, ('merge', 'pack'): 675.829, ('merge', 'd2h'): 675.851, ('mrg2', 'start'): 675.952, ('mrg2', 'h2d'): 676.033, ('mrg2', 'count'): 676.06, ('mrg2', 'scan'): 676.106, ('mrg2', 'merge'): 676.309, ('mrg2', 'final'): 676.346, ('mrg2', 'compact'): 676.373, ('mrg2', 'pack'): 676.396, ('mrg2', 'd2h'): 676.418, ('mrg3', 'start'): 676.524, ('mrg3', 'h2d'): 676.603, ('mrg3', 'count'): 676.657, ('mrg3', 'scan'): 676.711, ('mrg3', 'merge'): 676.775, ('mrg3', 'pack'): 676.797, ('mrg3', 'd2h'): 676.82}",0.0415011309087276,0.3691744001116603
Mildly sparse,ash85,85,523,7.2387543252595155,1317,1317,1317,1317,1317,0.0,,0.055000000000063665,0.15999999999996817,0.05200000000002092,0.02500000000009095,0.26700000000005275,0.471,,,,,0.501,0.396,0.339,0.305,,0.2880000000000109,0.31500000000005457,0.22100000000000364,0.16999999999995907,0.125,"{('cu', 'start'): 685.227, ('cu', 'h2dmalloc'): 685.289, ('cu', 'h2d'): 685.305, ('cu', 'workest'): 685.36, ('cu', 'compute'): 685.52, ('cu', 'copy'): 685.572, ('cu', 'pack'): 685.593, ('cu', 'd2h'): 685.618, ('gust', 'start'): 685.706, ('gust', 'h2d'): 685.784, ('gust', 'count'): 685.807, ('gust', 'scan'): 685.843, ('gust', 'expand'): 685.87, ('gust', 'sort'): 685.981, ('gust', 'reduce'): 686.024, ('gust', 'final'): 686.078, ('gust', 'pack'): 686.099, ('gust', 'd2h'): 686.109, ('merge', 'start'): 686.214, ('merge', 'h2d'): 686.294, ('merge', 'count'): 686.316, ('merge', 'scan'): 686.352, ('merge', 'expand'): 686.382, ('merge', 'merge'): 686.435, ('merge', 'final'): 686.473, ('merge', 'compact'): 686.497, ('merge', 'pack'): 686.515, ('merge', 'd2h'): 686.525, ('mrg2', 'start'): 686.617, ('mrg2', 'h2d'): 686.69, ('mrg2', 'count'): 686.711, ('mrg2', 'scan'): 686.746, ('mrg2', 'merge'): 686.783, ('mrg2', 'final'): 686.815, ('mrg2', 'compact'): 686.842, ('mrg2', 'pack'): 686.86, ('mrg2', 'd2h'): 686.87, ('mrg3', 'start'): 686.962, ('mrg3', 'h2d'): 687.047, ('mrg3', 'count'): 687.075, ('mrg3', 'scan'): 687.126, ('mrg3', 'merge'): 687.155, ('mrg3', 'pack'): 687.172, ('mrg3', 'd2h'): 687.183}",0.031420961022377,0.1931808000663295
Mildly sparse,can_73,73,377,7.0744980296490905,1377,1377,1377,1377,1377,0.0,,0.05600000000004002,0.16399999999998727,0.05600000000004002,0.024999999999977263,0.2760000000000673,0.501,,,,,0.448,0.421,0.358,0.31,,0.29700000000002547,0.26300000000003365,0.24300000000005184,0.18400000000008276,0.1309999999999718,"{('cu', 'start'): 669.459, ('cu', 'h2dmalloc'): 669.532, ('cu', 'h2d'): 669.549, ('cu', 'workest'): 669.605, ('cu', 'compute'): 669.769, ('cu', 'copy'): 669.825, ('cu', 'pack'): 669.846, ('cu', 'd2h'): 669.871, ('gust', 'start'): 669.969, ('gust', 'h2d'): 670.048, ('gust', 'count'): 670.073, ('gust', 'scan'): 670.11, ('gust', 'expand'): 670.144, ('gust', 'sort'): 670.191, ('gust', 'reduce'): 670.233, ('gust', 'final'): 670.289, ('gust', 'pack'): 670.311, ('gust', 'd2h'): 670.321, ('merge', 'start'): 670.426, ('merge', 'h2d'): 670.505, ('merge', 'count'): 670.537, ('merge', 'scan'): 670.575, ('merge', 'expand'): 670.606, ('merge', 'merge'): 670.659, ('merge', 'final'): 670.699, ('merge', 'compact'): 670.724, ('merge', 'pack'): 670.748, ('merge', 'd2h'): 670.759, ('mrg2', 'start'): 670.854, ('mrg2', 'h2d'): 670.929, ('mrg2', 'count'): 670.953, ('mrg2', 'scan'): 670.99, ('mrg2', 'merge'): 671.034, ('mrg2', 'final'): 671.068, ('mrg2', 'compact'): 671.094, ('mrg2', 'pack'): 671.113, ('mrg2', 'd2h'): 671.124, ('mrg3', 'start'): 671.22, ('mrg3', 'h2d'): 671.292, ('mrg3', 'count'): 671.322, ('mrg3', 'scan'): 671.372, ('mrg3', 'merge'): 671.405, ('mrg3', 'pack'): 671.423, ('mrg3', 'd2h'): 671.434}",0.035623088479042,0.2030336000490933
Mildly sparse,bcspwr02,49,167,6.9554352353186175,403,403,403,403,403,0.0,,0.07300000000009277,0.17099999999993543,0.06100000000003547,0.028999999999996362,0.30500000000006366,0.543,,,,,0.48,0.431,0.377,0.324,,0.3290000000000646,0.2719999999999345,0.23099999999999454,0.18700000000001182,0.12800000000004275,"{('cu', 'start'): 683.949, ('cu', 'h2dmalloc'): 684.016, ('cu', 'h2d'): 684.031, ('cu', 'workest'): 684.104, ('cu', 'compute'): 684.275, ('cu', 'copy'): 684.336, ('cu', 'pack'): 684.36, ('cu', 'd2h'): 684.389, ('gust', 'start'): 684.501, ('gust', 'h2d'): 684.585, ('gust', 'count'): 684.61, ('gust', 'scan'): 684.652, ('gust', 'expand'): 684.678, ('gust', 'sort'): 684.727, ('gust', 'reduce'): 684.773, ('gust', 'final'): 684.834, ('gust', 'pack'): 684.857, ('gust', 'd2h'): 684.868, ('merge', 'start'): 684.987, ('merge', 'h2d'): 685.073, ('merge', 'count'): 685.098, ('merge', 'scan'): 685.137, ('merge', 'expand'): 685.167, ('merge', 'merge'): 685.21, ('merge', 'final'): 685.252, ('merge', 'compact'): 685.281, ('merge', 'pack'): 685.304, ('merge', 'd2h'): 685.314, ('mrg2', 'start'): 685.426, ('mrg2', 'h2d'): 685.502, ('mrg2', 'count'): 685.526, ('mrg2', 'scan'): 685.564, ('mrg2', 'merge'): 685.605, ('mrg2', 'final'): 685.642, ('mrg2', 'compact'): 685.669, ('mrg2', 'pack'): 685.689, ('mrg2', 'd2h'): 685.701, ('mrg3', 'start'): 685.812, ('mrg3', 'h2d'): 685.886, ('mrg3', 'count'): 685.913, ('mrg3', 'scan'): 685.967, ('mrg3', 'merge'): 685.996, ('mrg3', 'pack'): 686.014, ('mrg3', 'd2h'): 686.026}",0.0405199825763702,0.1953088001580909
Mildly sparse,can_144,144,1296,6.25,3456,3456,3456,3456,3456,0.0,,0.06399999999996453,0.16599999999993997,0.05700000000001637,0.025999999999953616,0.2869999999999209,0.514,,,,,0.545,0.464,0.383,0.327,,0.3079999999999927,0.33600000000001273,0.27100000000007185,0.18399999999996908,0.1370000000000573,"{('cu', 'start'): 683.791, ('cu', 'h2dmalloc'): 683.859, ('cu', 'h2d'): 683.878, ('cu', 'workest'): 683.942, ('cu', 'compute'): 684.108, ('cu', 'copy'): 684.165, ('cu', 'pack'): 684.186, ('cu', 'd2h'): 684.212, ('gust', 'start'): 684.315, ('gust', 'h2d'): 684.396, ('gust', 'count'): 684.418, ('gust', 'scan'): 684.459, ('gust', 'expand'): 684.484, ('gust', 'sort'): 684.602, ('gust', 'reduce'): 684.647, ('gust', 'final'): 684.71, ('gust', 'pack'): 684.732, ('gust', 'd2h'): 684.744, ('merge', 'start'): 684.866, ('merge', 'h2d'): 684.948, ('merge', 'count'): 684.973, ('merge', 'scan'): 685.01, ('merge', 'expand'): 685.048, ('merge', 'merge'): 685.133, ('merge', 'final'): 685.175, ('merge', 'compact'): 685.201, ('merge', 'pack'): 685.219, ('merge', 'd2h'): 685.231, ('mrg2', 'start'): 685.336, ('mrg2', 'h2d'): 685.417, ('mrg2', 'count'): 685.441, ('mrg2', 'scan'): 685.478, ('mrg2', 'merge'): 685.52, ('mrg2', 'final'): 685.557, ('mrg2', 'compact'): 685.582, ('mrg2', 'pack'): 685.601, ('mrg2', 'd2h'): 685.613, ('mrg3', 'start'): 685.725, ('mrg3', 'h2d'): 685.804, ('mrg3', 'count'): 685.835, ('mrg3', 'scan'): 685.889, ('mrg3', 'merge'): 685.923, ('mrg3', 'pack'): 685.941, ('mrg3', 'd2h'): 685.953}",0.0420529395341873,0.3280607999768108
Mildly sparse,can_62,62,218,5.6711758584807495,482,482,482,482,482,0.0,,0.05999999999994543,0.15899999999999181,0.059000000000082764,0.027000000000043656,0.27800000000002,0.504,,,,,0.473,0.407,0.36,0.349,,0.29899999999997817,0.26900000000000546,0.21600000000000819,0.17700000000002092,0.1430000000000291,"{('cu', 'start'): 676.764, ('cu', 'h2dmalloc'): 676.83, ('cu', 'h2d'): 676.845, ('cu', 'workest'): 676.905, ('cu', 'compute'): 677.064, ('cu', 'copy'): 677.123, ('cu', 'pack'): 677.144, ('cu', 'd2h'): 677.171, ('gust', 'start'): 677.278, ('gust', 'h2d'): 677.356, ('gust', 'count'): 677.378, ('gust', 'scan'): 677.418, ('gust', 'expand'): 677.443, ('gust', 'sort'): 677.492, ('gust', 'reduce'): 677.537, ('gust', 'final'): 677.594, ('gust', 'pack'): 677.625, ('gust', 'd2h'): 677.636, ('merge', 'start'): 677.756, ('merge', 'h2d'): 677.837, ('merge', 'count'): 677.861, ('merge', 'scan'): 677.901, ('merge', 'expand'): 677.927, ('merge', 'merge'): 677.965, ('merge', 'final'): 678.005, ('merge', 'compact'): 678.034, ('merge', 'pack'): 678.053, ('merge', 'd2h'): 678.064, ('mrg2', 'start'): 678.17, ('mrg2', 'h2d'): 678.244, ('mrg2', 'count'): 678.267, ('mrg2', 'scan'): 678.304, ('mrg2', 'merge'): 678.337, ('mrg2', 'final'): 678.375, ('mrg2', 'compact'): 678.401, ('mrg2', 'pack'): 678.421, ('mrg2', 'd2h'): 678.432, ('mrg3', 'start'): 678.536, ('mrg3', 'h2d'): 678.624, ('mrg3', 'count'): 678.659, ('mrg3', 'scan'): 678.718, ('mrg3', 'merge'): 678.747, ('mrg3', 'pack'): 678.767, ('mrg3', 'd2h'): 678.779}",0.0373909715563058,0.1980992007767781
Mildly sparse,can_161,161,1377,5.31229505034528,3761,3761,3761,3761,3761,0.0,,0.05700000000001637,0.15699999999992542,0.057999999999992724,0.028999999999996362,0.2719999999999345,0.487,,,,,0.534,0.471,0.385,0.337,,0.2949999999999591,0.3349999999999227,0.2860000000000582,0.20100000000002183,0.15800000000001546,"{('cu', 'start'): 684.261, ('cu', 'h2dmalloc'): 684.322, ('cu', 'h2d'): 684.34, ('cu', 'workest'): 684.397, ('cu', 'compute'): 684.554, ('cu', 'copy'): 684.612, ('cu', 'pack'): 684.635, ('cu', 'd2h'): 684.664, ('gust', 'start'): 684.758, ('gust', 'h2d'): 684.84, ('gust', 'count'): 684.865, ('gust', 'scan'): 684.91, ('gust', 'expand'): 684.936, ('gust', 'sort'): 685.05, ('gust', 'reduce'): 685.096, ('gust', 'final'): 685.153, ('gust', 'pack'): 685.175, ('gust', 'd2h'): 685.187, ('merge', 'start'): 685.301, ('merge', 'h2d'): 685.385, ('merge', 'count'): 685.41, ('merge', 'scan'): 685.446, ('merge', 'expand'): 685.482, ('merge', 'merge'): 685.578, ('merge', 'final'): 685.62, ('merge', 'compact'): 685.651, ('merge', 'pack'): 685.671, ('merge', 'd2h'): 685.683, ('mrg2', 'start'): 685.778, ('mrg2', 'h2d'): 685.857, ('mrg2', 'count'): 685.881, ('mrg2', 'scan'): 685.925, ('mrg2', 'merge'): 685.974, ('mrg2', 'final'): 686.008, ('mrg2', 'compact'): 686.035, ('mrg2', 'pack'): 686.058, ('mrg2', 'd2h'): 686.072, ('mrg3', 'start'): 686.17, ('mrg3', 'h2d'): 686.249, ('mrg3', 'count'): 686.286, ('mrg3', 'scan'): 686.34, ('mrg3', 'merge'): 686.385, ('mrg3', 'pack'): 686.407, ('mrg3', 'd2h'): 686.419}",0.0426000915467739,0.3227552009280771
Mildly sparse,bcsstk03,112,640,5.1020408163265305,1072,1072,1072,1072,1072,0.0,,0.06000000000005912,0.15899999999999181,0.05700000000001637,0.025999999999953616,0.2760000000000673,0.499,,,,,0.536,0.393,0.363,0.307,,0.3020000000000209,0.3249999999999318,0.20699999999999363,0.16899999999998272,0.125,"{('cu', 'start'): 675.745, ('cu', 'h2dmalloc'): 675.807, ('cu', 'h2d'): 675.823, ('cu', 'workest'): 675.883, ('cu', 'compute'): 676.042, ('cu', 'copy'): 676.099, ('cu', 'pack'): 676.125, ('cu', 'd2h'): 676.151, ('gust', 'start'): 676.252, ('gust', 'h2d'): 676.344, ('gust', 'count'): 676.367, ('gust', 'scan'): 676.408, ('gust', 'expand'): 676.433, ('gust', 'sort'): 676.548, ('gust', 'reduce'): 676.591, ('gust', 'final'): 676.648, ('gust', 'pack'): 676.669, ('gust', 'd2h'): 676.68, ('merge', 'start'): 676.795, ('merge', 'h2d'): 676.874, ('merge', 'count'): 676.896, ('merge', 'scan'): 676.934, ('merge', 'expand'): 676.961, ('merge', 'merge'): 676.995, ('merge', 'final'): 677.036, ('merge', 'compact'): 677.062, ('merge', 'pack'): 677.081, ('merge', 'd2h'): 677.092, ('mrg2', 'start'): 677.194, ('mrg2', 'h2d'): 677.279, ('mrg2', 'count'): 677.301, ('mrg2', 'scan'): 677.339, ('mrg2', 'merge'): 677.369, ('mrg2', 'final'): 677.404, ('mrg2', 'compact'): 677.428, ('mrg2', 'pack'): 677.448, ('mrg2', 'd2h'): 677.459, ('mrg3', 'start'): 677.564, ('mrg3', 'h2d'): 677.639, ('mrg3', 'count'): 677.665, ('mrg3', 'scan'): 677.716, ('mrg3', 'merge'): 677.745, ('mrg3', 'pack'): 677.764, ('mrg3', 'd2h'): 677.775}",0.0386829487979412,0.1747840009164065
Mildly sparse,bcsstk06,420,7860,4.45578231292517,23660,23660,23660,23660,23660,0.0,,0.057999999999992724,0.25100000000009004,0.06299999999998818,0.1129999999999427,0.37200000000007094,0.664,,,,,0.903,0.87,0.412,0.372,,0.39600000000007185,0.6319999999999482,0.5919999999999845,0.22000000000002728,0.17300000000000182,"{('cu', 'start'): 685.276, ('cu', 'h2dmalloc'): 685.34, ('cu', 'h2d'): 685.357, ('cu', 'workest'): 685.415, ('cu', 'compute'): 685.666, ('cu', 'copy'): 685.729, ('cu', 'pack'): 685.753, ('cu', 'd2h'): 685.866, ('gust', 'start'): 685.952, ('gust', 'h2d'): 686.033, ('gust', 'count'): 686.065, ('gust', 'scan'): 686.105, ('gust', 'expand'): 686.138, ('gust', 'sort'): 686.448, ('gust', 'reduce'): 686.577, ('gust', 'final'): 686.639, ('gust', 'pack'): 686.665, ('gust', 'd2h'): 686.698, ('merge', 'start'): 686.865, ('merge', 'h2d'): 686.956, ('merge', 'count'): 686.986, ('merge', 'scan'): 687.026, ('merge', 'expand'): 687.114, ('merge', 'merge'): 687.458, ('merge', 'final'): 687.502, ('merge', 'compact'): 687.529, ('merge', 'pack'): 687.548, ('merge', 'd2h'): 687.583, ('mrg2', 'start'): 687.743, ('mrg2', 'h2d'): 687.821, ('mrg2', 'count'): 687.844, ('mrg2', 'scan'): 687.881, ('mrg2', 'merge'): 687.96, ('mrg2', 'final'): 687.995, ('mrg2', 'compact'): 688.022, ('mrg2', 'pack'): 688.041, ('mrg2', 'd2h'): 688.066, ('mrg3', 'start'): 688.16, ('mrg3', 'h2d'): 688.245, ('mrg3', 'count'): 688.289, ('mrg3', 'scan'): 688.341, ('mrg3', 'merge'): 688.397, ('mrg3', 'pack'): 688.418, ('mrg3', 'd2h'): 688.442}",0.0599350314587354,0.3377984003862366
Mildly sparse,bcsstk07,420,7860,4.45578231292517,23660,23660,23660,23660,23660,0.0,,0.07699999999999818,0.26299999999991996,0.08800000000007913,0.12799999999992906,0.42799999999999727,0.751,,,,,0.919,0.88,0.462,0.385,,0.4560000000000173,0.6210000000000946,0.5960000000000036,0.2580000000000382,0.18200000000001637,"{('cu', 'start'): 695.228, ('cu', 'h2dmalloc'): 695.29, ('cu', 'h2d'): 695.311, ('cu', 'workest'): 695.388, ('cu', 'compute'): 695.651, ('cu', 'copy'): 695.739, ('cu', 'pack'): 695.767, ('cu', 'd2h'): 695.895, ('gust', 'start'): 695.99, ('gust', 'h2d'): 696.074, ('gust', 'count'): 696.101, ('gust', 'scan'): 696.148, ('gust', 'expand'): 696.184, ('gust', 'sort'): 696.469, ('gust', 'reduce'): 696.585, ('gust', 'final'): 696.667, ('gust', 'pack'): 696.695, ('gust', 'd2h'): 696.731, ('merge', 'start'): 696.914, ('merge', 'h2d'): 696.995, ('merge', 'count'): 697.021, ('merge', 'scan'): 697.071, ('merge', 'expand'): 697.158, ('merge', 'merge'): 697.493, ('merge', 'final'): 697.541, ('merge', 'compact'): 697.568, ('merge', 'pack'): 697.591, ('merge', 'd2h'): 697.618, ('mrg2', 'start'): 697.8, ('mrg2', 'h2d'): 697.88, ('mrg2', 'count'): 697.903, ('mrg2', 'scan'): 697.949, ('mrg2', 'merge'): 698.03, ('mrg2', 'final'): 698.072, ('mrg2', 'compact'): 698.114, ('mrg2', 'pack'): 698.138, ('mrg2', 'd2h'): 698.164, ('mrg3', 'start'): 698.267, ('mrg3', 'h2d'): 698.346, ('mrg3', 'count'): 698.389, ('mrg3', 'scan'): 698.447, ('mrg3', 'merge'): 698.504, ('mrg3', 'pack'): 698.528, ('mrg3', 'd2h'): 698.554}",0.0599808990955352,0.3080640000756829
Mildly sparse,can_256,256,2916,4.449462890625,18568,18568,18568,18568,18568,0.0,,0.05899999999996908,0.17499999999995453,0.059000000000082764,0.03499999999996817,0.29300000000000637,0.522,,,,,0.576,2.084,0.559,0.413,,0.3120000000000118,0.35799999999994725,1.8810000000000855,0.36599999999998545,0.21699999999998454,"{('cu', 'start'): 678.187, ('cu', 'h2dmalloc'): 678.259, ('cu', 'h2d'): 678.278, ('cu', 'workest'): 678.337, ('cu', 'compute'): 678.512, ('cu', 'copy'): 678.571, ('cu', 'pack'): 678.59, ('cu', 'd2h'): 678.625, ('gust', 'start'): 678.718, ('gust', 'h2d'): 678.802, ('gust', 'count'): 678.831, ('gust', 'scan'): 678.87, ('gust', 'expand'): 678.91, ('gust', 'sort'): 679.042, ('gust', 'reduce'): 679.086, ('gust', 'final'): 679.141, ('gust', 'pack'): 679.16, ('gust', 'd2h'): 679.187, ('merge', 'start'): 679.301, ('merge', 'h2d'): 679.391, ('merge', 'count'): 679.42, ('merge', 'scan'): 679.456, ('merge', 'expand'): 679.591, ('merge', 'merge'): 681.183, ('merge', 'final'): 681.23, ('merge', 'compact'): 681.255, ('merge', 'pack'): 681.272, ('merge', 'd2h'): 681.293, ('mrg2', 'start'): 681.392, ('mrg2', 'h2d'): 681.475, ('mrg2', 'count'): 681.503, ('mrg2', 'scan'): 681.537, ('mrg2', 'merge'): 681.767, ('mrg2', 'final'): 681.802, ('mrg2', 'compact'): 681.824, ('mrg2', 'pack'): 681.841, ('mrg2', 'd2h'): 681.861, ('mrg3', 'start'): 681.956, ('mrg3', 'h2d'): 682.037, ('mrg3', 'count'): 682.103, ('mrg3', 'scan'): 682.155, ('mrg3', 'merge'): 682.233, ('mrg3', 'pack'): 682.254, ('mrg3', 'd2h'): 682.277}",0.0364130828529596,0.3474208019440993
Mildly sparse,can_268,268,3082,4.291044776119403,15590,15590,15590,15590,15590,0.0,,0.057999999999992724,0.17799999999999727,0.05899999999996908,0.038000000000010914,0.2949999999999591,0.524,,,,,0.556,0.89,0.464,0.363,,0.31799999999998363,0.34999999999990905,0.7050000000000409,0.2740000000000009,0.17999999999994998,"{('cu', 'start'): 679.42, ('cu', 'h2dmalloc'): 679.481, ('cu', 'h2d'): 679.498, ('cu', 'workest'): 679.556, ('cu', 'compute'): 679.734, ('cu', 'copy'): 679.793, ('cu', 'pack'): 679.816, ('cu', 'd2h'): 679.854, ('gust', 'start'): 679.953, ('gust', 'h2d'): 680.037, ('gust', 'count'): 680.063, ('gust', 'scan'): 680.101, ('gust', 'expand'): 680.133, ('gust', 'sort'): 680.262, ('gust', 'reduce'): 680.306, ('gust', 'final'): 680.366, ('gust', 'pack'): 680.387, ('gust', 'd2h'): 680.414, ('merge', 'start'): 680.516, ('merge', 'h2d'): 680.593, ('merge', 'count'): 680.626, ('merge', 'scan'): 680.665, ('merge', 'expand'): 680.741, ('merge', 'merge'): 681.213, ('merge', 'final'): 681.252, ('merge', 'compact'): 681.278, ('merge', 'pack'): 681.298, ('merge', 'd2h'): 681.317, ('mrg2', 'start'): 681.415, ('mrg2', 'h2d'): 681.49, ('mrg2', 'count'): 681.515, ('mrg2', 'scan'): 681.551, ('mrg2', 'merge'): 681.68, ('mrg2', 'final'): 681.717, ('mrg2', 'compact'): 681.742, ('mrg2', 'pack'): 681.764, ('mrg2', 'd2h'): 681.784, ('mrg3', 'start'): 681.885, ('mrg3', 'h2d'): 681.96, ('mrg3', 'count'): 682.008, ('mrg3', 'scan'): 682.061, ('mrg3', 'merge'): 682.119, ('mrg3', 'pack'): 682.14, ('mrg3', 'd2h'): 682.159}",0.0430559739470481,0.3429599999217316
Mildly sparse,can_187,187,1491,4.26377648774629,3719,3719,3719,3719,3719,0.0,,0.05800000000010641,0.15699999999992542,0.057999999999992724,0.03099999999994907,0.27300000000002456,0.493,,,,,0.569,0.42,0.389,0.311,,0.2960000000000491,0.34400000000005093,0.23700000000008004,0.18800000000010186,0.1309999999999718,"{('cu', 'start'): 681.253, ('cu', 'h2dmalloc'): 681.316, ('cu', 'h2d'): 681.334, ('cu', 'workest'): 681.392, ('cu', 'compute'): 681.549, ('cu', 'copy'): 681.607, ('cu', 'pack'): 681.63, ('cu', 'd2h'): 681.661, ('gust', 'start'): 681.771, ('gust', 'h2d'): 681.861, ('gust', 'count'): 681.888, ('gust', 'scan'): 681.927, ('gust', 'expand'): 681.957, ('gust', 'sort'): 682.073, ('gust', 'reduce'): 682.117, ('gust', 'final'): 682.182, ('gust', 'pack'): 682.205, ('gust', 'd2h'): 682.217, ('merge', 'start'): 682.333, ('merge', 'h2d'): 682.415, ('merge', 'count'): 682.439, ('merge', 'scan'): 682.477, ('merge', 'expand'): 682.509, ('merge', 'merge'): 682.563, ('merge', 'final'): 682.604, ('merge', 'compact'): 682.631, ('merge', 'pack'): 682.652, ('merge', 'd2h'): 682.664, ('mrg2', 'start'): 682.772, ('mrg2', 'h2d'): 682.858, ('mrg2', 'count'): 682.883, ('mrg2', 'scan'): 682.919, ('mrg2', 'merge'): 682.965, ('mrg2', 'final'): 683.0, ('mrg2', 'compact'): 683.025, ('mrg2', 'pack'): 683.046, ('mrg2', 'd2h'): 683.058, ('mrg3', 'start'): 683.157, ('mrg3', 'h2d'): 683.234, ('mrg3', 'count'): 683.265, ('mrg3', 'scan'): 683.316, ('mrg3', 'merge'): 683.347, ('mrg3', 'pack'): 683.365, ('mrg3', 'd2h'): 683.379}",0.050670001655817,0.32815039944835
Mildly sparse,bcsstm07,420,7252,4.111111111111112,22972,22972,22972,22972,22972,0.0,,0.07600000000002183,0.28700000000003456,0.07799999999997453,0.15199999999992997,0.4410000000000309,0.826,,,,,1.015,0.961,0.53,0.446,,0.4720000000000937,0.6829999999999927,0.7210000000000036,0.2720000000000482,0.20100000000002183,"{('cu', 'start'): 689.415, ('cu', 'h2dmalloc'): 689.494, ('cu', 'h2d'): 689.516, ('cu', 'workest'): 689.592, ('cu', 'compute'): 689.879, ('cu', 'copy'): 689.957, ('cu', 'pack'): 689.988, ('cu', 'd2h'): 690.14, ('gust', 'start'): 690.252, ('gust', 'h2d'): 690.353, ('gust', 'count'): 690.385, ('gust', 'scan'): 690.438, ('gust', 'expand'): 690.475, ('gust', 'sort'): 690.784, ('gust', 'reduce'): 690.933, ('gust', 'final'): 691.007, ('gust', 'pack'): 691.036, ('gust', 'd2h'): 691.072, ('merge', 'start'): 691.278, ('merge', 'h2d'): 691.375, ('merge', 'count'): 691.408, ('merge', 'scan'): 691.457, ('merge', 'expand'): 691.543, ('merge', 'merge'): 691.88, ('merge', 'final'): 691.939, ('merge', 'compact'): 692.062, ('merge', 'pack'): 692.096, ('merge', 'd2h'): 692.124, ('mrg2', 'start'): 692.248, ('mrg2', 'h2d'): 692.353, ('mrg2', 'count'): 692.383, ('mrg2', 'scan'): 692.435, ('mrg2', 'merge'): 692.52, ('mrg2', 'final'): 692.566, ('mrg2', 'compact'): 692.597, ('mrg2', 'pack'): 692.625, ('mrg2', 'd2h'): 692.651, ('mrg3', 'start'): 692.787, ('mrg3', 'h2d'): 692.887, ('mrg3', 'count'): 692.939, ('mrg3', 'scan'): 693.003, ('mrg3', 'merge'): 693.061, ('mrg3', 'pack'): 693.088, ('mrg3', 'd2h'): 693.115}",0.0596509780734777,0.3354911989532411
Mildly sparse,bcsstk27,1224,56126,3.7462888205391085,138106,138106,138106,138106,138106,0.0,,0.06399999999996453,0.5130000000000337,0.1309999999999718,0.22100000000000364,0.70799999999997,1.238,,,,,1.9,2.512,1.053,0.847,,0.7309999999999945,1.5059999999999718,2.1369999999999436,0.6750000000000682,0.4640000000000555,"{('cu', 'start'): 715.57, ('cu', 'h2dmalloc'): 715.632, ('cu', 'h2d'): 715.683, ('cu', 'workest'): 715.747, ('cu', 'compute'): 716.26, ('cu', 'copy'): 716.391, ('cu', 'pack'): 716.414, ('cu', 'd2h'): 716.635, ('gust', 'start'): 716.817, ('gust', 'h2d'): 716.94, ('gust', 'count'): 716.968, ('gust', 'scan'): 717.011, ('gust', 'expand'): 717.179, ('gust', 'sort'): 717.76, ('gust', 'reduce'): 717.955, ('gust', 'final'): 718.355, ('gust', 'pack'): 718.446, ('gust', 'd2h'): 718.547, ('merge', 'start'): 718.724, ('merge', 'h2d'): 718.831, ('merge', 'count'): 718.864, ('merge', 'scan'): 718.908, ('merge', 'expand'): 719.318, ('merge', 'merge'): 720.49, ('merge', 'final'): 720.695, ('merge', 'compact'): 720.883, ('merge', 'pack'): 720.968, ('merge', 'd2h'): 721.069, ('mrg2', 'start'): 721.243, ('mrg2', 'h2d'): 721.353, ('mrg2', 'count'): 721.378, ('mrg2', 'scan'): 721.42, ('mrg2', 'merge'): 721.714, ('mrg2', 'final'): 721.755, ('mrg2', 'compact'): 721.946, ('mrg2', 'pack'): 722.028, ('mrg2', 'd2h'): 722.131, ('mrg3', 'start'): 722.301, ('mrg3', 'h2d'): 722.406, ('mrg3', 'count'): 722.534, ('mrg3', 'scan'): 722.59, ('mrg3', 'merge'): 722.776, ('mrg3', 'pack'): 722.87, ('mrg3', 'd2h'): 722.973}",0.1383968628942966,0.5367264029104263
Mildly sparse,bcsstm27,1224,56126,3.7462888205391085,138106,138106,138106,138106,138106,0.0,,0.06899999999995998,0.5090000000000146,0.13200000000006185,0.22199999999998,0.7100000000000364,1.241,,,,,1.897,2.477,1.033,0.814,,0.7329999999999472,1.5080000000000382,2.105000000000018,0.6660000000000537,0.44399999999996,"{('cu', 'start'): 711.568, ('cu', 'h2dmalloc'): 711.637, ('cu', 'h2d'): 711.682, ('cu', 'workest'): 711.751, ('cu', 'compute'): 712.26, ('cu', 'copy'): 712.392, ('cu', 'pack'): 712.415, ('cu', 'd2h'): 712.637, ('gust', 'start'): 712.818, ('gust', 'h2d'): 712.93, ('gust', 'count'): 712.958, ('gust', 'scan'): 713.003, ('gust', 'expand'): 713.17, ('gust', 'sort'): 713.751, ('gust', 'reduce'): 713.941, ('gust', 'final'): 714.345, ('gust', 'pack'): 714.438, ('gust', 'd2h'): 714.54, ('merge', 'start'): 714.722, ('merge', 'h2d'): 714.827, ('merge', 'count'): 714.854, ('merge', 'scan'): 714.897, ('merge', 'expand'): 715.301, ('merge', 'merge'): 716.455, ('merge', 'final'): 716.666, ('merge', 'compact'): 716.847, ('merge', 'pack'): 716.932, ('merge', 'd2h'): 717.032, ('mrg2', 'start'): 717.206, ('mrg2', 'h2d'): 717.309, ('mrg2', 'count'): 717.335, ('mrg2', 'scan'): 717.376, ('mrg2', 'merge'): 717.67, ('mrg2', 'final'): 717.713, ('mrg2', 'compact'): 717.894, ('mrg2', 'pack'): 717.975, ('mrg2', 'd2h'): 718.075, ('mrg3', 'start'): 718.245, ('mrg3', 'h2d'): 718.345, ('mrg3', 'count'): 718.469, ('mrg3', 'scan'): 718.527, ('mrg3', 'merge'): 718.706, ('mrg3', 'pack'): 718.789, ('mrg3', 'd2h'): 718.889}",0.159173971042037,0.5389216020470485
Mildly sparse,bcsstk22,138,696,3.6546943919344677,1552,1552,1552,1552,1552,0.0,,0.06099999999992178,0.16600000000005366,0.057999999999992724,0.02500000000009095,0.28499999999996817,0.51,,,,,0.537,0.409,0.363,0.32,,0.3069999999999027,0.3229999999999791,0.22199999999998,0.17700000000002092,0.13800000000003365,"{('cu', 'start'): 669.237, ('cu', 'h2dmalloc'): 669.301, ('cu', 'h2d'): 669.32, ('cu', 'workest'): 669.381, ('cu', 'compute'): 669.547, ('cu', 'copy'): 669.605, ('cu', 'pack'): 669.627, ('cu', 'd2h'): 669.652, ('gust', 'start'): 669.758, ('gust', 'h2d'): 669.837, ('gust', 'count'): 669.859, ('gust', 'scan'): 669.9, ('gust', 'expand'): 669.925, ('gust', 'sort'): 670.038, ('gust', 'reduce'): 670.082, ('gust', 'final'): 670.138, ('gust', 'pack'): 670.16, ('gust', 'd2h'): 670.171, ('merge', 'start'): 670.3, ('merge', 'h2d'): 670.381, ('merge', 'count'): 670.406, ('merge', 'scan'): 670.445, ('merge', 'expand'): 670.474, ('merge', 'merge'): 670.518, ('merge', 'final'): 670.557, ('merge', 'compact'): 670.584, ('merge', 'pack'): 670.603, ('merge', 'd2h'): 670.614, ('mrg2', 'start'): 670.716, ('mrg2', 'h2d'): 670.793, ('mrg2', 'count'): 670.815, ('mrg2', 'scan'): 670.852, ('mrg2', 'merge'): 670.89, ('mrg2', 'final'): 670.925, ('mrg2', 'compact'): 670.951, ('mrg2', 'pack'): 670.97, ('mrg2', 'd2h'): 670.981, ('mrg3', 'start'): 671.085, ('mrg3', 'h2d'): 671.158, ('mrg3', 'count'): 671.186, ('mrg3', 'scan'): 671.247, ('mrg3', 'merge'): 671.277, ('mrg3', 'pack'): 671.296, ('mrg3', 'd2h'): 671.307}",0.0204341486096382,0.2134143986273557
Mildly sparse,bcspwr03,118,476,3.418557885665039,1270,1270,1270,1270,1270,0.0,,0.06399999999996453,0.15899999999999181,0.05600000000004002,0.024999999999977263,0.27899999999999636,0.515,,,,,0.504,0.442,0.395,0.327,,0.30600000000004,0.2949999999999591,0.24699999999995725,0.19700000000000273,0.13599999999996726,"{('cu', 'start'): 678.929, ('cu', 'h2dmalloc'): 679.002, ('cu', 'h2d'): 679.019, ('cu', 'workest'): 679.083, ('cu', 'compute'): 679.242, ('cu', 'copy'): 679.298, ('cu', 'pack'): 679.325, ('cu', 'd2h'): 679.35, ('gust', 'start'): 679.453, ('gust', 'h2d'): 679.538, ('gust', 'count'): 679.561, ('gust', 'scan'): 679.604, ('gust', 'expand'): 679.633, ('gust', 'sort'): 679.683, ('gust', 'reduce'): 679.727, ('gust', 'final'): 679.812, ('gust', 'pack'): 679.833, ('gust', 'd2h'): 679.844, ('merge', 'start'): 679.963, ('merge', 'h2d'): 680.053, ('merge', 'count'): 680.077, ('merge', 'scan'): 680.116, ('merge', 'expand'): 680.15, ('merge', 'merge'): 680.209, ('merge', 'final'): 680.256, ('merge', 'compact'): 680.282, ('merge', 'pack'): 680.3, ('merge', 'd2h'): 680.31, ('mrg2', 'start'): 680.412, ('mrg2', 'h2d'): 680.496, ('mrg2', 'count'): 680.523, ('mrg2', 'scan'): 680.561, ('mrg2', 'merge'): 680.607, ('mrg2', 'final'): 680.646, ('mrg2', 'compact'): 680.674, ('mrg2', 'pack'): 680.693, ('mrg2', 'd2h'): 680.703, ('mrg3', 'start'): 680.813, ('mrg3', 'h2d'): 680.9, ('mrg3', 'count'): 680.932, ('mrg3', 'scan'): 680.986, ('mrg3', 'merge'): 681.017, ('mrg3', 'pack'): 681.036, ('mrg3', 'd2h'): 681.046}",0.0394429080188274,0.210246400302276
Mildly sparse,can_229,229,1777,3.388570012013501,5017,5017,5017,5017,5017,0.0,,0.06200000000001182,0.15599999999994907,0.07000000000005002,0.033999999999991815,0.2880000000000109,0.517,,,,,0.547,0.467,0.372,0.342,,0.30999999999994543,0.34000000000003183,0.2839999999999918,0.19399999999995998,0.16499999999996362,"{('cu', 'start'): 675.024, ('cu', 'h2dmalloc'): 675.088, ('cu', 'h2d'): 675.109, ('cu', 'workest'): 675.171, ('cu', 'compute'): 675.327, ('cu', 'copy'): 675.397, ('cu', 'pack'): 675.419, ('cu', 'd2h'): 675.453, ('gust', 'start'): 675.551, ('gust', 'h2d'): 675.64, ('gust', 'count'): 675.665, ('gust', 'scan'): 675.704, ('gust', 'expand'): 675.73, ('gust', 'sort'): 675.849, ('gust', 'reduce'): 675.893, ('gust', 'final'): 675.958, ('gust', 'pack'): 675.98, ('gust', 'd2h'): 675.993, ('merge', 'start'): 676.104, ('merge', 'h2d'): 676.187, ('merge', 'count'): 676.211, ('merge', 'scan'): 676.248, ('merge', 'expand'): 676.283, ('merge', 'merge'): 676.383, ('merge', 'final'): 676.424, ('merge', 'compact'): 676.451, ('merge', 'pack'): 676.471, ('merge', 'd2h'): 676.483, ('mrg2', 'start'): 676.579, ('mrg2', 'h2d'): 676.657, ('mrg2', 'count'): 676.68, ('mrg2', 'scan'): 676.717, ('mrg2', 'merge'): 676.772, ('mrg2', 'final'): 676.808, ('mrg2', 'compact'): 676.832, ('mrg2', 'pack'): 676.851, ('mrg2', 'd2h'): 676.864, ('mrg3', 'start'): 676.957, ('mrg3', 'h2d'): 677.037, ('mrg3', 'count'): 677.079, ('mrg3', 'scan'): 677.13, ('mrg3', 'merge'): 677.181, ('mrg3', 'pack'): 677.202, ('mrg3', 'd2h'): 677.215}",0.0335208605974912,0.3227231997996568
Mildly sparse,can_292,292,2540,2.9789829236254457,11670,11670,11670,11670,11670,0.0,,0.07600000000002183,0.18700000000001182,0.06899999999995998,0.033999999999991815,0.33199999999999363,0.581,,,,,0.624,0.767,0.446,0.363,,0.3569999999999709,0.3909999999999627,0.54099999999994,0.24299999999993815,0.16200000000003456,"{('cu', 'start'): 692.451, ('cu', 'h2dmalloc'): 692.517, ('cu', 'h2d'): 692.548, ('cu', 'workest'): 692.624, ('cu', 'compute'): 692.811, ('cu', 'copy'): 692.88, ('cu', 'pack'): 692.905, ('cu', 'd2h'): 692.939, ('gust', 'start'): 693.044, ('gust', 'h2d'): 693.142, ('gust', 'count'): 693.173, ('gust', 'scan'): 693.219, ('gust', 'expand'): 693.251, ('gust', 'sort'): 693.393, ('gust', 'reduce'): 693.44, ('gust', 'final'): 693.509, ('gust', 'pack'): 693.533, ('gust', 'd2h'): 693.559, ('merge', 'start'): 693.673, ('merge', 'h2d'): 693.772, ('merge', 'count'): 693.799, ('merge', 'scan'): 693.841, ('merge', 'expand'): 693.907, ('merge', 'merge'): 694.218, ('merge', 'final'): 694.264, ('merge', 'compact'): 694.291, ('merge', 'pack'): 694.313, ('merge', 'd2h'): 694.331, ('mrg2', 'start'): 694.447, ('mrg2', 'h2d'): 694.533, ('mrg2', 'count'): 694.559, ('mrg2', 'scan'): 694.599, ('mrg2', 'merge'): 694.686, ('mrg2', 'final'): 694.728, ('mrg2', 'compact'): 694.754, ('mrg2', 'pack'): 694.776, ('mrg2', 'd2h'): 694.795, ('mrg3', 'start'): 694.9, ('mrg3', 'h2d'): 694.983, ('mrg3', 'count'): 695.02, ('mrg3', 'scan'): 695.079, ('mrg3', 'merge'): 695.122, ('mrg3', 'pack'): 695.145, ('mrg3', 'd2h'): 695.163}",0.0597399193793535,0.3385024011833593
Mildly sparse,ash292,292,2208,2.589604053293301,6042,6042,6042,6042,6042,0.0,,0.07200000000000273,0.16300000000001091,0.057999999999992724,0.038000000000010914,0.29300000000000637,0.531,,,,,0.547,0.478,0.38,0.35,,0.3160000000000309,0.34000000000003183,0.27899999999999636,0.1959999999999127,0.16200000000003456,"{('cu', 'start'): 673.507, ('cu', 'h2dmalloc'): 673.568, ('cu', 'h2d'): 673.596, ('cu', 'workest'): 673.668, ('cu', 'compute'): 673.831, ('cu', 'copy'): 673.889, ('cu', 'pack'): 673.912, ('cu', 'd2h'): 673.95, ('gust', 'start'): 674.048, ('gust', 'h2d'): 674.132, ('gust', 'count'): 674.157, ('gust', 'scan'): 674.198, ('gust', 'expand'): 674.226, ('gust', 'sort'): 674.347, ('gust', 'reduce'): 674.393, ('gust', 'final'): 674.451, ('gust', 'pack'): 674.472, ('gust', 'd2h'): 674.489, ('merge', 'start'): 674.61, ('merge', 'h2d'): 674.704, ('merge', 'count'): 674.729, ('merge', 'scan'): 674.771, ('merge', 'expand'): 674.81, ('merge', 'merge'): 674.89, ('merge', 'final'): 674.932, ('merge', 'compact'): 674.96, ('merge', 'pack'): 674.983, ('merge', 'd2h'): 674.998, ('mrg2', 'start'): 675.099, ('mrg2', 'h2d'): 675.176, ('mrg2', 'count'): 675.2, ('mrg2', 'scan'): 675.24, ('mrg2', 'merge'): 675.288, ('mrg2', 'final'): 675.325, ('mrg2', 'compact'): 675.351, ('mrg2', 'pack'): 675.372, ('mrg2', 'd2h'): 675.388, ('mrg3', 'start'): 675.488, ('mrg3', 'h2d'): 675.564, ('mrg3', 'count'): 675.6, ('mrg3', 'scan'): 675.663, ('mrg3', 'merge'): 675.704, ('mrg3', 'pack'): 675.726, ('mrg3', 'd2h'): 675.742}",0.0522730406373739,0.216944000753574
Mildly sparse,bcspwr04,274,1612,2.1471575470190207,4982,4982,4982,4982,4982,0.0,,0.056999999999902684,0.15600000000006276,0.05600000000004002,0.02800000000002001,0.26900000000000546,0.481,,,,,0.513,0.464,0.376,0.313,,0.2919999999999163,0.31799999999998363,0.28499999999996817,0.20199999999999818,0.13999999999998636,"{('cu', 'start'): 638.988, ('cu', 'h2dmalloc'): 639.05, ('cu', 'h2d'): 639.07, ('cu', 'workest'): 639.127, ('cu', 'compute'): 639.283, ('cu', 'copy'): 639.339, ('cu', 'pack'): 639.362, ('cu', 'd2h'): 639.39, ('gust', 'start'): 639.48, ('gust', 'h2d'): 639.559, ('gust', 'count'): 639.583, ('gust', 'scan'): 639.621, ('gust', 'expand'): 639.647, ('gust', 'sort'): 639.759, ('gust', 'reduce'): 639.801, ('gust', 'final'): 639.857, ('gust', 'pack'): 639.877, ('gust', 'd2h'): 639.89, ('merge', 'start'): 640.0, ('merge', 'h2d'): 640.081, ('merge', 'count'): 640.105, ('merge', 'scan'): 640.141, ('merge', 'expand'): 640.184, ('merge', 'merge'): 640.283, ('merge', 'final'): 640.322, ('merge', 'compact'): 640.348, ('merge', 'pack'): 640.366, ('merge', 'd2h'): 640.379, ('mrg2', 'start'): 640.47, ('mrg2', 'h2d'): 640.543, ('mrg2', 'count'): 640.565, ('mrg2', 'scan'): 640.6, ('mrg2', 'merge'): 640.655, ('mrg2', 'final'): 640.691, ('mrg2', 'compact'): 640.719, ('mrg2', 'pack'): 640.745, ('mrg2', 'd2h'): 640.758, ('mrg3', 'start'): 640.852, ('mrg3', 'h2d'): 640.928, ('mrg3', 'count'): 640.964, ('mrg3', 'scan'): 641.016, ('mrg3', 'merge'): 641.049, ('mrg3', 'pack'): 641.068, ('mrg3', 'd2h'): 641.082}",0.0338419340550899,0.2181216002907604
Mildly sparse,bcsstk13,2003,83883,2.0907979019987244,396773,396773,396773,396773,396773,0.0,,0.07499999999993179,0.5900000000000318,0.18200000000001637,0.5480000000000018,0.84699999999998,1.775,,,,,2.677,6.715,1.867,1.698,,0.9349999999999454,1.961999999999989,6.018000000000029,1.1759999999999309,1.0080000000000382,"{('cu', 'start'): 726.207, ('cu', 'h2dmalloc'): 726.268, ('cu', 'h2d'): 726.33, ('cu', 'workest'): 726.405, ('cu', 'compute'): 726.995, ('cu', 'copy'): 727.177, ('cu', 'pack'): 727.265, ('cu', 'd2h'): 727.813, ('gust', 'start'): 727.993, ('gust', 'h2d'): 728.118, ('gust', 'count'): 728.148, ('gust', 'scan'): 728.194, ('gust', 'expand'): 728.387, ('gust', 'sort'): 729.193, ('gust', 'reduce'): 729.406, ('gust', 'final'): 729.98, ('gust', 'pack'): 730.08, ('gust', 'd2h'): 730.344, ('merge', 'start'): 730.679, ('merge', 'h2d'): 730.802, ('merge', 'count'): 730.832, ('merge', 'scan'): 730.877, ('merge', 'expand'): 731.671, ('merge', 'merge'): 736.2, ('merge', 'final'): 736.421, ('merge', 'compact'): 736.728, ('merge', 'pack'): 736.82, ('merge', 'd2h'): 737.082, ('mrg2', 'start'): 737.401, ('mrg2', 'h2d'): 737.523, ('mrg2', 'count'): 737.551, ('mrg2', 'scan'): 737.596, ('mrg2', 'merge'): 738.265, ('mrg2', 'final'): 738.307, ('mrg2', 'compact'): 738.606, ('mrg2', 'pack'): 738.699, ('mrg2', 'd2h'): 738.962, ('mrg3', 'start'): 739.274, ('mrg3', 'h2d'): 739.394, ('mrg3', 'count'): 739.686, ('mrg3', 'scan'): 739.747, ('mrg3', 'merge'): 740.312, ('mrg3', 'pack'): 740.402, ('mrg3', 'd2h'): 740.664}",0.5329828709363937,0.6954976003617048
Mildly sparse,bcsstm01,48,48,2.083333333333333,48,48,48,48,48,0.0,,0.05600000000004002,0.15099999999995362,0.05499999999994998,0.029999999999972715,0.2619999999999436,0.489,,,,,0.451,0.375,0.334,0.304,,0.28499999999996817,0.26100000000008095,0.19399999999995998,0.16599999999993997,0.1349999999999909,"{('cu', 'start'): 658.684, ('cu', 'h2dmalloc'): 658.748, ('cu', 'h2d'): 658.764, ('cu', 'workest'): 658.82, ('cu', 'compute'): 658.971, ('cu', 'copy'): 659.026, ('cu', 'pack'): 659.049, ('cu', 'd2h'): 659.079, ('gust', 'start'): 659.18, ('gust', 'h2d'): 659.257, ('gust', 'count'): 659.281, ('gust', 'scan'): 659.32, ('gust', 'expand'): 659.345, ('gust', 'sort'): 659.397, ('gust', 'reduce'): 659.438, ('gust', 'final'): 659.495, ('gust', 'pack'): 659.518, ('gust', 'd2h'): 659.527, ('merge', 'start'): 659.644, ('merge', 'h2d'): 659.719, ('merge', 'count'): 659.743, ('merge', 'scan'): 659.779, ('merge', 'expand'): 659.806, ('merge', 'merge'): 659.828, ('merge', 'final'): 659.864, ('merge', 'compact'): 659.889, ('merge', 'pack'): 659.913, ('merge', 'd2h'): 659.925, ('mrg2', 'start'): 660.019, ('mrg2', 'h2d'): 660.089, ('mrg2', 'count'): 660.111, ('mrg2', 'scan'): 660.147, ('mrg2', 'merge'): 660.175, ('mrg2', 'final'): 660.208, ('mrg2', 'compact'): 660.232, ('mrg2', 'pack'): 660.255, ('mrg2', 'd2h'): 660.266, ('mrg3', 'start'): 660.359, ('mrg3', 'h2d'): 660.426, ('mrg3', 'count'): 660.454, ('mrg3', 'scan'): 660.504, ('mrg3', 'merge'): 660.534, ('mrg3', 'pack'): 660.561, ('mrg3', 'd2h'): 660.572}",0.0166050158441066,0.1661056007724255
Mildly sparse,bcsstk14,1806,63454,1.945465404477998,195654,195654,195654,195654,195654,0.0,,0.06199999999989814,0.5180000000000291,0.12800000000004275,0.32200000000000273,0.70799999999997,1.373,,,,,1.807,2.361,1.157,0.998,,0.7849999999999682,1.3769999999999527,1.8780000000000427,0.6779999999999973,0.5169999999999391,"{('cu', 'start'): 704.346, ('cu', 'h2dmalloc'): 704.405, ('cu', 'h2d'): 704.469, ('cu', 'workest'): 704.531, ('cu', 'compute'): 705.049, ('cu', 'copy'): 705.177, ('cu', 'pack'): 705.254, ('cu', 'd2h'): 705.576, ('gust', 'start'): 705.727, ('gust', 'h2d'): 705.849, ('gust', 'count'): 705.874, ('gust', 'scan'): 705.917, ('gust', 'expand'): 706.082, ('gust', 'sort'): 706.606, ('gust', 'reduce'): 706.801, ('gust', 'final'): 707.199, ('gust', 'pack'): 707.226, ('gust', 'd2h'): 707.385, ('merge', 'start'): 707.542, ('merge', 'h2d'): 707.664, ('merge', 'count'): 707.7, ('merge', 'scan'): 707.74, ('merge', 'expand'): 708.068, ('merge', 'merge'): 709.08, ('merge', 'final'): 709.253, ('merge', 'compact'): 709.465, ('merge', 'pack'): 709.542, ('merge', 'd2h'): 709.704, ('mrg2', 'start'): 709.91, ('mrg2', 'h2d'): 710.029, ('mrg2', 'count'): 710.057, ('mrg2', 'scan'): 710.095, ('mrg2', 'merge'): 710.375, ('mrg2', 'final'): 710.413, ('mrg2', 'compact'): 710.621, ('mrg2', 'pack'): 710.707, ('mrg2', 'd2h'): 710.868, ('mrg3', 'start'): 711.073, ('mrg3', 'h2d'): 711.191, ('mrg3', 'count'): 711.324, ('mrg3', 'scan'): 711.379, ('mrg3', 'merge'): 711.627, ('mrg3', 'pack'): 711.708, ('mrg3', 'd2h'): 711.871}",0.3842159640043974,0.590931200957857
Mildly sparse,can_445,445,3809,1.923494508269158,11193,11193,11193,11193,11193,0.0,,0.06200000000001182,0.17499999999995453,0.07100000000002638,0.032999999999901775,0.3079999999999927,0.544,,,,,0.565,0.493,0.406,0.355,,0.3290000000000646,0.3529999999999518,0.29100000000005366,0.20899999999994634,0.1510000000000673,"{('cu', 'start'): 682.985, ('cu', 'h2dmalloc'): 683.05, ('cu', 'h2d'): 683.068, ('cu', 'workest'): 683.13, ('cu', 'compute'): 683.305, ('cu', 'copy'): 683.376, ('cu', 'pack'): 683.397, ('cu', 'd2h'): 683.43, ('gust', 'start'): 683.54, ('gust', 'h2d'): 683.624, ('gust', 'count'): 683.647, ('gust', 'scan'): 683.689, ('gust', 'expand'): 683.716, ('gust', 'sort'): 683.851, ('gust', 'reduce'): 683.895, ('gust', 'final'): 683.956, ('gust', 'pack'): 683.977, ('gust', 'd2h'): 684.002, ('merge', 'start'): 684.115, ('merge', 'h2d'): 684.197, ('merge', 'count'): 684.219, ('merge', 'scan'): 684.259, ('merge', 'expand'): 684.296, ('merge', 'merge'): 684.398, ('merge', 'final'): 684.442, ('merge', 'compact'): 684.469, ('merge', 'pack'): 684.488, ('merge', 'd2h'): 684.506, ('mrg2', 'start'): 684.617, ('mrg2', 'h2d'): 684.696, ('mrg2', 'count'): 684.719, ('mrg2', 'scan'): 684.757, ('mrg2', 'merge'): 684.821, ('mrg2', 'final'): 684.86, ('mrg2', 'compact'): 684.886, ('mrg2', 'pack'): 684.905, ('mrg2', 'd2h'): 684.923, ('mrg3', 'start'): 685.03, ('mrg3', 'h2d'): 685.108, ('mrg3', 'count'): 685.142, ('mrg3', 'scan'): 685.197, ('mrg3', 'merge'): 685.238, ('mrg3', 'pack'): 685.259, ('mrg3', 'd2h'): 685.276}",0.0606849789619445,0.3286848011659458
Mildly sparse,bcsstm10,1086,22092,1.8731621948861958,54504,54504,54504,54504,54504,0.0,,0.06200000000001182,0.2719999999999345,0.06299999999998818,0.1369999999999436,0.3969999999999345,0.738,,,,,1.229,1.214,0.692,0.433,,0.42200000000002547,0.9329999999999927,0.9379999999999882,0.41600000000005366,0.2099999999999227,"{('cu', 'start'): 685.871, ('cu', 'h2dmalloc'): 685.936, ('cu', 'h2d'): 685.97, ('cu', 'workest'): 686.032, ('cu', 'compute'): 686.304, ('cu', 'copy'): 686.367, ('cu', 'pack'): 686.392, ('cu', 'd2h'): 686.529, ('gust', 'start'): 686.616, ('gust', 'h2d'): 686.716, ('gust', 'count'): 686.743, ('gust', 'scan'): 686.782, ('gust', 'expand'): 686.927, ('gust', 'sort'): 687.201, ('gust', 'reduce'): 687.359, ('gust', 'final'): 687.605, ('gust', 'pack'): 687.649, ('gust', 'd2h'): 687.697, ('merge', 'start'): 687.852, ('merge', 'h2d'): 687.945, ('merge', 'count'): 687.969, ('merge', 'scan'): 688.007, ('merge', 'expand'): 688.212, ('merge', 'merge'): 688.597, ('merge', 'final'): 688.719, ('merge', 'compact'): 688.857, ('merge', 'pack'): 688.883, ('merge', 'd2h'): 688.93, ('mrg2', 'start'): 689.073, ('mrg2', 'h2d'): 689.161, ('mrg2', 'count'): 689.187, ('mrg2', 'scan'): 689.225, ('mrg2', 'merge'): 689.424, ('mrg2', 'final'): 689.462, ('mrg2', 'compact'): 689.55, ('mrg2', 'pack'): 689.577, ('mrg2', 'd2h'): 689.626, ('mrg3', 'start'): 689.772, ('mrg3', 'h2d'): 689.859, ('mrg3', 'count'): 689.917, ('mrg3', 'scan'): 689.97, ('mrg3', 'merge'): 690.047, ('mrg3', 'pack'): 690.069, ('mrg3', 'd2h'): 690.117}",0.1173790078610181,0.5014495997689664
Mildly sparse,bcsstk10,1086,22070,1.8712968332943305,54504,54504,54504,54504,54504,0.0,,0.06700000000000728,0.2869999999999209,0.07400000000006912,0.15200000000004366,0.42799999999999727,0.78,,,,,1.31,1.305,0.735,0.454,,0.44899999999995543,1.0070000000000618,1.0030000000000427,0.4410000000000309,0.21800000000007458,"{('cu', 'start'): 685.806, ('cu', 'h2dmalloc'): 685.87, ('cu', 'h2d'): 685.897, ('cu', 'workest'): 685.964, ('cu', 'compute'): 686.251, ('cu', 'copy'): 686.325, ('cu', 'pack'): 686.346, ('cu', 'd2h'): 686.498, ('gust', 'start'): 686.593, ('gust', 'h2d'): 686.683, ('gust', 'count'): 686.706, ('gust', 'scan'): 686.748, ('gust', 'expand'): 686.897, ('gust', 'sort'): 687.188, ('gust', 'reduce'): 687.366, ('gust', 'final'): 687.652, ('gust', 'pack'): 687.69, ('gust', 'd2h'): 687.735, ('merge', 'start'): 687.909, ('merge', 'h2d'): 688.002, ('merge', 'count'): 688.026, ('merge', 'scan'): 688.065, ('merge', 'expand'): 688.275, ('merge', 'merge'): 688.681, ('merge', 'final'): 688.812, ('merge', 'compact'): 688.979, ('merge', 'pack'): 689.005, ('merge', 'd2h'): 689.051, ('mrg2', 'start'): 689.221, ('mrg2', 'h2d'): 689.308, ('mrg2', 'count'): 689.334, ('mrg2', 'scan'): 689.375, ('mrg2', 'merge'): 689.574, ('mrg2', 'final'): 689.618, ('mrg2', 'compact'): 689.725, ('mrg2', 'pack'): 689.749, ('mrg2', 'd2h'): 689.796, ('mrg3', 'start'): 689.963, ('mrg3', 'h2d'): 690.049, ('mrg3', 'count'): 690.11, ('mrg3', 'scan'): 690.168, ('mrg3', 'merge'): 690.246, ('mrg3', 'pack'): 690.267, ('mrg3', 'd2h'): 690.313}",0.1465240493416786,0.5107167984358967
Mildly sparse,can_634,634,7228,1.7982067689000787,25446,25446,25446,25446,25446,0.0,,0.07399999999995543,0.27300000000002456,0.08100000000001728,0.1470000000000482,0.42799999999999727,0.822,,,,,1.024,0.803,0.538,0.449,,0.45899999999994634,0.7659999999999627,0.5480000000000018,0.2839999999999918,0.20099999999990814,"{('cu', 'start'): 693.75, ('cu', 'h2dmalloc'): 693.84, ('cu', 'h2d'): 693.864, ('cu', 'workest'): 693.938, ('cu', 'compute'): 694.211, ('cu', 'copy'): 694.292, ('cu', 'pack'): 694.323, ('cu', 'd2h'): 694.47, ('gust', 'start'): 694.582, ('gust', 'h2d'): 694.683, ('gust', 'count'): 694.716, ('gust', 'scan'): 694.768, ('gust', 'expand'): 694.808, ('gust', 'sort'): 695.117, ('gust', 'reduce'): 695.259, ('gust', 'final'): 695.415, ('gust', 'pack'): 695.449, ('gust', 'd2h'): 695.488, ('merge', 'start'): 695.618, ('merge', 'h2d'): 695.719, ('merge', 'count'): 695.753, ('merge', 'scan'): 695.814, ('merge', 'expand'): 695.888, ('merge', 'merge'): 696.148, ('merge', 'final'): 696.199, ('merge', 'compact'): 696.231, ('merge', 'pack'): 696.267, ('merge', 'd2h'): 696.295, ('mrg2', 'start'): 696.43, ('mrg2', 'h2d'): 696.533, ('mrg2', 'count'): 696.565, ('mrg2', 'scan'): 696.618, ('mrg2', 'merge'): 696.708, ('mrg2', 'final'): 696.752, ('mrg2', 'compact'): 696.783, ('mrg2', 'pack'): 696.817, ('mrg2', 'd2h'): 696.845, ('mrg3', 'start'): 696.978, ('mrg3', 'h2d'): 697.08, ('mrg3', 'count'): 697.129, ('mrg3', 'scan'): 697.193, ('mrg3', 'merge'): 697.253, ('mrg3', 'pack'): 697.281, ('mrg3', 'd2h'): 697.309}",0.0726208090782165,0.355705599207431
Mildly sparse,bcsstk11,1473,34241,1.578123350888521,94187,94187,94187,94187,94187,0.0,,0.06600000000003092,0.31399999999996453,0.06600000000003092,0.17499999999995453,0.4460000000000264,0.988,,,,,1.368,1.369,0.781,0.518,,0.5520000000000209,1.1079999999999472,1.1100000000000136,0.5299999999999727,0.2560000000000855,"{('cu', 'start'): 694.354, ('cu', 'h2dmalloc'): 694.424, ('cu', 'h2d'): 694.461, ('cu', 'workest'): 694.527, ('cu', 'compute'): 694.841, ('cu', 'copy'): 694.907, ('cu', 'pack'): 695.013, ('cu', 'd2h'): 695.188, ('gust', 'start'): 695.351, ('gust', 'h2d'): 695.45, ('gust', 'count'): 695.48, ('gust', 'scan'): 695.523, ('gust', 'expand'): 695.68, ('gust', 'sort'): 696.009, ('gust', 'reduce'): 696.198, ('gust', 'final'): 696.523, ('gust', 'pack'): 696.558, ('gust', 'd2h'): 696.628, ('merge', 'start'): 696.729, ('merge', 'h2d'): 696.83, ('merge', 'count'): 696.871, ('merge', 'scan'): 696.911, ('merge', 'expand'): 697.126, ('merge', 'merge'): 697.588, ('merge', 'final'): 697.77, ('merge', 'compact'): 697.914, ('merge', 'pack'): 697.94, ('merge', 'd2h'): 698.009, ('mrg2', 'start'): 698.101, ('mrg2', 'h2d'): 698.196, ('mrg2', 'count'): 698.252, ('mrg2', 'scan'): 698.292, ('mrg2', 'merge'): 698.504, ('mrg2', 'final'): 698.547, ('mrg2', 'compact'): 698.69, ('mrg2', 'pack'): 698.726, ('mrg2', 'd2h'): 698.795, ('mrg3', 'start'): 698.891, ('mrg3', 'h2d'): 698.983, ('mrg3', 'count'): 699.055, ('mrg3', 'scan'): 699.111, ('mrg3', 'merge'): 699.198, ('mrg3', 'pack'): 699.239, ('mrg3', 'd2h'): 699.309}",0.2499658148735761,0.5427263994468376
Mildly sparse,bcsstk12,1473,34241,1.578123350888521,94187,94187,94187,94187,94187,0.0,,0.06700000000000728,0.3310000000000173,0.06899999999995998,0.18499999999994543,0.46699999999998454,1.03,,,,,1.478,1.387,0.775,0.504,,0.58400000000006,1.1860000000000355,1.1160000000000991,0.5159999999999627,0.2380000000000564,"{('cu', 'start'): 698.382, ('cu', 'h2dmalloc'): 698.446, ('cu', 'h2d'): 698.481, ('cu', 'workest'): 698.548, ('cu', 'compute'): 698.879, ('cu', 'copy'): 698.948, ('cu', 'pack'): 699.065, ('cu', 'd2h'): 699.25, ('gust', 'start'): 699.422, ('gust', 'h2d'): 699.519, ('gust', 'count'): 699.547, ('gust', 'scan'): 699.592, ('gust', 'expand'): 699.746, ('gust', 'sort'): 700.113, ('gust', 'reduce'): 700.301, ('gust', 'final'): 700.668, ('gust', 'pack'): 700.705, ('gust', 'd2h'): 700.775, ('merge', 'start'): 700.908, ('merge', 'h2d'): 701.012, ('merge', 'count'): 701.04, ('merge', 'scan'): 701.082, ('merge', 'expand'): 701.298, ('merge', 'merge'): 701.732, ('merge', 'final'): 701.936, ('merge', 'compact'): 702.103, ('merge', 'pack'): 702.128, ('merge', 'd2h'): 702.199, ('mrg2', 'start'): 702.301, ('mrg2', 'h2d'): 702.398, ('mrg2', 'count'): 702.425, ('mrg2', 'scan'): 702.465, ('mrg2', 'merge'): 702.668, ('mrg2', 'final'): 702.709, ('mrg2', 'compact'): 702.889, ('mrg2', 'pack'): 702.914, ('mrg2', 'd2h'): 702.984, ('mrg3', 'start'): 703.084, ('mrg3', 'h2d'): 703.179, ('mrg3', 'count'): 703.25, ('mrg3', 'scan'): 703.308, ('mrg3', 'merge'): 703.396, ('mrg3', 'pack'): 703.417, ('mrg3', 'd2h'): 703.488}",0.2321570646017789,0.5376287991181016
Mildly sparse,bcsstk09,1083,18437,1.5719305066378828,71289,71289,71289,71289,71289,0.0,,0.06299999999998818,0.27800000000002,0.06799999999998363,0.1750000000000682,0.4089999999999918,0.786,,,,,1.215,1.246,0.749,0.458,,0.43099999999992633,0.8899999999999864,0.9780000000000655,0.47700000000008913,0.20299999999997453,"{('cu', 'start'): 690.062, ('cu', 'h2dmalloc'): 690.127, ('cu', 'h2d'): 690.153, ('cu', 'workest'): 690.216, ('cu', 'compute'): 690.494, ('cu', 'copy'): 690.562, ('cu', 'pack'): 690.584, ('cu', 'd2h'): 690.759, ('gust', 'start'): 690.857, ('gust', 'h2d'): 690.947, ('gust', 'count'): 690.974, ('gust', 'scan'): 691.016, ('gust', 'expand'): 691.117, ('gust', 'sort'): 691.402, ('gust', 'reduce'): 691.57, ('gust', 'final'): 691.802, ('gust', 'pack'): 691.837, ('gust', 'd2h'): 691.894, ('merge', 'start'): 692.079, ('merge', 'h2d'): 692.17, ('merge', 'count'): 692.195, ('merge', 'scan'): 692.235, ('merge', 'expand'): 692.374, ('merge', 'merge'): 692.756, ('merge', 'final'): 692.921, ('merge', 'compact'): 693.111, ('merge', 'pack'): 693.148, ('merge', 'd2h'): 693.208, ('mrg2', 'start'): 693.339, ('mrg2', 'h2d'): 693.454, ('mrg2', 'count'): 693.492, ('mrg2', 'scan'): 693.547, ('mrg2', 'merge'): 693.74, ('mrg2', 'final'): 693.787, ('mrg2', 'compact'): 693.906, ('mrg2', 'pack'): 693.931, ('mrg2', 'd2h'): 693.987, ('mrg3', 'start'): 694.096, ('mrg3', 'h2d'): 694.192, ('mrg3', 'count'): 694.247, ('mrg3', 'scan'): 694.308, ('mrg3', 'merge'): 694.376, ('mrg3', 'pack'): 694.395, ('mrg3', 'd2h'): 694.452}",0.1308119390159845,0.3395871997345239
Mildly sparse,bcsstm02,66,66,1.5151515151515151,66,66,66,66,66,0.0,,0.053999999999973625,0.16000000000008185,0.053999999999973625,0.028999999999996362,0.2680000000000291,0.502,,,,,0.423,0.381,0.337,0.285,,0.2900000000000773,0.2520000000000664,0.18899999999996453,0.16499999999996362,0.11599999999998545,"{('cu', 'start'): 662.629, ('cu', 'h2dmalloc'): 662.706, ('cu', 'h2d'): 662.727, ('cu', 'workest'): 662.781, ('cu', 'compute'): 662.941, ('cu', 'copy'): 662.995, ('cu', 'pack'): 663.017, ('cu', 'd2h'): 663.046, ('gust', 'start'): 663.138, ('gust', 'h2d'): 663.212, ('gust', 'count'): 663.236, ('gust', 'scan'): 663.273, ('gust', 'expand'): 663.301, ('gust', 'sort'): 663.346, ('gust', 'reduce'): 663.388, ('gust', 'final'): 663.443, ('gust', 'pack'): 663.464, ('gust', 'd2h'): 663.474, ('merge', 'start'): 663.575, ('merge', 'h2d'): 663.658, ('merge', 'count'): 663.683, ('merge', 'scan'): 663.72, ('merge', 'expand'): 663.743, ('merge', 'merge'): 663.765, ('merge', 'final'): 663.801, ('merge', 'compact'): 663.829, ('merge', 'pack'): 663.847, ('merge', 'd2h'): 663.858, ('mrg2', 'start'): 663.957, ('mrg2', 'h2d'): 664.029, ('mrg2', 'count'): 664.052, ('mrg2', 'scan'): 664.087, ('mrg2', 'merge'): 664.111, ('mrg2', 'final'): 664.148, ('mrg2', 'compact'): 664.172, ('mrg2', 'pack'): 664.194, ('mrg2', 'd2h'): 664.207, ('mrg3', 'start'): 664.301, ('mrg3', 'h2d'): 664.373, ('mrg3', 'count'): 664.398, ('mrg3', 'scan'): 664.447, ('mrg3', 'merge'): 664.471, ('mrg3', 'pack'): 664.489, ('mrg3', 'd2h'): 664.5}",0.0471249222755432,0.1688320001354441
Mildly sparse,can_838,838,10010,1.4254304771560882,51156,51156,51156,51156,51156,0.0,,0.06299999999998818,0.2580000000000382,0.06600000000003092,0.13399999999990087,0.3870000000000573,0.701,,,,,0.868,1.075,0.498,0.395,,0.41000000000008185,0.5750000000000455,0.7930000000000064,0.28099999999994907,0.17799999999999727,"{('cu', 'start'): 684.99, ('cu', 'h2dmalloc'): 685.055, ('cu', 'h2d'): 685.078, ('cu', 'workest'): 685.141, ('cu', 'compute'): 685.399, ('cu', 'copy'): 685.465, ('cu', 'pack'): 685.488, ('cu', 'd2h'): 685.622, ('gust', 'start'): 685.699, ('gust', 'h2d'): 685.79, ('gust', 'count'): 685.816, ('gust', 'scan'): 685.855, ('gust', 'expand'): 685.9, ('gust', 'sort'): 686.16, ('gust', 'reduce'): 686.273, ('gust', 'final'): 686.34, ('gust', 'pack'): 686.365, ('gust', 'd2h'): 686.418, ('merge', 'start'): 686.581, ('merge', 'h2d'): 686.665, ('merge', 'count'): 686.693, ('merge', 'scan'): 686.732, ('merge', 'expand'): 686.811, ('merge', 'merge'): 687.364, ('merge', 'final'): 687.411, ('merge', 'compact'): 687.439, ('merge', 'pack'): 687.458, ('merge', 'd2h'): 687.504, ('mrg2', 'start'): 687.661, ('mrg2', 'h2d'): 687.739, ('mrg2', 'count'): 687.773, ('mrg2', 'scan'): 687.811, ('mrg2', 'merge'): 687.936, ('mrg2', 'final'): 687.972, ('mrg2', 'compact'): 687.999, ('mrg2', 'pack'): 688.02, ('mrg2', 'd2h'): 688.066, ('mrg3', 'start'): 688.167, ('mrg3', 'h2d'): 688.247, ('mrg3', 'count'): 688.293, ('mrg3', 'scan'): 688.348, ('mrg3', 'merge'): 688.403, ('mrg3', 'pack'): 688.425, ('mrg3', 'd2h'): 688.47}",0.0951960682868957,0.3585184006020426
Mildly sparse,bcsstk20,485,3135,1.3327665001594218,5545,5545,5545,5545,5545,0.0,,0.06000000000005912,0.15599999999994907,0.05700000000001637,0.029999999999972715,0.27300000000002456,0.488,,,,,0.543,0.427,0.382,0.317,,0.2960000000000491,0.33600000000001273,0.2420000000000755,0.19799999999997908,0.13900000000001,"{('cu', 'start'): 669.106, ('cu', 'h2dmalloc'): 669.168, ('cu', 'h2d'): 669.185, ('cu', 'workest'): 669.245, ('cu', 'compute'): 669.401, ('cu', 'copy'): 669.458, ('cu', 'pack'): 669.481, ('cu', 'd2h'): 669.511, ('gust', 'start'): 669.604, ('gust', 'h2d'): 669.688, ('gust', 'count'): 669.713, ('gust', 'scan'): 669.751, ('gust', 'expand'): 669.777, ('gust', 'sort'): 669.902, ('gust', 'reduce'): 669.946, ('gust', 'final'): 670.002, ('gust', 'pack'): 670.024, ('gust', 'd2h'): 670.037, ('merge', 'start'): 670.155, ('merge', 'h2d'): 670.237, ('merge', 'count'): 670.264, ('merge', 'scan'): 670.301, ('merge', 'expand'): 670.337, ('merge', 'merge'): 670.392, ('merge', 'final'): 670.434, ('merge', 'compact'): 670.46, ('merge', 'pack'): 670.479, ('merge', 'd2h'): 670.493, ('mrg2', 'start'): 670.59, ('mrg2', 'h2d'): 670.666, ('mrg2', 'count'): 670.692, ('mrg2', 'scan'): 670.728, ('mrg2', 'merge'): 670.774, ('mrg2', 'final'): 670.809, ('mrg2', 'compact'): 670.845, ('mrg2', 'pack'): 670.864, ('mrg2', 'd2h'): 670.879, ('mrg3', 'start'): 670.977, ('mrg3', 'h2d'): 671.053, ('mrg3', 'count'): 671.086, ('mrg3', 'scan'): 671.137, ('mrg3', 'merge'): 671.172, ('mrg3', 'pack'): 671.192, ('mrg3', 'd2h'): 671.205}",0.0639951322227716,0.2167008003452792
Mildly sparse,can_715,715,6665,1.3037312338011637,39785,39785,39785,39785,39785,0.0,,0.06600000000003092,0.26700000000005275,0.06499999999994088,0.13900000000001,0.39800000000002456,0.726,,,,,0.899,2.001,0.636,0.605,,0.41800000000000637,0.6730000000000018,1.7799999999999727,0.4249999999999545,0.38900000000001,"{('cu', 'start'): 697.966, ('cu', 'h2dmalloc'): 698.031, ('cu', 'h2d'): 698.05, ('cu', 'workest'): 698.116, ('cu', 'compute'): 698.383, ('cu', 'copy'): 698.448, ('cu', 'pack'): 698.468, ('cu', 'd2h'): 698.607, ('gust', 'start'): 698.7, ('gust', 'h2d'): 698.783, ('gust', 'count'): 698.808, ('gust', 'scan'): 698.85, ('gust', 'expand'): 698.884, ('gust', 'sort'): 699.163, ('gust', 'reduce'): 699.276, ('gust', 'final'): 699.432, ('gust', 'pack'): 699.456, ('gust', 'd2h'): 699.499, ('merge', 'start'): 699.607, ('merge', 'h2d'): 699.69, ('merge', 'count'): 699.719, ('merge', 'scan'): 699.758, ('merge', 'expand'): 699.885, ('merge', 'merge'): 701.384, ('merge', 'final'): 701.426, ('merge', 'compact'): 701.451, ('merge', 'pack'): 701.47, ('merge', 'd2h'): 701.505, ('mrg2', 'start'): 701.616, ('mrg2', 'h2d'): 701.695, ('mrg2', 'count'): 701.723, ('mrg2', 'scan'): 701.761, ('mrg2', 'merge'): 702.041, ('mrg2', 'final'): 702.078, ('mrg2', 'compact'): 702.1, ('mrg2', 'pack'): 702.12, ('mrg2', 'd2h'): 702.155, ('mrg3', 'start'): 702.259, ('mrg3', 'h2d'): 702.342, ('mrg3', 'count'): 702.483, ('mrg3', 'scan'): 702.537, ('mrg3', 'merge'): 702.71, ('mrg3', 'pack'): 702.731, ('mrg3', 'd2h'): 702.765}",0.0805750023573637,0.377903999411501
Mildly sparse,bcsstk24,3562,159910,1.2603402122535554,446474,446474,446474,446474,446474,0.0,,0.1490000000000009,0.8530000000000655,0.20100000000002183,0.7339999999999236,1.2030000000000882,2.416,,,,,3.389,4.096,1.775,1.647,,1.2990000000000919,2.495999999999981,3.227999999999952,0.9090000000001055,0.7770000000000437,"{('cu', 'start'): 762.634, ('cu', 'h2dmalloc'): 762.695, ('cu', 'h2d'): 762.829, ('cu', 'workest'): 762.978, ('cu', 'compute'): 763.831, ('cu', 'copy'): 764.032, ('cu', 'pack'): 764.128, ('cu', 'd2h'): 764.862, ('gust', 'start'): 765.062, ('gust', 'h2d'): 765.26, ('gust', 'count'): 765.294, ('gust', 'scan'): 765.343, ('gust', 'expand'): 765.56, ('gust', 'sort'): 766.778, ('gust', 'reduce'): 767.067, ('gust', 'final'): 767.657, ('gust', 'pack'): 767.756, ('gust', 'd2h'): 768.122, ('merge', 'start'): 768.458, ('merge', 'h2d'): 768.654, ('merge', 'count'): 768.689, ('merge', 'scan'): 768.738, ('merge', 'expand'): 769.268, ('merge', 'merge'): 771.232, ('merge', 'final'): 771.46, ('merge', 'compact'): 771.776, ('merge', 'pack'): 771.882, ('merge', 'd2h'): 772.25, ('mrg2', 'start'): 772.562, ('mrg2', 'h2d'): 772.757, ('mrg2', 'count'): 772.788, ('mrg2', 'scan'): 772.839, ('mrg2', 'merge'): 773.223, ('mrg2', 'final'): 773.27, ('mrg2', 'compact'): 773.566, ('mrg2', 'pack'): 773.666, ('mrg2', 'd2h'): 774.031, ('mrg3', 'start'): 774.346, ('mrg3', 'h2d'): 774.54, ('mrg3', 'count'): 774.748, ('mrg3', 'scan'): 774.815, ('mrg3', 'merge'): 775.228, ('mrg3', 'pack'): 775.317, ('mrg3', 'd2h'): 775.68}",2.6039909571409225,0.6357856021495536
Mildly sparse,bcsstk16,4884,290378,1.2173414200441228,1038782,1038782,1038782,1038782,1038782,0.0,,0.17700000000002092,1.2649999999999864,0.20000000000004547,1.2380000000000564,1.6420000000000528,3.338,,,,,5.917,9.419,2.19,2.487,,1.7309999999999945,4.367999999999938,8.572000000000003,1.4399999999999409,1.7690000000000055,"{('cu', 'start'): 793.847, ('cu', 'h2dmalloc'): 793.908, ('cu', 'h2d'): 794.083, ('cu', 'workest'): 794.26, ('cu', 'compute'): 795.525, ('cu', 'copy'): 795.725, ('cu', 'pack'): 795.814, ('cu', 'd2h'): 797.052, ('gust', 'start'): 797.194, ('gust', 'h2d'): 797.61, ('gust', 'count'): 797.781, ('gust', 'scan'): 797.828, ('gust', 'expand'): 798.161, ('gust', 'sort'): 800.749, ('gust', 'reduce'): 801.136, ('gust', 'final'): 801.881, ('gust', 'pack'): 801.978, ('gust', 'd2h'): 802.714, ('merge', 'start'): 803.119, ('merge', 'h2d'): 803.359, ('merge', 'count'): 803.45, ('merge', 'scan'): 803.5, ('merge', 'expand'): 804.742, ('merge', 'merge'): 811.247, ('merge', 'final'): 811.481, ('merge', 'compact'): 811.807, ('merge', 'pack'): 811.931, ('merge', 'd2h'): 812.243, ('mrg2', 'start'): 812.545, ('mrg2', 'h2d'): 812.695, ('mrg2', 'count'): 812.772, ('mrg2', 'scan'): 812.813, ('mrg2', 'merge'): 813.739, ('mrg2', 'final'): 813.777, ('mrg2', 'compact'): 814.05, ('mrg2', 'pack'): 814.135, ('mrg2', 'd2h'): 814.451, ('mrg3', 'start'): 814.741, ('mrg3', 'h2d'): 814.893, ('mrg3', 'count'): 815.548, ('mrg3', 'scan'): 815.6, ('mrg3', 'merge'): 816.572, ('mrg3', 'pack'): 816.662, ('mrg3', 'd2h'): 816.973}",6.905617192387581,0.8187968028942123
Mildly sparse,bcsstk28,4410,219024,1.1261974177426073,596072,596072,596072,596072,596072,0.0,,0.12400000000002365,1.0009999999999764,0.21699999999998454,0.7730000000000246,1.3419999999999845,2.564,,,,,3.953,6.034,2.087,1.923,,1.4519999999999982,3.0109999999999673,5.112999999999943,1.1759999999999309,1.02800000000002,"{('cu', 'start'): 760.187, ('cu', 'h2dmalloc'): 760.247, ('cu', 'h2d'): 760.381, ('cu', 'workest'): 760.505, ('cu', 'compute'): 761.506, ('cu', 'copy'): 761.723, ('cu', 'pack'): 761.833, ('cu', 'd2h'): 762.606, ('gust', 'start'): 762.766, ('gust', 'h2d'): 762.979, ('gust', 'count'): 763.013, ('gust', 'scan'): 763.057, ('gust', 'expand'): 763.34, ('gust', 'sort'): 765.005, ('gust', 'reduce'): 765.309, ('gust', 'final'): 765.896, ('gust', 'pack'): 765.99, ('gust', 'd2h'): 766.416, ('merge', 'start'): 766.723, ('merge', 'h2d'): 766.918, ('merge', 'count'): 766.961, ('merge', 'scan'): 767.003, ('merge', 'expand'): 767.902, ('merge', 'merge'): 771.41, ('merge', 'final'): 771.632, ('merge', 'compact'): 771.943, ('merge', 'pack'): 772.031, ('merge', 'd2h'): 772.458, ('mrg2', 'start'): 772.765, ('mrg2', 'h2d'): 772.969, ('mrg2', 'count'): 773.006, ('mrg2', 'scan'): 773.05, ('mrg2', 'merge'): 773.73, ('mrg2', 'final'): 773.775, ('mrg2', 'compact'): 774.058, ('mrg2', 'pack'): 774.145, ('mrg2', 'd2h'): 774.57, ('mrg3', 'start'): 774.861, ('mrg3', 'h2d'): 775.052, ('mrg3', 'count'): 775.362, ('mrg3', 'scan'): 775.42, ('mrg3', 'merge'): 775.989, ('mrg3', 'pack'): 776.08, ('mrg3', 'd2h'): 776.502}",5.049543222412467,0.7452799970749766
Mildly sparse,bcsstk08,1074,12960,1.1235604381885709,305612,305612,305612,305612,305612,0.0,,0.08399999999994634,0.3909999999999627,0.1430000000000291,0.40599999999994907,0.6179999999999382,1.431,,,,,2.053,21.659,2.689,1.694,,0.7459999999999809,1.4809999999999945,21.105000000000018,2.136000000000081,1.1309999999999718,"{('cu', 'start'): 775.579, ('cu', 'h2dmalloc'): 775.649, ('cu', 'h2d'): 775.676, ('cu', 'workest'): 775.76, ('cu', 'compute'): 776.151, ('cu', 'copy'): 776.294, ('cu', 'pack'): 776.422, ('cu', 'd2h'): 776.828, ('gust', 'start'): 777.022, ('gust', 'h2d'): 777.118, ('gust', 'count'): 777.165, ('gust', 'scan'): 777.22, ('gust', 'expand'): 777.435, ('gust', 'sort'): 777.783, ('gust', 'reduce'): 778.0, ('gust', 'final'): 778.487, ('gust', 'pack'): 778.599, ('gust', 'd2h'): 778.805, ('merge', 'start'): 779.081, ('merge', 'h2d'): 779.174, ('merge', 'count'): 779.215, ('merge', 'scan'): 779.261, ('merge', 'expand'): 779.877, ('merge', 'merge'): 799.659, ('merge', 'final'): 799.911, ('merge', 'compact'): 800.177, ('merge', 'pack'): 800.279, ('merge', 'd2h'): 800.484, ('mrg2', 'start'): 800.751, ('mrg2', 'h2d'): 800.843, ('mrg2', 'count'): 800.893, ('mrg2', 'scan'): 800.939, ('mrg2', 'merge'): 802.558, ('mrg2', 'final'): 802.608, ('mrg2', 'compact'): 802.872, ('mrg2', 'pack'): 802.979, ('mrg2', 'd2h'): 803.184, ('mrg3', 'start'): 803.449, ('mrg3', 'h2d'): 803.542, ('mrg3', 'count'): 803.92, ('mrg3', 'scan'): 803.992, ('mrg3', 'merge'): 804.573, ('mrg3', 'pack'): 804.673, ('mrg3', 'd2h'): 804.881}",0.137491850182414,0.4188992006937042
Mildly sparse,can_1054,1054,12196,1.097832779436069,60248,60248,60248,60248,60248,0.0,,0.06399999999996453,0.2699999999999818,0.06400000000007822,0.1490000000000009,0.39800000000002456,0.743,,,,,1.035,1.168,0.526,0.434,,0.4199999999999591,0.7350000000000136,0.8569999999999709,0.2980000000000018,0.19500000000005002,"{('cu', 'start'): 685.512, ('cu', 'h2dmalloc'): 685.577, ('cu', 'h2d'): 685.6, ('cu', 'workest'): 685.664, ('cu', 'compute'): 685.934, ('cu', 'copy'): 685.998, ('cu', 'pack'): 686.02, ('cu', 'd2h'): 686.169, ('gust', 'start'): 686.265, ('gust', 'h2d'): 686.348, ('gust', 'count'): 686.374, ('gust', 'scan'): 686.416, ('gust', 'expand'): 686.524, ('gust', 'sort'): 686.798, ('gust', 'reduce'): 686.909, ('gust', 'final'): 687.05, ('gust', 'pack'): 687.083, ('gust', 'd2h'): 687.132, ('merge', 'start'): 687.309, ('merge', 'h2d'): 687.393, ('merge', 'count'): 687.421, ('merge', 'scan'): 687.471, ('merge', 'expand'): 687.616, ('merge', 'merge'): 688.157, ('merge', 'final'): 688.201, ('merge', 'compact'): 688.23, ('merge', 'pack'): 688.25, ('merge', 'd2h'): 688.299, ('mrg2', 'start'): 688.483, ('mrg2', 'h2d'): 688.567, ('mrg2', 'count'): 688.591, ('mrg2', 'scan'): 688.632, ('mrg2', 'merge'): 688.778, ('mrg2', 'final'): 688.815, ('mrg2', 'compact'): 688.84, ('mrg2', 'pack'): 688.865, ('mrg2', 'd2h'): 688.913, ('mrg3', 'start'): 689.016, ('mrg3', 'h2d'): 689.096, ('mrg3', 'count'): 689.149, ('mrg3', 'scan'): 689.203, ('mrg3', 'merge'): 689.27, ('mrg3', 'pack'): 689.291, ('mrg3', 'd2h'): 689.339}",0.1100669614970684,0.3616288001881912
Mildly sparse,can_1072,1072,12444,1.0828553129873024,62316,62316,62316,62316,62316,0.0,,0.06100000000003547,0.2659999999999627,0.06399999999996453,0.14600000000007185,0.3909999999999627,0.732,,,,,1.002,1.248,0.54,0.438,,0.41399999999998727,0.7119999999999891,1.0270000000000437,0.3079999999999927,0.21600000000000819,"{('cu', 'start'): 680.593, ('cu', 'h2dmalloc'): 680.655, ('cu', 'h2d'): 680.688, ('cu', 'workest'): 680.749, ('cu', 'compute'): 681.015, ('cu', 'copy'): 681.079, ('cu', 'pack'): 681.102, ('cu', 'd2h'): 681.248, ('gust', 'start'): 681.338, ('gust', 'h2d'): 681.425, ('gust', 'count'): 681.453, ('gust', 'scan'): 681.494, ('gust', 'expand'): 681.594, ('gust', 'sort'): 681.857, ('gust', 'reduce'): 681.97, ('gust', 'final'): 682.102, ('gust', 'pack'): 682.137, ('gust', 'd2h'): 682.191, ('merge', 'start'): 682.344, ('merge', 'h2d'): 682.424, ('merge', 'count'): 682.451, ('merge', 'scan'): 682.488, ('merge', 'expand'): 682.624, ('merge', 'merge'): 683.236, ('merge', 'final'): 683.281, ('merge', 'compact'): 683.424, ('merge', 'pack'): 683.451, ('merge', 'd2h'): 683.506, ('mrg2', 'start'): 683.601, ('mrg2', 'h2d'): 683.689, ('mrg2', 'count'): 683.717, ('mrg2', 'scan'): 683.755, ('mrg2', 'merge'): 683.906, ('mrg2', 'final'): 683.943, ('mrg2', 'compact'): 683.975, ('mrg2', 'pack'): 683.997, ('mrg2', 'd2h'): 684.051, ('mrg3', 'start'): 684.147, ('mrg3', 'h2d'): 684.227, ('mrg3', 'count'): 684.289, ('mrg3', 'scan'): 684.345, ('mrg3', 'merge'): 684.421, ('mrg3', 'pack'): 684.443, ('mrg3', 'd2h'): 684.496}",0.1363488845527172,0.3639359998051077
Mildly sparse,bcsstk19,817,6853,1.0266835857969194,18305,18305,18305,18305,18305,0.0,,0.06400000000007822,0.18200000000001637,0.05999999999994543,0.03600000000005821,0.30600000000004,0.541,,,,,0.57,0.462,0.389,0.355,,0.3269999999999982,0.3529999999999518,0.25099999999997635,0.19000000000005457,0.15800000000001546,"{('cu', 'start'): 677.392, ('cu', 'h2dmalloc'): 677.455, ('cu', 'h2d'): 677.473, ('cu', 'workest'): 677.537, ('cu', 'compute'): 677.719, ('cu', 'copy'): 677.779, ('cu', 'pack'): 677.8, ('cu', 'd2h'): 677.836, ('gust', 'start'): 677.941, ('gust', 'h2d'): 678.024, ('gust', 'count'): 678.047, ('gust', 'scan'): 678.086, ('gust', 'expand'): 678.111, ('gust', 'sort'): 678.244, ('gust', 'reduce'): 678.287, ('gust', 'final'): 678.346, ('gust', 'pack'): 678.377, ('gust', 'd2h'): 678.406, ('merge', 'start'): 678.516, ('merge', 'h2d'): 678.606, ('merge', 'count'): 678.63, ('merge', 'scan'): 678.669, ('merge', 'expand'): 678.703, ('merge', 'merge'): 678.771, ('merge', 'final'): 678.814, ('merge', 'compact'): 678.84, ('merge', 'pack'): 678.857, ('merge', 'd2h'): 678.879, ('mrg2', 'start'): 678.985, ('mrg2', 'h2d'): 679.064, ('mrg2', 'count'): 679.088, ('mrg2', 'scan'): 679.125, ('mrg2', 'merge'): 679.17, ('mrg2', 'final'): 679.207, ('mrg2', 'compact'): 679.235, ('mrg2', 'pack'): 679.254, ('mrg2', 'd2h'): 679.276, ('mrg3', 'start'): 679.38, ('mrg3', 'h2d'): 679.457, ('mrg3', 'count'): 679.491, ('mrg3', 'scan'): 679.554, ('mrg3', 'merge'): 679.592, ('mrg3', 'pack'): 679.615, ('mrg3', 'd2h'): 679.637}",0.0575080048292875,0.3434239999158308
Highly sparse,bcsstm12,1473,19659,0.9060578533079476,53615,53615,53615,53615,53615,0.0,,0.06600000000003092,0.26099999999996726,0.06600000000003092,0.15499999999997272,0.3930000000000291,0.754,,,,,1.134,1.003,0.579,0.422,,0.41700000000003,0.8360000000000127,0.7760000000000673,0.35000000000002274,0.19299999999998363,"{('cu', 'start'): 677.277, ('cu', 'h2dmalloc'): 677.341, ('cu', 'h2d'): 677.376, ('cu', 'workest'): 677.442, ('cu', 'compute'): 677.703, ('cu', 'copy'): 677.769, ('cu', 'pack'): 677.793, ('cu', 'd2h'): 677.948, ('gust', 'start'): 678.041, ('gust', 'h2d'): 678.14, ('gust', 'count'): 678.168, ('gust', 'scan'): 678.208, ('gust', 'expand'): 678.31, ('gust', 'sort'): 678.573, ('gust', 'reduce'): 678.739, ('gust', 'final'): 678.939, ('gust', 'pack'): 678.976, ('gust', 'd2h'): 679.024, ('merge', 'start'): 679.183, ('merge', 'h2d'): 679.276, ('merge', 'count'): 679.307, ('merge', 'scan'): 679.35, ('merge', 'expand'): 679.479, ('merge', 'merge'): 679.754, ('merge', 'final'): 679.868, ('merge', 'compact'): 680.026, ('merge', 'pack'): 680.052, ('merge', 'd2h'): 680.101, ('mrg2', 'start'): 680.192, ('mrg2', 'h2d'): 680.285, ('mrg2', 'count'): 680.311, ('mrg2', 'scan'): 680.351, ('mrg2', 'merge'): 680.484, ('mrg2', 'final'): 680.52, ('mrg2', 'compact'): 680.607, ('mrg2', 'pack'): 680.635, ('mrg2', 'd2h'): 680.684, ('mrg3', 'start'): 680.776, ('mrg3', 'h2d'): 680.863, ('mrg3', 'count'): 680.913, ('mrg3', 'scan'): 680.968, ('mrg3', 'merge'): 681.033, ('mrg3', 'pack'): 681.056, ('mrg3', 'd2h'): 681.104}",0.2329139970242977,0.3576511999359354
Highly sparse,bcsstm03,112,112,0.8928571428571428,112,112,112,112,112,0.0,,0.053999999999973625,0.1490000000000009,0.05700000000001637,0.028999999999996362,0.2599999999999909,0.474,,,,,0.482,0.367,0.333,0.295,,0.2829999999999018,0.2880000000000109,0.19200000000000728,0.1610000000000582,0.125,"{('cu', 'start'): 680.735, ('cu', 'h2dmalloc'): 680.798, ('cu', 'h2d'): 680.815, ('cu', 'workest'): 680.869, ('cu', 'compute'): 681.018, ('cu', 'copy'): 681.075, ('cu', 'pack'): 681.098, ('cu', 'd2h'): 681.127, ('gust', 'start'): 681.223, ('gust', 'h2d'): 681.301, ('gust', 'count'): 681.324, ('gust', 'scan'): 681.37, ('gust', 'expand'): 681.394, ('gust', 'sort'): 681.439, ('gust', 'reduce'): 681.481, ('gust', 'final'): 681.542, ('gust', 'pack'): 681.589, ('gust', 'd2h'): 681.601, ('merge', 'start'): 681.709, ('merge', 'h2d'): 681.787, ('merge', 'count'): 681.81, ('merge', 'scan'): 681.846, ('merge', 'expand'): 681.869, ('merge', 'merge'): 681.891, ('merge', 'final'): 681.933, ('merge', 'compact'): 681.959, ('merge', 'pack'): 681.979, ('merge', 'd2h'): 681.99, ('mrg2', 'start'): 682.085, ('mrg2', 'h2d'): 682.156, ('mrg2', 'count'): 682.18, ('mrg2', 'scan'): 682.215, ('mrg2', 'merge'): 682.239, ('mrg2', 'final'): 682.272, ('mrg2', 'compact'): 682.298, ('mrg2', 'pack'): 682.317, ('mrg2', 'd2h'): 682.328, ('mrg3', 'start'): 682.425, ('mrg3', 'h2d'): 682.495, ('mrg3', 'count'): 682.52, ('mrg3', 'scan'): 682.578, ('mrg3', 'merge'): 682.602, ('mrg3', 'pack'): 682.62, ('mrg3', 'd2h'): 682.631}",0.0374051742255687,0.1717568001477047
Highly sparse,bcspwr05,443,1623,0.8270105834934192,4249,4249,4249,4249,4249,0.0,,0.05700000000001637,0.17499999999995453,0.059000000000082764,0.02699999999992997,0.29100000000005366,0.504,,,,,0.514,0.409,0.355,0.299,,0.31100000000003547,0.31799999999998363,0.23099999999999454,0.17599999999993088,0.125,"{('cu', 'start'): 666.773, ('cu', 'h2dmalloc'): 666.834, ('cu', 'h2d'): 666.856, ('cu', 'workest'): 666.913, ('cu', 'compute'): 667.088, ('cu', 'copy'): 667.147, ('cu', 'pack'): 667.167, ('cu', 'd2h'): 667.194, ('gust', 'start'): 667.289, ('gust', 'h2d'): 667.375, ('gust', 'count'): 667.4, ('gust', 'scan'): 667.439, ('gust', 'expand'): 667.462, ('gust', 'sort'): 667.575, ('gust', 'reduce'): 667.618, ('gust', 'final'): 667.674, ('gust', 'pack'): 667.693, ('gust', 'd2h'): 667.705, ('merge', 'start'): 667.808, ('merge', 'h2d'): 667.889, ('merge', 'count'): 667.912, ('merge', 'scan'): 667.948, ('merge', 'expand'): 667.987, ('merge', 'merge'): 668.04, ('merge', 'final'): 668.077, ('merge', 'compact'): 668.102, ('merge', 'pack'): 668.12, ('merge', 'd2h'): 668.133, ('mrg2', 'start'): 668.224, ('mrg2', 'h2d'): 668.306, ('mrg2', 'count'): 668.328, ('mrg2', 'scan'): 668.363, ('mrg2', 'merge'): 668.405, ('mrg2', 'final'): 668.439, ('mrg2', 'compact'): 668.463, ('mrg2', 'pack'): 668.482, ('mrg2', 'd2h'): 668.495, ('mrg3', 'start'): 668.585, ('mrg3', 'h2d'): 668.662, ('mrg3', 'count'): 668.691, ('mrg3', 'scan'): 668.74, ('mrg3', 'merge'): 668.77, ('mrg3', 'pack'): 668.787, ('mrg3', 'd2h'): 668.799}",0.0619099009782075,0.2155487996293232
Highly sparse,bcsstk26,1922,30336,0.8212049319939666,92530,92530,92530,92530,92530,0.0,,0.07399999999995543,0.2880000000000109,0.06700000000000728,0.18499999999994543,0.4289999999999736,0.932,,,,,1.32,1.367,0.775,0.497,,0.5130000000000337,1.0440000000000964,1.0979999999999563,0.5040000000000191,0.2259999999999991,"{('cu', 'start'): 686.836, ('cu', 'h2dmalloc'): 686.897, ('cu', 'h2d'): 686.937, ('cu', 'workest'): 687.011, ('cu', 'compute'): 687.299, ('cu', 'copy'): 687.366, ('cu', 'pack'): 687.45, ('cu', 'd2h'): 687.635, ('gust', 'start'): 687.775, ('gust', 'h2d'): 687.872, ('gust', 'count'): 687.901, ('gust', 'scan'): 687.94, ('gust', 'expand'): 688.09, ('gust', 'sort'): 688.366, ('gust', 'reduce'): 688.562, ('gust', 'final'): 688.882, ('gust', 'pack'): 688.916, ('gust', 'd2h'): 688.992, ('merge', 'start'): 689.103, ('merge', 'h2d'): 689.206, ('merge', 'count'): 689.238, ('merge', 'scan'): 689.278, ('merge', 'expand'): 689.487, ('merge', 'merge'): 689.961, ('merge', 'final'): 690.13, ('merge', 'compact'): 690.276, ('merge', 'pack'): 690.304, ('merge', 'd2h'): 690.381, ('mrg2', 'start'): 690.479, ('mrg2', 'h2d'): 690.585, ('mrg2', 'count'): 690.611, ('mrg2', 'scan'): 690.65, ('mrg2', 'merge'): 690.868, ('mrg2', 'final'): 690.911, ('mrg2', 'compact'): 691.063, ('mrg2', 'pack'): 691.089, ('mrg2', 'd2h'): 691.164, ('mrg3', 'start'): 691.26, ('mrg3', 'h2d'): 691.358, ('mrg3', 'count'): 691.422, ('mrg3', 'scan'): 691.478, ('mrg3', 'merge'): 691.56, ('mrg3', 'pack'): 691.584, ('mrg3', 'd2h'): 691.66}",0.5081109702587128,0.3727168002398685
Highly sparse,bcsstk33,8738,591904,0.775223972597465,2569536,2569536,2569536,2569536,2569536,0.0,,0.15800000000001546,2.27800000000002,0.17499999999995453,1.3110000000000355,2.61099999999999,4.355,,,,,10.357,21.917,4.585,5.109,,2.687000000000012,8.022000000000048,20.142999999999915,2.94399999999996,3.84699999999998,"{('cu', 'start'): 847.935, ('cu', 'h2dmalloc'): 847.986, ('cu', 'h2d'): 848.174, ('cu', 'workest'): 848.332, ('cu', 'compute'): 850.61, ('cu', 'copy'): 850.785, ('cu', 'pack'): 850.861, ('cu', 'd2h'): 852.172, ('gust', 'start'): 852.297, ('gust', 'h2d'): 853.563, ('gust', 'count'): 853.648, ('gust', 'scan'): 853.688, ('gust', 'expand'): 854.376, ('gust', 'sort'): 859.956, ('gust', 'reduce'): 860.535, ('gust', 'final'): 861.512, ('gust', 'pack'): 861.585, ('gust', 'd2h'): 862.35, ('merge', 'start'): 862.661, ('merge', 'h2d'): 863.277, ('merge', 'count'): 863.387, ('merge', 'scan'): 863.427, ('merge', 'expand'): 865.716, ('merge', 'merge'): 882.712, ('merge', 'final'): 883.015, ('merge', 'compact'): 883.35, ('merge', 'pack'): 883.42, ('merge', 'd2h'): 884.246, ('mrg2', 'start'): 884.585, ('mrg2', 'h2d'): 885.153, ('mrg2', 'count'): 885.261, ('mrg2', 'scan'): 885.301, ('mrg2', 'merge'): 887.632, ('mrg2', 'final'): 887.672, ('mrg2', 'compact'): 888.026, ('mrg2', 'pack'): 888.097, ('mrg2', 'd2h'): 888.865, ('mrg3', 'start'): 889.177, ('mrg3', 'h2d'): 889.412, ('mrg3', 'count'): 890.927, ('mrg3', 'scan'): 890.981, ('mrg3', 'merge'): 893.193, ('mrg3', 'pack'): 893.259, ('mrg3', 'd2h'): 894.021}",32.81728201545775,1.5695776004809885
Highly sparse,bcsstm04,132,132,0.7575757575757576,132,132,132,132,132,0.0,,0.06700000000000728,0.16300000000001091,0.06499999999994088,0.03300000000001546,0.2949999999999591,0.569,,,,,0.54,0.445,0.399,0.358,,0.32399999999995543,0.29899999999997817,0.22899999999992815,0.19299999999998363,0.13599999999996726,"{('cu', 'start'): 687.753, ('cu', 'h2dmalloc'): 687.84, ('cu', 'h2d'): 687.86, ('cu', 'workest'): 687.927, ('cu', 'compute'): 688.09, ('cu', 'copy'): 688.155, ('cu', 'pack'): 688.184, ('cu', 'd2h'): 688.217, ('gust', 'start'): 688.337, ('gust', 'h2d'): 688.428, ('gust', 'count'): 688.458, ('gust', 'scan'): 688.503, ('gust', 'expand'): 688.532, ('gust', 'sort'): 688.582, ('gust', 'reduce'): 688.632, ('gust', 'final'): 688.7, ('gust', 'pack'): 688.727, ('gust', 'd2h'): 688.738, ('merge', 'start'): 688.882, ('merge', 'h2d'): 688.974, ('merge', 'count'): 689.002, ('merge', 'scan'): 689.045, ('merge', 'expand'): 689.076, ('merge', 'merge'): 689.101, ('merge', 'final'): 689.147, ('merge', 'compact'): 689.181, ('merge', 'pack'): 689.203, ('merge', 'd2h'): 689.22, ('mrg2', 'start'): 689.337, ('mrg2', 'h2d'): 689.424, ('mrg2', 'count'): 689.452, ('mrg2', 'scan'): 689.493, ('mrg2', 'merge'): 689.524, ('mrg2', 'final'): 689.563, ('mrg2', 'compact'): 689.594, ('mrg2', 'pack'): 689.617, ('mrg2', 'd2h'): 689.629, ('mrg3', 'start'): 689.746, ('mrg3', 'h2d'): 689.847, ('mrg3', 'count'): 689.876, ('mrg3', 'scan'): 689.933, ('mrg3', 'merge'): 689.962, ('mrg3', 'pack'): 689.983, ('mrg3', 'd2h'): 689.996}",0.0482748728245496,0.1731647994369268
Highly sparse,bcsstk15,3948,117816,0.7558750073139261,527688,527688,527688,527688,527688,0.0,,0.1290000000000191,0.7620000000000573,0.18899999999996453,0.6879999999999882,1.080000000000041,2.182,,,,,2.684,3.309,1.696,1.567,,1.1700000000000728,1.8700000000000045,2.477999999999952,0.8949999999999818,0.7400000000000091,"{('cu', 'start'): 731.557, ('cu', 'h2dmalloc'): 731.621, ('cu', 'h2d'): 731.708, ('cu', 'workest'): 731.837, ('cu', 'compute'): 732.599, ('cu', 'copy'): 732.788, ('cu', 'pack'): 732.878, ('cu', 'd2h'): 733.566, ('gust', 'start'): 733.749, ('gust', 'h2d'): 733.898, ('gust', 'count'): 733.929, ('gust', 'scan'): 733.973, ('gust', 'expand'): 734.156, ('gust', 'sort'): 734.89, ('gust', 'reduce'): 735.101, ('gust', 'final'): 735.666, ('gust', 'pack'): 735.768, ('gust', 'd2h'): 736.116, ('merge', 'start'): 736.44, ('merge', 'h2d'): 736.596, ('merge', 'count'): 736.63, ('merge', 'scan'): 736.672, ('merge', 'expand'): 737.047, ('merge', 'merge'): 738.446, ('merge', 'final'): 738.668, ('merge', 'compact'): 738.979, ('merge', 'pack'): 739.074, ('merge', 'd2h'): 739.43, ('mrg2', 'start'): 739.757, ('mrg2', 'h2d'): 739.902, ('mrg2', 'count'): 739.932, ('mrg2', 'scan'): 739.973, ('mrg2', 'merge'): 740.354, ('mrg2', 'final'): 740.397, ('mrg2', 'compact'): 740.701, ('mrg2', 'pack'): 740.797, ('mrg2', 'd2h'): 741.144, ('mrg3', 'start'): 741.461, ('mrg3', 'h2d'): 741.614, ('mrg3', 'count'): 741.812, ('mrg3', 'scan'): 741.872, ('mrg3', 'merge'): 742.269, ('mrg3', 'pack'): 742.354, ('mrg3', 'd2h'): 742.701}",3.4469510428607464,0.432300799828954
Highly sparse,bcsstm22,138,138,0.7246376811594203,138,138,138,138,138,0.0,,0.06899999999995998,0.17899999999997362,0.07100000000002638,0.02800000000002001,0.31899999999996,0.551,,,,,0.502,0.398,0.384,0.314,,0.34399999999993724,0.2820000000000391,0.20699999999999363,0.19200000000000728,0.12800000000004275,"{('cu', 'start'): 711.968, ('cu', 'h2dmalloc'): 712.031, ('cu', 'h2d'): 712.051, ('cu', 'workest'): 712.12, ('cu', 'compute'): 712.299, ('cu', 'copy'): 712.37, ('cu', 'pack'): 712.395, ('cu', 'd2h'): 712.423, ('gust', 'start'): 712.528, ('gust', 'h2d'): 712.622, ('gust', 'count'): 712.646, ('gust', 'scan'): 712.693, ('gust', 'expand'): 712.716, ('gust', 'sort'): 712.769, ('gust', 'reduce'): 712.815, ('gust', 'final'): 712.879, ('gust', 'pack'): 712.904, ('gust', 'd2h'): 712.915, ('merge', 'start'): 713.035, ('merge', 'h2d'): 713.114, ('merge', 'count'): 713.137, ('merge', 'scan'): 713.178, ('merge', 'expand'): 713.203, ('merge', 'merge'): 713.227, ('merge', 'final'): 713.272, ('merge', 'compact'): 713.298, ('merge', 'pack'): 713.321, ('merge', 'd2h'): 713.333, ('mrg2', 'start'): 713.441, ('mrg2', 'h2d'): 713.518, ('mrg2', 'count'): 713.552, ('mrg2', 'scan'): 713.595, ('mrg2', 'merge'): 713.621, ('mrg2', 'final'): 713.659, ('mrg2', 'compact'): 713.686, ('mrg2', 'pack'): 713.71, ('mrg2', 'd2h'): 713.723, ('mrg3', 'start'): 713.831, ('mrg3', 'h2d'): 713.906, ('mrg3', 'count'): 713.929, ('mrg3', 'scan'): 713.988, ('mrg3', 'merge'): 714.012, ('mrg3', 'pack'): 714.034, ('mrg3', 'd2h'): 714.045}",0.0497139990329742,0.1706847995752468
Highly sparse,bp_1600,822,4841,0.7164591732229859,23625,23625,23625,23625,23625,0.0,,0.06500000000005457,0.18999999999994088,0.06000000000005912,0.04000000000007731,0.31500000000005457,0.538,,,,,0.61,17.436,1.62,0.829,,0.33199999999999363,0.40599999999994907,17.23599999999999,1.4239999999999782,0.6469999999999345,"{('cu', 'start'): 754.991, ('cu', 'h2dmalloc'): 755.055, ('cu', 'h2d'): 755.074, ('cu', 'workest'): 755.139, ('cu', 'compute'): 755.329, ('cu', 'copy'): 755.389, ('cu', 'pack'): 755.406, ('cu', 'd2h'): 755.446, ('gust', 'start'): 755.537, ('gust', 'h2d'): 755.615, ('gust', 'count'): 755.671, ('gust', 'scan'): 755.711, ('gust', 'expand'): 755.768, ('gust', 'sort'): 755.903, ('gust', 'reduce'): 755.947, ('gust', 'final'): 756.002, ('gust', 'pack'): 756.021, ('gust', 'd2h'): 756.053, ('merge', 'start'): 756.155, ('merge', 'h2d'): 756.234, ('merge', 'count'): 756.27, ('merge', 'scan'): 756.308, ('merge', 'expand'): 756.565, ('merge', 'merge'): 773.384, ('merge', 'final'): 773.429, ('merge', 'compact'): 773.453, ('merge', 'pack'): 773.47, ('merge', 'd2h'): 773.495, ('mrg2', 'start'): 773.598, ('mrg2', 'h2d'): 773.682, ('mrg2', 'count'): 773.723, ('mrg2', 'scan'): 773.761, ('mrg2', 'merge'): 775.028, ('mrg2', 'final'): 775.065, ('mrg2', 'compact'): 775.088, ('mrg2', 'pack'): 775.106, ('mrg2', 'd2h'): 775.13, ('mrg3', 'start'): 775.225, ('mrg3', 'h2d'): 775.301, ('mrg3', 'count'): 775.567, ('mrg3', 'scan'): 775.619, ('mrg3', 'merge'): 775.927, ('mrg3', 'pack'): 775.948, ('mrg3', 'd2h'): 775.972}",0.0767370220273733,0.3459680002182722
Highly sparse,bp_1400,822,4790,0.7089112662132002,23154,23154,23154,23154,23154,0.0,,0.06200000000001182,0.17799999999999727,0.06100000000003547,0.043000000000006366,0.30100000000004457,0.522,,,,,0.6,17.751,1.618,0.839,,0.31799999999998363,0.3909999999999627,17.537000000000035,1.3959999999999582,0.6490000000000009,"{('cu', 'start'): 736.459, ('cu', 'h2dmalloc'): 736.519, ('cu', 'h2d'): 736.539, ('cu', 'workest'): 736.601, ('cu', 'compute'): 736.779, ('cu', 'copy'): 736.84, ('cu', 'pack'): 736.857, ('cu', 'd2h'): 736.9, ('gust', 'start'): 736.989, ('gust', 'h2d'): 737.067, ('gust', 'count'): 737.109, ('gust', 'scan'): 737.148, ('gust', 'expand'): 737.206, ('gust', 'sort'): 737.341, ('gust', 'reduce'): 737.384, ('gust', 'final'): 737.439, ('gust', 'pack'): 737.458, ('gust', 'd2h'): 737.489, ('merge', 'start'): 737.596, ('merge', 'h2d'): 737.674, ('merge', 'count'): 737.712, ('merge', 'scan'): 737.752, ('merge', 'expand'): 738.009, ('merge', 'merge'): 755.115, ('merge', 'final'): 755.165, ('merge', 'compact'): 755.189, ('merge', 'pack'): 755.211, ('merge', 'd2h'): 755.237, ('mrg2', 'start'): 755.356, ('mrg2', 'h2d'): 755.446, ('mrg2', 'count'): 755.484, ('mrg2', 'scan'): 755.521, ('mrg2', 'merge'): 756.761, ('mrg2', 'final'): 756.8, ('mrg2', 'compact'): 756.824, ('mrg2', 'pack'): 756.842, ('mrg2', 'd2h'): 756.868, ('mrg3', 'start'): 756.98, ('mrg3', 'h2d'): 757.061, ('mrg3', 'count'): 757.326, ('mrg3', 'scan'): 757.38, ('mrg3', 'merge'): 757.688, ('mrg3', 'pack'): 757.71, ('mrg3', 'd2h'): 757.735}",0.0865249894559383,0.260937601653859
Highly sparse,bp_1200,822,4726,0.6994393829068026,22313,22313,22313,22313,22313,0.0,,0.05700000000001637,0.18099999999992633,0.059000000000082764,0.04100000000005366,0.29700000000002547,0.526,,,,,0.613,17.897,1.606,0.831,,0.3149999999999409,0.39599999999995816,17.696000000000026,1.4060000000000628,0.6480000000000246,"{('cu', 'start'): 738.107, ('cu', 'h2dmalloc'): 738.173, ('cu', 'h2d'): 738.191, ('cu', 'workest'): 738.248, ('cu', 'compute'): 738.429, ('cu', 'copy'): 738.488, ('cu', 'pack'): 738.506, ('cu', 'd2h'): 738.547, ('gust', 'start'): 738.645, ('gust', 'h2d'): 738.729, ('gust', 'count'): 738.764, ('gust', 'scan'): 738.804, ('gust', 'expand'): 738.862, ('gust', 'sort'): 738.995, ('gust', 'reduce'): 739.038, ('gust', 'final'): 739.103, ('gust', 'pack'): 739.125, ('gust', 'd2h'): 739.157, ('merge', 'start'): 739.263, ('merge', 'h2d'): 739.346, ('merge', 'count'): 739.384, ('merge', 'scan'): 739.421, ('merge', 'expand'): 739.674, ('merge', 'merge'): 756.957, ('merge', 'final'): 757.001, ('merge', 'compact'): 757.025, ('merge', 'pack'): 757.042, ('merge', 'd2h'): 757.066, ('mrg2', 'start'): 757.168, ('mrg2', 'h2d'): 757.251, ('mrg2', 'count'): 757.287, ('mrg2', 'scan'): 757.324, ('mrg2', 'merge'): 758.578, ('mrg2', 'final'): 758.615, ('mrg2', 'compact'): 758.64, ('mrg2', 'pack'): 758.657, ('mrg2', 'd2h'): 758.681, ('mrg3', 'start'): 758.78, ('mrg3', 'h2d'): 758.856, ('mrg3', 'count'): 759.118, ('mrg3', 'scan'): 759.171, ('mrg3', 'merge'): 759.483, ('mrg3', 'pack'): 759.504, ('mrg3', 'd2h'): 759.528}",0.0705299898982048,0.2591104017104954
Highly sparse,685_bus,685,3249,0.6924183494059353,9337,9337,9337,9337,9337,0.0,,0.06200000000001182,0.15599999999994907,0.07000000000005002,0.03499999999996817,0.2880000000000109,0.516,,,,,0.54,0.464,0.385,0.337,,0.31100000000003547,0.33600000000001273,0.2819999999999254,0.19900000000006912,0.15600000000006276,"{('cu', 'start'): 666.498, ('cu', 'h2dmalloc'): 666.558, ('cu', 'h2d'): 666.577, ('cu', 'workest'): 666.639, ('cu', 'compute'): 666.795, ('cu', 'copy'): 666.865, ('cu', 'pack'): 666.888, ('cu', 'd2h'): 666.923, ('gust', 'start'): 667.03, ('gust', 'h2d'): 667.109, ('gust', 'count'): 667.133, ('gust', 'scan'): 667.172, ('gust', 'expand'): 667.198, ('gust', 'sort'): 667.321, ('gust', 'reduce'): 667.365, ('gust', 'final'): 667.423, ('gust', 'pack'): 667.445, ('gust', 'd2h'): 667.468, ('merge', 'start'): 667.582, ('merge', 'h2d'): 667.657, ('merge', 'count'): 667.683, ('merge', 'scan'): 667.723, ('merge', 'expand'): 667.758, ('merge', 'merge'): 667.846, ('merge', 'final'): 667.888, ('merge', 'compact'): 667.916, ('merge', 'pack'): 667.939, ('merge', 'd2h'): 667.958, ('mrg2', 'start'): 668.057, ('mrg2', 'h2d'): 668.131, ('mrg2', 'count'): 668.156, ('mrg2', 'scan'): 668.195, ('mrg2', 'merge'): 668.244, ('mrg2', 'final'): 668.282, ('mrg2', 'compact'): 668.308, ('mrg2', 'pack'): 668.33, ('mrg2', 'd2h'): 668.35, ('mrg3', 'start'): 668.449, ('mrg3', 'h2d'): 668.521, ('mrg3', 'count'): 668.559, ('mrg3', 'scan'): 668.611, ('mrg3', 'merge'): 668.656, ('mrg3', 'pack'): 668.677, ('mrg3', 'd2h'): 668.697}",0.0866700429469347,0.2205951993586495
Highly sparse,bp_1000,822,4661,0.6898195014237425,21373,21373,21373,21373,21373,0.0,,0.06200000000001182,0.18200000000001637,0.06000000000005912,0.04099999999993997,0.3040000000000873,0.528,,,,,0.634,17.653,1.598,0.847,,0.32300000000009277,0.40999999999996817,17.46199999999999,1.3869999999999436,0.6630000000000109,"{('cu', 'start'): 753.376, ('cu', 'h2dmalloc'): 753.44, ('cu', 'h2d'): 753.459, ('cu', 'workest'): 753.521, ('cu', 'compute'): 753.703, ('cu', 'copy'): 753.763, ('cu', 'pack'): 753.782, ('cu', 'd2h'): 753.823, ('gust', 'start'): 753.923, ('gust', 'h2d'): 754.005, ('gust', 'count'): 754.044, ('gust', 'scan'): 754.094, ('gust', 'expand'): 754.159, ('gust', 'sort'): 754.295, ('gust', 'reduce'): 754.339, ('gust', 'final'): 754.395, ('gust', 'pack'): 754.415, ('gust', 'd2h'): 754.445, ('merge', 'start'): 754.552, ('merge', 'h2d'): 754.63, ('merge', 'count'): 754.669, ('merge', 'scan'): 754.711, ('merge', 'expand'): 754.959, ('merge', 'merge'): 772.007, ('merge', 'final'): 772.051, ('merge', 'compact'): 772.075, ('merge', 'pack'): 772.092, ('merge', 'd2h'): 772.115, ('mrg2', 'start'): 772.219, ('mrg2', 'h2d'): 772.302, ('mrg2', 'count'): 772.336, ('mrg2', 'scan'): 772.376, ('mrg2', 'merge'): 773.61, ('mrg2', 'final'): 773.648, ('mrg2', 'compact'): 773.671, ('mrg2', 'pack'): 773.689, ('mrg2', 'd2h'): 773.712, ('mrg3', 'start'): 773.824, ('mrg3', 'h2d'): 773.899, ('mrg3', 'count'): 774.174, ('mrg3', 'scan'): 774.228, ('mrg3', 'merge'): 774.54, ('mrg3', 'pack'): 774.562, ('mrg3', 'd2h'): 774.585}",0.0828828196972608,0.2622016009641811
Highly sparse,494_bus,494,1666,0.6826861610582045,4062,4062,4062,4062,4062,0.0,,0.05899999999996908,0.16599999999993997,0.06000000000005912,0.028999999999996362,0.28499999999996817,0.508,,,,,0.524,0.425,0.374,0.309,,0.3079999999999927,0.3250000000000455,0.24500000000000455,0.19299999999998363,0.1309999999999718,"{('cu', 'start'): 665.864, ('cu', 'h2dmalloc'): 665.928, ('cu', 'h2d'): 665.95, ('cu', 'workest'): 666.009, ('cu', 'compute'): 666.175, ('cu', 'copy'): 666.235, ('cu', 'pack'): 666.258, ('cu', 'd2h'): 666.287, ('gust', 'start'): 666.382, ('gust', 'h2d'): 666.466, ('gust', 'count'): 666.491, ('gust', 'scan'): 666.529, ('gust', 'expand'): 666.556, ('gust', 'sort'): 666.669, ('gust', 'reduce'): 666.713, ('gust', 'final'): 666.769, ('gust', 'pack'): 666.791, ('gust', 'd2h'): 666.804, ('merge', 'start'): 666.912, ('merge', 'h2d'): 666.992, ('merge', 'count'): 667.019, ('merge', 'scan'): 667.056, ('merge', 'expand'): 667.087, ('merge', 'merge'): 667.138, ('merge', 'final'): 667.19, ('merge', 'compact'): 667.217, ('merge', 'pack'): 667.237, ('merge', 'd2h'): 667.249, ('mrg2', 'start'): 667.345, ('mrg2', 'h2d'): 667.423, ('mrg2', 'count'): 667.448, ('mrg2', 'scan'): 667.485, ('mrg2', 'merge'): 667.533, ('mrg2', 'final'): 667.571, ('mrg2', 'compact'): 667.595, ('mrg2', 'pack'): 667.616, ('mrg2', 'd2h'): 667.632, ('mrg3', 'start'): 667.727, ('mrg3', 'h2d'): 667.803, ('mrg3', 'count'): 667.834, ('mrg3', 'scan'): 667.884, ('mrg3', 'merge'): 667.916, ('mrg3', 'pack'): 667.934, ('mrg3', 'd2h'): 667.948}",0.0658698845654726,0.250838399422355
Highly sparse,bp_800,822,4534,0.6710237329876096,20224,20224,20224,20224,20224,0.0,,0.06699999999989359,0.18400000000008276,0.057999999999992724,0.03700000000003456,0.3089999999999691,0.539,,,,,0.604,17.048,1.556,0.851,,0.3349999999999227,0.39600000000007185,16.851999999999975,1.3680000000000518,0.6690000000000964,"{('cu', 'start'): 704.935, ('cu', 'h2dmalloc'): 704.998, ('cu', 'h2d'): 705.017, ('cu', 'workest'): 705.084, ('cu', 'compute'): 705.268, ('cu', 'copy'): 705.326, ('cu', 'pack'): 705.352, ('cu', 'd2h'): 705.389, ('gust', 'start'): 705.489, ('gust', 'h2d'): 705.569, ('gust', 'count'): 705.602, ('gust', 'scan'): 705.642, ('gust', 'expand'): 705.7, ('gust', 'sort'): 705.833, ('gust', 'reduce'): 705.876, ('gust', 'final'): 705.942, ('gust', 'pack'): 705.965, ('gust', 'd2h'): 705.997, ('merge', 'start'): 706.1, ('merge', 'h2d'): 706.182, ('merge', 'count'): 706.219, ('merge', 'scan'): 706.256, ('merge', 'expand'): 706.497, ('merge', 'merge'): 722.953, ('merge', 'final'): 722.994, ('merge', 'compact'): 723.017, ('merge', 'pack'): 723.034, ('merge', 'd2h'): 723.059, ('mrg2', 'start'): 723.156, ('mrg2', 'h2d'): 723.233, ('mrg2', 'count'): 723.265, ('mrg2', 'scan'): 723.305, ('mrg2', 'merge'): 724.523, ('mrg2', 'final'): 724.561, ('mrg2', 'compact'): 724.583, ('mrg2', 'pack'): 724.601, ('mrg2', 'd2h'): 724.624, ('mrg3', 'start'): 724.725, ('mrg3', 'h2d'): 724.8, ('mrg3', 'count'): 725.075, ('mrg3', 'scan'): 725.127, ('mrg3', 'merge'): 725.448, ('mrg3', 'pack'): 725.469, ('mrg3', 'd2h'): 725.492}",0.0919150188565254,0.2558816007105634
Highly sparse,bcsstm05,153,153,0.6535947712418301,153,153,153,153,153,0.0,,0.057999999999992724,0.1610000000000582,0.05700000000001637,0.025999999999953616,0.2760000000000673,0.512,,,,,0.452,0.387,0.352,0.31,,0.3000000000000682,0.25100000000009004,0.18899999999996453,0.16399999999998727,0.11599999999998545,"{('cu', 'start'): 686.155, ('cu', 'h2dmalloc'): 686.222, ('cu', 'h2d'): 686.237, ('cu', 'workest'): 686.295, ('cu', 'compute'): 686.456, ('cu', 'copy'): 686.513, ('cu', 'pack'): 686.537, ('cu', 'd2h'): 686.563, ('gust', 'start'): 686.668, ('gust', 'h2d'): 686.747, ('gust', 'count'): 686.767, ('gust', 'scan'): 686.81, ('gust', 'expand'): 686.832, ('gust', 'sort'): 686.879, ('gust', 'reduce'): 686.92, ('gust', 'final'): 686.977, ('gust', 'pack'): 686.998, ('gust', 'd2h'): 687.009, ('merge', 'start'): 687.125, ('merge', 'h2d'): 687.211, ('merge', 'count'): 687.234, ('merge', 'scan'): 687.273, ('merge', 'expand'): 687.296, ('merge', 'merge'): 687.318, ('merge', 'final'): 687.357, ('merge', 'compact'): 687.382, ('merge', 'pack'): 687.4, ('merge', 'd2h'): 687.411, ('mrg2', 'start'): 687.519, ('mrg2', 'h2d'): 687.596, ('mrg2', 'count'): 687.617, ('mrg2', 'scan'): 687.656, ('mrg2', 'merge'): 687.68, ('mrg2', 'final'): 687.715, ('mrg2', 'compact'): 687.739, ('mrg2', 'pack'): 687.76, ('mrg2', 'd2h'): 687.771, ('mrg3', 'start'): 687.878, ('mrg3', 'h2d'): 687.951, ('mrg3', 'count'): 687.974, ('mrg3', 'scan'): 688.027, ('mrg3', 'merge'): 688.049, ('mrg3', 'pack'): 688.067, ('mrg3', 'd2h'): 688.077}",0.0309250317513942,0.1730144005501643
Highly sparse,bp_600,822,4172,0.6174483930357978,16464,16464,16464,16464,16464,0.0,,0.05299999999999727,0.18600000000003547,0.05899999999996908,0.03599999999994452,0.2980000000000018,0.515,,,,,0.574,16.436,1.517,0.851,,0.31500000000005457,0.37199999999995725,16.243000000000052,1.3330000000000837,0.6599999999999682,"{('cu', 'start'): 728.626, ('cu', 'h2dmalloc'): 728.689, ('cu', 'h2d'): 728.707, ('cu', 'workest'): 728.76, ('cu', 'compute'): 728.946, ('cu', 'copy'): 729.005, ('cu', 'pack'): 729.022, ('cu', 'd2h'): 729.058, ('gust', 'start'): 729.155, ('gust', 'h2d'): 729.235, ('gust', 'count'): 729.278, ('gust', 'scan'): 729.315, ('gust', 'expand'): 729.367, ('gust', 'sort'): 729.489, ('gust', 'reduce'): 729.534, ('gust', 'final'): 729.588, ('gust', 'pack'): 729.607, ('gust', 'd2h'): 729.633, ('merge', 'start'): 729.735, ('merge', 'h2d'): 729.822, ('merge', 'count'): 729.857, ('merge', 'scan'): 729.896, ('merge', 'expand'): 730.117, ('merge', 'merge'): 745.981, ('merge', 'final'): 746.023, ('merge', 'compact'): 746.047, ('merge', 'pack'): 746.065, ('merge', 'd2h'): 746.084, ('mrg2', 'start'): 746.179, ('mrg2', 'h2d'): 746.256, ('mrg2', 'count'): 746.291, ('mrg2', 'scan'): 746.327, ('mrg2', 'merge'): 747.509, ('mrg2', 'final'): 747.547, ('mrg2', 'compact'): 747.57, ('mrg2', 'pack'): 747.589, ('mrg2', 'd2h'): 747.609, ('mrg3', 'start'): 747.711, ('mrg3', 'h2d'): 747.787, ('mrg3', 'count'): 748.058, ('mrg3', 'scan'): 748.112, ('mrg3', 'merge'): 748.425, ('mrg3', 'pack'): 748.447, ('mrg3', 'd2h'): 748.466}",0.0918600708246231,0.2546048003714531
Highly sparse,bp_400,822,4028,0.596136655596403,15238,15238,15238,15238,15238,0.0,,0.06599999999991724,0.19500000000005002,0.06000000000005912,0.03499999999996817,0.3210000000000264,0.558,,,,,0.594,15.352,1.483,0.865,,0.34199999999998454,0.375,15.134000000000015,1.2770000000000437,0.6699999999999591,"{('cu', 'start'): 736.614, ('cu', 'h2dmalloc'): 736.679, ('cu', 'h2d'): 736.696, ('cu', 'workest'): 736.762, ('cu', 'compute'): 736.957, ('cu', 'copy'): 737.017, ('cu', 'pack'): 737.038, ('cu', 'd2h'): 737.073, ('gust', 'start'): 737.18, ('gust', 'h2d'): 737.265, ('gust', 'count'): 737.3, ('gust', 'scan'): 737.341, ('gust', 'expand'): 737.391, ('gust', 'sort'): 737.517, ('gust', 'reduce'): 737.562, ('gust', 'final'): 737.62, ('gust', 'pack'): 737.64, ('gust', 'd2h'): 737.67, ('merge', 'start'): 737.781, ('merge', 'h2d'): 737.875, ('merge', 'count'): 737.911, ('merge', 'scan'): 737.952, ('merge', 'expand'): 738.168, ('merge', 'merge'): 752.918, ('merge', 'final'): 752.965, ('merge', 'compact'): 752.99, ('merge', 'pack'): 753.009, ('merge', 'd2h'): 753.029, ('mrg2', 'start'): 753.14, ('mrg2', 'h2d'): 753.223, ('mrg2', 'count'): 753.258, ('mrg2', 'scan'): 753.299, ('mrg2', 'merge'): 754.418, ('mrg2', 'final'): 754.457, ('mrg2', 'compact'): 754.481, ('mrg2', 'pack'): 754.5, ('mrg2', 'd2h'): 754.519, ('mrg3', 'start'): 754.63, ('mrg3', 'h2d'): 754.71, ('mrg3', 'count'): 754.989, ('mrg3', 'scan'): 755.044, ('mrg3', 'merge'): 755.36, ('mrg3', 'pack'): 755.38, ('mrg3', 'd2h'): 755.399}",0.0724690034985542,0.2554560003103688
Highly sparse,662_bus,662,2474,0.5645256980129791,6480,6480,6480,6480,6480,0.0,,0.06099999999992178,0.1610000000000582,0.05599999999992633,0.033999999999991815,0.2779999999999063,0.502,,,,,0.547,0.428,0.39,0.325,,0.2999999999999545,0.3429999999999609,0.24299999999993815,0.18899999999996453,0.14200000000005275,"{('cu', 'start'): 673.965, ('cu', 'h2dmalloc'): 674.027, ('cu', 'h2d'): 674.051, ('cu', 'workest'): 674.112, ('cu', 'compute'): 674.273, ('cu', 'copy'): 674.329, ('cu', 'pack'): 674.351, ('cu', 'd2h'): 674.385, ('gust', 'start'): 674.479, ('gust', 'h2d'): 674.561, ('gust', 'count'): 674.595, ('gust', 'scan'): 674.636, ('gust', 'expand'): 674.661, ('gust', 'sort'): 674.783, ('gust', 'reduce'): 674.827, ('gust', 'final'): 674.883, ('gust', 'pack'): 674.904, ('gust', 'd2h'): 674.921, ('merge', 'start'): 675.04, ('merge', 'h2d'): 675.124, ('merge', 'count'): 675.15, ('merge', 'scan'): 675.188, ('merge', 'expand'): 675.221, ('merge', 'merge'): 675.279, ('merge', 'final'): 675.32, ('merge', 'compact'): 675.346, ('merge', 'pack'): 675.367, ('merge', 'd2h'): 675.382, ('mrg2', 'start'): 675.483, ('mrg2', 'h2d'): 675.576, ('mrg2', 'count'): 675.6, ('mrg2', 'scan'): 675.639, ('mrg2', 'merge'): 675.683, ('mrg2', 'final'): 675.719, ('mrg2', 'compact'): 675.745, ('mrg2', 'pack'): 675.765, ('mrg2', 'd2h'): 675.782, ('mrg3', 'start'): 675.882, ('mrg3', 'h2d'): 675.963, ('mrg3', 'count'): 675.996, ('mrg3', 'scan'): 676.049, ('mrg3', 'merge'): 676.084, ('mrg3', 'pack'): 676.105, ('mrg3', 'd2h'): 676.121}",0.0783491414040327,0.2176448001991957
Highly sparse,bp_200,822,3802,0.5626890676706863,13197,13197,13197,13197,13197,0.0,,0.06100000000003547,0.19200000000000728,0.05899999999996908,0.03499999999996817,0.3120000000000118,0.528,,,,,0.582,13.978,1.31,0.794,,0.3310000000000173,0.37800000000004275,13.780999999999949,1.1159999999999854,0.6150000000000091,"{('cu', 'start'): 728.515, ('cu', 'h2dmalloc'): 728.577, ('cu', 'h2d'): 728.596, ('cu', 'workest'): 728.657, ('cu', 'compute'): 728.849, ('cu', 'copy'): 728.908, ('cu', 'pack'): 728.927, ('cu', 'd2h'): 728.962, ('gust', 'start'): 729.064, ('gust', 'h2d'): 729.144, ('gust', 'count'): 729.176, ('gust', 'scan'): 729.217, ('gust', 'expand'): 729.273, ('gust', 'sort'): 729.397, ('gust', 'reduce'): 729.441, ('gust', 'final'): 729.497, ('gust', 'pack'): 729.522, ('gust', 'd2h'): 729.548, ('merge', 'start'): 729.652, ('merge', 'h2d'): 729.729, ('merge', 'count'): 729.765, ('merge', 'scan'): 729.803, ('merge', 'expand'): 730.001, ('merge', 'merge'): 743.42, ('merge', 'final'): 743.462, ('merge', 'compact'): 743.486, ('merge', 'pack'): 743.51, ('merge', 'd2h'): 743.529, ('mrg2', 'start'): 743.638, ('mrg2', 'h2d'): 743.718, ('mrg2', 'count'): 743.752, ('mrg2', 'scan'): 743.792, ('mrg2', 'merge'): 744.756, ('mrg2', 'final'): 744.793, ('mrg2', 'compact'): 744.816, ('mrg2', 'pack'): 744.834, ('mrg2', 'd2h'): 744.852, ('mrg3', 'start'): 744.957, ('mrg3', 'h2d'): 745.033, ('mrg3', 'count'): 745.285, ('mrg3', 'scan'): 745.338, ('mrg3', 'merge'): 745.627, ('mrg3', 'pack'): 745.648, ('mrg3', 'd2h'): 745.666}",0.0915199052542448,0.2520032000029459
Highly sparse,bcsstm13,2003,21943,0.5469329704893483,90811,90811,90811,90811,90811,0.0,,0.07300000000009277,0.3689999999999145,0.07000000000005002,0.19200000000000728,0.5120000000000573,0.937,,,,,1.52,3.141,1.036,0.684,,0.54200000000003,1.2469999999999573,2.8619999999999663,0.7730000000000246,0.3849999999999909,"{('cu', 'start'): 708.193, ('cu', 'h2dmalloc'): 708.268, ('cu', 'h2d'): 708.3, ('cu', 'workest'): 708.373, ('cu', 'compute'): 708.742, ('cu', 'copy'): 708.812, ('cu', 'pack'): 708.842, ('cu', 'd2h'): 709.034, ('gust', 'start'): 709.138, ('gust', 'h2d'): 709.236, ('gust', 'count'): 709.271, ('gust', 'scan'): 709.318, ('gust', 'expand'): 709.502, ('gust', 'sort'): 709.861, ('gust', 'reduce'): 710.058, ('gust', 'final'): 710.444, ('gust', 'pack'): 710.483, ('gust', 'd2h'): 710.552, ('merge', 'start'): 710.671, ('merge', 'h2d'): 710.772, ('merge', 'count'): 710.801, ('merge', 'scan'): 710.855, ('merge', 'expand'): 711.295, ('merge', 'merge'): 713.202, ('merge', 'final'): 713.42, ('merge', 'compact'): 713.606, ('merge', 'pack'): 713.634, ('merge', 'd2h'): 713.704, ('mrg2', 'start'): 713.819, ('mrg2', 'h2d'): 713.917, ('mrg2', 'count'): 713.948, ('mrg2', 'scan'): 713.991, ('mrg2', 'merge'): 714.423, ('mrg2', 'final'): 714.47, ('mrg2', 'compact'): 714.663, ('mrg2', 'pack'): 714.69, ('mrg2', 'd2h'): 714.759, ('mrg3', 'start'): 714.868, ('mrg3', 'h2d'): 714.968, ('mrg3', 'count'): 715.097, ('mrg3', 'scan'): 715.156, ('mrg3', 'merge'): 715.332, ('mrg3', 'pack'): 715.353, ('mrg3', 'd2h'): 715.422}",0.5536598619073629,0.4496032001683488
Highly sparse,bp_0,822,3276,0.4848420267462305,9384,9384,9384,9384,9384,0.0,,0.06199999999989814,0.1830000000001064,0.06099999999992178,0.031000000000062755,0.30599999999992633,0.532,,,,,0.56,11.293,1.192,0.765,,0.32599999999990814,0.36000000000001364,11.113000000000056,1.004000000000019,0.5830000000000837,"{('cu', 'start'): 707.415, ('cu', 'h2dmalloc'): 707.48, ('cu', 'h2d'): 707.498, ('cu', 'workest'): 707.56, ('cu', 'compute'): 707.743, ('cu', 'copy'): 707.804, ('cu', 'pack'): 707.824, ('cu', 'd2h'): 707.855, ('gust', 'start'): 707.964, ('gust', 'h2d'): 708.045, ('gust', 'count'): 708.081, ('gust', 'scan'): 708.119, ('gust', 'expand'): 708.165, ('gust', 'sort'): 708.286, ('gust', 'reduce'): 708.33, ('gust', 'final'): 708.385, ('gust', 'pack'): 708.405, ('gust', 'd2h'): 708.42, ('merge', 'start'): 708.53, ('merge', 'h2d'): 708.608, ('merge', 'count'): 708.64, ('merge', 'scan'): 708.677, ('merge', 'expand'): 708.833, ('merge', 'merge'): 719.637, ('merge', 'final'): 719.679, ('merge', 'compact'): 719.704, ('merge', 'pack'): 719.721, ('merge', 'd2h'): 719.737, ('mrg2', 'start'): 719.836, ('mrg2', 'h2d'): 719.912, ('mrg2', 'count'): 719.955, ('mrg2', 'scan'): 719.994, ('mrg2', 'merge'): 720.839, ('mrg2', 'final'): 720.875, ('mrg2', 'compact'): 720.898, ('mrg2', 'pack'): 720.916, ('mrg2', 'd2h'): 720.932, ('mrg3', 'start'): 721.039, ('mrg3', 'h2d'): 721.117, ('mrg3', 'count'): 721.353, ('mrg3', 'scan'): 721.406, ('mrg3', 'merge'): 721.679, ('mrg3', 'pack'): 721.7, ('mrg3', 'd2h'): 721.715}",0.0745928846299648,0.2432511997641996
Highly sparse,bcsstk23,3134,45178,0.45996948062076437,220632,220632,220632,220632,220632,0.0,,0.06700000000000728,0.32799999999997453,0.125,0.34799999999995634,0.5199999999999818,1.221,,,,,1.698,1.864,1.133,0.898,,0.6150000000000091,1.191000000000031,1.3859999999999673,0.6490000000000009,0.40999999999996817,"{('cu', 'start'): 687.546, ('cu', 'h2dmalloc'): 687.605, ('cu', 'h2d'): 687.657, ('cu', 'workest'): 687.724, ('cu', 'compute'): 688.052, ('cu', 'copy'): 688.177, ('cu', 'pack'): 688.272, ('cu', 'd2h'): 688.62, ('gust', 'start'): 688.773, ('gust', 'h2d'): 688.885, ('gust', 'count'): 688.91, ('gust', 'scan'): 688.954, ('gust', 'expand'): 689.103, ('gust', 'sort'): 689.416, ('gust', 'reduce'): 689.617, ('gust', 'final'): 689.983, ('gust', 'pack'): 690.076, ('gust', 'd2h'): 690.252, ('merge', 'start'): 690.479, ('merge', 'h2d'): 690.585, ('merge', 'count'): 690.62, ('merge', 'scan'): 690.663, ('merge', 'expand'): 690.874, ('merge', 'merge'): 691.517, ('merge', 'final'): 691.689, ('merge', 'compact'): 691.891, ('merge', 'pack'): 691.971, ('merge', 'd2h'): 692.146, ('mrg2', 'start'): 692.351, ('mrg2', 'h2d'): 692.454, ('mrg2', 'count'): 692.491, ('mrg2', 'scan'): 692.532, ('mrg2', 'merge'): 692.782, ('mrg2', 'final'): 692.822, ('mrg2', 'compact'): 693.024, ('mrg2', 'pack'): 693.103, ('mrg2', 'd2h'): 693.277, ('mrg3', 'start'): 693.493, ('mrg3', 'h2d'): 693.597, ('mrg3', 'count'): 693.693, ('mrg3', 'scan'): 693.752, ('mrg3', 'merge'): 693.932, ('mrg3', 'pack'): 694.007, ('mrg3', 'd2h'): 694.188}",1.8119048327207563,0.3619103992590681
Highly sparse,bcsstk17,10974,428650,0.35593682023042417,1406936,1406936,1406936,1406936,1406936,0.0,,0.1490000000000009,1.7819999999999254,0.16200000000003456,0.8220000000000027,2.092999999999961,3.304,,,,,5.314,10.701,2.292,2.606,,2.1609999999999445,4.089999999999918,9.519000000000005,1.3880000000000337,1.7300000000000182,"{('cu', 'start'): 813.403, ('cu', 'h2dmalloc'): 813.47, ('cu', 'h2d'): 813.614, ('cu', 'workest'): 813.763, ('cu', 'compute'): 815.545, ('cu', 'copy'): 815.707, ('cu', 'pack'): 815.775, ('cu', 'd2h'): 816.597, ('gust', 'start'): 816.714, ('gust', 'h2d'): 817.215, ('gust', 'count'): 817.299, ('gust', 'scan'): 817.341, ('gust', 'expand'): 817.674, ('gust', 'sort'): 820.316, ('gust', 'reduce'): 820.666, ('gust', 'final'): 821.234, ('gust', 'pack'): 821.305, ('gust', 'd2h'): 821.739, ('merge', 'start'): 822.033, ('merge', 'h2d'): 822.475, ('merge', 'count'): 822.62, ('merge', 'scan'): 822.661, ('merge', 'expand'): 823.868, ('merge', 'merge'): 831.453, ('merge', 'final'): 831.657, ('merge', 'compact'): 831.926, ('merge', 'pack'): 831.994, ('merge', 'd2h'): 832.431, ('mrg2', 'start'): 832.741, ('mrg2', 'h2d'): 832.948, ('mrg2', 'count'): 833.028, ('mrg2', 'scan'): 833.069, ('mrg2', 'merge'): 833.973, ('mrg2', 'final'): 834.009, ('mrg2', 'compact'): 834.268, ('mrg2', 'pack'): 834.336, ('mrg2', 'd2h'): 834.764, ('mrg3', 'start'): 835.039, ('mrg3', 'h2d'): 835.242, ('mrg3', 'count'): 835.895, ('mrg3', 'scan'): 835.946, ('mrg3', 'merge'): 836.908, ('mrg3', 'pack'): 836.972, ('mrg3', 'd2h'): 837.393}",63.72947292402387,0.8125664030201732
Highly sparse,blckhole,2132,14872,0.3271861986912552,41546,41546,41546,41546,41546,0.0,,0.07600000000002183,0.25700000000006185,0.07200000000000273,0.1449999999999818,0.4050000000000864,0.749,,,,,0.925,0.754,0.463,0.442,,0.4350000000000591,0.6059999999999945,0.5309999999999491,0.23200000000008458,0.21600000000000819,"{('cu', 'start'): 687.373, ('cu', 'h2dmalloc'): 687.436, ('cu', 'h2d'): 687.458, ('cu', 'workest'): 687.534, ('cu', 'compute'): 687.791, ('cu', 'copy'): 687.863, ('cu', 'pack'): 687.893, ('cu', 'd2h'): 688.038, ('gust', 'start'): 688.131, ('gust', 'h2d'): 688.221, ('gust', 'count'): 688.249, ('gust', 'scan'): 688.296, ('gust', 'expand'): 688.327, ('gust', 'sort'): 688.608, ('gust', 'reduce'): 688.721, ('gust', 'final'): 688.791, ('gust', 'pack'): 688.827, ('gust', 'd2h'): 688.866, ('merge', 'start'): 689.063, ('merge', 'h2d'): 689.152, ('merge', 'count'): 689.181, ('merge', 'scan'): 689.227, ('merge', 'expand'): 689.272, ('merge', 'merge'): 689.498, ('merge', 'final'): 689.547, ('merge', 'compact'): 689.654, ('merge', 'pack'): 689.683, ('merge', 'd2h'): 689.721, ('mrg2', 'start'): 689.824, ('mrg2', 'h2d'): 689.915, ('mrg2', 'count'): 689.943, ('mrg2', 'scan'): 689.987, ('mrg2', 'merge'): 690.052, ('mrg2', 'final'): 690.093, ('mrg2', 'compact'): 690.123, ('mrg2', 'pack'): 690.147, ('mrg2', 'd2h'): 690.185, ('mrg3', 'start'): 690.294, ('mrg3', 'h2d'): 690.379, ('mrg3', 'count'): 690.436, ('mrg3', 'scan'): 690.501, ('mrg3', 'merge'): 690.57, ('mrg3', 'pack'): 690.595, ('mrg3', 'd2h'): 690.634}",0.5955719389021397,0.2251520002260803
Highly sparse,bcsstk29,13992,619488,0.31642683346621986,1965686,1965686,1965686,1965686,1965686,0.0,,0.19399999999995998,2.4560000000000173,0.20500000000004093,1.2449999999998909,2.855000000000018,4.637,,,,,8.463,11.306,3.204,4.466,,2.9540000000000646,6.115000000000009,9.322000000000003,1.7530000000000427,2.4969999999999573,"{('cu', 'start'): 828.799, ('cu', 'h2dmalloc'): 828.868, ('cu', 'h2d'): 829.087, ('cu', 'workest'): 829.281, ('cu', 'compute'): 831.737, ('cu', 'copy'): 831.942, ('cu', 'pack'): 832.041, ('cu', 'd2h'): 833.286, ('gust', 'start'): 833.447, ('gust', 'h2d'): 834.712, ('gust', 'count'): 834.907, ('gust', 'scan'): 834.958, ('gust', 'expand'): 835.42, ('gust', 'sort'): 839.465, ('gust', 'reduce'): 839.961, ('gust', 'final'): 840.721, ('gust', 'pack'): 840.827, ('gust', 'd2h'): 841.55, ('merge', 'start'): 841.918, ('merge', 'h2d'): 842.802, ('merge', 'count'): 842.959, ('merge', 'scan'): 843.009, ('merge', 'expand'): 844.563, ('merge', 'merge'): 851.399, ('merge', 'final'): 851.685, ('merge', 'compact'): 852.021, ('merge', 'pack'): 852.124, ('merge', 'd2h'): 852.858, ('mrg2', 'start'): 853.233, ('mrg2', 'h2d'): 853.612, ('mrg2', 'count'): 853.732, ('mrg2', 'scan'): 853.782, ('mrg2', 'merge'): 854.871, ('mrg2', 'final'): 854.918, ('mrg2', 'compact'): 855.257, ('mrg2', 'pack'): 855.365, ('mrg2', 'd2h'): 856.093, ('mrg3', 'start'): 856.446, ('mrg3', 'h2d'): 856.726, ('mrg3', 'count'): 857.502, ('mrg3', 'scan'): 857.567, ('mrg3', 'merge'): 858.702, ('mrg3', 'pack'): 859.223, ('mrg3', 'd2h'): 859.975}",137.12710910476744,0.9589311984134836
Highly sparse,1138_bus,1138,4054,0.31303955695713814,11142,11142,11142,11142,11142,0.0,,0.07100000000002638,0.17700000000002092,0.07299999999997908,0.03599999999994452,0.3210000000000264,0.554,,,,,0.592,0.516,0.417,0.364,,0.3470000000000937,0.38400000000001455,0.3269999999999982,0.22899999999992815,0.17700000000002092,"{('cu', 'start'): 777.179, ('cu', 'h2dmalloc'): 777.242, ('cu', 'h2d'): 777.262, ('cu', 'workest'): 777.333, ('cu', 'compute'): 777.51, ('cu', 'copy'): 777.583, ('cu', 'pack'): 777.609, ('cu', 'd2h'): 777.645, ('gust', 'start'): 777.744, ('gust', 'h2d'): 777.823, ('gust', 'count'): 777.851, ('gust', 'scan'): 777.906, ('gust', 'expand'): 777.936, ('gust', 'sort'): 778.069, ('gust', 'reduce'): 778.117, ('gust', 'final'): 778.181, ('gust', 'pack'): 778.207, ('gust', 'd2h'): 778.235, ('merge', 'start'): 778.348, ('merge', 'h2d'): 778.427, ('merge', 'count'): 778.461, ('merge', 'scan'): 778.505, ('merge', 'expand'): 778.546, ('merge', 'merge'): 778.654, ('merge', 'final'): 778.7, ('merge', 'compact'): 778.729, ('merge', 'pack'): 778.754, ('merge', 'd2h'): 778.774, ('mrg2', 'start'): 778.883, ('mrg2', 'h2d'): 778.96, ('mrg2', 'count'): 778.989, ('mrg2', 'scan'): 779.033, ('mrg2', 'merge'): 779.094, ('mrg2', 'final'): 779.136, ('mrg2', 'compact'): 779.163, ('mrg2', 'pack'): 779.189, ('mrg2', 'd2h'): 779.21, ('mrg3', 'start'): 779.311, ('mrg3', 'h2d'): 779.387, ('mrg3', 'count'): 779.431, ('mrg3', 'scan'): 779.49, ('mrg3', 'merge'): 779.538, ('mrg3', 'pack'): 779.564, ('mrg3', 'd2h'): 779.584}",0.1128239091485738,0.2094336011447012
Highly sparse,bcspwr06,1454,5300,0.25069579909522466,14110,14110,14110,14110,14110,0.0,,0.06099999999992178,0.16300000000001091,0.059000000000082764,0.03499999999996817,0.28300000000001546,0.5,,,,,0.54,0.456,0.401,0.353,,0.3039999999999736,0.3369999999999891,0.26900000000000546,0.2139999999999418,0.16700000000003,"{('cu', 'start'): 666.639, ('cu', 'h2dmalloc'): 666.703, ('cu', 'h2d'): 666.72, ('cu', 'workest'): 666.781, ('cu', 'compute'): 666.944, ('cu', 'copy'): 667.003, ('cu', 'pack'): 667.024, ('cu', 'd2h'): 667.059, ('gust', 'start'): 667.147, ('gust', 'h2d'): 667.226, ('gust', 'count'): 667.254, ('gust', 'scan'): 667.292, ('gust', 'expand'): 667.317, ('gust', 'sort'): 667.442, ('gust', 'reduce'): 667.485, ('gust', 'final'): 667.543, ('gust', 'pack'): 667.563, ('gust', 'd2h'): 667.589, ('merge', 'start'): 667.696, ('merge', 'h2d'): 667.781, ('merge', 'count'): 667.808, ('merge', 'scan'): 667.844, ('merge', 'expand'): 667.879, ('merge', 'merge'): 667.96, ('merge', 'final'): 668.0, ('merge', 'compact'): 668.033, ('merge', 'pack'): 668.05, ('merge', 'd2h'): 668.069, ('mrg2', 'start'): 668.159, ('mrg2', 'h2d'): 668.235, ('mrg2', 'count'): 668.259, ('mrg2', 'scan'): 668.294, ('mrg2', 'merge'): 668.346, ('mrg2', 'final'): 668.396, ('mrg2', 'compact'): 668.425, ('mrg2', 'pack'): 668.449, ('mrg2', 'd2h'): 668.468, ('mrg3', 'start'): 668.568, ('mrg3', 'h2d'): 668.649, ('mrg3', 'count'): 668.694, ('mrg3', 'scan'): 668.746, ('mrg3', 'merge'): 668.794, ('mrg3', 'pack'): 668.816, ('mrg3', 'd2h'): 668.835}",0.2413289621472358,0.1836703999899328
Highly sparse,bcsstk30,28924,2043492,0.24426218412514641,8946070,8946070,8946070,8946070,8946070,0.0,,0.20899999999983265,7.711000000000013,0.2720000000001619,4.815000000000055,8.192000000000007,14.05,,,,,35.327,94.302,16.109,20.469,,8.26299999999992,30.118999999999915,88.72900000000004,11.266000000000076,16.136999999999944,"{('cu', 'start'): 1381.458, ('cu', 'h2dmalloc'): 1381.511, ('cu', 'h2d'): 1382.284, ('cu', 'workest'): 1382.493, ('cu', 'compute'): 1390.204, ('cu', 'copy'): 1390.476, ('cu', 'pack'): 1390.547, ('cu', 'd2h'): 1395.362, ('gust', 'start'): 1395.516, ('gust', 'h2d'): 1396.847, ('gust', 'count'): 1396.942, ('gust', 'scan'): 1396.985, ('gust', 'expand'): 1399.275, ('gust', 'sort'): 1422.316, ('gust', 'reduce'): 1424.257, ('gust', 'final'): 1426.888, ('gust', 'pack'): 1426.966, ('gust', 'd2h'): 1430.235, ('merge', 'start'): 1430.851, ('merge', 'h2d'): 1432.355, ('merge', 'count'): 1432.464, ('merge', 'scan'): 1432.508, ('merge', 'expand'): 1440.96, ('merge', 'merge'): 1518.354, ('merge', 'final'): 1520.024, ('merge', 'compact'): 1520.959, ('merge', 'pack'): 1521.084, ('merge', 'd2h'): 1524.604, ('mrg2', 'start'): 1525.164, ('mrg2', 'h2d'): 1526.335, ('mrg2', 'count'): 1526.558, ('mrg2', 'scan'): 1526.612, ('mrg2', 'merge'): 1536.441, ('mrg2', 'final'): 1536.487, ('mrg2', 'compact'): 1537.493, ('mrg2', 'pack'): 1537.601, ('mrg2', 'd2h'): 1540.831, ('mrg3', 'start'): 1541.279, ('mrg3', 'h2d'): 1542.029, ('mrg3', 'count'): 1548.33, ('mrg3', 'scan'): 1548.399, ('mrg3', 'merge'): 1558.088, ('mrg3', 'pack'): 1558.166, ('mrg3', 'd2h'): 1561.397}",1181.0736348852515,2.410364808817394
Highly sparse,bcsstm06,420,420,0.2380952380952381,420,420,420,420,420,0.0,,0.08199999999999363,0.17999999999994998,0.07200000000000273,0.02800000000002001,0.33399999999994634,0.589,,,,,0.556,0.428,0.43,0.352,,0.36099999999999,0.3020000000000209,0.21699999999998454,0.20500000000004093,0.14400000000000546,"{('cu', 'start'): 709.433, ('cu', 'h2dmalloc'): 709.505, ('cu', 'h2d'): 709.527, ('cu', 'workest'): 709.609, ('cu', 'compute'): 709.789, ('cu', 'copy'): 709.861, ('cu', 'pack'): 709.888, ('cu', 'd2h'): 709.916, ('gust', 'start'): 710.035, ('gust', 'h2d'): 710.146, ('gust', 'count'): 710.173, ('gust', 'scan'): 710.222, ('gust', 'expand'): 710.249, ('gust', 'sort'): 710.302, ('gust', 'reduce'): 710.351, ('gust', 'final'): 710.423, ('gust', 'pack'): 710.448, ('gust', 'd2h'): 710.459, ('merge', 'start'): 710.597, ('merge', 'h2d'): 710.689, ('merge', 'count'): 710.715, ('merge', 'scan'): 710.762, ('merge', 'expand'): 710.788, ('merge', 'merge'): 710.813, ('merge', 'final'): 710.856, ('merge', 'compact'): 710.882, ('merge', 'pack'): 710.906, ('merge', 'd2h'): 710.917, ('mrg2', 'start'): 711.033, ('mrg2', 'h2d'): 711.134, ('mrg2', 'count'): 711.166, ('mrg2', 'scan'): 711.214, ('mrg2', 'merge'): 711.242, ('mrg2', 'final'): 711.284, ('mrg2', 'compact'): 711.315, ('mrg2', 'pack'): 711.339, ('mrg2', 'd2h'): 711.351, ('mrg3', 'start'): 711.47, ('mrg3', 'h2d'): 711.558, ('mrg3', 'count'): 711.588, ('mrg3', 'scan'): 711.653, ('mrg3', 'merge'): 711.68, ('mrg3', 'pack'): 711.702, ('mrg3', 'd2h'): 711.713}",0.0377290416508913,0.1569440002785995
Highly sparse,bcspwr08,1624,6050,0.22939467106699993,16916,16916,16916,16916,16916,0.0,,0.06000000000005912,0.16599999999993997,0.05899999999996908,0.03700000000003456,0.28499999999996817,0.511,,,,,0.585,0.486,0.409,0.376,,0.30299999999999727,0.35800000000006094,0.2839999999999918,0.20500000000004093,0.17600000000004457,"{('cu', 'start'): 674.704, ('cu', 'h2dmalloc'): 674.772, ('cu', 'h2d'): 674.789, ('cu', 'workest'): 674.849, ('cu', 'compute'): 675.015, ('cu', 'copy'): 675.074, ('cu', 'pack'): 675.092, ('cu', 'd2h'): 675.129, ('gust', 'start'): 675.226, ('gust', 'h2d'): 675.318, ('gust', 'count'): 675.346, ('gust', 'scan'): 675.387, ('gust', 'expand'): 675.424, ('gust', 'sort'): 675.56, ('gust', 'reduce'): 675.603, ('gust', 'final'): 675.656, ('gust', 'pack'): 675.676, ('gust', 'd2h'): 675.703, ('merge', 'start'): 675.815, ('merge', 'h2d'): 675.902, ('merge', 'count'): 675.929, ('merge', 'scan'): 675.969, ('merge', 'expand'): 676.007, ('merge', 'merge'): 676.096, ('merge', 'final'): 676.137, ('merge', 'compact'): 676.167, ('merge', 'pack'): 676.186, ('merge', 'd2h'): 676.207, ('mrg2', 'start'): 676.308, ('mrg2', 'h2d'): 676.395, ('mrg2', 'count'): 676.421, ('mrg2', 'scan'): 676.46, ('mrg2', 'merge'): 676.518, ('mrg2', 'final'): 676.557, ('mrg2', 'compact'): 676.582, ('mrg2', 'pack'): 676.6, ('mrg2', 'd2h'): 676.621, ('mrg3', 'start'): 676.723, ('mrg3', 'h2d'): 676.809, ('mrg3', 'count'): 676.856, ('mrg3', 'scan'): 676.914, ('mrg3', 'merge'): 676.965, ('mrg3', 'pack'): 676.985, ('mrg3', 'd2h'): 677.006}",0.289177056401968,0.2204480003099888
Highly sparse,bcspwr07,1612,5824,0.22412551028576003,15684,15684,15684,15684,15684,0.0,,0.05600000000004002,0.16399999999998727,0.057999999999992724,0.03499999999996817,0.27800000000002,0.498,,,,,0.546,0.446,0.376,0.366,,0.2980000000000018,0.34600000000000364,0.26099999999996726,0.1959999999999127,0.17499999999995453,"{('cu', 'start'): 667.402, ('cu', 'h2dmalloc'): 667.466, ('cu', 'h2d'): 667.485, ('cu', 'workest'): 667.541, ('cu', 'compute'): 667.705, ('cu', 'copy'): 667.763, ('cu', 'pack'): 667.783, ('cu', 'd2h'): 667.818, ('gust', 'start'): 667.908, ('gust', 'h2d'): 667.987, ('gust', 'count'): 668.014, ('gust', 'scan'): 668.051, ('gust', 'expand'): 668.077, ('gust', 'sort'): 668.205, ('gust', 'reduce'): 668.247, ('gust', 'final'): 668.302, ('gust', 'pack'): 668.333, ('gust', 'd2h'): 668.36, ('merge', 'start'): 668.46, ('merge', 'h2d'): 668.541, ('merge', 'count'): 668.567, ('merge', 'scan'): 668.602, ('merge', 'expand'): 668.634, ('merge', 'merge'): 668.716, ('merge', 'final'): 668.755, ('merge', 'compact'): 668.785, ('merge', 'pack'): 668.802, ('merge', 'd2h'): 668.822, ('mrg2', 'start'): 668.912, ('mrg2', 'h2d'): 668.988, ('mrg2', 'count'): 669.012, ('mrg2', 'scan'): 669.047, ('mrg2', 'merge'): 669.104, ('mrg2', 'final'): 669.14, ('mrg2', 'compact'): 669.165, ('mrg2', 'pack'): 669.184, ('mrg2', 'd2h'): 669.203, ('mrg3', 'start'): 669.294, ('mrg3', 'h2d'): 669.379, ('mrg3', 'count'): 669.426, ('mrg3', 'scan'): 669.477, ('mrg3', 'merge'): 669.531, ('mrg3', 'pack'): 669.554, ('mrg3', 'd2h'): 669.574}",0.2732500433921814,0.2187584004830569
Highly sparse,bcspwr09,1723,6511,0.21931944613334525,18485,18485,18485,18485,18485,0.0,,0.06399999999996453,0.16200000000003456,0.05599999999992633,0.035000000000081855,0.2819999999999254,0.499,,,,,0.533,0.468,0.376,0.332,,0.3009999999999309,0.3300000000000409,0.2699999999999818,0.19299999999998363,0.1470000000000482,"{('cu', 'start'): 667.958, ('cu', 'h2dmalloc'): 668.019, ('cu', 'h2d'): 668.037, ('cu', 'workest'): 668.101, ('cu', 'compute'): 668.263, ('cu', 'copy'): 668.319, ('cu', 'pack'): 668.338, ('cu', 'd2h'): 668.373, ('gust', 'start'): 668.466, ('gust', 'h2d'): 668.55, ('gust', 'count'): 668.573, ('gust', 'scan'): 668.61, ('gust', 'expand'): 668.637, ('gust', 'sort'): 668.764, ('gust', 'reduce'): 668.806, ('gust', 'final'): 668.86, ('gust', 'pack'): 668.88, ('gust', 'd2h'): 668.908, ('merge', 'start'): 669.004, ('merge', 'h2d'): 669.095, ('merge', 'count'): 669.123, ('merge', 'scan'): 669.16, ('merge', 'expand'): 669.192, ('merge', 'merge'): 669.282, ('merge', 'final'): 669.32, ('merge', 'compact'): 669.348, ('merge', 'pack'): 669.365, ('merge', 'd2h'): 669.387, ('mrg2', 'start'): 669.479, ('mrg2', 'h2d'): 669.557, ('mrg2', 'count'): 669.58, ('mrg2', 'scan'): 669.615, ('mrg2', 'merge'): 669.67, ('mrg2', 'final'): 669.706, ('mrg2', 'compact'): 669.733, ('mrg2', 'pack'): 669.75, ('mrg2', 'd2h'): 669.772, ('mrg3', 'start'): 669.862, ('mrg3', 'h2d'): 669.938, ('mrg3', 'count'): 669.974, ('mrg3', 'scan'): 670.024, ('mrg3', 'merge'): 670.066, ('mrg3', 'pack'): 670.085, ('mrg3', 'd2h'): 670.107}",0.3371860366314649,0.2243840002687648
Highly sparse,bcsstm20,485,485,0.2061855670103093,485,485,485,485,485,0.0,,0.06799999999998363,0.17799999999999727,0.07100000000002638,0.025999999999953616,0.3170000000000073,0.548,,,,,0.493,0.413,0.382,0.322,,0.3410000000000082,0.2839999999999918,0.21099999999989905,0.18899999999996453,0.12999999999999545,"{('cu', 'start'): 686.217, ('cu', 'h2dmalloc'): 686.284, ('cu', 'h2d'): 686.301, ('cu', 'workest'): 686.369, ('cu', 'compute'): 686.547, ('cu', 'copy'): 686.618, ('cu', 'pack'): 686.642, ('cu', 'd2h'): 686.668, ('gust', 'start'): 686.772, ('gust', 'h2d'): 686.854, ('gust', 'count'): 686.876, ('gust', 'scan'): 686.92, ('gust', 'expand'): 686.951, ('gust', 'sort'): 687.004, ('gust', 'reduce'): 687.048, ('gust', 'final'): 687.114, ('gust', 'pack'): 687.138, ('gust', 'd2h'): 687.149, ('merge', 'start'): 687.273, ('merge', 'h2d'): 687.363, ('merge', 'count'): 687.387, ('merge', 'scan'): 687.432, ('merge', 'expand'): 687.455, ('merge', 'merge'): 687.478, ('merge', 'final'): 687.522, ('merge', 'compact'): 687.552, ('merge', 'pack'): 687.574, ('merge', 'd2h'): 687.586, ('mrg2', 'start'): 687.693, ('mrg2', 'h2d'): 687.772, ('mrg2', 'count'): 687.797, ('mrg2', 'scan'): 687.838, ('mrg2', 'merge'): 687.865, ('mrg2', 'final'): 687.903, ('mrg2', 'compact'): 687.93, ('mrg2', 'pack'): 687.961, ('mrg2', 'd2h'): 687.974, ('mrg3', 'start'): 688.082, ('mrg3', 'h2d'): 688.164, ('mrg3', 'count'): 688.19, ('mrg3', 'scan'): 688.247, ('mrg3', 'merge'): 688.272, ('mrg3', 'pack'): 688.294, ('mrg3', 'd2h'): 688.305}",0.0646100379526615,0.1729855998652055
Highly sparse,bcsstk21,3600,26600,0.2052469135802469,93072,93072,93072,93072,93072,0.0,,0.06000000000005912,0.26099999999996726,0.06399999999996453,0.1710000000000491,0.3849999999999909,0.744,,,,,1.034,0.801,0.591,0.484,,0.4049999999999727,0.6499999999999773,0.47900000000004184,0.2720000000000482,0.20899999999994634,"{('cu', 'start'): 698.3, ('cu', 'h2dmalloc'): 698.359, ('cu', 'h2d'): 698.395, ('cu', 'workest'): 698.455, ('cu', 'compute'): 698.716, ('cu', 'copy'): 698.78, ('cu', 'pack'): 698.8, ('cu', 'd2h'): 698.971, ('gust', 'start'): 699.056, ('gust', 'h2d'): 699.152, ('gust', 'count'): 699.18, ('gust', 'scan'): 699.22, ('gust', 'expand'): 699.315, ('gust', 'sort'): 699.582, ('gust', 'reduce'): 699.699, ('gust', 'final'): 699.77, ('gust', 'pack'): 699.802, ('gust', 'd2h'): 699.881, ('merge', 'start'): 700.099, ('merge', 'h2d'): 700.198, ('merge', 'count'): 700.232, ('merge', 'scan'): 700.272, ('merge', 'expand'): 700.371, ('merge', 'merge'): 700.501, ('merge', 'final'): 700.548, ('merge', 'compact'): 700.65, ('merge', 'pack'): 700.677, ('merge', 'd2h'): 700.756, ('mrg2', 'start'): 700.907, ('mrg2', 'h2d'): 701.0, ('mrg2', 'count'): 701.028, ('mrg2', 'scan'): 701.067, ('mrg2', 'merge'): 701.119, ('mrg2', 'final'): 701.157, ('mrg2', 'compact'): 701.247, ('mrg2', 'pack'): 701.272, ('mrg2', 'd2h'): 701.351, ('mrg3', 'start'): 701.505, ('mrg3', 'h2d'): 701.605, ('mrg3', 'count'): 701.666, ('mrg3', 'scan'): 701.723, ('mrg3', 'merge'): 701.792, ('mrg3', 'pack'): 701.814, ('mrg3', 'd2h'): 701.893}",2.685170155018568,0.2259520009392872
Highly sparse,bcsstm19,817,817,0.12239902080783352,817,817,817,817,817,0.0,,0.06399999999996453,0.1750000000000682,0.05899999999996908,0.02800000000002001,0.2980000000000018,0.515,,,,,0.455,0.379,0.355,0.301,,0.32200000000000273,0.26400000000001,0.19700000000000273,0.17300000000000182,0.125,"{('cu', 'start'): 683.868, ('cu', 'h2dmalloc'): 683.93, ('cu', 'h2d'): 683.947, ('cu', 'workest'): 684.011, ('cu', 'compute'): 684.186, ('cu', 'copy'): 684.245, ('cu', 'pack'): 684.269, ('cu', 'd2h'): 684.297, ('gust', 'start'): 684.393, ('gust', 'h2d'): 684.476, ('gust', 'count'): 684.501, ('gust', 'scan'): 684.541, ('gust', 'expand'): 684.567, ('gust', 'sort'): 684.615, ('gust', 'reduce'): 684.657, ('gust', 'final'): 684.718, ('gust', 'pack'): 684.74, ('gust', 'd2h'): 684.75, ('merge', 'start'): 684.856, ('merge', 'h2d'): 684.937, ('merge', 'count'): 684.96, ('merge', 'scan'): 684.997, ('merge', 'expand'): 685.026, ('merge', 'merge'): 685.048, ('merge', 'final'): 685.087, ('merge', 'compact'): 685.115, ('merge', 'pack'): 685.134, ('merge', 'd2h'): 685.146, ('mrg2', 'start'): 685.26, ('mrg2', 'h2d'): 685.34, ('mrg2', 'count'): 685.365, ('mrg2', 'scan'): 685.403, ('mrg2', 'merge'): 685.431, ('mrg2', 'final'): 685.464, ('mrg2', 'compact'): 685.494, ('mrg2', 'pack'): 685.513, ('mrg2', 'd2h'): 685.525, ('mrg3', 'start'): 685.621, ('mrg3', 'h2d'): 685.694, ('mrg3', 'count'): 685.722, ('mrg3', 'scan'): 685.773, ('mrg3', 'merge'): 685.802, ('mrg3', 'pack'): 685.819, ('mrg3', 'd2h'): 685.831}",0.0757249072194099,0.1712383997393771
Highly sparse,bcsstk25,15439,252241,0.10582233620331932,1168919,1168919,1168919,1168919,1168919,0.0,,0.17999999999994998,0.7060000000000173,0.19399999999995998,1.2029999999999745,1.0799999999999272,2.78,,,,,3.488,4.983,2.563,2.604,,1.1879999999999882,2.088999999999942,3.6030000000000655,1.1879999999999882,1.2269999999999754,"{('cu', 'start'): 758.998, ('cu', 'h2dmalloc'): 759.06, ('cu', 'h2d'): 759.219, ('cu', 'workest'): 759.399, ('cu', 'compute'): 760.105, ('cu', 'copy'): 760.299, ('cu', 'pack'): 760.407, ('cu', 'd2h'): 761.61, ('gust', 'start'): 761.788, ('gust', 'h2d'): 762.014, ('gust', 'count'): 762.104, ('gust', 'scan'): 762.159, ('gust', 'expand'): 762.384, ('gust', 'sort'): 763.246, ('gust', 'reduce'): 763.493, ('gust', 'final'): 764.005, ('gust', 'pack'): 764.103, ('gust', 'd2h'): 764.933, ('merge', 'start'): 765.284, ('merge', 'h2d'): 765.51, ('merge', 'count'): 765.621, ('merge', 'scan'): 765.672, ('merge', 'expand'): 766.13, ('merge', 'merge'): 768.522, ('merge', 'final'): 768.727, ('merge', 'compact'): 769.022, ('merge', 'pack'): 769.113, ('merge', 'd2h'): 769.942, ('mrg2', 'start'): 770.275, ('mrg2', 'h2d'): 770.491, ('mrg2', 'count'): 770.596, ('mrg2', 'scan'): 770.645, ('mrg2', 'merge'): 771.229, ('mrg2', 'final'): 771.272, ('mrg2', 'compact'): 771.565, ('mrg2', 'pack'): 771.679, ('mrg2', 'd2h'): 772.51, ('mrg3', 'start'): 772.846, ('mrg3', 'h2d'): 773.062, ('mrg3', 'count'): 773.499, ('mrg3', 'scan'): 773.57, ('mrg3', 'merge'): 774.197, ('mrg3', 'pack'): 774.289, ('mrg3', 'd2h'): 775.116}",177.74690710939467,0.4678240007255226
Highly sparse,bcsstk18,11948,149090,0.10443788948628972,713208,713208,713208,713208,713208,0.0,,0.3990000000000009,0.8429999999999609,0.4210000000000491,1.1230000000000473,1.663000000000011,3.573,,,,,4.111,4.479,2.351,2.093,,1.8589999999999236,2.8479999999999563,3.3740000000000236,1.2940000000000964,1.0229999999999109,"{('cu', 'start'): 734.992, ('cu', 'h2dmalloc'): 735.179, ('cu', 'h2d'): 735.306, ('cu', 'workest'): 735.705, ('cu', 'compute'): 736.548, ('cu', 'copy'): 736.969, ('cu', 'pack'): 737.165, ('cu', 'd2h'): 738.288, ('gust', 'start'): 738.583, ('gust', 'h2d'): 738.836, ('gust', 'count'): 738.898, ('gust', 'scan'): 738.992, ('gust', 'expand'): 739.338, ('gust', 'sort'): 740.08, ('gust', 'reduce'): 740.505, ('gust', 'final'): 741.466, ('gust', 'pack'): 741.684, ('gust', 'd2h'): 742.164, ('merge', 'start'): 742.713, ('merge', 'h2d'): 742.959, ('merge', 'count'): 743.045, ('merge', 'scan'): 743.132, ('merge', 'expand'): 743.63, ('merge', 'merge'): 745.244, ('merge', 'final'): 745.629, ('merge', 'compact'): 746.181, ('merge', 'pack'): 746.333, ('merge', 'd2h'): 746.805, ('mrg2', 'start'): 747.202, ('mrg2', 'h2d'): 747.401, ('mrg2', 'count'): 747.462, ('mrg2', 'scan'): 747.537, ('mrg2', 'merge'): 748.064, ('mrg2', 'final'): 748.128, ('mrg2', 'compact'): 748.54, ('mrg2', 'pack'): 748.695, ('mrg2', 'd2h'): 749.165, ('mrg3', 'start'): 749.565, ('mrg3', 'h2d'): 749.767, ('mrg3', 'count'): 750.039, ('mrg3', 'scan'): 750.132, ('mrg3', 'merge'): 750.649, ('mrg3', 'pack'): 750.79, ('mrg3', 'd2h'): 751.261}",86.1555258743465,0.4484351976308972
Highly sparse,bcsstk32,44609,2014701,0.10124314474587429,6819653,6819653,6819653,6819653,6819653,0.0,,0.18599999999992178,7.6440000000000055,0.23700000000008004,3.025000000000091,8.067000000000007,12.098,,,,,21.786,40.817,9.101,10.305,,8.157999999999902,17.72700000000009,36.66899999999987,5.4370000000001255,7.111000000000104,"{('cu', 'start'): 1109.633, ('cu', 'h2dmalloc'): 1109.703, ('cu', 'h2d'): 1110.41, ('cu', 'workest'): 1110.596, ('cu', 'compute'): 1118.24, ('cu', 'copy'): 1118.477, ('cu', 'pack'): 1118.568, ('cu', 'd2h'): 1121.593, ('gust', 'start'): 1121.738, ('gust', 'h2d'): 1123.253, ('gust', 'count'): 1123.348, ('gust', 'scan'): 1123.391, ('gust', 'expand'): 1124.779, ('gust', 'sort'): 1138.126, ('gust', 'reduce'): 1139.338, ('gust', 'final'): 1140.886, ('gust', 'pack'): 1140.98, ('gust', 'd2h'): 1143.048, ('merge', 'start'): 1143.531, ('merge', 'h2d'): 1145.028, ('merge', 'count'): 1145.256, ('merge', 'scan'): 1145.3, ('merge', 'expand'): 1150.34, ('merge', 'merge'): 1180.476, ('merge', 'final'): 1181.039, ('merge', 'compact'): 1181.623, ('merge', 'pack'): 1181.697, ('merge', 'd2h'): 1183.947, ('mrg2', 'start'): 1184.354, ('mrg2', 'h2d'): 1185.627, ('mrg2', 'count'): 1185.79, ('mrg2', 'scan'): 1185.841, ('mrg2', 'merge'): 1190.277, ('mrg2', 'final'): 1190.318, ('mrg2', 'compact'): 1190.993, ('mrg2', 'pack'): 1191.064, ('mrg2', 'd2h'): 1193.06, ('mrg3', 'start'): 1193.462, ('mrg3', 'h2d'): 1194.329, ('mrg3', 'count'): 1196.918, ('mrg3', 'scan'): 1197.022, ('mrg3', 'merge'): 1201.371, ('mrg3', 'pack'): 1201.44, ('mrg3', 'd2h'): 1203.427}",4421.557090012357,1.7994463977403938
Extremely sparse,bcsstk31,35588,1181416,0.09328153508950845,4713580,4713580,4713580,4713580,4713580,0.0,,0.18100000000004002,4.491999999999962,0.22400000000004638,1.9829999999999472,4.897000000000048,7.532,,,,,11.424,22.347,5.74,6.408,,4.974000000000046,8.853000000000065,19.534999999999968,3.0809999999999036,4.2999999999999545,"{('cu', 'start'): 934.845, ('cu', 'h2dmalloc'): 934.9, ('cu', 'h2d'): 935.293, ('cu', 'workest'): 935.474, ('cu', 'compute'): 939.966, ('cu', 'copy'): 940.19, ('cu', 'pack'): 940.267, ('cu', 'd2h'): 942.25, ('gust', 'start'): 942.383, ('gust', 'h2d'): 943.217, ('gust', 'count'): 943.306, ('gust', 'scan'): 943.353, ('gust', 'expand'): 944.063, ('gust', 'sort'): 950.283, ('gust', 'reduce'): 950.965, ('gust', 'final'): 951.995, ('gust', 'pack'): 952.07, ('gust', 'd2h'): 953.452, ('merge', 'start'): 953.814, ('merge', 'h2d'): 954.839, ('merge', 'count'): 954.95, ('merge', 'scan'): 954.99, ('merge', 'expand'): 957.568, ('merge', 'merge'): 973.558, ('merge', 'final'): 973.871, ('merge', 'compact'): 974.292, ('merge', 'pack'): 974.374, ('merge', 'd2h'): 975.79, ('mrg2', 'start'): 976.167, ('mrg2', 'h2d'): 977.123, ('mrg2', 'count'): 977.255, ('mrg2', 'scan'): 977.296, ('mrg2', 'merge'): 979.682, ('mrg2', 'final'): 979.721, ('mrg2', 'compact'): 980.127, ('mrg2', 'pack'): 980.204, ('mrg2', 'd2h'): 981.581, ('mrg3', 'start'): 981.913, ('mrg3', 'h2d'): 982.361, ('mrg3', 'count'): 983.966, ('mrg3', 'scan'): 984.023, ('mrg3', 'merge'): 986.587, ('mrg3', 'pack'): 986.661, ('mrg3', 'd2h'): 988.037}",2316.7010678444058,1.286134410137311
Extremely sparse,bcsstm08,1074,1074,0.0931098696461825,1074,1074,1074,1074,1074,0.0,,0.06600000000003092,0.17200000000002547,0.07499999999993179,0.027000000000043656,0.3129999999999882,0.552,,,,,0.483,0.403,0.358,0.315,,0.33600000000001273,0.2680000000000291,0.19400000000007367,0.16700000000003,0.125,"{('cu', 'start'): 683.487, ('cu', 'h2dmalloc'): 683.551, ('cu', 'h2d'): 683.574, ('cu', 'workest'): 683.64, ('cu', 'compute'): 683.812, ('cu', 'copy'): 683.887, ('cu', 'pack'): 683.91, ('cu', 'd2h'): 683.937, ('gust', 'start'): 684.052, ('gust', 'h2d'): 684.14, ('gust', 'count'): 684.163, ('gust', 'scan'): 684.205, ('gust', 'expand'): 684.235, ('gust', 'sort'): 684.284, ('gust', 'reduce'): 684.328, ('gust', 'final'): 684.387, ('gust', 'pack'): 684.408, ('gust', 'd2h'): 684.419, ('merge', 'start'): 684.542, ('merge', 'h2d'): 684.627, ('merge', 'count'): 684.651, ('merge', 'scan'): 684.69, ('merge', 'expand'): 684.713, ('merge', 'merge'): 684.733, ('merge', 'final'): 684.774, ('merge', 'compact'): 684.802, ('merge', 'pack'): 684.821, ('merge', 'd2h'): 684.842, ('mrg2', 'start'): 684.953, ('mrg2', 'h2d'): 685.034, ('mrg2', 'count'): 685.056, ('mrg2', 'scan'): 685.095, ('mrg2', 'merge'): 685.121, ('mrg2', 'final'): 685.157, ('mrg2', 'compact'): 685.183, ('mrg2', 'pack'): 685.201, ('mrg2', 'd2h'): 685.212, ('mrg3', 'start'): 685.316, ('mrg3', 'h2d'): 685.395, ('mrg3', 'count'): 685.422, ('mrg3', 'scan'): 685.474, ('mrg3', 'merge'): 685.501, ('mrg3', 'pack'): 685.52, ('mrg3', 'd2h'): 685.531}",0.1300980802625417,0.173103999858722
Extremely sparse,bcsstm09,1083,1083,0.09233610341643582,1083,1083,1083,1083,1083,0.0,,0.06299999999998818,0.17799999999999727,0.06200000000001182,0.02500000000009095,0.30299999999999727,0.525,,,,,0.478,0.392,0.356,0.324,,0.3249999999999318,0.2680000000000291,0.20000000000004547,0.16600000000005366,0.1270000000000664,"{('cu', 'start'): 689.176, ('cu', 'h2dmalloc'): 689.239, ('cu', 'h2d'): 689.259, ('cu', 'workest'): 689.322, ('cu', 'compute'): 689.5, ('cu', 'copy'): 689.562, ('cu', 'pack'): 689.584, ('cu', 'd2h'): 689.609, ('gust', 'start'): 689.711, ('gust', 'h2d'): 689.794, ('gust', 'count'): 689.816, ('gust', 'scan'): 689.857, ('gust', 'expand'): 689.881, ('gust', 'sort'): 689.929, ('gust', 'reduce'): 689.98, ('gust', 'final'): 690.04, ('gust', 'pack'): 690.062, ('gust', 'd2h'): 690.073, ('merge', 'start'): 690.195, ('merge', 'h2d'): 690.279, ('merge', 'count'): 690.301, ('merge', 'scan'): 690.34, ('merge', 'expand'): 690.362, ('merge', 'merge'): 690.384, ('merge', 'final'): 690.434, ('merge', 'compact'): 690.46, ('merge', 'pack'): 690.479, ('merge', 'd2h'): 690.491, ('mrg2', 'start'): 690.594, ('mrg2', 'h2d'): 690.675, ('mrg2', 'count'): 690.699, ('mrg2', 'scan'): 690.737, ('mrg2', 'merge'): 690.761, ('mrg2', 'final'): 690.797, ('mrg2', 'compact'): 690.823, ('mrg2', 'pack'): 690.841, ('mrg2', 'd2h'): 690.852, ('mrg3', 'start'): 690.956, ('mrg3', 'h2d'): 691.044, ('mrg3', 'count'): 691.072, ('mrg3', 'scan'): 691.125, ('mrg3', 'merge'): 691.151, ('mrg3', 'pack'): 691.171, ('mrg3', 'd2h'): 691.182}",0.1266489271074533,0.1711552008520811
Extremely sparse,bcspwr10,5300,21842,0.07775720897116412,60498,60498,60498,60498,60498,0.0,,0.06299999999998818,0.2480000000000473,0.06200000000001182,0.15899999999999181,0.3730000000000473,0.737,,,,,0.908,0.706,0.503,0.446,,0.39400000000000546,0.6650000000000773,0.4680000000000746,0.2539999999999054,0.20400000000006457,"{('cu', 'start'): 667.503, ('cu', 'h2dmalloc'): 667.573, ('cu', 'h2d'): 667.602, ('cu', 'workest'): 667.665, ('cu', 'compute'): 667.913, ('cu', 'copy'): 667.975, ('cu', 'pack'): 667.996, ('cu', 'd2h'): 668.155, ('gust', 'start'): 668.25, ('gust', 'h2d'): 668.348, ('gust', 'count'): 668.379, ('gust', 'scan'): 668.422, ('gust', 'expand'): 668.457, ('gust', 'sort'): 668.738, ('gust', 'reduce'): 668.86, ('gust', 'final'): 668.983, ('gust', 'pack'): 669.013, ('gust', 'd2h'): 669.064, ('merge', 'start'): 669.165, ('merge', 'h2d'): 669.262, ('merge', 'count'): 669.299, ('merge', 'scan'): 669.341, ('merge', 'expand'): 669.385, ('merge', 'merge'): 669.553, ('merge', 'final'): 669.6, ('merge', 'compact'): 669.706, ('merge', 'pack'): 669.73, ('merge', 'd2h'): 669.78, ('mrg2', 'start'): 669.879, ('mrg2', 'h2d'): 669.974, ('mrg2', 'count'): 670.009, ('mrg2', 'scan'): 670.06, ('mrg2', 'merge'): 670.123, ('mrg2', 'final'): 670.165, ('mrg2', 'compact'): 670.201, ('mrg2', 'pack'): 670.228, ('mrg2', 'd2h'): 670.277, ('mrg3', 'start'): 670.389, ('mrg3', 'h2d'): 670.486, ('mrg3', 'count'): 670.547, ('mrg3', 'scan'): 670.608, ('mrg3', 'merge'): 670.669, ('mrg3', 'pack'): 670.69, ('mrg3', 'd2h'): 670.74}",7.620363961905241,0.233398400247097
Extremely sparse,bcsstm11,1473,1473,0.0678886625933469,1473,1473,1473,1473,1473,0.0,,0.06200000000001182,0.17700000000002092,0.06299999999998818,0.02699999999992997,0.3020000000000209,0.534,,,,,0.479,0.387,0.356,0.325,,0.3240000000000691,0.2580000000000382,0.19200000000000728,0.16800000000000637,0.13400000000001455,"{('cu', 'start'): 689.329, ('cu', 'h2dmalloc'): 689.397, ('cu', 'h2d'): 689.419, ('cu', 'workest'): 689.481, ('cu', 'compute'): 689.658, ('cu', 'copy'): 689.721, ('cu', 'pack'): 689.743, ('cu', 'd2h'): 689.77, ('gust', 'start'): 689.87, ('gust', 'h2d'): 689.956, ('gust', 'count'): 689.978, ('gust', 'scan'): 690.02, ('gust', 'expand'): 690.044, ('gust', 'sort'): 690.093, ('gust', 'reduce'): 690.135, ('gust', 'final'): 690.193, ('gust', 'pack'): 690.214, ('gust', 'd2h'): 690.226, ('merge', 'start'): 690.357, ('merge', 'h2d'): 690.441, ('merge', 'count'): 690.464, ('merge', 'scan'): 690.503, ('merge', 'expand'): 690.525, ('merge', 'merge'): 690.546, ('merge', 'final'): 690.586, ('merge', 'compact'): 690.614, ('merge', 'pack'): 690.633, ('merge', 'd2h'): 690.646, ('mrg2', 'start'): 690.75, ('mrg2', 'h2d'): 690.829, ('mrg2', 'count'): 690.85, ('mrg2', 'scan'): 690.889, ('mrg2', 'merge'): 690.918, ('mrg2', 'final'): 690.952, ('mrg2', 'compact'): 690.978, ('mrg2', 'pack'): 690.997, ('mrg2', 'd2h'): 691.009, ('mrg3', 'start'): 691.111, ('mrg3', 'h2d'): 691.189, ('mrg3', 'count'): 691.218, ('mrg3', 'scan'): 691.278, ('mrg3', 'merge'): 691.305, ('mrg3', 'pack'): 691.323, ('mrg3', 'd2h'): 691.334}",0.2223190385848283,0.1717984006740153
Extremely sparse,bcsstm26,1922,1922,0.052029136316337155,1922,1922,1922,1922,1922,0.0,,0.06099999999992178,0.17200000000002547,0.06299999999998818,0.02800000000002001,0.2959999999999354,0.548,,,,,0.478,0.415,0.363,0.329,,0.31899999999996,0.26499999999998636,0.20499999999992724,0.17399999999997817,0.12999999999999545,"{('cu', 'start'): 673.314, ('cu', 'h2dmalloc'): 673.378, ('cu', 'h2d'): 673.421, ('cu', 'workest'): 673.482, ('cu', 'compute'): 673.654, ('cu', 'copy'): 673.717, ('cu', 'pack'): 673.74, ('cu', 'd2h'): 673.768, ('gust', 'start'): 673.873, ('gust', 'h2d'): 673.971, ('gust', 'count'): 673.997, ('gust', 'scan'): 674.036, ('gust', 'expand'): 674.063, ('gust', 'sort'): 674.111, ('gust', 'reduce'): 674.155, ('gust', 'final'): 674.213, ('gust', 'pack'): 674.236, ('gust', 'd2h'): 674.247, ('merge', 'start'): 674.358, ('merge', 'h2d'): 674.464, ('merge', 'count'): 674.49, ('merge', 'scan'): 674.527, ('merge', 'expand'): 674.553, ('merge', 'merge'): 674.577, ('merge', 'final'): 674.619, ('merge', 'compact'): 674.648, ('merge', 'pack'): 674.669, ('merge', 'd2h'): 674.681, ('mrg2', 'start'): 674.781, ('mrg2', 'h2d'): 674.87, ('mrg2', 'count'): 674.895, ('mrg2', 'scan'): 674.931, ('mrg2', 'merge'): 674.957, ('mrg2', 'final'): 674.997, ('mrg2', 'compact'): 675.024, ('mrg2', 'pack'): 675.044, ('mrg2', 'd2h'): 675.058, ('mrg3', 'start'): 675.153, ('mrg3', 'h2d'): 675.237, ('mrg3', 'count'): 675.268, ('mrg3', 'scan'): 675.318, ('mrg3', 'merge'): 675.348, ('mrg3', 'pack'): 675.367, ('mrg3', 'd2h'): 675.379}",0.505893025547266,0.1713184004183858
Extremely sparse,bcsstm23,3134,3134,0.031908104658583285,3134,3134,3134,3134,3134,0.0,,0.05899999999996908,0.17799999999999727,0.06200000000001182,0.028999999999996362,0.29899999999997817,0.529,,,,,0.549,0.39,0.353,0.341,,0.32000000000005,0.34000000000003183,0.19600000000002638,0.16499999999996362,0.14400000000000546,"{('cu', 'start'): 695.857, ('cu', 'h2dmalloc'): 695.924, ('cu', 'h2d'): 695.943, ('cu', 'workest'): 696.002, ('cu', 'compute'): 696.18, ('cu', 'copy'): 696.242, ('cu', 'pack'): 696.263, ('cu', 'd2h'): 696.292, ('gust', 'start'): 696.394, ('gust', 'h2d'): 696.476, ('gust', 'count'): 696.498, ('gust', 'scan'): 696.539, ('gust', 'expand'): 696.566, ('gust', 'sort'): 696.681, ('gust', 'reduce'): 696.726, ('gust', 'final'): 696.794, ('gust', 'pack'): 696.816, ('gust', 'd2h'): 696.829, ('merge', 'start'): 696.949, ('merge', 'h2d'): 697.031, ('merge', 'count'): 697.054, ('merge', 'scan'): 697.093, ('merge', 'expand'): 697.117, ('merge', 'merge'): 697.14, ('merge', 'final'): 697.179, ('merge', 'compact'): 697.207, ('merge', 'pack'): 697.227, ('merge', 'd2h'): 697.24, ('mrg2', 'start'): 697.345, ('mrg2', 'h2d'): 697.422, ('mrg2', 'count'): 697.443, ('mrg2', 'scan'): 697.481, ('mrg2', 'merge'): 697.504, ('mrg2', 'final'): 697.542, ('mrg2', 'compact'): 697.567, ('mrg2', 'pack'): 697.587, ('mrg2', 'd2h'): 697.6, ('mrg3', 'start'): 697.705, ('mrg3', 'h2d'): 697.789, ('mrg3', 'count'): 697.826, ('mrg3', 'scan'): 697.882, ('mrg3', 'merge'): 697.914, ('mrg3', 'pack'): 697.933, ('mrg3', 'd2h'): 697.946}",1.799254911020398,0.1752064004074782
Extremely sparse,bcsstm24,3562,3562,0.028074115665356544,3562,3562,3562,3562,3562,0.0,,0.06100000000003547,0.16800000000000637,0.06299999999998818,0.028999999999996362,0.29200000000003,0.523,,,,,0.549,0.402,0.364,0.336,,0.31399999999996453,0.34000000000003183,0.20500000000004093,0.17399999999997817,0.14800000000002456,"{('cu', 'start'): 684.652, ('cu', 'h2dmalloc'): 684.718, ('cu', 'h2d'): 684.736, ('cu', 'workest'): 684.797, ('cu', 'compute'): 684.965, ('cu', 'copy'): 685.028, ('cu', 'pack'): 685.05, ('cu', 'd2h'): 685.079, ('gust', 'start'): 685.185, ('gust', 'h2d'): 685.265, ('gust', 'count'): 685.287, ('gust', 'scan'): 685.329, ('gust', 'expand'): 685.363, ('gust', 'sort'): 685.481, ('gust', 'reduce'): 685.524, ('gust', 'final'): 685.583, ('gust', 'pack'): 685.605, ('gust', 'd2h'): 685.619, ('merge', 'start'): 685.74, ('merge', 'h2d'): 685.828, ('merge', 'count'): 685.853, ('merge', 'scan'): 685.892, ('merge', 'expand'): 685.918, ('merge', 'merge'): 685.942, ('merge', 'final'): 685.983, ('merge', 'compact'): 686.013, ('merge', 'pack'): 686.033, ('merge', 'd2h'): 686.046, ('mrg2', 'start'): 686.149, ('mrg2', 'h2d'): 686.226, ('mrg2', 'count'): 686.248, ('mrg2', 'scan'): 686.285, ('mrg2', 'merge'): 686.309, ('mrg2', 'final'): 686.355, ('mrg2', 'compact'): 686.38, ('mrg2', 'pack'): 686.4, ('mrg2', 'd2h'): 686.414, ('mrg3', 'start'): 686.519, ('mrg3', 'h2d'): 686.595, ('mrg3', 'count'): 686.632, ('mrg3', 'scan'): 686.688, ('mrg3', 'merge'): 686.723, ('mrg3', 'pack'): 686.743, ('mrg3', 'd2h'): 686.756}",2.6030661538243294,0.1751199997263029
Extremely sparse,bcsstm21,3600,3600,0.027777777777777776,3600,3600,3600,3600,3600,0.0,,0.06199999999989814,0.17700000000002092,0.06299999999998818,0.029999999999972715,0.30199999999990723,0.527,,,,,0.556,0.392,0.354,0.346,,0.3229999999999791,0.3490000000000464,0.19899999999995543,0.16800000000000637,0.1470000000000482,"{('cu', 'start'): 670.631, ('cu', 'h2dmalloc'): 670.694, ('cu', 'h2d'): 670.714, ('cu', 'workest'): 670.776, ('cu', 'compute'): 670.953, ('cu', 'copy'): 671.016, ('cu', 'pack'): 671.037, ('cu', 'd2h'): 671.067, ('gust', 'start'): 671.167, ('gust', 'h2d'): 671.247, ('gust', 'count'): 671.269, ('gust', 'scan'): 671.311, ('gust', 'expand'): 671.338, ('gust', 'sort'): 671.457, ('gust', 'reduce'): 671.502, ('gust', 'final'): 671.573, ('gust', 'pack'): 671.596, ('gust', 'd2h'): 671.609, ('merge', 'start'): 671.729, ('merge', 'h2d'): 671.811, ('merge', 'count'): 671.834, ('merge', 'scan'): 671.873, ('merge', 'expand'): 671.898, ('merge', 'merge'): 671.921, ('merge', 'final'): 671.962, ('merge', 'compact'): 671.99, ('merge', 'pack'): 672.01, ('merge', 'd2h'): 672.026, ('mrg2', 'start'): 672.128, ('mrg2', 'h2d'): 672.204, ('mrg2', 'count'): 672.225, ('mrg2', 'scan'): 672.262, ('mrg2', 'merge'): 672.287, ('mrg2', 'final'): 672.325, ('mrg2', 'compact'): 672.352, ('mrg2', 'pack'): 672.372, ('mrg2', 'd2h'): 672.386, ('mrg3', 'start'): 672.487, ('mrg3', 'h2d'): 672.573, ('mrg3', 'count'): 672.609, ('mrg3', 'scan'): 672.665, ('mrg3', 'merge'): 672.701, ('mrg3', 'pack'): 672.72, ('mrg3', 'd2h'): 672.735}",2.703153993934393,0.1777727992972359
Extremely sparse,bcsstm25,15439,15439,0.006477103439341926,15439,15439,15439,15439,15439,0.0,,0.08600000000001273,0.18899999999996453,0.08800000000007913,0.05299999999999727,0.3630000000000564,0.69,,,,,0.74,0.581,0.55,0.548,,0.39999999999997726,0.47500000000002274,0.3240000000000691,0.28300000000001546,0.28100000000006276,"{('cu', 'start'): 715.704, ('cu', 'h2dmalloc'): 715.795, ('cu', 'h2d'): 715.828, ('cu', 'workest'): 715.914, ('cu', 'compute'): 716.103, ('cu', 'copy'): 716.191, ('cu', 'pack'): 716.228, ('cu', 'd2h'): 716.281, ('gust', 'start'): 716.407, ('gust', 'h2d'): 716.516, ('gust', 'count'): 716.547, ('gust', 'scan'): 716.609, ('gust', 'expand'): 716.658, ('gust', 'sort'): 716.812, ('gust', 'reduce'): 716.87, ('gust', 'final'): 716.948, ('gust', 'pack'): 716.991, ('gust', 'd2h'): 717.019, ('merge', 'start'): 717.157, ('merge', 'h2d'): 717.266, ('merge', 'count'): 717.314, ('merge', 'scan'): 717.373, ('merge', 'expand'): 717.415, ('merge', 'merge'): 717.458, ('merge', 'final'): 717.512, ('merge', 'compact'): 717.559, ('merge', 'pack'): 717.59, ('merge', 'd2h'): 717.617, ('mrg2', 'start'): 717.754, ('mrg2', 'h2d'): 717.866, ('mrg2', 'count'): 717.915, ('mrg2', 'scan'): 717.973, ('mrg2', 'merge'): 718.018, ('mrg2', 'final'): 718.07, ('mrg2', 'compact'): 718.114, ('mrg2', 'pack'): 718.149, ('mrg2', 'd2h'): 718.176, ('mrg3', 'start'): 718.307, ('mrg3', 'h2d'): 718.414, ('mrg3', 'count'): 718.512, ('mrg3', 'scan'): 718.583, ('mrg3', 'merge'): 718.663, ('mrg3', 'pack'): 718.695, ('mrg3', 'd2h'): 718.722}",177.74743493646383,0.1872703998116776
