class,name,n,A_nnz,density_pct,cu_cnnz,man_cnnz,merge_cnnz,merge2_cnnz,merge3_cnnz,cnnz_gap_pct,buf2,cu_we,cu_compute,cu_copy,cu_d2h,cu_kernel,cu_time,cu_write,man_count,man_fill,man_kernel,man_time,merge_time,merge2_time,merge3_time,man_write,cu_compute_t,man_compute_t,merge_compute_t,merge2_compute_t,merge3_compute_t,phases,cublas_ms,ocean_ms
Dense,bcsstk02,66,4356,100.0,4356,4356,4356,4356,4356,0.0,,0.056999999999902684,0.21600000000000819,0.05200000000002092,0.09699999999997999,0.3249999999999318,0.593,,,,,1.062,1.885,0.862,0.359,,0.34399999999993724,0.8170000000000073,1.7019999999999982,0.6849999999999454,0.16899999999998272,"{('cu', 'start'): 684.489, ('cu', 'h2dmalloc'): 684.549, ('cu', 'h2d'): 684.565, ('cu', 'workest'): 684.622, ('cu', 'compute'): 684.838, ('cu', 'copy'): 684.89, ('cu', 'pack'): 684.909, ('cu', 'd2h'): 685.006, ('gust', 'start'): 685.093, ('gust', 'h2d'): 685.171, ('gust', 'count'): 685.201, ('gust', 'scan'): 685.249, ('gust', 'expand'): 685.359, ('gust', 'sort'): 685.613, ('gust', 'reduce'): 685.774, ('gust', 'final'): 685.962, ('gust', 'pack'): 685.988, ('gust', 'd2h'): 686.008, ('merge', 'start'): 686.16, ('merge', 'h2d'): 686.249, ('merge', 'count'): 686.279, ('merge', 'scan'): 686.321, ('merge', 'expand'): 686.793, ('merge', 'merge'): 687.673, ('merge', 'final'): 687.787, ('merge', 'compact'): 687.926, ('merge', 'pack'): 687.951, ('merge', 'd2h'): 687.965, ('mrg2', 'start'): 688.059, ('mrg2', 'h2d'): 688.134, ('mrg2', 'count'): 688.16, ('mrg2', 'scan'): 688.197, ('mrg2', 'merge'): 688.656, ('mrg2', 'final'): 688.703, ('mrg2', 'compact'): 688.797, ('mrg2', 'pack'): 688.819, ('mrg2', 'd2h'): 688.835, ('mrg3', 'start'): 688.926, ('mrg3', 'h2d'): 689.003, ('mrg3', 'count'): 689.043, ('mrg3', 'scan'): 689.099, ('mrg3', 'merge'): 689.149, ('mrg3', 'pack'): 689.172, ('mrg3', 'd2h'): 689.185}",0.048649962991476,0.7858016062295063
Dense,can_24,24,160,27.77777777777778,336,336,336,336,336,0.0,,0.057999999999992724,0.15800000000001546,0.05899999999996908,0.024999999999977263,0.27499999999997726,0.495,,,,,0.453,0.412,0.355,0.289,,0.30700000000001637,0.2660000000000764,0.2339999999999236,0.18200000000001637,0.125,"{('cu', 'start'): 645.227, ('cu', 'h2dmalloc'): 645.288, ('cu', 'h2d'): 645.302, ('cu', 'workest'): 645.36, ('cu', 'compute'): 645.518, ('cu', 'copy'): 645.577, ('cu', 'pack'): 645.609, ('cu', 'd2h'): 645.634, ('gust', 'start'): 645.735, ('gust', 'h2d'): 645.814, ('gust', 'count'): 645.838, ('gust', 'scan'): 645.879, ('gust', 'expand'): 645.904, ('gust', 'sort'): 645.954, ('gust', 'reduce'): 645.999, ('gust', 'final'): 646.057, ('gust', 'pack'): 646.08, ('gust', 'd2h'): 646.089, ('merge', 'start'): 646.197, ('merge', 'h2d'): 646.268, ('merge', 'count'): 646.29, ('merge', 'scan'): 646.332, ('merge', 'expand'): 646.365, ('merge', 'merge'): 646.414, ('merge', 'final'): 646.457, ('merge', 'compact'): 646.484, ('merge', 'pack'): 646.502, ('merge', 'd2h'): 646.514, ('mrg2', 'start'): 646.619, ('mrg2', 'h2d'): 646.691, ('mrg2', 'count'): 646.715, ('mrg2', 'scan'): 646.753, ('mrg2', 'merge'): 646.79, ('mrg2', 'final'): 646.825, ('mrg2', 'compact'): 646.854, ('mrg2', 'pack'): 646.873, ('mrg2', 'd2h'): 646.887, ('mrg3', 'start'): 646.981, ('mrg3', 'h2d'): 647.05, ('mrg3', 'count'): 647.077, ('mrg3', 'scan'): 647.127, ('mrg3', 'merge'): 647.157, ('mrg3', 'pack'): 647.175, ('mrg3', 'd2h'): 647.186}",0.0485549680888652,0.1862752013141289
Dense,bcsstk04,132,3648,20.9366391184573,11968,11968,11968,11968,11968,0.0,,0.06600000000003092,0.2620000000000573,0.06299999999998818,0.11599999999998545,0.3910000000000764,0.699,,,,,0.872,1.377,0.506,0.385,,0.41400000000010095,0.6510000000000673,1.18100000000004,0.2980000000000018,0.17899999999997362,"{('cu', 'start'): 692.217, ('cu', 'h2dmalloc'): 692.282, ('cu', 'h2d'): 692.3, ('cu', 'workest'): 692.366, ('cu', 'compute'): 692.628, ('cu', 'copy'): 692.691, ('cu', 'pack'): 692.714, ('cu', 'd2h'): 692.83, ('gust', 'start'): 692.925, ('gust', 'h2d'): 693.015, ('gust', 'count'): 693.04, ('gust', 'scan'): 693.082, ('gust', 'expand'): 693.122, ('gust', 'sort'): 693.393, ('gust', 'reduce'): 693.505, ('gust', 'final'): 693.641, ('gust', 'pack'): 693.666, ('gust', 'd2h'): 693.694, ('merge', 'start'): 693.803, ('merge', 'h2d'): 693.881, ('merge', 'count'): 693.906, ('merge', 'scan'): 693.95, ('merge', 'expand'): 694.131, ('merge', 'merge'): 694.867, ('merge', 'final'): 694.917, ('merge', 'compact'): 695.036, ('merge', 'pack'): 695.062, ('merge', 'd2h'): 695.08, ('mrg2', 'start'): 695.189, ('mrg2', 'h2d'): 695.27, ('mrg2', 'count'): 695.294, ('mrg2', 'scan'): 695.337, ('mrg2', 'merge'): 695.487, ('mrg2', 'final'): 695.525, ('mrg2', 'compact'): 695.549, ('mrg2', 'pack'): 695.568, ('mrg2', 'd2h'): 695.586, ('mrg3', 'start'): 695.702, ('mrg3', 'h2d'): 695.78, ('mrg3', 'count'): 695.827, ('mrg3', 'scan'): 695.883, ('mrg3', 'merge'): 695.941, ('mrg3', 'pack'): 695.959, ('mrg3', 'd2h'): 695.978}",0.032111071050167,0.4613919987808913
Dense,bcsstk01,48,400,17.36111111111111,1292,1292,1292,1292,1292,0.0,,0.05499999999994998,0.15600000000006276,0.056999999999902684,0.029999999999972715,0.2679999999999154,0.481,,,,,0.523,0.445,0.382,0.301,,0.2899999999999636,0.3289999999999509,0.26900000000000546,0.19600000000002638,0.1290000000000191,"{('cu', 'start'): 666.911, ('cu', 'h2dmalloc'): 666.973, ('cu', 'h2d'): 666.989, ('cu', 'workest'): 667.044, ('cu', 'compute'): 667.2, ('cu', 'copy'): 667.257, ('cu', 'pack'): 667.279, ('cu', 'd2h'): 667.309, ('gust', 'start'): 667.401, ('gust', 'h2d'): 667.488, ('gust', 'count'): 667.514, ('gust', 'scan'): 667.553, ('gust', 'expand'): 667.58, ('gust', 'sort'): 667.693, ('gust', 'reduce'): 667.736, ('gust', 'final'): 667.794, ('gust', 'pack'): 667.817, ('gust', 'd2h'): 667.828, ('merge', 'start'): 667.933, ('merge', 'h2d'): 668.009, ('merge', 'count'): 668.034, ('merge', 'scan'): 668.071, ('merge', 'expand'): 668.113, ('merge', 'merge'): 668.187, ('merge', 'final'): 668.227, ('merge', 'compact'): 668.259, ('merge', 'pack'): 668.278, ('merge', 'd2h'): 668.29, ('mrg2', 'start'): 668.385, ('mrg2', 'h2d'): 668.467, ('mrg2', 'count'): 668.492, ('mrg2', 'scan'): 668.529, ('mrg2', 'merge'): 668.576, ('mrg2', 'final'): 668.617, ('mrg2', 'compact'): 668.645, ('mrg2', 'pack'): 668.663, ('mrg2', 'd2h'): 668.674, ('mrg3', 'start'): 668.774, ('mrg3', 'h2d'): 668.846, ('mrg3', 'count'): 668.875, ('mrg3', 'scan'): 668.925, ('mrg3', 'merge'): 668.956, ('mrg3', 'pack'): 668.975, ('mrg3', 'd2h'): 668.986}",0.0481798779219388,0.2865535998251289
Dense,can_61,61,557,14.969094329481322,1793,1793,1793,1793,1793,0.0,,0.07200000000000273,0.18600000000003547,0.06799999999998363,0.02500000000009095,0.32600000000002183,0.557,,,,,0.564,0.575,0.399,0.331,,0.3509999999999991,0.35999999999989996,0.37000000000000455,0.21299999999996544,0.14800000000002456,"{('cu', 'start'): 702.771, ('cu', 'h2dmalloc'): 702.834, ('cu', 'h2d'): 702.853, ('cu', 'workest'): 702.925, ('cu', 'compute'): 703.111, ('cu', 'copy'): 703.179, ('cu', 'pack'): 703.204, ('cu', 'd2h'): 703.229, ('gust', 'start'): 703.338, ('gust', 'h2d'): 703.421, ('gust', 'count'): 703.445, ('gust', 'scan'): 703.491, ('gust', 'expand'): 703.521, ('gust', 'sort'): 703.646, ('gust', 'reduce'): 703.693, ('gust', 'final'): 703.756, ('gust', 'pack'): 703.781, ('gust', 'd2h'): 703.793, ('merge', 'start'): 703.908, ('merge', 'h2d'): 703.989, ('merge', 'count'): 704.022, ('merge', 'scan'): 704.066, ('merge', 'expand'): 704.114, ('merge', 'merge'): 704.267, ('merge', 'final'): 704.312, ('merge', 'compact'): 704.336, ('merge', 'pack'): 704.359, ('merge', 'd2h'): 704.371, ('mrg2', 'start'): 704.49, ('mrg2', 'h2d'): 704.567, ('mrg2', 'count'): 704.592, ('mrg2', 'scan'): 704.633, ('mrg2', 'merge'): 704.691, ('mrg2', 'final'): 704.732, ('mrg2', 'compact'): 704.757, ('mrg2', 'pack'): 704.78, ('mrg2', 'd2h'): 704.792, ('mrg3', 'start'): 704.895, ('mrg3', 'h2d'): 704.97, ('mrg3', 'count'): 705.001, ('mrg3', 'scan'): 705.06, ('mrg3', 'merge'): 705.098, ('mrg3', 'pack'): 705.118, ('mrg3', 'd2h'): 705.13}",0.0485938508063554,0.2905471991281956
Dense,bcsstk05,153,2423,10.350719808620616,7245,7245,7245,7245,7245,0.0,,0.08299999999996999,0.20400000000006457,0.06999999999993634,0.029999999999972715,0.3569999999999709,0.62,,,,,0.667,0.655,0.483,0.413,,0.3809999999999718,0.4089999999999918,0.42600000000004457,0.25699999999994816,0.19099999999991724,"{('cu', 'start'): 698.609, ('cu', 'h2dmalloc'): 698.68, ('cu', 'h2d'): 698.711, ('cu', 'workest'): 698.794, ('cu', 'compute'): 698.998, ('cu', 'copy'): 699.068, ('cu', 'pack'): 699.092, ('cu', 'd2h'): 699.122, ('gust', 'start'): 699.241, ('gust', 'h2d'): 699.35, ('gust', 'count'): 699.383, ('gust', 'scan'): 699.433, ('gust', 'expand'): 699.469, ('gust', 'sort'): 699.611, ('gust', 'reduce'): 699.66, ('gust', 'final'): 699.733, ('gust', 'pack'): 699.759, ('gust', 'd2h'): 699.783, ('merge', 'start'): 699.915, ('merge', 'h2d'): 700.019, ('merge', 'count'): 700.051, ('merge', 'scan'): 700.1, ('merge', 'expand'): 700.168, ('merge', 'merge'): 700.344, ('merge', 'final'): 700.391, ('merge', 'compact'): 700.422, ('merge', 'pack'): 700.445, ('merge', 'd2h'): 700.461, ('mrg2', 'start'): 700.578, ('mrg2', 'h2d'): 700.676, ('mrg2', 'count'): 700.706, ('mrg2', 'scan'): 700.753, ('mrg2', 'merge'): 700.82, ('mrg2', 'final'): 700.87, ('mrg2', 'compact'): 700.904, ('mrg2', 'pack'): 700.933, ('mrg2', 'd2h'): 700.948, ('mrg3', 'start'): 701.069, ('mrg3', 'h2d'): 701.167, ('mrg3', 'count'): 701.212, ('mrg3', 'scan'): 701.281, ('mrg3', 'merge'): 701.333, ('mrg3', 'pack'): 701.358, ('mrg3', 'd2h'): 701.374}",0.0504700001329183,0.3061503986362368
Mildly sparse,bcspwr01,39,131,8.61275476660092,275,275,275,275,275,0.0,,0.06299999999998818,0.14600000000007185,0.05700000000001637,0.028999999999996362,0.2660000000000764,0.481,,,,,0.461,0.388,0.367,0.296,,0.2880000000000109,0.26900000000000546,0.21299999999996544,0.18899999999996453,0.12199999999995725,"{('cu', 'start'): 677.109, ('cu', 'h2dmalloc'): 677.175, ('cu', 'h2d'): 677.189, ('cu', 'workest'): 677.252, ('cu', 'compute'): 677.398, ('cu', 'copy'): 677.455, ('cu', 'pack'): 677.477, ('cu', 'd2h'): 677.506, ('gust', 'start'): 677.611, ('gust', 'h2d'): 677.694, ('gust', 'count'): 677.726, ('gust', 'scan'): 677.764, ('gust', 'expand'): 677.795, ('gust', 'sort'): 677.841, ('gust', 'reduce'): 677.886, ('gust', 'final'): 677.942, ('gust', 'pack'): 677.963, ('gust', 'd2h'): 677.973, ('merge', 'start'): 678.081, ('merge', 'h2d'): 678.157, ('merge', 'count'): 678.179, ('merge', 'scan'): 678.216, ('merge', 'expand'): 678.247, ('merge', 'merge'): 678.285, ('merge', 'final'): 678.324, ('merge', 'compact'): 678.35, ('merge', 'pack'): 678.37, ('merge', 'd2h'): 678.381, ('mrg2', 'start'): 678.478, ('mrg2', 'h2d'): 678.551, ('mrg2', 'count'): 678.575, ('mrg2', 'scan'): 678.622, ('mrg2', 'merge'): 678.657, ('mrg2', 'final'): 678.693, ('mrg2', 'compact'): 678.721, ('mrg2', 'pack'): 678.74, ('mrg2', 'd2h'): 678.751, ('mrg3', 'start'): 678.852, ('mrg3', 'h2d'): 678.928, ('mrg3', 'count'): 678.955, ('mrg3', 'scan'): 679.004, ('mrg3', 'merge'): 679.033, ('mrg3', 'pack'): 679.05, ('mrg3', 'd2h'): 679.061}",0.048565911129117,0.1827392004197463
Mildly sparse,can_96,96,768,8.333333333333332,1920,1920,1920,1920,1920,0.0,,0.06299999999998818,0.17400000000009186,0.057999999999992724,0.025999999999953616,0.29500000000007276,0.526,,,,,0.539,0.427,0.367,0.32,,0.3160000000000309,0.3269999999999982,0.23500000000001364,0.18299999999999272,0.1349999999999909,"{('cu', 'start'): 689.342, ('cu', 'h2dmalloc'): 689.415, ('cu', 'h2d'): 689.434, ('cu', 'workest'): 689.497, ('cu', 'compute'): 689.671, ('cu', 'copy'): 689.729, ('cu', 'pack'): 689.75, ('cu', 'd2h'): 689.776, ('gust', 'start'): 689.878, ('gust', 'h2d'): 689.957, ('gust', 'count'): 689.981, ('gust', 'scan'): 690.022, ('gust', 'expand'): 690.045, ('gust', 'sort'): 690.16, ('gust', 'reduce'): 690.204, ('gust', 'final'): 690.261, ('gust', 'pack'): 690.284, ('gust', 'd2h'): 690.295, ('merge', 'start'): 690.422, ('merge', 'h2d'): 690.505, ('merge', 'count'): 690.529, ('merge', 'scan'): 690.567, ('merge', 'expand'): 690.6, ('merge', 'merge'): 690.654, ('merge', 'final'): 690.695, ('merge', 'compact'): 690.721, ('merge', 'pack'): 690.74, ('merge', 'd2h'): 690.751, ('mrg2', 'start'): 690.856, ('mrg2', 'h2d'): 690.932, ('mrg2', 'count'): 690.956, ('mrg2', 'scan'): 690.993, ('mrg2', 'merge'): 691.035, ('mrg2', 'final'): 691.072, ('mrg2', 'compact'): 691.096, ('mrg2', 'pack'): 691.115, ('mrg2', 'd2h'): 691.126, ('mrg3', 'start'): 691.229, ('mrg3', 'h2d'): 691.304, ('mrg3', 'count'): 691.331, ('mrg3', 'scan'): 691.391, ('mrg3', 'merge'): 691.421, ('mrg3', 'pack'): 691.439, ('mrg3', 'd2h'): 691.45}",0.0494441483169794,0.2911711998982355
Mildly sparse,arc130,130,1282,7.585798816568047,15631,15631,15631,15631,15631,0.0,,0.05899999999996908,0.18399999999996908,0.057999999999992724,0.033999999999991815,0.3009999999999309,0.512,,,,,0.573,1.719,0.528,0.397,,0.31899999999996,0.3809999999999718,1.5340000000001055,0.3490000000000464,0.21299999999996544,"{('cu', 'start'): 647.58, ('cu', 'h2dmalloc'): 647.641, ('cu', 'h2d'): 647.657, ('cu', 'workest'): 647.716, ('cu', 'compute'): 647.9, ('cu', 'copy'): 647.958, ('cu', 'pack'): 647.976, ('cu', 'd2h'): 648.01, ('gust', 'start'): 648.101, ('gust', 'h2d'): 648.176, ('gust', 'count'): 648.204, ('gust', 'scan'): 648.251, ('gust', 'expand'): 648.305, ('gust', 'sort'): 648.434, ('gust', 'reduce'): 648.479, ('gust', 'final'): 648.536, ('gust', 'pack'): 648.557, ('gust', 'd2h'): 648.585, ('merge', 'start'): 648.686, ('merge', 'h2d'): 648.762, ('merge', 'count'): 648.788, ('merge', 'scan'): 648.827, ('merge', 'expand'): 648.967, ('merge', 'merge'): 650.211, ('merge', 'final'): 650.254, ('merge', 'compact'): 650.278, ('merge', 'pack'): 650.296, ('merge', 'd2h'): 650.316, ('mrg2', 'start'): 650.413, ('mrg2', 'h2d'): 650.486, ('mrg2', 'count'): 650.512, ('mrg2', 'scan'): 650.548, ('mrg2', 'merge'): 650.758, ('mrg2', 'final'): 650.793, ('mrg2', 'compact'): 650.817, ('mrg2', 'pack'): 650.835, ('mrg2', 'd2h'): 650.855, ('mrg3', 'start'): 650.951, ('mrg3', 'h2d'): 651.024, ('mrg3', 'count'): 651.084, ('mrg3', 'scan'): 651.137, ('mrg3', 'merge'): 651.215, ('mrg3', 'pack'): 651.237, ('mrg3', 'd2h'): 651.258}",0.0415011309087276,0.3388384002260863
Mildly sparse,ash85,85,523,7.2387543252595155,1317,1317,1317,1317,1317,0.0,,0.06000000000005912,0.17699999999990723,0.05700000000001637,0.027000000000043656,0.2939999999999827,0.513,,,,,0.524,0.413,0.352,0.303,,0.3170000000000073,0.3289999999999509,0.23599999999999,0.17799999999999727,0.1349999999999909,"{('cu', 'start'): 681.939, ('cu', 'h2dmalloc'): 682.0, ('cu', 'h2d'): 682.02, ('cu', 'workest'): 682.08, ('cu', 'compute'): 682.257, ('cu', 'copy'): 682.314, ('cu', 'pack'): 682.337, ('cu', 'd2h'): 682.364, ('gust', 'start'): 682.463, ('gust', 'h2d'): 682.548, ('gust', 'count'): 682.574, ('gust', 'scan'): 682.613, ('gust', 'expand'): 682.64, ('gust', 'sort'): 682.752, ('gust', 'reduce'): 682.796, ('gust', 'final'): 682.853, ('gust', 'pack'): 682.877, ('gust', 'd2h'): 682.887, ('merge', 'start'): 682.992, ('merge', 'h2d'): 683.067, ('merge', 'count'): 683.094, ('merge', 'scan'): 683.133, ('merge', 'expand'): 683.163, ('merge', 'merge'): 683.217, ('merge', 'final'): 683.258, ('merge', 'compact'): 683.283, ('merge', 'pack'): 683.303, ('merge', 'd2h'): 683.313, ('mrg2', 'start'): 683.414, ('mrg2', 'h2d'): 683.486, ('mrg2', 'count'): 683.509, ('mrg2', 'scan'): 683.545, ('mrg2', 'merge'): 683.585, ('mrg2', 'final'): 683.618, ('mrg2', 'compact'): 683.646, ('mrg2', 'pack'): 683.664, ('mrg2', 'd2h'): 683.675, ('mrg3', 'start'): 683.772, ('mrg3', 'h2d'): 683.842, ('mrg3', 'count'): 683.873, ('mrg3', 'scan'): 683.924, ('mrg3', 'merge'): 683.959, ('mrg3', 'pack'): 683.977, ('mrg3', 'd2h'): 683.988}",0.031420961022377,0.1919775990536436
Mildly sparse,can_73,73,377,7.0744980296490905,1377,1377,1377,1377,1377,0.0,,0.053999999999973625,0.16200000000003456,0.055000000000063665,0.024999999999977263,0.27100000000007185,0.492,,,,,0.454,0.413,0.363,0.307,,0.29300000000000637,0.25900000000001455,0.2300000000000182,0.18399999999996908,0.13600000000008095,"{('cu', 'start'): 674.514, ('cu', 'h2dmalloc'): 674.577, ('cu', 'h2d'): 674.592, ('cu', 'workest'): 674.646, ('cu', 'compute'): 674.808, ('cu', 'copy'): 674.863, ('cu', 'pack'): 674.885, ('cu', 'd2h'): 674.91, ('gust', 'start'): 675.015, ('gust', 'h2d'): 675.101, ('gust', 'count'): 675.128, ('gust', 'scan'): 675.167, ('gust', 'expand'): 675.195, ('gust', 'sort'): 675.242, ('gust', 'reduce'): 675.284, ('gust', 'final'): 675.339, ('gust', 'pack'): 675.36, ('gust', 'd2h'): 675.371, ('merge', 'start'): 675.476, ('merge', 'h2d'): 675.554, ('merge', 'count'): 675.578, ('merge', 'scan'): 675.614, ('merge', 'expand'): 675.644, ('merge', 'merge'): 675.698, ('merge', 'final'): 675.738, ('merge', 'compact'): 675.764, ('merge', 'pack'): 675.784, ('merge', 'd2h'): 675.794, ('mrg2', 'start'): 675.895, ('mrg2', 'h2d'): 675.976, ('mrg2', 'count'): 676.0, ('mrg2', 'scan'): 676.036, ('mrg2', 'merge'): 676.079, ('mrg2', 'final'): 676.115, ('mrg2', 'compact'): 676.142, ('mrg2', 'pack'): 676.16, ('mrg2', 'd2h'): 676.172, ('mrg3', 'start'): 676.266, ('mrg3', 'h2d'): 676.338, ('mrg3', 'count'): 676.369, ('mrg3', 'scan'): 676.417, ('mrg3', 'merge'): 676.453, ('mrg3', 'pack'): 676.474, ('mrg3', 'd2h'): 676.485}",0.035623088479042,0.200892800046131
Mildly sparse,bcspwr02,49,167,6.9554352353186175,403,403,403,403,403,0.0,,0.05700000000001637,0.15699999999992542,0.055000000000063665,0.028999999999996362,0.26900000000000546,0.491,,,,,0.447,0.385,0.345,0.302,,0.29300000000000637,0.25900000000001455,0.21600000000000819,0.17700000000002092,0.1330000000000382,"{('cu', 'start'): 675.015, ('cu', 'h2dmalloc'): 675.08, ('cu', 'h2d'): 675.095, ('cu', 'workest'): 675.152, ('cu', 'compute'): 675.309, ('cu', 'copy'): 675.364, ('cu', 'pack'): 675.388, ('cu', 'd2h'): 675.417, ('gust', 'start'): 675.514, ('gust', 'h2d'): 675.587, ('gust', 'count'): 675.611, ('gust', 'scan'): 675.649, ('gust', 'expand'): 675.673, ('gust', 'sort'): 675.729, ('gust', 'reduce'): 675.77, ('gust', 'final'): 675.824, ('gust', 'pack'): 675.846, ('gust', 'd2h'): 675.856, ('merge', 'start'): 675.971, ('merge', 'h2d'): 676.045, ('merge', 'count'): 676.072, ('merge', 'scan'): 676.108, ('merge', 'expand'): 676.135, ('merge', 'merge'): 676.173, ('merge', 'final'): 676.215, ('merge', 'compact'): 676.242, ('merge', 'pack'): 676.261, ('merge', 'd2h'): 676.272, ('mrg2', 'start'): 676.364, ('mrg2', 'h2d'): 676.435, ('mrg2', 'count'): 676.458, ('mrg2', 'scan'): 676.494, ('mrg2', 'merge'): 676.531, ('mrg2', 'final'): 676.566, ('mrg2', 'compact'): 676.59, ('mrg2', 'pack'): 676.612, ('mrg2', 'd2h'): 676.624, ('mrg3', 'start'): 676.717, ('mrg3', 'h2d'): 676.784, ('mrg3', 'count'): 676.812, ('mrg3', 'scan'): 676.862, ('mrg3', 'merge'): 676.9, ('mrg3', 'pack'): 676.917, ('mrg3', 'd2h'): 676.929}",0.0405199825763702,0.1830271996324882
Mildly sparse,can_144,144,1296,6.25,3456,3456,3456,3456,3456,0.0,,0.06099999999992178,0.16200000000003456,0.057999999999992724,0.02400000000000091,0.28099999999994907,0.497,,,,,0.541,0.481,0.374,0.325,,0.30499999999995,0.3429999999999609,0.2900000000000773,0.19400000000007367,0.13800000000003365,"{('cu', 'start'): 665.988, ('cu', 'h2dmalloc'): 666.05, ('cu', 'h2d'): 666.066, ('cu', 'workest'): 666.127, ('cu', 'compute'): 666.289, ('cu', 'copy'): 666.347, ('cu', 'pack'): 666.371, ('cu', 'd2h'): 666.395, ('gust', 'start'): 666.495, ('gust', 'h2d'): 666.576, ('gust', 'count'): 666.601, ('gust', 'scan'): 666.64, ('gust', 'expand'): 666.666, ('gust', 'sort'): 666.791, ('gust', 'reduce'): 666.838, ('gust', 'final'): 666.896, ('gust', 'pack'): 666.919, ('gust', 'd2h'): 666.931, ('merge', 'start'): 667.044, ('merge', 'h2d'): 667.126, ('merge', 'count'): 667.151, ('merge', 'scan'): 667.2, ('merge', 'expand'): 667.239, ('merge', 'merge'): 667.326, ('merge', 'final'): 667.368, ('merge', 'compact'): 667.398, ('merge', 'pack'): 667.416, ('merge', 'd2h'): 667.429, ('mrg2', 'start'): 667.532, ('mrg2', 'h2d'): 667.608, ('mrg2', 'count'): 667.632, ('mrg2', 'scan'): 667.669, ('mrg2', 'merge'): 667.715, ('mrg2', 'final'): 667.753, ('mrg2', 'compact'): 667.778, ('mrg2', 'pack'): 667.802, ('mrg2', 'd2h'): 667.816, ('mrg3', 'start'): 667.913, ('mrg3', 'h2d'): 667.986, ('mrg3', 'count'): 668.019, ('mrg3', 'scan'): 668.071, ('mrg3', 'merge'): 668.107, ('mrg3', 'pack'): 668.124, ('mrg3', 'd2h'): 668.138}",0.0420529395341873,0.2922880012309179
Mildly sparse,can_62,62,218,5.6711758584807495,482,482,482,482,482,0.0,,0.05700000000001637,0.15999999999996817,0.06799999999998363,0.02400000000000091,0.28499999999996817,0.504,,,,,0.442,0.411,0.362,0.302,,0.3089999999999691,0.25299999999992906,0.22699999999997544,0.18600000000003547,0.1290000000000191,"{('cu', 'start'): 670.617, ('cu', 'h2dmalloc'): 670.683, ('cu', 'h2d'): 670.698, ('cu', 'workest'): 670.755, ('cu', 'compute'): 670.915, ('cu', 'copy'): 670.983, ('cu', 'pack'): 671.007, ('cu', 'd2h'): 671.031, ('gust', 'start'): 671.126, ('gust', 'h2d'): 671.205, ('gust', 'count'): 671.23, ('gust', 'scan'): 671.268, ('gust', 'expand'): 671.293, ('gust', 'sort'): 671.34, ('gust', 'reduce'): 671.382, ('gust', 'final'): 671.436, ('gust', 'pack'): 671.458, ('gust', 'd2h'): 671.471, ('merge', 'start'): 671.577, ('merge', 'h2d'): 671.652, ('merge', 'count'): 671.677, ('merge', 'scan'): 671.714, ('merge', 'expand'): 671.745, ('merge', 'merge'): 671.783, ('merge', 'final'): 671.824, ('merge', 'compact'): 671.86, ('merge', 'pack'): 671.879, ('merge', 'd2h'): 671.89, ('mrg2', 'start'): 671.996, ('mrg2', 'h2d'): 672.072, ('mrg2', 'count'): 672.096, ('mrg2', 'scan'): 672.137, ('mrg2', 'merge'): 672.172, ('mrg2', 'final'): 672.207, ('mrg2', 'compact'): 672.239, ('mrg2', 'pack'): 672.258, ('mrg2', 'd2h'): 672.27, ('mrg3', 'start'): 672.366, ('mrg3', 'h2d'): 672.437, ('mrg3', 'count'): 672.467, ('mrg3', 'scan'): 672.516, ('mrg3', 'merge'): 672.547, ('mrg3', 'pack'): 672.566, ('mrg3', 'd2h'): 672.579}",0.0373909715563058,0.1829920002492144
Mildly sparse,can_161,161,1377,5.31229505034528,3761,3761,3761,3761,3761,0.0,,0.057999999999992724,0.15299999999990632,0.05700000000001637,0.04100000000005366,0.2679999999999154,0.508,,,,,0.537,0.468,0.372,0.332,,0.29099999999994,0.3369999999999891,0.2839999999999918,0.18799999999998818,0.15600000000006276,"{('cu', 'start'): 683.18, ('cu', 'h2dmalloc'): 683.246, ('cu', 'h2d'): 683.267, ('cu', 'workest'): 683.325, ('cu', 'compute'): 683.478, ('cu', 'copy'): 683.535, ('cu', 'pack'): 683.558, ('cu', 'd2h'): 683.599, ('gust', 'start'): 683.694, ('gust', 'h2d'): 683.778, ('gust', 'count'): 683.803, ('gust', 'scan'): 683.841, ('gust', 'expand'): 683.869, ('gust', 'sort'): 683.99, ('gust', 'reduce'): 684.035, ('gust', 'final'): 684.093, ('gust', 'pack'): 684.115, ('gust', 'd2h'): 684.127, ('merge', 'start'): 684.239, ('merge', 'h2d'): 684.318, ('merge', 'count'): 684.342, ('merge', 'scan'): 684.377, ('merge', 'expand'): 684.413, ('merge', 'merge'): 684.504, ('merge', 'final'): 684.546, ('merge', 'compact'): 684.583, ('merge', 'pack'): 684.602, ('merge', 'd2h'): 684.617, ('mrg2', 'start'): 684.714, ('mrg2', 'h2d'): 684.791, ('mrg2', 'count'): 684.815, ('mrg2', 'scan'): 684.851, ('mrg2', 'merge'): 684.896, ('mrg2', 'final'): 684.933, ('mrg2', 'compact'): 684.961, ('mrg2', 'pack'): 684.979, ('mrg2', 'd2h'): 684.992, ('mrg3', 'start'): 685.093, ('mrg3', 'h2d'): 685.17, ('mrg3', 'count'): 685.207, ('mrg3', 'scan'): 685.261, ('mrg3', 'merge'): 685.305, ('mrg3', 'pack'): 685.326, ('mrg3', 'd2h'): 685.338}",0.0426000915467739,0.2995391994714737
Mildly sparse,bcsstk03,112,640,5.1020408163265305,1072,1072,1072,1072,1072,0.0,,0.07699999999999818,0.17099999999993543,0.08300000000008367,0.04100000000005366,0.3310000000000173,0.631,,,,,0.648,0.526,0.472,0.407,,0.36199999999996635,0.3949999999999818,0.28300000000001546,0.23099999999999454,0.16300000000001091,"{('cu', 'start'): 681.627, ('cu', 'h2dmalloc'): 681.712, ('cu', 'h2d'): 681.735, ('cu', 'workest'): 681.812, ('cu', 'compute'): 681.983, ('cu', 'copy'): 682.066, ('cu', 'pack'): 682.097, ('cu', 'd2h'): 682.138, ('gust', 'start'): 682.269, ('gust', 'h2d'): 682.375, ('gust', 'count'): 682.406, ('gust', 'scan'): 682.459, ('gust', 'expand'): 682.492, ('gust', 'sort'): 682.62, ('gust', 'reduce'): 682.675, ('gust', 'final'): 682.74, ('gust', 'pack'): 682.77, ('gust', 'd2h'): 682.784, ('merge', 'start'): 682.929, ('merge', 'h2d'): 683.031, ('merge', 'count'): 683.072, ('merge', 'scan'): 683.126, ('merge', 'expand'): 683.161, ('merge', 'merge'): 683.205, ('merge', 'final'): 683.255, ('merge', 'compact'): 683.285, ('merge', 'pack'): 683.314, ('merge', 'd2h'): 683.328, ('mrg2', 'start'): 683.466, ('mrg2', 'h2d'): 683.571, ('mrg2', 'count'): 683.603, ('mrg2', 'scan'): 683.653, ('mrg2', 'merge'): 683.698, ('mrg2', 'final'): 683.744, ('mrg2', 'compact'): 683.774, ('mrg2', 'pack'): 683.802, ('mrg2', 'd2h'): 683.816, ('mrg3', 'start'): 683.948, ('mrg3', 'h2d'): 684.056, ('mrg3', 'count'): 684.092, ('mrg3', 'scan'): 684.157, ('mrg3', 'merge'): 684.19, ('mrg3', 'pack'): 684.219, ('mrg3', 'd2h'): 684.233}",0.0386829487979412,0.1605408000526949
Mildly sparse,bcsstk06,420,7860,4.45578231292517,23660,23660,23660,23660,23660,0.0,,0.06299999999998818,0.2459999999999809,0.06200000000001182,0.1229999999999336,0.3709999999999809,0.684,,,,,0.816,0.856,0.467,0.435,,0.38999999999998636,0.5520000000000209,0.5869999999999891,0.26499999999998636,0.21800000000007458,"{('cu', 'start'): 680.512, ('cu', 'h2dmalloc'): 680.588, ('cu', 'h2d'): 680.609, ('cu', 'workest'): 680.672, ('cu', 'compute'): 680.918, ('cu', 'copy'): 680.98, ('cu', 'pack'): 680.999, ('cu', 'd2h'): 681.122, ('gust', 'start'): 681.206, ('gust', 'h2d'): 681.286, ('gust', 'count'): 681.311, ('gust', 'scan'): 681.349, ('gust', 'expand'): 681.386, ('gust', 'sort'): 681.648, ('gust', 'reduce'): 681.755, ('gust', 'final'): 681.817, ('gust', 'pack'): 681.838, ('gust', 'd2h'): 681.872, ('merge', 'start'): 682.029, ('merge', 'h2d'): 682.124, ('merge', 'count'): 682.153, ('merge', 'scan'): 682.192, ('merge', 'expand'): 682.278, ('merge', 'merge'): 682.622, ('merge', 'final'): 682.667, ('merge', 'compact'): 682.691, ('merge', 'pack'): 682.711, ('merge', 'd2h'): 682.735, ('mrg2', 'start'): 682.893, ('mrg2', 'h2d'): 682.969, ('mrg2', 'count'): 682.995, ('mrg2', 'scan'): 683.032, ('mrg2', 'merge'): 683.131, ('mrg2', 'final'): 683.179, ('mrg2', 'compact'): 683.214, ('mrg2', 'pack'): 683.234, ('mrg2', 'd2h'): 683.26, ('mrg3', 'start'): 683.367, ('mrg3', 'h2d'): 683.448, ('mrg3', 'count'): 683.499, ('mrg3', 'scan'): 683.561, ('mrg3', 'merge'): 683.637, ('mrg3', 'pack'): 683.666, ('mrg3', 'd2h'): 683.69}",0.0599350314587354,0.3117376010399312
Mildly sparse,bcsstk07,420,7860,4.45578231292517,23660,23660,23660,23660,23660,0.0,,0.06299999999998818,0.2599999999999909,0.06399999999996453,0.1369999999999436,0.3869999999999436,0.714,,,,,0.875,0.863,0.443,0.395,,0.4089999999999918,0.5779999999999745,0.58299999999997,0.2319999999999709,0.19299999999998363,"{('cu', 'start'): 689.963, ('cu', 'h2dmalloc'): 690.027, ('cu', 'h2d'): 690.046, ('cu', 'workest'): 690.109, ('cu', 'compute'): 690.369, ('cu', 'copy'): 690.433, ('cu', 'pack'): 690.455, ('cu', 'd2h'): 690.592, ('gust', 'start'): 690.684, ('gust', 'h2d'): 690.768, ('gust', 'count'): 690.793, ('gust', 'scan'): 690.836, ('gust', 'expand'): 690.869, ('gust', 'sort'): 691.146, ('gust', 'reduce'): 691.258, ('gust', 'final'): 691.322, ('gust', 'pack'): 691.346, ('gust', 'd2h'): 691.38, ('merge', 'start'): 691.566, ('merge', 'h2d'): 691.647, ('merge', 'count'): 691.671, ('merge', 'scan'): 691.711, ('merge', 'expand'): 691.799, ('merge', 'merge'): 692.136, ('merge', 'final'): 692.182, ('merge', 'compact'): 692.21, ('merge', 'pack'): 692.23, ('merge', 'd2h'): 692.256, ('mrg2', 'start'): 692.437, ('mrg2', 'h2d'): 692.519, ('mrg2', 'count'): 692.544, ('mrg2', 'scan'): 692.587, ('mrg2', 'merge'): 692.666, ('mrg2', 'final'): 692.703, ('mrg2', 'compact'): 692.732, ('mrg2', 'pack'): 692.751, ('mrg2', 'd2h'): 692.777, ('mrg3', 'start'): 692.885, ('mrg3', 'h2d'): 692.964, ('mrg3', 'count'): 693.014, ('mrg3', 'scan'): 693.072, ('mrg3', 'merge'): 693.137, ('mrg3', 'pack'): 693.157, ('mrg3', 'd2h'): 693.183}",0.0599808990955352,0.3163775999099016
Mildly sparse,can_256,256,2916,4.449462890625,18568,18568,18568,18568,18568,0.0,,0.06000000000005912,0.17999999999994998,0.05999999999994543,0.04000000000007731,0.2999999999999545,0.541,,,,,0.572,2.065,0.577,0.419,,0.3229999999999791,0.3629999999999427,1.8740000000000236,0.3670000000000755,0.2339999999999236,"{('cu', 'start'): 686.194, ('cu', 'h2dmalloc'): 686.256, ('cu', 'h2d'): 686.284, ('cu', 'workest'): 686.344, ('cu', 'compute'): 686.524, ('cu', 'copy'): 686.584, ('cu', 'pack'): 686.607, ('cu', 'd2h'): 686.647, ('gust', 'start'): 686.744, ('gust', 'h2d'): 686.831, ('gust', 'count'): 686.859, ('gust', 'scan'): 686.897, ('gust', 'expand'): 686.937, ('gust', 'sort'): 687.066, ('gust', 'reduce'): 687.109, ('gust', 'final'): 687.172, ('gust', 'pack'): 687.194, ('gust', 'd2h'): 687.223, ('merge', 'start'): 687.324, ('merge', 'h2d'): 687.409, ('merge', 'count'): 687.436, ('merge', 'scan'): 687.48, ('merge', 'expand'): 687.611, ('merge', 'merge'): 689.203, ('merge', 'final'): 689.244, ('merge', 'compact'): 689.267, ('merge', 'pack'): 689.283, ('merge', 'd2h'): 689.304, ('mrg2', 'start'): 689.404, ('mrg2', 'h2d'): 689.492, ('mrg2', 'count'): 689.517, ('mrg2', 'scan'): 689.554, ('mrg2', 'merge'): 689.786, ('mrg2', 'final'): 689.82, ('mrg2', 'compact'): 689.842, ('mrg2', 'pack'): 689.859, ('mrg2', 'd2h'): 689.88, ('mrg3', 'start'): 689.988, ('mrg3', 'h2d'): 690.071, ('mrg3', 'count'): 690.144, ('mrg3', 'scan'): 690.195, ('mrg3', 'merge'): 690.284, ('mrg3', 'pack'): 690.305, ('mrg3', 'd2h'): 690.325}",0.0364130828529596,0.3144799992674962
Mildly sparse,can_268,268,3082,4.291044776119403,15590,15590,15590,15590,15590,0.0,,0.05599999999992633,0.18500000000005912,0.057999999999992724,0.03599999999994452,0.29899999999997817,0.526,,,,,0.577,0.899,0.457,0.373,,0.32799999999997453,0.375,0.7029999999999745,0.2740000000000009,0.18799999999998818,"{('cu', 'start'): 671.405, ('cu', 'h2dmalloc'): 671.466, ('cu', 'h2d'): 671.484, ('cu', 'workest'): 671.54, ('cu', 'compute'): 671.725, ('cu', 'copy'): 671.783, ('cu', 'pack'): 671.812, ('cu', 'd2h'): 671.848, ('gust', 'start'): 671.94, ('gust', 'h2d'): 672.017, ('gust', 'count'): 672.044, ('gust', 'scan'): 672.081, ('gust', 'expand'): 672.116, ('gust', 'sort'): 672.263, ('gust', 'reduce'): 672.31, ('gust', 'final'): 672.369, ('gust', 'pack'): 672.392, ('gust', 'd2h'): 672.42, ('merge', 'start'): 672.525, ('merge', 'h2d'): 672.605, ('merge', 'count'): 672.631, ('merge', 'scan'): 672.67, ('merge', 'expand'): 672.745, ('merge', 'merge'): 673.218, ('merge', 'final'): 673.26, ('merge', 'compact'): 673.287, ('merge', 'pack'): 673.308, ('merge', 'd2h'): 673.328, ('mrg2', 'start'): 673.433, ('mrg2', 'h2d'): 673.505, ('mrg2', 'count'): 673.531, ('mrg2', 'scan'): 673.567, ('mrg2', 'merge'): 673.696, ('mrg2', 'final'): 673.733, ('mrg2', 'compact'): 673.759, ('mrg2', 'pack'): 673.779, ('mrg2', 'd2h'): 673.8, ('mrg3', 'start'): 673.894, ('mrg3', 'h2d'): 673.965, ('mrg3', 'count'): 674.014, ('mrg3', 'scan'): 674.064, ('mrg3', 'merge'): 674.125, ('mrg3', 'pack'): 674.153, ('mrg3', 'd2h'): 674.176}",0.0430559739470481,0.307993600028567
Mildly sparse,can_187,187,1491,4.26377648774629,3719,3719,3719,3719,3719,0.0,,0.06299999999998818,0.15600000000006276,0.056999999999902684,0.03200000000003911,0.2759999999999536,0.503,,,,,0.538,0.421,0.357,0.322,,0.29899999999997817,0.3269999999999982,0.2400000000000091,0.17999999999994998,0.13900000000001,"{('cu', 'start'): 670.188, ('cu', 'h2dmalloc'): 670.251, ('cu', 'h2d'): 670.274, ('cu', 'workest'): 670.337, ('cu', 'compute'): 670.493, ('cu', 'copy'): 670.55, ('cu', 'pack'): 670.573, ('cu', 'd2h'): 670.605, ('gust', 'start'): 670.701, ('gust', 'h2d'): 670.784, ('gust', 'count'): 670.81, ('gust', 'scan'): 670.849, ('gust', 'expand'): 670.875, ('gust', 'sort'): 670.987, ('gust', 'reduce'): 671.031, ('gust', 'final'): 671.088, ('gust', 'pack'): 671.111, ('gust', 'd2h'): 671.122, ('merge', 'start'): 671.242, ('merge', 'h2d'): 671.324, ('merge', 'count'): 671.347, ('merge', 'scan'): 671.386, ('merge', 'expand'): 671.417, ('merge', 'merge'): 671.47, ('merge', 'final'): 671.515, ('merge', 'compact'): 671.544, ('merge', 'pack'): 671.564, ('merge', 'd2h'): 671.577, ('mrg2', 'start'): 671.672, ('mrg2', 'h2d'): 671.749, ('mrg2', 'count'): 671.773, ('mrg2', 'scan'): 671.809, ('mrg2', 'merge'): 671.851, ('mrg2', 'final'): 671.885, ('mrg2', 'compact'): 671.912, ('mrg2', 'pack'): 671.929, ('mrg2', 'd2h'): 671.943, ('mrg3', 'start'): 672.038, ('mrg3', 'h2d'): 672.114, ('mrg3', 'count'): 672.151, ('mrg3', 'scan'): 672.204, ('mrg3', 'merge'): 672.235, ('mrg3', 'pack'): 672.253, ('mrg3', 'd2h'): 672.267}",0.050670001655817,0.2921151994494722
Mildly sparse,bcsstm07,420,7252,4.111111111111112,22972,22972,22972,22972,22972,0.0,,0.06200000000001182,0.2480000000000473,0.06200000000001182,0.11400000000003274,0.37200000000007094,0.667,,,,,0.828,0.812,0.395,0.38,,0.3949999999999818,0.5579999999999927,0.6230000000000473,0.21199999999998909,0.19000000000005457,"{('cu', 'start'): 683.322, ('cu', 'h2dmalloc'): 683.386, ('cu', 'h2d'): 683.405, ('cu', 'workest'): 683.467, ('cu', 'compute'): 683.715, ('cu', 'copy'): 683.777, ('cu', 'pack'): 683.8, ('cu', 'd2h'): 683.914, ('gust', 'start'): 684.0, ('gust', 'h2d'): 684.083, ('gust', 'count'): 684.108, ('gust', 'scan'): 684.147, ('gust', 'expand'): 684.179, ('gust', 'sort'): 684.444, ('gust', 'reduce'): 684.557, ('gust', 'final'): 684.62, ('gust', 'pack'): 684.641, ('gust', 'd2h'): 684.677, ('merge', 'start'): 684.833, ('merge', 'h2d'): 684.91, ('merge', 'count'): 684.936, ('merge', 'scan'): 684.972, ('merge', 'expand'): 685.051, ('merge', 'merge'): 685.38, ('merge', 'final'): 685.424, ('merge', 'compact'): 685.511, ('merge', 'pack'): 685.533, ('merge', 'd2h'): 685.558, ('mrg2', 'start'): 685.652, ('mrg2', 'h2d'): 685.727, ('mrg2', 'count'): 685.749, ('mrg2', 'scan'): 685.787, ('mrg2', 'merge'): 685.864, ('mrg2', 'final'): 685.9, ('mrg2', 'compact'): 685.921, ('mrg2', 'pack'): 685.939, ('mrg2', 'd2h'): 685.962, ('mrg3', 'start'): 686.054, ('mrg3', 'h2d'): 686.13, ('mrg3', 'count'): 686.181, ('mrg3', 'scan'): 686.233, ('mrg3', 'merge'): 686.298, ('mrg3', 'pack'): 686.32, ('mrg3', 'd2h'): 686.345}",0.0596509780734777,0.3072960000950843
Mildly sparse,bcsstk27,1224,56126,3.7462888205391085,138106,138106,138106,138106,138106,0.0,,0.06499999999994088,0.5020000000000664,0.15099999999995362,0.22299999999995634,0.7179999999999609,1.242,,,,,1.917,2.462,1.051,0.816,,0.7409999999999854,1.5389999999999873,2.0919999999999845,0.66700000000003,0.4460000000000264,"{('cu', 'start'): 701.939, ('cu', 'h2dmalloc'): 702.001, ('cu', 'h2d'): 702.046, ('cu', 'workest'): 702.111, ('cu', 'compute'): 702.613, ('cu', 'copy'): 702.764, ('cu', 'pack'): 702.787, ('cu', 'd2h'): 703.01, ('gust', 'start'): 703.189, ('gust', 'h2d'): 703.299, ('gust', 'count'): 703.325, ('gust', 'scan'): 703.367, ('gust', 'expand'): 703.539, ('gust', 'sort'): 704.129, ('gust', 'reduce'): 704.323, ('gust', 'final'): 704.745, ('gust', 'pack'): 704.838, ('gust', 'd2h'): 704.937, ('merge', 'start'): 705.113, ('merge', 'h2d'): 705.216, ('merge', 'count'): 705.243, ('merge', 'scan'): 705.283, ('merge', 'expand'): 705.686, ('merge', 'merge'): 706.838, ('merge', 'final'): 707.044, ('merge', 'compact'): 707.225, ('merge', 'pack'): 707.308, ('merge', 'd2h'): 707.408, ('mrg2', 'start'): 707.582, ('mrg2', 'h2d'): 707.692, ('mrg2', 'count'): 707.719, ('mrg2', 'scan'): 707.76, ('mrg2', 'merge'): 708.054, ('mrg2', 'final'): 708.101, ('mrg2', 'compact'): 708.281, ('mrg2', 'pack'): 708.359, ('mrg2', 'd2h'): 708.457, ('mrg3', 'start'): 708.639, ('mrg3', 'h2d'): 708.742, ('mrg3', 'count'): 708.865, ('mrg3', 'scan'): 708.924, ('mrg3', 'merge'): 709.109, ('mrg3', 'pack'): 709.188, ('mrg3', 'd2h'): 709.286}",0.1383968628942966,0.4870944003341719
Mildly sparse,bcsstm27,1224,56126,3.7462888205391085,138106,138106,138106,138106,138106,0.0,,0.06299999999998818,0.49699999999995725,0.12800000000004275,0.20900000000006003,0.6879999999999882,1.183,,,,,1.81,2.434,1.002,0.803,,0.7099999999999227,1.4560000000000173,2.0670000000000073,0.6369999999999436,0.4500000000000455,"{('cu', 'start'): 700.105, ('cu', 'h2dmalloc'): 700.168, ('cu', 'h2d'): 700.214, ('cu', 'workest'): 700.277, ('cu', 'compute'): 700.774, ('cu', 'copy'): 700.902, ('cu', 'pack'): 700.924, ('cu', 'd2h'): 701.133, ('gust', 'start'): 701.291, ('gust', 'h2d'): 701.398, ('gust', 'count'): 701.425, ('gust', 'scan'): 701.477, ('gust', 'expand'): 701.649, ('gust', 'sort'): 702.213, ('gust', 'reduce'): 702.395, ('gust', 'final'): 702.76, ('gust', 'pack'): 702.854, ('gust', 'd2h'): 702.954, ('merge', 'start'): 703.109, ('merge', 'h2d'): 703.213, ('merge', 'count'): 703.24, ('merge', 'scan'): 703.278, ('merge', 'expand'): 703.68, ('merge', 'merge'): 704.854, ('merge', 'final'): 705.033, ('merge', 'compact'): 705.196, ('merge', 'pack'): 705.28, ('merge', 'd2h'): 705.384, ('mrg2', 'start'): 705.55, ('mrg2', 'h2d'): 705.657, ('mrg2', 'count'): 705.685, ('mrg2', 'scan'): 705.723, ('mrg2', 'merge'): 706.018, ('mrg2', 'final'): 706.058, ('mrg2', 'compact'): 706.213, ('mrg2', 'pack'): 706.294, ('mrg2', 'd2h'): 706.397, ('mrg3', 'start'): 706.559, ('mrg3', 'h2d'): 706.661, ('mrg3', 'count'): 706.789, ('mrg3', 'scan'): 706.85, ('mrg3', 'merge'): 707.03, ('mrg3', 'pack'): 707.111, ('mrg3', 'd2h'): 707.214}",0.159173971042037,0.4882496003294364
Mildly sparse,bcsstk22,138,696,3.6546943919344677,1552,1552,1552,1552,1552,0.0,,0.07699999999999818,0.18299999999999272,0.06999999999993634,0.02699999999992997,0.32999999999992724,0.569,,,,,0.599,0.445,0.408,0.34,,0.35599999999999454,0.37200000000007094,0.2440000000000282,0.2039999999999509,0.1470000000000482,"{('cu', 'start'): 705.292, ('cu', 'h2dmalloc'): 705.359, ('cu', 'h2d'): 705.379, ('cu', 'workest'): 705.456, ('cu', 'compute'): 705.639, ('cu', 'copy'): 705.709, ('cu', 'pack'): 705.735, ('cu', 'd2h'): 705.762, ('gust', 'start'): 705.871, ('gust', 'h2d'): 705.958, ('gust', 'count'): 705.982, ('gust', 'scan'): 706.028, ('gust', 'expand'): 706.053, ('gust', 'sort'): 706.178, ('gust', 'reduce'): 706.225, ('gust', 'final'): 706.302, ('gust', 'pack'): 706.33, ('gust', 'd2h'): 706.341, ('merge', 'start'): 706.479, ('merge', 'h2d'): 706.567, ('merge', 'count'): 706.593, ('merge', 'scan'): 706.637, ('merge', 'expand'): 706.668, ('merge', 'merge'): 706.713, ('merge', 'final'): 706.756, ('merge', 'compact'): 706.786, ('merge', 'pack'): 706.811, ('merge', 'd2h'): 706.822, ('mrg2', 'start'): 706.93, ('mrg2', 'h2d'): 707.009, ('mrg2', 'count'): 707.034, ('mrg2', 'scan'): 707.077, ('mrg2', 'merge'): 707.117, ('mrg2', 'final'): 707.162, ('mrg2', 'compact'): 707.189, ('mrg2', 'pack'): 707.213, ('mrg2', 'd2h'): 707.225, ('mrg3', 'start'): 707.345, ('mrg3', 'h2d'): 707.425, ('mrg3', 'count'): 707.456, ('mrg3', 'scan'): 707.513, ('mrg3', 'merge'): 707.548, ('mrg3', 'pack'): 707.572, ('mrg3', 'd2h'): 707.584}",0.0204341486096382,0.1986367996782064
Mildly sparse,bcspwr03,118,476,3.418557885665039,1270,1270,1270,1270,1270,0.0,,0.06200000000001182,0.18200000000001637,0.05899999999996908,0.025999999999953616,0.30299999999999727,0.521,,,,,0.463,0.424,0.371,0.32,,0.3250000000000455,0.2620000000000573,0.2379999999999427,0.18799999999998818,0.13800000000003365,"{('cu', 'start'): 666.472, ('cu', 'h2dmalloc'): 666.533, ('cu', 'h2d'): 666.548, ('cu', 'workest'): 666.61, ('cu', 'compute'): 666.792, ('cu', 'copy'): 666.851, ('cu', 'pack'): 666.873, ('cu', 'd2h'): 666.899, ('gust', 'start'): 667.001, ('gust', 'h2d'): 667.083, ('gust', 'count'): 667.105, ('gust', 'scan'): 667.147, ('gust', 'expand'): 667.173, ('gust', 'sort'): 667.223, ('gust', 'reduce'): 667.266, ('gust', 'final'): 667.323, ('gust', 'pack'): 667.345, ('gust', 'd2h'): 667.356, ('merge', 'start'): 667.47, ('merge', 'h2d'): 667.547, ('merge', 'count'): 667.569, ('merge', 'scan'): 667.607, ('merge', 'expand'): 667.638, ('merge', 'merge'): 667.697, ('merge', 'final'): 667.739, ('merge', 'compact'): 667.765, ('merge', 'pack'): 667.785, ('merge', 'd2h'): 667.796, ('mrg2', 'start'): 667.9, ('mrg2', 'h2d'): 667.975, ('mrg2', 'count'): 667.997, ('mrg2', 'scan'): 668.035, ('mrg2', 'merge'): 668.078, ('mrg2', 'final'): 668.116, ('mrg2', 'compact'): 668.144, ('mrg2', 'pack'): 668.163, ('mrg2', 'd2h'): 668.174, ('mrg3', 'start'): 668.278, ('mrg3', 'h2d'): 668.351, ('mrg3', 'count'): 668.383, ('mrg3', 'scan'): 668.435, ('mrg3', 'merge'): 668.469, ('mrg3', 'pack'): 668.489, ('mrg3', 'd2h'): 668.501}",0.0394429080188274,0.1760832004947587
Mildly sparse,can_229,229,1777,3.388570012013501,5017,5017,5017,5017,5017,0.0,,0.05899999999996908,0.16300000000001091,0.06899999999995998,0.029999999999972715,0.29099999999994,0.512,,,,,0.543,0.475,0.377,0.347,,0.31399999999996453,0.3390000000000555,0.28700000000003456,0.19799999999997908,0.17200000000002547,"{('cu', 'start'): 679.144, ('cu', 'h2dmalloc'): 679.205, ('cu', 'h2d'): 679.224, ('cu', 'workest'): 679.283, ('cu', 'compute'): 679.446, ('cu', 'copy'): 679.515, ('cu', 'pack'): 679.538, ('cu', 'd2h'): 679.568, ('gust', 'start'): 679.666, ('gust', 'h2d'): 679.752, ('gust', 'count'): 679.779, ('gust', 'scan'): 679.819, ('gust', 'expand'): 679.847, ('gust', 'sort'): 679.966, ('gust', 'reduce'): 680.01, ('gust', 'final'): 680.069, ('gust', 'pack'): 680.091, ('gust', 'd2h'): 680.103, ('merge', 'start'): 680.217, ('merge', 'h2d'): 680.3, ('merge', 'count'): 680.325, ('merge', 'scan'): 680.361, ('merge', 'expand'): 680.396, ('merge', 'merge'): 680.496, ('merge', 'final'): 680.54, ('merge', 'compact'): 680.569, ('merge', 'pack'): 680.587, ('merge', 'd2h'): 680.601, ('mrg2', 'start'): 680.7, ('mrg2', 'h2d'): 680.777, ('mrg2', 'count'): 680.801, ('mrg2', 'scan'): 680.837, ('mrg2', 'merge'): 680.891, ('mrg2', 'final'): 680.928, ('mrg2', 'compact'): 680.951, ('mrg2', 'pack'): 680.975, ('mrg2', 'd2h'): 680.989, ('mrg3', 'start'): 681.084, ('mrg3', 'h2d'): 681.16, ('mrg3', 'count'): 681.204, ('mrg3', 'scan'): 681.256, ('mrg3', 'merge'): 681.31, ('mrg3', 'pack'): 681.332, ('mrg3', 'd2h'): 681.345}",0.0335208605974912,0.2922079995740205
Mildly sparse,can_292,292,2540,2.9789829236254457,11670,11670,11670,11670,11670,0.0,,0.06300000000010186,0.18199999999990268,0.06100000000003547,0.03599999999994452,0.30600000000004,0.541,,,,,0.58,0.736,0.454,0.357,,0.3290000000000646,0.3650000000000091,0.5380000000000109,0.2440000000000282,0.16300000000001091,"{('cu', 'start'): 679.088, ('cu', 'h2dmalloc'): 679.156, ('cu', 'h2d'): 679.18, ('cu', 'workest'): 679.243, ('cu', 'compute'): 679.425, ('cu', 'copy'): 679.486, ('cu', 'pack'): 679.509, ('cu', 'd2h'): 679.545, ('gust', 'start'): 679.639, ('gust', 'h2d'): 679.729, ('gust', 'count'): 679.755, ('gust', 'scan'): 679.793, ('gust', 'expand'): 679.825, ('gust', 'sort'): 679.954, ('gust', 'reduce'): 679.997, ('gust', 'final'): 680.071, ('gust', 'pack'): 680.094, ('gust', 'd2h'): 680.118, ('merge', 'start'): 680.228, ('merge', 'h2d'): 680.316, ('merge', 'count'): 680.344, ('merge', 'scan'): 680.381, ('merge', 'expand'): 680.448, ('merge', 'merge'): 680.759, ('merge', 'final'): 680.8, ('merge', 'compact'): 680.834, ('merge', 'pack'): 680.854, ('merge', 'd2h'): 680.872, ('mrg2', 'start'): 680.97, ('mrg2', 'h2d'): 681.067, ('mrg2', 'count'): 681.093, ('mrg2', 'scan'): 681.131, ('mrg2', 'merge'): 681.228, ('mrg2', 'final'): 681.264, ('mrg2', 'compact'): 681.291, ('mrg2', 'pack'): 681.311, ('mrg2', 'd2h'): 681.33, ('mrg3', 'start'): 681.432, ('mrg3', 'h2d'): 681.515, ('mrg3', 'count'): 681.557, ('mrg3', 'scan'): 681.609, ('mrg3', 'merge'): 681.657, ('mrg3', 'pack'): 681.678, ('mrg3', 'd2h'): 681.699}",0.0597399193793535,0.3095968004083261
Mildly sparse,ash292,292,2208,2.589604053293301,6042,6042,6042,6042,6042,0.0,,0.05999999999994543,0.15499999999997272,0.05700000000001637,0.03099999999994907,0.2719999999999345,0.509,,,,,0.545,0.468,0.378,0.338,,0.2949999999999591,0.3389999999999418,0.2659999999999627,0.19200000000000728,0.15599999999994907,"{('cu', 'start'): 671.005, ('cu', 'h2dmalloc'): 671.072, ('cu', 'h2d'): 671.094, ('cu', 'workest'): 671.154, ('cu', 'compute'): 671.309, ('cu', 'copy'): 671.366, ('cu', 'pack'): 671.389, ('cu', 'd2h'): 671.42, ('gust', 'start'): 671.521, ('gust', 'h2d'): 671.61, ('gust', 'count'): 671.636, ('gust', 'scan'): 671.675, ('gust', 'expand'): 671.702, ('gust', 'sort'): 671.821, ('gust', 'reduce'): 671.864, ('gust', 'final'): 671.927, ('gust', 'pack'): 671.949, ('gust', 'd2h'): 671.963, ('merge', 'start'): 672.075, ('merge', 'h2d'): 672.158, ('merge', 'count'): 672.183, ('merge', 'scan'): 672.22, ('merge', 'expand'): 672.256, ('merge', 'merge'): 672.335, ('merge', 'final'): 672.377, ('merge', 'compact'): 672.405, ('merge', 'pack'): 672.424, ('merge', 'd2h'): 672.438, ('mrg2', 'start'): 672.55, ('mrg2', 'h2d'): 672.631, ('mrg2', 'count'): 672.657, ('mrg2', 'scan'): 672.693, ('mrg2', 'merge'): 672.739, ('mrg2', 'final'): 672.778, ('mrg2', 'compact'): 672.803, ('mrg2', 'pack'): 672.823, ('mrg2', 'd2h'): 672.837, ('mrg3', 'start'): 672.935, ('mrg3', 'h2d'): 673.014, ('mrg3', 'count'): 673.051, ('mrg3', 'scan'): 673.1, ('mrg3', 'merge'): 673.143, ('mrg3', 'pack'): 673.17, ('mrg3', 'd2h'): 673.184}",0.0522730406373739,0.1991808007238432
Mildly sparse,bcspwr04,274,1612,2.1471575470190207,4982,4982,4982,4982,4982,0.0,,0.06099999999992178,0.17200000000002547,0.05899999999996908,0.028999999999996362,0.2919999999999163,0.531,,,,,0.544,0.498,0.399,0.328,,0.31399999999996453,0.33400000000006,0.3009999999999309,0.20299999999997453,0.1370000000000573,"{('cu', 'start'): 666.263, ('cu', 'h2dmalloc'): 666.324, ('cu', 'h2d'): 666.345, ('cu', 'workest'): 666.406, ('cu', 'compute'): 666.578, ('cu', 'copy'): 666.637, ('cu', 'pack'): 666.659, ('cu', 'd2h'): 666.688, ('gust', 'start'): 666.801, ('gust', 'h2d'): 666.885, ('gust', 'count'): 666.91, ('gust', 'scan'): 666.95, ('gust', 'expand'): 666.978, ('gust', 'sort'): 667.095, ('gust', 'reduce'): 667.14, ('gust', 'final'): 667.198, ('gust', 'pack'): 667.219, ('gust', 'd2h'): 667.233, ('merge', 'start'): 667.353, ('merge', 'h2d'): 667.436, ('merge', 'count'): 667.459, ('merge', 'scan'): 667.497, ('merge', 'expand'): 667.539, ('merge', 'merge'): 667.641, ('merge', 'final'): 667.684, ('merge', 'compact'): 667.71, ('merge', 'pack'): 667.737, ('merge', 'd2h'): 667.751, ('mrg2', 'start'): 667.858, ('mrg2', 'h2d'): 667.94, ('mrg2', 'count'): 667.963, ('mrg2', 'scan'): 668.001, ('mrg2', 'merge'): 668.058, ('mrg2', 'final'): 668.096, ('mrg2', 'compact'): 668.124, ('mrg2', 'pack'): 668.143, ('mrg2', 'd2h'): 668.157, ('mrg3', 'start'): 668.261, ('mrg3', 'h2d'): 668.342, ('mrg3', 'count'): 668.372, ('mrg3', 'scan'): 668.425, ('mrg3', 'merge'): 668.459, ('mrg3', 'pack'): 668.479, ('mrg3', 'd2h'): 668.493}",0.0338419340550899,0.2106111998204141
Mildly sparse,bcsstk13,2003,83883,2.0907979019987244,396773,396773,396773,396773,396773,0.0,,0.07600000000002183,0.6309999999999718,0.18900000000007822,0.5470000000000255,0.8960000000000719,1.84,,,,,2.77,6.815,1.993,1.807,,0.9840000000000373,2.0419999999999163,6.1030000000000655,1.2819999999999254,1.0970000000000937,"{('cu', 'start'): 748.097, ('cu', 'h2dmalloc'): 748.161, ('cu', 'h2d'): 748.223, ('cu', 'workest'): 748.299, ('cu', 'compute'): 748.93, ('cu', 'copy'): 749.119, ('cu', 'pack'): 749.207, ('cu', 'd2h'): 749.754, ('gust', 'start'): 749.946, ('gust', 'h2d'): 750.075, ('gust', 'count'): 750.109, ('gust', 'scan'): 750.157, ('gust', 'expand'): 750.379, ('gust', 'sort'): 751.2, ('gust', 'reduce'): 751.435, ('gust', 'final'): 752.011, ('gust', 'pack'): 752.117, ('gust', 'd2h'): 752.381, ('merge', 'start'): 752.725, ('merge', 'h2d'): 752.858, ('merge', 'count'): 752.893, ('merge', 'scan'): 752.941, ('merge', 'expand'): 753.747, ('merge', 'merge'): 758.289, ('merge', 'final'): 758.532, ('merge', 'compact'): 758.864, ('merge', 'pack'): 758.961, ('merge', 'd2h'): 759.224, ('mrg2', 'start'): 759.548, ('mrg2', 'h2d'): 759.677, ('mrg2', 'count'): 759.709, ('mrg2', 'scan'): 759.757, ('mrg2', 'merge'): 760.475, ('mrg2', 'final'): 760.522, ('mrg2', 'compact'): 760.814, ('mrg2', 'pack'): 760.959, ('mrg2', 'd2h'): 761.221, ('mrg3', 'start'): 761.549, ('mrg3', 'h2d'): 761.675, ('mrg3', 'count'): 761.99, ('mrg3', 'scan'): 762.072, ('mrg3', 'merge'): 762.686, ('mrg3', 'pack'): 762.772, ('mrg3', 'd2h'): 763.034}",0.5329828709363937,0.6476191983325407
Mildly sparse,bcsstm01,48,48,2.083333333333333,48,48,48,48,48,0.0,,0.07100000000002638,0.18899999999996453,0.06799999999998363,0.027000000000043656,0.32799999999997453,0.559,,,,,0.477,0.412,0.361,0.312,,0.35599999999999454,0.2820000000000391,0.21500000000003183,0.17599999999993088,0.12800000000004275,"{('cu', 'start'): 692.5, ('cu', 'h2dmalloc'): 692.563, ('cu', 'h2d'): 692.578, ('cu', 'workest'): 692.649, ('cu', 'compute'): 692.838, ('cu', 'copy'): 692.906, ('cu', 'pack'): 692.934, ('cu', 'd2h'): 692.961, ('gust', 'start'): 693.069, ('gust', 'h2d'): 693.15, ('gust', 'count'): 693.175, ('gust', 'scan'): 693.221, ('gust', 'expand'): 693.247, ('gust', 'sort'): 693.297, ('gust', 'reduce'): 693.344, ('gust', 'final'): 693.407, ('gust', 'pack'): 693.432, ('gust', 'd2h'): 693.442, ('merge', 'start'): 693.561, ('merge', 'h2d'): 693.637, ('merge', 'count'): 693.662, ('merge', 'scan'): 693.702, ('merge', 'expand'): 693.728, ('merge', 'merge'): 693.75, ('merge', 'final'): 693.803, ('merge', 'compact'): 693.829, ('merge', 'pack'): 693.852, ('merge', 'd2h'): 693.864, ('mrg2', 'start'): 693.97, ('mrg2', 'h2d'): 694.047, ('mrg2', 'count'): 694.07, ('mrg2', 'scan'): 694.11, ('mrg2', 'merge'): 694.136, ('mrg2', 'final'): 694.175, ('mrg2', 'compact'): 694.2, ('mrg2', 'pack'): 694.223, ('mrg2', 'd2h'): 694.234, ('mrg3', 'start'): 694.338, ('mrg3', 'h2d'): 694.413, ('mrg3', 'count'): 694.438, ('mrg3', 'scan'): 694.493, ('mrg3', 'merge'): 694.519, ('mrg3', 'pack'): 694.541, ('mrg3', 'd2h'): 694.553}",0.0166050158441066,0.1500736000714823
Mildly sparse,bcsstk14,1806,63454,1.945465404477998,195654,195654,195654,195654,195654,0.0,,0.08800000000007913,0.5579999999999927,0.17300000000000182,0.34699999999998,0.8190000000000737,1.586,,,,,2.16,2.66,1.398,1.118,,0.9220000000000255,1.6970000000000027,2.1159999999999854,0.8590000000000373,0.5670000000000073,"{('cu', 'start'): 726.716, ('cu', 'h2dmalloc'): 726.8, ('cu', 'h2d'): 726.857, ('cu', 'workest'): 726.945, ('cu', 'compute'): 727.503, ('cu', 'copy'): 727.676, ('cu', 'pack'): 727.779, ('cu', 'd2h'): 728.126, ('gust', 'start'): 728.315, ('gust', 'h2d'): 728.448, ('gust', 'count'): 728.486, ('gust', 'scan'): 728.555, ('gust', 'expand'): 728.765, ('gust', 'sort'): 729.352, ('gust', 'reduce'): 729.597, ('gust', 'final'): 730.105, ('gust', 'pack'): 730.145, ('gust', 'd2h'): 730.285, ('merge', 'start'): 730.486, ('merge', 'h2d'): 730.628, ('merge', 'count'): 730.666, ('merge', 'scan'): 730.721, ('merge', 'expand'): 731.082, ('merge', 'merge'): 732.12, ('merge', 'final'): 732.354, ('merge', 'compact'): 732.639, ('merge', 'pack'): 732.744, ('merge', 'd2h'): 732.886, ('mrg2', 'start'): 733.157, ('mrg2', 'h2d'): 733.29, ('mrg2', 'count'): 733.328, ('mrg2', 'scan'): 733.384, ('mrg2', 'merge'): 733.719, ('mrg2', 'final'): 733.775, ('mrg2', 'compact'): 734.046, ('mrg2', 'pack'): 734.149, ('mrg2', 'd2h'): 734.29, ('mrg3', 'start'): 734.563, ('mrg3', 'h2d'): 734.697, ('mrg3', 'count'): 734.831, ('mrg3', 'scan'): 734.901, ('mrg3', 'merge'): 735.169, ('mrg3', 'pack'): 735.264, ('mrg3', 'd2h'): 735.406}",0.3842159640043974,0.541699200333096
Mildly sparse,can_445,445,3809,1.923494508269158,11193,11193,11193,11193,11193,0.0,,0.06100000000003547,0.16899999999998272,0.06100000000003547,0.03300000000001546,0.29100000000005366,0.522,,,,,0.56,0.488,0.407,0.347,,0.3120000000000118,0.34400000000005093,0.29100000000005366,0.21199999999998909,0.15200000000004366,"{('cu', 'start'): 679.388, ('cu', 'h2dmalloc'): 679.453, ('cu', 'h2d'): 679.472, ('cu', 'workest'): 679.533, ('cu', 'compute'): 679.702, ('cu', 'copy'): 679.763, ('cu', 'pack'): 679.784, ('cu', 'd2h'): 679.817, ('gust', 'start'): 679.92, ('gust', 'h2d'): 680.0, ('gust', 'count'): 680.024, ('gust', 'scan'): 680.065, ('gust', 'expand'): 680.091, ('gust', 'sort'): 680.224, ('gust', 'reduce'): 680.267, ('gust', 'final'): 680.325, ('gust', 'pack'): 680.344, ('gust', 'd2h'): 680.37, ('merge', 'start'): 680.484, ('merge', 'h2d'): 680.568, ('merge', 'count'): 680.591, ('merge', 'scan'): 680.631, ('merge', 'expand'): 680.671, ('merge', 'merge'): 680.775, ('merge', 'final'): 680.817, ('merge', 'compact'): 680.84, ('merge', 'pack'): 680.859, ('merge', 'd2h'): 680.876, ('mrg2', 'start'): 680.978, ('mrg2', 'h2d'): 681.057, ('mrg2', 'count'): 681.078, ('mrg2', 'scan'): 681.115, ('mrg2', 'merge'): 681.177, ('mrg2', 'final'): 681.222, ('mrg2', 'compact'): 681.247, ('mrg2', 'pack'): 681.269, ('mrg2', 'd2h'): 681.287, ('mrg3', 'start'): 681.392, ('mrg3', 'h2d'): 681.471, ('mrg3', 'count'): 681.506, ('mrg3', 'scan'): 681.562, ('mrg3', 'merge'): 681.602, ('mrg3', 'pack'): 681.623, ('mrg3', 'd2h'): 681.64}",0.0606849789619445,0.3016352001577616
Mildly sparse,bcsstm10,1086,22092,1.8731621948861958,54504,54504,54504,54504,54504,0.0,,0.06799999999998363,0.27800000000002,0.06600000000003092,0.13999999999998636,0.41200000000003456,0.755,,,,,1.241,1.238,0.7,0.453,,0.43600000000003547,0.9389999999999645,0.9560000000000173,0.40999999999996817,0.22699999999997544,"{('cu', 'start'): 690.2, ('cu', 'h2dmalloc'): 690.264, ('cu', 'h2d'): 690.299, ('cu', 'workest'): 690.367, ('cu', 'compute'): 690.645, ('cu', 'copy'): 690.711, ('cu', 'pack'): 690.735, ('cu', 'd2h'): 690.875, ('gust', 'start'): 690.966, ('gust', 'h2d'): 691.061, ('gust', 'count'): 691.093, ('gust', 'scan'): 691.133, ('gust', 'expand'): 691.285, ('gust', 'sort'): 691.559, ('gust', 'reduce'): 691.722, ('gust', 'final'): 691.966, ('gust', 'pack'): 692.0, ('gust', 'd2h'): 692.047, ('merge', 'start'): 692.214, ('merge', 'h2d'): 692.31, ('merge', 'count'): 692.339, ('merge', 'scan'): 692.377, ('merge', 'expand'): 692.587, ('merge', 'merge'): 692.976, ('merge', 'final'): 693.095, ('merge', 'compact'): 693.241, ('merge', 'pack'): 693.266, ('merge', 'd2h'): 693.313, ('mrg2', 'start'): 693.459, ('mrg2', 'h2d'): 693.548, ('mrg2', 'count'): 693.575, ('mrg2', 'scan'): 693.614, ('mrg2', 'merge'): 693.809, ('mrg2', 'final'): 693.847, ('mrg2', 'compact'): 693.933, ('mrg2', 'pack'): 693.958, ('mrg2', 'd2h'): 694.008, ('mrg3', 'start'): 694.165, ('mrg3', 'h2d'): 694.254, ('mrg3', 'count'): 694.313, ('mrg3', 'scan'): 694.365, ('mrg3', 'merge'): 694.447, ('mrg3', 'pack'): 694.481, ('mrg3', 'd2h'): 694.529}",0.1173790078610181,0.4461536017712205
Mildly sparse,bcsstk10,1086,22070,1.8712968332943305,54504,54504,54504,54504,54504,0.0,,0.05999999999994543,0.27100000000007185,0.06399999999996453,0.13599999999996726,0.3949999999999818,0.724,,,,,1.24,1.221,0.696,0.438,,0.41800000000000637,0.94399999999996,0.9479999999999791,0.41599999999994,0.21699999999998454,"{('cu', 'start'): 685.964, ('cu', 'h2dmalloc'): 686.029, ('cu', 'h2d'): 686.057, ('cu', 'workest'): 686.117, ('cu', 'compute'): 686.388, ('cu', 'copy'): 686.452, ('cu', 'pack'): 686.475, ('cu', 'd2h'): 686.611, ('gust', 'start'): 686.698, ('gust', 'h2d'): 686.789, ('gust', 'count'): 686.816, ('gust', 'scan'): 686.854, ('gust', 'expand'): 687.015, ('gust', 'sort'): 687.291, ('gust', 'reduce'): 687.458, ('gust', 'final'): 687.697, ('gust', 'pack'): 687.733, ('gust', 'd2h'): 687.778, ('merge', 'start'): 687.943, ('merge', 'h2d'): 688.035, ('merge', 'count'): 688.062, ('merge', 'scan'): 688.1, ('merge', 'expand'): 688.308, ('merge', 'merge'): 688.693, ('merge', 'final'): 688.805, ('merge', 'compact'): 688.955, ('merge', 'pack'): 688.983, ('merge', 'd2h'): 689.027, ('mrg2', 'start'): 689.172, ('mrg2', 'h2d'): 689.259, ('mrg2', 'count'): 689.285, ('mrg2', 'scan'): 689.325, ('mrg2', 'merge'): 689.521, ('mrg2', 'final'): 689.564, ('mrg2', 'compact'): 689.651, ('mrg2', 'pack'): 689.675, ('mrg2', 'd2h'): 689.72, ('mrg3', 'start'): 689.875, ('mrg3', 'h2d'): 689.969, ('mrg3', 'count'): 690.031, ('mrg3', 'scan'): 690.086, ('mrg3', 'merge'): 690.166, ('mrg3', 'pack'): 690.186, ('mrg3', 'd2h'): 690.23}",0.1465240493416786,0.4461439999053254
Mildly sparse,can_634,634,7228,1.7982067689000787,25446,25446,25446,25446,25446,0.0,,0.06099999999992178,0.24900000000002365,0.06000000000005912,0.11400000000003274,0.37000000000000455,0.666,,,,,0.849,0.672,0.424,0.399,,0.3949999999999818,0.6420000000000528,0.4740000000000464,0.22899999999992815,0.20500000000004093,"{('cu', 'start'): 673.777, ('cu', 'h2dmalloc'): 673.84, ('cu', 'h2d'): 673.859, ('cu', 'workest'): 673.92, ('cu', 'compute'): 674.169, ('cu', 'copy'): 674.229, ('cu', 'pack'): 674.254, ('cu', 'd2h'): 674.368, ('gust', 'start'): 674.451, ('gust', 'h2d'): 674.531, ('gust', 'count'): 674.557, ('gust', 'scan'): 674.603, ('gust', 'expand'): 674.636, ('gust', 'sort'): 674.899, ('gust', 'reduce'): 675.019, ('gust', 'final'): 675.147, ('gust', 'pack'): 675.173, ('gust', 'd2h'): 675.208, ('merge', 'start'): 675.307, ('merge', 'h2d'): 675.387, ('merge', 'count'): 675.414, ('merge', 'scan'): 675.451, ('merge', 'expand'): 675.518, ('merge', 'merge'): 675.775, ('merge', 'final'): 675.816, ('merge', 'compact'): 675.842, ('merge', 'pack'): 675.861, ('merge', 'd2h'): 675.888, ('mrg2', 'start'): 675.987, ('mrg2', 'h2d'): 676.066, ('mrg2', 'count'): 676.09, ('mrg2', 'scan'): 676.128, ('mrg2', 'merge'): 676.211, ('mrg2', 'final'): 676.247, ('mrg2', 'compact'): 676.274, ('mrg2', 'pack'): 676.295, ('mrg2', 'd2h'): 676.321, ('mrg3', 'start'): 676.417, ('mrg3', 'h2d'): 676.492, ('mrg3', 'count'): 676.541, ('mrg3', 'scan'): 676.612, ('mrg3', 'merge'): 676.675, ('mrg3', 'pack'): 676.697, ('mrg3', 'd2h'): 676.723}",0.0726208090782165,0.3337376008043065
Mildly sparse,bcsstk11,1473,34241,1.578123350888521,94187,94187,94187,94187,94187,0.0,,0.08599999999989905,0.3310000000000173,0.07699999999999818,0.18700000000001182,0.4939999999999145,1.068,,,,,1.454,1.404,0.795,0.523,,0.61099999999999,1.1859999999999218,1.1259999999999764,0.5230000000000246,0.25299999999992906,"{('cu', 'start'): 712.747, ('cu', 'h2dmalloc'): 712.814, ('cu', 'h2d'): 712.849, ('cu', 'workest'): 712.935, ('cu', 'compute'): 713.266, ('cu', 'copy'): 713.343, ('cu', 'pack'): 713.46, ('cu', 'd2h'): 713.647, ('gust', 'start'): 713.825, ('gust', 'h2d'): 713.922, ('gust', 'count'): 713.95, ('gust', 'scan'): 713.999, ('gust', 'expand'): 714.153, ('gust', 'sort'): 714.503, ('gust', 'reduce'): 714.689, ('gust', 'final'): 715.069, ('gust', 'pack'): 715.108, ('gust', 'd2h'): 715.179, ('merge', 'start'): 715.287, ('merge', 'h2d'): 715.389, ('merge', 'count'): 715.418, ('merge', 'scan'): 715.462, ('merge', 'expand'): 715.677, ('merge', 'merge'): 716.122, ('merge', 'final'): 716.322, ('merge', 'compact'): 716.487, ('merge', 'pack'): 716.515, ('merge', 'd2h'): 716.587, ('mrg2', 'start'): 716.701, ('mrg2', 'h2d'): 716.807, ('mrg2', 'count'): 716.839, ('mrg2', 'scan'): 716.885, ('mrg2', 'merge'): 717.09, ('mrg2', 'final'): 717.132, ('mrg2', 'compact'): 717.302, ('mrg2', 'pack'): 717.33, ('mrg2', 'd2h'): 717.401, ('mrg3', 'start'): 717.503, ('mrg3', 'h2d'): 717.595, ('mrg3', 'count'): 717.665, ('mrg3', 'scan'): 717.735, ('mrg3', 'merge'): 717.822, ('mrg3', 'pack'): 717.848, ('mrg3', 'd2h'): 717.92}",0.2499658148735761,0.4869280004408211
Mildly sparse,bcsstk12,1473,34241,1.578123350888521,94187,94187,94187,94187,94187,0.0,,0.06200000000001182,0.3160000000000309,0.06899999999995998,0.17600000000004457,0.44700000000000273,0.974,,,,,1.361,1.324,0.74,0.492,,0.5520000000000209,1.0920000000000982,1.06899999999996,0.4820000000000846,0.23300000000006094,"{('cu', 'start'): 689.415, ('cu', 'h2dmalloc'): 689.48, ('cu', 'h2d'): 689.516, ('cu', 'workest'): 689.578, ('cu', 'compute'): 689.894, ('cu', 'copy'): 689.963, ('cu', 'pack'): 690.068, ('cu', 'd2h'): 690.244, ('gust', 'start'): 690.399, ('gust', 'h2d'): 690.497, ('gust', 'count'): 690.527, ('gust', 'scan'): 690.569, ('gust', 'expand'): 690.721, ('gust', 'sort'): 691.05, ('gust', 'reduce'): 691.241, ('gust', 'final'): 691.553, ('gust', 'pack'): 691.589, ('gust', 'd2h'): 691.659, ('merge', 'start'): 691.766, ('merge', 'h2d'): 691.866, ('merge', 'count'): 691.896, ('merge', 'scan'): 691.933, ('merge', 'expand'): 692.143, ('merge', 'merge'): 692.587, ('merge', 'final'): 692.758, ('merge', 'compact'): 692.91, ('merge', 'pack'): 692.935, ('merge', 'd2h'): 693.005, ('mrg2', 'start'): 693.104, ('mrg2', 'h2d'): 693.199, ('mrg2', 'count'): 693.226, ('mrg2', 'scan'): 693.266, ('mrg2', 'merge'): 693.473, ('mrg2', 'final'): 693.511, ('mrg2', 'compact'): 693.655, ('mrg2', 'pack'): 693.681, ('mrg2', 'd2h'): 693.751, ('mrg3', 'start'): 693.847, ('mrg3', 'h2d'): 693.938, ('mrg3', 'count'): 694.007, ('mrg3', 'scan'): 694.064, ('mrg3', 'merge'): 694.149, ('mrg3', 'pack'): 694.171, ('mrg3', 'd2h'): 694.242}",0.2321570646017789,0.486767999920994
Mildly sparse,bcsstk09,1083,18437,1.5719305066378828,71289,71289,71289,71289,71289,0.0,,0.06599999999991724,0.27800000000002,0.06799999999998363,0.14999999999997726,0.4119999999999209,0.756,,,,,1.12,1.058,0.615,0.455,,0.4359999999999218,0.8179999999999836,0.8170000000000073,0.37999999999999545,0.21900000000005093,"{('cu', 'start'): 681.657, ('cu', 'h2dmalloc'): 681.719, ('cu', 'h2d'): 681.748, ('cu', 'workest'): 681.814, ('cu', 'compute'): 682.092, ('cu', 'copy'): 682.16, ('cu', 'pack'): 682.184, ('cu', 'd2h'): 682.334, ('gust', 'start'): 682.427, ('gust', 'h2d'): 682.518, ('gust', 'count'): 682.549, ('gust', 'scan'): 682.589, ('gust', 'expand'): 682.688, ('gust', 'sort'): 682.954, ('gust', 'reduce'): 683.117, ('gust', 'final'): 683.301, ('gust', 'pack'): 683.336, ('gust', 'd2h'): 683.396, ('merge', 'start'): 683.553, ('merge', 'h2d'): 683.643, ('merge', 'count'): 683.673, ('merge', 'scan'): 683.711, ('merge', 'expand'): 683.838, ('merge', 'merge'): 684.173, ('merge', 'final'): 684.288, ('merge', 'compact'): 684.433, ('merge', 'pack'): 684.46, ('merge', 'd2h'): 684.52, ('mrg2', 'start'): 684.62, ('mrg2', 'h2d'): 684.704, ('mrg2', 'count'): 684.73, ('mrg2', 'scan'): 684.769, ('mrg2', 'merge'): 684.923, ('mrg2', 'final'): 684.965, ('mrg2', 'compact'): 685.059, ('mrg2', 'pack'): 685.084, ('mrg2', 'd2h'): 685.144, ('mrg3', 'start'): 685.243, ('mrg3', 'h2d'): 685.327, ('mrg3', 'count'): 685.39, ('mrg3', 'scan'): 685.446, ('mrg3', 'merge'): 685.524, ('mrg3', 'pack'): 685.546, ('mrg3', 'd2h'): 685.606}",0.1308119390159845,0.3079999999376014
Mildly sparse,bcsstm02,66,66,1.5151515151515151,66,66,66,66,66,0.0,,0.05499999999994998,0.1490000000000009,0.05600000000004002,0.028999999999996362,0.2599999999999909,0.476,,,,,0.452,0.37,0.325,0.296,,0.28300000000001546,0.27099999999995816,0.18999999999994088,0.15899999999999181,0.12800000000004275,"{('cu', 'start'): 665.38, ('cu', 'h2dmalloc'): 665.445, ('cu', 'h2d'): 665.461, ('cu', 'workest'): 665.516, ('cu', 'compute'): 665.665, ('cu', 'copy'): 665.721, ('cu', 'pack'): 665.744, ('cu', 'd2h'): 665.773, ('gust', 'start'): 665.868, ('gust', 'h2d'): 665.945, ('gust', 'count'): 665.97, ('gust', 'scan'): 666.01, ('gust', 'expand'): 666.035, ('gust', 'sort'): 666.081, ('gust', 'reduce'): 666.125, ('gust', 'final'): 666.192, ('gust', 'pack'): 666.216, ('gust', 'd2h'): 666.225, ('merge', 'start'): 666.333, ('merge', 'h2d'): 666.407, ('merge', 'count'): 666.432, ('merge', 'scan'): 666.471, ('merge', 'expand'): 666.492, ('merge', 'merge'): 666.513, ('merge', 'final'): 666.55, ('merge', 'compact'): 666.579, ('merge', 'pack'): 666.597, ('merge', 'd2h'): 666.609, ('mrg2', 'start'): 666.701, ('mrg2', 'h2d'): 666.771, ('mrg2', 'count'): 666.794, ('mrg2', 'scan'): 666.83, ('mrg2', 'merge'): 666.853, ('mrg2', 'final'): 666.885, ('mrg2', 'compact'): 666.911, ('mrg2', 'pack'): 666.93, ('mrg2', 'd2h'): 666.941, ('mrg3', 'start'): 667.034, ('mrg3', 'h2d'): 667.102, ('mrg3', 'count'): 667.127, ('mrg3', 'scan'): 667.177, ('mrg3', 'merge'): 667.212, ('mrg3', 'pack'): 667.23, ('mrg3', 'd2h'): 667.242}",0.0471249222755432,0.1525216000387445
Mildly sparse,can_838,838,10010,1.4254304771560882,51156,51156,51156,51156,51156,0.0,,0.06000000000005912,0.2699999999999818,0.06899999999995998,0.16000000000008185,0.3990000000000009,0.75,,,,,0.895,1.079,0.484,0.405,,0.4199999999999591,0.5730000000000928,0.7789999999999964,0.26099999999996726,0.17499999999995453,"{('cu', 'start'): 689.677, ('cu', 'h2dmalloc'): 689.74, ('cu', 'h2d'): 689.76, ('cu', 'workest'): 689.82, ('cu', 'compute'): 690.09, ('cu', 'copy'): 690.159, ('cu', 'pack'): 690.18, ('cu', 'd2h'): 690.34, ('gust', 'start'): 690.436, ('gust', 'h2d'): 690.526, ('gust', 'count'): 690.55, ('gust', 'scan'): 690.592, ('gust', 'expand'): 690.624, ('gust', 'sort'): 690.902, ('gust', 'reduce'): 691.012, ('gust', 'final'): 691.077, ('gust', 'pack'): 691.099, ('gust', 'd2h'): 691.149, ('merge', 'start'): 691.338, ('merge', 'h2d'): 691.421, ('merge', 'count'): 691.446, ('merge', 'scan'): 691.487, ('merge', 'expand'): 691.566, ('merge', 'merge'): 692.113, ('merge', 'final'): 692.156, ('merge', 'compact'): 692.181, ('merge', 'pack'): 692.2, ('merge', 'd2h'): 692.242, ('mrg2', 'start'): 692.423, ('mrg2', 'h2d'): 692.503, ('mrg2', 'count'): 692.527, ('mrg2', 'scan'): 692.566, ('mrg2', 'merge'): 692.682, ('mrg2', 'final'): 692.72, ('mrg2', 'compact'): 692.744, ('mrg2', 'pack'): 692.764, ('mrg2', 'd2h'): 692.807, ('mrg3', 'start'): 692.914, ('mrg3', 'h2d'): 692.993, ('mrg3', 'count'): 693.038, ('mrg3', 'scan'): 693.092, ('mrg3', 'merge'): 693.147, ('mrg3', 'pack'): 693.168, ('mrg3', 'd2h'): 693.21}",0.0951960682868957,0.3226400006562471
Mildly sparse,bcsstk20,485,3135,1.3327665001594218,5545,5545,5545,5545,5545,0.0,,0.057999999999992724,0.16399999999998727,0.07600000000002183,0.032999999999901775,0.2980000000000018,0.529,,,,,0.537,0.435,0.36,0.315,,0.32200000000000273,0.3389999999999418,0.25499999999999545,0.17799999999999727,0.1409999999999627,"{('cu', 'start'): 681.338, ('cu', 'h2dmalloc'): 681.403, ('cu', 'h2d'): 681.421, ('cu', 'workest'): 681.479, ('cu', 'compute'): 681.643, ('cu', 'copy'): 681.719, ('cu', 'pack'): 681.743, ('cu', 'd2h'): 681.776, ('gust', 'start'): 681.873, ('gust', 'h2d'): 681.956, ('gust', 'count'): 681.982, ('gust', 'scan'): 682.02, ('gust', 'expand'): 682.048, ('gust', 'sort'): 682.167, ('gust', 'reduce'): 682.21, ('gust', 'final'): 682.273, ('gust', 'pack'): 682.295, ('gust', 'd2h'): 682.31, ('merge', 'start'): 682.416, ('merge', 'h2d'): 682.494, ('merge', 'count'): 682.518, ('merge', 'scan'): 682.555, ('merge', 'expand'): 682.594, ('merge', 'merge'): 682.65, ('merge', 'final'): 682.69, ('merge', 'compact'): 682.727, ('merge', 'pack'): 682.749, ('merge', 'd2h'): 682.763, ('mrg2', 'start'): 682.86, ('mrg2', 'h2d'): 682.934, ('mrg2', 'count'): 682.959, ('mrg2', 'scan'): 682.994, ('mrg2', 'merge'): 683.032, ('mrg2', 'final'): 683.067, ('mrg2', 'compact'): 683.093, ('mrg2', 'pack'): 683.112, ('mrg2', 'd2h'): 683.127, ('mrg3', 'start'): 683.225, ('mrg3', 'h2d'): 683.298, ('mrg3', 'count'): 683.332, ('mrg3', 'scan'): 683.381, ('mrg3', 'merge'): 683.417, ('mrg3', 'pack'): 683.439, ('mrg3', 'd2h'): 683.454}",0.0639951322227716,0.2031775990501046
Mildly sparse,can_715,715,6665,1.3037312338011637,39785,39785,39785,39785,39785,0.0,,0.06799999999998363,0.24700000000007094,0.06200000000001182,0.12199999999995725,0.3770000000000664,0.673,,,,,0.85,2.004,0.641,0.609,,0.39600000000007185,0.6370000000000573,1.7870000000000346,0.4319999999999027,0.4089999999999918,"{('cu', 'start'): 674.844, ('cu', 'h2dmalloc'): 674.904, ('cu', 'h2d'): 674.924, ('cu', 'workest'): 674.992, ('cu', 'compute'): 675.239, ('cu', 'copy'): 675.301, ('cu', 'pack'): 675.32, ('cu', 'd2h'): 675.442, ('gust', 'start'): 675.525, ('gust', 'h2d'): 675.603, ('gust', 'count'): 675.636, ('gust', 'scan'): 675.674, ('gust', 'expand'): 675.709, ('gust', 'sort'): 675.979, ('gust', 'reduce'): 676.089, ('gust', 'final'): 676.213, ('gust', 'pack'): 676.24, ('gust', 'd2h'): 676.285, ('merge', 'start'): 676.384, ('merge', 'h2d'): 676.461, ('merge', 'count'): 676.493, ('merge', 'scan'): 676.532, ('merge', 'expand'): 676.663, ('merge', 'merge'): 678.165, ('merge', 'final'): 678.206, ('merge', 'compact'): 678.23, ('merge', 'pack'): 678.248, ('merge', 'd2h'): 678.285, ('mrg2', 'start'): 678.396, ('mrg2', 'h2d'): 678.474, ('mrg2', 'count'): 678.505, ('mrg2', 'scan'): 678.544, ('mrg2', 'merge'): 678.829, ('mrg2', 'final'): 678.865, ('mrg2', 'compact'): 678.888, ('mrg2', 'pack'): 678.906, ('mrg2', 'd2h'): 678.943, ('mrg3', 'start'): 679.042, ('mrg3', 'h2d'): 679.119, ('mrg3', 'count'): 679.268, ('mrg3', 'scan'): 679.323, ('mrg3', 'merge'): 679.508, ('mrg3', 'pack'): 679.528, ('mrg3', 'd2h'): 679.565}",0.0805750023573637,0.3491839982569218
Mildly sparse,bcsstk24,3562,159910,1.2603402122535554,446474,446474,446474,446474,446474,0.0,,0.15599999999994907,0.8640000000000327,0.23299999999994725,0.6779999999999973,1.252999999999929,2.437,,,,,3.489,4.235,1.84,1.68,,1.36099999999999,2.647000000000048,3.3999999999999773,1.0149999999999864,0.8669999999999618,"{('cu', 'start'): 745.418, ('cu', 'h2dmalloc'): 745.506, ('cu', 'h2d'): 745.618, ('cu', 'workest'): 745.774, ('cu', 'compute'): 746.638, ('cu', 'copy'): 746.871, ('cu', 'pack'): 746.979, ('cu', 'd2h'): 747.657, ('gust', 'start'): 747.868, ('gust', 'h2d'): 748.055, ('gust', 'count'): 748.095, ('gust', 'scan'): 748.152, ('gust', 'expand'): 748.4, ('gust', 'sort'): 749.644, ('gust', 'reduce'): 749.95, ('gust', 'final'): 750.582, ('gust', 'pack'): 750.702, ('gust', 'd2h'): 751.002, ('merge', 'start'): 751.369, ('merge', 'h2d'): 751.562, ('merge', 'count'): 751.602, ('merge', 'scan'): 751.66, ('merge', 'expand'): 752.212, ('merge', 'merge'): 754.217, ('merge', 'final'): 754.477, ('merge', 'compact'): 754.843, ('merge', 'pack'): 754.962, ('merge', 'd2h'): 755.262, ('mrg2', 'start'): 755.613, ('mrg2', 'h2d'): 755.802, ('mrg2', 'count'): 755.842, ('mrg2', 'scan'): 755.9, ('mrg2', 'merge'): 756.307, ('mrg2', 'final'): 756.362, ('mrg2', 'compact'): 756.699, ('mrg2', 'pack'): 756.817, ('mrg2', 'd2h'): 757.117, ('mrg3', 'start'): 757.463, ('mrg3', 'h2d'): 757.649, ('mrg3', 'count'): 757.881, ('mrg3', 'scan'): 757.953, ('mrg3', 'merge'): 758.411, ('mrg3', 'pack'): 758.516, ('mrg3', 'd2h'): 758.813}",2.6039909571409225,0.5906367996474727
Mildly sparse,bcsstk16,4884,290378,1.2173414200441228,1038782,1038782,1038782,1038782,1038782,0.0,,0.15699999999992542,1.245999999999981,0.16300000000001091,0.7280000000000655,1.5659999999999172,2.632,,,,,5.247,9.398,2.209,2.502,,1.6389999999998963,4.057999999999993,8.41700000000003,1.455000000000041,1.76400000000001,"{('cu', 'start'): 791.291, ('cu', 'h2dmalloc'): 791.343, ('cu', 'h2d'): 791.445, ('cu', 'workest'): 791.602, ('cu', 'compute'): 792.848, ('cu', 'copy'): 793.011, ('cu', 'pack'): 793.084, ('cu', 'd2h'): 793.812, ('gust', 'start'): 793.932, ('gust', 'h2d'): 794.495, ('gust', 'count'): 794.574, ('gust', 'scan'): 794.616, ('gust', 'expand'): 794.987, ('gust', 'sort'): 797.505, ('gust', 'reduce'): 797.856, ('gust', 'final'): 798.474, ('gust', 'pack'): 798.553, ('gust', 'd2h'): 798.859, ('merge', 'start'): 799.186, ('merge', 'h2d'): 799.526, ('merge', 'count'): 799.618, ('merge', 'scan'): 799.661, ('merge', 'expand'): 800.884, ('merge', 'merge'): 807.347, ('merge', 'final'): 807.576, ('merge', 'compact'): 807.849, ('merge', 'pack'): 807.943, ('merge', 'd2h'): 808.249, ('mrg2', 'start'): 808.59, ('mrg2', 'h2d'): 808.742, ('mrg2', 'count'): 808.817, ('mrg2', 'scan'): 808.86, ('mrg2', 'merge'): 809.79, ('mrg2', 'final'): 809.83, ('mrg2', 'compact'): 810.104, ('mrg2', 'pack'): 810.197, ('mrg2', 'd2h'): 810.503, ('mrg3', 'start'): 810.805, ('mrg3', 'h2d'): 810.954, ('mrg3', 'count'): 811.597, ('mrg3', 'scan'): 811.655, ('mrg3', 'merge'): 812.629, ('mrg3', 'pack'): 812.718, ('mrg3', 'd2h'): 813.023}",6.905617192387581,0.8400544041069226
Mildly sparse,bcsstk28,4410,219024,1.1261974177426073,596072,596072,596072,596072,596072,0.0,,0.1270000000000664,1.0369999999999209,0.18299999999999272,0.7889999999999873,1.34699999999998,2.58,,,,,4.061,6.086,2.085,1.925,,1.4360000000000355,3.0990000000000464,5.177000000000021,1.1870000000000118,1.0370000000000346,"{('cu', 'start'): 758.869, ('cu', 'h2dmalloc'): 758.931, ('cu', 'h2d'): 759.068, ('cu', 'workest'): 759.195, ('cu', 'compute'): 760.232, ('cu', 'copy'): 760.415, ('cu', 'pack'): 760.504, ('cu', 'd2h'): 761.293, ('gust', 'start'): 761.457, ('gust', 'h2d'): 761.68, ('gust', 'count'): 761.713, ('gust', 'scan'): 761.758, ('gust', 'expand'): 762.081, ('gust', 'sort'): 763.735, ('gust', 'reduce'): 764.053, ('gust', 'final'): 764.685, ('gust', 'pack'): 764.779, ('gust', 'd2h'): 765.169, ('merge', 'start'): 765.525, ('merge', 'h2d'): 765.727, ('merge', 'count'): 765.763, ('merge', 'scan'): 765.808, ('merge', 'expand'): 766.709, ('merge', 'merge'): 770.227, ('merge', 'final'): 770.481, ('merge', 'compact'): 770.814, ('merge', 'pack'): 770.904, ('merge', 'd2h'): 771.292, ('mrg2', 'start'): 771.618, ('mrg2', 'h2d'): 771.814, ('mrg2', 'count'): 771.854, ('mrg2', 'scan'): 771.9, ('mrg2', 'merge'): 772.548, ('mrg2', 'final'): 772.592, ('mrg2', 'compact'): 772.912, ('mrg2', 'pack'): 773.001, ('mrg2', 'd2h'): 773.389, ('mrg3', 'start'): 773.71, ('mrg3', 'h2d'): 773.904, ('mrg3', 'count'): 774.211, ('mrg3', 'scan'): 774.271, ('mrg3', 'merge'): 774.857, ('mrg3', 'pack'): 774.941, ('mrg3', 'd2h'): 775.328}",5.049543222412467,0.6753760015591979
Mildly sparse,bcsstk08,1074,12960,1.1235604381885709,305612,305612,305612,305612,305612,0.0,,0.06599999999991724,0.3490000000000464,0.1269999999999527,0.40399999999999636,0.5419999999999163,1.27,,,,,1.821,21.449,2.534,1.768,,0.6449999999999818,1.280999999999949,20.90700000000004,2.005999999999972,1.2309999999999945,"{('cu', 'start'): 766.678, ('cu', 'h2dmalloc'): 766.737, ('cu', 'h2d'): 766.763, ('cu', 'workest'): 766.829, ('cu', 'compute'): 767.178, ('cu', 'copy'): 767.305, ('cu', 'pack'): 767.408, ('cu', 'd2h'): 767.812, ('gust', 'start'): 767.958, ('gust', 'h2d'): 768.038, ('gust', 'count'): 768.077, ('gust', 'scan'): 768.143, ('gust', 'expand'): 768.332, ('gust', 'sort'): 768.638, ('gust', 'reduce'): 768.815, ('gust', 'final'): 769.219, ('gust', 'pack'): 769.319, ('gust', 'd2h'): 769.569, ('merge', 'start'): 769.788, ('merge', 'h2d'): 769.87, ('merge', 'count'): 769.911, ('merge', 'scan'): 769.953, ('merge', 'expand'): 770.552, ('merge', 'merge'): 790.307, ('merge', 'final'): 790.486, ('merge', 'compact'): 790.69, ('merge', 'pack'): 790.777, ('merge', 'd2h'): 791.024, ('mrg2', 'start'): 791.244, ('mrg2', 'h2d'): 791.327, ('mrg2', 'count'): 791.368, ('mrg2', 'scan'): 791.408, ('mrg2', 'merge'): 792.995, ('mrg2', 'final'): 793.037, ('mrg2', 'compact'): 793.247, ('mrg2', 'pack'): 793.333, ('mrg2', 'd2h'): 793.58, ('mrg3', 'start'): 793.789, ('mrg3', 'h2d'): 793.869, ('mrg3', 'count'): 794.318, ('mrg3', 'scan'): 794.377, ('mrg3', 'merge'): 795.015, ('mrg3', 'pack'): 795.1, ('mrg3', 'd2h'): 795.347}",0.137491850182414,0.4268799992278218
Mildly sparse,can_1054,1054,12196,1.097832779436069,60248,60248,60248,60248,60248,0.0,,0.06299999999998818,0.26400000000001,0.06200000000001182,0.1409999999999627,0.38900000000001,0.718,,,,,0.992,1.132,0.525,0.433,,0.41399999999998727,0.7039999999999509,0.84699999999998,0.2900000000000773,0.20600000000001728,"{('cu', 'start'): 668.706, ('cu', 'h2dmalloc'): 668.767, ('cu', 'h2d'): 668.792, ('cu', 'workest'): 668.855, ('cu', 'compute'): 669.119, ('cu', 'copy'): 669.181, ('cu', 'pack'): 669.206, ('cu', 'd2h'): 669.347, ('gust', 'start'): 669.435, ('gust', 'h2d'): 669.523, ('gust', 'count'): 669.552, ('gust', 'scan'): 669.591, ('gust', 'expand'): 669.688, ('gust', 'sort'): 669.947, ('gust', 'reduce'): 670.063, ('gust', 'final'): 670.193, ('gust', 'pack'): 670.227, ('gust', 'd2h'): 670.278, ('merge', 'start'): 670.439, ('merge', 'h2d'): 670.525, ('merge', 'count'): 670.556, ('merge', 'scan'): 670.596, ('merge', 'expand'): 670.738, ('merge', 'merge'): 671.282, ('merge', 'final'): 671.327, ('merge', 'compact'): 671.354, ('merge', 'pack'): 671.372, ('merge', 'd2h'): 671.424, ('mrg2', 'start'): 671.576, ('mrg2', 'h2d'): 671.656, ('mrg2', 'count'): 671.682, ('mrg2', 'scan'): 671.719, ('mrg2', 'merge'): 671.864, ('mrg2', 'final'): 671.903, ('mrg2', 'compact'): 671.927, ('mrg2', 'pack'): 671.946, ('mrg2', 'd2h'): 671.998, ('mrg3', 'start'): 672.109, ('mrg3', 'h2d'): 672.193, ('mrg3', 'count'): 672.254, ('mrg3', 'scan'): 672.307, ('mrg3', 'merge'): 672.377, ('mrg3', 'pack'): 672.399, ('mrg3', 'd2h'): 672.452}",0.1100669614970684,0.3309151999419555
Mildly sparse,can_1072,1072,12444,1.0828553129873024,62316,62316,62316,62316,62316,0.0,,0.06400000000007822,0.2540000000000191,0.06399999999996453,0.14200000000005275,0.38200000000006185,0.708,,,,,0.999,1.243,0.519,0.428,,0.4070000000000391,0.70900000000006,1.0259999999999536,0.2959999999999354,0.21000000000003638,"{('cu', 'start'): 699.454, ('cu', 'h2dmalloc'): 699.516, ('cu', 'h2d'): 699.536, ('cu', 'workest'): 699.6, ('cu', 'compute'): 699.854, ('cu', 'copy'): 699.918, ('cu', 'pack'): 699.943, ('cu', 'd2h'): 700.085, ('gust', 'start'): 700.174, ('gust', 'h2d'): 700.26, ('gust', 'count'): 700.288, ('gust', 'scan'): 700.326, ('gust', 'expand'): 700.427, ('gust', 'sort'): 700.683, ('gust', 'reduce'): 700.799, ('gust', 'final'): 700.932, ('gust', 'pack'): 700.969, ('gust', 'd2h'): 701.022, ('merge', 'start'): 701.179, ('merge', 'h2d'): 701.26, ('merge', 'count'): 701.287, ('merge', 'scan'): 701.323, ('merge', 'expand'): 701.465, ('merge', 'merge'): 702.066, ('merge', 'final'): 702.114, ('merge', 'compact'): 702.26, ('merge', 'pack'): 702.286, ('merge', 'd2h'): 702.335, ('mrg2', 'start'): 702.429, ('mrg2', 'h2d'): 702.508, ('mrg2', 'count'): 702.53, ('mrg2', 'scan'): 702.567, ('mrg2', 'merge'): 702.719, ('mrg2', 'final'): 702.758, ('mrg2', 'compact'): 702.782, ('mrg2', 'pack'): 702.804, ('mrg2', 'd2h'): 702.855, ('mrg3', 'start'): 702.956, ('mrg3', 'h2d'): 703.036, ('mrg3', 'count'): 703.095, ('mrg3', 'scan'): 703.149, ('mrg3', 'merge'): 703.223, ('mrg3', 'pack'): 703.246, ('mrg3', 'd2h'): 703.294}",0.1363488845527172,0.3638976010726764
Mildly sparse,bcsstk19,817,6853,1.0266835857969194,18305,18305,18305,18305,18305,0.0,,0.05999999999994543,0.18600000000003547,0.06100000000003547,0.038000000000010914,0.30700000000001637,0.554,,,,,0.573,0.466,0.388,0.351,,0.3289999999999509,0.35199999999997544,0.26299999999991996,0.18900000000007822,0.15699999999992542,"{('cu', 'start'): 678.962, ('cu', 'h2dmalloc'): 679.024, ('cu', 'h2d'): 679.043, ('cu', 'workest'): 679.103, ('cu', 'compute'): 679.289, ('cu', 'copy'): 679.35, ('cu', 'pack'): 679.372, ('cu', 'd2h'): 679.41, ('gust', 'start'): 679.525, ('gust', 'h2d'): 679.611, ('gust', 'count'): 679.634, ('gust', 'scan'): 679.675, ('gust', 'expand'): 679.702, ('gust', 'sort'): 679.837, ('gust', 'reduce'): 679.882, ('gust', 'final'): 679.941, ('gust', 'pack'): 679.963, ('gust', 'd2h'): 679.992, ('merge', 'start'): 680.103, ('merge', 'h2d'): 680.186, ('merge', 'count'): 680.209, ('merge', 'scan'): 680.248, ('merge', 'expand'): 680.283, ('merge', 'merge'): 680.351, ('merge', 'final'): 680.393, ('merge', 'compact'): 680.42, ('merge', 'pack'): 680.449, ('merge', 'd2h'): 680.471, ('mrg2', 'start'): 680.576, ('mrg2', 'h2d'): 680.655, ('mrg2', 'count'): 680.679, ('mrg2', 'scan'): 680.716, ('mrg2', 'merge'): 680.762, ('mrg2', 'final'): 680.799, ('mrg2', 'compact'): 680.824, ('mrg2', 'pack'): 680.844, ('mrg2', 'd2h'): 680.866, ('mrg3', 'start'): 680.971, ('mrg3', 'h2d'): 681.047, ('mrg3', 'count'): 681.084, ('mrg3', 'scan'): 681.143, ('mrg3', 'merge'): 681.183, ('mrg3', 'pack'): 681.204, ('mrg3', 'd2h'): 681.226}",0.0575080048292875,0.3103776008123532
Highly sparse,bcsstm12,1473,19659,0.9060578533079476,53615,53615,53615,53615,53615,0.0,,0.07399999999995543,0.2599999999999909,0.06600000000003092,0.13900000000001,0.39999999999997726,0.739,,,,,1.13,0.992,0.593,0.426,,0.42399999999997817,0.83299999999997,0.7590000000000146,0.3729999999999336,0.19799999999997908,"{('cu', 'start'): 683.255, ('cu', 'h2dmalloc'): 683.316, ('cu', 'h2d'): 683.351, ('cu', 'workest'): 683.425, ('cu', 'compute'): 683.685, ('cu', 'copy'): 683.751, ('cu', 'pack'): 683.775, ('cu', 'd2h'): 683.914, ('gust', 'start'): 684.008, ('gust', 'h2d'): 684.104, ('gust', 'count'): 684.132, ('gust', 'scan'): 684.174, ('gust', 'expand'): 684.282, ('gust', 'sort'): 684.547, ('gust', 'reduce'): 684.715, ('gust', 'final'): 684.902, ('gust', 'pack'): 684.937, ('gust', 'd2h'): 684.985, ('merge', 'start'): 685.144, ('merge', 'h2d'): 685.239, ('merge', 'count'): 685.269, ('merge', 'scan'): 685.308, ('merge', 'expand'): 685.449, ('merge', 'merge'): 685.72, ('merge', 'final'): 685.833, ('merge', 'compact'): 685.975, ('merge', 'pack'): 685.998, ('merge', 'd2h'): 686.047, ('mrg2', 'start'): 686.143, ('mrg2', 'h2d'): 686.229, ('mrg2', 'count'): 686.255, ('mrg2', 'scan'): 686.293, ('mrg2', 'merge'): 686.437, ('mrg2', 'final'): 686.48, ('mrg2', 'compact'): 686.577, ('mrg2', 'pack'): 686.602, ('mrg2', 'd2h'): 686.649, ('mrg3', 'start'): 686.744, ('mrg3', 'h2d'): 686.831, ('mrg3', 'count'): 686.884, ('mrg3', 'scan'): 686.941, ('mrg3', 'merge'): 687.006, ('mrg3', 'pack'): 687.029, ('mrg3', 'd2h'): 687.077}",0.2329139970242977,0.3324511998333037
Highly sparse,bcsstm03,112,112,0.8928571428571428,112,112,112,112,112,0.0,,0.07099999999991269,0.19000000000005457,0.07000000000005002,0.024999999999977263,0.3310000000000173,0.569,,,,,0.48,0.399,0.363,0.321,,0.3569999999999709,0.2680000000000291,0.20799999999997,0.17599999999993088,0.1349999999999909,"{('cu', 'start'): 686.168, ('cu', 'h2dmalloc'): 686.242, ('cu', 'h2d'): 686.258, ('cu', 'workest'): 686.329, ('cu', 'compute'): 686.519, ('cu', 'copy'): 686.589, ('cu', 'pack'): 686.615, ('cu', 'd2h'): 686.64, ('gust', 'start'): 686.748, ('gust', 'h2d'): 686.829, ('gust', 'count'): 686.852, ('gust', 'scan'): 686.896, ('gust', 'expand'): 686.92, ('gust', 'sort'): 686.969, ('gust', 'reduce'): 687.014, ('gust', 'final'): 687.073, ('gust', 'pack'): 687.097, ('gust', 'd2h'): 687.108, ('merge', 'start'): 687.234, ('merge', 'h2d'): 687.317, ('merge', 'count'): 687.343, ('merge', 'scan'): 687.387, ('merge', 'expand'): 687.411, ('merge', 'merge'): 687.432, ('merge', 'final'): 687.475, ('merge', 'compact'): 687.501, ('merge', 'pack'): 687.525, ('merge', 'd2h'): 687.537, ('mrg2', 'start'): 687.641, ('mrg2', 'h2d'): 687.72, ('mrg2', 'count'): 687.744, ('mrg2', 'scan'): 687.785, ('mrg2', 'merge'): 687.81, ('mrg2', 'final'): 687.847, ('mrg2', 'compact'): 687.873, ('mrg2', 'pack'): 687.896, ('mrg2', 'd2h'): 687.908, ('mrg3', 'start'): 688.01, ('mrg3', 'h2d'): 688.085, ('mrg3', 'count'): 688.108, ('mrg3', 'scan'): 688.166, ('mrg3', 'merge'): 688.19, ('mrg3', 'pack'): 688.22, ('mrg3', 'd2h'): 688.232}",0.0374051742255687,0.1543776006670668
Highly sparse,bcspwr05,443,1623,0.8270105834934192,4249,4249,4249,4249,4249,0.0,,0.06399999999996453,0.18299999999999272,0.059000000000082764,0.031000000000062755,0.30600000000004,0.535,,,,,0.541,0.443,0.368,0.324,,0.3289999999999509,0.34000000000003183,0.2440000000000282,0.18899999999996453,0.1309999999999718,"{('cu', 'start'): 667.265, ('cu', 'h2dmalloc'): 667.329, ('cu', 'h2d'): 667.351, ('cu', 'workest'): 667.415, ('cu', 'compute'): 667.598, ('cu', 'copy'): 667.657, ('cu', 'pack'): 667.68, ('cu', 'd2h'): 667.711, ('gust', 'start'): 667.81, ('gust', 'h2d'): 667.896, ('gust', 'count'): 667.923, ('gust', 'scan'): 667.962, ('gust', 'expand'): 667.987, ('gust', 'sort'): 668.106, ('gust', 'reduce'): 668.152, ('gust', 'final'): 668.212, ('gust', 'pack'): 668.236, ('gust', 'd2h'): 668.248, ('merge', 'start'): 668.358, ('merge', 'h2d'): 668.452, ('merge', 'count'): 668.478, ('merge', 'scan'): 668.515, ('merge', 'expand'): 668.552, ('merge', 'merge'): 668.607, ('merge', 'final'): 668.649, ('merge', 'compact'): 668.677, ('merge', 'pack'): 668.696, ('merge', 'd2h'): 668.711, ('mrg2', 'start'): 668.809, ('mrg2', 'h2d'): 668.884, ('mrg2', 'count'): 668.909, ('mrg2', 'scan'): 668.946, ('mrg2', 'merge'): 668.989, ('mrg2', 'final'): 669.027, ('mrg2', 'compact'): 669.053, ('mrg2', 'pack'): 669.073, ('mrg2', 'd2h'): 669.086, ('mrg3', 'start'): 669.183, ('mrg3', 'h2d'): 669.259, ('mrg3', 'count'): 669.289, ('mrg3', 'scan'): 669.34, ('mrg3', 'merge'): 669.373, ('mrg3', 'pack'): 669.39, ('mrg3', 'd2h'): 669.404}",0.0619099009782075,0.2064607996260747
Highly sparse,bcsstk26,1922,30336,0.8212049319939666,92530,92530,92530,92530,92530,0.0,,0.07299999999997908,0.30299999999999727,0.06700000000000728,0.1790000000000873,0.44299999999998363,0.96,,,,,1.414,1.405,0.775,0.501,,0.5289999999999964,1.1380000000000337,1.1380000000000337,0.5180000000000291,0.23900000000003274,"{('cu', 'start'): 690.185, ('cu', 'h2dmalloc'): 690.247, ('cu', 'h2d'): 690.28, ('cu', 'workest'): 690.353, ('cu', 'compute'): 690.656, ('cu', 'copy'): 690.723, ('cu', 'pack'): 690.809, ('cu', 'd2h'): 690.988, ('gust', 'start'): 691.156, ('gust', 'h2d'): 691.247, ('gust', 'count'): 691.274, ('gust', 'scan'): 691.324, ('gust', 'expand'): 691.479, ('gust', 'sort'): 691.774, ('gust', 'reduce'): 691.971, ('gust', 'final'): 692.349, ('gust', 'pack'): 692.385, ('gust', 'd2h'): 692.455, ('merge', 'start'): 692.579, ('merge', 'h2d'): 692.68, ('merge', 'count'): 692.709, ('merge', 'scan'): 692.75, ('merge', 'expand'): 692.964, ('merge', 'merge'): 693.429, ('merge', 'final'): 693.625, ('merge', 'compact'): 693.793, ('merge', 'pack'): 693.818, ('merge', 'd2h'): 693.887, ('mrg2', 'start'): 693.991, ('mrg2', 'h2d'): 694.084, ('mrg2', 'count'): 694.11, ('mrg2', 'scan'): 694.15, ('mrg2', 'merge'): 694.365, ('mrg2', 'final'): 694.408, ('mrg2', 'compact'): 694.579, ('mrg2', 'pack'): 694.602, ('mrg2', 'd2h'): 694.672, ('mrg3', 'start'): 694.774, ('mrg3', 'h2d'): 694.867, ('mrg3', 'count'): 694.939, ('mrg3', 'scan'): 694.993, ('mrg3', 'merge'): 695.084, ('mrg3', 'pack'): 695.106, ('mrg3', 'd2h'): 695.175}",0.5081109702587128,0.3481952006695792
Highly sparse,bcsstk33,8738,591904,0.775223972597465,2569536,2569536,2569536,2569536,2569536,0.0,,0.16899999999998272,2.3010000000000446,0.18200000000001637,1.5069999999999482,2.6520000000000437,4.61,,,,,10.413,21.902,4.733,5.379,,2.7250000000000227,8.050000000000068,20.26299999999992,3.04099999999994,3.923000000000002,"{('cu', 'start'): 845.895, ('cu', 'h2dmalloc'): 845.947, ('cu', 'h2d'): 846.139, ('cu', 'workest'): 846.308, ('cu', 'compute'): 848.609, ('cu', 'copy'): 848.791, ('cu', 'pack'): 848.864, ('cu', 'd2h'): 850.371, ('gust', 'start'): 850.513, ('gust', 'h2d'): 851.583, ('gust', 'count'): 851.67, ('gust', 'scan'): 851.711, ('gust', 'expand'): 852.385, ('gust', 'sort'): 857.968, ('gust', 'reduce'): 858.552, ('gust', 'final'): 859.557, ('gust', 'pack'): 859.633, ('gust', 'd2h'): 860.561, ('merge', 'start'): 860.932, ('merge', 'h2d'): 861.292, ('merge', 'count'): 861.393, ('merge', 'scan'): 861.439, ('merge', 'expand'): 863.737, ('merge', 'merge'): 880.803, ('merge', 'final'): 881.118, ('merge', 'compact'): 881.482, ('merge', 'pack'): 881.555, ('merge', 'd2h'): 882.471, ('mrg2', 'start'): 882.84, ('mrg2', 'h2d'): 883.258, ('mrg2', 'count'): 883.368, ('mrg2', 'scan'): 883.41, ('mrg2', 'merge'): 885.796, ('mrg2', 'final'): 885.835, ('mrg2', 'compact'): 886.211, ('mrg2', 'pack'): 886.299, ('mrg2', 'd2h'): 887.217, ('mrg3', 'start'): 887.58, ('mrg3', 'h2d'): 887.823, ('mrg3', 'count'): 889.337, ('mrg3', 'scan'): 889.393, ('mrg3', 'merge'): 891.675, ('mrg3', 'pack'): 891.746, ('mrg3', 'd2h'): 892.662}",32.81728201545775,1.5110463986871765
Highly sparse,bcsstm04,132,132,0.7575757575757576,132,132,132,132,132,0.0,,0.05999999999994543,0.16000000000008185,0.05899999999996908,0.02500000000009095,0.27899999999999636,0.497,,,,,0.465,0.38,0.357,0.301,,0.3009999999999309,0.26300000000003365,0.19200000000000728,0.16499999999996362,0.11700000000007549,"{('cu', 'start'): 678.569, ('cu', 'h2dmalloc'): 678.631, ('cu', 'h2d'): 678.648, ('cu', 'workest'): 678.708, ('cu', 'compute'): 678.868, ('cu', 'copy'): 678.927, ('cu', 'pack'): 678.949, ('cu', 'd2h'): 678.974, ('gust', 'start'): 679.075, ('gust', 'h2d'): 679.154, ('gust', 'count'): 679.18, ('gust', 'scan'): 679.219, ('gust', 'expand'): 679.25, ('gust', 'sort'): 679.297, ('gust', 'reduce'): 679.34, ('gust', 'final'): 679.397, ('gust', 'pack'): 679.417, ('gust', 'd2h'): 679.428, ('merge', 'start'): 679.546, ('merge', 'h2d'): 679.625, ('merge', 'count'): 679.648, ('merge', 'scan'): 679.687, ('merge', 'expand'): 679.708, ('merge', 'merge'): 679.731, ('merge', 'final'): 679.771, ('merge', 'compact'): 679.797, ('merge', 'pack'): 679.817, ('merge', 'd2h'): 679.828, ('mrg2', 'start'): 679.934, ('mrg2', 'h2d'): 680.009, ('mrg2', 'count'): 680.031, ('mrg2', 'scan'): 680.068, ('mrg2', 'merge'): 680.093, ('mrg2', 'final'): 680.13, ('mrg2', 'compact'): 680.154, ('mrg2', 'pack'): 680.174, ('mrg2', 'd2h'): 680.185, ('mrg3', 'start'): 680.296, ('mrg3', 'h2d'): 680.371, ('mrg3', 'count'): 680.393, ('mrg3', 'scan'): 680.446, ('mrg3', 'merge'): 680.47, ('mrg3', 'pack'): 680.488, ('mrg3', 'd2h'): 680.499}",0.0482748728245496,0.1553248006384819
Highly sparse,bcsstk15,3948,117816,0.7558750073139261,527688,527688,527688,527688,527688,0.0,,0.1209999999999809,0.7650000000001,0.18199999999990268,0.7190000000000509,1.0679999999999836,2.183,,,,,2.634,3.221,1.694,1.561,,1.15300000000002,1.7659999999999627,2.3670000000000755,0.8429999999999609,0.7029999999999745,"{('cu', 'start'): 718.268, ('cu', 'h2dmalloc'): 718.329, ('cu', 'h2d'): 718.434, ('cu', 'workest'): 718.555, ('cu', 'compute'): 719.32, ('cu', 'copy'): 719.502, ('cu', 'pack'): 719.587, ('cu', 'd2h'): 720.306, ('gust', 'start'): 720.459, ('gust', 'h2d'): 720.624, ('gust', 'count'): 720.654, ('gust', 'scan'): 720.698, ('gust', 'expand'): 720.875, ('gust', 'sort'): 721.59, ('gust', 'reduce'): 721.793, ('gust', 'final'): 722.291, ('gust', 'pack'): 722.39, ('gust', 'd2h'): 722.832, ('merge', 'start'): 723.102, ('merge', 'h2d'): 723.261, ('merge', 'count'): 723.294, ('merge', 'scan'): 723.336, ('merge', 'expand'): 723.715, ('merge', 'merge'): 725.068, ('merge', 'final'): 725.26, ('merge', 'compact'): 725.54, ('merge', 'pack'): 725.628, ('merge', 'd2h'): 726.057, ('mrg2', 'start'): 726.33, ('mrg2', 'h2d'): 726.491, ('mrg2', 'count'): 726.52, ('mrg2', 'scan'): 726.563, ('mrg2', 'merge'): 726.936, ('mrg2', 'final'): 726.978, ('mrg2', 'compact'): 727.231, ('mrg2', 'pack'): 727.334, ('mrg2', 'd2h'): 727.767, ('mrg3', 'start'): 728.032, ('mrg3', 'h2d'): 728.192, ('mrg3', 'count'): 728.38, ('mrg3', 'scan'): 728.439, ('mrg3', 'merge'): 728.812, ('mrg3', 'pack'): 728.895, ('mrg3', 'd2h'): 729.327}",3.4469510428607464,0.4000640004174783
Highly sparse,bcsstm22,138,138,0.7246376811594203,138,138,138,138,138,0.0,,0.08800000000007913,0.19799999999997908,0.08499999999992269,0.03999999999996362,0.3709999999999809,0.67,,,,,0.611,0.51,0.481,0.397,,0.40600000000006276,0.35400000000004184,0.2720000000000482,0.2380000000000564,0.16599999999993997,"{('cu', 'start'): 698.168, ('cu', 'h2dmalloc'): 698.253, ('cu', 'h2d'): 698.275, ('cu', 'workest'): 698.363, ('cu', 'compute'): 698.561, ('cu', 'copy'): 698.646, ('cu', 'pack'): 698.681, ('cu', 'd2h'): 698.721, ('gust', 'start'): 698.851, ('gust', 'h2d'): 698.953, ('gust', 'count'): 698.984, ('gust', 'scan'): 699.043, ('gust', 'expand'): 699.073, ('gust', 'sort'): 699.14, ('gust', 'reduce'): 699.198, ('gust', 'final'): 699.272, ('gust', 'pack'): 699.307, ('gust', 'd2h'): 699.322, ('merge', 'start'): 699.473, ('merge', 'h2d'): 699.573, ('merge', 'count'): 699.604, ('merge', 'scan'): 699.66, ('merge', 'expand'): 699.691, ('merge', 'merge'): 699.725, ('merge', 'final'): 699.78, ('merge', 'compact'): 699.813, ('merge', 'pack'): 699.845, ('merge', 'd2h'): 699.859, ('mrg2', 'start'): 699.993, ('mrg2', 'h2d'): 700.097, ('mrg2', 'count'): 700.129, ('mrg2', 'scan'): 700.185, ('mrg2', 'merge'): 700.218, ('mrg2', 'final'): 700.269, ('mrg2', 'compact'): 700.301, ('mrg2', 'pack'): 700.335, ('mrg2', 'd2h'): 700.348, ('mrg3', 'start'): 700.484, ('mrg3', 'h2d'): 700.581, ('mrg3', 'count'): 700.613, ('mrg3', 'scan'): 700.684, ('mrg3', 'merge'): 700.715, ('mrg3', 'pack'): 700.747, ('mrg3', 'd2h'): 700.76}",0.0497139990329742,0.1553248004522174
Highly sparse,bp_1600,822,4841,0.7164591732229859,23625,23625,23625,23625,23625,0.0,,0.09199999999998454,0.19600000000002638,0.07600000000002183,0.051000000000044565,0.36400000000003274,0.677,,,,,0.744,17.482,1.742,1.078,,0.39400000000000546,0.47099999999988995,17.226999999999975,1.4850000000000136,0.8229999999999791,"{('cu', 'start'): 738.695, ('cu', 'h2dmalloc'): 738.78, ('cu', 'h2d'): 738.808, ('cu', 'workest'): 738.9, ('cu', 'compute'): 739.096, ('cu', 'copy'): 739.172, ('cu', 'pack'): 739.202, ('cu', 'd2h'): 739.253, ('gust', 'start'): 739.385, ('gust', 'h2d'): 739.488, ('gust', 'count'): 739.531, ('gust', 'scan'): 739.583, ('gust', 'expand'): 739.646, ('gust', 'sort'): 739.791, ('gust', 'reduce'): 739.855, ('gust', 'final'): 739.927, ('gust', 'pack'): 739.959, ('gust', 'd2h'): 739.997, ('merge', 'start'): 740.14, ('merge', 'h2d'): 740.241, ('merge', 'count'): 740.284, ('merge', 'scan'): 740.338, ('merge', 'expand'): 740.596, ('merge', 'merge'): 757.352, ('merge', 'final'): 757.406, ('merge', 'compact'): 757.439, ('merge', 'pack'): 757.468, ('merge', 'd2h'): 757.496, ('mrg2', 'start'): 757.634, ('mrg2', 'h2d'): 757.736, ('mrg2', 'count'): 757.778, ('mrg2', 'scan'): 757.837, ('mrg2', 'merge'): 759.108, ('mrg2', 'final'): 759.157, ('mrg2', 'compact'): 759.19, ('mrg2', 'pack'): 759.221, ('mrg2', 'd2h'): 759.249, ('mrg3', 'start'): 759.387, ('mrg3', 'h2d'): 759.486, ('mrg3', 'count'): 759.818, ('mrg3', 'scan'): 759.891, ('mrg3', 'merge'): 760.28, ('mrg3', 'pack'): 760.309, ('mrg3', 'd2h'): 760.338}",0.0767370220273733,0.2511168007738888
Highly sparse,bp_1400,822,4790,0.7089112662132002,23154,23154,23154,23154,23154,0.0,,0.06299999999998818,0.18400000000008276,0.06799999999998363,0.04399999999998272,0.31500000000005457,0.561,,,,,0.605,17.735,1.621,0.984,,0.33600000000001273,0.38400000000001455,17.523000000000025,1.4009999999999536,0.7789999999999964,"{('cu', 'start'): 731.308, ('cu', 'h2dmalloc'): 731.373, ('cu', 'h2d'): 731.391, ('cu', 'workest'): 731.454, ('cu', 'compute'): 731.638, ('cu', 'copy'): 731.706, ('cu', 'pack'): 731.727, ('cu', 'd2h'): 731.771, ('gust', 'start'): 731.878, ('gust', 'h2d'): 731.963, ('gust', 'count'): 731.999, ('gust', 'scan'): 732.038, ('gust', 'expand'): 732.093, ('gust', 'sort'): 732.227, ('gust', 'reduce'): 732.27, ('gust', 'final'): 732.328, ('gust', 'pack'): 732.347, ('gust', 'd2h'): 732.379, ('merge', 'start'): 732.49, ('merge', 'h2d'): 732.573, ('merge', 'count'): 732.609, ('merge', 'scan'): 732.649, ('merge', 'expand'): 732.902, ('merge', 'merge'): 750.009, ('merge', 'final'): 750.053, ('merge', 'compact'): 750.077, ('merge', 'pack'): 750.096, ('merge', 'd2h'): 750.121, ('mrg2', 'start'): 750.231, ('mrg2', 'h2d'): 750.315, ('mrg2', 'count'): 750.35, ('mrg2', 'scan'): 750.388, ('mrg2', 'merge'): 751.628, ('mrg2', 'final'): 751.666, ('mrg2', 'compact'): 751.696, ('mrg2', 'pack'): 751.716, ('mrg2', 'd2h'): 751.74, ('mrg3', 'start'): 751.859, ('mrg3', 'h2d'): 751.94, ('mrg3', 'count'): 752.263, ('mrg3', 'scan'): 752.319, ('mrg3', 'merge'): 752.699, ('mrg3', 'pack'): 752.719, ('mrg3', 'd2h'): 752.744}",0.0865249894559383,0.2655680009163916
Highly sparse,bp_1200,822,4726,0.6994393829068026,22313,22313,22313,22313,22313,0.0,,0.059000000000082764,0.17999999999994998,0.05899999999996908,0.038000000000010914,0.2980000000000018,0.518,,,,,0.616,17.887,1.598,0.977,,0.3160000000000309,0.3929999999999154,17.692000000000007,1.4069999999999254,0.7930000000000064,"{('cu', 'start'): 740.347, ('cu', 'h2dmalloc'): 740.412, ('cu', 'h2d'): 740.43, ('cu', 'workest'): 740.489, ('cu', 'compute'): 740.669, ('cu', 'copy'): 740.728, ('cu', 'pack'): 740.746, ('cu', 'd2h'): 740.784, ('gust', 'start'): 740.878, ('gust', 'h2d'): 740.96, ('gust', 'count'): 740.993, ('gust', 'scan'): 741.038, ('gust', 'expand'): 741.094, ('gust', 'sort'): 741.227, ('gust', 'reduce'): 741.271, ('gust', 'final'): 741.334, ('gust', 'pack'): 741.353, ('gust', 'd2h'): 741.385, ('merge', 'start'): 741.497, ('merge', 'h2d'): 741.576, ('merge', 'count'): 741.613, ('merge', 'scan'): 741.65, ('merge', 'expand'): 741.903, ('merge', 'merge'): 759.186, ('merge', 'final'): 759.227, ('merge', 'compact'): 759.251, ('merge', 'pack'): 759.268, ('merge', 'd2h'): 759.292, ('mrg2', 'start'): 759.392, ('mrg2', 'h2d'): 759.469, ('mrg2', 'count'): 759.503, ('mrg2', 'scan'): 759.542, ('mrg2', 'merge'): 760.798, ('mrg2', 'final'): 760.835, ('mrg2', 'compact'): 760.858, ('mrg2', 'pack'): 760.876, ('mrg2', 'd2h'): 760.899, ('mrg3', 'start'): 760.996, ('mrg3', 'h2d'): 761.073, ('mrg3', 'count'): 761.409, ('mrg3', 'scan'): 761.464, ('mrg3', 'merge'): 761.844, ('mrg3', 'pack'): 761.866, ('mrg3', 'd2h'): 761.889}",0.0705299898982048,0.2449248011689633
Highly sparse,685_bus,685,3249,0.6924183494059353,9337,9337,9337,9337,9337,0.0,,0.06199999999989814,0.16700000000003,0.06200000000001182,0.03199999999992542,0.29099999999994,0.518,,,,,0.557,0.455,0.395,0.342,,0.3129999999999882,0.33799999999996544,0.26099999999996726,0.19299999999998363,0.15199999999992997,"{('cu', 'start'): 686.366, ('cu', 'h2dmalloc'): 686.428, ('cu', 'h2d'): 686.445, ('cu', 'workest'): 686.507, ('cu', 'compute'): 686.674, ('cu', 'copy'): 686.736, ('cu', 'pack'): 686.758, ('cu', 'd2h'): 686.79, ('gust', 'start'): 686.893, ('gust', 'h2d'): 686.984, ('gust', 'count'): 687.008, ('gust', 'scan'): 687.05, ('gust', 'expand'): 687.076, ('gust', 'sort'): 687.197, ('gust', 'reduce'): 687.242, ('gust', 'final'): 687.3, ('gust', 'pack'): 687.322, ('gust', 'd2h'): 687.338, ('merge', 'start'): 687.457, ('merge', 'h2d'): 687.538, ('merge', 'count'): 687.561, ('merge', 'scan'): 687.6, ('merge', 'expand'): 687.633, ('merge', 'merge'): 687.71, ('merge', 'final'): 687.752, ('merge', 'compact'): 687.779, ('merge', 'pack'): 687.799, ('merge', 'd2h'): 687.815, ('mrg2', 'start'): 687.918, ('mrg2', 'h2d'): 688.004, ('mrg2', 'count'): 688.027, ('mrg2', 'scan'): 688.065, ('mrg2', 'merge'): 688.112, ('mrg2', 'final'): 688.15, ('mrg2', 'compact'): 688.177, ('mrg2', 'pack'): 688.197, ('mrg2', 'd2h'): 688.213, ('mrg3', 'start'): 688.322, ('mrg3', 'h2d'): 688.398, ('mrg3', 'count'): 688.434, ('mrg3', 'scan'): 688.487, ('mrg3', 'merge'): 688.529, ('mrg3', 'pack'): 688.55, ('mrg3', 'd2h'): 688.566}",0.0866700429469347,0.20404800074175
Highly sparse,bp_1000,822,4661,0.6898195014237425,21373,21373,21373,21373,21373,0.0,,0.06799999999998363,0.18600000000003547,0.06099999999992178,0.03899999999998727,0.3149999999999409,0.55,,,,,0.608,17.606,1.62,0.99,,0.33399999999994634,0.38599999999996726,17.38600000000008,1.3940000000000055,0.7839999999999918,"{('cu', 'start'): 748.364, ('cu', 'h2dmalloc'): 748.428, ('cu', 'h2d'): 748.446, ('cu', 'workest'): 748.514, ('cu', 'compute'): 748.7, ('cu', 'copy'): 748.761, ('cu', 'pack'): 748.78, ('cu', 'd2h'): 748.819, ('gust', 'start'): 748.923, ('gust', 'h2d'): 749.008, ('gust', 'count'): 749.044, ('gust', 'scan'): 749.083, ('gust', 'expand'): 749.139, ('gust', 'sort'): 749.272, ('gust', 'reduce'): 749.316, ('gust', 'final'): 749.375, ('gust', 'pack'): 749.394, ('gust', 'd2h'): 749.425, ('merge', 'start'): 749.536, ('merge', 'h2d'): 749.622, ('merge', 'count'): 749.659, ('merge', 'scan'): 749.7, ('merge', 'expand'): 749.946, ('merge', 'merge'): 766.919, ('merge', 'final'): 766.965, ('merge', 'compact'): 766.989, ('merge', 'pack'): 767.008, ('merge', 'd2h'): 767.031, ('mrg2', 'start'): 767.149, ('mrg2', 'h2d'): 767.235, ('mrg2', 'count'): 767.27, ('mrg2', 'scan'): 767.31, ('mrg2', 'merge'): 768.544, ('mrg2', 'final'): 768.584, ('mrg2', 'compact'): 768.608, ('mrg2', 'pack'): 768.629, ('mrg2', 'd2h'): 768.653, ('mrg3', 'start'): 768.776, ('mrg3', 'h2d'): 768.86, ('mrg3', 'count'): 769.187, ('mrg3', 'scan'): 769.241, ('mrg3', 'merge'): 769.623, ('mrg3', 'pack'): 769.644, ('mrg3', 'd2h'): 769.668}",0.0828828196972608,0.2573247991967946
Highly sparse,494_bus,494,1666,0.6826861610582045,4062,4062,4062,4062,4062,0.0,,0.06299999999998818,0.16300000000001091,0.05600000000004002,0.03199999999992542,0.2820000000000391,0.507,,,,,0.536,0.417,0.375,0.312,,0.30600000000004,0.3380000000000791,0.23200000000008458,0.18599999999992178,0.13399999999990087,"{('cu', 'start'): 671.607, ('cu', 'h2dmalloc'): 671.671, ('cu', 'h2d'): 671.692, ('cu', 'workest'): 671.755, ('cu', 'compute'): 671.918, ('cu', 'copy'): 671.974, ('cu', 'pack'): 671.998, ('cu', 'd2h'): 672.03, ('gust', 'start'): 672.123, ('gust', 'h2d'): 672.203, ('gust', 'count'): 672.228, ('gust', 'scan'): 672.267, ('gust', 'expand'): 672.292, ('gust', 'sort'): 672.411, ('gust', 'reduce'): 672.458, ('gust', 'final'): 672.519, ('gust', 'pack'): 672.541, ('gust', 'd2h'): 672.554, ('merge', 'start'): 672.668, ('merge', 'h2d'): 672.752, ('merge', 'count'): 672.778, ('merge', 'scan'): 672.815, ('merge', 'expand'): 672.846, ('merge', 'merge'): 672.895, ('merge', 'final'): 672.937, ('merge', 'compact'): 672.964, ('merge', 'pack'): 672.984, ('merge', 'd2h'): 672.997, ('mrg2', 'start'): 673.092, ('mrg2', 'h2d'): 673.171, ('mrg2', 'count'): 673.196, ('mrg2', 'scan'): 673.232, ('mrg2', 'merge'): 673.276, ('mrg2', 'final'): 673.311, ('mrg2', 'compact'): 673.338, ('mrg2', 'pack'): 673.357, ('mrg2', 'd2h'): 673.379, ('mrg3', 'start'): 673.475, ('mrg3', 'h2d'): 673.551, ('mrg3', 'count'): 673.582, ('mrg3', 'scan'): 673.634, ('mrg3', 'merge'): 673.668, ('mrg3', 'pack'): 673.685, ('mrg3', 'd2h'): 673.699}",0.0658698845654726,0.2024095999775454
Highly sparse,bp_800,822,4534,0.6710237329876096,20224,20224,20224,20224,20224,0.0,,0.053999999999973625,0.22000000000002728,0.05899999999996908,0.03700000000003456,0.33299999999997,0.567,,,,,0.579,17.017,1.563,0.977,,0.3509999999999991,0.375,16.805000000000064,1.3659999999999854,0.7859999999999445,"{('cu', 'start'): 736.06, ('cu', 'h2dmalloc'): 736.122, ('cu', 'h2d'): 736.14, ('cu', 'workest'): 736.194, ('cu', 'compute'): 736.414, ('cu', 'copy'): 736.473, ('cu', 'pack'): 736.491, ('cu', 'd2h'): 736.528, ('gust', 'start'): 736.636, ('gust', 'h2d'): 736.721, ('gust', 'count'): 736.754, ('gust', 'scan'): 736.794, ('gust', 'expand'): 736.85, ('gust', 'sort'): 736.981, ('gust', 'reduce'): 737.024, ('gust', 'final'): 737.078, ('gust', 'pack'): 737.096, ('gust', 'd2h'): 737.126, ('merge', 'start'): 737.224, ('merge', 'h2d'): 737.304, ('merge', 'count'): 737.359, ('merge', 'scan'): 737.399, ('merge', 'expand'): 737.638, ('merge', 'merge'): 754.025, ('merge', 'final'): 754.068, ('merge', 'compact'): 754.092, ('merge', 'pack'): 754.109, ('merge', 'd2h'): 754.132, ('mrg2', 'start'): 754.248, ('mrg2', 'h2d'): 754.333, ('mrg2', 'count'): 754.374, ('mrg2', 'scan'): 754.412, ('mrg2', 'merge'): 755.621, ('mrg2', 'final'): 755.659, ('mrg2', 'compact'): 755.681, ('mrg2', 'pack'): 755.699, ('mrg2', 'd2h'): 755.721, ('mrg3', 'start'): 755.819, ('mrg3', 'h2d'): 755.899, ('mrg3', 'count'): 756.228, ('mrg3', 'scan'): 756.28, ('mrg3', 'merge'): 756.664, ('mrg3', 'pack'): 756.685, ('mrg3', 'd2h'): 756.708}",0.0919150188565254,0.2604224014794454
Highly sparse,bcsstm05,153,153,0.6535947712418301,153,153,153,153,153,0.0,,0.06100000000003547,0.16099999999994452,0.06000000000005912,0.02500000000009095,0.2820000000000391,0.501,,,,,0.47,0.379,0.349,0.315,,0.3039999999999736,0.2659999999999627,0.19200000000000728,0.16599999999993997,0.1209999999999809,"{('cu', 'start'): 692.777, ('cu', 'h2dmalloc'): 692.842, ('cu', 'h2d'): 692.857, ('cu', 'workest'): 692.918, ('cu', 'compute'): 693.079, ('cu', 'copy'): 693.139, ('cu', 'pack'): 693.161, ('cu', 'd2h'): 693.186, ('gust', 'start'): 693.289, ('gust', 'h2d'): 693.368, ('gust', 'count'): 693.39, ('gust', 'scan'): 693.431, ('gust', 'expand'): 693.454, ('gust', 'sort'): 693.502, ('gust', 'reduce'): 693.544, ('gust', 'final'): 693.612, ('gust', 'pack'): 693.634, ('gust', 'd2h'): 693.645, ('merge', 'start'): 693.765, ('merge', 'h2d'): 693.842, ('merge', 'count'): 693.865, ('merge', 'scan'): 693.903, ('merge', 'expand'): 693.926, ('merge', 'merge'): 693.948, ('merge', 'final'): 693.989, ('merge', 'compact'): 694.015, ('merge', 'pack'): 694.034, ('merge', 'd2h'): 694.045, ('mrg2', 'start'): 694.151, ('mrg2', 'h2d'): 694.225, ('mrg2', 'count'): 694.247, ('mrg2', 'scan'): 694.285, ('mrg2', 'merge'): 694.31, ('mrg2', 'final'): 694.345, ('mrg2', 'compact'): 694.371, ('mrg2', 'pack'): 694.391, ('mrg2', 'd2h'): 694.402, ('mrg3', 'start'): 694.505, ('mrg3', 'h2d'): 694.589, ('mrg3', 'count'): 694.614, ('mrg3', 'scan'): 694.668, ('mrg3', 'merge'): 694.692, ('mrg3', 'pack'): 694.71, ('mrg3', 'd2h'): 694.721}",0.0309250317513942,0.1563232004642487
Highly sparse,bp_600,822,4172,0.6174483930357978,16464,16464,16464,16464,16464,0.0,,0.05600000000004002,0.18399999999996908,0.05600000000004002,0.033999999999991815,0.2960000000000491,0.511,,,,,0.568,16.507,1.535,0.958,,0.3140000000000782,0.3690000000000282,16.311000000000035,1.344000000000051,0.7770000000000437,"{('cu', 'start'): 729.085, ('cu', 'h2dmalloc'): 729.148, ('cu', 'h2d'): 729.165, ('cu', 'workest'): 729.221, ('cu', 'compute'): 729.405, ('cu', 'copy'): 729.461, ('cu', 'pack'): 729.479, ('cu', 'd2h'): 729.513, ('gust', 'start'): 729.612, ('gust', 'h2d'): 729.693, ('gust', 'count'): 729.729, ('gust', 'scan'): 729.767, ('gust', 'expand'): 729.817, ('gust', 'sort'): 729.94, ('gust', 'reduce'): 729.989, ('gust', 'final'): 730.043, ('gust', 'pack'): 730.062, ('gust', 'd2h'): 730.088, ('merge', 'start'): 730.187, ('merge', 'h2d'): 730.264, ('merge', 'count'): 730.298, ('merge', 'scan'): 730.338, ('merge', 'expand'): 730.56, ('merge', 'merge'): 746.488, ('merge', 'final'): 746.534, ('merge', 'compact'): 746.558, ('merge', 'pack'): 746.575, ('merge', 'd2h'): 746.595, ('mrg2', 'start'): 746.709, ('mrg2', 'h2d'): 746.79, ('mrg2', 'count'): 746.823, ('mrg2', 'scan'): 746.859, ('mrg2', 'merge'): 748.056, ('mrg2', 'final'): 748.094, ('mrg2', 'compact'): 748.117, ('mrg2', 'pack'): 748.134, ('mrg2', 'd2h'): 748.154, ('mrg3', 'start'): 748.257, ('mrg3', 'h2d'): 748.333, ('mrg3', 'count'): 748.659, ('mrg3', 'scan'): 748.711, ('mrg3', 'merge'): 749.09, ('mrg3', 'pack'): 749.11, ('mrg3', 'd2h'): 749.13}",0.0918600708246231,0.2398079996695742
Highly sparse,bp_400,822,4028,0.596136655596403,15238,15238,15238,15238,15238,0.0,,0.05700000000001637,0.20000000000004547,0.05899999999996908,0.03499999999996817,0.3160000000000309,0.537,,,,,0.569,15.401,1.478,0.958,,0.33400000000006,0.3689999999999145,15.192000000000007,1.280999999999949,0.7800000000000864,"{('cu', 'start'): 719.237, ('cu', 'h2dmalloc'): 719.299, ('cu', 'h2d'): 719.318, ('cu', 'workest'): 719.375, ('cu', 'compute'): 719.575, ('cu', 'copy'): 719.634, ('cu', 'pack'): 719.652, ('cu', 'd2h'): 719.687, ('gust', 'start'): 719.784, ('gust', 'h2d'): 719.864, ('gust', 'count'): 719.901, ('gust', 'scan'): 719.939, ('gust', 'expand'): 719.988, ('gust', 'sort'): 720.114, ('gust', 'reduce'): 720.159, ('gust', 'final'): 720.214, ('gust', 'pack'): 720.233, ('gust', 'd2h'): 720.261, ('merge', 'start'): 720.361, ('merge', 'h2d'): 720.455, ('merge', 'count'): 720.491, ('merge', 'scan'): 720.529, ('merge', 'expand'): 720.748, ('merge', 'merge'): 735.561, ('merge', 'final'): 735.605, ('merge', 'compact'): 735.629, ('merge', 'pack'): 735.647, ('merge', 'd2h'): 735.667, ('mrg2', 'start'): 735.776, ('mrg2', 'h2d'): 735.859, ('mrg2', 'count'): 735.893, ('mrg2', 'scan'): 735.934, ('mrg2', 'merge'): 737.061, ('mrg2', 'final'): 737.099, ('mrg2', 'compact'): 737.121, ('mrg2', 'pack'): 737.14, ('mrg2', 'd2h'): 737.159, ('mrg3', 'start'): 737.258, ('mrg3', 'h2d'): 737.333, ('mrg3', 'count'): 737.66, ('mrg3', 'scan'): 737.715, ('mrg3', 'merge'): 738.092, ('mrg3', 'pack'): 738.113, ('mrg3', 'd2h'): 738.133}",0.0724690034985542,0.2389312001643702
Highly sparse,662_bus,662,2474,0.5645256980129791,6480,6480,6480,6480,6480,0.0,,0.06299999999998818,0.16600000000005366,0.05999999999994543,0.04399999999998272,0.28899999999998727,0.525,,,,,0.542,0.438,0.366,0.316,,0.3120000000000118,0.3390000000000555,0.2519999999999527,0.18199999999990268,0.1409999999999627,"{('cu', 'start'): 635.787, ('cu', 'h2dmalloc'): 635.847, ('cu', 'h2d'): 635.871, ('cu', 'workest'): 635.934, ('cu', 'compute'): 636.1, ('cu', 'copy'): 636.16, ('cu', 'pack'): 636.183, ('cu', 'd2h'): 636.227, ('gust', 'start'): 636.324, ('gust', 'h2d'): 636.411, ('gust', 'count'): 636.437, ('gust', 'scan'): 636.476, ('gust', 'expand'): 636.502, ('gust', 'sort'): 636.622, ('gust', 'reduce'): 636.667, ('gust', 'final'): 636.728, ('gust', 'pack'): 636.75, ('gust', 'd2h'): 636.764, ('merge', 'start'): 636.872, ('merge', 'h2d'): 636.957, ('merge', 'count'): 636.984, ('merge', 'scan'): 637.021, ('merge', 'expand'): 637.056, ('merge', 'merge'): 637.109, ('merge', 'final'): 637.152, ('merge', 'compact'): 637.179, ('merge', 'pack'): 637.209, ('merge', 'd2h'): 637.224, ('mrg2', 'start'): 637.317, ('mrg2', 'h2d'): 637.397, ('mrg2', 'count'): 637.422, ('mrg2', 'scan'): 637.458, ('mrg2', 'merge'): 637.5, ('mrg2', 'final'): 637.535, ('mrg2', 'compact'): 637.561, ('mrg2', 'pack'): 637.579, ('mrg2', 'd2h'): 637.594, ('mrg3', 'start'): 637.691, ('mrg3', 'h2d'): 637.765, ('mrg3', 'count'): 637.799, ('mrg3', 'scan'): 637.848, ('mrg3', 'merge'): 637.884, ('mrg3', 'pack'): 637.906, ('mrg3', 'd2h'): 637.922}",0.0783491414040327,0.2022527988068759
Highly sparse,bp_200,822,3802,0.5626890676706863,13197,13197,13197,13197,13197,0.0,,0.059000000000082764,0.18299999999999272,0.05999999999994543,0.03300000000001546,0.3020000000000209,0.517,,,,,0.575,14.024,1.326,0.887,,0.3210000000000264,0.37399999999990996,13.831999999999994,1.1280000000000427,0.7049999999999272,"{('cu', 'start'): 726.722, ('cu', 'h2dmalloc'): 726.785, ('cu', 'h2d'): 726.804, ('cu', 'workest'): 726.863, ('cu', 'compute'): 727.046, ('cu', 'copy'): 727.106, ('cu', 'pack'): 727.125, ('cu', 'd2h'): 727.158, ('gust', 'start'): 727.251, ('gust', 'h2d'): 727.33, ('gust', 'count'): 727.364, ('gust', 'scan'): 727.408, ('gust', 'expand'): 727.457, ('gust', 'sort'): 727.585, ('gust', 'reduce'): 727.629, ('gust', 'final'): 727.685, ('gust', 'pack'): 727.704, ('gust', 'd2h'): 727.731, ('merge', 'start'): 727.835, ('merge', 'h2d'): 727.915, ('merge', 'count'): 727.952, ('merge', 'scan'): 727.99, ('merge', 'expand'): 728.189, ('merge', 'merge'): 741.663, ('merge', 'final'): 741.706, ('merge', 'compact'): 741.73, ('merge', 'pack'): 741.747, ('merge', 'd2h'): 741.765, ('mrg2', 'start'): 741.872, ('mrg2', 'h2d'): 741.954, ('mrg2', 'count'): 741.987, ('mrg2', 'scan'): 742.026, ('mrg2', 'merge'): 743.003, ('mrg2', 'final'): 743.041, ('mrg2', 'compact'): 743.064, ('mrg2', 'pack'): 743.082, ('mrg2', 'd2h'): 743.1, ('mrg3', 'start'): 743.2, ('mrg3', 'h2d'): 743.278, ('mrg3', 'count'): 743.566, ('mrg3', 'scan'): 743.619, ('mrg3', 'merge'): 743.961, ('mrg3', 'pack'): 743.983, ('mrg3', 'd2h'): 744.001}",0.0915199052542448,0.2408031998435035
Highly sparse,bcsstm13,2003,21943,0.5469329704893483,90811,90811,90811,90811,90811,0.0,,0.07200000000000273,0.3709999999999809,0.07100000000002638,0.17600000000004457,0.51400000000001,0.899,,,,,1.487,3.059,0.99,0.704,,0.5389999999999873,1.2210000000000036,2.7999999999999545,0.7380000000000564,0.4399999999999409,"{('cu', 'start'): 737.578, ('cu', 'h2dmalloc'): 737.644, ('cu', 'h2d'): 737.673, ('cu', 'workest'): 737.745, ('cu', 'compute'): 738.116, ('cu', 'copy'): 738.187, ('cu', 'pack'): 738.212, ('cu', 'd2h'): 738.388, ('gust', 'start'): 738.487, ('gust', 'h2d'): 738.58, ('gust', 'count'): 738.61, ('gust', 'scan'): 738.656, ('gust', 'expand'): 738.825, ('gust', 'sort'): 739.19, ('gust', 'reduce'): 739.384, ('gust', 'final'): 739.762, ('gust', 'pack'): 739.801, ('gust', 'd2h'): 739.87, ('merge', 'start'): 739.983, ('merge', 'h2d'): 740.077, ('merge', 'count'): 740.107, ('merge', 'scan'): 740.154, ('merge', 'expand'): 740.588, ('merge', 'merge'): 742.472, ('merge', 'final'): 742.674, ('merge', 'compact'): 742.85, ('merge', 'pack'): 742.877, ('merge', 'd2h'): 742.946, ('mrg2', 'start'): 743.051, ('mrg2', 'h2d'): 743.141, ('mrg2', 'count'): 743.17, ('mrg2', 'scan'): 743.221, ('mrg2', 'merge'): 743.631, ('mrg2', 'final'): 743.675, ('mrg2', 'compact'): 743.851, ('mrg2', 'pack'): 743.879, ('mrg2', 'd2h'): 743.947, ('mrg3', 'start'): 744.047, ('mrg3', 'h2d'): 744.133, ('mrg3', 'count'): 744.28, ('mrg3', 'scan'): 744.341, ('mrg3', 'merge'): 744.542, ('mrg3', 'pack'): 744.573, ('mrg3', 'd2h'): 744.642}",0.5536598619073629,0.4183423985261471
Highly sparse,bp_0,822,3276,0.4848420267462305,9384,9384,9384,9384,9384,0.0,,0.05600000000004002,0.18999999999994088,0.057999999999992724,0.029999999999972715,0.3039999999999736,0.509,,,,,0.568,11.303,1.164,0.858,,0.32200000000000273,0.37000000000000455,11.125,0.988999999999919,0.6870000000000118,"{('cu', 'start'): 703.081, ('cu', 'h2dmalloc'): 703.141, ('cu', 'h2d'): 703.159, ('cu', 'workest'): 703.215, ('cu', 'compute'): 703.405, ('cu', 'copy'): 703.463, ('cu', 'pack'): 703.481, ('cu', 'd2h'): 703.511, ('gust', 'start'): 703.602, ('gust', 'h2d'): 703.677, ('gust', 'count'): 703.713, ('gust', 'scan'): 703.75, ('gust', 'expand'): 703.797, ('gust', 'sort'): 703.919, ('gust', 'reduce'): 703.964, ('gust', 'final'): 704.026, ('gust', 'pack'): 704.047, ('gust', 'd2h'): 704.065, ('merge', 'start'): 704.176, ('merge', 'h2d'): 704.252, ('merge', 'count'): 704.286, ('merge', 'scan'): 704.33, ('merge', 'expand'): 704.492, ('merge', 'merge'): 715.294, ('merge', 'final'): 715.336, ('merge', 'compact'): 715.359, ('merge', 'pack'): 715.377, ('merge', 'd2h'): 715.393, ('mrg2', 'start'): 715.487, ('mrg2', 'h2d'): 715.561, ('mrg2', 'count'): 715.596, ('mrg2', 'scan'): 715.631, ('mrg2', 'merge'): 716.474, ('mrg2', 'final'): 716.511, ('mrg2', 'compact'): 716.533, ('mrg2', 'pack'): 716.55, ('mrg2', 'd2h'): 716.566, ('mrg3', 'start'): 716.661, ('mrg3', 'h2d'): 716.734, ('mrg3', 'count'): 717.017, ('mrg3', 'scan'): 717.071, ('mrg3', 'merge'): 717.4, ('mrg3', 'pack'): 717.421, ('mrg3', 'd2h'): 717.438}",0.0745928846299648,0.2320575990015641
Highly sparse,bcsstk23,3134,45178,0.45996948062076437,220632,220632,220632,220632,220632,0.0,,0.08600000000001273,0.3629999999999427,0.13999999999998636,0.34600000000000364,0.5889999999999418,1.307,,,,,1.842,2.046,1.386,1.06,,0.6959999999999127,1.3150000000000546,1.5019999999999527,0.8360000000000127,0.5060000000000855,"{('cu', 'start'): 737.079, ('cu', 'h2dmalloc'): 737.139, ('cu', 'h2d'): 737.181, ('cu', 'workest'): 737.267, ('cu', 'compute'): 737.63, ('cu', 'copy'): 737.77, ('cu', 'pack'): 737.877, ('cu', 'd2h'): 738.223, ('gust', 'start'): 738.397, ('gust', 'h2d'): 738.501, ('gust', 'count'): 738.532, ('gust', 'scan'): 738.581, ('gust', 'expand'): 738.736, ('gust', 'sort'): 739.082, ('gust', 'reduce'): 739.281, ('gust', 'final'): 739.713, ('gust', 'pack'): 739.816, ('gust', 'd2h'): 739.98, ('merge', 'start'): 740.247, ('merge', 'h2d'): 740.35, ('merge', 'count'): 740.382, ('merge', 'scan'): 740.431, ('merge', 'expand'): 740.645, ('merge', 'merge'): 741.295, ('merge', 'final'): 741.501, ('merge', 'compact'): 741.734, ('merge', 'pack'): 741.852, ('merge', 'd2h'): 742.021, ('mrg2', 'start'): 742.305, ('mrg2', 'h2d'): 742.431, ('mrg2', 'count'): 742.475, ('mrg2', 'scan'): 742.537, ('mrg2', 'merge'): 742.821, ('mrg2', 'final'): 742.88, ('mrg2', 'compact'): 743.147, ('mrg2', 'pack'): 743.267, ('mrg2', 'd2h'): 743.433, ('mrg3', 'start'): 743.702, ('mrg3', 'h2d'): 743.824, ('mrg3', 'count'): 743.929, ('mrg3', 'scan'): 744.008, ('mrg3', 'merge'): 744.224, ('mrg3', 'pack'): 744.33, ('mrg3', 'd2h'): 744.496}",1.8119048327207563,0.3355264001293108
Highly sparse,bcsstk17,10974,428650,0.35593682023042417,1406936,1406936,1406936,1406936,1406936,0.0,,0.16300000000001091,1.8039999999999736,0.1690000000000964,0.9149999999999636,2.136000000000081,3.456,,,,,5.369,10.699,2.413,2.637,,2.2060000000000173,4.13799999999992,9.591000000000008,1.4150000000000773,1.65300000000002,"{('cu', 'start'): 832.072, ('cu', 'h2dmalloc'): 832.143, ('cu', 'h2d'): 832.285, ('cu', 'workest'): 832.448, ('cu', 'compute'): 834.252, ('cu', 'copy'): 834.421, ('cu', 'pack'): 834.491, ('cu', 'd2h'): 835.406, ('gust', 'start'): 835.535, ('gust', 'h2d'): 835.94, ('gust', 'count'): 836.025, ('gust', 'scan'): 836.068, ('gust', 'expand'): 836.39, ('gust', 'sort'): 839.043, ('gust', 'reduce'): 839.408, ('gust', 'final'): 840.003, ('gust', 'pack'): 840.078, ('gust', 'd2h'): 840.564, ('merge', 'start'): 840.909, ('merge', 'h2d'): 841.197, ('merge', 'count'): 841.305, ('merge', 'scan'): 841.346, ('merge', 'expand'): 842.563, ('merge', 'merge'): 850.223, ('merge', 'final'): 850.438, ('merge', 'compact'): 850.718, ('merge', 'pack'): 850.788, ('merge', 'd2h'): 851.274, ('mrg2', 'start'): 851.614, ('mrg2', 'h2d'): 851.823, ('mrg2', 'count'): 851.904, ('mrg2', 'scan'): 851.945, ('mrg2', 'merge'): 852.856, ('mrg2', 'final'): 852.893, ('mrg2', 'compact'): 853.162, ('mrg2', 'pack'): 853.238, ('mrg2', 'd2h'): 853.724, ('mrg3', 'start'): 854.033, ('mrg3', 'h2d'): 854.241, ('mrg3', 'count'): 854.862, ('mrg3', 'scan'): 854.913, ('mrg3', 'merge'): 855.826, ('mrg3', 'pack'): 855.894, ('mrg3', 'd2h'): 856.382}",63.72947292402387,0.7595552001148462
Highly sparse,blckhole,2132,14872,0.3271861986912552,41546,41546,41546,41546,41546,0.0,,0.06499999999994088,0.2380000000000564,0.06399999999996453,0.12800000000004275,0.3669999999999618,0.692,,,,,0.835,0.717,0.442,0.423,,0.3909999999999627,0.5629999999999882,0.5,0.22500000000002274,0.20699999999999363,"{('cu', 'start'): 681.74, ('cu', 'h2dmalloc'): 681.803, ('cu', 'h2d'): 681.831, ('cu', 'workest'): 681.896, ('cu', 'compute'): 682.134, ('cu', 'copy'): 682.198, ('cu', 'pack'): 682.222, ('cu', 'd2h'): 682.35, ('gust', 'start'): 682.441, ('gust', 'h2d'): 682.525, ('gust', 'count'): 682.551, ('gust', 'scan'): 682.59, ('gust', 'expand'): 682.623, ('gust', 'sort'): 682.879, ('gust', 'reduce'): 682.991, ('gust', 'final'): 683.056, ('gust', 'pack'): 683.088, ('gust', 'd2h'): 683.127, ('merge', 'start'): 683.284, ('merge', 'h2d'): 683.368, ('merge', 'count'): 683.398, ('merge', 'scan'): 683.436, ('merge', 'expand'): 683.481, ('merge', 'merge'): 683.7, ('merge', 'final'): 683.754, ('merge', 'compact'): 683.843, ('merge', 'pack'): 683.868, ('merge', 'd2h'): 683.907, ('mrg2', 'start'): 684.01, ('mrg2', 'h2d'): 684.093, ('mrg2', 'count'): 684.119, ('mrg2', 'scan'): 684.158, ('mrg2', 'merge'): 684.23, ('mrg2', 'final'): 684.267, ('mrg2', 'compact'): 684.296, ('mrg2', 'pack'): 684.318, ('mrg2', 'd2h'): 684.358, ('mrg3', 'start'): 684.46, ('mrg3', 'h2d'): 684.543, ('mrg3', 'count'): 684.599, ('mrg3', 'scan'): 684.654, ('mrg3', 'merge'): 684.727, ('mrg3', 'pack'): 684.75, ('mrg3', 'd2h'): 684.79}",0.5955719389021397,0.2247999993152916
Highly sparse,bcsstk29,13992,619488,0.31642683346621986,1965686,1965686,1965686,1965686,1965686,0.0,,0.1999999999999318,2.4460000000000264,0.21199999999998909,1.0879999999999654,2.8579999999999472,4.466,,,,,7.548,11.368,3.179,3.203,,2.9589999999999463,6.267000000000053,9.428999999999974,1.754000000000019,2.048999999999978,"{('cu', 'start'): 840.053, ('cu', 'h2dmalloc'): 840.123, ('cu', 'h2d'): 840.325, ('cu', 'workest'): 840.525, ('cu', 'compute'): 842.971, ('cu', 'copy'): 843.183, ('cu', 'pack'): 843.284, ('cu', 'd2h'): 844.372, ('gust', 'start'): 844.53, ('gust', 'h2d'): 844.875, ('gust', 'count'): 844.968, ('gust', 'scan'): 845.022, ('gust', 'expand'): 845.542, ('gust', 'sort'): 849.751, ('gust', 'reduce'): 850.254, ('gust', 'final'): 851.028, ('gust', 'pack'): 851.142, ('gust', 'd2h'): 851.722, ('merge', 'start'): 852.089, ('merge', 'h2d'): 853.078, ('merge', 'count'): 853.231, ('merge', 'scan'): 853.283, ('merge', 'expand'): 854.857, ('merge', 'merge'): 861.76, ('merge', 'final'): 862.048, ('merge', 'compact'): 862.394, ('merge', 'pack'): 862.507, ('merge', 'd2h'): 863.088, ('mrg2', 'start'): 863.469, ('mrg2', 'h2d'): 863.963, ('mrg2', 'count'): 864.081, ('mrg2', 'scan'): 864.134, ('mrg2', 'merge'): 865.214, ('mrg2', 'final'): 865.265, ('mrg2', 'compact'): 865.606, ('mrg2', 'pack'): 865.717, ('mrg2', 'd2h'): 866.299, ('mrg3', 'start'): 866.657, ('mrg3', 'h2d'): 866.921, ('mrg3', 'count'): 867.677, ('mrg3', 'scan'): 867.744, ('mrg3', 'merge'): 868.865, ('mrg3', 'pack'): 868.97, ('mrg3', 'd2h'): 869.552}",137.12710910476744,0.98058879931923
Highly sparse,1138_bus,1138,4054,0.31303955695713814,11142,11142,11142,11142,11142,0.0,,0.06899999999995998,0.17600000000004457,0.06299999999998818,0.033999999999991815,0.3079999999999927,0.542,,,,,0.563,0.489,0.399,0.356,,0.33199999999999363,0.3490000000000464,0.29899999999997817,0.20800000000008367,0.15999999999996817,"{('cu', 'start'): 783.09, ('cu', 'h2dmalloc'): 783.153, ('cu', 'h2d'): 783.172, ('cu', 'workest'): 783.241, ('cu', 'compute'): 783.417, ('cu', 'copy'): 783.48, ('cu', 'pack'): 783.504, ('cu', 'd2h'): 783.538, ('gust', 'start'): 783.641, ('gust', 'h2d'): 783.726, ('gust', 'count'): 783.755, ('gust', 'scan'): 783.795, ('gust', 'expand'): 783.824, ('gust', 'sort'): 783.946, ('gust', 'reduce'): 783.991, ('gust', 'final'): 784.052, ('gust', 'pack'): 784.075, ('gust', 'd2h'): 784.1, ('merge', 'start'): 784.213, ('merge', 'h2d'): 784.294, ('merge', 'count'): 784.324, ('merge', 'scan'): 784.362, ('merge', 'expand'): 784.4, ('merge', 'merge'): 784.501, ('merge', 'final'): 784.544, ('merge', 'compact'): 784.574, ('merge', 'pack'): 784.593, ('merge', 'd2h'): 784.612, ('mrg2', 'start'): 784.709, ('mrg2', 'h2d'): 784.786, ('mrg2', 'count'): 784.811, ('mrg2', 'scan'): 784.848, ('mrg2', 'merge'): 784.909, ('mrg2', 'final'): 784.946, ('mrg2', 'compact'): 784.971, ('mrg2', 'pack'): 784.994, ('mrg2', 'd2h'): 785.013, ('mrg3', 'start'): 785.116, ('mrg3', 'h2d'): 785.201, ('mrg3', 'count'): 785.24, ('mrg3', 'scan'): 785.294, ('mrg3', 'merge'): 785.338, ('mrg3', 'pack'): 785.361, ('mrg3', 'd2h'): 785.379}",0.1128239091485738,0.2070240017492324
Highly sparse,bcspwr06,1454,5300,0.25069579909522466,14110,14110,14110,14110,14110,0.0,,0.06200000000001182,0.17200000000002547,0.07399999999995543,0.033999999999991815,0.3079999999999927,0.537,,,,,0.553,0.463,0.407,0.363,,0.3300000000000409,0.33799999999996544,0.26499999999998636,0.20799999999997,0.16899999999998272,"{('cu', 'start'): 688.441, ('cu', 'h2dmalloc'): 688.505, ('cu', 'h2d'): 688.521, ('cu', 'workest'): 688.583, ('cu', 'compute'): 688.755, ('cu', 'copy'): 688.829, ('cu', 'pack'): 688.851, ('cu', 'd2h'): 688.885, ('gust', 'start'): 688.989, ('gust', 'h2d'): 689.071, ('gust', 'count'): 689.093, ('gust', 'scan'): 689.134, ('gust', 'expand'): 689.16, ('gust', 'sort'): 689.284, ('gust', 'reduce'): 689.329, ('gust', 'final'): 689.388, ('gust', 'pack'): 689.409, ('gust', 'd2h'): 689.436, ('merge', 'start'): 689.547, ('merge', 'h2d'): 689.631, ('merge', 'count'): 689.657, ('merge', 'scan'): 689.693, ('merge', 'expand'): 689.727, ('merge', 'merge'): 689.808, ('merge', 'final'): 689.85, ('merge', 'compact'): 689.877, ('merge', 'pack'): 689.896, ('merge', 'd2h'): 689.915, ('mrg2', 'start'): 690.018, ('mrg2', 'h2d'): 690.097, ('mrg2', 'count'): 690.124, ('mrg2', 'scan'): 690.162, ('mrg2', 'merge'): 690.215, ('mrg2', 'final'): 690.252, ('mrg2', 'compact'): 690.286, ('mrg2', 'pack'): 690.305, ('mrg2', 'd2h'): 690.325, ('mrg3', 'start'): 690.431, ('mrg3', 'h2d'): 690.51, ('mrg3', 'count'): 690.553, ('mrg3', 'scan'): 690.607, ('mrg3', 'merge'): 690.659, ('mrg3', 'pack'): 690.679, ('mrg3', 'd2h'): 690.698}",0.2413289621472358,0.2045856001554056
Highly sparse,bcsstk30,28924,2043492,0.24426218412514641,8946070,8946070,8946070,8946070,8946070,0.0,,0.22500000000013642,7.808999999999969,0.2639999999998963,4.393000000000029,8.298000000000002,13.789,,,,,34.849,95.817,15.084,20.788,,8.402000000000044,30.5,91.53999999999996,11.18600000000015,16.44100000000003,"{('cu', 'start'): 1375.318, ('cu', 'h2dmalloc'): 1375.371, ('cu', 'h2d'): 1376.156, ('cu', 'workest'): 1376.381, ('cu', 'compute'): 1384.19, ('cu', 'copy'): 1384.454, ('cu', 'pack'): 1384.558, ('cu', 'd2h'): 1388.951, ('gust', 'start'): 1389.115, ('gust', 'h2d'): 1389.952, ('gust', 'count'): 1390.051, ('gust', 'scan'): 1390.097, ('gust', 'expand'): 1392.42, ('gust', 'sort'): 1415.753, ('gust', 'reduce'): 1417.716, ('gust', 'final'): 1420.346, ('gust', 'pack'): 1420.452, ('gust', 'd2h'): 1423.353, ('merge', 'start'): 1423.971, ('merge', 'h2d'): 1424.864, ('merge', 'count'): 1424.982, ('merge', 'scan'): 1425.028, ('merge', 'expand'): 1433.564, ('merge', 'merge'): 1513.691, ('merge', 'final'): 1515.386, ('merge', 'compact'): 1516.277, ('merge', 'pack'): 1516.404, ('merge', 'd2h'): 1519.243, ('mrg2', 'start'): 1519.8, ('mrg2', 'h2d'): 1520.658, ('mrg2', 'count'): 1520.788, ('mrg2', 'scan'): 1520.837, ('mrg2', 'merge'): 1530.596, ('mrg2', 'final'): 1530.641, ('mrg2', 'compact'): 1531.74, ('mrg2', 'pack'): 1531.844, ('mrg2', 'd2h'): 1534.456, ('mrg3', 'start'): 1534.89, ('mrg3', 'h2d'): 1536.292, ('mrg3', 'count'): 1542.815, ('mrg3', 'scan'): 1542.893, ('mrg3', 'merge'): 1552.635, ('mrg3', 'pack'): 1552.733, ('mrg3', 'd2h'): 1555.334}",1181.0736348852515,2.356723199109547
Highly sparse,bcsstm06,420,420,0.2380952380952381,420,420,420,420,420,0.0,,0.05700000000001637,0.15399999999999636,0.05700000000001637,0.028999999999996362,0.2680000000000291,0.494,,,,,0.464,0.375,0.351,0.293,,0.29200000000003,0.26099999999996726,0.19500000000005002,0.17399999999997817,0.1190000000000282,"{('cu', 'start'): 673.456, ('cu', 'h2dmalloc'): 673.524, ('cu', 'h2d'): 673.543, ('cu', 'workest'): 673.6, ('cu', 'compute'): 673.754, ('cu', 'copy'): 673.811, ('cu', 'pack'): 673.835, ('cu', 'd2h'): 673.864, ('gust', 'start'): 673.971, ('gust', 'h2d'): 674.053, ('gust', 'count'): 674.075, ('gust', 'scan'): 674.115, ('gust', 'expand'): 674.139, ('gust', 'sort'): 674.185, ('gust', 'reduce'): 674.228, ('gust', 'final'): 674.29, ('gust', 'pack'): 674.314, ('gust', 'd2h'): 674.323, ('merge', 'start'): 674.43, ('merge', 'h2d'): 674.505, ('merge', 'count'): 674.529, ('merge', 'scan'): 674.564, ('merge', 'expand'): 674.588, ('merge', 'merge'): 674.615, ('merge', 'final'): 674.654, ('merge', 'compact'): 674.679, ('merge', 'pack'): 674.7, ('merge', 'd2h'): 674.712, ('mrg2', 'start'): 674.812, ('mrg2', 'h2d'): 674.886, ('mrg2', 'count'): 674.909, ('mrg2', 'scan'): 674.944, ('mrg2', 'merge'): 674.977, ('mrg2', 'final'): 675.014, ('mrg2', 'compact'): 675.039, ('mrg2', 'pack'): 675.06, ('mrg2', 'd2h'): 675.07, ('mrg3', 'start'): 675.171, ('mrg3', 'h2d'): 675.245, ('mrg3', 'count'): 675.27, ('mrg3', 'scan'): 675.319, ('mrg3', 'merge'): 675.345, ('mrg3', 'pack'): 675.364, ('mrg3', 'd2h'): 675.375}",0.0377290416508913,0.1564927996369078
Highly sparse,bcspwr08,1624,6050,0.22939467106699993,16916,16916,16916,16916,16916,0.0,,0.05899999999996908,0.1710000000000491,0.06200000000001182,0.03799999999989723,0.29200000000003,0.52,,,,,0.573,0.481,0.393,0.355,,0.3140000000000782,0.35399999999992815,0.28100000000006276,0.20000000000004547,0.17200000000002547,"{('cu', 'start'): 687.819, ('cu', 'h2dmalloc'): 687.881, ('cu', 'h2d'): 687.9, ('cu', 'workest'): 687.959, ('cu', 'compute'): 688.13, ('cu', 'copy'): 688.192, ('cu', 'pack'): 688.214, ('cu', 'd2h'): 688.252, ('gust', 'start'): 688.346, ('gust', 'h2d'): 688.441, ('gust', 'count'): 688.468, ('gust', 'scan'): 688.506, ('gust', 'expand'): 688.538, ('gust', 'sort'): 688.669, ('gust', 'reduce'): 688.714, ('gust', 'final'): 688.772, ('gust', 'pack'): 688.795, ('gust', 'd2h'): 688.824, ('merge', 'start'): 688.928, ('merge', 'h2d'): 689.01, ('merge', 'count'): 689.039, ('merge', 'scan'): 689.074, ('merge', 'expand'): 689.111, ('merge', 'merge'): 689.197, ('merge', 'final'): 689.238, ('merge', 'compact'): 689.273, ('merge', 'pack'): 689.291, ('merge', 'd2h'): 689.313, ('mrg2', 'start'): 689.417, ('mrg2', 'h2d'): 689.497, ('mrg2', 'count'): 689.523, ('mrg2', 'scan'): 689.56, ('mrg2', 'merge'): 689.612, ('mrg2', 'final'): 689.65, ('mrg2', 'compact'): 689.675, ('mrg2', 'pack'): 689.697, ('mrg2', 'd2h'): 689.717, ('mrg3', 'start'): 689.817, ('mrg3', 'h2d'): 689.891, ('mrg3', 'count'): 689.936, ('mrg3', 'scan'): 689.989, ('mrg3', 'merge'): 690.042, ('mrg3', 'pack'): 690.063, ('mrg3', 'd2h'): 690.084}",0.289177056401968,0.2085343991639092
Highly sparse,bcspwr07,1612,5824,0.22412551028576003,15684,15684,15684,15684,15684,0.0,,0.05899999999996908,0.16700000000003,0.06200000000001182,0.04100000000005366,0.2880000000000109,0.525,,,,,0.556,0.477,0.391,0.364,,0.3109999999999218,0.34799999999995634,0.27700000000004366,0.20000000000004547,0.17700000000002092,"{('cu', 'start'): 685.212, ('cu', 'h2dmalloc'): 685.276, ('cu', 'h2d'): 685.297, ('cu', 'workest'): 685.356, ('cu', 'compute'): 685.523, ('cu', 'copy'): 685.585, ('cu', 'pack'): 685.608, ('cu', 'd2h'): 685.649, ('gust', 'start'): 685.752, ('gust', 'h2d'): 685.837, ('gust', 'count'): 685.863, ('gust', 'scan'): 685.902, ('gust', 'expand'): 685.93, ('gust', 'sort'): 686.059, ('gust', 'reduce'): 686.105, ('gust', 'final'): 686.163, ('gust', 'pack'): 686.185, ('gust', 'd2h'): 686.213, ('merge', 'start'): 686.316, ('merge', 'h2d'): 686.395, ('merge', 'count'): 686.424, ('merge', 'scan'): 686.461, ('merge', 'expand'): 686.496, ('merge', 'merge'): 686.581, ('merge', 'final'): 686.623, ('merge', 'compact'): 686.655, ('merge', 'pack'): 686.672, ('merge', 'd2h'): 686.695, ('mrg2', 'start'): 686.799, ('mrg2', 'h2d'): 686.877, ('mrg2', 'count'): 686.903, ('mrg2', 'scan'): 686.939, ('mrg2', 'merge'): 686.991, ('mrg2', 'final'): 687.029, ('mrg2', 'compact'): 687.055, ('mrg2', 'pack'): 687.077, ('mrg2', 'd2h'): 687.097, ('mrg3', 'start'): 687.198, ('mrg3', 'h2d'): 687.273, ('mrg3', 'count'): 687.319, ('mrg3', 'scan'): 687.374, ('mrg3', 'merge'): 687.428, ('mrg3', 'pack'): 687.45, ('mrg3', 'd2h'): 687.472}",0.2732500433921814,0.222870398312807
Highly sparse,bcspwr09,1723,6511,0.21931944613334525,18485,18485,18485,18485,18485,0.0,,0.06099999999992178,0.16700000000003,0.06299999999998818,0.04200000000003001,0.29099999999994,0.54,,,,,0.567,0.487,0.406,0.351,,0.3149999999999409,0.34999999999990905,0.29099999999994,0.20500000000004093,0.16099999999994452,"{('cu', 'start'): 661.36, ('cu', 'h2dmalloc'): 661.434, ('cu', 'h2d'): 661.455, ('cu', 'workest'): 661.516, ('cu', 'compute'): 661.683, ('cu', 'copy'): 661.746, ('cu', 'pack'): 661.77, ('cu', 'd2h'): 661.812, ('gust', 'start'): 661.907, ('gust', 'h2d'): 661.988, ('gust', 'count'): 662.014, ('gust', 'scan'): 662.053, ('gust', 'expand'): 662.085, ('gust', 'sort'): 662.213, ('gust', 'reduce'): 662.258, ('gust', 'final'): 662.316, ('gust', 'pack'): 662.338, ('gust', 'd2h'): 662.375, ('merge', 'start'): 662.481, ('merge', 'h2d'): 662.561, ('merge', 'count'): 662.59, ('merge', 'scan'): 662.628, ('merge', 'expand'): 662.663, ('merge', 'merge'): 662.756, ('merge', 'final'): 662.798, ('merge', 'compact'): 662.833, ('merge', 'pack'): 662.852, ('merge', 'd2h'): 662.877, ('mrg2', 'start'): 662.975, ('mrg2', 'h2d'): 663.054, ('mrg2', 'count'): 663.079, ('mrg2', 'scan'): 663.115, ('mrg2', 'merge'): 663.173, ('mrg2', 'final'): 663.211, ('mrg2', 'compact'): 663.236, ('mrg2', 'pack'): 663.259, ('mrg2', 'd2h'): 663.284, ('mrg3', 'start'): 663.388, ('mrg3', 'h2d'): 663.465, ('mrg3', 'count'): 663.503, ('mrg3', 'scan'): 663.557, ('mrg3', 'merge'): 663.6, ('mrg3', 'pack'): 663.626, ('mrg3', 'd2h'): 663.649}",0.3371860366314649,0.2131743987323716
Highly sparse,bcsstm20,485,485,0.2061855670103093,485,485,485,485,485,0.0,,0.06000000000005912,0.15599999999994907,0.057999999999992724,0.03599999999994452,0.2740000000000009,0.5,,,,,0.451,0.363,0.351,0.288,,0.2960000000000491,0.26499999999998636,0.18700000000001182,0.16899999999998272,0.1169999999999618,"{('cu', 'start'): 691.261, ('cu', 'h2dmalloc'): 691.325, ('cu', 'h2d'): 691.342, ('cu', 'workest'): 691.402, ('cu', 'compute'): 691.558, ('cu', 'copy'): 691.616, ('cu', 'pack'): 691.638, ('cu', 'd2h'): 691.674, ('gust', 'start'): 691.771, ('gust', 'h2d'): 691.85, ('gust', 'count'): 691.875, ('gust', 'scan'): 691.915, ('gust', 'expand'): 691.94, ('gust', 'sort'): 691.987, ('gust', 'reduce'): 692.03, ('gust', 'final'): 692.093, ('gust', 'pack'): 692.115, ('gust', 'd2h'): 692.125, ('merge', 'start'): 692.229, ('merge', 'h2d'): 692.307, ('merge', 'count'): 692.331, ('merge', 'scan'): 692.367, ('merge', 'expand'): 692.39, ('merge', 'merge'): 692.411, ('merge', 'final'): 692.448, ('merge', 'compact'): 692.476, ('merge', 'pack'): 692.494, ('merge', 'd2h'): 692.505, ('mrg2', 'start'): 692.6, ('mrg2', 'h2d'): 692.683, ('mrg2', 'count'): 692.706, ('mrg2', 'scan'): 692.742, ('mrg2', 'merge'): 692.768, ('mrg2', 'final'): 692.804, ('mrg2', 'compact'): 692.829, ('mrg2', 'pack'): 692.852, ('mrg2', 'd2h'): 692.863, ('mrg3', 'start'): 692.956, ('mrg3', 'h2d'): 693.034, ('mrg3', 'count'): 693.06, ('mrg3', 'scan'): 693.109, ('mrg3', 'merge'): 693.133, ('mrg3', 'pack'): 693.151, ('mrg3', 'd2h'): 693.161}",0.0646100379526615,0.1559359993319958
Highly sparse,bcsstk21,3600,26600,0.2052469135802469,93072,93072,93072,93072,93072,0.0,,0.07600000000002183,0.2659999999999627,0.07399999999995543,0.19200000000000728,0.41599999999994,0.822,,,,,1.125,0.842,0.638,0.485,,0.44299999999998363,0.7069999999999936,0.5,0.30100000000004457,0.22000000000002728,"{('cu', 'start'): 707.25, ('cu', 'h2dmalloc'): 707.317, ('cu', 'h2d'): 707.35, ('cu', 'workest'): 707.426, ('cu', 'compute'): 707.692, ('cu', 'copy'): 707.766, ('cu', 'pack'): 707.793, ('cu', 'd2h'): 707.985, ('gust', 'start'): 708.082, ('gust', 'h2d'): 708.18, ('gust', 'count'): 708.209, ('gust', 'scan'): 708.257, ('gust', 'expand'): 708.357, ('gust', 'sort'): 708.645, ('gust', 'reduce'): 708.763, ('gust', 'final'): 708.84, ('gust', 'pack'): 708.887, ('gust', 'd2h'): 708.96, ('merge', 'start'): 709.215, ('merge', 'h2d'): 709.31, ('merge', 'count'): 709.339, ('merge', 'scan'): 709.386, ('merge', 'expand'): 709.487, ('merge', 'merge'): 709.621, ('merge', 'final'): 709.671, ('merge', 'compact'): 709.782, ('merge', 'pack'): 709.81, ('merge', 'd2h'): 709.888, ('mrg2', 'start'): 710.065, ('mrg2', 'h2d'): 710.161, ('mrg2', 'count'): 710.189, ('mrg2', 'scan'): 710.237, ('mrg2', 'merge'): 710.29, ('mrg2', 'final'): 710.334, ('mrg2', 'compact'): 710.433, ('mrg2', 'pack'): 710.462, ('mrg2', 'd2h'): 710.534, ('mrg3', 'start'): 710.709, ('mrg3', 'h2d'): 710.798, ('mrg3', 'count'): 710.856, ('mrg3', 'scan'): 710.928, ('mrg3', 'merge'): 710.994, ('mrg3', 'pack'): 711.018, ('mrg3', 'd2h'): 711.089}",2.685170155018568,0.210051199956797
Highly sparse,bcsstm19,817,817,0.12239902080783352,817,817,817,817,817,0.0,,0.06000000000005912,0.16699999999991633,0.057999999999992724,0.02800000000002001,0.28499999999996817,0.502,,,,,0.473,0.388,0.333,0.307,,0.3089999999999691,0.2680000000000291,0.1999999999999318,0.1610000000000582,0.13199999999994816,"{('cu', 'start'): 682.691, ('cu', 'h2dmalloc'): 682.753, ('cu', 'h2d'): 682.77, ('cu', 'workest'): 682.83, ('cu', 'compute'): 682.997, ('cu', 'copy'): 683.055, ('cu', 'pack'): 683.079, ('cu', 'd2h'): 683.107, ('gust', 'start'): 683.203, ('gust', 'h2d'): 683.279, ('gust', 'count'): 683.303, ('gust', 'scan'): 683.344, ('gust', 'expand'): 683.372, ('gust', 'sort'): 683.419, ('gust', 'reduce'): 683.462, ('gust', 'final'): 683.525, ('gust', 'pack'): 683.547, ('gust', 'd2h'): 683.557, ('merge', 'start'): 683.684, ('merge', 'h2d'): 683.767, ('merge', 'count'): 683.791, ('merge', 'scan'): 683.828, ('merge', 'expand'): 683.852, ('merge', 'merge'): 683.877, ('merge', 'final'): 683.916, ('merge', 'compact'): 683.94, ('merge', 'pack'): 683.967, ('merge', 'd2h'): 683.981, ('mrg2', 'start'): 684.079, ('mrg2', 'h2d'): 684.154, ('mrg2', 'count'): 684.177, ('mrg2', 'scan'): 684.213, ('mrg2', 'merge'): 684.238, ('mrg2', 'final'): 684.27, ('mrg2', 'compact'): 684.296, ('mrg2', 'pack'): 684.315, ('mrg2', 'd2h'): 684.326, ('mrg3', 'start'): 684.419, ('mrg3', 'h2d'): 684.493, ('mrg3', 'count'): 684.519, ('mrg3', 'scan'): 684.579, ('mrg3', 'merge'): 684.606, ('mrg3', 'pack'): 684.625, ('mrg3', 'd2h'): 684.636}",0.0757249072194099,0.1560415997868404
Highly sparse,bcsstk25,15439,252241,0.10582233620331932,1168919,1168919,1168919,1168919,1168919,0.0,,0.18199999999990268,0.6829999999999927,0.19700000000000273,0.6690000000000964,1.0619999999998981,2.142,,,,,2.839,4.369,1.915,1.967,,1.1629999999998972,2.018000000000029,3.564999999999941,1.1100000000000136,1.1580000000000155,"{('cu', 'start'): 779.638, ('cu', 'h2dmalloc'): 779.703, ('cu', 'h2d'): 779.796, ('cu', 'workest'): 779.978, ('cu', 'compute'): 780.661, ('cu', 'copy'): 780.858, ('cu', 'pack'): 780.959, ('cu', 'd2h'): 781.628, ('gust', 'start'): 781.79, ('gust', 'h2d'): 781.957, ('gust', 'count'): 782.045, ('gust', 'scan'): 782.101, ('gust', 'expand'): 782.298, ('gust', 'sort'): 783.151, ('gust', 'reduce'): 783.391, ('gust', 'final'): 783.873, ('gust', 'pack'): 783.975, ('gust', 'd2h'): 784.326, ('merge', 'start'): 784.64, ('merge', 'h2d'): 784.796, ('merge', 'count'): 784.9, ('merge', 'scan'): 784.955, ('merge', 'expand'): 785.381, ('merge', 'merge'): 787.803, ('merge', 'final'): 787.99, ('merge', 'compact'): 788.267, ('merge', 'pack'): 788.361, ('merge', 'd2h'): 788.711, ('mrg2', 'start'): 789.017, ('mrg2', 'h2d'): 789.177, ('mrg2', 'count'): 789.271, ('mrg2', 'scan'): 789.324, ('mrg2', 'merge'): 789.885, ('mrg2', 'final'): 789.934, ('mrg2', 'compact'): 790.192, ('mrg2', 'pack'): 790.287, ('mrg2', 'd2h'): 790.637, ('mrg3', 'start'): 790.941, ('mrg3', 'h2d'): 791.097, ('mrg3', 'count'): 791.515, ('mrg3', 'scan'): 791.58, ('mrg3', 'merge'): 792.169, ('mrg3', 'pack'): 792.255, ('mrg3', 'd2h'): 792.604}",177.74690710939467,0.4425663996022195
Highly sparse,bcsstk18,11948,149090,0.10443788948628972,713208,713208,713208,713208,713208,0.0,,0.1069999999999709,0.48300000000006094,0.15999999999996817,0.4560000000000173,0.75,1.512,,,,,1.912,2.808,1.44,1.412,,0.8229999999999791,1.3689999999999145,2.2619999999999436,0.8719999999999573,0.8239999999999554,"{('cu', 'start'): 737.653, ('cu', 'h2dmalloc'): 737.704, ('cu', 'h2d'): 737.765, ('cu', 'workest'): 737.872, ('cu', 'compute'): 738.355, ('cu', 'copy'): 738.515, ('cu', 'pack'): 738.588, ('cu', 'd2h'): 739.044, ('gust', 'start'): 739.172, ('gust', 'h2d'): 739.282, ('gust', 'count'): 739.306, ('gust', 'scan'): 739.345, ('gust', 'expand'): 739.495, ('gust', 'sort'): 740.005, ('gust', 'reduce'): 740.16, ('gust', 'final'): 740.569, ('gust', 'pack'): 740.651, ('gust', 'd2h'): 740.864, ('merge', 'start'): 741.09, ('merge', 'h2d'): 741.197, ('merge', 'count'): 741.228, ('merge', 'scan'): 741.266, ('merge', 'expand'): 741.542, ('merge', 'merge'): 742.97, ('merge', 'final'): 743.127, ('merge', 'compact'): 743.379, ('merge', 'pack'): 743.459, ('merge', 'd2h'): 743.672, ('mrg2', 'start'): 743.904, ('mrg2', 'h2d'): 744.014, ('mrg2', 'count'): 744.046, ('mrg2', 'scan'): 744.086, ('mrg2', 'merge'): 744.5, ('mrg2', 'final'): 744.54, ('mrg2', 'compact'): 744.786, ('mrg2', 'pack'): 744.886, ('mrg2', 'd2h'): 745.103, ('mrg3', 'start'): 745.353, ('mrg3', 'h2d'): 745.481, ('mrg3', 'count'): 745.731, ('mrg3', 'scan'): 745.793, ('mrg3', 'merge'): 746.22, ('mrg3', 'pack'): 746.305, ('mrg3', 'd2h'): 746.522}",86.1555258743465,0.4178912017261609
Highly sparse,bcsstk32,44609,2014701,0.10124314474587429,6819653,6819653,6819653,6819653,6819653,0.0,,0.19200000000000728,7.69399999999996,0.24099999999998545,3.5650000000000546,8.126999999999953,12.659,,,,,22.135,40.435,9.406,10.465,,8.201999999999998,17.98400000000015,36.680000000000064,5.661999999999807,6.964999999999918,"{('cu', 'start'): 1155.575, ('cu', 'h2dmalloc'): 1155.653, ('cu', 'h2d'): 1156.32, ('cu', 'workest'): 1156.512, ('cu', 'compute'): 1164.206, ('cu', 'copy'): 1164.447, ('cu', 'pack'): 1164.522, ('cu', 'd2h'): 1168.087, ('gust', 'start'): 1168.244, ('gust', 'h2d'): 1169.263, ('gust', 'count'): 1169.361, ('gust', 'scan'): 1169.406, ('gust', 'expand'): 1170.786, ('gust', 'sort'): 1184.242, ('gust', 'reduce'): 1185.498, ('gust', 'final'): 1187.143, ('gust', 'pack'): 1187.247, ('gust', 'd2h'): 1189.689, ('merge', 'start'): 1190.386, ('merge', 'h2d'): 1191.125, ('merge', 'count'): 1191.241, ('merge', 'scan'): 1191.286, ('merge', 'expand'): 1196.327, ('merge', 'merge'): 1226.527, ('merge', 'final'): 1227.098, ('merge', 'compact'): 1227.725, ('merge', 'pack'): 1227.805, ('merge', 'd2h'): 1230.295, ('mrg2', 'start'): 1230.828, ('mrg2', 'h2d'): 1231.66, ('mrg2', 'count'): 1231.776, ('mrg2', 'scan'): 1231.82, ('mrg2', 'merge'): 1236.45, ('mrg2', 'final'): 1236.493, ('mrg2', 'compact'): 1237.244, ('mrg2', 'pack'): 1237.322, ('mrg2', 'd2h'): 1239.762, ('mrg3', 'start'): 1240.241, ('mrg3', 'h2d'): 1240.971, ('mrg3', 'count'): 1243.536, ('mrg3', 'scan'): 1243.596, ('mrg3', 'merge'): 1247.864, ('mrg3', 'pack'): 1247.936, ('mrg3', 'd2h'): 1250.378}",4421.557090012357,1.736937593226321
Extremely sparse,bcsstk31,35588,1181416,0.09328153508950845,4713580,4713580,4713580,4713580,4713580,0.0,,0.17600000000004457,4.496999999999957,0.26499999999998636,2.0450000000000728,4.937999999999988,7.639,,,,,11.539,22.688,5.72,6.358,,5.020999999999958,8.976999999999975,19.968999999999937,3.1159999999999854,4.192000000000007,"{('cu', 'start'): 958.759, ('cu', 'h2dmalloc'): 958.816, ('cu', 'h2d'): 959.197, ('cu', 'workest'): 959.373, ('cu', 'compute'): 963.87, ('cu', 'copy'): 964.135, ('cu', 'pack'): 964.218, ('cu', 'd2h'): 966.263, ('gust', 'start'): 966.406, ('gust', 'h2d'): 967.174, ('gust', 'count'): 967.263, ('gust', 'scan'): 967.309, ('gust', 'expand'): 968.022, ('gust', 'sort'): 974.288, ('gust', 'reduce'): 974.993, ('gust', 'final'): 976.069, ('gust', 'pack'): 976.151, ('gust', 'd2h'): 977.561, ('merge', 'start'): 977.952, ('merge', 'h2d'): 978.831, ('merge', 'count'): 978.943, ('merge', 'scan'): 978.987, ('merge', 'expand'): 981.693, ('merge', 'merge'): 997.903, ('merge', 'final'): 998.255, ('merge', 'compact'): 998.698, ('merge', 'pack'): 998.8, ('merge', 'd2h'): 1000.222, ('mrg2', 'start'): 1000.647, ('mrg2', 'h2d'): 1001.476, ('mrg2', 'count'): 1001.613, ('mrg2', 'scan'): 1001.66, ('mrg2', 'merge'): 1004.043, ('mrg2', 'final'): 1004.086, ('mrg2', 'compact'): 1004.51, ('mrg2', 'pack'): 1004.592, ('mrg2', 'd2h'): 1006.002, ('mrg3', 'start'): 1006.374, ('mrg3', 'h2d'): 1006.813, ('mrg3', 'count'): 1008.374, ('mrg3', 'scan'): 1008.434, ('mrg3', 'merge'): 1010.907, ('mrg3', 'pack'): 1011.005, ('mrg3', 'd2h'): 1012.412}",2316.7010678444058,1.231427194620483
Extremely sparse,bcsstm08,1074,1074,0.0931098696461825,1074,1074,1074,1074,1074,0.0,,0.05999999999994543,0.16999999999995907,0.059000000000082764,0.029999999999972715,0.28899999999998727,0.511,,,,,0.464,0.375,0.342,0.297,,0.3109999999999218,0.26700000000005275,0.19700000000000273,0.15899999999999181,0.1209999999999809,"{('cu', 'start'): 675.659, ('cu', 'h2dmalloc'): 675.721, ('cu', 'h2d'): 675.743, ('cu', 'workest'): 675.803, ('cu', 'compute'): 675.973, ('cu', 'copy'): 676.032, ('cu', 'pack'): 676.054, ('cu', 'd2h'): 676.084, ('gust', 'start'): 676.177, ('gust', 'h2d'): 676.257, ('gust', 'count'): 676.28, ('gust', 'scan'): 676.328, ('gust', 'expand'): 676.352, ('gust', 'sort'): 676.405, ('gust', 'reduce'): 676.446, ('gust', 'final'): 676.503, ('gust', 'pack'): 676.524, ('gust', 'd2h'): 676.534, ('merge', 'start'): 676.65, ('merge', 'h2d'): 676.731, ('merge', 'count'): 676.755, ('merge', 'scan'): 676.791, ('merge', 'expand'): 676.821, ('merge', 'merge'): 676.84, ('merge', 'final'): 676.879, ('merge', 'compact'): 676.908, ('merge', 'pack'): 676.928, ('merge', 'd2h'): 676.939, ('mrg2', 'start'): 677.032, ('mrg2', 'h2d'): 677.107, ('mrg2', 'count'): 677.129, ('mrg2', 'scan'): 677.164, ('mrg2', 'merge'): 677.19, ('mrg2', 'final'): 677.222, ('mrg2', 'compact'): 677.248, ('mrg2', 'pack'): 677.266, ('mrg2', 'd2h'): 677.277, ('mrg3', 'start'): 677.381, ('mrg3', 'h2d'): 677.46, ('mrg3', 'count'): 677.487, ('mrg3', 'scan'): 677.536, ('mrg3', 'merge'): 677.564, ('mrg3', 'pack'): 677.581, ('mrg3', 'd2h'): 677.592}",0.1300980802625417,0.1584671993507072
Extremely sparse,bcsstm09,1083,1083,0.09233610341643582,1083,1083,1083,1083,1083,0.0,,0.09600000000000364,0.20100000000002183,0.08799999999996544,0.04399999999998272,0.3849999999999909,0.698,,,,,0.609,0.52,0.473,0.417,,0.41700000000003,0.3490000000000464,0.2839999999999918,0.2400000000000091,0.18299999999999272,"{('cu', 'start'): 691.18, ('cu', 'h2dmalloc'): 691.263, ('cu', 'h2d'): 691.295, ('cu', 'workest'): 691.391, ('cu', 'compute'): 691.592, ('cu', 'copy'): 691.68, ('cu', 'pack'): 691.712, ('cu', 'd2h'): 691.756, ('gust', 'start'): 691.89, ('gust', 'h2d'): 691.997, ('gust', 'count'): 692.032, ('gust', 'scan'): 692.09, ('gust', 'expand'): 692.123, ('gust', 'sort'): 692.181, ('gust', 'reduce'): 692.239, ('gust', 'final'): 692.313, ('gust', 'pack'): 692.346, ('gust', 'd2h'): 692.36, ('merge', 'start'): 692.509, ('merge', 'h2d'): 692.612, ('merge', 'count'): 692.643, ('merge', 'scan'): 692.7, ('merge', 'expand'): 692.731, ('merge', 'merge'): 692.775, ('merge', 'final'): 692.829, ('merge', 'compact'): 692.861, ('merge', 'pack'): 692.896, ('merge', 'd2h'): 692.91, ('mrg2', 'start'): 693.04, ('mrg2', 'h2d'): 693.14, ('mrg2', 'count'): 693.172, ('mrg2', 'scan'): 693.227, ('mrg2', 'merge'): 693.265, ('mrg2', 'final'): 693.314, ('mrg2', 'compact'): 693.347, ('mrg2', 'pack'): 693.38, ('mrg2', 'd2h'): 693.393, ('mrg3', 'start'): 693.523, ('mrg3', 'h2d'): 693.623, ('mrg3', 'count'): 693.66, ('mrg3', 'scan'): 693.732, ('mrg3', 'merge'): 693.771, ('mrg3', 'pack'): 693.806, ('mrg3', 'd2h'): 693.82}",0.1266489271074533,0.1567872002720833
Extremely sparse,bcspwr10,5300,21842,0.07775720897116412,60498,60498,60498,60498,60498,0.0,,0.07100000000002638,0.2659999999999627,0.06799999999998363,0.15999999999996817,0.4049999999999727,0.79,,,,,0.969,0.744,0.49,0.543,,0.4289999999999736,0.7110000000000127,0.49099999999998545,0.23099999999999454,0.2340000000000373,"{('cu', 'start'): 682.674, ('cu', 'h2dmalloc'): 682.751, ('cu', 'h2d'): 682.783, ('cu', 'workest'): 682.854, ('cu', 'compute'): 683.12, ('cu', 'copy'): 683.188, ('cu', 'pack'): 683.212, ('cu', 'd2h'): 683.372, ('gust', 'start'): 683.474, ('gust', 'h2d'): 683.572, ('gust', 'count'): 683.604, ('gust', 'scan'): 683.648, ('gust', 'expand'): 683.681, ('gust', 'sort'): 683.981, ('gust', 'reduce'): 684.106, ('gust', 'final'): 684.246, ('gust', 'pack'): 684.283, ('gust', 'd2h'): 684.334, ('merge', 'start'): 684.449, ('merge', 'h2d'): 684.546, ('merge', 'count'): 684.576, ('merge', 'scan'): 684.619, ('merge', 'expand'): 684.657, ('merge', 'merge'): 684.844, ('merge', 'final'): 684.894, ('merge', 'compact'): 685.01, ('merge', 'pack'): 685.037, ('merge', 'd2h'): 685.087, ('mrg2', 'start'): 685.201, ('mrg2', 'h2d'): 685.298, ('mrg2', 'count'): 685.332, ('mrg2', 'scan'): 685.376, ('mrg2', 'merge'): 685.435, ('mrg2', 'final'): 685.476, ('mrg2', 'compact'): 685.509, ('mrg2', 'pack'): 685.529, ('mrg2', 'd2h'): 685.581, ('mrg3', 'start'): 685.709, ('mrg3', 'h2d'): 685.827, ('mrg3', 'count'): 685.892, ('mrg3', 'scan'): 685.968, ('mrg3', 'merge'): 686.034, ('mrg3', 'pack'): 686.061, ('mrg3', 'd2h'): 686.112}",7.620363961905241,0.2367488001473248
Extremely sparse,bcsstm11,1473,1473,0.0678886625933469,1473,1473,1473,1473,1473,0.0,,0.07499999999993179,0.18799999999998818,0.07100000000002638,0.02699999999992997,0.33399999999994634,0.583,,,,,0.521,0.413,0.389,0.333,,0.36099999999999,0.28700000000003456,0.21200000000010277,0.18200000000001637,0.13600000000008095,"{('cu', 'start'): 705.392, ('cu', 'h2dmalloc'): 705.456, ('cu', 'h2d'): 705.484, ('cu', 'workest'): 705.559, ('cu', 'compute'): 705.747, ('cu', 'copy'): 705.818, ('cu', 'pack'): 705.845, ('cu', 'd2h'): 705.872, ('gust', 'start'): 705.985, ('gust', 'h2d'): 706.091, ('gust', 'count'): 706.118, ('gust', 'scan'): 706.163, ('gust', 'expand'): 706.187, ('gust', 'sort'): 706.239, ('gust', 'reduce'): 706.284, ('gust', 'final'): 706.351, ('gust', 'pack'): 706.378, ('gust', 'd2h'): 706.391, ('merge', 'start'): 706.512, ('merge', 'h2d'): 706.603, ('merge', 'count'): 706.627, ('merge', 'scan'): 706.672, ('merge', 'expand'): 706.695, ('merge', 'merge'): 706.717, ('merge', 'final'): 706.762, ('merge', 'compact'): 706.792, ('merge', 'pack'): 706.815, ('merge', 'd2h'): 706.828, ('mrg2', 'start'): 706.931, ('mrg2', 'h2d'): 707.025, ('mrg2', 'count'): 707.049, ('mrg2', 'scan'): 707.091, ('mrg2', 'merge'): 707.119, ('mrg2', 'final'): 707.155, ('mrg2', 'compact'): 707.186, ('mrg2', 'pack'): 707.207, ('mrg2', 'd2h'): 707.221, ('mrg3', 'start'): 707.327, ('mrg3', 'h2d'): 707.415, ('mrg3', 'count'): 707.445, ('mrg3', 'scan'): 707.502, ('mrg3', 'merge'): 707.529, ('mrg3', 'pack'): 707.551, ('mrg3', 'd2h'): 707.564}",0.2223190385848283,0.1590207997476682
Extremely sparse,bcsstm26,1922,1922,0.052029136316337155,1922,1922,1922,1922,1922,0.0,,0.06900000000007367,0.17399999999997817,0.06200000000001182,0.02800000000002001,0.30500000000006366,0.534,,,,,0.475,0.421,0.367,0.307,,0.3290000000000646,0.2659999999999627,0.22500000000002274,0.17300000000000182,0.1290000000000191,"{('cu', 'start'): 641.495, ('cu', 'h2dmalloc'): 641.557, ('cu', 'h2d'): 641.588, ('cu', 'workest'): 641.657, ('cu', 'compute'): 641.831, ('cu', 'copy'): 641.893, ('cu', 'pack'): 641.917, ('cu', 'd2h'): 641.945, ('gust', 'start'): 642.04, ('gust', 'h2d'): 642.135, ('gust', 'count'): 642.161, ('gust', 'scan'): 642.2, ('gust', 'expand'): 642.227, ('gust', 'sort'): 642.276, ('gust', 'reduce'): 642.32, ('gust', 'final'): 642.378, ('gust', 'pack'): 642.401, ('gust', 'd2h'): 642.412, ('merge', 'start'): 642.521, ('merge', 'h2d'): 642.61, ('merge', 'count'): 642.634, ('merge', 'scan'): 642.681, ('merge', 'expand'): 642.719, ('merge', 'merge'): 642.744, ('merge', 'final'): 642.786, ('merge', 'compact'): 642.815, ('merge', 'pack'): 642.835, ('merge', 'd2h'): 642.846, ('mrg2', 'start'): 642.949, ('mrg2', 'h2d'): 643.041, ('mrg2', 'count'): 643.065, ('mrg2', 'scan'): 643.102, ('mrg2', 'merge'): 643.133, ('mrg2', 'final'): 643.167, ('mrg2', 'compact'): 643.196, ('mrg2', 'pack'): 643.214, ('mrg2', 'd2h'): 643.227, ('mrg3', 'start'): 643.323, ('mrg3', 'h2d'): 643.399, ('mrg3', 'count'): 643.429, ('mrg3', 'scan'): 643.48, ('mrg3', 'merge'): 643.51, ('mrg3', 'pack'): 643.528, ('mrg3', 'd2h'): 643.542}",0.505893025547266,0.1710080005927011
Extremely sparse,bcsstm23,3134,3134,0.031908104658583285,3134,3134,3134,3134,3134,0.0,,0.06399999999996453,0.18299999999999272,0.06299999999998818,0.025999999999953616,0.30999999999994543,0.54,,,,,0.528,0.393,0.351,0.298,,0.34199999999998454,0.3350000000000364,0.20699999999999363,0.17999999999994998,0.12599999999997635,"{('cu', 'start'): 673.897, ('cu', 'h2dmalloc'): 673.961, ('cu', 'h2d'): 673.98, ('cu', 'workest'): 674.044, ('cu', 'compute'): 674.227, ('cu', 'copy'): 674.29, ('cu', 'pack'): 674.322, ('cu', 'd2h'): 674.348, ('gust', 'start'): 674.444, ('gust', 'h2d'): 674.525, ('gust', 'count'): 674.55, ('gust', 'scan'): 674.59, ('gust', 'expand'): 674.621, ('gust', 'sort'): 674.734, ('gust', 'reduce'): 674.778, ('gust', 'final'): 674.838, ('gust', 'pack'): 674.86, ('gust', 'd2h'): 674.873, ('merge', 'start'): 674.978, ('merge', 'h2d'): 675.054, ('merge', 'count'): 675.082, ('merge', 'scan'): 675.12, ('merge', 'expand'): 675.144, ('merge', 'merge'): 675.174, ('merge', 'final'): 675.213, ('merge', 'compact'): 675.24, ('merge', 'pack'): 675.261, ('merge', 'd2h'): 675.275, ('mrg2', 'start'): 675.377, ('mrg2', 'h2d'): 675.451, ('mrg2', 'count'): 675.476, ('mrg2', 'scan'): 675.516, ('mrg2', 'merge'): 675.547, ('mrg2', 'final'): 675.583, ('mrg2', 'compact'): 675.609, ('mrg2', 'pack'): 675.631, ('mrg2', 'd2h'): 675.644, ('mrg3', 'start'): 675.735, ('mrg3', 'h2d'): 675.807, ('mrg3', 'count'): 675.837, ('mrg3', 'scan'): 675.887, ('mrg3', 'merge'): 675.915, ('mrg3', 'pack'): 675.933, ('mrg3', 'd2h'): 675.946}",1.799254911020398,0.1640447994228452
Extremely sparse,bcsstm24,3562,3562,0.028074115665356544,3562,3562,3562,3562,3562,0.0,,0.06299999999998818,0.17399999999997817,0.05999999999994543,0.03300000000001546,0.2969999999999118,0.536,,,,,0.533,0.399,0.355,0.314,,0.31999999999993634,0.3309999999999036,0.20600000000001728,0.17400000000009186,0.1349999999999909,"{('cu', 'start'): 692.746, ('cu', 'h2dmalloc'): 692.812, ('cu', 'h2d'): 692.83, ('cu', 'workest'): 692.893, ('cu', 'compute'): 693.067, ('cu', 'copy'): 693.127, ('cu', 'pack'): 693.15, ('cu', 'd2h'): 693.183, ('gust', 'start'): 693.293, ('gust', 'h2d'): 693.378, ('gust', 'count'): 693.403, ('gust', 'scan'): 693.441, ('gust', 'expand'): 693.469, ('gust', 'sort'): 693.583, ('gust', 'reduce'): 693.629, ('gust', 'final'): 693.686, ('gust', 'pack'): 693.709, ('gust', 'd2h'): 693.722, ('merge', 'start'): 693.834, ('merge', 'h2d'): 693.915, ('merge', 'count'): 693.948, ('merge', 'scan'): 693.984, ('merge', 'expand'): 694.01, ('merge', 'merge'): 694.033, ('merge', 'final'): 694.072, ('merge', 'compact'): 694.103, ('merge', 'pack'): 694.121, ('merge', 'd2h'): 694.135, ('mrg2', 'start'): 694.241, ('mrg2', 'h2d'): 694.319, ('mrg2', 'count'): 694.344, ('mrg2', 'scan'): 694.381, ('mrg2', 'merge'): 694.407, ('mrg2', 'final'): 694.445, ('mrg2', 'compact'): 694.473, ('mrg2', 'pack'): 694.493, ('mrg2', 'd2h'): 694.508, ('mrg3', 'start'): 694.602, ('mrg3', 'h2d'): 694.678, ('mrg3', 'count'): 694.713, ('mrg3', 'scan'): 694.763, ('mrg3', 'merge'): 694.796, ('mrg3', 'pack'): 694.813, ('mrg3', 'd2h'): 694.827}",2.6030661538243294,0.1650560006964951
Extremely sparse,bcsstm21,3600,3600,0.027777777777777776,3600,3600,3600,3600,3600,0.0,,0.06600000000003092,0.17699999999990723,0.06400000000007822,0.029999999999972715,0.30700000000001637,0.55,,,,,0.554,0.407,0.36,0.323,,0.34000000000003183,0.3430000000000746,0.20199999999999818,0.17099999999993543,0.13800000000003365,"{('cu', 'start'): 679.76, ('cu', 'h2dmalloc'): 679.822, ('cu', 'h2d'): 679.841, ('cu', 'workest'): 679.907, ('cu', 'compute'): 680.084, ('cu', 'copy'): 680.148, ('cu', 'pack'): 680.181, ('cu', 'd2h'): 680.211, ('gust', 'start'): 680.32, ('gust', 'h2d'): 680.405, ('gust', 'count'): 680.428, ('gust', 'scan'): 680.48, ('gust', 'expand'): 680.505, ('gust', 'sort'): 680.625, ('gust', 'reduce'): 680.668, ('gust', 'final'): 680.727, ('gust', 'pack'): 680.748, ('gust', 'd2h'): 680.761, ('merge', 'start'): 680.881, ('merge', 'h2d'): 680.962, ('merge', 'count'): 680.987, ('merge', 'scan'): 681.026, ('merge', 'expand'): 681.051, ('merge', 'merge'): 681.077, ('merge', 'final'): 681.118, ('merge', 'compact'): 681.145, ('merge', 'pack'): 681.164, ('merge', 'd2h'): 681.187, ('mrg2', 'start'): 681.294, ('mrg2', 'h2d'): 681.373, ('mrg2', 'count'): 681.397, ('mrg2', 'scan'): 681.434, ('mrg2', 'merge'): 681.461, ('mrg2', 'final'): 681.498, ('mrg2', 'compact'): 681.525, ('mrg2', 'pack'): 681.544, ('mrg2', 'd2h'): 681.558, ('mrg3', 'start'): 681.66, ('mrg3', 'h2d'): 681.735, ('mrg3', 'count'): 681.768, ('mrg3', 'scan'): 681.821, ('mrg3', 'merge'): 681.853, ('mrg3', 'pack'): 681.873, ('mrg3', 'd2h'): 681.886}",2.703153993934393,0.1625408012419939
Extremely sparse,bcsstm25,15439,15439,0.006477103439341926,15439,15439,15439,15439,15439,0.0,,0.06100000000003547,0.17999999999994998,0.06500000000005457,0.041999999999916326,0.30600000000004,0.553,,,,,0.606,0.49,0.413,0.42,,0.3300000000000409,0.38800000000003365,0.28099999999994907,0.20500000000004093,0.22299999999995634,"{('cu', 'start'): 686.324, ('cu', 'h2dmalloc'): 686.387, ('cu', 'h2d'): 686.414, ('cu', 'workest'): 686.475, ('cu', 'compute'): 686.655, ('cu', 'copy'): 686.72, ('cu', 'pack'): 686.744, ('cu', 'd2h'): 686.786, ('gust', 'start'): 686.887, ('gust', 'h2d'): 686.983, ('gust', 'count'): 687.007, ('gust', 'scan'): 687.051, ('gust', 'expand'): 687.099, ('gust', 'sort'): 687.231, ('gust', 'reduce'): 687.274, ('gust', 'final'): 687.33, ('gust', 'pack'): 687.371, ('gust', 'd2h'): 687.398, ('merge', 'start'): 687.501, ('merge', 'h2d'): 687.59, ('merge', 'count'): 687.661, ('merge', 'scan'): 687.699, ('merge', 'expand'): 687.734, ('merge', 'merge'): 687.767, ('merge', 'final'): 687.81, ('merge', 'compact'): 687.85, ('merge', 'pack'): 687.871, ('merge', 'd2h'): 687.894, ('mrg2', 'start'): 688.0, ('mrg2', 'h2d'): 688.088, ('mrg2', 'count'): 688.124, ('mrg2', 'scan'): 688.161, ('mrg2', 'merge'): 688.197, ('mrg2', 'final'): 688.233, ('mrg2', 'compact'): 688.27, ('mrg2', 'pack'): 688.293, ('mrg2', 'd2h'): 688.321, ('mrg3', 'start'): 688.417, ('mrg3', 'h2d'): 688.5, ('mrg3', 'count'): 688.575, ('mrg3', 'scan'): 688.628, ('mrg3', 'merge'): 688.701, ('mrg3', 'pack'): 688.723, ('mrg3', 'd2h'): 688.747}",177.74743493646383,0.1729599999496713
