class,name,n,A_nnz,density_pct,cu_cnnz,man_cnnz,merge_cnnz,merge2_cnnz,merge3_cnnz,merge6_cnnz,merge7_cnnz,cnnz_gap_pct,buf2,cu_we,cu_compute,cu_copy,cu_d2h,cu_kernel,cu_time,cu_write,man_count,man_fill,man_kernel,man_time,merge_time,merge2_time,merge3_time,merge6_time,merge7_time,man_write,cu_compute_t,man_compute_t,merge_compute_t,merge2_compute_t,merge3_compute_t,merge6_compute_t,merge7_compute_t,phases,cublas_ms,ocean_ms
Dense,bcsstk02,66,4356,100.0,4356,4356,4356,4356,4356,4356,4356,0.0,,0.05200000000002092,0.19200000000000728,0.043000000000006366,0.07899999999995089,0.28700000000003456,0.51,,,,,0.849,1.726,0.461,0.282,0.464,0.443,,0.30700000000001637,0.6679999999998927,1.5910000000000082,0.3249999999999318,0.14299999999991542,0.27899999999999636,0.26500000000010004,"{('cu', 'start'): 602.912, ('cu', 'h2dmalloc'): 602.962, ('cu', 'h2d'): 602.976, ('cu', 'workest'): 603.028, ('cu', 'compute'): 603.22, ('cu', 'copy'): 603.263, ('cu', 'pack'): 603.283, ('cu', 'd2h'): 603.362, ('gust', 'start'): 603.428, ('gust', 'h2d'): 603.488, ('gust', 'count'): 603.51, ('gust', 'scan'): 603.542, ('gust', 'expand'): 603.631, ('gust', 'sort'): 603.858, ('gust', 'reduce'): 603.993, ('gust', 'final'): 604.137, ('gust', 'pack'): 604.156, ('gust', 'd2h'): 604.166, ('merge', 'start'): 604.283, ('merge', 'h2d'): 604.343, ('merge', 'count'): 604.369, ('merge', 'scan'): 604.399, ('merge', 'expand'): 604.849, ('merge', 'merge'): 605.71, ('merge', 'final'): 605.803, ('merge', 'compact'): 605.914, ('merge', 'pack'): 605.934, ('merge', 'd2h'): 605.944, ('mrg2', 'start'): 606.015, ('mrg2', 'h2d'): 606.076, ('mrg2', 'count'): 606.099, ('mrg2', 'scan'): 606.129, ('mrg2', 'merge'): 606.283, ('mrg2', 'final'): 606.316, ('mrg2', 'compact'): 606.382, ('mrg2', 'pack'): 606.401, ('mrg2', 'd2h'): 606.411, ('mrg3', 'start'): 606.482, ('mrg3', 'h2d'): 606.541, ('mrg3', 'count'): 606.578, ('mrg3', 'scan'): 606.623, ('mrg3', 'merge'): 606.667, ('mrg3', 'pack'): 606.684, ('mrg3', 'd2h'): 606.693, ('mrg6', 'start'): 606.772, ('mrg6', 'h2d'): 606.833, ('mrg6', 'mean_numk'): 606.839, ('mrg6', 'scan'): 606.888, ('mrg6', 'classify'): 606.893, ('mrg6', 'light'): 607.047, ('mrg6', 'compact'): 607.094, ('mrg6', 'pack'): 607.112, ('mrg6', 'd2h'): 607.122, ('mrg7', 'start'): 607.241, ('mrg7', 'h2d'): 607.3, ('mrg7', 'mean_numk'): 607.305, ('mrg7', 'scan'): 607.351, ('mrg7', 'classify'): 607.356, ('mrg7', 'light'): 607.503, ('mrg7', 'compact'): 607.548, ('mrg7', 'pack'): 607.565, ('mrg7', 'd2h'): 607.575}",0.0482600880786776,0.6767391990171745
Dense,can_24,24,160,27.77777777777778,336,336,336,336,336,336,336,0.0,,0.04099999999993997,0.14200000000005275,0.04499999999995907,0.023000000000024556,0.2279999999999518,0.392,,,,,0.362,0.335,0.287,0.244,0.294,0.283,,0.24299999999993815,0.21400000000005548,0.19600000000002638,0.1490000000000009,0.10500000000001819,0.14599999999995816,0.13900000000001,"{('cu', 'start'): 564.999, ('cu', 'h2dmalloc'): 565.048, ('cu', 'h2d'): 565.061, ('cu', 'workest'): 565.102, ('cu', 'compute'): 565.244, ('cu', 'copy'): 565.289, ('cu', 'pack'): 565.304, ('cu', 'd2h'): 565.327, ('gust', 'start'): 565.398, ('gust', 'h2d'): 565.457, ('gust', 'count'): 565.477, ('gust', 'scan'): 565.509, ('gust', 'expand'): 565.53, ('gust', 'sort'): 565.573, ('gust', 'reduce'): 565.609, ('gust', 'final'): 565.656, ('gust', 'pack'): 565.671, ('gust', 'd2h'): 565.68, ('merge', 'start'): 565.765, ('merge', 'h2d'): 565.824, ('merge', 'count'): 565.843, ('merge', 'scan'): 565.875, ('merge', 'expand'): 565.902, ('merge', 'merge'): 565.947, ('merge', 'final'): 565.983, ('merge', 'compact'): 566.005, ('merge', 'pack'): 566.02, ('merge', 'd2h'): 566.029, ('mrg2', 'start'): 566.105, ('mrg2', 'h2d'): 566.162, ('mrg2', 'count'): 566.182, ('mrg2', 'scan'): 566.212, ('mrg2', 'merge'): 566.246, ('mrg2', 'final'): 566.276, ('mrg2', 'compact'): 566.296, ('mrg2', 'pack'): 566.311, ('mrg2', 'd2h'): 566.321, ('mrg3', 'start'): 566.397, ('mrg3', 'h2d'): 566.454, ('mrg3', 'count'): 566.476, ('mrg3', 'scan'): 566.52, ('mrg3', 'merge'): 566.544, ('mrg3', 'pack'): 566.559, ('mrg3', 'd2h'): 566.569, ('mrg6', 'start'): 566.646, ('mrg6', 'h2d'): 566.706, ('mrg6', 'mean_numk'): 566.711, ('mrg6', 'scan'): 566.754, ('mrg6', 'classify'): 566.758, ('mrg6', 'light'): 566.79, ('mrg6', 'compact'): 566.836, ('mrg6', 'pack'): 566.852, ('mrg6', 'd2h'): 566.861, ('mrg7', 'start'): 566.945, ('mrg7', 'h2d'): 567.004, ('mrg7', 'mean_numk'): 567.009, ('mrg7', 'scan'): 567.051, ('mrg7', 'classify'): 567.055, ('mrg7', 'light'): 567.086, ('mrg7', 'compact'): 567.128, ('mrg7', 'pack'): 567.143, ('mrg7', 'd2h'): 567.153}",0.0480300514027476,0.1634496002225205
Dense,bcsstk04,132,3648,20.9366391184573,11968,11968,11968,11968,11968,11968,11968,0.0,,0.053999999999973625,0.21600000000000819,0.05200000000002092,0.07899999999995089,0.32200000000000273,0.541,,,,,0.703,1.191,0.418,0.317,0.41,0.422,,0.3390000000000555,0.55600000000004,1.0489999999999782,0.27499999999997726,0.16300000000001091,0.26400000000001,0.2699999999999818,"{('cu', 'start'): 589.891, ('cu', 'h2dmalloc'): 589.942, ('cu', 'h2d'): 589.958, ('cu', 'workest'): 590.012, ('cu', 'compute'): 590.228, ('cu', 'copy'): 590.28, ('cu', 'pack'): 590.297, ('cu', 'd2h'): 590.376, ('gust', 'start'): 590.439, ('gust', 'h2d'): 590.501, ('gust', 'count'): 590.523, ('gust', 'scan'): 590.558, ('gust', 'expand'): 590.595, ('gust', 'sort'): 590.824, ('gust', 'reduce'): 590.935, ('gust', 'final'): 591.038, ('gust', 'pack'): 591.057, ('gust', 'd2h'): 591.071, ('merge', 'start'): 591.15, ('merge', 'h2d'): 591.211, ('merge', 'count'): 591.233, ('merge', 'scan'): 591.267, ('merge', 'expand'): 591.437, ('merge', 'merge'): 592.127, ('merge', 'final'): 592.168, ('merge', 'compact'): 592.24, ('merge', 'pack'): 592.26, ('merge', 'd2h'): 592.272, ('mrg2', 'start'): 592.348, ('mrg2', 'h2d'): 592.408, ('mrg2', 'count'): 592.43, ('mrg2', 'scan'): 592.466, ('mrg2', 'merge'): 592.612, ('mrg2', 'final'): 592.643, ('mrg2', 'compact'): 592.666, ('mrg2', 'pack'): 592.683, ('mrg2', 'd2h'): 592.695, ('mrg3', 'start'): 592.773, ('mrg3', 'h2d'): 592.841, ('mrg3', 'count'): 592.887, ('mrg3', 'scan'): 592.932, ('mrg3', 'merge'): 592.988, ('mrg3', 'pack'): 593.004, ('mrg3', 'd2h'): 593.017, ('mrg6', 'start'): 593.096, ('mrg6', 'h2d'): 593.154, ('mrg6', 'mean_numk'): 593.16, ('mrg6', 'scan'): 593.205, ('mrg6', 'classify'): 593.215, ('mrg6', 'light'): 593.358, ('mrg6', 'compact'): 593.401, ('mrg6', 'pack'): 593.418, ('mrg6', 'd2h'): 593.43, ('mrg7', 'start'): 593.513, ('mrg7', 'h2d'): 593.571, ('mrg7', 'mean_numk'): 593.577, ('mrg7', 'scan'): 593.622, ('mrg7', 'classify'): 593.627, ('mrg7', 'light'): 593.769, ('mrg7', 'compact'): 593.818, ('mrg7', 'pack'): 593.841, ('mrg7', 'd2h'): 593.856}",0.0490709207952022,0.3878496010322124
Dense,bcsstk01,48,400,17.36111111111111,1292,1292,1292,1292,1292,1292,1292,0.0,,0.043000000000006366,0.1369999999999436,0.047000000000025466,0.027999999999906322,0.22699999999997544,0.399,,,,,0.42,0.362,0.3,0.256,0.296,0.292,,0.2440000000000282,0.27899999999999636,0.2239999999999327,0.16399999999998727,0.11599999999998545,0.1570000000000391,0.1490000000000009,"{('cu', 'start'): 581.687, ('cu', 'h2dmalloc'): 581.737, ('cu', 'h2d'): 581.749, ('cu', 'workest'): 581.792, ('cu', 'compute'): 581.929, ('cu', 'copy'): 581.976, ('cu', 'pack'): 581.993, ('cu', 'd2h'): 582.021, ('gust', 'start'): 582.091, ('gust', 'h2d'): 582.152, ('gust', 'count'): 582.173, ('gust', 'scan'): 582.204, ('gust', 'expand'): 582.226, ('gust', 'sort'): 582.332, ('gust', 'reduce'): 582.368, ('gust', 'final'): 582.415, ('gust', 'pack'): 582.431, ('gust', 'd2h'): 582.44, ('merge', 'start'): 582.517, ('merge', 'h2d'): 582.576, ('merge', 'count'): 582.595, ('merge', 'scan'): 582.626, ('merge', 'expand'): 582.659, ('merge', 'merge'): 582.728, ('merge', 'final'): 582.763, ('merge', 'compact'): 582.785, ('merge', 'pack'): 582.8, ('merge', 'd2h'): 582.81, ('mrg2', 'start'): 582.884, ('mrg2', 'h2d'): 582.941, ('mrg2', 'count'): 582.963, ('mrg2', 'scan'): 582.993, ('mrg2', 'merge'): 583.038, ('mrg2', 'final'): 583.068, ('mrg2', 'compact'): 583.091, ('mrg2', 'pack'): 583.105, ('mrg2', 'd2h'): 583.115, ('mrg3', 'start'): 583.19, ('mrg3', 'h2d'): 583.249, ('mrg3', 'count'): 583.275, ('mrg3', 'scan'): 583.32, ('mrg3', 'merge'): 583.352, ('mrg3', 'pack'): 583.365, ('mrg3', 'd2h'): 583.375, ('mrg6', 'start'): 583.451, ('mrg6', 'h2d'): 583.509, ('mrg6', 'mean_numk'): 583.514, ('mrg6', 'scan'): 583.556, ('mrg6', 'classify'): 583.561, ('mrg6', 'light'): 583.602, ('mrg6', 'compact'): 583.649, ('mrg6', 'pack'): 583.666, ('mrg6', 'd2h'): 583.675, ('mrg7', 'start'): 583.752, ('mrg7', 'h2d'): 583.81, ('mrg7', 'mean_numk'): 583.815, ('mrg7', 'scan'): 583.856, ('mrg7', 'classify'): 583.861, ('mrg7', 'light'): 583.901, ('mrg7', 'compact'): 583.943, ('mrg7', 'pack'): 583.959, ('mrg7', 'd2h'): 583.968}",0.0181429786607623,0.2423167997039854
Dense,can_61,61,557,14.969094329481322,1793,1793,1793,1793,1793,1793,1793,0.0,,0.043000000000006366,0.1449999999999818,0.047000000000025466,0.024999999999977263,0.23500000000001364,0.403,,,,,0.445,0.46,0.309,0.261,0.307,0.296,,0.2520000000000664,0.30299999999999727,0.32200000000000273,0.17300000000000182,0.125,0.16899999999998272,0.16099999999994452,"{('cu', 'start'): 599.283, ('cu', 'h2dmalloc'): 599.334, ('cu', 'h2d'): 599.347, ('cu', 'workest'): 599.39, ('cu', 'compute'): 599.535, ('cu', 'copy'): 599.582, ('cu', 'pack'): 599.599, ('cu', 'd2h'): 599.624, ('gust', 'start'): 599.692, ('gust', 'h2d'): 599.754, ('gust', 'count'): 599.779, ('gust', 'scan'): 599.811, ('gust', 'expand'): 599.835, ('gust', 'sort'): 599.942, ('gust', 'reduce'): 599.98, ('gust', 'final'): 600.039, ('gust', 'pack'): 600.057, ('gust', 'd2h'): 600.066, ('merge', 'start'): 600.144, ('merge', 'h2d'): 600.204, ('merge', 'count'): 600.225, ('merge', 'scan'): 600.256, ('merge', 'expand'): 600.303, ('merge', 'merge'): 600.453, ('merge', 'final'): 600.488, ('merge', 'compact'): 600.511, ('merge', 'pack'): 600.526, ('merge', 'd2h'): 600.535, ('mrg2', 'start'): 600.61, ('mrg2', 'h2d'): 600.668, ('mrg2', 'count'): 600.688, ('mrg2', 'scan'): 600.718, ('mrg2', 'merge'): 600.773, ('mrg2', 'final'): 600.802, ('mrg2', 'compact'): 600.823, ('mrg2', 'pack'): 600.841, ('mrg2', 'd2h'): 600.85, ('mrg3', 'start'): 600.924, ('mrg3', 'h2d'): 600.982, ('mrg3', 'count'): 601.011, ('mrg3', 'scan'): 601.061, ('mrg3', 'merge'): 601.091, ('mrg3', 'pack'): 601.107, ('mrg3', 'd2h'): 601.116, ('mrg6', 'start'): 601.192, ('mrg6', 'h2d'): 601.25, ('mrg6', 'mean_numk'): 601.255, ('mrg6', 'scan'): 601.299, ('mrg6', 'classify'): 601.303, ('mrg6', 'light'): 601.354, ('mrg6', 'compact'): 601.402, ('mrg6', 'pack'): 601.419, ('mrg6', 'd2h'): 601.428, ('mrg7', 'start'): 601.504, ('mrg7', 'h2d'): 601.562, ('mrg7', 'mean_numk'): 601.567, ('mrg7', 'scan'): 601.61, ('mrg7', 'classify'): 601.615, ('mrg7', 'light'): 601.665, ('mrg7', 'compact'): 601.707, ('mrg7', 'pack'): 601.723, ('mrg7', 'd2h'): 601.732}",0.0272539909929037,0.2516544002806767
Dense,bcsstk05,153,2423,10.350719808620616,7245,7245,7245,7245,7245,7245,7245,0.0,,0.04899999999997817,0.1470000000000482,0.049999999999954525,0.02400000000000091,0.2459999999999809,0.408,,,,,0.455,0.495,0.324,0.28,0.32,0.319,,0.2599999999999909,0.3100000000000591,0.3550000000000182,0.18499999999994543,0.14299999999991542,0.17899999999997362,0.17300000000000182,"{('cu', 'start'): 603.447, ('cu', 'h2dmalloc'): 603.495, ('cu', 'h2d'): 603.511, ('cu', 'workest'): 603.56, ('cu', 'compute'): 603.707, ('cu', 'copy'): 603.757, ('cu', 'pack'): 603.771, ('cu', 'd2h'): 603.795, ('gust', 'start'): 603.862, ('gust', 'h2d'): 603.925, ('gust', 'count'): 603.945, ('gust', 'scan'): 603.977, ('gust', 'expand'): 604.006, ('gust', 'sort'): 604.133, ('gust', 'reduce'): 604.171, ('gust', 'final'): 604.218, ('gust', 'pack'): 604.235, ('gust', 'd2h'): 604.246, ('merge', 'start'): 604.324, ('merge', 'h2d'): 604.385, ('merge', 'count'): 604.405, ('merge', 'scan'): 604.437, ('merge', 'expand'): 604.5, ('merge', 'merge'): 604.669, ('merge', 'final'): 604.702, ('merge', 'compact'): 604.725, ('merge', 'pack'): 604.74, ('merge', 'd2h'): 604.751, ('mrg2', 'start'): 604.824, ('mrg2', 'h2d'): 604.884, ('mrg2', 'count'): 604.905, ('mrg2', 'scan'): 604.936, ('mrg2', 'merge'): 604.997, ('mrg2', 'final'): 605.033, ('mrg2', 'compact'): 605.053, ('mrg2', 'pack'): 605.069, ('mrg2', 'd2h'): 605.08, ('mrg3', 'start'): 605.153, ('mrg3', 'h2d'): 605.214, ('mrg3', 'count'): 605.252, ('mrg3', 'scan'): 605.295, ('mrg3', 'merge'): 605.341, ('mrg3', 'pack'): 605.357, ('mrg3', 'd2h'): 605.367, ('mrg6', 'start'): 605.44, ('mrg6', 'h2d'): 605.5, ('mrg6', 'mean_numk'): 605.505, ('mrg6', 'scan'): 605.549, ('mrg6', 'classify'): 605.558, ('mrg6', 'light'): 605.62, ('mrg6', 'compact'): 605.662, ('mrg6', 'pack'): 605.679, ('mrg6', 'd2h'): 605.69, ('mrg7', 'start'): 605.766, ('mrg7', 'h2d'): 605.827, ('mrg7', 'mean_numk'): 605.832, ('mrg7', 'scan'): 605.876, ('mrg7', 'classify'): 605.885, ('mrg7', 'light'): 605.942, ('mrg7', 'compact'): 605.984, ('mrg7', 'pack'): 606.0, ('mrg7', 'd2h'): 606.014}",0.0489599769935011,0.2654816008172929
Mildly sparse,bcspwr01,39,131,8.61275476660092,275,275,275,275,275,275,275,0.0,,0.041999999999916326,0.1490000000000009,0.04500000000007276,0.023000000000024556,0.23599999999999,0.402,,,,,0.357,0.314,0.279,0.243,0.289,0.275,,0.2519999999999527,0.21400000000005548,0.17399999999997817,0.1409999999999627,0.10400000000004184,0.14299999999991542,0.13400000000001455,"{('cu', 'start'): 566.436, ('cu', 'h2dmalloc'): 566.486, ('cu', 'h2d'): 566.498, ('cu', 'workest'): 566.54, ('cu', 'compute'): 566.689, ('cu', 'copy'): 566.734, ('cu', 'pack'): 566.75, ('cu', 'd2h'): 566.773, ('gust', 'start'): 566.844, ('gust', 'h2d'): 566.904, ('gust', 'count'): 566.922, ('gust', 'scan'): 566.954, ('gust', 'expand'): 566.974, ('gust', 'sort'): 567.016, ('gust', 'reduce'): 567.051, ('gust', 'final'): 567.097, ('gust', 'pack'): 567.118, ('gust', 'd2h'): 567.127, ('merge', 'start'): 567.206, ('merge', 'h2d'): 567.265, ('merge', 'count'): 567.283, ('merge', 'scan'): 567.315, ('merge', 'expand'): 567.335, ('merge', 'merge'): 567.366, ('merge', 'final'): 567.402, ('merge', 'compact'): 567.424, ('merge', 'pack'): 567.439, ('merge', 'd2h'): 567.448, ('mrg2', 'start'): 567.526, ('mrg2', 'h2d'): 567.582, ('mrg2', 'count'): 567.601, ('mrg2', 'scan'): 567.631, ('mrg2', 'merge'): 567.659, ('mrg2', 'final'): 567.688, ('mrg2', 'compact'): 567.709, ('mrg2', 'pack'): 567.723, ('mrg2', 'd2h'): 567.732, ('mrg3', 'start'): 567.81, ('mrg3', 'h2d'): 567.866, ('mrg3', 'count'): 567.889, ('mrg3', 'scan'): 567.932, ('mrg3', 'merge'): 567.957, ('mrg3', 'pack'): 567.97, ('mrg3', 'd2h'): 567.98, ('mrg6', 'start'): 568.058, ('mrg6', 'h2d'): 568.118, ('mrg6', 'mean_numk'): 568.123, ('mrg6', 'scan'): 568.167, ('mrg6', 'classify'): 568.174, ('mrg6', 'light'): 568.2, ('mrg6', 'compact'): 568.245, ('mrg6', 'pack'): 568.261, ('mrg6', 'd2h'): 568.27, ('mrg7', 'start'): 568.351, ('mrg7', 'h2d'): 568.409, ('mrg7', 'mean_numk'): 568.414, ('mrg7', 'scan'): 568.456, ('mrg7', 'classify'): 568.46, ('mrg7', 'light'): 568.486, ('mrg7', 'compact'): 568.527, ('mrg7', 'pack'): 568.543, ('mrg7', 'd2h'): 568.551}",0.0502190086990594,0.1592640005983412
Mildly sparse,can_96,96,768,8.333333333333332,1920,1920,1920,1920,1920,1920,1920,0.0,,0.05999999999994543,0.17300000000000182,0.057999999999992724,0.024999999999977263,0.29099999999994,0.515,,,,,0.53,0.425,0.379,0.304,0.353,0.356,,0.31399999999996453,0.34199999999998454,0.23300000000006094,0.18599999999992178,0.1269999999999527,0.17799999999999727,0.17199999999991178,"{('cu', 'start'): 678.116, ('cu', 'h2dmalloc'): 678.182, ('cu', 'h2d'): 678.201, ('cu', 'workest'): 678.261, ('cu', 'compute'): 678.434, ('cu', 'copy'): 678.492, ('cu', 'pack'): 678.515, ('cu', 'd2h'): 678.54, ('gust', 'start'): 678.638, ('gust', 'h2d'): 678.718, ('gust', 'count'): 678.742, ('gust', 'scan'): 678.781, ('gust', 'expand'): 678.808, ('gust', 'sort'): 678.929, ('gust', 'reduce'): 678.984, ('gust', 'final'): 679.037, ('gust', 'pack'): 679.06, ('gust', 'd2h'): 679.07, ('merge', 'start'): 679.178, ('merge', 'h2d'): 679.265, ('merge', 'count'): 679.289, ('merge', 'scan'): 679.325, ('merge', 'expand'): 679.359, ('merge', 'merge'): 679.413, ('merge', 'final'): 679.454, ('merge', 'compact'): 679.479, ('merge', 'pack'): 679.498, ('merge', 'd2h'): 679.508, ('mrg2', 'start'): 679.611, ('mrg2', 'h2d'): 679.695, ('mrg2', 'count'): 679.722, ('mrg2', 'scan'): 679.761, ('mrg2', 'merge'): 679.804, ('mrg2', 'final'): 679.837, ('mrg2', 'compact'): 679.863, ('mrg2', 'pack'): 679.881, ('mrg2', 'd2h'): 679.893, ('mrg3', 'start'): 679.995, ('mrg3', 'h2d'): 680.071, ('mrg3', 'count'): 680.101, ('mrg3', 'scan'): 680.151, ('mrg3', 'merge'): 680.181, ('mrg3', 'pack'): 680.198, ('mrg3', 'd2h'): 680.209, ('mrg6', 'start'): 680.307, ('mrg6', 'h2d'): 680.38, ('mrg6', 'mean_numk'): 680.387, ('mrg6', 'scan'): 680.434, ('mrg6', 'classify'): 680.441, ('mrg6', 'light'): 680.479, ('mrg6', 'compact'): 680.536, ('mrg6', 'pack'): 680.558, ('mrg6', 'd2h'): 680.568, ('mrg7', 'start'): 680.664, ('mrg7', 'h2d'): 680.738, ('mrg7', 'mean_numk'): 680.746, ('mrg7', 'scan'): 680.794, ('mrg7', 'classify'): 680.801, ('mrg7', 'light'): 680.838, ('mrg7', 'compact'): 680.887, ('mrg7', 'pack'): 680.91, ('mrg7', 'd2h'): 680.92}",0.0481790630146861,0.2489152003778144
Mildly sparse,arc130,130,1282,7.585798816568047,15631,15631,15631,15631,15631,15631,15631,0.0,,0.04399999999998272,0.16099999999994452,0.05400000000008731,0.02800000000002001,0.25900000000001455,0.435,,,,,0.482,1.654,0.467,0.347,0.52,0.528,,0.27499999999997726,0.3310000000000173,1.5069999999999482,0.31999999999993634,0.18799999999998818,0.36599999999998545,0.3770000000000664,"{('cu', 'start'): 584.854, ('cu', 'h2dmalloc'): 584.903, ('cu', 'h2d'): 584.917, ('cu', 'workest'): 584.961, ('cu', 'compute'): 585.122, ('cu', 'copy'): 585.176, ('cu', 'pack'): 585.192, ('cu', 'd2h'): 585.22, ('gust', 'start'): 585.294, ('gust', 'h2d'): 585.356, ('gust', 'count'): 585.38, ('gust', 'scan'): 585.413, ('gust', 'expand'): 585.456, ('gust', 'sort'): 585.578, ('gust', 'reduce'): 585.616, ('gust', 'final'): 585.671, ('gust', 'pack'): 585.687, ('gust', 'd2h'): 585.7, ('merge', 'start'): 585.781, ('merge', 'h2d'): 585.841, ('merge', 'count'): 585.865, ('merge', 'scan'): 585.897, ('merge', 'expand'): 586.033, ('merge', 'merge'): 587.274, ('merge', 'final'): 587.31, ('merge', 'compact'): 587.334, ('merge', 'pack'): 587.348, ('merge', 'd2h'): 587.361, ('mrg2', 'start'): 587.44, ('mrg2', 'h2d'): 587.499, ('mrg2', 'count'): 587.522, ('mrg2', 'scan'): 587.553, ('mrg2', 'merge'): 587.75, ('mrg2', 'final'): 587.781, ('mrg2', 'compact'): 587.803, ('mrg2', 'pack'): 587.819, ('mrg2', 'd2h'): 587.832, ('mrg3', 'start'): 587.911, ('mrg3', 'h2d'): 587.97, ('mrg3', 'count'): 588.024, ('mrg3', 'scan'): 588.07, ('mrg3', 'merge'): 588.136, ('mrg3', 'pack'): 588.158, ('mrg3', 'd2h'): 588.178, ('mrg6', 'start'): 588.263, ('mrg6', 'h2d'): 588.325, ('mrg6', 'mean_numk'): 588.329, ('mrg6', 'scan'): 588.378, ('mrg6', 'classify'): 588.388, ('mrg6', 'light'): 588.513, ('mrg6', 'heavy'): 588.632, ('mrg6', 'compact'): 588.675, ('mrg6', 'pack'): 588.691, ('mrg6', 'd2h'): 588.704, ('mrg7', 'start'): 588.788, ('mrg7', 'h2d'): 588.848, ('mrg7', 'mean_numk'): 588.857, ('mrg7', 'scan'): 588.904, ('mrg7', 'classify'): 588.913, ('mrg7', 'light'): 589.038, ('mrg7', 'heavy'): 589.165, ('mrg7', 'compact'): 589.209, ('mrg7', 'pack'): 589.225, ('mrg7', 'd2h'): 589.238}",0.0518860761076211,0.2964991993736475
Mildly sparse,ash85,85,523,7.2387543252595155,1317,1317,1317,1317,1317,1317,1317,0.0,,0.041999999999916326,0.1510000000000673,0.04699999999991178,0.02400000000000091,0.2399999999998954,0.408,,,,,0.425,0.346,0.291,0.255,0.301,0.285,,0.2559999999999718,0.2820000000000391,0.20600000000001728,0.14999999999997726,0.1150000000000091,0.15800000000001546,0.1430000000000291,"{('cu', 'start'): 565.877, ('cu', 'h2dmalloc'): 565.927, ('cu', 'h2d'): 565.94, ('cu', 'workest'): 565.982, ('cu', 'compute'): 566.133, ('cu', 'copy'): 566.18, ('cu', 'pack'): 566.196, ('cu', 'd2h'): 566.22, ('gust', 'start'): 566.293, ('gust', 'h2d'): 566.353, ('gust', 'count'): 566.372, ('gust', 'scan'): 566.405, ('gust', 'expand'): 566.425, ('gust', 'sort'): 566.531, ('gust', 'reduce'): 566.568, ('gust', 'final'): 566.619, ('gust', 'pack'): 566.635, ('gust', 'd2h'): 566.644, ('merge', 'start'): 566.723, ('merge', 'h2d'): 566.782, ('merge', 'count'): 566.801, ('merge', 'scan'): 566.837, ('merge', 'expand'): 566.863, ('merge', 'merge'): 566.915, ('merge', 'final'): 566.949, ('merge', 'compact'): 566.972, ('merge', 'pack'): 566.988, ('merge', 'd2h'): 566.997, ('mrg2', 'start'): 567.074, ('mrg2', 'h2d'): 567.133, ('mrg2', 'count'): 567.152, ('mrg2', 'scan'): 567.182, ('mrg2', 'merge'): 567.217, ('mrg2', 'final'): 567.247, ('mrg2', 'compact'): 567.268, ('mrg2', 'pack'): 567.283, ('mrg2', 'd2h'): 567.292, ('mrg3', 'start'): 567.37, ('mrg3', 'h2d'): 567.428, ('mrg3', 'count'): 567.455, ('mrg3', 'scan'): 567.499, ('mrg3', 'merge'): 567.529, ('mrg3', 'pack'): 567.543, ('mrg3', 'd2h'): 567.552, ('mrg6', 'start'): 567.63, ('mrg6', 'h2d'): 567.688, ('mrg6', 'mean_numk'): 567.693, ('mrg6', 'scan'): 567.736, ('mrg6', 'classify'): 567.743, ('mrg6', 'light'): 567.777, ('mrg6', 'compact'): 567.829, ('mrg6', 'pack'): 567.846, ('mrg6', 'd2h'): 567.855, ('mrg7', 'start'): 567.937, ('mrg7', 'h2d'): 567.996, ('mrg7', 'mean_numk'): 568.0, ('mrg7', 'scan'): 568.043, ('mrg7', 'classify'): 568.049, ('mrg7', 'light'): 568.082, ('mrg7', 'compact'): 568.123, ('mrg7', 'pack'): 568.139, ('mrg7', 'd2h'): 568.148}",0.0505410134792327,0.1669216007692739
Mildly sparse,can_73,73,377,7.0744980296490905,1377,1377,1377,1377,1377,1377,1377,0.0,,0.041999999999916326,0.1430000000000291,0.04600000000004911,0.024999999999977263,0.23099999999999454,0.4,,,,,0.369,0.343,0.294,0.256,0.302,0.288,,0.24699999999995725,0.22100000000000364,0.20199999999999818,0.15399999999999636,0.11599999999998545,0.15899999999999181,0.1449999999999818,"{('cu', 'start'): 563.531, ('cu', 'h2dmalloc'): 563.582, ('cu', 'h2d'): 563.594, ('cu', 'workest'): 563.636, ('cu', 'compute'): 563.779, ('cu', 'copy'): 563.825, ('cu', 'pack'): 563.841, ('cu', 'd2h'): 563.866, ('gust', 'start'): 563.939, ('gust', 'h2d'): 563.998, ('gust', 'count'): 564.017, ('gust', 'scan'): 564.048, ('gust', 'expand'): 564.072, ('gust', 'sort'): 564.116, ('gust', 'reduce'): 564.152, ('gust', 'final'): 564.203, ('gust', 'pack'): 564.219, ('gust', 'd2h'): 564.228, ('merge', 'start'): 564.312, ('merge', 'h2d'): 564.372, ('merge', 'count'): 564.395, ('merge', 'scan'): 564.426, ('merge', 'expand'): 564.452, ('merge', 'merge'): 564.502, ('merge', 'final'): 564.536, ('merge', 'compact'): 564.559, ('merge', 'pack'): 564.574, ('merge', 'd2h'): 564.583, ('mrg2', 'start'): 564.66, ('mrg2', 'h2d'): 564.718, ('mrg2', 'count'): 564.737, ('mrg2', 'scan'): 564.768, ('mrg2', 'merge'): 564.807, ('mrg2', 'final'): 564.837, ('mrg2', 'compact'): 564.857, ('mrg2', 'pack'): 564.872, ('mrg2', 'd2h'): 564.882, ('mrg3', 'start'): 564.959, ('mrg3', 'h2d'): 565.016, ('mrg3', 'count'): 565.043, ('mrg3', 'scan'): 565.087, ('mrg3', 'merge'): 565.117, ('mrg3', 'pack'): 565.132, ('mrg3', 'd2h'): 565.141, ('mrg6', 'start'): 565.221, ('mrg6', 'h2d'): 565.278, ('mrg6', 'mean_numk'): 565.288, ('mrg6', 'scan'): 565.332, ('mrg6', 'classify'): 565.337, ('mrg6', 'light'): 565.374, ('mrg6', 'compact'): 565.421, ('mrg6', 'pack'): 565.437, ('mrg6', 'd2h'): 565.446, ('mrg7', 'start'): 565.527, ('mrg7', 'h2d'): 565.586, ('mrg7', 'mean_numk'): 565.59, ('mrg7', 'scan'): 565.633, ('mrg7', 'classify'): 565.637, ('mrg7', 'light'): 565.674, ('mrg7', 'compact'): 565.716, ('mrg7', 'pack'): 565.731, ('mrg7', 'd2h'): 565.741}",0.0367800239473581,0.1654879997950047
Mildly sparse,bcspwr02,49,167,6.9554352353186175,403,403,403,403,403,403,403,0.0,,0.04099999999993997,0.14400000000000546,0.05200000000002092,0.02400000000000091,0.23699999999996635,0.406,,,,,0.36,0.319,0.295,0.243,0.282,0.274,,0.25299999999992906,0.2159999999998945,0.18100000000004002,0.15399999999999636,0.1049999999999045,0.13999999999998636,0.13400000000001455,"{('cu', 'start'): 564.965, ('cu', 'h2dmalloc'): 565.015, ('cu', 'h2d'): 565.027, ('cu', 'workest'): 565.068, ('cu', 'compute'): 565.212, ('cu', 'copy'): 565.264, ('cu', 'pack'): 565.28, ('cu', 'd2h'): 565.304, ('gust', 'start'): 565.38, ('gust', 'h2d'): 565.44, ('gust', 'count'): 565.459, ('gust', 'scan'): 565.49, ('gust', 'expand'): 565.511, ('gust', 'sort'): 565.554, ('gust', 'reduce'): 565.593, ('gust', 'final'): 565.641, ('gust', 'pack'): 565.656, ('gust', 'd2h'): 565.665, ('merge', 'start'): 565.745, ('merge', 'h2d'): 565.803, ('merge', 'count'): 565.821, ('merge', 'scan'): 565.852, ('merge', 'expand'): 565.878, ('merge', 'merge'): 565.913, ('merge', 'final'): 565.947, ('merge', 'compact'): 565.969, ('merge', 'pack'): 565.984, ('merge', 'd2h'): 565.993, ('mrg2', 'start'): 566.068, ('mrg2', 'h2d'): 566.126, ('mrg2', 'count'): 566.144, ('mrg2', 'scan'): 566.175, ('mrg2', 'merge'): 566.209, ('mrg2', 'final'): 566.243, ('mrg2', 'compact'): 566.264, ('mrg2', 'pack'): 566.28, ('mrg2', 'd2h'): 566.29, ('mrg3', 'start'): 566.368, ('mrg3', 'h2d'): 566.426, ('mrg3', 'count'): 566.45, ('mrg3', 'scan'): 566.492, ('mrg3', 'merge'): 566.517, ('mrg3', 'pack'): 566.531, ('mrg3', 'd2h'): 566.54, ('mrg6', 'start'): 566.616, ('mrg6', 'h2d'): 566.673, ('mrg6', 'mean_numk'): 566.677, ('mrg6', 'scan'): 566.719, ('mrg6', 'classify'): 566.723, ('mrg6', 'light'): 566.751, ('mrg6', 'compact'): 566.797, ('mrg6', 'pack'): 566.813, ('mrg6', 'd2h'): 566.822, ('mrg7', 'start'): 566.904, ('mrg7', 'h2d'): 566.961, ('mrg7', 'mean_numk'): 566.966, ('mrg7', 'scan'): 567.008, ('mrg7', 'classify'): 567.012, ('mrg7', 'light'): 567.04, ('mrg7', 'compact'): 567.08, ('mrg7', 'pack'): 567.095, ('mrg7', 'd2h'): 567.104}",0.0390430213883519,0.1597824000520631
Mildly sparse,can_144,144,1296,6.25,3456,3456,3456,3456,3456,3456,3456,0.0,,0.049999999999954525,0.15399999999999636,0.04800000000000182,0.02299999999991087,0.2519999999999527,0.422,,,,,0.434,0.386,0.3,0.26,0.3,0.291,,0.2680000000000291,0.2880000000000109,0.23699999999996635,0.15599999999994907,0.11800000000005184,0.15499999999997272,0.14699999999993452,"{('cu', 'start'): 586.256, ('cu', 'h2dmalloc'): 586.306, ('cu', 'h2d'): 586.321, ('cu', 'workest'): 586.371, ('cu', 'compute'): 586.525, ('cu', 'copy'): 586.573, ('cu', 'pack'): 586.589, ('cu', 'd2h'): 586.612, ('gust', 'start'): 586.685, ('gust', 'h2d'): 586.747, ('gust', 'count'): 586.767, ('gust', 'scan'): 586.799, ('gust', 'expand'): 586.821, ('gust', 'sort'): 586.931, ('gust', 'reduce'): 586.969, ('gust', 'final'): 587.019, ('gust', 'pack'): 587.035, ('gust', 'd2h'): 587.044, ('merge', 'start'): 587.124, ('merge', 'h2d'): 587.19, ('merge', 'count'): 587.21, ('merge', 'scan'): 587.242, ('merge', 'expand'): 587.278, ('merge', 'merge'): 587.354, ('merge', 'final'): 587.39, ('merge', 'compact'): 587.412, ('merge', 'pack'): 587.427, ('merge', 'd2h'): 587.437, ('mrg2', 'start'): 587.515, ('mrg2', 'h2d'): 587.575, ('mrg2', 'count'): 587.594, ('mrg2', 'scan'): 587.625, ('mrg2', 'merge'): 587.665, ('mrg2', 'final'): 587.695, ('mrg2', 'compact'): 587.716, ('mrg2', 'pack'): 587.731, ('mrg2', 'd2h'): 587.741, ('mrg3', 'start'): 587.82, ('mrg3', 'h2d'): 587.88, ('mrg3', 'count'): 587.907, ('mrg3', 'scan'): 587.952, ('mrg3', 'merge'): 587.983, ('mrg3', 'pack'): 587.998, ('mrg3', 'd2h'): 588.008, ('mrg6', 'start'): 588.085, ('mrg6', 'h2d'): 588.144, ('mrg6', 'mean_numk'): 588.149, ('mrg6', 'scan'): 588.195, ('mrg6', 'classify'): 588.199, ('mrg6', 'light'): 588.24, ('mrg6', 'compact'): 588.283, ('mrg6', 'pack'): 588.299, ('mrg6', 'd2h'): 588.308, ('mrg7', 'start'): 588.39, ('mrg7', 'h2d'): 588.451, ('mrg7', 'mean_numk'): 588.459, ('mrg7', 'scan'): 588.501, ('mrg7', 'classify'): 588.505, ('mrg7', 'light'): 588.541, ('mrg7', 'compact'): 588.583, ('mrg7', 'pack'): 588.598, ('mrg7', 'd2h'): 588.607}",0.0241650268435478,0.252377600222826
Mildly sparse,can_62,62,218,5.6711758584807495,482,482,482,482,482,482,482,0.0,,0.05899999999996908,0.15600000000006276,0.05899999999996908,0.027999999999906322,0.2740000000000009,0.504,,,,,0.468,0.401,0.367,0.334,0.371,0.365,,0.29700000000002547,0.2699999999999818,0.21400000000005548,0.17700000000002092,0.13200000000006185,0.17899999999997362,0.16800000000000637,"{('cu', 'start'): 649.604, ('cu', 'h2dmalloc'): 649.671, ('cu', 'h2d'): 649.687, ('cu', 'workest'): 649.746, ('cu', 'compute'): 649.902, ('cu', 'copy'): 649.961, ('cu', 'pack'): 649.984, ('cu', 'd2h'): 650.012, ('gust', 'start'): 650.118, ('gust', 'h2d'): 650.198, ('gust', 'count'): 650.224, ('gust', 'scan'): 650.264, ('gust', 'expand'): 650.289, ('gust', 'sort'): 650.337, ('gust', 'reduce'): 650.388, ('gust', 'final'): 650.445, ('gust', 'pack'): 650.468, ('gust', 'd2h'): 650.479, ('merge', 'start'): 650.594, ('merge', 'h2d'): 650.67, ('merge', 'count'): 650.694, ('merge', 'scan'): 650.734, ('merge', 'expand'): 650.762, ('merge', 'merge'): 650.798, ('merge', 'final'): 650.839, ('merge', 'compact'): 650.866, ('merge', 'pack'): 650.884, ('merge', 'd2h'): 650.896, ('mrg2', 'start'): 651.001, ('mrg2', 'h2d'): 651.076, ('mrg2', 'count'): 651.099, ('mrg2', 'scan'): 651.137, ('mrg2', 'merge'): 651.169, ('mrg2', 'final'): 651.206, ('mrg2', 'compact'): 651.23, ('mrg2', 'pack'): 651.253, ('mrg2', 'd2h'): 651.268, ('mrg3', 'start'): 651.383, ('mrg3', 'h2d'): 651.458, ('mrg3', 'count'): 651.487, ('mrg3', 'scan'): 651.541, ('mrg3', 'merge'): 651.572, ('mrg3', 'pack'): 651.59, ('mrg3', 'd2h'): 651.602, ('mrg6', 'start'): 651.717, ('mrg6', 'h2d'): 651.792, ('mrg6', 'mean_numk'): 651.8, ('mrg6', 'scan'): 651.851, ('mrg6', 'classify'): 651.858, ('mrg6', 'light'): 651.888, ('mrg6', 'compact'): 651.948, ('mrg6', 'pack'): 651.971, ('mrg6', 'd2h'): 651.982, ('mrg7', 'start'): 652.095, ('mrg7', 'h2d'): 652.169, ('mrg7', 'mean_numk'): 652.177, ('mrg7', 'scan'): 652.227, ('mrg7', 'classify'): 652.235, ('mrg7', 'light'): 652.264, ('mrg7', 'compact'): 652.314, ('mrg7', 'pack'): 652.337, ('mrg7', 'd2h'): 652.348}",0.0220469664782285,0.1581376006593927
Mildly sparse,can_161,161,1377,5.31229505034528,3761,3761,3761,3761,3761,3761,3761,0.0,,0.05099999999993088,0.14999999999997726,0.04900000000009186,0.02400000000000091,0.25,0.423,,,,,0.434,0.39,0.296,0.285,0.298,0.289,,0.26499999999998636,0.28700000000003456,0.2459999999999809,0.15399999999999636,0.1409999999999627,0.15300000000002,0.1449999999999818,"{('cu', 'start'): 560.709, ('cu', 'h2dmalloc'): 560.759, ('cu', 'h2d'): 560.772, ('cu', 'workest'): 560.823, ('cu', 'compute'): 560.973, ('cu', 'copy'): 561.022, ('cu', 'pack'): 561.037, ('cu', 'd2h'): 561.061, ('gust', 'start'): 561.139, ('gust', 'h2d'): 561.199, ('gust', 'count'): 561.218, ('gust', 'scan'): 561.25, ('gust', 'expand'): 561.273, ('gust', 'sort'): 561.381, ('gust', 'reduce'): 561.421, ('gust', 'final'): 561.469, ('gust', 'pack'): 561.486, ('gust', 'd2h'): 561.496, ('merge', 'start'): 561.578, ('merge', 'h2d'): 561.64, ('merge', 'count'): 561.659, ('merge', 'scan'): 561.691, ('merge', 'expand'): 561.723, ('merge', 'merge'): 561.81, ('merge', 'final'): 561.845, ('merge', 'compact'): 561.871, ('merge', 'pack'): 561.886, ('merge', 'd2h'): 561.896, ('mrg2', 'start'): 561.973, ('mrg2', 'h2d'): 562.032, ('mrg2', 'count'): 562.051, ('mrg2', 'scan'): 562.082, ('mrg2', 'merge'): 562.122, ('mrg2', 'final'): 562.152, ('mrg2', 'compact'): 562.172, ('mrg2', 'pack'): 562.186, ('mrg2', 'd2h'): 562.196, ('mrg3', 'start'): 562.275, ('mrg3', 'h2d'): 562.335, ('mrg3', 'count'): 562.371, ('mrg3', 'scan'): 562.421, ('mrg3', 'merge'): 562.46, ('mrg3', 'pack'): 562.476, ('mrg3', 'd2h'): 562.485, ('mrg6', 'start'): 562.565, ('mrg6', 'h2d'): 562.624, ('mrg6', 'mean_numk'): 562.629, ('mrg6', 'scan'): 562.672, ('mrg6', 'classify'): 562.676, ('mrg6', 'light'): 562.718, ('mrg6', 'compact'): 562.761, ('mrg6', 'pack'): 562.777, ('mrg6', 'd2h'): 562.786, ('mrg7', 'start'): 562.868, ('mrg7', 'h2d'): 562.928, ('mrg7', 'mean_numk'): 562.933, ('mrg7', 'scan'): 562.974, ('mrg7', 'classify'): 562.978, ('mrg7', 'light'): 563.016, ('mrg7', 'compact'): 563.057, ('mrg7', 'pack'): 563.073, ('mrg7', 'd2h'): 563.083}",0.0244809780269861,0.2539872006978839
Mildly sparse,bcsstk03,112,640,5.1020408163265305,1072,1072,1072,1072,1072,1072,1072,0.0,,0.04200000000003001,0.14199999999993906,0.04600000000004911,0.02400000000000091,0.2300000000000182,0.398,,,,,0.428,0.327,0.285,0.25,0.29,0.281,,0.24500000000000455,0.27899999999999636,0.18399999999996908,0.14400000000000546,0.10800000000006094,0.14400000000000546,0.13900000000001,"{('cu', 'start'): 570.308, ('cu', 'h2dmalloc'): 570.358, ('cu', 'h2d'): 570.371, ('cu', 'workest'): 570.413, ('cu', 'compute'): 570.555, ('cu', 'copy'): 570.601, ('cu', 'pack'): 570.616, ('cu', 'd2h'): 570.64, ('gust', 'start'): 570.713, ('gust', 'h2d'): 570.776, ('gust', 'count'): 570.795, ('gust', 'scan'): 570.828, ('gust', 'expand'): 570.848, ('gust', 'sort'): 570.954, ('gust', 'reduce'): 570.991, ('gust', 'final'): 571.039, ('gust', 'pack'): 571.055, ('gust', 'd2h'): 571.065, ('merge', 'start'): 571.146, ('merge', 'h2d'): 571.206, ('merge', 'count'): 571.234, ('merge', 'scan'): 571.266, ('merge', 'expand'): 571.29, ('merge', 'merge'): 571.319, ('merge', 'final'): 571.353, ('merge', 'compact'): 571.376, ('merge', 'pack'): 571.39, ('merge', 'd2h'): 571.4, ('mrg2', 'start'): 571.479, ('mrg2', 'h2d'): 571.538, ('mrg2', 'count'): 571.557, ('mrg2', 'scan'): 571.588, ('mrg2', 'merge'): 571.616, ('mrg2', 'final'): 571.646, ('mrg2', 'compact'): 571.666, ('mrg2', 'pack'): 571.682, ('mrg2', 'd2h'): 571.691, ('mrg3', 'start'): 571.769, ('mrg3', 'h2d'): 571.828, ('mrg3', 'count'): 571.851, ('mrg3', 'scan'): 571.895, ('mrg3', 'merge'): 571.921, ('mrg3', 'pack'): 571.936, ('mrg3', 'd2h'): 571.945, ('mrg6', 'start'): 572.024, ('mrg6', 'h2d'): 572.083, ('mrg6', 'mean_numk'): 572.087, ('mrg6', 'scan'): 572.13, ('mrg6', 'classify'): 572.134, ('mrg6', 'light'): 572.16, ('mrg6', 'compact'): 572.206, ('mrg6', 'pack'): 572.227, ('mrg6', 'd2h'): 572.236, ('mrg7', 'start'): 572.319, ('mrg7', 'h2d'): 572.378, ('mrg7', 'mean_numk'): 572.383, ('mrg7', 'scan'): 572.426, ('mrg7', 'classify'): 572.434, ('mrg7', 'light'): 572.46, ('mrg7', 'compact'): 572.501, ('mrg7', 'pack'): 572.517, ('mrg7', 'd2h'): 572.526}",0.0484599731862545,0.1388320001307875
Mildly sparse,bcsstk06,420,7860,4.45578231292517,23660,23660,23660,23660,23660,23660,23660,0.0,,0.05200000000002092,0.21899999999993724,0.055000000000063665,0.08699999999998909,0.32600000000002183,0.551,,,,,0.662,0.728,0.341,0.324,0.344,0.333,,0.34199999999998454,0.46900000000005093,0.5399999999999636,0.19600000000002638,0.17599999999993088,0.19400000000007367,0.18700000000001182,"{('cu', 'start'): 596.228, ('cu', 'h2dmalloc'): 596.277, ('cu', 'h2d'): 596.292, ('cu', 'workest'): 596.344, ('cu', 'compute'): 596.563, ('cu', 'copy'): 596.618, ('cu', 'pack'): 596.634, ('cu', 'd2h'): 596.721, ('gust', 'start'): 596.787, ('gust', 'h2d'): 596.852, ('gust', 'count'): 596.872, ('gust', 'scan'): 596.905, ('gust', 'expand'): 596.934, ('gust', 'sort'): 597.159, ('gust', 'reduce'): 597.25, ('gust', 'final'): 597.303, ('gust', 'pack'): 597.321, ('gust', 'd2h'): 597.336, ('merge', 'start'): 597.457, ('merge', 'h2d'): 597.518, ('merge', 'count'): 597.541, ('merge', 'scan'): 597.573, ('merge', 'expand'): 597.657, ('merge', 'merge'): 597.981, ('merge', 'final'): 598.019, ('merge', 'compact'): 598.043, ('merge', 'pack'): 598.058, ('merge', 'd2h'): 598.073, ('mrg2', 'start'): 598.191, ('mrg2', 'h2d'): 598.251, ('mrg2', 'count'): 598.271, ('mrg2', 'scan'): 598.303, ('mrg2', 'merge'): 598.378, ('mrg2', 'final'): 598.408, ('mrg2', 'compact'): 598.43, ('mrg2', 'pack'): 598.447, ('mrg2', 'd2h'): 598.463, ('mrg3', 'start'): 598.538, ('mrg3', 'h2d'): 598.6, ('mrg3', 'count'): 598.648, ('mrg3', 'scan'): 598.691, ('mrg3', 'merge'): 598.76, ('mrg3', 'pack'): 598.776, ('mrg3', 'd2h'): 598.792, ('mrg6', 'start'): 598.868, ('mrg6', 'h2d'): 598.929, ('mrg6', 'mean_numk'): 598.934, ('mrg6', 'scan'): 598.979, ('mrg6', 'classify'): 598.989, ('mrg6', 'light'): 599.062, ('mrg6', 'compact'): 599.107, ('mrg6', 'pack'): 599.123, ('mrg6', 'd2h'): 599.139, ('mrg7', 'start'): 599.218, ('mrg7', 'h2d'): 599.278, ('mrg7', 'mean_numk'): 599.283, ('mrg7', 'scan'): 599.327, ('mrg7', 'classify'): 599.333, ('mrg7', 'light'): 599.405, ('mrg7', 'compact'): 599.448, ('mrg7', 'pack'): 599.465, ('mrg7', 'd2h'): 599.48}",0.0594609882682561,0.2647840000223368
Mildly sparse,bcsstk07,420,7860,4.45578231292517,23660,23660,23660,23660,23660,23660,23660,0.0,,0.049999999999954525,0.22000000000002728,0.05299999999999727,0.08800000000007913,0.3229999999999791,0.555,,,,,0.695,0.748,0.355,0.322,0.356,0.342,,0.3389999999999418,0.48899999999991905,0.5389999999999873,0.20199999999999818,0.16800000000000637,0.19799999999997908,0.18799999999998818,"{('cu', 'start'): 570.12, ('cu', 'h2dmalloc'): 570.17, ('cu', 'h2d'): 570.186, ('cu', 'workest'): 570.236, ('cu', 'compute'): 570.456, ('cu', 'copy'): 570.509, ('cu', 'pack'): 570.525, ('cu', 'd2h'): 570.613, ('gust', 'start'): 570.681, ('gust', 'h2d'): 570.744, ('gust', 'count'): 570.765, ('gust', 'scan'): 570.798, ('gust', 'expand'): 570.831, ('gust', 'sort'): 571.063, ('gust', 'reduce'): 571.157, ('gust', 'final'): 571.215, ('gust', 'pack'): 571.233, ('gust', 'd2h'): 571.248, ('merge', 'start'): 571.381, ('merge', 'h2d'): 571.445, ('merge', 'count'): 571.467, ('merge', 'scan'): 571.501, ('merge', 'expand'): 571.585, ('merge', 'merge'): 571.906, ('merge', 'final'): 571.944, ('merge', 'compact'): 571.969, ('merge', 'pack'): 571.984, ('merge', 'd2h'): 572.005, ('mrg2', 'start'): 572.135, ('mrg2', 'h2d'): 572.196, ('mrg2', 'count'): 572.218, ('mrg2', 'scan'): 572.251, ('mrg2', 'merge'): 572.327, ('mrg2', 'final'): 572.358, ('mrg2', 'compact'): 572.382, ('mrg2', 'pack'): 572.398, ('mrg2', 'd2h'): 572.414, ('mrg3', 'start'): 572.495, ('mrg3', 'h2d'): 572.558, ('mrg3', 'count'): 572.603, ('mrg3', 'scan'): 572.648, ('mrg3', 'merge'): 572.71, ('mrg3', 'pack'): 572.726, ('mrg3', 'd2h'): 572.742, ('mrg6', 'start'): 572.823, ('mrg6', 'h2d'): 572.884, ('mrg6', 'mean_numk'): 572.892, ('mrg6', 'scan'): 572.937, ('mrg6', 'classify'): 572.946, ('mrg6', 'light'): 573.02, ('mrg6', 'compact'): 573.066, ('mrg6', 'pack'): 573.082, ('mrg6', 'd2h'): 573.097, ('mrg7', 'start'): 573.184, ('mrg7', 'h2d'): 573.245, ('mrg7', 'mean_numk'): 573.253, ('mrg7', 'scan'): 573.298, ('mrg7', 'classify'): 573.302, ('mrg7', 'light'): 573.374, ('mrg7', 'compact'): 573.417, ('mrg7', 'pack'): 573.433, ('mrg7', 'd2h'): 573.449}",0.0513169215992093,0.2623423999641091
Mildly sparse,can_256,256,2916,4.449462890625,18568,18568,18568,18568,18568,18568,18568,0.0,,0.05200000000002092,0.16699999999991633,0.04800000000000182,0.028999999999996362,0.26699999999993906,0.447,,,,,0.465,1.994,0.501,0.367,0.498,0.484,,0.28300000000001546,0.3129999999999882,1.8389999999999418,0.34600000000000364,0.2179999999999609,0.3429999999999609,0.33600000000001273,"{('cu', 'start'): 569.047, ('cu', 'h2dmalloc'): 569.097, ('cu', 'h2d'): 569.115, ('cu', 'workest'): 569.167, ('cu', 'compute'): 569.334, ('cu', 'copy'): 569.382, ('cu', 'pack'): 569.398, ('cu', 'd2h'): 569.427, ('gust', 'start'): 569.501, ('gust', 'h2d'): 569.564, ('gust', 'count'): 569.587, ('gust', 'scan'): 569.62, ('gust', 'expand'): 569.652, ('gust', 'sort'): 569.774, ('gust', 'reduce'): 569.811, ('gust', 'final'): 569.862, ('gust', 'pack'): 569.877, ('gust', 'd2h'): 569.891, ('merge', 'start'): 569.971, ('merge', 'h2d'): 570.038, ('merge', 'count'): 570.062, ('merge', 'scan'): 570.094, ('merge', 'expand'): 570.218, ('merge', 'merge'): 571.804, ('merge', 'final'): 571.839, ('merge', 'compact'): 571.862, ('merge', 'pack'): 571.877, ('merge', 'd2h'): 571.891, ('mrg2', 'start'): 571.971, ('mrg2', 'h2d'): 572.037, ('mrg2', 'count'): 572.059, ('mrg2', 'scan'): 572.091, ('mrg2', 'merge'): 572.318, ('mrg2', 'final'): 572.347, ('mrg2', 'compact'): 572.368, ('mrg2', 'pack'): 572.383, ('mrg2', 'd2h'): 572.399, ('mrg3', 'start'): 572.477, ('mrg3', 'h2d'): 572.541, ('mrg3', 'count'): 572.612, ('mrg3', 'scan'): 572.655, ('mrg3', 'merge'): 572.743, ('mrg3', 'pack'): 572.759, ('mrg3', 'd2h'): 572.773, ('mrg6', 'start'): 572.849, ('mrg6', 'h2d'): 572.912, ('mrg6', 'mean_numk'): 572.917, ('mrg6', 'scan'): 572.964, ('mrg6', 'classify'): 572.968, ('mrg6', 'light'): 573.197, ('mrg6', 'compact'): 573.239, ('mrg6', 'pack'): 573.255, ('mrg6', 'd2h'): 573.27, ('mrg7', 'start'): 573.352, ('mrg7', 'h2d'): 573.413, ('mrg7', 'mean_numk'): 573.418, ('mrg7', 'scan'): 573.464, ('mrg7', 'classify'): 573.468, ('mrg7', 'light'): 573.692, ('mrg7', 'compact'): 573.733, ('mrg7', 'pack'): 573.749, ('mrg7', 'd2h'): 573.763}",0.0286200083792209,0.2770336001412943
Mildly sparse,can_268,268,3082,4.291044776119403,15590,15590,15590,15590,15590,15590,15590,0.0,,0.05099999999993088,0.16200000000003456,0.04899999999997817,0.027000000000043656,0.2619999999999436,0.433,,,,,0.467,0.816,0.397,0.315,0.394,0.382,,0.2779999999999063,0.3100000000000591,0.66700000000003,0.24900000000002365,0.16700000000003,0.2400000000000091,0.2319999999999709,"{('cu', 'start'): 569.209, ('cu', 'h2dmalloc'): 569.258, ('cu', 'h2d'): 569.272, ('cu', 'workest'): 569.323, ('cu', 'compute'): 569.485, ('cu', 'copy'): 569.534, ('cu', 'pack'): 569.55, ('cu', 'd2h'): 569.577, ('gust', 'start'): 569.648, ('gust', 'h2d'): 569.708, ('gust', 'count'): 569.729, ('gust', 'scan'): 569.762, ('gust', 'expand'): 569.79, ('gust', 'sort'): 569.914, ('gust', 'reduce'): 569.951, ('gust', 'final'): 570.002, ('gust', 'pack'): 570.018, ('gust', 'd2h'): 570.033, ('merge', 'start'): 570.121, ('merge', 'h2d'): 570.182, ('merge', 'count'): 570.203, ('merge', 'scan'): 570.236, ('merge', 'expand'): 570.308, ('merge', 'merge'): 570.774, ('merge', 'final'): 570.81, ('merge', 'compact'): 570.833, ('merge', 'pack'): 570.849, ('merge', 'd2h'): 570.864, ('mrg2', 'start'): 570.942, ('mrg2', 'h2d'): 571.001, ('mrg2', 'count'): 571.021, ('mrg2', 'scan'): 571.057, ('mrg2', 'merge'): 571.182, ('mrg2', 'final'): 571.212, ('mrg2', 'compact'): 571.234, ('mrg2', 'pack'): 571.25, ('mrg2', 'd2h'): 571.264, ('mrg3', 'start'): 571.344, ('mrg3', 'h2d'): 571.403, ('mrg3', 'count'): 571.452, ('mrg3', 'scan'): 571.497, ('mrg3', 'merge'): 571.555, ('mrg3', 'pack'): 571.57, ('mrg3', 'd2h'): 571.584, ('mrg6', 'start'): 571.664, ('mrg6', 'h2d'): 571.722, ('mrg6', 'mean_numk'): 571.727, ('mrg6', 'scan'): 571.771, ('mrg6', 'classify'): 571.775, ('mrg6', 'light'): 571.901, ('mrg6', 'compact'): 571.947, ('mrg6', 'pack'): 571.962, ('mrg6', 'd2h'): 571.976, ('mrg7', 'start'): 572.062, ('mrg7', 'h2d'): 572.124, ('mrg7', 'mean_numk'): 572.128, ('mrg7', 'scan'): 572.174, ('mrg7', 'classify'): 572.178, ('mrg7', 'light'): 572.3, ('mrg7', 'compact'): 572.341, ('mrg7', 'pack'): 572.356, ('mrg7', 'd2h'): 572.37}",0.0467699719592928,0.2655455997213721
Mildly sparse,can_187,187,1491,4.26377648774629,3719,3719,3719,3719,3719,3719,3719,0.0,,0.05000000000006821,0.15199999999992997,0.04800000000000182,0.028999999999996362,0.25,0.427,,,,,0.433,0.349,0.307,0.258,0.301,0.3,,0.26700000000005275,0.28499999999996817,0.20500000000004093,0.15899999999999181,0.1129999999999427,0.15499999999997272,0.14600000000007185,"{('cu', 'start'): 563.755, ('cu', 'h2dmalloc'): 563.805, ('cu', 'h2d'): 563.819, ('cu', 'workest'): 563.869, ('cu', 'compute'): 564.021, ('cu', 'copy'): 564.069, ('cu', 'pack'): 564.086, ('cu', 'd2h'): 564.115, ('gust', 'start'): 564.189, ('gust', 'h2d'): 564.253, ('gust', 'count'): 564.273, ('gust', 'scan'): 564.305, ('gust', 'expand'): 564.327, ('gust', 'sort'): 564.434, ('gust', 'reduce'): 564.471, ('gust', 'final'): 564.522, ('gust', 'pack'): 564.538, ('gust', 'd2h'): 564.547, ('merge', 'start'): 564.627, ('merge', 'h2d'): 564.687, ('merge', 'count'): 564.706, ('merge', 'scan'): 564.737, ('merge', 'expand'): 564.766, ('merge', 'merge'): 564.816, ('merge', 'final'): 564.852, ('merge', 'compact'): 564.878, ('merge', 'pack'): 564.892, ('merge', 'd2h'): 564.902, ('mrg2', 'start'): 564.981, ('mrg2', 'h2d'): 565.042, ('mrg2', 'count'): 565.062, ('mrg2', 'scan'): 565.092, ('mrg2', 'merge'): 565.135, ('mrg2', 'final'): 565.165, ('mrg2', 'compact'): 565.186, ('mrg2', 'pack'): 565.201, ('mrg2', 'd2h'): 565.211, ('mrg3', 'start'): 565.294, ('mrg3', 'h2d'): 565.354, ('mrg3', 'count'): 565.379, ('mrg3', 'scan'): 565.424, ('mrg3', 'merge'): 565.453, ('mrg3', 'pack'): 565.467, ('mrg3', 'd2h'): 565.477, ('mrg6', 'start'): 565.557, ('mrg6', 'h2d'): 565.616, ('mrg6', 'mean_numk'): 565.621, ('mrg6', 'scan'): 565.665, ('mrg6', 'classify'): 565.672, ('mrg6', 'light'): 565.712, ('mrg6', 'compact'): 565.754, ('mrg6', 'pack'): 565.771, ('mrg6', 'd2h'): 565.78, ('mrg7', 'start'): 565.863, ('mrg7', 'h2d'): 565.924, ('mrg7', 'mean_numk'): 565.929, ('mrg7', 'scan'): 565.973, ('mrg7', 'classify'): 565.978, ('mrg7', 'light'): 566.013, ('mrg7', 'compact'): 566.054, ('mrg7', 'pack'): 566.07, ('mrg7', 'd2h'): 566.08}",0.0216308981180191,0.2503423996735364
Mildly sparse,bcsstm07,420,7252,4.111111111111112,22972,22972,22972,22972,22972,22972,22972,0.0,,0.05200000000002092,0.21699999999998454,0.055000000000063665,0.08500000000003638,0.3240000000000691,0.553,,,,,0.677,0.712,0.353,0.312,0.34,0.338,,0.34199999999998454,0.48300000000006094,0.5650000000000546,0.20699999999999363,0.16899999999998272,0.19200000000000728,0.18600000000003547,"{('cu', 'start'): 599.349, ('cu', 'h2dmalloc'): 599.403, ('cu', 'h2d'): 599.419, ('cu', 'workest'): 599.471, ('cu', 'compute'): 599.688, ('cu', 'copy'): 599.743, ('cu', 'pack'): 599.761, ('cu', 'd2h'): 599.846, ('gust', 'start'): 599.91, ('gust', 'h2d'): 599.973, ('gust', 'count'): 599.994, ('gust', 'scan'): 600.027, ('gust', 'expand'): 600.056, ('gust', 'sort'): 600.278, ('gust', 'reduce'): 600.372, ('gust', 'final'): 600.437, ('gust', 'pack'): 600.456, ('gust', 'd2h'): 600.471, ('merge', 'start'): 600.594, ('merge', 'h2d'): 600.656, ('merge', 'count'): 600.679, ('merge', 'scan'): 600.71, ('merge', 'expand'): 600.787, ('merge', 'merge'): 601.088, ('merge', 'final'): 601.127, ('merge', 'compact'): 601.2, ('merge', 'pack'): 601.221, ('merge', 'd2h'): 601.236, ('mrg2', 'start'): 601.313, ('mrg2', 'h2d'): 601.373, ('mrg2', 'count'): 601.4, ('mrg2', 'scan'): 601.431, ('mrg2', 'merge'): 601.509, ('mrg2', 'final'): 601.541, ('mrg2', 'compact'): 601.562, ('mrg2', 'pack'): 601.58, ('mrg2', 'd2h'): 601.595, ('mrg3', 'start'): 601.672, ('mrg3', 'h2d'): 601.731, ('mrg3', 'count'): 601.778, ('mrg3', 'scan'): 601.823, ('mrg3', 'merge'): 601.883, ('mrg3', 'pack'): 601.9, ('mrg3', 'd2h'): 601.915, ('mrg6', 'start'): 601.989, ('mrg6', 'h2d'): 602.051, ('mrg6', 'mean_numk'): 602.056, ('mrg6', 'scan'): 602.1, ('mrg6', 'classify'): 602.111, ('mrg6', 'light'): 602.181, ('mrg6', 'compact'): 602.225, ('mrg6', 'pack'): 602.243, ('mrg6', 'd2h'): 602.257, ('mrg7', 'start'): 602.335, ('mrg7', 'h2d'): 602.399, ('mrg7', 'mean_numk'): 602.407, ('mrg7', 'scan'): 602.451, ('mrg7', 'classify'): 602.455, ('mrg7', 'light'): 602.525, ('mrg7', 'compact'): 602.568, ('mrg7', 'pack'): 602.585, ('mrg7', 'd2h'): 602.6}",0.0589309493079781,0.2635968001559376
Mildly sparse,bcsstk27,1224,56126,3.7462888205391085,138106,138106,138106,138106,138106,138106,138106,0.0,,0.051000000000044565,0.4459999999999127,0.10600000000010823,0.14600000000007185,0.6030000000000655,0.988,,,,,1.561,2.212,0.843,0.702,0.831,0.822,,0.6209999999999809,1.26299999999992,1.9249999999999545,0.5610000000000355,0.4149999999999636,0.44099999999991724,0.43600000000003547,"{('cu', 'start'): 588.315, ('cu', 'h2dmalloc'): 588.38, ('cu', 'h2d'): 588.414, ('cu', 'workest'): 588.465, ('cu', 'compute'): 588.911, ('cu', 'copy'): 589.017, ('cu', 'pack'): 589.035, ('cu', 'd2h'): 589.181, ('gust', 'start'): 589.31, ('gust', 'h2d'): 589.417, ('gust', 'count'): 589.442, ('gust', 'scan'): 589.476, ('gust', 'expand'): 589.626, ('gust', 'sort'): 590.154, ('gust', 'reduce'): 590.309, ('gust', 'final'): 590.606, ('gust', 'pack'): 590.68, ('gust', 'd2h'): 590.737, ('merge', 'start'): 590.877, ('merge', 'h2d'): 590.975, ('merge', 'count'): 591.001, ('merge', 'scan'): 591.035, ('merge', 'expand'): 591.415, ('merge', 'merge'): 592.545, ('merge', 'final'): 592.698, ('merge', 'compact'): 592.832, ('merge', 'pack'): 592.9, ('merge', 'd2h'): 592.957, ('mrg2', 'start'): 593.094, ('mrg2', 'h2d'): 593.188, ('mrg2', 'count'): 593.212, ('mrg2', 'scan'): 593.246, ('mrg2', 'merge'): 593.516, ('mrg2', 'final'): 593.551, ('mrg2', 'compact'): 593.683, ('mrg2', 'pack'): 593.749, ('mrg2', 'd2h'): 593.807, ('mrg3', 'start'): 593.942, ('mrg3', 'h2d'): 594.038, ('mrg3', 'count'): 594.161, ('mrg3', 'scan'): 594.208, ('mrg3', 'merge'): 594.389, ('mrg3', 'pack'): 594.453, ('mrg3', 'd2h'): 594.509, ('mrg6', 'start'): 594.649, ('mrg6', 'h2d'): 594.744, ('mrg6', 'mean_numk'): 594.749, ('mrg6', 'scan'): 594.806, ('mrg6', 'classify'): 594.811, ('mrg6', 'light'): 595.072, ('mrg6', 'compact'): 595.122, ('mrg6', 'pack'): 595.185, ('mrg6', 'd2h'): 595.242, ('mrg7', 'start'): 595.485, ('mrg7', 'h2d'): 595.581, ('mrg7', 'mean_numk'): 595.587, ('mrg7', 'scan'): 595.637, ('mrg7', 'classify'): 595.642, ('mrg7', 'light'): 595.906, ('mrg7', 'compact'): 595.954, ('mrg7', 'pack'): 596.017, ('mrg7', 'd2h'): 596.075}",0.1404309878125786,0.4160383979324252
Mildly sparse,bcsstm27,1224,56126,3.7462888205391085,138106,138106,138106,138106,138106,138106,138106,0.0,,0.06400000000007822,0.4879999999999427,0.12800000000004275,0.22299999999995634,0.6800000000000637,1.216,,,,,1.875,2.485,1.046,0.822,1.054,1.027,,0.7030000000000882,1.4869999999999663,2.1090000000000373,0.6709999999999354,0.4460000000000264,0.5219999999999345,0.5019999999999527,"{('cu', 'start'): 697.689, ('cu', 'h2dmalloc'): 697.758, ('cu', 'h2d'): 697.805, ('cu', 'workest'): 697.869, ('cu', 'compute'): 698.357, ('cu', 'copy'): 698.485, ('cu', 'pack'): 698.508, ('cu', 'd2h'): 698.731, ('gust', 'start'): 698.913, ('gust', 'h2d'): 699.022, ('gust', 'count'): 699.054, ('gust', 'scan'): 699.096, ('gust', 'expand'): 699.261, ('gust', 'sort'): 699.838, ('gust', 'reduce'): 700.029, ('gust', 'final'): 700.42, ('gust', 'pack'): 700.509, ('gust', 'd2h'): 700.611, ('merge', 'start'): 700.796, ('merge', 'h2d'): 700.901, ('merge', 'count'): 700.93, ('merge', 'scan'): 700.97, ('merge', 'expand'): 701.374, ('merge', 'merge'): 702.53, ('merge', 'final'): 702.743, ('merge', 'compact'): 702.925, ('merge', 'pack'): 703.01, ('merge', 'd2h'): 703.111, ('mrg2', 'start'): 703.288, ('mrg2', 'h2d'): 703.393, ('mrg2', 'count'): 703.422, ('mrg2', 'scan'): 703.462, ('mrg2', 'merge'): 703.756, ('mrg2', 'final'): 703.799, ('mrg2', 'compact'): 703.981, ('mrg2', 'pack'): 704.064, ('mrg2', 'd2h'): 704.165, ('mrg3', 'start'): 704.339, ('mrg3', 'h2d'): 704.443, ('mrg3', 'count'): 704.569, ('mrg3', 'scan'): 704.626, ('mrg3', 'merge'): 704.806, ('mrg3', 'pack'): 704.889, ('mrg3', 'd2h'): 704.99, ('mrg6', 'start'): 705.169, ('mrg6', 'h2d'): 705.272, ('mrg6', 'mean_numk'): 705.279, ('mrg6', 'scan'): 705.347, ('mrg6', 'classify'): 705.353, ('mrg6', 'light'): 705.644, ('mrg6', 'compact'): 705.712, ('mrg6', 'pack'): 705.794, ('mrg6', 'd2h'): 705.896, ('mrg7', 'start'): 706.228, ('mrg7', 'h2d'): 706.331, ('mrg7', 'mean_numk'): 706.337, ('mrg7', 'scan'): 706.396, ('mrg7', 'classify'): 706.401, ('mrg7', 'light'): 706.689, ('mrg7', 'compact'): 706.753, ('mrg7', 'pack'): 706.833, ('mrg7', 'd2h'): 706.935}",0.1675809035077691,0.4285632008453831
Mildly sparse,bcsstk22,138,696,3.6546943919344677,1552,1552,1552,1552,1552,1552,1552,0.0,,0.05599999999992633,0.15000000000009095,0.05899999999996908,0.03599999999994452,0.26499999999998636,0.48,,,,,0.507,0.41,0.366,0.312,0.367,0.35,,0.28700000000003456,0.3310000000000173,0.2300000000000182,0.19099999999991724,0.1409999999999627,0.18100000000004002,0.17300000000000182,"{('cu', 'start'): 617.375, ('cu', 'h2dmalloc'): 617.436, ('cu', 'h2d'): 617.451, ('cu', 'workest'): 617.507, ('cu', 'compute'): 617.657, ('cu', 'copy'): 617.716, ('cu', 'pack'): 617.738, ('cu', 'd2h'): 617.774, ('gust', 'start'): 617.863, ('gust', 'h2d'): 617.939, ('gust', 'count'): 617.963, ('gust', 'scan'): 618.003, ('gust', 'expand'): 618.028, ('gust', 'sort'): 618.141, ('gust', 'reduce'): 618.187, ('gust', 'final'): 618.247, ('gust', 'pack'): 618.27, ('gust', 'd2h'): 618.28, ('merge', 'start'): 618.379, ('merge', 'h2d'): 618.453, ('merge', 'count'): 618.477, ('merge', 'scan'): 618.516, ('merge', 'expand'): 618.547, ('merge', 'merge'): 618.591, ('merge', 'final'): 618.634, ('merge', 'compact'): 618.663, ('merge', 'pack'): 618.683, ('merge', 'd2h'): 618.694, ('mrg2', 'start'): 618.796, ('mrg2', 'h2d'): 618.869, ('mrg2', 'count'): 618.892, ('mrg2', 'scan'): 618.932, ('mrg2', 'merge'): 618.975, ('mrg2', 'final'): 619.01, ('mrg2', 'compact'): 619.038, ('mrg2', 'pack'): 619.06, ('mrg2', 'd2h'): 619.071, ('mrg3', 'start'): 619.168, ('mrg3', 'h2d'): 619.24, ('mrg3', 'count'): 619.272, ('mrg3', 'scan'): 619.326, ('mrg3', 'merge'): 619.36, ('mrg3', 'pack'): 619.381, ('mrg3', 'd2h'): 619.392, ('mrg6', 'start'): 619.487, ('mrg6', 'h2d'): 619.559, ('mrg6', 'mean_numk'): 619.565, ('mrg6', 'scan'): 619.618, ('mrg6', 'classify'): 619.623, ('mrg6', 'light'): 619.665, ('mrg6', 'compact'): 619.717, ('mrg6', 'pack'): 619.74, ('mrg6', 'd2h'): 619.75, ('mrg7', 'start'): 619.86, ('mrg7', 'h2d'): 619.934, ('mrg7', 'mean_numk'): 619.94, ('mrg7', 'scan'): 619.993, ('mrg7', 'classify'): 619.998, ('mrg7', 'light'): 620.033, ('mrg7', 'compact'): 620.085, ('mrg7', 'pack'): 620.107, ('mrg7', 'd2h'): 620.118}",0.0488050282001495,0.1697280001593753
Mildly sparse,bcspwr03,118,476,3.418557885665039,1270,1270,1270,1270,1270,1270,1270,0.0,,0.04900000000009186,0.14999999999997726,0.047000000000025466,0.02400000000000091,0.2460000000000946,0.418,,,,,0.366,0.355,0.299,0.261,0.292,0.293,,0.26100000000008095,0.22400000000004638,0.21500000000003183,0.1570000000000391,0.12000000000000455,0.15099999999995362,0.14599999999995816,"{('cu', 'start'): 563.954, ('cu', 'h2dmalloc'): 564.003, ('cu', 'h2d'): 564.021, ('cu', 'workest'): 564.07, ('cu', 'compute'): 564.22, ('cu', 'copy'): 564.267, ('cu', 'pack'): 564.282, ('cu', 'd2h'): 564.306, ('gust', 'start'): 564.378, ('gust', 'h2d'): 564.438, ('gust', 'count'): 564.458, ('gust', 'scan'): 564.491, ('gust', 'expand'): 564.513, ('gust', 'sort'): 564.557, ('gust', 'reduce'): 564.594, ('gust', 'final'): 564.646, ('gust', 'pack'): 564.662, ('gust', 'd2h'): 564.671, ('merge', 'start'): 564.75, ('merge', 'h2d'): 564.808, ('merge', 'count'): 564.828, ('merge', 'scan'): 564.859, ('merge', 'expand'): 564.886, ('merge', 'merge'): 564.94, ('merge', 'final'): 564.976, ('merge', 'compact'): 565.003, ('merge', 'pack'): 565.023, ('merge', 'd2h'): 565.033, ('mrg2', 'start'): 565.11, ('mrg2', 'h2d'): 565.169, ('mrg2', 'count'): 565.189, ('mrg2', 'scan'): 565.22, ('mrg2', 'merge'): 565.259, ('mrg2', 'final'): 565.29, ('mrg2', 'compact'): 565.311, ('mrg2', 'pack'): 565.326, ('mrg2', 'd2h'): 565.335, ('mrg3', 'start'): 565.413, ('mrg3', 'h2d'): 565.471, ('mrg3', 'count'): 565.498, ('mrg3', 'scan'): 565.544, ('mrg3', 'merge'): 565.576, ('mrg3', 'pack'): 565.591, ('mrg3', 'd2h'): 565.6, ('mrg6', 'start'): 565.679, ('mrg6', 'h2d'): 565.736, ('mrg6', 'mean_numk'): 565.741, ('mrg6', 'scan'): 565.784, ('mrg6', 'classify'): 565.788, ('mrg6', 'light'): 565.828, ('mrg6', 'compact'): 565.872, ('mrg6', 'pack'): 565.887, ('mrg6', 'd2h'): 565.897, ('mrg7', 'start'): 565.976, ('mrg7', 'h2d'): 566.039, ('mrg7', 'mean_numk'): 566.045, ('mrg7', 'scan'): 566.088, ('mrg7', 'classify'): 566.092, ('mrg7', 'light'): 566.127, ('mrg7', 'compact'): 566.17, ('mrg7', 'pack'): 566.185, ('mrg7', 'd2h'): 566.195}",0.0388070475310087,0.1720896002138033
Mildly sparse,can_229,229,1777,3.388570012013501,5017,5017,5017,5017,5017,5017,5017,0.0,,0.051000000000044565,0.14799999999991087,0.04800000000000182,0.02800000000002001,0.24699999999995725,0.423,,,,,0.438,0.396,0.321,0.294,0.311,0.31,,0.26400000000001,0.2959999999999354,0.25499999999999545,0.18000000000006366,0.15600000000006276,0.16899999999998272,0.16899999999998272,"{('cu', 'start'): 588.54, ('cu', 'h2dmalloc'): 588.59, ('cu', 'h2d'): 588.606, ('cu', 'workest'): 588.657, ('cu', 'compute'): 588.805, ('cu', 'copy'): 588.853, ('cu', 'pack'): 588.87, ('cu', 'd2h'): 588.898, ('gust', 'start'): 588.969, ('gust', 'h2d'): 589.033, ('gust', 'count'): 589.054, ('gust', 'scan'): 589.086, ('gust', 'expand'): 589.109, ('gust', 'sort'): 589.222, ('gust', 'reduce'): 589.259, ('gust', 'final'): 589.312, ('gust', 'pack'): 589.329, ('gust', 'd2h'): 589.338, ('merge', 'start'): 589.414, ('merge', 'h2d'): 589.478, ('merge', 'count'): 589.499, ('merge', 'scan'): 589.529, ('merge', 'expand'): 589.563, ('merge', 'merge'): 589.66, ('merge', 'final'): 589.694, ('merge', 'compact'): 589.717, ('merge', 'pack'): 589.733, ('merge', 'd2h'): 589.742, ('mrg2', 'start'): 589.816, ('mrg2', 'h2d'): 589.876, ('mrg2', 'count'): 589.9, ('mrg2', 'scan'): 589.931, ('mrg2', 'merge'): 589.988, ('mrg2', 'final'): 590.019, ('mrg2', 'compact'): 590.039, ('mrg2', 'pack'): 590.056, ('mrg2', 'd2h'): 590.066, ('mrg3', 'start'): 590.142, ('mrg3', 'h2d'): 590.203, ('mrg3', 'count'): 590.247, ('mrg3', 'scan'): 590.293, ('mrg3', 'merge'): 590.342, ('mrg3', 'pack'): 590.359, ('mrg3', 'd2h'): 590.368, ('mrg6', 'start'): 590.441, ('mrg6', 'h2d'): 590.501, ('mrg6', 'mean_numk'): 590.506, ('mrg6', 'scan'): 590.549, ('mrg6', 'classify'): 590.558, ('mrg6', 'light'): 590.611, ('mrg6', 'compact'): 590.653, ('mrg6', 'pack'): 590.67, ('mrg6', 'd2h'): 590.68, ('mrg7', 'start'): 590.758, ('mrg7', 'h2d'): 590.818, ('mrg7', 'mean_numk'): 590.828, ('mrg7', 'scan'): 590.869, ('mrg7', 'classify'): 590.875, ('mrg7', 'light'): 590.928, ('mrg7', 'compact'): 590.97, ('mrg7', 'pack'): 590.987, ('mrg7', 'd2h'): 590.996}",0.0215570908039808,0.2509792007040232
Mildly sparse,can_292,292,2540,2.9789829236254457,11670,11670,11670,11670,11670,11670,11670,0.0,,0.05199999999990723,0.1590000000001055,0.05099999999993088,0.02699999999992997,0.2619999999999436,0.432,,,,,0.455,0.639,0.354,0.291,0.343,0.337,,0.27899999999999636,0.30600000000004,0.49500000000000455,0.20899999999994634,0.1490000000000009,0.19799999999997908,0.19200000000000728,"{('cu', 'start'): 591.741, ('cu', 'h2dmalloc'): 591.791, ('cu', 'h2d'): 591.806, ('cu', 'workest'): 591.858, ('cu', 'compute'): 592.017, ('cu', 'copy'): 592.068, ('cu', 'pack'): 592.085, ('cu', 'd2h'): 592.112, ('gust', 'start'): 592.18, ('gust', 'h2d'): 592.246, ('gust', 'count'): 592.267, ('gust', 'scan'): 592.3, ('gust', 'expand'): 592.327, ('gust', 'sort'): 592.448, ('gust', 'reduce'): 592.485, ('gust', 'final'): 592.535, ('gust', 'pack'): 592.552, ('gust', 'd2h'): 592.564, ('merge', 'start'): 592.641, ('merge', 'h2d'): 592.706, ('merge', 'count'): 592.728, ('merge', 'scan'): 592.759, ('merge', 'expand'): 592.82, ('merge', 'merge'): 593.128, ('merge', 'final'): 593.162, ('merge', 'compact'): 593.185, ('merge', 'pack'): 593.201, ('merge', 'd2h'): 593.213, ('mrg2', 'start'): 593.287, ('mrg2', 'h2d'): 593.349, ('mrg2', 'count'): 593.371, ('mrg2', 'scan'): 593.407, ('mrg2', 'merge'): 593.491, ('mrg2', 'final'): 593.521, ('mrg2', 'compact'): 593.541, ('mrg2', 'pack'): 593.558, ('mrg2', 'd2h'): 593.57, ('mrg3', 'start'): 593.647, ('mrg3', 'h2d'): 593.708, ('mrg3', 'count'): 593.751, ('mrg3', 'scan'): 593.796, ('mrg3', 'merge'): 593.841, ('mrg3', 'pack'): 593.857, ('mrg3', 'd2h'): 593.869, ('mrg6', 'start'): 593.943, ('mrg6', 'h2d'): 594.005, ('mrg6', 'mean_numk'): 594.011, ('mrg6', 'scan'): 594.055, ('mrg6', 'classify'): 594.06, ('mrg6', 'light'): 594.144, ('mrg6', 'compact'): 594.187, ('mrg6', 'pack'): 594.203, ('mrg6', 'd2h'): 594.215, ('mrg7', 'start'): 594.292, ('mrg7', 'h2d'): 594.355, ('mrg7', 'mean_numk'): 594.361, ('mrg7', 'scan'): 594.405, ('mrg7', 'classify'): 594.411, ('mrg7', 'light'): 594.488, ('mrg7', 'compact'): 594.53, ('mrg7', 'pack'): 594.547, ('mrg7', 'd2h'): 594.558}",0.0464250333607196,0.2665376006392762
Mildly sparse,ash292,292,2208,2.589604053293301,6042,6042,6042,6042,6042,6042,6042,0.0,,0.05299999999999727,0.14600000000007185,0.049999999999954525,0.024999999999977263,0.24900000000002365,0.423,,,,,0.436,0.383,0.3,0.272,0.31,0.293,,0.2660000000000764,0.2940000000000964,0.2420000000000755,0.15999999999996817,0.13400000000001455,0.16899999999998272,0.15200000000004366,"{('cu', 'start'): 593.105, ('cu', 'h2dmalloc'): 593.159, ('cu', 'h2d'): 593.175, ('cu', 'workest'): 593.228, ('cu', 'compute'): 593.374, ('cu', 'copy'): 593.424, ('cu', 'pack'): 593.441, ('cu', 'd2h'): 593.466, ('gust', 'start'): 593.536, ('gust', 'h2d'): 593.598, ('gust', 'count'): 593.623, ('gust', 'scan'): 593.655, ('gust', 'expand'): 593.678, ('gust', 'sort'): 593.788, ('gust', 'reduce'): 593.825, ('gust', 'final'): 593.875, ('gust', 'pack'): 593.892, ('gust', 'd2h'): 593.902, ('merge', 'start'): 593.978, ('merge', 'h2d'): 594.04, ('merge', 'count'): 594.064, ('merge', 'scan'): 594.094, ('merge', 'expand'): 594.128, ('merge', 'merge'): 594.208, ('merge', 'final'): 594.243, ('merge', 'compact'): 594.266, ('merge', 'pack'): 594.282, ('merge', 'd2h'): 594.292, ('mrg2', 'start'): 594.367, ('mrg2', 'h2d'): 594.427, ('mrg2', 'count'): 594.447, ('mrg2', 'scan'): 594.477, ('mrg2', 'merge'): 594.519, ('mrg2', 'final'): 594.549, ('mrg2', 'compact'): 594.572, ('mrg2', 'pack'): 594.587, ('mrg2', 'd2h'): 594.597, ('mrg3', 'start'): 594.672, ('mrg3', 'h2d'): 594.732, ('mrg3', 'count'): 594.765, ('mrg3', 'scan'): 594.808, ('mrg3', 'merge'): 594.846, ('mrg3', 'pack'): 594.866, ('mrg3', 'd2h'): 594.876, ('mrg6', 'start'): 594.95, ('mrg6', 'h2d'): 595.009, ('mrg6', 'mean_numk'): 595.015, ('mrg6', 'scan'): 595.058, ('mrg6', 'classify'): 595.067, ('mrg6', 'light'): 595.112, ('mrg6', 'compact'): 595.158, ('mrg6', 'pack'): 595.178, ('mrg6', 'd2h'): 595.188, ('mrg7', 'start'): 595.266, ('mrg7', 'h2d'): 595.327, ('mrg7', 'mean_numk'): 595.332, ('mrg7', 'scan'): 595.377, ('mrg7', 'classify'): 595.381, ('mrg7', 'light'): 595.421, ('mrg7', 'compact'): 595.463, ('mrg7', 'pack'): 595.479, ('mrg7', 'd2h'): 595.489}",0.0544310314580798,0.1736671997699886
Mildly sparse,bcspwr04,274,1612,2.1471575470190207,4982,4982,4982,4982,4982,4982,4982,0.0,,0.057999999999992724,0.17399999999997817,0.059000000000082764,0.027000000000043656,0.29100000000005366,0.529,,,,,0.528,0.49,0.383,0.33,0.391,0.376,,0.3129999999999882,0.3229999999999791,0.29700000000002547,0.19100000000003092,0.1330000000000382,0.19699999999988904,0.18399999999996908,"{('cu', 'start'): 659.842, ('cu', 'h2dmalloc'): 659.906, ('cu', 'h2d'): 659.924, ('cu', 'workest'): 659.982, ('cu', 'compute'): 660.156, ('cu', 'copy'): 660.215, ('cu', 'pack'): 660.237, ('cu', 'd2h'): 660.264, ('gust', 'start'): 660.381, ('gust', 'h2d'): 660.47, ('gust', 'count'): 660.494, ('gust', 'scan'): 660.535, ('gust', 'expand'): 660.561, ('gust', 'sort'): 660.677, ('gust', 'reduce'): 660.72, ('gust', 'final'): 660.774, ('gust', 'pack'): 660.793, ('gust', 'd2h'): 660.806, ('merge', 'start'): 660.915, ('merge', 'h2d'): 660.997, ('merge', 'count'): 661.02, ('merge', 'scan'): 661.067, ('merge', 'expand'): 661.108, ('merge', 'merge'): 661.207, ('merge', 'final'): 661.249, ('merge', 'compact'): 661.274, ('merge', 'pack'): 661.294, ('merge', 'd2h'): 661.307, ('mrg2', 'start'): 661.411, ('mrg2', 'h2d'): 661.49, ('mrg2', 'count'): 661.512, ('mrg2', 'scan'): 661.549, ('mrg2', 'merge'): 661.603, ('mrg2', 'final'): 661.638, ('mrg2', 'compact'): 661.662, ('mrg2', 'pack'): 661.681, ('mrg2', 'd2h'): 661.695, ('mrg3', 'start'): 661.799, ('mrg3', 'h2d'): 661.877, ('mrg3', 'count'): 661.906, ('mrg3', 'scan'): 661.958, ('mrg3', 'merge'): 661.992, ('mrg3', 'pack'): 662.01, ('mrg3', 'd2h'): 662.023, ('mrg6', 'start'): 662.135, ('mrg6', 'h2d'): 662.214, ('mrg6', 'mean_numk'): 662.22, ('mrg6', 'scan'): 662.273, ('mrg6', 'classify'): 662.278, ('mrg6', 'light'): 662.339, ('mrg6', 'compact'): 662.39, ('mrg6', 'pack'): 662.411, ('mrg6', 'd2h'): 662.424, ('mrg7', 'start'): 662.532, ('mrg7', 'h2d'): 662.609, ('mrg7', 'mean_numk'): 662.615, ('mrg7', 'scan'): 662.665, ('mrg7', 'classify'): 662.67, ('mrg7', 'light'): 662.722, ('mrg7', 'compact'): 662.773, ('mrg7', 'pack'): 662.793, ('mrg7', 'd2h'): 662.806}",0.0326259760186076,0.1775391997070983
Mildly sparse,bcsstk13,2003,83883,2.0907979019987244,396773,396773,396773,396773,396773,396773,396773,0.0,,0.059000000000082764,0.5249999999999773,0.14999999999997726,0.3040000000000873,0.7340000000000373,1.297,,,,,2.079,6.168,1.44,1.398,1.427,1.411,,0.8029999999999973,1.6480000000000246,5.756999999999948,1.030999999999949,0.9969999999999573,0.9189999999999827,0.9099999999999682,"{('cu', 'start'): 632.215, ('cu', 'h2dmalloc'): 632.266, ('cu', 'h2d'): 632.305, ('cu', 'workest'): 632.364, ('cu', 'compute'): 632.889, ('cu', 'copy'): 633.039, ('cu', 'pack'): 633.108, ('cu', 'd2h'): 633.412, ('gust', 'start'): 633.518, ('gust', 'h2d'): 633.619, ('gust', 'count'): 633.646, ('gust', 'scan'): 633.68, ('gust', 'expand'): 633.856, ('gust', 'sort'): 634.606, ('gust', 'reduce'): 634.794, ('gust', 'final'): 635.198, ('gust', 'pack'): 635.267, ('gust', 'd2h'): 635.394, ('merge', 'start'): 635.604, ('merge', 'h2d'): 635.69, ('merge', 'count'): 635.719, ('merge', 'scan'): 635.756, ('merge', 'expand'): 636.522, ('merge', 'merge'): 641.011, ('merge', 'final'): 641.156, ('merge', 'compact'): 641.376, ('merge', 'pack'): 641.447, ('merge', 'd2h'): 641.573, ('mrg2', 'start'): 641.779, ('mrg2', 'h2d'): 641.864, ('mrg2', 'count'): 641.892, ('mrg2', 'scan'): 641.926, ('mrg2', 'merge'): 642.575, ('mrg2', 'final'): 642.611, ('mrg2', 'compact'): 642.823, ('mrg2', 'pack'): 642.895, ('mrg2', 'd2h'): 643.021, ('mrg3', 'start'): 643.224, ('mrg3', 'h2d'): 643.307, ('mrg3', 'count'): 643.622, ('mrg3', 'scan'): 643.671, ('mrg3', 'merge'): 644.239, ('mrg3', 'pack'): 644.304, ('mrg3', 'd2h'): 644.428, ('mrg6', 'start'): 644.628, ('mrg6', 'h2d'): 644.711, ('mrg6', 'mean_numk'): 644.718, ('mrg6', 'scan'): 644.777, ('mrg6', 'classify'): 644.784, ('mrg6', 'light'): 645.424, ('mrg6', 'compact'): 645.564, ('mrg6', 'pack'): 645.63, ('mrg6', 'd2h'): 645.759, ('mrg7', 'start'): 646.06, ('mrg7', 'h2d'): 646.144, ('mrg7', 'mean_numk'): 646.152, ('mrg7', 'scan'): 646.203, ('mrg7', 'classify'): 646.209, ('mrg7', 'light'): 646.852, ('mrg7', 'compact'): 646.989, ('mrg7', 'pack'): 647.054, ('mrg7', 'd2h'): 647.18}",0.5368340061977506,0.5631903989007697
Mildly sparse,bcsstm01,48,48,2.083333333333333,48,48,48,48,48,48,48,0.0,,0.04200000000003001,0.13999999999998636,0.04499999999995907,0.021999999999934516,0.22699999999997544,0.39,,,,,0.354,0.299,0.28,0.253,0.266,0.262,,0.2440000000000282,0.21100000000001273,0.16200000000003456,0.1449999999999818,0.11000000000001364,0.125,0.125,"{('cu', 'start'): 585.635, ('cu', 'h2dmalloc'): 585.684, ('cu', 'h2d'): 585.696, ('cu', 'workest'): 585.738, ('cu', 'compute'): 585.878, ('cu', 'copy'): 585.923, ('cu', 'pack'): 585.94, ('cu', 'd2h'): 585.962, ('gust', 'start'): 586.034, ('gust', 'h2d'): 586.096, ('gust', 'count'): 586.115, ('gust', 'scan'): 586.147, ('gust', 'expand'): 586.168, ('gust', 'sort'): 586.211, ('gust', 'reduce'): 586.246, ('gust', 'final'): 586.291, ('gust', 'pack'): 586.307, ('gust', 'd2h'): 586.316, ('merge', 'start'): 586.392, ('merge', 'h2d'): 586.452, ('merge', 'count'): 586.471, ('merge', 'scan'): 586.502, ('merge', 'expand'): 586.521, ('merge', 'merge'): 586.541, ('merge', 'final'): 586.573, ('merge', 'compact'): 586.598, ('merge', 'pack'): 586.614, ('merge', 'd2h'): 586.624, ('mrg2', 'start'): 586.696, ('mrg2', 'h2d'): 586.753, ('mrg2', 'count'): 586.771, ('mrg2', 'scan'): 586.803, ('mrg2', 'merge'): 586.827, ('mrg2', 'final'): 586.861, ('mrg2', 'compact'): 586.883, ('mrg2', 'pack'): 586.898, ('mrg2', 'd2h'): 586.908, ('mrg3', 'start'): 586.982, ('mrg3', 'h2d'): 587.039, ('mrg3', 'count'): 587.063, ('mrg3', 'scan'): 587.107, ('mrg3', 'merge'): 587.136, ('mrg3', 'pack'): 587.149, ('mrg3', 'd2h'): 587.158, ('mrg6', 'start'): 587.241, ('mrg6', 'h2d'): 587.297, ('mrg6', 'mean_numk'): 587.302, ('mrg6', 'scan'): 587.344, ('mrg6', 'classify'): 587.349, ('mrg6', 'light'): 587.367, ('mrg6', 'compact'): 587.406, ('mrg6', 'pack'): 587.422, ('mrg6', 'd2h'): 587.434, ('mrg7', 'start'): 587.512, ('mrg7', 'h2d'): 587.57, ('mrg7', 'mean_numk'): 587.576, ('mrg7', 'scan'): 587.618, ('mrg7', 'classify'): 587.623, ('mrg7', 'light'): 587.641, ('mrg7', 'compact'): 587.68, ('mrg7', 'pack'): 587.695, ('mrg7', 'd2h'): 587.704}",0.047910027205944,0.1309696001699194
Mildly sparse,bcsstk14,1806,63454,1.945465404477998,195654,195654,195654,195654,195654,195654,195654,0.0,,0.05700000000001637,0.4820000000000846,0.10799999999994725,0.20000000000004547,0.6470000000000482,1.107,,,,,1.484,2.066,0.907,0.769,0.902,0.893,,0.7100000000000364,1.2200000000000273,1.7619999999999436,0.6080000000000609,0.45799999999997,0.5,0.4900000000000091,"{('cu', 'start'): 621.102, ('cu', 'h2dmalloc'): 621.151, ('cu', 'h2d'): 621.185, ('cu', 'workest'): 621.242, ('cu', 'compute'): 621.724, ('cu', 'copy'): 621.832, ('cu', 'pack'): 621.895, ('cu', 'd2h'): 622.095, ('gust', 'start'): 622.216, ('gust', 'h2d'): 622.294, ('gust', 'count'): 622.318, ('gust', 'scan'): 622.351, ('gust', 'expand'): 622.518, ('gust', 'sort'): 623.005, ('gust', 'reduce'): 623.165, ('gust', 'final'): 623.491, ('gust', 'pack'): 623.514, ('gust', 'd2h'): 623.58, ('merge', 'start'): 623.707, ('merge', 'h2d'): 623.788, ('merge', 'count'): 623.814, ('merge', 'scan'): 623.848, ('merge', 'expand'): 624.171, ('merge', 'merge'): 625.166, ('merge', 'final'): 625.303, ('merge', 'compact'): 625.485, ('merge', 'pack'): 625.55, ('merge', 'd2h'): 625.619, ('mrg2', 'start'): 625.778, ('mrg2', 'h2d'): 625.856, ('mrg2', 'count'): 625.881, ('mrg2', 'scan'): 625.914, ('mrg2', 'merge'): 626.192, ('mrg2', 'final'): 626.227, ('mrg2', 'compact'): 626.396, ('mrg2', 'pack'): 626.464, ('mrg2', 'd2h'): 626.533, ('mrg3', 'start'): 626.691, ('mrg3', 'h2d'): 626.77, ('mrg3', 'count'): 626.895, ('mrg3', 'scan'): 626.941, ('mrg3', 'merge'): 627.168, ('mrg3', 'pack'): 627.228, ('mrg3', 'd2h'): 627.296, ('mrg6', 'start'): 627.466, ('mrg6', 'h2d'): 627.545, ('mrg6', 'mean_numk'): 627.552, ('mrg6', 'scan'): 627.607, ('mrg6', 'classify'): 627.614, ('mrg6', 'light'): 627.886, ('mrg6', 'compact'): 627.983, ('mrg6', 'pack'): 628.045, ('mrg6', 'd2h'): 628.113, ('mrg7', 'start'): 628.373, ('mrg7', 'h2d'): 628.458, ('mrg7', 'mean_numk'): 628.466, ('mrg7', 'scan'): 628.515, ('mrg7', 'classify'): 628.521, ('mrg7', 'light'): 628.792, ('mrg7', 'compact'): 628.887, ('mrg7', 'pack'): 628.948, ('mrg7', 'd2h'): 629.017}",0.4030549898743629,0.4579584002261981
Mildly sparse,can_445,445,3809,1.923494508269158,11193,11193,11193,11193,11193,11193,11193,0.0,,0.05200000000002092,0.1510000000000673,0.05099999999993088,0.026000000000067303,0.2540000000000191,0.425,,,,,0.462,0.402,0.326,0.286,0.322,0.317,,0.26900000000000546,0.3120000000000118,0.2559999999999718,0.18000000000006366,0.13999999999998636,0.17399999999997817,0.17099999999993543,"{('cu', 'start'): 578.779, ('cu', 'h2dmalloc'): 578.829, ('cu', 'h2d'): 578.843, ('cu', 'workest'): 578.895, ('cu', 'compute'): 579.046, ('cu', 'copy'): 579.097, ('cu', 'pack'): 579.112, ('cu', 'd2h'): 579.138, ('gust', 'start'): 579.212, ('gust', 'h2d'): 579.274, ('gust', 'count'): 579.293, ('gust', 'scan'): 579.325, ('gust', 'expand'): 579.348, ('gust', 'sort'): 579.476, ('gust', 'reduce'): 579.512, ('gust', 'final'): 579.569, ('gust', 'pack'): 579.586, ('gust', 'd2h'): 579.597, ('merge', 'start'): 579.679, ('merge', 'h2d'): 579.74, ('merge', 'count'): 579.76, ('merge', 'scan'): 579.791, ('merge', 'expand'): 579.824, ('merge', 'merge'): 579.921, ('merge', 'final'): 579.955, ('merge', 'compact'): 579.982, ('merge', 'pack'): 579.996, ('merge', 'd2h'): 580.008, ('mrg2', 'start'): 580.086, ('mrg2', 'h2d'): 580.146, ('mrg2', 'count'): 580.169, ('mrg2', 'scan'): 580.199, ('mrg2', 'merge'): 580.259, ('mrg2', 'final'): 580.289, ('mrg2', 'compact'): 580.311, ('mrg2', 'pack'): 580.326, ('mrg2', 'd2h'): 580.338, ('mrg3', 'start'): 580.418, ('mrg3', 'h2d'): 580.477, ('mrg3', 'count'): 580.51, ('mrg3', 'scan'): 580.556, ('mrg3', 'merge'): 580.598, ('mrg3', 'pack'): 580.617, ('mrg3', 'd2h'): 580.629, ('mrg6', 'start'): 580.709, ('mrg6', 'h2d'): 580.769, ('mrg6', 'mean_numk'): 580.775, ('mrg6', 'scan'): 580.818, ('mrg6', 'classify'): 580.822, ('mrg6', 'light'): 580.884, ('mrg6', 'compact'): 580.927, ('mrg6', 'pack'): 580.943, ('mrg6', 'd2h'): 580.955, ('mrg7', 'start'): 581.036, ('mrg7', 'h2d'): 581.095, ('mrg7', 'mean_numk'): 581.104, ('mrg7', 'scan'): 581.147, ('mrg7', 'classify'): 581.152, ('mrg7', 'light'): 581.208, ('mrg7', 'compact'): 581.25, ('mrg7', 'pack'): 581.266, ('mrg7', 'd2h'): 581.278}",0.0393820228055119,0.255936000449583
Mildly sparse,bcsstm10,1086,22092,1.8731621948861958,54504,54504,54504,54504,54504,54504,54504,0.0,,0.05200000000002092,0.23099999999999454,0.05499999999994998,0.09799999999995634,0.33799999999996544,0.585,,,,,1.005,1.057,0.563,0.358,0.556,0.545,,0.3550000000000182,0.7910000000000537,0.8489999999999327,0.35399999999992815,0.19299999999998363,0.2960000000000491,0.28499999999996817,"{('cu', 'start'): 569.767, ('cu', 'h2dmalloc'): 569.817, ('cu', 'h2d'): 569.837, ('cu', 'workest'): 569.889, ('cu', 'compute'): 570.12, ('cu', 'copy'): 570.175, ('cu', 'pack'): 570.192, ('cu', 'd2h'): 570.29, ('gust', 'start'): 570.358, ('gust', 'h2d'): 570.425, ('gust', 'count'): 570.447, ('gust', 'scan'): 570.48, ('gust', 'expand'): 570.602, ('gust', 'sort'): 570.85, ('gust', 'reduce'): 570.986, ('gust', 'final'): 571.197, ('gust', 'pack'): 571.216, ('gust', 'd2h'): 571.241, ('merge', 'start'): 571.369, ('merge', 'h2d'): 571.437, ('merge', 'count'): 571.458, ('merge', 'scan'): 571.491, ('merge', 'expand'): 571.671, ('merge', 'merge'): 572.043, ('merge', 'final'): 572.141, ('merge', 'compact'): 572.266, ('merge', 'pack'): 572.286, ('merge', 'd2h'): 572.31, ('mrg2', 'start'): 572.432, ('mrg2', 'h2d'): 572.498, ('mrg2', 'count'): 572.519, ('mrg2', 'scan'): 572.551, ('mrg2', 'merge'): 572.721, ('mrg2', 'final'): 572.756, ('mrg2', 'compact'): 572.833, ('mrg2', 'pack'): 572.852, ('mrg2', 'd2h'): 572.877, ('mrg3', 'start'): 573.0, ('mrg3', 'h2d'): 573.067, ('mrg3', 'count'): 573.123, ('mrg3', 'scan'): 573.168, ('mrg3', 'merge'): 573.244, ('mrg3', 'pack'): 573.26, ('mrg3', 'd2h'): 573.284, ('mrg6', 'start'): 573.363, ('mrg6', 'h2d'): 573.428, ('mrg6', 'mean_numk'): 573.434, ('mrg6', 'scan'): 573.483, ('mrg6', 'classify'): 573.488, ('mrg6', 'light'): 573.655, ('mrg6', 'compact'): 573.706, ('mrg6', 'pack'): 573.724, ('mrg6', 'd2h'): 573.748, ('mrg7', 'start'): 573.923, ('mrg7', 'h2d'): 573.989, ('mrg7', 'mean_numk'): 573.994, ('mrg7', 'scan'): 574.039, ('mrg7', 'classify'): 574.044, ('mrg7', 'light'): 574.209, ('mrg7', 'compact'): 574.258, ('mrg7', 'pack'): 574.274, ('mrg7', 'd2h'): 574.299}",0.1271499786525964,0.3758400003425777
Mildly sparse,bcsstk10,1086,22070,1.8712968332943305,54504,54504,54504,54504,54504,54504,54504,0.0,,0.053999999999973625,0.23300000000006094,0.05599999999992633,0.10199999999997544,0.3429999999999609,0.599,,,,,1.039,1.077,0.595,0.372,0.586,0.575,,0.36000000000001364,0.8179999999999836,0.86099999999999,0.37000000000000455,0.1999999999999318,0.30600000000004,0.3020000000000209,"{('cu', 'start'): 571.029, ('cu', 'h2dmalloc'): 571.082, ('cu', 'h2d'): 571.101, ('cu', 'workest'): 571.155, ('cu', 'compute'): 571.388, ('cu', 'copy'): 571.444, ('cu', 'pack'): 571.461, ('cu', 'd2h'): 571.563, ('gust', 'start'): 571.633, ('gust', 'h2d'): 571.703, ('gust', 'count'): 571.728, ('gust', 'scan'): 571.763, ('gust', 'expand'): 571.89, ('gust', 'sort'): 572.141, ('gust', 'reduce'): 572.285, ('gust', 'final'): 572.501, ('gust', 'pack'): 572.521, ('gust', 'd2h'): 572.546, ('merge', 'start'): 572.679, ('merge', 'h2d'): 572.747, ('merge', 'count'): 572.77, ('merge', 'scan'): 572.804, ('merge', 'expand'): 572.99, ('merge', 'merge'): 573.361, ('merge', 'final'): 573.459, ('merge', 'compact'): 573.587, ('merge', 'pack'): 573.608, ('merge', 'd2h'): 573.632, ('mrg2', 'start'): 573.761, ('mrg2', 'h2d'): 573.829, ('mrg2', 'count'): 573.851, ('mrg2', 'scan'): 573.886, ('mrg2', 'merge'): 574.063, ('mrg2', 'final'): 574.099, ('mrg2', 'compact'): 574.18, ('mrg2', 'pack'): 574.199, ('mrg2', 'd2h'): 574.224, ('mrg3', 'start'): 574.362, ('mrg3', 'h2d'): 574.431, ('mrg3', 'count'): 574.488, ('mrg3', 'scan'): 574.537, ('mrg3', 'merge'): 574.614, ('mrg3', 'pack'): 574.631, ('mrg3', 'd2h'): 574.655, ('mrg6', 'start'): 574.739, ('mrg6', 'h2d'): 574.808, ('mrg6', 'mean_numk'): 574.812, ('mrg6', 'scan'): 574.865, ('mrg6', 'classify'): 574.87, ('mrg6', 'light'): 575.044, ('mrg6', 'compact'): 575.097, ('mrg6', 'pack'): 575.114, ('mrg6', 'd2h'): 575.139, ('mrg7', 'start'): 575.331, ('mrg7', 'h2d'): 575.4, ('mrg7', 'mean_numk'): 575.406, ('mrg7', 'scan'): 575.455, ('mrg7', 'classify'): 575.46, ('mrg7', 'light'): 575.633, ('mrg7', 'compact'): 575.685, ('mrg7', 'pack'): 575.702, ('mrg7', 'd2h'): 575.727}",0.1400690525770187,0.3790335991419852
Mildly sparse,can_634,634,7228,1.7982067689000787,25446,25446,25446,25446,25446,25446,25446,0.0,,0.05999999999994543,0.2459999999999809,0.06200000000001182,0.11799999999993815,0.36799999999993815,0.667,,,,,0.81,0.646,0.434,0.368,0.411,0.399,,0.39400000000000546,0.6180000000000518,0.45699999999999363,0.2400000000000091,0.17799999999999727,0.21699999999998454,0.20699999999999363,"{('cu', 'start'): 685.673, ('cu', 'h2dmalloc'): 685.735, ('cu', 'h2d'): 685.753, ('cu', 'workest'): 685.813, ('cu', 'compute'): 686.059, ('cu', 'copy'): 686.121, ('cu', 'pack'): 686.147, ('cu', 'd2h'): 686.265, ('gust', 'start'): 686.35, ('gust', 'h2d'): 686.43, ('gust', 'count'): 686.454, ('gust', 'scan'): 686.492, ('gust', 'expand'): 686.522, ('gust', 'sort'): 686.782, ('gust', 'reduce'): 686.893, ('gust', 'final'): 687.023, ('gust', 'pack'): 687.048, ('gust', 'd2h'): 687.074, ('merge', 'start'): 687.166, ('merge', 'h2d'): 687.245, ('merge', 'count'): 687.27, ('merge', 'scan'): 687.308, ('merge', 'expand'): 687.371, ('merge', 'merge'): 687.623, ('merge', 'final'): 687.662, ('merge', 'compact'): 687.685, ('merge', 'pack'): 687.702, ('merge', 'd2h'): 687.727, ('mrg2', 'start'): 687.82, ('mrg2', 'h2d'): 687.898, ('mrg2', 'count'): 687.921, ('mrg2', 'scan'): 687.978, ('mrg2', 'merge'): 688.06, ('mrg2', 'final'): 688.094, ('mrg2', 'compact'): 688.118, ('mrg2', 'pack'): 688.138, ('mrg2', 'd2h'): 688.163, ('mrg3', 'start'): 688.26, ('mrg3', 'h2d'): 688.338, ('mrg3', 'count'): 688.385, ('mrg3', 'scan'): 688.437, ('mrg3', 'merge'): 688.496, ('mrg3', 'pack'): 688.516, ('mrg3', 'd2h'): 688.541, ('mrg6', 'start'): 688.632, ('mrg6', 'h2d'): 688.707, ('mrg6', 'mean_numk'): 688.713, ('mrg6', 'scan'): 688.763, ('mrg6', 'classify'): 688.768, ('mrg6', 'light'): 688.855, ('mrg6', 'compact'): 688.903, ('mrg6', 'pack'): 688.924, ('mrg6', 'd2h'): 688.951, ('mrg7', 'start'): 689.049, ('mrg7', 'h2d'): 689.128, ('mrg7', 'mean_numk'): 689.134, ('mrg7', 'scan'): 689.184, ('mrg7', 'classify'): 689.19, ('mrg7', 'light'): 689.267, ('mrg7', 'compact'): 689.314, ('mrg7', 'pack'): 689.335, ('mrg7', 'd2h'): 689.361}",0.0447949860244989,0.2782080004923045
Mildly sparse,bcsstk11,1473,34241,1.578123350888521,94187,94187,94187,94187,94187,94187,94187,0.0,,0.05299999999999727,0.26900000000000546,0.05600000000004002,0.11799999999993815,0.37800000000004275,0.78,,,,,1.11,1.129,0.59,0.395,0.584,0.581,,0.4550000000000409,0.9220000000000255,0.9449999999999363,0.4049999999999727,0.21000000000003638,0.30299999999999727,0.30299999999999727,"{('cu', 'start'): 566.97, ('cu', 'h2dmalloc'): 567.02, ('cu', 'h2d'): 567.044, ('cu', 'workest'): 567.097, ('cu', 'compute'): 567.366, ('cu', 'copy'): 567.422, ('cu', 'pack'): 567.499, ('cu', 'd2h'): 567.617, ('gust', 'start'): 567.755, ('gust', 'h2d'): 567.828, ('gust', 'count'): 567.851, ('gust', 'scan'): 567.886, ('gust', 'expand'): 568.018, ('gust', 'sort'): 568.311, ('gust', 'reduce'): 568.46, ('gust', 'final'): 568.73, ('gust', 'pack'): 568.75, ('gust', 'd2h'): 568.786, ('merge', 'start'): 568.872, ('merge', 'h2d'): 568.945, ('merge', 'count'): 568.968, ('merge', 'scan'): 569.001, ('merge', 'expand'): 569.187, ('merge', 'merge'): 569.598, ('merge', 'final'): 569.746, ('merge', 'compact'): 569.87, ('merge', 'pack'): 569.89, ('merge', 'd2h'): 569.926, ('mrg2', 'start'): 570.006, ('mrg2', 'h2d'): 570.077, ('mrg2', 'count'): 570.099, ('mrg2', 'scan'): 570.131, ('mrg2', 'merge'): 570.308, ('mrg2', 'final'): 570.341, ('mrg2', 'compact'): 570.463, ('mrg2', 'pack'): 570.482, ('mrg2', 'd2h'): 570.519, ('mrg3', 'start'): 570.601, ('mrg3', 'h2d'): 570.674, ('mrg3', 'count'): 570.738, ('mrg3', 'scan'): 570.786, ('mrg3', 'merge'): 570.869, ('mrg3', 'pack'): 570.884, ('mrg3', 'd2h'): 570.92, ('mrg6', 'start'): 571.001, ('mrg6', 'h2d'): 571.072, ('mrg6', 'mean_numk'): 571.077, ('mrg6', 'scan'): 571.129, ('mrg6', 'classify'): 571.134, ('mrg6', 'light'): 571.309, ('mrg6', 'compact'): 571.358, ('mrg6', 'pack'): 571.375, ('mrg6', 'd2h'): 571.411, ('mrg7', 'start'): 571.59, ('mrg7', 'h2d'): 571.66, ('mrg7', 'mean_numk'): 571.665, ('mrg7', 'scan'): 571.718, ('mrg7', 'classify'): 571.726, ('mrg7', 'light'): 571.9, ('mrg7', 'compact'): 571.947, ('mrg7', 'pack'): 571.963, ('mrg7', 'd2h'): 572.0}",0.2335509052500128,0.4076767990365624
Mildly sparse,bcsstk12,1473,34241,1.578123350888521,94187,94187,94187,94187,94187,94187,94187,0.0,,0.06399999999996453,0.2860000000000582,0.06899999999995998,0.13200000000006185,0.4189999999999827,0.859,,,,,1.237,1.242,0.683,0.451,0.659,0.651,,0.5069999999999482,1.0119999999999436,1.0229999999999109,0.4700000000000273,0.23500000000001364,0.34800000000007003,0.33799999999996544,"{('cu', 'start'): 578.526, ('cu', 'h2dmalloc'): 578.591, ('cu', 'h2d'): 578.62, ('cu', 'workest'): 578.684, ('cu', 'compute'): 578.97, ('cu', 'copy'): 579.039, ('cu', 'pack'): 579.127, ('cu', 'd2h'): 579.259, ('gust', 'start'): 579.396, ('gust', 'h2d'): 579.488, ('gust', 'count'): 579.516, ('gust', 'scan'): 579.563, ('gust', 'expand'): 579.709, ('gust', 'sort'): 580.019, ('gust', 'reduce'): 580.19, ('gust', 'final'): 580.473, ('gust', 'pack'): 580.5, ('gust', 'd2h'): 580.543, ('merge', 'start'): 580.642, ('merge', 'h2d'): 580.729, ('merge', 'count'): 580.756, ('merge', 'scan'): 580.8, ('merge', 'expand'): 581.003, ('merge', 'merge'): 581.434, ('merge', 'final'): 581.591, ('merge', 'compact'): 581.725, ('merge', 'pack'): 581.752, ('merge', 'd2h'): 581.796, ('mrg2', 'start'): 581.892, ('mrg2', 'h2d'): 581.98, ('mrg2', 'count'): 582.008, ('mrg2', 'scan'): 582.052, ('mrg2', 'merge'): 582.245, ('mrg2', 'final'): 582.286, ('mrg2', 'compact'): 582.418, ('mrg2', 'pack'): 582.45, ('mrg2', 'd2h'): 582.491, ('mrg3', 'start'): 582.583, ('mrg3', 'h2d'): 582.669, ('mrg3', 'count'): 582.737, ('mrg3', 'scan'): 582.791, ('mrg3', 'merge'): 582.88, ('mrg3', 'pack'): 582.904, ('mrg3', 'd2h'): 582.945, ('mrg6', 'start'): 583.042, ('mrg6', 'h2d'): 583.126, ('mrg6', 'mean_numk'): 583.133, ('mrg6', 'scan'): 583.193, ('mrg6', 'classify'): 583.2, ('mrg6', 'light'): 583.389, ('mrg6', 'compact'): 583.45, ('mrg6', 'pack'): 583.474, ('mrg6', 'd2h'): 583.515, ('mrg7', 'start'): 583.709, ('mrg7', 'h2d'): 583.797, ('mrg7', 'mean_numk'): 583.803, ('mrg7', 'scan'): 583.858, ('mrg7', 'classify'): 583.866, ('mrg7', 'light'): 584.054, ('mrg7', 'compact'): 584.111, ('mrg7', 'pack'): 584.135, ('mrg7', 'd2h'): 584.176}",0.234497943893075,0.4238271997077391
Mildly sparse,bcsstk09,1083,18437,1.5719305066378828,71289,71289,71289,71289,71289,71289,71289,0.0,,0.05199999999990723,0.21900000000005093,0.05499999999994998,0.10400000000004184,0.32599999999990814,0.585,,,,,0.916,0.89,0.475,0.362,0.476,0.459,,0.3489999999999327,0.6900000000000546,0.7180000000000746,0.30700000000001637,0.19299999999998363,0.2559999999999718,0.24099999999998545,"{('cu', 'start'): 573.77, ('cu', 'h2dmalloc'): 573.82, ('cu', 'h2d'): 573.839, ('cu', 'workest'): 573.891, ('cu', 'compute'): 574.11, ('cu', 'copy'): 574.165, ('cu', 'pack'): 574.188, ('cu', 'd2h'): 574.292, ('gust', 'start'): 574.362, ('gust', 'h2d'): 574.428, ('gust', 'count'): 574.449, ('gust', 'scan'): 574.482, ('gust', 'expand'): 574.563, ('gust', 'sort'): 574.799, ('gust', 'reduce'): 574.934, ('gust', 'final'): 575.098, ('gust', 'pack'): 575.118, ('gust', 'd2h'): 575.147, ('merge', 'start'): 575.284, ('merge', 'h2d'): 575.352, ('merge', 'count'): 575.373, ('merge', 'scan'): 575.406, ('merge', 'expand'): 575.52, ('merge', 'merge'): 575.835, ('merge', 'final'): 575.927, ('merge', 'compact'): 576.05, ('merge', 'pack'): 576.07, ('merge', 'd2h'): 576.099, ('mrg2', 'start'): 576.184, ('mrg2', 'h2d'): 576.25, ('mrg2', 'count'): 576.271, ('mrg2', 'scan'): 576.303, ('mrg2', 'merge'): 576.43, ('mrg2', 'final'): 576.463, ('mrg2', 'compact'): 576.538, ('mrg2', 'pack'): 576.557, ('mrg2', 'd2h'): 576.586, ('mrg3', 'start'): 576.665, ('mrg3', 'h2d'): 576.729, ('mrg3', 'count'): 576.787, ('mrg3', 'scan'): 576.833, ('mrg3', 'merge'): 576.906, ('mrg3', 'pack'): 576.922, ('mrg3', 'd2h'): 576.951, ('mrg6', 'start'): 577.031, ('mrg6', 'h2d'): 577.094, ('mrg6', 'mean_numk'): 577.1, ('mrg6', 'scan'): 577.15, ('mrg6', 'classify'): 577.155, ('mrg6', 'light'): 577.284, ('mrg6', 'compact'): 577.333, ('mrg6', 'pack'): 577.35, ('mrg6', 'd2h'): 577.38, ('mrg7', 'start'): 577.512, ('mrg7', 'h2d'): 577.577, ('mrg7', 'mean_numk'): 577.583, ('mrg7', 'scan'): 577.627, ('mrg7', 'classify'): 577.632, ('mrg7', 'light'): 577.754, ('mrg7', 'compact'): 577.801, ('mrg7', 'pack'): 577.818, ('mrg7', 'd2h'): 577.847}",0.1200319966301322,0.3136895993025974
Mildly sparse,bcsstm02,66,66,1.5151515151515151,66,66,66,66,66,66,66,0.0,,0.03999999999996362,0.1470000000000482,0.043000000000006366,0.022000000000048203,0.2300000000000182,0.401,,,,,0.354,0.304,0.273,0.238,0.267,0.274,,0.2459999999999809,0.2139999999999418,0.16099999999994452,0.1330000000000382,0.09600000000000364,0.12400000000002365,0.1330000000000382,"{('cu', 'start'): 565.39, ('cu', 'h2dmalloc'): 565.44, ('cu', 'h2d'): 565.452, ('cu', 'workest'): 565.492, ('cu', 'compute'): 565.639, ('cu', 'copy'): 565.682, ('cu', 'pack'): 565.698, ('cu', 'd2h'): 565.72, ('gust', 'start'): 565.792, ('gust', 'h2d'): 565.85, ('gust', 'count'): 565.869, ('gust', 'scan'): 565.902, ('gust', 'expand'): 565.926, ('gust', 'sort'): 565.968, ('gust', 'reduce'): 566.003, ('gust', 'final'): 566.048, ('gust', 'pack'): 566.064, ('gust', 'd2h'): 566.073, ('merge', 'start'): 566.152, ('merge', 'h2d'): 566.21, ('merge', 'count'): 566.228, ('merge', 'scan'): 566.26, ('merge', 'expand'): 566.279, ('merge', 'merge'): 566.296, ('merge', 'final'): 566.33, ('merge', 'compact'): 566.357, ('merge', 'pack'): 566.371, ('merge', 'd2h'): 566.381, ('mrg2', 'start'): 566.462, ('mrg2', 'h2d'): 566.52, ('mrg2', 'count'): 566.538, ('mrg2', 'scan'): 566.568, ('mrg2', 'merge'): 566.588, ('mrg2', 'final'): 566.616, ('mrg2', 'compact'): 566.637, ('mrg2', 'pack'): 566.653, ('mrg2', 'd2h'): 566.662, ('mrg3', 'start'): 566.739, ('mrg3', 'h2d'): 566.797, ('mrg3', 'count'): 566.816, ('mrg3', 'scan'): 566.86, ('mrg3', 'merge'): 566.879, ('mrg3', 'pack'): 566.893, ('mrg3', 'd2h'): 566.901, ('mrg6', 'start'): 566.983, ('mrg6', 'h2d'): 567.039, ('mrg6', 'mean_numk'): 567.044, ('mrg6', 'scan'): 567.086, ('mrg6', 'classify'): 567.09, ('mrg6', 'light'): 567.108, ('mrg6', 'compact'): 567.147, ('mrg6', 'pack'): 567.163, ('mrg6', 'd2h'): 567.175, ('mrg7', 'start'): 567.254, ('mrg7', 'h2d'): 567.312, ('mrg7', 'mean_numk'): 567.318, ('mrg7', 'scan'): 567.36, ('mrg7', 'classify'): 567.369, ('mrg7', 'light'): 567.39, ('mrg7', 'compact'): 567.43, ('mrg7', 'pack'): 567.445, ('mrg7', 'd2h'): 567.455}",0.0172179425135254,0.1304031999083235
Mildly sparse,can_838,838,10010,1.4254304771560882,51156,51156,51156,51156,51156,51156,51156,0.0,,0.06500000000005457,0.25699999999994816,0.06499999999994088,0.1430000000000291,0.3869999999999436,0.737,,,,,0.907,1.12,0.526,0.424,0.653,0.625,,0.4109999999999445,0.5929999999999609,0.8150000000000546,0.28499999999996817,0.18600000000003547,0.34199999999998454,0.3210000000000264,"{('cu', 'start'): 682.56, ('cu', 'h2dmalloc'): 682.627, ('cu', 'h2d'): 682.649, ('cu', 'workest'): 682.714, ('cu', 'compute'): 682.971, ('cu', 'copy'): 683.036, ('cu', 'pack'): 683.06, ('cu', 'd2h'): 683.203, ('gust', 'start'): 683.309, ('gust', 'h2d'): 683.398, ('gust', 'count'): 683.424, ('gust', 'scan'): 683.468, ('gust', 'expand'): 683.503, ('gust', 'sort'): 683.779, ('gust', 'reduce'): 683.897, ('gust', 'final'): 683.966, ('gust', 'pack'): 683.991, ('gust', 'd2h'): 684.034, ('merge', 'start'): 684.222, ('merge', 'h2d'): 684.305, ('merge', 'count'): 684.339, ('merge', 'scan'): 684.38, ('merge', 'expand'): 684.468, ('merge', 'merge'): 685.023, ('merge', 'final'): 685.073, ('merge', 'compact'): 685.101, ('merge', 'pack'): 685.12, ('merge', 'd2h'): 685.164, ('mrg2', 'start'): 685.351, ('mrg2', 'h2d'): 685.442, ('mrg2', 'count'): 685.474, ('mrg2', 'scan'): 685.516, ('mrg2', 'merge'): 685.638, ('mrg2', 'final'): 685.678, ('mrg2', 'compact'): 685.705, ('mrg2', 'pack'): 685.727, ('mrg2', 'd2h'): 685.77, ('mrg3', 'start'): 685.887, ('mrg3', 'h2d'): 685.972, ('mrg3', 'count'): 686.02, ('mrg3', 'scan'): 686.078, ('mrg3', 'merge'): 686.136, ('mrg3', 'pack'): 686.158, ('mrg3', 'd2h'): 686.2, ('mrg6', 'start'): 686.318, ('mrg6', 'h2d'): 686.398, ('mrg6', 'mean_numk'): 686.407, ('mrg6', 'scan'): 686.464, ('mrg6', 'classify'): 686.479, ('mrg6', 'light'): 686.596, ('mrg6', 'compact'): 686.65, ('mrg6', 'pack'): 686.74, ('mrg6', 'd2h'): 686.787, ('mrg7', 'start'): 686.977, ('mrg7', 'h2d'): 687.057, ('mrg7', 'mean_numk'): 687.066, ('mrg7', 'scan'): 687.121, ('mrg7', 'classify'): 687.129, ('mrg7', 'light'): 687.242, ('mrg7', 'compact'): 687.295, ('mrg7', 'pack'): 687.378, ('mrg7', 'd2h'): 687.427}",0.0732899643480777,0.2790847990429029
Mildly sparse,bcsstk20,485,3135,1.3327665001594218,5545,5545,5545,5545,5545,5545,5545,0.0,,0.049999999999954525,0.1490000000000009,0.05000000000006821,0.02400000000000091,0.24900000000002365,0.413,,,,,0.435,0.346,0.293,0.263,0.285,0.275,,0.26499999999998636,0.2949999999999591,0.20799999999997,0.1490000000000009,0.12400000000002365,0.14800000000002456,0.13899999999989632,"{('cu', 'start'): 590.519, ('cu', 'h2dmalloc'): 590.567, ('cu', 'h2d'): 590.581, ('cu', 'workest'): 590.631, ('cu', 'compute'): 590.78, ('cu', 'copy'): 590.83, ('cu', 'pack'): 590.846, ('cu', 'd2h'): 590.87, ('gust', 'start'): 590.937, ('gust', 'h2d'): 590.998, ('gust', 'count'): 591.023, ('gust', 'scan'): 591.055, ('gust', 'expand'): 591.08, ('gust', 'sort'): 591.193, ('gust', 'reduce'): 591.229, ('gust', 'final'): 591.277, ('gust', 'pack'): 591.293, ('gust', 'd2h'): 591.303, ('merge', 'start'): 591.379, ('merge', 'h2d'): 591.44, ('merge', 'count'): 591.466, ('merge', 'scan'): 591.495, ('merge', 'expand'): 591.526, ('merge', 'merge'): 591.577, ('merge', 'final'): 591.611, ('merge', 'compact'): 591.634, ('merge', 'pack'): 591.648, ('merge', 'd2h'): 591.658, ('mrg2', 'start'): 591.731, ('mrg2', 'h2d'): 591.79, ('mrg2', 'count'): 591.81, ('mrg2', 'scan'): 591.84, ('mrg2', 'merge'): 591.874, ('mrg2', 'final'): 591.902, ('mrg2', 'compact'): 591.923, ('mrg2', 'pack'): 591.939, ('mrg2', 'd2h'): 591.95, ('mrg3', 'start'): 592.03, ('mrg3', 'h2d'): 592.09, ('mrg3', 'count'): 592.121, ('mrg3', 'scan'): 592.165, ('mrg3', 'merge'): 592.198, ('mrg3', 'pack'): 592.214, ('mrg3', 'd2h'): 592.224, ('mrg6', 'start'): 592.299, ('mrg6', 'h2d'): 592.356, ('mrg6', 'mean_numk'): 592.361, ('mrg6', 'scan'): 592.404, ('mrg6', 'classify'): 592.409, ('mrg6', 'light'): 592.445, ('mrg6', 'compact'): 592.487, ('mrg6', 'pack'): 592.504, ('mrg6', 'd2h'): 592.514, ('mrg7', 'start'): 592.589, ('mrg7', 'h2d'): 592.647, ('mrg7', 'mean_numk'): 592.652, ('mrg7', 'scan'): 592.694, ('mrg7', 'classify'): 592.699, ('mrg7', 'light'): 592.73, ('mrg7', 'compact'): 592.77, ('mrg7', 'pack'): 592.786, ('mrg7', 'd2h'): 592.795}",0.05179806612432,0.1741856010165065
Mildly sparse,can_715,715,6665,1.3037312338011637,39785,39785,39785,39785,39785,39785,39785,0.0,,0.06299999999998818,0.2480000000000473,0.06299999999998818,0.12199999999995725,0.37400000000002365,0.684,,,,,0.849,2.0,0.633,0.633,0.8,0.619,,0.39800000000002456,0.6410000000000764,1.79200000000003,0.4270000000000209,0.41700000000003,0.5900000000000318,0.40999999999996817,"{('cu', 'start'): 716.51, ('cu', 'h2dmalloc'): 716.576, ('cu', 'h2d'): 716.596, ('cu', 'workest'): 716.659, ('cu', 'compute'): 716.907, ('cu', 'copy'): 716.97, ('cu', 'pack'): 716.994, ('cu', 'd2h'): 717.116, ('gust', 'start'): 717.202, ('gust', 'h2d'): 717.281, ('gust', 'count'): 717.31, ('gust', 'scan'): 717.357, ('gust', 'expand'): 717.396, ('gust', 'sort'): 717.658, ('gust', 'reduce'): 717.772, ('gust', 'final'): 717.897, ('gust', 'pack'): 717.922, ('gust', 'd2h'): 717.957, ('merge', 'start'): 718.058, ('merge', 'h2d'): 718.135, ('merge', 'count'): 718.165, ('merge', 'scan'): 718.202, ('merge', 'expand'): 718.332, ('merge', 'merge'): 719.841, ('merge', 'final'): 719.882, ('merge', 'compact'): 719.906, ('merge', 'pack'): 719.927, ('merge', 'd2h'): 719.962, ('mrg2', 'start'): 720.065, ('mrg2', 'h2d'): 720.143, ('mrg2', 'count'): 720.171, ('mrg2', 'scan'): 720.207, ('mrg2', 'merge'): 720.487, ('mrg2', 'final'): 720.525, ('mrg2', 'compact'): 720.547, ('mrg2', 'pack'): 720.57, ('mrg2', 'd2h'): 720.605, ('mrg3', 'start'): 720.706, ('mrg3', 'h2d'): 720.783, ('mrg3', 'count'): 720.935, ('mrg3', 'scan'): 720.989, ('mrg3', 'merge'): 721.177, ('mrg3', 'pack'): 721.2, ('mrg3', 'd2h'): 721.242, ('mrg6', 'start'): 721.352, ('mrg6', 'h2d'): 721.429, ('mrg6', 'mean_numk'): 721.439, ('mrg6', 'scan'): 721.493, ('mrg6', 'classify'): 721.507, ('mrg6', 'light'): 721.609, ('mrg6', 'heavy'): 721.945, ('mrg6', 'compact'): 721.996, ('mrg6', 'pack'): 722.019, ('mrg6', 'd2h'): 722.054, ('mrg7', 'start'): 722.159, ('mrg7', 'h2d'): 722.235, ('mrg7', 'mean_numk'): 722.243, ('mrg7', 'scan'): 722.297, ('mrg7', 'classify'): 722.31, ('mrg7', 'light'): 722.41, ('mrg7', 'heavy'): 722.572, ('mrg7', 'compact'): 722.623, ('mrg7', 'pack'): 722.645, ('mrg7', 'd2h'): 722.68}",0.0791350612416863,0.3001472010975703
Mildly sparse,bcsstk24,3562,159910,1.2603402122535554,446474,446474,446474,446474,446474,446474,446474,0.0,,0.10099999999999909,0.7709999999999582,0.15000000000009095,0.38200000000006185,1.0220000000000482,1.681,,,,,2.878,3.45,1.18,1.169,1.166,1.182,,1.0879999999999654,2.242999999999938,2.9909999999999854,0.7319999999999709,0.7329999999999472,0.6159999999999854,0.6320000000000618,"{('cu', 'start'): 639.498, ('cu', 'h2dmalloc'): 639.55, ('cu', 'h2d'): 639.611, ('cu', 'workest'): 639.712, ('cu', 'compute'): 640.483, ('cu', 'copy'): 640.633, ('cu', 'pack'): 640.699, ('cu', 'd2h'): 641.081, ('gust', 'start'): 641.186, ('gust', 'h2d'): 641.45, ('gust', 'count'): 641.476, ('gust', 'scan'): 641.511, ('gust', 'expand'): 641.731, ('gust', 'sort'): 642.909, ('gust', 'reduce'): 643.162, ('gust', 'final'): 643.619, ('gust', 'pack'): 643.693, ('gust', 'd2h'): 643.84, ('merge', 'start'): 644.07, ('merge', 'h2d'): 644.181, ('merge', 'count'): 644.212, ('merge', 'scan'): 644.247, ('merge', 'expand'): 644.758, ('merge', 'merge'): 646.704, ('merge', 'final'): 646.867, ('merge', 'compact'): 647.104, ('merge', 'pack'): 647.172, ('merge', 'd2h'): 647.313, ('mrg2', 'start'): 647.526, ('mrg2', 'h2d'): 647.633, ('mrg2', 'count'): 647.659, ('mrg2', 'scan'): 647.694, ('mrg2', 'merge'): 648.045, ('mrg2', 'final'): 648.08, ('mrg2', 'compact'): 648.296, ('mrg2', 'pack'): 648.365, ('mrg2', 'd2h'): 648.506, ('mrg3', 'start'): 648.711, ('mrg3', 'h2d'): 648.816, ('mrg3', 'count'): 649.039, ('mrg3', 'scan'): 649.087, ('mrg3', 'merge'): 649.483, ('mrg3', 'pack'): 649.549, ('mrg3', 'd2h'): 649.688, ('mrg6', 'start'): 649.886, ('mrg6', 'h2d'): 649.99, ('mrg6', 'mean_numk'): 649.998, ('mrg6', 'scan'): 650.053, ('mrg6', 'classify'): 650.061, ('mrg6', 'light'): 650.4, ('mrg6', 'compact'): 650.54, ('mrg6', 'pack'): 650.606, ('mrg6', 'd2h'): 650.747, ('mrg7', 'start'): 651.058, ('mrg7', 'h2d'): 651.164, ('mrg7', 'mean_numk'): 651.173, ('mrg7', 'scan'): 651.222, ('mrg7', 'classify'): 651.23, ('mrg7', 'light'): 651.591, ('mrg7', 'compact'): 651.731, ('mrg7', 'pack'): 651.796, ('mrg7', 'd2h'): 651.937}",2.580911037512124,0.5045728014083579
Mildly sparse,bcsstk16,4884,290378,1.2173414200441228,1038782,1038782,1038782,1038782,1038782,1038782,1038782,0.0,,0.16099999999994452,1.2019999999999982,0.1570000000000391,0.7860000000000582,1.5199999999999818,2.741,,,,,5.254,9.272,2.232,2.527,2.189,2.318,,1.5889999999999418,4.053999999999974,8.30600000000004,1.4080000000000155,1.719000000000051,1.231999999999971,1.2620000000000573,"{('cu', 'start'): 674.417, ('cu', 'h2dmalloc'): 674.469, ('cu', 'h2d'): 674.671, ('cu', 'workest'): 674.832, ('cu', 'compute'): 676.034, ('cu', 'copy'): 676.191, ('cu', 'pack'): 676.26, ('cu', 'd2h'): 677.046, ('gust', 'start'): 677.165, ('gust', 'h2d'): 677.653, ('gust', 'count'): 677.73, ('gust', 'scan'): 677.773, ('gust', 'expand'): 678.065, ('gust', 'sort'): 680.666, ('gust', 'reduce'): 681.031, ('gust', 'final'): 681.635, ('gust', 'pack'): 681.707, ('gust', 'd2h'): 682.093, ('merge', 'start'): 682.425, ('merge', 'h2d'): 682.685, ('merge', 'count'): 682.774, ('merge', 'scan'): 682.814, ('merge', 'expand'): 683.98, ('merge', 'merge'): 690.442, ('merge', 'final'): 690.656, ('merge', 'compact'): 690.923, ('merge', 'pack'): 690.991, ('merge', 'd2h'): 691.376, ('mrg2', 'start'): 691.703, ('mrg2', 'h2d'): 691.853, ('mrg2', 'count'): 691.927, ('mrg2', 'scan'): 691.966, ('mrg2', 'merge'): 692.895, ('mrg2', 'final'): 692.933, ('mrg2', 'compact'): 693.192, ('mrg2', 'pack'): 693.261, ('mrg2', 'd2h'): 693.646, ('mrg3', 'start'): 693.94, ('mrg3', 'h2d'): 694.088, ('mrg3', 'count'): 694.727, ('mrg3', 'scan'): 694.779, ('mrg3', 'merge'): 695.741, ('mrg3', 'pack'): 695.807, ('mrg3', 'd2h'): 696.199, ('mrg6', 'start'): 696.472, ('mrg6', 'h2d'): 696.619, ('mrg6', 'mean_numk'): 696.631, ('mrg6', 'scan'): 696.734, ('mrg6', 'classify'): 696.743, ('mrg6', 'light'): 697.638, ('mrg6', 'compact'): 697.783, ('mrg6', 'pack'): 697.851, ('mrg6', 'd2h'): 698.237, ('mrg7', 'start'): 698.666, ('mrg7', 'h2d'): 698.919, ('mrg7', 'mean_numk'): 698.926, ('mrg7', 'scan'): 699.04, ('mrg7', 'classify'): 699.048, ('mrg7', 'light'): 699.969, ('mrg7', 'compact'): 700.114, ('mrg7', 'pack'): 700.181, ('mrg7', 'd2h'): 700.565}",6.850584992207587,0.6865183988586068
Mildly sparse,bcsstk28,4410,219024,1.1261974177426073,596072,596072,596072,596072,596072,596072,596072,0.0,,0.10200000000008913,0.9769999999999754,0.1490000000000009,0.5289999999999964,1.2280000000000655,2.075,,,,,3.687,5.606,1.667,1.545,1.615,1.651,,1.2940000000000964,2.7819999999999254,5.0090000000000146,1.0819999999999936,0.9700000000000273,0.900000000000091,0.9230000000000018,"{('cu', 'start'): 650.391, ('cu', 'h2dmalloc'): 650.448, ('cu', 'h2d'): 650.531, ('cu', 'workest'): 650.633, ('cu', 'compute'): 651.61, ('cu', 'copy'): 651.759, ('cu', 'pack'): 651.825, ('cu', 'd2h'): 652.354, ('gust', 'start'): 652.471, ('gust', 'h2d'): 652.897, ('gust', 'count'): 652.924, ('gust', 'scan'): 652.961, ('gust', 'expand'): 653.24, ('gust', 'sort'): 654.835, ('gust', 'reduce'): 655.107, ('gust', 'final'): 655.601, ('gust', 'pack'): 655.679, ('gust', 'd2h'): 655.904, ('merge', 'start'): 656.164, ('merge', 'h2d'): 656.297, ('merge', 'count'): 656.331, ('merge', 'scan'): 656.367, ('merge', 'expand'): 657.267, ('merge', 'merge'): 660.783, ('merge', 'final'): 660.975, ('merge', 'compact'): 661.233, ('merge', 'pack'): 661.306, ('merge', 'd2h'): 661.534, ('mrg2', 'start'): 661.776, ('mrg2', 'h2d'): 661.904, ('mrg2', 'count'): 661.931, ('mrg2', 'scan'): 661.966, ('mrg2', 'merge'): 662.637, ('mrg2', 'final'): 662.672, ('mrg2', 'compact'): 662.918, ('mrg2', 'pack'): 662.986, ('mrg2', 'd2h'): 663.212, ('mrg3', 'start'): 663.448, ('mrg3', 'h2d'): 663.576, ('mrg3', 'count'): 663.875, ('mrg3', 'scan'): 663.924, ('mrg3', 'merge'): 664.48, ('mrg3', 'pack'): 664.546, ('mrg3', 'd2h'): 664.773, ('mrg6', 'start'): 664.997, ('mrg6', 'h2d'): 665.122, ('mrg6', 'mean_numk'): 665.133, ('mrg6', 'scan'): 665.186, ('mrg6', 'classify'): 665.193, ('mrg6', 'light'): 665.815, ('mrg6', 'compact'): 665.956, ('mrg6', 'pack'): 666.022, ('mrg6', 'd2h'): 666.254, ('mrg7', 'start'): 666.617, ('mrg7', 'h2d'): 666.754, ('mrg7', 'mean_numk'): 666.761, ('mrg7', 'scan'): 666.814, ('mrg7', 'classify'): 666.821, ('mrg7', 'light'): 667.468, ('mrg7', 'compact'): 667.611, ('mrg7', 'pack'): 667.677, ('mrg7', 'd2h'): 667.904}",5.004724953323603,0.6076256015803665
Mildly sparse,bcsstk08,1074,12960,1.1235604381885709,305612,305612,305612,305612,305612,305612,305612,0.0,,0.05299999999999727,0.3089999999999691,0.10700000000008458,0.21100000000001273,0.46900000000005093,0.932,,,,,1.356,21.061,2.222,1.502,2.377,2.247,,0.5480000000000018,1.0360000000000582,20.744000000000028,1.899000000000001,1.1870000000000118,1.9650000000000318,1.842999999999961,"{('cu', 'start'): 679.697, ('cu', 'h2dmalloc'): 679.745, ('cu', 'h2d'): 679.765, ('cu', 'workest'): 679.818, ('cu', 'compute'): 680.127, ('cu', 'copy'): 680.234, ('cu', 'pack'): 680.313, ('cu', 'd2h'): 680.524, ('gust', 'start'): 680.636, ('gust', 'h2d'): 680.699, ('gust', 'count'): 680.734, ('gust', 'scan'): 680.77, ('gust', 'expand'): 680.932, ('gust', 'sort'): 681.2, ('gust', 'reduce'): 681.348, ('gust', 'final'): 681.664, ('gust', 'pack'): 681.735, ('gust', 'd2h'): 681.834, ('merge', 'start'): 682.0, ('merge', 'h2d'): 682.064, ('merge', 'count'): 682.108, ('merge', 'scan'): 682.143, ('merge', 'expand'): 682.717, ('merge', 'merge'): 702.443, ('merge', 'final'): 702.577, ('merge', 'compact'): 702.739, ('merge', 'pack'): 702.808, ('merge', 'd2h'): 702.906, ('mrg2', 'start'): 703.075, ('mrg2', 'h2d'): 703.141, ('mrg2', 'count'): 703.177, ('mrg2', 'scan'): 703.212, ('mrg2', 'merge'): 704.773, ('mrg2', 'final'): 704.809, ('mrg2', 'compact'): 704.971, ('mrg2', 'pack'): 705.04, ('mrg2', 'd2h'): 705.139, ('mrg3', 'start'): 705.299, ('mrg3', 'h2d'): 705.362, ('mrg3', 'count'): 705.806, ('mrg3', 'scan'): 705.853, ('mrg3', 'merge'): 706.483, ('mrg3', 'pack'): 706.549, ('mrg3', 'd2h'): 706.648, ('mrg6', 'start'): 706.808, ('mrg6', 'h2d'): 706.87, ('mrg6', 'mean_numk'): 706.876, ('mrg6', 'scan'): 706.936, ('mrg6', 'classify'): 706.948, ('mrg6', 'light'): 707.652, ('mrg6', 'heavy'): 708.666, ('mrg6', 'compact'): 708.767, ('mrg6', 'pack'): 708.835, ('mrg6', 'd2h'): 708.933, ('mrg7', 'start'): 709.191, ('mrg7', 'h2d'): 709.255, ('mrg7', 'mean_numk'): 709.262, ('mrg7', 'scan'): 709.322, ('mrg7', 'classify'): 709.333, ('mrg7', 'light'): 710.04, ('mrg7', 'heavy'): 710.933, ('mrg7', 'compact'): 711.028, ('mrg7', 'pack'): 711.098, ('mrg7', 'd2h'): 711.196}",0.1287519698962569,0.3944928001379594
Mildly sparse,can_1054,1054,12196,1.097832779436069,60248,60248,60248,60248,60248,60248,60248,0.0,,0.06999999999993634,0.2699999999999818,0.06500000000005457,0.14800000000002456,0.4049999999999727,0.746,,,,,1.024,1.152,0.529,0.433,0.673,0.664,,0.4259999999999309,0.7180000000000746,0.8450000000000273,0.29700000000002547,0.20400000000006457,0.36199999999996635,0.3449999999999136,"{('cu', 'start'): 682.636, ('cu', 'h2dmalloc'): 682.699, ('cu', 'h2d'): 682.72, ('cu', 'workest'): 682.79, ('cu', 'compute'): 683.06, ('cu', 'copy'): 683.125, ('cu', 'pack'): 683.146, ('cu', 'd2h'): 683.294, ('gust', 'start'): 683.39, ('gust', 'h2d'): 683.473, ('gust', 'count'): 683.499, ('gust', 'scan'): 683.54, ('gust', 'expand'): 683.636, ('gust', 'sort'): 683.909, ('gust', 'reduce'): 684.024, ('gust', 'final'): 684.166, ('gust', 'pack'): 684.191, ('gust', 'd2h'): 684.24, ('merge', 'start'): 684.421, ('merge', 'h2d'): 684.506, ('merge', 'count'): 684.531, ('merge', 'scan'): 684.571, ('merge', 'expand'): 684.712, ('merge', 'merge'): 685.257, ('merge', 'final'): 685.303, ('merge', 'compact'): 685.332, ('merge', 'pack'): 685.351, ('merge', 'd2h'): 685.399, ('mrg2', 'start'): 685.579, ('mrg2', 'h2d'): 685.66, ('mrg2', 'count'): 685.686, ('mrg2', 'scan'): 685.724, ('mrg2', 'merge'): 685.869, ('mrg2', 'final'): 685.909, ('mrg2', 'compact'): 685.938, ('mrg2', 'pack'): 685.957, ('mrg2', 'd2h'): 686.005, ('mrg3', 'start'): 686.113, ('mrg3', 'h2d'): 686.194, ('mrg3', 'count'): 686.253, ('mrg3', 'scan'): 686.309, ('mrg3', 'merge'): 686.377, ('mrg3', 'pack'): 686.398, ('mrg3', 'd2h'): 686.446, ('mrg6', 'start'): 686.553, ('mrg6', 'h2d'): 686.634, ('mrg6', 'mean_numk'): 686.64, ('mrg6', 'scan'): 686.694, ('mrg6', 'classify'): 686.707, ('mrg6', 'light'): 686.854, ('mrg6', 'compact'): 686.908, ('mrg6', 'pack'): 686.996, ('mrg6', 'd2h'): 687.048, ('mrg7', 'start'): 687.234, ('mrg7', 'h2d'): 687.315, ('mrg7', 'mean_numk'): 687.321, ('mrg7', 'scan'): 687.378, ('mrg7', 'classify'): 687.384, ('mrg7', 'light'): 687.529, ('mrg7', 'compact'): 687.58, ('mrg7', 'pack'): 687.66, ('mrg7', 'd2h'): 687.71}",0.1309399958699941,0.2841663992963731
Mildly sparse,can_1072,1072,12444,1.0828553129873024,62316,62316,62316,62316,62316,62316,62316,0.0,,0.06000000000005912,0.2659999999999627,0.06900000000007367,0.15200000000004366,0.3950000000000955,0.741,,,,,1.033,1.286,0.534,0.437,0.683,0.664,,0.41700000000003,0.7250000000000227,1.05600000000004,0.29899999999997817,0.20699999999999363,0.37200000000007094,0.3569999999999709,"{('cu', 'start'): 681.803, ('cu', 'h2dmalloc'): 681.865, ('cu', 'h2d'): 681.887, ('cu', 'workest'): 681.947, ('cu', 'compute'): 682.213, ('cu', 'copy'): 682.282, ('cu', 'pack'): 682.304, ('cu', 'd2h'): 682.456, ('gust', 'start'): 682.553, ('gust', 'h2d'): 682.637, ('gust', 'count'): 682.662, ('gust', 'scan'): 682.703, ('gust', 'expand'): 682.801, ('gust', 'sort'): 683.073, ('gust', 'reduce'): 683.19, ('gust', 'final'): 683.337, ('gust', 'pack'): 683.362, ('gust', 'd2h'): 683.413, ('merge', 'start'): 683.591, ('merge', 'h2d'): 683.675, ('merge', 'count'): 683.7, ('merge', 'scan'): 683.738, ('merge', 'expand'): 683.879, ('merge', 'merge'): 684.484, ('merge', 'final'): 684.531, ('merge', 'compact'): 684.705, ('merge', 'pack'): 684.731, ('merge', 'd2h'): 684.78, ('mrg2', 'start'): 684.884, ('mrg2', 'h2d'): 684.966, ('mrg2', 'count'): 684.997, ('mrg2', 'scan'): 685.036, ('mrg2', 'merge'): 685.184, ('mrg2', 'final'): 685.219, ('mrg2', 'compact'): 685.245, ('mrg2', 'pack'): 685.265, ('mrg2', 'd2h'): 685.315, ('mrg3', 'start'): 685.424, ('mrg3', 'h2d'): 685.506, ('mrg3', 'count'): 685.564, ('mrg3', 'scan'): 685.62, ('mrg3', 'merge'): 685.692, ('mrg3', 'pack'): 685.713, ('mrg3', 'd2h'): 685.762, ('mrg6', 'start'): 685.868, ('mrg6', 'h2d'): 685.948, ('mrg6', 'mean_numk'): 685.957, ('mrg6', 'scan'): 686.018, ('mrg6', 'classify'): 686.031, ('mrg6', 'light'): 686.178, ('mrg6', 'compact'): 686.231, ('mrg6', 'pack'): 686.32, ('mrg6', 'd2h'): 686.374, ('mrg7', 'start'): 686.557, ('mrg7', 'h2d'): 686.638, ('mrg7', 'mean_numk'): 686.647, ('mrg7', 'scan'): 686.702, ('mrg7', 'classify'): 686.707, ('mrg7', 'light'): 686.853, ('mrg7', 'compact'): 686.904, ('mrg7', 'pack'): 686.995, ('mrg7', 'd2h'): 687.048}",0.1165999565273523,0.2843840002315119
Mildly sparse,bcsstk19,817,6853,1.0266835857969194,18305,18305,18305,18305,18305,18305,18305,0.0,,0.05200000000002092,0.14999999999997726,0.051000000000044565,0.03200000000003911,0.25300000000004275,0.432,,,,,0.47,0.37,0.314,0.286,0.306,0.295,,0.2699999999999818,0.3229999999999791,0.22500000000002274,0.1650000000000773,0.13999999999998636,0.15999999999996817,0.15199999999992997,"{('cu', 'start'): 584.648, ('cu', 'h2dmalloc'): 584.697, ('cu', 'h2d'): 584.712, ('cu', 'workest'): 584.764, ('cu', 'compute'): 584.914, ('cu', 'copy'): 584.965, ('cu', 'pack'): 584.982, ('cu', 'd2h'): 585.014, ('gust', 'start'): 585.086, ('gust', 'h2d'): 585.149, ('gust', 'count'): 585.176, ('gust', 'scan'): 585.208, ('gust', 'expand'): 585.237, ('gust', 'sort'): 585.362, ('gust', 'reduce'): 585.4, ('gust', 'final'): 585.456, ('gust', 'pack'): 585.472, ('gust', 'd2h'): 585.486, ('merge', 'start'): 585.563, ('merge', 'h2d'): 585.625, ('merge', 'count'): 585.645, ('merge', 'scan'): 585.675, ('merge', 'expand'): 585.708, ('merge', 'merge'): 585.774, ('merge', 'final'): 585.81, ('merge', 'compact'): 585.835, ('merge', 'pack'): 585.85, ('merge', 'd2h'): 585.864, ('mrg2', 'start'): 585.938, ('mrg2', 'h2d'): 586.001, ('mrg2', 'count'): 586.024, ('mrg2', 'scan'): 586.054, ('mrg2', 'merge'): 586.096, ('mrg2', 'final'): 586.126, ('mrg2', 'compact'): 586.15, ('mrg2', 'pack'): 586.166, ('mrg2', 'd2h'): 586.18, ('mrg3', 'start'): 586.258, ('mrg3', 'h2d'): 586.32, ('mrg3', 'count'): 586.359, ('mrg3', 'scan'): 586.403, ('mrg3', 'merge'): 586.441, ('mrg3', 'pack'): 586.46, ('mrg3', 'd2h'): 586.474, ('mrg6', 'start'): 586.55, ('mrg6', 'h2d'): 586.609, ('mrg6', 'mean_numk'): 586.615, ('mrg6', 'scan'): 586.66, ('mrg6', 'classify'): 586.664, ('mrg6', 'light'): 586.708, ('mrg6', 'compact'): 586.752, ('mrg6', 'pack'): 586.769, ('mrg6', 'd2h'): 586.782, ('mrg7', 'start'): 586.861, ('mrg7', 'h2d'): 586.922, ('mrg7', 'mean_numk'): 586.927, ('mrg7', 'scan'): 586.971, ('mrg7', 'classify'): 586.976, ('mrg7', 'light'): 587.019, ('mrg7', 'compact'): 587.06, ('mrg7', 'pack'): 587.074, ('mrg7', 'd2h'): 587.088}",0.0903949839994311,0.2631935996003449
Highly sparse,bcsstm12,1473,19659,0.9060578533079476,53615,53615,53615,53615,53615,53615,53615,0.0,,0.05200000000002092,0.21499999999991815,0.055000000000063665,0.09699999999997999,0.32200000000000273,0.569,,,,,0.907,0.819,0.456,0.346,0.459,0.448,,0.33799999999996544,0.69399999999996,0.6560000000000628,0.2949999999999591,0.18200000000001637,0.24300000000005184,0.23299999999994725,"{('cu', 'start'): 580.222, ('cu', 'h2dmalloc'): 580.273, ('cu', 'h2d'): 580.293, ('cu', 'workest'): 580.345, ('cu', 'compute'): 580.56, ('cu', 'copy'): 580.615, ('cu', 'pack'): 580.631, ('cu', 'd2h'): 580.728, ('gust', 'start'): 580.797, ('gust', 'h2d'): 580.863, ('gust', 'count'): 580.885, ('gust', 'scan'): 580.918, ('gust', 'expand'): 580.998, ('gust', 'sort'): 581.239, ('gust', 'reduce'): 581.375, ('gust', 'final'): 581.538, ('gust', 'pack'): 581.557, ('gust', 'd2h'): 581.581, ('merge', 'start'): 581.709, ('merge', 'h2d'): 581.776, ('merge', 'count'): 581.797, ('merge', 'scan'): 581.83, ('merge', 'expand'): 581.943, ('merge', 'merge'): 582.19, ('merge', 'final'): 582.29, ('merge', 'compact'): 582.412, ('merge', 'pack'): 582.432, ('merge', 'd2h'): 582.456, ('mrg2', 'start'): 582.533, ('mrg2', 'h2d'): 582.599, ('mrg2', 'count'): 582.621, ('mrg2', 'scan'): 582.653, ('mrg2', 'merge'): 582.767, ('mrg2', 'final'): 582.8, ('mrg2', 'compact'): 582.875, ('mrg2', 'pack'): 582.894, ('mrg2', 'd2h'): 582.918, ('mrg3', 'start'): 582.994, ('mrg3', 'h2d'): 583.058, ('mrg3', 'count'): 583.11, ('mrg3', 'scan'): 583.159, ('mrg3', 'merge'): 583.223, ('mrg3', 'pack'): 583.24, ('mrg3', 'd2h'): 583.264, ('mrg6', 'start'): 583.345, ('mrg6', 'h2d'): 583.411, ('mrg6', 'mean_numk'): 583.42, ('mrg6', 'scan'): 583.471, ('mrg6', 'classify'): 583.477, ('mrg6', 'light'): 583.589, ('mrg6', 'compact'): 583.637, ('mrg6', 'pack'): 583.654, ('mrg6', 'd2h'): 583.679, ('mrg7', 'start'): 583.808, ('mrg7', 'h2d'): 583.873, ('mrg7', 'mean_numk'): 583.882, ('mrg7', 'scan'): 583.927, ('mrg7', 'classify'): 583.932, ('mrg7', 'light'): 584.042, ('mrg7', 'compact'): 584.09, ('mrg7', 'pack'): 584.106, ('mrg7', 'd2h'): 584.13}",0.2301759086549282,0.283254399523139
Highly sparse,bcsstm03,112,112,0.8928571428571428,112,112,112,112,112,112,112,0.0,,0.04100000000005366,0.14699999999993452,0.04600000000004911,0.02400000000000091,0.2340000000000373,0.401,,,,,0.348,0.295,0.276,0.236,0.271,0.281,,0.24900000000002365,0.20600000000001728,0.15699999999992542,0.1329999999999245,0.09699999999997999,0.1289999999999054,0.13600000000008095,"{('cu', 'start'): 565.914, ('cu', 'h2dmalloc'): 565.963, ('cu', 'h2d'): 565.976, ('cu', 'workest'): 566.017, ('cu', 'compute'): 566.164, ('cu', 'copy'): 566.21, ('cu', 'pack'): 566.225, ('cu', 'd2h'): 566.249, ('gust', 'start'): 566.322, ('gust', 'h2d'): 566.383, ('gust', 'count'): 566.401, ('gust', 'scan'): 566.433, ('gust', 'expand'): 566.453, ('gust', 'sort'): 566.494, ('gust', 'reduce'): 566.529, ('gust', 'final'): 566.573, ('gust', 'pack'): 566.589, ('gust', 'd2h'): 566.597, ('merge', 'start'): 566.676, ('merge', 'h2d'): 566.734, ('merge', 'count'): 566.752, ('merge', 'scan'): 566.784, ('merge', 'expand'): 566.803, ('merge', 'merge'): 566.821, ('merge', 'final'): 566.854, ('merge', 'compact'): 566.876, ('merge', 'pack'): 566.891, ('merge', 'd2h'): 566.9, ('mrg2', 'start'): 566.977, ('mrg2', 'h2d'): 567.037, ('mrg2', 'count'): 567.056, ('mrg2', 'scan'): 567.087, ('mrg2', 'merge'): 567.108, ('mrg2', 'final'): 567.135, ('mrg2', 'compact'): 567.155, ('mrg2', 'pack'): 567.17, ('mrg2', 'd2h'): 567.18, ('mrg3', 'start'): 567.257, ('mrg3', 'h2d'): 567.315, ('mrg3', 'count'): 567.336, ('mrg3', 'scan'): 567.378, ('mrg3', 'merge'): 567.397, ('mrg3', 'pack'): 567.412, ('mrg3', 'd2h'): 567.42, ('mrg6', 'start'): 567.498, ('mrg6', 'h2d'): 567.556, ('mrg6', 'mean_numk'): 567.561, ('mrg6', 'scan'): 567.602, ('mrg6', 'classify'): 567.606, ('mrg6', 'light'): 567.625, ('mrg6', 'compact'): 567.665, ('mrg6', 'pack'): 567.685, ('mrg6', 'd2h'): 567.694, ('mrg7', 'start'): 567.774, ('mrg7', 'h2d'): 567.833, ('mrg7', 'mean_numk'): 567.837, ('mrg7', 'scan'): 567.88, ('mrg7', 'classify'): 567.889, ('mrg7', 'light'): 567.908, ('mrg7', 'compact'): 567.947, ('mrg7', 'pack'): 567.969, ('mrg7', 'd2h'): 567.977}",0.0208140118047595,0.1346303992904722
Highly sparse,bcspwr05,443,1623,0.8270105834934192,4249,4249,4249,4249,4249,4249,4249,0.0,,0.05700000000001637,0.16800000000000637,0.057999999999992724,0.028999999999996362,0.28300000000001546,0.506,,,,,0.541,0.427,0.376,0.313,0.363,0.36,,0.30499999999995,0.34600000000000364,0.2400000000000091,0.19700000000000273,0.13199999999994816,0.18200000000001637,0.17300000000000182,"{('cu', 'start'): 689.733, ('cu', 'h2dmalloc'): 689.798, ('cu', 'h2d'): 689.817, ('cu', 'workest'): 689.874, ('cu', 'compute'): 690.042, ('cu', 'copy'): 690.1, ('cu', 'pack'): 690.122, ('cu', 'd2h'): 690.151, ('gust', 'start'): 690.248, ('gust', 'h2d'): 690.334, ('gust', 'count'): 690.357, ('gust', 'scan'): 690.409, ('gust', 'expand'): 690.436, ('gust', 'sort'): 690.552, ('gust', 'reduce'): 690.597, ('gust', 'final'): 690.658, ('gust', 'pack'): 690.68, ('gust', 'd2h'): 690.692, ('merge', 'start'): 690.796, ('merge', 'h2d'): 690.883, ('merge', 'count'): 690.908, ('merge', 'scan'): 690.945, ('merge', 'expand'): 690.976, ('merge', 'merge'): 691.03, ('merge', 'final'): 691.072, ('merge', 'compact'): 691.105, ('merge', 'pack'): 691.123, ('merge', 'd2h'): 691.135, ('mrg2', 'start'): 691.229, ('mrg2', 'h2d'): 691.305, ('mrg2', 'count'): 691.329, ('mrg2', 'scan'): 691.364, ('mrg2', 'merge'): 691.422, ('mrg2', 'final'): 691.455, ('mrg2', 'compact'): 691.48, ('mrg2', 'pack'): 691.502, ('mrg2', 'd2h'): 691.513, ('mrg3', 'start'): 691.613, ('mrg3', 'h2d'): 691.691, ('mrg3', 'count'): 691.722, ('mrg3', 'scan'): 691.772, ('mrg3', 'merge'): 691.805, ('mrg3', 'pack'): 691.823, ('mrg3', 'd2h'): 691.836, ('mrg6', 'start'): 691.933, ('mrg6', 'h2d'): 692.009, ('mrg6', 'mean_numk'): 692.017, ('mrg6', 'scan'): 692.066, ('mrg6', 'classify'): 692.073, ('mrg6', 'light'): 692.119, ('mrg6', 'compact'): 692.168, ('mrg6', 'pack'): 692.191, ('mrg6', 'd2h'): 692.204, ('mrg7', 'start'): 692.302, ('mrg7', 'h2d'): 692.387, ('mrg7', 'mean_numk'): 692.395, ('mrg7', 'scan'): 692.445, ('mrg7', 'classify'): 692.452, ('mrg7', 'light'): 692.489, ('mrg7', 'compact'): 692.539, ('mrg7', 'pack'): 692.56, ('mrg7', 'd2h'): 692.572}",0.0335850054398179,0.1720480006188154
Highly sparse,bcsstk26,1922,30336,0.8212049319939666,92530,92530,92530,92530,92530,92530,92530,0.0,,0.05299999999999727,0.24699999999995725,0.05600000000004002,0.11000000000001364,0.35599999999999454,0.705,,,,,1.027,1.126,0.599,0.401,0.591,0.566,,0.4230000000000018,0.8509999999999991,0.9510000000000218,0.42200000000002547,0.22299999999995634,0.3280000000000882,0.3089999999999691,"{('cu', 'start'): 607.364, ('cu', 'h2dmalloc'): 607.413, ('cu', 'h2d'): 607.436, ('cu', 'workest'): 607.489, ('cu', 'compute'): 607.736, ('cu', 'copy'): 607.792, ('cu', 'pack'): 607.859, ('cu', 'd2h'): 607.969, ('gust', 'start'): 608.076, ('gust', 'h2d'): 608.144, ('gust', 'count'): 608.167, ('gust', 'scan'): 608.2, ('gust', 'expand'): 608.324, ('gust', 'sort'): 608.568, ('gust', 'reduce'): 608.731, ('gust', 'final'): 608.974, ('gust', 'pack'): 608.995, ('gust', 'd2h'): 609.03, ('merge', 'start'): 609.109, ('merge', 'h2d'): 609.178, ('merge', 'count'): 609.204, ('merge', 'scan'): 609.237, ('merge', 'expand'): 609.42, ('merge', 'merge'): 609.861, ('merge', 'final'): 609.996, ('merge', 'compact'): 610.108, ('merge', 'pack'): 610.129, ('merge', 'd2h'): 610.164, ('mrg2', 'start'): 610.241, ('mrg2', 'h2d'): 610.312, ('mrg2', 'count'): 610.335, ('mrg2', 'scan'): 610.367, ('mrg2', 'merge'): 610.555, ('mrg2', 'final'): 610.59, ('mrg2', 'compact'): 610.712, ('mrg2', 'pack'): 610.734, ('mrg2', 'd2h'): 610.77, ('mrg3', 'start'): 610.845, ('mrg3', 'h2d'): 610.914, ('mrg3', 'count'): 610.984, ('mrg3', 'scan'): 611.032, ('mrg3', 'merge'): 611.12, ('mrg3', 'pack'): 611.137, ('mrg3', 'd2h'): 611.172, ('mrg6', 'start'): 611.251, ('mrg6', 'h2d'): 611.319, ('mrg6', 'mean_numk'): 611.326, ('mrg6', 'scan'): 611.379, ('mrg6', 'classify'): 611.386, ('mrg6', 'light'): 611.569, ('mrg6', 'compact'): 611.626, ('mrg6', 'pack'): 611.647, ('mrg6', 'd2h'): 611.682, ('mrg7', 'start'): 611.847, ('mrg7', 'h2d'): 611.916, ('mrg7', 'mean_numk'): 611.925, ('mrg7', 'scan'): 611.971, ('mrg7', 'classify'): 611.977, ('mrg7', 'light'): 612.159, ('mrg7', 'compact'): 612.207, ('mrg7', 'pack'): 612.225, ('mrg7', 'd2h'): 612.26}",0.4997099749743938,0.3109087986638769
Highly sparse,bcsstk33,8738,591904,0.775223972597465,2569536,2569536,2569536,2569536,2569536,2569536,2569536,0.0,,0.2259999999999991,2.29200000000003,0.19000000000005457,1.3450000000000273,2.7080000000000837,5.142,,,,,10.346,22.023,4.684,5.118,4.172,4.849,,2.7789999999999964,8.013000000000034,20.326999999999998,2.965000000000032,3.8629999999999427,2.725999999999999,2.7369999999999663,"{('cu', 'start'): 776.758, ('cu', 'h2dmalloc'): 776.811, ('cu', 'h2d'): 777.655, ('cu', 'workest'): 777.881, ('cu', 'compute'): 780.173, ('cu', 'copy'): 780.363, ('cu', 'pack'): 780.434, ('cu', 'd2h'): 781.779, ('gust', 'start'): 781.907, ('gust', 'h2d'): 783.173, ('gust', 'count'): 783.258, ('gust', 'scan'): 783.3, ('gust', 'expand'): 783.99, ('gust', 'sort'): 789.563, ('gust', 'reduce'): 790.136, ('gust', 'final'): 791.113, ('gust', 'pack'): 791.186, ('gust', 'd2h'): 791.949, ('merge', 'start'): 792.261, ('merge', 'h2d'): 792.884, ('merge', 'count'): 792.994, ('merge', 'scan'): 793.036, ('merge', 'expand'): 795.311, ('merge', 'merge'): 812.482, ('merge', 'final'): 812.793, ('merge', 'compact'): 813.141, ('merge', 'pack'): 813.211, ('merge', 'd2h'): 813.972, ('mrg2', 'start'): 814.292, ('mrg2', 'h2d'): 814.928, ('mrg2', 'count'): 815.036, ('mrg2', 'scan'): 815.076, ('mrg2', 'merge'): 817.399, ('mrg2', 'final'): 817.439, ('mrg2', 'compact'): 817.806, ('mrg2', 'pack'): 817.893, ('mrg2', 'd2h'): 818.663, ('mrg3', 'start'): 818.982, ('mrg3', 'h2d'): 819.216, ('mrg3', 'count'): 820.725, ('mrg3', 'scan'): 820.777, ('mrg3', 'merge'): 823.011, ('mrg3', 'pack'): 823.079, ('mrg3', 'd2h'): 823.838, ('mrg6', 'start'): 824.106, ('mrg6', 'h2d'): 824.339, ('mrg6', 'mean_numk'): 824.359, ('mrg6', 'scan'): 824.464, ('mrg6', 'classify'): 824.476, ('mrg6', 'light'): 826.829, ('mrg6', 'compact'): 826.996, ('mrg6', 'pack'): 827.065, ('mrg6', 'd2h'): 827.824, ('mrg7', 'start'): 828.283, ('mrg7', 'h2d'): 829.186, ('mrg7', 'mean_numk'): 829.199, ('mrg7', 'scan'): 829.35, ('mrg7', 'classify'): 829.362, ('mrg7', 'light'): 831.686, ('mrg7', 'compact'): 831.855, ('mrg7', 'pack'): 831.923, ('mrg7', 'd2h'): 832.68}",32.54487703088671,1.4163231950253248
Highly sparse,bcsstm04,132,132,0.7575757575757576,132,132,132,132,132,132,132,0.0,,0.04200000000003001,0.1470000000000482,0.047000000000025466,0.02400000000000091,0.23600000000010368,0.404,,,,,0.356,0.301,0.287,0.235,0.276,0.272,,0.2520000000000664,0.21199999999998909,0.16000000000008185,0.14200000000005275,0.09600000000000364,0.13400000000001455,0.125,"{('cu', 'start'): 570.975, ('cu', 'h2dmalloc'): 571.024, ('cu', 'h2d'): 571.036, ('cu', 'workest'): 571.078, ('cu', 'compute'): 571.225, ('cu', 'copy'): 571.272, ('cu', 'pack'): 571.288, ('cu', 'd2h'): 571.312, ('gust', 'start'): 571.386, ('gust', 'h2d'): 571.446, ('gust', 'count'): 571.465, ('gust', 'scan'): 571.497, ('gust', 'expand'): 571.516, ('gust', 'sort'): 571.559, ('gust', 'reduce'): 571.594, ('gust', 'final'): 571.642, ('gust', 'pack'): 571.658, ('gust', 'd2h'): 571.667, ('merge', 'start'): 571.747, ('merge', 'h2d'): 571.805, ('merge', 'count'): 571.823, ('merge', 'scan'): 571.854, ('merge', 'expand'): 571.873, ('merge', 'merge'): 571.892, ('merge', 'final'): 571.926, ('merge', 'compact'): 571.95, ('merge', 'pack'): 571.965, ('merge', 'd2h'): 571.974, ('mrg2', 'start'): 572.054, ('mrg2', 'h2d'): 572.116, ('mrg2', 'count'): 572.134, ('mrg2', 'scan'): 572.167, ('mrg2', 'merge'): 572.187, ('mrg2', 'final'): 572.217, ('mrg2', 'compact'): 572.243, ('mrg2', 'pack'): 572.258, ('mrg2', 'd2h'): 572.267, ('mrg3', 'start'): 572.346, ('mrg3', 'h2d'): 572.403, ('mrg3', 'count'): 572.422, ('mrg3', 'scan'): 572.465, ('mrg3', 'merge'): 572.485, ('mrg3', 'pack'): 572.499, ('mrg3', 'd2h'): 572.508, ('mrg6', 'start'): 572.585, ('mrg6', 'h2d'): 572.643, ('mrg6', 'mean_numk'): 572.647, ('mrg6', 'scan'): 572.689, ('mrg6', 'classify'): 572.698, ('mrg6', 'light'): 572.716, ('mrg6', 'compact'): 572.756, ('mrg6', 'pack'): 572.777, ('mrg6', 'd2h'): 572.786, ('mrg7', 'start'): 572.866, ('mrg7', 'h2d'): 572.924, ('mrg7', 'mean_numk'): 572.928, ('mrg7', 'scan'): 572.971, ('mrg7', 'classify'): 572.975, ('mrg7', 'light'): 572.994, ('mrg7', 'compact'): 573.034, ('mrg7', 'pack'): 573.049, ('mrg7', 'd2h'): 573.058}",0.0213609309867024,0.1335904002189636
Highly sparse,bcsstk15,3948,117816,0.7558750073139261,527688,527688,527688,527688,527688,527688,527688,0.0,,0.1029999999999518,0.7000000000000455,0.15099999999995362,0.4249999999999545,0.9539999999999509,1.678,,,,,2.109,2.777,1.247,1.146,1.253,1.226,,1.0220000000000482,1.5930000000000746,2.274000000000001,0.7369999999999663,0.6460000000000719,0.6380000000000337,0.6169999999999618,"{('cu', 'start'): 614.231, ('cu', 'h2dmalloc'): 614.283, ('cu', 'h2d'): 614.332, ('cu', 'workest'): 614.435, ('cu', 'compute'): 615.135, ('cu', 'copy'): 615.286, ('cu', 'pack'): 615.354, ('cu', 'd2h'): 615.779, ('gust', 'start'): 615.915, ('gust', 'h2d'): 616.012, ('gust', 'count'): 616.037, ('gust', 'scan'): 616.073, ('gust', 'expand'): 616.228, ('gust', 'sort'): 616.939, ('gust', 'reduce'): 617.117, ('gust', 'final'): 617.53, ('gust', 'pack'): 617.605, ('gust', 'd2h'): 617.797, ('merge', 'start'): 618.031, ('merge', 'h2d'): 618.129, ('merge', 'count'): 618.154, ('merge', 'scan'): 618.189, ('merge', 'expand'): 618.545, ('merge', 'merge'): 619.921, ('merge', 'final'): 620.094, ('merge', 'compact'): 620.33, ('merge', 'pack'): 620.403, ('merge', 'd2h'): 620.588, ('mrg2', 'start'): 620.814, ('mrg2', 'h2d'): 620.916, ('mrg2', 'count'): 620.942, ('mrg2', 'scan'): 620.977, ('mrg2', 'merge'): 621.327, ('mrg2', 'final'): 621.362, ('mrg2', 'compact'): 621.581, ('mrg2', 'pack'): 621.653, ('mrg2', 'd2h'): 621.841, ('mrg3', 'start'): 622.066, ('mrg3', 'h2d'): 622.16, ('mrg3', 'count'): 622.343, ('mrg3', 'scan'): 622.392, ('mrg3', 'merge'): 622.742, ('mrg3', 'pack'): 622.806, ('mrg3', 'd2h'): 622.991, ('mrg6', 'start'): 623.217, ('mrg6', 'h2d'): 623.313, ('mrg6', 'mean_numk'): 623.321, ('mrg6', 'scan'): 623.377, ('mrg6', 'classify'): 623.384, ('mrg6', 'light'): 623.735, ('mrg6', 'compact'): 623.883, ('mrg6', 'pack'): 623.951, ('mrg6', 'd2h'): 624.138, ('mrg7', 'start'): 624.475, ('mrg7', 'h2d'): 624.57, ('mrg7', 'mean_numk'): 624.577, ('mrg7', 'scan'): 624.628, ('mrg7', 'classify'): 624.635, ('mrg7', 'light'): 624.979, ('mrg7', 'compact'): 625.12, ('mrg7', 'pack'): 625.187, ('mrg7', 'd2h'): 625.375}",3.4195040352642536,0.3513631980633363
Highly sparse,bcsstm22,138,138,0.7246376811594203,138,138,138,138,138,138,138,0.0,,0.08000000000004093,0.18399999999996908,0.08000000000004093,0.04699999999991178,0.34400000000005093,0.656,,,,,0.633,0.555,0.504,0.434,0.494,0.488,,0.37800000000004275,0.3690000000000282,0.2919999999999163,0.25,0.17600000000004457,0.23699999999996635,0.22400000000004638,"{('cu', 'start'): 603.477, ('cu', 'h2dmalloc'): 603.573, ('cu', 'h2d'): 603.596, ('cu', 'workest'): 603.676, ('cu', 'compute'): 603.86, ('cu', 'copy'): 603.94, ('cu', 'pack'): 603.974, ('cu', 'd2h'): 604.021, ('gust', 'start'): 604.145, ('gust', 'h2d'): 604.261, ('gust', 'count'): 604.297, ('gust', 'scan'): 604.352, ('gust', 'expand'): 604.386, ('gust', 'sort'): 604.446, ('gust', 'reduce'): 604.507, ('gust', 'final'): 604.597, ('gust', 'pack'): 604.63, ('gust', 'd2h'): 604.644, ('merge', 'start'): 604.789, ('merge', 'h2d'): 604.897, ('merge', 'count'): 604.93, ('merge', 'scan'): 604.984, ('merge', 'expand'): 605.017, ('merge', 'merge'): 605.054, ('merge', 'final'): 605.114, ('merge', 'compact'): 605.157, ('merge', 'pack'): 605.189, ('merge', 'd2h'): 605.203, ('mrg2', 'start'): 605.356, ('mrg2', 'h2d'): 605.461, ('mrg2', 'count'): 605.495, ('mrg2', 'scan'): 605.55, ('mrg2', 'merge'): 605.587, ('mrg2', 'final'): 605.638, ('mrg2', 'compact'): 605.678, ('mrg2', 'pack'): 605.711, ('mrg2', 'd2h'): 605.73, ('mrg3', 'start'): 605.872, ('mrg3', 'h2d'): 605.977, ('mrg3', 'count'): 606.012, ('mrg3', 'scan'): 606.086, ('mrg3', 'merge'): 606.121, ('mrg3', 'pack'): 606.153, ('mrg3', 'd2h'): 606.167, ('mrg6', 'start'): 606.318, ('mrg6', 'h2d'): 606.422, ('mrg6', 'mean_numk'): 606.433, ('mrg6', 'scan'): 606.505, ('mrg6', 'classify'): 606.514, ('mrg6', 'light'): 606.547, ('mrg6', 'compact'): 606.618, ('mrg6', 'pack'): 606.659, ('mrg6', 'd2h'): 606.674, ('mrg7', 'start'): 606.822, ('mrg7', 'h2d'): 606.928, ('mrg7', 'mean_numk'): 606.938, ('mrg7', 'scan'): 607.01, ('mrg7', 'classify'): 607.019, ('mrg7', 'light'): 607.05, ('mrg7', 'compact'): 607.12, ('mrg7', 'pack'): 607.152, ('mrg7', 'd2h'): 607.166}",0.0187200494110584,0.1351199999684467
Highly sparse,bp_1600,822,4841,0.7164591732229859,23625,23625,23625,23625,23625,23625,23625,0.0,,0.049999999999954525,0.16899999999998272,0.051000000000044565,0.029999999999972715,0.2699999999999818,0.447,,,,,0.501,17.294,1.553,0.916,1.159,1.156,,0.2859999999999445,0.3490000000000464,17.140999999999963,1.399000000000001,0.7609999999999673,1.0039999999999054,1.0019999999999527,"{('cu', 'start'): 625.419, ('cu', 'h2dmalloc'): 625.469, ('cu', 'h2d'): 625.484, ('cu', 'workest'): 625.534, ('cu', 'compute'): 625.703, ('cu', 'copy'): 625.754, ('cu', 'pack'): 625.77, ('cu', 'd2h'): 625.8, ('gust', 'start'): 625.873, ('gust', 'h2d'): 625.935, ('gust', 'count'): 625.967, ('gust', 'scan'): 625.999, ('gust', 'expand'): 626.052, ('gust', 'sort'): 626.177, ('gust', 'reduce'): 626.214, ('gust', 'final'): 626.268, ('gust', 'pack'): 626.284, ('gust', 'd2h'): 626.299, ('merge', 'start'): 626.38, ('merge', 'h2d'): 626.441, ('merge', 'count'): 626.477, ('merge', 'scan'): 626.508, ('merge', 'expand'): 626.757, ('merge', 'merge'): 643.503, ('merge', 'final'): 643.542, ('merge', 'compact'): 643.567, ('merge', 'pack'): 643.582, ('merge', 'd2h'): 643.597, ('mrg2', 'start'): 643.679, ('mrg2', 'h2d'): 643.742, ('mrg2', 'count'): 643.781, ('mrg2', 'scan'): 643.813, ('mrg2', 'merge'): 645.073, ('mrg2', 'final'): 645.105, ('mrg2', 'compact'): 645.126, ('mrg2', 'pack'): 645.141, ('mrg2', 'd2h'): 645.157, ('mrg3', 'start'): 645.237, ('mrg3', 'h2d'): 645.297, ('mrg3', 'count'): 645.619, ('mrg3', 'scan'): 645.665, ('mrg3', 'merge'): 646.042, ('mrg3', 'pack'): 646.058, ('mrg3', 'd2h'): 646.077, ('mrg6', 'start'): 646.158, ('mrg6', 'h2d'): 646.219, ('mrg6', 'mean_numk'): 646.224, ('mrg6', 'scan'): 646.28, ('mrg6', 'classify'): 646.29, ('mrg6', 'light'): 646.453, ('mrg6', 'heavy'): 647.161, ('mrg6', 'compact'): 647.205, ('mrg6', 'pack'): 647.223, ('mrg6', 'd2h'): 647.239, ('mrg7', 'start'): 647.322, ('mrg7', 'h2d'): 647.383, ('mrg7', 'mean_numk'): 647.388, ('mrg7', 'scan'): 647.444, ('mrg7', 'classify'): 647.453, ('mrg7', 'light'): 647.618, ('mrg7', 'heavy'): 648.326, ('mrg7', 'compact'): 648.369, ('mrg7', 'pack'): 648.385, ('mrg7', 'd2h'): 648.4}",0.0683530233800411,0.2242304000537842
Highly sparse,bp_1400,822,4790,0.7089112662132002,23154,23154,23154,23154,23154,23154,23154,0.0,,0.05099999999993088,0.16300000000001091,0.051000000000044565,0.028999999999996362,0.26499999999998636,0.439,,,,,0.504,17.69,1.527,0.918,1.163,1.154,,0.2819999999999254,0.3549999999999045,17.54499999999996,1.375,0.7659999999999627,1.0109999999999673,1.0049999999999955,"{('cu', 'start'): 659.673, ('cu', 'h2dmalloc'): 659.724, ('cu', 'h2d'): 659.738, ('cu', 'workest'): 659.789, ('cu', 'compute'): 659.952, ('cu', 'copy'): 660.003, ('cu', 'pack'): 660.02, ('cu', 'd2h'): 660.049, ('gust', 'start'): 660.119, ('gust', 'h2d'): 660.181, ('gust', 'count'): 660.214, ('gust', 'scan'): 660.247, ('gust', 'expand'): 660.3, ('gust', 'sort'): 660.427, ('gust', 'reduce'): 660.467, ('gust', 'final'): 660.519, ('gust', 'pack'): 660.536, ('gust', 'd2h'): 660.551, ('merge', 'start'): 660.629, ('merge', 'h2d'): 660.691, ('merge', 'count'): 660.727, ('merge', 'scan'): 660.759, ('merge', 'expand'): 661.01, ('merge', 'merge'): 678.164, ('merge', 'final'): 678.2, ('merge', 'compact'): 678.222, ('merge', 'pack'): 678.236, ('merge', 'd2h'): 678.251, ('mrg2', 'start'): 678.324, ('mrg2', 'h2d'): 678.386, ('mrg2', 'count'): 678.418, ('mrg2', 'scan'): 678.449, ('mrg2', 'merge'): 679.692, ('mrg2', 'final'): 679.724, ('mrg2', 'compact'): 679.745, ('mrg2', 'pack'): 679.761, ('mrg2', 'd2h'): 679.777, ('mrg3', 'start'): 679.856, ('mrg3', 'h2d'): 679.916, ('mrg3', 'count'): 680.237, ('mrg3', 'scan'): 680.283, ('mrg3', 'merge'): 680.665, ('mrg3', 'pack'): 680.682, ('mrg3', 'd2h'): 680.701, ('mrg6', 'start'): 680.78, ('mrg6', 'h2d'): 680.842, ('mrg6', 'mean_numk'): 680.847, ('mrg6', 'scan'): 680.902, ('mrg6', 'classify'): 680.914, ('mrg6', 'light'): 681.078, ('mrg6', 'heavy'): 681.79, ('mrg6', 'compact'): 681.835, ('mrg6', 'pack'): 681.853, ('mrg6', 'd2h'): 681.868, ('mrg7', 'start'): 681.949, ('mrg7', 'h2d'): 682.009, ('mrg7', 'mean_numk'): 682.015, ('mrg7', 'scan'): 682.071, ('mrg7', 'classify'): 682.082, ('mrg7', 'light'): 682.246, ('mrg7', 'heavy'): 682.954, ('mrg7', 'compact'): 682.997, ('mrg7', 'pack'): 683.014, ('mrg7', 'd2h'): 683.03}",0.0891400268301367,0.2208416005363687
Highly sparse,bp_1200,822,4726,0.6994393829068026,22313,22313,22313,22313,22313,22313,22313,0.0,,0.053999999999973625,0.15699999999992542,0.05000000000006821,0.03099999999994907,0.26099999999996726,0.44,,,,,0.508,17.816,1.545,0.918,1.156,1.159,,0.2759999999999536,0.3529999999999518,17.668000000000006,1.3909999999999627,0.7589999999999009,0.9990000000000236,1.0030000000000427,"{('cu', 'start'): 628.297, ('cu', 'h2dmalloc'): 628.348, ('cu', 'h2d'): 628.363, ('cu', 'workest'): 628.417, ('cu', 'compute'): 628.574, ('cu', 'copy'): 628.624, ('cu', 'pack'): 628.639, ('cu', 'd2h'): 628.67, ('gust', 'start'): 628.745, ('gust', 'h2d'): 628.807, ('gust', 'count'): 628.838, ('gust', 'scan'): 628.871, ('gust', 'expand'): 628.926, ('gust', 'sort'): 629.051, ('gust', 'reduce'): 629.09, ('gust', 'final'): 629.144, ('gust', 'pack'): 629.16, ('gust', 'd2h'): 629.175, ('merge', 'start'): 629.258, ('merge', 'h2d'): 629.32, ('merge', 'count'): 629.351, ('merge', 'scan'): 629.384, ('merge', 'expand'): 629.634, ('merge', 'merge'): 646.915, ('merge', 'final'): 646.952, ('merge', 'compact'): 646.974, ('merge', 'pack'): 646.988, ('merge', 'd2h'): 647.002, ('mrg2', 'start'): 647.08, ('mrg2', 'h2d'): 647.142, ('mrg2', 'count'): 647.172, ('mrg2', 'scan'): 647.204, ('mrg2', 'merge'): 648.464, ('mrg2', 'final'): 648.496, ('mrg2', 'compact'): 648.517, ('mrg2', 'pack'): 648.533, ('mrg2', 'd2h'): 648.549, ('mrg3', 'start'): 648.629, ('mrg3', 'h2d'): 648.69, ('mrg3', 'count'): 649.007, ('mrg3', 'scan'): 649.054, ('mrg3', 'merge'): 649.433, ('mrg3', 'pack'): 649.449, ('mrg3', 'd2h'): 649.473, ('mrg6', 'start'): 649.553, ('mrg6', 'h2d'): 649.614, ('mrg6', 'mean_numk'): 649.619, ('mrg6', 'scan'): 649.676, ('mrg6', 'classify'): 649.686, ('mrg6', 'light'): 649.843, ('mrg6', 'heavy'): 650.551, ('mrg6', 'compact'): 650.596, ('mrg6', 'pack'): 650.613, ('mrg6', 'd2h'): 650.629, ('mrg7', 'start'): 650.715, ('mrg7', 'h2d'): 650.776, ('mrg7', 'mean_numk'): 650.782, ('mrg7', 'scan'): 650.837, ('mrg7', 'classify'): 650.848, ('mrg7', 'light'): 651.004, ('mrg7', 'heavy'): 651.717, ('mrg7', 'compact'): 651.762, ('mrg7', 'pack'): 651.779, ('mrg7', 'd2h'): 651.794}",0.0892250100150704,0.2197887990623712
Highly sparse,685_bus,685,3249,0.6924183494059353,9337,9337,9337,9337,9337,9337,9337,0.0,,0.05099999999993088,0.15300000000002,0.04899999999997817,0.026000000000067303,0.25299999999992906,0.423,,,,,0.444,0.377,0.306,0.279,0.311,0.295,,0.2679999999999154,0.29099999999994,0.23299999999994725,0.16200000000003456,0.13200000000006185,0.16199999999992087,0.14999999999997726,"{('cu', 'start'): 564.285, ('cu', 'h2dmalloc'): 564.335, ('cu', 'h2d'): 564.349, ('cu', 'workest'): 564.4, ('cu', 'compute'): 564.553, ('cu', 'copy'): 564.602, ('cu', 'pack'): 564.617, ('cu', 'd2h'): 564.643, ('gust', 'start'): 564.716, ('gust', 'h2d'): 564.777, ('gust', 'count'): 564.797, ('gust', 'scan'): 564.83, ('gust', 'expand'): 564.853, ('gust', 'sort'): 564.964, ('gust', 'reduce'): 565.002, ('gust', 'final'): 565.053, ('gust', 'pack'): 565.068, ('gust', 'd2h'): 565.08, ('merge', 'start'): 565.165, ('merge', 'h2d'): 565.226, ('merge', 'count'): 565.246, ('merge', 'scan'): 565.278, ('merge', 'expand'): 565.308, ('merge', 'merge'): 565.383, ('merge', 'final'): 565.419, ('merge', 'compact'): 565.445, ('merge', 'pack'): 565.459, ('merge', 'd2h'): 565.471, ('mrg2', 'start'): 565.548, ('mrg2', 'h2d'): 565.607, ('mrg2', 'count'): 565.627, ('mrg2', 'scan'): 565.658, ('mrg2', 'merge'): 565.703, ('mrg2', 'final'): 565.733, ('mrg2', 'compact'): 565.754, ('mrg2', 'pack'): 565.769, ('mrg2', 'd2h'): 565.781, ('mrg3', 'start'): 565.86, ('mrg3', 'h2d'): 565.92, ('mrg3', 'count'): 565.953, ('mrg3', 'scan'): 565.998, ('mrg3', 'merge'): 566.037, ('mrg3', 'pack'): 566.052, ('mrg3', 'd2h'): 566.064, ('mrg6', 'start'): 566.144, ('mrg6', 'h2d'): 566.205, ('mrg6', 'mean_numk'): 566.214, ('mrg6', 'scan'): 566.258, ('mrg6', 'classify'): 566.262, ('mrg6', 'light'): 566.308, ('mrg6', 'compact'): 566.351, ('mrg6', 'pack'): 566.367, ('mrg6', 'd2h'): 566.379, ('mrg7', 'start'): 566.46, ('mrg7', 'h2d'): 566.52, ('mrg7', 'mean_numk'): 566.525, ('mrg7', 'scan'): 566.568, ('mrg7', 'classify'): 566.573, ('mrg7', 'light'): 566.613, ('mrg7', 'compact'): 566.655, ('mrg7', 'pack'): 566.67, ('mrg7', 'd2h'): 566.682}",0.0479120062664151,0.1757280001183971
Highly sparse,bp_1000,822,4661,0.6898195014237425,21373,21373,21373,21373,21373,21373,21373,0.0,,0.05200000000002092,0.16600000000005366,0.05099999999993088,0.029999999999972715,0.26900000000000546,0.444,,,,,0.496,17.519,1.516,0.914,1.155,1.14,,0.2860000000000582,0.3490000000000464,17.36500000000001,1.365000000000009,0.76299999999992,1.004000000000019,0.9930000000000518,"{('cu', 'start'): 648.798, ('cu', 'h2dmalloc'): 648.848, ('cu', 'h2d'): 648.862, ('cu', 'workest'): 648.914, ('cu', 'compute'): 649.08, ('cu', 'copy'): 649.131, ('cu', 'pack'): 649.148, ('cu', 'd2h'): 649.178, ('gust', 'start'): 649.249, ('gust', 'h2d'): 649.31, ('gust', 'count'): 649.344, ('gust', 'scan'): 649.376, ('gust', 'expand'): 649.429, ('gust', 'sort'): 649.554, ('gust', 'reduce'): 649.592, ('gust', 'final'): 649.642, ('gust', 'pack'): 649.659, ('gust', 'd2h'): 649.674, ('merge', 'start'): 649.752, ('merge', 'h2d'): 649.813, ('merge', 'count'): 649.848, ('merge', 'scan'): 649.88, ('merge', 'expand'): 650.123, ('merge', 'merge'): 667.095, ('merge', 'final'): 667.138, ('merge', 'compact'): 667.162, ('merge', 'pack'): 667.178, ('merge', 'd2h'): 667.192, ('mrg2', 'start'): 667.277, ('mrg2', 'h2d'): 667.341, ('mrg2', 'count'): 667.377, ('mrg2', 'scan'): 667.41, ('mrg2', 'merge'): 668.637, ('mrg2', 'final'): 668.668, ('mrg2', 'compact'): 668.69, ('mrg2', 'pack'): 668.706, ('mrg2', 'd2h'): 668.721, ('mrg3', 'start'): 668.798, ('mrg3', 'h2d'): 668.859, ('mrg3', 'count'): 669.178, ('mrg3', 'scan'): 669.224, ('mrg3', 'merge'): 669.606, ('mrg3', 'pack'): 669.622, ('mrg3', 'd2h'): 669.641, ('mrg6', 'start'): 669.719, ('mrg6', 'h2d'): 669.779, ('mrg6', 'mean_numk'): 669.784, ('mrg6', 'scan'): 669.84, ('mrg6', 'classify'): 669.852, ('mrg6', 'light'): 670.01, ('mrg6', 'heavy'): 670.721, ('mrg6', 'compact'): 670.765, ('mrg6', 'pack'): 670.783, ('mrg6', 'd2h'): 670.798, ('mrg7', 'start'): 670.879, ('mrg7', 'h2d'): 670.939, ('mrg7', 'mean_numk'): 670.945, ('mrg7', 'scan'): 671.001, ('mrg7', 'classify'): 671.012, ('mrg7', 'light'): 671.171, ('mrg7', 'heavy'): 671.871, ('mrg7', 'compact'): 671.914, ('mrg7', 'pack'): 671.932, ('mrg7', 'd2h'): 671.946}",0.0695000635460019,0.2170272003160789
Highly sparse,494_bus,494,1666,0.6826861610582045,4062,4062,4062,4062,4062,4062,4062,0.0,,0.049999999999954525,0.14800000000002456,0.049999999999954525,0.024999999999977263,0.2479999999999336,0.418,,,,,0.437,0.346,0.303,0.257,0.299,0.29,,0.26499999999998636,0.28900000000010095,0.20600000000001728,0.15999999999996817,0.11700000000007549,0.15600000000006276,0.15000000000009095,"{('cu', 'start'): 589.547, ('cu', 'h2dmalloc'): 589.598, ('cu', 'h2d'): 589.613, ('cu', 'workest'): 589.663, ('cu', 'compute'): 589.811, ('cu', 'copy'): 589.861, ('cu', 'pack'): 589.878, ('cu', 'd2h'): 589.903, ('gust', 'start'): 589.973, ('gust', 'h2d'): 590.036, ('gust', 'count'): 590.056, ('gust', 'scan'): 590.089, ('gust', 'expand'): 590.11, ('gust', 'sort'): 590.218, ('gust', 'reduce'): 590.257, ('gust', 'final'): 590.308, ('gust', 'pack'): 590.325, ('gust', 'd2h'): 590.338, ('merge', 'start'): 590.416, ('merge', 'h2d'): 590.477, ('merge', 'count'): 590.502, ('merge', 'scan'): 590.533, ('merge', 'expand'): 590.559, ('merge', 'merge'): 590.606, ('merge', 'final'): 590.641, ('merge', 'compact'): 590.669, ('merge', 'pack'): 590.683, ('merge', 'd2h'): 590.694, ('mrg2', 'start'): 590.768, ('mrg2', 'h2d'): 590.83, ('mrg2', 'count'): 590.853, ('mrg2', 'scan'): 590.884, ('mrg2', 'merge'): 590.926, ('mrg2', 'final'): 590.954, ('mrg2', 'compact'): 590.975, ('mrg2', 'pack'): 590.99, ('mrg2', 'd2h'): 591.0, ('mrg3', 'start'): 591.076, ('mrg3', 'h2d'): 591.137, ('mrg3', 'count'): 591.167, ('mrg3', 'scan'): 591.21, ('mrg3', 'merge'): 591.24, ('mrg3', 'pack'): 591.254, ('mrg3', 'd2h'): 591.265, ('mrg6', 'start'): 591.343, ('mrg6', 'h2d'): 591.405, ('mrg6', 'mean_numk'): 591.41, ('mrg6', 'scan'): 591.454, ('mrg6', 'classify'): 591.46, ('mrg6', 'light'): 591.502, ('mrg6', 'compact'): 591.544, ('mrg6', 'pack'): 591.561, ('mrg6', 'd2h'): 591.57, ('mrg7', 'start'): 591.648, ('mrg7', 'h2d'): 591.709, ('mrg7', 'mean_numk'): 591.718, ('mrg7', 'scan'): 591.76, ('mrg7', 'classify'): 591.765, ('mrg7', 'light'): 591.802, ('mrg7', 'compact'): 591.843, ('mrg7', 'pack'): 591.859, ('mrg7', 'd2h'): 591.869}",0.0324220163747668,0.1715424001449718
Highly sparse,bp_800,822,4534,0.6710237329876096,20224,20224,20224,20224,20224,20224,20224,0.0,,0.05000000000006821,0.15999999999996817,0.05000000000006821,0.02800000000002001,0.2600000000001046,0.436,,,,,0.508,16.911,1.48,0.928,1.137,1.096,,0.2760000000000673,0.3549999999999045,16.759000000000015,1.3289999999999509,0.7749999999999773,0.9849999999999,0.94500000000005,"{('cu', 'start'): 620.845, ('cu', 'h2dmalloc'): 620.896, ('cu', 'h2d'): 620.911, ('cu', 'workest'): 620.961, ('cu', 'compute'): 621.121, ('cu', 'copy'): 621.171, ('cu', 'pack'): 621.187, ('cu', 'd2h'): 621.215, ('gust', 'start'): 621.287, ('gust', 'h2d'): 621.349, ('gust', 'count'): 621.383, ('gust', 'scan'): 621.416, ('gust', 'expand'): 621.468, ('gust', 'sort'): 621.592, ('gust', 'reduce'): 621.63, ('gust', 'final'): 621.688, ('gust', 'pack'): 621.704, ('gust', 'd2h'): 621.719, ('merge', 'start'): 621.8, ('merge', 'h2d'): 621.862, ('merge', 'count'): 621.895, ('merge', 'scan'): 621.928, ('merge', 'expand'): 622.164, ('merge', 'merge'): 638.547, ('merge', 'final'): 638.583, ('merge', 'compact'): 638.606, ('merge', 'pack'): 638.621, ('merge', 'd2h'): 638.635, ('mrg2', 'start'): 638.717, ('mrg2', 'h2d'): 638.778, ('mrg2', 'count'): 638.808, ('mrg2', 'scan'): 638.841, ('mrg2', 'merge'): 640.04, ('mrg2', 'final'): 640.072, ('mrg2', 'compact'): 640.092, ('mrg2', 'pack'): 640.107, ('mrg2', 'd2h'): 640.123, ('mrg3', 'start'): 640.202, ('mrg3', 'h2d'): 640.261, ('mrg3', 'count'): 640.588, ('mrg3', 'scan'): 640.634, ('mrg3', 'merge'): 641.021, ('mrg3', 'pack'): 641.036, ('mrg3', 'd2h'): 641.055, ('mrg6', 'start'): 641.135, ('mrg6', 'h2d'): 641.195, ('mrg6', 'mean_numk'): 641.2, ('mrg6', 'scan'): 641.255, ('mrg6', 'classify'): 641.265, ('mrg6', 'light'): 641.4, ('mrg6', 'heavy'): 642.121, ('mrg6', 'compact'): 642.165, ('mrg6', 'pack'): 642.18, ('mrg6', 'd2h'): 642.195, ('mrg7', 'start'): 642.277, ('mrg7', 'h2d'): 642.337, ('mrg7', 'mean_numk'): 642.344, ('mrg7', 'scan'): 642.399, ('mrg7', 'classify'): 642.409, ('mrg7', 'light'): 642.544, ('mrg7', 'heavy'): 643.224, ('mrg7', 'compact'): 643.267, ('mrg7', 'pack'): 643.282, ('mrg7', 'd2h'): 643.297}",0.0569589901715517,0.2150847999611869
Highly sparse,bcsstm05,153,153,0.6535947712418301,153,153,153,153,153,153,153,0.0,,0.04099999999993997,0.1510000000000673,0.04499999999995907,0.02400000000000091,0.23699999999996635,0.404,,,,,0.354,0.305,0.276,0.239,0.289,0.273,,0.25299999999992906,0.21200000000010277,0.16300000000001091,0.1349999999999909,0.09699999999997999,0.13800000000003365,0.1329999999999245,"{('cu', 'start'): 559.537, ('cu', 'h2dmalloc'): 559.586, ('cu', 'h2d'): 559.599, ('cu', 'workest'): 559.64, ('cu', 'compute'): 559.791, ('cu', 'copy'): 559.836, ('cu', 'pack'): 559.852, ('cu', 'd2h'): 559.876, ('gust', 'start'): 559.948, ('gust', 'h2d'): 560.007, ('gust', 'count'): 560.025, ('gust', 'scan'): 560.057, ('gust', 'expand'): 560.077, ('gust', 'sort'): 560.12, ('gust', 'reduce'): 560.155, ('gust', 'final'): 560.203, ('gust', 'pack'): 560.219, ('gust', 'd2h'): 560.228, ('merge', 'start'): 560.307, ('merge', 'h2d'): 560.366, ('merge', 'count'): 560.389, ('merge', 'scan'): 560.42, ('merge', 'expand'): 560.439, ('merge', 'merge'): 560.458, ('merge', 'final'): 560.493, ('merge', 'compact'): 560.515, ('merge', 'pack'): 560.529, ('merge', 'd2h'): 560.538, ('mrg2', 'start'): 560.617, ('mrg2', 'h2d'): 560.675, ('mrg2', 'count'): 560.693, ('mrg2', 'scan'): 560.723, ('mrg2', 'merge'): 560.744, ('mrg2', 'final'): 560.773, ('mrg2', 'compact'): 560.795, ('mrg2', 'pack'): 560.81, ('mrg2', 'd2h'): 560.819, ('mrg3', 'start'): 560.899, ('mrg3', 'h2d'): 560.957, ('mrg3', 'count'): 560.976, ('mrg3', 'scan'): 561.02, ('mrg3', 'merge'): 561.04, ('mrg3', 'pack'): 561.054, ('mrg3', 'd2h'): 561.063, ('mrg6', 'start'): 561.143, ('mrg6', 'h2d'): 561.201, ('mrg6', 'mean_numk'): 561.205, ('mrg6', 'scan'): 561.248, ('mrg6', 'classify'): 561.257, ('mrg6', 'light'): 561.275, ('mrg6', 'compact'): 561.315, ('mrg6', 'pack'): 561.339, ('mrg6', 'd2h'): 561.348, ('mrg7', 'start'): 561.437, ('mrg7', 'h2d'): 561.494, ('mrg7', 'mean_numk'): 561.499, ('mrg7', 'scan'): 561.543, ('mrg7', 'classify'): 561.553, ('mrg7', 'light'): 561.571, ('mrg7', 'compact'): 561.611, ('mrg7', 'pack'): 561.627, ('mrg7', 'd2h'): 561.636}",0.0489000231027603,0.1352640001103282
Highly sparse,bp_600,822,4172,0.6174483930357978,16464,16464,16464,16464,16464,16464,16464,0.0,,0.049999999999954525,0.1610000000000582,0.049999999999954525,0.028999999999996362,0.26099999999996726,0.435,,,,,0.487,16.365,1.461,0.92,1.147,1.078,,0.2759999999999536,0.3350000000000364,16.216000000000008,1.3120000000000118,0.7639999999998963,0.98700000000008,0.9249999999999545,"{('cu', 'start'): 620.834, ('cu', 'h2dmalloc'): 620.883, ('cu', 'h2d'): 620.898, ('cu', 'workest'): 620.948, ('cu', 'compute'): 621.109, ('cu', 'copy'): 621.159, ('cu', 'pack'): 621.174, ('cu', 'd2h'): 621.203, ('gust', 'start'): 621.275, ('gust', 'h2d'): 621.336, ('gust', 'count'): 621.368, ('gust', 'scan'): 621.401, ('gust', 'expand'): 621.448, ('gust', 'sort'): 621.561, ('gust', 'reduce'): 621.6, ('gust', 'final'): 621.654, ('gust', 'pack'): 621.671, ('gust', 'd2h'): 621.684, ('merge', 'start'): 621.767, ('merge', 'h2d'): 621.828, ('merge', 'count'): 621.859, ('merge', 'scan'): 621.891, ('merge', 'expand'): 622.109, ('merge', 'merge'): 637.97, ('merge', 'final'): 638.008, ('merge', 'compact'): 638.03, ('merge', 'pack'): 638.044, ('merge', 'd2h'): 638.057, ('mrg2', 'start'): 638.136, ('mrg2', 'h2d'): 638.197, ('mrg2', 'count'): 638.227, ('mrg2', 'scan'): 638.26, ('mrg2', 'merge'): 639.44, ('mrg2', 'final'): 639.472, ('mrg2', 'compact'): 639.493, ('mrg2', 'pack'): 639.509, ('mrg2', 'd2h'): 639.523, ('mrg3', 'start'): 639.602, ('mrg3', 'h2d'): 639.666, ('mrg3', 'count'): 639.989, ('mrg3', 'scan'): 640.035, ('mrg3', 'merge'): 640.414, ('mrg3', 'pack'): 640.43, ('mrg3', 'd2h'): 640.447, ('mrg6', 'start'): 640.527, ('mrg6', 'h2d'): 640.588, ('mrg6', 'mean_numk'): 640.594, ('mrg6', 'scan'): 640.652, ('mrg6', 'classify'): 640.663, ('mrg6', 'light'): 640.8, ('mrg6', 'heavy'): 641.513, ('mrg6', 'compact'): 641.558, ('mrg6', 'pack'): 641.575, ('mrg6', 'd2h'): 641.588, ('mrg7', 'start'): 641.68, ('mrg7', 'h2d'): 641.74, ('mrg7', 'mean_numk'): 641.745, ('mrg7', 'scan'): 641.8, ('mrg7', 'classify'): 641.81, ('mrg7', 'light'): 641.946, ('mrg7', 'heavy'): 642.602, ('mrg7', 'compact'): 642.649, ('mrg7', 'pack'): 642.665, ('mrg7', 'd2h'): 642.679}",0.0584350200369954,0.2157375990645959
Highly sparse,bp_400,822,4028,0.596136655596403,15238,15238,15238,15238,15238,15238,15238,0.0,,0.05200000000002092,0.16199999999992087,0.051000000000044565,0.027999999999906322,0.26499999999998636,0.442,,,,,0.48,15.302,1.404,0.908,1.117,1.043,,0.2820000000000391,0.3369999999999891,15.158999999999992,1.2590000000000146,0.7599999999999909,0.9669999999999845,0.8970000000000482,"{('cu', 'start'): 659.632, ('cu', 'h2dmalloc'): 659.683, ('cu', 'h2d'): 659.697, ('cu', 'workest'): 659.749, ('cu', 'compute'): 659.911, ('cu', 'copy'): 659.962, ('cu', 'pack'): 659.979, ('cu', 'd2h'): 660.007, ('gust', 'start'): 660.081, ('gust', 'h2d'): 660.143, ('gust', 'count'): 660.178, ('gust', 'scan'): 660.211, ('gust', 'expand'): 660.258, ('gust', 'sort'): 660.372, ('gust', 'reduce'): 660.41, ('gust', 'final'): 660.464, ('gust', 'pack'): 660.48, ('gust', 'd2h'): 660.493, ('merge', 'start'): 660.567, ('merge', 'h2d'): 660.628, ('merge', 'count'): 660.66, ('merge', 'scan'): 660.691, ('merge', 'expand'): 660.905, ('merge', 'merge'): 675.714, ('merge', 'final'): 675.751, ('merge', 'compact'): 675.773, ('merge', 'pack'): 675.787, ('merge', 'd2h'): 675.8, ('mrg2', 'start'): 675.874, ('mrg2', 'h2d'): 675.935, ('mrg2', 'count'): 675.968, ('mrg2', 'scan'): 675.999, ('mrg2', 'merge'): 677.127, ('mrg2', 'final'): 677.158, ('mrg2', 'compact'): 677.179, ('mrg2', 'pack'): 677.194, ('mrg2', 'd2h'): 677.208, ('mrg3', 'start'): 677.284, ('mrg3', 'h2d'): 677.344, ('mrg3', 'count'): 677.666, ('mrg3', 'scan'): 677.711, ('mrg3', 'merge'): 678.088, ('mrg3', 'pack'): 678.104, ('mrg3', 'd2h'): 678.122, ('mrg6', 'start'): 678.199, ('mrg6', 'h2d'): 678.26, ('mrg6', 'mean_numk'): 678.266, ('mrg6', 'scan'): 678.321, ('mrg6', 'classify'): 678.332, ('mrg6', 'light'): 678.459, ('mrg6', 'heavy'): 679.162, ('mrg6', 'compact'): 679.207, ('mrg6', 'pack'): 679.227, ('mrg6', 'd2h'): 679.24, ('mrg7', 'start'): 679.32, ('mrg7', 'h2d'): 679.381, ('mrg7', 'mean_numk'): 679.386, ('mrg7', 'scan'): 679.442, ('mrg7', 'classify'): 679.452, ('mrg7', 'light'): 679.58, ('mrg7', 'heavy'): 680.217, ('mrg7', 'compact'): 680.259, ('mrg7', 'pack'): 680.278, ('mrg7', 'd2h'): 680.291}",0.058965990319848,0.2135583990020677
Highly sparse,662_bus,662,2474,0.5645256980129791,6480,6480,6480,6480,6480,6480,6480,0.0,,0.053999999999973625,0.15099999999995362,0.04899999999997817,0.02400000000000091,0.2539999999999054,0.433,,,,,0.44,0.357,0.305,0.267,0.303,0.295,,0.27099999999995816,0.2899999999999636,0.20899999999994634,0.1570000000000391,0.1209999999999809,0.15399999999999636,0.14800000000002456,"{('cu', 'start'): 568.868, ('cu', 'h2dmalloc'): 568.924, ('cu', 'h2d'): 568.94, ('cu', 'workest'): 568.994, ('cu', 'compute'): 569.145, ('cu', 'copy'): 569.194, ('cu', 'pack'): 569.211, ('cu', 'd2h'): 569.235, ('gust', 'start'): 569.309, ('gust', 'h2d'): 569.373, ('gust', 'count'): 569.393, ('gust', 'scan'): 569.427, ('gust', 'expand'): 569.447, ('gust', 'sort'): 569.56, ('gust', 'reduce'): 569.598, ('gust', 'final'): 569.646, ('gust', 'pack'): 569.663, ('gust', 'd2h'): 569.674, ('merge', 'start'): 569.754, ('merge', 'h2d'): 569.817, ('merge', 'count'): 569.837, ('merge', 'scan'): 569.869, ('merge', 'expand'): 569.9, ('merge', 'merge'): 569.953, ('merge', 'final'): 569.988, ('merge', 'compact'): 570.011, ('merge', 'pack'): 570.026, ('merge', 'd2h'): 570.037, ('mrg2', 'start'): 570.116, ('mrg2', 'h2d'): 570.179, ('mrg2', 'count'): 570.2, ('mrg2', 'scan'): 570.232, ('mrg2', 'merge'): 570.268, ('mrg2', 'final'): 570.298, ('mrg2', 'compact'): 570.32, ('mrg2', 'pack'): 570.336, ('mrg2', 'd2h'): 570.346, ('mrg3', 'start'): 570.426, ('mrg3', 'h2d'): 570.488, ('mrg3', 'count'): 570.518, ('mrg3', 'scan'): 570.562, ('mrg3', 'merge'): 570.594, ('mrg3', 'pack'): 570.609, ('mrg3', 'd2h'): 570.619, ('mrg6', 'start'): 570.698, ('mrg6', 'h2d'): 570.76, ('mrg6', 'mean_numk'): 570.765, ('mrg6', 'scan'): 570.808, ('mrg6', 'classify'): 570.813, ('mrg6', 'light'): 570.852, ('mrg6', 'compact'): 570.897, ('mrg6', 'pack'): 570.914, ('mrg6', 'd2h'): 570.925, ('mrg7', 'start'): 571.006, ('mrg7', 'h2d'): 571.068, ('mrg7', 'mean_numk'): 571.074, ('mrg7', 'scan'): 571.117, ('mrg7', 'classify'): 571.122, ('mrg7', 'light'): 571.156, ('mrg7', 'compact'): 571.198, ('mrg7', 'pack'): 571.216, ('mrg7', 'd2h'): 571.227}",0.045748078264296,0.1755647998070344
Highly sparse,bp_200,822,3802,0.5626890676706863,13197,13197,13197,13197,13197,13197,13197,0.0,,0.05200000000002092,0.1610000000000582,0.049999999999954525,0.027000000000043656,0.26300000000003365,0.442,,,,,0.479,13.887,1.234,0.831,1.009,1.095,,0.27899999999999636,0.3289999999999509,13.740999999999985,1.0860000000000127,0.6789999999999736,0.8559999999999945,0.9049999999999727,"{('cu', 'start'): 615.469, ('cu', 'h2dmalloc'): 615.521, ('cu', 'h2d'): 615.535, ('cu', 'workest'): 615.587, ('cu', 'compute'): 615.748, ('cu', 'copy'): 615.798, ('cu', 'pack'): 615.814, ('cu', 'd2h'): 615.841, ('gust', 'start'): 615.918, ('gust', 'h2d'): 615.98, ('gust', 'count'): 616.013, ('gust', 'scan'): 616.046, ('gust', 'expand'): 616.092, ('gust', 'sort'): 616.205, ('gust', 'reduce'): 616.243, ('gust', 'final'): 616.293, ('gust', 'pack'): 616.309, ('gust', 'd2h'): 616.322, ('merge', 'start'): 616.403, ('merge', 'h2d'): 616.465, ('merge', 'count'): 616.495, ('merge', 'scan'): 616.528, ('merge', 'expand'): 616.721, ('merge', 'merge'): 630.134, ('merge', 'final'): 630.17, ('merge', 'compact'): 630.191, ('merge', 'pack'): 630.206, ('merge', 'd2h'): 630.218, ('mrg2', 'start'): 630.297, ('mrg2', 'h2d'): 630.357, ('mrg2', 'count'): 630.386, ('mrg2', 'scan'): 630.418, ('mrg2', 'merge'): 631.376, ('mrg2', 'final'): 631.407, ('mrg2', 'compact'): 631.427, ('mrg2', 'pack'): 631.443, ('mrg2', 'd2h'): 631.455, ('mrg3', 'start'): 631.535, ('mrg3', 'h2d'): 631.595, ('mrg3', 'count'): 631.876, ('mrg3', 'scan'): 631.921, ('mrg3', 'merge'): 632.259, ('mrg3', 'pack'): 632.274, ('mrg3', 'd2h'): 632.29, ('mrg6', 'start'): 632.371, ('mrg6', 'h2d'): 632.432, ('mrg6', 'mean_numk'): 632.436, ('mrg6', 'scan'): 632.491, ('mrg6', 'classify'): 632.501, ('mrg6', 'light'): 632.606, ('mrg6', 'heavy'): 633.229, ('mrg6', 'compact'): 633.272, ('mrg6', 'pack'): 633.288, ('mrg6', 'd2h'): 633.301, ('mrg7', 'start'): 633.388, ('mrg7', 'h2d'): 633.474, ('mrg7', 'mean_numk'): 633.482, ('mrg7', 'scan'): 633.552, ('mrg7', 'classify'): 633.566, ('mrg7', 'light'): 633.678, ('mrg7', 'heavy'): 634.314, ('mrg7', 'compact'): 634.362, ('mrg7', 'pack'): 634.379, ('mrg7', 'd2h'): 634.392}",0.062815030105412,0.2124895999673753
Highly sparse,bcsstm13,2003,21943,0.5469329704893483,90811,90811,90811,90811,90811,90811,90811,0.0,,0.05200000000002092,0.3140000000000782,0.05599999999992633,0.1129999999999427,0.42200000000002547,0.687,,,,,1.104,2.787,0.795,0.582,0.787,0.778,,0.44000000000005457,0.9270000000000209,2.6100000000000136,0.6209999999999809,0.40599999999994907,0.5119999999999436,0.5029999999999291,"{('cu', 'start'): 583.138, ('cu', 'h2dmalloc'): 583.188, ('cu', 'h2d'): 583.209, ('cu', 'workest'): 583.261, ('cu', 'compute'): 583.575, ('cu', 'copy'): 583.631, ('cu', 'pack'): 583.649, ('cu', 'd2h'): 583.762, ('gust', 'start'): 583.832, ('gust', 'h2d'): 583.9, ('gust', 'count'): 583.924, ('gust', 'scan'): 583.958, ('gust', 'expand'): 584.093, ('gust', 'sort'): 584.389, ('gust', 'reduce'): 584.543, ('gust', 'final'): 584.808, ('gust', 'pack'): 584.827, ('gust', 'd2h'): 584.862, ('merge', 'start'): 584.942, ('merge', 'h2d'): 585.01, ('merge', 'count'): 585.035, ('merge', 'scan'): 585.068, ('merge', 'expand'): 585.461, ('merge', 'merge'): 587.335, ('merge', 'final'): 587.479, ('merge', 'compact'): 587.601, ('merge', 'pack'): 587.62, ('merge', 'd2h'): 587.656, ('mrg2', 'start'): 587.734, ('mrg2', 'h2d'): 587.801, ('mrg2', 'count'): 587.825, ('mrg2', 'scan'): 587.857, ('mrg2', 'merge'): 588.24, ('mrg2', 'final'): 588.275, ('mrg2', 'compact'): 588.401, ('mrg2', 'pack'): 588.422, ('mrg2', 'd2h'): 588.458, ('mrg3', 'start'): 588.534, ('mrg3', 'h2d'): 588.601, ('mrg3', 'count'): 588.745, ('mrg3', 'scan'): 588.793, ('mrg3', 'merge'): 588.991, ('mrg3', 'pack'): 589.007, ('mrg3', 'd2h'): 589.041, ('mrg6', 'start'): 589.121, ('mrg6', 'h2d'): 589.187, ('mrg6', 'mean_numk'): 589.193, ('mrg6', 'scan'): 589.246, ('mrg6', 'classify'): 589.252, ('mrg6', 'light'): 589.632, ('mrg6', 'compact'): 589.682, ('mrg6', 'pack'): 589.699, ('mrg6', 'd2h'): 589.735, ('mrg7', 'start'): 589.913, ('mrg7', 'h2d'): 589.98, ('mrg7', 'mean_numk'): 589.986, ('mrg7', 'scan'): 590.035, ('mrg7', 'classify'): 590.041, ('mrg7', 'light'): 590.417, ('mrg7', 'compact'): 590.467, ('mrg7', 'pack'): 590.483, ('mrg7', 'd2h'): 590.518}",0.5324790254235268,0.3655648010782897
Highly sparse,bp_0,822,3276,0.4848420267462305,9384,9384,9384,9384,9384,9384,9384,0.0,,0.053999999999973625,0.16200000000003456,0.05099999999993088,0.026000000000067303,0.26699999999993906,0.439,,,,,0.47,11.235,1.117,0.822,1.001,0.914,,0.2829999999999018,0.3170000000000073,11.086999999999989,0.9710000000000036,0.6720000000000255,0.8519999999999754,0.7660000000000764,"{('cu', 'start'): 618.261, ('cu', 'h2dmalloc'): 618.311, ('cu', 'h2d'): 618.325, ('cu', 'workest'): 618.379, ('cu', 'compute'): 618.541, ('cu', 'copy'): 618.592, ('cu', 'pack'): 618.608, ('cu', 'd2h'): 618.634, ('gust', 'start'): 618.706, ('gust', 'h2d'): 618.768, ('gust', 'count'): 618.797, ('gust', 'scan'): 618.829, ('gust', 'expand'): 618.871, ('gust', 'sort'): 618.98, ('gust', 'reduce'): 619.018, ('gust', 'final'): 619.069, ('gust', 'pack'): 619.085, ('gust', 'd2h'): 619.097, ('merge', 'start'): 619.183, ('merge', 'h2d'): 619.245, ('merge', 'count'): 619.274, ('merge', 'scan'): 619.305, ('merge', 'expand'): 619.462, ('merge', 'merge'): 630.26, ('merge', 'final'): 630.296, ('merge', 'compact'): 630.318, ('merge', 'pack'): 630.332, ('merge', 'd2h'): 630.344, ('mrg2', 'start'): 630.423, ('mrg2', 'h2d'): 630.483, ('mrg2', 'count'): 630.513, ('mrg2', 'scan'): 630.545, ('mrg2', 'merge'): 631.386, ('mrg2', 'final'): 631.418, ('mrg2', 'compact'): 631.439, ('mrg2', 'pack'): 631.454, ('mrg2', 'd2h'): 631.466, ('mrg3', 'start'): 631.547, ('mrg3', 'h2d'): 631.607, ('mrg3', 'count'): 631.889, ('mrg3', 'scan'): 631.934, ('mrg3', 'merge'): 632.263, ('mrg3', 'pack'): 632.279, ('mrg3', 'd2h'): 632.294, ('mrg6', 'start'): 632.374, ('mrg6', 'h2d'): 632.434, ('mrg6', 'mean_numk'): 632.439, ('mrg6', 'scan'): 632.492, ('mrg6', 'classify'): 632.501, ('mrg6', 'light'): 632.609, ('mrg6', 'heavy'): 633.226, ('mrg6', 'compact'): 633.269, ('mrg6', 'pack'): 633.286, ('mrg6', 'd2h'): 633.297, ('mrg7', 'start'): 633.38, ('mrg7', 'h2d'): 633.439, ('mrg7', 'mean_numk'): 633.444, ('mrg7', 'scan'): 633.497, ('mrg7', 'classify'): 633.507, ('mrg7', 'light'): 633.613, ('mrg7', 'heavy'): 634.146, ('mrg7', 'compact'): 634.189, ('mrg7', 'pack'): 634.205, ('mrg7', 'd2h'): 634.217}",0.0766180455684661,0.2061952007468789
Highly sparse,bcsstk23,3134,45178,0.45996948062076437,220632,220632,220632,220632,220632,220632,220632,0.0,,0.053999999999973625,0.2840000000001055,0.10999999999989996,0.21600000000000819,0.4479999999999791,0.933,,,,,1.341,1.592,0.886,0.703,0.871,0.874,,0.5230000000000246,1.0009999999999764,1.2580000000000382,0.5520000000000209,0.36599999999998545,0.4379999999999882,0.4339999999999691,"{('cu', 'start'): 583.677, ('cu', 'h2dmalloc'): 583.727, ('cu', 'h2d'): 583.756, ('cu', 'workest'): 583.81, ('cu', 'compute'): 584.094, ('cu', 'copy'): 584.204, ('cu', 'pack'): 584.279, ('cu', 'd2h'): 584.495, ('gust', 'start'): 584.617, ('gust', 'h2d'): 584.691, ('gust', 'count'): 584.713, ('gust', 'scan'): 584.747, ('gust', 'expand'): 584.873, ('gust', 'sort'): 585.158, ('gust', 'reduce'): 585.307, ('gust', 'final'): 585.624, ('gust', 'pack'): 585.692, ('gust', 'd2h'): 585.781, ('merge', 'start'): 585.964, ('merge', 'h2d'): 586.039, ('merge', 'count'): 586.067, ('merge', 'scan'): 586.103, ('merge', 'expand'): 586.289, ('merge', 'merge'): 586.909, ('merge', 'final'): 587.051, ('merge', 'compact'): 587.231, ('merge', 'pack'): 587.297, ('merge', 'd2h'): 587.388, ('mrg2', 'start'): 587.562, ('mrg2', 'h2d'): 587.635, ('mrg2', 'count'): 587.658, ('mrg2', 'scan'): 587.693, ('mrg2', 'merge'): 587.91, ('mrg2', 'final'): 587.945, ('mrg2', 'compact'): 588.12, ('mrg2', 'pack'): 588.187, ('mrg2', 'd2h'): 588.28, ('mrg3', 'start'): 588.453, ('mrg3', 'h2d'): 588.527, ('mrg3', 'count'): 588.616, ('mrg3', 'scan'): 588.665, ('mrg3', 'merge'): 588.833, ('mrg3', 'pack'): 588.893, ('mrg3', 'd2h'): 588.982, ('mrg6', 'start'): 589.163, ('mrg6', 'h2d'): 589.237, ('mrg6', 'mean_numk'): 589.243, ('mrg6', 'scan'): 589.296, ('mrg6', 'classify'): 589.302, ('mrg6', 'light'): 589.514, ('mrg6', 'compact'): 589.612, ('mrg6', 'pack'): 589.675, ('mrg6', 'd2h'): 589.764, ('mrg7', 'start'): 590.039, ('mrg7', 'h2d'): 590.123, ('mrg7', 'mean_numk'): 590.13, ('mrg7', 'scan'): 590.179, ('mrg7', 'classify'): 590.185, ('mrg7', 'light'): 590.397, ('mrg7', 'compact'): 590.495, ('mrg7', 'pack'): 590.557, ('mrg7', 'd2h'): 590.646}",1.7957229865714908,0.2815616000210866
Highly sparse,bcsstk17,10974,428650,0.35593682023042417,1406936,1406936,1406936,1406936,1406936,1406936,1406936,0.0,,0.16399999999998727,1.7989999999999782,0.16399999999998727,0.9279999999999973,2.1269999999999527,3.569,,,,,5.337,10.722,2.436,2.634,2.401,2.52,,2.1949999999999363,4.111999999999966,9.549999999999955,1.41700000000003,1.6409999999999627,1.2609999999999673,1.2690000000000055,"{('cu', 'start'): 717.226, ('cu', 'h2dmalloc'): 717.293, ('cu', 'h2d'): 717.547, ('cu', 'workest'): 717.711, ('cu', 'compute'): 719.51, ('cu', 'copy'): 719.674, ('cu', 'pack'): 719.742, ('cu', 'd2h'): 720.67, ('gust', 'start'): 720.802, ('gust', 'h2d'): 721.195, ('gust', 'count'): 721.279, ('gust', 'scan'): 721.324, ('gust', 'expand'): 721.652, ('gust', 'sort'): 724.296, ('gust', 'reduce'): 724.65, ('gust', 'final'): 725.235, ('gust', 'pack'): 725.307, ('gust', 'd2h'): 725.803, ('merge', 'start'): 726.145, ('merge', 'h2d'): 726.451, ('merge', 'count'): 726.55, ('merge', 'scan'): 726.592, ('merge', 'expand'): 727.786, ('merge', 'merge'): 735.419, ('merge', 'final'): 735.652, ('merge', 'compact'): 735.932, ('merge', 'pack'): 736.001, ('merge', 'd2h'): 736.502, ('mrg2', 'start'): 736.873, ('mrg2', 'h2d'): 737.086, ('mrg2', 'count'): 737.17, ('mrg2', 'scan'): 737.213, ('mrg2', 'merge'): 738.119, ('mrg2', 'final'): 738.158, ('mrg2', 'compact'): 738.432, ('mrg2', 'pack'): 738.503, ('mrg2', 'd2h'): 739.01, ('mrg3', 'start'): 739.315, ('mrg3', 'h2d'): 739.52, ('mrg3', 'count'): 740.133, ('mrg3', 'scan'): 740.187, ('mrg3', 'merge'): 741.095, ('mrg3', 'pack'): 741.161, ('mrg3', 'd2h'): 741.668, ('mrg6', 'start'): 741.954, ('mrg6', 'h2d'): 742.158, ('mrg6', 'mean_numk'): 742.178, ('mrg6', 'scan'): 742.286, ('mrg6', 'classify'): 742.299, ('mrg6', 'light'): 743.192, ('mrg6', 'compact'): 743.346, ('mrg6', 'pack'): 743.419, ('mrg6', 'd2h'): 743.921, ('mrg7', 'start'): 744.361, ('mrg7', 'h2d'): 744.678, ('mrg7', 'mean_numk'): 744.688, ('mrg7', 'scan'): 744.811, ('mrg7', 'classify'): 744.823, ('mrg7', 'light'): 745.727, ('mrg7', 'compact'): 745.88, ('mrg7', 'pack'): 745.947, ('mrg7', 'd2h'): 746.449}",64.10886999219656,0.6784928007982672
Highly sparse,blckhole,2132,14872,0.3271861986912552,41546,41546,41546,41546,41546,41546,41546,0.0,,0.06000000000005912,0.25,0.06299999999998818,0.13599999999996726,0.3730000000000473,0.702,,,,,0.859,0.709,0.461,0.426,0.471,0.436,,0.39600000000007185,0.5650000000000546,0.5009999999999764,0.2379999999999427,0.20499999999992724,0.2179999999999609,0.21299999999996544,"{('cu', 'start'): 686.327, ('cu', 'h2dmalloc'): 686.391, ('cu', 'h2d'): 686.415, ('cu', 'workest'): 686.475, ('cu', 'compute'): 686.725, ('cu', 'copy'): 686.788, ('cu', 'pack'): 686.811, ('cu', 'd2h'): 686.947, ('gust', 'start'): 687.038, ('gust', 'h2d'): 687.125, ('gust', 'count'): 687.152, ('gust', 'scan'): 687.191, ('gust', 'expand'): 687.227, ('gust', 'sort'): 687.487, ('gust', 'reduce'): 687.601, ('gust', 'final'): 687.661, ('gust', 'pack'): 687.69, ('gust', 'd2h'): 687.726, ('merge', 'start'): 687.902, ('merge', 'h2d'): 687.988, ('merge', 'count'): 688.015, ('merge', 'scan'): 688.053, ('merge', 'expand'): 688.094, ('merge', 'merge'): 688.318, ('merge', 'final'): 688.364, ('merge', 'compact'): 688.463, ('merge', 'pack'): 688.489, ('merge', 'd2h'): 688.526, ('mrg2', 'start'): 688.619, ('mrg2', 'h2d'): 688.7, ('mrg2', 'count'): 688.726, ('mrg2', 'scan'): 688.764, ('mrg2', 'merge'): 688.828, ('mrg2', 'final'): 688.877, ('mrg2', 'compact'): 688.909, ('mrg2', 'pack'): 688.938, ('mrg2', 'd2h'): 688.976, ('mrg3', 'start'): 689.088, ('mrg3', 'h2d'): 689.182, ('mrg3', 'count'): 689.241, ('mrg3', 'scan'): 689.297, ('mrg3', 'merge'): 689.364, ('mrg3', 'pack'): 689.387, ('mrg3', 'd2h'): 689.424, ('mrg6', 'start'): 689.522, ('mrg6', 'h2d'): 689.604, ('mrg6', 'mean_numk'): 689.613, ('mrg6', 'scan'): 689.671, ('mrg6', 'classify'): 689.686, ('mrg6', 'light'): 689.747, ('mrg6', 'compact'): 689.8, ('mrg6', 'pack'): 689.822, ('mrg6', 'd2h'): 689.858, ('mrg7', 'start'): 690.002, ('mrg7', 'h2d'): 690.095, ('mrg7', 'mean_numk'): 690.107, ('mrg7', 'scan'): 690.163, ('mrg7', 'classify'): 690.172, ('mrg7', 'light'): 690.232, ('mrg7', 'compact'): 690.286, ('mrg7', 'pack'): 690.308, ('mrg7', 'd2h'): 690.344}",0.6005510222166777,0.178799999714829
Highly sparse,bcsstk29,13992,619488,0.31642683346621986,1965686,1965686,1965686,1965686,1965686,1965686,1965686,0.0,,0.19500000000005002,2.4180000000000064,0.17399999999997817,1.19500000000005,2.7870000000000346,4.823,,,,,7.396,11.178,3.115,3.218,2.852,3.242,,2.869000000000028,6.091000000000008,9.134999999999991,1.6440000000000055,1.9769999999999754,1.4400000000000546,1.455000000000041,"{('cu', 'start'): 710.276, ('cu', 'h2dmalloc'): 710.327, ('cu', 'h2d'): 710.905, ('cu', 'workest'): 711.1, ('cu', 'compute'): 713.518, ('cu', 'copy'): 713.692, ('cu', 'pack'): 713.774, ('cu', 'd2h'): 714.969, ('gust', 'start'): 715.106, ('gust', 'h2d'): 715.366, ('gust', 'count'): 715.447, ('gust', 'scan'): 715.49, ('gust', 'expand'): 715.999, ('gust', 'sort'): 720.163, ('gust', 'reduce'): 720.625, ('gust', 'final'): 721.365, ('gust', 'pack'): 721.457, ('gust', 'd2h'): 722.163, ('merge', 'start'): 722.508, ('merge', 'h2d'): 723.494, ('merge', 'count'): 723.626, ('merge', 'scan'): 723.666, ('merge', 'expand'): 725.187, ('merge', 'merge'): 731.952, ('merge', 'final'): 732.215, ('merge', 'compact'): 732.542, ('merge', 'pack'): 732.629, ('merge', 'd2h'): 733.336, ('mrg2', 'start'): 733.692, ('mrg2', 'h2d'): 734.148, ('mrg2', 'count'): 734.245, ('mrg2', 'scan'): 734.284, ('mrg2', 'merge'): 735.35, ('mrg2', 'final'): 735.388, ('mrg2', 'compact'): 735.707, ('mrg2', 'pack'): 735.792, ('mrg2', 'd2h'): 736.493, ('mrg3', 'start'): 736.813, ('mrg3', 'h2d'): 737.062, ('mrg3', 'count'): 737.801, ('mrg3', 'scan'): 737.853, ('mrg3', 'merge'): 738.956, ('mrg3', 'pack'): 739.039, ('mrg3', 'd2h'): 739.746, ('mrg6', 'start'): 740.037, ('mrg6', 'h2d'): 740.284, ('mrg6', 'mean_numk'): 740.299, ('mrg6', 'scan'): 740.402, ('mrg6', 'classify'): 740.416, ('mrg6', 'light'): 741.495, ('mrg6', 'compact'): 741.655, ('mrg6', 'pack'): 741.724, ('mrg6', 'd2h'): 742.424, ('mrg7', 'start'): 742.895, ('mrg7', 'h2d'): 743.524, ('mrg7', 'mean_numk'): 743.536, ('mrg7', 'scan'): 743.674, ('mrg7', 'classify'): 743.688, ('mrg7', 'light'): 744.752, ('mrg7', 'compact'): 744.912, ('mrg7', 'pack'): 744.979, ('mrg7', 'd2h'): 745.679}",136.11698301974684,0.8282847998663783
Highly sparse,1138_bus,1138,4054,0.31303955695713814,11142,11142,11142,11142,11142,11142,11142,0.0,,0.05999999999994543,0.16800000000000637,0.06600000000003092,0.033999999999991815,0.2939999999999827,0.533,,,,,0.562,0.513,0.416,0.355,0.422,0.401,,0.31899999999996,0.3689999999999145,0.32399999999995543,0.22500000000002274,0.1650000000000773,0.22100000000000364,0.20800000000008367,"{('cu', 'start'): 691.368, ('cu', 'h2dmalloc'): 691.435, ('cu', 'h2d'): 691.455, ('cu', 'workest'): 691.515, ('cu', 'compute'): 691.683, ('cu', 'copy'): 691.749, ('cu', 'pack'): 691.774, ('cu', 'd2h'): 691.808, ('gust', 'start'): 691.911, ('gust', 'h2d'): 691.993, ('gust', 'count'): 692.02, ('gust', 'scan'): 692.063, ('gust', 'expand'): 692.093, ('gust', 'sort'): 692.218, ('gust', 'reduce'): 692.268, ('gust', 'final'): 692.337, ('gust', 'pack'): 692.362, ('gust', 'd2h'): 692.375, ('merge', 'start'): 692.481, ('merge', 'h2d'): 692.562, ('merge', 'count'): 692.59, ('merge', 'scan'): 692.631, ('merge', 'expand'): 692.67, ('merge', 'merge'): 692.776, ('merge', 'final'): 692.822, ('merge', 'compact'): 692.862, ('merge', 'pack'): 692.886, ('merge', 'd2h'): 692.901, ('mrg2', 'start'): 693.002, ('mrg2', 'h2d'): 693.082, ('mrg2', 'count'): 693.109, ('mrg2', 'scan'): 693.151, ('mrg2', 'merge'): 693.212, ('mrg2', 'final'): 693.253, ('mrg2', 'compact'): 693.283, ('mrg2', 'pack'): 693.307, ('mrg2', 'd2h'): 693.322, ('mrg3', 'start'): 693.427, ('mrg3', 'h2d'): 693.506, ('mrg3', 'count'): 693.545, ('mrg3', 'scan'): 693.604, ('mrg3', 'merge'): 693.649, ('mrg3', 'pack'): 693.671, ('mrg3', 'd2h'): 693.686, ('mrg6', 'start'): 693.789, ('mrg6', 'h2d'): 693.875, ('mrg6', 'mean_numk'): 693.883, ('mrg6', 'scan'): 693.941, ('mrg6', 'classify'): 693.948, ('mrg6', 'light'): 694.015, ('mrg6', 'compact'): 694.072, ('mrg6', 'pack'): 694.096, ('mrg6', 'd2h'): 694.109, ('mrg7', 'start'): 694.22, ('mrg7', 'h2d'): 694.3, ('mrg7', 'mean_numk'): 694.307, ('mrg7', 'scan'): 694.363, ('mrg7', 'classify'): 694.37, ('mrg7', 'light'): 694.43, ('mrg7', 'compact'): 694.485, ('mrg7', 'pack'): 694.508, ('mrg7', 'd2h'): 694.522}",0.1128320582211017,0.1881311997305602
Highly sparse,bcspwr06,1454,5300,0.25069579909522466,14110,14110,14110,14110,14110,14110,14110,0.0,,0.05300000000011096,0.14999999999997726,0.05299999999999727,0.02800000000002001,0.2560000000000855,0.441,,,,,0.456,0.383,0.312,0.296,0.317,0.308,,0.2720000000000482,0.30500000000006366,0.23500000000001364,0.16700000000003,0.15000000000009095,0.16899999999998272,0.16200000000003456,"{('cu', 'start'): 596.488, ('cu', 'h2dmalloc'): 596.545, ('cu', 'h2d'): 596.56, ('cu', 'workest'): 596.613, ('cu', 'compute'): 596.763, ('cu', 'copy'): 596.816, ('cu', 'pack'): 596.832, ('cu', 'd2h'): 596.86, ('gust', 'start'): 596.934, ('gust', 'h2d'): 596.997, ('gust', 'count'): 597.017, ('gust', 'scan'): 597.05, ('gust', 'expand'): 597.072, ('gust', 'sort'): 597.191, ('gust', 'reduce'): 597.229, ('gust', 'final'): 597.286, ('gust', 'pack'): 597.302, ('gust', 'd2h'): 597.315, ('merge', 'start'): 597.395, ('merge', 'h2d'): 597.458, ('merge', 'count'): 597.478, ('merge', 'scan'): 597.51, ('merge', 'expand'): 597.539, ('merge', 'merge'): 597.618, ('merge', 'final'): 597.653, ('merge', 'compact'): 597.678, ('merge', 'pack'): 597.693, ('merge', 'd2h'): 597.706, ('mrg2', 'start'): 597.783, ('mrg2', 'h2d'): 597.843, ('mrg2', 'count'): 597.864, ('mrg2', 'scan'): 597.894, ('mrg2', 'merge'): 597.944, ('mrg2', 'final'): 597.973, ('mrg2', 'compact'): 597.996, ('mrg2', 'pack'): 598.01, ('mrg2', 'd2h'): 598.023, ('mrg3', 'start'): 598.101, ('mrg3', 'h2d'): 598.161, ('mrg3', 'count'): 598.2, ('mrg3', 'scan'): 598.246, ('mrg3', 'merge'): 598.295, ('mrg3', 'pack'): 598.311, ('mrg3', 'd2h'): 598.323, ('mrg6', 'start'): 598.402, ('mrg6', 'h2d'): 598.462, ('mrg6', 'mean_numk'): 598.47, ('mrg6', 'scan'): 598.514, ('mrg6', 'classify'): 598.519, ('mrg6', 'light'): 598.572, ('mrg6', 'compact'): 598.615, ('mrg6', 'pack'): 598.631, ('mrg6', 'd2h'): 598.644, ('mrg7', 'start'): 598.724, ('mrg7', 'h2d'): 598.783, ('mrg7', 'mean_numk'): 598.788, ('mrg7', 'scan'): 598.832, ('mrg7', 'classify'): 598.839, ('mrg7', 'light'): 598.886, ('mrg7', 'compact'): 598.929, ('mrg7', 'pack'): 598.945, ('mrg7', 'd2h'): 598.958}",0.2168379724025726,0.180387199902907
Highly sparse,bcsstk30,28924,2043492,0.24426218412514641,8946070,8946070,8946070,8946070,8946070,8946070,8946070,0.0,,0.21499999999991815,7.740000000000009,0.49499999999989086,4.281999999999925,8.449999999999818,14.084,,,,,34.441,93.273,15.453,20.6,14.586,15.003,,8.519999999999982,30.305000000000064,88.98700000000008,11.187000000000126,16.269999999999982,10.28300000000013,10.40099999999984,"{('cu', 'start'): 1347.137, ('cu', 'h2dmalloc'): 1347.192, ('cu', 'h2d'): 1348.285, ('cu', 'workest'): 1348.5, ('cu', 'compute'): 1356.24, ('cu', 'copy'): 1356.735, ('cu', 'pack'): 1356.805, ('cu', 'd2h'): 1361.087, ('gust', 'start'): 1361.228, ('gust', 'h2d'): 1362.118, ('gust', 'count'): 1362.215, ('gust', 'scan'): 1362.26, ('gust', 'expand'): 1364.564, ('gust', 'sort'): 1387.857, ('gust', 'reduce'): 1389.78, ('gust', 'final'): 1392.345, ('gust', 'pack'): 1392.423, ('gust', 'd2h'): 1395.078, ('merge', 'start'): 1395.675, ('merge', 'h2d'): 1396.845, ('merge', 'count'): 1396.963, ('merge', 'scan'): 1397.005, ('merge', 'expand'): 1405.362, ('merge', 'merge'): 1482.792, ('merge', 'final'): 1484.924, ('merge', 'compact'): 1485.75, ('merge', 'pack'): 1485.832, ('merge', 'd2h'): 1488.481, ('mrg2', 'start'): 1488.957, ('mrg2', 'h2d'): 1490.175, ('mrg2', 'count'): 1490.388, ('mrg2', 'scan'): 1490.432, ('mrg2', 'merge'): 1500.236, ('mrg2', 'final'): 1500.279, ('mrg2', 'compact'): 1501.272, ('mrg2', 'pack'): 1501.362, ('mrg2', 'd2h'): 1504.017, ('mrg3', 'start'): 1504.416, ('mrg3', 'h2d'): 1505.814, ('mrg3', 'count'): 1512.255, ('mrg3', 'scan'): 1512.32, ('mrg3', 'merge'): 1522.012, ('mrg3', 'pack'): 1522.084, ('mrg3', 'd2h'): 1524.72, ('mrg6', 'start'): 1525.024, ('mrg6', 'h2d'): 1525.878, ('mrg6', 'mean_numk'): 1525.9, ('mrg6', 'scan'): 1526.029, ('mrg6', 'classify'): 1526.054, ('mrg6', 'light'): 1535.827, ('mrg6', 'compact'): 1536.09, ('mrg6', 'pack'): 1536.161, ('mrg6', 'd2h'): 1538.791, ('mrg7', 'start'): 1539.615, ('mrg7', 'h2d'): 1540.766, ('mrg7', 'mean_numk'): 1540.79, ('mrg7', 'scan'): 1540.919, ('mrg7', 'classify'): 1540.944, ('mrg7', 'light'): 1550.639, ('mrg7', 'compact'): 1551.098, ('mrg7', 'pack'): 1551.167, ('mrg7', 'd2h'): 1553.803}",1171.6714529320598,2.259488008916378
Highly sparse,bcsstm06,420,420,0.2380952380952381,420,420,420,420,420,420,420,0.0,,0.04900000000009186,0.15099999999995362,0.047000000000025466,0.02400000000000091,0.24700000000007094,0.421,,,,,0.365,0.303,0.284,0.251,0.275,0.268,,0.26400000000001,0.22100000000000364,0.16300000000001091,0.13400000000001455,0.1029999999999518,0.13200000000006185,0.125,"{('cu', 'start'): 561.075, ('cu', 'h2dmalloc'): 561.124, ('cu', 'h2d'): 561.137, ('cu', 'workest'): 561.186, ('cu', 'compute'): 561.337, ('cu', 'copy'): 561.384, ('cu', 'pack'): 561.401, ('cu', 'd2h'): 561.425, ('gust', 'start'): 561.503, ('gust', 'h2d'): 561.563, ('gust', 'count'): 561.582, ('gust', 'scan'): 561.615, ('gust', 'expand'): 561.634, ('gust', 'sort'): 561.677, ('gust', 'reduce'): 561.717, ('gust', 'final'): 561.769, ('gust', 'pack'): 561.784, ('gust', 'd2h'): 561.793, ('merge', 'start'): 561.873, ('merge', 'h2d'): 561.931, ('merge', 'count'): 561.95, ('merge', 'scan'): 561.984, ('merge', 'expand'): 562.003, ('merge', 'merge'): 562.022, ('merge', 'final'): 562.056, ('merge', 'compact'): 562.078, ('merge', 'pack'): 562.094, ('merge', 'd2h'): 562.103, ('mrg2', 'start'): 562.181, ('mrg2', 'h2d'): 562.239, ('mrg2', 'count'): 562.258, ('mrg2', 'scan'): 562.289, ('mrg2', 'merge'): 562.309, ('mrg2', 'final'): 562.338, ('mrg2', 'compact'): 562.359, ('mrg2', 'pack'): 562.373, ('mrg2', 'd2h'): 562.383, ('mrg3', 'start'): 562.474, ('mrg3', 'h2d'): 562.537, ('mrg3', 'count'): 562.561, ('mrg3', 'scan'): 562.606, ('mrg3', 'merge'): 562.627, ('mrg3', 'pack'): 562.64, ('mrg3', 'd2h'): 562.65, ('mrg6', 'start'): 562.728, ('mrg6', 'h2d'): 562.786, ('mrg6', 'mean_numk'): 562.791, ('mrg6', 'scan'): 562.835, ('mrg6', 'classify'): 562.839, ('mrg6', 'light'): 562.857, ('mrg6', 'compact'): 562.902, ('mrg6', 'pack'): 562.918, ('mrg6', 'd2h'): 562.927, ('mrg7', 'start'): 563.008, ('mrg7', 'h2d'): 563.066, ('mrg7', 'mean_numk'): 563.07, ('mrg7', 'scan'): 563.112, ('mrg7', 'classify'): 563.117, ('mrg7', 'light'): 563.135, ('mrg7', 'compact'): 563.176, ('mrg7', 'pack'): 563.191, ('mrg7', 'd2h'): 563.2}",0.0403439626097679,0.1353023997857235
Highly sparse,bcspwr08,1624,6050,0.22939467106699993,16916,16916,16916,16916,16916,16916,16916,0.0,,0.051000000000044565,0.15199999999992997,0.05000000000006821,0.029999999999972715,0.25300000000004275,0.429,,,,,0.46,0.381,0.315,0.293,0.312,0.307,,0.26900000000000546,0.3089999999999691,0.2340000000000373,0.16800000000000637,0.14800000000002456,0.16399999999998727,0.15800000000001546,"{('cu', 'start'): 567.324, ('cu', 'h2dmalloc'): 567.373, ('cu', 'h2d'): 567.389, ('cu', 'workest'): 567.44, ('cu', 'compute'): 567.592, ('cu', 'copy'): 567.642, ('cu', 'pack'): 567.658, ('cu', 'd2h'): 567.688, ('gust', 'start'): 567.759, ('gust', 'h2d'): 567.821, ('gust', 'count'): 567.842, ('gust', 'scan'): 567.875, ('gust', 'expand'): 567.898, ('gust', 'sort'): 568.028, ('gust', 'reduce'): 568.066, ('gust', 'final'): 568.115, ('gust', 'pack'): 568.13, ('gust', 'd2h'): 568.144, ('merge', 'start'): 568.225, ('merge', 'h2d'): 568.286, ('merge', 'count'): 568.306, ('merge', 'scan'): 568.339, ('merge', 'expand'): 568.368, ('merge', 'merge'): 568.448, ('merge', 'final'): 568.482, ('merge', 'compact'): 568.505, ('merge', 'pack'): 568.52, ('merge', 'd2h'): 568.534, ('mrg2', 'start'): 568.61, ('mrg2', 'h2d'): 568.671, ('mrg2', 'count'): 568.692, ('mrg2', 'scan'): 568.723, ('mrg2', 'merge'): 568.772, ('mrg2', 'final'): 568.802, ('mrg2', 'compact'): 568.824, ('mrg2', 'pack'): 568.839, ('mrg2', 'd2h'): 568.853, ('mrg3', 'start'): 568.931, ('mrg3', 'h2d'): 568.99, ('mrg3', 'count'): 569.031, ('mrg3', 'scan'): 569.076, ('mrg3', 'merge'): 569.124, ('mrg3', 'pack'): 569.138, ('mrg3', 'd2h'): 569.152, ('mrg6', 'start'): 569.229, ('mrg6', 'h2d'): 569.289, ('mrg6', 'mean_numk'): 569.294, ('mrg6', 'scan'): 569.338, ('mrg6', 'classify'): 569.343, ('mrg6', 'light'): 569.395, ('mrg6', 'compact'): 569.437, ('mrg6', 'pack'): 569.453, ('mrg6', 'd2h'): 569.467, ('mrg7', 'start'): 569.546, ('mrg7', 'h2d'): 569.607, ('mrg7', 'mean_numk'): 569.612, ('mrg7', 'scan'): 569.656, ('mrg7', 'classify'): 569.661, ('mrg7', 'light'): 569.707, ('mrg7', 'compact'): 569.75, ('mrg7', 'pack'): 569.765, ('mrg7', 'd2h'): 569.78}",0.2861400134861469,0.1797152004437521
Highly sparse,bcspwr07,1612,5824,0.22412551028576003,15684,15684,15684,15684,15684,15684,15684,0.0,,0.05099999999993088,0.1510000000000673,0.05099999999993088,0.027000000000043656,0.25299999999992906,0.426,,,,,0.469,0.384,0.317,0.296,0.316,0.317,,0.26899999999989177,0.3120000000000118,0.23599999999999,0.16899999999998272,0.1490000000000009,0.16700000000003,0.16800000000000637,"{('cu', 'start'): 563.726, ('cu', 'h2dmalloc'): 563.776, ('cu', 'h2d'): 563.791, ('cu', 'workest'): 563.842, ('cu', 'compute'): 563.993, ('cu', 'copy'): 564.044, ('cu', 'pack'): 564.06, ('cu', 'd2h'): 564.087, ('gust', 'start'): 564.159, ('gust', 'h2d'): 564.228, ('gust', 'count'): 564.249, ('gust', 'scan'): 564.282, ('gust', 'expand'): 564.306, ('gust', 'sort'): 564.431, ('gust', 'reduce'): 564.47, ('gust', 'final'): 564.523, ('gust', 'pack'): 564.54, ('gust', 'd2h'): 564.553, ('merge', 'start'): 564.633, ('merge', 'h2d'): 564.696, ('merge', 'count'): 564.716, ('merge', 'scan'): 564.748, ('merge', 'expand'): 564.778, ('merge', 'merge'): 564.858, ('merge', 'final'): 564.893, ('merge', 'compact'): 564.916, ('merge', 'pack'): 564.932, ('merge', 'd2h'): 564.945, ('mrg2', 'start'): 565.022, ('mrg2', 'h2d'): 565.083, ('mrg2', 'count'): 565.103, ('mrg2', 'scan'): 565.134, ('mrg2', 'merge'): 565.183, ('mrg2', 'final'): 565.214, ('mrg2', 'compact'): 565.237, ('mrg2', 'pack'): 565.252, ('mrg2', 'd2h'): 565.266, ('mrg3', 'start'): 565.345, ('mrg3', 'h2d'): 565.406, ('mrg3', 'count'): 565.445, ('mrg3', 'scan'): 565.49, ('mrg3', 'merge'): 565.539, ('mrg3', 'pack'): 565.555, ('mrg3', 'd2h'): 565.568, ('mrg6', 'start'): 565.645, ('mrg6', 'h2d'): 565.706, ('mrg6', 'mean_numk'): 565.711, ('mrg6', 'scan'): 565.755, ('mrg6', 'classify'): 565.759, ('mrg6', 'light'): 565.812, ('mrg6', 'compact'): 565.857, ('mrg6', 'pack'): 565.873, ('mrg6', 'd2h'): 565.886, ('mrg7', 'start'): 565.966, ('mrg7', 'h2d'): 566.027, ('mrg7', 'mean_numk'): 566.032, ('mrg7', 'scan'): 566.076, ('mrg7', 'classify'): 566.085, ('mrg7', 'light'): 566.133, ('mrg7', 'compact'): 566.176, ('mrg7', 'pack'): 566.195, ('mrg7', 'd2h'): 566.209}",0.2794769825413823,0.1793120006099343
Highly sparse,bcspwr09,1723,6511,0.21931944613334525,18485,18485,18485,18485,18485,18485,18485,0.0,,0.05000000000006821,0.15099999999995362,0.051000000000044565,0.028999999999996362,0.2520000000000664,0.427,,,,,0.453,0.398,0.321,0.277,0.322,0.314,,0.26700000000005275,0.30299999999999727,0.25,0.17099999999993543,0.12999999999999545,0.16600000000005366,0.16200000000003456,"{('cu', 'start'): 562.312, ('cu', 'h2dmalloc'): 562.361, ('cu', 'h2d'): 562.377, ('cu', 'workest'): 562.427, ('cu', 'compute'): 562.578, ('cu', 'copy'): 562.629, ('cu', 'pack'): 562.644, ('cu', 'd2h'): 562.673, ('gust', 'start'): 562.745, ('gust', 'h2d'): 562.808, ('gust', 'count'): 562.829, ('gust', 'scan'): 562.862, ('gust', 'expand'): 562.886, ('gust', 'sort'): 563.009, ('gust', 'reduce'): 563.046, ('gust', 'final'): 563.096, ('gust', 'pack'): 563.111, ('gust', 'd2h'): 563.125, ('merge', 'start'): 563.204, ('merge', 'h2d'): 563.265, ('merge', 'count'): 563.286, ('merge', 'scan'): 563.318, ('merge', 'expand'): 563.347, ('merge', 'merge'): 563.435, ('merge', 'final'): 563.475, ('merge', 'compact'): 563.5, ('merge', 'pack'): 563.515, ('merge', 'd2h'): 563.529, ('mrg2', 'start'): 563.607, ('mrg2', 'h2d'): 563.667, ('mrg2', 'count'): 563.689, ('mrg2', 'scan'): 563.72, ('mrg2', 'merge'): 563.771, ('mrg2', 'final'): 563.8, ('mrg2', 'compact'): 563.823, ('mrg2', 'pack'): 563.838, ('mrg2', 'd2h'): 563.855, ('mrg3', 'start'): 563.934, ('mrg3', 'h2d'): 563.994, ('mrg3', 'count'): 564.027, ('mrg3', 'scan'): 564.072, ('mrg3', 'merge'): 564.11, ('mrg3', 'pack'): 564.124, ('mrg3', 'd2h'): 564.139, ('mrg6', 'start'): 564.216, ('mrg6', 'h2d'): 564.276, ('mrg6', 'mean_numk'): 564.281, ('mrg6', 'scan'): 564.326, ('mrg6', 'classify'): 564.331, ('mrg6', 'light'): 564.384, ('mrg6', 'compact'): 564.427, ('mrg6', 'pack'): 564.442, ('mrg6', 'd2h'): 564.457, ('mrg7', 'start'): 564.543, ('mrg7', 'h2d'): 564.605, ('mrg7', 'mean_numk'): 564.611, ('mrg7', 'scan'): 564.656, ('mrg7', 'classify'): 564.661, ('mrg7', 'light'): 564.709, ('mrg7', 'compact'): 564.752, ('mrg7', 'pack'): 564.767, ('mrg7', 'd2h'): 564.782}",0.353319919668138,0.1817280002636835
Highly sparse,bcsstm20,485,485,0.2061855670103093,485,485,485,485,485,485,485,0.0,,0.05000000000006821,0.15099999999995362,0.04600000000004911,0.022000000000048203,0.24700000000007094,0.415,,,,,0.357,0.305,0.276,0.239,0.274,0.274,,0.26300000000003365,0.21400000000005548,0.16400000000010095,0.1349999999999909,0.09900000000004638,0.13200000000006185,0.12600000000009004,"{('cu', 'start'): 571.942, ('cu', 'h2dmalloc'): 571.993, ('cu', 'h2d'): 572.007, ('cu', 'workest'): 572.057, ('cu', 'compute'): 572.208, ('cu', 'copy'): 572.254, ('cu', 'pack'): 572.27, ('cu', 'd2h'): 572.292, ('gust', 'start'): 572.364, ('gust', 'h2d'): 572.424, ('gust', 'count'): 572.443, ('gust', 'scan'): 572.475, ('gust', 'expand'): 572.494, ('gust', 'sort'): 572.537, ('gust', 'reduce'): 572.572, ('gust', 'final'): 572.622, ('gust', 'pack'): 572.638, ('gust', 'd2h'): 572.647, ('merge', 'start'): 572.727, ('merge', 'h2d'): 572.786, ('merge', 'count'): 572.804, ('merge', 'scan'): 572.836, ('merge', 'expand'): 572.859, ('merge', 'merge'): 572.877, ('merge', 'final'): 572.912, ('merge', 'compact'): 572.934, ('merge', 'pack'): 572.95, ('merge', 'd2h'): 572.959, ('mrg2', 'start'): 573.038, ('mrg2', 'h2d'): 573.097, ('mrg2', 'count'): 573.115, ('mrg2', 'scan'): 573.147, ('mrg2', 'merge'): 573.168, ('mrg2', 'final'): 573.197, ('mrg2', 'compact'): 573.218, ('mrg2', 'pack'): 573.232, ('mrg2', 'd2h'): 573.241, ('mrg3', 'start'): 573.319, ('mrg3', 'h2d'): 573.377, ('mrg3', 'count'): 573.397, ('mrg3', 'scan'): 573.442, ('mrg3', 'merge'): 573.462, ('mrg3', 'pack'): 573.476, ('mrg3', 'd2h'): 573.485, ('mrg6', 'start'): 573.563, ('mrg6', 'h2d'): 573.622, ('mrg6', 'mean_numk'): 573.627, ('mrg6', 'scan'): 573.669, ('mrg6', 'classify'): 573.674, ('mrg6', 'light'): 573.692, ('mrg6', 'compact'): 573.738, ('mrg6', 'pack'): 573.754, ('mrg6', 'd2h'): 573.762, ('mrg7', 'start'): 573.842, ('mrg7', 'h2d'): 573.906, ('mrg7', 'mean_numk'): 573.911, ('mrg7', 'scan'): 573.954, ('mrg7', 'classify'): 573.959, ('mrg7', 'light'): 573.977, ('mrg7', 'compact'): 574.016, ('mrg7', 'pack'): 574.032, ('mrg7', 'd2h'): 574.041}",0.0624199165031313,0.1373952007154003
Highly sparse,bcsstk21,3600,26600,0.2052469135802469,93072,93072,93072,93072,93072,93072,93072,0.0,,0.05299999999999727,0.20900000000006003,0.057999999999992724,0.1069999999999709,0.32000000000005,0.579,,,,,0.8,0.62,0.445,0.352,0.452,0.433,,0.3369999999999891,0.5389999999999873,0.40200000000004366,0.2300000000000182,0.17700000000002092,0.2319999999999709,0.2179999999999609,"{('cu', 'start'): 588.501, ('cu', 'h2dmalloc'): 588.553, ('cu', 'h2d'): 588.577, ('cu', 'workest'): 588.63, ('cu', 'compute'): 588.839, ('cu', 'copy'): 588.897, ('cu', 'pack'): 588.914, ('cu', 'd2h'): 589.021, ('gust', 'start'): 589.087, ('gust', 'h2d'): 589.158, ('gust', 'count'): 589.18, ('gust', 'scan'): 589.214, ('gust', 'expand'): 589.296, ('gust', 'sort'): 589.525, ('gust', 'reduce'): 589.619, ('gust', 'final'): 589.679, ('gust', 'pack'): 589.697, ('gust', 'd2h'): 589.732, ('merge', 'start'): 589.894, ('merge', 'h2d'): 589.962, ('merge', 'count'): 589.988, ('merge', 'scan'): 590.021, ('merge', 'expand'): 590.106, ('merge', 'merge'): 590.222, ('merge', 'final'): 590.263, ('merge', 'compact'): 590.343, ('merge', 'pack'): 590.364, ('merge', 'd2h'): 590.4, ('mrg2', 'start'): 590.519, ('mrg2', 'h2d'): 590.588, ('mrg2', 'count'): 590.611, ('mrg2', 'scan'): 590.644, ('mrg2', 'merge'): 590.694, ('mrg2', 'final'): 590.726, ('mrg2', 'compact'): 590.8, ('mrg2', 'pack'): 590.818, ('mrg2', 'd2h'): 590.855, ('mrg3', 'start'): 590.971, ('mrg3', 'h2d'): 591.037, ('mrg3', 'count'): 591.089, ('mrg3', 'scan'): 591.136, ('mrg3', 'merge'): 591.198, ('mrg3', 'pack'): 591.214, ('mrg3', 'd2h'): 591.249, ('mrg6', 'start'): 591.328, ('mrg6', 'h2d'): 591.395, ('mrg6', 'mean_numk'): 591.403, ('mrg6', 'scan'): 591.448, ('mrg6', 'classify'): 591.46, ('mrg6', 'light'): 591.509, ('mrg6', 'compact'): 591.608, ('mrg6', 'pack'): 591.627, ('mrg6', 'd2h'): 591.663, ('mrg7', 'start'): 591.785, ('mrg7', 'h2d'): 591.851, ('mrg7', 'mean_numk'): 591.861, ('mrg7', 'scan'): 591.906, ('mrg7', 'classify'): 591.913, ('mrg7', 'light'): 591.957, ('mrg7', 'compact'): 592.051, ('mrg7', 'pack'): 592.069, ('mrg7', 'd2h'): 592.106}",2.664337051101029,0.1783839998533949
Highly sparse,bcsstm19,817,817,0.12239902080783352,817,817,817,817,817,817,817,0.0,,0.05000000000006821,0.15599999999994907,0.047000000000025466,0.02400000000000091,0.25300000000004275,0.422,,,,,0.363,0.304,0.286,0.243,0.277,0.271,,0.26900000000000546,0.21800000000007458,0.16299999999989723,0.1430000000000291,0.10099999999999909,0.13199999999994816,0.1289999999999054,"{('cu', 'start'): 559.362, ('cu', 'h2dmalloc'): 559.412, ('cu', 'h2d'): 559.425, ('cu', 'workest'): 559.475, ('cu', 'compute'): 559.631, ('cu', 'copy'): 559.678, ('cu', 'pack'): 559.694, ('cu', 'd2h'): 559.718, ('gust', 'start'): 559.79, ('gust', 'h2d'): 559.852, ('gust', 'count'): 559.871, ('gust', 'scan'): 559.903, ('gust', 'expand'): 559.924, ('gust', 'sort'): 559.968, ('gust', 'reduce'): 560.006, ('gust', 'final'): 560.054, ('gust', 'pack'): 560.07, ('gust', 'd2h'): 560.079, ('merge', 'start'): 560.159, ('merge', 'h2d'): 560.219, ('merge', 'count'): 560.242, ('merge', 'scan'): 560.273, ('merge', 'expand'): 560.292, ('merge', 'merge'): 560.312, ('merge', 'final'): 560.345, ('merge', 'compact'): 560.368, ('merge', 'pack'): 560.382, ('merge', 'd2h'): 560.391, ('mrg2', 'start'): 560.469, ('mrg2', 'h2d'): 560.529, ('mrg2', 'count'): 560.548, ('mrg2', 'scan'): 560.579, ('mrg2', 'merge'): 560.601, ('mrg2', 'final'): 560.636, ('mrg2', 'compact'): 560.657, ('mrg2', 'pack'): 560.672, ('mrg2', 'd2h'): 560.682, ('mrg3', 'start'): 560.759, ('mrg3', 'h2d'): 560.819, ('mrg3', 'count'): 560.84, ('mrg3', 'scan'): 560.885, ('mrg3', 'merge'): 560.906, ('mrg3', 'pack'): 560.92, ('mrg3', 'd2h'): 560.929, ('mrg6', 'start'): 561.008, ('mrg6', 'h2d'): 561.067, ('mrg6', 'mean_numk'): 561.072, ('mrg6', 'scan'): 561.113, ('mrg6', 'classify'): 561.118, ('mrg6', 'light'): 561.137, ('mrg6', 'compact'): 561.183, ('mrg6', 'pack'): 561.199, ('mrg6', 'd2h'): 561.208, ('mrg7', 'start'): 561.289, ('mrg7', 'h2d'): 561.349, ('mrg7', 'mean_numk'): 561.357, ('mrg7', 'scan'): 561.399, ('mrg7', 'classify'): 561.403, ('mrg7', 'light'): 561.422, ('mrg7', 'compact'): 561.462, ('mrg7', 'pack'): 561.478, ('mrg7', 'd2h'): 561.487}",0.0899160513654351,0.1354143999516964
Highly sparse,bcsstk25,15439,252241,0.10582233620331932,1168919,1168919,1168919,1168919,1168919,1168919,1168919,0.0,,0.14799999999991087,0.6550000000000864,0.16199999999992087,0.7340000000000373,0.9649999999999181,2.067,,,,,2.707,4.261,1.87,1.96,1.883,1.879,,1.0439999999999827,1.8379999999999654,3.3940000000000055,1.01400000000001,1.0990000000000464,0.9099999999999682,0.9049999999999727,"{('cu', 'start'): 653.54, ('cu', 'h2dmalloc'): 653.591, ('cu', 'h2d'): 653.686, ('cu', 'workest'): 653.834, ('cu', 'compute'): 654.489, ('cu', 'copy'): 654.651, ('cu', 'pack'): 654.73, ('cu', 'd2h'): 655.464, ('gust', 'start'): 655.613, ('gust', 'h2d'): 655.759, ('gust', 'count'): 655.829, ('gust', 'scan'): 655.87, ('gust', 'expand'): 656.062, ('gust', 'sort'): 656.887, ('gust', 'reduce'): 657.092, ('gust', 'final'): 657.525, ('gust', 'pack'): 657.597, ('gust', 'd2h'): 658.03, ('merge', 'start'): 658.325, ('merge', 'h2d'): 658.48, ('merge', 'count'): 658.559, ('merge', 'scan'): 658.599, ('merge', 'expand'): 659.015, ('merge', 'merge'): 661.385, ('merge', 'final'): 661.545, ('merge', 'compact'): 661.802, ('merge', 'pack'): 661.874, ('merge', 'd2h'): 662.311, ('mrg2', 'start'): 662.592, ('mrg2', 'h2d'): 662.731, ('mrg2', 'count'): 662.805, ('mrg2', 'scan'): 662.844, ('mrg2', 'merge'): 663.4, ('mrg2', 'final'): 663.438, ('mrg2', 'compact'): 663.673, ('mrg2', 'pack'): 663.745, ('mrg2', 'd2h'): 664.18, ('mrg3', 'start'): 664.468, ('mrg3', 'h2d'): 664.607, ('mrg3', 'count'): 665.005, ('mrg3', 'scan'): 665.058, ('mrg3', 'merge'): 665.639, ('mrg3', 'pack'): 665.706, ('mrg3', 'd2h'): 666.141, ('mrg6', 'start'): 666.433, ('mrg6', 'h2d'): 666.575, ('mrg6', 'mean_numk'): 666.591, ('mrg6', 'scan'): 666.692, ('mrg6', 'classify'): 666.707, ('mrg6', 'light'): 667.257, ('mrg6', 'compact'): 667.413, ('mrg6', 'pack'): 667.485, ('mrg6', 'd2h'): 667.92, ('mrg7', 'start'): 668.321, ('mrg7', 'h2d'): 668.47, ('mrg7', 'mean_numk'): 668.483, ('mrg7', 'scan'): 668.584, ('mrg7', 'classify'): 668.599, ('mrg7', 'light'): 669.146, ('mrg7', 'compact'): 669.299, ('mrg7', 'pack'): 669.375, ('mrg7', 'd2h'): 669.809}",177.48448997735977,0.4454208003589883
Highly sparse,bcsstk18,11948,149090,0.10443788948628972,713208,713208,713208,713208,713208,713208,713208,0.0,,0.10099999999999909,0.45799999999997,0.1510000000000673,0.5119999999999436,0.7100000000000364,1.52,,,,,1.922,2.811,1.388,1.345,1.39,1.373,,0.7770000000000437,1.3260000000000218,2.2110000000000127,0.7900000000000773,0.7400000000000091,0.6870000000000118,0.6749999999999545,"{('cu', 'start'): 615.85, ('cu', 'h2dmalloc'): 615.901, ('cu', 'h2d'): 615.962, ('cu', 'workest'): 616.063, ('cu', 'compute'): 616.521, ('cu', 'copy'): 616.672, ('cu', 'pack'): 616.739, ('cu', 'd2h'): 617.251, ('gust', 'start'): 617.377, ('gust', 'h2d'): 617.485, ('gust', 'count'): 617.509, ('gust', 'scan'): 617.545, ('gust', 'expand'): 617.696, ('gust', 'sort'): 618.197, ('gust', 'reduce'): 618.351, ('gust', 'final'): 618.733, ('gust', 'pack'): 618.811, ('gust', 'd2h'): 619.081, ('merge', 'start'): 619.305, ('merge', 'h2d'): 619.414, ('merge', 'count'): 619.443, ('merge', 'scan'): 619.477, ('merge', 'expand'): 619.755, ('merge', 'merge'): 621.174, ('merge', 'final'): 621.324, ('merge', 'compact'): 621.557, ('merge', 'pack'): 621.625, ('merge', 'd2h'): 621.896, ('mrg2', 'start'): 622.122, ('mrg2', 'h2d'): 622.228, ('mrg2', 'count'): 622.254, ('mrg2', 'scan'): 622.288, ('mrg2', 'merge'): 622.688, ('mrg2', 'final'): 622.722, ('mrg2', 'compact'): 622.949, ('mrg2', 'pack'): 623.018, ('mrg2', 'd2h'): 623.29, ('mrg3', 'start'): 623.514, ('mrg3', 'h2d'): 623.621, ('mrg3', 'count'): 623.85, ('mrg3', 'scan'): 623.899, ('mrg3', 'merge'): 624.296, ('mrg3', 'pack'): 624.361, ('mrg3', 'd2h'): 624.631, ('mrg6', 'start'): 624.865, ('mrg6', 'h2d'): 624.972, ('mrg6', 'mean_numk'): 624.982, ('mrg6', 'scan'): 625.037, ('mrg6', 'classify'): 625.048, ('mrg6', 'light'): 625.441, ('mrg6', 'compact'): 625.588, ('mrg6', 'pack'): 625.659, ('mrg6', 'd2h'): 625.928, ('mrg7', 'start'): 626.26, ('mrg7', 'h2d'): 626.368, ('mrg7', 'mean_numk'): 626.379, ('mrg7', 'scan'): 626.428, ('mrg7', 'classify'): 626.44, ('mrg7', 'light'): 626.828, ('mrg7', 'compact'): 626.976, ('mrg7', 'pack'): 627.043, ('mrg7', 'd2h'): 627.313}",85.49873204901814,0.3709216015879065
Highly sparse,bcsstk32,44609,2014701,0.10124314474587429,6819653,6819653,6819653,6819653,6819653,6819653,6819653,0.0,,0.2439999999999145,7.635999999999967,0.30300000000011096,3.0699999999999363,8.182999999999993,12.695,,,,,21.703,40.614,9.425,10.154,8.306,9.053,,8.252999999999929,17.682000000000016,36.662000000000035,5.474999999999909,7.043999999999869,4.898999999999887,5.161000000000058,"{('cu', 'start'): 1056.554, ('cu', 'h2dmalloc'): 1056.624, ('cu', 'h2d'): 1057.797, ('cu', 'workest'): 1058.041, ('cu', 'compute'): 1065.677, ('cu', 'copy'): 1065.98, ('cu', 'pack'): 1066.05, ('cu', 'd2h'): 1069.12, ('gust', 'start'): 1069.257, ('gust', 'h2d'): 1070.741, ('gust', 'count'): 1070.84, ('gust', 'scan'): 1070.883, ('gust', 'expand'): 1072.264, ('gust', 'sort'): 1085.605, ('gust', 'reduce'): 1086.843, ('gust', 'final'): 1088.332, ('gust', 'pack'): 1088.423, ('gust', 'd2h'): 1090.457, ('merge', 'start'): 1090.967, ('merge', 'h2d'): 1092.488, ('merge', 'count'): 1092.75, ('merge', 'scan'): 1092.795, ('merge', 'expand'): 1097.837, ('merge', 'merge'): 1128.001, ('merge', 'final'): 1128.507, ('merge', 'compact'): 1129.078, ('merge', 'pack'): 1129.15, ('merge', 'd2h'): 1131.185, ('mrg2', 'start'): 1131.588, ('mrg2', 'h2d'): 1133.096, ('mrg2', 'count'): 1133.268, ('mrg2', 'scan'): 1133.312, ('mrg2', 'merge'): 1137.773, ('mrg2', 'final'): 1137.813, ('mrg2', 'compact'): 1138.495, ('mrg2', 'pack'): 1138.571, ('mrg2', 'd2h'): 1140.611, ('mrg3', 'start'): 1141.018, ('mrg3', 'h2d'): 1141.814, ('mrg3', 'count'): 1144.394, ('mrg3', 'scan'): 1144.454, ('mrg3', 'merge'): 1148.787, ('mrg3', 'pack'): 1148.858, ('mrg3', 'd2h'): 1150.876, ('mrg6', 'start'): 1151.179, ('mrg6', 'h2d'): 1151.942, ('mrg6', 'mean_numk'): 1151.979, ('mrg6', 'scan'): 1152.108, ('mrg6', 'classify'): 1152.142, ('mrg6', 'light'): 1156.518, ('mrg6', 'compact'): 1156.771, ('mrg6', 'pack'): 1156.841, ('mrg6', 'd2h'): 1158.863, ('mrg7', 'start'): 1159.49, ('mrg7', 'h2d'): 1160.739, ('mrg7', 'mean_numk'): 1160.774, ('mrg7', 'scan'): 1160.997, ('mrg7', 'classify'): 1161.031, ('mrg7', 'light'): 1165.492, ('mrg7', 'compact'): 1165.831, ('mrg7', 'pack'): 1165.9, ('mrg7', 'd2h'): 1167.922}",4383.654959965497,1.6541856011142957
Extremely sparse,bcsstk31,35588,1181416,0.09328153508950845,4713580,4713580,4713580,4713580,4713580,4713580,4713580,0.0,,0.23500000000001364,4.505999999999972,0.25499999999999545,2.0279999999999063,4.995999999999981,8.308,,,,,11.465,22.69,5.737,6.397,5.22,5.891,,5.074000000000069,8.903999999999996,19.92999999999995,3.094000000000051,4.281000000000063,2.9120000000000346,2.949000000000069,"{('cu', 'start'): 869.23, ('cu', 'h2dmalloc'): 869.284, ('cu', 'h2d'): 870.309, ('cu', 'workest'): 870.544, ('cu', 'compute'): 875.05, ('cu', 'copy'): 875.305, ('cu', 'pack'): 875.383, ('cu', 'd2h'): 877.411, ('gust', 'start'): 877.545, ('gust', 'h2d'): 878.367, ('gust', 'count'): 878.456, ('gust', 'scan'): 878.501, ('gust', 'expand'): 879.231, ('gust', 'sort'): 885.464, ('gust', 'reduce'): 886.146, ('gust', 'final'): 887.178, ('gust', 'pack'): 887.271, ('gust', 'd2h'): 888.646, ('merge', 'start'): 889.018, ('merge', 'h2d'): 890.013, ('merge', 'count'): 890.129, ('merge', 'scan'): 890.172, ('merge', 'expand'): 892.738, ('merge', 'merge'): 909.065, ('merge', 'final'): 909.405, ('merge', 'compact'): 909.845, ('merge', 'pack'): 909.943, ('merge', 'd2h'): 911.32, ('mrg2', 'start'): 911.716, ('mrg2', 'h2d'): 912.641, ('mrg2', 'count'): 912.783, ('mrg2', 'scan'): 912.828, ('mrg2', 'merge'): 915.189, ('mrg2', 'final'): 915.232, ('mrg2', 'compact'): 915.653, ('mrg2', 'pack'): 915.735, ('mrg2', 'd2h'): 917.115, ('mrg3', 'start'): 917.46, ('mrg3', 'h2d'): 917.901, ('mrg3', 'count'): 919.494, ('mrg3', 'scan'): 919.552, ('mrg3', 'merge'): 922.084, ('mrg3', 'pack'): 922.182, ('mrg3', 'd2h'): 923.56, ('mrg6', 'start'): 923.863, ('mrg6', 'h2d'): 924.304, ('mrg6', 'mean_numk'): 924.338, ('mrg6', 'scan'): 924.454, ('mrg6', 'classify'): 924.484, ('mrg6', 'light'): 926.9, ('mrg6', 'compact'): 927.136, ('mrg6', 'pack'): 927.216, ('mrg6', 'd2h'): 928.588, ('mrg7', 'start'): 929.088, ('mrg7', 'h2d'): 930.164, ('mrg7', 'mean_numk'): 930.2, ('mrg7', 'scan'): 930.375, ('mrg7', 'classify'): 930.405, ('mrg7', 'light'): 932.8, ('mrg7', 'compact'): 933.036, ('mrg7', 'pack'): 933.113, ('mrg7', 'd2h'): 934.483}",2297.96565300785,1.1413663984276354
Extremely sparse,bcsstm08,1074,1074,0.0931098696461825,1074,1074,1074,1074,1074,1074,1074,0.0,,0.05400000000008731,0.14999999999997726,0.04899999999997817,0.02400000000000091,0.25300000000004275,0.423,,,,,0.365,0.315,0.285,0.244,0.284,0.279,,0.26900000000000546,0.21699999999998454,0.17000000000007276,0.1409999999999627,0.1029999999999518,0.13999999999998636,0.1290000000000191,"{('cu', 'start'): 568.222, ('cu', 'h2dmalloc'): 568.272, ('cu', 'h2d'): 568.286, ('cu', 'workest'): 568.34, ('cu', 'compute'): 568.49, ('cu', 'copy'): 568.539, ('cu', 'pack'): 568.555, ('cu', 'd2h'): 568.579, ('gust', 'start'): 568.651, ('gust', 'h2d'): 568.714, ('gust', 'count'): 568.733, ('gust', 'scan'): 568.766, ('gust', 'expand'): 568.787, ('gust', 'sort'): 568.831, ('gust', 'reduce'): 568.867, ('gust', 'final'): 568.915, ('gust', 'pack'): 568.931, ('gust', 'd2h'): 568.94, ('merge', 'start'): 569.022, ('merge', 'h2d'): 569.083, ('merge', 'count'): 569.104, ('merge', 'scan'): 569.136, ('merge', 'expand'): 569.155, ('merge', 'merge'): 569.175, ('merge', 'final'): 569.214, ('merge', 'compact'): 569.238, ('merge', 'pack'): 569.253, ('merge', 'd2h'): 569.262, ('mrg2', 'start'): 569.343, ('mrg2', 'h2d'): 569.404, ('mrg2', 'count'): 569.423, ('mrg2', 'scan'): 569.455, ('mrg2', 'merge'): 569.477, ('mrg2', 'final'): 569.507, ('mrg2', 'compact'): 569.529, ('mrg2', 'pack'): 569.545, ('mrg2', 'd2h'): 569.555, ('mrg3', 'start'): 569.632, ('mrg3', 'h2d'): 569.692, ('mrg3', 'count'): 569.714, ('mrg3', 'scan'): 569.759, ('mrg3', 'merge'): 569.781, ('mrg3', 'pack'): 569.795, ('mrg3', 'd2h'): 569.804, ('mrg6', 'start'): 569.882, ('mrg6', 'h2d'): 569.941, ('mrg6', 'mean_numk'): 569.946, ('mrg6', 'scan'): 569.99, ('mrg6', 'classify'): 569.995, ('mrg6', 'light'): 570.021, ('mrg6', 'compact'): 570.064, ('mrg6', 'pack'): 570.081, ('mrg6', 'd2h'): 570.09, ('mrg7', 'start'): 570.171, ('mrg7', 'h2d'): 570.237, ('mrg7', 'mean_numk'): 570.242, ('mrg7', 'scan'): 570.285, ('mrg7', 'classify'): 570.29, ('mrg7', 'light'): 570.31, ('mrg7', 'compact'): 570.35, ('mrg7', 'pack'): 570.366, ('mrg7', 'd2h'): 570.376}",0.1265299506485462,0.136515200138092
Extremely sparse,bcsstm09,1083,1083,0.09233610341643582,1083,1083,1083,1083,1083,1083,1083,0.0,,0.05600000000004002,0.15200000000004366,0.04899999999997817,0.02400000000000091,0.25700000000006185,0.435,,,,,0.356,0.312,0.277,0.244,0.284,0.276,,0.27300000000002456,0.21199999999998909,0.16300000000001091,0.1349999999999909,0.1029999999999518,0.1410000000000764,0.1330000000000382,"{('cu', 'start'): 565.448, ('cu', 'h2dmalloc'): 565.497, ('cu', 'h2d'): 565.511, ('cu', 'workest'): 565.567, ('cu', 'compute'): 565.719, ('cu', 'copy'): 565.768, ('cu', 'pack'): 565.784, ('cu', 'd2h'): 565.808, ('gust', 'start'): 565.889, ('gust', 'h2d'): 565.949, ('gust', 'count'): 565.969, ('gust', 'scan'): 566.0, ('gust', 'expand'): 566.021, ('gust', 'sort'): 566.064, ('gust', 'reduce'): 566.099, ('gust', 'final'): 566.146, ('gust', 'pack'): 566.161, ('gust', 'd2h'): 566.171, ('merge', 'start'): 566.25, ('merge', 'h2d'): 566.311, ('merge', 'count'): 566.33, ('merge', 'scan'): 566.361, ('merge', 'expand'): 566.383, ('merge', 'merge'): 566.402, ('merge', 'final'): 566.434, ('merge', 'compact'): 566.46, ('merge', 'pack'): 566.474, ('merge', 'd2h'): 566.483, ('mrg2', 'start'): 566.567, ('mrg2', 'h2d'): 566.627, ('mrg2', 'count'): 566.645, ('mrg2', 'scan'): 566.675, ('mrg2', 'merge'): 566.696, ('mrg2', 'final'): 566.725, ('mrg2', 'compact'): 566.748, ('mrg2', 'pack'): 566.762, ('mrg2', 'd2h'): 566.771, ('mrg3', 'start'): 566.85, ('mrg3', 'h2d'): 566.909, ('mrg3', 'count'): 566.932, ('mrg3', 'scan'): 566.976, ('mrg3', 'merge'): 566.997, ('mrg3', 'pack'): 567.012, ('mrg3', 'd2h'): 567.021, ('mrg6', 'start'): 567.098, ('mrg6', 'h2d'): 567.156, ('mrg6', 'mean_numk'): 567.161, ('mrg6', 'scan'): 567.203, ('mrg6', 'classify'): 567.215, ('mrg6', 'light'): 567.24, ('mrg6', 'compact'): 567.281, ('mrg6', 'pack'): 567.297, ('mrg6', 'd2h'): 567.307, ('mrg7', 'start'): 567.387, ('mrg7', 'h2d'): 567.447, ('mrg7', 'mean_numk'): 567.451, ('mrg7', 'scan'): 567.493, ('mrg7', 'classify'): 567.498, ('mrg7', 'light'): 567.519, ('mrg7', 'compact'): 567.565, ('mrg7', 'pack'): 567.58, ('mrg7', 'd2h'): 567.589}",0.1421699998900294,0.1367199999513104
Extremely sparse,bcspwr10,5300,21842,0.07775720897116412,60498,60498,60498,60498,60498,60498,60498,0.0,,0.049999999999954525,0.20100000000002183,0.05700000000001637,0.09399999999993724,0.3079999999999927,0.561,,,,,0.696,0.539,0.345,0.328,0.362,0.337,,0.3250000000000455,0.52800000000002,0.3770000000000664,0.18299999999999272,0.16700000000003,0.19000000000005457,0.17300000000000182,"{('cu', 'start'): 594.386, ('cu', 'h2dmalloc'): 594.436, ('cu', 'h2d'): 594.457, ('cu', 'workest'): 594.507, ('cu', 'compute'): 594.708, ('cu', 'copy'): 594.765, ('cu', 'pack'): 594.782, ('cu', 'd2h'): 594.876, ('gust', 'start'): 594.954, ('gust', 'h2d'): 595.023, ('gust', 'count'): 595.046, ('gust', 'scan'): 595.08, ('gust', 'expand'): 595.109, ('gust', 'sort'): 595.334, ('gust', 'reduce'): 595.427, ('gust', 'final'): 595.531, ('gust', 'pack'): 595.551, ('gust', 'd2h'): 595.577, ('merge', 'start'): 595.655, ('merge', 'h2d'): 595.722, ('merge', 'count'): 595.751, ('merge', 'scan'): 595.783, ('merge', 'expand'): 595.82, ('merge', 'merge'): 595.961, ('merge', 'final'): 596.0, ('merge', 'compact'): 596.08, ('merge', 'pack'): 596.099, ('merge', 'd2h'): 596.126, ('mrg2', 'start'): 596.199, ('mrg2', 'h2d'): 596.265, ('mrg2', 'count'): 596.288, ('mrg2', 'scan'): 596.319, ('mrg2', 'merge'): 596.371, ('mrg2', 'final'): 596.404, ('mrg2', 'compact'): 596.43, ('mrg2', 'pack'): 596.448, ('mrg2', 'd2h'): 596.474, ('mrg3', 'start'): 596.55, ('mrg3', 'h2d'): 596.615, ('mrg3', 'count'): 596.664, ('mrg3', 'scan'): 596.71, ('mrg3', 'merge'): 596.767, ('mrg3', 'pack'): 596.782, ('mrg3', 'd2h'): 596.807, ('mrg6', 'start'): 596.883, ('mrg6', 'h2d'): 596.954, ('mrg6', 'mean_numk'): 596.969, ('mrg6', 'scan'): 597.014, ('mrg6', 'classify'): 597.027, ('mrg6', 'light'): 597.079, ('mrg6', 'compact'): 597.127, ('mrg6', 'pack'): 597.144, ('mrg6', 'd2h'): 597.17, ('mrg7', 'start'): 597.251, ('mrg7', 'h2d'): 597.317, ('mrg7', 'mean_numk'): 597.325, ('mrg7', 'scan'): 597.369, ('mrg7', 'classify'): 597.377, ('mrg7', 'light'): 597.427, ('mrg7', 'compact'): 597.474, ('mrg7', 'pack'): 597.49, ('mrg7', 'd2h'): 597.516}",7.621910073794424,0.1884352001361549
Extremely sparse,bcsstm11,1473,1473,0.0678886625933469,1473,1473,1473,1473,1473,1473,1473,0.0,,0.051000000000044565,0.1490000000000009,0.04899999999997817,0.02100000000007185,0.24900000000002365,0.416,,,,,0.36,0.295,0.276,0.244,0.28,0.27,,0.2659999999999627,0.21800000000007458,0.15899999999999181,0.13800000000003365,0.10799999999994725,0.13599999999996726,0.1309999999999718,"{('cu', 'start'): 575.849, ('cu', 'h2dmalloc'): 575.899, ('cu', 'h2d'): 575.914, ('cu', 'workest'): 575.965, ('cu', 'compute'): 576.114, ('cu', 'copy'): 576.163, ('cu', 'pack'): 576.18, ('cu', 'd2h'): 576.201, ('gust', 'start'): 576.27, ('gust', 'h2d'): 576.334, ('gust', 'count'): 576.353, ('gust', 'scan'): 576.385, ('gust', 'expand'): 576.407, ('gust', 'sort'): 576.452, ('gust', 'reduce'): 576.487, ('gust', 'final'): 576.536, ('gust', 'pack'): 576.552, ('gust', 'd2h'): 576.561, ('merge', 'start'): 576.636, ('merge', 'h2d'): 576.698, ('merge', 'count'): 576.717, ('merge', 'scan'): 576.747, ('merge', 'expand'): 576.767, ('merge', 'merge'): 576.786, ('merge', 'final'): 576.818, ('merge', 'compact'): 576.841, ('merge', 'pack'): 576.857, ('merge', 'd2h'): 576.866, ('mrg2', 'start'): 576.937, ('mrg2', 'h2d'): 576.997, ('mrg2', 'count'): 577.019, ('mrg2', 'scan'): 577.049, ('mrg2', 'merge'): 577.069, ('mrg2', 'final'): 577.097, ('mrg2', 'compact'): 577.12, ('mrg2', 'pack'): 577.135, ('mrg2', 'd2h'): 577.145, ('mrg3', 'start'): 577.218, ('mrg3', 'h2d'): 577.278, ('mrg3', 'count'): 577.302, ('mrg3', 'scan'): 577.345, ('mrg3', 'merge'): 577.372, ('mrg3', 'pack'): 577.386, ('mrg3', 'd2h'): 577.396, ('mrg6', 'start'): 577.468, ('mrg6', 'h2d'): 577.532, ('mrg6', 'mean_numk'): 577.538, ('mrg6', 'scan'): 577.579, ('mrg6', 'classify'): 577.585, ('mrg6', 'light'): 577.61, ('mrg6', 'compact'): 577.651, ('mrg6', 'pack'): 577.668, ('mrg6', 'd2h'): 577.677, ('mrg7', 'start'): 577.753, ('mrg7', 'h2d'): 577.815, ('mrg7', 'mean_numk'): 577.825, ('mrg7', 'scan'): 577.866, ('mrg7', 'classify'): 577.871, ('mrg7', 'light'): 577.891, ('mrg7', 'compact'): 577.93, ('mrg7', 'pack'): 577.946, ('mrg7', 'd2h'): 577.955}",0.2408720320090651,0.1373088003601879
Extremely sparse,bcsstm26,1922,1922,0.052029136316337155,1922,1922,1922,1922,1922,1922,1922,0.0,,0.05899999999996908,0.17300000000000182,0.05999999999994543,0.03200000000003911,0.2919999999999163,0.517,,,,,0.469,0.407,0.372,0.394,0.374,0.359,,0.31399999999996453,0.26499999999998636,0.21199999999998909,0.18000000000006366,0.19399999999995998,0.17499999999995453,0.1610000000000582,"{('cu', 'start'): 658.296, ('cu', 'h2dmalloc'): 658.36, ('cu', 'h2d'): 658.383, ('cu', 'workest'): 658.442, ('cu', 'compute'): 658.615, ('cu', 'copy'): 658.675, ('cu', 'pack'): 658.697, ('cu', 'd2h'): 658.729, ('gust', 'start'): 658.826, ('gust', 'h2d'): 658.917, ('gust', 'count'): 658.941, ('gust', 'scan'): 658.985, ('gust', 'expand'): 659.01, ('gust', 'sort'): 659.061, ('gust', 'reduce'): 659.103, ('gust', 'final'): 659.16, ('gust', 'pack'): 659.182, ('gust', 'd2h'): 659.194, ('merge', 'start'): 659.307, ('merge', 'h2d'): 659.394, ('merge', 'count'): 659.419, ('merge', 'scan'): 659.463, ('merge', 'expand'): 659.488, ('merge', 'merge'): 659.516, ('merge', 'final'): 659.556, ('merge', 'compact'): 659.584, ('merge', 'pack'): 659.606, ('merge', 'd2h'): 659.623, ('mrg2', 'start'): 659.724, ('mrg2', 'h2d'): 659.808, ('mrg2', 'count'): 659.832, ('mrg2', 'scan'): 659.872, ('mrg2', 'merge'): 659.902, ('mrg2', 'final'): 659.939, ('mrg2', 'compact'): 659.966, ('mrg2', 'pack'): 659.988, ('mrg2', 'd2h'): 660.002, ('mrg3', 'start'): 660.102, ('mrg3', 'h2d'): 660.186, ('mrg3', 'count'): 660.269, ('mrg3', 'scan'): 660.328, ('mrg3', 'merge'): 660.358, ('mrg3', 'pack'): 660.38, ('mrg3', 'd2h'): 660.392, ('mrg6', 'start'): 660.504, ('mrg6', 'h2d'): 660.591, ('mrg6', 'mean_numk'): 660.599, ('mrg6', 'scan'): 660.65, ('mrg6', 'classify'): 660.658, ('mrg6', 'light'): 660.69, ('mrg6', 'compact'): 660.744, ('mrg6', 'pack'): 660.766, ('mrg6', 'd2h'): 660.78, ('mrg7', 'start'): 660.885, ('mrg7', 'h2d'): 660.967, ('mrg7', 'mean_numk'): 660.975, ('mrg7', 'scan'): 661.024, ('mrg7', 'classify'): 661.033, ('mrg7', 'light'): 661.055, ('mrg7', 'compact'): 661.106, ('mrg7', 'pack'): 661.128, ('mrg7', 'd2h'): 661.141}",0.5009109154343605,0.1372096002567559
Extremely sparse,bcsstm23,3134,3134,0.031908104658583285,3134,3134,3134,3134,3134,3134,3134,0.0,,0.051000000000044565,0.14800000000002456,0.05199999999990723,0.023000000000024556,0.25099999999997635,0.419,,,,,0.431,0.314,0.281,0.254,0.283,0.285,,0.2680000000000291,0.2880000000000109,0.1710000000000491,0.14199999999993906,0.11599999999998545,0.1449999999999818,0.14400000000000546,"{('cu', 'start'): 582.384, ('cu', 'h2dmalloc'): 582.434, ('cu', 'h2d'): 582.448, ('cu', 'workest'): 582.499, ('cu', 'compute'): 582.647, ('cu', 'copy'): 582.699, ('cu', 'pack'): 582.716, ('cu', 'd2h'): 582.739, ('gust', 'start'): 582.81, ('gust', 'h2d'): 582.872, ('gust', 'count'): 582.894, ('gust', 'scan'): 582.926, ('gust', 'expand'): 582.951, ('gust', 'sort'): 583.058, ('gust', 'reduce'): 583.095, ('gust', 'final'): 583.144, ('gust', 'pack'): 583.16, ('gust', 'd2h'): 583.17, ('merge', 'start'): 583.247, ('merge', 'h2d'): 583.308, ('merge', 'count'): 583.33, ('merge', 'scan'): 583.362, ('merge', 'expand'): 583.384, ('merge', 'merge'): 583.405, ('merge', 'final'): 583.438, ('merge', 'compact'): 583.463, ('merge', 'pack'): 583.479, ('merge', 'd2h'): 583.489, ('mrg2', 'start'): 583.567, ('mrg2', 'h2d'): 583.628, ('mrg2', 'count'): 583.649, ('mrg2', 'scan'): 583.679, ('mrg2', 'merge'): 583.703, ('mrg2', 'final'): 583.732, ('mrg2', 'compact'): 583.756, ('mrg2', 'pack'): 583.77, ('mrg2', 'd2h'): 583.78, ('mrg3', 'start'): 583.854, ('mrg3', 'h2d'): 583.913, ('mrg3', 'count'): 583.942, ('mrg3', 'scan'): 583.987, ('mrg3', 'merge'): 584.016, ('mrg3', 'pack'): 584.029, ('mrg3', 'd2h'): 584.04, ('mrg6', 'start'): 584.112, ('mrg6', 'h2d'): 584.171, ('mrg6', 'mean_numk'): 584.179, ('mrg6', 'scan'): 584.22, ('mrg6', 'classify'): 584.227, ('mrg6', 'light'): 584.254, ('mrg6', 'compact'): 584.299, ('mrg6', 'pack'): 584.316, ('mrg6', 'd2h'): 584.325, ('mrg7', 'start'): 584.402, ('mrg7', 'h2d'): 584.462, ('mrg7', 'mean_numk'): 584.469, ('mrg7', 'scan'): 584.511, ('mrg7', 'classify'): 584.522, ('mrg7', 'light'): 584.543, ('mrg7', 'compact'): 584.59, ('mrg7', 'pack'): 584.606, ('mrg7', 'd2h'): 584.616}",1.7945360159501431,0.1375328001799061
Extremely sparse,bcsstm24,3562,3562,0.028074115665356544,3562,3562,3562,3562,3562,3562,3562,0.0,,0.05099999999993088,0.15200000000004366,0.05299999999999727,0.02500000000009095,0.2559999999999718,0.435,,,,,0.442,0.317,0.295,0.267,0.289,0.286,,0.2719999999999345,0.2939999999999827,0.17000000000007276,0.15099999999995362,0.12200000000007094,0.1430000000000291,0.1409999999999627,"{('cu', 'start'): 567.858, ('cu', 'h2dmalloc'): 567.908, ('cu', 'h2d'): 567.922, ('cu', 'workest'): 567.973, ('cu', 'compute'): 568.125, ('cu', 'copy'): 568.178, ('cu', 'pack'): 568.194, ('cu', 'd2h'): 568.219, ('gust', 'start'): 568.298, ('gust', 'h2d'): 568.362, ('gust', 'count'): 568.381, ('gust', 'scan'): 568.415, ('gust', 'expand'): 568.438, ('gust', 'sort'): 568.548, ('gust', 'reduce'): 568.586, ('gust', 'final'): 568.639, ('gust', 'pack'): 568.656, ('gust', 'd2h'): 568.665, ('merge', 'start'): 568.747, ('merge', 'h2d'): 568.81, ('merge', 'count'): 568.829, ('merge', 'scan'): 568.862, ('merge', 'expand'): 568.883, ('merge', 'merge'): 568.904, ('merge', 'final'): 568.939, ('merge', 'compact'): 568.966, ('merge', 'pack'): 568.98, ('merge', 'd2h'): 568.99, ('mrg2', 'start'): 569.069, ('mrg2', 'h2d'): 569.129, ('mrg2', 'count'): 569.149, ('mrg2', 'scan'): 569.181, ('mrg2', 'merge'): 569.205, ('mrg2', 'final'): 569.234, ('mrg2', 'compact'): 569.265, ('mrg2', 'pack'): 569.28, ('mrg2', 'd2h'): 569.29, ('mrg3', 'start'): 569.369, ('mrg3', 'h2d'): 569.43, ('mrg3', 'count'): 569.464, ('mrg3', 'scan'): 569.509, ('mrg3', 'merge'): 569.538, ('mrg3', 'pack'): 569.552, ('mrg3', 'd2h'): 569.562, ('mrg6', 'start'): 569.642, ('mrg6', 'h2d'): 569.701, ('mrg6', 'mean_numk'): 569.706, ('mrg6', 'scan'): 569.751, ('mrg6', 'classify'): 569.757, ('mrg6', 'light'): 569.783, ('mrg6', 'compact'): 569.829, ('mrg6', 'pack'): 569.844, ('mrg6', 'd2h'): 569.854, ('mrg7', 'start'): 569.936, ('mrg7', 'h2d'): 569.996, ('mrg7', 'mean_numk'): 570.002, ('mrg7', 'scan'): 570.045, ('mrg7', 'classify'): 570.055, ('mrg7', 'light'): 570.077, ('mrg7', 'compact'): 570.121, ('mrg7', 'pack'): 570.137, ('mrg7', 'd2h'): 570.147}",2.579891006462276,0.1392000001622363
Extremely sparse,bcsstm21,3600,3600,0.027777777777777776,3600,3600,3600,3600,3600,3600,3600,0.0,,0.05199999999990723,0.14600000000007185,0.06499999999994088,0.028999999999996362,0.26299999999991996,0.438,,,,,0.44,0.318,0.29,0.259,0.284,0.3,,0.2799999999999727,0.2959999999999354,0.18000000000006366,0.15099999999995362,0.12200000000007094,0.1450000000000955,0.13800000000003365,"{('cu', 'start'): 600.233, ('cu', 'h2dmalloc'): 600.281, ('cu', 'h2d'): 600.296, ('cu', 'workest'): 600.348, ('cu', 'compute'): 600.494, ('cu', 'copy'): 600.559, ('cu', 'pack'): 600.576, ('cu', 'd2h'): 600.605, ('gust', 'start'): 600.677, ('gust', 'h2d'): 600.74, ('gust', 'count'): 600.76, ('gust', 'scan'): 600.794, ('gust', 'expand'): 600.821, ('gust', 'sort'): 600.932, ('gust', 'reduce'): 600.97, ('gust', 'final'): 601.02, ('gust', 'pack'): 601.036, ('gust', 'd2h'): 601.047, ('merge', 'start'): 601.125, ('merge', 'h2d'): 601.185, ('merge', 'count'): 601.21, ('merge', 'scan'): 601.244, ('merge', 'expand'): 601.267, ('merge', 'merge'): 601.289, ('merge', 'final'): 601.323, ('merge', 'compact'): 601.35, ('merge', 'pack'): 601.365, ('merge', 'd2h'): 601.376, ('mrg2', 'start'): 601.449, ('mrg2', 'h2d'): 601.508, ('mrg2', 'count'): 601.53, ('mrg2', 'scan'): 601.563, ('mrg2', 'merge'): 601.588, ('mrg2', 'final'): 601.618, ('mrg2', 'compact'): 601.643, ('mrg2', 'pack'): 601.659, ('mrg2', 'd2h'): 601.67, ('mrg3', 'start'): 601.745, ('mrg3', 'h2d'): 601.804, ('mrg3', 'count'): 601.835, ('mrg3', 'scan'): 601.881, ('mrg3', 'merge'): 601.911, ('mrg3', 'pack'): 601.926, ('mrg3', 'd2h'): 601.937, ('mrg6', 'start'): 602.01, ('mrg6', 'h2d'): 602.069, ('mrg6', 'mean_numk'): 602.076, ('mrg6', 'scan'): 602.118, ('mrg6', 'classify'): 602.125, ('mrg6', 'light'): 602.152, ('mrg6', 'compact'): 602.198, ('mrg6', 'pack'): 602.214, ('mrg6', 'd2h'): 602.224, ('mrg7', 'start'): 602.301, ('mrg7', 'h2d'): 602.36, ('mrg7', 'mean_numk'): 602.368, ('mrg7', 'scan'): 602.41, ('mrg7', 'classify'): 602.417, ('mrg7', 'light'): 602.438, ('mrg7', 'compact'): 602.483, ('mrg7', 'pack'): 602.498, ('mrg7', 'd2h'): 602.514}",2.669302048161626,0.1520768002839759
Extremely sparse,bcsstm25,15439,15439,0.006477103439341926,15439,15439,15439,15439,15439,15439,15439,0.0,,0.05099999999993088,0.1510000000000673,0.05499999999994998,0.028999999999996362,0.25699999999994816,0.434,,,,,0.477,0.37,0.319,0.339,0.331,0.328,,0.27300000000002456,0.32300000000009277,0.22199999999998,0.1690000000000964,0.19100000000003092,0.17999999999994998,0.17499999999995453,"{('cu', 'start'): 613.737, ('cu', 'h2dmalloc'): 613.787, ('cu', 'h2d'): 613.807, ('cu', 'workest'): 613.858, ('cu', 'compute'): 614.009, ('cu', 'copy'): 614.064, ('cu', 'pack'): 614.08, ('cu', 'd2h'): 614.109, ('gust', 'start'): 614.179, ('gust', 'h2d'): 614.247, ('gust', 'count'): 614.266, ('gust', 'scan'): 614.299, ('gust', 'expand'): 614.341, ('gust', 'sort'): 614.464, ('gust', 'reduce'): 614.503, ('gust', 'final'): 614.554, ('gust', 'pack'): 614.57, ('gust', 'd2h'): 614.585, ('merge', 'start'): 614.662, ('merge', 'h2d'): 614.729, ('merge', 'count'): 614.768, ('merge', 'scan'): 614.801, ('merge', 'expand'): 614.832, ('merge', 'merge'): 614.862, ('merge', 'final'): 614.898, ('merge', 'compact'): 614.934, ('merge', 'pack'): 614.951, ('merge', 'd2h'): 614.966, ('mrg2', 'start'): 615.038, ('mrg2', 'h2d'): 615.103, ('mrg2', 'count'): 615.13, ('mrg2', 'scan'): 615.161, ('mrg2', 'merge'): 615.192, ('mrg2', 'final'): 615.221, ('mrg2', 'compact'): 615.257, ('mrg2', 'pack'): 615.272, ('mrg2', 'd2h'): 615.287, ('mrg3', 'start'): 615.363, ('mrg3', 'h2d'): 615.428, ('mrg3', 'count'): 615.496, ('mrg3', 'scan'): 615.541, ('mrg3', 'merge'): 615.603, ('mrg3', 'pack'): 615.619, ('mrg3', 'd2h'): 615.634, ('mrg6', 'start'): 615.708, ('mrg6', 'h2d'): 615.772, ('mrg6', 'mean_numk'): 615.786, ('mrg6', 'scan'): 615.829, ('mrg6', 'classify'): 615.847, ('mrg6', 'light'): 615.88, ('mrg6', 'compact'): 615.935, ('mrg6', 'pack'): 615.952, ('mrg6', 'd2h'): 615.967, ('mrg7', 'start'): 616.044, ('mrg7', 'h2d'): 616.109, ('mrg7', 'mean_numk'): 616.123, ('mrg7', 'scan'): 616.165, ('mrg7', 'classify'): 616.179, ('mrg7', 'light'): 616.21, ('mrg7', 'compact'): 616.269, ('mrg7', 'pack'): 616.284, ('mrg7', 'd2h'): 616.3}",176.19467701297253,0.1474943994544446
