class,name,n,A_nnz,density_pct,cu_cnnz,man_cnnz,merge_cnnz,merge2_cnnz,merge3_cnnz,cnnz_gap_pct,buf2,cu_we,cu_compute,cu_copy,cu_d2h,cu_kernel,cu_time,cu_write,man_count,man_fill,man_kernel,man_time,merge_time,merge2_time,merge3_time,man_write,cu_compute_t,man_compute_t,merge_compute_t,merge2_compute_t,merge3_compute_t,phases,cublas_ms,ocean_ms
Dense,bcsstk02,66,4356,100.0,4356,4356,4356,4356,4356,0.0,,0.057999999999992724,0.21500000000003183,0.049999999999954525,0.10000000000002274,0.3229999999999791,0.597,,,,,1.037,1.856,0.546,0.332,,0.34399999999993724,0.7990000000000919,1.6899999999999409,0.38199999999994816,0.1610000000000582,"{('cu', 'start'): 676.092, ('cu', 'h2dmalloc'): 676.155, ('cu', 'h2d'): 676.172, ('cu', 'workest'): 676.23, ('cu', 'compute'): 676.445, ('cu', 'copy'): 676.495, ('cu', 'pack'): 676.516, ('cu', 'd2h'): 676.616, ('gust', 'start'): 676.698, ('gust', 'h2d'): 676.776, ('gust', 'count'): 676.8, ('gust', 'scan'): 676.84, ('gust', 'expand'): 676.951, ('gust', 'sort'): 677.211, ('gust', 'reduce'): 677.37, ('gust', 'final'): 677.552, ('gust', 'pack'): 677.575, ('gust', 'd2h'): 677.594, ('merge', 'start'): 677.74, ('merge', 'h2d'): 677.816, ('merge', 'count'): 677.846, ('merge', 'scan'): 677.892, ('merge', 'expand'): 678.358, ('merge', 'merge'): 679.235, ('merge', 'final'): 679.344, ('merge', 'compact'): 679.482, ('merge', 'pack'): 679.506, ('merge', 'd2h'): 679.519, ('mrg2', 'start'): 679.602, ('mrg2', 'h2d'): 679.677, ('mrg2', 'count'): 679.7, ('mrg2', 'scan'): 679.737, ('mrg2', 'merge'): 679.905, ('mrg2', 'final'): 679.948, ('mrg2', 'compact'): 680.037, ('mrg2', 'pack'): 680.059, ('mrg2', 'd2h'): 680.071, ('mrg3', 'start'): 680.154, ('mrg3', 'h2d'): 680.228, ('mrg3', 'count'): 680.263, ('mrg3', 'scan'): 680.314, ('mrg3', 'merge'): 680.368, ('mrg3', 'pack'): 680.389, ('mrg3', 'd2h'): 680.402}",0.048649962991476,0.8466015990823508
Dense,can_24,24,160,27.77777777777778,336,336,336,336,336,0.0,,0.06999999999993634,0.17200000000002547,0.06299999999998818,0.026000000000067303,0.30499999999995,0.533,,,,,0.467,0.421,0.364,0.317,,0.3309999999999036,0.2760000000000673,0.2440000000000282,0.19100000000003092,0.1410000000000764,"{('cu', 'start'): 696.036, ('cu', 'h2dmalloc'): 696.111, ('cu', 'h2d'): 696.128, ('cu', 'workest'): 696.198, ('cu', 'compute'): 696.37, ('cu', 'copy'): 696.433, ('cu', 'pack'): 696.459, ('cu', 'd2h'): 696.485, ('gust', 'start'): 696.579, ('gust', 'h2d'): 696.66, ('gust', 'count'): 696.685, ('gust', 'scan'): 696.73, ('gust', 'expand'): 696.754, ('gust', 'sort'): 696.805, ('gust', 'reduce'): 696.85, ('gust', 'final'): 696.913, ('gust', 'pack'): 696.936, ('gust', 'd2h'): 696.947, ('merge', 'start'): 697.06, ('merge', 'h2d'): 697.14, ('merge', 'count'): 697.163, ('merge', 'scan'): 697.205, ('merge', 'expand'): 697.238, ('merge', 'merge'): 697.288, ('merge', 'final'): 697.337, ('merge', 'compact'): 697.363, ('merge', 'pack'): 697.384, ('merge', 'd2h'): 697.395, ('mrg2', 'start'): 697.488, ('mrg2', 'h2d'): 697.564, ('mrg2', 'count'): 697.589, ('mrg2', 'scan'): 697.629, ('mrg2', 'merge'): 697.671, ('mrg2', 'final'): 697.709, ('mrg2', 'compact'): 697.734, ('mrg2', 'pack'): 697.755, ('mrg2', 'd2h'): 697.766, ('mrg3', 'start'): 697.862, ('mrg3', 'h2d'): 697.935, ('mrg3', 'count'): 697.961, ('mrg3', 'scan'): 698.017, ('mrg3', 'merge'): 698.047, ('mrg3', 'pack'): 698.076, ('mrg3', 'd2h'): 698.087}",0.0485549680888652,0.1883935998892411
Dense,bcsstk04,132,3648,20.9366391184573,11968,11968,11968,11968,11968,0.0,,0.057999999999992724,0.2380000000000564,0.06099999999992178,0.11600000000009913,0.3569999999999709,0.639,,,,,0.799,1.265,0.462,0.352,,0.37599999999997635,0.6080000000000609,1.0850000000000364,0.28499999999996817,0.17200000000002547,"{('cu', 'start'): 668.17, ('cu', 'h2dmalloc'): 668.231, ('cu', 'h2d'): 668.246, ('cu', 'workest'): 668.304, ('cu', 'compute'): 668.542, ('cu', 'copy'): 668.603, ('cu', 'pack'): 668.622, ('cu', 'd2h'): 668.738, ('gust', 'start'): 668.818, ('gust', 'h2d'): 668.895, ('gust', 'count'): 668.919, ('gust', 'scan'): 668.96, ('gust', 'expand'): 668.998, ('gust', 'sort'): 669.25, ('gust', 'reduce'): 669.359, ('gust', 'final'): 669.48, ('gust', 'pack'): 669.503, ('gust', 'd2h'): 669.528, ('merge', 'start'): 669.625, ('merge', 'h2d'): 669.703, ('merge', 'count'): 669.727, ('merge', 'scan'): 669.764, ('merge', 'expand'): 669.937, ('merge', 'merge'): 670.638, ('merge', 'final'): 670.681, ('merge', 'compact'): 670.768, ('merge', 'pack'): 670.788, ('merge', 'd2h'): 670.806, ('mrg2', 'start'): 670.896, ('mrg2', 'h2d'): 670.971, ('mrg2', 'count'): 670.995, ('mrg2', 'scan'): 671.032, ('mrg2', 'merge'): 671.181, ('mrg2', 'final'): 671.216, ('mrg2', 'compact'): 671.239, ('mrg2', 'pack'): 671.256, ('mrg2', 'd2h'): 671.274, ('mrg3', 'start'): 671.365, ('mrg3', 'h2d'): 671.438, ('mrg3', 'count'): 671.481, ('mrg3', 'scan'): 671.538, ('mrg3', 'merge'): 671.59, ('mrg3', 'pack'): 671.61, ('mrg3', 'd2h'): 671.627}",0.032111071050167,0.5154944006586447
Dense,bcsstk01,48,400,17.36111111111111,1292,1292,1292,1292,1292,0.0,,0.056999999999902684,0.15400000000011005,0.053999999999973625,0.024999999999977263,0.26499999999998636,0.47,,,,,0.522,0.427,0.368,0.292,,0.2859999999999445,0.3210000000000264,0.2480000000000473,0.18600000000003547,0.1209999999999809,"{('cu', 'start'): 688.777, ('cu', 'h2dmalloc'): 688.841, ('cu', 'h2d'): 688.854, ('cu', 'workest'): 688.911, ('cu', 'compute'): 689.065, ('cu', 'copy'): 689.119, ('cu', 'pack'): 689.14, ('cu', 'd2h'): 689.165, ('gust', 'start'): 689.256, ('gust', 'h2d'): 689.346, ('gust', 'count'): 689.368, ('gust', 'scan'): 689.409, ('gust', 'expand'): 689.437, ('gust', 'sort'): 689.547, ('gust', 'reduce'): 689.59, ('gust', 'final'): 689.646, ('gust', 'pack'): 689.667, ('gust', 'd2h'): 689.677, ('merge', 'start'): 689.786, ('merge', 'h2d'): 689.866, ('merge', 'count'): 689.887, ('merge', 'scan'): 689.924, ('merge', 'expand'): 689.96, ('merge', 'merge'): 690.03, ('merge', 'final'): 690.07, ('merge', 'compact'): 690.096, ('merge', 'pack'): 690.114, ('merge', 'd2h'): 690.124, ('mrg2', 'start'): 690.219, ('mrg2', 'h2d'): 690.302, ('mrg2', 'count'): 690.324, ('mrg2', 'scan'): 690.36, ('mrg2', 'merge'): 690.412, ('mrg2', 'final'): 690.445, ('mrg2', 'compact'): 690.47, ('mrg2', 'pack'): 690.488, ('mrg2', 'd2h'): 690.498, ('mrg3', 'start'): 690.593, ('mrg3', 'h2d'): 690.667, ('mrg3', 'count'): 690.694, ('mrg3', 'scan'): 690.741, ('mrg3', 'merge'): 690.771, ('mrg3', 'pack'): 690.788, ('mrg3', 'd2h'): 690.799}",0.0481798779219388,0.288326398585923
Dense,can_61,61,557,14.969094329481322,1793,1793,1793,1793,1793,0.0,,0.07299999999997908,0.16999999999995907,0.06299999999998818,0.02699999999992997,0.30599999999992633,0.527,,,,,0.55,0.558,0.39,0.328,,0.33199999999999363,0.3550000000000182,0.36800000000005184,0.21199999999998909,0.15199999999992997,"{('cu', 'start'): 688.034, ('cu', 'h2dmalloc'): 688.097, ('cu', 'h2d'): 688.114, ('cu', 'workest'): 688.187, ('cu', 'compute'): 688.357, ('cu', 'copy'): 688.42, ('cu', 'pack'): 688.446, ('cu', 'd2h'): 688.473, ('gust', 'start'): 688.57, ('gust', 'h2d'): 688.653, ('gust', 'count'): 688.677, ('gust', 'scan'): 688.723, ('gust', 'expand'): 688.752, ('gust', 'sort'): 688.872, ('gust', 'reduce'): 688.921, ('gust', 'final'): 688.984, ('gust', 'pack'): 689.008, ('gust', 'd2h'): 689.02, ('merge', 'start'): 689.128, ('merge', 'h2d'): 689.218, ('merge', 'count'): 689.245, ('merge', 'scan'): 689.289, ('merge', 'expand'): 689.34, ('merge', 'merge'): 689.494, ('merge', 'final'): 689.538, ('merge', 'compact'): 689.565, ('merge', 'pack'): 689.586, ('merge', 'd2h'): 689.598, ('mrg2', 'start'): 689.693, ('mrg2', 'h2d'): 689.772, ('mrg2', 'count'): 689.795, ('mrg2', 'scan'): 689.837, ('mrg2', 'merge'): 689.896, ('mrg2', 'final'): 689.935, ('mrg2', 'compact'): 689.961, ('mrg2', 'pack'): 689.984, ('mrg2', 'd2h'): 689.996, ('mrg3', 'start'): 690.09, ('mrg3', 'h2d'): 690.167, ('mrg3', 'count'): 690.206, ('mrg3', 'scan'): 690.262, ('mrg3', 'merge'): 690.296, ('mrg3', 'pack'): 690.319, ('mrg3', 'd2h'): 690.33}",0.0485938508063554,0.3196639998583123
Dense,bcsstk05,153,2423,10.350719808620616,7245,7245,7245,7245,7245,0.0,,0.057999999999992724,0.1710000000000491,0.06399999999996453,0.029999999999972715,0.29300000000000637,0.515,,,,,0.535,0.565,0.388,0.33,,0.3170000000000073,0.3389999999999418,0.3790000000000191,0.20400000000006457,0.1490000000000009,"{('cu', 'start'): 665.552, ('cu', 'h2dmalloc'): 665.612, ('cu', 'h2d'): 665.634, ('cu', 'workest'): 665.692, ('cu', 'compute'): 665.863, ('cu', 'copy'): 665.927, ('cu', 'pack'): 665.951, ('cu', 'd2h'): 665.981, ('gust', 'start'): 666.074, ('gust', 'h2d'): 666.158, ('gust', 'count'): 666.182, ('gust', 'scan'): 666.22, ('gust', 'expand'): 666.249, ('gust', 'sort'): 666.377, ('gust', 'reduce'): 666.419, ('gust', 'final'): 666.476, ('gust', 'pack'): 666.497, ('gust', 'd2h'): 666.518, ('merge', 'start'): 666.615, ('merge', 'h2d'): 666.701, ('merge', 'count'): 666.723, ('merge', 'scan'): 666.76, ('merge', 'expand'): 666.825, ('merge', 'merge'): 666.997, ('merge', 'final'): 667.036, ('merge', 'compact'): 667.062, ('merge', 'pack'): 667.08, ('merge', 'd2h'): 667.095, ('mrg2', 'start'): 667.186, ('mrg2', 'h2d'): 667.27, ('mrg2', 'count'): 667.292, ('mrg2', 'scan'): 667.327, ('mrg2', 'merge'): 667.396, ('mrg2', 'final'): 667.43, ('mrg2', 'compact'): 667.454, ('mrg2', 'pack'): 667.474, ('mrg2', 'd2h'): 667.489, ('mrg3', 'start'): 667.58, ('mrg3', 'h2d'): 667.655, ('mrg3', 'count'): 667.691, ('mrg3', 'scan'): 667.74, ('mrg3', 'merge'): 667.784, ('mrg3', 'pack'): 667.804, ('mrg3', 'd2h'): 667.819}",0.0504700001329183,0.3361472004791721
Mildly sparse,bcspwr01,39,131,8.61275476660092,275,275,275,275,275,0.0,,0.07000000000005002,0.16399999999998727,0.06700000000000728,0.03600000000005821,0.30100000000004457,0.573,,,,,0.528,0.485,0.429,0.361,,0.33600000000001273,0.3009999999999309,0.26499999999998636,0.21699999999998454,0.15300000000002,"{('cu', 'start'): 681.538, ('cu', 'h2dmalloc'): 681.618, ('cu', 'h2d'): 681.636, ('cu', 'workest'): 681.706, ('cu', 'compute'): 681.87, ('cu', 'copy'): 681.937, ('cu', 'pack'): 681.972, ('cu', 'd2h'): 682.008, ('gust', 'start'): 682.121, ('gust', 'h2d'): 682.215, ('gust', 'count'): 682.244, ('gust', 'scan'): 682.292, ('gust', 'expand'): 682.32, ('gust', 'sort'): 682.377, ('gust', 'reduce'): 682.427, ('gust', 'final'): 682.489, ('gust', 'pack'): 682.516, ('gust', 'd2h'): 682.528, ('merge', 'start'): 682.66, ('merge', 'h2d'): 682.755, ('merge', 'count'): 682.784, ('merge', 'scan'): 682.832, ('merge', 'expand'): 682.863, ('merge', 'merge'): 682.906, ('merge', 'final'): 682.954, ('merge', 'compact'): 682.992, ('merge', 'pack'): 683.02, ('merge', 'd2h'): 683.033, ('mrg2', 'start'): 683.154, ('mrg2', 'h2d'): 683.249, ('mrg2', 'count'): 683.277, ('mrg2', 'scan'): 683.325, ('mrg2', 'merge'): 683.364, ('mrg2', 'final'): 683.408, ('mrg2', 'compact'): 683.439, ('mrg2', 'pack'): 683.466, ('mrg2', 'd2h'): 683.478, ('mrg3', 'start'): 683.592, ('mrg3', 'h2d'): 683.684, ('mrg3', 'count'): 683.715, ('mrg3', 'scan'): 683.778, ('mrg3', 'merge'): 683.811, ('mrg3', 'pack'): 683.837, ('mrg3', 'd2h'): 683.85}",0.048565911129117,0.1947904001222923
Mildly sparse,can_96,96,768,8.333333333333332,1920,1920,1920,1920,1920,0.0,,0.08199999999999363,0.20600000000001728,0.07899999999995089,0.038000000000010914,0.3669999999999618,0.678,,,,,0.723,0.594,0.54,0.445,,0.39599999999995816,0.43099999999992633,0.31799999999998363,0.2659999999999627,0.18100000000004002,"{('cu', 'start'): 663.622, ('cu', 'h2dmalloc'): 663.714, ('cu', 'h2d'): 663.736, ('cu', 'workest'): 663.818, ('cu', 'compute'): 664.024, ('cu', 'copy'): 664.103, ('cu', 'pack'): 664.132, ('cu', 'd2h'): 664.17, ('gust', 'start'): 664.312, ('gust', 'h2d'): 664.426, ('gust', 'count'): 664.455, ('gust', 'scan'): 664.51, ('gust', 'expand'): 664.547, ('gust', 'sort'): 664.679, ('gust', 'reduce'): 664.743, ('gust', 'final'): 664.823, ('gust', 'pack'): 664.857, ('gust', 'd2h'): 664.871, ('merge', 'start'): 665.046, ('merge', 'h2d'): 665.164, ('merge', 'count'): 665.193, ('merge', 'scan'): 665.246, ('merge', 'expand'): 665.288, ('merge', 'merge'): 665.351, ('merge', 'final'): 665.413, ('merge', 'compact'): 665.453, ('merge', 'pack'): 665.482, ('merge', 'd2h'): 665.5, ('mrg2', 'start'): 665.65, ('mrg2', 'h2d'): 665.758, ('mrg2', 'count'): 665.788, ('mrg2', 'scan'): 665.843, ('mrg2', 'merge'): 665.897, ('mrg2', 'final'): 665.947, ('mrg2', 'compact'): 665.994, ('mrg2', 'pack'): 666.024, ('mrg2', 'd2h'): 666.049, ('mrg3', 'start'): 666.204, ('mrg3', 'h2d'): 666.313, ('mrg3', 'count'): 666.353, ('mrg3', 'scan'): 666.426, ('mrg3', 'merge'): 666.466, ('mrg3', 'pack'): 666.494, ('mrg3', 'd2h'): 666.51}",0.0494441483169794,0.3191839980427176
Mildly sparse,arc130,130,1282,7.585798816568047,15631,15631,15631,15631,15631,0.0,,0.056999999999902684,0.17799999999999727,0.05600000000004002,0.03300000000001546,0.29099999999994,0.504,,,,,0.574,1.714,0.522,0.367,,0.3089999999999691,0.37200000000007094,1.5299999999999727,0.3390000000000555,0.18500000000005912,"{('cu', 'start'): 676.397, ('cu', 'h2dmalloc'): 676.458, ('cu', 'h2d'): 676.474, ('cu', 'workest'): 676.531, ('cu', 'compute'): 676.709, ('cu', 'copy'): 676.765, ('cu', 'pack'): 676.783, ('cu', 'd2h'): 676.816, ('gust', 'start'): 676.909, ('gust', 'h2d'): 676.991, ('gust', 'count'): 677.029, ('gust', 'scan'): 677.068, ('gust', 'expand'): 677.111, ('gust', 'sort'): 677.239, ('gust', 'reduce'): 677.283, ('gust', 'final'): 677.343, ('gust', 'pack'): 677.363, ('gust', 'd2h'): 677.39, ('merge', 'start'): 677.489, ('merge', 'h2d'): 677.567, ('merge', 'count'): 677.593, ('merge', 'scan'): 677.635, ('merge', 'expand'): 677.774, ('merge', 'merge'): 679.015, ('merge', 'final'): 679.055, ('merge', 'compact'): 679.08, ('merge', 'pack'): 679.097, ('merge', 'd2h'): 679.116, ('mrg2', 'start'): 679.213, ('mrg2', 'h2d'): 679.29, ('mrg2', 'count'): 679.315, ('mrg2', 'scan'): 679.351, ('mrg2', 'merge'): 679.55, ('mrg2', 'final'): 679.584, ('mrg2', 'compact'): 679.607, ('mrg2', 'pack'): 679.629, ('mrg2', 'd2h'): 679.648, ('mrg3', 'start'): 679.742, ('mrg3', 'h2d'): 679.818, ('mrg3', 'count'): 679.87, ('mrg3', 'scan'): 679.921, ('mrg3', 'merge'): 679.983, ('mrg3', 'pack'): 680.003, ('mrg3', 'd2h'): 680.023}",0.0415011309087276,0.3665119996061549
Mildly sparse,ash85,85,523,7.2387543252595155,1317,1317,1317,1317,1317,0.0,,0.056999999999902684,0.1650000000000773,0.05499999999994998,0.023000000000024556,0.27699999999992997,0.479,,,,,0.512,0.397,0.347,0.294,,0.2959999999999354,0.32600000000002183,0.22299999999995634,0.17200000000002547,0.1269999999999527,"{('cu', 'start'): 672.2, ('cu', 'h2dmalloc'): 672.262, ('cu', 'h2d'): 672.277, ('cu', 'workest'): 672.334, ('cu', 'compute'): 672.499, ('cu', 'copy'): 672.554, ('cu', 'pack'): 672.573, ('cu', 'd2h'): 672.596, ('gust', 'start'): 672.687, ('gust', 'h2d'): 672.763, ('gust', 'count'): 672.785, ('gust', 'scan'): 672.822, ('gust', 'expand'): 672.847, ('gust', 'sort'): 672.968, ('gust', 'reduce'): 673.01, ('gust', 'final'): 673.069, ('gust', 'pack'): 673.089, ('gust', 'd2h'): 673.1, ('merge', 'start'): 673.205, ('merge', 'h2d'): 673.284, ('merge', 'count'): 673.308, ('merge', 'scan'): 673.345, ('merge', 'expand'): 673.373, ('merge', 'merge'): 673.427, ('merge', 'final'): 673.465, ('merge', 'compact'): 673.489, ('merge', 'pack'): 673.507, ('merge', 'd2h'): 673.518, ('mrg2', 'start'): 673.607, ('mrg2', 'h2d'): 673.68, ('mrg2', 'count'): 673.701, ('mrg2', 'scan'): 673.737, ('mrg2', 'merge'): 673.776, ('mrg2', 'final'): 673.808, ('mrg2', 'compact'): 673.833, ('mrg2', 'pack'): 673.852, ('mrg2', 'd2h'): 673.862, ('mrg3', 'start'): 673.961, ('mrg3', 'h2d'): 674.034, ('mrg3', 'count'): 674.062, ('mrg3', 'scan'): 674.112, ('mrg3', 'merge'): 674.143, ('mrg3', 'pack'): 674.161, ('mrg3', 'd2h'): 674.171}",0.031420961022377,0.2045184003654867
Mildly sparse,can_73,73,377,7.0744980296490905,1377,1377,1377,1377,1377,0.0,,0.06200000000001182,0.17700000000002092,0.06099999999992178,0.02800000000002001,0.2999999999999545,0.525,,,,,0.476,0.436,0.384,0.326,,0.3229999999999791,0.27300000000002456,0.24300000000005184,0.19200000000000728,0.13800000000003365,"{('cu', 'start'): 665.835, ('cu', 'h2dmalloc'): 665.897, ('cu', 'h2d'): 665.913, ('cu', 'workest'): 665.975, ('cu', 'compute'): 666.152, ('cu', 'copy'): 666.213, ('cu', 'pack'): 666.236, ('cu', 'd2h'): 666.264, ('gust', 'start'): 666.372, ('gust', 'h2d'): 666.452, ('gust', 'count'): 666.484, ('gust', 'scan'): 666.526, ('gust', 'expand'): 666.552, ('gust', 'sort'): 666.601, ('gust', 'reduce'): 666.645, ('gust', 'final'): 666.702, ('gust', 'pack'): 666.725, ('gust', 'd2h'): 666.736, ('merge', 'start'): 666.856, ('merge', 'h2d'): 666.935, ('merge', 'count'): 666.96, ('merge', 'scan'): 666.998, ('merge', 'expand'): 667.03, ('merge', 'merge'): 667.085, ('merge', 'final'): 667.129, ('merge', 'compact'): 667.157, ('merge', 'pack'): 667.178, ('merge', 'd2h'): 667.189, ('mrg2', 'start'): 667.3, ('mrg2', 'h2d'): 667.375, ('mrg2', 'count'): 667.399, ('mrg2', 'scan'): 667.438, ('mrg2', 'merge'): 667.485, ('mrg2', 'final'): 667.521, ('mrg2', 'compact'): 667.548, ('mrg2', 'pack'): 667.567, ('mrg2', 'd2h'): 667.579, ('mrg3', 'start'): 667.693, ('mrg3', 'h2d'): 667.77, ('mrg3', 'count'): 667.801, ('mrg3', 'scan'): 667.851, ('mrg3', 'merge'): 667.886, ('mrg3', 'pack'): 667.908, ('mrg3', 'd2h'): 667.92}",0.035623088479042,0.2506688018795103
Mildly sparse,bcspwr02,49,167,6.9554352353186175,403,403,403,403,403,0.0,,0.07100000000002638,0.15300000000002,0.053999999999973625,0.02400000000000091,0.27800000000002,0.483,,,,,0.428,0.378,0.334,0.28,,0.2980000000000018,0.2440000000000282,0.20799999999997,0.16600000000005366,0.1150000000000091,"{('cu', 'start'): 673.647, ('cu', 'h2dmalloc'): 673.709, ('cu', 'h2d'): 673.722, ('cu', 'workest'): 673.793, ('cu', 'compute'): 673.946, ('cu', 'copy'): 674.0, ('cu', 'pack'): 674.02, ('cu', 'd2h'): 674.044, ('gust', 'start'): 674.139, ('gust', 'h2d'): 674.217, ('gust', 'count'): 674.238, ('gust', 'scan'): 674.276, ('gust', 'expand'): 674.3, ('gust', 'sort'): 674.347, ('gust', 'reduce'): 674.387, ('gust', 'final'): 674.44, ('gust', 'pack'): 674.461, ('gust', 'd2h'): 674.471, ('merge', 'start'): 674.572, ('merge', 'h2d'): 674.647, ('merge', 'count'): 674.667, ('merge', 'scan'): 674.703, ('merge', 'expand'): 674.737, ('merge', 'merge'): 674.775, ('merge', 'final'): 674.814, ('merge', 'compact'): 674.838, ('merge', 'pack'): 674.855, ('merge', 'd2h'): 674.865, ('mrg2', 'start'): 674.958, ('mrg2', 'h2d'): 675.03, ('mrg2', 'count'): 675.051, ('mrg2', 'scan'): 675.087, ('mrg2', 'merge'): 675.12, ('mrg2', 'final'): 675.153, ('mrg2', 'compact'): 675.177, ('mrg2', 'pack'): 675.196, ('mrg2', 'd2h'): 675.206, ('mrg3', 'start'): 675.296, ('mrg3', 'h2d'): 675.367, ('mrg3', 'count'): 675.391, ('mrg3', 'scan'): 675.438, ('mrg3', 'merge'): 675.465, ('mrg3', 'pack'): 675.482, ('mrg3', 'd2h'): 675.492}",0.0405199825763702,0.1974624004215002
Mildly sparse,can_144,144,1296,6.25,3456,3456,3456,3456,3456,0.0,,0.06399999999996453,0.16399999999998727,0.059000000000082764,0.028999999999996362,0.28700000000003456,0.525,,,,,0.562,0.478,0.398,0.335,,0.3089999999999691,0.3369999999999891,0.27499999999997726,0.20100000000002183,0.1430000000000291,"{('cu', 'start'): 674.57, ('cu', 'h2dmalloc'): 674.638, ('cu', 'h2d'): 674.658, ('cu', 'workest'): 674.722, ('cu', 'compute'): 674.886, ('cu', 'copy'): 674.945, ('cu', 'pack'): 674.967, ('cu', 'd2h'): 674.996, ('gust', 'start'): 675.103, ('gust', 'h2d'): 675.201, ('gust', 'count'): 675.228, ('gust', 'scan'): 675.268, ('gust', 'expand'): 675.295, ('gust', 'sort'): 675.411, ('gust', 'reduce'): 675.457, ('gust', 'final'): 675.515, ('gust', 'pack'): 675.538, ('gust', 'd2h'): 675.55, ('merge', 'start'): 675.672, ('merge', 'h2d'): 675.753, ('merge', 'count'): 675.777, ('merge', 'scan'): 675.815, ('merge', 'expand'): 675.858, ('merge', 'merge'): 675.939, ('merge', 'final'): 675.983, ('merge', 'compact'): 676.01, ('merge', 'pack'): 676.028, ('merge', 'd2h'): 676.042, ('mrg2', 'start'): 676.159, ('mrg2', 'h2d'): 676.24, ('mrg2', 'count'): 676.264, ('mrg2', 'scan'): 676.303, ('mrg2', 'merge'): 676.347, ('mrg2', 'final'): 676.387, ('mrg2', 'compact'): 676.421, ('mrg2', 'pack'): 676.441, ('mrg2', 'd2h'): 676.454, ('mrg3', 'start'): 676.564, ('mrg3', 'h2d'): 676.641, ('mrg3', 'count'): 676.673, ('mrg3', 'scan'): 676.726, ('mrg3', 'merge'): 676.762, ('mrg3', 'pack'): 676.784, ('mrg3', 'd2h'): 676.796}",0.0420529395341873,0.3242880001664162
Mildly sparse,can_62,62,218,5.6711758584807495,482,482,482,482,482,0.0,,0.07099999999991269,0.17000000000007276,0.06700000000000728,0.025999999999953616,0.3079999999999927,0.535,,,,,0.472,0.405,0.357,0.315,,0.33399999999994634,0.27300000000002456,0.2279999999999518,0.18400000000008276,0.1409999999999627,"{('cu', 'start'): 703.236, ('cu', 'h2dmalloc'): 703.308, ('cu', 'h2d'): 703.325, ('cu', 'workest'): 703.396, ('cu', 'compute'): 703.566, ('cu', 'copy'): 703.633, ('cu', 'pack'): 703.659, ('cu', 'd2h'): 703.685, ('gust', 'start'): 703.781, ('gust', 'h2d'): 703.86, ('gust', 'count'): 703.883, ('gust', 'scan'): 703.928, ('gust', 'expand'): 703.952, ('gust', 'sort'): 704.003, ('gust', 'reduce'): 704.047, ('gust', 'final'): 704.11, ('gust', 'pack'): 704.133, ('gust', 'd2h'): 704.145, ('merge', 'start'): 704.259, ('merge', 'h2d'): 704.34, ('merge', 'count'): 704.367, ('merge', 'scan'): 704.409, ('merge', 'expand'): 704.438, ('merge', 'merge'): 704.476, ('merge', 'final'): 704.519, ('merge', 'compact'): 704.546, ('merge', 'pack'): 704.568, ('merge', 'd2h'): 704.579, ('mrg2', 'start'): 704.672, ('mrg2', 'h2d'): 704.747, ('mrg2', 'count'): 704.77, ('mrg2', 'scan'): 704.81, ('mrg2', 'merge'): 704.843, ('mrg2', 'final'): 704.879, ('mrg2', 'compact'): 704.908, ('mrg2', 'pack'): 704.931, ('mrg2', 'd2h'): 704.942, ('mrg3', 'start'): 705.037, ('mrg3', 'h2d'): 705.111, ('mrg3', 'count'): 705.139, ('mrg3', 'scan'): 705.195, ('mrg3', 'merge'): 705.224, ('mrg3', 'pack'): 705.252, ('mrg3', 'd2h'): 705.263}",0.0373909715563058,0.1958623991115018
Mildly sparse,can_161,161,1377,5.31229505034528,3761,3761,3761,3761,3761,0.0,,0.06700000000000728,0.16200000000003456,0.06200000000001182,0.03099999999994907,0.29100000000005366,0.544,,,,,0.571,0.504,0.399,0.36,,0.31500000000005457,0.34399999999993724,0.3020000000000209,0.19299999999998363,0.16600000000005366,"{('cu', 'start'): 668.437, ('cu', 'h2dmalloc'): 668.515, ('cu', 'h2d'): 668.534, ('cu', 'workest'): 668.601, ('cu', 'compute'): 668.763, ('cu', 'copy'): 668.825, ('cu', 'pack'): 668.849, ('cu', 'd2h'): 668.88, ('gust', 'start'): 668.986, ('gust', 'h2d'): 669.07, ('gust', 'count'): 669.096, ('gust', 'scan'): 669.138, ('gust', 'expand'): 669.167, ('gust', 'sort'): 669.284, ('gust', 'reduce'): 669.331, ('gust', 'final'): 669.39, ('gust', 'pack'): 669.414, ('gust', 'd2h'): 669.426, ('merge', 'start'): 669.564, ('merge', 'h2d'): 669.65, ('merge', 'count'): 669.675, ('merge', 'scan'): 669.714, ('merge', 'expand'): 669.761, ('merge', 'merge'): 669.854, ('merge', 'final'): 669.899, ('merge', 'compact'): 669.932, ('merge', 'pack'): 669.952, ('merge', 'd2h'): 669.966, ('mrg2', 'start'): 670.077, ('mrg2', 'h2d'): 670.154, ('mrg2', 'count'): 670.179, ('mrg2', 'scan'): 670.218, ('mrg2', 'merge'): 670.264, ('mrg2', 'final'): 670.302, ('mrg2', 'compact'): 670.327, ('mrg2', 'pack'): 670.347, ('mrg2', 'd2h'): 670.361, ('mrg3', 'start'): 670.484, ('mrg3', 'h2d'): 670.563, ('mrg3', 'count'): 670.601, ('mrg3', 'scan'): 670.657, ('mrg3', 'merge'): 670.701, ('mrg3', 'pack'): 670.729, ('mrg3', 'd2h'): 670.742}",0.0426000915467739,0.3257984007010236
Mildly sparse,bcsstk03,112,640,5.1020408163265305,1072,1072,1072,1072,1072,0.0,,0.057999999999992724,0.16300000000001091,0.057999999999992724,0.024999999999977263,0.27899999999999636,0.484,,,,,0.51,0.383,0.332,0.29,,0.2999999999999545,0.32200000000000273,0.20900000000006003,0.16499999999996362,0.12400000000002365,"{('cu', 'start'): 668.322, ('cu', 'h2dmalloc'): 668.381, ('cu', 'h2d'): 668.398, ('cu', 'workest'): 668.456, ('cu', 'compute'): 668.619, ('cu', 'copy'): 668.677, ('cu', 'pack'): 668.698, ('cu', 'd2h'): 668.723, ('gust', 'start'): 668.815, ('gust', 'h2d'): 668.893, ('gust', 'count'): 668.915, ('gust', 'scan'): 668.955, ('gust', 'expand'): 668.979, ('gust', 'sort'): 669.096, ('gust', 'reduce'): 669.138, ('gust', 'final'): 669.193, ('gust', 'pack'): 669.215, ('gust', 'd2h'): 669.225, ('merge', 'start'): 669.332, ('merge', 'h2d'): 669.409, ('merge', 'count'): 669.43, ('merge', 'scan'): 669.468, ('merge', 'expand'): 669.494, ('merge', 'merge'): 669.527, ('merge', 'final'): 669.566, ('merge', 'compact'): 669.591, ('merge', 'pack'): 669.618, ('merge', 'd2h'): 669.628, ('mrg2', 'start'): 669.722, ('mrg2', 'h2d'): 669.794, ('mrg2', 'count'): 669.815, ('mrg2', 'scan'): 669.851, ('mrg2', 'merge'): 669.882, ('mrg2', 'final'): 669.916, ('mrg2', 'compact'): 669.939, ('mrg2', 'pack'): 669.959, ('mrg2', 'd2h'): 669.969, ('mrg3', 'start'): 670.059, ('mrg3', 'h2d'): 670.131, ('mrg3', 'count'): 670.158, ('mrg3', 'scan'): 670.207, ('mrg3', 'merge'): 670.237, ('mrg3', 'pack'): 670.255, ('mrg3', 'd2h'): 670.265}",0.0386829487979412,0.1755743999499827
Mildly sparse,bcsstk06,420,7860,4.45578231292517,23660,23660,23660,23660,23660,0.0,,0.06200000000001182,0.2519999999999527,0.06600000000003092,0.1290000000000191,0.37999999999999545,0.708,,,,,0.909,0.883,0.456,0.404,,0.40399999999999636,0.6169999999999618,0.6009999999999991,0.23900000000003274,0.18999999999994088,"{('cu', 'start'): 679.994, ('cu', 'h2dmalloc'): 680.059, ('cu', 'h2d'): 680.08, ('cu', 'workest'): 680.142, ('cu', 'compute'): 680.394, ('cu', 'copy'): 680.46, ('cu', 'pack'): 680.484, ('cu', 'd2h'): 680.613, ('gust', 'start'): 680.709, ('gust', 'h2d'): 680.791, ('gust', 'count'): 680.819, ('gust', 'scan'): 680.874, ('gust', 'expand'): 680.91, ('gust', 'sort'): 681.199, ('gust', 'reduce'): 681.314, ('gust', 'final'): 681.382, ('gust', 'pack'): 681.408, ('gust', 'd2h'): 681.441, ('merge', 'start'): 681.627, ('merge', 'h2d'): 681.704, ('merge', 'count'): 681.732, ('merge', 'scan'): 681.773, ('merge', 'expand'): 681.863, ('merge', 'merge'): 682.207, ('merge', 'final'): 682.256, ('merge', 'compact'): 682.286, ('merge', 'pack'): 682.305, ('merge', 'd2h'): 682.332, ('mrg2', 'start'): 682.518, ('mrg2', 'h2d'): 682.596, ('mrg2', 'count'): 682.623, ('mrg2', 'scan'): 682.663, ('mrg2', 'merge'): 682.744, ('mrg2', 'final'): 682.784, ('mrg2', 'compact'): 682.812, ('mrg2', 'pack'): 682.835, ('mrg2', 'd2h'): 682.871, ('mrg3', 'start'): 682.985, ('mrg3', 'h2d'): 683.067, ('mrg3', 'count'): 683.118, ('mrg3', 'scan'): 683.176, ('mrg3', 'merge'): 683.234, ('mrg3', 'pack'): 683.257, ('mrg3', 'd2h'): 683.282}",0.0599350314587354,0.3350943998200818
Mildly sparse,bcsstk07,420,7860,4.45578231292517,23660,23660,23660,23660,23660,0.0,,0.05600000000004002,0.24300000000005184,0.06399999999996453,0.11399999999991905,0.3630000000000564,0.651,,,,,0.811,0.818,0.418,0.366,,0.3850000000001046,0.5399999999999636,0.5699999999999363,0.22899999999992815,0.17999999999994998,"{('cu', 'start'): 685.552, ('cu', 'h2dmalloc'): 685.611, ('cu', 'h2d'): 685.632, ('cu', 'workest'): 685.688, ('cu', 'compute'): 685.931, ('cu', 'copy'): 685.995, ('cu', 'pack'): 686.017, ('cu', 'd2h'): 686.131, ('gust', 'start'): 686.212, ('gust', 'h2d'): 686.289, ('gust', 'count'): 686.315, ('gust', 'scan'): 686.355, ('gust', 'expand'): 686.386, ('gust', 'sort'): 686.642, ('gust', 'reduce'): 686.746, ('gust', 'final'): 686.808, ('gust', 'pack'): 686.829, ('gust', 'd2h'): 686.869, ('merge', 'start'): 687.031, ('merge', 'h2d'): 687.109, ('merge', 'count'): 687.134, ('merge', 'scan'): 687.174, ('merge', 'expand'): 687.26, ('merge', 'merge'): 687.591, ('merge', 'final'): 687.634, ('merge', 'compact'): 687.659, ('merge', 'pack'): 687.679, ('merge', 'd2h'): 687.706, ('mrg2', 'start'): 687.856, ('mrg2', 'h2d'): 687.931, ('mrg2', 'count'): 687.955, ('mrg2', 'scan'): 687.999, ('mrg2', 'merge'): 688.079, ('mrg2', 'final'): 688.114, ('mrg2', 'compact'): 688.139, ('mrg2', 'pack'): 688.16, ('mrg2', 'd2h'): 688.186, ('mrg3', 'start'): 688.281, ('mrg3', 'h2d'): 688.355, ('mrg3', 'count'): 688.4, ('mrg3', 'scan'): 688.462, ('mrg3', 'merge'): 688.516, ('mrg3', 'pack'): 688.535, ('mrg3', 'd2h'): 688.562}",0.0599808990955352,0.335200000880286
Mildly sparse,can_256,256,2916,4.449462890625,18568,18568,18568,18568,18568,0.0,,0.05499999999994998,0.17600000000004457,0.05600000000004002,0.03600000000005821,0.28700000000003456,0.515,,,,,0.56,2.052,0.559,0.399,,0.30499999999995,0.34799999999995634,1.8550000000000182,0.36199999999996635,0.21699999999998454,"{('cu', 'start'): 683.632, ('cu', 'h2dmalloc'): 683.697, ('cu', 'h2d'): 683.726, ('cu', 'workest'): 683.781, ('cu', 'compute'): 683.957, ('cu', 'copy'): 684.013, ('cu', 'pack'): 684.031, ('cu', 'd2h'): 684.067, ('gust', 'start'): 684.159, ('gust', 'h2d'): 684.244, ('gust', 'count'): 684.27, ('gust', 'scan'): 684.309, ('gust', 'expand'): 684.347, ('gust', 'sort'): 684.476, ('gust', 'reduce'): 684.518, ('gust', 'final'): 684.574, ('gust', 'pack'): 684.592, ('gust', 'd2h'): 684.621, ('merge', 'start'): 684.725, ('merge', 'h2d'): 684.813, ('merge', 'count'): 684.837, ('merge', 'scan'): 684.873, ('merge', 'expand'): 684.997, ('merge', 'merge'): 686.587, ('merge', 'final'): 686.627, ('merge', 'compact'): 686.65, ('merge', 'pack'): 686.668, ('merge', 'd2h'): 686.688, ('mrg2', 'start'): 686.783, ('mrg2', 'h2d'): 686.873, ('mrg2', 'count'): 686.898, ('mrg2', 'scan'): 686.933, ('mrg2', 'merge'): 687.164, ('mrg2', 'final'): 687.196, ('mrg2', 'compact'): 687.218, ('mrg2', 'pack'): 687.235, ('mrg2', 'd2h'): 687.256, ('mrg3', 'start'): 687.348, ('mrg3', 'h2d'): 687.427, ('mrg3', 'count'): 687.495, ('mrg3', 'scan'): 687.546, ('mrg3', 'merge'): 687.626, ('mrg3', 'pack'): 687.644, ('mrg3', 'd2h'): 687.665}",0.0364130828529596,0.3161055990727618
Mildly sparse,can_268,268,3082,4.291044776119403,15590,15590,15590,15590,15590,0.0,,0.13400000000001455,0.2800000000000864,0.11899999999991451,0.07600000000002183,0.5330000000000155,0.988,,,,,1.062,1.293,0.691,0.558,,0.5769999999999982,0.6680000000000064,0.9420000000000073,0.39199999999993906,0.2659999999999627,"{('cu', 'start'): 696.899, ('cu', 'h2dmalloc'): 697.029, ('cu', 'h2d'): 697.06, ('cu', 'workest'): 697.194, ('cu', 'compute'): 697.474, ('cu', 'copy'): 697.593, ('cu', 'pack'): 697.637, ('cu', 'd2h'): 697.713, ('gust', 'start'): 697.905, ('gust', 'h2d'): 698.058, ('gust', 'count'): 698.11, ('gust', 'scan'): 698.204, ('gust', 'expand'): 698.261, ('gust', 'sort'): 698.458, ('gust', 'reduce'): 698.548, ('gust', 'final'): 698.675, ('gust', 'pack'): 698.726, ('gust', 'd2h'): 698.768, ('merge', 'start'): 698.986, ('merge', 'h2d'): 699.141, ('merge', 'count'): 699.204, ('merge', 'scan'): 699.285, ('merge', 'expand'): 699.386, ('merge', 'merge'): 699.885, ('merge', 'final'): 699.972, ('merge', 'compact'): 700.033, ('merge', 'pack'): 700.083, ('merge', 'd2h'): 700.114, ('mrg2', 'start'): 700.289, ('mrg2', 'h2d'): 700.408, ('mrg2', 'count'): 700.446, ('mrg2', 'scan'): 700.507, ('mrg2', 'merge'): 700.655, ('mrg2', 'final'): 700.714, ('mrg2', 'compact'): 700.76, ('mrg2', 'pack'): 700.8, ('mrg2', 'd2h'): 700.826, ('mrg3', 'start'): 700.997, ('mrg3', 'h2d'): 701.113, ('mrg3', 'count'): 701.175, ('mrg3', 'scan'): 701.272, ('mrg3', 'merge'): 701.343, ('mrg3', 'pack'): 701.379, ('mrg3', 'd2h'): 701.402}",0.0430559739470481,0.3377888015005737
Mildly sparse,can_187,187,1491,4.26377648774629,3719,3719,3719,3719,3719,0.0,,0.06400000000007822,0.15999999999996817,0.06899999999995998,0.02800000000002001,0.29300000000000637,0.537,,,,,0.549,0.449,0.394,0.328,,0.3170000000000073,0.3369999999999891,0.24699999999995725,0.19499999999993634,0.13200000000006185,"{('cu', 'start'): 681.153, ('cu', 'h2dmalloc'): 681.222, ('cu', 'h2d'): 681.242, ('cu', 'workest'): 681.306, ('cu', 'compute'): 681.466, ('cu', 'copy'): 681.535, ('cu', 'pack'): 681.559, ('cu', 'd2h'): 681.587, ('gust', 'start'): 681.697, ('gust', 'h2d'): 681.782, ('gust', 'count'): 681.807, ('gust', 'scan'): 681.847, ('gust', 'expand'): 681.874, ('gust', 'sort'): 681.99, ('gust', 'reduce'): 682.036, ('gust', 'final'): 682.094, ('gust', 'pack'): 682.119, ('gust', 'd2h'): 682.131, ('merge', 'start'): 682.254, ('merge', 'h2d'): 682.339, ('merge', 'count'): 682.363, ('merge', 'scan'): 682.401, ('merge', 'expand'): 682.435, ('merge', 'merge'): 682.488, ('merge', 'final'): 682.539, ('merge', 'compact'): 682.566, ('merge', 'pack'): 682.586, ('merge', 'd2h'): 682.598, ('mrg2', 'start'): 682.71, ('mrg2', 'h2d'): 682.792, ('mrg2', 'count'): 682.816, ('mrg2', 'scan'): 682.855, ('mrg2', 'merge'): 682.902, ('mrg2', 'final'): 682.942, ('mrg2', 'compact'): 682.965, ('mrg2', 'pack'): 682.987, ('mrg2', 'd2h'): 683.0, ('mrg3', 'start'): 683.111, ('mrg3', 'h2d'): 683.189, ('mrg3', 'count'): 683.219, ('mrg3', 'scan'): 683.27, ('mrg3', 'merge'): 683.302, ('mrg3', 'pack'): 683.321, ('mrg3', 'd2h'): 683.334}",0.050670001655817,0.3216447999468073
Mildly sparse,bcsstm07,420,7252,4.111111111111112,22972,22972,22972,22972,22972,0.0,,0.06299999999998818,0.26500000000010004,0.06599999999991724,0.1290000000000191,0.39400000000000546,0.72,,,,,0.893,0.855,0.43,0.369,,0.4210000000000491,0.5919999999999845,0.636000000000081,0.22699999999997544,0.16899999999998272,"{('cu', 'start'): 677.815, ('cu', 'h2dmalloc'): 677.876, ('cu', 'h2d'): 677.896, ('cu', 'workest'): 677.959, ('cu', 'compute'): 678.224, ('cu', 'copy'): 678.29, ('cu', 'pack'): 678.317, ('cu', 'd2h'): 678.446, ('gust', 'start'): 678.549, ('gust', 'h2d'): 678.634, ('gust', 'count'): 678.659, ('gust', 'scan'): 678.702, ('gust', 'expand'): 678.736, ('gust', 'sort'): 679.008, ('gust', 'reduce'): 679.123, ('gust', 'final'): 679.19, ('gust', 'pack'): 679.226, ('gust', 'd2h'): 679.259, ('merge', 'start'): 679.451, ('merge', 'h2d'): 679.535, ('merge', 'count'): 679.563, ('merge', 'scan'): 679.603, ('merge', 'expand'): 679.685, ('merge', 'merge'): 680.0, ('merge', 'final'): 680.047, ('merge', 'compact'): 680.146, ('merge', 'pack'): 680.171, ('merge', 'd2h'): 680.203, ('mrg2', 'start'): 680.312, ('mrg2', 'h2d'): 680.39, ('mrg2', 'count'): 680.415, ('mrg2', 'scan'): 680.456, ('mrg2', 'merge'): 680.534, ('mrg2', 'final'): 680.574, ('mrg2', 'compact'): 680.598, ('mrg2', 'pack'): 680.617, ('mrg2', 'd2h'): 680.642, ('mrg3', 'start'): 680.75, ('mrg3', 'h2d'): 680.826, ('mrg3', 'count'): 680.866, ('mrg3', 'scan'): 680.92, ('mrg3', 'merge'): 680.974, ('mrg3', 'pack'): 680.995, ('mrg3', 'd2h'): 681.02}",0.0596509780734777,0.3383584004361182
Mildly sparse,bcsstk27,1224,56126,3.7462888205391085,138106,138106,138106,138106,138106,0.0,,0.05899999999996908,0.4840000000000373,0.1290000000000191,0.20699999999999363,0.6720000000000255,1.148,,,,,1.792,2.37,0.992,0.799,,0.69399999999996,1.4350000000000591,2.022999999999911,0.6399999999999864,0.4479999999999791,"{('cu', 'start'): 695.174, ('cu', 'h2dmalloc'): 695.234, ('cu', 'h2d'): 695.278, ('cu', 'workest'): 695.337, ('cu', 'compute'): 695.821, ('cu', 'copy'): 695.95, ('cu', 'pack'): 695.972, ('cu', 'd2h'): 696.179, ('gust', 'start'): 696.33, ('gust', 'h2d'): 696.438, ('gust', 'count'): 696.464, ('gust', 'scan'): 696.503, ('gust', 'expand'): 696.682, ('gust', 'sort'): 697.243, ('gust', 'reduce'): 697.428, ('gust', 'final'): 697.781, ('gust', 'pack'): 697.873, ('gust', 'd2h'): 697.973, ('merge', 'start'): 698.129, ('merge', 'h2d'): 698.234, ('merge', 'count'): 698.26, ('merge', 'scan'): 698.298, ('merge', 'expand'): 698.698, ('merge', 'merge'): 699.845, ('merge', 'final'): 700.021, ('merge', 'compact'): 700.175, ('merge', 'pack'): 700.257, ('merge', 'd2h'): 700.356, ('mrg2', 'start'): 700.506, ('mrg2', 'h2d'): 700.616, ('mrg2', 'count'): 700.642, ('mrg2', 'scan'): 700.681, ('mrg2', 'merge'): 700.975, ('mrg2', 'final'): 701.022, ('mrg2', 'compact'): 701.177, ('mrg2', 'pack'): 701.256, ('mrg2', 'd2h'): 701.357, ('mrg3', 'start'): 701.507, ('mrg3', 'h2d'): 701.615, ('mrg3', 'count'): 701.742, ('mrg3', 'scan'): 701.797, ('mrg3', 'merge'): 701.984, ('mrg3', 'pack'): 702.063, ('mrg3', 'd2h'): 702.161}",0.1383968628942966,0.5372032000683248
Mildly sparse,bcsstm27,1224,56126,3.7462888205391085,138106,138106,138106,138106,138106,0.0,,0.07399999999995543,0.5220000000000482,0.13400000000001455,0.22500000000002274,0.7300000000000182,1.235,,,,,1.835,2.449,0.995,0.807,,0.7559999999999718,1.4669999999999845,2.099999999999909,0.6509999999999536,0.4639999999999418,"{('cu', 'start'): 716.405, ('cu', 'h2dmalloc'): 716.466, ('cu', 'h2d'): 716.513, ('cu', 'workest'): 716.587, ('cu', 'compute'): 717.109, ('cu', 'copy'): 717.243, ('cu', 'pack'): 717.269, ('cu', 'd2h'): 717.494, ('gust', 'start'): 717.648, ('gust', 'h2d'): 717.758, ('gust', 'count'): 717.789, ('gust', 'scan'): 717.836, ('gust', 'expand'): 718.005, ('gust', 'sort'): 718.576, ('gust', 'reduce'): 718.769, ('gust', 'final'): 719.131, ('gust', 'pack'): 719.225, ('gust', 'd2h'): 719.328, ('merge', 'start'): 719.488, ('merge', 'h2d'): 719.594, ('merge', 'count'): 719.622, ('merge', 'scan'): 719.666, ('merge', 'expand'): 720.071, ('merge', 'merge'): 721.237, ('merge', 'final'): 721.439, ('merge', 'compact'): 721.602, ('merge', 'pack'): 721.694, ('merge', 'd2h'): 721.795, ('mrg2', 'start'): 721.943, ('mrg2', 'h2d'): 722.048, ('mrg2', 'count'): 722.077, ('mrg2', 'scan'): 722.121, ('mrg2', 'merge'): 722.413, ('mrg2', 'final'): 722.459, ('mrg2', 'compact'): 722.614, ('mrg2', 'pack'): 722.699, ('mrg2', 'd2h'): 722.8, ('mrg3', 'start'): 722.945, ('mrg3', 'h2d'): 723.046, ('mrg3', 'count'): 723.173, ('mrg3', 'scan'): 723.238, ('mrg3', 'merge'): 723.426, ('mrg3', 'pack'): 723.51, ('mrg3', 'd2h'): 723.613}",0.159173971042037,0.5377216007793322
Mildly sparse,bcsstk22,138,696,3.6546943919344677,1552,1552,1552,1552,1552,0.0,,0.059000000000082764,0.15899999999999181,0.053999999999973625,0.026000000000067303,0.2720000000000482,0.493,,,,,0.502,0.427,0.352,0.304,,0.29300000000000637,0.31500000000005457,0.2319999999999709,0.17499999999995453,0.1230000000000473,"{('cu', 'start'): 670.542, ('cu', 'h2dmalloc'): 670.605, ('cu', 'h2d'): 670.631, ('cu', 'workest'): 670.69, ('cu', 'compute'): 670.849, ('cu', 'copy'): 670.903, ('cu', 'pack'): 670.924, ('cu', 'd2h'): 670.95, ('gust', 'start'): 671.043, ('gust', 'h2d'): 671.122, ('gust', 'count'): 671.146, ('gust', 'scan'): 671.186, ('gust', 'expand'): 671.209, ('gust', 'sort'): 671.32, ('gust', 'reduce'): 671.362, ('gust', 'final'): 671.417, ('gust', 'pack'): 671.437, ('gust', 'd2h'): 671.448, ('merge', 'start'): 671.553, ('merge', 'h2d'): 671.647, ('merge', 'count'): 671.683, ('merge', 'scan'): 671.721, ('merge', 'expand'): 671.755, ('merge', 'merge'): 671.796, ('merge', 'final'): 671.835, ('merge', 'compact'): 671.861, ('merge', 'pack'): 671.879, ('merge', 'd2h'): 671.89, ('mrg2', 'start'): 671.987, ('mrg2', 'h2d'): 672.066, ('mrg2', 'count'): 672.094, ('mrg2', 'scan'): 672.129, ('mrg2', 'merge'): 672.166, ('mrg2', 'final'): 672.199, ('mrg2', 'compact'): 672.223, ('mrg2', 'pack'): 672.241, ('mrg2', 'd2h'): 672.252, ('mrg3', 'start'): 672.346, ('mrg3', 'h2d'): 672.419, ('mrg3', 'count'): 672.445, ('mrg3', 'scan'): 672.494, ('mrg3', 'merge'): 672.525, ('mrg3', 'pack'): 672.542, ('mrg3', 'd2h'): 672.552}",0.0204341486096382,0.2130527993431314
Mildly sparse,bcspwr03,118,476,3.418557885665039,1270,1270,1270,1270,1270,0.0,,0.05700000000001637,0.15599999999994907,0.05600000000004002,0.024999999999977263,0.26900000000000546,0.477,,,,,0.458,0.411,0.352,0.31,,0.28899999999998727,0.25900000000001455,0.23600000000010368,0.18299999999999272,0.13800000000003365,"{('cu', 'start'): 669.978, ('cu', 'h2dmalloc'): 670.041, ('cu', 'h2d'): 670.057, ('cu', 'workest'): 670.114, ('cu', 'compute'): 670.27, ('cu', 'copy'): 670.326, ('cu', 'pack'): 670.346, ('cu', 'd2h'): 670.371, ('gust', 'start'): 670.463, ('gust', 'h2d'): 670.542, ('gust', 'count'): 670.569, ('gust', 'scan'): 670.608, ('gust', 'expand'): 670.633, ('gust', 'sort'): 670.682, ('gust', 'reduce'): 670.724, ('gust', 'final'): 670.78, ('gust', 'pack'): 670.801, ('gust', 'd2h'): 670.811, ('merge', 'start'): 670.928, ('merge', 'h2d'): 671.007, ('merge', 'count'): 671.032, ('merge', 'scan'): 671.071, ('merge', 'expand'): 671.101, ('merge', 'merge'): 671.158, ('merge', 'final'): 671.197, ('merge', 'compact'): 671.224, ('merge', 'pack'): 671.243, ('merge', 'd2h'): 671.253, ('mrg2', 'start'): 671.346, ('mrg2', 'h2d'): 671.419, ('mrg2', 'count'): 671.441, ('mrg2', 'scan'): 671.476, ('mrg2', 'merge'): 671.518, ('mrg2', 'final'): 671.553, ('mrg2', 'compact'): 671.582, ('mrg2', 'pack'): 671.602, ('mrg2', 'd2h'): 671.612, ('mrg3', 'start'): 671.704, ('mrg3', 'h2d'): 671.778, ('mrg3', 'count'): 671.806, ('mrg3', 'scan'): 671.865, ('mrg3', 'merge'): 671.897, ('mrg3', 'pack'): 671.916, ('mrg3', 'd2h'): 671.927}",0.0394429080188274,0.2088703989982605
Mildly sparse,can_229,229,1777,3.388570012013501,5017,5017,5017,5017,5017,0.0,,0.06499999999994088,0.1690000000000964,0.06399999999996453,0.03999999999996362,0.2980000000000018,0.554,,,,,0.57,0.509,0.407,0.383,,0.3210000000000264,0.3490000000000464,0.30499999999995,0.2099999999999227,0.17600000000004457,"{('cu', 'start'): 667.119, ('cu', 'h2dmalloc'): 667.184, ('cu', 'h2d'): 667.206, ('cu', 'workest'): 667.271, ('cu', 'compute'): 667.44, ('cu', 'copy'): 667.504, ('cu', 'pack'): 667.527, ('cu', 'd2h'): 667.567, ('gust', 'start'): 667.679, ('gust', 'h2d'): 667.77, ('gust', 'count'): 667.797, ('gust', 'scan'): 667.839, ('gust', 'expand'): 667.866, ('gust', 'sort'): 667.987, ('gust', 'reduce'): 668.035, ('gust', 'final'): 668.095, ('gust', 'pack'): 668.119, ('gust', 'd2h'): 668.132, ('merge', 'start'): 668.258, ('merge', 'h2d'): 668.346, ('merge', 'count'): 668.371, ('merge', 'scan'): 668.409, ('merge', 'expand'): 668.448, ('merge', 'merge'): 668.559, ('merge', 'final'): 668.603, ('merge', 'compact'): 668.633, ('merge', 'pack'): 668.651, ('merge', 'd2h'): 668.666, ('mrg2', 'start'): 668.776, ('mrg2', 'h2d'): 668.854, ('mrg2', 'count'): 668.878, ('mrg2', 'scan'): 668.916, ('mrg2', 'merge'): 668.972, ('mrg2', 'final'): 669.016, ('mrg2', 'compact'): 669.041, ('mrg2', 'pack'): 669.064, ('mrg2', 'd2h'): 669.078, ('mrg3', 'start'): 669.19, ('mrg3', 'h2d'): 669.269, ('mrg3', 'count'): 669.313, ('mrg3', 'scan'): 669.371, ('mrg3', 'merge'): 669.423, ('mrg3', 'pack'): 669.445, ('mrg3', 'd2h'): 669.459}",0.0335208605974912,0.3227551985066384
Mildly sparse,can_292,292,2540,2.9789829236254457,11670,11670,11670,11670,11670,0.0,,0.06299999999998818,0.19600000000002638,0.06100000000003547,0.03499999999996817,0.32000000000005,0.571,,,,,0.6,0.751,0.44,0.343,,0.3430000000000746,0.37000000000000455,0.5330000000000155,0.23300000000006094,0.14600000000007185,"{('cu', 'start'): 674.731, ('cu', 'h2dmalloc'): 674.797, ('cu', 'h2d'): 674.828, ('cu', 'workest'): 674.891, ('cu', 'compute'): 675.087, ('cu', 'copy'): 675.148, ('cu', 'pack'): 675.171, ('cu', 'd2h'): 675.206, ('gust', 'start'): 675.312, ('gust', 'h2d'): 675.403, ('gust', 'count'): 675.43, ('gust', 'scan'): 675.473, ('gust', 'expand'): 675.504, ('gust', 'sort'): 675.633, ('gust', 'reduce'): 675.69, ('gust', 'final'): 675.75, ('gust', 'pack'): 675.773, ('gust', 'd2h'): 675.8, ('merge', 'start'): 675.919, ('merge', 'h2d'): 676.009, ('merge', 'count'): 676.036, ('merge', 'scan'): 676.075, ('merge', 'expand'): 676.141, ('merge', 'merge'): 676.451, ('merge', 'final'): 676.494, ('merge', 'compact'): 676.523, ('merge', 'pack'): 676.542, ('merge', 'd2h'): 676.56, ('mrg2', 'start'): 676.676, ('mrg2', 'h2d'): 676.765, ('mrg2', 'count'): 676.793, ('mrg2', 'scan'): 676.833, ('mrg2', 'merge'): 676.917, ('mrg2', 'final'): 676.954, ('mrg2', 'compact'): 676.979, ('mrg2', 'pack'): 676.998, ('mrg2', 'd2h'): 677.016, ('mrg3', 'start'): 677.123, ('mrg3', 'h2d'): 677.204, ('mrg3', 'count'): 677.238, ('mrg3', 'scan'): 677.291, ('mrg3', 'merge'): 677.331, ('mrg3', 'pack'): 677.35, ('mrg3', 'd2h'): 677.368}",0.0597399193793535,0.3433152005309239
Mildly sparse,ash292,292,2208,2.589604053293301,6042,6042,6042,6042,6042,0.0,,0.06300000000010186,0.17799999999999727,0.06099999999992178,0.03300000000001546,0.3020000000000209,0.553,,,,,0.579,0.487,0.393,0.359,,0.32600000000002183,0.3509999999999991,0.2839999999999918,0.19299999999998363,0.15800000000001546,"{('cu', 'start'): 678.673, ('cu', 'h2dmalloc'): 678.738, ('cu', 'h2d'): 678.762, ('cu', 'workest'): 678.825, ('cu', 'compute'): 679.003, ('cu', 'copy'): 679.064, ('cu', 'pack'): 679.088, ('cu', 'd2h'): 679.121, ('gust', 'start'): 679.237, ('gust', 'h2d'): 679.332, ('gust', 'count'): 679.358, ('gust', 'scan'): 679.398, ('gust', 'expand'): 679.429, ('gust', 'sort'): 679.547, ('gust', 'reduce'): 679.592, ('gust', 'final'): 679.66, ('gust', 'pack'): 679.683, ('gust', 'd2h'): 679.697, ('merge', 'start'): 679.821, ('merge', 'h2d'): 679.909, ('merge', 'count'): 679.939, ('merge', 'scan'): 679.982, ('merge', 'expand'): 680.02, ('merge', 'merge'): 680.102, ('merge', 'final'): 680.145, ('merge', 'compact'): 680.17, ('merge', 'pack'): 680.193, ('merge', 'd2h'): 680.207, ('mrg2', 'start'): 680.316, ('mrg2', 'h2d'): 680.403, ('mrg2', 'count'): 680.427, ('mrg2', 'scan'): 680.467, ('mrg2', 'merge'): 680.513, ('mrg2', 'final'): 680.55, ('mrg2', 'compact'): 680.575, ('mrg2', 'pack'): 680.596, ('mrg2', 'd2h'): 680.61, ('mrg3', 'start'): 680.716, ('mrg3', 'h2d'): 680.799, ('mrg3', 'count'): 680.835, ('mrg3', 'scan'): 680.887, ('mrg3', 'merge'): 680.936, ('mrg3', 'pack'): 680.957, ('mrg3', 'd2h'): 680.971}",0.0522730406373739,0.2161120009375736
Mildly sparse,bcspwr04,274,1612,2.1471575470190207,4982,4982,4982,4982,4982,0.0,,0.056999999999902684,0.16200000000003456,0.05600000000004002,0.027000000000043656,0.27499999999997726,0.491,,,,,0.524,0.468,0.428,0.334,,0.2999999999999545,0.32799999999997453,0.28700000000003456,0.19299999999998363,0.14400000000000546,"{('cu', 'start'): 652.766, ('cu', 'h2dmalloc'): 652.829, ('cu', 'h2d'): 652.849, ('cu', 'workest'): 652.906, ('cu', 'compute'): 653.068, ('cu', 'copy'): 653.124, ('cu', 'pack'): 653.149, ('cu', 'd2h'): 653.176, ('gust', 'start'): 653.266, ('gust', 'h2d'): 653.347, ('gust', 'count'): 653.371, ('gust', 'scan'): 653.407, ('gust', 'expand'): 653.435, ('gust', 'sort'): 653.549, ('gust', 'reduce'): 653.6, ('gust', 'final'): 653.654, ('gust', 'pack'): 653.675, ('gust', 'd2h'): 653.687, ('merge', 'start'): 653.797, ('merge', 'h2d'): 653.879, ('merge', 'count'): 653.901, ('merge', 'scan'): 653.939, ('merge', 'expand'): 653.98, ('merge', 'merge'): 654.083, ('merge', 'final'): 654.122, ('merge', 'compact'): 654.149, ('merge', 'pack'): 654.166, ('merge', 'd2h'): 654.179, ('mrg2', 'start'): 654.271, ('mrg2', 'h2d'): 654.352, ('mrg2', 'count'): 654.374, ('mrg2', 'scan'): 654.41, ('mrg2', 'merge'): 654.467, ('mrg2', 'final'): 654.502, ('mrg2', 'compact'): 654.527, ('mrg2', 'pack'): 654.545, ('mrg2', 'd2h'): 654.558, ('mrg3', 'start'): 654.707, ('mrg3', 'h2d'): 654.797, ('mrg3', 'count'): 654.83, ('mrg3', 'scan'): 654.889, ('mrg3', 'merge'): 654.922, ('mrg3', 'pack'): 654.941, ('mrg3', 'd2h'): 654.954}",0.0338419340550899,0.2190656003076583
Mildly sparse,bcsstk13,2003,83883,2.0907979019987244,396773,396773,396773,396773,396773,0.0,,0.07500000000004547,0.6129999999999427,0.18400000000008276,0.5389999999999873,0.8720000000000709,1.786,,,,,2.677,6.667,1.914,1.704,,0.9700000000000273,1.967999999999961,5.989000000000033,1.2240000000000464,1.0190000000000055,"{('cu', 'start'): 724.486, ('cu', 'h2dmalloc'): 724.552, ('cu', 'h2d'): 724.617, ('cu', 'workest'): 724.692, ('cu', 'compute'): 725.305, ('cu', 'copy'): 725.489, ('cu', 'pack'): 725.587, ('cu', 'd2h'): 726.126, ('gust', 'start'): 726.284, ('gust', 'h2d'): 726.414, ('gust', 'count'): 726.449, ('gust', 'scan'): 726.494, ('gust', 'expand'): 726.731, ('gust', 'sort'): 727.523, ('gust', 'reduce'): 727.742, ('gust', 'final'): 728.283, ('gust', 'pack'): 728.382, ('gust', 'd2h'): 728.679, ('merge', 'start'): 728.966, ('merge', 'h2d'): 729.093, ('merge', 'count'): 729.123, ('merge', 'scan'): 729.166, ('merge', 'expand'): 729.985, ('merge', 'merge'): 734.472, ('merge', 'final'): 734.684, ('merge', 'compact'): 734.987, ('merge', 'pack'): 735.082, ('merge', 'd2h'): 735.369, ('mrg2', 'start'): 735.642, ('mrg2', 'h2d'): 735.766, ('mrg2', 'count'): 735.794, ('mrg2', 'scan'): 735.838, ('mrg2', 'merge'): 736.556, ('mrg2', 'final'): 736.602, ('mrg2', 'compact'): 736.89, ('mrg2', 'pack'): 736.99, ('mrg2', 'd2h'): 737.276, ('mrg3', 'start'): 737.563, ('mrg3', 'h2d'): 737.688, ('mrg3', 'count'): 737.978, ('mrg3', 'scan'): 738.041, ('mrg3', 'merge'): 738.622, ('mrg3', 'pack'): 738.707, ('mrg3', 'd2h'): 738.992}",0.5329828709363937,0.7113664017757401
Mildly sparse,bcsstm01,48,48,2.083333333333333,48,48,48,48,48,0.0,,0.06100000000003547,0.15599999999994907,0.055000000000063665,0.027000000000043656,0.2720000000000482,0.515,,,,,0.458,0.396,0.351,0.302,,0.2960000000000491,0.2599999999999909,0.18700000000001182,0.16200000000003456,0.12000000000000455,"{('cu', 'start'): 665.827, ('cu', 'h2dmalloc'): 665.904, ('cu', 'h2d'): 665.92, ('cu', 'workest'): 665.981, ('cu', 'compute'): 666.137, ('cu', 'copy'): 666.192, ('cu', 'pack'): 666.216, ('cu', 'd2h'): 666.243, ('gust', 'start'): 666.35, ('gust', 'h2d'): 666.431, ('gust', 'count'): 666.457, ('gust', 'scan'): 666.495, ('gust', 'expand'): 666.519, ('gust', 'sort'): 666.568, ('gust', 'reduce'): 666.612, ('gust', 'final'): 666.67, ('gust', 'pack'): 666.691, ('gust', 'd2h'): 666.702, ('merge', 'start'): 666.822, ('merge', 'h2d'): 666.908, ('merge', 'count'): 666.929, ('merge', 'scan'): 666.967, ('merge', 'expand'): 666.989, ('merge', 'merge'): 667.009, ('merge', 'final'): 667.051, ('merge', 'compact'): 667.075, ('merge', 'pack'): 667.095, ('merge', 'd2h'): 667.105, ('mrg2', 'start'): 667.215, ('mrg2', 'h2d'): 667.29, ('mrg2', 'count'): 667.311, ('mrg2', 'scan'): 667.348, ('mrg2', 'merge'): 667.373, ('mrg2', 'final'): 667.408, ('mrg2', 'compact'): 667.431, ('mrg2', 'pack'): 667.452, ('mrg2', 'd2h'): 667.463, ('mrg3', 'start'): 667.572, ('mrg3', 'h2d'): 667.645, ('mrg3', 'count'): 667.671, ('mrg3', 'scan'): 667.723, ('mrg3', 'merge'): 667.746, ('mrg3', 'pack'): 667.765, ('mrg3', 'd2h'): 667.777}",0.0166050158441066,0.1648928003851324
Mildly sparse,bcsstk14,1806,63454,1.945465404477998,195654,195654,195654,195654,195654,0.0,,0.06299999999998818,0.5069999999999482,0.1290000000000191,0.3180000000000973,0.6989999999999554,1.352,,,,,1.852,2.358,1.147,0.981,,0.77699999999993,1.4210000000000491,1.8740000000000236,0.6689999999999827,0.5039999999999054,"{('cu', 'start'): 708.995, ('cu', 'h2dmalloc'): 709.055, ('cu', 'h2d'): 709.119, ('cu', 'workest'): 709.182, ('cu', 'compute'): 709.689, ('cu', 'copy'): 709.818, ('cu', 'pack'): 709.896, ('cu', 'd2h'): 710.214, ('gust', 'start'): 710.352, ('gust', 'h2d'): 710.471, ('gust', 'count'): 710.499, ('gust', 'scan'): 710.539, ('gust', 'expand'): 710.709, ('gust', 'sort'): 711.267, ('gust', 'reduce'): 711.462, ('gust', 'final'): 711.864, ('gust', 'pack'): 711.892, ('gust', 'd2h'): 712.047, ('merge', 'start'): 712.212, ('merge', 'h2d'): 712.332, ('merge', 'count'): 712.359, ('merge', 'scan'): 712.397, ('merge', 'expand'): 712.731, ('merge', 'merge'): 713.747, ('merge', 'final'): 713.919, ('merge', 'compact'): 714.129, ('merge', 'pack'): 714.206, ('merge', 'd2h'): 714.361, ('mrg2', 'start'): 714.576, ('mrg2', 'h2d'): 714.696, ('mrg2', 'count'): 714.724, ('mrg2', 'scan'): 714.763, ('mrg2', 'merge'): 715.041, ('mrg2', 'final'): 715.079, ('mrg2', 'compact'): 715.288, ('mrg2', 'pack'): 715.365, ('mrg2', 'd2h'): 715.523, ('mrg3', 'start'): 715.73, ('mrg3', 'h2d'): 715.849, ('mrg3', 'count'): 715.981, ('mrg3', 'scan'): 716.037, ('mrg3', 'merge'): 716.28, ('mrg3', 'pack'): 716.353, ('mrg3', 'd2h'): 716.512}",0.3842159640043974,0.6165311988908797
Mildly sparse,can_445,445,3809,1.923494508269158,11193,11193,11193,11193,11193,0.0,,0.06199999999989814,0.18400000000008276,0.05999999999994543,0.03600000000005821,0.30599999999992633,0.553,,,,,0.572,0.506,0.413,0.381,,0.32999999999992724,0.3569999999999709,0.3039999999999736,0.21500000000003183,0.17300000000000182,"{('cu', 'start'): 684.063, ('cu', 'h2dmalloc'): 684.129, ('cu', 'h2d'): 684.147, ('cu', 'workest'): 684.209, ('cu', 'compute'): 684.393, ('cu', 'copy'): 684.453, ('cu', 'pack'): 684.477, ('cu', 'd2h'): 684.513, ('gust', 'start'): 684.622, ('gust', 'h2d'): 684.705, ('gust', 'count'): 684.731, ('gust', 'scan'): 684.771, ('gust', 'expand'): 684.8, ('gust', 'sort'): 684.931, ('gust', 'reduce'): 684.977, ('gust', 'final'): 685.038, ('gust', 'pack'): 685.062, ('gust', 'd2h'): 685.086, ('merge', 'start'): 685.202, ('merge', 'h2d'): 685.283, ('merge', 'count'): 685.308, ('merge', 'scan'): 685.346, ('merge', 'expand'): 685.386, ('merge', 'merge'): 685.487, ('merge', 'final'): 685.541, ('merge', 'compact'): 685.565, ('merge', 'pack'): 685.587, ('merge', 'd2h'): 685.606, ('mrg2', 'start'): 685.717, ('mrg2', 'h2d'): 685.794, ('mrg2', 'count'): 685.82, ('mrg2', 'scan'): 685.857, ('mrg2', 'merge'): 685.924, ('mrg2', 'final'): 685.964, ('mrg2', 'compact'): 685.988, ('mrg2', 'pack'): 686.009, ('mrg2', 'd2h'): 686.026, ('mrg3', 'start'): 686.137, ('mrg3', 'h2d'): 686.215, ('mrg3', 'count'): 686.253, ('mrg3', 'scan'): 686.308, ('mrg3', 'merge'): 686.35, ('mrg3', 'pack'): 686.388, ('mrg3', 'd2h'): 686.407}",0.0606849789619445,0.3320191998966038
Mildly sparse,bcsstm10,1086,22092,1.8731621948861958,54504,54504,54504,54504,54504,0.0,,0.056999999999902684,0.27500000000009095,0.06399999999996453,0.1370000000000573,0.39599999999995816,0.719,,,,,1.176,1.186,0.687,0.437,,0.4169999999999163,0.9009999999999536,0.91700000000003,0.41600000000005366,0.20899999999994634,"{('cu', 'start'): 658.901, ('cu', 'h2dmalloc'): 658.962, ('cu', 'h2d'): 658.993, ('cu', 'workest'): 659.05, ('cu', 'compute'): 659.325, ('cu', 'copy'): 659.389, ('cu', 'pack'): 659.41, ('cu', 'd2h'): 659.547, ('gust', 'start'): 659.629, ('gust', 'h2d'): 659.72, ('gust', 'count'): 659.742, ('gust', 'scan'): 659.781, ('gust', 'expand'): 659.922, ('gust', 'sort'): 660.197, ('gust', 'reduce'): 660.354, ('gust', 'final'): 660.589, ('gust', 'pack'): 660.621, ('gust', 'd2h'): 660.669, ('merge', 'start'): 660.81, ('merge', 'h2d'): 660.901, ('merge', 'count'): 660.926, ('merge', 'scan'): 660.963, ('merge', 'expand'): 661.163, ('merge', 'merge'): 661.549, ('merge', 'final'): 661.659, ('merge', 'compact'): 661.794, ('merge', 'pack'): 661.818, ('merge', 'd2h'): 661.865, ('mrg2', 'start'): 662.006, ('mrg2', 'h2d'): 662.093, ('mrg2', 'count'): 662.117, ('mrg2', 'scan'): 662.163, ('mrg2', 'merge'): 662.355, ('mrg2', 'final'): 662.396, ('mrg2', 'compact'): 662.486, ('mrg2', 'pack'): 662.509, ('mrg2', 'd2h'): 662.558, ('mrg3', 'start'): 662.699, ('mrg3', 'h2d'): 662.787, ('mrg3', 'count'): 662.846, ('mrg3', 'scan'): 662.899, ('mrg3', 'merge'): 662.976, ('mrg3', 'pack'): 662.996, ('mrg3', 'd2h'): 663.044}",0.1173790078610181,0.4963807987282052
Mildly sparse,bcsstk10,1086,22070,1.8712968332943305,54504,54504,54504,54504,54504,0.0,,0.06300000000010186,0.2699999999999818,0.06599999999991724,0.14999999999997726,0.3990000000000009,0.739,,,,,1.229,1.212,0.685,0.426,,0.4210000000000491,0.9410000000000309,0.9359999999999218,0.41000000000008185,0.20699999999999363,"{('cu', 'start'): 658.366, ('cu', 'h2dmalloc'): 658.427, ('cu', 'h2d'): 658.459, ('cu', 'workest'): 658.522, ('cu', 'compute'): 658.792, ('cu', 'copy'): 658.858, ('cu', 'pack'): 658.88, ('cu', 'd2h'): 659.03, ('gust', 'start'): 659.114, ('gust', 'h2d'): 659.209, ('gust', 'count'): 659.234, ('gust', 'scan'): 659.276, ('gust', 'expand'): 659.427, ('gust', 'sort'): 659.7, ('gust', 'reduce'): 659.859, ('gust', 'final'): 660.114, ('gust', 'pack'): 660.15, ('gust', 'd2h'): 660.198, ('merge', 'start'): 660.352, ('merge', 'h2d'): 660.445, ('merge', 'count'): 660.471, ('merge', 'scan'): 660.511, ('merge', 'expand'): 660.716, ('merge', 'merge'): 661.102, ('merge', 'final'): 661.218, ('merge', 'compact'): 661.358, ('merge', 'pack'): 661.381, ('merge', 'd2h'): 661.428, ('mrg2', 'start'): 661.57, ('mrg2', 'h2d'): 661.66, ('mrg2', 'count'): 661.685, ('mrg2', 'scan'): 661.722, ('mrg2', 'merge'): 661.914, ('mrg2', 'final'): 661.954, ('mrg2', 'compact'): 662.046, ('mrg2', 'pack'): 662.07, ('mrg2', 'd2h'): 662.119, ('mrg3', 'start'): 662.261, ('mrg3', 'h2d'): 662.348, ('mrg3', 'count'): 662.406, ('mrg3', 'scan'): 662.458, ('mrg3', 'merge'): 662.535, ('mrg3', 'pack'): 662.555, ('mrg3', 'd2h'): 662.603}",0.1465240493416786,0.4976607988821342
Mildly sparse,can_634,634,7228,1.7982067689000787,25446,25446,25446,25446,25446,0.0,,0.08799999999996544,0.27700000000004366,0.08899999999994179,0.13400000000001455,0.4539999999999509,0.822,,,,,1.035,0.783,0.541,0.445,,0.49099999999998545,0.7789999999999964,0.5450000000000728,0.30500000000006366,0.21199999999998909,"{('cu', 'start'): 690.426, ('cu', 'h2dmalloc'): 690.513, ('cu', 'h2d'): 690.537, ('cu', 'workest'): 690.625, ('cu', 'compute'): 690.902, ('cu', 'copy'): 690.991, ('cu', 'pack'): 691.028, ('cu', 'd2h'): 691.162, ('gust', 'start'): 691.26, ('gust', 'h2d'): 691.37, ('gust', 'count'): 691.406, ('gust', 'scan'): 691.465, ('gust', 'expand'): 691.503, ('gust', 'sort'): 691.809, ('gust', 'reduce'): 691.961, ('gust', 'final'): 692.112, ('gust', 'pack'): 692.149, ('gust', 'd2h'): 692.189, ('merge', 'start'): 692.311, ('merge', 'h2d'): 692.411, ('merge', 'count'): 692.448, ('merge', 'scan'): 692.502, ('merge', 'expand'): 692.573, ('merge', 'merge'): 692.836, ('merge', 'final'): 692.888, ('merge', 'compact'): 692.922, ('merge', 'pack'): 692.956, ('merge', 'd2h'): 692.984, ('mrg2', 'start'): 693.105, ('mrg2', 'h2d'): 693.203, ('mrg2', 'count'): 693.235, ('mrg2', 'scan'): 693.29, ('mrg2', 'merge'): 693.392, ('mrg2', 'final'): 693.442, ('mrg2', 'compact'): 693.473, ('mrg2', 'pack'): 693.508, ('mrg2', 'd2h'): 693.536, ('mrg3', 'start'): 693.653, ('mrg3', 'h2d'): 693.754, ('mrg3', 'count'): 693.804, ('mrg3', 'scan'): 693.874, ('mrg3', 'merge'): 693.933, ('mrg3', 'pack'): 693.966, ('mrg3', 'd2h'): 693.995}",0.0726208090782165,0.3598720005014911
Mildly sparse,bcsstk11,1473,34241,1.578123350888521,94187,94187,94187,94187,94187,0.0,,0.06200000000001182,0.31599999999991724,0.06200000000001182,0.17200000000002547,0.4399999999999409,0.952,,,,,1.326,1.324,0.724,0.499,,0.5489999999999782,1.0740000000000691,1.0679999999999836,0.47500000000002274,0.23299999999994725,"{('cu', 'start'): 687.186, ('cu', 'h2dmalloc'): 687.248, ('cu', 'h2d'): 687.282, ('cu', 'workest'): 687.344, ('cu', 'compute'): 687.66, ('cu', 'copy'): 687.722, ('cu', 'pack'): 687.831, ('cu', 'd2h'): 688.003, ('gust', 'start'): 688.148, ('gust', 'h2d'): 688.241, ('gust', 'count'): 688.267, ('gust', 'scan'): 688.308, ('gust', 'expand'): 688.46, ('gust', 'sort'): 688.789, ('gust', 'reduce'): 688.975, ('gust', 'final'): 689.282, ('gust', 'pack'): 689.315, ('gust', 'd2h'): 689.385, ('merge', 'start'): 689.48, ('merge', 'h2d'): 689.577, ('merge', 'count'): 689.613, ('merge', 'scan'): 689.653, ('merge', 'expand'): 689.868, ('merge', 'merge'): 690.301, ('merge', 'final'): 690.471, ('merge', 'compact'): 690.621, ('merge', 'pack'): 690.645, ('merge', 'd2h'): 690.715, ('mrg2', 'start'): 690.811, ('mrg2', 'h2d'): 690.906, ('mrg2', 'count'): 690.932, ('mrg2', 'scan'): 690.97, ('mrg2', 'merge'): 691.174, ('mrg2', 'final'): 691.212, ('mrg2', 'compact'): 691.358, ('mrg2', 'pack'): 691.381, ('mrg2', 'd2h'): 691.451, ('mrg3', 'start'): 691.541, ('mrg3', 'h2d'): 691.647, ('mrg3', 'count'): 691.717, ('mrg3', 'scan'): 691.772, ('mrg3', 'merge'): 691.86, ('mrg3', 'pack'): 691.88, ('mrg3', 'd2h'): 691.95}",0.2499658148735761,0.5407615997828543
Mildly sparse,bcsstk12,1473,34241,1.578123350888521,94187,94187,94187,94187,94187,0.0,,0.06200000000001182,0.30700000000001637,0.06200000000001182,0.17799999999999727,0.43100000000004,0.951,,,,,1.352,1.299,0.731,0.493,,0.5320000000000391,1.0710000000000264,1.0319999999999254,0.47299999999995634,0.23200000000008458,"{('cu', 'start'): 680.462, ('cu', 'h2dmalloc'): 680.525, ('cu', 'h2d'): 680.568, ('cu', 'workest'): 680.63, ('cu', 'compute'): 680.937, ('cu', 'copy'): 680.999, ('cu', 'pack'): 681.1, ('cu', 'd2h'): 681.278, ('gust', 'start'): 681.419, ('gust', 'h2d'): 681.531, ('gust', 'count'): 681.558, ('gust', 'scan'): 681.601, ('gust', 'expand'): 681.748, ('gust', 'sort'): 682.075, ('gust', 'reduce'): 682.251, ('gust', 'final'): 682.567, ('gust', 'pack'): 682.602, ('gust', 'd2h'): 682.683, ('merge', 'start'): 682.779, ('merge', 'h2d'): 682.883, ('merge', 'count'): 682.91, ('merge', 'scan'): 682.949, ('merge', 'expand'): 683.155, ('merge', 'merge'): 683.584, ('merge', 'final'): 683.752, ('merge', 'compact'): 683.891, ('merge', 'pack'): 683.915, ('merge', 'd2h'): 683.997, ('mrg2', 'start'): 684.086, ('mrg2', 'h2d'): 684.183, ('mrg2', 'count'): 684.208, ('mrg2', 'scan'): 684.248, ('mrg2', 'merge'): 684.449, ('mrg2', 'final'): 684.489, ('mrg2', 'compact'): 684.633, ('mrg2', 'pack'): 684.656, ('mrg2', 'd2h'): 684.736, ('mrg3', 'start'): 684.824, ('mrg3', 'h2d'): 684.92, ('mrg3', 'count'): 684.99, ('mrg3', 'scan'): 685.044, ('mrg3', 'merge'): 685.131, ('mrg3', 'pack'): 685.152, ('mrg3', 'd2h'): 685.231}",0.2321570646017789,0.5499648011289536
Mildly sparse,bcsstk09,1083,18437,1.5719305066378828,71289,71289,71289,71289,71289,0.0,,0.05899999999996908,0.25900000000001455,0.06399999999996453,0.1449999999999818,0.38199999999994816,0.714,,,,,1.106,1.054,0.584,0.442,,0.40999999999996817,0.8239999999999554,0.8059999999999263,0.36400000000003274,0.20400000000006457,"{('cu', 'start'): 688.893, ('cu', 'h2dmalloc'): 688.956, ('cu', 'h2d'): 688.979, ('cu', 'workest'): 689.038, ('cu', 'compute'): 689.297, ('cu', 'copy'): 689.361, ('cu', 'pack'): 689.389, ('cu', 'd2h'): 689.534, ('gust', 'start'): 689.618, ('gust', 'h2d'): 689.702, ('gust', 'count'): 689.727, ('gust', 'scan'): 689.774, ('gust', 'expand'): 689.874, ('gust', 'sort'): 690.142, ('gust', 'reduce'): 690.306, ('gust', 'final'): 690.493, ('gust', 'pack'): 690.526, ('gust', 'd2h'): 690.581, ('merge', 'start'): 690.732, ('merge', 'h2d'): 690.83, ('merge', 'count'): 690.855, ('merge', 'scan'): 690.893, ('merge', 'expand'): 691.023, ('merge', 'merge'): 691.361, ('merge', 'final'): 691.47, ('merge', 'compact'): 691.612, ('merge', 'pack'): 691.636, ('merge', 'd2h'): 691.692, ('mrg2', 'start'): 691.792, ('mrg2', 'h2d'): 691.879, ('mrg2', 'count'): 691.902, ('mrg2', 'scan'): 691.942, ('mrg2', 'merge'): 692.089, ('mrg2', 'final'): 692.131, ('mrg2', 'compact'): 692.22, ('mrg2', 'pack'): 692.243, ('mrg2', 'd2h'): 692.298, ('mrg3', 'start'): 692.385, ('mrg3', 'h2d'): 692.468, ('mrg3', 'count'): 692.521, ('mrg3', 'scan'): 692.585, ('mrg3', 'merge'): 692.653, ('mrg3', 'pack'): 692.672, ('mrg3', 'd2h'): 692.727}",0.1308119390159845,0.3421024003298953
Mildly sparse,bcsstm02,66,66,1.5151515151515151,66,66,66,66,66,0.0,,0.06600000000003092,0.16499999999996362,0.06000000000005912,0.030000000000086402,0.29100000000005366,0.527,,,,,0.481,0.407,0.36,0.32,,0.31399999999996453,0.27300000000002456,0.20100000000002183,0.16800000000000637,0.13400000000001455,"{('cu', 'start'): 668.391, ('cu', 'h2dmalloc'): 668.46, ('cu', 'h2d'): 668.476, ('cu', 'workest'): 668.542, ('cu', 'compute'): 668.707, ('cu', 'copy'): 668.767, ('cu', 'pack'): 668.79, ('cu', 'd2h'): 668.82, ('gust', 'start'): 668.927, ('gust', 'h2d'): 669.01, ('gust', 'count'): 669.039, ('gust', 'scan'): 669.082, ('gust', 'expand'): 669.105, ('gust', 'sort'): 669.154, ('gust', 'reduce'): 669.201, ('gust', 'final'): 669.26, ('gust', 'pack'): 669.283, ('gust', 'd2h'): 669.303, ('merge', 'start'): 669.426, ('merge', 'h2d'): 669.506, ('merge', 'count'): 669.531, ('merge', 'scan'): 669.572, ('merge', 'expand'): 669.597, ('merge', 'merge'): 669.618, ('merge', 'final'): 669.66, ('merge', 'compact'): 669.688, ('merge', 'pack'): 669.707, ('merge', 'd2h'): 669.719, ('mrg2', 'start'): 669.83, ('mrg2', 'h2d'): 669.906, ('mrg2', 'count'): 669.929, ('mrg2', 'scan'): 669.967, ('mrg2', 'merge'): 669.991, ('mrg2', 'final'): 670.027, ('mrg2', 'compact'): 670.054, ('mrg2', 'pack'): 670.074, ('mrg2', 'd2h'): 670.085, ('mrg3', 'start'): 670.197, ('mrg3', 'h2d'): 670.269, ('mrg3', 'count'): 670.301, ('mrg3', 'scan'): 670.356, ('mrg3', 'merge'): 670.384, ('mrg3', 'pack'): 670.403, ('mrg3', 'd2h'): 670.414}",0.0471249222755432,0.1673599997535347
Mildly sparse,can_838,838,10010,1.4254304771560882,51156,51156,51156,51156,51156,0.0,,0.057999999999992724,0.24900000000002365,0.06099999999992178,0.1369999999999436,0.36799999999993815,0.683,,,,,0.832,1.06,0.473,0.366,,0.38900000000001,0.5519999999999072,0.7740000000000009,0.2620000000000573,0.16200000000003456,"{('cu', 'start'): 685.149, ('cu', 'h2dmalloc'): 685.211, ('cu', 'h2d'): 685.23, ('cu', 'workest'): 685.288, ('cu', 'compute'): 685.537, ('cu', 'copy'): 685.598, ('cu', 'pack'): 685.619, ('cu', 'd2h'): 685.756, ('gust', 'start'): 685.843, ('gust', 'h2d'): 685.926, ('gust', 'count'): 685.95, ('gust', 'scan'): 685.989, ('gust', 'expand'): 686.021, ('gust', 'sort'): 686.285, ('gust', 'reduce'): 686.394, ('gust', 'final'): 686.457, ('gust', 'pack'): 686.478, ('gust', 'd2h'): 686.527, ('merge', 'start'): 686.681, ('merge', 'h2d'): 686.77, ('merge', 'count'): 686.796, ('merge', 'scan'): 686.833, ('merge', 'expand'): 686.911, ('merge', 'merge'): 687.457, ('merge', 'final'): 687.499, ('merge', 'compact'): 687.526, ('merge', 'pack'): 687.544, ('merge', 'd2h'): 687.586, ('mrg2', 'start'): 687.752, ('mrg2', 'h2d'): 687.833, ('mrg2', 'count'): 687.858, ('mrg2', 'scan'): 687.894, ('mrg2', 'merge'): 688.011, ('mrg2', 'final'): 688.045, ('mrg2', 'compact'): 688.071, ('mrg2', 'pack'): 688.095, ('mrg2', 'd2h'): 688.137, ('mrg3', 'start'): 688.229, ('mrg3', 'h2d'): 688.305, ('mrg3', 'count'): 688.346, ('mrg3', 'scan'): 688.396, ('mrg3', 'merge'): 688.448, ('mrg3', 'pack'): 688.467, ('mrg3', 'd2h'): 688.509}",0.0951960682868957,0.3562015993753448
Mildly sparse,bcsstk20,485,3135,1.3327665001594218,5545,5545,5545,5545,5545,0.0,,0.055000000000063665,0.16399999999998727,0.05700000000001637,0.03200000000003911,0.2760000000000673,0.488,,,,,0.526,0.403,0.356,0.307,,0.29700000000002547,0.33600000000001273,0.2300000000000182,0.18399999999996908,0.13599999999996726,"{('cu', 'start'): 671.766, ('cu', 'h2dmalloc'): 671.826, ('cu', 'h2d'): 671.843, ('cu', 'workest'): 671.898, ('cu', 'compute'): 672.062, ('cu', 'copy'): 672.119, ('cu', 'pack'): 672.14, ('cu', 'd2h'): 672.172, ('gust', 'start'): 672.259, ('gust', 'h2d'): 672.336, ('gust', 'count'): 672.358, ('gust', 'scan'): 672.398, ('gust', 'expand'): 672.423, ('gust', 'sort'): 672.554, ('gust', 'reduce'): 672.596, ('gust', 'final'): 672.651, ('gust', 'pack'): 672.672, ('gust', 'd2h'): 672.686, ('merge', 'start'): 672.793, ('merge', 'h2d'): 672.87, ('merge', 'count'): 672.894, ('merge', 'scan'): 672.931, ('merge', 'expand'): 672.964, ('merge', 'merge'): 673.018, ('merge', 'final'): 673.056, ('merge', 'compact'): 673.081, ('merge', 'pack'): 673.1, ('merge', 'd2h'): 673.115, ('mrg2', 'start'): 673.204, ('mrg2', 'h2d'): 673.277, ('mrg2', 'count'): 673.299, ('mrg2', 'scan'): 673.337, ('mrg2', 'merge'): 673.373, ('mrg2', 'final'): 673.41, ('mrg2', 'compact'): 673.433, ('mrg2', 'pack'): 673.461, ('mrg2', 'd2h'): 673.475, ('mrg3', 'start'): 673.567, ('mrg3', 'h2d'): 673.64, ('mrg3', 'count'): 673.672, ('mrg3', 'scan'): 673.723, ('mrg3', 'merge'): 673.757, ('mrg3', 'pack'): 673.776, ('mrg3', 'd2h'): 673.79}",0.0639951322227716,0.2203615998849272
Mildly sparse,can_715,715,6665,1.3037312338011637,39785,39785,39785,39785,39785,0.0,,0.06299999999998818,0.2800000000000864,0.06599999999991724,0.1370000000000573,0.4089999999999918,0.739,,,,,0.893,2.003,0.647,0.602,,0.42799999999999727,0.6710000000000491,1.788000000000011,0.4289999999999736,0.3929999999999154,"{('cu', 'start'): 683.232, ('cu', 'h2dmalloc'): 683.295, ('cu', 'h2d'): 683.314, ('cu', 'workest'): 683.377, ('cu', 'compute'): 683.657, ('cu', 'copy'): 683.723, ('cu', 'pack'): 683.742, ('cu', 'd2h'): 683.879, ('gust', 'start'): 683.979, ('gust', 'h2d'): 684.059, ('gust', 'count'): 684.088, ('gust', 'scan'): 684.13, ('gust', 'expand'): 684.169, ('gust', 'sort'): 684.444, ('gust', 'reduce'): 684.566, ('gust', 'final'): 684.704, ('gust', 'pack'): 684.73, ('gust', 'd2h'): 684.772, ('merge', 'start'): 684.881, ('merge', 'h2d'): 684.959, ('merge', 'count'): 684.989, ('merge', 'scan'): 685.03, ('merge', 'expand'): 685.161, ('merge', 'merge'): 686.662, ('merge', 'final'): 686.704, ('merge', 'compact'): 686.728, ('merge', 'pack'): 686.747, ('merge', 'd2h'): 686.782, ('mrg2', 'start'): 686.891, ('mrg2', 'h2d'): 686.97, ('mrg2', 'count'): 687.0, ('mrg2', 'scan'): 687.038, ('mrg2', 'merge'): 687.319, ('mrg2', 'final'): 687.358, ('mrg2', 'compact'): 687.38, ('mrg2', 'pack'): 687.399, ('mrg2', 'd2h'): 687.433, ('mrg3', 'start'): 687.545, ('mrg3', 'h2d'): 687.623, ('mrg3', 'count'): 687.767, ('mrg3', 'scan'): 687.823, ('mrg3', 'merge'): 687.994, ('mrg3', 'pack'): 688.016, ('mrg3', 'd2h'): 688.051}",0.0805750023573637,0.5077920000534504
Mildly sparse,bcsstk24,3562,159910,1.2603402122535554,446474,446474,446474,446474,446474,0.0,,0.1430000000000291,0.8589999999999236,0.19600000000002638,0.6730000000000018,1.197999999999979,2.283,,,,,3.285,4.092,1.706,1.555,,1.2899999999999636,2.4680000000000746,3.322999999999979,0.9289999999999736,0.7889999999999873,"{('cu', 'start'): 741.81, ('cu', 'h2dmalloc'): 741.873, ('cu', 'h2d'): 741.975, ('cu', 'workest'): 742.118, ('cu', 'compute'): 742.977, ('cu', 'copy'): 743.173, ('cu', 'pack'): 743.265, ('cu', 'd2h'): 743.938, ('gust', 'start'): 744.103, ('gust', 'h2d'): 744.281, ('gust', 'count'): 744.314, ('gust', 'scan'): 744.36, ('gust', 'expand'): 744.612, ('gust', 'sort'): 745.813, ('gust', 'reduce'): 746.088, ('gust', 'final'): 746.654, ('gust', 'pack'): 746.749, ('gust', 'd2h'): 747.072, ('merge', 'start'): 747.397, ('merge', 'h2d'): 747.568, ('merge', 'count'): 747.604, ('merge', 'scan'): 747.651, ('merge', 'expand'): 748.254, ('merge', 'merge'): 750.256, ('merge', 'final'): 750.474, ('merge', 'compact'): 750.795, ('merge', 'pack'): 750.891, ('merge', 'd2h'): 751.214, ('mrg2', 'start'): 751.497, ('mrg2', 'h2d'): 751.666, ('mrg2', 'count'): 751.697, ('mrg2', 'scan'): 751.743, ('mrg2', 'merge'): 752.157, ('mrg2', 'final'): 752.204, ('mrg2', 'compact'): 752.5, ('mrg2', 'pack'): 752.595, ('mrg2', 'd2h'): 752.919, ('mrg3', 'start'): 753.212, ('mrg3', 'h2d'): 753.38, ('mrg3', 'count'): 753.589, ('mrg3', 'scan'): 753.65, ('mrg3', 'merge'): 754.072, ('mrg3', 'pack'): 754.169, ('mrg3', 'd2h'): 754.494}",2.6039909571409225,0.6360191995743663
Mildly sparse,bcsstk16,4884,290378,1.2173414200441228,1038782,1038782,1038782,1038782,1038782,0.0,,0.21299999999996544,1.2799999999999727,0.23599999999999,1.27800000000002,1.7289999999999281,3.523,,,,,6.383,10.545,3.261,3.382,,1.8439999999999372,4.747999999999934,9.067000000000007,1.7899999999999636,1.9349999999999454,"{('cu', 'start'): 797.334, ('cu', 'h2dmalloc'): 797.409, ('cu', 'h2d'): 797.585, ('cu', 'workest'): 797.798, ('cu', 'compute'): 799.078, ('cu', 'copy'): 799.314, ('cu', 'pack'): 799.429, ('cu', 'd2h'): 800.707, ('gust', 'start'): 800.869, ('gust', 'h2d'): 801.239, ('gust', 'count'): 801.425, ('gust', 'scan'): 801.482, ('gust', 'expand'): 801.823, ('gust', 'sort'): 804.464, ('gust', 'reduce'): 804.925, ('gust', 'final'): 805.855, ('gust', 'pack'): 805.987, ('gust', 'd2h'): 806.729, ('merge', 'start'): 807.264, ('merge', 'h2d'): 807.538, ('merge', 'count'): 807.664, ('merge', 'scan'): 807.725, ('merge', 'expand'): 808.994, ('merge', 'merge'): 815.618, ('merge', 'final'): 815.969, ('merge', 'compact'): 816.459, ('merge', 'pack'): 816.605, ('merge', 'd2h'): 817.347, ('mrg2', 'start'): 817.821, ('mrg2', 'h2d'): 818.085, ('mrg2', 'count'): 818.213, ('mrg2', 'scan'): 818.273, ('mrg2', 'merge'): 819.263, ('mrg2', 'final'): 819.319, ('mrg2', 'compact'): 819.753, ('mrg2', 'pack'): 819.875, ('mrg2', 'd2h'): 820.62, ('mrg3', 'start'): 821.093, ('mrg3', 'h2d'): 821.36, ('mrg3', 'count'): 822.043, ('mrg3', 'scan'): 822.122, ('mrg3', 'merge'): 823.178, ('mrg3', 'pack'): 823.295, ('mrg3', 'd2h'): 824.039}",6.905617192387581,0.8240256001241505
Mildly sparse,bcsstk28,4410,219024,1.1261974177426073,596072,596072,596072,596072,596072,0.0,,0.1269999999999527,1.0249999999999773,0.18000000000006366,0.8369999999999891,1.3319999999999936,2.62,,,,,4.02,6.074,2.129,2.007,,1.41599999999994,2.961999999999989,5.0779999999999745,1.13900000000001,1.0289999999999964,"{('cu', 'start'): 760.725, ('cu', 'h2dmalloc'): 760.784, ('cu', 'h2d'): 760.964, ('cu', 'workest'): 761.091, ('cu', 'compute'): 762.116, ('cu', 'copy'): 762.296, ('cu', 'pack'): 762.38, ('cu', 'd2h'): 763.217, ('gust', 'start'): 763.352, ('gust', 'h2d'): 763.628, ('gust', 'count'): 763.66, ('gust', 'scan'): 763.703, ('gust', 'expand'): 763.988, ('gust', 'sort'): 765.622, ('gust', 'reduce'): 765.928, ('gust', 'final'): 766.498, ('gust', 'pack'): 766.59, ('gust', 'd2h'): 767.077, ('merge', 'start'): 767.38, ('merge', 'h2d'): 767.625, ('merge', 'count'): 767.66, ('merge', 'scan'): 767.705, ('merge', 'expand'): 768.612, ('merge', 'merge'): 772.088, ('merge', 'final'): 772.304, ('merge', 'compact'): 772.618, ('merge', 'pack'): 772.703, ('merge', 'd2h'): 773.189, ('mrg2', 'start'): 773.462, ('mrg2', 'h2d'): 773.701, ('mrg2', 'count'): 773.732, ('mrg2', 'scan'): 773.774, ('mrg2', 'merge'): 774.42, ('mrg2', 'final'): 774.461, ('mrg2', 'compact'): 774.748, ('mrg2', 'pack'): 774.84, ('mrg2', 'd2h'): 775.329, ('mrg3', 'start'): 775.598, ('mrg3', 'h2d'): 775.835, ('mrg3', 'count'): 776.156, ('mrg3', 'scan'): 776.212, ('mrg3', 'merge'): 776.779, ('mrg3', 'pack'): 776.864, ('mrg3', 'd2h'): 777.35}",5.049543222412467,0.731516802427359
Mildly sparse,bcsstk08,1074,12960,1.1235604381885709,305612,305612,305612,305612,305612,0.0,,0.06799999999998363,0.34699999999998,0.125,0.3730000000000473,0.5399999999999636,1.247,,,,,1.826,21.506,2.521,1.577,,0.6459999999999582,1.2939999999999827,20.985000000000014,2.0090000000000146,1.0710000000000264,"{('cu', 'start'): 752.43, ('cu', 'h2dmalloc'): 752.495, ('cu', 'h2d'): 752.519, ('cu', 'workest'): 752.587, ('cu', 'compute'): 752.934, ('cu', 'copy'): 753.059, ('cu', 'pack'): 753.165, ('cu', 'd2h'): 753.538, ('gust', 'start'): 753.687, ('gust', 'h2d'): 753.773, ('gust', 'count'): 753.813, ('gust', 'scan'): 753.859, ('gust', 'expand'): 754.049, ('gust', 'sort'): 754.368, ('gust', 'reduce'): 754.566, ('gust', 'final'): 754.965, ('gust', 'pack'): 755.067, ('gust', 'd2h'): 755.288, ('merge', 'start'): 755.52, ('merge', 'h2d'): 755.606, ('merge', 'count'): 755.645, ('merge', 'scan'): 755.687, ('merge', 'expand'): 756.284, ('merge', 'merge'): 776.067, ('merge', 'final'): 776.26, ('merge', 'compact'): 776.494, ('merge', 'pack'): 776.591, ('merge', 'd2h'): 776.822, ('mrg2', 'start'): 777.036, ('mrg2', 'h2d'): 777.12, ('mrg2', 'count'): 777.16, ('mrg2', 'scan'): 777.202, ('mrg2', 'merge'): 778.785, ('mrg2', 'final'): 778.83, ('mrg2', 'compact'): 779.041, ('mrg2', 'pack'): 779.129, ('mrg2', 'd2h'): 779.35, ('mrg3', 'start'): 779.563, ('mrg3', 'h2d'): 779.645, ('mrg3', 'count'): 780.019, ('mrg3', 'scan'): 780.076, ('mrg3', 'merge'): 780.626, ('mrg3', 'pack'): 780.716, ('mrg3', 'd2h'): 780.936}",0.137491850182414,0.4236704006558284
Mildly sparse,can_1054,1054,12196,1.097832779436069,60248,60248,60248,60248,60248,0.0,,0.06399999999996453,0.25900000000001455,0.06500000000005457,0.14799999999991087,0.38800000000003365,0.739,,,,,1.083,1.176,0.543,0.443,,0.41200000000003456,0.7479999999999336,0.8559999999999945,0.3100000000000591,0.20900000000006003,"{('cu', 'start'): 695.179, ('cu', 'h2dmalloc'): 695.246, ('cu', 'h2d'): 695.269, ('cu', 'workest'): 695.333, ('cu', 'compute'): 695.592, ('cu', 'copy'): 695.657, ('cu', 'pack'): 695.681, ('cu', 'd2h'): 695.829, ('gust', 'start'): 695.931, ('gust', 'h2d'): 696.028, ('gust', 'count'): 696.055, ('gust', 'scan'): 696.098, ('gust', 'expand'): 696.201, ('gust', 'sort'): 696.474, ('gust', 'reduce'): 696.592, ('gust', 'final'): 696.74, ('gust', 'pack'): 696.776, ('gust', 'd2h'): 696.828, ('merge', 'start'): 697.022, ('merge', 'h2d'): 697.112, ('merge', 'count'): 697.14, ('merge', 'scan'): 697.181, ('merge', 'expand'): 697.327, ('merge', 'merge'): 697.871, ('merge', 'final'): 697.917, ('merge', 'compact'): 697.949, ('merge', 'pack'): 697.968, ('merge', 'd2h'): 698.018, ('mrg2', 'start'): 698.205, ('mrg2', 'h2d'): 698.285, ('mrg2', 'count'): 698.312, ('mrg2', 'scan'): 698.351, ('mrg2', 'merge'): 698.501, ('mrg2', 'final'): 698.541, ('mrg2', 'compact'): 698.569, ('mrg2', 'pack'): 698.595, ('mrg2', 'd2h'): 698.644, ('mrg3', 'start'): 698.755, ('mrg3', 'h2d'): 698.834, ('mrg3', 'count'): 698.892, ('mrg3', 'scan'): 698.949, ('mrg3', 'merge'): 699.02, ('mrg3', 'pack'): 699.043, ('mrg3', 'd2h'): 699.091}",0.1100669614970684,0.3663839994231239
Mildly sparse,can_1072,1072,12444,1.0828553129873024,62316,62316,62316,62316,62316,0.0,,0.06399999999996453,0.27499999999997726,0.07300000000009277,0.15899999999999181,0.41200000000003456,0.77,,,,,1.077,1.304,0.542,0.448,,0.4379999999999882,0.7580000000000382,1.066000000000031,0.3109999999999218,0.21199999999998909,"{('cu', 'start'): 677.98, ('cu', 'h2dmalloc'): 678.042, ('cu', 'h2d'): 678.062, ('cu', 'workest'): 678.126, ('cu', 'compute'): 678.401, ('cu', 'copy'): 678.474, ('cu', 'pack'): 678.5, ('cu', 'd2h'): 678.659, ('gust', 'start'): 678.763, ('gust', 'h2d'): 678.851, ('gust', 'count'): 678.877, ('gust', 'scan'): 678.92, ('gust', 'expand'): 679.022, ('gust', 'sort'): 679.291, ('gust', 'reduce'): 679.422, ('gust', 'final'): 679.571, ('gust', 'pack'): 679.609, ('gust', 'd2h'): 679.662, ('merge', 'start'): 679.846, ('merge', 'h2d'): 679.933, ('merge', 'count'): 679.961, ('merge', 'scan'): 680.0, ('merge', 'expand'): 680.142, ('merge', 'merge'): 680.746, ('merge', 'final'): 680.796, ('merge', 'compact'): 680.971, ('merge', 'pack'): 680.999, ('merge', 'd2h'): 681.049, ('mrg2', 'start'): 681.158, ('mrg2', 'h2d'): 681.239, ('mrg2', 'count'): 681.266, ('mrg2', 'scan'): 681.306, ('mrg2', 'merge'): 681.464, ('mrg2', 'final'): 681.505, ('mrg2', 'compact'): 681.53, ('mrg2', 'pack'): 681.55, ('mrg2', 'd2h'): 681.599, ('mrg3', 'start'): 681.707, ('mrg3', 'h2d'): 681.788, ('mrg3', 'count'): 681.847, ('mrg3', 'scan'): 681.904, ('mrg3', 'merge'): 681.981, ('mrg3', 'pack'): 682.0, ('mrg3', 'd2h'): 682.051}",0.1363488845527172,0.3686656008707359
Mildly sparse,bcsstk19,817,6853,1.0266835857969194,18305,18305,18305,18305,18305,0.0,,0.05700000000001637,0.17799999999999727,0.05700000000001637,0.038000000000010914,0.29200000000003,0.514,,,,,0.552,0.437,0.377,0.329,,0.3129999999999882,0.34699999999998,0.2480000000000473,0.18399999999996908,0.14600000000007185,"{('cu', 'start'): 647.409, ('cu', 'h2dmalloc'): 647.469, ('cu', 'h2d'): 647.49, ('cu', 'workest'): 647.547, ('cu', 'compute'): 647.725, ('cu', 'copy'): 647.782, ('cu', 'pack'): 647.803, ('cu', 'd2h'): 647.841, ('gust', 'start'): 647.931, ('gust', 'h2d'): 648.01, ('gust', 'count'): 648.032, ('gust', 'scan'): 648.072, ('gust', 'expand'): 648.097, ('gust', 'sort'): 648.231, ('gust', 'reduce'): 648.278, ('gust', 'final'): 648.338, ('gust', 'pack'): 648.357, ('gust', 'd2h'): 648.39, ('merge', 'start'): 648.491, ('merge', 'h2d'): 648.572, ('merge', 'count'): 648.596, ('merge', 'scan'): 648.633, ('merge', 'expand'): 648.667, ('merge', 'merge'): 648.736, ('merge', 'final'): 648.776, ('merge', 'compact'): 648.801, ('merge', 'pack'): 648.82, ('merge', 'd2h'): 648.844, ('mrg2', 'start'): 648.935, ('mrg2', 'h2d'): 649.01, ('mrg2', 'count'): 649.032, ('mrg2', 'scan'): 649.069, ('mrg2', 'merge'): 649.113, ('mrg2', 'final'): 649.148, ('mrg2', 'compact'): 649.173, ('mrg2', 'pack'): 649.194, ('mrg2', 'd2h'): 649.218, ('mrg3', 'start'): 649.32, ('mrg3', 'h2d'): 649.395, ('mrg3', 'count'): 649.43, ('mrg3', 'scan'): 649.484, ('mrg3', 'merge'): 649.521, ('mrg3', 'pack'): 649.541, ('mrg3', 'd2h'): 649.564}",0.0575080048292875,0.3480384003138169
Highly sparse,bcsstm12,1473,19659,0.9060578533079476,53615,53615,53615,53615,53615,0.0,,0.06600000000003092,0.2619999999999436,0.06299999999998818,0.1370000000000573,0.3909999999999627,0.727,,,,,1.128,0.981,0.564,0.397,,0.40999999999996817,0.8529999999999518,0.7529999999999291,0.3550000000000182,0.18499999999994543,"{('cu', 'start'): 689.578, ('cu', 'h2dmalloc'): 689.659, ('cu', 'h2d'): 689.683, ('cu', 'workest'): 689.749, ('cu', 'compute'): 690.011, ('cu', 'copy'): 690.074, ('cu', 'pack'): 690.093, ('cu', 'd2h'): 690.23, ('gust', 'start'): 690.312, ('gust', 'h2d'): 690.402, ('gust', 'count'): 690.426, ('gust', 'scan'): 690.465, ('gust', 'expand'): 690.563, ('gust', 'sort'): 690.851, ('gust', 'reduce'): 691.032, ('gust', 'final'): 691.22, ('gust', 'pack'): 691.255, ('gust', 'd2h'): 691.298, ('merge', 'start'): 691.447, ('merge', 'h2d'): 691.537, ('merge', 'count'): 691.562, ('merge', 'scan'): 691.599, ('merge', 'expand'): 691.736, ('merge', 'merge'): 692.011, ('merge', 'final'): 692.125, ('merge', 'compact'): 692.268, ('merge', 'pack'): 692.29, ('merge', 'd2h'): 692.334, ('mrg2', 'start'): 692.435, ('mrg2', 'h2d'): 692.518, ('mrg2', 'count'): 692.539, ('mrg2', 'scan'): 692.576, ('mrg2', 'merge'): 692.714, ('mrg2', 'final'): 692.755, ('mrg2', 'compact'): 692.849, ('mrg2', 'pack'): 692.873, ('mrg2', 'd2h'): 692.917, ('mrg3', 'start'): 693.005, ('mrg3', 'h2d'): 693.089, ('mrg3', 'count'): 693.14, ('mrg3', 'scan'): 693.19, ('mrg3', 'merge'): 693.254, ('mrg3', 'pack'): 693.274, ('mrg3', 'd2h'): 693.317}",0.2329139970242977,0.3596864013466984
Highly sparse,bcsstm03,112,112,0.8928571428571428,112,112,112,112,112,0.0,,0.05899999999996908,0.1590000000001055,0.05899999999996908,0.028999999999996362,0.27700000000004366,0.504,,,,,0.47,0.383,0.364,0.313,,0.3000000000000682,0.26900000000000546,0.19499999999993634,0.16999999999995907,0.1230000000000473,"{('cu', 'start'): 667.122, ('cu', 'h2dmalloc'): 667.186, ('cu', 'h2d'): 667.203, ('cu', 'workest'): 667.262, ('cu', 'compute'): 667.421, ('cu', 'copy'): 667.48, ('cu', 'pack'): 667.503, ('cu', 'd2h'): 667.532, ('gust', 'start'): 667.635, ('gust', 'h2d'): 667.713, ('gust', 'count'): 667.737, ('gust', 'scan'): 667.777, ('gust', 'expand'): 667.806, ('gust', 'sort'): 667.863, ('gust', 'reduce'): 667.907, ('gust', 'final'): 667.961, ('gust', 'pack'): 667.982, ('gust', 'd2h'): 667.993, ('merge', 'start'): 668.116, ('merge', 'h2d'): 668.195, ('merge', 'count'): 668.219, ('merge', 'scan'): 668.257, ('merge', 'expand'): 668.28, ('merge', 'merge'): 668.302, ('merge', 'final'): 668.343, ('merge', 'compact'): 668.368, ('merge', 'pack'): 668.39, ('merge', 'd2h'): 668.402, ('mrg2', 'start'): 668.508, ('mrg2', 'h2d'): 668.581, ('mrg2', 'count'): 668.604, ('mrg2', 'scan'): 668.641, ('mrg2', 'merge'): 668.673, ('mrg2', 'final'): 668.706, ('mrg2', 'compact'): 668.73, ('mrg2', 'pack'): 668.751, ('mrg2', 'd2h'): 668.762, ('mrg3', 'start'): 668.88, ('mrg3', 'h2d'): 668.958, ('mrg3', 'count'): 668.984, ('mrg3', 'scan'): 669.037, ('mrg3', 'merge'): 669.063, ('mrg3', 'pack'): 669.081, ('mrg3', 'd2h'): 669.092}",0.0374051742255687,0.1707775997696444
Highly sparse,bcspwr05,443,1623,0.8270105834934192,4249,4249,4249,4249,4249,0.0,,0.05899999999996908,0.16899999999998272,0.05600000000004002,0.02800000000002001,0.2839999999999918,0.495,,,,,0.528,0.409,0.352,0.303,,0.3039999999999736,0.31500000000005457,0.22500000000002274,0.17300000000000182,0.13199999999994816,"{('cu', 'start'): 666.421, ('cu', 'h2dmalloc'): 666.486, ('cu', 'h2d'): 666.503, ('cu', 'workest'): 666.562, ('cu', 'compute'): 666.731, ('cu', 'copy'): 666.787, ('cu', 'pack'): 666.807, ('cu', 'd2h'): 666.835, ('gust', 'start'): 666.925, ('gust', 'h2d'): 667.011, ('gust', 'count'): 667.034, ('gust', 'scan'): 667.073, ('gust', 'expand'): 667.096, ('gust', 'sort'): 667.209, ('gust', 'reduce'): 667.251, ('gust', 'final'): 667.306, ('gust', 'pack'): 667.326, ('gust', 'd2h'): 667.349, ('merge', 'start'): 667.461, ('merge', 'h2d'): 667.544, ('merge', 'count'): 667.567, ('merge', 'scan'): 667.604, ('merge', 'expand'): 667.634, ('merge', 'merge'): 667.687, ('merge', 'final'): 667.726, ('merge', 'compact'): 667.752, ('merge', 'pack'): 667.769, ('merge', 'd2h'): 667.782, ('mrg2', 'start'): 667.875, ('mrg2', 'h2d'): 667.956, ('mrg2', 'count'): 667.978, ('mrg2', 'scan'): 668.013, ('mrg2', 'merge'): 668.054, ('mrg2', 'final'): 668.087, ('mrg2', 'compact'): 668.11, ('mrg2', 'pack'): 668.129, ('mrg2', 'd2h'): 668.141, ('mrg3', 'start'): 668.234, ('mrg3', 'h2d'): 668.307, ('mrg3', 'count'): 668.339, ('mrg3', 'scan'): 668.39, ('mrg3', 'merge'): 668.42, ('mrg3', 'pack'): 668.439, ('mrg3', 'd2h'): 668.451}",0.0619099009782075,0.2195840003667399
Highly sparse,bcsstk26,1922,30336,0.8212049319939666,92530,92530,92530,92530,92530,0.0,,0.06200000000001182,0.31799999999998363,0.06799999999998363,0.16800000000000637,0.4479999999999791,0.935,,,,,1.362,1.379,0.76,0.472,,0.5389999999999873,1.0899999999999181,1.1229999999999336,0.5109999999999673,0.22100000000000364,"{('cu', 'start'): 685.406, ('cu', 'h2dmalloc'): 685.469, ('cu', 'h2d'): 685.501, ('cu', 'workest'): 685.563, ('cu', 'compute'): 685.881, ('cu', 'copy'): 685.949, ('cu', 'pack'): 686.04, ('cu', 'd2h'): 686.208, ('gust', 'start'): 686.351, ('gust', 'h2d'): 686.44, ('gust', 'count'): 686.466, ('gust', 'scan'): 686.507, ('gust', 'expand'): 686.686, ('gust', 'sort'): 686.973, ('gust', 'reduce'): 687.165, ('gust', 'final'): 687.497, ('gust', 'pack'): 687.53, ('gust', 'd2h'): 687.6, ('merge', 'start'): 687.718, ('merge', 'h2d'): 687.821, ('merge', 'count'): 687.851, ('merge', 'scan'): 687.892, ('merge', 'expand'): 688.11, ('merge', 'merge'): 688.574, ('merge', 'final'): 688.775, ('merge', 'compact'): 688.92, ('merge', 'pack'): 688.944, ('merge', 'd2h'): 689.014, ('mrg2', 'start'): 689.106, ('mrg2', 'h2d'): 689.2, ('mrg2', 'count'): 689.227, ('mrg2', 'scan'): 689.265, ('mrg2', 'merge'): 689.48, ('mrg2', 'final'): 689.519, ('mrg2', 'compact'): 689.684, ('mrg2', 'pack'): 689.711, ('mrg2', 'd2h'): 689.78, ('mrg3', 'start'): 689.873, ('mrg3', 'h2d'): 689.967, ('mrg3', 'count'): 690.032, ('mrg3', 'scan'): 690.089, ('mrg3', 'merge'): 690.168, ('mrg3', 'pack'): 690.188, ('mrg3', 'd2h'): 690.258}",0.5081109702587128,0.3785375983454287
Highly sparse,bcsstk33,8738,591904,0.775223972597465,2569536,2569536,2569536,2569536,2569536,0.0,,0.1570000000000391,2.27800000000002,0.17399999999997817,1.3360000000000127,2.6090000000000373,4.373,,,,,10.326,21.983,4.649,5.137,,2.677000000000021,7.986999999999966,20.17999999999995,2.9780000000000655,3.8840000000000146,"{('cu', 'start'): 863.535, ('cu', 'h2dmalloc'): 863.584, ('cu', 'h2d'): 863.779, ('cu', 'workest'): 863.936, ('cu', 'compute'): 866.214, ('cu', 'copy'): 866.388, ('cu', 'pack'): 866.456, ('cu', 'd2h'): 867.792, ('gust', 'start'): 867.915, ('gust', 'h2d'): 869.197, ('gust', 'count'): 869.279, ('gust', 'scan'): 869.319, ('gust', 'expand'): 869.993, ('gust', 'sort'): 875.565, ('gust', 'reduce'): 876.151, ('gust', 'final'): 877.113, ('gust', 'pack'): 877.184, ('gust', 'd2h'): 877.939, ('merge', 'start'): 878.248, ('merge', 'h2d'): 878.892, ('merge', 'count'): 879.003, ('merge', 'scan'): 879.042, ('merge', 'expand'): 881.342, ('merge', 'merge'): 898.358, ('merge', 'final'): 898.66, ('merge', 'compact'): 899.003, ('merge', 'pack'): 899.072, ('merge', 'd2h'): 899.917, ('mrg2', 'start'): 900.238, ('mrg2', 'h2d'): 900.838, ('mrg2', 'count'): 900.941, ('mrg2', 'scan'): 900.98, ('mrg2', 'merge'): 903.333, ('mrg2', 'final'): 903.37, ('mrg2', 'compact'): 903.731, ('mrg2', 'pack'): 903.816, ('mrg2', 'd2h'): 904.571, ('mrg3', 'start'): 904.893, ('mrg3', 'h2d'): 905.135, ('mrg3', 'count'): 906.663, ('mrg3', 'scan'): 906.714, ('mrg3', 'merge'): 908.955, ('mrg3', 'pack'): 909.019, ('mrg3', 'd2h'): 909.767}",32.81728201545775,1.5635583950905128
Highly sparse,bcsstm04,132,132,0.7575757575757576,132,132,132,132,132,0.0,,0.06400000000007822,0.16299999999989723,0.06000000000005912,0.02800000000002001,0.28700000000003456,0.528,,,,,0.482,0.398,0.384,0.307,,0.31100000000003547,0.2740000000000009,0.20299999999997453,0.18299999999999272,0.12200000000007094,"{('cu', 'start'): 671.0, ('cu', 'h2dmalloc'): 671.067, ('cu', 'h2d'): 671.083, ('cu', 'workest'): 671.147, ('cu', 'compute'): 671.31, ('cu', 'copy'): 671.37, ('cu', 'pack'): 671.394, ('cu', 'd2h'): 671.422, ('gust', 'start'): 671.539, ('gust', 'h2d'): 671.623, ('gust', 'count'): 671.65, ('gust', 'scan'): 671.692, ('gust', 'expand'): 671.717, ('gust', 'sort'): 671.767, ('gust', 'reduce'): 671.813, ('gust', 'final'): 671.874, ('gust', 'pack'): 671.897, ('gust', 'd2h'): 671.908, ('merge', 'start'): 672.03, ('merge', 'h2d'): 672.107, ('merge', 'count'): 672.13, ('merge', 'scan'): 672.168, ('merge', 'expand'): 672.191, ('merge', 'merge'): 672.215, ('merge', 'final'): 672.262, ('merge', 'compact'): 672.289, ('merge', 'pack'): 672.31, ('merge', 'd2h'): 672.323, ('mrg2', 'start'): 672.435, ('mrg2', 'h2d'): 672.52, ('mrg2', 'count'): 672.547, ('mrg2', 'scan'): 672.586, ('mrg2', 'merge'): 672.616, ('mrg2', 'final'): 672.652, ('mrg2', 'compact'): 672.682, ('mrg2', 'pack'): 672.703, ('mrg2', 'd2h'): 672.715, ('mrg3', 'start'): 672.828, ('mrg3', 'h2d'): 672.901, ('mrg3', 'count'): 672.926, ('mrg3', 'scan'): 672.978, ('mrg3', 'merge'): 673.004, ('mrg3', 'pack'): 673.023, ('mrg3', 'd2h'): 673.036}",0.0482748728245496,0.1703103994717821
Highly sparse,bcsstk15,3948,117816,0.7558750073139261,527688,527688,527688,527688,527688,0.0,,0.15699999999992542,0.7740000000000009,0.23900000000003274,0.6839999999999691,1.169999999999959,2.294,,,,,2.774,3.407,1.801,1.628,,1.27800000000002,1.941000000000031,2.550000000000068,0.9589999999999463,0.7880000000000109,"{('cu', 'start'): 724.104, ('cu', 'h2dmalloc'): 724.187, ('cu', 'h2d'): 724.273, ('cu', 'workest'): 724.43, ('cu', 'compute'): 725.204, ('cu', 'copy'): 725.443, ('cu', 'pack'): 725.551, ('cu', 'd2h'): 726.235, ('gust', 'start'): 726.411, ('gust', 'h2d'): 726.576, ('gust', 'count'): 726.613, ('gust', 'scan'): 726.666, ('gust', 'expand'): 726.87, ('gust', 'sort'): 727.614, ('gust', 'reduce'): 727.855, ('gust', 'final'): 728.39, ('gust', 'pack'): 728.517, ('gust', 'd2h'): 728.902, ('merge', 'start'): 729.197, ('merge', 'h2d'): 729.362, ('merge', 'count'): 729.405, ('merge', 'scan'): 729.464, ('merge', 'expand'): 729.869, ('merge', 'merge'): 731.259, ('merge', 'final'): 731.486, ('merge', 'compact'): 731.801, ('merge', 'pack'): 731.912, ('merge', 'd2h'): 732.3, ('mrg2', 'start'): 732.614, ('mrg2', 'h2d'): 732.778, ('mrg2', 'count'): 732.816, ('mrg2', 'scan'): 732.87, ('mrg2', 'merge'): 733.274, ('mrg2', 'final'): 733.324, ('mrg2', 'compact'): 733.626, ('mrg2', 'pack'): 733.737, ('mrg2', 'd2h'): 734.119, ('mrg3', 'start'): 734.425, ('mrg3', 'h2d'): 734.595, ('mrg3', 'count'): 734.798, ('mrg3', 'scan'): 734.868, ('mrg3', 'merge'): 735.274, ('mrg3', 'pack'): 735.383, ('mrg3', 'd2h'): 735.765}",3.4469510428607464,0.4326335987774655
Highly sparse,bcsstm22,138,138,0.7246376811594203,138,138,138,138,138,0.0,,0.06200000000001182,0.16600000000005366,0.05999999999994543,0.027000000000043656,0.2880000000000109,0.515,,,,,0.478,0.393,0.37,0.308,,0.31100000000003547,0.26499999999998636,0.20000000000004547,0.18200000000001637,0.12000000000000455,"{('cu', 'start'): 670.098, ('cu', 'h2dmalloc'): 670.164, ('cu', 'h2d'): 670.179, ('cu', 'workest'): 670.241, ('cu', 'compute'): 670.407, ('cu', 'copy'): 670.467, ('cu', 'pack'): 670.49, ('cu', 'd2h'): 670.517, ('gust', 'start'): 670.622, ('gust', 'h2d'): 670.714, ('gust', 'count'): 670.738, ('gust', 'scan'): 670.779, ('gust', 'expand'): 670.803, ('gust', 'sort'): 670.851, ('gust', 'reduce'): 670.893, ('gust', 'final'): 670.956, ('gust', 'pack'): 670.979, ('gust', 'd2h'): 670.99, ('merge', 'start'): 671.108, ('merge', 'h2d'): 671.185, ('merge', 'count'): 671.208, ('merge', 'scan'): 671.247, ('merge', 'expand'): 671.271, ('merge', 'merge'): 671.297, ('merge', 'final'): 671.337, ('merge', 'compact'): 671.367, ('merge', 'pack'): 671.385, ('merge', 'd2h'): 671.397, ('mrg2', 'start'): 671.51, ('mrg2', 'h2d'): 671.583, ('mrg2', 'count'): 671.606, ('mrg2', 'scan'): 671.643, ('mrg2', 'merge'): 671.668, ('mrg2', 'final'): 671.714, ('mrg2', 'compact'): 671.74, ('mrg2', 'pack'): 671.765, ('mrg2', 'd2h'): 671.777, ('mrg3', 'start'): 671.887, ('mrg3', 'h2d'): 671.962, ('mrg3', 'count'): 671.986, ('mrg3', 'scan'): 672.039, ('mrg3', 'merge'): 672.064, ('mrg3', 'pack'): 672.082, ('mrg3', 'd2h'): 672.094}",0.0497139990329742,0.1707679996499791
Highly sparse,bp_1600,822,4841,0.7164591732229859,23625,23625,23625,23625,23625,0.0,,0.06200000000001182,0.19499999999993634,0.07200000000000273,0.04299999999989268,0.3289999999999509,0.579,,,,,0.623,17.38,1.642,0.848,,0.3490000000000464,0.3970000000000482,17.17100000000005,1.4269999999999072,0.6479999999999109,"{('cu', 'start'): 733.286, ('cu', 'h2dmalloc'): 733.351, ('cu', 'h2d'): 733.37, ('cu', 'workest'): 733.432, ('cu', 'compute'): 733.627, ('cu', 'copy'): 733.699, ('cu', 'pack'): 733.719, ('cu', 'd2h'): 733.762, ('gust', 'start'): 733.872, ('gust', 'h2d'): 733.957, ('gust', 'count'): 733.994, ('gust', 'scan'): 734.035, ('gust', 'expand'): 734.093, ('gust', 'sort'): 734.228, ('gust', 'reduce'): 734.274, ('gust', 'final'): 734.334, ('gust', 'pack'): 734.354, ('gust', 'd2h'): 734.388, ('merge', 'start'): 734.502, ('merge', 'h2d'): 734.583, ('merge', 'count'): 734.616, ('merge', 'scan'): 734.664, ('merge', 'expand'): 734.914, ('merge', 'merge'): 751.665, ('merge', 'final'): 751.709, ('merge', 'compact'): 751.735, ('merge', 'pack'): 751.754, ('merge', 'd2h'): 751.779, ('mrg2', 'start'): 751.889, ('mrg2', 'h2d'): 751.969, ('mrg2', 'count'): 752.005, ('mrg2', 'scan'): 752.044, ('mrg2', 'merge'): 753.306, ('mrg2', 'final'): 753.348, ('mrg2', 'compact'): 753.374, ('mrg2', 'pack'): 753.396, ('mrg2', 'd2h'): 753.421, ('mrg3', 'start'): 753.536, ('mrg3', 'h2d'): 753.614, ('mrg3', 'count'): 753.875, ('mrg3', 'scan'): 753.933, ('mrg3', 'merge'): 754.24, ('mrg3', 'pack'): 754.262, ('mrg3', 'd2h'): 754.287}",0.0767370220273733,0.263891201512888
Highly sparse,bp_1400,822,4790,0.7089112662132002,23154,23154,23154,23154,23154,0.0,,0.06200000000001182,0.18200000000001637,0.057999999999992724,0.03899999999998727,0.3020000000000209,0.529,,,,,0.601,17.738,1.596,0.828,,0.32200000000000273,0.3930000000000291,17.527000000000044,1.3880000000000337,0.63900000000001,"{('cu', 'start'): 752.408, ('cu', 'h2dmalloc'): 752.475, ('cu', 'h2d'): 752.492, ('cu', 'workest'): 752.554, ('cu', 'compute'): 752.736, ('cu', 'copy'): 752.794, ('cu', 'pack'): 752.814, ('cu', 'd2h'): 752.853, ('gust', 'start'): 752.947, ('gust', 'h2d'): 753.026, ('gust', 'count'): 753.06, ('gust', 'scan'): 753.112, ('gust', 'expand'): 753.167, ('gust', 'sort'): 753.297, ('gust', 'reduce'): 753.339, ('gust', 'final'): 753.398, ('gust', 'pack'): 753.419, ('gust', 'd2h'): 753.451, ('merge', 'start'): 753.555, ('merge', 'h2d'): 753.635, ('merge', 'count'): 753.671, ('merge', 'scan'): 753.708, ('merge', 'expand'): 753.961, ('merge', 'merge'): 771.068, ('merge', 'final'): 771.119, ('merge', 'compact'): 771.144, ('merge', 'pack'): 771.162, ('merge', 'd2h'): 771.186, ('mrg2', 'start'): 771.3, ('mrg2', 'h2d'): 771.384, ('mrg2', 'count'): 771.417, ('mrg2', 'scan'): 771.454, ('mrg2', 'merge'): 772.695, ('mrg2', 'final'): 772.731, ('mrg2', 'compact'): 772.755, ('mrg2', 'pack'): 772.772, ('mrg2', 'd2h'): 772.797, ('mrg3', 'start'): 772.902, ('mrg3', 'h2d'): 772.98, ('mrg3', 'count'): 773.239, ('mrg3', 'scan'): 773.292, ('mrg3', 'merge'): 773.599, ('mrg3', 'pack'): 773.619, ('mrg3', 'd2h'): 773.643}",0.0865249894559383,0.260387199674733
Highly sparse,bp_1200,822,4726,0.6994393829068026,22313,22313,22313,22313,22313,0.0,,0.06399999999996453,0.1999999999999318,0.06200000000001182,0.047000000000025466,0.32599999999990814,0.577,,,,,0.651,17.916,1.628,0.865,,0.3449999999999136,0.4130000000000109,17.700999999999908,1.4189999999999827,0.6550000000000864,"{('cu', 'start'): 735.703, ('cu', 'h2dmalloc'): 735.772, ('cu', 'h2d'): 735.791, ('cu', 'workest'): 735.855, ('cu', 'compute'): 736.055, ('cu', 'copy'): 736.117, ('cu', 'pack'): 736.136, ('cu', 'd2h'): 736.183, ('gust', 'start'): 736.294, ('gust', 'h2d'): 736.387, ('gust', 'count'): 736.425, ('gust', 'scan'): 736.469, ('gust', 'expand'): 736.53, ('gust', 'sort'): 736.671, ('gust', 'reduce'): 736.718, ('gust', 'final'): 736.776, ('gust', 'pack'): 736.8, ('gust', 'd2h'): 736.832, ('merge', 'start'): 736.947, ('merge', 'h2d'): 737.027, ('merge', 'count'): 737.064, ('merge', 'scan'): 737.103, ('merge', 'expand'): 737.355, ('merge', 'merge'): 754.641, ('merge', 'final'): 754.684, ('merge', 'compact'): 754.709, ('merge', 'pack'): 754.728, ('merge', 'd2h'): 754.761, ('mrg2', 'start'): 754.87, ('mrg2', 'h2d'): 754.95, ('mrg2', 'count'): 754.987, ('mrg2', 'scan'): 755.03, ('mrg2', 'merge'): 756.285, ('mrg2', 'final'): 756.326, ('mrg2', 'compact'): 756.35, ('mrg2', 'pack'): 756.369, ('mrg2', 'd2h'): 756.394, ('mrg3', 'start'): 756.506, ('mrg3', 'h2d'): 756.588, ('mrg3', 'count'): 756.853, ('mrg3', 'scan'): 756.908, ('mrg3', 'merge'): 757.222, ('mrg3', 'pack'): 757.243, ('mrg3', 'd2h'): 757.268}",0.0705299898982048,0.2586431997595355
Highly sparse,685_bus,685,3249,0.6924183494059353,9337,9337,9337,9337,9337,0.0,,0.05700000000001637,0.16300000000001091,0.05899999999996908,0.03199999999992542,0.27899999999999636,0.492,,,,,0.538,0.434,0.371,0.334,,0.30100000000004457,0.3390000000000555,0.25299999999992906,0.18100000000004002,0.15200000000004366,"{('cu', 'start'): 667.768, ('cu', 'h2dmalloc'): 667.83, ('cu', 'h2d'): 667.847, ('cu', 'workest'): 667.904, ('cu', 'compute'): 668.067, ('cu', 'copy'): 668.126, ('cu', 'pack'): 668.148, ('cu', 'd2h'): 668.18, ('gust', 'start'): 668.269, ('gust', 'h2d'): 668.347, ('gust', 'count'): 668.371, ('gust', 'scan'): 668.408, ('gust', 'expand'): 668.433, ('gust', 'sort'): 668.551, ('gust', 'reduce'): 668.609, ('gust', 'final'): 668.665, ('gust', 'pack'): 668.686, ('gust', 'd2h'): 668.701, ('merge', 'start'): 668.813, ('merge', 'h2d'): 668.893, ('merge', 'count'): 668.918, ('merge', 'scan'): 668.954, ('merge', 'expand'): 668.987, ('merge', 'merge'): 669.063, ('merge', 'final'): 669.103, ('merge', 'compact'): 669.129, ('merge', 'pack'): 669.146, ('merge', 'd2h'): 669.163, ('mrg2', 'start'): 669.254, ('mrg2', 'h2d'): 669.327, ('mrg2', 'count'): 669.35, ('mrg2', 'scan'): 669.385, ('mrg2', 'merge'): 669.43, ('mrg2', 'final'): 669.465, ('mrg2', 'compact'): 669.49, ('mrg2', 'pack'): 669.508, ('mrg2', 'd2h'): 669.524, ('mrg3', 'start'): 669.632, ('mrg3', 'h2d'): 669.712, ('mrg3', 'count'): 669.75, ('mrg3', 'scan'): 669.803, ('mrg3', 'merge'): 669.845, ('mrg3', 'pack'): 669.864, ('mrg3', 'd2h'): 669.88}",0.0866700429469347,0.2181440009968355
Highly sparse,bp_1000,822,4661,0.6898195014237425,21373,21373,21373,21373,21373,0.0,,0.06200000000001182,0.17600000000004457,0.05600000000004002,0.03899999999998727,0.2940000000000964,0.508,,,,,0.582,17.566,1.575,0.827,,0.3120000000000118,0.3809999999999718,17.37200000000007,1.379000000000019,0.6459999999999582,"{('cu', 'start'): 741.424, ('cu', 'h2dmalloc'): 741.484, ('cu', 'h2d'): 741.502, ('cu', 'workest'): 741.564, ('cu', 'compute'): 741.74, ('cu', 'copy'): 741.796, ('cu', 'pack'): 741.814, ('cu', 'd2h'): 741.853, ('gust', 'start'): 741.943, ('gust', 'h2d'): 742.022, ('gust', 'count'): 742.055, ('gust', 'scan'): 742.094, ('gust', 'expand'): 742.156, ('gust', 'sort'): 742.288, ('gust', 'reduce'): 742.331, ('gust', 'final'): 742.385, ('gust', 'pack'): 742.403, ('gust', 'd2h'): 742.434, ('merge', 'start'): 742.529, ('merge', 'h2d'): 742.616, ('merge', 'count'): 742.651, ('merge', 'scan'): 742.691, ('merge', 'expand'): 742.935, ('merge', 'merge'): 759.908, ('merge', 'final'): 759.947, ('merge', 'compact'): 759.971, ('merge', 'pack'): 759.988, ('merge', 'd2h'): 760.012, ('mrg2', 'start'): 760.102, ('mrg2', 'h2d'): 760.178, ('mrg2', 'count'): 760.212, ('mrg2', 'scan'): 760.247, ('mrg2', 'merge'): 761.478, ('mrg2', 'final'): 761.513, ('mrg2', 'compact'): 761.539, ('mrg2', 'pack'): 761.557, ('mrg2', 'd2h'): 761.582, ('mrg3', 'start'): 761.684, ('mrg3', 'h2d'): 761.759, ('mrg3', 'count'): 762.022, ('mrg3', 'scan'): 762.073, ('mrg3', 'merge'): 762.387, ('mrg3', 'pack'): 762.405, ('mrg3', 'd2h'): 762.429}",0.0828828196972608,0.2574431997956708
Highly sparse,494_bus,494,1666,0.6826861610582045,4062,4062,4062,4062,4062,0.0,,0.05200000000002092,0.1490000000000009,0.04800000000000182,0.02400000000000091,0.24900000000002365,0.422,,,,,0.465,0.36,0.319,0.271,,0.26499999999998636,0.3020000000000209,0.21400000000005548,0.17300000000000182,0.12400000000002365,"{('cu', 'start'): 589.414, ('cu', 'h2dmalloc'): 589.467, ('cu', 'h2d'): 589.481, ('cu', 'workest'): 589.533, ('cu', 'compute'): 589.682, ('cu', 'copy'): 589.73, ('cu', 'pack'): 589.746, ('cu', 'd2h'): 589.77, ('gust', 'start'): 589.842, ('gust', 'h2d'): 589.915, ('gust', 'count'): 589.936, ('gust', 'scan'): 589.969, ('gust', 'expand'): 589.998, ('gust', 'sort'): 590.105, ('gust', 'reduce'): 590.144, ('gust', 'final'): 590.2, ('gust', 'pack'): 590.217, ('gust', 'd2h'): 590.227, ('merge', 'start'): 590.312, ('merge', 'h2d'): 590.377, ('merge', 'count'): 590.398, ('merge', 'scan'): 590.43, ('merge', 'expand'): 590.464, ('merge', 'merge'): 590.511, ('merge', 'final'): 590.548, ('merge', 'compact'): 590.577, ('merge', 'pack'): 590.591, ('merge', 'd2h'): 590.601, ('mrg2', 'start'): 590.678, ('mrg2', 'h2d'): 590.741, ('mrg2', 'count'): 590.765, ('mrg2', 'scan'): 590.799, ('mrg2', 'merge'): 590.838, ('mrg2', 'final'): 590.867, ('mrg2', 'compact'): 590.9, ('mrg2', 'pack'): 590.914, ('mrg2', 'd2h'): 590.924, ('mrg3', 'start'): 591.003, ('mrg3', 'h2d'): 591.067, ('mrg3', 'count'): 591.098, ('mrg3', 'scan'): 591.143, ('mrg3', 'merge'): 591.176, ('mrg3', 'pack'): 591.191, ('mrg3', 'd2h'): 591.2}",0.0658698845654726,0.2132128010271117
Highly sparse,bp_800,822,4534,0.6710237329876096,20224,20224,20224,20224,20224,0.0,,0.07600000000002183,0.19600000000002638,0.07100000000002638,0.03999999999996362,0.3430000000000746,0.598,,,,,0.677,17.008,1.582,0.885,,0.36400000000003274,0.4459999999999127,16.80099999999993,1.375,0.6859999999999218,"{('cu', 'start'): 753.996, ('cu', 'h2dmalloc'): 754.067, ('cu', 'h2d'): 754.088, ('cu', 'workest'): 754.164, ('cu', 'compute'): 754.36, ('cu', 'copy'): 754.431, ('cu', 'pack'): 754.452, ('cu', 'd2h'): 754.492, ('gust', 'start'): 754.604, ('gust', 'h2d'): 754.69, ('gust', 'count'): 754.732, ('gust', 'scan'): 754.783, ('gust', 'expand'): 754.842, ('gust', 'sort'): 754.99, ('gust', 'reduce'): 755.041, ('gust', 'final'): 755.111, ('gust', 'pack'): 755.136, ('gust', 'd2h'): 755.167, ('merge', 'start'): 755.285, ('merge', 'h2d'): 755.368, ('merge', 'count'): 755.402, ('merge', 'scan'): 755.444, ('merge', 'expand'): 755.685, ('merge', 'merge'): 772.076, ('merge', 'final'): 772.122, ('merge', 'compact'): 772.147, ('merge', 'pack'): 772.169, ('merge', 'd2h'): 772.193, ('mrg2', 'start'): 772.302, ('mrg2', 'h2d'): 772.384, ('mrg2', 'count'): 772.421, ('mrg2', 'scan'): 772.463, ('mrg2', 'merge'): 773.672, ('mrg2', 'final'): 773.713, ('mrg2', 'compact'): 773.738, ('mrg2', 'pack'): 773.759, ('mrg2', 'd2h'): 773.783, ('mrg3', 'start'): 773.891, ('mrg3', 'h2d'): 773.97, ('mrg3', 'count'): 774.248, ('mrg3', 'scan'): 774.311, ('mrg3', 'merge'): 774.632, ('mrg3', 'pack'): 774.656, ('mrg3', 'd2h'): 774.68}",0.0919150188565254,0.4694368022494019
Highly sparse,bcsstm05,153,153,0.6535947712418301,153,153,153,153,153,0.0,,0.05600000000004002,0.16200000000003456,0.05599999999992633,0.02400000000000091,0.2740000000000009,0.479,,,,,0.452,0.354,0.345,0.281,,0.2960000000000491,0.2540000000000191,0.18299999999999272,0.17399999999997817,0.11599999999998545,"{('cu', 'start'): 672.281, ('cu', 'h2dmalloc'): 672.342, ('cu', 'h2d'): 672.357, ('cu', 'workest'): 672.413, ('cu', 'compute'): 672.575, ('cu', 'copy'): 672.631, ('cu', 'pack'): 672.653, ('cu', 'd2h'): 672.677, ('gust', 'start'): 672.77, ('gust', 'h2d'): 672.859, ('gust', 'count'): 672.881, ('gust', 'scan'): 672.922, ('gust', 'expand'): 672.944, ('gust', 'sort'): 672.991, ('gust', 'reduce'): 673.032, ('gust', 'final'): 673.092, ('gust', 'pack'): 673.113, ('gust', 'd2h'): 673.123, ('merge', 'start'): 673.229, ('merge', 'h2d'): 673.304, ('merge', 'count'): 673.325, ('merge', 'scan'): 673.362, ('merge', 'expand'): 673.385, ('merge', 'merge'): 673.406, ('merge', 'final'): 673.444, ('merge', 'compact'): 673.468, ('merge', 'pack'): 673.487, ('merge', 'd2h'): 673.498, ('mrg2', 'start'): 673.59, ('mrg2', 'h2d'): 673.662, ('mrg2', 'count'): 673.683, ('mrg2', 'scan'): 673.72, ('mrg2', 'merge'): 673.745, ('mrg2', 'final'): 673.78, ('mrg2', 'compact'): 673.815, ('mrg2', 'pack'): 673.836, ('mrg2', 'd2h'): 673.847, ('mrg3', 'start'): 673.941, ('mrg3', 'h2d'): 674.011, ('mrg3', 'count'): 674.035, ('mrg3', 'scan'): 674.086, ('mrg3', 'merge'): 674.109, ('mrg3', 'pack'): 674.127, ('mrg3', 'd2h'): 674.137}",0.0309250317513942,0.1745023987721651
Highly sparse,bp_600,822,4172,0.6174483930357978,16464,16464,16464,16464,16464,0.0,,0.05899999999996908,0.19299999999998363,0.06000000000005912,0.03599999999994452,0.3120000000000118,0.549,,,,,0.603,16.452,1.554,0.848,,0.3310000000000173,0.37799999999992906,16.250999999999976,1.3430000000000746,0.65300000000002,"{('cu', 'start'): 743.941, ('cu', 'h2dmalloc'): 744.005, ('cu', 'h2d'): 744.024, ('cu', 'workest'): 744.083, ('cu', 'compute'): 744.276, ('cu', 'copy'): 744.336, ('cu', 'pack'): 744.355, ('cu', 'd2h'): 744.391, ('gust', 'start'): 744.505, ('gust', 'h2d'): 744.59, ('gust', 'count'): 744.624, ('gust', 'scan'): 744.666, ('gust', 'expand'): 744.716, ('gust', 'sort'): 744.84, ('gust', 'reduce'): 744.894, ('gust', 'final'): 744.949, ('gust', 'pack'): 744.968, ('gust', 'd2h'): 744.995, ('merge', 'start'): 745.108, ('merge', 'h2d'): 745.187, ('merge', 'count'): 745.219, ('merge', 'scan'): 745.258, ('merge', 'expand'): 745.478, ('merge', 'merge'): 761.348, ('merge', 'final'): 761.391, ('merge', 'compact'): 761.419, ('merge', 'pack'): 761.438, ('merge', 'd2h'): 761.459, ('mrg2', 'start'): 761.567, ('mrg2', 'h2d'): 761.645, ('mrg2', 'count'): 761.682, ('mrg2', 'scan'): 761.724, ('mrg2', 'merge'): 762.907, ('mrg2', 'final'): 762.946, ('mrg2', 'compact'): 762.97, ('mrg2', 'pack'): 762.988, ('mrg2', 'd2h'): 763.009, ('mrg3', 'start'): 763.128, ('mrg3', 'h2d'): 763.207, ('mrg3', 'count'): 763.474, ('mrg3', 'scan'): 763.531, ('mrg3', 'merge'): 763.839, ('mrg3', 'pack'): 763.86, ('mrg3', 'd2h'): 763.881}",0.0918600708246231,0.2547743996838107
Highly sparse,bp_400,822,4028,0.596136655596403,15238,15238,15238,15238,15238,0.0,,0.06600000000003092,0.19600000000002638,0.06499999999994088,0.03700000000003456,0.3269999999999982,0.573,,,,,0.623,15.346,1.497,0.859,,0.3509999999999991,0.4009999999999536,15.13900000000001,1.288000000000011,0.66700000000003,"{('cu', 'start'): 719.397, ('cu', 'h2dmalloc'): 719.463, ('cu', 'h2d'): 719.482, ('cu', 'workest'): 719.548, ('cu', 'compute'): 719.744, ('cu', 'copy'): 719.809, ('cu', 'pack'): 719.833, ('cu', 'd2h'): 719.87, ('gust', 'start'): 719.978, ('gust', 'h2d'): 720.062, ('gust', 'count'): 720.099, ('gust', 'scan'): 720.151, ('gust', 'expand'): 720.202, ('gust', 'sort'): 720.328, ('gust', 'reduce'): 720.376, ('gust', 'final'): 720.439, ('gust', 'pack'): 720.463, ('gust', 'd2h'): 720.491, ('merge', 'start'): 720.61, ('merge', 'h2d'): 720.692, ('merge', 'count'): 720.729, ('merge', 'scan'): 720.772, ('merge', 'expand'): 720.988, ('merge', 'merge'): 735.74, ('merge', 'final'): 735.788, ('merge', 'compact'): 735.813, ('merge', 'pack'): 735.831, ('merge', 'd2h'): 735.851, ('mrg2', 'start'): 735.965, ('mrg2', 'h2d'): 736.044, ('mrg2', 'count'): 736.08, ('mrg2', 'scan'): 736.12, ('mrg2', 'merge'): 737.249, ('mrg2', 'final'): 737.289, ('mrg2', 'compact'): 737.313, ('mrg2', 'pack'): 737.332, ('mrg2', 'd2h'): 737.351, ('mrg3', 'start'): 737.467, ('mrg3', 'h2d'): 737.544, ('mrg3', 'count'): 737.815, ('mrg3', 'scan'): 737.873, ('mrg3', 'merge'): 738.188, ('mrg3', 'pack'): 738.211, ('mrg3', 'd2h'): 738.23}",0.0724690034985542,0.2533056008629501
Highly sparse,662_bus,662,2474,0.5645256980129791,6480,6480,6480,6480,6480,0.0,,0.05200000000002092,0.14599999999995816,0.04800000000000182,0.02400000000000091,0.2459999999999809,0.417,,,,,0.435,0.345,0.291,0.258,,0.2619999999999436,0.2859999999999445,0.20099999999990814,0.15300000000002,0.11599999999998545,"{('cu', 'start'): 574.521, ('cu', 'h2dmalloc'): 574.574, ('cu', 'h2d'): 574.591, ('cu', 'workest'): 574.643, ('cu', 'compute'): 574.789, ('cu', 'copy'): 574.837, ('cu', 'pack'): 574.853, ('cu', 'd2h'): 574.877, ('gust', 'start'): 574.945, ('gust', 'h2d'): 575.009, ('gust', 'count'): 575.029, ('gust', 'scan'): 575.06, ('gust', 'expand'): 575.081, ('gust', 'sort'): 575.193, ('gust', 'reduce'): 575.231, ('gust', 'final'): 575.28, ('gust', 'pack'): 575.295, ('gust', 'd2h'): 575.305, ('merge', 'start'): 575.386, ('merge', 'h2d'): 575.45, ('merge', 'count'): 575.47, ('merge', 'scan'): 575.501, ('merge', 'expand'): 575.527, ('merge', 'merge'): 575.579, ('merge', 'final'): 575.614, ('merge', 'compact'): 575.636, ('merge', 'pack'): 575.651, ('merge', 'd2h'): 575.661, ('mrg2', 'start'): 575.736, ('mrg2', 'h2d'): 575.797, ('mrg2', 'count'): 575.816, ('mrg2', 'scan'): 575.847, ('mrg2', 'merge'): 575.885, ('mrg2', 'final'): 575.914, ('mrg2', 'compact'): 575.936, ('mrg2', 'pack'): 575.95, ('mrg2', 'd2h'): 575.961, ('mrg3', 'start'): 576.033, ('mrg3', 'h2d'): 576.092, ('mrg3', 'count'): 576.12, ('mrg3', 'scan'): 576.163, ('mrg3', 'merge'): 576.194, ('mrg3', 'pack'): 576.208, ('mrg3', 'd2h'): 576.218}",0.0783491414040327,0.2181568002793938
Highly sparse,bp_200,822,3802,0.5626890676706863,13197,13197,13197,13197,13197,0.0,,0.06200000000001182,0.18900000000007822,0.06099999999992178,0.035000000000081855,0.3120000000000118,0.543,,,,,0.611,13.985,1.326,0.812,,0.3310000000000173,0.37799999999992906,13.777000000000044,1.1229999999999336,0.6179999999999382,"{('cu', 'start'): 717.68, ('cu', 'h2dmalloc'): 717.744, ('cu', 'h2d'): 717.762, ('cu', 'workest'): 717.824, ('cu', 'compute'): 718.013, ('cu', 'copy'): 718.074, ('cu', 'pack'): 718.093, ('cu', 'd2h'): 718.128, ('gust', 'start'): 718.239, ('gust', 'h2d'): 718.331, ('gust', 'count'): 718.366, ('gust', 'scan'): 718.409, ('gust', 'expand'): 718.459, ('gust', 'sort'): 718.586, ('gust', 'reduce'): 718.631, ('gust', 'final'): 718.688, ('gust', 'pack'): 718.709, ('gust', 'd2h'): 718.734, ('merge', 'start'): 718.854, ('merge', 'h2d'): 718.935, ('merge', 'count'): 718.969, ('merge', 'scan'): 719.008, ('merge', 'expand'): 719.204, ('merge', 'merge'): 732.623, ('merge', 'final'): 732.669, ('merge', 'compact'): 732.693, ('merge', 'pack'): 732.712, ('merge', 'd2h'): 732.731, ('mrg2', 'start'): 732.846, ('mrg2', 'h2d'): 732.926, ('mrg2', 'count'): 732.961, ('mrg2', 'scan'): 733.0, ('mrg2', 'merge'): 733.965, ('mrg2', 'final'): 734.005, ('mrg2', 'compact'): 734.03, ('mrg2', 'pack'): 734.049, ('mrg2', 'd2h'): 734.068, ('mrg3', 'start'): 734.18, ('mrg3', 'h2d'): 734.258, ('mrg3', 'count'): 734.508, ('mrg3', 'scan'): 734.565, ('mrg3', 'merge'): 734.854, ('mrg3', 'pack'): 734.876, ('mrg3', 'd2h'): 734.895}",0.0915199052542448,0.253871998260729
Highly sparse,bcsstm13,2003,21943,0.5469329704893483,90811,90811,90811,90811,90811,0.0,,0.06799999999998363,0.35599999999999454,0.06799999999998363,0.18200000000001637,0.4919999999999618,0.88,,,,,1.47,3.078,0.984,0.647,,0.5119999999999436,1.1959999999999127,2.79200000000003,0.7239999999999327,0.38400000000001455,"{('cu', 'start'): 704.401, ('cu', 'h2dmalloc'): 704.465, ('cu', 'h2d'): 704.495, ('cu', 'workest'): 704.563, ('cu', 'compute'): 704.919, ('cu', 'copy'): 704.987, ('cu', 'pack'): 705.007, ('cu', 'd2h'): 705.189, ('gust', 'start'): 705.292, ('gust', 'h2d'): 705.383, ('gust', 'count'): 705.414, ('gust', 'scan'): 705.457, ('gust', 'expand'): 705.624, ('gust', 'sort'): 705.973, ('gust', 'reduce'): 706.164, ('gust', 'final'): 706.542, ('gust', 'pack'): 706.579, ('gust', 'd2h'): 706.648, ('merge', 'start'): 706.771, ('merge', 'h2d'): 706.876, ('merge', 'count'): 706.907, ('merge', 'scan'): 706.952, ('merge', 'expand'): 707.378, ('merge', 'merge'): 709.266, ('merge', 'final'): 709.469, ('merge', 'compact'): 709.64, ('merge', 'pack'): 709.668, ('merge', 'd2h'): 709.737, ('mrg2', 'start'): 709.855, ('mrg2', 'h2d'): 709.945, ('mrg2', 'count'): 709.975, ('mrg2', 'scan'): 710.017, ('mrg2', 'merge'): 710.426, ('mrg2', 'final'): 710.471, ('mrg2', 'compact'): 710.643, ('mrg2', 'pack'): 710.669, ('mrg2', 'd2h'): 710.738, ('mrg3', 'start'): 710.848, ('mrg3', 'h2d'): 710.938, ('mrg3', 'count'): 711.066, ('mrg3', 'scan'): 711.125, ('mrg3', 'merge'): 711.298, ('mrg3', 'pack'): 711.322, ('mrg3', 'd2h'): 711.391}",0.5536598619073629,0.4476800008211285
Highly sparse,bp_0,822,3276,0.4848420267462305,9384,9384,9384,9384,9384,0.0,,0.06199999999989814,0.1790000000000873,0.05999999999994543,0.031000000000062755,0.3009999999999309,0.531,,,,,0.593,11.315,1.19,0.817,,0.31999999999993634,0.375,11.11999999999989,0.9979999999999336,0.59800000000007,"{('cu', 'start'): 721.516, ('cu', 'h2dmalloc'): 721.581, ('cu', 'h2d'): 721.599, ('cu', 'workest'): 721.661, ('cu', 'compute'): 721.84, ('cu', 'copy'): 721.9, ('cu', 'pack'): 721.919, ('cu', 'd2h'): 721.95, ('gust', 'start'): 722.063, ('gust', 'h2d'): 722.143, ('gust', 'count'): 722.175, ('gust', 'scan'): 722.22, ('gust', 'expand'): 722.264, ('gust', 'sort'): 722.386, ('gust', 'reduce'): 722.431, ('gust', 'final'): 722.488, ('gust', 'pack'): 722.518, ('gust', 'd2h'): 722.534, ('merge', 'start'): 722.658, ('merge', 'h2d'): 722.738, ('merge', 'count'): 722.771, ('merge', 'scan'): 722.811, ('merge', 'expand'): 722.971, ('merge', 'merge'): 733.772, ('merge', 'final'): 733.815, ('merge', 'compact'): 733.839, ('merge', 'pack'): 733.858, ('merge', 'd2h'): 733.874, ('mrg2', 'start'): 733.981, ('mrg2', 'h2d'): 734.057, ('mrg2', 'count'): 734.092, ('mrg2', 'scan'): 734.131, ('mrg2', 'merge'): 734.974, ('mrg2', 'final'): 735.013, ('mrg2', 'compact'): 735.037, ('mrg2', 'pack'): 735.055, ('mrg2', 'd2h'): 735.071, ('mrg3', 'start'): 735.181, ('mrg3', 'h2d'): 735.256, ('mrg3', 'count'): 735.494, ('mrg3', 'scan'): 735.556, ('mrg3', 'merge'): 735.831, ('mrg3', 'pack'): 735.854, ('mrg3', 'd2h'): 735.896}",0.0745928846299648,0.2448383996495977
Highly sparse,bcsstk23,3134,45178,0.45996948062076437,220632,220632,220632,220632,220632,0.0,,0.07400000000006912,0.34399999999993724,0.14800000000002456,0.3209999999999127,0.5660000000000309,1.271,,,,,1.792,1.944,1.178,0.943,,0.6900000000000546,1.2960000000000491,1.4640000000000555,0.7039999999999509,0.4619999999999891,"{('cu', 'start'): 707.256, ('cu', 'h2dmalloc'): 707.326, ('cu', 'h2d'): 707.371, ('cu', 'workest'): 707.445, ('cu', 'compute'): 707.789, ('cu', 'copy'): 707.937, ('cu', 'pack'): 708.061, ('cu', 'd2h'): 708.382, ('gust', 'start'): 708.536, ('gust', 'h2d'): 708.646, ('gust', 'count'): 708.676, ('gust', 'scan'): 708.727, ('gust', 'expand'): 708.895, ('gust', 'sort'): 709.242, ('gust', 'reduce'): 709.445, ('gust', 'final'): 709.834, ('gust', 'pack'): 709.942, ('gust', 'd2h'): 710.103, ('merge', 'start'): 710.337, ('merge', 'h2d'): 710.448, ('merge', 'count'): 710.482, ('merge', 'scan'): 710.529, ('merge', 'expand'): 710.755, ('merge', 'merge'): 711.411, ('merge', 'final'): 711.598, ('merge', 'compact'): 711.821, ('merge', 'pack'): 711.912, ('merge', 'd2h'): 712.075, ('mrg2', 'start'): 712.289, ('mrg2', 'h2d'): 712.398, ('mrg2', 'count'): 712.428, ('mrg2', 'scan'): 712.479, ('mrg2', 'merge'): 712.736, ('mrg2', 'final'): 712.782, ('mrg2', 'compact'): 713.009, ('mrg2', 'pack'): 713.102, ('mrg2', 'd2h'): 713.263, ('mrg3', 'start'): 713.475, ('mrg3', 'h2d'): 713.581, ('mrg3', 'count'): 713.677, ('mrg3', 'scan'): 713.744, ('mrg3', 'merge'): 713.942, ('mrg3', 'pack'): 714.043, ('mrg3', 'd2h'): 714.202}",1.8119048327207563,0.3620128024369479
Highly sparse,bcsstk17,10974,428650,0.35593682023042417,1406936,1406936,1406936,1406936,1406936,0.0,,0.16700000000003,1.8010000000000446,0.16999999999995907,0.8440000000000509,2.1380000000000337,3.389,,,,,5.369,10.607,2.372,2.667,,2.2200000000000273,4.145999999999958,9.464000000000055,1.44399999999996,1.768000000000029,"{('cu', 'start'): 814.116, ('cu', 'h2dmalloc'): 814.188, ('cu', 'h2d'): 814.329, ('cu', 'workest'): 814.496, ('cu', 'compute'): 816.297, ('cu', 'copy'): 816.467, ('cu', 'pack'): 816.549, ('cu', 'd2h'): 817.393, ('gust', 'start'): 817.513, ('gust', 'h2d'): 818.0, ('gust', 'count'): 818.091, ('gust', 'scan'): 818.134, ('gust', 'expand'): 818.467, ('gust', 'sort'): 821.123, ('gust', 'reduce'): 821.481, ('gust', 'final'): 822.072, ('gust', 'pack'): 822.146, ('gust', 'd2h'): 822.579, ('merge', 'start'): 822.887, ('merge', 'h2d'): 823.281, ('merge', 'count'): 823.385, ('merge', 'scan'): 823.425, ('merge', 'expand'): 824.603, ('merge', 'merge'): 832.166, ('merge', 'final'): 832.382, ('merge', 'compact'): 832.669, ('merge', 'pack'): 832.745, ('merge', 'd2h'): 833.169, ('mrg2', 'start'): 833.5, ('mrg2', 'h2d'): 833.711, ('mrg2', 'count'): 833.801, ('mrg2', 'scan'): 833.846, ('mrg2', 'merge'): 834.772, ('mrg2', 'final'): 834.811, ('mrg2', 'compact'): 835.082, ('mrg2', 'pack'): 835.155, ('mrg2', 'd2h'): 835.585, ('mrg3', 'start'): 835.879, ('mrg3', 'h2d'): 836.088, ('mrg3', 'count'): 836.751, ('mrg3', 'scan'): 836.806, ('mrg3', 'merge'): 837.788, ('mrg3', 'pack'): 837.856, ('mrg3', 'd2h'): 838.281}",63.72947292402387,0.8180415979819373
Highly sparse,blckhole,2132,14872,0.3271861986912552,41546,41546,41546,41546,41546,0.0,,0.06700000000000728,0.24500000000000455,0.06699999999989359,0.13999999999998636,0.3789999999999054,0.741,,,,,0.914,0.782,0.477,0.442,,0.40399999999999636,0.6069999999999709,0.5489999999999782,0.2300000000000182,0.21300000000007913,"{('cu', 'start'): 683.586, ('cu', 'h2dmalloc'): 683.651, ('cu', 'h2d'): 683.676, ('cu', 'workest'): 683.743, ('cu', 'compute'): 683.988, ('cu', 'copy'): 684.055, ('cu', 'pack'): 684.08, ('cu', 'd2h'): 684.22, ('gust', 'start'): 684.339, ('gust', 'h2d'): 684.426, ('gust', 'count'): 684.462, ('gust', 'scan'): 684.505, ('gust', 'expand'): 684.538, ('gust', 'sort'): 684.814, ('gust', 'reduce'): 684.93, ('gust', 'final'): 684.998, ('gust', 'pack'): 685.033, ('gust', 'd2h'): 685.071, ('merge', 'start'): 685.264, ('merge', 'h2d'): 685.35, ('merge', 'count'): 685.38, ('merge', 'scan'): 685.423, ('merge', 'expand'): 685.483, ('merge', 'merge'): 685.717, ('merge', 'final'): 685.766, ('merge', 'compact'): 685.873, ('merge', 'pack'): 685.899, ('merge', 'd2h'): 685.937, ('mrg2', 'start'): 686.054, ('mrg2', 'h2d'): 686.14, ('mrg2', 'count'): 686.167, ('mrg2', 'scan'): 686.207, ('mrg2', 'merge'): 686.273, ('mrg2', 'final'): 686.315, ('mrg2', 'compact'): 686.35, ('mrg2', 'pack'): 686.37, ('mrg2', 'd2h'): 686.412, ('mrg3', 'start'): 686.538, ('mrg3', 'h2d'): 686.622, ('mrg3', 'count'): 686.681, ('mrg3', 'scan'): 686.741, ('mrg3', 'merge'): 686.812, ('mrg3', 'pack'): 686.835, ('mrg3', 'd2h'): 686.872}",0.5955719389021397,0.2301920012105256
Highly sparse,bcsstk29,13992,619488,0.31642683346621986,1965686,1965686,1965686,1965686,1965686,0.0,,0.2440000000000282,2.5270000000000437,0.25699999999994816,2.1580000000000155,3.02800000000002,5.982,,,,,9.78,11.7,3.935,4.181,,3.16700000000003,7.180999999999926,9.516999999999939,1.8110000000000355,2.1049999999999045,"{('cu', 'start'): 828.384, ('cu', 'h2dmalloc'): 828.463, ('cu', 'h2d'): 828.823, ('cu', 'workest'): 829.067, ('cu', 'compute'): 831.594, ('cu', 'copy'): 831.851, ('cu', 'pack'): 831.99, ('cu', 'd2h'): 834.148, ('gust', 'start'): 834.38, ('gust', 'h2d'): 835.076, ('gust', 'count'): 835.431, ('gust', 'scan'): 835.494, ('gust', 'expand'): 836.019, ('gust', 'sort'): 840.245, ('gust', 'reduce'): 840.79, ('gust', 'final'): 842.03, ('gust', 'pack'): 842.257, ('gust', 'd2h'): 843.511, ('merge', 'start'): 844.171, ('merge', 'h2d'): 844.6, ('merge', 'count'): 844.726, ('merge', 'scan'): 844.785, ('merge', 'expand'): 846.415, ('merge', 'merge'): 853.259, ('merge', 'final'): 853.589, ('merge', 'compact'): 853.999, ('merge', 'pack'): 854.117, ('merge', 'd2h'): 855.371, ('mrg2', 'start'): 855.879, ('mrg2', 'h2d'): 856.298, ('mrg2', 'count'): 856.401, ('mrg2', 'scan'): 856.454, ('mrg2', 'merge'): 857.553, ('mrg2', 'final'): 857.602, ('mrg2', 'compact'): 857.993, ('mrg2', 'pack'): 858.109, ('mrg2', 'd2h'): 859.373, ('mrg3', 'start'): 859.823, ('mrg3', 'h2d'): 860.238, ('mrg3', 'count'): 861.013, ('mrg3', 'scan'): 861.083, ('mrg3', 'merge'): 862.231, ('mrg3', 'pack'): 862.343, ('mrg3', 'd2h'): 863.594}",137.12710910476744,0.9716991992900148
Highly sparse,1138_bus,1138,4054,0.31303955695713814,11142,11142,11142,11142,11142,0.0,,0.049999999999954525,0.1449999999999818,0.05200000000002092,0.025999999999953616,0.24699999999995725,0.41,,,,,0.44,0.391,0.309,0.276,,0.2619999999999436,0.2880000000000109,0.2539999999999054,0.17300000000000182,0.13400000000001455,"{('cu', 'start'): 696.209, ('cu', 'h2dmalloc'): 696.259, ('cu', 'h2d'): 696.272, ('cu', 'workest'): 696.322, ('cu', 'compute'): 696.467, ('cu', 'copy'): 696.519, ('cu', 'pack'): 696.534, ('cu', 'd2h'): 696.56, ('gust', 'start'): 696.626, ('gust', 'h2d'): 696.688, ('gust', 'count'): 696.708, ('gust', 'scan'): 696.74, ('gust', 'expand'): 696.762, ('gust', 'sort'): 696.874, ('gust', 'reduce'): 696.91, ('gust', 'final'): 696.961, ('gust', 'pack'): 696.976, ('gust', 'd2h'): 696.992, ('merge', 'start'): 697.071, ('merge', 'h2d'): 697.133, ('merge', 'count'): 697.157, ('merge', 'scan'): 697.187, ('merge', 'expand'): 697.219, ('merge', 'merge'): 697.315, ('merge', 'final'): 697.349, ('merge', 'compact'): 697.372, ('merge', 'pack'): 697.387, ('merge', 'd2h'): 697.398, ('mrg2', 'start'): 697.468, ('mrg2', 'h2d'): 697.526, ('mrg2', 'count'): 697.547, ('mrg2', 'scan'): 697.578, ('mrg2', 'merge'): 697.632, ('mrg2', 'final'): 697.662, ('mrg2', 'compact'): 697.684, ('mrg2', 'pack'): 697.699, ('mrg2', 'd2h'): 697.711, ('mrg3', 'start'): 697.782, ('mrg3', 'h2d'): 697.841, ('mrg3', 'count'): 697.876, ('mrg3', 'scan'): 697.919, ('mrg3', 'merge'): 697.96, ('mrg3', 'pack'): 697.975, ('mrg3', 'd2h'): 697.987}",0.1128239091485738,0.2202624001074582
Highly sparse,bcspwr06,1454,5300,0.25069579909522466,14110,14110,14110,14110,14110,0.0,,0.05700000000001637,0.16200000000003456,0.05999999999994543,0.033999999999991815,0.27899999999999636,0.496,,,,,0.539,0.44,0.372,0.339,,0.29899999999997817,0.34199999999998454,0.25700000000006185,0.19200000000000728,0.16199999999992087,"{('cu', 'start'): 666.06, ('cu', 'h2dmalloc'): 666.127, ('cu', 'h2d'): 666.145, ('cu', 'workest'): 666.202, ('cu', 'compute'): 666.364, ('cu', 'copy'): 666.424, ('cu', 'pack'): 666.444, ('cu', 'd2h'): 666.478, ('gust', 'start'): 666.567, ('gust', 'h2d'): 666.645, ('gust', 'count'): 666.673, ('gust', 'scan'): 666.71, ('gust', 'expand'): 666.746, ('gust', 'sort'): 666.869, ('gust', 'reduce'): 666.911, ('gust', 'final'): 666.967, ('gust', 'pack'): 666.987, ('gust', 'd2h'): 667.012, ('merge', 'start'): 667.112, ('merge', 'h2d'): 667.193, ('merge', 'count'): 667.219, ('merge', 'scan'): 667.254, ('merge', 'expand'): 667.287, ('merge', 'merge'): 667.368, ('merge', 'final'): 667.407, ('merge', 'compact'): 667.433, ('merge', 'pack'): 667.45, ('merge', 'd2h'): 667.469, ('mrg2', 'start'): 667.559, ('mrg2', 'h2d'): 667.635, ('mrg2', 'count'): 667.657, ('mrg2', 'scan'): 667.691, ('mrg2', 'merge'): 667.743, ('mrg2', 'final'): 667.78, ('mrg2', 'compact'): 667.809, ('mrg2', 'pack'): 667.827, ('mrg2', 'd2h'): 667.846, ('mrg3', 'start'): 667.937, ('mrg3', 'h2d'): 668.013, ('mrg3', 'count'): 668.056, ('mrg3', 'scan'): 668.107, ('mrg3', 'merge'): 668.156, ('mrg3', 'pack'): 668.175, ('mrg3', 'd2h'): 668.193}",0.2413289621472358,0.2178911999333649
Highly sparse,bcsstk30,28924,2043492,0.24426218412514641,8946070,8946070,8946070,8946070,8946070,0.0,,0.21900000000005093,7.712999999999965,0.2940000000000964,4.34699999999998,8.226000000000113,13.661,,,,,34.777,92.579,15.283,20.441,,8.315000000000055,30.575000000000045,88.01800000000003,11.365999999999985,16.190000000000055,"{('cu', 'start'): 1384.398, ('cu', 'h2dmalloc'): 1384.457, ('cu', 'h2d'): 1385.245, ('cu', 'workest'): 1385.464, ('cu', 'compute'): 1393.177, ('cu', 'copy'): 1393.471, ('cu', 'pack'): 1393.56, ('cu', 'd2h'): 1397.907, ('gust', 'start'): 1398.073, ('gust', 'h2d'): 1398.899, ('gust', 'count'): 1399.015, ('gust', 'scan'): 1399.07, ('gust', 'expand'): 1401.412, ('gust', 'sort'): 1424.733, ('gust', 'reduce'): 1426.722, ('gust', 'final'): 1429.378, ('gust', 'pack'): 1429.474, ('gust', 'd2h'): 1432.201, ('merge', 'start'): 1432.859, ('merge', 'h2d'): 1433.72, ('merge', 'count'): 1433.866, ('merge', 'scan'): 1433.919, ('merge', 'expand'): 1442.469, ('merge', 'merge'): 1519.723, ('merge', 'final'): 1520.765, ('merge', 'compact'): 1521.607, ('merge', 'pack'): 1521.738, ('merge', 'd2h'): 1524.937, ('mrg2', 'start'): 1525.45, ('mrg2', 'h2d'): 1526.229, ('mrg2', 'count'): 1526.37, ('mrg2', 'scan'): 1526.427, ('mrg2', 'merge'): 1536.242, ('mrg2', 'final'): 1536.294, ('mrg2', 'compact'): 1537.487, ('mrg2', 'pack'): 1537.595, ('mrg2', 'd2h'): 1540.273, ('mrg3', 'start'): 1540.742, ('mrg3', 'h2d'): 1541.999, ('mrg3', 'count'): 1548.437, ('mrg3', 'scan'): 1548.505, ('mrg3', 'merge'): 1558.098, ('mrg3', 'pack'): 1558.189, ('mrg3', 'd2h'): 1560.859}",1181.0736348852515,2.358464012597688
Highly sparse,bcsstm06,420,420,0.2380952380952381,420,420,420,420,420,0.0,,0.06300000000010186,0.16399999999998727,0.05999999999994543,0.028999999999996362,0.28700000000003456,0.515,,,,,0.473,0.397,0.361,0.339,,0.31100000000003547,0.27099999999995816,0.19799999999997908,0.1710000000000491,0.15000000000009095,"{('cu', 'start'): 678.32, ('cu', 'h2dmalloc'): 678.384, ('cu', 'h2d'): 678.401, ('cu', 'workest'): 678.464, ('cu', 'compute'): 678.628, ('cu', 'copy'): 678.688, ('cu', 'pack'): 678.712, ('cu', 'd2h'): 678.741, ('gust', 'start'): 678.844, ('gust', 'h2d'): 678.923, ('gust', 'count'): 678.947, ('gust', 'scan'): 678.988, ('gust', 'expand'): 679.012, ('gust', 'sort'): 679.06, ('gust', 'reduce'): 679.104, ('gust', 'final'): 679.162, ('gust', 'pack'): 679.194, ('gust', 'd2h'): 679.204, ('merge', 'start'): 679.325, ('merge', 'h2d'): 679.405, ('merge', 'count'): 679.43, ('merge', 'scan'): 679.469, ('merge', 'expand'): 679.494, ('merge', 'merge'): 679.515, ('merge', 'final'): 679.556, ('merge', 'compact'): 679.584, ('merge', 'pack'): 679.603, ('merge', 'd2h'): 679.615, ('mrg2', 'start'): 679.73, ('mrg2', 'h2d'): 679.805, ('mrg2', 'count'): 679.828, ('mrg2', 'scan'): 679.865, ('mrg2', 'merge'): 679.889, ('mrg2', 'final'): 679.926, ('mrg2', 'compact'): 679.955, ('mrg2', 'pack'): 679.976, ('mrg2', 'd2h'): 679.988, ('mrg3', 'start'): 680.097, ('mrg3', 'h2d'): 680.17, ('mrg3', 'count'): 680.217, ('mrg3', 'scan'): 680.271, ('mrg3', 'merge'): 680.298, ('mrg3', 'pack'): 680.32, ('mrg3', 'd2h'): 680.333}",0.0377290416508913,0.170208000880666
Highly sparse,bcspwr08,1624,6050,0.22939467106699993,16916,16916,16916,16916,16916,0.0,,0.05700000000001637,0.17799999999999727,0.06999999999993634,0.03599999999994452,0.30499999999995,0.528,,,,,0.539,0.457,0.376,0.346,,0.3250000000000455,0.3390000000000555,0.2699999999999818,0.19299999999998363,0.16499999999996362,"{('cu', 'start'): 669.217, ('cu', 'h2dmalloc'): 669.28, ('cu', 'h2d'): 669.298, ('cu', 'workest'): 669.355, ('cu', 'compute'): 669.533, ('cu', 'copy'): 669.603, ('cu', 'pack'): 669.623, ('cu', 'd2h'): 669.659, ('gust', 'start'): 669.755, ('gust', 'h2d'): 669.838, ('gust', 'count'): 669.861, ('gust', 'scan'): 669.9, ('gust', 'expand'): 669.927, ('gust', 'sort'): 670.057, ('gust', 'reduce'): 670.099, ('gust', 'final'): 670.157, ('gust', 'pack'): 670.177, ('gust', 'd2h'): 670.204, ('merge', 'start'): 670.299, ('merge', 'h2d'): 670.379, ('merge', 'count'): 670.407, ('merge', 'scan'): 670.443, ('merge', 'expand'): 670.476, ('merge', 'merge'): 670.558, ('merge', 'final'): 670.606, ('merge', 'compact'): 670.632, ('merge', 'pack'): 670.649, ('merge', 'd2h'): 670.67, ('mrg2', 'start'): 670.763, ('mrg2', 'h2d'): 670.84, ('mrg2', 'count'): 670.865, ('mrg2', 'scan'): 670.9, ('mrg2', 'merge'): 670.952, ('mrg2', 'final'): 670.987, ('mrg2', 'compact'): 671.016, ('mrg2', 'pack'): 671.033, ('mrg2', 'd2h'): 671.054, ('mrg3', 'start'): 671.145, ('mrg3', 'h2d'): 671.221, ('mrg3', 'count'): 671.266, ('mrg3', 'scan'): 671.316, ('mrg3', 'merge'): 671.367, ('mrg3', 'pack'): 671.386, ('mrg3', 'd2h'): 671.406}",0.289177056401968,0.2214495995081961
Highly sparse,bcspwr07,1612,5824,0.22412551028576003,15684,15684,15684,15684,15684,0.0,,0.05700000000001637,0.16699999999991633,0.059000000000082764,0.03599999999994452,0.28300000000001546,0.505,,,,,0.549,0.452,0.392,0.351,,0.3039999999999736,0.3369999999999891,0.2659999999999627,0.19500000000005002,0.16899999999998272,"{('cu', 'start'): 677.736, ('cu', 'h2dmalloc'): 677.797, ('cu', 'h2d'): 677.816, ('cu', 'workest'): 677.873, ('cu', 'compute'): 678.04, ('cu', 'copy'): 678.099, ('cu', 'pack'): 678.12, ('cu', 'd2h'): 678.156, ('gust', 'start'): 678.248, ('gust', 'h2d'): 678.339, ('gust', 'count'): 678.362, ('gust', 'scan'): 678.401, ('gust', 'expand'): 678.428, ('gust', 'sort'): 678.556, ('gust', 'reduce'): 678.6, ('gust', 'final'): 678.655, ('gust', 'pack'): 678.676, ('gust', 'd2h'): 678.704, ('merge', 'start'): 678.803, ('merge', 'h2d'): 678.884, ('merge', 'count'): 678.911, ('merge', 'scan'): 678.948, ('merge', 'expand'): 678.98, ('merge', 'merge'): 679.063, ('merge', 'final'): 679.103, ('merge', 'compact'): 679.131, ('merge', 'pack'): 679.15, ('merge', 'd2h'): 679.171, ('mrg2', 'start'): 679.265, ('mrg2', 'h2d'): 679.353, ('mrg2', 'count'): 679.379, ('mrg2', 'scan'): 679.416, ('mrg2', 'merge'): 679.468, ('mrg2', 'final'): 679.503, ('mrg2', 'compact'): 679.528, ('mrg2', 'pack'): 679.548, ('mrg2', 'd2h'): 679.569, ('mrg3', 'start'): 679.662, ('mrg3', 'h2d'): 679.738, ('mrg3', 'count'): 679.781, ('mrg3', 'scan'): 679.835, ('mrg3', 'merge'): 679.886, ('mrg3', 'pack'): 679.907, ('mrg3', 'd2h'): 679.927}",0.2732500433921814,0.2201471985550597
Highly sparse,bcspwr09,1723,6511,0.21931944613334525,18485,18485,18485,18485,18485,0.0,,0.05899999999996908,0.1710000000000491,0.06199999999989814,0.03700000000003456,0.2919999999999163,0.518,,,,,0.542,0.46,0.368,0.332,,0.3089999999999691,0.3350000000000364,0.27300000000002456,0.18899999999996453,0.1490000000000009,"{('cu', 'start'): 642.423, ('cu', 'h2dmalloc'): 642.492, ('cu', 'h2d'): 642.513, ('cu', 'workest'): 642.572, ('cu', 'compute'): 642.743, ('cu', 'copy'): 642.805, ('cu', 'pack'): 642.822, ('cu', 'd2h'): 642.859, ('gust', 'start'): 642.947, ('gust', 'h2d'): 643.028, ('gust', 'count'): 643.057, ('gust', 'scan'): 643.094, ('gust', 'expand'): 643.121, ('gust', 'sort'): 643.249, ('gust', 'reduce'): 643.291, ('gust', 'final'): 643.345, ('gust', 'pack'): 643.363, ('gust', 'd2h'): 643.392, ('merge', 'start'): 643.496, ('merge', 'h2d'): 643.578, ('merge', 'count'): 643.607, ('merge', 'scan'): 643.644, ('merge', 'expand'): 643.677, ('merge', 'merge'): 643.766, ('merge', 'final'): 643.806, ('merge', 'compact'): 643.83, ('merge', 'pack'): 643.851, ('merge', 'd2h'): 643.874, ('mrg2', 'start'): 643.963, ('mrg2', 'h2d'): 644.037, ('mrg2', 'count'): 644.059, ('mrg2', 'scan'): 644.095, ('mrg2', 'merge'): 644.149, ('mrg2', 'final'): 644.184, ('mrg2', 'compact'): 644.209, ('mrg2', 'pack'): 644.226, ('mrg2', 'd2h'): 644.249, ('mrg3', 'start'): 644.336, ('mrg3', 'h2d'): 644.409, ('mrg3', 'count'): 644.443, ('mrg3', 'scan'): 644.5, ('mrg3', 'merge'): 644.539, ('mrg3', 'pack'): 644.558, ('mrg3', 'd2h'): 644.582}",0.3371860366314649,0.2249984011286869
Highly sparse,bcsstm20,485,485,0.2061855670103093,485,485,485,485,485,0.0,,0.07299999999997908,0.16999999999995907,0.06300000000010186,0.027999999999906322,0.30600000000004,0.547,,,,,0.483,0.416,0.35,0.319,,0.3300000000000409,0.2699999999999818,0.20299999999997453,0.1610000000000582,0.1230000000000473,"{('cu', 'start'): 678.502, ('cu', 'h2dmalloc'): 678.568, ('cu', 'h2d'): 678.586, ('cu', 'workest'): 678.659, ('cu', 'compute'): 678.829, ('cu', 'copy'): 678.892, ('cu', 'pack'): 678.916, ('cu', 'd2h'): 678.944, ('gust', 'start'): 679.055, ('gust', 'h2d'): 679.141, ('gust', 'count'): 679.166, ('gust', 'scan'): 679.207, ('gust', 'expand'): 679.234, ('gust', 'sort'): 679.284, ('gust', 'reduce'): 679.328, ('gust', 'final'): 679.387, ('gust', 'pack'): 679.411, ('gust', 'd2h'): 679.423, ('merge', 'start'): 679.546, ('merge', 'h2d'): 679.639, ('merge', 'count'): 679.664, ('merge', 'scan'): 679.704, ('merge', 'expand'): 679.728, ('merge', 'merge'): 679.75, ('merge', 'final'): 679.792, ('merge', 'compact'): 679.823, ('merge', 'pack'): 679.842, ('merge', 'd2h'): 679.854, ('mrg2', 'start'): 679.969, ('mrg2', 'h2d'): 680.045, ('mrg2', 'count'): 680.065, ('mrg2', 'scan'): 680.102, ('mrg2', 'merge'): 680.126, ('mrg2', 'final'): 680.161, ('mrg2', 'compact'): 680.185, ('mrg2', 'pack'): 680.206, ('mrg2', 'd2h'): 680.218, ('mrg3', 'start'): 680.328, ('mrg3', 'h2d'): 680.404, ('mrg3', 'count'): 680.43, ('mrg3', 'scan'): 680.482, ('mrg3', 'merge'): 680.508, ('mrg3', 'pack'): 680.527, ('mrg3', 'd2h'): 680.539}",0.0646100379526615,0.1731072006048634
Highly sparse,bcsstk21,3600,26600,0.2052469135802469,93072,93072,93072,93072,93072,0.0,,0.06100000000003547,0.2419999999999618,0.06299999999998818,0.16499999999996362,0.36599999999998545,0.727,,,,,1.01,0.782,0.577,0.455,,0.38800000000003365,0.6270000000000664,0.46100000000001273,0.2680000000000291,0.20100000000002183,"{('cu', 'start'): 676.472, ('cu', 'h2dmalloc'): 676.535, ('cu', 'h2d'): 676.573, ('cu', 'workest'): 676.634, ('cu', 'compute'): 676.876, ('cu', 'copy'): 676.939, ('cu', 'pack'): 676.961, ('cu', 'd2h'): 677.126, ('gust', 'start'): 677.209, ('gust', 'h2d'): 677.313, ('gust', 'count'): 677.339, ('gust', 'scan'): 677.38, ('gust', 'expand'): 677.473, ('gust', 'sort'): 677.732, ('gust', 'reduce'): 677.839, ('gust', 'final'): 677.909, ('gust', 'pack'): 677.94, ('gust', 'd2h'): 678.017, ('merge', 'start'): 678.227, ('merge', 'h2d'): 678.332, ('merge', 'count'): 678.363, ('merge', 'scan'): 678.404, ('merge', 'expand'): 678.505, ('merge', 'merge'): 678.632, ('merge', 'final'): 678.676, ('merge', 'compact'): 678.77, ('merge', 'pack'): 678.793, ('merge', 'd2h'): 678.87, ('mrg2', 'start'): 679.014, ('mrg2', 'h2d'): 679.106, ('mrg2', 'count'): 679.132, ('mrg2', 'scan'): 679.17, ('mrg2', 'merge'): 679.219, ('mrg2', 'final'): 679.261, ('mrg2', 'compact'): 679.351, ('mrg2', 'pack'): 679.374, ('mrg2', 'd2h'): 679.451, ('mrg3', 'start'): 679.599, ('mrg3', 'h2d'): 679.691, ('mrg3', 'count'): 679.749, ('mrg3', 'scan'): 679.804, ('mrg3', 'merge'): 679.872, ('mrg3', 'pack'): 679.892, ('mrg3', 'd2h'): 679.967}",2.685170155018568,0.2249087989795953
Highly sparse,bcsstm19,817,817,0.12239902080783352,817,817,817,817,817,0.0,,0.05899999999996908,0.1750000000000682,0.07099999999991269,0.027000000000043656,0.30499999999995,0.544,,,,,0.468,0.409,0.37,0.321,,0.3289999999999509,0.26300000000003365,0.20000000000004547,0.1750000000000682,0.12599999999997635,"{('cu', 'start'): 677.711, ('cu', 'h2dmalloc'): 677.778, ('cu', 'h2d'): 677.798, ('cu', 'workest'): 677.857, ('cu', 'compute'): 678.032, ('cu', 'copy'): 678.103, ('cu', 'pack'): 678.127, ('cu', 'd2h'): 678.154, ('gust', 'start'): 678.268, ('gust', 'h2d'): 678.35, ('gust', 'count'): 678.372, ('gust', 'scan'): 678.414, ('gust', 'expand'): 678.44, ('gust', 'sort'): 678.488, ('gust', 'reduce'): 678.531, ('gust', 'final'): 678.589, ('gust', 'pack'): 678.613, ('gust', 'd2h'): 678.624, ('merge', 'start'): 678.741, ('merge', 'h2d'): 678.824, ('merge', 'count'): 678.848, ('merge', 'scan'): 678.886, ('merge', 'expand'): 678.916, ('merge', 'merge'): 678.936, ('merge', 'final'): 678.977, ('merge', 'compact'): 679.005, ('merge', 'pack'): 679.024, ('merge', 'd2h'): 679.035, ('mrg2', 'start'): 679.158, ('mrg2', 'h2d'): 679.241, ('mrg2', 'count'): 679.264, ('mrg2', 'scan'): 679.303, ('mrg2', 'merge'): 679.328, ('mrg2', 'final'): 679.366, ('mrg2', 'compact'): 679.394, ('mrg2', 'pack'): 679.416, ('mrg2', 'd2h'): 679.429, ('mrg3', 'start'): 679.536, ('mrg3', 'h2d'): 679.615, ('mrg3', 'count'): 679.642, ('mrg3', 'scan'): 679.695, ('mrg3', 'merge'): 679.722, ('mrg3', 'pack'): 679.741, ('mrg3', 'd2h'): 679.753}",0.0757249072194099,0.1719391997670755
Highly sparse,bcsstk25,15439,252241,0.10582233620331932,1168919,1168919,1168919,1168919,1168919,0.0,,0.1449999999999818,0.6309999999999718,0.16099999999994452,0.6209999999999809,0.9369999999998981,1.901,,,,,2.545,4.127,1.714,1.844,,1.0199999999999818,1.7959999999999354,3.3899999999999864,0.9789999999999281,1.108000000000061,"{('cu', 'start'): 767.003, ('cu', 'h2dmalloc'): 767.053, ('cu', 'h2d'): 767.142, ('cu', 'workest'): 767.287, ('cu', 'compute'): 767.918, ('cu', 'copy'): 768.079, ('cu', 'pack'): 768.162, ('cu', 'd2h'): 768.783, ('gust', 'start'): 768.911, ('gust', 'h2d'): 769.047, ('gust', 'count'): 769.122, ('gust', 'scan'): 769.163, ('gust', 'expand'): 769.336, ('gust', 'sort'): 770.154, ('gust', 'reduce'): 770.364, ('gust', 'final'): 770.773, ('gust', 'pack'): 770.843, ('gust', 'd2h'): 771.197, ('merge', 'start'): 771.462, ('merge', 'h2d'): 771.6, ('merge', 'count'): 771.681, ('merge', 'scan'): 771.723, ('merge', 'expand'): 772.126, ('merge', 'merge'): 774.533, ('merge', 'final'): 774.682, ('merge', 'compact'): 774.92, ('merge', 'pack'): 774.99, ('merge', 'd2h'): 775.344, ('mrg2', 'start'): 775.595, ('mrg2', 'h2d'): 775.729, ('mrg2', 'count'): 775.805, ('mrg2', 'scan'): 775.845, ('mrg2', 'merge'): 776.38, ('mrg2', 'final'): 776.414, ('mrg2', 'compact'): 776.636, ('mrg2', 'pack'): 776.708, ('mrg2', 'd2h'): 777.063, ('mrg3', 'start'): 777.314, ('mrg3', 'h2d'): 777.449, ('mrg3', 'count'): 777.864, ('mrg3', 'scan'): 777.914, ('mrg3', 'merge'): 778.492, ('mrg3', 'pack'): 778.557, ('mrg3', 'd2h'): 778.912}",177.74690710939467,0.4776320013916119
Highly sparse,bcsstk18,11948,149090,0.10443788948628972,713208,713208,713208,713208,713208,0.0,,0.1330000000000382,0.5169999999999391,0.18299999999999272,0.8010000000000446,0.83299999999997,2.068,,,,,2.512,3.371,1.869,1.791,,0.9329999999999927,1.5579999999999927,2.435000000000059,0.9220000000000255,0.8470000000000937,"{('cu', 'start'): 727.339, ('cu', 'h2dmalloc'): 727.414, ('cu', 'h2d'): 727.519, ('cu', 'workest'): 727.652, ('cu', 'compute'): 728.169, ('cu', 'copy'): 728.352, ('cu', 'pack'): 728.452, ('cu', 'd2h'): 729.253, ('gust', 'start'): 729.421, ('gust', 'h2d'): 729.593, ('gust', 'count'): 729.624, ('gust', 'scan'): 729.669, ('gust', 'expand'): 729.847, ('gust', 'sort'): 730.405, ('gust', 'reduce'): 730.594, ('gust', 'final'): 731.057, ('gust', 'pack'): 731.151, ('gust', 'd2h'): 731.664, ('merge', 'start'): 731.94, ('merge', 'h2d'): 732.102, ('merge', 'count'): 732.15, ('merge', 'scan'): 732.194, ('merge', 'expand'): 732.503, ('merge', 'merge'): 733.935, ('merge', 'final'): 734.128, ('merge', 'compact'): 734.439, ('merge', 'pack'): 734.537, ('merge', 'd2h'): 735.048, ('mrg2', 'start'): 735.318, ('mrg2', 'h2d'): 735.483, ('mrg2', 'count'): 735.522, ('mrg2', 'scan'): 735.567, ('mrg2', 'merge'): 735.997, ('mrg2', 'final'): 736.037, ('mrg2', 'compact'): 736.303, ('mrg2', 'pack'): 736.405, ('mrg2', 'd2h'): 736.921, ('mrg3', 'start'): 737.194, ('mrg3', 'h2d'): 737.353, ('mrg3', 'count'): 737.616, ('mrg3', 'scan'): 737.676, ('mrg3', 'merge'): 738.118, ('mrg3', 'pack'): 738.2, ('mrg3', 'd2h'): 738.713}",86.1555258743465,0.4177312002750113
Highly sparse,bcsstk32,44609,2014701,0.10124314474587429,6819653,6819653,6819653,6819653,6819653,0.0,,0.18200000000001637,7.648000000000138,0.2339999999999236,3.4199999999998454,8.064000000000078,12.446,,,,,21.785,40.954,9.211,10.598,,8.137000000000171,17.789999999999964,36.878999999999905,5.427000000000135,7.112999999999829,"{('cu', 'start'): 1117.189, ('cu', 'h2dmalloc'): 1117.263, ('cu', 'h2d'): 1117.937, ('cu', 'workest'): 1118.119, ('cu', 'compute'): 1125.767, ('cu', 'copy'): 1126.001, ('cu', 'pack'): 1126.074, ('cu', 'd2h'): 1129.494, ('gust', 'start'): 1129.643, ('gust', 'h2d'): 1130.743, ('gust', 'count'): 1130.839, ('gust', 'scan'): 1130.883, ('gust', 'expand'): 1132.269, ('gust', 'sort'): 1145.684, ('gust', 'reduce'): 1146.907, ('gust', 'final'): 1148.439, ('gust', 'pack'): 1148.533, ('gust', 'd2h'): 1150.93, ('merge', 'start'): 1151.432, ('merge', 'h2d'): 1152.566, ('merge', 'count'): 1152.785, ('merge', 'scan'): 1152.829, ('merge', 'expand'): 1157.873, ('merge', 'merge'): 1188.256, ('merge', 'final'): 1188.781, ('merge', 'compact'): 1189.37, ('merge', 'pack'): 1189.445, ('merge', 'd2h'): 1191.904, ('mrg2', 'start'): 1192.392, ('mrg2', 'h2d'): 1193.349, ('mrg2', 'count'): 1193.463, ('mrg2', 'scan'): 1193.504, ('mrg2', 'merge'): 1197.981, ('mrg2', 'final'): 1198.023, ('mrg2', 'compact'): 1198.704, ('mrg2', 'pack'): 1198.776, ('mrg2', 'd2h'): 1201.169, ('mrg3', 'start'): 1201.609, ('mrg3', 'h2d'): 1202.352, ('mrg3', 'count'): 1204.943, ('mrg3', 'scan'): 1205.05, ('mrg3', 'merge'): 1209.396, ('mrg3', 'pack'): 1209.465, ('mrg3', 'd2h'): 1211.833}",4421.557090012357,1.80260479922872
Extremely sparse,bcsstk31,35588,1181416,0.09328153508950845,4713580,4713580,4713580,4713580,4713580,0.0,,0.17700000000002092,4.47199999999998,0.26100000000008095,2.338000000000079,4.910000000000082,7.928,,,,,11.629,22.467,5.645,6.779,,4.990000000000009,9.010999999999967,19.75100000000009,3.0809999999999036,4.322999999999979,"{('cu', 'start'): 934.169, ('cu', 'h2dmalloc'): 934.226, ('cu', 'h2d'): 934.632, ('cu', 'workest'): 934.809, ('cu', 'compute'): 939.281, ('cu', 'copy'): 939.542, ('cu', 'pack'): 939.622, ('cu', 'd2h'): 941.96, ('gust', 'start'): 942.107, ('gust', 'h2d'): 942.599, ('gust', 'count'): 942.689, ('gust', 'scan'): 942.732, ('gust', 'expand'): 943.439, ('gust', 'sort'): 949.744, ('gust', 'reduce'): 950.443, ('gust', 'final'): 951.515, ('gust', 'pack'): 951.61, ('gust', 'd2h'): 953.328, ('merge', 'start'): 953.74, ('merge', 'h2d'): 954.305, ('merge', 'count'): 954.416, ('merge', 'scan'): 954.457, ('merge', 'expand'): 957.157, ('merge', 'merge'): 973.164, ('merge', 'final'): 973.502, ('merge', 'compact'): 973.957, ('merge', 'pack'): 974.056, ('merge', 'd2h'): 975.768, ('mrg2', 'start'): 976.214, ('mrg2', 'h2d'): 976.724, ('mrg2', 'count'): 976.832, ('mrg2', 'scan'): 976.873, ('mrg2', 'merge'): 979.249, ('mrg2', 'final'): 979.289, ('mrg2', 'compact'): 979.725, ('mrg2', 'pack'): 979.805, ('mrg2', 'd2h'): 981.487, ('mrg3', 'start'): 981.865, ('mrg3', 'h2d'): 982.309, ('mrg3', 'count'): 983.932, ('mrg3', 'scan'): 983.989, ('mrg3', 'merge'): 986.535, ('mrg3', 'pack'): 986.632, ('mrg3', 'd2h'): 988.312}",2316.7010678444058,1.284681601333432
Extremely sparse,bcsstm08,1074,1074,0.0931098696461825,1074,1074,1074,1074,1074,0.0,,0.06500000000005457,0.17099999999993543,0.06500000000005457,0.027999999999906322,0.30100000000004457,0.545,,,,,0.5,0.408,0.369,0.341,,0.3250000000000455,0.2699999999999818,0.20299999999997453,0.17300000000000182,0.1410000000000764,"{('cu', 'start'): 667.915, ('cu', 'h2dmalloc'): 667.986, ('cu', 'h2d'): 668.005, ('cu', 'workest'): 668.07, ('cu', 'compute'): 668.241, ('cu', 'copy'): 668.306, ('cu', 'pack'): 668.33, ('cu', 'd2h'): 668.358, ('gust', 'start'): 668.47, ('gust', 'h2d'): 668.558, ('gust', 'count'): 668.583, ('gust', 'scan'): 668.625, ('gust', 'expand'): 668.652, ('gust', 'sort'): 668.7, ('gust', 'reduce'): 668.745, ('gust', 'final'): 668.804, ('gust', 'pack'): 668.828, ('gust', 'd2h'): 668.839, ('merge', 'start'): 668.975, ('merge', 'h2d'): 669.062, ('merge', 'count'): 669.088, ('merge', 'scan'): 669.129, ('merge', 'expand'): 669.155, ('merge', 'merge'): 669.176, ('merge', 'final'): 669.217, ('merge', 'compact'): 669.246, ('merge', 'pack'): 669.265, ('merge', 'd2h'): 669.277, ('mrg2', 'start'): 669.391, ('mrg2', 'h2d'): 669.473, ('mrg2', 'count'): 669.497, ('mrg2', 'scan'): 669.536, ('mrg2', 'merge'): 669.564, ('mrg2', 'final'): 669.599, ('mrg2', 'compact'): 669.625, ('mrg2', 'pack'): 669.646, ('mrg2', 'd2h'): 669.657, ('mrg3', 'start'): 669.768, ('mrg3', 'h2d'): 669.852, ('mrg3', 'count'): 669.88, ('mrg3', 'scan'): 669.944, ('mrg3', 'merge'): 669.973, ('mrg3', 'pack'): 669.993, ('mrg3', 'd2h'): 670.007}",0.1300980802625417,0.1746816001366824
Extremely sparse,bcsstm09,1083,1083,0.09233610341643582,1083,1083,1083,1083,1083,0.0,,0.057999999999992724,0.17799999999999727,0.06800000000009732,0.024999999999977263,0.3040000000000873,0.512,,,,,0.433,0.352,0.349,0.29,,0.3250000000000455,0.24500000000000455,0.18299999999999272,0.16700000000003,0.11800000000005184,"{('cu', 'start'): 672.659, ('cu', 'h2dmalloc'): 672.718, ('cu', 'h2d'): 672.737, ('cu', 'workest'): 672.795, ('cu', 'compute'): 672.973, ('cu', 'copy'): 673.041, ('cu', 'pack'): 673.062, ('cu', 'd2h'): 673.087, ('gust', 'start'): 673.18, ('gust', 'h2d'): 673.261, ('gust', 'count'): 673.282, ('gust', 'scan'): 673.32, ('gust', 'expand'): 673.343, ('gust', 'sort'): 673.389, ('gust', 'reduce'): 673.43, ('gust', 'final'): 673.486, ('gust', 'pack'): 673.506, ('gust', 'd2h'): 673.517, ('merge', 'start'): 673.619, ('merge', 'h2d'): 673.694, ('merge', 'count'): 673.715, ('merge', 'scan'): 673.751, ('merge', 'expand'): 673.774, ('merge', 'merge'): 673.795, ('merge', 'final'): 673.833, ('merge', 'compact'): 673.858, ('merge', 'pack'): 673.877, ('merge', 'd2h'): 673.887, ('mrg2', 'start'): 673.977, ('mrg2', 'h2d'): 674.064, ('mrg2', 'count'): 674.091, ('mrg2', 'scan'): 674.127, ('mrg2', 'merge'): 674.152, ('mrg2', 'final'): 674.184, ('mrg2', 'compact'): 674.213, ('mrg2', 'pack'): 674.231, ('mrg2', 'd2h'): 674.241, ('mrg3', 'start'): 674.332, ('mrg3', 'h2d'): 674.409, ('mrg3', 'count'): 674.436, ('mrg3', 'scan'): 674.484, ('mrg3', 'merge'): 674.509, ('mrg3', 'pack'): 674.527, ('mrg3', 'd2h'): 674.538}",0.1266489271074533,0.1724160003941506
Extremely sparse,bcspwr10,5300,21842,0.07775720897116412,60498,60498,60498,60498,60498,0.0,,0.07399999999995543,0.26700000000005275,0.07600000000002183,0.15399999999999636,0.41700000000003,0.815,,,,,0.999,0.753,0.521,0.485,,0.4460000000000264,0.7300000000000182,0.49699999999995725,0.25900000000001455,0.21699999999998454,"{('cu', 'start'): 667.535, ('cu', 'h2dmalloc'): 667.623, ('cu', 'h2d'): 667.654, ('cu', 'workest'): 667.728, ('cu', 'compute'): 667.995, ('cu', 'copy'): 668.071, ('cu', 'pack'): 668.1, ('cu', 'd2h'): 668.254, ('gust', 'start'): 668.364, ('gust', 'h2d'): 668.471, ('gust', 'count'): 668.503, ('gust', 'scan'): 668.556, ('gust', 'expand'): 668.594, ('gust', 'sort'): 668.884, ('gust', 'reduce'): 669.02, ('gust', 'final'): 669.159, ('gust', 'pack'): 669.201, ('gust', 'd2h'): 669.254, ('merge', 'start'): 669.374, ('merge', 'h2d'): 669.481, ('merge', 'count'): 669.52, ('merge', 'scan'): 669.57, ('merge', 'expand'): 669.613, ('merge', 'merge'): 669.788, ('merge', 'final'): 669.84, ('merge', 'compact'): 669.947, ('merge', 'pack'): 669.978, ('merge', 'd2h'): 670.029, ('mrg2', 'start'): 670.137, ('mrg2', 'h2d'): 670.24, ('mrg2', 'count'): 670.282, ('mrg2', 'scan'): 670.331, ('mrg2', 'merge'): 670.394, ('mrg2', 'final'): 670.438, ('mrg2', 'compact'): 670.472, ('mrg2', 'pack'): 670.499, ('mrg2', 'd2h'): 670.55, ('mrg3', 'start'): 670.667, ('mrg3', 'h2d'): 670.777, ('mrg3', 'count'): 670.838, ('mrg3', 'scan'): 670.901, ('mrg3', 'merge'): 670.967, ('mrg3', 'pack'): 670.994, ('mrg3', 'd2h'): 671.046}",7.620363961905241,0.2347648013848811
Extremely sparse,bcsstm11,1473,1473,0.0678886625933469,1473,1473,1473,1473,1473,0.0,,0.06099999999992178,0.18299999999999272,0.06200000000001182,0.02800000000002001,0.30599999999992633,0.55,,,,,0.474,0.391,0.374,0.321,,0.3289999999999509,0.26099999999996726,0.19499999999993634,0.17200000000002547,0.1290000000000191,"{('cu', 'start'): 662.376, ('cu', 'h2dmalloc'): 662.442, ('cu', 'h2d'): 662.464, ('cu', 'workest'): 662.525, ('cu', 'compute'): 662.708, ('cu', 'copy'): 662.77, ('cu', 'pack'): 662.793, ('cu', 'd2h'): 662.821, ('gust', 'start'): 662.936, ('gust', 'h2d'): 663.024, ('gust', 'count'): 663.048, ('gust', 'scan'): 663.087, ('gust', 'expand'): 663.113, ('gust', 'sort'): 663.161, ('gust', 'reduce'): 663.204, ('gust', 'final'): 663.264, ('gust', 'pack'): 663.285, ('gust', 'd2h'): 663.297, ('merge', 'start'): 663.417, ('merge', 'h2d'): 663.498, ('merge', 'count'): 663.521, ('merge', 'scan'): 663.559, ('merge', 'expand'): 663.583, ('merge', 'merge'): 663.604, ('merge', 'final'): 663.645, ('merge', 'compact'): 663.674, ('merge', 'pack'): 663.693, ('merge', 'd2h'): 663.705, ('mrg2', 'start'): 663.815, ('mrg2', 'h2d'): 663.903, ('mrg2', 'count'): 663.928, ('mrg2', 'scan'): 663.965, ('mrg2', 'merge'): 663.992, ('mrg2', 'final'): 664.029, ('mrg2', 'compact'): 664.055, ('mrg2', 'pack'): 664.075, ('mrg2', 'd2h'): 664.087, ('mrg3', 'start'): 664.196, ('mrg3', 'h2d'): 664.273, ('mrg3', 'count'): 664.303, ('mrg3', 'scan'): 664.355, ('mrg3', 'merge'): 664.384, ('mrg3', 'pack'): 664.402, ('mrg3', 'd2h'): 664.414}",0.2223190385848283,0.173625600663945
Extremely sparse,bcsstm26,1922,1922,0.052029136316337155,1922,1922,1922,1922,1922,0.0,,0.06100000000003547,0.18399999999996908,0.07400000000006912,0.028999999999996362,0.31900000000007367,0.569,,,,,0.498,0.423,0.382,0.337,,0.3450000000000273,0.27700000000004366,0.21199999999998909,0.17799999999999727,0.1329999999999245,"{('cu', 'start'): 675.882, ('cu', 'h2dmalloc'): 675.947, ('cu', 'h2d'): 675.972, ('cu', 'workest'): 676.033, ('cu', 'compute'): 676.217, ('cu', 'copy'): 676.291, ('cu', 'pack'): 676.317, ('cu', 'd2h'): 676.346, ('gust', 'start'): 676.454, ('gust', 'h2d'): 676.549, ('gust', 'count'): 676.575, ('gust', 'scan'): 676.616, ('gust', 'expand'): 676.643, ('gust', 'sort'): 676.694, ('gust', 'reduce'): 676.743, ('gust', 'final'): 676.802, ('gust', 'pack'): 676.826, ('gust', 'd2h'): 676.838, ('merge', 'start'): 676.96, ('merge', 'h2d'): 677.054, ('merge', 'count'): 677.079, ('merge', 'scan'): 677.118, ('merge', 'expand'): 677.142, ('merge', 'merge'): 677.168, ('merge', 'final'): 677.208, ('merge', 'compact'): 677.237, ('merge', 'pack'): 677.266, ('merge', 'd2h'): 677.279, ('mrg2', 'start'): 677.392, ('mrg2', 'h2d'): 677.481, ('mrg2', 'count'): 677.506, ('mrg2', 'scan'): 677.545, ('mrg2', 'merge'): 677.575, ('mrg2', 'final'): 677.61, ('mrg2', 'compact'): 677.639, ('mrg2', 'pack'): 677.659, ('mrg2', 'd2h'): 677.671, ('mrg3', 'start'): 677.781, ('mrg3', 'h2d'): 677.868, ('mrg3', 'count'): 677.899, ('mrg3', 'scan'): 677.951, ('mrg3', 'merge'): 677.982, ('mrg3', 'pack'): 678.001, ('mrg3', 'd2h'): 678.014}",0.505893025547266,0.1740672001615166
Extremely sparse,bcsstm23,3134,3134,0.031908104658583285,3134,3134,3134,3134,3134,0.0,,0.06000000000005912,0.18699999999989814,0.06500000000005457,0.029999999999972715,0.3120000000000118,0.546,,,,,0.558,0.419,0.373,0.346,,0.33600000000001273,0.3410000000000082,0.22000000000002728,0.17799999999999727,0.1430000000000291,"{('cu', 'start'): 665.781, ('cu', 'h2dmalloc'): 665.843, ('cu', 'h2d'): 665.861, ('cu', 'workest'): 665.921, ('cu', 'compute'): 666.108, ('cu', 'copy'): 666.173, ('cu', 'pack'): 666.197, ('cu', 'd2h'): 666.227, ('gust', 'start'): 666.34, ('gust', 'h2d'): 666.424, ('gust', 'count'): 666.447, ('gust', 'scan'): 666.49, ('gust', 'expand'): 666.518, ('gust', 'sort'): 666.635, ('gust', 'reduce'): 666.68, ('gust', 'final'): 666.742, ('gust', 'pack'): 666.765, ('gust', 'd2h'): 666.777, ('merge', 'start'): 666.901, ('merge', 'h2d'): 666.981, ('merge', 'count'): 667.004, ('merge', 'scan'): 667.055, ('merge', 'expand'): 667.08, ('merge', 'merge'): 667.102, ('merge', 'final'): 667.142, ('merge', 'compact'): 667.182, ('merge', 'pack'): 667.201, ('merge', 'd2h'): 667.215, ('mrg2', 'start'): 667.328, ('mrg2', 'h2d'): 667.406, ('mrg2', 'count'): 667.43, ('mrg2', 'scan'): 667.469, ('mrg2', 'merge'): 667.498, ('mrg2', 'final'): 667.535, ('mrg2', 'compact'): 667.563, ('mrg2', 'pack'): 667.584, ('mrg2', 'd2h'): 667.598, ('mrg3', 'start'): 667.71, ('mrg3', 'h2d'): 667.786, ('mrg3', 'count'): 667.823, ('mrg3', 'scan'): 667.876, ('mrg3', 'merge'): 667.911, ('mrg3', 'pack'): 667.929, ('mrg3', 'd2h'): 667.944}",1.799254911020398,0.1709343997761607
Extremely sparse,bcsstm24,3562,3562,0.028074115665356544,3562,3562,3562,3562,3562,0.0,,0.07500000000004547,0.17499999999995453,0.07100000000002638,0.028999999999996362,0.3210000000000264,0.538,,,,,0.545,0.411,0.356,0.334,,0.34600000000000364,0.34799999999995634,0.22699999999997544,0.18299999999999272,0.16099999999994452,"{('cu', 'start'): 719.74, ('cu', 'h2dmalloc'): 719.798, ('cu', 'h2d'): 719.817, ('cu', 'workest'): 719.892, ('cu', 'compute'): 720.067, ('cu', 'copy'): 720.138, ('cu', 'pack'): 720.163, ('cu', 'd2h'): 720.192, ('gust', 'start'): 720.289, ('gust', 'h2d'): 720.37, ('gust', 'count'): 720.393, ('gust', 'scan'): 720.437, ('gust', 'expand'): 720.463, ('gust', 'sort'): 720.587, ('gust', 'reduce'): 720.631, ('gust', 'final'): 720.694, ('gust', 'pack'): 720.718, ('gust', 'd2h'): 720.732, ('merge', 'start'): 720.85, ('merge', 'h2d'): 720.933, ('merge', 'count'): 720.969, ('merge', 'scan'): 721.014, ('merge', 'expand'): 721.04, ('merge', 'merge'): 721.065, ('merge', 'final'): 721.109, ('merge', 'compact'): 721.138, ('merge', 'pack'): 721.16, ('merge', 'd2h'): 721.175, ('mrg2', 'start'): 721.266, ('mrg2', 'h2d'): 721.341, ('mrg2', 'count'): 721.368, ('mrg2', 'scan'): 721.408, ('mrg2', 'merge'): 721.436, ('mrg2', 'final'): 721.474, ('mrg2', 'compact'): 721.503, ('mrg2', 'pack'): 721.524, ('mrg2', 'd2h'): 721.539, ('mrg3', 'start'): 721.628, ('mrg3', 'h2d'): 721.701, ('mrg3', 'count'): 721.738, ('mrg3', 'scan'): 721.798, ('mrg3', 'merge'): 721.833, ('mrg3', 'pack'): 721.862, ('mrg3', 'd2h'): 721.876}",2.6030661538243294,0.177379199815914
Extremely sparse,bcsstm21,3600,3600,0.027777777777777776,3600,3600,3600,3600,3600,0.0,,0.06200000000001182,0.17899999999997362,0.06600000000003092,0.029999999999972715,0.30700000000001637,0.545,,,,,0.563,0.409,0.381,0.347,,0.33199999999999363,0.34399999999993724,0.21000000000003638,0.18700000000001182,0.15399999999999636,"{('cu', 'start'): 663.455, ('cu', 'h2dmalloc'): 663.521, ('cu', 'h2d'): 663.544, ('cu', 'workest'): 663.606, ('cu', 'compute'): 663.785, ('cu', 'copy'): 663.851, ('cu', 'pack'): 663.876, ('cu', 'd2h'): 663.906, ('gust', 'start'): 664.015, ('gust', 'h2d'): 664.099, ('gust', 'count'): 664.122, ('gust', 'scan'): 664.165, ('gust', 'expand'): 664.204, ('gust', 'sort'): 664.323, ('gust', 'reduce'): 664.367, ('gust', 'final'): 664.424, ('gust', 'pack'): 664.443, ('gust', 'd2h'): 664.456, ('merge', 'start'): 664.581, ('merge', 'h2d'): 664.664, ('merge', 'count'): 664.691, ('merge', 'scan'): 664.731, ('merge', 'expand'): 664.758, ('merge', 'merge'): 664.781, ('merge', 'final'): 664.825, ('merge', 'compact'): 664.855, ('merge', 'pack'): 664.874, ('merge', 'd2h'): 664.889, ('mrg2', 'start'): 664.996, ('mrg2', 'h2d'): 665.072, ('mrg2', 'count'): 665.094, ('mrg2', 'scan'): 665.135, ('mrg2', 'merge'): 665.16, ('mrg2', 'final'): 665.212, ('mrg2', 'compact'): 665.237, ('mrg2', 'pack'): 665.259, ('mrg2', 'd2h'): 665.277, ('mrg3', 'start'): 665.385, ('mrg3', 'h2d'): 665.463, ('mrg3', 'count'): 665.503, ('mrg3', 'scan'): 665.559, ('mrg3', 'merge'): 665.596, ('mrg3', 'pack'): 665.617, ('mrg3', 'd2h'): 665.633}",2.703153993934393,0.1742688002530485
Extremely sparse,bcsstm25,15439,15439,0.006477103439341926,15439,15439,15439,15439,15439,0.0,,0.05899999999996908,0.17300000000000182,0.07500000000004547,0.04399999999998272,0.30700000000001637,0.576,,,,,0.622,0.493,0.429,0.462,,0.3310000000000173,0.3910000000000764,0.2680000000000291,0.21199999999998909,0.2440000000000282,"{('cu', 'start'): 682.35, ('cu', 'h2dmalloc'): 682.417, ('cu', 'h2d'): 682.446, ('cu', 'workest'): 682.505, ('cu', 'compute'): 682.678, ('cu', 'copy'): 682.753, ('cu', 'pack'): 682.777, ('cu', 'd2h'): 682.821, ('gust', 'start'): 682.933, ('gust', 'h2d'): 683.03, ('gust', 'count'): 683.056, ('gust', 'scan'): 683.099, ('gust', 'expand'): 683.143, ('gust', 'sort'): 683.282, ('gust', 'reduce'): 683.327, ('gust', 'final'): 683.39, ('gust', 'pack'): 683.421, ('gust', 'd2h'): 683.445, ('merge', 'start'): 683.564, ('merge', 'h2d'): 683.655, ('merge', 'count'): 683.693, ('merge', 'scan'): 683.743, ('merge', 'expand'): 683.778, ('merge', 'merge'): 683.811, ('merge', 'final'): 683.855, ('merge', 'compact'): 683.897, ('merge', 'pack'): 683.923, ('merge', 'd2h'): 683.95, ('mrg2', 'start'): 684.064, ('mrg2', 'h2d'): 684.153, ('mrg2', 'count'): 684.186, ('mrg2', 'scan'): 684.225, ('mrg2', 'merge'): 684.262, ('mrg2', 'final'): 684.302, ('mrg2', 'compact'): 684.342, ('mrg2', 'pack'): 684.365, ('mrg2', 'd2h'): 684.39, ('mrg3', 'start'): 684.501, ('mrg3', 'h2d'): 684.588, ('mrg3', 'count'): 684.671, ('mrg3', 'scan'): 684.733, ('mrg3', 'merge'): 684.808, ('mrg3', 'pack'): 684.832, ('mrg3', 'd2h'): 684.856}",177.74743493646383,0.1879615992773324
