class,name,n,A_nnz,density_pct,cu_cnnz,man_cnnz,merge_cnnz,merge2_cnnz,merge3_cnnz,cnnz_gap_pct,buf2,cu_we,cu_compute,cu_copy,cu_d2h,cu_kernel,cu_time,cu_write,man_count,man_fill,man_kernel,man_time,merge_time,merge2_time,merge3_time,man_write,cu_compute_t,man_compute_t,merge_compute_t,merge2_compute_t,merge3_compute_t,phases,cublas_ms,ocean_ms
Dense,bcsstk02,66,4356,100.0,4356,4356,4356,4356,4356,0.0,,0.06700000000000728,0.2259999999999991,0.05200000000002092,0.10399999999992815,0.3450000000000273,0.641,,,,,1.066,1.899,0.564,0.33,,0.37000000000000455,0.8220000000000027,1.725999999999999,0.3909999999999627,0.15399999999999636,"{('cu', 'start'): 701.95, ('cu', 'h2dmalloc'): 702.027, ('cu', 'h2d'): 702.047, ('cu', 'workest'): 702.114, ('cu', 'compute'): 702.34, ('cu', 'copy'): 702.392, ('cu', 'pack'): 702.417, ('cu', 'd2h'): 702.521, ('gust', 'start'): 702.598, ('gust', 'h2d'): 702.674, ('gust', 'count'): 702.702, ('gust', 'scan'): 702.74, ('gust', 'expand'): 702.848, ('gust', 'sort'): 703.122, ('gust', 'reduce'): 703.285, ('gust', 'final'): 703.469, ('gust', 'pack'): 703.496, ('gust', 'd2h'): 703.517, ('merge', 'start'): 703.672, ('merge', 'h2d'): 703.75, ('merge', 'count'): 703.777, ('merge', 'scan'): 703.815, ('merge', 'expand'): 704.302, ('merge', 'merge'): 705.191, ('merge', 'final'): 705.309, ('merge', 'compact'): 705.45, ('merge', 'pack'): 705.476, ('merge', 'd2h'): 705.489, ('mrg2', 'start'): 705.578, ('mrg2', 'h2d'): 705.654, ('mrg2', 'count'): 705.678, ('mrg2', 'scan'): 705.715, ('mrg2', 'merge'): 705.889, ('mrg2', 'final'): 705.937, ('mrg2', 'compact'): 706.024, ('mrg2', 'pack'): 706.045, ('mrg2', 'd2h'): 706.057, ('mrg3', 'start'): 706.151, ('mrg3', 'h2d'): 706.225, ('mrg3', 'count'): 706.263, ('mrg3', 'scan'): 706.315, ('mrg3', 'merge'): 706.361, ('mrg3', 'pack'): 706.379, ('mrg3', 'd2h'): 706.393}",0.048649962991476,0.8423104024725034
Dense,can_24,24,160,27.77777777777778,336,336,336,336,336,0.0,,0.05600000000004002,0.15499999999997272,0.06000000000005912,0.027000000000043656,0.27100000000007185,0.491,,,,,0.444,0.409,0.35,0.296,,0.2939999999999827,0.2580000000000382,0.22699999999997544,0.17399999999997817,0.12199999999995725,"{('cu', 'start'): 677.585, ('cu', 'h2dmalloc'): 677.651, ('cu', 'h2d'): 677.665, ('cu', 'workest'): 677.721, ('cu', 'compute'): 677.876, ('cu', 'copy'): 677.936, ('cu', 'pack'): 677.959, ('cu', 'd2h'): 677.986, ('gust', 'start'): 678.086, ('gust', 'h2d'): 678.165, ('gust', 'count'): 678.189, ('gust', 'scan'): 678.227, ('gust', 'expand'): 678.251, ('gust', 'sort'): 678.306, ('gust', 'reduce'): 678.348, ('gust', 'final'): 678.401, ('gust', 'pack'): 678.423, ('gust', 'd2h'): 678.433, ('merge', 'start'): 678.539, ('merge', 'h2d'): 678.613, ('merge', 'count'): 678.636, ('merge', 'scan'): 678.672, ('merge', 'expand'): 678.708, ('merge', 'merge'): 678.756, ('merge', 'final'): 678.795, ('merge', 'compact'): 678.822, ('merge', 'pack'): 678.84, ('merge', 'd2h'): 678.851, ('mrg2', 'start'): 678.956, ('mrg2', 'h2d'): 679.032, ('mrg2', 'count'): 679.056, ('mrg2', 'scan'): 679.092, ('mrg2', 'merge'): 679.128, ('mrg2', 'final'): 679.163, ('mrg2', 'compact'): 679.187, ('mrg2', 'pack'): 679.206, ('mrg2', 'd2h'): 679.215, ('mrg3', 'start'): 679.315, ('mrg3', 'h2d'): 679.389, ('mrg3', 'count'): 679.415, ('mrg3', 'scan'): 679.465, ('mrg3', 'merge'): 679.493, ('mrg3', 'pack'): 679.511, ('mrg3', 'd2h'): 679.522}",0.0485549680888652,0.200505601754412
Dense,bcsstk04,132,3648,20.9366391184573,11968,11968,11968,11968,11968,0.0,,0.06499999999994088,0.24700000000007094,0.05999999999994543,0.10400000000004184,0.37199999999995725,0.646,,,,,0.817,1.276,0.468,0.354,,0.39199999999993906,0.6259999999999764,1.0910000000000082,0.2869999999999209,0.17200000000002547,"{('cu', 'start'): 692.235, ('cu', 'h2dmalloc'): 692.295, ('cu', 'h2d'): 692.312, ('cu', 'workest'): 692.377, ('cu', 'compute'): 692.624, ('cu', 'copy'): 692.684, ('cu', 'pack'): 692.704, ('cu', 'd2h'): 692.808, ('gust', 'start'): 692.89, ('gust', 'h2d'): 692.966, ('gust', 'count'): 692.995, ('gust', 'scan'): 693.035, ('gust', 'expand'): 693.075, ('gust', 'sort'): 693.327, ('gust', 'reduce'): 693.447, ('gust', 'final'): 693.567, ('gust', 'pack'): 693.592, ('gust', 'd2h'): 693.616, ('merge', 'start'): 693.714, ('merge', 'h2d'): 693.79, ('merge', 'count'): 693.816, ('merge', 'scan'): 693.851, ('merge', 'expand'): 694.024, ('merge', 'merge'): 694.728, ('merge', 'final'): 694.772, ('merge', 'compact'): 694.859, ('merge', 'pack'): 694.881, ('merge', 'd2h'): 694.905, ('mrg2', 'start'): 694.997, ('mrg2', 'h2d'): 695.071, ('mrg2', 'count'): 695.094, ('mrg2', 'scan'): 695.131, ('mrg2', 'merge'): 695.281, ('mrg2', 'final'): 695.318, ('mrg2', 'compact'): 695.341, ('mrg2', 'pack'): 695.358, ('mrg2', 'd2h'): 695.376, ('mrg3', 'start'): 695.472, ('mrg3', 'h2d'): 695.548, ('mrg3', 'count'): 695.593, ('mrg3', 'scan'): 695.643, ('mrg3', 'merge'): 695.697, ('mrg3', 'pack'): 695.72, ('mrg3', 'd2h'): 695.738}",0.032111071050167,0.5066080007469281
Dense,bcsstk01,48,400,17.36111111111111,1292,1292,1292,1292,1292,0.0,,0.05700000000001637,0.15399999999999636,0.05599999999992633,0.02800000000002001,0.26699999999993906,0.479,,,,,0.524,0.441,0.375,0.306,,0.2899999999999636,0.32600000000002183,0.26100000000008095,0.19100000000003092,0.12799999999992906,"{('cu', 'start'): 663.912, ('cu', 'h2dmalloc'): 663.974, ('cu', 'h2d'): 663.99, ('cu', 'workest'): 664.047, ('cu', 'compute'): 664.201, ('cu', 'copy'): 664.257, ('cu', 'pack'): 664.28, ('cu', 'd2h'): 664.308, ('gust', 'start'): 664.4, ('gust', 'h2d'): 664.487, ('gust', 'count'): 664.512, ('gust', 'scan'): 664.55, ('gust', 'expand'): 664.576, ('gust', 'sort'): 664.693, ('gust', 'reduce'): 664.736, ('gust', 'final'): 664.791, ('gust', 'pack'): 664.813, ('gust', 'd2h'): 664.824, ('merge', 'start'): 664.932, ('merge', 'h2d'): 665.011, ('merge', 'count'): 665.036, ('merge', 'scan'): 665.072, ('merge', 'expand'): 665.107, ('merge', 'merge'): 665.18, ('merge', 'final'): 665.22, ('merge', 'compact'): 665.254, ('merge', 'pack'): 665.272, ('merge', 'd2h'): 665.284, ('mrg2', 'start'): 665.379, ('mrg2', 'h2d'): 665.461, ('mrg2', 'count'): 665.485, ('mrg2', 'scan'): 665.522, ('mrg2', 'merge'): 665.571, ('mrg2', 'final'): 665.605, ('mrg2', 'compact'): 665.632, ('mrg2', 'pack'): 665.652, ('mrg2', 'd2h'): 665.664, ('mrg3', 'start'): 665.76, ('mrg3', 'h2d'): 665.835, ('mrg3', 'count'): 665.866, ('mrg3', 'scan'): 665.914, ('mrg3', 'merge'): 665.945, ('mrg3', 'pack'): 665.963, ('mrg3', 'd2h'): 665.975}",0.0481798779219388,0.3114016004838049
Dense,can_61,61,557,14.969094329481322,1793,1793,1793,1793,1793,0.0,,0.05899999999996908,0.15300000000002,0.05700000000001637,0.033999999999991815,0.26900000000000546,0.493,,,,,0.485,0.506,0.342,0.278,,0.2899999999999636,0.30299999999999727,0.33999999999991815,0.18099999999992633,0.12100000000009459,"{('cu', 'start'): 684.795, ('cu', 'h2dmalloc'): 684.858, ('cu', 'h2d'): 684.874, ('cu', 'workest'): 684.933, ('cu', 'compute'): 685.086, ('cu', 'copy'): 685.143, ('cu', 'pack'): 685.164, ('cu', 'd2h'): 685.198, ('gust', 'start'): 685.298, ('gust', 'h2d'): 685.376, ('gust', 'count'): 685.397, ('gust', 'scan'): 685.435, ('gust', 'expand'): 685.46, ('gust', 'sort'): 685.569, ('gust', 'reduce'): 685.609, ('gust', 'final'): 685.662, ('gust', 'pack'): 685.679, ('gust', 'd2h'): 685.69, ('merge', 'start'): 685.789, ('merge', 'h2d'): 685.863, ('merge', 'count'): 685.883, ('merge', 'scan'): 685.919, ('merge', 'expand'): 685.964, ('merge', 'merge'): 686.113, ('merge', 'final'): 686.15, ('merge', 'compact'): 686.182, ('merge', 'pack'): 686.203, ('merge', 'd2h'): 686.213, ('mrg2', 'start'): 686.302, ('mrg2', 'h2d'): 686.374, ('mrg2', 'count'): 686.394, ('mrg2', 'scan'): 686.429, ('mrg2', 'merge'): 686.483, ('mrg2', 'final'): 686.515, ('mrg2', 'compact'): 686.537, ('mrg2', 'pack'): 686.555, ('mrg2', 'd2h'): 686.565, ('mrg3', 'start'): 686.65, ('mrg3', 'h2d'): 686.718, ('mrg3', 'count'): 686.743, ('mrg3', 'scan'): 686.792, ('mrg3', 'merge'): 686.822, ('mrg3', 'pack'): 686.839, ('mrg3', 'd2h'): 686.849}",0.0485938508063554,0.3196064006071538
Dense,bcsstk05,153,2423,10.350719808620616,7245,7245,7245,7245,7245,0.0,,0.05600000000004002,0.17099999999993543,0.06900000000007367,0.03300000000001546,0.2960000000000491,0.529,,,,,0.553,0.594,0.394,0.349,,0.31899999999996,0.3529999999999518,0.40300000000002,0.20600000000001728,0.16499999999996362,"{('cu', 'start'): 672.802, ('cu', 'h2dmalloc'): 672.866, ('cu', 'h2d'): 672.89, ('cu', 'workest'): 672.946, ('cu', 'compute'): 673.117, ('cu', 'copy'): 673.186, ('cu', 'pack'): 673.209, ('cu', 'd2h'): 673.242, ('gust', 'start'): 673.338, ('gust', 'h2d'): 673.422, ('gust', 'count'): 673.448, ('gust', 'scan'): 673.485, ('gust', 'expand'): 673.524, ('gust', 'sort'): 673.651, ('gust', 'reduce'): 673.694, ('gust', 'final'): 673.753, ('gust', 'pack'): 673.775, ('gust', 'd2h'): 673.797, ('merge', 'start'): 673.898, ('merge', 'h2d'): 673.985, ('merge', 'count'): 674.01, ('merge', 'scan'): 674.046, ('merge', 'expand'): 674.112, ('merge', 'merge'): 674.294, ('merge', 'final'): 674.335, ('merge', 'compact'): 674.369, ('merge', 'pack'): 674.388, ('merge', 'd2h'): 674.403, ('mrg2', 'start'): 674.499, ('mrg2', 'h2d'): 674.583, ('mrg2', 'count'): 674.607, ('mrg2', 'scan'): 674.643, ('mrg2', 'merge'): 674.708, ('mrg2', 'final'): 674.745, ('mrg2', 'compact'): 674.77, ('mrg2', 'pack'): 674.789, ('mrg2', 'd2h'): 674.805, ('mrg3', 'start'): 674.901, ('mrg3', 'h2d'): 674.975, ('mrg3', 'count'): 675.014, ('mrg3', 'scan'): 675.065, ('mrg3', 'merge'): 675.11, ('mrg3', 'pack'): 675.14, ('mrg3', 'd2h'): 675.155}",0.0504700001329183,0.3433056008070707
Mildly sparse,bcspwr01,39,131,8.61275476660092,275,275,275,275,275,0.0,,0.05700000000001637,0.1490000000000009,0.057999999999992724,0.026000000000067303,0.26400000000001,0.48,,,,,0.437,0.39,0.339,0.291,,0.2869999999999209,0.25499999999999545,0.20900000000006003,0.1710000000000491,0.12400000000002365,"{('cu', 'start'): 674.984, ('cu', 'h2dmalloc'): 675.047, ('cu', 'h2d'): 675.066, ('cu', 'workest'): 675.123, ('cu', 'compute'): 675.272, ('cu', 'copy'): 675.33, ('cu', 'pack'): 675.353, ('cu', 'd2h'): 675.379, ('gust', 'start'): 675.472, ('gust', 'h2d'): 675.547, ('gust', 'count'): 675.573, ('gust', 'scan'): 675.61, ('gust', 'expand'): 675.637, ('gust', 'sort'): 675.683, ('gust', 'reduce'): 675.725, ('gust', 'final'): 675.781, ('gust', 'pack'): 675.802, ('gust', 'd2h'): 675.812, ('merge', 'start'): 675.917, ('merge', 'h2d'): 676.001, ('merge', 'count'): 676.026, ('merge', 'scan'): 676.064, ('merge', 'expand'): 676.089, ('merge', 'merge'): 676.124, ('merge', 'final'): 676.164, ('merge', 'compact'): 676.191, ('merge', 'pack'): 676.21, ('merge', 'd2h'): 676.22, ('mrg2', 'start'): 676.315, ('mrg2', 'h2d'): 676.385, ('mrg2', 'count'): 676.408, ('mrg2', 'scan'): 676.444, ('mrg2', 'merge'): 676.477, ('mrg2', 'final'): 676.51, ('mrg2', 'compact'): 676.538, ('mrg2', 'pack'): 676.556, ('mrg2', 'd2h'): 676.567, ('mrg3', 'start'): 676.662, ('mrg3', 'h2d'): 676.732, ('mrg3', 'count'): 676.76, ('mrg3', 'scan'): 676.809, ('mrg3', 'merge'): 676.838, ('mrg3', 'pack'): 676.856, ('mrg3', 'd2h'): 676.867}",0.048565911129117,0.1935200008330866
Mildly sparse,can_96,96,768,8.333333333333332,1920,1920,1920,1920,1920,0.0,,0.06399999999996453,0.16099999999994452,0.059000000000082764,0.026000000000067303,0.2839999999999918,0.503,,,,,0.535,0.427,0.379,0.309,,0.30599999999992633,0.3249999999999318,0.2319999999999709,0.19499999999993634,0.125,"{('cu', 'start'): 680.111, ('cu', 'h2dmalloc'): 680.173, ('cu', 'h2d'): 680.19, ('cu', 'workest'): 680.254, ('cu', 'compute'): 680.415, ('cu', 'copy'): 680.474, ('cu', 'pack'): 680.496, ('cu', 'd2h'): 680.522, ('gust', 'start'): 680.624, ('gust', 'h2d'): 680.711, ('gust', 'count'): 680.735, ('gust', 'scan'): 680.776, ('gust', 'expand'): 680.8, ('gust', 'sort'): 680.915, ('gust', 'reduce'): 680.958, ('gust', 'final'): 681.015, ('gust', 'pack'): 681.036, ('gust', 'd2h'): 681.048, ('merge', 'start'): 681.165, ('merge', 'h2d'): 681.248, ('merge', 'count'): 681.274, ('merge', 'scan'): 681.311, ('merge', 'expand'): 681.344, ('merge', 'merge'): 681.397, ('merge', 'final'): 681.437, ('merge', 'compact'): 681.462, ('merge', 'pack'): 681.48, ('merge', 'd2h'): 681.492, ('mrg2', 'start'): 681.598, ('mrg2', 'h2d'): 681.672, ('mrg2', 'count'): 681.695, ('mrg2', 'scan'): 681.741, ('mrg2', 'merge'): 681.784, ('mrg2', 'final'): 681.822, ('mrg2', 'compact'): 681.845, ('mrg2', 'pack'): 681.867, ('mrg2', 'd2h'): 681.879, ('mrg3', 'start'): 681.982, ('mrg3', 'h2d'): 682.057, ('mrg3', 'count'): 682.084, ('mrg3', 'scan'): 682.135, ('mrg3', 'merge'): 682.164, ('mrg3', 'pack'): 682.182, ('mrg3', 'd2h'): 682.194}",0.0494441483169794,0.2881503999466077
Mildly sparse,arc130,130,1282,7.585798816568047,15631,15631,15631,15631,15631,0.0,,0.06299999999998818,0.18899999999996453,0.06200000000001182,0.03600000000005821,0.31399999999996453,0.547,,,,,0.606,1.739,0.546,0.396,,0.3349999999999227,0.3789999999999054,1.5360000000000582,0.3450000000000273,0.19799999999997908,"{('cu', 'start'): 688.509, ('cu', 'h2dmalloc'): 688.573, ('cu', 'h2d'): 688.59, ('cu', 'workest'): 688.653, ('cu', 'compute'): 688.842, ('cu', 'copy'): 688.904, ('cu', 'pack'): 688.925, ('cu', 'd2h'): 688.961, ('gust', 'start'): 689.063, ('gust', 'h2d'): 689.157, ('gust', 'count'): 689.186, ('gust', 'scan'): 689.226, ('gust', 'expand'): 689.271, ('gust', 'sort'): 689.407, ('gust', 'reduce'): 689.452, ('gust', 'final'): 689.515, ('gust', 'pack'): 689.536, ('gust', 'd2h'): 689.563, ('merge', 'start'): 689.678, ('merge', 'h2d'): 689.761, ('merge', 'count'): 689.788, ('merge', 'scan'): 689.829, ('merge', 'expand'): 689.97, ('merge', 'merge'): 691.214, ('merge', 'final'): 691.255, ('merge', 'compact'): 691.279, ('merge', 'pack'): 691.297, ('merge', 'd2h'): 691.317, ('mrg2', 'start'): 691.423, ('mrg2', 'h2d'): 691.506, ('mrg2', 'count'): 691.531, ('mrg2', 'scan'): 691.569, ('mrg2', 'merge'): 691.775, ('mrg2', 'final'): 691.81, ('mrg2', 'compact'): 691.833, ('mrg2', 'pack'): 691.851, ('mrg2', 'd2h'): 691.871, ('mrg3', 'start'): 691.978, ('mrg3', 'h2d'): 692.058, ('mrg3', 'count'): 692.11, ('mrg3', 'scan'): 692.173, ('mrg3', 'merge'): 692.236, ('mrg3', 'pack'): 692.256, ('mrg3', 'd2h'): 692.275}",0.0415011309087276,0.368313598074019
Mildly sparse,ash85,85,523,7.2387543252595155,1317,1317,1317,1317,1317,0.0,,0.057999999999992724,0.15999999999996817,0.05700000000001637,0.028999999999996362,0.27499999999997726,0.49,,,,,0.525,0.411,0.361,0.302,,0.2980000000000018,0.3349999999999227,0.23500000000001364,0.18900000000007822,0.13199999999994816,"{('cu', 'start'): 672.647, ('cu', 'h2dmalloc'): 672.709, ('cu', 'h2d'): 672.725, ('cu', 'workest'): 672.783, ('cu', 'compute'): 672.943, ('cu', 'copy'): 673.0, ('cu', 'pack'): 673.023, ('cu', 'd2h'): 673.052, ('gust', 'start'): 673.151, ('gust', 'h2d'): 673.229, ('gust', 'count'): 673.253, ('gust', 'scan'): 673.291, ('gust', 'expand'): 673.327, ('gust', 'sort'): 673.443, ('gust', 'reduce'): 673.487, ('gust', 'final'): 673.542, ('gust', 'pack'): 673.564, ('gust', 'd2h'): 673.575, ('merge', 'start'): 673.683, ('merge', 'h2d'): 673.763, ('merge', 'count'): 673.786, ('merge', 'scan'): 673.824, ('merge', 'expand'): 673.855, ('merge', 'merge'): 673.913, ('merge', 'final'): 673.951, ('merge', 'compact'): 673.98, ('merge', 'pack'): 673.998, ('merge', 'd2h'): 674.009, ('mrg2', 'start'): 674.102, ('mrg2', 'h2d'): 674.174, ('mrg2', 'count'): 674.198, ('mrg2', 'scan'): 674.235, ('mrg2', 'merge'): 674.275, ('mrg2', 'final'): 674.317, ('mrg2', 'compact'): 674.344, ('mrg2', 'pack'): 674.363, ('mrg2', 'd2h'): 674.374, ('mrg3', 'start'): 674.471, ('mrg3', 'h2d'): 674.542, ('mrg3', 'count'): 674.572, ('mrg3', 'scan'): 674.623, ('mrg3', 'merge'): 674.656, ('mrg3', 'pack'): 674.674, ('mrg3', 'd2h'): 674.685}",0.031420961022377,0.2054463999113068
Mildly sparse,can_73,73,377,7.0744980296490905,1377,1377,1377,1377,1377,0.0,,0.05600000000004002,0.17399999999997817,0.05600000000004002,0.028999999999996362,0.2860000000000582,0.501,,,,,0.449,0.415,0.352,0.303,,0.3079999999999927,0.26400000000001,0.24099999999998545,0.18200000000001637,0.1290000000000191,"{('cu', 'start'): 668.289, ('cu', 'h2dmalloc'): 668.351, ('cu', 'h2d'): 668.366, ('cu', 'workest'): 668.422, ('cu', 'compute'): 668.596, ('cu', 'copy'): 668.652, ('cu', 'pack'): 668.674, ('cu', 'd2h'): 668.703, ('gust', 'start'): 668.8, ('gust', 'h2d'): 668.879, ('gust', 'count'): 668.904, ('gust', 'scan'): 668.943, ('gust', 'expand'): 668.973, ('gust', 'sort'): 669.021, ('gust', 'reduce'): 669.064, ('gust', 'final'): 669.12, ('gust', 'pack'): 669.143, ('gust', 'd2h'): 669.153, ('merge', 'start'): 669.256, ('merge', 'h2d'): 669.331, ('merge', 'count'): 669.355, ('merge', 'scan'): 669.392, ('merge', 'expand'): 669.425, ('merge', 'merge'): 669.479, ('merge', 'final'): 669.525, ('merge', 'compact'): 669.553, ('merge', 'pack'): 669.572, ('merge', 'd2h'): 669.584, ('mrg2', 'start'): 669.677, ('mrg2', 'h2d'): 669.751, ('mrg2', 'count'): 669.774, ('mrg2', 'scan'): 669.809, ('mrg2', 'merge'): 669.854, ('mrg2', 'final'): 669.889, ('mrg2', 'compact'): 669.915, ('mrg2', 'pack'): 669.933, ('mrg2', 'd2h'): 669.945, ('mrg3', 'start'): 670.038, ('mrg3', 'h2d'): 670.109, ('mrg3', 'count'): 670.139, ('mrg3', 'scan'): 670.187, ('mrg3', 'merge'): 670.22, ('mrg3', 'pack'): 670.238, ('mrg3', 'd2h'): 670.25}",0.035623088479042,0.2048031997866928
Mildly sparse,bcspwr02,49,167,6.9554352353186175,403,403,403,403,403,0.0,,0.05299999999999727,0.15999999999996817,0.053999999999973625,0.024999999999977263,0.26699999999993906,0.481,,,,,0.445,0.403,0.343,0.298,,0.2899999999999636,0.2599999999999909,0.2179999999999609,0.17300000000000182,0.1209999999999809,"{('cu', 'start'): 682.657, ('cu', 'h2dmalloc'): 682.725, ('cu', 'h2d'): 682.74, ('cu', 'workest'): 682.793, ('cu', 'compute'): 682.953, ('cu', 'copy'): 683.007, ('cu', 'pack'): 683.03, ('cu', 'd2h'): 683.055, ('gust', 'start'): 683.147, ('gust', 'h2d'): 683.224, ('gust', 'count'): 683.248, ('gust', 'scan'): 683.284, ('gust', 'expand'): 683.31, ('gust', 'sort'): 683.36, ('gust', 'reduce'): 683.4, ('gust', 'final'): 683.464, ('gust', 'pack'): 683.484, ('gust', 'd2h'): 683.495, ('merge', 'start'): 683.601, ('merge', 'h2d'): 683.688, ('merge', 'count'): 683.716, ('merge', 'scan'): 683.754, ('merge', 'expand'): 683.783, ('merge', 'merge'): 683.819, ('merge', 'final'): 683.86, ('merge', 'compact'): 683.888, ('merge', 'pack'): 683.906, ('merge', 'd2h'): 683.918, ('mrg2', 'start'): 684.012, ('mrg2', 'h2d'): 684.086, ('mrg2', 'count'): 684.108, ('mrg2', 'scan'): 684.144, ('mrg2', 'merge'): 684.181, ('mrg2', 'final'): 684.214, ('mrg2', 'compact'): 684.241, ('mrg2', 'pack'): 684.259, ('mrg2', 'd2h'): 684.27, ('mrg3', 'start'): 684.363, ('mrg3', 'h2d'): 684.434, ('mrg3', 'count'): 684.46, ('mrg3', 'scan'): 684.51, ('mrg3', 'merge'): 684.537, ('mrg3', 'pack'): 684.555, ('mrg3', 'd2h'): 684.565}",0.0405199825763702,0.1976927993819117
Mildly sparse,can_144,144,1296,6.25,3456,3456,3456,3456,3456,0.0,,0.06399999999996453,0.15399999999999636,0.05700000000001637,0.038000000000010914,0.27499999999997726,0.511,,,,,0.539,0.475,0.395,0.322,,0.2980000000000018,0.3349999999999227,0.28899999999998727,0.20400000000006457,0.14299999999991542,"{('cu', 'start'): 682.268, ('cu', 'h2dmalloc'): 682.333, ('cu', 'h2d'): 682.351, ('cu', 'workest'): 682.415, ('cu', 'compute'): 682.569, ('cu', 'copy'): 682.626, ('cu', 'pack'): 682.649, ('cu', 'd2h'): 682.687, ('gust', 'start'): 682.789, ('gust', 'h2d'): 682.878, ('gust', 'count'): 682.903, ('gust', 'scan'): 682.943, ('gust', 'expand'): 682.972, ('gust', 'sort'): 683.088, ('gust', 'reduce'): 683.133, ('gust', 'final'): 683.19, ('gust', 'pack'): 683.213, ('gust', 'd2h'): 683.224, ('merge', 'start'): 683.336, ('merge', 'h2d'): 683.415, ('merge', 'count'): 683.439, ('merge', 'scan'): 683.475, ('merge', 'expand'): 683.513, ('merge', 'merge'): 683.599, ('merge', 'final'): 683.64, ('merge', 'compact'): 683.676, ('merge', 'pack'): 683.704, ('merge', 'd2h'): 683.717, ('mrg2', 'start'): 683.817, ('mrg2', 'h2d'): 683.9, ('mrg2', 'count'): 683.924, ('mrg2', 'scan'): 683.963, ('mrg2', 'merge'): 684.012, ('mrg2', 'final'): 684.051, ('mrg2', 'compact'): 684.085, ('mrg2', 'pack'): 684.104, ('mrg2', 'd2h'): 684.117, ('mrg3', 'start'): 684.219, ('mrg3', 'h2d'): 684.296, ('mrg3', 'count'): 684.33, ('mrg3', 'scan'): 684.381, ('mrg3', 'merge'): 684.417, ('mrg3', 'pack'): 684.439, ('mrg3', 'd2h'): 684.451}",0.0420529395341873,0.3245952002005652
Mildly sparse,can_62,62,218,5.6711758584807495,482,482,482,482,482,0.0,,0.056999999999902684,0.1490000000000009,0.05600000000004002,0.025999999999953616,0.2619999999999436,0.476,,,,,0.464,0.383,0.341,0.306,,0.2839999999999918,0.27099999999995816,0.20899999999994634,0.17300000000000182,0.12599999999997635,"{('cu', 'start'): 670.037, ('cu', 'h2dmalloc'): 670.102, ('cu', 'h2d'): 670.118, ('cu', 'workest'): 670.175, ('cu', 'compute'): 670.324, ('cu', 'copy'): 670.38, ('cu', 'pack'): 670.402, ('cu', 'd2h'): 670.428, ('gust', 'start'): 670.523, ('gust', 'h2d'): 670.605, ('gust', 'count'): 670.632, ('gust', 'scan'): 670.67, ('gust', 'expand'): 670.698, ('gust', 'sort'): 670.747, ('gust', 'reduce'): 670.799, ('gust', 'final'): 670.854, ('gust', 'pack'): 670.876, ('gust', 'd2h'): 670.886, ('merge', 'start'): 670.994, ('merge', 'h2d'): 671.07, ('merge', 'count'): 671.095, ('merge', 'scan'): 671.132, ('merge', 'expand'): 671.159, ('merge', 'merge'): 671.196, ('merge', 'final'): 671.235, ('merge', 'compact'): 671.261, ('merge', 'pack'): 671.279, ('merge', 'd2h'): 671.29, ('mrg2', 'start'): 671.384, ('mrg2', 'h2d'): 671.455, ('mrg2', 'count'): 671.478, ('mrg2', 'scan'): 671.512, ('mrg2', 'merge'): 671.549, ('mrg2', 'final'): 671.582, ('mrg2', 'compact'): 671.607, ('mrg2', 'pack'): 671.628, ('mrg2', 'd2h'): 671.637, ('mrg3', 'start'): 671.732, ('mrg3', 'h2d'): 671.811, ('mrg3', 'count'): 671.84, ('mrg3', 'scan'): 671.89, ('mrg3', 'merge'): 671.919, ('mrg3', 'pack'): 671.937, ('mrg3', 'd2h'): 671.948}",0.0373909715563058,0.1958719994872808
Mildly sparse,can_161,161,1377,5.31229505034528,3761,3761,3761,3761,3761,0.0,,0.06499999999994088,0.15300000000002,0.057999999999992724,0.031000000000062755,0.2759999999999536,0.588,,,,,0.547,0.468,0.367,0.365,,0.2999999999999545,0.33299999999997,0.28099999999994907,0.18200000000001637,0.16800000000000637,"{('cu', 'start'): 681.157, ('cu', 'h2dmalloc'): 681.296, ('cu', 'h2d'): 681.322, ('cu', 'workest'): 681.387, ('cu', 'compute'): 681.54, ('cu', 'copy'): 681.598, ('cu', 'pack'): 681.622, ('cu', 'd2h'): 681.653, ('gust', 'start'): 681.751, ('gust', 'h2d'): 681.837, ('gust', 'count'): 681.862, ('gust', 'scan'): 681.902, ('gust', 'expand'): 681.929, ('gust', 'sort'): 682.045, ('gust', 'reduce'): 682.09, ('gust', 'final'): 682.147, ('gust', 'pack'): 682.17, ('gust', 'd2h'): 682.188, ('merge', 'start'): 682.308, ('merge', 'h2d'): 682.392, ('merge', 'count'): 682.418, ('merge', 'scan'): 682.455, ('merge', 'expand'): 682.491, ('merge', 'merge'): 682.582, ('merge', 'final'): 682.624, ('merge', 'compact'): 682.655, ('merge', 'pack'): 682.673, ('merge', 'd2h'): 682.686, ('mrg2', 'start'): 682.783, ('mrg2', 'h2d'): 682.865, ('mrg2', 'count'): 682.889, ('mrg2', 'scan'): 682.924, ('mrg2', 'merge'): 682.968, ('mrg2', 'final'): 683.003, ('mrg2', 'compact'): 683.029, ('mrg2', 'pack'): 683.047, ('mrg2', 'd2h'): 683.06, ('mrg3', 'start'): 683.158, ('mrg3', 'h2d'): 683.251, ('mrg3', 'count'): 683.289, ('mrg3', 'scan'): 683.346, ('mrg3', 'merge'): 683.39, ('mrg3', 'pack'): 683.419, ('mrg3', 'd2h'): 683.431}",0.0426000915467739,0.3258399992715566
Mildly sparse,bcsstk03,112,640,5.1020408163265305,1072,1072,1072,1072,1072,0.0,,0.055000000000063665,0.16399999999998727,0.057999999999992724,0.029999999999972715,0.27700000000004366,0.494,,,,,0.521,0.388,0.338,0.293,,0.3000000000000682,0.33400000000006,0.21600000000000819,0.16800000000000637,0.1269999999999527,"{('cu', 'start'): 681.824, ('cu', 'h2dmalloc'): 681.885, ('cu', 'h2d'): 681.901, ('cu', 'workest'): 681.956, ('cu', 'compute'): 682.12, ('cu', 'copy'): 682.178, ('cu', 'pack'): 682.201, ('cu', 'd2h'): 682.231, ('gust', 'start'): 682.33, ('gust', 'h2d'): 682.41, ('gust', 'count'): 682.438, ('gust', 'scan'): 682.477, ('gust', 'expand'): 682.501, ('gust', 'sort'): 682.615, ('gust', 'reduce'): 682.659, ('gust', 'final'): 682.72, ('gust', 'pack'): 682.744, ('gust', 'd2h'): 682.754, ('merge', 'start'): 682.856, ('merge', 'h2d'): 682.93, ('merge', 'count'): 682.951, ('merge', 'scan'): 682.988, ('merge', 'expand'): 683.023, ('merge', 'merge'): 683.055, ('merge', 'final'): 683.094, ('merge', 'compact'): 683.125, ('merge', 'pack'): 683.146, ('merge', 'd2h'): 683.156, ('mrg2', 'start'): 683.251, ('mrg2', 'h2d'): 683.324, ('mrg2', 'count'): 683.346, ('mrg2', 'scan'): 683.381, ('mrg2', 'merge'): 683.414, ('mrg2', 'final'): 683.447, ('mrg2', 'compact'): 683.474, ('mrg2', 'pack'): 683.492, ('mrg2', 'd2h'): 683.504, ('mrg3', 'start'): 683.596, ('mrg3', 'h2d'): 683.666, ('mrg3', 'count'): 683.69, ('mrg3', 'scan'): 683.745, ('mrg3', 'merge'): 683.775, ('mrg3', 'pack'): 683.793, ('mrg3', 'd2h'): 683.802}",0.0386829487979412,0.1752896012505516
Mildly sparse,bcsstk06,420,7860,4.45578231292517,23660,23660,23660,23660,23660,0.0,,0.05899999999996908,0.25500000000010914,0.06299999999998818,0.12799999999992906,0.3770000000000664,0.687,,,,,0.873,0.861,0.435,0.379,,0.39600000000007185,0.5800000000000409,0.5739999999999554,0.22699999999997544,0.17399999999997817,"{('cu', 'start'): 696.671, ('cu', 'h2dmalloc'): 696.734, ('cu', 'h2d'): 696.751, ('cu', 'workest'): 696.81, ('cu', 'compute'): 697.065, ('cu', 'copy'): 697.128, ('cu', 'pack'): 697.147, ('cu', 'd2h'): 697.275, ('gust', 'start'): 697.366, ('gust', 'h2d'): 697.448, ('gust', 'count'): 697.47, ('gust', 'scan'): 697.511, ('gust', 'expand'): 697.542, ('gust', 'sort'): 697.82, ('gust', 'reduce'): 697.933, ('gust', 'final'): 698.004, ('gust', 'pack'): 698.028, ('gust', 'd2h'): 698.06, ('merge', 'start'): 698.246, ('merge', 'h2d'): 698.327, ('merge', 'count'): 698.35, ('merge', 'scan'): 698.388, ('merge', 'expand'): 698.473, ('merge', 'merge'): 698.81, ('merge', 'final'): 698.854, ('merge', 'compact'): 698.882, ('merge', 'pack'): 698.901, ('merge', 'd2h'): 698.927, ('mrg2', 'start'): 699.115, ('mrg2', 'h2d'): 699.195, ('mrg2', 'count'): 699.22, ('mrg2', 'scan'): 699.259, ('mrg2', 'merge'): 699.338, ('mrg2', 'final'): 699.376, ('mrg2', 'compact'): 699.402, ('mrg2', 'pack'): 699.422, ('mrg2', 'd2h'): 699.448, ('mrg3', 'start'): 699.556, ('mrg3', 'h2d'): 699.635, ('mrg3', 'count'): 699.679, ('mrg3', 'scan'): 699.734, ('mrg3', 'merge'): 699.788, ('mrg3', 'pack'): 699.809, ('mrg3', 'd2h'): 699.834}",0.0599350314587354,0.3391967996256426
Mildly sparse,bcsstk07,420,7860,4.45578231292517,23660,23660,23660,23660,23660,0.0,,0.07499999999993179,0.2559999999999718,0.06400000000007822,0.1169999999999618,0.3949999999999818,0.7,,,,,0.85,0.859,0.429,0.367,,0.4209999999999354,0.5779999999999745,0.6009999999999991,0.2380000000000564,0.16499999999996362,"{('cu', 'start'): 678.205, ('cu', 'h2dmalloc'): 678.269, ('cu', 'h2d'): 678.291, ('cu', 'workest'): 678.366, ('cu', 'compute'): 678.622, ('cu', 'copy'): 678.686, ('cu', 'pack'): 678.712, ('cu', 'd2h'): 678.829, ('gust', 'start'): 678.92, ('gust', 'h2d'): 679.004, ('gust', 'count'): 679.031, ('gust', 'scan'): 679.071, ('gust', 'expand'): 679.107, ('gust', 'sort'): 679.379, ('gust', 'reduce'): 679.492, ('gust', 'final'): 679.557, ('gust', 'pack'): 679.582, ('gust', 'd2h'): 679.617, ('merge', 'start'): 679.774, ('merge', 'h2d'): 679.853, ('merge', 'count'): 679.88, ('merge', 'scan'): 679.918, ('merge', 'expand'): 680.005, ('merge', 'merge'): 680.343, ('merge', 'final'): 680.398, ('merge', 'compact'): 680.427, ('merge', 'pack'): 680.454, ('merge', 'd2h'): 680.481, ('mrg2', 'start'): 680.641, ('mrg2', 'h2d'): 680.718, ('mrg2', 'count'): 680.74, ('mrg2', 'scan'): 680.778, ('mrg2', 'merge'): 680.858, ('mrg2', 'final'): 680.909, ('mrg2', 'compact'): 680.933, ('mrg2', 'pack'): 680.956, ('mrg2', 'd2h'): 680.983, ('mrg3', 'start'): 681.077, ('mrg3', 'h2d'): 681.152, ('mrg3', 'count'): 681.193, ('mrg3', 'scan'): 681.242, ('mrg3', 'merge'): 681.297, ('mrg3', 'pack'): 681.317, ('mrg3', 'd2h'): 681.344}",0.0599808990955352,0.3387456002179533
Mildly sparse,can_256,256,2916,4.449462890625,18568,18568,18568,18568,18568,0.0,,0.05700000000001637,0.17700000000002092,0.05499999999994998,0.03499999999996817,0.28899999999998727,0.515,,,,,0.591,2.056,0.574,0.405,,0.3079999999999927,0.36099999999999,1.8630000000000564,0.37200000000007094,0.22000000000002728,"{('cu', 'start'): 683.319, ('cu', 'h2dmalloc'): 683.383, ('cu', 'h2d'): 683.408, ('cu', 'workest'): 683.465, ('cu', 'compute'): 683.642, ('cu', 'copy'): 683.697, ('cu', 'pack'): 683.716, ('cu', 'd2h'): 683.751, ('gust', 'start'): 683.846, ('gust', 'h2d'): 683.941, ('gust', 'count'): 683.971, ('gust', 'scan'): 684.011, ('gust', 'expand'): 684.047, ('gust', 'sort'): 684.175, ('gust', 'reduce'): 684.229, ('gust', 'final'): 684.284, ('gust', 'pack'): 684.302, ('gust', 'd2h'): 684.331, ('merge', 'start'): 684.44, ('merge', 'h2d'): 684.526, ('merge', 'count'): 684.553, ('merge', 'scan'): 684.589, ('merge', 'expand'): 684.716, ('merge', 'merge'): 686.307, ('merge', 'final'): 686.349, ('merge', 'compact'): 686.372, ('merge', 'pack'): 686.389, ('merge', 'd2h'): 686.409, ('mrg2', 'start'): 686.503, ('mrg2', 'h2d'): 686.593, ('mrg2', 'count'): 686.621, ('mrg2', 'scan'): 686.655, ('mrg2', 'merge'): 686.89, ('mrg2', 'final'): 686.926, ('mrg2', 'compact'): 686.948, ('mrg2', 'pack'): 686.965, ('mrg2', 'd2h'): 686.986, ('mrg3', 'start'): 687.083, ('mrg3', 'h2d'): 687.16, ('mrg3', 'count'): 687.227, ('mrg3', 'scan'): 687.277, ('mrg3', 'merge'): 687.359, ('mrg3', 'pack'): 687.38, ('mrg3', 'd2h'): 687.401}",0.0364130828529596,0.3461888011312112
Mildly sparse,can_268,268,3082,4.291044776119403,15590,15590,15590,15590,15590,0.0,,0.06800000000009732,0.18199999999990268,0.06200000000001182,0.03600000000005821,0.3120000000000118,0.545,,,,,0.576,0.9,0.473,0.367,,0.34000000000003183,0.36400000000003274,0.7089999999999463,0.2759999999999536,0.18099999999992633,"{('cu', 'start'): 669.767, ('cu', 'h2dmalloc'): 669.831, ('cu', 'h2d'): 669.848, ('cu', 'workest'): 669.916, ('cu', 'compute'): 670.098, ('cu', 'copy'): 670.16, ('cu', 'pack'): 670.188, ('cu', 'd2h'): 670.224, ('gust', 'start'): 670.321, ('gust', 'h2d'): 670.403, ('gust', 'count'): 670.431, ('gust', 'scan'): 670.469, ('gust', 'expand'): 670.504, ('gust', 'sort'): 670.639, ('gust', 'reduce'): 670.684, ('gust', 'final'): 670.745, ('gust', 'pack'): 670.767, ('gust', 'd2h'): 670.793, ('merge', 'start'): 670.905, ('merge', 'h2d'): 670.988, ('merge', 'count'): 671.015, ('merge', 'scan'): 671.053, ('merge', 'expand'): 671.13, ('merge', 'merge'): 671.603, ('merge', 'final'): 671.643, ('merge', 'compact'): 671.669, ('merge', 'pack'): 671.697, ('merge', 'd2h'): 671.716, ('mrg2', 'start'): 671.815, ('mrg2', 'h2d'): 671.899, ('mrg2', 'count'): 671.925, ('mrg2', 'scan'): 671.963, ('mrg2', 'merge'): 672.094, ('mrg2', 'final'): 672.132, ('mrg2', 'compact'): 672.156, ('mrg2', 'pack'): 672.175, ('mrg2', 'd2h'): 672.195, ('mrg3', 'start'): 672.294, ('mrg3', 'h2d'): 672.369, ('mrg3', 'count'): 672.417, ('mrg3', 'scan'): 672.471, ('mrg3', 'merge'): 672.528, ('mrg3', 'pack'): 672.55, ('mrg3', 'd2h'): 672.57}",0.0430559739470481,0.3398336011450737
Mildly sparse,can_187,187,1491,4.26377648774629,3719,3719,3719,3719,3719,0.0,,0.057999999999992724,0.15399999999999636,0.057999999999992724,0.03200000000003911,0.2699999999999818,0.494,,,,,0.549,0.423,0.375,0.312,,0.2939999999999827,0.34600000000000364,0.23300000000006094,0.18399999999996908,0.12999999999999545,"{('cu', 'start'): 676.258, ('cu', 'h2dmalloc'): 676.324, ('cu', 'h2d'): 676.342, ('cu', 'workest'): 676.4, ('cu', 'compute'): 676.554, ('cu', 'copy'): 676.612, ('cu', 'pack'): 676.636, ('cu', 'd2h'): 676.668, ('gust', 'start'): 676.76, ('gust', 'h2d'): 676.843, ('gust', 'count'): 676.868, ('gust', 'scan'): 676.906, ('gust', 'expand'): 676.938, ('gust', 'sort'): 677.053, ('gust', 'reduce'): 677.109, ('gust', 'final'): 677.166, ('gust', 'pack'): 677.189, ('gust', 'd2h'): 677.201, ('merge', 'start'): 677.318, ('merge', 'h2d'): 677.406, ('merge', 'count'): 677.43, ('merge', 'scan'): 677.469, ('merge', 'expand'): 677.503, ('merge', 'merge'): 677.555, ('merge', 'final'): 677.594, ('merge', 'compact'): 677.621, ('merge', 'pack'): 677.639, ('merge', 'd2h'): 677.652, ('mrg2', 'start'): 677.747, ('mrg2', 'h2d'): 677.826, ('mrg2', 'count'): 677.85, ('mrg2', 'scan'): 677.886, ('mrg2', 'merge'): 677.929, ('mrg2', 'final'): 677.965, ('mrg2', 'compact'): 677.99, ('mrg2', 'pack'): 678.01, ('mrg2', 'd2h'): 678.023, ('mrg3', 'start'): 678.129, ('mrg3', 'h2d'): 678.207, ('mrg3', 'count'): 678.237, ('mrg3', 'scan'): 678.287, ('mrg3', 'merge'): 678.319, ('mrg3', 'pack'): 678.337, ('mrg3', 'd2h'): 678.349}",0.050670001655817,0.3208223995286971
Mildly sparse,bcsstm07,420,7252,4.111111111111112,22972,22972,22972,22972,22972,0.0,,0.05999999999994543,0.25,0.06399999999996453,0.1269999999999527,0.37399999999990996,0.687,,,,,0.864,0.834,0.418,0.368,,0.3949999999999818,0.5739999999999554,0.625,0.21500000000003183,0.16899999999998272,"{('cu', 'start'): 705.281, ('cu', 'h2dmalloc'): 705.344, ('cu', 'h2d'): 705.363, ('cu', 'workest'): 705.423, ('cu', 'compute'): 705.673, ('cu', 'copy'): 705.737, ('cu', 'pack'): 705.758, ('cu', 'd2h'): 705.885, ('gust', 'start'): 705.975, ('gust', 'h2d'): 706.056, ('gust', 'count'): 706.079, ('gust', 'scan'): 706.119, ('gust', 'expand'): 706.149, ('gust', 'sort'): 706.426, ('gust', 'reduce'): 706.536, ('gust', 'final'): 706.608, ('gust', 'pack'): 706.63, ('gust', 'd2h'): 706.664, ('merge', 'start'): 706.845, ('merge', 'h2d'): 706.926, ('merge', 'count'): 706.951, ('merge', 'scan'): 706.989, ('merge', 'expand'): 707.068, ('merge', 'merge'): 707.387, ('merge', 'final'): 707.429, ('merge', 'compact'): 707.529, ('merge', 'pack'): 707.551, ('merge', 'd2h'): 707.582, ('mrg2', 'start'): 707.686, ('mrg2', 'h2d'): 707.765, ('mrg2', 'count'): 707.788, ('mrg2', 'scan'): 707.826, ('mrg2', 'merge'): 707.902, ('mrg2', 'final'): 707.939, ('mrg2', 'compact'): 707.962, ('mrg2', 'pack'): 707.98, ('mrg2', 'd2h'): 708.005, ('mrg3', 'start'): 708.109, ('mrg3', 'h2d'): 708.187, ('mrg3', 'count'): 708.228, ('mrg3', 'scan'): 708.284, ('mrg3', 'merge'): 708.337, ('mrg3', 'pack'): 708.356, ('mrg3', 'd2h'): 708.381}",0.0596509780734777,0.3344864004291594
Mildly sparse,bcsstk27,1224,56126,3.7462888205391085,138106,138106,138106,138106,138106,0.0,,0.06299999999998818,0.49500000000000455,0.14400000000000546,0.22500000000002274,0.7019999999999982,1.226,,,,,1.903,2.493,1.037,0.82,,0.7239999999999327,1.5209999999999582,2.120999999999981,0.6630000000000109,0.4410000000000309,"{('cu', 'start'): 710.968, ('cu', 'h2dmalloc'): 711.029, ('cu', 'h2d'): 711.075, ('cu', 'workest'): 711.138, ('cu', 'compute'): 711.633, ('cu', 'copy'): 711.777, ('cu', 'pack'): 711.799, ('cu', 'd2h'): 712.024, ('gust', 'start'): 712.203, ('gust', 'h2d'): 712.312, ('gust', 'count'): 712.339, ('gust', 'scan'): 712.38, ('gust', 'expand'): 712.55, ('gust', 'sort'): 713.127, ('gust', 'reduce'): 713.322, ('gust', 'final'): 713.741, ('gust', 'pack'): 713.833, ('gust', 'd2h'): 713.934, ('merge', 'start'): 714.112, ('merge', 'h2d'): 714.217, ('merge', 'count'): 714.243, ('merge', 'scan'): 714.284, ('merge', 'expand'): 714.686, ('merge', 'merge'): 715.866, ('merge', 'final'): 716.072, ('merge', 'compact'): 716.254, ('merge', 'pack'): 716.338, ('merge', 'd2h'): 716.439, ('mrg2', 'start'): 716.612, ('mrg2', 'h2d'): 716.722, ('mrg2', 'count'): 716.748, ('mrg2', 'scan'): 716.788, ('mrg2', 'merge'): 717.084, ('mrg2', 'final'): 717.125, ('mrg2', 'compact'): 717.306, ('mrg2', 'pack'): 717.385, ('mrg2', 'd2h'): 717.484, ('mrg3', 'start'): 717.655, ('mrg3', 'h2d'): 717.765, ('mrg3', 'count'): 717.89, ('mrg3', 'scan'): 717.947, ('mrg3', 'merge'): 718.126, ('mrg3', 'pack'): 718.206, ('mrg3', 'd2h'): 718.305}",0.1383968628942966,0.5498079999582842
Mildly sparse,bcsstm27,1224,56126,3.7462888205391085,138106,138106,138106,138106,138106,0.0,,0.05899999999996908,0.5190000000000055,0.1290000000000191,0.22900000000004184,0.7069999999999936,1.221,,,,,1.818,2.431,1.014,0.813,,0.7309999999999945,1.4460000000000264,2.0570000000000164,0.6349999999999909,0.44700000000000273,"{('cu', 'start'): 698.011, ('cu', 'h2dmalloc'): 698.068, ('cu', 'h2d'): 698.125, ('cu', 'workest'): 698.184, ('cu', 'compute'): 698.703, ('cu', 'copy'): 698.832, ('cu', 'pack'): 698.856, ('cu', 'd2h'): 699.085, ('gust', 'start'): 699.24, ('gust', 'h2d'): 699.357, ('gust', 'count'): 699.384, ('gust', 'scan'): 699.441, ('gust', 'expand'): 699.611, ('gust', 'sort'): 700.171, ('gust', 'reduce'): 700.353, ('gust', 'final'): 700.711, ('gust', 'pack'): 700.803, ('gust', 'd2h'): 700.912, ('merge', 'start'): 701.065, ('merge', 'h2d'): 701.178, ('merge', 'count'): 701.206, ('merge', 'scan'): 701.244, ('merge', 'expand'): 701.643, ('merge', 'merge'): 702.819, ('merge', 'final'): 702.997, ('merge', 'compact'): 703.153, ('merge', 'pack'): 703.235, ('merge', 'd2h'): 703.343, ('mrg2', 'start'): 703.503, ('mrg2', 'h2d'): 703.617, ('mrg2', 'count'): 703.643, ('mrg2', 'scan'): 703.683, ('mrg2', 'merge'): 703.971, ('mrg2', 'final'): 704.013, ('mrg2', 'compact'): 704.174, ('mrg2', 'pack'): 704.252, ('mrg2', 'd2h'): 704.359, ('mrg3', 'start'): 704.524, ('mrg3', 'h2d'): 704.637, ('mrg3', 'count'): 704.763, ('mrg3', 'scan'): 704.821, ('mrg3', 'merge'): 705.006, ('mrg3', 'pack'): 705.084, ('mrg3', 'd2h'): 705.192}",0.159173971042037,0.5398592018522321
Mildly sparse,bcsstk22,138,696,3.6546943919344677,1552,1552,1552,1552,1552,0.0,,0.056999999999902684,0.16200000000003456,0.057999999999992724,0.027000000000043656,0.27699999999992997,0.492,,,,,0.54,0.403,0.354,0.32,,0.2999999999999545,0.3310000000000173,0.22299999999995634,0.17700000000002092,0.13599999999996726,"{('cu', 'start'): 688.541, ('cu', 'h2dmalloc'): 688.605, ('cu', 'h2d'): 688.623, ('cu', 'workest'): 688.68, ('cu', 'compute'): 688.842, ('cu', 'copy'): 688.9, ('cu', 'pack'): 688.923, ('cu', 'd2h'): 688.95, ('gust', 'start'): 689.043, ('gust', 'h2d'): 689.126, ('gust', 'count'): 689.151, ('gust', 'scan'): 689.189, ('gust', 'expand'): 689.216, ('gust', 'sort'): 689.333, ('gust', 'reduce'): 689.377, ('gust', 'final'): 689.435, ('gust', 'pack'): 689.457, ('gust', 'd2h'): 689.467, ('merge', 'start'): 689.593, ('merge', 'h2d'): 689.673, ('merge', 'count'): 689.698, ('merge', 'scan'): 689.734, ('merge', 'expand'): 689.766, ('merge', 'merge'): 689.81, ('merge', 'final'): 689.849, ('merge', 'compact'): 689.875, ('merge', 'pack'): 689.896, ('merge', 'd2h'): 689.906, ('mrg2', 'start'): 690.003, ('mrg2', 'h2d'): 690.079, ('mrg2', 'count'): 690.104, ('mrg2', 'scan'): 690.139, ('mrg2', 'merge'): 690.178, ('mrg2', 'final'): 690.212, ('mrg2', 'compact'): 690.236, ('mrg2', 'pack'): 690.256, ('mrg2', 'd2h'): 690.267, ('mrg3', 'start'): 690.366, ('mrg3', 'h2d'): 690.441, ('mrg3', 'count'): 690.469, ('mrg3', 'scan'): 690.527, ('mrg3', 'merge'): 690.559, ('mrg3', 'pack'): 690.577, ('mrg3', 'd2h'): 690.589}",0.0204341486096382,0.2120959995314479
Mildly sparse,bcspwr03,118,476,3.418557885665039,1270,1270,1270,1270,1270,0.0,,0.05700000000001637,0.16899999999998272,0.06000000000005912,0.027999999999906322,0.2860000000000582,0.501,,,,,0.464,0.433,0.369,0.307,,0.3100000000000591,0.26499999999998636,0.2479999999999336,0.19100000000003092,0.1330000000000382,"{('cu', 'start'): 674.678, ('cu', 'h2dmalloc'): 674.739, ('cu', 'h2d'): 674.755, ('cu', 'workest'): 674.812, ('cu', 'compute'): 674.981, ('cu', 'copy'): 675.041, ('cu', 'pack'): 675.065, ('cu', 'd2h'): 675.093, ('gust', 'start'): 675.193, ('gust', 'h2d'): 675.277, ('gust', 'count'): 675.3, ('gust', 'scan'): 675.341, ('gust', 'expand'): 675.368, ('gust', 'sort'): 675.417, ('gust', 'reduce'): 675.461, ('gust', 'final'): 675.519, ('gust', 'pack'): 675.542, ('gust', 'd2h'): 675.552, ('merge', 'start'): 675.664, ('merge', 'h2d'): 675.744, ('merge', 'count'): 675.768, ('merge', 'scan'): 675.805, ('merge', 'expand'): 675.837, ('merge', 'merge'): 675.895, ('merge', 'final'): 675.936, ('merge', 'compact'): 675.962, ('merge', 'pack'): 675.992, ('merge', 'd2h'): 676.005, ('mrg2', 'start'): 676.106, ('mrg2', 'h2d'): 676.185, ('mrg2', 'count'): 676.209, ('mrg2', 'scan'): 676.246, ('mrg2', 'merge'): 676.29, ('mrg2', 'final'): 676.328, ('mrg2', 'compact'): 676.353, ('mrg2', 'pack'): 676.376, ('mrg2', 'd2h'): 676.386, ('mrg3', 'start'): 676.485, ('mrg3', 'h2d'): 676.557, ('mrg3', 'count'): 676.588, ('mrg3', 'scan'): 676.638, ('mrg3', 'merge'): 676.672, ('mrg3', 'pack'): 676.69, ('mrg3', 'd2h'): 676.702}",0.0394429080188274,0.2087999993469566
Mildly sparse,can_229,229,1777,3.388570012013501,5017,5017,5017,5017,5017,0.0,,0.07200000000000273,0.15999999999996817,0.06000000000005912,0.03199999999992542,0.29200000000003,0.516,,,,,0.523,0.486,0.375,0.363,,0.31500000000005457,0.32599999999990814,0.28899999999998727,0.19899999999995543,0.18499999999994543,"{('cu', 'start'): 675.0, ('cu', 'h2dmalloc'): 675.063, ('cu', 'h2d'): 675.082, ('cu', 'workest'): 675.154, ('cu', 'compute'): 675.314, ('cu', 'copy'): 675.374, ('cu', 'pack'): 675.397, ('cu', 'd2h'): 675.429, ('gust', 'start'): 675.525, ('gust', 'h2d'): 675.609, ('gust', 'count'): 675.634, ('gust', 'scan'): 675.67, ('gust', 'expand'): 675.694, ('gust', 'sort'): 675.811, ('gust', 'reduce'): 675.854, ('gust', 'final'): 675.912, ('gust', 'pack'): 675.935, ('gust', 'd2h'): 675.948, ('merge', 'start'): 676.057, ('merge', 'h2d'): 676.15, ('merge', 'count'): 676.175, ('merge', 'scan'): 676.212, ('merge', 'expand'): 676.246, ('merge', 'merge'): 676.346, ('merge', 'final'): 676.386, ('merge', 'compact'): 676.421, ('merge', 'pack'): 676.439, ('merge', 'd2h'): 676.453, ('mrg2', 'start'): 676.55, ('mrg2', 'h2d'): 676.625, ('mrg2', 'count'): 676.649, ('mrg2', 'scan'): 676.685, ('mrg2', 'merge'): 676.74, ('mrg2', 'final'): 676.777, ('mrg2', 'compact'): 676.801, ('mrg2', 'pack'): 676.824, ('mrg2', 'd2h'): 676.838, ('mrg3', 'start'): 676.933, ('mrg3', 'h2d'): 677.009, ('mrg3', 'count'): 677.052, ('mrg3', 'scan'): 677.112, ('mrg3', 'merge'): 677.171, ('mrg3', 'pack'): 677.194, ('mrg3', 'd2h'): 677.207}",0.0335208605974912,0.3233632002025843
Mildly sparse,can_292,292,2540,2.9789829236254457,11670,11670,11670,11670,11670,0.0,,0.06099999999992178,0.18200000000001637,0.059000000000082764,0.03700000000003456,0.3020000000000209,0.546,,,,,0.567,0.733,0.41,0.353,,0.3249999999999318,0.35799999999994725,0.5399999999999636,0.22900000000004184,0.16200000000003456,"{('cu', 'start'): 676.786, ('cu', 'h2dmalloc'): 676.85, ('cu', 'h2d'): 676.874, ('cu', 'workest'): 676.935, ('cu', 'compute'): 677.117, ('cu', 'copy'): 677.176, ('cu', 'pack'): 677.199, ('cu', 'd2h'): 677.236, ('gust', 'start'): 677.345, ('gust', 'h2d'): 677.432, ('gust', 'count'): 677.458, ('gust', 'scan'): 677.498, ('gust', 'expand'): 677.53, ('gust', 'sort'): 677.658, ('gust', 'reduce'): 677.707, ('gust', 'final'): 677.768, ('gust', 'pack'): 677.79, ('gust', 'd2h'): 677.816, ('merge', 'start'): 677.917, ('merge', 'h2d'): 678.004, ('merge', 'count'): 678.029, ('merge', 'scan'): 678.069, ('merge', 'expand'): 678.14, ('merge', 'merge'): 678.449, ('merge', 'final'): 678.49, ('merge', 'compact'): 678.526, ('merge', 'pack'): 678.544, ('merge', 'd2h'): 678.563, ('mrg2', 'start'): 678.657, ('mrg2', 'h2d'): 678.737, ('mrg2', 'count'): 678.76, ('mrg2', 'scan'): 678.797, ('mrg2', 'merge'): 678.892, ('mrg2', 'final'): 678.927, ('mrg2', 'compact'): 678.949, ('mrg2', 'pack'): 678.966, ('mrg2', 'd2h'): 678.984, ('mrg3', 'start'): 679.074, ('mrg3', 'h2d'): 679.159, ('mrg3', 'count'): 679.195, ('mrg3', 'scan'): 679.248, ('mrg3', 'merge'): 679.291, ('mrg3', 'pack'): 679.321, ('mrg3', 'd2h'): 679.339}",0.0597399193793535,0.3407648008549586
Mildly sparse,ash292,292,2208,2.589604053293301,6042,6042,6042,6042,6042,0.0,,0.06599999999991724,0.16899999999998272,0.06000000000005912,0.02800000000002001,0.2949999999999591,0.531,,,,,0.556,0.468,0.394,0.345,,0.3169999999998936,0.3410000000000082,0.26700000000005275,0.19100000000003092,0.15099999999995362,"{('cu', 'start'): 674.026, ('cu', 'h2dmalloc'): 674.091, ('cu', 'h2d'): 674.118, ('cu', 'workest'): 674.184, ('cu', 'compute'): 674.353, ('cu', 'copy'): 674.413, ('cu', 'pack'): 674.435, ('cu', 'd2h'): 674.463, ('gust', 'start'): 674.568, ('gust', 'h2d'): 674.653, ('gust', 'count'): 674.675, ('gust', 'scan'): 674.717, ('gust', 'expand'): 674.744, ('gust', 'sort'): 674.861, ('gust', 'reduce'): 674.906, ('gust', 'final'): 674.973, ('gust', 'pack'): 674.994, ('gust', 'd2h'): 675.008, ('merge', 'start'): 675.13, ('merge', 'h2d'): 675.218, ('merge', 'count'): 675.241, ('merge', 'scan'): 675.279, ('merge', 'expand'): 675.316, ('merge', 'merge'): 675.399, ('merge', 'final'): 675.44, ('merge', 'compact'): 675.467, ('merge', 'pack'): 675.485, ('merge', 'd2h'): 675.5, ('mrg2', 'start'): 675.604, ('mrg2', 'h2d'): 675.685, ('mrg2', 'count'): 675.708, ('mrg2', 'scan'): 675.746, ('mrg2', 'merge'): 675.792, ('mrg2', 'final'): 675.83, ('mrg2', 'compact'): 675.857, ('mrg2', 'pack'): 675.876, ('mrg2', 'd2h'): 675.891, ('mrg3', 'start'): 676.005, ('mrg3', 'h2d'): 676.085, ('mrg3', 'count'): 676.12, ('mrg3', 'scan'): 676.176, ('mrg3', 'merge'): 676.215, ('mrg3', 'pack'): 676.236, ('mrg3', 'd2h'): 676.25}",0.0522730406373739,0.2161727987695485
Mildly sparse,bcspwr04,274,1612,2.1471575470190207,4982,4982,4982,4982,4982,0.0,,0.06200000000001182,0.17000000000007276,0.057999999999992724,0.027000000000043656,0.2900000000000773,0.508,,,,,0.534,0.485,0.39,0.317,,0.3120000000000118,0.33400000000006,0.29700000000002547,0.20899999999994634,0.13800000000003365,"{('cu', 'start'): 683.954, ('cu', 'h2dmalloc'): 684.017, ('cu', 'h2d'): 684.04, ('cu', 'workest'): 684.102, ('cu', 'compute'): 684.272, ('cu', 'copy'): 684.33, ('cu', 'pack'): 684.352, ('cu', 'd2h'): 684.379, ('gust', 'start'): 684.468, ('gust', 'h2d'): 684.55, ('gust', 'count'): 684.571, ('gust', 'scan'): 684.609, ('gust', 'expand'): 684.645, ('gust', 'sort'): 684.761, ('gust', 'reduce'): 684.807, ('gust', 'final'): 684.861, ('gust', 'pack'): 684.884, ('gust', 'd2h'): 684.896, ('merge', 'start'): 685.011, ('merge', 'h2d'): 685.096, ('merge', 'count'): 685.12, ('merge', 'scan'): 685.155, ('merge', 'expand'): 685.2, ('merge', 'merge'): 685.302, ('merge', 'final'): 685.343, ('merge', 'compact'): 685.375, ('merge', 'pack'): 685.393, ('merge', 'd2h'): 685.407, ('mrg2', 'start'): 685.503, ('mrg2', 'h2d'): 685.581, ('mrg2', 'count'): 685.605, ('mrg2', 'scan'): 685.649, ('mrg2', 'merge'): 685.707, ('mrg2', 'final'): 685.744, ('mrg2', 'compact'): 685.77, ('mrg2', 'pack'): 685.79, ('mrg2', 'd2h'): 685.803, ('mrg3', 'start'): 685.9, ('mrg3', 'h2d'): 685.977, ('mrg3', 'count'): 686.011, ('mrg3', 'scan'): 686.063, ('mrg3', 'merge'): 686.097, ('mrg3', 'pack'): 686.115, ('mrg3', 'd2h'): 686.129}",0.0338419340550899,0.2192928010597825
Mildly sparse,bcsstk13,2003,83883,2.0907979019987244,396773,396773,396773,396773,396773,0.0,,0.06500000000005457,0.5749999999999318,0.1750000000000682,0.5579999999999927,0.8150000000000546,1.738,,,,,2.607,6.66,1.843,1.706,,0.8999999999999773,1.8769999999999527,5.947000000000003,1.129000000000019,0.9840000000000373,"{('cu', 'start'): 734.639, ('cu', 'h2dmalloc'): 734.698, ('cu', 'h2d'): 734.775, ('cu', 'workest'): 734.84, ('cu', 'compute'): 735.415, ('cu', 'copy'): 735.59, ('cu', 'pack'): 735.675, ('cu', 'd2h'): 736.233, ('gust', 'start'): 736.387, ('gust', 'h2d'): 736.524, ('gust', 'count'): 736.558, ('gust', 'scan'): 736.599, ('gust', 'expand'): 736.789, ('gust', 'sort'): 737.574, ('gust', 'reduce'): 737.784, ('gust', 'final'): 738.298, ('gust', 'pack'): 738.401, ('gust', 'd2h'): 738.734, ('merge', 'start'): 739.004, ('merge', 'h2d'): 739.137, ('merge', 'count'): 739.172, ('merge', 'scan'): 739.224, ('merge', 'expand'): 740.023, ('merge', 'merge'): 744.533, ('merge', 'final'): 744.724, ('merge', 'compact'): 744.996, ('merge', 'pack'): 745.084, ('merge', 'd2h'): 745.405, ('mrg2', 'start'): 745.671, ('mrg2', 'h2d'): 745.804, ('mrg2', 'count'): 745.833, ('mrg2', 'scan'): 745.875, ('mrg2', 'merge'): 746.543, ('mrg2', 'final'): 746.587, ('mrg2', 'compact'): 746.845, ('mrg2', 'pack'): 746.933, ('mrg2', 'd2h'): 747.255, ('mrg3', 'start'): 747.521, ('mrg3', 'h2d'): 747.654, ('mrg3', 'count'): 747.954, ('mrg3', 'scan'): 748.013, ('mrg3', 'merge'): 748.554, ('mrg3', 'pack'): 748.638, ('mrg3', 'd2h'): 748.96}",0.5329828709363937,0.6470368003472686
Mildly sparse,bcsstm01,48,48,2.083333333333333,48,48,48,48,48,0.0,,0.053999999999973625,0.15399999999999636,0.05700000000001637,0.025999999999953616,0.26499999999998636,0.5,,,,,0.445,0.38,0.36,0.299,,0.2980000000000018,0.25,0.18600000000003547,0.16499999999996362,0.1150000000000091,"{('cu', 'start'): 683.689, ('cu', 'h2dmalloc'): 683.752, ('cu', 'h2d'): 683.767, ('cu', 'workest'): 683.821, ('cu', 'compute'): 683.975, ('cu', 'copy'): 684.032, ('cu', 'pack'): 684.065, ('cu', 'd2h'): 684.091, ('gust', 'start'): 684.197, ('gust', 'h2d'): 684.278, ('gust', 'count'): 684.299, ('gust', 'scan'): 684.343, ('gust', 'expand'): 684.365, ('gust', 'sort'): 684.411, ('gust', 'reduce'): 684.453, ('gust', 'final'): 684.508, ('gust', 'pack'): 684.528, ('gust', 'd2h'): 684.539, ('merge', 'start'): 684.656, ('merge', 'h2d'): 684.733, ('merge', 'count'): 684.756, ('merge', 'scan'): 684.793, ('merge', 'expand'): 684.815, ('merge', 'merge'): 684.837, ('merge', 'final'): 684.875, ('merge', 'compact'): 684.901, ('merge', 'pack'): 684.919, ('merge', 'd2h'): 684.93, ('mrg2', 'start'): 685.035, ('mrg2', 'h2d'): 685.12, ('mrg2', 'count'): 685.142, ('mrg2', 'scan'): 685.18, ('mrg2', 'merge'): 685.207, ('mrg2', 'final'): 685.241, ('mrg2', 'compact'): 685.266, ('mrg2', 'pack'): 685.285, ('mrg2', 'd2h'): 685.296, ('mrg3', 'start'): 685.401, ('mrg3', 'h2d'): 685.476, ('mrg3', 'count'): 685.499, ('mrg3', 'scan'): 685.549, ('mrg3', 'merge'): 685.572, ('mrg3', 'pack'): 685.591, ('mrg3', 'd2h'): 685.602}",0.0166050158441066,0.1660959999077022
Mildly sparse,bcsstk14,1806,63454,1.945465404477998,195654,195654,195654,195654,195654,0.0,,0.08199999999999363,0.5510000000000446,0.14800000000002456,0.33400000000006,0.7810000000000628,1.476,,,,,1.983,2.474,1.227,1.017,,0.8700000000000045,1.5480000000000018,1.9769999999999754,0.7400000000000091,0.5259999999999536,"{('cu', 'start'): 726.508, ('cu', 'h2dmalloc'): 726.574, ('cu', 'h2d'): 726.622, ('cu', 'workest'): 726.704, ('cu', 'compute'): 727.255, ('cu', 'copy'): 727.403, ('cu', 'pack'): 727.492, ('cu', 'd2h'): 727.826, ('gust', 'start'): 727.993, ('gust', 'h2d'): 728.101, ('gust', 'count'): 728.13, ('gust', 'scan'): 728.178, ('gust', 'expand'): 728.352, ('gust', 'sort'): 728.932, ('gust', 'reduce'): 729.13, ('gust', 'final'): 729.614, ('gust', 'pack'): 729.649, ('gust', 'd2h'): 729.791, ('merge', 'start'): 729.985, ('merge', 'h2d'): 730.096, ('merge', 'count'): 730.125, ('merge', 'scan'): 730.173, ('merge', 'expand'): 730.508, ('merge', 'merge'): 731.531, ('merge', 'final'): 731.74, ('merge', 'compact'): 731.988, ('merge', 'pack'): 732.073, ('merge', 'd2h'): 732.214, ('mrg2', 'start'): 732.469, ('mrg2', 'h2d'): 732.578, ('mrg2', 'count'): 732.61, ('mrg2', 'scan'): 732.656, ('mrg2', 'merge'): 732.95, ('mrg2', 'final'): 732.996, ('mrg2', 'compact'): 733.233, ('mrg2', 'pack'): 733.318, ('mrg2', 'd2h'): 733.459, ('mrg3', 'start'): 733.7, ('mrg3', 'h2d'): 733.807, ('mrg3', 'count'): 733.94, ('mrg3', 'scan'): 734.006, ('mrg3', 'merge'): 734.253, ('mrg3', 'pack'): 734.333, ('mrg3', 'd2h'): 734.477}",0.3842159640043974,0.5993087965296582
Mildly sparse,can_445,445,3809,1.923494508269158,11193,11193,11193,11193,11193,0.0,,0.057999999999992724,0.17599999999993088,0.06000000000005912,0.033999999999991815,0.2939999999999827,0.513,,,,,0.558,0.473,0.398,0.331,,0.3170000000000073,0.3590000000000373,0.2900000000000773,0.21500000000003183,0.15099999999995362,"{('cu', 'start'): 668.684, ('cu', 'h2dmalloc'): 668.744, ('cu', 'h2d'): 668.763, ('cu', 'workest'): 668.821, ('cu', 'compute'): 668.997, ('cu', 'copy'): 669.057, ('cu', 'pack'): 669.08, ('cu', 'd2h'): 669.114, ('gust', 'start'): 669.204, ('gust', 'h2d'): 669.28, ('gust', 'count'): 669.306, ('gust', 'scan'): 669.343, ('gust', 'expand'): 669.371, ('gust', 'sort'): 669.508, ('gust', 'reduce'): 669.555, ('gust', 'final'): 669.616, ('gust', 'pack'): 669.639, ('gust', 'd2h'): 669.663, ('merge', 'start'): 669.769, ('merge', 'h2d'): 669.848, ('merge', 'count'): 669.874, ('merge', 'scan'): 669.91, ('merge', 'expand'): 669.947, ('merge', 'merge'): 670.05, ('merge', 'final'): 670.092, ('merge', 'compact'): 670.118, ('merge', 'pack'): 670.138, ('merge', 'd2h'): 670.156, ('mrg2', 'start'): 670.25, ('mrg2', 'h2d'): 670.324, ('mrg2', 'count'): 670.348, ('mrg2', 'scan'): 670.383, ('mrg2', 'merge'): 670.451, ('mrg2', 'final'): 670.493, ('mrg2', 'compact'): 670.521, ('mrg2', 'pack'): 670.539, ('mrg2', 'd2h'): 670.558, ('mrg3', 'start'): 670.656, ('mrg3', 'h2d'): 670.73, ('mrg3', 'count'): 670.767, ('mrg3', 'scan'): 670.819, ('mrg3', 'merge'): 670.862, ('mrg3', 'pack'): 670.881, ('mrg3', 'd2h'): 670.898}",0.0606849789619445,0.339046400017105
Mildly sparse,bcsstm10,1086,22092,1.8731621948861958,54504,54504,54504,54504,54504,0.0,,0.06900000000007367,0.27499999999997726,0.07299999999997908,0.13900000000001,0.41700000000003,0.753,,,,,1.241,1.221,0.701,0.448,,0.4410000000000309,0.9560000000000173,0.9399999999999409,0.4230000000000018,0.21900000000005093,"{('cu', 'start'): 689.377, ('cu', 'h2dmalloc'): 689.441, ('cu', 'h2d'): 689.473, ('cu', 'workest'): 689.542, ('cu', 'compute'): 689.817, ('cu', 'copy'): 689.89, ('cu', 'pack'): 689.914, ('cu', 'd2h'): 690.053, ('gust', 'start'): 690.139, ('gust', 'h2d'): 690.23, ('gust', 'count'): 690.259, ('gust', 'scan'): 690.299, ('gust', 'expand'): 690.454, ('gust', 'sort'): 690.73, ('gust', 'reduce'): 690.896, ('gust', 'final'): 691.151, ('gust', 'pack'): 691.186, ('gust', 'd2h'): 691.233, ('merge', 'start'): 691.387, ('merge', 'h2d'): 691.48, ('merge', 'count'): 691.504, ('merge', 'scan'): 691.541, ('merge', 'expand'): 691.748, ('merge', 'merge'): 692.135, ('merge', 'final'): 692.25, ('merge', 'compact'): 692.394, ('merge', 'pack'): 692.42, ('merge', 'd2h'): 692.468, ('mrg2', 'start'): 692.615, ('mrg2', 'h2d'): 692.704, ('mrg2', 'count'): 692.728, ('mrg2', 'scan'): 692.764, ('mrg2', 'merge'): 692.959, ('mrg2', 'final'): 693.002, ('mrg2', 'compact'): 693.101, ('mrg2', 'pack'): 693.127, ('mrg2', 'd2h'): 693.175, ('mrg3', 'start'): 693.325, ('mrg3', 'h2d'): 693.414, ('mrg3', 'count'): 693.477, ('mrg3', 'scan'): 693.533, ('mrg3', 'merge'): 693.612, ('mrg3', 'pack'): 693.633, ('mrg3', 'd2h'): 693.681}",0.1173790078610181,0.502972800983116
Mildly sparse,bcsstk10,1086,22070,1.8712968332943305,54504,54504,54504,54504,54504,0.0,,0.07499999999993179,0.2740000000000009,0.06400000000007822,0.1369999999999436,0.4130000000000109,0.747,,,,,1.237,1.225,0.688,0.442,,0.4379999999999882,0.9519999999999982,0.9460000000000264,0.41600000000005366,0.22499999999990905,"{('cu', 'start'): 698.114, ('cu', 'h2dmalloc'): 698.179, ('cu', 'h2d'): 698.206, ('cu', 'workest'): 698.281, ('cu', 'compute'): 698.555, ('cu', 'copy'): 698.619, ('cu', 'pack'): 698.644, ('cu', 'd2h'): 698.781, ('gust', 'start'): 698.872, ('gust', 'h2d'): 698.962, ('gust', 'count'): 698.989, ('gust', 'scan'): 699.028, ('gust', 'expand'): 699.181, ('gust', 'sort'): 699.467, ('gust', 'reduce'): 699.633, ('gust', 'final'): 699.878, ('gust', 'pack'): 699.914, ('gust', 'd2h'): 699.958, ('merge', 'start'): 700.114, ('merge', 'h2d'): 700.201, ('merge', 'count'): 700.23, ('merge', 'scan'): 700.27, ('merge', 'expand'): 700.481, ('merge', 'merge'): 700.869, ('merge', 'final'): 700.984, ('merge', 'compact'): 701.122, ('merge', 'pack'): 701.147, ('merge', 'd2h'): 701.191, ('mrg2', 'start'): 701.347, ('mrg2', 'h2d'): 701.434, ('mrg2', 'count'): 701.462, ('mrg2', 'scan'): 701.5, ('mrg2', 'merge'): 701.697, ('mrg2', 'final'): 701.736, ('mrg2', 'compact'): 701.824, ('mrg2', 'pack'): 701.85, ('mrg2', 'd2h'): 701.895, ('mrg3', 'start'): 702.042, ('mrg3', 'h2d'): 702.123, ('mrg3', 'count'): 702.184, ('mrg3', 'scan'): 702.246, ('mrg3', 'merge'): 702.326, ('mrg3', 'pack'): 702.348, ('mrg3', 'd2h'): 702.392}",0.1465240493416786,0.4976095994934439
Mildly sparse,can_634,634,7228,1.7982067689000787,25446,25446,25446,25446,25446,0.0,,0.057999999999992724,0.2460000000000946,0.05999999999994543,0.11300000000005639,0.36400000000003274,0.652,,,,,0.82,0.66,0.404,0.372,,0.3830000000000382,0.6219999999999573,0.4670000000000982,0.21299999999996544,0.17300000000000182,"{('cu', 'start'): 691.569, ('cu', 'h2dmalloc'): 691.631, ('cu', 'h2d'): 691.651, ('cu', 'workest'): 691.709, ('cu', 'compute'): 691.955, ('cu', 'copy'): 692.015, ('cu', 'pack'): 692.034, ('cu', 'd2h'): 692.147, ('gust', 'start'): 692.228, ('gust', 'h2d'): 692.306, ('gust', 'count'): 692.331, ('gust', 'scan'): 692.369, ('gust', 'expand'): 692.404, ('gust', 'sort'): 692.671, ('gust', 'reduce'): 692.781, ('gust', 'final'): 692.902, ('gust', 'pack'): 692.928, ('gust', 'd2h'): 692.96, ('merge', 'start'): 693.056, ('merge', 'h2d'): 693.132, ('merge', 'count'): 693.157, ('merge', 'scan'): 693.193, ('merge', 'expand'): 693.258, ('merge', 'merge'): 693.512, ('merge', 'final'): 693.554, ('merge', 'compact'): 693.578, ('merge', 'pack'): 693.599, ('merge', 'd2h'): 693.627, ('mrg2', 'start'): 693.723, ('mrg2', 'h2d'): 693.799, ('mrg2', 'count'): 693.819, ('mrg2', 'scan'): 693.854, ('mrg2', 'merge'): 693.933, ('mrg2', 'final'): 693.968, ('mrg2', 'compact'): 693.993, ('mrg2', 'pack'): 694.012, ('mrg2', 'd2h'): 694.039, ('mrg3', 'start'): 694.133, ('mrg3', 'h2d'): 694.208, ('mrg3', 'count'): 694.251, ('mrg3', 'scan'): 694.304, ('mrg3', 'merge'): 694.359, ('mrg3', 'pack'): 694.381, ('mrg3', 'd2h'): 694.408}",0.0726208090782165,0.3613759998464957
Mildly sparse,bcsstk11,1473,34241,1.578123350888521,94187,94187,94187,94187,94187,0.0,,0.07600000000002183,0.3429999999999609,0.07399999999995543,0.19700000000000273,0.49299999999993815,1.102,,,,,1.555,1.467,0.844,0.533,,0.6240000000000236,1.26400000000001,1.1749999999999545,0.5620000000000118,0.2479999999999336,"{('cu', 'start'): 698.661, ('cu', 'h2dmalloc'): 698.733, ('cu', 'h2d'): 698.769, ('cu', 'workest'): 698.845, ('cu', 'compute'): 699.188, ('cu', 'copy'): 699.262, ('cu', 'pack'): 699.393, ('cu', 'd2h'): 699.59, ('gust', 'start'): 699.771, ('gust', 'h2d'): 699.876, ('gust', 'count'): 699.909, ('gust', 'scan'): 699.96, ('gust', 'expand'): 700.134, ('gust', 'sort'): 700.512, ('gust', 'reduce'): 700.713, ('gust', 'final'): 701.101, ('gust', 'pack'): 701.14, ('gust', 'd2h'): 701.21, ('merge', 'start'): 701.338, ('merge', 'h2d'): 701.45, ('merge', 'count'): 701.481, ('merge', 'scan'): 701.525, ('merge', 'expand'): 701.756, ('merge', 'merge'): 702.201, ('merge', 'final'): 702.423, ('merge', 'compact'): 702.595, ('merge', 'pack'): 702.625, ('merge', 'd2h'): 702.697, ('mrg2', 'start'): 702.811, ('mrg2', 'h2d'): 702.919, ('mrg2', 'count'): 702.948, ('mrg2', 'scan'): 702.991, ('mrg2', 'merge'): 703.208, ('mrg2', 'final'): 703.261, ('mrg2', 'compact'): 703.454, ('mrg2', 'pack'): 703.481, ('mrg2', 'd2h'): 703.551, ('mrg3', 'start'): 703.661, ('mrg3', 'h2d'): 703.764, ('mrg3', 'count'): 703.838, ('mrg3', 'scan'): 703.901, ('mrg3', 'merge'): 703.99, ('mrg3', 'pack'): 704.012, ('mrg3', 'd2h'): 704.083}",0.2499658148735761,0.5499135994818062
Mildly sparse,bcsstk12,1473,34241,1.578123350888521,94187,94187,94187,94187,94187,0.0,,0.07800000000008822,0.34799999999995634,0.07899999999995089,0.18500000000005912,0.5049999999999955,1.072,,,,,1.493,1.393,0.792,0.521,,0.625,1.2169999999999845,1.125,0.5299999999999727,0.24699999999995725,"{('cu', 'start'): 705.29, ('cu', 'h2dmalloc'): 705.353, ('cu', 'h2d'): 705.391, ('cu', 'workest'): 705.469, ('cu', 'compute'): 705.817, ('cu', 'copy'): 705.896, ('cu', 'pack'): 706.016, ('cu', 'd2h'): 706.201, ('gust', 'start'): 706.37, ('gust', 'h2d'): 706.467, ('gust', 'count'): 706.494, ('gust', 'scan'): 706.544, ('gust', 'expand'): 706.712, ('gust', 'sort'): 707.071, ('gust', 'reduce'): 707.262, ('gust', 'final'): 707.645, ('gust', 'pack'): 707.684, ('gust', 'd2h'): 707.755, ('merge', 'start'): 707.87, ('merge', 'h2d'): 707.971, ('merge', 'count'): 707.999, ('merge', 'scan'): 708.045, ('merge', 'expand'): 708.262, ('merge', 'merge'): 708.698, ('merge', 'final'): 708.899, ('merge', 'compact'): 709.069, ('merge', 'pack'): 709.096, ('merge', 'd2h'): 709.168, ('mrg2', 'start'): 709.27, ('mrg2', 'h2d'): 709.366, ('mrg2', 'count'): 709.395, ('mrg2', 'scan'): 709.438, ('mrg2', 'merge'): 709.649, ('mrg2', 'final'): 709.696, ('mrg2', 'compact'): 709.867, ('mrg2', 'pack'): 709.896, ('mrg2', 'd2h'): 709.967, ('mrg3', 'start'): 710.069, ('mrg3', 'h2d'): 710.163, ('mrg3', 'count'): 710.234, ('mrg3', 'scan'): 710.298, ('mrg3', 'merge'): 710.387, ('mrg3', 'pack'): 710.41, ('mrg3', 'd2h'): 710.481}",0.2321570646017789,0.5365632014581934
Mildly sparse,bcsstk09,1083,18437,1.5719305066378828,71289,71289,71289,71289,71289,0.0,,0.06000000000005912,0.27099999999995816,0.07299999999997908,0.16199999999992087,0.40399999999999636,0.768,,,,,1.192,1.093,0.608,0.447,,0.42600000000004457,0.8759999999999764,0.8500000000000227,0.37399999999990996,0.2039999999999509,"{('cu', 'start'): 695.407, ('cu', 'h2dmalloc'): 695.472, ('cu', 'h2d'): 695.496, ('cu', 'workest'): 695.556, ('cu', 'compute'): 695.827, ('cu', 'copy'): 695.9, ('cu', 'pack'): 695.922, ('cu', 'd2h'): 696.084, ('gust', 'start'): 696.184, ('gust', 'h2d'): 696.275, ('gust', 'count'): 696.299, ('gust', 'scan'): 696.34, ('gust', 'expand'): 696.441, ('gust', 'sort'): 696.722, ('gust', 'reduce'): 696.89, ('gust', 'final'): 697.117, ('gust', 'pack'): 697.151, ('gust', 'd2h'): 697.206, ('merge', 'start'): 697.382, ('merge', 'h2d'): 697.47, ('merge', 'count'): 697.492, ('merge', 'scan'): 697.532, ('merge', 'expand'): 697.661, ('merge', 'merge'): 698.003, ('merge', 'final'): 698.131, ('merge', 'compact'): 698.299, ('merge', 'pack'): 698.32, ('merge', 'd2h'): 698.377, ('mrg2', 'start'): 698.482, ('mrg2', 'h2d'): 698.565, ('mrg2', 'count'): 698.587, ('mrg2', 'scan'): 698.625, ('mrg2', 'merge'): 698.765, ('mrg2', 'final'): 698.807, ('mrg2', 'compact'): 698.916, ('mrg2', 'pack'): 698.939, ('mrg2', 'd2h'): 698.994, ('mrg3', 'start'): 699.096, ('mrg3', 'h2d'): 699.183, ('mrg3', 'count'): 699.238, ('mrg3', 'scan'): 699.299, ('mrg3', 'merge'): 699.367, ('mrg3', 'pack'): 699.387, ('mrg3', 'd2h'): 699.442}",0.1308119390159845,0.3395872007124126
Mildly sparse,bcsstm02,66,66,1.5151515151515151,66,66,66,66,66,0.0,,0.05499999999994998,0.1510000000000673,0.053999999999973625,0.02800000000002001,0.2599999999999909,0.481,,,,,0.432,0.37,0.351,0.285,,0.2819999999999254,0.2540000000000191,0.18599999999992178,0.17899999999997362,0.11400000000003274,"{('cu', 'start'): 672.088, ('cu', 'h2dmalloc'): 672.152, ('cu', 'h2d'): 672.167, ('cu', 'workest'): 672.222, ('cu', 'compute'): 672.373, ('cu', 'copy'): 672.427, ('cu', 'pack'): 672.449, ('cu', 'd2h'): 672.477, ('gust', 'start'): 672.577, ('gust', 'h2d'): 672.656, ('gust', 'count'): 672.681, ('gust', 'scan'): 672.719, ('gust', 'expand'): 672.742, ('gust', 'sort'): 672.794, ('gust', 'reduce'): 672.834, ('gust', 'final'): 672.889, ('gust', 'pack'): 672.91, ('gust', 'd2h'): 672.92, ('merge', 'start'): 673.025, ('merge', 'h2d'): 673.099, ('merge', 'count'): 673.123, ('merge', 'scan'): 673.159, ('merge', 'expand'): 673.182, ('merge', 'merge'): 673.203, ('merge', 'final'): 673.24, ('merge', 'compact'): 673.267, ('merge', 'pack'): 673.285, ('merge', 'd2h'): 673.296, ('mrg2', 'start'): 673.394, ('mrg2', 'h2d'): 673.464, ('mrg2', 'count'): 673.487, ('mrg2', 'scan'): 673.535, ('mrg2', 'merge'): 673.563, ('mrg2', 'final'): 673.596, ('mrg2', 'compact'): 673.621, ('mrg2', 'pack'): 673.643, ('mrg2', 'd2h'): 673.653, ('mrg3', 'start'): 673.751, ('mrg3', 'h2d'): 673.824, ('mrg3', 'count'): 673.848, ('mrg3', 'scan'): 673.896, ('mrg3', 'merge'): 673.92, ('mrg3', 'pack'): 673.938, ('mrg3', 'd2h'): 673.949}",0.0471249222755432,0.1716959999641403
Mildly sparse,can_838,838,10010,1.4254304771560882,51156,51156,51156,51156,51156,0.0,,0.06099999999992178,0.24700000000007094,0.07499999999993179,0.13599999999996726,0.3829999999999245,0.71,,,,,0.87,1.089,0.491,0.387,,0.40999999999996817,0.5750000000000455,0.80600000000004,0.26499999999998636,0.17200000000002547,"{('cu', 'start'): 685.279, ('cu', 'h2dmalloc'): 685.343, ('cu', 'h2d'): 685.364, ('cu', 'workest'): 685.425, ('cu', 'compute'): 685.672, ('cu', 'copy'): 685.747, ('cu', 'pack'): 685.774, ('cu', 'd2h'): 685.91, ('gust', 'start'): 686.0, ('gust', 'h2d'): 686.087, ('gust', 'count'): 686.12, ('gust', 'scan'): 686.16, ('gust', 'expand'): 686.193, ('gust', 'sort'): 686.456, ('gust', 'reduce'): 686.57, ('gust', 'final'): 686.637, ('gust', 'pack'): 686.662, ('gust', 'd2h'): 686.711, ('merge', 'start'): 686.883, ('merge', 'h2d'): 686.968, ('merge', 'count'): 686.995, ('merge', 'scan'): 687.035, ('merge', 'expand'): 687.114, ('merge', 'merge'): 687.666, ('merge', 'final'): 687.719, ('merge', 'compact'): 687.755, ('merge', 'pack'): 687.774, ('merge', 'd2h'): 687.818, ('mrg2', 'start'): 687.978, ('mrg2', 'h2d'): 688.061, ('mrg2', 'count'): 688.091, ('mrg2', 'scan'): 688.128, ('mrg2', 'merge'): 688.248, ('mrg2', 'final'): 688.284, ('mrg2', 'compact'): 688.308, ('mrg2', 'pack'): 688.326, ('mrg2', 'd2h'): 688.368, ('mrg3', 'start'): 688.475, ('mrg3', 'h2d'): 688.553, ('mrg3', 'count'): 688.599, ('mrg3', 'scan'): 688.652, ('mrg3', 'merge'): 688.707, ('mrg3', 'pack'): 688.725, ('mrg3', 'd2h'): 688.768}",0.0951960682868957,0.3561888003489002
Mildly sparse,bcsstk20,485,3135,1.3327665001594218,5545,5545,5545,5545,5545,0.0,,0.06400000000007822,0.1490000000000009,0.06099999999992178,0.03200000000003911,0.2740000000000009,0.495,,,,,0.552,0.428,0.357,0.322,,0.29700000000002547,0.35000000000002274,0.2459999999999809,0.18000000000006366,0.13900000000001,"{('cu', 'start'): 668.674, ('cu', 'h2dmalloc'): 668.739, ('cu', 'h2d'): 668.757, ('cu', 'workest'): 668.821, ('cu', 'compute'): 668.97, ('cu', 'copy'): 669.031, ('cu', 'pack'): 669.054, ('cu', 'd2h'): 669.086, ('gust', 'start'): 669.179, ('gust', 'h2d'): 669.262, ('gust', 'count'): 669.291, ('gust', 'scan'): 669.329, ('gust', 'expand'): 669.358, ('gust', 'sort'): 669.479, ('gust', 'reduce'): 669.523, ('gust', 'final'): 669.589, ('gust', 'pack'): 669.612, ('gust', 'd2h'): 669.625, ('merge', 'start'): 669.738, ('merge', 'h2d'): 669.818, ('merge', 'count'): 669.845, ('merge', 'scan'): 669.881, ('merge', 'expand'): 669.923, ('merge', 'merge'): 669.977, ('merge', 'final'): 670.019, ('merge', 'compact'): 670.045, ('merge', 'pack'): 670.064, ('merge', 'd2h'): 670.078, ('mrg2', 'start'): 670.174, ('mrg2', 'h2d'): 670.247, ('mrg2', 'count'): 670.272, ('mrg2', 'scan'): 670.308, ('mrg2', 'merge'): 670.346, ('mrg2', 'final'): 670.381, ('mrg2', 'compact'): 670.408, ('mrg2', 'pack'): 670.427, ('mrg2', 'd2h'): 670.441, ('mrg3', 'start'): 670.547, ('mrg3', 'h2d'): 670.625, ('mrg3', 'count'): 670.659, ('mrg3', 'scan'): 670.709, ('mrg3', 'merge'): 670.745, ('mrg3', 'pack'): 670.764, ('mrg3', 'd2h'): 670.777}",0.0639951322227716,0.2191199990687891
Mildly sparse,can_715,715,6665,1.3037312338011637,39785,39785,39785,39785,39785,0.0,,0.06000000000005912,0.26099999999996726,0.06200000000001182,0.12199999999995725,0.3830000000000382,0.689,,,,,0.85,1.998,0.63,0.58,,0.40200000000004366,0.6459999999999582,1.7859999999999445,0.42799999999999727,0.38800000000003365,"{('cu', 'start'): 683.449, ('cu', 'h2dmalloc'): 683.511, ('cu', 'h2d'): 683.53, ('cu', 'workest'): 683.59, ('cu', 'compute'): 683.851, ('cu', 'copy'): 683.913, ('cu', 'pack'): 683.932, ('cu', 'd2h'): 684.054, ('gust', 'start'): 684.147, ('gust', 'h2d'): 684.225, ('gust', 'count'): 684.253, ('gust', 'scan'): 684.292, ('gust', 'expand'): 684.331, ('gust', 'sort'): 684.587, ('gust', 'reduce'): 684.718, ('gust', 'final'): 684.846, ('gust', 'pack'): 684.871, ('gust', 'd2h'): 684.912, ('merge', 'start'): 685.009, ('merge', 'h2d'): 685.091, ('merge', 'count'): 685.123, ('merge', 'scan'): 685.16, ('merge', 'expand'): 685.292, ('merge', 'merge'): 686.793, ('merge', 'final'): 686.835, ('merge', 'compact'): 686.858, ('merge', 'pack'): 686.877, ('merge', 'd2h'): 686.911, ('mrg2', 'start'): 687.01, ('mrg2', 'h2d'): 687.088, ('mrg2', 'count'): 687.116, ('mrg2', 'scan'): 687.156, ('mrg2', 'merge'): 687.44, ('mrg2', 'final'): 687.476, ('mrg2', 'compact'): 687.498, ('mrg2', 'pack'): 687.516, ('mrg2', 'd2h'): 687.55, ('mrg3', 'start'): 687.647, ('mrg3', 'h2d'): 687.723, ('mrg3', 'count'): 687.866, ('mrg3', 'scan'): 687.918, ('mrg3', 'merge'): 688.089, ('mrg3', 'pack'): 688.111, ('mrg3', 'd2h'): 688.145}",0.0805750023573637,0.3769887969363481
Mildly sparse,bcsstk24,3562,159910,1.2603402122535554,446474,446474,446474,446474,446474,0.0,,0.1349999999999909,0.8559999999999945,0.19799999999997908,0.6920000000000073,1.1889999999999645,2.324,,,,,3.33,4.045,1.699,1.589,,1.282000000000039,2.4980000000000473,3.2409999999999854,0.9110000000000582,0.7789999999999964,"{('cu', 'start'): 739.276, ('cu', 'h2dmalloc'): 739.336, ('cu', 'h2d'): 739.442, ('cu', 'workest'): 739.577, ('cu', 'compute'): 740.433, ('cu', 'copy'): 740.631, ('cu', 'pack'): 740.724, ('cu', 'd2h'): 741.416, ('gust', 'start'): 741.612, ('gust', 'h2d'): 741.78, ('gust', 'count'): 741.812, ('gust', 'scan'): 741.863, ('gust', 'expand'): 742.077, ('gust', 'sort'): 743.295, ('gust', 'reduce'): 743.573, ('gust', 'final'): 744.175, ('gust', 'pack'): 744.278, ('gust', 'd2h'): 744.6, ('merge', 'start'): 744.95, ('merge', 'h2d'): 745.121, ('merge', 'count'): 745.155, ('merge', 'scan'): 745.205, ('merge', 'expand'): 745.735, ('merge', 'merge'): 747.695, ('merge', 'final'): 747.942, ('merge', 'compact'): 748.261, ('merge', 'pack'): 748.362, ('merge', 'd2h'): 748.682, ('mrg2', 'start'): 749.003, ('mrg2', 'h2d'): 749.165, ('mrg2', 'count'): 749.199, ('mrg2', 'scan'): 749.247, ('mrg2', 'merge'): 749.623, ('mrg2', 'final'): 749.67, ('mrg2', 'compact'): 749.976, ('mrg2', 'pack'): 750.076, ('mrg2', 'd2h'): 750.398, ('mrg3', 'start'): 750.709, ('mrg3', 'h2d'): 750.882, ('mrg3', 'count'): 751.096, ('mrg3', 'scan'): 751.163, ('mrg3', 'merge'): 751.571, ('mrg3', 'pack'): 751.661, ('mrg3', 'd2h'): 751.99}",2.6039909571409225,0.6445152004482224
Mildly sparse,bcsstk16,4884,290378,1.2173414200441228,1038782,1038782,1038782,1038782,1038782,0.0,,0.1830000000001064,1.2409999999999854,0.18799999999998818,1.1929999999999836,1.61200000000008,3.261,,,,,5.872,10.016,2.822,3.086,,1.7000000000000455,4.347999999999956,8.69500000000005,1.5170000000000528,1.79200000000003,"{('cu', 'start'): 784.972, ('cu', 'h2dmalloc'): 785.034, ('cu', 'h2d'): 785.209, ('cu', 'workest'): 785.392, ('cu', 'compute'): 786.633, ('cu', 'copy'): 786.821, ('cu', 'pack'): 786.909, ('cu', 'd2h'): 788.102, ('gust', 'start'): 788.241, ('gust', 'h2d'): 788.659, ('gust', 'count'): 788.809, ('gust', 'scan'): 788.855, ('gust', 'expand'): 789.183, ('gust', 'sort'): 791.775, ('gust', 'reduce'): 792.207, ('gust', 'final'): 792.912, ('gust', 'pack'): 793.007, ('gust', 'd2h'): 793.746, ('merge', 'start'): 794.121, ('merge', 'h2d'): 794.362, ('merge', 'count'): 794.455, ('merge', 'scan'): 794.504, ('merge', 'expand'): 795.733, ('merge', 'merge'): 802.383, ('merge', 'final'): 802.629, ('merge', 'compact'): 802.948, ('merge', 'pack'): 803.057, ('merge', 'd2h'): 803.791, ('mrg2', 'start'): 804.146, ('mrg2', 'h2d'): 804.381, ('mrg2', 'count'): 804.47, ('mrg2', 'scan'): 804.517, ('mrg2', 'merge'): 805.459, ('mrg2', 'final'): 805.501, ('mrg2', 'compact'): 805.809, ('mrg2', 'pack'): 805.898, ('mrg2', 'd2h'): 806.631, ('mrg3', 'start'): 806.975, ('mrg3', 'h2d'): 807.209, ('mrg3', 'count'): 807.876, ('mrg3', 'scan'): 807.937, ('mrg3', 'merge'): 808.916, ('mrg3', 'pack'): 809.001, ('mrg3', 'd2h'): 809.737}",6.905617192387581,0.8259424006333576
Mildly sparse,bcsstk28,4410,219024,1.1261974177426073,596072,596072,596072,596072,596072,0.0,,0.13999999999998636,1.0369999999999209,0.18600000000003547,0.8010000000000446,1.3629999999999427,2.606,,,,,4.068,6.139,2.142,1.915,,1.4509999999999081,3.1000000000000227,5.231999999999971,1.2390000000000327,1.02699999999993,"{('cu', 'start'): 765.523, ('cu', 'h2dmalloc'): 765.587, ('cu', 'h2d'): 765.724, ('cu', 'workest'): 765.864, ('cu', 'compute'): 766.901, ('cu', 'copy'): 767.087, ('cu', 'pack'): 767.175, ('cu', 'd2h'): 767.976, ('gust', 'start'): 768.137, ('gust', 'h2d'): 768.366, ('gust', 'count'): 768.399, ('gust', 'scan'): 768.452, ('gust', 'expand'): 768.765, ('gust', 'sort'): 770.413, ('gust', 'reduce'): 770.734, ('gust', 'final'): 771.363, ('gust', 'pack'): 771.466, ('gust', 'd2h'): 771.858, ('merge', 'start'): 772.212, ('merge', 'h2d'): 772.416, ('merge', 'count'): 772.461, ('merge', 'scan'): 772.507, ('merge', 'expand'): 773.423, ('merge', 'merge'): 776.948, ('merge', 'final'): 777.195, ('merge', 'compact'): 777.548, ('merge', 'pack'): 777.648, ('merge', 'd2h'): 778.037, ('mrg2', 'start'): 778.357, ('mrg2', 'h2d'): 778.553, ('mrg2', 'count'): 778.586, ('mrg2', 'scan'): 778.632, ('mrg2', 'merge'): 779.33, ('mrg2', 'final'): 779.374, ('mrg2', 'compact'): 779.7, ('mrg2', 'pack'): 779.792, ('mrg2', 'd2h'): 780.18, ('mrg3', 'start'): 780.505, ('mrg3', 'h2d'): 780.7, ('mrg3', 'count'): 781.008, ('mrg3', 'scan'): 781.068, ('mrg3', 'merge'): 781.642, ('mrg3', 'pack'): 781.727, ('mrg3', 'd2h'): 782.114}",5.049543222412467,0.7394464019453153
Mildly sparse,bcsstk08,1074,12960,1.1235604381885709,305612,305612,305612,305612,305612,0.0,,0.06799999999998363,0.37599999999997635,0.1290000000000191,0.40599999999994907,0.5729999999999791,1.343,,,,,1.909,22.571,2.732,1.822,,0.7029999999999745,1.3450000000000273,21.977999999999952,2.143000000000029,1.177000000000021,"{('cu', 'start'): 763.23, ('cu', 'h2dmalloc'): 763.289, ('cu', 'h2d'): 763.316, ('cu', 'workest'): 763.384, ('cu', 'compute'): 763.76, ('cu', 'copy'): 763.889, ('cu', 'pack'): 764.019, ('cu', 'd2h'): 764.425, ('gust', 'start'): 764.582, ('gust', 'h2d'): 764.669, ('gust', 'count'): 764.707, ('gust', 'scan'): 764.75, ('gust', 'expand'): 764.938, ('gust', 'sort'): 765.278, ('gust', 'reduce'): 765.492, ('gust', 'final'): 765.908, ('gust', 'pack'): 766.014, ('gust', 'd2h'): 766.262, ('merge', 'start'): 766.5, ('merge', 'h2d'): 766.585, ('merge', 'count'): 766.625, ('merge', 'scan'): 766.671, ('merge', 'expand'): 767.268, ('merge', 'merge'): 787.081, ('merge', 'final'): 788.147, ('merge', 'compact'): 788.44, ('merge', 'pack'): 788.563, ('merge', 'd2h'): 788.815, ('mrg2', 'start'): 789.087, ('mrg2', 'h2d'): 789.188, ('mrg2', 'count'): 789.232, ('mrg2', 'scan'): 789.281, ('mrg2', 'merge'): 790.934, ('mrg2', 'final'): 790.984, ('mrg2', 'compact'): 791.226, ('mrg2', 'pack'): 791.331, ('mrg2', 'd2h'): 791.582, ('mrg3', 'start'): 791.831, ('mrg3', 'h2d'): 791.93, ('mrg3', 'count'): 792.309, ('mrg3', 'scan'): 792.395, ('mrg3', 'merge'): 792.988, ('mrg3', 'pack'): 793.107, ('mrg3', 'd2h'): 793.361}",0.137491850182414,0.4205600013723597
Mildly sparse,can_1054,1054,12196,1.097832779436069,60248,60248,60248,60248,60248,0.0,,0.06899999999995998,0.2740000000000009,0.06700000000000728,0.15800000000001546,0.40999999999996817,0.784,,,,,1.146,1.188,0.544,0.468,,0.43200000000001637,0.7939999999999827,0.8619999999999663,0.29700000000002547,0.21500000000003183,"{('cu', 'start'): 683.862, ('cu', 'h2dmalloc'): 683.934, ('cu', 'h2d'): 683.957, ('cu', 'workest'): 684.026, ('cu', 'compute'): 684.3, ('cu', 'copy'): 684.367, ('cu', 'pack'): 684.389, ('cu', 'd2h'): 684.547, ('gust', 'start'): 684.656, ('gust', 'h2d'): 684.756, ('gust', 'count'): 684.785, ('gust', 'scan'): 684.829, ('gust', 'expand'): 684.937, ('gust', 'sort'): 685.226, ('gust', 'reduce'): 685.354, ('gust', 'final'): 685.514, ('gust', 'pack'): 685.55, ('gust', 'd2h'): 685.6, ('merge', 'start'): 685.809, ('merge', 'h2d'): 685.903, ('merge', 'count'): 685.93, ('merge', 'scan'): 685.971, ('merge', 'expand'): 686.123, ('merge', 'merge'): 686.666, ('merge', 'final'): 686.717, ('merge', 'compact'): 686.744, ('merge', 'pack'): 686.765, ('merge', 'd2h'): 686.814, ('mrg2', 'start'): 687.005, ('mrg2', 'h2d'): 687.093, ('mrg2', 'count'): 687.117, ('mrg2', 'scan'): 687.159, ('mrg2', 'merge'): 687.304, ('mrg2', 'final'): 687.345, ('mrg2', 'compact'): 687.37, ('mrg2', 'pack'): 687.39, ('mrg2', 'd2h'): 687.439, ('mrg3', 'start'): 687.555, ('mrg3', 'h2d'): 687.644, ('mrg3', 'count'): 687.699, ('mrg3', 'scan'): 687.771, ('mrg3', 'merge'): 687.839, ('mrg3', 'pack'): 687.859, ('mrg3', 'd2h'): 687.908}",0.1100669614970684,0.364355200342834
Mildly sparse,can_1072,1072,12444,1.0828553129873024,62316,62316,62316,62316,62316,0.0,,0.05600000000004002,0.26300000000003365,0.06199999999989814,0.14200000000005275,0.3809999999999718,0.708,,,,,0.982,1.253,0.525,0.44,,0.39999999999997726,0.7010000000000218,1.0389999999999873,0.2999999999999545,0.22299999999995634,"{('cu', 'start'): 676.89, ('cu', 'h2dmalloc'): 676.952, ('cu', 'h2d'): 676.977, ('cu', 'workest'): 677.033, ('cu', 'compute'): 677.296, ('cu', 'copy'): 677.358, ('cu', 'pack'): 677.377, ('cu', 'd2h'): 677.519, ('gust', 'start'): 677.606, ('gust', 'h2d'): 677.688, ('gust', 'count'): 677.713, ('gust', 'scan'): 677.753, ('gust', 'expand'): 677.852, ('gust', 'sort'): 678.104, ('gust', 'reduce'): 678.213, ('gust', 'final'): 678.352, ('gust', 'pack'): 678.389, ('gust', 'd2h'): 678.439, ('merge', 'start'): 678.598, ('merge', 'h2d'): 678.681, ('merge', 'count'): 678.71, ('merge', 'scan'): 678.747, ('merge', 'expand'): 678.892, ('merge', 'merge'): 679.497, ('merge', 'final'): 679.545, ('merge', 'compact'): 679.695, ('merge', 'pack'): 679.72, ('merge', 'd2h'): 679.769, ('mrg2', 'start'): 679.861, ('mrg2', 'h2d'): 679.941, ('mrg2', 'count'): 679.968, ('mrg2', 'scan'): 680.005, ('mrg2', 'merge'): 680.162, ('mrg2', 'final'): 680.199, ('mrg2', 'compact'): 680.223, ('mrg2', 'pack'): 680.241, ('mrg2', 'd2h'): 680.291, ('mrg3', 'start'): 680.389, ('mrg3', 'h2d'): 680.469, ('mrg3', 'count'): 680.539, ('mrg3', 'scan'): 680.593, ('mrg3', 'merge'): 680.67, ('mrg3', 'pack'): 680.692, ('mrg3', 'd2h'): 680.742}",0.1363488845527172,0.3952480013947934
Mildly sparse,bcsstk19,817,6853,1.0266835857969194,18305,18305,18305,18305,18305,0.0,,0.09299999999996089,0.2039999999999509,0.08699999999998909,0.05000000000006821,0.38399999999990087,0.703,,,,,0.723,0.606,0.509,0.434,,0.42699999999990723,0.4539999999999509,0.34199999999998454,0.2580000000000382,0.19200000000000728,"{('cu', 'start'): 693.585, ('cu', 'h2dmalloc'): 693.667, ('cu', 'h2d'): 693.69, ('cu', 'workest'): 693.783, ('cu', 'compute'): 693.987, ('cu', 'copy'): 694.074, ('cu', 'pack'): 694.117, ('cu', 'd2h'): 694.167, ('gust', 'start'): 694.299, ('gust', 'h2d'): 694.404, ('gust', 'count'): 694.436, ('gust', 'scan'): 694.498, ('gust', 'expand'): 694.531, ('gust', 'sort'): 694.688, ('gust', 'reduce'): 694.747, ('gust', 'final'): 694.823, ('gust', 'pack'): 694.858, ('gust', 'd2h'): 694.893, ('merge', 'start'): 695.034, ('merge', 'h2d'): 695.148, ('merge', 'count'): 695.182, ('merge', 'scan'): 695.242, ('merge', 'expand'): 695.285, ('merge', 'merge'): 695.367, ('merge', 'final'): 695.419, ('merge', 'compact'): 695.456, ('merge', 'pack'): 695.49, ('merge', 'd2h'): 695.514, ('mrg2', 'start'): 695.65, ('mrg2', 'h2d'): 695.75, ('mrg2', 'count'): 695.781, ('mrg2', 'scan'): 695.837, ('mrg2', 'merge'): 695.891, ('mrg2', 'final'): 695.94, ('mrg2', 'compact'): 695.973, ('mrg2', 'pack'): 696.008, ('mrg2', 'd2h'): 696.032, ('mrg3', 'start'): 696.17, ('mrg3', 'h2d'): 696.268, ('mrg3', 'count'): 696.311, ('mrg3', 'scan'): 696.381, ('mrg3', 'merge'): 696.429, ('mrg3', 'pack'): 696.46, ('mrg3', 'd2h'): 696.485}",0.0575080048292875,0.3398431995417922
Highly sparse,bcsstm12,1473,19659,0.9060578533079476,53615,53615,53615,53615,53615,0.0,,0.06200000000001182,0.26300000000003365,0.06499999999994088,0.13900000000001,0.38999999999998636,0.722,,,,,1.101,0.982,0.576,0.422,,0.41200000000003456,0.8170000000000073,0.7509999999999764,0.3569999999999709,0.19799999999997908,"{('cu', 'start'): 694.936, ('cu', 'h2dmalloc'): 694.996, ('cu', 'h2d'): 695.03, ('cu', 'workest'): 695.092, ('cu', 'compute'): 695.355, ('cu', 'copy'): 695.42, ('cu', 'pack'): 695.442, ('cu', 'd2h'): 695.581, ('gust', 'start'): 695.666, ('gust', 'h2d'): 695.756, ('gust', 'count'): 695.783, ('gust', 'scan'): 695.821, ('gust', 'expand'): 695.919, ('gust', 'sort'): 696.189, ('gust', 'reduce'): 696.353, ('gust', 'final'): 696.539, ('gust', 'pack'): 696.573, ('gust', 'd2h'): 696.621, ('merge', 'start'): 696.773, ('merge', 'h2d'): 696.861, ('merge', 'count'): 696.887, ('merge', 'scan'): 696.925, ('merge', 'expand'): 697.048, ('merge', 'merge'): 697.337, ('merge', 'final'): 697.447, ('merge', 'compact'): 697.589, ('merge', 'pack'): 697.612, ('merge', 'd2h'): 697.661, ('mrg2', 'start'): 697.762, ('mrg2', 'h2d'): 697.849, ('mrg2', 'count'): 697.873, ('mrg2', 'scan'): 697.911, ('mrg2', 'merge'): 698.043, ('mrg2', 'final'): 698.081, ('mrg2', 'compact'): 698.179, ('mrg2', 'pack'): 698.206, ('mrg2', 'd2h'): 698.252, ('mrg3', 'start'): 698.345, ('mrg3', 'h2d'): 698.431, ('mrg3', 'count'): 698.485, ('mrg3', 'scan'): 698.541, ('mrg3', 'merge'): 698.607, ('mrg3', 'pack'): 698.629, ('mrg3', 'd2h'): 698.677}",0.2329139970242977,0.3660480008460581
Highly sparse,bcsstm03,112,112,0.8928571428571428,112,112,112,112,112,0.0,,0.05700000000001637,0.14599999999995816,0.05700000000001637,0.02400000000000091,0.2599999999999909,0.479,,,,,0.441,0.368,0.337,0.297,,0.28300000000001546,0.25699999999994816,0.19200000000000728,0.16000000000008185,0.1150000000000091,"{('cu', 'start'): 679.003, ('cu', 'h2dmalloc'): 679.071, ('cu', 'h2d'): 679.086, ('cu', 'workest'): 679.143, ('cu', 'compute'): 679.289, ('cu', 'copy'): 679.346, ('cu', 'pack'): 679.369, ('cu', 'd2h'): 679.393, ('gust', 'start'): 679.485, ('gust', 'h2d'): 679.561, ('gust', 'count'): 679.584, ('gust', 'scan'): 679.621, ('gust', 'expand'): 679.643, ('gust', 'sort'): 679.698, ('gust', 'reduce'): 679.744, ('gust', 'final'): 679.796, ('gust', 'pack'): 679.818, ('gust', 'd2h'): 679.827, ('merge', 'start'): 679.936, ('merge', 'h2d'): 680.014, ('merge', 'count'): 680.037, ('merge', 'scan'): 680.073, ('merge', 'expand'): 680.096, ('merge', 'merge'): 680.122, ('merge', 'final'): 680.158, ('merge', 'compact'): 680.184, ('merge', 'pack'): 680.206, ('merge', 'd2h'): 680.216, ('mrg2', 'start'): 680.312, ('mrg2', 'h2d'): 680.387, ('mrg2', 'count'): 680.411, ('mrg2', 'scan'): 680.445, ('mrg2', 'merge'): 680.471, ('mrg2', 'final'): 680.504, ('mrg2', 'compact'): 680.529, ('mrg2', 'pack'): 680.547, ('mrg2', 'd2h'): 680.562, ('mrg3', 'start'): 680.655, ('mrg3', 'h2d'): 680.736, ('mrg3', 'count'): 680.761, ('mrg3', 'scan'): 680.81, ('mrg3', 'merge'): 680.833, ('mrg3', 'pack'): 680.851, ('mrg3', 'd2h'): 680.863}",0.0374051742255687,0.167952000000514
Highly sparse,bcspwr05,443,1623,0.8270105834934192,4249,4249,4249,4249,4249,0.0,,0.06100000000003547,0.17300000000000182,0.05999999999994543,0.028999999999996362,0.2939999999999827,0.529,,,,,0.54,0.441,0.386,0.325,,0.31500000000005457,0.32999999999992724,0.23900000000003274,0.19500000000005002,0.13400000000001455,"{('cu', 'start'): 670.483, ('cu', 'h2dmalloc'): 670.547, ('cu', 'h2d'): 670.573, ('cu', 'workest'): 670.634, ('cu', 'compute'): 670.807, ('cu', 'copy'): 670.867, ('cu', 'pack'): 670.888, ('cu', 'd2h'): 670.917, ('gust', 'start'): 671.022, ('gust', 'h2d'): 671.104, ('gust', 'count'): 671.128, ('gust', 'scan'): 671.169, ('gust', 'expand'): 671.194, ('gust', 'sort'): 671.311, ('gust', 'reduce'): 671.357, ('gust', 'final'): 671.413, ('gust', 'pack'): 671.434, ('gust', 'd2h'): 671.448, ('merge', 'start'): 671.572, ('merge', 'h2d'): 671.661, ('merge', 'count'): 671.686, ('merge', 'scan'): 671.726, ('merge', 'expand'): 671.76, ('merge', 'merge'): 671.815, ('merge', 'final'): 671.856, ('merge', 'compact'): 671.882, ('merge', 'pack'): 671.9, ('merge', 'd2h'): 671.913, ('mrg2', 'start'): 672.019, ('mrg2', 'h2d'): 672.097, ('mrg2', 'count'): 672.12, ('mrg2', 'scan'): 672.158, ('mrg2', 'merge'): 672.2, ('mrg2', 'final'): 672.237, ('mrg2', 'compact'): 672.272, ('mrg2', 'pack'): 672.292, ('mrg2', 'd2h'): 672.305, ('mrg3', 'start'): 672.412, ('mrg3', 'h2d'): 672.492, ('mrg3', 'count'): 672.522, ('mrg3', 'scan'): 672.575, ('mrg3', 'merge'): 672.606, ('mrg3', 'pack'): 672.626, ('mrg3', 'd2h'): 672.639}",0.0619099009782075,0.2155328016262501
Highly sparse,bcsstk26,1922,30336,0.8212049319939666,92530,92530,92530,92530,92530,0.0,,0.06100000000003547,0.2860000000000582,0.06499999999994088,0.16899999999998272,0.41200000000003456,0.893,,,,,1.302,1.331,0.771,0.491,,0.49100000000009913,1.038000000000011,1.0679999999999836,0.5109999999999673,0.22900000000004184,"{('cu', 'start'): 686.809, ('cu', 'h2dmalloc'): 686.87, ('cu', 'h2d'): 686.911, ('cu', 'workest'): 686.972, ('cu', 'compute'): 687.258, ('cu', 'copy'): 687.323, ('cu', 'pack'): 687.402, ('cu', 'd2h'): 687.571, ('gust', 'start'): 687.711, ('gust', 'h2d'): 687.803, ('gust', 'count'): 687.832, ('gust', 'scan'): 687.875, ('gust', 'expand'): 688.025, ('gust', 'sort'): 688.301, ('gust', 'reduce'): 688.489, ('gust', 'final'): 688.806, ('gust', 'pack'): 688.841, ('gust', 'd2h'): 688.917, ('merge', 'start'): 689.019, ('merge', 'h2d'): 689.124, ('merge', 'count'): 689.155, ('merge', 'scan'): 689.192, ('merge', 'expand'): 689.395, ('merge', 'merge'): 689.857, ('merge', 'final'): 690.025, ('merge', 'compact'): 690.166, ('merge', 'pack'): 690.192, ('merge', 'd2h'): 690.267, ('mrg2', 'start'): 690.363, ('mrg2', 'h2d'): 690.46, ('mrg2', 'count'): 690.488, ('mrg2', 'scan'): 690.527, ('mrg2', 'merge'): 690.747, ('mrg2', 'final'): 690.789, ('mrg2', 'compact'): 690.944, ('mrg2', 'pack'): 690.971, ('mrg2', 'd2h'): 691.045, ('mrg3', 'start'): 691.141, ('mrg3', 'h2d'): 691.236, ('mrg3', 'count'): 691.302, ('mrg3', 'scan'): 691.359, ('mrg3', 'merge'): 691.442, ('mrg3', 'pack'): 691.465, ('mrg3', 'd2h'): 691.54}",0.5081109702587128,0.3763104011071845
Highly sparse,bcsstk33,8738,591904,0.775223972597465,2569536,2569536,2569536,2569536,2569536,0.0,,0.18600000000003547,2.3159999999999172,0.22000000000002728,1.4980000000000473,2.72199999999998,4.718,,,,,10.557,21.746,4.756,5.413,,2.808999999999969,8.19399999999996,20.17999999999995,3.1059999999999945,3.9279999999999973,"{('cu', 'start'): 853.771, ('cu', 'h2dmalloc'): 853.84, ('cu', 'h2d'): 854.034, ('cu', 'workest'): 854.22, ('cu', 'compute'): 856.536, ('cu', 'copy'): 856.756, ('cu', 'pack'): 856.843, ('cu', 'd2h'): 858.341, ('gust', 'start'): 858.501, ('gust', 'h2d'): 859.565, ('gust', 'count'): 859.67, ('gust', 'scan'): 859.722, ('gust', 'expand'): 860.431, ('gust', 'sort'): 866.029, ('gust', 'reduce'): 866.638, ('gust', 'final'): 867.669, ('gust', 'pack'): 867.759, ('gust', 'd2h'): 868.683, ('merge', 'start'): 869.067, ('merge', 'h2d'): 869.35, ('merge', 'count'): 869.45, ('merge', 'scan'): 869.5, ('merge', 'expand'): 871.823, ('merge', 'merge'): 888.738, ('merge', 'final'): 889.077, ('merge', 'compact'): 889.444, ('merge', 'pack'): 889.53, ('merge', 'd2h'): 890.441, ('mrg2', 'start'): 890.824, ('mrg2', 'h2d'): 891.205, ('mrg2', 'count'): 891.334, ('mrg2', 'scan'): 891.385, ('mrg2', 'merge'): 893.785, ('mrg2', 'final'): 893.834, ('mrg2', 'compact'): 894.225, ('mrg2', 'pack'): 894.311, ('mrg2', 'd2h'): 895.223, ('mrg3', 'start'): 895.589, ('mrg3', 'h2d'): 895.85, ('mrg3', 'count'): 897.376, ('mrg3', 'scan'): 897.439, ('mrg3', 'merge'): 899.695, ('mrg3', 'pack'): 899.778, ('mrg3', 'd2h'): 900.69}",32.81728201545775,1.572697598673403
Highly sparse,bcsstm04,132,132,0.7575757575757576,132,132,132,132,132,0.0,,0.05400000000008731,0.15199999999992997,0.05700000000001637,0.028999999999996362,0.26300000000003365,0.486,,,,,0.445,0.383,0.336,0.287,,0.2860000000000582,0.2540000000000191,0.2039999999999509,0.15999999999996817,0.1150000000000091,"{('cu', 'start'): 672.175, ('cu', 'h2dmalloc'): 672.245, ('cu', 'h2d'): 672.261, ('cu', 'workest'): 672.315, ('cu', 'compute'): 672.467, ('cu', 'copy'): 672.524, ('cu', 'pack'): 672.547, ('cu', 'd2h'): 672.576, ('gust', 'start'): 672.671, ('gust', 'h2d'): 672.752, ('gust', 'count'): 672.781, ('gust', 'scan'): 672.818, ('gust', 'expand'): 672.842, ('gust', 'sort'): 672.888, ('gust', 'reduce'): 672.93, ('gust', 'final'): 672.984, ('gust', 'pack'): 673.006, ('gust', 'd2h'): 673.015, ('merge', 'start'): 673.124, ('merge', 'h2d'): 673.202, ('merge', 'count'): 673.235, ('merge', 'scan'): 673.273, ('merge', 'expand'): 673.299, ('merge', 'merge'): 673.323, ('merge', 'final'): 673.359, ('merge', 'compact'): 673.385, ('merge', 'pack'): 673.406, ('merge', 'd2h'): 673.415, ('mrg2', 'start'): 673.516, ('mrg2', 'h2d'): 673.591, ('mrg2', 'count'): 673.614, ('mrg2', 'scan'): 673.65, ('mrg2', 'merge'): 673.675, ('mrg2', 'final'): 673.707, ('mrg2', 'compact'): 673.733, ('mrg2', 'pack'): 673.751, ('mrg2', 'd2h'): 673.763, ('mrg3', 'start'): 673.86, ('mrg3', 'h2d'): 673.932, ('mrg3', 'count'): 673.956, ('mrg3', 'scan'): 674.005, ('mrg3', 'merge'): 674.03, ('mrg3', 'pack'): 674.047, ('mrg3', 'd2h'): 674.059}",0.0482748728245496,0.1714880012208595
Highly sparse,bcsstk15,3948,117816,0.7558750073139261,527688,527688,527688,527688,527688,0.0,,0.12000000000000455,0.7660000000000764,0.17599999999993088,0.7199999999999136,1.0620000000000118,2.203,,,,,2.646,3.257,1.745,1.638,,1.164000000000101,1.76400000000001,2.4060000000000628,0.8859999999999673,0.7619999999999436,"{('cu', 'start'): 710.307, ('cu', 'h2dmalloc'): 710.371, ('cu', 'h2d'): 710.478, ('cu', 'workest'): 710.598, ('cu', 'compute'): 711.364, ('cu', 'copy'): 711.54, ('cu', 'pack'): 711.642, ('cu', 'd2h'): 712.362, ('gust', 'start'): 712.518, ('gust', 'h2d'): 712.689, ('gust', 'count'): 712.72, ('gust', 'scan'): 712.762, ('gust', 'expand'): 712.943, ('gust', 'sort'): 713.667, ('gust', 'reduce'): 713.867, ('gust', 'final'): 714.359, ('gust', 'pack'): 714.453, ('gust', 'd2h'): 714.9, ('merge', 'start'): 715.173, ('merge', 'h2d'): 715.332, ('merge', 'count'): 715.368, ('merge', 'scan'): 715.41, ('merge', 'expand'): 715.783, ('merge', 'merge'): 717.169, ('merge', 'final'): 717.361, ('merge', 'compact'): 717.649, ('merge', 'pack'): 717.738, ('merge', 'd2h'): 718.17, ('mrg2', 'start'): 718.436, ('mrg2', 'h2d'): 718.594, ('mrg2', 'count'): 718.631, ('mrg2', 'scan'): 718.671, ('mrg2', 'merge'): 719.047, ('mrg2', 'final'): 719.09, ('mrg2', 'compact'): 719.366, ('mrg2', 'pack'): 719.48, ('mrg2', 'd2h'): 719.913, ('mrg3', 'start'): 720.189, ('mrg3', 'h2d'): 720.35, ('mrg3', 'count'): 720.548, ('mrg3', 'scan'): 720.617, ('mrg3', 'merge'): 721.027, ('mrg3', 'pack'): 721.112, ('mrg3', 'd2h'): 721.544}",3.4469510428607464,0.4329728016164154
Highly sparse,bcsstm22,138,138,0.7246376811594203,138,138,138,138,138,0.0,,0.07200000000000273,0.18099999999992633,0.07200000000000273,0.025999999999953616,0.3249999999999318,0.568,,,,,0.498,0.404,0.363,0.322,,0.35000000000002274,0.28100000000006276,0.2099999999999227,0.17799999999999727,0.13400000000001455,"{('cu', 'start'): 688.835, ('cu', 'h2dmalloc'): 688.91, ('cu', 'h2d'): 688.932, ('cu', 'workest'): 689.004, ('cu', 'compute'): 689.185, ('cu', 'copy'): 689.257, ('cu', 'pack'): 689.282, ('cu', 'd2h'): 689.308, ('gust', 'start'): 689.414, ('gust', 'h2d'): 689.496, ('gust', 'count'): 689.519, ('gust', 'scan'): 689.567, ('gust', 'expand'): 689.591, ('gust', 'sort'): 689.642, ('gust', 'reduce'): 689.688, ('gust', 'final'): 689.752, ('gust', 'pack'): 689.777, ('gust', 'd2h'): 689.789, ('merge', 'start'): 689.918, ('merge', 'h2d'): 689.999, ('merge', 'count'): 690.023, ('merge', 'scan'): 690.067, ('merge', 'expand'): 690.092, ('merge', 'merge'): 690.115, ('merge', 'final'): 690.159, ('merge', 'compact'): 690.187, ('merge', 'pack'): 690.209, ('merge', 'd2h'): 690.22, ('mrg2', 'start'): 690.328, ('mrg2', 'h2d'): 690.404, ('mrg2', 'count'): 690.427, ('mrg2', 'scan'): 690.47, ('mrg2', 'merge'): 690.495, ('mrg2', 'final'): 690.533, ('mrg2', 'compact'): 690.559, ('mrg2', 'pack'): 690.582, ('mrg2', 'd2h'): 690.594, ('mrg3', 'start'): 690.699, ('mrg3', 'h2d'): 690.773, ('mrg3', 'count'): 690.798, ('mrg3', 'scan'): 690.855, ('mrg3', 'merge'): 690.885, ('mrg3', 'pack'): 690.907, ('mrg3', 'd2h'): 690.919}",0.0497139990329742,0.1724351994460448
Highly sparse,bp_1600,822,4841,0.7164591732229859,23625,23625,23625,23625,23625,0.0,,0.06999999999993634,0.19200000000000728,0.05999999999994543,0.04100000000005366,0.32199999999988904,0.556,,,,,0.608,17.421,1.628,0.833,,0.3409999999998945,0.38599999999996726,17.226,1.4370000000000118,0.6490000000000009,"{('cu', 'start'): 737.658, ('cu', 'h2dmalloc'): 737.719, ('cu', 'h2d'): 737.738, ('cu', 'workest'): 737.808, ('cu', 'compute'): 738.0, ('cu', 'copy'): 738.06, ('cu', 'pack'): 738.079, ('cu', 'd2h'): 738.12, ('gust', 'start'): 738.224, ('gust', 'h2d'): 738.307, ('gust', 'count'): 738.343, ('gust', 'scan'): 738.382, ('gust', 'expand'): 738.438, ('gust', 'sort'): 738.574, ('gust', 'reduce'): 738.617, ('gust', 'final'): 738.674, ('gust', 'pack'): 738.693, ('gust', 'd2h'): 738.726, ('merge', 'start'): 738.84, ('merge', 'h2d'): 738.92, ('merge', 'count'): 738.957, ('merge', 'scan'): 738.996, ('merge', 'expand'): 739.248, ('merge', 'merge'): 756.062, ('merge', 'final'): 756.104, ('merge', 'compact'): 756.128, ('merge', 'pack'): 756.146, ('merge', 'd2h'): 756.172, ('mrg2', 'start'): 756.271, ('mrg2', 'h2d'): 756.348, ('mrg2', 'count'): 756.388, ('mrg2', 'scan'): 756.424, ('mrg2', 'merge'): 757.7, ('mrg2', 'final'): 757.739, ('mrg2', 'compact'): 757.765, ('mrg2', 'pack'): 757.785, ('mrg2', 'd2h'): 757.81, ('mrg3', 'start'): 757.909, ('mrg3', 'h2d'): 757.985, ('mrg3', 'count'): 758.25, ('mrg3', 'scan'): 758.306, ('mrg3', 'merge'): 758.612, ('mrg3', 'pack'): 758.634, ('mrg3', 'd2h'): 758.659}",0.0767370220273733,0.2620672021061182
Highly sparse,bp_1400,822,4790,0.7089112662132002,23154,23154,23154,23154,23154,0.0,,0.05499999999994998,0.17499999999995453,0.05700000000001637,0.04000000000007731,0.2869999999999209,0.517,,,,,0.594,17.712,1.584,0.848,,0.30599999999992633,0.38800000000003365,17.523000000000025,1.3959999999999582,0.6520000000000437,"{('cu', 'start'): 732.999, ('cu', 'h2dmalloc'): 733.062, ('cu', 'h2d'): 733.08, ('cu', 'workest'): 733.135, ('cu', 'compute'): 733.31, ('cu', 'copy'): 733.367, ('cu', 'pack'): 733.386, ('cu', 'd2h'): 733.426, ('gust', 'start'): 733.524, ('gust', 'h2d'): 733.605, ('gust', 'count'): 733.649, ('gust', 'scan'): 733.686, ('gust', 'expand'): 733.743, ('gust', 'sort'): 733.878, ('gust', 'reduce'): 733.922, ('gust', 'final'): 733.976, ('gust', 'pack'): 733.993, ('gust', 'd2h'): 734.024, ('merge', 'start'): 734.125, ('merge', 'h2d'): 734.203, ('merge', 'count'): 734.243, ('merge', 'scan'): 734.282, ('merge', 'expand'): 734.536, ('merge', 'merge'): 751.643, ('merge', 'final'): 751.687, ('merge', 'compact'): 751.709, ('merge', 'pack'): 751.726, ('merge', 'd2h'): 751.75, ('mrg2', 'start'): 751.849, ('mrg2', 'h2d'): 751.926, ('mrg2', 'count'): 751.961, ('mrg2', 'scan'): 751.998, ('mrg2', 'merge'): 753.245, ('mrg2', 'final'): 753.282, ('mrg2', 'compact'): 753.304, ('mrg2', 'pack'): 753.322, ('mrg2', 'd2h'): 753.346, ('mrg3', 'start'): 753.443, ('mrg3', 'h2d'): 753.529, ('mrg3', 'count'): 753.788, ('mrg3', 'scan'): 753.854, ('mrg3', 'merge'): 754.16, ('mrg3', 'pack'): 754.181, ('mrg3', 'd2h'): 754.205}",0.0865249894559383,0.2612639997852966
Highly sparse,bp_1200,822,4726,0.6994393829068026,22313,22313,22313,22313,22313,0.0,,0.059000000000082764,0.19899999999995543,0.05899999999996908,0.03899999999998727,0.3170000000000073,0.55,,,,,0.607,17.888,1.614,0.859,,0.33600000000001273,0.38799999999991996,17.69500000000005,1.41599999999994,0.6539999999999964,"{('cu', 'start'): 735.847, ('cu', 'h2dmalloc'): 735.909, ('cu', 'h2d'): 735.929, ('cu', 'workest'): 735.988, ('cu', 'compute'): 736.187, ('cu', 'copy'): 736.246, ('cu', 'pack'): 736.265, ('cu', 'd2h'): 736.304, ('gust', 'start'): 736.411, ('gust', 'h2d'): 736.499, ('gust', 'count'): 736.534, ('gust', 'scan'): 736.575, ('gust', 'expand'): 736.633, ('gust', 'sort'): 736.767, ('gust', 'reduce'): 736.813, ('gust', 'final'): 736.868, ('gust', 'pack'): 736.887, ('gust', 'd2h'): 736.919, ('merge', 'start'): 737.022, ('merge', 'h2d'): 737.101, ('merge', 'count'): 737.134, ('merge', 'scan'): 737.175, ('merge', 'expand'): 737.425, ('merge', 'merge'): 754.711, ('merge', 'final'): 754.754, ('merge', 'compact'): 754.778, ('merge', 'pack'): 754.796, ('merge', 'd2h'): 754.82, ('mrg2', 'start'): 754.923, ('mrg2', 'h2d'): 755.004, ('mrg2', 'count'): 755.039, ('mrg2', 'scan'): 755.078, ('mrg2', 'merge'): 756.336, ('mrg2', 'final'): 756.378, ('mrg2', 'compact'): 756.402, ('mrg2', 'pack'): 756.42, ('mrg2', 'd2h'): 756.445, ('mrg3', 'start'): 756.548, ('mrg3', 'h2d'): 756.627, ('mrg3', 'count'): 756.888, ('mrg3', 'scan'): 756.944, ('mrg3', 'merge'): 757.259, ('mrg3', 'pack'): 757.281, ('mrg3', 'd2h'): 757.307}",0.0705299898982048,0.2609567983308807
Highly sparse,685_bus,685,3249,0.6924183494059353,9337,9337,9337,9337,9337,0.0,,0.06000000000005912,0.16699999999991633,0.07100000000002638,0.03499999999996817,0.2980000000000018,0.525,,,,,0.537,0.474,0.391,0.338,,0.32200000000000273,0.3369999999999891,0.28499999999996817,0.20299999999997453,0.15800000000001546,"{('cu', 'start'): 678.365, ('cu', 'h2dmalloc'): 678.429, ('cu', 'h2d'): 678.448, ('cu', 'workest'): 678.508, ('cu', 'compute'): 678.675, ('cu', 'copy'): 678.746, ('cu', 'pack'): 678.77, ('cu', 'd2h'): 678.805, ('gust', 'start'): 678.903, ('gust', 'h2d'): 678.985, ('gust', 'count'): 679.011, ('gust', 'scan'): 679.049, ('gust', 'expand'): 679.077, ('gust', 'sort'): 679.195, ('gust', 'reduce'): 679.24, ('gust', 'final'): 679.299, ('gust', 'pack'): 679.322, ('gust', 'd2h'): 679.338, ('merge', 'start'): 679.448, ('merge', 'h2d'): 679.525, ('merge', 'count'): 679.551, ('merge', 'scan'): 679.587, ('merge', 'expand'): 679.622, ('merge', 'merge'): 679.712, ('merge', 'final'): 679.755, ('merge', 'compact'): 679.792, ('merge', 'pack'): 679.81, ('merge', 'd2h'): 679.827, ('mrg2', 'start'): 679.928, ('mrg2', 'h2d'): 680.003, ('mrg2', 'count'): 680.027, ('mrg2', 'scan'): 680.064, ('mrg2', 'merge'): 680.118, ('mrg2', 'final'): 680.157, ('mrg2', 'compact'): 680.182, ('mrg2', 'pack'): 680.206, ('mrg2', 'd2h'): 680.232, ('mrg3', 'start'): 680.326, ('mrg3', 'h2d'): 680.4, ('mrg3', 'count'): 680.438, ('mrg3', 'scan'): 680.49, ('mrg3', 'merge'): 680.534, ('mrg3', 'pack'): 680.558, ('mrg3', 'd2h'): 680.575}",0.0866700429469347,0.2110015993472189
Highly sparse,bp_1000,822,4661,0.6898195014237425,21373,21373,21373,21373,21373,0.0,,0.05700000000001637,0.17300000000000182,0.06599999999991724,0.039000000000100954,0.2959999999999354,0.517,,,,,0.606,17.66,1.588,0.846,,0.3149999999999409,0.3990000000000009,17.46900000000005,1.3940000000000055,0.6549999999999727,"{('cu', 'start'): 731.584, ('cu', 'h2dmalloc'): 731.646, ('cu', 'h2d'): 731.663, ('cu', 'workest'): 731.72, ('cu', 'compute'): 731.893, ('cu', 'copy'): 731.959, ('cu', 'pack'): 731.978, ('cu', 'd2h'): 732.017, ('gust', 'start'): 732.113, ('gust', 'h2d'): 732.193, ('gust', 'count'): 732.23, ('gust', 'scan'): 732.281, ('gust', 'expand'): 732.337, ('gust', 'sort'): 732.47, ('gust', 'reduce'): 732.515, ('gust', 'final'): 732.573, ('gust', 'pack'): 732.592, ('gust', 'd2h'): 732.622, ('merge', 'start'): 732.725, ('merge', 'h2d'): 732.804, ('merge', 'count'): 732.841, ('merge', 'scan'): 732.881, ('merge', 'expand'): 733.139, ('merge', 'merge'): 750.187, ('merge', 'final'): 750.23, ('merge', 'compact'): 750.254, ('merge', 'pack'): 750.273, ('merge', 'd2h'): 750.295, ('mrg2', 'start'): 750.398, ('mrg2', 'h2d'): 750.475, ('mrg2', 'count'): 750.51, ('mrg2', 'scan'): 750.552, ('mrg2', 'merge'): 751.789, ('mrg2', 'final'): 751.826, ('mrg2', 'compact'): 751.85, ('mrg2', 'pack'): 751.869, ('mrg2', 'd2h'): 751.891, ('mrg3', 'start'): 751.996, ('mrg3', 'h2d'): 752.077, ('mrg3', 'count'): 752.343, ('mrg3', 'scan'): 752.397, ('mrg3', 'merge'): 752.711, ('mrg3', 'pack'): 752.732, ('mrg3', 'd2h'): 752.755}",0.0828828196972608,0.2609791988739744
Highly sparse,494_bus,494,1666,0.6826861610582045,4062,4062,4062,4062,4062,0.0,,0.06200000000001182,0.16499999999996362,0.05700000000001637,0.03099999999994907,0.2839999999999918,0.511,,,,,0.543,0.416,0.367,0.323,,0.3089999999999691,0.3430000000000746,0.23499999999989996,0.18999999999994088,0.13600000000008095,"{('cu', 'start'): 679.572, ('cu', 'h2dmalloc'): 679.637, ('cu', 'h2d'): 679.662, ('cu', 'workest'): 679.724, ('cu', 'compute'): 679.889, ('cu', 'copy'): 679.946, ('cu', 'pack'): 679.971, ('cu', 'd2h'): 680.002, ('gust', 'start'): 680.094, ('gust', 'h2d'): 680.175, ('gust', 'count'): 680.204, ('gust', 'scan'): 680.243, ('gust', 'expand'): 680.267, ('gust', 'sort'): 680.381, ('gust', 'reduce'): 680.426, ('gust', 'final'): 680.494, ('gust', 'pack'): 680.518, ('gust', 'd2h'): 680.531, ('merge', 'start'): 680.643, ('merge', 'h2d'): 680.724, ('merge', 'count'): 680.749, ('merge', 'scan'): 680.786, ('merge', 'expand'): 680.818, ('merge', 'merge'): 680.868, ('merge', 'final'): 680.909, ('merge', 'compact'): 680.938, ('merge', 'pack'): 680.959, ('merge', 'd2h'): 680.972, ('mrg2', 'start'): 681.067, ('mrg2', 'h2d'): 681.143, ('mrg2', 'count'): 681.168, ('mrg2', 'scan'): 681.204, ('mrg2', 'merge'): 681.247, ('mrg2', 'final'): 681.286, ('mrg2', 'compact'): 681.309, ('mrg2', 'pack'): 681.333, ('mrg2', 'd2h'): 681.346, ('mrg3', 'start'): 681.442, ('mrg3', 'h2d'): 681.526, ('mrg3', 'count'): 681.559, ('mrg3', 'scan'): 681.611, ('mrg3', 'merge'): 681.643, ('mrg3', 'pack'): 681.662, ('mrg3', 'd2h'): 681.676}",0.0658698845654726,0.196271999948658
Highly sparse,bp_800,822,4534,0.6710237329876096,20224,20224,20224,20224,20224,0.0,,0.053999999999973625,0.19900000000006912,0.05899999999996908,0.03700000000003456,0.3120000000000118,0.533,,,,,0.587,17.138,1.579,0.869,,0.3300000000000409,0.38599999999996726,16.892000000000053,1.3550000000000182,0.6709999999999354,"{('cu', 'start'): 728.8, ('cu', 'h2dmalloc'): 728.861, ('cu', 'h2d'): 728.881, ('cu', 'workest'): 728.935, ('cu', 'compute'): 729.134, ('cu', 'copy'): 729.193, ('cu', 'pack'): 729.211, ('cu', 'd2h'): 729.248, ('gust', 'start'): 729.343, ('gust', 'h2d'): 729.422, ('gust', 'count'): 729.459, ('gust', 'scan'): 729.497, ('gust', 'expand'): 729.555, ('gust', 'sort'): 729.688, ('gust', 'reduce'): 729.733, ('gust', 'final'): 729.787, ('gust', 'pack'): 729.808, ('gust', 'd2h'): 729.84, ('merge', 'start'): 729.937, ('merge', 'h2d'): 730.015, ('merge', 'count'): 730.053, ('merge', 'scan'): 730.091, ('merge', 'expand'): 730.336, ('merge', 'merge'): 746.792, ('merge', 'final'): 746.866, ('merge', 'compact'): 746.889, ('merge', 'pack'): 746.907, ('merge', 'd2h'): 746.932, ('mrg2', 'start'): 747.086, ('mrg2', 'h2d'): 747.196, ('mrg2', 'count'): 747.228, ('mrg2', 'scan'): 747.266, ('mrg2', 'merge'): 748.472, ('mrg2', 'final'): 748.51, ('mrg2', 'compact'): 748.533, ('mrg2', 'pack'): 748.551, ('mrg2', 'd2h'): 748.575, ('mrg3', 'start'): 748.677, ('mrg3', 'h2d'): 748.764, ('mrg3', 'count'): 749.04, ('mrg3', 'scan'): 749.094, ('mrg3', 'merge'): 749.413, ('mrg3', 'pack'): 749.435, ('mrg3', 'd2h'): 749.459}",0.0919150188565254,0.2575040003284812
Highly sparse,bcsstm05,153,153,0.6535947712418301,153,153,153,153,153,0.0,,0.059000000000082764,0.15799999999990177,0.05700000000001637,0.03300000000001546,0.2740000000000009,0.509,,,,,0.452,0.389,0.338,0.284,,0.29700000000002547,0.26099999999996726,0.20499999999992724,0.16999999999995907,0.11700000000007549,"{('cu', 'start'): 667.473, ('cu', 'h2dmalloc'): 667.547, ('cu', 'h2d'): 667.564, ('cu', 'workest'): 667.623, ('cu', 'compute'): 667.781, ('cu', 'copy'): 667.838, ('cu', 'pack'): 667.861, ('cu', 'd2h'): 667.894, ('gust', 'start'): 667.991, ('gust', 'h2d'): 668.072, ('gust', 'count'): 668.094, ('gust', 'scan'): 668.134, ('gust', 'expand'): 668.158, ('gust', 'sort'): 668.207, ('gust', 'reduce'): 668.25, ('gust', 'final'): 668.31, ('gust', 'pack'): 668.333, ('gust', 'd2h'): 668.343, ('merge', 'start'): 668.451, ('merge', 'h2d'): 668.532, ('merge', 'count'): 668.56, ('merge', 'scan'): 668.597, ('merge', 'expand'): 668.624, ('merge', 'merge'): 668.645, ('merge', 'final'): 668.684, ('merge', 'compact'): 668.717, ('merge', 'pack'): 668.737, ('merge', 'd2h'): 668.748, ('mrg2', 'start'): 668.847, ('mrg2', 'h2d'): 668.917, ('mrg2', 'count'): 668.939, ('mrg2', 'scan'): 668.975, ('mrg2', 'merge'): 669.005, ('mrg2', 'final'): 669.04, ('mrg2', 'compact'): 669.066, ('mrg2', 'pack'): 669.087, ('mrg2', 'd2h'): 669.097, ('mrg3', 'start'): 669.194, ('mrg3', 'h2d'): 669.262, ('mrg3', 'count'): 669.286, ('mrg3', 'scan'): 669.336, ('mrg3', 'merge'): 669.36, ('mrg3', 'pack'): 669.379, ('mrg3', 'd2h'): 669.39}",0.0309250317513942,0.1697407995350658
Highly sparse,bp_600,822,4172,0.6174483930357978,16464,16464,16464,16464,16464,0.0,,0.06000000000005912,0.18099999999992633,0.06700000000000728,0.03499999999996817,0.3079999999999927,0.526,,,,,0.572,16.446,1.529,0.831,,0.3269999999999982,0.3629999999999427,16.251999999999953,1.33400000000006,0.6509999999999536,"{('cu', 'start'): 728.999, ('cu', 'h2dmalloc'): 729.065, ('cu', 'h2d'): 729.082, ('cu', 'workest'): 729.142, ('cu', 'compute'): 729.323, ('cu', 'copy'): 729.39, ('cu', 'pack'): 729.409, ('cu', 'd2h'): 729.444, ('gust', 'start'): 729.538, ('gust', 'h2d'): 729.623, ('gust', 'count'): 729.657, ('gust', 'scan'): 729.697, ('gust', 'expand'): 729.748, ('gust', 'sort'): 729.871, ('gust', 'reduce'): 729.913, ('gust', 'final'): 729.967, ('gust', 'pack'): 729.986, ('gust', 'd2h'): 730.014, ('merge', 'start'): 730.115, ('merge', 'h2d'): 730.195, ('merge', 'count'): 730.231, ('merge', 'scan'): 730.268, ('merge', 'expand'): 730.49, ('merge', 'merge'): 746.359, ('merge', 'final'): 746.405, ('merge', 'compact'): 746.43, ('merge', 'pack'): 746.447, ('merge', 'd2h'): 746.467, ('mrg2', 'start'): 746.568, ('mrg2', 'h2d'): 746.65, ('mrg2', 'count'): 746.685, ('mrg2', 'scan'): 746.722, ('mrg2', 'merge'): 747.908, ('mrg2', 'final'): 747.944, ('mrg2', 'compact'): 747.967, ('mrg2', 'pack'): 747.984, ('mrg2', 'd2h'): 748.004, ('mrg3', 'start'): 748.104, ('mrg3', 'h2d'): 748.181, ('mrg3', 'count'): 748.45, ('mrg3', 'scan'): 748.503, ('mrg3', 'merge'): 748.811, ('mrg3', 'pack'): 748.832, ('mrg3', 'd2h'): 748.852}",0.0918600708246231,0.2555775996297598
Highly sparse,bp_400,822,4028,0.596136655596403,15238,15238,15238,15238,15238,0.0,,0.053999999999973625,0.18899999999996453,0.06100000000003547,0.03600000000005821,0.3039999999999736,0.521,,,,,0.572,15.373,1.463,0.837,,0.32399999999995543,0.37599999999997635,15.18999999999994,1.27800000000002,0.6569999999999254,"{('cu', 'start'): 717.521, ('cu', 'h2dmalloc'): 717.58, ('cu', 'h2d'): 717.6, ('cu', 'workest'): 717.654, ('cu', 'compute'): 717.843, ('cu', 'copy'): 717.904, ('cu', 'pack'): 717.924, ('cu', 'd2h'): 717.96, ('gust', 'start'): 718.056, ('gust', 'h2d'): 718.133, ('gust', 'count'): 718.166, ('gust', 'scan'): 718.207, ('gust', 'expand'): 718.259, ('gust', 'sort'): 718.393, ('gust', 'reduce'): 718.435, ('gust', 'final'): 718.49, ('gust', 'pack'): 718.509, ('gust', 'd2h'): 718.537, ('merge', 'start'): 718.632, ('merge', 'h2d'): 718.71, ('merge', 'count'): 718.746, ('merge', 'scan'): 718.784, ('merge', 'expand'): 718.999, ('merge', 'merge'): 733.814, ('merge', 'final'): 733.857, ('merge', 'compact'): 733.882, ('merge', 'pack'): 733.9, ('merge', 'd2h'): 733.92, ('mrg2', 'start'): 734.014, ('mrg2', 'h2d'): 734.088, ('mrg2', 'count'): 734.125, ('mrg2', 'scan'): 734.162, ('mrg2', 'merge'): 735.287, ('mrg2', 'final'): 735.326, ('mrg2', 'compact'): 735.349, ('mrg2', 'pack'): 735.366, ('mrg2', 'd2h'): 735.386, ('mrg3', 'start'): 735.484, ('mrg3', 'h2d'): 735.556, ('mrg3', 'count'): 735.825, ('mrg3', 'scan'): 735.876, ('mrg3', 'merge'): 736.192, ('mrg3', 'pack'): 736.213, ('mrg3', 'd2h'): 736.233}",0.0724690034985542,0.2585760003188624
Highly sparse,662_bus,662,2474,0.5645256980129791,6480,6480,6480,6480,6480,0.0,,0.07299999999997908,0.17399999999997817,0.06500000000005457,0.03899999999998727,0.3120000000000118,0.572,,,,,0.602,0.493,0.422,0.37,,0.33299999999997,0.3590000000000373,0.26499999999998636,0.20199999999999818,0.15399999999999636,"{('cu', 'start'): 672.669, ('cu', 'h2dmalloc'): 672.738, ('cu', 'h2d'): 672.76, ('cu', 'workest'): 672.833, ('cu', 'compute'): 673.007, ('cu', 'copy'): 673.072, ('cu', 'pack'): 673.093, ('cu', 'd2h'): 673.132, ('gust', 'start'): 673.25, ('gust', 'h2d'): 673.357, ('gust', 'count'): 673.383, ('gust', 'scan'): 673.428, ('gust', 'expand'): 673.458, ('gust', 'sort'): 673.581, ('gust', 'reduce'): 673.629, ('gust', 'final'): 673.694, ('gust', 'pack'): 673.716, ('gust', 'd2h'): 673.731, ('merge', 'start'): 673.859, ('merge', 'h2d'): 673.962, ('merge', 'count'): 673.99, ('merge', 'scan'): 674.033, ('merge', 'expand'): 674.066, ('merge', 'merge'): 674.128, ('merge', 'final'): 674.178, ('merge', 'compact'): 674.207, ('merge', 'pack'): 674.227, ('merge', 'd2h'): 674.241, ('mrg2', 'start'): 674.359, ('mrg2', 'h2d'): 674.454, ('mrg2', 'count'): 674.48, ('mrg2', 'scan'): 674.522, ('mrg2', 'merge'): 674.569, ('mrg2', 'final'): 674.607, ('mrg2', 'compact'): 674.637, ('mrg2', 'pack'): 674.656, ('mrg2', 'd2h'): 674.672, ('mrg3', 'start'): 674.787, ('mrg3', 'h2d'): 674.879, ('mrg3', 'count'): 674.914, ('mrg3', 'scan'): 674.977, ('mrg3', 'merge'): 675.012, ('mrg3', 'pack'): 675.033, ('mrg3', 'd2h'): 675.048}",0.0783491414040327,0.2192064000293612
Highly sparse,bp_200,822,3802,0.5626890676706863,13197,13197,13197,13197,13197,0.0,,0.055000000000063665,0.18200000000001637,0.05899999999996908,0.03199999999992542,0.2960000000000491,0.525,,,,,0.572,13.992,1.311,0.792,,0.3140000000000782,0.375,13.782000000000039,1.1170000000000755,0.6140000000000327,"{('cu', 'start'): 723.278, ('cu', 'h2dmalloc'): 723.341, ('cu', 'h2d'): 723.358, ('cu', 'workest'): 723.413, ('cu', 'compute'): 723.595, ('cu', 'copy'): 723.654, ('cu', 'pack'): 723.672, ('cu', 'd2h'): 723.704, ('gust', 'start'): 723.814, ('gust', 'h2d'): 723.894, ('gust', 'count'): 723.94, ('gust', 'scan'): 723.979, ('gust', 'expand'): 724.027, ('gust', 'sort'): 724.153, ('gust', 'reduce'): 724.197, ('gust', 'final'): 724.251, ('gust', 'pack'): 724.269, ('gust', 'd2h'): 724.294, ('merge', 'start'): 724.393, ('merge', 'h2d'): 724.472, ('merge', 'count'): 724.509, ('merge', 'scan'): 724.55, ('merge', 'expand'): 724.748, ('merge', 'merge'): 738.166, ('merge', 'final'): 738.212, ('merge', 'compact'): 738.236, ('merge', 'pack'): 738.254, ('merge', 'd2h'): 738.272, ('mrg2', 'start'): 738.393, ('mrg2', 'h2d'): 738.477, ('mrg2', 'count'): 738.513, ('mrg2', 'scan'): 738.549, ('mrg2', 'merge'): 739.517, ('mrg2', 'final'): 739.553, ('mrg2', 'compact'): 739.576, ('mrg2', 'pack'): 739.594, ('mrg2', 'd2h'): 739.612, ('mrg3', 'start'): 739.717, ('mrg3', 'h2d'): 739.794, ('mrg3', 'count'): 740.039, ('mrg3', 'scan'): 740.097, ('mrg3', 'merge'): 740.386, ('mrg3', 'pack'): 740.408, ('mrg3', 'd2h'): 740.425}",0.0915199052542448,0.252031999733299
Highly sparse,bcsstm13,2003,21943,0.5469329704893483,90811,90811,90811,90811,90811,0.0,,0.06100000000003547,0.3629999999999427,0.06600000000003092,0.17499999999995453,0.4900000000000091,0.883,,,,,1.403,2.986,0.953,0.626,,0.5080000000000382,1.1330000000000382,2.7369999999999663,0.6979999999999791,0.37199999999995725,"{('cu', 'start'): 693.317, ('cu', 'h2dmalloc'): 693.38, ('cu', 'h2d'): 693.413, ('cu', 'workest'): 693.474, ('cu', 'compute'): 693.837, ('cu', 'copy'): 693.903, ('cu', 'pack'): 693.921, ('cu', 'd2h'): 694.096, ('gust', 'start'): 694.212, ('gust', 'h2d'): 694.317, ('gust', 'count'): 694.352, ('gust', 'scan'): 694.399, ('gust', 'expand'): 694.578, ('gust', 'sort'): 694.912, ('gust', 'reduce'): 695.099, ('gust', 'final'): 695.414, ('gust', 'pack'): 695.45, ('gust', 'd2h'): 695.519, ('merge', 'start'): 695.621, ('merge', 'h2d'): 695.716, ('merge', 'count'): 695.751, ('merge', 'scan'): 695.79, ('merge', 'expand'): 696.213, ('merge', 'merge'): 698.101, ('merge', 'final'): 698.273, ('merge', 'compact'): 698.428, ('merge', 'pack'): 698.453, ('merge', 'd2h'): 698.522, ('mrg2', 'start'): 698.62, ('mrg2', 'h2d'): 698.71, ('mrg2', 'count'): 698.745, ('mrg2', 'scan'): 698.785, ('mrg2', 'merge'): 699.197, ('mrg2', 'final'): 699.238, ('mrg2', 'compact'): 699.382, ('mrg2', 'pack'): 699.408, ('mrg2', 'd2h'): 699.477, ('mrg3', 'start'): 699.581, ('mrg3', 'h2d'): 699.672, ('mrg3', 'count'): 699.801, ('mrg3', 'scan'): 699.857, ('mrg3', 'merge'): 700.021, ('mrg3', 'pack'): 700.044, ('mrg3', 'd2h'): 700.112}",0.5536598619073629,0.4435423980467022
Highly sparse,bp_0,822,3276,0.4848420267462305,9384,9384,9384,9384,9384,0.0,,0.057999999999992724,0.18199999999990268,0.059000000000082764,0.030000000000086402,0.29899999999997817,0.506,,,,,0.572,11.341,1.182,0.778,,0.3169999999998936,0.3709999999999809,11.129000000000019,0.9959999999999809,0.5950000000000273,"{('cu', 'start'): 720.116, ('cu', 'h2dmalloc'): 720.177, ('cu', 'h2d'): 720.195, ('cu', 'workest'): 720.253, ('cu', 'compute'): 720.435, ('cu', 'copy'): 720.494, ('cu', 'pack'): 720.512, ('cu', 'd2h'): 720.542, ('gust', 'start'): 720.632, ('gust', 'h2d'): 720.712, ('gust', 'count'): 720.748, ('gust', 'scan'): 720.786, ('gust', 'expand'): 720.832, ('gust', 'sort'): 720.966, ('gust', 'reduce'): 721.011, ('gust', 'final'): 721.065, ('gust', 'pack'): 721.083, ('gust', 'd2h'): 721.1, ('merge', 'start'): 721.21, ('merge', 'h2d'): 721.287, ('merge', 'count'): 721.324, ('merge', 'scan'): 721.362, ('merge', 'expand'): 721.521, ('merge', 'merge'): 732.325, ('merge', 'final'): 732.374, ('merge', 'compact'): 732.398, ('merge', 'pack'): 732.416, ('merge', 'd2h'): 732.432, ('mrg2', 'start'): 732.559, ('mrg2', 'h2d'): 732.642, ('mrg2', 'count'): 732.677, ('mrg2', 'scan'): 732.714, ('mrg2', 'merge'): 733.56, ('mrg2', 'final'): 733.597, ('mrg2', 'compact'): 733.62, ('mrg2', 'pack'): 733.638, ('mrg2', 'd2h'): 733.653, ('mrg3', 'start'): 733.753, ('mrg3', 'h2d'): 733.833, ('mrg3', 'count'): 734.077, ('mrg3', 'scan'): 734.131, ('mrg3', 'merge'): 734.407, ('mrg3', 'pack'): 734.428, ('mrg3', 'd2h'): 734.444}",0.0745928846299648,0.2453248001867904
Highly sparse,bcsstk23,3134,45178,0.45996948062076437,220632,220632,220632,220632,220632,0.0,,0.07600000000002183,0.3770000000000664,0.14599999999995816,0.3369999999999891,0.5990000000000464,1.333,,,,,1.833,1.985,1.205,0.936,,0.7040000000000646,1.3210000000000264,1.475999999999999,0.6909999999999172,0.42999999999995,"{('cu', 'start'): 716.554, ('cu', 'h2dmalloc'): 716.616, ('cu', 'h2d'): 716.665, ('cu', 'workest'): 716.741, ('cu', 'compute'): 717.118, ('cu', 'copy'): 717.264, ('cu', 'pack'): 717.369, ('cu', 'd2h'): 717.706, ('gust', 'start'): 717.896, ('gust', 'h2d'): 718.004, ('gust', 'count'): 718.031, ('gust', 'scan'): 718.08, ('gust', 'expand'): 718.238, ('gust', 'sort'): 718.586, ('gust', 'reduce'): 718.779, ('gust', 'final'): 719.225, ('gust', 'pack'): 719.325, ('gust', 'd2h'): 719.478, ('merge', 'start'): 719.735, ('merge', 'h2d'): 719.85, ('merge', 'count'): 719.88, ('merge', 'scan'): 719.925, ('merge', 'expand'): 720.143, ('merge', 'merge'): 720.791, ('merge', 'final'): 721.001, ('merge', 'compact'): 721.238, ('merge', 'pack'): 721.326, ('merge', 'd2h'): 721.481, ('mrg2', 'start'): 721.729, ('mrg2', 'h2d'): 721.84, ('mrg2', 'count'): 721.87, ('mrg2', 'scan'): 721.917, ('mrg2', 'merge'): 722.162, ('mrg2', 'final'): 722.209, ('mrg2', 'compact'): 722.442, ('mrg2', 'pack'): 722.531, ('mrg2', 'd2h'): 722.687, ('mrg3', 'start'): 722.939, ('mrg3', 'h2d'): 723.041, ('mrg3', 'count'): 723.137, ('mrg3', 'scan'): 723.202, ('mrg3', 'merge'): 723.389, ('mrg3', 'pack'): 723.471, ('mrg3', 'd2h'): 723.626}",1.8119048327207563,0.3626432005548849
Highly sparse,bcsstk17,10974,428650,0.35593682023042417,1406936,1406936,1406936,1406936,1406936,0.0,,0.15899999999999181,1.7839999999999918,0.16300000000001091,0.8100000000000591,2.1059999999999945,3.303,,,,,5.31,10.76,2.304,2.63,,2.175999999999931,4.087999999999965,9.581999999999994,1.4049999999999727,1.7480000000000473,"{('cu', 'start'): 823.695, ('cu', 'h2dmalloc'): 823.762, ('cu', 'h2d'): 823.902, ('cu', 'workest'): 824.061, ('cu', 'compute'): 825.845, ('cu', 'copy'): 826.008, ('cu', 'pack'): 826.078, ('cu', 'd2h'): 826.888, ('gust', 'start'): 827.005, ('gust', 'h2d'): 827.513, ('gust', 'count'): 827.596, ('gust', 'scan'): 827.637, ('gust', 'expand'): 827.966, ('gust', 'sort'): 830.608, ('gust', 'reduce'): 830.966, ('gust', 'final'): 831.529, ('gust', 'pack'): 831.601, ('gust', 'd2h'): 832.025, ('merge', 'start'): 832.32, ('merge', 'h2d'): 832.766, ('merge', 'count'): 832.887, ('merge', 'scan'): 832.926, ('merge', 'expand'): 834.127, ('merge', 'merge'): 841.809, ('merge', 'final'): 842.011, ('merge', 'compact'): 842.279, ('merge', 'pack'): 842.348, ('merge', 'd2h'): 842.773, ('mrg2', 'start'): 843.086, ('mrg2', 'h2d'): 843.297, ('mrg2', 'count'): 843.377, ('mrg2', 'scan'): 843.421, ('mrg2', 'merge'): 844.334, ('mrg2', 'final'): 844.372, ('mrg2', 'compact'): 844.626, ('mrg2', 'pack'): 844.702, ('mrg2', 'd2h'): 845.12, ('mrg3', 'start'): 845.396, ('mrg3', 'h2d'): 845.598, ('mrg3', 'count'): 846.262, ('mrg3', 'scan'): 846.314, ('mrg3', 'merge'): 847.28, ('mrg3', 'pack'): 847.346, ('mrg3', 'd2h'): 847.77}",63.72947292402387,0.8312384036136792
Highly sparse,blckhole,2132,14872,0.3271861986912552,41546,41546,41546,41546,41546,0.0,,0.056999999999902684,0.23900000000003274,0.06399999999996453,0.1270000000000664,0.35999999999989996,0.688,,,,,0.838,0.706,0.426,0.424,,0.3829999999999245,0.5610000000000355,0.49300000000005184,0.21900000000005093,0.20199999999999818,"{('cu', 'start'): 674.472, ('cu', 'h2dmalloc'): 674.534, ('cu', 'h2d'): 674.57, ('cu', 'workest'): 674.627, ('cu', 'compute'): 674.866, ('cu', 'copy'): 674.93, ('cu', 'pack'): 674.953, ('cu', 'd2h'): 675.08, ('gust', 'start'): 675.167, ('gust', 'h2d'): 675.254, ('gust', 'count'): 675.281, ('gust', 'scan'): 675.319, ('gust', 'expand'): 675.351, ('gust', 'sort'): 675.613, ('gust', 'reduce'): 675.724, ('gust', 'final'): 675.784, ('gust', 'pack'): 675.815, ('gust', 'd2h'): 675.855, ('merge', 'start'): 676.015, ('merge', 'h2d'): 676.101, ('merge', 'count'): 676.131, ('merge', 'scan'): 676.168, ('merge', 'expand'): 676.211, ('merge', 'merge'): 676.432, ('merge', 'final'): 676.475, ('merge', 'compact'): 676.57, ('merge', 'pack'): 676.594, ('merge', 'd2h'): 676.633, ('mrg2', 'start'): 676.727, ('mrg2', 'h2d'): 676.809, ('mrg2', 'count'): 676.836, ('mrg2', 'scan'): 676.873, ('mrg2', 'merge'): 676.941, ('mrg2', 'final'): 676.978, ('mrg2', 'compact'): 677.006, ('mrg2', 'pack'): 677.028, ('mrg2', 'd2h'): 677.066, ('mrg3', 'start'): 677.162, ('mrg3', 'h2d'): 677.244, ('mrg3', 'count'): 677.301, ('mrg3', 'scan'): 677.357, ('mrg3', 'merge'): 677.425, ('mrg3', 'pack'): 677.446, ('mrg3', 'd2h'): 677.485}",0.5955719389021397,0.22129280064255
Highly sparse,bcsstk29,13992,619488,0.31642683346621986,1965686,1965686,1965686,1965686,1965686,0.0,,0.1570000000000391,2.4009999999999536,0.17200000000002547,1.0579999999999927,2.730000000000018,4.24,,,,,7.353,11.28,3.107,3.094,,2.812000000000012,6.054000000000087,9.18500000000006,1.6140000000000327,2.0149999999999864,"{('cu', 'start'): 811.02, ('cu', 'h2dmalloc'): 811.069, ('cu', 'h2d'): 811.271, ('cu', 'workest'): 811.428, ('cu', 'compute'): 813.829, ('cu', 'copy'): 814.001, ('cu', 'pack'): 814.083, ('cu', 'd2h'): 815.141, ('gust', 'start'): 815.268, ('gust', 'h2d'): 815.684, ('gust', 'count'): 815.76, ('gust', 'scan'): 815.799, ('gust', 'expand'): 816.29, ('gust', 'sort'): 820.479, ('gust', 'reduce'): 820.933, ('gust', 'final'): 821.648, ('gust', 'pack'): 821.738, ('gust', 'd2h'): 822.315, ('merge', 'start'): 822.628, ('merge', 'h2d'): 823.814, ('merge', 'count'): 823.95, ('merge', 'scan'): 823.989, ('merge', 'expand'): 825.51, ('merge', 'merge'): 832.355, ('merge', 'final'): 832.604, ('merge', 'compact'): 832.914, ('merge', 'pack'): 832.999, ('merge', 'd2h'): 833.604, ('mrg2', 'start'): 833.916, ('mrg2', 'h2d'): 834.545, ('mrg2', 'count'): 834.646, ('mrg2', 'scan'): 834.684, ('mrg2', 'merge'): 835.741, ('mrg2', 'final'): 835.779, ('mrg2', 'compact'): 836.073, ('mrg2', 'pack'): 836.159, ('mrg2', 'd2h'): 836.736, ('mrg3', 'start'): 837.029, ('mrg3', 'h2d'): 837.278, ('mrg3', 'count'): 838.043, ('mrg3', 'scan'): 838.095, ('mrg3', 'merge'): 839.212, ('mrg3', 'pack'): 839.293, ('mrg3', 'd2h'): 839.868}",137.12710910476744,0.9718943985411898
Highly sparse,1138_bus,1138,4054,0.31303955695713814,11142,11142,11142,11142,11142,0.0,,0.06399999999996453,0.18500000000005912,0.06299999999998818,0.03300000000001546,0.3120000000000118,0.547,,,,,0.548,0.495,0.403,0.362,,0.33399999999994634,0.33600000000001273,0.2880000000000109,0.20900000000006003,0.16999999999995907,"{('cu', 'start'): 750.55, ('cu', 'h2dmalloc'): 750.611, ('cu', 'h2d'): 750.629, ('cu', 'workest'): 750.693, ('cu', 'compute'): 750.878, ('cu', 'copy'): 750.941, ('cu', 'pack'): 750.963, ('cu', 'd2h'): 750.996, ('gust', 'start'): 751.107, ('gust', 'h2d'): 751.191, ('gust', 'count'): 751.214, ('gust', 'scan'): 751.256, ('gust', 'expand'): 751.282, ('gust', 'sort'): 751.404, ('gust', 'reduce'): 751.449, ('gust', 'final'): 751.506, ('gust', 'pack'): 751.527, ('gust', 'd2h'): 751.552, ('merge', 'start'): 751.661, ('merge', 'h2d'): 751.752, ('merge', 'count'): 751.778, ('merge', 'scan'): 751.816, ('merge', 'expand'): 751.851, ('merge', 'merge'): 751.951, ('merge', 'final'): 751.993, ('merge', 'compact'): 752.02, ('merge', 'pack'): 752.04, ('merge', 'd2h'): 752.058, ('mrg2', 'start'): 752.164, ('mrg2', 'h2d'): 752.241, ('mrg2', 'count'): 752.269, ('mrg2', 'scan'): 752.307, ('mrg2', 'merge'): 752.364, ('mrg2', 'final'): 752.401, ('mrg2', 'compact'): 752.431, ('mrg2', 'pack'): 752.45, ('mrg2', 'd2h'): 752.468, ('mrg3', 'start'): 752.572, ('mrg3', 'h2d'): 752.647, ('mrg3', 'count'): 752.685, ('mrg3', 'scan'): 752.752, ('mrg3', 'merge'): 752.797, ('mrg3', 'pack'): 752.817, ('mrg3', 'd2h'): 752.834}",0.1128239091485738,0.1839936002623289
Highly sparse,bcspwr06,1454,5300,0.25069579909522466,14110,14110,14110,14110,14110,0.0,,0.07100000000002638,0.17600000000004457,0.06299999999998818,0.03600000000005821,0.3100000000000591,0.548,,,,,0.543,0.478,0.394,0.364,,0.33199999999999363,0.33299999999997,0.27300000000002456,0.1999999999999318,0.16999999999995907,"{('cu', 'start'): 675.04, ('cu', 'h2dmalloc'): 675.102, ('cu', 'h2d'): 675.121, ('cu', 'workest'): 675.192, ('cu', 'compute'): 675.368, ('cu', 'copy'): 675.431, ('cu', 'pack'): 675.453, ('cu', 'd2h'): 675.489, ('gust', 'start'): 675.595, ('gust', 'h2d'): 675.678, ('gust', 'count'): 675.702, ('gust', 'scan'): 675.742, ('gust', 'expand'): 675.767, ('gust', 'sort'): 675.893, ('gust', 'reduce'): 675.935, ('gust', 'final'): 675.992, ('gust', 'pack'): 676.011, ('gust', 'd2h'): 676.038, ('merge', 'start'): 676.144, ('merge', 'h2d'): 676.232, ('merge', 'count'): 676.257, ('merge', 'scan'): 676.294, ('merge', 'expand'): 676.328, ('merge', 'merge'): 676.416, ('merge', 'final'): 676.458, ('merge', 'compact'): 676.486, ('merge', 'pack'): 676.505, ('merge', 'd2h'): 676.524, ('mrg2', 'start'): 676.628, ('mrg2', 'h2d'): 676.705, ('mrg2', 'count'): 676.729, ('mrg2', 'scan'): 676.766, ('mrg2', 'merge'): 676.819, ('mrg2', 'final'): 676.857, ('mrg2', 'compact'): 676.886, ('mrg2', 'pack'): 676.905, ('mrg2', 'd2h'): 676.924, ('mrg3', 'start'): 677.029, ('mrg3', 'h2d'): 677.104, ('mrg3', 'count'): 677.147, ('mrg3', 'scan'): 677.204, ('mrg3', 'merge'): 677.254, ('mrg3', 'pack'): 677.274, ('mrg3', 'd2h'): 677.294}",0.2413289621472358,0.2027424002299085
Highly sparse,bcsstk30,28924,2043492,0.24426218412514641,8946070,8946070,8946070,8946070,8946070,0.0,,0.22400000000016007,7.787000000000035,0.2539999999999054,4.945999999999913,8.2650000000001,14.28,,,,,35.428,93.931,16.241,20.367,,8.340000000000146,30.180000000000064,88.52700000000004,11.001999999999953,16.009000000000015,"{('cu', 'start'): 1385.773, ('cu', 'h2dmalloc'): 1385.831, ('cu', 'h2d'): 1386.619, ('cu', 'workest'): 1386.843, ('cu', 'compute'): 1394.63, ('cu', 'copy'): 1394.884, ('cu', 'pack'): 1394.959, ('cu', 'd2h'): 1399.905, ('gust', 'start'): 1400.061, ('gust', 'h2d'): 1401.268, ('gust', 'count'): 1401.367, ('gust', 'scan'): 1401.411, ('gust', 'expand'): 1403.728, ('gust', 'sort'): 1426.809, ('gust', 'reduce'): 1428.756, ('gust', 'final'): 1431.37, ('gust', 'pack'): 1431.448, ('gust', 'd2h'): 1434.851, ('merge', 'start'): 1435.494, ('merge', 'h2d'): 1436.854, ('merge', 'count'): 1436.972, ('merge', 'scan'): 1437.014, ('merge', 'expand'): 1445.53, ('merge', 'merge'): 1523.241, ('merge', 'final'): 1524.438, ('merge', 'compact'): 1525.289, ('merge', 'pack'): 1525.381, ('merge', 'd2h'): 1528.894, ('mrg2', 'start'): 1529.433, ('mrg2', 'h2d'): 1530.905, ('mrg2', 'count'): 1531.114, ('mrg2', 'scan'): 1531.159, ('mrg2', 'merge'): 1540.817, ('mrg2', 'final'): 1540.858, ('mrg2', 'compact'): 1541.814, ('mrg2', 'pack'): 1541.907, ('mrg2', 'd2h'): 1545.25, ('mrg3', 'start'): 1545.679, ('mrg3', 'h2d'): 1546.354, ('mrg3', 'count'): 1552.644, ('mrg3', 'scan'): 1552.703, ('mrg3', 'merge'): 1562.292, ('mrg3', 'pack'): 1562.363, ('mrg3', 'd2h'): 1565.713}",1181.0736348852515,2.4165311972377825
Highly sparse,bcsstm06,420,420,0.2380952380952381,420,420,420,420,420,0.0,,0.06200000000001182,0.16399999999998727,0.057999999999992724,0.02699999999992997,0.2839999999999918,0.523,,,,,0.462,0.388,0.35,0.301,,0.30600000000004,0.2540000000000191,0.19000000000005457,0.16400000000010095,0.11899999999991451,"{('cu', 'start'): 672.331, ('cu', 'h2dmalloc'): 672.393, ('cu', 'h2d'): 672.424, ('cu', 'workest'): 672.486, ('cu', 'compute'): 672.65, ('cu', 'copy'): 672.708, ('cu', 'pack'): 672.73, ('cu', 'd2h'): 672.757, ('gust', 'start'): 672.865, ('gust', 'h2d'): 672.951, ('gust', 'count'): 672.972, ('gust', 'scan'): 673.014, ('gust', 'expand'): 673.036, ('gust', 'sort'): 673.084, ('gust', 'reduce'): 673.126, ('gust', 'final'): 673.184, ('gust', 'pack'): 673.205, ('gust', 'd2h'): 673.216, ('merge', 'start'): 673.333, ('merge', 'h2d'): 673.42, ('merge', 'count'): 673.443, ('merge', 'scan'): 673.481, ('merge', 'expand'): 673.503, ('merge', 'merge'): 673.524, ('merge', 'final'): 673.565, ('merge', 'compact'): 673.59, ('merge', 'pack'): 673.61, ('merge', 'd2h'): 673.621, ('mrg2', 'start'): 673.728, ('mrg2', 'h2d'): 673.805, ('mrg2', 'count'): 673.827, ('mrg2', 'scan'): 673.865, ('mrg2', 'merge'): 673.889, ('mrg2', 'final'): 673.925, ('mrg2', 'compact'): 673.949, ('mrg2', 'pack'): 673.969, ('mrg2', 'd2h'): 673.98, ('mrg3', 'start'): 674.083, ('mrg3', 'h2d'): 674.157, ('mrg3', 'count'): 674.18, ('mrg3', 'scan'): 674.233, ('mrg3', 'merge'): 674.257, ('mrg3', 'pack'): 674.276, ('mrg3', 'd2h'): 674.287}",0.0377290416508913,0.1719264003448188
Highly sparse,bcspwr08,1624,6050,0.22939467106699993,16916,16916,16916,16916,16916,0.0,,0.06799999999998363,0.18099999999992633,0.07000000000005002,0.038000000000010914,0.31899999999996,0.552,,,,,0.6,0.489,0.414,0.372,,0.3449999999999136,0.38400000000001455,0.29500000000007276,0.2259999999999991,0.18700000000001182,"{('cu', 'start'): 711.59, ('cu', 'h2dmalloc'): 711.652, ('cu', 'h2d'): 711.676, ('cu', 'workest'): 711.744, ('cu', 'compute'): 711.925, ('cu', 'copy'): 711.995, ('cu', 'pack'): 712.021, ('cu', 'd2h'): 712.059, ('gust', 'start'): 712.154, ('gust', 'h2d'): 712.239, ('gust', 'count'): 712.268, ('gust', 'scan'): 712.314, ('gust', 'expand'): 712.343, ('gust', 'sort'): 712.484, ('gust', 'reduce'): 712.534, ('gust', 'final'): 712.597, ('gust', 'pack'): 712.623, ('gust', 'd2h'): 712.652, ('merge', 'start'): 712.76, ('merge', 'h2d'): 712.843, ('merge', 'count'): 712.876, ('merge', 'scan'): 712.918, ('merge', 'expand'): 712.954, ('merge', 'merge'): 713.038, ('merge', 'final'): 713.083, ('merge', 'compact'): 713.113, ('merge', 'pack'): 713.138, ('merge', 'd2h'): 713.163, ('mrg2', 'start'): 713.258, ('mrg2', 'h2d'): 713.333, ('mrg2', 'count'): 713.359, ('mrg2', 'scan'): 713.4, ('mrg2', 'merge'): 713.455, ('mrg2', 'final'): 713.505, ('mrg2', 'compact'): 713.537, ('mrg2', 'pack'): 713.559, ('mrg2', 'd2h'): 713.582, ('mrg3', 'start'): 713.677, ('mrg3', 'h2d'): 713.754, ('mrg3', 'count'): 713.804, ('mrg3', 'scan'): 713.864, ('mrg3', 'merge'): 713.917, ('mrg3', 'pack'): 713.941, ('mrg3', 'd2h'): 713.963}",0.289177056401968,0.2196480001555755
Highly sparse,bcspwr07,1612,5824,0.22412551028576003,15684,15684,15684,15684,15684,0.0,,0.06600000000003092,0.17599999999993088,0.06200000000001182,0.04000000000007731,0.3039999999999736,0.547,,,,,0.573,0.475,0.406,0.362,,0.32799999999997453,0.35800000000006094,0.28300000000001546,0.20000000000004547,0.17499999999995453,"{('cu', 'start'): 674.729, ('cu', 'h2dmalloc'): 674.803, ('cu', 'h2d'): 674.822, ('cu', 'workest'): 674.888, ('cu', 'compute'): 675.064, ('cu', 'copy'): 675.126, ('cu', 'pack'): 675.15, ('cu', 'd2h'): 675.19, ('gust', 'start'): 675.284, ('gust', 'h2d'): 675.376, ('gust', 'count'): 675.402, ('gust', 'scan'): 675.441, ('gust', 'expand'): 675.468, ('gust', 'sort'): 675.607, ('gust', 'reduce'): 675.651, ('gust', 'final'): 675.711, ('gust', 'pack'): 675.734, ('gust', 'd2h'): 675.761, ('merge', 'start'): 675.866, ('merge', 'h2d'): 675.948, ('merge', 'count'): 675.977, ('merge', 'scan'): 676.012, ('merge', 'expand'): 676.05, ('merge', 'merge'): 676.137, ('merge', 'final'): 676.18, ('merge', 'compact'): 676.213, ('merge', 'pack'): 676.231, ('merge', 'd2h'): 676.252, ('mrg2', 'start'): 676.349, ('mrg2', 'h2d'): 676.444, ('mrg2', 'count'): 676.472, ('mrg2', 'scan'): 676.509, ('mrg2', 'merge'): 676.562, ('mrg2', 'final'): 676.599, ('mrg2', 'compact'): 676.624, ('mrg2', 'pack'): 676.644, ('mrg2', 'd2h'): 676.664, ('mrg3', 'start'): 676.761, ('mrg3', 'h2d'): 676.839, ('mrg3', 'count'): 676.885, ('mrg3', 'scan'): 676.94, ('mrg3', 'merge'): 676.992, ('mrg3', 'pack'): 677.014, ('mrg3', 'd2h'): 677.034}",0.2732500433921814,0.217161600315012
Highly sparse,bcspwr09,1723,6511,0.21931944613334525,18485,18485,18485,18485,18485,0.0,,0.05999999999994543,0.1710000000000491,0.06099999999992178,0.039000000000100954,0.2919999999999163,0.528,,,,,0.579,0.481,0.417,0.351,,0.31599999999991724,0.36400000000003274,0.2839999999999918,0.22100000000000364,0.15999999999996817,"{('cu', 'start'): 673.003, ('cu', 'h2dmalloc'): 673.07, ('cu', 'h2d'): 673.09, ('cu', 'workest'): 673.15, ('cu', 'compute'): 673.321, ('cu', 'copy'): 673.382, ('cu', 'pack'): 673.406, ('cu', 'd2h'): 673.445, ('gust', 'start'): 673.541, ('gust', 'h2d'): 673.627, ('gust', 'count'): 673.653, ('gust', 'scan'): 673.691, ('gust', 'expand'): 673.731, ('gust', 'sort'): 673.862, ('gust', 'reduce'): 673.909, ('gust', 'final'): 673.967, ('gust', 'pack'): 673.991, ('gust', 'd2h'): 674.021, ('merge', 'start'): 674.129, ('merge', 'h2d'): 674.212, ('merge', 'count'): 674.243, ('merge', 'scan'): 674.279, ('merge', 'expand'): 674.315, ('merge', 'merge'): 674.407, ('merge', 'final'): 674.448, ('merge', 'compact'): 674.478, ('merge', 'pack'): 674.496, ('merge', 'd2h'): 674.52, ('mrg2', 'start'): 674.618, ('mrg2', 'h2d'): 674.697, ('mrg2', 'count'): 674.732, ('mrg2', 'scan'): 674.77, ('mrg2', 'merge'): 674.831, ('mrg2', 'final'): 674.868, ('mrg2', 'compact'): 674.894, ('mrg2', 'pack'): 674.918, ('mrg2', 'd2h'): 674.942, ('mrg3', 'start'): 675.042, ('mrg3', 'h2d'): 675.121, ('mrg3', 'count'): 675.161, ('mrg3', 'scan'): 675.214, ('mrg3', 'merge'): 675.258, ('mrg3', 'pack'): 675.281, ('mrg3', 'd2h'): 675.303}",0.3371860366314649,0.222518400195986
Highly sparse,bcsstm20,485,485,0.2061855670103093,485,485,485,485,485,0.0,,0.05700000000001637,0.16800000000000637,0.05999999999994543,0.02800000000002001,0.28499999999996817,0.514,,,,,0.473,0.373,0.35,0.29,,0.3079999999999927,0.26100000000008095,0.18899999999996453,0.17600000000004457,0.11600000000009913,"{('cu', 'start'): 665.058, ('cu', 'h2dmalloc'): 665.12, ('cu', 'h2d'): 665.138, ('cu', 'workest'): 665.195, ('cu', 'compute'): 665.363, ('cu', 'copy'): 665.423, ('cu', 'pack'): 665.446, ('cu', 'd2h'): 665.474, ('gust', 'start'): 665.588, ('gust', 'h2d'): 665.689, ('gust', 'count'): 665.716, ('gust', 'scan'): 665.758, ('gust', 'expand'): 665.782, ('gust', 'sort'): 665.829, ('gust', 'reduce'): 665.873, ('gust', 'final'): 665.929, ('gust', 'pack'): 665.95, ('gust', 'd2h'): 665.96, ('merge', 'start'): 666.065, ('merge', 'h2d'): 666.147, ('merge', 'count'): 666.17, ('merge', 'scan'): 666.206, ('merge', 'expand'): 666.229, ('merge', 'merge'): 666.253, ('merge', 'final'): 666.289, ('merge', 'compact'): 666.319, ('merge', 'pack'): 666.336, ('merge', 'd2h'): 666.348, ('mrg2', 'start'): 666.444, ('mrg2', 'h2d'): 666.519, ('mrg2', 'count'): 666.553, ('mrg2', 'scan'): 666.59, ('mrg2', 'merge'): 666.617, ('mrg2', 'final'): 666.65, ('mrg2', 'compact'): 666.677, ('mrg2', 'pack'): 666.695, ('mrg2', 'd2h'): 666.707, ('mrg3', 'start'): 666.801, ('mrg3', 'h2d'): 666.877, ('mrg3', 'count'): 666.902, ('mrg3', 'scan'): 666.95, ('mrg3', 'merge'): 666.976, ('mrg3', 'pack'): 666.993, ('mrg3', 'd2h'): 667.005}",0.0646100379526615,0.1713087994139641
Highly sparse,bcsstk21,3600,26600,0.2052469135802469,93072,93072,93072,93072,93072,0.0,,0.07500000000004547,0.2740000000000009,0.07399999999995543,0.17400000000009186,0.4230000000000018,0.819,,,,,1.116,0.838,0.638,0.482,,0.4519999999999982,0.70799999999997,0.5040000000000191,0.3020000000000209,0.22000000000002728,"{('cu', 'start'): 697.338, ('cu', 'h2dmalloc'): 697.411, ('cu', 'h2d'): 697.444, ('cu', 'workest'): 697.519, ('cu', 'compute'): 697.793, ('cu', 'copy'): 697.867, ('cu', 'pack'): 697.896, ('cu', 'd2h'): 698.07, ('gust', 'start'): 698.166, ('gust', 'h2d'): 698.26, ('gust', 'count'): 698.288, ('gust', 'scan'): 698.334, ('gust', 'expand'): 698.444, ('gust', 'sort'): 698.735, ('gust', 'reduce'): 698.854, ('gust', 'final'): 698.931, ('gust', 'pack'): 698.968, ('gust', 'd2h'): 699.04, ('merge', 'start'): 699.289, ('merge', 'h2d'): 699.386, ('merge', 'count'): 699.413, ('merge', 'scan'): 699.462, ('merge', 'expand'): 699.566, ('merge', 'merge'): 699.702, ('merge', 'final'): 699.752, ('merge', 'compact'): 699.861, ('merge', 'pack'): 699.89, ('merge', 'd2h'): 699.962, ('mrg2', 'start'): 700.135, ('mrg2', 'h2d'): 700.227, ('mrg2', 'count'): 700.254, ('mrg2', 'scan'): 700.301, ('mrg2', 'merge'): 700.352, ('mrg2', 'final'): 700.398, ('mrg2', 'compact'): 700.501, ('mrg2', 'pack'): 700.529, ('mrg2', 'd2h'): 700.603, ('mrg3', 'start'): 700.78, ('mrg3', 'h2d'): 700.869, ('mrg3', 'count'): 700.93, ('mrg3', 'scan'): 700.995, ('mrg3', 'merge'): 701.065, ('mrg3', 'pack'): 701.089, ('mrg3', 'd2h'): 701.161}",2.685170155018568,0.2262880005640909
Highly sparse,bcsstm19,817,817,0.12239902080783352,817,817,817,817,817,0.0,,0.05600000000004002,0.17099999999993543,0.05700000000001637,0.038000000000010914,0.2839999999999918,0.509,,,,,0.442,0.366,0.342,0.294,,0.30700000000001637,0.2540000000000191,0.18899999999996453,0.1610000000000582,0.1209999999999809,"{('cu', 'start'): 680.485, ('cu', 'h2dmalloc'): 680.546, ('cu', 'h2d'): 680.563, ('cu', 'workest'): 680.619, ('cu', 'compute'): 680.79, ('cu', 'copy'): 680.847, ('cu', 'pack'): 680.87, ('cu', 'd2h'): 680.908, ('gust', 'start'): 681.003, ('gust', 'h2d'): 681.083, ('gust', 'count'): 681.107, ('gust', 'scan'): 681.144, ('gust', 'expand'): 681.169, ('gust', 'sort'): 681.222, ('gust', 'reduce'): 681.262, ('gust', 'final'): 681.315, ('gust', 'pack'): 681.337, ('gust', 'd2h'): 681.348, ('merge', 'start'): 681.453, ('merge', 'h2d'): 681.532, ('merge', 'count'): 681.555, ('merge', 'scan'): 681.59, ('merge', 'expand'): 681.617, ('merge', 'merge'): 681.639, ('merge', 'final'): 681.677, ('merge', 'compact'): 681.701, ('merge', 'pack'): 681.721, ('merge', 'd2h'): 681.731, ('mrg2', 'start'): 681.825, ('mrg2', 'h2d'): 681.909, ('mrg2', 'count'): 681.932, ('mrg2', 'scan'): 681.969, ('mrg2', 'merge'): 681.994, ('mrg2', 'final'): 682.026, ('mrg2', 'compact'): 682.052, ('mrg2', 'pack'): 682.07, ('mrg2', 'd2h'): 682.082, ('mrg3', 'start'): 682.176, ('mrg3', 'h2d'): 682.251, ('mrg3', 'count'): 682.277, ('mrg3', 'scan'): 682.328, ('mrg3', 'merge'): 682.355, ('mrg3', 'pack'): 682.372, ('mrg3', 'd2h'): 682.383}",0.0757249072194099,0.1735775993205607
Highly sparse,bcsstk25,15439,252241,0.10582233620331932,1168919,1168919,1168919,1168919,1168919,0.0,,0.14599999999995816,0.6340000000000146,0.15899999999999181,0.6150000000000091,0.9389999999999645,1.897,,,,,2.548,4.099,1.718,1.856,,1.0199999999999818,1.8029999999999973,3.3579999999999472,0.9900000000000091,1.1230000000000473,"{('cu', 'start'): 745.562, ('cu', 'h2dmalloc'): 745.611, ('cu', 'h2d'): 745.701, ('cu', 'workest'): 745.847, ('cu', 'compute'): 746.481, ('cu', 'copy'): 746.64, ('cu', 'pack'): 746.721, ('cu', 'd2h'): 747.336, ('gust', 'start'): 747.467, ('gust', 'h2d'): 747.608, ('gust', 'count'): 747.678, ('gust', 'scan'): 747.723, ('gust', 'expand'): 747.896, ('gust', 'sort'): 748.715, ('gust', 'reduce'): 748.92, ('gust', 'final'): 749.34, ('gust', 'pack'): 749.411, ('gust', 'd2h'): 749.761, ('merge', 'start'): 750.021, ('merge', 'h2d'): 750.168, ('merge', 'count'): 750.252, ('merge', 'scan'): 750.292, ('merge', 'expand'): 750.694, ('merge', 'merge'): 753.074, ('merge', 'final'): 753.221, ('merge', 'compact'): 753.456, ('merge', 'pack'): 753.526, ('merge', 'd2h'): 753.875, ('mrg2', 'start'): 754.126, ('mrg2', 'h2d'): 754.262, ('mrg2', 'count'): 754.337, ('mrg2', 'scan'): 754.377, ('mrg2', 'merge'): 754.917, ('mrg2', 'final'): 754.951, ('mrg2', 'compact'): 755.18, ('mrg2', 'pack'): 755.252, ('mrg2', 'd2h'): 755.602, ('mrg3', 'start'): 755.851, ('mrg3', 'h2d'): 755.987, ('mrg3', 'count'): 756.41, ('mrg3', 'scan'): 756.462, ('mrg3', 'merge'): 757.041, ('mrg3', 'pack'): 757.11, ('mrg3', 'd2h'): 757.459}",177.74690710939467,0.4680544008035213
Highly sparse,bcsstk18,11948,149090,0.10443788948628972,713208,713208,713208,713208,713208,0.0,,0.1330000000000382,0.5270000000000437,0.17999999999994998,0.8090000000000828,0.8400000000000318,2.057,,,,,2.535,3.435,1.864,1.761,,0.9279999999999973,1.6019999999999754,2.5079999999999245,0.9379999999999882,0.8280000000000882,"{('cu', 'start'): 732.948, ('cu', 'h2dmalloc'): 733.009, ('cu', 'h2d'): 733.107, ('cu', 'workest'): 733.24, ('cu', 'compute'): 733.767, ('cu', 'copy'): 733.947, ('cu', 'pack'): 734.035, ('cu', 'd2h'): 734.844, ('gust', 'start'): 735.016, ('gust', 'h2d'): 735.179, ('gust', 'count'): 735.21, ('gust', 'scan'): 735.255, ('gust', 'expand'): 735.434, ('gust', 'sort'): 735.981, ('gust', 'reduce'): 736.171, ('gust', 'final'): 736.685, ('gust', 'pack'): 736.781, ('gust', 'd2h'): 737.246, ('merge', 'start'): 737.558, ('merge', 'h2d'): 737.715, ('merge', 'count'): 737.75, ('merge', 'scan'): 737.794, ('merge', 'expand'): 738.106, ('merge', 'merge'): 739.57, ('merge', 'final'): 739.806, ('merge', 'compact'): 740.121, ('merge', 'pack'): 740.223, ('merge', 'd2h'): 740.686, ('mrg2', 'start'): 741.0, ('mrg2', 'h2d'): 741.158, ('mrg2', 'count'): 741.194, ('mrg2', 'scan'): 741.239, ('mrg2', 'merge'): 741.674, ('mrg2', 'final'): 741.716, ('mrg2', 'compact'): 742.007, ('mrg2', 'pack'): 742.096, ('mrg2', 'd2h'): 742.56, ('mrg3', 'start'): 742.872, ('mrg3', 'h2d'): 743.031, ('mrg3', 'count'): 743.281, ('mrg3', 'scan'): 743.341, ('mrg3', 'merge'): 743.776, ('mrg3', 'pack'): 743.859, ('mrg3', 'd2h'): 744.322}",86.1555258743465,0.4606624025851489
Highly sparse,bcsstk32,44609,2014701,0.10124314474587429,6819653,6819653,6819653,6819653,6819653,0.0,,0.1879999999998745,7.634999999999991,0.2300000000000182,3.092999999999847,8.052999999999884,12.106,,,,,21.655,40.714,9.303,10.224,,8.123000000000047,17.652000000000044,36.6579999999999,5.4500000000000455,7.050999999999931,"{('cu', 'start'): 1108.244, ('cu', 'h2dmalloc'): 1108.313, ('cu', 'h2d'): 1109.007, ('cu', 'workest'): 1109.195, ('cu', 'compute'): 1116.83, ('cu', 'copy'): 1117.06, ('cu', 'pack'): 1117.13, ('cu', 'd2h'): 1120.223, ('gust', 'start'): 1120.359, ('gust', 'h2d'): 1121.841, ('gust', 'count'): 1121.938, ('gust', 'scan'): 1121.981, ('gust', 'expand'): 1123.354, ('gust', 'sort'): 1136.68, ('gust', 'reduce'): 1137.902, ('gust', 'final'): 1139.4, ('gust', 'pack'): 1139.493, ('gust', 'd2h'): 1141.547, ('merge', 'start'): 1142.02, ('merge', 'h2d'): 1143.563, ('merge', 'count'): 1143.793, ('merge', 'scan'): 1143.837, ('merge', 'expand'): 1148.844, ('merge', 'merge'): 1179.071, ('merge', 'final'): 1179.583, ('merge', 'compact'): 1180.149, ('merge', 'pack'): 1180.221, ('merge', 'd2h'): 1182.335, ('mrg2', 'start'): 1182.741, ('mrg2', 'h2d'): 1184.158, ('mrg2', 'count'): 1184.323, ('mrg2', 'scan'): 1184.366, ('mrg2', 'merge'): 1188.818, ('mrg2', 'final'): 1188.86, ('mrg2', 'compact'): 1189.536, ('mrg2', 'pack'): 1189.608, ('mrg2', 'd2h'): 1191.65, ('mrg3', 'start'): 1192.05, ('mrg3', 'h2d'): 1192.866, ('mrg3', 'count'): 1195.434, ('mrg3', 'scan'): 1195.539, ('mrg3', 'merge'): 1199.849, ('mrg3', 'pack'): 1199.917, ('mrg3', 'd2h'): 1201.943}",4421.557090012357,1.8047167932614685
Extremely sparse,bcsstk31,35588,1181416,0.09328153508950845,4713580,4713580,4713580,4713580,4713580,0.0,,0.17000000000007276,4.4669999999999845,0.2239999999999327,1.9809999999999945,4.86099999999999,7.512,,,,,11.416,22.675,5.669,6.402,,4.960000000000036,8.84699999999998,19.80899999999997,3.0750000000000455,4.298000000000002,"{('cu', 'start'): 945.829, ('cu', 'h2dmalloc'): 945.883, ('cu', 'h2d'): 946.276, ('cu', 'workest'): 946.446, ('cu', 'compute'): 950.913, ('cu', 'copy'): 951.137, ('cu', 'pack'): 951.236, ('cu', 'd2h'): 953.217, ('gust', 'start'): 953.349, ('gust', 'h2d'): 954.184, ('gust', 'count'): 954.272, ('gust', 'scan'): 954.315, ('gust', 'expand'): 955.021, ('gust', 'sort'): 961.246, ('gust', 'reduce'): 961.915, ('gust', 'final'): 962.863, ('gust', 'pack'): 963.031, ('gust', 'd2h'): 964.404, ('merge', 'start'): 964.772, ('merge', 'h2d'): 965.801, ('merge', 'count'): 965.913, ('merge', 'scan'): 965.953, ('merge', 'expand'): 968.528, ('merge', 'merge'): 984.773, ('merge', 'final'): 985.091, ('merge', 'compact'): 985.531, ('merge', 'pack'): 985.61, ('merge', 'd2h'): 987.061, ('mrg2', 'start'): 987.453, ('mrg2', 'h2d'): 988.337, ('mrg2', 'count'): 988.467, ('mrg2', 'scan'): 988.506, ('mrg2', 'merge'): 990.881, ('mrg2', 'final'): 990.921, ('mrg2', 'compact'): 991.335, ('mrg2', 'pack'): 991.412, ('mrg2', 'd2h'): 992.791, ('mrg3', 'start'): 993.127, ('mrg3', 'h2d'): 993.578, ('mrg3', 'count'): 995.197, ('mrg3', 'scan'): 995.252, ('mrg3', 'merge'): 997.802, ('mrg3', 'pack'): 997.876, ('mrg3', 'd2h'): 999.25}",2316.7010678444058,1.2830111953429877
Extremely sparse,bcsstm08,1074,1074,0.0931098696461825,1074,1074,1074,1074,1074,0.0,,0.06200000000001182,0.17799999999999727,0.06100000000003547,0.026000000000067303,0.30100000000004457,0.529,,,,,0.481,0.394,0.358,0.32,,0.32200000000000273,0.2659999999999627,0.19399999999995998,0.16499999999996362,0.12400000000002365,"{('cu', 'start'): 691.667, ('cu', 'h2dmalloc'): 691.733, ('cu', 'h2d'): 691.752, ('cu', 'workest'): 691.814, ('cu', 'compute'): 691.992, ('cu', 'copy'): 692.053, ('cu', 'pack'): 692.074, ('cu', 'd2h'): 692.1, ('gust', 'start'): 692.203, ('gust', 'h2d'): 692.289, ('gust', 'count'): 692.312, ('gust', 'scan'): 692.353, ('gust', 'expand'): 692.377, ('gust', 'sort'): 692.426, ('gust', 'reduce'): 692.468, ('gust', 'final'): 692.534, ('gust', 'pack'): 692.555, ('gust', 'd2h'): 692.566, ('merge', 'start'): 692.692, ('merge', 'h2d'): 692.779, ('merge', 'count'): 692.803, ('merge', 'scan'): 692.84, ('merge', 'expand'): 692.865, ('merge', 'merge'): 692.885, ('merge', 'final'): 692.925, ('merge', 'compact'): 692.955, ('merge', 'pack'): 692.973, ('merge', 'd2h'): 692.985, ('mrg2', 'start'): 693.091, ('mrg2', 'h2d'): 693.173, ('mrg2', 'count'): 693.194, ('mrg2', 'scan'): 693.232, ('mrg2', 'merge'): 693.261, ('mrg2', 'final'): 693.295, ('mrg2', 'compact'): 693.319, ('mrg2', 'pack'): 693.338, ('mrg2', 'd2h'): 693.35, ('mrg3', 'start'): 693.455, ('mrg3', 'h2d'): 693.539, ('mrg3', 'count'): 693.565, ('mrg3', 'scan'): 693.619, ('mrg3', 'merge'): 693.646, ('mrg3', 'pack'): 693.663, ('mrg3', 'd2h'): 693.675}",0.1300980802625417,0.1715679997112602
Extremely sparse,bcsstm09,1083,1083,0.09233610341643582,1083,1083,1083,1083,1083,0.0,,0.06600000000003092,0.18799999999998818,0.06299999999998818,0.026000000000067303,0.3170000000000073,0.555,,,,,0.485,0.39,0.377,0.313,,0.3389999999999418,0.26700000000005275,0.19700000000000273,0.18299999999999272,0.1229999999999336,"{('cu', 'start'): 689.303, ('cu', 'h2dmalloc'): 689.366, ('cu', 'h2d'): 689.389, ('cu', 'workest'): 689.455, ('cu', 'compute'): 689.643, ('cu', 'copy'): 689.706, ('cu', 'pack'): 689.728, ('cu', 'd2h'): 689.754, ('gust', 'start'): 689.867, ('gust', 'h2d'): 689.957, ('gust', 'count'): 689.981, ('gust', 'scan'): 690.024, ('gust', 'expand'): 690.048, ('gust', 'sort'): 690.096, ('gust', 'reduce'): 690.14, ('gust', 'final'): 690.202, ('gust', 'pack'): 690.224, ('gust', 'd2h'): 690.235, ('merge', 'start'): 690.361, ('merge', 'h2d'): 690.444, ('merge', 'count'): 690.467, ('merge', 'scan'): 690.508, ('merge', 'expand'): 690.531, ('merge', 'merge'): 690.553, ('merge', 'final'): 690.593, ('merge', 'compact'): 690.62, ('merge', 'pack'): 690.641, ('merge', 'd2h'): 690.652, ('mrg2', 'start'): 690.756, ('mrg2', 'h2d'): 690.839, ('mrg2', 'count'): 690.87, ('mrg2', 'scan'): 690.91, ('mrg2', 'merge'): 690.941, ('mrg2', 'final'): 690.976, ('mrg2', 'compact'): 691.002, ('mrg2', 'pack'): 691.022, ('mrg2', 'd2h'): 691.033, ('mrg3', 'start'): 691.139, ('mrg3', 'h2d'): 691.219, ('mrg3', 'count'): 691.244, ('mrg3', 'scan'): 691.298, ('mrg3', 'merge'): 691.324, ('mrg3', 'pack'): 691.342, ('mrg3', 'd2h'): 691.353}",0.1266489271074533,0.1741151995724067
Extremely sparse,bcspwr10,5300,21842,0.07775720897116412,60498,60498,60498,60498,60498,0.0,,0.06200000000001182,0.2539999999999054,0.06600000000003092,0.16300000000001091,0.38199999999994816,0.748,,,,,0.919,0.679,0.47,0.438,,0.4049999999999727,0.6710000000000491,0.43899999999996453,0.22400000000004638,0.19299999999998363,"{('cu', 'start'): 683.636, ('cu', 'h2dmalloc'): 683.7, ('cu', 'h2d'): 683.729, ('cu', 'workest'): 683.791, ('cu', 'compute'): 684.045, ('cu', 'copy'): 684.111, ('cu', 'pack'): 684.134, ('cu', 'd2h'): 684.297, ('gust', 'start'): 684.393, ('gust', 'h2d'): 684.486, ('gust', 'count'): 684.512, ('gust', 'scan'): 684.553, ('gust', 'expand'): 684.585, ('gust', 'sort'): 684.864, ('gust', 'reduce'): 684.976, ('gust', 'final'): 685.114, ('gust', 'pack'): 685.157, ('gust', 'd2h'): 685.208, ('merge', 'start'): 685.321, ('merge', 'h2d'): 685.413, ('merge', 'count'): 685.441, ('merge', 'scan'): 685.481, ('merge', 'expand'): 685.518, ('merge', 'merge'): 685.675, ('merge', 'final'): 685.721, ('merge', 'compact'): 685.828, ('merge', 'pack'): 685.852, ('merge', 'd2h'): 685.902, ('mrg2', 'start'): 686.007, ('mrg2', 'h2d'): 686.097, ('mrg2', 'count'): 686.123, ('mrg2', 'scan'): 686.174, ('mrg2', 'merge'): 686.229, ('mrg2', 'final'): 686.267, ('mrg2', 'compact'): 686.299, ('mrg2', 'pack'): 686.321, ('mrg2', 'd2h'): 686.371, ('mrg3', 'start'): 686.484, ('mrg3', 'h2d'): 686.577, ('mrg3', 'count'): 686.633, ('mrg3', 'scan'): 686.689, ('mrg3', 'merge'): 686.75, ('mrg3', 'pack'): 686.77, ('mrg3', 'd2h'): 686.821}",7.620363961905241,0.2351808004081249
Extremely sparse,bcsstm11,1473,1473,0.0678886625933469,1473,1473,1473,1473,1473,0.0,,0.06600000000003092,0.18000000000006366,0.06099999999992178,0.024999999999977263,0.30700000000001637,0.537,,,,,0.466,0.394,0.355,0.314,,0.3280000000000882,0.25900000000001455,0.19700000000000273,0.16300000000001091,0.12399999999990996,"{('cu', 'start'): 680.544, ('cu', 'h2dmalloc'): 680.61, ('cu', 'h2d'): 680.632, ('cu', 'workest'): 680.698, ('cu', 'compute'): 680.878, ('cu', 'copy'): 680.939, ('cu', 'pack'): 680.96, ('cu', 'd2h'): 680.985, ('gust', 'start'): 681.09, ('gust', 'h2d'): 681.175, ('gust', 'count'): 681.198, ('gust', 'scan'): 681.238, ('gust', 'expand'): 681.264, ('gust', 'sort'): 681.313, ('gust', 'reduce'): 681.356, ('gust', 'final'): 681.413, ('gust', 'pack'): 681.434, ('gust', 'd2h'): 681.445, ('merge', 'start'): 681.561, ('merge', 'h2d'): 681.649, ('merge', 'count'): 681.67, ('merge', 'scan'): 681.716, ('merge', 'expand'): 681.74, ('merge', 'merge'): 681.761, ('merge', 'final'): 681.802, ('merge', 'compact'): 681.828, ('merge', 'pack'): 681.846, ('merge', 'd2h'): 681.857, ('mrg2', 'start'): 681.962, ('mrg2', 'h2d'): 682.044, ('mrg2', 'count'): 682.066, ('mrg2', 'scan'): 682.103, ('mrg2', 'merge'): 682.129, ('mrg2', 'final'): 682.162, ('mrg2', 'compact'): 682.187, ('mrg2', 'pack'): 682.207, ('mrg2', 'd2h'): 682.219, ('mrg3', 'start'): 682.323, ('mrg3', 'h2d'): 682.402, ('mrg3', 'count'): 682.43, ('mrg3', 'scan'): 682.482, ('mrg3', 'merge'): 682.509, ('mrg3', 'pack'): 682.526, ('mrg3', 'd2h'): 682.538}",0.2223190385848283,0.1576928003691137
Extremely sparse,bcsstm26,1922,1922,0.052029136316337155,1922,1922,1922,1922,1922,0.0,,0.06000000000005912,0.17199999999991178,0.06100000000003547,0.02800000000002001,0.29300000000000637,0.513,,,,,0.479,0.383,0.36,0.314,,0.31500000000005457,0.27499999999997726,0.19799999999997908,0.16699999999991633,0.12800000000004275,"{('cu', 'start'): 675.743, ('cu', 'h2dmalloc'): 675.805, ('cu', 'h2d'): 675.828, ('cu', 'workest'): 675.888, ('cu', 'compute'): 676.06, ('cu', 'copy'): 676.121, ('cu', 'pack'): 676.143, ('cu', 'd2h'): 676.171, ('gust', 'start'): 676.263, ('gust', 'h2d'): 676.349, ('gust', 'count'): 676.374, ('gust', 'scan'): 676.423, ('gust', 'expand'): 676.448, ('gust', 'sort'): 676.501, ('gust', 'reduce'): 676.542, ('gust', 'final'): 676.6, ('gust', 'pack'): 676.624, ('gust', 'd2h'): 676.635, ('merge', 'start'): 676.749, ('merge', 'h2d'): 676.835, ('merge', 'count'): 676.859, ('merge', 'scan'): 676.895, ('merge', 'expand'): 676.924, ('merge', 'merge'): 676.947, ('merge', 'final'): 676.984, ('merge', 'compact'): 677.01, ('merge', 'pack'): 677.033, ('merge', 'd2h'): 677.044, ('mrg2', 'start'): 677.138, ('mrg2', 'h2d'): 677.219, ('mrg2', 'count'): 677.243, ('mrg2', 'scan'): 677.28, ('mrg2', 'merge'): 677.307, ('mrg2', 'final'): 677.339, ('mrg2', 'compact'): 677.368, ('mrg2', 'pack'): 677.386, ('mrg2', 'd2h'): 677.408, ('mrg3', 'start'): 677.505, ('mrg3', 'h2d'): 677.588, ('mrg3', 'count'): 677.618, ('mrg3', 'scan'): 677.668, ('mrg3', 'merge'): 677.698, ('mrg3', 'pack'): 677.716, ('mrg3', 'd2h'): 677.729}",0.505893025547266,0.1748255995567888
Extremely sparse,bcsstm23,3134,3134,0.031908104658583285,3134,3134,3134,3134,3134,0.0,,0.05700000000001637,0.17300000000000182,0.06100000000003547,0.02699999999992997,0.29100000000005366,0.514,,,,,0.531,0.395,0.362,0.329,,0.31300000000010186,0.3240000000000691,0.20299999999997453,0.16200000000003456,0.13999999999998636,"{('cu', 'start'): 687.223, ('cu', 'h2dmalloc'): 687.287, ('cu', 'h2d'): 687.305, ('cu', 'workest'): 687.362, ('cu', 'compute'): 687.535, ('cu', 'copy'): 687.596, ('cu', 'pack'): 687.618, ('cu', 'd2h'): 687.645, ('gust', 'start'): 687.746, ('gust', 'h2d'): 687.828, ('gust', 'count'): 687.849, ('gust', 'scan'): 687.89, ('gust', 'expand'): 687.916, ('gust', 'sort'): 688.031, ('gust', 'reduce'): 688.076, ('gust', 'final'): 688.131, ('gust', 'pack'): 688.152, ('gust', 'd2h'): 688.164, ('merge', 'start'): 688.282, ('merge', 'h2d'): 688.363, ('merge', 'count'): 688.386, ('merge', 'scan'): 688.425, ('merge', 'expand'): 688.448, ('merge', 'merge'): 688.471, ('merge', 'final'): 688.51, ('merge', 'compact'): 688.547, ('merge', 'pack'): 688.566, ('merge', 'd2h'): 688.579, ('mrg2', 'start'): 688.683, ('mrg2', 'h2d'): 688.762, ('mrg2', 'count'): 688.782, ('mrg2', 'scan'): 688.82, ('mrg2', 'merge'): 688.844, ('mrg2', 'final'): 688.88, ('mrg2', 'compact'): 688.905, ('mrg2', 'pack'): 688.924, ('mrg2', 'd2h'): 688.937, ('mrg3', 'start'): 689.051, ('mrg3', 'h2d'): 689.13, ('mrg3', 'count'): 689.165, ('mrg3', 'scan'): 689.22, ('mrg3', 'merge'): 689.252, ('mrg3', 'pack'): 689.27, ('mrg3', 'd2h'): 689.283}",1.799254911020398,0.174972800980322
Extremely sparse,bcsstm24,3562,3562,0.028074115665356544,3562,3562,3562,3562,3562,0.0,,0.06700000000000728,0.17099999999993543,0.06200000000001182,0.031000000000062755,0.2999999999999545,0.529,,,,,0.527,0.396,0.339,0.328,,0.3229999999999791,0.33399999999994634,0.21000000000003638,0.1610000000000582,0.1450000000000955,"{('cu', 'start'): 680.385, ('cu', 'h2dmalloc'): 680.446, ('cu', 'h2d'): 680.466, ('cu', 'workest'): 680.533, ('cu', 'compute'): 680.704, ('cu', 'copy'): 680.766, ('cu', 'pack'): 680.789, ('cu', 'd2h'): 680.82, ('gust', 'start'): 680.922, ('gust', 'h2d'): 681.004, ('gust', 'count'): 681.029, ('gust', 'scan'): 681.068, ('gust', 'expand'): 681.095, ('gust', 'sort'): 681.211, ('gust', 'reduce'): 681.256, ('gust', 'final'): 681.315, ('gust', 'pack'): 681.338, ('gust', 'd2h'): 681.35, ('merge', 'start'): 681.455, ('merge', 'h2d'): 681.54, ('merge', 'count'): 681.57, ('merge', 'scan'): 681.609, ('merge', 'expand'): 681.636, ('merge', 'merge'): 681.658, ('merge', 'final'): 681.698, ('merge', 'compact'): 681.73, ('merge', 'pack'): 681.75, ('merge', 'd2h'): 681.764, ('mrg2', 'start'): 681.858, ('mrg2', 'h2d'): 681.933, ('mrg2', 'count'): 681.952, ('mrg2', 'scan'): 681.989, ('mrg2', 'merge'): 682.013, ('mrg2', 'final'): 682.049, ('mrg2', 'compact'): 682.073, ('mrg2', 'pack'): 682.094, ('mrg2', 'd2h'): 682.109, ('mrg3', 'start'): 682.204, ('mrg3', 'h2d'): 682.276, ('mrg3', 'count'): 682.314, ('mrg3', 'scan'): 682.367, ('mrg3', 'merge'): 682.403, ('mrg3', 'pack'): 682.421, ('mrg3', 'd2h'): 682.435}",2.6030661538243294,0.1771936007076874
Extremely sparse,bcsstm21,3600,3600,0.027777777777777776,3600,3600,3600,3600,3600,0.0,,0.06299999999998818,0.16800000000000637,0.06200000000001182,0.03999999999996362,0.29300000000000637,0.528,,,,,0.533,0.395,0.363,0.331,,0.3160000000000309,0.33600000000001273,0.20400000000006457,0.18200000000001637,0.15200000000004366,"{('cu', 'start'): 648.431, ('cu', 'h2dmalloc'): 648.496, ('cu', 'h2d'): 648.515, ('cu', 'workest'): 648.578, ('cu', 'compute'): 648.746, ('cu', 'copy'): 648.808, ('cu', 'pack'): 648.831, ('cu', 'd2h'): 648.871, ('gust', 'start'): 648.969, ('gust', 'h2d'): 649.052, ('gust', 'count'): 649.077, ('gust', 'scan'): 649.116, ('gust', 'expand'): 649.148, ('gust', 'sort'): 649.263, ('gust', 'reduce'): 649.307, ('gust', 'final'): 649.365, ('gust', 'pack'): 649.388, ('gust', 'd2h'): 649.401, ('merge', 'start'): 649.509, ('merge', 'h2d'): 649.587, ('merge', 'count'): 649.619, ('merge', 'scan'): 649.655, ('merge', 'expand'): 649.681, ('merge', 'merge'): 649.703, ('merge', 'final'): 649.743, ('merge', 'compact'): 649.773, ('merge', 'pack'): 649.791, ('merge', 'd2h'): 649.805, ('mrg2', 'start'): 649.913, ('mrg2', 'h2d'): 649.99, ('mrg2', 'count'): 650.015, ('mrg2', 'scan'): 650.053, ('mrg2', 'merge'): 650.088, ('mrg2', 'final'): 650.123, ('mrg2', 'compact'): 650.153, ('mrg2', 'pack'): 650.172, ('mrg2', 'd2h'): 650.186, ('mrg3', 'start'): 650.282, ('mrg3', 'h2d'): 650.358, ('mrg3', 'count'): 650.397, ('mrg3', 'scan'): 650.451, ('mrg3', 'merge'): 650.488, ('mrg3', 'pack'): 650.51, ('mrg3', 'd2h'): 650.525}",2.703153993934393,0.1747072011930868
Extremely sparse,bcsstm25,15439,15439,0.006477103439341926,15439,15439,15439,15439,15439,0.0,,0.05999999999994543,0.17600000000004457,0.06499999999994088,0.04600000000004911,0.3009999999999309,0.554,,,,,0.604,0.476,0.423,0.448,,0.32399999999995543,0.39199999999993906,0.26699999999993906,0.2179999999999609,0.24299999999993815,"{('cu', 'start'): 682.612, ('cu', 'h2dmalloc'): 682.678, ('cu', 'h2d'): 682.711, ('cu', 'workest'): 682.771, ('cu', 'compute'): 682.947, ('cu', 'copy'): 683.012, ('cu', 'pack'): 683.035, ('cu', 'd2h'): 683.081, ('gust', 'start'): 683.174, ('gust', 'h2d'): 683.268, ('gust', 'count'): 683.293, ('gust', 'scan'): 683.333, ('gust', 'expand'): 683.385, ('gust', 'sort'): 683.516, ('gust', 'reduce'): 683.561, ('gust', 'final'): 683.626, ('gust', 'pack'): 683.66, ('gust', 'd2h'): 683.684, ('merge', 'start'): 683.786, ('merge', 'h2d'): 683.878, ('merge', 'count'): 683.938, ('merge', 'scan'): 683.975, ('merge', 'expand'): 684.012, ('merge', 'merge'): 684.043, ('merge', 'final'): 684.084, ('merge', 'compact'): 684.124, ('merge', 'pack'): 684.145, ('merge', 'd2h'): 684.172, ('mrg2', 'start'): 684.27, ('mrg2', 'h2d'): 684.359, ('mrg2', 'count'): 684.396, ('mrg2', 'scan'): 684.443, ('mrg2', 'merge'): 684.479, ('mrg2', 'final'): 684.517, ('mrg2', 'compact'): 684.556, ('mrg2', 'pack'): 684.577, ('mrg2', 'd2h'): 684.603, ('mrg3', 'start'): 684.702, ('mrg3', 'h2d'): 684.793, ('mrg3', 'count'): 684.883, ('mrg3', 'scan'): 684.939, ('mrg3', 'merge'): 685.013, ('mrg3', 'pack'): 685.036, ('mrg3', 'd2h'): 685.061}",177.74743493646383,0.1855040001450106
