class,name,n,A_nnz,density_pct,cu_cnnz,man_cnnz,merge_cnnz,merge2_cnnz,merge3_cnnz,merge6_cnnz,merge7_cnnz,cnnz_gap_pct,buf2,cu_we,cu_compute,cu_copy,cu_d2h,cu_kernel,cu_time,cu_write,man_count,man_fill,man_kernel,man_time,merge_time,merge2_time,merge3_time,merge6_time,merge7_time,man_write,cu_compute_t,man_compute_t,merge_compute_t,merge2_compute_t,merge3_compute_t,merge6_compute_t,merge7_compute_t,phases,cublas_ms,ocean_ms
Dense,bcsstk02,66,4356,100.0,4356,4356,4356,4356,4356,4356,4356,0.0,,0.05200000000002092,0.19500000000005002,0.041999999999916326,0.08299999999996999,0.28899999999998727,0.516,,,,,0.878,1.761,0.479,0.293,0.477,0.459,,0.30500000000006366,0.6850000000000591,1.6180000000000518,0.33600000000001273,0.1430000000000291,0.28100000000006276,0.26700000000005275,"{('cu', 'start'): 579.758, ('cu', 'h2dmalloc'): 579.807, ('cu', 'h2d'): 579.823, ('cu', 'workest'): 579.875, ('cu', 'compute'): 580.07, ('cu', 'copy'): 580.112, ('cu', 'pack'): 580.128, ('cu', 'd2h'): 580.211, ('gust', 'start'): 580.281, ('gust', 'h2d'): 580.342, ('gust', 'count'): 580.364, ('gust', 'scan'): 580.398, ('gust', 'expand'): 580.486, ('gust', 'sort'): 580.717, ('gust', 'reduce'): 580.851, ('gust', 'final'): 581.008, ('gust', 'pack'): 581.027, ('gust', 'd2h'): 581.037, ('merge', 'start'): 581.164, ('merge', 'h2d'): 581.226, ('merge', 'count'): 581.249, ('merge', 'scan'): 581.282, ('merge', 'expand'): 581.733, ('merge', 'merge'): 582.596, ('merge', 'final'): 582.7, ('merge', 'compact'): 582.824, ('merge', 'pack'): 582.844, ('merge', 'd2h'): 582.854, ('mrg2', 'start'): 582.931, ('mrg2', 'h2d'): 582.994, ('mrg2', 'count'): 583.017, ('mrg2', 'scan'): 583.049, ('mrg2', 'merge'): 583.204, ('mrg2', 'final'): 583.238, ('mrg2', 'compact'): 583.311, ('mrg2', 'pack'): 583.33, ('mrg2', 'd2h'): 583.34, ('mrg3', 'start'): 583.416, ('mrg3', 'h2d'): 583.476, ('mrg3', 'count'): 583.513, ('mrg3', 'scan'): 583.56, ('mrg3', 'merge'): 583.604, ('mrg3', 'pack'): 583.619, ('mrg3', 'd2h'): 583.629, ('mrg6', 'start'): 583.714, ('mrg6', 'h2d'): 583.776, ('mrg6', 'mean_numk'): 583.781, ('mrg6', 'scan'): 583.829, ('mrg6', 'classify'): 583.833, ('mrg6', 'light'): 583.992, ('mrg6', 'compact'): 584.041, ('mrg6', 'pack'): 584.057, ('mrg6', 'd2h'): 584.067, ('mrg7', 'start'): 584.196, ('mrg7', 'h2d'): 584.257, ('mrg7', 'mean_numk'): 584.262, ('mrg7', 'scan'): 584.309, ('mrg7', 'classify'): 584.314, ('mrg7', 'light'): 584.462, ('mrg7', 'compact'): 584.508, ('mrg7', 'pack'): 584.524, ('mrg7', 'd2h'): 584.534}",0.0393239315599203,0.677606396540068
Dense,can_24,24,160,27.77777777777778,336,336,336,336,336,336,336,0.0,,0.04100000000005366,0.1430000000000291,0.04499999999995907,0.023000000000024556,0.22900000000004184,0.397,,,,,0.361,0.341,0.291,0.243,0.296,0.288,,0.2440000000000282,0.2179999999999609,0.19799999999997908,0.15200000000004366,0.1029999999999518,0.15300000000002,0.1449999999999818,"{('cu', 'start'): 572.673, ('cu', 'h2dmalloc'): 572.723, ('cu', 'h2d'): 572.737, ('cu', 'workest'): 572.778, ('cu', 'compute'): 572.921, ('cu', 'copy'): 572.966, ('cu', 'pack'): 572.981, ('cu', 'd2h'): 573.004, ('gust', 'start'): 573.075, ('gust', 'h2d'): 573.135, ('gust', 'count'): 573.155, ('gust', 'scan'): 573.187, ('gust', 'expand'): 573.208, ('gust', 'sort'): 573.251, ('gust', 'reduce'): 573.288, ('gust', 'final'): 573.338, ('gust', 'pack'): 573.353, ('gust', 'd2h'): 573.362, ('merge', 'start'): 573.442, ('merge', 'h2d'): 573.505, ('merge', 'count'): 573.524, ('merge', 'scan'): 573.555, ('merge', 'expand'): 573.582, ('merge', 'merge'): 573.627, ('merge', 'final'): 573.666, ('merge', 'compact'): 573.689, ('merge', 'pack'): 573.703, ('merge', 'd2h'): 573.712, ('mrg2', 'start'): 573.788, ('mrg2', 'h2d'): 573.846, ('mrg2', 'count'): 573.869, ('mrg2', 'scan'): 573.899, ('mrg2', 'merge'): 573.932, ('mrg2', 'final'): 573.962, ('mrg2', 'compact'): 573.983, ('mrg2', 'pack'): 573.998, ('mrg2', 'd2h'): 574.007, ('mrg3', 'start'): 574.085, ('mrg3', 'h2d'): 574.143, ('mrg3', 'count'): 574.165, ('mrg3', 'scan'): 574.209, ('mrg3', 'merge'): 574.232, ('mrg3', 'pack'): 574.246, ('mrg3', 'd2h'): 574.255, ('mrg6', 'start'): 574.333, ('mrg6', 'h2d'): 574.39, ('mrg6', 'mean_numk'): 574.395, ('mrg6', 'scan'): 574.437, ('mrg6', 'classify'): 574.443, ('mrg6', 'light'): 574.474, ('mrg6', 'compact'): 574.526, ('mrg6', 'pack'): 574.543, ('mrg6', 'd2h'): 574.552, ('mrg7', 'start'): 574.633, ('mrg7', 'h2d'): 574.692, ('mrg7', 'mean_numk'): 574.7, ('mrg7', 'scan'): 574.741, ('mrg7', 'classify'): 574.745, ('mrg7', 'light'): 574.777, ('mrg7', 'compact'): 574.821, ('mrg7', 'pack'): 574.837, ('mrg7', 'd2h'): 574.846}",0.0484699849039316,0.1860704004997387
Dense,bcsstk04,132,3648,20.9366391184573,11968,11968,11968,11968,11968,11968,11968,0.0,,0.05299999999999727,0.20600000000001728,0.05199999999990723,0.08600000000001273,0.3109999999999218,0.539,,,,,0.688,1.193,0.427,0.308,0.411,0.407,,0.3269999999999982,0.5380000000000109,1.0480000000000018,0.2740000000000009,0.1610000000000582,0.25900000000001455,0.2579999999999245,"{('cu', 'start'): 583.257, ('cu', 'h2dmalloc'): 583.307, ('cu', 'h2d'): 583.321, ('cu', 'workest'): 583.374, ('cu', 'compute'): 583.58, ('cu', 'copy'): 583.632, ('cu', 'pack'): 583.648, ('cu', 'd2h'): 583.734, ('gust', 'start'): 583.804, ('gust', 'h2d'): 583.865, ('gust', 'count'): 583.885, ('gust', 'scan'): 583.919, ('gust', 'expand'): 583.956, ('gust', 'sort'): 584.182, ('gust', 'reduce'): 584.275, ('gust', 'final'): 584.385, ('gust', 'pack'): 584.403, ('gust', 'd2h'): 584.415, ('merge', 'start'): 584.498, ('merge', 'h2d'): 584.558, ('merge', 'count'): 584.582, ('merge', 'scan'): 584.614, ('merge', 'expand'): 584.783, ('merge', 'merge'): 585.471, ('merge', 'final'): 585.51, ('merge', 'compact'): 585.587, ('merge', 'pack'): 585.606, ('merge', 'd2h'): 585.618, ('mrg2', 'start'): 585.696, ('mrg2', 'h2d'): 585.756, ('mrg2', 'count'): 585.781, ('mrg2', 'scan'): 585.813, ('mrg2', 'merge'): 585.961, ('mrg2', 'final'): 585.992, ('mrg2', 'compact'): 586.014, ('mrg2', 'pack'): 586.03, ('mrg2', 'd2h'): 586.042, ('mrg3', 'start'): 586.129, ('mrg3', 'h2d'): 586.189, ('mrg3', 'count'): 586.234, ('mrg3', 'scan'): 586.279, ('mrg3', 'merge'): 586.335, ('mrg3', 'pack'): 586.35, ('mrg3', 'd2h'): 586.362, ('mrg6', 'start'): 586.442, ('mrg6', 'h2d'): 586.502, ('mrg6', 'mean_numk'): 586.506, ('mrg6', 'scan'): 586.551, ('mrg6', 'classify'): 586.56, ('mrg6', 'light'): 586.702, ('mrg6', 'compact'): 586.745, ('mrg6', 'pack'): 586.761, ('mrg6', 'd2h'): 586.773, ('mrg7', 'start'): 586.857, ('mrg7', 'h2d'): 586.916, ('mrg7', 'mean_numk'): 586.924, ('mrg7', 'scan'): 586.969, ('mrg7', 'classify'): 586.973, ('mrg7', 'light'): 587.115, ('mrg7', 'compact'): 587.158, ('mrg7', 'pack'): 587.174, ('mrg7', 'd2h'): 587.187}",0.0252940226346254,0.3846687985584139
Dense,bcsstk01,48,400,17.36111111111111,1292,1292,1292,1292,1292,1292,1292,0.0,,0.04899999999997817,0.14800000000002456,0.04699999999991178,0.027000000000043656,0.2439999999999145,0.413,,,,,0.428,0.374,0.304,0.25,0.304,0.292,,0.26099999999996726,0.2869999999999209,0.2340000000000373,0.16700000000003,0.11199999999996635,0.16200000000003456,0.14999999999997726,"{('cu', 'start'): 575.388, ('cu', 'h2dmalloc'): 575.437, ('cu', 'h2d'): 575.45, ('cu', 'workest'): 575.499, ('cu', 'compute'): 575.647, ('cu', 'copy'): 575.694, ('cu', 'pack'): 575.711, ('cu', 'd2h'): 575.738, ('gust', 'start'): 575.808, ('gust', 'h2d'): 575.868, ('gust', 'count'): 575.892, ('gust', 'scan'): 575.923, ('gust', 'expand'): 575.945, ('gust', 'sort'): 576.053, ('gust', 'reduce'): 576.09, ('gust', 'final'): 576.137, ('gust', 'pack'): 576.155, ('gust', 'd2h'): 576.164, ('merge', 'start'): 576.242, ('merge', 'h2d'): 576.303, ('merge', 'count'): 576.327, ('merge', 'scan'): 576.357, ('merge', 'expand'): 576.391, ('merge', 'merge'): 576.463, ('merge', 'final'): 576.498, ('merge', 'compact'): 576.52, ('merge', 'pack'): 576.537, ('merge', 'd2h'): 576.546, ('mrg2', 'start'): 576.621, ('mrg2', 'h2d'): 576.679, ('mrg2', 'count'): 576.699, ('mrg2', 'scan'): 576.734, ('mrg2', 'merge'): 576.779, ('mrg2', 'final'): 576.809, ('mrg2', 'compact'): 576.832, ('mrg2', 'pack'): 576.846, ('mrg2', 'd2h'): 576.855, ('mrg3', 'start'): 576.931, ('mrg3', 'h2d'): 576.989, ('mrg3', 'count'): 577.014, ('mrg3', 'scan'): 577.058, ('mrg3', 'merge'): 577.086, ('mrg3', 'pack'): 577.101, ('mrg3', 'd2h'): 577.11, ('mrg6', 'start'): 577.187, ('mrg6', 'h2d'): 577.246, ('mrg6', 'mean_numk'): 577.251, ('mrg6', 'scan'): 577.293, ('mrg6', 'classify'): 577.302, ('mrg6', 'light'): 577.344, ('mrg6', 'compact'): 577.391, ('mrg6', 'pack'): 577.408, ('mrg6', 'd2h'): 577.417, ('mrg7', 'start'): 577.495, ('mrg7', 'h2d'): 577.553, ('mrg7', 'mean_numk'): 577.558, ('mrg7', 'scan'): 577.599, ('mrg7', 'classify'): 577.604, ('mrg7', 'light'): 577.645, ('mrg7', 'compact'): 577.687, ('mrg7', 'pack'): 577.703, ('mrg7', 'd2h'): 577.712}",0.047749956138432,0.2419999993173405
Dense,can_61,61,557,14.969094329481322,1793,1793,1793,1793,1793,1793,1793,0.0,,0.07200000000000273,0.17600000000004457,0.06499999999994088,0.02699999999992997,0.3129999999999882,0.547,,,,,0.566,0.564,0.414,0.344,0.409,0.408,,0.3380000000000791,0.36599999999998545,0.3669999999999618,0.22100000000000364,0.15300000000002,0.21299999999996544,0.21199999999998909,"{('cu', 'start'): 707.517, ('cu', 'h2dmalloc'): 707.582, ('cu', 'h2d'): 707.602, ('cu', 'workest'): 707.674, ('cu', 'compute'): 707.85, ('cu', 'copy'): 707.915, ('cu', 'pack'): 707.94, ('cu', 'd2h'): 707.967, ('gust', 'start'): 708.073, ('gust', 'h2d'): 708.154, ('gust', 'count'): 708.18, ('gust', 'scan'): 708.225, ('gust', 'expand'): 708.254, ('gust', 'sort'): 708.38, ('gust', 'reduce'): 708.429, ('gust', 'final'): 708.495, ('gust', 'pack'): 708.52, ('gust', 'd2h'): 708.532, ('merge', 'start'): 708.645, ('merge', 'h2d'): 708.73, ('merge', 'count'): 708.754, ('merge', 'scan'): 708.797, ('merge', 'expand'): 708.846, ('merge', 'merge'): 709.002, ('merge', 'final'): 709.047, ('merge', 'compact'): 709.075, ('merge', 'pack'): 709.097, ('merge', 'd2h'): 709.111, ('mrg2', 'start'): 709.216, ('mrg2', 'h2d'): 709.296, ('mrg2', 'count'): 709.32, ('mrg2', 'scan'): 709.359, ('mrg2', 'merge'): 709.42, ('mrg2', 'final'): 709.459, ('mrg2', 'compact'): 709.494, ('mrg2', 'pack'): 709.517, ('mrg2', 'd2h'): 709.529, ('mrg3', 'start'): 709.636, ('mrg3', 'h2d'): 709.715, ('mrg3', 'count'): 709.748, ('mrg3', 'scan'): 709.81, ('mrg3', 'merge'): 709.845, ('mrg3', 'pack'): 709.868, ('mrg3', 'd2h'): 709.88, ('mrg6', 'start'): 709.986, ('mrg6', 'h2d'): 710.063, ('mrg6', 'mean_numk'): 710.069, ('mrg6', 'scan'): 710.127, ('mrg6', 'classify'): 710.132, ('mrg6', 'light'): 710.189, ('mrg6', 'compact'): 710.252, ('mrg6', 'pack'): 710.276, ('mrg6', 'd2h'): 710.287, ('mrg7', 'start'): 710.401, ('mrg7', 'h2d'): 710.479, ('mrg7', 'mean_numk'): 710.491, ('mrg7', 'scan'): 710.551, ('mrg7', 'classify'): 710.556, ('mrg7', 'light'): 710.612, ('mrg7', 'compact'): 710.668, ('mrg7', 'pack'): 710.691, ('mrg7', 'd2h'): 710.704}",0.0283770496025681,0.2481407996965572
Dense,bcsstk05,153,2423,10.350719808620616,7245,7245,7245,7245,7245,7245,7245,0.0,,0.05400000000008731,0.14299999999991542,0.05000000000006821,0.02500000000009095,0.24700000000007094,0.419,,,,,0.46,0.52,0.338,0.288,0.33,0.316,,0.26499999999998636,0.3079999999999927,0.3709999999999809,0.19299999999998363,0.14599999999995816,0.18600000000003547,0.17099999999993543,"{('cu', 'start'): 596.823, ('cu', 'h2dmalloc'): 596.875, ('cu', 'h2d'): 596.891, ('cu', 'workest'): 596.945, ('cu', 'compute'): 597.088, ('cu', 'copy'): 597.138, ('cu', 'pack'): 597.156, ('cu', 'd2h'): 597.181, ('gust', 'start'): 597.25, ('gust', 'h2d'): 597.312, ('gust', 'count'): 597.333, ('gust', 'scan'): 597.364, ('gust', 'expand'): 597.391, ('gust', 'sort'): 597.515, ('gust', 'reduce'): 597.553, ('gust', 'final'): 597.603, ('gust', 'pack'): 597.62, ('gust', 'd2h'): 597.631, ('merge', 'start'): 597.722, ('merge', 'h2d'): 597.788, ('merge', 'count'): 597.81, ('merge', 'scan'): 597.844, ('merge', 'expand'): 597.91, ('merge', 'merge'): 598.085, ('merge', 'final'): 598.121, ('merge', 'compact'): 598.144, ('merge', 'pack'): 598.159, ('merge', 'd2h'): 598.17, ('mrg2', 'start'): 598.245, ('mrg2', 'h2d'): 598.308, ('mrg2', 'count'): 598.336, ('mrg2', 'scan'): 598.367, ('mrg2', 'merge'): 598.431, ('mrg2', 'final'): 598.463, ('mrg2', 'compact'): 598.485, ('mrg2', 'pack'): 598.501, ('mrg2', 'd2h'): 598.512, ('mrg3', 'start'): 598.588, ('mrg3', 'h2d'): 598.649, ('mrg3', 'count'): 598.687, ('mrg3', 'scan'): 598.732, ('mrg3', 'merge'): 598.78, ('mrg3', 'pack'): 598.795, ('mrg3', 'd2h'): 598.807, ('mrg6', 'start'): 598.882, ('mrg6', 'h2d'): 598.943, ('mrg6', 'mean_numk'): 598.956, ('mrg6', 'scan'): 598.999, ('mrg6', 'classify'): 599.005, ('mrg6', 'light'): 599.069, ('mrg6', 'compact'): 599.112, ('mrg6', 'pack'): 599.129, ('mrg6', 'd2h'): 599.14, ('mrg7', 'start'): 599.22, ('mrg7', 'h2d'): 599.283, ('mrg7', 'mean_numk'): 599.288, ('mrg7', 'scan'): 599.332, ('mrg7', 'classify'): 599.337, ('mrg7', 'light'): 599.397, ('mrg7', 'compact'): 599.437, ('mrg7', 'pack'): 599.454, ('mrg7', 'd2h'): 599.465}",0.0384900486096739,0.2763999989489094
Mildly sparse,bcspwr01,39,131,8.61275476660092,275,275,275,275,275,275,275,0.0,,0.04000000000007731,0.14199999999993906,0.04499999999995907,0.021999999999934516,0.22699999999997544,0.391,,,,,0.36,0.316,0.283,0.249,0.282,0.273,,0.2420000000000755,0.20799999999997,0.17399999999997817,0.14199999999993906,0.10399999999992815,0.13900000000001,0.13200000000006185,"{('cu', 'start'): 578.141, ('cu', 'h2dmalloc'): 578.191, ('cu', 'h2d'): 578.203, ('cu', 'workest'): 578.243, ('cu', 'compute'): 578.385, ('cu', 'copy'): 578.43, ('cu', 'pack'): 578.445, ('cu', 'd2h'): 578.467, ('gust', 'start'): 578.539, ('gust', 'h2d'): 578.604, ('gust', 'count'): 578.623, ('gust', 'scan'): 578.654, ('gust', 'expand'): 578.674, ('gust', 'sort'): 578.716, ('gust', 'reduce'): 578.751, ('gust', 'final'): 578.798, ('gust', 'pack'): 578.812, ('gust', 'd2h'): 578.821, ('merge', 'start'): 578.905, ('merge', 'h2d'): 578.964, ('merge', 'count'): 578.982, ('merge', 'scan'): 579.013, ('merge', 'expand'): 579.034, ('merge', 'merge'): 579.066, ('merge', 'final'): 579.1, ('merge', 'compact'): 579.124, ('merge', 'pack'): 579.138, ('merge', 'd2h'): 579.147, ('mrg2', 'start'): 579.226, ('mrg2', 'h2d'): 579.283, ('mrg2', 'count'): 579.302, ('mrg2', 'scan'): 579.333, ('mrg2', 'merge'): 579.36, ('mrg2', 'final'): 579.39, ('mrg2', 'compact'): 579.411, ('mrg2', 'pack'): 579.425, ('mrg2', 'd2h'): 579.435, ('mrg3', 'start'): 579.514, ('mrg3', 'h2d'): 579.575, ('mrg3', 'count'): 579.598, ('mrg3', 'scan'): 579.641, ('mrg3', 'merge'): 579.664, ('mrg3', 'pack'): 579.679, ('mrg3', 'd2h'): 579.687, ('mrg6', 'start'): 579.768, ('mrg6', 'h2d'): 579.825, ('mrg6', 'mean_numk'): 579.83, ('mrg6', 'scan'): 579.872, ('mrg6', 'classify'): 579.876, ('mrg6', 'light'): 579.902, ('mrg6', 'compact'): 579.949, ('mrg6', 'pack'): 579.964, ('mrg6', 'd2h'): 579.973, ('mrg7', 'start'): 580.055, ('mrg7', 'h2d'): 580.112, ('mrg7', 'mean_numk'): 580.117, ('mrg7', 'scan'): 580.159, ('mrg7', 'classify'): 580.163, ('mrg7', 'light'): 580.189, ('mrg7', 'compact'): 580.229, ('mrg7', 'pack'): 580.244, ('mrg7', 'd2h'): 580.254}",0.0476549612358212,0.157062399899587
Mildly sparse,can_96,96,768,8.333333333333332,1920,1920,1920,1920,1920,1920,1920,0.0,,0.04899999999997817,0.15499999999997272,0.04800000000000182,0.021999999999934516,0.2519999999999527,0.419,,,,,0.422,0.344,0.306,0.244,0.296,0.294,,0.26900000000000546,0.2799999999999727,0.20500000000004093,0.16200000000003456,0.10800000000006094,0.15599999999994907,0.1570000000000391,"{('cu', 'start'): 585.682, ('cu', 'h2dmalloc'): 585.732, ('cu', 'h2d'): 585.745, ('cu', 'workest'): 585.794, ('cu', 'compute'): 585.949, ('cu', 'copy'): 585.997, ('cu', 'pack'): 586.014, ('cu', 'd2h'): 586.036, ('gust', 'start'): 586.109, ('gust', 'h2d'): 586.171, ('gust', 'count'): 586.19, ('gust', 'scan'): 586.222, ('gust', 'expand'): 586.244, ('gust', 'sort'): 586.348, ('gust', 'reduce'): 586.385, ('gust', 'final'): 586.434, ('gust', 'pack'): 586.451, ('gust', 'd2h'): 586.46, ('merge', 'start'): 586.536, ('merge', 'h2d'): 586.598, ('merge', 'count'): 586.619, ('merge', 'scan'): 586.65, ('merge', 'expand'): 586.681, ('merge', 'merge'): 586.731, ('merge', 'final'): 586.767, ('merge', 'compact'): 586.789, ('merge', 'pack'): 586.803, ('merge', 'd2h'): 586.812, ('mrg2', 'start'): 586.886, ('mrg2', 'h2d'): 586.951, ('mrg2', 'count'): 586.971, ('mrg2', 'scan'): 587.001, ('mrg2', 'merge'): 587.044, ('mrg2', 'final'): 587.075, ('mrg2', 'compact'): 587.097, ('mrg2', 'pack'): 587.113, ('mrg2', 'd2h'): 587.122, ('mrg3', 'start'): 587.197, ('mrg3', 'h2d'): 587.256, ('mrg3', 'count'): 587.281, ('mrg3', 'scan'): 587.324, ('mrg3', 'merge'): 587.35, ('mrg3', 'pack'): 587.364, ('mrg3', 'd2h'): 587.374, ('mrg6', 'start'): 587.446, ('mrg6', 'h2d'): 587.504, ('mrg6', 'mean_numk'): 587.508, ('mrg6', 'scan'): 587.552, ('mrg6', 'classify'): 587.562, ('mrg6', 'light'): 587.598, ('mrg6', 'compact'): 587.645, ('mrg6', 'pack'): 587.66, ('mrg6', 'd2h'): 587.67, ('mrg7', 'start'): 587.746, ('mrg7', 'h2d'): 587.805, ('mrg7', 'mean_numk'): 587.81, ('mrg7', 'scan'): 587.852, ('mrg7', 'classify'): 587.862, ('mrg7', 'light'): 587.897, ('mrg7', 'compact'): 587.946, ('mrg7', 'pack'): 587.962, ('mrg7', 'd2h'): 587.972}",0.0486249336972832,0.2478976000798866
Mildly sparse,arc130,130,1282,7.585798816568047,15631,15631,15631,15631,15631,15631,15631,0.0,,0.06399999999996453,0.15899999999999181,0.06399999999996453,0.03799999999989723,0.2869999999999209,0.519,,,,,0.577,1.763,0.559,0.398,0.602,0.603,,0.3120000000000118,0.3849999999999909,1.5769999999999982,0.3730000000000473,0.21000000000003638,0.4130000000000109,0.4130000000000109,"{('cu', 'start'): 582.692, ('cu', 'h2dmalloc'): 582.761, ('cu', 'h2d'): 582.782, ('cu', 'workest'): 582.846, ('cu', 'compute'): 583.005, ('cu', 'copy'): 583.069, ('cu', 'pack'): 583.094, ('cu', 'd2h'): 583.132, ('gust', 'start'): 583.221, ('gust', 'h2d'): 583.297, ('gust', 'count'): 583.326, ('gust', 'scan'): 583.368, ('gust', 'expand'): 583.415, ('gust', 'sort'): 583.547, ('gust', 'reduce'): 583.595, ('gust', 'final'): 583.658, ('gust', 'pack'): 583.682, ('gust', 'd2h'): 583.698, ('merge', 'start'): 583.806, ('merge', 'h2d'): 583.884, ('merge', 'count'): 583.914, ('merge', 'scan'): 583.956, ('merge', 'expand'): 584.1, ('merge', 'merge'): 585.355, ('merge', 'final'): 585.404, ('merge', 'compact'): 585.436, ('merge', 'pack'): 585.461, ('merge', 'd2h'): 585.478, ('mrg2', 'start'): 585.577, ('mrg2', 'h2d'): 585.655, ('mrg2', 'count'): 585.684, ('mrg2', 'scan'): 585.728, ('mrg2', 'merge'): 585.935, ('mrg2', 'final'): 585.975, ('mrg2', 'compact'): 586.005, ('mrg2', 'pack'): 586.028, ('mrg2', 'd2h'): 586.044, ('mrg3', 'start'): 586.144, ('mrg3', 'h2d'): 586.221, ('mrg3', 'count'): 586.28, ('mrg3', 'scan'): 586.334, ('mrg3', 'merge'): 586.408, ('mrg3', 'pack'): 586.431, ('mrg3', 'd2h'): 586.451, ('mrg6', 'start'): 586.552, ('mrg6', 'h2d'): 586.628, ('mrg6', 'mean_numk'): 586.634, ('mrg6', 'scan'): 586.689, ('mrg6', 'classify'): 586.702, ('mrg6', 'light'): 586.836, ('mrg6', 'heavy'): 586.962, ('mrg6', 'compact'): 587.017, ('mrg6', 'pack'): 587.041, ('mrg6', 'd2h'): 587.056, ('mrg7', 'start'): 587.16, ('mrg7', 'h2d'): 587.237, ('mrg7', 'mean_numk'): 587.243, ('mrg7', 'scan'): 587.298, ('mrg7', 'classify'): 587.311, ('mrg7', 'light'): 587.444, ('mrg7', 'heavy'): 587.573, ('mrg7', 'compact'): 587.626, ('mrg7', 'pack'): 587.65, ('mrg7', 'd2h'): 587.667}",0.0492749968543648,0.2958240004489199
Mildly sparse,ash85,85,523,7.2387543252595155,1317,1317,1317,1317,1317,1317,1317,0.0,,0.04899999999997817,0.1490000000000009,0.05000000000006821,0.02400000000000091,0.2480000000000473,0.412,,,,,0.431,0.34,0.293,0.258,0.285,0.278,,0.26400000000001,0.2839999999999918,0.20100000000002183,0.1510000000000673,0.11799999999993815,0.14999999999997726,0.14199999999993906,"{('cu', 'start'): 590.094, ('cu', 'h2dmalloc'): 590.143, ('cu', 'h2d'): 590.155, ('cu', 'workest'): 590.204, ('cu', 'compute'): 590.353, ('cu', 'copy'): 590.403, ('cu', 'pack'): 590.419, ('cu', 'd2h'): 590.443, ('gust', 'start'): 590.513, ('gust', 'h2d'): 590.581, ('gust', 'count'): 590.6, ('gust', 'scan'): 590.633, ('gust', 'expand'): 590.655, ('gust', 'sort'): 590.761, ('gust', 'reduce'): 590.799, ('gust', 'final'): 590.849, ('gust', 'pack'): 590.865, ('gust', 'd2h'): 590.874, ('merge', 'start'): 590.95, ('merge', 'h2d'): 591.01, ('merge', 'count'): 591.032, ('merge', 'scan'): 591.062, ('merge', 'expand'): 591.088, ('merge', 'merge'): 591.14, ('merge', 'final'): 591.175, ('merge', 'compact'): 591.197, ('merge', 'pack'): 591.211, ('merge', 'd2h'): 591.221, ('mrg2', 'start'): 591.296, ('mrg2', 'h2d'): 591.353, ('mrg2', 'count'): 591.372, ('mrg2', 'scan'): 591.402, ('mrg2', 'merge'): 591.439, ('mrg2', 'final'): 591.467, ('mrg2', 'compact'): 591.488, ('mrg2', 'pack'): 591.504, ('mrg2', 'd2h'): 591.513, ('mrg3', 'start'): 591.595, ('mrg3', 'h2d'): 591.653, ('mrg3', 'count'): 591.682, ('mrg3', 'scan'): 591.726, ('mrg3', 'merge'): 591.757, ('mrg3', 'pack'): 591.771, ('mrg3', 'd2h'): 591.78, ('mrg6', 'start'): 591.858, ('mrg6', 'h2d'): 591.914, ('mrg6', 'mean_numk'): 591.919, ('mrg6', 'scan'): 591.962, ('mrg6', 'classify'): 591.97, ('mrg6', 'light'): 592.002, ('mrg6', 'compact'): 592.048, ('mrg6', 'pack'): 592.064, ('mrg6', 'd2h'): 592.073, ('mrg7', 'start'): 592.149, ('mrg7', 'h2d'): 592.206, ('mrg7', 'mean_numk'): 592.211, ('mrg7', 'scan'): 592.252, ('mrg7', 'classify'): 592.258, ('mrg7', 'light'): 592.292, ('mrg7', 'compact'): 592.331, ('mrg7', 'pack'): 592.348, ('mrg7', 'd2h'): 592.357}",0.0290180323645472,0.1676159996073693
Mildly sparse,can_73,73,377,7.0744980296490905,1377,1377,1377,1377,1377,1377,1377,0.0,,0.05000000000006821,0.13599999999996726,0.047000000000025466,0.023000000000024556,0.23300000000006094,0.401,,,,,0.362,0.339,0.293,0.254,0.288,0.283,,0.24900000000002365,0.22299999999995634,0.20300000000008822,0.15599999999994907,0.11799999999993815,0.15199999999992997,0.14599999999995816,"{('cu', 'start'): 581.602, ('cu', 'h2dmalloc'): 581.651, ('cu', 'h2d'): 581.664, ('cu', 'workest'): 581.714, ('cu', 'compute'): 581.85, ('cu', 'copy'): 581.897, ('cu', 'pack'): 581.913, ('cu', 'd2h'): 581.936, ('gust', 'start'): 582.011, ('gust', 'h2d'): 582.072, ('gust', 'count'): 582.097, ('gust', 'scan'): 582.128, ('gust', 'expand'): 582.151, ('gust', 'sort'): 582.196, ('gust', 'reduce'): 582.232, ('gust', 'final'): 582.279, ('gust', 'pack'): 582.295, ('gust', 'd2h'): 582.304, ('merge', 'start'): 582.379, ('merge', 'h2d'): 582.439, ('merge', 'count'): 582.459, ('merge', 'scan'): 582.49, ('merge', 'expand'): 582.516, ('merge', 'merge'): 582.568, ('merge', 'final'): 582.603, ('merge', 'compact'): 582.626, ('merge', 'pack'): 582.642, ('merge', 'd2h'): 582.651, ('mrg2', 'start'): 582.725, ('mrg2', 'h2d'): 582.782, ('mrg2', 'count'): 582.803, ('mrg2', 'scan'): 582.833, ('mrg2', 'merge'): 582.872, ('mrg2', 'final'): 582.902, ('mrg2', 'compact'): 582.921, ('mrg2', 'pack'): 582.938, ('mrg2', 'd2h'): 582.947, ('mrg3', 'start'): 583.023, ('mrg3', 'h2d'): 583.08, ('mrg3', 'count'): 583.108, ('mrg3', 'scan'): 583.151, ('mrg3', 'merge'): 583.183, ('mrg3', 'pack'): 583.198, ('mrg3', 'd2h'): 583.207, ('mrg6', 'start'): 583.282, ('mrg6', 'h2d'): 583.339, ('mrg6', 'mean_numk'): 583.344, ('mrg6', 'scan'): 583.386, ('mrg6', 'classify'): 583.391, ('mrg6', 'light'): 583.428, ('mrg6', 'compact'): 583.475, ('mrg6', 'pack'): 583.491, ('mrg6', 'd2h'): 583.5, ('mrg7', 'start'): 583.576, ('mrg7', 'h2d'): 583.633, ('mrg7', 'mean_numk'): 583.638, ('mrg7', 'scan'): 583.679, ('mrg7', 'classify'): 583.685, ('mrg7', 'light'): 583.723, ('mrg7', 'compact'): 583.763, ('mrg7', 'pack'): 583.779, ('mrg7', 'd2h'): 583.788}",0.0488950172439217,0.165385599178262
Mildly sparse,bcspwr02,49,167,6.9554352353186175,403,403,403,403,403,403,403,0.0,,0.04099999999993997,0.14400000000000546,0.04399999999998272,0.02299999999991087,0.22899999999992815,0.4,,,,,0.356,0.356,0.349,0.332,0.368,0.33,,0.24500000000000455,0.21299999999996544,0.18799999999998818,0.17600000000004457,0.1430000000000291,0.16800000000000637,0.15899999999999181,"{('cu', 'start'): 567.466, ('cu', 'h2dmalloc'): 567.515, ('cu', 'h2d'): 567.527, ('cu', 'workest'): 567.568, ('cu', 'compute'): 567.712, ('cu', 'copy'): 567.756, ('cu', 'pack'): 567.772, ('cu', 'd2h'): 567.795, ('gust', 'start'): 567.873, ('gust', 'h2d'): 567.933, ('gust', 'count'): 567.951, ('gust', 'scan'): 567.983, ('gust', 'expand'): 568.004, ('gust', 'sort'): 568.048, ('gust', 'reduce'): 568.083, ('gust', 'final'): 568.131, ('gust', 'pack'): 568.146, ('gust', 'd2h'): 568.155, ('merge', 'start'): 568.235, ('merge', 'h2d'): 568.293, ('merge', 'count'): 568.31, ('merge', 'scan'): 568.343, ('merge', 'expand'): 568.367, ('merge', 'merge'): 568.401, ('merge', 'final'): 568.435, ('merge', 'compact'): 568.459, ('merge', 'pack'): 568.481, ('merge', 'd2h'): 568.494, ('mrg2', 'start'): 568.599, ('mrg2', 'h2d'): 568.665, ('mrg2', 'count'): 568.689, ('mrg2', 'scan'): 568.73, ('mrg2', 'merge'): 568.766, ('mrg2', 'final'): 568.796, ('mrg2', 'compact'): 568.818, ('mrg2', 'pack'): 568.841, ('mrg2', 'd2h'): 568.853, ('mrg3', 'start'): 568.957, ('mrg3', 'h2d'): 569.038, ('mrg3', 'count'): 569.067, ('mrg3', 'scan'): 569.128, ('mrg3', 'merge'): 569.16, ('mrg3', 'pack'): 569.181, ('mrg3', 'd2h'): 569.194, ('mrg6', 'start'): 569.295, ('mrg6', 'h2d'): 569.365, ('mrg6', 'mean_numk'): 569.37, ('mrg6', 'scan'): 569.415, ('mrg6', 'classify'): 569.419, ('mrg6', 'light'): 569.448, ('mrg6', 'compact'): 569.509, ('mrg6', 'pack'): 569.533, ('mrg6', 'd2h'): 569.545, ('mrg7', 'start'): 569.669, ('mrg7', 'h2d'): 569.748, ('mrg7', 'mean_numk'): 569.756, ('mrg7', 'scan'): 569.812, ('mrg7', 'classify'): 569.817, ('mrg7', 'light'): 569.847, ('mrg7', 'compact'): 569.89, ('mrg7', 'pack'): 569.907, ('mrg7', 'd2h'): 569.917}",0.0477839494124054,0.1598144003888592
Mildly sparse,can_144,144,1296,6.25,3456,3456,3456,3456,3456,3456,3456,0.0,,0.051000000000044565,0.15799999999990177,0.04800000000000182,0.023000000000024556,0.25699999999994816,0.429,,,,,0.436,0.383,0.305,0.265,0.302,0.297,,0.27300000000002456,0.2869999999999209,0.23299999999994725,0.1570000000000391,0.12199999999995725,0.15499999999997272,0.15200000000004366,"{('cu', 'start'): 564.287, ('cu', 'h2dmalloc'): 564.337, ('cu', 'h2d'): 564.351, ('cu', 'workest'): 564.402, ('cu', 'compute'): 564.56, ('cu', 'copy'): 564.608, ('cu', 'pack'): 564.624, ('cu', 'd2h'): 564.647, ('gust', 'start'): 564.724, ('gust', 'h2d'): 564.787, ('gust', 'count'): 564.806, ('gust', 'scan'): 564.839, ('gust', 'expand'): 564.863, ('gust', 'sort'): 564.973, ('gust', 'reduce'): 565.01, ('gust', 'final'): 565.058, ('gust', 'pack'): 565.074, ('gust', 'd2h'): 565.083, ('merge', 'start'): 565.165, ('merge', 'h2d'): 565.226, ('merge', 'count'): 565.245, ('merge', 'scan'): 565.277, ('merge', 'expand'): 565.311, ('merge', 'merge'): 565.387, ('merge', 'final'): 565.423, ('merge', 'compact'): 565.445, ('merge', 'pack'): 565.459, ('merge', 'd2h'): 565.469, ('mrg2', 'start'): 565.553, ('mrg2', 'h2d'): 565.615, ('mrg2', 'count'): 565.635, ('mrg2', 'scan'): 565.666, ('mrg2', 'merge'): 565.705, ('mrg2', 'final'): 565.735, ('mrg2', 'compact'): 565.757, ('mrg2', 'pack'): 565.772, ('mrg2', 'd2h'): 565.783, ('mrg3', 'start'): 565.863, ('mrg3', 'h2d'): 565.923, ('mrg3', 'count'): 565.954, ('mrg3', 'scan'): 565.999, ('mrg3', 'merge'): 566.03, ('mrg3', 'pack'): 566.045, ('mrg3', 'd2h'): 566.054, ('mrg6', 'start'): 566.133, ('mrg6', 'h2d'): 566.193, ('mrg6', 'mean_numk'): 566.201, ('mrg6', 'scan'): 566.244, ('mrg6', 'classify'): 566.249, ('mrg6', 'light'): 566.289, ('mrg6', 'compact'): 566.332, ('mrg6', 'pack'): 566.348, ('mrg6', 'd2h'): 566.357, ('mrg7', 'start'): 566.44, ('mrg7', 'h2d'): 566.5, ('mrg7', 'mean_numk'): 566.507, ('mrg7', 'scan'): 566.555, ('mrg7', 'classify'): 566.559, ('mrg7', 'light'): 566.595, ('mrg7', 'compact'): 566.637, ('mrg7', 'pack'): 566.652, ('mrg7', 'd2h'): 566.662}",0.0393930822610855,0.2819264001911506
Mildly sparse,can_62,62,218,5.6711758584807495,482,482,482,482,482,482,482,0.0,,0.043000000000006366,0.13799999999991996,0.047000000000025466,0.02400000000000091,0.2279999999999518,0.409,,,,,0.389,0.348,0.309,0.263,0.316,0.304,,0.24299999999993815,0.23099999999999454,0.19700000000000273,0.15600000000006276,0.11400000000003274,0.16099999999994452,0.15199999999992997,"{('cu', 'start'): 635.929, ('cu', 'h2dmalloc'): 635.981, ('cu', 'h2d'): 635.994, ('cu', 'workest'): 636.037, ('cu', 'compute'): 636.175, ('cu', 'copy'): 636.222, ('cu', 'pack'): 636.237, ('cu', 'd2h'): 636.261, ('gust', 'start'): 636.346, ('gust', 'h2d'): 636.41, ('gust', 'count'): 636.43, ('gust', 'scan'): 636.464, ('gust', 'expand'): 636.491, ('gust', 'sort'): 636.534, ('gust', 'reduce'): 636.571, ('gust', 'final'): 636.625, ('gust', 'pack'): 636.641, ('gust', 'd2h'): 636.65, ('merge', 'start'): 636.739, ('merge', 'h2d'): 636.802, ('merge', 'count'): 636.822, ('merge', 'scan'): 636.86, ('merge', 'expand'): 636.887, ('merge', 'merge'): 636.923, ('merge', 'final'): 636.959, ('merge', 'compact'): 636.983, ('merge', 'pack'): 636.999, ('merge', 'd2h'): 637.008, ('mrg2', 'start'): 637.097, ('mrg2', 'h2d'): 637.159, ('mrg2', 'count'): 637.178, ('mrg2', 'scan'): 637.212, ('mrg2', 'merge'): 637.246, ('mrg2', 'final'): 637.277, ('mrg2', 'compact'): 637.299, ('mrg2', 'pack'): 637.315, ('mrg2', 'd2h'): 637.324, ('mrg3', 'start'): 637.413, ('mrg3', 'h2d'): 637.475, ('mrg3', 'count'): 637.499, ('mrg3', 'scan'): 637.547, ('mrg3', 'merge'): 637.574, ('mrg3', 'pack'): 637.589, ('mrg3', 'd2h'): 637.598, ('mrg6', 'start'): 637.681, ('mrg6', 'h2d'): 637.743, ('mrg6', 'mean_numk'): 637.747, ('mrg6', 'scan'): 637.794, ('mrg6', 'classify'): 637.799, ('mrg6', 'light'): 637.827, ('mrg6', 'compact'): 637.884, ('mrg6', 'pack'): 637.904, ('mrg6', 'd2h'): 637.913, ('mrg7', 'start'): 638.003, ('mrg7', 'h2d'): 638.065, ('mrg7', 'mean_numk'): 638.071, ('mrg7', 'scan'): 638.12, ('mrg7', 'classify'): 638.125, ('mrg7', 'light'): 638.153, ('mrg7', 'compact'): 638.2, ('mrg7', 'pack'): 638.217, ('mrg7', 'd2h'): 638.226}",0.0483850017189979,0.1589376003015786
Mildly sparse,can_161,161,1377,5.31229505034528,3761,3761,3761,3761,3761,3761,3761,0.0,,0.05099999999993088,0.1490000000000009,0.04899999999997817,0.02400000000000091,0.24899999999990996,0.422,,,,,0.446,0.391,0.301,0.272,0.322,0.293,,0.26499999999998636,0.3000000000000682,0.24699999999995725,0.1570000000000391,0.1290000000000191,0.17099999999993543,0.14800000000002456,"{('cu', 'start'): 565.953, ('cu', 'h2dmalloc'): 566.003, ('cu', 'h2d'): 566.017, ('cu', 'workest'): 566.068, ('cu', 'compute'): 566.217, ('cu', 'copy'): 566.266, ('cu', 'pack'): 566.282, ('cu', 'd2h'): 566.306, ('gust', 'start'): 566.382, ('gust', 'h2d'): 566.444, ('gust', 'count'): 566.471, ('gust', 'scan'): 566.503, ('gust', 'expand'): 566.526, ('gust', 'sort'): 566.633, ('gust', 'reduce'): 566.67, ('gust', 'final'): 566.724, ('gust', 'pack'): 566.744, ('gust', 'd2h'): 566.753, ('merge', 'start'): 566.834, ('merge', 'h2d'): 566.894, ('merge', 'count'): 566.914, ('merge', 'scan'): 566.945, ('merge', 'expand'): 566.977, ('merge', 'merge'): 567.065, ('merge', 'final'): 567.1, ('merge', 'compact'): 567.127, ('merge', 'pack'): 567.141, ('merge', 'd2h'): 567.151, ('mrg2', 'start'): 567.23, ('mrg2', 'h2d'): 567.29, ('mrg2', 'count'): 567.31, ('mrg2', 'scan'): 567.341, ('mrg2', 'merge'): 567.382, ('mrg2', 'final'): 567.411, ('mrg2', 'compact'): 567.432, ('mrg2', 'pack'): 567.447, ('mrg2', 'd2h'): 567.456, ('mrg3', 'start'): 567.536, ('mrg3', 'h2d'): 567.596, ('mrg3', 'count'): 567.628, ('mrg3', 'scan'): 567.672, ('mrg3', 'merge'): 567.71, ('mrg3', 'pack'): 567.725, ('mrg3', 'd2h'): 567.735, ('mrg6', 'start'): 567.812, ('mrg6', 'h2d'): 567.873, ('mrg6', 'mean_numk'): 567.886, ('mrg6', 'scan'): 567.929, ('mrg6', 'classify'): 567.933, ('mrg6', 'light'): 567.975, ('mrg6', 'compact'): 568.022, ('mrg6', 'pack'): 568.044, ('mrg6', 'd2h'): 568.053, ('mrg7', 'start'): 568.14, ('mrg7', 'h2d'): 568.201, ('mrg7', 'mean_numk'): 568.207, ('mrg7', 'scan'): 568.249, ('mrg7', 'classify'): 568.254, ('mrg7', 'light'): 568.291, ('mrg7', 'compact'): 568.333, ('mrg7', 'pack'): 568.349, ('mrg7', 'd2h'): 568.358}",0.0394670059904456,0.5718527990859001
Mildly sparse,bcsstk03,112,640,5.1020408163265305,1072,1072,1072,1072,1072,1072,1072,0.0,,0.049999999999954525,0.1410000000000764,0.04499999999995907,0.023000000000024556,0.23599999999999,0.402,,,,,0.433,0.319,0.285,0.251,0.287,0.277,,0.2519999999999527,0.28499999999996817,0.17600000000004457,0.1449999999999818,0.10900000000003729,0.14299999999991542,0.1350000000001046,"{('cu', 'start'): 571.415, ('cu', 'h2dmalloc'): 571.464, ('cu', 'h2d'): 571.476, ('cu', 'workest'): 571.526, ('cu', 'compute'): 571.667, ('cu', 'copy'): 571.712, ('cu', 'pack'): 571.728, ('cu', 'd2h'): 571.751, ('gust', 'start'): 571.823, ('gust', 'h2d'): 571.885, ('gust', 'count'): 571.905, ('gust', 'scan'): 571.938, ('gust', 'expand'): 571.958, ('gust', 'sort'): 572.064, ('gust', 'reduce'): 572.102, ('gust', 'final'): 572.154, ('gust', 'pack'): 572.17, ('gust', 'd2h'): 572.179, ('merge', 'start'): 572.262, ('merge', 'h2d'): 572.323, ('merge', 'count'): 572.342, ('merge', 'scan'): 572.374, ('merge', 'expand'): 572.397, ('merge', 'merge'): 572.428, ('merge', 'final'): 572.462, ('merge', 'compact'): 572.485, ('merge', 'pack'): 572.499, ('merge', 'd2h'): 572.509, ('mrg2', 'start'): 572.586, ('mrg2', 'h2d'): 572.644, ('mrg2', 'count'): 572.665, ('mrg2', 'scan'): 572.696, ('mrg2', 'merge'): 572.723, ('mrg2', 'final'): 572.752, ('mrg2', 'compact'): 572.773, ('mrg2', 'pack'): 572.789, ('mrg2', 'd2h'): 572.798, ('mrg3', 'start'): 572.877, ('mrg3', 'h2d'): 572.934, ('mrg3', 'count'): 572.958, ('mrg3', 'scan'): 573.002, ('mrg3', 'merge'): 573.029, ('mrg3', 'pack'): 573.043, ('mrg3', 'd2h'): 573.053, ('mrg6', 'start'): 573.133, ('mrg6', 'h2d'): 573.191, ('mrg6', 'mean_numk'): 573.199, ('mrg6', 'scan'): 573.243, ('mrg6', 'classify'): 573.247, ('mrg6', 'light'): 573.272, ('mrg6', 'compact'): 573.318, ('mrg6', 'pack'): 573.334, ('mrg6', 'd2h'): 573.343, ('mrg7', 'start'): 573.424, ('mrg7', 'h2d'): 573.483, ('mrg7', 'mean_numk'): 573.491, ('mrg7', 'scan'): 573.533, ('mrg7', 'classify'): 573.537, ('mrg7', 'light'): 573.562, ('mrg7', 'compact'): 573.603, ('mrg7', 'pack'): 573.618, ('mrg7', 'd2h'): 573.627}",0.0315229408442974,0.1386015997966751
Mildly sparse,bcsstk06,420,7860,4.45578231292517,23660,23660,23660,23660,23660,23660,23660,0.0,,0.05200000000002092,0.22899999999992815,0.05300000000011096,0.10099999999999909,0.33400000000006,0.591,,,,,0.732,0.787,0.392,0.342,0.371,0.365,,0.35400000000004184,0.5180000000000291,0.5740000000000691,0.21900000000005093,0.17799999999999727,0.20400000000006457,0.20099999999990814,"{('cu', 'start'): 570.335, ('cu', 'h2dmalloc'): 570.388, ('cu', 'h2d'): 570.404, ('cu', 'workest'): 570.456, ('cu', 'compute'): 570.685, ('cu', 'copy'): 570.738, ('cu', 'pack'): 570.758, ('cu', 'd2h'): 570.859, ('gust', 'start'): 570.934, ('gust', 'h2d'): 571.001, ('gust', 'count'): 571.022, ('gust', 'scan'): 571.057, ('gust', 'expand'): 571.094, ('gust', 'sort'): 571.335, ('gust', 'reduce'): 571.437, ('gust', 'final'): 571.501, ('gust', 'pack'): 571.519, ('gust', 'd2h'): 571.534, ('merge', 'start'): 571.672, ('merge', 'h2d'): 571.737, ('merge', 'count'): 571.758, ('merge', 'scan'): 571.8, ('merge', 'expand'): 571.889, ('merge', 'merge'): 572.224, ('merge', 'final'): 572.266, ('merge', 'compact'): 572.295, ('merge', 'pack'): 572.311, ('merge', 'd2h'): 572.326, ('mrg2', 'start'): 572.465, ('mrg2', 'h2d'): 572.531, ('mrg2', 'count'): 572.552, ('mrg2', 'scan'): 572.586, ('mrg2', 'merge'): 572.668, ('mrg2', 'final'): 572.702, ('mrg2', 'compact'): 572.729, ('mrg2', 'pack'): 572.75, ('mrg2', 'd2h'): 572.766, ('mrg3', 'start'): 572.863, ('mrg3', 'h2d'): 572.929, ('mrg3', 'count'): 572.975, ('mrg3', 'scan'): 573.027, ('mrg3', 'merge'): 573.09, ('mrg3', 'pack'): 573.107, ('mrg3', 'd2h'): 573.123, ('mrg6', 'start'): 573.21, ('mrg6', 'h2d'): 573.275, ('mrg6', 'mean_numk'): 573.28, ('mrg6', 'scan'): 573.329, ('mrg6', 'classify'): 573.338, ('mrg6', 'light'): 573.413, ('mrg6', 'compact'): 573.462, ('mrg6', 'pack'): 573.479, ('mrg6', 'd2h'): 573.495, ('mrg7', 'start'): 573.587, ('mrg7', 'h2d'): 573.652, ('mrg7', 'mean_numk'): 573.657, ('mrg7', 'scan'): 573.705, ('mrg7', 'classify'): 573.711, ('mrg7', 'light'): 573.784, ('mrg7', 'compact'): 573.834, ('mrg7', 'pack'): 573.853, ('mrg7', 'd2h'): 573.869}",0.0459860311821103,0.2656064003938809
Mildly sparse,bcsstk07,420,7860,4.45578231292517,23660,23660,23660,23660,23660,23660,23660,0.0,,0.05299999999999727,0.23700000000008004,0.053999999999973625,0.09800000000007003,0.34400000000005093,0.596,,,,,0.738,0.781,0.377,0.347,0.372,0.376,,0.36099999999999,0.5159999999999627,0.5679999999999836,0.21299999999996544,0.18600000000003547,0.20500000000004093,0.21000000000003638,"{('cu', 'start'): 581.326, ('cu', 'h2dmalloc'): 581.38, ('cu', 'h2d'): 581.396, ('cu', 'workest'): 581.449, ('cu', 'compute'): 581.686, ('cu', 'copy'): 581.74, ('cu', 'pack'): 581.757, ('cu', 'd2h'): 581.855, ('gust', 'start'): 581.929, ('gust', 'h2d'): 581.996, ('gust', 'count'): 582.017, ('gust', 'scan'): 582.052, ('gust', 'expand'): 582.088, ('gust', 'sort'): 582.329, ('gust', 'reduce'): 582.429, ('gust', 'final'): 582.493, ('gust', 'pack'): 582.512, ('gust', 'd2h'): 582.527, ('merge', 'start'): 582.672, ('merge', 'h2d'): 582.737, ('merge', 'count'): 582.765, ('merge', 'scan'): 582.801, ('merge', 'expand'): 582.887, ('merge', 'merge'): 583.22, ('merge', 'final'): 583.261, ('merge', 'compact'): 583.29, ('merge', 'pack'): 583.305, ('merge', 'd2h'): 583.321, ('mrg2', 'start'): 583.459, ('mrg2', 'h2d'): 583.523, ('mrg2', 'count'): 583.55, ('mrg2', 'scan'): 583.584, ('mrg2', 'merge'): 583.661, ('mrg2', 'final'): 583.696, ('mrg2', 'compact'): 583.72, ('mrg2', 'pack'): 583.736, ('mrg2', 'd2h'): 583.752, ('mrg3', 'start'): 583.84, ('mrg3', 'h2d'): 583.905, ('mrg3', 'count'): 583.962, ('mrg3', 'scan'): 584.007, ('mrg3', 'merge'): 584.074, ('mrg3', 'pack'): 584.091, ('mrg3', 'd2h'): 584.106, ('mrg6', 'start'): 584.193, ('mrg6', 'h2d'): 584.257, ('mrg6', 'mean_numk'): 584.265, ('mrg6', 'scan'): 584.314, ('mrg6', 'classify'): 584.323, ('mrg6', 'light'): 584.398, ('mrg6', 'compact'): 584.445, ('mrg6', 'pack'): 584.462, ('mrg6', 'd2h'): 584.478, ('mrg7', 'start'): 584.57, ('mrg7', 'h2d'): 584.635, ('mrg7', 'mean_numk'): 584.643, ('mrg7', 'scan'): 584.7, ('mrg7', 'classify'): 584.705, ('mrg7', 'light'): 584.779, ('mrg7', 'compact'): 584.825, ('mrg7', 'pack'): 584.845, ('mrg7', 'd2h'): 584.861}",0.0511319376528263,0.2666560008889064
Mildly sparse,can_256,256,2916,4.449462890625,18568,18568,18568,18568,18568,18568,18568,0.0,,0.05199999999990723,0.16200000000003456,0.05000000000006821,0.03199999999992542,0.26400000000001,0.445,,,,,0.498,1.996,0.509,0.376,0.509,0.496,,0.2799999999999727,0.34199999999998454,1.8410000000000082,0.35599999999999454,0.22499999999990905,0.3509999999999991,0.34399999999993724,"{('cu', 'start'): 586.908, ('cu', 'h2dmalloc'): 586.957, ('cu', 'h2d'): 586.974, ('cu', 'workest'): 587.026, ('cu', 'compute'): 587.188, ('cu', 'copy'): 587.238, ('cu', 'pack'): 587.254, ('cu', 'd2h'): 587.286, ('gust', 'start'): 587.36, ('gust', 'h2d'): 587.423, ('gust', 'count'): 587.451, ('gust', 'scan'): 587.487, ('gust', 'expand'): 587.523, ('gust', 'sort'): 587.651, ('gust', 'reduce'): 587.69, ('gust', 'final'): 587.748, ('gust', 'pack'): 587.765, ('gust', 'd2h'): 587.778, ('merge', 'start'): 587.864, ('merge', 'h2d'): 587.931, ('merge', 'count'): 587.954, ('merge', 'scan'): 587.985, ('merge', 'expand'): 588.111, ('merge', 'merge'): 589.698, ('merge', 'final'): 589.735, ('merge', 'compact'): 589.757, ('merge', 'pack'): 589.772, ('merge', 'd2h'): 589.787, ('mrg2', 'start'): 589.866, ('mrg2', 'h2d'): 589.93, ('mrg2', 'count'): 589.958, ('mrg2', 'scan'): 589.989, ('mrg2', 'merge'): 590.217, ('mrg2', 'final'): 590.246, ('mrg2', 'compact'): 590.27, ('mrg2', 'pack'): 590.286, ('mrg2', 'd2h'): 590.3, ('mrg3', 'start'): 590.38, ('mrg3', 'h2d'): 590.445, ('mrg3', 'count'): 590.519, ('mrg3', 'scan'): 590.563, ('mrg3', 'merge'): 590.654, ('mrg3', 'pack'): 590.67, ('mrg3', 'd2h'): 590.684, ('mrg6', 'start'): 590.762, ('mrg6', 'h2d'): 590.826, ('mrg6', 'mean_numk'): 590.834, ('mrg6', 'scan'): 590.881, ('mrg6', 'classify'): 590.886, ('mrg6', 'light'): 591.115, ('mrg6', 'compact'): 591.158, ('mrg6', 'pack'): 591.177, ('mrg6', 'd2h'): 591.19, ('mrg7', 'start'): 591.276, ('mrg7', 'h2d'): 591.339, ('mrg7', 'mean_numk'): 591.349, ('mrg7', 'scan'): 591.396, ('mrg7', 'classify'): 591.401, ('mrg7', 'light'): 591.625, ('mrg7', 'compact'): 591.666, ('mrg7', 'pack'): 591.683, ('mrg7', 'd2h'): 591.697}",0.0473749823868274,0.2756832015234977
Mildly sparse,can_268,268,3082,4.291044776119403,15590,15590,15590,15590,15590,15590,15590,0.0,,0.05200000000002092,0.15999999999996817,0.04800000000000182,0.027000000000043656,0.2599999999999909,0.433,,,,,0.472,0.816,0.399,0.323,0.389,0.388,,0.2759999999999536,0.32200000000000273,0.6639999999999873,0.25099999999997635,0.17799999999999727,0.24099999999998545,0.23900000000003274,"{('cu', 'start'): 577.272, ('cu', 'h2dmalloc'): 577.322, ('cu', 'h2d'): 577.336, ('cu', 'workest'): 577.388, ('cu', 'compute'): 577.548, ('cu', 'copy'): 577.596, ('cu', 'pack'): 577.612, ('cu', 'd2h'): 577.639, ('gust', 'start'): 577.711, ('gust', 'h2d'): 577.773, ('gust', 'count'): 577.794, ('gust', 'scan'): 577.827, ('gust', 'expand'): 577.861, ('gust', 'sort'): 577.985, ('gust', 'reduce'): 578.022, ('gust', 'final'): 578.079, ('gust', 'pack'): 578.095, ('gust', 'd2h'): 578.108, ('merge', 'start'): 578.189, ('merge', 'h2d'): 578.254, ('merge', 'count'): 578.275, ('merge', 'scan'): 578.307, ('merge', 'expand'): 578.379, ('merge', 'merge'): 578.846, ('merge', 'final'): 578.881, ('merge', 'compact'): 578.904, ('merge', 'pack'): 578.918, ('merge', 'd2h'): 578.932, ('mrg2', 'start'): 579.01, ('mrg2', 'h2d'): 579.071, ('mrg2', 'count'): 579.093, ('mrg2', 'scan'): 579.125, ('mrg2', 'merge'): 579.253, ('mrg2', 'final'): 579.284, ('mrg2', 'compact'): 579.306, ('mrg2', 'pack'): 579.322, ('mrg2', 'd2h'): 579.335, ('mrg3', 'start'): 579.414, ('mrg3', 'h2d'): 579.474, ('mrg3', 'count'): 579.523, ('mrg3', 'scan'): 579.573, ('mrg3', 'merge'): 579.636, ('mrg3', 'pack'): 579.652, ('mrg3', 'd2h'): 579.664, ('mrg6', 'start'): 579.743, ('mrg6', 'h2d'): 579.802, ('mrg6', 'mean_numk'): 579.807, ('mrg6', 'scan'): 579.852, ('mrg6', 'classify'): 579.856, ('mrg6', 'light'): 579.983, ('mrg6', 'compact'): 580.027, ('mrg6', 'pack'): 580.043, ('mrg6', 'd2h'): 580.055, ('mrg7', 'start'): 580.137, ('mrg7', 'h2d'): 580.197, ('mrg7', 'mean_numk'): 580.201, ('mrg7', 'scan'): 580.245, ('mrg7', 'classify'): 580.253, ('mrg7', 'light'): 580.375, ('mrg7', 'compact'): 580.417, ('mrg7', 'pack'): 580.436, ('mrg7', 'd2h'): 580.449}",0.0446490012109279,0.2753920003073289
Mildly sparse,can_187,187,1491,4.26377648774629,3719,3719,3719,3719,3719,3719,3719,0.0,,0.05099999999993088,0.14999999999997726,0.05200000000002092,0.025999999999953616,0.25299999999992906,0.425,,,,,0.428,0.349,0.312,0.261,0.31,0.294,,0.26900000000000546,0.2819999999999254,0.2039999999999509,0.16699999999991633,0.1169999999999618,0.15999999999996817,0.14800000000002456,"{('cu', 'start'): 579.905, ('cu', 'h2dmalloc'): 579.955, ('cu', 'h2d'): 579.969, ('cu', 'workest'): 580.02, ('cu', 'compute'): 580.17, ('cu', 'copy'): 580.222, ('cu', 'pack'): 580.238, ('cu', 'd2h'): 580.264, ('gust', 'start'): 580.337, ('gust', 'h2d'): 580.398, ('gust', 'count'): 580.418, ('gust', 'scan'): 580.45, ('gust', 'expand'): 580.471, ('gust', 'sort'): 580.579, ('gust', 'reduce'): 580.616, ('gust', 'final'): 580.664, ('gust', 'pack'): 580.68, ('gust', 'd2h'): 580.691, ('merge', 'start'): 580.771, ('merge', 'h2d'): 580.832, ('merge', 'count'): 580.853, ('merge', 'scan'): 580.885, ('merge', 'expand'): 580.913, ('merge', 'merge'): 580.963, ('merge', 'final'): 580.998, ('merge', 'compact'): 581.02, ('merge', 'pack'): 581.036, ('merge', 'd2h'): 581.046, ('mrg2', 'start'): 581.125, ('mrg2', 'h2d'): 581.186, ('mrg2', 'count'): 581.216, ('mrg2', 'scan'): 581.249, ('mrg2', 'merge'): 581.287, ('mrg2', 'final'): 581.317, ('mrg2', 'compact'): 581.339, ('mrg2', 'pack'): 581.353, ('mrg2', 'd2h'): 581.363, ('mrg3', 'start'): 581.443, ('mrg3', 'h2d'): 581.504, ('mrg3', 'count'): 581.535, ('mrg3', 'scan'): 581.58, ('mrg3', 'merge'): 581.607, ('mrg3', 'pack'): 581.621, ('mrg3', 'd2h'): 581.631, ('mrg6', 'start'): 581.709, ('mrg6', 'h2d'): 581.77, ('mrg6', 'mean_numk'): 581.781, ('mrg6', 'scan'): 581.824, ('mrg6', 'classify'): 581.828, ('mrg6', 'light'): 581.868, ('mrg6', 'compact'): 581.91, ('mrg6', 'pack'): 581.93, ('mrg6', 'd2h'): 581.94, ('mrg7', 'start'): 582.024, ('mrg7', 'h2d'): 582.084, ('mrg7', 'mean_numk'): 582.089, ('mrg7', 'scan'): 582.133, ('mrg7', 'classify'): 582.137, ('mrg7', 'light'): 582.172, ('mrg7', 'compact'): 582.217, ('mrg7', 'pack'): 582.232, ('mrg7', 'd2h'): 582.242}",0.037516001611948,0.2495392002863809
Mildly sparse,bcsstm07,420,7252,4.111111111111112,22972,22972,22972,22972,22972,22972,22972,0.0,,0.049999999999954525,0.22500000000002274,0.053999999999973625,0.08999999999991815,0.3289999999999509,0.561,,,,,0.679,0.718,0.346,0.319,0.35,0.337,,0.3450000000000273,0.47099999999988995,0.5670000000000073,0.19200000000000728,0.16800000000000637,0.19500000000005002,0.18399999999996908,"{('cu', 'start'): 584.06, ('cu', 'h2dmalloc'): 584.11, ('cu', 'h2d'): 584.125, ('cu', 'workest'): 584.175, ('cu', 'compute'): 584.4, ('cu', 'copy'): 584.454, ('cu', 'pack'): 584.47, ('cu', 'd2h'): 584.56, ('gust', 'start'): 584.628, ('gust', 'h2d'): 584.69, ('gust', 'count'): 584.711, ('gust', 'scan'): 584.743, ('gust', 'expand'): 584.772, ('gust', 'sort'): 584.999, ('gust', 'reduce'): 585.089, ('gust', 'final'): 585.144, ('gust', 'pack'): 585.161, ('gust', 'd2h'): 585.177, ('merge', 'start'): 585.312, ('merge', 'h2d'): 585.374, ('merge', 'count'): 585.396, ('merge', 'scan'): 585.428, ('merge', 'expand'): 585.508, ('merge', 'merge'): 585.808, ('merge', 'final'): 585.846, ('merge', 'compact'): 585.922, ('merge', 'pack'): 585.941, ('merge', 'd2h'): 585.956, ('mrg2', 'start'): 586.035, ('mrg2', 'h2d'): 586.095, ('mrg2', 'count'): 586.115, ('mrg2', 'scan'): 586.147, ('mrg2', 'merge'): 586.219, ('mrg2', 'final'): 586.25, ('mrg2', 'compact'): 586.272, ('mrg2', 'pack'): 586.287, ('mrg2', 'd2h'): 586.306, ('mrg3', 'start'): 586.386, ('mrg3', 'h2d'): 586.447, ('mrg3', 'count'): 586.494, ('mrg3', 'scan'): 586.54, ('mrg3', 'merge'): 586.599, ('mrg3', 'pack'): 586.615, ('mrg3', 'd2h'): 586.631, ('mrg6', 'start'): 586.71, ('mrg6', 'h2d'): 586.771, ('mrg6', 'mean_numk'): 586.777, ('mrg6', 'scan'): 586.822, ('mrg6', 'classify'): 586.835, ('mrg6', 'light'): 586.907, ('mrg6', 'compact'): 586.95, ('mrg6', 'pack'): 586.966, ('mrg6', 'd2h'): 586.981, ('mrg7', 'start'): 587.065, ('mrg7', 'h2d'): 587.126, ('mrg7', 'mean_numk'): 587.132, ('mrg7', 'scan'): 587.176, ('mrg7', 'classify'): 587.18, ('mrg7', 'light'): 587.25, ('mrg7', 'compact'): 587.293, ('mrg7', 'pack'): 587.31, ('mrg7', 'd2h'): 587.325}",0.0602150103077292,0.2610431996174157
Mildly sparse,bcsstk27,1224,56126,3.7462888205391085,138106,138106,138106,138106,138106,138106,138106,0.0,,0.05299999999999727,0.4479999999999791,0.10400000000004184,0.14999999999997726,0.6050000000000182,0.999,,,,,1.546,2.223,0.838,0.696,0.842,0.832,,0.6219999999999573,1.2450000000000045,1.9379999999999882,0.5579999999999927,0.41000000000008185,0.4379999999999882,0.4339999999999691,"{('cu', 'start'): 610.319, ('cu', 'h2dmalloc'): 610.385, ('cu', 'h2d'): 610.417, ('cu', 'workest'): 610.47, ('cu', 'compute'): 610.918, ('cu', 'copy'): 611.022, ('cu', 'pack'): 611.039, ('cu', 'd2h'): 611.189, ('gust', 'start'): 611.324, ('gust', 'h2d'): 611.432, ('gust', 'count'): 611.455, ('gust', 'scan'): 611.491, ('gust', 'expand'): 611.636, ('gust', 'sort'): 612.157, ('gust', 'reduce'): 612.314, ('gust', 'final'): 612.606, ('gust', 'pack'): 612.677, ('gust', 'd2h'): 612.736, ('merge', 'start'): 612.877, ('merge', 'h2d'): 612.973, ('merge', 'count'): 613.0, ('merge', 'scan'): 613.034, ('merge', 'expand'): 613.416, ('merge', 'merge'): 614.55, ('merge', 'final'): 614.702, ('merge', 'compact'): 614.842, ('merge', 'pack'): 614.911, ('merge', 'd2h'): 614.97, ('mrg2', 'start'): 615.106, ('mrg2', 'h2d'): 615.2, ('mrg2', 'count'): 615.223, ('mrg2', 'scan'): 615.256, ('mrg2', 'merge'): 615.528, ('mrg2', 'final'): 615.563, ('mrg2', 'compact'): 615.692, ('mrg2', 'pack'): 615.758, ('mrg2', 'd2h'): 615.815, ('mrg3', 'start'): 615.95, ('mrg3', 'h2d'): 616.045, ('mrg3', 'count'): 616.164, ('mrg3', 'scan'): 616.213, ('mrg3', 'merge'): 616.389, ('mrg3', 'pack'): 616.455, ('mrg3', 'd2h'): 616.514, ('mrg6', 'start'): 616.651, ('mrg6', 'h2d'): 616.745, ('mrg6', 'mean_numk'): 616.749, ('mrg6', 'scan'): 616.803, ('mrg6', 'classify'): 616.808, ('mrg6', 'light'): 617.071, ('mrg6', 'compact'): 617.121, ('mrg6', 'pack'): 617.183, ('mrg6', 'd2h'): 617.24, ('mrg7', 'start'): 617.499, ('mrg7', 'h2d'): 617.594, ('mrg7', 'mean_numk'): 617.598, ('mrg7', 'scan'): 617.647, ('mrg7', 'classify'): 617.652, ('mrg7', 'light'): 617.915, ('mrg7', 'compact'): 617.965, ('mrg7', 'pack'): 618.028, ('mrg7', 'd2h'): 618.09}",0.1608600141480565,0.413475199160166
Mildly sparse,bcsstm27,1224,56126,3.7462888205391085,138106,138106,138106,138106,138106,138106,138106,0.0,,0.053999999999973625,0.44899999999995543,0.10500000000001819,0.15599999999994907,0.6079999999999472,0.978,,,,,1.523,2.207,0.812,0.679,0.809,0.804,,0.6259999999999764,1.2480000000000473,1.941000000000031,0.5489999999999782,0.4199999999999591,0.4410000000000309,0.4339999999999691,"{('cu', 'start'): 606.181, ('cu', 'h2dmalloc'): 606.231, ('cu', 'h2d'): 606.263, ('cu', 'workest'): 606.317, ('cu', 'compute'): 606.766, ('cu', 'copy'): 606.871, ('cu', 'pack'): 606.889, ('cu', 'd2h'): 607.045, ('gust', 'start'): 607.165, ('gust', 'h2d'): 607.255, ('gust', 'count'): 607.279, ('gust', 'scan'): 607.313, ('gust', 'expand'): 607.454, ('gust', 'sort'): 607.987, ('gust', 'reduce'): 608.144, ('gust', 'final'): 608.433, ('gust', 'pack'): 608.503, ('gust', 'd2h'): 608.564, ('merge', 'start'): 608.696, ('merge', 'h2d'): 608.774, ('merge', 'count'): 608.799, ('merge', 'scan'): 608.832, ('merge', 'expand'): 609.21, ('merge', 'merge'): 610.365, ('merge', 'final'): 610.515, ('merge', 'compact'): 610.647, ('merge', 'pack'): 610.715, ('merge', 'd2h'): 610.779, ('mrg2', 'start'): 610.907, ('mrg2', 'h2d'): 610.989, ('mrg2', 'count'): 611.013, ('mrg2', 'scan'): 611.047, ('mrg2', 'merge'): 611.314, ('mrg2', 'final'): 611.347, ('mrg2', 'compact'): 611.473, ('mrg2', 'pack'): 611.538, ('mrg2', 'd2h'): 611.598, ('mrg3', 'start'): 611.725, ('mrg3', 'h2d'): 611.802, ('mrg3', 'count'): 611.928, ('mrg3', 'scan'): 611.979, ('mrg3', 'merge'): 612.157, ('mrg3', 'pack'): 612.222, ('mrg3', 'd2h'): 612.282, ('mrg6', 'start'): 612.41, ('mrg6', 'h2d'): 612.486, ('mrg6', 'mean_numk'): 612.491, ('mrg6', 'scan'): 612.545, ('mrg6', 'classify'): 612.551, ('mrg6', 'light'): 612.814, ('mrg6', 'compact'): 612.863, ('mrg6', 'pack'): 612.927, ('mrg6', 'd2h'): 612.988, ('mrg7', 'start'): 613.225, ('mrg7', 'h2d'): 613.303, ('mrg7', 'mean_numk'): 613.309, ('mrg7', 'scan'): 613.36, ('mrg7', 'classify'): 613.365, ('mrg7', 'light'): 613.627, ('mrg7', 'compact'): 613.675, ('mrg7', 'pack'): 613.737, ('mrg7', 'd2h'): 613.796}",0.1620010007172823,0.5366688014706597
Mildly sparse,bcsstk22,138,696,3.6546943919344677,1552,1552,1552,1552,1552,1552,1552,0.0,,0.049999999999954525,0.14600000000007185,0.04699999999991178,0.02400000000000091,0.24299999999993815,0.407,,,,,0.421,0.335,0.284,0.249,0.296,0.276,,0.25900000000001455,0.28099999999994907,0.19299999999998363,0.1490000000000009,0.11300000000005639,0.15600000000006276,0.13999999999998636,"{('cu', 'start'): 589.757, ('cu', 'h2dmalloc'): 589.808, ('cu', 'h2d'): 589.821, ('cu', 'workest'): 589.871, ('cu', 'compute'): 590.017, ('cu', 'copy'): 590.064, ('cu', 'pack'): 590.08, ('cu', 'd2h'): 590.104, ('gust', 'start'): 590.172, ('gust', 'h2d'): 590.234, ('gust', 'count'): 590.253, ('gust', 'scan'): 590.286, ('gust', 'expand'): 590.307, ('gust', 'sort'): 590.412, ('gust', 'reduce'): 590.449, ('gust', 'final'): 590.499, ('gust', 'pack'): 590.515, ('gust', 'd2h'): 590.524, ('merge', 'start'): 590.599, ('merge', 'h2d'): 590.665, ('merge', 'count'): 590.684, ('merge', 'scan'): 590.716, ('merge', 'expand'): 590.742, ('merge', 'merge'): 590.782, ('merge', 'final'): 590.817, ('merge', 'compact'): 590.844, ('merge', 'pack'): 590.858, ('merge', 'd2h'): 590.867, ('mrg2', 'start'): 590.939, ('mrg2', 'h2d'): 590.997, ('mrg2', 'count'): 591.016, ('mrg2', 'scan'): 591.046, ('mrg2', 'merge'): 591.08, ('mrg2', 'final'): 591.109, ('mrg2', 'compact'): 591.131, ('mrg2', 'pack'): 591.146, ('mrg2', 'd2h'): 591.155, ('mrg3', 'start'): 591.229, ('mrg3', 'h2d'): 591.286, ('mrg3', 'count'): 591.312, ('mrg3', 'scan'): 591.355, ('mrg3', 'merge'): 591.385, ('mrg3', 'pack'): 591.399, ('mrg3', 'd2h'): 591.408, ('mrg6', 'start'): 591.482, ('mrg6', 'h2d'): 591.54, ('mrg6', 'mean_numk'): 591.544, ('mrg6', 'scan'): 591.587, ('mrg6', 'classify'): 591.595, ('mrg6', 'light'): 591.638, ('mrg6', 'compact'): 591.68, ('mrg6', 'pack'): 591.696, ('mrg6', 'd2h'): 591.705, ('mrg7', 'start'): 591.783, ('mrg7', 'h2d'): 591.841, ('mrg7', 'mean_numk'): 591.85, ('mrg7', 'scan'): 591.891, ('mrg7', 'classify'): 591.896, ('mrg7', 'light'): 591.926, ('mrg7', 'compact'): 591.966, ('mrg7', 'pack'): 591.981, ('mrg7', 'd2h'): 591.99}",0.0214329920709133,0.169747200421989
Mildly sparse,bcspwr03,118,476,3.418557885665039,1270,1270,1270,1270,1270,1270,1270,0.0,,0.051000000000044565,0.15299999999990632,0.04600000000004911,0.021999999999934516,0.25,0.42,,,,,0.371,0.363,0.302,0.259,0.294,0.291,,0.2680000000000291,0.22800000000006548,0.21199999999998909,0.1610000000000582,0.12200000000007094,0.15600000000006276,0.15300000000002,"{('cu', 'start'): 586.73, ('cu', 'h2dmalloc'): 586.78, ('cu', 'h2d'): 586.793, ('cu', 'workest'): 586.844, ('cu', 'compute'): 586.997, ('cu', 'copy'): 587.043, ('cu', 'pack'): 587.061, ('cu', 'd2h'): 587.083, ('gust', 'start'): 587.159, ('gust', 'h2d'): 587.223, ('gust', 'count'): 587.242, ('gust', 'scan'): 587.275, ('gust', 'expand'): 587.302, ('gust', 'sort'): 587.346, ('gust', 'reduce'): 587.382, ('gust', 'final'): 587.435, ('gust', 'pack'): 587.451, ('gust', 'd2h'): 587.46, ('merge', 'start'): 587.536, ('merge', 'h2d'): 587.596, ('merge', 'count'): 587.62, ('merge', 'scan'): 587.651, ('merge', 'expand'): 587.679, ('merge', 'merge'): 587.734, ('merge', 'final'): 587.769, ('merge', 'compact'): 587.792, ('merge', 'pack'): 587.808, ('merge', 'd2h'): 587.817, ('mrg2', 'start'): 587.907, ('mrg2', 'h2d'): 587.968, ('mrg2', 'count'): 587.988, ('mrg2', 'scan'): 588.019, ('mrg2', 'merge'): 588.062, ('mrg2', 'final'): 588.092, ('mrg2', 'compact'): 588.115, ('mrg2', 'pack'): 588.129, ('mrg2', 'd2h'): 588.139, ('mrg3', 'start'): 588.214, ('mrg3', 'h2d'): 588.271, ('mrg3', 'count'): 588.3, ('mrg3', 'scan'): 588.344, ('mrg3', 'merge'): 588.377, ('mrg3', 'pack'): 588.393, ('mrg3', 'd2h'): 588.402, ('mrg6', 'start'): 588.477, ('mrg6', 'h2d'): 588.535, ('mrg6', 'mean_numk'): 588.54, ('mrg6', 'scan'): 588.584, ('mrg6', 'classify'): 588.59, ('mrg6', 'light'): 588.631, ('mrg6', 'compact'): 588.674, ('mrg6', 'pack'): 588.691, ('mrg6', 'd2h'): 588.7, ('mrg7', 'start'): 588.776, ('mrg7', 'h2d'): 588.835, ('mrg7', 'mean_numk'): 588.84, ('mrg7', 'scan'): 588.89, ('mrg7', 'classify'): 588.895, ('mrg7', 'light'): 588.93, ('mrg7', 'compact'): 588.971, ('mrg7', 'pack'): 588.988, ('mrg7', 'd2h'): 588.997}",0.0405800528824329,0.1719456000020727
Mildly sparse,can_229,229,1777,3.388570012013501,5017,5017,5017,5017,5017,5017,5017,0.0,,0.05200000000002092,0.1490000000000009,0.04800000000000182,0.02400000000000091,0.24900000000002365,0.422,,,,,0.444,0.399,0.33,0.308,0.326,0.319,,0.26500000000010004,0.29500000000007276,0.2559999999999718,0.17300000000000182,0.1610000000000582,0.17799999999999727,0.16399999999998727,"{('cu', 'start'): 581.609, ('cu', 'h2dmalloc'): 581.659, ('cu', 'h2d'): 581.675, ('cu', 'workest'): 581.727, ('cu', 'compute'): 581.876, ('cu', 'copy'): 581.924, ('cu', 'pack'): 581.94, ('cu', 'd2h'): 581.964, ('gust', 'start'): 582.038, ('gust', 'h2d'): 582.102, ('gust', 'count'): 582.122, ('gust', 'scan'): 582.16, ('gust', 'expand'): 582.182, ('gust', 'sort'): 582.293, ('gust', 'reduce'): 582.33, ('gust', 'final'): 582.38, ('gust', 'pack'): 582.397, ('gust', 'd2h'): 582.407, ('merge', 'start'): 582.487, ('merge', 'h2d'): 582.549, ('merge', 'count'): 582.575, ('merge', 'scan'): 582.606, ('merge', 'expand'): 582.636, ('merge', 'merge'): 582.733, ('merge', 'final'): 582.767, ('merge', 'compact'): 582.79, ('merge', 'pack'): 582.805, ('merge', 'd2h'): 582.815, ('mrg2', 'start'): 582.891, ('mrg2', 'h2d'): 582.952, ('mrg2', 'count'): 582.972, ('mrg2', 'scan'): 583.003, ('mrg2', 'merge'): 583.055, ('mrg2', 'final'): 583.089, ('mrg2', 'compact'): 583.109, ('mrg2', 'pack'): 583.125, ('mrg2', 'd2h'): 583.136, ('mrg3', 'start'): 583.226, ('mrg3', 'h2d'): 583.29, ('mrg3', 'count'): 583.334, ('mrg3', 'scan'): 583.381, ('mrg3', 'merge'): 583.431, ('mrg3', 'pack'): 583.451, ('mrg3', 'd2h'): 583.461, ('mrg6', 'start'): 583.539, ('mrg6', 'h2d'): 583.601, ('mrg6', 'mean_numk'): 583.611, ('mrg6', 'scan'): 583.655, ('mrg6', 'classify'): 583.663, ('mrg6', 'light'): 583.717, ('mrg6', 'compact'): 583.76, ('mrg6', 'pack'): 583.779, ('mrg6', 'd2h'): 583.789, ('mrg7', 'start'): 583.87, ('mrg7', 'h2d'): 583.933, ('mrg7', 'mean_numk'): 583.943, ('mrg7', 'scan'): 583.987, ('mrg7', 'classify'): 583.991, ('mrg7', 'light'): 584.04, ('mrg7', 'compact'): 584.082, ('mrg7', 'pack'): 584.097, ('mrg7', 'd2h'): 584.107}",0.0428929924964904,0.3003872002940624
Mildly sparse,can_292,292,2540,2.9789829236254457,11670,11670,11670,11670,11670,11670,11670,0.0,,0.053999999999973625,0.16899999999998272,0.05000000000006821,0.027000000000043656,0.27300000000002456,0.462,,,,,0.483,0.659,0.364,0.3,0.362,0.352,,0.28899999999998727,0.32000000000005,0.5,0.20699999999999363,0.1449999999999818,0.20199999999999818,0.19299999999998363,"{('cu', 'start'): 573.603, ('cu', 'h2dmalloc'): 573.654, ('cu', 'h2d'): 573.673, ('cu', 'workest'): 573.727, ('cu', 'compute'): 573.896, ('cu', 'copy'): 573.946, ('cu', 'pack'): 573.962, ('cu', 'd2h'): 573.989, ('gust', 'start'): 574.071, ('gust', 'h2d'): 574.141, ('gust', 'count'): 574.164, ('gust', 'scan'): 574.2, ('gust', 'expand'): 574.227, ('gust', 'sort'): 574.35, ('gust', 'reduce'): 574.388, ('gust', 'final'): 574.444, ('gust', 'pack'): 574.461, ('gust', 'd2h'): 574.474, ('merge', 'start'): 574.56, ('merge', 'h2d'): 574.626, ('merge', 'count'): 574.648, ('merge', 'scan'): 574.683, ('merge', 'expand'): 574.743, ('merge', 'merge'): 575.049, ('merge', 'final'): 575.087, ('merge', 'compact'): 575.11, ('merge', 'pack'): 575.126, ('merge', 'd2h'): 575.139, ('mrg2', 'start'): 575.224, ('mrg2', 'h2d'): 575.291, ('mrg2', 'count'): 575.313, ('mrg2', 'scan'): 575.346, ('mrg2', 'merge'): 575.428, ('mrg2', 'final'): 575.459, ('mrg2', 'compact'): 575.481, ('mrg2', 'pack'): 575.498, ('mrg2', 'd2h'): 575.511, ('mrg3', 'start'): 575.594, ('mrg3', 'h2d'): 575.658, ('mrg3', 'count'): 575.696, ('mrg3', 'scan'): 575.743, ('mrg3', 'merge'): 575.787, ('mrg3', 'pack'): 575.803, ('mrg3', 'd2h'): 575.816, ('mrg6', 'start'): 575.899, ('mrg6', 'h2d'): 575.964, ('mrg6', 'mean_numk'): 575.969, ('mrg6', 'scan'): 576.015, ('mrg6', 'classify'): 576.02, ('mrg6', 'light'): 576.104, ('mrg6', 'compact'): 576.149, ('mrg6', 'pack'): 576.166, ('mrg6', 'd2h'): 576.179, ('mrg7', 'start'): 576.266, ('mrg7', 'h2d'): 576.332, ('mrg7', 'mean_numk'): 576.337, ('mrg7', 'scan'): 576.383, ('mrg7', 'classify'): 576.388, ('mrg7', 'light'): 576.467, ('mrg7', 'compact'): 576.509, ('mrg7', 'pack'): 576.525, ('mrg7', 'd2h'): 576.54}",0.0477309804409742,0.2638720005750656
Mildly sparse,ash292,292,2208,2.589604053293301,6042,6042,6042,6042,6042,6042,6042,0.0,,0.05099999999993088,0.15200000000004366,0.049999999999954525,0.025999999999953616,0.25299999999992906,0.427,,,,,0.448,0.383,0.306,0.286,0.305,0.296,,0.2680000000000291,0.2939999999999827,0.2340000000000373,0.15999999999996817,0.1410000000000764,0.15800000000001546,0.14999999999997726,"{('cu', 'start'): 572.188, ('cu', 'h2dmalloc'): 572.238, ('cu', 'h2d'): 572.254, ('cu', 'workest'): 572.305, ('cu', 'compute'): 572.457, ('cu', 'copy'): 572.507, ('cu', 'pack'): 572.522, ('cu', 'd2h'): 572.548, ('gust', 'start'): 572.622, ('gust', 'h2d'): 572.688, ('gust', 'count'): 572.707, ('gust', 'scan'): 572.74, ('gust', 'expand'): 572.764, ('gust', 'sort'): 572.872, ('gust', 'reduce'): 572.914, ('gust', 'final'): 572.965, ('gust', 'pack'): 572.982, ('gust', 'd2h'): 572.992, ('merge', 'start'): 573.075, ('merge', 'h2d'): 573.139, ('merge', 'count'): 573.159, ('merge', 'scan'): 573.191, ('merge', 'expand'): 573.224, ('merge', 'merge'): 573.297, ('merge', 'final'): 573.332, ('merge', 'compact'): 573.358, ('merge', 'pack'): 573.373, ('merge', 'd2h'): 573.383, ('mrg2', 'start'): 573.463, ('mrg2', 'h2d'): 573.524, ('mrg2', 'count'): 573.544, ('mrg2', 'scan'): 573.575, ('mrg2', 'merge'): 573.617, ('mrg2', 'final'): 573.647, ('mrg2', 'compact'): 573.67, ('mrg2', 'pack'): 573.684, ('mrg2', 'd2h'): 573.695, ('mrg3', 'start'): 573.774, ('mrg3', 'h2d'): 573.834, ('mrg3', 'count'): 573.869, ('mrg3', 'scan'): 573.92, ('mrg3', 'merge'): 573.959, ('mrg3', 'pack'): 573.975, ('mrg3', 'd2h'): 573.986, ('mrg6', 'start'): 574.065, ('mrg6', 'h2d'): 574.126, ('mrg6', 'mean_numk'): 574.131, ('mrg6', 'scan'): 574.175, ('mrg6', 'classify'): 574.179, ('mrg6', 'light'): 574.225, ('mrg6', 'compact'): 574.268, ('mrg6', 'pack'): 574.284, ('mrg6', 'd2h'): 574.294, ('mrg7', 'start'): 574.376, ('mrg7', 'h2d'): 574.437, ('mrg7', 'mean_numk'): 574.442, ('mrg7', 'scan'): 574.485, ('mrg7', 'classify'): 574.489, ('mrg7', 'light'): 574.529, ('mrg7', 'compact'): 574.571, ('mrg7', 'pack'): 574.587, ('mrg7', 'd2h'): 574.597}",0.0474419211968779,0.1740063999313861
Mildly sparse,bcspwr04,274,1612,2.1471575470190207,4982,4982,4982,4982,4982,4982,4982,0.0,,0.05200000000002092,0.1490000000000009,0.04899999999997817,0.02400000000000091,0.25,0.416,,,,,0.441,0.403,0.313,0.265,0.317,0.306,,0.26700000000005275,0.29300000000000637,0.2619999999999436,0.16999999999995907,0.12599999999997635,0.17600000000004457,0.16300000000001091,"{('cu', 'start'): 577.505, ('cu', 'h2dmalloc'): 577.554, ('cu', 'h2d'): 577.569, ('cu', 'workest'): 577.621, ('cu', 'compute'): 577.77, ('cu', 'copy'): 577.819, ('cu', 'pack'): 577.836, ('cu', 'd2h'): 577.86, ('gust', 'start'): 577.927, ('gust', 'h2d'): 577.995, ('gust', 'count'): 578.016, ('gust', 'scan'): 578.048, ('gust', 'expand'): 578.073, ('gust', 'sort'): 578.18, ('gust', 'reduce'): 578.218, ('gust', 'final'): 578.271, ('gust', 'pack'): 578.288, ('gust', 'd2h'): 578.297, ('merge', 'start'): 578.375, ('merge', 'h2d'): 578.436, ('merge', 'count'): 578.457, ('merge', 'scan'): 578.487, ('merge', 'expand'): 578.526, ('merge', 'merge'): 578.624, ('merge', 'final'): 578.659, ('merge', 'compact'): 578.683, ('merge', 'pack'): 578.698, ('merge', 'd2h'): 578.708, ('mrg2', 'start'): 578.783, ('mrg2', 'h2d'): 578.844, ('mrg2', 'count'): 578.865, ('mrg2', 'scan'): 578.895, ('mrg2', 'merge'): 578.947, ('mrg2', 'final'): 578.977, ('mrg2', 'compact'): 578.998, ('mrg2', 'pack'): 579.014, ('mrg2', 'd2h'): 579.024, ('mrg3', 'start'): 579.103, ('mrg3', 'h2d'): 579.163, ('mrg3', 'count'): 579.196, ('mrg3', 'scan'): 579.239, ('mrg3', 'merge'): 579.271, ('mrg3', 'pack'): 579.289, ('mrg3', 'd2h'): 579.298, ('mrg6', 'start'): 579.374, ('mrg6', 'h2d'): 579.433, ('mrg6', 'mean_numk'): 579.443, ('mrg6', 'scan'): 579.486, ('mrg6', 'classify'): 579.492, ('mrg6', 'light'): 579.547, ('mrg6', 'compact'): 579.589, ('mrg6', 'pack'): 579.609, ('mrg6', 'd2h'): 579.618, ('mrg7', 'start'): 579.697, ('mrg7', 'h2d'): 579.757, ('mrg7', 'mean_numk'): 579.766, ('mrg7', 'scan'): 579.808, ('mrg7', 'classify'): 579.814, ('mrg7', 'light'): 579.862, ('mrg7', 'compact'): 579.904, ('mrg7', 'pack'): 579.92, ('mrg7', 'd2h'): 579.93}",0.026453984901309,0.176969600119628
Mildly sparse,bcsstk13,2003,83883,2.0907979019987244,396773,396773,396773,396773,396773,396773,396773,0.0,,0.05600000000004002,0.5489999999999782,0.15399999999999636,0.36000000000001364,0.7590000000000146,1.402,,,,,2.168,6.279,1.52,1.453,1.512,1.507,,0.8260000000000218,1.7039999999999509,5.81899999999996,1.05600000000004,0.9940000000000282,0.9370000000000118,0.9279999999999973,"{('cu', 'start'): 620.909, ('cu', 'h2dmalloc'): 620.96, ('cu', 'h2d'): 621.0, ('cu', 'workest'): 621.056, ('cu', 'compute'): 621.605, ('cu', 'copy'): 621.759, ('cu', 'pack'): 621.826, ('cu', 'd2h'): 622.186, ('gust', 'start'): 622.317, ('gust', 'h2d'): 622.403, ('gust', 'count'): 622.43, ('gust', 'scan'): 622.463, ('gust', 'expand'): 622.65, ('gust', 'sort'): 623.405, ('gust', 'reduce'): 623.594, ('gust', 'final'): 624.035, ('gust', 'pack'): 624.107, ('gust', 'd2h'): 624.261, ('merge', 'start'): 624.491, ('merge', 'h2d'): 624.577, ('merge', 'count'): 624.604, ('merge', 'scan'): 624.638, ('merge', 'expand'): 625.422, ('merge', 'merge'): 629.926, ('merge', 'final'): 630.093, ('merge', 'compact'): 630.324, ('merge', 'pack'): 630.396, ('merge', 'd2h'): 630.548, ('mrg2', 'start'): 630.775, ('mrg2', 'h2d'): 630.86, ('mrg2', 'count'): 630.887, ('mrg2', 'scan'): 630.921, ('mrg2', 'merge'): 631.585, ('mrg2', 'final'): 631.625, ('mrg2', 'compact'): 631.846, ('mrg2', 'pack'): 631.916, ('mrg2', 'd2h'): 632.069, ('mrg3', 'start'): 632.3, ('mrg3', 'h2d'): 632.386, ('mrg3', 'count'): 632.704, ('mrg3', 'scan'): 632.753, ('mrg3', 'merge'): 633.316, ('mrg3', 'pack'): 633.38, ('mrg3', 'd2h'): 633.533, ('mrg6', 'start'): 633.758, ('mrg6', 'h2d'): 633.842, ('mrg6', 'mean_numk'): 633.848, ('mrg6', 'scan'): 633.904, ('mrg6', 'classify'): 633.91, ('mrg6', 'light'): 634.566, ('mrg6', 'compact'): 634.711, ('mrg6', 'pack'): 634.779, ('mrg6', 'd2h'): 634.933, ('mrg7', 'start'): 635.275, ('mrg7', 'h2d'): 635.361, ('mrg7', 'mean_numk'): 635.367, ('mrg7', 'scan'): 635.42, ('mrg7', 'classify'): 635.425, ('mrg7', 'light'): 636.081, ('mrg7', 'compact'): 636.222, ('mrg7', 'pack'): 636.289, ('mrg7', 'd2h'): 636.443}",0.5375230684876442,0.5650687998160719
Mildly sparse,bcsstm01,48,48,2.083333333333333,48,48,48,48,48,48,48,0.0,,0.04200000000003001,0.1430000000000291,0.04499999999995907,0.02299999999991087,0.2300000000000182,0.396,,,,,0.358,0.306,0.275,0.235,0.278,0.269,,0.2460000000000946,0.21700000000009823,0.16199999999992087,0.1349999999999909,0.0949999999999136,0.1269999999999527,0.1269999999999527,"{('cu', 'start'): 573.469, ('cu', 'h2dmalloc'): 573.519, ('cu', 'h2d'): 573.531, ('cu', 'workest'): 573.573, ('cu', 'compute'): 573.716, ('cu', 'copy'): 573.761, ('cu', 'pack'): 573.777, ('cu', 'd2h'): 573.8, ('gust', 'start'): 573.871, ('gust', 'h2d'): 573.93, ('gust', 'count'): 573.949, ('gust', 'scan'): 573.982, ('gust', 'expand'): 574.002, ('gust', 'sort'): 574.045, ('gust', 'reduce'): 574.083, ('gust', 'final'): 574.131, ('gust', 'pack'): 574.147, ('gust', 'd2h'): 574.156, ('merge', 'start'): 574.235, ('merge', 'h2d'): 574.297, ('merge', 'count'): 574.316, ('merge', 'scan'): 574.347, ('merge', 'expand'): 574.369, ('merge', 'merge'): 574.387, ('merge', 'final'): 574.421, ('merge', 'compact'): 574.444, ('merge', 'pack'): 574.459, ('merge', 'd2h'): 574.468, ('mrg2', 'start'): 574.546, ('mrg2', 'h2d'): 574.604, ('mrg2', 'count'): 574.623, ('mrg2', 'scan'): 574.653, ('mrg2', 'merge'): 574.674, ('mrg2', 'final'): 574.703, ('mrg2', 'compact'): 574.724, ('mrg2', 'pack'): 574.739, ('mrg2', 'd2h'): 574.748, ('mrg3', 'start'): 574.826, ('mrg3', 'h2d'): 574.883, ('mrg3', 'count'): 574.902, ('mrg3', 'scan'): 574.945, ('mrg3', 'merge'): 574.964, ('mrg3', 'pack'): 574.978, ('mrg3', 'd2h'): 574.988, ('mrg6', 'start'): 575.066, ('mrg6', 'h2d'): 575.123, ('mrg6', 'mean_numk'): 575.128, ('mrg6', 'scan'): 575.171, ('mrg6', 'classify'): 575.175, ('mrg6', 'light'): 575.193, ('mrg6', 'compact'): 575.234, ('mrg6', 'pack'): 575.25, ('mrg6', 'd2h'): 575.263, ('mrg7', 'start'): 575.35, ('mrg7', 'h2d'): 575.409, ('mrg7', 'mean_numk'): 575.414, ('mrg7', 'scan'): 575.458, ('mrg7', 'classify'): 575.462, ('mrg7', 'light'): 575.48, ('mrg7', 'compact'): 575.52, ('mrg7', 'pack'): 575.536, ('mrg7', 'd2h'): 575.545}",0.0480460003018379,0.1275200003525242
Mildly sparse,bcsstk14,1806,63454,1.945465404477998,195654,195654,195654,195654,195654,195654,195654,0.0,,0.06200000000001182,0.48599999999999,0.11199999999996635,0.19200000000000728,0.6599999999999682,1.106,,,,,1.465,2.065,0.894,0.776,0.887,0.872,,0.7239999999999327,1.1999999999999318,1.759999999999991,0.5940000000000509,0.46900000000005093,0.49099999999998545,0.4819999999999709,"{('cu', 'start'): 643.824, ('cu', 'h2dmalloc'): 643.874, ('cu', 'h2d'): 643.907, ('cu', 'workest'): 643.969, ('cu', 'compute'): 644.455, ('cu', 'copy'): 644.567, ('cu', 'pack'): 644.631, ('cu', 'd2h'): 644.823, ('gust', 'start'): 644.938, ('gust', 'h2d'): 645.017, ('gust', 'count'): 645.043, ('gust', 'scan'): 645.079, ('gust', 'expand'): 645.223, ('gust', 'sort'): 645.715, ('gust', 'reduce'): 645.87, ('gust', 'final'): 646.193, ('gust', 'pack'): 646.217, ('gust', 'd2h'): 646.283, ('merge', 'start'): 646.411, ('merge', 'h2d'): 646.492, ('merge', 'count'): 646.519, ('merge', 'scan'): 646.556, ('merge', 'expand'): 646.861, ('merge', 'merge'): 647.862, ('merge', 'final'): 648.001, ('merge', 'compact'): 648.184, ('merge', 'pack'): 648.252, ('merge', 'd2h'): 648.321, ('mrg2', 'start'): 648.481, ('mrg2', 'h2d'): 648.559, ('mrg2', 'count'): 648.584, ('mrg2', 'scan'): 648.62, ('mrg2', 'merge'): 648.88, ('mrg2', 'final'): 648.916, ('mrg2', 'compact'): 649.085, ('mrg2', 'pack'): 649.153, ('mrg2', 'd2h'): 649.222, ('mrg3', 'start'): 649.381, ('mrg3', 'h2d'): 649.458, ('mrg3', 'count'): 649.585, ('mrg3', 'scan'): 649.635, ('mrg3', 'merge'): 649.865, ('mrg3', 'pack'): 649.927, ('mrg3', 'd2h'): 649.996, ('mrg6', 'start'): 650.163, ('mrg6', 'h2d'): 650.241, ('mrg6', 'mean_numk'): 650.248, ('mrg6', 'scan'): 650.305, ('mrg6', 'classify'): 650.311, ('mrg6', 'light'): 650.568, ('mrg6', 'compact'): 650.667, ('mrg6', 'pack'): 650.732, ('mrg6', 'd2h'): 650.801, ('mrg7', 'start'): 651.056, ('mrg7', 'h2d'): 651.135, ('mrg7', 'mean_numk'): 651.142, ('mrg7', 'scan'): 651.194, ('mrg7', 'classify'): 651.2, ('mrg7', 'light'): 651.457, ('mrg7', 'compact'): 651.554, ('mrg7', 'pack'): 651.617, ('mrg7', 'd2h'): 651.686}",0.401195022277534,0.4565023981733248
Mildly sparse,can_445,445,3809,1.923494508269158,11193,11193,11193,11193,11193,11193,11193,0.0,,0.07100000000002638,0.19099999999991724,0.06900000000007367,0.033999999999991815,0.3310000000000173,0.568,,,,,0.61,0.51,0.432,0.353,0.443,0.404,,0.35599999999999454,0.4010000000000673,0.3149999999999409,0.2259999999999991,0.16899999999998272,0.2479999999999336,0.21400000000005548,"{('cu', 'start'): 696.126, ('cu', 'h2dmalloc'): 696.195, ('cu', 'h2d'): 696.216, ('cu', 'workest'): 696.287, ('cu', 'compute'): 696.478, ('cu', 'copy'): 696.547, ('cu', 'pack'): 696.572, ('cu', 'd2h'): 696.606, ('gust', 'start'): 696.71, ('gust', 'h2d'): 696.794, ('gust', 'count'): 696.818, ('gust', 'scan'): 696.861, ('gust', 'expand'): 696.911, ('gust', 'sort'): 697.058, ('gust', 'reduce'): 697.108, ('gust', 'final'): 697.171, ('gust', 'pack'): 697.195, ('gust', 'd2h'): 697.213, ('merge', 'start'): 697.328, ('merge', 'h2d'): 697.413, ('merge', 'count'): 697.443, ('merge', 'scan'): 697.486, ('merge', 'expand'): 697.526, ('merge', 'merge'): 697.627, ('merge', 'final'): 697.672, ('merge', 'compact'): 697.704, ('merge', 'pack'): 697.728, ('merge', 'd2h'): 697.75, ('mrg2', 'start'): 697.845, ('mrg2', 'h2d'): 697.938, ('mrg2', 'count'): 697.964, ('mrg2', 'scan'): 698.004, ('mrg2', 'merge'): 698.07, ('mrg2', 'final'): 698.112, ('mrg2', 'compact'): 698.139, ('mrg2', 'pack'): 698.164, ('mrg2', 'd2h'): 698.183, ('mrg3', 'start'): 698.285, ('mrg3', 'h2d'): 698.362, ('mrg3', 'count'): 698.4, ('mrg3', 'scan'): 698.459, ('mrg3', 'merge'): 698.504, ('mrg3', 'pack'): 698.531, ('mrg3', 'd2h'): 698.549, ('mrg6', 'start'): 698.647, ('mrg6', 'h2d'): 698.72, ('mrg6', 'mean_numk'): 698.729, ('mrg6', 'scan'): 698.784, ('mrg6', 'classify'): 698.791, ('mrg6', 'light'): 698.864, ('mrg6', 'compact'): 698.94, ('mrg6', 'pack'): 698.968, ('mrg6', 'd2h'): 698.985, ('mrg7', 'start'): 699.097, ('mrg7', 'h2d'): 699.178, ('mrg7', 'mean_numk'): 699.188, ('mrg7', 'scan'): 699.243, ('mrg7', 'classify'): 699.25, ('mrg7', 'light'): 699.312, ('mrg7', 'compact'): 699.367, ('mrg7', 'pack'): 699.392, ('mrg7', 'd2h'): 699.41}",0.0405010068789124,0.2553855994716286
Mildly sparse,bcsstm10,1086,22092,1.8731621948861958,54504,54504,54504,54504,54504,54504,54504,0.0,,0.05299999999999727,0.22500000000002274,0.05599999999992633,0.09300000000007458,0.33399999999994634,0.57,,,,,0.969,1.015,0.554,0.355,0.543,0.528,,0.34999999999990905,0.7680000000000291,0.8179999999999836,0.35399999999992815,0.19700000000000273,0.2980000000000018,0.2880000000000109,"{('cu', 'start'): 589.593, ('cu', 'h2dmalloc'): 589.642, ('cu', 'h2d'): 589.662, ('cu', 'workest'): 589.715, ('cu', 'compute'): 589.94, ('cu', 'copy'): 589.996, ('cu', 'pack'): 590.012, ('cu', 'd2h'): 590.105, ('gust', 'start'): 590.169, ('gust', 'h2d'): 590.237, ('gust', 'count'): 590.258, ('gust', 'scan'): 590.291, ('gust', 'expand'): 590.418, ('gust', 'sort'): 590.66, ('gust', 'reduce'): 590.794, ('gust', 'final'): 590.986, ('gust', 'pack'): 591.005, ('gust', 'd2h'): 591.03, ('merge', 'start'): 591.146, ('merge', 'h2d'): 591.212, ('merge', 'count'): 591.235, ('merge', 'scan'): 591.267, ('merge', 'expand'): 591.446, ('merge', 'merge'): 591.812, ('merge', 'final'): 591.9, ('merge', 'compact'): 592.01, ('merge', 'pack'): 592.03, ('merge', 'd2h'): 592.054, ('mrg2', 'start'): 592.166, ('mrg2', 'h2d'): 592.234, ('mrg2', 'count'): 592.256, ('mrg2', 'scan'): 592.288, ('mrg2', 'merge'): 592.461, ('mrg2', 'final'): 592.497, ('mrg2', 'compact'): 592.569, ('mrg2', 'pack'): 592.588, ('mrg2', 'd2h'): 592.613, ('mrg3', 'start'): 592.725, ('mrg3', 'h2d'): 592.79, ('mrg3', 'count'): 592.847, ('mrg3', 'scan'): 592.893, ('mrg3', 'merge'): 592.97, ('mrg3', 'pack'): 592.987, ('mrg3', 'd2h'): 593.011, ('mrg6', 'start'): 593.087, ('mrg6', 'h2d'): 593.152, ('mrg6', 'mean_numk'): 593.159, ('mrg6', 'scan'): 593.208, ('mrg6', 'classify'): 593.214, ('mrg6', 'light'): 593.382, ('mrg6', 'compact'): 593.433, ('mrg6', 'pack'): 593.45, ('mrg6', 'd2h'): 593.475, ('mrg7', 'start'): 593.635, ('mrg7', 'h2d'): 593.699, ('mrg7', 'mean_numk'): 593.707, ('mrg7', 'scan'): 593.751, ('mrg7', 'classify'): 593.757, ('mrg7', 'light'): 593.921, ('mrg7', 'compact'): 593.97, ('mrg7', 'pack'): 593.987, ('mrg7', 'd2h'): 594.011}",0.1302439486607909,0.375148800574243
Mildly sparse,bcsstk10,1086,22070,1.8712968332943305,54504,54504,54504,54504,54504,54504,54504,0.0,,0.051000000000044565,0.2279999999999518,0.05400000000008731,0.0989999999999327,0.3330000000000837,0.583,,,,,0.992,1.037,0.569,0.358,0.56,0.542,,0.3490000000000464,0.7819999999999254,0.8300000000000409,0.3590000000000373,0.19399999999995998,0.2939999999999827,0.2860000000000582,"{('cu', 'start'): 585.056, ('cu', 'h2dmalloc'): 585.11, ('cu', 'h2d'): 585.131, ('cu', 'workest'): 585.182, ('cu', 'compute'): 585.41, ('cu', 'copy'): 585.464, ('cu', 'pack'): 585.48, ('cu', 'd2h'): 585.579, ('gust', 'start'): 585.648, ('gust', 'h2d'): 585.715, ('gust', 'count'): 585.736, ('gust', 'scan'): 585.77, ('gust', 'expand'): 585.89, ('gust', 'sort'): 586.14, ('gust', 'reduce'): 586.274, ('gust', 'final'): 586.478, ('gust', 'pack'): 586.497, ('gust', 'd2h'): 586.521, ('merge', 'start'): 586.645, ('merge', 'h2d'): 586.712, ('merge', 'count'): 586.733, ('merge', 'scan'): 586.765, ('merge', 'expand'): 586.943, ('merge', 'merge'): 587.307, ('merge', 'final'): 587.401, ('merge', 'compact'): 587.523, ('merge', 'pack'): 587.542, ('merge', 'd2h'): 587.566, ('mrg2', 'start'): 587.689, ('mrg2', 'h2d'): 587.756, ('mrg2', 'count'): 587.777, ('mrg2', 'scan'): 587.809, ('mrg2', 'merge'): 587.98, ('mrg2', 'final'): 588.014, ('mrg2', 'compact'): 588.096, ('mrg2', 'pack'): 588.115, ('mrg2', 'd2h'): 588.14, ('mrg3', 'start'): 588.264, ('mrg3', 'h2d'): 588.33, ('mrg3', 'count'): 588.386, ('mrg3', 'scan'): 588.432, ('mrg3', 'merge'): 588.508, ('mrg3', 'pack'): 588.524, ('mrg3', 'd2h'): 588.548, ('mrg6', 'start'): 588.626, ('mrg6', 'h2d'): 588.691, ('mrg6', 'mean_numk'): 588.697, ('mrg6', 'scan'): 588.747, ('mrg6', 'classify'): 588.752, ('mrg6', 'light'): 588.919, ('mrg6', 'compact'): 588.969, ('mrg6', 'pack'): 588.985, ('mrg6', 'd2h'): 589.01, ('mrg7', 'start'): 589.192, ('mrg7', 'h2d'): 589.257, ('mrg7', 'mean_numk'): 589.263, ('mrg7', 'scan'): 589.309, ('mrg7', 'classify'): 589.314, ('mrg7', 'light'): 589.478, ('mrg7', 'compact'): 589.527, ('mrg7', 'pack'): 589.543, ('mrg7', 'd2h'): 589.568}",0.1352280378341674,0.3767231994541362
Mildly sparse,can_634,634,7228,1.7982067689000787,25446,25446,25446,25446,25446,25446,25446,0.0,,0.051000000000044565,0.2139999999999418,0.05299999999999727,0.08199999999999363,0.31799999999998363,0.538,,,,,0.668,0.593,0.344,0.307,0.35,0.34,,0.33600000000001273,0.5199999999999818,0.4410000000000309,0.20100000000002183,0.16300000000001091,0.19899999999995543,0.19300000000009732,"{('cu', 'start'): 599.633, ('cu', 'h2dmalloc'): 599.682, ('cu', 'h2d'): 599.698, ('cu', 'workest'): 599.749, ('cu', 'compute'): 599.963, ('cu', 'copy'): 600.016, ('cu', 'pack'): 600.034, ('cu', 'd2h'): 600.116, ('gust', 'start'): 600.179, ('gust', 'h2d'): 600.241, ('gust', 'count'): 600.263, ('gust', 'scan'): 600.296, ('gust', 'expand'): 600.323, ('gust', 'sort'): 600.551, ('gust', 'reduce'): 600.643, ('gust', 'final'): 600.742, ('gust', 'pack'): 600.761, ('gust', 'd2h'): 600.777, ('merge', 'start'): 600.854, ('merge', 'h2d'): 600.914, ('merge', 'count'): 600.937, ('merge', 'scan'): 600.968, ('merge', 'expand'): 601.03, ('merge', 'merge'): 601.281, ('merge', 'final'): 601.316, ('merge', 'compact'): 601.339, ('merge', 'pack'): 601.355, ('merge', 'd2h'): 601.37, ('mrg2', 'start'): 601.452, ('mrg2', 'h2d'): 601.512, ('mrg2', 'count'): 601.535, ('mrg2', 'scan'): 601.565, ('mrg2', 'merge'): 601.645, ('mrg2', 'final'): 601.675, ('mrg2', 'compact'): 601.697, ('mrg2', 'pack'): 601.713, ('mrg2', 'd2h'): 601.729, ('mrg3', 'start'): 601.803, ('mrg3', 'h2d'): 601.861, ('mrg3', 'count'): 601.907, ('mrg3', 'scan'): 601.951, ('mrg3', 'merge'): 602.008, ('mrg3', 'pack'): 602.024, ('mrg3', 'd2h'): 602.04, ('mrg6', 'start'): 602.115, ('mrg6', 'h2d'): 602.173, ('mrg6', 'mean_numk'): 602.179, ('mrg6', 'scan'): 602.223, ('mrg6', 'classify'): 602.232, ('mrg6', 'light'): 602.312, ('mrg6', 'compact'): 602.355, ('mrg6', 'pack'): 602.372, ('mrg6', 'd2h'): 602.392, ('mrg7', 'start'): 602.471, ('mrg7', 'h2d'): 602.531, ('mrg7', 'mean_numk'): 602.544, ('mrg7', 'scan'): 602.587, ('mrg7', 'classify'): 602.592, ('mrg7', 'light'): 602.667, ('mrg7', 'compact'): 602.708, ('mrg7', 'pack'): 602.724, ('mrg7', 'd2h'): 602.74}",0.0638359924778342,0.2764512007357552
Mildly sparse,bcsstk11,1473,34241,1.578123350888521,94187,94187,94187,94187,94187,94187,94187,0.0,,0.05200000000002092,0.2679999999999154,0.05600000000004002,0.1150000000000091,0.37599999999997635,0.749,,,,,1.062,1.096,0.573,0.389,0.566,0.552,,0.4560000000000173,0.8809999999999718,0.9180000000000064,0.3990000000000009,0.21000000000003638,0.30299999999999727,0.2939999999999827,"{('cu', 'start'): 609.839, ('cu', 'h2dmalloc'): 609.889, ('cu', 'h2d'): 609.913, ('cu', 'workest'): 609.965, ('cu', 'compute'): 610.233, ('cu', 'copy'): 610.289, ('cu', 'pack'): 610.369, ('cu', 'd2h'): 610.484, ('gust', 'start'): 610.595, ('gust', 'h2d'): 610.667, ('gust', 'count'): 610.691, ('gust', 'scan'): 610.725, ('gust', 'expand'): 610.853, ('gust', 'sort'): 611.141, ('gust', 'reduce'): 611.289, ('gust', 'final'): 611.528, ('gust', 'pack'): 611.548, ('gust', 'd2h'): 611.584, ('merge', 'start'): 611.663, ('merge', 'h2d'): 611.735, ('merge', 'count'): 611.76, ('merge', 'scan'): 611.793, ('merge', 'expand'): 611.979, ('merge', 'merge'): 612.392, ('merge', 'final'): 612.524, ('merge', 'compact'): 612.634, ('merge', 'pack'): 612.653, ('merge', 'd2h'): 612.689, ('mrg2', 'start'): 612.765, ('mrg2', 'h2d'): 612.836, ('mrg2', 'count'): 612.859, ('mrg2', 'scan'): 612.891, ('mrg2', 'merge'): 613.07, ('mrg2', 'final'): 613.105, ('mrg2', 'compact'): 613.216, ('mrg2', 'pack'): 613.235, ('mrg2', 'd2h'): 613.271, ('mrg3', 'start'): 613.344, ('mrg3', 'h2d'): 613.414, ('mrg3', 'count'): 613.478, ('mrg3', 'scan'): 613.525, ('mrg3', 'merge'): 613.608, ('mrg3', 'pack'): 613.624, ('mrg3', 'd2h'): 613.659, ('mrg6', 'start'): 613.739, ('mrg6', 'h2d'): 613.809, ('mrg6', 'mean_numk'): 613.816, ('mrg6', 'scan'): 613.866, ('mrg6', 'classify'): 613.872, ('mrg6', 'light'): 614.044, ('mrg6', 'compact'): 614.093, ('mrg6', 'pack'): 614.112, ('mrg6', 'd2h'): 614.147, ('mrg7', 'start'): 614.31, ('mrg7', 'h2d'): 614.378, ('mrg7', 'mean_numk'): 614.386, ('mrg7', 'scan'): 614.432, ('mrg7', 'classify'): 614.438, ('mrg7', 'light'): 614.608, ('mrg7', 'compact'): 614.655, ('mrg7', 'pack'): 614.672, ('mrg7', 'd2h'): 614.708}",0.2240929752588272,0.4066624013707042
Mildly sparse,bcsstk12,1473,34241,1.578123350888521,94187,94187,94187,94187,94187,94187,94187,0.0,,0.05600000000004002,0.28899999999998727,0.05700000000001637,0.12800000000004275,0.40200000000004366,0.819,,,,,1.173,1.2,0.645,0.418,0.629,0.616,,0.48900000000003274,0.97199999999998,1.0020000000000664,0.44399999999996,0.2179999999999609,0.33199999999999363,0.3249999999999318,"{('cu', 'start'): 585.757, ('cu', 'h2dmalloc'): 585.808, ('cu', 'h2d'): 585.833, ('cu', 'workest'): 585.889, ('cu', 'compute'): 586.178, ('cu', 'copy'): 586.235, ('cu', 'pack'): 586.322, ('cu', 'd2h'): 586.45, ('gust', 'start'): 586.583, ('gust', 'h2d'): 586.658, ('gust', 'count'): 586.681, ('gust', 'scan'): 586.718, ('gust', 'expand'): 586.863, ('gust', 'sort'): 587.166, ('gust', 'reduce'): 587.33, ('gust', 'final'): 587.609, ('gust', 'pack'): 587.63, ('gust', 'd2h'): 587.666, ('merge', 'start'): 587.762, ('merge', 'h2d'): 587.838, ('merge', 'count'): 587.867, ('merge', 'scan'): 587.904, ('merge', 'expand'): 588.112, ('merge', 'merge'): 588.535, ('merge', 'final'): 588.689, ('merge', 'compact'): 588.819, ('merge', 'pack'): 588.84, ('merge', 'd2h'): 588.877, ('mrg2', 'start'): 588.968, ('mrg2', 'h2d'): 589.048, ('mrg2', 'count'): 589.074, ('mrg2', 'scan'): 589.108, ('mrg2', 'merge'): 589.302, ('mrg2', 'final'): 589.338, ('mrg2', 'compact'): 589.472, ('mrg2', 'pack'): 589.492, ('mrg2', 'd2h'): 589.531, ('mrg3', 'start'): 589.619, ('mrg3', 'h2d'): 589.692, ('mrg3', 'count'): 589.757, ('mrg3', 'scan'): 589.809, ('mrg3', 'merge'): 589.893, ('mrg3', 'pack'): 589.91, ('mrg3', 'd2h'): 589.946, ('mrg6', 'start'): 590.041, ('mrg6', 'h2d'): 590.116, ('mrg6', 'mean_numk'): 590.127, ('mrg6', 'scan'): 590.185, ('mrg6', 'classify'): 590.191, ('mrg6', 'light'): 590.375, ('mrg6', 'compact'): 590.43, ('mrg6', 'pack'): 590.448, ('mrg6', 'd2h'): 590.484, ('mrg7', 'start'): 590.676, ('mrg7', 'h2d'): 590.749, ('mrg7', 'mean_numk'): 590.756, ('mrg7', 'scan'): 590.807, ('mrg7', 'classify'): 590.813, ('mrg7', 'light'): 590.996, ('mrg7', 'compact'): 591.053, ('mrg7', 'pack'): 591.074, ('mrg7', 'd2h'): 591.111}",0.217776047065854,0.4237152014859021
Mildly sparse,bcsstk09,1083,18437,1.5719305066378828,71289,71289,71289,71289,71289,71289,71289,0.0,,0.04900000000009186,0.2239999999999327,0.06500000000005457,0.11000000000001364,0.3380000000000791,0.6,,,,,0.923,0.909,0.483,0.367,0.473,0.465,,0.35800000000006094,0.6989999999999554,0.7380000000000564,0.31100000000003547,0.19800000000009277,0.25099999999997635,0.24500000000000455,"{('cu', 'start'): 606.356, ('cu', 'h2dmalloc'): 606.406, ('cu', 'h2d'): 606.425, ('cu', 'workest'): 606.474, ('cu', 'compute'): 606.698, ('cu', 'copy'): 606.763, ('cu', 'pack'): 606.783, ('cu', 'd2h'): 606.893, ('gust', 'start'): 606.962, ('gust', 'h2d'): 607.033, ('gust', 'count'): 607.054, ('gust', 'scan'): 607.088, ('gust', 'expand'): 607.171, ('gust', 'sort'): 607.409, ('gust', 'reduce'): 607.552, ('gust', 'final'): 607.712, ('gust', 'pack'): 607.732, ('gust', 'd2h'): 607.762, ('merge', 'start'): 607.891, ('merge', 'h2d'): 607.958, ('merge', 'count'): 607.979, ('merge', 'scan'): 608.012, ('merge', 'expand'): 608.127, ('merge', 'merge'): 608.441, ('merge', 'final'): 608.551, ('merge', 'compact'): 608.676, ('merge', 'pack'): 608.696, ('merge', 'd2h'): 608.725, ('mrg2', 'start'): 608.806, ('mrg2', 'h2d'): 608.876, ('mrg2', 'count'): 608.898, ('mrg2', 'scan'): 608.931, ('mrg2', 'merge'): 609.058, ('mrg2', 'final'): 609.092, ('mrg2', 'compact'): 609.168, ('mrg2', 'pack'): 609.187, ('mrg2', 'd2h'): 609.216, ('mrg3', 'start'): 609.294, ('mrg3', 'h2d'): 609.358, ('mrg3', 'count'): 609.415, ('mrg3', 'scan'): 609.465, ('mrg3', 'merge'): 609.54, ('mrg3', 'pack'): 609.556, ('mrg3', 'd2h'): 609.586, ('mrg6', 'start'): 609.667, ('mrg6', 'h2d'): 609.732, ('mrg6', 'mean_numk'): 609.737, ('mrg6', 'scan'): 609.789, ('mrg6', 'classify'): 609.794, ('mrg6', 'light'): 609.917, ('mrg6', 'compact'): 609.966, ('mrg6', 'pack'): 609.983, ('mrg6', 'd2h'): 610.013, ('mrg7', 'start'): 610.145, ('mrg7', 'h2d'): 610.211, ('mrg7', 'mean_numk'): 610.217, ('mrg7', 'scan'): 610.261, ('mrg7', 'classify'): 610.266, ('mrg7', 'light'): 610.387, ('mrg7', 'compact'): 610.435, ('mrg7', 'pack'): 610.456, ('mrg7', 'd2h'): 610.485}",0.129922991618514,0.2675807998515666
Mildly sparse,bcsstm02,66,66,1.5151515151515151,66,66,66,66,66,66,66,0.0,,0.04099999999993997,0.14200000000005275,0.043000000000006366,0.023000000000024556,0.2259999999999991,0.391,,,,,0.361,0.299,0.271,0.234,0.277,0.265,,0.2419999999999618,0.2179999999999609,0.15800000000001546,0.13200000000006185,0.09599999999988995,0.1270000000000664,0.12400000000002365,"{('cu', 'start'): 570.461, ('cu', 'h2dmalloc'): 570.51, ('cu', 'h2d'): 570.522, ('cu', 'workest'): 570.563, ('cu', 'compute'): 570.705, ('cu', 'copy'): 570.748, ('cu', 'pack'): 570.764, ('cu', 'd2h'): 570.787, ('gust', 'start'): 570.859, ('gust', 'h2d'): 570.918, ('gust', 'count'): 570.937, ('gust', 'scan'): 570.968, ('gust', 'expand'): 570.988, ('gust', 'sort'): 571.03, ('gust', 'reduce'): 571.069, ('gust', 'final'): 571.121, ('gust', 'pack'): 571.136, ('gust', 'd2h'): 571.145, ('merge', 'start'): 571.226, ('merge', 'h2d'): 571.287, ('merge', 'count'): 571.304, ('merge', 'scan'): 571.337, ('merge', 'expand'): 571.356, ('merge', 'merge'): 571.374, ('merge', 'final'): 571.408, ('merge', 'compact'): 571.431, ('merge', 'pack'): 571.445, ('merge', 'd2h'): 571.454, ('mrg2', 'start'): 571.53, ('mrg2', 'h2d'): 571.588, ('mrg2', 'count'): 571.606, ('mrg2', 'scan'): 571.637, ('mrg2', 'merge'): 571.656, ('mrg2', 'final'): 571.684, ('mrg2', 'compact'): 571.705, ('mrg2', 'pack'): 571.72, ('mrg2', 'd2h'): 571.729, ('mrg3', 'start'): 571.806, ('mrg3', 'h2d'): 571.863, ('mrg3', 'count'): 571.882, ('mrg3', 'scan'): 571.925, ('mrg3', 'merge'): 571.944, ('mrg3', 'pack'): 571.959, ('mrg3', 'd2h'): 571.967, ('mrg6', 'start'): 572.046, ('mrg6', 'h2d'): 572.107, ('mrg6', 'mean_numk'): 572.112, ('mrg6', 'scan'): 572.155, ('mrg6', 'classify'): 572.161, ('mrg6', 'light'): 572.179, ('mrg6', 'compact'): 572.218, ('mrg6', 'pack'): 572.234, ('mrg6', 'd2h'): 572.247, ('mrg7', 'start'): 572.327, ('mrg7', 'h2d'): 572.385, ('mrg7', 'mean_numk'): 572.39, ('mrg7', 'scan'): 572.432, ('mrg7', 'classify'): 572.436, ('mrg7', 'light'): 572.454, ('mrg7', 'compact'): 572.493, ('mrg7', 'pack'): 572.509, ('mrg7', 'd2h'): 572.518}",0.0372229842469096,0.1324800000991672
Mildly sparse,can_838,838,10010,1.4254304771560882,51156,51156,51156,51156,51156,51156,51156,0.0,,0.05299999999999727,0.21000000000003638,0.05499999999994998,0.09699999999997999,0.31799999999998363,0.56,,,,,0.71,0.954,0.401,0.323,0.497,0.49,,0.33400000000006,0.49899999999990996,0.7459999999999809,0.2400000000000091,0.1570000000000391,0.28300000000001546,0.2759999999999536,"{('cu', 'start'): 583.963, ('cu', 'h2dmalloc'): 584.013, ('cu', 'h2d'): 584.029, ('cu', 'workest'): 584.082, ('cu', 'compute'): 584.292, ('cu', 'copy'): 584.347, ('cu', 'pack'): 584.363, ('cu', 'd2h'): 584.46, ('gust', 'start'): 584.53, ('gust', 'h2d'): 584.594, ('gust', 'count'): 584.615, ('gust', 'scan'): 584.649, ('gust', 'expand'): 584.679, ('gust', 'sort'): 584.916, ('gust', 'reduce'): 585.011, ('gust', 'final'): 585.076, ('gust', 'pack'): 585.093, ('gust', 'd2h'): 585.117, ('merge', 'start'): 585.245, ('merge', 'h2d'): 585.307, ('merge', 'count'): 585.329, ('merge', 'scan'): 585.362, ('merge', 'expand'): 585.438, ('merge', 'merge'): 585.97, ('merge', 'final'): 586.01, ('merge', 'compact'): 586.037, ('merge', 'pack'): 586.053, ('merge', 'd2h'): 586.077, ('mrg2', 'start'): 586.206, ('mrg2', 'h2d'): 586.268, ('mrg2', 'count'): 586.289, ('mrg2', 'scan'): 586.323, ('mrg2', 'merge'): 586.437, ('mrg2', 'final'): 586.469, ('mrg2', 'compact'): 586.492, ('mrg2', 'pack'): 586.508, ('mrg2', 'd2h'): 586.532, ('mrg3', 'start'): 586.612, ('mrg3', 'h2d'): 586.674, ('mrg3', 'count'): 586.717, ('mrg3', 'scan'): 586.763, ('mrg3', 'merge'): 586.815, ('mrg3', 'pack'): 586.831, ('mrg3', 'd2h'): 586.854, ('mrg6', 'start'): 586.94, ('mrg6', 'h2d'): 587.002, ('mrg6', 'mean_numk'): 587.007, ('mrg6', 'scan'): 587.053, ('mrg6', 'classify'): 587.062, ('mrg6', 'light'): 587.174, ('mrg6', 'compact'): 587.219, ('mrg6', 'pack'): 587.285, ('mrg6', 'd2h'): 587.311, ('mrg7', 'start'): 587.442, ('mrg7', 'h2d'): 587.503, ('mrg7', 'mean_numk'): 587.508, ('mrg7', 'scan'): 587.555, ('mrg7', 'classify'): 587.559, ('mrg7', 'light'): 587.67, ('mrg7', 'compact'): 587.715, ('mrg7', 'pack'): 587.779, ('mrg7', 'd2h'): 587.806}",0.094874994829297,0.2796192004112526
Mildly sparse,bcsstk20,485,3135,1.3327665001594218,5545,5545,5545,5545,5545,5545,5545,0.0,,0.045999999999935426,0.1490000000000009,0.053999999999973625,0.027000000000043656,0.24899999999990996,0.421,,,,,0.448,0.369,0.309,0.272,0.314,0.295,,0.26699999999993906,0.30700000000001637,0.22900000000004184,0.16800000000000637,0.13199999999994816,0.16999999999995907,0.15399999999999636,"{('cu', 'start'): 591.547, ('cu', 'h2dmalloc'): 591.597, ('cu', 'h2d'): 591.613, ('cu', 'workest'): 591.659, ('cu', 'compute'): 591.808, ('cu', 'copy'): 591.862, ('cu', 'pack'): 591.88, ('cu', 'd2h'): 591.907, ('gust', 'start'): 591.976, ('gust', 'h2d'): 592.036, ('gust', 'count'): 592.058, ('gust', 'scan'): 592.092, ('gust', 'expand'): 592.115, ('gust', 'sort'): 592.233, ('gust', 'reduce'): 592.272, ('gust', 'final'): 592.324, ('gust', 'pack'): 592.343, ('gust', 'd2h'): 592.353, ('merge', 'start'): 592.429, ('merge', 'h2d'): 592.49, ('merge', 'count'): 592.518, ('merge', 'scan'): 592.552, ('merge', 'expand'): 592.587, ('merge', 'merge'): 592.639, ('merge', 'final'): 592.677, ('merge', 'compact'): 592.703, ('merge', 'pack'): 592.719, ('merge', 'd2h'): 592.73, ('mrg2', 'start'): 592.804, ('mrg2', 'h2d'): 592.864, ('mrg2', 'count'): 592.889, ('mrg2', 'scan'): 592.92, ('mrg2', 'merge'): 592.962, ('mrg2', 'final'): 592.992, ('mrg2', 'compact'): 593.016, ('mrg2', 'pack'): 593.032, ('mrg2', 'd2h'): 593.044, ('mrg3', 'start'): 593.119, ('mrg3', 'h2d'): 593.178, ('mrg3', 'count'): 593.213, ('mrg3', 'scan'): 593.259, ('mrg3', 'merge'): 593.293, ('mrg3', 'pack'): 593.31, ('mrg3', 'd2h'): 593.321, ('mrg6', 'start'): 593.397, ('mrg6', 'h2d'): 593.456, ('mrg6', 'mean_numk'): 593.465, ('mrg6', 'scan'): 593.516, ('mrg6', 'classify'): 593.522, ('mrg6', 'light'): 593.56, ('mrg6', 'compact'): 593.608, ('mrg6', 'pack'): 593.626, ('mrg6', 'd2h'): 593.637, ('mrg7', 'start'): 593.716, ('mrg7', 'h2d'): 593.777, ('mrg7', 'mean_numk'): 593.784, ('mrg7', 'scan'): 593.829, ('mrg7', 'classify'): 593.835, ('mrg7', 'light'): 593.868, ('mrg7', 'compact'): 593.913, ('mrg7', 'pack'): 593.931, ('mrg7', 'd2h'): 593.941}",0.0336560187861323,0.1723935999907553
Mildly sparse,can_715,715,6665,1.3037312338011637,39785,39785,39785,39785,39785,39785,39785,0.0,,0.05200000000002092,0.21100000000001273,0.053999999999973625,0.09299999999996089,0.3170000000000073,0.553,,,,,0.711,1.915,0.559,0.558,0.723,0.535,,0.3330000000000837,0.5480000000000018,1.7570000000000618,0.40399999999999636,0.39599999999995816,0.5610000000000355,0.3769999999999527,"{('cu', 'start'): 584.278, ('cu', 'h2dmalloc'): 584.329, ('cu', 'h2d'): 584.343, ('cu', 'workest'): 584.395, ('cu', 'compute'): 584.606, ('cu', 'copy'): 584.66, ('cu', 'pack'): 584.676, ('cu', 'd2h'): 584.769, ('gust', 'start'): 584.838, ('gust', 'h2d'): 584.903, ('gust', 'count'): 584.928, ('gust', 'scan'): 584.962, ('gust', 'expand'): 584.996, ('gust', 'sort'): 585.226, ('gust', 'reduce'): 585.32, ('gust', 'final'): 585.432, ('gust', 'pack'): 585.451, ('gust', 'd2h'): 585.472, ('merge', 'start'): 585.554, ('merge', 'h2d'): 585.616, ('merge', 'count'): 585.643, ('merge', 'scan'): 585.675, ('merge', 'expand'): 585.801, ('merge', 'merge'): 587.297, ('merge', 'final'): 587.334, ('merge', 'compact'): 587.357, ('merge', 'pack'): 587.373, ('merge', 'd2h'): 587.393, ('mrg2', 'start'): 587.475, ('mrg2', 'h2d'): 587.537, ('mrg2', 'count'): 587.564, ('mrg2', 'scan'): 587.596, ('mrg2', 'merge'): 587.872, ('mrg2', 'final'): 587.903, ('mrg2', 'compact'): 587.925, ('mrg2', 'pack'): 587.941, ('mrg2', 'd2h'): 587.961, ('mrg3', 'start'): 588.039, ('mrg3', 'h2d'): 588.101, ('mrg3', 'count'): 588.251, ('mrg3', 'scan'): 588.297, ('mrg3', 'merge'): 588.481, ('mrg3', 'pack'): 588.497, ('mrg3', 'd2h'): 588.521, ('mrg6', 'start'): 588.603, ('mrg6', 'h2d'): 588.664, ('mrg6', 'mean_numk'): 588.672, ('mrg6', 'scan'): 588.721, ('mrg6', 'classify'): 588.731, ('mrg6', 'light'): 588.834, ('mrg6', 'heavy'): 589.163, ('mrg6', 'compact'): 589.209, ('mrg6', 'pack'): 589.225, ('mrg6', 'd2h'): 589.245, ('mrg7', 'start'): 589.331, ('mrg7', 'h2d'): 589.392, ('mrg7', 'mean_numk'): 589.396, ('mrg7', 'scan'): 589.445, ('mrg7', 'classify'): 589.454, ('mrg7', 'light'): 589.553, ('mrg7', 'heavy'): 589.71, ('mrg7', 'compact'): 589.753, ('mrg7', 'pack'): 589.769, ('mrg7', 'd2h'): 589.788}",0.0627109548076987,0.3009311998030171
Mildly sparse,bcsstk24,3562,159910,1.2603402122535554,446474,446474,446474,446474,446474,446474,446474,0.0,,0.09900000000004638,0.7719999999999345,0.14800000000002456,0.3829999999999245,1.0190000000000055,1.682,,,,,2.79,3.492,1.173,1.166,1.23,1.171,,1.0850000000000364,2.1760000000000446,3.0359999999999445,0.7250000000000227,0.7300000000000182,0.6709999999999354,0.6000000000000227,"{('cu', 'start'): 655.024, ('cu', 'h2dmalloc'): 655.075, ('cu', 'h2d'): 655.135, ('cu', 'workest'): 655.234, ('cu', 'compute'): 656.006, ('cu', 'copy'): 656.154, ('cu', 'pack'): 656.22, ('cu', 'd2h'): 656.603, ('gust', 'start'): 656.713, ('gust', 'h2d'): 656.971, ('gust', 'count'): 656.997, ('gust', 'scan'): 657.033, ('gust', 'expand'): 657.246, ('gust', 'sort'): 658.397, ('gust', 'reduce'): 658.637, ('gust', 'final'): 659.077, ('gust', 'pack'): 659.147, ('gust', 'd2h'): 659.29, ('merge', 'start'): 659.509, ('merge', 'h2d'): 659.624, ('merge', 'count'): 659.651, ('merge', 'scan'): 659.685, ('merge', 'expand'): 660.199, ('merge', 'merge'): 662.172, ('merge', 'final'): 662.337, ('merge', 'compact'): 662.59, ('merge', 'pack'): 662.66, ('merge', 'd2h'): 662.801, ('mrg2', 'start'): 663.006, ('mrg2', 'h2d'): 663.112, ('mrg2', 'count'): 663.138, ('mrg2', 'scan'): 663.172, ('mrg2', 'merge'): 663.517, ('mrg2', 'final'): 663.55, ('mrg2', 'compact'): 663.769, ('mrg2', 'pack'): 663.837, ('mrg2', 'd2h'): 663.978, ('mrg3', 'start'): 664.184, ('mrg3', 'h2d'): 664.289, ('mrg3', 'count'): 664.504, ('mrg3', 'scan'): 664.551, ('mrg3', 'merge'): 664.957, ('mrg3', 'pack'): 665.019, ('mrg3', 'd2h'): 665.159, ('mrg6', 'start'): 665.356, ('mrg6', 'h2d'): 665.461, ('mrg6', 'mean_numk'): 665.468, ('mrg6', 'scan'): 665.523, ('mrg6', 'classify'): 665.53, ('mrg6', 'light'): 665.918, ('mrg6', 'compact'): 666.061, ('mrg6', 'pack'): 666.132, ('mrg6', 'd2h'): 666.275, ('mrg7', 'start'): 666.591, ('mrg7', 'h2d'): 666.699, ('mrg7', 'mean_numk'): 666.706, ('mrg7', 'scan'): 666.757, ('mrg7', 'classify'): 666.762, ('mrg7', 'light'): 667.1, ('mrg7', 'compact'): 667.235, ('mrg7', 'pack'): 667.299, ('mrg7', 'd2h'): 667.442}",2.6142209535464644,0.5221664004726335
Mildly sparse,bcsstk16,4884,290378,1.2173414200441228,1038782,1038782,1038782,1038782,1038782,1038782,1038782,0.0,,0.18700000000001182,1.2129999999999654,0.17799999999999727,0.7949999999999591,1.5779999999999745,2.83,,,,,5.362,9.567,2.353,2.615,2.31,2.401,,1.657000000000039,4.177000000000021,8.692000000000007,1.5009999999999764,1.77800000000002,1.31899999999996,1.3260000000000218,"{('cu', 'start'): 686.342, ('cu', 'h2dmalloc'): 686.409, ('cu', 'h2d'): 686.596, ('cu', 'workest'): 686.783, ('cu', 'compute'): 687.996, ('cu', 'copy'): 688.174, ('cu', 'pack'): 688.253, ('cu', 'd2h'): 689.048, ('gust', 'start'): 689.184, ('gust', 'h2d'): 689.655, ('gust', 'count'): 689.751, ('gust', 'scan'): 689.801, ('gust', 'expand'): 690.169, ('gust', 'sort'): 692.715, ('gust', 'reduce'): 693.103, ('gust', 'final'): 693.722, ('gust', 'pack'): 693.832, ('gust', 'd2h'): 694.22, ('merge', 'start'): 694.553, ('merge', 'h2d'): 694.732, ('merge', 'count'): 694.839, ('merge', 'scan'): 694.886, ('merge', 'expand'): 696.093, ('merge', 'merge'): 702.806, ('merge', 'final'): 703.033, ('merge', 'compact'): 703.319, ('merge', 'pack'): 703.424, ('merge', 'd2h'): 703.809, ('mrg2', 'start'): 704.129, ('mrg2', 'h2d'): 704.293, ('mrg2', 'count'): 704.382, ('mrg2', 'scan'): 704.429, ('mrg2', 'merge'): 705.379, ('mrg2', 'final'): 705.425, ('mrg2', 'compact'): 705.711, ('mrg2', 'pack'): 705.794, ('mrg2', 'd2h'): 706.182, ('mrg3', 'start'): 706.491, ('mrg3', 'h2d'): 706.658, ('mrg3', 'count'): 707.32, ('mrg3', 'scan'): 707.38, ('mrg3', 'merge'): 708.357, ('mrg3', 'pack'): 708.436, ('mrg3', 'd2h'): 708.823, ('mrg6', 'start'): 709.114, ('mrg6', 'h2d'): 709.278, ('mrg6', 'mean_numk'): 709.291, ('mrg6', 'scan'): 709.407, ('mrg6', 'classify'): 709.419, ('mrg6', 'light'): 710.351, ('mrg6', 'compact'): 710.515, ('mrg6', 'pack'): 710.597, ('mrg6', 'd2h'): 710.988, ('mrg7', 'start'): 711.431, ('mrg7', 'h2d'): 711.679, ('mrg7', 'mean_numk'): 711.688, ('mrg7', 'scan'): 711.819, ('mrg7', 'classify'): 711.831, ('mrg7', 'light'): 712.763, ('mrg7', 'compact'): 712.923, ('mrg7', 'pack'): 713.005, ('mrg7', 'd2h'): 713.389}",6.90479192417115,0.6866655961843207
Mildly sparse,bcsstk28,4410,219024,1.1261974177426073,596072,596072,596072,596072,596072,596072,596072,0.0,,0.10800000000006094,0.9800000000000182,0.1490000000000009,0.5309999999999491,1.23700000000008,2.084,,,,,3.677,5.557,1.629,1.552,1.665,1.637,,1.3050000000000637,2.774000000000001,4.965000000000032,1.0460000000000491,0.9780000000000655,0.9489999999999554,0.9120000000000346,"{('cu', 'start'): 652.852, ('cu', 'h2dmalloc'): 652.904, ('cu', 'h2d'): 652.987, ('cu', 'workest'): 653.095, ('cu', 'compute'): 654.075, ('cu', 'copy'): 654.224, ('cu', 'pack'): 654.292, ('cu', 'd2h'): 654.823, ('gust', 'start'): 654.943, ('gust', 'h2d'): 655.367, ('gust', 'count'): 655.395, ('gust', 'scan'): 655.432, ('gust', 'expand'): 655.712, ('gust', 'sort'): 657.303, ('gust', 'reduce'): 657.573, ('gust', 'final'): 658.061, ('gust', 'pack'): 658.141, ('gust', 'd2h'): 658.367, ('merge', 'start'): 658.626, ('merge', 'h2d'): 658.757, ('merge', 'count'): 658.787, ('merge', 'scan'): 658.822, ('merge', 'expand'): 659.737, ('merge', 'merge'): 663.195, ('merge', 'final'): 663.39, ('merge', 'compact'): 663.647, ('merge', 'pack'): 663.722, ('merge', 'd2h'): 663.947, ('mrg2', 'start'): 664.19, ('mrg2', 'h2d'): 664.317, ('mrg2', 'count'): 664.346, ('mrg2', 'scan'): 664.381, ('mrg2', 'merge'): 665.0, ('mrg2', 'final'): 665.037, ('mrg2', 'compact'): 665.293, ('mrg2', 'pack'): 665.363, ('mrg2', 'd2h'): 665.589, ('mrg3', 'start'): 665.825, ('mrg3', 'h2d'): 665.953, ('mrg3', 'count'): 666.247, ('mrg3', 'scan'): 666.295, ('mrg3', 'merge'): 666.866, ('mrg3', 'pack'): 666.931, ('mrg3', 'd2h'): 667.158, ('mrg6', 'start'): 667.382, ('mrg6', 'h2d'): 667.51, ('mrg6', 'mean_numk'): 667.521, ('mrg6', 'scan'): 667.575, ('mrg6', 'classify'): 667.582, ('mrg6', 'light'): 668.25, ('mrg6', 'compact'): 668.393, ('mrg6', 'pack'): 668.459, ('mrg6', 'd2h'): 668.687, ('mrg7', 'start'): 669.057, ('mrg7', 'h2d'): 669.189, ('mrg7', 'mean_numk'): 669.196, ('mrg7', 'scan'): 669.251, ('mrg7', 'classify'): 669.267, ('mrg7', 'light'): 669.883, ('mrg7', 'compact'): 670.026, ('mrg7', 'pack'): 670.101, ('mrg7', 'd2h'): 670.332}",5.048512015491724,0.5918911987449974
Mildly sparse,bcsstk08,1074,12960,1.1235604381885709,305612,305612,305612,305612,305612,305612,305612,0.0,,0.055000000000063665,0.32999999999992724,0.12000000000000455,0.24699999999995725,0.5049999999999955,1.04,,,,,1.527,21.206,2.314,1.597,2.467,2.365,,0.5950000000000273,1.149000000000001,20.836000000000013,1.9470000000000027,1.2289999999999281,1.9990000000000236,1.8899999999999864,"{('cu', 'start'): 666.997, ('cu', 'h2dmalloc'): 667.05, ('cu', 'h2d'): 667.069, ('cu', 'workest'): 667.124, ('cu', 'compute'): 667.454, ('cu', 'copy'): 667.574, ('cu', 'pack'): 667.664, ('cu', 'd2h'): 667.911, ('gust', 'start'): 668.044, ('gust', 'h2d'): 668.114, ('gust', 'count'): 668.154, ('gust', 'scan'): 668.196, ('gust', 'expand'): 668.374, ('gust', 'sort'): 668.665, ('gust', 'reduce'): 668.826, ('gust', 'final'): 669.186, ('gust', 'pack'): 669.263, ('gust', 'd2h'): 669.382, ('merge', 'start'): 669.577, ('merge', 'h2d'): 669.645, ('merge', 'count'): 669.686, ('merge', 'scan'): 669.728, ('merge', 'expand'): 670.315, ('merge', 'merge'): 690.062, ('merge', 'final'): 690.213, ('merge', 'compact'): 690.404, ('merge', 'pack'): 690.481, ('merge', 'd2h'): 690.599, ('mrg2', 'start'): 690.789, ('mrg2', 'h2d'): 690.857, ('mrg2', 'count'): 690.897, ('mrg2', 'scan'): 690.933, ('mrg2', 'merge'): 692.511, ('mrg2', 'final'): 692.549, ('mrg2', 'compact'): 692.729, ('mrg2', 'pack'): 692.804, ('mrg2', 'd2h'): 692.925, ('mrg3', 'start'): 693.108, ('mrg3', 'h2d'): 693.176, ('mrg3', 'count'): 693.624, ('mrg3', 'scan'): 693.679, ('mrg3', 'merge'): 694.325, ('mrg3', 'pack'): 694.405, ('mrg3', 'd2h'): 694.523, ('mrg6', 'start'): 694.711, ('mrg6', 'h2d'): 694.778, ('mrg6', 'mean_numk'): 694.786, ('mrg6', 'scan'): 694.853, ('mrg6', 'classify'): 694.865, ('mrg6', 'light'): 695.583, ('mrg6', 'heavy'): 696.596, ('mrg6', 'compact'): 696.705, ('mrg6', 'pack'): 696.777, ('mrg6', 'd2h'): 696.895, ('mrg7', 'start'): 697.184, ('mrg7', 'h2d'): 697.25, ('mrg7', 'mean_numk'): 697.258, ('mrg7', 'scan'): 697.326, ('mrg7', 'classify'): 697.338, ('mrg7', 'light'): 698.062, ('mrg7', 'heavy'): 698.958, ('mrg7', 'compact'): 699.067, ('mrg7', 'pack'): 699.14, ('mrg7', 'd2h'): 699.258}",0.1161950640380382,0.3491328002652152
Mildly sparse,can_1054,1054,12196,1.097832779436069,60248,60248,60248,60248,60248,60248,60248,0.0,,0.05199999999990723,0.21400000000005548,0.05499999999994998,0.09399999999993724,0.3209999999999127,0.554,,,,,0.784,1.013,0.441,0.35,0.529,0.508,,0.33799999999996544,0.5810000000000173,0.8120000000000118,0.27899999999999636,0.19200000000000728,0.31999999999993634,0.30600000000004,"{('cu', 'start'): 594.755, ('cu', 'h2dmalloc'): 594.803, ('cu', 'h2d'): 594.82, ('cu', 'workest'): 594.872, ('cu', 'compute'): 595.086, ('cu', 'copy'): 595.141, ('cu', 'pack'): 595.158, ('cu', 'd2h'): 595.252, ('gust', 'start'): 595.316, ('gust', 'h2d'): 595.381, ('gust', 'count'): 595.404, ('gust', 'scan'): 595.437, ('gust', 'expand'): 595.519, ('gust', 'sort'): 595.742, ('gust', 'reduce'): 595.834, ('gust', 'final'): 595.943, ('gust', 'pack'): 595.962, ('gust', 'd2h'): 595.988, ('merge', 'start'): 596.107, ('merge', 'h2d'): 596.17, ('merge', 'count'): 596.197, ('merge', 'scan'): 596.228, ('merge', 'expand'): 596.361, ('merge', 'merge'): 596.901, ('merge', 'final'): 596.94, ('merge', 'compact'): 596.966, ('merge', 'pack'): 596.982, ('merge', 'd2h'): 597.008, ('mrg2', 'start'): 597.126, ('mrg2', 'h2d'): 597.188, ('mrg2', 'count'): 597.213, ('mrg2', 'scan'): 597.248, ('mrg2', 'merge'): 597.394, ('mrg2', 'final'): 597.426, ('mrg2', 'compact'): 597.451, ('mrg2', 'pack'): 597.467, ('mrg2', 'd2h'): 597.495, ('mrg3', 'start'): 597.573, ('mrg3', 'h2d'): 597.635, ('mrg3', 'count'): 597.695, ('mrg3', 'scan'): 597.741, ('mrg3', 'merge'): 597.81, ('mrg3', 'pack'): 597.827, ('mrg3', 'd2h'): 597.852, ('mrg6', 'start'): 597.928, ('mrg6', 'h2d'): 597.99, ('mrg6', 'mean_numk'): 597.996, ('mrg6', 'scan'): 598.042, ('mrg6', 'classify'): 598.051, ('mrg6', 'light'): 598.193, ('mrg6', 'compact'): 598.243, ('mrg6', 'pack'): 598.31, ('mrg6', 'd2h'): 598.34, ('mrg7', 'start'): 598.463, ('mrg7', 'h2d'): 598.524, ('mrg7', 'mean_numk'): 598.53, ('mrg7', 'scan'): 598.576, ('mrg7', 'classify'): 598.58, ('mrg7', 'light'): 598.722, ('mrg7', 'compact'): 598.765, ('mrg7', 'pack'): 598.83, ('mrg7', 'd2h'): 598.859}",0.1291680382564664,0.2951264002127573
Mildly sparse,can_1072,1072,12444,1.0828553129873024,62316,62316,62316,62316,62316,62316,62316,0.0,,0.053999999999973625,0.22000000000002728,0.053999999999973625,0.09399999999993724,0.32799999999997453,0.566,,,,,0.779,1.092,0.426,0.385,0.598,0.519,,0.34600000000000364,0.5759999999999081,0.9340000000000828,0.26700000000005275,0.20199999999999818,0.3590000000000373,0.3129999999999882,"{('cu', 'start'): 590.387, ('cu', 'h2dmalloc'): 590.435, ('cu', 'h2d'): 590.456, ('cu', 'workest'): 590.51, ('cu', 'compute'): 590.73, ('cu', 'copy'): 590.784, ('cu', 'pack'): 590.802, ('cu', 'd2h'): 590.896, ('gust', 'start'): 590.963, ('gust', 'h2d'): 591.027, ('gust', 'count'): 591.049, ('gust', 'scan'): 591.081, ('gust', 'expand'): 591.162, ('gust', 'sort'): 591.381, ('gust', 'reduce'): 591.477, ('gust', 'final'): 591.584, ('gust', 'pack'): 591.603, ('gust', 'd2h'): 591.63, ('merge', 'start'): 591.746, ('merge', 'h2d'): 591.81, ('merge', 'count'): 591.833, ('merge', 'scan'): 591.864, ('merge', 'expand'): 591.988, ('merge', 'merge'): 592.576, ('merge', 'final'): 592.615, ('merge', 'compact'): 592.725, ('merge', 'pack'): 592.744, ('merge', 'd2h'): 592.771, ('mrg2', 'start'): 592.844, ('mrg2', 'h2d'): 592.906, ('mrg2', 'count'): 592.93, ('mrg2', 'scan'): 592.96, ('mrg2', 'merge'): 593.104, ('mrg2', 'final'): 593.136, ('mrg2', 'compact'): 593.159, ('mrg2', 'pack'): 593.173, ('mrg2', 'd2h'): 593.2, ('mrg3', 'start'): 593.277, ('mrg3', 'h2d'): 593.338, ('mrg3', 'count'): 593.394, ('mrg3', 'scan'): 593.437, ('mrg3', 'merge'): 593.515, ('mrg3', 'pack'): 593.54, ('mrg3', 'd2h'): 593.568, ('mrg6', 'start'): 593.672, ('mrg6', 'h2d'): 593.757, ('mrg6', 'mean_numk'): 593.766, ('mrg6', 'scan'): 593.819, ('mrg6', 'classify'): 593.835, ('mrg6', 'light'): 593.981, ('mrg6', 'compact'): 594.037, ('mrg6', 'pack'): 594.116, ('mrg6', 'd2h'): 594.147, ('mrg7', 'start'): 594.274, ('mrg7', 'h2d'): 594.337, ('mrg7', 'mean_numk'): 594.343, ('mrg7', 'scan'): 594.39, ('mrg7', 'classify'): 594.395, ('mrg7', 'light'): 594.537, ('mrg7', 'compact'): 594.583, ('mrg7', 'pack'): 594.65, ('mrg7', 'd2h'): 594.68}",0.1417900202795863,0.282537599443458
Mildly sparse,bcsstk19,817,6853,1.0266835857969194,18305,18305,18305,18305,18305,18305,18305,0.0,,0.051000000000044565,0.15800000000001546,0.05099999999993088,0.029999999999972715,0.2599999999999909,0.436,,,,,0.46,0.38,0.311,0.289,0.319,0.303,,0.2760000000000673,0.3089999999999691,0.23099999999999454,0.16300000000001091,0.13900000000001,0.15999999999996817,0.15099999999995362,"{('cu', 'start'): 565.727, ('cu', 'h2dmalloc'): 565.776, ('cu', 'h2d'): 565.79, ('cu', 'workest'): 565.841, ('cu', 'compute'): 565.999, ('cu', 'copy'): 566.05, ('cu', 'pack'): 566.066, ('cu', 'd2h'): 566.096, ('gust', 'start'): 566.169, ('gust', 'h2d'): 566.231, ('gust', 'count'): 566.252, ('gust', 'scan'): 566.284, ('gust', 'expand'): 566.307, ('gust', 'sort'): 566.435, ('gust', 'reduce'): 566.473, ('gust', 'final'): 566.524, ('gust', 'pack'): 566.54, ('gust', 'd2h'): 566.554, ('merge', 'start'): 566.635, ('merge', 'h2d'): 566.697, ('merge', 'count'): 566.718, ('merge', 'scan'): 566.749, ('merge', 'expand'): 566.78, ('merge', 'merge'): 566.846, ('merge', 'final'): 566.881, ('merge', 'compact'): 566.913, ('merge', 'pack'): 566.928, ('merge', 'd2h'): 566.943, ('mrg2', 'start'): 567.021, ('mrg2', 'h2d'): 567.082, ('mrg2', 'count'): 567.105, ('mrg2', 'scan'): 567.136, ('mrg2', 'merge'): 567.177, ('mrg2', 'final'): 567.208, ('mrg2', 'compact'): 567.229, ('mrg2', 'pack'): 567.245, ('mrg2', 'd2h'): 567.259, ('mrg3', 'start'): 567.337, ('mrg3', 'h2d'): 567.398, ('mrg3', 'count'): 567.434, ('mrg3', 'scan'): 567.484, ('mrg3', 'merge'): 567.521, ('mrg3', 'pack'): 567.537, ('mrg3', 'd2h'): 567.551, ('mrg6', 'start'): 567.631, ('mrg6', 'h2d'): 567.692, ('mrg6', 'mean_numk'): 567.7, ('mrg6', 'scan'): 567.745, ('mrg6', 'classify'): 567.749, ('mrg6', 'light'): 567.793, ('mrg6', 'compact'): 567.836, ('mrg6', 'pack'): 567.852, ('mrg6', 'd2h'): 567.866, ('mrg7', 'start'): 567.956, ('mrg7', 'h2d'): 568.018, ('mrg7', 'mean_numk'): 568.024, ('mrg7', 'scan'): 568.068, ('mrg7', 'classify'): 568.073, ('mrg7', 'light'): 568.111, ('mrg7', 'compact'): 568.154, ('mrg7', 'pack'): 568.169, ('mrg7', 'd2h'): 568.183}",0.0597779871895909,0.2626528000459074
Highly sparse,bcsstm12,1473,19659,0.9060578533079476,53615,53615,53615,53615,53615,53615,53615,0.0,,0.04699999999991178,0.21100000000001273,0.055000000000063665,0.09800000000007003,0.3129999999999882,0.566,,,,,0.903,0.824,0.466,0.333,0.461,0.449,,0.32999999999992724,0.6870000000000118,0.6549999999999727,0.3040000000000873,0.1690000000000964,0.2379999999999427,0.23299999999994725,"{('cu', 'start'): 587.208, ('cu', 'h2dmalloc'): 587.258, ('cu', 'h2d'): 587.277, ('cu', 'workest'): 587.324, ('cu', 'compute'): 587.535, ('cu', 'copy'): 587.59, ('cu', 'pack'): 587.607, ('cu', 'd2h'): 587.705, ('gust', 'start'): 587.78, ('gust', 'h2d'): 587.848, ('gust', 'count'): 587.87, ('gust', 'scan'): 587.903, ('gust', 'expand'): 587.984, ('gust', 'sort'): 588.22, ('gust', 'reduce'): 588.355, ('gust', 'final'): 588.516, ('gust', 'pack'): 588.535, ('gust', 'd2h'): 588.56, ('merge', 'start'): 588.688, ('merge', 'h2d'): 588.76, ('merge', 'count'): 588.782, ('merge', 'scan'): 588.815, ('merge', 'expand'): 588.927, ('merge', 'merge'): 589.174, ('merge', 'final'): 589.266, ('merge', 'compact'): 589.395, ('merge', 'pack'): 589.415, ('merge', 'd2h'): 589.439, ('mrg2', 'start'): 589.518, ('mrg2', 'h2d'): 589.584, ('mrg2', 'count'): 589.605, ('mrg2', 'scan'): 589.638, ('mrg2', 'merge'): 589.754, ('mrg2', 'final'): 589.788, ('mrg2', 'compact'): 589.869, ('mrg2', 'pack'): 589.888, ('mrg2', 'd2h'): 589.912, ('mrg3', 'start'): 589.989, ('mrg3', 'h2d'): 590.055, ('mrg3', 'count'): 590.102, ('mrg3', 'scan'): 590.148, ('mrg3', 'merge'): 590.208, ('mrg3', 'pack'): 590.224, ('mrg3', 'd2h'): 590.248, ('mrg6', 'start'): 590.327, ('mrg6', 'h2d'): 590.393, ('mrg6', 'mean_numk'): 590.398, ('mrg6', 'scan'): 590.448, ('mrg6', 'classify'): 590.453, ('mrg6', 'light'): 590.565, ('mrg6', 'compact'): 590.614, ('mrg6', 'pack'): 590.631, ('mrg6', 'd2h'): 590.655, ('mrg7', 'start'): 590.794, ('mrg7', 'h2d'): 590.859, ('mrg7', 'mean_numk'): 590.865, ('mrg7', 'scan'): 590.911, ('mrg7', 'classify'): 590.916, ('mrg7', 'light'): 591.027, ('mrg7', 'compact'): 591.075, ('mrg7', 'pack'): 591.092, ('mrg7', 'd2h'): 591.116}",0.2338549820706248,0.2832703995984047
Highly sparse,bcsstm03,112,112,0.8928571428571428,112,112,112,112,112,112,112,0.0,,0.04200000000003001,0.14800000000002456,0.049999999999954525,0.02400000000000091,0.2400000000000091,0.406,,,,,0.346,0.292,0.27,0.231,0.265,0.262,,0.25699999999994816,0.21000000000003638,0.1570000000000391,0.13200000000006185,0.0989999999999327,0.12999999999999545,0.12600000000009004,"{('cu', 'start'): 593.814, ('cu', 'h2dmalloc'): 593.862, ('cu', 'h2d'): 593.875, ('cu', 'workest'): 593.917, ('cu', 'compute'): 594.065, ('cu', 'copy'): 594.115, ('cu', 'pack'): 594.132, ('cu', 'd2h'): 594.156, ('gust', 'start'): 594.229, ('gust', 'h2d'): 594.288, ('gust', 'count'): 594.307, ('gust', 'scan'): 594.339, ('gust', 'expand'): 594.359, ('gust', 'sort'): 594.401, ('gust', 'reduce'): 594.437, ('gust', 'final'): 594.481, ('gust', 'pack'): 594.498, ('gust', 'd2h'): 594.506, ('merge', 'start'): 594.581, ('merge', 'h2d'): 594.64, ('merge', 'count'): 594.661, ('merge', 'scan'): 594.691, ('merge', 'expand'): 594.709, ('merge', 'merge'): 594.728, ('merge', 'final'): 594.761, ('merge', 'compact'): 594.783, ('merge', 'pack'): 594.797, ('merge', 'd2h'): 594.806, ('mrg2', 'start'): 594.879, ('mrg2', 'h2d'): 594.934, ('mrg2', 'count'): 594.953, ('mrg2', 'scan'): 594.982, ('mrg2', 'merge'): 595.004, ('mrg2', 'final'): 595.031, ('mrg2', 'compact'): 595.052, ('mrg2', 'pack'): 595.066, ('mrg2', 'd2h'): 595.075, ('mrg3', 'start'): 595.155, ('mrg3', 'h2d'): 595.211, ('mrg3', 'count'): 595.232, ('mrg3', 'scan'): 595.274, ('mrg3', 'merge'): 595.295, ('mrg3', 'pack'): 595.31, ('mrg3', 'd2h'): 595.318, ('mrg6', 'start'): 595.392, ('mrg6', 'h2d'): 595.448, ('mrg6', 'mean_numk'): 595.455, ('mrg6', 'scan'): 595.495, ('mrg6', 'classify'): 595.5, ('mrg6', 'light'): 595.518, ('mrg6', 'compact'): 595.556, ('mrg6', 'pack'): 595.578, ('mrg6', 'd2h'): 595.586, ('mrg7', 'start'): 595.662, ('mrg7', 'h2d'): 595.718, ('mrg7', 'mean_numk'): 595.723, ('mrg7', 'scan'): 595.765, ('mrg7', 'classify'): 595.769, ('mrg7', 'light'): 595.789, ('mrg7', 'compact'): 595.829, ('mrg7', 'pack'): 595.844, ('mrg7', 'd2h'): 595.852}",0.0258010113611817,0.1327583997976034
Highly sparse,bcspwr05,443,1623,0.8270105834934192,4249,4249,4249,4249,4249,4249,4249,0.0,,0.05700000000001637,0.15499999999997272,0.06099999999992178,0.035000000000081855,0.27299999999991087,0.503,,,,,0.524,0.438,0.314,0.26,0.301,0.305,,0.2969999999999118,0.34600000000000364,0.2579999999999245,0.16300000000001091,0.1150000000000091,0.15399999999999636,0.15000000000009095,"{('cu', 'start'): 577.125, ('cu', 'h2dmalloc'): 577.191, ('cu', 'h2d'): 577.21, ('cu', 'workest'): 577.267, ('cu', 'compute'): 577.422, ('cu', 'copy'): 577.483, ('cu', 'pack'): 577.507, ('cu', 'd2h'): 577.542, ('gust', 'start'): 577.64, ('gust', 'h2d'): 577.713, ('gust', 'count'): 577.739, ('gust', 'scan'): 577.781, ('gust', 'expand'): 577.81, ('gust', 'sort'): 577.929, ('gust', 'reduce'): 577.976, ('gust', 'final'): 578.035, ('gust', 'pack'): 578.059, ('gust', 'd2h'): 578.072, ('merge', 'start'): 578.172, ('merge', 'h2d'): 578.248, ('merge', 'count'): 578.273, ('merge', 'scan'): 578.316, ('merge', 'expand'): 578.35, ('merge', 'merge'): 578.409, ('merge', 'final'): 578.453, ('merge', 'compact'): 578.482, ('merge', 'pack'): 578.506, ('merge', 'd2h'): 578.52, ('mrg2', 'start'): 578.614, ('mrg2', 'h2d'): 578.68, ('mrg2', 'count'): 578.7, ('mrg2', 'scan'): 578.733, ('mrg2', 'merge'): 578.775, ('mrg2', 'final'): 578.805, ('mrg2', 'compact'): 578.827, ('mrg2', 'pack'): 578.843, ('mrg2', 'd2h'): 578.853, ('mrg3', 'start'): 578.934, ('mrg3', 'h2d'): 578.995, ('mrg3', 'count'): 579.023, ('mrg3', 'scan'): 579.067, ('mrg3', 'merge'): 579.095, ('mrg3', 'pack'): 579.11, ('mrg3', 'd2h'): 579.12, ('mrg6', 'start'): 579.199, ('mrg6', 'h2d'): 579.26, ('mrg6', 'mean_numk'): 579.264, ('mrg6', 'scan'): 579.309, ('mrg6', 'classify'): 579.314, ('mrg6', 'light'): 579.355, ('mrg6', 'compact'): 579.397, ('mrg6', 'pack'): 579.414, ('mrg6', 'd2h'): 579.424, ('mrg7', 'start'): 579.506, ('mrg7', 'h2d'): 579.574, ('mrg7', 'mean_numk'): 579.58, ('mrg7', 'scan'): 579.623, ('mrg7', 'classify'): 579.628, ('mrg7', 'light'): 579.663, ('mrg7', 'compact'): 579.704, ('mrg7', 'pack'): 579.724, ('mrg7', 'd2h'): 579.734}",0.0603349180892109,0.1723743997747078
Highly sparse,bcsstk26,1922,30336,0.8212049319939666,92530,92530,92530,92530,92530,92530,92530,0.0,,0.05299999999999727,0.25499999999999545,0.05600000000004002,0.10700000000008458,0.36400000000003274,0.706,,,,,1.001,1.101,0.578,0.398,0.575,0.558,,0.4289999999999736,0.8290000000000646,0.9290000000000873,0.40300000000002,0.2259999999999991,0.3100000000000591,0.30299999999999727,"{('cu', 'start'): 596.097, ('cu', 'h2dmalloc'): 596.145, ('cu', 'h2d'): 596.169, ('cu', 'workest'): 596.222, ('cu', 'compute'): 596.477, ('cu', 'copy'): 596.533, ('cu', 'pack'): 596.598, ('cu', 'd2h'): 596.705, ('gust', 'start'): 596.809, ('gust', 'h2d'): 596.877, ('gust', 'count'): 596.898, ('gust', 'scan'): 596.932, ('gust', 'expand'): 597.052, ('gust', 'sort'): 597.295, ('gust', 'reduce'): 597.446, ('gust', 'final'): 597.687, ('gust', 'pack'): 597.706, ('gust', 'd2h'): 597.741, ('merge', 'start'): 597.816, ('merge', 'h2d'): 597.886, ('merge', 'count'): 597.908, ('merge', 'scan'): 597.942, ('merge', 'expand'): 598.12, ('merge', 'merge'): 598.557, ('merge', 'final'): 598.685, ('merge', 'compact'): 598.797, ('merge', 'pack'): 598.815, ('merge', 'd2h'): 598.851, ('mrg2', 'start'): 598.923, ('mrg2', 'h2d'): 598.991, ('mrg2', 'count'): 599.012, ('mrg2', 'scan'): 599.045, ('mrg2', 'merge'): 599.235, ('mrg2', 'final'): 599.267, ('mrg2', 'compact'): 599.376, ('mrg2', 'pack'): 599.394, ('mrg2', 'd2h'): 599.43, ('mrg3', 'start'): 599.506, ('mrg3', 'h2d'): 599.573, ('mrg3', 'count'): 599.642, ('mrg3', 'scan'): 599.686, ('mrg3', 'merge'): 599.783, ('mrg3', 'pack'): 599.799, ('mrg3', 'd2h'): 599.834, ('mrg6', 'start'): 599.91, ('mrg6', 'h2d'): 599.978, ('mrg6', 'mean_numk'): 599.984, ('mrg6', 'scan'): 600.034, ('mrg6', 'classify'): 600.04, ('mrg6', 'light'): 600.222, ('mrg6', 'compact'): 600.271, ('mrg6', 'pack'): 600.288, ('mrg6', 'd2h'): 600.323, ('mrg7', 'start'): 600.49, ('mrg7', 'h2d'): 600.558, ('mrg7', 'mean_numk'): 600.566, ('mrg7', 'scan'): 600.612, ('mrg7', 'classify'): 600.617, ('mrg7', 'light'): 600.797, ('mrg7', 'compact'): 600.845, ('mrg7', 'pack'): 600.861, ('mrg7', 'd2h'): 600.896}",0.5062510026618838,0.3768031994812191
Highly sparse,bcsstk33,8738,591904,0.775223972597465,2569536,2569536,2569536,2569536,2569536,2569536,2569536,0.0,,0.20799999999997,2.285000000000082,0.17999999999994998,1.3339999999999463,2.673000000000002,5.101,,,,,10.336,21.826,4.76,5.156,4.212,4.867,,2.744000000000028,7.992999999999938,20.131999999999948,3.02800000000002,3.90300000000002,2.7690000000000055,2.770999999999958,"{('cu', 'start'): 786.976, ('cu', 'h2dmalloc'): 787.028, ('cu', 'h2d'): 787.876, ('cu', 'workest'): 788.084, ('cu', 'compute'): 790.369, ('cu', 'copy'): 790.549, ('cu', 'pack'): 790.62, ('cu', 'd2h'): 791.954, ('gust', 'start'): 792.084, ('gust', 'h2d'): 793.345, ('gust', 'count'): 793.431, ('gust', 'scan'): 793.477, ('gust', 'expand'): 794.16, ('gust', 'sort'): 799.732, ('gust', 'reduce'): 800.296, ('gust', 'final'): 801.254, ('gust', 'pack'): 801.338, ('gust', 'd2h'): 802.094, ('merge', 'start'): 802.427, ('merge', 'h2d'): 803.053, ('merge', 'count'): 803.169, ('merge', 'scan'): 803.213, ('merge', 'expand'): 805.48, ('merge', 'merge'): 822.48, ('merge', 'final'): 822.777, ('merge', 'compact'): 823.115, ('merge', 'pack'): 823.185, ('merge', 'd2h'): 823.942, ('mrg2', 'start'): 824.261, ('mrg2', 'h2d'): 824.923, ('mrg2', 'count'): 825.044, ('mrg2', 'scan'): 825.088, ('mrg2', 'merge'): 827.458, ('mrg2', 'final'): 827.498, ('mrg2', 'compact'): 827.864, ('mrg2', 'pack'): 827.951, ('mrg2', 'd2h'): 828.707, ('mrg3', 'start'): 829.028, ('mrg3', 'h2d'): 829.262, ('mrg3', 'count'): 830.803, ('mrg3', 'scan'): 830.855, ('mrg3', 'merge'): 833.098, ('mrg3', 'pack'): 833.165, ('mrg3', 'd2h'): 833.921, ('mrg6', 'start'): 834.19, ('mrg6', 'h2d'): 834.424, ('mrg6', 'mean_numk'): 834.444, ('mrg6', 'scan'): 834.552, ('mrg6', 'classify'): 834.564, ('mrg6', 'light'): 836.948, ('mrg6', 'compact'): 837.124, ('mrg6', 'pack'): 837.193, ('mrg6', 'd2h'): 837.947, ('mrg7', 'start'): 838.408, ('mrg7', 'h2d'): 839.301, ('mrg7', 'mean_numk'): 839.318, ('mrg7', 'scan'): 839.474, ('mrg7', 'classify'): 839.486, ('mrg7', 'light'): 841.836, ('mrg7', 'compact'): 842.004, ('mrg7', 'pack'): 842.072, ('mrg7', 'd2h'): 842.823}",32.81798597890884,1.4238559904042631
Highly sparse,bcsstm04,132,132,0.7575757575757576,132,132,132,132,132,132,132,0.0,,0.041999999999916326,0.15200000000004366,0.04600000000004911,0.024999999999977263,0.2400000000000091,0.409,,,,,0.364,0.304,0.275,0.238,0.275,0.266,,0.2559999999999718,0.21899999999993724,0.16200000000003456,0.1349999999999909,0.09700000000009368,0.12999999999999545,0.125,"{('cu', 'start'): 584.85, ('cu', 'h2dmalloc'): 584.9, ('cu', 'h2d'): 584.912, ('cu', 'workest'): 584.954, ('cu', 'compute'): 585.106, ('cu', 'copy'): 585.152, ('cu', 'pack'): 585.168, ('cu', 'd2h'): 585.193, ('gust', 'start'): 585.265, ('gust', 'h2d'): 585.325, ('gust', 'count'): 585.349, ('gust', 'scan'): 585.382, ('gust', 'expand'): 585.401, ('gust', 'sort'): 585.445, ('gust', 'reduce'): 585.479, ('gust', 'final'): 585.528, ('gust', 'pack'): 585.544, ('gust', 'd2h'): 585.553, ('merge', 'start'): 585.634, ('merge', 'h2d'): 585.693, ('merge', 'count'): 585.713, ('merge', 'scan'): 585.744, ('merge', 'expand'): 585.762, ('merge', 'merge'): 585.782, ('merge', 'final'): 585.816, ('merge', 'compact'): 585.841, ('merge', 'pack'): 585.855, ('merge', 'd2h'): 585.865, ('mrg2', 'start'): 585.944, ('mrg2', 'h2d'): 586.001, ('mrg2', 'count'): 586.02, ('mrg2', 'scan'): 586.051, ('mrg2', 'merge'): 586.072, ('mrg2', 'final'): 586.1, ('mrg2', 'compact'): 586.122, ('mrg2', 'pack'): 586.136, ('mrg2', 'd2h'): 586.145, ('mrg3', 'start'): 586.224, ('mrg3', 'h2d'): 586.281, ('mrg3', 'count'): 586.301, ('mrg3', 'scan'): 586.344, ('mrg3', 'merge'): 586.364, ('mrg3', 'pack'): 586.378, ('mrg3', 'd2h'): 586.387, ('mrg6', 'start'): 586.467, ('mrg6', 'h2d'): 586.526, ('mrg6', 'mean_numk'): 586.53, ('mrg6', 'scan'): 586.573, ('mrg6', 'classify'): 586.577, ('mrg6', 'light'): 586.595, ('mrg6', 'compact'): 586.636, ('mrg6', 'pack'): 586.656, ('mrg6', 'd2h'): 586.665, ('mrg7', 'start'): 586.746, ('mrg7', 'h2d'): 586.804, ('mrg7', 'mean_numk'): 586.808, ('mrg7', 'scan'): 586.851, ('mrg7', 'classify'): 586.854, ('mrg7', 'light'): 586.872, ('mrg7', 'compact'): 586.913, ('mrg7', 'pack'): 586.929, ('mrg7', 'd2h'): 586.937}",0.0260770320892334,0.1342175999190658
Highly sparse,bcsstk15,3948,117816,0.7558750073139261,527688,527688,527688,527688,527688,527688,527688,0.0,,0.10099999999999909,0.70799999999997,0.15199999999992997,0.44400000000007367,0.960999999999899,1.698,,,,,2.092,2.751,1.256,1.174,1.254,1.268,,1.0279999999999063,1.56899999999996,2.228999999999928,0.7360000000001037,0.6539999999999964,0.6240000000000236,0.636000000000081,"{('cu', 'start'): 625.199, ('cu', 'h2dmalloc'): 625.251, ('cu', 'h2d'): 625.301, ('cu', 'workest'): 625.402, ('cu', 'compute'): 626.11, ('cu', 'copy'): 626.262, ('cu', 'pack'): 626.329, ('cu', 'd2h'): 626.773, ('gust', 'start'): 626.904, ('gust', 'h2d'): 627.0, ('gust', 'count'): 627.025, ('gust', 'scan'): 627.06, ('gust', 'expand'): 627.221, ('gust', 'sort'): 627.9, ('gust', 'reduce'): 628.076, ('gust', 'final'): 628.494, ('gust', 'pack'): 628.569, ('gust', 'd2h'): 628.773, ('merge', 'start'): 629.001, ('merge', 'h2d'): 629.099, ('merge', 'count'): 629.125, ('merge', 'scan'): 629.16, ('merge', 'expand'): 629.492, ('merge', 'merge'): 630.865, ('merge', 'final'): 631.02, ('merge', 'compact'): 631.256, ('merge', 'pack'): 631.328, ('merge', 'd2h'): 631.532, ('mrg2', 'start'): 631.757, ('mrg2', 'h2d'): 631.853, ('mrg2', 'count'): 631.877, ('mrg2', 'scan'): 631.911, ('mrg2', 'merge'): 632.262, ('mrg2', 'final'): 632.297, ('mrg2', 'compact'): 632.518, ('mrg2', 'pack'): 632.589, ('mrg2', 'd2h'): 632.794, ('mrg3', 'start'): 633.018, ('mrg3', 'h2d'): 633.113, ('mrg3', 'count'): 633.302, ('mrg3', 'scan'): 633.349, ('mrg3', 'merge'): 633.703, ('mrg3', 'pack'): 633.767, ('mrg3', 'd2h'): 633.966, ('mrg6', 'start'): 634.198, ('mrg6', 'h2d'): 634.295, ('mrg6', 'mean_numk'): 634.302, ('mrg6', 'scan'): 634.357, ('mrg6', 'classify'): 634.364, ('mrg6', 'light'): 634.711, ('mrg6', 'compact'): 634.852, ('mrg6', 'pack'): 634.919, ('mrg6', 'd2h'): 635.122, ('mrg7', 'start'): 635.457, ('mrg7', 'h2d'): 635.554, ('mrg7', 'mean_numk'): 635.561, ('mrg7', 'scan'): 635.612, ('mrg7', 'classify'): 635.619, ('mrg7', 'light'): 635.973, ('mrg7', 'compact'): 636.122, ('mrg7', 'pack'): 636.19, ('mrg7', 'd2h'): 636.394}",3.446032991632819,0.3556511993519962
Highly sparse,bcsstm22,138,138,0.7246376811594203,138,138,138,138,138,138,138,0.0,,0.04800000000000182,0.1470000000000482,0.04600000000004911,0.023000000000024556,0.24100000000009913,0.404,,,,,0.373,0.304,0.272,0.25,0.275,0.263,,0.2580000000000382,0.21500000000003183,0.16700000000003,0.1349999999999909,0.10399999999992815,0.1329999999999245,0.1269999999999527,"{('cu', 'start'): 604.869, ('cu', 'h2dmalloc'): 604.917, ('cu', 'h2d'): 604.93, ('cu', 'workest'): 604.978, ('cu', 'compute'): 605.125, ('cu', 'copy'): 605.171, ('cu', 'pack'): 605.188, ('cu', 'd2h'): 605.211, ('gust', 'start'): 605.28, ('gust', 'h2d'): 605.356, ('gust', 'count'): 605.38, ('gust', 'scan'): 605.412, ('gust', 'expand'): 605.433, ('gust', 'sort'): 605.475, ('gust', 'reduce'): 605.51, ('gust', 'final'): 605.555, ('gust', 'pack'): 605.571, ('gust', 'd2h'): 605.58, ('merge', 'start'): 605.659, ('merge', 'h2d'): 605.718, ('merge', 'count'): 605.739, ('merge', 'scan'): 605.769, ('merge', 'expand'): 605.791, ('merge', 'merge'): 605.811, ('merge', 'final'): 605.843, ('merge', 'compact'): 605.871, ('merge', 'pack'): 605.885, ('merge', 'd2h'): 605.894, ('mrg2', 'start'): 605.969, ('mrg2', 'h2d'): 606.027, ('mrg2', 'count'): 606.046, ('mrg2', 'scan'): 606.075, ('mrg2', 'merge'): 606.096, ('mrg2', 'final'): 606.126, ('mrg2', 'compact'): 606.147, ('mrg2', 'pack'): 606.162, ('mrg2', 'd2h'): 606.17, ('mrg3', 'start'): 606.246, ('mrg3', 'h2d'): 606.311, ('mrg3', 'count'): 606.336, ('mrg3', 'scan'): 606.38, ('mrg3', 'merge'): 606.401, ('mrg3', 'pack'): 606.415, ('mrg3', 'd2h'): 606.424, ('mrg6', 'start'): 606.503, ('mrg6', 'h2d'): 606.561, ('mrg6', 'mean_numk'): 606.567, ('mrg6', 'scan'): 606.609, ('mrg6', 'classify'): 606.613, ('mrg6', 'light'): 606.631, ('mrg6', 'compact'): 606.673, ('mrg6', 'pack'): 606.694, ('mrg6', 'd2h'): 606.703, ('mrg7', 'start'): 606.781, ('mrg7', 'h2d'): 606.839, ('mrg7', 'mean_numk'): 606.844, ('mrg7', 'scan'): 606.885, ('mrg7', 'classify'): 606.894, ('mrg7', 'light'): 606.912, ('mrg7', 'compact'): 606.95, ('mrg7', 'pack'): 606.966, ('mrg7', 'd2h'): 606.975}",0.0298250233754515,0.135264000040479
Highly sparse,bp_1600,822,4841,0.7164591732229859,23625,23625,23625,23625,23625,23625,23625,0.0,,0.051000000000044565,0.16899999999998272,0.05499999999994998,0.03099999999994907,0.27499999999997726,0.455,,,,,0.516,17.36,1.559,0.927,1.169,1.161,,0.29200000000003,0.36000000000001364,17.206000000000017,1.4039999999999964,0.7709999999999582,1.01400000000001,1.0060000000000855,"{('cu', 'start'): 635.864, ('cu', 'h2dmalloc'): 635.915, ('cu', 'h2d'): 635.929, ('cu', 'workest'): 635.98, ('cu', 'compute'): 636.149, ('cu', 'copy'): 636.204, ('cu', 'pack'): 636.221, ('cu', 'd2h'): 636.252, ('gust', 'start'): 636.326, ('gust', 'h2d'): 636.388, ('gust', 'count'): 636.424, ('gust', 'scan'): 636.458, ('gust', 'expand'): 636.511, ('gust', 'sort'): 636.637, ('gust', 'reduce'): 636.675, ('gust', 'final'): 636.732, ('gust', 'pack'): 636.748, ('gust', 'd2h'): 636.763, ('merge', 'start'): 636.847, ('merge', 'h2d'): 636.909, ('merge', 'count'): 636.944, ('merge', 'scan'): 636.976, ('merge', 'expand'): 637.225, ('merge', 'merge'): 654.041, ('merge', 'final'): 654.078, ('merge', 'compact'): 654.101, ('merge', 'pack'): 654.115, ('merge', 'd2h'): 654.13, ('mrg2', 'start'): 654.213, ('mrg2', 'h2d'): 654.275, ('mrg2', 'count'): 654.306, ('mrg2', 'scan'): 654.339, ('mrg2', 'merge'): 655.609, ('mrg2', 'final'): 655.642, ('mrg2', 'compact'): 655.663, ('mrg2', 'pack'): 655.679, ('mrg2', 'd2h'): 655.695, ('mrg3', 'start'): 655.776, ('mrg3', 'h2d'): 655.837, ('mrg3', 'count'): 656.164, ('mrg3', 'scan'): 656.214, ('mrg3', 'merge'): 656.592, ('mrg3', 'pack'): 656.608, ('mrg3', 'd2h'): 656.627, ('mrg6', 'start'): 656.708, ('mrg6', 'h2d'): 656.769, ('mrg6', 'mean_numk'): 656.778, ('mrg6', 'scan'): 656.835, ('mrg6', 'classify'): 656.845, ('mrg6', 'light'): 657.01, ('mrg6', 'heavy'): 657.722, ('mrg6', 'compact'): 657.767, ('mrg6', 'pack'): 657.783, ('mrg6', 'd2h'): 657.798, ('mrg7', 'start'): 657.883, ('mrg7', 'h2d'): 657.944, ('mrg7', 'mean_numk'): 657.949, ('mrg7', 'scan'): 658.004, ('mrg7', 'classify'): 658.015, ('mrg7', 'light'): 658.179, ('mrg7', 'heavy'): 658.891, ('mrg7', 'compact'): 658.935, ('mrg7', 'pack'): 658.95, ('mrg7', 'd2h'): 658.966}",0.0892899697646498,0.2258143999380991
Highly sparse,bp_1400,822,4790,0.7089112662132002,23154,23154,23154,23154,23154,23154,23154,0.0,,0.05200000000002092,0.16800000000000637,0.05200000000002092,0.029999999999972715,0.2720000000000482,0.446,,,,,0.501,17.707,1.527,0.924,1.164,1.157,,0.28899999999998727,0.3509999999999991,17.558000000000106,1.3799999999999955,0.7649999999999864,1.009999999999991,1.0070000000000618,"{('cu', 'start'): 648.508, ('cu', 'h2dmalloc'): 648.557, ('cu', 'h2d'): 648.572, ('cu', 'workest'): 648.624, ('cu', 'compute'): 648.792, ('cu', 'copy'): 648.844, ('cu', 'pack'): 648.861, ('cu', 'd2h'): 648.891, ('gust', 'start'): 648.961, ('gust', 'h2d'): 649.023, ('gust', 'count'): 649.056, ('gust', 'scan'): 649.088, ('gust', 'expand'): 649.141, ('gust', 'sort'): 649.267, ('gust', 'reduce'): 649.304, ('gust', 'final'): 649.356, ('gust', 'pack'): 649.374, ('gust', 'd2h'): 649.389, ('merge', 'start'): 649.469, ('merge', 'h2d'): 649.531, ('merge', 'count'): 649.567, ('merge', 'scan'): 649.599, ('merge', 'expand'): 649.855, ('merge', 'merge'): 667.012, ('merge', 'final'): 667.049, ('merge', 'compact'): 667.072, ('merge', 'pack'): 667.089, ('merge', 'd2h'): 667.104, ('mrg2', 'start'): 667.18, ('mrg2', 'h2d'): 667.24, ('mrg2', 'count'): 667.272, ('mrg2', 'scan'): 667.305, ('mrg2', 'merge'): 668.545, ('mrg2', 'final'): 668.577, ('mrg2', 'compact'): 668.598, ('mrg2', 'pack'): 668.62, ('mrg2', 'd2h'): 668.636, ('mrg3', 'start'): 668.713, ('mrg3', 'h2d'): 668.773, ('mrg3', 'count'): 669.093, ('mrg3', 'scan'): 669.139, ('mrg3', 'merge'): 669.522, ('mrg3', 'pack'): 669.538, ('mrg3', 'd2h'): 669.558, ('mrg6', 'start'): 669.643, ('mrg6', 'h2d'): 669.705, ('mrg6', 'mean_numk'): 669.711, ('mrg6', 'scan'): 669.766, ('mrg6', 'classify'): 669.777, ('mrg6', 'light'): 669.94, ('mrg6', 'heavy'): 670.652, ('mrg6', 'compact'): 670.697, ('mrg6', 'pack'): 670.715, ('mrg6', 'd2h'): 670.731, ('mrg7', 'start'): 670.812, ('mrg7', 'h2d'): 670.872, ('mrg7', 'mean_numk'): 670.877, ('mrg7', 'scan'): 670.933, ('mrg7', 'classify'): 670.944, ('mrg7', 'light'): 671.107, ('mrg7', 'heavy'): 671.816, ('mrg7', 'compact'): 671.859, ('mrg7', 'pack'): 671.879, ('mrg7', 'd2h'): 671.895}",0.0700450036674737,0.2279071998782456
Highly sparse,bp_1200,822,4726,0.6994393829068026,22313,22313,22313,22313,22313,22313,22313,0.0,,0.051000000000044565,0.16099999999994452,0.05000000000006821,0.028999999999996362,0.2620000000000573,0.439,,,,,0.514,17.902,1.544,0.921,1.166,1.159,,0.27800000000002,0.3550000000000182,17.744000000000028,1.3880000000000337,0.761000000000081,1.004000000000019,1.002999999999929,"{('cu', 'start'): 627.597, ('cu', 'h2dmalloc'): 627.65, ('cu', 'h2d'): 627.664, ('cu', 'workest'): 627.715, ('cu', 'compute'): 627.876, ('cu', 'copy'): 627.926, ('cu', 'pack'): 627.942, ('cu', 'd2h'): 627.971, ('gust', 'start'): 628.043, ('gust', 'h2d'): 628.11, ('gust', 'count'): 628.141, ('gust', 'scan'): 628.175, ('gust', 'expand'): 628.232, ('gust', 'sort'): 628.357, ('gust', 'reduce'): 628.395, ('gust', 'final'): 628.448, ('gust', 'pack'): 628.465, ('gust', 'd2h'): 628.48, ('merge', 'start'): 628.562, ('merge', 'h2d'): 628.626, ('merge', 'count'): 628.658, ('merge', 'scan'): 628.691, ('merge', 'expand'): 628.94, ('merge', 'merge'): 646.293, ('merge', 'final'): 646.332, ('merge', 'compact'): 646.355, ('merge', 'pack'): 646.37, ('merge', 'd2h'): 646.386, ('mrg2', 'start'): 646.47, ('mrg2', 'h2d'): 646.534, ('mrg2', 'count'): 646.564, ('mrg2', 'scan'): 646.597, ('mrg2', 'merge'): 647.851, ('mrg2', 'final'): 647.883, ('mrg2', 'compact'): 647.905, ('mrg2', 'pack'): 647.922, ('mrg2', 'd2h'): 647.937, ('mrg3', 'start'): 648.019, ('mrg3', 'h2d'): 648.084, ('mrg3', 'count'): 648.402, ('mrg3', 'scan'): 648.448, ('mrg3', 'merge'): 648.829, ('mrg3', 'pack'): 648.845, ('mrg3', 'd2h'): 648.863, ('mrg6', 'start'): 648.945, ('mrg6', 'h2d'): 649.007, ('mrg6', 'mean_numk'): 649.012, ('mrg6', 'scan'): 649.067, ('mrg6', 'classify'): 649.083, ('mrg6', 'light'): 649.24, ('mrg6', 'heavy'): 649.95, ('mrg6', 'compact'): 649.994, ('mrg6', 'pack'): 650.011, ('mrg6', 'd2h'): 650.027, ('mrg7', 'start'): 650.116, ('mrg7', 'h2d'): 650.177, ('mrg7', 'mean_numk'): 650.184, ('mrg7', 'scan'): 650.239, ('mrg7', 'classify'): 650.248, ('mrg7', 'light'): 650.404, ('mrg7', 'heavy'): 651.12, ('mrg7', 'compact'): 651.163, ('mrg7', 'pack'): 651.18, ('mrg7', 'd2h'): 651.195}",0.0899799633771181,0.2252448005601763
Highly sparse,685_bus,685,3249,0.6924183494059353,9337,9337,9337,9337,9337,9337,9337,0.0,,0.05099999999993088,0.15200000000004366,0.04800000000000182,0.025999999999953616,0.25099999999997635,0.425,,,,,0.447,0.376,0.312,0.287,0.307,0.296,,0.2680000000000291,0.29899999999997817,0.23099999999999454,0.16200000000003456,0.1410000000000764,0.15999999999996817,0.15099999999995362,"{('cu', 'start'): 570.238, ('cu', 'h2dmalloc'): 570.288, ('cu', 'h2d'): 570.302, ('cu', 'workest'): 570.353, ('cu', 'compute'): 570.505, ('cu', 'copy'): 570.553, ('cu', 'pack'): 570.57, ('cu', 'd2h'): 570.596, ('gust', 'start'): 570.669, ('gust', 'h2d'): 570.731, ('gust', 'count'): 570.751, ('gust', 'scan'): 570.784, ('gust', 'expand'): 570.811, ('gust', 'sort'): 570.924, ('gust', 'reduce'): 570.962, ('gust', 'final'): 571.013, ('gust', 'pack'): 571.03, ('gust', 'd2h'): 571.041, ('merge', 'start'): 571.121, ('merge', 'h2d'): 571.182, ('merge', 'count'): 571.203, ('merge', 'scan'): 571.234, ('merge', 'expand'): 571.264, ('merge', 'merge'): 571.338, ('merge', 'final'): 571.373, ('merge', 'compact'): 571.399, ('merge', 'pack'): 571.413, ('merge', 'd2h'): 571.424, ('mrg2', 'start'): 571.503, ('mrg2', 'h2d'): 571.563, ('mrg2', 'count'): 571.585, ('mrg2', 'scan'): 571.616, ('mrg2', 'merge'): 571.659, ('mrg2', 'final'): 571.689, ('mrg2', 'compact'): 571.711, ('mrg2', 'pack'): 571.725, ('mrg2', 'd2h'): 571.737, ('mrg3', 'start'): 571.82, ('mrg3', 'h2d'): 571.881, ('mrg3', 'count'): 571.919, ('mrg3', 'scan'): 571.967, ('mrg3', 'merge'): 572.006, ('mrg3', 'pack'): 572.022, ('mrg3', 'd2h'): 572.034, ('mrg6', 'start'): 572.112, ('mrg6', 'h2d'): 572.172, ('mrg6', 'mean_numk'): 572.18, ('mrg6', 'scan'): 572.224, ('mrg6', 'classify'): 572.228, ('mrg6', 'light'): 572.274, ('mrg6', 'compact'): 572.316, ('mrg6', 'pack'): 572.332, ('mrg6', 'd2h'): 572.344, ('mrg7', 'start'): 572.425, ('mrg7', 'h2d'): 572.485, ('mrg7', 'mean_numk'): 572.49, ('mrg7', 'scan'): 572.533, ('mrg7', 'classify'): 572.538, ('mrg7', 'light'): 572.579, ('mrg7', 'compact'): 572.62, ('mrg7', 'pack'): 572.636, ('mrg7', 'd2h'): 572.647}",0.0474780099466443,0.1829727998701855
Highly sparse,bp_1000,822,4661,0.6898195014237425,21373,21373,21373,21373,21373,21373,21373,0.0,,0.05200000000002092,0.1750000000000682,0.05199999999990723,0.029999999999972715,0.27899999999999636,0.463,,,,,0.512,17.512,1.527,0.93,1.161,1.174,,0.29500000000007276,0.3529999999999518,17.357999999999947,1.370999999999981,0.7670000000000528,1.004000000000019,0.9979999999999336,"{('cu', 'start'): 647.127, ('cu', 'h2dmalloc'): 647.18, ('cu', 'h2d'): 647.194, ('cu', 'workest'): 647.246, ('cu', 'compute'): 647.421, ('cu', 'copy'): 647.473, ('cu', 'pack'): 647.489, ('cu', 'd2h'): 647.519, ('gust', 'start'): 647.597, ('gust', 'h2d'): 647.662, ('gust', 'count'): 647.694, ('gust', 'scan'): 647.728, ('gust', 'expand'): 647.782, ('gust', 'sort'): 647.907, ('gust', 'reduce'): 647.946, ('gust', 'final'): 647.999, ('gust', 'pack'): 648.015, ('gust', 'd2h'): 648.03, ('merge', 'start'): 648.114, ('merge', 'h2d'): 648.176, ('merge', 'count'): 648.208, ('merge', 'scan'): 648.241, ('merge', 'expand'): 648.485, ('merge', 'merge'): 665.457, ('merge', 'final'): 665.497, ('merge', 'compact'): 665.519, ('merge', 'pack'): 665.534, ('merge', 'd2h'): 665.549, ('mrg2', 'start'): 665.632, ('mrg2', 'h2d'): 665.695, ('mrg2', 'count'): 665.727, ('mrg2', 'scan'): 665.759, ('mrg2', 'merge'): 666.993, ('mrg2', 'final'): 667.028, ('mrg2', 'compact'): 667.05, ('mrg2', 'pack'): 667.066, ('mrg2', 'd2h'): 667.081, ('mrg3', 'start'): 667.164, ('mrg3', 'h2d'): 667.226, ('mrg3', 'count'): 667.549, ('mrg3', 'scan'): 667.596, ('mrg3', 'merge'): 667.977, ('mrg3', 'pack'): 667.993, ('mrg3', 'd2h'): 668.016, ('mrg6', 'start'): 668.099, ('mrg6', 'h2d'): 668.16, ('mrg6', 'mean_numk'): 668.165, ('mrg6', 'scan'): 668.222, ('mrg6', 'classify'): 668.232, ('mrg6', 'light'): 668.392, ('mrg6', 'heavy'): 669.103, ('mrg6', 'compact'): 669.147, ('mrg6', 'pack'): 669.164, ('mrg6', 'd2h'): 669.178, ('mrg7', 'start'): 669.265, ('mrg7', 'h2d'): 669.326, ('mrg7', 'mean_numk'): 669.332, ('mrg7', 'scan'): 669.388, ('mrg7', 'classify'): 669.397, ('mrg7', 'light'): 669.558, ('mrg7', 'heavy'): 670.258, ('mrg7', 'compact'): 670.307, ('mrg7', 'pack'): 670.324, ('mrg7', 'd2h'): 670.339}",0.0912349205464124,0.2177151991054415
Highly sparse,494_bus,494,1666,0.6826861610582045,4062,4062,4062,4062,4062,4062,4062,0.0,,0.05200000000002092,0.15300000000002,0.04800000000000182,0.02400000000000091,0.25300000000004275,0.423,,,,,0.444,0.349,0.305,0.262,0.304,0.297,,0.26900000000000546,0.2939999999999827,0.20299999999997453,0.15999999999996817,0.11800000000005184,0.15600000000006276,0.15200000000004366,"{('cu', 'start'): 567.196, ('cu', 'h2dmalloc'): 567.246, ('cu', 'h2d'): 567.261, ('cu', 'workest'): 567.313, ('cu', 'compute'): 567.466, ('cu', 'copy'): 567.514, ('cu', 'pack'): 567.53, ('cu', 'd2h'): 567.554, ('gust', 'start'): 567.625, ('gust', 'h2d'): 567.688, ('gust', 'count'): 567.707, ('gust', 'scan'): 567.74, ('gust', 'expand'): 567.761, ('gust', 'sort'): 567.869, ('gust', 'reduce'): 567.913, ('gust', 'final'): 567.965, ('gust', 'pack'): 567.982, ('gust', 'd2h'): 567.992, ('merge', 'start'): 568.075, ('merge', 'h2d'): 568.138, ('merge', 'count'): 568.159, ('merge', 'scan'): 568.191, ('merge', 'expand'): 568.217, ('merge', 'merge'): 568.264, ('merge', 'final'): 568.299, ('merge', 'compact'): 568.326, ('merge', 'pack'): 568.341, ('merge', 'd2h'): 568.351, ('mrg2', 'start'): 568.429, ('mrg2', 'h2d'): 568.49, ('mrg2', 'count'): 568.512, ('mrg2', 'scan'): 568.543, ('mrg2', 'merge'): 568.584, ('mrg2', 'final'): 568.614, ('mrg2', 'compact'): 568.635, ('mrg2', 'pack'): 568.65, ('mrg2', 'd2h'): 568.66, ('mrg3', 'start'): 568.739, ('mrg3', 'h2d'): 568.799, ('mrg3', 'count'): 568.829, ('mrg3', 'scan'): 568.873, ('mrg3', 'merge'): 568.903, ('mrg3', 'pack'): 568.917, ('mrg3', 'd2h'): 568.928, ('mrg6', 'start'): 569.006, ('mrg6', 'h2d'): 569.069, ('mrg6', 'mean_numk'): 569.074, ('mrg6', 'scan'): 569.119, ('mrg6', 'classify'): 569.123, ('mrg6', 'light'): 569.166, ('mrg6', 'compact'): 569.209, ('mrg6', 'pack'): 569.225, ('mrg6', 'd2h'): 569.235, ('mrg7', 'start'): 569.316, ('mrg7', 'h2d'): 569.377, ('mrg7', 'mean_numk'): 569.382, ('mrg7', 'scan'): 569.427, ('mrg7', 'classify'): 569.431, ('mrg7', 'light'): 569.471, ('mrg7', 'compact'): 569.513, ('mrg7', 'pack'): 569.529, ('mrg7', 'd2h'): 569.538}",0.0317340018227696,0.1773664002306759
Highly sparse,bp_800,822,4534,0.6710237329876096,20224,20224,20224,20224,20224,20224,20224,0.0,,0.05200000000002092,0.16999999999995907,0.051000000000044565,0.027000000000043656,0.27300000000002456,0.452,,,,,0.504,16.899,1.484,0.923,1.151,1.1,,0.2899999999999636,0.3550000000000182,16.758000000000038,1.336999999999989,0.7730000000000246,0.9979999999999336,0.9519999999999982,"{('cu', 'start'): 642.464, ('cu', 'h2dmalloc'): 642.513, ('cu', 'h2d'): 642.528, ('cu', 'workest'): 642.58, ('cu', 'compute'): 642.75, ('cu', 'copy'): 642.801, ('cu', 'pack'): 642.818, ('cu', 'd2h'): 642.845, ('gust', 'start'): 642.922, ('gust', 'h2d'): 642.985, ('gust', 'count'): 643.019, ('gust', 'scan'): 643.053, ('gust', 'expand'): 643.106, ('gust', 'sort'): 643.229, ('gust', 'reduce'): 643.268, ('gust', 'final'): 643.323, ('gust', 'pack'): 643.34, ('gust', 'd2h'): 643.354, ('merge', 'start'): 643.432, ('merge', 'h2d'): 643.492, ('merge', 'count'): 643.525, ('merge', 'scan'): 643.559, ('merge', 'expand'): 643.796, ('merge', 'merge'): 660.179, ('merge', 'final'): 660.215, ('merge', 'compact'): 660.236, ('merge', 'pack'): 660.25, ('merge', 'd2h'): 660.264, ('mrg2', 'start'): 660.338, ('mrg2', 'h2d'): 660.398, ('mrg2', 'count'): 660.428, ('mrg2', 'scan'): 660.461, ('mrg2', 'merge'): 661.666, ('mrg2', 'final'): 661.698, ('mrg2', 'compact'): 661.718, ('mrg2', 'pack'): 661.735, ('mrg2', 'd2h'): 661.75, ('mrg3', 'start'): 661.826, ('mrg3', 'h2d'): 661.887, ('mrg3', 'count'): 662.214, ('mrg3', 'scan'): 662.26, ('mrg3', 'merge'): 662.644, ('mrg3', 'pack'): 662.66, ('mrg3', 'd2h'): 662.679, ('mrg6', 'start'): 662.754, ('mrg6', 'h2d'): 662.815, ('mrg6', 'mean_numk'): 662.825, ('mrg6', 'scan'): 662.879, ('mrg6', 'classify'): 662.894, ('mrg6', 'light'): 663.03, ('mrg6', 'heavy'): 663.753, ('mrg6', 'compact'): 663.797, ('mrg6', 'pack'): 663.813, ('mrg6', 'd2h'): 663.828, ('mrg7', 'start'): 663.912, ('mrg7', 'h2d'): 663.972, ('mrg7', 'mean_numk'): 663.978, ('mrg7', 'scan'): 664.033, ('mrg7', 'classify'): 664.043, ('mrg7', 'light'): 664.179, ('mrg7', 'heavy'): 664.862, ('mrg7', 'compact'): 664.908, ('mrg7', 'pack'): 664.924, ('mrg7', 'd2h'): 664.938}",0.0910050002858042,0.2225087988423183
Highly sparse,bcsstm05,153,153,0.6535947712418301,153,153,153,153,153,153,153,0.0,,0.04099999999993997,0.15300000000002,0.04800000000000182,0.02400000000000091,0.2419999999999618,0.413,,,,,0.358,0.303,0.282,0.242,0.279,0.268,,0.2580000000000382,0.21199999999998909,0.1610000000000582,0.13799999999991996,0.09799999999995634,0.1330000000000382,0.125,"{('cu', 'start'): 573.018, ('cu', 'h2dmalloc'): 573.068, ('cu', 'h2d'): 573.081, ('cu', 'workest'): 573.122, ('cu', 'compute'): 573.275, ('cu', 'copy'): 573.323, ('cu', 'pack'): 573.339, ('cu', 'd2h'): 573.363, ('gust', 'start'): 573.439, ('gust', 'h2d'): 573.501, ('gust', 'count'): 573.519, ('gust', 'scan'): 573.551, ('gust', 'expand'): 573.57, ('gust', 'sort'): 573.613, ('gust', 'reduce'): 573.648, ('gust', 'final'): 573.697, ('gust', 'pack'): 573.713, ('gust', 'd2h'): 573.722, ('merge', 'start'): 573.803, ('merge', 'h2d'): 573.862, ('merge', 'count'): 573.881, ('merge', 'scan'): 573.912, ('merge', 'expand'): 573.932, ('merge', 'merge'): 573.951, ('merge', 'final'): 573.986, ('merge', 'compact'): 574.009, ('merge', 'pack'): 574.023, ('merge', 'd2h'): 574.032, ('mrg2', 'start'): 574.111, ('mrg2', 'h2d'): 574.171, ('mrg2', 'count'): 574.189, ('mrg2', 'scan'): 574.221, ('mrg2', 'merge'): 574.242, ('mrg2', 'final'): 574.271, ('mrg2', 'compact'): 574.294, ('mrg2', 'pack'): 574.309, ('mrg2', 'd2h'): 574.319, ('mrg3', 'start'): 574.398, ('mrg3', 'h2d'): 574.457, ('mrg3', 'count'): 574.478, ('mrg3', 'scan'): 574.521, ('mrg3', 'merge'): 574.541, ('mrg3', 'pack'): 574.555, ('mrg3', 'd2h'): 574.564, ('mrg6', 'start'): 574.645, ('mrg6', 'h2d'): 574.702, ('mrg6', 'mean_numk'): 574.707, ('mrg6', 'scan'): 574.75, ('mrg6', 'classify'): 574.753, ('mrg6', 'light'): 574.772, ('mrg6', 'compact'): 574.814, ('mrg6', 'pack'): 574.835, ('mrg6', 'd2h'): 574.844, ('mrg7', 'start'): 574.928, ('mrg7', 'h2d'): 574.987, ('mrg7', 'mean_numk'): 574.991, ('mrg7', 'scan'): 575.034, ('mrg7', 'classify'): 575.038, ('mrg7', 'light'): 575.056, ('mrg7', 'compact'): 575.097, ('mrg7', 'pack'): 575.112, ('mrg7', 'd2h'): 575.121}",0.0495549757033586,0.1344800007063895
Highly sparse,bp_600,822,4172,0.6174483930357978,16464,16464,16464,16464,16464,16464,16464,0.0,,0.04800000000000182,0.15999999999996817,0.049999999999954525,0.028999999999996362,0.2579999999999245,0.435,,,,,0.483,16.376,1.467,0.918,1.135,1.072,,0.2740000000000009,0.3310000000000173,16.224000000000046,1.3140000000000782,0.7649999999999864,0.9819999999999709,0.9210000000000491,"{('cu', 'start'): 635.064, ('cu', 'h2dmalloc'): 635.114, ('cu', 'h2d'): 635.128, ('cu', 'workest'): 635.176, ('cu', 'compute'): 635.336, ('cu', 'copy'): 635.386, ('cu', 'pack'): 635.402, ('cu', 'd2h'): 635.431, ('gust', 'start'): 635.506, ('gust', 'h2d'): 635.568, ('gust', 'count'): 635.599, ('gust', 'scan'): 635.631, ('gust', 'expand'): 635.679, ('gust', 'sort'): 635.793, ('gust', 'reduce'): 635.832, ('gust', 'final'): 635.883, ('gust', 'pack'): 635.899, ('gust', 'd2h'): 635.912, ('merge', 'start'): 635.994, ('merge', 'h2d'): 636.055, ('merge', 'count'): 636.087, ('merge', 'scan'): 636.119, ('merge', 'expand'): 636.336, ('merge', 'merge'): 652.201, ('merge', 'final'): 652.242, ('merge', 'compact'): 652.265, ('merge', 'pack'): 652.279, ('merge', 'd2h'): 652.292, ('mrg2', 'start'): 652.376, ('mrg2', 'h2d'): 652.439, ('mrg2', 'count'): 652.475, ('mrg2', 'scan'): 652.506, ('mrg2', 'merge'): 653.685, ('mrg2', 'final'): 653.716, ('mrg2', 'compact'): 653.738, ('mrg2', 'pack'): 653.753, ('mrg2', 'd2h'): 653.767, ('mrg3', 'start'): 653.848, ('mrg3', 'h2d'): 653.908, ('mrg3', 'count'): 654.232, ('mrg3', 'scan'): 654.279, ('mrg3', 'merge'): 654.658, ('mrg3', 'pack'): 654.673, ('mrg3', 'd2h'): 654.69, ('mrg6', 'start'): 654.771, ('mrg6', 'h2d'): 654.832, ('mrg6', 'mean_numk'): 654.84, ('mrg6', 'scan'): 654.894, ('mrg6', 'classify'): 654.904, ('mrg6', 'light'): 655.04, ('mrg6', 'heavy'): 655.753, ('mrg6', 'compact'): 655.798, ('mrg6', 'pack'): 655.814, ('mrg6', 'd2h'): 655.827, ('mrg7', 'start'): 655.911, ('mrg7', 'h2d'): 655.972, ('mrg7', 'mean_numk'): 655.977, ('mrg7', 'scan'): 656.031, ('mrg7', 'classify'): 656.04, ('mrg7', 'light'): 656.177, ('mrg7', 'heavy'): 656.834, ('mrg7', 'compact'): 656.877, ('mrg7', 'pack'): 656.893, ('mrg7', 'd2h'): 656.906}",0.090590096078813,0.2329984002746641
Highly sparse,bp_400,822,4028,0.596136655596403,15238,15238,15238,15238,15238,15238,15238,0.0,,0.05299999999999727,0.16799999999989268,0.05400000000008731,0.028999999999996362,0.27499999999997726,0.448,,,,,0.483,15.268,1.41,0.912,1.112,1.037,,0.29099999999994,0.3369999999999891,15.109000000000037,1.2560000000000855,0.7630000000000337,0.9630000000000791,0.8920000000000528,"{('cu', 'start'): 645.524, ('cu', 'h2dmalloc'): 645.574, ('cu', 'h2d'): 645.589, ('cu', 'workest'): 645.642, ('cu', 'compute'): 645.81, ('cu', 'copy'): 645.864, ('cu', 'pack'): 645.88, ('cu', 'd2h'): 645.909, ('gust', 'start'): 645.979, ('gust', 'h2d'): 646.042, ('gust', 'count'): 646.073, ('gust', 'scan'): 646.105, ('gust', 'expand'): 646.153, ('gust', 'sort'): 646.268, ('gust', 'reduce'): 646.308, ('gust', 'final'): 646.362, ('gust', 'pack'): 646.379, ('gust', 'd2h'): 646.392, ('merge', 'start'): 646.468, ('merge', 'h2d'): 646.529, ('merge', 'count'): 646.563, ('merge', 'scan'): 646.595, ('merge', 'expand'): 646.808, ('merge', 'merge'): 661.556, ('merge', 'final'): 661.601, ('merge', 'compact'): 661.624, ('merge', 'pack'): 661.638, ('merge', 'd2h'): 661.655, ('mrg2', 'start'): 661.743, ('mrg2', 'h2d'): 661.81, ('mrg2', 'count'): 661.846, ('mrg2', 'scan'): 661.879, ('mrg2', 'merge'): 662.997, ('mrg2', 'final'): 663.029, ('mrg2', 'compact'): 663.051, ('mrg2', 'pack'): 663.066, ('mrg2', 'd2h'): 663.08, ('mrg3', 'start'): 663.159, ('mrg3', 'h2d'): 663.221, ('mrg3', 'count'): 663.545, ('mrg3', 'scan'): 663.591, ('mrg3', 'merge'): 663.967, ('mrg3', 'pack'): 663.984, ('mrg3', 'd2h'): 664.001, ('mrg6', 'start'): 664.077, ('mrg6', 'h2d'): 664.137, ('mrg6', 'mean_numk'): 664.142, ('mrg6', 'scan'): 664.197, ('mrg6', 'classify'): 664.209, ('mrg6', 'light'): 664.336, ('mrg6', 'heavy'): 665.039, ('mrg6', 'compact'): 665.083, ('mrg6', 'pack'): 665.1, ('mrg6', 'd2h'): 665.113, ('mrg7', 'start'): 665.194, ('mrg7', 'h2d'): 665.255, ('mrg7', 'mean_numk'): 665.262, ('mrg7', 'scan'): 665.315, ('mrg7', 'classify'): 665.326, ('mrg7', 'light'): 665.452, ('mrg7', 'heavy'): 666.087, ('mrg7', 'compact'): 666.13, ('mrg7', 'pack'): 666.147, ('mrg7', 'd2h'): 666.16}",0.0745670404285192,0.2126016009133308
Highly sparse,662_bus,662,2474,0.5645256980129791,6480,6480,6480,6480,6480,6480,6480,0.0,,0.05200000000002092,0.15300000000002,0.04899999999997817,0.024999999999977263,0.2540000000000191,0.431,,,,,0.444,0.353,0.311,0.265,0.301,0.298,,0.2740000000000009,0.29300000000000637,0.20500000000004093,0.16399999999998727,0.1190000000000282,0.15099999999995362,0.14999999999997726,"{('cu', 'start'): 577.103, ('cu', 'h2dmalloc'): 577.153, ('cu', 'h2d'): 577.169, ('cu', 'workest'): 577.221, ('cu', 'compute'): 577.374, ('cu', 'copy'): 577.423, ('cu', 'pack'): 577.443, ('cu', 'd2h'): 577.468, ('gust', 'start'): 577.541, ('gust', 'h2d'): 577.606, ('gust', 'count'): 577.626, ('gust', 'scan'): 577.659, ('gust', 'expand'): 577.684, ('gust', 'sort'): 577.796, ('gust', 'reduce'): 577.834, ('gust', 'final'): 577.883, ('gust', 'pack'): 577.899, ('gust', 'd2h'): 577.909, ('merge', 'start'): 577.99, ('merge', 'h2d'): 578.054, ('merge', 'count'): 578.075, ('merge', 'scan'): 578.106, ('merge', 'expand'): 578.133, ('merge', 'merge'): 578.184, ('merge', 'final'): 578.219, ('merge', 'compact'): 578.245, ('merge', 'pack'): 578.259, ('merge', 'd2h'): 578.27, ('mrg2', 'start'): 578.348, ('mrg2', 'h2d'): 578.41, ('mrg2', 'count'): 578.43, ('mrg2', 'scan'): 578.47, ('mrg2', 'merge'): 578.507, ('mrg2', 'final'): 578.537, ('mrg2', 'compact'): 578.559, ('mrg2', 'pack'): 578.574, ('mrg2', 'd2h'): 578.586, ('mrg3', 'start'): 578.665, ('mrg3', 'h2d'): 578.727, ('mrg3', 'count'): 578.756, ('mrg3', 'scan'): 578.799, ('mrg3', 'merge'): 578.831, ('mrg3', 'pack'): 578.846, ('mrg3', 'd2h'): 578.856, ('mrg6', 'start'): 578.935, ('mrg6', 'h2d'): 578.998, ('mrg6', 'mean_numk'): 579.002, ('mrg6', 'scan'): 579.046, ('mrg6', 'classify'): 579.051, ('mrg6', 'light'): 579.09, ('mrg6', 'compact'): 579.132, ('mrg6', 'pack'): 579.149, ('mrg6', 'd2h'): 579.159, ('mrg7', 'start'): 579.241, ('mrg7', 'h2d'): 579.302, ('mrg7', 'mean_numk'): 579.308, ('mrg7', 'scan'): 579.351, ('mrg7', 'classify'): 579.356, ('mrg7', 'light'): 579.39, ('mrg7', 'compact'): 579.431, ('mrg7', 'pack'): 579.452, ('mrg7', 'd2h'): 579.463}",0.0452579697594046,0.1738815991440788
Highly sparse,bp_200,822,3802,0.5626890676706863,13197,13197,13197,13197,13197,13197,13197,0.0,,0.05299999999999727,0.16200000000003456,0.05099999999993088,0.025999999999953616,0.2659999999999627,0.436,,,,,0.489,13.891,1.24,0.833,1.015,1.022,,0.2820000000000391,0.3320000000001073,13.746999999999957,1.0900000000000318,0.6809999999999263,0.8630000000000564,0.8650000000000091,"{('cu', 'start'): 641.079, ('cu', 'h2dmalloc'): 641.13, ('cu', 'h2d'): 641.144, ('cu', 'workest'): 641.197, ('cu', 'compute'): 641.359, ('cu', 'copy'): 641.41, ('cu', 'pack'): 641.426, ('cu', 'd2h'): 641.452, ('gust', 'start'): 641.522, ('gust', 'h2d'): 641.584, ('gust', 'count'): 641.618, ('gust', 'scan'): 641.651, ('gust', 'expand'): 641.697, ('gust', 'sort'): 641.811, ('gust', 'reduce'): 641.85, ('gust', 'final'): 641.9, ('gust', 'pack'): 641.916, ('gust', 'd2h'): 641.929, ('merge', 'start'): 642.017, ('merge', 'h2d'): 642.08, ('merge', 'count'): 642.114, ('merge', 'scan'): 642.146, ('merge', 'expand'): 642.341, ('merge', 'merge'): 655.754, ('merge', 'final'): 655.791, ('merge', 'compact'): 655.813, ('merge', 'pack'): 655.827, ('merge', 'd2h'): 655.838, ('mrg2', 'start'): 655.916, ('mrg2', 'h2d'): 655.982, ('mrg2', 'count'): 656.011, ('mrg2', 'scan'): 656.045, ('mrg2', 'merge'): 657.005, ('mrg2', 'final'): 657.036, ('mrg2', 'compact'): 657.056, ('mrg2', 'pack'): 657.072, ('mrg2', 'd2h'): 657.085, ('mrg3', 'start'): 657.159, ('mrg3', 'h2d'): 657.22, ('mrg3', 'count'): 657.501, ('mrg3', 'scan'): 657.545, ('mrg3', 'merge'): 657.885, ('mrg3', 'pack'): 657.901, ('mrg3', 'd2h'): 657.917, ('mrg6', 'start'): 657.998, ('mrg6', 'h2d'): 658.06, ('mrg6', 'mean_numk'): 658.07, ('mrg6', 'scan'): 658.124, ('mrg6', 'classify'): 658.135, ('mrg6', 'light'): 658.24, ('mrg6', 'heavy'): 658.863, ('mrg6', 'compact'): 658.906, ('mrg6', 'pack'): 658.923, ('mrg6', 'd2h'): 658.935, ('mrg7', 'start'): 659.019, ('mrg7', 'h2d'): 659.08, ('mrg7', 'mean_numk'): 659.085, ('mrg7', 'scan'): 659.138, ('mrg7', 'classify'): 659.149, ('mrg7', 'light'): 659.254, ('mrg7', 'heavy'): 659.887, ('mrg7', 'compact'): 659.928, ('mrg7', 'pack'): 659.945, ('mrg7', 'd2h'): 659.957}",0.0844290480017662,0.2179807999404147
Highly sparse,bcsstm13,2003,21943,0.5469329704893483,90811,90811,90811,90811,90811,90811,90811,0.0,,0.05400000000008731,0.31199999999989814,0.06000000000005912,0.1129999999999427,0.42600000000004457,0.692,,,,,1.115,2.779,0.795,0.577,0.793,0.786,,0.4430000000000973,0.9339999999999691,2.59800000000007,0.6200000000000045,0.3970000000000482,0.5180000000000291,0.5040000000000191,"{('cu', 'start'): 578.847, ('cu', 'h2dmalloc'): 578.899, ('cu', 'h2d'): 578.92, ('cu', 'workest'): 578.974, ('cu', 'compute'): 579.286, ('cu', 'copy'): 579.346, ('cu', 'pack'): 579.363, ('cu', 'd2h'): 579.476, ('gust', 'start'): 579.545, ('gust', 'h2d'): 579.614, ('gust', 'count'): 579.644, ('gust', 'scan'): 579.678, ('gust', 'expand'): 579.813, ('gust', 'sort'): 580.106, ('gust', 'reduce'): 580.253, ('gust', 'final'): 580.528, ('gust', 'pack'): 580.548, ('gust', 'd2h'): 580.585, ('merge', 'start'): 580.667, ('merge', 'h2d'): 580.737, ('merge', 'count'): 580.761, ('merge', 'scan'): 580.794, ('merge', 'expand'): 581.188, ('merge', 'merge'): 583.042, ('merge', 'final'): 583.186, ('merge', 'compact'): 583.315, ('merge', 'pack'): 583.335, ('merge', 'd2h'): 583.372, ('mrg2', 'start'): 583.451, ('mrg2', 'h2d'): 583.519, ('mrg2', 'count'): 583.547, ('mrg2', 'scan'): 583.58, ('mrg2', 'merge'): 583.962, ('mrg2', 'final'): 583.996, ('mrg2', 'compact'): 584.12, ('mrg2', 'pack'): 584.139, ('mrg2', 'd2h'): 584.174, ('mrg3', 'start'): 584.251, ('mrg3', 'h2d'): 584.319, ('mrg3', 'count'): 584.462, ('mrg3', 'scan'): 584.511, ('mrg3', 'merge'): 584.7, ('mrg3', 'pack'): 584.716, ('mrg3', 'd2h'): 584.752, ('mrg6', 'start'): 584.833, ('mrg6', 'h2d'): 584.901, ('mrg6', 'mean_numk'): 584.91, ('mrg6', 'scan'): 584.964, ('mrg6', 'classify'): 584.97, ('mrg6', 'light'): 585.35, ('mrg6', 'compact'): 585.402, ('mrg6', 'pack'): 585.419, ('mrg6', 'd2h'): 585.454, ('mrg7', 'start'): 585.632, ('mrg7', 'h2d'): 585.699, ('mrg7', 'mean_numk'): 585.705, ('mrg7', 'scan'): 585.754, ('mrg7', 'classify'): 585.76, ('mrg7', 'light'): 586.137, ('mrg7', 'compact'): 586.187, ('mrg7', 'pack'): 586.203, ('mrg7', 'd2h'): 586.239}",0.5421569803729653,0.3662431984208524
Highly sparse,bp_0,822,3276,0.4848420267462305,9384,9384,9384,9384,9384,9384,9384,0.0,,0.05199999999990723,0.16200000000003456,0.04899999999997817,0.025999999999953616,0.26299999999991996,0.439,,,,,0.47,11.25,1.12,0.83,1.006,0.924,,0.2799999999999727,0.3209999999999127,11.09800000000007,0.97199999999998,0.6730000000000018,0.8550000000000182,0.7740000000000009,"{('cu', 'start'): 615.692, ('cu', 'h2dmalloc'): 615.744, ('cu', 'h2d'): 615.758, ('cu', 'workest'): 615.81, ('cu', 'compute'): 615.972, ('cu', 'copy'): 616.021, ('cu', 'pack'): 616.038, ('cu', 'd2h'): 616.064, ('gust', 'start'): 616.138, ('gust', 'h2d'): 616.2, ('gust', 'count'): 616.23, ('gust', 'scan'): 616.264, ('gust', 'expand'): 616.306, ('gust', 'sort'): 616.416, ('gust', 'reduce'): 616.455, ('gust', 'final'): 616.504, ('gust', 'pack'): 616.521, ('gust', 'd2h'): 616.532, ('merge', 'start'): 616.613, ('merge', 'h2d'): 616.679, ('merge', 'count'): 616.708, ('merge', 'scan'): 616.746, ('merge', 'expand'): 616.905, ('merge', 'merge'): 627.704, ('merge', 'final'): 627.74, ('merge', 'compact'): 627.762, ('merge', 'pack'): 627.777, ('merge', 'd2h'): 627.789, ('mrg2', 'start'): 627.869, ('mrg2', 'h2d'): 627.929, ('mrg2', 'count'): 627.96, ('mrg2', 'scan'): 627.992, ('mrg2', 'merge'): 628.833, ('mrg2', 'final'): 628.865, ('mrg2', 'compact'): 628.886, ('mrg2', 'pack'): 628.901, ('mrg2', 'd2h'): 628.913, ('mrg3', 'start'): 628.995, ('mrg3', 'h2d'): 629.056, ('mrg3', 'count'): 629.338, ('mrg3', 'scan'): 629.383, ('mrg3', 'merge'): 629.713, ('mrg3', 'pack'): 629.729, ('mrg3', 'd2h'): 629.747, ('mrg6', 'start'): 629.83, ('mrg6', 'h2d'): 629.89, ('mrg6', 'mean_numk'): 629.895, ('mrg6', 'scan'): 629.95, ('mrg6', 'classify'): 629.96, ('mrg6', 'light'): 630.067, ('mrg6', 'heavy'): 630.684, ('mrg6', 'compact'): 630.729, ('mrg6', 'pack'): 630.745, ('mrg6', 'd2h'): 630.756, ('mrg7', 'start'): 630.842, ('mrg7', 'h2d'): 630.902, ('mrg7', 'mean_numk'): 630.911, ('mrg7', 'scan'): 630.963, ('mrg7', 'classify'): 630.974, ('mrg7', 'light'): 631.079, ('mrg7', 'heavy'): 631.613, ('mrg7', 'compact'): 631.66, ('mrg7', 'pack'): 631.676, ('mrg7', 'd2h'): 631.687}",0.0664249528199434,0.2457440013764426
Highly sparse,bcsstk23,3134,45178,0.45996948062076437,220632,220632,220632,220632,220632,220632,220632,0.0,,0.05700000000001637,0.28100000000006276,0.1069999999999709,0.21699999999998454,0.44500000000005,0.93,,,,,1.355,1.589,0.875,0.704,0.878,0.873,,0.5170000000000528,1.0080000000000382,1.2559999999999718,0.5430000000000064,0.3729999999999336,0.4420000000000073,0.43600000000003547,"{('cu', 'start'): 590.229, ('cu', 'h2dmalloc'): 590.279, ('cu', 'h2d'): 590.309, ('cu', 'workest'): 590.366, ('cu', 'compute'): 590.647, ('cu', 'copy'): 590.754, ('cu', 'pack'): 590.826, ('cu', 'd2h'): 591.043, ('gust', 'start'): 591.166, ('gust', 'h2d'): 591.246, ('gust', 'count'): 591.269, ('gust', 'scan'): 591.303, ('gust', 'expand'): 591.43, ('gust', 'sort'): 591.715, ('gust', 'reduce'): 591.863, ('gust', 'final'): 592.179, ('gust', 'pack'): 592.254, ('gust', 'd2h'): 592.342, ('merge', 'start'): 592.526, ('merge', 'h2d'): 592.602, ('merge', 'count'): 592.625, ('merge', 'scan'): 592.66, ('merge', 'expand'): 592.847, ('merge', 'merge'): 593.473, ('merge', 'final'): 593.618, ('merge', 'compact'): 593.793, ('merge', 'pack'): 593.858, ('merge', 'd2h'): 593.947, ('mrg2', 'start'): 594.121, ('mrg2', 'h2d'): 594.195, ('mrg2', 'count'): 594.218, ('mrg2', 'scan'): 594.252, ('mrg2', 'merge'): 594.469, ('mrg2', 'final'): 594.504, ('mrg2', 'compact'): 594.673, ('mrg2', 'pack'): 594.738, ('mrg2', 'd2h'): 594.827, ('mrg3', 'start'): 595.001, ('mrg3', 'h2d'): 595.075, ('mrg3', 'count'): 595.164, ('mrg3', 'scan'): 595.218, ('mrg3', 'merge'): 595.387, ('mrg3', 'pack'): 595.448, ('mrg3', 'd2h'): 595.535, ('mrg6', 'start'): 595.711, ('mrg6', 'h2d'): 595.786, ('mrg6', 'mean_numk'): 595.792, ('mrg6', 'scan'): 595.844, ('mrg6', 'classify'): 595.85, ('mrg6', 'light'): 596.063, ('mrg6', 'compact'): 596.162, ('mrg6', 'pack'): 596.228, ('mrg6', 'd2h'): 596.316, ('mrg7', 'start'): 596.595, ('mrg7', 'h2d'): 596.67, ('mrg7', 'mean_numk'): 596.676, ('mrg7', 'scan'): 596.726, ('mrg7', 'classify'): 596.732, ('mrg7', 'light'): 596.945, ('mrg7', 'compact'): 597.045, ('mrg7', 'pack'): 597.106, ('mrg7', 'd2h'): 597.196}",1.806394080631435,0.2936159989098087
Highly sparse,bcsstk17,10974,428650,0.35593682023042417,1406936,1406936,1406936,1406936,1406936,1406936,1406936,0.0,,0.1710000000000491,1.82000000000005,0.16800000000000637,0.94500000000005,2.1590000000001055,3.616,,,,,5.384,10.647,2.469,2.689,2.458,2.545,,2.2309999999999945,4.148000000000025,9.545999999999935,1.4219999999999118,1.6680000000000064,1.2819999999999254,1.2720000000000482,"{('cu', 'start'): 729.112, ('cu', 'h2dmalloc'): 729.183, ('cu', 'h2d'): 729.43, ('cu', 'workest'): 729.601, ('cu', 'compute'): 731.421, ('cu', 'copy'): 731.589, ('cu', 'pack'): 731.661, ('cu', 'd2h'): 732.606, ('gust', 'start'): 732.735, ('gust', 'h2d'): 733.107, ('gust', 'count'): 733.191, ('gust', 'scan'): 733.236, ('gust', 'expand'): 733.564, ('gust', 'sort'): 736.213, ('gust', 'reduce'): 736.579, ('gust', 'final'): 737.173, ('gust', 'pack'): 737.255, ('gust', 'd2h'): 737.778, ('merge', 'start'): 738.125, ('merge', 'h2d'): 738.369, ('merge', 'count'): 738.469, ('merge', 'scan'): 738.514, ('merge', 'expand'): 739.708, ('merge', 'merge'): 747.332, ('merge', 'final'): 747.557, ('merge', 'compact'): 747.841, ('merge', 'pack'): 747.915, ('merge', 'd2h'): 748.439, ('mrg2', 'start'): 748.778, ('mrg2', 'h2d'): 748.988, ('mrg2', 'count'): 749.069, ('mrg2', 'scan'): 749.114, ('mrg2', 'merge'): 750.016, ('mrg2', 'final'): 750.055, ('mrg2', 'compact'): 750.335, ('mrg2', 'pack'): 750.41, ('mrg2', 'd2h'): 750.944, ('mrg3', 'start'): 751.253, ('mrg3', 'h2d'): 751.463, ('mrg3', 'count'): 752.077, ('mrg3', 'scan'): 752.132, ('mrg3', 'merge'): 753.061, ('mrg3', 'pack'): 753.131, ('mrg3', 'd2h'): 753.658, ('mrg6', 'start'): 753.946, ('mrg6', 'h2d'): 754.153, ('mrg6', 'mean_numk'): 754.167, ('mrg6', 'scan'): 754.281, ('mrg6', 'classify'): 754.294, ('mrg6', 'light'): 755.2, ('mrg6', 'compact'): 755.362, ('mrg6', 'pack'): 755.435, ('mrg6', 'd2h'): 755.967, ('mrg7', 'start'): 756.409, ('mrg7', 'h2d'): 756.721, ('mrg7', 'mean_numk'): 756.731, ('mrg7', 'scan'): 756.852, ('mrg7', 'classify'): 756.864, ('mrg7', 'light'): 757.765, ('mrg7', 'compact'): 757.921, ('mrg7', 'pack'): 757.993, ('mrg7', 'd2h'): 758.52}",64.65385691262782,0.6962495990796015
Highly sparse,blckhole,2132,14872,0.3271861986912552,41546,41546,41546,41546,41546,41546,41546,0.0,,0.049999999999954525,0.20400000000006457,0.053999999999973625,0.09400000000005093,0.3079999999999927,0.548,,,,,0.69,0.602,0.343,0.335,0.353,0.336,,0.32399999999995543,0.47899999999992815,0.4430000000000973,0.18399999999996908,0.17700000000002092,0.18999999999994088,0.1750000000000682,"{('cu', 'start'): 581.412, ('cu', 'h2dmalloc'): 581.462, ('cu', 'h2d'): 581.48, ('cu', 'workest'): 581.53, ('cu', 'compute'): 581.734, ('cu', 'copy'): 581.788, ('cu', 'pack'): 581.804, ('cu', 'd2h'): 581.898, ('gust', 'start'): 581.967, ('gust', 'h2d'): 582.033, ('gust', 'count'): 582.055, ('gust', 'scan'): 582.09, ('gust', 'expand'): 582.117, ('gust', 'sort'): 582.345, ('gust', 'reduce'): 582.439, ('gust', 'final'): 582.494, ('gust', 'pack'): 582.512, ('gust', 'd2h'): 582.533, ('merge', 'start'): 582.662, ('merge', 'h2d'): 582.728, ('merge', 'count'): 582.75, ('merge', 'scan'): 582.784, ('merge', 'expand'): 582.824, ('merge', 'merge'): 583.029, ('merge', 'final'): 583.074, ('merge', 'compact'): 583.152, ('merge', 'pack'): 583.171, ('merge', 'd2h'): 583.192, ('mrg2', 'start'): 583.27, ('mrg2', 'h2d'): 583.335, ('mrg2', 'count'): 583.355, ('mrg2', 'scan'): 583.389, ('mrg2', 'merge'): 583.448, ('mrg2', 'final'): 583.48, ('mrg2', 'compact'): 583.503, ('mrg2', 'pack'): 583.519, ('mrg2', 'd2h'): 583.54, ('mrg3', 'start'): 583.618, ('mrg3', 'h2d'): 583.682, ('mrg3', 'count'): 583.734, ('mrg3', 'scan'): 583.779, ('mrg3', 'merge'): 583.843, ('mrg3', 'pack'): 583.859, ('mrg3', 'd2h'): 583.88, ('mrg6', 'start'): 583.959, ('mrg6', 'h2d'): 584.022, ('mrg6', 'mean_numk'): 584.028, ('mrg6', 'scan'): 584.08, ('mrg6', 'classify'): 584.089, ('mrg6', 'light'): 584.149, ('mrg6', 'compact'): 584.195, ('mrg6', 'pack'): 584.212, ('mrg6', 'd2h'): 584.233, ('mrg7', 'start'): 584.316, ('mrg7', 'h2d'): 584.381, ('mrg7', 'mean_numk'): 584.387, ('mrg7', 'scan'): 584.433, ('mrg7', 'classify'): 584.438, ('mrg7', 'light'): 584.495, ('mrg7', 'compact'): 584.54, ('mrg7', 'pack'): 584.556, ('mrg7', 'd2h'): 584.577}",0.5903530400246382,0.2242592006688937
Highly sparse,bcsstk29,13992,619488,0.31642683346621986,1965686,1965686,1965686,1965686,1965686,1965686,1965686,0.0,,0.19400000000007367,2.411999999999921,0.17700000000002092,1.044999999999959,2.7830000000000155,4.708,,,,,7.341,11.202,3.131,3.072,2.677,3.12,,2.882000000000062,6.044999999999959,9.125999999999976,1.6289999999999054,1.98599999999999,1.4359999999999218,1.4629999999999654,"{('cu', 'start'): 717.518, ('cu', 'h2dmalloc'): 717.569, ('cu', 'h2d'): 718.184, ('cu', 'workest'): 718.378, ('cu', 'compute'): 720.79, ('cu', 'copy'): 720.967, ('cu', 'pack'): 721.066, ('cu', 'd2h'): 722.111, ('gust', 'start'): 722.231, ('gust', 'h2d'): 722.639, ('gust', 'count'): 722.716, ('gust', 'scan'): 722.755, ('gust', 'expand'): 723.254, ('gust', 'sort'): 727.436, ('gust', 'reduce'): 727.889, ('gust', 'final'): 728.596, ('gust', 'pack'): 728.684, ('gust', 'd2h'): 729.268, ('merge', 'start'): 729.579, ('merge', 'h2d'): 730.767, ('merge', 'count'): 730.908, ('merge', 'scan'): 730.948, ('merge', 'expand'): 732.495, ('merge', 'merge'): 739.239, ('merge', 'final'): 739.492, ('merge', 'compact'): 739.803, ('merge', 'pack'): 739.893, ('merge', 'd2h'): 740.481, ('mrg2', 'start'): 740.787, ('mrg2', 'h2d'): 741.421, ('mrg2', 'count'): 741.534, ('mrg2', 'scan'): 741.574, ('mrg2', 'merge'): 742.624, ('mrg2', 'final'): 742.66, ('mrg2', 'compact'): 742.964, ('mrg2', 'pack'): 743.05, ('mrg2', 'd2h'): 743.632, ('mrg3', 'start'): 743.924, ('mrg3', 'h2d'): 744.166, ('mrg3', 'count'): 744.904, ('mrg3', 'scan'): 744.956, ('mrg3', 'merge'): 746.071, ('mrg3', 'pack'): 746.152, ('mrg3', 'd2h'): 746.737, ('mrg6', 'start'): 747.001, ('mrg6', 'h2d'): 747.244, ('mrg6', 'mean_numk'): 747.264, ('mrg6', 'scan'): 747.366, ('mrg6', 'classify'): 747.379, ('mrg6', 'light'): 748.445, ('mrg6', 'compact'): 748.611, ('mrg6', 'pack'): 748.68, ('mrg6', 'd2h'): 749.263, ('mrg7', 'start'): 749.683, ('mrg7', 'h2d'): 750.346, ('mrg7', 'mean_numk'): 750.365, ('mrg7', 'scan'): 750.509, ('mrg7', 'classify'): 750.524, ('mrg7', 'light'): 751.579, ('mrg7', 'compact'): 751.74, ('mrg7', 'pack'): 751.809, ('mrg7', 'd2h'): 752.393}",137.15273304842412,0.8540287998039275
Highly sparse,1138_bus,1138,4054,0.31303955695713814,11142,11142,11142,11142,11142,11142,11142,0.0,,0.05099999999993088,0.1490000000000009,0.05299999999999727,0.025999999999953616,0.25299999999992906,0.422,,,,,0.439,0.404,0.319,0.267,0.324,0.306,,0.2699999999999818,0.29700000000002547,0.26100000000008095,0.17899999999997362,0.1290000000000191,0.17399999999997817,0.16700000000003,"{('cu', 'start'): 670.253, ('cu', 'h2dmalloc'): 670.301, ('cu', 'h2d'): 670.316, ('cu', 'workest'): 670.367, ('cu', 'compute'): 670.516, ('cu', 'copy'): 670.569, ('cu', 'pack'): 670.586, ('cu', 'd2h'): 670.612, ('gust', 'start'): 670.682, ('gust', 'h2d'): 670.744, ('gust', 'count'): 670.765, ('gust', 'scan'): 670.796, ('gust', 'expand'): 670.822, ('gust', 'sort'): 670.934, ('gust', 'reduce'): 670.973, ('gust', 'final'): 671.024, ('gust', 'pack'): 671.041, ('gust', 'd2h'): 671.052, ('merge', 'start'): 671.128, ('merge', 'h2d'): 671.189, ('merge', 'count'): 671.214, ('merge', 'scan'): 671.245, ('merge', 'expand'): 671.277, ('merge', 'merge'): 671.375, ('merge', 'final'): 671.41, ('merge', 'compact'): 671.435, ('merge', 'pack'): 671.45, ('merge', 'd2h'): 671.462, ('mrg2', 'start'): 671.538, ('mrg2', 'h2d'): 671.597, ('mrg2', 'count'): 671.62, ('mrg2', 'scan'): 671.649, ('mrg2', 'merge'): 671.705, ('mrg2', 'final'): 671.736, ('mrg2', 'compact'): 671.76, ('mrg2', 'pack'): 671.776, ('mrg2', 'd2h'): 671.788, ('mrg3', 'start'): 671.862, ('mrg3', 'h2d'): 671.92, ('mrg3', 'count'): 671.953, ('mrg3', 'scan'): 671.995, ('mrg3', 'merge'): 672.034, ('mrg3', 'pack'): 672.049, ('mrg3', 'd2h'): 672.062, ('mrg6', 'start'): 672.137, ('mrg6', 'h2d'): 672.198, ('mrg6', 'mean_numk'): 672.204, ('mrg6', 'scan'): 672.246, ('mrg6', 'classify'): 672.251, ('mrg6', 'light'): 672.308, ('mrg6', 'compact'): 672.358, ('mrg6', 'pack'): 672.372, ('mrg6', 'd2h'): 672.384, ('mrg7', 'start'): 672.465, ('mrg7', 'h2d'): 672.524, ('mrg7', 'mean_numk'): 672.531, ('mrg7', 'scan'): 672.574, ('mrg7', 'classify'): 672.58, ('mrg7', 'light'): 672.633, ('mrg7', 'compact'): 672.675, ('mrg7', 'pack'): 672.691, ('mrg7', 'd2h'): 672.703}",0.1118639484047889,0.1907936004223302
Highly sparse,bcspwr06,1454,5300,0.25069579909522466,14110,14110,14110,14110,14110,14110,14110,0.0,,0.049999999999954525,0.14599999999995816,0.051000000000044565,0.026000000000067303,0.24699999999995725,0.416,,,,,0.443,0.39,0.321,0.29,0.324,0.312,,0.26299999999991996,0.2980000000000018,0.2440000000000282,0.17599999999993088,0.15099999999995362,0.17199999999991178,0.16700000000003,"{('cu', 'start'): 591.87, ('cu', 'h2dmalloc'): 591.921, ('cu', 'h2d'): 591.936, ('cu', 'workest'): 591.986, ('cu', 'compute'): 592.132, ('cu', 'copy'): 592.183, ('cu', 'pack'): 592.199, ('cu', 'd2h'): 592.225, ('gust', 'start'): 592.293, ('gust', 'h2d'): 592.355, ('gust', 'count'): 592.375, ('gust', 'scan'): 592.405, ('gust', 'expand'): 592.429, ('gust', 'sort'): 592.543, ('gust', 'reduce'): 592.583, ('gust', 'final'): 592.636, ('gust', 'pack'): 592.653, ('gust', 'd2h'): 592.666, ('merge', 'start'): 592.742, ('merge', 'h2d'): 592.807, ('merge', 'count'): 592.831, ('merge', 'scan'): 592.865, ('merge', 'expand'): 592.896, ('merge', 'merge'): 592.975, ('merge', 'final'): 593.011, ('merge', 'compact'): 593.035, ('merge', 'pack'): 593.051, ('merge', 'd2h'): 593.063, ('mrg2', 'start'): 593.139, ('mrg2', 'h2d'): 593.2, ('mrg2', 'count'): 593.224, ('mrg2', 'scan'): 593.254, ('mrg2', 'merge'): 593.303, ('mrg2', 'final'): 593.338, ('mrg2', 'compact'): 593.361, ('mrg2', 'pack'): 593.376, ('mrg2', 'd2h'): 593.39, ('mrg3', 'start'): 593.464, ('mrg3', 'h2d'): 593.523, ('mrg3', 'count'): 593.563, ('mrg3', 'scan'): 593.608, ('mrg3', 'merge'): 593.657, ('mrg3', 'pack'): 593.674, ('mrg3', 'd2h'): 593.686, ('mrg6', 'start'): 593.76, ('mrg6', 'h2d'): 593.825, ('mrg6', 'mean_numk'): 593.833, ('mrg6', 'scan'): 593.876, ('mrg6', 'classify'): 593.883, ('mrg6', 'light'): 593.936, ('mrg6', 'compact'): 593.98, ('mrg6', 'pack'): 593.997, ('mrg6', 'd2h'): 594.01, ('mrg7', 'start'): 594.089, ('mrg7', 'h2d'): 594.15, ('mrg7', 'mean_numk'): 594.16, ('mrg7', 'scan'): 594.203, ('mrg7', 'classify'): 594.209, ('mrg7', 'light'): 594.257, ('mrg7', 'compact'): 594.3, ('mrg7', 'pack'): 594.317, ('mrg7', 'd2h'): 594.33}",0.2228239318355918,0.1788543989183381
Highly sparse,bcsstk30,28924,2043492,0.24426218412514641,8946070,8946070,8946070,8946070,8946070,8946070,8946070,0.0,,0.19899999999984175,7.711000000000013,0.47900000000004184,4.904999999999973,8.388999999999896,14.642,,,,,35.296,96.735,15.407,20.49,14.995,15.499,,8.458999999999833,30.13000000000011,91.32300000000009,11.087999999999965,16.16300000000001,10.128000000000156,10.370999999999867,"{('cu', 'start'): 1353.719, ('cu', 'h2dmalloc'): 1353.771, ('cu', 'h2d'): 1354.852, ('cu', 'workest'): 1355.051, ('cu', 'compute'): 1362.762, ('cu', 'copy'): 1363.241, ('cu', 'pack'): 1363.311, ('cu', 'd2h'): 1368.216, ('gust', 'start'): 1368.371, ('gust', 'h2d'): 1369.697, ('gust', 'count'): 1369.793, ('gust', 'scan'): 1369.834, ('gust', 'expand'): 1372.13, ('gust', 'sort'): 1395.25, ('gust', 'reduce'): 1397.165, ('gust', 'final'): 1399.752, ('gust', 'pack'): 1399.827, ('gust', 'd2h'): 1403.042, ('merge', 'start'): 1403.671, ('merge', 'h2d'): 1405.289, ('merge', 'count'): 1405.396, ('merge', 'scan'): 1405.436, ('merge', 'expand'): 1413.913, ('merge', 'merge'): 1493.735, ('merge', 'final'): 1494.54, ('merge', 'compact'): 1496.521, ('merge', 'pack'): 1496.612, ('merge', 'd2h'): 1499.791, ('mrg2', 'start'): 1500.414, ('mrg2', 'h2d'): 1501.13, ('mrg2', 'count'): 1501.242, ('mrg2', 'scan'): 1501.296, ('mrg2', 'merge'): 1511.118, ('mrg2', 'final'): 1511.159, ('mrg2', 'compact'): 1512.115, ('mrg2', 'pack'): 1512.218, ('mrg2', 'd2h'): 1515.394, ('mrg3', 'start'): 1515.828, ('mrg3', 'h2d'): 1516.652, ('mrg3', 'count'): 1523.071, ('mrg3', 'scan'): 1523.127, ('mrg3', 'merge'): 1532.743, ('mrg3', 'pack'): 1532.815, ('mrg3', 'd2h'): 1535.978, ('mrg6', 'start'): 1536.324, ('mrg6', 'h2d'): 1537.156, ('mrg6', 'mean_numk'): 1537.174, ('mrg6', 'scan'): 1537.303, ('mrg6', 'classify'): 1537.327, ('mrg6', 'light'): 1546.951, ('mrg6', 'compact'): 1547.213, ('mrg6', 'pack'): 1547.284, ('mrg6', 'd2h'): 1550.451, ('mrg7', 'start'): 1551.325, ('mrg7', 'h2d'): 1552.457, ('mrg7', 'mean_numk'): 1552.476, ('mrg7', 'scan'): 1552.6, ('mrg7', 'classify'): 1552.624, ('mrg7', 'light'): 1562.3, ('mrg7', 'compact'): 1562.758, ('mrg7', 'pack'): 1562.828, ('mrg7', 'd2h'): 1565.978}",1181.1160199576989,2.269574377220124
Highly sparse,bcsstm06,420,420,0.2380952380952381,420,420,420,420,420,420,420,0.0,,0.049999999999954525,0.1490000000000009,0.04500000000007276,0.02400000000000091,0.2440000000000282,0.411,,,,,0.357,0.306,0.278,0.242,0.282,0.272,,0.2599999999999909,0.21500000000003183,0.16400000000010095,0.1370000000000573,0.10099999999999909,0.1349999999999909,0.1290000000000191,"{('cu', 'start'): 570.717, ('cu', 'h2dmalloc'): 570.767, ('cu', 'h2d'): 570.779, ('cu', 'workest'): 570.829, ('cu', 'compute'): 570.978, ('cu', 'copy'): 571.023, ('cu', 'pack'): 571.039, ('cu', 'd2h'): 571.063, ('gust', 'start'): 571.134, ('gust', 'h2d'): 571.192, ('gust', 'count'): 571.212, ('gust', 'scan'): 571.243, ('gust', 'expand'): 571.263, ('gust', 'sort'): 571.305, ('gust', 'reduce'): 571.34, ('gust', 'final'): 571.391, ('gust', 'pack'): 571.407, ('gust', 'd2h'): 571.416, ('merge', 'start'): 571.496, ('merge', 'h2d'): 571.555, ('merge', 'count'): 571.574, ('merge', 'scan'): 571.61, ('merge', 'expand'): 571.63, ('merge', 'merge'): 571.649, ('merge', 'final'): 571.682, ('merge', 'compact'): 571.705, ('merge', 'pack'): 571.719, ('merge', 'd2h'): 571.729, ('mrg2', 'start'): 571.808, ('mrg2', 'h2d'): 571.866, ('mrg2', 'count'): 571.888, ('mrg2', 'scan'): 571.918, ('mrg2', 'merge'): 571.939, ('mrg2', 'final'): 571.966, ('mrg2', 'compact'): 571.989, ('mrg2', 'pack'): 572.003, ('mrg2', 'd2h'): 572.012, ('mrg3', 'start'): 572.091, ('mrg3', 'h2d'): 572.149, ('mrg3', 'count'): 572.173, ('mrg3', 'scan'): 572.216, ('mrg3', 'merge'): 572.237, ('mrg3', 'pack'): 572.25, ('mrg3', 'd2h'): 572.26, ('mrg6', 'start'): 572.338, ('mrg6', 'h2d'): 572.396, ('mrg6', 'mean_numk'): 572.404, ('mrg6', 'scan'): 572.446, ('mrg6', 'classify'): 572.45, ('mrg6', 'light'): 572.469, ('mrg6', 'compact'): 572.515, ('mrg6', 'pack'): 572.531, ('mrg6', 'd2h'): 572.54, ('mrg7', 'start'): 572.625, ('mrg7', 'h2d'): 572.684, ('mrg7', 'mean_numk'): 572.692, ('mrg7', 'scan'): 572.735, ('mrg7', 'classify'): 572.739, ('mrg7', 'light'): 572.758, ('mrg7', 'compact'): 572.797, ('mrg7', 'pack'): 572.813, ('mrg7', 'd2h'): 572.822}",0.0400609569624066,0.1356608006870374
Highly sparse,bcspwr08,1624,6050,0.22939467106699993,16916,16916,16916,16916,16916,16916,16916,0.0,,0.05199999999990723,0.15300000000002,0.05200000000002092,0.02800000000002001,0.25699999999994816,0.433,,,,,0.463,0.381,0.315,0.303,0.317,0.309,,0.27299999999991087,0.3120000000000118,0.23500000000001364,0.16800000000000637,0.1550000000000864,0.16700000000003,0.15999999999996817,"{('cu', 'start'): 585.639, ('cu', 'h2dmalloc'): 585.69, ('cu', 'h2d'): 585.705, ('cu', 'workest'): 585.757, ('cu', 'compute'): 585.91, ('cu', 'copy'): 585.962, ('cu', 'pack'): 585.978, ('cu', 'd2h'): 586.006, ('gust', 'start'): 586.078, ('gust', 'h2d'): 586.14, ('gust', 'count'): 586.161, ('gust', 'scan'): 586.193, ('gust', 'expand'): 586.216, ('gust', 'sort'): 586.342, ('gust', 'reduce'): 586.38, ('gust', 'final'): 586.435, ('gust', 'pack'): 586.452, ('gust', 'd2h'): 586.465, ('merge', 'start'): 586.547, ('merge', 'h2d'): 586.609, ('merge', 'count'): 586.63, ('merge', 'scan'): 586.66, ('merge', 'expand'): 586.69, ('merge', 'merge'): 586.769, ('merge', 'final'): 586.804, ('merge', 'compact'): 586.829, ('merge', 'pack'): 586.844, ('merge', 'd2h'): 586.857, ('mrg2', 'start'): 586.934, ('mrg2', 'h2d'): 586.994, ('mrg2', 'count'): 587.016, ('mrg2', 'scan'): 587.046, ('mrg2', 'merge'): 587.095, ('mrg2', 'final'): 587.124, ('mrg2', 'compact'): 587.147, ('mrg2', 'pack'): 587.162, ('mrg2', 'd2h'): 587.176, ('mrg3', 'start'): 587.254, ('mrg3', 'h2d'): 587.314, ('mrg3', 'count'): 587.356, ('mrg3', 'scan'): 587.404, ('mrg3', 'merge'): 587.454, ('mrg3', 'pack'): 587.469, ('mrg3', 'd2h'): 587.483, ('mrg6', 'start'): 587.561, ('mrg6', 'h2d'): 587.622, ('mrg6', 'mean_numk'): 587.628, ('mrg6', 'scan'): 587.672, ('mrg6', 'classify'): 587.677, ('mrg6', 'light'): 587.729, ('mrg6', 'compact'): 587.773, ('mrg6', 'pack'): 587.789, ('mrg6', 'd2h'): 587.803, ('mrg7', 'start'): 587.884, ('mrg7', 'h2d'): 587.945, ('mrg7', 'mean_numk'): 587.951, ('mrg7', 'scan'): 587.994, ('mrg7', 'classify'): 587.999, ('mrg7', 'light'): 588.046, ('mrg7', 'compact'): 588.089, ('mrg7', 'pack'): 588.105, ('mrg7', 'd2h'): 588.119}",0.262042973190546,0.1770815999712795
Highly sparse,bcspwr07,1612,5824,0.22412551028576003,15684,15684,15684,15684,15684,15684,15684,0.0,,0.051000000000044565,0.15999999999996817,0.051000000000044565,0.02800000000002001,0.2620000000000573,0.438,,,,,0.455,0.395,0.316,0.298,0.325,0.31,,0.27899999999999636,0.3079999999999927,0.2479999999999336,0.17300000000000182,0.15800000000001546,0.17799999999999727,0.16599999999993997,"{('cu', 'start'): 592.613, ('cu', 'h2dmalloc'): 592.664, ('cu', 'h2d'): 592.679, ('cu', 'workest'): 592.73, ('cu', 'compute'): 592.89, ('cu', 'copy'): 592.941, ('cu', 'pack'): 592.958, ('cu', 'd2h'): 592.986, ('gust', 'start'): 593.058, ('gust', 'h2d'): 593.123, ('gust', 'count'): 593.144, ('gust', 'scan'): 593.177, ('gust', 'expand'): 593.201, ('gust', 'sort'): 593.323, ('gust', 'reduce'): 593.362, ('gust', 'final'): 593.415, ('gust', 'pack'): 593.431, ('gust', 'd2h'): 593.444, ('merge', 'start'): 593.52, ('merge', 'h2d'): 593.581, ('merge', 'count'): 593.608, ('merge', 'scan'): 593.639, ('merge', 'expand'): 593.669, ('merge', 'merge'): 593.75, ('merge', 'final'): 593.788, ('merge', 'compact'): 593.814, ('merge', 'pack'): 593.829, ('merge', 'd2h'): 593.844, ('mrg2', 'start'): 593.919, ('mrg2', 'h2d'): 593.979, ('mrg2', 'count'): 594.003, ('mrg2', 'scan'): 594.033, ('mrg2', 'merge'): 594.084, ('mrg2', 'final'): 594.114, ('mrg2', 'compact'): 594.138, ('mrg2', 'pack'): 594.152, ('mrg2', 'd2h'): 594.166, ('mrg3', 'start'): 594.241, ('mrg3', 'h2d'): 594.3, ('mrg3', 'count'): 594.341, ('mrg3', 'scan'): 594.388, ('mrg3', 'merge'): 594.442, ('mrg3', 'pack'): 594.458, ('mrg3', 'd2h'): 594.471, ('mrg6', 'start'): 594.545, ('mrg6', 'h2d'): 594.605, ('mrg6', 'mean_numk'): 594.611, ('mrg6', 'scan'): 594.655, ('mrg6', 'classify'): 594.661, ('mrg6', 'light'): 594.714, ('mrg6', 'compact'): 594.766, ('mrg6', 'pack'): 594.783, ('mrg6', 'd2h'): 594.796, ('mrg7', 'start'): 594.875, ('mrg7', 'h2d'): 594.937, ('mrg7', 'mean_numk'): 594.948, ('mrg7', 'scan'): 594.991, ('mrg7', 'classify'): 594.997, ('mrg7', 'light'): 595.044, ('mrg7', 'compact'): 595.087, ('mrg7', 'pack'): 595.103, ('mrg7', 'd2h'): 595.116}",0.2796170301735401,0.1808704000432044
Highly sparse,bcspwr09,1723,6511,0.21931944613334525,18485,18485,18485,18485,18485,18485,18485,0.0,,0.05000000000006821,0.15099999999995362,0.05200000000002092,0.02800000000002001,0.25300000000004275,0.428,,,,,0.462,0.389,0.323,0.276,0.331,0.325,,0.2680000000000291,0.3100000000000591,0.24300000000005184,0.1750000000000682,0.12800000000004275,0.18100000000004002,0.17499999999995453,"{('cu', 'start'): 568.066, ('cu', 'h2dmalloc'): 568.117, ('cu', 'h2d'): 568.132, ('cu', 'workest'): 568.182, ('cu', 'compute'): 568.333, ('cu', 'copy'): 568.385, ('cu', 'pack'): 568.4, ('cu', 'd2h'): 568.428, ('gust', 'start'): 568.5, ('gust', 'h2d'): 568.563, ('gust', 'count'): 568.588, ('gust', 'scan'): 568.621, ('gust', 'expand'): 568.647, ('gust', 'sort'): 568.77, ('gust', 'reduce'): 568.807, ('gust', 'final'): 568.857, ('gust', 'pack'): 568.873, ('gust', 'd2h'): 568.887, ('merge', 'start'): 568.969, ('merge', 'h2d'): 569.03, ('merge', 'count'): 569.051, ('merge', 'scan'): 569.082, ('merge', 'expand'): 569.112, ('merge', 'merge'): 569.199, ('merge', 'final'): 569.234, ('merge', 'compact'): 569.259, ('merge', 'pack'): 569.273, ('merge', 'd2h'): 569.287, ('mrg2', 'start'): 569.363, ('mrg2', 'h2d'): 569.424, ('mrg2', 'count'): 569.445, ('mrg2', 'scan'): 569.475, ('mrg2', 'merge'): 569.526, ('mrg2', 'final'): 569.562, ('mrg2', 'compact'): 569.584, ('mrg2', 'pack'): 569.599, ('mrg2', 'd2h'): 569.613, ('mrg3', 'start'): 569.691, ('mrg3', 'h2d'): 569.752, ('mrg3', 'count'): 569.785, ('mrg3', 'scan'): 569.829, ('mrg3', 'merge'): 569.866, ('mrg3', 'pack'): 569.88, ('mrg3', 'd2h'): 569.894, ('mrg6', 'start'): 569.972, ('mrg6', 'h2d'): 570.033, ('mrg6', 'mean_numk'): 570.045, ('mrg6', 'scan'): 570.089, ('mrg6', 'classify'): 570.094, ('mrg6', 'light'): 570.149, ('mrg6', 'compact'): 570.192, ('mrg6', 'pack'): 570.214, ('mrg6', 'd2h'): 570.228, ('mrg7', 'start'): 570.309, ('mrg7', 'h2d'): 570.369, ('mrg7', 'mean_numk'): 570.381, ('mrg7', 'scan'): 570.426, ('mrg7', 'classify'): 570.431, ('mrg7', 'light'): 570.48, ('mrg7', 'compact'): 570.523, ('mrg7', 'pack'): 570.544, ('mrg7', 'd2h'): 570.559}",0.3466139314696193,0.1805471999337896
Highly sparse,bcsstm20,485,485,0.2061855670103093,485,485,485,485,485,485,485,0.0,,0.047000000000025466,0.16199999999992087,0.05200000000002092,0.023000000000024556,0.26099999999996726,0.429,,,,,0.374,0.312,0.281,0.245,0.286,0.278,,0.2799999999999727,0.23500000000001364,0.1750000000000682,0.14600000000007185,0.11100000000010368,0.13999999999998636,0.13800000000003365,"{('cu', 'start'): 601.327, ('cu', 'h2dmalloc'): 601.378, ('cu', 'h2d'): 601.393, ('cu', 'workest'): 601.44, ('cu', 'compute'): 601.602, ('cu', 'copy'): 601.654, ('cu', 'pack'): 601.673, ('cu', 'd2h'): 601.696, ('gust', 'start'): 601.764, ('gust', 'h2d'): 601.824, ('gust', 'count'): 601.845, ('gust', 'scan'): 601.88, ('gust', 'expand'): 601.903, ('gust', 'sort'): 601.949, ('gust', 'reduce'): 601.987, ('gust', 'final'): 602.041, ('gust', 'pack'): 602.059, ('gust', 'd2h'): 602.069, ('merge', 'start'): 602.143, ('merge', 'h2d'): 602.203, ('merge', 'count'): 602.222, ('merge', 'scan'): 602.261, ('merge', 'expand'): 602.283, ('merge', 'merge'): 602.303, ('merge', 'final'): 602.338, ('merge', 'compact'): 602.362, ('merge', 'pack'): 602.378, ('merge', 'd2h'): 602.388, ('mrg2', 'start'): 602.461, ('mrg2', 'h2d'): 602.52, ('mrg2', 'count'): 602.541, ('mrg2', 'scan'): 602.574, ('mrg2', 'merge'): 602.596, ('mrg2', 'final'): 602.626, ('mrg2', 'compact'): 602.649, ('mrg2', 'pack'): 602.666, ('mrg2', 'd2h'): 602.675, ('mrg3', 'start'): 602.748, ('mrg3', 'h2d'): 602.805, ('mrg3', 'count'): 602.828, ('mrg3', 'scan'): 602.878, ('mrg3', 'merge'): 602.901, ('mrg3', 'pack'): 602.916, ('mrg3', 'd2h'): 602.926, ('mrg6', 'start'): 602.998, ('mrg6', 'h2d'): 603.056, ('mrg6', 'mean_numk'): 603.061, ('mrg6', 'scan'): 603.105, ('mrg6', 'classify'): 603.11, ('mrg6', 'light'): 603.13, ('mrg6', 'compact'): 603.178, ('mrg6', 'pack'): 603.196, ('mrg6', 'd2h'): 603.206, ('mrg7', 'start'): 603.29, ('mrg7', 'h2d'): 603.35, ('mrg7', 'mean_numk'): 603.356, ('mrg7', 'scan'): 603.403, ('mrg7', 'classify'): 603.407, ('mrg7', 'light'): 603.426, ('mrg7', 'compact'): 603.47, ('mrg7', 'pack'): 603.488, ('mrg7', 'd2h'): 603.498}",0.0591930001974105,0.1350367994280532
Highly sparse,bcsstk21,3600,26600,0.2052469135802469,93072,93072,93072,93072,93072,93072,93072,0.0,,0.05199999999990723,0.20699999999999363,0.05400000000008731,0.10500000000001819,0.3129999999999882,0.564,,,,,0.795,0.611,0.445,0.349,0.441,0.437,,0.32999999999992724,0.5289999999999964,0.3930000000000291,0.23099999999999454,0.1750000000000682,0.2239999999999327,0.22300000000007003,"{('cu', 'start'): 592.653, ('cu', 'h2dmalloc'): 592.702, ('cu', 'h2d'): 592.724, ('cu', 'workest'): 592.776, ('cu', 'compute'): 592.983, ('cu', 'copy'): 593.037, ('cu', 'pack'): 593.054, ('cu', 'd2h'): 593.159, ('gust', 'start'): 593.223, ('gust', 'h2d'): 593.294, ('gust', 'count'): 593.314, ('gust', 'scan'): 593.347, ('gust', 'expand'): 593.427, ('gust', 'sort'): 593.655, ('gust', 'reduce'): 593.748, ('gust', 'final'): 593.806, ('gust', 'pack'): 593.823, ('gust', 'd2h'): 593.858, ('merge', 'start'): 594.024, ('merge', 'h2d'): 594.093, ('merge', 'count'): 594.12, ('merge', 'scan'): 594.154, ('merge', 'expand'): 594.237, ('merge', 'merge'): 594.353, ('merge', 'final'): 594.393, ('merge', 'compact'): 594.467, ('merge', 'pack'): 594.486, ('merge', 'd2h'): 594.522, ('mrg2', 'start'): 594.64, ('mrg2', 'h2d'): 594.708, ('mrg2', 'count'): 594.73, ('mrg2', 'scan'): 594.764, ('mrg2', 'merge'): 594.81, ('mrg2', 'final'): 594.845, ('mrg2', 'compact'): 594.92, ('mrg2', 'pack'): 594.939, ('mrg2', 'd2h'): 594.975, ('mrg3', 'start'): 595.092, ('mrg3', 'h2d'): 595.16, ('mrg3', 'count'): 595.212, ('mrg3', 'scan'): 595.259, ('mrg3', 'merge'): 595.32, ('mrg3', 'pack'): 595.335, ('mrg3', 'd2h'): 595.37, ('mrg6', 'start'): 595.446, ('mrg6', 'h2d'): 595.513, ('mrg6', 'mean_numk'): 595.52, ('mrg6', 'scan'): 595.566, ('mrg6', 'classify'): 595.577, ('mrg6', 'light'): 595.622, ('mrg6', 'compact'): 595.719, ('mrg6', 'pack'): 595.737, ('mrg6', 'd2h'): 595.773, ('mrg7', 'start'): 595.892, ('mrg7', 'h2d'): 595.958, ('mrg7', 'mean_numk'): 595.971, ('mrg7', 'scan'): 596.017, ('mrg7', 'classify'): 596.023, ('mrg7', 'light'): 596.068, ('mrg7', 'compact'): 596.163, ('mrg7', 'pack'): 596.181, ('mrg7', 'd2h'): 596.217}",2.6884590042755008,0.1779328002594411
Highly sparse,bcsstm19,817,817,0.12239902080783352,817,817,817,817,817,817,817,0.0,,0.05000000000006821,0.15499999999997272,0.04800000000000182,0.023000000000024556,0.25300000000004275,0.424,,,,,0.362,0.308,0.282,0.247,0.276,0.27,,0.26900000000000546,0.21600000000000819,0.1650000000000773,0.13900000000001,0.10500000000001819,0.13200000000006185,0.1269999999999527,"{('cu', 'start'): 592.658, ('cu', 'h2dmalloc'): 592.708, ('cu', 'h2d'): 592.722, ('cu', 'workest'): 592.772, ('cu', 'compute'): 592.927, ('cu', 'copy'): 592.975, ('cu', 'pack'): 592.991, ('cu', 'd2h'): 593.014, ('gust', 'start'): 593.088, ('gust', 'h2d'): 593.15, ('gust', 'count'): 593.169, ('gust', 'scan'): 593.201, ('gust', 'expand'): 593.222, ('gust', 'sort'): 593.264, ('gust', 'reduce'): 593.3, ('gust', 'final'): 593.348, ('gust', 'pack'): 593.366, ('gust', 'd2h'): 593.375, ('merge', 'start'): 593.456, ('merge', 'h2d'): 593.516, ('merge', 'count'): 593.535, ('merge', 'scan'): 593.567, ('merge', 'expand'): 593.587, ('merge', 'merge'): 593.606, ('merge', 'final'): 593.638, ('merge', 'compact'): 593.667, ('merge', 'pack'): 593.681, ('merge', 'd2h'): 593.691, ('mrg2', 'start'): 593.769, ('mrg2', 'h2d'): 593.829, ('mrg2', 'count'): 593.847, ('mrg2', 'scan'): 593.877, ('mrg2', 'merge'): 593.9, ('mrg2', 'final'): 593.931, ('mrg2', 'compact'): 593.953, ('mrg2', 'pack'): 593.968, ('mrg2', 'd2h'): 593.977, ('mrg3', 'start'): 594.056, ('mrg3', 'h2d'): 594.116, ('mrg3', 'count'): 594.138, ('mrg3', 'scan'): 594.181, ('mrg3', 'merge'): 594.207, ('mrg3', 'pack'): 594.221, ('mrg3', 'd2h'): 594.23, ('mrg6', 'start'): 594.308, ('mrg6', 'h2d'): 594.367, ('mrg6', 'mean_numk'): 594.372, ('mrg6', 'scan'): 594.413, ('mrg6', 'classify'): 594.418, ('mrg6', 'light'): 594.437, ('mrg6', 'compact'): 594.482, ('mrg6', 'pack'): 594.499, ('mrg6', 'd2h'): 594.508, ('mrg7', 'start'): 594.589, ('mrg7', 'h2d'): 594.648, ('mrg7', 'mean_numk'): 594.653, ('mrg7', 'scan'): 594.695, ('mrg7', 'classify'): 594.699, ('mrg7', 'light'): 594.718, ('mrg7', 'compact'): 594.76, ('mrg7', 'pack'): 594.775, ('mrg7', 'd2h'): 594.785}",0.0910699600353837,0.1354239996173419
Highly sparse,bcsstk25,15439,252241,0.10582233620331932,1168919,1168919,1168919,1168919,1168919,1168919,1168919,0.0,,0.14699999999993452,0.6349999999999909,0.15999999999996817,0.7400000000000091,0.9419999999998936,2.038,,,,,2.702,4.245,1.852,1.945,1.853,1.844,,1.0209999999999582,1.8230000000000928,3.3969999999999345,0.9940000000000282,1.0860000000000127,0.88900000000001,0.8819999999999482,"{('cu', 'start'): 655.553, ('cu', 'h2dmalloc'): 655.604, ('cu', 'h2d'): 655.695, ('cu', 'workest'): 655.842, ('cu', 'compute'): 656.477, ('cu', 'copy'): 656.637, ('cu', 'pack'): 656.716, ('cu', 'd2h'): 657.456, ('gust', 'start'): 657.6, ('gust', 'h2d'): 657.742, ('gust', 'count'): 657.811, ('gust', 'scan'): 657.851, ('gust', 'expand'): 658.024, ('gust', 'sort'): 658.85, ('gust', 'reduce'): 659.054, ('gust', 'final'): 659.493, ('gust', 'pack'): 659.565, ('gust', 'd2h'): 660.012, ('merge', 'start'): 660.305, ('merge', 'h2d'): 660.445, ('merge', 'count'): 660.523, ('merge', 'scan'): 660.563, ('merge', 'expand'): 660.964, ('merge', 'merge'): 663.36, ('merge', 'final'): 663.521, ('merge', 'compact'): 663.771, ('merge', 'pack'): 663.842, ('merge', 'd2h'): 664.278, ('mrg2', 'start'): 664.556, ('mrg2', 'h2d'): 664.693, ('mrg2', 'count'): 664.767, ('mrg2', 'scan'): 664.808, ('mrg2', 'merge'): 665.345, ('mrg2', 'final'): 665.382, ('mrg2', 'compact'): 665.614, ('mrg2', 'pack'): 665.687, ('mrg2', 'd2h'): 666.131, ('mrg3', 'start'): 666.414, ('mrg3', 'h2d'): 666.55, ('mrg3', 'count'): 666.944, ('mrg3', 'scan'): 666.997, ('mrg3', 'merge'): 667.57, ('mrg3', 'pack'): 667.636, ('mrg3', 'd2h'): 668.081, ('mrg6', 'start'): 668.364, ('mrg6', 'h2d'): 668.501, ('mrg6', 'mean_numk'): 668.519, ('mrg6', 'scan'): 668.62, ('mrg6', 'classify'): 668.635, ('mrg6', 'light'): 669.164, ('mrg6', 'compact'): 669.323, ('mrg6', 'pack'): 669.39, ('mrg6', 'd2h'): 669.831, ('mrg7', 'start'): 670.222, ('mrg7', 'h2d'): 670.364, ('mrg7', 'mean_numk'): 670.375, ('mrg7', 'scan'): 670.478, ('mrg7', 'classify'): 670.493, ('mrg7', 'light'): 671.021, ('mrg7', 'compact'): 671.172, ('mrg7', 'pack'): 671.246, ('mrg7', 'd2h'): 671.683}",177.71302093751729,0.4411327984184027
Highly sparse,bcsstk18,11948,149090,0.10443788948628972,713208,713208,713208,713208,713208,713208,713208,0.0,,0.10300000000006548,0.4639999999999418,0.15300000000002,0.5069999999999482,0.7200000000000273,1.526,,,,,1.924,2.788,1.384,1.348,1.414,1.376,,0.7860000000000582,1.3319999999999936,2.1989999999999554,0.7880000000000109,0.7530000000000427,0.7100000000000364,0.6860000000000355,"{('cu', 'start'): 635.256, ('cu', 'h2dmalloc'): 635.307, ('cu', 'h2d'): 635.367, ('cu', 'workest'): 635.47, ('cu', 'compute'): 635.934, ('cu', 'copy'): 636.087, ('cu', 'pack'): 636.153, ('cu', 'd2h'): 636.66, ('gust', 'start'): 636.788, ('gust', 'h2d'): 636.896, ('gust', 'count'): 636.921, ('gust', 'scan'): 636.958, ('gust', 'expand'): 637.11, ('gust', 'sort'): 637.614, ('gust', 'reduce'): 637.768, ('gust', 'final'): 638.154, ('gust', 'pack'): 638.228, ('gust', 'd2h'): 638.488, ('merge', 'start'): 638.718, ('merge', 'h2d'): 638.826, ('merge', 'count'): 638.854, ('merge', 'scan'): 638.888, ('merge', 'expand'): 639.164, ('merge', 'merge'): 640.572, ('merge', 'final'): 640.723, ('merge', 'compact'): 640.956, ('merge', 'pack'): 641.025, ('merge', 'd2h'): 641.286, ('mrg2', 'start'): 641.511, ('mrg2', 'h2d'): 641.624, ('mrg2', 'count'): 641.651, ('mrg2', 'scan'): 641.686, ('mrg2', 'merge'): 642.081, ('mrg2', 'final'): 642.117, ('mrg2', 'compact'): 642.344, ('mrg2', 'pack'): 642.412, ('mrg2', 'd2h'): 642.674, ('mrg3', 'start'): 642.901, ('mrg3', 'h2d'): 643.006, ('mrg3', 'count'): 643.241, ('mrg3', 'scan'): 643.291, ('mrg3', 'merge'): 643.694, ('mrg3', 'pack'): 643.759, ('mrg3', 'd2h'): 644.021, ('mrg6', 'start'): 644.254, ('mrg6', 'h2d'): 644.361, ('mrg6', 'mean_numk'): 644.371, ('mrg6', 'scan'): 644.426, ('mrg6', 'classify'): 644.437, ('mrg6', 'light'): 644.847, ('mrg6', 'compact'): 645.002, ('mrg6', 'pack'): 645.071, ('mrg6', 'd2h'): 645.334, ('mrg7', 'start'): 645.673, ('mrg7', 'h2d'): 645.78, ('mrg7', 'mean_numk'): 645.79, ('mrg7', 'scan'): 645.843, ('mrg7', 'classify'): 645.854, ('mrg7', 'light'): 646.253, ('mrg7', 'compact'): 646.4, ('mrg7', 'pack'): 646.466, ('mrg7', 'd2h'): 646.728}",86.15889807697386,0.3818079988472163
Highly sparse,bcsstk32,44609,2014701,0.10124314474587429,6819653,6819653,6819653,6819653,6819653,6819653,6819653,0.0,,0.2359999999998763,7.632000000000062,0.2999999999999545,3.548999999999978,8.167999999999893,13.176,,,,,21.652,41.166,9.269,10.483,8.792,9.407,,8.253999999999905,17.67100000000005,37.075000000000045,5.43100000000004,6.972999999999956,4.932000000000016,5.086999999999989,"{('cu', 'start'): 1047.957, ('cu', 'h2dmalloc'): 1048.027, ('cu', 'h2d'): 1049.182, ('cu', 'workest'): 1049.418, ('cu', 'compute'): 1057.05, ('cu', 'copy'): 1057.35, ('cu', 'pack'): 1057.436, ('cu', 'd2h'): 1060.985, ('gust', 'start'): 1061.14, ('gust', 'h2d'): 1062.162, ('gust', 'count'): 1062.258, ('gust', 'scan'): 1062.3, ('gust', 'expand'): 1063.69, ('gust', 'sort'): 1077.055, ('gust', 'reduce'): 1078.234, ('gust', 'final'): 1079.752, ('gust', 'pack'): 1079.833, ('gust', 'd2h'): 1082.297, ('merge', 'start'): 1082.799, ('merge', 'h2d'): 1083.942, ('merge', 'count'): 1084.171, ('merge', 'scan'): 1084.215, ('merge', 'expand'): 1089.265, ('merge', 'merge'): 1119.798, ('merge', 'final'): 1120.352, ('merge', 'compact'): 1120.943, ('merge', 'pack'): 1121.017, ('merge', 'd2h'): 1123.462, ('mrg2', 'start'): 1123.971, ('mrg2', 'h2d'): 1124.921, ('mrg2', 'count'): 1125.04, ('mrg2', 'scan'): 1125.083, ('mrg2', 'merge'): 1129.551, ('mrg2', 'final'): 1129.592, ('mrg2', 'compact'): 1130.281, ('mrg2', 'pack'): 1130.352, ('mrg2', 'd2h'): 1132.815, ('mrg3', 'start'): 1133.246, ('mrg3', 'h2d'): 1133.993, ('mrg3', 'count'): 1136.583, ('mrg3', 'scan'): 1136.638, ('mrg3', 'merge'): 1140.879, ('mrg3', 'pack'): 1140.966, ('mrg3', 'd2h'): 1143.406, ('mrg6', 'start'): 1143.735, ('mrg6', 'h2d'): 1144.487, ('mrg6', 'mean_numk'): 1144.513, ('mrg6', 'scan'): 1144.635, ('mrg6', 'classify'): 1144.668, ('mrg6', 'light'): 1149.1, ('mrg6', 'compact'): 1149.349, ('mrg6', 'pack'): 1149.419, ('mrg6', 'd2h'): 1151.864, ('mrg7', 'start'): 1152.532, ('mrg7', 'h2d'): 1153.754, ('mrg7', 'mean_numk'): 1153.781, ('mrg7', 'scan'): 1153.97, ('mrg7', 'classify'): 1154.005, ('mrg7', 'light'): 1158.456, ('mrg7', 'compact'): 1158.769, ('mrg7', 'pack'): 1158.841, ('mrg7', 'd2h'): 1161.28}",4421.696136938408,1.661088007944636
Extremely sparse,bcsstk31,35588,1181416,0.09328153508950845,4713580,4713580,4713580,4713580,4713580,4713580,4713580,0.0,,0.2579999999999245,4.488000000000056,0.2559999999999718,2.0049999999999955,5.001999999999953,8.299,,,,,11.526,22.326,5.831,6.345,5.256,6.674,,5.092999999999961,8.961000000000013,19.624000000000024,3.175999999999931,4.225999999999999,2.933999999999969,3.024000000000001,"{('cu', 'start'): 858.948, ('cu', 'h2dmalloc'): 859.018, ('cu', 'h2d'): 860.013, ('cu', 'workest'): 860.271, ('cu', 'compute'): 864.759, ('cu', 'copy'): 865.015, ('cu', 'pack'): 865.106, ('cu', 'd2h'): 867.111, ('gust', 'start'): 867.257, ('gust', 'h2d'): 868.047, ('gust', 'count'): 868.15, ('gust', 'scan'): 868.201, ('gust', 'expand'): 868.925, ('gust', 'sort'): 875.168, ('gust', 'reduce'): 875.865, ('gust', 'final'): 876.902, ('gust', 'pack'): 877.008, ('gust', 'd2h'): 878.402, ('merge', 'start'): 878.793, ('merge', 'h2d'): 879.712, ('merge', 'count'): 879.859, ('merge', 'scan'): 879.91, ('merge', 'expand'): 882.474, ('merge', 'merge'): 898.466, ('merge', 'final'): 898.801, ('merge', 'compact'): 899.244, ('merge', 'pack'): 899.336, ('merge', 'd2h'): 900.736, ('mrg2', 'start'): 901.128, ('mrg2', 'h2d'): 902.032, ('mrg2', 'count'): 902.199, ('mrg2', 'scan'): 902.249, ('mrg2', 'merge'): 904.609, ('mrg2', 'final'): 904.658, ('mrg2', 'compact'): 905.116, ('mrg2', 'pack'): 905.208, ('mrg2', 'd2h'): 906.61, ('mrg3', 'start'): 906.967, ('mrg3', 'h2d'): 907.401, ('mrg3', 'count'): 908.966, ('mrg3', 'scan'): 909.029, ('mrg3', 'merge'): 911.538, ('mrg3', 'pack'): 911.627, ('mrg3', 'd2h'): 913.021, ('mrg6', 'start'): 913.32, ('mrg6', 'h2d'): 913.759, ('mrg6', 'mean_numk'): 913.791, ('mrg6', 'scan'): 913.925, ('mrg6', 'classify'): 913.968, ('mrg6', 'light'): 916.33, ('mrg6', 'compact'): 916.603, ('mrg6', 'pack'): 916.693, ('mrg6', 'd2h'): 918.076, ('mrg7', 'start'): 918.584, ('mrg7', 'h2d'): 919.656, ('mrg7', 'mean_numk'): 919.69, ('mrg7', 'scan'): 919.89, ('mrg7', 'classify'): 919.933, ('mrg7', 'light'): 922.323, ('mrg7', 'compact'): 922.591, ('mrg7', 'pack'): 922.68, ('mrg7', 'd2h'): 924.063}",2317.912193015218,1.141593599296175
Extremely sparse,bcsstm08,1074,1074,0.0931098696461825,1074,1074,1074,1074,1074,1074,1074,0.0,,0.053999999999973625,0.1510000000000673,0.049999999999954525,0.022000000000048203,0.25499999999999545,0.418,,,,,0.355,0.31,0.274,0.238,0.288,0.27,,0.27099999999995816,0.21600000000000819,0.17200000000002547,0.13800000000003365,0.10400000000004184,0.1450000000000955,0.13199999999994816,"{('cu', 'start'): 594.538, ('cu', 'h2dmalloc'): 594.588, ('cu', 'h2d'): 594.601, ('cu', 'workest'): 594.655, ('cu', 'compute'): 594.806, ('cu', 'copy'): 594.856, ('cu', 'pack'): 594.872, ('cu', 'd2h'): 594.894, ('gust', 'start'): 594.963, ('gust', 'h2d'): 595.024, ('gust', 'count'): 595.044, ('gust', 'scan'): 595.076, ('gust', 'expand'): 595.097, ('gust', 'sort'): 595.14, ('gust', 'reduce'): 595.176, ('gust', 'final'): 595.223, ('gust', 'pack'): 595.24, ('gust', 'd2h'): 595.249, ('merge', 'start'): 595.324, ('merge', 'h2d'): 595.384, ('merge', 'count'): 595.406, ('merge', 'scan'): 595.442, ('merge', 'expand'): 595.464, ('merge', 'merge'): 595.483, ('merge', 'final'): 595.518, ('merge', 'compact'): 595.541, ('merge', 'pack'): 595.556, ('merge', 'd2h'): 595.565, ('mrg2', 'start'): 595.64, ('mrg2', 'h2d'): 595.699, ('mrg2', 'count'): 595.72, ('mrg2', 'scan'): 595.751, ('mrg2', 'merge'): 595.773, ('mrg2', 'final'): 595.8, ('mrg2', 'compact'): 595.822, ('mrg2', 'pack'): 595.837, ('mrg2', 'd2h'): 595.847, ('mrg3', 'start'): 595.92, ('mrg3', 'h2d'): 595.978, ('mrg3', 'count'): 596.001, ('mrg3', 'scan'): 596.045, ('mrg3', 'merge'): 596.067, ('mrg3', 'pack'): 596.082, ('mrg3', 'd2h'): 596.091, ('mrg6', 'start'): 596.165, ('mrg6', 'h2d'): 596.223, ('mrg6', 'mean_numk'): 596.228, ('mrg6', 'scan'): 596.272, ('mrg6', 'classify'): 596.281, ('mrg6', 'light'): 596.307, ('mrg6', 'compact'): 596.35, ('mrg6', 'pack'): 596.368, ('mrg6', 'd2h'): 596.377, ('mrg7', 'start'): 596.459, ('mrg7', 'h2d'): 596.519, ('mrg7', 'mean_numk'): 596.528, ('mrg7', 'scan'): 596.57, ('mrg7', 'classify'): 596.576, ('mrg7', 'light'): 596.595, ('mrg7', 'compact'): 596.635, ('mrg7', 'pack'): 596.651, ('mrg7', 'd2h'): 596.66}",0.1257159747183323,0.1358527999138459
Extremely sparse,bcsstm09,1083,1083,0.09233610341643582,1083,1083,1083,1083,1083,1083,1083,0.0,,0.051000000000044565,0.1490000000000009,0.04899999999997817,0.027000000000043656,0.24900000000002365,0.433,,,,,0.37,0.312,0.283,0.293,0.414,0.381,,0.26400000000001,0.22100000000000364,0.16499999999996362,0.13799999999991996,0.13199999999994816,0.19200000000000728,0.17700000000002092,"{('cu', 'start'): 567.793, ('cu', 'h2dmalloc'): 567.843, ('cu', 'h2d'): 567.858, ('cu', 'workest'): 567.909, ('cu', 'compute'): 568.058, ('cu', 'copy'): 568.107, ('cu', 'pack'): 568.122, ('cu', 'd2h'): 568.149, ('gust', 'start'): 568.235, ('gust', 'h2d'): 568.299, ('gust', 'count'): 568.319, ('gust', 'scan'): 568.352, ('gust', 'expand'): 568.374, ('gust', 'sort'): 568.42, ('gust', 'reduce'): 568.456, ('gust', 'final'): 568.504, ('gust', 'pack'): 568.52, ('gust', 'd2h'): 568.529, ('merge', 'start'): 568.61, ('merge', 'h2d'): 568.672, ('merge', 'count'): 568.691, ('merge', 'scan'): 568.723, ('merge', 'expand'): 568.745, ('merge', 'merge'): 568.763, ('merge', 'final'): 568.797, ('merge', 'compact'): 568.822, ('merge', 'pack'): 568.837, ('merge', 'd2h'): 568.846, ('mrg2', 'start'): 568.927, ('mrg2', 'h2d'): 568.989, ('mrg2', 'count'): 569.009, ('mrg2', 'scan'): 569.04, ('mrg2', 'merge'): 569.061, ('mrg2', 'final'): 569.091, ('mrg2', 'compact'): 569.113, ('mrg2', 'pack'): 569.127, ('mrg2', 'd2h'): 569.137, ('mrg3', 'start'): 569.216, ('mrg3', 'h2d'): 569.277, ('mrg3', 'count'): 569.304, ('mrg3', 'scan'): 569.355, ('mrg3', 'merge'): 569.385, ('mrg3', 'pack'): 569.409, ('mrg3', 'd2h'): 569.419, ('mrg6', 'start'): 569.517, ('mrg6', 'h2d'): 569.606, ('mrg6', 'mean_numk'): 569.613, ('mrg6', 'scan'): 569.673, ('mrg6', 'classify'): 569.681, ('mrg6', 'light'): 569.716, ('mrg6', 'compact'): 569.773, ('mrg6', 'pack'): 569.798, ('mrg6', 'd2h'): 569.809, ('mrg7', 'start'): 569.939, ('mrg7', 'h2d'): 570.024, ('mrg7', 'mean_numk'): 570.032, ('mrg7', 'scan'): 570.091, ('mrg7', 'classify'): 570.098, ('mrg7', 'light'): 570.125, ('mrg7', 'compact'): 570.179, ('mrg7', 'pack'): 570.201, ('mrg7', 'd2h'): 570.212}",0.1440049381926655,0.1425792002351954
Extremely sparse,bcspwr10,5300,21842,0.07775720897116412,60498,60498,60498,60498,60498,60498,60498,0.0,,0.05200000000002092,0.20500000000004093,0.053999999999973625,0.09999999999990905,0.31100000000003547,0.561,,,,,0.703,0.545,0.357,0.335,0.349,0.341,,0.3280000000000882,0.5320000000000391,0.36800000000005184,0.18600000000003547,0.16399999999998727,0.17799999999999727,0.17300000000000182,"{('cu', 'start'): 571.941, ('cu', 'h2dmalloc'): 571.991, ('cu', 'h2d'): 572.011, ('cu', 'workest'): 572.063, ('cu', 'compute'): 572.268, ('cu', 'copy'): 572.322, ('cu', 'pack'): 572.339, ('cu', 'd2h'): 572.439, ('gust', 'start'): 572.509, ('gust', 'h2d'): 572.578, ('gust', 'count'): 572.6, ('gust', 'scan'): 572.633, ('gust', 'expand'): 572.662, ('gust', 'sort'): 572.892, ('gust', 'reduce'): 572.985, ('gust', 'final'): 573.091, ('gust', 'pack'): 573.11, ('gust', 'd2h'): 573.137, ('merge', 'start'): 573.218, ('merge', 'h2d'): 573.285, ('merge', 'count'): 573.309, ('merge', 'scan'): 573.341, ('merge', 'expand'): 573.376, ('merge', 'merge'): 573.516, ('merge', 'final'): 573.553, ('merge', 'compact'): 573.634, ('merge', 'pack'): 573.653, ('merge', 'd2h'): 573.68, ('mrg2', 'start'): 573.768, ('mrg2', 'h2d'): 573.838, ('mrg2', 'count'): 573.861, ('mrg2', 'scan'): 573.894, ('mrg2', 'merge'): 573.95, ('mrg2', 'final'): 573.982, ('mrg2', 'compact'): 574.009, ('mrg2', 'pack'): 574.024, ('mrg2', 'd2h'): 574.051, ('mrg3', 'start'): 574.13, ('mrg3', 'h2d'): 574.196, ('mrg3', 'count'): 574.244, ('mrg3', 'scan'): 574.29, ('mrg3', 'merge'): 574.344, ('mrg3', 'pack'): 574.36, ('mrg3', 'd2h'): 574.386, ('mrg6', 'start'): 574.471, ('mrg6', 'h2d'): 574.537, ('mrg6', 'mean_numk'): 574.544, ('mrg6', 'scan'): 574.589, ('mrg6', 'classify'): 574.6, ('mrg6', 'light'): 574.652, ('mrg6', 'compact'): 574.699, ('mrg6', 'pack'): 574.715, ('mrg6', 'd2h'): 574.741, ('mrg7', 'start'): 574.825, ('mrg7', 'h2d'): 574.891, ('mrg7', 'mean_numk'): 574.898, ('mrg7', 'scan'): 574.943, ('mrg7', 'classify'): 574.95, ('mrg7', 'light'): 575.001, ('mrg7', 'compact'): 575.048, ('mrg7', 'pack'): 575.064, ('mrg7', 'd2h'): 575.09}",7.620195974595845,0.1887872003484517
Extremely sparse,bcsstm11,1473,1473,0.0678886625933469,1473,1473,1473,1473,1473,1473,1473,0.0,,0.04899999999997817,0.15200000000004366,0.04899999999997817,0.022000000000048203,0.25,0.421,,,,,0.366,0.304,0.287,0.252,0.284,0.28,,0.2659999999999627,0.21700000000009823,0.15800000000001546,0.1370000000000573,0.10799999999994725,0.13800000000003365,0.12999999999999545,"{('cu', 'start'): 578.353, ('cu', 'h2dmalloc'): 578.403, ('cu', 'h2d'): 578.418, ('cu', 'workest'): 578.467, ('cu', 'compute'): 578.619, ('cu', 'copy'): 578.668, ('cu', 'pack'): 578.684, ('cu', 'd2h'): 578.706, ('gust', 'start'): 578.783, ('gust', 'h2d'): 578.848, ('gust', 'count'): 578.868, ('gust', 'scan'): 578.9, ('gust', 'expand'): 578.921, ('gust', 'sort'): 578.963, ('gust', 'reduce'): 579.0, ('gust', 'final'): 579.049, ('gust', 'pack'): 579.065, ('gust', 'd2h'): 579.074, ('merge', 'start'): 579.154, ('merge', 'h2d'): 579.217, ('merge', 'count'): 579.235, ('merge', 'scan'): 579.267, ('merge', 'expand'): 579.285, ('merge', 'merge'): 579.305, ('merge', 'final'): 579.337, ('merge', 'compact'): 579.361, ('merge', 'pack'): 579.375, ('merge', 'd2h'): 579.385, ('mrg2', 'start'): 579.465, ('mrg2', 'h2d'): 579.531, ('mrg2', 'count'): 579.551, ('mrg2', 'scan'): 579.583, ('mrg2', 'merge'): 579.604, ('mrg2', 'final'): 579.633, ('mrg2', 'compact'): 579.654, ('mrg2', 'pack'): 579.668, ('mrg2', 'd2h'): 579.678, ('mrg3', 'start'): 579.756, ('mrg3', 'h2d'): 579.817, ('mrg3', 'count'): 579.843, ('mrg3', 'scan'): 579.887, ('mrg3', 'merge'): 579.911, ('mrg3', 'pack'): 579.925, ('mrg3', 'd2h'): 579.935, ('mrg6', 'start'): 580.014, ('mrg6', 'h2d'): 580.074, ('mrg6', 'mean_numk'): 580.08, ('mrg6', 'scan'): 580.123, ('mrg6', 'classify'): 580.128, ('mrg6', 'light'): 580.153, ('mrg6', 'compact'): 580.197, ('mrg6', 'pack'): 580.212, ('mrg6', 'd2h'): 580.222, ('mrg7', 'start'): 580.303, ('mrg7', 'h2d'): 580.364, ('mrg7', 'mean_numk'): 580.37, ('mrg7', 'scan'): 580.412, ('mrg7', 'classify'): 580.417, ('mrg7', 'light'): 580.437, ('mrg7', 'compact'): 580.479, ('mrg7', 'pack'): 580.494, ('mrg7', 'd2h'): 580.508}",0.233231927268207,0.1371712002204731
Extremely sparse,bcsstm26,1922,1922,0.052029136316337155,1922,1922,1922,1922,1922,1922,1922,0.0,,0.05200000000002092,0.16099999999994452,0.05200000000002092,0.024999999999977263,0.26499999999998636,0.44,,,,,0.373,0.309,0.293,0.256,0.288,0.287,,0.28099999999994907,0.22400000000004638,0.16300000000001091,0.14599999999995816,0.11000000000001364,0.13900000000001,0.13900000000001,"{('cu', 'start'): 575.202, ('cu', 'h2dmalloc'): 575.251, ('cu', 'h2d'): 575.268, ('cu', 'workest'): 575.32, ('cu', 'compute'): 575.481, ('cu', 'copy'): 575.533, ('cu', 'pack'): 575.549, ('cu', 'd2h'): 575.574, ('gust', 'start'): 575.648, ('gust', 'h2d'): 575.713, ('gust', 'count'): 575.732, ('gust', 'scan'): 575.765, ('gust', 'expand'): 575.788, ('gust', 'sort'): 575.832, ('gust', 'reduce'): 575.867, ('gust', 'final'): 575.921, ('gust', 'pack'): 575.937, ('gust', 'd2h'): 575.946, ('merge', 'start'): 576.026, ('merge', 'h2d'): 576.09, ('merge', 'count'): 576.109, ('merge', 'scan'): 576.142, ('merge', 'expand'): 576.161, ('merge', 'merge'): 576.18, ('merge', 'final'): 576.214, ('merge', 'compact'): 576.239, ('merge', 'pack'): 576.253, ('merge', 'd2h'): 576.263, ('mrg2', 'start'): 576.345, ('mrg2', 'h2d'): 576.408, ('mrg2', 'count'): 576.431, ('mrg2', 'scan'): 576.464, ('mrg2', 'merge'): 576.485, ('mrg2', 'final'): 576.515, ('mrg2', 'compact'): 576.538, ('mrg2', 'pack'): 576.554, ('mrg2', 'd2h'): 576.564, ('mrg3', 'start'): 576.643, ('mrg3', 'h2d'): 576.705, ('mrg3', 'count'): 576.731, ('mrg3', 'scan'): 576.776, ('mrg3', 'merge'): 576.801, ('mrg3', 'pack'): 576.815, ('mrg3', 'd2h'): 576.825, ('mrg6', 'start'): 576.904, ('mrg6', 'h2d'): 576.967, ('mrg6', 'mean_numk'): 576.973, ('mrg6', 'scan'): 577.015, ('mrg6', 'classify'): 577.021, ('mrg6', 'light'): 577.046, ('mrg6', 'compact'): 577.09, ('mrg6', 'pack'): 577.106, ('mrg6', 'd2h'): 577.116, ('mrg7', 'start'): 577.197, ('mrg7', 'h2d'): 577.26, ('mrg7', 'mean_numk'): 577.266, ('mrg7', 'scan'): 577.308, ('mrg7', 'classify'): 577.314, ('mrg7', 'light'): 577.334, ('mrg7', 'compact'): 577.383, ('mrg7', 'pack'): 577.399, ('mrg7', 'd2h'): 577.408}",0.5115119274705648,0.143676799791865
Extremely sparse,bcsstm23,3134,3134,0.031908104658583285,3134,3134,3134,3134,3134,3134,3134,0.0,,0.051000000000044565,0.15199999999992997,0.05299999999999727,0.02299999999991087,0.2559999999999718,0.427,,,,,0.445,0.312,0.287,0.266,0.289,0.281,,0.2720000000000482,0.2959999999999354,0.16700000000003,0.14400000000000546,0.11600000000009913,0.14400000000000546,0.1370000000000573,"{('cu', 'start'): 572.902, ('cu', 'h2dmalloc'): 572.952, ('cu', 'h2d'): 572.966, ('cu', 'workest'): 573.017, ('cu', 'compute'): 573.169, ('cu', 'copy'): 573.222, ('cu', 'pack'): 573.238, ('cu', 'd2h'): 573.261, ('gust', 'start'): 573.335, ('gust', 'h2d'): 573.397, ('gust', 'count'): 573.416, ('gust', 'scan'): 573.449, ('gust', 'expand'): 573.482, ('gust', 'sort'): 573.589, ('gust', 'reduce'): 573.625, ('gust', 'final'): 573.677, ('gust', 'pack'): 573.693, ('gust', 'd2h'): 573.703, ('merge', 'start'): 573.785, ('merge', 'h2d'): 573.847, ('merge', 'count'): 573.866, ('merge', 'scan'): 573.898, ('merge', 'expand'): 573.918, ('merge', 'merge'): 573.939, ('merge', 'final'): 573.974, ('merge', 'compact'): 573.999, ('merge', 'pack'): 574.014, ('merge', 'd2h'): 574.025, ('mrg2', 'start'): 574.102, ('mrg2', 'h2d'): 574.162, ('mrg2', 'count'): 574.184, ('mrg2', 'scan'): 574.215, ('mrg2', 'merge'): 574.239, ('mrg2', 'final'): 574.267, ('mrg2', 'compact'): 574.292, ('mrg2', 'pack'): 574.306, ('mrg2', 'd2h'): 574.317, ('mrg3', 'start'): 574.395, ('mrg3', 'h2d'): 574.459, ('mrg3', 'count'): 574.488, ('mrg3', 'scan'): 574.533, ('mrg3', 'merge'): 574.561, ('mrg3', 'pack'): 574.575, ('mrg3', 'd2h'): 574.585, ('mrg6', 'start'): 574.666, ('mrg6', 'h2d'): 574.725, ('mrg6', 'mean_numk'): 574.733, ('mrg6', 'scan'): 574.776, ('mrg6', 'classify'): 574.782, ('mrg6', 'light'): 574.809, ('mrg6', 'compact'): 574.853, ('mrg6', 'pack'): 574.869, ('mrg6', 'd2h'): 574.879, ('mrg7', 'start'): 574.959, ('mrg7', 'h2d'): 575.02, ('mrg7', 'mean_numk'): 575.027, ('mrg7', 'scan'): 575.069, ('mrg7', 'classify'): 575.075, ('mrg7', 'light'): 575.097, ('mrg7', 'compact'): 575.141, ('mrg7', 'pack'): 575.157, ('mrg7', 'd2h'): 575.167}",1.813841052353382,0.1382303999969735
Extremely sparse,bcsstm24,3562,3562,0.028074115665356544,3562,3562,3562,3562,3562,3562,3562,0.0,,0.051000000000044565,0.15800000000001546,0.05199999999990723,0.024999999999977263,0.26099999999996726,0.436,,,,,0.434,0.313,0.296,0.262,0.292,0.286,,0.27700000000004366,0.28700000000003456,0.16800000000000637,0.14599999999995816,0.1169999999999618,0.1449999999999818,0.13999999999998636,"{('cu', 'start'): 582.581, ('cu', 'h2dmalloc'): 582.631, ('cu', 'h2d'): 582.645, ('cu', 'workest'): 582.696, ('cu', 'compute'): 582.854, ('cu', 'copy'): 582.906, ('cu', 'pack'): 582.922, ('cu', 'd2h'): 582.947, ('gust', 'start'): 583.024, ('gust', 'h2d'): 583.087, ('gust', 'count'): 583.105, ('gust', 'scan'): 583.138, ('gust', 'expand'): 583.164, ('gust', 'sort'): 583.271, ('gust', 'reduce'): 583.309, ('gust', 'final'): 583.358, ('gust', 'pack'): 583.374, ('gust', 'd2h'): 583.384, ('merge', 'start'): 583.463, ('merge', 'h2d'): 583.525, ('merge', 'count'): 583.544, ('merge', 'scan'): 583.577, ('merge', 'expand'): 583.598, ('merge', 'merge'): 583.618, ('merge', 'final'): 583.653, ('merge', 'compact'): 583.679, ('merge', 'pack'): 583.693, ('merge', 'd2h'): 583.704, ('mrg2', 'start'): 583.781, ('mrg2', 'h2d'): 583.846, ('mrg2', 'count'): 583.869, ('mrg2', 'scan'): 583.901, ('mrg2', 'merge'): 583.923, ('mrg2', 'final'): 583.953, ('mrg2', 'compact'): 583.977, ('mrg2', 'pack'): 583.992, ('mrg2', 'd2h'): 584.003, ('mrg3', 'start'): 584.082, ('mrg3', 'h2d'): 584.142, ('mrg3', 'count'): 584.172, ('mrg3', 'scan'): 584.217, ('mrg3', 'merge'): 584.246, ('mrg3', 'pack'): 584.259, ('mrg3', 'd2h'): 584.27, ('mrg6', 'start'): 584.349, ('mrg6', 'h2d'): 584.41, ('mrg6', 'mean_numk'): 584.416, ('mrg6', 'scan'): 584.459, ('mrg6', 'classify'): 584.465, ('mrg6', 'light'): 584.493, ('mrg6', 'compact'): 584.539, ('mrg6', 'pack'): 584.555, ('mrg6', 'd2h'): 584.565, ('mrg7', 'start'): 584.647, ('mrg7', 'h2d'): 584.708, ('mrg7', 'mean_numk'): 584.714, ('mrg7', 'scan'): 584.756, ('mrg7', 'classify'): 584.762, ('mrg7', 'light'): 584.784, ('mrg7', 'compact'): 584.828, ('mrg7', 'pack'): 584.848, ('mrg7', 'd2h'): 584.858}",2.6174280792474747,0.1582559998147189
Extremely sparse,bcsstm21,3600,3600,0.027777777777777776,3600,3600,3600,3600,3600,3600,3600,0.0,,0.051000000000044565,0.15699999999992542,0.051000000000044565,0.023000000000024556,0.25900000000001455,0.436,,,,,0.448,0.329,0.287,0.261,0.29,0.328,,0.27499999999997726,0.29899999999997817,0.18399999999996908,0.14400000000000546,0.11800000000005184,0.1449999999999818,0.16199999999992087,"{('cu', 'start'): 578.306, ('cu', 'h2dmalloc'): 578.356, ('cu', 'h2d'): 578.37, ('cu', 'workest'): 578.421, ('cu', 'compute'): 578.578, ('cu', 'copy'): 578.629, ('cu', 'pack'): 578.645, ('cu', 'd2h'): 578.668, ('gust', 'start'): 578.748, ('gust', 'h2d'): 578.811, ('gust', 'count'): 578.83, ('gust', 'scan'): 578.866, ('gust', 'expand'): 578.89, ('gust', 'sort'): 578.999, ('gust', 'reduce'): 579.036, ('gust', 'final'): 579.094, ('gust', 'pack'): 579.11, ('gust', 'd2h'): 579.121, ('merge', 'start'): 579.201, ('merge', 'h2d'): 579.263, ('merge', 'count'): 579.289, ('merge', 'scan'): 579.321, ('merge', 'expand'): 579.342, ('merge', 'merge'): 579.364, ('merge', 'final'): 579.399, ('merge', 'compact'): 579.431, ('merge', 'pack'): 579.447, ('merge', 'd2h'): 579.457, ('mrg2', 'start'): 579.536, ('mrg2', 'h2d'): 579.596, ('mrg2', 'count'): 579.616, ('mrg2', 'scan'): 579.648, ('mrg2', 'merge'): 579.671, ('mrg2', 'final'): 579.701, ('mrg2', 'compact'): 579.725, ('mrg2', 'pack'): 579.74, ('mrg2', 'd2h'): 579.75, ('mrg3', 'start'): 579.828, ('mrg3', 'h2d'): 579.887, ('mrg3', 'count'): 579.918, ('mrg3', 'scan'): 579.962, ('mrg3', 'merge'): 579.992, ('mrg3', 'pack'): 580.005, ('mrg3', 'd2h'): 580.016, ('mrg6', 'start'): 580.094, ('mrg6', 'h2d'): 580.154, ('mrg6', 'mean_numk'): 580.16, ('mrg6', 'scan'): 580.204, ('mrg6', 'classify'): 580.209, ('mrg6', 'light'): 580.237, ('mrg6', 'compact'): 580.282, ('mrg6', 'pack'): 580.299, ('mrg6', 'd2h'): 580.308, ('mrg7', 'start'): 580.389, ('mrg7', 'h2d'): 580.46, ('mrg7', 'mean_numk'): 580.474, ('mrg7', 'scan'): 580.531, ('mrg7', 'classify'): 580.539, ('mrg7', 'light'): 580.562, ('mrg7', 'compact'): 580.606, ('mrg7', 'pack'): 580.622, ('mrg7', 'd2h'): 580.633}",2.7026310563087463,0.138127999799326
Extremely sparse,bcsstm25,15439,15439,0.006477103439341926,15439,15439,15439,15439,15439,15439,15439,0.0,,0.051000000000044565,0.14800000000002456,0.053999999999973625,0.028999999999996362,0.25300000000004275,0.431,,,,,0.482,0.366,0.316,0.344,0.334,0.321,,0.26900000000000546,0.3289999999999509,0.21699999999998454,0.16700000000003,0.19400000000007367,0.18200000000001637,0.17099999999993543,"{('cu', 'start'): 587.493, ('cu', 'h2dmalloc'): 587.544, ('cu', 'h2d'): 587.564, ('cu', 'workest'): 587.615, ('cu', 'compute'): 587.763, ('cu', 'copy'): 587.817, ('cu', 'pack'): 587.833, ('cu', 'd2h'): 587.862, ('gust', 'start'): 587.931, ('gust', 'h2d'): 587.999, ('gust', 'count'): 588.018, ('gust', 'scan'): 588.051, ('gust', 'expand'): 588.095, ('gust', 'sort'): 588.216, ('gust', 'reduce'): 588.254, ('gust', 'final'): 588.312, ('gust', 'pack'): 588.328, ('gust', 'd2h'): 588.343, ('merge', 'start'): 588.419, ('merge', 'h2d'): 588.486, ('merge', 'count'): 588.526, ('merge', 'scan'): 588.558, ('merge', 'expand'): 588.588, ('merge', 'merge'): 588.617, ('merge', 'final'): 588.651, ('merge', 'compact'): 588.688, ('merge', 'pack'): 588.703, ('merge', 'd2h'): 588.718, ('mrg2', 'start'): 588.792, ('mrg2', 'h2d'): 588.857, ('mrg2', 'count'): 588.884, ('mrg2', 'scan'): 588.914, ('mrg2', 'merge'): 588.946, ('mrg2', 'final'): 588.974, ('mrg2', 'compact'): 589.009, ('mrg2', 'pack'): 589.024, ('mrg2', 'd2h'): 589.04, ('mrg3', 'start'): 589.114, ('mrg3', 'h2d'): 589.179, ('mrg3', 'count'): 589.246, ('mrg3', 'scan'): 589.296, ('mrg3', 'merge'): 589.358, ('mrg3', 'pack'): 589.373, ('mrg3', 'd2h'): 589.388, ('mrg6', 'start'): 589.464, ('mrg6', 'h2d'): 589.529, ('mrg6', 'mean_numk'): 589.548, ('mrg6', 'scan'): 589.591, ('mrg6', 'classify'): 589.609, ('mrg6', 'light'): 589.64, ('mrg6', 'compact'): 589.695, ('mrg6', 'pack'): 589.711, ('mrg6', 'd2h'): 589.726, ('mrg7', 'start'): 589.803, ('mrg7', 'h2d'): 589.868, ('mrg7', 'mean_numk'): 589.88, ('mrg7', 'scan'): 589.923, ('mrg7', 'classify'): 589.937, ('mrg7', 'light'): 589.967, ('mrg7', 'compact'): 590.022, ('mrg7', 'pack'): 590.039, ('mrg7', 'd2h'): 590.054}",177.64784791506827,0.1479616000317037
